case_id,variant,phase,layer,event,device,step,start_s,end_s,duration_s,energy_J
Fugue-asplos-EPIC-shared-readers-B1,F1,prefill_common,0,qkv,GPU,0,0.0,8.529762461538462e-05,8.529762461538462e-05,0.01168565075968
Fugue-asplos-EPIC-shared-readers-B1,F1,prefill_attention,0,attention_service,GPU,0,8.529762461538462e-05,0.0011315095940589712,0.0010462119694435866,0.02610479285376
Fugue-asplos-EPIC-shared-readers-B1,F1,prefill_common,0,proj,GPU,0,0.0011315095940589712,0.0011599421355974328,2.843254153846154e-05,0.00408576589824
Fugue-asplos-EPIC-shared-readers-B1,F1,prefill_common,0,comm_g2g,GPU,0,0.0011599421355974328,0.0011599421355974328,0.0,1.60169984e-05
Fugue-asplos-EPIC-shared-readers-B1,F1,prefill_common,0,norm1,GPU,0,0.0011599421355974328,0.0011702415140413468,1.0299378443914082e-05,0.00015062523904
Fugue-asplos-EPIC-shared-readers-B1,F1,prefill_common,0,ff1,GPU,0,0.0011702415140413468,0.001239562758173215,6.932124413186813e-05,0.010636269977600001
Fugue-asplos-EPIC-shared-readers-B1,F1,prefill_common,0,ff2,GPU,0,0.001239562758173215,0.0013088840023050832,6.932124413186813e-05,0.010636269977600001
Fugue-asplos-EPIC-shared-readers-B1,F1,prefill_common,0,glu,GPU,0,0.0013088840023050832,0.0013197288892457992,1.0844886940715989e-05,0.00040298151935999995
Fugue-asplos-EPIC-shared-readers-B1,F1,prefill_common,0,ff3,GPU,0,0.0013197288892457992,0.00139554900001503,7.582011076923077e-05,0.010812210544639999
Fugue-asplos-EPIC-shared-readers-B1,F1,prefill_common,0,comm_g2g,GPU,0,0.00139554900001503,0.00139554900001503,0.0,1.60169984e-05
Fugue-asplos-EPIC-shared-readers-B1,F1,prefill_common,0,norm2,GPU,0,0.00139554900001503,0.001405848378458944,1.0299378443914082e-05,0.00015062523904
Fugue-asplos-EPIC-shared-readers-B1,F1,prefill_common,1,qkv,GPU,0,0.001405848378458944,0.0014911460030743286,8.529762461538462e-05,0.01168565075968
Fugue-asplos-EPIC-shared-readers-B1,F1,prefill_attention,1,attention_service,GPU,0,0.0014911460030743286,0.0025373579725179152,0.0010462119694435866,0.02610479285376
Fugue-asplos-EPIC-shared-readers-B1,F1,prefill_common,1,proj,GPU,0,0.0025373579725179152,0.002565790514056377,2.843254153846154e-05,0.00408576589824
Fugue-asplos-EPIC-shared-readers-B1,F1,prefill_common,1,comm_g2g,GPU,0,0.002565790514056377,0.002565790514056377,0.0,1.60169984e-05
Fugue-asplos-EPIC-shared-readers-B1,F1,prefill_common,1,norm1,GPU,0,0.002565790514056377,0.002576089892500291,1.0299378443914082e-05,0.00015062523904
Fugue-asplos-EPIC-shared-readers-B1,F1,prefill_common,1,ff1,GPU,0,0.002576089892500291,0.002645411136632159,6.932124413186813e-05,0.010636269977600001
Fugue-asplos-EPIC-shared-readers-B1,F1,prefill_common,1,ff2,GPU,0,0.002645411136632159,0.002714732380764027,6.932124413186813e-05,0.010636269977600001
Fugue-asplos-EPIC-shared-readers-B1,F1,prefill_common,1,glu,GPU,0,0.002714732380764027,0.002725577267704743,1.0844886940715989e-05,0.00040298151935999995
Fugue-asplos-EPIC-shared-readers-B1,F1,prefill_common,1,ff3,GPU,0,0.002725577267704743,0.002801397378473974,7.582011076923077e-05,0.010812210544639999
Fugue-asplos-EPIC-shared-readers-B1,F1,prefill_common,1,comm_g2g,GPU,0,0.002801397378473974,0.002801397378473974,0.0,1.60169984e-05
Fugue-asplos-EPIC-shared-readers-B1,F1,prefill_common,1,norm2,GPU,0,0.002801397378473974,0.0028116967569178884,1.0299378443914082e-05,0.00015062523904
Fugue-asplos-EPIC-shared-readers-B1,F1,prefill_common,2,qkv,GPU,0,0.0028116967569178884,0.0028969943815332732,8.529762461538462e-05,0.01168565075968
Fugue-asplos-EPIC-shared-readers-B1,F1,prefill_attention,2,attention_service,GPU,0,0.0028969943815332732,0.00394320635097686,0.0010462119694435866,0.02610479285376
Fugue-asplos-EPIC-shared-readers-B1,F1,prefill_common,2,proj,GPU,0,0.00394320635097686,0.003971638892515322,2.843254153846154e-05,0.00408576589824
Fugue-asplos-EPIC-shared-readers-B1,F1,prefill_common,2,comm_g2g,GPU,0,0.003971638892515322,0.003971638892515322,0.0,1.60169984e-05
Fugue-asplos-EPIC-shared-readers-B1,F1,prefill_common,2,norm1,GPU,0,0.003971638892515322,0.003981938270959236,1.0299378443914082e-05,0.00015062523904
Fugue-asplos-EPIC-shared-readers-B1,F1,prefill_common,2,ff1,GPU,0,0.003981938270959236,0.004051259515091104,6.932124413186813e-05,0.010636269977600001
Fugue-asplos-EPIC-shared-readers-B1,F1,prefill_common,2,ff2,GPU,0,0.004051259515091104,0.004120580759222972,6.932124413186813e-05,0.010636269977600001
Fugue-asplos-EPIC-shared-readers-B1,F1,prefill_common,2,glu,GPU,0,0.004120580759222972,0.004131425646163688,1.0844886940715989e-05,0.00040298151935999995
Fugue-asplos-EPIC-shared-readers-B1,F1,prefill_common,2,ff3,GPU,0,0.004131425646163688,0.004207245756932918,7.582011076923077e-05,0.010812210544639999
Fugue-asplos-EPIC-shared-readers-B1,F1,prefill_common,2,comm_g2g,GPU,0,0.004207245756932918,0.004207245756932918,0.0,1.60169984e-05
Fugue-asplos-EPIC-shared-readers-B1,F1,prefill_common,2,norm2,GPU,0,0.004207245756932918,0.004217545135376833,1.0299378443914082e-05,0.00015062523904
Fugue-asplos-EPIC-shared-readers-B1,F1,prefill_common,3,qkv,GPU,0,0.004217545135376833,0.004302842759992217,8.529762461538462e-05,0.01168565075968
Fugue-asplos-EPIC-shared-readers-B1,F1,prefill_attention,3,attention_service,GPU,0,0.004302842759992217,0.005349054729435804,0.0010462119694435866,0.02610479285376
Fugue-asplos-EPIC-shared-readers-B1,F1,prefill_common,3,proj,GPU,0,0.005349054729435804,0.005377487270974266,2.843254153846154e-05,0.00408576589824
Fugue-asplos-EPIC-shared-readers-B1,F1,prefill_common,3,comm_g2g,GPU,0,0.005377487270974266,0.005377487270974266,0.0,1.60169984e-05
Fugue-asplos-EPIC-shared-readers-B1,F1,prefill_common,3,norm1,GPU,0,0.005377487270974266,0.00538778664941818,1.0299378443914082e-05,0.00015062523904
Fugue-asplos-EPIC-shared-readers-B1,F1,prefill_common,3,ff1,GPU,0,0.00538778664941818,0.005457107893550048,6.932124413186813e-05,0.010636269977600001
Fugue-asplos-EPIC-shared-readers-B1,F1,prefill_common,3,ff2,GPU,0,0.005457107893550048,0.0055264291376819165,6.932124413186813e-05,0.010636269977600001
Fugue-asplos-EPIC-shared-readers-B1,F1,prefill_common,3,glu,GPU,0,0.0055264291376819165,0.005537274024622632,1.0844886940715989e-05,0.00040298151935999995
Fugue-asplos-EPIC-shared-readers-B1,F1,prefill_common,3,ff3,GPU,0,0.005537274024622632,0.0056130941353918625,7.582011076923077e-05,0.010812210544639999
Fugue-asplos-EPIC-shared-readers-B1,F1,prefill_common,3,comm_g2g,GPU,0,0.0056130941353918625,0.0056130941353918625,0.0,1.60169984e-05
Fugue-asplos-EPIC-shared-readers-B1,F1,prefill_common,3,norm2,GPU,0,0.0056130941353918625,0.005623393513835777,1.0299378443914082e-05,0.00015062523904
Fugue-asplos-EPIC-shared-readers-B1,F1,prefill_common,4,qkv,GPU,0,0.005623393513835777,0.005708691138451161,8.529762461538462e-05,0.01168565075968
Fugue-asplos-EPIC-shared-readers-B1,F1,prefill_attention,4,attention_service,GPU,0,0.005708691138451161,0.006754903107894748,0.0010462119694435866,0.02610479285376
Fugue-asplos-EPIC-shared-readers-B1,F1,prefill_common,4,proj,GPU,0,0.006754903107894748,0.00678333564943321,2.843254153846154e-05,0.00408576589824
Fugue-asplos-EPIC-shared-readers-B1,F1,prefill_common,4,comm_g2g,GPU,0,0.00678333564943321,0.00678333564943321,0.0,1.60169984e-05
Fugue-asplos-EPIC-shared-readers-B1,F1,prefill_common,4,norm1,GPU,0,0.00678333564943321,0.006793635027877124,1.0299378443914082e-05,0.00015062523904
Fugue-asplos-EPIC-shared-readers-B1,F1,prefill_common,4,ff1,GPU,0,0.006793635027877124,0.0068629562720089925,6.932124413186813e-05,0.010636269977600001
Fugue-asplos-EPIC-shared-readers-B1,F1,prefill_common,4,ff2,GPU,0,0.0068629562720089925,0.006932277516140861,6.932124413186813e-05,0.010636269977600001
Fugue-asplos-EPIC-shared-readers-B1,F1,prefill_common,4,glu,GPU,0,0.006932277516140861,0.006943122403081576,1.0844886940715989e-05,0.00040298151935999995
Fugue-asplos-EPIC-shared-readers-B1,F1,prefill_common,4,ff3,GPU,0,0.006943122403081576,0.007018942513850807,7.582011076923077e-05,0.010812210544639999
Fugue-asplos-EPIC-shared-readers-B1,F1,prefill_common,4,comm_g2g,GPU,0,0.007018942513850807,0.007018942513850807,0.0,1.60169984e-05
Fugue-asplos-EPIC-shared-readers-B1,F1,prefill_common,4,norm2,GPU,0,0.007018942513850807,0.007029241892294721,1.0299378443914082e-05,0.00015062523904
Fugue-asplos-EPIC-shared-readers-B1,F1,prefill_common,5,qkv,GPU,0,0.007029241892294721,0.0071145395169101055,8.529762461538462e-05,0.01168565075968
Fugue-asplos-EPIC-shared-readers-B1,F1,prefill_attention,5,attention_service,GPU,0,0.0071145395169101055,0.008160751486353693,0.0010462119694435866,0.02610479285376
Fugue-asplos-EPIC-shared-readers-B1,F1,prefill_common,5,proj,GPU,0,0.008160751486353693,0.008189184027892154,2.843254153846154e-05,0.00408576589824
Fugue-asplos-EPIC-shared-readers-B1,F1,prefill_common,5,comm_g2g,GPU,0,0.008189184027892154,0.008189184027892154,0.0,1.60169984e-05
Fugue-asplos-EPIC-shared-readers-B1,F1,prefill_common,5,norm1,GPU,0,0.008189184027892154,0.008199483406336068,1.0299378443914082e-05,0.00015062523904
Fugue-asplos-EPIC-shared-readers-B1,F1,prefill_common,5,ff1,GPU,0,0.008199483406336068,0.008268804650467936,6.932124413186813e-05,0.010636269977600001
Fugue-asplos-EPIC-shared-readers-B1,F1,prefill_common,5,ff2,GPU,0,0.008268804650467936,0.008338125894599804,6.932124413186813e-05,0.010636269977600001
Fugue-asplos-EPIC-shared-readers-B1,F1,prefill_common,5,glu,GPU,0,0.008338125894599804,0.00834897078154052,1.0844886940715989e-05,0.00040298151935999995
Fugue-asplos-EPIC-shared-readers-B1,F1,prefill_common,5,ff3,GPU,0,0.00834897078154052,0.008424790892309752,7.582011076923077e-05,0.010812210544639999
Fugue-asplos-EPIC-shared-readers-B1,F1,prefill_common,5,comm_g2g,GPU,0,0.008424790892309752,0.008424790892309752,0.0,1.60169984e-05
Fugue-asplos-EPIC-shared-readers-B1,F1,prefill_common,5,norm2,GPU,0,0.008424790892309752,0.008435090270753665,1.0299378443914082e-05,0.00015062523904
Fugue-asplos-EPIC-shared-readers-B1,F1,prefill_common,6,qkv,GPU,0,0.008435090270753665,0.00852038789536905,8.529762461538462e-05,0.01168565075968
Fugue-asplos-EPIC-shared-readers-B1,F1,prefill_attention,6,attention_service,GPU,0,0.00852038789536905,0.009566599864812637,0.0010462119694435866,0.02610479285376
Fugue-asplos-EPIC-shared-readers-B1,F1,prefill_common,6,proj,GPU,0,0.009566599864812637,0.009595032406351098,2.843254153846154e-05,0.00408576589824
Fugue-asplos-EPIC-shared-readers-B1,F1,prefill_common,6,comm_g2g,GPU,0,0.009595032406351098,0.009595032406351098,0.0,1.60169984e-05
Fugue-asplos-EPIC-shared-readers-B1,F1,prefill_common,6,norm1,GPU,0,0.009595032406351098,0.009605331784795012,1.0299378443914082e-05,0.00015062523904
Fugue-asplos-EPIC-shared-readers-B1,F1,prefill_common,6,ff1,GPU,0,0.009605331784795012,0.00967465302892688,6.932124413186813e-05,0.010636269977600001
Fugue-asplos-EPIC-shared-readers-B1,F1,prefill_common,6,ff2,GPU,0,0.00967465302892688,0.009743974273058748,6.932124413186813e-05,0.010636269977600001
Fugue-asplos-EPIC-shared-readers-B1,F1,prefill_common,6,glu,GPU,0,0.009743974273058748,0.009754819159999465,1.0844886940715989e-05,0.00040298151935999995
Fugue-asplos-EPIC-shared-readers-B1,F1,prefill_common,6,ff3,GPU,0,0.009754819159999465,0.009830639270768696,7.582011076923077e-05,0.010812210544639999
Fugue-asplos-EPIC-shared-readers-B1,F1,prefill_common,6,comm_g2g,GPU,0,0.009830639270768696,0.009830639270768696,0.0,1.60169984e-05
Fugue-asplos-EPIC-shared-readers-B1,F1,prefill_common,6,norm2,GPU,0,0.009830639270768696,0.00984093864921261,1.0299378443914082e-05,0.00015062523904
Fugue-asplos-EPIC-shared-readers-B1,F1,prefill_common,7,qkv,GPU,0,0.00984093864921261,0.009926236273827995,8.529762461538462e-05,0.01168565075968
Fugue-asplos-EPIC-shared-readers-B1,F1,prefill_attention,7,attention_service,GPU,0,0.009926236273827995,0.010972448243271581,0.0010462119694435866,0.02610479285376
Fugue-asplos-EPIC-shared-readers-B1,F1,prefill_common,7,proj,GPU,0,0.010972448243271581,0.011000880784810043,2.843254153846154e-05,0.00408576589824
Fugue-asplos-EPIC-shared-readers-B1,F1,prefill_common,7,comm_g2g,GPU,0,0.011000880784810043,0.011000880784810043,0.0,1.60169984e-05
Fugue-asplos-EPIC-shared-readers-B1,F1,prefill_common,7,norm1,GPU,0,0.011000880784810043,0.011011180163253956,1.0299378443914082e-05,0.00015062523904
Fugue-asplos-EPIC-shared-readers-B1,F1,prefill_common,7,ff1,GPU,0,0.011011180163253956,0.011080501407385824,6.932124413186813e-05,0.010636269977600001
Fugue-asplos-EPIC-shared-readers-B1,F1,prefill_common,7,ff2,GPU,0,0.011080501407385824,0.011149822651517692,6.932124413186813e-05,0.010636269977600001
Fugue-asplos-EPIC-shared-readers-B1,F1,prefill_common,7,glu,GPU,0,0.011149822651517692,0.011160667538458409,1.0844886940715989e-05,0.00040298151935999995
Fugue-asplos-EPIC-shared-readers-B1,F1,prefill_common,7,ff3,GPU,0,0.011160667538458409,0.01123648764922764,7.582011076923077e-05,0.010812210544639999
Fugue-asplos-EPIC-shared-readers-B1,F1,prefill_common,7,comm_g2g,GPU,0,0.01123648764922764,0.01123648764922764,0.0,1.60169984e-05
Fugue-asplos-EPIC-shared-readers-B1,F1,prefill_common,7,norm2,GPU,0,0.01123648764922764,0.011246787027671554,1.0299378443914082e-05,0.00015062523904
Fugue-asplos-EPIC-shared-readers-B1,F1,prefill_common,8,qkv,GPU,0,0.011246787027671554,0.011332084652286939,8.529762461538462e-05,0.01168565075968
Fugue-asplos-EPIC-shared-readers-B1,F1,prefill_attention,8,attention_service,GPU,0,0.011332084652286939,0.012378296621730525,0.0010462119694435866,0.02610479285376
Fugue-asplos-EPIC-shared-readers-B1,F1,prefill_common,8,proj,GPU,0,0.012378296621730525,0.012406729163268987,2.843254153846154e-05,0.00408576589824
Fugue-asplos-EPIC-shared-readers-B1,F1,prefill_common,8,comm_g2g,GPU,0,0.012406729163268987,0.012406729163268987,0.0,1.60169984e-05
Fugue-asplos-EPIC-shared-readers-B1,F1,prefill_common,8,norm1,GPU,0,0.012406729163268987,0.0124170285417129,1.0299378443914082e-05,0.00015062523904
Fugue-asplos-EPIC-shared-readers-B1,F1,prefill_common,8,ff1,GPU,0,0.0124170285417129,0.012486349785844768,6.932124413186813e-05,0.010636269977600001
Fugue-asplos-EPIC-shared-readers-B1,F1,prefill_common,8,ff2,GPU,0,0.012486349785844768,0.012555671029976637,6.932124413186813e-05,0.010636269977600001
Fugue-asplos-EPIC-shared-readers-B1,F1,prefill_common,8,glu,GPU,0,0.012555671029976637,0.012566515916917353,1.0844886940715989e-05,0.00040298151935999995
Fugue-asplos-EPIC-shared-readers-B1,F1,prefill_common,8,ff3,GPU,0,0.012566515916917353,0.012642336027686584,7.582011076923077e-05,0.010812210544639999
Fugue-asplos-EPIC-shared-readers-B1,F1,prefill_common,8,comm_g2g,GPU,0,0.012642336027686584,0.012642336027686584,0.0,1.60169984e-05
Fugue-asplos-EPIC-shared-readers-B1,F1,prefill_common,8,norm2,GPU,0,0.012642336027686584,0.012652635406130498,1.0299378443914082e-05,0.00015062523904
Fugue-asplos-EPIC-shared-readers-B1,F1,prefill_common,9,qkv,GPU,0,0.012652635406130498,0.012737933030745883,8.529762461538462e-05,0.01168565075968
Fugue-asplos-EPIC-shared-readers-B1,F1,prefill_attention,9,attention_service,GPU,0,0.012737933030745883,0.01378414500018947,0.0010462119694435866,0.02610479285376
Fugue-asplos-EPIC-shared-readers-B1,F1,prefill_common,9,proj,GPU,0,0.01378414500018947,0.013812577541727931,2.843254153846154e-05,0.00408576589824
Fugue-asplos-EPIC-shared-readers-B1,F1,prefill_common,9,comm_g2g,GPU,0,0.013812577541727931,0.013812577541727931,0.0,1.60169984e-05
Fugue-asplos-EPIC-shared-readers-B1,F1,prefill_common,9,norm1,GPU,0,0.013812577541727931,0.013822876920171845,1.0299378443914082e-05,0.00015062523904
Fugue-asplos-EPIC-shared-readers-B1,F1,prefill_common,9,ff1,GPU,0,0.013822876920171845,0.013892198164303713,6.932124413186813e-05,0.010636269977600001
Fugue-asplos-EPIC-shared-readers-B1,F1,prefill_common,9,ff2,GPU,0,0.013892198164303713,0.01396151940843558,6.932124413186813e-05,0.010636269977600001
Fugue-asplos-EPIC-shared-readers-B1,F1,prefill_common,9,glu,GPU,0,0.01396151940843558,0.013972364295376297,1.0844886940715989e-05,0.00040298151935999995
Fugue-asplos-EPIC-shared-readers-B1,F1,prefill_common,9,ff3,GPU,0,0.013972364295376297,0.014048184406145529,7.582011076923077e-05,0.010812210544639999
Fugue-asplos-EPIC-shared-readers-B1,F1,prefill_common,9,comm_g2g,GPU,0,0.014048184406145529,0.014048184406145529,0.0,1.60169984e-05
Fugue-asplos-EPIC-shared-readers-B1,F1,prefill_common,9,norm2,GPU,0,0.014048184406145529,0.014058483784589442,1.0299378443914082e-05,0.00015062523904
Fugue-asplos-EPIC-shared-readers-B1,F1,prefill_common,10,qkv,GPU,0,0.014058483784589442,0.014143781409204827,8.529762461538462e-05,0.01168565075968
Fugue-asplos-EPIC-shared-readers-B1,F1,prefill_attention,10,attention_service,GPU,0,0.014143781409204827,0.015189993378648414,0.0010462119694435866,0.02610479285376
Fugue-asplos-EPIC-shared-readers-B1,F1,prefill_common,10,proj,GPU,0,0.015189993378648414,0.015218425920186875,2.843254153846154e-05,0.00408576589824
Fugue-asplos-EPIC-shared-readers-B1,F1,prefill_common,10,comm_g2g,GPU,0,0.015218425920186875,0.015218425920186875,0.0,1.60169984e-05
Fugue-asplos-EPIC-shared-readers-B1,F1,prefill_common,10,norm1,GPU,0,0.015218425920186875,0.015228725298630789,1.0299378443914082e-05,0.00015062523904
Fugue-asplos-EPIC-shared-readers-B1,F1,prefill_common,10,ff1,GPU,0,0.015228725298630789,0.015298046542762657,6.932124413186813e-05,0.010636269977600001
Fugue-asplos-EPIC-shared-readers-B1,F1,prefill_common,10,ff2,GPU,0,0.015298046542762657,0.015367367786894525,6.932124413186813e-05,0.010636269977600001
Fugue-asplos-EPIC-shared-readers-B1,F1,prefill_common,10,glu,GPU,0,0.015367367786894525,0.015378212673835242,1.0844886940715989e-05,0.00040298151935999995
Fugue-asplos-EPIC-shared-readers-B1,F1,prefill_common,10,ff3,GPU,0,0.015378212673835242,0.015454032784604473,7.582011076923077e-05,0.010812210544639999
Fugue-asplos-EPIC-shared-readers-B1,F1,prefill_common,10,comm_g2g,GPU,0,0.015454032784604473,0.015454032784604473,0.0,1.60169984e-05
Fugue-asplos-EPIC-shared-readers-B1,F1,prefill_common,10,norm2,GPU,0,0.015454032784604473,0.015464332163048386,1.0299378443914082e-05,0.00015062523904
Fugue-asplos-EPIC-shared-readers-B1,F1,prefill_common,11,qkv,GPU,0,0.015464332163048386,0.015549629787663772,8.529762461538462e-05,0.01168565075968
Fugue-asplos-EPIC-shared-readers-B1,F1,prefill_attention,11,attention_service,GPU,0,0.015549629787663772,0.01659584175710736,0.0010462119694435866,0.02610479285376
Fugue-asplos-EPIC-shared-readers-B1,F1,prefill_common,11,proj,GPU,0,0.01659584175710736,0.01662427429864582,2.843254153846154e-05,0.00408576589824
Fugue-asplos-EPIC-shared-readers-B1,F1,prefill_common,11,comm_g2g,GPU,0,0.01662427429864582,0.01662427429864582,0.0,1.60169984e-05
Fugue-asplos-EPIC-shared-readers-B1,F1,prefill_common,11,norm1,GPU,0,0.01662427429864582,0.016634573677089735,1.0299378443914082e-05,0.00015062523904
Fugue-asplos-EPIC-shared-readers-B1,F1,prefill_common,11,ff1,GPU,0,0.016634573677089735,0.016703894921221603,6.932124413186813e-05,0.010636269977600001
Fugue-asplos-EPIC-shared-readers-B1,F1,prefill_common,11,ff2,GPU,0,0.016703894921221603,0.01677321616535347,6.932124413186813e-05,0.010636269977600001
Fugue-asplos-EPIC-shared-readers-B1,F1,prefill_common,11,glu,GPU,0,0.01677321616535347,0.016784061052294186,1.0844886940715989e-05,0.00040298151935999995
Fugue-asplos-EPIC-shared-readers-B1,F1,prefill_common,11,ff3,GPU,0,0.016784061052294186,0.016859881163063417,7.582011076923077e-05,0.010812210544639999
Fugue-asplos-EPIC-shared-readers-B1,F1,prefill_common,11,comm_g2g,GPU,0,0.016859881163063417,0.016859881163063417,0.0,1.60169984e-05
Fugue-asplos-EPIC-shared-readers-B1,F1,prefill_common,11,norm2,GPU,0,0.016859881163063417,0.01687018054150733,1.0299378443914082e-05,0.00015062523904
Fugue-asplos-EPIC-shared-readers-B1,F1,prefill_common,12,qkv,GPU,0,0.01687018054150733,0.016955478166122716,8.529762461538462e-05,0.01168565075968
Fugue-asplos-EPIC-shared-readers-B1,F1,prefill_attention,12,attention_service,GPU,0,0.016955478166122716,0.018001690135566302,0.0010462119694435866,0.02610479285376
Fugue-asplos-EPIC-shared-readers-B1,F1,prefill_common,12,proj,GPU,0,0.018001690135566302,0.018030122677104764,2.843254153846154e-05,0.00408576589824
Fugue-asplos-EPIC-shared-readers-B1,F1,prefill_common,12,comm_g2g,GPU,0,0.018030122677104764,0.018030122677104764,0.0,1.60169984e-05
Fugue-asplos-EPIC-shared-readers-B1,F1,prefill_common,12,norm1,GPU,0,0.018030122677104764,0.018040422055548677,1.0299378443914082e-05,0.00015062523904
Fugue-asplos-EPIC-shared-readers-B1,F1,prefill_common,12,ff1,GPU,0,0.018040422055548677,0.018109743299680545,6.932124413186813e-05,0.010636269977600001
Fugue-asplos-EPIC-shared-readers-B1,F1,prefill_common,12,ff2,GPU,0,0.018109743299680545,0.018179064543812413,6.932124413186813e-05,0.010636269977600001
Fugue-asplos-EPIC-shared-readers-B1,F1,prefill_common,12,glu,GPU,0,0.018179064543812413,0.018189909430753128,1.0844886940715989e-05,0.00040298151935999995
Fugue-asplos-EPIC-shared-readers-B1,F1,prefill_common,12,ff3,GPU,0,0.018189909430753128,0.01826572954152236,7.582011076923077e-05,0.010812210544639999
Fugue-asplos-EPIC-shared-readers-B1,F1,prefill_common,12,comm_g2g,GPU,0,0.01826572954152236,0.01826572954152236,0.0,1.60169984e-05
Fugue-asplos-EPIC-shared-readers-B1,F1,prefill_common,12,norm2,GPU,0,0.01826572954152236,0.018276028919966273,1.0299378443914082e-05,0.00015062523904
Fugue-asplos-EPIC-shared-readers-B1,F1,prefill_common,13,qkv,GPU,0,0.018276028919966273,0.01836132654458166,8.529762461538462e-05,0.01168565075968
Fugue-asplos-EPIC-shared-readers-B1,F1,prefill_attention,13,attention_service,GPU,0,0.01836132654458166,0.019407538514025244,0.0010462119694435866,0.02610479285376
Fugue-asplos-EPIC-shared-readers-B1,F1,prefill_common,13,proj,GPU,0,0.019407538514025244,0.019435971055563706,2.843254153846154e-05,0.00408576589824
Fugue-asplos-EPIC-shared-readers-B1,F1,prefill_common,13,comm_g2g,GPU,0,0.019435971055563706,0.019435971055563706,0.0,1.60169984e-05
Fugue-asplos-EPIC-shared-readers-B1,F1,prefill_common,13,norm1,GPU,0,0.019435971055563706,0.01944627043400762,1.0299378443914082e-05,0.00015062523904
Fugue-asplos-EPIC-shared-readers-B1,F1,prefill_common,13,ff1,GPU,0,0.01944627043400762,0.019515591678139488,6.932124413186813e-05,0.010636269977600001
Fugue-asplos-EPIC-shared-readers-B1,F1,prefill_common,13,ff2,GPU,0,0.019515591678139488,0.019584912922271356,6.932124413186813e-05,0.010636269977600001
Fugue-asplos-EPIC-shared-readers-B1,F1,prefill_common,13,glu,GPU,0,0.019584912922271356,0.01959575780921207,1.0844886940715989e-05,0.00040298151935999995
Fugue-asplos-EPIC-shared-readers-B1,F1,prefill_common,13,ff3,GPU,0,0.01959575780921207,0.019671577919981302,7.582011076923077e-05,0.010812210544639999
Fugue-asplos-EPIC-shared-readers-B1,F1,prefill_common,13,comm_g2g,GPU,0,0.019671577919981302,0.019671577919981302,0.0,1.60169984e-05
Fugue-asplos-EPIC-shared-readers-B1,F1,prefill_common,13,norm2,GPU,0,0.019671577919981302,0.019681877298425215,1.0299378443914082e-05,0.00015062523904
Fugue-asplos-EPIC-shared-readers-B1,F1,prefill_common,14,qkv,GPU,0,0.019681877298425215,0.0197671749230406,8.529762461538462e-05,0.01168565075968
Fugue-asplos-EPIC-shared-readers-B1,F1,prefill_attention,14,attention_service,GPU,0,0.0197671749230406,0.020813386892484187,0.0010462119694435866,0.02610479285376
Fugue-asplos-EPIC-shared-readers-B1,F1,prefill_common,14,proj,GPU,0,0.020813386892484187,0.02084181943402265,2.843254153846154e-05,0.00408576589824
Fugue-asplos-EPIC-shared-readers-B1,F1,prefill_common,14,comm_g2g,GPU,0,0.02084181943402265,0.02084181943402265,0.0,1.60169984e-05
Fugue-asplos-EPIC-shared-readers-B1,F1,prefill_common,14,norm1,GPU,0,0.02084181943402265,0.020852118812466562,1.0299378443914082e-05,0.00015062523904
Fugue-asplos-EPIC-shared-readers-B1,F1,prefill_common,14,ff1,GPU,0,0.020852118812466562,0.02092144005659843,6.932124413186813e-05,0.010636269977600001
Fugue-asplos-EPIC-shared-readers-B1,F1,prefill_common,14,ff2,GPU,0,0.02092144005659843,0.0209907613007303,6.932124413186813e-05,0.010636269977600001
Fugue-asplos-EPIC-shared-readers-B1,F1,prefill_common,14,glu,GPU,0,0.0209907613007303,0.021001606187671013,1.0844886940715989e-05,0.00040298151935999995
Fugue-asplos-EPIC-shared-readers-B1,F1,prefill_common,14,ff3,GPU,0,0.021001606187671013,0.021077426298440245,7.582011076923077e-05,0.010812210544639999
Fugue-asplos-EPIC-shared-readers-B1,F1,prefill_common,14,comm_g2g,GPU,0,0.021077426298440245,0.021077426298440245,0.0,1.60169984e-05
Fugue-asplos-EPIC-shared-readers-B1,F1,prefill_common,14,norm2,GPU,0,0.021077426298440245,0.021087725676884158,1.0299378443914082e-05,0.00015062523904
Fugue-asplos-EPIC-shared-readers-B1,F1,prefill_common,15,qkv,GPU,0,0.021087725676884158,0.021173023301499543,8.529762461538462e-05,0.01168565075968
Fugue-asplos-EPIC-shared-readers-B1,F1,prefill_attention,15,attention_service,GPU,0,0.021173023301499543,0.02221923527094313,0.0010462119694435866,0.02610479285376
Fugue-asplos-EPIC-shared-readers-B1,F1,prefill_common,15,proj,GPU,0,0.02221923527094313,0.02224766781248159,2.843254153846154e-05,0.00408576589824
Fugue-asplos-EPIC-shared-readers-B1,F1,prefill_common,15,comm_g2g,GPU,0,0.02224766781248159,0.02224766781248159,0.0,1.60169984e-05
Fugue-asplos-EPIC-shared-readers-B1,F1,prefill_common,15,norm1,GPU,0,0.02224766781248159,0.022257967190925505,1.0299378443914082e-05,0.00015062523904
Fugue-asplos-EPIC-shared-readers-B1,F1,prefill_common,15,ff1,GPU,0,0.022257967190925505,0.022327288435057373,6.932124413186813e-05,0.010636269977600001
Fugue-asplos-EPIC-shared-readers-B1,F1,prefill_common,15,ff2,GPU,0,0.022327288435057373,0.02239660967918924,6.932124413186813e-05,0.010636269977600001
Fugue-asplos-EPIC-shared-readers-B1,F1,prefill_common,15,glu,GPU,0,0.02239660967918924,0.022407454566129956,1.0844886940715989e-05,0.00040298151935999995
Fugue-asplos-EPIC-shared-readers-B1,F1,prefill_common,15,ff3,GPU,0,0.022407454566129956,0.022483274676899187,7.582011076923077e-05,0.010812210544639999
Fugue-asplos-EPIC-shared-readers-B1,F1,prefill_common,15,comm_g2g,GPU,0,0.022483274676899187,0.022483274676899187,0.0,1.60169984e-05
Fugue-asplos-EPIC-shared-readers-B1,F1,prefill_common,15,norm2,GPU,0,0.022483274676899187,0.0224935740553431,1.0299378443914082e-05,0.00015062523904
Fugue-asplos-EPIC-shared-readers-B1,F1,prefill_common,16,qkv,GPU,0,0.0224935740553431,0.022578871679958486,8.529762461538462e-05,0.01168565075968
Fugue-asplos-EPIC-shared-readers-B1,F1,prefill_attention,16,attention_service,GPU,0,0.022578871679958486,0.023625083649402072,0.0010462119694435866,0.02610479285376
Fugue-asplos-EPIC-shared-readers-B1,F1,prefill_common,16,proj,GPU,0,0.023625083649402072,0.023653516190940534,2.843254153846154e-05,0.00408576589824
Fugue-asplos-EPIC-shared-readers-B1,F1,prefill_common,16,comm_g2g,GPU,0,0.023653516190940534,0.023653516190940534,0.0,1.60169984e-05
Fugue-asplos-EPIC-shared-readers-B1,F1,prefill_common,16,norm1,GPU,0,0.023653516190940534,0.023663815569384447,1.0299378443914082e-05,0.00015062523904
Fugue-asplos-EPIC-shared-readers-B1,F1,prefill_common,16,ff1,GPU,0,0.023663815569384447,0.023733136813516315,6.932124413186813e-05,0.010636269977600001
Fugue-asplos-EPIC-shared-readers-B1,F1,prefill_common,16,ff2,GPU,0,0.023733136813516315,0.023802458057648183,6.932124413186813e-05,0.010636269977600001
Fugue-asplos-EPIC-shared-readers-B1,F1,prefill_common,16,glu,GPU,0,0.023802458057648183,0.023813302944588898,1.0844886940715989e-05,0.00040298151935999995
Fugue-asplos-EPIC-shared-readers-B1,F1,prefill_common,16,ff3,GPU,0,0.023813302944588898,0.02388912305535813,7.582011076923077e-05,0.010812210544639999
Fugue-asplos-EPIC-shared-readers-B1,F1,prefill_common,16,comm_g2g,GPU,0,0.02388912305535813,0.02388912305535813,0.0,1.60169984e-05
Fugue-asplos-EPIC-shared-readers-B1,F1,prefill_common,16,norm2,GPU,0,0.02388912305535813,0.023899422433802043,1.0299378443914082e-05,0.00015062523904
Fugue-asplos-EPIC-shared-readers-B1,F1,prefill_common,17,qkv,GPU,0,0.023899422433802043,0.023984720058417428,8.529762461538462e-05,0.01168565075968
Fugue-asplos-EPIC-shared-readers-B1,F1,prefill_attention,17,attention_service,GPU,0,0.023984720058417428,0.025030932027861014,0.0010462119694435866,0.02610479285376
Fugue-asplos-EPIC-shared-readers-B1,F1,prefill_common,17,proj,GPU,0,0.025030932027861014,0.025059364569399476,2.843254153846154e-05,0.00408576589824
Fugue-asplos-EPIC-shared-readers-B1,F1,prefill_common,17,comm_g2g,GPU,0,0.025059364569399476,0.025059364569399476,0.0,1.60169984e-05
Fugue-asplos-EPIC-shared-readers-B1,F1,prefill_common,17,norm1,GPU,0,0.025059364569399476,0.02506966394784339,1.0299378443914082e-05,0.00015062523904
Fugue-asplos-EPIC-shared-readers-B1,F1,prefill_common,17,ff1,GPU,0,0.02506966394784339,0.025138985191975258,6.932124413186813e-05,0.010636269977600001
Fugue-asplos-EPIC-shared-readers-B1,F1,prefill_common,17,ff2,GPU,0,0.025138985191975258,0.025208306436107126,6.932124413186813e-05,0.010636269977600001
Fugue-asplos-EPIC-shared-readers-B1,F1,prefill_common,17,glu,GPU,0,0.025208306436107126,0.02521915132304784,1.0844886940715989e-05,0.00040298151935999995
Fugue-asplos-EPIC-shared-readers-B1,F1,prefill_common,17,ff3,GPU,0,0.02521915132304784,0.025294971433817072,7.582011076923077e-05,0.010812210544639999
Fugue-asplos-EPIC-shared-readers-B1,F1,prefill_common,17,comm_g2g,GPU,0,0.025294971433817072,0.025294971433817072,0.0,1.60169984e-05
Fugue-asplos-EPIC-shared-readers-B1,F1,prefill_common,17,norm2,GPU,0,0.025294971433817072,0.025305270812260985,1.0299378443914082e-05,0.00015062523904
Fugue-asplos-EPIC-shared-readers-B1,F1,prefill_common,18,qkv,GPU,0,0.025305270812260985,0.02539056843687637,8.529762461538462e-05,0.01168565075968
Fugue-asplos-EPIC-shared-readers-B1,F1,prefill_attention,18,attention_service,GPU,0,0.02539056843687637,0.026436780406319957,0.0010462119694435866,0.02610479285376
Fugue-asplos-EPIC-shared-readers-B1,F1,prefill_common,18,proj,GPU,0,0.026436780406319957,0.02646521294785842,2.843254153846154e-05,0.00408576589824
Fugue-asplos-EPIC-shared-readers-B1,F1,prefill_common,18,comm_g2g,GPU,0,0.02646521294785842,0.02646521294785842,0.0,1.60169984e-05
Fugue-asplos-EPIC-shared-readers-B1,F1,prefill_common,18,norm1,GPU,0,0.02646521294785842,0.026475512326302332,1.0299378443914082e-05,0.00015062523904
Fugue-asplos-EPIC-shared-readers-B1,F1,prefill_common,18,ff1,GPU,0,0.026475512326302332,0.0265448335704342,6.932124413186813e-05,0.010636269977600001
Fugue-asplos-EPIC-shared-readers-B1,F1,prefill_common,18,ff2,GPU,0,0.0265448335704342,0.02661415481456607,6.932124413186813e-05,0.010636269977600001
Fugue-asplos-EPIC-shared-readers-B1,F1,prefill_common,18,glu,GPU,0,0.02661415481456607,0.026624999701506783,1.0844886940715989e-05,0.00040298151935999995
Fugue-asplos-EPIC-shared-readers-B1,F1,prefill_common,18,ff3,GPU,0,0.026624999701506783,0.026700819812276014,7.582011076923077e-05,0.010812210544639999
Fugue-asplos-EPIC-shared-readers-B1,F1,prefill_common,18,comm_g2g,GPU,0,0.026700819812276014,0.026700819812276014,0.0,1.60169984e-05
Fugue-asplos-EPIC-shared-readers-B1,F1,prefill_common,18,norm2,GPU,0,0.026700819812276014,0.026711119190719928,1.0299378443914082e-05,0.00015062523904
Fugue-asplos-EPIC-shared-readers-B1,F1,prefill_common,19,qkv,GPU,0,0.026711119190719928,0.026796416815335313,8.529762461538462e-05,0.01168565075968
Fugue-asplos-EPIC-shared-readers-B1,F1,prefill_attention,19,attention_service,GPU,0,0.026796416815335313,0.0278426287847789,0.0010462119694435866,0.02610479285376
Fugue-asplos-EPIC-shared-readers-B1,F1,prefill_common,19,proj,GPU,0,0.0278426287847789,0.02787106132631736,2.843254153846154e-05,0.00408576589824
Fugue-asplos-EPIC-shared-readers-B1,F1,prefill_common,19,comm_g2g,GPU,0,0.02787106132631736,0.02787106132631736,0.0,1.60169984e-05
Fugue-asplos-EPIC-shared-readers-B1,F1,prefill_common,19,norm1,GPU,0,0.02787106132631736,0.027881360704761275,1.0299378443914082e-05,0.00015062523904
Fugue-asplos-EPIC-shared-readers-B1,F1,prefill_common,19,ff1,GPU,0,0.027881360704761275,0.027950681948893143,6.932124413186813e-05,0.010636269977600001
Fugue-asplos-EPIC-shared-readers-B1,F1,prefill_common,19,ff2,GPU,0,0.027950681948893143,0.02802000319302501,6.932124413186813e-05,0.010636269977600001
Fugue-asplos-EPIC-shared-readers-B1,F1,prefill_common,19,glu,GPU,0,0.02802000319302501,0.028030848079965726,1.0844886940715989e-05,0.00040298151935999995
Fugue-asplos-EPIC-shared-readers-B1,F1,prefill_common,19,ff3,GPU,0,0.028030848079965726,0.028106668190734957,7.582011076923077e-05,0.010812210544639999
Fugue-asplos-EPIC-shared-readers-B1,F1,prefill_common,19,comm_g2g,GPU,0,0.028106668190734957,0.028106668190734957,0.0,1.60169984e-05
Fugue-asplos-EPIC-shared-readers-B1,F1,prefill_common,19,norm2,GPU,0,0.028106668190734957,0.02811696756917887,1.0299378443914082e-05,0.00015062523904
Fugue-asplos-EPIC-shared-readers-B1,F1,prefill_common,20,qkv,GPU,0,0.02811696756917887,0.028202265193794256,8.529762461538462e-05,0.01168565075968
Fugue-asplos-EPIC-shared-readers-B1,F1,prefill_attention,20,attention_service,GPU,0,0.028202265193794256,0.029248477163237842,0.0010462119694435866,0.02610479285376
Fugue-asplos-EPIC-shared-readers-B1,F1,prefill_common,20,proj,GPU,0,0.029248477163237842,0.029276909704776304,2.843254153846154e-05,0.00408576589824
Fugue-asplos-EPIC-shared-readers-B1,F1,prefill_common,20,comm_g2g,GPU,0,0.029276909704776304,0.029276909704776304,0.0,1.60169984e-05
Fugue-asplos-EPIC-shared-readers-B1,F1,prefill_common,20,norm1,GPU,0,0.029276909704776304,0.029287209083220217,1.0299378443914082e-05,0.00015062523904
Fugue-asplos-EPIC-shared-readers-B1,F1,prefill_common,20,ff1,GPU,0,0.029287209083220217,0.029356530327352085,6.932124413186813e-05,0.010636269977600001
Fugue-asplos-EPIC-shared-readers-B1,F1,prefill_common,20,ff2,GPU,0,0.029356530327352085,0.029425851571483953,6.932124413186813e-05,0.010636269977600001
Fugue-asplos-EPIC-shared-readers-B1,F1,prefill_common,20,glu,GPU,0,0.029425851571483953,0.029436696458424668,1.0844886940715989e-05,0.00040298151935999995
Fugue-asplos-EPIC-shared-readers-B1,F1,prefill_common,20,ff3,GPU,0,0.029436696458424668,0.0295125165691939,7.582011076923077e-05,0.010812210544639999
Fugue-asplos-EPIC-shared-readers-B1,F1,prefill_common,20,comm_g2g,GPU,0,0.0295125165691939,0.0295125165691939,0.0,1.60169984e-05
Fugue-asplos-EPIC-shared-readers-B1,F1,prefill_common,20,norm2,GPU,0,0.0295125165691939,0.029522815947637813,1.0299378443914082e-05,0.00015062523904
Fugue-asplos-EPIC-shared-readers-B1,F1,prefill_common,21,qkv,GPU,0,0.029522815947637813,0.029608113572253198,8.529762461538462e-05,0.01168565075968
Fugue-asplos-EPIC-shared-readers-B1,F1,prefill_attention,21,attention_service,GPU,0,0.029608113572253198,0.030654325541696784,0.0010462119694435866,0.02610479285376
Fugue-asplos-EPIC-shared-readers-B1,F1,prefill_common,21,proj,GPU,0,0.030654325541696784,0.030682758083235246,2.843254153846154e-05,0.00408576589824
Fugue-asplos-EPIC-shared-readers-B1,F1,prefill_common,21,comm_g2g,GPU,0,0.030682758083235246,0.030682758083235246,0.0,1.60169984e-05
Fugue-asplos-EPIC-shared-readers-B1,F1,prefill_common,21,norm1,GPU,0,0.030682758083235246,0.03069305746167916,1.0299378443914082e-05,0.00015062523904
Fugue-asplos-EPIC-shared-readers-B1,F1,prefill_common,21,ff1,GPU,0,0.03069305746167916,0.030762378705811028,6.932124413186813e-05,0.010636269977600001
Fugue-asplos-EPIC-shared-readers-B1,F1,prefill_common,21,ff2,GPU,0,0.030762378705811028,0.030831699949942896,6.932124413186813e-05,0.010636269977600001
Fugue-asplos-EPIC-shared-readers-B1,F1,prefill_common,21,glu,GPU,0,0.030831699949942896,0.03084254483688361,1.0844886940715989e-05,0.00040298151935999995
Fugue-asplos-EPIC-shared-readers-B1,F1,prefill_common,21,ff3,GPU,0,0.03084254483688361,0.030918364947652842,7.582011076923077e-05,0.010812210544639999
Fugue-asplos-EPIC-shared-readers-B1,F1,prefill_common,21,comm_g2g,GPU,0,0.030918364947652842,0.030918364947652842,0.0,1.60169984e-05
Fugue-asplos-EPIC-shared-readers-B1,F1,prefill_common,21,norm2,GPU,0,0.030918364947652842,0.030928664326096755,1.0299378443914082e-05,0.00015062523904
Fugue-asplos-EPIC-shared-readers-B1,F1,prefill_common,22,qkv,GPU,0,0.030928664326096755,0.03101396195071214,8.529762461538462e-05,0.01168565075968
Fugue-asplos-EPIC-shared-readers-B1,F1,prefill_attention,22,attention_service,GPU,0,0.03101396195071214,0.03206017392015573,0.0010462119694435866,0.02610479285376
Fugue-asplos-EPIC-shared-readers-B1,F1,prefill_common,22,proj,GPU,0,0.03206017392015573,0.03208860646169419,2.843254153846154e-05,0.00408576589824
Fugue-asplos-EPIC-shared-readers-B1,F1,prefill_common,22,comm_g2g,GPU,0,0.03208860646169419,0.03208860646169419,0.0,1.60169984e-05
Fugue-asplos-EPIC-shared-readers-B1,F1,prefill_common,22,norm1,GPU,0,0.03208860646169419,0.0320989058401381,1.0299378443914082e-05,0.00015062523904
Fugue-asplos-EPIC-shared-readers-B1,F1,prefill_common,22,ff1,GPU,0,0.0320989058401381,0.03216822708426997,6.932124413186813e-05,0.010636269977600001
Fugue-asplos-EPIC-shared-readers-B1,F1,prefill_common,22,ff2,GPU,0,0.03216822708426997,0.03223754832840183,6.932124413186813e-05,0.010636269977600001
Fugue-asplos-EPIC-shared-readers-B1,F1,prefill_common,22,glu,GPU,0,0.03223754832840183,0.03224839321534255,1.0844886940715989e-05,0.00040298151935999995
Fugue-asplos-EPIC-shared-readers-B1,F1,prefill_common,22,ff3,GPU,0,0.03224839321534255,0.03232421332611178,7.582011076923077e-05,0.010812210544639999
Fugue-asplos-EPIC-shared-readers-B1,F1,prefill_common,22,comm_g2g,GPU,0,0.03232421332611178,0.03232421332611178,0.0,1.60169984e-05
Fugue-asplos-EPIC-shared-readers-B1,F1,prefill_common,22,norm2,GPU,0,0.03232421332611178,0.032334512704555694,1.0299378443914082e-05,0.00015062523904
Fugue-asplos-EPIC-shared-readers-B1,F1,prefill_common,23,qkv,GPU,0,0.032334512704555694,0.03241981032917108,8.529762461538462e-05,0.01168565075968
Fugue-asplos-EPIC-shared-readers-B1,F1,prefill_attention,23,attention_service,GPU,0,0.03241981032917108,0.033466022298614666,0.0010462119694435866,0.02610479285376
Fugue-asplos-EPIC-shared-readers-B1,F1,prefill_common,23,proj,GPU,0,0.033466022298614666,0.03349445484015313,2.843254153846154e-05,0.00408576589824
Fugue-asplos-EPIC-shared-readers-B1,F1,prefill_common,23,comm_g2g,GPU,0,0.03349445484015313,0.03349445484015313,0.0,1.60169984e-05
Fugue-asplos-EPIC-shared-readers-B1,F1,prefill_common,23,norm1,GPU,0,0.03349445484015313,0.03350475421859704,1.0299378443914082e-05,0.00015062523904
Fugue-asplos-EPIC-shared-readers-B1,F1,prefill_common,23,ff1,GPU,0,0.03350475421859704,0.033574075462728906,6.932124413186813e-05,0.010636269977600001
Fugue-asplos-EPIC-shared-readers-B1,F1,prefill_common,23,ff2,GPU,0,0.033574075462728906,0.03364339670686077,6.932124413186813e-05,0.010636269977600001
Fugue-asplos-EPIC-shared-readers-B1,F1,prefill_common,23,glu,GPU,0,0.03364339670686077,0.03365424159380149,1.0844886940715989e-05,0.00040298151935999995
Fugue-asplos-EPIC-shared-readers-B1,F1,prefill_common,23,ff3,GPU,0,0.03365424159380149,0.03373006170457072,7.582011076923077e-05,0.010812210544639999
Fugue-asplos-EPIC-shared-readers-B1,F1,prefill_common,23,comm_g2g,GPU,0,0.03373006170457072,0.03373006170457072,0.0,1.60169984e-05
Fugue-asplos-EPIC-shared-readers-B1,F1,prefill_common,23,norm2,GPU,0,0.03373006170457072,0.03374036108301463,1.0299378443914082e-05,0.00015062523904
Fugue-asplos-EPIC-shared-readers-B1,F1,prefill_common,24,qkv,GPU,0,0.03374036108301463,0.03382565870763002,8.529762461538462e-05,0.01168565075968
Fugue-asplos-EPIC-shared-readers-B1,F1,prefill_attention,24,attention_service,GPU,0,0.03382565870763002,0.034871870677073605,0.0010462119694435866,0.02610479285376
Fugue-asplos-EPIC-shared-readers-B1,F1,prefill_common,24,proj,GPU,0,0.034871870677073605,0.034900303218612067,2.843254153846154e-05,0.00408576589824
Fugue-asplos-EPIC-shared-readers-B1,F1,prefill_common,24,comm_g2g,GPU,0,0.034900303218612067,0.034900303218612067,0.0,1.60169984e-05
Fugue-asplos-EPIC-shared-readers-B1,F1,prefill_common,24,norm1,GPU,0,0.034900303218612067,0.03491060259705598,1.0299378443914082e-05,0.00015062523904
Fugue-asplos-EPIC-shared-readers-B1,F1,prefill_common,24,ff1,GPU,0,0.03491060259705598,0.034979923841187845,6.932124413186813e-05,0.010636269977600001
Fugue-asplos-EPIC-shared-readers-B1,F1,prefill_common,24,ff2,GPU,0,0.034979923841187845,0.03504924508531971,6.932124413186813e-05,0.010636269977600001
Fugue-asplos-EPIC-shared-readers-B1,F1,prefill_common,24,glu,GPU,0,0.03504924508531971,0.03506008997226043,1.0844886940715989e-05,0.00040298151935999995
Fugue-asplos-EPIC-shared-readers-B1,F1,prefill_common,24,ff3,GPU,0,0.03506008997226043,0.03513591008302966,7.582011076923077e-05,0.010812210544639999
Fugue-asplos-EPIC-shared-readers-B1,F1,prefill_common,24,comm_g2g,GPU,0,0.03513591008302966,0.03513591008302966,0.0,1.60169984e-05
Fugue-asplos-EPIC-shared-readers-B1,F1,prefill_common,24,norm2,GPU,0,0.03513591008302966,0.03514620946147357,1.0299378443914082e-05,0.00015062523904
Fugue-asplos-EPIC-shared-readers-B1,F1,prefill_common,25,qkv,GPU,0,0.03514620946147357,0.03523150708608896,8.529762461538462e-05,0.01168565075968
Fugue-asplos-EPIC-shared-readers-B1,F1,prefill_attention,25,attention_service,GPU,0,0.03523150708608896,0.036277719055532544,0.0010462119694435866,0.02610479285376
Fugue-asplos-EPIC-shared-readers-B1,F1,prefill_common,25,proj,GPU,0,0.036277719055532544,0.036306151597071006,2.843254153846154e-05,0.00408576589824
Fugue-asplos-EPIC-shared-readers-B1,F1,prefill_common,25,comm_g2g,GPU,0,0.036306151597071006,0.036306151597071006,0.0,1.60169984e-05
Fugue-asplos-EPIC-shared-readers-B1,F1,prefill_common,25,norm1,GPU,0,0.036306151597071006,0.03631645097551492,1.0299378443914082e-05,0.00015062523904
Fugue-asplos-EPIC-shared-readers-B1,F1,prefill_common,25,ff1,GPU,0,0.03631645097551492,0.036385772219646784,6.932124413186813e-05,0.010636269977600001
Fugue-asplos-EPIC-shared-readers-B1,F1,prefill_common,25,ff2,GPU,0,0.036385772219646784,0.03645509346377865,6.932124413186813e-05,0.010636269977600001
Fugue-asplos-EPIC-shared-readers-B1,F1,prefill_common,25,glu,GPU,0,0.03645509346377865,0.03646593835071937,1.0844886940715989e-05,0.00040298151935999995
Fugue-asplos-EPIC-shared-readers-B1,F1,prefill_common,25,ff3,GPU,0,0.03646593835071937,0.0365417584614886,7.582011076923077e-05,0.010812210544639999
Fugue-asplos-EPIC-shared-readers-B1,F1,prefill_common,25,comm_g2g,GPU,0,0.0365417584614886,0.0365417584614886,0.0,1.60169984e-05
Fugue-asplos-EPIC-shared-readers-B1,F1,prefill_common,25,norm2,GPU,0,0.0365417584614886,0.03655205783993251,1.0299378443914082e-05,0.00015062523904
Fugue-asplos-EPIC-shared-readers-B1,F1,prefill_common,26,qkv,GPU,0,0.03655205783993251,0.0366373554645479,8.529762461538462e-05,0.01168565075968
Fugue-asplos-EPIC-shared-readers-B1,F1,prefill_attention,26,attention_service,GPU,0,0.0366373554645479,0.03768356743399148,0.0010462119694435866,0.02610479285376
Fugue-asplos-EPIC-shared-readers-B1,F1,prefill_common,26,proj,GPU,0,0.03768356743399148,0.037711999975529945,2.843254153846154e-05,0.00408576589824
Fugue-asplos-EPIC-shared-readers-B1,F1,prefill_common,26,comm_g2g,GPU,0,0.037711999975529945,0.037711999975529945,0.0,1.60169984e-05
Fugue-asplos-EPIC-shared-readers-B1,F1,prefill_common,26,norm1,GPU,0,0.037711999975529945,0.03772229935397386,1.0299378443914082e-05,0.00015062523904
Fugue-asplos-EPIC-shared-readers-B1,F1,prefill_common,26,ff1,GPU,0,0.03772229935397386,0.03779162059810572,6.932124413186813e-05,0.010636269977600001
Fugue-asplos-EPIC-shared-readers-B1,F1,prefill_common,26,ff2,GPU,0,0.03779162059810572,0.03786094184223759,6.932124413186813e-05,0.010636269977600001
Fugue-asplos-EPIC-shared-readers-B1,F1,prefill_common,26,glu,GPU,0,0.03786094184223759,0.037871786729178306,1.0844886940715989e-05,0.00040298151935999995
Fugue-asplos-EPIC-shared-readers-B1,F1,prefill_common,26,ff3,GPU,0,0.037871786729178306,0.03794760683994754,7.582011076923077e-05,0.010812210544639999
Fugue-asplos-EPIC-shared-readers-B1,F1,prefill_common,26,comm_g2g,GPU,0,0.03794760683994754,0.03794760683994754,0.0,1.60169984e-05
Fugue-asplos-EPIC-shared-readers-B1,F1,prefill_common,26,norm2,GPU,0,0.03794760683994754,0.03795790621839145,1.0299378443914082e-05,0.00015062523904
Fugue-asplos-EPIC-shared-readers-B1,F1,prefill_common,27,qkv,GPU,0,0.03795790621839145,0.038043203843006836,8.529762461538462e-05,0.01168565075968
Fugue-asplos-EPIC-shared-readers-B1,F1,prefill_attention,27,attention_service,GPU,0,0.038043203843006836,0.03908941581245042,0.0010462119694435866,0.02610479285376
Fugue-asplos-EPIC-shared-readers-B1,F1,prefill_common,27,proj,GPU,0,0.03908941581245042,0.039117848353988884,2.843254153846154e-05,0.00408576589824
Fugue-asplos-EPIC-shared-readers-B1,F1,prefill_common,27,comm_g2g,GPU,0,0.039117848353988884,0.039117848353988884,0.0,1.60169984e-05
Fugue-asplos-EPIC-shared-readers-B1,F1,prefill_common,27,norm1,GPU,0,0.039117848353988884,0.0391281477324328,1.0299378443914082e-05,0.00015062523904
Fugue-asplos-EPIC-shared-readers-B1,F1,prefill_common,27,ff1,GPU,0,0.0391281477324328,0.03919746897656466,6.932124413186813e-05,0.010636269977600001
Fugue-asplos-EPIC-shared-readers-B1,F1,prefill_common,27,ff2,GPU,0,0.03919746897656466,0.039266790220696526,6.932124413186813e-05,0.010636269977600001
Fugue-asplos-EPIC-shared-readers-B1,F1,prefill_common,27,glu,GPU,0,0.039266790220696526,0.039277635107637245,1.0844886940715989e-05,0.00040298151935999995
Fugue-asplos-EPIC-shared-readers-B1,F1,prefill_common,27,ff3,GPU,0,0.039277635107637245,0.039353455218406476,7.582011076923077e-05,0.010812210544639999
Fugue-asplos-EPIC-shared-readers-B1,F1,prefill_common,27,comm_g2g,GPU,0,0.039353455218406476,0.039353455218406476,0.0,1.60169984e-05
Fugue-asplos-EPIC-shared-readers-B1,F1,prefill_common,27,norm2,GPU,0,0.039353455218406476,0.03936375459685039,1.0299378443914082e-05,0.00015062523904
Fugue-asplos-EPIC-shared-readers-B1,F1,prefill_common,28,qkv,GPU,0,0.03936375459685039,0.039449052221465775,8.529762461538462e-05,0.01168565075968
Fugue-asplos-EPIC-shared-readers-B1,F1,prefill_attention,28,attention_service,GPU,0,0.039449052221465775,0.04049526419090936,0.0010462119694435866,0.02610479285376
Fugue-asplos-EPIC-shared-readers-B1,F1,prefill_common,28,proj,GPU,0,0.04049526419090936,0.04052369673244782,2.843254153846154e-05,0.00408576589824
Fugue-asplos-EPIC-shared-readers-B1,F1,prefill_common,28,comm_g2g,GPU,0,0.04052369673244782,0.04052369673244782,0.0,1.60169984e-05
Fugue-asplos-EPIC-shared-readers-B1,F1,prefill_common,28,norm1,GPU,0,0.04052369673244782,0.040533996110891736,1.0299378443914082e-05,0.00015062523904
Fugue-asplos-EPIC-shared-readers-B1,F1,prefill_common,28,ff1,GPU,0,0.040533996110891736,0.0406033173550236,6.932124413186813e-05,0.010636269977600001
Fugue-asplos-EPIC-shared-readers-B1,F1,prefill_common,28,ff2,GPU,0,0.0406033173550236,0.040672638599155465,6.932124413186813e-05,0.010636269977600001
Fugue-asplos-EPIC-shared-readers-B1,F1,prefill_common,28,glu,GPU,0,0.040672638599155465,0.040683483486096184,1.0844886940715989e-05,0.00040298151935999995
Fugue-asplos-EPIC-shared-readers-B1,F1,prefill_common,28,ff3,GPU,0,0.040683483486096184,0.040759303596865415,7.582011076923077e-05,0.010812210544639999
Fugue-asplos-EPIC-shared-readers-B1,F1,prefill_common,28,comm_g2g,GPU,0,0.040759303596865415,0.040759303596865415,0.0,1.60169984e-05
Fugue-asplos-EPIC-shared-readers-B1,F1,prefill_common,28,norm2,GPU,0,0.040759303596865415,0.04076960297530933,1.0299378443914082e-05,0.00015062523904
Fugue-asplos-EPIC-shared-readers-B1,F1,prefill_common,29,qkv,GPU,0,0.04076960297530933,0.040854900599924714,8.529762461538462e-05,0.01168565075968
Fugue-asplos-EPIC-shared-readers-B1,F1,prefill_attention,29,attention_service,GPU,0,0.040854900599924714,0.0419011125693683,0.0010462119694435866,0.02610479285376
Fugue-asplos-EPIC-shared-readers-B1,F1,prefill_common,29,proj,GPU,0,0.0419011125693683,0.04192954511090676,2.843254153846154e-05,0.00408576589824
Fugue-asplos-EPIC-shared-readers-B1,F1,prefill_common,29,comm_g2g,GPU,0,0.04192954511090676,0.04192954511090676,0.0,1.60169984e-05
Fugue-asplos-EPIC-shared-readers-B1,F1,prefill_common,29,norm1,GPU,0,0.04192954511090676,0.041939844489350675,1.0299378443914082e-05,0.00015062523904
Fugue-asplos-EPIC-shared-readers-B1,F1,prefill_common,29,ff1,GPU,0,0.041939844489350675,0.04200916573348254,6.932124413186813e-05,0.010636269977600001
Fugue-asplos-EPIC-shared-readers-B1,F1,prefill_common,29,ff2,GPU,0,0.04200916573348254,0.042078486977614404,6.932124413186813e-05,0.010636269977600001
Fugue-asplos-EPIC-shared-readers-B1,F1,prefill_common,29,glu,GPU,0,0.042078486977614404,0.04208933186455512,1.0844886940715989e-05,0.00040298151935999995
Fugue-asplos-EPIC-shared-readers-B1,F1,prefill_common,29,ff3,GPU,0,0.04208933186455512,0.042165151975324354,7.582011076923077e-05,0.010812210544639999
Fugue-asplos-EPIC-shared-readers-B1,F1,prefill_common,29,comm_g2g,GPU,0,0.042165151975324354,0.042165151975324354,0.0,1.60169984e-05
Fugue-asplos-EPIC-shared-readers-B1,F1,prefill_common,29,norm2,GPU,0,0.042165151975324354,0.04217545135376827,1.0299378443914082e-05,0.00015062523904
Fugue-asplos-EPIC-shared-readers-B1,F1,prefill_common,30,qkv,GPU,0,0.04217545135376827,0.04226074897838365,8.529762461538462e-05,0.01168565075968
Fugue-asplos-EPIC-shared-readers-B1,F1,prefill_attention,30,attention_service,GPU,0,0.04226074897838365,0.04330696094782724,0.0010462119694435866,0.02610479285376
Fugue-asplos-EPIC-shared-readers-B1,F1,prefill_common,30,proj,GPU,0,0.04330696094782724,0.0433353934893657,2.843254153846154e-05,0.00408576589824
Fugue-asplos-EPIC-shared-readers-B1,F1,prefill_common,30,comm_g2g,GPU,0,0.0433353934893657,0.0433353934893657,0.0,1.60169984e-05
Fugue-asplos-EPIC-shared-readers-B1,F1,prefill_common,30,norm1,GPU,0,0.0433353934893657,0.043345692867809614,1.0299378443914082e-05,0.00015062523904
Fugue-asplos-EPIC-shared-readers-B1,F1,prefill_common,30,ff1,GPU,0,0.043345692867809614,0.04341501411194148,6.932124413186813e-05,0.010636269977600001
Fugue-asplos-EPIC-shared-readers-B1,F1,prefill_common,30,ff2,GPU,0,0.04341501411194148,0.04348433535607334,6.932124413186813e-05,0.010636269977600001
Fugue-asplos-EPIC-shared-readers-B1,F1,prefill_common,30,glu,GPU,0,0.04348433535607334,0.04349518024301406,1.0844886940715989e-05,0.00040298151935999995
Fugue-asplos-EPIC-shared-readers-B1,F1,prefill_common,30,ff3,GPU,0,0.04349518024301406,0.04357100035378329,7.582011076923077e-05,0.010812210544639999
Fugue-asplos-EPIC-shared-readers-B1,F1,prefill_common,30,comm_g2g,GPU,0,0.04357100035378329,0.04357100035378329,0.0,1.60169984e-05
Fugue-asplos-EPIC-shared-readers-B1,F1,prefill_common,30,norm2,GPU,0,0.04357100035378329,0.043581299732227206,1.0299378443914082e-05,0.00015062523904
Fugue-asplos-EPIC-shared-readers-B1,F1,prefill_common,31,qkv,GPU,0,0.043581299732227206,0.04366659735684259,8.529762461538462e-05,0.01168565075968
Fugue-asplos-EPIC-shared-readers-B1,F1,prefill_attention,31,attention_service,GPU,0,0.04366659735684259,0.04471280932628618,0.0010462119694435866,0.02610479285376
Fugue-asplos-EPIC-shared-readers-B1,F1,prefill_common,31,proj,GPU,0,0.04471280932628618,0.04474124186782464,2.843254153846154e-05,0.00408576589824
Fugue-asplos-EPIC-shared-readers-B1,F1,prefill_common,31,comm_g2g,GPU,0,0.04474124186782464,0.04474124186782464,0.0,1.60169984e-05
Fugue-asplos-EPIC-shared-readers-B1,F1,prefill_common,31,norm1,GPU,0,0.04474124186782464,0.04475154124626855,1.0299378443914082e-05,0.00015062523904
Fugue-asplos-EPIC-shared-readers-B1,F1,prefill_common,31,ff1,GPU,0,0.04475154124626855,0.04482086249040042,6.932124413186813e-05,0.010636269977600001
Fugue-asplos-EPIC-shared-readers-B1,F1,prefill_common,31,ff2,GPU,0,0.04482086249040042,0.04489018373453228,6.932124413186813e-05,0.010636269977600001
Fugue-asplos-EPIC-shared-readers-B1,F1,prefill_common,31,glu,GPU,0,0.04489018373453228,0.044901028621473,1.0844886940715989e-05,0.00040298151935999995
Fugue-asplos-EPIC-shared-readers-B1,F1,prefill_common,31,ff3,GPU,0,0.044901028621473,0.04497684873224223,7.582011076923077e-05,0.010812210544639999
Fugue-asplos-EPIC-shared-readers-B1,F1,prefill_common,31,comm_g2g,GPU,0,0.04497684873224223,0.04497684873224223,0.0,1.60169984e-05
Fugue-asplos-EPIC-shared-readers-B1,F1,prefill_common,31,norm2,GPU,0,0.04497684873224223,0.044987148110686145,1.0299378443914082e-05,0.00015062523904
Fugue-asplos-EPIC-shared-readers-B1,F1,decode,all,native_transformer,GPU,1,0.044987148110686145,0.05548022957052972,0.010493081459843573,0.5656760800460799
Fugue-asplos-EPIC-shared-readers-B1,F1,decode,all,native_transformer,GPU,2,0.05548022957052972,0.0659739417758457,0.010493712205315987,0.5656934373887998
Fugue-asplos-EPIC-shared-readers-B1,F1,decode,all,native_transformer,GPU,3,0.0659739417758457,0.0764682847266341,0.010494342950788398,0.5657107947315199
Fugue-asplos-EPIC-shared-readers-B1,F1,decode,all,native_transformer,GPU,4,0.0764682847266341,0.08696325842289492,0.010494973696260812,0.5657281520742399
Fugue-asplos-EPIC-shared-readers-B1,F1,decode,all,native_transformer,GPU,5,0.08696325842289492,0.09745886286462814,0.010495604441733227,0.56574550941696
Fugue-asplos-EPIC-shared-readers-B1,F1,decode,all,native_transformer,GPU,6,0.09745886286462814,0.10795509805183377,0.010496235187205638,0.5657628667596798
Fugue-asplos-EPIC-shared-readers-B1,F1,decode,all,native_transformer,GPU,7,0.10795509805183377,0.11845196398451183,0.010496865932678052,0.5657802241023999
Fugue-asplos-EPIC-shared-readers-B1,F1,decode,all,native_transformer,GPU,8,0.11845196398451183,0.1289494606626623,0.010497496678150467,0.5657975814451198
Fugue-asplos-EPIC-shared-readers-B1,F1,decode,all,native_transformer,GPU,9,0.1289494606626623,0.13944758808628518,0.010498127423622878,0.5658149387878398
Fugue-asplos-EPIC-shared-readers-B1,F1,decode,all,native_transformer,GPU,10,0.13944758808628518,0.14994634625538047,0.010498758169095292,0.56583229613056
Fugue-asplos-EPIC-shared-readers-B1,F1,decode,all,native_transformer,GPU,11,0.14994634625538047,0.16044573516994817,0.010499388914567706,0.5658496534732799
Fugue-asplos-EPIC-shared-readers-B1,F1,decode,all,native_transformer,GPU,12,0.16044573516994817,0.1709457548299883,0.01050001966004012,0.5658670108159999
Fugue-asplos-EPIC-shared-readers-B1,F1,decode,all,native_transformer,GPU,13,0.1709457548299883,0.18144640523550085,0.010500650405512532,0.5658843681587198
Fugue-asplos-EPIC-shared-readers-B1,F1,decode,all,native_transformer,GPU,14,0.18144640523550085,0.1919476863864858,0.010501281150984946,0.5659020610457599
Fugue-asplos-EPIC-shared-readers-B1,F1,decode,all,native_transformer,GPU,15,0.1919476863864858,0.20244959828294315,0.01050191189645736,0.5659194183884798
Fugue-asplos-EPIC-shared-readers-B1,F2,prefill_common,0,qkv,GPU,0,0.0,8.529762461538462e-05,8.529762461538462e-05,0.01168565075968
Fugue-asplos-EPIC-shared-readers-B1,F2,prefill_attention,0,attention_service,GPU,0,8.529762461538462e-05,0.0015703277273923044,0.0014850301027769198,0.02747390542976
Fugue-asplos-EPIC-shared-readers-B1,F2,prefill_common,0,proj,GPU,0,0.0015703277273923044,0.001598760268930766,2.843254153846154e-05,0.00408576589824
Fugue-asplos-EPIC-shared-readers-B1,F2,prefill_common,0,comm_g2g,GPU,0,0.001598760268930766,0.001598760268930766,0.0,1.60169984e-05
Fugue-asplos-EPIC-shared-readers-B1,F2,prefill_common,0,norm1,GPU,0,0.001598760268930766,0.00160905964737468,1.0299378443914082e-05,0.00015062523904
Fugue-asplos-EPIC-shared-readers-B1,F2,prefill_common,0,ff1,GPU,0,0.00160905964737468,0.0016783808915065482,6.932124413186813e-05,0.010636269977600001
Fugue-asplos-EPIC-shared-readers-B1,F2,prefill_common,0,ff2,GPU,0,0.0016783808915065482,0.0017477021356384164,6.932124413186813e-05,0.010636269977600001
Fugue-asplos-EPIC-shared-readers-B1,F2,prefill_common,0,glu,GPU,0,0.0017477021356384164,0.0017585470225791324,1.0844886940715989e-05,0.00040298151935999995
Fugue-asplos-EPIC-shared-readers-B1,F2,prefill_common,0,ff3,GPU,0,0.0017585470225791324,0.0018343671333483631,7.582011076923077e-05,0.010812210544639999
Fugue-asplos-EPIC-shared-readers-B1,F2,prefill_common,0,comm_g2g,GPU,0,0.0018343671333483631,0.0018343671333483631,0.0,1.60169984e-05
Fugue-asplos-EPIC-shared-readers-B1,F2,prefill_common,0,norm2,GPU,0,0.0018343671333483631,0.0018446665117922772,1.0299378443914082e-05,0.00015062523904
Fugue-asplos-EPIC-shared-readers-B1,F2,prefill_common,1,qkv,GPU,0,0.0018446665117922772,0.0019299641364076618,8.529762461538462e-05,0.01168565075968
Fugue-asplos-EPIC-shared-readers-B1,F2,prefill_attention,1,attention_service,GPU,0,0.0019299641364076618,0.0034149942391845816,0.0014850301027769198,0.02747390542976
Fugue-asplos-EPIC-shared-readers-B1,F2,prefill_common,1,proj,GPU,0,0.0034149942391845816,0.0034434267807230434,2.843254153846154e-05,0.00408576589824
Fugue-asplos-EPIC-shared-readers-B1,F2,prefill_common,1,comm_g2g,GPU,0,0.0034434267807230434,0.0034434267807230434,0.0,1.60169984e-05
Fugue-asplos-EPIC-shared-readers-B1,F2,prefill_common,1,norm1,GPU,0,0.0034434267807230434,0.0034537261591669572,1.0299378443914082e-05,0.00015062523904
Fugue-asplos-EPIC-shared-readers-B1,F2,prefill_common,1,ff1,GPU,0,0.0034537261591669572,0.0035230474032988254,6.932124413186813e-05,0.010636269977600001
Fugue-asplos-EPIC-shared-readers-B1,F2,prefill_common,1,ff2,GPU,0,0.0035230474032988254,0.0035923686474306936,6.932124413186813e-05,0.010636269977600001
Fugue-asplos-EPIC-shared-readers-B1,F2,prefill_common,1,glu,GPU,0,0.0035923686474306936,0.0036032135343714096,1.0844886940715989e-05,0.00040298151935999995
Fugue-asplos-EPIC-shared-readers-B1,F2,prefill_common,1,ff3,GPU,0,0.0036032135343714096,0.0036790336451406405,7.582011076923077e-05,0.010812210544639999
Fugue-asplos-EPIC-shared-readers-B1,F2,prefill_common,1,comm_g2g,GPU,0,0.0036790336451406405,0.0036790336451406405,0.0,1.60169984e-05
Fugue-asplos-EPIC-shared-readers-B1,F2,prefill_common,1,norm2,GPU,0,0.0036790336451406405,0.003689333023584555,1.0299378443914082e-05,0.00015062523904
Fugue-asplos-EPIC-shared-readers-B1,F2,prefill_common,2,qkv,GPU,0,0.003689333023584555,0.0037746306481999396,8.529762461538462e-05,0.01168565075968
Fugue-asplos-EPIC-shared-readers-B1,F2,prefill_attention,2,attention_service,GPU,0,0.0037746306481999396,0.00525966075097686,0.0014850301027769198,0.02747390542976
Fugue-asplos-EPIC-shared-readers-B1,F2,prefill_common,2,proj,GPU,0,0.00525966075097686,0.005288093292515322,2.843254153846154e-05,0.00408576589824
Fugue-asplos-EPIC-shared-readers-B1,F2,prefill_common,2,comm_g2g,GPU,0,0.005288093292515322,0.005288093292515322,0.0,1.60169984e-05
Fugue-asplos-EPIC-shared-readers-B1,F2,prefill_common,2,norm1,GPU,0,0.005288093292515322,0.005298392670959236,1.0299378443914082e-05,0.00015062523904
Fugue-asplos-EPIC-shared-readers-B1,F2,prefill_common,2,ff1,GPU,0,0.005298392670959236,0.005367713915091104,6.932124413186813e-05,0.010636269977600001
Fugue-asplos-EPIC-shared-readers-B1,F2,prefill_common,2,ff2,GPU,0,0.005367713915091104,0.005437035159222972,6.932124413186813e-05,0.010636269977600001
Fugue-asplos-EPIC-shared-readers-B1,F2,prefill_common,2,glu,GPU,0,0.005437035159222972,0.005447880046163688,1.0844886940715989e-05,0.00040298151935999995
Fugue-asplos-EPIC-shared-readers-B1,F2,prefill_common,2,ff3,GPU,0,0.005447880046163688,0.005523700156932918,7.582011076923077e-05,0.010812210544639999
Fugue-asplos-EPIC-shared-readers-B1,F2,prefill_common,2,comm_g2g,GPU,0,0.005523700156932918,0.005523700156932918,0.0,1.60169984e-05
Fugue-asplos-EPIC-shared-readers-B1,F2,prefill_common,2,norm2,GPU,0,0.005523700156932918,0.005533999535376833,1.0299378443914082e-05,0.00015062523904
Fugue-asplos-EPIC-shared-readers-B1,F2,prefill_common,3,qkv,GPU,0,0.005533999535376833,0.005619297159992217,8.529762461538462e-05,0.01168565075968
Fugue-asplos-EPIC-shared-readers-B1,F2,prefill_attention,3,attention_service,GPU,0,0.005619297159992217,0.007104327262769137,0.0014850301027769198,0.02747390542976
Fugue-asplos-EPIC-shared-readers-B1,F2,prefill_common,3,proj,GPU,0,0.007104327262769137,0.007132759804307599,2.843254153846154e-05,0.00408576589824
Fugue-asplos-EPIC-shared-readers-B1,F2,prefill_common,3,comm_g2g,GPU,0,0.007132759804307599,0.007132759804307599,0.0,1.60169984e-05
Fugue-asplos-EPIC-shared-readers-B1,F2,prefill_common,3,norm1,GPU,0,0.007132759804307599,0.007143059182751513,1.0299378443914082e-05,0.00015062523904
Fugue-asplos-EPIC-shared-readers-B1,F2,prefill_common,3,ff1,GPU,0,0.007143059182751513,0.007212380426883381,6.932124413186813e-05,0.010636269977600001
Fugue-asplos-EPIC-shared-readers-B1,F2,prefill_common,3,ff2,GPU,0,0.007212380426883381,0.007281701671015249,6.932124413186813e-05,0.010636269977600001
Fugue-asplos-EPIC-shared-readers-B1,F2,prefill_common,3,glu,GPU,0,0.007281701671015249,0.007292546557955965,1.0844886940715989e-05,0.00040298151935999995
Fugue-asplos-EPIC-shared-readers-B1,F2,prefill_common,3,ff3,GPU,0,0.007292546557955965,0.007368366668725195,7.582011076923077e-05,0.010812210544639999
Fugue-asplos-EPIC-shared-readers-B1,F2,prefill_common,3,comm_g2g,GPU,0,0.007368366668725195,0.007368366668725195,0.0,1.60169984e-05
Fugue-asplos-EPIC-shared-readers-B1,F2,prefill_common,3,norm2,GPU,0,0.007368366668725195,0.00737866604716911,1.0299378443914082e-05,0.00015062523904
Fugue-asplos-EPIC-shared-readers-B1,F2,prefill_common,4,qkv,GPU,0,0.00737866604716911,0.007463963671784494,8.529762461538462e-05,0.01168565075968
Fugue-asplos-EPIC-shared-readers-B1,F2,prefill_attention,4,attention_service,GPU,0,0.007463963671784494,0.008948993774561414,0.0014850301027769198,0.02747390542976
Fugue-asplos-EPIC-shared-readers-B1,F2,prefill_common,4,proj,GPU,0,0.008948993774561414,0.008977426316099876,2.843254153846154e-05,0.00408576589824
Fugue-asplos-EPIC-shared-readers-B1,F2,prefill_common,4,comm_g2g,GPU,0,0.008977426316099876,0.008977426316099876,0.0,1.60169984e-05
Fugue-asplos-EPIC-shared-readers-B1,F2,prefill_common,4,norm1,GPU,0,0.008977426316099876,0.008987725694543789,1.0299378443914082e-05,0.00015062523904
Fugue-asplos-EPIC-shared-readers-B1,F2,prefill_common,4,ff1,GPU,0,0.008987725694543789,0.009057046938675657,6.932124413186813e-05,0.010636269977600001
Fugue-asplos-EPIC-shared-readers-B1,F2,prefill_common,4,ff2,GPU,0,0.009057046938675657,0.009126368182807525,6.932124413186813e-05,0.010636269977600001
Fugue-asplos-EPIC-shared-readers-B1,F2,prefill_common,4,glu,GPU,0,0.009126368182807525,0.009137213069748242,1.0844886940715989e-05,0.00040298151935999995
Fugue-asplos-EPIC-shared-readers-B1,F2,prefill_common,4,ff3,GPU,0,0.009137213069748242,0.009213033180517473,7.582011076923077e-05,0.010812210544639999
Fugue-asplos-EPIC-shared-readers-B1,F2,prefill_common,4,comm_g2g,GPU,0,0.009213033180517473,0.009213033180517473,0.0,1.60169984e-05
Fugue-asplos-EPIC-shared-readers-B1,F2,prefill_common,4,norm2,GPU,0,0.009213033180517473,0.009223332558961387,1.0299378443914082e-05,0.00015062523904
Fugue-asplos-EPIC-shared-readers-B1,F2,prefill_common,5,qkv,GPU,0,0.009223332558961387,0.009308630183576772,8.529762461538462e-05,0.01168565075968
Fugue-asplos-EPIC-shared-readers-B1,F2,prefill_attention,5,attention_service,GPU,0,0.009308630183576772,0.01079366028635369,0.0014850301027769198,0.02747390542976
Fugue-asplos-EPIC-shared-readers-B1,F2,prefill_common,5,proj,GPU,0,0.01079366028635369,0.010822092827892153,2.843254153846154e-05,0.00408576589824
Fugue-asplos-EPIC-shared-readers-B1,F2,prefill_common,5,comm_g2g,GPU,0,0.010822092827892153,0.010822092827892153,0.0,1.60169984e-05
Fugue-asplos-EPIC-shared-readers-B1,F2,prefill_common,5,norm1,GPU,0,0.010822092827892153,0.010832392206336066,1.0299378443914082e-05,0.00015062523904
Fugue-asplos-EPIC-shared-readers-B1,F2,prefill_common,5,ff1,GPU,0,0.010832392206336066,0.010901713450467934,6.932124413186813e-05,0.010636269977600001
Fugue-asplos-EPIC-shared-readers-B1,F2,prefill_common,5,ff2,GPU,0,0.010901713450467934,0.010971034694599802,6.932124413186813e-05,0.010636269977600001
Fugue-asplos-EPIC-shared-readers-B1,F2,prefill_common,5,glu,GPU,0,0.010971034694599802,0.010981879581540519,1.0844886940715989e-05,0.00040298151935999995
Fugue-asplos-EPIC-shared-readers-B1,F2,prefill_common,5,ff3,GPU,0,0.010981879581540519,0.01105769969230975,7.582011076923077e-05,0.010812210544639999
Fugue-asplos-EPIC-shared-readers-B1,F2,prefill_common,5,comm_g2g,GPU,0,0.01105769969230975,0.01105769969230975,0.0,1.60169984e-05
Fugue-asplos-EPIC-shared-readers-B1,F2,prefill_common,5,norm2,GPU,0,0.01105769969230975,0.011067999070753664,1.0299378443914082e-05,0.00015062523904
Fugue-asplos-EPIC-shared-readers-B1,F2,prefill_common,6,qkv,GPU,0,0.011067999070753664,0.011153296695369049,8.529762461538462e-05,0.01168565075968
Fugue-asplos-EPIC-shared-readers-B1,F2,prefill_attention,6,attention_service,GPU,0,0.011153296695369049,0.012638326798145968,0.0014850301027769198,0.02747390542976
Fugue-asplos-EPIC-shared-readers-B1,F2,prefill_common,6,proj,GPU,0,0.012638326798145968,0.01266675933968443,2.843254153846154e-05,0.00408576589824
Fugue-asplos-EPIC-shared-readers-B1,F2,prefill_common,6,comm_g2g,GPU,0,0.01266675933968443,0.01266675933968443,0.0,1.60169984e-05
Fugue-asplos-EPIC-shared-readers-B1,F2,prefill_common,6,norm1,GPU,0,0.01266675933968443,0.012677058718128343,1.0299378443914082e-05,0.00015062523904
Fugue-asplos-EPIC-shared-readers-B1,F2,prefill_common,6,ff1,GPU,0,0.012677058718128343,0.012746379962260211,6.932124413186813e-05,0.010636269977600001
Fugue-asplos-EPIC-shared-readers-B1,F2,prefill_common,6,ff2,GPU,0,0.012746379962260211,0.01281570120639208,6.932124413186813e-05,0.010636269977600001
Fugue-asplos-EPIC-shared-readers-B1,F2,prefill_common,6,glu,GPU,0,0.01281570120639208,0.012826546093332796,1.0844886940715989e-05,0.00040298151935999995
Fugue-asplos-EPIC-shared-readers-B1,F2,prefill_common,6,ff3,GPU,0,0.012826546093332796,0.012902366204102027,7.582011076923077e-05,0.010812210544639999
Fugue-asplos-EPIC-shared-readers-B1,F2,prefill_common,6,comm_g2g,GPU,0,0.012902366204102027,0.012902366204102027,0.0,1.60169984e-05
Fugue-asplos-EPIC-shared-readers-B1,F2,prefill_common,6,norm2,GPU,0,0.012902366204102027,0.01291266558254594,1.0299378443914082e-05,0.00015062523904
Fugue-asplos-EPIC-shared-readers-B1,F2,prefill_common,7,qkv,GPU,0,0.01291266558254594,0.012997963207161326,8.529762461538462e-05,0.01168565075968
Fugue-asplos-EPIC-shared-readers-B1,F2,prefill_attention,7,attention_service,GPU,0,0.012997963207161326,0.014482993309938245,0.0014850301027769198,0.02747390542976
Fugue-asplos-EPIC-shared-readers-B1,F2,prefill_common,7,proj,GPU,0,0.014482993309938245,0.014511425851476707,2.843254153846154e-05,0.00408576589824
Fugue-asplos-EPIC-shared-readers-B1,F2,prefill_common,7,comm_g2g,GPU,0,0.014511425851476707,0.014511425851476707,0.0,1.60169984e-05
Fugue-asplos-EPIC-shared-readers-B1,F2,prefill_common,7,norm1,GPU,0,0.014511425851476707,0.01452172522992062,1.0299378443914082e-05,0.00015062523904
Fugue-asplos-EPIC-shared-readers-B1,F2,prefill_common,7,ff1,GPU,0,0.01452172522992062,0.014591046474052488,6.932124413186813e-05,0.010636269977600001
Fugue-asplos-EPIC-shared-readers-B1,F2,prefill_common,7,ff2,GPU,0,0.014591046474052488,0.014660367718184356,6.932124413186813e-05,0.010636269977600001
Fugue-asplos-EPIC-shared-readers-B1,F2,prefill_common,7,glu,GPU,0,0.014660367718184356,0.014671212605125073,1.0844886940715989e-05,0.00040298151935999995
Fugue-asplos-EPIC-shared-readers-B1,F2,prefill_common,7,ff3,GPU,0,0.014671212605125073,0.014747032715894304,7.582011076923077e-05,0.010812210544639999
Fugue-asplos-EPIC-shared-readers-B1,F2,prefill_common,7,comm_g2g,GPU,0,0.014747032715894304,0.014747032715894304,0.0,1.60169984e-05
Fugue-asplos-EPIC-shared-readers-B1,F2,prefill_common,7,norm2,GPU,0,0.014747032715894304,0.014757332094338218,1.0299378443914082e-05,0.00015062523904
Fugue-asplos-EPIC-shared-readers-B1,F2,prefill_common,8,qkv,GPU,0,0.014757332094338218,0.014842629718953603,8.529762461538462e-05,0.01168565075968
Fugue-asplos-EPIC-shared-readers-B1,F2,prefill_attention,8,attention_service,GPU,0,0.014842629718953603,0.016327659821730522,0.0014850301027769198,0.02747390542976
Fugue-asplos-EPIC-shared-readers-B1,F2,prefill_common,8,proj,GPU,0,0.016327659821730522,0.016356092363268983,2.843254153846154e-05,0.00408576589824
Fugue-asplos-EPIC-shared-readers-B1,F2,prefill_common,8,comm_g2g,GPU,0,0.016356092363268983,0.016356092363268983,0.0,1.60169984e-05
Fugue-asplos-EPIC-shared-readers-B1,F2,prefill_common,8,norm1,GPU,0,0.016356092363268983,0.016366391741712897,1.0299378443914082e-05,0.00015062523904
Fugue-asplos-EPIC-shared-readers-B1,F2,prefill_common,8,ff1,GPU,0,0.016366391741712897,0.016435712985844765,6.932124413186813e-05,0.010636269977600001
Fugue-asplos-EPIC-shared-readers-B1,F2,prefill_common,8,ff2,GPU,0,0.016435712985844765,0.016505034229976633,6.932124413186813e-05,0.010636269977600001
Fugue-asplos-EPIC-shared-readers-B1,F2,prefill_common,8,glu,GPU,0,0.016505034229976633,0.016515879116917348,1.0844886940715989e-05,0.00040298151935999995
Fugue-asplos-EPIC-shared-readers-B1,F2,prefill_common,8,ff3,GPU,0,0.016515879116917348,0.01659169922768658,7.582011076923077e-05,0.010812210544639999
Fugue-asplos-EPIC-shared-readers-B1,F2,prefill_common,8,comm_g2g,GPU,0,0.01659169922768658,0.01659169922768658,0.0,1.60169984e-05
Fugue-asplos-EPIC-shared-readers-B1,F2,prefill_common,8,norm2,GPU,0,0.01659169922768658,0.016601998606130493,1.0299378443914082e-05,0.00015062523904
Fugue-asplos-EPIC-shared-readers-B1,F2,prefill_common,9,qkv,GPU,0,0.016601998606130493,0.016687296230745878,8.529762461538462e-05,0.01168565075968
Fugue-asplos-EPIC-shared-readers-B1,F2,prefill_attention,9,attention_service,GPU,0,0.016687296230745878,0.0181723263335228,0.0014850301027769198,0.02747390542976
Fugue-asplos-EPIC-shared-readers-B1,F2,prefill_common,9,proj,GPU,0,0.0181723263335228,0.01820075887506126,2.843254153846154e-05,0.00408576589824
Fugue-asplos-EPIC-shared-readers-B1,F2,prefill_common,9,comm_g2g,GPU,0,0.01820075887506126,0.01820075887506126,0.0,1.60169984e-05
Fugue-asplos-EPIC-shared-readers-B1,F2,prefill_common,9,norm1,GPU,0,0.01820075887506126,0.018211058253505174,1.0299378443914082e-05,0.00015062523904
Fugue-asplos-EPIC-shared-readers-B1,F2,prefill_common,9,ff1,GPU,0,0.018211058253505174,0.018280379497637042,6.932124413186813e-05,0.010636269977600001
Fugue-asplos-EPIC-shared-readers-B1,F2,prefill_common,9,ff2,GPU,0,0.018280379497637042,0.01834970074176891,6.932124413186813e-05,0.010636269977600001
Fugue-asplos-EPIC-shared-readers-B1,F2,prefill_common,9,glu,GPU,0,0.01834970074176891,0.018360545628709625,1.0844886940715989e-05,0.00040298151935999995
Fugue-asplos-EPIC-shared-readers-B1,F2,prefill_common,9,ff3,GPU,0,0.018360545628709625,0.018436365739478856,7.582011076923077e-05,0.010812210544639999
Fugue-asplos-EPIC-shared-readers-B1,F2,prefill_common,9,comm_g2g,GPU,0,0.018436365739478856,0.018436365739478856,0.0,1.60169984e-05
Fugue-asplos-EPIC-shared-readers-B1,F2,prefill_common,9,norm2,GPU,0,0.018436365739478856,0.01844666511792277,1.0299378443914082e-05,0.00015062523904
Fugue-asplos-EPIC-shared-readers-B1,F2,prefill_common,10,qkv,GPU,0,0.01844666511792277,0.018531962742538155,8.529762461538462e-05,0.01168565075968
Fugue-asplos-EPIC-shared-readers-B1,F2,prefill_attention,10,attention_service,GPU,0,0.018531962742538155,0.020016992845315076,0.0014850301027769198,0.02747390542976
Fugue-asplos-EPIC-shared-readers-B1,F2,prefill_common,10,proj,GPU,0,0.020016992845315076,0.020045425386853537,2.843254153846154e-05,0.00408576589824
Fugue-asplos-EPIC-shared-readers-B1,F2,prefill_common,10,comm_g2g,GPU,0,0.020045425386853537,0.020045425386853537,0.0,1.60169984e-05
Fugue-asplos-EPIC-shared-readers-B1,F2,prefill_common,10,norm1,GPU,0,0.020045425386853537,0.02005572476529745,1.0299378443914082e-05,0.00015062523904
Fugue-asplos-EPIC-shared-readers-B1,F2,prefill_common,10,ff1,GPU,0,0.02005572476529745,0.02012504600942932,6.932124413186813e-05,0.010636269977600001
Fugue-asplos-EPIC-shared-readers-B1,F2,prefill_common,10,ff2,GPU,0,0.02012504600942932,0.020194367253561187,6.932124413186813e-05,0.010636269977600001
Fugue-asplos-EPIC-shared-readers-B1,F2,prefill_common,10,glu,GPU,0,0.020194367253561187,0.020205212140501902,1.0844886940715989e-05,0.00040298151935999995
Fugue-asplos-EPIC-shared-readers-B1,F2,prefill_common,10,ff3,GPU,0,0.020205212140501902,0.020281032251271133,7.582011076923077e-05,0.010812210544639999
Fugue-asplos-EPIC-shared-readers-B1,F2,prefill_common,10,comm_g2g,GPU,0,0.020281032251271133,0.020281032251271133,0.0,1.60169984e-05
Fugue-asplos-EPIC-shared-readers-B1,F2,prefill_common,10,norm2,GPU,0,0.020281032251271133,0.020291331629715047,1.0299378443914082e-05,0.00015062523904
Fugue-asplos-EPIC-shared-readers-B1,F2,prefill_common,11,qkv,GPU,0,0.020291331629715047,0.020376629254330432,8.529762461538462e-05,0.01168565075968
Fugue-asplos-EPIC-shared-readers-B1,F2,prefill_attention,11,attention_service,GPU,0,0.020376629254330432,0.021861659357107353,0.0014850301027769198,0.02747390542976
Fugue-asplos-EPIC-shared-readers-B1,F2,prefill_common,11,proj,GPU,0,0.021861659357107353,0.021890091898645814,2.843254153846154e-05,0.00408576589824
Fugue-asplos-EPIC-shared-readers-B1,F2,prefill_common,11,comm_g2g,GPU,0,0.021890091898645814,0.021890091898645814,0.0,1.60169984e-05
Fugue-asplos-EPIC-shared-readers-B1,F2,prefill_common,11,norm1,GPU,0,0.021890091898645814,0.021900391277089728,1.0299378443914082e-05,0.00015062523904
Fugue-asplos-EPIC-shared-readers-B1,F2,prefill_common,11,ff1,GPU,0,0.021900391277089728,0.021969712521221596,6.932124413186813e-05,0.010636269977600001
Fugue-asplos-EPIC-shared-readers-B1,F2,prefill_common,11,ff2,GPU,0,0.021969712521221596,0.022039033765353464,6.932124413186813e-05,0.010636269977600001
Fugue-asplos-EPIC-shared-readers-B1,F2,prefill_common,11,glu,GPU,0,0.022039033765353464,0.02204987865229418,1.0844886940715989e-05,0.00040298151935999995
Fugue-asplos-EPIC-shared-readers-B1,F2,prefill_common,11,ff3,GPU,0,0.02204987865229418,0.02212569876306341,7.582011076923077e-05,0.010812210544639999
Fugue-asplos-EPIC-shared-readers-B1,F2,prefill_common,11,comm_g2g,GPU,0,0.02212569876306341,0.02212569876306341,0.0,1.60169984e-05
Fugue-asplos-EPIC-shared-readers-B1,F2,prefill_common,11,norm2,GPU,0,0.02212569876306341,0.022135998141507324,1.0299378443914082e-05,0.00015062523904
Fugue-asplos-EPIC-shared-readers-B1,F2,prefill_common,12,qkv,GPU,0,0.022135998141507324,0.02222129576612271,8.529762461538462e-05,0.01168565075968
Fugue-asplos-EPIC-shared-readers-B1,F2,prefill_attention,12,attention_service,GPU,0,0.02222129576612271,0.02370632586889963,0.0014850301027769198,0.02747390542976
Fugue-asplos-EPIC-shared-readers-B1,F2,prefill_common,12,proj,GPU,0,0.02370632586889963,0.02373475841043809,2.843254153846154e-05,0.00408576589824
Fugue-asplos-EPIC-shared-readers-B1,F2,prefill_common,12,comm_g2g,GPU,0,0.02373475841043809,0.02373475841043809,0.0,1.60169984e-05
Fugue-asplos-EPIC-shared-readers-B1,F2,prefill_common,12,norm1,GPU,0,0.02373475841043809,0.023745057788882005,1.0299378443914082e-05,0.00015062523904
Fugue-asplos-EPIC-shared-readers-B1,F2,prefill_common,12,ff1,GPU,0,0.023745057788882005,0.023814379033013873,6.932124413186813e-05,0.010636269977600001
Fugue-asplos-EPIC-shared-readers-B1,F2,prefill_common,12,ff2,GPU,0,0.023814379033013873,0.02388370027714574,6.932124413186813e-05,0.010636269977600001
Fugue-asplos-EPIC-shared-readers-B1,F2,prefill_common,12,glu,GPU,0,0.02388370027714574,0.023894545164086456,1.0844886940715989e-05,0.00040298151935999995
Fugue-asplos-EPIC-shared-readers-B1,F2,prefill_common,12,ff3,GPU,0,0.023894545164086456,0.023970365274855687,7.582011076923077e-05,0.010812210544639999
Fugue-asplos-EPIC-shared-readers-B1,F2,prefill_common,12,comm_g2g,GPU,0,0.023970365274855687,0.023970365274855687,0.0,1.60169984e-05
Fugue-asplos-EPIC-shared-readers-B1,F2,prefill_common,12,norm2,GPU,0,0.023970365274855687,0.0239806646532996,1.0299378443914082e-05,0.00015062523904
Fugue-asplos-EPIC-shared-readers-B1,F2,prefill_common,13,qkv,GPU,0,0.0239806646532996,0.024065962277914986,8.529762461538462e-05,0.01168565075968
Fugue-asplos-EPIC-shared-readers-B1,F2,prefill_attention,13,attention_service,GPU,0,0.024065962277914986,0.025550992380691907,0.0014850301027769198,0.02747390542976
Fugue-asplos-EPIC-shared-readers-B1,F2,prefill_common,13,proj,GPU,0,0.025550992380691907,0.02557942492223037,2.843254153846154e-05,0.00408576589824
Fugue-asplos-EPIC-shared-readers-B1,F2,prefill_common,13,comm_g2g,GPU,0,0.02557942492223037,0.02557942492223037,0.0,1.60169984e-05
Fugue-asplos-EPIC-shared-readers-B1,F2,prefill_common,13,norm1,GPU,0,0.02557942492223037,0.025589724300674282,1.0299378443914082e-05,0.00015062523904
Fugue-asplos-EPIC-shared-readers-B1,F2,prefill_common,13,ff1,GPU,0,0.025589724300674282,0.02565904554480615,6.932124413186813e-05,0.010636269977600001
Fugue-asplos-EPIC-shared-readers-B1,F2,prefill_common,13,ff2,GPU,0,0.02565904554480615,0.025728366788938018,6.932124413186813e-05,0.010636269977600001
Fugue-asplos-EPIC-shared-readers-B1,F2,prefill_common,13,glu,GPU,0,0.025728366788938018,0.025739211675878733,1.0844886940715989e-05,0.00040298151935999995
Fugue-asplos-EPIC-shared-readers-B1,F2,prefill_common,13,ff3,GPU,0,0.025739211675878733,0.025815031786647964,7.582011076923077e-05,0.010812210544639999
Fugue-asplos-EPIC-shared-readers-B1,F2,prefill_common,13,comm_g2g,GPU,0,0.025815031786647964,0.025815031786647964,0.0,1.60169984e-05
Fugue-asplos-EPIC-shared-readers-B1,F2,prefill_common,13,norm2,GPU,0,0.025815031786647964,0.025825331165091878,1.0299378443914082e-05,0.00015062523904
Fugue-asplos-EPIC-shared-readers-B1,F2,prefill_common,14,qkv,GPU,0,0.025825331165091878,0.025910628789707263,8.529762461538462e-05,0.01168565075968
Fugue-asplos-EPIC-shared-readers-B1,F2,prefill_attention,14,attention_service,GPU,0,0.025910628789707263,0.027395658892484184,0.0014850301027769198,0.02747390542976
Fugue-asplos-EPIC-shared-readers-B1,F2,prefill_common,14,proj,GPU,0,0.027395658892484184,0.027424091434022645,2.843254153846154e-05,0.00408576589824
Fugue-asplos-EPIC-shared-readers-B1,F2,prefill_common,14,comm_g2g,GPU,0,0.027424091434022645,0.027424091434022645,0.0,1.60169984e-05
Fugue-asplos-EPIC-shared-readers-B1,F2,prefill_common,14,norm1,GPU,0,0.027424091434022645,0.02743439081246656,1.0299378443914082e-05,0.00015062523904
Fugue-asplos-EPIC-shared-readers-B1,F2,prefill_common,14,ff1,GPU,0,0.02743439081246656,0.027503712056598427,6.932124413186813e-05,0.010636269977600001
Fugue-asplos-EPIC-shared-readers-B1,F2,prefill_common,14,ff2,GPU,0,0.027503712056598427,0.027573033300730295,6.932124413186813e-05,0.010636269977600001
Fugue-asplos-EPIC-shared-readers-B1,F2,prefill_common,14,glu,GPU,0,0.027573033300730295,0.02758387818767101,1.0844886940715989e-05,0.00040298151935999995
Fugue-asplos-EPIC-shared-readers-B1,F2,prefill_common,14,ff3,GPU,0,0.02758387818767101,0.02765969829844024,7.582011076923077e-05,0.010812210544639999
Fugue-asplos-EPIC-shared-readers-B1,F2,prefill_common,14,comm_g2g,GPU,0,0.02765969829844024,0.02765969829844024,0.0,1.60169984e-05
Fugue-asplos-EPIC-shared-readers-B1,F2,prefill_common,14,norm2,GPU,0,0.02765969829844024,0.027669997676884155,1.0299378443914082e-05,0.00015062523904
Fugue-asplos-EPIC-shared-readers-B1,F2,prefill_common,15,qkv,GPU,0,0.027669997676884155,0.02775529530149954,8.529762461538462e-05,0.01168565075968
Fugue-asplos-EPIC-shared-readers-B1,F2,prefill_attention,15,attention_service,GPU,0,0.02775529530149954,0.02924032540427646,0.0014850301027769198,0.02747390542976
Fugue-asplos-EPIC-shared-readers-B1,F2,prefill_common,15,proj,GPU,0,0.02924032540427646,0.029268757945814922,2.843254153846154e-05,0.00408576589824
Fugue-asplos-EPIC-shared-readers-B1,F2,prefill_common,15,comm_g2g,GPU,0,0.029268757945814922,0.029268757945814922,0.0,1.60169984e-05
Fugue-asplos-EPIC-shared-readers-B1,F2,prefill_common,15,norm1,GPU,0,0.029268757945814922,0.029279057324258836,1.0299378443914082e-05,0.00015062523904
Fugue-asplos-EPIC-shared-readers-B1,F2,prefill_common,15,ff1,GPU,0,0.029279057324258836,0.029348378568390704,6.932124413186813e-05,0.010636269977600001
Fugue-asplos-EPIC-shared-readers-B1,F2,prefill_common,15,ff2,GPU,0,0.029348378568390704,0.029417699812522572,6.932124413186813e-05,0.010636269977600001
Fugue-asplos-EPIC-shared-readers-B1,F2,prefill_common,15,glu,GPU,0,0.029417699812522572,0.029428544699463287,1.0844886940715989e-05,0.00040298151935999995
Fugue-asplos-EPIC-shared-readers-B1,F2,prefill_common,15,ff3,GPU,0,0.029428544699463287,0.029504364810232518,7.582011076923077e-05,0.010812210544639999
Fugue-asplos-EPIC-shared-readers-B1,F2,prefill_common,15,comm_g2g,GPU,0,0.029504364810232518,0.029504364810232518,0.0,1.60169984e-05
Fugue-asplos-EPIC-shared-readers-B1,F2,prefill_common,15,norm2,GPU,0,0.029504364810232518,0.02951466418867643,1.0299378443914082e-05,0.00015062523904
Fugue-asplos-EPIC-shared-readers-B1,F2,prefill_common,16,qkv,GPU,0,0.02951466418867643,0.029599961813291817,8.529762461538462e-05,0.01168565075968
Fugue-asplos-EPIC-shared-readers-B1,F2,prefill_attention,16,attention_service,GPU,0,0.029599961813291817,0.031084991916068738,0.0014850301027769198,0.02747390542976
Fugue-asplos-EPIC-shared-readers-B1,F2,prefill_common,16,proj,GPU,0,0.031084991916068738,0.0311134244576072,2.843254153846154e-05,0.00408576589824
Fugue-asplos-EPIC-shared-readers-B1,F2,prefill_common,16,comm_g2g,GPU,0,0.0311134244576072,0.0311134244576072,0.0,1.60169984e-05
Fugue-asplos-EPIC-shared-readers-B1,F2,prefill_common,16,norm1,GPU,0,0.0311134244576072,0.031123723836051113,1.0299378443914082e-05,0.00015062523904
Fugue-asplos-EPIC-shared-readers-B1,F2,prefill_common,16,ff1,GPU,0,0.031123723836051113,0.03119304508018298,6.932124413186813e-05,0.010636269977600001
Fugue-asplos-EPIC-shared-readers-B1,F2,prefill_common,16,ff2,GPU,0,0.03119304508018298,0.031262366324314846,6.932124413186813e-05,0.010636269977600001
Fugue-asplos-EPIC-shared-readers-B1,F2,prefill_common,16,glu,GPU,0,0.031262366324314846,0.031273211211255564,1.0844886940715989e-05,0.00040298151935999995
Fugue-asplos-EPIC-shared-readers-B1,F2,prefill_common,16,ff3,GPU,0,0.031273211211255564,0.031349031322024795,7.582011076923077e-05,0.010812210544639999
Fugue-asplos-EPIC-shared-readers-B1,F2,prefill_common,16,comm_g2g,GPU,0,0.031349031322024795,0.031349031322024795,0.0,1.60169984e-05
Fugue-asplos-EPIC-shared-readers-B1,F2,prefill_common,16,norm2,GPU,0,0.031349031322024795,0.03135933070046871,1.0299378443914082e-05,0.00015062523904
Fugue-asplos-EPIC-shared-readers-B1,F2,prefill_common,17,qkv,GPU,0,0.03135933070046871,0.031444628325084094,8.529762461538462e-05,0.01168565075968
Fugue-asplos-EPIC-shared-readers-B1,F2,prefill_attention,17,attention_service,GPU,0,0.031444628325084094,0.03292965842786101,0.0014850301027769198,0.02747390542976
Fugue-asplos-EPIC-shared-readers-B1,F2,prefill_common,17,proj,GPU,0,0.03292965842786101,0.03295809096939947,2.843254153846154e-05,0.00408576589824
Fugue-asplos-EPIC-shared-readers-B1,F2,prefill_common,17,comm_g2g,GPU,0,0.03295809096939947,0.03295809096939947,0.0,1.60169984e-05
Fugue-asplos-EPIC-shared-readers-B1,F2,prefill_common,17,norm1,GPU,0,0.03295809096939947,0.032968390347843386,1.0299378443914082e-05,0.00015062523904
Fugue-asplos-EPIC-shared-readers-B1,F2,prefill_common,17,ff1,GPU,0,0.032968390347843386,0.03303771159197525,6.932124413186813e-05,0.010636269977600001
Fugue-asplos-EPIC-shared-readers-B1,F2,prefill_common,17,ff2,GPU,0,0.03303771159197525,0.033107032836107116,6.932124413186813e-05,0.010636269977600001
Fugue-asplos-EPIC-shared-readers-B1,F2,prefill_common,17,glu,GPU,0,0.033107032836107116,0.033117877723047834,1.0844886940715989e-05,0.00040298151935999995
Fugue-asplos-EPIC-shared-readers-B1,F2,prefill_common,17,ff3,GPU,0,0.033117877723047834,0.033193697833817065,7.582011076923077e-05,0.010812210544639999
Fugue-asplos-EPIC-shared-readers-B1,F2,prefill_common,17,comm_g2g,GPU,0,0.033193697833817065,0.033193697833817065,0.0,1.60169984e-05
Fugue-asplos-EPIC-shared-readers-B1,F2,prefill_common,17,norm2,GPU,0,0.033193697833817065,0.03320399721226098,1.0299378443914082e-05,0.00015062523904
Fugue-asplos-EPIC-shared-readers-B1,F2,prefill_common,18,qkv,GPU,0,0.03320399721226098,0.033289294836876364,8.529762461538462e-05,0.01168565075968
Fugue-asplos-EPIC-shared-readers-B1,F2,prefill_attention,18,attention_service,GPU,0,0.033289294836876364,0.03477432493965328,0.0014850301027769198,0.02747390542976
Fugue-asplos-EPIC-shared-readers-B1,F2,prefill_common,18,proj,GPU,0,0.03477432493965328,0.03480275748119174,2.843254153846154e-05,0.00408576589824
Fugue-asplos-EPIC-shared-readers-B1,F2,prefill_common,18,comm_g2g,GPU,0,0.03480275748119174,0.03480275748119174,0.0,1.60169984e-05
Fugue-asplos-EPIC-shared-readers-B1,F2,prefill_common,18,norm1,GPU,0,0.03480275748119174,0.034813056859635656,1.0299378443914082e-05,0.00015062523904
Fugue-asplos-EPIC-shared-readers-B1,F2,prefill_common,18,ff1,GPU,0,0.034813056859635656,0.03488237810376752,6.932124413186813e-05,0.010636269977600001
Fugue-asplos-EPIC-shared-readers-B1,F2,prefill_common,18,ff2,GPU,0,0.03488237810376752,0.034951699347899386,6.932124413186813e-05,0.010636269977600001
Fugue-asplos-EPIC-shared-readers-B1,F2,prefill_common,18,glu,GPU,0,0.034951699347899386,0.034962544234840104,1.0844886940715989e-05,0.00040298151935999995
Fugue-asplos-EPIC-shared-readers-B1,F2,prefill_common,18,ff3,GPU,0,0.034962544234840104,0.035038364345609335,7.582011076923077e-05,0.010812210544639999
Fugue-asplos-EPIC-shared-readers-B1,F2,prefill_common,18,comm_g2g,GPU,0,0.035038364345609335,0.035038364345609335,0.0,1.60169984e-05
Fugue-asplos-EPIC-shared-readers-B1,F2,prefill_common,18,norm2,GPU,0,0.035038364345609335,0.03504866372405325,1.0299378443914082e-05,0.00015062523904
Fugue-asplos-EPIC-shared-readers-B1,F2,prefill_common,19,qkv,GPU,0,0.03504866372405325,0.035133961348668634,8.529762461538462e-05,0.01168565075968
Fugue-asplos-EPIC-shared-readers-B1,F2,prefill_attention,19,attention_service,GPU,0,0.035133961348668634,0.03661899145144555,0.0014850301027769198,0.02747390542976
Fugue-asplos-EPIC-shared-readers-B1,F2,prefill_common,19,proj,GPU,0,0.03661899145144555,0.03664742399298401,2.843254153846154e-05,0.00408576589824
Fugue-asplos-EPIC-shared-readers-B1,F2,prefill_common,19,comm_g2g,GPU,0,0.03664742399298401,0.03664742399298401,0.0,1.60169984e-05
Fugue-asplos-EPIC-shared-readers-B1,F2,prefill_common,19,norm1,GPU,0,0.03664742399298401,0.036657723371427926,1.0299378443914082e-05,0.00015062523904
Fugue-asplos-EPIC-shared-readers-B1,F2,prefill_common,19,ff1,GPU,0,0.036657723371427926,0.03672704461555979,6.932124413186813e-05,0.010636269977600001
Fugue-asplos-EPIC-shared-readers-B1,F2,prefill_common,19,ff2,GPU,0,0.03672704461555979,0.036796365859691656,6.932124413186813e-05,0.010636269977600001
Fugue-asplos-EPIC-shared-readers-B1,F2,prefill_common,19,glu,GPU,0,0.036796365859691656,0.036807210746632374,1.0844886940715989e-05,0.00040298151935999995
Fugue-asplos-EPIC-shared-readers-B1,F2,prefill_common,19,ff3,GPU,0,0.036807210746632374,0.036883030857401605,7.582011076923077e-05,0.010812210544639999
Fugue-asplos-EPIC-shared-readers-B1,F2,prefill_common,19,comm_g2g,GPU,0,0.036883030857401605,0.036883030857401605,0.0,1.60169984e-05
Fugue-asplos-EPIC-shared-readers-B1,F2,prefill_common,19,norm2,GPU,0,0.036883030857401605,0.03689333023584552,1.0299378443914082e-05,0.00015062523904
Fugue-asplos-EPIC-shared-readers-B1,F2,prefill_common,20,qkv,GPU,0,0.03689333023584552,0.036978627860460904,8.529762461538462e-05,0.01168565075968
Fugue-asplos-EPIC-shared-readers-B1,F2,prefill_attention,20,attention_service,GPU,0,0.036978627860460904,0.03846365796323782,0.0014850301027769198,0.02747390542976
Fugue-asplos-EPIC-shared-readers-B1,F2,prefill_common,20,proj,GPU,0,0.03846365796323782,0.03849209050477628,2.843254153846154e-05,0.00408576589824
Fugue-asplos-EPIC-shared-readers-B1,F2,prefill_common,20,comm_g2g,GPU,0,0.03849209050477628,0.03849209050477628,0.0,1.60169984e-05
Fugue-asplos-EPIC-shared-readers-B1,F2,prefill_common,20,norm1,GPU,0,0.03849209050477628,0.038502389883220196,1.0299378443914082e-05,0.00015062523904
Fugue-asplos-EPIC-shared-readers-B1,F2,prefill_common,20,ff1,GPU,0,0.038502389883220196,0.03857171112735206,6.932124413186813e-05,0.010636269977600001
Fugue-asplos-EPIC-shared-readers-B1,F2,prefill_common,20,ff2,GPU,0,0.03857171112735206,0.038641032371483926,6.932124413186813e-05,0.010636269977600001
Fugue-asplos-EPIC-shared-readers-B1,F2,prefill_common,20,glu,GPU,0,0.038641032371483926,0.038651877258424644,1.0844886940715989e-05,0.00040298151935999995
Fugue-asplos-EPIC-shared-readers-B1,F2,prefill_common,20,ff3,GPU,0,0.038651877258424644,0.038727697369193875,7.582011076923077e-05,0.010812210544639999
Fugue-asplos-EPIC-shared-readers-B1,F2,prefill_common,20,comm_g2g,GPU,0,0.038727697369193875,0.038727697369193875,0.0,1.60169984e-05
Fugue-asplos-EPIC-shared-readers-B1,F2,prefill_common,20,norm2,GPU,0,0.038727697369193875,0.03873799674763779,1.0299378443914082e-05,0.00015062523904
Fugue-asplos-EPIC-shared-readers-B1,F2,prefill_common,21,qkv,GPU,0,0.03873799674763779,0.038823294372253174,8.529762461538462e-05,0.01168565075968
Fugue-asplos-EPIC-shared-readers-B1,F2,prefill_attention,21,attention_service,GPU,0,0.038823294372253174,0.04030832447503009,0.0014850301027769198,0.02747390542976
Fugue-asplos-EPIC-shared-readers-B1,F2,prefill_common,21,proj,GPU,0,0.04030832447503009,0.04033675701656855,2.843254153846154e-05,0.00408576589824
Fugue-asplos-EPIC-shared-readers-B1,F2,prefill_common,21,comm_g2g,GPU,0,0.04033675701656855,0.04033675701656855,0.0,1.60169984e-05
Fugue-asplos-EPIC-shared-readers-B1,F2,prefill_common,21,norm1,GPU,0,0.04033675701656855,0.040347056395012466,1.0299378443914082e-05,0.00015062523904
Fugue-asplos-EPIC-shared-readers-B1,F2,prefill_common,21,ff1,GPU,0,0.040347056395012466,0.04041637763914433,6.932124413186813e-05,0.010636269977600001
Fugue-asplos-EPIC-shared-readers-B1,F2,prefill_common,21,ff2,GPU,0,0.04041637763914433,0.040485698883276196,6.932124413186813e-05,0.010636269977600001
Fugue-asplos-EPIC-shared-readers-B1,F2,prefill_common,21,glu,GPU,0,0.040485698883276196,0.040496543770216914,1.0844886940715989e-05,0.00040298151935999995
Fugue-asplos-EPIC-shared-readers-B1,F2,prefill_common,21,ff3,GPU,0,0.040496543770216914,0.040572363880986145,7.582011076923077e-05,0.010812210544639999
Fugue-asplos-EPIC-shared-readers-B1,F2,prefill_common,21,comm_g2g,GPU,0,0.040572363880986145,0.040572363880986145,0.0,1.60169984e-05
Fugue-asplos-EPIC-shared-readers-B1,F2,prefill_common,21,norm2,GPU,0,0.040572363880986145,0.04058266325943006,1.0299378443914082e-05,0.00015062523904
Fugue-asplos-EPIC-shared-readers-B1,F2,prefill_common,22,qkv,GPU,0,0.04058266325943006,0.040667960884045444,8.529762461538462e-05,0.01168565075968
Fugue-asplos-EPIC-shared-readers-B1,F2,prefill_attention,22,attention_service,GPU,0,0.040667960884045444,0.04215299098682236,0.0014850301027769198,0.02747390542976
Fugue-asplos-EPIC-shared-readers-B1,F2,prefill_common,22,proj,GPU,0,0.04215299098682236,0.04218142352836082,2.843254153846154e-05,0.00408576589824
Fugue-asplos-EPIC-shared-readers-B1,F2,prefill_common,22,comm_g2g,GPU,0,0.04218142352836082,0.04218142352836082,0.0,1.60169984e-05
Fugue-asplos-EPIC-shared-readers-B1,F2,prefill_common,22,norm1,GPU,0,0.04218142352836082,0.042191722906804736,1.0299378443914082e-05,0.00015062523904
Fugue-asplos-EPIC-shared-readers-B1,F2,prefill_common,22,ff1,GPU,0,0.042191722906804736,0.0422610441509366,6.932124413186813e-05,0.010636269977600001
Fugue-asplos-EPIC-shared-readers-B1,F2,prefill_common,22,ff2,GPU,0,0.0422610441509366,0.042330365395068466,6.932124413186813e-05,0.010636269977600001
Fugue-asplos-EPIC-shared-readers-B1,F2,prefill_common,22,glu,GPU,0,0.042330365395068466,0.042341210282009184,1.0844886940715989e-05,0.00040298151935999995
Fugue-asplos-EPIC-shared-readers-B1,F2,prefill_common,22,ff3,GPU,0,0.042341210282009184,0.042417030392778415,7.582011076923077e-05,0.010812210544639999
Fugue-asplos-EPIC-shared-readers-B1,F2,prefill_common,22,comm_g2g,GPU,0,0.042417030392778415,0.042417030392778415,0.0,1.60169984e-05
Fugue-asplos-EPIC-shared-readers-B1,F2,prefill_common,22,norm2,GPU,0,0.042417030392778415,0.04242732977122233,1.0299378443914082e-05,0.00015062523904
Fugue-asplos-EPIC-shared-readers-B1,F2,prefill_common,23,qkv,GPU,0,0.04242732977122233,0.042512627395837714,8.529762461538462e-05,0.01168565075968
Fugue-asplos-EPIC-shared-readers-B1,F2,prefill_attention,23,attention_service,GPU,0,0.042512627395837714,0.04399765749861463,0.0014850301027769198,0.02747390542976
Fugue-asplos-EPIC-shared-readers-B1,F2,prefill_common,23,proj,GPU,0,0.04399765749861463,0.04402609004015309,2.843254153846154e-05,0.00408576589824
Fugue-asplos-EPIC-shared-readers-B1,F2,prefill_common,23,comm_g2g,GPU,0,0.04402609004015309,0.04402609004015309,0.0,1.60169984e-05
Fugue-asplos-EPIC-shared-readers-B1,F2,prefill_common,23,norm1,GPU,0,0.04402609004015309,0.044036389418597006,1.0299378443914082e-05,0.00015062523904
Fugue-asplos-EPIC-shared-readers-B1,F2,prefill_common,23,ff1,GPU,0,0.044036389418597006,0.04410571066272887,6.932124413186813e-05,0.010636269977600001
Fugue-asplos-EPIC-shared-readers-B1,F2,prefill_common,23,ff2,GPU,0,0.04410571066272887,0.044175031906860736,6.932124413186813e-05,0.010636269977600001
Fugue-asplos-EPIC-shared-readers-B1,F2,prefill_common,23,glu,GPU,0,0.044175031906860736,0.044185876793801454,1.0844886940715989e-05,0.00040298151935999995
Fugue-asplos-EPIC-shared-readers-B1,F2,prefill_common,23,ff3,GPU,0,0.044185876793801454,0.044261696904570685,7.582011076923077e-05,0.010812210544639999
Fugue-asplos-EPIC-shared-readers-B1,F2,prefill_common,23,comm_g2g,GPU,0,0.044261696904570685,0.044261696904570685,0.0,1.60169984e-05
Fugue-asplos-EPIC-shared-readers-B1,F2,prefill_common,23,norm2,GPU,0,0.044261696904570685,0.0442719962830146,1.0299378443914082e-05,0.00015062523904
Fugue-asplos-EPIC-shared-readers-B1,F2,prefill_common,24,qkv,GPU,0,0.0442719962830146,0.044357293907629984,8.529762461538462e-05,0.01168565075968
Fugue-asplos-EPIC-shared-readers-B1,F2,prefill_attention,24,attention_service,GPU,0,0.044357293907629984,0.0458423240104069,0.0014850301027769198,0.02747390542976
Fugue-asplos-EPIC-shared-readers-B1,F2,prefill_common,24,proj,GPU,0,0.0458423240104069,0.04587075655194536,2.843254153846154e-05,0.00408576589824
Fugue-asplos-EPIC-shared-readers-B1,F2,prefill_common,24,comm_g2g,GPU,0,0.04587075655194536,0.04587075655194536,0.0,1.60169984e-05
Fugue-asplos-EPIC-shared-readers-B1,F2,prefill_common,24,norm1,GPU,0,0.04587075655194536,0.045881055930389276,1.0299378443914082e-05,0.00015062523904
Fugue-asplos-EPIC-shared-readers-B1,F2,prefill_common,24,ff1,GPU,0,0.045881055930389276,0.04595037717452114,6.932124413186813e-05,0.010636269977600001
Fugue-asplos-EPIC-shared-readers-B1,F2,prefill_common,24,ff2,GPU,0,0.04595037717452114,0.046019698418653006,6.932124413186813e-05,0.010636269977600001
Fugue-asplos-EPIC-shared-readers-B1,F2,prefill_common,24,glu,GPU,0,0.046019698418653006,0.046030543305593724,1.0844886940715989e-05,0.00040298151935999995
Fugue-asplos-EPIC-shared-readers-B1,F2,prefill_common,24,ff3,GPU,0,0.046030543305593724,0.046106363416362955,7.582011076923077e-05,0.010812210544639999
Fugue-asplos-EPIC-shared-readers-B1,F2,prefill_common,24,comm_g2g,GPU,0,0.046106363416362955,0.046106363416362955,0.0,1.60169984e-05
Fugue-asplos-EPIC-shared-readers-B1,F2,prefill_common,24,norm2,GPU,0,0.046106363416362955,0.04611666279480687,1.0299378443914082e-05,0.00015062523904
Fugue-asplos-EPIC-shared-readers-B1,F2,prefill_common,25,qkv,GPU,0,0.04611666279480687,0.046201960419422254,8.529762461538462e-05,0.01168565075968
Fugue-asplos-EPIC-shared-readers-B1,F2,prefill_attention,25,attention_service,GPU,0,0.046201960419422254,0.04768699052219917,0.0014850301027769198,0.02747390542976
Fugue-asplos-EPIC-shared-readers-B1,F2,prefill_common,25,proj,GPU,0,0.04768699052219917,0.04771542306373763,2.843254153846154e-05,0.00408576589824
Fugue-asplos-EPIC-shared-readers-B1,F2,prefill_common,25,comm_g2g,GPU,0,0.04771542306373763,0.04771542306373763,0.0,1.60169984e-05
Fugue-asplos-EPIC-shared-readers-B1,F2,prefill_common,25,norm1,GPU,0,0.04771542306373763,0.047725722442181547,1.0299378443914082e-05,0.00015062523904
Fugue-asplos-EPIC-shared-readers-B1,F2,prefill_common,25,ff1,GPU,0,0.047725722442181547,0.04779504368631341,6.932124413186813e-05,0.010636269977600001
Fugue-asplos-EPIC-shared-readers-B1,F2,prefill_common,25,ff2,GPU,0,0.04779504368631341,0.047864364930445276,6.932124413186813e-05,0.010636269977600001
Fugue-asplos-EPIC-shared-readers-B1,F2,prefill_common,25,glu,GPU,0,0.047864364930445276,0.047875209817385994,1.0844886940715989e-05,0.00040298151935999995
Fugue-asplos-EPIC-shared-readers-B1,F2,prefill_common,25,ff3,GPU,0,0.047875209817385994,0.047951029928155225,7.582011076923077e-05,0.010812210544639999
Fugue-asplos-EPIC-shared-readers-B1,F2,prefill_common,25,comm_g2g,GPU,0,0.047951029928155225,0.047951029928155225,0.0,1.60169984e-05
Fugue-asplos-EPIC-shared-readers-B1,F2,prefill_common,25,norm2,GPU,0,0.047951029928155225,0.04796132930659914,1.0299378443914082e-05,0.00015062523904
Fugue-asplos-EPIC-shared-readers-B1,F2,prefill_common,26,qkv,GPU,0,0.04796132930659914,0.048046626931214524,8.529762461538462e-05,0.01168565075968
Fugue-asplos-EPIC-shared-readers-B1,F2,prefill_attention,26,attention_service,GPU,0,0.048046626931214524,0.04953165703399144,0.0014850301027769198,0.02747390542976
Fugue-asplos-EPIC-shared-readers-B1,F2,prefill_common,26,proj,GPU,0,0.04953165703399144,0.0495600895755299,2.843254153846154e-05,0.00408576589824
Fugue-asplos-EPIC-shared-readers-B1,F2,prefill_common,26,comm_g2g,GPU,0,0.0495600895755299,0.0495600895755299,0.0,1.60169984e-05
Fugue-asplos-EPIC-shared-readers-B1,F2,prefill_common,26,norm1,GPU,0,0.0495600895755299,0.04957038895397382,1.0299378443914082e-05,0.00015062523904
Fugue-asplos-EPIC-shared-readers-B1,F2,prefill_common,26,ff1,GPU,0,0.04957038895397382,0.04963971019810568,6.932124413186813e-05,0.010636269977600001
Fugue-asplos-EPIC-shared-readers-B1,F2,prefill_common,26,ff2,GPU,0,0.04963971019810568,0.049709031442237546,6.932124413186813e-05,0.010636269977600001
Fugue-asplos-EPIC-shared-readers-B1,F2,prefill_common,26,glu,GPU,0,0.049709031442237546,0.049719876329178264,1.0844886940715989e-05,0.00040298151935999995
Fugue-asplos-EPIC-shared-readers-B1,F2,prefill_common,26,ff3,GPU,0,0.049719876329178264,0.049795696439947496,7.582011076923077e-05,0.010812210544639999
Fugue-asplos-EPIC-shared-readers-B1,F2,prefill_common,26,comm_g2g,GPU,0,0.049795696439947496,0.049795696439947496,0.0,1.60169984e-05
Fugue-asplos-EPIC-shared-readers-B1,F2,prefill_common,26,norm2,GPU,0,0.049795696439947496,0.04980599581839141,1.0299378443914082e-05,0.00015062523904
Fugue-asplos-EPIC-shared-readers-B1,F2,prefill_common,27,qkv,GPU,0,0.04980599581839141,0.049891293443006794,8.529762461538462e-05,0.01168565075968
Fugue-asplos-EPIC-shared-readers-B1,F2,prefill_attention,27,attention_service,GPU,0,0.049891293443006794,0.05137632354578371,0.0014850301027769198,0.02747390542976
Fugue-asplos-EPIC-shared-readers-B1,F2,prefill_common,27,proj,GPU,0,0.05137632354578371,0.05140475608732217,2.843254153846154e-05,0.00408576589824
Fugue-asplos-EPIC-shared-readers-B1,F2,prefill_common,27,comm_g2g,GPU,0,0.05140475608732217,0.05140475608732217,0.0,1.60169984e-05
Fugue-asplos-EPIC-shared-readers-B1,F2,prefill_common,27,norm1,GPU,0,0.05140475608732217,0.05141505546576609,1.0299378443914082e-05,0.00015062523904
Fugue-asplos-EPIC-shared-readers-B1,F2,prefill_common,27,ff1,GPU,0,0.05141505546576609,0.05148437670989795,6.932124413186813e-05,0.010636269977600001
Fugue-asplos-EPIC-shared-readers-B1,F2,prefill_common,27,ff2,GPU,0,0.05148437670989795,0.051553697954029816,6.932124413186813e-05,0.010636269977600001
Fugue-asplos-EPIC-shared-readers-B1,F2,prefill_common,27,glu,GPU,0,0.051553697954029816,0.051564542840970534,1.0844886940715989e-05,0.00040298151935999995
Fugue-asplos-EPIC-shared-readers-B1,F2,prefill_common,27,ff3,GPU,0,0.051564542840970534,0.051640362951739766,7.582011076923077e-05,0.010812210544639999
Fugue-asplos-EPIC-shared-readers-B1,F2,prefill_common,27,comm_g2g,GPU,0,0.051640362951739766,0.051640362951739766,0.0,1.60169984e-05
Fugue-asplos-EPIC-shared-readers-B1,F2,prefill_common,27,norm2,GPU,0,0.051640362951739766,0.05165066233018368,1.0299378443914082e-05,0.00015062523904
Fugue-asplos-EPIC-shared-readers-B1,F2,prefill_common,28,qkv,GPU,0,0.05165066233018368,0.051735959954799064,8.529762461538462e-05,0.01168565075968
Fugue-asplos-EPIC-shared-readers-B1,F2,prefill_attention,28,attention_service,GPU,0,0.051735959954799064,0.05322099005757598,0.0014850301027769198,0.02747390542976
Fugue-asplos-EPIC-shared-readers-B1,F2,prefill_common,28,proj,GPU,0,0.05322099005757598,0.05324942259911444,2.843254153846154e-05,0.00408576589824
Fugue-asplos-EPIC-shared-readers-B1,F2,prefill_common,28,comm_g2g,GPU,0,0.05324942259911444,0.05324942259911444,0.0,1.60169984e-05
Fugue-asplos-EPIC-shared-readers-B1,F2,prefill_common,28,norm1,GPU,0,0.05324942259911444,0.05325972197755836,1.0299378443914082e-05,0.00015062523904
Fugue-asplos-EPIC-shared-readers-B1,F2,prefill_common,28,ff1,GPU,0,0.05325972197755836,0.05332904322169022,6.932124413186813e-05,0.010636269977600001
Fugue-asplos-EPIC-shared-readers-B1,F2,prefill_common,28,ff2,GPU,0,0.05332904322169022,0.053398364465822086,6.932124413186813e-05,0.010636269977600001
Fugue-asplos-EPIC-shared-readers-B1,F2,prefill_common,28,glu,GPU,0,0.053398364465822086,0.053409209352762804,1.0844886940715989e-05,0.00040298151935999995
Fugue-asplos-EPIC-shared-readers-B1,F2,prefill_common,28,ff3,GPU,0,0.053409209352762804,0.053485029463532036,7.582011076923077e-05,0.010812210544639999
Fugue-asplos-EPIC-shared-readers-B1,F2,prefill_common,28,comm_g2g,GPU,0,0.053485029463532036,0.053485029463532036,0.0,1.60169984e-05
Fugue-asplos-EPIC-shared-readers-B1,F2,prefill_common,28,norm2,GPU,0,0.053485029463532036,0.05349532884197595,1.0299378443914082e-05,0.00015062523904
Fugue-asplos-EPIC-shared-readers-B1,F2,prefill_common,29,qkv,GPU,0,0.05349532884197595,0.053580626466591334,8.529762461538462e-05,0.01168565075968
Fugue-asplos-EPIC-shared-readers-B1,F2,prefill_attention,29,attention_service,GPU,0,0.053580626466591334,0.05506565656936825,0.0014850301027769198,0.02747390542976
Fugue-asplos-EPIC-shared-readers-B1,F2,prefill_common,29,proj,GPU,0,0.05506565656936825,0.05509408911090671,2.843254153846154e-05,0.00408576589824
Fugue-asplos-EPIC-shared-readers-B1,F2,prefill_common,29,comm_g2g,GPU,0,0.05509408911090671,0.05509408911090671,0.0,1.60169984e-05
Fugue-asplos-EPIC-shared-readers-B1,F2,prefill_common,29,norm1,GPU,0,0.05509408911090671,0.05510438848935063,1.0299378443914082e-05,0.00015062523904
Fugue-asplos-EPIC-shared-readers-B1,F2,prefill_common,29,ff1,GPU,0,0.05510438848935063,0.05517370973348249,6.932124413186813e-05,0.010636269977600001
Fugue-asplos-EPIC-shared-readers-B1,F2,prefill_common,29,ff2,GPU,0,0.05517370973348249,0.055243030977614356,6.932124413186813e-05,0.010636269977600001
Fugue-asplos-EPIC-shared-readers-B1,F2,prefill_common,29,glu,GPU,0,0.055243030977614356,0.055253875864555074,1.0844886940715989e-05,0.00040298151935999995
Fugue-asplos-EPIC-shared-readers-B1,F2,prefill_common,29,ff3,GPU,0,0.055253875864555074,0.055329695975324306,7.582011076923077e-05,0.010812210544639999
Fugue-asplos-EPIC-shared-readers-B1,F2,prefill_common,29,comm_g2g,GPU,0,0.055329695975324306,0.055329695975324306,0.0,1.60169984e-05
Fugue-asplos-EPIC-shared-readers-B1,F2,prefill_common,29,norm2,GPU,0,0.055329695975324306,0.05533999535376822,1.0299378443914082e-05,0.00015062523904
Fugue-asplos-EPIC-shared-readers-B1,F2,prefill_common,30,qkv,GPU,0,0.05533999535376822,0.055425292978383604,8.529762461538462e-05,0.01168565075968
Fugue-asplos-EPIC-shared-readers-B1,F2,prefill_attention,30,attention_service,GPU,0,0.055425292978383604,0.05691032308116052,0.0014850301027769198,0.02747390542976
Fugue-asplos-EPIC-shared-readers-B1,F2,prefill_common,30,proj,GPU,0,0.05691032308116052,0.05693875562269898,2.843254153846154e-05,0.00408576589824
Fugue-asplos-EPIC-shared-readers-B1,F2,prefill_common,30,comm_g2g,GPU,0,0.05693875562269898,0.05693875562269898,0.0,1.60169984e-05
Fugue-asplos-EPIC-shared-readers-B1,F2,prefill_common,30,norm1,GPU,0,0.05693875562269898,0.0569490550011429,1.0299378443914082e-05,0.00015062523904
Fugue-asplos-EPIC-shared-readers-B1,F2,prefill_common,30,ff1,GPU,0,0.0569490550011429,0.05701837624527476,6.932124413186813e-05,0.010636269977600001
Fugue-asplos-EPIC-shared-readers-B1,F2,prefill_common,30,ff2,GPU,0,0.05701837624527476,0.057087697489406626,6.932124413186813e-05,0.010636269977600001
Fugue-asplos-EPIC-shared-readers-B1,F2,prefill_common,30,glu,GPU,0,0.057087697489406626,0.057098542376347344,1.0844886940715989e-05,0.00040298151935999995
Fugue-asplos-EPIC-shared-readers-B1,F2,prefill_common,30,ff3,GPU,0,0.057098542376347344,0.057174362487116576,7.582011076923077e-05,0.010812210544639999
Fugue-asplos-EPIC-shared-readers-B1,F2,prefill_common,30,comm_g2g,GPU,0,0.057174362487116576,0.057174362487116576,0.0,1.60169984e-05
Fugue-asplos-EPIC-shared-readers-B1,F2,prefill_common,30,norm2,GPU,0,0.057174362487116576,0.05718466186556049,1.0299378443914082e-05,0.00015062523904
Fugue-asplos-EPIC-shared-readers-B1,F2,prefill_common,31,qkv,GPU,0,0.05718466186556049,0.057269959490175874,8.529762461538462e-05,0.01168565075968
Fugue-asplos-EPIC-shared-readers-B1,F2,prefill_attention,31,attention_service,GPU,0,0.057269959490175874,0.05875498959295279,0.0014850301027769198,0.02747390542976
Fugue-asplos-EPIC-shared-readers-B1,F2,prefill_common,31,proj,GPU,0,0.05875498959295279,0.05878342213449125,2.843254153846154e-05,0.00408576589824
Fugue-asplos-EPIC-shared-readers-B1,F2,prefill_common,31,comm_g2g,GPU,0,0.05878342213449125,0.05878342213449125,0.0,1.60169984e-05
Fugue-asplos-EPIC-shared-readers-B1,F2,prefill_common,31,norm1,GPU,0,0.05878342213449125,0.05879372151293517,1.0299378443914082e-05,0.00015062523904
Fugue-asplos-EPIC-shared-readers-B1,F2,prefill_common,31,ff1,GPU,0,0.05879372151293517,0.05886304275706703,6.932124413186813e-05,0.010636269977600001
Fugue-asplos-EPIC-shared-readers-B1,F2,prefill_common,31,ff2,GPU,0,0.05886304275706703,0.058932364001198896,6.932124413186813e-05,0.010636269977600001
Fugue-asplos-EPIC-shared-readers-B1,F2,prefill_common,31,glu,GPU,0,0.058932364001198896,0.058943208888139614,1.0844886940715989e-05,0.00040298151935999995
Fugue-asplos-EPIC-shared-readers-B1,F2,prefill_common,31,ff3,GPU,0,0.058943208888139614,0.059019028998908846,7.582011076923077e-05,0.010812210544639999
Fugue-asplos-EPIC-shared-readers-B1,F2,prefill_common,31,comm_g2g,GPU,0,0.059019028998908846,0.059019028998908846,0.0,1.60169984e-05
Fugue-asplos-EPIC-shared-readers-B1,F2,prefill_common,31,norm2,GPU,0,0.059019028998908846,0.05902932837735276,1.0299378443914082e-05,0.00015062523904
Fugue-asplos-EPIC-shared-readers-B1,F2,decode,all,native_transformer,GPU+PIM,1,0.05902932837735276,0.06485748762985373,0.005828159252500972,0.4467111816495103
Fugue-asplos-EPIC-shared-readers-B1,F2,decode,all,native_transformer,GPU+PIM,2,0.06485748762985373,0.07068564688235471,0.005828159252500972,0.4467112244256767
Fugue-asplos-EPIC-shared-readers-B1,F2,decode,all,native_transformer,GPU+PIM,3,0.07068564688235471,0.07651380613485569,0.005828159252500972,0.44671126720184307
Fugue-asplos-EPIC-shared-readers-B1,F2,decode,all,native_transformer,GPU+PIM,4,0.07651380613485569,0.08234196538735666,0.005828159252500972,0.4467113099780095
Fugue-asplos-EPIC-shared-readers-B1,F2,decode,all,native_transformer,GPU+PIM,5,0.08234196538735666,0.08817012463985764,0.005828159252500972,0.4467113527541759
Fugue-asplos-EPIC-shared-readers-B1,F2,decode,all,native_transformer,GPU+PIM,6,0.08817012463985764,0.09399828389235862,0.005828159252500972,0.4467113955303423
Fugue-asplos-EPIC-shared-readers-B1,F2,decode,all,native_transformer,GPU+PIM,7,0.09399828389235862,0.0998264431448596,0.005828159252500972,0.4467114383065087
Fugue-asplos-EPIC-shared-readers-B1,F2,decode,all,native_transformer,GPU+PIM,8,0.0998264431448596,0.10565460239736058,0.005828159252500972,0.4467114810826751
Fugue-asplos-EPIC-shared-readers-B1,F2,decode,all,native_transformer,GPU+PIM,9,0.10565460239736058,0.11148276164986155,0.005828159252500972,0.4467115238588415
Fugue-asplos-EPIC-shared-readers-B1,F2,decode,all,native_transformer,GPU+PIM,10,0.11148276164986155,0.11731092090236253,0.005828159252500972,0.4467115666350079
Fugue-asplos-EPIC-shared-readers-B1,F2,decode,all,native_transformer,GPU+PIM,11,0.11731092090236253,0.12313908015486351,0.005828159252500972,0.4467116094111743
Fugue-asplos-EPIC-shared-readers-B1,F2,decode,all,native_transformer,GPU+PIM,12,0.12313908015486351,0.1289672394073645,0.005828159252500972,0.4467116521873407
Fugue-asplos-EPIC-shared-readers-B1,F2,decode,all,native_transformer,GPU+PIM,13,0.1289672394073645,0.13479539865986545,0.005828159252500972,0.44671169496350704
Fugue-asplos-EPIC-shared-readers-B1,F2,decode,all,native_transformer,GPU+PIM,14,0.13479539865986545,0.14062414850436641,0.005828749844500973,0.4467521079156735
Fugue-asplos-EPIC-shared-readers-B1,F2,decode,all,native_transformer,GPU+PIM,15,0.14062414850436641,0.14645289834886738,0.005828749844500973,0.4467521506918399
Fugue-asplos-EPIC-shared-readers-B1,F3,prefill_common,0,qkv,GPU,0,0.0,8.529762461538462e-05,8.529762461538462e-05,0.01168565075968
Fugue-asplos-EPIC-shared-readers-B1,F3,prefill_attention,0,attention_service,GPU,0,8.529762461538462e-05,0.0011315095940589712,0.0010462119694435866,0.02613682685056
Fugue-asplos-EPIC-shared-readers-B1,F3,prefill_common,0,proj,GPU,0,0.0011315095940589712,0.0011599421355974328,2.843254153846154e-05,0.00408576589824
Fugue-asplos-EPIC-shared-readers-B1,F3,prefill_common,0,comm_g2g,GPU,0,0.0011599421355974328,0.0011599421355974328,0.0,1.60169984e-05
Fugue-asplos-EPIC-shared-readers-B1,F3,prefill_common,0,norm1,GPU,0,0.0011599421355974328,0.0011702415140413468,1.0299378443914082e-05,0.00015062523904
Fugue-asplos-EPIC-shared-readers-B1,F3,prefill_common,0,ff1,GPU,0,0.0011702415140413468,0.001239562758173215,6.932124413186813e-05,0.010636269977600001
Fugue-asplos-EPIC-shared-readers-B1,F3,prefill_common,0,ff2,GPU,0,0.001239562758173215,0.0013088840023050832,6.932124413186813e-05,0.010636269977600001
Fugue-asplos-EPIC-shared-readers-B1,F3,prefill_common,0,glu,GPU,0,0.0013088840023050832,0.0013197288892457992,1.0844886940715989e-05,0.00040298151935999995
Fugue-asplos-EPIC-shared-readers-B1,F3,prefill_common,0,ff3,GPU,0,0.0013197288892457992,0.00139554900001503,7.582011076923077e-05,0.010812210544639999
Fugue-asplos-EPIC-shared-readers-B1,F3,prefill_common,0,comm_g2g,GPU,0,0.00139554900001503,0.00139554900001503,0.0,1.60169984e-05
Fugue-asplos-EPIC-shared-readers-B1,F3,prefill_common,0,norm2,GPU,0,0.00139554900001503,0.001405848378458944,1.0299378443914082e-05,0.00015062523904
Fugue-asplos-EPIC-shared-readers-B1,F3,prefill_common,1,qkv,GPU,0,0.001405848378458944,0.0014911460030743286,8.529762461538462e-05,0.01168565075968
Fugue-asplos-EPIC-shared-readers-B1,F3,prefill_attention,1,attention_service,GPU,0,0.0014911460030743286,0.0025373579725179152,0.0010462119694435866,0.02613682685056
Fugue-asplos-EPIC-shared-readers-B1,F3,prefill_common,1,proj,GPU,0,0.0025373579725179152,0.002565790514056377,2.843254153846154e-05,0.00408576589824
Fugue-asplos-EPIC-shared-readers-B1,F3,prefill_common,1,comm_g2g,GPU,0,0.002565790514056377,0.002565790514056377,0.0,1.60169984e-05
Fugue-asplos-EPIC-shared-readers-B1,F3,prefill_common,1,norm1,GPU,0,0.002565790514056377,0.002576089892500291,1.0299378443914082e-05,0.00015062523904
Fugue-asplos-EPIC-shared-readers-B1,F3,prefill_common,1,ff1,GPU,0,0.002576089892500291,0.002645411136632159,6.932124413186813e-05,0.010636269977600001
Fugue-asplos-EPIC-shared-readers-B1,F3,prefill_common,1,ff2,GPU,0,0.002645411136632159,0.002714732380764027,6.932124413186813e-05,0.010636269977600001
Fugue-asplos-EPIC-shared-readers-B1,F3,prefill_common,1,glu,GPU,0,0.002714732380764027,0.002725577267704743,1.0844886940715989e-05,0.00040298151935999995
Fugue-asplos-EPIC-shared-readers-B1,F3,prefill_common,1,ff3,GPU,0,0.002725577267704743,0.002801397378473974,7.582011076923077e-05,0.010812210544639999
Fugue-asplos-EPIC-shared-readers-B1,F3,prefill_common,1,comm_g2g,GPU,0,0.002801397378473974,0.002801397378473974,0.0,1.60169984e-05
Fugue-asplos-EPIC-shared-readers-B1,F3,prefill_common,1,norm2,GPU,0,0.002801397378473974,0.0028116967569178884,1.0299378443914082e-05,0.00015062523904
Fugue-asplos-EPIC-shared-readers-B1,F3,prefill_common,2,qkv,GPU,0,0.0028116967569178884,0.0028969943815332732,8.529762461538462e-05,0.01168565075968
Fugue-asplos-EPIC-shared-readers-B1,F3,prefill_attention,2,attention_service,GPU,0,0.0028969943815332732,0.00394320635097686,0.0010462119694435866,0.02613682685056
Fugue-asplos-EPIC-shared-readers-B1,F3,prefill_common,2,proj,GPU,0,0.00394320635097686,0.003971638892515322,2.843254153846154e-05,0.00408576589824
Fugue-asplos-EPIC-shared-readers-B1,F3,prefill_common,2,comm_g2g,GPU,0,0.003971638892515322,0.003971638892515322,0.0,1.60169984e-05
Fugue-asplos-EPIC-shared-readers-B1,F3,prefill_common,2,norm1,GPU,0,0.003971638892515322,0.003981938270959236,1.0299378443914082e-05,0.00015062523904
Fugue-asplos-EPIC-shared-readers-B1,F3,prefill_common,2,ff1,GPU,0,0.003981938270959236,0.004051259515091104,6.932124413186813e-05,0.010636269977600001
Fugue-asplos-EPIC-shared-readers-B1,F3,prefill_common,2,ff2,GPU,0,0.004051259515091104,0.004120580759222972,6.932124413186813e-05,0.010636269977600001
Fugue-asplos-EPIC-shared-readers-B1,F3,prefill_common,2,glu,GPU,0,0.004120580759222972,0.004131425646163688,1.0844886940715989e-05,0.00040298151935999995
Fugue-asplos-EPIC-shared-readers-B1,F3,prefill_common,2,ff3,GPU,0,0.004131425646163688,0.004207245756932918,7.582011076923077e-05,0.010812210544639999
Fugue-asplos-EPIC-shared-readers-B1,F3,prefill_common,2,comm_g2g,GPU,0,0.004207245756932918,0.004207245756932918,0.0,1.60169984e-05
Fugue-asplos-EPIC-shared-readers-B1,F3,prefill_common,2,norm2,GPU,0,0.004207245756932918,0.004217545135376833,1.0299378443914082e-05,0.00015062523904
Fugue-asplos-EPIC-shared-readers-B1,F3,prefill_common,3,qkv,GPU,0,0.004217545135376833,0.004302842759992217,8.529762461538462e-05,0.01168565075968
Fugue-asplos-EPIC-shared-readers-B1,F3,prefill_attention,3,attention_service,GPU,0,0.004302842759992217,0.005349054729435804,0.0010462119694435866,0.02613682685056
Fugue-asplos-EPIC-shared-readers-B1,F3,prefill_common,3,proj,GPU,0,0.005349054729435804,0.005377487270974266,2.843254153846154e-05,0.00408576589824
Fugue-asplos-EPIC-shared-readers-B1,F3,prefill_common,3,comm_g2g,GPU,0,0.005377487270974266,0.005377487270974266,0.0,1.60169984e-05
Fugue-asplos-EPIC-shared-readers-B1,F3,prefill_common,3,norm1,GPU,0,0.005377487270974266,0.00538778664941818,1.0299378443914082e-05,0.00015062523904
Fugue-asplos-EPIC-shared-readers-B1,F3,prefill_common,3,ff1,GPU,0,0.00538778664941818,0.005457107893550048,6.932124413186813e-05,0.010636269977600001
Fugue-asplos-EPIC-shared-readers-B1,F3,prefill_common,3,ff2,GPU,0,0.005457107893550048,0.0055264291376819165,6.932124413186813e-05,0.010636269977600001
Fugue-asplos-EPIC-shared-readers-B1,F3,prefill_common,3,glu,GPU,0,0.0055264291376819165,0.005537274024622632,1.0844886940715989e-05,0.00040298151935999995
Fugue-asplos-EPIC-shared-readers-B1,F3,prefill_common,3,ff3,GPU,0,0.005537274024622632,0.0056130941353918625,7.582011076923077e-05,0.010812210544639999
Fugue-asplos-EPIC-shared-readers-B1,F3,prefill_common,3,comm_g2g,GPU,0,0.0056130941353918625,0.0056130941353918625,0.0,1.60169984e-05
Fugue-asplos-EPIC-shared-readers-B1,F3,prefill_common,3,norm2,GPU,0,0.0056130941353918625,0.005623393513835777,1.0299378443914082e-05,0.00015062523904
Fugue-asplos-EPIC-shared-readers-B1,F3,prefill_common,4,qkv,GPU,0,0.005623393513835777,0.005708691138451161,8.529762461538462e-05,0.01168565075968
Fugue-asplos-EPIC-shared-readers-B1,F3,prefill_attention,4,attention_service,GPU,0,0.005708691138451161,0.006754903107894748,0.0010462119694435866,0.02613682685056
Fugue-asplos-EPIC-shared-readers-B1,F3,prefill_common,4,proj,GPU,0,0.006754903107894748,0.00678333564943321,2.843254153846154e-05,0.00408576589824
Fugue-asplos-EPIC-shared-readers-B1,F3,prefill_common,4,comm_g2g,GPU,0,0.00678333564943321,0.00678333564943321,0.0,1.60169984e-05
Fugue-asplos-EPIC-shared-readers-B1,F3,prefill_common,4,norm1,GPU,0,0.00678333564943321,0.006793635027877124,1.0299378443914082e-05,0.00015062523904
Fugue-asplos-EPIC-shared-readers-B1,F3,prefill_common,4,ff1,GPU,0,0.006793635027877124,0.0068629562720089925,6.932124413186813e-05,0.010636269977600001
Fugue-asplos-EPIC-shared-readers-B1,F3,prefill_common,4,ff2,GPU,0,0.0068629562720089925,0.006932277516140861,6.932124413186813e-05,0.010636269977600001
Fugue-asplos-EPIC-shared-readers-B1,F3,prefill_common,4,glu,GPU,0,0.006932277516140861,0.006943122403081576,1.0844886940715989e-05,0.00040298151935999995
Fugue-asplos-EPIC-shared-readers-B1,F3,prefill_common,4,ff3,GPU,0,0.006943122403081576,0.007018942513850807,7.582011076923077e-05,0.010812210544639999
Fugue-asplos-EPIC-shared-readers-B1,F3,prefill_common,4,comm_g2g,GPU,0,0.007018942513850807,0.007018942513850807,0.0,1.60169984e-05
Fugue-asplos-EPIC-shared-readers-B1,F3,prefill_common,4,norm2,GPU,0,0.007018942513850807,0.007029241892294721,1.0299378443914082e-05,0.00015062523904
Fugue-asplos-EPIC-shared-readers-B1,F3,prefill_common,5,qkv,GPU,0,0.007029241892294721,0.0071145395169101055,8.529762461538462e-05,0.01168565075968
Fugue-asplos-EPIC-shared-readers-B1,F3,prefill_attention,5,attention_service,GPU,0,0.0071145395169101055,0.008160751486353693,0.0010462119694435866,0.02613682685056
Fugue-asplos-EPIC-shared-readers-B1,F3,prefill_common,5,proj,GPU,0,0.008160751486353693,0.008189184027892154,2.843254153846154e-05,0.00408576589824
Fugue-asplos-EPIC-shared-readers-B1,F3,prefill_common,5,comm_g2g,GPU,0,0.008189184027892154,0.008189184027892154,0.0,1.60169984e-05
Fugue-asplos-EPIC-shared-readers-B1,F3,prefill_common,5,norm1,GPU,0,0.008189184027892154,0.008199483406336068,1.0299378443914082e-05,0.00015062523904
Fugue-asplos-EPIC-shared-readers-B1,F3,prefill_common,5,ff1,GPU,0,0.008199483406336068,0.008268804650467936,6.932124413186813e-05,0.010636269977600001
Fugue-asplos-EPIC-shared-readers-B1,F3,prefill_common,5,ff2,GPU,0,0.008268804650467936,0.008338125894599804,6.932124413186813e-05,0.010636269977600001
Fugue-asplos-EPIC-shared-readers-B1,F3,prefill_common,5,glu,GPU,0,0.008338125894599804,0.00834897078154052,1.0844886940715989e-05,0.00040298151935999995
Fugue-asplos-EPIC-shared-readers-B1,F3,prefill_common,5,ff3,GPU,0,0.00834897078154052,0.008424790892309752,7.582011076923077e-05,0.010812210544639999
Fugue-asplos-EPIC-shared-readers-B1,F3,prefill_common,5,comm_g2g,GPU,0,0.008424790892309752,0.008424790892309752,0.0,1.60169984e-05
Fugue-asplos-EPIC-shared-readers-B1,F3,prefill_common,5,norm2,GPU,0,0.008424790892309752,0.008435090270753665,1.0299378443914082e-05,0.00015062523904
Fugue-asplos-EPIC-shared-readers-B1,F3,prefill_common,6,qkv,GPU,0,0.008435090270753665,0.00852038789536905,8.529762461538462e-05,0.01168565075968
Fugue-asplos-EPIC-shared-readers-B1,F3,prefill_attention,6,attention_service,GPU,0,0.00852038789536905,0.009566599864812637,0.0010462119694435866,0.02613682685056
Fugue-asplos-EPIC-shared-readers-B1,F3,prefill_common,6,proj,GPU,0,0.009566599864812637,0.009595032406351098,2.843254153846154e-05,0.00408576589824
Fugue-asplos-EPIC-shared-readers-B1,F3,prefill_common,6,comm_g2g,GPU,0,0.009595032406351098,0.009595032406351098,0.0,1.60169984e-05
Fugue-asplos-EPIC-shared-readers-B1,F3,prefill_common,6,norm1,GPU,0,0.009595032406351098,0.009605331784795012,1.0299378443914082e-05,0.00015062523904
Fugue-asplos-EPIC-shared-readers-B1,F3,prefill_common,6,ff1,GPU,0,0.009605331784795012,0.00967465302892688,6.932124413186813e-05,0.010636269977600001
Fugue-asplos-EPIC-shared-readers-B1,F3,prefill_common,6,ff2,GPU,0,0.00967465302892688,0.009743974273058748,6.932124413186813e-05,0.010636269977600001
Fugue-asplos-EPIC-shared-readers-B1,F3,prefill_common,6,glu,GPU,0,0.009743974273058748,0.009754819159999465,1.0844886940715989e-05,0.00040298151935999995
Fugue-asplos-EPIC-shared-readers-B1,F3,prefill_common,6,ff3,GPU,0,0.009754819159999465,0.009830639270768696,7.582011076923077e-05,0.010812210544639999
Fugue-asplos-EPIC-shared-readers-B1,F3,prefill_common,6,comm_g2g,GPU,0,0.009830639270768696,0.009830639270768696,0.0,1.60169984e-05
Fugue-asplos-EPIC-shared-readers-B1,F3,prefill_common,6,norm2,GPU,0,0.009830639270768696,0.00984093864921261,1.0299378443914082e-05,0.00015062523904
Fugue-asplos-EPIC-shared-readers-B1,F3,prefill_common,7,qkv,GPU,0,0.00984093864921261,0.009926236273827995,8.529762461538462e-05,0.01168565075968
Fugue-asplos-EPIC-shared-readers-B1,F3,prefill_attention,7,attention_service,GPU,0,0.009926236273827995,0.010972448243271581,0.0010462119694435866,0.02613682685056
Fugue-asplos-EPIC-shared-readers-B1,F3,prefill_common,7,proj,GPU,0,0.010972448243271581,0.011000880784810043,2.843254153846154e-05,0.00408576589824
Fugue-asplos-EPIC-shared-readers-B1,F3,prefill_common,7,comm_g2g,GPU,0,0.011000880784810043,0.011000880784810043,0.0,1.60169984e-05
Fugue-asplos-EPIC-shared-readers-B1,F3,prefill_common,7,norm1,GPU,0,0.011000880784810043,0.011011180163253956,1.0299378443914082e-05,0.00015062523904
Fugue-asplos-EPIC-shared-readers-B1,F3,prefill_common,7,ff1,GPU,0,0.011011180163253956,0.011080501407385824,6.932124413186813e-05,0.010636269977600001
Fugue-asplos-EPIC-shared-readers-B1,F3,prefill_common,7,ff2,GPU,0,0.011080501407385824,0.011149822651517692,6.932124413186813e-05,0.010636269977600001
Fugue-asplos-EPIC-shared-readers-B1,F3,prefill_common,7,glu,GPU,0,0.011149822651517692,0.011160667538458409,1.0844886940715989e-05,0.00040298151935999995
Fugue-asplos-EPIC-shared-readers-B1,F3,prefill_common,7,ff3,GPU,0,0.011160667538458409,0.01123648764922764,7.582011076923077e-05,0.010812210544639999
Fugue-asplos-EPIC-shared-readers-B1,F3,prefill_common,7,comm_g2g,GPU,0,0.01123648764922764,0.01123648764922764,0.0,1.60169984e-05
Fugue-asplos-EPIC-shared-readers-B1,F3,prefill_common,7,norm2,GPU,0,0.01123648764922764,0.011246787027671554,1.0299378443914082e-05,0.00015062523904
Fugue-asplos-EPIC-shared-readers-B1,F3,prefill_common,8,qkv,GPU,0,0.011246787027671554,0.011332084652286939,8.529762461538462e-05,0.01168565075968
Fugue-asplos-EPIC-shared-readers-B1,F3,prefill_attention,8,attention_service,GPU,0,0.011332084652286939,0.012378296621730525,0.0010462119694435866,0.02613682685056
Fugue-asplos-EPIC-shared-readers-B1,F3,prefill_common,8,proj,GPU,0,0.012378296621730525,0.012406729163268987,2.843254153846154e-05,0.00408576589824
Fugue-asplos-EPIC-shared-readers-B1,F3,prefill_common,8,comm_g2g,GPU,0,0.012406729163268987,0.012406729163268987,0.0,1.60169984e-05
Fugue-asplos-EPIC-shared-readers-B1,F3,prefill_common,8,norm1,GPU,0,0.012406729163268987,0.0124170285417129,1.0299378443914082e-05,0.00015062523904
Fugue-asplos-EPIC-shared-readers-B1,F3,prefill_common,8,ff1,GPU,0,0.0124170285417129,0.012486349785844768,6.932124413186813e-05,0.010636269977600001
Fugue-asplos-EPIC-shared-readers-B1,F3,prefill_common,8,ff2,GPU,0,0.012486349785844768,0.012555671029976637,6.932124413186813e-05,0.010636269977600001
Fugue-asplos-EPIC-shared-readers-B1,F3,prefill_common,8,glu,GPU,0,0.012555671029976637,0.012566515916917353,1.0844886940715989e-05,0.00040298151935999995
Fugue-asplos-EPIC-shared-readers-B1,F3,prefill_common,8,ff3,GPU,0,0.012566515916917353,0.012642336027686584,7.582011076923077e-05,0.010812210544639999
Fugue-asplos-EPIC-shared-readers-B1,F3,prefill_common,8,comm_g2g,GPU,0,0.012642336027686584,0.012642336027686584,0.0,1.60169984e-05
Fugue-asplos-EPIC-shared-readers-B1,F3,prefill_common,8,norm2,GPU,0,0.012642336027686584,0.012652635406130498,1.0299378443914082e-05,0.00015062523904
Fugue-asplos-EPIC-shared-readers-B1,F3,prefill_common,9,qkv,GPU,0,0.012652635406130498,0.012737933030745883,8.529762461538462e-05,0.01168565075968
Fugue-asplos-EPIC-shared-readers-B1,F3,prefill_attention,9,attention_service,GPU,0,0.012737933030745883,0.01378414500018947,0.0010462119694435866,0.02613682685056
Fugue-asplos-EPIC-shared-readers-B1,F3,prefill_common,9,proj,GPU,0,0.01378414500018947,0.013812577541727931,2.843254153846154e-05,0.00408576589824
Fugue-asplos-EPIC-shared-readers-B1,F3,prefill_common,9,comm_g2g,GPU,0,0.013812577541727931,0.013812577541727931,0.0,1.60169984e-05
Fugue-asplos-EPIC-shared-readers-B1,F3,prefill_common,9,norm1,GPU,0,0.013812577541727931,0.013822876920171845,1.0299378443914082e-05,0.00015062523904
Fugue-asplos-EPIC-shared-readers-B1,F3,prefill_common,9,ff1,GPU,0,0.013822876920171845,0.013892198164303713,6.932124413186813e-05,0.010636269977600001
Fugue-asplos-EPIC-shared-readers-B1,F3,prefill_common,9,ff2,GPU,0,0.013892198164303713,0.01396151940843558,6.932124413186813e-05,0.010636269977600001
Fugue-asplos-EPIC-shared-readers-B1,F3,prefill_common,9,glu,GPU,0,0.01396151940843558,0.013972364295376297,1.0844886940715989e-05,0.00040298151935999995
Fugue-asplos-EPIC-shared-readers-B1,F3,prefill_common,9,ff3,GPU,0,0.013972364295376297,0.014048184406145529,7.582011076923077e-05,0.010812210544639999
Fugue-asplos-EPIC-shared-readers-B1,F3,prefill_common,9,comm_g2g,GPU,0,0.014048184406145529,0.014048184406145529,0.0,1.60169984e-05
Fugue-asplos-EPIC-shared-readers-B1,F3,prefill_common,9,norm2,GPU,0,0.014048184406145529,0.014058483784589442,1.0299378443914082e-05,0.00015062523904
Fugue-asplos-EPIC-shared-readers-B1,F3,prefill_common,10,qkv,GPU,0,0.014058483784589442,0.014143781409204827,8.529762461538462e-05,0.01168565075968
Fugue-asplos-EPIC-shared-readers-B1,F3,prefill_attention,10,attention_service,GPU,0,0.014143781409204827,0.015189993378648414,0.0010462119694435866,0.02613682685056
Fugue-asplos-EPIC-shared-readers-B1,F3,prefill_common,10,proj,GPU,0,0.015189993378648414,0.015218425920186875,2.843254153846154e-05,0.00408576589824
Fugue-asplos-EPIC-shared-readers-B1,F3,prefill_common,10,comm_g2g,GPU,0,0.015218425920186875,0.015218425920186875,0.0,1.60169984e-05
Fugue-asplos-EPIC-shared-readers-B1,F3,prefill_common,10,norm1,GPU,0,0.015218425920186875,0.015228725298630789,1.0299378443914082e-05,0.00015062523904
Fugue-asplos-EPIC-shared-readers-B1,F3,prefill_common,10,ff1,GPU,0,0.015228725298630789,0.015298046542762657,6.932124413186813e-05,0.010636269977600001
Fugue-asplos-EPIC-shared-readers-B1,F3,prefill_common,10,ff2,GPU,0,0.015298046542762657,0.015367367786894525,6.932124413186813e-05,0.010636269977600001
Fugue-asplos-EPIC-shared-readers-B1,F3,prefill_common,10,glu,GPU,0,0.015367367786894525,0.015378212673835242,1.0844886940715989e-05,0.00040298151935999995
Fugue-asplos-EPIC-shared-readers-B1,F3,prefill_common,10,ff3,GPU,0,0.015378212673835242,0.015454032784604473,7.582011076923077e-05,0.010812210544639999
Fugue-asplos-EPIC-shared-readers-B1,F3,prefill_common,10,comm_g2g,GPU,0,0.015454032784604473,0.015454032784604473,0.0,1.60169984e-05
Fugue-asplos-EPIC-shared-readers-B1,F3,prefill_common,10,norm2,GPU,0,0.015454032784604473,0.015464332163048386,1.0299378443914082e-05,0.00015062523904
Fugue-asplos-EPIC-shared-readers-B1,F3,prefill_common,11,qkv,GPU,0,0.015464332163048386,0.015549629787663772,8.529762461538462e-05,0.01168565075968
Fugue-asplos-EPIC-shared-readers-B1,F3,prefill_attention,11,attention_service,GPU,0,0.015549629787663772,0.01659584175710736,0.0010462119694435866,0.02613682685056
Fugue-asplos-EPIC-shared-readers-B1,F3,prefill_common,11,proj,GPU,0,0.01659584175710736,0.01662427429864582,2.843254153846154e-05,0.00408576589824
Fugue-asplos-EPIC-shared-readers-B1,F3,prefill_common,11,comm_g2g,GPU,0,0.01662427429864582,0.01662427429864582,0.0,1.60169984e-05
Fugue-asplos-EPIC-shared-readers-B1,F3,prefill_common,11,norm1,GPU,0,0.01662427429864582,0.016634573677089735,1.0299378443914082e-05,0.00015062523904
Fugue-asplos-EPIC-shared-readers-B1,F3,prefill_common,11,ff1,GPU,0,0.016634573677089735,0.016703894921221603,6.932124413186813e-05,0.010636269977600001
Fugue-asplos-EPIC-shared-readers-B1,F3,prefill_common,11,ff2,GPU,0,0.016703894921221603,0.01677321616535347,6.932124413186813e-05,0.010636269977600001
Fugue-asplos-EPIC-shared-readers-B1,F3,prefill_common,11,glu,GPU,0,0.01677321616535347,0.016784061052294186,1.0844886940715989e-05,0.00040298151935999995
Fugue-asplos-EPIC-shared-readers-B1,F3,prefill_common,11,ff3,GPU,0,0.016784061052294186,0.016859881163063417,7.582011076923077e-05,0.010812210544639999
Fugue-asplos-EPIC-shared-readers-B1,F3,prefill_common,11,comm_g2g,GPU,0,0.016859881163063417,0.016859881163063417,0.0,1.60169984e-05
Fugue-asplos-EPIC-shared-readers-B1,F3,prefill_common,11,norm2,GPU,0,0.016859881163063417,0.01687018054150733,1.0299378443914082e-05,0.00015062523904
Fugue-asplos-EPIC-shared-readers-B1,F3,prefill_common,12,qkv,GPU,0,0.01687018054150733,0.016955478166122716,8.529762461538462e-05,0.01168565075968
Fugue-asplos-EPIC-shared-readers-B1,F3,prefill_attention,12,attention_service,GPU,0,0.016955478166122716,0.018001690135566302,0.0010462119694435866,0.02613682685056
Fugue-asplos-EPIC-shared-readers-B1,F3,prefill_common,12,proj,GPU,0,0.018001690135566302,0.018030122677104764,2.843254153846154e-05,0.00408576589824
Fugue-asplos-EPIC-shared-readers-B1,F3,prefill_common,12,comm_g2g,GPU,0,0.018030122677104764,0.018030122677104764,0.0,1.60169984e-05
Fugue-asplos-EPIC-shared-readers-B1,F3,prefill_common,12,norm1,GPU,0,0.018030122677104764,0.018040422055548677,1.0299378443914082e-05,0.00015062523904
Fugue-asplos-EPIC-shared-readers-B1,F3,prefill_common,12,ff1,GPU,0,0.018040422055548677,0.018109743299680545,6.932124413186813e-05,0.010636269977600001
Fugue-asplos-EPIC-shared-readers-B1,F3,prefill_common,12,ff2,GPU,0,0.018109743299680545,0.018179064543812413,6.932124413186813e-05,0.010636269977600001
Fugue-asplos-EPIC-shared-readers-B1,F3,prefill_common,12,glu,GPU,0,0.018179064543812413,0.018189909430753128,1.0844886940715989e-05,0.00040298151935999995
Fugue-asplos-EPIC-shared-readers-B1,F3,prefill_common,12,ff3,GPU,0,0.018189909430753128,0.01826572954152236,7.582011076923077e-05,0.010812210544639999
Fugue-asplos-EPIC-shared-readers-B1,F3,prefill_common,12,comm_g2g,GPU,0,0.01826572954152236,0.01826572954152236,0.0,1.60169984e-05
Fugue-asplos-EPIC-shared-readers-B1,F3,prefill_common,12,norm2,GPU,0,0.01826572954152236,0.018276028919966273,1.0299378443914082e-05,0.00015062523904
Fugue-asplos-EPIC-shared-readers-B1,F3,prefill_common,13,qkv,GPU,0,0.018276028919966273,0.01836132654458166,8.529762461538462e-05,0.01168565075968
Fugue-asplos-EPIC-shared-readers-B1,F3,prefill_attention,13,attention_service,GPU,0,0.01836132654458166,0.019407538514025244,0.0010462119694435866,0.02613682685056
Fugue-asplos-EPIC-shared-readers-B1,F3,prefill_common,13,proj,GPU,0,0.019407538514025244,0.019435971055563706,2.843254153846154e-05,0.00408576589824
Fugue-asplos-EPIC-shared-readers-B1,F3,prefill_common,13,comm_g2g,GPU,0,0.019435971055563706,0.019435971055563706,0.0,1.60169984e-05
Fugue-asplos-EPIC-shared-readers-B1,F3,prefill_common,13,norm1,GPU,0,0.019435971055563706,0.01944627043400762,1.0299378443914082e-05,0.00015062523904
Fugue-asplos-EPIC-shared-readers-B1,F3,prefill_common,13,ff1,GPU,0,0.01944627043400762,0.019515591678139488,6.932124413186813e-05,0.010636269977600001
Fugue-asplos-EPIC-shared-readers-B1,F3,prefill_common,13,ff2,GPU,0,0.019515591678139488,0.019584912922271356,6.932124413186813e-05,0.010636269977600001
Fugue-asplos-EPIC-shared-readers-B1,F3,prefill_common,13,glu,GPU,0,0.019584912922271356,0.01959575780921207,1.0844886940715989e-05,0.00040298151935999995
Fugue-asplos-EPIC-shared-readers-B1,F3,prefill_common,13,ff3,GPU,0,0.01959575780921207,0.019671577919981302,7.582011076923077e-05,0.010812210544639999
Fugue-asplos-EPIC-shared-readers-B1,F3,prefill_common,13,comm_g2g,GPU,0,0.019671577919981302,0.019671577919981302,0.0,1.60169984e-05
Fugue-asplos-EPIC-shared-readers-B1,F3,prefill_common,13,norm2,GPU,0,0.019671577919981302,0.019681877298425215,1.0299378443914082e-05,0.00015062523904
Fugue-asplos-EPIC-shared-readers-B1,F3,prefill_common,14,qkv,GPU,0,0.019681877298425215,0.0197671749230406,8.529762461538462e-05,0.01168565075968
Fugue-asplos-EPIC-shared-readers-B1,F3,prefill_attention,14,attention_service,GPU,0,0.0197671749230406,0.020813386892484187,0.0010462119694435866,0.02613682685056
Fugue-asplos-EPIC-shared-readers-B1,F3,prefill_common,14,proj,GPU,0,0.020813386892484187,0.02084181943402265,2.843254153846154e-05,0.00408576589824
Fugue-asplos-EPIC-shared-readers-B1,F3,prefill_common,14,comm_g2g,GPU,0,0.02084181943402265,0.02084181943402265,0.0,1.60169984e-05
Fugue-asplos-EPIC-shared-readers-B1,F3,prefill_common,14,norm1,GPU,0,0.02084181943402265,0.020852118812466562,1.0299378443914082e-05,0.00015062523904
Fugue-asplos-EPIC-shared-readers-B1,F3,prefill_common,14,ff1,GPU,0,0.020852118812466562,0.02092144005659843,6.932124413186813e-05,0.010636269977600001
Fugue-asplos-EPIC-shared-readers-B1,F3,prefill_common,14,ff2,GPU,0,0.02092144005659843,0.0209907613007303,6.932124413186813e-05,0.010636269977600001
Fugue-asplos-EPIC-shared-readers-B1,F3,prefill_common,14,glu,GPU,0,0.0209907613007303,0.021001606187671013,1.0844886940715989e-05,0.00040298151935999995
Fugue-asplos-EPIC-shared-readers-B1,F3,prefill_common,14,ff3,GPU,0,0.021001606187671013,0.021077426298440245,7.582011076923077e-05,0.010812210544639999
Fugue-asplos-EPIC-shared-readers-B1,F3,prefill_common,14,comm_g2g,GPU,0,0.021077426298440245,0.021077426298440245,0.0,1.60169984e-05
Fugue-asplos-EPIC-shared-readers-B1,F3,prefill_common,14,norm2,GPU,0,0.021077426298440245,0.021087725676884158,1.0299378443914082e-05,0.00015062523904
Fugue-asplos-EPIC-shared-readers-B1,F3,prefill_common,15,qkv,GPU,0,0.021087725676884158,0.021173023301499543,8.529762461538462e-05,0.01168565075968
Fugue-asplos-EPIC-shared-readers-B1,F3,prefill_attention,15,attention_service,GPU,0,0.021173023301499543,0.02221923527094313,0.0010462119694435866,0.02613682685056
Fugue-asplos-EPIC-shared-readers-B1,F3,prefill_common,15,proj,GPU,0,0.02221923527094313,0.02224766781248159,2.843254153846154e-05,0.00408576589824
Fugue-asplos-EPIC-shared-readers-B1,F3,prefill_common,15,comm_g2g,GPU,0,0.02224766781248159,0.02224766781248159,0.0,1.60169984e-05
Fugue-asplos-EPIC-shared-readers-B1,F3,prefill_common,15,norm1,GPU,0,0.02224766781248159,0.022257967190925505,1.0299378443914082e-05,0.00015062523904
Fugue-asplos-EPIC-shared-readers-B1,F3,prefill_common,15,ff1,GPU,0,0.022257967190925505,0.022327288435057373,6.932124413186813e-05,0.010636269977600001
Fugue-asplos-EPIC-shared-readers-B1,F3,prefill_common,15,ff2,GPU,0,0.022327288435057373,0.02239660967918924,6.932124413186813e-05,0.010636269977600001
Fugue-asplos-EPIC-shared-readers-B1,F3,prefill_common,15,glu,GPU,0,0.02239660967918924,0.022407454566129956,1.0844886940715989e-05,0.00040298151935999995
Fugue-asplos-EPIC-shared-readers-B1,F3,prefill_common,15,ff3,GPU,0,0.022407454566129956,0.022483274676899187,7.582011076923077e-05,0.010812210544639999
Fugue-asplos-EPIC-shared-readers-B1,F3,prefill_common,15,comm_g2g,GPU,0,0.022483274676899187,0.022483274676899187,0.0,1.60169984e-05
Fugue-asplos-EPIC-shared-readers-B1,F3,prefill_common,15,norm2,GPU,0,0.022483274676899187,0.0224935740553431,1.0299378443914082e-05,0.00015062523904
Fugue-asplos-EPIC-shared-readers-B1,F3,prefill_common,16,qkv,GPU,0,0.0224935740553431,0.022578871679958486,8.529762461538462e-05,0.01168565075968
Fugue-asplos-EPIC-shared-readers-B1,F3,prefill_attention,16,attention_service,GPU,0,0.022578871679958486,0.023625083649402072,0.0010462119694435866,0.02613682685056
Fugue-asplos-EPIC-shared-readers-B1,F3,prefill_common,16,proj,GPU,0,0.023625083649402072,0.023653516190940534,2.843254153846154e-05,0.00408576589824
Fugue-asplos-EPIC-shared-readers-B1,F3,prefill_common,16,comm_g2g,GPU,0,0.023653516190940534,0.023653516190940534,0.0,1.60169984e-05
Fugue-asplos-EPIC-shared-readers-B1,F3,prefill_common,16,norm1,GPU,0,0.023653516190940534,0.023663815569384447,1.0299378443914082e-05,0.00015062523904
Fugue-asplos-EPIC-shared-readers-B1,F3,prefill_common,16,ff1,GPU,0,0.023663815569384447,0.023733136813516315,6.932124413186813e-05,0.010636269977600001
Fugue-asplos-EPIC-shared-readers-B1,F3,prefill_common,16,ff2,GPU,0,0.023733136813516315,0.023802458057648183,6.932124413186813e-05,0.010636269977600001
Fugue-asplos-EPIC-shared-readers-B1,F3,prefill_common,16,glu,GPU,0,0.023802458057648183,0.023813302944588898,1.0844886940715989e-05,0.00040298151935999995
Fugue-asplos-EPIC-shared-readers-B1,F3,prefill_common,16,ff3,GPU,0,0.023813302944588898,0.02388912305535813,7.582011076923077e-05,0.010812210544639999
Fugue-asplos-EPIC-shared-readers-B1,F3,prefill_common,16,comm_g2g,GPU,0,0.02388912305535813,0.02388912305535813,0.0,1.60169984e-05
Fugue-asplos-EPIC-shared-readers-B1,F3,prefill_common,16,norm2,GPU,0,0.02388912305535813,0.023899422433802043,1.0299378443914082e-05,0.00015062523904
Fugue-asplos-EPIC-shared-readers-B1,F3,prefill_common,17,qkv,GPU,0,0.023899422433802043,0.023984720058417428,8.529762461538462e-05,0.01168565075968
Fugue-asplos-EPIC-shared-readers-B1,F3,prefill_attention,17,attention_service,GPU,0,0.023984720058417428,0.025030932027861014,0.0010462119694435866,0.02613682685056
Fugue-asplos-EPIC-shared-readers-B1,F3,prefill_common,17,proj,GPU,0,0.025030932027861014,0.025059364569399476,2.843254153846154e-05,0.00408576589824
Fugue-asplos-EPIC-shared-readers-B1,F3,prefill_common,17,comm_g2g,GPU,0,0.025059364569399476,0.025059364569399476,0.0,1.60169984e-05
Fugue-asplos-EPIC-shared-readers-B1,F3,prefill_common,17,norm1,GPU,0,0.025059364569399476,0.02506966394784339,1.0299378443914082e-05,0.00015062523904
Fugue-asplos-EPIC-shared-readers-B1,F3,prefill_common,17,ff1,GPU,0,0.02506966394784339,0.025138985191975258,6.932124413186813e-05,0.010636269977600001
Fugue-asplos-EPIC-shared-readers-B1,F3,prefill_common,17,ff2,GPU,0,0.025138985191975258,0.025208306436107126,6.932124413186813e-05,0.010636269977600001
Fugue-asplos-EPIC-shared-readers-B1,F3,prefill_common,17,glu,GPU,0,0.025208306436107126,0.02521915132304784,1.0844886940715989e-05,0.00040298151935999995
Fugue-asplos-EPIC-shared-readers-B1,F3,prefill_common,17,ff3,GPU,0,0.02521915132304784,0.025294971433817072,7.582011076923077e-05,0.010812210544639999
Fugue-asplos-EPIC-shared-readers-B1,F3,prefill_common,17,comm_g2g,GPU,0,0.025294971433817072,0.025294971433817072,0.0,1.60169984e-05
Fugue-asplos-EPIC-shared-readers-B1,F3,prefill_common,17,norm2,GPU,0,0.025294971433817072,0.025305270812260985,1.0299378443914082e-05,0.00015062523904
Fugue-asplos-EPIC-shared-readers-B1,F3,prefill_common,18,qkv,GPU,0,0.025305270812260985,0.02539056843687637,8.529762461538462e-05,0.01168565075968
Fugue-asplos-EPIC-shared-readers-B1,F3,prefill_attention,18,attention_service,GPU,0,0.02539056843687637,0.026436780406319957,0.0010462119694435866,0.02613682685056
Fugue-asplos-EPIC-shared-readers-B1,F3,prefill_common,18,proj,GPU,0,0.026436780406319957,0.02646521294785842,2.843254153846154e-05,0.00408576589824
Fugue-asplos-EPIC-shared-readers-B1,F3,prefill_common,18,comm_g2g,GPU,0,0.02646521294785842,0.02646521294785842,0.0,1.60169984e-05
Fugue-asplos-EPIC-shared-readers-B1,F3,prefill_common,18,norm1,GPU,0,0.02646521294785842,0.026475512326302332,1.0299378443914082e-05,0.00015062523904
Fugue-asplos-EPIC-shared-readers-B1,F3,prefill_common,18,ff1,GPU,0,0.026475512326302332,0.0265448335704342,6.932124413186813e-05,0.010636269977600001
Fugue-asplos-EPIC-shared-readers-B1,F3,prefill_common,18,ff2,GPU,0,0.0265448335704342,0.02661415481456607,6.932124413186813e-05,0.010636269977600001
Fugue-asplos-EPIC-shared-readers-B1,F3,prefill_common,18,glu,GPU,0,0.02661415481456607,0.026624999701506783,1.0844886940715989e-05,0.00040298151935999995
Fugue-asplos-EPIC-shared-readers-B1,F3,prefill_common,18,ff3,GPU,0,0.026624999701506783,0.026700819812276014,7.582011076923077e-05,0.010812210544639999
Fugue-asplos-EPIC-shared-readers-B1,F3,prefill_common,18,comm_g2g,GPU,0,0.026700819812276014,0.026700819812276014,0.0,1.60169984e-05
Fugue-asplos-EPIC-shared-readers-B1,F3,prefill_common,18,norm2,GPU,0,0.026700819812276014,0.026711119190719928,1.0299378443914082e-05,0.00015062523904
Fugue-asplos-EPIC-shared-readers-B1,F3,prefill_common,19,qkv,GPU,0,0.026711119190719928,0.026796416815335313,8.529762461538462e-05,0.01168565075968
Fugue-asplos-EPIC-shared-readers-B1,F3,prefill_attention,19,attention_service,GPU,0,0.026796416815335313,0.0278426287847789,0.0010462119694435866,0.02613682685056
Fugue-asplos-EPIC-shared-readers-B1,F3,prefill_common,19,proj,GPU,0,0.0278426287847789,0.02787106132631736,2.843254153846154e-05,0.00408576589824
Fugue-asplos-EPIC-shared-readers-B1,F3,prefill_common,19,comm_g2g,GPU,0,0.02787106132631736,0.02787106132631736,0.0,1.60169984e-05
Fugue-asplos-EPIC-shared-readers-B1,F3,prefill_common,19,norm1,GPU,0,0.02787106132631736,0.027881360704761275,1.0299378443914082e-05,0.00015062523904
Fugue-asplos-EPIC-shared-readers-B1,F3,prefill_common,19,ff1,GPU,0,0.027881360704761275,0.027950681948893143,6.932124413186813e-05,0.010636269977600001
Fugue-asplos-EPIC-shared-readers-B1,F3,prefill_common,19,ff2,GPU,0,0.027950681948893143,0.02802000319302501,6.932124413186813e-05,0.010636269977600001
Fugue-asplos-EPIC-shared-readers-B1,F3,prefill_common,19,glu,GPU,0,0.02802000319302501,0.028030848079965726,1.0844886940715989e-05,0.00040298151935999995
Fugue-asplos-EPIC-shared-readers-B1,F3,prefill_common,19,ff3,GPU,0,0.028030848079965726,0.028106668190734957,7.582011076923077e-05,0.010812210544639999
Fugue-asplos-EPIC-shared-readers-B1,F3,prefill_common,19,comm_g2g,GPU,0,0.028106668190734957,0.028106668190734957,0.0,1.60169984e-05
Fugue-asplos-EPIC-shared-readers-B1,F3,prefill_common,19,norm2,GPU,0,0.028106668190734957,0.02811696756917887,1.0299378443914082e-05,0.00015062523904
Fugue-asplos-EPIC-shared-readers-B1,F3,prefill_common,20,qkv,GPU,0,0.02811696756917887,0.028202265193794256,8.529762461538462e-05,0.01168565075968
Fugue-asplos-EPIC-shared-readers-B1,F3,prefill_attention,20,attention_service,GPU,0,0.028202265193794256,0.029248477163237842,0.0010462119694435866,0.02613682685056
Fugue-asplos-EPIC-shared-readers-B1,F3,prefill_common,20,proj,GPU,0,0.029248477163237842,0.029276909704776304,2.843254153846154e-05,0.00408576589824
Fugue-asplos-EPIC-shared-readers-B1,F3,prefill_common,20,comm_g2g,GPU,0,0.029276909704776304,0.029276909704776304,0.0,1.60169984e-05
Fugue-asplos-EPIC-shared-readers-B1,F3,prefill_common,20,norm1,GPU,0,0.029276909704776304,0.029287209083220217,1.0299378443914082e-05,0.00015062523904
Fugue-asplos-EPIC-shared-readers-B1,F3,prefill_common,20,ff1,GPU,0,0.029287209083220217,0.029356530327352085,6.932124413186813e-05,0.010636269977600001
Fugue-asplos-EPIC-shared-readers-B1,F3,prefill_common,20,ff2,GPU,0,0.029356530327352085,0.029425851571483953,6.932124413186813e-05,0.010636269977600001
Fugue-asplos-EPIC-shared-readers-B1,F3,prefill_common,20,glu,GPU,0,0.029425851571483953,0.029436696458424668,1.0844886940715989e-05,0.00040298151935999995
Fugue-asplos-EPIC-shared-readers-B1,F3,prefill_common,20,ff3,GPU,0,0.029436696458424668,0.0295125165691939,7.582011076923077e-05,0.010812210544639999
Fugue-asplos-EPIC-shared-readers-B1,F3,prefill_common,20,comm_g2g,GPU,0,0.0295125165691939,0.0295125165691939,0.0,1.60169984e-05
Fugue-asplos-EPIC-shared-readers-B1,F3,prefill_common,20,norm2,GPU,0,0.0295125165691939,0.029522815947637813,1.0299378443914082e-05,0.00015062523904
Fugue-asplos-EPIC-shared-readers-B1,F3,prefill_common,21,qkv,GPU,0,0.029522815947637813,0.029608113572253198,8.529762461538462e-05,0.01168565075968
Fugue-asplos-EPIC-shared-readers-B1,F3,prefill_attention,21,attention_service,GPU,0,0.029608113572253198,0.030654325541696784,0.0010462119694435866,0.02613682685056
Fugue-asplos-EPIC-shared-readers-B1,F3,prefill_common,21,proj,GPU,0,0.030654325541696784,0.030682758083235246,2.843254153846154e-05,0.00408576589824
Fugue-asplos-EPIC-shared-readers-B1,F3,prefill_common,21,comm_g2g,GPU,0,0.030682758083235246,0.030682758083235246,0.0,1.60169984e-05
Fugue-asplos-EPIC-shared-readers-B1,F3,prefill_common,21,norm1,GPU,0,0.030682758083235246,0.03069305746167916,1.0299378443914082e-05,0.00015062523904
Fugue-asplos-EPIC-shared-readers-B1,F3,prefill_common,21,ff1,GPU,0,0.03069305746167916,0.030762378705811028,6.932124413186813e-05,0.010636269977600001
Fugue-asplos-EPIC-shared-readers-B1,F3,prefill_common,21,ff2,GPU,0,0.030762378705811028,0.030831699949942896,6.932124413186813e-05,0.010636269977600001
Fugue-asplos-EPIC-shared-readers-B1,F3,prefill_common,21,glu,GPU,0,0.030831699949942896,0.03084254483688361,1.0844886940715989e-05,0.00040298151935999995
Fugue-asplos-EPIC-shared-readers-B1,F3,prefill_common,21,ff3,GPU,0,0.03084254483688361,0.030918364947652842,7.582011076923077e-05,0.010812210544639999
Fugue-asplos-EPIC-shared-readers-B1,F3,prefill_common,21,comm_g2g,GPU,0,0.030918364947652842,0.030918364947652842,0.0,1.60169984e-05
Fugue-asplos-EPIC-shared-readers-B1,F3,prefill_common,21,norm2,GPU,0,0.030918364947652842,0.030928664326096755,1.0299378443914082e-05,0.00015062523904
Fugue-asplos-EPIC-shared-readers-B1,F3,prefill_common,22,qkv,GPU,0,0.030928664326096755,0.03101396195071214,8.529762461538462e-05,0.01168565075968
Fugue-asplos-EPIC-shared-readers-B1,F3,prefill_attention,22,attention_service,GPU,0,0.03101396195071214,0.03206017392015573,0.0010462119694435866,0.02613682685056
Fugue-asplos-EPIC-shared-readers-B1,F3,prefill_common,22,proj,GPU,0,0.03206017392015573,0.03208860646169419,2.843254153846154e-05,0.00408576589824
Fugue-asplos-EPIC-shared-readers-B1,F3,prefill_common,22,comm_g2g,GPU,0,0.03208860646169419,0.03208860646169419,0.0,1.60169984e-05
Fugue-asplos-EPIC-shared-readers-B1,F3,prefill_common,22,norm1,GPU,0,0.03208860646169419,0.0320989058401381,1.0299378443914082e-05,0.00015062523904
Fugue-asplos-EPIC-shared-readers-B1,F3,prefill_common,22,ff1,GPU,0,0.0320989058401381,0.03216822708426997,6.932124413186813e-05,0.010636269977600001
Fugue-asplos-EPIC-shared-readers-B1,F3,prefill_common,22,ff2,GPU,0,0.03216822708426997,0.03223754832840183,6.932124413186813e-05,0.010636269977600001
Fugue-asplos-EPIC-shared-readers-B1,F3,prefill_common,22,glu,GPU,0,0.03223754832840183,0.03224839321534255,1.0844886940715989e-05,0.00040298151935999995
Fugue-asplos-EPIC-shared-readers-B1,F3,prefill_common,22,ff3,GPU,0,0.03224839321534255,0.03232421332611178,7.582011076923077e-05,0.010812210544639999
Fugue-asplos-EPIC-shared-readers-B1,F3,prefill_common,22,comm_g2g,GPU,0,0.03232421332611178,0.03232421332611178,0.0,1.60169984e-05
Fugue-asplos-EPIC-shared-readers-B1,F3,prefill_common,22,norm2,GPU,0,0.03232421332611178,0.032334512704555694,1.0299378443914082e-05,0.00015062523904
Fugue-asplos-EPIC-shared-readers-B1,F3,prefill_common,23,qkv,GPU,0,0.032334512704555694,0.03241981032917108,8.529762461538462e-05,0.01168565075968
Fugue-asplos-EPIC-shared-readers-B1,F3,prefill_attention,23,attention_service,GPU,0,0.03241981032917108,0.033466022298614666,0.0010462119694435866,0.02613682685056
Fugue-asplos-EPIC-shared-readers-B1,F3,prefill_common,23,proj,GPU,0,0.033466022298614666,0.03349445484015313,2.843254153846154e-05,0.00408576589824
Fugue-asplos-EPIC-shared-readers-B1,F3,prefill_common,23,comm_g2g,GPU,0,0.03349445484015313,0.03349445484015313,0.0,1.60169984e-05
Fugue-asplos-EPIC-shared-readers-B1,F3,prefill_common,23,norm1,GPU,0,0.03349445484015313,0.03350475421859704,1.0299378443914082e-05,0.00015062523904
Fugue-asplos-EPIC-shared-readers-B1,F3,prefill_common,23,ff1,GPU,0,0.03350475421859704,0.033574075462728906,6.932124413186813e-05,0.010636269977600001
Fugue-asplos-EPIC-shared-readers-B1,F3,prefill_common,23,ff2,GPU,0,0.033574075462728906,0.03364339670686077,6.932124413186813e-05,0.010636269977600001
Fugue-asplos-EPIC-shared-readers-B1,F3,prefill_common,23,glu,GPU,0,0.03364339670686077,0.03365424159380149,1.0844886940715989e-05,0.00040298151935999995
Fugue-asplos-EPIC-shared-readers-B1,F3,prefill_common,23,ff3,GPU,0,0.03365424159380149,0.03373006170457072,7.582011076923077e-05,0.010812210544639999
Fugue-asplos-EPIC-shared-readers-B1,F3,prefill_common,23,comm_g2g,GPU,0,0.03373006170457072,0.03373006170457072,0.0,1.60169984e-05
Fugue-asplos-EPIC-shared-readers-B1,F3,prefill_common,23,norm2,GPU,0,0.03373006170457072,0.03374036108301463,1.0299378443914082e-05,0.00015062523904
Fugue-asplos-EPIC-shared-readers-B1,F3,prefill_common,24,qkv,GPU,0,0.03374036108301463,0.03382565870763002,8.529762461538462e-05,0.01168565075968
Fugue-asplos-EPIC-shared-readers-B1,F3,prefill_attention,24,attention_service,GPU,0,0.03382565870763002,0.034871870677073605,0.0010462119694435866,0.02613682685056
Fugue-asplos-EPIC-shared-readers-B1,F3,prefill_common,24,proj,GPU,0,0.034871870677073605,0.034900303218612067,2.843254153846154e-05,0.00408576589824
Fugue-asplos-EPIC-shared-readers-B1,F3,prefill_common,24,comm_g2g,GPU,0,0.034900303218612067,0.034900303218612067,0.0,1.60169984e-05
Fugue-asplos-EPIC-shared-readers-B1,F3,prefill_common,24,norm1,GPU,0,0.034900303218612067,0.03491060259705598,1.0299378443914082e-05,0.00015062523904
Fugue-asplos-EPIC-shared-readers-B1,F3,prefill_common,24,ff1,GPU,0,0.03491060259705598,0.034979923841187845,6.932124413186813e-05,0.010636269977600001
Fugue-asplos-EPIC-shared-readers-B1,F3,prefill_common,24,ff2,GPU,0,0.034979923841187845,0.03504924508531971,6.932124413186813e-05,0.010636269977600001
Fugue-asplos-EPIC-shared-readers-B1,F3,prefill_common,24,glu,GPU,0,0.03504924508531971,0.03506008997226043,1.0844886940715989e-05,0.00040298151935999995
Fugue-asplos-EPIC-shared-readers-B1,F3,prefill_common,24,ff3,GPU,0,0.03506008997226043,0.03513591008302966,7.582011076923077e-05,0.010812210544639999
Fugue-asplos-EPIC-shared-readers-B1,F3,prefill_common,24,comm_g2g,GPU,0,0.03513591008302966,0.03513591008302966,0.0,1.60169984e-05
Fugue-asplos-EPIC-shared-readers-B1,F3,prefill_common,24,norm2,GPU,0,0.03513591008302966,0.03514620946147357,1.0299378443914082e-05,0.00015062523904
Fugue-asplos-EPIC-shared-readers-B1,F3,prefill_common,25,qkv,GPU,0,0.03514620946147357,0.03523150708608896,8.529762461538462e-05,0.01168565075968
Fugue-asplos-EPIC-shared-readers-B1,F3,prefill_attention,25,attention_service,GPU,0,0.03523150708608896,0.036277719055532544,0.0010462119694435866,0.02613682685056
Fugue-asplos-EPIC-shared-readers-B1,F3,prefill_common,25,proj,GPU,0,0.036277719055532544,0.036306151597071006,2.843254153846154e-05,0.00408576589824
Fugue-asplos-EPIC-shared-readers-B1,F3,prefill_common,25,comm_g2g,GPU,0,0.036306151597071006,0.036306151597071006,0.0,1.60169984e-05
Fugue-asplos-EPIC-shared-readers-B1,F3,prefill_common,25,norm1,GPU,0,0.036306151597071006,0.03631645097551492,1.0299378443914082e-05,0.00015062523904
Fugue-asplos-EPIC-shared-readers-B1,F3,prefill_common,25,ff1,GPU,0,0.03631645097551492,0.036385772219646784,6.932124413186813e-05,0.010636269977600001
Fugue-asplos-EPIC-shared-readers-B1,F3,prefill_common,25,ff2,GPU,0,0.036385772219646784,0.03645509346377865,6.932124413186813e-05,0.010636269977600001
Fugue-asplos-EPIC-shared-readers-B1,F3,prefill_common,25,glu,GPU,0,0.03645509346377865,0.03646593835071937,1.0844886940715989e-05,0.00040298151935999995
Fugue-asplos-EPIC-shared-readers-B1,F3,prefill_common,25,ff3,GPU,0,0.03646593835071937,0.0365417584614886,7.582011076923077e-05,0.010812210544639999
Fugue-asplos-EPIC-shared-readers-B1,F3,prefill_common,25,comm_g2g,GPU,0,0.0365417584614886,0.0365417584614886,0.0,1.60169984e-05
Fugue-asplos-EPIC-shared-readers-B1,F3,prefill_common,25,norm2,GPU,0,0.0365417584614886,0.03655205783993251,1.0299378443914082e-05,0.00015062523904
Fugue-asplos-EPIC-shared-readers-B1,F3,prefill_common,26,qkv,GPU,0,0.03655205783993251,0.0366373554645479,8.529762461538462e-05,0.01168565075968
Fugue-asplos-EPIC-shared-readers-B1,F3,prefill_attention,26,attention_service,GPU,0,0.0366373554645479,0.03768356743399148,0.0010462119694435866,0.02613682685056
Fugue-asplos-EPIC-shared-readers-B1,F3,prefill_common,26,proj,GPU,0,0.03768356743399148,0.037711999975529945,2.843254153846154e-05,0.00408576589824
Fugue-asplos-EPIC-shared-readers-B1,F3,prefill_common,26,comm_g2g,GPU,0,0.037711999975529945,0.037711999975529945,0.0,1.60169984e-05
Fugue-asplos-EPIC-shared-readers-B1,F3,prefill_common,26,norm1,GPU,0,0.037711999975529945,0.03772229935397386,1.0299378443914082e-05,0.00015062523904
Fugue-asplos-EPIC-shared-readers-B1,F3,prefill_common,26,ff1,GPU,0,0.03772229935397386,0.03779162059810572,6.932124413186813e-05,0.010636269977600001
Fugue-asplos-EPIC-shared-readers-B1,F3,prefill_common,26,ff2,GPU,0,0.03779162059810572,0.03786094184223759,6.932124413186813e-05,0.010636269977600001
Fugue-asplos-EPIC-shared-readers-B1,F3,prefill_common,26,glu,GPU,0,0.03786094184223759,0.037871786729178306,1.0844886940715989e-05,0.00040298151935999995
Fugue-asplos-EPIC-shared-readers-B1,F3,prefill_common,26,ff3,GPU,0,0.037871786729178306,0.03794760683994754,7.582011076923077e-05,0.010812210544639999
Fugue-asplos-EPIC-shared-readers-B1,F3,prefill_common,26,comm_g2g,GPU,0,0.03794760683994754,0.03794760683994754,0.0,1.60169984e-05
Fugue-asplos-EPIC-shared-readers-B1,F3,prefill_common,26,norm2,GPU,0,0.03794760683994754,0.03795790621839145,1.0299378443914082e-05,0.00015062523904
Fugue-asplos-EPIC-shared-readers-B1,F3,prefill_common,27,qkv,GPU,0,0.03795790621839145,0.038043203843006836,8.529762461538462e-05,0.01168565075968
Fugue-asplos-EPIC-shared-readers-B1,F3,prefill_attention,27,attention_service,GPU,0,0.038043203843006836,0.03908941581245042,0.0010462119694435866,0.02613682685056
Fugue-asplos-EPIC-shared-readers-B1,F3,prefill_common,27,proj,GPU,0,0.03908941581245042,0.039117848353988884,2.843254153846154e-05,0.00408576589824
Fugue-asplos-EPIC-shared-readers-B1,F3,prefill_common,27,comm_g2g,GPU,0,0.039117848353988884,0.039117848353988884,0.0,1.60169984e-05
Fugue-asplos-EPIC-shared-readers-B1,F3,prefill_common,27,norm1,GPU,0,0.039117848353988884,0.0391281477324328,1.0299378443914082e-05,0.00015062523904
Fugue-asplos-EPIC-shared-readers-B1,F3,prefill_common,27,ff1,GPU,0,0.0391281477324328,0.03919746897656466,6.932124413186813e-05,0.010636269977600001
Fugue-asplos-EPIC-shared-readers-B1,F3,prefill_common,27,ff2,GPU,0,0.03919746897656466,0.039266790220696526,6.932124413186813e-05,0.010636269977600001
Fugue-asplos-EPIC-shared-readers-B1,F3,prefill_common,27,glu,GPU,0,0.039266790220696526,0.039277635107637245,1.0844886940715989e-05,0.00040298151935999995
Fugue-asplos-EPIC-shared-readers-B1,F3,prefill_common,27,ff3,GPU,0,0.039277635107637245,0.039353455218406476,7.582011076923077e-05,0.010812210544639999
Fugue-asplos-EPIC-shared-readers-B1,F3,prefill_common,27,comm_g2g,GPU,0,0.039353455218406476,0.039353455218406476,0.0,1.60169984e-05
Fugue-asplos-EPIC-shared-readers-B1,F3,prefill_common,27,norm2,GPU,0,0.039353455218406476,0.03936375459685039,1.0299378443914082e-05,0.00015062523904
Fugue-asplos-EPIC-shared-readers-B1,F3,prefill_common,28,qkv,GPU,0,0.03936375459685039,0.039449052221465775,8.529762461538462e-05,0.01168565075968
Fugue-asplos-EPIC-shared-readers-B1,F3,prefill_attention,28,attention_service,GPU,0,0.039449052221465775,0.04049526419090936,0.0010462119694435866,0.02613682685056
Fugue-asplos-EPIC-shared-readers-B1,F3,prefill_common,28,proj,GPU,0,0.04049526419090936,0.04052369673244782,2.843254153846154e-05,0.00408576589824
Fugue-asplos-EPIC-shared-readers-B1,F3,prefill_common,28,comm_g2g,GPU,0,0.04052369673244782,0.04052369673244782,0.0,1.60169984e-05
Fugue-asplos-EPIC-shared-readers-B1,F3,prefill_common,28,norm1,GPU,0,0.04052369673244782,0.040533996110891736,1.0299378443914082e-05,0.00015062523904
Fugue-asplos-EPIC-shared-readers-B1,F3,prefill_common,28,ff1,GPU,0,0.040533996110891736,0.0406033173550236,6.932124413186813e-05,0.010636269977600001
Fugue-asplos-EPIC-shared-readers-B1,F3,prefill_common,28,ff2,GPU,0,0.0406033173550236,0.040672638599155465,6.932124413186813e-05,0.010636269977600001
Fugue-asplos-EPIC-shared-readers-B1,F3,prefill_common,28,glu,GPU,0,0.040672638599155465,0.040683483486096184,1.0844886940715989e-05,0.00040298151935999995
Fugue-asplos-EPIC-shared-readers-B1,F3,prefill_common,28,ff3,GPU,0,0.040683483486096184,0.040759303596865415,7.582011076923077e-05,0.010812210544639999
Fugue-asplos-EPIC-shared-readers-B1,F3,prefill_common,28,comm_g2g,GPU,0,0.040759303596865415,0.040759303596865415,0.0,1.60169984e-05
Fugue-asplos-EPIC-shared-readers-B1,F3,prefill_common,28,norm2,GPU,0,0.040759303596865415,0.04076960297530933,1.0299378443914082e-05,0.00015062523904
Fugue-asplos-EPIC-shared-readers-B1,F3,prefill_common,29,qkv,GPU,0,0.04076960297530933,0.040854900599924714,8.529762461538462e-05,0.01168565075968
Fugue-asplos-EPIC-shared-readers-B1,F3,prefill_attention,29,attention_service,GPU,0,0.040854900599924714,0.0419011125693683,0.0010462119694435866,0.02613682685056
Fugue-asplos-EPIC-shared-readers-B1,F3,prefill_common,29,proj,GPU,0,0.0419011125693683,0.04192954511090676,2.843254153846154e-05,0.00408576589824
Fugue-asplos-EPIC-shared-readers-B1,F3,prefill_common,29,comm_g2g,GPU,0,0.04192954511090676,0.04192954511090676,0.0,1.60169984e-05
Fugue-asplos-EPIC-shared-readers-B1,F3,prefill_common,29,norm1,GPU,0,0.04192954511090676,0.041939844489350675,1.0299378443914082e-05,0.00015062523904
Fugue-asplos-EPIC-shared-readers-B1,F3,prefill_common,29,ff1,GPU,0,0.041939844489350675,0.04200916573348254,6.932124413186813e-05,0.010636269977600001
Fugue-asplos-EPIC-shared-readers-B1,F3,prefill_common,29,ff2,GPU,0,0.04200916573348254,0.042078486977614404,6.932124413186813e-05,0.010636269977600001
Fugue-asplos-EPIC-shared-readers-B1,F3,prefill_common,29,glu,GPU,0,0.042078486977614404,0.04208933186455512,1.0844886940715989e-05,0.00040298151935999995
Fugue-asplos-EPIC-shared-readers-B1,F3,prefill_common,29,ff3,GPU,0,0.04208933186455512,0.042165151975324354,7.582011076923077e-05,0.010812210544639999
Fugue-asplos-EPIC-shared-readers-B1,F3,prefill_common,29,comm_g2g,GPU,0,0.042165151975324354,0.042165151975324354,0.0,1.60169984e-05
Fugue-asplos-EPIC-shared-readers-B1,F3,prefill_common,29,norm2,GPU,0,0.042165151975324354,0.04217545135376827,1.0299378443914082e-05,0.00015062523904
Fugue-asplos-EPIC-shared-readers-B1,F3,prefill_common,30,qkv,GPU,0,0.04217545135376827,0.04226074897838365,8.529762461538462e-05,0.01168565075968
Fugue-asplos-EPIC-shared-readers-B1,F3,prefill_attention,30,attention_service,GPU,0,0.04226074897838365,0.04330696094782724,0.0010462119694435866,0.02613682685056
Fugue-asplos-EPIC-shared-readers-B1,F3,prefill_common,30,proj,GPU,0,0.04330696094782724,0.0433353934893657,2.843254153846154e-05,0.00408576589824
Fugue-asplos-EPIC-shared-readers-B1,F3,prefill_common,30,comm_g2g,GPU,0,0.0433353934893657,0.0433353934893657,0.0,1.60169984e-05
Fugue-asplos-EPIC-shared-readers-B1,F3,prefill_common,30,norm1,GPU,0,0.0433353934893657,0.043345692867809614,1.0299378443914082e-05,0.00015062523904
Fugue-asplos-EPIC-shared-readers-B1,F3,prefill_common,30,ff1,GPU,0,0.043345692867809614,0.04341501411194148,6.932124413186813e-05,0.010636269977600001
Fugue-asplos-EPIC-shared-readers-B1,F3,prefill_common,30,ff2,GPU,0,0.04341501411194148,0.04348433535607334,6.932124413186813e-05,0.010636269977600001
Fugue-asplos-EPIC-shared-readers-B1,F3,prefill_common,30,glu,GPU,0,0.04348433535607334,0.04349518024301406,1.0844886940715989e-05,0.00040298151935999995
Fugue-asplos-EPIC-shared-readers-B1,F3,prefill_common,30,ff3,GPU,0,0.04349518024301406,0.04357100035378329,7.582011076923077e-05,0.010812210544639999
Fugue-asplos-EPIC-shared-readers-B1,F3,prefill_common,30,comm_g2g,GPU,0,0.04357100035378329,0.04357100035378329,0.0,1.60169984e-05
Fugue-asplos-EPIC-shared-readers-B1,F3,prefill_common,30,norm2,GPU,0,0.04357100035378329,0.043581299732227206,1.0299378443914082e-05,0.00015062523904
Fugue-asplos-EPIC-shared-readers-B1,F3,prefill_common,31,qkv,GPU,0,0.043581299732227206,0.04366659735684259,8.529762461538462e-05,0.01168565075968
Fugue-asplos-EPIC-shared-readers-B1,F3,prefill_attention,31,attention_service,GPU,0,0.04366659735684259,0.04471280932628618,0.0010462119694435866,0.02613682685056
Fugue-asplos-EPIC-shared-readers-B1,F3,prefill_common,31,proj,GPU,0,0.04471280932628618,0.04474124186782464,2.843254153846154e-05,0.00408576589824
Fugue-asplos-EPIC-shared-readers-B1,F3,prefill_common,31,comm_g2g,GPU,0,0.04474124186782464,0.04474124186782464,0.0,1.60169984e-05
Fugue-asplos-EPIC-shared-readers-B1,F3,prefill_common,31,norm1,GPU,0,0.04474124186782464,0.04475154124626855,1.0299378443914082e-05,0.00015062523904
Fugue-asplos-EPIC-shared-readers-B1,F3,prefill_common,31,ff1,GPU,0,0.04475154124626855,0.04482086249040042,6.932124413186813e-05,0.010636269977600001
Fugue-asplos-EPIC-shared-readers-B1,F3,prefill_common,31,ff2,GPU,0,0.04482086249040042,0.04489018373453228,6.932124413186813e-05,0.010636269977600001
Fugue-asplos-EPIC-shared-readers-B1,F3,prefill_common,31,glu,GPU,0,0.04489018373453228,0.044901028621473,1.0844886940715989e-05,0.00040298151935999995
Fugue-asplos-EPIC-shared-readers-B1,F3,prefill_common,31,ff3,GPU,0,0.044901028621473,0.04497684873224223,7.582011076923077e-05,0.010812210544639999
Fugue-asplos-EPIC-shared-readers-B1,F3,prefill_common,31,comm_g2g,GPU,0,0.04497684873224223,0.04497684873224223,0.0,1.60169984e-05
Fugue-asplos-EPIC-shared-readers-B1,F3,prefill_common,31,norm2,GPU,0,0.04497684873224223,0.044987148110686145,1.0299378443914082e-05,0.00015062523904
Fugue-asplos-EPIC-shared-readers-B1,F3,decode,all,native_transformer,GPU+PIM,1,0.044987148110686145,0.050815307363187116,0.005828159252500972,0.4467111816495103
Fugue-asplos-EPIC-shared-readers-B1,F3,decode,all,native_transformer,GPU+PIM,2,0.050815307363187116,0.05664346661568809,0.005828159252500972,0.4467112244256767
Fugue-asplos-EPIC-shared-readers-B1,F3,decode,all,native_transformer,GPU+PIM,3,0.05664346661568809,0.06247162586818906,0.005828159252500972,0.44671126720184307
Fugue-asplos-EPIC-shared-readers-B1,F3,decode,all,native_transformer,GPU+PIM,4,0.06247162586818906,0.06829978512069003,0.005828159252500972,0.4467113099780095
Fugue-asplos-EPIC-shared-readers-B1,F3,decode,all,native_transformer,GPU+PIM,5,0.06829978512069003,0.07412794437319101,0.005828159252500972,0.4467113527541759
Fugue-asplos-EPIC-shared-readers-B1,F3,decode,all,native_transformer,GPU+PIM,6,0.07412794437319101,0.07995610362569198,0.005828159252500972,0.4467113955303423
Fugue-asplos-EPIC-shared-readers-B1,F3,decode,all,native_transformer,GPU+PIM,7,0.07995610362569198,0.08578426287819296,0.005828159252500972,0.4467114383065087
Fugue-asplos-EPIC-shared-readers-B1,F3,decode,all,native_transformer,GPU+PIM,8,0.08578426287819296,0.09161242213069394,0.005828159252500972,0.4467114810826751
Fugue-asplos-EPIC-shared-readers-B1,F3,decode,all,native_transformer,GPU+PIM,9,0.09161242213069394,0.09744058138319492,0.005828159252500972,0.4467115238588415
Fugue-asplos-EPIC-shared-readers-B1,F3,decode,all,native_transformer,GPU+PIM,10,0.09744058138319492,0.1032687406356959,0.005828159252500972,0.4467115666350079
Fugue-asplos-EPIC-shared-readers-B1,F3,decode,all,native_transformer,GPU+PIM,11,0.1032687406356959,0.10909689988819687,0.005828159252500972,0.4467116094111743
Fugue-asplos-EPIC-shared-readers-B1,F3,decode,all,native_transformer,GPU+PIM,12,0.10909689988819687,0.11492505914069785,0.005828159252500972,0.4467116521873407
Fugue-asplos-EPIC-shared-readers-B1,F3,decode,all,native_transformer,GPU+PIM,13,0.11492505914069785,0.12075321839319883,0.005828159252500972,0.44671169496350704
Fugue-asplos-EPIC-shared-readers-B1,F3,decode,all,native_transformer,GPU+PIM,14,0.12075321839319883,0.1265819682376998,0.005828749844500973,0.4467521079156735
Fugue-asplos-EPIC-shared-readers-B1,F3,decode,all,native_transformer,GPU+PIM,15,0.1265819682376998,0.13241071808220076,0.005828749844500973,0.4467521506918399
Fugue-asplos-EPIC-shared-readers-B1,F4,prefill_common,0,qkv,GPU,0,0.0,8.529762461538462e-05,8.529762461538462e-05,0.01168565075968
Fugue-asplos-EPIC-shared-readers-B1,F4,prefill_attention,0,attention_service,PIM,0,8.529762461538462e-05,0.0006866743972279545,0.0006013767726125699,0.017622734742016002
Fugue-asplos-EPIC-shared-readers-B1,F4,prefill_common,0,proj,GPU,0,0.0006866743972279545,0.000715106938766416,2.843254153846154e-05,0.00408576589824
Fugue-asplos-EPIC-shared-readers-B1,F4,prefill_common,0,comm_g2g,GPU,0,0.000715106938766416,0.000715106938766416,0.0,1.60169984e-05
Fugue-asplos-EPIC-shared-readers-B1,F4,prefill_common,0,norm1,GPU,0,0.000715106938766416,0.0007254063172103301,1.0299378443914082e-05,0.00015062523904
Fugue-asplos-EPIC-shared-readers-B1,F4,prefill_common,0,ff1,GPU,0,0.0007254063172103301,0.0007947275613421983,6.932124413186813e-05,0.010636269977600001
Fugue-asplos-EPIC-shared-readers-B1,F4,prefill_common,0,ff2,GPU,0,0.0007947275613421983,0.0008640488054740664,6.932124413186813e-05,0.010636269977600001
Fugue-asplos-EPIC-shared-readers-B1,F4,prefill_common,0,glu,GPU,0,0.0008640488054740664,0.0008748936924147824,1.0844886940715989e-05,0.00040298151935999995
Fugue-asplos-EPIC-shared-readers-B1,F4,prefill_common,0,ff3,GPU,0,0.0008748936924147824,0.0009507138031840132,7.582011076923077e-05,0.010812210544639999
Fugue-asplos-EPIC-shared-readers-B1,F4,prefill_common,0,comm_g2g,GPU,0,0.0009507138031840132,0.0009507138031840132,0.0,1.60169984e-05
Fugue-asplos-EPIC-shared-readers-B1,F4,prefill_common,0,norm2,GPU,0,0.0009507138031840132,0.0009610131816279273,1.0299378443914082e-05,0.00015062523904
Fugue-asplos-EPIC-shared-readers-B1,F4,prefill_common,1,qkv,GPU,0,0.0009610131816279273,0.0010463108062433119,8.529762461538462e-05,0.01168565075968
Fugue-asplos-EPIC-shared-readers-B1,F4,prefill_attention,1,attention_service,PIM,0,0.0010463108062433119,0.0016476875788558817,0.0006013767726125699,0.017622734742016002
Fugue-asplos-EPIC-shared-readers-B1,F4,prefill_common,1,proj,GPU,0,0.0016476875788558817,0.0016761201203943433,2.843254153846154e-05,0.00408576589824
Fugue-asplos-EPIC-shared-readers-B1,F4,prefill_common,1,comm_g2g,GPU,0,0.0016761201203943433,0.0016761201203943433,0.0,1.60169984e-05
Fugue-asplos-EPIC-shared-readers-B1,F4,prefill_common,1,norm1,GPU,0,0.0016761201203943433,0.0016864194988382574,1.0299378443914082e-05,0.00015062523904
Fugue-asplos-EPIC-shared-readers-B1,F4,prefill_common,1,ff1,GPU,0,0.0016864194988382574,0.0017557407429701255,6.932124413186813e-05,0.010636269977600001
Fugue-asplos-EPIC-shared-readers-B1,F4,prefill_common,1,ff2,GPU,0,0.0017557407429701255,0.0018250619871019937,6.932124413186813e-05,0.010636269977600001
Fugue-asplos-EPIC-shared-readers-B1,F4,prefill_common,1,glu,GPU,0,0.0018250619871019937,0.0018359068740427097,1.0844886940715989e-05,0.00040298151935999995
Fugue-asplos-EPIC-shared-readers-B1,F4,prefill_common,1,ff3,GPU,0,0.0018359068740427097,0.0019117269848119404,7.582011076923077e-05,0.010812210544639999
Fugue-asplos-EPIC-shared-readers-B1,F4,prefill_common,1,comm_g2g,GPU,0,0.0019117269848119404,0.0019117269848119404,0.0,1.60169984e-05
Fugue-asplos-EPIC-shared-readers-B1,F4,prefill_common,1,norm2,GPU,0,0.0019117269848119404,0.0019220263632558545,1.0299378443914082e-05,0.00015062523904
Fugue-asplos-EPIC-shared-readers-B1,F4,prefill_common,2,qkv,GPU,0,0.0019220263632558545,0.0020073239878712393,8.529762461538462e-05,0.01168565075968
Fugue-asplos-EPIC-shared-readers-B1,F4,prefill_attention,2,attention_service,PIM,0,0.0020073239878712393,0.002608700760483809,0.0006013767726125699,0.017622734742016002
Fugue-asplos-EPIC-shared-readers-B1,F4,prefill_common,2,proj,GPU,0,0.002608700760483809,0.0026371333020222707,2.843254153846154e-05,0.00408576589824
Fugue-asplos-EPIC-shared-readers-B1,F4,prefill_common,2,comm_g2g,GPU,0,0.0026371333020222707,0.0026371333020222707,0.0,1.60169984e-05
Fugue-asplos-EPIC-shared-readers-B1,F4,prefill_common,2,norm1,GPU,0,0.0026371333020222707,0.002647432680466185,1.0299378443914082e-05,0.00015062523904
Fugue-asplos-EPIC-shared-readers-B1,F4,prefill_common,2,ff1,GPU,0,0.002647432680466185,0.002716753924598053,6.932124413186813e-05,0.010636269977600001
Fugue-asplos-EPIC-shared-readers-B1,F4,prefill_common,2,ff2,GPU,0,0.002716753924598053,0.0027860751687299214,6.932124413186813e-05,0.010636269977600001
Fugue-asplos-EPIC-shared-readers-B1,F4,prefill_common,2,glu,GPU,0,0.0027860751687299214,0.0027969200556706374,1.0844886940715989e-05,0.00040298151935999995
Fugue-asplos-EPIC-shared-readers-B1,F4,prefill_common,2,ff3,GPU,0,0.0027969200556706374,0.0028727401664398683,7.582011076923077e-05,0.010812210544639999
Fugue-asplos-EPIC-shared-readers-B1,F4,prefill_common,2,comm_g2g,GPU,0,0.0028727401664398683,0.0028727401664398683,0.0,1.60169984e-05
Fugue-asplos-EPIC-shared-readers-B1,F4,prefill_common,2,norm2,GPU,0,0.0028727401664398683,0.0028830395448837826,1.0299378443914082e-05,0.00015062523904
Fugue-asplos-EPIC-shared-readers-B1,F4,prefill_common,3,qkv,GPU,0,0.0028830395448837826,0.0029683371694991675,8.529762461538462e-05,0.01168565075968
Fugue-asplos-EPIC-shared-readers-B1,F4,prefill_attention,3,attention_service,PIM,0,0.0029683371694991675,0.003569713942111737,0.0006013767726125699,0.017622734742016002
Fugue-asplos-EPIC-shared-readers-B1,F4,prefill_common,3,proj,GPU,0,0.003569713942111737,0.003598146483650199,2.843254153846154e-05,0.00408576589824
Fugue-asplos-EPIC-shared-readers-B1,F4,prefill_common,3,comm_g2g,GPU,0,0.003598146483650199,0.003598146483650199,0.0,1.60169984e-05
Fugue-asplos-EPIC-shared-readers-B1,F4,prefill_common,3,norm1,GPU,0,0.003598146483650199,0.003608445862094113,1.0299378443914082e-05,0.00015062523904
Fugue-asplos-EPIC-shared-readers-B1,F4,prefill_common,3,ff1,GPU,0,0.003608445862094113,0.0036777671062259813,6.932124413186813e-05,0.010636269977600001
Fugue-asplos-EPIC-shared-readers-B1,F4,prefill_common,3,ff2,GPU,0,0.0036777671062259813,0.0037470883503578495,6.932124413186813e-05,0.010636269977600001
Fugue-asplos-EPIC-shared-readers-B1,F4,prefill_common,3,glu,GPU,0,0.0037470883503578495,0.0037579332372985655,1.0844886940715989e-05,0.00040298151935999995
Fugue-asplos-EPIC-shared-readers-B1,F4,prefill_common,3,ff3,GPU,0,0.0037579332372985655,0.0038337533480677964,7.582011076923077e-05,0.010812210544639999
Fugue-asplos-EPIC-shared-readers-B1,F4,prefill_common,3,comm_g2g,GPU,0,0.0038337533480677964,0.0038337533480677964,0.0,1.60169984e-05
Fugue-asplos-EPIC-shared-readers-B1,F4,prefill_common,3,norm2,GPU,0,0.0038337533480677964,0.0038440527265117107,1.0299378443914082e-05,0.00015062523904
Fugue-asplos-EPIC-shared-readers-B1,F4,prefill_common,4,qkv,GPU,0,0.0038440527265117107,0.003929350351127095,8.529762461538462e-05,0.01168565075968
Fugue-asplos-EPIC-shared-readers-B1,F4,prefill_attention,4,attention_service,PIM,0,0.003929350351127095,0.004530727123739665,0.0006013767726125699,0.017622734742016002
Fugue-asplos-EPIC-shared-readers-B1,F4,prefill_common,4,proj,GPU,0,0.004530727123739665,0.004559159665278127,2.843254153846154e-05,0.00408576589824
Fugue-asplos-EPIC-shared-readers-B1,F4,prefill_common,4,comm_g2g,GPU,0,0.004559159665278127,0.004559159665278127,0.0,1.60169984e-05
Fugue-asplos-EPIC-shared-readers-B1,F4,prefill_common,4,norm1,GPU,0,0.004559159665278127,0.004569459043722041,1.0299378443914082e-05,0.00015062523904
Fugue-asplos-EPIC-shared-readers-B1,F4,prefill_common,4,ff1,GPU,0,0.004569459043722041,0.0046387802878539094,6.932124413186813e-05,0.010636269977600001
Fugue-asplos-EPIC-shared-readers-B1,F4,prefill_common,4,ff2,GPU,0,0.0046387802878539094,0.004708101531985778,6.932124413186813e-05,0.010636269977600001
Fugue-asplos-EPIC-shared-readers-B1,F4,prefill_common,4,glu,GPU,0,0.004708101531985778,0.004718946418926493,1.0844886940715989e-05,0.00040298151935999995
Fugue-asplos-EPIC-shared-readers-B1,F4,prefill_common,4,ff3,GPU,0,0.004718946418926493,0.004794766529695724,7.582011076923077e-05,0.010812210544639999
Fugue-asplos-EPIC-shared-readers-B1,F4,prefill_common,4,comm_g2g,GPU,0,0.004794766529695724,0.004794766529695724,0.0,1.60169984e-05
Fugue-asplos-EPIC-shared-readers-B1,F4,prefill_common,4,norm2,GPU,0,0.004794766529695724,0.004805065908139638,1.0299378443914082e-05,0.00015062523904
Fugue-asplos-EPIC-shared-readers-B1,F4,prefill_common,5,qkv,GPU,0,0.004805065908139638,0.004890363532755022,8.529762461538462e-05,0.01168565075968
Fugue-asplos-EPIC-shared-readers-B1,F4,prefill_attention,5,attention_service,PIM,0,0.004890363532755022,0.0054917403053675925,0.0006013767726125699,0.017622734742016002
Fugue-asplos-EPIC-shared-readers-B1,F4,prefill_common,5,proj,GPU,0,0.0054917403053675925,0.005520172846906054,2.843254153846154e-05,0.00408576589824
Fugue-asplos-EPIC-shared-readers-B1,F4,prefill_common,5,comm_g2g,GPU,0,0.005520172846906054,0.005520172846906054,0.0,1.60169984e-05
Fugue-asplos-EPIC-shared-readers-B1,F4,prefill_common,5,norm1,GPU,0,0.005520172846906054,0.0055304722253499685,1.0299378443914082e-05,0.00015062523904
Fugue-asplos-EPIC-shared-readers-B1,F4,prefill_common,5,ff1,GPU,0,0.0055304722253499685,0.005599793469481837,6.932124413186813e-05,0.010636269977600001
Fugue-asplos-EPIC-shared-readers-B1,F4,prefill_common,5,ff2,GPU,0,0.005599793469481837,0.005669114713613705,6.932124413186813e-05,0.010636269977600001
Fugue-asplos-EPIC-shared-readers-B1,F4,prefill_common,5,glu,GPU,0,0.005669114713613705,0.0056799596005544205,1.0844886940715989e-05,0.00040298151935999995
Fugue-asplos-EPIC-shared-readers-B1,F4,prefill_common,5,ff3,GPU,0,0.0056799596005544205,0.005755779711323651,7.582011076923077e-05,0.010812210544639999
Fugue-asplos-EPIC-shared-readers-B1,F4,prefill_common,5,comm_g2g,GPU,0,0.005755779711323651,0.005755779711323651,0.0,1.60169984e-05
Fugue-asplos-EPIC-shared-readers-B1,F4,prefill_common,5,norm2,GPU,0,0.005755779711323651,0.005766079089767565,1.0299378443914082e-05,0.00015062523904
Fugue-asplos-EPIC-shared-readers-B1,F4,prefill_common,6,qkv,GPU,0,0.005766079089767565,0.00585137671438295,8.529762461538462e-05,0.01168565075968
Fugue-asplos-EPIC-shared-readers-B1,F4,prefill_attention,6,attention_service,PIM,0,0.00585137671438295,0.00645275348699552,0.0006013767726125699,0.017622734742016002
Fugue-asplos-EPIC-shared-readers-B1,F4,prefill_common,6,proj,GPU,0,0.00645275348699552,0.0064811860285339815,2.843254153846154e-05,0.00408576589824
Fugue-asplos-EPIC-shared-readers-B1,F4,prefill_common,6,comm_g2g,GPU,0,0.0064811860285339815,0.0064811860285339815,0.0,1.60169984e-05
Fugue-asplos-EPIC-shared-readers-B1,F4,prefill_common,6,norm1,GPU,0,0.0064811860285339815,0.006491485406977896,1.0299378443914082e-05,0.00015062523904
Fugue-asplos-EPIC-shared-readers-B1,F4,prefill_common,6,ff1,GPU,0,0.006491485406977896,0.006560806651109764,6.932124413186813e-05,0.010636269977600001
Fugue-asplos-EPIC-shared-readers-B1,F4,prefill_common,6,ff2,GPU,0,0.006560806651109764,0.006630127895241632,6.932124413186813e-05,0.010636269977600001
Fugue-asplos-EPIC-shared-readers-B1,F4,prefill_common,6,glu,GPU,0,0.006630127895241632,0.006640972782182348,1.0844886940715989e-05,0.00040298151935999995
Fugue-asplos-EPIC-shared-readers-B1,F4,prefill_common,6,ff3,GPU,0,0.006640972782182348,0.006716792892951578,7.582011076923077e-05,0.010812210544639999
Fugue-asplos-EPIC-shared-readers-B1,F4,prefill_common,6,comm_g2g,GPU,0,0.006716792892951578,0.006716792892951578,0.0,1.60169984e-05
Fugue-asplos-EPIC-shared-readers-B1,F4,prefill_common,6,norm2,GPU,0,0.006716792892951578,0.0067270922713954925,1.0299378443914082e-05,0.00015062523904
Fugue-asplos-EPIC-shared-readers-B1,F4,prefill_common,7,qkv,GPU,0,0.0067270922713954925,0.006812389896010877,8.529762461538462e-05,0.01168565075968
Fugue-asplos-EPIC-shared-readers-B1,F4,prefill_attention,7,attention_service,PIM,0,0.006812389896010877,0.007413766668623447,0.0006013767726125699,0.017622734742016002
Fugue-asplos-EPIC-shared-readers-B1,F4,prefill_common,7,proj,GPU,0,0.007413766668623447,0.007442199210161909,2.843254153846154e-05,0.00408576589824
Fugue-asplos-EPIC-shared-readers-B1,F4,prefill_common,7,comm_g2g,GPU,0,0.007442199210161909,0.007442199210161909,0.0,1.60169984e-05
Fugue-asplos-EPIC-shared-readers-B1,F4,prefill_common,7,norm1,GPU,0,0.007442199210161909,0.007452498588605823,1.0299378443914082e-05,0.00015062523904
Fugue-asplos-EPIC-shared-readers-B1,F4,prefill_common,7,ff1,GPU,0,0.007452498588605823,0.007521819832737691,6.932124413186813e-05,0.010636269977600001
Fugue-asplos-EPIC-shared-readers-B1,F4,prefill_common,7,ff2,GPU,0,0.007521819832737691,0.007591141076869559,6.932124413186813e-05,0.010636269977600001
Fugue-asplos-EPIC-shared-readers-B1,F4,prefill_common,7,glu,GPU,0,0.007591141076869559,0.007601985963810275,1.0844886940715989e-05,0.00040298151935999995
Fugue-asplos-EPIC-shared-readers-B1,F4,prefill_common,7,ff3,GPU,0,0.007601985963810275,0.0076778060745795055,7.582011076923077e-05,0.010812210544639999
Fugue-asplos-EPIC-shared-readers-B1,F4,prefill_common,7,comm_g2g,GPU,0,0.0076778060745795055,0.0076778060745795055,0.0,1.60169984e-05
Fugue-asplos-EPIC-shared-readers-B1,F4,prefill_common,7,norm2,GPU,0,0.0076778060745795055,0.00768810545302342,1.0299378443914082e-05,0.00015062523904
Fugue-asplos-EPIC-shared-readers-B1,F4,prefill_common,8,qkv,GPU,0,0.00768810545302342,0.007773403077638804,8.529762461538462e-05,0.01168565075968
Fugue-asplos-EPIC-shared-readers-B1,F4,prefill_attention,8,attention_service,PIM,0,0.007773403077638804,0.008374779850251373,0.0006013767726125699,0.017622734742016002
Fugue-asplos-EPIC-shared-readers-B1,F4,prefill_common,8,proj,GPU,0,0.008374779850251373,0.008403212391789835,2.843254153846154e-05,0.00408576589824
Fugue-asplos-EPIC-shared-readers-B1,F4,prefill_common,8,comm_g2g,GPU,0,0.008403212391789835,0.008403212391789835,0.0,1.60169984e-05
Fugue-asplos-EPIC-shared-readers-B1,F4,prefill_common,8,norm1,GPU,0,0.008403212391789835,0.008413511770233749,1.0299378443914082e-05,0.00015062523904
Fugue-asplos-EPIC-shared-readers-B1,F4,prefill_common,8,ff1,GPU,0,0.008413511770233749,0.008482833014365617,6.932124413186813e-05,0.010636269977600001
Fugue-asplos-EPIC-shared-readers-B1,F4,prefill_common,8,ff2,GPU,0,0.008482833014365617,0.008552154258497485,6.932124413186813e-05,0.010636269977600001
Fugue-asplos-EPIC-shared-readers-B1,F4,prefill_common,8,glu,GPU,0,0.008552154258497485,0.008562999145438201,1.0844886940715989e-05,0.00040298151935999995
Fugue-asplos-EPIC-shared-readers-B1,F4,prefill_common,8,ff3,GPU,0,0.008562999145438201,0.008638819256207433,7.582011076923077e-05,0.010812210544639999
Fugue-asplos-EPIC-shared-readers-B1,F4,prefill_common,8,comm_g2g,GPU,0,0.008638819256207433,0.008638819256207433,0.0,1.60169984e-05
Fugue-asplos-EPIC-shared-readers-B1,F4,prefill_common,8,norm2,GPU,0,0.008638819256207433,0.008649118634651346,1.0299378443914082e-05,0.00015062523904
Fugue-asplos-EPIC-shared-readers-B1,F4,prefill_common,9,qkv,GPU,0,0.008649118634651346,0.008734416259266731,8.529762461538462e-05,0.01168565075968
Fugue-asplos-EPIC-shared-readers-B1,F4,prefill_attention,9,attention_service,PIM,0,0.008734416259266731,0.009335793031879301,0.0006013767726125699,0.017622734742016002
Fugue-asplos-EPIC-shared-readers-B1,F4,prefill_common,9,proj,GPU,0,0.009335793031879301,0.009364225573417763,2.843254153846154e-05,0.00408576589824
Fugue-asplos-EPIC-shared-readers-B1,F4,prefill_common,9,comm_g2g,GPU,0,0.009364225573417763,0.009364225573417763,0.0,1.60169984e-05
Fugue-asplos-EPIC-shared-readers-B1,F4,prefill_common,9,norm1,GPU,0,0.009364225573417763,0.009374524951861677,1.0299378443914082e-05,0.00015062523904
Fugue-asplos-EPIC-shared-readers-B1,F4,prefill_common,9,ff1,GPU,0,0.009374524951861677,0.009443846195993545,6.932124413186813e-05,0.010636269977600001
Fugue-asplos-EPIC-shared-readers-B1,F4,prefill_common,9,ff2,GPU,0,0.009443846195993545,0.009513167440125413,6.932124413186813e-05,0.010636269977600001
Fugue-asplos-EPIC-shared-readers-B1,F4,prefill_common,9,glu,GPU,0,0.009513167440125413,0.00952401232706613,1.0844886940715989e-05,0.00040298151935999995
Fugue-asplos-EPIC-shared-readers-B1,F4,prefill_common,9,ff3,GPU,0,0.00952401232706613,0.00959983243783536,7.582011076923077e-05,0.010812210544639999
Fugue-asplos-EPIC-shared-readers-B1,F4,prefill_common,9,comm_g2g,GPU,0,0.00959983243783536,0.00959983243783536,0.0,1.60169984e-05
Fugue-asplos-EPIC-shared-readers-B1,F4,prefill_common,9,norm2,GPU,0,0.00959983243783536,0.009610131816279274,1.0299378443914082e-05,0.00015062523904
Fugue-asplos-EPIC-shared-readers-B1,F4,prefill_common,10,qkv,GPU,0,0.009610131816279274,0.00969542944089466,8.529762461538462e-05,0.01168565075968
Fugue-asplos-EPIC-shared-readers-B1,F4,prefill_attention,10,attention_service,PIM,0,0.00969542944089466,0.01029680621350723,0.0006013767726125699,0.017622734742016002
Fugue-asplos-EPIC-shared-readers-B1,F4,prefill_common,10,proj,GPU,0,0.01029680621350723,0.010325238755045691,2.843254153846154e-05,0.00408576589824
Fugue-asplos-EPIC-shared-readers-B1,F4,prefill_common,10,comm_g2g,GPU,0,0.010325238755045691,0.010325238755045691,0.0,1.60169984e-05
Fugue-asplos-EPIC-shared-readers-B1,F4,prefill_common,10,norm1,GPU,0,0.010325238755045691,0.010335538133489605,1.0299378443914082e-05,0.00015062523904
Fugue-asplos-EPIC-shared-readers-B1,F4,prefill_common,10,ff1,GPU,0,0.010335538133489605,0.010404859377621473,6.932124413186813e-05,0.010636269977600001
Fugue-asplos-EPIC-shared-readers-B1,F4,prefill_common,10,ff2,GPU,0,0.010404859377621473,0.010474180621753341,6.932124413186813e-05,0.010636269977600001
Fugue-asplos-EPIC-shared-readers-B1,F4,prefill_common,10,glu,GPU,0,0.010474180621753341,0.010485025508694058,1.0844886940715989e-05,0.00040298151935999995
Fugue-asplos-EPIC-shared-readers-B1,F4,prefill_common,10,ff3,GPU,0,0.010485025508694058,0.010560845619463289,7.582011076923077e-05,0.010812210544639999
Fugue-asplos-EPIC-shared-readers-B1,F4,prefill_common,10,comm_g2g,GPU,0,0.010560845619463289,0.010560845619463289,0.0,1.60169984e-05
Fugue-asplos-EPIC-shared-readers-B1,F4,prefill_common,10,norm2,GPU,0,0.010560845619463289,0.010571144997907202,1.0299378443914082e-05,0.00015062523904
Fugue-asplos-EPIC-shared-readers-B1,F4,prefill_common,11,qkv,GPU,0,0.010571144997907202,0.010656442622522588,8.529762461538462e-05,0.01168565075968
Fugue-asplos-EPIC-shared-readers-B1,F4,prefill_attention,11,attention_service,PIM,0,0.010656442622522588,0.011257819395135158,0.0006013767726125699,0.017622734742016002
Fugue-asplos-EPIC-shared-readers-B1,F4,prefill_common,11,proj,GPU,0,0.011257819395135158,0.01128625193667362,2.843254153846154e-05,0.00408576589824
Fugue-asplos-EPIC-shared-readers-B1,F4,prefill_common,11,comm_g2g,GPU,0,0.01128625193667362,0.01128625193667362,0.0,1.60169984e-05
Fugue-asplos-EPIC-shared-readers-B1,F4,prefill_common,11,norm1,GPU,0,0.01128625193667362,0.011296551315117533,1.0299378443914082e-05,0.00015062523904
Fugue-asplos-EPIC-shared-readers-B1,F4,prefill_common,11,ff1,GPU,0,0.011296551315117533,0.011365872559249401,6.932124413186813e-05,0.010636269977600001
Fugue-asplos-EPIC-shared-readers-B1,F4,prefill_common,11,ff2,GPU,0,0.011365872559249401,0.01143519380338127,6.932124413186813e-05,0.010636269977600001
Fugue-asplos-EPIC-shared-readers-B1,F4,prefill_common,11,glu,GPU,0,0.01143519380338127,0.011446038690321986,1.0844886940715989e-05,0.00040298151935999995
Fugue-asplos-EPIC-shared-readers-B1,F4,prefill_common,11,ff3,GPU,0,0.011446038690321986,0.011521858801091217,7.582011076923077e-05,0.010812210544639999
Fugue-asplos-EPIC-shared-readers-B1,F4,prefill_common,11,comm_g2g,GPU,0,0.011521858801091217,0.011521858801091217,0.0,1.60169984e-05
Fugue-asplos-EPIC-shared-readers-B1,F4,prefill_common,11,norm2,GPU,0,0.011521858801091217,0.01153215817953513,1.0299378443914082e-05,0.00015062523904
Fugue-asplos-EPIC-shared-readers-B1,F4,prefill_common,12,qkv,GPU,0,0.01153215817953513,0.011617455804150516,8.529762461538462e-05,0.01168565075968
Fugue-asplos-EPIC-shared-readers-B1,F4,prefill_attention,12,attention_service,PIM,0,0.011617455804150516,0.012218832576763086,0.0006013767726125699,0.017622734742016002
Fugue-asplos-EPIC-shared-readers-B1,F4,prefill_common,12,proj,GPU,0,0.012218832576763086,0.012247265118301548,2.843254153846154e-05,0.00408576589824
Fugue-asplos-EPIC-shared-readers-B1,F4,prefill_common,12,comm_g2g,GPU,0,0.012247265118301548,0.012247265118301548,0.0,1.60169984e-05
Fugue-asplos-EPIC-shared-readers-B1,F4,prefill_common,12,norm1,GPU,0,0.012247265118301548,0.012257564496745461,1.0299378443914082e-05,0.00015062523904
Fugue-asplos-EPIC-shared-readers-B1,F4,prefill_common,12,ff1,GPU,0,0.012257564496745461,0.01232688574087733,6.932124413186813e-05,0.010636269977600001
Fugue-asplos-EPIC-shared-readers-B1,F4,prefill_common,12,ff2,GPU,0,0.01232688574087733,0.012396206985009197,6.932124413186813e-05,0.010636269977600001
Fugue-asplos-EPIC-shared-readers-B1,F4,prefill_common,12,glu,GPU,0,0.012396206985009197,0.012407051871949914,1.0844886940715989e-05,0.00040298151935999995
Fugue-asplos-EPIC-shared-readers-B1,F4,prefill_common,12,ff3,GPU,0,0.012407051871949914,0.012482871982719145,7.582011076923077e-05,0.010812210544639999
Fugue-asplos-EPIC-shared-readers-B1,F4,prefill_common,12,comm_g2g,GPU,0,0.012482871982719145,0.012482871982719145,0.0,1.60169984e-05
Fugue-asplos-EPIC-shared-readers-B1,F4,prefill_common,12,norm2,GPU,0,0.012482871982719145,0.012493171361163059,1.0299378443914082e-05,0.00015062523904
Fugue-asplos-EPIC-shared-readers-B1,F4,prefill_common,13,qkv,GPU,0,0.012493171361163059,0.012578468985778444,8.529762461538462e-05,0.01168565075968
Fugue-asplos-EPIC-shared-readers-B1,F4,prefill_attention,13,attention_service,PIM,0,0.012578468985778444,0.013179845758391014,0.0006013767726125699,0.017622734742016002
Fugue-asplos-EPIC-shared-readers-B1,F4,prefill_common,13,proj,GPU,0,0.013179845758391014,0.013208278299929476,2.843254153846154e-05,0.00408576589824
Fugue-asplos-EPIC-shared-readers-B1,F4,prefill_common,13,comm_g2g,GPU,0,0.013208278299929476,0.013208278299929476,0.0,1.60169984e-05
Fugue-asplos-EPIC-shared-readers-B1,F4,prefill_common,13,norm1,GPU,0,0.013208278299929476,0.01321857767837339,1.0299378443914082e-05,0.00015062523904
Fugue-asplos-EPIC-shared-readers-B1,F4,prefill_common,13,ff1,GPU,0,0.01321857767837339,0.013287898922505257,6.932124413186813e-05,0.010636269977600001
Fugue-asplos-EPIC-shared-readers-B1,F4,prefill_common,13,ff2,GPU,0,0.013287898922505257,0.013357220166637125,6.932124413186813e-05,0.010636269977600001
Fugue-asplos-EPIC-shared-readers-B1,F4,prefill_common,13,glu,GPU,0,0.013357220166637125,0.013368065053577842,1.0844886940715989e-05,0.00040298151935999995
Fugue-asplos-EPIC-shared-readers-B1,F4,prefill_common,13,ff3,GPU,0,0.013368065053577842,0.013443885164347073,7.582011076923077e-05,0.010812210544639999
Fugue-asplos-EPIC-shared-readers-B1,F4,prefill_common,13,comm_g2g,GPU,0,0.013443885164347073,0.013443885164347073,0.0,1.60169984e-05
Fugue-asplos-EPIC-shared-readers-B1,F4,prefill_common,13,norm2,GPU,0,0.013443885164347073,0.013454184542790987,1.0299378443914082e-05,0.00015062523904
Fugue-asplos-EPIC-shared-readers-B1,F4,prefill_common,14,qkv,GPU,0,0.013454184542790987,0.013539482167406372,8.529762461538462e-05,0.01168565075968
Fugue-asplos-EPIC-shared-readers-B1,F4,prefill_attention,14,attention_service,PIM,0,0.013539482167406372,0.014140858940018942,0.0006013767726125699,0.017622734742016002
Fugue-asplos-EPIC-shared-readers-B1,F4,prefill_common,14,proj,GPU,0,0.014140858940018942,0.014169291481557404,2.843254153846154e-05,0.00408576589824
Fugue-asplos-EPIC-shared-readers-B1,F4,prefill_common,14,comm_g2g,GPU,0,0.014169291481557404,0.014169291481557404,0.0,1.60169984e-05
Fugue-asplos-EPIC-shared-readers-B1,F4,prefill_common,14,norm1,GPU,0,0.014169291481557404,0.014179590860001317,1.0299378443914082e-05,0.00015062523904
Fugue-asplos-EPIC-shared-readers-B1,F4,prefill_common,14,ff1,GPU,0,0.014179590860001317,0.014248912104133185,6.932124413186813e-05,0.010636269977600001
Fugue-asplos-EPIC-shared-readers-B1,F4,prefill_common,14,ff2,GPU,0,0.014248912104133185,0.014318233348265054,6.932124413186813e-05,0.010636269977600001
Fugue-asplos-EPIC-shared-readers-B1,F4,prefill_common,14,glu,GPU,0,0.014318233348265054,0.01432907823520577,1.0844886940715989e-05,0.00040298151935999995
Fugue-asplos-EPIC-shared-readers-B1,F4,prefill_common,14,ff3,GPU,0,0.01432907823520577,0.014404898345975001,7.582011076923077e-05,0.010812210544639999
Fugue-asplos-EPIC-shared-readers-B1,F4,prefill_common,14,comm_g2g,GPU,0,0.014404898345975001,0.014404898345975001,0.0,1.60169984e-05
Fugue-asplos-EPIC-shared-readers-B1,F4,prefill_common,14,norm2,GPU,0,0.014404898345975001,0.014415197724418915,1.0299378443914082e-05,0.00015062523904
Fugue-asplos-EPIC-shared-readers-B1,F4,prefill_common,15,qkv,GPU,0,0.014415197724418915,0.0145004953490343,8.529762461538462e-05,0.01168565075968
Fugue-asplos-EPIC-shared-readers-B1,F4,prefill_attention,15,attention_service,PIM,0,0.0145004953490343,0.01510187212164687,0.0006013767726125699,0.017622734742016002
Fugue-asplos-EPIC-shared-readers-B1,F4,prefill_common,15,proj,GPU,0,0.01510187212164687,0.015130304663185332,2.843254153846154e-05,0.00408576589824
Fugue-asplos-EPIC-shared-readers-B1,F4,prefill_common,15,comm_g2g,GPU,0,0.015130304663185332,0.015130304663185332,0.0,1.60169984e-05
Fugue-asplos-EPIC-shared-readers-B1,F4,prefill_common,15,norm1,GPU,0,0.015130304663185332,0.015140604041629245,1.0299378443914082e-05,0.00015062523904
Fugue-asplos-EPIC-shared-readers-B1,F4,prefill_common,15,ff1,GPU,0,0.015140604041629245,0.015209925285761114,6.932124413186813e-05,0.010636269977600001
Fugue-asplos-EPIC-shared-readers-B1,F4,prefill_common,15,ff2,GPU,0,0.015209925285761114,0.015279246529892982,6.932124413186813e-05,0.010636269977600001
Fugue-asplos-EPIC-shared-readers-B1,F4,prefill_common,15,glu,GPU,0,0.015279246529892982,0.015290091416833698,1.0844886940715989e-05,0.00040298151935999995
Fugue-asplos-EPIC-shared-readers-B1,F4,prefill_common,15,ff3,GPU,0,0.015290091416833698,0.01536591152760293,7.582011076923077e-05,0.010812210544639999
Fugue-asplos-EPIC-shared-readers-B1,F4,prefill_common,15,comm_g2g,GPU,0,0.01536591152760293,0.01536591152760293,0.0,1.60169984e-05
Fugue-asplos-EPIC-shared-readers-B1,F4,prefill_common,15,norm2,GPU,0,0.01536591152760293,0.015376210906046843,1.0299378443914082e-05,0.00015062523904
Fugue-asplos-EPIC-shared-readers-B1,F4,prefill_common,16,qkv,GPU,0,0.015376210906046843,0.015461508530662228,8.529762461538462e-05,0.01168565075968
Fugue-asplos-EPIC-shared-readers-B1,F4,prefill_attention,16,attention_service,PIM,0,0.015461508530662228,0.016062885303274797,0.0006013767726125699,0.017622734742016002
Fugue-asplos-EPIC-shared-readers-B1,F4,prefill_common,16,proj,GPU,0,0.016062885303274797,0.01609131784481326,2.843254153846154e-05,0.00408576589824
Fugue-asplos-EPIC-shared-readers-B1,F4,prefill_common,16,comm_g2g,GPU,0,0.01609131784481326,0.01609131784481326,0.0,1.60169984e-05
Fugue-asplos-EPIC-shared-readers-B1,F4,prefill_common,16,norm1,GPU,0,0.01609131784481326,0.016101617223257172,1.0299378443914082e-05,0.00015062523904
Fugue-asplos-EPIC-shared-readers-B1,F4,prefill_common,16,ff1,GPU,0,0.016101617223257172,0.01617093846738904,6.932124413186813e-05,0.010636269977600001
Fugue-asplos-EPIC-shared-readers-B1,F4,prefill_common,16,ff2,GPU,0,0.01617093846738904,0.016240259711520908,6.932124413186813e-05,0.010636269977600001
Fugue-asplos-EPIC-shared-readers-B1,F4,prefill_common,16,glu,GPU,0,0.016240259711520908,0.016251104598461623,1.0844886940715989e-05,0.00040298151935999995
Fugue-asplos-EPIC-shared-readers-B1,F4,prefill_common,16,ff3,GPU,0,0.016251104598461623,0.016326924709230854,7.582011076923077e-05,0.010812210544639999
Fugue-asplos-EPIC-shared-readers-B1,F4,prefill_common,16,comm_g2g,GPU,0,0.016326924709230854,0.016326924709230854,0.0,1.60169984e-05
Fugue-asplos-EPIC-shared-readers-B1,F4,prefill_common,16,norm2,GPU,0,0.016326924709230854,0.016337224087674768,1.0299378443914082e-05,0.00015062523904
Fugue-asplos-EPIC-shared-readers-B1,F4,prefill_common,17,qkv,GPU,0,0.016337224087674768,0.016422521712290153,8.529762461538462e-05,0.01168565075968
Fugue-asplos-EPIC-shared-readers-B1,F4,prefill_attention,17,attention_service,PIM,0,0.016422521712290153,0.01702389848490272,0.0006013767726125699,0.017622734742016002
Fugue-asplos-EPIC-shared-readers-B1,F4,prefill_common,17,proj,GPU,0,0.01702389848490272,0.017052331026441183,2.843254153846154e-05,0.00408576589824
Fugue-asplos-EPIC-shared-readers-B1,F4,prefill_common,17,comm_g2g,GPU,0,0.017052331026441183,0.017052331026441183,0.0,1.60169984e-05
Fugue-asplos-EPIC-shared-readers-B1,F4,prefill_common,17,norm1,GPU,0,0.017052331026441183,0.017062630404885096,1.0299378443914082e-05,0.00015062523904
Fugue-asplos-EPIC-shared-readers-B1,F4,prefill_common,17,ff1,GPU,0,0.017062630404885096,0.017131951649016965,6.932124413186813e-05,0.010636269977600001
Fugue-asplos-EPIC-shared-readers-B1,F4,prefill_common,17,ff2,GPU,0,0.017131951649016965,0.017201272893148833,6.932124413186813e-05,0.010636269977600001
Fugue-asplos-EPIC-shared-readers-B1,F4,prefill_common,17,glu,GPU,0,0.017201272893148833,0.017212117780089548,1.0844886940715989e-05,0.00040298151935999995
Fugue-asplos-EPIC-shared-readers-B1,F4,prefill_common,17,ff3,GPU,0,0.017212117780089548,0.01728793789085878,7.582011076923077e-05,0.010812210544639999
Fugue-asplos-EPIC-shared-readers-B1,F4,prefill_common,17,comm_g2g,GPU,0,0.01728793789085878,0.01728793789085878,0.0,1.60169984e-05
Fugue-asplos-EPIC-shared-readers-B1,F4,prefill_common,17,norm2,GPU,0,0.01728793789085878,0.017298237269302692,1.0299378443914082e-05,0.00015062523904
Fugue-asplos-EPIC-shared-readers-B1,F4,prefill_common,18,qkv,GPU,0,0.017298237269302692,0.017383534893918078,8.529762461538462e-05,0.01168565075968
Fugue-asplos-EPIC-shared-readers-B1,F4,prefill_attention,18,attention_service,PIM,0,0.017383534893918078,0.017984911666530646,0.0006013767726125699,0.017622734742016002
Fugue-asplos-EPIC-shared-readers-B1,F4,prefill_common,18,proj,GPU,0,0.017984911666530646,0.018013344208069108,2.843254153846154e-05,0.00408576589824
Fugue-asplos-EPIC-shared-readers-B1,F4,prefill_common,18,comm_g2g,GPU,0,0.018013344208069108,0.018013344208069108,0.0,1.60169984e-05
Fugue-asplos-EPIC-shared-readers-B1,F4,prefill_common,18,norm1,GPU,0,0.018013344208069108,0.01802364358651302,1.0299378443914082e-05,0.00015062523904
Fugue-asplos-EPIC-shared-readers-B1,F4,prefill_common,18,ff1,GPU,0,0.01802364358651302,0.01809296483064489,6.932124413186813e-05,0.010636269977600001
Fugue-asplos-EPIC-shared-readers-B1,F4,prefill_common,18,ff2,GPU,0,0.01809296483064489,0.018162286074776757,6.932124413186813e-05,0.010636269977600001
Fugue-asplos-EPIC-shared-readers-B1,F4,prefill_common,18,glu,GPU,0,0.018162286074776757,0.018173130961717472,1.0844886940715989e-05,0.00040298151935999995
Fugue-asplos-EPIC-shared-readers-B1,F4,prefill_common,18,ff3,GPU,0,0.018173130961717472,0.018248951072486704,7.582011076923077e-05,0.010812210544639999
Fugue-asplos-EPIC-shared-readers-B1,F4,prefill_common,18,comm_g2g,GPU,0,0.018248951072486704,0.018248951072486704,0.0,1.60169984e-05
Fugue-asplos-EPIC-shared-readers-B1,F4,prefill_common,18,norm2,GPU,0,0.018248951072486704,0.018259250450930617,1.0299378443914082e-05,0.00015062523904
Fugue-asplos-EPIC-shared-readers-B1,F4,prefill_common,19,qkv,GPU,0,0.018259250450930617,0.018344548075546002,8.529762461538462e-05,0.01168565075968
Fugue-asplos-EPIC-shared-readers-B1,F4,prefill_attention,19,attention_service,PIM,0,0.018344548075546002,0.01894592484815857,0.0006013767726125699,0.017622734742016002
Fugue-asplos-EPIC-shared-readers-B1,F4,prefill_common,19,proj,GPU,0,0.01894592484815857,0.018974357389697032,2.843254153846154e-05,0.00408576589824
Fugue-asplos-EPIC-shared-readers-B1,F4,prefill_common,19,comm_g2g,GPU,0,0.018974357389697032,0.018974357389697032,0.0,1.60169984e-05
Fugue-asplos-EPIC-shared-readers-B1,F4,prefill_common,19,norm1,GPU,0,0.018974357389697032,0.018984656768140946,1.0299378443914082e-05,0.00015062523904
Fugue-asplos-EPIC-shared-readers-B1,F4,prefill_common,19,ff1,GPU,0,0.018984656768140946,0.019053978012272814,6.932124413186813e-05,0.010636269977600001
Fugue-asplos-EPIC-shared-readers-B1,F4,prefill_common,19,ff2,GPU,0,0.019053978012272814,0.019123299256404682,6.932124413186813e-05,0.010636269977600001
Fugue-asplos-EPIC-shared-readers-B1,F4,prefill_common,19,glu,GPU,0,0.019123299256404682,0.019134144143345397,1.0844886940715989e-05,0.00040298151935999995
Fugue-asplos-EPIC-shared-readers-B1,F4,prefill_common,19,ff3,GPU,0,0.019134144143345397,0.019209964254114628,7.582011076923077e-05,0.010812210544639999
Fugue-asplos-EPIC-shared-readers-B1,F4,prefill_common,19,comm_g2g,GPU,0,0.019209964254114628,0.019209964254114628,0.0,1.60169984e-05
Fugue-asplos-EPIC-shared-readers-B1,F4,prefill_common,19,norm2,GPU,0,0.019209964254114628,0.01922026363255854,1.0299378443914082e-05,0.00015062523904
Fugue-asplos-EPIC-shared-readers-B1,F4,prefill_common,20,qkv,GPU,0,0.01922026363255854,0.019305561257173927,8.529762461538462e-05,0.01168565075968
Fugue-asplos-EPIC-shared-readers-B1,F4,prefill_attention,20,attention_service,PIM,0,0.019305561257173927,0.019906938029786495,0.0006013767726125699,0.017622734742016002
Fugue-asplos-EPIC-shared-readers-B1,F4,prefill_common,20,proj,GPU,0,0.019906938029786495,0.019935370571324957,2.843254153846154e-05,0.00408576589824
Fugue-asplos-EPIC-shared-readers-B1,F4,prefill_common,20,comm_g2g,GPU,0,0.019935370571324957,0.019935370571324957,0.0,1.60169984e-05
Fugue-asplos-EPIC-shared-readers-B1,F4,prefill_common,20,norm1,GPU,0,0.019935370571324957,0.01994566994976887,1.0299378443914082e-05,0.00015062523904
Fugue-asplos-EPIC-shared-readers-B1,F4,prefill_common,20,ff1,GPU,0,0.01994566994976887,0.02001499119390074,6.932124413186813e-05,0.010636269977600001
Fugue-asplos-EPIC-shared-readers-B1,F4,prefill_common,20,ff2,GPU,0,0.02001499119390074,0.020084312438032607,6.932124413186813e-05,0.010636269977600001
Fugue-asplos-EPIC-shared-readers-B1,F4,prefill_common,20,glu,GPU,0,0.020084312438032607,0.02009515732497332,1.0844886940715989e-05,0.00040298151935999995
Fugue-asplos-EPIC-shared-readers-B1,F4,prefill_common,20,ff3,GPU,0,0.02009515732497332,0.020170977435742553,7.582011076923077e-05,0.010812210544639999
Fugue-asplos-EPIC-shared-readers-B1,F4,prefill_common,20,comm_g2g,GPU,0,0.020170977435742553,0.020170977435742553,0.0,1.60169984e-05
Fugue-asplos-EPIC-shared-readers-B1,F4,prefill_common,20,norm2,GPU,0,0.020170977435742553,0.020181276814186466,1.0299378443914082e-05,0.00015062523904
Fugue-asplos-EPIC-shared-readers-B1,F4,prefill_common,21,qkv,GPU,0,0.020181276814186466,0.02026657443880185,8.529762461538462e-05,0.01168565075968
Fugue-asplos-EPIC-shared-readers-B1,F4,prefill_attention,21,attention_service,PIM,0,0.02026657443880185,0.02086795121141442,0.0006013767726125699,0.017622734742016002
Fugue-asplos-EPIC-shared-readers-B1,F4,prefill_common,21,proj,GPU,0,0.02086795121141442,0.02089638375295288,2.843254153846154e-05,0.00408576589824
Fugue-asplos-EPIC-shared-readers-B1,F4,prefill_common,21,comm_g2g,GPU,0,0.02089638375295288,0.02089638375295288,0.0,1.60169984e-05
Fugue-asplos-EPIC-shared-readers-B1,F4,prefill_common,21,norm1,GPU,0,0.02089638375295288,0.020906683131396795,1.0299378443914082e-05,0.00015062523904
Fugue-asplos-EPIC-shared-readers-B1,F4,prefill_common,21,ff1,GPU,0,0.020906683131396795,0.020976004375528663,6.932124413186813e-05,0.010636269977600001
Fugue-asplos-EPIC-shared-readers-B1,F4,prefill_common,21,ff2,GPU,0,0.020976004375528663,0.02104532561966053,6.932124413186813e-05,0.010636269977600001
Fugue-asplos-EPIC-shared-readers-B1,F4,prefill_common,21,glu,GPU,0,0.02104532561966053,0.021056170506601246,1.0844886940715989e-05,0.00040298151935999995
Fugue-asplos-EPIC-shared-readers-B1,F4,prefill_common,21,ff3,GPU,0,0.021056170506601246,0.021131990617370477,7.582011076923077e-05,0.010812210544639999
Fugue-asplos-EPIC-shared-readers-B1,F4,prefill_common,21,comm_g2g,GPU,0,0.021131990617370477,0.021131990617370477,0.0,1.60169984e-05
Fugue-asplos-EPIC-shared-readers-B1,F4,prefill_common,21,norm2,GPU,0,0.021131990617370477,0.02114228999581439,1.0299378443914082e-05,0.00015062523904
Fugue-asplos-EPIC-shared-readers-B1,F4,prefill_common,22,qkv,GPU,0,0.02114228999581439,0.021227587620429776,8.529762461538462e-05,0.01168565075968
Fugue-asplos-EPIC-shared-readers-B1,F4,prefill_attention,22,attention_service,PIM,0,0.021227587620429776,0.021828964393042345,0.0006013767726125699,0.017622734742016002
Fugue-asplos-EPIC-shared-readers-B1,F4,prefill_common,22,proj,GPU,0,0.021828964393042345,0.021857396934580806,2.843254153846154e-05,0.00408576589824
Fugue-asplos-EPIC-shared-readers-B1,F4,prefill_common,22,comm_g2g,GPU,0,0.021857396934580806,0.021857396934580806,0.0,1.60169984e-05
Fugue-asplos-EPIC-shared-readers-B1,F4,prefill_common,22,norm1,GPU,0,0.021857396934580806,0.02186769631302472,1.0299378443914082e-05,0.00015062523904
Fugue-asplos-EPIC-shared-readers-B1,F4,prefill_common,22,ff1,GPU,0,0.02186769631302472,0.021937017557156588,6.932124413186813e-05,0.010636269977600001
Fugue-asplos-EPIC-shared-readers-B1,F4,prefill_common,22,ff2,GPU,0,0.021937017557156588,0.022006338801288456,6.932124413186813e-05,0.010636269977600001
Fugue-asplos-EPIC-shared-readers-B1,F4,prefill_common,22,glu,GPU,0,0.022006338801288456,0.02201718368822917,1.0844886940715989e-05,0.00040298151935999995
Fugue-asplos-EPIC-shared-readers-B1,F4,prefill_common,22,ff3,GPU,0,0.02201718368822917,0.022093003798998402,7.582011076923077e-05,0.010812210544639999
Fugue-asplos-EPIC-shared-readers-B1,F4,prefill_common,22,comm_g2g,GPU,0,0.022093003798998402,0.022093003798998402,0.0,1.60169984e-05
Fugue-asplos-EPIC-shared-readers-B1,F4,prefill_common,22,norm2,GPU,0,0.022093003798998402,0.022103303177442316,1.0299378443914082e-05,0.00015062523904
Fugue-asplos-EPIC-shared-readers-B1,F4,prefill_common,23,qkv,GPU,0,0.022103303177442316,0.0221886008020577,8.529762461538462e-05,0.01168565075968
Fugue-asplos-EPIC-shared-readers-B1,F4,prefill_attention,23,attention_service,PIM,0,0.0221886008020577,0.02278997757467027,0.0006013767726125699,0.017622734742016002
Fugue-asplos-EPIC-shared-readers-B1,F4,prefill_common,23,proj,GPU,0,0.02278997757467027,0.02281841011620873,2.843254153846154e-05,0.00408576589824
Fugue-asplos-EPIC-shared-readers-B1,F4,prefill_common,23,comm_g2g,GPU,0,0.02281841011620873,0.02281841011620873,0.0,1.60169984e-05
Fugue-asplos-EPIC-shared-readers-B1,F4,prefill_common,23,norm1,GPU,0,0.02281841011620873,0.022828709494652644,1.0299378443914082e-05,0.00015062523904
Fugue-asplos-EPIC-shared-readers-B1,F4,prefill_common,23,ff1,GPU,0,0.022828709494652644,0.022898030738784513,6.932124413186813e-05,0.010636269977600001
Fugue-asplos-EPIC-shared-readers-B1,F4,prefill_common,23,ff2,GPU,0,0.022898030738784513,0.02296735198291638,6.932124413186813e-05,0.010636269977600001
Fugue-asplos-EPIC-shared-readers-B1,F4,prefill_common,23,glu,GPU,0,0.02296735198291638,0.022978196869857095,1.0844886940715989e-05,0.00040298151935999995
Fugue-asplos-EPIC-shared-readers-B1,F4,prefill_common,23,ff3,GPU,0,0.022978196869857095,0.023054016980626327,7.582011076923077e-05,0.010812210544639999
Fugue-asplos-EPIC-shared-readers-B1,F4,prefill_common,23,comm_g2g,GPU,0,0.023054016980626327,0.023054016980626327,0.0,1.60169984e-05
Fugue-asplos-EPIC-shared-readers-B1,F4,prefill_common,23,norm2,GPU,0,0.023054016980626327,0.02306431635907024,1.0299378443914082e-05,0.00015062523904
Fugue-asplos-EPIC-shared-readers-B1,F4,prefill_common,24,qkv,GPU,0,0.02306431635907024,0.023149613983685625,8.529762461538462e-05,0.01168565075968
Fugue-asplos-EPIC-shared-readers-B1,F4,prefill_attention,24,attention_service,PIM,0,0.023149613983685625,0.023750990756298194,0.0006013767726125699,0.017622734742016002
Fugue-asplos-EPIC-shared-readers-B1,F4,prefill_common,24,proj,GPU,0,0.023750990756298194,0.023779423297836656,2.843254153846154e-05,0.00408576589824
Fugue-asplos-EPIC-shared-readers-B1,F4,prefill_common,24,comm_g2g,GPU,0,0.023779423297836656,0.023779423297836656,0.0,1.60169984e-05
Fugue-asplos-EPIC-shared-readers-B1,F4,prefill_common,24,norm1,GPU,0,0.023779423297836656,0.02378972267628057,1.0299378443914082e-05,0.00015062523904
Fugue-asplos-EPIC-shared-readers-B1,F4,prefill_common,24,ff1,GPU,0,0.02378972267628057,0.023859043920412437,6.932124413186813e-05,0.010636269977600001
Fugue-asplos-EPIC-shared-readers-B1,F4,prefill_common,24,ff2,GPU,0,0.023859043920412437,0.023928365164544305,6.932124413186813e-05,0.010636269977600001
Fugue-asplos-EPIC-shared-readers-B1,F4,prefill_common,24,glu,GPU,0,0.023928365164544305,0.02393921005148502,1.0844886940715989e-05,0.00040298151935999995
Fugue-asplos-EPIC-shared-readers-B1,F4,prefill_common,24,ff3,GPU,0,0.02393921005148502,0.02401503016225425,7.582011076923077e-05,0.010812210544639999
Fugue-asplos-EPIC-shared-readers-B1,F4,prefill_common,24,comm_g2g,GPU,0,0.02401503016225425,0.02401503016225425,0.0,1.60169984e-05
Fugue-asplos-EPIC-shared-readers-B1,F4,prefill_common,24,norm2,GPU,0,0.02401503016225425,0.024025329540698165,1.0299378443914082e-05,0.00015062523904
Fugue-asplos-EPIC-shared-readers-B1,F4,prefill_common,25,qkv,GPU,0,0.024025329540698165,0.02411062716531355,8.529762461538462e-05,0.01168565075968
Fugue-asplos-EPIC-shared-readers-B1,F4,prefill_attention,25,attention_service,PIM,0,0.02411062716531355,0.02471200393792612,0.0006013767726125699,0.017622734742016002
Fugue-asplos-EPIC-shared-readers-B1,F4,prefill_common,25,proj,GPU,0,0.02471200393792612,0.02474043647946458,2.843254153846154e-05,0.00408576589824
Fugue-asplos-EPIC-shared-readers-B1,F4,prefill_common,25,comm_g2g,GPU,0,0.02474043647946458,0.02474043647946458,0.0,1.60169984e-05
Fugue-asplos-EPIC-shared-readers-B1,F4,prefill_common,25,norm1,GPU,0,0.02474043647946458,0.024750735857908494,1.0299378443914082e-05,0.00015062523904
Fugue-asplos-EPIC-shared-readers-B1,F4,prefill_common,25,ff1,GPU,0,0.024750735857908494,0.024820057102040362,6.932124413186813e-05,0.010636269977600001
Fugue-asplos-EPIC-shared-readers-B1,F4,prefill_common,25,ff2,GPU,0,0.024820057102040362,0.02488937834617223,6.932124413186813e-05,0.010636269977600001
Fugue-asplos-EPIC-shared-readers-B1,F4,prefill_common,25,glu,GPU,0,0.02488937834617223,0.024900223233112945,1.0844886940715989e-05,0.00040298151935999995
Fugue-asplos-EPIC-shared-readers-B1,F4,prefill_common,25,ff3,GPU,0,0.024900223233112945,0.024976043343882176,7.582011076923077e-05,0.010812210544639999
Fugue-asplos-EPIC-shared-readers-B1,F4,prefill_common,25,comm_g2g,GPU,0,0.024976043343882176,0.024976043343882176,0.0,1.60169984e-05
Fugue-asplos-EPIC-shared-readers-B1,F4,prefill_common,25,norm2,GPU,0,0.024976043343882176,0.02498634272232609,1.0299378443914082e-05,0.00015062523904
Fugue-asplos-EPIC-shared-readers-B1,F4,prefill_common,26,qkv,GPU,0,0.02498634272232609,0.025071640346941475,8.529762461538462e-05,0.01168565075968
Fugue-asplos-EPIC-shared-readers-B1,F4,prefill_attention,26,attention_service,PIM,0,0.025071640346941475,0.025673017119554043,0.0006013767726125699,0.017622734742016002
Fugue-asplos-EPIC-shared-readers-B1,F4,prefill_common,26,proj,GPU,0,0.025673017119554043,0.025701449661092505,2.843254153846154e-05,0.00408576589824
Fugue-asplos-EPIC-shared-readers-B1,F4,prefill_common,26,comm_g2g,GPU,0,0.025701449661092505,0.025701449661092505,0.0,1.60169984e-05
Fugue-asplos-EPIC-shared-readers-B1,F4,prefill_common,26,norm1,GPU,0,0.025701449661092505,0.02571174903953642,1.0299378443914082e-05,0.00015062523904
Fugue-asplos-EPIC-shared-readers-B1,F4,prefill_common,26,ff1,GPU,0,0.02571174903953642,0.025781070283668286,6.932124413186813e-05,0.010636269977600001
Fugue-asplos-EPIC-shared-readers-B1,F4,prefill_common,26,ff2,GPU,0,0.025781070283668286,0.025850391527800155,6.932124413186813e-05,0.010636269977600001
Fugue-asplos-EPIC-shared-readers-B1,F4,prefill_common,26,glu,GPU,0,0.025850391527800155,0.02586123641474087,1.0844886940715989e-05,0.00040298151935999995
Fugue-asplos-EPIC-shared-readers-B1,F4,prefill_common,26,ff3,GPU,0,0.02586123641474087,0.0259370565255101,7.582011076923077e-05,0.010812210544639999
Fugue-asplos-EPIC-shared-readers-B1,F4,prefill_common,26,comm_g2g,GPU,0,0.0259370565255101,0.0259370565255101,0.0,1.60169984e-05
Fugue-asplos-EPIC-shared-readers-B1,F4,prefill_common,26,norm2,GPU,0,0.0259370565255101,0.025947355903954014,1.0299378443914082e-05,0.00015062523904
Fugue-asplos-EPIC-shared-readers-B1,F4,prefill_common,27,qkv,GPU,0,0.025947355903954014,0.0260326535285694,8.529762461538462e-05,0.01168565075968
Fugue-asplos-EPIC-shared-readers-B1,F4,prefill_attention,27,attention_service,PIM,0,0.0260326535285694,0.026634030301181968,0.0006013767726125699,0.017622734742016002
Fugue-asplos-EPIC-shared-readers-B1,F4,prefill_common,27,proj,GPU,0,0.026634030301181968,0.02666246284272043,2.843254153846154e-05,0.00408576589824
Fugue-asplos-EPIC-shared-readers-B1,F4,prefill_common,27,comm_g2g,GPU,0,0.02666246284272043,0.02666246284272043,0.0,1.60169984e-05
Fugue-asplos-EPIC-shared-readers-B1,F4,prefill_common,27,norm1,GPU,0,0.02666246284272043,0.026672762221164343,1.0299378443914082e-05,0.00015062523904
Fugue-asplos-EPIC-shared-readers-B1,F4,prefill_common,27,ff1,GPU,0,0.026672762221164343,0.02674208346529621,6.932124413186813e-05,0.010636269977600001
Fugue-asplos-EPIC-shared-readers-B1,F4,prefill_common,27,ff2,GPU,0,0.02674208346529621,0.02681140470942808,6.932124413186813e-05,0.010636269977600001
Fugue-asplos-EPIC-shared-readers-B1,F4,prefill_common,27,glu,GPU,0,0.02681140470942808,0.026822249596368794,1.0844886940715989e-05,0.00040298151935999995
Fugue-asplos-EPIC-shared-readers-B1,F4,prefill_common,27,ff3,GPU,0,0.026822249596368794,0.026898069707138025,7.582011076923077e-05,0.010812210544639999
Fugue-asplos-EPIC-shared-readers-B1,F4,prefill_common,27,comm_g2g,GPU,0,0.026898069707138025,0.026898069707138025,0.0,1.60169984e-05
Fugue-asplos-EPIC-shared-readers-B1,F4,prefill_common,27,norm2,GPU,0,0.026898069707138025,0.02690836908558194,1.0299378443914082e-05,0.00015062523904
Fugue-asplos-EPIC-shared-readers-B1,F4,prefill_common,28,qkv,GPU,0,0.02690836908558194,0.026993666710197324,8.529762461538462e-05,0.01168565075968
Fugue-asplos-EPIC-shared-readers-B1,F4,prefill_attention,28,attention_service,PIM,0,0.026993666710197324,0.027595043482809892,0.0006013767726125699,0.017622734742016002
Fugue-asplos-EPIC-shared-readers-B1,F4,prefill_common,28,proj,GPU,0,0.027595043482809892,0.027623476024348354,2.843254153846154e-05,0.00408576589824
Fugue-asplos-EPIC-shared-readers-B1,F4,prefill_common,28,comm_g2g,GPU,0,0.027623476024348354,0.027623476024348354,0.0,1.60169984e-05
Fugue-asplos-EPIC-shared-readers-B1,F4,prefill_common,28,norm1,GPU,0,0.027623476024348354,0.027633775402792268,1.0299378443914082e-05,0.00015062523904
Fugue-asplos-EPIC-shared-readers-B1,F4,prefill_common,28,ff1,GPU,0,0.027633775402792268,0.027703096646924136,6.932124413186813e-05,0.010636269977600001
Fugue-asplos-EPIC-shared-readers-B1,F4,prefill_common,28,ff2,GPU,0,0.027703096646924136,0.027772417891056004,6.932124413186813e-05,0.010636269977600001
Fugue-asplos-EPIC-shared-readers-B1,F4,prefill_common,28,glu,GPU,0,0.027772417891056004,0.02778326277799672,1.0844886940715989e-05,0.00040298151935999995
Fugue-asplos-EPIC-shared-readers-B1,F4,prefill_common,28,ff3,GPU,0,0.02778326277799672,0.02785908288876595,7.582011076923077e-05,0.010812210544639999
Fugue-asplos-EPIC-shared-readers-B1,F4,prefill_common,28,comm_g2g,GPU,0,0.02785908288876595,0.02785908288876595,0.0,1.60169984e-05
Fugue-asplos-EPIC-shared-readers-B1,F4,prefill_common,28,norm2,GPU,0,0.02785908288876595,0.027869382267209863,1.0299378443914082e-05,0.00015062523904
Fugue-asplos-EPIC-shared-readers-B1,F4,prefill_common,29,qkv,GPU,0,0.027869382267209863,0.02795467989182525,8.529762461538462e-05,0.01168565075968
Fugue-asplos-EPIC-shared-readers-B1,F4,prefill_attention,29,attention_service,PIM,0,0.02795467989182525,0.028556056664437817,0.0006013767726125699,0.017622734742016002
Fugue-asplos-EPIC-shared-readers-B1,F4,prefill_common,29,proj,GPU,0,0.028556056664437817,0.02858448920597628,2.843254153846154e-05,0.00408576589824
Fugue-asplos-EPIC-shared-readers-B1,F4,prefill_common,29,comm_g2g,GPU,0,0.02858448920597628,0.02858448920597628,0.0,1.60169984e-05
Fugue-asplos-EPIC-shared-readers-B1,F4,prefill_common,29,norm1,GPU,0,0.02858448920597628,0.028594788584420192,1.0299378443914082e-05,0.00015062523904
Fugue-asplos-EPIC-shared-readers-B1,F4,prefill_common,29,ff1,GPU,0,0.028594788584420192,0.02866410982855206,6.932124413186813e-05,0.010636269977600001
Fugue-asplos-EPIC-shared-readers-B1,F4,prefill_common,29,ff2,GPU,0,0.02866410982855206,0.02873343107268393,6.932124413186813e-05,0.010636269977600001
Fugue-asplos-EPIC-shared-readers-B1,F4,prefill_common,29,glu,GPU,0,0.02873343107268393,0.028744275959624643,1.0844886940715989e-05,0.00040298151935999995
Fugue-asplos-EPIC-shared-readers-B1,F4,prefill_common,29,ff3,GPU,0,0.028744275959624643,0.028820096070393875,7.582011076923077e-05,0.010812210544639999
Fugue-asplos-EPIC-shared-readers-B1,F4,prefill_common,29,comm_g2g,GPU,0,0.028820096070393875,0.028820096070393875,0.0,1.60169984e-05
Fugue-asplos-EPIC-shared-readers-B1,F4,prefill_common,29,norm2,GPU,0,0.028820096070393875,0.028830395448837788,1.0299378443914082e-05,0.00015062523904
Fugue-asplos-EPIC-shared-readers-B1,F4,prefill_common,30,qkv,GPU,0,0.028830395448837788,0.028915693073453173,8.529762461538462e-05,0.01168565075968
Fugue-asplos-EPIC-shared-readers-B1,F4,prefill_attention,30,attention_service,PIM,0,0.028915693073453173,0.02951706984606574,0.0006013767726125699,0.017622734742016002
Fugue-asplos-EPIC-shared-readers-B1,F4,prefill_common,30,proj,GPU,0,0.02951706984606574,0.029545502387604203,2.843254153846154e-05,0.00408576589824
Fugue-asplos-EPIC-shared-readers-B1,F4,prefill_common,30,comm_g2g,GPU,0,0.029545502387604203,0.029545502387604203,0.0,1.60169984e-05
Fugue-asplos-EPIC-shared-readers-B1,F4,prefill_common,30,norm1,GPU,0,0.029545502387604203,0.029555801766048117,1.0299378443914082e-05,0.00015062523904
Fugue-asplos-EPIC-shared-readers-B1,F4,prefill_common,30,ff1,GPU,0,0.029555801766048117,0.029625123010179985,6.932124413186813e-05,0.010636269977600001
Fugue-asplos-EPIC-shared-readers-B1,F4,prefill_common,30,ff2,GPU,0,0.029625123010179985,0.029694444254311853,6.932124413186813e-05,0.010636269977600001
Fugue-asplos-EPIC-shared-readers-B1,F4,prefill_common,30,glu,GPU,0,0.029694444254311853,0.029705289141252568,1.0844886940715989e-05,0.00040298151935999995
Fugue-asplos-EPIC-shared-readers-B1,F4,prefill_common,30,ff3,GPU,0,0.029705289141252568,0.0297811092520218,7.582011076923077e-05,0.010812210544639999
Fugue-asplos-EPIC-shared-readers-B1,F4,prefill_common,30,comm_g2g,GPU,0,0.0297811092520218,0.0297811092520218,0.0,1.60169984e-05
Fugue-asplos-EPIC-shared-readers-B1,F4,prefill_common,30,norm2,GPU,0,0.0297811092520218,0.029791408630465713,1.0299378443914082e-05,0.00015062523904
Fugue-asplos-EPIC-shared-readers-B1,F4,prefill_common,31,qkv,GPU,0,0.029791408630465713,0.029876706255081098,8.529762461538462e-05,0.01168565075968
Fugue-asplos-EPIC-shared-readers-B1,F4,prefill_attention,31,attention_service,PIM,0,0.029876706255081098,0.030478083027693666,0.0006013767726125699,0.017622734742016002
Fugue-asplos-EPIC-shared-readers-B1,F4,prefill_common,31,proj,GPU,0,0.030478083027693666,0.030506515569232128,2.843254153846154e-05,0.00408576589824
Fugue-asplos-EPIC-shared-readers-B1,F4,prefill_common,31,comm_g2g,GPU,0,0.030506515569232128,0.030506515569232128,0.0,1.60169984e-05
Fugue-asplos-EPIC-shared-readers-B1,F4,prefill_common,31,norm1,GPU,0,0.030506515569232128,0.03051681494767604,1.0299378443914082e-05,0.00015062523904
Fugue-asplos-EPIC-shared-readers-B1,F4,prefill_common,31,ff1,GPU,0,0.03051681494767604,0.03058613619180791,6.932124413186813e-05,0.010636269977600001
Fugue-asplos-EPIC-shared-readers-B1,F4,prefill_common,31,ff2,GPU,0,0.03058613619180791,0.030655457435939778,6.932124413186813e-05,0.010636269977600001
Fugue-asplos-EPIC-shared-readers-B1,F4,prefill_common,31,glu,GPU,0,0.030655457435939778,0.030666302322880493,1.0844886940715989e-05,0.00040298151935999995
Fugue-asplos-EPIC-shared-readers-B1,F4,prefill_common,31,ff3,GPU,0,0.030666302322880493,0.030742122433649724,7.582011076923077e-05,0.010812210544639999
Fugue-asplos-EPIC-shared-readers-B1,F4,prefill_common,31,comm_g2g,GPU,0,0.030742122433649724,0.030742122433649724,0.0,1.60169984e-05
Fugue-asplos-EPIC-shared-readers-B1,F4,prefill_common,31,norm2,GPU,0,0.030742122433649724,0.030752421812093637,1.0299378443914082e-05,0.00015062523904
Fugue-asplos-EPIC-shared-readers-B1,F4,decode,all,native_transformer,GPU+PIM,1,0.030752421812093637,0.03658058106459461,0.005828159252500972,0.4467111816495103
Fugue-asplos-EPIC-shared-readers-B1,F4,decode,all,native_transformer,GPU+PIM,2,0.03658058106459461,0.04240874031709558,0.005828159252500972,0.4467112244256767
Fugue-asplos-EPIC-shared-readers-B1,F4,decode,all,native_transformer,GPU+PIM,3,0.04240874031709558,0.04823689956959655,0.005828159252500972,0.44671126720184307
Fugue-asplos-EPIC-shared-readers-B1,F4,decode,all,native_transformer,GPU+PIM,4,0.04823689956959655,0.05406505882209752,0.005828159252500972,0.4467113099780095
Fugue-asplos-EPIC-shared-readers-B1,F4,decode,all,native_transformer,GPU+PIM,5,0.05406505882209752,0.05989321807459849,0.005828159252500972,0.4467113527541759
Fugue-asplos-EPIC-shared-readers-B1,F4,decode,all,native_transformer,GPU+PIM,6,0.05989321807459849,0.06572137732709947,0.005828159252500972,0.4467113955303423
Fugue-asplos-EPIC-shared-readers-B1,F4,decode,all,native_transformer,GPU+PIM,7,0.06572137732709947,0.07154953657960045,0.005828159252500972,0.4467114383065087
Fugue-asplos-EPIC-shared-readers-B1,F4,decode,all,native_transformer,GPU+PIM,8,0.07154953657960045,0.07737769583210143,0.005828159252500972,0.4467114810826751
Fugue-asplos-EPIC-shared-readers-B1,F4,decode,all,native_transformer,GPU+PIM,9,0.07737769583210143,0.0832058550846024,0.005828159252500972,0.4467115238588415
Fugue-asplos-EPIC-shared-readers-B1,F4,decode,all,native_transformer,GPU+PIM,10,0.0832058550846024,0.08903401433710338,0.005828159252500972,0.4467115666350079
Fugue-asplos-EPIC-shared-readers-B1,F4,decode,all,native_transformer,GPU+PIM,11,0.08903401433710338,0.09486217358960436,0.005828159252500972,0.4467116094111743
Fugue-asplos-EPIC-shared-readers-B1,F4,decode,all,native_transformer,GPU+PIM,12,0.09486217358960436,0.10069033284210534,0.005828159252500972,0.4467116521873407
Fugue-asplos-EPIC-shared-readers-B1,F4,decode,all,native_transformer,GPU+PIM,13,0.10069033284210534,0.10651849209460632,0.005828159252500972,0.44671169496350704
Fugue-asplos-EPIC-shared-readers-B1,F4,decode,all,native_transformer,GPU+PIM,14,0.10651849209460632,0.11234724193910729,0.005828749844500973,0.4467521079156735
Fugue-asplos-EPIC-shared-readers-B1,F4,decode,all,native_transformer,GPU+PIM,15,0.11234724193910729,0.11817599178360827,0.005828749844500973,0.4467521506918399
Fugue-asplos-EPIC-shared-readers-B2,F1,prefill_common,0,qkv,GPU,0,0.0,0.00017059524923076924,0.00017059524923076924,0.02012541353984
Fugue-asplos-EPIC-shared-readers-B2,F1,prefill_attention,0,attention_service,GPU,0,0.00017059524923076924,0.0016453580453410226,0.0014747627961102534,0.05213127724032
Fugue-asplos-EPIC-shared-readers-B2,F1,prefill_common,0,proj,GPU,0,0.0016453580453410226,0.0017022231284179457,5.686508307692308e-05,0.0069662565990399996
Fugue-asplos-EPIC-shared-readers-B2,F1,prefill_common,0,comm_g2g,GPU,0,0.0017022231284179457,0.0017022231284179457,0.0,3.20339968e-05
Fugue-asplos-EPIC-shared-readers-B2,F1,prefill_common,0,norm1,GPU,0,0.0017022231284179457,0.0017159518853057739,1.372875688782816e-05,0.00030125047808
Fugue-asplos-EPIC-shared-readers-B2,F1,prefill_common,0,ff1,GPU,0,0.0017159518853057739,0.0018545943735695102,0.00013864248826373626,0.018058472762026663
Fugue-asplos-EPIC-shared-readers-B2,F1,prefill_common,0,ff2,GPU,0,0.0018545943735695102,0.0019932368618332465,0.00013864248826373626,0.018058472762026663
Fugue-asplos-EPIC-shared-readers-B2,F1,prefill_common,0,glu,GPU,0,0.0019932368618332465,0.0020092301664486312,1.5993304615384617e-05,0.0008059630387199999
Fugue-asplos-EPIC-shared-readers-B2,F1,prefill_common,0,ff3,GPU,0,0.0020092301664486312,0.0021608703879870926,0.00015164022153846154,0.018410353896106665
Fugue-asplos-EPIC-shared-readers-B2,F1,prefill_common,0,comm_g2g,GPU,0,0.0021608703879870926,0.0021608703879870926,0.0,3.20339968e-05
Fugue-asplos-EPIC-shared-readers-B2,F1,prefill_common,0,norm2,GPU,0,0.0021608703879870926,0.002174599144874921,1.372875688782816e-05,0.00030125047808
Fugue-asplos-EPIC-shared-readers-B2,F1,prefill_common,1,qkv,GPU,0,0.002174599144874921,0.00234519439410569,0.00017059524923076924,0.02012541353984
Fugue-asplos-EPIC-shared-readers-B2,F1,prefill_attention,1,attention_service,GPU,0,0.00234519439410569,0.0038199571902159434,0.0014747627961102534,0.05213127724032
Fugue-asplos-EPIC-shared-readers-B2,F1,prefill_common,1,proj,GPU,0,0.0038199571902159434,0.0038768222732928665,5.686508307692308e-05,0.0069662565990399996
Fugue-asplos-EPIC-shared-readers-B2,F1,prefill_common,1,comm_g2g,GPU,0,0.0038768222732928665,0.0038768222732928665,0.0,3.20339968e-05
Fugue-asplos-EPIC-shared-readers-B2,F1,prefill_common,1,norm1,GPU,0,0.0038768222732928665,0.0038905510301806947,1.372875688782816e-05,0.00030125047808
Fugue-asplos-EPIC-shared-readers-B2,F1,prefill_common,1,ff1,GPU,0,0.0038905510301806947,0.004029193518444431,0.00013864248826373626,0.018058472762026663
Fugue-asplos-EPIC-shared-readers-B2,F1,prefill_common,1,ff2,GPU,0,0.004029193518444431,0.004167836006708167,0.00013864248826373626,0.018058472762026663
Fugue-asplos-EPIC-shared-readers-B2,F1,prefill_common,1,glu,GPU,0,0.004167836006708167,0.004183829311323552,1.5993304615384617e-05,0.0008059630387199999
Fugue-asplos-EPIC-shared-readers-B2,F1,prefill_common,1,ff3,GPU,0,0.004183829311323552,0.004335469532862014,0.00015164022153846154,0.018410353896106665
Fugue-asplos-EPIC-shared-readers-B2,F1,prefill_common,1,comm_g2g,GPU,0,0.004335469532862014,0.004335469532862014,0.0,3.20339968e-05
Fugue-asplos-EPIC-shared-readers-B2,F1,prefill_common,1,norm2,GPU,0,0.004335469532862014,0.004349198289749842,1.372875688782816e-05,0.00030125047808
Fugue-asplos-EPIC-shared-readers-B2,F1,prefill_common,2,qkv,GPU,0,0.004349198289749842,0.004519793538980611,0.00017059524923076924,0.02012541353984
Fugue-asplos-EPIC-shared-readers-B2,F1,prefill_attention,2,attention_service,GPU,0,0.004519793538980611,0.005994556335090865,0.0014747627961102534,0.05213127724032
Fugue-asplos-EPIC-shared-readers-B2,F1,prefill_common,2,proj,GPU,0,0.005994556335090865,0.006051421418167788,5.686508307692308e-05,0.0069662565990399996
Fugue-asplos-EPIC-shared-readers-B2,F1,prefill_common,2,comm_g2g,GPU,0,0.006051421418167788,0.006051421418167788,0.0,3.20339968e-05
Fugue-asplos-EPIC-shared-readers-B2,F1,prefill_common,2,norm1,GPU,0,0.006051421418167788,0.006065150175055616,1.372875688782816e-05,0.00030125047808
Fugue-asplos-EPIC-shared-readers-B2,F1,prefill_common,2,ff1,GPU,0,0.006065150175055616,0.006203792663319352,0.00013864248826373626,0.018058472762026663
Fugue-asplos-EPIC-shared-readers-B2,F1,prefill_common,2,ff2,GPU,0,0.006203792663319352,0.0063424351515830885,0.00013864248826373626,0.018058472762026663
Fugue-asplos-EPIC-shared-readers-B2,F1,prefill_common,2,glu,GPU,0,0.0063424351515830885,0.006358428456198473,1.5993304615384617e-05,0.0008059630387199999
Fugue-asplos-EPIC-shared-readers-B2,F1,prefill_common,2,ff3,GPU,0,0.006358428456198473,0.006510068677736935,0.00015164022153846154,0.018410353896106665
Fugue-asplos-EPIC-shared-readers-B2,F1,prefill_common,2,comm_g2g,GPU,0,0.006510068677736935,0.006510068677736935,0.0,3.20339968e-05
Fugue-asplos-EPIC-shared-readers-B2,F1,prefill_common,2,norm2,GPU,0,0.006510068677736935,0.006523797434624763,1.372875688782816e-05,0.00030125047808
Fugue-asplos-EPIC-shared-readers-B2,F1,prefill_common,3,qkv,GPU,0,0.006523797434624763,0.0066943926838555325,0.00017059524923076924,0.02012541353984
Fugue-asplos-EPIC-shared-readers-B2,F1,prefill_attention,3,attention_service,GPU,0,0.0066943926838555325,0.008169155479965787,0.0014747627961102534,0.05213127724032
Fugue-asplos-EPIC-shared-readers-B2,F1,prefill_common,3,proj,GPU,0,0.008169155479965787,0.00822602056304271,5.686508307692308e-05,0.0069662565990399996
Fugue-asplos-EPIC-shared-readers-B2,F1,prefill_common,3,comm_g2g,GPU,0,0.00822602056304271,0.00822602056304271,0.0,3.20339968e-05
Fugue-asplos-EPIC-shared-readers-B2,F1,prefill_common,3,norm1,GPU,0,0.00822602056304271,0.008239749319930538,1.372875688782816e-05,0.00030125047808
Fugue-asplos-EPIC-shared-readers-B2,F1,prefill_common,3,ff1,GPU,0,0.008239749319930538,0.008378391808194274,0.00013864248826373626,0.018058472762026663
Fugue-asplos-EPIC-shared-readers-B2,F1,prefill_common,3,ff2,GPU,0,0.008378391808194274,0.00851703429645801,0.00013864248826373626,0.018058472762026663
Fugue-asplos-EPIC-shared-readers-B2,F1,prefill_common,3,glu,GPU,0,0.00851703429645801,0.008533027601073395,1.5993304615384617e-05,0.0008059630387199999
Fugue-asplos-EPIC-shared-readers-B2,F1,prefill_common,3,ff3,GPU,0,0.008533027601073395,0.008684667822611855,0.00015164022153846154,0.018410353896106665
Fugue-asplos-EPIC-shared-readers-B2,F1,prefill_common,3,comm_g2g,GPU,0,0.008684667822611855,0.008684667822611855,0.0,3.20339968e-05
Fugue-asplos-EPIC-shared-readers-B2,F1,prefill_common,3,norm2,GPU,0,0.008684667822611855,0.008698396579499683,1.372875688782816e-05,0.00030125047808
Fugue-asplos-EPIC-shared-readers-B2,F1,prefill_common,4,qkv,GPU,0,0.008698396579499683,0.008868991828730452,0.00017059524923076924,0.02012541353984
Fugue-asplos-EPIC-shared-readers-B2,F1,prefill_attention,4,attention_service,GPU,0,0.008868991828730452,0.010343754624840705,0.0014747627961102534,0.05213127724032
Fugue-asplos-EPIC-shared-readers-B2,F1,prefill_common,4,proj,GPU,0,0.010343754624840705,0.010400619707917629,5.686508307692308e-05,0.0069662565990399996
Fugue-asplos-EPIC-shared-readers-B2,F1,prefill_common,4,comm_g2g,GPU,0,0.010400619707917629,0.010400619707917629,0.0,3.20339968e-05
Fugue-asplos-EPIC-shared-readers-B2,F1,prefill_common,4,norm1,GPU,0,0.010400619707917629,0.010414348464805457,1.372875688782816e-05,0.00030125047808
Fugue-asplos-EPIC-shared-readers-B2,F1,prefill_common,4,ff1,GPU,0,0.010414348464805457,0.010552990953069193,0.00013864248826373626,0.018058472762026663
Fugue-asplos-EPIC-shared-readers-B2,F1,prefill_common,4,ff2,GPU,0,0.010552990953069193,0.01069163344133293,0.00013864248826373626,0.018058472762026663
Fugue-asplos-EPIC-shared-readers-B2,F1,prefill_common,4,glu,GPU,0,0.01069163344133293,0.010707626745948313,1.5993304615384617e-05,0.0008059630387199999
Fugue-asplos-EPIC-shared-readers-B2,F1,prefill_common,4,ff3,GPU,0,0.010707626745948313,0.010859266967486774,0.00015164022153846154,0.018410353896106665
Fugue-asplos-EPIC-shared-readers-B2,F1,prefill_common,4,comm_g2g,GPU,0,0.010859266967486774,0.010859266967486774,0.0,3.20339968e-05
Fugue-asplos-EPIC-shared-readers-B2,F1,prefill_common,4,norm2,GPU,0,0.010859266967486774,0.010872995724374602,1.372875688782816e-05,0.00030125047808
Fugue-asplos-EPIC-shared-readers-B2,F1,prefill_common,5,qkv,GPU,0,0.010872995724374602,0.01104359097360537,0.00017059524923076924,0.02012541353984
Fugue-asplos-EPIC-shared-readers-B2,F1,prefill_attention,5,attention_service,GPU,0,0.01104359097360537,0.012518353769715624,0.0014747627961102534,0.05213127724032
Fugue-asplos-EPIC-shared-readers-B2,F1,prefill_common,5,proj,GPU,0,0.012518353769715624,0.012575218852792548,5.686508307692308e-05,0.0069662565990399996
Fugue-asplos-EPIC-shared-readers-B2,F1,prefill_common,5,comm_g2g,GPU,0,0.012575218852792548,0.012575218852792548,0.0,3.20339968e-05
Fugue-asplos-EPIC-shared-readers-B2,F1,prefill_common,5,norm1,GPU,0,0.012575218852792548,0.012588947609680375,1.372875688782816e-05,0.00030125047808
Fugue-asplos-EPIC-shared-readers-B2,F1,prefill_common,5,ff1,GPU,0,0.012588947609680375,0.012727590097944112,0.00013864248826373626,0.018058472762026663
Fugue-asplos-EPIC-shared-readers-B2,F1,prefill_common,5,ff2,GPU,0,0.012727590097944112,0.012866232586207848,0.00013864248826373626,0.018058472762026663
Fugue-asplos-EPIC-shared-readers-B2,F1,prefill_common,5,glu,GPU,0,0.012866232586207848,0.012882225890823232,1.5993304615384617e-05,0.0008059630387199999
Fugue-asplos-EPIC-shared-readers-B2,F1,prefill_common,5,ff3,GPU,0,0.012882225890823232,0.013033866112361693,0.00015164022153846154,0.018410353896106665
Fugue-asplos-EPIC-shared-readers-B2,F1,prefill_common,5,comm_g2g,GPU,0,0.013033866112361693,0.013033866112361693,0.0,3.20339968e-05
Fugue-asplos-EPIC-shared-readers-B2,F1,prefill_common,5,norm2,GPU,0,0.013033866112361693,0.01304759486924952,1.372875688782816e-05,0.00030125047808
Fugue-asplos-EPIC-shared-readers-B2,F1,prefill_common,6,qkv,GPU,0,0.01304759486924952,0.01321819011848029,0.00017059524923076924,0.02012541353984
Fugue-asplos-EPIC-shared-readers-B2,F1,prefill_attention,6,attention_service,GPU,0,0.01321819011848029,0.014692952914590543,0.0014747627961102534,0.05213127724032
Fugue-asplos-EPIC-shared-readers-B2,F1,prefill_common,6,proj,GPU,0,0.014692952914590543,0.014749817997667466,5.686508307692308e-05,0.0069662565990399996
Fugue-asplos-EPIC-shared-readers-B2,F1,prefill_common,6,comm_g2g,GPU,0,0.014749817997667466,0.014749817997667466,0.0,3.20339968e-05
Fugue-asplos-EPIC-shared-readers-B2,F1,prefill_common,6,norm1,GPU,0,0.014749817997667466,0.014763546754555294,1.372875688782816e-05,0.00030125047808
Fugue-asplos-EPIC-shared-readers-B2,F1,prefill_common,6,ff1,GPU,0,0.014763546754555294,0.01490218924281903,0.00013864248826373626,0.018058472762026663
Fugue-asplos-EPIC-shared-readers-B2,F1,prefill_common,6,ff2,GPU,0,0.01490218924281903,0.015040831731082767,0.00013864248826373626,0.018058472762026663
Fugue-asplos-EPIC-shared-readers-B2,F1,prefill_common,6,glu,GPU,0,0.015040831731082767,0.01505682503569815,1.5993304615384617e-05,0.0008059630387199999
Fugue-asplos-EPIC-shared-readers-B2,F1,prefill_common,6,ff3,GPU,0,0.01505682503569815,0.015208465257236611,0.00015164022153846154,0.018410353896106665
Fugue-asplos-EPIC-shared-readers-B2,F1,prefill_common,6,comm_g2g,GPU,0,0.015208465257236611,0.015208465257236611,0.0,3.20339968e-05
Fugue-asplos-EPIC-shared-readers-B2,F1,prefill_common,6,norm2,GPU,0,0.015208465257236611,0.015222194014124439,1.372875688782816e-05,0.00030125047808
Fugue-asplos-EPIC-shared-readers-B2,F1,prefill_common,7,qkv,GPU,0,0.015222194014124439,0.015392789263355208,0.00017059524923076924,0.02012541353984
Fugue-asplos-EPIC-shared-readers-B2,F1,prefill_attention,7,attention_service,GPU,0,0.015392789263355208,0.01686755205946546,0.0014747627961102534,0.05213127724032
Fugue-asplos-EPIC-shared-readers-B2,F1,prefill_common,7,proj,GPU,0,0.01686755205946546,0.016924417142542385,5.686508307692308e-05,0.0069662565990399996
Fugue-asplos-EPIC-shared-readers-B2,F1,prefill_common,7,comm_g2g,GPU,0,0.016924417142542385,0.016924417142542385,0.0,3.20339968e-05
Fugue-asplos-EPIC-shared-readers-B2,F1,prefill_common,7,norm1,GPU,0,0.016924417142542385,0.016938145899430213,1.372875688782816e-05,0.00030125047808
Fugue-asplos-EPIC-shared-readers-B2,F1,prefill_common,7,ff1,GPU,0,0.016938145899430213,0.01707678838769395,0.00013864248826373626,0.018058472762026663
Fugue-asplos-EPIC-shared-readers-B2,F1,prefill_common,7,ff2,GPU,0,0.01707678838769395,0.017215430875957685,0.00013864248826373626,0.018058472762026663
Fugue-asplos-EPIC-shared-readers-B2,F1,prefill_common,7,glu,GPU,0,0.017215430875957685,0.01723142418057307,1.5993304615384617e-05,0.0008059630387199999
Fugue-asplos-EPIC-shared-readers-B2,F1,prefill_common,7,ff3,GPU,0,0.01723142418057307,0.01738306440211153,0.00015164022153846154,0.018410353896106665
Fugue-asplos-EPIC-shared-readers-B2,F1,prefill_common,7,comm_g2g,GPU,0,0.01738306440211153,0.01738306440211153,0.0,3.20339968e-05
Fugue-asplos-EPIC-shared-readers-B2,F1,prefill_common,7,norm2,GPU,0,0.01738306440211153,0.01739679315899936,1.372875688782816e-05,0.00030125047808
Fugue-asplos-EPIC-shared-readers-B2,F1,prefill_common,8,qkv,GPU,0,0.01739679315899936,0.01756738840823013,0.00017059524923076924,0.02012541353984
Fugue-asplos-EPIC-shared-readers-B2,F1,prefill_attention,8,attention_service,GPU,0,0.01756738840823013,0.019042151204340385,0.0014747627961102534,0.05213127724032
Fugue-asplos-EPIC-shared-readers-B2,F1,prefill_common,8,proj,GPU,0,0.019042151204340385,0.01909901628741731,5.686508307692308e-05,0.0069662565990399996
Fugue-asplos-EPIC-shared-readers-B2,F1,prefill_common,8,comm_g2g,GPU,0,0.01909901628741731,0.01909901628741731,0.0,3.20339968e-05
Fugue-asplos-EPIC-shared-readers-B2,F1,prefill_common,8,norm1,GPU,0,0.01909901628741731,0.019112745044305136,1.372875688782816e-05,0.00030125047808
Fugue-asplos-EPIC-shared-readers-B2,F1,prefill_common,8,ff1,GPU,0,0.019112745044305136,0.019251387532568873,0.00013864248826373626,0.018058472762026663
Fugue-asplos-EPIC-shared-readers-B2,F1,prefill_common,8,ff2,GPU,0,0.019251387532568873,0.01939003002083261,0.00013864248826373626,0.018058472762026663
Fugue-asplos-EPIC-shared-readers-B2,F1,prefill_common,8,glu,GPU,0,0.01939003002083261,0.019406023325447993,1.5993304615384617e-05,0.0008059630387199999
Fugue-asplos-EPIC-shared-readers-B2,F1,prefill_common,8,ff3,GPU,0,0.019406023325447993,0.019557663546986456,0.00015164022153846154,0.018410353896106665
Fugue-asplos-EPIC-shared-readers-B2,F1,prefill_common,8,comm_g2g,GPU,0,0.019557663546986456,0.019557663546986456,0.0,3.20339968e-05
Fugue-asplos-EPIC-shared-readers-B2,F1,prefill_common,8,norm2,GPU,0,0.019557663546986456,0.019571392303874283,1.372875688782816e-05,0.00030125047808
Fugue-asplos-EPIC-shared-readers-B2,F1,prefill_common,9,qkv,GPU,0,0.019571392303874283,0.019741987553105054,0.00017059524923076924,0.02012541353984
Fugue-asplos-EPIC-shared-readers-B2,F1,prefill_attention,9,attention_service,GPU,0,0.019741987553105054,0.02121675034921531,0.0014747627961102534,0.05213127724032
Fugue-asplos-EPIC-shared-readers-B2,F1,prefill_common,9,proj,GPU,0,0.02121675034921531,0.021273615432292232,5.686508307692308e-05,0.0069662565990399996
Fugue-asplos-EPIC-shared-readers-B2,F1,prefill_common,9,comm_g2g,GPU,0,0.021273615432292232,0.021273615432292232,0.0,3.20339968e-05
Fugue-asplos-EPIC-shared-readers-B2,F1,prefill_common,9,norm1,GPU,0,0.021273615432292232,0.02128734418918006,1.372875688782816e-05,0.00030125047808
Fugue-asplos-EPIC-shared-readers-B2,F1,prefill_common,9,ff1,GPU,0,0.02128734418918006,0.021425986677443797,0.00013864248826373626,0.018058472762026663
Fugue-asplos-EPIC-shared-readers-B2,F1,prefill_common,9,ff2,GPU,0,0.021425986677443797,0.021564629165707533,0.00013864248826373626,0.018058472762026663
Fugue-asplos-EPIC-shared-readers-B2,F1,prefill_common,9,glu,GPU,0,0.021564629165707533,0.021580622470322917,1.5993304615384617e-05,0.0008059630387199999
Fugue-asplos-EPIC-shared-readers-B2,F1,prefill_common,9,ff3,GPU,0,0.021580622470322917,0.02173226269186138,0.00015164022153846154,0.018410353896106665
Fugue-asplos-EPIC-shared-readers-B2,F1,prefill_common,9,comm_g2g,GPU,0,0.02173226269186138,0.02173226269186138,0.0,3.20339968e-05
Fugue-asplos-EPIC-shared-readers-B2,F1,prefill_common,9,norm2,GPU,0,0.02173226269186138,0.021745991448749207,1.372875688782816e-05,0.00030125047808
Fugue-asplos-EPIC-shared-readers-B2,F1,prefill_common,10,qkv,GPU,0,0.021745991448749207,0.021916586697979978,0.00017059524923076924,0.02012541353984
Fugue-asplos-EPIC-shared-readers-B2,F1,prefill_attention,10,attention_service,GPU,0,0.021916586697979978,0.023391349494090233,0.0014747627961102534,0.05213127724032
Fugue-asplos-EPIC-shared-readers-B2,F1,prefill_common,10,proj,GPU,0,0.023391349494090233,0.023448214577167156,5.686508307692308e-05,0.0069662565990399996
Fugue-asplos-EPIC-shared-readers-B2,F1,prefill_common,10,comm_g2g,GPU,0,0.023448214577167156,0.023448214577167156,0.0,3.20339968e-05
Fugue-asplos-EPIC-shared-readers-B2,F1,prefill_common,10,norm1,GPU,0,0.023448214577167156,0.023461943334054984,1.372875688782816e-05,0.00030125047808
Fugue-asplos-EPIC-shared-readers-B2,F1,prefill_common,10,ff1,GPU,0,0.023461943334054984,0.02360058582231872,0.00013864248826373626,0.018058472762026663
Fugue-asplos-EPIC-shared-readers-B2,F1,prefill_common,10,ff2,GPU,0,0.02360058582231872,0.023739228310582457,0.00013864248826373626,0.018058472762026663
Fugue-asplos-EPIC-shared-readers-B2,F1,prefill_common,10,glu,GPU,0,0.023739228310582457,0.02375522161519784,1.5993304615384617e-05,0.0008059630387199999
Fugue-asplos-EPIC-shared-readers-B2,F1,prefill_common,10,ff3,GPU,0,0.02375522161519784,0.023906861836736303,0.00015164022153846154,0.018410353896106665
Fugue-asplos-EPIC-shared-readers-B2,F1,prefill_common,10,comm_g2g,GPU,0,0.023906861836736303,0.023906861836736303,0.0,3.20339968e-05
Fugue-asplos-EPIC-shared-readers-B2,F1,prefill_common,10,norm2,GPU,0,0.023906861836736303,0.02392059059362413,1.372875688782816e-05,0.00030125047808
Fugue-asplos-EPIC-shared-readers-B2,F1,prefill_common,11,qkv,GPU,0,0.02392059059362413,0.0240911858428549,0.00017059524923076924,0.02012541353984
Fugue-asplos-EPIC-shared-readers-B2,F1,prefill_attention,11,attention_service,GPU,0,0.0240911858428549,0.025565948638965157,0.0014747627961102534,0.05213127724032
Fugue-asplos-EPIC-shared-readers-B2,F1,prefill_common,11,proj,GPU,0,0.025565948638965157,0.02562281372204208,5.686508307692308e-05,0.0069662565990399996
Fugue-asplos-EPIC-shared-readers-B2,F1,prefill_common,11,comm_g2g,GPU,0,0.02562281372204208,0.02562281372204208,0.0,3.20339968e-05
Fugue-asplos-EPIC-shared-readers-B2,F1,prefill_common,11,norm1,GPU,0,0.02562281372204208,0.025636542478929908,1.372875688782816e-05,0.00030125047808
Fugue-asplos-EPIC-shared-readers-B2,F1,prefill_common,11,ff1,GPU,0,0.025636542478929908,0.025775184967193644,0.00013864248826373626,0.018058472762026663
Fugue-asplos-EPIC-shared-readers-B2,F1,prefill_common,11,ff2,GPU,0,0.025775184967193644,0.02591382745545738,0.00013864248826373626,0.018058472762026663
Fugue-asplos-EPIC-shared-readers-B2,F1,prefill_common,11,glu,GPU,0,0.02591382745545738,0.025929820760072764,1.5993304615384617e-05,0.0008059630387199999
Fugue-asplos-EPIC-shared-readers-B2,F1,prefill_common,11,ff3,GPU,0,0.025929820760072764,0.026081460981611227,0.00015164022153846154,0.018410353896106665
Fugue-asplos-EPIC-shared-readers-B2,F1,prefill_common,11,comm_g2g,GPU,0,0.026081460981611227,0.026081460981611227,0.0,3.20339968e-05
Fugue-asplos-EPIC-shared-readers-B2,F1,prefill_common,11,norm2,GPU,0,0.026081460981611227,0.026095189738499055,1.372875688782816e-05,0.00030125047808
Fugue-asplos-EPIC-shared-readers-B2,F1,prefill_common,12,qkv,GPU,0,0.026095189738499055,0.026265784987729825,0.00017059524923076924,0.02012541353984
Fugue-asplos-EPIC-shared-readers-B2,F1,prefill_attention,12,attention_service,GPU,0,0.026265784987729825,0.02774054778384008,0.0014747627961102534,0.05213127724032
Fugue-asplos-EPIC-shared-readers-B2,F1,prefill_common,12,proj,GPU,0,0.02774054778384008,0.027797412866917004,5.686508307692308e-05,0.0069662565990399996
Fugue-asplos-EPIC-shared-readers-B2,F1,prefill_common,12,comm_g2g,GPU,0,0.027797412866917004,0.027797412866917004,0.0,3.20339968e-05
Fugue-asplos-EPIC-shared-readers-B2,F1,prefill_common,12,norm1,GPU,0,0.027797412866917004,0.027811141623804832,1.372875688782816e-05,0.00030125047808
Fugue-asplos-EPIC-shared-readers-B2,F1,prefill_common,12,ff1,GPU,0,0.027811141623804832,0.027949784112068568,0.00013864248826373626,0.018058472762026663
Fugue-asplos-EPIC-shared-readers-B2,F1,prefill_common,12,ff2,GPU,0,0.027949784112068568,0.028088426600332304,0.00013864248826373626,0.018058472762026663
Fugue-asplos-EPIC-shared-readers-B2,F1,prefill_common,12,glu,GPU,0,0.028088426600332304,0.028104419904947688,1.5993304615384617e-05,0.0008059630387199999
Fugue-asplos-EPIC-shared-readers-B2,F1,prefill_common,12,ff3,GPU,0,0.028104419904947688,0.02825606012648615,0.00015164022153846154,0.018410353896106665
Fugue-asplos-EPIC-shared-readers-B2,F1,prefill_common,12,comm_g2g,GPU,0,0.02825606012648615,0.02825606012648615,0.0,3.20339968e-05
Fugue-asplos-EPIC-shared-readers-B2,F1,prefill_common,12,norm2,GPU,0,0.02825606012648615,0.02826978888337398,1.372875688782816e-05,0.00030125047808
Fugue-asplos-EPIC-shared-readers-B2,F1,prefill_common,13,qkv,GPU,0,0.02826978888337398,0.02844038413260475,0.00017059524923076924,0.02012541353984
Fugue-asplos-EPIC-shared-readers-B2,F1,prefill_attention,13,attention_service,GPU,0,0.02844038413260475,0.029915146928715004,0.0014747627961102534,0.05213127724032
Fugue-asplos-EPIC-shared-readers-B2,F1,prefill_common,13,proj,GPU,0,0.029915146928715004,0.029972012011791928,5.686508307692308e-05,0.0069662565990399996
Fugue-asplos-EPIC-shared-readers-B2,F1,prefill_common,13,comm_g2g,GPU,0,0.029972012011791928,0.029972012011791928,0.0,3.20339968e-05
Fugue-asplos-EPIC-shared-readers-B2,F1,prefill_common,13,norm1,GPU,0,0.029972012011791928,0.029985740768679756,1.372875688782816e-05,0.00030125047808
Fugue-asplos-EPIC-shared-readers-B2,F1,prefill_common,13,ff1,GPU,0,0.029985740768679756,0.030124383256943492,0.00013864248826373626,0.018058472762026663
Fugue-asplos-EPIC-shared-readers-B2,F1,prefill_common,13,ff2,GPU,0,0.030124383256943492,0.030263025745207228,0.00013864248826373626,0.018058472762026663
Fugue-asplos-EPIC-shared-readers-B2,F1,prefill_common,13,glu,GPU,0,0.030263025745207228,0.030279019049822612,1.5993304615384617e-05,0.0008059630387199999
Fugue-asplos-EPIC-shared-readers-B2,F1,prefill_common,13,ff3,GPU,0,0.030279019049822612,0.030430659271361075,0.00015164022153846154,0.018410353896106665
Fugue-asplos-EPIC-shared-readers-B2,F1,prefill_common,13,comm_g2g,GPU,0,0.030430659271361075,0.030430659271361075,0.0,3.20339968e-05
Fugue-asplos-EPIC-shared-readers-B2,F1,prefill_common,13,norm2,GPU,0,0.030430659271361075,0.030444388028248903,1.372875688782816e-05,0.00030125047808
Fugue-asplos-EPIC-shared-readers-B2,F1,prefill_common,14,qkv,GPU,0,0.030444388028248903,0.030614983277479673,0.00017059524923076924,0.02012541353984
Fugue-asplos-EPIC-shared-readers-B2,F1,prefill_attention,14,attention_service,GPU,0,0.030614983277479673,0.03208974607358993,0.0014747627961102534,0.05213127724032
Fugue-asplos-EPIC-shared-readers-B2,F1,prefill_common,14,proj,GPU,0,0.03208974607358993,0.03214661115666685,5.686508307692308e-05,0.0069662565990399996
Fugue-asplos-EPIC-shared-readers-B2,F1,prefill_common,14,comm_g2g,GPU,0,0.03214661115666685,0.03214661115666685,0.0,3.20339968e-05
Fugue-asplos-EPIC-shared-readers-B2,F1,prefill_common,14,norm1,GPU,0,0.03214661115666685,0.03216033991355468,1.372875688782816e-05,0.00030125047808
Fugue-asplos-EPIC-shared-readers-B2,F1,prefill_common,14,ff1,GPU,0,0.03216033991355468,0.032298982401818416,0.00013864248826373626,0.018058472762026663
Fugue-asplos-EPIC-shared-readers-B2,F1,prefill_common,14,ff2,GPU,0,0.032298982401818416,0.03243762489008215,0.00013864248826373626,0.018058472762026663
Fugue-asplos-EPIC-shared-readers-B2,F1,prefill_common,14,glu,GPU,0,0.03243762489008215,0.03245361819469754,1.5993304615384617e-05,0.0008059630387199999
Fugue-asplos-EPIC-shared-readers-B2,F1,prefill_common,14,ff3,GPU,0,0.03245361819469754,0.032605258416236,0.00015164022153846154,0.018410353896106665
Fugue-asplos-EPIC-shared-readers-B2,F1,prefill_common,14,comm_g2g,GPU,0,0.032605258416236,0.032605258416236,0.0,3.20339968e-05
Fugue-asplos-EPIC-shared-readers-B2,F1,prefill_common,14,norm2,GPU,0,0.032605258416236,0.03261898717312383,1.372875688782816e-05,0.00030125047808
Fugue-asplos-EPIC-shared-readers-B2,F1,prefill_common,15,qkv,GPU,0,0.03261898717312383,0.0327895824223546,0.00017059524923076924,0.02012541353984
Fugue-asplos-EPIC-shared-readers-B2,F1,prefill_attention,15,attention_service,GPU,0,0.0327895824223546,0.03426434521846485,0.0014747627961102534,0.05213127724032
Fugue-asplos-EPIC-shared-readers-B2,F1,prefill_common,15,proj,GPU,0,0.03426434521846485,0.034321210301541775,5.686508307692308e-05,0.0069662565990399996
Fugue-asplos-EPIC-shared-readers-B2,F1,prefill_common,15,comm_g2g,GPU,0,0.034321210301541775,0.034321210301541775,0.0,3.20339968e-05
Fugue-asplos-EPIC-shared-readers-B2,F1,prefill_common,15,norm1,GPU,0,0.034321210301541775,0.0343349390584296,1.372875688782816e-05,0.00030125047808
Fugue-asplos-EPIC-shared-readers-B2,F1,prefill_common,15,ff1,GPU,0,0.0343349390584296,0.03447358154669334,0.00013864248826373626,0.018058472762026663
Fugue-asplos-EPIC-shared-readers-B2,F1,prefill_common,15,ff2,GPU,0,0.03447358154669334,0.034612224034957076,0.00013864248826373626,0.018058472762026663
Fugue-asplos-EPIC-shared-readers-B2,F1,prefill_common,15,glu,GPU,0,0.034612224034957076,0.03462821733957246,1.5993304615384617e-05,0.0008059630387199999
Fugue-asplos-EPIC-shared-readers-B2,F1,prefill_common,15,ff3,GPU,0,0.03462821733957246,0.034779857561110926,0.00015164022153846154,0.018410353896106665
Fugue-asplos-EPIC-shared-readers-B2,F1,prefill_common,15,comm_g2g,GPU,0,0.034779857561110926,0.034779857561110926,0.0,3.20339968e-05
Fugue-asplos-EPIC-shared-readers-B2,F1,prefill_common,15,norm2,GPU,0,0.034779857561110926,0.034793586317998754,1.372875688782816e-05,0.00030125047808
Fugue-asplos-EPIC-shared-readers-B2,F1,prefill_common,16,qkv,GPU,0,0.034793586317998754,0.034964181567229524,0.00017059524923076924,0.02012541353984
Fugue-asplos-EPIC-shared-readers-B2,F1,prefill_attention,16,attention_service,GPU,0,0.034964181567229524,0.036438944363339776,0.0014747627961102534,0.05213127724032
Fugue-asplos-EPIC-shared-readers-B2,F1,prefill_common,16,proj,GPU,0,0.036438944363339776,0.0364958094464167,5.686508307692308e-05,0.0069662565990399996
Fugue-asplos-EPIC-shared-readers-B2,F1,prefill_common,16,comm_g2g,GPU,0,0.0364958094464167,0.0364958094464167,0.0,3.20339968e-05
Fugue-asplos-EPIC-shared-readers-B2,F1,prefill_common,16,norm1,GPU,0,0.0364958094464167,0.03650953820330453,1.372875688782816e-05,0.00030125047808
Fugue-asplos-EPIC-shared-readers-B2,F1,prefill_common,16,ff1,GPU,0,0.03650953820330453,0.03664818069156826,0.00013864248826373626,0.018058472762026663
Fugue-asplos-EPIC-shared-readers-B2,F1,prefill_common,16,ff2,GPU,0,0.03664818069156826,0.036786823179832,0.00013864248826373626,0.018058472762026663
Fugue-asplos-EPIC-shared-readers-B2,F1,prefill_common,16,glu,GPU,0,0.036786823179832,0.03680281648444739,1.5993304615384617e-05,0.0008059630387199999
Fugue-asplos-EPIC-shared-readers-B2,F1,prefill_common,16,ff3,GPU,0,0.03680281648444739,0.03695445670598585,0.00015164022153846154,0.018410353896106665
Fugue-asplos-EPIC-shared-readers-B2,F1,prefill_common,16,comm_g2g,GPU,0,0.03695445670598585,0.03695445670598585,0.0,3.20339968e-05
Fugue-asplos-EPIC-shared-readers-B2,F1,prefill_common,16,norm2,GPU,0,0.03695445670598585,0.03696818546287368,1.372875688782816e-05,0.00030125047808
Fugue-asplos-EPIC-shared-readers-B2,F1,prefill_common,17,qkv,GPU,0,0.03696818546287368,0.03713878071210445,0.00017059524923076924,0.02012541353984
Fugue-asplos-EPIC-shared-readers-B2,F1,prefill_attention,17,attention_service,GPU,0,0.03713878071210445,0.0386135435082147,0.0014747627961102534,0.05213127724032
Fugue-asplos-EPIC-shared-readers-B2,F1,prefill_common,17,proj,GPU,0,0.0386135435082147,0.03867040859129162,5.686508307692308e-05,0.0069662565990399996
Fugue-asplos-EPIC-shared-readers-B2,F1,prefill_common,17,comm_g2g,GPU,0,0.03867040859129162,0.03867040859129162,0.0,3.20339968e-05
Fugue-asplos-EPIC-shared-readers-B2,F1,prefill_common,17,norm1,GPU,0,0.03867040859129162,0.03868413734817945,1.372875688782816e-05,0.00030125047808
Fugue-asplos-EPIC-shared-readers-B2,F1,prefill_common,17,ff1,GPU,0,0.03868413734817945,0.03882277983644319,0.00013864248826373626,0.018058472762026663
Fugue-asplos-EPIC-shared-readers-B2,F1,prefill_common,17,ff2,GPU,0,0.03882277983644319,0.038961422324706924,0.00013864248826373626,0.018058472762026663
Fugue-asplos-EPIC-shared-readers-B2,F1,prefill_common,17,glu,GPU,0,0.038961422324706924,0.03897741562932231,1.5993304615384617e-05,0.0008059630387199999
Fugue-asplos-EPIC-shared-readers-B2,F1,prefill_common,17,ff3,GPU,0,0.03897741562932231,0.039129055850860774,0.00015164022153846154,0.018410353896106665
Fugue-asplos-EPIC-shared-readers-B2,F1,prefill_common,17,comm_g2g,GPU,0,0.039129055850860774,0.039129055850860774,0.0,3.20339968e-05
Fugue-asplos-EPIC-shared-readers-B2,F1,prefill_common,17,norm2,GPU,0,0.039129055850860774,0.0391427846077486,1.372875688782816e-05,0.00030125047808
Fugue-asplos-EPIC-shared-readers-B2,F1,prefill_common,18,qkv,GPU,0,0.0391427846077486,0.03931337985697937,0.00017059524923076924,0.02012541353984
Fugue-asplos-EPIC-shared-readers-B2,F1,prefill_attention,18,attention_service,GPU,0,0.03931337985697937,0.040788142653089624,0.0014747627961102534,0.05213127724032
Fugue-asplos-EPIC-shared-readers-B2,F1,prefill_common,18,proj,GPU,0,0.040788142653089624,0.04084500773616655,5.686508307692308e-05,0.0069662565990399996
Fugue-asplos-EPIC-shared-readers-B2,F1,prefill_common,18,comm_g2g,GPU,0,0.04084500773616655,0.04084500773616655,0.0,3.20339968e-05
Fugue-asplos-EPIC-shared-readers-B2,F1,prefill_common,18,norm1,GPU,0,0.04084500773616655,0.040858736493054375,1.372875688782816e-05,0.00030125047808
Fugue-asplos-EPIC-shared-readers-B2,F1,prefill_common,18,ff1,GPU,0,0.040858736493054375,0.04099737898131811,0.00013864248826373626,0.018058472762026663
Fugue-asplos-EPIC-shared-readers-B2,F1,prefill_common,18,ff2,GPU,0,0.04099737898131811,0.04113602146958185,0.00013864248826373626,0.018058472762026663
Fugue-asplos-EPIC-shared-readers-B2,F1,prefill_common,18,glu,GPU,0,0.04113602146958185,0.041152014774197235,1.5993304615384617e-05,0.0008059630387199999
Fugue-asplos-EPIC-shared-readers-B2,F1,prefill_common,18,ff3,GPU,0,0.041152014774197235,0.0413036549957357,0.00015164022153846154,0.018410353896106665
Fugue-asplos-EPIC-shared-readers-B2,F1,prefill_common,18,comm_g2g,GPU,0,0.0413036549957357,0.0413036549957357,0.0,3.20339968e-05
Fugue-asplos-EPIC-shared-readers-B2,F1,prefill_common,18,norm2,GPU,0,0.0413036549957357,0.041317383752623525,1.372875688782816e-05,0.00030125047808
Fugue-asplos-EPIC-shared-readers-B2,F1,prefill_common,19,qkv,GPU,0,0.041317383752623525,0.041487979001854296,0.00017059524923076924,0.02012541353984
Fugue-asplos-EPIC-shared-readers-B2,F1,prefill_attention,19,attention_service,GPU,0,0.041487979001854296,0.04296274179796455,0.0014747627961102534,0.05213127724032
Fugue-asplos-EPIC-shared-readers-B2,F1,prefill_common,19,proj,GPU,0,0.04296274179796455,0.04301960688104147,5.686508307692308e-05,0.0069662565990399996
Fugue-asplos-EPIC-shared-readers-B2,F1,prefill_common,19,comm_g2g,GPU,0,0.04301960688104147,0.04301960688104147,0.0,3.20339968e-05
Fugue-asplos-EPIC-shared-readers-B2,F1,prefill_common,19,norm1,GPU,0,0.04301960688104147,0.0430333356379293,1.372875688782816e-05,0.00030125047808
Fugue-asplos-EPIC-shared-readers-B2,F1,prefill_common,19,ff1,GPU,0,0.0430333356379293,0.043171978126193035,0.00013864248826373626,0.018058472762026663
Fugue-asplos-EPIC-shared-readers-B2,F1,prefill_common,19,ff2,GPU,0,0.043171978126193035,0.04331062061445677,0.00013864248826373626,0.018058472762026663
Fugue-asplos-EPIC-shared-readers-B2,F1,prefill_common,19,glu,GPU,0,0.04331062061445677,0.04332661391907216,1.5993304615384617e-05,0.0008059630387199999
Fugue-asplos-EPIC-shared-readers-B2,F1,prefill_common,19,ff3,GPU,0,0.04332661391907216,0.04347825414061062,0.00015164022153846154,0.018410353896106665
Fugue-asplos-EPIC-shared-readers-B2,F1,prefill_common,19,comm_g2g,GPU,0,0.04347825414061062,0.04347825414061062,0.0,3.20339968e-05
Fugue-asplos-EPIC-shared-readers-B2,F1,prefill_common,19,norm2,GPU,0,0.04347825414061062,0.04349198289749845,1.372875688782816e-05,0.00030125047808
Fugue-asplos-EPIC-shared-readers-B2,F1,prefill_common,20,qkv,GPU,0,0.04349198289749845,0.04366257814672922,0.00017059524923076924,0.02012541353984
Fugue-asplos-EPIC-shared-readers-B2,F1,prefill_attention,20,attention_service,GPU,0,0.04366257814672922,0.04513734094283947,0.0014747627961102534,0.05213127724032
Fugue-asplos-EPIC-shared-readers-B2,F1,prefill_common,20,proj,GPU,0,0.04513734094283947,0.045194206025916395,5.686508307692308e-05,0.0069662565990399996
Fugue-asplos-EPIC-shared-readers-B2,F1,prefill_common,20,comm_g2g,GPU,0,0.045194206025916395,0.045194206025916395,0.0,3.20339968e-05
Fugue-asplos-EPIC-shared-readers-B2,F1,prefill_common,20,norm1,GPU,0,0.045194206025916395,0.04520793478280422,1.372875688782816e-05,0.00030125047808
Fugue-asplos-EPIC-shared-readers-B2,F1,prefill_common,20,ff1,GPU,0,0.04520793478280422,0.04534657727106796,0.00013864248826373626,0.018058472762026663
Fugue-asplos-EPIC-shared-readers-B2,F1,prefill_common,20,ff2,GPU,0,0.04534657727106796,0.045485219759331695,0.00013864248826373626,0.018058472762026663
Fugue-asplos-EPIC-shared-readers-B2,F1,prefill_common,20,glu,GPU,0,0.045485219759331695,0.04550121306394708,1.5993304615384617e-05,0.0008059630387199999
Fugue-asplos-EPIC-shared-readers-B2,F1,prefill_common,20,ff3,GPU,0,0.04550121306394708,0.045652853285485545,0.00015164022153846154,0.018410353896106665
Fugue-asplos-EPIC-shared-readers-B2,F1,prefill_common,20,comm_g2g,GPU,0,0.045652853285485545,0.045652853285485545,0.0,3.20339968e-05
Fugue-asplos-EPIC-shared-readers-B2,F1,prefill_common,20,norm2,GPU,0,0.045652853285485545,0.04566658204237337,1.372875688782816e-05,0.00030125047808
Fugue-asplos-EPIC-shared-readers-B2,F1,prefill_common,21,qkv,GPU,0,0.04566658204237337,0.04583717729160414,0.00017059524923076924,0.02012541353984
Fugue-asplos-EPIC-shared-readers-B2,F1,prefill_attention,21,attention_service,GPU,0,0.04583717729160414,0.047311940087714395,0.0014747627961102534,0.05213127724032
Fugue-asplos-EPIC-shared-readers-B2,F1,prefill_common,21,proj,GPU,0,0.047311940087714395,0.04736880517079132,5.686508307692308e-05,0.0069662565990399996
Fugue-asplos-EPIC-shared-readers-B2,F1,prefill_common,21,comm_g2g,GPU,0,0.04736880517079132,0.04736880517079132,0.0,3.20339968e-05
Fugue-asplos-EPIC-shared-readers-B2,F1,prefill_common,21,norm1,GPU,0,0.04736880517079132,0.047382533927679146,1.372875688782816e-05,0.00030125047808
Fugue-asplos-EPIC-shared-readers-B2,F1,prefill_common,21,ff1,GPU,0,0.047382533927679146,0.04752117641594288,0.00013864248826373626,0.018058472762026663
Fugue-asplos-EPIC-shared-readers-B2,F1,prefill_common,21,ff2,GPU,0,0.04752117641594288,0.04765981890420662,0.00013864248826373626,0.018058472762026663
Fugue-asplos-EPIC-shared-readers-B2,F1,prefill_common,21,glu,GPU,0,0.04765981890420662,0.047675812208822006,1.5993304615384617e-05,0.0008059630387199999
Fugue-asplos-EPIC-shared-readers-B2,F1,prefill_common,21,ff3,GPU,0,0.047675812208822006,0.04782745243036047,0.00015164022153846154,0.018410353896106665
Fugue-asplos-EPIC-shared-readers-B2,F1,prefill_common,21,comm_g2g,GPU,0,0.04782745243036047,0.04782745243036047,0.0,3.20339968e-05
Fugue-asplos-EPIC-shared-readers-B2,F1,prefill_common,21,norm2,GPU,0,0.04782745243036047,0.0478411811872483,1.372875688782816e-05,0.00030125047808
Fugue-asplos-EPIC-shared-readers-B2,F1,prefill_common,22,qkv,GPU,0,0.0478411811872483,0.04801177643647907,0.00017059524923076924,0.02012541353984
Fugue-asplos-EPIC-shared-readers-B2,F1,prefill_attention,22,attention_service,GPU,0,0.04801177643647907,0.04948653923258932,0.0014747627961102534,0.05213127724032
Fugue-asplos-EPIC-shared-readers-B2,F1,prefill_common,22,proj,GPU,0,0.04948653923258932,0.04954340431566624,5.686508307692308e-05,0.0069662565990399996
Fugue-asplos-EPIC-shared-readers-B2,F1,prefill_common,22,comm_g2g,GPU,0,0.04954340431566624,0.04954340431566624,0.0,3.20339968e-05
Fugue-asplos-EPIC-shared-readers-B2,F1,prefill_common,22,norm1,GPU,0,0.04954340431566624,0.04955713307255407,1.372875688782816e-05,0.00030125047808
Fugue-asplos-EPIC-shared-readers-B2,F1,prefill_common,22,ff1,GPU,0,0.04955713307255407,0.049695775560817806,0.00013864248826373626,0.018058472762026663
Fugue-asplos-EPIC-shared-readers-B2,F1,prefill_common,22,ff2,GPU,0,0.049695775560817806,0.04983441804908154,0.00013864248826373626,0.018058472762026663
Fugue-asplos-EPIC-shared-readers-B2,F1,prefill_common,22,glu,GPU,0,0.04983441804908154,0.04985041135369693,1.5993304615384617e-05,0.0008059630387199999
Fugue-asplos-EPIC-shared-readers-B2,F1,prefill_common,22,ff3,GPU,0,0.04985041135369693,0.05000205157523539,0.00015164022153846154,0.018410353896106665
Fugue-asplos-EPIC-shared-readers-B2,F1,prefill_common,22,comm_g2g,GPU,0,0.05000205157523539,0.05000205157523539,0.0,3.20339968e-05
Fugue-asplos-EPIC-shared-readers-B2,F1,prefill_common,22,norm2,GPU,0,0.05000205157523539,0.05001578033212322,1.372875688782816e-05,0.00030125047808
Fugue-asplos-EPIC-shared-readers-B2,F1,prefill_common,23,qkv,GPU,0,0.05001578033212322,0.05018637558135399,0.00017059524923076924,0.02012541353984
Fugue-asplos-EPIC-shared-readers-B2,F1,prefill_attention,23,attention_service,GPU,0,0.05018637558135399,0.05166113837746424,0.0014747627961102534,0.05213127724032
Fugue-asplos-EPIC-shared-readers-B2,F1,prefill_common,23,proj,GPU,0,0.05166113837746424,0.051718003460541166,5.686508307692308e-05,0.0069662565990399996
Fugue-asplos-EPIC-shared-readers-B2,F1,prefill_common,23,comm_g2g,GPU,0,0.051718003460541166,0.051718003460541166,0.0,3.20339968e-05
Fugue-asplos-EPIC-shared-readers-B2,F1,prefill_common,23,norm1,GPU,0,0.051718003460541166,0.051731732217428994,1.372875688782816e-05,0.00030125047808
Fugue-asplos-EPIC-shared-readers-B2,F1,prefill_common,23,ff1,GPU,0,0.051731732217428994,0.05187037470569273,0.00013864248826373626,0.018058472762026663
Fugue-asplos-EPIC-shared-readers-B2,F1,prefill_common,23,ff2,GPU,0,0.05187037470569273,0.05200901719395647,0.00013864248826373626,0.018058472762026663
Fugue-asplos-EPIC-shared-readers-B2,F1,prefill_common,23,glu,GPU,0,0.05200901719395647,0.052025010498571854,1.5993304615384617e-05,0.0008059630387199999
Fugue-asplos-EPIC-shared-readers-B2,F1,prefill_common,23,ff3,GPU,0,0.052025010498571854,0.05217665072011032,0.00015164022153846154,0.018410353896106665
Fugue-asplos-EPIC-shared-readers-B2,F1,prefill_common,23,comm_g2g,GPU,0,0.05217665072011032,0.05217665072011032,0.0,3.20339968e-05
Fugue-asplos-EPIC-shared-readers-B2,F1,prefill_common,23,norm2,GPU,0,0.05217665072011032,0.052190379476998144,1.372875688782816e-05,0.00030125047808
Fugue-asplos-EPIC-shared-readers-B2,F1,prefill_common,24,qkv,GPU,0,0.052190379476998144,0.052360974726228915,0.00017059524923076924,0.02012541353984
Fugue-asplos-EPIC-shared-readers-B2,F1,prefill_attention,24,attention_service,GPU,0,0.052360974726228915,0.05383573752233917,0.0014747627961102534,0.05213127724032
Fugue-asplos-EPIC-shared-readers-B2,F1,prefill_common,24,proj,GPU,0,0.05383573752233917,0.05389260260541609,5.686508307692308e-05,0.0069662565990399996
Fugue-asplos-EPIC-shared-readers-B2,F1,prefill_common,24,comm_g2g,GPU,0,0.05389260260541609,0.05389260260541609,0.0,3.20339968e-05
Fugue-asplos-EPIC-shared-readers-B2,F1,prefill_common,24,norm1,GPU,0,0.05389260260541609,0.05390633136230392,1.372875688782816e-05,0.00030125047808
Fugue-asplos-EPIC-shared-readers-B2,F1,prefill_common,24,ff1,GPU,0,0.05390633136230392,0.054044973850567654,0.00013864248826373626,0.018058472762026663
Fugue-asplos-EPIC-shared-readers-B2,F1,prefill_common,24,ff2,GPU,0,0.054044973850567654,0.05418361633883139,0.00013864248826373626,0.018058472762026663
Fugue-asplos-EPIC-shared-readers-B2,F1,prefill_common,24,glu,GPU,0,0.05418361633883139,0.05419960964344678,1.5993304615384617e-05,0.0008059630387199999
Fugue-asplos-EPIC-shared-readers-B2,F1,prefill_common,24,ff3,GPU,0,0.05419960964344678,0.05435124986498524,0.00015164022153846154,0.018410353896106665
Fugue-asplos-EPIC-shared-readers-B2,F1,prefill_common,24,comm_g2g,GPU,0,0.05435124986498524,0.05435124986498524,0.0,3.20339968e-05
Fugue-asplos-EPIC-shared-readers-B2,F1,prefill_common,24,norm2,GPU,0,0.05435124986498524,0.05436497862187307,1.372875688782816e-05,0.00030125047808
Fugue-asplos-EPIC-shared-readers-B2,F1,prefill_common,25,qkv,GPU,0,0.05436497862187307,0.05453557387110384,0.00017059524923076924,0.02012541353984
Fugue-asplos-EPIC-shared-readers-B2,F1,prefill_attention,25,attention_service,GPU,0,0.05453557387110384,0.05601033666721409,0.0014747627961102534,0.05213127724032
Fugue-asplos-EPIC-shared-readers-B2,F1,prefill_common,25,proj,GPU,0,0.05601033666721409,0.056067201750291014,5.686508307692308e-05,0.0069662565990399996
Fugue-asplos-EPIC-shared-readers-B2,F1,prefill_common,25,comm_g2g,GPU,0,0.056067201750291014,0.056067201750291014,0.0,3.20339968e-05
Fugue-asplos-EPIC-shared-readers-B2,F1,prefill_common,25,norm1,GPU,0,0.056067201750291014,0.05608093050717884,1.372875688782816e-05,0.00030125047808
Fugue-asplos-EPIC-shared-readers-B2,F1,prefill_common,25,ff1,GPU,0,0.05608093050717884,0.05621957299544258,0.00013864248826373626,0.018058472762026663
Fugue-asplos-EPIC-shared-readers-B2,F1,prefill_common,25,ff2,GPU,0,0.05621957299544258,0.056358215483706314,0.00013864248826373626,0.018058472762026663
Fugue-asplos-EPIC-shared-readers-B2,F1,prefill_common,25,glu,GPU,0,0.056358215483706314,0.0563742087883217,1.5993304615384617e-05,0.0008059630387199999
Fugue-asplos-EPIC-shared-readers-B2,F1,prefill_common,25,ff3,GPU,0,0.0563742087883217,0.056525849009860164,0.00015164022153846154,0.018410353896106665
Fugue-asplos-EPIC-shared-readers-B2,F1,prefill_common,25,comm_g2g,GPU,0,0.056525849009860164,0.056525849009860164,0.0,3.20339968e-05
Fugue-asplos-EPIC-shared-readers-B2,F1,prefill_common,25,norm2,GPU,0,0.056525849009860164,0.05653957776674799,1.372875688782816e-05,0.00030125047808
Fugue-asplos-EPIC-shared-readers-B2,F1,prefill_common,26,qkv,GPU,0,0.05653957776674799,0.05671017301597876,0.00017059524923076924,0.02012541353984
Fugue-asplos-EPIC-shared-readers-B2,F1,prefill_attention,26,attention_service,GPU,0,0.05671017301597876,0.058184935812089014,0.0014747627961102534,0.05213127724032
Fugue-asplos-EPIC-shared-readers-B2,F1,prefill_common,26,proj,GPU,0,0.058184935812089014,0.05824180089516594,5.686508307692308e-05,0.0069662565990399996
Fugue-asplos-EPIC-shared-readers-B2,F1,prefill_common,26,comm_g2g,GPU,0,0.05824180089516594,0.05824180089516594,0.0,3.20339968e-05
Fugue-asplos-EPIC-shared-readers-B2,F1,prefill_common,26,norm1,GPU,0,0.05824180089516594,0.058255529652053765,1.372875688782816e-05,0.00030125047808
Fugue-asplos-EPIC-shared-readers-B2,F1,prefill_common,26,ff1,GPU,0,0.058255529652053765,0.0583941721403175,0.00013864248826373626,0.018058472762026663
Fugue-asplos-EPIC-shared-readers-B2,F1,prefill_common,26,ff2,GPU,0,0.0583941721403175,0.05853281462858124,0.00013864248826373626,0.018058472762026663
Fugue-asplos-EPIC-shared-readers-B2,F1,prefill_common,26,glu,GPU,0,0.05853281462858124,0.058548807933196625,1.5993304615384617e-05,0.0008059630387199999
Fugue-asplos-EPIC-shared-readers-B2,F1,prefill_common,26,ff3,GPU,0,0.058548807933196625,0.05870044815473509,0.00015164022153846154,0.018410353896106665
Fugue-asplos-EPIC-shared-readers-B2,F1,prefill_common,26,comm_g2g,GPU,0,0.05870044815473509,0.05870044815473509,0.0,3.20339968e-05
Fugue-asplos-EPIC-shared-readers-B2,F1,prefill_common,26,norm2,GPU,0,0.05870044815473509,0.058714176911622916,1.372875688782816e-05,0.00030125047808
Fugue-asplos-EPIC-shared-readers-B2,F1,prefill_common,27,qkv,GPU,0,0.058714176911622916,0.058884772160853686,0.00017059524923076924,0.02012541353984
Fugue-asplos-EPIC-shared-readers-B2,F1,prefill_attention,27,attention_service,GPU,0,0.058884772160853686,0.06035953495696394,0.0014747627961102534,0.05213127724032
Fugue-asplos-EPIC-shared-readers-B2,F1,prefill_common,27,proj,GPU,0,0.06035953495696394,0.06041640004004086,5.686508307692308e-05,0.0069662565990399996
Fugue-asplos-EPIC-shared-readers-B2,F1,prefill_common,27,comm_g2g,GPU,0,0.06041640004004086,0.06041640004004086,0.0,3.20339968e-05
Fugue-asplos-EPIC-shared-readers-B2,F1,prefill_common,27,norm1,GPU,0,0.06041640004004086,0.06043012879692869,1.372875688782816e-05,0.00030125047808
Fugue-asplos-EPIC-shared-readers-B2,F1,prefill_common,27,ff1,GPU,0,0.06043012879692869,0.060568771285192426,0.00013864248826373626,0.018058472762026663
Fugue-asplos-EPIC-shared-readers-B2,F1,prefill_common,27,ff2,GPU,0,0.060568771285192426,0.06070741377345616,0.00013864248826373626,0.018058472762026663
Fugue-asplos-EPIC-shared-readers-B2,F1,prefill_common,27,glu,GPU,0,0.06070741377345616,0.06072340707807155,1.5993304615384617e-05,0.0008059630387199999
Fugue-asplos-EPIC-shared-readers-B2,F1,prefill_common,27,ff3,GPU,0,0.06072340707807155,0.06087504729961001,0.00015164022153846154,0.018410353896106665
Fugue-asplos-EPIC-shared-readers-B2,F1,prefill_common,27,comm_g2g,GPU,0,0.06087504729961001,0.06087504729961001,0.0,3.20339968e-05
Fugue-asplos-EPIC-shared-readers-B2,F1,prefill_common,27,norm2,GPU,0,0.06087504729961001,0.06088877605649784,1.372875688782816e-05,0.00030125047808
Fugue-asplos-EPIC-shared-readers-B2,F1,prefill_common,28,qkv,GPU,0,0.06088877605649784,0.06105937130572861,0.00017059524923076924,0.02012541353984
Fugue-asplos-EPIC-shared-readers-B2,F1,prefill_attention,28,attention_service,GPU,0,0.06105937130572861,0.06253413410183886,0.0014747627961102534,0.05213127724032
Fugue-asplos-EPIC-shared-readers-B2,F1,prefill_common,28,proj,GPU,0,0.06253413410183886,0.06259099918491579,5.686508307692308e-05,0.0069662565990399996
Fugue-asplos-EPIC-shared-readers-B2,F1,prefill_common,28,comm_g2g,GPU,0,0.06259099918491579,0.06259099918491579,0.0,3.20339968e-05
Fugue-asplos-EPIC-shared-readers-B2,F1,prefill_common,28,norm1,GPU,0,0.06259099918491579,0.06260472794180362,1.372875688782816e-05,0.00030125047808
Fugue-asplos-EPIC-shared-readers-B2,F1,prefill_common,28,ff1,GPU,0,0.06260472794180362,0.06274337043006735,0.00013864248826373626,0.018058472762026663
Fugue-asplos-EPIC-shared-readers-B2,F1,prefill_common,28,ff2,GPU,0,0.06274337043006735,0.06288201291833108,0.00013864248826373626,0.018058472762026663
Fugue-asplos-EPIC-shared-readers-B2,F1,prefill_common,28,glu,GPU,0,0.06288201291833108,0.06289800622294646,1.5993304615384617e-05,0.0008059630387199999
Fugue-asplos-EPIC-shared-readers-B2,F1,prefill_common,28,ff3,GPU,0,0.06289800622294646,0.06304964644448492,0.00015164022153846154,0.018410353896106665
Fugue-asplos-EPIC-shared-readers-B2,F1,prefill_common,28,comm_g2g,GPU,0,0.06304964644448492,0.06304964644448492,0.0,3.20339968e-05
Fugue-asplos-EPIC-shared-readers-B2,F1,prefill_common,28,norm2,GPU,0,0.06304964644448492,0.06306337520137276,1.372875688782816e-05,0.00030125047808
Fugue-asplos-EPIC-shared-readers-B2,F1,prefill_common,29,qkv,GPU,0,0.06306337520137276,0.06323397045060353,0.00017059524923076924,0.02012541353984
Fugue-asplos-EPIC-shared-readers-B2,F1,prefill_attention,29,attention_service,GPU,0,0.06323397045060353,0.06470873324671378,0.0014747627961102534,0.05213127724032
Fugue-asplos-EPIC-shared-readers-B2,F1,prefill_common,29,proj,GPU,0,0.06470873324671378,0.0647655983297907,5.686508307692308e-05,0.0069662565990399996
Fugue-asplos-EPIC-shared-readers-B2,F1,prefill_common,29,comm_g2g,GPU,0,0.0647655983297907,0.0647655983297907,0.0,3.20339968e-05
Fugue-asplos-EPIC-shared-readers-B2,F1,prefill_common,29,norm1,GPU,0,0.0647655983297907,0.06477932708667854,1.372875688782816e-05,0.00030125047808
Fugue-asplos-EPIC-shared-readers-B2,F1,prefill_common,29,ff1,GPU,0,0.06477932708667854,0.06491796957494227,0.00013864248826373626,0.018058472762026663
Fugue-asplos-EPIC-shared-readers-B2,F1,prefill_common,29,ff2,GPU,0,0.06491796957494227,0.065056612063206,0.00013864248826373626,0.018058472762026663
Fugue-asplos-EPIC-shared-readers-B2,F1,prefill_common,29,glu,GPU,0,0.065056612063206,0.06507260536782138,1.5993304615384617e-05,0.0008059630387199999
Fugue-asplos-EPIC-shared-readers-B2,F1,prefill_common,29,ff3,GPU,0,0.06507260536782138,0.06522424558935984,0.00015164022153846154,0.018410353896106665
Fugue-asplos-EPIC-shared-readers-B2,F1,prefill_common,29,comm_g2g,GPU,0,0.06522424558935984,0.06522424558935984,0.0,3.20339968e-05
Fugue-asplos-EPIC-shared-readers-B2,F1,prefill_common,29,norm2,GPU,0,0.06522424558935984,0.06523797434624767,1.372875688782816e-05,0.00030125047808
Fugue-asplos-EPIC-shared-readers-B2,F1,prefill_common,30,qkv,GPU,0,0.06523797434624767,0.06540856959547844,0.00017059524923076924,0.02012541353984
Fugue-asplos-EPIC-shared-readers-B2,F1,prefill_attention,30,attention_service,GPU,0,0.06540856959547844,0.0668833323915887,0.0014747627961102534,0.05213127724032
Fugue-asplos-EPIC-shared-readers-B2,F1,prefill_common,30,proj,GPU,0,0.0668833323915887,0.06694019747466562,5.686508307692308e-05,0.0069662565990399996
Fugue-asplos-EPIC-shared-readers-B2,F1,prefill_common,30,comm_g2g,GPU,0,0.06694019747466562,0.06694019747466562,0.0,3.20339968e-05
Fugue-asplos-EPIC-shared-readers-B2,F1,prefill_common,30,norm1,GPU,0,0.06694019747466562,0.06695392623155345,1.372875688782816e-05,0.00030125047808
Fugue-asplos-EPIC-shared-readers-B2,F1,prefill_common,30,ff1,GPU,0,0.06695392623155345,0.06709256871981718,0.00013864248826373626,0.018058472762026663
Fugue-asplos-EPIC-shared-readers-B2,F1,prefill_common,30,ff2,GPU,0,0.06709256871981718,0.06723121120808091,0.00013864248826373626,0.018058472762026663
Fugue-asplos-EPIC-shared-readers-B2,F1,prefill_common,30,glu,GPU,0,0.06723121120808091,0.0672472045126963,1.5993304615384617e-05,0.0008059630387199999
Fugue-asplos-EPIC-shared-readers-B2,F1,prefill_common,30,ff3,GPU,0,0.0672472045126963,0.06739884473423476,0.00015164022153846154,0.018410353896106665
Fugue-asplos-EPIC-shared-readers-B2,F1,prefill_common,30,comm_g2g,GPU,0,0.06739884473423476,0.06739884473423476,0.0,3.20339968e-05
Fugue-asplos-EPIC-shared-readers-B2,F1,prefill_common,30,norm2,GPU,0,0.06739884473423476,0.06741257349112259,1.372875688782816e-05,0.00030125047808
Fugue-asplos-EPIC-shared-readers-B2,F1,prefill_common,31,qkv,GPU,0,0.06741257349112259,0.06758316874035336,0.00017059524923076924,0.02012541353984
Fugue-asplos-EPIC-shared-readers-B2,F1,prefill_attention,31,attention_service,GPU,0,0.06758316874035336,0.06905793153646361,0.0014747627961102534,0.05213127724032
Fugue-asplos-EPIC-shared-readers-B2,F1,prefill_common,31,proj,GPU,0,0.06905793153646361,0.06911479661954054,5.686508307692308e-05,0.0069662565990399996
Fugue-asplos-EPIC-shared-readers-B2,F1,prefill_common,31,comm_g2g,GPU,0,0.06911479661954054,0.06911479661954054,0.0,3.20339968e-05
Fugue-asplos-EPIC-shared-readers-B2,F1,prefill_common,31,norm1,GPU,0,0.06911479661954054,0.06912852537642837,1.372875688782816e-05,0.00030125047808
Fugue-asplos-EPIC-shared-readers-B2,F1,prefill_common,31,ff1,GPU,0,0.06912852537642837,0.0692671678646921,0.00013864248826373626,0.018058472762026663
Fugue-asplos-EPIC-shared-readers-B2,F1,prefill_common,31,ff2,GPU,0,0.0692671678646921,0.06940581035295583,0.00013864248826373626,0.018058472762026663
Fugue-asplos-EPIC-shared-readers-B2,F1,prefill_common,31,glu,GPU,0,0.06940581035295583,0.06942180365757121,1.5993304615384617e-05,0.0008059630387199999
Fugue-asplos-EPIC-shared-readers-B2,F1,prefill_common,31,ff3,GPU,0,0.06942180365757121,0.06957344387910967,0.00015164022153846154,0.018410353896106665
Fugue-asplos-EPIC-shared-readers-B2,F1,prefill_common,31,comm_g2g,GPU,0,0.06957344387910967,0.06957344387910967,0.0,3.20339968e-05
Fugue-asplos-EPIC-shared-readers-B2,F1,prefill_common,31,norm2,GPU,0,0.06957344387910967,0.06958717263599751,1.372875688782816e-05,0.00030125047808
Fugue-asplos-EPIC-shared-readers-B2,F1,decode,all,native_transformer,GPU,1,0.06958717263599751,0.08016303302188049,0.010575860385882992,0.71205606883328
Fugue-asplos-EPIC-shared-readers-B2,F1,decode,all,native_transformer,GPU,2,0.08016303302188049,0.0907395241532359,0.010576491131355406,0.71209078185984
Fugue-asplos-EPIC-shared-readers-B2,F1,decode,all,native_transformer,GPU,3,0.0907395241532359,0.10131664603006371,0.010577121876827819,0.7121254948863999
Fugue-asplos-EPIC-shared-readers-B2,F1,decode,all,native_transformer,GPU,4,0.10131664603006371,0.11189439865236395,0.010577752622300231,0.71216020791296
Fugue-asplos-EPIC-shared-readers-B2,F1,decode,all,native_transformer,GPU,5,0.11189439865236395,0.12247278202013659,0.010578383367772646,0.71219492093952
Fugue-asplos-EPIC-shared-readers-B2,F1,decode,all,native_transformer,GPU,6,0.12247278202013659,0.13305179613338164,0.010579014113245059,0.71222963396608
Fugue-asplos-EPIC-shared-readers-B2,F1,decode,all,native_transformer,GPU,7,0.13305179613338164,0.14363144099209912,0.010579644858717471,0.7122643469926399
Fugue-asplos-EPIC-shared-readers-B2,F1,decode,all,native_transformer,GPU,8,0.14363144099209912,0.15421171659628902,0.010580275604189884,0.7122990600192
Fugue-asplos-EPIC-shared-readers-B2,F1,decode,all,native_transformer,GPU,9,0.15421171659628902,0.16479262294595132,0.010580906349662298,0.7123337730457598
Fugue-asplos-EPIC-shared-readers-B2,F1,decode,all,native_transformer,GPU,10,0.16479262294595132,0.17537416004108602,0.010581537095134713,0.71236848607232
Fugue-asplos-EPIC-shared-readers-B2,F1,decode,all,native_transformer,GPU,11,0.17537416004108602,0.18595632788169314,0.010582167840607126,0.7124031990988798
Fugue-asplos-EPIC-shared-readers-B2,F1,decode,all,native_transformer,GPU,12,0.18595632788169314,0.1965391264677727,0.010582798586079538,0.7124379121254399
Fugue-asplos-EPIC-shared-readers-B2,F1,decode,all,native_transformer,GPU,13,0.1965391264677727,0.20712255579932465,0.010583429331551951,0.7124726251519998
Fugue-asplos-EPIC-shared-readers-B2,F1,decode,all,native_transformer,GPU,14,0.20712255579932465,0.217706615876349,0.010584060077024365,0.7125080092671999
Fugue-asplos-EPIC-shared-readers-B2,F1,decode,all,native_transformer,GPU,15,0.217706615876349,0.2282913066988458,0.010584690822496778,0.71254272229376
Fugue-asplos-EPIC-shared-readers-B2,F2,prefill_common,0,qkv,GPU,0,0.0,0.00017059524923076924,0.00017059524923076924,0.02012541353984
Fugue-asplos-EPIC-shared-readers-B2,F2,prefill_attention,0,attention_service,GPU,0,0.00017059524923076924,0.002522994312007689,0.0023523990627769198,0.054869502392319996
Fugue-asplos-EPIC-shared-readers-B2,F2,prefill_common,0,proj,GPU,0,0.002522994312007689,0.002579859395084612,5.686508307692308e-05,0.0069662565990399996
Fugue-asplos-EPIC-shared-readers-B2,F2,prefill_common,0,comm_g2g,GPU,0,0.002579859395084612,0.002579859395084612,0.0,3.20339968e-05
Fugue-asplos-EPIC-shared-readers-B2,F2,prefill_common,0,norm1,GPU,0,0.002579859395084612,0.0025935881519724402,1.372875688782816e-05,0.00030125047808
Fugue-asplos-EPIC-shared-readers-B2,F2,prefill_common,0,ff1,GPU,0,0.0025935881519724402,0.0027322306402361766,0.00013864248826373626,0.018058472762026663
Fugue-asplos-EPIC-shared-readers-B2,F2,prefill_common,0,ff2,GPU,0,0.0027322306402361766,0.002870873128499913,0.00013864248826373626,0.018058472762026663
Fugue-asplos-EPIC-shared-readers-B2,F2,prefill_common,0,glu,GPU,0,0.002870873128499913,0.0028868664331152976,1.5993304615384617e-05,0.0008059630387199999
Fugue-asplos-EPIC-shared-readers-B2,F2,prefill_common,0,ff3,GPU,0,0.0028868664331152976,0.003038506654653759,0.00015164022153846154,0.018410353896106665
Fugue-asplos-EPIC-shared-readers-B2,F2,prefill_common,0,comm_g2g,GPU,0,0.003038506654653759,0.003038506654653759,0.0,3.20339968e-05
Fugue-asplos-EPIC-shared-readers-B2,F2,prefill_common,0,norm2,GPU,0,0.003038506654653759,0.003052235411541587,1.372875688782816e-05,0.00030125047808
Fugue-asplos-EPIC-shared-readers-B2,F2,prefill_common,1,qkv,GPU,0,0.003052235411541587,0.0032228306607723564,0.00017059524923076924,0.02012541353984
Fugue-asplos-EPIC-shared-readers-B2,F2,prefill_attention,1,attention_service,GPU,0,0.0032228306607723564,0.005575229723549276,0.0023523990627769198,0.054869502392319996
Fugue-asplos-EPIC-shared-readers-B2,F2,prefill_common,1,proj,GPU,0,0.005575229723549276,0.0056320948066262,5.686508307692308e-05,0.0069662565990399996
Fugue-asplos-EPIC-shared-readers-B2,F2,prefill_common,1,comm_g2g,GPU,0,0.0056320948066262,0.0056320948066262,0.0,3.20339968e-05
Fugue-asplos-EPIC-shared-readers-B2,F2,prefill_common,1,norm1,GPU,0,0.0056320948066262,0.0056458235635140274,1.372875688782816e-05,0.00030125047808
Fugue-asplos-EPIC-shared-readers-B2,F2,prefill_common,1,ff1,GPU,0,0.0056458235635140274,0.005784466051777764,0.00013864248826373626,0.018058472762026663
Fugue-asplos-EPIC-shared-readers-B2,F2,prefill_common,1,ff2,GPU,0,0.005784466051777764,0.0059231085400415,0.00013864248826373626,0.018058472762026663
Fugue-asplos-EPIC-shared-readers-B2,F2,prefill_common,1,glu,GPU,0,0.0059231085400415,0.005939101844656885,1.5993304615384617e-05,0.0008059630387199999
Fugue-asplos-EPIC-shared-readers-B2,F2,prefill_common,1,ff3,GPU,0,0.005939101844656885,0.006090742066195347,0.00015164022153846154,0.018410353896106665
Fugue-asplos-EPIC-shared-readers-B2,F2,prefill_common,1,comm_g2g,GPU,0,0.006090742066195347,0.006090742066195347,0.0,3.20339968e-05
Fugue-asplos-EPIC-shared-readers-B2,F2,prefill_common,1,norm2,GPU,0,0.006090742066195347,0.006104470823083174,1.372875688782816e-05,0.00030125047808
Fugue-asplos-EPIC-shared-readers-B2,F2,prefill_common,2,qkv,GPU,0,0.006104470823083174,0.006275066072313944,0.00017059524923076924,0.02012541353984
Fugue-asplos-EPIC-shared-readers-B2,F2,prefill_attention,2,attention_service,GPU,0,0.006275066072313944,0.008627465135090863,0.0023523990627769198,0.054869502392319996
Fugue-asplos-EPIC-shared-readers-B2,F2,prefill_common,2,proj,GPU,0,0.008627465135090863,0.008684330218167786,5.686508307692308e-05,0.0069662565990399996
Fugue-asplos-EPIC-shared-readers-B2,F2,prefill_common,2,comm_g2g,GPU,0,0.008684330218167786,0.008684330218167786,0.0,3.20339968e-05
Fugue-asplos-EPIC-shared-readers-B2,F2,prefill_common,2,norm1,GPU,0,0.008684330218167786,0.008698058975055614,1.372875688782816e-05,0.00030125047808
Fugue-asplos-EPIC-shared-readers-B2,F2,prefill_common,2,ff1,GPU,0,0.008698058975055614,0.00883670146331935,0.00013864248826373626,0.018058472762026663
Fugue-asplos-EPIC-shared-readers-B2,F2,prefill_common,2,ff2,GPU,0,0.00883670146331935,0.008975343951583087,0.00013864248826373626,0.018058472762026663
Fugue-asplos-EPIC-shared-readers-B2,F2,prefill_common,2,glu,GPU,0,0.008975343951583087,0.00899133725619847,1.5993304615384617e-05,0.0008059630387199999
Fugue-asplos-EPIC-shared-readers-B2,F2,prefill_common,2,ff3,GPU,0,0.00899133725619847,0.009142977477736932,0.00015164022153846154,0.018410353896106665
Fugue-asplos-EPIC-shared-readers-B2,F2,prefill_common,2,comm_g2g,GPU,0,0.009142977477736932,0.009142977477736932,0.0,3.20339968e-05
Fugue-asplos-EPIC-shared-readers-B2,F2,prefill_common,2,norm2,GPU,0,0.009142977477736932,0.00915670623462476,1.372875688782816e-05,0.00030125047808
Fugue-asplos-EPIC-shared-readers-B2,F2,prefill_common,3,qkv,GPU,0,0.00915670623462476,0.009327301483855528,0.00017059524923076924,0.02012541353984
Fugue-asplos-EPIC-shared-readers-B2,F2,prefill_attention,3,attention_service,GPU,0,0.009327301483855528,0.011679700546632449,0.0023523990627769198,0.054869502392319996
Fugue-asplos-EPIC-shared-readers-B2,F2,prefill_common,3,proj,GPU,0,0.011679700546632449,0.011736565629709372,5.686508307692308e-05,0.0069662565990399996
Fugue-asplos-EPIC-shared-readers-B2,F2,prefill_common,3,comm_g2g,GPU,0,0.011736565629709372,0.011736565629709372,0.0,3.20339968e-05
Fugue-asplos-EPIC-shared-readers-B2,F2,prefill_common,3,norm1,GPU,0,0.011736565629709372,0.0117502943865972,1.372875688782816e-05,0.00030125047808
Fugue-asplos-EPIC-shared-readers-B2,F2,prefill_common,3,ff1,GPU,0,0.0117502943865972,0.011888936874860936,0.00013864248826373626,0.018058472762026663
Fugue-asplos-EPIC-shared-readers-B2,F2,prefill_common,3,ff2,GPU,0,0.011888936874860936,0.012027579363124673,0.00013864248826373626,0.018058472762026663
Fugue-asplos-EPIC-shared-readers-B2,F2,prefill_common,3,glu,GPU,0,0.012027579363124673,0.012043572667740057,1.5993304615384617e-05,0.0008059630387199999
Fugue-asplos-EPIC-shared-readers-B2,F2,prefill_common,3,ff3,GPU,0,0.012043572667740057,0.012195212889278518,0.00015164022153846154,0.018410353896106665
Fugue-asplos-EPIC-shared-readers-B2,F2,prefill_common,3,comm_g2g,GPU,0,0.012195212889278518,0.012195212889278518,0.0,3.20339968e-05
Fugue-asplos-EPIC-shared-readers-B2,F2,prefill_common,3,norm2,GPU,0,0.012195212889278518,0.012208941646166345,1.372875688782816e-05,0.00030125047808
Fugue-asplos-EPIC-shared-readers-B2,F2,prefill_common,4,qkv,GPU,0,0.012208941646166345,0.012379536895397114,0.00017059524923076924,0.02012541353984
Fugue-asplos-EPIC-shared-readers-B2,F2,prefill_attention,4,attention_service,GPU,0,0.012379536895397114,0.014731935958174035,0.0023523990627769198,0.054869502392319996
Fugue-asplos-EPIC-shared-readers-B2,F2,prefill_common,4,proj,GPU,0,0.014731935958174035,0.014788801041250958,5.686508307692308e-05,0.0069662565990399996
Fugue-asplos-EPIC-shared-readers-B2,F2,prefill_common,4,comm_g2g,GPU,0,0.014788801041250958,0.014788801041250958,0.0,3.20339968e-05
Fugue-asplos-EPIC-shared-readers-B2,F2,prefill_common,4,norm1,GPU,0,0.014788801041250958,0.014802529798138786,1.372875688782816e-05,0.00030125047808
Fugue-asplos-EPIC-shared-readers-B2,F2,prefill_common,4,ff1,GPU,0,0.014802529798138786,0.014941172286402522,0.00013864248826373626,0.018058472762026663
Fugue-asplos-EPIC-shared-readers-B2,F2,prefill_common,4,ff2,GPU,0,0.014941172286402522,0.015079814774666259,0.00013864248826373626,0.018058472762026663
Fugue-asplos-EPIC-shared-readers-B2,F2,prefill_common,4,glu,GPU,0,0.015079814774666259,0.015095808079281643,1.5993304615384617e-05,0.0008059630387199999
Fugue-asplos-EPIC-shared-readers-B2,F2,prefill_common,4,ff3,GPU,0,0.015095808079281643,0.015247448300820103,0.00015164022153846154,0.018410353896106665
Fugue-asplos-EPIC-shared-readers-B2,F2,prefill_common,4,comm_g2g,GPU,0,0.015247448300820103,0.015247448300820103,0.0,3.20339968e-05
Fugue-asplos-EPIC-shared-readers-B2,F2,prefill_common,4,norm2,GPU,0,0.015247448300820103,0.015261177057707931,1.372875688782816e-05,0.00030125047808
Fugue-asplos-EPIC-shared-readers-B2,F2,prefill_common,5,qkv,GPU,0,0.015261177057707931,0.0154317723069387,0.00017059524923076924,0.02012541353984
Fugue-asplos-EPIC-shared-readers-B2,F2,prefill_attention,5,attention_service,GPU,0,0.0154317723069387,0.01778417136971562,0.0023523990627769198,0.054869502392319996
Fugue-asplos-EPIC-shared-readers-B2,F2,prefill_common,5,proj,GPU,0,0.01778417136971562,0.017841036452792544,5.686508307692308e-05,0.0069662565990399996
Fugue-asplos-EPIC-shared-readers-B2,F2,prefill_common,5,comm_g2g,GPU,0,0.017841036452792544,0.017841036452792544,0.0,3.20339968e-05
Fugue-asplos-EPIC-shared-readers-B2,F2,prefill_common,5,norm1,GPU,0,0.017841036452792544,0.017854765209680372,1.372875688782816e-05,0.00030125047808
Fugue-asplos-EPIC-shared-readers-B2,F2,prefill_common,5,ff1,GPU,0,0.017854765209680372,0.017993407697944108,0.00013864248826373626,0.018058472762026663
Fugue-asplos-EPIC-shared-readers-B2,F2,prefill_common,5,ff2,GPU,0,0.017993407697944108,0.018132050186207845,0.00013864248826373626,0.018058472762026663
Fugue-asplos-EPIC-shared-readers-B2,F2,prefill_common,5,glu,GPU,0,0.018132050186207845,0.01814804349082323,1.5993304615384617e-05,0.0008059630387199999
Fugue-asplos-EPIC-shared-readers-B2,F2,prefill_common,5,ff3,GPU,0,0.01814804349082323,0.01829968371236169,0.00015164022153846154,0.018410353896106665
Fugue-asplos-EPIC-shared-readers-B2,F2,prefill_common,5,comm_g2g,GPU,0,0.01829968371236169,0.01829968371236169,0.0,3.20339968e-05
Fugue-asplos-EPIC-shared-readers-B2,F2,prefill_common,5,norm2,GPU,0,0.01829968371236169,0.01831341246924952,1.372875688782816e-05,0.00030125047808
Fugue-asplos-EPIC-shared-readers-B2,F2,prefill_common,6,qkv,GPU,0,0.01831341246924952,0.01848400771848029,0.00017059524923076924,0.02012541353984
Fugue-asplos-EPIC-shared-readers-B2,F2,prefill_attention,6,attention_service,GPU,0,0.01848400771848029,0.02083640678125721,0.0023523990627769198,0.054869502392319996
Fugue-asplos-EPIC-shared-readers-B2,F2,prefill_common,6,proj,GPU,0,0.02083640678125721,0.020893271864334133,5.686508307692308e-05,0.0069662565990399996
Fugue-asplos-EPIC-shared-readers-B2,F2,prefill_common,6,comm_g2g,GPU,0,0.020893271864334133,0.020893271864334133,0.0,3.20339968e-05
Fugue-asplos-EPIC-shared-readers-B2,F2,prefill_common,6,norm1,GPU,0,0.020893271864334133,0.02090700062122196,1.372875688782816e-05,0.00030125047808
Fugue-asplos-EPIC-shared-readers-B2,F2,prefill_common,6,ff1,GPU,0,0.02090700062122196,0.021045643109485698,0.00013864248826373626,0.018058472762026663
Fugue-asplos-EPIC-shared-readers-B2,F2,prefill_common,6,ff2,GPU,0,0.021045643109485698,0.021184285597749434,0.00013864248826373626,0.018058472762026663
Fugue-asplos-EPIC-shared-readers-B2,F2,prefill_common,6,glu,GPU,0,0.021184285597749434,0.021200278902364818,1.5993304615384617e-05,0.0008059630387199999
Fugue-asplos-EPIC-shared-readers-B2,F2,prefill_common,6,ff3,GPU,0,0.021200278902364818,0.02135191912390328,0.00015164022153846154,0.018410353896106665
Fugue-asplos-EPIC-shared-readers-B2,F2,prefill_common,6,comm_g2g,GPU,0,0.02135191912390328,0.02135191912390328,0.0,3.20339968e-05
Fugue-asplos-EPIC-shared-readers-B2,F2,prefill_common,6,norm2,GPU,0,0.02135191912390328,0.021365647880791108,1.372875688782816e-05,0.00030125047808
Fugue-asplos-EPIC-shared-readers-B2,F2,prefill_common,7,qkv,GPU,0,0.021365647880791108,0.02153624313002188,0.00017059524923076924,0.02012541353984
Fugue-asplos-EPIC-shared-readers-B2,F2,prefill_attention,7,attention_service,GPU,0,0.02153624313002188,0.0238886421927988,0.0023523990627769198,0.054869502392319996
Fugue-asplos-EPIC-shared-readers-B2,F2,prefill_common,7,proj,GPU,0,0.0238886421927988,0.023945507275875723,5.686508307692308e-05,0.0069662565990399996
Fugue-asplos-EPIC-shared-readers-B2,F2,prefill_common,7,comm_g2g,GPU,0,0.023945507275875723,0.023945507275875723,0.0,3.20339968e-05
Fugue-asplos-EPIC-shared-readers-B2,F2,prefill_common,7,norm1,GPU,0,0.023945507275875723,0.02395923603276355,1.372875688782816e-05,0.00030125047808
Fugue-asplos-EPIC-shared-readers-B2,F2,prefill_common,7,ff1,GPU,0,0.02395923603276355,0.024097878521027287,0.00013864248826373626,0.018058472762026663
Fugue-asplos-EPIC-shared-readers-B2,F2,prefill_common,7,ff2,GPU,0,0.024097878521027287,0.024236521009291023,0.00013864248826373626,0.018058472762026663
Fugue-asplos-EPIC-shared-readers-B2,F2,prefill_common,7,glu,GPU,0,0.024236521009291023,0.024252514313906407,1.5993304615384617e-05,0.0008059630387199999
Fugue-asplos-EPIC-shared-readers-B2,F2,prefill_common,7,ff3,GPU,0,0.024252514313906407,0.02440415453544487,0.00015164022153846154,0.018410353896106665
Fugue-asplos-EPIC-shared-readers-B2,F2,prefill_common,7,comm_g2g,GPU,0,0.02440415453544487,0.02440415453544487,0.0,3.20339968e-05
Fugue-asplos-EPIC-shared-readers-B2,F2,prefill_common,7,norm2,GPU,0,0.02440415453544487,0.024417883292332698,1.372875688782816e-05,0.00030125047808
Fugue-asplos-EPIC-shared-readers-B2,F2,prefill_common,8,qkv,GPU,0,0.024417883292332698,0.024588478541563468,0.00017059524923076924,0.02012541353984
Fugue-asplos-EPIC-shared-readers-B2,F2,prefill_attention,8,attention_service,GPU,0,0.024588478541563468,0.02694087760434039,0.0023523990627769198,0.054869502392319996
Fugue-asplos-EPIC-shared-readers-B2,F2,prefill_common,8,proj,GPU,0,0.02694087760434039,0.026997742687417312,5.686508307692308e-05,0.0069662565990399996
Fugue-asplos-EPIC-shared-readers-B2,F2,prefill_common,8,comm_g2g,GPU,0,0.026997742687417312,0.026997742687417312,0.0,3.20339968e-05
Fugue-asplos-EPIC-shared-readers-B2,F2,prefill_common,8,norm1,GPU,0,0.026997742687417312,0.02701147144430514,1.372875688782816e-05,0.00030125047808
Fugue-asplos-EPIC-shared-readers-B2,F2,prefill_common,8,ff1,GPU,0,0.02701147144430514,0.027150113932568876,0.00013864248826373626,0.018058472762026663
Fugue-asplos-EPIC-shared-readers-B2,F2,prefill_common,8,ff2,GPU,0,0.027150113932568876,0.027288756420832613,0.00013864248826373626,0.018058472762026663
Fugue-asplos-EPIC-shared-readers-B2,F2,prefill_common,8,glu,GPU,0,0.027288756420832613,0.027304749725447997,1.5993304615384617e-05,0.0008059630387199999
Fugue-asplos-EPIC-shared-readers-B2,F2,prefill_common,8,ff3,GPU,0,0.027304749725447997,0.02745638994698646,0.00015164022153846154,0.018410353896106665
Fugue-asplos-EPIC-shared-readers-B2,F2,prefill_common,8,comm_g2g,GPU,0,0.02745638994698646,0.02745638994698646,0.0,3.20339968e-05
Fugue-asplos-EPIC-shared-readers-B2,F2,prefill_common,8,norm2,GPU,0,0.02745638994698646,0.027470118703874287,1.372875688782816e-05,0.00030125047808
Fugue-asplos-EPIC-shared-readers-B2,F2,prefill_common,9,qkv,GPU,0,0.027470118703874287,0.027640713953105057,0.00017059524923076924,0.02012541353984
Fugue-asplos-EPIC-shared-readers-B2,F2,prefill_attention,9,attention_service,GPU,0,0.027640713953105057,0.029993113015881978,0.0023523990627769198,0.054869502392319996
Fugue-asplos-EPIC-shared-readers-B2,F2,prefill_common,9,proj,GPU,0,0.029993113015881978,0.0300499780989589,5.686508307692308e-05,0.0069662565990399996
Fugue-asplos-EPIC-shared-readers-B2,F2,prefill_common,9,comm_g2g,GPU,0,0.0300499780989589,0.0300499780989589,0.0,3.20339968e-05
Fugue-asplos-EPIC-shared-readers-B2,F2,prefill_common,9,norm1,GPU,0,0.0300499780989589,0.03006370685584673,1.372875688782816e-05,0.00030125047808
Fugue-asplos-EPIC-shared-readers-B2,F2,prefill_common,9,ff1,GPU,0,0.03006370685584673,0.030202349344110466,0.00013864248826373626,0.018058472762026663
Fugue-asplos-EPIC-shared-readers-B2,F2,prefill_common,9,ff2,GPU,0,0.030202349344110466,0.030340991832374202,0.00013864248826373626,0.018058472762026663
Fugue-asplos-EPIC-shared-readers-B2,F2,prefill_common,9,glu,GPU,0,0.030340991832374202,0.030356985136989586,1.5993304615384617e-05,0.0008059630387199999
Fugue-asplos-EPIC-shared-readers-B2,F2,prefill_common,9,ff3,GPU,0,0.030356985136989586,0.03050862535852805,0.00015164022153846154,0.018410353896106665
Fugue-asplos-EPIC-shared-readers-B2,F2,prefill_common,9,comm_g2g,GPU,0,0.03050862535852805,0.03050862535852805,0.0,3.20339968e-05
Fugue-asplos-EPIC-shared-readers-B2,F2,prefill_common,9,norm2,GPU,0,0.03050862535852805,0.030522354115415876,1.372875688782816e-05,0.00030125047808
Fugue-asplos-EPIC-shared-readers-B2,F2,prefill_common,10,qkv,GPU,0,0.030522354115415876,0.030692949364646647,0.00017059524923076924,0.02012541353984
Fugue-asplos-EPIC-shared-readers-B2,F2,prefill_attention,10,attention_service,GPU,0,0.030692949364646647,0.033045348427423564,0.0023523990627769198,0.054869502392319996
Fugue-asplos-EPIC-shared-readers-B2,F2,prefill_common,10,proj,GPU,0,0.033045348427423564,0.03310221351050049,5.686508307692308e-05,0.0069662565990399996
Fugue-asplos-EPIC-shared-readers-B2,F2,prefill_common,10,comm_g2g,GPU,0,0.03310221351050049,0.03310221351050049,0.0,3.20339968e-05
Fugue-asplos-EPIC-shared-readers-B2,F2,prefill_common,10,norm1,GPU,0,0.03310221351050049,0.033115942267388315,1.372875688782816e-05,0.00030125047808
Fugue-asplos-EPIC-shared-readers-B2,F2,prefill_common,10,ff1,GPU,0,0.033115942267388315,0.03325458475565205,0.00013864248826373626,0.018058472762026663
Fugue-asplos-EPIC-shared-readers-B2,F2,prefill_common,10,ff2,GPU,0,0.03325458475565205,0.03339322724391579,0.00013864248826373626,0.018058472762026663
Fugue-asplos-EPIC-shared-readers-B2,F2,prefill_common,10,glu,GPU,0,0.03339322724391579,0.033409220548531175,1.5993304615384617e-05,0.0008059630387199999
Fugue-asplos-EPIC-shared-readers-B2,F2,prefill_common,10,ff3,GPU,0,0.033409220548531175,0.03356086077006964,0.00015164022153846154,0.018410353896106665
Fugue-asplos-EPIC-shared-readers-B2,F2,prefill_common,10,comm_g2g,GPU,0,0.03356086077006964,0.03356086077006964,0.0,3.20339968e-05
Fugue-asplos-EPIC-shared-readers-B2,F2,prefill_common,10,norm2,GPU,0,0.03356086077006964,0.033574589526957466,1.372875688782816e-05,0.00030125047808
Fugue-asplos-EPIC-shared-readers-B2,F2,prefill_common,11,qkv,GPU,0,0.033574589526957466,0.033745184776188236,0.00017059524923076924,0.02012541353984
Fugue-asplos-EPIC-shared-readers-B2,F2,prefill_attention,11,attention_service,GPU,0,0.033745184776188236,0.03609758383896516,0.0023523990627769198,0.054869502392319996
Fugue-asplos-EPIC-shared-readers-B2,F2,prefill_common,11,proj,GPU,0,0.03609758383896516,0.03615444892204208,5.686508307692308e-05,0.0069662565990399996
Fugue-asplos-EPIC-shared-readers-B2,F2,prefill_common,11,comm_g2g,GPU,0,0.03615444892204208,0.03615444892204208,0.0,3.20339968e-05
Fugue-asplos-EPIC-shared-readers-B2,F2,prefill_common,11,norm1,GPU,0,0.03615444892204208,0.03616817767892991,1.372875688782816e-05,0.00030125047808
Fugue-asplos-EPIC-shared-readers-B2,F2,prefill_common,11,ff1,GPU,0,0.03616817767892991,0.036306820167193644,0.00013864248826373626,0.018058472762026663
Fugue-asplos-EPIC-shared-readers-B2,F2,prefill_common,11,ff2,GPU,0,0.036306820167193644,0.03644546265545738,0.00013864248826373626,0.018058472762026663
Fugue-asplos-EPIC-shared-readers-B2,F2,prefill_common,11,glu,GPU,0,0.03644546265545738,0.03646145596007277,1.5993304615384617e-05,0.0008059630387199999
Fugue-asplos-EPIC-shared-readers-B2,F2,prefill_common,11,ff3,GPU,0,0.03646145596007277,0.03661309618161123,0.00015164022153846154,0.018410353896106665
Fugue-asplos-EPIC-shared-readers-B2,F2,prefill_common,11,comm_g2g,GPU,0,0.03661309618161123,0.03661309618161123,0.0,3.20339968e-05
Fugue-asplos-EPIC-shared-readers-B2,F2,prefill_common,11,norm2,GPU,0,0.03661309618161123,0.03662682493849906,1.372875688782816e-05,0.00030125047808
Fugue-asplos-EPIC-shared-readers-B2,F2,prefill_common,12,qkv,GPU,0,0.03662682493849906,0.03679742018772983,0.00017059524923076924,0.02012541353984
Fugue-asplos-EPIC-shared-readers-B2,F2,prefill_attention,12,attention_service,GPU,0,0.03679742018772983,0.03914981925050675,0.0023523990627769198,0.054869502392319996
Fugue-asplos-EPIC-shared-readers-B2,F2,prefill_common,12,proj,GPU,0,0.03914981925050675,0.03920668433358367,5.686508307692308e-05,0.0069662565990399996
Fugue-asplos-EPIC-shared-readers-B2,F2,prefill_common,12,comm_g2g,GPU,0,0.03920668433358367,0.03920668433358367,0.0,3.20339968e-05
Fugue-asplos-EPIC-shared-readers-B2,F2,prefill_common,12,norm1,GPU,0,0.03920668433358367,0.0392204130904715,1.372875688782816e-05,0.00030125047808
Fugue-asplos-EPIC-shared-readers-B2,F2,prefill_common,12,ff1,GPU,0,0.0392204130904715,0.03935905557873524,0.00013864248826373626,0.018058472762026663
Fugue-asplos-EPIC-shared-readers-B2,F2,prefill_common,12,ff2,GPU,0,0.03935905557873524,0.039497698066998974,0.00013864248826373626,0.018058472762026663
Fugue-asplos-EPIC-shared-readers-B2,F2,prefill_common,12,glu,GPU,0,0.039497698066998974,0.03951369137161436,1.5993304615384617e-05,0.0008059630387199999
Fugue-asplos-EPIC-shared-readers-B2,F2,prefill_common,12,ff3,GPU,0,0.03951369137161436,0.039665331593152824,0.00015164022153846154,0.018410353896106665
Fugue-asplos-EPIC-shared-readers-B2,F2,prefill_common,12,comm_g2g,GPU,0,0.039665331593152824,0.039665331593152824,0.0,3.20339968e-05
Fugue-asplos-EPIC-shared-readers-B2,F2,prefill_common,12,norm2,GPU,0,0.039665331593152824,0.03967906035004065,1.372875688782816e-05,0.00030125047808
Fugue-asplos-EPIC-shared-readers-B2,F2,prefill_common,13,qkv,GPU,0,0.03967906035004065,0.03984965559927142,0.00017059524923076924,0.02012541353984
Fugue-asplos-EPIC-shared-readers-B2,F2,prefill_attention,13,attention_service,GPU,0,0.03984965559927142,0.04220205466204834,0.0023523990627769198,0.054869502392319996
Fugue-asplos-EPIC-shared-readers-B2,F2,prefill_common,13,proj,GPU,0,0.04220205466204834,0.042258919745125266,5.686508307692308e-05,0.0069662565990399996
Fugue-asplos-EPIC-shared-readers-B2,F2,prefill_common,13,comm_g2g,GPU,0,0.042258919745125266,0.042258919745125266,0.0,3.20339968e-05
Fugue-asplos-EPIC-shared-readers-B2,F2,prefill_common,13,norm1,GPU,0,0.042258919745125266,0.042272648502013094,1.372875688782816e-05,0.00030125047808
Fugue-asplos-EPIC-shared-readers-B2,F2,prefill_common,13,ff1,GPU,0,0.042272648502013094,0.04241129099027683,0.00013864248826373626,0.018058472762026663
Fugue-asplos-EPIC-shared-readers-B2,F2,prefill_common,13,ff2,GPU,0,0.04241129099027683,0.042549933478540566,0.00013864248826373626,0.018058472762026663
Fugue-asplos-EPIC-shared-readers-B2,F2,prefill_common,13,glu,GPU,0,0.042549933478540566,0.042565926783155954,1.5993304615384617e-05,0.0008059630387199999
Fugue-asplos-EPIC-shared-readers-B2,F2,prefill_common,13,ff3,GPU,0,0.042565926783155954,0.042717567004694416,0.00015164022153846154,0.018410353896106665
Fugue-asplos-EPIC-shared-readers-B2,F2,prefill_common,13,comm_g2g,GPU,0,0.042717567004694416,0.042717567004694416,0.0,3.20339968e-05
Fugue-asplos-EPIC-shared-readers-B2,F2,prefill_common,13,norm2,GPU,0,0.042717567004694416,0.042731295761582244,1.372875688782816e-05,0.00030125047808
Fugue-asplos-EPIC-shared-readers-B2,F2,prefill_common,14,qkv,GPU,0,0.042731295761582244,0.042901891010813015,0.00017059524923076924,0.02012541353984
Fugue-asplos-EPIC-shared-readers-B2,F2,prefill_attention,14,attention_service,GPU,0,0.042901891010813015,0.045254290073589935,0.0023523990627769198,0.054869502392319996
Fugue-asplos-EPIC-shared-readers-B2,F2,prefill_common,14,proj,GPU,0,0.045254290073589935,0.04531115515666686,5.686508307692308e-05,0.0069662565990399996
Fugue-asplos-EPIC-shared-readers-B2,F2,prefill_common,14,comm_g2g,GPU,0,0.04531115515666686,0.04531115515666686,0.0,3.20339968e-05
Fugue-asplos-EPIC-shared-readers-B2,F2,prefill_common,14,norm1,GPU,0,0.04531115515666686,0.04532488391355469,1.372875688782816e-05,0.00030125047808
Fugue-asplos-EPIC-shared-readers-B2,F2,prefill_common,14,ff1,GPU,0,0.04532488391355469,0.04546352640181842,0.00013864248826373626,0.018058472762026663
Fugue-asplos-EPIC-shared-readers-B2,F2,prefill_common,14,ff2,GPU,0,0.04546352640181842,0.04560216889008216,0.00013864248826373626,0.018058472762026663
Fugue-asplos-EPIC-shared-readers-B2,F2,prefill_common,14,glu,GPU,0,0.04560216889008216,0.04561816219469755,1.5993304615384617e-05,0.0008059630387199999
Fugue-asplos-EPIC-shared-readers-B2,F2,prefill_common,14,ff3,GPU,0,0.04561816219469755,0.04576980241623601,0.00015164022153846154,0.018410353896106665
Fugue-asplos-EPIC-shared-readers-B2,F2,prefill_common,14,comm_g2g,GPU,0,0.04576980241623601,0.04576980241623601,0.0,3.20339968e-05
Fugue-asplos-EPIC-shared-readers-B2,F2,prefill_common,14,norm2,GPU,0,0.04576980241623601,0.04578353117312384,1.372875688782816e-05,0.00030125047808
Fugue-asplos-EPIC-shared-readers-B2,F2,prefill_common,15,qkv,GPU,0,0.04578353117312384,0.04595412642235461,0.00017059524923076924,0.02012541353984
Fugue-asplos-EPIC-shared-readers-B2,F2,prefill_attention,15,attention_service,GPU,0,0.04595412642235461,0.04830652548513153,0.0023523990627769198,0.054869502392319996
Fugue-asplos-EPIC-shared-readers-B2,F2,prefill_common,15,proj,GPU,0,0.04830652548513153,0.04836339056820845,5.686508307692308e-05,0.0069662565990399996
Fugue-asplos-EPIC-shared-readers-B2,F2,prefill_common,15,comm_g2g,GPU,0,0.04836339056820845,0.04836339056820845,0.0,3.20339968e-05
Fugue-asplos-EPIC-shared-readers-B2,F2,prefill_common,15,norm1,GPU,0,0.04836339056820845,0.04837711932509628,1.372875688782816e-05,0.00030125047808
Fugue-asplos-EPIC-shared-readers-B2,F2,prefill_common,15,ff1,GPU,0,0.04837711932509628,0.048515761813360016,0.00013864248826373626,0.018058472762026663
Fugue-asplos-EPIC-shared-readers-B2,F2,prefill_common,15,ff2,GPU,0,0.048515761813360016,0.04865440430162375,0.00013864248826373626,0.018058472762026663
Fugue-asplos-EPIC-shared-readers-B2,F2,prefill_common,15,glu,GPU,0,0.04865440430162375,0.04867039760623914,1.5993304615384617e-05,0.0008059630387199999
Fugue-asplos-EPIC-shared-readers-B2,F2,prefill_common,15,ff3,GPU,0,0.04867039760623914,0.0488220378277776,0.00015164022153846154,0.018410353896106665
Fugue-asplos-EPIC-shared-readers-B2,F2,prefill_common,15,comm_g2g,GPU,0,0.0488220378277776,0.0488220378277776,0.0,3.20339968e-05
Fugue-asplos-EPIC-shared-readers-B2,F2,prefill_common,15,norm2,GPU,0,0.0488220378277776,0.04883576658466543,1.372875688782816e-05,0.00030125047808
Fugue-asplos-EPIC-shared-readers-B2,F2,prefill_common,16,qkv,GPU,0,0.04883576658466543,0.0490063618338962,0.00017059524923076924,0.02012541353984
Fugue-asplos-EPIC-shared-readers-B2,F2,prefill_attention,16,attention_service,GPU,0,0.0490063618338962,0.05135876089667312,0.0023523990627769198,0.054869502392319996
Fugue-asplos-EPIC-shared-readers-B2,F2,prefill_common,16,proj,GPU,0,0.05135876089667312,0.051415625979750045,5.686508307692308e-05,0.0069662565990399996
Fugue-asplos-EPIC-shared-readers-B2,F2,prefill_common,16,comm_g2g,GPU,0,0.051415625979750045,0.051415625979750045,0.0,3.20339968e-05
Fugue-asplos-EPIC-shared-readers-B2,F2,prefill_common,16,norm1,GPU,0,0.051415625979750045,0.05142935473663787,1.372875688782816e-05,0.00030125047808
Fugue-asplos-EPIC-shared-readers-B2,F2,prefill_common,16,ff1,GPU,0,0.05142935473663787,0.05156799722490161,0.00013864248826373626,0.018058472762026663
Fugue-asplos-EPIC-shared-readers-B2,F2,prefill_common,16,ff2,GPU,0,0.05156799722490161,0.051706639713165345,0.00013864248826373626,0.018058472762026663
Fugue-asplos-EPIC-shared-readers-B2,F2,prefill_common,16,glu,GPU,0,0.051706639713165345,0.05172263301778073,1.5993304615384617e-05,0.0008059630387199999
Fugue-asplos-EPIC-shared-readers-B2,F2,prefill_common,16,ff3,GPU,0,0.05172263301778073,0.051874273239319195,0.00015164022153846154,0.018410353896106665
Fugue-asplos-EPIC-shared-readers-B2,F2,prefill_common,16,comm_g2g,GPU,0,0.051874273239319195,0.051874273239319195,0.0,3.20339968e-05
Fugue-asplos-EPIC-shared-readers-B2,F2,prefill_common,16,norm2,GPU,0,0.051874273239319195,0.05188800199620702,1.372875688782816e-05,0.00030125047808
Fugue-asplos-EPIC-shared-readers-B2,F2,prefill_common,17,qkv,GPU,0,0.05188800199620702,0.05205859724543779,0.00017059524923076924,0.02012541353984
Fugue-asplos-EPIC-shared-readers-B2,F2,prefill_attention,17,attention_service,GPU,0,0.05205859724543779,0.054410996308214714,0.0023523990627769198,0.054869502392319996
Fugue-asplos-EPIC-shared-readers-B2,F2,prefill_common,17,proj,GPU,0,0.054410996308214714,0.05446786139129164,5.686508307692308e-05,0.0069662565990399996
Fugue-asplos-EPIC-shared-readers-B2,F2,prefill_common,17,comm_g2g,GPU,0,0.05446786139129164,0.05446786139129164,0.0,3.20339968e-05
Fugue-asplos-EPIC-shared-readers-B2,F2,prefill_common,17,norm1,GPU,0,0.05446786139129164,0.054481590148179465,1.372875688782816e-05,0.00030125047808
Fugue-asplos-EPIC-shared-readers-B2,F2,prefill_common,17,ff1,GPU,0,0.054481590148179465,0.0546202326364432,0.00013864248826373626,0.018058472762026663
Fugue-asplos-EPIC-shared-readers-B2,F2,prefill_common,17,ff2,GPU,0,0.0546202326364432,0.05475887512470694,0.00013864248826373626,0.018058472762026663
Fugue-asplos-EPIC-shared-readers-B2,F2,prefill_common,17,glu,GPU,0,0.05475887512470694,0.054774868429322325,1.5993304615384617e-05,0.0008059630387199999
Fugue-asplos-EPIC-shared-readers-B2,F2,prefill_common,17,ff3,GPU,0,0.054774868429322325,0.05492650865086079,0.00015164022153846154,0.018410353896106665
Fugue-asplos-EPIC-shared-readers-B2,F2,prefill_common,17,comm_g2g,GPU,0,0.05492650865086079,0.05492650865086079,0.0,3.20339968e-05
Fugue-asplos-EPIC-shared-readers-B2,F2,prefill_common,17,norm2,GPU,0,0.05492650865086079,0.054940237407748616,1.372875688782816e-05,0.00030125047808
Fugue-asplos-EPIC-shared-readers-B2,F2,prefill_common,18,qkv,GPU,0,0.054940237407748616,0.055110832656979386,0.00017059524923076924,0.02012541353984
Fugue-asplos-EPIC-shared-readers-B2,F2,prefill_attention,18,attention_service,GPU,0,0.055110832656979386,0.05746323171975631,0.0023523990627769198,0.054869502392319996
Fugue-asplos-EPIC-shared-readers-B2,F2,prefill_common,18,proj,GPU,0,0.05746323171975631,0.05752009680283323,5.686508307692308e-05,0.0069662565990399996
Fugue-asplos-EPIC-shared-readers-B2,F2,prefill_common,18,comm_g2g,GPU,0,0.05752009680283323,0.05752009680283323,0.0,3.20339968e-05
Fugue-asplos-EPIC-shared-readers-B2,F2,prefill_common,18,norm1,GPU,0,0.05752009680283323,0.05753382555972106,1.372875688782816e-05,0.00030125047808
Fugue-asplos-EPIC-shared-readers-B2,F2,prefill_common,18,ff1,GPU,0,0.05753382555972106,0.057672468047984794,0.00013864248826373626,0.018058472762026663
Fugue-asplos-EPIC-shared-readers-B2,F2,prefill_common,18,ff2,GPU,0,0.057672468047984794,0.05781111053624853,0.00013864248826373626,0.018058472762026663
Fugue-asplos-EPIC-shared-readers-B2,F2,prefill_common,18,glu,GPU,0,0.05781111053624853,0.05782710384086392,1.5993304615384617e-05,0.0008059630387199999
Fugue-asplos-EPIC-shared-readers-B2,F2,prefill_common,18,ff3,GPU,0,0.05782710384086392,0.05797874406240238,0.00015164022153846154,0.018410353896106665
Fugue-asplos-EPIC-shared-readers-B2,F2,prefill_common,18,comm_g2g,GPU,0,0.05797874406240238,0.05797874406240238,0.0,3.20339968e-05
Fugue-asplos-EPIC-shared-readers-B2,F2,prefill_common,18,norm2,GPU,0,0.05797874406240238,0.05799247281929021,1.372875688782816e-05,0.00030125047808
Fugue-asplos-EPIC-shared-readers-B2,F2,prefill_common,19,qkv,GPU,0,0.05799247281929021,0.05816306806852098,0.00017059524923076924,0.02012541353984
Fugue-asplos-EPIC-shared-readers-B2,F2,prefill_attention,19,attention_service,GPU,0,0.05816306806852098,0.0605154671312979,0.0023523990627769198,0.054869502392319996
Fugue-asplos-EPIC-shared-readers-B2,F2,prefill_common,19,proj,GPU,0,0.0605154671312979,0.06057233221437482,5.686508307692308e-05,0.0069662565990399996
Fugue-asplos-EPIC-shared-readers-B2,F2,prefill_common,19,comm_g2g,GPU,0,0.06057233221437482,0.06057233221437482,0.0,3.20339968e-05
Fugue-asplos-EPIC-shared-readers-B2,F2,prefill_common,19,norm1,GPU,0,0.06057233221437482,0.06058606097126265,1.372875688782816e-05,0.00030125047808
Fugue-asplos-EPIC-shared-readers-B2,F2,prefill_common,19,ff1,GPU,0,0.06058606097126265,0.06072470345952639,0.00013864248826373626,0.018058472762026663
Fugue-asplos-EPIC-shared-readers-B2,F2,prefill_common,19,ff2,GPU,0,0.06072470345952639,0.06086334594779012,0.00013864248826373626,0.018058472762026663
Fugue-asplos-EPIC-shared-readers-B2,F2,prefill_common,19,glu,GPU,0,0.06086334594779012,0.06087933925240551,1.5993304615384617e-05,0.0008059630387199999
Fugue-asplos-EPIC-shared-readers-B2,F2,prefill_common,19,ff3,GPU,0,0.06087933925240551,0.06103097947394397,0.00015164022153846154,0.018410353896106665
Fugue-asplos-EPIC-shared-readers-B2,F2,prefill_common,19,comm_g2g,GPU,0,0.06103097947394397,0.06103097947394397,0.0,3.20339968e-05
Fugue-asplos-EPIC-shared-readers-B2,F2,prefill_common,19,norm2,GPU,0,0.06103097947394397,0.0610447082308318,1.372875688782816e-05,0.00030125047808
Fugue-asplos-EPIC-shared-readers-B2,F2,prefill_common,20,qkv,GPU,0,0.0610447082308318,0.06121530348006257,0.00017059524923076924,0.02012541353984
Fugue-asplos-EPIC-shared-readers-B2,F2,prefill_attention,20,attention_service,GPU,0,0.06121530348006257,0.06356770254283949,0.0023523990627769198,0.054869502392319996
Fugue-asplos-EPIC-shared-readers-B2,F2,prefill_common,20,proj,GPU,0,0.06356770254283949,0.06362456762591641,5.686508307692308e-05,0.0069662565990399996
Fugue-asplos-EPIC-shared-readers-B2,F2,prefill_common,20,comm_g2g,GPU,0,0.06362456762591641,0.06362456762591641,0.0,3.20339968e-05
Fugue-asplos-EPIC-shared-readers-B2,F2,prefill_common,20,norm1,GPU,0,0.06362456762591641,0.06363829638280424,1.372875688782816e-05,0.00030125047808
Fugue-asplos-EPIC-shared-readers-B2,F2,prefill_common,20,ff1,GPU,0,0.06363829638280424,0.06377693887106797,0.00013864248826373626,0.018058472762026663
Fugue-asplos-EPIC-shared-readers-B2,F2,prefill_common,20,ff2,GPU,0,0.06377693887106797,0.0639155813593317,0.00013864248826373626,0.018058472762026663
Fugue-asplos-EPIC-shared-readers-B2,F2,prefill_common,20,glu,GPU,0,0.0639155813593317,0.06393157466394708,1.5993304615384617e-05,0.0008059630387199999
Fugue-asplos-EPIC-shared-readers-B2,F2,prefill_common,20,ff3,GPU,0,0.06393157466394708,0.06408321488548555,0.00015164022153846154,0.018410353896106665
Fugue-asplos-EPIC-shared-readers-B2,F2,prefill_common,20,comm_g2g,GPU,0,0.06408321488548555,0.06408321488548555,0.0,3.20339968e-05
Fugue-asplos-EPIC-shared-readers-B2,F2,prefill_common,20,norm2,GPU,0,0.06408321488548555,0.06409694364237338,1.372875688782816e-05,0.00030125047808
Fugue-asplos-EPIC-shared-readers-B2,F2,prefill_common,21,qkv,GPU,0,0.06409694364237338,0.06426753889160415,0.00017059524923076924,0.02012541353984
Fugue-asplos-EPIC-shared-readers-B2,F2,prefill_attention,21,attention_service,GPU,0,0.06426753889160415,0.06661993795438106,0.0023523990627769198,0.054869502392319996
Fugue-asplos-EPIC-shared-readers-B2,F2,prefill_common,21,proj,GPU,0,0.06661993795438106,0.06667680303745799,5.686508307692308e-05,0.0069662565990399996
Fugue-asplos-EPIC-shared-readers-B2,F2,prefill_common,21,comm_g2g,GPU,0,0.06667680303745799,0.06667680303745799,0.0,3.20339968e-05
Fugue-asplos-EPIC-shared-readers-B2,F2,prefill_common,21,norm1,GPU,0,0.06667680303745799,0.06669053179434582,1.372875688782816e-05,0.00030125047808
Fugue-asplos-EPIC-shared-readers-B2,F2,prefill_common,21,ff1,GPU,0,0.06669053179434582,0.06682917428260955,0.00013864248826373626,0.018058472762026663
Fugue-asplos-EPIC-shared-readers-B2,F2,prefill_common,21,ff2,GPU,0,0.06682917428260955,0.06696781677087328,0.00013864248826373626,0.018058472762026663
Fugue-asplos-EPIC-shared-readers-B2,F2,prefill_common,21,glu,GPU,0,0.06696781677087328,0.06698381007548866,1.5993304615384617e-05,0.0008059630387199999
Fugue-asplos-EPIC-shared-readers-B2,F2,prefill_common,21,ff3,GPU,0,0.06698381007548866,0.06713545029702712,0.00015164022153846154,0.018410353896106665
Fugue-asplos-EPIC-shared-readers-B2,F2,prefill_common,21,comm_g2g,GPU,0,0.06713545029702712,0.06713545029702712,0.0,3.20339968e-05
Fugue-asplos-EPIC-shared-readers-B2,F2,prefill_common,21,norm2,GPU,0,0.06713545029702712,0.06714917905391496,1.372875688782816e-05,0.00030125047808
Fugue-asplos-EPIC-shared-readers-B2,F2,prefill_common,22,qkv,GPU,0,0.06714917905391496,0.06731977430314573,0.00017059524923076924,0.02012541353984
Fugue-asplos-EPIC-shared-readers-B2,F2,prefill_attention,22,attention_service,GPU,0,0.06731977430314573,0.06967217336592264,0.0023523990627769198,0.054869502392319996
Fugue-asplos-EPIC-shared-readers-B2,F2,prefill_common,22,proj,GPU,0,0.06967217336592264,0.06972903844899957,5.686508307692308e-05,0.0069662565990399996
Fugue-asplos-EPIC-shared-readers-B2,F2,prefill_common,22,comm_g2g,GPU,0,0.06972903844899957,0.06972903844899957,0.0,3.20339968e-05
Fugue-asplos-EPIC-shared-readers-B2,F2,prefill_common,22,norm1,GPU,0,0.06972903844899957,0.0697427672058874,1.372875688782816e-05,0.00030125047808
Fugue-asplos-EPIC-shared-readers-B2,F2,prefill_common,22,ff1,GPU,0,0.0697427672058874,0.06988140969415113,0.00013864248826373626,0.018058472762026663
Fugue-asplos-EPIC-shared-readers-B2,F2,prefill_common,22,ff2,GPU,0,0.06988140969415113,0.07002005218241486,0.00013864248826373626,0.018058472762026663
Fugue-asplos-EPIC-shared-readers-B2,F2,prefill_common,22,glu,GPU,0,0.07002005218241486,0.07003604548703024,1.5993304615384617e-05,0.0008059630387199999
Fugue-asplos-EPIC-shared-readers-B2,F2,prefill_common,22,ff3,GPU,0,0.07003604548703024,0.0701876857085687,0.00015164022153846154,0.018410353896106665
Fugue-asplos-EPIC-shared-readers-B2,F2,prefill_common,22,comm_g2g,GPU,0,0.0701876857085687,0.0701876857085687,0.0,3.20339968e-05
Fugue-asplos-EPIC-shared-readers-B2,F2,prefill_common,22,norm2,GPU,0,0.0701876857085687,0.07020141446545654,1.372875688782816e-05,0.00030125047808
Fugue-asplos-EPIC-shared-readers-B2,F2,prefill_common,23,qkv,GPU,0,0.07020141446545654,0.07037200971468731,0.00017059524923076924,0.02012541353984
Fugue-asplos-EPIC-shared-readers-B2,F2,prefill_attention,23,attention_service,GPU,0,0.07037200971468731,0.07272440877746422,0.0023523990627769198,0.054869502392319996
Fugue-asplos-EPIC-shared-readers-B2,F2,prefill_common,23,proj,GPU,0,0.07272440877746422,0.07278127386054115,5.686508307692308e-05,0.0069662565990399996
Fugue-asplos-EPIC-shared-readers-B2,F2,prefill_common,23,comm_g2g,GPU,0,0.07278127386054115,0.07278127386054115,0.0,3.20339968e-05
Fugue-asplos-EPIC-shared-readers-B2,F2,prefill_common,23,norm1,GPU,0,0.07278127386054115,0.07279500261742898,1.372875688782816e-05,0.00030125047808
Fugue-asplos-EPIC-shared-readers-B2,F2,prefill_common,23,ff1,GPU,0,0.07279500261742898,0.07293364510569271,0.00013864248826373626,0.018058472762026663
Fugue-asplos-EPIC-shared-readers-B2,F2,prefill_common,23,ff2,GPU,0,0.07293364510569271,0.07307228759395644,0.00013864248826373626,0.018058472762026663
Fugue-asplos-EPIC-shared-readers-B2,F2,prefill_common,23,glu,GPU,0,0.07307228759395644,0.07308828089857182,1.5993304615384617e-05,0.0008059630387199999
Fugue-asplos-EPIC-shared-readers-B2,F2,prefill_common,23,ff3,GPU,0,0.07308828089857182,0.07323992112011028,0.00015164022153846154,0.018410353896106665
Fugue-asplos-EPIC-shared-readers-B2,F2,prefill_common,23,comm_g2g,GPU,0,0.07323992112011028,0.07323992112011028,0.0,3.20339968e-05
Fugue-asplos-EPIC-shared-readers-B2,F2,prefill_common,23,norm2,GPU,0,0.07323992112011028,0.07325364987699812,1.372875688782816e-05,0.00030125047808
Fugue-asplos-EPIC-shared-readers-B2,F2,prefill_common,24,qkv,GPU,0,0.07325364987699812,0.07342424512622889,0.00017059524923076924,0.02012541353984
Fugue-asplos-EPIC-shared-readers-B2,F2,prefill_attention,24,attention_service,GPU,0,0.07342424512622889,0.0757766441890058,0.0023523990627769198,0.054869502392319996
Fugue-asplos-EPIC-shared-readers-B2,F2,prefill_common,24,proj,GPU,0,0.0757766441890058,0.07583350927208272,5.686508307692308e-05,0.0069662565990399996
Fugue-asplos-EPIC-shared-readers-B2,F2,prefill_common,24,comm_g2g,GPU,0,0.07583350927208272,0.07583350927208272,0.0,3.20339968e-05
Fugue-asplos-EPIC-shared-readers-B2,F2,prefill_common,24,norm1,GPU,0,0.07583350927208272,0.07584723802897056,1.372875688782816e-05,0.00030125047808
Fugue-asplos-EPIC-shared-readers-B2,F2,prefill_common,24,ff1,GPU,0,0.07584723802897056,0.07598588051723429,0.00013864248826373626,0.018058472762026663
Fugue-asplos-EPIC-shared-readers-B2,F2,prefill_common,24,ff2,GPU,0,0.07598588051723429,0.07612452300549802,0.00013864248826373626,0.018058472762026663
Fugue-asplos-EPIC-shared-readers-B2,F2,prefill_common,24,glu,GPU,0,0.07612452300549802,0.0761405163101134,1.5993304615384617e-05,0.0008059630387199999
Fugue-asplos-EPIC-shared-readers-B2,F2,prefill_common,24,ff3,GPU,0,0.0761405163101134,0.07629215653165186,0.00015164022153846154,0.018410353896106665
Fugue-asplos-EPIC-shared-readers-B2,F2,prefill_common,24,comm_g2g,GPU,0,0.07629215653165186,0.07629215653165186,0.0,3.20339968e-05
Fugue-asplos-EPIC-shared-readers-B2,F2,prefill_common,24,norm2,GPU,0,0.07629215653165186,0.0763058852885397,1.372875688782816e-05,0.00030125047808
Fugue-asplos-EPIC-shared-readers-B2,F2,prefill_common,25,qkv,GPU,0,0.0763058852885397,0.07647648053777047,0.00017059524923076924,0.02012541353984
Fugue-asplos-EPIC-shared-readers-B2,F2,prefill_attention,25,attention_service,GPU,0,0.07647648053777047,0.07882887960054738,0.0023523990627769198,0.054869502392319996
Fugue-asplos-EPIC-shared-readers-B2,F2,prefill_common,25,proj,GPU,0,0.07882887960054738,0.0788857446836243,5.686508307692308e-05,0.0069662565990399996
Fugue-asplos-EPIC-shared-readers-B2,F2,prefill_common,25,comm_g2g,GPU,0,0.0788857446836243,0.0788857446836243,0.0,3.20339968e-05
Fugue-asplos-EPIC-shared-readers-B2,F2,prefill_common,25,norm1,GPU,0,0.0788857446836243,0.07889947344051214,1.372875688782816e-05,0.00030125047808
Fugue-asplos-EPIC-shared-readers-B2,F2,prefill_common,25,ff1,GPU,0,0.07889947344051214,0.07903811592877587,0.00013864248826373626,0.018058472762026663
Fugue-asplos-EPIC-shared-readers-B2,F2,prefill_common,25,ff2,GPU,0,0.07903811592877587,0.0791767584170396,0.00013864248826373626,0.018058472762026663
Fugue-asplos-EPIC-shared-readers-B2,F2,prefill_common,25,glu,GPU,0,0.0791767584170396,0.07919275172165498,1.5993304615384617e-05,0.0008059630387199999
Fugue-asplos-EPIC-shared-readers-B2,F2,prefill_common,25,ff3,GPU,0,0.07919275172165498,0.07934439194319344,0.00015164022153846154,0.018410353896106665
Fugue-asplos-EPIC-shared-readers-B2,F2,prefill_common,25,comm_g2g,GPU,0,0.07934439194319344,0.07934439194319344,0.0,3.20339968e-05
Fugue-asplos-EPIC-shared-readers-B2,F2,prefill_common,25,norm2,GPU,0,0.07934439194319344,0.07935812070008127,1.372875688782816e-05,0.00030125047808
Fugue-asplos-EPIC-shared-readers-B2,F2,prefill_common,26,qkv,GPU,0,0.07935812070008127,0.07952871594931205,0.00017059524923076924,0.02012541353984
Fugue-asplos-EPIC-shared-readers-B2,F2,prefill_attention,26,attention_service,GPU,0,0.07952871594931205,0.08188111501208896,0.0023523990627769198,0.054869502392319996
Fugue-asplos-EPIC-shared-readers-B2,F2,prefill_common,26,proj,GPU,0,0.08188111501208896,0.08193798009516588,5.686508307692308e-05,0.0069662565990399996
Fugue-asplos-EPIC-shared-readers-B2,F2,prefill_common,26,comm_g2g,GPU,0,0.08193798009516588,0.08193798009516588,0.0,3.20339968e-05
Fugue-asplos-EPIC-shared-readers-B2,F2,prefill_common,26,norm1,GPU,0,0.08193798009516588,0.08195170885205372,1.372875688782816e-05,0.00030125047808
Fugue-asplos-EPIC-shared-readers-B2,F2,prefill_common,26,ff1,GPU,0,0.08195170885205372,0.08209035134031745,0.00013864248826373626,0.018058472762026663
Fugue-asplos-EPIC-shared-readers-B2,F2,prefill_common,26,ff2,GPU,0,0.08209035134031745,0.08222899382858118,0.00013864248826373626,0.018058472762026663
Fugue-asplos-EPIC-shared-readers-B2,F2,prefill_common,26,glu,GPU,0,0.08222899382858118,0.08224498713319656,1.5993304615384617e-05,0.0008059630387199999
Fugue-asplos-EPIC-shared-readers-B2,F2,prefill_common,26,ff3,GPU,0,0.08224498713319656,0.08239662735473502,0.00015164022153846154,0.018410353896106665
Fugue-asplos-EPIC-shared-readers-B2,F2,prefill_common,26,comm_g2g,GPU,0,0.08239662735473502,0.08239662735473502,0.0,3.20339968e-05
Fugue-asplos-EPIC-shared-readers-B2,F2,prefill_common,26,norm2,GPU,0,0.08239662735473502,0.08241035611162285,1.372875688782816e-05,0.00030125047808
Fugue-asplos-EPIC-shared-readers-B2,F2,prefill_common,27,qkv,GPU,0,0.08241035611162285,0.08258095136085362,0.00017059524923076924,0.02012541353984
Fugue-asplos-EPIC-shared-readers-B2,F2,prefill_attention,27,attention_service,GPU,0,0.08258095136085362,0.08493335042363054,0.0023523990627769198,0.054869502392319996
Fugue-asplos-EPIC-shared-readers-B2,F2,prefill_common,27,proj,GPU,0,0.08493335042363054,0.08499021550670746,5.686508307692308e-05,0.0069662565990399996
Fugue-asplos-EPIC-shared-readers-B2,F2,prefill_common,27,comm_g2g,GPU,0,0.08499021550670746,0.08499021550670746,0.0,3.20339968e-05
Fugue-asplos-EPIC-shared-readers-B2,F2,prefill_common,27,norm1,GPU,0,0.08499021550670746,0.0850039442635953,1.372875688782816e-05,0.00030125047808
Fugue-asplos-EPIC-shared-readers-B2,F2,prefill_common,27,ff1,GPU,0,0.0850039442635953,0.08514258675185903,0.00013864248826373626,0.018058472762026663
Fugue-asplos-EPIC-shared-readers-B2,F2,prefill_common,27,ff2,GPU,0,0.08514258675185903,0.08528122924012276,0.00013864248826373626,0.018058472762026663
Fugue-asplos-EPIC-shared-readers-B2,F2,prefill_common,27,glu,GPU,0,0.08528122924012276,0.08529722254473814,1.5993304615384617e-05,0.0008059630387199999
Fugue-asplos-EPIC-shared-readers-B2,F2,prefill_common,27,ff3,GPU,0,0.08529722254473814,0.0854488627662766,0.00015164022153846154,0.018410353896106665
Fugue-asplos-EPIC-shared-readers-B2,F2,prefill_common,27,comm_g2g,GPU,0,0.0854488627662766,0.0854488627662766,0.0,3.20339968e-05
Fugue-asplos-EPIC-shared-readers-B2,F2,prefill_common,27,norm2,GPU,0,0.0854488627662766,0.08546259152316443,1.372875688782816e-05,0.00030125047808
Fugue-asplos-EPIC-shared-readers-B2,F2,prefill_common,28,qkv,GPU,0,0.08546259152316443,0.0856331867723952,0.00017059524923076924,0.02012541353984
Fugue-asplos-EPIC-shared-readers-B2,F2,prefill_attention,28,attention_service,GPU,0,0.0856331867723952,0.08798558583517212,0.0023523990627769198,0.054869502392319996
Fugue-asplos-EPIC-shared-readers-B2,F2,prefill_common,28,proj,GPU,0,0.08798558583517212,0.08804245091824904,5.686508307692308e-05,0.0069662565990399996
Fugue-asplos-EPIC-shared-readers-B2,F2,prefill_common,28,comm_g2g,GPU,0,0.08804245091824904,0.08804245091824904,0.0,3.20339968e-05
Fugue-asplos-EPIC-shared-readers-B2,F2,prefill_common,28,norm1,GPU,0,0.08804245091824904,0.08805617967513688,1.372875688782816e-05,0.00030125047808
Fugue-asplos-EPIC-shared-readers-B2,F2,prefill_common,28,ff1,GPU,0,0.08805617967513688,0.0881948221634006,0.00013864248826373626,0.018058472762026663
Fugue-asplos-EPIC-shared-readers-B2,F2,prefill_common,28,ff2,GPU,0,0.0881948221634006,0.08833346465166433,0.00013864248826373626,0.018058472762026663
Fugue-asplos-EPIC-shared-readers-B2,F2,prefill_common,28,glu,GPU,0,0.08833346465166433,0.08834945795627971,1.5993304615384617e-05,0.0008059630387199999
Fugue-asplos-EPIC-shared-readers-B2,F2,prefill_common,28,ff3,GPU,0,0.08834945795627971,0.08850109817781818,0.00015164022153846154,0.018410353896106665
Fugue-asplos-EPIC-shared-readers-B2,F2,prefill_common,28,comm_g2g,GPU,0,0.08850109817781818,0.08850109817781818,0.0,3.20339968e-05
Fugue-asplos-EPIC-shared-readers-B2,F2,prefill_common,28,norm2,GPU,0,0.08850109817781818,0.08851482693470601,1.372875688782816e-05,0.00030125047808
Fugue-asplos-EPIC-shared-readers-B2,F2,prefill_common,29,qkv,GPU,0,0.08851482693470601,0.08868542218393678,0.00017059524923076924,0.02012541353984
Fugue-asplos-EPIC-shared-readers-B2,F2,prefill_attention,29,attention_service,GPU,0,0.08868542218393678,0.0910378212467137,0.0023523990627769198,0.054869502392319996
Fugue-asplos-EPIC-shared-readers-B2,F2,prefill_common,29,proj,GPU,0,0.0910378212467137,0.09109468632979062,5.686508307692308e-05,0.0069662565990399996
Fugue-asplos-EPIC-shared-readers-B2,F2,prefill_common,29,comm_g2g,GPU,0,0.09109468632979062,0.09109468632979062,0.0,3.20339968e-05
Fugue-asplos-EPIC-shared-readers-B2,F2,prefill_common,29,norm1,GPU,0,0.09109468632979062,0.09110841508667845,1.372875688782816e-05,0.00030125047808
Fugue-asplos-EPIC-shared-readers-B2,F2,prefill_common,29,ff1,GPU,0,0.09110841508667845,0.09124705757494218,0.00013864248826373626,0.018058472762026663
Fugue-asplos-EPIC-shared-readers-B2,F2,prefill_common,29,ff2,GPU,0,0.09124705757494218,0.09138570006320591,0.00013864248826373626,0.018058472762026663
Fugue-asplos-EPIC-shared-readers-B2,F2,prefill_common,29,glu,GPU,0,0.09138570006320591,0.0914016933678213,1.5993304615384617e-05,0.0008059630387199999
Fugue-asplos-EPIC-shared-readers-B2,F2,prefill_common,29,ff3,GPU,0,0.0914016933678213,0.09155333358935976,0.00015164022153846154,0.018410353896106665
Fugue-asplos-EPIC-shared-readers-B2,F2,prefill_common,29,comm_g2g,GPU,0,0.09155333358935976,0.09155333358935976,0.0,3.20339968e-05
Fugue-asplos-EPIC-shared-readers-B2,F2,prefill_common,29,norm2,GPU,0,0.09155333358935976,0.09156706234624759,1.372875688782816e-05,0.00030125047808
Fugue-asplos-EPIC-shared-readers-B2,F2,prefill_common,30,qkv,GPU,0,0.09156706234624759,0.09173765759547836,0.00017059524923076924,0.02012541353984
Fugue-asplos-EPIC-shared-readers-B2,F2,prefill_attention,30,attention_service,GPU,0,0.09173765759547836,0.09409005665825527,0.0023523990627769198,0.054869502392319996
Fugue-asplos-EPIC-shared-readers-B2,F2,prefill_common,30,proj,GPU,0,0.09409005665825527,0.0941469217413322,5.686508307692308e-05,0.0069662565990399996
Fugue-asplos-EPIC-shared-readers-B2,F2,prefill_common,30,comm_g2g,GPU,0,0.0941469217413322,0.0941469217413322,0.0,3.20339968e-05
Fugue-asplos-EPIC-shared-readers-B2,F2,prefill_common,30,norm1,GPU,0,0.0941469217413322,0.09416065049822003,1.372875688782816e-05,0.00030125047808
Fugue-asplos-EPIC-shared-readers-B2,F2,prefill_common,30,ff1,GPU,0,0.09416065049822003,0.09429929298648376,0.00013864248826373626,0.018058472762026663
Fugue-asplos-EPIC-shared-readers-B2,F2,prefill_common,30,ff2,GPU,0,0.09429929298648376,0.09443793547474749,0.00013864248826373626,0.018058472762026663
Fugue-asplos-EPIC-shared-readers-B2,F2,prefill_common,30,glu,GPU,0,0.09443793547474749,0.09445392877936287,1.5993304615384617e-05,0.0008059630387199999
Fugue-asplos-EPIC-shared-readers-B2,F2,prefill_common,30,ff3,GPU,0,0.09445392877936287,0.09460556900090134,0.00015164022153846154,0.018410353896106665
Fugue-asplos-EPIC-shared-readers-B2,F2,prefill_common,30,comm_g2g,GPU,0,0.09460556900090134,0.09460556900090134,0.0,3.20339968e-05
Fugue-asplos-EPIC-shared-readers-B2,F2,prefill_common,30,norm2,GPU,0,0.09460556900090134,0.09461929775778917,1.372875688782816e-05,0.00030125047808
Fugue-asplos-EPIC-shared-readers-B2,F2,prefill_common,31,qkv,GPU,0,0.09461929775778917,0.09478989300701994,0.00017059524923076924,0.02012541353984
Fugue-asplos-EPIC-shared-readers-B2,F2,prefill_attention,31,attention_service,GPU,0,0.09478989300701994,0.09714229206979685,0.0023523990627769198,0.054869502392319996
Fugue-asplos-EPIC-shared-readers-B2,F2,prefill_common,31,proj,GPU,0,0.09714229206979685,0.09719915715287378,5.686508307692308e-05,0.0069662565990399996
Fugue-asplos-EPIC-shared-readers-B2,F2,prefill_common,31,comm_g2g,GPU,0,0.09719915715287378,0.09719915715287378,0.0,3.20339968e-05
Fugue-asplos-EPIC-shared-readers-B2,F2,prefill_common,31,norm1,GPU,0,0.09719915715287378,0.09721288590976161,1.372875688782816e-05,0.00030125047808
Fugue-asplos-EPIC-shared-readers-B2,F2,prefill_common,31,ff1,GPU,0,0.09721288590976161,0.09735152839802534,0.00013864248826373626,0.018058472762026663
Fugue-asplos-EPIC-shared-readers-B2,F2,prefill_common,31,ff2,GPU,0,0.09735152839802534,0.09749017088628907,0.00013864248826373626,0.018058472762026663
Fugue-asplos-EPIC-shared-readers-B2,F2,prefill_common,31,glu,GPU,0,0.09749017088628907,0.09750616419090445,1.5993304615384617e-05,0.0008059630387199999
Fugue-asplos-EPIC-shared-readers-B2,F2,prefill_common,31,ff3,GPU,0,0.09750616419090445,0.09765780441244291,0.00015164022153846154,0.018410353896106665
Fugue-asplos-EPIC-shared-readers-B2,F2,prefill_common,31,comm_g2g,GPU,0,0.09765780441244291,0.09765780441244291,0.0,3.20339968e-05
Fugue-asplos-EPIC-shared-readers-B2,F2,prefill_common,31,norm2,GPU,0,0.09765780441244291,0.09767153316933075,1.372875688782816e-05,0.00030125047808
Fugue-asplos-EPIC-shared-readers-B2,F2,decode,all,native_transformer,GPU+PIM,1,0.09767153316933075,0.10358258057453781,0.00591104740520706,0.47123118557102084
Fugue-asplos-EPIC-shared-readers-B2,F2,decode,all,native_transformer,GPU+PIM,2,0.10358258057453781,0.10949362797974488,0.00591104740520706,0.47123127112335367
Fugue-asplos-EPIC-shared-readers-B2,F2,decode,all,native_transformer,GPU+PIM,3,0.10949362797974488,0.11540467538495194,0.00591104740520706,0.4712313566756865
Fugue-asplos-EPIC-shared-readers-B2,F2,decode,all,native_transformer,GPU+PIM,4,0.11540467538495194,0.12131572279015901,0.00591104740520706,0.47123144222801927
Fugue-asplos-EPIC-shared-readers-B2,F2,decode,all,native_transformer,GPU+PIM,5,0.12131572279015901,0.12722677019536607,0.00591104740520706,0.4712315277803521
Fugue-asplos-EPIC-shared-readers-B2,F2,decode,all,native_transformer,GPU+PIM,6,0.12722677019536607,0.13313781760057314,0.00591104740520706,0.4712316133326849
Fugue-asplos-EPIC-shared-readers-B2,F2,decode,all,native_transformer,GPU+PIM,7,0.13313781760057314,0.1390488650057802,0.00591104740520706,0.4712316988850177
Fugue-asplos-EPIC-shared-readers-B2,F2,decode,all,native_transformer,GPU+PIM,8,0.1390488650057802,0.14495991241098727,0.00591104740520706,0.4712317844373505
Fugue-asplos-EPIC-shared-readers-B2,F2,decode,all,native_transformer,GPU+PIM,9,0.14495991241098727,0.15087095981619433,0.00591104740520706,0.4712318699896833
Fugue-asplos-EPIC-shared-readers-B2,F2,decode,all,native_transformer,GPU+PIM,10,0.15087095981619433,0.1567820072214014,0.00591104740520706,0.4712319555420161
Fugue-asplos-EPIC-shared-readers-B2,F2,decode,all,native_transformer,GPU+PIM,11,0.1567820072214014,0.16269305462660846,0.00591104740520706,0.4712320410943489
Fugue-asplos-EPIC-shared-readers-B2,F2,decode,all,native_transformer,GPU+PIM,12,0.16269305462660846,0.16860410203181553,0.00591104740520706,0.4712321266466817
Fugue-asplos-EPIC-shared-readers-B2,F2,decode,all,native_transformer,GPU+PIM,13,0.16860410203181553,0.1745151494370226,0.00591104740520706,0.47123221219901446
Fugue-asplos-EPIC-shared-readers-B2,F2,decode,all,native_transformer,GPU+PIM,14,0.1745151494370226,0.18042678743422966,0.00591163799720706,0.4713072709353473
Fugue-asplos-EPIC-shared-readers-B2,F2,decode,all,native_transformer,GPU+PIM,15,0.18042678743422966,0.18633842543143672,0.00591163799720706,0.47130735648768013
Fugue-asplos-EPIC-shared-readers-B2,F3,prefill_common,0,qkv,GPU,0,0.0,0.00017059524923076924,0.00017059524923076924,0.02012541353984
Fugue-asplos-EPIC-shared-readers-B2,F3,prefill_attention,0,attention_service,GPU,0,0.00017059524923076924,0.0016453580453410226,0.0014747627961102534,0.05219534523392
Fugue-asplos-EPIC-shared-readers-B2,F3,prefill_common,0,proj,GPU,0,0.0016453580453410226,0.0017022231284179457,5.686508307692308e-05,0.0069662565990399996
Fugue-asplos-EPIC-shared-readers-B2,F3,prefill_common,0,comm_g2g,GPU,0,0.0017022231284179457,0.0017022231284179457,0.0,3.20339968e-05
Fugue-asplos-EPIC-shared-readers-B2,F3,prefill_common,0,norm1,GPU,0,0.0017022231284179457,0.0017159518853057739,1.372875688782816e-05,0.00030125047808
Fugue-asplos-EPIC-shared-readers-B2,F3,prefill_common,0,ff1,GPU,0,0.0017159518853057739,0.0018545943735695102,0.00013864248826373626,0.018058472762026663
Fugue-asplos-EPIC-shared-readers-B2,F3,prefill_common,0,ff2,GPU,0,0.0018545943735695102,0.0019932368618332465,0.00013864248826373626,0.018058472762026663
Fugue-asplos-EPIC-shared-readers-B2,F3,prefill_common,0,glu,GPU,0,0.0019932368618332465,0.0020092301664486312,1.5993304615384617e-05,0.0008059630387199999
Fugue-asplos-EPIC-shared-readers-B2,F3,prefill_common,0,ff3,GPU,0,0.0020092301664486312,0.0021608703879870926,0.00015164022153846154,0.018410353896106665
Fugue-asplos-EPIC-shared-readers-B2,F3,prefill_common,0,comm_g2g,GPU,0,0.0021608703879870926,0.0021608703879870926,0.0,3.20339968e-05
Fugue-asplos-EPIC-shared-readers-B2,F3,prefill_common,0,norm2,GPU,0,0.0021608703879870926,0.002174599144874921,1.372875688782816e-05,0.00030125047808
Fugue-asplos-EPIC-shared-readers-B2,F3,prefill_common,1,qkv,GPU,0,0.002174599144874921,0.00234519439410569,0.00017059524923076924,0.02012541353984
Fugue-asplos-EPIC-shared-readers-B2,F3,prefill_attention,1,attention_service,GPU,0,0.00234519439410569,0.0038199571902159434,0.0014747627961102534,0.05219534523392
Fugue-asplos-EPIC-shared-readers-B2,F3,prefill_common,1,proj,GPU,0,0.0038199571902159434,0.0038768222732928665,5.686508307692308e-05,0.0069662565990399996
Fugue-asplos-EPIC-shared-readers-B2,F3,prefill_common,1,comm_g2g,GPU,0,0.0038768222732928665,0.0038768222732928665,0.0,3.20339968e-05
Fugue-asplos-EPIC-shared-readers-B2,F3,prefill_common,1,norm1,GPU,0,0.0038768222732928665,0.0038905510301806947,1.372875688782816e-05,0.00030125047808
Fugue-asplos-EPIC-shared-readers-B2,F3,prefill_common,1,ff1,GPU,0,0.0038905510301806947,0.004029193518444431,0.00013864248826373626,0.018058472762026663
Fugue-asplos-EPIC-shared-readers-B2,F3,prefill_common,1,ff2,GPU,0,0.004029193518444431,0.004167836006708167,0.00013864248826373626,0.018058472762026663
Fugue-asplos-EPIC-shared-readers-B2,F3,prefill_common,1,glu,GPU,0,0.004167836006708167,0.004183829311323552,1.5993304615384617e-05,0.0008059630387199999
Fugue-asplos-EPIC-shared-readers-B2,F3,prefill_common,1,ff3,GPU,0,0.004183829311323552,0.004335469532862014,0.00015164022153846154,0.018410353896106665
Fugue-asplos-EPIC-shared-readers-B2,F3,prefill_common,1,comm_g2g,GPU,0,0.004335469532862014,0.004335469532862014,0.0,3.20339968e-05
Fugue-asplos-EPIC-shared-readers-B2,F3,prefill_common,1,norm2,GPU,0,0.004335469532862014,0.004349198289749842,1.372875688782816e-05,0.00030125047808
Fugue-asplos-EPIC-shared-readers-B2,F3,prefill_common,2,qkv,GPU,0,0.004349198289749842,0.004519793538980611,0.00017059524923076924,0.02012541353984
Fugue-asplos-EPIC-shared-readers-B2,F3,prefill_attention,2,attention_service,GPU,0,0.004519793538980611,0.005994556335090865,0.0014747627961102534,0.05219534523392
Fugue-asplos-EPIC-shared-readers-B2,F3,prefill_common,2,proj,GPU,0,0.005994556335090865,0.006051421418167788,5.686508307692308e-05,0.0069662565990399996
Fugue-asplos-EPIC-shared-readers-B2,F3,prefill_common,2,comm_g2g,GPU,0,0.006051421418167788,0.006051421418167788,0.0,3.20339968e-05
Fugue-asplos-EPIC-shared-readers-B2,F3,prefill_common,2,norm1,GPU,0,0.006051421418167788,0.006065150175055616,1.372875688782816e-05,0.00030125047808
Fugue-asplos-EPIC-shared-readers-B2,F3,prefill_common,2,ff1,GPU,0,0.006065150175055616,0.006203792663319352,0.00013864248826373626,0.018058472762026663
Fugue-asplos-EPIC-shared-readers-B2,F3,prefill_common,2,ff2,GPU,0,0.006203792663319352,0.0063424351515830885,0.00013864248826373626,0.018058472762026663
Fugue-asplos-EPIC-shared-readers-B2,F3,prefill_common,2,glu,GPU,0,0.0063424351515830885,0.006358428456198473,1.5993304615384617e-05,0.0008059630387199999
Fugue-asplos-EPIC-shared-readers-B2,F3,prefill_common,2,ff3,GPU,0,0.006358428456198473,0.006510068677736935,0.00015164022153846154,0.018410353896106665
Fugue-asplos-EPIC-shared-readers-B2,F3,prefill_common,2,comm_g2g,GPU,0,0.006510068677736935,0.006510068677736935,0.0,3.20339968e-05
Fugue-asplos-EPIC-shared-readers-B2,F3,prefill_common,2,norm2,GPU,0,0.006510068677736935,0.006523797434624763,1.372875688782816e-05,0.00030125047808
Fugue-asplos-EPIC-shared-readers-B2,F3,prefill_common,3,qkv,GPU,0,0.006523797434624763,0.0066943926838555325,0.00017059524923076924,0.02012541353984
Fugue-asplos-EPIC-shared-readers-B2,F3,prefill_attention,3,attention_service,GPU,0,0.0066943926838555325,0.008169155479965787,0.0014747627961102534,0.05219534523392
Fugue-asplos-EPIC-shared-readers-B2,F3,prefill_common,3,proj,GPU,0,0.008169155479965787,0.00822602056304271,5.686508307692308e-05,0.0069662565990399996
Fugue-asplos-EPIC-shared-readers-B2,F3,prefill_common,3,comm_g2g,GPU,0,0.00822602056304271,0.00822602056304271,0.0,3.20339968e-05
Fugue-asplos-EPIC-shared-readers-B2,F3,prefill_common,3,norm1,GPU,0,0.00822602056304271,0.008239749319930538,1.372875688782816e-05,0.00030125047808
Fugue-asplos-EPIC-shared-readers-B2,F3,prefill_common,3,ff1,GPU,0,0.008239749319930538,0.008378391808194274,0.00013864248826373626,0.018058472762026663
Fugue-asplos-EPIC-shared-readers-B2,F3,prefill_common,3,ff2,GPU,0,0.008378391808194274,0.00851703429645801,0.00013864248826373626,0.018058472762026663
Fugue-asplos-EPIC-shared-readers-B2,F3,prefill_common,3,glu,GPU,0,0.00851703429645801,0.008533027601073395,1.5993304615384617e-05,0.0008059630387199999
Fugue-asplos-EPIC-shared-readers-B2,F3,prefill_common,3,ff3,GPU,0,0.008533027601073395,0.008684667822611855,0.00015164022153846154,0.018410353896106665
Fugue-asplos-EPIC-shared-readers-B2,F3,prefill_common,3,comm_g2g,GPU,0,0.008684667822611855,0.008684667822611855,0.0,3.20339968e-05
Fugue-asplos-EPIC-shared-readers-B2,F3,prefill_common,3,norm2,GPU,0,0.008684667822611855,0.008698396579499683,1.372875688782816e-05,0.00030125047808
Fugue-asplos-EPIC-shared-readers-B2,F3,prefill_common,4,qkv,GPU,0,0.008698396579499683,0.008868991828730452,0.00017059524923076924,0.02012541353984
Fugue-asplos-EPIC-shared-readers-B2,F3,prefill_attention,4,attention_service,GPU,0,0.008868991828730452,0.010343754624840705,0.0014747627961102534,0.05219534523392
Fugue-asplos-EPIC-shared-readers-B2,F3,prefill_common,4,proj,GPU,0,0.010343754624840705,0.010400619707917629,5.686508307692308e-05,0.0069662565990399996
Fugue-asplos-EPIC-shared-readers-B2,F3,prefill_common,4,comm_g2g,GPU,0,0.010400619707917629,0.010400619707917629,0.0,3.20339968e-05
Fugue-asplos-EPIC-shared-readers-B2,F3,prefill_common,4,norm1,GPU,0,0.010400619707917629,0.010414348464805457,1.372875688782816e-05,0.00030125047808
Fugue-asplos-EPIC-shared-readers-B2,F3,prefill_common,4,ff1,GPU,0,0.010414348464805457,0.010552990953069193,0.00013864248826373626,0.018058472762026663
Fugue-asplos-EPIC-shared-readers-B2,F3,prefill_common,4,ff2,GPU,0,0.010552990953069193,0.01069163344133293,0.00013864248826373626,0.018058472762026663
Fugue-asplos-EPIC-shared-readers-B2,F3,prefill_common,4,glu,GPU,0,0.01069163344133293,0.010707626745948313,1.5993304615384617e-05,0.0008059630387199999
Fugue-asplos-EPIC-shared-readers-B2,F3,prefill_common,4,ff3,GPU,0,0.010707626745948313,0.010859266967486774,0.00015164022153846154,0.018410353896106665
Fugue-asplos-EPIC-shared-readers-B2,F3,prefill_common,4,comm_g2g,GPU,0,0.010859266967486774,0.010859266967486774,0.0,3.20339968e-05
Fugue-asplos-EPIC-shared-readers-B2,F3,prefill_common,4,norm2,GPU,0,0.010859266967486774,0.010872995724374602,1.372875688782816e-05,0.00030125047808
Fugue-asplos-EPIC-shared-readers-B2,F3,prefill_common,5,qkv,GPU,0,0.010872995724374602,0.01104359097360537,0.00017059524923076924,0.02012541353984
Fugue-asplos-EPIC-shared-readers-B2,F3,prefill_attention,5,attention_service,GPU,0,0.01104359097360537,0.012518353769715624,0.0014747627961102534,0.05219534523392
Fugue-asplos-EPIC-shared-readers-B2,F3,prefill_common,5,proj,GPU,0,0.012518353769715624,0.012575218852792548,5.686508307692308e-05,0.0069662565990399996
Fugue-asplos-EPIC-shared-readers-B2,F3,prefill_common,5,comm_g2g,GPU,0,0.012575218852792548,0.012575218852792548,0.0,3.20339968e-05
Fugue-asplos-EPIC-shared-readers-B2,F3,prefill_common,5,norm1,GPU,0,0.012575218852792548,0.012588947609680375,1.372875688782816e-05,0.00030125047808
Fugue-asplos-EPIC-shared-readers-B2,F3,prefill_common,5,ff1,GPU,0,0.012588947609680375,0.012727590097944112,0.00013864248826373626,0.018058472762026663
Fugue-asplos-EPIC-shared-readers-B2,F3,prefill_common,5,ff2,GPU,0,0.012727590097944112,0.012866232586207848,0.00013864248826373626,0.018058472762026663
Fugue-asplos-EPIC-shared-readers-B2,F3,prefill_common,5,glu,GPU,0,0.012866232586207848,0.012882225890823232,1.5993304615384617e-05,0.0008059630387199999
Fugue-asplos-EPIC-shared-readers-B2,F3,prefill_common,5,ff3,GPU,0,0.012882225890823232,0.013033866112361693,0.00015164022153846154,0.018410353896106665
Fugue-asplos-EPIC-shared-readers-B2,F3,prefill_common,5,comm_g2g,GPU,0,0.013033866112361693,0.013033866112361693,0.0,3.20339968e-05
Fugue-asplos-EPIC-shared-readers-B2,F3,prefill_common,5,norm2,GPU,0,0.013033866112361693,0.01304759486924952,1.372875688782816e-05,0.00030125047808
Fugue-asplos-EPIC-shared-readers-B2,F3,prefill_common,6,qkv,GPU,0,0.01304759486924952,0.01321819011848029,0.00017059524923076924,0.02012541353984
Fugue-asplos-EPIC-shared-readers-B2,F3,prefill_attention,6,attention_service,GPU,0,0.01321819011848029,0.014692952914590543,0.0014747627961102534,0.05219534523392
Fugue-asplos-EPIC-shared-readers-B2,F3,prefill_common,6,proj,GPU,0,0.014692952914590543,0.014749817997667466,5.686508307692308e-05,0.0069662565990399996
Fugue-asplos-EPIC-shared-readers-B2,F3,prefill_common,6,comm_g2g,GPU,0,0.014749817997667466,0.014749817997667466,0.0,3.20339968e-05
Fugue-asplos-EPIC-shared-readers-B2,F3,prefill_common,6,norm1,GPU,0,0.014749817997667466,0.014763546754555294,1.372875688782816e-05,0.00030125047808
Fugue-asplos-EPIC-shared-readers-B2,F3,prefill_common,6,ff1,GPU,0,0.014763546754555294,0.01490218924281903,0.00013864248826373626,0.018058472762026663
Fugue-asplos-EPIC-shared-readers-B2,F3,prefill_common,6,ff2,GPU,0,0.01490218924281903,0.015040831731082767,0.00013864248826373626,0.018058472762026663
Fugue-asplos-EPIC-shared-readers-B2,F3,prefill_common,6,glu,GPU,0,0.015040831731082767,0.01505682503569815,1.5993304615384617e-05,0.0008059630387199999
Fugue-asplos-EPIC-shared-readers-B2,F3,prefill_common,6,ff3,GPU,0,0.01505682503569815,0.015208465257236611,0.00015164022153846154,0.018410353896106665
Fugue-asplos-EPIC-shared-readers-B2,F3,prefill_common,6,comm_g2g,GPU,0,0.015208465257236611,0.015208465257236611,0.0,3.20339968e-05
Fugue-asplos-EPIC-shared-readers-B2,F3,prefill_common,6,norm2,GPU,0,0.015208465257236611,0.015222194014124439,1.372875688782816e-05,0.00030125047808
Fugue-asplos-EPIC-shared-readers-B2,F3,prefill_common,7,qkv,GPU,0,0.015222194014124439,0.015392789263355208,0.00017059524923076924,0.02012541353984
Fugue-asplos-EPIC-shared-readers-B2,F3,prefill_attention,7,attention_service,GPU,0,0.015392789263355208,0.01686755205946546,0.0014747627961102534,0.05219534523392
Fugue-asplos-EPIC-shared-readers-B2,F3,prefill_common,7,proj,GPU,0,0.01686755205946546,0.016924417142542385,5.686508307692308e-05,0.0069662565990399996
Fugue-asplos-EPIC-shared-readers-B2,F3,prefill_common,7,comm_g2g,GPU,0,0.016924417142542385,0.016924417142542385,0.0,3.20339968e-05
Fugue-asplos-EPIC-shared-readers-B2,F3,prefill_common,7,norm1,GPU,0,0.016924417142542385,0.016938145899430213,1.372875688782816e-05,0.00030125047808
Fugue-asplos-EPIC-shared-readers-B2,F3,prefill_common,7,ff1,GPU,0,0.016938145899430213,0.01707678838769395,0.00013864248826373626,0.018058472762026663
Fugue-asplos-EPIC-shared-readers-B2,F3,prefill_common,7,ff2,GPU,0,0.01707678838769395,0.017215430875957685,0.00013864248826373626,0.018058472762026663
Fugue-asplos-EPIC-shared-readers-B2,F3,prefill_common,7,glu,GPU,0,0.017215430875957685,0.01723142418057307,1.5993304615384617e-05,0.0008059630387199999
Fugue-asplos-EPIC-shared-readers-B2,F3,prefill_common,7,ff3,GPU,0,0.01723142418057307,0.01738306440211153,0.00015164022153846154,0.018410353896106665
Fugue-asplos-EPIC-shared-readers-B2,F3,prefill_common,7,comm_g2g,GPU,0,0.01738306440211153,0.01738306440211153,0.0,3.20339968e-05
Fugue-asplos-EPIC-shared-readers-B2,F3,prefill_common,7,norm2,GPU,0,0.01738306440211153,0.01739679315899936,1.372875688782816e-05,0.00030125047808
Fugue-asplos-EPIC-shared-readers-B2,F3,prefill_common,8,qkv,GPU,0,0.01739679315899936,0.01756738840823013,0.00017059524923076924,0.02012541353984
Fugue-asplos-EPIC-shared-readers-B2,F3,prefill_attention,8,attention_service,GPU,0,0.01756738840823013,0.019042151204340385,0.0014747627961102534,0.05219534523392
Fugue-asplos-EPIC-shared-readers-B2,F3,prefill_common,8,proj,GPU,0,0.019042151204340385,0.01909901628741731,5.686508307692308e-05,0.0069662565990399996
Fugue-asplos-EPIC-shared-readers-B2,F3,prefill_common,8,comm_g2g,GPU,0,0.01909901628741731,0.01909901628741731,0.0,3.20339968e-05
Fugue-asplos-EPIC-shared-readers-B2,F3,prefill_common,8,norm1,GPU,0,0.01909901628741731,0.019112745044305136,1.372875688782816e-05,0.00030125047808
Fugue-asplos-EPIC-shared-readers-B2,F3,prefill_common,8,ff1,GPU,0,0.019112745044305136,0.019251387532568873,0.00013864248826373626,0.018058472762026663
Fugue-asplos-EPIC-shared-readers-B2,F3,prefill_common,8,ff2,GPU,0,0.019251387532568873,0.01939003002083261,0.00013864248826373626,0.018058472762026663
Fugue-asplos-EPIC-shared-readers-B2,F3,prefill_common,8,glu,GPU,0,0.01939003002083261,0.019406023325447993,1.5993304615384617e-05,0.0008059630387199999
Fugue-asplos-EPIC-shared-readers-B2,F3,prefill_common,8,ff3,GPU,0,0.019406023325447993,0.019557663546986456,0.00015164022153846154,0.018410353896106665
Fugue-asplos-EPIC-shared-readers-B2,F3,prefill_common,8,comm_g2g,GPU,0,0.019557663546986456,0.019557663546986456,0.0,3.20339968e-05
Fugue-asplos-EPIC-shared-readers-B2,F3,prefill_common,8,norm2,GPU,0,0.019557663546986456,0.019571392303874283,1.372875688782816e-05,0.00030125047808
Fugue-asplos-EPIC-shared-readers-B2,F3,prefill_common,9,qkv,GPU,0,0.019571392303874283,0.019741987553105054,0.00017059524923076924,0.02012541353984
Fugue-asplos-EPIC-shared-readers-B2,F3,prefill_attention,9,attention_service,GPU,0,0.019741987553105054,0.02121675034921531,0.0014747627961102534,0.05219534523392
Fugue-asplos-EPIC-shared-readers-B2,F3,prefill_common,9,proj,GPU,0,0.02121675034921531,0.021273615432292232,5.686508307692308e-05,0.0069662565990399996
Fugue-asplos-EPIC-shared-readers-B2,F3,prefill_common,9,comm_g2g,GPU,0,0.021273615432292232,0.021273615432292232,0.0,3.20339968e-05
Fugue-asplos-EPIC-shared-readers-B2,F3,prefill_common,9,norm1,GPU,0,0.021273615432292232,0.02128734418918006,1.372875688782816e-05,0.00030125047808
Fugue-asplos-EPIC-shared-readers-B2,F3,prefill_common,9,ff1,GPU,0,0.02128734418918006,0.021425986677443797,0.00013864248826373626,0.018058472762026663
Fugue-asplos-EPIC-shared-readers-B2,F3,prefill_common,9,ff2,GPU,0,0.021425986677443797,0.021564629165707533,0.00013864248826373626,0.018058472762026663
Fugue-asplos-EPIC-shared-readers-B2,F3,prefill_common,9,glu,GPU,0,0.021564629165707533,0.021580622470322917,1.5993304615384617e-05,0.0008059630387199999
Fugue-asplos-EPIC-shared-readers-B2,F3,prefill_common,9,ff3,GPU,0,0.021580622470322917,0.02173226269186138,0.00015164022153846154,0.018410353896106665
Fugue-asplos-EPIC-shared-readers-B2,F3,prefill_common,9,comm_g2g,GPU,0,0.02173226269186138,0.02173226269186138,0.0,3.20339968e-05
Fugue-asplos-EPIC-shared-readers-B2,F3,prefill_common,9,norm2,GPU,0,0.02173226269186138,0.021745991448749207,1.372875688782816e-05,0.00030125047808
Fugue-asplos-EPIC-shared-readers-B2,F3,prefill_common,10,qkv,GPU,0,0.021745991448749207,0.021916586697979978,0.00017059524923076924,0.02012541353984
Fugue-asplos-EPIC-shared-readers-B2,F3,prefill_attention,10,attention_service,GPU,0,0.021916586697979978,0.023391349494090233,0.0014747627961102534,0.05219534523392
Fugue-asplos-EPIC-shared-readers-B2,F3,prefill_common,10,proj,GPU,0,0.023391349494090233,0.023448214577167156,5.686508307692308e-05,0.0069662565990399996
Fugue-asplos-EPIC-shared-readers-B2,F3,prefill_common,10,comm_g2g,GPU,0,0.023448214577167156,0.023448214577167156,0.0,3.20339968e-05
Fugue-asplos-EPIC-shared-readers-B2,F3,prefill_common,10,norm1,GPU,0,0.023448214577167156,0.023461943334054984,1.372875688782816e-05,0.00030125047808
Fugue-asplos-EPIC-shared-readers-B2,F3,prefill_common,10,ff1,GPU,0,0.023461943334054984,0.02360058582231872,0.00013864248826373626,0.018058472762026663
Fugue-asplos-EPIC-shared-readers-B2,F3,prefill_common,10,ff2,GPU,0,0.02360058582231872,0.023739228310582457,0.00013864248826373626,0.018058472762026663
Fugue-asplos-EPIC-shared-readers-B2,F3,prefill_common,10,glu,GPU,0,0.023739228310582457,0.02375522161519784,1.5993304615384617e-05,0.0008059630387199999
Fugue-asplos-EPIC-shared-readers-B2,F3,prefill_common,10,ff3,GPU,0,0.02375522161519784,0.023906861836736303,0.00015164022153846154,0.018410353896106665
Fugue-asplos-EPIC-shared-readers-B2,F3,prefill_common,10,comm_g2g,GPU,0,0.023906861836736303,0.023906861836736303,0.0,3.20339968e-05
Fugue-asplos-EPIC-shared-readers-B2,F3,prefill_common,10,norm2,GPU,0,0.023906861836736303,0.02392059059362413,1.372875688782816e-05,0.00030125047808
Fugue-asplos-EPIC-shared-readers-B2,F3,prefill_common,11,qkv,GPU,0,0.02392059059362413,0.0240911858428549,0.00017059524923076924,0.02012541353984
Fugue-asplos-EPIC-shared-readers-B2,F3,prefill_attention,11,attention_service,GPU,0,0.0240911858428549,0.025565948638965157,0.0014747627961102534,0.05219534523392
Fugue-asplos-EPIC-shared-readers-B2,F3,prefill_common,11,proj,GPU,0,0.025565948638965157,0.02562281372204208,5.686508307692308e-05,0.0069662565990399996
Fugue-asplos-EPIC-shared-readers-B2,F3,prefill_common,11,comm_g2g,GPU,0,0.02562281372204208,0.02562281372204208,0.0,3.20339968e-05
Fugue-asplos-EPIC-shared-readers-B2,F3,prefill_common,11,norm1,GPU,0,0.02562281372204208,0.025636542478929908,1.372875688782816e-05,0.00030125047808
Fugue-asplos-EPIC-shared-readers-B2,F3,prefill_common,11,ff1,GPU,0,0.025636542478929908,0.025775184967193644,0.00013864248826373626,0.018058472762026663
Fugue-asplos-EPIC-shared-readers-B2,F3,prefill_common,11,ff2,GPU,0,0.025775184967193644,0.02591382745545738,0.00013864248826373626,0.018058472762026663
Fugue-asplos-EPIC-shared-readers-B2,F3,prefill_common,11,glu,GPU,0,0.02591382745545738,0.025929820760072764,1.5993304615384617e-05,0.0008059630387199999
Fugue-asplos-EPIC-shared-readers-B2,F3,prefill_common,11,ff3,GPU,0,0.025929820760072764,0.026081460981611227,0.00015164022153846154,0.018410353896106665
Fugue-asplos-EPIC-shared-readers-B2,F3,prefill_common,11,comm_g2g,GPU,0,0.026081460981611227,0.026081460981611227,0.0,3.20339968e-05
Fugue-asplos-EPIC-shared-readers-B2,F3,prefill_common,11,norm2,GPU,0,0.026081460981611227,0.026095189738499055,1.372875688782816e-05,0.00030125047808
Fugue-asplos-EPIC-shared-readers-B2,F3,prefill_common,12,qkv,GPU,0,0.026095189738499055,0.026265784987729825,0.00017059524923076924,0.02012541353984
Fugue-asplos-EPIC-shared-readers-B2,F3,prefill_attention,12,attention_service,GPU,0,0.026265784987729825,0.02774054778384008,0.0014747627961102534,0.05219534523392
Fugue-asplos-EPIC-shared-readers-B2,F3,prefill_common,12,proj,GPU,0,0.02774054778384008,0.027797412866917004,5.686508307692308e-05,0.0069662565990399996
Fugue-asplos-EPIC-shared-readers-B2,F3,prefill_common,12,comm_g2g,GPU,0,0.027797412866917004,0.027797412866917004,0.0,3.20339968e-05
Fugue-asplos-EPIC-shared-readers-B2,F3,prefill_common,12,norm1,GPU,0,0.027797412866917004,0.027811141623804832,1.372875688782816e-05,0.00030125047808
Fugue-asplos-EPIC-shared-readers-B2,F3,prefill_common,12,ff1,GPU,0,0.027811141623804832,0.027949784112068568,0.00013864248826373626,0.018058472762026663
Fugue-asplos-EPIC-shared-readers-B2,F3,prefill_common,12,ff2,GPU,0,0.027949784112068568,0.028088426600332304,0.00013864248826373626,0.018058472762026663
Fugue-asplos-EPIC-shared-readers-B2,F3,prefill_common,12,glu,GPU,0,0.028088426600332304,0.028104419904947688,1.5993304615384617e-05,0.0008059630387199999
Fugue-asplos-EPIC-shared-readers-B2,F3,prefill_common,12,ff3,GPU,0,0.028104419904947688,0.02825606012648615,0.00015164022153846154,0.018410353896106665
Fugue-asplos-EPIC-shared-readers-B2,F3,prefill_common,12,comm_g2g,GPU,0,0.02825606012648615,0.02825606012648615,0.0,3.20339968e-05
Fugue-asplos-EPIC-shared-readers-B2,F3,prefill_common,12,norm2,GPU,0,0.02825606012648615,0.02826978888337398,1.372875688782816e-05,0.00030125047808
Fugue-asplos-EPIC-shared-readers-B2,F3,prefill_common,13,qkv,GPU,0,0.02826978888337398,0.02844038413260475,0.00017059524923076924,0.02012541353984
Fugue-asplos-EPIC-shared-readers-B2,F3,prefill_attention,13,attention_service,GPU,0,0.02844038413260475,0.029915146928715004,0.0014747627961102534,0.05219534523392
Fugue-asplos-EPIC-shared-readers-B2,F3,prefill_common,13,proj,GPU,0,0.029915146928715004,0.029972012011791928,5.686508307692308e-05,0.0069662565990399996
Fugue-asplos-EPIC-shared-readers-B2,F3,prefill_common,13,comm_g2g,GPU,0,0.029972012011791928,0.029972012011791928,0.0,3.20339968e-05
Fugue-asplos-EPIC-shared-readers-B2,F3,prefill_common,13,norm1,GPU,0,0.029972012011791928,0.029985740768679756,1.372875688782816e-05,0.00030125047808
Fugue-asplos-EPIC-shared-readers-B2,F3,prefill_common,13,ff1,GPU,0,0.029985740768679756,0.030124383256943492,0.00013864248826373626,0.018058472762026663
Fugue-asplos-EPIC-shared-readers-B2,F3,prefill_common,13,ff2,GPU,0,0.030124383256943492,0.030263025745207228,0.00013864248826373626,0.018058472762026663
Fugue-asplos-EPIC-shared-readers-B2,F3,prefill_common,13,glu,GPU,0,0.030263025745207228,0.030279019049822612,1.5993304615384617e-05,0.0008059630387199999
Fugue-asplos-EPIC-shared-readers-B2,F3,prefill_common,13,ff3,GPU,0,0.030279019049822612,0.030430659271361075,0.00015164022153846154,0.018410353896106665
Fugue-asplos-EPIC-shared-readers-B2,F3,prefill_common,13,comm_g2g,GPU,0,0.030430659271361075,0.030430659271361075,0.0,3.20339968e-05
Fugue-asplos-EPIC-shared-readers-B2,F3,prefill_common,13,norm2,GPU,0,0.030430659271361075,0.030444388028248903,1.372875688782816e-05,0.00030125047808
Fugue-asplos-EPIC-shared-readers-B2,F3,prefill_common,14,qkv,GPU,0,0.030444388028248903,0.030614983277479673,0.00017059524923076924,0.02012541353984
Fugue-asplos-EPIC-shared-readers-B2,F3,prefill_attention,14,attention_service,GPU,0,0.030614983277479673,0.03208974607358993,0.0014747627961102534,0.05219534523392
Fugue-asplos-EPIC-shared-readers-B2,F3,prefill_common,14,proj,GPU,0,0.03208974607358993,0.03214661115666685,5.686508307692308e-05,0.0069662565990399996
Fugue-asplos-EPIC-shared-readers-B2,F3,prefill_common,14,comm_g2g,GPU,0,0.03214661115666685,0.03214661115666685,0.0,3.20339968e-05
Fugue-asplos-EPIC-shared-readers-B2,F3,prefill_common,14,norm1,GPU,0,0.03214661115666685,0.03216033991355468,1.372875688782816e-05,0.00030125047808
Fugue-asplos-EPIC-shared-readers-B2,F3,prefill_common,14,ff1,GPU,0,0.03216033991355468,0.032298982401818416,0.00013864248826373626,0.018058472762026663
Fugue-asplos-EPIC-shared-readers-B2,F3,prefill_common,14,ff2,GPU,0,0.032298982401818416,0.03243762489008215,0.00013864248826373626,0.018058472762026663
Fugue-asplos-EPIC-shared-readers-B2,F3,prefill_common,14,glu,GPU,0,0.03243762489008215,0.03245361819469754,1.5993304615384617e-05,0.0008059630387199999
Fugue-asplos-EPIC-shared-readers-B2,F3,prefill_common,14,ff3,GPU,0,0.03245361819469754,0.032605258416236,0.00015164022153846154,0.018410353896106665
Fugue-asplos-EPIC-shared-readers-B2,F3,prefill_common,14,comm_g2g,GPU,0,0.032605258416236,0.032605258416236,0.0,3.20339968e-05
Fugue-asplos-EPIC-shared-readers-B2,F3,prefill_common,14,norm2,GPU,0,0.032605258416236,0.03261898717312383,1.372875688782816e-05,0.00030125047808
Fugue-asplos-EPIC-shared-readers-B2,F3,prefill_common,15,qkv,GPU,0,0.03261898717312383,0.0327895824223546,0.00017059524923076924,0.02012541353984
Fugue-asplos-EPIC-shared-readers-B2,F3,prefill_attention,15,attention_service,GPU,0,0.0327895824223546,0.03426434521846485,0.0014747627961102534,0.05219534523392
Fugue-asplos-EPIC-shared-readers-B2,F3,prefill_common,15,proj,GPU,0,0.03426434521846485,0.034321210301541775,5.686508307692308e-05,0.0069662565990399996
Fugue-asplos-EPIC-shared-readers-B2,F3,prefill_common,15,comm_g2g,GPU,0,0.034321210301541775,0.034321210301541775,0.0,3.20339968e-05
Fugue-asplos-EPIC-shared-readers-B2,F3,prefill_common,15,norm1,GPU,0,0.034321210301541775,0.0343349390584296,1.372875688782816e-05,0.00030125047808
Fugue-asplos-EPIC-shared-readers-B2,F3,prefill_common,15,ff1,GPU,0,0.0343349390584296,0.03447358154669334,0.00013864248826373626,0.018058472762026663
Fugue-asplos-EPIC-shared-readers-B2,F3,prefill_common,15,ff2,GPU,0,0.03447358154669334,0.034612224034957076,0.00013864248826373626,0.018058472762026663
Fugue-asplos-EPIC-shared-readers-B2,F3,prefill_common,15,glu,GPU,0,0.034612224034957076,0.03462821733957246,1.5993304615384617e-05,0.0008059630387199999
Fugue-asplos-EPIC-shared-readers-B2,F3,prefill_common,15,ff3,GPU,0,0.03462821733957246,0.034779857561110926,0.00015164022153846154,0.018410353896106665
Fugue-asplos-EPIC-shared-readers-B2,F3,prefill_common,15,comm_g2g,GPU,0,0.034779857561110926,0.034779857561110926,0.0,3.20339968e-05
Fugue-asplos-EPIC-shared-readers-B2,F3,prefill_common,15,norm2,GPU,0,0.034779857561110926,0.034793586317998754,1.372875688782816e-05,0.00030125047808
Fugue-asplos-EPIC-shared-readers-B2,F3,prefill_common,16,qkv,GPU,0,0.034793586317998754,0.034964181567229524,0.00017059524923076924,0.02012541353984
Fugue-asplos-EPIC-shared-readers-B2,F3,prefill_attention,16,attention_service,GPU,0,0.034964181567229524,0.036438944363339776,0.0014747627961102534,0.05219534523392
Fugue-asplos-EPIC-shared-readers-B2,F3,prefill_common,16,proj,GPU,0,0.036438944363339776,0.0364958094464167,5.686508307692308e-05,0.0069662565990399996
Fugue-asplos-EPIC-shared-readers-B2,F3,prefill_common,16,comm_g2g,GPU,0,0.0364958094464167,0.0364958094464167,0.0,3.20339968e-05
Fugue-asplos-EPIC-shared-readers-B2,F3,prefill_common,16,norm1,GPU,0,0.0364958094464167,0.03650953820330453,1.372875688782816e-05,0.00030125047808
Fugue-asplos-EPIC-shared-readers-B2,F3,prefill_common,16,ff1,GPU,0,0.03650953820330453,0.03664818069156826,0.00013864248826373626,0.018058472762026663
Fugue-asplos-EPIC-shared-readers-B2,F3,prefill_common,16,ff2,GPU,0,0.03664818069156826,0.036786823179832,0.00013864248826373626,0.018058472762026663
Fugue-asplos-EPIC-shared-readers-B2,F3,prefill_common,16,glu,GPU,0,0.036786823179832,0.03680281648444739,1.5993304615384617e-05,0.0008059630387199999
Fugue-asplos-EPIC-shared-readers-B2,F3,prefill_common,16,ff3,GPU,0,0.03680281648444739,0.03695445670598585,0.00015164022153846154,0.018410353896106665
Fugue-asplos-EPIC-shared-readers-B2,F3,prefill_common,16,comm_g2g,GPU,0,0.03695445670598585,0.03695445670598585,0.0,3.20339968e-05
Fugue-asplos-EPIC-shared-readers-B2,F3,prefill_common,16,norm2,GPU,0,0.03695445670598585,0.03696818546287368,1.372875688782816e-05,0.00030125047808
Fugue-asplos-EPIC-shared-readers-B2,F3,prefill_common,17,qkv,GPU,0,0.03696818546287368,0.03713878071210445,0.00017059524923076924,0.02012541353984
Fugue-asplos-EPIC-shared-readers-B2,F3,prefill_attention,17,attention_service,GPU,0,0.03713878071210445,0.0386135435082147,0.0014747627961102534,0.05219534523392
Fugue-asplos-EPIC-shared-readers-B2,F3,prefill_common,17,proj,GPU,0,0.0386135435082147,0.03867040859129162,5.686508307692308e-05,0.0069662565990399996
Fugue-asplos-EPIC-shared-readers-B2,F3,prefill_common,17,comm_g2g,GPU,0,0.03867040859129162,0.03867040859129162,0.0,3.20339968e-05
Fugue-asplos-EPIC-shared-readers-B2,F3,prefill_common,17,norm1,GPU,0,0.03867040859129162,0.03868413734817945,1.372875688782816e-05,0.00030125047808
Fugue-asplos-EPIC-shared-readers-B2,F3,prefill_common,17,ff1,GPU,0,0.03868413734817945,0.03882277983644319,0.00013864248826373626,0.018058472762026663
Fugue-asplos-EPIC-shared-readers-B2,F3,prefill_common,17,ff2,GPU,0,0.03882277983644319,0.038961422324706924,0.00013864248826373626,0.018058472762026663
Fugue-asplos-EPIC-shared-readers-B2,F3,prefill_common,17,glu,GPU,0,0.038961422324706924,0.03897741562932231,1.5993304615384617e-05,0.0008059630387199999
Fugue-asplos-EPIC-shared-readers-B2,F3,prefill_common,17,ff3,GPU,0,0.03897741562932231,0.039129055850860774,0.00015164022153846154,0.018410353896106665
Fugue-asplos-EPIC-shared-readers-B2,F3,prefill_common,17,comm_g2g,GPU,0,0.039129055850860774,0.039129055850860774,0.0,3.20339968e-05
Fugue-asplos-EPIC-shared-readers-B2,F3,prefill_common,17,norm2,GPU,0,0.039129055850860774,0.0391427846077486,1.372875688782816e-05,0.00030125047808
Fugue-asplos-EPIC-shared-readers-B2,F3,prefill_common,18,qkv,GPU,0,0.0391427846077486,0.03931337985697937,0.00017059524923076924,0.02012541353984
Fugue-asplos-EPIC-shared-readers-B2,F3,prefill_attention,18,attention_service,GPU,0,0.03931337985697937,0.040788142653089624,0.0014747627961102534,0.05219534523392
Fugue-asplos-EPIC-shared-readers-B2,F3,prefill_common,18,proj,GPU,0,0.040788142653089624,0.04084500773616655,5.686508307692308e-05,0.0069662565990399996
Fugue-asplos-EPIC-shared-readers-B2,F3,prefill_common,18,comm_g2g,GPU,0,0.04084500773616655,0.04084500773616655,0.0,3.20339968e-05
Fugue-asplos-EPIC-shared-readers-B2,F3,prefill_common,18,norm1,GPU,0,0.04084500773616655,0.040858736493054375,1.372875688782816e-05,0.00030125047808
Fugue-asplos-EPIC-shared-readers-B2,F3,prefill_common,18,ff1,GPU,0,0.040858736493054375,0.04099737898131811,0.00013864248826373626,0.018058472762026663
Fugue-asplos-EPIC-shared-readers-B2,F3,prefill_common,18,ff2,GPU,0,0.04099737898131811,0.04113602146958185,0.00013864248826373626,0.018058472762026663
Fugue-asplos-EPIC-shared-readers-B2,F3,prefill_common,18,glu,GPU,0,0.04113602146958185,0.041152014774197235,1.5993304615384617e-05,0.0008059630387199999
Fugue-asplos-EPIC-shared-readers-B2,F3,prefill_common,18,ff3,GPU,0,0.041152014774197235,0.0413036549957357,0.00015164022153846154,0.018410353896106665
Fugue-asplos-EPIC-shared-readers-B2,F3,prefill_common,18,comm_g2g,GPU,0,0.0413036549957357,0.0413036549957357,0.0,3.20339968e-05
Fugue-asplos-EPIC-shared-readers-B2,F3,prefill_common,18,norm2,GPU,0,0.0413036549957357,0.041317383752623525,1.372875688782816e-05,0.00030125047808
Fugue-asplos-EPIC-shared-readers-B2,F3,prefill_common,19,qkv,GPU,0,0.041317383752623525,0.041487979001854296,0.00017059524923076924,0.02012541353984
Fugue-asplos-EPIC-shared-readers-B2,F3,prefill_attention,19,attention_service,GPU,0,0.041487979001854296,0.04296274179796455,0.0014747627961102534,0.05219534523392
Fugue-asplos-EPIC-shared-readers-B2,F3,prefill_common,19,proj,GPU,0,0.04296274179796455,0.04301960688104147,5.686508307692308e-05,0.0069662565990399996
Fugue-asplos-EPIC-shared-readers-B2,F3,prefill_common,19,comm_g2g,GPU,0,0.04301960688104147,0.04301960688104147,0.0,3.20339968e-05
Fugue-asplos-EPIC-shared-readers-B2,F3,prefill_common,19,norm1,GPU,0,0.04301960688104147,0.0430333356379293,1.372875688782816e-05,0.00030125047808
Fugue-asplos-EPIC-shared-readers-B2,F3,prefill_common,19,ff1,GPU,0,0.0430333356379293,0.043171978126193035,0.00013864248826373626,0.018058472762026663
Fugue-asplos-EPIC-shared-readers-B2,F3,prefill_common,19,ff2,GPU,0,0.043171978126193035,0.04331062061445677,0.00013864248826373626,0.018058472762026663
Fugue-asplos-EPIC-shared-readers-B2,F3,prefill_common,19,glu,GPU,0,0.04331062061445677,0.04332661391907216,1.5993304615384617e-05,0.0008059630387199999
Fugue-asplos-EPIC-shared-readers-B2,F3,prefill_common,19,ff3,GPU,0,0.04332661391907216,0.04347825414061062,0.00015164022153846154,0.018410353896106665
Fugue-asplos-EPIC-shared-readers-B2,F3,prefill_common,19,comm_g2g,GPU,0,0.04347825414061062,0.04347825414061062,0.0,3.20339968e-05
Fugue-asplos-EPIC-shared-readers-B2,F3,prefill_common,19,norm2,GPU,0,0.04347825414061062,0.04349198289749845,1.372875688782816e-05,0.00030125047808
Fugue-asplos-EPIC-shared-readers-B2,F3,prefill_common,20,qkv,GPU,0,0.04349198289749845,0.04366257814672922,0.00017059524923076924,0.02012541353984
Fugue-asplos-EPIC-shared-readers-B2,F3,prefill_attention,20,attention_service,GPU,0,0.04366257814672922,0.04513734094283947,0.0014747627961102534,0.05219534523392
Fugue-asplos-EPIC-shared-readers-B2,F3,prefill_common,20,proj,GPU,0,0.04513734094283947,0.045194206025916395,5.686508307692308e-05,0.0069662565990399996
Fugue-asplos-EPIC-shared-readers-B2,F3,prefill_common,20,comm_g2g,GPU,0,0.045194206025916395,0.045194206025916395,0.0,3.20339968e-05
Fugue-asplos-EPIC-shared-readers-B2,F3,prefill_common,20,norm1,GPU,0,0.045194206025916395,0.04520793478280422,1.372875688782816e-05,0.00030125047808
Fugue-asplos-EPIC-shared-readers-B2,F3,prefill_common,20,ff1,GPU,0,0.04520793478280422,0.04534657727106796,0.00013864248826373626,0.018058472762026663
Fugue-asplos-EPIC-shared-readers-B2,F3,prefill_common,20,ff2,GPU,0,0.04534657727106796,0.045485219759331695,0.00013864248826373626,0.018058472762026663
Fugue-asplos-EPIC-shared-readers-B2,F3,prefill_common,20,glu,GPU,0,0.045485219759331695,0.04550121306394708,1.5993304615384617e-05,0.0008059630387199999
Fugue-asplos-EPIC-shared-readers-B2,F3,prefill_common,20,ff3,GPU,0,0.04550121306394708,0.045652853285485545,0.00015164022153846154,0.018410353896106665
Fugue-asplos-EPIC-shared-readers-B2,F3,prefill_common,20,comm_g2g,GPU,0,0.045652853285485545,0.045652853285485545,0.0,3.20339968e-05
Fugue-asplos-EPIC-shared-readers-B2,F3,prefill_common,20,norm2,GPU,0,0.045652853285485545,0.04566658204237337,1.372875688782816e-05,0.00030125047808
Fugue-asplos-EPIC-shared-readers-B2,F3,prefill_common,21,qkv,GPU,0,0.04566658204237337,0.04583717729160414,0.00017059524923076924,0.02012541353984
Fugue-asplos-EPIC-shared-readers-B2,F3,prefill_attention,21,attention_service,GPU,0,0.04583717729160414,0.047311940087714395,0.0014747627961102534,0.05219534523392
Fugue-asplos-EPIC-shared-readers-B2,F3,prefill_common,21,proj,GPU,0,0.047311940087714395,0.04736880517079132,5.686508307692308e-05,0.0069662565990399996
Fugue-asplos-EPIC-shared-readers-B2,F3,prefill_common,21,comm_g2g,GPU,0,0.04736880517079132,0.04736880517079132,0.0,3.20339968e-05
Fugue-asplos-EPIC-shared-readers-B2,F3,prefill_common,21,norm1,GPU,0,0.04736880517079132,0.047382533927679146,1.372875688782816e-05,0.00030125047808
Fugue-asplos-EPIC-shared-readers-B2,F3,prefill_common,21,ff1,GPU,0,0.047382533927679146,0.04752117641594288,0.00013864248826373626,0.018058472762026663
Fugue-asplos-EPIC-shared-readers-B2,F3,prefill_common,21,ff2,GPU,0,0.04752117641594288,0.04765981890420662,0.00013864248826373626,0.018058472762026663
Fugue-asplos-EPIC-shared-readers-B2,F3,prefill_common,21,glu,GPU,0,0.04765981890420662,0.047675812208822006,1.5993304615384617e-05,0.0008059630387199999
Fugue-asplos-EPIC-shared-readers-B2,F3,prefill_common,21,ff3,GPU,0,0.047675812208822006,0.04782745243036047,0.00015164022153846154,0.018410353896106665
Fugue-asplos-EPIC-shared-readers-B2,F3,prefill_common,21,comm_g2g,GPU,0,0.04782745243036047,0.04782745243036047,0.0,3.20339968e-05
Fugue-asplos-EPIC-shared-readers-B2,F3,prefill_common,21,norm2,GPU,0,0.04782745243036047,0.0478411811872483,1.372875688782816e-05,0.00030125047808
Fugue-asplos-EPIC-shared-readers-B2,F3,prefill_common,22,qkv,GPU,0,0.0478411811872483,0.04801177643647907,0.00017059524923076924,0.02012541353984
Fugue-asplos-EPIC-shared-readers-B2,F3,prefill_attention,22,attention_service,GPU,0,0.04801177643647907,0.04948653923258932,0.0014747627961102534,0.05219534523392
Fugue-asplos-EPIC-shared-readers-B2,F3,prefill_common,22,proj,GPU,0,0.04948653923258932,0.04954340431566624,5.686508307692308e-05,0.0069662565990399996
Fugue-asplos-EPIC-shared-readers-B2,F3,prefill_common,22,comm_g2g,GPU,0,0.04954340431566624,0.04954340431566624,0.0,3.20339968e-05
Fugue-asplos-EPIC-shared-readers-B2,F3,prefill_common,22,norm1,GPU,0,0.04954340431566624,0.04955713307255407,1.372875688782816e-05,0.00030125047808
Fugue-asplos-EPIC-shared-readers-B2,F3,prefill_common,22,ff1,GPU,0,0.04955713307255407,0.049695775560817806,0.00013864248826373626,0.018058472762026663
Fugue-asplos-EPIC-shared-readers-B2,F3,prefill_common,22,ff2,GPU,0,0.049695775560817806,0.04983441804908154,0.00013864248826373626,0.018058472762026663
Fugue-asplos-EPIC-shared-readers-B2,F3,prefill_common,22,glu,GPU,0,0.04983441804908154,0.04985041135369693,1.5993304615384617e-05,0.0008059630387199999
Fugue-asplos-EPIC-shared-readers-B2,F3,prefill_common,22,ff3,GPU,0,0.04985041135369693,0.05000205157523539,0.00015164022153846154,0.018410353896106665
Fugue-asplos-EPIC-shared-readers-B2,F3,prefill_common,22,comm_g2g,GPU,0,0.05000205157523539,0.05000205157523539,0.0,3.20339968e-05
Fugue-asplos-EPIC-shared-readers-B2,F3,prefill_common,22,norm2,GPU,0,0.05000205157523539,0.05001578033212322,1.372875688782816e-05,0.00030125047808
Fugue-asplos-EPIC-shared-readers-B2,F3,prefill_common,23,qkv,GPU,0,0.05001578033212322,0.05018637558135399,0.00017059524923076924,0.02012541353984
Fugue-asplos-EPIC-shared-readers-B2,F3,prefill_attention,23,attention_service,GPU,0,0.05018637558135399,0.05166113837746424,0.0014747627961102534,0.05219534523392
Fugue-asplos-EPIC-shared-readers-B2,F3,prefill_common,23,proj,GPU,0,0.05166113837746424,0.051718003460541166,5.686508307692308e-05,0.0069662565990399996
Fugue-asplos-EPIC-shared-readers-B2,F3,prefill_common,23,comm_g2g,GPU,0,0.051718003460541166,0.051718003460541166,0.0,3.20339968e-05
Fugue-asplos-EPIC-shared-readers-B2,F3,prefill_common,23,norm1,GPU,0,0.051718003460541166,0.051731732217428994,1.372875688782816e-05,0.00030125047808
Fugue-asplos-EPIC-shared-readers-B2,F3,prefill_common,23,ff1,GPU,0,0.051731732217428994,0.05187037470569273,0.00013864248826373626,0.018058472762026663
Fugue-asplos-EPIC-shared-readers-B2,F3,prefill_common,23,ff2,GPU,0,0.05187037470569273,0.05200901719395647,0.00013864248826373626,0.018058472762026663
Fugue-asplos-EPIC-shared-readers-B2,F3,prefill_common,23,glu,GPU,0,0.05200901719395647,0.052025010498571854,1.5993304615384617e-05,0.0008059630387199999
Fugue-asplos-EPIC-shared-readers-B2,F3,prefill_common,23,ff3,GPU,0,0.052025010498571854,0.05217665072011032,0.00015164022153846154,0.018410353896106665
Fugue-asplos-EPIC-shared-readers-B2,F3,prefill_common,23,comm_g2g,GPU,0,0.05217665072011032,0.05217665072011032,0.0,3.20339968e-05
Fugue-asplos-EPIC-shared-readers-B2,F3,prefill_common,23,norm2,GPU,0,0.05217665072011032,0.052190379476998144,1.372875688782816e-05,0.00030125047808
Fugue-asplos-EPIC-shared-readers-B2,F3,prefill_common,24,qkv,GPU,0,0.052190379476998144,0.052360974726228915,0.00017059524923076924,0.02012541353984
Fugue-asplos-EPIC-shared-readers-B2,F3,prefill_attention,24,attention_service,GPU,0,0.052360974726228915,0.05383573752233917,0.0014747627961102534,0.05219534523392
Fugue-asplos-EPIC-shared-readers-B2,F3,prefill_common,24,proj,GPU,0,0.05383573752233917,0.05389260260541609,5.686508307692308e-05,0.0069662565990399996
Fugue-asplos-EPIC-shared-readers-B2,F3,prefill_common,24,comm_g2g,GPU,0,0.05389260260541609,0.05389260260541609,0.0,3.20339968e-05
Fugue-asplos-EPIC-shared-readers-B2,F3,prefill_common,24,norm1,GPU,0,0.05389260260541609,0.05390633136230392,1.372875688782816e-05,0.00030125047808
Fugue-asplos-EPIC-shared-readers-B2,F3,prefill_common,24,ff1,GPU,0,0.05390633136230392,0.054044973850567654,0.00013864248826373626,0.018058472762026663
Fugue-asplos-EPIC-shared-readers-B2,F3,prefill_common,24,ff2,GPU,0,0.054044973850567654,0.05418361633883139,0.00013864248826373626,0.018058472762026663
Fugue-asplos-EPIC-shared-readers-B2,F3,prefill_common,24,glu,GPU,0,0.05418361633883139,0.05419960964344678,1.5993304615384617e-05,0.0008059630387199999
Fugue-asplos-EPIC-shared-readers-B2,F3,prefill_common,24,ff3,GPU,0,0.05419960964344678,0.05435124986498524,0.00015164022153846154,0.018410353896106665
Fugue-asplos-EPIC-shared-readers-B2,F3,prefill_common,24,comm_g2g,GPU,0,0.05435124986498524,0.05435124986498524,0.0,3.20339968e-05
Fugue-asplos-EPIC-shared-readers-B2,F3,prefill_common,24,norm2,GPU,0,0.05435124986498524,0.05436497862187307,1.372875688782816e-05,0.00030125047808
Fugue-asplos-EPIC-shared-readers-B2,F3,prefill_common,25,qkv,GPU,0,0.05436497862187307,0.05453557387110384,0.00017059524923076924,0.02012541353984
Fugue-asplos-EPIC-shared-readers-B2,F3,prefill_attention,25,attention_service,GPU,0,0.05453557387110384,0.05601033666721409,0.0014747627961102534,0.05219534523392
Fugue-asplos-EPIC-shared-readers-B2,F3,prefill_common,25,proj,GPU,0,0.05601033666721409,0.056067201750291014,5.686508307692308e-05,0.0069662565990399996
Fugue-asplos-EPIC-shared-readers-B2,F3,prefill_common,25,comm_g2g,GPU,0,0.056067201750291014,0.056067201750291014,0.0,3.20339968e-05
Fugue-asplos-EPIC-shared-readers-B2,F3,prefill_common,25,norm1,GPU,0,0.056067201750291014,0.05608093050717884,1.372875688782816e-05,0.00030125047808
Fugue-asplos-EPIC-shared-readers-B2,F3,prefill_common,25,ff1,GPU,0,0.05608093050717884,0.05621957299544258,0.00013864248826373626,0.018058472762026663
Fugue-asplos-EPIC-shared-readers-B2,F3,prefill_common,25,ff2,GPU,0,0.05621957299544258,0.056358215483706314,0.00013864248826373626,0.018058472762026663
Fugue-asplos-EPIC-shared-readers-B2,F3,prefill_common,25,glu,GPU,0,0.056358215483706314,0.0563742087883217,1.5993304615384617e-05,0.0008059630387199999
Fugue-asplos-EPIC-shared-readers-B2,F3,prefill_common,25,ff3,GPU,0,0.0563742087883217,0.056525849009860164,0.00015164022153846154,0.018410353896106665
Fugue-asplos-EPIC-shared-readers-B2,F3,prefill_common,25,comm_g2g,GPU,0,0.056525849009860164,0.056525849009860164,0.0,3.20339968e-05
Fugue-asplos-EPIC-shared-readers-B2,F3,prefill_common,25,norm2,GPU,0,0.056525849009860164,0.05653957776674799,1.372875688782816e-05,0.00030125047808
Fugue-asplos-EPIC-shared-readers-B2,F3,prefill_common,26,qkv,GPU,0,0.05653957776674799,0.05671017301597876,0.00017059524923076924,0.02012541353984
Fugue-asplos-EPIC-shared-readers-B2,F3,prefill_attention,26,attention_service,GPU,0,0.05671017301597876,0.058184935812089014,0.0014747627961102534,0.05219534523392
Fugue-asplos-EPIC-shared-readers-B2,F3,prefill_common,26,proj,GPU,0,0.058184935812089014,0.05824180089516594,5.686508307692308e-05,0.0069662565990399996
Fugue-asplos-EPIC-shared-readers-B2,F3,prefill_common,26,comm_g2g,GPU,0,0.05824180089516594,0.05824180089516594,0.0,3.20339968e-05
Fugue-asplos-EPIC-shared-readers-B2,F3,prefill_common,26,norm1,GPU,0,0.05824180089516594,0.058255529652053765,1.372875688782816e-05,0.00030125047808
Fugue-asplos-EPIC-shared-readers-B2,F3,prefill_common,26,ff1,GPU,0,0.058255529652053765,0.0583941721403175,0.00013864248826373626,0.018058472762026663
Fugue-asplos-EPIC-shared-readers-B2,F3,prefill_common,26,ff2,GPU,0,0.0583941721403175,0.05853281462858124,0.00013864248826373626,0.018058472762026663
Fugue-asplos-EPIC-shared-readers-B2,F3,prefill_common,26,glu,GPU,0,0.05853281462858124,0.058548807933196625,1.5993304615384617e-05,0.0008059630387199999
Fugue-asplos-EPIC-shared-readers-B2,F3,prefill_common,26,ff3,GPU,0,0.058548807933196625,0.05870044815473509,0.00015164022153846154,0.018410353896106665
Fugue-asplos-EPIC-shared-readers-B2,F3,prefill_common,26,comm_g2g,GPU,0,0.05870044815473509,0.05870044815473509,0.0,3.20339968e-05
Fugue-asplos-EPIC-shared-readers-B2,F3,prefill_common,26,norm2,GPU,0,0.05870044815473509,0.058714176911622916,1.372875688782816e-05,0.00030125047808
Fugue-asplos-EPIC-shared-readers-B2,F3,prefill_common,27,qkv,GPU,0,0.058714176911622916,0.058884772160853686,0.00017059524923076924,0.02012541353984
Fugue-asplos-EPIC-shared-readers-B2,F3,prefill_attention,27,attention_service,GPU,0,0.058884772160853686,0.06035953495696394,0.0014747627961102534,0.05219534523392
Fugue-asplos-EPIC-shared-readers-B2,F3,prefill_common,27,proj,GPU,0,0.06035953495696394,0.06041640004004086,5.686508307692308e-05,0.0069662565990399996
Fugue-asplos-EPIC-shared-readers-B2,F3,prefill_common,27,comm_g2g,GPU,0,0.06041640004004086,0.06041640004004086,0.0,3.20339968e-05
Fugue-asplos-EPIC-shared-readers-B2,F3,prefill_common,27,norm1,GPU,0,0.06041640004004086,0.06043012879692869,1.372875688782816e-05,0.00030125047808
Fugue-asplos-EPIC-shared-readers-B2,F3,prefill_common,27,ff1,GPU,0,0.06043012879692869,0.060568771285192426,0.00013864248826373626,0.018058472762026663
Fugue-asplos-EPIC-shared-readers-B2,F3,prefill_common,27,ff2,GPU,0,0.060568771285192426,0.06070741377345616,0.00013864248826373626,0.018058472762026663
Fugue-asplos-EPIC-shared-readers-B2,F3,prefill_common,27,glu,GPU,0,0.06070741377345616,0.06072340707807155,1.5993304615384617e-05,0.0008059630387199999
Fugue-asplos-EPIC-shared-readers-B2,F3,prefill_common,27,ff3,GPU,0,0.06072340707807155,0.06087504729961001,0.00015164022153846154,0.018410353896106665
Fugue-asplos-EPIC-shared-readers-B2,F3,prefill_common,27,comm_g2g,GPU,0,0.06087504729961001,0.06087504729961001,0.0,3.20339968e-05
Fugue-asplos-EPIC-shared-readers-B2,F3,prefill_common,27,norm2,GPU,0,0.06087504729961001,0.06088877605649784,1.372875688782816e-05,0.00030125047808
Fugue-asplos-EPIC-shared-readers-B2,F3,prefill_common,28,qkv,GPU,0,0.06088877605649784,0.06105937130572861,0.00017059524923076924,0.02012541353984
Fugue-asplos-EPIC-shared-readers-B2,F3,prefill_attention,28,attention_service,GPU,0,0.06105937130572861,0.06253413410183886,0.0014747627961102534,0.05219534523392
Fugue-asplos-EPIC-shared-readers-B2,F3,prefill_common,28,proj,GPU,0,0.06253413410183886,0.06259099918491579,5.686508307692308e-05,0.0069662565990399996
Fugue-asplos-EPIC-shared-readers-B2,F3,prefill_common,28,comm_g2g,GPU,0,0.06259099918491579,0.06259099918491579,0.0,3.20339968e-05
Fugue-asplos-EPIC-shared-readers-B2,F3,prefill_common,28,norm1,GPU,0,0.06259099918491579,0.06260472794180362,1.372875688782816e-05,0.00030125047808
Fugue-asplos-EPIC-shared-readers-B2,F3,prefill_common,28,ff1,GPU,0,0.06260472794180362,0.06274337043006735,0.00013864248826373626,0.018058472762026663
Fugue-asplos-EPIC-shared-readers-B2,F3,prefill_common,28,ff2,GPU,0,0.06274337043006735,0.06288201291833108,0.00013864248826373626,0.018058472762026663
Fugue-asplos-EPIC-shared-readers-B2,F3,prefill_common,28,glu,GPU,0,0.06288201291833108,0.06289800622294646,1.5993304615384617e-05,0.0008059630387199999
Fugue-asplos-EPIC-shared-readers-B2,F3,prefill_common,28,ff3,GPU,0,0.06289800622294646,0.06304964644448492,0.00015164022153846154,0.018410353896106665
Fugue-asplos-EPIC-shared-readers-B2,F3,prefill_common,28,comm_g2g,GPU,0,0.06304964644448492,0.06304964644448492,0.0,3.20339968e-05
Fugue-asplos-EPIC-shared-readers-B2,F3,prefill_common,28,norm2,GPU,0,0.06304964644448492,0.06306337520137276,1.372875688782816e-05,0.00030125047808
Fugue-asplos-EPIC-shared-readers-B2,F3,prefill_common,29,qkv,GPU,0,0.06306337520137276,0.06323397045060353,0.00017059524923076924,0.02012541353984
Fugue-asplos-EPIC-shared-readers-B2,F3,prefill_attention,29,attention_service,GPU,0,0.06323397045060353,0.06470873324671378,0.0014747627961102534,0.05219534523392
Fugue-asplos-EPIC-shared-readers-B2,F3,prefill_common,29,proj,GPU,0,0.06470873324671378,0.0647655983297907,5.686508307692308e-05,0.0069662565990399996
Fugue-asplos-EPIC-shared-readers-B2,F3,prefill_common,29,comm_g2g,GPU,0,0.0647655983297907,0.0647655983297907,0.0,3.20339968e-05
Fugue-asplos-EPIC-shared-readers-B2,F3,prefill_common,29,norm1,GPU,0,0.0647655983297907,0.06477932708667854,1.372875688782816e-05,0.00030125047808
Fugue-asplos-EPIC-shared-readers-B2,F3,prefill_common,29,ff1,GPU,0,0.06477932708667854,0.06491796957494227,0.00013864248826373626,0.018058472762026663
Fugue-asplos-EPIC-shared-readers-B2,F3,prefill_common,29,ff2,GPU,0,0.06491796957494227,0.065056612063206,0.00013864248826373626,0.018058472762026663
Fugue-asplos-EPIC-shared-readers-B2,F3,prefill_common,29,glu,GPU,0,0.065056612063206,0.06507260536782138,1.5993304615384617e-05,0.0008059630387199999
Fugue-asplos-EPIC-shared-readers-B2,F3,prefill_common,29,ff3,GPU,0,0.06507260536782138,0.06522424558935984,0.00015164022153846154,0.018410353896106665
Fugue-asplos-EPIC-shared-readers-B2,F3,prefill_common,29,comm_g2g,GPU,0,0.06522424558935984,0.06522424558935984,0.0,3.20339968e-05
Fugue-asplos-EPIC-shared-readers-B2,F3,prefill_common,29,norm2,GPU,0,0.06522424558935984,0.06523797434624767,1.372875688782816e-05,0.00030125047808
Fugue-asplos-EPIC-shared-readers-B2,F3,prefill_common,30,qkv,GPU,0,0.06523797434624767,0.06540856959547844,0.00017059524923076924,0.02012541353984
Fugue-asplos-EPIC-shared-readers-B2,F3,prefill_attention,30,attention_service,GPU,0,0.06540856959547844,0.0668833323915887,0.0014747627961102534,0.05219534523392
Fugue-asplos-EPIC-shared-readers-B2,F3,prefill_common,30,proj,GPU,0,0.0668833323915887,0.06694019747466562,5.686508307692308e-05,0.0069662565990399996
Fugue-asplos-EPIC-shared-readers-B2,F3,prefill_common,30,comm_g2g,GPU,0,0.06694019747466562,0.06694019747466562,0.0,3.20339968e-05
Fugue-asplos-EPIC-shared-readers-B2,F3,prefill_common,30,norm1,GPU,0,0.06694019747466562,0.06695392623155345,1.372875688782816e-05,0.00030125047808
Fugue-asplos-EPIC-shared-readers-B2,F3,prefill_common,30,ff1,GPU,0,0.06695392623155345,0.06709256871981718,0.00013864248826373626,0.018058472762026663
Fugue-asplos-EPIC-shared-readers-B2,F3,prefill_common,30,ff2,GPU,0,0.06709256871981718,0.06723121120808091,0.00013864248826373626,0.018058472762026663
Fugue-asplos-EPIC-shared-readers-B2,F3,prefill_common,30,glu,GPU,0,0.06723121120808091,0.0672472045126963,1.5993304615384617e-05,0.0008059630387199999
Fugue-asplos-EPIC-shared-readers-B2,F3,prefill_common,30,ff3,GPU,0,0.0672472045126963,0.06739884473423476,0.00015164022153846154,0.018410353896106665
Fugue-asplos-EPIC-shared-readers-B2,F3,prefill_common,30,comm_g2g,GPU,0,0.06739884473423476,0.06739884473423476,0.0,3.20339968e-05
Fugue-asplos-EPIC-shared-readers-B2,F3,prefill_common,30,norm2,GPU,0,0.06739884473423476,0.06741257349112259,1.372875688782816e-05,0.00030125047808
Fugue-asplos-EPIC-shared-readers-B2,F3,prefill_common,31,qkv,GPU,0,0.06741257349112259,0.06758316874035336,0.00017059524923076924,0.02012541353984
Fugue-asplos-EPIC-shared-readers-B2,F3,prefill_attention,31,attention_service,GPU,0,0.06758316874035336,0.06905793153646361,0.0014747627961102534,0.05219534523392
Fugue-asplos-EPIC-shared-readers-B2,F3,prefill_common,31,proj,GPU,0,0.06905793153646361,0.06911479661954054,5.686508307692308e-05,0.0069662565990399996
Fugue-asplos-EPIC-shared-readers-B2,F3,prefill_common,31,comm_g2g,GPU,0,0.06911479661954054,0.06911479661954054,0.0,3.20339968e-05
Fugue-asplos-EPIC-shared-readers-B2,F3,prefill_common,31,norm1,GPU,0,0.06911479661954054,0.06912852537642837,1.372875688782816e-05,0.00030125047808
Fugue-asplos-EPIC-shared-readers-B2,F3,prefill_common,31,ff1,GPU,0,0.06912852537642837,0.0692671678646921,0.00013864248826373626,0.018058472762026663
Fugue-asplos-EPIC-shared-readers-B2,F3,prefill_common,31,ff2,GPU,0,0.0692671678646921,0.06940581035295583,0.00013864248826373626,0.018058472762026663
Fugue-asplos-EPIC-shared-readers-B2,F3,prefill_common,31,glu,GPU,0,0.06940581035295583,0.06942180365757121,1.5993304615384617e-05,0.0008059630387199999
Fugue-asplos-EPIC-shared-readers-B2,F3,prefill_common,31,ff3,GPU,0,0.06942180365757121,0.06957344387910967,0.00015164022153846154,0.018410353896106665
Fugue-asplos-EPIC-shared-readers-B2,F3,prefill_common,31,comm_g2g,GPU,0,0.06957344387910967,0.06957344387910967,0.0,3.20339968e-05
Fugue-asplos-EPIC-shared-readers-B2,F3,prefill_common,31,norm2,GPU,0,0.06957344387910967,0.06958717263599751,1.372875688782816e-05,0.00030125047808
Fugue-asplos-EPIC-shared-readers-B2,F3,decode,all,native_transformer,GPU+PIM,1,0.06958717263599751,0.07549822004120457,0.00591104740520706,0.47123118557102084
Fugue-asplos-EPIC-shared-readers-B2,F3,decode,all,native_transformer,GPU+PIM,2,0.07549822004120457,0.08140926744641164,0.00591104740520706,0.47123127112335367
Fugue-asplos-EPIC-shared-readers-B2,F3,decode,all,native_transformer,GPU+PIM,3,0.08140926744641164,0.0873203148516187,0.00591104740520706,0.4712313566756865
Fugue-asplos-EPIC-shared-readers-B2,F3,decode,all,native_transformer,GPU+PIM,4,0.0873203148516187,0.09323136225682577,0.00591104740520706,0.47123144222801927
Fugue-asplos-EPIC-shared-readers-B2,F3,decode,all,native_transformer,GPU+PIM,5,0.09323136225682577,0.09914240966203283,0.00591104740520706,0.4712315277803521
Fugue-asplos-EPIC-shared-readers-B2,F3,decode,all,native_transformer,GPU+PIM,6,0.09914240966203283,0.1050534570672399,0.00591104740520706,0.4712316133326849
Fugue-asplos-EPIC-shared-readers-B2,F3,decode,all,native_transformer,GPU+PIM,7,0.1050534570672399,0.11096450447244696,0.00591104740520706,0.4712316988850177
Fugue-asplos-EPIC-shared-readers-B2,F3,decode,all,native_transformer,GPU+PIM,8,0.11096450447244696,0.11687555187765403,0.00591104740520706,0.4712317844373505
Fugue-asplos-EPIC-shared-readers-B2,F3,decode,all,native_transformer,GPU+PIM,9,0.11687555187765403,0.12278659928286109,0.00591104740520706,0.4712318699896833
Fugue-asplos-EPIC-shared-readers-B2,F3,decode,all,native_transformer,GPU+PIM,10,0.12278659928286109,0.12869764668806816,0.00591104740520706,0.4712319555420161
Fugue-asplos-EPIC-shared-readers-B2,F3,decode,all,native_transformer,GPU+PIM,11,0.12869764668806816,0.13460869409327522,0.00591104740520706,0.4712320410943489
Fugue-asplos-EPIC-shared-readers-B2,F3,decode,all,native_transformer,GPU+PIM,12,0.13460869409327522,0.1405197414984823,0.00591104740520706,0.4712321266466817
Fugue-asplos-EPIC-shared-readers-B2,F3,decode,all,native_transformer,GPU+PIM,13,0.1405197414984823,0.14643078890368935,0.00591104740520706,0.47123221219901446
Fugue-asplos-EPIC-shared-readers-B2,F3,decode,all,native_transformer,GPU+PIM,14,0.14643078890368935,0.15234242690089642,0.00591163799720706,0.4713072709353473
Fugue-asplos-EPIC-shared-readers-B2,F3,decode,all,native_transformer,GPU+PIM,15,0.15234242690089642,0.15825406489810348,0.00591163799720706,0.47130735648768013
Fugue-asplos-EPIC-shared-readers-B2,F4,prefill_common,0,qkv,GPU,0,0.0,0.00017059524923076924,0.00017059524923076924,0.02012541353984
Fugue-asplos-EPIC-shared-readers-B2,F4,prefill_attention,0,attention_service,PIM,0,0.00017059524923076924,0.0008645491724559085,0.0006939539232251393,0.03302555647283201
Fugue-asplos-EPIC-shared-readers-B2,F4,prefill_common,0,proj,GPU,0,0.0008645491724559085,0.0009214142555328316,5.686508307692308e-05,0.0069662565990399996
Fugue-asplos-EPIC-shared-readers-B2,F4,prefill_common,0,comm_g2g,GPU,0,0.0009214142555328316,0.0009214142555328316,0.0,3.20339968e-05
Fugue-asplos-EPIC-shared-readers-B2,F4,prefill_common,0,norm1,GPU,0,0.0009214142555328316,0.0009351430124206598,1.372875688782816e-05,0.00030125047808
Fugue-asplos-EPIC-shared-readers-B2,F4,prefill_common,0,ff1,GPU,0,0.0009351430124206598,0.0010737855006843961,0.00013864248826373626,0.018058472762026663
Fugue-asplos-EPIC-shared-readers-B2,F4,prefill_common,0,ff2,GPU,0,0.0010737855006843961,0.0012124279889481324,0.00013864248826373626,0.018058472762026663
Fugue-asplos-EPIC-shared-readers-B2,F4,prefill_common,0,glu,GPU,0,0.0012124279889481324,0.001228421293563517,1.5993304615384617e-05,0.0008059630387199999
Fugue-asplos-EPIC-shared-readers-B2,F4,prefill_common,0,ff3,GPU,0,0.001228421293563517,0.0013800615151019786,0.00015164022153846154,0.018410353896106665
Fugue-asplos-EPIC-shared-readers-B2,F4,prefill_common,0,comm_g2g,GPU,0,0.0013800615151019786,0.0013800615151019786,0.0,3.20339968e-05
Fugue-asplos-EPIC-shared-readers-B2,F4,prefill_common,0,norm2,GPU,0,0.0013800615151019786,0.0013937902719898068,1.372875688782816e-05,0.00030125047808
Fugue-asplos-EPIC-shared-readers-B2,F4,prefill_common,1,qkv,GPU,0,0.0013937902719898068,0.001564385521220576,0.00017059524923076924,0.02012541353984
Fugue-asplos-EPIC-shared-readers-B2,F4,prefill_attention,1,attention_service,PIM,0,0.001564385521220576,0.0022583394444457153,0.0006939539232251393,0.03302555647283201
Fugue-asplos-EPIC-shared-readers-B2,F4,prefill_common,1,proj,GPU,0,0.0022583394444457153,0.0023152045275226384,5.686508307692308e-05,0.0069662565990399996
Fugue-asplos-EPIC-shared-readers-B2,F4,prefill_common,1,comm_g2g,GPU,0,0.0023152045275226384,0.0023152045275226384,0.0,3.20339968e-05
Fugue-asplos-EPIC-shared-readers-B2,F4,prefill_common,1,norm1,GPU,0,0.0023152045275226384,0.0023289332844104666,1.372875688782816e-05,0.00030125047808
Fugue-asplos-EPIC-shared-readers-B2,F4,prefill_common,1,ff1,GPU,0,0.0023289332844104666,0.002467575772674203,0.00013864248826373626,0.018058472762026663
Fugue-asplos-EPIC-shared-readers-B2,F4,prefill_common,1,ff2,GPU,0,0.002467575772674203,0.002606218260937939,0.00013864248826373626,0.018058472762026663
Fugue-asplos-EPIC-shared-readers-B2,F4,prefill_common,1,glu,GPU,0,0.002606218260937939,0.002622211565553324,1.5993304615384617e-05,0.0008059630387199999
Fugue-asplos-EPIC-shared-readers-B2,F4,prefill_common,1,ff3,GPU,0,0.002622211565553324,0.0027738517870917853,0.00015164022153846154,0.018410353896106665
Fugue-asplos-EPIC-shared-readers-B2,F4,prefill_common,1,comm_g2g,GPU,0,0.0027738517870917853,0.0027738517870917853,0.0,3.20339968e-05
Fugue-asplos-EPIC-shared-readers-B2,F4,prefill_common,1,norm2,GPU,0,0.0027738517870917853,0.0027875805439796135,1.372875688782816e-05,0.00030125047808
Fugue-asplos-EPIC-shared-readers-B2,F4,prefill_common,2,qkv,GPU,0,0.0027875805439796135,0.0029581757932103827,0.00017059524923076924,0.02012541353984
Fugue-asplos-EPIC-shared-readers-B2,F4,prefill_attention,2,attention_service,PIM,0,0.0029581757932103827,0.003652129716435522,0.0006939539232251393,0.03302555647283201
Fugue-asplos-EPIC-shared-readers-B2,F4,prefill_common,2,proj,GPU,0,0.003652129716435522,0.003708994799512445,5.686508307692308e-05,0.0069662565990399996
Fugue-asplos-EPIC-shared-readers-B2,F4,prefill_common,2,comm_g2g,GPU,0,0.003708994799512445,0.003708994799512445,0.0,3.20339968e-05
Fugue-asplos-EPIC-shared-readers-B2,F4,prefill_common,2,norm1,GPU,0,0.003708994799512445,0.0037227235564002733,1.372875688782816e-05,0.00030125047808
Fugue-asplos-EPIC-shared-readers-B2,F4,prefill_common,2,ff1,GPU,0,0.0037227235564002733,0.0038613660446640097,0.00013864248826373626,0.018058472762026663
Fugue-asplos-EPIC-shared-readers-B2,F4,prefill_common,2,ff2,GPU,0,0.0038613660446640097,0.0040000085329277455,0.00013864248826373626,0.018058472762026663
Fugue-asplos-EPIC-shared-readers-B2,F4,prefill_common,2,glu,GPU,0,0.0040000085329277455,0.00401600183754313,1.5993304615384617e-05,0.0008059630387199999
Fugue-asplos-EPIC-shared-readers-B2,F4,prefill_common,2,ff3,GPU,0,0.00401600183754313,0.004167642059081592,0.00015164022153846154,0.018410353896106665
Fugue-asplos-EPIC-shared-readers-B2,F4,prefill_common,2,comm_g2g,GPU,0,0.004167642059081592,0.004167642059081592,0.0,3.20339968e-05
Fugue-asplos-EPIC-shared-readers-B2,F4,prefill_common,2,norm2,GPU,0,0.004167642059081592,0.00418137081596942,1.372875688782816e-05,0.00030125047808
Fugue-asplos-EPIC-shared-readers-B2,F4,prefill_common,3,qkv,GPU,0,0.00418137081596942,0.0043519660652001895,0.00017059524923076924,0.02012541353984
Fugue-asplos-EPIC-shared-readers-B2,F4,prefill_attention,3,attention_service,PIM,0,0.0043519660652001895,0.005045919988425329,0.0006939539232251393,0.03302555647283201
Fugue-asplos-EPIC-shared-readers-B2,F4,prefill_common,3,proj,GPU,0,0.005045919988425329,0.005102785071502252,5.686508307692308e-05,0.0069662565990399996
Fugue-asplos-EPIC-shared-readers-B2,F4,prefill_common,3,comm_g2g,GPU,0,0.005102785071502252,0.005102785071502252,0.0,3.20339968e-05
Fugue-asplos-EPIC-shared-readers-B2,F4,prefill_common,3,norm1,GPU,0,0.005102785071502252,0.00511651382839008,1.372875688782816e-05,0.00030125047808
Fugue-asplos-EPIC-shared-readers-B2,F4,prefill_common,3,ff1,GPU,0,0.00511651382839008,0.005255156316653816,0.00013864248826373626,0.018058472762026663
Fugue-asplos-EPIC-shared-readers-B2,F4,prefill_common,3,ff2,GPU,0,0.005255156316653816,0.005393798804917553,0.00013864248826373626,0.018058472762026663
Fugue-asplos-EPIC-shared-readers-B2,F4,prefill_common,3,glu,GPU,0,0.005393798804917553,0.0054097921095329375,1.5993304615384617e-05,0.0008059630387199999
Fugue-asplos-EPIC-shared-readers-B2,F4,prefill_common,3,ff3,GPU,0,0.0054097921095329375,0.005561432331071399,0.00015164022153846154,0.018410353896106665
Fugue-asplos-EPIC-shared-readers-B2,F4,prefill_common,3,comm_g2g,GPU,0,0.005561432331071399,0.005561432331071399,0.0,3.20339968e-05
Fugue-asplos-EPIC-shared-readers-B2,F4,prefill_common,3,norm2,GPU,0,0.005561432331071399,0.005575161087959227,1.372875688782816e-05,0.00030125047808
Fugue-asplos-EPIC-shared-readers-B2,F4,prefill_common,4,qkv,GPU,0,0.005575161087959227,0.005745756337189997,0.00017059524923076924,0.02012541353984
Fugue-asplos-EPIC-shared-readers-B2,F4,prefill_attention,4,attention_service,PIM,0,0.005745756337189997,0.006439710260415136,0.0006939539232251393,0.03302555647283201
Fugue-asplos-EPIC-shared-readers-B2,F4,prefill_common,4,proj,GPU,0,0.006439710260415136,0.0064965753434920595,5.686508307692308e-05,0.0069662565990399996
Fugue-asplos-EPIC-shared-readers-B2,F4,prefill_common,4,comm_g2g,GPU,0,0.0064965753434920595,0.0064965753434920595,0.0,3.20339968e-05
Fugue-asplos-EPIC-shared-readers-B2,F4,prefill_common,4,norm1,GPU,0,0.0064965753434920595,0.006510304100379887,1.372875688782816e-05,0.00030125047808
Fugue-asplos-EPIC-shared-readers-B2,F4,prefill_common,4,ff1,GPU,0,0.006510304100379887,0.006648946588643624,0.00013864248826373626,0.018058472762026663
Fugue-asplos-EPIC-shared-readers-B2,F4,prefill_common,4,ff2,GPU,0,0.006648946588643624,0.00678758907690736,0.00013864248826373626,0.018058472762026663
Fugue-asplos-EPIC-shared-readers-B2,F4,prefill_common,4,glu,GPU,0,0.00678758907690736,0.006803582381522745,1.5993304615384617e-05,0.0008059630387199999
Fugue-asplos-EPIC-shared-readers-B2,F4,prefill_common,4,ff3,GPU,0,0.006803582381522745,0.0069552226030612065,0.00015164022153846154,0.018410353896106665
Fugue-asplos-EPIC-shared-readers-B2,F4,prefill_common,4,comm_g2g,GPU,0,0.0069552226030612065,0.0069552226030612065,0.0,3.20339968e-05
Fugue-asplos-EPIC-shared-readers-B2,F4,prefill_common,4,norm2,GPU,0,0.0069552226030612065,0.006968951359949034,1.372875688782816e-05,0.00030125047808
Fugue-asplos-EPIC-shared-readers-B2,F4,prefill_common,5,qkv,GPU,0,0.006968951359949034,0.007139546609179804,0.00017059524923076924,0.02012541353984
Fugue-asplos-EPIC-shared-readers-B2,F4,prefill_attention,5,attention_service,PIM,0,0.007139546609179804,0.007833500532404943,0.0006939539232251393,0.03302555647283201
Fugue-asplos-EPIC-shared-readers-B2,F4,prefill_common,5,proj,GPU,0,0.007833500532404943,0.007890365615481867,5.686508307692308e-05,0.0069662565990399996
Fugue-asplos-EPIC-shared-readers-B2,F4,prefill_common,5,comm_g2g,GPU,0,0.007890365615481867,0.007890365615481867,0.0,3.20339968e-05
Fugue-asplos-EPIC-shared-readers-B2,F4,prefill_common,5,norm1,GPU,0,0.007890365615481867,0.007904094372369695,1.372875688782816e-05,0.00030125047808
Fugue-asplos-EPIC-shared-readers-B2,F4,prefill_common,5,ff1,GPU,0,0.007904094372369695,0.00804273686063343,0.00013864248826373626,0.018058472762026663
Fugue-asplos-EPIC-shared-readers-B2,F4,prefill_common,5,ff2,GPU,0,0.00804273686063343,0.008181379348897167,0.00013864248826373626,0.018058472762026663
Fugue-asplos-EPIC-shared-readers-B2,F4,prefill_common,5,glu,GPU,0,0.008181379348897167,0.008197372653512551,1.5993304615384617e-05,0.0008059630387199999
Fugue-asplos-EPIC-shared-readers-B2,F4,prefill_common,5,ff3,GPU,0,0.008197372653512551,0.008349012875051012,0.00015164022153846154,0.018410353896106665
Fugue-asplos-EPIC-shared-readers-B2,F4,prefill_common,5,comm_g2g,GPU,0,0.008349012875051012,0.008349012875051012,0.0,3.20339968e-05
Fugue-asplos-EPIC-shared-readers-B2,F4,prefill_common,5,norm2,GPU,0,0.008349012875051012,0.00836274163193884,1.372875688782816e-05,0.00030125047808
Fugue-asplos-EPIC-shared-readers-B2,F4,prefill_common,6,qkv,GPU,0,0.00836274163193884,0.008533336881169609,0.00017059524923076924,0.02012541353984
Fugue-asplos-EPIC-shared-readers-B2,F4,prefill_attention,6,attention_service,PIM,0,0.008533336881169609,0.009227290804394748,0.0006939539232251393,0.03302555647283201
Fugue-asplos-EPIC-shared-readers-B2,F4,prefill_common,6,proj,GPU,0,0.009227290804394748,0.009284155887471671,5.686508307692308e-05,0.0069662565990399996
Fugue-asplos-EPIC-shared-readers-B2,F4,prefill_common,6,comm_g2g,GPU,0,0.009284155887471671,0.009284155887471671,0.0,3.20339968e-05
Fugue-asplos-EPIC-shared-readers-B2,F4,prefill_common,6,norm1,GPU,0,0.009284155887471671,0.009297884644359499,1.372875688782816e-05,0.00030125047808
Fugue-asplos-EPIC-shared-readers-B2,F4,prefill_common,6,ff1,GPU,0,0.009297884644359499,0.009436527132623235,0.00013864248826373626,0.018058472762026663
Fugue-asplos-EPIC-shared-readers-B2,F4,prefill_common,6,ff2,GPU,0,0.009436527132623235,0.009575169620886972,0.00013864248826373626,0.018058472762026663
Fugue-asplos-EPIC-shared-readers-B2,F4,prefill_common,6,glu,GPU,0,0.009575169620886972,0.009591162925502356,1.5993304615384617e-05,0.0008059630387199999
Fugue-asplos-EPIC-shared-readers-B2,F4,prefill_common,6,ff3,GPU,0,0.009591162925502356,0.009742803147040817,0.00015164022153846154,0.018410353896106665
Fugue-asplos-EPIC-shared-readers-B2,F4,prefill_common,6,comm_g2g,GPU,0,0.009742803147040817,0.009742803147040817,0.0,3.20339968e-05
Fugue-asplos-EPIC-shared-readers-B2,F4,prefill_common,6,norm2,GPU,0,0.009742803147040817,0.009756531903928644,1.372875688782816e-05,0.00030125047808
Fugue-asplos-EPIC-shared-readers-B2,F4,prefill_common,7,qkv,GPU,0,0.009756531903928644,0.009927127153159413,0.00017059524923076924,0.02012541353984
Fugue-asplos-EPIC-shared-readers-B2,F4,prefill_attention,7,attention_service,PIM,0,0.009927127153159413,0.010621081076384552,0.0006939539232251393,0.03302555647283201
Fugue-asplos-EPIC-shared-readers-B2,F4,prefill_common,7,proj,GPU,0,0.010621081076384552,0.010677946159461476,5.686508307692308e-05,0.0069662565990399996
Fugue-asplos-EPIC-shared-readers-B2,F4,prefill_common,7,comm_g2g,GPU,0,0.010677946159461476,0.010677946159461476,0.0,3.20339968e-05
Fugue-asplos-EPIC-shared-readers-B2,F4,prefill_common,7,norm1,GPU,0,0.010677946159461476,0.010691674916349304,1.372875688782816e-05,0.00030125047808
Fugue-asplos-EPIC-shared-readers-B2,F4,prefill_common,7,ff1,GPU,0,0.010691674916349304,0.01083031740461304,0.00013864248826373626,0.018058472762026663
Fugue-asplos-EPIC-shared-readers-B2,F4,prefill_common,7,ff2,GPU,0,0.01083031740461304,0.010968959892876776,0.00013864248826373626,0.018058472762026663
Fugue-asplos-EPIC-shared-readers-B2,F4,prefill_common,7,glu,GPU,0,0.010968959892876776,0.01098495319749216,1.5993304615384617e-05,0.0008059630387199999
Fugue-asplos-EPIC-shared-readers-B2,F4,prefill_common,7,ff3,GPU,0,0.01098495319749216,0.011136593419030621,0.00015164022153846154,0.018410353896106665
Fugue-asplos-EPIC-shared-readers-B2,F4,prefill_common,7,comm_g2g,GPU,0,0.011136593419030621,0.011136593419030621,0.0,3.20339968e-05
Fugue-asplos-EPIC-shared-readers-B2,F4,prefill_common,7,norm2,GPU,0,0.011136593419030621,0.011150322175918449,1.372875688782816e-05,0.00030125047808
Fugue-asplos-EPIC-shared-readers-B2,F4,prefill_common,8,qkv,GPU,0,0.011150322175918449,0.011320917425149218,0.00017059524923076924,0.02012541353984
Fugue-asplos-EPIC-shared-readers-B2,F4,prefill_attention,8,attention_service,PIM,0,0.011320917425149218,0.012014871348374357,0.0006939539232251393,0.03302555647283201
Fugue-asplos-EPIC-shared-readers-B2,F4,prefill_common,8,proj,GPU,0,0.012014871348374357,0.01207173643145128,5.686508307692308e-05,0.0069662565990399996
Fugue-asplos-EPIC-shared-readers-B2,F4,prefill_common,8,comm_g2g,GPU,0,0.01207173643145128,0.01207173643145128,0.0,3.20339968e-05
Fugue-asplos-EPIC-shared-readers-B2,F4,prefill_common,8,norm1,GPU,0,0.01207173643145128,0.012085465188339108,1.372875688782816e-05,0.00030125047808
Fugue-asplos-EPIC-shared-readers-B2,F4,prefill_common,8,ff1,GPU,0,0.012085465188339108,0.012224107676602845,0.00013864248826373626,0.018058472762026663
Fugue-asplos-EPIC-shared-readers-B2,F4,prefill_common,8,ff2,GPU,0,0.012224107676602845,0.012362750164866581,0.00013864248826373626,0.018058472762026663
Fugue-asplos-EPIC-shared-readers-B2,F4,prefill_common,8,glu,GPU,0,0.012362750164866581,0.012378743469481965,1.5993304615384617e-05,0.0008059630387199999
Fugue-asplos-EPIC-shared-readers-B2,F4,prefill_common,8,ff3,GPU,0,0.012378743469481965,0.012530383691020426,0.00015164022153846154,0.018410353896106665
Fugue-asplos-EPIC-shared-readers-B2,F4,prefill_common,8,comm_g2g,GPU,0,0.012530383691020426,0.012530383691020426,0.0,3.20339968e-05
Fugue-asplos-EPIC-shared-readers-B2,F4,prefill_common,8,norm2,GPU,0,0.012530383691020426,0.012544112447908254,1.372875688782816e-05,0.00030125047808
Fugue-asplos-EPIC-shared-readers-B2,F4,prefill_common,9,qkv,GPU,0,0.012544112447908254,0.012714707697139022,0.00017059524923076924,0.02012541353984
Fugue-asplos-EPIC-shared-readers-B2,F4,prefill_attention,9,attention_service,PIM,0,0.012714707697139022,0.013408661620364162,0.0006939539232251393,0.03302555647283201
Fugue-asplos-EPIC-shared-readers-B2,F4,prefill_common,9,proj,GPU,0,0.013408661620364162,0.013465526703441085,5.686508307692308e-05,0.0069662565990399996
Fugue-asplos-EPIC-shared-readers-B2,F4,prefill_common,9,comm_g2g,GPU,0,0.013465526703441085,0.013465526703441085,0.0,3.20339968e-05
Fugue-asplos-EPIC-shared-readers-B2,F4,prefill_common,9,norm1,GPU,0,0.013465526703441085,0.013479255460328913,1.372875688782816e-05,0.00030125047808
Fugue-asplos-EPIC-shared-readers-B2,F4,prefill_common,9,ff1,GPU,0,0.013479255460328913,0.01361789794859265,0.00013864248826373626,0.018058472762026663
Fugue-asplos-EPIC-shared-readers-B2,F4,prefill_common,9,ff2,GPU,0,0.01361789794859265,0.013756540436856386,0.00013864248826373626,0.018058472762026663
Fugue-asplos-EPIC-shared-readers-B2,F4,prefill_common,9,glu,GPU,0,0.013756540436856386,0.01377253374147177,1.5993304615384617e-05,0.0008059630387199999
Fugue-asplos-EPIC-shared-readers-B2,F4,prefill_common,9,ff3,GPU,0,0.01377253374147177,0.01392417396301023,0.00015164022153846154,0.018410353896106665
Fugue-asplos-EPIC-shared-readers-B2,F4,prefill_common,9,comm_g2g,GPU,0,0.01392417396301023,0.01392417396301023,0.0,3.20339968e-05
Fugue-asplos-EPIC-shared-readers-B2,F4,prefill_common,9,norm2,GPU,0,0.01392417396301023,0.013937902719898058,1.372875688782816e-05,0.00030125047808
Fugue-asplos-EPIC-shared-readers-B2,F4,prefill_common,10,qkv,GPU,0,0.013937902719898058,0.014108497969128827,0.00017059524923076924,0.02012541353984
Fugue-asplos-EPIC-shared-readers-B2,F4,prefill_attention,10,attention_service,PIM,0,0.014108497969128827,0.014802451892353966,0.0006939539232251393,0.03302555647283201
Fugue-asplos-EPIC-shared-readers-B2,F4,prefill_common,10,proj,GPU,0,0.014802451892353966,0.01485931697543089,5.686508307692308e-05,0.0069662565990399996
Fugue-asplos-EPIC-shared-readers-B2,F4,prefill_common,10,comm_g2g,GPU,0,0.01485931697543089,0.01485931697543089,0.0,3.20339968e-05
Fugue-asplos-EPIC-shared-readers-B2,F4,prefill_common,10,norm1,GPU,0,0.01485931697543089,0.014873045732318717,1.372875688782816e-05,0.00030125047808
Fugue-asplos-EPIC-shared-readers-B2,F4,prefill_common,10,ff1,GPU,0,0.014873045732318717,0.015011688220582454,0.00013864248826373626,0.018058472762026663
Fugue-asplos-EPIC-shared-readers-B2,F4,prefill_common,10,ff2,GPU,0,0.015011688220582454,0.01515033070884619,0.00013864248826373626,0.018058472762026663
Fugue-asplos-EPIC-shared-readers-B2,F4,prefill_common,10,glu,GPU,0,0.01515033070884619,0.015166324013461574,1.5993304615384617e-05,0.0008059630387199999
Fugue-asplos-EPIC-shared-readers-B2,F4,prefill_common,10,ff3,GPU,0,0.015166324013461574,0.015317964235000035,0.00015164022153846154,0.018410353896106665
Fugue-asplos-EPIC-shared-readers-B2,F4,prefill_common,10,comm_g2g,GPU,0,0.015317964235000035,0.015317964235000035,0.0,3.20339968e-05
Fugue-asplos-EPIC-shared-readers-B2,F4,prefill_common,10,norm2,GPU,0,0.015317964235000035,0.015331692991887863,1.372875688782816e-05,0.00030125047808
Fugue-asplos-EPIC-shared-readers-B2,F4,prefill_common,11,qkv,GPU,0,0.015331692991887863,0.015502288241118631,0.00017059524923076924,0.02012541353984
Fugue-asplos-EPIC-shared-readers-B2,F4,prefill_attention,11,attention_service,PIM,0,0.015502288241118631,0.01619624216434377,0.0006939539232251393,0.03302555647283201
Fugue-asplos-EPIC-shared-readers-B2,F4,prefill_common,11,proj,GPU,0,0.01619624216434377,0.016253107247420694,5.686508307692308e-05,0.0069662565990399996
Fugue-asplos-EPIC-shared-readers-B2,F4,prefill_common,11,comm_g2g,GPU,0,0.016253107247420694,0.016253107247420694,0.0,3.20339968e-05
Fugue-asplos-EPIC-shared-readers-B2,F4,prefill_common,11,norm1,GPU,0,0.016253107247420694,0.016266836004308522,1.372875688782816e-05,0.00030125047808
Fugue-asplos-EPIC-shared-readers-B2,F4,prefill_common,11,ff1,GPU,0,0.016266836004308522,0.01640547849257226,0.00013864248826373626,0.018058472762026663
Fugue-asplos-EPIC-shared-readers-B2,F4,prefill_common,11,ff2,GPU,0,0.01640547849257226,0.016544120980835995,0.00013864248826373626,0.018058472762026663
Fugue-asplos-EPIC-shared-readers-B2,F4,prefill_common,11,glu,GPU,0,0.016544120980835995,0.01656011428545138,1.5993304615384617e-05,0.0008059630387199999
Fugue-asplos-EPIC-shared-readers-B2,F4,prefill_common,11,ff3,GPU,0,0.01656011428545138,0.01671175450698984,0.00015164022153846154,0.018410353896106665
Fugue-asplos-EPIC-shared-readers-B2,F4,prefill_common,11,comm_g2g,GPU,0,0.01671175450698984,0.01671175450698984,0.0,3.20339968e-05
Fugue-asplos-EPIC-shared-readers-B2,F4,prefill_common,11,norm2,GPU,0,0.01671175450698984,0.01672548326387767,1.372875688782816e-05,0.00030125047808
Fugue-asplos-EPIC-shared-readers-B2,F4,prefill_common,12,qkv,GPU,0,0.01672548326387767,0.01689607851310844,0.00017059524923076924,0.02012541353984
Fugue-asplos-EPIC-shared-readers-B2,F4,prefill_attention,12,attention_service,PIM,0,0.01689607851310844,0.01759003243633358,0.0006939539232251393,0.03302555647283201
Fugue-asplos-EPIC-shared-readers-B2,F4,prefill_common,12,proj,GPU,0,0.01759003243633358,0.017646897519410502,5.686508307692308e-05,0.0069662565990399996
Fugue-asplos-EPIC-shared-readers-B2,F4,prefill_common,12,comm_g2g,GPU,0,0.017646897519410502,0.017646897519410502,0.0,3.20339968e-05
Fugue-asplos-EPIC-shared-readers-B2,F4,prefill_common,12,norm1,GPU,0,0.017646897519410502,0.01766062627629833,1.372875688782816e-05,0.00030125047808
Fugue-asplos-EPIC-shared-readers-B2,F4,prefill_common,12,ff1,GPU,0,0.01766062627629833,0.017799268764562066,0.00013864248826373626,0.018058472762026663
Fugue-asplos-EPIC-shared-readers-B2,F4,prefill_common,12,ff2,GPU,0,0.017799268764562066,0.017937911252825803,0.00013864248826373626,0.018058472762026663
Fugue-asplos-EPIC-shared-readers-B2,F4,prefill_common,12,glu,GPU,0,0.017937911252825803,0.017953904557441187,1.5993304615384617e-05,0.0008059630387199999
Fugue-asplos-EPIC-shared-readers-B2,F4,prefill_common,12,ff3,GPU,0,0.017953904557441187,0.01810554477897965,0.00015164022153846154,0.018410353896106665
Fugue-asplos-EPIC-shared-readers-B2,F4,prefill_common,12,comm_g2g,GPU,0,0.01810554477897965,0.01810554477897965,0.0,3.20339968e-05
Fugue-asplos-EPIC-shared-readers-B2,F4,prefill_common,12,norm2,GPU,0,0.01810554477897965,0.018119273535867477,1.372875688782816e-05,0.00030125047808
Fugue-asplos-EPIC-shared-readers-B2,F4,prefill_common,13,qkv,GPU,0,0.018119273535867477,0.018289868785098248,0.00017059524923076924,0.02012541353984
Fugue-asplos-EPIC-shared-readers-B2,F4,prefill_attention,13,attention_service,PIM,0,0.018289868785098248,0.018983822708323387,0.0006939539232251393,0.03302555647283201
Fugue-asplos-EPIC-shared-readers-B2,F4,prefill_common,13,proj,GPU,0,0.018983822708323387,0.01904068779140031,5.686508307692308e-05,0.0069662565990399996
Fugue-asplos-EPIC-shared-readers-B2,F4,prefill_common,13,comm_g2g,GPU,0,0.01904068779140031,0.01904068779140031,0.0,3.20339968e-05
Fugue-asplos-EPIC-shared-readers-B2,F4,prefill_common,13,norm1,GPU,0,0.01904068779140031,0.019054416548288138,1.372875688782816e-05,0.00030125047808
Fugue-asplos-EPIC-shared-readers-B2,F4,prefill_common,13,ff1,GPU,0,0.019054416548288138,0.019193059036551875,0.00013864248826373626,0.018058472762026663
Fugue-asplos-EPIC-shared-readers-B2,F4,prefill_common,13,ff2,GPU,0,0.019193059036551875,0.01933170152481561,0.00013864248826373626,0.018058472762026663
Fugue-asplos-EPIC-shared-readers-B2,F4,prefill_common,13,glu,GPU,0,0.01933170152481561,0.019347694829430995,1.5993304615384617e-05,0.0008059630387199999
Fugue-asplos-EPIC-shared-readers-B2,F4,prefill_common,13,ff3,GPU,0,0.019347694829430995,0.019499335050969457,0.00015164022153846154,0.018410353896106665
Fugue-asplos-EPIC-shared-readers-B2,F4,prefill_common,13,comm_g2g,GPU,0,0.019499335050969457,0.019499335050969457,0.0,3.20339968e-05
Fugue-asplos-EPIC-shared-readers-B2,F4,prefill_common,13,norm2,GPU,0,0.019499335050969457,0.019513063807857285,1.372875688782816e-05,0.00030125047808
Fugue-asplos-EPIC-shared-readers-B2,F4,prefill_common,14,qkv,GPU,0,0.019513063807857285,0.019683659057088056,0.00017059524923076924,0.02012541353984
Fugue-asplos-EPIC-shared-readers-B2,F4,prefill_attention,14,attention_service,PIM,0,0.019683659057088056,0.020377612980313195,0.0006939539232251393,0.03302555647283201
Fugue-asplos-EPIC-shared-readers-B2,F4,prefill_common,14,proj,GPU,0,0.020377612980313195,0.02043447806339012,5.686508307692308e-05,0.0069662565990399996
Fugue-asplos-EPIC-shared-readers-B2,F4,prefill_common,14,comm_g2g,GPU,0,0.02043447806339012,0.02043447806339012,0.0,3.20339968e-05
Fugue-asplos-EPIC-shared-readers-B2,F4,prefill_common,14,norm1,GPU,0,0.02043447806339012,0.020448206820277946,1.372875688782816e-05,0.00030125047808
Fugue-asplos-EPIC-shared-readers-B2,F4,prefill_common,14,ff1,GPU,0,0.020448206820277946,0.020586849308541683,0.00013864248826373626,0.018058472762026663
Fugue-asplos-EPIC-shared-readers-B2,F4,prefill_common,14,ff2,GPU,0,0.020586849308541683,0.02072549179680542,0.00013864248826373626,0.018058472762026663
Fugue-asplos-EPIC-shared-readers-B2,F4,prefill_common,14,glu,GPU,0,0.02072549179680542,0.020741485101420803,1.5993304615384617e-05,0.0008059630387199999
Fugue-asplos-EPIC-shared-readers-B2,F4,prefill_common,14,ff3,GPU,0,0.020741485101420803,0.020893125322959265,0.00015164022153846154,0.018410353896106665
Fugue-asplos-EPIC-shared-readers-B2,F4,prefill_common,14,comm_g2g,GPU,0,0.020893125322959265,0.020893125322959265,0.0,3.20339968e-05
Fugue-asplos-EPIC-shared-readers-B2,F4,prefill_common,14,norm2,GPU,0,0.020893125322959265,0.020906854079847093,1.372875688782816e-05,0.00030125047808
Fugue-asplos-EPIC-shared-readers-B2,F4,prefill_common,15,qkv,GPU,0,0.020906854079847093,0.021077449329077864,0.00017059524923076924,0.02012541353984
Fugue-asplos-EPIC-shared-readers-B2,F4,prefill_attention,15,attention_service,PIM,0,0.021077449329077864,0.021771403252303003,0.0006939539232251393,0.03302555647283201
Fugue-asplos-EPIC-shared-readers-B2,F4,prefill_common,15,proj,GPU,0,0.021771403252303003,0.021828268335379927,5.686508307692308e-05,0.0069662565990399996
Fugue-asplos-EPIC-shared-readers-B2,F4,prefill_common,15,comm_g2g,GPU,0,0.021828268335379927,0.021828268335379927,0.0,3.20339968e-05
Fugue-asplos-EPIC-shared-readers-B2,F4,prefill_common,15,norm1,GPU,0,0.021828268335379927,0.021841997092267754,1.372875688782816e-05,0.00030125047808
Fugue-asplos-EPIC-shared-readers-B2,F4,prefill_common,15,ff1,GPU,0,0.021841997092267754,0.02198063958053149,0.00013864248826373626,0.018058472762026663
Fugue-asplos-EPIC-shared-readers-B2,F4,prefill_common,15,ff2,GPU,0,0.02198063958053149,0.022119282068795227,0.00013864248826373626,0.018058472762026663
Fugue-asplos-EPIC-shared-readers-B2,F4,prefill_common,15,glu,GPU,0,0.022119282068795227,0.02213527537341061,1.5993304615384617e-05,0.0008059630387199999
Fugue-asplos-EPIC-shared-readers-B2,F4,prefill_common,15,ff3,GPU,0,0.02213527537341061,0.022286915594949074,0.00015164022153846154,0.018410353896106665
Fugue-asplos-EPIC-shared-readers-B2,F4,prefill_common,15,comm_g2g,GPU,0,0.022286915594949074,0.022286915594949074,0.0,3.20339968e-05
Fugue-asplos-EPIC-shared-readers-B2,F4,prefill_common,15,norm2,GPU,0,0.022286915594949074,0.0223006443518369,1.372875688782816e-05,0.00030125047808
Fugue-asplos-EPIC-shared-readers-B2,F4,prefill_common,16,qkv,GPU,0,0.0223006443518369,0.022471239601067672,0.00017059524923076924,0.02012541353984
Fugue-asplos-EPIC-shared-readers-B2,F4,prefill_attention,16,attention_service,PIM,0,0.022471239601067672,0.02316519352429281,0.0006939539232251393,0.03302555647283201
Fugue-asplos-EPIC-shared-readers-B2,F4,prefill_common,16,proj,GPU,0,0.02316519352429281,0.023222058607369735,5.686508307692308e-05,0.0069662565990399996
Fugue-asplos-EPIC-shared-readers-B2,F4,prefill_common,16,comm_g2g,GPU,0,0.023222058607369735,0.023222058607369735,0.0,3.20339968e-05
Fugue-asplos-EPIC-shared-readers-B2,F4,prefill_common,16,norm1,GPU,0,0.023222058607369735,0.023235787364257562,1.372875688782816e-05,0.00030125047808
Fugue-asplos-EPIC-shared-readers-B2,F4,prefill_common,16,ff1,GPU,0,0.023235787364257562,0.0233744298525213,0.00013864248826373626,0.018058472762026663
Fugue-asplos-EPIC-shared-readers-B2,F4,prefill_common,16,ff2,GPU,0,0.0233744298525213,0.023513072340785035,0.00013864248826373626,0.018058472762026663
Fugue-asplos-EPIC-shared-readers-B2,F4,prefill_common,16,glu,GPU,0,0.023513072340785035,0.02352906564540042,1.5993304615384617e-05,0.0008059630387199999
Fugue-asplos-EPIC-shared-readers-B2,F4,prefill_common,16,ff3,GPU,0,0.02352906564540042,0.02368070586693888,0.00015164022153846154,0.018410353896106665
Fugue-asplos-EPIC-shared-readers-B2,F4,prefill_common,16,comm_g2g,GPU,0,0.02368070586693888,0.02368070586693888,0.0,3.20339968e-05
Fugue-asplos-EPIC-shared-readers-B2,F4,prefill_common,16,norm2,GPU,0,0.02368070586693888,0.02369443462382671,1.372875688782816e-05,0.00030125047808
Fugue-asplos-EPIC-shared-readers-B2,F4,prefill_common,17,qkv,GPU,0,0.02369443462382671,0.02386502987305748,0.00017059524923076924,0.02012541353984
Fugue-asplos-EPIC-shared-readers-B2,F4,prefill_attention,17,attention_service,PIM,0,0.02386502987305748,0.02455898379628262,0.0006939539232251393,0.03302555647283201
Fugue-asplos-EPIC-shared-readers-B2,F4,prefill_common,17,proj,GPU,0,0.02455898379628262,0.024615848879359543,5.686508307692308e-05,0.0069662565990399996
Fugue-asplos-EPIC-shared-readers-B2,F4,prefill_common,17,comm_g2g,GPU,0,0.024615848879359543,0.024615848879359543,0.0,3.20339968e-05
Fugue-asplos-EPIC-shared-readers-B2,F4,prefill_common,17,norm1,GPU,0,0.024615848879359543,0.02462957763624737,1.372875688782816e-05,0.00030125047808
Fugue-asplos-EPIC-shared-readers-B2,F4,prefill_common,17,ff1,GPU,0,0.02462957763624737,0.024768220124511107,0.00013864248826373626,0.018058472762026663
Fugue-asplos-EPIC-shared-readers-B2,F4,prefill_common,17,ff2,GPU,0,0.024768220124511107,0.024906862612774843,0.00013864248826373626,0.018058472762026663
Fugue-asplos-EPIC-shared-readers-B2,F4,prefill_common,17,glu,GPU,0,0.024906862612774843,0.024922855917390227,1.5993304615384617e-05,0.0008059630387199999
Fugue-asplos-EPIC-shared-readers-B2,F4,prefill_common,17,ff3,GPU,0,0.024922855917390227,0.02507449613892869,0.00015164022153846154,0.018410353896106665
Fugue-asplos-EPIC-shared-readers-B2,F4,prefill_common,17,comm_g2g,GPU,0,0.02507449613892869,0.02507449613892869,0.0,3.20339968e-05
Fugue-asplos-EPIC-shared-readers-B2,F4,prefill_common,17,norm2,GPU,0,0.02507449613892869,0.025088224895816517,1.372875688782816e-05,0.00030125047808
Fugue-asplos-EPIC-shared-readers-B2,F4,prefill_common,18,qkv,GPU,0,0.025088224895816517,0.025258820145047288,0.00017059524923076924,0.02012541353984
Fugue-asplos-EPIC-shared-readers-B2,F4,prefill_attention,18,attention_service,PIM,0,0.025258820145047288,0.025952774068272427,0.0006939539232251393,0.03302555647283201
Fugue-asplos-EPIC-shared-readers-B2,F4,prefill_common,18,proj,GPU,0,0.025952774068272427,0.02600963915134935,5.686508307692308e-05,0.0069662565990399996
Fugue-asplos-EPIC-shared-readers-B2,F4,prefill_common,18,comm_g2g,GPU,0,0.02600963915134935,0.02600963915134935,0.0,3.20339968e-05
Fugue-asplos-EPIC-shared-readers-B2,F4,prefill_common,18,norm1,GPU,0,0.02600963915134935,0.02602336790823718,1.372875688782816e-05,0.00030125047808
Fugue-asplos-EPIC-shared-readers-B2,F4,prefill_common,18,ff1,GPU,0,0.02602336790823718,0.026162010396500915,0.00013864248826373626,0.018058472762026663
Fugue-asplos-EPIC-shared-readers-B2,F4,prefill_common,18,ff2,GPU,0,0.026162010396500915,0.02630065288476465,0.00013864248826373626,0.018058472762026663
Fugue-asplos-EPIC-shared-readers-B2,F4,prefill_common,18,glu,GPU,0,0.02630065288476465,0.026316646189380035,1.5993304615384617e-05,0.0008059630387199999
Fugue-asplos-EPIC-shared-readers-B2,F4,prefill_common,18,ff3,GPU,0,0.026316646189380035,0.026468286410918498,0.00015164022153846154,0.018410353896106665
Fugue-asplos-EPIC-shared-readers-B2,F4,prefill_common,18,comm_g2g,GPU,0,0.026468286410918498,0.026468286410918498,0.0,3.20339968e-05
Fugue-asplos-EPIC-shared-readers-B2,F4,prefill_common,18,norm2,GPU,0,0.026468286410918498,0.026482015167806326,1.372875688782816e-05,0.00030125047808
Fugue-asplos-EPIC-shared-readers-B2,F4,prefill_common,19,qkv,GPU,0,0.026482015167806326,0.026652610417037096,0.00017059524923076924,0.02012541353984
Fugue-asplos-EPIC-shared-readers-B2,F4,prefill_attention,19,attention_service,PIM,0,0.026652610417037096,0.027346564340262235,0.0006939539232251393,0.03302555647283201
Fugue-asplos-EPIC-shared-readers-B2,F4,prefill_common,19,proj,GPU,0,0.027346564340262235,0.02740342942333916,5.686508307692308e-05,0.0069662565990399996
Fugue-asplos-EPIC-shared-readers-B2,F4,prefill_common,19,comm_g2g,GPU,0,0.02740342942333916,0.02740342942333916,0.0,3.20339968e-05
Fugue-asplos-EPIC-shared-readers-B2,F4,prefill_common,19,norm1,GPU,0,0.02740342942333916,0.027417158180226987,1.372875688782816e-05,0.00030125047808
Fugue-asplos-EPIC-shared-readers-B2,F4,prefill_common,19,ff1,GPU,0,0.027417158180226987,0.027555800668490723,0.00013864248826373626,0.018058472762026663
Fugue-asplos-EPIC-shared-readers-B2,F4,prefill_common,19,ff2,GPU,0,0.027555800668490723,0.02769444315675446,0.00013864248826373626,0.018058472762026663
Fugue-asplos-EPIC-shared-readers-B2,F4,prefill_common,19,glu,GPU,0,0.02769444315675446,0.027710436461369843,1.5993304615384617e-05,0.0008059630387199999
Fugue-asplos-EPIC-shared-readers-B2,F4,prefill_common,19,ff3,GPU,0,0.027710436461369843,0.027862076682908306,0.00015164022153846154,0.018410353896106665
Fugue-asplos-EPIC-shared-readers-B2,F4,prefill_common,19,comm_g2g,GPU,0,0.027862076682908306,0.027862076682908306,0.0,3.20339968e-05
Fugue-asplos-EPIC-shared-readers-B2,F4,prefill_common,19,norm2,GPU,0,0.027862076682908306,0.027875805439796134,1.372875688782816e-05,0.00030125047808
Fugue-asplos-EPIC-shared-readers-B2,F4,prefill_common,20,qkv,GPU,0,0.027875805439796134,0.028046400689026904,0.00017059524923076924,0.02012541353984
Fugue-asplos-EPIC-shared-readers-B2,F4,prefill_attention,20,attention_service,PIM,0,0.028046400689026904,0.028740354612252043,0.0006939539232251393,0.03302555647283201
Fugue-asplos-EPIC-shared-readers-B2,F4,prefill_common,20,proj,GPU,0,0.028740354612252043,0.028797219695328967,5.686508307692308e-05,0.0069662565990399996
Fugue-asplos-EPIC-shared-readers-B2,F4,prefill_common,20,comm_g2g,GPU,0,0.028797219695328967,0.028797219695328967,0.0,3.20339968e-05
Fugue-asplos-EPIC-shared-readers-B2,F4,prefill_common,20,norm1,GPU,0,0.028797219695328967,0.028810948452216795,1.372875688782816e-05,0.00030125047808
Fugue-asplos-EPIC-shared-readers-B2,F4,prefill_common,20,ff1,GPU,0,0.028810948452216795,0.02894959094048053,0.00013864248826373626,0.018058472762026663
Fugue-asplos-EPIC-shared-readers-B2,F4,prefill_common,20,ff2,GPU,0,0.02894959094048053,0.029088233428744267,0.00013864248826373626,0.018058472762026663
Fugue-asplos-EPIC-shared-readers-B2,F4,prefill_common,20,glu,GPU,0,0.029088233428744267,0.02910422673335965,1.5993304615384617e-05,0.0008059630387199999
Fugue-asplos-EPIC-shared-readers-B2,F4,prefill_common,20,ff3,GPU,0,0.02910422673335965,0.029255866954898114,0.00015164022153846154,0.018410353896106665
Fugue-asplos-EPIC-shared-readers-B2,F4,prefill_common,20,comm_g2g,GPU,0,0.029255866954898114,0.029255866954898114,0.0,3.20339968e-05
Fugue-asplos-EPIC-shared-readers-B2,F4,prefill_common,20,norm2,GPU,0,0.029255866954898114,0.02926959571178594,1.372875688782816e-05,0.00030125047808
Fugue-asplos-EPIC-shared-readers-B2,F4,prefill_common,21,qkv,GPU,0,0.02926959571178594,0.029440190961016712,0.00017059524923076924,0.02012541353984
Fugue-asplos-EPIC-shared-readers-B2,F4,prefill_attention,21,attention_service,PIM,0,0.029440190961016712,0.03013414488424185,0.0006939539232251393,0.03302555647283201
Fugue-asplos-EPIC-shared-readers-B2,F4,prefill_common,21,proj,GPU,0,0.03013414488424185,0.030191009967318775,5.686508307692308e-05,0.0069662565990399996
Fugue-asplos-EPIC-shared-readers-B2,F4,prefill_common,21,comm_g2g,GPU,0,0.030191009967318775,0.030191009967318775,0.0,3.20339968e-05
Fugue-asplos-EPIC-shared-readers-B2,F4,prefill_common,21,norm1,GPU,0,0.030191009967318775,0.030204738724206603,1.372875688782816e-05,0.00030125047808
Fugue-asplos-EPIC-shared-readers-B2,F4,prefill_common,21,ff1,GPU,0,0.030204738724206603,0.03034338121247034,0.00013864248826373626,0.018058472762026663
Fugue-asplos-EPIC-shared-readers-B2,F4,prefill_common,21,ff2,GPU,0,0.03034338121247034,0.030482023700734075,0.00013864248826373626,0.018058472762026663
Fugue-asplos-EPIC-shared-readers-B2,F4,prefill_common,21,glu,GPU,0,0.030482023700734075,0.03049801700534946,1.5993304615384617e-05,0.0008059630387199999
Fugue-asplos-EPIC-shared-readers-B2,F4,prefill_common,21,ff3,GPU,0,0.03049801700534946,0.030649657226887922,0.00015164022153846154,0.018410353896106665
Fugue-asplos-EPIC-shared-readers-B2,F4,prefill_common,21,comm_g2g,GPU,0,0.030649657226887922,0.030649657226887922,0.0,3.20339968e-05
Fugue-asplos-EPIC-shared-readers-B2,F4,prefill_common,21,norm2,GPU,0,0.030649657226887922,0.03066338598377575,1.372875688782816e-05,0.00030125047808
Fugue-asplos-EPIC-shared-readers-B2,F4,prefill_common,22,qkv,GPU,0,0.03066338598377575,0.03083398123300652,0.00017059524923076924,0.02012541353984
Fugue-asplos-EPIC-shared-readers-B2,F4,prefill_attention,22,attention_service,PIM,0,0.03083398123300652,0.03152793515623166,0.0006939539232251393,0.03302555647283201
Fugue-asplos-EPIC-shared-readers-B2,F4,prefill_common,22,proj,GPU,0,0.03152793515623166,0.03158480023930858,5.686508307692308e-05,0.0069662565990399996
Fugue-asplos-EPIC-shared-readers-B2,F4,prefill_common,22,comm_g2g,GPU,0,0.03158480023930858,0.03158480023930858,0.0,3.20339968e-05
Fugue-asplos-EPIC-shared-readers-B2,F4,prefill_common,22,norm1,GPU,0,0.03158480023930858,0.03159852899619641,1.372875688782816e-05,0.00030125047808
Fugue-asplos-EPIC-shared-readers-B2,F4,prefill_common,22,ff1,GPU,0,0.03159852899619641,0.03173717148446015,0.00013864248826373626,0.018058472762026663
Fugue-asplos-EPIC-shared-readers-B2,F4,prefill_common,22,ff2,GPU,0,0.03173717148446015,0.03187581397272388,0.00013864248826373626,0.018058472762026663
Fugue-asplos-EPIC-shared-readers-B2,F4,prefill_common,22,glu,GPU,0,0.03187581397272388,0.03189180727733927,1.5993304615384617e-05,0.0008059630387199999
Fugue-asplos-EPIC-shared-readers-B2,F4,prefill_common,22,ff3,GPU,0,0.03189180727733927,0.032043447498877733,0.00015164022153846154,0.018410353896106665
Fugue-asplos-EPIC-shared-readers-B2,F4,prefill_common,22,comm_g2g,GPU,0,0.032043447498877733,0.032043447498877733,0.0,3.20339968e-05
Fugue-asplos-EPIC-shared-readers-B2,F4,prefill_common,22,norm2,GPU,0,0.032043447498877733,0.03205717625576556,1.372875688782816e-05,0.00030125047808
Fugue-asplos-EPIC-shared-readers-B2,F4,prefill_common,23,qkv,GPU,0,0.03205717625576556,0.03222777150499633,0.00017059524923076924,0.02012541353984
Fugue-asplos-EPIC-shared-readers-B2,F4,prefill_attention,23,attention_service,PIM,0,0.03222777150499633,0.03292172542822147,0.0006939539232251393,0.03302555647283201
Fugue-asplos-EPIC-shared-readers-B2,F4,prefill_common,23,proj,GPU,0,0.03292172542822147,0.032978590511298395,5.686508307692308e-05,0.0069662565990399996
Fugue-asplos-EPIC-shared-readers-B2,F4,prefill_common,23,comm_g2g,GPU,0,0.032978590511298395,0.032978590511298395,0.0,3.20339968e-05
Fugue-asplos-EPIC-shared-readers-B2,F4,prefill_common,23,norm1,GPU,0,0.032978590511298395,0.03299231926818622,1.372875688782816e-05,0.00030125047808
Fugue-asplos-EPIC-shared-readers-B2,F4,prefill_common,23,ff1,GPU,0,0.03299231926818622,0.03313096175644996,0.00013864248826373626,0.018058472762026663
Fugue-asplos-EPIC-shared-readers-B2,F4,prefill_common,23,ff2,GPU,0,0.03313096175644996,0.033269604244713695,0.00013864248826373626,0.018058472762026663
Fugue-asplos-EPIC-shared-readers-B2,F4,prefill_common,23,glu,GPU,0,0.033269604244713695,0.03328559754932908,1.5993304615384617e-05,0.0008059630387199999
Fugue-asplos-EPIC-shared-readers-B2,F4,prefill_common,23,ff3,GPU,0,0.03328559754932908,0.033437237770867545,0.00015164022153846154,0.018410353896106665
Fugue-asplos-EPIC-shared-readers-B2,F4,prefill_common,23,comm_g2g,GPU,0,0.033437237770867545,0.033437237770867545,0.0,3.20339968e-05
Fugue-asplos-EPIC-shared-readers-B2,F4,prefill_common,23,norm2,GPU,0,0.033437237770867545,0.03345096652775537,1.372875688782816e-05,0.00030125047808
Fugue-asplos-EPIC-shared-readers-B2,F4,prefill_common,24,qkv,GPU,0,0.03345096652775537,0.03362156177698614,0.00017059524923076924,0.02012541353984
Fugue-asplos-EPIC-shared-readers-B2,F4,prefill_attention,24,attention_service,PIM,0,0.03362156177698614,0.03431551570021128,0.0006939539232251393,0.03302555647283201
Fugue-asplos-EPIC-shared-readers-B2,F4,prefill_common,24,proj,GPU,0,0.03431551570021128,0.034372380783288206,5.686508307692308e-05,0.0069662565990399996
Fugue-asplos-EPIC-shared-readers-B2,F4,prefill_common,24,comm_g2g,GPU,0,0.034372380783288206,0.034372380783288206,0.0,3.20339968e-05
Fugue-asplos-EPIC-shared-readers-B2,F4,prefill_common,24,norm1,GPU,0,0.034372380783288206,0.034386109540176034,1.372875688782816e-05,0.00030125047808
Fugue-asplos-EPIC-shared-readers-B2,F4,prefill_common,24,ff1,GPU,0,0.034386109540176034,0.03452475202843977,0.00013864248826373626,0.018058472762026663
Fugue-asplos-EPIC-shared-readers-B2,F4,prefill_common,24,ff2,GPU,0,0.03452475202843977,0.034663394516703507,0.00013864248826373626,0.018058472762026663
Fugue-asplos-EPIC-shared-readers-B2,F4,prefill_common,24,glu,GPU,0,0.034663394516703507,0.034679387821318894,1.5993304615384617e-05,0.0008059630387199999
Fugue-asplos-EPIC-shared-readers-B2,F4,prefill_common,24,ff3,GPU,0,0.034679387821318894,0.03483102804285736,0.00015164022153846154,0.018410353896106665
Fugue-asplos-EPIC-shared-readers-B2,F4,prefill_common,24,comm_g2g,GPU,0,0.03483102804285736,0.03483102804285736,0.0,3.20339968e-05
Fugue-asplos-EPIC-shared-readers-B2,F4,prefill_common,24,norm2,GPU,0,0.03483102804285736,0.034844756799745184,1.372875688782816e-05,0.00030125047808
Fugue-asplos-EPIC-shared-readers-B2,F4,prefill_common,25,qkv,GPU,0,0.034844756799745184,0.035015352048975955,0.00017059524923076924,0.02012541353984
Fugue-asplos-EPIC-shared-readers-B2,F4,prefill_attention,25,attention_service,PIM,0,0.035015352048975955,0.035709305972201094,0.0006939539232251393,0.03302555647283201
Fugue-asplos-EPIC-shared-readers-B2,F4,prefill_common,25,proj,GPU,0,0.035709305972201094,0.03576617105527802,5.686508307692308e-05,0.0069662565990399996
Fugue-asplos-EPIC-shared-readers-B2,F4,prefill_common,25,comm_g2g,GPU,0,0.03576617105527802,0.03576617105527802,0.0,3.20339968e-05
Fugue-asplos-EPIC-shared-readers-B2,F4,prefill_common,25,norm1,GPU,0,0.03576617105527802,0.035779899812165845,1.372875688782816e-05,0.00030125047808
Fugue-asplos-EPIC-shared-readers-B2,F4,prefill_common,25,ff1,GPU,0,0.035779899812165845,0.03591854230042958,0.00013864248826373626,0.018058472762026663
Fugue-asplos-EPIC-shared-readers-B2,F4,prefill_common,25,ff2,GPU,0,0.03591854230042958,0.03605718478869332,0.00013864248826373626,0.018058472762026663
Fugue-asplos-EPIC-shared-readers-B2,F4,prefill_common,25,glu,GPU,0,0.03605718478869332,0.036073178093308705,1.5993304615384617e-05,0.0008059630387199999
Fugue-asplos-EPIC-shared-readers-B2,F4,prefill_common,25,ff3,GPU,0,0.036073178093308705,0.03622481831484717,0.00015164022153846154,0.018410353896106665
Fugue-asplos-EPIC-shared-readers-B2,F4,prefill_common,25,comm_g2g,GPU,0,0.03622481831484717,0.03622481831484717,0.0,3.20339968e-05
Fugue-asplos-EPIC-shared-readers-B2,F4,prefill_common,25,norm2,GPU,0,0.03622481831484717,0.036238547071734996,1.372875688782816e-05,0.00030125047808
Fugue-asplos-EPIC-shared-readers-B2,F4,prefill_common,26,qkv,GPU,0,0.036238547071734996,0.036409142320965766,0.00017059524923076924,0.02012541353984
Fugue-asplos-EPIC-shared-readers-B2,F4,prefill_attention,26,attention_service,PIM,0,0.036409142320965766,0.037103096244190906,0.0006939539232251393,0.03302555647283201
Fugue-asplos-EPIC-shared-readers-B2,F4,prefill_common,26,proj,GPU,0,0.037103096244190906,0.03715996132726783,5.686508307692308e-05,0.0069662565990399996
Fugue-asplos-EPIC-shared-readers-B2,F4,prefill_common,26,comm_g2g,GPU,0,0.03715996132726783,0.03715996132726783,0.0,3.20339968e-05
Fugue-asplos-EPIC-shared-readers-B2,F4,prefill_common,26,norm1,GPU,0,0.03715996132726783,0.03717369008415566,1.372875688782816e-05,0.00030125047808
Fugue-asplos-EPIC-shared-readers-B2,F4,prefill_common,26,ff1,GPU,0,0.03717369008415566,0.03731233257241939,0.00013864248826373626,0.018058472762026663
Fugue-asplos-EPIC-shared-readers-B2,F4,prefill_common,26,ff2,GPU,0,0.03731233257241939,0.03745097506068313,0.00013864248826373626,0.018058472762026663
Fugue-asplos-EPIC-shared-readers-B2,F4,prefill_common,26,glu,GPU,0,0.03745097506068313,0.03746696836529852,1.5993304615384617e-05,0.0008059630387199999
Fugue-asplos-EPIC-shared-readers-B2,F4,prefill_common,26,ff3,GPU,0,0.03746696836529852,0.03761860858683698,0.00015164022153846154,0.018410353896106665
Fugue-asplos-EPIC-shared-readers-B2,F4,prefill_common,26,comm_g2g,GPU,0,0.03761860858683698,0.03761860858683698,0.0,3.20339968e-05
Fugue-asplos-EPIC-shared-readers-B2,F4,prefill_common,26,norm2,GPU,0,0.03761860858683698,0.03763233734372481,1.372875688782816e-05,0.00030125047808
Fugue-asplos-EPIC-shared-readers-B2,F4,prefill_common,27,qkv,GPU,0,0.03763233734372481,0.03780293259295558,0.00017059524923076924,0.02012541353984
Fugue-asplos-EPIC-shared-readers-B2,F4,prefill_attention,27,attention_service,PIM,0,0.03780293259295558,0.03849688651618072,0.0006939539232251393,0.03302555647283201
Fugue-asplos-EPIC-shared-readers-B2,F4,prefill_common,27,proj,GPU,0,0.03849688651618072,0.03855375159925764,5.686508307692308e-05,0.0069662565990399996
Fugue-asplos-EPIC-shared-readers-B2,F4,prefill_common,27,comm_g2g,GPU,0,0.03855375159925764,0.03855375159925764,0.0,3.20339968e-05
Fugue-asplos-EPIC-shared-readers-B2,F4,prefill_common,27,norm1,GPU,0,0.03855375159925764,0.03856748035614547,1.372875688782816e-05,0.00030125047808
Fugue-asplos-EPIC-shared-readers-B2,F4,prefill_common,27,ff1,GPU,0,0.03856748035614547,0.038706122844409205,0.00013864248826373626,0.018058472762026663
Fugue-asplos-EPIC-shared-readers-B2,F4,prefill_common,27,ff2,GPU,0,0.038706122844409205,0.03884476533267294,0.00013864248826373626,0.018058472762026663
Fugue-asplos-EPIC-shared-readers-B2,F4,prefill_common,27,glu,GPU,0,0.03884476533267294,0.03886075863728833,1.5993304615384617e-05,0.0008059630387199999
Fugue-asplos-EPIC-shared-readers-B2,F4,prefill_common,27,ff3,GPU,0,0.03886075863728833,0.03901239885882679,0.00015164022153846154,0.018410353896106665
Fugue-asplos-EPIC-shared-readers-B2,F4,prefill_common,27,comm_g2g,GPU,0,0.03901239885882679,0.03901239885882679,0.0,3.20339968e-05
Fugue-asplos-EPIC-shared-readers-B2,F4,prefill_common,27,norm2,GPU,0,0.03901239885882679,0.03902612761571462,1.372875688782816e-05,0.00030125047808
Fugue-asplos-EPIC-shared-readers-B2,F4,prefill_common,28,qkv,GPU,0,0.03902612761571462,0.03919672286494539,0.00017059524923076924,0.02012541353984
Fugue-asplos-EPIC-shared-readers-B2,F4,prefill_attention,28,attention_service,PIM,0,0.03919672286494539,0.03989067678817053,0.0006939539232251393,0.03302555647283201
Fugue-asplos-EPIC-shared-readers-B2,F4,prefill_common,28,proj,GPU,0,0.03989067678817053,0.03994754187124745,5.686508307692308e-05,0.0069662565990399996
Fugue-asplos-EPIC-shared-readers-B2,F4,prefill_common,28,comm_g2g,GPU,0,0.03994754187124745,0.03994754187124745,0.0,3.20339968e-05
Fugue-asplos-EPIC-shared-readers-B2,F4,prefill_common,28,norm1,GPU,0,0.03994754187124745,0.03996127062813528,1.372875688782816e-05,0.00030125047808
Fugue-asplos-EPIC-shared-readers-B2,F4,prefill_common,28,ff1,GPU,0,0.03996127062813528,0.040099913116399016,0.00013864248826373626,0.018058472762026663
Fugue-asplos-EPIC-shared-readers-B2,F4,prefill_common,28,ff2,GPU,0,0.040099913116399016,0.04023855560466275,0.00013864248826373626,0.018058472762026663
Fugue-asplos-EPIC-shared-readers-B2,F4,prefill_common,28,glu,GPU,0,0.04023855560466275,0.04025454890927814,1.5993304615384617e-05,0.0008059630387199999
Fugue-asplos-EPIC-shared-readers-B2,F4,prefill_common,28,ff3,GPU,0,0.04025454890927814,0.0404061891308166,0.00015164022153846154,0.018410353896106665
Fugue-asplos-EPIC-shared-readers-B2,F4,prefill_common,28,comm_g2g,GPU,0,0.0404061891308166,0.0404061891308166,0.0,3.20339968e-05
Fugue-asplos-EPIC-shared-readers-B2,F4,prefill_common,28,norm2,GPU,0,0.0404061891308166,0.04041991788770443,1.372875688782816e-05,0.00030125047808
Fugue-asplos-EPIC-shared-readers-B2,F4,prefill_common,29,qkv,GPU,0,0.04041991788770443,0.0405905131369352,0.00017059524923076924,0.02012541353984
Fugue-asplos-EPIC-shared-readers-B2,F4,prefill_attention,29,attention_service,PIM,0,0.0405905131369352,0.04128446706016034,0.0006939539232251393,0.03302555647283201
Fugue-asplos-EPIC-shared-readers-B2,F4,prefill_common,29,proj,GPU,0,0.04128446706016034,0.041341332143237264,5.686508307692308e-05,0.0069662565990399996
Fugue-asplos-EPIC-shared-readers-B2,F4,prefill_common,29,comm_g2g,GPU,0,0.041341332143237264,0.041341332143237264,0.0,3.20339968e-05
Fugue-asplos-EPIC-shared-readers-B2,F4,prefill_common,29,norm1,GPU,0,0.041341332143237264,0.04135506090012509,1.372875688782816e-05,0.00030125047808
Fugue-asplos-EPIC-shared-readers-B2,F4,prefill_common,29,ff1,GPU,0,0.04135506090012509,0.04149370338838883,0.00013864248826373626,0.018058472762026663
Fugue-asplos-EPIC-shared-readers-B2,F4,prefill_common,29,ff2,GPU,0,0.04149370338838883,0.041632345876652564,0.00013864248826373626,0.018058472762026663
Fugue-asplos-EPIC-shared-readers-B2,F4,prefill_common,29,glu,GPU,0,0.041632345876652564,0.04164833918126795,1.5993304615384617e-05,0.0008059630387199999
Fugue-asplos-EPIC-shared-readers-B2,F4,prefill_common,29,ff3,GPU,0,0.04164833918126795,0.041799979402806414,0.00015164022153846154,0.018410353896106665
Fugue-asplos-EPIC-shared-readers-B2,F4,prefill_common,29,comm_g2g,GPU,0,0.041799979402806414,0.041799979402806414,0.0,3.20339968e-05
Fugue-asplos-EPIC-shared-readers-B2,F4,prefill_common,29,norm2,GPU,0,0.041799979402806414,0.04181370815969424,1.372875688782816e-05,0.00030125047808
Fugue-asplos-EPIC-shared-readers-B2,F4,prefill_common,30,qkv,GPU,0,0.04181370815969424,0.04198430340892501,0.00017059524923076924,0.02012541353984
Fugue-asplos-EPIC-shared-readers-B2,F4,prefill_attention,30,attention_service,PIM,0,0.04198430340892501,0.04267825733215015,0.0006939539232251393,0.03302555647283201
Fugue-asplos-EPIC-shared-readers-B2,F4,prefill_common,30,proj,GPU,0,0.04267825733215015,0.042735122415227075,5.686508307692308e-05,0.0069662565990399996
Fugue-asplos-EPIC-shared-readers-B2,F4,prefill_common,30,comm_g2g,GPU,0,0.042735122415227075,0.042735122415227075,0.0,3.20339968e-05
Fugue-asplos-EPIC-shared-readers-B2,F4,prefill_common,30,norm1,GPU,0,0.042735122415227075,0.0427488511721149,1.372875688782816e-05,0.00030125047808
Fugue-asplos-EPIC-shared-readers-B2,F4,prefill_common,30,ff1,GPU,0,0.0427488511721149,0.04288749366037864,0.00013864248826373626,0.018058472762026663
Fugue-asplos-EPIC-shared-readers-B2,F4,prefill_common,30,ff2,GPU,0,0.04288749366037864,0.043026136148642376,0.00013864248826373626,0.018058472762026663
Fugue-asplos-EPIC-shared-readers-B2,F4,prefill_common,30,glu,GPU,0,0.043026136148642376,0.04304212945325776,1.5993304615384617e-05,0.0008059630387199999
Fugue-asplos-EPIC-shared-readers-B2,F4,prefill_common,30,ff3,GPU,0,0.04304212945325776,0.043193769674796226,0.00015164022153846154,0.018410353896106665
Fugue-asplos-EPIC-shared-readers-B2,F4,prefill_common,30,comm_g2g,GPU,0,0.043193769674796226,0.043193769674796226,0.0,3.20339968e-05
Fugue-asplos-EPIC-shared-readers-B2,F4,prefill_common,30,norm2,GPU,0,0.043193769674796226,0.043207498431684054,1.372875688782816e-05,0.00030125047808
Fugue-asplos-EPIC-shared-readers-B2,F4,prefill_common,31,qkv,GPU,0,0.043207498431684054,0.043378093680914824,0.00017059524923076924,0.02012541353984
Fugue-asplos-EPIC-shared-readers-B2,F4,prefill_attention,31,attention_service,PIM,0,0.043378093680914824,0.04407204760413996,0.0006939539232251393,0.03302555647283201
Fugue-asplos-EPIC-shared-readers-B2,F4,prefill_common,31,proj,GPU,0,0.04407204760413996,0.04412891268721689,5.686508307692308e-05,0.0069662565990399996
Fugue-asplos-EPIC-shared-readers-B2,F4,prefill_common,31,comm_g2g,GPU,0,0.04412891268721689,0.04412891268721689,0.0,3.20339968e-05
Fugue-asplos-EPIC-shared-readers-B2,F4,prefill_common,31,norm1,GPU,0,0.04412891268721689,0.044142641444104715,1.372875688782816e-05,0.00030125047808
Fugue-asplos-EPIC-shared-readers-B2,F4,prefill_common,31,ff1,GPU,0,0.044142641444104715,0.04428128393236845,0.00013864248826373626,0.018058472762026663
Fugue-asplos-EPIC-shared-readers-B2,F4,prefill_common,31,ff2,GPU,0,0.04428128393236845,0.04441992642063219,0.00013864248826373626,0.018058472762026663
Fugue-asplos-EPIC-shared-readers-B2,F4,prefill_common,31,glu,GPU,0,0.04441992642063219,0.044435919725247575,1.5993304615384617e-05,0.0008059630387199999
Fugue-asplos-EPIC-shared-readers-B2,F4,prefill_common,31,ff3,GPU,0,0.044435919725247575,0.04458755994678604,0.00015164022153846154,0.018410353896106665
Fugue-asplos-EPIC-shared-readers-B2,F4,prefill_common,31,comm_g2g,GPU,0,0.04458755994678604,0.04458755994678604,0.0,3.20339968e-05
Fugue-asplos-EPIC-shared-readers-B2,F4,prefill_common,31,norm2,GPU,0,0.04458755994678604,0.044601288703673865,1.372875688782816e-05,0.00030125047808
Fugue-asplos-EPIC-shared-readers-B2,F4,decode,all,native_transformer,GPU+PIM,1,0.044601288703673865,0.05051233610888092,0.00591104740520706,0.47123118557102084
Fugue-asplos-EPIC-shared-readers-B2,F4,decode,all,native_transformer,GPU+PIM,2,0.05051233610888092,0.05642338351408798,0.00591104740520706,0.47123127112335367
Fugue-asplos-EPIC-shared-readers-B2,F4,decode,all,native_transformer,GPU+PIM,3,0.05642338351408798,0.06233443091929504,0.00591104740520706,0.4712313566756865
Fugue-asplos-EPIC-shared-readers-B2,F4,decode,all,native_transformer,GPU+PIM,4,0.06233443091929504,0.0682454783245021,0.00591104740520706,0.47123144222801927
Fugue-asplos-EPIC-shared-readers-B2,F4,decode,all,native_transformer,GPU+PIM,5,0.0682454783245021,0.07415652572970917,0.00591104740520706,0.4712315277803521
Fugue-asplos-EPIC-shared-readers-B2,F4,decode,all,native_transformer,GPU+PIM,6,0.07415652572970917,0.08006757313491623,0.00591104740520706,0.4712316133326849
Fugue-asplos-EPIC-shared-readers-B2,F4,decode,all,native_transformer,GPU+PIM,7,0.08006757313491623,0.0859786205401233,0.00591104740520706,0.4712316988850177
Fugue-asplos-EPIC-shared-readers-B2,F4,decode,all,native_transformer,GPU+PIM,8,0.0859786205401233,0.09188966794533036,0.00591104740520706,0.4712317844373505
Fugue-asplos-EPIC-shared-readers-B2,F4,decode,all,native_transformer,GPU+PIM,9,0.09188966794533036,0.09780071535053743,0.00591104740520706,0.4712318699896833
Fugue-asplos-EPIC-shared-readers-B2,F4,decode,all,native_transformer,GPU+PIM,10,0.09780071535053743,0.1037117627557445,0.00591104740520706,0.4712319555420161
Fugue-asplos-EPIC-shared-readers-B2,F4,decode,all,native_transformer,GPU+PIM,11,0.1037117627557445,0.10962281016095156,0.00591104740520706,0.4712320410943489
Fugue-asplos-EPIC-shared-readers-B2,F4,decode,all,native_transformer,GPU+PIM,12,0.10962281016095156,0.11553385756615862,0.00591104740520706,0.4712321266466817
Fugue-asplos-EPIC-shared-readers-B2,F4,decode,all,native_transformer,GPU+PIM,13,0.11553385756615862,0.12144490497136569,0.00591104740520706,0.47123221219901446
Fugue-asplos-EPIC-shared-readers-B2,F4,decode,all,native_transformer,GPU+PIM,14,0.12144490497136569,0.12735654296857274,0.00591163799720706,0.4713072709353473
Fugue-asplos-EPIC-shared-readers-B2,F4,decode,all,native_transformer,GPU+PIM,15,0.12735654296857274,0.1332681809657798,0.00591163799720706,0.47130735648768013
Fugue-asplos-EPIC-shared-readers-B4,F1,prefill_common,0,qkv,GPU,0,0.0,0.0003411904984615385,0.0003411904984615385,0.037225895034880004
Fugue-asplos-EPIC-shared-readers-B4,F1,prefill_attention,0,attention_service,GPU,0,0.0003411904984615385,0.003290716090682045,0.0029495255922205067,0.10418424601343998
Fugue-asplos-EPIC-shared-readers-B4,F1,prefill_common,0,proj,GPU,0,0.003290716090682045,0.0034044462568358913,0.00011373016615384616,0.01268428832768
Fugue-asplos-EPIC-shared-readers-B4,F1,prefill_common,0,comm_g2g,GPU,0,0.0034044462568358913,0.0034044462568358913,0.0,6.40679936e-05
Fugue-asplos-EPIC-shared-readers-B4,F1,prefill_common,0,norm1,GPU,0,0.0034044462568358913,0.0034250337706115477,2.058751377565632e-05,0.00060250095616
Fugue-asplos-EPIC-shared-readers-B4,F1,prefill_common,0,ff1,GPU,0,0.0034250337706115477,0.0037023187471390204,0.00027728497652747253,0.033432590964053335
Fugue-asplos-EPIC-shared-readers-B4,F1,prefill_common,0,ff2,GPU,0,0.0037023187471390204,0.003979603723666493,0.00027728497652747253,0.033432590964053335
Fugue-asplos-EPIC-shared-readers-B4,F1,prefill_common,0,glu,GPU,0,0.003979603723666493,0.0040115903328972625,3.1986609230769235e-05,0.0016119260774399998
Fugue-asplos-EPIC-shared-readers-B4,F1,prefill_common,0,ff3,GPU,0,0.0040115903328972625,0.004314870775974185,0.0003032804430769231,0.03349210813781334
Fugue-asplos-EPIC-shared-readers-B4,F1,prefill_common,0,comm_g2g,GPU,0,0.004314870775974185,0.004314870775974185,0.0,6.40679936e-05
Fugue-asplos-EPIC-shared-readers-B4,F1,prefill_common,0,norm2,GPU,0,0.004314870775974185,0.004335458289749842,2.058751377565632e-05,0.00060250095616
Fugue-asplos-EPIC-shared-readers-B4,F1,prefill_common,1,qkv,GPU,0,0.004335458289749842,0.00467664878821138,0.0003411904984615385,0.037225895034880004
Fugue-asplos-EPIC-shared-readers-B4,F1,prefill_attention,1,attention_service,GPU,0,0.00467664878821138,0.007626174380431887,0.0029495255922205067,0.10418424601343998
Fugue-asplos-EPIC-shared-readers-B4,F1,prefill_common,1,proj,GPU,0,0.007626174380431887,0.007739904546585733,0.00011373016615384616,0.01268428832768
Fugue-asplos-EPIC-shared-readers-B4,F1,prefill_common,1,comm_g2g,GPU,0,0.007739904546585733,0.007739904546585733,0.0,6.40679936e-05
Fugue-asplos-EPIC-shared-readers-B4,F1,prefill_common,1,norm1,GPU,0,0.007739904546585733,0.007760492060361389,2.058751377565632e-05,0.00060250095616
Fugue-asplos-EPIC-shared-readers-B4,F1,prefill_common,1,ff1,GPU,0,0.007760492060361389,0.008037777036888861,0.00027728497652747253,0.033432590964053335
Fugue-asplos-EPIC-shared-readers-B4,F1,prefill_common,1,ff2,GPU,0,0.008037777036888861,0.008315062013416334,0.00027728497652747253,0.033432590964053335
Fugue-asplos-EPIC-shared-readers-B4,F1,prefill_common,1,glu,GPU,0,0.008315062013416334,0.008347048622647103,3.1986609230769235e-05,0.0016119260774399998
Fugue-asplos-EPIC-shared-readers-B4,F1,prefill_common,1,ff3,GPU,0,0.008347048622647103,0.008650329065724027,0.0003032804430769231,0.03349210813781334
Fugue-asplos-EPIC-shared-readers-B4,F1,prefill_common,1,comm_g2g,GPU,0,0.008650329065724027,0.008650329065724027,0.0,6.40679936e-05
Fugue-asplos-EPIC-shared-readers-B4,F1,prefill_common,1,norm2,GPU,0,0.008650329065724027,0.008670916579499683,2.058751377565632e-05,0.00060250095616
Fugue-asplos-EPIC-shared-readers-B4,F1,prefill_common,2,qkv,GPU,0,0.008670916579499683,0.009012107077961223,0.0003411904984615385,0.037225895034880004
Fugue-asplos-EPIC-shared-readers-B4,F1,prefill_attention,2,attention_service,GPU,0,0.009012107077961223,0.01196163267018173,0.0029495255922205067,0.10418424601343998
Fugue-asplos-EPIC-shared-readers-B4,F1,prefill_common,2,proj,GPU,0,0.01196163267018173,0.012075362836335576,0.00011373016615384616,0.01268428832768
Fugue-asplos-EPIC-shared-readers-B4,F1,prefill_common,2,comm_g2g,GPU,0,0.012075362836335576,0.012075362836335576,0.0,6.40679936e-05
Fugue-asplos-EPIC-shared-readers-B4,F1,prefill_common,2,norm1,GPU,0,0.012075362836335576,0.012095950350111233,2.058751377565632e-05,0.00060250095616
Fugue-asplos-EPIC-shared-readers-B4,F1,prefill_common,2,ff1,GPU,0,0.012095950350111233,0.012373235326638705,0.00027728497652747253,0.033432590964053335
Fugue-asplos-EPIC-shared-readers-B4,F1,prefill_common,2,ff2,GPU,0,0.012373235326638705,0.012650520303166178,0.00027728497652747253,0.033432590964053335
Fugue-asplos-EPIC-shared-readers-B4,F1,prefill_common,2,glu,GPU,0,0.012650520303166178,0.012682506912396948,3.1986609230769235e-05,0.0016119260774399998
Fugue-asplos-EPIC-shared-readers-B4,F1,prefill_common,2,ff3,GPU,0,0.012682506912396948,0.012985787355473871,0.0003032804430769231,0.03349210813781334
Fugue-asplos-EPIC-shared-readers-B4,F1,prefill_common,2,comm_g2g,GPU,0,0.012985787355473871,0.012985787355473871,0.0,6.40679936e-05
Fugue-asplos-EPIC-shared-readers-B4,F1,prefill_common,2,norm2,GPU,0,0.012985787355473871,0.013006374869249528,2.058751377565632e-05,0.00060250095616
Fugue-asplos-EPIC-shared-readers-B4,F1,prefill_common,3,qkv,GPU,0,0.013006374869249528,0.013347565367711067,0.0003411904984615385,0.037225895034880004
Fugue-asplos-EPIC-shared-readers-B4,F1,prefill_attention,3,attention_service,GPU,0,0.013347565367711067,0.016297090959931572,0.0029495255922205067,0.10418424601343998
Fugue-asplos-EPIC-shared-readers-B4,F1,prefill_common,3,proj,GPU,0,0.016297090959931572,0.01641082112608542,0.00011373016615384616,0.01268428832768
Fugue-asplos-EPIC-shared-readers-B4,F1,prefill_common,3,comm_g2g,GPU,0,0.01641082112608542,0.01641082112608542,0.0,6.40679936e-05
Fugue-asplos-EPIC-shared-readers-B4,F1,prefill_common,3,norm1,GPU,0,0.01641082112608542,0.016431408639861075,2.058751377565632e-05,0.00060250095616
Fugue-asplos-EPIC-shared-readers-B4,F1,prefill_common,3,ff1,GPU,0,0.016431408639861075,0.016708693616388548,0.00027728497652747253,0.033432590964053335
Fugue-asplos-EPIC-shared-readers-B4,F1,prefill_common,3,ff2,GPU,0,0.016708693616388548,0.01698597859291602,0.00027728497652747253,0.033432590964053335
Fugue-asplos-EPIC-shared-readers-B4,F1,prefill_common,3,glu,GPU,0,0.01698597859291602,0.01701796520214679,3.1986609230769235e-05,0.0016119260774399998
Fugue-asplos-EPIC-shared-readers-B4,F1,prefill_common,3,ff3,GPU,0,0.01701796520214679,0.01732124564522371,0.0003032804430769231,0.03349210813781334
Fugue-asplos-EPIC-shared-readers-B4,F1,prefill_common,3,comm_g2g,GPU,0,0.01732124564522371,0.01732124564522371,0.0,6.40679936e-05
Fugue-asplos-EPIC-shared-readers-B4,F1,prefill_common,3,norm2,GPU,0,0.01732124564522371,0.017341833158999367,2.058751377565632e-05,0.00060250095616
Fugue-asplos-EPIC-shared-readers-B4,F1,prefill_common,4,qkv,GPU,0,0.017341833158999367,0.017683023657460904,0.0003411904984615385,0.037225895034880004
Fugue-asplos-EPIC-shared-readers-B4,F1,prefill_attention,4,attention_service,GPU,0,0.017683023657460904,0.02063254924968141,0.0029495255922205067,0.10418424601343998
Fugue-asplos-EPIC-shared-readers-B4,F1,prefill_common,4,proj,GPU,0,0.02063254924968141,0.020746279415835258,0.00011373016615384616,0.01268428832768
Fugue-asplos-EPIC-shared-readers-B4,F1,prefill_common,4,comm_g2g,GPU,0,0.020746279415835258,0.020746279415835258,0.0,6.40679936e-05
Fugue-asplos-EPIC-shared-readers-B4,F1,prefill_common,4,norm1,GPU,0,0.020746279415835258,0.020766866929610914,2.058751377565632e-05,0.00060250095616
Fugue-asplos-EPIC-shared-readers-B4,F1,prefill_common,4,ff1,GPU,0,0.020766866929610914,0.021044151906138387,0.00027728497652747253,0.033432590964053335
Fugue-asplos-EPIC-shared-readers-B4,F1,prefill_common,4,ff2,GPU,0,0.021044151906138387,0.02132143688266586,0.00027728497652747253,0.033432590964053335
Fugue-asplos-EPIC-shared-readers-B4,F1,prefill_common,4,glu,GPU,0,0.02132143688266586,0.021353423491896627,3.1986609230769235e-05,0.0016119260774399998
Fugue-asplos-EPIC-shared-readers-B4,F1,prefill_common,4,ff3,GPU,0,0.021353423491896627,0.02165670393497355,0.0003032804430769231,0.03349210813781334
Fugue-asplos-EPIC-shared-readers-B4,F1,prefill_common,4,comm_g2g,GPU,0,0.02165670393497355,0.02165670393497355,0.0,6.40679936e-05
Fugue-asplos-EPIC-shared-readers-B4,F1,prefill_common,4,norm2,GPU,0,0.02165670393497355,0.021677291448749206,2.058751377565632e-05,0.00060250095616
Fugue-asplos-EPIC-shared-readers-B4,F1,prefill_common,5,qkv,GPU,0,0.021677291448749206,0.022018481947210743,0.0003411904984615385,0.037225895034880004
Fugue-asplos-EPIC-shared-readers-B4,F1,prefill_attention,5,attention_service,GPU,0,0.022018481947210743,0.02496800753943125,0.0029495255922205067,0.10418424601343998
Fugue-asplos-EPIC-shared-readers-B4,F1,prefill_common,5,proj,GPU,0,0.02496800753943125,0.025081737705585097,0.00011373016615384616,0.01268428832768
Fugue-asplos-EPIC-shared-readers-B4,F1,prefill_common,5,comm_g2g,GPU,0,0.025081737705585097,0.025081737705585097,0.0,6.40679936e-05
Fugue-asplos-EPIC-shared-readers-B4,F1,prefill_common,5,norm1,GPU,0,0.025081737705585097,0.025102325219360754,2.058751377565632e-05,0.00060250095616
Fugue-asplos-EPIC-shared-readers-B4,F1,prefill_common,5,ff1,GPU,0,0.025102325219360754,0.025379610195888226,0.00027728497652747253,0.033432590964053335
Fugue-asplos-EPIC-shared-readers-B4,F1,prefill_common,5,ff2,GPU,0,0.025379610195888226,0.0256568951724157,0.00027728497652747253,0.033432590964053335
Fugue-asplos-EPIC-shared-readers-B4,F1,prefill_common,5,glu,GPU,0,0.0256568951724157,0.025688881781646467,3.1986609230769235e-05,0.0016119260774399998
Fugue-asplos-EPIC-shared-readers-B4,F1,prefill_common,5,ff3,GPU,0,0.025688881781646467,0.02599216222472339,0.0003032804430769231,0.03349210813781334
Fugue-asplos-EPIC-shared-readers-B4,F1,prefill_common,5,comm_g2g,GPU,0,0.02599216222472339,0.02599216222472339,0.0,6.40679936e-05
Fugue-asplos-EPIC-shared-readers-B4,F1,prefill_common,5,norm2,GPU,0,0.02599216222472339,0.026012749738499045,2.058751377565632e-05,0.00060250095616
Fugue-asplos-EPIC-shared-readers-B4,F1,prefill_common,6,qkv,GPU,0,0.026012749738499045,0.026353940236960582,0.0003411904984615385,0.037225895034880004
Fugue-asplos-EPIC-shared-readers-B4,F1,prefill_attention,6,attention_service,GPU,0,0.026353940236960582,0.02930346582918109,0.0029495255922205067,0.10418424601343998
Fugue-asplos-EPIC-shared-readers-B4,F1,prefill_common,6,proj,GPU,0,0.02930346582918109,0.029417195995334936,0.00011373016615384616,0.01268428832768
Fugue-asplos-EPIC-shared-readers-B4,F1,prefill_common,6,comm_g2g,GPU,0,0.029417195995334936,0.029417195995334936,0.0,6.40679936e-05
Fugue-asplos-EPIC-shared-readers-B4,F1,prefill_common,6,norm1,GPU,0,0.029417195995334936,0.029437783509110593,2.058751377565632e-05,0.00060250095616
Fugue-asplos-EPIC-shared-readers-B4,F1,prefill_common,6,ff1,GPU,0,0.029437783509110593,0.029715068485638065,0.00027728497652747253,0.033432590964053335
Fugue-asplos-EPIC-shared-readers-B4,F1,prefill_common,6,ff2,GPU,0,0.029715068485638065,0.029992353462165538,0.00027728497652747253,0.033432590964053335
Fugue-asplos-EPIC-shared-readers-B4,F1,prefill_common,6,glu,GPU,0,0.029992353462165538,0.030024340071396306,3.1986609230769235e-05,0.0016119260774399998
Fugue-asplos-EPIC-shared-readers-B4,F1,prefill_common,6,ff3,GPU,0,0.030024340071396306,0.030327620514473227,0.0003032804430769231,0.03349210813781334
Fugue-asplos-EPIC-shared-readers-B4,F1,prefill_common,6,comm_g2g,GPU,0,0.030327620514473227,0.030327620514473227,0.0,6.40679936e-05
Fugue-asplos-EPIC-shared-readers-B4,F1,prefill_common,6,norm2,GPU,0,0.030327620514473227,0.030348208028248884,2.058751377565632e-05,0.00060250095616
Fugue-asplos-EPIC-shared-readers-B4,F1,prefill_common,7,qkv,GPU,0,0.030348208028248884,0.03068939852671042,0.0003411904984615385,0.037225895034880004
Fugue-asplos-EPIC-shared-readers-B4,F1,prefill_attention,7,attention_service,GPU,0,0.03068939852671042,0.03363892411893093,0.0029495255922205067,0.10418424601343998
Fugue-asplos-EPIC-shared-readers-B4,F1,prefill_common,7,proj,GPU,0,0.03363892411893093,0.033752654285084775,0.00011373016615384616,0.01268428832768
Fugue-asplos-EPIC-shared-readers-B4,F1,prefill_common,7,comm_g2g,GPU,0,0.033752654285084775,0.033752654285084775,0.0,6.40679936e-05
Fugue-asplos-EPIC-shared-readers-B4,F1,prefill_common,7,norm1,GPU,0,0.033752654285084775,0.03377324179886043,2.058751377565632e-05,0.00060250095616
Fugue-asplos-EPIC-shared-readers-B4,F1,prefill_common,7,ff1,GPU,0,0.03377324179886043,0.034050526775387904,0.00027728497652747253,0.033432590964053335
Fugue-asplos-EPIC-shared-readers-B4,F1,prefill_common,7,ff2,GPU,0,0.034050526775387904,0.03432781175191538,0.00027728497652747253,0.033432590964053335
Fugue-asplos-EPIC-shared-readers-B4,F1,prefill_common,7,glu,GPU,0,0.03432781175191538,0.034359798361146145,3.1986609230769235e-05,0.0016119260774399998
Fugue-asplos-EPIC-shared-readers-B4,F1,prefill_common,7,ff3,GPU,0,0.034359798361146145,0.03466307880422307,0.0003032804430769231,0.03349210813781334
Fugue-asplos-EPIC-shared-readers-B4,F1,prefill_common,7,comm_g2g,GPU,0,0.03466307880422307,0.03466307880422307,0.0,6.40679936e-05
Fugue-asplos-EPIC-shared-readers-B4,F1,prefill_common,7,norm2,GPU,0,0.03466307880422307,0.034683666317998726,2.058751377565632e-05,0.00060250095616
Fugue-asplos-EPIC-shared-readers-B4,F1,prefill_common,8,qkv,GPU,0,0.034683666317998726,0.03502485681646027,0.0003411904984615385,0.037225895034880004
Fugue-asplos-EPIC-shared-readers-B4,F1,prefill_attention,8,attention_service,GPU,0,0.03502485681646027,0.03797438240868077,0.0029495255922205067,0.10418424601343998
Fugue-asplos-EPIC-shared-readers-B4,F1,prefill_common,8,proj,GPU,0,0.03797438240868077,0.03808811257483462,0.00011373016615384616,0.01268428832768
Fugue-asplos-EPIC-shared-readers-B4,F1,prefill_common,8,comm_g2g,GPU,0,0.03808811257483462,0.03808811257483462,0.0,6.40679936e-05
Fugue-asplos-EPIC-shared-readers-B4,F1,prefill_common,8,norm1,GPU,0,0.03808811257483462,0.038108700088610274,2.058751377565632e-05,0.00060250095616
Fugue-asplos-EPIC-shared-readers-B4,F1,prefill_common,8,ff1,GPU,0,0.038108700088610274,0.03838598506513775,0.00027728497652747253,0.033432590964053335
Fugue-asplos-EPIC-shared-readers-B4,F1,prefill_common,8,ff2,GPU,0,0.03838598506513775,0.03866327004166522,0.00027728497652747253,0.033432590964053335
Fugue-asplos-EPIC-shared-readers-B4,F1,prefill_common,8,glu,GPU,0,0.03866327004166522,0.03869525665089599,3.1986609230769235e-05,0.0016119260774399998
Fugue-asplos-EPIC-shared-readers-B4,F1,prefill_common,8,ff3,GPU,0,0.03869525665089599,0.03899853709397291,0.0003032804430769231,0.03349210813781334
Fugue-asplos-EPIC-shared-readers-B4,F1,prefill_common,8,comm_g2g,GPU,0,0.03899853709397291,0.03899853709397291,0.0,6.40679936e-05
Fugue-asplos-EPIC-shared-readers-B4,F1,prefill_common,8,norm2,GPU,0,0.03899853709397291,0.03901912460774857,2.058751377565632e-05,0.00060250095616
Fugue-asplos-EPIC-shared-readers-B4,F1,prefill_common,9,qkv,GPU,0,0.03901912460774857,0.03936031510621011,0.0003411904984615385,0.037225895034880004
Fugue-asplos-EPIC-shared-readers-B4,F1,prefill_attention,9,attention_service,GPU,0,0.03936031510621011,0.04230984069843062,0.0029495255922205067,0.10418424601343998
Fugue-asplos-EPIC-shared-readers-B4,F1,prefill_common,9,proj,GPU,0,0.04230984069843062,0.04242357086458447,0.00011373016615384616,0.01268428832768
Fugue-asplos-EPIC-shared-readers-B4,F1,prefill_common,9,comm_g2g,GPU,0,0.04242357086458447,0.04242357086458447,0.0,6.40679936e-05
Fugue-asplos-EPIC-shared-readers-B4,F1,prefill_common,9,norm1,GPU,0,0.04242357086458447,0.042444158378360124,2.058751377565632e-05,0.00060250095616
Fugue-asplos-EPIC-shared-readers-B4,F1,prefill_common,9,ff1,GPU,0,0.042444158378360124,0.042721443354887596,0.00027728497652747253,0.033432590964053335
Fugue-asplos-EPIC-shared-readers-B4,F1,prefill_common,9,ff2,GPU,0,0.042721443354887596,0.04299872833141507,0.00027728497652747253,0.033432590964053335
Fugue-asplos-EPIC-shared-readers-B4,F1,prefill_common,9,glu,GPU,0,0.04299872833141507,0.04303071494064584,3.1986609230769235e-05,0.0016119260774399998
Fugue-asplos-EPIC-shared-readers-B4,F1,prefill_common,9,ff3,GPU,0,0.04303071494064584,0.04333399538372276,0.0003032804430769231,0.03349210813781334
Fugue-asplos-EPIC-shared-readers-B4,F1,prefill_common,9,comm_g2g,GPU,0,0.04333399538372276,0.04333399538372276,0.0,6.40679936e-05
Fugue-asplos-EPIC-shared-readers-B4,F1,prefill_common,9,norm2,GPU,0,0.04333399538372276,0.04335458289749842,2.058751377565632e-05,0.00060250095616
Fugue-asplos-EPIC-shared-readers-B4,F1,prefill_common,10,qkv,GPU,0,0.04335458289749842,0.04369577339595996,0.0003411904984615385,0.037225895034880004
Fugue-asplos-EPIC-shared-readers-B4,F1,prefill_attention,10,attention_service,GPU,0,0.04369577339595996,0.04664529898818047,0.0029495255922205067,0.10418424601343998
Fugue-asplos-EPIC-shared-readers-B4,F1,prefill_common,10,proj,GPU,0,0.04664529898818047,0.04675902915433432,0.00011373016615384616,0.01268428832768
Fugue-asplos-EPIC-shared-readers-B4,F1,prefill_common,10,comm_g2g,GPU,0,0.04675902915433432,0.04675902915433432,0.0,6.40679936e-05
Fugue-asplos-EPIC-shared-readers-B4,F1,prefill_common,10,norm1,GPU,0,0.04675902915433432,0.04677961666810997,2.058751377565632e-05,0.00060250095616
Fugue-asplos-EPIC-shared-readers-B4,F1,prefill_common,10,ff1,GPU,0,0.04677961666810997,0.047056901644637446,0.00027728497652747253,0.033432590964053335
Fugue-asplos-EPIC-shared-readers-B4,F1,prefill_common,10,ff2,GPU,0,0.047056901644637446,0.04733418662116492,0.00027728497652747253,0.033432590964053335
Fugue-asplos-EPIC-shared-readers-B4,F1,prefill_common,10,glu,GPU,0,0.04733418662116492,0.047366173230395686,3.1986609230769235e-05,0.0016119260774399998
Fugue-asplos-EPIC-shared-readers-B4,F1,prefill_common,10,ff3,GPU,0,0.047366173230395686,0.04766945367347261,0.0003032804430769231,0.03349210813781334
Fugue-asplos-EPIC-shared-readers-B4,F1,prefill_common,10,comm_g2g,GPU,0,0.04766945367347261,0.04766945367347261,0.0,6.40679936e-05
Fugue-asplos-EPIC-shared-readers-B4,F1,prefill_common,10,norm2,GPU,0,0.04766945367347261,0.04769004118724827,2.058751377565632e-05,0.00060250095616
Fugue-asplos-EPIC-shared-readers-B4,F1,prefill_common,11,qkv,GPU,0,0.04769004118724827,0.04803123168570981,0.0003411904984615385,0.037225895034880004
Fugue-asplos-EPIC-shared-readers-B4,F1,prefill_attention,11,attention_service,GPU,0,0.04803123168570981,0.05098075727793032,0.0029495255922205067,0.10418424601343998
Fugue-asplos-EPIC-shared-readers-B4,F1,prefill_common,11,proj,GPU,0,0.05098075727793032,0.051094487444084166,0.00011373016615384616,0.01268428832768
Fugue-asplos-EPIC-shared-readers-B4,F1,prefill_common,11,comm_g2g,GPU,0,0.051094487444084166,0.051094487444084166,0.0,6.40679936e-05
Fugue-asplos-EPIC-shared-readers-B4,F1,prefill_common,11,norm1,GPU,0,0.051094487444084166,0.05111507495785982,2.058751377565632e-05,0.00060250095616
Fugue-asplos-EPIC-shared-readers-B4,F1,prefill_common,11,ff1,GPU,0,0.05111507495785982,0.051392359934387295,0.00027728497652747253,0.033432590964053335
Fugue-asplos-EPIC-shared-readers-B4,F1,prefill_common,11,ff2,GPU,0,0.051392359934387295,0.05166964491091477,0.00027728497652747253,0.033432590964053335
Fugue-asplos-EPIC-shared-readers-B4,F1,prefill_common,11,glu,GPU,0,0.05166964491091477,0.051701631520145536,3.1986609230769235e-05,0.0016119260774399998
Fugue-asplos-EPIC-shared-readers-B4,F1,prefill_common,11,ff3,GPU,0,0.051701631520145536,0.05200491196322246,0.0003032804430769231,0.03349210813781334
Fugue-asplos-EPIC-shared-readers-B4,F1,prefill_common,11,comm_g2g,GPU,0,0.05200491196322246,0.05200491196322246,0.0,6.40679936e-05
Fugue-asplos-EPIC-shared-readers-B4,F1,prefill_common,11,norm2,GPU,0,0.05200491196322246,0.05202549947699812,2.058751377565632e-05,0.00060250095616
Fugue-asplos-EPIC-shared-readers-B4,F1,prefill_common,12,qkv,GPU,0,0.05202549947699812,0.05236668997545966,0.0003411904984615385,0.037225895034880004
Fugue-asplos-EPIC-shared-readers-B4,F1,prefill_attention,12,attention_service,GPU,0,0.05236668997545966,0.05531621556768017,0.0029495255922205067,0.10418424601343998
Fugue-asplos-EPIC-shared-readers-B4,F1,prefill_common,12,proj,GPU,0,0.05531621556768017,0.055429945733834016,0.00011373016615384616,0.01268428832768
Fugue-asplos-EPIC-shared-readers-B4,F1,prefill_common,12,comm_g2g,GPU,0,0.055429945733834016,0.055429945733834016,0.0,6.40679936e-05
Fugue-asplos-EPIC-shared-readers-B4,F1,prefill_common,12,norm1,GPU,0,0.055429945733834016,0.05545053324760967,2.058751377565632e-05,0.00060250095616
Fugue-asplos-EPIC-shared-readers-B4,F1,prefill_common,12,ff1,GPU,0,0.05545053324760967,0.055727818224137145,0.00027728497652747253,0.033432590964053335
Fugue-asplos-EPIC-shared-readers-B4,F1,prefill_common,12,ff2,GPU,0,0.055727818224137145,0.05600510320066462,0.00027728497652747253,0.033432590964053335
Fugue-asplos-EPIC-shared-readers-B4,F1,prefill_common,12,glu,GPU,0,0.05600510320066462,0.056037089809895385,3.1986609230769235e-05,0.0016119260774399998
Fugue-asplos-EPIC-shared-readers-B4,F1,prefill_common,12,ff3,GPU,0,0.056037089809895385,0.05634037025297231,0.0003032804430769231,0.03349210813781334
Fugue-asplos-EPIC-shared-readers-B4,F1,prefill_common,12,comm_g2g,GPU,0,0.05634037025297231,0.05634037025297231,0.0,6.40679936e-05
Fugue-asplos-EPIC-shared-readers-B4,F1,prefill_common,12,norm2,GPU,0,0.05634037025297231,0.05636095776674797,2.058751377565632e-05,0.00060250095616
Fugue-asplos-EPIC-shared-readers-B4,F1,prefill_common,13,qkv,GPU,0,0.05636095776674797,0.05670214826520951,0.0003411904984615385,0.037225895034880004
Fugue-asplos-EPIC-shared-readers-B4,F1,prefill_attention,13,attention_service,GPU,0,0.05670214826520951,0.05965167385743002,0.0029495255922205067,0.10418424601343998
Fugue-asplos-EPIC-shared-readers-B4,F1,prefill_common,13,proj,GPU,0,0.05965167385743002,0.059765404023583865,0.00011373016615384616,0.01268428832768
Fugue-asplos-EPIC-shared-readers-B4,F1,prefill_common,13,comm_g2g,GPU,0,0.059765404023583865,0.059765404023583865,0.0,6.40679936e-05
Fugue-asplos-EPIC-shared-readers-B4,F1,prefill_common,13,norm1,GPU,0,0.059765404023583865,0.05978599153735952,2.058751377565632e-05,0.00060250095616
Fugue-asplos-EPIC-shared-readers-B4,F1,prefill_common,13,ff1,GPU,0,0.05978599153735952,0.060063276513886994,0.00027728497652747253,0.033432590964053335
Fugue-asplos-EPIC-shared-readers-B4,F1,prefill_common,13,ff2,GPU,0,0.060063276513886994,0.06034056149041447,0.00027728497652747253,0.033432590964053335
Fugue-asplos-EPIC-shared-readers-B4,F1,prefill_common,13,glu,GPU,0,0.06034056149041447,0.060372548099645235,3.1986609230769235e-05,0.0016119260774399998
Fugue-asplos-EPIC-shared-readers-B4,F1,prefill_common,13,ff3,GPU,0,0.060372548099645235,0.06067582854272216,0.0003032804430769231,0.03349210813781334
Fugue-asplos-EPIC-shared-readers-B4,F1,prefill_common,13,comm_g2g,GPU,0,0.06067582854272216,0.06067582854272216,0.0,6.40679936e-05
Fugue-asplos-EPIC-shared-readers-B4,F1,prefill_common,13,norm2,GPU,0,0.06067582854272216,0.060696416056497816,2.058751377565632e-05,0.00060250095616
Fugue-asplos-EPIC-shared-readers-B4,F1,prefill_common,14,qkv,GPU,0,0.060696416056497816,0.06103760655495936,0.0003411904984615385,0.037225895034880004
Fugue-asplos-EPIC-shared-readers-B4,F1,prefill_attention,14,attention_service,GPU,0,0.06103760655495936,0.06398713214717987,0.0029495255922205067,0.10418424601343998
Fugue-asplos-EPIC-shared-readers-B4,F1,prefill_common,14,proj,GPU,0,0.06398713214717987,0.06410086231333371,0.00011373016615384616,0.01268428832768
Fugue-asplos-EPIC-shared-readers-B4,F1,prefill_common,14,comm_g2g,GPU,0,0.06410086231333371,0.06410086231333371,0.0,6.40679936e-05
Fugue-asplos-EPIC-shared-readers-B4,F1,prefill_common,14,norm1,GPU,0,0.06410086231333371,0.06412144982710936,2.058751377565632e-05,0.00060250095616
Fugue-asplos-EPIC-shared-readers-B4,F1,prefill_common,14,ff1,GPU,0,0.06412144982710936,0.06439873480363684,0.00027728497652747253,0.033432590964053335
Fugue-asplos-EPIC-shared-readers-B4,F1,prefill_common,14,ff2,GPU,0,0.06439873480363684,0.06467601978016431,0.00027728497652747253,0.033432590964053335
Fugue-asplos-EPIC-shared-readers-B4,F1,prefill_common,14,glu,GPU,0,0.06467601978016431,0.06470800638939508,3.1986609230769235e-05,0.0016119260774399998
Fugue-asplos-EPIC-shared-readers-B4,F1,prefill_common,14,ff3,GPU,0,0.06470800638939508,0.06501128683247201,0.0003032804430769231,0.03349210813781334
Fugue-asplos-EPIC-shared-readers-B4,F1,prefill_common,14,comm_g2g,GPU,0,0.06501128683247201,0.06501128683247201,0.0,6.40679936e-05
Fugue-asplos-EPIC-shared-readers-B4,F1,prefill_common,14,norm2,GPU,0,0.06501128683247201,0.06503187434624766,2.058751377565632e-05,0.00060250095616
Fugue-asplos-EPIC-shared-readers-B4,F1,prefill_common,15,qkv,GPU,0,0.06503187434624766,0.0653730648447092,0.0003411904984615385,0.037225895034880004
Fugue-asplos-EPIC-shared-readers-B4,F1,prefill_attention,15,attention_service,GPU,0,0.0653730648447092,0.0683225904369297,0.0029495255922205067,0.10418424601343998
Fugue-asplos-EPIC-shared-readers-B4,F1,prefill_common,15,proj,GPU,0,0.0683225904369297,0.06843632060308355,0.00011373016615384616,0.01268428832768
Fugue-asplos-EPIC-shared-readers-B4,F1,prefill_common,15,comm_g2g,GPU,0,0.06843632060308355,0.06843632060308355,0.0,6.40679936e-05
Fugue-asplos-EPIC-shared-readers-B4,F1,prefill_common,15,norm1,GPU,0,0.06843632060308355,0.0684569081168592,2.058751377565632e-05,0.00060250095616
Fugue-asplos-EPIC-shared-readers-B4,F1,prefill_common,15,ff1,GPU,0,0.0684569081168592,0.06873419309338667,0.00027728497652747253,0.033432590964053335
Fugue-asplos-EPIC-shared-readers-B4,F1,prefill_common,15,ff2,GPU,0,0.06873419309338667,0.06901147806991415,0.00027728497652747253,0.033432590964053335
Fugue-asplos-EPIC-shared-readers-B4,F1,prefill_common,15,glu,GPU,0,0.06901147806991415,0.06904346467914492,3.1986609230769235e-05,0.0016119260774399998
Fugue-asplos-EPIC-shared-readers-B4,F1,prefill_common,15,ff3,GPU,0,0.06904346467914492,0.06934674512222185,0.0003032804430769231,0.03349210813781334
Fugue-asplos-EPIC-shared-readers-B4,F1,prefill_common,15,comm_g2g,GPU,0,0.06934674512222185,0.06934674512222185,0.0,6.40679936e-05
Fugue-asplos-EPIC-shared-readers-B4,F1,prefill_common,15,norm2,GPU,0,0.06934674512222185,0.0693673326359975,2.058751377565632e-05,0.00060250095616
Fugue-asplos-EPIC-shared-readers-B4,F1,prefill_common,16,qkv,GPU,0,0.0693673326359975,0.06970852313445904,0.0003411904984615385,0.037225895034880004
Fugue-asplos-EPIC-shared-readers-B4,F1,prefill_attention,16,attention_service,GPU,0,0.06970852313445904,0.07265804872667954,0.0029495255922205067,0.10418424601343998
Fugue-asplos-EPIC-shared-readers-B4,F1,prefill_common,16,proj,GPU,0,0.07265804872667954,0.07277177889283339,0.00011373016615384616,0.01268428832768
Fugue-asplos-EPIC-shared-readers-B4,F1,prefill_common,16,comm_g2g,GPU,0,0.07277177889283339,0.07277177889283339,0.0,6.40679936e-05
Fugue-asplos-EPIC-shared-readers-B4,F1,prefill_common,16,norm1,GPU,0,0.07277177889283339,0.07279236640660904,2.058751377565632e-05,0.00060250095616
Fugue-asplos-EPIC-shared-readers-B4,F1,prefill_common,16,ff1,GPU,0,0.07279236640660904,0.07306965138313651,0.00027728497652747253,0.033432590964053335
Fugue-asplos-EPIC-shared-readers-B4,F1,prefill_common,16,ff2,GPU,0,0.07306965138313651,0.07334693635966398,0.00027728497652747253,0.033432590964053335
Fugue-asplos-EPIC-shared-readers-B4,F1,prefill_common,16,glu,GPU,0,0.07334693635966398,0.07337892296889476,3.1986609230769235e-05,0.0016119260774399998
Fugue-asplos-EPIC-shared-readers-B4,F1,prefill_common,16,ff3,GPU,0,0.07337892296889476,0.07368220341197168,0.0003032804430769231,0.03349210813781334
Fugue-asplos-EPIC-shared-readers-B4,F1,prefill_common,16,comm_g2g,GPU,0,0.07368220341197168,0.07368220341197168,0.0,6.40679936e-05
Fugue-asplos-EPIC-shared-readers-B4,F1,prefill_common,16,norm2,GPU,0,0.07368220341197168,0.07370279092574733,2.058751377565632e-05,0.00060250095616
Fugue-asplos-EPIC-shared-readers-B4,F1,prefill_common,17,qkv,GPU,0,0.07370279092574733,0.07404398142420887,0.0003411904984615385,0.037225895034880004
Fugue-asplos-EPIC-shared-readers-B4,F1,prefill_attention,17,attention_service,GPU,0,0.07404398142420887,0.07699350701642937,0.0029495255922205067,0.10418424601343998
Fugue-asplos-EPIC-shared-readers-B4,F1,prefill_common,17,proj,GPU,0,0.07699350701642937,0.07710723718258322,0.00011373016615384616,0.01268428832768
Fugue-asplos-EPIC-shared-readers-B4,F1,prefill_common,17,comm_g2g,GPU,0,0.07710723718258322,0.07710723718258322,0.0,6.40679936e-05
Fugue-asplos-EPIC-shared-readers-B4,F1,prefill_common,17,norm1,GPU,0,0.07710723718258322,0.07712782469635887,2.058751377565632e-05,0.00060250095616
Fugue-asplos-EPIC-shared-readers-B4,F1,prefill_common,17,ff1,GPU,0,0.07712782469635887,0.07740510967288634,0.00027728497652747253,0.033432590964053335
Fugue-asplos-EPIC-shared-readers-B4,F1,prefill_common,17,ff2,GPU,0,0.07740510967288634,0.07768239464941382,0.00027728497652747253,0.033432590964053335
Fugue-asplos-EPIC-shared-readers-B4,F1,prefill_common,17,glu,GPU,0,0.07768239464941382,0.07771438125864459,3.1986609230769235e-05,0.0016119260774399998
Fugue-asplos-EPIC-shared-readers-B4,F1,prefill_common,17,ff3,GPU,0,0.07771438125864459,0.07801766170172152,0.0003032804430769231,0.03349210813781334
Fugue-asplos-EPIC-shared-readers-B4,F1,prefill_common,17,comm_g2g,GPU,0,0.07801766170172152,0.07801766170172152,0.0,6.40679936e-05
Fugue-asplos-EPIC-shared-readers-B4,F1,prefill_common,17,norm2,GPU,0,0.07801766170172152,0.07803824921549717,2.058751377565632e-05,0.00060250095616
Fugue-asplos-EPIC-shared-readers-B4,F1,prefill_common,18,qkv,GPU,0,0.07803824921549717,0.0783794397139587,0.0003411904984615385,0.037225895034880004
Fugue-asplos-EPIC-shared-readers-B4,F1,prefill_attention,18,attention_service,GPU,0,0.0783794397139587,0.08132896530617921,0.0029495255922205067,0.10418424601343998
Fugue-asplos-EPIC-shared-readers-B4,F1,prefill_common,18,proj,GPU,0,0.08132896530617921,0.08144269547233306,0.00011373016615384616,0.01268428832768
Fugue-asplos-EPIC-shared-readers-B4,F1,prefill_common,18,comm_g2g,GPU,0,0.08144269547233306,0.08144269547233306,0.0,6.40679936e-05
Fugue-asplos-EPIC-shared-readers-B4,F1,prefill_common,18,norm1,GPU,0,0.08144269547233306,0.0814632829861087,2.058751377565632e-05,0.00060250095616
Fugue-asplos-EPIC-shared-readers-B4,F1,prefill_common,18,ff1,GPU,0,0.0814632829861087,0.08174056796263618,0.00027728497652747253,0.033432590964053335
Fugue-asplos-EPIC-shared-readers-B4,F1,prefill_common,18,ff2,GPU,0,0.08174056796263618,0.08201785293916365,0.00027728497652747253,0.033432590964053335
Fugue-asplos-EPIC-shared-readers-B4,F1,prefill_common,18,glu,GPU,0,0.08201785293916365,0.08204983954839443,3.1986609230769235e-05,0.0016119260774399998
Fugue-asplos-EPIC-shared-readers-B4,F1,prefill_common,18,ff3,GPU,0,0.08204983954839443,0.08235311999147135,0.0003032804430769231,0.03349210813781334
Fugue-asplos-EPIC-shared-readers-B4,F1,prefill_common,18,comm_g2g,GPU,0,0.08235311999147135,0.08235311999147135,0.0,6.40679936e-05
Fugue-asplos-EPIC-shared-readers-B4,F1,prefill_common,18,norm2,GPU,0,0.08235311999147135,0.082373707505247,2.058751377565632e-05,0.00060250095616
Fugue-asplos-EPIC-shared-readers-B4,F1,prefill_common,19,qkv,GPU,0,0.082373707505247,0.08271489800370854,0.0003411904984615385,0.037225895034880004
Fugue-asplos-EPIC-shared-readers-B4,F1,prefill_attention,19,attention_service,GPU,0,0.08271489800370854,0.08566442359592905,0.0029495255922205067,0.10418424601343998
Fugue-asplos-EPIC-shared-readers-B4,F1,prefill_common,19,proj,GPU,0,0.08566442359592905,0.08577815376208289,0.00011373016615384616,0.01268428832768
Fugue-asplos-EPIC-shared-readers-B4,F1,prefill_common,19,comm_g2g,GPU,0,0.08577815376208289,0.08577815376208289,0.0,6.40679936e-05
Fugue-asplos-EPIC-shared-readers-B4,F1,prefill_common,19,norm1,GPU,0,0.08577815376208289,0.08579874127585854,2.058751377565632e-05,0.00060250095616
Fugue-asplos-EPIC-shared-readers-B4,F1,prefill_common,19,ff1,GPU,0,0.08579874127585854,0.08607602625238601,0.00027728497652747253,0.033432590964053335
Fugue-asplos-EPIC-shared-readers-B4,F1,prefill_common,19,ff2,GPU,0,0.08607602625238601,0.08635331122891349,0.00027728497652747253,0.033432590964053335
Fugue-asplos-EPIC-shared-readers-B4,F1,prefill_common,19,glu,GPU,0,0.08635331122891349,0.08638529783814426,3.1986609230769235e-05,0.0016119260774399998
Fugue-asplos-EPIC-shared-readers-B4,F1,prefill_common,19,ff3,GPU,0,0.08638529783814426,0.08668857828122119,0.0003032804430769231,0.03349210813781334
Fugue-asplos-EPIC-shared-readers-B4,F1,prefill_common,19,comm_g2g,GPU,0,0.08668857828122119,0.08668857828122119,0.0,6.40679936e-05
Fugue-asplos-EPIC-shared-readers-B4,F1,prefill_common,19,norm2,GPU,0,0.08668857828122119,0.08670916579499684,2.058751377565632e-05,0.00060250095616
Fugue-asplos-EPIC-shared-readers-B4,F1,prefill_common,20,qkv,GPU,0,0.08670916579499684,0.08705035629345838,0.0003411904984615385,0.037225895034880004
Fugue-asplos-EPIC-shared-readers-B4,F1,prefill_attention,20,attention_service,GPU,0,0.08705035629345838,0.08999988188567888,0.0029495255922205067,0.10418424601343998
Fugue-asplos-EPIC-shared-readers-B4,F1,prefill_common,20,proj,GPU,0,0.08999988188567888,0.09011361205183273,0.00011373016615384616,0.01268428832768
Fugue-asplos-EPIC-shared-readers-B4,F1,prefill_common,20,comm_g2g,GPU,0,0.09011361205183273,0.09011361205183273,0.0,6.40679936e-05
Fugue-asplos-EPIC-shared-readers-B4,F1,prefill_common,20,norm1,GPU,0,0.09011361205183273,0.09013419956560838,2.058751377565632e-05,0.00060250095616
Fugue-asplos-EPIC-shared-readers-B4,F1,prefill_common,20,ff1,GPU,0,0.09013419956560838,0.09041148454213585,0.00027728497652747253,0.033432590964053335
Fugue-asplos-EPIC-shared-readers-B4,F1,prefill_common,20,ff2,GPU,0,0.09041148454213585,0.09068876951866332,0.00027728497652747253,0.033432590964053335
Fugue-asplos-EPIC-shared-readers-B4,F1,prefill_common,20,glu,GPU,0,0.09068876951866332,0.0907207561278941,3.1986609230769235e-05,0.0016119260774399998
Fugue-asplos-EPIC-shared-readers-B4,F1,prefill_common,20,ff3,GPU,0,0.0907207561278941,0.09102403657097102,0.0003032804430769231,0.03349210813781334
Fugue-asplos-EPIC-shared-readers-B4,F1,prefill_common,20,comm_g2g,GPU,0,0.09102403657097102,0.09102403657097102,0.0,6.40679936e-05
Fugue-asplos-EPIC-shared-readers-B4,F1,prefill_common,20,norm2,GPU,0,0.09102403657097102,0.09104462408474667,2.058751377565632e-05,0.00060250095616
Fugue-asplos-EPIC-shared-readers-B4,F1,prefill_common,21,qkv,GPU,0,0.09104462408474667,0.09138581458320821,0.0003411904984615385,0.037225895034880004
Fugue-asplos-EPIC-shared-readers-B4,F1,prefill_attention,21,attention_service,GPU,0,0.09138581458320821,0.09433534017542872,0.0029495255922205067,0.10418424601343998
Fugue-asplos-EPIC-shared-readers-B4,F1,prefill_common,21,proj,GPU,0,0.09433534017542872,0.09444907034158256,0.00011373016615384616,0.01268428832768
Fugue-asplos-EPIC-shared-readers-B4,F1,prefill_common,21,comm_g2g,GPU,0,0.09444907034158256,0.09444907034158256,0.0,6.40679936e-05
Fugue-asplos-EPIC-shared-readers-B4,F1,prefill_common,21,norm1,GPU,0,0.09444907034158256,0.09446965785535821,2.058751377565632e-05,0.00060250095616
Fugue-asplos-EPIC-shared-readers-B4,F1,prefill_common,21,ff1,GPU,0,0.09446965785535821,0.09474694283188569,0.00027728497652747253,0.033432590964053335
Fugue-asplos-EPIC-shared-readers-B4,F1,prefill_common,21,ff2,GPU,0,0.09474694283188569,0.09502422780841316,0.00027728497652747253,0.033432590964053335
Fugue-asplos-EPIC-shared-readers-B4,F1,prefill_common,21,glu,GPU,0,0.09502422780841316,0.09505621441764393,3.1986609230769235e-05,0.0016119260774399998
Fugue-asplos-EPIC-shared-readers-B4,F1,prefill_common,21,ff3,GPU,0,0.09505621441764393,0.09535949486072086,0.0003032804430769231,0.03349210813781334
Fugue-asplos-EPIC-shared-readers-B4,F1,prefill_common,21,comm_g2g,GPU,0,0.09535949486072086,0.09535949486072086,0.0,6.40679936e-05
Fugue-asplos-EPIC-shared-readers-B4,F1,prefill_common,21,norm2,GPU,0,0.09535949486072086,0.09538008237449651,2.058751377565632e-05,0.00060250095616
Fugue-asplos-EPIC-shared-readers-B4,F1,prefill_common,22,qkv,GPU,0,0.09538008237449651,0.09572127287295805,0.0003411904984615385,0.037225895034880004
Fugue-asplos-EPIC-shared-readers-B4,F1,prefill_attention,22,attention_service,GPU,0,0.09572127287295805,0.09867079846517855,0.0029495255922205067,0.10418424601343998
Fugue-asplos-EPIC-shared-readers-B4,F1,prefill_common,22,proj,GPU,0,0.09867079846517855,0.0987845286313324,0.00011373016615384616,0.01268428832768
Fugue-asplos-EPIC-shared-readers-B4,F1,prefill_common,22,comm_g2g,GPU,0,0.0987845286313324,0.0987845286313324,0.0,6.40679936e-05
Fugue-asplos-EPIC-shared-readers-B4,F1,prefill_common,22,norm1,GPU,0,0.0987845286313324,0.09880511614510805,2.058751377565632e-05,0.00060250095616
Fugue-asplos-EPIC-shared-readers-B4,F1,prefill_common,22,ff1,GPU,0,0.09880511614510805,0.09908240112163552,0.00027728497652747253,0.033432590964053335
Fugue-asplos-EPIC-shared-readers-B4,F1,prefill_common,22,ff2,GPU,0,0.09908240112163552,0.099359686098163,0.00027728497652747253,0.033432590964053335
Fugue-asplos-EPIC-shared-readers-B4,F1,prefill_common,22,glu,GPU,0,0.099359686098163,0.09939167270739377,3.1986609230769235e-05,0.0016119260774399998
Fugue-asplos-EPIC-shared-readers-B4,F1,prefill_common,22,ff3,GPU,0,0.09939167270739377,0.0996949531504707,0.0003032804430769231,0.03349210813781334
Fugue-asplos-EPIC-shared-readers-B4,F1,prefill_common,22,comm_g2g,GPU,0,0.0996949531504707,0.0996949531504707,0.0,6.40679936e-05
Fugue-asplos-EPIC-shared-readers-B4,F1,prefill_common,22,norm2,GPU,0,0.0996949531504707,0.09971554066424634,2.058751377565632e-05,0.00060250095616
Fugue-asplos-EPIC-shared-readers-B4,F1,prefill_common,23,qkv,GPU,0,0.09971554066424634,0.10005673116270788,0.0003411904984615385,0.037225895034880004
Fugue-asplos-EPIC-shared-readers-B4,F1,prefill_attention,23,attention_service,GPU,0,0.10005673116270788,0.10300625675492839,0.0029495255922205067,0.10418424601343998
Fugue-asplos-EPIC-shared-readers-B4,F1,prefill_common,23,proj,GPU,0,0.10300625675492839,0.10311998692108224,0.00011373016615384616,0.01268428832768
Fugue-asplos-EPIC-shared-readers-B4,F1,prefill_common,23,comm_g2g,GPU,0,0.10311998692108224,0.10311998692108224,0.0,6.40679936e-05
Fugue-asplos-EPIC-shared-readers-B4,F1,prefill_common,23,norm1,GPU,0,0.10311998692108224,0.10314057443485788,2.058751377565632e-05,0.00060250095616
Fugue-asplos-EPIC-shared-readers-B4,F1,prefill_common,23,ff1,GPU,0,0.10314057443485788,0.10341785941138536,0.00027728497652747253,0.033432590964053335
Fugue-asplos-EPIC-shared-readers-B4,F1,prefill_common,23,ff2,GPU,0,0.10341785941138536,0.10369514438791283,0.00027728497652747253,0.033432590964053335
Fugue-asplos-EPIC-shared-readers-B4,F1,prefill_common,23,glu,GPU,0,0.10369514438791283,0.1037271309971436,3.1986609230769235e-05,0.0016119260774399998
Fugue-asplos-EPIC-shared-readers-B4,F1,prefill_common,23,ff3,GPU,0,0.1037271309971436,0.10403041144022053,0.0003032804430769231,0.03349210813781334
Fugue-asplos-EPIC-shared-readers-B4,F1,prefill_common,23,comm_g2g,GPU,0,0.10403041144022053,0.10403041144022053,0.0,6.40679936e-05
Fugue-asplos-EPIC-shared-readers-B4,F1,prefill_common,23,norm2,GPU,0,0.10403041144022053,0.10405099895399618,2.058751377565632e-05,0.00060250095616
Fugue-asplos-EPIC-shared-readers-B4,F1,prefill_common,24,qkv,GPU,0,0.10405099895399618,0.10439218945245772,0.0003411904984615385,0.037225895034880004
Fugue-asplos-EPIC-shared-readers-B4,F1,prefill_attention,24,attention_service,GPU,0,0.10439218945245772,0.10734171504467822,0.0029495255922205067,0.10418424601343998
Fugue-asplos-EPIC-shared-readers-B4,F1,prefill_common,24,proj,GPU,0,0.10734171504467822,0.10745544521083207,0.00011373016615384616,0.01268428832768
Fugue-asplos-EPIC-shared-readers-B4,F1,prefill_common,24,comm_g2g,GPU,0,0.10745544521083207,0.10745544521083207,0.0,6.40679936e-05
Fugue-asplos-EPIC-shared-readers-B4,F1,prefill_common,24,norm1,GPU,0,0.10745544521083207,0.10747603272460772,2.058751377565632e-05,0.00060250095616
Fugue-asplos-EPIC-shared-readers-B4,F1,prefill_common,24,ff1,GPU,0,0.10747603272460772,0.10775331770113519,0.00027728497652747253,0.033432590964053335
Fugue-asplos-EPIC-shared-readers-B4,F1,prefill_common,24,ff2,GPU,0,0.10775331770113519,0.10803060267766267,0.00027728497652747253,0.033432590964053335
Fugue-asplos-EPIC-shared-readers-B4,F1,prefill_common,24,glu,GPU,0,0.10803060267766267,0.10806258928689344,3.1986609230769235e-05,0.0016119260774399998
Fugue-asplos-EPIC-shared-readers-B4,F1,prefill_common,24,ff3,GPU,0,0.10806258928689344,0.10836586972997037,0.0003032804430769231,0.03349210813781334
Fugue-asplos-EPIC-shared-readers-B4,F1,prefill_common,24,comm_g2g,GPU,0,0.10836586972997037,0.10836586972997037,0.0,6.40679936e-05
Fugue-asplos-EPIC-shared-readers-B4,F1,prefill_common,24,norm2,GPU,0,0.10836586972997037,0.10838645724374601,2.058751377565632e-05,0.00060250095616
Fugue-asplos-EPIC-shared-readers-B4,F1,prefill_common,25,qkv,GPU,0,0.10838645724374601,0.10872764774220756,0.0003411904984615385,0.037225895034880004
Fugue-asplos-EPIC-shared-readers-B4,F1,prefill_attention,25,attention_service,GPU,0,0.10872764774220756,0.11167717333442806,0.0029495255922205067,0.10418424601343998
Fugue-asplos-EPIC-shared-readers-B4,F1,prefill_common,25,proj,GPU,0,0.11167717333442806,0.1117909035005819,0.00011373016615384616,0.01268428832768
Fugue-asplos-EPIC-shared-readers-B4,F1,prefill_common,25,comm_g2g,GPU,0,0.1117909035005819,0.1117909035005819,0.0,6.40679936e-05
Fugue-asplos-EPIC-shared-readers-B4,F1,prefill_common,25,norm1,GPU,0,0.1117909035005819,0.11181149101435756,2.058751377565632e-05,0.00060250095616
Fugue-asplos-EPIC-shared-readers-B4,F1,prefill_common,25,ff1,GPU,0,0.11181149101435756,0.11208877599088503,0.00027728497652747253,0.033432590964053335
Fugue-asplos-EPIC-shared-readers-B4,F1,prefill_common,25,ff2,GPU,0,0.11208877599088503,0.1123660609674125,0.00027728497652747253,0.033432590964053335
Fugue-asplos-EPIC-shared-readers-B4,F1,prefill_common,25,glu,GPU,0,0.1123660609674125,0.11239804757664328,3.1986609230769235e-05,0.0016119260774399998
Fugue-asplos-EPIC-shared-readers-B4,F1,prefill_common,25,ff3,GPU,0,0.11239804757664328,0.1127013280197202,0.0003032804430769231,0.03349210813781334
Fugue-asplos-EPIC-shared-readers-B4,F1,prefill_common,25,comm_g2g,GPU,0,0.1127013280197202,0.1127013280197202,0.0,6.40679936e-05
Fugue-asplos-EPIC-shared-readers-B4,F1,prefill_common,25,norm2,GPU,0,0.1127013280197202,0.11272191553349585,2.058751377565632e-05,0.00060250095616
Fugue-asplos-EPIC-shared-readers-B4,F1,prefill_common,26,qkv,GPU,0,0.11272191553349585,0.11306310603195739,0.0003411904984615385,0.037225895034880004
Fugue-asplos-EPIC-shared-readers-B4,F1,prefill_attention,26,attention_service,GPU,0,0.11306310603195739,0.1160126316241779,0.0029495255922205067,0.10418424601343998
Fugue-asplos-EPIC-shared-readers-B4,F1,prefill_common,26,proj,GPU,0,0.1160126316241779,0.11612636179033174,0.00011373016615384616,0.01268428832768
Fugue-asplos-EPIC-shared-readers-B4,F1,prefill_common,26,comm_g2g,GPU,0,0.11612636179033174,0.11612636179033174,0.0,6.40679936e-05
Fugue-asplos-EPIC-shared-readers-B4,F1,prefill_common,26,norm1,GPU,0,0.11612636179033174,0.11614694930410739,2.058751377565632e-05,0.00060250095616
Fugue-asplos-EPIC-shared-readers-B4,F1,prefill_common,26,ff1,GPU,0,0.11614694930410739,0.11642423428063486,0.00027728497652747253,0.033432590964053335
Fugue-asplos-EPIC-shared-readers-B4,F1,prefill_common,26,ff2,GPU,0,0.11642423428063486,0.11670151925716234,0.00027728497652747253,0.033432590964053335
Fugue-asplos-EPIC-shared-readers-B4,F1,prefill_common,26,glu,GPU,0,0.11670151925716234,0.11673350586639311,3.1986609230769235e-05,0.0016119260774399998
Fugue-asplos-EPIC-shared-readers-B4,F1,prefill_common,26,ff3,GPU,0,0.11673350586639311,0.11703678630947004,0.0003032804430769231,0.03349210813781334
Fugue-asplos-EPIC-shared-readers-B4,F1,prefill_common,26,comm_g2g,GPU,0,0.11703678630947004,0.11703678630947004,0.0,6.40679936e-05
Fugue-asplos-EPIC-shared-readers-B4,F1,prefill_common,26,norm2,GPU,0,0.11703678630947004,0.11705737382324569,2.058751377565632e-05,0.00060250095616
Fugue-asplos-EPIC-shared-readers-B4,F1,prefill_common,27,qkv,GPU,0,0.11705737382324569,0.11739856432170723,0.0003411904984615385,0.037225895034880004
Fugue-asplos-EPIC-shared-readers-B4,F1,prefill_attention,27,attention_service,GPU,0,0.11739856432170723,0.12034808991392773,0.0029495255922205067,0.10418424601343998
Fugue-asplos-EPIC-shared-readers-B4,F1,prefill_common,27,proj,GPU,0,0.12034808991392773,0.12046182008008158,0.00011373016615384616,0.01268428832768
Fugue-asplos-EPIC-shared-readers-B4,F1,prefill_common,27,comm_g2g,GPU,0,0.12046182008008158,0.12046182008008158,0.0,6.40679936e-05
Fugue-asplos-EPIC-shared-readers-B4,F1,prefill_common,27,norm1,GPU,0,0.12046182008008158,0.12048240759385723,2.058751377565632e-05,0.00060250095616
Fugue-asplos-EPIC-shared-readers-B4,F1,prefill_common,27,ff1,GPU,0,0.12048240759385723,0.1207596925703847,0.00027728497652747253,0.033432590964053335
Fugue-asplos-EPIC-shared-readers-B4,F1,prefill_common,27,ff2,GPU,0,0.1207596925703847,0.12103697754691217,0.00027728497652747253,0.033432590964053335
Fugue-asplos-EPIC-shared-readers-B4,F1,prefill_common,27,glu,GPU,0,0.12103697754691217,0.12106896415614295,3.1986609230769235e-05,0.0016119260774399998
Fugue-asplos-EPIC-shared-readers-B4,F1,prefill_common,27,ff3,GPU,0,0.12106896415614295,0.12137224459921987,0.0003032804430769231,0.03349210813781334
Fugue-asplos-EPIC-shared-readers-B4,F1,prefill_common,27,comm_g2g,GPU,0,0.12137224459921987,0.12137224459921987,0.0,6.40679936e-05
Fugue-asplos-EPIC-shared-readers-B4,F1,prefill_common,27,norm2,GPU,0,0.12137224459921987,0.12139283211299552,2.058751377565632e-05,0.00060250095616
Fugue-asplos-EPIC-shared-readers-B4,F1,prefill_common,28,qkv,GPU,0,0.12139283211299552,0.12173402261145706,0.0003411904984615385,0.037225895034880004
Fugue-asplos-EPIC-shared-readers-B4,F1,prefill_attention,28,attention_service,GPU,0,0.12173402261145706,0.12468354820367757,0.0029495255922205067,0.10418424601343998
Fugue-asplos-EPIC-shared-readers-B4,F1,prefill_common,28,proj,GPU,0,0.12468354820367757,0.12479727836983141,0.00011373016615384616,0.01268428832768
Fugue-asplos-EPIC-shared-readers-B4,F1,prefill_common,28,comm_g2g,GPU,0,0.12479727836983141,0.12479727836983141,0.0,6.40679936e-05
Fugue-asplos-EPIC-shared-readers-B4,F1,prefill_common,28,norm1,GPU,0,0.12479727836983141,0.12481786588360706,2.058751377565632e-05,0.00060250095616
Fugue-asplos-EPIC-shared-readers-B4,F1,prefill_common,28,ff1,GPU,0,0.12481786588360706,0.12509515086013454,0.00027728497652747253,0.033432590964053335
Fugue-asplos-EPIC-shared-readers-B4,F1,prefill_common,28,ff2,GPU,0,0.12509515086013454,0.125372435836662,0.00027728497652747253,0.033432590964053335
Fugue-asplos-EPIC-shared-readers-B4,F1,prefill_common,28,glu,GPU,0,0.125372435836662,0.12540442244589275,3.1986609230769235e-05,0.0016119260774399998
Fugue-asplos-EPIC-shared-readers-B4,F1,prefill_common,28,ff3,GPU,0,0.12540442244589275,0.12570770288896968,0.0003032804430769231,0.03349210813781334
Fugue-asplos-EPIC-shared-readers-B4,F1,prefill_common,28,comm_g2g,GPU,0,0.12570770288896968,0.12570770288896968,0.0,6.40679936e-05
Fugue-asplos-EPIC-shared-readers-B4,F1,prefill_common,28,norm2,GPU,0,0.12570770288896968,0.12572829040274533,2.058751377565632e-05,0.00060250095616
Fugue-asplos-EPIC-shared-readers-B4,F1,prefill_common,29,qkv,GPU,0,0.12572829040274533,0.12606948090120687,0.0003411904984615385,0.037225895034880004
Fugue-asplos-EPIC-shared-readers-B4,F1,prefill_attention,29,attention_service,GPU,0,0.12606948090120687,0.12901900649342737,0.0029495255922205067,0.10418424601343998
Fugue-asplos-EPIC-shared-readers-B4,F1,prefill_common,29,proj,GPU,0,0.12901900649342737,0.12913273665958122,0.00011373016615384616,0.01268428832768
Fugue-asplos-EPIC-shared-readers-B4,F1,prefill_common,29,comm_g2g,GPU,0,0.12913273665958122,0.12913273665958122,0.0,6.40679936e-05
Fugue-asplos-EPIC-shared-readers-B4,F1,prefill_common,29,norm1,GPU,0,0.12913273665958122,0.12915332417335687,2.058751377565632e-05,0.00060250095616
Fugue-asplos-EPIC-shared-readers-B4,F1,prefill_common,29,ff1,GPU,0,0.12915332417335687,0.12943060914988433,0.00027728497652747253,0.033432590964053335
Fugue-asplos-EPIC-shared-readers-B4,F1,prefill_common,29,ff2,GPU,0,0.12943060914988433,0.1297078941264118,0.00027728497652747253,0.033432590964053335
Fugue-asplos-EPIC-shared-readers-B4,F1,prefill_common,29,glu,GPU,0,0.1297078941264118,0.12973988073564255,3.1986609230769235e-05,0.0016119260774399998
Fugue-asplos-EPIC-shared-readers-B4,F1,prefill_common,29,ff3,GPU,0,0.12973988073564255,0.13004316117871947,0.0003032804430769231,0.03349210813781334
Fugue-asplos-EPIC-shared-readers-B4,F1,prefill_common,29,comm_g2g,GPU,0,0.13004316117871947,0.13004316117871947,0.0,6.40679936e-05
Fugue-asplos-EPIC-shared-readers-B4,F1,prefill_common,29,norm2,GPU,0,0.13004316117871947,0.13006374869249512,2.058751377565632e-05,0.00060250095616
Fugue-asplos-EPIC-shared-readers-B4,F1,prefill_common,30,qkv,GPU,0,0.13006374869249512,0.13040493919095666,0.0003411904984615385,0.037225895034880004
Fugue-asplos-EPIC-shared-readers-B4,F1,prefill_attention,30,attention_service,GPU,0,0.13040493919095666,0.13335446478317717,0.0029495255922205067,0.10418424601343998
Fugue-asplos-EPIC-shared-readers-B4,F1,prefill_common,30,proj,GPU,0,0.13335446478317717,0.13346819494933101,0.00011373016615384616,0.01268428832768
Fugue-asplos-EPIC-shared-readers-B4,F1,prefill_common,30,comm_g2g,GPU,0,0.13346819494933101,0.13346819494933101,0.0,6.40679936e-05
Fugue-asplos-EPIC-shared-readers-B4,F1,prefill_common,30,norm1,GPU,0,0.13346819494933101,0.13348878246310666,2.058751377565632e-05,0.00060250095616
Fugue-asplos-EPIC-shared-readers-B4,F1,prefill_common,30,ff1,GPU,0,0.13348878246310666,0.13376606743963412,0.00027728497652747253,0.033432590964053335
Fugue-asplos-EPIC-shared-readers-B4,F1,prefill_common,30,ff2,GPU,0,0.13376606743963412,0.13404335241616158,0.00027728497652747253,0.033432590964053335
Fugue-asplos-EPIC-shared-readers-B4,F1,prefill_common,30,glu,GPU,0,0.13404335241616158,0.13407533902539234,3.1986609230769235e-05,0.0016119260774399998
Fugue-asplos-EPIC-shared-readers-B4,F1,prefill_common,30,ff3,GPU,0,0.13407533902539234,0.13437861946846927,0.0003032804430769231,0.03349210813781334
Fugue-asplos-EPIC-shared-readers-B4,F1,prefill_common,30,comm_g2g,GPU,0,0.13437861946846927,0.13437861946846927,0.0,6.40679936e-05
Fugue-asplos-EPIC-shared-readers-B4,F1,prefill_common,30,norm2,GPU,0,0.13437861946846927,0.13439920698224492,2.058751377565632e-05,0.00060250095616
Fugue-asplos-EPIC-shared-readers-B4,F1,prefill_common,31,qkv,GPU,0,0.13439920698224492,0.13474039748070646,0.0003411904984615385,0.037225895034880004
Fugue-asplos-EPIC-shared-readers-B4,F1,prefill_attention,31,attention_service,GPU,0,0.13474039748070646,0.13768992307292696,0.0029495255922205067,0.10418424601343998
Fugue-asplos-EPIC-shared-readers-B4,F1,prefill_common,31,proj,GPU,0,0.13768992307292696,0.1378036532390808,0.00011373016615384616,0.01268428832768
Fugue-asplos-EPIC-shared-readers-B4,F1,prefill_common,31,comm_g2g,GPU,0,0.1378036532390808,0.1378036532390808,0.0,6.40679936e-05
Fugue-asplos-EPIC-shared-readers-B4,F1,prefill_common,31,norm1,GPU,0,0.1378036532390808,0.13782424075285646,2.058751377565632e-05,0.00060250095616
Fugue-asplos-EPIC-shared-readers-B4,F1,prefill_common,31,ff1,GPU,0,0.13782424075285646,0.13810152572938392,0.00027728497652747253,0.033432590964053335
Fugue-asplos-EPIC-shared-readers-B4,F1,prefill_common,31,ff2,GPU,0,0.13810152572938392,0.13837881070591138,0.00027728497652747253,0.033432590964053335
Fugue-asplos-EPIC-shared-readers-B4,F1,prefill_common,31,glu,GPU,0,0.13837881070591138,0.13841079731514214,3.1986609230769235e-05,0.0016119260774399998
Fugue-asplos-EPIC-shared-readers-B4,F1,prefill_common,31,ff3,GPU,0,0.13841079731514214,0.13871407775821906,0.0003032804430769231,0.03349210813781334
Fugue-asplos-EPIC-shared-readers-B4,F1,prefill_common,31,comm_g2g,GPU,0,0.13871407775821906,0.13871407775821906,0.0,6.40679936e-05
Fugue-asplos-EPIC-shared-readers-B4,F1,prefill_common,31,norm2,GPU,0,0.13871407775821906,0.1387346652719947,2.058751377565632e-05,0.00060250095616
Fugue-asplos-EPIC-shared-readers-B4,F1,decode,all,native_transformer,GPU,1,0.1387346652719947,0.1545454592010601,0.015810793929065387,1.00319033417728
Fugue-asplos-EPIC-shared-readers-B4,F1,decode,all,native_transformer,GPU,2,0.1545454592010601,0.17035751462107032,0.015812055420010213,1.00325975857152
Fugue-asplos-EPIC-shared-readers-B4,F1,decode,all,native_transformer,GPU,3,0.17035751462107032,0.18617083153202535,0.015813316910955038,1.0033291829657598
Fugue-asplos-EPIC-shared-readers-B4,F1,decode,all,native_transformer,GPU,4,0.18617083153202535,0.20198540993392522,0.015814578401899863,1.0033986073599999
Fugue-asplos-EPIC-shared-readers-B4,F1,decode,all,native_transformer,GPU,5,0.20198540993392522,0.2178012498267699,0.015815839892844692,1.0034680317542402
Fugue-asplos-EPIC-shared-readers-B4,F1,decode,all,native_transformer,GPU,6,0.2178012498267699,0.23361835121055943,0.015817101383789518,1.0035374561484798
Fugue-asplos-EPIC-shared-readers-B4,F1,decode,all,native_transformer,GPU,7,0.23361835121055943,0.24943671408529378,0.015818362874734343,1.0036068805427198
Fugue-asplos-EPIC-shared-readers-B4,F1,decode,all,native_transformer,GPU,8,0.24943671408529378,0.26525633845097296,0.015819624365679172,1.0036763049369601
Fugue-asplos-EPIC-shared-readers-B4,F1,decode,all,native_transformer,GPU,9,0.26525633845097296,0.28107722430759696,0.015820885856623997,1.0037457293312
Fugue-asplos-EPIC-shared-readers-B4,F1,decode,all,native_transformer,GPU,10,0.28107722430759696,0.2968993716551658,0.015822147347568826,1.00381515372544
Fugue-asplos-EPIC-shared-readers-B4,F1,decode,all,native_transformer,GPU,11,0.2968993716551658,0.3127227804936794,0.01582340883851365,1.0038845781196801
Fugue-asplos-EPIC-shared-readers-B4,F1,decode,all,native_transformer,GPU,12,0.3127227804936794,0.3285474508231379,0.015824670329458477,1.00395400251392
Fugue-asplos-EPIC-shared-readers-B4,F1,decode,all,native_transformer,GPU,13,0.3285474508231379,0.3443733826435412,0.015825931820403302,1.00402342690816
Fugue-asplos-EPIC-shared-readers-B4,F1,decode,all,native_transformer,GPU,14,0.3443733826435412,0.36020057595488936,0.01582719331134813,1.00409419347968
Fugue-asplos-EPIC-shared-readers-B4,F1,decode,all,native_transformer,GPU,15,0.36020057595488936,0.3760290307571823,0.015828454802292957,1.00416361787392
Fugue-asplos-EPIC-shared-readers-B4,F2,prefill_common,0,qkv,GPU,0,0.0,0.0003411904984615385,0.0003411904984615385,0.037225895034880004
Fugue-asplos-EPIC-shared-readers-B4,F2,prefill_attention,0,attention_service,GPU,0,0.0003411904984615385,0.005045988624015378,0.0047047981255538395,0.10966069631743998
Fugue-asplos-EPIC-shared-readers-B4,F2,prefill_common,0,proj,GPU,0,0.005045988624015378,0.005159718790169224,0.00011373016615384616,0.01268428832768
Fugue-asplos-EPIC-shared-readers-B4,F2,prefill_common,0,comm_g2g,GPU,0,0.005159718790169224,0.005159718790169224,0.0,6.40679936e-05
Fugue-asplos-EPIC-shared-readers-B4,F2,prefill_common,0,norm1,GPU,0,0.005159718790169224,0.0051803063039448805,2.058751377565632e-05,0.00060250095616
Fugue-asplos-EPIC-shared-readers-B4,F2,prefill_common,0,ff1,GPU,0,0.0051803063039448805,0.005457591280472353,0.00027728497652747253,0.033432590964053335
Fugue-asplos-EPIC-shared-readers-B4,F2,prefill_common,0,ff2,GPU,0,0.005457591280472353,0.005734876256999826,0.00027728497652747253,0.033432590964053335
Fugue-asplos-EPIC-shared-readers-B4,F2,prefill_common,0,glu,GPU,0,0.005734876256999826,0.005766862866230595,3.1986609230769235e-05,0.0016119260774399998
Fugue-asplos-EPIC-shared-readers-B4,F2,prefill_common,0,ff3,GPU,0,0.005766862866230595,0.006070143309307518,0.0003032804430769231,0.03349210813781334
Fugue-asplos-EPIC-shared-readers-B4,F2,prefill_common,0,comm_g2g,GPU,0,0.006070143309307518,0.006070143309307518,0.0,6.40679936e-05
Fugue-asplos-EPIC-shared-readers-B4,F2,prefill_common,0,norm2,GPU,0,0.006070143309307518,0.0060907308230831745,2.058751377565632e-05,0.00060250095616
Fugue-asplos-EPIC-shared-readers-B4,F2,prefill_common,1,qkv,GPU,0,0.0060907308230831745,0.006431921321544713,0.0003411904984615385,0.037225895034880004
Fugue-asplos-EPIC-shared-readers-B4,F2,prefill_attention,1,attention_service,GPU,0,0.006431921321544713,0.011136719447098552,0.0047047981255538395,0.10966069631743998
Fugue-asplos-EPIC-shared-readers-B4,F2,prefill_common,1,proj,GPU,0,0.011136719447098552,0.0112504496132524,0.00011373016615384616,0.01268428832768
Fugue-asplos-EPIC-shared-readers-B4,F2,prefill_common,1,comm_g2g,GPU,0,0.0112504496132524,0.0112504496132524,0.0,6.40679936e-05
Fugue-asplos-EPIC-shared-readers-B4,F2,prefill_common,1,norm1,GPU,0,0.0112504496132524,0.011271037127028056,2.058751377565632e-05,0.00060250095616
Fugue-asplos-EPIC-shared-readers-B4,F2,prefill_common,1,ff1,GPU,0,0.011271037127028056,0.011548322103555528,0.00027728497652747253,0.033432590964053335
Fugue-asplos-EPIC-shared-readers-B4,F2,prefill_common,1,ff2,GPU,0,0.011548322103555528,0.011825607080083001,0.00027728497652747253,0.033432590964053335
Fugue-asplos-EPIC-shared-readers-B4,F2,prefill_common,1,glu,GPU,0,0.011825607080083001,0.01185759368931377,3.1986609230769235e-05,0.0016119260774399998
Fugue-asplos-EPIC-shared-readers-B4,F2,prefill_common,1,ff3,GPU,0,0.01185759368931377,0.012160874132390694,0.0003032804430769231,0.03349210813781334
Fugue-asplos-EPIC-shared-readers-B4,F2,prefill_common,1,comm_g2g,GPU,0,0.012160874132390694,0.012160874132390694,0.0,6.40679936e-05
Fugue-asplos-EPIC-shared-readers-B4,F2,prefill_common,1,norm2,GPU,0,0.012160874132390694,0.01218146164616635,2.058751377565632e-05,0.00060250095616
Fugue-asplos-EPIC-shared-readers-B4,F2,prefill_common,2,qkv,GPU,0,0.01218146164616635,0.01252265214462789,0.0003411904984615385,0.037225895034880004
Fugue-asplos-EPIC-shared-readers-B4,F2,prefill_attention,2,attention_service,GPU,0,0.01252265214462789,0.01722745027018173,0.0047047981255538395,0.10966069631743998
Fugue-asplos-EPIC-shared-readers-B4,F2,prefill_common,2,proj,GPU,0,0.01722745027018173,0.017341180436335576,0.00011373016615384616,0.01268428832768
Fugue-asplos-EPIC-shared-readers-B4,F2,prefill_common,2,comm_g2g,GPU,0,0.017341180436335576,0.017341180436335576,0.0,6.40679936e-05
Fugue-asplos-EPIC-shared-readers-B4,F2,prefill_common,2,norm1,GPU,0,0.017341180436335576,0.017361767950111233,2.058751377565632e-05,0.00060250095616
Fugue-asplos-EPIC-shared-readers-B4,F2,prefill_common,2,ff1,GPU,0,0.017361767950111233,0.017639052926638706,0.00027728497652747253,0.033432590964053335
Fugue-asplos-EPIC-shared-readers-B4,F2,prefill_common,2,ff2,GPU,0,0.017639052926638706,0.017916337903166178,0.00027728497652747253,0.033432590964053335
Fugue-asplos-EPIC-shared-readers-B4,F2,prefill_common,2,glu,GPU,0,0.017916337903166178,0.017948324512396946,3.1986609230769235e-05,0.0016119260774399998
Fugue-asplos-EPIC-shared-readers-B4,F2,prefill_common,2,ff3,GPU,0,0.017948324512396946,0.018251604955473868,0.0003032804430769231,0.03349210813781334
Fugue-asplos-EPIC-shared-readers-B4,F2,prefill_common,2,comm_g2g,GPU,0,0.018251604955473868,0.018251604955473868,0.0,6.40679936e-05
Fugue-asplos-EPIC-shared-readers-B4,F2,prefill_common,2,norm2,GPU,0,0.018251604955473868,0.018272192469249524,2.058751377565632e-05,0.00060250095616
Fugue-asplos-EPIC-shared-readers-B4,F2,prefill_common,3,qkv,GPU,0,0.018272192469249524,0.018613382967711062,0.0003411904984615385,0.037225895034880004
Fugue-asplos-EPIC-shared-readers-B4,F2,prefill_attention,3,attention_service,GPU,0,0.018613382967711062,0.023318181093264903,0.0047047981255538395,0.10966069631743998
Fugue-asplos-EPIC-shared-readers-B4,F2,prefill_common,3,proj,GPU,0,0.023318181093264903,0.02343191125941875,0.00011373016615384616,0.01268428832768
Fugue-asplos-EPIC-shared-readers-B4,F2,prefill_common,3,comm_g2g,GPU,0,0.02343191125941875,0.02343191125941875,0.0,6.40679936e-05
Fugue-asplos-EPIC-shared-readers-B4,F2,prefill_common,3,norm1,GPU,0,0.02343191125941875,0.023452498773194407,2.058751377565632e-05,0.00060250095616
Fugue-asplos-EPIC-shared-readers-B4,F2,prefill_common,3,ff1,GPU,0,0.023452498773194407,0.02372978374972188,0.00027728497652747253,0.033432590964053335
Fugue-asplos-EPIC-shared-readers-B4,F2,prefill_common,3,ff2,GPU,0,0.02372978374972188,0.024007068726249352,0.00027728497652747253,0.033432590964053335
Fugue-asplos-EPIC-shared-readers-B4,F2,prefill_common,3,glu,GPU,0,0.024007068726249352,0.02403905533548012,3.1986609230769235e-05,0.0016119260774399998
Fugue-asplos-EPIC-shared-readers-B4,F2,prefill_common,3,ff3,GPU,0,0.02403905533548012,0.02434233577855704,0.0003032804430769231,0.03349210813781334
Fugue-asplos-EPIC-shared-readers-B4,F2,prefill_common,3,comm_g2g,GPU,0,0.02434233577855704,0.02434233577855704,0.0,6.40679936e-05
Fugue-asplos-EPIC-shared-readers-B4,F2,prefill_common,3,norm2,GPU,0,0.02434233577855704,0.024362923292332698,2.058751377565632e-05,0.00060250095616
Fugue-asplos-EPIC-shared-readers-B4,F2,prefill_common,4,qkv,GPU,0,0.024362923292332698,0.024704113790794235,0.0003411904984615385,0.037225895034880004
Fugue-asplos-EPIC-shared-readers-B4,F2,prefill_attention,4,attention_service,GPU,0,0.024704113790794235,0.029408911916348077,0.0047047981255538395,0.10966069631743998
Fugue-asplos-EPIC-shared-readers-B4,F2,prefill_common,4,proj,GPU,0,0.029408911916348077,0.029522642082501924,0.00011373016615384616,0.01268428832768
Fugue-asplos-EPIC-shared-readers-B4,F2,prefill_common,4,comm_g2g,GPU,0,0.029522642082501924,0.029522642082501924,0.0,6.40679936e-05
Fugue-asplos-EPIC-shared-readers-B4,F2,prefill_common,4,norm1,GPU,0,0.029522642082501924,0.02954322959627758,2.058751377565632e-05,0.00060250095616
Fugue-asplos-EPIC-shared-readers-B4,F2,prefill_common,4,ff1,GPU,0,0.02954322959627758,0.029820514572805053,0.00027728497652747253,0.033432590964053335
Fugue-asplos-EPIC-shared-readers-B4,F2,prefill_common,4,ff2,GPU,0,0.029820514572805053,0.030097799549332525,0.00027728497652747253,0.033432590964053335
Fugue-asplos-EPIC-shared-readers-B4,F2,prefill_common,4,glu,GPU,0,0.030097799549332525,0.030129786158563293,3.1986609230769235e-05,0.0016119260774399998
Fugue-asplos-EPIC-shared-readers-B4,F2,prefill_common,4,ff3,GPU,0,0.030129786158563293,0.030433066601640215,0.0003032804430769231,0.03349210813781334
Fugue-asplos-EPIC-shared-readers-B4,F2,prefill_common,4,comm_g2g,GPU,0,0.030433066601640215,0.030433066601640215,0.0,6.40679936e-05
Fugue-asplos-EPIC-shared-readers-B4,F2,prefill_common,4,norm2,GPU,0,0.030433066601640215,0.03045365411541587,2.058751377565632e-05,0.00060250095616
Fugue-asplos-EPIC-shared-readers-B4,F2,prefill_common,5,qkv,GPU,0,0.03045365411541587,0.03079484461387741,0.0003411904984615385,0.037225895034880004
Fugue-asplos-EPIC-shared-readers-B4,F2,prefill_attention,5,attention_service,GPU,0,0.03079484461387741,0.03549964273943125,0.0047047981255538395,0.10966069631743998
Fugue-asplos-EPIC-shared-readers-B4,F2,prefill_common,5,proj,GPU,0,0.03549964273943125,0.0356133729055851,0.00011373016615384616,0.01268428832768
Fugue-asplos-EPIC-shared-readers-B4,F2,prefill_common,5,comm_g2g,GPU,0,0.0356133729055851,0.0356133729055851,0.0,6.40679936e-05
Fugue-asplos-EPIC-shared-readers-B4,F2,prefill_common,5,norm1,GPU,0,0.0356133729055851,0.035633960419360754,2.058751377565632e-05,0.00060250095616
Fugue-asplos-EPIC-shared-readers-B4,F2,prefill_common,5,ff1,GPU,0,0.035633960419360754,0.035911245395888226,0.00027728497652747253,0.033432590964053335
Fugue-asplos-EPIC-shared-readers-B4,F2,prefill_common,5,ff2,GPU,0,0.035911245395888226,0.0361885303724157,0.00027728497652747253,0.033432590964053335
Fugue-asplos-EPIC-shared-readers-B4,F2,prefill_common,5,glu,GPU,0,0.0361885303724157,0.03622051698164647,3.1986609230769235e-05,0.0016119260774399998
Fugue-asplos-EPIC-shared-readers-B4,F2,prefill_common,5,ff3,GPU,0,0.03622051698164647,0.03652379742472339,0.0003032804430769231,0.03349210813781334
Fugue-asplos-EPIC-shared-readers-B4,F2,prefill_common,5,comm_g2g,GPU,0,0.03652379742472339,0.03652379742472339,0.0,6.40679936e-05
Fugue-asplos-EPIC-shared-readers-B4,F2,prefill_common,5,norm2,GPU,0,0.03652379742472339,0.03654438493849905,2.058751377565632e-05,0.00060250095616
Fugue-asplos-EPIC-shared-readers-B4,F2,prefill_common,6,qkv,GPU,0,0.03654438493849905,0.03688557543696059,0.0003411904984615385,0.037225895034880004
Fugue-asplos-EPIC-shared-readers-B4,F2,prefill_attention,6,attention_service,GPU,0,0.03688557543696059,0.04159037356251443,0.0047047981255538395,0.10966069631743998
Fugue-asplos-EPIC-shared-readers-B4,F2,prefill_common,6,proj,GPU,0,0.04159037356251443,0.04170410372866828,0.00011373016615384616,0.01268428832768
Fugue-asplos-EPIC-shared-readers-B4,F2,prefill_common,6,comm_g2g,GPU,0,0.04170410372866828,0.04170410372866828,0.0,6.40679936e-05
Fugue-asplos-EPIC-shared-readers-B4,F2,prefill_common,6,norm1,GPU,0,0.04170410372866828,0.041724691242443934,2.058751377565632e-05,0.00060250095616
Fugue-asplos-EPIC-shared-readers-B4,F2,prefill_common,6,ff1,GPU,0,0.041724691242443934,0.04200197621897141,0.00027728497652747253,0.033432590964053335
Fugue-asplos-EPIC-shared-readers-B4,F2,prefill_common,6,ff2,GPU,0,0.04200197621897141,0.04227926119549888,0.00027728497652747253,0.033432590964053335
Fugue-asplos-EPIC-shared-readers-B4,F2,prefill_common,6,glu,GPU,0,0.04227926119549888,0.04231124780472965,3.1986609230769235e-05,0.0016119260774399998
Fugue-asplos-EPIC-shared-readers-B4,F2,prefill_common,6,ff3,GPU,0,0.04231124780472965,0.04261452824780657,0.0003032804430769231,0.03349210813781334
Fugue-asplos-EPIC-shared-readers-B4,F2,prefill_common,6,comm_g2g,GPU,0,0.04261452824780657,0.04261452824780657,0.0,6.40679936e-05
Fugue-asplos-EPIC-shared-readers-B4,F2,prefill_common,6,norm2,GPU,0,0.04261452824780657,0.04263511576158223,2.058751377565632e-05,0.00060250095616
Fugue-asplos-EPIC-shared-readers-B4,F2,prefill_common,7,qkv,GPU,0,0.04263511576158223,0.04297630626004377,0.0003411904984615385,0.037225895034880004
Fugue-asplos-EPIC-shared-readers-B4,F2,prefill_attention,7,attention_service,GPU,0,0.04297630626004377,0.04768110438559761,0.0047047981255538395,0.10966069631743998
Fugue-asplos-EPIC-shared-readers-B4,F2,prefill_common,7,proj,GPU,0,0.04768110438559761,0.04779483455175146,0.00011373016615384616,0.01268428832768
Fugue-asplos-EPIC-shared-readers-B4,F2,prefill_common,7,comm_g2g,GPU,0,0.04779483455175146,0.04779483455175146,0.0,6.40679936e-05
Fugue-asplos-EPIC-shared-readers-B4,F2,prefill_common,7,norm1,GPU,0,0.04779483455175146,0.047815422065527115,2.058751377565632e-05,0.00060250095616
Fugue-asplos-EPIC-shared-readers-B4,F2,prefill_common,7,ff1,GPU,0,0.047815422065527115,0.04809270704205459,0.00027728497652747253,0.033432590964053335
Fugue-asplos-EPIC-shared-readers-B4,F2,prefill_common,7,ff2,GPU,0,0.04809270704205459,0.04836999201858206,0.00027728497652747253,0.033432590964053335
Fugue-asplos-EPIC-shared-readers-B4,F2,prefill_common,7,glu,GPU,0,0.04836999201858206,0.04840197862781283,3.1986609230769235e-05,0.0016119260774399998
Fugue-asplos-EPIC-shared-readers-B4,F2,prefill_common,7,ff3,GPU,0,0.04840197862781283,0.04870525907088975,0.0003032804430769231,0.03349210813781334
Fugue-asplos-EPIC-shared-readers-B4,F2,prefill_common,7,comm_g2g,GPU,0,0.04870525907088975,0.04870525907088975,0.0,6.40679936e-05
Fugue-asplos-EPIC-shared-readers-B4,F2,prefill_common,7,norm2,GPU,0,0.04870525907088975,0.04872584658466541,2.058751377565632e-05,0.00060250095616
Fugue-asplos-EPIC-shared-readers-B4,F2,prefill_common,8,qkv,GPU,0,0.04872584658466541,0.04906703708312695,0.0003411904984615385,0.037225895034880004
Fugue-asplos-EPIC-shared-readers-B4,F2,prefill_attention,8,attention_service,GPU,0,0.04906703708312695,0.05377183520868079,0.0047047981255538395,0.10966069631743998
Fugue-asplos-EPIC-shared-readers-B4,F2,prefill_common,8,proj,GPU,0,0.05377183520868079,0.05388556537483464,0.00011373016615384616,0.01268428832768
Fugue-asplos-EPIC-shared-readers-B4,F2,prefill_common,8,comm_g2g,GPU,0,0.05388556537483464,0.05388556537483464,0.0,6.40679936e-05
Fugue-asplos-EPIC-shared-readers-B4,F2,prefill_common,8,norm1,GPU,0,0.05388556537483464,0.053906152888610295,2.058751377565632e-05,0.00060250095616
Fugue-asplos-EPIC-shared-readers-B4,F2,prefill_common,8,ff1,GPU,0,0.053906152888610295,0.05418343786513777,0.00027728497652747253,0.033432590964053335
Fugue-asplos-EPIC-shared-readers-B4,F2,prefill_common,8,ff2,GPU,0,0.05418343786513777,0.05446072284166524,0.00027728497652747253,0.033432590964053335
Fugue-asplos-EPIC-shared-readers-B4,F2,prefill_common,8,glu,GPU,0,0.05446072284166524,0.05449270945089601,3.1986609230769235e-05,0.0016119260774399998
Fugue-asplos-EPIC-shared-readers-B4,F2,prefill_common,8,ff3,GPU,0,0.05449270945089601,0.054795989893972934,0.0003032804430769231,0.03349210813781334
Fugue-asplos-EPIC-shared-readers-B4,F2,prefill_common,8,comm_g2g,GPU,0,0.054795989893972934,0.054795989893972934,0.0,6.40679936e-05
Fugue-asplos-EPIC-shared-readers-B4,F2,prefill_common,8,norm2,GPU,0,0.054795989893972934,0.05481657740774859,2.058751377565632e-05,0.00060250095616
Fugue-asplos-EPIC-shared-readers-B4,F2,prefill_common,9,qkv,GPU,0,0.05481657740774859,0.05515776790621013,0.0003411904984615385,0.037225895034880004
Fugue-asplos-EPIC-shared-readers-B4,F2,prefill_attention,9,attention_service,GPU,0,0.05515776790621013,0.05986256603176397,0.0047047981255538395,0.10966069631743998
Fugue-asplos-EPIC-shared-readers-B4,F2,prefill_common,9,proj,GPU,0,0.05986256603176397,0.05997629619791782,0.00011373016615384616,0.01268428832768
Fugue-asplos-EPIC-shared-readers-B4,F2,prefill_common,9,comm_g2g,GPU,0,0.05997629619791782,0.05997629619791782,0.0,6.40679936e-05
Fugue-asplos-EPIC-shared-readers-B4,F2,prefill_common,9,norm1,GPU,0,0.05997629619791782,0.059996883711693476,2.058751377565632e-05,0.00060250095616
Fugue-asplos-EPIC-shared-readers-B4,F2,prefill_common,9,ff1,GPU,0,0.059996883711693476,0.06027416868822095,0.00027728497652747253,0.033432590964053335
Fugue-asplos-EPIC-shared-readers-B4,F2,prefill_common,9,ff2,GPU,0,0.06027416868822095,0.06055145366474842,0.00027728497652747253,0.033432590964053335
Fugue-asplos-EPIC-shared-readers-B4,F2,prefill_common,9,glu,GPU,0,0.06055145366474842,0.06058344027397919,3.1986609230769235e-05,0.0016119260774399998
Fugue-asplos-EPIC-shared-readers-B4,F2,prefill_common,9,ff3,GPU,0,0.06058344027397919,0.060886720717056114,0.0003032804430769231,0.03349210813781334
Fugue-asplos-EPIC-shared-readers-B4,F2,prefill_common,9,comm_g2g,GPU,0,0.060886720717056114,0.060886720717056114,0.0,6.40679936e-05
Fugue-asplos-EPIC-shared-readers-B4,F2,prefill_common,9,norm2,GPU,0,0.060886720717056114,0.06090730823083177,2.058751377565632e-05,0.00060250095616
Fugue-asplos-EPIC-shared-readers-B4,F2,prefill_common,10,qkv,GPU,0,0.06090730823083177,0.06124849872929331,0.0003411904984615385,0.037225895034880004
Fugue-asplos-EPIC-shared-readers-B4,F2,prefill_attention,10,attention_service,GPU,0,0.06124849872929331,0.06595329685484715,0.0047047981255538395,0.10966069631743998
Fugue-asplos-EPIC-shared-readers-B4,F2,prefill_common,10,proj,GPU,0,0.06595329685484715,0.06606702702100099,0.00011373016615384616,0.01268428832768
Fugue-asplos-EPIC-shared-readers-B4,F2,prefill_common,10,comm_g2g,GPU,0,0.06606702702100099,0.06606702702100099,0.0,6.40679936e-05
Fugue-asplos-EPIC-shared-readers-B4,F2,prefill_common,10,norm1,GPU,0,0.06606702702100099,0.06608761453477664,2.058751377565632e-05,0.00060250095616
Fugue-asplos-EPIC-shared-readers-B4,F2,prefill_common,10,ff1,GPU,0,0.06608761453477664,0.06636489951130412,0.00027728497652747253,0.033432590964053335
Fugue-asplos-EPIC-shared-readers-B4,F2,prefill_common,10,ff2,GPU,0,0.06636489951130412,0.06664218448783159,0.00027728497652747253,0.033432590964053335
Fugue-asplos-EPIC-shared-readers-B4,F2,prefill_common,10,glu,GPU,0,0.06664218448783159,0.06667417109706236,3.1986609230769235e-05,0.0016119260774399998
Fugue-asplos-EPIC-shared-readers-B4,F2,prefill_common,10,ff3,GPU,0,0.06667417109706236,0.06697745154013929,0.0003032804430769231,0.03349210813781334
Fugue-asplos-EPIC-shared-readers-B4,F2,prefill_common,10,comm_g2g,GPU,0,0.06697745154013929,0.06697745154013929,0.0,6.40679936e-05
Fugue-asplos-EPIC-shared-readers-B4,F2,prefill_common,10,norm2,GPU,0,0.06697745154013929,0.06699803905391494,2.058751377565632e-05,0.00060250095616
Fugue-asplos-EPIC-shared-readers-B4,F2,prefill_common,11,qkv,GPU,0,0.06699803905391494,0.06733922955237648,0.0003411904984615385,0.037225895034880004
Fugue-asplos-EPIC-shared-readers-B4,F2,prefill_attention,11,attention_service,GPU,0,0.06733922955237648,0.07204402767793032,0.0047047981255538395,0.10966069631743998
Fugue-asplos-EPIC-shared-readers-B4,F2,prefill_common,11,proj,GPU,0,0.07204402767793032,0.07215775784408417,0.00011373016615384616,0.01268428832768
Fugue-asplos-EPIC-shared-readers-B4,F2,prefill_common,11,comm_g2g,GPU,0,0.07215775784408417,0.07215775784408417,0.0,6.40679936e-05
Fugue-asplos-EPIC-shared-readers-B4,F2,prefill_common,11,norm1,GPU,0,0.07215775784408417,0.07217834535785982,2.058751377565632e-05,0.00060250095616
Fugue-asplos-EPIC-shared-readers-B4,F2,prefill_common,11,ff1,GPU,0,0.07217834535785982,0.07245563033438729,0.00027728497652747253,0.033432590964053335
Fugue-asplos-EPIC-shared-readers-B4,F2,prefill_common,11,ff2,GPU,0,0.07245563033438729,0.07273291531091476,0.00027728497652747253,0.033432590964053335
Fugue-asplos-EPIC-shared-readers-B4,F2,prefill_common,11,glu,GPU,0,0.07273291531091476,0.07276490192014554,3.1986609230769235e-05,0.0016119260774399998
Fugue-asplos-EPIC-shared-readers-B4,F2,prefill_common,11,ff3,GPU,0,0.07276490192014554,0.07306818236322246,0.0003032804430769231,0.03349210813781334
Fugue-asplos-EPIC-shared-readers-B4,F2,prefill_common,11,comm_g2g,GPU,0,0.07306818236322246,0.07306818236322246,0.0,6.40679936e-05
Fugue-asplos-EPIC-shared-readers-B4,F2,prefill_common,11,norm2,GPU,0,0.07306818236322246,0.07308876987699811,2.058751377565632e-05,0.00060250095616
Fugue-asplos-EPIC-shared-readers-B4,F2,prefill_common,12,qkv,GPU,0,0.07308876987699811,0.07342996037545965,0.0003411904984615385,0.037225895034880004
Fugue-asplos-EPIC-shared-readers-B4,F2,prefill_attention,12,attention_service,GPU,0,0.07342996037545965,0.0781347585010135,0.0047047981255538395,0.10966069631743998
Fugue-asplos-EPIC-shared-readers-B4,F2,prefill_common,12,proj,GPU,0,0.0781347585010135,0.07824848866716734,0.00011373016615384616,0.01268428832768
Fugue-asplos-EPIC-shared-readers-B4,F2,prefill_common,12,comm_g2g,GPU,0,0.07824848866716734,0.07824848866716734,0.0,6.40679936e-05
Fugue-asplos-EPIC-shared-readers-B4,F2,prefill_common,12,norm1,GPU,0,0.07824848866716734,0.07826907618094299,2.058751377565632e-05,0.00060250095616
Fugue-asplos-EPIC-shared-readers-B4,F2,prefill_common,12,ff1,GPU,0,0.07826907618094299,0.07854636115747046,0.00027728497652747253,0.033432590964053335
Fugue-asplos-EPIC-shared-readers-B4,F2,prefill_common,12,ff2,GPU,0,0.07854636115747046,0.07882364613399793,0.00027728497652747253,0.033432590964053335
Fugue-asplos-EPIC-shared-readers-B4,F2,prefill_common,12,glu,GPU,0,0.07882364613399793,0.07885563274322871,3.1986609230769235e-05,0.0016119260774399998
Fugue-asplos-EPIC-shared-readers-B4,F2,prefill_common,12,ff3,GPU,0,0.07885563274322871,0.07915891318630564,0.0003032804430769231,0.03349210813781334
Fugue-asplos-EPIC-shared-readers-B4,F2,prefill_common,12,comm_g2g,GPU,0,0.07915891318630564,0.07915891318630564,0.0,6.40679936e-05
Fugue-asplos-EPIC-shared-readers-B4,F2,prefill_common,12,norm2,GPU,0,0.07915891318630564,0.07917950070008128,2.058751377565632e-05,0.00060250095616
Fugue-asplos-EPIC-shared-readers-B4,F2,prefill_common,13,qkv,GPU,0,0.07917950070008128,0.07952069119854283,0.0003411904984615385,0.037225895034880004
Fugue-asplos-EPIC-shared-readers-B4,F2,prefill_attention,13,attention_service,GPU,0,0.07952069119854283,0.08422548932409667,0.0047047981255538395,0.10966069631743998
Fugue-asplos-EPIC-shared-readers-B4,F2,prefill_common,13,proj,GPU,0,0.08422548932409667,0.08433921949025051,0.00011373016615384616,0.01268428832768
Fugue-asplos-EPIC-shared-readers-B4,F2,prefill_common,13,comm_g2g,GPU,0,0.08433921949025051,0.08433921949025051,0.0,6.40679936e-05
Fugue-asplos-EPIC-shared-readers-B4,F2,prefill_common,13,norm1,GPU,0,0.08433921949025051,0.08435980700402616,2.058751377565632e-05,0.00060250095616
Fugue-asplos-EPIC-shared-readers-B4,F2,prefill_common,13,ff1,GPU,0,0.08435980700402616,0.08463709198055364,0.00027728497652747253,0.033432590964053335
Fugue-asplos-EPIC-shared-readers-B4,F2,prefill_common,13,ff2,GPU,0,0.08463709198055364,0.08491437695708111,0.00027728497652747253,0.033432590964053335
Fugue-asplos-EPIC-shared-readers-B4,F2,prefill_common,13,glu,GPU,0,0.08491437695708111,0.08494636356631188,3.1986609230769235e-05,0.0016119260774399998
Fugue-asplos-EPIC-shared-readers-B4,F2,prefill_common,13,ff3,GPU,0,0.08494636356631188,0.08524964400938881,0.0003032804430769231,0.03349210813781334
Fugue-asplos-EPIC-shared-readers-B4,F2,prefill_common,13,comm_g2g,GPU,0,0.08524964400938881,0.08524964400938881,0.0,6.40679936e-05
Fugue-asplos-EPIC-shared-readers-B4,F2,prefill_common,13,norm2,GPU,0,0.08524964400938881,0.08527023152316446,2.058751377565632e-05,0.00060250095616
Fugue-asplos-EPIC-shared-readers-B4,F2,prefill_common,14,qkv,GPU,0,0.08527023152316446,0.085611422021626,0.0003411904984615385,0.037225895034880004
Fugue-asplos-EPIC-shared-readers-B4,F2,prefill_attention,14,attention_service,GPU,0,0.085611422021626,0.09031622014717984,0.0047047981255538395,0.10966069631743998
Fugue-asplos-EPIC-shared-readers-B4,F2,prefill_common,14,proj,GPU,0,0.09031622014717984,0.09042995031333369,0.00011373016615384616,0.01268428832768
Fugue-asplos-EPIC-shared-readers-B4,F2,prefill_common,14,comm_g2g,GPU,0,0.09042995031333369,0.09042995031333369,0.0,6.40679936e-05
Fugue-asplos-EPIC-shared-readers-B4,F2,prefill_common,14,norm1,GPU,0,0.09042995031333369,0.09045053782710934,2.058751377565632e-05,0.00060250095616
Fugue-asplos-EPIC-shared-readers-B4,F2,prefill_common,14,ff1,GPU,0,0.09045053782710934,0.09072782280363681,0.00027728497652747253,0.033432590964053335
Fugue-asplos-EPIC-shared-readers-B4,F2,prefill_common,14,ff2,GPU,0,0.09072782280363681,0.09100510778016428,0.00027728497652747253,0.033432590964053335
Fugue-asplos-EPIC-shared-readers-B4,F2,prefill_common,14,glu,GPU,0,0.09100510778016428,0.09103709438939506,3.1986609230769235e-05,0.0016119260774399998
Fugue-asplos-EPIC-shared-readers-B4,F2,prefill_common,14,ff3,GPU,0,0.09103709438939506,0.09134037483247198,0.0003032804430769231,0.03349210813781334
Fugue-asplos-EPIC-shared-readers-B4,F2,prefill_common,14,comm_g2g,GPU,0,0.09134037483247198,0.09134037483247198,0.0,6.40679936e-05
Fugue-asplos-EPIC-shared-readers-B4,F2,prefill_common,14,norm2,GPU,0,0.09134037483247198,0.09136096234624763,2.058751377565632e-05,0.00060250095616
Fugue-asplos-EPIC-shared-readers-B4,F2,prefill_common,15,qkv,GPU,0,0.09136096234624763,0.09170215284470917,0.0003411904984615385,0.037225895034880004
Fugue-asplos-EPIC-shared-readers-B4,F2,prefill_attention,15,attention_service,GPU,0,0.09170215284470917,0.09640695097026301,0.0047047981255538395,0.10966069631743998
Fugue-asplos-EPIC-shared-readers-B4,F2,prefill_common,15,proj,GPU,0,0.09640695097026301,0.09652068113641686,0.00011373016615384616,0.01268428832768
Fugue-asplos-EPIC-shared-readers-B4,F2,prefill_common,15,comm_g2g,GPU,0,0.09652068113641686,0.09652068113641686,0.0,6.40679936e-05
Fugue-asplos-EPIC-shared-readers-B4,F2,prefill_common,15,norm1,GPU,0,0.09652068113641686,0.09654126865019251,2.058751377565632e-05,0.00060250095616
Fugue-asplos-EPIC-shared-readers-B4,F2,prefill_common,15,ff1,GPU,0,0.09654126865019251,0.09681855362671998,0.00027728497652747253,0.033432590964053335
Fugue-asplos-EPIC-shared-readers-B4,F2,prefill_common,15,ff2,GPU,0,0.09681855362671998,0.09709583860324746,0.00027728497652747253,0.033432590964053335
Fugue-asplos-EPIC-shared-readers-B4,F2,prefill_common,15,glu,GPU,0,0.09709583860324746,0.09712782521247823,3.1986609230769235e-05,0.0016119260774399998
Fugue-asplos-EPIC-shared-readers-B4,F2,prefill_common,15,ff3,GPU,0,0.09712782521247823,0.09743110565555516,0.0003032804430769231,0.03349210813781334
Fugue-asplos-EPIC-shared-readers-B4,F2,prefill_common,15,comm_g2g,GPU,0,0.09743110565555516,0.09743110565555516,0.0,6.40679936e-05
Fugue-asplos-EPIC-shared-readers-B4,F2,prefill_common,15,norm2,GPU,0,0.09743110565555516,0.0974516931693308,2.058751377565632e-05,0.00060250095616
Fugue-asplos-EPIC-shared-readers-B4,F2,prefill_common,16,qkv,GPU,0,0.0974516931693308,0.09779288366779235,0.0003411904984615385,0.037225895034880004
Fugue-asplos-EPIC-shared-readers-B4,F2,prefill_attention,16,attention_service,GPU,0,0.09779288366779235,0.10249768179334619,0.0047047981255538395,0.10966069631743998
Fugue-asplos-EPIC-shared-readers-B4,F2,prefill_common,16,proj,GPU,0,0.10249768179334619,0.10261141195950003,0.00011373016615384616,0.01268428832768
Fugue-asplos-EPIC-shared-readers-B4,F2,prefill_common,16,comm_g2g,GPU,0,0.10261141195950003,0.10261141195950003,0.0,6.40679936e-05
Fugue-asplos-EPIC-shared-readers-B4,F2,prefill_common,16,norm1,GPU,0,0.10261141195950003,0.10263199947327568,2.058751377565632e-05,0.00060250095616
Fugue-asplos-EPIC-shared-readers-B4,F2,prefill_common,16,ff1,GPU,0,0.10263199947327568,0.10290928444980316,0.00027728497652747253,0.033432590964053335
Fugue-asplos-EPIC-shared-readers-B4,F2,prefill_common,16,ff2,GPU,0,0.10290928444980316,0.10318656942633063,0.00027728497652747253,0.033432590964053335
Fugue-asplos-EPIC-shared-readers-B4,F2,prefill_common,16,glu,GPU,0,0.10318656942633063,0.1032185560355614,3.1986609230769235e-05,0.0016119260774399998
Fugue-asplos-EPIC-shared-readers-B4,F2,prefill_common,16,ff3,GPU,0,0.1032185560355614,0.10352183647863833,0.0003032804430769231,0.03349210813781334
Fugue-asplos-EPIC-shared-readers-B4,F2,prefill_common,16,comm_g2g,GPU,0,0.10352183647863833,0.10352183647863833,0.0,6.40679936e-05
Fugue-asplos-EPIC-shared-readers-B4,F2,prefill_common,16,norm2,GPU,0,0.10352183647863833,0.10354242399241398,2.058751377565632e-05,0.00060250095616
Fugue-asplos-EPIC-shared-readers-B4,F2,prefill_common,17,qkv,GPU,0,0.10354242399241398,0.10388361449087552,0.0003411904984615385,0.037225895034880004
Fugue-asplos-EPIC-shared-readers-B4,F2,prefill_attention,17,attention_service,GPU,0,0.10388361449087552,0.10858841261642936,0.0047047981255538395,0.10966069631743998
Fugue-asplos-EPIC-shared-readers-B4,F2,prefill_common,17,proj,GPU,0,0.10858841261642936,0.10870214278258321,0.00011373016615384616,0.01268428832768
Fugue-asplos-EPIC-shared-readers-B4,F2,prefill_common,17,comm_g2g,GPU,0,0.10870214278258321,0.10870214278258321,0.0,6.40679936e-05
Fugue-asplos-EPIC-shared-readers-B4,F2,prefill_common,17,norm1,GPU,0,0.10870214278258321,0.10872273029635886,2.058751377565632e-05,0.00060250095616
Fugue-asplos-EPIC-shared-readers-B4,F2,prefill_common,17,ff1,GPU,0,0.10872273029635886,0.10900001527288633,0.00027728497652747253,0.033432590964053335
Fugue-asplos-EPIC-shared-readers-B4,F2,prefill_common,17,ff2,GPU,0,0.10900001527288633,0.1092773002494138,0.00027728497652747253,0.033432590964053335
Fugue-asplos-EPIC-shared-readers-B4,F2,prefill_common,17,glu,GPU,0,0.1092773002494138,0.10930928685864458,3.1986609230769235e-05,0.0016119260774399998
Fugue-asplos-EPIC-shared-readers-B4,F2,prefill_common,17,ff3,GPU,0,0.10930928685864458,0.1096125673017215,0.0003032804430769231,0.03349210813781334
Fugue-asplos-EPIC-shared-readers-B4,F2,prefill_common,17,comm_g2g,GPU,0,0.1096125673017215,0.1096125673017215,0.0,6.40679936e-05
Fugue-asplos-EPIC-shared-readers-B4,F2,prefill_common,17,norm2,GPU,0,0.1096125673017215,0.10963315481549715,2.058751377565632e-05,0.00060250095616
Fugue-asplos-EPIC-shared-readers-B4,F2,prefill_common,18,qkv,GPU,0,0.10963315481549715,0.1099743453139587,0.0003411904984615385,0.037225895034880004
Fugue-asplos-EPIC-shared-readers-B4,F2,prefill_attention,18,attention_service,GPU,0,0.1099743453139587,0.11467914343951253,0.0047047981255538395,0.10966069631743998
Fugue-asplos-EPIC-shared-readers-B4,F2,prefill_common,18,proj,GPU,0,0.11467914343951253,0.11479287360566638,0.00011373016615384616,0.01268428832768
Fugue-asplos-EPIC-shared-readers-B4,F2,prefill_common,18,comm_g2g,GPU,0,0.11479287360566638,0.11479287360566638,0.0,6.40679936e-05
Fugue-asplos-EPIC-shared-readers-B4,F2,prefill_common,18,norm1,GPU,0,0.11479287360566638,0.11481346111944203,2.058751377565632e-05,0.00060250095616
Fugue-asplos-EPIC-shared-readers-B4,F2,prefill_common,18,ff1,GPU,0,0.11481346111944203,0.1150907460959695,0.00027728497652747253,0.033432590964053335
Fugue-asplos-EPIC-shared-readers-B4,F2,prefill_common,18,ff2,GPU,0,0.1150907460959695,0.11536803107249698,0.00027728497652747253,0.033432590964053335
Fugue-asplos-EPIC-shared-readers-B4,F2,prefill_common,18,glu,GPU,0,0.11536803107249698,0.11540001768172775,3.1986609230769235e-05,0.0016119260774399998
Fugue-asplos-EPIC-shared-readers-B4,F2,prefill_common,18,ff3,GPU,0,0.11540001768172775,0.11570329812480468,0.0003032804430769231,0.03349210813781334
Fugue-asplos-EPIC-shared-readers-B4,F2,prefill_common,18,comm_g2g,GPU,0,0.11570329812480468,0.11570329812480468,0.0,6.40679936e-05
Fugue-asplos-EPIC-shared-readers-B4,F2,prefill_common,18,norm2,GPU,0,0.11570329812480468,0.11572388563858033,2.058751377565632e-05,0.00060250095616
Fugue-asplos-EPIC-shared-readers-B4,F2,prefill_common,19,qkv,GPU,0,0.11572388563858033,0.11606507613704187,0.0003411904984615385,0.037225895034880004
Fugue-asplos-EPIC-shared-readers-B4,F2,prefill_attention,19,attention_service,GPU,0,0.11606507613704187,0.12076987426259571,0.0047047981255538395,0.10966069631743998
Fugue-asplos-EPIC-shared-readers-B4,F2,prefill_common,19,proj,GPU,0,0.12076987426259571,0.12088360442874956,0.00011373016615384616,0.01268428832768
Fugue-asplos-EPIC-shared-readers-B4,F2,prefill_common,19,comm_g2g,GPU,0,0.12088360442874956,0.12088360442874956,0.0,6.40679936e-05
Fugue-asplos-EPIC-shared-readers-B4,F2,prefill_common,19,norm1,GPU,0,0.12088360442874956,0.1209041919425252,2.058751377565632e-05,0.00060250095616
Fugue-asplos-EPIC-shared-readers-B4,F2,prefill_common,19,ff1,GPU,0,0.1209041919425252,0.12118147691905268,0.00027728497652747253,0.033432590964053335
Fugue-asplos-EPIC-shared-readers-B4,F2,prefill_common,19,ff2,GPU,0,0.12118147691905268,0.12145876189558015,0.00027728497652747253,0.033432590964053335
Fugue-asplos-EPIC-shared-readers-B4,F2,prefill_common,19,glu,GPU,0,0.12145876189558015,0.12149074850481092,3.1986609230769235e-05,0.0016119260774399998
Fugue-asplos-EPIC-shared-readers-B4,F2,prefill_common,19,ff3,GPU,0,0.12149074850481092,0.12179402894788785,0.0003032804430769231,0.03349210813781334
Fugue-asplos-EPIC-shared-readers-B4,F2,prefill_common,19,comm_g2g,GPU,0,0.12179402894788785,0.12179402894788785,0.0,6.40679936e-05
Fugue-asplos-EPIC-shared-readers-B4,F2,prefill_common,19,norm2,GPU,0,0.12179402894788785,0.1218146164616635,2.058751377565632e-05,0.00060250095616
Fugue-asplos-EPIC-shared-readers-B4,F2,prefill_common,20,qkv,GPU,0,0.1218146164616635,0.12215580696012504,0.0003411904984615385,0.037225895034880004
Fugue-asplos-EPIC-shared-readers-B4,F2,prefill_attention,20,attention_service,GPU,0,0.12215580696012504,0.12686060508567887,0.0047047981255538395,0.10966069631743998
Fugue-asplos-EPIC-shared-readers-B4,F2,prefill_common,20,proj,GPU,0,0.12686060508567887,0.12697433525183272,0.00011373016615384616,0.01268428832768
Fugue-asplos-EPIC-shared-readers-B4,F2,prefill_common,20,comm_g2g,GPU,0,0.12697433525183272,0.12697433525183272,0.0,6.40679936e-05
Fugue-asplos-EPIC-shared-readers-B4,F2,prefill_common,20,norm1,GPU,0,0.12697433525183272,0.12699492276560836,2.058751377565632e-05,0.00060250095616
Fugue-asplos-EPIC-shared-readers-B4,F2,prefill_common,20,ff1,GPU,0,0.12699492276560836,0.12727220774213582,0.00027728497652747253,0.033432590964053335
Fugue-asplos-EPIC-shared-readers-B4,F2,prefill_common,20,ff2,GPU,0,0.12727220774213582,0.12754949271866328,0.00027728497652747253,0.033432590964053335
Fugue-asplos-EPIC-shared-readers-B4,F2,prefill_common,20,glu,GPU,0,0.12754949271866328,0.12758147932789404,3.1986609230769235e-05,0.0016119260774399998
Fugue-asplos-EPIC-shared-readers-B4,F2,prefill_common,20,ff3,GPU,0,0.12758147932789404,0.12788475977097097,0.0003032804430769231,0.03349210813781334
Fugue-asplos-EPIC-shared-readers-B4,F2,prefill_common,20,comm_g2g,GPU,0,0.12788475977097097,0.12788475977097097,0.0,6.40679936e-05
Fugue-asplos-EPIC-shared-readers-B4,F2,prefill_common,20,norm2,GPU,0,0.12788475977097097,0.12790534728474662,2.058751377565632e-05,0.00060250095616
Fugue-asplos-EPIC-shared-readers-B4,F2,prefill_common,21,qkv,GPU,0,0.12790534728474662,0.12824653778320816,0.0003411904984615385,0.037225895034880004
Fugue-asplos-EPIC-shared-readers-B4,F2,prefill_attention,21,attention_service,GPU,0,0.12824653778320816,0.132951335908762,0.0047047981255538395,0.10966069631743998
Fugue-asplos-EPIC-shared-readers-B4,F2,prefill_common,21,proj,GPU,0,0.132951335908762,0.13306506607491583,0.00011373016615384616,0.01268428832768
Fugue-asplos-EPIC-shared-readers-B4,F2,prefill_common,21,comm_g2g,GPU,0,0.13306506607491583,0.13306506607491583,0.0,6.40679936e-05
Fugue-asplos-EPIC-shared-readers-B4,F2,prefill_common,21,norm1,GPU,0,0.13306506607491583,0.13308565358869148,2.058751377565632e-05,0.00060250095616
Fugue-asplos-EPIC-shared-readers-B4,F2,prefill_common,21,ff1,GPU,0,0.13308565358869148,0.13336293856521894,0.00027728497652747253,0.033432590964053335
Fugue-asplos-EPIC-shared-readers-B4,F2,prefill_common,21,ff2,GPU,0,0.13336293856521894,0.1336402235417464,0.00027728497652747253,0.033432590964053335
Fugue-asplos-EPIC-shared-readers-B4,F2,prefill_common,21,glu,GPU,0,0.1336402235417464,0.13367221015097716,3.1986609230769235e-05,0.0016119260774399998
Fugue-asplos-EPIC-shared-readers-B4,F2,prefill_common,21,ff3,GPU,0,0.13367221015097716,0.1339754905940541,0.0003032804430769231,0.03349210813781334
Fugue-asplos-EPIC-shared-readers-B4,F2,prefill_common,21,comm_g2g,GPU,0,0.1339754905940541,0.1339754905940541,0.0,6.40679936e-05
Fugue-asplos-EPIC-shared-readers-B4,F2,prefill_common,21,norm2,GPU,0,0.1339754905940541,0.13399607810782974,2.058751377565632e-05,0.00060250095616
Fugue-asplos-EPIC-shared-readers-B4,F2,prefill_common,22,qkv,GPU,0,0.13399607810782974,0.13433726860629128,0.0003411904984615385,0.037225895034880004
Fugue-asplos-EPIC-shared-readers-B4,F2,prefill_attention,22,attention_service,GPU,0,0.13433726860629128,0.1390420667318451,0.0047047981255538395,0.10966069631743998
Fugue-asplos-EPIC-shared-readers-B4,F2,prefill_common,22,proj,GPU,0,0.1390420667318451,0.13915579689799895,0.00011373016615384616,0.01268428832768
Fugue-asplos-EPIC-shared-readers-B4,F2,prefill_common,22,comm_g2g,GPU,0,0.13915579689799895,0.13915579689799895,0.0,6.40679936e-05
Fugue-asplos-EPIC-shared-readers-B4,F2,prefill_common,22,norm1,GPU,0,0.13915579689799895,0.1391763844117746,2.058751377565632e-05,0.00060250095616
Fugue-asplos-EPIC-shared-readers-B4,F2,prefill_common,22,ff1,GPU,0,0.1391763844117746,0.13945366938830206,0.00027728497652747253,0.033432590964053335
Fugue-asplos-EPIC-shared-readers-B4,F2,prefill_common,22,ff2,GPU,0,0.13945366938830206,0.13973095436482952,0.00027728497652747253,0.033432590964053335
Fugue-asplos-EPIC-shared-readers-B4,F2,prefill_common,22,glu,GPU,0,0.13973095436482952,0.13976294097406028,3.1986609230769235e-05,0.0016119260774399998
Fugue-asplos-EPIC-shared-readers-B4,F2,prefill_common,22,ff3,GPU,0,0.13976294097406028,0.1400662214171372,0.0003032804430769231,0.03349210813781334
Fugue-asplos-EPIC-shared-readers-B4,F2,prefill_common,22,comm_g2g,GPU,0,0.1400662214171372,0.1400662214171372,0.0,6.40679936e-05
Fugue-asplos-EPIC-shared-readers-B4,F2,prefill_common,22,norm2,GPU,0,0.1400662214171372,0.14008680893091285,2.058751377565632e-05,0.00060250095616
Fugue-asplos-EPIC-shared-readers-B4,F2,prefill_common,23,qkv,GPU,0,0.14008680893091285,0.1404279994293744,0.0003411904984615385,0.037225895034880004
Fugue-asplos-EPIC-shared-readers-B4,F2,prefill_attention,23,attention_service,GPU,0,0.1404279994293744,0.14513279755492822,0.0047047981255538395,0.10966069631743998
Fugue-asplos-EPIC-shared-readers-B4,F2,prefill_common,23,proj,GPU,0,0.14513279755492822,0.14524652772108207,0.00011373016615384616,0.01268428832768
Fugue-asplos-EPIC-shared-readers-B4,F2,prefill_common,23,comm_g2g,GPU,0,0.14524652772108207,0.14524652772108207,0.0,6.40679936e-05
Fugue-asplos-EPIC-shared-readers-B4,F2,prefill_common,23,norm1,GPU,0,0.14524652772108207,0.14526711523485772,2.058751377565632e-05,0.00060250095616
Fugue-asplos-EPIC-shared-readers-B4,F2,prefill_common,23,ff1,GPU,0,0.14526711523485772,0.14554440021138518,0.00027728497652747253,0.033432590964053335
Fugue-asplos-EPIC-shared-readers-B4,F2,prefill_common,23,ff2,GPU,0,0.14554440021138518,0.14582168518791264,0.00027728497652747253,0.033432590964053335
Fugue-asplos-EPIC-shared-readers-B4,F2,prefill_common,23,glu,GPU,0,0.14582168518791264,0.1458536717971434,3.1986609230769235e-05,0.0016119260774399998
Fugue-asplos-EPIC-shared-readers-B4,F2,prefill_common,23,ff3,GPU,0,0.1458536717971434,0.14615695224022032,0.0003032804430769231,0.03349210813781334
Fugue-asplos-EPIC-shared-readers-B4,F2,prefill_common,23,comm_g2g,GPU,0,0.14615695224022032,0.14615695224022032,0.0,6.40679936e-05
Fugue-asplos-EPIC-shared-readers-B4,F2,prefill_common,23,norm2,GPU,0,0.14615695224022032,0.14617753975399597,2.058751377565632e-05,0.00060250095616
Fugue-asplos-EPIC-shared-readers-B4,F2,prefill_common,24,qkv,GPU,0,0.14617753975399597,0.1465187302524575,0.0003411904984615385,0.037225895034880004
Fugue-asplos-EPIC-shared-readers-B4,F2,prefill_attention,24,attention_service,GPU,0,0.1465187302524575,0.15122352837801134,0.0047047981255538395,0.10966069631743998
Fugue-asplos-EPIC-shared-readers-B4,F2,prefill_common,24,proj,GPU,0,0.15122352837801134,0.1513372585441652,0.00011373016615384616,0.01268428832768
Fugue-asplos-EPIC-shared-readers-B4,F2,prefill_common,24,comm_g2g,GPU,0,0.1513372585441652,0.1513372585441652,0.0,6.40679936e-05
Fugue-asplos-EPIC-shared-readers-B4,F2,prefill_common,24,norm1,GPU,0,0.1513372585441652,0.15135784605794084,2.058751377565632e-05,0.00060250095616
Fugue-asplos-EPIC-shared-readers-B4,F2,prefill_common,24,ff1,GPU,0,0.15135784605794084,0.1516351310344683,0.00027728497652747253,0.033432590964053335
Fugue-asplos-EPIC-shared-readers-B4,F2,prefill_common,24,ff2,GPU,0,0.1516351310344683,0.15191241601099575,0.00027728497652747253,0.033432590964053335
Fugue-asplos-EPIC-shared-readers-B4,F2,prefill_common,24,glu,GPU,0,0.15191241601099575,0.15194440262022652,3.1986609230769235e-05,0.0016119260774399998
Fugue-asplos-EPIC-shared-readers-B4,F2,prefill_common,24,ff3,GPU,0,0.15194440262022652,0.15224768306330344,0.0003032804430769231,0.03349210813781334
Fugue-asplos-EPIC-shared-readers-B4,F2,prefill_common,24,comm_g2g,GPU,0,0.15224768306330344,0.15224768306330344,0.0,6.40679936e-05
Fugue-asplos-EPIC-shared-readers-B4,F2,prefill_common,24,norm2,GPU,0,0.15224768306330344,0.1522682705770791,2.058751377565632e-05,0.00060250095616
Fugue-asplos-EPIC-shared-readers-B4,F2,prefill_common,25,qkv,GPU,0,0.1522682705770791,0.15260946107554063,0.0003411904984615385,0.037225895034880004
Fugue-asplos-EPIC-shared-readers-B4,F2,prefill_attention,25,attention_service,GPU,0,0.15260946107554063,0.15731425920109446,0.0047047981255538395,0.10966069631743998
Fugue-asplos-EPIC-shared-readers-B4,F2,prefill_common,25,proj,GPU,0,0.15731425920109446,0.1574279893672483,0.00011373016615384616,0.01268428832768
Fugue-asplos-EPIC-shared-readers-B4,F2,prefill_common,25,comm_g2g,GPU,0,0.1574279893672483,0.1574279893672483,0.0,6.40679936e-05
Fugue-asplos-EPIC-shared-readers-B4,F2,prefill_common,25,norm1,GPU,0,0.1574279893672483,0.15744857688102395,2.058751377565632e-05,0.00060250095616
Fugue-asplos-EPIC-shared-readers-B4,F2,prefill_common,25,ff1,GPU,0,0.15744857688102395,0.1577258618575514,0.00027728497652747253,0.033432590964053335
Fugue-asplos-EPIC-shared-readers-B4,F2,prefill_common,25,ff2,GPU,0,0.1577258618575514,0.15800314683407887,0.00027728497652747253,0.033432590964053335
Fugue-asplos-EPIC-shared-readers-B4,F2,prefill_common,25,glu,GPU,0,0.15800314683407887,0.15803513344330963,3.1986609230769235e-05,0.0016119260774399998
Fugue-asplos-EPIC-shared-readers-B4,F2,prefill_common,25,ff3,GPU,0,0.15803513344330963,0.15833841388638656,0.0003032804430769231,0.03349210813781334
Fugue-asplos-EPIC-shared-readers-B4,F2,prefill_common,25,comm_g2g,GPU,0,0.15833841388638656,0.15833841388638656,0.0,6.40679936e-05
Fugue-asplos-EPIC-shared-readers-B4,F2,prefill_common,25,norm2,GPU,0,0.15833841388638656,0.1583590014001622,2.058751377565632e-05,0.00060250095616
Fugue-asplos-EPIC-shared-readers-B4,F2,prefill_common,26,qkv,GPU,0,0.1583590014001622,0.15870019189862375,0.0003411904984615385,0.037225895034880004
Fugue-asplos-EPIC-shared-readers-B4,F2,prefill_attention,26,attention_service,GPU,0,0.15870019189862375,0.16340499002417758,0.0047047981255538395,0.10966069631743998
Fugue-asplos-EPIC-shared-readers-B4,F2,prefill_common,26,proj,GPU,0,0.16340499002417758,0.16351872019033142,0.00011373016615384616,0.01268428832768
Fugue-asplos-EPIC-shared-readers-B4,F2,prefill_common,26,comm_g2g,GPU,0,0.16351872019033142,0.16351872019033142,0.0,6.40679936e-05
Fugue-asplos-EPIC-shared-readers-B4,F2,prefill_common,26,norm1,GPU,0,0.16351872019033142,0.16353930770410707,2.058751377565632e-05,0.00060250095616
Fugue-asplos-EPIC-shared-readers-B4,F2,prefill_common,26,ff1,GPU,0,0.16353930770410707,0.16381659268063453,0.00027728497652747253,0.033432590964053335
Fugue-asplos-EPIC-shared-readers-B4,F2,prefill_common,26,ff2,GPU,0,0.16381659268063453,0.164093877657162,0.00027728497652747253,0.033432590964053335
Fugue-asplos-EPIC-shared-readers-B4,F2,prefill_common,26,glu,GPU,0,0.164093877657162,0.16412586426639275,3.1986609230769235e-05,0.0016119260774399998
Fugue-asplos-EPIC-shared-readers-B4,F2,prefill_common,26,ff3,GPU,0,0.16412586426639275,0.16442914470946968,0.0003032804430769231,0.03349210813781334
Fugue-asplos-EPIC-shared-readers-B4,F2,prefill_common,26,comm_g2g,GPU,0,0.16442914470946968,0.16442914470946968,0.0,6.40679936e-05
Fugue-asplos-EPIC-shared-readers-B4,F2,prefill_common,26,norm2,GPU,0,0.16442914470946968,0.16444973222324533,2.058751377565632e-05,0.00060250095616
Fugue-asplos-EPIC-shared-readers-B4,F2,prefill_common,27,qkv,GPU,0,0.16444973222324533,0.16479092272170687,0.0003411904984615385,0.037225895034880004
Fugue-asplos-EPIC-shared-readers-B4,F2,prefill_attention,27,attention_service,GPU,0,0.16479092272170687,0.1694957208472607,0.0047047981255538395,0.10966069631743998
Fugue-asplos-EPIC-shared-readers-B4,F2,prefill_common,27,proj,GPU,0,0.1694957208472607,0.16960945101341454,0.00011373016615384616,0.01268428832768
Fugue-asplos-EPIC-shared-readers-B4,F2,prefill_common,27,comm_g2g,GPU,0,0.16960945101341454,0.16960945101341454,0.0,6.40679936e-05
Fugue-asplos-EPIC-shared-readers-B4,F2,prefill_common,27,norm1,GPU,0,0.16960945101341454,0.1696300385271902,2.058751377565632e-05,0.00060250095616
Fugue-asplos-EPIC-shared-readers-B4,F2,prefill_common,27,ff1,GPU,0,0.1696300385271902,0.16990732350371765,0.00027728497652747253,0.033432590964053335
Fugue-asplos-EPIC-shared-readers-B4,F2,prefill_common,27,ff2,GPU,0,0.16990732350371765,0.1701846084802451,0.00027728497652747253,0.033432590964053335
Fugue-asplos-EPIC-shared-readers-B4,F2,prefill_common,27,glu,GPU,0,0.1701846084802451,0.17021659508947587,3.1986609230769235e-05,0.0016119260774399998
Fugue-asplos-EPIC-shared-readers-B4,F2,prefill_common,27,ff3,GPU,0,0.17021659508947587,0.1705198755325528,0.0003032804430769231,0.03349210813781334
Fugue-asplos-EPIC-shared-readers-B4,F2,prefill_common,27,comm_g2g,GPU,0,0.1705198755325528,0.1705198755325528,0.0,6.40679936e-05
Fugue-asplos-EPIC-shared-readers-B4,F2,prefill_common,27,norm2,GPU,0,0.1705198755325528,0.17054046304632844,2.058751377565632e-05,0.00060250095616
Fugue-asplos-EPIC-shared-readers-B4,F2,prefill_common,28,qkv,GPU,0,0.17054046304632844,0.17088165354478999,0.0003411904984615385,0.037225895034880004
Fugue-asplos-EPIC-shared-readers-B4,F2,prefill_attention,28,attention_service,GPU,0,0.17088165354478999,0.1755864516703438,0.0047047981255538395,0.10966069631743998
Fugue-asplos-EPIC-shared-readers-B4,F2,prefill_common,28,proj,GPU,0,0.1755864516703438,0.17570018183649766,0.00011373016615384616,0.01268428832768
Fugue-asplos-EPIC-shared-readers-B4,F2,prefill_common,28,comm_g2g,GPU,0,0.17570018183649766,0.17570018183649766,0.0,6.40679936e-05
Fugue-asplos-EPIC-shared-readers-B4,F2,prefill_common,28,norm1,GPU,0,0.17570018183649766,0.1757207693502733,2.058751377565632e-05,0.00060250095616
Fugue-asplos-EPIC-shared-readers-B4,F2,prefill_common,28,ff1,GPU,0,0.1757207693502733,0.17599805432680077,0.00027728497652747253,0.033432590964053335
Fugue-asplos-EPIC-shared-readers-B4,F2,prefill_common,28,ff2,GPU,0,0.17599805432680077,0.17627533930332823,0.00027728497652747253,0.033432590964053335
Fugue-asplos-EPIC-shared-readers-B4,F2,prefill_common,28,glu,GPU,0,0.17627533930332823,0.176307325912559,3.1986609230769235e-05,0.0016119260774399998
Fugue-asplos-EPIC-shared-readers-B4,F2,prefill_common,28,ff3,GPU,0,0.176307325912559,0.1766106063556359,0.0003032804430769231,0.03349210813781334
Fugue-asplos-EPIC-shared-readers-B4,F2,prefill_common,28,comm_g2g,GPU,0,0.1766106063556359,0.1766106063556359,0.0,6.40679936e-05
Fugue-asplos-EPIC-shared-readers-B4,F2,prefill_common,28,norm2,GPU,0,0.1766106063556359,0.17663119386941156,2.058751377565632e-05,0.00060250095616
Fugue-asplos-EPIC-shared-readers-B4,F2,prefill_common,29,qkv,GPU,0,0.17663119386941156,0.1769723843678731,0.0003411904984615385,0.037225895034880004
Fugue-asplos-EPIC-shared-readers-B4,F2,prefill_attention,29,attention_service,GPU,0,0.1769723843678731,0.18167718249342693,0.0047047981255538395,0.10966069631743998
Fugue-asplos-EPIC-shared-readers-B4,F2,prefill_common,29,proj,GPU,0,0.18167718249342693,0.18179091265958078,0.00011373016615384616,0.01268428832768
Fugue-asplos-EPIC-shared-readers-B4,F2,prefill_common,29,comm_g2g,GPU,0,0.18179091265958078,0.18179091265958078,0.0,6.40679936e-05
Fugue-asplos-EPIC-shared-readers-B4,F2,prefill_common,29,norm1,GPU,0,0.18179091265958078,0.18181150017335643,2.058751377565632e-05,0.00060250095616
Fugue-asplos-EPIC-shared-readers-B4,F2,prefill_common,29,ff1,GPU,0,0.18181150017335643,0.18208878514988389,0.00027728497652747253,0.033432590964053335
Fugue-asplos-EPIC-shared-readers-B4,F2,prefill_common,29,ff2,GPU,0,0.18208878514988389,0.18236607012641134,0.00027728497652747253,0.033432590964053335
Fugue-asplos-EPIC-shared-readers-B4,F2,prefill_common,29,glu,GPU,0,0.18236607012641134,0.1823980567356421,3.1986609230769235e-05,0.0016119260774399998
Fugue-asplos-EPIC-shared-readers-B4,F2,prefill_common,29,ff3,GPU,0,0.1823980567356421,0.18270133717871903,0.0003032804430769231,0.03349210813781334
Fugue-asplos-EPIC-shared-readers-B4,F2,prefill_common,29,comm_g2g,GPU,0,0.18270133717871903,0.18270133717871903,0.0,6.40679936e-05
Fugue-asplos-EPIC-shared-readers-B4,F2,prefill_common,29,norm2,GPU,0,0.18270133717871903,0.18272192469249468,2.058751377565632e-05,0.00060250095616
Fugue-asplos-EPIC-shared-readers-B4,F2,prefill_common,30,qkv,GPU,0,0.18272192469249468,0.18306311519095622,0.0003411904984615385,0.037225895034880004
Fugue-asplos-EPIC-shared-readers-B4,F2,prefill_attention,30,attention_service,GPU,0,0.18306311519095622,0.18776791331651005,0.0047047981255538395,0.10966069631743998
Fugue-asplos-EPIC-shared-readers-B4,F2,prefill_common,30,proj,GPU,0,0.18776791331651005,0.1878816434826639,0.00011373016615384616,0.01268428832768
Fugue-asplos-EPIC-shared-readers-B4,F2,prefill_common,30,comm_g2g,GPU,0,0.1878816434826639,0.1878816434826639,0.0,6.40679936e-05
Fugue-asplos-EPIC-shared-readers-B4,F2,prefill_common,30,norm1,GPU,0,0.1878816434826639,0.18790223099643955,2.058751377565632e-05,0.00060250095616
Fugue-asplos-EPIC-shared-readers-B4,F2,prefill_common,30,ff1,GPU,0,0.18790223099643955,0.188179515972967,0.00027728497652747253,0.033432590964053335
Fugue-asplos-EPIC-shared-readers-B4,F2,prefill_common,30,ff2,GPU,0,0.188179515972967,0.18845680094949446,0.00027728497652747253,0.033432590964053335
Fugue-asplos-EPIC-shared-readers-B4,F2,prefill_common,30,glu,GPU,0,0.18845680094949446,0.18848878755872522,3.1986609230769235e-05,0.0016119260774399998
Fugue-asplos-EPIC-shared-readers-B4,F2,prefill_common,30,ff3,GPU,0,0.18848878755872522,0.18879206800180215,0.0003032804430769231,0.03349210813781334
Fugue-asplos-EPIC-shared-readers-B4,F2,prefill_common,30,comm_g2g,GPU,0,0.18879206800180215,0.18879206800180215,0.0,6.40679936e-05
Fugue-asplos-EPIC-shared-readers-B4,F2,prefill_common,30,norm2,GPU,0,0.18879206800180215,0.1888126555155778,2.058751377565632e-05,0.00060250095616
Fugue-asplos-EPIC-shared-readers-B4,F2,prefill_common,31,qkv,GPU,0,0.1888126555155778,0.18915384601403934,0.0003411904984615385,0.037225895034880004
Fugue-asplos-EPIC-shared-readers-B4,F2,prefill_attention,31,attention_service,GPU,0,0.18915384601403934,0.19385864413959317,0.0047047981255538395,0.10966069631743998
Fugue-asplos-EPIC-shared-readers-B4,F2,prefill_common,31,proj,GPU,0,0.19385864413959317,0.19397237430574701,0.00011373016615384616,0.01268428832768
Fugue-asplos-EPIC-shared-readers-B4,F2,prefill_common,31,comm_g2g,GPU,0,0.19397237430574701,0.19397237430574701,0.0,6.40679936e-05
Fugue-asplos-EPIC-shared-readers-B4,F2,prefill_common,31,norm1,GPU,0,0.19397237430574701,0.19399296181952266,2.058751377565632e-05,0.00060250095616
Fugue-asplos-EPIC-shared-readers-B4,F2,prefill_common,31,ff1,GPU,0,0.19399296181952266,0.19427024679605012,0.00027728497652747253,0.033432590964053335
Fugue-asplos-EPIC-shared-readers-B4,F2,prefill_common,31,ff2,GPU,0,0.19427024679605012,0.19454753177257758,0.00027728497652747253,0.033432590964053335
Fugue-asplos-EPIC-shared-readers-B4,F2,prefill_common,31,glu,GPU,0,0.19454753177257758,0.19457951838180834,3.1986609230769235e-05,0.0016119260774399998
Fugue-asplos-EPIC-shared-readers-B4,F2,prefill_common,31,ff3,GPU,0,0.19457951838180834,0.19488279882488527,0.0003032804430769231,0.03349210813781334
Fugue-asplos-EPIC-shared-readers-B4,F2,prefill_common,31,comm_g2g,GPU,0,0.19488279882488527,0.19488279882488527,0.0,6.40679936e-05
Fugue-asplos-EPIC-shared-readers-B4,F2,prefill_common,31,norm2,GPU,0,0.19488279882488527,0.19490338633866092,2.058751377565632e-05,0.00060250095616
Fugue-asplos-EPIC-shared-readers-B4,F2,decode,all,native_transformer,GPU+PIM,1,0.19490338633866092,0.20137419433837445,0.006470807999713518,0.5302807213244414
Fugue-asplos-EPIC-shared-readers-B4,F2,decode,all,native_transformer,GPU+PIM,2,0.20137419433837445,0.20784500233808798,0.006470807999713518,0.530280892429107
Fugue-asplos-EPIC-shared-readers-B4,F2,decode,all,native_transformer,GPU+PIM,3,0.20784500233808798,0.2143158103378015,0.006470807999713518,0.5302810635337727
Fugue-asplos-EPIC-shared-readers-B4,F2,decode,all,native_transformer,GPU+PIM,4,0.2143158103378015,0.22078661833751503,0.006470807999713518,0.5302812346384383
Fugue-asplos-EPIC-shared-readers-B4,F2,decode,all,native_transformer,GPU+PIM,5,0.22078661833751503,0.22725742633722856,0.006470807999713518,0.5302814057431039
Fugue-asplos-EPIC-shared-readers-B4,F2,decode,all,native_transformer,GPU+PIM,6,0.22725742633722856,0.2337282343369421,0.006470807999713518,0.5302815768477696
Fugue-asplos-EPIC-shared-readers-B4,F2,decode,all,native_transformer,GPU+PIM,7,0.2337282343369421,0.24019904233665562,0.006470807999713518,0.5302817479524351
Fugue-asplos-EPIC-shared-readers-B4,F2,decode,all,native_transformer,GPU+PIM,8,0.24019904233665562,0.24666985033636915,0.006470807999713518,0.5302819190571006
Fugue-asplos-EPIC-shared-readers-B4,F2,decode,all,native_transformer,GPU+PIM,9,0.24666985033636915,0.2531406583360827,0.006470807999713518,0.5302820901617662
Fugue-asplos-EPIC-shared-readers-B4,F2,decode,all,native_transformer,GPU+PIM,10,0.2531406583360827,0.2596114663357962,0.006470807999713518,0.5302822612664319
Fugue-asplos-EPIC-shared-readers-B4,F2,decode,all,native_transformer,GPU+PIM,11,0.2596114663357962,0.2660822743355097,0.006470807999713518,0.5302824323710975
Fugue-asplos-EPIC-shared-readers-B4,F2,decode,all,native_transformer,GPU+PIM,12,0.2660822743355097,0.2725530823352232,0.006470807999713518,0.5302826034757631
Fugue-asplos-EPIC-shared-readers-B4,F2,decode,all,native_transformer,GPU+PIM,13,0.2725530823352232,0.2790238903349367,0.006470807999713518,0.5302827745804287
Fugue-asplos-EPIC-shared-readers-B4,F2,decode,all,native_transformer,GPU+PIM,14,0.2790238903349367,0.2854958795186502,0.006471989183713518,0.5304501935570942
Fugue-asplos-EPIC-shared-readers-B4,F2,decode,all,native_transformer,GPU+PIM,15,0.2854958795186502,0.2919678687023637,0.006471989183713518,0.5304503646617599
Fugue-asplos-EPIC-shared-readers-B4,F3,prefill_common,0,qkv,GPU,0,0.0,0.0003411904984615385,0.0003411904984615385,0.037225895034880004
Fugue-asplos-EPIC-shared-readers-B4,F3,prefill_attention,0,attention_service,GPU,0,0.0003411904984615385,0.003290716090682045,0.0029495255922205067,0.10431238200063998
Fugue-asplos-EPIC-shared-readers-B4,F3,prefill_common,0,proj,GPU,0,0.003290716090682045,0.0034044462568358913,0.00011373016615384616,0.01268428832768
Fugue-asplos-EPIC-shared-readers-B4,F3,prefill_common,0,comm_g2g,GPU,0,0.0034044462568358913,0.0034044462568358913,0.0,6.40679936e-05
Fugue-asplos-EPIC-shared-readers-B4,F3,prefill_common,0,norm1,GPU,0,0.0034044462568358913,0.0034250337706115477,2.058751377565632e-05,0.00060250095616
Fugue-asplos-EPIC-shared-readers-B4,F3,prefill_common,0,ff1,GPU,0,0.0034250337706115477,0.0037023187471390204,0.00027728497652747253,0.033432590964053335
Fugue-asplos-EPIC-shared-readers-B4,F3,prefill_common,0,ff2,GPU,0,0.0037023187471390204,0.003979603723666493,0.00027728497652747253,0.033432590964053335
Fugue-asplos-EPIC-shared-readers-B4,F3,prefill_common,0,glu,GPU,0,0.003979603723666493,0.0040115903328972625,3.1986609230769235e-05,0.0016119260774399998
Fugue-asplos-EPIC-shared-readers-B4,F3,prefill_common,0,ff3,GPU,0,0.0040115903328972625,0.004314870775974185,0.0003032804430769231,0.03349210813781334
Fugue-asplos-EPIC-shared-readers-B4,F3,prefill_common,0,comm_g2g,GPU,0,0.004314870775974185,0.004314870775974185,0.0,6.40679936e-05
Fugue-asplos-EPIC-shared-readers-B4,F3,prefill_common,0,norm2,GPU,0,0.004314870775974185,0.004335458289749842,2.058751377565632e-05,0.00060250095616
Fugue-asplos-EPIC-shared-readers-B4,F3,prefill_common,1,qkv,GPU,0,0.004335458289749842,0.00467664878821138,0.0003411904984615385,0.037225895034880004
Fugue-asplos-EPIC-shared-readers-B4,F3,prefill_attention,1,attention_service,GPU,0,0.00467664878821138,0.007626174380431887,0.0029495255922205067,0.10431238200063998
Fugue-asplos-EPIC-shared-readers-B4,F3,prefill_common,1,proj,GPU,0,0.007626174380431887,0.007739904546585733,0.00011373016615384616,0.01268428832768
Fugue-asplos-EPIC-shared-readers-B4,F3,prefill_common,1,comm_g2g,GPU,0,0.007739904546585733,0.007739904546585733,0.0,6.40679936e-05
Fugue-asplos-EPIC-shared-readers-B4,F3,prefill_common,1,norm1,GPU,0,0.007739904546585733,0.007760492060361389,2.058751377565632e-05,0.00060250095616
Fugue-asplos-EPIC-shared-readers-B4,F3,prefill_common,1,ff1,GPU,0,0.007760492060361389,0.008037777036888861,0.00027728497652747253,0.033432590964053335
Fugue-asplos-EPIC-shared-readers-B4,F3,prefill_common,1,ff2,GPU,0,0.008037777036888861,0.008315062013416334,0.00027728497652747253,0.033432590964053335
Fugue-asplos-EPIC-shared-readers-B4,F3,prefill_common,1,glu,GPU,0,0.008315062013416334,0.008347048622647103,3.1986609230769235e-05,0.0016119260774399998
Fugue-asplos-EPIC-shared-readers-B4,F3,prefill_common,1,ff3,GPU,0,0.008347048622647103,0.008650329065724027,0.0003032804430769231,0.03349210813781334
Fugue-asplos-EPIC-shared-readers-B4,F3,prefill_common,1,comm_g2g,GPU,0,0.008650329065724027,0.008650329065724027,0.0,6.40679936e-05
Fugue-asplos-EPIC-shared-readers-B4,F3,prefill_common,1,norm2,GPU,0,0.008650329065724027,0.008670916579499683,2.058751377565632e-05,0.00060250095616
Fugue-asplos-EPIC-shared-readers-B4,F3,prefill_common,2,qkv,GPU,0,0.008670916579499683,0.009012107077961223,0.0003411904984615385,0.037225895034880004
Fugue-asplos-EPIC-shared-readers-B4,F3,prefill_attention,2,attention_service,GPU,0,0.009012107077961223,0.01196163267018173,0.0029495255922205067,0.10431238200063998
Fugue-asplos-EPIC-shared-readers-B4,F3,prefill_common,2,proj,GPU,0,0.01196163267018173,0.012075362836335576,0.00011373016615384616,0.01268428832768
Fugue-asplos-EPIC-shared-readers-B4,F3,prefill_common,2,comm_g2g,GPU,0,0.012075362836335576,0.012075362836335576,0.0,6.40679936e-05
Fugue-asplos-EPIC-shared-readers-B4,F3,prefill_common,2,norm1,GPU,0,0.012075362836335576,0.012095950350111233,2.058751377565632e-05,0.00060250095616
Fugue-asplos-EPIC-shared-readers-B4,F3,prefill_common,2,ff1,GPU,0,0.012095950350111233,0.012373235326638705,0.00027728497652747253,0.033432590964053335
Fugue-asplos-EPIC-shared-readers-B4,F3,prefill_common,2,ff2,GPU,0,0.012373235326638705,0.012650520303166178,0.00027728497652747253,0.033432590964053335
Fugue-asplos-EPIC-shared-readers-B4,F3,prefill_common,2,glu,GPU,0,0.012650520303166178,0.012682506912396948,3.1986609230769235e-05,0.0016119260774399998
Fugue-asplos-EPIC-shared-readers-B4,F3,prefill_common,2,ff3,GPU,0,0.012682506912396948,0.012985787355473871,0.0003032804430769231,0.03349210813781334
Fugue-asplos-EPIC-shared-readers-B4,F3,prefill_common,2,comm_g2g,GPU,0,0.012985787355473871,0.012985787355473871,0.0,6.40679936e-05
Fugue-asplos-EPIC-shared-readers-B4,F3,prefill_common,2,norm2,GPU,0,0.012985787355473871,0.013006374869249528,2.058751377565632e-05,0.00060250095616
Fugue-asplos-EPIC-shared-readers-B4,F3,prefill_common,3,qkv,GPU,0,0.013006374869249528,0.013347565367711067,0.0003411904984615385,0.037225895034880004
Fugue-asplos-EPIC-shared-readers-B4,F3,prefill_attention,3,attention_service,GPU,0,0.013347565367711067,0.016297090959931572,0.0029495255922205067,0.10431238200063998
Fugue-asplos-EPIC-shared-readers-B4,F3,prefill_common,3,proj,GPU,0,0.016297090959931572,0.01641082112608542,0.00011373016615384616,0.01268428832768
Fugue-asplos-EPIC-shared-readers-B4,F3,prefill_common,3,comm_g2g,GPU,0,0.01641082112608542,0.01641082112608542,0.0,6.40679936e-05
Fugue-asplos-EPIC-shared-readers-B4,F3,prefill_common,3,norm1,GPU,0,0.01641082112608542,0.016431408639861075,2.058751377565632e-05,0.00060250095616
Fugue-asplos-EPIC-shared-readers-B4,F3,prefill_common,3,ff1,GPU,0,0.016431408639861075,0.016708693616388548,0.00027728497652747253,0.033432590964053335
Fugue-asplos-EPIC-shared-readers-B4,F3,prefill_common,3,ff2,GPU,0,0.016708693616388548,0.01698597859291602,0.00027728497652747253,0.033432590964053335
Fugue-asplos-EPIC-shared-readers-B4,F3,prefill_common,3,glu,GPU,0,0.01698597859291602,0.01701796520214679,3.1986609230769235e-05,0.0016119260774399998
Fugue-asplos-EPIC-shared-readers-B4,F3,prefill_common,3,ff3,GPU,0,0.01701796520214679,0.01732124564522371,0.0003032804430769231,0.03349210813781334
Fugue-asplos-EPIC-shared-readers-B4,F3,prefill_common,3,comm_g2g,GPU,0,0.01732124564522371,0.01732124564522371,0.0,6.40679936e-05
Fugue-asplos-EPIC-shared-readers-B4,F3,prefill_common,3,norm2,GPU,0,0.01732124564522371,0.017341833158999367,2.058751377565632e-05,0.00060250095616
Fugue-asplos-EPIC-shared-readers-B4,F3,prefill_common,4,qkv,GPU,0,0.017341833158999367,0.017683023657460904,0.0003411904984615385,0.037225895034880004
Fugue-asplos-EPIC-shared-readers-B4,F3,prefill_attention,4,attention_service,GPU,0,0.017683023657460904,0.02063254924968141,0.0029495255922205067,0.10431238200063998
Fugue-asplos-EPIC-shared-readers-B4,F3,prefill_common,4,proj,GPU,0,0.02063254924968141,0.020746279415835258,0.00011373016615384616,0.01268428832768
Fugue-asplos-EPIC-shared-readers-B4,F3,prefill_common,4,comm_g2g,GPU,0,0.020746279415835258,0.020746279415835258,0.0,6.40679936e-05
Fugue-asplos-EPIC-shared-readers-B4,F3,prefill_common,4,norm1,GPU,0,0.020746279415835258,0.020766866929610914,2.058751377565632e-05,0.00060250095616
Fugue-asplos-EPIC-shared-readers-B4,F3,prefill_common,4,ff1,GPU,0,0.020766866929610914,0.021044151906138387,0.00027728497652747253,0.033432590964053335
Fugue-asplos-EPIC-shared-readers-B4,F3,prefill_common,4,ff2,GPU,0,0.021044151906138387,0.02132143688266586,0.00027728497652747253,0.033432590964053335
Fugue-asplos-EPIC-shared-readers-B4,F3,prefill_common,4,glu,GPU,0,0.02132143688266586,0.021353423491896627,3.1986609230769235e-05,0.0016119260774399998
Fugue-asplos-EPIC-shared-readers-B4,F3,prefill_common,4,ff3,GPU,0,0.021353423491896627,0.02165670393497355,0.0003032804430769231,0.03349210813781334
Fugue-asplos-EPIC-shared-readers-B4,F3,prefill_common,4,comm_g2g,GPU,0,0.02165670393497355,0.02165670393497355,0.0,6.40679936e-05
Fugue-asplos-EPIC-shared-readers-B4,F3,prefill_common,4,norm2,GPU,0,0.02165670393497355,0.021677291448749206,2.058751377565632e-05,0.00060250095616
Fugue-asplos-EPIC-shared-readers-B4,F3,prefill_common,5,qkv,GPU,0,0.021677291448749206,0.022018481947210743,0.0003411904984615385,0.037225895034880004
Fugue-asplos-EPIC-shared-readers-B4,F3,prefill_attention,5,attention_service,GPU,0,0.022018481947210743,0.02496800753943125,0.0029495255922205067,0.10431238200063998
Fugue-asplos-EPIC-shared-readers-B4,F3,prefill_common,5,proj,GPU,0,0.02496800753943125,0.025081737705585097,0.00011373016615384616,0.01268428832768
Fugue-asplos-EPIC-shared-readers-B4,F3,prefill_common,5,comm_g2g,GPU,0,0.025081737705585097,0.025081737705585097,0.0,6.40679936e-05
Fugue-asplos-EPIC-shared-readers-B4,F3,prefill_common,5,norm1,GPU,0,0.025081737705585097,0.025102325219360754,2.058751377565632e-05,0.00060250095616
Fugue-asplos-EPIC-shared-readers-B4,F3,prefill_common,5,ff1,GPU,0,0.025102325219360754,0.025379610195888226,0.00027728497652747253,0.033432590964053335
Fugue-asplos-EPIC-shared-readers-B4,F3,prefill_common,5,ff2,GPU,0,0.025379610195888226,0.0256568951724157,0.00027728497652747253,0.033432590964053335
Fugue-asplos-EPIC-shared-readers-B4,F3,prefill_common,5,glu,GPU,0,0.0256568951724157,0.025688881781646467,3.1986609230769235e-05,0.0016119260774399998
Fugue-asplos-EPIC-shared-readers-B4,F3,prefill_common,5,ff3,GPU,0,0.025688881781646467,0.02599216222472339,0.0003032804430769231,0.03349210813781334
Fugue-asplos-EPIC-shared-readers-B4,F3,prefill_common,5,comm_g2g,GPU,0,0.02599216222472339,0.02599216222472339,0.0,6.40679936e-05
Fugue-asplos-EPIC-shared-readers-B4,F3,prefill_common,5,norm2,GPU,0,0.02599216222472339,0.026012749738499045,2.058751377565632e-05,0.00060250095616
Fugue-asplos-EPIC-shared-readers-B4,F3,prefill_common,6,qkv,GPU,0,0.026012749738499045,0.026353940236960582,0.0003411904984615385,0.037225895034880004
Fugue-asplos-EPIC-shared-readers-B4,F3,prefill_attention,6,attention_service,GPU,0,0.026353940236960582,0.02930346582918109,0.0029495255922205067,0.10431238200063998
Fugue-asplos-EPIC-shared-readers-B4,F3,prefill_common,6,proj,GPU,0,0.02930346582918109,0.029417195995334936,0.00011373016615384616,0.01268428832768
Fugue-asplos-EPIC-shared-readers-B4,F3,prefill_common,6,comm_g2g,GPU,0,0.029417195995334936,0.029417195995334936,0.0,6.40679936e-05
Fugue-asplos-EPIC-shared-readers-B4,F3,prefill_common,6,norm1,GPU,0,0.029417195995334936,0.029437783509110593,2.058751377565632e-05,0.00060250095616
Fugue-asplos-EPIC-shared-readers-B4,F3,prefill_common,6,ff1,GPU,0,0.029437783509110593,0.029715068485638065,0.00027728497652747253,0.033432590964053335
Fugue-asplos-EPIC-shared-readers-B4,F3,prefill_common,6,ff2,GPU,0,0.029715068485638065,0.029992353462165538,0.00027728497652747253,0.033432590964053335
Fugue-asplos-EPIC-shared-readers-B4,F3,prefill_common,6,glu,GPU,0,0.029992353462165538,0.030024340071396306,3.1986609230769235e-05,0.0016119260774399998
Fugue-asplos-EPIC-shared-readers-B4,F3,prefill_common,6,ff3,GPU,0,0.030024340071396306,0.030327620514473227,0.0003032804430769231,0.03349210813781334
Fugue-asplos-EPIC-shared-readers-B4,F3,prefill_common,6,comm_g2g,GPU,0,0.030327620514473227,0.030327620514473227,0.0,6.40679936e-05
Fugue-asplos-EPIC-shared-readers-B4,F3,prefill_common,6,norm2,GPU,0,0.030327620514473227,0.030348208028248884,2.058751377565632e-05,0.00060250095616
Fugue-asplos-EPIC-shared-readers-B4,F3,prefill_common,7,qkv,GPU,0,0.030348208028248884,0.03068939852671042,0.0003411904984615385,0.037225895034880004
Fugue-asplos-EPIC-shared-readers-B4,F3,prefill_attention,7,attention_service,GPU,0,0.03068939852671042,0.03363892411893093,0.0029495255922205067,0.10431238200063998
Fugue-asplos-EPIC-shared-readers-B4,F3,prefill_common,7,proj,GPU,0,0.03363892411893093,0.033752654285084775,0.00011373016615384616,0.01268428832768
Fugue-asplos-EPIC-shared-readers-B4,F3,prefill_common,7,comm_g2g,GPU,0,0.033752654285084775,0.033752654285084775,0.0,6.40679936e-05
Fugue-asplos-EPIC-shared-readers-B4,F3,prefill_common,7,norm1,GPU,0,0.033752654285084775,0.03377324179886043,2.058751377565632e-05,0.00060250095616
Fugue-asplos-EPIC-shared-readers-B4,F3,prefill_common,7,ff1,GPU,0,0.03377324179886043,0.034050526775387904,0.00027728497652747253,0.033432590964053335
Fugue-asplos-EPIC-shared-readers-B4,F3,prefill_common,7,ff2,GPU,0,0.034050526775387904,0.03432781175191538,0.00027728497652747253,0.033432590964053335
Fugue-asplos-EPIC-shared-readers-B4,F3,prefill_common,7,glu,GPU,0,0.03432781175191538,0.034359798361146145,3.1986609230769235e-05,0.0016119260774399998
Fugue-asplos-EPIC-shared-readers-B4,F3,prefill_common,7,ff3,GPU,0,0.034359798361146145,0.03466307880422307,0.0003032804430769231,0.03349210813781334
Fugue-asplos-EPIC-shared-readers-B4,F3,prefill_common,7,comm_g2g,GPU,0,0.03466307880422307,0.03466307880422307,0.0,6.40679936e-05
Fugue-asplos-EPIC-shared-readers-B4,F3,prefill_common,7,norm2,GPU,0,0.03466307880422307,0.034683666317998726,2.058751377565632e-05,0.00060250095616
Fugue-asplos-EPIC-shared-readers-B4,F3,prefill_common,8,qkv,GPU,0,0.034683666317998726,0.03502485681646027,0.0003411904984615385,0.037225895034880004
Fugue-asplos-EPIC-shared-readers-B4,F3,prefill_attention,8,attention_service,GPU,0,0.03502485681646027,0.03797438240868077,0.0029495255922205067,0.10431238200063998
Fugue-asplos-EPIC-shared-readers-B4,F3,prefill_common,8,proj,GPU,0,0.03797438240868077,0.03808811257483462,0.00011373016615384616,0.01268428832768
Fugue-asplos-EPIC-shared-readers-B4,F3,prefill_common,8,comm_g2g,GPU,0,0.03808811257483462,0.03808811257483462,0.0,6.40679936e-05
Fugue-asplos-EPIC-shared-readers-B4,F3,prefill_common,8,norm1,GPU,0,0.03808811257483462,0.038108700088610274,2.058751377565632e-05,0.00060250095616
Fugue-asplos-EPIC-shared-readers-B4,F3,prefill_common,8,ff1,GPU,0,0.038108700088610274,0.03838598506513775,0.00027728497652747253,0.033432590964053335
Fugue-asplos-EPIC-shared-readers-B4,F3,prefill_common,8,ff2,GPU,0,0.03838598506513775,0.03866327004166522,0.00027728497652747253,0.033432590964053335
Fugue-asplos-EPIC-shared-readers-B4,F3,prefill_common,8,glu,GPU,0,0.03866327004166522,0.03869525665089599,3.1986609230769235e-05,0.0016119260774399998
Fugue-asplos-EPIC-shared-readers-B4,F3,prefill_common,8,ff3,GPU,0,0.03869525665089599,0.03899853709397291,0.0003032804430769231,0.03349210813781334
Fugue-asplos-EPIC-shared-readers-B4,F3,prefill_common,8,comm_g2g,GPU,0,0.03899853709397291,0.03899853709397291,0.0,6.40679936e-05
Fugue-asplos-EPIC-shared-readers-B4,F3,prefill_common,8,norm2,GPU,0,0.03899853709397291,0.03901912460774857,2.058751377565632e-05,0.00060250095616
Fugue-asplos-EPIC-shared-readers-B4,F3,prefill_common,9,qkv,GPU,0,0.03901912460774857,0.03936031510621011,0.0003411904984615385,0.037225895034880004
Fugue-asplos-EPIC-shared-readers-B4,F3,prefill_attention,9,attention_service,GPU,0,0.03936031510621011,0.04230984069843062,0.0029495255922205067,0.10431238200063998
Fugue-asplos-EPIC-shared-readers-B4,F3,prefill_common,9,proj,GPU,0,0.04230984069843062,0.04242357086458447,0.00011373016615384616,0.01268428832768
Fugue-asplos-EPIC-shared-readers-B4,F3,prefill_common,9,comm_g2g,GPU,0,0.04242357086458447,0.04242357086458447,0.0,6.40679936e-05
Fugue-asplos-EPIC-shared-readers-B4,F3,prefill_common,9,norm1,GPU,0,0.04242357086458447,0.042444158378360124,2.058751377565632e-05,0.00060250095616
Fugue-asplos-EPIC-shared-readers-B4,F3,prefill_common,9,ff1,GPU,0,0.042444158378360124,0.042721443354887596,0.00027728497652747253,0.033432590964053335
Fugue-asplos-EPIC-shared-readers-B4,F3,prefill_common,9,ff2,GPU,0,0.042721443354887596,0.04299872833141507,0.00027728497652747253,0.033432590964053335
Fugue-asplos-EPIC-shared-readers-B4,F3,prefill_common,9,glu,GPU,0,0.04299872833141507,0.04303071494064584,3.1986609230769235e-05,0.0016119260774399998
Fugue-asplos-EPIC-shared-readers-B4,F3,prefill_common,9,ff3,GPU,0,0.04303071494064584,0.04333399538372276,0.0003032804430769231,0.03349210813781334
Fugue-asplos-EPIC-shared-readers-B4,F3,prefill_common,9,comm_g2g,GPU,0,0.04333399538372276,0.04333399538372276,0.0,6.40679936e-05
Fugue-asplos-EPIC-shared-readers-B4,F3,prefill_common,9,norm2,GPU,0,0.04333399538372276,0.04335458289749842,2.058751377565632e-05,0.00060250095616
Fugue-asplos-EPIC-shared-readers-B4,F3,prefill_common,10,qkv,GPU,0,0.04335458289749842,0.04369577339595996,0.0003411904984615385,0.037225895034880004
Fugue-asplos-EPIC-shared-readers-B4,F3,prefill_attention,10,attention_service,GPU,0,0.04369577339595996,0.04664529898818047,0.0029495255922205067,0.10431238200063998
Fugue-asplos-EPIC-shared-readers-B4,F3,prefill_common,10,proj,GPU,0,0.04664529898818047,0.04675902915433432,0.00011373016615384616,0.01268428832768
Fugue-asplos-EPIC-shared-readers-B4,F3,prefill_common,10,comm_g2g,GPU,0,0.04675902915433432,0.04675902915433432,0.0,6.40679936e-05
Fugue-asplos-EPIC-shared-readers-B4,F3,prefill_common,10,norm1,GPU,0,0.04675902915433432,0.04677961666810997,2.058751377565632e-05,0.00060250095616
Fugue-asplos-EPIC-shared-readers-B4,F3,prefill_common,10,ff1,GPU,0,0.04677961666810997,0.047056901644637446,0.00027728497652747253,0.033432590964053335
Fugue-asplos-EPIC-shared-readers-B4,F3,prefill_common,10,ff2,GPU,0,0.047056901644637446,0.04733418662116492,0.00027728497652747253,0.033432590964053335
Fugue-asplos-EPIC-shared-readers-B4,F3,prefill_common,10,glu,GPU,0,0.04733418662116492,0.047366173230395686,3.1986609230769235e-05,0.0016119260774399998
Fugue-asplos-EPIC-shared-readers-B4,F3,prefill_common,10,ff3,GPU,0,0.047366173230395686,0.04766945367347261,0.0003032804430769231,0.03349210813781334
Fugue-asplos-EPIC-shared-readers-B4,F3,prefill_common,10,comm_g2g,GPU,0,0.04766945367347261,0.04766945367347261,0.0,6.40679936e-05
Fugue-asplos-EPIC-shared-readers-B4,F3,prefill_common,10,norm2,GPU,0,0.04766945367347261,0.04769004118724827,2.058751377565632e-05,0.00060250095616
Fugue-asplos-EPIC-shared-readers-B4,F3,prefill_common,11,qkv,GPU,0,0.04769004118724827,0.04803123168570981,0.0003411904984615385,0.037225895034880004
Fugue-asplos-EPIC-shared-readers-B4,F3,prefill_attention,11,attention_service,GPU,0,0.04803123168570981,0.05098075727793032,0.0029495255922205067,0.10431238200063998
Fugue-asplos-EPIC-shared-readers-B4,F3,prefill_common,11,proj,GPU,0,0.05098075727793032,0.051094487444084166,0.00011373016615384616,0.01268428832768
Fugue-asplos-EPIC-shared-readers-B4,F3,prefill_common,11,comm_g2g,GPU,0,0.051094487444084166,0.051094487444084166,0.0,6.40679936e-05
Fugue-asplos-EPIC-shared-readers-B4,F3,prefill_common,11,norm1,GPU,0,0.051094487444084166,0.05111507495785982,2.058751377565632e-05,0.00060250095616
Fugue-asplos-EPIC-shared-readers-B4,F3,prefill_common,11,ff1,GPU,0,0.05111507495785982,0.051392359934387295,0.00027728497652747253,0.033432590964053335
Fugue-asplos-EPIC-shared-readers-B4,F3,prefill_common,11,ff2,GPU,0,0.051392359934387295,0.05166964491091477,0.00027728497652747253,0.033432590964053335
Fugue-asplos-EPIC-shared-readers-B4,F3,prefill_common,11,glu,GPU,0,0.05166964491091477,0.051701631520145536,3.1986609230769235e-05,0.0016119260774399998
Fugue-asplos-EPIC-shared-readers-B4,F3,prefill_common,11,ff3,GPU,0,0.051701631520145536,0.05200491196322246,0.0003032804430769231,0.03349210813781334
Fugue-asplos-EPIC-shared-readers-B4,F3,prefill_common,11,comm_g2g,GPU,0,0.05200491196322246,0.05200491196322246,0.0,6.40679936e-05
Fugue-asplos-EPIC-shared-readers-B4,F3,prefill_common,11,norm2,GPU,0,0.05200491196322246,0.05202549947699812,2.058751377565632e-05,0.00060250095616
Fugue-asplos-EPIC-shared-readers-B4,F3,prefill_common,12,qkv,GPU,0,0.05202549947699812,0.05236668997545966,0.0003411904984615385,0.037225895034880004
Fugue-asplos-EPIC-shared-readers-B4,F3,prefill_attention,12,attention_service,GPU,0,0.05236668997545966,0.05531621556768017,0.0029495255922205067,0.10431238200063998
Fugue-asplos-EPIC-shared-readers-B4,F3,prefill_common,12,proj,GPU,0,0.05531621556768017,0.055429945733834016,0.00011373016615384616,0.01268428832768
Fugue-asplos-EPIC-shared-readers-B4,F3,prefill_common,12,comm_g2g,GPU,0,0.055429945733834016,0.055429945733834016,0.0,6.40679936e-05
Fugue-asplos-EPIC-shared-readers-B4,F3,prefill_common,12,norm1,GPU,0,0.055429945733834016,0.05545053324760967,2.058751377565632e-05,0.00060250095616
Fugue-asplos-EPIC-shared-readers-B4,F3,prefill_common,12,ff1,GPU,0,0.05545053324760967,0.055727818224137145,0.00027728497652747253,0.033432590964053335
Fugue-asplos-EPIC-shared-readers-B4,F3,prefill_common,12,ff2,GPU,0,0.055727818224137145,0.05600510320066462,0.00027728497652747253,0.033432590964053335
Fugue-asplos-EPIC-shared-readers-B4,F3,prefill_common,12,glu,GPU,0,0.05600510320066462,0.056037089809895385,3.1986609230769235e-05,0.0016119260774399998
Fugue-asplos-EPIC-shared-readers-B4,F3,prefill_common,12,ff3,GPU,0,0.056037089809895385,0.05634037025297231,0.0003032804430769231,0.03349210813781334
Fugue-asplos-EPIC-shared-readers-B4,F3,prefill_common,12,comm_g2g,GPU,0,0.05634037025297231,0.05634037025297231,0.0,6.40679936e-05
Fugue-asplos-EPIC-shared-readers-B4,F3,prefill_common,12,norm2,GPU,0,0.05634037025297231,0.05636095776674797,2.058751377565632e-05,0.00060250095616
Fugue-asplos-EPIC-shared-readers-B4,F3,prefill_common,13,qkv,GPU,0,0.05636095776674797,0.05670214826520951,0.0003411904984615385,0.037225895034880004
Fugue-asplos-EPIC-shared-readers-B4,F3,prefill_attention,13,attention_service,GPU,0,0.05670214826520951,0.05965167385743002,0.0029495255922205067,0.10431238200063998
Fugue-asplos-EPIC-shared-readers-B4,F3,prefill_common,13,proj,GPU,0,0.05965167385743002,0.059765404023583865,0.00011373016615384616,0.01268428832768
Fugue-asplos-EPIC-shared-readers-B4,F3,prefill_common,13,comm_g2g,GPU,0,0.059765404023583865,0.059765404023583865,0.0,6.40679936e-05
Fugue-asplos-EPIC-shared-readers-B4,F3,prefill_common,13,norm1,GPU,0,0.059765404023583865,0.05978599153735952,2.058751377565632e-05,0.00060250095616
Fugue-asplos-EPIC-shared-readers-B4,F3,prefill_common,13,ff1,GPU,0,0.05978599153735952,0.060063276513886994,0.00027728497652747253,0.033432590964053335
Fugue-asplos-EPIC-shared-readers-B4,F3,prefill_common,13,ff2,GPU,0,0.060063276513886994,0.06034056149041447,0.00027728497652747253,0.033432590964053335
Fugue-asplos-EPIC-shared-readers-B4,F3,prefill_common,13,glu,GPU,0,0.06034056149041447,0.060372548099645235,3.1986609230769235e-05,0.0016119260774399998
Fugue-asplos-EPIC-shared-readers-B4,F3,prefill_common,13,ff3,GPU,0,0.060372548099645235,0.06067582854272216,0.0003032804430769231,0.03349210813781334
Fugue-asplos-EPIC-shared-readers-B4,F3,prefill_common,13,comm_g2g,GPU,0,0.06067582854272216,0.06067582854272216,0.0,6.40679936e-05
Fugue-asplos-EPIC-shared-readers-B4,F3,prefill_common,13,norm2,GPU,0,0.06067582854272216,0.060696416056497816,2.058751377565632e-05,0.00060250095616
Fugue-asplos-EPIC-shared-readers-B4,F3,prefill_common,14,qkv,GPU,0,0.060696416056497816,0.06103760655495936,0.0003411904984615385,0.037225895034880004
Fugue-asplos-EPIC-shared-readers-B4,F3,prefill_attention,14,attention_service,GPU,0,0.06103760655495936,0.06398713214717987,0.0029495255922205067,0.10431238200063998
Fugue-asplos-EPIC-shared-readers-B4,F3,prefill_common,14,proj,GPU,0,0.06398713214717987,0.06410086231333371,0.00011373016615384616,0.01268428832768
Fugue-asplos-EPIC-shared-readers-B4,F3,prefill_common,14,comm_g2g,GPU,0,0.06410086231333371,0.06410086231333371,0.0,6.40679936e-05
Fugue-asplos-EPIC-shared-readers-B4,F3,prefill_common,14,norm1,GPU,0,0.06410086231333371,0.06412144982710936,2.058751377565632e-05,0.00060250095616
Fugue-asplos-EPIC-shared-readers-B4,F3,prefill_common,14,ff1,GPU,0,0.06412144982710936,0.06439873480363684,0.00027728497652747253,0.033432590964053335
Fugue-asplos-EPIC-shared-readers-B4,F3,prefill_common,14,ff2,GPU,0,0.06439873480363684,0.06467601978016431,0.00027728497652747253,0.033432590964053335
Fugue-asplos-EPIC-shared-readers-B4,F3,prefill_common,14,glu,GPU,0,0.06467601978016431,0.06470800638939508,3.1986609230769235e-05,0.0016119260774399998
Fugue-asplos-EPIC-shared-readers-B4,F3,prefill_common,14,ff3,GPU,0,0.06470800638939508,0.06501128683247201,0.0003032804430769231,0.03349210813781334
Fugue-asplos-EPIC-shared-readers-B4,F3,prefill_common,14,comm_g2g,GPU,0,0.06501128683247201,0.06501128683247201,0.0,6.40679936e-05
Fugue-asplos-EPIC-shared-readers-B4,F3,prefill_common,14,norm2,GPU,0,0.06501128683247201,0.06503187434624766,2.058751377565632e-05,0.00060250095616
Fugue-asplos-EPIC-shared-readers-B4,F3,prefill_common,15,qkv,GPU,0,0.06503187434624766,0.0653730648447092,0.0003411904984615385,0.037225895034880004
Fugue-asplos-EPIC-shared-readers-B4,F3,prefill_attention,15,attention_service,GPU,0,0.0653730648447092,0.0683225904369297,0.0029495255922205067,0.10431238200063998
Fugue-asplos-EPIC-shared-readers-B4,F3,prefill_common,15,proj,GPU,0,0.0683225904369297,0.06843632060308355,0.00011373016615384616,0.01268428832768
Fugue-asplos-EPIC-shared-readers-B4,F3,prefill_common,15,comm_g2g,GPU,0,0.06843632060308355,0.06843632060308355,0.0,6.40679936e-05
Fugue-asplos-EPIC-shared-readers-B4,F3,prefill_common,15,norm1,GPU,0,0.06843632060308355,0.0684569081168592,2.058751377565632e-05,0.00060250095616
Fugue-asplos-EPIC-shared-readers-B4,F3,prefill_common,15,ff1,GPU,0,0.0684569081168592,0.06873419309338667,0.00027728497652747253,0.033432590964053335
Fugue-asplos-EPIC-shared-readers-B4,F3,prefill_common,15,ff2,GPU,0,0.06873419309338667,0.06901147806991415,0.00027728497652747253,0.033432590964053335
Fugue-asplos-EPIC-shared-readers-B4,F3,prefill_common,15,glu,GPU,0,0.06901147806991415,0.06904346467914492,3.1986609230769235e-05,0.0016119260774399998
Fugue-asplos-EPIC-shared-readers-B4,F3,prefill_common,15,ff3,GPU,0,0.06904346467914492,0.06934674512222185,0.0003032804430769231,0.03349210813781334
Fugue-asplos-EPIC-shared-readers-B4,F3,prefill_common,15,comm_g2g,GPU,0,0.06934674512222185,0.06934674512222185,0.0,6.40679936e-05
Fugue-asplos-EPIC-shared-readers-B4,F3,prefill_common,15,norm2,GPU,0,0.06934674512222185,0.0693673326359975,2.058751377565632e-05,0.00060250095616
Fugue-asplos-EPIC-shared-readers-B4,F3,prefill_common,16,qkv,GPU,0,0.0693673326359975,0.06970852313445904,0.0003411904984615385,0.037225895034880004
Fugue-asplos-EPIC-shared-readers-B4,F3,prefill_attention,16,attention_service,GPU,0,0.06970852313445904,0.07265804872667954,0.0029495255922205067,0.10431238200063998
Fugue-asplos-EPIC-shared-readers-B4,F3,prefill_common,16,proj,GPU,0,0.07265804872667954,0.07277177889283339,0.00011373016615384616,0.01268428832768
Fugue-asplos-EPIC-shared-readers-B4,F3,prefill_common,16,comm_g2g,GPU,0,0.07277177889283339,0.07277177889283339,0.0,6.40679936e-05
Fugue-asplos-EPIC-shared-readers-B4,F3,prefill_common,16,norm1,GPU,0,0.07277177889283339,0.07279236640660904,2.058751377565632e-05,0.00060250095616
Fugue-asplos-EPIC-shared-readers-B4,F3,prefill_common,16,ff1,GPU,0,0.07279236640660904,0.07306965138313651,0.00027728497652747253,0.033432590964053335
Fugue-asplos-EPIC-shared-readers-B4,F3,prefill_common,16,ff2,GPU,0,0.07306965138313651,0.07334693635966398,0.00027728497652747253,0.033432590964053335
Fugue-asplos-EPIC-shared-readers-B4,F3,prefill_common,16,glu,GPU,0,0.07334693635966398,0.07337892296889476,3.1986609230769235e-05,0.0016119260774399998
Fugue-asplos-EPIC-shared-readers-B4,F3,prefill_common,16,ff3,GPU,0,0.07337892296889476,0.07368220341197168,0.0003032804430769231,0.03349210813781334
Fugue-asplos-EPIC-shared-readers-B4,F3,prefill_common,16,comm_g2g,GPU,0,0.07368220341197168,0.07368220341197168,0.0,6.40679936e-05
Fugue-asplos-EPIC-shared-readers-B4,F3,prefill_common,16,norm2,GPU,0,0.07368220341197168,0.07370279092574733,2.058751377565632e-05,0.00060250095616
Fugue-asplos-EPIC-shared-readers-B4,F3,prefill_common,17,qkv,GPU,0,0.07370279092574733,0.07404398142420887,0.0003411904984615385,0.037225895034880004
Fugue-asplos-EPIC-shared-readers-B4,F3,prefill_attention,17,attention_service,GPU,0,0.07404398142420887,0.07699350701642937,0.0029495255922205067,0.10431238200063998
Fugue-asplos-EPIC-shared-readers-B4,F3,prefill_common,17,proj,GPU,0,0.07699350701642937,0.07710723718258322,0.00011373016615384616,0.01268428832768
Fugue-asplos-EPIC-shared-readers-B4,F3,prefill_common,17,comm_g2g,GPU,0,0.07710723718258322,0.07710723718258322,0.0,6.40679936e-05
Fugue-asplos-EPIC-shared-readers-B4,F3,prefill_common,17,norm1,GPU,0,0.07710723718258322,0.07712782469635887,2.058751377565632e-05,0.00060250095616
Fugue-asplos-EPIC-shared-readers-B4,F3,prefill_common,17,ff1,GPU,0,0.07712782469635887,0.07740510967288634,0.00027728497652747253,0.033432590964053335
Fugue-asplos-EPIC-shared-readers-B4,F3,prefill_common,17,ff2,GPU,0,0.07740510967288634,0.07768239464941382,0.00027728497652747253,0.033432590964053335
Fugue-asplos-EPIC-shared-readers-B4,F3,prefill_common,17,glu,GPU,0,0.07768239464941382,0.07771438125864459,3.1986609230769235e-05,0.0016119260774399998
Fugue-asplos-EPIC-shared-readers-B4,F3,prefill_common,17,ff3,GPU,0,0.07771438125864459,0.07801766170172152,0.0003032804430769231,0.03349210813781334
Fugue-asplos-EPIC-shared-readers-B4,F3,prefill_common,17,comm_g2g,GPU,0,0.07801766170172152,0.07801766170172152,0.0,6.40679936e-05
Fugue-asplos-EPIC-shared-readers-B4,F3,prefill_common,17,norm2,GPU,0,0.07801766170172152,0.07803824921549717,2.058751377565632e-05,0.00060250095616
Fugue-asplos-EPIC-shared-readers-B4,F3,prefill_common,18,qkv,GPU,0,0.07803824921549717,0.0783794397139587,0.0003411904984615385,0.037225895034880004
Fugue-asplos-EPIC-shared-readers-B4,F3,prefill_attention,18,attention_service,GPU,0,0.0783794397139587,0.08132896530617921,0.0029495255922205067,0.10431238200063998
Fugue-asplos-EPIC-shared-readers-B4,F3,prefill_common,18,proj,GPU,0,0.08132896530617921,0.08144269547233306,0.00011373016615384616,0.01268428832768
Fugue-asplos-EPIC-shared-readers-B4,F3,prefill_common,18,comm_g2g,GPU,0,0.08144269547233306,0.08144269547233306,0.0,6.40679936e-05
Fugue-asplos-EPIC-shared-readers-B4,F3,prefill_common,18,norm1,GPU,0,0.08144269547233306,0.0814632829861087,2.058751377565632e-05,0.00060250095616
Fugue-asplos-EPIC-shared-readers-B4,F3,prefill_common,18,ff1,GPU,0,0.0814632829861087,0.08174056796263618,0.00027728497652747253,0.033432590964053335
Fugue-asplos-EPIC-shared-readers-B4,F3,prefill_common,18,ff2,GPU,0,0.08174056796263618,0.08201785293916365,0.00027728497652747253,0.033432590964053335
Fugue-asplos-EPIC-shared-readers-B4,F3,prefill_common,18,glu,GPU,0,0.08201785293916365,0.08204983954839443,3.1986609230769235e-05,0.0016119260774399998
Fugue-asplos-EPIC-shared-readers-B4,F3,prefill_common,18,ff3,GPU,0,0.08204983954839443,0.08235311999147135,0.0003032804430769231,0.03349210813781334
Fugue-asplos-EPIC-shared-readers-B4,F3,prefill_common,18,comm_g2g,GPU,0,0.08235311999147135,0.08235311999147135,0.0,6.40679936e-05
Fugue-asplos-EPIC-shared-readers-B4,F3,prefill_common,18,norm2,GPU,0,0.08235311999147135,0.082373707505247,2.058751377565632e-05,0.00060250095616
Fugue-asplos-EPIC-shared-readers-B4,F3,prefill_common,19,qkv,GPU,0,0.082373707505247,0.08271489800370854,0.0003411904984615385,0.037225895034880004
Fugue-asplos-EPIC-shared-readers-B4,F3,prefill_attention,19,attention_service,GPU,0,0.08271489800370854,0.08566442359592905,0.0029495255922205067,0.10431238200063998
Fugue-asplos-EPIC-shared-readers-B4,F3,prefill_common,19,proj,GPU,0,0.08566442359592905,0.08577815376208289,0.00011373016615384616,0.01268428832768
Fugue-asplos-EPIC-shared-readers-B4,F3,prefill_common,19,comm_g2g,GPU,0,0.08577815376208289,0.08577815376208289,0.0,6.40679936e-05
Fugue-asplos-EPIC-shared-readers-B4,F3,prefill_common,19,norm1,GPU,0,0.08577815376208289,0.08579874127585854,2.058751377565632e-05,0.00060250095616
Fugue-asplos-EPIC-shared-readers-B4,F3,prefill_common,19,ff1,GPU,0,0.08579874127585854,0.08607602625238601,0.00027728497652747253,0.033432590964053335
Fugue-asplos-EPIC-shared-readers-B4,F3,prefill_common,19,ff2,GPU,0,0.08607602625238601,0.08635331122891349,0.00027728497652747253,0.033432590964053335
Fugue-asplos-EPIC-shared-readers-B4,F3,prefill_common,19,glu,GPU,0,0.08635331122891349,0.08638529783814426,3.1986609230769235e-05,0.0016119260774399998
Fugue-asplos-EPIC-shared-readers-B4,F3,prefill_common,19,ff3,GPU,0,0.08638529783814426,0.08668857828122119,0.0003032804430769231,0.03349210813781334
Fugue-asplos-EPIC-shared-readers-B4,F3,prefill_common,19,comm_g2g,GPU,0,0.08668857828122119,0.08668857828122119,0.0,6.40679936e-05
Fugue-asplos-EPIC-shared-readers-B4,F3,prefill_common,19,norm2,GPU,0,0.08668857828122119,0.08670916579499684,2.058751377565632e-05,0.00060250095616
Fugue-asplos-EPIC-shared-readers-B4,F3,prefill_common,20,qkv,GPU,0,0.08670916579499684,0.08705035629345838,0.0003411904984615385,0.037225895034880004
Fugue-asplos-EPIC-shared-readers-B4,F3,prefill_attention,20,attention_service,GPU,0,0.08705035629345838,0.08999988188567888,0.0029495255922205067,0.10431238200063998
Fugue-asplos-EPIC-shared-readers-B4,F3,prefill_common,20,proj,GPU,0,0.08999988188567888,0.09011361205183273,0.00011373016615384616,0.01268428832768
Fugue-asplos-EPIC-shared-readers-B4,F3,prefill_common,20,comm_g2g,GPU,0,0.09011361205183273,0.09011361205183273,0.0,6.40679936e-05
Fugue-asplos-EPIC-shared-readers-B4,F3,prefill_common,20,norm1,GPU,0,0.09011361205183273,0.09013419956560838,2.058751377565632e-05,0.00060250095616
Fugue-asplos-EPIC-shared-readers-B4,F3,prefill_common,20,ff1,GPU,0,0.09013419956560838,0.09041148454213585,0.00027728497652747253,0.033432590964053335
Fugue-asplos-EPIC-shared-readers-B4,F3,prefill_common,20,ff2,GPU,0,0.09041148454213585,0.09068876951866332,0.00027728497652747253,0.033432590964053335
Fugue-asplos-EPIC-shared-readers-B4,F3,prefill_common,20,glu,GPU,0,0.09068876951866332,0.0907207561278941,3.1986609230769235e-05,0.0016119260774399998
Fugue-asplos-EPIC-shared-readers-B4,F3,prefill_common,20,ff3,GPU,0,0.0907207561278941,0.09102403657097102,0.0003032804430769231,0.03349210813781334
Fugue-asplos-EPIC-shared-readers-B4,F3,prefill_common,20,comm_g2g,GPU,0,0.09102403657097102,0.09102403657097102,0.0,6.40679936e-05
Fugue-asplos-EPIC-shared-readers-B4,F3,prefill_common,20,norm2,GPU,0,0.09102403657097102,0.09104462408474667,2.058751377565632e-05,0.00060250095616
Fugue-asplos-EPIC-shared-readers-B4,F3,prefill_common,21,qkv,GPU,0,0.09104462408474667,0.09138581458320821,0.0003411904984615385,0.037225895034880004
Fugue-asplos-EPIC-shared-readers-B4,F3,prefill_attention,21,attention_service,GPU,0,0.09138581458320821,0.09433534017542872,0.0029495255922205067,0.10431238200063998
Fugue-asplos-EPIC-shared-readers-B4,F3,prefill_common,21,proj,GPU,0,0.09433534017542872,0.09444907034158256,0.00011373016615384616,0.01268428832768
Fugue-asplos-EPIC-shared-readers-B4,F3,prefill_common,21,comm_g2g,GPU,0,0.09444907034158256,0.09444907034158256,0.0,6.40679936e-05
Fugue-asplos-EPIC-shared-readers-B4,F3,prefill_common,21,norm1,GPU,0,0.09444907034158256,0.09446965785535821,2.058751377565632e-05,0.00060250095616
Fugue-asplos-EPIC-shared-readers-B4,F3,prefill_common,21,ff1,GPU,0,0.09446965785535821,0.09474694283188569,0.00027728497652747253,0.033432590964053335
Fugue-asplos-EPIC-shared-readers-B4,F3,prefill_common,21,ff2,GPU,0,0.09474694283188569,0.09502422780841316,0.00027728497652747253,0.033432590964053335
Fugue-asplos-EPIC-shared-readers-B4,F3,prefill_common,21,glu,GPU,0,0.09502422780841316,0.09505621441764393,3.1986609230769235e-05,0.0016119260774399998
Fugue-asplos-EPIC-shared-readers-B4,F3,prefill_common,21,ff3,GPU,0,0.09505621441764393,0.09535949486072086,0.0003032804430769231,0.03349210813781334
Fugue-asplos-EPIC-shared-readers-B4,F3,prefill_common,21,comm_g2g,GPU,0,0.09535949486072086,0.09535949486072086,0.0,6.40679936e-05
Fugue-asplos-EPIC-shared-readers-B4,F3,prefill_common,21,norm2,GPU,0,0.09535949486072086,0.09538008237449651,2.058751377565632e-05,0.00060250095616
Fugue-asplos-EPIC-shared-readers-B4,F3,prefill_common,22,qkv,GPU,0,0.09538008237449651,0.09572127287295805,0.0003411904984615385,0.037225895034880004
Fugue-asplos-EPIC-shared-readers-B4,F3,prefill_attention,22,attention_service,GPU,0,0.09572127287295805,0.09867079846517855,0.0029495255922205067,0.10431238200063998
Fugue-asplos-EPIC-shared-readers-B4,F3,prefill_common,22,proj,GPU,0,0.09867079846517855,0.0987845286313324,0.00011373016615384616,0.01268428832768
Fugue-asplos-EPIC-shared-readers-B4,F3,prefill_common,22,comm_g2g,GPU,0,0.0987845286313324,0.0987845286313324,0.0,6.40679936e-05
Fugue-asplos-EPIC-shared-readers-B4,F3,prefill_common,22,norm1,GPU,0,0.0987845286313324,0.09880511614510805,2.058751377565632e-05,0.00060250095616
Fugue-asplos-EPIC-shared-readers-B4,F3,prefill_common,22,ff1,GPU,0,0.09880511614510805,0.09908240112163552,0.00027728497652747253,0.033432590964053335
Fugue-asplos-EPIC-shared-readers-B4,F3,prefill_common,22,ff2,GPU,0,0.09908240112163552,0.099359686098163,0.00027728497652747253,0.033432590964053335
Fugue-asplos-EPIC-shared-readers-B4,F3,prefill_common,22,glu,GPU,0,0.099359686098163,0.09939167270739377,3.1986609230769235e-05,0.0016119260774399998
Fugue-asplos-EPIC-shared-readers-B4,F3,prefill_common,22,ff3,GPU,0,0.09939167270739377,0.0996949531504707,0.0003032804430769231,0.03349210813781334
Fugue-asplos-EPIC-shared-readers-B4,F3,prefill_common,22,comm_g2g,GPU,0,0.0996949531504707,0.0996949531504707,0.0,6.40679936e-05
Fugue-asplos-EPIC-shared-readers-B4,F3,prefill_common,22,norm2,GPU,0,0.0996949531504707,0.09971554066424634,2.058751377565632e-05,0.00060250095616
Fugue-asplos-EPIC-shared-readers-B4,F3,prefill_common,23,qkv,GPU,0,0.09971554066424634,0.10005673116270788,0.0003411904984615385,0.037225895034880004
Fugue-asplos-EPIC-shared-readers-B4,F3,prefill_attention,23,attention_service,GPU,0,0.10005673116270788,0.10300625675492839,0.0029495255922205067,0.10431238200063998
Fugue-asplos-EPIC-shared-readers-B4,F3,prefill_common,23,proj,GPU,0,0.10300625675492839,0.10311998692108224,0.00011373016615384616,0.01268428832768
Fugue-asplos-EPIC-shared-readers-B4,F3,prefill_common,23,comm_g2g,GPU,0,0.10311998692108224,0.10311998692108224,0.0,6.40679936e-05
Fugue-asplos-EPIC-shared-readers-B4,F3,prefill_common,23,norm1,GPU,0,0.10311998692108224,0.10314057443485788,2.058751377565632e-05,0.00060250095616
Fugue-asplos-EPIC-shared-readers-B4,F3,prefill_common,23,ff1,GPU,0,0.10314057443485788,0.10341785941138536,0.00027728497652747253,0.033432590964053335
Fugue-asplos-EPIC-shared-readers-B4,F3,prefill_common,23,ff2,GPU,0,0.10341785941138536,0.10369514438791283,0.00027728497652747253,0.033432590964053335
Fugue-asplos-EPIC-shared-readers-B4,F3,prefill_common,23,glu,GPU,0,0.10369514438791283,0.1037271309971436,3.1986609230769235e-05,0.0016119260774399998
Fugue-asplos-EPIC-shared-readers-B4,F3,prefill_common,23,ff3,GPU,0,0.1037271309971436,0.10403041144022053,0.0003032804430769231,0.03349210813781334
Fugue-asplos-EPIC-shared-readers-B4,F3,prefill_common,23,comm_g2g,GPU,0,0.10403041144022053,0.10403041144022053,0.0,6.40679936e-05
Fugue-asplos-EPIC-shared-readers-B4,F3,prefill_common,23,norm2,GPU,0,0.10403041144022053,0.10405099895399618,2.058751377565632e-05,0.00060250095616
Fugue-asplos-EPIC-shared-readers-B4,F3,prefill_common,24,qkv,GPU,0,0.10405099895399618,0.10439218945245772,0.0003411904984615385,0.037225895034880004
Fugue-asplos-EPIC-shared-readers-B4,F3,prefill_attention,24,attention_service,GPU,0,0.10439218945245772,0.10734171504467822,0.0029495255922205067,0.10431238200063998
Fugue-asplos-EPIC-shared-readers-B4,F3,prefill_common,24,proj,GPU,0,0.10734171504467822,0.10745544521083207,0.00011373016615384616,0.01268428832768
Fugue-asplos-EPIC-shared-readers-B4,F3,prefill_common,24,comm_g2g,GPU,0,0.10745544521083207,0.10745544521083207,0.0,6.40679936e-05
Fugue-asplos-EPIC-shared-readers-B4,F3,prefill_common,24,norm1,GPU,0,0.10745544521083207,0.10747603272460772,2.058751377565632e-05,0.00060250095616
Fugue-asplos-EPIC-shared-readers-B4,F3,prefill_common,24,ff1,GPU,0,0.10747603272460772,0.10775331770113519,0.00027728497652747253,0.033432590964053335
Fugue-asplos-EPIC-shared-readers-B4,F3,prefill_common,24,ff2,GPU,0,0.10775331770113519,0.10803060267766267,0.00027728497652747253,0.033432590964053335
Fugue-asplos-EPIC-shared-readers-B4,F3,prefill_common,24,glu,GPU,0,0.10803060267766267,0.10806258928689344,3.1986609230769235e-05,0.0016119260774399998
Fugue-asplos-EPIC-shared-readers-B4,F3,prefill_common,24,ff3,GPU,0,0.10806258928689344,0.10836586972997037,0.0003032804430769231,0.03349210813781334
Fugue-asplos-EPIC-shared-readers-B4,F3,prefill_common,24,comm_g2g,GPU,0,0.10836586972997037,0.10836586972997037,0.0,6.40679936e-05
Fugue-asplos-EPIC-shared-readers-B4,F3,prefill_common,24,norm2,GPU,0,0.10836586972997037,0.10838645724374601,2.058751377565632e-05,0.00060250095616
Fugue-asplos-EPIC-shared-readers-B4,F3,prefill_common,25,qkv,GPU,0,0.10838645724374601,0.10872764774220756,0.0003411904984615385,0.037225895034880004
Fugue-asplos-EPIC-shared-readers-B4,F3,prefill_attention,25,attention_service,GPU,0,0.10872764774220756,0.11167717333442806,0.0029495255922205067,0.10431238200063998
Fugue-asplos-EPIC-shared-readers-B4,F3,prefill_common,25,proj,GPU,0,0.11167717333442806,0.1117909035005819,0.00011373016615384616,0.01268428832768
Fugue-asplos-EPIC-shared-readers-B4,F3,prefill_common,25,comm_g2g,GPU,0,0.1117909035005819,0.1117909035005819,0.0,6.40679936e-05
Fugue-asplos-EPIC-shared-readers-B4,F3,prefill_common,25,norm1,GPU,0,0.1117909035005819,0.11181149101435756,2.058751377565632e-05,0.00060250095616
Fugue-asplos-EPIC-shared-readers-B4,F3,prefill_common,25,ff1,GPU,0,0.11181149101435756,0.11208877599088503,0.00027728497652747253,0.033432590964053335
Fugue-asplos-EPIC-shared-readers-B4,F3,prefill_common,25,ff2,GPU,0,0.11208877599088503,0.1123660609674125,0.00027728497652747253,0.033432590964053335
Fugue-asplos-EPIC-shared-readers-B4,F3,prefill_common,25,glu,GPU,0,0.1123660609674125,0.11239804757664328,3.1986609230769235e-05,0.0016119260774399998
Fugue-asplos-EPIC-shared-readers-B4,F3,prefill_common,25,ff3,GPU,0,0.11239804757664328,0.1127013280197202,0.0003032804430769231,0.03349210813781334
Fugue-asplos-EPIC-shared-readers-B4,F3,prefill_common,25,comm_g2g,GPU,0,0.1127013280197202,0.1127013280197202,0.0,6.40679936e-05
Fugue-asplos-EPIC-shared-readers-B4,F3,prefill_common,25,norm2,GPU,0,0.1127013280197202,0.11272191553349585,2.058751377565632e-05,0.00060250095616
Fugue-asplos-EPIC-shared-readers-B4,F3,prefill_common,26,qkv,GPU,0,0.11272191553349585,0.11306310603195739,0.0003411904984615385,0.037225895034880004
Fugue-asplos-EPIC-shared-readers-B4,F3,prefill_attention,26,attention_service,GPU,0,0.11306310603195739,0.1160126316241779,0.0029495255922205067,0.10431238200063998
Fugue-asplos-EPIC-shared-readers-B4,F3,prefill_common,26,proj,GPU,0,0.1160126316241779,0.11612636179033174,0.00011373016615384616,0.01268428832768
Fugue-asplos-EPIC-shared-readers-B4,F3,prefill_common,26,comm_g2g,GPU,0,0.11612636179033174,0.11612636179033174,0.0,6.40679936e-05
Fugue-asplos-EPIC-shared-readers-B4,F3,prefill_common,26,norm1,GPU,0,0.11612636179033174,0.11614694930410739,2.058751377565632e-05,0.00060250095616
Fugue-asplos-EPIC-shared-readers-B4,F3,prefill_common,26,ff1,GPU,0,0.11614694930410739,0.11642423428063486,0.00027728497652747253,0.033432590964053335
Fugue-asplos-EPIC-shared-readers-B4,F3,prefill_common,26,ff2,GPU,0,0.11642423428063486,0.11670151925716234,0.00027728497652747253,0.033432590964053335
Fugue-asplos-EPIC-shared-readers-B4,F3,prefill_common,26,glu,GPU,0,0.11670151925716234,0.11673350586639311,3.1986609230769235e-05,0.0016119260774399998
Fugue-asplos-EPIC-shared-readers-B4,F3,prefill_common,26,ff3,GPU,0,0.11673350586639311,0.11703678630947004,0.0003032804430769231,0.03349210813781334
Fugue-asplos-EPIC-shared-readers-B4,F3,prefill_common,26,comm_g2g,GPU,0,0.11703678630947004,0.11703678630947004,0.0,6.40679936e-05
Fugue-asplos-EPIC-shared-readers-B4,F3,prefill_common,26,norm2,GPU,0,0.11703678630947004,0.11705737382324569,2.058751377565632e-05,0.00060250095616
Fugue-asplos-EPIC-shared-readers-B4,F3,prefill_common,27,qkv,GPU,0,0.11705737382324569,0.11739856432170723,0.0003411904984615385,0.037225895034880004
Fugue-asplos-EPIC-shared-readers-B4,F3,prefill_attention,27,attention_service,GPU,0,0.11739856432170723,0.12034808991392773,0.0029495255922205067,0.10431238200063998
Fugue-asplos-EPIC-shared-readers-B4,F3,prefill_common,27,proj,GPU,0,0.12034808991392773,0.12046182008008158,0.00011373016615384616,0.01268428832768
Fugue-asplos-EPIC-shared-readers-B4,F3,prefill_common,27,comm_g2g,GPU,0,0.12046182008008158,0.12046182008008158,0.0,6.40679936e-05
Fugue-asplos-EPIC-shared-readers-B4,F3,prefill_common,27,norm1,GPU,0,0.12046182008008158,0.12048240759385723,2.058751377565632e-05,0.00060250095616
Fugue-asplos-EPIC-shared-readers-B4,F3,prefill_common,27,ff1,GPU,0,0.12048240759385723,0.1207596925703847,0.00027728497652747253,0.033432590964053335
Fugue-asplos-EPIC-shared-readers-B4,F3,prefill_common,27,ff2,GPU,0,0.1207596925703847,0.12103697754691217,0.00027728497652747253,0.033432590964053335
Fugue-asplos-EPIC-shared-readers-B4,F3,prefill_common,27,glu,GPU,0,0.12103697754691217,0.12106896415614295,3.1986609230769235e-05,0.0016119260774399998
Fugue-asplos-EPIC-shared-readers-B4,F3,prefill_common,27,ff3,GPU,0,0.12106896415614295,0.12137224459921987,0.0003032804430769231,0.03349210813781334
Fugue-asplos-EPIC-shared-readers-B4,F3,prefill_common,27,comm_g2g,GPU,0,0.12137224459921987,0.12137224459921987,0.0,6.40679936e-05
Fugue-asplos-EPIC-shared-readers-B4,F3,prefill_common,27,norm2,GPU,0,0.12137224459921987,0.12139283211299552,2.058751377565632e-05,0.00060250095616
Fugue-asplos-EPIC-shared-readers-B4,F3,prefill_common,28,qkv,GPU,0,0.12139283211299552,0.12173402261145706,0.0003411904984615385,0.037225895034880004
Fugue-asplos-EPIC-shared-readers-B4,F3,prefill_attention,28,attention_service,GPU,0,0.12173402261145706,0.12468354820367757,0.0029495255922205067,0.10431238200063998
Fugue-asplos-EPIC-shared-readers-B4,F3,prefill_common,28,proj,GPU,0,0.12468354820367757,0.12479727836983141,0.00011373016615384616,0.01268428832768
Fugue-asplos-EPIC-shared-readers-B4,F3,prefill_common,28,comm_g2g,GPU,0,0.12479727836983141,0.12479727836983141,0.0,6.40679936e-05
Fugue-asplos-EPIC-shared-readers-B4,F3,prefill_common,28,norm1,GPU,0,0.12479727836983141,0.12481786588360706,2.058751377565632e-05,0.00060250095616
Fugue-asplos-EPIC-shared-readers-B4,F3,prefill_common,28,ff1,GPU,0,0.12481786588360706,0.12509515086013454,0.00027728497652747253,0.033432590964053335
Fugue-asplos-EPIC-shared-readers-B4,F3,prefill_common,28,ff2,GPU,0,0.12509515086013454,0.125372435836662,0.00027728497652747253,0.033432590964053335
Fugue-asplos-EPIC-shared-readers-B4,F3,prefill_common,28,glu,GPU,0,0.125372435836662,0.12540442244589275,3.1986609230769235e-05,0.0016119260774399998
Fugue-asplos-EPIC-shared-readers-B4,F3,prefill_common,28,ff3,GPU,0,0.12540442244589275,0.12570770288896968,0.0003032804430769231,0.03349210813781334
Fugue-asplos-EPIC-shared-readers-B4,F3,prefill_common,28,comm_g2g,GPU,0,0.12570770288896968,0.12570770288896968,0.0,6.40679936e-05
Fugue-asplos-EPIC-shared-readers-B4,F3,prefill_common,28,norm2,GPU,0,0.12570770288896968,0.12572829040274533,2.058751377565632e-05,0.00060250095616
Fugue-asplos-EPIC-shared-readers-B4,F3,prefill_common,29,qkv,GPU,0,0.12572829040274533,0.12606948090120687,0.0003411904984615385,0.037225895034880004
Fugue-asplos-EPIC-shared-readers-B4,F3,prefill_attention,29,attention_service,GPU,0,0.12606948090120687,0.12901900649342737,0.0029495255922205067,0.10431238200063998
Fugue-asplos-EPIC-shared-readers-B4,F3,prefill_common,29,proj,GPU,0,0.12901900649342737,0.12913273665958122,0.00011373016615384616,0.01268428832768
Fugue-asplos-EPIC-shared-readers-B4,F3,prefill_common,29,comm_g2g,GPU,0,0.12913273665958122,0.12913273665958122,0.0,6.40679936e-05
Fugue-asplos-EPIC-shared-readers-B4,F3,prefill_common,29,norm1,GPU,0,0.12913273665958122,0.12915332417335687,2.058751377565632e-05,0.00060250095616
Fugue-asplos-EPIC-shared-readers-B4,F3,prefill_common,29,ff1,GPU,0,0.12915332417335687,0.12943060914988433,0.00027728497652747253,0.033432590964053335
Fugue-asplos-EPIC-shared-readers-B4,F3,prefill_common,29,ff2,GPU,0,0.12943060914988433,0.1297078941264118,0.00027728497652747253,0.033432590964053335
Fugue-asplos-EPIC-shared-readers-B4,F3,prefill_common,29,glu,GPU,0,0.1297078941264118,0.12973988073564255,3.1986609230769235e-05,0.0016119260774399998
Fugue-asplos-EPIC-shared-readers-B4,F3,prefill_common,29,ff3,GPU,0,0.12973988073564255,0.13004316117871947,0.0003032804430769231,0.03349210813781334
Fugue-asplos-EPIC-shared-readers-B4,F3,prefill_common,29,comm_g2g,GPU,0,0.13004316117871947,0.13004316117871947,0.0,6.40679936e-05
Fugue-asplos-EPIC-shared-readers-B4,F3,prefill_common,29,norm2,GPU,0,0.13004316117871947,0.13006374869249512,2.058751377565632e-05,0.00060250095616
Fugue-asplos-EPIC-shared-readers-B4,F3,prefill_common,30,qkv,GPU,0,0.13006374869249512,0.13040493919095666,0.0003411904984615385,0.037225895034880004
Fugue-asplos-EPIC-shared-readers-B4,F3,prefill_attention,30,attention_service,GPU,0,0.13040493919095666,0.13335446478317717,0.0029495255922205067,0.10431238200063998
Fugue-asplos-EPIC-shared-readers-B4,F3,prefill_common,30,proj,GPU,0,0.13335446478317717,0.13346819494933101,0.00011373016615384616,0.01268428832768
Fugue-asplos-EPIC-shared-readers-B4,F3,prefill_common,30,comm_g2g,GPU,0,0.13346819494933101,0.13346819494933101,0.0,6.40679936e-05
Fugue-asplos-EPIC-shared-readers-B4,F3,prefill_common,30,norm1,GPU,0,0.13346819494933101,0.13348878246310666,2.058751377565632e-05,0.00060250095616
Fugue-asplos-EPIC-shared-readers-B4,F3,prefill_common,30,ff1,GPU,0,0.13348878246310666,0.13376606743963412,0.00027728497652747253,0.033432590964053335
Fugue-asplos-EPIC-shared-readers-B4,F3,prefill_common,30,ff2,GPU,0,0.13376606743963412,0.13404335241616158,0.00027728497652747253,0.033432590964053335
Fugue-asplos-EPIC-shared-readers-B4,F3,prefill_common,30,glu,GPU,0,0.13404335241616158,0.13407533902539234,3.1986609230769235e-05,0.0016119260774399998
Fugue-asplos-EPIC-shared-readers-B4,F3,prefill_common,30,ff3,GPU,0,0.13407533902539234,0.13437861946846927,0.0003032804430769231,0.03349210813781334
Fugue-asplos-EPIC-shared-readers-B4,F3,prefill_common,30,comm_g2g,GPU,0,0.13437861946846927,0.13437861946846927,0.0,6.40679936e-05
Fugue-asplos-EPIC-shared-readers-B4,F3,prefill_common,30,norm2,GPU,0,0.13437861946846927,0.13439920698224492,2.058751377565632e-05,0.00060250095616
Fugue-asplos-EPIC-shared-readers-B4,F3,prefill_common,31,qkv,GPU,0,0.13439920698224492,0.13474039748070646,0.0003411904984615385,0.037225895034880004
Fugue-asplos-EPIC-shared-readers-B4,F3,prefill_attention,31,attention_service,GPU,0,0.13474039748070646,0.13768992307292696,0.0029495255922205067,0.10431238200063998
Fugue-asplos-EPIC-shared-readers-B4,F3,prefill_common,31,proj,GPU,0,0.13768992307292696,0.1378036532390808,0.00011373016615384616,0.01268428832768
Fugue-asplos-EPIC-shared-readers-B4,F3,prefill_common,31,comm_g2g,GPU,0,0.1378036532390808,0.1378036532390808,0.0,6.40679936e-05
Fugue-asplos-EPIC-shared-readers-B4,F3,prefill_common,31,norm1,GPU,0,0.1378036532390808,0.13782424075285646,2.058751377565632e-05,0.00060250095616
Fugue-asplos-EPIC-shared-readers-B4,F3,prefill_common,31,ff1,GPU,0,0.13782424075285646,0.13810152572938392,0.00027728497652747253,0.033432590964053335
Fugue-asplos-EPIC-shared-readers-B4,F3,prefill_common,31,ff2,GPU,0,0.13810152572938392,0.13837881070591138,0.00027728497652747253,0.033432590964053335
Fugue-asplos-EPIC-shared-readers-B4,F3,prefill_common,31,glu,GPU,0,0.13837881070591138,0.13841079731514214,3.1986609230769235e-05,0.0016119260774399998
Fugue-asplos-EPIC-shared-readers-B4,F3,prefill_common,31,ff3,GPU,0,0.13841079731514214,0.13871407775821906,0.0003032804430769231,0.03349210813781334
Fugue-asplos-EPIC-shared-readers-B4,F3,prefill_common,31,comm_g2g,GPU,0,0.13871407775821906,0.13871407775821906,0.0,6.40679936e-05
Fugue-asplos-EPIC-shared-readers-B4,F3,prefill_common,31,norm2,GPU,0,0.13871407775821906,0.1387346652719947,2.058751377565632e-05,0.00060250095616
Fugue-asplos-EPIC-shared-readers-B4,F3,decode,all,native_transformer,GPU+PIM,1,0.1387346652719947,0.14520547327170824,0.006470807999713518,0.5302807213244414
Fugue-asplos-EPIC-shared-readers-B4,F3,decode,all,native_transformer,GPU+PIM,2,0.14520547327170824,0.15167628127142177,0.006470807999713518,0.530280892429107
Fugue-asplos-EPIC-shared-readers-B4,F3,decode,all,native_transformer,GPU+PIM,3,0.15167628127142177,0.1581470892711353,0.006470807999713518,0.5302810635337727
Fugue-asplos-EPIC-shared-readers-B4,F3,decode,all,native_transformer,GPU+PIM,4,0.1581470892711353,0.16461789727084883,0.006470807999713518,0.5302812346384383
Fugue-asplos-EPIC-shared-readers-B4,F3,decode,all,native_transformer,GPU+PIM,5,0.16461789727084883,0.17108870527056236,0.006470807999713518,0.5302814057431039
Fugue-asplos-EPIC-shared-readers-B4,F3,decode,all,native_transformer,GPU+PIM,6,0.17108870527056236,0.1775595132702759,0.006470807999713518,0.5302815768477696
Fugue-asplos-EPIC-shared-readers-B4,F3,decode,all,native_transformer,GPU+PIM,7,0.1775595132702759,0.18403032126998942,0.006470807999713518,0.5302817479524351
Fugue-asplos-EPIC-shared-readers-B4,F3,decode,all,native_transformer,GPU+PIM,8,0.18403032126998942,0.19050112926970295,0.006470807999713518,0.5302819190571006
Fugue-asplos-EPIC-shared-readers-B4,F3,decode,all,native_transformer,GPU+PIM,9,0.19050112926970295,0.19697193726941647,0.006470807999713518,0.5302820901617662
Fugue-asplos-EPIC-shared-readers-B4,F3,decode,all,native_transformer,GPU+PIM,10,0.19697193726941647,0.20344274526913,0.006470807999713518,0.5302822612664319
Fugue-asplos-EPIC-shared-readers-B4,F3,decode,all,native_transformer,GPU+PIM,11,0.20344274526913,0.20991355326884353,0.006470807999713518,0.5302824323710975
Fugue-asplos-EPIC-shared-readers-B4,F3,decode,all,native_transformer,GPU+PIM,12,0.20991355326884353,0.21638436126855706,0.006470807999713518,0.5302826034757631
Fugue-asplos-EPIC-shared-readers-B4,F3,decode,all,native_transformer,GPU+PIM,13,0.21638436126855706,0.2228551692682706,0.006470807999713518,0.5302827745804287
Fugue-asplos-EPIC-shared-readers-B4,F3,decode,all,native_transformer,GPU+PIM,14,0.2228551692682706,0.22932715845198412,0.006471989183713518,0.5304501935570942
Fugue-asplos-EPIC-shared-readers-B4,F3,decode,all,native_transformer,GPU+PIM,15,0.22932715845198412,0.23579914763569765,0.006471989183713518,0.5304503646617599
Fugue-asplos-EPIC-shared-readers-B4,F4,prefill_common,0,qkv,GPU,0,0.0,0.0003411904984615385,0.0003411904984615385,0.037225895034880004
Fugue-asplos-EPIC-shared-readers-B4,F4,prefill_attention,0,attention_service,PIM,0,0.0003411904984615385,0.0017251149249118173,0.0013839244264502789,0.07260185598566402
Fugue-asplos-EPIC-shared-readers-B4,F4,prefill_common,0,proj,GPU,0,0.0017251149249118173,0.0018388450910656634,0.00011373016615384616,0.01268428832768
Fugue-asplos-EPIC-shared-readers-B4,F4,prefill_common,0,comm_g2g,GPU,0,0.0018388450910656634,0.0018388450910656634,0.0,6.40679936e-05
Fugue-asplos-EPIC-shared-readers-B4,F4,prefill_common,0,norm1,GPU,0,0.0018388450910656634,0.0018594326048413197,2.058751377565632e-05,0.00060250095616
Fugue-asplos-EPIC-shared-readers-B4,F4,prefill_common,0,ff1,GPU,0,0.0018594326048413197,0.0021367175813687923,0.00027728497652747253,0.033432590964053335
Fugue-asplos-EPIC-shared-readers-B4,F4,prefill_common,0,ff2,GPU,0,0.0021367175813687923,0.002414002557896265,0.00027728497652747253,0.033432590964053335
Fugue-asplos-EPIC-shared-readers-B4,F4,prefill_common,0,glu,GPU,0,0.002414002557896265,0.002445989167127034,3.1986609230769235e-05,0.0016119260774399998
Fugue-asplos-EPIC-shared-readers-B4,F4,prefill_common,0,ff3,GPU,0,0.002445989167127034,0.002749269610203957,0.0003032804430769231,0.03349210813781334
Fugue-asplos-EPIC-shared-readers-B4,F4,prefill_common,0,comm_g2g,GPU,0,0.002749269610203957,0.002749269610203957,0.0,6.40679936e-05
Fugue-asplos-EPIC-shared-readers-B4,F4,prefill_common,0,norm2,GPU,0,0.002749269610203957,0.0027698571239796136,2.058751377565632e-05,0.00060250095616
Fugue-asplos-EPIC-shared-readers-B4,F4,prefill_common,1,qkv,GPU,0,0.0027698571239796136,0.003111047622441152,0.0003411904984615385,0.037225895034880004
Fugue-asplos-EPIC-shared-readers-B4,F4,prefill_attention,1,attention_service,PIM,0,0.003111047622441152,0.004494972048891431,0.0013839244264502789,0.07260185598566402
Fugue-asplos-EPIC-shared-readers-B4,F4,prefill_common,1,proj,GPU,0,0.004494972048891431,0.004608702215045277,0.00011373016615384616,0.01268428832768
Fugue-asplos-EPIC-shared-readers-B4,F4,prefill_common,1,comm_g2g,GPU,0,0.004608702215045277,0.004608702215045277,0.0,6.40679936e-05
Fugue-asplos-EPIC-shared-readers-B4,F4,prefill_common,1,norm1,GPU,0,0.004608702215045277,0.004629289728820933,2.058751377565632e-05,0.00060250095616
Fugue-asplos-EPIC-shared-readers-B4,F4,prefill_common,1,ff1,GPU,0,0.004629289728820933,0.004906574705348406,0.00027728497652747253,0.033432590964053335
Fugue-asplos-EPIC-shared-readers-B4,F4,prefill_common,1,ff2,GPU,0,0.004906574705348406,0.0051838596818758785,0.00027728497652747253,0.033432590964053335
Fugue-asplos-EPIC-shared-readers-B4,F4,prefill_common,1,glu,GPU,0,0.0051838596818758785,0.005215846291106648,3.1986609230769235e-05,0.0016119260774399998
Fugue-asplos-EPIC-shared-readers-B4,F4,prefill_common,1,ff3,GPU,0,0.005215846291106648,0.005519126734183571,0.0003032804430769231,0.03349210813781334
Fugue-asplos-EPIC-shared-readers-B4,F4,prefill_common,1,comm_g2g,GPU,0,0.005519126734183571,0.005519126734183571,0.0,6.40679936e-05
Fugue-asplos-EPIC-shared-readers-B4,F4,prefill_common,1,norm2,GPU,0,0.005519126734183571,0.005539714247959227,2.058751377565632e-05,0.00060250095616
Fugue-asplos-EPIC-shared-readers-B4,F4,prefill_common,2,qkv,GPU,0,0.005539714247959227,0.005880904746420766,0.0003411904984615385,0.037225895034880004
Fugue-asplos-EPIC-shared-readers-B4,F4,prefill_attention,2,attention_service,PIM,0,0.005880904746420766,0.007264829172871044,0.0013839244264502789,0.07260185598566402
Fugue-asplos-EPIC-shared-readers-B4,F4,prefill_common,2,proj,GPU,0,0.007264829172871044,0.0073785593390248904,0.00011373016615384616,0.01268428832768
Fugue-asplos-EPIC-shared-readers-B4,F4,prefill_common,2,comm_g2g,GPU,0,0.0073785593390248904,0.0073785593390248904,0.0,6.40679936e-05
Fugue-asplos-EPIC-shared-readers-B4,F4,prefill_common,2,norm1,GPU,0,0.0073785593390248904,0.007399146852800547,2.058751377565632e-05,0.00060250095616
Fugue-asplos-EPIC-shared-readers-B4,F4,prefill_common,2,ff1,GPU,0,0.007399146852800547,0.0076764318293280195,0.00027728497652747253,0.033432590964053335
Fugue-asplos-EPIC-shared-readers-B4,F4,prefill_common,2,ff2,GPU,0,0.0076764318293280195,0.007953716805855491,0.00027728497652747253,0.033432590964053335
Fugue-asplos-EPIC-shared-readers-B4,F4,prefill_common,2,glu,GPU,0,0.007953716805855491,0.00798570341508626,3.1986609230769235e-05,0.0016119260774399998
Fugue-asplos-EPIC-shared-readers-B4,F4,prefill_common,2,ff3,GPU,0,0.00798570341508626,0.008288983858163184,0.0003032804430769231,0.03349210813781334
Fugue-asplos-EPIC-shared-readers-B4,F4,prefill_common,2,comm_g2g,GPU,0,0.008288983858163184,0.008288983858163184,0.0,6.40679936e-05
Fugue-asplos-EPIC-shared-readers-B4,F4,prefill_common,2,norm2,GPU,0,0.008288983858163184,0.00830957137193884,2.058751377565632e-05,0.00060250095616
Fugue-asplos-EPIC-shared-readers-B4,F4,prefill_common,3,qkv,GPU,0,0.00830957137193884,0.00865076187040038,0.0003411904984615385,0.037225895034880004
Fugue-asplos-EPIC-shared-readers-B4,F4,prefill_attention,3,attention_service,PIM,0,0.00865076187040038,0.01003468629685066,0.0013839244264502789,0.07260185598566402
Fugue-asplos-EPIC-shared-readers-B4,F4,prefill_common,3,proj,GPU,0,0.01003468629685066,0.010148416463004507,0.00011373016615384616,0.01268428832768
Fugue-asplos-EPIC-shared-readers-B4,F4,prefill_common,3,comm_g2g,GPU,0,0.010148416463004507,0.010148416463004507,0.0,6.40679936e-05
Fugue-asplos-EPIC-shared-readers-B4,F4,prefill_common,3,norm1,GPU,0,0.010148416463004507,0.010169003976780163,2.058751377565632e-05,0.00060250095616
Fugue-asplos-EPIC-shared-readers-B4,F4,prefill_common,3,ff1,GPU,0,0.010169003976780163,0.010446288953307636,0.00027728497652747253,0.033432590964053335
Fugue-asplos-EPIC-shared-readers-B4,F4,prefill_common,3,ff2,GPU,0,0.010446288953307636,0.010723573929835108,0.00027728497652747253,0.033432590964053335
Fugue-asplos-EPIC-shared-readers-B4,F4,prefill_common,3,glu,GPU,0,0.010723573929835108,0.010755560539065878,3.1986609230769235e-05,0.0016119260774399998
Fugue-asplos-EPIC-shared-readers-B4,F4,prefill_common,3,ff3,GPU,0,0.010755560539065878,0.011058840982142801,0.0003032804430769231,0.03349210813781334
Fugue-asplos-EPIC-shared-readers-B4,F4,prefill_common,3,comm_g2g,GPU,0,0.011058840982142801,0.011058840982142801,0.0,6.40679936e-05
Fugue-asplos-EPIC-shared-readers-B4,F4,prefill_common,3,norm2,GPU,0,0.011058840982142801,0.011079428495918458,2.058751377565632e-05,0.00060250095616
Fugue-asplos-EPIC-shared-readers-B4,F4,prefill_common,4,qkv,GPU,0,0.011079428495918458,0.011420618994379997,0.0003411904984615385,0.037225895034880004
Fugue-asplos-EPIC-shared-readers-B4,F4,prefill_attention,4,attention_service,PIM,0,0.011420618994379997,0.012804543420830277,0.0013839244264502789,0.07260185598566402
Fugue-asplos-EPIC-shared-readers-B4,F4,prefill_common,4,proj,GPU,0,0.012804543420830277,0.012918273586984124,0.00011373016615384616,0.01268428832768
Fugue-asplos-EPIC-shared-readers-B4,F4,prefill_common,4,comm_g2g,GPU,0,0.012918273586984124,0.012918273586984124,0.0,6.40679936e-05
Fugue-asplos-EPIC-shared-readers-B4,F4,prefill_common,4,norm1,GPU,0,0.012918273586984124,0.01293886110075978,2.058751377565632e-05,0.00060250095616
Fugue-asplos-EPIC-shared-readers-B4,F4,prefill_common,4,ff1,GPU,0,0.01293886110075978,0.013216146077287253,0.00027728497652747253,0.033432590964053335
Fugue-asplos-EPIC-shared-readers-B4,F4,prefill_common,4,ff2,GPU,0,0.013216146077287253,0.013493431053814725,0.00027728497652747253,0.033432590964053335
Fugue-asplos-EPIC-shared-readers-B4,F4,prefill_common,4,glu,GPU,0,0.013493431053814725,0.013525417663045495,3.1986609230769235e-05,0.0016119260774399998
Fugue-asplos-EPIC-shared-readers-B4,F4,prefill_common,4,ff3,GPU,0,0.013525417663045495,0.013828698106122419,0.0003032804430769231,0.03349210813781334
Fugue-asplos-EPIC-shared-readers-B4,F4,prefill_common,4,comm_g2g,GPU,0,0.013828698106122419,0.013828698106122419,0.0,6.40679936e-05
Fugue-asplos-EPIC-shared-readers-B4,F4,prefill_common,4,norm2,GPU,0,0.013828698106122419,0.013849285619898075,2.058751377565632e-05,0.00060250095616
Fugue-asplos-EPIC-shared-readers-B4,F4,prefill_common,5,qkv,GPU,0,0.013849285619898075,0.014190476118359614,0.0003411904984615385,0.037225895034880004
Fugue-asplos-EPIC-shared-readers-B4,F4,prefill_attention,5,attention_service,PIM,0,0.014190476118359614,0.015574400544809894,0.0013839244264502789,0.07260185598566402
Fugue-asplos-EPIC-shared-readers-B4,F4,prefill_common,5,proj,GPU,0,0.015574400544809894,0.01568813071096374,0.00011373016615384616,0.01268428832768
Fugue-asplos-EPIC-shared-readers-B4,F4,prefill_common,5,comm_g2g,GPU,0,0.01568813071096374,0.01568813071096374,0.0,6.40679936e-05
Fugue-asplos-EPIC-shared-readers-B4,F4,prefill_common,5,norm1,GPU,0,0.01568813071096374,0.015708718224739397,2.058751377565632e-05,0.00060250095616
Fugue-asplos-EPIC-shared-readers-B4,F4,prefill_common,5,ff1,GPU,0,0.015708718224739397,0.01598600320126687,0.00027728497652747253,0.033432590964053335
Fugue-asplos-EPIC-shared-readers-B4,F4,prefill_common,5,ff2,GPU,0,0.01598600320126687,0.016263288177794342,0.00027728497652747253,0.033432590964053335
Fugue-asplos-EPIC-shared-readers-B4,F4,prefill_common,5,glu,GPU,0,0.016263288177794342,0.01629527478702511,3.1986609230769235e-05,0.0016119260774399998
Fugue-asplos-EPIC-shared-readers-B4,F4,prefill_common,5,ff3,GPU,0,0.01629527478702511,0.016598555230102032,0.0003032804430769231,0.03349210813781334
Fugue-asplos-EPIC-shared-readers-B4,F4,prefill_common,5,comm_g2g,GPU,0,0.016598555230102032,0.016598555230102032,0.0,6.40679936e-05
Fugue-asplos-EPIC-shared-readers-B4,F4,prefill_common,5,norm2,GPU,0,0.016598555230102032,0.01661914274387769,2.058751377565632e-05,0.00060250095616
Fugue-asplos-EPIC-shared-readers-B4,F4,prefill_common,6,qkv,GPU,0,0.01661914274387769,0.016960333242339226,0.0003411904984615385,0.037225895034880004
Fugue-asplos-EPIC-shared-readers-B4,F4,prefill_attention,6,attention_service,PIM,0,0.016960333242339226,0.018344257668789506,0.0013839244264502789,0.07260185598566402
Fugue-asplos-EPIC-shared-readers-B4,F4,prefill_common,6,proj,GPU,0,0.018344257668789506,0.018457987834943353,0.00011373016615384616,0.01268428832768
Fugue-asplos-EPIC-shared-readers-B4,F4,prefill_common,6,comm_g2g,GPU,0,0.018457987834943353,0.018457987834943353,0.0,6.40679936e-05
Fugue-asplos-EPIC-shared-readers-B4,F4,prefill_common,6,norm1,GPU,0,0.018457987834943353,0.01847857534871901,2.058751377565632e-05,0.00060250095616
Fugue-asplos-EPIC-shared-readers-B4,F4,prefill_common,6,ff1,GPU,0,0.01847857534871901,0.01875586032524648,0.00027728497652747253,0.033432590964053335
Fugue-asplos-EPIC-shared-readers-B4,F4,prefill_common,6,ff2,GPU,0,0.01875586032524648,0.019033145301773954,0.00027728497652747253,0.033432590964053335
Fugue-asplos-EPIC-shared-readers-B4,F4,prefill_common,6,glu,GPU,0,0.019033145301773954,0.019065131911004722,3.1986609230769235e-05,0.0016119260774399998
Fugue-asplos-EPIC-shared-readers-B4,F4,prefill_common,6,ff3,GPU,0,0.019065131911004722,0.019368412354081644,0.0003032804430769231,0.03349210813781334
Fugue-asplos-EPIC-shared-readers-B4,F4,prefill_common,6,comm_g2g,GPU,0,0.019368412354081644,0.019368412354081644,0.0,6.40679936e-05
Fugue-asplos-EPIC-shared-readers-B4,F4,prefill_common,6,norm2,GPU,0,0.019368412354081644,0.0193889998678573,2.058751377565632e-05,0.00060250095616
Fugue-asplos-EPIC-shared-readers-B4,F4,prefill_common,7,qkv,GPU,0,0.0193889998678573,0.019730190366318838,0.0003411904984615385,0.037225895034880004
Fugue-asplos-EPIC-shared-readers-B4,F4,prefill_attention,7,attention_service,PIM,0,0.019730190366318838,0.021114114792769118,0.0013839244264502789,0.07260185598566402
Fugue-asplos-EPIC-shared-readers-B4,F4,prefill_common,7,proj,GPU,0,0.021114114792769118,0.021227844958922965,0.00011373016615384616,0.01268428832768
Fugue-asplos-EPIC-shared-readers-B4,F4,prefill_common,7,comm_g2g,GPU,0,0.021227844958922965,0.021227844958922965,0.0,6.40679936e-05
Fugue-asplos-EPIC-shared-readers-B4,F4,prefill_common,7,norm1,GPU,0,0.021227844958922965,0.02124843247269862,2.058751377565632e-05,0.00060250095616
Fugue-asplos-EPIC-shared-readers-B4,F4,prefill_common,7,ff1,GPU,0,0.02124843247269862,0.021525717449226094,0.00027728497652747253,0.033432590964053335
Fugue-asplos-EPIC-shared-readers-B4,F4,prefill_common,7,ff2,GPU,0,0.021525717449226094,0.021803002425753566,0.00027728497652747253,0.033432590964053335
Fugue-asplos-EPIC-shared-readers-B4,F4,prefill_common,7,glu,GPU,0,0.021803002425753566,0.021834989034984334,3.1986609230769235e-05,0.0016119260774399998
Fugue-asplos-EPIC-shared-readers-B4,F4,prefill_common,7,ff3,GPU,0,0.021834989034984334,0.022138269478061256,0.0003032804430769231,0.03349210813781334
Fugue-asplos-EPIC-shared-readers-B4,F4,prefill_common,7,comm_g2g,GPU,0,0.022138269478061256,0.022138269478061256,0.0,6.40679936e-05
Fugue-asplos-EPIC-shared-readers-B4,F4,prefill_common,7,norm2,GPU,0,0.022138269478061256,0.022158856991836912,2.058751377565632e-05,0.00060250095616
Fugue-asplos-EPIC-shared-readers-B4,F4,prefill_common,8,qkv,GPU,0,0.022158856991836912,0.02250004749029845,0.0003411904984615385,0.037225895034880004
Fugue-asplos-EPIC-shared-readers-B4,F4,prefill_attention,8,attention_service,PIM,0,0.02250004749029845,0.02388397191674873,0.0013839244264502789,0.07260185598566402
Fugue-asplos-EPIC-shared-readers-B4,F4,prefill_common,8,proj,GPU,0,0.02388397191674873,0.023997702082902576,0.00011373016615384616,0.01268428832768
Fugue-asplos-EPIC-shared-readers-B4,F4,prefill_common,8,comm_g2g,GPU,0,0.023997702082902576,0.023997702082902576,0.0,6.40679936e-05
Fugue-asplos-EPIC-shared-readers-B4,F4,prefill_common,8,norm1,GPU,0,0.023997702082902576,0.024018289596678233,2.058751377565632e-05,0.00060250095616
Fugue-asplos-EPIC-shared-readers-B4,F4,prefill_common,8,ff1,GPU,0,0.024018289596678233,0.024295574573205705,0.00027728497652747253,0.033432590964053335
Fugue-asplos-EPIC-shared-readers-B4,F4,prefill_common,8,ff2,GPU,0,0.024295574573205705,0.024572859549733178,0.00027728497652747253,0.033432590964053335
Fugue-asplos-EPIC-shared-readers-B4,F4,prefill_common,8,glu,GPU,0,0.024572859549733178,0.024604846158963946,3.1986609230769235e-05,0.0016119260774399998
Fugue-asplos-EPIC-shared-readers-B4,F4,prefill_common,8,ff3,GPU,0,0.024604846158963946,0.024908126602040868,0.0003032804430769231,0.03349210813781334
Fugue-asplos-EPIC-shared-readers-B4,F4,prefill_common,8,comm_g2g,GPU,0,0.024908126602040868,0.024908126602040868,0.0,6.40679936e-05
Fugue-asplos-EPIC-shared-readers-B4,F4,prefill_common,8,norm2,GPU,0,0.024908126602040868,0.024928714115816524,2.058751377565632e-05,0.00060250095616
Fugue-asplos-EPIC-shared-readers-B4,F4,prefill_common,9,qkv,GPU,0,0.024928714115816524,0.02526990461427806,0.0003411904984615385,0.037225895034880004
Fugue-asplos-EPIC-shared-readers-B4,F4,prefill_attention,9,attention_service,PIM,0,0.02526990461427806,0.02665382904072834,0.0013839244264502789,0.07260185598566402
Fugue-asplos-EPIC-shared-readers-B4,F4,prefill_common,9,proj,GPU,0,0.02665382904072834,0.026767559206882188,0.00011373016615384616,0.01268428832768
Fugue-asplos-EPIC-shared-readers-B4,F4,prefill_common,9,comm_g2g,GPU,0,0.026767559206882188,0.026767559206882188,0.0,6.40679936e-05
Fugue-asplos-EPIC-shared-readers-B4,F4,prefill_common,9,norm1,GPU,0,0.026767559206882188,0.026788146720657845,2.058751377565632e-05,0.00060250095616
Fugue-asplos-EPIC-shared-readers-B4,F4,prefill_common,9,ff1,GPU,0,0.026788146720657845,0.027065431697185317,0.00027728497652747253,0.033432590964053335
Fugue-asplos-EPIC-shared-readers-B4,F4,prefill_common,9,ff2,GPU,0,0.027065431697185317,0.02734271667371279,0.00027728497652747253,0.033432590964053335
Fugue-asplos-EPIC-shared-readers-B4,F4,prefill_common,9,glu,GPU,0,0.02734271667371279,0.027374703282943558,3.1986609230769235e-05,0.0016119260774399998
Fugue-asplos-EPIC-shared-readers-B4,F4,prefill_common,9,ff3,GPU,0,0.027374703282943558,0.02767798372602048,0.0003032804430769231,0.03349210813781334
Fugue-asplos-EPIC-shared-readers-B4,F4,prefill_common,9,comm_g2g,GPU,0,0.02767798372602048,0.02767798372602048,0.0,6.40679936e-05
Fugue-asplos-EPIC-shared-readers-B4,F4,prefill_common,9,norm2,GPU,0,0.02767798372602048,0.027698571239796136,2.058751377565632e-05,0.00060250095616
Fugue-asplos-EPIC-shared-readers-B4,F4,prefill_common,10,qkv,GPU,0,0.027698571239796136,0.028039761738257674,0.0003411904984615385,0.037225895034880004
Fugue-asplos-EPIC-shared-readers-B4,F4,prefill_attention,10,attention_service,PIM,0,0.028039761738257674,0.029423686164707953,0.0013839244264502789,0.07260185598566402
Fugue-asplos-EPIC-shared-readers-B4,F4,prefill_common,10,proj,GPU,0,0.029423686164707953,0.0295374163308618,0.00011373016615384616,0.01268428832768
Fugue-asplos-EPIC-shared-readers-B4,F4,prefill_common,10,comm_g2g,GPU,0,0.0295374163308618,0.0295374163308618,0.0,6.40679936e-05
Fugue-asplos-EPIC-shared-readers-B4,F4,prefill_common,10,norm1,GPU,0,0.0295374163308618,0.029558003844637457,2.058751377565632e-05,0.00060250095616
Fugue-asplos-EPIC-shared-readers-B4,F4,prefill_common,10,ff1,GPU,0,0.029558003844637457,0.02983528882116493,0.00027728497652747253,0.033432590964053335
Fugue-asplos-EPIC-shared-readers-B4,F4,prefill_common,10,ff2,GPU,0,0.02983528882116493,0.030112573797692402,0.00027728497652747253,0.033432590964053335
Fugue-asplos-EPIC-shared-readers-B4,F4,prefill_common,10,glu,GPU,0,0.030112573797692402,0.03014456040692317,3.1986609230769235e-05,0.0016119260774399998
Fugue-asplos-EPIC-shared-readers-B4,F4,prefill_common,10,ff3,GPU,0,0.03014456040692317,0.03044784085000009,0.0003032804430769231,0.03349210813781334
Fugue-asplos-EPIC-shared-readers-B4,F4,prefill_common,10,comm_g2g,GPU,0,0.03044784085000009,0.03044784085000009,0.0,6.40679936e-05
Fugue-asplos-EPIC-shared-readers-B4,F4,prefill_common,10,norm2,GPU,0,0.03044784085000009,0.030468428363775748,2.058751377565632e-05,0.00060250095616
Fugue-asplos-EPIC-shared-readers-B4,F4,prefill_common,11,qkv,GPU,0,0.030468428363775748,0.030809618862237285,0.0003411904984615385,0.037225895034880004
Fugue-asplos-EPIC-shared-readers-B4,F4,prefill_attention,11,attention_service,PIM,0,0.030809618862237285,0.032193543288687565,0.0013839244264502789,0.07260185598566402
Fugue-asplos-EPIC-shared-readers-B4,F4,prefill_common,11,proj,GPU,0,0.032193543288687565,0.03230727345484141,0.00011373016615384616,0.01268428832768
Fugue-asplos-EPIC-shared-readers-B4,F4,prefill_common,11,comm_g2g,GPU,0,0.03230727345484141,0.03230727345484141,0.0,6.40679936e-05
Fugue-asplos-EPIC-shared-readers-B4,F4,prefill_common,11,norm1,GPU,0,0.03230727345484141,0.03232786096861707,2.058751377565632e-05,0.00060250095616
Fugue-asplos-EPIC-shared-readers-B4,F4,prefill_common,11,ff1,GPU,0,0.03232786096861707,0.03260514594514454,0.00027728497652747253,0.033432590964053335
Fugue-asplos-EPIC-shared-readers-B4,F4,prefill_common,11,ff2,GPU,0,0.03260514594514454,0.032882430921672014,0.00027728497652747253,0.033432590964053335
Fugue-asplos-EPIC-shared-readers-B4,F4,prefill_common,11,glu,GPU,0,0.032882430921672014,0.03291441753090278,3.1986609230769235e-05,0.0016119260774399998
Fugue-asplos-EPIC-shared-readers-B4,F4,prefill_common,11,ff3,GPU,0,0.03291441753090278,0.03321769797397971,0.0003032804430769231,0.03349210813781334
Fugue-asplos-EPIC-shared-readers-B4,F4,prefill_common,11,comm_g2g,GPU,0,0.03321769797397971,0.03321769797397971,0.0,6.40679936e-05
Fugue-asplos-EPIC-shared-readers-B4,F4,prefill_common,11,norm2,GPU,0,0.03321769797397971,0.03323828548775536,2.058751377565632e-05,0.00060250095616
Fugue-asplos-EPIC-shared-readers-B4,F4,prefill_common,12,qkv,GPU,0,0.03323828548775536,0.033579475986216904,0.0003411904984615385,0.037225895034880004
Fugue-asplos-EPIC-shared-readers-B4,F4,prefill_attention,12,attention_service,PIM,0,0.033579475986216904,0.034963400412667184,0.0013839244264502789,0.07260185598566402
Fugue-asplos-EPIC-shared-readers-B4,F4,prefill_common,12,proj,GPU,0,0.034963400412667184,0.03507713057882103,0.00011373016615384616,0.01268428832768
Fugue-asplos-EPIC-shared-readers-B4,F4,prefill_common,12,comm_g2g,GPU,0,0.03507713057882103,0.03507713057882103,0.0,6.40679936e-05
Fugue-asplos-EPIC-shared-readers-B4,F4,prefill_common,12,norm1,GPU,0,0.03507713057882103,0.03509771809259669,2.058751377565632e-05,0.00060250095616
Fugue-asplos-EPIC-shared-readers-B4,F4,prefill_common,12,ff1,GPU,0,0.03509771809259669,0.03537500306912416,0.00027728497652747253,0.033432590964053335
Fugue-asplos-EPIC-shared-readers-B4,F4,prefill_common,12,ff2,GPU,0,0.03537500306912416,0.03565228804565163,0.00027728497652747253,0.033432590964053335
Fugue-asplos-EPIC-shared-readers-B4,F4,prefill_common,12,glu,GPU,0,0.03565228804565163,0.0356842746548824,3.1986609230769235e-05,0.0016119260774399998
Fugue-asplos-EPIC-shared-readers-B4,F4,prefill_common,12,ff3,GPU,0,0.0356842746548824,0.035987555097959326,0.0003032804430769231,0.03349210813781334
Fugue-asplos-EPIC-shared-readers-B4,F4,prefill_common,12,comm_g2g,GPU,0,0.035987555097959326,0.035987555097959326,0.0,6.40679936e-05
Fugue-asplos-EPIC-shared-readers-B4,F4,prefill_common,12,norm2,GPU,0,0.035987555097959326,0.03600814261173498,2.058751377565632e-05,0.00060250095616
Fugue-asplos-EPIC-shared-readers-B4,F4,prefill_common,13,qkv,GPU,0,0.03600814261173498,0.03634933311019652,0.0003411904984615385,0.037225895034880004
Fugue-asplos-EPIC-shared-readers-B4,F4,prefill_attention,13,attention_service,PIM,0,0.03634933311019652,0.0377332575366468,0.0013839244264502789,0.07260185598566402
Fugue-asplos-EPIC-shared-readers-B4,F4,prefill_common,13,proj,GPU,0,0.0377332575366468,0.03784698770280065,0.00011373016615384616,0.01268428832768
Fugue-asplos-EPIC-shared-readers-B4,F4,prefill_common,13,comm_g2g,GPU,0,0.03784698770280065,0.03784698770280065,0.0,6.40679936e-05
Fugue-asplos-EPIC-shared-readers-B4,F4,prefill_common,13,norm1,GPU,0,0.03784698770280065,0.037867575216576306,2.058751377565632e-05,0.00060250095616
Fugue-asplos-EPIC-shared-readers-B4,F4,prefill_common,13,ff1,GPU,0,0.037867575216576306,0.03814486019310378,0.00027728497652747253,0.033432590964053335
Fugue-asplos-EPIC-shared-readers-B4,F4,prefill_common,13,ff2,GPU,0,0.03814486019310378,0.03842214516963125,0.00027728497652747253,0.033432590964053335
Fugue-asplos-EPIC-shared-readers-B4,F4,prefill_common,13,glu,GPU,0,0.03842214516963125,0.03845413177886202,3.1986609230769235e-05,0.0016119260774399998
Fugue-asplos-EPIC-shared-readers-B4,F4,prefill_common,13,ff3,GPU,0,0.03845413177886202,0.038757412221938944,0.0003032804430769231,0.03349210813781334
Fugue-asplos-EPIC-shared-readers-B4,F4,prefill_common,13,comm_g2g,GPU,0,0.038757412221938944,0.038757412221938944,0.0,6.40679936e-05
Fugue-asplos-EPIC-shared-readers-B4,F4,prefill_common,13,norm2,GPU,0,0.038757412221938944,0.0387779997357146,2.058751377565632e-05,0.00060250095616
Fugue-asplos-EPIC-shared-readers-B4,F4,prefill_common,14,qkv,GPU,0,0.0387779997357146,0.03911919023417614,0.0003411904984615385,0.037225895034880004
Fugue-asplos-EPIC-shared-readers-B4,F4,prefill_attention,14,attention_service,PIM,0,0.03911919023417614,0.04050311466062642,0.0013839244264502789,0.07260185598566402
Fugue-asplos-EPIC-shared-readers-B4,F4,prefill_common,14,proj,GPU,0,0.04050311466062642,0.04061684482678027,0.00011373016615384616,0.01268428832768
Fugue-asplos-EPIC-shared-readers-B4,F4,prefill_common,14,comm_g2g,GPU,0,0.04061684482678027,0.04061684482678027,0.0,6.40679936e-05
Fugue-asplos-EPIC-shared-readers-B4,F4,prefill_common,14,norm1,GPU,0,0.04061684482678027,0.040637432340555925,2.058751377565632e-05,0.00060250095616
Fugue-asplos-EPIC-shared-readers-B4,F4,prefill_common,14,ff1,GPU,0,0.040637432340555925,0.0409147173170834,0.00027728497652747253,0.033432590964053335
Fugue-asplos-EPIC-shared-readers-B4,F4,prefill_common,14,ff2,GPU,0,0.0409147173170834,0.04119200229361087,0.00027728497652747253,0.033432590964053335
Fugue-asplos-EPIC-shared-readers-B4,F4,prefill_common,14,glu,GPU,0,0.04119200229361087,0.04122398890284164,3.1986609230769235e-05,0.0016119260774399998
Fugue-asplos-EPIC-shared-readers-B4,F4,prefill_common,14,ff3,GPU,0,0.04122398890284164,0.04152726934591856,0.0003032804430769231,0.03349210813781334
Fugue-asplos-EPIC-shared-readers-B4,F4,prefill_common,14,comm_g2g,GPU,0,0.04152726934591856,0.04152726934591856,0.0,6.40679936e-05
Fugue-asplos-EPIC-shared-readers-B4,F4,prefill_common,14,norm2,GPU,0,0.04152726934591856,0.04154785685969422,2.058751377565632e-05,0.00060250095616
Fugue-asplos-EPIC-shared-readers-B4,F4,prefill_common,15,qkv,GPU,0,0.04154785685969422,0.04188904735815576,0.0003411904984615385,0.037225895034880004
Fugue-asplos-EPIC-shared-readers-B4,F4,prefill_attention,15,attention_service,PIM,0,0.04188904735815576,0.04327297178460604,0.0013839244264502789,0.07260185598566402
Fugue-asplos-EPIC-shared-readers-B4,F4,prefill_common,15,proj,GPU,0,0.04327297178460604,0.04338670195075989,0.00011373016615384616,0.01268428832768
Fugue-asplos-EPIC-shared-readers-B4,F4,prefill_common,15,comm_g2g,GPU,0,0.04338670195075989,0.04338670195075989,0.0,6.40679936e-05
Fugue-asplos-EPIC-shared-readers-B4,F4,prefill_common,15,norm1,GPU,0,0.04338670195075989,0.043407289464535544,2.058751377565632e-05,0.00060250095616
Fugue-asplos-EPIC-shared-readers-B4,F4,prefill_common,15,ff1,GPU,0,0.043407289464535544,0.043684574441063016,0.00027728497652747253,0.033432590964053335
Fugue-asplos-EPIC-shared-readers-B4,F4,prefill_common,15,ff2,GPU,0,0.043684574441063016,0.04396185941759049,0.00027728497652747253,0.033432590964053335
Fugue-asplos-EPIC-shared-readers-B4,F4,prefill_common,15,glu,GPU,0,0.04396185941759049,0.04399384602682126,3.1986609230769235e-05,0.0016119260774399998
Fugue-asplos-EPIC-shared-readers-B4,F4,prefill_common,15,ff3,GPU,0,0.04399384602682126,0.04429712646989818,0.0003032804430769231,0.03349210813781334
Fugue-asplos-EPIC-shared-readers-B4,F4,prefill_common,15,comm_g2g,GPU,0,0.04429712646989818,0.04429712646989818,0.0,6.40679936e-05
Fugue-asplos-EPIC-shared-readers-B4,F4,prefill_common,15,norm2,GPU,0,0.04429712646989818,0.04431771398367384,2.058751377565632e-05,0.00060250095616
Fugue-asplos-EPIC-shared-readers-B4,F4,prefill_common,16,qkv,GPU,0,0.04431771398367384,0.04465890448213538,0.0003411904984615385,0.037225895034880004
Fugue-asplos-EPIC-shared-readers-B4,F4,prefill_attention,16,attention_service,PIM,0,0.04465890448213538,0.04604282890858566,0.0013839244264502789,0.07260185598566402
Fugue-asplos-EPIC-shared-readers-B4,F4,prefill_common,16,proj,GPU,0,0.04604282890858566,0.046156559074739506,0.00011373016615384616,0.01268428832768
Fugue-asplos-EPIC-shared-readers-B4,F4,prefill_common,16,comm_g2g,GPU,0,0.046156559074739506,0.046156559074739506,0.0,6.40679936e-05
Fugue-asplos-EPIC-shared-readers-B4,F4,prefill_common,16,norm1,GPU,0,0.046156559074739506,0.04617714658851516,2.058751377565632e-05,0.00060250095616
Fugue-asplos-EPIC-shared-readers-B4,F4,prefill_common,16,ff1,GPU,0,0.04617714658851516,0.046454431565042635,0.00027728497652747253,0.033432590964053335
Fugue-asplos-EPIC-shared-readers-B4,F4,prefill_common,16,ff2,GPU,0,0.046454431565042635,0.04673171654157011,0.00027728497652747253,0.033432590964053335
Fugue-asplos-EPIC-shared-readers-B4,F4,prefill_common,16,glu,GPU,0,0.04673171654157011,0.046763703150800875,3.1986609230769235e-05,0.0016119260774399998
Fugue-asplos-EPIC-shared-readers-B4,F4,prefill_common,16,ff3,GPU,0,0.046763703150800875,0.0470669835938778,0.0003032804430769231,0.03349210813781334
Fugue-asplos-EPIC-shared-readers-B4,F4,prefill_common,16,comm_g2g,GPU,0,0.0470669835938778,0.0470669835938778,0.0,6.40679936e-05
Fugue-asplos-EPIC-shared-readers-B4,F4,prefill_common,16,norm2,GPU,0,0.0470669835938778,0.04708757110765346,2.058751377565632e-05,0.00060250095616
Fugue-asplos-EPIC-shared-readers-B4,F4,prefill_common,17,qkv,GPU,0,0.04708757110765346,0.047428761606115,0.0003411904984615385,0.037225895034880004
Fugue-asplos-EPIC-shared-readers-B4,F4,prefill_attention,17,attention_service,PIM,0,0.047428761606115,0.04881268603256528,0.0013839244264502789,0.07260185598566402
Fugue-asplos-EPIC-shared-readers-B4,F4,prefill_common,17,proj,GPU,0,0.04881268603256528,0.048926416198719125,0.00011373016615384616,0.01268428832768
Fugue-asplos-EPIC-shared-readers-B4,F4,prefill_common,17,comm_g2g,GPU,0,0.048926416198719125,0.048926416198719125,0.0,6.40679936e-05
Fugue-asplos-EPIC-shared-readers-B4,F4,prefill_common,17,norm1,GPU,0,0.048926416198719125,0.04894700371249478,2.058751377565632e-05,0.00060250095616
Fugue-asplos-EPIC-shared-readers-B4,F4,prefill_common,17,ff1,GPU,0,0.04894700371249478,0.049224288689022254,0.00027728497652747253,0.033432590964053335
Fugue-asplos-EPIC-shared-readers-B4,F4,prefill_common,17,ff2,GPU,0,0.049224288689022254,0.04950157366554973,0.00027728497652747253,0.033432590964053335
Fugue-asplos-EPIC-shared-readers-B4,F4,prefill_common,17,glu,GPU,0,0.04950157366554973,0.049533560274780494,3.1986609230769235e-05,0.0016119260774399998
Fugue-asplos-EPIC-shared-readers-B4,F4,prefill_common,17,ff3,GPU,0,0.049533560274780494,0.04983684071785742,0.0003032804430769231,0.03349210813781334
Fugue-asplos-EPIC-shared-readers-B4,F4,prefill_common,17,comm_g2g,GPU,0,0.04983684071785742,0.04983684071785742,0.0,6.40679936e-05
Fugue-asplos-EPIC-shared-readers-B4,F4,prefill_common,17,norm2,GPU,0,0.04983684071785742,0.049857428231633076,2.058751377565632e-05,0.00060250095616
Fugue-asplos-EPIC-shared-readers-B4,F4,prefill_common,18,qkv,GPU,0,0.049857428231633076,0.05019861873009462,0.0003411904984615385,0.037225895034880004
Fugue-asplos-EPIC-shared-readers-B4,F4,prefill_attention,18,attention_service,PIM,0,0.05019861873009462,0.0515825431565449,0.0013839244264502789,0.07260185598566402
Fugue-asplos-EPIC-shared-readers-B4,F4,prefill_common,18,proj,GPU,0,0.0515825431565449,0.051696273322698744,0.00011373016615384616,0.01268428832768
Fugue-asplos-EPIC-shared-readers-B4,F4,prefill_common,18,comm_g2g,GPU,0,0.051696273322698744,0.051696273322698744,0.0,6.40679936e-05
Fugue-asplos-EPIC-shared-readers-B4,F4,prefill_common,18,norm1,GPU,0,0.051696273322698744,0.0517168608364744,2.058751377565632e-05,0.00060250095616
Fugue-asplos-EPIC-shared-readers-B4,F4,prefill_common,18,ff1,GPU,0,0.0517168608364744,0.05199414581300187,0.00027728497652747253,0.033432590964053335
Fugue-asplos-EPIC-shared-readers-B4,F4,prefill_common,18,ff2,GPU,0,0.05199414581300187,0.052271430789529345,0.00027728497652747253,0.033432590964053335
Fugue-asplos-EPIC-shared-readers-B4,F4,prefill_common,18,glu,GPU,0,0.052271430789529345,0.05230341739876011,3.1986609230769235e-05,0.0016119260774399998
Fugue-asplos-EPIC-shared-readers-B4,F4,prefill_common,18,ff3,GPU,0,0.05230341739876011,0.05260669784183704,0.0003032804430769231,0.03349210813781334
Fugue-asplos-EPIC-shared-readers-B4,F4,prefill_common,18,comm_g2g,GPU,0,0.05260669784183704,0.05260669784183704,0.0,6.40679936e-05
Fugue-asplos-EPIC-shared-readers-B4,F4,prefill_common,18,norm2,GPU,0,0.05260669784183704,0.052627285355612695,2.058751377565632e-05,0.00060250095616
Fugue-asplos-EPIC-shared-readers-B4,F4,prefill_common,19,qkv,GPU,0,0.052627285355612695,0.052968475854074236,0.0003411904984615385,0.037225895034880004
Fugue-asplos-EPIC-shared-readers-B4,F4,prefill_attention,19,attention_service,PIM,0,0.052968475854074236,0.054352400280524515,0.0013839244264502789,0.07260185598566402
Fugue-asplos-EPIC-shared-readers-B4,F4,prefill_common,19,proj,GPU,0,0.054352400280524515,0.05446613044667836,0.00011373016615384616,0.01268428832768
Fugue-asplos-EPIC-shared-readers-B4,F4,prefill_common,19,comm_g2g,GPU,0,0.05446613044667836,0.05446613044667836,0.0,6.40679936e-05
Fugue-asplos-EPIC-shared-readers-B4,F4,prefill_common,19,norm1,GPU,0,0.05446613044667836,0.05448671796045402,2.058751377565632e-05,0.00060250095616
Fugue-asplos-EPIC-shared-readers-B4,F4,prefill_common,19,ff1,GPU,0,0.05448671796045402,0.05476400293698149,0.00027728497652747253,0.033432590964053335
Fugue-asplos-EPIC-shared-readers-B4,F4,prefill_common,19,ff2,GPU,0,0.05476400293698149,0.055041287913508964,0.00027728497652747253,0.033432590964053335
Fugue-asplos-EPIC-shared-readers-B4,F4,prefill_common,19,glu,GPU,0,0.055041287913508964,0.05507327452273973,3.1986609230769235e-05,0.0016119260774399998
Fugue-asplos-EPIC-shared-readers-B4,F4,prefill_common,19,ff3,GPU,0,0.05507327452273973,0.05537655496581666,0.0003032804430769231,0.03349210813781334
Fugue-asplos-EPIC-shared-readers-B4,F4,prefill_common,19,comm_g2g,GPU,0,0.05537655496581666,0.05537655496581666,0.0,6.40679936e-05
Fugue-asplos-EPIC-shared-readers-B4,F4,prefill_common,19,norm2,GPU,0,0.05537655496581666,0.055397142479592314,2.058751377565632e-05,0.00060250095616
Fugue-asplos-EPIC-shared-readers-B4,F4,prefill_common,20,qkv,GPU,0,0.055397142479592314,0.055738332978053855,0.0003411904984615385,0.037225895034880004
Fugue-asplos-EPIC-shared-readers-B4,F4,prefill_attention,20,attention_service,PIM,0,0.055738332978053855,0.057122257404504134,0.0013839244264502789,0.07260185598566402
Fugue-asplos-EPIC-shared-readers-B4,F4,prefill_common,20,proj,GPU,0,0.057122257404504134,0.05723598757065798,0.00011373016615384616,0.01268428832768
Fugue-asplos-EPIC-shared-readers-B4,F4,prefill_common,20,comm_g2g,GPU,0,0.05723598757065798,0.05723598757065798,0.0,6.40679936e-05
Fugue-asplos-EPIC-shared-readers-B4,F4,prefill_common,20,norm1,GPU,0,0.05723598757065798,0.05725657508443364,2.058751377565632e-05,0.00060250095616
Fugue-asplos-EPIC-shared-readers-B4,F4,prefill_common,20,ff1,GPU,0,0.05725657508443364,0.05753386006096111,0.00027728497652747253,0.033432590964053335
Fugue-asplos-EPIC-shared-readers-B4,F4,prefill_common,20,ff2,GPU,0,0.05753386006096111,0.05781114503748858,0.00027728497652747253,0.033432590964053335
Fugue-asplos-EPIC-shared-readers-B4,F4,prefill_common,20,glu,GPU,0,0.05781114503748858,0.05784313164671935,3.1986609230769235e-05,0.0016119260774399998
Fugue-asplos-EPIC-shared-readers-B4,F4,prefill_common,20,ff3,GPU,0,0.05784313164671935,0.058146412089796276,0.0003032804430769231,0.03349210813781334
Fugue-asplos-EPIC-shared-readers-B4,F4,prefill_common,20,comm_g2g,GPU,0,0.058146412089796276,0.058146412089796276,0.0,6.40679936e-05
Fugue-asplos-EPIC-shared-readers-B4,F4,prefill_common,20,norm2,GPU,0,0.058146412089796276,0.05816699960357193,2.058751377565632e-05,0.00060250095616
Fugue-asplos-EPIC-shared-readers-B4,F4,prefill_common,21,qkv,GPU,0,0.05816699960357193,0.058508190102033474,0.0003411904984615385,0.037225895034880004
Fugue-asplos-EPIC-shared-readers-B4,F4,prefill_attention,21,attention_service,PIM,0,0.058508190102033474,0.05989211452848375,0.0013839244264502789,0.07260185598566402
Fugue-asplos-EPIC-shared-readers-B4,F4,prefill_common,21,proj,GPU,0,0.05989211452848375,0.0600058446946376,0.00011373016615384616,0.01268428832768
Fugue-asplos-EPIC-shared-readers-B4,F4,prefill_common,21,comm_g2g,GPU,0,0.0600058446946376,0.0600058446946376,0.0,6.40679936e-05
Fugue-asplos-EPIC-shared-readers-B4,F4,prefill_common,21,norm1,GPU,0,0.0600058446946376,0.060026432208413256,2.058751377565632e-05,0.00060250095616
Fugue-asplos-EPIC-shared-readers-B4,F4,prefill_common,21,ff1,GPU,0,0.060026432208413256,0.06030371718494073,0.00027728497652747253,0.033432590964053335
Fugue-asplos-EPIC-shared-readers-B4,F4,prefill_common,21,ff2,GPU,0,0.06030371718494073,0.0605810021614682,0.00027728497652747253,0.033432590964053335
Fugue-asplos-EPIC-shared-readers-B4,F4,prefill_common,21,glu,GPU,0,0.0605810021614682,0.06061298877069897,3.1986609230769235e-05,0.0016119260774399998
Fugue-asplos-EPIC-shared-readers-B4,F4,prefill_common,21,ff3,GPU,0,0.06061298877069897,0.060916269213775895,0.0003032804430769231,0.03349210813781334
Fugue-asplos-EPIC-shared-readers-B4,F4,prefill_common,21,comm_g2g,GPU,0,0.060916269213775895,0.060916269213775895,0.0,6.40679936e-05
Fugue-asplos-EPIC-shared-readers-B4,F4,prefill_common,21,norm2,GPU,0,0.060916269213775895,0.06093685672755155,2.058751377565632e-05,0.00060250095616
Fugue-asplos-EPIC-shared-readers-B4,F4,prefill_common,22,qkv,GPU,0,0.06093685672755155,0.06127804722601309,0.0003411904984615385,0.037225895034880004
Fugue-asplos-EPIC-shared-readers-B4,F4,prefill_attention,22,attention_service,PIM,0,0.06127804722601309,0.06266197165246337,0.0013839244264502789,0.07260185598566402
Fugue-asplos-EPIC-shared-readers-B4,F4,prefill_common,22,proj,GPU,0,0.06266197165246337,0.06277570181861722,0.00011373016615384616,0.01268428832768
Fugue-asplos-EPIC-shared-readers-B4,F4,prefill_common,22,comm_g2g,GPU,0,0.06277570181861722,0.06277570181861722,0.0,6.40679936e-05
Fugue-asplos-EPIC-shared-readers-B4,F4,prefill_common,22,norm1,GPU,0,0.06277570181861722,0.06279628933239287,2.058751377565632e-05,0.00060250095616
Fugue-asplos-EPIC-shared-readers-B4,F4,prefill_common,22,ff1,GPU,0,0.06279628933239287,0.06307357430892034,0.00027728497652747253,0.033432590964053335
Fugue-asplos-EPIC-shared-readers-B4,F4,prefill_common,22,ff2,GPU,0,0.06307357430892034,0.06335085928544781,0.00027728497652747253,0.033432590964053335
Fugue-asplos-EPIC-shared-readers-B4,F4,prefill_common,22,glu,GPU,0,0.06335085928544781,0.06338284589467859,3.1986609230769235e-05,0.0016119260774399998
Fugue-asplos-EPIC-shared-readers-B4,F4,prefill_common,22,ff3,GPU,0,0.06338284589467859,0.06368612633775551,0.0003032804430769231,0.03349210813781334
Fugue-asplos-EPIC-shared-readers-B4,F4,prefill_common,22,comm_g2g,GPU,0,0.06368612633775551,0.06368612633775551,0.0,6.40679936e-05
Fugue-asplos-EPIC-shared-readers-B4,F4,prefill_common,22,norm2,GPU,0,0.06368612633775551,0.06370671385153116,2.058751377565632e-05,0.00060250095616
Fugue-asplos-EPIC-shared-readers-B4,F4,prefill_common,23,qkv,GPU,0,0.06370671385153116,0.0640479043499927,0.0003411904984615385,0.037225895034880004
Fugue-asplos-EPIC-shared-readers-B4,F4,prefill_attention,23,attention_service,PIM,0,0.0640479043499927,0.06543182877644298,0.0013839244264502789,0.07260185598566402
Fugue-asplos-EPIC-shared-readers-B4,F4,prefill_common,23,proj,GPU,0,0.06543182877644298,0.06554555894259682,0.00011373016615384616,0.01268428832768
Fugue-asplos-EPIC-shared-readers-B4,F4,prefill_common,23,comm_g2g,GPU,0,0.06554555894259682,0.06554555894259682,0.0,6.40679936e-05
Fugue-asplos-EPIC-shared-readers-B4,F4,prefill_common,23,norm1,GPU,0,0.06554555894259682,0.06556614645637247,2.058751377565632e-05,0.00060250095616
Fugue-asplos-EPIC-shared-readers-B4,F4,prefill_common,23,ff1,GPU,0,0.06556614645637247,0.06584343143289995,0.00027728497652747253,0.033432590964053335
Fugue-asplos-EPIC-shared-readers-B4,F4,prefill_common,23,ff2,GPU,0,0.06584343143289995,0.06612071640942742,0.00027728497652747253,0.033432590964053335
Fugue-asplos-EPIC-shared-readers-B4,F4,prefill_common,23,glu,GPU,0,0.06612071640942742,0.0661527030186582,3.1986609230769235e-05,0.0016119260774399998
Fugue-asplos-EPIC-shared-readers-B4,F4,prefill_common,23,ff3,GPU,0,0.0661527030186582,0.06645598346173512,0.0003032804430769231,0.03349210813781334
Fugue-asplos-EPIC-shared-readers-B4,F4,prefill_common,23,comm_g2g,GPU,0,0.06645598346173512,0.06645598346173512,0.0,6.40679936e-05
Fugue-asplos-EPIC-shared-readers-B4,F4,prefill_common,23,norm2,GPU,0,0.06645598346173512,0.06647657097551077,2.058751377565632e-05,0.00060250095616
Fugue-asplos-EPIC-shared-readers-B4,F4,prefill_common,24,qkv,GPU,0,0.06647657097551077,0.06681776147397231,0.0003411904984615385,0.037225895034880004
Fugue-asplos-EPIC-shared-readers-B4,F4,prefill_attention,24,attention_service,PIM,0,0.06681776147397231,0.06820168590042258,0.0013839244264502789,0.07260185598566402
Fugue-asplos-EPIC-shared-readers-B4,F4,prefill_common,24,proj,GPU,0,0.06820168590042258,0.06831541606657643,0.00011373016615384616,0.01268428832768
Fugue-asplos-EPIC-shared-readers-B4,F4,prefill_common,24,comm_g2g,GPU,0,0.06831541606657643,0.06831541606657643,0.0,6.40679936e-05
Fugue-asplos-EPIC-shared-readers-B4,F4,prefill_common,24,norm1,GPU,0,0.06831541606657643,0.06833600358035208,2.058751377565632e-05,0.00060250095616
Fugue-asplos-EPIC-shared-readers-B4,F4,prefill_common,24,ff1,GPU,0,0.06833600358035208,0.06861328855687955,0.00027728497652747253,0.033432590964053335
Fugue-asplos-EPIC-shared-readers-B4,F4,prefill_common,24,ff2,GPU,0,0.06861328855687955,0.06889057353340702,0.00027728497652747253,0.033432590964053335
Fugue-asplos-EPIC-shared-readers-B4,F4,prefill_common,24,glu,GPU,0,0.06889057353340702,0.0689225601426378,3.1986609230769235e-05,0.0016119260774399998
Fugue-asplos-EPIC-shared-readers-B4,F4,prefill_common,24,ff3,GPU,0,0.0689225601426378,0.06922584058571472,0.0003032804430769231,0.03349210813781334
Fugue-asplos-EPIC-shared-readers-B4,F4,prefill_common,24,comm_g2g,GPU,0,0.06922584058571472,0.06922584058571472,0.0,6.40679936e-05
Fugue-asplos-EPIC-shared-readers-B4,F4,prefill_common,24,norm2,GPU,0,0.06922584058571472,0.06924642809949037,2.058751377565632e-05,0.00060250095616
Fugue-asplos-EPIC-shared-readers-B4,F4,prefill_common,25,qkv,GPU,0,0.06924642809949037,0.06958761859795191,0.0003411904984615385,0.037225895034880004
Fugue-asplos-EPIC-shared-readers-B4,F4,prefill_attention,25,attention_service,PIM,0,0.06958761859795191,0.07097154302440219,0.0013839244264502789,0.07260185598566402
Fugue-asplos-EPIC-shared-readers-B4,F4,prefill_common,25,proj,GPU,0,0.07097154302440219,0.07108527319055603,0.00011373016615384616,0.01268428832768
Fugue-asplos-EPIC-shared-readers-B4,F4,prefill_common,25,comm_g2g,GPU,0,0.07108527319055603,0.07108527319055603,0.0,6.40679936e-05
Fugue-asplos-EPIC-shared-readers-B4,F4,prefill_common,25,norm1,GPU,0,0.07108527319055603,0.07110586070433168,2.058751377565632e-05,0.00060250095616
Fugue-asplos-EPIC-shared-readers-B4,F4,prefill_common,25,ff1,GPU,0,0.07110586070433168,0.07138314568085916,0.00027728497652747253,0.033432590964053335
Fugue-asplos-EPIC-shared-readers-B4,F4,prefill_common,25,ff2,GPU,0,0.07138314568085916,0.07166043065738663,0.00027728497652747253,0.033432590964053335
Fugue-asplos-EPIC-shared-readers-B4,F4,prefill_common,25,glu,GPU,0,0.07166043065738663,0.0716924172666174,3.1986609230769235e-05,0.0016119260774399998
Fugue-asplos-EPIC-shared-readers-B4,F4,prefill_common,25,ff3,GPU,0,0.0716924172666174,0.07199569770969433,0.0003032804430769231,0.03349210813781334
Fugue-asplos-EPIC-shared-readers-B4,F4,prefill_common,25,comm_g2g,GPU,0,0.07199569770969433,0.07199569770969433,0.0,6.40679936e-05
Fugue-asplos-EPIC-shared-readers-B4,F4,prefill_common,25,norm2,GPU,0,0.07199569770969433,0.07201628522346998,2.058751377565632e-05,0.00060250095616
Fugue-asplos-EPIC-shared-readers-B4,F4,prefill_common,26,qkv,GPU,0,0.07201628522346998,0.07235747572193152,0.0003411904984615385,0.037225895034880004
Fugue-asplos-EPIC-shared-readers-B4,F4,prefill_attention,26,attention_service,PIM,0,0.07235747572193152,0.07374140014838179,0.0013839244264502789,0.07260185598566402
Fugue-asplos-EPIC-shared-readers-B4,F4,prefill_common,26,proj,GPU,0,0.07374140014838179,0.07385513031453564,0.00011373016615384616,0.01268428832768
Fugue-asplos-EPIC-shared-readers-B4,F4,prefill_common,26,comm_g2g,GPU,0,0.07385513031453564,0.07385513031453564,0.0,6.40679936e-05
Fugue-asplos-EPIC-shared-readers-B4,F4,prefill_common,26,norm1,GPU,0,0.07385513031453564,0.07387571782831129,2.058751377565632e-05,0.00060250095616
Fugue-asplos-EPIC-shared-readers-B4,F4,prefill_common,26,ff1,GPU,0,0.07387571782831129,0.07415300280483876,0.00027728497652747253,0.033432590964053335
Fugue-asplos-EPIC-shared-readers-B4,F4,prefill_common,26,ff2,GPU,0,0.07415300280483876,0.07443028778136623,0.00027728497652747253,0.033432590964053335
Fugue-asplos-EPIC-shared-readers-B4,F4,prefill_common,26,glu,GPU,0,0.07443028778136623,0.07446227439059701,3.1986609230769235e-05,0.0016119260774399998
Fugue-asplos-EPIC-shared-readers-B4,F4,prefill_common,26,ff3,GPU,0,0.07446227439059701,0.07476555483367393,0.0003032804430769231,0.03349210813781334
Fugue-asplos-EPIC-shared-readers-B4,F4,prefill_common,26,comm_g2g,GPU,0,0.07476555483367393,0.07476555483367393,0.0,6.40679936e-05
Fugue-asplos-EPIC-shared-readers-B4,F4,prefill_common,26,norm2,GPU,0,0.07476555483367393,0.07478614234744958,2.058751377565632e-05,0.00060250095616
Fugue-asplos-EPIC-shared-readers-B4,F4,prefill_common,27,qkv,GPU,0,0.07478614234744958,0.07512733284591112,0.0003411904984615385,0.037225895034880004
Fugue-asplos-EPIC-shared-readers-B4,F4,prefill_attention,27,attention_service,PIM,0,0.07512733284591112,0.0765112572723614,0.0013839244264502789,0.07260185598566402
Fugue-asplos-EPIC-shared-readers-B4,F4,prefill_common,27,proj,GPU,0,0.0765112572723614,0.07662498743851524,0.00011373016615384616,0.01268428832768
Fugue-asplos-EPIC-shared-readers-B4,F4,prefill_common,27,comm_g2g,GPU,0,0.07662498743851524,0.07662498743851524,0.0,6.40679936e-05
Fugue-asplos-EPIC-shared-readers-B4,F4,prefill_common,27,norm1,GPU,0,0.07662498743851524,0.07664557495229089,2.058751377565632e-05,0.00060250095616
Fugue-asplos-EPIC-shared-readers-B4,F4,prefill_common,27,ff1,GPU,0,0.07664557495229089,0.07692285992881837,0.00027728497652747253,0.033432590964053335
Fugue-asplos-EPIC-shared-readers-B4,F4,prefill_common,27,ff2,GPU,0,0.07692285992881837,0.07720014490534584,0.00027728497652747253,0.033432590964053335
Fugue-asplos-EPIC-shared-readers-B4,F4,prefill_common,27,glu,GPU,0,0.07720014490534584,0.07723213151457661,3.1986609230769235e-05,0.0016119260774399998
Fugue-asplos-EPIC-shared-readers-B4,F4,prefill_common,27,ff3,GPU,0,0.07723213151457661,0.07753541195765354,0.0003032804430769231,0.03349210813781334
Fugue-asplos-EPIC-shared-readers-B4,F4,prefill_common,27,comm_g2g,GPU,0,0.07753541195765354,0.07753541195765354,0.0,6.40679936e-05
Fugue-asplos-EPIC-shared-readers-B4,F4,prefill_common,27,norm2,GPU,0,0.07753541195765354,0.07755599947142919,2.058751377565632e-05,0.00060250095616
Fugue-asplos-EPIC-shared-readers-B4,F4,prefill_common,28,qkv,GPU,0,0.07755599947142919,0.07789718996989073,0.0003411904984615385,0.037225895034880004
Fugue-asplos-EPIC-shared-readers-B4,F4,prefill_attention,28,attention_service,PIM,0,0.07789718996989073,0.079281114396341,0.0013839244264502789,0.07260185598566402
Fugue-asplos-EPIC-shared-readers-B4,F4,prefill_common,28,proj,GPU,0,0.079281114396341,0.07939484456249485,0.00011373016615384616,0.01268428832768
Fugue-asplos-EPIC-shared-readers-B4,F4,prefill_common,28,comm_g2g,GPU,0,0.07939484456249485,0.07939484456249485,0.0,6.40679936e-05
Fugue-asplos-EPIC-shared-readers-B4,F4,prefill_common,28,norm1,GPU,0,0.07939484456249485,0.0794154320762705,2.058751377565632e-05,0.00060250095616
Fugue-asplos-EPIC-shared-readers-B4,F4,prefill_common,28,ff1,GPU,0,0.0794154320762705,0.07969271705279797,0.00027728497652747253,0.033432590964053335
Fugue-asplos-EPIC-shared-readers-B4,F4,prefill_common,28,ff2,GPU,0,0.07969271705279797,0.07997000202932544,0.00027728497652747253,0.033432590964053335
Fugue-asplos-EPIC-shared-readers-B4,F4,prefill_common,28,glu,GPU,0,0.07997000202932544,0.08000198863855622,3.1986609230769235e-05,0.0016119260774399998
Fugue-asplos-EPIC-shared-readers-B4,F4,prefill_common,28,ff3,GPU,0,0.08000198863855622,0.08030526908163314,0.0003032804430769231,0.03349210813781334
Fugue-asplos-EPIC-shared-readers-B4,F4,prefill_common,28,comm_g2g,GPU,0,0.08030526908163314,0.08030526908163314,0.0,6.40679936e-05
Fugue-asplos-EPIC-shared-readers-B4,F4,prefill_common,28,norm2,GPU,0,0.08030526908163314,0.08032585659540879,2.058751377565632e-05,0.00060250095616
Fugue-asplos-EPIC-shared-readers-B4,F4,prefill_common,29,qkv,GPU,0,0.08032585659540879,0.08066704709387033,0.0003411904984615385,0.037225895034880004
Fugue-asplos-EPIC-shared-readers-B4,F4,prefill_attention,29,attention_service,PIM,0,0.08066704709387033,0.0820509715203206,0.0013839244264502789,0.07260185598566402
Fugue-asplos-EPIC-shared-readers-B4,F4,prefill_common,29,proj,GPU,0,0.0820509715203206,0.08216470168647445,0.00011373016615384616,0.01268428832768
Fugue-asplos-EPIC-shared-readers-B4,F4,prefill_common,29,comm_g2g,GPU,0,0.08216470168647445,0.08216470168647445,0.0,6.40679936e-05
Fugue-asplos-EPIC-shared-readers-B4,F4,prefill_common,29,norm1,GPU,0,0.08216470168647445,0.0821852892002501,2.058751377565632e-05,0.00060250095616
Fugue-asplos-EPIC-shared-readers-B4,F4,prefill_common,29,ff1,GPU,0,0.0821852892002501,0.08246257417677758,0.00027728497652747253,0.033432590964053335
Fugue-asplos-EPIC-shared-readers-B4,F4,prefill_common,29,ff2,GPU,0,0.08246257417677758,0.08273985915330505,0.00027728497652747253,0.033432590964053335
Fugue-asplos-EPIC-shared-readers-B4,F4,prefill_common,29,glu,GPU,0,0.08273985915330505,0.08277184576253582,3.1986609230769235e-05,0.0016119260774399998
Fugue-asplos-EPIC-shared-readers-B4,F4,prefill_common,29,ff3,GPU,0,0.08277184576253582,0.08307512620561275,0.0003032804430769231,0.03349210813781334
Fugue-asplos-EPIC-shared-readers-B4,F4,prefill_common,29,comm_g2g,GPU,0,0.08307512620561275,0.08307512620561275,0.0,6.40679936e-05
Fugue-asplos-EPIC-shared-readers-B4,F4,prefill_common,29,norm2,GPU,0,0.08307512620561275,0.0830957137193884,2.058751377565632e-05,0.00060250095616
Fugue-asplos-EPIC-shared-readers-B4,F4,prefill_common,30,qkv,GPU,0,0.0830957137193884,0.08343690421784994,0.0003411904984615385,0.037225895034880004
Fugue-asplos-EPIC-shared-readers-B4,F4,prefill_attention,30,attention_service,PIM,0,0.08343690421784994,0.08482082864430021,0.0013839244264502789,0.07260185598566402
Fugue-asplos-EPIC-shared-readers-B4,F4,prefill_common,30,proj,GPU,0,0.08482082864430021,0.08493455881045406,0.00011373016615384616,0.01268428832768
Fugue-asplos-EPIC-shared-readers-B4,F4,prefill_common,30,comm_g2g,GPU,0,0.08493455881045406,0.08493455881045406,0.0,6.40679936e-05
Fugue-asplos-EPIC-shared-readers-B4,F4,prefill_common,30,norm1,GPU,0,0.08493455881045406,0.08495514632422971,2.058751377565632e-05,0.00060250095616
Fugue-asplos-EPIC-shared-readers-B4,F4,prefill_common,30,ff1,GPU,0,0.08495514632422971,0.08523243130075718,0.00027728497652747253,0.033432590964053335
Fugue-asplos-EPIC-shared-readers-B4,F4,prefill_common,30,ff2,GPU,0,0.08523243130075718,0.08550971627728465,0.00027728497652747253,0.033432590964053335
Fugue-asplos-EPIC-shared-readers-B4,F4,prefill_common,30,glu,GPU,0,0.08550971627728465,0.08554170288651543,3.1986609230769235e-05,0.0016119260774399998
Fugue-asplos-EPIC-shared-readers-B4,F4,prefill_common,30,ff3,GPU,0,0.08554170288651543,0.08584498332959235,0.0003032804430769231,0.03349210813781334
Fugue-asplos-EPIC-shared-readers-B4,F4,prefill_common,30,comm_g2g,GPU,0,0.08584498332959235,0.08584498332959235,0.0,6.40679936e-05
Fugue-asplos-EPIC-shared-readers-B4,F4,prefill_common,30,norm2,GPU,0,0.08584498332959235,0.085865570843368,2.058751377565632e-05,0.00060250095616
Fugue-asplos-EPIC-shared-readers-B4,F4,prefill_common,31,qkv,GPU,0,0.085865570843368,0.08620676134182954,0.0003411904984615385,0.037225895034880004
Fugue-asplos-EPIC-shared-readers-B4,F4,prefill_attention,31,attention_service,PIM,0,0.08620676134182954,0.08759068576827982,0.0013839244264502789,0.07260185598566402
Fugue-asplos-EPIC-shared-readers-B4,F4,prefill_common,31,proj,GPU,0,0.08759068576827982,0.08770441593443366,0.00011373016615384616,0.01268428832768
Fugue-asplos-EPIC-shared-readers-B4,F4,prefill_common,31,comm_g2g,GPU,0,0.08770441593443366,0.08770441593443366,0.0,6.40679936e-05
Fugue-asplos-EPIC-shared-readers-B4,F4,prefill_common,31,norm1,GPU,0,0.08770441593443366,0.08772500344820931,2.058751377565632e-05,0.00060250095616
Fugue-asplos-EPIC-shared-readers-B4,F4,prefill_common,31,ff1,GPU,0,0.08772500344820931,0.08800228842473679,0.00027728497652747253,0.033432590964053335
Fugue-asplos-EPIC-shared-readers-B4,F4,prefill_common,31,ff2,GPU,0,0.08800228842473679,0.08827957340126426,0.00027728497652747253,0.033432590964053335
Fugue-asplos-EPIC-shared-readers-B4,F4,prefill_common,31,glu,GPU,0,0.08827957340126426,0.08831156001049503,3.1986609230769235e-05,0.0016119260774399998
Fugue-asplos-EPIC-shared-readers-B4,F4,prefill_common,31,ff3,GPU,0,0.08831156001049503,0.08861484045357196,0.0003032804430769231,0.03349210813781334
Fugue-asplos-EPIC-shared-readers-B4,F4,prefill_common,31,comm_g2g,GPU,0,0.08861484045357196,0.08861484045357196,0.0,6.40679936e-05
Fugue-asplos-EPIC-shared-readers-B4,F4,prefill_common,31,norm2,GPU,0,0.08861484045357196,0.08863542796734761,2.058751377565632e-05,0.00060250095616
Fugue-asplos-EPIC-shared-readers-B4,F4,decode,all,native_transformer,GPU+PIM,1,0.08863542796734761,0.09510623596706112,0.006470807999713518,0.5302807213244414
Fugue-asplos-EPIC-shared-readers-B4,F4,decode,all,native_transformer,GPU+PIM,2,0.09510623596706112,0.10157704396677464,0.006470807999713518,0.530280892429107
Fugue-asplos-EPIC-shared-readers-B4,F4,decode,all,native_transformer,GPU+PIM,3,0.10157704396677464,0.10804785196648815,0.006470807999713518,0.5302810635337727
Fugue-asplos-EPIC-shared-readers-B4,F4,decode,all,native_transformer,GPU+PIM,4,0.10804785196648815,0.11451865996620167,0.006470807999713518,0.5302812346384383
Fugue-asplos-EPIC-shared-readers-B4,F4,decode,all,native_transformer,GPU+PIM,5,0.11451865996620167,0.12098946796591518,0.006470807999713518,0.5302814057431039
Fugue-asplos-EPIC-shared-readers-B4,F4,decode,all,native_transformer,GPU+PIM,6,0.12098946796591518,0.1274602759656287,0.006470807999713518,0.5302815768477696
Fugue-asplos-EPIC-shared-readers-B4,F4,decode,all,native_transformer,GPU+PIM,7,0.1274602759656287,0.13393108396534223,0.006470807999713518,0.5302817479524351
Fugue-asplos-EPIC-shared-readers-B4,F4,decode,all,native_transformer,GPU+PIM,8,0.13393108396534223,0.14040189196505576,0.006470807999713518,0.5302819190571006
Fugue-asplos-EPIC-shared-readers-B4,F4,decode,all,native_transformer,GPU+PIM,9,0.14040189196505576,0.1468726999647693,0.006470807999713518,0.5302820901617662
Fugue-asplos-EPIC-shared-readers-B4,F4,decode,all,native_transformer,GPU+PIM,10,0.1468726999647693,0.15334350796448282,0.006470807999713518,0.5302822612664319
Fugue-asplos-EPIC-shared-readers-B4,F4,decode,all,native_transformer,GPU+PIM,11,0.15334350796448282,0.15981431596419635,0.006470807999713518,0.5302824323710975
Fugue-asplos-EPIC-shared-readers-B4,F4,decode,all,native_transformer,GPU+PIM,12,0.15981431596419635,0.16628512396390988,0.006470807999713518,0.5302826034757631
Fugue-asplos-EPIC-shared-readers-B4,F4,decode,all,native_transformer,GPU+PIM,13,0.16628512396390988,0.1727559319636234,0.006470807999713518,0.5302827745804287
Fugue-asplos-EPIC-shared-readers-B4,F4,decode,all,native_transformer,GPU+PIM,14,0.1727559319636234,0.17922792114733693,0.006471989183713518,0.5304501935570942
Fugue-asplos-EPIC-shared-readers-B4,F4,decode,all,native_transformer,GPU+PIM,15,0.17922792114733693,0.18569991033105046,0.006471989183713518,0.5304503646617599
