{
  "kind": "rag",
  "requests": 12,
  "reuse": {
    "cacheblend_full_recompute_layers": [],
    "cacheblend_partial_recompute_layers": [],
    "cacheblend_partial_rows": {},
    "cacheblend_recompute_ratio": 0.0,
    "cachecraft_alpha": 0.05,
    "epic_prefix_recompute_tokens": 2,
    "fresh_tokens": 28892,
    "policy": "recompute",
    "random_seed": 0,
    "recompute_canonical": false,
    "reusable_segments": [
      {
        "cache_owner": "q0",
        "epic_prefix_rows": [],
        "fingerprint": "b4818fcedac6bc88",
        "length": 300,
        "owner_tier": 0,
        "request": "q1",
        "segment_index": 0
      },
      {
        "cache_owner": "q0",
        "epic_prefix_rows": [
          197,
          215
        ],
        "fingerprint": "4ebb840d65054fc6",
        "length": 256,
        "owner_tier": 0,
        "request": "q1",
        "segment_index": 1
      },
      {
        "cache_owner": "q0",
        "epic_prefix_rows": [
          20,
          132
        ],
        "fingerprint": "760fd9ddb6470dd1",
        "length": 256,
        "owner_tier": 0,
        "request": "q1",
        "segment_index": 2
      },
      {
        "cache_owner": "q0",
        "epic_prefix_rows": [
          207,
          248
        ],
        "fingerprint": "7505c29ddf4c54c5",
        "length": 256,
        "owner_tier": 0,
        "request": "q1",
        "segment_index": 3
      },
      {
        "cache_owner": "q0",
        "epic_prefix_rows": [
          155,
          244
        ],
        "fingerprint": "914756b1ef8c4266",
        "length": 256,
        "owner_tier": 0,
        "request": "q1",
        "segment_index": 4
      },
      {
        "cache_owner": "q0",
        "epic_prefix_rows": [
          111,
          183
        ],
        "fingerprint": "f80c33b8ee010c22",
        "length": 256,
        "owner_tier": 0,
        "request": "q1",
        "segment_index": 5
      },
      {
        "cache_owner": "q0",
        "epic_prefix_rows": [
          71,
          144
        ],
        "fingerprint": "a5918e4687c97f7e",
        "length": 256,
        "owner_tier": 0,
        "request": "q1",
        "segment_index": 6
      },
      {
        "cache_owner": "q0",
        "epic_prefix_rows": [
          48,
          71
        ],
        "fingerprint": "2b4e7732607841e2",
        "length": 256,
        "owner_tier": 0,
        "request": "q1",
        "segment_index": 7
      },
      {
        "cache_owner": "q0",
        "epic_prefix_rows": [
          75,
          128
        ],
        "fingerprint": "9e4aeb4914ddd394",
        "length": 256,
        "owner_tier": 0,
        "request": "q1",
        "segment_index": 8
      },
      {
        "cache_owner": "q0",
        "epic_prefix_rows": [
          50,
          158
        ],
        "fingerprint": "6334e6823b55d024",
        "length": 256,
        "owner_tier": 0,
        "request": "q1",
        "segment_index": 9
      },
      {
        "cache_owner": "q0",
        "epic_prefix_rows": [
          37,
          169
        ],
        "fingerprint": "307e02ba0c9c8db6",
        "length": 256,
        "owner_tier": 0,
        "request": "q1",
        "segment_index": 10
      },
      {
        "cache_owner": "q0",
        "epic_prefix_rows": [
          51,
          241
        ],
        "fingerprint": "d8e088676ac0e994",
        "length": 256,
        "owner_tier": 0,
        "request": "q1",
        "segment_index": 11
      },
      {
        "cache_owner": "q0",
        "epic_prefix_rows": [
          181,
          222
        ],
        "fingerprint": "eba00dddf332f864",
        "length": 256,
        "owner_tier": 0,
        "request": "q1",
        "segment_index": 12
      },
      {
        "cache_owner": "q0",
        "epic_prefix_rows": [
          104,
          161
        ],
        "fingerprint": "16ff367edf27a427",
        "length": 256,
        "owner_tier": 0,
        "request": "q1",
        "segment_index": 13
      },
      {
        "cache_owner": "q0",
        "epic_prefix_rows": [
          226,
          244
        ],
        "fingerprint": "544559610dd737d8",
        "length": 256,
        "owner_tier": 0,
        "request": "q1",
        "segment_index": 14
      },
      {
        "cache_owner": "q0",
        "epic_prefix_rows": [
          31,
          133
        ],
        "fingerprint": "719d4f68cfcda7af",
        "length": 256,
        "owner_tier": 0,
        "request": "q1",
        "segment_index": 15
      },
      {
        "cache_owner": "q0",
        "epic_prefix_rows": [
          7,
          47
        ],
        "fingerprint": "de2eea82f07af94b",
        "length": 256,
        "owner_tier": 0,
        "request": "q1",
        "segment_index": 16
      },
      {
        "cache_owner": "q0",
        "epic_prefix_rows": [
          0,
          204
        ],
        "fingerprint": "3df9fb747ee9b3ed",
        "length": 256,
        "owner_tier": 0,
        "request": "q1",
        "segment_index": 17
      },
      {
        "cache_owner": "q0",
        "epic_prefix_rows": [
          170,
          252
        ],
        "fingerprint": "d84e94f761d8f171",
        "length": 256,
        "owner_tier": 0,
        "request": "q1",
        "segment_index": 18
      },
      {
        "cache_owner": "q0",
        "epic_prefix_rows": [
          124,
          166
        ],
        "fingerprint": "e69c516fc2d68c1b",
        "length": 256,
        "owner_tier": 0,
        "request": "q1",
        "segment_index": 19
      },
      {
        "cache_owner": "q0",
        "epic_prefix_rows": [
          32,
          97
        ],
        "fingerprint": "d679790103e8c53b",
        "length": 256,
        "owner_tier": 0,
        "request": "q1",
        "segment_index": 20
      },
      {
        "cache_owner": "q0",
        "epic_prefix_rows": [
          113,
          122
        ],
        "fingerprint": "ef9219752ae977de",
        "length": 256,
        "owner_tier": 0,
        "request": "q1",
        "segment_index": 21
      },
      {
        "cache_owner": "q0",
        "epic_prefix_rows": [
          72,
          229
        ],
        "fingerprint": "804751a4de0897b1",
        "length": 256,
        "owner_tier": 0,
        "request": "q1",
        "segment_index": 22
      },
      {
        "cache_owner": "q0",
        "epic_prefix_rows": [
          41,
          46
        ],
        "fingerprint": "408f7199c5ad6444",
        "length": 256,
        "owner_tier": 0,
        "request": "q1",
        "segment_index": 23
      },
      {
        "cache_owner": "q0",
        "epic_prefix_rows": [
          163,
          250
        ],
        "fingerprint": "0b61bf84de13cf6f",
        "length": 256,
        "owner_tier": 0,
        "request": "q1",
        "segment_index": 24
      },
      {
        "cache_owner": "q0",
        "epic_prefix_rows": [
          55,
          154
        ],
        "fingerprint": "f4cf28fc5b71edf3",
        "length": 256,
        "owner_tier": 0,
        "request": "q1",
        "segment_index": 25
      },
      {
        "cache_owner": "q0",
        "epic_prefix_rows": [
          63,
          149
        ],
        "fingerprint": "f4fdd0e52e878abf",
        "length": 256,
        "owner_tier": 0,
        "request": "q1",
        "segment_index": 26
      },
      {
        "cache_owner": "q0",
        "epic_prefix_rows": [
          104,
          170
        ],
        "fingerprint": "7ba29ac00739c4ea",
        "length": 256,
        "owner_tier": 0,
        "request": "q1",
        "segment_index": 27
      },
      {
        "cache_owner": "q0",
        "epic_prefix_rows": [
          147,
          227
        ],
        "fingerprint": "6c5246339cc01ead",
        "length": 256,
        "owner_tier": 0,
        "request": "q1",
        "segment_index": 28
      },
      {
        "cache_owner": "q0",
        "epic_prefix_rows": [
          46,
          197
        ],
        "fingerprint": "3e13ea33ffd365d2",
        "length": 256,
        "owner_tier": 0,
        "request": "q1",
        "segment_index": 29
      },
      {
        "cache_owner": "q0",
        "epic_prefix_rows": [
          123,
          162
        ],
        "fingerprint": "97a85315f7478ed8",
        "length": 256,
        "owner_tier": 0,
        "request": "q1",
        "segment_index": 30
      },
      {
        "cache_owner": "q0",
        "epic_prefix_rows": [
          94,
          148
        ],
        "fingerprint": "e2f20e8d23ad1f3c",
        "length": 256,
        "owner_tier": 0,
        "request": "q1",
        "segment_index": 31
      },
      {
        "cache_owner": "q0",
        "epic_prefix_rows": [
          95,
          96
        ],
        "fingerprint": "0d5323d6441850a7",
        "length": 256,
        "owner_tier": 0,
        "request": "q1",
        "segment_index": 32
      },
      {
        "cache_owner": "q0",
        "epic_prefix_rows": [
          16,
          133
        ],
        "fingerprint": "2bbeefee3ca77394",
        "length": 256,
        "owner_tier": 0,
        "request": "q1",
        "segment_index": 33
      },
      {
        "cache_owner": "q0",
        "epic_prefix_rows": [
          35,
          243
        ],
        "fingerprint": "28b214a69646c775",
        "length": 256,
        "owner_tier": 0,
        "request": "q1",
        "segment_index": 34
      },
      {
        "cache_owner": "q0",
        "epic_prefix_rows": [
          45,
          66
        ],
        "fingerprint": "196ab37f68eb91dd",
        "length": 256,
        "owner_tier": 0,
        "request": "q1",
        "segment_index": 35
      },
      {
        "cache_owner": "q0",
        "epic_prefix_rows": [
          19,
          76
        ],
        "fingerprint": "b289731a6de14025",
        "length": 256,
        "owner_tier": 0,
        "request": "q1",
        "segment_index": 36
      },
      {
        "cache_owner": "q0",
        "epic_prefix_rows": [
          41,
          200
        ],
        "fingerprint": "1fd8287b40b3ef05",
        "length": 256,
        "owner_tier": 0,
        "request": "q1",
        "segment_index": 37
      },
      {
        "cache_owner": "q0",
        "epic_prefix_rows": [
          120,
          141
        ],
        "fingerprint": "d655032a50b311c0",
        "length": 256,
        "owner_tier": 0,
        "request": "q1",
        "segment_index": 38
      },
      {
        "cache_owner": "q0",
        "epic_prefix_rows": [
          110,
          214
        ],
        "fingerprint": "68aa33941aec615e",
        "length": 256,
        "owner_tier": 0,
        "request": "q1",
        "segment_index": 39
      },
      {
        "cache_owner": "q0",
        "epic_prefix_rows": [
          140,
          230
        ],
        "fingerprint": "57edc36f5adb4077",
        "length": 256,
        "owner_tier": 0,
        "request": "q1",
        "segment_index": 40
      },
      {
        "cache_owner": "q0",
        "epic_prefix_rows": [
          182,
          252
        ],
        "fingerprint": "060fe3cc81c4e614",
        "length": 256,
        "owner_tier": 0,
        "request": "q1",
        "segment_index": 41
      },
      {
        "cache_owner": "q0",
        "epic_prefix_rows": [
          42,
          166
        ],
        "fingerprint": "2c3a90bf49014087",
        "length": 256,
        "owner_tier": 0,
        "request": "q1",
        "segment_index": 42
      },
      {
        "cache_owner": "q0",
        "epic_prefix_rows": [
          59,
          249
        ],
        "fingerprint": "b8b19851f0e91e8b",
        "length": 256,
        "owner_tier": 0,
        "request": "q1",
        "segment_index": 43
      },
      {
        "cache_owner": "q0",
        "epic_prefix_rows": [
          97,
          171
        ],
        "fingerprint": "0a24aa246267ca70",
        "length": 256,
        "owner_tier": 0,
        "request": "q1",
        "segment_index": 44
      },
      {
        "cache_owner": "q0",
        "epic_prefix_rows": [
          8,
          124
        ],
        "fingerprint": "39982a5ac106dc56",
        "length": 256,
        "owner_tier": 0,
        "request": "q1",
        "segment_index": 45
      },
      {
        "cache_owner": "q0",
        "epic_prefix_rows": [
          59,
          138
        ],
        "fingerprint": "5b4fec5265577019",
        "length": 256,
        "owner_tier": 0,
        "request": "q1",
        "segment_index": 46
      },
      {
        "cache_owner": "q0",
        "epic_prefix_rows": [
          112,
          190
        ],
        "fingerprint": "31754f310cc87cb9",
        "length": 256,
        "owner_tier": 0,
        "request": "q1",
        "segment_index": 47
      },
      {
        "cache_owner": "q0",
        "epic_prefix_rows": [
          87,
          170
        ],
        "fingerprint": "17914e14c68c53c7",
        "length": 256,
        "owner_tier": 0,
        "request": "q1",
        "segment_index": 48
      },
      {
        "cache_owner": "q0",
        "epic_prefix_rows": [
          31,
          218
        ],
        "fingerprint": "0d5ec49d1bd3dfc2",
        "length": 256,
        "owner_tier": 0,
        "request": "q1",
        "segment_index": 49
      },
      {
        "cache_owner": "q0",
        "epic_prefix_rows": [
          51,
          74
        ],
        "fingerprint": "c8ca1ee28f153785",
        "length": 256,
        "owner_tier": 0,
        "request": "q1",
        "segment_index": 50
      },
      {
        "cache_owner": "q0",
        "epic_prefix_rows": [
          23,
          112
        ],
        "fingerprint": "d2d59fe199246a8a",
        "length": 256,
        "owner_tier": 0,
        "request": "q1",
        "segment_index": 51
      },
      {
        "cache_owner": "q0",
        "epic_prefix_rows": [
          13,
          37
        ],
        "fingerprint": "f8c3ac43031f479d",
        "length": 256,
        "owner_tier": 0,
        "request": "q1",
        "segment_index": 52
      },
      {
        "cache_owner": "q0",
        "epic_prefix_rows": [
          63,
          96
        ],
        "fingerprint": "1a0ba2ae3b5af048",
        "length": 256,
        "owner_tier": 0,
        "request": "q1",
        "segment_index": 53
      },
      {
        "cache_owner": "q0",
        "epic_prefix_rows": [
          61,
          200
        ],
        "fingerprint": "4efa77b98545d7f9",
        "length": 256,
        "owner_tier": 0,
        "request": "q1",
        "segment_index": 54
      },
      {
        "cache_owner": "q0",
        "epic_prefix_rows": [
          46,
          189
        ],
        "fingerprint": "e8daa9461adadb50",
        "length": 256,
        "owner_tier": 0,
        "request": "q1",
        "segment_index": 55
      },
      {
        "cache_owner": "q0",
        "epic_prefix_rows": [
          18,
          59
        ],
        "fingerprint": "27676fe4288b5092",
        "length": 256,
        "owner_tier": 0,
        "request": "q1",
        "segment_index": 56
      },
      {
        "cache_owner": "q0",
        "epic_prefix_rows": [
          11,
          99
        ],
        "fingerprint": "4628056629d21f29",
        "length": 256,
        "owner_tier": 0,
        "request": "q1",
        "segment_index": 57
      },
      {
        "cache_owner": "q0",
        "epic_prefix_rows": [
          63,
          94
        ],
        "fingerprint": "9e222200b410e430",
        "length": 256,
        "owner_tier": 0,
        "request": "q1",
        "segment_index": 58
      },
      {
        "cache_owner": "q0",
        "epic_prefix_rows": [
          107,
          245
        ],
        "fingerprint": "7753df1b6f8c9278",
        "length": 256,
        "owner_tier": 0,
        "request": "q1",
        "segment_index": 59
      },
      {
        "cache_owner": "q0",
        "epic_prefix_rows": [
          11,
          31
        ],
        "fingerprint": "2601f658cc5d3594",
        "length": 256,
        "owner_tier": 0,
        "request": "q1",
        "segment_index": 60
      },
      {
        "cache_owner": "q0",
        "epic_prefix_rows": [
          51,
          217
        ],
        "fingerprint": "27013d93d3fccf89",
        "length": 256,
        "owner_tier": 0,
        "request": "q1",
        "segment_index": 61
      },
      {
        "cache_owner": "q0",
        "epic_prefix_rows": [
          35,
          133
        ],
        "fingerprint": "6880baf09f037c19",
        "length": 256,
        "owner_tier": 0,
        "request": "q1",
        "segment_index": 62
      },
      {
        "cache_owner": "q0",
        "epic_prefix_rows": [
          36,
          113
        ],
        "fingerprint": "0724e17672a95b93",
        "length": 256,
        "owner_tier": 0,
        "request": "q1",
        "segment_index": 63
      },
      {
        "cache_owner": "q0",
        "epic_prefix_rows": [
          154,
          179
        ],
        "fingerprint": "e3c449fc4cd656ce",
        "length": 256,
        "owner_tier": 0,
        "request": "q1",
        "segment_index": 64
      },
      {
        "cache_owner": "q0",
        "epic_prefix_rows": [
          92,
          223
        ],
        "fingerprint": "274f7d8aacaccf25",
        "length": 256,
        "owner_tier": 0,
        "request": "q1",
        "segment_index": 65
      },
      {
        "cache_owner": "q0",
        "epic_prefix_rows": [
          31,
          239
        ],
        "fingerprint": "146a74171fc8e908",
        "length": 256,
        "owner_tier": 0,
        "request": "q1",
        "segment_index": 66
      },
      {
        "cache_owner": "q0",
        "epic_prefix_rows": [
          20,
          51
        ],
        "fingerprint": "56421c8602f059e6",
        "length": 256,
        "owner_tier": 0,
        "request": "q1",
        "segment_index": 67
      },
      {
        "cache_owner": "q0",
        "epic_prefix_rows": [
          102,
          200
        ],
        "fingerprint": "357ad2bb54f67a0c",
        "length": 256,
        "owner_tier": 0,
        "request": "q1",
        "segment_index": 68
      },
      {
        "cache_owner": "q0",
        "epic_prefix_rows": [
          133,
          183
        ],
        "fingerprint": "008b81b4d6caa9c9",
        "length": 256,
        "owner_tier": 0,
        "request": "q1",
        "segment_index": 69
      },
      {
        "cache_owner": "q0",
        "epic_prefix_rows": [
          86,
          240
        ],
        "fingerprint": "189f6cf46a89a8af",
        "length": 256,
        "owner_tier": 0,
        "request": "q1",
        "segment_index": 70
      },
      {
        "cache_owner": "q0",
        "epic_prefix_rows": [
          29,
          104
        ],
        "fingerprint": "7ee8a980cd5e73db",
        "length": 256,
        "owner_tier": 0,
        "request": "q1",
        "segment_index": 71
      },
      {
        "cache_owner": "q0",
        "epic_prefix_rows": [
          81,
          82
        ],
        "fingerprint": "1e09fc3aa312bedf",
        "length": 256,
        "owner_tier": 0,
        "request": "q1",
        "segment_index": 72
      },
      {
        "cache_owner": "q0",
        "epic_prefix_rows": [
          128,
          175
        ],
        "fingerprint": "e83ba334f98641d8",
        "length": 256,
        "owner_tier": 0,
        "request": "q1",
        "segment_index": 73
      },
      {
        "cache_owner": "q0",
        "epic_prefix_rows": [
          60,
          226
        ],
        "fingerprint": "93ff15fd417be171",
        "length": 256,
        "owner_tier": 0,
        "request": "q1",
        "segment_index": 74
      },
      {
        "cache_owner": "q0",
        "epic_prefix_rows": [
          6,
          89
        ],
        "fingerprint": "014c9a04b4e916be",
        "length": 256,
        "owner_tier": 0,
        "request": "q1",
        "segment_index": 75
      },
      {
        "cache_owner": "q0",
        "epic_prefix_rows": [
          209,
          241
        ],
        "fingerprint": "84398fc658db81a5",
        "length": 256,
        "owner_tier": 0,
        "request": "q1",
        "segment_index": 76
      },
      {
        "cache_owner": "q0",
        "epic_prefix_rows": [
          159,
          182
        ],
        "fingerprint": "05d534e6a81b4210",
        "length": 256,
        "owner_tier": 0,
        "request": "q1",
        "segment_index": 77
      },
      {
        "cache_owner": "q0",
        "epic_prefix_rows": [
          128,
          198
        ],
        "fingerprint": "8c41295e89de23e3",
        "length": 256,
        "owner_tier": 0,
        "request": "q1",
        "segment_index": 78
      },
      {
        "cache_owner": "q0",
        "epic_prefix_rows": [
          6,
          78
        ],
        "fingerprint": "0d6ee10e10def3d2",
        "length": 256,
        "owner_tier": 0,
        "request": "q1",
        "segment_index": 79
      },
      {
        "cache_owner": "q0",
        "epic_prefix_rows": [
          40,
          234
        ],
        "fingerprint": "c1807afb81a20f51",
        "length": 256,
        "owner_tier": 0,
        "request": "q1",
        "segment_index": 80
      },
      {
        "cache_owner": "q0",
        "epic_prefix_rows": [
          23,
          171
        ],
        "fingerprint": "931d7f5b83731cc7",
        "length": 256,
        "owner_tier": 0,
        "request": "q1",
        "segment_index": 81
      },
      {
        "cache_owner": "q0",
        "epic_prefix_rows": [
          69,
          143
        ],
        "fingerprint": "de3ba4f43ce3a094",
        "length": 256,
        "owner_tier": 0,
        "request": "q1",
        "segment_index": 82
      },
      {
        "cache_owner": "q0",
        "epic_prefix_rows": [
          122,
          246
        ],
        "fingerprint": "549b6eeef884e61d",
        "length": 256,
        "owner_tier": 0,
        "request": "q1",
        "segment_index": 83
      },
      {
        "cache_owner": "q0",
        "epic_prefix_rows": [
          147,
          180
        ],
        "fingerprint": "8f21a2b7cbc6a1cc",
        "length": 256,
        "owner_tier": 0,
        "request": "q1",
        "segment_index": 84
      },
      {
        "cache_owner": "q0",
        "epic_prefix_rows": [
          67,
          183
        ],
        "fingerprint": "3327eb88b326572c",
        "length": 256,
        "owner_tier": 0,
        "request": "q1",
        "segment_index": 85
      },
      {
        "cache_owner": "q0",
        "epic_prefix_rows": [
          158,
          198
        ],
        "fingerprint": "828afffd0287a7fd",
        "length": 256,
        "owner_tier": 0,
        "request": "q1",
        "segment_index": 86
      },
      {
        "cache_owner": "q0",
        "epic_prefix_rows": [
          41,
          212
        ],
        "fingerprint": "2e40f41c46618477",
        "length": 256,
        "owner_tier": 0,
        "request": "q1",
        "segment_index": 87
      },
      {
        "cache_owner": "q0",
        "epic_prefix_rows": [
          0,
          98
        ],
        "fingerprint": "38fd9d00b6d09b58",
        "length": 256,
        "owner_tier": 0,
        "request": "q1",
        "segment_index": 88
      },
      {
        "cache_owner": "q0",
        "epic_prefix_rows": [
          81,
          171
        ],
        "fingerprint": "01ef803e6ca17df7",
        "length": 256,
        "owner_tier": 0,
        "request": "q1",
        "segment_index": 89
      },
      {
        "cache_owner": "q0",
        "epic_prefix_rows": [
          114,
          122
        ],
        "fingerprint": "70b457c38f944354",
        "length": 256,
        "owner_tier": 0,
        "request": "q1",
        "segment_index": 90
      },
      {
        "cache_owner": "q0",
        "epic_prefix_rows": [
          193,
          229
        ],
        "fingerprint": "e2614c2dedf4cf58",
        "length": 256,
        "owner_tier": 0,
        "request": "q1",
        "segment_index": 91
      },
      {
        "cache_owner": "q0",
        "epic_prefix_rows": [
          16,
          212
        ],
        "fingerprint": "b1ab14bf7fe90b52",
        "length": 256,
        "owner_tier": 0,
        "request": "q1",
        "segment_index": 92
      },
      {
        "cache_owner": "q0",
        "epic_prefix_rows": [
          205,
          214
        ],
        "fingerprint": "19b2326032573ee0",
        "length": 256,
        "owner_tier": 0,
        "request": "q1",
        "segment_index": 93
      },
      {
        "cache_owner": "q0",
        "epic_prefix_rows": [
          23,
          84
        ],
        "fingerprint": "f97f30f9dca3b30d",
        "length": 256,
        "owner_tier": 0,
        "request": "q1",
        "segment_index": 94
      },
      {
        "cache_owner": "q0",
        "epic_prefix_rows": [
          32,
          228
        ],
        "fingerprint": "9b66baa8d351f5fb",
        "length": 256,
        "owner_tier": 0,
        "request": "q1",
        "segment_index": 95
      },
      {
        "cache_owner": "q0",
        "epic_prefix_rows": [],
        "fingerprint": "b4818fcedac6bc88",
        "length": 300,
        "owner_tier": 0,
        "request": "q10",
        "segment_index": 0
      },
      {
        "cache_owner": "q0",
        "epic_prefix_rows": [
          80,
          132
        ],
        "fingerprint": "307e02ba0c9c8db6",
        "length": 256,
        "owner_tier": 0,
        "request": "q10",
        "segment_index": 1
      },
      {
        "cache_owner": "q0",
        "epic_prefix_rows": [
          228,
          249
        ],
        "fingerprint": "d8e088676ac0e994",
        "length": 256,
        "owner_tier": 0,
        "request": "q10",
        "segment_index": 2
      },
      {
        "cache_owner": "q0",
        "epic_prefix_rows": [
          0,
          19
        ],
        "fingerprint": "eba00dddf332f864",
        "length": 256,
        "owner_tier": 0,
        "request": "q10",
        "segment_index": 3
      },
      {
        "cache_owner": "q0",
        "epic_prefix_rows": [
          166,
          253
        ],
        "fingerprint": "16ff367edf27a427",
        "length": 256,
        "owner_tier": 0,
        "request": "q10",
        "segment_index": 4
      },
      {
        "cache_owner": "q0",
        "epic_prefix_rows": [
          159,
          239
        ],
        "fingerprint": "544559610dd737d8",
        "length": 256,
        "owner_tier": 0,
        "request": "q10",
        "segment_index": 5
      },
      {
        "cache_owner": "q0",
        "epic_prefix_rows": [
          25,
          212
        ],
        "fingerprint": "719d4f68cfcda7af",
        "length": 256,
        "owner_tier": 0,
        "request": "q10",
        "segment_index": 6
      },
      {
        "cache_owner": "q0",
        "epic_prefix_rows": [
          42,
          96
        ],
        "fingerprint": "de2eea82f07af94b",
        "length": 256,
        "owner_tier": 0,
        "request": "q10",
        "segment_index": 7
      },
      {
        "cache_owner": "q0",
        "epic_prefix_rows": [
          7,
          66
        ],
        "fingerprint": "3df9fb747ee9b3ed",
        "length": 256,
        "owner_tier": 0,
        "request": "q10",
        "segment_index": 8
      },
      {
        "cache_owner": "q0",
        "epic_prefix_rows": [
          205,
          213
        ],
        "fingerprint": "d84e94f761d8f171",
        "length": 256,
        "owner_tier": 0,
        "request": "q10",
        "segment_index": 9
      },
      {
        "cache_owner": "q0",
        "epic_prefix_rows": [
          1,
          161
        ],
        "fingerprint": "e69c516fc2d68c1b",
        "length": 256,
        "owner_tier": 0,
        "request": "q10",
        "segment_index": 10
      },
      {
        "cache_owner": "q0",
        "epic_prefix_rows": [
          7,
          109
        ],
        "fingerprint": "d679790103e8c53b",
        "length": 256,
        "owner_tier": 0,
        "request": "q10",
        "segment_index": 11
      },
      {
        "cache_owner": "q0",
        "epic_prefix_rows": [
          1,
          50
        ],
        "fingerprint": "ef9219752ae977de",
        "length": 256,
        "owner_tier": 0,
        "request": "q10",
        "segment_index": 12
      },
      {
        "cache_owner": "q0",
        "epic_prefix_rows": [
          60,
          97
        ],
        "fingerprint": "804751a4de0897b1",
        "length": 256,
        "owner_tier": 0,
        "request": "q10",
        "segment_index": 13
      },
      {
        "cache_owner": "q0",
        "epic_prefix_rows": [
          101,
          154
        ],
        "fingerprint": "408f7199c5ad6444",
        "length": 256,
        "owner_tier": 0,
        "request": "q10",
        "segment_index": 14
      },
      {
        "cache_owner": "q0",
        "epic_prefix_rows": [
          93,
          143
        ],
        "fingerprint": "0b61bf84de13cf6f",
        "length": 256,
        "owner_tier": 0,
        "request": "q10",
        "segment_index": 15
      },
      {
        "cache_owner": "q0",
        "epic_prefix_rows": [
          51,
          243
        ],
        "fingerprint": "f4cf28fc5b71edf3",
        "length": 256,
        "owner_tier": 0,
        "request": "q10",
        "segment_index": 16
      },
      {
        "cache_owner": "q0",
        "epic_prefix_rows": [
          41,
          203
        ],
        "fingerprint": "f4fdd0e52e878abf",
        "length": 256,
        "owner_tier": 0,
        "request": "q10",
        "segment_index": 17
      },
      {
        "cache_owner": "q0",
        "epic_prefix_rows": [
          11,
          140
        ],
        "fingerprint": "7ba29ac00739c4ea",
        "length": 256,
        "owner_tier": 0,
        "request": "q10",
        "segment_index": 18
      },
      {
        "cache_owner": "q0",
        "epic_prefix_rows": [
          59,
          231
        ],
        "fingerprint": "6c5246339cc01ead",
        "length": 256,
        "owner_tier": 0,
        "request": "q10",
        "segment_index": 19
      },
      {
        "cache_owner": "q0",
        "epic_prefix_rows": [
          68,
          131
        ],
        "fingerprint": "3e13ea33ffd365d2",
        "length": 256,
        "owner_tier": 0,
        "request": "q10",
        "segment_index": 20
      },
      {
        "cache_owner": "q0",
        "epic_prefix_rows": [
          58,
          177
        ],
        "fingerprint": "97a85315f7478ed8",
        "length": 256,
        "owner_tier": 0,
        "request": "q10",
        "segment_index": 21
      },
      {
        "cache_owner": "q0",
        "epic_prefix_rows": [
          79,
          142
        ],
        "fingerprint": "e2f20e8d23ad1f3c",
        "length": 256,
        "owner_tier": 0,
        "request": "q10",
        "segment_index": 22
      },
      {
        "cache_owner": "q0",
        "epic_prefix_rows": [
          9,
          21
        ],
        "fingerprint": "0d5323d6441850a7",
        "length": 256,
        "owner_tier": 0,
        "request": "q10",
        "segment_index": 23
      },
      {
        "cache_owner": "q0",
        "epic_prefix_rows": [
          20,
          105
        ],
        "fingerprint": "2bbeefee3ca77394",
        "length": 256,
        "owner_tier": 0,
        "request": "q10",
        "segment_index": 24
      },
      {
        "cache_owner": "q0",
        "epic_prefix_rows": [
          132,
          161
        ],
        "fingerprint": "28b214a69646c775",
        "length": 256,
        "owner_tier": 0,
        "request": "q10",
        "segment_index": 25
      },
      {
        "cache_owner": "q0",
        "epic_prefix_rows": [
          21,
          187
        ],
        "fingerprint": "196ab37f68eb91dd",
        "length": 256,
        "owner_tier": 0,
        "request": "q10",
        "segment_index": 26
      },
      {
        "cache_owner": "q0",
        "epic_prefix_rows": [
          234,
          253
        ],
        "fingerprint": "b289731a6de14025",
        "length": 256,
        "owner_tier": 0,
        "request": "q10",
        "segment_index": 27
      },
      {
        "cache_owner": "q0",
        "epic_prefix_rows": [
          190,
          222
        ],
        "fingerprint": "1fd8287b40b3ef05",
        "length": 256,
        "owner_tier": 0,
        "request": "q10",
        "segment_index": 28
      },
      {
        "cache_owner": "q0",
        "epic_prefix_rows": [
          91,
          106
        ],
        "fingerprint": "d655032a50b311c0",
        "length": 256,
        "owner_tier": 0,
        "request": "q10",
        "segment_index": 29
      },
      {
        "cache_owner": "q0",
        "epic_prefix_rows": [
          149,
          192
        ],
        "fingerprint": "68aa33941aec615e",
        "length": 256,
        "owner_tier": 0,
        "request": "q10",
        "segment_index": 30
      },
      {
        "cache_owner": "q0",
        "epic_prefix_rows": [
          4,
          70
        ],
        "fingerprint": "57edc36f5adb4077",
        "length": 256,
        "owner_tier": 0,
        "request": "q10",
        "segment_index": 31
      },
      {
        "cache_owner": "q0",
        "epic_prefix_rows": [
          77,
          138
        ],
        "fingerprint": "060fe3cc81c4e614",
        "length": 256,
        "owner_tier": 0,
        "request": "q10",
        "segment_index": 32
      },
      {
        "cache_owner": "q0",
        "epic_prefix_rows": [
          170,
          172
        ],
        "fingerprint": "2c3a90bf49014087",
        "length": 256,
        "owner_tier": 0,
        "request": "q10",
        "segment_index": 33
      },
      {
        "cache_owner": "q0",
        "epic_prefix_rows": [
          47,
          188
        ],
        "fingerprint": "b8b19851f0e91e8b",
        "length": 256,
        "owner_tier": 0,
        "request": "q10",
        "segment_index": 34
      },
      {
        "cache_owner": "q0",
        "epic_prefix_rows": [
          18,
          173
        ],
        "fingerprint": "0a24aa246267ca70",
        "length": 256,
        "owner_tier": 0,
        "request": "q10",
        "segment_index": 35
      },
      {
        "cache_owner": "q0",
        "epic_prefix_rows": [
          21,
          138
        ],
        "fingerprint": "39982a5ac106dc56",
        "length": 256,
        "owner_tier": 0,
        "request": "q10",
        "segment_index": 36
      },
      {
        "cache_owner": "q0",
        "epic_prefix_rows": [
          76,
          83
        ],
        "fingerprint": "5b4fec5265577019",
        "length": 256,
        "owner_tier": 0,
        "request": "q10",
        "segment_index": 37
      },
      {
        "cache_owner": "q0",
        "epic_prefix_rows": [
          148,
          184
        ],
        "fingerprint": "31754f310cc87cb9",
        "length": 256,
        "owner_tier": 0,
        "request": "q10",
        "segment_index": 38
      },
      {
        "cache_owner": "q0",
        "epic_prefix_rows": [
          66,
          202
        ],
        "fingerprint": "17914e14c68c53c7",
        "length": 256,
        "owner_tier": 0,
        "request": "q10",
        "segment_index": 39
      },
      {
        "cache_owner": "q0",
        "epic_prefix_rows": [
          58,
          150
        ],
        "fingerprint": "0d5ec49d1bd3dfc2",
        "length": 256,
        "owner_tier": 0,
        "request": "q10",
        "segment_index": 40
      },
      {
        "cache_owner": "q0",
        "epic_prefix_rows": [
          122,
          244
        ],
        "fingerprint": "c8ca1ee28f153785",
        "length": 256,
        "owner_tier": 0,
        "request": "q10",
        "segment_index": 41
      },
      {
        "cache_owner": "q0",
        "epic_prefix_rows": [
          24,
          157
        ],
        "fingerprint": "d2d59fe199246a8a",
        "length": 256,
        "owner_tier": 0,
        "request": "q10",
        "segment_index": 42
      },
      {
        "cache_owner": "q0",
        "epic_prefix_rows": [
          36,
          91
        ],
        "fingerprint": "f8c3ac43031f479d",
        "length": 256,
        "owner_tier": 0,
        "request": "q10",
        "segment_index": 43
      },
      {
        "cache_owner": "q0",
        "epic_prefix_rows": [
          154,
          206
        ],
        "fingerprint": "1a0ba2ae3b5af048",
        "length": 256,
        "owner_tier": 0,
        "request": "q10",
        "segment_index": 44
      },
      {
        "cache_owner": "q0",
        "epic_prefix_rows": [
          153,
          168
        ],
        "fingerprint": "4efa77b98545d7f9",
        "length": 256,
        "owner_tier": 0,
        "request": "q10",
        "segment_index": 45
      },
      {
        "cache_owner": "q0",
        "epic_prefix_rows": [
          55,
          212
        ],
        "fingerprint": "e8daa9461adadb50",
        "length": 256,
        "owner_tier": 0,
        "request": "q10",
        "segment_index": 46
      },
      {
        "cache_owner": "q0",
        "epic_prefix_rows": [
          50,
          246
        ],
        "fingerprint": "27676fe4288b5092",
        "length": 256,
        "owner_tier": 0,
        "request": "q10",
        "segment_index": 47
      },
      {
        "cache_owner": "q0",
        "epic_prefix_rows": [
          172,
          242
        ],
        "fingerprint": "4628056629d21f29",
        "length": 256,
        "owner_tier": 0,
        "request": "q10",
        "segment_index": 48
      },
      {
        "cache_owner": "q0",
        "epic_prefix_rows": [
          63,
          175
        ],
        "fingerprint": "9e222200b410e430",
        "length": 256,
        "owner_tier": 0,
        "request": "q10",
        "segment_index": 49
      },
      {
        "cache_owner": "q0",
        "epic_prefix_rows": [
          59,
          245
        ],
        "fingerprint": "7753df1b6f8c9278",
        "length": 256,
        "owner_tier": 0,
        "request": "q10",
        "segment_index": 50
      },
      {
        "cache_owner": "q0",
        "epic_prefix_rows": [
          218,
          254
        ],
        "fingerprint": "2601f658cc5d3594",
        "length": 256,
        "owner_tier": 0,
        "request": "q10",
        "segment_index": 51
      },
      {
        "cache_owner": "q0",
        "epic_prefix_rows": [
          19,
          154
        ],
        "fingerprint": "27013d93d3fccf89",
        "length": 256,
        "owner_tier": 0,
        "request": "q10",
        "segment_index": 52
      },
      {
        "cache_owner": "q0",
        "epic_prefix_rows": [
          79,
          171
        ],
        "fingerprint": "6880baf09f037c19",
        "length": 256,
        "owner_tier": 0,
        "request": "q10",
        "segment_index": 53
      },
      {
        "cache_owner": "q0",
        "epic_prefix_rows": [
          85,
          192
        ],
        "fingerprint": "0724e17672a95b93",
        "length": 256,
        "owner_tier": 0,
        "request": "q10",
        "segment_index": 54
      },
      {
        "cache_owner": "q0",
        "epic_prefix_rows": [
          33,
          44
        ],
        "fingerprint": "e3c449fc4cd656ce",
        "length": 256,
        "owner_tier": 0,
        "request": "q10",
        "segment_index": 55
      },
      {
        "cache_owner": "q0",
        "epic_prefix_rows": [
          43,
          101
        ],
        "fingerprint": "274f7d8aacaccf25",
        "length": 256,
        "owner_tier": 0,
        "request": "q10",
        "segment_index": 56
      },
      {
        "cache_owner": "q0",
        "epic_prefix_rows": [
          31,
          113
        ],
        "fingerprint": "146a74171fc8e908",
        "length": 256,
        "owner_tier": 0,
        "request": "q10",
        "segment_index": 57
      },
      {
        "cache_owner": "q0",
        "epic_prefix_rows": [
          4,
          197
        ],
        "fingerprint": "56421c8602f059e6",
        "length": 256,
        "owner_tier": 0,
        "request": "q10",
        "segment_index": 58
      },
      {
        "cache_owner": "q0",
        "epic_prefix_rows": [
          50,
          201
        ],
        "fingerprint": "357ad2bb54f67a0c",
        "length": 256,
        "owner_tier": 0,
        "request": "q10",
        "segment_index": 59
      },
      {
        "cache_owner": "q0",
        "epic_prefix_rows": [
          148,
          229
        ],
        "fingerprint": "008b81b4d6caa9c9",
        "length": 256,
        "owner_tier": 0,
        "request": "q10",
        "segment_index": 60
      },
      {
        "cache_owner": "q0",
        "epic_prefix_rows": [
          111,
          250
        ],
        "fingerprint": "189f6cf46a89a8af",
        "length": 256,
        "owner_tier": 0,
        "request": "q10",
        "segment_index": 61
      },
      {
        "cache_owner": "q0",
        "epic_prefix_rows": [
          42,
          216
        ],
        "fingerprint": "7ee8a980cd5e73db",
        "length": 256,
        "owner_tier": 0,
        "request": "q10",
        "segment_index": 62
      },
      {
        "cache_owner": "q0",
        "epic_prefix_rows": [
          112,
          188
        ],
        "fingerprint": "1e09fc3aa312bedf",
        "length": 256,
        "owner_tier": 0,
        "request": "q10",
        "segment_index": 63
      },
      {
        "cache_owner": "q0",
        "epic_prefix_rows": [
          85,
          133
        ],
        "fingerprint": "e83ba334f98641d8",
        "length": 256,
        "owner_tier": 0,
        "request": "q10",
        "segment_index": 64
      },
      {
        "cache_owner": "q0",
        "epic_prefix_rows": [
          98,
          220
        ],
        "fingerprint": "93ff15fd417be171",
        "length": 256,
        "owner_tier": 0,
        "request": "q10",
        "segment_index": 65
      },
      {
        "cache_owner": "q0",
        "epic_prefix_rows": [
          58,
          183
        ],
        "fingerprint": "014c9a04b4e916be",
        "length": 256,
        "owner_tier": 0,
        "request": "q10",
        "segment_index": 66
      },
      {
        "cache_owner": "q0",
        "epic_prefix_rows": [
          14,
          32
        ],
        "fingerprint": "84398fc658db81a5",
        "length": 256,
        "owner_tier": 0,
        "request": "q10",
        "segment_index": 67
      },
      {
        "cache_owner": "q0",
        "epic_prefix_rows": [
          103,
          231
        ],
        "fingerprint": "05d534e6a81b4210",
        "length": 256,
        "owner_tier": 0,
        "request": "q10",
        "segment_index": 68
      },
      {
        "cache_owner": "q0",
        "epic_prefix_rows": [
          60,
          254
        ],
        "fingerprint": "8c41295e89de23e3",
        "length": 256,
        "owner_tier": 0,
        "request": "q10",
        "segment_index": 69
      },
      {
        "cache_owner": "q0",
        "epic_prefix_rows": [
          131,
          203
        ],
        "fingerprint": "0d6ee10e10def3d2",
        "length": 256,
        "owner_tier": 0,
        "request": "q10",
        "segment_index": 70
      },
      {
        "cache_owner": "q0",
        "epic_prefix_rows": [
          21,
          106
        ],
        "fingerprint": "c1807afb81a20f51",
        "length": 256,
        "owner_tier": 0,
        "request": "q10",
        "segment_index": 71
      },
      {
        "cache_owner": "q0",
        "epic_prefix_rows": [
          74,
          110
        ],
        "fingerprint": "931d7f5b83731cc7",
        "length": 256,
        "owner_tier": 0,
        "request": "q10",
        "segment_index": 72
      },
      {
        "cache_owner": "q0",
        "epic_prefix_rows": [
          53,
          101
        ],
        "fingerprint": "de3ba4f43ce3a094",
        "length": 256,
        "owner_tier": 0,
        "request": "q10",
        "segment_index": 73
      },
      {
        "cache_owner": "q0",
        "epic_prefix_rows": [
          193,
          234
        ],
        "fingerprint": "549b6eeef884e61d",
        "length": 256,
        "owner_tier": 0,
        "request": "q10",
        "segment_index": 74
      },
      {
        "cache_owner": "q0",
        "epic_prefix_rows": [
          77,
          185
        ],
        "fingerprint": "8f21a2b7cbc6a1cc",
        "length": 256,
        "owner_tier": 0,
        "request": "q10",
        "segment_index": 75
      },
      {
        "cache_owner": "q0",
        "epic_prefix_rows": [
          53,
          249
        ],
        "fingerprint": "3327eb88b326572c",
        "length": 256,
        "owner_tier": 0,
        "request": "q10",
        "segment_index": 76
      },
      {
        "cache_owner": "q0",
        "epic_prefix_rows": [
          75,
          207
        ],
        "fingerprint": "828afffd0287a7fd",
        "length": 256,
        "owner_tier": 0,
        "request": "q10",
        "segment_index": 77
      },
      {
        "cache_owner": "q0",
        "epic_prefix_rows": [
          216,
          253
        ],
        "fingerprint": "2e40f41c46618477",
        "length": 256,
        "owner_tier": 0,
        "request": "q10",
        "segment_index": 78
      },
      {
        "cache_owner": "q0",
        "epic_prefix_rows": [
          165,
          255
        ],
        "fingerprint": "38fd9d00b6d09b58",
        "length": 256,
        "owner_tier": 0,
        "request": "q10",
        "segment_index": 79
      },
      {
        "cache_owner": "q0",
        "epic_prefix_rows": [
          103,
          255
        ],
        "fingerprint": "01ef803e6ca17df7",
        "length": 256,
        "owner_tier": 0,
        "request": "q10",
        "segment_index": 80
      },
      {
        "cache_owner": "q0",
        "epic_prefix_rows": [
          4,
          112
        ],
        "fingerprint": "70b457c38f944354",
        "length": 256,
        "owner_tier": 0,
        "request": "q10",
        "segment_index": 81
      },
      {
        "cache_owner": "q0",
        "epic_prefix_rows": [
          162,
          174
        ],
        "fingerprint": "e2614c2dedf4cf58",
        "length": 256,
        "owner_tier": 0,
        "request": "q10",
        "segment_index": 82
      },
      {
        "cache_owner": "q0",
        "epic_prefix_rows": [
          18,
          164
        ],
        "fingerprint": "b1ab14bf7fe90b52",
        "length": 256,
        "owner_tier": 0,
        "request": "q10",
        "segment_index": 83
      },
      {
        "cache_owner": "q0",
        "epic_prefix_rows": [
          75,
          131
        ],
        "fingerprint": "19b2326032573ee0",
        "length": 256,
        "owner_tier": 0,
        "request": "q10",
        "segment_index": 84
      },
      {
        "cache_owner": "q0",
        "epic_prefix_rows": [
          79,
          194
        ],
        "fingerprint": "f97f30f9dca3b30d",
        "length": 256,
        "owner_tier": 0,
        "request": "q10",
        "segment_index": 85
      },
      {
        "cache_owner": "q0",
        "epic_prefix_rows": [
          150,
          240
        ],
        "fingerprint": "9b66baa8d351f5fb",
        "length": 256,
        "owner_tier": 0,
        "request": "q10",
        "segment_index": 86
      },
      {
        "cache_owner": "q1",
        "epic_prefix_rows": [
          33,
          43
        ],
        "fingerprint": "1393d94e264cb21d",
        "length": 256,
        "owner_tier": 0,
        "request": "q10",
        "segment_index": 87
      },
      {
        "cache_owner": "q0",
        "epic_prefix_rows": [],
        "fingerprint": "b4818fcedac6bc88",
        "length": 300,
        "owner_tier": 0,
        "request": "q11",
        "segment_index": 0
      },
      {
        "cache_owner": "q0",
        "epic_prefix_rows": [
          20,
          33
        ],
        "fingerprint": "d8e088676ac0e994",
        "length": 256,
        "owner_tier": 0,
        "request": "q11",
        "segment_index": 1
      },
      {
        "cache_owner": "q0",
        "epic_prefix_rows": [
          66,
          115
        ],
        "fingerprint": "eba00dddf332f864",
        "length": 256,
        "owner_tier": 0,
        "request": "q11",
        "segment_index": 2
      },
      {
        "cache_owner": "q0",
        "epic_prefix_rows": [
          20,
          153
        ],
        "fingerprint": "16ff367edf27a427",
        "length": 256,
        "owner_tier": 0,
        "request": "q11",
        "segment_index": 3
      },
      {
        "cache_owner": "q0",
        "epic_prefix_rows": [
          7,
          229
        ],
        "fingerprint": "544559610dd737d8",
        "length": 256,
        "owner_tier": 0,
        "request": "q11",
        "segment_index": 4
      },
      {
        "cache_owner": "q0",
        "epic_prefix_rows": [
          82,
          169
        ],
        "fingerprint": "719d4f68cfcda7af",
        "length": 256,
        "owner_tier": 0,
        "request": "q11",
        "segment_index": 5
      },
      {
        "cache_owner": "q0",
        "epic_prefix_rows": [
          76,
          235
        ],
        "fingerprint": "de2eea82f07af94b",
        "length": 256,
        "owner_tier": 0,
        "request": "q11",
        "segment_index": 6
      },
      {
        "cache_owner": "q0",
        "epic_prefix_rows": [
          190,
          195
        ],
        "fingerprint": "3df9fb747ee9b3ed",
        "length": 256,
        "owner_tier": 0,
        "request": "q11",
        "segment_index": 7
      },
      {
        "cache_owner": "q0",
        "epic_prefix_rows": [
          17,
          46
        ],
        "fingerprint": "d84e94f761d8f171",
        "length": 256,
        "owner_tier": 0,
        "request": "q11",
        "segment_index": 8
      },
      {
        "cache_owner": "q0",
        "epic_prefix_rows": [
          39,
          218
        ],
        "fingerprint": "e69c516fc2d68c1b",
        "length": 256,
        "owner_tier": 0,
        "request": "q11",
        "segment_index": 9
      },
      {
        "cache_owner": "q0",
        "epic_prefix_rows": [
          105,
          148
        ],
        "fingerprint": "d679790103e8c53b",
        "length": 256,
        "owner_tier": 0,
        "request": "q11",
        "segment_index": 10
      },
      {
        "cache_owner": "q0",
        "epic_prefix_rows": [
          213,
          246
        ],
        "fingerprint": "ef9219752ae977de",
        "length": 256,
        "owner_tier": 0,
        "request": "q11",
        "segment_index": 11
      },
      {
        "cache_owner": "q0",
        "epic_prefix_rows": [
          119,
          198
        ],
        "fingerprint": "804751a4de0897b1",
        "length": 256,
        "owner_tier": 0,
        "request": "q11",
        "segment_index": 12
      },
      {
        "cache_owner": "q0",
        "epic_prefix_rows": [
          0,
          10
        ],
        "fingerprint": "408f7199c5ad6444",
        "length": 256,
        "owner_tier": 0,
        "request": "q11",
        "segment_index": 13
      },
      {
        "cache_owner": "q0",
        "epic_prefix_rows": [
          93,
          154
        ],
        "fingerprint": "0b61bf84de13cf6f",
        "length": 256,
        "owner_tier": 0,
        "request": "q11",
        "segment_index": 14
      },
      {
        "cache_owner": "q0",
        "epic_prefix_rows": [
          130,
          170
        ],
        "fingerprint": "f4cf28fc5b71edf3",
        "length": 256,
        "owner_tier": 0,
        "request": "q11",
        "segment_index": 15
      },
      {
        "cache_owner": "q0",
        "epic_prefix_rows": [
          33,
          252
        ],
        "fingerprint": "f4fdd0e52e878abf",
        "length": 256,
        "owner_tier": 0,
        "request": "q11",
        "segment_index": 16
      },
      {
        "cache_owner": "q0",
        "epic_prefix_rows": [
          134,
          155
        ],
        "fingerprint": "7ba29ac00739c4ea",
        "length": 256,
        "owner_tier": 0,
        "request": "q11",
        "segment_index": 17
      },
      {
        "cache_owner": "q0",
        "epic_prefix_rows": [
          196,
          208
        ],
        "fingerprint": "6c5246339cc01ead",
        "length": 256,
        "owner_tier": 0,
        "request": "q11",
        "segment_index": 18
      },
      {
        "cache_owner": "q0",
        "epic_prefix_rows": [
          31,
          196
        ],
        "fingerprint": "3e13ea33ffd365d2",
        "length": 256,
        "owner_tier": 0,
        "request": "q11",
        "segment_index": 19
      },
      {
        "cache_owner": "q0",
        "epic_prefix_rows": [
          65,
          83
        ],
        "fingerprint": "97a85315f7478ed8",
        "length": 256,
        "owner_tier": 0,
        "request": "q11",
        "segment_index": 20
      },
      {
        "cache_owner": "q0",
        "epic_prefix_rows": [
          122,
          146
        ],
        "fingerprint": "e2f20e8d23ad1f3c",
        "length": 256,
        "owner_tier": 0,
        "request": "q11",
        "segment_index": 21
      },
      {
        "cache_owner": "q0",
        "epic_prefix_rows": [
          28,
          171
        ],
        "fingerprint": "0d5323d6441850a7",
        "length": 256,
        "owner_tier": 0,
        "request": "q11",
        "segment_index": 22
      },
      {
        "cache_owner": "q0",
        "epic_prefix_rows": [
          18,
          246
        ],
        "fingerprint": "2bbeefee3ca77394",
        "length": 256,
        "owner_tier": 0,
        "request": "q11",
        "segment_index": 23
      },
      {
        "cache_owner": "q0",
        "epic_prefix_rows": [
          72,
          213
        ],
        "fingerprint": "28b214a69646c775",
        "length": 256,
        "owner_tier": 0,
        "request": "q11",
        "segment_index": 24
      },
      {
        "cache_owner": "q0",
        "epic_prefix_rows": [
          41,
          251
        ],
        "fingerprint": "196ab37f68eb91dd",
        "length": 256,
        "owner_tier": 0,
        "request": "q11",
        "segment_index": 25
      },
      {
        "cache_owner": "q0",
        "epic_prefix_rows": [
          77,
          180
        ],
        "fingerprint": "b289731a6de14025",
        "length": 256,
        "owner_tier": 0,
        "request": "q11",
        "segment_index": 26
      },
      {
        "cache_owner": "q0",
        "epic_prefix_rows": [
          18,
          210
        ],
        "fingerprint": "1fd8287b40b3ef05",
        "length": 256,
        "owner_tier": 0,
        "request": "q11",
        "segment_index": 27
      },
      {
        "cache_owner": "q0",
        "epic_prefix_rows": [
          197,
          238
        ],
        "fingerprint": "d655032a50b311c0",
        "length": 256,
        "owner_tier": 0,
        "request": "q11",
        "segment_index": 28
      },
      {
        "cache_owner": "q0",
        "epic_prefix_rows": [
          24,
          234
        ],
        "fingerprint": "68aa33941aec615e",
        "length": 256,
        "owner_tier": 0,
        "request": "q11",
        "segment_index": 29
      },
      {
        "cache_owner": "q0",
        "epic_prefix_rows": [
          51,
          241
        ],
        "fingerprint": "57edc36f5adb4077",
        "length": 256,
        "owner_tier": 0,
        "request": "q11",
        "segment_index": 30
      },
      {
        "cache_owner": "q0",
        "epic_prefix_rows": [
          10,
          77
        ],
        "fingerprint": "060fe3cc81c4e614",
        "length": 256,
        "owner_tier": 0,
        "request": "q11",
        "segment_index": 31
      },
      {
        "cache_owner": "q0",
        "epic_prefix_rows": [
          16,
          67
        ],
        "fingerprint": "2c3a90bf49014087",
        "length": 256,
        "owner_tier": 0,
        "request": "q11",
        "segment_index": 32
      },
      {
        "cache_owner": "q0",
        "epic_prefix_rows": [
          53,
          165
        ],
        "fingerprint": "b8b19851f0e91e8b",
        "length": 256,
        "owner_tier": 0,
        "request": "q11",
        "segment_index": 33
      },
      {
        "cache_owner": "q0",
        "epic_prefix_rows": [
          99,
          177
        ],
        "fingerprint": "0a24aa246267ca70",
        "length": 256,
        "owner_tier": 0,
        "request": "q11",
        "segment_index": 34
      },
      {
        "cache_owner": "q0",
        "epic_prefix_rows": [
          196,
          251
        ],
        "fingerprint": "39982a5ac106dc56",
        "length": 256,
        "owner_tier": 0,
        "request": "q11",
        "segment_index": 35
      },
      {
        "cache_owner": "q0",
        "epic_prefix_rows": [
          30,
          56
        ],
        "fingerprint": "5b4fec5265577019",
        "length": 256,
        "owner_tier": 0,
        "request": "q11",
        "segment_index": 36
      },
      {
        "cache_owner": "q0",
        "epic_prefix_rows": [
          172,
          239
        ],
        "fingerprint": "31754f310cc87cb9",
        "length": 256,
        "owner_tier": 0,
        "request": "q11",
        "segment_index": 37
      },
      {
        "cache_owner": "q0",
        "epic_prefix_rows": [
          63,
          151
        ],
        "fingerprint": "17914e14c68c53c7",
        "length": 256,
        "owner_tier": 0,
        "request": "q11",
        "segment_index": 38
      },
      {
        "cache_owner": "q0",
        "epic_prefix_rows": [
          65,
          198
        ],
        "fingerprint": "0d5ec49d1bd3dfc2",
        "length": 256,
        "owner_tier": 0,
        "request": "q11",
        "segment_index": 39
      },
      {
        "cache_owner": "q0",
        "epic_prefix_rows": [
          62,
          150
        ],
        "fingerprint": "c8ca1ee28f153785",
        "length": 256,
        "owner_tier": 0,
        "request": "q11",
        "segment_index": 40
      },
      {
        "cache_owner": "q0",
        "epic_prefix_rows": [
          19,
          96
        ],
        "fingerprint": "d2d59fe199246a8a",
        "length": 256,
        "owner_tier": 0,
        "request": "q11",
        "segment_index": 41
      },
      {
        "cache_owner": "q0",
        "epic_prefix_rows": [
          200,
          227
        ],
        "fingerprint": "f8c3ac43031f479d",
        "length": 256,
        "owner_tier": 0,
        "request": "q11",
        "segment_index": 42
      },
      {
        "cache_owner": "q0",
        "epic_prefix_rows": [
          97,
          190
        ],
        "fingerprint": "1a0ba2ae3b5af048",
        "length": 256,
        "owner_tier": 0,
        "request": "q11",
        "segment_index": 43
      },
      {
        "cache_owner": "q0",
        "epic_prefix_rows": [
          182,
          233
        ],
        "fingerprint": "4efa77b98545d7f9",
        "length": 256,
        "owner_tier": 0,
        "request": "q11",
        "segment_index": 44
      },
      {
        "cache_owner": "q0",
        "epic_prefix_rows": [
          22,
          38
        ],
        "fingerprint": "e8daa9461adadb50",
        "length": 256,
        "owner_tier": 0,
        "request": "q11",
        "segment_index": 45
      },
      {
        "cache_owner": "q0",
        "epic_prefix_rows": [
          20,
          248
        ],
        "fingerprint": "27676fe4288b5092",
        "length": 256,
        "owner_tier": 0,
        "request": "q11",
        "segment_index": 46
      },
      {
        "cache_owner": "q0",
        "epic_prefix_rows": [
          13,
          130
        ],
        "fingerprint": "4628056629d21f29",
        "length": 256,
        "owner_tier": 0,
        "request": "q11",
        "segment_index": 47
      },
      {
        "cache_owner": "q0",
        "epic_prefix_rows": [
          110,
          117
        ],
        "fingerprint": "9e222200b410e430",
        "length": 256,
        "owner_tier": 0,
        "request": "q11",
        "segment_index": 48
      },
      {
        "cache_owner": "q0",
        "epic_prefix_rows": [
          47,
          215
        ],
        "fingerprint": "7753df1b6f8c9278",
        "length": 256,
        "owner_tier": 0,
        "request": "q11",
        "segment_index": 49
      },
      {
        "cache_owner": "q0",
        "epic_prefix_rows": [
          58,
          156
        ],
        "fingerprint": "2601f658cc5d3594",
        "length": 256,
        "owner_tier": 0,
        "request": "q11",
        "segment_index": 50
      },
      {
        "cache_owner": "q0",
        "epic_prefix_rows": [
          74,
          218
        ],
        "fingerprint": "27013d93d3fccf89",
        "length": 256,
        "owner_tier": 0,
        "request": "q11",
        "segment_index": 51
      },
      {
        "cache_owner": "q0",
        "epic_prefix_rows": [
          43,
          216
        ],
        "fingerprint": "6880baf09f037c19",
        "length": 256,
        "owner_tier": 0,
        "request": "q11",
        "segment_index": 52
      },
      {
        "cache_owner": "q0",
        "epic_prefix_rows": [
          53,
          212
        ],
        "fingerprint": "0724e17672a95b93",
        "length": 256,
        "owner_tier": 0,
        "request": "q11",
        "segment_index": 53
      },
      {
        "cache_owner": "q0",
        "epic_prefix_rows": [
          32,
          50
        ],
        "fingerprint": "e3c449fc4cd656ce",
        "length": 256,
        "owner_tier": 0,
        "request": "q11",
        "segment_index": 54
      },
      {
        "cache_owner": "q0",
        "epic_prefix_rows": [
          79,
          212
        ],
        "fingerprint": "274f7d8aacaccf25",
        "length": 256,
        "owner_tier": 0,
        "request": "q11",
        "segment_index": 55
      },
      {
        "cache_owner": "q0",
        "epic_prefix_rows": [
          15,
          228
        ],
        "fingerprint": "146a74171fc8e908",
        "length": 256,
        "owner_tier": 0,
        "request": "q11",
        "segment_index": 56
      },
      {
        "cache_owner": "q0",
        "epic_prefix_rows": [
          213,
          220
        ],
        "fingerprint": "56421c8602f059e6",
        "length": 256,
        "owner_tier": 0,
        "request": "q11",
        "segment_index": 57
      },
      {
        "cache_owner": "q0",
        "epic_prefix_rows": [
          15,
          254
        ],
        "fingerprint": "357ad2bb54f67a0c",
        "length": 256,
        "owner_tier": 0,
        "request": "q11",
        "segment_index": 58
      },
      {
        "cache_owner": "q0",
        "epic_prefix_rows": [
          129,
          166
        ],
        "fingerprint": "008b81b4d6caa9c9",
        "length": 256,
        "owner_tier": 0,
        "request": "q11",
        "segment_index": 59
      },
      {
        "cache_owner": "q0",
        "epic_prefix_rows": [
          40,
          180
        ],
        "fingerprint": "189f6cf46a89a8af",
        "length": 256,
        "owner_tier": 0,
        "request": "q11",
        "segment_index": 60
      },
      {
        "cache_owner": "q0",
        "epic_prefix_rows": [
          36,
          62
        ],
        "fingerprint": "7ee8a980cd5e73db",
        "length": 256,
        "owner_tier": 0,
        "request": "q11",
        "segment_index": 61
      },
      {
        "cache_owner": "q0",
        "epic_prefix_rows": [
          15,
          183
        ],
        "fingerprint": "1e09fc3aa312bedf",
        "length": 256,
        "owner_tier": 0,
        "request": "q11",
        "segment_index": 62
      },
      {
        "cache_owner": "q0",
        "epic_prefix_rows": [
          176,
          178
        ],
        "fingerprint": "e83ba334f98641d8",
        "length": 256,
        "owner_tier": 0,
        "request": "q11",
        "segment_index": 63
      },
      {
        "cache_owner": "q0",
        "epic_prefix_rows": [
          5,
          91
        ],
        "fingerprint": "93ff15fd417be171",
        "length": 256,
        "owner_tier": 0,
        "request": "q11",
        "segment_index": 64
      },
      {
        "cache_owner": "q0",
        "epic_prefix_rows": [
          118,
          187
        ],
        "fingerprint": "014c9a04b4e916be",
        "length": 256,
        "owner_tier": 0,
        "request": "q11",
        "segment_index": 65
      },
      {
        "cache_owner": "q0",
        "epic_prefix_rows": [
          36,
          73
        ],
        "fingerprint": "84398fc658db81a5",
        "length": 256,
        "owner_tier": 0,
        "request": "q11",
        "segment_index": 66
      },
      {
        "cache_owner": "q0",
        "epic_prefix_rows": [
          1,
          106
        ],
        "fingerprint": "05d534e6a81b4210",
        "length": 256,
        "owner_tier": 0,
        "request": "q11",
        "segment_index": 67
      },
      {
        "cache_owner": "q0",
        "epic_prefix_rows": [
          63,
          104
        ],
        "fingerprint": "8c41295e89de23e3",
        "length": 256,
        "owner_tier": 0,
        "request": "q11",
        "segment_index": 68
      },
      {
        "cache_owner": "q0",
        "epic_prefix_rows": [
          3,
          150
        ],
        "fingerprint": "0d6ee10e10def3d2",
        "length": 256,
        "owner_tier": 0,
        "request": "q11",
        "segment_index": 69
      },
      {
        "cache_owner": "q0",
        "epic_prefix_rows": [
          12,
          188
        ],
        "fingerprint": "c1807afb81a20f51",
        "length": 256,
        "owner_tier": 0,
        "request": "q11",
        "segment_index": 70
      },
      {
        "cache_owner": "q0",
        "epic_prefix_rows": [
          72,
          119
        ],
        "fingerprint": "931d7f5b83731cc7",
        "length": 256,
        "owner_tier": 0,
        "request": "q11",
        "segment_index": 71
      },
      {
        "cache_owner": "q0",
        "epic_prefix_rows": [
          95,
          232
        ],
        "fingerprint": "de3ba4f43ce3a094",
        "length": 256,
        "owner_tier": 0,
        "request": "q11",
        "segment_index": 72
      },
      {
        "cache_owner": "q0",
        "epic_prefix_rows": [
          57,
          244
        ],
        "fingerprint": "549b6eeef884e61d",
        "length": 256,
        "owner_tier": 0,
        "request": "q11",
        "segment_index": 73
      },
      {
        "cache_owner": "q0",
        "epic_prefix_rows": [
          132,
          176
        ],
        "fingerprint": "8f21a2b7cbc6a1cc",
        "length": 256,
        "owner_tier": 0,
        "request": "q11",
        "segment_index": 74
      },
      {
        "cache_owner": "q0",
        "epic_prefix_rows": [
          14,
          66
        ],
        "fingerprint": "3327eb88b326572c",
        "length": 256,
        "owner_tier": 0,
        "request": "q11",
        "segment_index": 75
      },
      {
        "cache_owner": "q0",
        "epic_prefix_rows": [
          106,
          185
        ],
        "fingerprint": "828afffd0287a7fd",
        "length": 256,
        "owner_tier": 0,
        "request": "q11",
        "segment_index": 76
      },
      {
        "cache_owner": "q0",
        "epic_prefix_rows": [
          171,
          242
        ],
        "fingerprint": "2e40f41c46618477",
        "length": 256,
        "owner_tier": 0,
        "request": "q11",
        "segment_index": 77
      },
      {
        "cache_owner": "q0",
        "epic_prefix_rows": [
          149,
          151
        ],
        "fingerprint": "38fd9d00b6d09b58",
        "length": 256,
        "owner_tier": 0,
        "request": "q11",
        "segment_index": 78
      },
      {
        "cache_owner": "q0",
        "epic_prefix_rows": [
          94,
          167
        ],
        "fingerprint": "01ef803e6ca17df7",
        "length": 256,
        "owner_tier": 0,
        "request": "q11",
        "segment_index": 79
      },
      {
        "cache_owner": "q0",
        "epic_prefix_rows": [
          41,
          52
        ],
        "fingerprint": "70b457c38f944354",
        "length": 256,
        "owner_tier": 0,
        "request": "q11",
        "segment_index": 80
      },
      {
        "cache_owner": "q0",
        "epic_prefix_rows": [
          80,
          157
        ],
        "fingerprint": "e2614c2dedf4cf58",
        "length": 256,
        "owner_tier": 0,
        "request": "q11",
        "segment_index": 81
      },
      {
        "cache_owner": "q0",
        "epic_prefix_rows": [
          75,
          192
        ],
        "fingerprint": "b1ab14bf7fe90b52",
        "length": 256,
        "owner_tier": 0,
        "request": "q11",
        "segment_index": 82
      },
      {
        "cache_owner": "q0",
        "epic_prefix_rows": [
          64,
          114
        ],
        "fingerprint": "19b2326032573ee0",
        "length": 256,
        "owner_tier": 0,
        "request": "q11",
        "segment_index": 83
      },
      {
        "cache_owner": "q0",
        "epic_prefix_rows": [
          124,
          161
        ],
        "fingerprint": "f97f30f9dca3b30d",
        "length": 256,
        "owner_tier": 0,
        "request": "q11",
        "segment_index": 84
      },
      {
        "cache_owner": "q0",
        "epic_prefix_rows": [
          94,
          121
        ],
        "fingerprint": "9b66baa8d351f5fb",
        "length": 256,
        "owner_tier": 0,
        "request": "q11",
        "segment_index": 85
      },
      {
        "cache_owner": "q1",
        "epic_prefix_rows": [
          149,
          190
        ],
        "fingerprint": "1393d94e264cb21d",
        "length": 256,
        "owner_tier": 0,
        "request": "q11",
        "segment_index": 86
      },
      {
        "cache_owner": "q10",
        "epic_prefix_rows": [
          23,
          214
        ],
        "fingerprint": "5994a888fff74396",
        "length": 256,
        "owner_tier": 0,
        "request": "q11",
        "segment_index": 87
      },
      {
        "cache_owner": "q10",
        "epic_prefix_rows": [
          10,
          67
        ],
        "fingerprint": "7340d25484ecfb18",
        "length": 256,
        "owner_tier": 0,
        "request": "q11",
        "segment_index": 88
      },
      {
        "cache_owner": "q10",
        "epic_prefix_rows": [
          39,
          201
        ],
        "fingerprint": "6a4062e9346a79d0",
        "length": 256,
        "owner_tier": 0,
        "request": "q11",
        "segment_index": 89
      },
      {
        "cache_owner": "q10",
        "epic_prefix_rows": [
          37,
          67
        ],
        "fingerprint": "310d98fa063059f6",
        "length": 256,
        "owner_tier": 0,
        "request": "q11",
        "segment_index": 90
      },
      {
        "cache_owner": "q10",
        "epic_prefix_rows": [
          153,
          215
        ],
        "fingerprint": "7f08b641340dd17c",
        "length": 256,
        "owner_tier": 0,
        "request": "q11",
        "segment_index": 91
      },
      {
        "cache_owner": "q10",
        "epic_prefix_rows": [
          72,
          213
        ],
        "fingerprint": "264864c692eeca8a",
        "length": 256,
        "owner_tier": 0,
        "request": "q11",
        "segment_index": 92
      },
      {
        "cache_owner": "q10",
        "epic_prefix_rows": [
          152,
          216
        ],
        "fingerprint": "e155baafb2c3e476",
        "length": 256,
        "owner_tier": 0,
        "request": "q11",
        "segment_index": 93
      },
      {
        "cache_owner": "q10",
        "epic_prefix_rows": [
          43,
          181
        ],
        "fingerprint": "d029c68480eecff2",
        "length": 256,
        "owner_tier": 0,
        "request": "q11",
        "segment_index": 94
      },
      {
        "cache_owner": "q10",
        "epic_prefix_rows": [
          127,
          227
        ],
        "fingerprint": "ece1f5f22a91f207",
        "length": 256,
        "owner_tier": 0,
        "request": "q11",
        "segment_index": 95
      },
      {
        "cache_owner": "q0",
        "epic_prefix_rows": [],
        "fingerprint": "b4818fcedac6bc88",
        "length": 300,
        "owner_tier": 0,
        "request": "q2",
        "segment_index": 0
      },
      {
        "cache_owner": "q0",
        "epic_prefix_rows": [
          29,
          189
        ],
        "fingerprint": "760fd9ddb6470dd1",
        "length": 256,
        "owner_tier": 0,
        "request": "q2",
        "segment_index": 1
      },
      {
        "cache_owner": "q0",
        "epic_prefix_rows": [
          192,
          209
        ],
        "fingerprint": "7505c29ddf4c54c5",
        "length": 256,
        "owner_tier": 0,
        "request": "q2",
        "segment_index": 2
      },
      {
        "cache_owner": "q0",
        "epic_prefix_rows": [
          4,
          213
        ],
        "fingerprint": "914756b1ef8c4266",
        "length": 256,
        "owner_tier": 0,
        "request": "q2",
        "segment_index": 3
      },
      {
        "cache_owner": "q0",
        "epic_prefix_rows": [
          164,
          225
        ],
        "fingerprint": "f80c33b8ee010c22",
        "length": 256,
        "owner_tier": 0,
        "request": "q2",
        "segment_index": 4
      },
      {
        "cache_owner": "q0",
        "epic_prefix_rows": [
          104,
          190
        ],
        "fingerprint": "a5918e4687c97f7e",
        "length": 256,
        "owner_tier": 0,
        "request": "q2",
        "segment_index": 5
      },
      {
        "cache_owner": "q0",
        "epic_prefix_rows": [
          150,
          241
        ],
        "fingerprint": "2b4e7732607841e2",
        "length": 256,
        "owner_tier": 0,
        "request": "q2",
        "segment_index": 6
      },
      {
        "cache_owner": "q0",
        "epic_prefix_rows": [
          46,
          94
        ],
        "fingerprint": "9e4aeb4914ddd394",
        "length": 256,
        "owner_tier": 0,
        "request": "q2",
        "segment_index": 7
      },
      {
        "cache_owner": "q0",
        "epic_prefix_rows": [
          55,
          141
        ],
        "fingerprint": "6334e6823b55d024",
        "length": 256,
        "owner_tier": 0,
        "request": "q2",
        "segment_index": 8
      },
      {
        "cache_owner": "q0",
        "epic_prefix_rows": [
          57,
          78
        ],
        "fingerprint": "307e02ba0c9c8db6",
        "length": 256,
        "owner_tier": 0,
        "request": "q2",
        "segment_index": 9
      },
      {
        "cache_owner": "q0",
        "epic_prefix_rows": [
          204,
          228
        ],
        "fingerprint": "d8e088676ac0e994",
        "length": 256,
        "owner_tier": 0,
        "request": "q2",
        "segment_index": 10
      },
      {
        "cache_owner": "q0",
        "epic_prefix_rows": [
          94,
          215
        ],
        "fingerprint": "eba00dddf332f864",
        "length": 256,
        "owner_tier": 0,
        "request": "q2",
        "segment_index": 11
      },
      {
        "cache_owner": "q0",
        "epic_prefix_rows": [
          89,
          221
        ],
        "fingerprint": "16ff367edf27a427",
        "length": 256,
        "owner_tier": 0,
        "request": "q2",
        "segment_index": 12
      },
      {
        "cache_owner": "q0",
        "epic_prefix_rows": [
          126,
          232
        ],
        "fingerprint": "544559610dd737d8",
        "length": 256,
        "owner_tier": 0,
        "request": "q2",
        "segment_index": 13
      },
      {
        "cache_owner": "q0",
        "epic_prefix_rows": [
          72,
          174
        ],
        "fingerprint": "719d4f68cfcda7af",
        "length": 256,
        "owner_tier": 0,
        "request": "q2",
        "segment_index": 14
      },
      {
        "cache_owner": "q0",
        "epic_prefix_rows": [
          181,
          236
        ],
        "fingerprint": "de2eea82f07af94b",
        "length": 256,
        "owner_tier": 0,
        "request": "q2",
        "segment_index": 15
      },
      {
        "cache_owner": "q0",
        "epic_prefix_rows": [
          44,
          247
        ],
        "fingerprint": "3df9fb747ee9b3ed",
        "length": 256,
        "owner_tier": 0,
        "request": "q2",
        "segment_index": 16
      },
      {
        "cache_owner": "q0",
        "epic_prefix_rows": [
          104,
          150
        ],
        "fingerprint": "d84e94f761d8f171",
        "length": 256,
        "owner_tier": 0,
        "request": "q2",
        "segment_index": 17
      },
      {
        "cache_owner": "q0",
        "epic_prefix_rows": [
          0,
          229
        ],
        "fingerprint": "e69c516fc2d68c1b",
        "length": 256,
        "owner_tier": 0,
        "request": "q2",
        "segment_index": 18
      },
      {
        "cache_owner": "q0",
        "epic_prefix_rows": [
          3,
          236
        ],
        "fingerprint": "d679790103e8c53b",
        "length": 256,
        "owner_tier": 0,
        "request": "q2",
        "segment_index": 19
      },
      {
        "cache_owner": "q0",
        "epic_prefix_rows": [
          111,
          152
        ],
        "fingerprint": "ef9219752ae977de",
        "length": 256,
        "owner_tier": 0,
        "request": "q2",
        "segment_index": 20
      },
      {
        "cache_owner": "q0",
        "epic_prefix_rows": [
          58,
          154
        ],
        "fingerprint": "804751a4de0897b1",
        "length": 256,
        "owner_tier": 0,
        "request": "q2",
        "segment_index": 21
      },
      {
        "cache_owner": "q0",
        "epic_prefix_rows": [
          79,
          217
        ],
        "fingerprint": "408f7199c5ad6444",
        "length": 256,
        "owner_tier": 0,
        "request": "q2",
        "segment_index": 22
      },
      {
        "cache_owner": "q0",
        "epic_prefix_rows": [
          47,
          241
        ],
        "fingerprint": "0b61bf84de13cf6f",
        "length": 256,
        "owner_tier": 0,
        "request": "q2",
        "segment_index": 23
      },
      {
        "cache_owner": "q0",
        "epic_prefix_rows": [
          118,
          254
        ],
        "fingerprint": "f4cf28fc5b71edf3",
        "length": 256,
        "owner_tier": 0,
        "request": "q2",
        "segment_index": 24
      },
      {
        "cache_owner": "q0",
        "epic_prefix_rows": [
          143,
          207
        ],
        "fingerprint": "f4fdd0e52e878abf",
        "length": 256,
        "owner_tier": 0,
        "request": "q2",
        "segment_index": 25
      },
      {
        "cache_owner": "q0",
        "epic_prefix_rows": [
          11,
          61
        ],
        "fingerprint": "7ba29ac00739c4ea",
        "length": 256,
        "owner_tier": 0,
        "request": "q2",
        "segment_index": 26
      },
      {
        "cache_owner": "q0",
        "epic_prefix_rows": [
          20,
          138
        ],
        "fingerprint": "6c5246339cc01ead",
        "length": 256,
        "owner_tier": 0,
        "request": "q2",
        "segment_index": 27
      },
      {
        "cache_owner": "q0",
        "epic_prefix_rows": [
          0,
          131
        ],
        "fingerprint": "3e13ea33ffd365d2",
        "length": 256,
        "owner_tier": 0,
        "request": "q2",
        "segment_index": 28
      },
      {
        "cache_owner": "q0",
        "epic_prefix_rows": [
          202,
          203
        ],
        "fingerprint": "97a85315f7478ed8",
        "length": 256,
        "owner_tier": 0,
        "request": "q2",
        "segment_index": 29
      },
      {
        "cache_owner": "q0",
        "epic_prefix_rows": [
          52,
          227
        ],
        "fingerprint": "e2f20e8d23ad1f3c",
        "length": 256,
        "owner_tier": 0,
        "request": "q2",
        "segment_index": 30
      },
      {
        "cache_owner": "q0",
        "epic_prefix_rows": [
          129,
          181
        ],
        "fingerprint": "0d5323d6441850a7",
        "length": 256,
        "owner_tier": 0,
        "request": "q2",
        "segment_index": 31
      },
      {
        "cache_owner": "q0",
        "epic_prefix_rows": [
          100,
          145
        ],
        "fingerprint": "2bbeefee3ca77394",
        "length": 256,
        "owner_tier": 0,
        "request": "q2",
        "segment_index": 32
      },
      {
        "cache_owner": "q0",
        "epic_prefix_rows": [
          18,
          43
        ],
        "fingerprint": "28b214a69646c775",
        "length": 256,
        "owner_tier": 0,
        "request": "q2",
        "segment_index": 33
      },
      {
        "cache_owner": "q0",
        "epic_prefix_rows": [
          36,
          134
        ],
        "fingerprint": "196ab37f68eb91dd",
        "length": 256,
        "owner_tier": 0,
        "request": "q2",
        "segment_index": 34
      },
      {
        "cache_owner": "q0",
        "epic_prefix_rows": [
          156,
          174
        ],
        "fingerprint": "b289731a6de14025",
        "length": 256,
        "owner_tier": 0,
        "request": "q2",
        "segment_index": 35
      },
      {
        "cache_owner": "q0",
        "epic_prefix_rows": [
          60,
          127
        ],
        "fingerprint": "1fd8287b40b3ef05",
        "length": 256,
        "owner_tier": 0,
        "request": "q2",
        "segment_index": 36
      },
      {
        "cache_owner": "q0",
        "epic_prefix_rows": [
          34,
          83
        ],
        "fingerprint": "d655032a50b311c0",
        "length": 256,
        "owner_tier": 0,
        "request": "q2",
        "segment_index": 37
      },
      {
        "cache_owner": "q0",
        "epic_prefix_rows": [
          148,
          212
        ],
        "fingerprint": "68aa33941aec615e",
        "length": 256,
        "owner_tier": 0,
        "request": "q2",
        "segment_index": 38
      },
      {
        "cache_owner": "q0",
        "epic_prefix_rows": [
          68,
          144
        ],
        "fingerprint": "57edc36f5adb4077",
        "length": 256,
        "owner_tier": 0,
        "request": "q2",
        "segment_index": 39
      },
      {
        "cache_owner": "q0",
        "epic_prefix_rows": [
          53,
          107
        ],
        "fingerprint": "060fe3cc81c4e614",
        "length": 256,
        "owner_tier": 0,
        "request": "q2",
        "segment_index": 40
      },
      {
        "cache_owner": "q0",
        "epic_prefix_rows": [
          206,
          210
        ],
        "fingerprint": "2c3a90bf49014087",
        "length": 256,
        "owner_tier": 0,
        "request": "q2",
        "segment_index": 41
      },
      {
        "cache_owner": "q0",
        "epic_prefix_rows": [
          142,
          149
        ],
        "fingerprint": "b8b19851f0e91e8b",
        "length": 256,
        "owner_tier": 0,
        "request": "q2",
        "segment_index": 42
      },
      {
        "cache_owner": "q0",
        "epic_prefix_rows": [
          190,
          226
        ],
        "fingerprint": "0a24aa246267ca70",
        "length": 256,
        "owner_tier": 0,
        "request": "q2",
        "segment_index": 43
      },
      {
        "cache_owner": "q0",
        "epic_prefix_rows": [
          70,
          80
        ],
        "fingerprint": "39982a5ac106dc56",
        "length": 256,
        "owner_tier": 0,
        "request": "q2",
        "segment_index": 44
      },
      {
        "cache_owner": "q0",
        "epic_prefix_rows": [
          61,
          63
        ],
        "fingerprint": "5b4fec5265577019",
        "length": 256,
        "owner_tier": 0,
        "request": "q2",
        "segment_index": 45
      },
      {
        "cache_owner": "q0",
        "epic_prefix_rows": [
          195,
          205
        ],
        "fingerprint": "31754f310cc87cb9",
        "length": 256,
        "owner_tier": 0,
        "request": "q2",
        "segment_index": 46
      },
      {
        "cache_owner": "q0",
        "epic_prefix_rows": [
          71,
          239
        ],
        "fingerprint": "17914e14c68c53c7",
        "length": 256,
        "owner_tier": 0,
        "request": "q2",
        "segment_index": 47
      },
      {
        "cache_owner": "q0",
        "epic_prefix_rows": [
          153,
          181
        ],
        "fingerprint": "0d5ec49d1bd3dfc2",
        "length": 256,
        "owner_tier": 0,
        "request": "q2",
        "segment_index": 48
      },
      {
        "cache_owner": "q0",
        "epic_prefix_rows": [
          212,
          242
        ],
        "fingerprint": "c8ca1ee28f153785",
        "length": 256,
        "owner_tier": 0,
        "request": "q2",
        "segment_index": 49
      },
      {
        "cache_owner": "q0",
        "epic_prefix_rows": [
          111,
          244
        ],
        "fingerprint": "d2d59fe199246a8a",
        "length": 256,
        "owner_tier": 0,
        "request": "q2",
        "segment_index": 50
      },
      {
        "cache_owner": "q0",
        "epic_prefix_rows": [
          162,
          250
        ],
        "fingerprint": "f8c3ac43031f479d",
        "length": 256,
        "owner_tier": 0,
        "request": "q2",
        "segment_index": 51
      },
      {
        "cache_owner": "q0",
        "epic_prefix_rows": [
          30,
          252
        ],
        "fingerprint": "1a0ba2ae3b5af048",
        "length": 256,
        "owner_tier": 0,
        "request": "q2",
        "segment_index": 52
      },
      {
        "cache_owner": "q0",
        "epic_prefix_rows": [
          153,
          227
        ],
        "fingerprint": "4efa77b98545d7f9",
        "length": 256,
        "owner_tier": 0,
        "request": "q2",
        "segment_index": 53
      },
      {
        "cache_owner": "q0",
        "epic_prefix_rows": [
          73,
          253
        ],
        "fingerprint": "e8daa9461adadb50",
        "length": 256,
        "owner_tier": 0,
        "request": "q2",
        "segment_index": 54
      },
      {
        "cache_owner": "q0",
        "epic_prefix_rows": [
          26,
          110
        ],
        "fingerprint": "27676fe4288b5092",
        "length": 256,
        "owner_tier": 0,
        "request": "q2",
        "segment_index": 55
      },
      {
        "cache_owner": "q0",
        "epic_prefix_rows": [
          13,
          181
        ],
        "fingerprint": "4628056629d21f29",
        "length": 256,
        "owner_tier": 0,
        "request": "q2",
        "segment_index": 56
      },
      {
        "cache_owner": "q0",
        "epic_prefix_rows": [
          200,
          241
        ],
        "fingerprint": "9e222200b410e430",
        "length": 256,
        "owner_tier": 0,
        "request": "q2",
        "segment_index": 57
      },
      {
        "cache_owner": "q0",
        "epic_prefix_rows": [
          5,
          34
        ],
        "fingerprint": "7753df1b6f8c9278",
        "length": 256,
        "owner_tier": 0,
        "request": "q2",
        "segment_index": 58
      },
      {
        "cache_owner": "q0",
        "epic_prefix_rows": [
          41,
          202
        ],
        "fingerprint": "2601f658cc5d3594",
        "length": 256,
        "owner_tier": 0,
        "request": "q2",
        "segment_index": 59
      },
      {
        "cache_owner": "q0",
        "epic_prefix_rows": [
          3,
          184
        ],
        "fingerprint": "27013d93d3fccf89",
        "length": 256,
        "owner_tier": 0,
        "request": "q2",
        "segment_index": 60
      },
      {
        "cache_owner": "q0",
        "epic_prefix_rows": [
          21,
          59
        ],
        "fingerprint": "6880baf09f037c19",
        "length": 256,
        "owner_tier": 0,
        "request": "q2",
        "segment_index": 61
      },
      {
        "cache_owner": "q0",
        "epic_prefix_rows": [
          1,
          138
        ],
        "fingerprint": "0724e17672a95b93",
        "length": 256,
        "owner_tier": 0,
        "request": "q2",
        "segment_index": 62
      },
      {
        "cache_owner": "q0",
        "epic_prefix_rows": [
          116,
          149
        ],
        "fingerprint": "e3c449fc4cd656ce",
        "length": 256,
        "owner_tier": 0,
        "request": "q2",
        "segment_index": 63
      },
      {
        "cache_owner": "q0",
        "epic_prefix_rows": [
          72,
          147
        ],
        "fingerprint": "274f7d8aacaccf25",
        "length": 256,
        "owner_tier": 0,
        "request": "q2",
        "segment_index": 64
      },
      {
        "cache_owner": "q0",
        "epic_prefix_rows": [
          53,
          97
        ],
        "fingerprint": "146a74171fc8e908",
        "length": 256,
        "owner_tier": 0,
        "request": "q2",
        "segment_index": 65
      },
      {
        "cache_owner": "q0",
        "epic_prefix_rows": [
          222,
          235
        ],
        "fingerprint": "56421c8602f059e6",
        "length": 256,
        "owner_tier": 0,
        "request": "q2",
        "segment_index": 66
      },
      {
        "cache_owner": "q0",
        "epic_prefix_rows": [
          169,
          196
        ],
        "fingerprint": "357ad2bb54f67a0c",
        "length": 256,
        "owner_tier": 0,
        "request": "q2",
        "segment_index": 67
      },
      {
        "cache_owner": "q0",
        "epic_prefix_rows": [
          86,
          169
        ],
        "fingerprint": "008b81b4d6caa9c9",
        "length": 256,
        "owner_tier": 0,
        "request": "q2",
        "segment_index": 68
      },
      {
        "cache_owner": "q0",
        "epic_prefix_rows": [
          215,
          222
        ],
        "fingerprint": "189f6cf46a89a8af",
        "length": 256,
        "owner_tier": 0,
        "request": "q2",
        "segment_index": 69
      },
      {
        "cache_owner": "q0",
        "epic_prefix_rows": [
          75,
          229
        ],
        "fingerprint": "7ee8a980cd5e73db",
        "length": 256,
        "owner_tier": 0,
        "request": "q2",
        "segment_index": 70
      },
      {
        "cache_owner": "q0",
        "epic_prefix_rows": [
          75,
          161
        ],
        "fingerprint": "1e09fc3aa312bedf",
        "length": 256,
        "owner_tier": 0,
        "request": "q2",
        "segment_index": 71
      },
      {
        "cache_owner": "q0",
        "epic_prefix_rows": [
          66,
          106
        ],
        "fingerprint": "e83ba334f98641d8",
        "length": 256,
        "owner_tier": 0,
        "request": "q2",
        "segment_index": 72
      },
      {
        "cache_owner": "q0",
        "epic_prefix_rows": [
          95,
          227
        ],
        "fingerprint": "93ff15fd417be171",
        "length": 256,
        "owner_tier": 0,
        "request": "q2",
        "segment_index": 73
      },
      {
        "cache_owner": "q0",
        "epic_prefix_rows": [
          178,
          199
        ],
        "fingerprint": "014c9a04b4e916be",
        "length": 256,
        "owner_tier": 0,
        "request": "q2",
        "segment_index": 74
      },
      {
        "cache_owner": "q0",
        "epic_prefix_rows": [
          218,
          251
        ],
        "fingerprint": "84398fc658db81a5",
        "length": 256,
        "owner_tier": 0,
        "request": "q2",
        "segment_index": 75
      },
      {
        "cache_owner": "q0",
        "epic_prefix_rows": [
          112,
          199
        ],
        "fingerprint": "05d534e6a81b4210",
        "length": 256,
        "owner_tier": 0,
        "request": "q2",
        "segment_index": 76
      },
      {
        "cache_owner": "q0",
        "epic_prefix_rows": [
          100,
          224
        ],
        "fingerprint": "8c41295e89de23e3",
        "length": 256,
        "owner_tier": 0,
        "request": "q2",
        "segment_index": 77
      },
      {
        "cache_owner": "q0",
        "epic_prefix_rows": [
          25,
          104
        ],
        "fingerprint": "0d6ee10e10def3d2",
        "length": 256,
        "owner_tier": 0,
        "request": "q2",
        "segment_index": 78
      },
      {
        "cache_owner": "q0",
        "epic_prefix_rows": [
          17,
          198
        ],
        "fingerprint": "c1807afb81a20f51",
        "length": 256,
        "owner_tier": 0,
        "request": "q2",
        "segment_index": 79
      },
      {
        "cache_owner": "q0",
        "epic_prefix_rows": [
          43,
          119
        ],
        "fingerprint": "931d7f5b83731cc7",
        "length": 256,
        "owner_tier": 0,
        "request": "q2",
        "segment_index": 80
      },
      {
        "cache_owner": "q0",
        "epic_prefix_rows": [
          95,
          186
        ],
        "fingerprint": "de3ba4f43ce3a094",
        "length": 256,
        "owner_tier": 0,
        "request": "q2",
        "segment_index": 81
      },
      {
        "cache_owner": "q0",
        "epic_prefix_rows": [
          29,
          88
        ],
        "fingerprint": "549b6eeef884e61d",
        "length": 256,
        "owner_tier": 0,
        "request": "q2",
        "segment_index": 82
      },
      {
        "cache_owner": "q0",
        "epic_prefix_rows": [
          119,
          152
        ],
        "fingerprint": "8f21a2b7cbc6a1cc",
        "length": 256,
        "owner_tier": 0,
        "request": "q2",
        "segment_index": 83
      },
      {
        "cache_owner": "q0",
        "epic_prefix_rows": [
          44,
          145
        ],
        "fingerprint": "3327eb88b326572c",
        "length": 256,
        "owner_tier": 0,
        "request": "q2",
        "segment_index": 84
      },
      {
        "cache_owner": "q0",
        "epic_prefix_rows": [
          180,
          210
        ],
        "fingerprint": "828afffd0287a7fd",
        "length": 256,
        "owner_tier": 0,
        "request": "q2",
        "segment_index": 85
      },
      {
        "cache_owner": "q0",
        "epic_prefix_rows": [
          27,
          234
        ],
        "fingerprint": "2e40f41c46618477",
        "length": 256,
        "owner_tier": 0,
        "request": "q2",
        "segment_index": 86
      },
      {
        "cache_owner": "q0",
        "epic_prefix_rows": [
          220,
          232
        ],
        "fingerprint": "38fd9d00b6d09b58",
        "length": 256,
        "owner_tier": 0,
        "request": "q2",
        "segment_index": 87
      },
      {
        "cache_owner": "q0",
        "epic_prefix_rows": [
          130,
          250
        ],
        "fingerprint": "01ef803e6ca17df7",
        "length": 256,
        "owner_tier": 0,
        "request": "q2",
        "segment_index": 88
      },
      {
        "cache_owner": "q0",
        "epic_prefix_rows": [
          110,
          243
        ],
        "fingerprint": "70b457c38f944354",
        "length": 256,
        "owner_tier": 0,
        "request": "q2",
        "segment_index": 89
      },
      {
        "cache_owner": "q0",
        "epic_prefix_rows": [
          136,
          172
        ],
        "fingerprint": "e2614c2dedf4cf58",
        "length": 256,
        "owner_tier": 0,
        "request": "q2",
        "segment_index": 90
      },
      {
        "cache_owner": "q0",
        "epic_prefix_rows": [
          21,
          22
        ],
        "fingerprint": "b1ab14bf7fe90b52",
        "length": 256,
        "owner_tier": 0,
        "request": "q2",
        "segment_index": 91
      },
      {
        "cache_owner": "q0",
        "epic_prefix_rows": [
          26,
          83
        ],
        "fingerprint": "19b2326032573ee0",
        "length": 256,
        "owner_tier": 0,
        "request": "q2",
        "segment_index": 92
      },
      {
        "cache_owner": "q0",
        "epic_prefix_rows": [
          1,
          179
        ],
        "fingerprint": "f97f30f9dca3b30d",
        "length": 256,
        "owner_tier": 0,
        "request": "q2",
        "segment_index": 93
      },
      {
        "cache_owner": "q0",
        "epic_prefix_rows": [
          3,
          148
        ],
        "fingerprint": "9b66baa8d351f5fb",
        "length": 256,
        "owner_tier": 0,
        "request": "q2",
        "segment_index": 94
      },
      {
        "cache_owner": "q1",
        "epic_prefix_rows": [
          32,
          71
        ],
        "fingerprint": "1393d94e264cb21d",
        "length": 256,
        "owner_tier": 0,
        "request": "q2",
        "segment_index": 95
      },
      {
        "cache_owner": "q10",
        "epic_prefix_rows": [
          113,
          219
        ],
        "fingerprint": "5994a888fff74396",
        "length": 256,
        "owner_tier": 0,
        "request": "q2",
        "segment_index": 96
      },
      {
        "cache_owner": "q0",
        "epic_prefix_rows": [],
        "fingerprint": "b4818fcedac6bc88",
        "length": 300,
        "owner_tier": 0,
        "request": "q3",
        "segment_index": 0
      },
      {
        "cache_owner": "q0",
        "epic_prefix_rows": [
          113,
          203
        ],
        "fingerprint": "7505c29ddf4c54c5",
        "length": 256,
        "owner_tier": 0,
        "request": "q3",
        "segment_index": 1
      },
      {
        "cache_owner": "q0",
        "epic_prefix_rows": [
          98,
          232
        ],
        "fingerprint": "914756b1ef8c4266",
        "length": 256,
        "owner_tier": 0,
        "request": "q3",
        "segment_index": 2
      },
      {
        "cache_owner": "q0",
        "epic_prefix_rows": [
          52,
          173
        ],
        "fingerprint": "f80c33b8ee010c22",
        "length": 256,
        "owner_tier": 0,
        "request": "q3",
        "segment_index": 3
      },
      {
        "cache_owner": "q0",
        "epic_prefix_rows": [
          43,
          163
        ],
        "fingerprint": "a5918e4687c97f7e",
        "length": 256,
        "owner_tier": 0,
        "request": "q3",
        "segment_index": 4
      },
      {
        "cache_owner": "q0",
        "epic_prefix_rows": [
          165,
          233
        ],
        "fingerprint": "2b4e7732607841e2",
        "length": 256,
        "owner_tier": 0,
        "request": "q3",
        "segment_index": 5
      },
      {
        "cache_owner": "q0",
        "epic_prefix_rows": [
          130,
          166
        ],
        "fingerprint": "9e4aeb4914ddd394",
        "length": 256,
        "owner_tier": 0,
        "request": "q3",
        "segment_index": 6
      },
      {
        "cache_owner": "q0",
        "epic_prefix_rows": [
          14,
          22
        ],
        "fingerprint": "6334e6823b55d024",
        "length": 256,
        "owner_tier": 0,
        "request": "q3",
        "segment_index": 7
      },
      {
        "cache_owner": "q0",
        "epic_prefix_rows": [
          97,
          188
        ],
        "fingerprint": "307e02ba0c9c8db6",
        "length": 256,
        "owner_tier": 0,
        "request": "q3",
        "segment_index": 8
      },
      {
        "cache_owner": "q0",
        "epic_prefix_rows": [
          41,
          107
        ],
        "fingerprint": "d8e088676ac0e994",
        "length": 256,
        "owner_tier": 0,
        "request": "q3",
        "segment_index": 9
      },
      {
        "cache_owner": "q0",
        "epic_prefix_rows": [
          96,
          177
        ],
        "fingerprint": "eba00dddf332f864",
        "length": 256,
        "owner_tier": 0,
        "request": "q3",
        "segment_index": 10
      },
      {
        "cache_owner": "q0",
        "epic_prefix_rows": [
          103,
          128
        ],
        "fingerprint": "16ff367edf27a427",
        "length": 256,
        "owner_tier": 0,
        "request": "q3",
        "segment_index": 11
      },
      {
        "cache_owner": "q0",
        "epic_prefix_rows": [
          154,
          159
        ],
        "fingerprint": "544559610dd737d8",
        "length": 256,
        "owner_tier": 0,
        "request": "q3",
        "segment_index": 12
      },
      {
        "cache_owner": "q0",
        "epic_prefix_rows": [
          130,
          196
        ],
        "fingerprint": "719d4f68cfcda7af",
        "length": 256,
        "owner_tier": 0,
        "request": "q3",
        "segment_index": 13
      },
      {
        "cache_owner": "q0",
        "epic_prefix_rows": [
          176,
          246
        ],
        "fingerprint": "de2eea82f07af94b",
        "length": 256,
        "owner_tier": 0,
        "request": "q3",
        "segment_index": 14
      },
      {
        "cache_owner": "q0",
        "epic_prefix_rows": [
          22,
          122
        ],
        "fingerprint": "3df9fb747ee9b3ed",
        "length": 256,
        "owner_tier": 0,
        "request": "q3",
        "segment_index": 15
      },
      {
        "cache_owner": "q0",
        "epic_prefix_rows": [
          37,
          156
        ],
        "fingerprint": "d84e94f761d8f171",
        "length": 256,
        "owner_tier": 0,
        "request": "q3",
        "segment_index": 16
      },
      {
        "cache_owner": "q0",
        "epic_prefix_rows": [
          4,
          235
        ],
        "fingerprint": "e69c516fc2d68c1b",
        "length": 256,
        "owner_tier": 0,
        "request": "q3",
        "segment_index": 17
      },
      {
        "cache_owner": "q0",
        "epic_prefix_rows": [
          224,
          253
        ],
        "fingerprint": "d679790103e8c53b",
        "length": 256,
        "owner_tier": 0,
        "request": "q3",
        "segment_index": 18
      },
      {
        "cache_owner": "q0",
        "epic_prefix_rows": [
          24,
          211
        ],
        "fingerprint": "ef9219752ae977de",
        "length": 256,
        "owner_tier": 0,
        "request": "q3",
        "segment_index": 19
      },
      {
        "cache_owner": "q0",
        "epic_prefix_rows": [
          235,
          252
        ],
        "fingerprint": "804751a4de0897b1",
        "length": 256,
        "owner_tier": 0,
        "request": "q3",
        "segment_index": 20
      },
      {
        "cache_owner": "q0",
        "epic_prefix_rows": [
          60,
          225
        ],
        "fingerprint": "408f7199c5ad6444",
        "length": 256,
        "owner_tier": 0,
        "request": "q3",
        "segment_index": 21
      },
      {
        "cache_owner": "q0",
        "epic_prefix_rows": [
          41,
          43
        ],
        "fingerprint": "0b61bf84de13cf6f",
        "length": 256,
        "owner_tier": 0,
        "request": "q3",
        "segment_index": 22
      },
      {
        "cache_owner": "q0",
        "epic_prefix_rows": [
          50,
          123
        ],
        "fingerprint": "f4cf28fc5b71edf3",
        "length": 256,
        "owner_tier": 0,
        "request": "q3",
        "segment_index": 23
      },
      {
        "cache_owner": "q0",
        "epic_prefix_rows": [
          78,
          211
        ],
        "fingerprint": "f4fdd0e52e878abf",
        "length": 256,
        "owner_tier": 0,
        "request": "q3",
        "segment_index": 24
      },
      {
        "cache_owner": "q0",
        "epic_prefix_rows": [
          109,
          225
        ],
        "fingerprint": "7ba29ac00739c4ea",
        "length": 256,
        "owner_tier": 0,
        "request": "q3",
        "segment_index": 25
      },
      {
        "cache_owner": "q0",
        "epic_prefix_rows": [
          39,
          218
        ],
        "fingerprint": "6c5246339cc01ead",
        "length": 256,
        "owner_tier": 0,
        "request": "q3",
        "segment_index": 26
      },
      {
        "cache_owner": "q0",
        "epic_prefix_rows": [
          20,
          201
        ],
        "fingerprint": "3e13ea33ffd365d2",
        "length": 256,
        "owner_tier": 0,
        "request": "q3",
        "segment_index": 27
      },
      {
        "cache_owner": "q0",
        "epic_prefix_rows": [
          92,
          127
        ],
        "fingerprint": "97a85315f7478ed8",
        "length": 256,
        "owner_tier": 0,
        "request": "q3",
        "segment_index": 28
      },
      {
        "cache_owner": "q0",
        "epic_prefix_rows": [
          112,
          250
        ],
        "fingerprint": "e2f20e8d23ad1f3c",
        "length": 256,
        "owner_tier": 0,
        "request": "q3",
        "segment_index": 29
      },
      {
        "cache_owner": "q0",
        "epic_prefix_rows": [
          65,
          142
        ],
        "fingerprint": "0d5323d6441850a7",
        "length": 256,
        "owner_tier": 0,
        "request": "q3",
        "segment_index": 30
      },
      {
        "cache_owner": "q0",
        "epic_prefix_rows": [
          163,
          180
        ],
        "fingerprint": "2bbeefee3ca77394",
        "length": 256,
        "owner_tier": 0,
        "request": "q3",
        "segment_index": 31
      },
      {
        "cache_owner": "q0",
        "epic_prefix_rows": [
          54,
          222
        ],
        "fingerprint": "28b214a69646c775",
        "length": 256,
        "owner_tier": 0,
        "request": "q3",
        "segment_index": 32
      },
      {
        "cache_owner": "q0",
        "epic_prefix_rows": [
          103,
          146
        ],
        "fingerprint": "196ab37f68eb91dd",
        "length": 256,
        "owner_tier": 0,
        "request": "q3",
        "segment_index": 33
      },
      {
        "cache_owner": "q0",
        "epic_prefix_rows": [
          151,
          226
        ],
        "fingerprint": "b289731a6de14025",
        "length": 256,
        "owner_tier": 0,
        "request": "q3",
        "segment_index": 34
      },
      {
        "cache_owner": "q0",
        "epic_prefix_rows": [
          133,
          236
        ],
        "fingerprint": "1fd8287b40b3ef05",
        "length": 256,
        "owner_tier": 0,
        "request": "q3",
        "segment_index": 35
      },
      {
        "cache_owner": "q0",
        "epic_prefix_rows": [
          118,
          139
        ],
        "fingerprint": "d655032a50b311c0",
        "length": 256,
        "owner_tier": 0,
        "request": "q3",
        "segment_index": 36
      },
      {
        "cache_owner": "q0",
        "epic_prefix_rows": [
          8,
          60
        ],
        "fingerprint": "68aa33941aec615e",
        "length": 256,
        "owner_tier": 0,
        "request": "q3",
        "segment_index": 37
      },
      {
        "cache_owner": "q0",
        "epic_prefix_rows": [
          50,
          88
        ],
        "fingerprint": "57edc36f5adb4077",
        "length": 256,
        "owner_tier": 0,
        "request": "q3",
        "segment_index": 38
      },
      {
        "cache_owner": "q0",
        "epic_prefix_rows": [
          127,
          212
        ],
        "fingerprint": "060fe3cc81c4e614",
        "length": 256,
        "owner_tier": 0,
        "request": "q3",
        "segment_index": 39
      },
      {
        "cache_owner": "q0",
        "epic_prefix_rows": [
          111,
          145
        ],
        "fingerprint": "2c3a90bf49014087",
        "length": 256,
        "owner_tier": 0,
        "request": "q3",
        "segment_index": 40
      },
      {
        "cache_owner": "q0",
        "epic_prefix_rows": [
          3,
          219
        ],
        "fingerprint": "b8b19851f0e91e8b",
        "length": 256,
        "owner_tier": 0,
        "request": "q3",
        "segment_index": 41
      },
      {
        "cache_owner": "q0",
        "epic_prefix_rows": [
          25,
          62
        ],
        "fingerprint": "0a24aa246267ca70",
        "length": 256,
        "owner_tier": 0,
        "request": "q3",
        "segment_index": 42
      },
      {
        "cache_owner": "q0",
        "epic_prefix_rows": [
          139,
          196
        ],
        "fingerprint": "39982a5ac106dc56",
        "length": 256,
        "owner_tier": 0,
        "request": "q3",
        "segment_index": 43
      },
      {
        "cache_owner": "q0",
        "epic_prefix_rows": [
          60,
          183
        ],
        "fingerprint": "5b4fec5265577019",
        "length": 256,
        "owner_tier": 0,
        "request": "q3",
        "segment_index": 44
      },
      {
        "cache_owner": "q0",
        "epic_prefix_rows": [
          117,
          144
        ],
        "fingerprint": "31754f310cc87cb9",
        "length": 256,
        "owner_tier": 0,
        "request": "q3",
        "segment_index": 45
      },
      {
        "cache_owner": "q0",
        "epic_prefix_rows": [
          113,
          122
        ],
        "fingerprint": "17914e14c68c53c7",
        "length": 256,
        "owner_tier": 0,
        "request": "q3",
        "segment_index": 46
      },
      {
        "cache_owner": "q0",
        "epic_prefix_rows": [
          33,
          157
        ],
        "fingerprint": "0d5ec49d1bd3dfc2",
        "length": 256,
        "owner_tier": 0,
        "request": "q3",
        "segment_index": 47
      },
      {
        "cache_owner": "q0",
        "epic_prefix_rows": [
          119,
          167
        ],
        "fingerprint": "c8ca1ee28f153785",
        "length": 256,
        "owner_tier": 0,
        "request": "q3",
        "segment_index": 48
      },
      {
        "cache_owner": "q0",
        "epic_prefix_rows": [
          191,
          245
        ],
        "fingerprint": "d2d59fe199246a8a",
        "length": 256,
        "owner_tier": 0,
        "request": "q3",
        "segment_index": 49
      },
      {
        "cache_owner": "q0",
        "epic_prefix_rows": [
          87,
          146
        ],
        "fingerprint": "f8c3ac43031f479d",
        "length": 256,
        "owner_tier": 0,
        "request": "q3",
        "segment_index": 50
      },
      {
        "cache_owner": "q0",
        "epic_prefix_rows": [
          7,
          70
        ],
        "fingerprint": "1a0ba2ae3b5af048",
        "length": 256,
        "owner_tier": 0,
        "request": "q3",
        "segment_index": 51
      },
      {
        "cache_owner": "q0",
        "epic_prefix_rows": [
          167,
          187
        ],
        "fingerprint": "4efa77b98545d7f9",
        "length": 256,
        "owner_tier": 0,
        "request": "q3",
        "segment_index": 52
      },
      {
        "cache_owner": "q0",
        "epic_prefix_rows": [
          12,
          66
        ],
        "fingerprint": "e8daa9461adadb50",
        "length": 256,
        "owner_tier": 0,
        "request": "q3",
        "segment_index": 53
      },
      {
        "cache_owner": "q0",
        "epic_prefix_rows": [
          79,
          202
        ],
        "fingerprint": "27676fe4288b5092",
        "length": 256,
        "owner_tier": 0,
        "request": "q3",
        "segment_index": 54
      },
      {
        "cache_owner": "q0",
        "epic_prefix_rows": [
          39,
          90
        ],
        "fingerprint": "4628056629d21f29",
        "length": 256,
        "owner_tier": 0,
        "request": "q3",
        "segment_index": 55
      },
      {
        "cache_owner": "q0",
        "epic_prefix_rows": [
          69,
          105
        ],
        "fingerprint": "9e222200b410e430",
        "length": 256,
        "owner_tier": 0,
        "request": "q3",
        "segment_index": 56
      },
      {
        "cache_owner": "q0",
        "epic_prefix_rows": [
          109,
          254
        ],
        "fingerprint": "7753df1b6f8c9278",
        "length": 256,
        "owner_tier": 0,
        "request": "q3",
        "segment_index": 57
      },
      {
        "cache_owner": "q0",
        "epic_prefix_rows": [
          67,
          120
        ],
        "fingerprint": "2601f658cc5d3594",
        "length": 256,
        "owner_tier": 0,
        "request": "q3",
        "segment_index": 58
      },
      {
        "cache_owner": "q0",
        "epic_prefix_rows": [
          119,
          196
        ],
        "fingerprint": "27013d93d3fccf89",
        "length": 256,
        "owner_tier": 0,
        "request": "q3",
        "segment_index": 59
      },
      {
        "cache_owner": "q0",
        "epic_prefix_rows": [
          67,
          180
        ],
        "fingerprint": "6880baf09f037c19",
        "length": 256,
        "owner_tier": 0,
        "request": "q3",
        "segment_index": 60
      },
      {
        "cache_owner": "q0",
        "epic_prefix_rows": [
          55,
          255
        ],
        "fingerprint": "0724e17672a95b93",
        "length": 256,
        "owner_tier": 0,
        "request": "q3",
        "segment_index": 61
      },
      {
        "cache_owner": "q0",
        "epic_prefix_rows": [
          13,
          183
        ],
        "fingerprint": "e3c449fc4cd656ce",
        "length": 256,
        "owner_tier": 0,
        "request": "q3",
        "segment_index": 62
      },
      {
        "cache_owner": "q0",
        "epic_prefix_rows": [
          233,
          250
        ],
        "fingerprint": "274f7d8aacaccf25",
        "length": 256,
        "owner_tier": 0,
        "request": "q3",
        "segment_index": 63
      },
      {
        "cache_owner": "q0",
        "epic_prefix_rows": [
          6,
          158
        ],
        "fingerprint": "146a74171fc8e908",
        "length": 256,
        "owner_tier": 0,
        "request": "q3",
        "segment_index": 64
      },
      {
        "cache_owner": "q0",
        "epic_prefix_rows": [
          83,
          112
        ],
        "fingerprint": "56421c8602f059e6",
        "length": 256,
        "owner_tier": 0,
        "request": "q3",
        "segment_index": 65
      },
      {
        "cache_owner": "q0",
        "epic_prefix_rows": [
          246,
          253
        ],
        "fingerprint": "357ad2bb54f67a0c",
        "length": 256,
        "owner_tier": 0,
        "request": "q3",
        "segment_index": 66
      },
      {
        "cache_owner": "q0",
        "epic_prefix_rows": [
          40,
          160
        ],
        "fingerprint": "008b81b4d6caa9c9",
        "length": 256,
        "owner_tier": 0,
        "request": "q3",
        "segment_index": 67
      },
      {
        "cache_owner": "q0",
        "epic_prefix_rows": [
          70,
          132
        ],
        "fingerprint": "189f6cf46a89a8af",
        "length": 256,
        "owner_tier": 0,
        "request": "q3",
        "segment_index": 68
      },
      {
        "cache_owner": "q0",
        "epic_prefix_rows": [
          97,
          205
        ],
        "fingerprint": "7ee8a980cd5e73db",
        "length": 256,
        "owner_tier": 0,
        "request": "q3",
        "segment_index": 69
      },
      {
        "cache_owner": "q0",
        "epic_prefix_rows": [
          149,
          162
        ],
        "fingerprint": "1e09fc3aa312bedf",
        "length": 256,
        "owner_tier": 0,
        "request": "q3",
        "segment_index": 70
      },
      {
        "cache_owner": "q0",
        "epic_prefix_rows": [
          30,
          196
        ],
        "fingerprint": "e83ba334f98641d8",
        "length": 256,
        "owner_tier": 0,
        "request": "q3",
        "segment_index": 71
      },
      {
        "cache_owner": "q0",
        "epic_prefix_rows": [
          19,
          106
        ],
        "fingerprint": "93ff15fd417be171",
        "length": 256,
        "owner_tier": 0,
        "request": "q3",
        "segment_index": 72
      },
      {
        "cache_owner": "q0",
        "epic_prefix_rows": [
          127,
          161
        ],
        "fingerprint": "014c9a04b4e916be",
        "length": 256,
        "owner_tier": 0,
        "request": "q3",
        "segment_index": 73
      },
      {
        "cache_owner": "q0",
        "epic_prefix_rows": [
          175,
          225
        ],
        "fingerprint": "84398fc658db81a5",
        "length": 256,
        "owner_tier": 0,
        "request": "q3",
        "segment_index": 74
      },
      {
        "cache_owner": "q0",
        "epic_prefix_rows": [
          115,
          133
        ],
        "fingerprint": "05d534e6a81b4210",
        "length": 256,
        "owner_tier": 0,
        "request": "q3",
        "segment_index": 75
      },
      {
        "cache_owner": "q0",
        "epic_prefix_rows": [
          83,
          176
        ],
        "fingerprint": "8c41295e89de23e3",
        "length": 256,
        "owner_tier": 0,
        "request": "q3",
        "segment_index": 76
      },
      {
        "cache_owner": "q0",
        "epic_prefix_rows": [
          8,
          156
        ],
        "fingerprint": "0d6ee10e10def3d2",
        "length": 256,
        "owner_tier": 0,
        "request": "q3",
        "segment_index": 77
      },
      {
        "cache_owner": "q0",
        "epic_prefix_rows": [
          29,
          182
        ],
        "fingerprint": "c1807afb81a20f51",
        "length": 256,
        "owner_tier": 0,
        "request": "q3",
        "segment_index": 78
      },
      {
        "cache_owner": "q0",
        "epic_prefix_rows": [
          77,
          180
        ],
        "fingerprint": "931d7f5b83731cc7",
        "length": 256,
        "owner_tier": 0,
        "request": "q3",
        "segment_index": 79
      },
      {
        "cache_owner": "q0",
        "epic_prefix_rows": [
          11,
          251
        ],
        "fingerprint": "de3ba4f43ce3a094",
        "length": 256,
        "owner_tier": 0,
        "request": "q3",
        "segment_index": 80
      },
      {
        "cache_owner": "q0",
        "epic_prefix_rows": [
          12,
          31
        ],
        "fingerprint": "549b6eeef884e61d",
        "length": 256,
        "owner_tier": 0,
        "request": "q3",
        "segment_index": 81
      },
      {
        "cache_owner": "q0",
        "epic_prefix_rows": [
          23,
          123
        ],
        "fingerprint": "8f21a2b7cbc6a1cc",
        "length": 256,
        "owner_tier": 0,
        "request": "q3",
        "segment_index": 82
      },
      {
        "cache_owner": "q0",
        "epic_prefix_rows": [
          6,
          115
        ],
        "fingerprint": "3327eb88b326572c",
        "length": 256,
        "owner_tier": 0,
        "request": "q3",
        "segment_index": 83
      },
      {
        "cache_owner": "q0",
        "epic_prefix_rows": [
          34,
          167
        ],
        "fingerprint": "828afffd0287a7fd",
        "length": 256,
        "owner_tier": 0,
        "request": "q3",
        "segment_index": 84
      },
      {
        "cache_owner": "q0",
        "epic_prefix_rows": [
          31,
          176
        ],
        "fingerprint": "2e40f41c46618477",
        "length": 256,
        "owner_tier": 0,
        "request": "q3",
        "segment_index": 85
      },
      {
        "cache_owner": "q0",
        "epic_prefix_rows": [
          69,
          216
        ],
        "fingerprint": "38fd9d00b6d09b58",
        "length": 256,
        "owner_tier": 0,
        "request": "q3",
        "segment_index": 86
      },
      {
        "cache_owner": "q0",
        "epic_prefix_rows": [
          110,
          229
        ],
        "fingerprint": "01ef803e6ca17df7",
        "length": 256,
        "owner_tier": 0,
        "request": "q3",
        "segment_index": 87
      },
      {
        "cache_owner": "q0",
        "epic_prefix_rows": [
          72,
          222
        ],
        "fingerprint": "70b457c38f944354",
        "length": 256,
        "owner_tier": 0,
        "request": "q3",
        "segment_index": 88
      },
      {
        "cache_owner": "q0",
        "epic_prefix_rows": [
          159,
          183
        ],
        "fingerprint": "e2614c2dedf4cf58",
        "length": 256,
        "owner_tier": 0,
        "request": "q3",
        "segment_index": 89
      },
      {
        "cache_owner": "q0",
        "epic_prefix_rows": [
          90,
          168
        ],
        "fingerprint": "b1ab14bf7fe90b52",
        "length": 256,
        "owner_tier": 0,
        "request": "q3",
        "segment_index": 90
      },
      {
        "cache_owner": "q0",
        "epic_prefix_rows": [
          195,
          209
        ],
        "fingerprint": "19b2326032573ee0",
        "length": 256,
        "owner_tier": 0,
        "request": "q3",
        "segment_index": 91
      },
      {
        "cache_owner": "q0",
        "epic_prefix_rows": [
          4,
          209
        ],
        "fingerprint": "f97f30f9dca3b30d",
        "length": 256,
        "owner_tier": 0,
        "request": "q3",
        "segment_index": 92
      },
      {
        "cache_owner": "q0",
        "epic_prefix_rows": [
          135,
          236
        ],
        "fingerprint": "9b66baa8d351f5fb",
        "length": 256,
        "owner_tier": 0,
        "request": "q3",
        "segment_index": 93
      },
      {
        "cache_owner": "q1",
        "epic_prefix_rows": [
          21,
          62
        ],
        "fingerprint": "1393d94e264cb21d",
        "length": 256,
        "owner_tier": 0,
        "request": "q3",
        "segment_index": 94
      },
      {
        "cache_owner": "q10",
        "epic_prefix_rows": [
          199,
          209
        ],
        "fingerprint": "5994a888fff74396",
        "length": 256,
        "owner_tier": 0,
        "request": "q3",
        "segment_index": 95
      },
      {
        "cache_owner": "q10",
        "epic_prefix_rows": [
          1,
          87
        ],
        "fingerprint": "7340d25484ecfb18",
        "length": 256,
        "owner_tier": 0,
        "request": "q3",
        "segment_index": 96
      },
      {
        "cache_owner": "q0",
        "epic_prefix_rows": [],
        "fingerprint": "b4818fcedac6bc88",
        "length": 300,
        "owner_tier": 0,
        "request": "q4",
        "segment_index": 0
      },
      {
        "cache_owner": "q0",
        "epic_prefix_rows": [
          70,
          75
        ],
        "fingerprint": "914756b1ef8c4266",
        "length": 256,
        "owner_tier": 0,
        "request": "q4",
        "segment_index": 1
      },
      {
        "cache_owner": "q0",
        "epic_prefix_rows": [
          40,
          168
        ],
        "fingerprint": "f80c33b8ee010c22",
        "length": 256,
        "owner_tier": 0,
        "request": "q4",
        "segment_index": 2
      },
      {
        "cache_owner": "q0",
        "epic_prefix_rows": [
          90,
          121
        ],
        "fingerprint": "a5918e4687c97f7e",
        "length": 256,
        "owner_tier": 0,
        "request": "q4",
        "segment_index": 3
      },
      {
        "cache_owner": "q0",
        "epic_prefix_rows": [
          11,
          126
        ],
        "fingerprint": "2b4e7732607841e2",
        "length": 256,
        "owner_tier": 0,
        "request": "q4",
        "segment_index": 4
      },
      {
        "cache_owner": "q0",
        "epic_prefix_rows": [
          40,
          86
        ],
        "fingerprint": "9e4aeb4914ddd394",
        "length": 256,
        "owner_tier": 0,
        "request": "q4",
        "segment_index": 5
      },
      {
        "cache_owner": "q0",
        "epic_prefix_rows": [
          53,
          218
        ],
        "fingerprint": "6334e6823b55d024",
        "length": 256,
        "owner_tier": 0,
        "request": "q4",
        "segment_index": 6
      },
      {
        "cache_owner": "q0",
        "epic_prefix_rows": [
          76,
          234
        ],
        "fingerprint": "307e02ba0c9c8db6",
        "length": 256,
        "owner_tier": 0,
        "request": "q4",
        "segment_index": 7
      },
      {
        "cache_owner": "q0",
        "epic_prefix_rows": [
          20,
          129
        ],
        "fingerprint": "d8e088676ac0e994",
        "length": 256,
        "owner_tier": 0,
        "request": "q4",
        "segment_index": 8
      },
      {
        "cache_owner": "q0",
        "epic_prefix_rows": [
          174,
          192
        ],
        "fingerprint": "eba00dddf332f864",
        "length": 256,
        "owner_tier": 0,
        "request": "q4",
        "segment_index": 9
      },
      {
        "cache_owner": "q0",
        "epic_prefix_rows": [
          13,
          18
        ],
        "fingerprint": "16ff367edf27a427",
        "length": 256,
        "owner_tier": 0,
        "request": "q4",
        "segment_index": 10
      },
      {
        "cache_owner": "q0",
        "epic_prefix_rows": [
          45,
          254
        ],
        "fingerprint": "544559610dd737d8",
        "length": 256,
        "owner_tier": 0,
        "request": "q4",
        "segment_index": 11
      },
      {
        "cache_owner": "q0",
        "epic_prefix_rows": [
          149,
          183
        ],
        "fingerprint": "719d4f68cfcda7af",
        "length": 256,
        "owner_tier": 0,
        "request": "q4",
        "segment_index": 12
      },
      {
        "cache_owner": "q0",
        "epic_prefix_rows": [
          77,
          234
        ],
        "fingerprint": "de2eea82f07af94b",
        "length": 256,
        "owner_tier": 0,
        "request": "q4",
        "segment_index": 13
      },
      {
        "cache_owner": "q0",
        "epic_prefix_rows": [
          120,
          182
        ],
        "fingerprint": "3df9fb747ee9b3ed",
        "length": 256,
        "owner_tier": 0,
        "request": "q4",
        "segment_index": 14
      },
      {
        "cache_owner": "q0",
        "epic_prefix_rows": [
          83,
          207
        ],
        "fingerprint": "d84e94f761d8f171",
        "length": 256,
        "owner_tier": 0,
        "request": "q4",
        "segment_index": 15
      },
      {
        "cache_owner": "q0",
        "epic_prefix_rows": [
          138,
          172
        ],
        "fingerprint": "e69c516fc2d68c1b",
        "length": 256,
        "owner_tier": 0,
        "request": "q4",
        "segment_index": 16
      },
      {
        "cache_owner": "q0",
        "epic_prefix_rows": [
          201,
          252
        ],
        "fingerprint": "d679790103e8c53b",
        "length": 256,
        "owner_tier": 0,
        "request": "q4",
        "segment_index": 17
      },
      {
        "cache_owner": "q0",
        "epic_prefix_rows": [
          7,
          159
        ],
        "fingerprint": "ef9219752ae977de",
        "length": 256,
        "owner_tier": 0,
        "request": "q4",
        "segment_index": 18
      },
      {
        "cache_owner": "q0",
        "epic_prefix_rows": [
          147,
          240
        ],
        "fingerprint": "804751a4de0897b1",
        "length": 256,
        "owner_tier": 0,
        "request": "q4",
        "segment_index": 19
      },
      {
        "cache_owner": "q0",
        "epic_prefix_rows": [
          17,
          134
        ],
        "fingerprint": "408f7199c5ad6444",
        "length": 256,
        "owner_tier": 0,
        "request": "q4",
        "segment_index": 20
      },
      {
        "cache_owner": "q0",
        "epic_prefix_rows": [
          19,
          233
        ],
        "fingerprint": "0b61bf84de13cf6f",
        "length": 256,
        "owner_tier": 0,
        "request": "q4",
        "segment_index": 21
      },
      {
        "cache_owner": "q0",
        "epic_prefix_rows": [
          61,
          202
        ],
        "fingerprint": "f4cf28fc5b71edf3",
        "length": 256,
        "owner_tier": 0,
        "request": "q4",
        "segment_index": 22
      },
      {
        "cache_owner": "q0",
        "epic_prefix_rows": [
          177,
          206
        ],
        "fingerprint": "f4fdd0e52e878abf",
        "length": 256,
        "owner_tier": 0,
        "request": "q4",
        "segment_index": 23
      },
      {
        "cache_owner": "q0",
        "epic_prefix_rows": [
          26,
          253
        ],
        "fingerprint": "7ba29ac00739c4ea",
        "length": 256,
        "owner_tier": 0,
        "request": "q4",
        "segment_index": 24
      },
      {
        "cache_owner": "q0",
        "epic_prefix_rows": [
          10,
          139
        ],
        "fingerprint": "6c5246339cc01ead",
        "length": 256,
        "owner_tier": 0,
        "request": "q4",
        "segment_index": 25
      },
      {
        "cache_owner": "q0",
        "epic_prefix_rows": [
          17,
          130
        ],
        "fingerprint": "3e13ea33ffd365d2",
        "length": 256,
        "owner_tier": 0,
        "request": "q4",
        "segment_index": 26
      },
      {
        "cache_owner": "q0",
        "epic_prefix_rows": [
          106,
          148
        ],
        "fingerprint": "97a85315f7478ed8",
        "length": 256,
        "owner_tier": 0,
        "request": "q4",
        "segment_index": 27
      },
      {
        "cache_owner": "q0",
        "epic_prefix_rows": [
          174,
          197
        ],
        "fingerprint": "e2f20e8d23ad1f3c",
        "length": 256,
        "owner_tier": 0,
        "request": "q4",
        "segment_index": 28
      },
      {
        "cache_owner": "q0",
        "epic_prefix_rows": [
          106,
          128
        ],
        "fingerprint": "0d5323d6441850a7",
        "length": 256,
        "owner_tier": 0,
        "request": "q4",
        "segment_index": 29
      },
      {
        "cache_owner": "q0",
        "epic_prefix_rows": [
          59,
          168
        ],
        "fingerprint": "2bbeefee3ca77394",
        "length": 256,
        "owner_tier": 0,
        "request": "q4",
        "segment_index": 30
      },
      {
        "cache_owner": "q0",
        "epic_prefix_rows": [
          124,
          180
        ],
        "fingerprint": "28b214a69646c775",
        "length": 256,
        "owner_tier": 0,
        "request": "q4",
        "segment_index": 31
      },
      {
        "cache_owner": "q0",
        "epic_prefix_rows": [
          78,
          83
        ],
        "fingerprint": "196ab37f68eb91dd",
        "length": 256,
        "owner_tier": 0,
        "request": "q4",
        "segment_index": 32
      },
      {
        "cache_owner": "q0",
        "epic_prefix_rows": [
          4,
          169
        ],
        "fingerprint": "b289731a6de14025",
        "length": 256,
        "owner_tier": 0,
        "request": "q4",
        "segment_index": 33
      },
      {
        "cache_owner": "q0",
        "epic_prefix_rows": [
          26,
          79
        ],
        "fingerprint": "1fd8287b40b3ef05",
        "length": 256,
        "owner_tier": 0,
        "request": "q4",
        "segment_index": 34
      },
      {
        "cache_owner": "q0",
        "epic_prefix_rows": [
          176,
          185
        ],
        "fingerprint": "d655032a50b311c0",
        "length": 256,
        "owner_tier": 0,
        "request": "q4",
        "segment_index": 35
      },
      {
        "cache_owner": "q0",
        "epic_prefix_rows": [
          149,
          150
        ],
        "fingerprint": "68aa33941aec615e",
        "length": 256,
        "owner_tier": 0,
        "request": "q4",
        "segment_index": 36
      },
      {
        "cache_owner": "q0",
        "epic_prefix_rows": [
          165,
          253
        ],
        "fingerprint": "57edc36f5adb4077",
        "length": 256,
        "owner_tier": 0,
        "request": "q4",
        "segment_index": 37
      },
      {
        "cache_owner": "q0",
        "epic_prefix_rows": [
          206,
          220
        ],
        "fingerprint": "060fe3cc81c4e614",
        "length": 256,
        "owner_tier": 0,
        "request": "q4",
        "segment_index": 38
      },
      {
        "cache_owner": "q0",
        "epic_prefix_rows": [
          0,
          87
        ],
        "fingerprint": "2c3a90bf49014087",
        "length": 256,
        "owner_tier": 0,
        "request": "q4",
        "segment_index": 39
      },
      {
        "cache_owner": "q0",
        "epic_prefix_rows": [
          22,
          72
        ],
        "fingerprint": "b8b19851f0e91e8b",
        "length": 256,
        "owner_tier": 0,
        "request": "q4",
        "segment_index": 40
      },
      {
        "cache_owner": "q0",
        "epic_prefix_rows": [
          64,
          226
        ],
        "fingerprint": "0a24aa246267ca70",
        "length": 256,
        "owner_tier": 0,
        "request": "q4",
        "segment_index": 41
      },
      {
        "cache_owner": "q0",
        "epic_prefix_rows": [
          4,
          174
        ],
        "fingerprint": "39982a5ac106dc56",
        "length": 256,
        "owner_tier": 0,
        "request": "q4",
        "segment_index": 42
      },
      {
        "cache_owner": "q0",
        "epic_prefix_rows": [
          131,
          245
        ],
        "fingerprint": "5b4fec5265577019",
        "length": 256,
        "owner_tier": 0,
        "request": "q4",
        "segment_index": 43
      },
      {
        "cache_owner": "q0",
        "epic_prefix_rows": [
          35,
          96
        ],
        "fingerprint": "31754f310cc87cb9",
        "length": 256,
        "owner_tier": 0,
        "request": "q4",
        "segment_index": 44
      },
      {
        "cache_owner": "q0",
        "epic_prefix_rows": [
          142,
          217
        ],
        "fingerprint": "17914e14c68c53c7",
        "length": 256,
        "owner_tier": 0,
        "request": "q4",
        "segment_index": 45
      },
      {
        "cache_owner": "q0",
        "epic_prefix_rows": [
          86,
          89
        ],
        "fingerprint": "0d5ec49d1bd3dfc2",
        "length": 256,
        "owner_tier": 0,
        "request": "q4",
        "segment_index": 46
      },
      {
        "cache_owner": "q0",
        "epic_prefix_rows": [
          32,
          80
        ],
        "fingerprint": "c8ca1ee28f153785",
        "length": 256,
        "owner_tier": 0,
        "request": "q4",
        "segment_index": 47
      },
      {
        "cache_owner": "q0",
        "epic_prefix_rows": [
          56,
          196
        ],
        "fingerprint": "d2d59fe199246a8a",
        "length": 256,
        "owner_tier": 0,
        "request": "q4",
        "segment_index": 48
      },
      {
        "cache_owner": "q0",
        "epic_prefix_rows": [
          136,
          222
        ],
        "fingerprint": "f8c3ac43031f479d",
        "length": 256,
        "owner_tier": 0,
        "request": "q4",
        "segment_index": 49
      },
      {
        "cache_owner": "q0",
        "epic_prefix_rows": [
          145,
          159
        ],
        "fingerprint": "1a0ba2ae3b5af048",
        "length": 256,
        "owner_tier": 0,
        "request": "q4",
        "segment_index": 50
      },
      {
        "cache_owner": "q0",
        "epic_prefix_rows": [
          6,
          219
        ],
        "fingerprint": "4efa77b98545d7f9",
        "length": 256,
        "owner_tier": 0,
        "request": "q4",
        "segment_index": 51
      },
      {
        "cache_owner": "q0",
        "epic_prefix_rows": [
          132,
          143
        ],
        "fingerprint": "e8daa9461adadb50",
        "length": 256,
        "owner_tier": 0,
        "request": "q4",
        "segment_index": 52
      },
      {
        "cache_owner": "q0",
        "epic_prefix_rows": [
          162,
          175
        ],
        "fingerprint": "27676fe4288b5092",
        "length": 256,
        "owner_tier": 0,
        "request": "q4",
        "segment_index": 53
      },
      {
        "cache_owner": "q0",
        "epic_prefix_rows": [
          97,
          221
        ],
        "fingerprint": "4628056629d21f29",
        "length": 256,
        "owner_tier": 0,
        "request": "q4",
        "segment_index": 54
      },
      {
        "cache_owner": "q0",
        "epic_prefix_rows": [
          3,
          72
        ],
        "fingerprint": "9e222200b410e430",
        "length": 256,
        "owner_tier": 0,
        "request": "q4",
        "segment_index": 55
      },
      {
        "cache_owner": "q0",
        "epic_prefix_rows": [
          79,
          196
        ],
        "fingerprint": "7753df1b6f8c9278",
        "length": 256,
        "owner_tier": 0,
        "request": "q4",
        "segment_index": 56
      },
      {
        "cache_owner": "q0",
        "epic_prefix_rows": [
          184,
          237
        ],
        "fingerprint": "2601f658cc5d3594",
        "length": 256,
        "owner_tier": 0,
        "request": "q4",
        "segment_index": 57
      },
      {
        "cache_owner": "q0",
        "epic_prefix_rows": [
          18,
          210
        ],
        "fingerprint": "27013d93d3fccf89",
        "length": 256,
        "owner_tier": 0,
        "request": "q4",
        "segment_index": 58
      },
      {
        "cache_owner": "q0",
        "epic_prefix_rows": [
          8,
          116
        ],
        "fingerprint": "6880baf09f037c19",
        "length": 256,
        "owner_tier": 0,
        "request": "q4",
        "segment_index": 59
      },
      {
        "cache_owner": "q0",
        "epic_prefix_rows": [
          81,
          185
        ],
        "fingerprint": "0724e17672a95b93",
        "length": 256,
        "owner_tier": 0,
        "request": "q4",
        "segment_index": 60
      },
      {
        "cache_owner": "q0",
        "epic_prefix_rows": [
          99,
          181
        ],
        "fingerprint": "e3c449fc4cd656ce",
        "length": 256,
        "owner_tier": 0,
        "request": "q4",
        "segment_index": 61
      },
      {
        "cache_owner": "q0",
        "epic_prefix_rows": [
          9,
          254
        ],
        "fingerprint": "274f7d8aacaccf25",
        "length": 256,
        "owner_tier": 0,
        "request": "q4",
        "segment_index": 62
      },
      {
        "cache_owner": "q0",
        "epic_prefix_rows": [
          123,
          127
        ],
        "fingerprint": "146a74171fc8e908",
        "length": 256,
        "owner_tier": 0,
        "request": "q4",
        "segment_index": 63
      },
      {
        "cache_owner": "q0",
        "epic_prefix_rows": [
          94,
          140
        ],
        "fingerprint": "56421c8602f059e6",
        "length": 256,
        "owner_tier": 0,
        "request": "q4",
        "segment_index": 64
      },
      {
        "cache_owner": "q0",
        "epic_prefix_rows": [
          39,
          215
        ],
        "fingerprint": "357ad2bb54f67a0c",
        "length": 256,
        "owner_tier": 0,
        "request": "q4",
        "segment_index": 65
      },
      {
        "cache_owner": "q0",
        "epic_prefix_rows": [
          121,
          229
        ],
        "fingerprint": "008b81b4d6caa9c9",
        "length": 256,
        "owner_tier": 0,
        "request": "q4",
        "segment_index": 66
      },
      {
        "cache_owner": "q0",
        "epic_prefix_rows": [
          51,
          230
        ],
        "fingerprint": "189f6cf46a89a8af",
        "length": 256,
        "owner_tier": 0,
        "request": "q4",
        "segment_index": 67
      },
      {
        "cache_owner": "q0",
        "epic_prefix_rows": [
          84,
          96
        ],
        "fingerprint": "7ee8a980cd5e73db",
        "length": 256,
        "owner_tier": 0,
        "request": "q4",
        "segment_index": 68
      },
      {
        "cache_owner": "q0",
        "epic_prefix_rows": [
          33,
          225
        ],
        "fingerprint": "1e09fc3aa312bedf",
        "length": 256,
        "owner_tier": 0,
        "request": "q4",
        "segment_index": 69
      },
      {
        "cache_owner": "q0",
        "epic_prefix_rows": [
          202,
          218
        ],
        "fingerprint": "e83ba334f98641d8",
        "length": 256,
        "owner_tier": 0,
        "request": "q4",
        "segment_index": 70
      },
      {
        "cache_owner": "q0",
        "epic_prefix_rows": [
          129,
          139
        ],
        "fingerprint": "93ff15fd417be171",
        "length": 256,
        "owner_tier": 0,
        "request": "q4",
        "segment_index": 71
      },
      {
        "cache_owner": "q0",
        "epic_prefix_rows": [
          182,
          223
        ],
        "fingerprint": "014c9a04b4e916be",
        "length": 256,
        "owner_tier": 0,
        "request": "q4",
        "segment_index": 72
      },
      {
        "cache_owner": "q0",
        "epic_prefix_rows": [
          46,
          167
        ],
        "fingerprint": "84398fc658db81a5",
        "length": 256,
        "owner_tier": 0,
        "request": "q4",
        "segment_index": 73
      },
      {
        "cache_owner": "q0",
        "epic_prefix_rows": [
          15,
          157
        ],
        "fingerprint": "05d534e6a81b4210",
        "length": 256,
        "owner_tier": 0,
        "request": "q4",
        "segment_index": 74
      },
      {
        "cache_owner": "q0",
        "epic_prefix_rows": [
          5,
          252
        ],
        "fingerprint": "8c41295e89de23e3",
        "length": 256,
        "owner_tier": 0,
        "request": "q4",
        "segment_index": 75
      },
      {
        "cache_owner": "q0",
        "epic_prefix_rows": [
          103,
          128
        ],
        "fingerprint": "0d6ee10e10def3d2",
        "length": 256,
        "owner_tier": 0,
        "request": "q4",
        "segment_index": 76
      },
      {
        "cache_owner": "q0",
        "epic_prefix_rows": [
          197,
          203
        ],
        "fingerprint": "c1807afb81a20f51",
        "length": 256,
        "owner_tier": 0,
        "request": "q4",
        "segment_index": 77
      },
      {
        "cache_owner": "q0",
        "epic_prefix_rows": [
          199,
          223
        ],
        "fingerprint": "931d7f5b83731cc7",
        "length": 256,
        "owner_tier": 0,
        "request": "q4",
        "segment_index": 78
      },
      {
        "cache_owner": "q0",
        "epic_prefix_rows": [
          19,
          238
        ],
        "fingerprint": "de3ba4f43ce3a094",
        "length": 256,
        "owner_tier": 0,
        "request": "q4",
        "segment_index": 79
      },
      {
        "cache_owner": "q0",
        "epic_prefix_rows": [
          64,
          181
        ],
        "fingerprint": "549b6eeef884e61d",
        "length": 256,
        "owner_tier": 0,
        "request": "q4",
        "segment_index": 80
      },
      {
        "cache_owner": "q0",
        "epic_prefix_rows": [
          142,
          167
        ],
        "fingerprint": "8f21a2b7cbc6a1cc",
        "length": 256,
        "owner_tier": 0,
        "request": "q4",
        "segment_index": 81
      },
      {
        "cache_owner": "q0",
        "epic_prefix_rows": [
          12,
          203
        ],
        "fingerprint": "3327eb88b326572c",
        "length": 256,
        "owner_tier": 0,
        "request": "q4",
        "segment_index": 82
      },
      {
        "cache_owner": "q0",
        "epic_prefix_rows": [
          69,
          242
        ],
        "fingerprint": "828afffd0287a7fd",
        "length": 256,
        "owner_tier": 0,
        "request": "q4",
        "segment_index": 83
      },
      {
        "cache_owner": "q0",
        "epic_prefix_rows": [
          21,
          41
        ],
        "fingerprint": "2e40f41c46618477",
        "length": 256,
        "owner_tier": 0,
        "request": "q4",
        "segment_index": 84
      },
      {
        "cache_owner": "q0",
        "epic_prefix_rows": [
          177,
          184
        ],
        "fingerprint": "38fd9d00b6d09b58",
        "length": 256,
        "owner_tier": 0,
        "request": "q4",
        "segment_index": 85
      },
      {
        "cache_owner": "q0",
        "epic_prefix_rows": [
          2,
          35
        ],
        "fingerprint": "01ef803e6ca17df7",
        "length": 256,
        "owner_tier": 0,
        "request": "q4",
        "segment_index": 86
      },
      {
        "cache_owner": "q0",
        "epic_prefix_rows": [
          56,
          97
        ],
        "fingerprint": "70b457c38f944354",
        "length": 256,
        "owner_tier": 0,
        "request": "q4",
        "segment_index": 87
      },
      {
        "cache_owner": "q0",
        "epic_prefix_rows": [
          22,
          241
        ],
        "fingerprint": "e2614c2dedf4cf58",
        "length": 256,
        "owner_tier": 0,
        "request": "q4",
        "segment_index": 88
      },
      {
        "cache_owner": "q0",
        "epic_prefix_rows": [
          12,
          161
        ],
        "fingerprint": "b1ab14bf7fe90b52",
        "length": 256,
        "owner_tier": 0,
        "request": "q4",
        "segment_index": 89
      },
      {
        "cache_owner": "q0",
        "epic_prefix_rows": [
          161,
          201
        ],
        "fingerprint": "19b2326032573ee0",
        "length": 256,
        "owner_tier": 0,
        "request": "q4",
        "segment_index": 90
      },
      {
        "cache_owner": "q0",
        "epic_prefix_rows": [
          64,
          140
        ],
        "fingerprint": "f97f30f9dca3b30d",
        "length": 256,
        "owner_tier": 0,
        "request": "q4",
        "segment_index": 91
      },
      {
        "cache_owner": "q0",
        "epic_prefix_rows": [
          72,
          208
        ],
        "fingerprint": "9b66baa8d351f5fb",
        "length": 256,
        "owner_tier": 0,
        "request": "q4",
        "segment_index": 92
      },
      {
        "cache_owner": "q1",
        "epic_prefix_rows": [
          75,
          206
        ],
        "fingerprint": "1393d94e264cb21d",
        "length": 256,
        "owner_tier": 0,
        "request": "q4",
        "segment_index": 93
      },
      {
        "cache_owner": "q10",
        "epic_prefix_rows": [
          30,
          156
        ],
        "fingerprint": "5994a888fff74396",
        "length": 256,
        "owner_tier": 0,
        "request": "q4",
        "segment_index": 94
      },
      {
        "cache_owner": "q10",
        "epic_prefix_rows": [
          64,
          83
        ],
        "fingerprint": "7340d25484ecfb18",
        "length": 256,
        "owner_tier": 0,
        "request": "q4",
        "segment_index": 95
      },
      {
        "cache_owner": "q10",
        "epic_prefix_rows": [
          68,
          246
        ],
        "fingerprint": "6a4062e9346a79d0",
        "length": 256,
        "owner_tier": 0,
        "request": "q4",
        "segment_index": 96
      },
      {
        "cache_owner": "q0",
        "epic_prefix_rows": [],
        "fingerprint": "b4818fcedac6bc88",
        "length": 300,
        "owner_tier": 0,
        "request": "q5",
        "segment_index": 0
      },
      {
        "cache_owner": "q0",
        "epic_prefix_rows": [
          22,
          23
        ],
        "fingerprint": "f80c33b8ee010c22",
        "length": 256,
        "owner_tier": 0,
        "request": "q5",
        "segment_index": 1
      },
      {
        "cache_owner": "q0",
        "epic_prefix_rows": [
          92,
          198
        ],
        "fingerprint": "a5918e4687c97f7e",
        "length": 256,
        "owner_tier": 0,
        "request": "q5",
        "segment_index": 2
      },
      {
        "cache_owner": "q0",
        "epic_prefix_rows": [
          42,
          176
        ],
        "fingerprint": "2b4e7732607841e2",
        "length": 256,
        "owner_tier": 0,
        "request": "q5",
        "segment_index": 3
      },
      {
        "cache_owner": "q0",
        "epic_prefix_rows": [
          41,
          89
        ],
        "fingerprint": "9e4aeb4914ddd394",
        "length": 256,
        "owner_tier": 0,
        "request": "q5",
        "segment_index": 4
      },
      {
        "cache_owner": "q0",
        "epic_prefix_rows": [
          103,
          135
        ],
        "fingerprint": "6334e6823b55d024",
        "length": 256,
        "owner_tier": 0,
        "request": "q5",
        "segment_index": 5
      },
      {
        "cache_owner": "q0",
        "epic_prefix_rows": [
          133,
          167
        ],
        "fingerprint": "307e02ba0c9c8db6",
        "length": 256,
        "owner_tier": 0,
        "request": "q5",
        "segment_index": 6
      },
      {
        "cache_owner": "q0",
        "epic_prefix_rows": [
          129,
          132
        ],
        "fingerprint": "d8e088676ac0e994",
        "length": 256,
        "owner_tier": 0,
        "request": "q5",
        "segment_index": 7
      },
      {
        "cache_owner": "q0",
        "epic_prefix_rows": [
          79,
          233
        ],
        "fingerprint": "eba00dddf332f864",
        "length": 256,
        "owner_tier": 0,
        "request": "q5",
        "segment_index": 8
      },
      {
        "cache_owner": "q0",
        "epic_prefix_rows": [
          78,
          229
        ],
        "fingerprint": "16ff367edf27a427",
        "length": 256,
        "owner_tier": 0,
        "request": "q5",
        "segment_index": 9
      },
      {
        "cache_owner": "q0",
        "epic_prefix_rows": [
          19,
          90
        ],
        "fingerprint": "544559610dd737d8",
        "length": 256,
        "owner_tier": 0,
        "request": "q5",
        "segment_index": 10
      },
      {
        "cache_owner": "q0",
        "epic_prefix_rows": [
          17,
          161
        ],
        "fingerprint": "719d4f68cfcda7af",
        "length": 256,
        "owner_tier": 0,
        "request": "q5",
        "segment_index": 11
      },
      {
        "cache_owner": "q0",
        "epic_prefix_rows": [
          36,
          98
        ],
        "fingerprint": "de2eea82f07af94b",
        "length": 256,
        "owner_tier": 0,
        "request": "q5",
        "segment_index": 12
      },
      {
        "cache_owner": "q0",
        "epic_prefix_rows": [
          122,
          233
        ],
        "fingerprint": "3df9fb747ee9b3ed",
        "length": 256,
        "owner_tier": 0,
        "request": "q5",
        "segment_index": 13
      },
      {
        "cache_owner": "q0",
        "epic_prefix_rows": [
          81,
          234
        ],
        "fingerprint": "d84e94f761d8f171",
        "length": 256,
        "owner_tier": 0,
        "request": "q5",
        "segment_index": 14
      },
      {
        "cache_owner": "q0",
        "epic_prefix_rows": [
          69,
          170
        ],
        "fingerprint": "e69c516fc2d68c1b",
        "length": 256,
        "owner_tier": 0,
        "request": "q5",
        "segment_index": 15
      },
      {
        "cache_owner": "q0",
        "epic_prefix_rows": [
          29,
          243
        ],
        "fingerprint": "d679790103e8c53b",
        "length": 256,
        "owner_tier": 0,
        "request": "q5",
        "segment_index": 16
      },
      {
        "cache_owner": "q0",
        "epic_prefix_rows": [
          42,
          175
        ],
        "fingerprint": "ef9219752ae977de",
        "length": 256,
        "owner_tier": 0,
        "request": "q5",
        "segment_index": 17
      },
      {
        "cache_owner": "q0",
        "epic_prefix_rows": [
          1,
          40
        ],
        "fingerprint": "804751a4de0897b1",
        "length": 256,
        "owner_tier": 0,
        "request": "q5",
        "segment_index": 18
      },
      {
        "cache_owner": "q0",
        "epic_prefix_rows": [
          53,
          218
        ],
        "fingerprint": "408f7199c5ad6444",
        "length": 256,
        "owner_tier": 0,
        "request": "q5",
        "segment_index": 19
      },
      {
        "cache_owner": "q0",
        "epic_prefix_rows": [
          180,
          231
        ],
        "fingerprint": "0b61bf84de13cf6f",
        "length": 256,
        "owner_tier": 0,
        "request": "q5",
        "segment_index": 20
      },
      {
        "cache_owner": "q0",
        "epic_prefix_rows": [
          171,
          193
        ],
        "fingerprint": "f4cf28fc5b71edf3",
        "length": 256,
        "owner_tier": 0,
        "request": "q5",
        "segment_index": 21
      },
      {
        "cache_owner": "q0",
        "epic_prefix_rows": [
          60,
          185
        ],
        "fingerprint": "f4fdd0e52e878abf",
        "length": 256,
        "owner_tier": 0,
        "request": "q5",
        "segment_index": 22
      },
      {
        "cache_owner": "q0",
        "epic_prefix_rows": [
          69,
          162
        ],
        "fingerprint": "7ba29ac00739c4ea",
        "length": 256,
        "owner_tier": 0,
        "request": "q5",
        "segment_index": 23
      },
      {
        "cache_owner": "q0",
        "epic_prefix_rows": [
          11,
          93
        ],
        "fingerprint": "6c5246339cc01ead",
        "length": 256,
        "owner_tier": 0,
        "request": "q5",
        "segment_index": 24
      },
      {
        "cache_owner": "q0",
        "epic_prefix_rows": [
          9,
          64
        ],
        "fingerprint": "3e13ea33ffd365d2",
        "length": 256,
        "owner_tier": 0,
        "request": "q5",
        "segment_index": 25
      },
      {
        "cache_owner": "q0",
        "epic_prefix_rows": [
          98,
          172
        ],
        "fingerprint": "97a85315f7478ed8",
        "length": 256,
        "owner_tier": 0,
        "request": "q5",
        "segment_index": 26
      },
      {
        "cache_owner": "q0",
        "epic_prefix_rows": [
          22,
          211
        ],
        "fingerprint": "e2f20e8d23ad1f3c",
        "length": 256,
        "owner_tier": 0,
        "request": "q5",
        "segment_index": 27
      },
      {
        "cache_owner": "q0",
        "epic_prefix_rows": [
          31,
          159
        ],
        "fingerprint": "0d5323d6441850a7",
        "length": 256,
        "owner_tier": 0,
        "request": "q5",
        "segment_index": 28
      },
      {
        "cache_owner": "q0",
        "epic_prefix_rows": [
          26,
          199
        ],
        "fingerprint": "2bbeefee3ca77394",
        "length": 256,
        "owner_tier": 0,
        "request": "q5",
        "segment_index": 29
      },
      {
        "cache_owner": "q0",
        "epic_prefix_rows": [
          86,
          183
        ],
        "fingerprint": "28b214a69646c775",
        "length": 256,
        "owner_tier": 0,
        "request": "q5",
        "segment_index": 30
      },
      {
        "cache_owner": "q0",
        "epic_prefix_rows": [
          39,
          209
        ],
        "fingerprint": "196ab37f68eb91dd",
        "length": 256,
        "owner_tier": 0,
        "request": "q5",
        "segment_index": 31
      },
      {
        "cache_owner": "q0",
        "epic_prefix_rows": [
          27,
          225
        ],
        "fingerprint": "b289731a6de14025",
        "length": 256,
        "owner_tier": 0,
        "request": "q5",
        "segment_index": 32
      },
      {
        "cache_owner": "q0",
        "epic_prefix_rows": [
          130,
          181
        ],
        "fingerprint": "1fd8287b40b3ef05",
        "length": 256,
        "owner_tier": 0,
        "request": "q5",
        "segment_index": 33
      },
      {
        "cache_owner": "q0",
        "epic_prefix_rows": [
          158,
          232
        ],
        "fingerprint": "d655032a50b311c0",
        "length": 256,
        "owner_tier": 0,
        "request": "q5",
        "segment_index": 34
      },
      {
        "cache_owner": "q0",
        "epic_prefix_rows": [
          92,
          211
        ],
        "fingerprint": "68aa33941aec615e",
        "length": 256,
        "owner_tier": 0,
        "request": "q5",
        "segment_index": 35
      },
      {
        "cache_owner": "q0",
        "epic_prefix_rows": [
          15,
          232
        ],
        "fingerprint": "57edc36f5adb4077",
        "length": 256,
        "owner_tier": 0,
        "request": "q5",
        "segment_index": 36
      },
      {
        "cache_owner": "q0",
        "epic_prefix_rows": [
          97,
          135
        ],
        "fingerprint": "060fe3cc81c4e614",
        "length": 256,
        "owner_tier": 0,
        "request": "q5",
        "segment_index": 37
      },
      {
        "cache_owner": "q0",
        "epic_prefix_rows": [
          32,
          198
        ],
        "fingerprint": "2c3a90bf49014087",
        "length": 256,
        "owner_tier": 0,
        "request": "q5",
        "segment_index": 38
      },
      {
        "cache_owner": "q0",
        "epic_prefix_rows": [
          49,
          183
        ],
        "fingerprint": "b8b19851f0e91e8b",
        "length": 256,
        "owner_tier": 0,
        "request": "q5",
        "segment_index": 39
      },
      {
        "cache_owner": "q0",
        "epic_prefix_rows": [
          13,
          63
        ],
        "fingerprint": "0a24aa246267ca70",
        "length": 256,
        "owner_tier": 0,
        "request": "q5",
        "segment_index": 40
      },
      {
        "cache_owner": "q0",
        "epic_prefix_rows": [
          10,
          179
        ],
        "fingerprint": "39982a5ac106dc56",
        "length": 256,
        "owner_tier": 0,
        "request": "q5",
        "segment_index": 41
      },
      {
        "cache_owner": "q0",
        "epic_prefix_rows": [
          90,
          206
        ],
        "fingerprint": "5b4fec5265577019",
        "length": 256,
        "owner_tier": 0,
        "request": "q5",
        "segment_index": 42
      },
      {
        "cache_owner": "q0",
        "epic_prefix_rows": [
          6,
          165
        ],
        "fingerprint": "31754f310cc87cb9",
        "length": 256,
        "owner_tier": 0,
        "request": "q5",
        "segment_index": 43
      },
      {
        "cache_owner": "q0",
        "epic_prefix_rows": [
          233,
          253
        ],
        "fingerprint": "17914e14c68c53c7",
        "length": 256,
        "owner_tier": 0,
        "request": "q5",
        "segment_index": 44
      },
      {
        "cache_owner": "q0",
        "epic_prefix_rows": [
          41,
          243
        ],
        "fingerprint": "0d5ec49d1bd3dfc2",
        "length": 256,
        "owner_tier": 0,
        "request": "q5",
        "segment_index": 45
      },
      {
        "cache_owner": "q0",
        "epic_prefix_rows": [
          26,
          205
        ],
        "fingerprint": "c8ca1ee28f153785",
        "length": 256,
        "owner_tier": 0,
        "request": "q5",
        "segment_index": 46
      },
      {
        "cache_owner": "q0",
        "epic_prefix_rows": [
          14,
          134
        ],
        "fingerprint": "d2d59fe199246a8a",
        "length": 256,
        "owner_tier": 0,
        "request": "q5",
        "segment_index": 47
      },
      {
        "cache_owner": "q0",
        "epic_prefix_rows": [
          41,
          49
        ],
        "fingerprint": "f8c3ac43031f479d",
        "length": 256,
        "owner_tier": 0,
        "request": "q5",
        "segment_index": 48
      },
      {
        "cache_owner": "q0",
        "epic_prefix_rows": [
          170,
          183
        ],
        "fingerprint": "1a0ba2ae3b5af048",
        "length": 256,
        "owner_tier": 0,
        "request": "q5",
        "segment_index": 49
      },
      {
        "cache_owner": "q0",
        "epic_prefix_rows": [
          50,
          241
        ],
        "fingerprint": "4efa77b98545d7f9",
        "length": 256,
        "owner_tier": 0,
        "request": "q5",
        "segment_index": 50
      },
      {
        "cache_owner": "q0",
        "epic_prefix_rows": [
          16,
          78
        ],
        "fingerprint": "e8daa9461adadb50",
        "length": 256,
        "owner_tier": 0,
        "request": "q5",
        "segment_index": 51
      },
      {
        "cache_owner": "q0",
        "epic_prefix_rows": [
          18,
          146
        ],
        "fingerprint": "27676fe4288b5092",
        "length": 256,
        "owner_tier": 0,
        "request": "q5",
        "segment_index": 52
      },
      {
        "cache_owner": "q0",
        "epic_prefix_rows": [
          0,
          192
        ],
        "fingerprint": "4628056629d21f29",
        "length": 256,
        "owner_tier": 0,
        "request": "q5",
        "segment_index": 53
      },
      {
        "cache_owner": "q0",
        "epic_prefix_rows": [
          80,
          172
        ],
        "fingerprint": "9e222200b410e430",
        "length": 256,
        "owner_tier": 0,
        "request": "q5",
        "segment_index": 54
      },
      {
        "cache_owner": "q0",
        "epic_prefix_rows": [
          75,
          82
        ],
        "fingerprint": "7753df1b6f8c9278",
        "length": 256,
        "owner_tier": 0,
        "request": "q5",
        "segment_index": 55
      },
      {
        "cache_owner": "q0",
        "epic_prefix_rows": [
          81,
          89
        ],
        "fingerprint": "2601f658cc5d3594",
        "length": 256,
        "owner_tier": 0,
        "request": "q5",
        "segment_index": 56
      },
      {
        "cache_owner": "q0",
        "epic_prefix_rows": [
          124,
          168
        ],
        "fingerprint": "27013d93d3fccf89",
        "length": 256,
        "owner_tier": 0,
        "request": "q5",
        "segment_index": 57
      },
      {
        "cache_owner": "q0",
        "epic_prefix_rows": [
          12,
          247
        ],
        "fingerprint": "6880baf09f037c19",
        "length": 256,
        "owner_tier": 0,
        "request": "q5",
        "segment_index": 58
      },
      {
        "cache_owner": "q0",
        "epic_prefix_rows": [
          22,
          203
        ],
        "fingerprint": "0724e17672a95b93",
        "length": 256,
        "owner_tier": 0,
        "request": "q5",
        "segment_index": 59
      },
      {
        "cache_owner": "q0",
        "epic_prefix_rows": [
          115,
          123
        ],
        "fingerprint": "e3c449fc4cd656ce",
        "length": 256,
        "owner_tier": 0,
        "request": "q5",
        "segment_index": 60
      },
      {
        "cache_owner": "q0",
        "epic_prefix_rows": [
          144,
          168
        ],
        "fingerprint": "274f7d8aacaccf25",
        "length": 256,
        "owner_tier": 0,
        "request": "q5",
        "segment_index": 61
      },
      {
        "cache_owner": "q0",
        "epic_prefix_rows": [
          87,
          121
        ],
        "fingerprint": "146a74171fc8e908",
        "length": 256,
        "owner_tier": 0,
        "request": "q5",
        "segment_index": 62
      },
      {
        "cache_owner": "q0",
        "epic_prefix_rows": [
          115,
          180
        ],
        "fingerprint": "56421c8602f059e6",
        "length": 256,
        "owner_tier": 0,
        "request": "q5",
        "segment_index": 63
      },
      {
        "cache_owner": "q0",
        "epic_prefix_rows": [
          83,
          215
        ],
        "fingerprint": "357ad2bb54f67a0c",
        "length": 256,
        "owner_tier": 0,
        "request": "q5",
        "segment_index": 64
      },
      {
        "cache_owner": "q0",
        "epic_prefix_rows": [
          186,
          237
        ],
        "fingerprint": "008b81b4d6caa9c9",
        "length": 256,
        "owner_tier": 0,
        "request": "q5",
        "segment_index": 65
      },
      {
        "cache_owner": "q0",
        "epic_prefix_rows": [
          70,
          197
        ],
        "fingerprint": "189f6cf46a89a8af",
        "length": 256,
        "owner_tier": 0,
        "request": "q5",
        "segment_index": 66
      },
      {
        "cache_owner": "q0",
        "epic_prefix_rows": [
          6,
          83
        ],
        "fingerprint": "7ee8a980cd5e73db",
        "length": 256,
        "owner_tier": 0,
        "request": "q5",
        "segment_index": 67
      },
      {
        "cache_owner": "q0",
        "epic_prefix_rows": [
          2,
          199
        ],
        "fingerprint": "1e09fc3aa312bedf",
        "length": 256,
        "owner_tier": 0,
        "request": "q5",
        "segment_index": 68
      },
      {
        "cache_owner": "q0",
        "epic_prefix_rows": [
          76,
          88
        ],
        "fingerprint": "e83ba334f98641d8",
        "length": 256,
        "owner_tier": 0,
        "request": "q5",
        "segment_index": 69
      },
      {
        "cache_owner": "q0",
        "epic_prefix_rows": [
          9,
          12
        ],
        "fingerprint": "93ff15fd417be171",
        "length": 256,
        "owner_tier": 0,
        "request": "q5",
        "segment_index": 70
      },
      {
        "cache_owner": "q0",
        "epic_prefix_rows": [
          1,
          165
        ],
        "fingerprint": "014c9a04b4e916be",
        "length": 256,
        "owner_tier": 0,
        "request": "q5",
        "segment_index": 71
      },
      {
        "cache_owner": "q0",
        "epic_prefix_rows": [
          19,
          24
        ],
        "fingerprint": "84398fc658db81a5",
        "length": 256,
        "owner_tier": 0,
        "request": "q5",
        "segment_index": 72
      },
      {
        "cache_owner": "q0",
        "epic_prefix_rows": [
          57,
          75
        ],
        "fingerprint": "05d534e6a81b4210",
        "length": 256,
        "owner_tier": 0,
        "request": "q5",
        "segment_index": 73
      },
      {
        "cache_owner": "q0",
        "epic_prefix_rows": [
          78,
          194
        ],
        "fingerprint": "8c41295e89de23e3",
        "length": 256,
        "owner_tier": 0,
        "request": "q5",
        "segment_index": 74
      },
      {
        "cache_owner": "q0",
        "epic_prefix_rows": [
          13,
          214
        ],
        "fingerprint": "0d6ee10e10def3d2",
        "length": 256,
        "owner_tier": 0,
        "request": "q5",
        "segment_index": 75
      },
      {
        "cache_owner": "q0",
        "epic_prefix_rows": [
          170,
          223
        ],
        "fingerprint": "c1807afb81a20f51",
        "length": 256,
        "owner_tier": 0,
        "request": "q5",
        "segment_index": 76
      },
      {
        "cache_owner": "q0",
        "epic_prefix_rows": [
          70,
          126
        ],
        "fingerprint": "931d7f5b83731cc7",
        "length": 256,
        "owner_tier": 0,
        "request": "q5",
        "segment_index": 77
      },
      {
        "cache_owner": "q0",
        "epic_prefix_rows": [
          110,
          186
        ],
        "fingerprint": "de3ba4f43ce3a094",
        "length": 256,
        "owner_tier": 0,
        "request": "q5",
        "segment_index": 78
      },
      {
        "cache_owner": "q0",
        "epic_prefix_rows": [
          37,
          204
        ],
        "fingerprint": "549b6eeef884e61d",
        "length": 256,
        "owner_tier": 0,
        "request": "q5",
        "segment_index": 79
      },
      {
        "cache_owner": "q0",
        "epic_prefix_rows": [
          66,
          208
        ],
        "fingerprint": "8f21a2b7cbc6a1cc",
        "length": 256,
        "owner_tier": 0,
        "request": "q5",
        "segment_index": 80
      },
      {
        "cache_owner": "q0",
        "epic_prefix_rows": [
          49,
          179
        ],
        "fingerprint": "3327eb88b326572c",
        "length": 256,
        "owner_tier": 0,
        "request": "q5",
        "segment_index": 81
      },
      {
        "cache_owner": "q0",
        "epic_prefix_rows": [
          220,
          223
        ],
        "fingerprint": "828afffd0287a7fd",
        "length": 256,
        "owner_tier": 0,
        "request": "q5",
        "segment_index": 82
      },
      {
        "cache_owner": "q0",
        "epic_prefix_rows": [
          125,
          241
        ],
        "fingerprint": "2e40f41c46618477",
        "length": 256,
        "owner_tier": 0,
        "request": "q5",
        "segment_index": 83
      },
      {
        "cache_owner": "q0",
        "epic_prefix_rows": [
          115,
          195
        ],
        "fingerprint": "38fd9d00b6d09b58",
        "length": 256,
        "owner_tier": 0,
        "request": "q5",
        "segment_index": 84
      },
      {
        "cache_owner": "q0",
        "epic_prefix_rows": [
          122,
          202
        ],
        "fingerprint": "01ef803e6ca17df7",
        "length": 256,
        "owner_tier": 0,
        "request": "q5",
        "segment_index": 85
      },
      {
        "cache_owner": "q0",
        "epic_prefix_rows": [
          203,
          246
        ],
        "fingerprint": "70b457c38f944354",
        "length": 256,
        "owner_tier": 0,
        "request": "q5",
        "segment_index": 86
      },
      {
        "cache_owner": "q0",
        "epic_prefix_rows": [
          35,
          129
        ],
        "fingerprint": "e2614c2dedf4cf58",
        "length": 256,
        "owner_tier": 0,
        "request": "q5",
        "segment_index": 87
      },
      {
        "cache_owner": "q0",
        "epic_prefix_rows": [
          141,
          190
        ],
        "fingerprint": "b1ab14bf7fe90b52",
        "length": 256,
        "owner_tier": 0,
        "request": "q5",
        "segment_index": 88
      },
      {
        "cache_owner": "q0",
        "epic_prefix_rows": [
          11,
          242
        ],
        "fingerprint": "19b2326032573ee0",
        "length": 256,
        "owner_tier": 0,
        "request": "q5",
        "segment_index": 89
      },
      {
        "cache_owner": "q0",
        "epic_prefix_rows": [
          121,
          141
        ],
        "fingerprint": "f97f30f9dca3b30d",
        "length": 256,
        "owner_tier": 0,
        "request": "q5",
        "segment_index": 90
      },
      {
        "cache_owner": "q0",
        "epic_prefix_rows": [
          20,
          164
        ],
        "fingerprint": "9b66baa8d351f5fb",
        "length": 256,
        "owner_tier": 0,
        "request": "q5",
        "segment_index": 91
      },
      {
        "cache_owner": "q1",
        "epic_prefix_rows": [
          54,
          200
        ],
        "fingerprint": "1393d94e264cb21d",
        "length": 256,
        "owner_tier": 0,
        "request": "q5",
        "segment_index": 92
      },
      {
        "cache_owner": "q10",
        "epic_prefix_rows": [
          24,
          73
        ],
        "fingerprint": "5994a888fff74396",
        "length": 256,
        "owner_tier": 0,
        "request": "q5",
        "segment_index": 93
      },
      {
        "cache_owner": "q10",
        "epic_prefix_rows": [
          13,
          200
        ],
        "fingerprint": "7340d25484ecfb18",
        "length": 256,
        "owner_tier": 0,
        "request": "q5",
        "segment_index": 94
      },
      {
        "cache_owner": "q10",
        "epic_prefix_rows": [
          201,
          215
        ],
        "fingerprint": "6a4062e9346a79d0",
        "length": 256,
        "owner_tier": 0,
        "request": "q5",
        "segment_index": 95
      },
      {
        "cache_owner": "q10",
        "epic_prefix_rows": [
          53,
          221
        ],
        "fingerprint": "310d98fa063059f6",
        "length": 256,
        "owner_tier": 0,
        "request": "q5",
        "segment_index": 96
      },
      {
        "cache_owner": "q0",
        "epic_prefix_rows": [],
        "fingerprint": "b4818fcedac6bc88",
        "length": 300,
        "owner_tier": 0,
        "request": "q6",
        "segment_index": 0
      },
      {
        "cache_owner": "q0",
        "epic_prefix_rows": [
          235,
          236
        ],
        "fingerprint": "a5918e4687c97f7e",
        "length": 256,
        "owner_tier": 0,
        "request": "q6",
        "segment_index": 1
      },
      {
        "cache_owner": "q0",
        "epic_prefix_rows": [
          82,
          86
        ],
        "fingerprint": "2b4e7732607841e2",
        "length": 256,
        "owner_tier": 0,
        "request": "q6",
        "segment_index": 2
      },
      {
        "cache_owner": "q0",
        "epic_prefix_rows": [
          174,
          242
        ],
        "fingerprint": "9e4aeb4914ddd394",
        "length": 256,
        "owner_tier": 0,
        "request": "q6",
        "segment_index": 3
      },
      {
        "cache_owner": "q0",
        "epic_prefix_rows": [
          81,
          210
        ],
        "fingerprint": "6334e6823b55d024",
        "length": 256,
        "owner_tier": 0,
        "request": "q6",
        "segment_index": 4
      },
      {
        "cache_owner": "q0",
        "epic_prefix_rows": [
          57,
          145
        ],
        "fingerprint": "307e02ba0c9c8db6",
        "length": 256,
        "owner_tier": 0,
        "request": "q6",
        "segment_index": 5
      },
      {
        "cache_owner": "q0",
        "epic_prefix_rows": [
          176,
          188
        ],
        "fingerprint": "d8e088676ac0e994",
        "length": 256,
        "owner_tier": 0,
        "request": "q6",
        "segment_index": 6
      },
      {
        "cache_owner": "q0",
        "epic_prefix_rows": [
          73,
          183
        ],
        "fingerprint": "eba00dddf332f864",
        "length": 256,
        "owner_tier": 0,
        "request": "q6",
        "segment_index": 7
      },
      {
        "cache_owner": "q0",
        "epic_prefix_rows": [
          27,
          242
        ],
        "fingerprint": "16ff367edf27a427",
        "length": 256,
        "owner_tier": 0,
        "request": "q6",
        "segment_index": 8
      },
      {
        "cache_owner": "q0",
        "epic_prefix_rows": [
          100,
          131
        ],
        "fingerprint": "544559610dd737d8",
        "length": 256,
        "owner_tier": 0,
        "request": "q6",
        "segment_index": 9
      },
      {
        "cache_owner": "q0",
        "epic_prefix_rows": [
          90,
          166
        ],
        "fingerprint": "719d4f68cfcda7af",
        "length": 256,
        "owner_tier": 0,
        "request": "q6",
        "segment_index": 10
      },
      {
        "cache_owner": "q0",
        "epic_prefix_rows": [
          151,
          194
        ],
        "fingerprint": "de2eea82f07af94b",
        "length": 256,
        "owner_tier": 0,
        "request": "q6",
        "segment_index": 11
      },
      {
        "cache_owner": "q0",
        "epic_prefix_rows": [
          21,
          149
        ],
        "fingerprint": "3df9fb747ee9b3ed",
        "length": 256,
        "owner_tier": 0,
        "request": "q6",
        "segment_index": 12
      },
      {
        "cache_owner": "q0",
        "epic_prefix_rows": [
          17,
          220
        ],
        "fingerprint": "d84e94f761d8f171",
        "length": 256,
        "owner_tier": 0,
        "request": "q6",
        "segment_index": 13
      },
      {
        "cache_owner": "q0",
        "epic_prefix_rows": [
          137,
          210
        ],
        "fingerprint": "e69c516fc2d68c1b",
        "length": 256,
        "owner_tier": 0,
        "request": "q6",
        "segment_index": 14
      },
      {
        "cache_owner": "q0",
        "epic_prefix_rows": [
          106,
          192
        ],
        "fingerprint": "d679790103e8c53b",
        "length": 256,
        "owner_tier": 0,
        "request": "q6",
        "segment_index": 15
      },
      {
        "cache_owner": "q0",
        "epic_prefix_rows": [
          68,
          177
        ],
        "fingerprint": "ef9219752ae977de",
        "length": 256,
        "owner_tier": 0,
        "request": "q6",
        "segment_index": 16
      },
      {
        "cache_owner": "q0",
        "epic_prefix_rows": [
          56,
          67
        ],
        "fingerprint": "804751a4de0897b1",
        "length": 256,
        "owner_tier": 0,
        "request": "q6",
        "segment_index": 17
      },
      {
        "cache_owner": "q0",
        "epic_prefix_rows": [
          84,
          182
        ],
        "fingerprint": "408f7199c5ad6444",
        "length": 256,
        "owner_tier": 0,
        "request": "q6",
        "segment_index": 18
      },
      {
        "cache_owner": "q0",
        "epic_prefix_rows": [
          15,
          220
        ],
        "fingerprint": "0b61bf84de13cf6f",
        "length": 256,
        "owner_tier": 0,
        "request": "q6",
        "segment_index": 19
      },
      {
        "cache_owner": "q0",
        "epic_prefix_rows": [
          203,
          237
        ],
        "fingerprint": "f4cf28fc5b71edf3",
        "length": 256,
        "owner_tier": 0,
        "request": "q6",
        "segment_index": 20
      },
      {
        "cache_owner": "q0",
        "epic_prefix_rows": [
          38,
          39
        ],
        "fingerprint": "f4fdd0e52e878abf",
        "length": 256,
        "owner_tier": 0,
        "request": "q6",
        "segment_index": 21
      },
      {
        "cache_owner": "q0",
        "epic_prefix_rows": [
          70,
          217
        ],
        "fingerprint": "7ba29ac00739c4ea",
        "length": 256,
        "owner_tier": 0,
        "request": "q6",
        "segment_index": 22
      },
      {
        "cache_owner": "q0",
        "epic_prefix_rows": [
          78,
          86
        ],
        "fingerprint": "6c5246339cc01ead",
        "length": 256,
        "owner_tier": 0,
        "request": "q6",
        "segment_index": 23
      },
      {
        "cache_owner": "q0",
        "epic_prefix_rows": [
          84,
          106
        ],
        "fingerprint": "3e13ea33ffd365d2",
        "length": 256,
        "owner_tier": 0,
        "request": "q6",
        "segment_index": 24
      },
      {
        "cache_owner": "q0",
        "epic_prefix_rows": [
          15,
          116
        ],
        "fingerprint": "97a85315f7478ed8",
        "length": 256,
        "owner_tier": 0,
        "request": "q6",
        "segment_index": 25
      },
      {
        "cache_owner": "q0",
        "epic_prefix_rows": [
          69,
          252
        ],
        "fingerprint": "e2f20e8d23ad1f3c",
        "length": 256,
        "owner_tier": 0,
        "request": "q6",
        "segment_index": 26
      },
      {
        "cache_owner": "q0",
        "epic_prefix_rows": [
          147,
          182
        ],
        "fingerprint": "0d5323d6441850a7",
        "length": 256,
        "owner_tier": 0,
        "request": "q6",
        "segment_index": 27
      },
      {
        "cache_owner": "q0",
        "epic_prefix_rows": [
          60,
          171
        ],
        "fingerprint": "2bbeefee3ca77394",
        "length": 256,
        "owner_tier": 0,
        "request": "q6",
        "segment_index": 28
      },
      {
        "cache_owner": "q0",
        "epic_prefix_rows": [
          134,
          209
        ],
        "fingerprint": "28b214a69646c775",
        "length": 256,
        "owner_tier": 0,
        "request": "q6",
        "segment_index": 29
      },
      {
        "cache_owner": "q0",
        "epic_prefix_rows": [
          81,
          175
        ],
        "fingerprint": "196ab37f68eb91dd",
        "length": 256,
        "owner_tier": 0,
        "request": "q6",
        "segment_index": 30
      },
      {
        "cache_owner": "q0",
        "epic_prefix_rows": [
          74,
          169
        ],
        "fingerprint": "b289731a6de14025",
        "length": 256,
        "owner_tier": 0,
        "request": "q6",
        "segment_index": 31
      },
      {
        "cache_owner": "q0",
        "epic_prefix_rows": [
          156,
          192
        ],
        "fingerprint": "1fd8287b40b3ef05",
        "length": 256,
        "owner_tier": 0,
        "request": "q6",
        "segment_index": 32
      },
      {
        "cache_owner": "q0",
        "epic_prefix_rows": [
          120,
          193
        ],
        "fingerprint": "d655032a50b311c0",
        "length": 256,
        "owner_tier": 0,
        "request": "q6",
        "segment_index": 33
      },
      {
        "cache_owner": "q0",
        "epic_prefix_rows": [
          177,
          199
        ],
        "fingerprint": "68aa33941aec615e",
        "length": 256,
        "owner_tier": 0,
        "request": "q6",
        "segment_index": 34
      },
      {
        "cache_owner": "q0",
        "epic_prefix_rows": [
          156,
          241
        ],
        "fingerprint": "57edc36f5adb4077",
        "length": 256,
        "owner_tier": 0,
        "request": "q6",
        "segment_index": 35
      },
      {
        "cache_owner": "q0",
        "epic_prefix_rows": [
          208,
          209
        ],
        "fingerprint": "060fe3cc81c4e614",
        "length": 256,
        "owner_tier": 0,
        "request": "q6",
        "segment_index": 36
      },
      {
        "cache_owner": "q0",
        "epic_prefix_rows": [
          50,
          78
        ],
        "fingerprint": "2c3a90bf49014087",
        "length": 256,
        "owner_tier": 0,
        "request": "q6",
        "segment_index": 37
      },
      {
        "cache_owner": "q0",
        "epic_prefix_rows": [
          2,
          75
        ],
        "fingerprint": "b8b19851f0e91e8b",
        "length": 256,
        "owner_tier": 0,
        "request": "q6",
        "segment_index": 38
      },
      {
        "cache_owner": "q0",
        "epic_prefix_rows": [
          54,
          104
        ],
        "fingerprint": "0a24aa246267ca70",
        "length": 256,
        "owner_tier": 0,
        "request": "q6",
        "segment_index": 39
      },
      {
        "cache_owner": "q0",
        "epic_prefix_rows": [
          56,
          136
        ],
        "fingerprint": "39982a5ac106dc56",
        "length": 256,
        "owner_tier": 0,
        "request": "q6",
        "segment_index": 40
      },
      {
        "cache_owner": "q0",
        "epic_prefix_rows": [
          86,
          192
        ],
        "fingerprint": "5b4fec5265577019",
        "length": 256,
        "owner_tier": 0,
        "request": "q6",
        "segment_index": 41
      },
      {
        "cache_owner": "q0",
        "epic_prefix_rows": [
          18,
          43
        ],
        "fingerprint": "31754f310cc87cb9",
        "length": 256,
        "owner_tier": 0,
        "request": "q6",
        "segment_index": 42
      },
      {
        "cache_owner": "q0",
        "epic_prefix_rows": [
          5,
          59
        ],
        "fingerprint": "17914e14c68c53c7",
        "length": 256,
        "owner_tier": 0,
        "request": "q6",
        "segment_index": 43
      },
      {
        "cache_owner": "q0",
        "epic_prefix_rows": [
          185,
          246
        ],
        "fingerprint": "0d5ec49d1bd3dfc2",
        "length": 256,
        "owner_tier": 0,
        "request": "q6",
        "segment_index": 44
      },
      {
        "cache_owner": "q0",
        "epic_prefix_rows": [
          55,
          162
        ],
        "fingerprint": "c8ca1ee28f153785",
        "length": 256,
        "owner_tier": 0,
        "request": "q6",
        "segment_index": 45
      },
      {
        "cache_owner": "q0",
        "epic_prefix_rows": [
          188,
          231
        ],
        "fingerprint": "d2d59fe199246a8a",
        "length": 256,
        "owner_tier": 0,
        "request": "q6",
        "segment_index": 46
      },
      {
        "cache_owner": "q0",
        "epic_prefix_rows": [
          129,
          249
        ],
        "fingerprint": "f8c3ac43031f479d",
        "length": 256,
        "owner_tier": 0,
        "request": "q6",
        "segment_index": 47
      },
      {
        "cache_owner": "q0",
        "epic_prefix_rows": [
          81,
          117
        ],
        "fingerprint": "1a0ba2ae3b5af048",
        "length": 256,
        "owner_tier": 0,
        "request": "q6",
        "segment_index": 48
      },
      {
        "cache_owner": "q0",
        "epic_prefix_rows": [
          39,
          86
        ],
        "fingerprint": "4efa77b98545d7f9",
        "length": 256,
        "owner_tier": 0,
        "request": "q6",
        "segment_index": 49
      },
      {
        "cache_owner": "q0",
        "epic_prefix_rows": [
          13,
          85
        ],
        "fingerprint": "e8daa9461adadb50",
        "length": 256,
        "owner_tier": 0,
        "request": "q6",
        "segment_index": 50
      },
      {
        "cache_owner": "q0",
        "epic_prefix_rows": [
          106,
          209
        ],
        "fingerprint": "27676fe4288b5092",
        "length": 256,
        "owner_tier": 0,
        "request": "q6",
        "segment_index": 51
      },
      {
        "cache_owner": "q0",
        "epic_prefix_rows": [
          207,
          224
        ],
        "fingerprint": "4628056629d21f29",
        "length": 256,
        "owner_tier": 0,
        "request": "q6",
        "segment_index": 52
      },
      {
        "cache_owner": "q0",
        "epic_prefix_rows": [
          10,
          135
        ],
        "fingerprint": "9e222200b410e430",
        "length": 256,
        "owner_tier": 0,
        "request": "q6",
        "segment_index": 53
      },
      {
        "cache_owner": "q0",
        "epic_prefix_rows": [
          68,
          198
        ],
        "fingerprint": "7753df1b6f8c9278",
        "length": 256,
        "owner_tier": 0,
        "request": "q6",
        "segment_index": 54
      },
      {
        "cache_owner": "q0",
        "epic_prefix_rows": [
          87,
          225
        ],
        "fingerprint": "2601f658cc5d3594",
        "length": 256,
        "owner_tier": 0,
        "request": "q6",
        "segment_index": 55
      },
      {
        "cache_owner": "q0",
        "epic_prefix_rows": [
          27,
          192
        ],
        "fingerprint": "27013d93d3fccf89",
        "length": 256,
        "owner_tier": 0,
        "request": "q6",
        "segment_index": 56
      },
      {
        "cache_owner": "q0",
        "epic_prefix_rows": [
          44,
          207
        ],
        "fingerprint": "6880baf09f037c19",
        "length": 256,
        "owner_tier": 0,
        "request": "q6",
        "segment_index": 57
      },
      {
        "cache_owner": "q0",
        "epic_prefix_rows": [
          119,
          171
        ],
        "fingerprint": "0724e17672a95b93",
        "length": 256,
        "owner_tier": 0,
        "request": "q6",
        "segment_index": 58
      },
      {
        "cache_owner": "q0",
        "epic_prefix_rows": [
          20,
          233
        ],
        "fingerprint": "e3c449fc4cd656ce",
        "length": 256,
        "owner_tier": 0,
        "request": "q6",
        "segment_index": 59
      },
      {
        "cache_owner": "q0",
        "epic_prefix_rows": [
          52,
          245
        ],
        "fingerprint": "274f7d8aacaccf25",
        "length": 256,
        "owner_tier": 0,
        "request": "q6",
        "segment_index": 60
      },
      {
        "cache_owner": "q0",
        "epic_prefix_rows": [
          137,
          251
        ],
        "fingerprint": "146a74171fc8e908",
        "length": 256,
        "owner_tier": 0,
        "request": "q6",
        "segment_index": 61
      },
      {
        "cache_owner": "q0",
        "epic_prefix_rows": [
          201,
          242
        ],
        "fingerprint": "56421c8602f059e6",
        "length": 256,
        "owner_tier": 0,
        "request": "q6",
        "segment_index": 62
      },
      {
        "cache_owner": "q0",
        "epic_prefix_rows": [
          92,
          135
        ],
        "fingerprint": "357ad2bb54f67a0c",
        "length": 256,
        "owner_tier": 0,
        "request": "q6",
        "segment_index": 63
      },
      {
        "cache_owner": "q0",
        "epic_prefix_rows": [
          117,
          186
        ],
        "fingerprint": "008b81b4d6caa9c9",
        "length": 256,
        "owner_tier": 0,
        "request": "q6",
        "segment_index": 64
      },
      {
        "cache_owner": "q0",
        "epic_prefix_rows": [
          81,
          154
        ],
        "fingerprint": "189f6cf46a89a8af",
        "length": 256,
        "owner_tier": 0,
        "request": "q6",
        "segment_index": 65
      },
      {
        "cache_owner": "q0",
        "epic_prefix_rows": [
          73,
          233
        ],
        "fingerprint": "7ee8a980cd5e73db",
        "length": 256,
        "owner_tier": 0,
        "request": "q6",
        "segment_index": 66
      },
      {
        "cache_owner": "q0",
        "epic_prefix_rows": [
          35,
          244
        ],
        "fingerprint": "1e09fc3aa312bedf",
        "length": 256,
        "owner_tier": 0,
        "request": "q6",
        "segment_index": 67
      },
      {
        "cache_owner": "q0",
        "epic_prefix_rows": [
          201,
          209
        ],
        "fingerprint": "e83ba334f98641d8",
        "length": 256,
        "owner_tier": 0,
        "request": "q6",
        "segment_index": 68
      },
      {
        "cache_owner": "q0",
        "epic_prefix_rows": [
          47,
          135
        ],
        "fingerprint": "93ff15fd417be171",
        "length": 256,
        "owner_tier": 0,
        "request": "q6",
        "segment_index": 69
      },
      {
        "cache_owner": "q0",
        "epic_prefix_rows": [
          117,
          246
        ],
        "fingerprint": "014c9a04b4e916be",
        "length": 256,
        "owner_tier": 0,
        "request": "q6",
        "segment_index": 70
      },
      {
        "cache_owner": "q0",
        "epic_prefix_rows": [
          56,
          151
        ],
        "fingerprint": "84398fc658db81a5",
        "length": 256,
        "owner_tier": 0,
        "request": "q6",
        "segment_index": 71
      },
      {
        "cache_owner": "q0",
        "epic_prefix_rows": [
          72,
          184
        ],
        "fingerprint": "05d534e6a81b4210",
        "length": 256,
        "owner_tier": 0,
        "request": "q6",
        "segment_index": 72
      },
      {
        "cache_owner": "q0",
        "epic_prefix_rows": [
          48,
          70
        ],
        "fingerprint": "8c41295e89de23e3",
        "length": 256,
        "owner_tier": 0,
        "request": "q6",
        "segment_index": 73
      },
      {
        "cache_owner": "q0",
        "epic_prefix_rows": [
          29,
          70
        ],
        "fingerprint": "0d6ee10e10def3d2",
        "length": 256,
        "owner_tier": 0,
        "request": "q6",
        "segment_index": 74
      },
      {
        "cache_owner": "q0",
        "epic_prefix_rows": [
          3,
          101
        ],
        "fingerprint": "c1807afb81a20f51",
        "length": 256,
        "owner_tier": 0,
        "request": "q6",
        "segment_index": 75
      },
      {
        "cache_owner": "q0",
        "epic_prefix_rows": [
          16,
          207
        ],
        "fingerprint": "931d7f5b83731cc7",
        "length": 256,
        "owner_tier": 0,
        "request": "q6",
        "segment_index": 76
      },
      {
        "cache_owner": "q0",
        "epic_prefix_rows": [
          54,
          251
        ],
        "fingerprint": "de3ba4f43ce3a094",
        "length": 256,
        "owner_tier": 0,
        "request": "q6",
        "segment_index": 77
      },
      {
        "cache_owner": "q0",
        "epic_prefix_rows": [
          177,
          242
        ],
        "fingerprint": "549b6eeef884e61d",
        "length": 256,
        "owner_tier": 0,
        "request": "q6",
        "segment_index": 78
      },
      {
        "cache_owner": "q0",
        "epic_prefix_rows": [
          49,
          175
        ],
        "fingerprint": "8f21a2b7cbc6a1cc",
        "length": 256,
        "owner_tier": 0,
        "request": "q6",
        "segment_index": 79
      },
      {
        "cache_owner": "q0",
        "epic_prefix_rows": [
          2,
          123
        ],
        "fingerprint": "3327eb88b326572c",
        "length": 256,
        "owner_tier": 0,
        "request": "q6",
        "segment_index": 80
      },
      {
        "cache_owner": "q0",
        "epic_prefix_rows": [
          116,
          254
        ],
        "fingerprint": "828afffd0287a7fd",
        "length": 256,
        "owner_tier": 0,
        "request": "q6",
        "segment_index": 81
      },
      {
        "cache_owner": "q0",
        "epic_prefix_rows": [
          140,
          159
        ],
        "fingerprint": "2e40f41c46618477",
        "length": 256,
        "owner_tier": 0,
        "request": "q6",
        "segment_index": 82
      },
      {
        "cache_owner": "q0",
        "epic_prefix_rows": [
          4,
          115
        ],
        "fingerprint": "38fd9d00b6d09b58",
        "length": 256,
        "owner_tier": 0,
        "request": "q6",
        "segment_index": 83
      },
      {
        "cache_owner": "q0",
        "epic_prefix_rows": [
          181,
          253
        ],
        "fingerprint": "01ef803e6ca17df7",
        "length": 256,
        "owner_tier": 0,
        "request": "q6",
        "segment_index": 84
      },
      {
        "cache_owner": "q0",
        "epic_prefix_rows": [
          46,
          174
        ],
        "fingerprint": "70b457c38f944354",
        "length": 256,
        "owner_tier": 0,
        "request": "q6",
        "segment_index": 85
      },
      {
        "cache_owner": "q0",
        "epic_prefix_rows": [
          39,
          156
        ],
        "fingerprint": "e2614c2dedf4cf58",
        "length": 256,
        "owner_tier": 0,
        "request": "q6",
        "segment_index": 86
      },
      {
        "cache_owner": "q0",
        "epic_prefix_rows": [
          115,
          216
        ],
        "fingerprint": "b1ab14bf7fe90b52",
        "length": 256,
        "owner_tier": 0,
        "request": "q6",
        "segment_index": 87
      },
      {
        "cache_owner": "q0",
        "epic_prefix_rows": [
          188,
          195
        ],
        "fingerprint": "19b2326032573ee0",
        "length": 256,
        "owner_tier": 0,
        "request": "q6",
        "segment_index": 88
      },
      {
        "cache_owner": "q0",
        "epic_prefix_rows": [
          74,
          118
        ],
        "fingerprint": "f97f30f9dca3b30d",
        "length": 256,
        "owner_tier": 0,
        "request": "q6",
        "segment_index": 89
      },
      {
        "cache_owner": "q0",
        "epic_prefix_rows": [
          102,
          147
        ],
        "fingerprint": "9b66baa8d351f5fb",
        "length": 256,
        "owner_tier": 0,
        "request": "q6",
        "segment_index": 90
      },
      {
        "cache_owner": "q1",
        "epic_prefix_rows": [
          183,
          246
        ],
        "fingerprint": "1393d94e264cb21d",
        "length": 256,
        "owner_tier": 0,
        "request": "q6",
        "segment_index": 91
      },
      {
        "cache_owner": "q10",
        "epic_prefix_rows": [
          144,
          196
        ],
        "fingerprint": "5994a888fff74396",
        "length": 256,
        "owner_tier": 0,
        "request": "q6",
        "segment_index": 92
      },
      {
        "cache_owner": "q10",
        "epic_prefix_rows": [
          61,
          66
        ],
        "fingerprint": "7340d25484ecfb18",
        "length": 256,
        "owner_tier": 0,
        "request": "q6",
        "segment_index": 93
      },
      {
        "cache_owner": "q10",
        "epic_prefix_rows": [
          181,
          205
        ],
        "fingerprint": "6a4062e9346a79d0",
        "length": 256,
        "owner_tier": 0,
        "request": "q6",
        "segment_index": 94
      },
      {
        "cache_owner": "q10",
        "epic_prefix_rows": [
          117,
          241
        ],
        "fingerprint": "310d98fa063059f6",
        "length": 256,
        "owner_tier": 0,
        "request": "q6",
        "segment_index": 95
      },
      {
        "cache_owner": "q10",
        "epic_prefix_rows": [
          183,
          191
        ],
        "fingerprint": "7f08b641340dd17c",
        "length": 256,
        "owner_tier": 0,
        "request": "q6",
        "segment_index": 96
      },
      {
        "cache_owner": "q0",
        "epic_prefix_rows": [],
        "fingerprint": "b4818fcedac6bc88",
        "length": 300,
        "owner_tier": 0,
        "request": "q7",
        "segment_index": 0
      },
      {
        "cache_owner": "q0",
        "epic_prefix_rows": [
          142,
          221
        ],
        "fingerprint": "2b4e7732607841e2",
        "length": 256,
        "owner_tier": 0,
        "request": "q7",
        "segment_index": 1
      },
      {
        "cache_owner": "q0",
        "epic_prefix_rows": [
          183,
          205
        ],
        "fingerprint": "9e4aeb4914ddd394",
        "length": 256,
        "owner_tier": 0,
        "request": "q7",
        "segment_index": 2
      },
      {
        "cache_owner": "q0",
        "epic_prefix_rows": [
          53,
          144
        ],
        "fingerprint": "6334e6823b55d024",
        "length": 256,
        "owner_tier": 0,
        "request": "q7",
        "segment_index": 3
      },
      {
        "cache_owner": "q0",
        "epic_prefix_rows": [
          149,
          245
        ],
        "fingerprint": "307e02ba0c9c8db6",
        "length": 256,
        "owner_tier": 0,
        "request": "q7",
        "segment_index": 4
      },
      {
        "cache_owner": "q0",
        "epic_prefix_rows": [
          61,
          228
        ],
        "fingerprint": "d8e088676ac0e994",
        "length": 256,
        "owner_tier": 0,
        "request": "q7",
        "segment_index": 5
      },
      {
        "cache_owner": "q0",
        "epic_prefix_rows": [
          78,
          176
        ],
        "fingerprint": "eba00dddf332f864",
        "length": 256,
        "owner_tier": 0,
        "request": "q7",
        "segment_index": 6
      },
      {
        "cache_owner": "q0",
        "epic_prefix_rows": [
          95,
          124
        ],
        "fingerprint": "16ff367edf27a427",
        "length": 256,
        "owner_tier": 0,
        "request": "q7",
        "segment_index": 7
      },
      {
        "cache_owner": "q0",
        "epic_prefix_rows": [
          173,
          255
        ],
        "fingerprint": "544559610dd737d8",
        "length": 256,
        "owner_tier": 0,
        "request": "q7",
        "segment_index": 8
      },
      {
        "cache_owner": "q0",
        "epic_prefix_rows": [
          56,
          117
        ],
        "fingerprint": "719d4f68cfcda7af",
        "length": 256,
        "owner_tier": 0,
        "request": "q7",
        "segment_index": 9
      },
      {
        "cache_owner": "q0",
        "epic_prefix_rows": [
          196,
          199
        ],
        "fingerprint": "de2eea82f07af94b",
        "length": 256,
        "owner_tier": 0,
        "request": "q7",
        "segment_index": 10
      },
      {
        "cache_owner": "q0",
        "epic_prefix_rows": [
          236,
          237
        ],
        "fingerprint": "3df9fb747ee9b3ed",
        "length": 256,
        "owner_tier": 0,
        "request": "q7",
        "segment_index": 11
      },
      {
        "cache_owner": "q0",
        "epic_prefix_rows": [
          112,
          204
        ],
        "fingerprint": "d84e94f761d8f171",
        "length": 256,
        "owner_tier": 0,
        "request": "q7",
        "segment_index": 12
      },
      {
        "cache_owner": "q0",
        "epic_prefix_rows": [
          159,
          249
        ],
        "fingerprint": "e69c516fc2d68c1b",
        "length": 256,
        "owner_tier": 0,
        "request": "q7",
        "segment_index": 13
      },
      {
        "cache_owner": "q0",
        "epic_prefix_rows": [
          119,
          161
        ],
        "fingerprint": "d679790103e8c53b",
        "length": 256,
        "owner_tier": 0,
        "request": "q7",
        "segment_index": 14
      },
      {
        "cache_owner": "q0",
        "epic_prefix_rows": [
          0,
          47
        ],
        "fingerprint": "ef9219752ae977de",
        "length": 256,
        "owner_tier": 0,
        "request": "q7",
        "segment_index": 15
      },
      {
        "cache_owner": "q0",
        "epic_prefix_rows": [
          162,
          241
        ],
        "fingerprint": "804751a4de0897b1",
        "length": 256,
        "owner_tier": 0,
        "request": "q7",
        "segment_index": 16
      },
      {
        "cache_owner": "q0",
        "epic_prefix_rows": [
          116,
          201
        ],
        "fingerprint": "408f7199c5ad6444",
        "length": 256,
        "owner_tier": 0,
        "request": "q7",
        "segment_index": 17
      },
      {
        "cache_owner": "q0",
        "epic_prefix_rows": [
          24,
          220
        ],
        "fingerprint": "0b61bf84de13cf6f",
        "length": 256,
        "owner_tier": 0,
        "request": "q7",
        "segment_index": 18
      },
      {
        "cache_owner": "q0",
        "epic_prefix_rows": [
          20,
          208
        ],
        "fingerprint": "f4cf28fc5b71edf3",
        "length": 256,
        "owner_tier": 0,
        "request": "q7",
        "segment_index": 19
      },
      {
        "cache_owner": "q0",
        "epic_prefix_rows": [
          47,
          134
        ],
        "fingerprint": "f4fdd0e52e878abf",
        "length": 256,
        "owner_tier": 0,
        "request": "q7",
        "segment_index": 20
      },
      {
        "cache_owner": "q0",
        "epic_prefix_rows": [
          102,
          167
        ],
        "fingerprint": "7ba29ac00739c4ea",
        "length": 256,
        "owner_tier": 0,
        "request": "q7",
        "segment_index": 21
      },
      {
        "cache_owner": "q0",
        "epic_prefix_rows": [
          57,
          91
        ],
        "fingerprint": "6c5246339cc01ead",
        "length": 256,
        "owner_tier": 0,
        "request": "q7",
        "segment_index": 22
      },
      {
        "cache_owner": "q0",
        "epic_prefix_rows": [
          92,
          186
        ],
        "fingerprint": "3e13ea33ffd365d2",
        "length": 256,
        "owner_tier": 0,
        "request": "q7",
        "segment_index": 23
      },
      {
        "cache_owner": "q0",
        "epic_prefix_rows": [
          14,
          119
        ],
        "fingerprint": "97a85315f7478ed8",
        "length": 256,
        "owner_tier": 0,
        "request": "q7",
        "segment_index": 24
      },
      {
        "cache_owner": "q0",
        "epic_prefix_rows": [
          4,
          22
        ],
        "fingerprint": "e2f20e8d23ad1f3c",
        "length": 256,
        "owner_tier": 0,
        "request": "q7",
        "segment_index": 25
      },
      {
        "cache_owner": "q0",
        "epic_prefix_rows": [
          2,
          195
        ],
        "fingerprint": "0d5323d6441850a7",
        "length": 256,
        "owner_tier": 0,
        "request": "q7",
        "segment_index": 26
      },
      {
        "cache_owner": "q0",
        "epic_prefix_rows": [
          59,
          66
        ],
        "fingerprint": "2bbeefee3ca77394",
        "length": 256,
        "owner_tier": 0,
        "request": "q7",
        "segment_index": 27
      },
      {
        "cache_owner": "q0",
        "epic_prefix_rows": [
          41,
          102
        ],
        "fingerprint": "28b214a69646c775",
        "length": 256,
        "owner_tier": 0,
        "request": "q7",
        "segment_index": 28
      },
      {
        "cache_owner": "q0",
        "epic_prefix_rows": [
          101,
          238
        ],
        "fingerprint": "196ab37f68eb91dd",
        "length": 256,
        "owner_tier": 0,
        "request": "q7",
        "segment_index": 29
      },
      {
        "cache_owner": "q0",
        "epic_prefix_rows": [
          0,
          212
        ],
        "fingerprint": "b289731a6de14025",
        "length": 256,
        "owner_tier": 0,
        "request": "q7",
        "segment_index": 30
      },
      {
        "cache_owner": "q0",
        "epic_prefix_rows": [
          34,
          90
        ],
        "fingerprint": "1fd8287b40b3ef05",
        "length": 256,
        "owner_tier": 0,
        "request": "q7",
        "segment_index": 31
      },
      {
        "cache_owner": "q0",
        "epic_prefix_rows": [
          116,
          119
        ],
        "fingerprint": "d655032a50b311c0",
        "length": 256,
        "owner_tier": 0,
        "request": "q7",
        "segment_index": 32
      },
      {
        "cache_owner": "q0",
        "epic_prefix_rows": [
          195,
          212
        ],
        "fingerprint": "68aa33941aec615e",
        "length": 256,
        "owner_tier": 0,
        "request": "q7",
        "segment_index": 33
      },
      {
        "cache_owner": "q0",
        "epic_prefix_rows": [
          0,
          243
        ],
        "fingerprint": "57edc36f5adb4077",
        "length": 256,
        "owner_tier": 0,
        "request": "q7",
        "segment_index": 34
      },
      {
        "cache_owner": "q0",
        "epic_prefix_rows": [
          107,
          223
        ],
        "fingerprint": "060fe3cc81c4e614",
        "length": 256,
        "owner_tier": 0,
        "request": "q7",
        "segment_index": 35
      },
      {
        "cache_owner": "q0",
        "epic_prefix_rows": [
          21,
          195
        ],
        "fingerprint": "2c3a90bf49014087",
        "length": 256,
        "owner_tier": 0,
        "request": "q7",
        "segment_index": 36
      },
      {
        "cache_owner": "q0",
        "epic_prefix_rows": [
          14,
          137
        ],
        "fingerprint": "b8b19851f0e91e8b",
        "length": 256,
        "owner_tier": 0,
        "request": "q7",
        "segment_index": 37
      },
      {
        "cache_owner": "q0",
        "epic_prefix_rows": [
          177,
          188
        ],
        "fingerprint": "0a24aa246267ca70",
        "length": 256,
        "owner_tier": 0,
        "request": "q7",
        "segment_index": 38
      },
      {
        "cache_owner": "q0",
        "epic_prefix_rows": [
          172,
          232
        ],
        "fingerprint": "39982a5ac106dc56",
        "length": 256,
        "owner_tier": 0,
        "request": "q7",
        "segment_index": 39
      },
      {
        "cache_owner": "q0",
        "epic_prefix_rows": [
          47,
          68
        ],
        "fingerprint": "5b4fec5265577019",
        "length": 256,
        "owner_tier": 0,
        "request": "q7",
        "segment_index": 40
      },
      {
        "cache_owner": "q0",
        "epic_prefix_rows": [
          52,
          128
        ],
        "fingerprint": "31754f310cc87cb9",
        "length": 256,
        "owner_tier": 0,
        "request": "q7",
        "segment_index": 41
      },
      {
        "cache_owner": "q0",
        "epic_prefix_rows": [
          52,
          139
        ],
        "fingerprint": "17914e14c68c53c7",
        "length": 256,
        "owner_tier": 0,
        "request": "q7",
        "segment_index": 42
      },
      {
        "cache_owner": "q0",
        "epic_prefix_rows": [
          12,
          72
        ],
        "fingerprint": "0d5ec49d1bd3dfc2",
        "length": 256,
        "owner_tier": 0,
        "request": "q7",
        "segment_index": 43
      },
      {
        "cache_owner": "q0",
        "epic_prefix_rows": [
          69,
          194
        ],
        "fingerprint": "c8ca1ee28f153785",
        "length": 256,
        "owner_tier": 0,
        "request": "q7",
        "segment_index": 44
      },
      {
        "cache_owner": "q0",
        "epic_prefix_rows": [
          106,
          163
        ],
        "fingerprint": "d2d59fe199246a8a",
        "length": 256,
        "owner_tier": 0,
        "request": "q7",
        "segment_index": 45
      },
      {
        "cache_owner": "q0",
        "epic_prefix_rows": [
          103,
          215
        ],
        "fingerprint": "f8c3ac43031f479d",
        "length": 256,
        "owner_tier": 0,
        "request": "q7",
        "segment_index": 46
      },
      {
        "cache_owner": "q0",
        "epic_prefix_rows": [
          54,
          61
        ],
        "fingerprint": "1a0ba2ae3b5af048",
        "length": 256,
        "owner_tier": 0,
        "request": "q7",
        "segment_index": 47
      },
      {
        "cache_owner": "q0",
        "epic_prefix_rows": [
          63,
          243
        ],
        "fingerprint": "4efa77b98545d7f9",
        "length": 256,
        "owner_tier": 0,
        "request": "q7",
        "segment_index": 48
      },
      {
        "cache_owner": "q0",
        "epic_prefix_rows": [
          229,
          240
        ],
        "fingerprint": "e8daa9461adadb50",
        "length": 256,
        "owner_tier": 0,
        "request": "q7",
        "segment_index": 49
      },
      {
        "cache_owner": "q0",
        "epic_prefix_rows": [
          91,
          232
        ],
        "fingerprint": "27676fe4288b5092",
        "length": 256,
        "owner_tier": 0,
        "request": "q7",
        "segment_index": 50
      },
      {
        "cache_owner": "q0",
        "epic_prefix_rows": [
          65,
          173
        ],
        "fingerprint": "4628056629d21f29",
        "length": 256,
        "owner_tier": 0,
        "request": "q7",
        "segment_index": 51
      },
      {
        "cache_owner": "q0",
        "epic_prefix_rows": [
          130,
          213
        ],
        "fingerprint": "9e222200b410e430",
        "length": 256,
        "owner_tier": 0,
        "request": "q7",
        "segment_index": 52
      },
      {
        "cache_owner": "q0",
        "epic_prefix_rows": [
          40,
          193
        ],
        "fingerprint": "7753df1b6f8c9278",
        "length": 256,
        "owner_tier": 0,
        "request": "q7",
        "segment_index": 53
      },
      {
        "cache_owner": "q0",
        "epic_prefix_rows": [
          119,
          171
        ],
        "fingerprint": "2601f658cc5d3594",
        "length": 256,
        "owner_tier": 0,
        "request": "q7",
        "segment_index": 54
      },
      {
        "cache_owner": "q0",
        "epic_prefix_rows": [
          127,
          232
        ],
        "fingerprint": "27013d93d3fccf89",
        "length": 256,
        "owner_tier": 0,
        "request": "q7",
        "segment_index": 55
      },
      {
        "cache_owner": "q0",
        "epic_prefix_rows": [
          179,
          246
        ],
        "fingerprint": "6880baf09f037c19",
        "length": 256,
        "owner_tier": 0,
        "request": "q7",
        "segment_index": 56
      },
      {
        "cache_owner": "q0",
        "epic_prefix_rows": [
          12,
          210
        ],
        "fingerprint": "0724e17672a95b93",
        "length": 256,
        "owner_tier": 0,
        "request": "q7",
        "segment_index": 57
      },
      {
        "cache_owner": "q0",
        "epic_prefix_rows": [
          3,
          228
        ],
        "fingerprint": "e3c449fc4cd656ce",
        "length": 256,
        "owner_tier": 0,
        "request": "q7",
        "segment_index": 58
      },
      {
        "cache_owner": "q0",
        "epic_prefix_rows": [
          207,
          228
        ],
        "fingerprint": "274f7d8aacaccf25",
        "length": 256,
        "owner_tier": 0,
        "request": "q7",
        "segment_index": 59
      },
      {
        "cache_owner": "q0",
        "epic_prefix_rows": [
          114,
          219
        ],
        "fingerprint": "146a74171fc8e908",
        "length": 256,
        "owner_tier": 0,
        "request": "q7",
        "segment_index": 60
      },
      {
        "cache_owner": "q0",
        "epic_prefix_rows": [
          123,
          129
        ],
        "fingerprint": "56421c8602f059e6",
        "length": 256,
        "owner_tier": 0,
        "request": "q7",
        "segment_index": 61
      },
      {
        "cache_owner": "q0",
        "epic_prefix_rows": [
          243,
          244
        ],
        "fingerprint": "357ad2bb54f67a0c",
        "length": 256,
        "owner_tier": 0,
        "request": "q7",
        "segment_index": 62
      },
      {
        "cache_owner": "q0",
        "epic_prefix_rows": [
          72,
          116
        ],
        "fingerprint": "008b81b4d6caa9c9",
        "length": 256,
        "owner_tier": 0,
        "request": "q7",
        "segment_index": 63
      },
      {
        "cache_owner": "q0",
        "epic_prefix_rows": [
          145,
          225
        ],
        "fingerprint": "189f6cf46a89a8af",
        "length": 256,
        "owner_tier": 0,
        "request": "q7",
        "segment_index": 64
      },
      {
        "cache_owner": "q0",
        "epic_prefix_rows": [
          184,
          248
        ],
        "fingerprint": "7ee8a980cd5e73db",
        "length": 256,
        "owner_tier": 0,
        "request": "q7",
        "segment_index": 65
      },
      {
        "cache_owner": "q0",
        "epic_prefix_rows": [
          44,
          76
        ],
        "fingerprint": "1e09fc3aa312bedf",
        "length": 256,
        "owner_tier": 0,
        "request": "q7",
        "segment_index": 66
      },
      {
        "cache_owner": "q0",
        "epic_prefix_rows": [
          96,
          153
        ],
        "fingerprint": "e83ba334f98641d8",
        "length": 256,
        "owner_tier": 0,
        "request": "q7",
        "segment_index": 67
      },
      {
        "cache_owner": "q0",
        "epic_prefix_rows": [
          30,
          62
        ],
        "fingerprint": "93ff15fd417be171",
        "length": 256,
        "owner_tier": 0,
        "request": "q7",
        "segment_index": 68
      },
      {
        "cache_owner": "q0",
        "epic_prefix_rows": [
          79,
          175
        ],
        "fingerprint": "014c9a04b4e916be",
        "length": 256,
        "owner_tier": 0,
        "request": "q7",
        "segment_index": 69
      },
      {
        "cache_owner": "q0",
        "epic_prefix_rows": [
          18,
          171
        ],
        "fingerprint": "84398fc658db81a5",
        "length": 256,
        "owner_tier": 0,
        "request": "q7",
        "segment_index": 70
      },
      {
        "cache_owner": "q0",
        "epic_prefix_rows": [
          82,
          239
        ],
        "fingerprint": "05d534e6a81b4210",
        "length": 256,
        "owner_tier": 0,
        "request": "q7",
        "segment_index": 71
      },
      {
        "cache_owner": "q0",
        "epic_prefix_rows": [
          96,
          199
        ],
        "fingerprint": "8c41295e89de23e3",
        "length": 256,
        "owner_tier": 0,
        "request": "q7",
        "segment_index": 72
      },
      {
        "cache_owner": "q0",
        "epic_prefix_rows": [
          210,
          254
        ],
        "fingerprint": "0d6ee10e10def3d2",
        "length": 256,
        "owner_tier": 0,
        "request": "q7",
        "segment_index": 73
      },
      {
        "cache_owner": "q0",
        "epic_prefix_rows": [
          85,
          98
        ],
        "fingerprint": "c1807afb81a20f51",
        "length": 256,
        "owner_tier": 0,
        "request": "q7",
        "segment_index": 74
      },
      {
        "cache_owner": "q0",
        "epic_prefix_rows": [
          24,
          200
        ],
        "fingerprint": "931d7f5b83731cc7",
        "length": 256,
        "owner_tier": 0,
        "request": "q7",
        "segment_index": 75
      },
      {
        "cache_owner": "q0",
        "epic_prefix_rows": [
          96,
          173
        ],
        "fingerprint": "de3ba4f43ce3a094",
        "length": 256,
        "owner_tier": 0,
        "request": "q7",
        "segment_index": 76
      },
      {
        "cache_owner": "q0",
        "epic_prefix_rows": [
          93,
          167
        ],
        "fingerprint": "549b6eeef884e61d",
        "length": 256,
        "owner_tier": 0,
        "request": "q7",
        "segment_index": 77
      },
      {
        "cache_owner": "q0",
        "epic_prefix_rows": [
          77,
          222
        ],
        "fingerprint": "8f21a2b7cbc6a1cc",
        "length": 256,
        "owner_tier": 0,
        "request": "q7",
        "segment_index": 78
      },
      {
        "cache_owner": "q0",
        "epic_prefix_rows": [
          109,
          252
        ],
        "fingerprint": "3327eb88b326572c",
        "length": 256,
        "owner_tier": 0,
        "request": "q7",
        "segment_index": 79
      },
      {
        "cache_owner": "q0",
        "epic_prefix_rows": [
          16,
          225
        ],
        "fingerprint": "828afffd0287a7fd",
        "length": 256,
        "owner_tier": 0,
        "request": "q7",
        "segment_index": 80
      },
      {
        "cache_owner": "q0",
        "epic_prefix_rows": [
          124,
          249
        ],
        "fingerprint": "2e40f41c46618477",
        "length": 256,
        "owner_tier": 0,
        "request": "q7",
        "segment_index": 81
      },
      {
        "cache_owner": "q0",
        "epic_prefix_rows": [
          100,
          162
        ],
        "fingerprint": "38fd9d00b6d09b58",
        "length": 256,
        "owner_tier": 0,
        "request": "q7",
        "segment_index": 82
      },
      {
        "cache_owner": "q0",
        "epic_prefix_rows": [
          0,
          22
        ],
        "fingerprint": "01ef803e6ca17df7",
        "length": 256,
        "owner_tier": 0,
        "request": "q7",
        "segment_index": 83
      },
      {
        "cache_owner": "q0",
        "epic_prefix_rows": [
          31,
          68
        ],
        "fingerprint": "70b457c38f944354",
        "length": 256,
        "owner_tier": 0,
        "request": "q7",
        "segment_index": 84
      },
      {
        "cache_owner": "q0",
        "epic_prefix_rows": [
          124,
          226
        ],
        "fingerprint": "e2614c2dedf4cf58",
        "length": 256,
        "owner_tier": 0,
        "request": "q7",
        "segment_index": 85
      },
      {
        "cache_owner": "q0",
        "epic_prefix_rows": [
          55,
          114
        ],
        "fingerprint": "b1ab14bf7fe90b52",
        "length": 256,
        "owner_tier": 0,
        "request": "q7",
        "segment_index": 86
      },
      {
        "cache_owner": "q0",
        "epic_prefix_rows": [
          146,
          217
        ],
        "fingerprint": "19b2326032573ee0",
        "length": 256,
        "owner_tier": 0,
        "request": "q7",
        "segment_index": 87
      },
      {
        "cache_owner": "q0",
        "epic_prefix_rows": [
          173,
          252
        ],
        "fingerprint": "f97f30f9dca3b30d",
        "length": 256,
        "owner_tier": 0,
        "request": "q7",
        "segment_index": 88
      },
      {
        "cache_owner": "q0",
        "epic_prefix_rows": [
          83,
          98
        ],
        "fingerprint": "9b66baa8d351f5fb",
        "length": 256,
        "owner_tier": 0,
        "request": "q7",
        "segment_index": 89
      },
      {
        "cache_owner": "q1",
        "epic_prefix_rows": [
          182,
          190
        ],
        "fingerprint": "1393d94e264cb21d",
        "length": 256,
        "owner_tier": 0,
        "request": "q7",
        "segment_index": 90
      },
      {
        "cache_owner": "q10",
        "epic_prefix_rows": [
          200,
          224
        ],
        "fingerprint": "5994a888fff74396",
        "length": 256,
        "owner_tier": 0,
        "request": "q7",
        "segment_index": 91
      },
      {
        "cache_owner": "q10",
        "epic_prefix_rows": [
          162,
          224
        ],
        "fingerprint": "7340d25484ecfb18",
        "length": 256,
        "owner_tier": 0,
        "request": "q7",
        "segment_index": 92
      },
      {
        "cache_owner": "q10",
        "epic_prefix_rows": [
          34,
          239
        ],
        "fingerprint": "6a4062e9346a79d0",
        "length": 256,
        "owner_tier": 0,
        "request": "q7",
        "segment_index": 93
      },
      {
        "cache_owner": "q10",
        "epic_prefix_rows": [
          75,
          112
        ],
        "fingerprint": "310d98fa063059f6",
        "length": 256,
        "owner_tier": 0,
        "request": "q7",
        "segment_index": 94
      },
      {
        "cache_owner": "q10",
        "epic_prefix_rows": [
          58,
          79
        ],
        "fingerprint": "7f08b641340dd17c",
        "length": 256,
        "owner_tier": 0,
        "request": "q7",
        "segment_index": 95
      },
      {
        "cache_owner": "q10",
        "epic_prefix_rows": [
          201,
          237
        ],
        "fingerprint": "264864c692eeca8a",
        "length": 256,
        "owner_tier": 0,
        "request": "q7",
        "segment_index": 96
      },
      {
        "cache_owner": "q0",
        "epic_prefix_rows": [],
        "fingerprint": "b4818fcedac6bc88",
        "length": 300,
        "owner_tier": 0,
        "request": "q8",
        "segment_index": 0
      },
      {
        "cache_owner": "q0",
        "epic_prefix_rows": [
          107,
          188
        ],
        "fingerprint": "9e4aeb4914ddd394",
        "length": 256,
        "owner_tier": 0,
        "request": "q8",
        "segment_index": 1
      },
      {
        "cache_owner": "q0",
        "epic_prefix_rows": [
          10,
          23
        ],
        "fingerprint": "6334e6823b55d024",
        "length": 256,
        "owner_tier": 0,
        "request": "q8",
        "segment_index": 2
      },
      {
        "cache_owner": "q0",
        "epic_prefix_rows": [
          106,
          207
        ],
        "fingerprint": "307e02ba0c9c8db6",
        "length": 256,
        "owner_tier": 0,
        "request": "q8",
        "segment_index": 3
      },
      {
        "cache_owner": "q0",
        "epic_prefix_rows": [
          44,
          211
        ],
        "fingerprint": "d8e088676ac0e994",
        "length": 256,
        "owner_tier": 0,
        "request": "q8",
        "segment_index": 4
      },
      {
        "cache_owner": "q0",
        "epic_prefix_rows": [
          107,
          210
        ],
        "fingerprint": "eba00dddf332f864",
        "length": 256,
        "owner_tier": 0,
        "request": "q8",
        "segment_index": 5
      },
      {
        "cache_owner": "q0",
        "epic_prefix_rows": [
          2,
          69
        ],
        "fingerprint": "16ff367edf27a427",
        "length": 256,
        "owner_tier": 0,
        "request": "q8",
        "segment_index": 6
      },
      {
        "cache_owner": "q0",
        "epic_prefix_rows": [
          158,
          250
        ],
        "fingerprint": "544559610dd737d8",
        "length": 256,
        "owner_tier": 0,
        "request": "q8",
        "segment_index": 7
      },
      {
        "cache_owner": "q0",
        "epic_prefix_rows": [
          33,
          194
        ],
        "fingerprint": "719d4f68cfcda7af",
        "length": 256,
        "owner_tier": 0,
        "request": "q8",
        "segment_index": 8
      },
      {
        "cache_owner": "q0",
        "epic_prefix_rows": [
          40,
          252
        ],
        "fingerprint": "de2eea82f07af94b",
        "length": 256,
        "owner_tier": 0,
        "request": "q8",
        "segment_index": 9
      },
      {
        "cache_owner": "q0",
        "epic_prefix_rows": [
          7,
          104
        ],
        "fingerprint": "3df9fb747ee9b3ed",
        "length": 256,
        "owner_tier": 0,
        "request": "q8",
        "segment_index": 10
      },
      {
        "cache_owner": "q0",
        "epic_prefix_rows": [
          184,
          214
        ],
        "fingerprint": "d84e94f761d8f171",
        "length": 256,
        "owner_tier": 0,
        "request": "q8",
        "segment_index": 11
      },
      {
        "cache_owner": "q0",
        "epic_prefix_rows": [
          42,
          159
        ],
        "fingerprint": "e69c516fc2d68c1b",
        "length": 256,
        "owner_tier": 0,
        "request": "q8",
        "segment_index": 12
      },
      {
        "cache_owner": "q0",
        "epic_prefix_rows": [
          11,
          122
        ],
        "fingerprint": "d679790103e8c53b",
        "length": 256,
        "owner_tier": 0,
        "request": "q8",
        "segment_index": 13
      },
      {
        "cache_owner": "q0",
        "epic_prefix_rows": [
          14,
          188
        ],
        "fingerprint": "ef9219752ae977de",
        "length": 256,
        "owner_tier": 0,
        "request": "q8",
        "segment_index": 14
      },
      {
        "cache_owner": "q0",
        "epic_prefix_rows": [
          78,
          238
        ],
        "fingerprint": "804751a4de0897b1",
        "length": 256,
        "owner_tier": 0,
        "request": "q8",
        "segment_index": 15
      },
      {
        "cache_owner": "q0",
        "epic_prefix_rows": [
          56,
          132
        ],
        "fingerprint": "408f7199c5ad6444",
        "length": 256,
        "owner_tier": 0,
        "request": "q8",
        "segment_index": 16
      },
      {
        "cache_owner": "q0",
        "epic_prefix_rows": [
          142,
          228
        ],
        "fingerprint": "0b61bf84de13cf6f",
        "length": 256,
        "owner_tier": 0,
        "request": "q8",
        "segment_index": 17
      },
      {
        "cache_owner": "q0",
        "epic_prefix_rows": [
          112,
          195
        ],
        "fingerprint": "f4cf28fc5b71edf3",
        "length": 256,
        "owner_tier": 0,
        "request": "q8",
        "segment_index": 18
      },
      {
        "cache_owner": "q0",
        "epic_prefix_rows": [
          173,
          196
        ],
        "fingerprint": "f4fdd0e52e878abf",
        "length": 256,
        "owner_tier": 0,
        "request": "q8",
        "segment_index": 19
      },
      {
        "cache_owner": "q0",
        "epic_prefix_rows": [
          116,
          135
        ],
        "fingerprint": "7ba29ac00739c4ea",
        "length": 256,
        "owner_tier": 0,
        "request": "q8",
        "segment_index": 20
      },
      {
        "cache_owner": "q0",
        "epic_prefix_rows": [
          22,
          45
        ],
        "fingerprint": "6c5246339cc01ead",
        "length": 256,
        "owner_tier": 0,
        "request": "q8",
        "segment_index": 21
      },
      {
        "cache_owner": "q0",
        "epic_prefix_rows": [
          79,
          161
        ],
        "fingerprint": "3e13ea33ffd365d2",
        "length": 256,
        "owner_tier": 0,
        "request": "q8",
        "segment_index": 22
      },
      {
        "cache_owner": "q0",
        "epic_prefix_rows": [
          32,
          248
        ],
        "fingerprint": "97a85315f7478ed8",
        "length": 256,
        "owner_tier": 0,
        "request": "q8",
        "segment_index": 23
      },
      {
        "cache_owner": "q0",
        "epic_prefix_rows": [
          222,
          245
        ],
        "fingerprint": "e2f20e8d23ad1f3c",
        "length": 256,
        "owner_tier": 0,
        "request": "q8",
        "segment_index": 24
      },
      {
        "cache_owner": "q0",
        "epic_prefix_rows": [
          163,
          197
        ],
        "fingerprint": "0d5323d6441850a7",
        "length": 256,
        "owner_tier": 0,
        "request": "q8",
        "segment_index": 25
      },
      {
        "cache_owner": "q0",
        "epic_prefix_rows": [
          12,
          59
        ],
        "fingerprint": "2bbeefee3ca77394",
        "length": 256,
        "owner_tier": 0,
        "request": "q8",
        "segment_index": 26
      },
      {
        "cache_owner": "q0",
        "epic_prefix_rows": [
          68,
          222
        ],
        "fingerprint": "28b214a69646c775",
        "length": 256,
        "owner_tier": 0,
        "request": "q8",
        "segment_index": 27
      },
      {
        "cache_owner": "q0",
        "epic_prefix_rows": [
          15,
          72
        ],
        "fingerprint": "196ab37f68eb91dd",
        "length": 256,
        "owner_tier": 0,
        "request": "q8",
        "segment_index": 28
      },
      {
        "cache_owner": "q0",
        "epic_prefix_rows": [
          60,
          220
        ],
        "fingerprint": "b289731a6de14025",
        "length": 256,
        "owner_tier": 0,
        "request": "q8",
        "segment_index": 29
      },
      {
        "cache_owner": "q0",
        "epic_prefix_rows": [
          16,
          126
        ],
        "fingerprint": "1fd8287b40b3ef05",
        "length": 256,
        "owner_tier": 0,
        "request": "q8",
        "segment_index": 30
      },
      {
        "cache_owner": "q0",
        "epic_prefix_rows": [
          135,
          139
        ],
        "fingerprint": "d655032a50b311c0",
        "length": 256,
        "owner_tier": 0,
        "request": "q8",
        "segment_index": 31
      },
      {
        "cache_owner": "q0",
        "epic_prefix_rows": [
          59,
          196
        ],
        "fingerprint": "68aa33941aec615e",
        "length": 256,
        "owner_tier": 0,
        "request": "q8",
        "segment_index": 32
      },
      {
        "cache_owner": "q0",
        "epic_prefix_rows": [
          149,
          176
        ],
        "fingerprint": "57edc36f5adb4077",
        "length": 256,
        "owner_tier": 0,
        "request": "q8",
        "segment_index": 33
      },
      {
        "cache_owner": "q0",
        "epic_prefix_rows": [
          97,
          191
        ],
        "fingerprint": "060fe3cc81c4e614",
        "length": 256,
        "owner_tier": 0,
        "request": "q8",
        "segment_index": 34
      },
      {
        "cache_owner": "q0",
        "epic_prefix_rows": [
          30,
          173
        ],
        "fingerprint": "2c3a90bf49014087",
        "length": 256,
        "owner_tier": 0,
        "request": "q8",
        "segment_index": 35
      },
      {
        "cache_owner": "q0",
        "epic_prefix_rows": [
          7,
          82
        ],
        "fingerprint": "b8b19851f0e91e8b",
        "length": 256,
        "owner_tier": 0,
        "request": "q8",
        "segment_index": 36
      },
      {
        "cache_owner": "q0",
        "epic_prefix_rows": [
          11,
          253
        ],
        "fingerprint": "0a24aa246267ca70",
        "length": 256,
        "owner_tier": 0,
        "request": "q8",
        "segment_index": 37
      },
      {
        "cache_owner": "q0",
        "epic_prefix_rows": [
          132,
          169
        ],
        "fingerprint": "39982a5ac106dc56",
        "length": 256,
        "owner_tier": 0,
        "request": "q8",
        "segment_index": 38
      },
      {
        "cache_owner": "q0",
        "epic_prefix_rows": [
          70,
          176
        ],
        "fingerprint": "5b4fec5265577019",
        "length": 256,
        "owner_tier": 0,
        "request": "q8",
        "segment_index": 39
      },
      {
        "cache_owner": "q0",
        "epic_prefix_rows": [
          50,
          213
        ],
        "fingerprint": "31754f310cc87cb9",
        "length": 256,
        "owner_tier": 0,
        "request": "q8",
        "segment_index": 40
      },
      {
        "cache_owner": "q0",
        "epic_prefix_rows": [
          34,
          128
        ],
        "fingerprint": "17914e14c68c53c7",
        "length": 256,
        "owner_tier": 0,
        "request": "q8",
        "segment_index": 41
      },
      {
        "cache_owner": "q0",
        "epic_prefix_rows": [
          38,
          53
        ],
        "fingerprint": "0d5ec49d1bd3dfc2",
        "length": 256,
        "owner_tier": 0,
        "request": "q8",
        "segment_index": 42
      },
      {
        "cache_owner": "q0",
        "epic_prefix_rows": [
          65,
          248
        ],
        "fingerprint": "c8ca1ee28f153785",
        "length": 256,
        "owner_tier": 0,
        "request": "q8",
        "segment_index": 43
      },
      {
        "cache_owner": "q0",
        "epic_prefix_rows": [
          17,
          114
        ],
        "fingerprint": "d2d59fe199246a8a",
        "length": 256,
        "owner_tier": 0,
        "request": "q8",
        "segment_index": 44
      },
      {
        "cache_owner": "q0",
        "epic_prefix_rows": [
          49,
          177
        ],
        "fingerprint": "f8c3ac43031f479d",
        "length": 256,
        "owner_tier": 0,
        "request": "q8",
        "segment_index": 45
      },
      {
        "cache_owner": "q0",
        "epic_prefix_rows": [
          90,
          111
        ],
        "fingerprint": "1a0ba2ae3b5af048",
        "length": 256,
        "owner_tier": 0,
        "request": "q8",
        "segment_index": 46
      },
      {
        "cache_owner": "q0",
        "epic_prefix_rows": [
          117,
          204
        ],
        "fingerprint": "4efa77b98545d7f9",
        "length": 256,
        "owner_tier": 0,
        "request": "q8",
        "segment_index": 47
      },
      {
        "cache_owner": "q0",
        "epic_prefix_rows": [
          103,
          224
        ],
        "fingerprint": "e8daa9461adadb50",
        "length": 256,
        "owner_tier": 0,
        "request": "q8",
        "segment_index": 48
      },
      {
        "cache_owner": "q0",
        "epic_prefix_rows": [
          80,
          178
        ],
        "fingerprint": "27676fe4288b5092",
        "length": 256,
        "owner_tier": 0,
        "request": "q8",
        "segment_index": 49
      },
      {
        "cache_owner": "q0",
        "epic_prefix_rows": [
          137,
          178
        ],
        "fingerprint": "4628056629d21f29",
        "length": 256,
        "owner_tier": 0,
        "request": "q8",
        "segment_index": 50
      },
      {
        "cache_owner": "q0",
        "epic_prefix_rows": [
          102,
          110
        ],
        "fingerprint": "9e222200b410e430",
        "length": 256,
        "owner_tier": 0,
        "request": "q8",
        "segment_index": 51
      },
      {
        "cache_owner": "q0",
        "epic_prefix_rows": [
          160,
          238
        ],
        "fingerprint": "7753df1b6f8c9278",
        "length": 256,
        "owner_tier": 0,
        "request": "q8",
        "segment_index": 52
      },
      {
        "cache_owner": "q0",
        "epic_prefix_rows": [
          65,
          141
        ],
        "fingerprint": "2601f658cc5d3594",
        "length": 256,
        "owner_tier": 0,
        "request": "q8",
        "segment_index": 53
      },
      {
        "cache_owner": "q0",
        "epic_prefix_rows": [
          0,
          42
        ],
        "fingerprint": "27013d93d3fccf89",
        "length": 256,
        "owner_tier": 0,
        "request": "q8",
        "segment_index": 54
      },
      {
        "cache_owner": "q0",
        "epic_prefix_rows": [
          157,
          167
        ],
        "fingerprint": "6880baf09f037c19",
        "length": 256,
        "owner_tier": 0,
        "request": "q8",
        "segment_index": 55
      },
      {
        "cache_owner": "q0",
        "epic_prefix_rows": [
          17,
          165
        ],
        "fingerprint": "0724e17672a95b93",
        "length": 256,
        "owner_tier": 0,
        "request": "q8",
        "segment_index": 56
      },
      {
        "cache_owner": "q0",
        "epic_prefix_rows": [
          7,
          43
        ],
        "fingerprint": "e3c449fc4cd656ce",
        "length": 256,
        "owner_tier": 0,
        "request": "q8",
        "segment_index": 57
      },
      {
        "cache_owner": "q0",
        "epic_prefix_rows": [
          58,
          149
        ],
        "fingerprint": "274f7d8aacaccf25",
        "length": 256,
        "owner_tier": 0,
        "request": "q8",
        "segment_index": 58
      },
      {
        "cache_owner": "q0",
        "epic_prefix_rows": [
          85,
          140
        ],
        "fingerprint": "146a74171fc8e908",
        "length": 256,
        "owner_tier": 0,
        "request": "q8",
        "segment_index": 59
      },
      {
        "cache_owner": "q0",
        "epic_prefix_rows": [
          103,
          177
        ],
        "fingerprint": "56421c8602f059e6",
        "length": 256,
        "owner_tier": 0,
        "request": "q8",
        "segment_index": 60
      },
      {
        "cache_owner": "q0",
        "epic_prefix_rows": [
          45,
          229
        ],
        "fingerprint": "357ad2bb54f67a0c",
        "length": 256,
        "owner_tier": 0,
        "request": "q8",
        "segment_index": 61
      },
      {
        "cache_owner": "q0",
        "epic_prefix_rows": [
          209,
          212
        ],
        "fingerprint": "008b81b4d6caa9c9",
        "length": 256,
        "owner_tier": 0,
        "request": "q8",
        "segment_index": 62
      },
      {
        "cache_owner": "q0",
        "epic_prefix_rows": [
          41,
          62
        ],
        "fingerprint": "189f6cf46a89a8af",
        "length": 256,
        "owner_tier": 0,
        "request": "q8",
        "segment_index": 63
      },
      {
        "cache_owner": "q0",
        "epic_prefix_rows": [
          165,
          237
        ],
        "fingerprint": "7ee8a980cd5e73db",
        "length": 256,
        "owner_tier": 0,
        "request": "q8",
        "segment_index": 64
      },
      {
        "cache_owner": "q0",
        "epic_prefix_rows": [
          89,
          151
        ],
        "fingerprint": "1e09fc3aa312bedf",
        "length": 256,
        "owner_tier": 0,
        "request": "q8",
        "segment_index": 65
      },
      {
        "cache_owner": "q0",
        "epic_prefix_rows": [
          123,
          223
        ],
        "fingerprint": "e83ba334f98641d8",
        "length": 256,
        "owner_tier": 0,
        "request": "q8",
        "segment_index": 66
      },
      {
        "cache_owner": "q0",
        "epic_prefix_rows": [
          16,
          146
        ],
        "fingerprint": "93ff15fd417be171",
        "length": 256,
        "owner_tier": 0,
        "request": "q8",
        "segment_index": 67
      },
      {
        "cache_owner": "q0",
        "epic_prefix_rows": [
          4,
          11
        ],
        "fingerprint": "014c9a04b4e916be",
        "length": 256,
        "owner_tier": 0,
        "request": "q8",
        "segment_index": 68
      },
      {
        "cache_owner": "q0",
        "epic_prefix_rows": [
          39,
          137
        ],
        "fingerprint": "84398fc658db81a5",
        "length": 256,
        "owner_tier": 0,
        "request": "q8",
        "segment_index": 69
      },
      {
        "cache_owner": "q0",
        "epic_prefix_rows": [
          160,
          162
        ],
        "fingerprint": "05d534e6a81b4210",
        "length": 256,
        "owner_tier": 0,
        "request": "q8",
        "segment_index": 70
      },
      {
        "cache_owner": "q0",
        "epic_prefix_rows": [
          24,
          147
        ],
        "fingerprint": "8c41295e89de23e3",
        "length": 256,
        "owner_tier": 0,
        "request": "q8",
        "segment_index": 71
      },
      {
        "cache_owner": "q0",
        "epic_prefix_rows": [
          71,
          127
        ],
        "fingerprint": "0d6ee10e10def3d2",
        "length": 256,
        "owner_tier": 0,
        "request": "q8",
        "segment_index": 72
      },
      {
        "cache_owner": "q0",
        "epic_prefix_rows": [
          28,
          132
        ],
        "fingerprint": "c1807afb81a20f51",
        "length": 256,
        "owner_tier": 0,
        "request": "q8",
        "segment_index": 73
      },
      {
        "cache_owner": "q0",
        "epic_prefix_rows": [
          198,
          214
        ],
        "fingerprint": "931d7f5b83731cc7",
        "length": 256,
        "owner_tier": 0,
        "request": "q8",
        "segment_index": 74
      },
      {
        "cache_owner": "q0",
        "epic_prefix_rows": [
          115,
          143
        ],
        "fingerprint": "de3ba4f43ce3a094",
        "length": 256,
        "owner_tier": 0,
        "request": "q8",
        "segment_index": 75
      },
      {
        "cache_owner": "q0",
        "epic_prefix_rows": [
          129,
          160
        ],
        "fingerprint": "549b6eeef884e61d",
        "length": 256,
        "owner_tier": 0,
        "request": "q8",
        "segment_index": 76
      },
      {
        "cache_owner": "q0",
        "epic_prefix_rows": [
          229,
          250
        ],
        "fingerprint": "8f21a2b7cbc6a1cc",
        "length": 256,
        "owner_tier": 0,
        "request": "q8",
        "segment_index": 77
      },
      {
        "cache_owner": "q0",
        "epic_prefix_rows": [
          62,
          216
        ],
        "fingerprint": "3327eb88b326572c",
        "length": 256,
        "owner_tier": 0,
        "request": "q8",
        "segment_index": 78
      },
      {
        "cache_owner": "q0",
        "epic_prefix_rows": [
          86,
          191
        ],
        "fingerprint": "828afffd0287a7fd",
        "length": 256,
        "owner_tier": 0,
        "request": "q8",
        "segment_index": 79
      },
      {
        "cache_owner": "q0",
        "epic_prefix_rows": [
          26,
          118
        ],
        "fingerprint": "2e40f41c46618477",
        "length": 256,
        "owner_tier": 0,
        "request": "q8",
        "segment_index": 80
      },
      {
        "cache_owner": "q0",
        "epic_prefix_rows": [
          196,
          244
        ],
        "fingerprint": "38fd9d00b6d09b58",
        "length": 256,
        "owner_tier": 0,
        "request": "q8",
        "segment_index": 81
      },
      {
        "cache_owner": "q0",
        "epic_prefix_rows": [
          15,
          122
        ],
        "fingerprint": "01ef803e6ca17df7",
        "length": 256,
        "owner_tier": 0,
        "request": "q8",
        "segment_index": 82
      },
      {
        "cache_owner": "q0",
        "epic_prefix_rows": [
          41,
          157
        ],
        "fingerprint": "70b457c38f944354",
        "length": 256,
        "owner_tier": 0,
        "request": "q8",
        "segment_index": 83
      },
      {
        "cache_owner": "q0",
        "epic_prefix_rows": [
          50,
          93
        ],
        "fingerprint": "e2614c2dedf4cf58",
        "length": 256,
        "owner_tier": 0,
        "request": "q8",
        "segment_index": 84
      },
      {
        "cache_owner": "q0",
        "epic_prefix_rows": [
          65,
          224
        ],
        "fingerprint": "b1ab14bf7fe90b52",
        "length": 256,
        "owner_tier": 0,
        "request": "q8",
        "segment_index": 85
      },
      {
        "cache_owner": "q0",
        "epic_prefix_rows": [
          7,
          185
        ],
        "fingerprint": "19b2326032573ee0",
        "length": 256,
        "owner_tier": 0,
        "request": "q8",
        "segment_index": 86
      },
      {
        "cache_owner": "q0",
        "epic_prefix_rows": [
          63,
          211
        ],
        "fingerprint": "f97f30f9dca3b30d",
        "length": 256,
        "owner_tier": 0,
        "request": "q8",
        "segment_index": 87
      },
      {
        "cache_owner": "q0",
        "epic_prefix_rows": [
          126,
          255
        ],
        "fingerprint": "9b66baa8d351f5fb",
        "length": 256,
        "owner_tier": 0,
        "request": "q8",
        "segment_index": 88
      },
      {
        "cache_owner": "q1",
        "epic_prefix_rows": [
          137,
          144
        ],
        "fingerprint": "1393d94e264cb21d",
        "length": 256,
        "owner_tier": 0,
        "request": "q8",
        "segment_index": 89
      },
      {
        "cache_owner": "q10",
        "epic_prefix_rows": [
          206,
          220
        ],
        "fingerprint": "5994a888fff74396",
        "length": 256,
        "owner_tier": 0,
        "request": "q8",
        "segment_index": 90
      },
      {
        "cache_owner": "q10",
        "epic_prefix_rows": [
          29,
          241
        ],
        "fingerprint": "7340d25484ecfb18",
        "length": 256,
        "owner_tier": 0,
        "request": "q8",
        "segment_index": 91
      },
      {
        "cache_owner": "q10",
        "epic_prefix_rows": [
          84,
          182
        ],
        "fingerprint": "6a4062e9346a79d0",
        "length": 256,
        "owner_tier": 0,
        "request": "q8",
        "segment_index": 92
      },
      {
        "cache_owner": "q10",
        "epic_prefix_rows": [
          103,
          127
        ],
        "fingerprint": "310d98fa063059f6",
        "length": 256,
        "owner_tier": 0,
        "request": "q8",
        "segment_index": 93
      },
      {
        "cache_owner": "q10",
        "epic_prefix_rows": [
          77,
          113
        ],
        "fingerprint": "7f08b641340dd17c",
        "length": 256,
        "owner_tier": 0,
        "request": "q8",
        "segment_index": 94
      },
      {
        "cache_owner": "q10",
        "epic_prefix_rows": [
          74,
          154
        ],
        "fingerprint": "264864c692eeca8a",
        "length": 256,
        "owner_tier": 0,
        "request": "q8",
        "segment_index": 95
      },
      {
        "cache_owner": "q10",
        "epic_prefix_rows": [
          95,
          128
        ],
        "fingerprint": "e155baafb2c3e476",
        "length": 256,
        "owner_tier": 0,
        "request": "q8",
        "segment_index": 96
      },
      {
        "cache_owner": "q0",
        "epic_prefix_rows": [],
        "fingerprint": "b4818fcedac6bc88",
        "length": 300,
        "owner_tier": 0,
        "request": "q9",
        "segment_index": 0
      },
      {
        "cache_owner": "q0",
        "epic_prefix_rows": [
          13,
          92
        ],
        "fingerprint": "6334e6823b55d024",
        "length": 256,
        "owner_tier": 0,
        "request": "q9",
        "segment_index": 1
      },
      {
        "cache_owner": "q0",
        "epic_prefix_rows": [
          119,
          213
        ],
        "fingerprint": "307e02ba0c9c8db6",
        "length": 256,
        "owner_tier": 0,
        "request": "q9",
        "segment_index": 2
      },
      {
        "cache_owner": "q0",
        "epic_prefix_rows": [
          80,
          124
        ],
        "fingerprint": "d8e088676ac0e994",
        "length": 256,
        "owner_tier": 0,
        "request": "q9",
        "segment_index": 3
      },
      {
        "cache_owner": "q0",
        "epic_prefix_rows": [
          65,
          86
        ],
        "fingerprint": "eba00dddf332f864",
        "length": 256,
        "owner_tier": 0,
        "request": "q9",
        "segment_index": 4
      },
      {
        "cache_owner": "q0",
        "epic_prefix_rows": [
          126,
          153
        ],
        "fingerprint": "16ff367edf27a427",
        "length": 256,
        "owner_tier": 0,
        "request": "q9",
        "segment_index": 5
      },
      {
        "cache_owner": "q0",
        "epic_prefix_rows": [
          10,
          235
        ],
        "fingerprint": "544559610dd737d8",
        "length": 256,
        "owner_tier": 0,
        "request": "q9",
        "segment_index": 6
      },
      {
        "cache_owner": "q0",
        "epic_prefix_rows": [
          31,
          102
        ],
        "fingerprint": "719d4f68cfcda7af",
        "length": 256,
        "owner_tier": 0,
        "request": "q9",
        "segment_index": 7
      },
      {
        "cache_owner": "q0",
        "epic_prefix_rows": [
          85,
          210
        ],
        "fingerprint": "de2eea82f07af94b",
        "length": 256,
        "owner_tier": 0,
        "request": "q9",
        "segment_index": 8
      },
      {
        "cache_owner": "q0",
        "epic_prefix_rows": [
          195,
          198
        ],
        "fingerprint": "3df9fb747ee9b3ed",
        "length": 256,
        "owner_tier": 0,
        "request": "q9",
        "segment_index": 9
      },
      {
        "cache_owner": "q0",
        "epic_prefix_rows": [
          108,
          197
        ],
        "fingerprint": "d84e94f761d8f171",
        "length": 256,
        "owner_tier": 0,
        "request": "q9",
        "segment_index": 10
      },
      {
        "cache_owner": "q0",
        "epic_prefix_rows": [
          52,
          252
        ],
        "fingerprint": "e69c516fc2d68c1b",
        "length": 256,
        "owner_tier": 0,
        "request": "q9",
        "segment_index": 11
      },
      {
        "cache_owner": "q0",
        "epic_prefix_rows": [
          44,
          64
        ],
        "fingerprint": "d679790103e8c53b",
        "length": 256,
        "owner_tier": 0,
        "request": "q9",
        "segment_index": 12
      },
      {
        "cache_owner": "q0",
        "epic_prefix_rows": [
          5,
          41
        ],
        "fingerprint": "ef9219752ae977de",
        "length": 256,
        "owner_tier": 0,
        "request": "q9",
        "segment_index": 13
      },
      {
        "cache_owner": "q0",
        "epic_prefix_rows": [
          5,
          124
        ],
        "fingerprint": "804751a4de0897b1",
        "length": 256,
        "owner_tier": 0,
        "request": "q9",
        "segment_index": 14
      },
      {
        "cache_owner": "q0",
        "epic_prefix_rows": [
          202,
          230
        ],
        "fingerprint": "408f7199c5ad6444",
        "length": 256,
        "owner_tier": 0,
        "request": "q9",
        "segment_index": 15
      },
      {
        "cache_owner": "q0",
        "epic_prefix_rows": [
          141,
          211
        ],
        "fingerprint": "0b61bf84de13cf6f",
        "length": 256,
        "owner_tier": 0,
        "request": "q9",
        "segment_index": 16
      },
      {
        "cache_owner": "q0",
        "epic_prefix_rows": [
          176,
          202
        ],
        "fingerprint": "f4cf28fc5b71edf3",
        "length": 256,
        "owner_tier": 0,
        "request": "q9",
        "segment_index": 17
      },
      {
        "cache_owner": "q0",
        "epic_prefix_rows": [
          39,
          132
        ],
        "fingerprint": "f4fdd0e52e878abf",
        "length": 256,
        "owner_tier": 0,
        "request": "q9",
        "segment_index": 18
      },
      {
        "cache_owner": "q0",
        "epic_prefix_rows": [
          80,
          124
        ],
        "fingerprint": "7ba29ac00739c4ea",
        "length": 256,
        "owner_tier": 0,
        "request": "q9",
        "segment_index": 19
      },
      {
        "cache_owner": "q0",
        "epic_prefix_rows": [
          23,
          107
        ],
        "fingerprint": "6c5246339cc01ead",
        "length": 256,
        "owner_tier": 0,
        "request": "q9",
        "segment_index": 20
      },
      {
        "cache_owner": "q0",
        "epic_prefix_rows": [
          27,
          34
        ],
        "fingerprint": "3e13ea33ffd365d2",
        "length": 256,
        "owner_tier": 0,
        "request": "q9",
        "segment_index": 21
      },
      {
        "cache_owner": "q0",
        "epic_prefix_rows": [
          127,
          228
        ],
        "fingerprint": "97a85315f7478ed8",
        "length": 256,
        "owner_tier": 0,
        "request": "q9",
        "segment_index": 22
      },
      {
        "cache_owner": "q0",
        "epic_prefix_rows": [
          68,
          230
        ],
        "fingerprint": "e2f20e8d23ad1f3c",
        "length": 256,
        "owner_tier": 0,
        "request": "q9",
        "segment_index": 23
      },
      {
        "cache_owner": "q0",
        "epic_prefix_rows": [
          6,
          148
        ],
        "fingerprint": "0d5323d6441850a7",
        "length": 256,
        "owner_tier": 0,
        "request": "q9",
        "segment_index": 24
      },
      {
        "cache_owner": "q0",
        "epic_prefix_rows": [
          75,
          179
        ],
        "fingerprint": "2bbeefee3ca77394",
        "length": 256,
        "owner_tier": 0,
        "request": "q9",
        "segment_index": 25
      },
      {
        "cache_owner": "q0",
        "epic_prefix_rows": [
          183,
          187
        ],
        "fingerprint": "28b214a69646c775",
        "length": 256,
        "owner_tier": 0,
        "request": "q9",
        "segment_index": 26
      },
      {
        "cache_owner": "q0",
        "epic_prefix_rows": [
          129,
          152
        ],
        "fingerprint": "196ab37f68eb91dd",
        "length": 256,
        "owner_tier": 0,
        "request": "q9",
        "segment_index": 27
      },
      {
        "cache_owner": "q0",
        "epic_prefix_rows": [
          11,
          68
        ],
        "fingerprint": "b289731a6de14025",
        "length": 256,
        "owner_tier": 0,
        "request": "q9",
        "segment_index": 28
      },
      {
        "cache_owner": "q0",
        "epic_prefix_rows": [
          102,
          245
        ],
        "fingerprint": "1fd8287b40b3ef05",
        "length": 256,
        "owner_tier": 0,
        "request": "q9",
        "segment_index": 29
      },
      {
        "cache_owner": "q0",
        "epic_prefix_rows": [
          173,
          203
        ],
        "fingerprint": "d655032a50b311c0",
        "length": 256,
        "owner_tier": 0,
        "request": "q9",
        "segment_index": 30
      },
      {
        "cache_owner": "q0",
        "epic_prefix_rows": [
          154,
          242
        ],
        "fingerprint": "68aa33941aec615e",
        "length": 256,
        "owner_tier": 0,
        "request": "q9",
        "segment_index": 31
      },
      {
        "cache_owner": "q0",
        "epic_prefix_rows": [
          71,
          225
        ],
        "fingerprint": "57edc36f5adb4077",
        "length": 256,
        "owner_tier": 0,
        "request": "q9",
        "segment_index": 32
      },
      {
        "cache_owner": "q0",
        "epic_prefix_rows": [
          151,
          243
        ],
        "fingerprint": "060fe3cc81c4e614",
        "length": 256,
        "owner_tier": 0,
        "request": "q9",
        "segment_index": 33
      },
      {
        "cache_owner": "q0",
        "epic_prefix_rows": [
          169,
          178
        ],
        "fingerprint": "2c3a90bf49014087",
        "length": 256,
        "owner_tier": 0,
        "request": "q9",
        "segment_index": 34
      },
      {
        "cache_owner": "q0",
        "epic_prefix_rows": [
          194,
          202
        ],
        "fingerprint": "b8b19851f0e91e8b",
        "length": 256,
        "owner_tier": 0,
        "request": "q9",
        "segment_index": 35
      },
      {
        "cache_owner": "q0",
        "epic_prefix_rows": [
          152,
          205
        ],
        "fingerprint": "0a24aa246267ca70",
        "length": 256,
        "owner_tier": 0,
        "request": "q9",
        "segment_index": 36
      },
      {
        "cache_owner": "q0",
        "epic_prefix_rows": [
          96,
          120
        ],
        "fingerprint": "39982a5ac106dc56",
        "length": 256,
        "owner_tier": 0,
        "request": "q9",
        "segment_index": 37
      },
      {
        "cache_owner": "q0",
        "epic_prefix_rows": [
          110,
          220
        ],
        "fingerprint": "5b4fec5265577019",
        "length": 256,
        "owner_tier": 0,
        "request": "q9",
        "segment_index": 38
      },
      {
        "cache_owner": "q0",
        "epic_prefix_rows": [
          85,
          135
        ],
        "fingerprint": "31754f310cc87cb9",
        "length": 256,
        "owner_tier": 0,
        "request": "q9",
        "segment_index": 39
      },
      {
        "cache_owner": "q0",
        "epic_prefix_rows": [
          71,
          243
        ],
        "fingerprint": "17914e14c68c53c7",
        "length": 256,
        "owner_tier": 0,
        "request": "q9",
        "segment_index": 40
      },
      {
        "cache_owner": "q0",
        "epic_prefix_rows": [
          132,
          174
        ],
        "fingerprint": "0d5ec49d1bd3dfc2",
        "length": 256,
        "owner_tier": 0,
        "request": "q9",
        "segment_index": 41
      },
      {
        "cache_owner": "q0",
        "epic_prefix_rows": [
          154,
          221
        ],
        "fingerprint": "c8ca1ee28f153785",
        "length": 256,
        "owner_tier": 0,
        "request": "q9",
        "segment_index": 42
      },
      {
        "cache_owner": "q0",
        "epic_prefix_rows": [
          26,
          233
        ],
        "fingerprint": "d2d59fe199246a8a",
        "length": 256,
        "owner_tier": 0,
        "request": "q9",
        "segment_index": 43
      },
      {
        "cache_owner": "q0",
        "epic_prefix_rows": [
          99,
          131
        ],
        "fingerprint": "f8c3ac43031f479d",
        "length": 256,
        "owner_tier": 0,
        "request": "q9",
        "segment_index": 44
      },
      {
        "cache_owner": "q0",
        "epic_prefix_rows": [
          35,
          234
        ],
        "fingerprint": "1a0ba2ae3b5af048",
        "length": 256,
        "owner_tier": 0,
        "request": "q9",
        "segment_index": 45
      },
      {
        "cache_owner": "q0",
        "epic_prefix_rows": [
          9,
          103
        ],
        "fingerprint": "4efa77b98545d7f9",
        "length": 256,
        "owner_tier": 0,
        "request": "q9",
        "segment_index": 46
      },
      {
        "cache_owner": "q0",
        "epic_prefix_rows": [
          52,
          131
        ],
        "fingerprint": "e8daa9461adadb50",
        "length": 256,
        "owner_tier": 0,
        "request": "q9",
        "segment_index": 47
      },
      {
        "cache_owner": "q0",
        "epic_prefix_rows": [
          0,
          110
        ],
        "fingerprint": "27676fe4288b5092",
        "length": 256,
        "owner_tier": 0,
        "request": "q9",
        "segment_index": 48
      },
      {
        "cache_owner": "q0",
        "epic_prefix_rows": [
          88,
          94
        ],
        "fingerprint": "4628056629d21f29",
        "length": 256,
        "owner_tier": 0,
        "request": "q9",
        "segment_index": 49
      },
      {
        "cache_owner": "q0",
        "epic_prefix_rows": [
          137,
          184
        ],
        "fingerprint": "9e222200b410e430",
        "length": 256,
        "owner_tier": 0,
        "request": "q9",
        "segment_index": 50
      },
      {
        "cache_owner": "q0",
        "epic_prefix_rows": [
          4,
          8
        ],
        "fingerprint": "7753df1b6f8c9278",
        "length": 256,
        "owner_tier": 0,
        "request": "q9",
        "segment_index": 51
      },
      {
        "cache_owner": "q0",
        "epic_prefix_rows": [
          10,
          85
        ],
        "fingerprint": "2601f658cc5d3594",
        "length": 256,
        "owner_tier": 0,
        "request": "q9",
        "segment_index": 52
      },
      {
        "cache_owner": "q0",
        "epic_prefix_rows": [
          120,
          158
        ],
        "fingerprint": "27013d93d3fccf89",
        "length": 256,
        "owner_tier": 0,
        "request": "q9",
        "segment_index": 53
      },
      {
        "cache_owner": "q0",
        "epic_prefix_rows": [
          201,
          255
        ],
        "fingerprint": "6880baf09f037c19",
        "length": 256,
        "owner_tier": 0,
        "request": "q9",
        "segment_index": 54
      },
      {
        "cache_owner": "q0",
        "epic_prefix_rows": [
          181,
          185
        ],
        "fingerprint": "0724e17672a95b93",
        "length": 256,
        "owner_tier": 0,
        "request": "q9",
        "segment_index": 55
      },
      {
        "cache_owner": "q0",
        "epic_prefix_rows": [
          44,
          221
        ],
        "fingerprint": "e3c449fc4cd656ce",
        "length": 256,
        "owner_tier": 0,
        "request": "q9",
        "segment_index": 56
      },
      {
        "cache_owner": "q0",
        "epic_prefix_rows": [
          12,
          59
        ],
        "fingerprint": "274f7d8aacaccf25",
        "length": 256,
        "owner_tier": 0,
        "request": "q9",
        "segment_index": 57
      },
      {
        "cache_owner": "q0",
        "epic_prefix_rows": [
          7,
          88
        ],
        "fingerprint": "146a74171fc8e908",
        "length": 256,
        "owner_tier": 0,
        "request": "q9",
        "segment_index": 58
      },
      {
        "cache_owner": "q0",
        "epic_prefix_rows": [
          139,
          180
        ],
        "fingerprint": "56421c8602f059e6",
        "length": 256,
        "owner_tier": 0,
        "request": "q9",
        "segment_index": 59
      },
      {
        "cache_owner": "q0",
        "epic_prefix_rows": [
          106,
          196
        ],
        "fingerprint": "357ad2bb54f67a0c",
        "length": 256,
        "owner_tier": 0,
        "request": "q9",
        "segment_index": 60
      },
      {
        "cache_owner": "q0",
        "epic_prefix_rows": [
          100,
          163
        ],
        "fingerprint": "008b81b4d6caa9c9",
        "length": 256,
        "owner_tier": 0,
        "request": "q9",
        "segment_index": 61
      },
      {
        "cache_owner": "q0",
        "epic_prefix_rows": [
          91,
          94
        ],
        "fingerprint": "189f6cf46a89a8af",
        "length": 256,
        "owner_tier": 0,
        "request": "q9",
        "segment_index": 62
      },
      {
        "cache_owner": "q0",
        "epic_prefix_rows": [
          77,
          254
        ],
        "fingerprint": "7ee8a980cd5e73db",
        "length": 256,
        "owner_tier": 0,
        "request": "q9",
        "segment_index": 63
      },
      {
        "cache_owner": "q0",
        "epic_prefix_rows": [
          116,
          208
        ],
        "fingerprint": "1e09fc3aa312bedf",
        "length": 256,
        "owner_tier": 0,
        "request": "q9",
        "segment_index": 64
      },
      {
        "cache_owner": "q0",
        "epic_prefix_rows": [
          1,
          27
        ],
        "fingerprint": "e83ba334f98641d8",
        "length": 256,
        "owner_tier": 0,
        "request": "q9",
        "segment_index": 65
      },
      {
        "cache_owner": "q0",
        "epic_prefix_rows": [
          16,
          223
        ],
        "fingerprint": "93ff15fd417be171",
        "length": 256,
        "owner_tier": 0,
        "request": "q9",
        "segment_index": 66
      },
      {
        "cache_owner": "q0",
        "epic_prefix_rows": [
          43,
          69
        ],
        "fingerprint": "014c9a04b4e916be",
        "length": 256,
        "owner_tier": 0,
        "request": "q9",
        "segment_index": 67
      },
      {
        "cache_owner": "q0",
        "epic_prefix_rows": [
          158,
          214
        ],
        "fingerprint": "84398fc658db81a5",
        "length": 256,
        "owner_tier": 0,
        "request": "q9",
        "segment_index": 68
      },
      {
        "cache_owner": "q0",
        "epic_prefix_rows": [
          96,
          169
        ],
        "fingerprint": "05d534e6a81b4210",
        "length": 256,
        "owner_tier": 0,
        "request": "q9",
        "segment_index": 69
      },
      {
        "cache_owner": "q0",
        "epic_prefix_rows": [
          31,
          173
        ],
        "fingerprint": "8c41295e89de23e3",
        "length": 256,
        "owner_tier": 0,
        "request": "q9",
        "segment_index": 70
      },
      {
        "cache_owner": "q0",
        "epic_prefix_rows": [
          70,
          161
        ],
        "fingerprint": "0d6ee10e10def3d2",
        "length": 256,
        "owner_tier": 0,
        "request": "q9",
        "segment_index": 71
      },
      {
        "cache_owner": "q0",
        "epic_prefix_rows": [
          140,
          248
        ],
        "fingerprint": "c1807afb81a20f51",
        "length": 256,
        "owner_tier": 0,
        "request": "q9",
        "segment_index": 72
      },
      {
        "cache_owner": "q0",
        "epic_prefix_rows": [
          169,
          246
        ],
        "fingerprint": "931d7f5b83731cc7",
        "length": 256,
        "owner_tier": 0,
        "request": "q9",
        "segment_index": 73
      },
      {
        "cache_owner": "q0",
        "epic_prefix_rows": [
          39,
          138
        ],
        "fingerprint": "de3ba4f43ce3a094",
        "length": 256,
        "owner_tier": 0,
        "request": "q9",
        "segment_index": 74
      },
      {
        "cache_owner": "q0",
        "epic_prefix_rows": [
          81,
          234
        ],
        "fingerprint": "549b6eeef884e61d",
        "length": 256,
        "owner_tier": 0,
        "request": "q9",
        "segment_index": 75
      },
      {
        "cache_owner": "q0",
        "epic_prefix_rows": [
          55,
          132
        ],
        "fingerprint": "8f21a2b7cbc6a1cc",
        "length": 256,
        "owner_tier": 0,
        "request": "q9",
        "segment_index": 76
      },
      {
        "cache_owner": "q0",
        "epic_prefix_rows": [
          207,
          229
        ],
        "fingerprint": "3327eb88b326572c",
        "length": 256,
        "owner_tier": 0,
        "request": "q9",
        "segment_index": 77
      },
      {
        "cache_owner": "q0",
        "epic_prefix_rows": [
          81,
          215
        ],
        "fingerprint": "828afffd0287a7fd",
        "length": 256,
        "owner_tier": 0,
        "request": "q9",
        "segment_index": 78
      },
      {
        "cache_owner": "q0",
        "epic_prefix_rows": [
          64,
          214
        ],
        "fingerprint": "2e40f41c46618477",
        "length": 256,
        "owner_tier": 0,
        "request": "q9",
        "segment_index": 79
      },
      {
        "cache_owner": "q0",
        "epic_prefix_rows": [
          57,
          95
        ],
        "fingerprint": "38fd9d00b6d09b58",
        "length": 256,
        "owner_tier": 0,
        "request": "q9",
        "segment_index": 80
      },
      {
        "cache_owner": "q0",
        "epic_prefix_rows": [
          150,
          246
        ],
        "fingerprint": "01ef803e6ca17df7",
        "length": 256,
        "owner_tier": 0,
        "request": "q9",
        "segment_index": 81
      },
      {
        "cache_owner": "q0",
        "epic_prefix_rows": [
          51,
          217
        ],
        "fingerprint": "70b457c38f944354",
        "length": 256,
        "owner_tier": 0,
        "request": "q9",
        "segment_index": 82
      },
      {
        "cache_owner": "q0",
        "epic_prefix_rows": [
          134,
          141
        ],
        "fingerprint": "e2614c2dedf4cf58",
        "length": 256,
        "owner_tier": 0,
        "request": "q9",
        "segment_index": 83
      },
      {
        "cache_owner": "q0",
        "epic_prefix_rows": [
          56,
          182
        ],
        "fingerprint": "b1ab14bf7fe90b52",
        "length": 256,
        "owner_tier": 0,
        "request": "q9",
        "segment_index": 84
      },
      {
        "cache_owner": "q0",
        "epic_prefix_rows": [
          4,
          38
        ],
        "fingerprint": "19b2326032573ee0",
        "length": 256,
        "owner_tier": 0,
        "request": "q9",
        "segment_index": 85
      },
      {
        "cache_owner": "q0",
        "epic_prefix_rows": [
          7,
          20
        ],
        "fingerprint": "f97f30f9dca3b30d",
        "length": 256,
        "owner_tier": 0,
        "request": "q9",
        "segment_index": 86
      },
      {
        "cache_owner": "q0",
        "epic_prefix_rows": [
          62,
          70
        ],
        "fingerprint": "9b66baa8d351f5fb",
        "length": 256,
        "owner_tier": 0,
        "request": "q9",
        "segment_index": 87
      },
      {
        "cache_owner": "q1",
        "epic_prefix_rows": [
          197,
          208
        ],
        "fingerprint": "1393d94e264cb21d",
        "length": 256,
        "owner_tier": 0,
        "request": "q9",
        "segment_index": 88
      },
      {
        "cache_owner": "q10",
        "epic_prefix_rows": [
          13,
          246
        ],
        "fingerprint": "5994a888fff74396",
        "length": 256,
        "owner_tier": 0,
        "request": "q9",
        "segment_index": 89
      },
      {
        "cache_owner": "q10",
        "epic_prefix_rows": [
          71,
          160
        ],
        "fingerprint": "7340d25484ecfb18",
        "length": 256,
        "owner_tier": 0,
        "request": "q9",
        "segment_index": 90
      },
      {
        "cache_owner": "q10",
        "epic_prefix_rows": [
          43,
          200
        ],
        "fingerprint": "6a4062e9346a79d0",
        "length": 256,
        "owner_tier": 0,
        "request": "q9",
        "segment_index": 91
      },
      {
        "cache_owner": "q10",
        "epic_prefix_rows": [
          24,
          115
        ],
        "fingerprint": "310d98fa063059f6",
        "length": 256,
        "owner_tier": 0,
        "request": "q9",
        "segment_index": 92
      },
      {
        "cache_owner": "q10",
        "epic_prefix_rows": [
          107,
          211
        ],
        "fingerprint": "7f08b641340dd17c",
        "length": 256,
        "owner_tier": 0,
        "request": "q9",
        "segment_index": 93
      },
      {
        "cache_owner": "q10",
        "epic_prefix_rows": [
          14,
          24
        ],
        "fingerprint": "264864c692eeca8a",
        "length": 256,
        "owner_tier": 0,
        "request": "q9",
        "segment_index": 94
      },
      {
        "cache_owner": "q10",
        "epic_prefix_rows": [
          67,
          204
        ],
        "fingerprint": "e155baafb2c3e476",
        "length": 256,
        "owner_tier": 0,
        "request": "q9",
        "segment_index": 95
      },
      {
        "cache_owner": "q10",
        "epic_prefix_rows": [
          152,
          208
        ],
        "fingerprint": "d029c68480eecff2",
        "length": 256,
        "owner_tier": 0,
        "request": "q9",
        "segment_index": 96
      }
    ],
    "reused_tokens": 270820
  },
  "tiers": {
    "0": [
      "q0",
      "q1",
      "q2",
      "q3",
      "q4",
      "q5",
      "q6",
      "q7",
      "q8",
      "q9",
      "q10",
      "q11"
    ]
  },
  "total_history_tokens": 0,
  "total_input_tokens": 299712,
  "total_output_tokens": 768
}[warm] collected 36864 Acc ops -> 24640 unique shapes (single build 1393s); simulating with up to 8 workers
[warm] cache ready after 2859s total; repriced 34254432 events, finalizing once

dgx-attacc: (A100a x 8), PIM:bank, [Lin, Lout, batch]: [2048, 128, 1]
Wrote ablation report to /data2/chenyi9/KV-PIM/attacc_drampim_xinyao/output/20260828-130628_workload_multisource_rag_n12s96_LLAMA3-8B_k2/dag_A3.json
REPORT_SUMMARY {"ablation": "A3", "decode_attn": "pim", "energy_nj": 2034072732456.627, "engine": "dag", "event_count": 34583606, "kv_mapping": "naive", "link_bytes": 19964986918, "makespan_s": 27.067318416836578, "pim_prefill_mode": "gpu", "policy": "recompute"}
