{
  "kind": "rag",
  "requests": 12,
  "reuse": {
    "cacheblend_full_recompute_layers": [],
    "cacheblend_partial_recompute_layers": [],
    "cacheblend_partial_rows": {},
    "cacheblend_recompute_ratio": 0.0,
    "cachecraft_alpha": 0.05,
    "epic_prefix_recompute_tokens": 2,
    "fresh_tokens": 28892,
    "policy": "recompute",
    "random_seed": 0,
    "recompute_canonical": true,
    "reusable_segments": [
      {
        "cache_owner": "q0",
        "epic_prefix_rows": [],
        "fingerprint": "b4818fcedac6bc88",
        "length": 300,
        "owner_tier": 0,
        "request": "q1",
        "segment_index": 0
      },
      {
        "cache_owner": "q0",
        "epic_prefix_rows": [
          0,
          1
        ],
        "fingerprint": "4ebb840d65054fc6",
        "length": 256,
        "owner_tier": 0,
        "request": "q1",
        "segment_index": 1
      },
      {
        "cache_owner": "q0",
        "epic_prefix_rows": [
          0,
          1
        ],
        "fingerprint": "760fd9ddb6470dd1",
        "length": 256,
        "owner_tier": 0,
        "request": "q1",
        "segment_index": 2
      },
      {
        "cache_owner": "q0",
        "epic_prefix_rows": [
          0,
          1
        ],
        "fingerprint": "7505c29ddf4c54c5",
        "length": 256,
        "owner_tier": 0,
        "request": "q1",
        "segment_index": 3
      },
      {
        "cache_owner": "q0",
        "epic_prefix_rows": [
          0,
          1
        ],
        "fingerprint": "914756b1ef8c4266",
        "length": 256,
        "owner_tier": 0,
        "request": "q1",
        "segment_index": 4
      },
      {
        "cache_owner": "q0",
        "epic_prefix_rows": [
          0,
          1
        ],
        "fingerprint": "f80c33b8ee010c22",
        "length": 256,
        "owner_tier": 0,
        "request": "q1",
        "segment_index": 5
      },
      {
        "cache_owner": "q0",
        "epic_prefix_rows": [
          0,
          1
        ],
        "fingerprint": "a5918e4687c97f7e",
        "length": 256,
        "owner_tier": 0,
        "request": "q1",
        "segment_index": 6
      },
      {
        "cache_owner": "q0",
        "epic_prefix_rows": [
          0,
          1
        ],
        "fingerprint": "2b4e7732607841e2",
        "length": 256,
        "owner_tier": 0,
        "request": "q1",
        "segment_index": 7
      },
      {
        "cache_owner": "q0",
        "epic_prefix_rows": [
          0,
          1
        ],
        "fingerprint": "9e4aeb4914ddd394",
        "length": 256,
        "owner_tier": 0,
        "request": "q1",
        "segment_index": 8
      },
      {
        "cache_owner": "q0",
        "epic_prefix_rows": [
          0,
          1
        ],
        "fingerprint": "6334e6823b55d024",
        "length": 256,
        "owner_tier": 0,
        "request": "q1",
        "segment_index": 9
      },
      {
        "cache_owner": "q0",
        "epic_prefix_rows": [
          0,
          1
        ],
        "fingerprint": "307e02ba0c9c8db6",
        "length": 256,
        "owner_tier": 0,
        "request": "q1",
        "segment_index": 10
      },
      {
        "cache_owner": "q0",
        "epic_prefix_rows": [
          0,
          1
        ],
        "fingerprint": "d8e088676ac0e994",
        "length": 256,
        "owner_tier": 0,
        "request": "q1",
        "segment_index": 11
      },
      {
        "cache_owner": "q0",
        "epic_prefix_rows": [
          0,
          1
        ],
        "fingerprint": "eba00dddf332f864",
        "length": 256,
        "owner_tier": 0,
        "request": "q1",
        "segment_index": 12
      },
      {
        "cache_owner": "q0",
        "epic_prefix_rows": [
          0,
          1
        ],
        "fingerprint": "16ff367edf27a427",
        "length": 256,
        "owner_tier": 0,
        "request": "q1",
        "segment_index": 13
      },
      {
        "cache_owner": "q0",
        "epic_prefix_rows": [
          0,
          1
        ],
        "fingerprint": "544559610dd737d8",
        "length": 256,
        "owner_tier": 0,
        "request": "q1",
        "segment_index": 14
      },
      {
        "cache_owner": "q0",
        "epic_prefix_rows": [
          0,
          1
        ],
        "fingerprint": "719d4f68cfcda7af",
        "length": 256,
        "owner_tier": 0,
        "request": "q1",
        "segment_index": 15
      },
      {
        "cache_owner": "q0",
        "epic_prefix_rows": [
          0,
          1
        ],
        "fingerprint": "de2eea82f07af94b",
        "length": 256,
        "owner_tier": 0,
        "request": "q1",
        "segment_index": 16
      },
      {
        "cache_owner": "q0",
        "epic_prefix_rows": [
          0,
          1
        ],
        "fingerprint": "3df9fb747ee9b3ed",
        "length": 256,
        "owner_tier": 0,
        "request": "q1",
        "segment_index": 17
      },
      {
        "cache_owner": "q0",
        "epic_prefix_rows": [
          0,
          1
        ],
        "fingerprint": "d84e94f761d8f171",
        "length": 256,
        "owner_tier": 0,
        "request": "q1",
        "segment_index": 18
      },
      {
        "cache_owner": "q0",
        "epic_prefix_rows": [
          0,
          1
        ],
        "fingerprint": "e69c516fc2d68c1b",
        "length": 256,
        "owner_tier": 0,
        "request": "q1",
        "segment_index": 19
      },
      {
        "cache_owner": "q0",
        "epic_prefix_rows": [
          0,
          1
        ],
        "fingerprint": "d679790103e8c53b",
        "length": 256,
        "owner_tier": 0,
        "request": "q1",
        "segment_index": 20
      },
      {
        "cache_owner": "q0",
        "epic_prefix_rows": [
          0,
          1
        ],
        "fingerprint": "ef9219752ae977de",
        "length": 256,
        "owner_tier": 0,
        "request": "q1",
        "segment_index": 21
      },
      {
        "cache_owner": "q0",
        "epic_prefix_rows": [
          0,
          1
        ],
        "fingerprint": "804751a4de0897b1",
        "length": 256,
        "owner_tier": 0,
        "request": "q1",
        "segment_index": 22
      },
      {
        "cache_owner": "q0",
        "epic_prefix_rows": [
          0,
          1
        ],
        "fingerprint": "408f7199c5ad6444",
        "length": 256,
        "owner_tier": 0,
        "request": "q1",
        "segment_index": 23
      },
      {
        "cache_owner": "q0",
        "epic_prefix_rows": [
          0,
          1
        ],
        "fingerprint": "0b61bf84de13cf6f",
        "length": 256,
        "owner_tier": 0,
        "request": "q1",
        "segment_index": 24
      },
      {
        "cache_owner": "q0",
        "epic_prefix_rows": [
          0,
          1
        ],
        "fingerprint": "f4cf28fc5b71edf3",
        "length": 256,
        "owner_tier": 0,
        "request": "q1",
        "segment_index": 25
      },
      {
        "cache_owner": "q0",
        "epic_prefix_rows": [
          0,
          1
        ],
        "fingerprint": "f4fdd0e52e878abf",
        "length": 256,
        "owner_tier": 0,
        "request": "q1",
        "segment_index": 26
      },
      {
        "cache_owner": "q0",
        "epic_prefix_rows": [
          0,
          1
        ],
        "fingerprint": "7ba29ac00739c4ea",
        "length": 256,
        "owner_tier": 0,
        "request": "q1",
        "segment_index": 27
      },
      {
        "cache_owner": "q0",
        "epic_prefix_rows": [
          0,
          1
        ],
        "fingerprint": "6c5246339cc01ead",
        "length": 256,
        "owner_tier": 0,
        "request": "q1",
        "segment_index": 28
      },
      {
        "cache_owner": "q0",
        "epic_prefix_rows": [
          0,
          1
        ],
        "fingerprint": "3e13ea33ffd365d2",
        "length": 256,
        "owner_tier": 0,
        "request": "q1",
        "segment_index": 29
      },
      {
        "cache_owner": "q0",
        "epic_prefix_rows": [
          0,
          1
        ],
        "fingerprint": "97a85315f7478ed8",
        "length": 256,
        "owner_tier": 0,
        "request": "q1",
        "segment_index": 30
      },
      {
        "cache_owner": "q0",
        "epic_prefix_rows": [
          0,
          1
        ],
        "fingerprint": "e2f20e8d23ad1f3c",
        "length": 256,
        "owner_tier": 0,
        "request": "q1",
        "segment_index": 31
      },
      {
        "cache_owner": "q0",
        "epic_prefix_rows": [
          0,
          1
        ],
        "fingerprint": "0d5323d6441850a7",
        "length": 256,
        "owner_tier": 0,
        "request": "q1",
        "segment_index": 32
      },
      {
        "cache_owner": "q0",
        "epic_prefix_rows": [
          0,
          1
        ],
        "fingerprint": "2bbeefee3ca77394",
        "length": 256,
        "owner_tier": 0,
        "request": "q1",
        "segment_index": 33
      },
      {
        "cache_owner": "q0",
        "epic_prefix_rows": [
          0,
          1
        ],
        "fingerprint": "28b214a69646c775",
        "length": 256,
        "owner_tier": 0,
        "request": "q1",
        "segment_index": 34
      },
      {
        "cache_owner": "q0",
        "epic_prefix_rows": [
          0,
          1
        ],
        "fingerprint": "196ab37f68eb91dd",
        "length": 256,
        "owner_tier": 0,
        "request": "q1",
        "segment_index": 35
      },
      {
        "cache_owner": "q0",
        "epic_prefix_rows": [
          0,
          1
        ],
        "fingerprint": "b289731a6de14025",
        "length": 256,
        "owner_tier": 0,
        "request": "q1",
        "segment_index": 36
      },
      {
        "cache_owner": "q0",
        "epic_prefix_rows": [
          0,
          1
        ],
        "fingerprint": "1fd8287b40b3ef05",
        "length": 256,
        "owner_tier": 0,
        "request": "q1",
        "segment_index": 37
      },
      {
        "cache_owner": "q0",
        "epic_prefix_rows": [
          0,
          1
        ],
        "fingerprint": "d655032a50b311c0",
        "length": 256,
        "owner_tier": 0,
        "request": "q1",
        "segment_index": 38
      },
      {
        "cache_owner": "q0",
        "epic_prefix_rows": [
          0,
          1
        ],
        "fingerprint": "68aa33941aec615e",
        "length": 256,
        "owner_tier": 0,
        "request": "q1",
        "segment_index": 39
      },
      {
        "cache_owner": "q0",
        "epic_prefix_rows": [
          0,
          1
        ],
        "fingerprint": "57edc36f5adb4077",
        "length": 256,
        "owner_tier": 0,
        "request": "q1",
        "segment_index": 40
      },
      {
        "cache_owner": "q0",
        "epic_prefix_rows": [
          0,
          1
        ],
        "fingerprint": "060fe3cc81c4e614",
        "length": 256,
        "owner_tier": 0,
        "request": "q1",
        "segment_index": 41
      },
      {
        "cache_owner": "q0",
        "epic_prefix_rows": [
          0,
          1
        ],
        "fingerprint": "2c3a90bf49014087",
        "length": 256,
        "owner_tier": 0,
        "request": "q1",
        "segment_index": 42
      },
      {
        "cache_owner": "q0",
        "epic_prefix_rows": [
          0,
          1
        ],
        "fingerprint": "b8b19851f0e91e8b",
        "length": 256,
        "owner_tier": 0,
        "request": "q1",
        "segment_index": 43
      },
      {
        "cache_owner": "q0",
        "epic_prefix_rows": [
          0,
          1
        ],
        "fingerprint": "0a24aa246267ca70",
        "length": 256,
        "owner_tier": 0,
        "request": "q1",
        "segment_index": 44
      },
      {
        "cache_owner": "q0",
        "epic_prefix_rows": [
          0,
          1
        ],
        "fingerprint": "39982a5ac106dc56",
        "length": 256,
        "owner_tier": 0,
        "request": "q1",
        "segment_index": 45
      },
      {
        "cache_owner": "q0",
        "epic_prefix_rows": [
          0,
          1
        ],
        "fingerprint": "5b4fec5265577019",
        "length": 256,
        "owner_tier": 0,
        "request": "q1",
        "segment_index": 46
      },
      {
        "cache_owner": "q0",
        "epic_prefix_rows": [
          0,
          1
        ],
        "fingerprint": "31754f310cc87cb9",
        "length": 256,
        "owner_tier": 0,
        "request": "q1",
        "segment_index": 47
      },
      {
        "cache_owner": "q0",
        "epic_prefix_rows": [
          0,
          1
        ],
        "fingerprint": "17914e14c68c53c7",
        "length": 256,
        "owner_tier": 0,
        "request": "q1",
        "segment_index": 48
      },
      {
        "cache_owner": "q0",
        "epic_prefix_rows": [
          0,
          1
        ],
        "fingerprint": "0d5ec49d1bd3dfc2",
        "length": 256,
        "owner_tier": 0,
        "request": "q1",
        "segment_index": 49
      },
      {
        "cache_owner": "q0",
        "epic_prefix_rows": [
          0,
          1
        ],
        "fingerprint": "c8ca1ee28f153785",
        "length": 256,
        "owner_tier": 0,
        "request": "q1",
        "segment_index": 50
      },
      {
        "cache_owner": "q0",
        "epic_prefix_rows": [
          0,
          1
        ],
        "fingerprint": "d2d59fe199246a8a",
        "length": 256,
        "owner_tier": 0,
        "request": "q1",
        "segment_index": 51
      },
      {
        "cache_owner": "q0",
        "epic_prefix_rows": [
          0,
          1
        ],
        "fingerprint": "f8c3ac43031f479d",
        "length": 256,
        "owner_tier": 0,
        "request": "q1",
        "segment_index": 52
      },
      {
        "cache_owner": "q0",
        "epic_prefix_rows": [
          0,
          1
        ],
        "fingerprint": "1a0ba2ae3b5af048",
        "length": 256,
        "owner_tier": 0,
        "request": "q1",
        "segment_index": 53
      },
      {
        "cache_owner": "q0",
        "epic_prefix_rows": [
          0,
          1
        ],
        "fingerprint": "4efa77b98545d7f9",
        "length": 256,
        "owner_tier": 0,
        "request": "q1",
        "segment_index": 54
      },
      {
        "cache_owner": "q0",
        "epic_prefix_rows": [
          0,
          1
        ],
        "fingerprint": "e8daa9461adadb50",
        "length": 256,
        "owner_tier": 0,
        "request": "q1",
        "segment_index": 55
      },
      {
        "cache_owner": "q0",
        "epic_prefix_rows": [
          0,
          1
        ],
        "fingerprint": "27676fe4288b5092",
        "length": 256,
        "owner_tier": 0,
        "request": "q1",
        "segment_index": 56
      },
      {
        "cache_owner": "q0",
        "epic_prefix_rows": [
          0,
          1
        ],
        "fingerprint": "4628056629d21f29",
        "length": 256,
        "owner_tier": 0,
        "request": "q1",
        "segment_index": 57
      },
      {
        "cache_owner": "q0",
        "epic_prefix_rows": [
          0,
          1
        ],
        "fingerprint": "9e222200b410e430",
        "length": 256,
        "owner_tier": 0,
        "request": "q1",
        "segment_index": 58
      },
      {
        "cache_owner": "q0",
        "epic_prefix_rows": [
          0,
          1
        ],
        "fingerprint": "7753df1b6f8c9278",
        "length": 256,
        "owner_tier": 0,
        "request": "q1",
        "segment_index": 59
      },
      {
        "cache_owner": "q0",
        "epic_prefix_rows": [
          0,
          1
        ],
        "fingerprint": "2601f658cc5d3594",
        "length": 256,
        "owner_tier": 0,
        "request": "q1",
        "segment_index": 60
      },
      {
        "cache_owner": "q0",
        "epic_prefix_rows": [
          0,
          1
        ],
        "fingerprint": "27013d93d3fccf89",
        "length": 256,
        "owner_tier": 0,
        "request": "q1",
        "segment_index": 61
      },
      {
        "cache_owner": "q0",
        "epic_prefix_rows": [
          0,
          1
        ],
        "fingerprint": "6880baf09f037c19",
        "length": 256,
        "owner_tier": 0,
        "request": "q1",
        "segment_index": 62
      },
      {
        "cache_owner": "q0",
        "epic_prefix_rows": [
          0,
          1
        ],
        "fingerprint": "0724e17672a95b93",
        "length": 256,
        "owner_tier": 0,
        "request": "q1",
        "segment_index": 63
      },
      {
        "cache_owner": "q0",
        "epic_prefix_rows": [
          0,
          1
        ],
        "fingerprint": "e3c449fc4cd656ce",
        "length": 256,
        "owner_tier": 0,
        "request": "q1",
        "segment_index": 64
      },
      {
        "cache_owner": "q0",
        "epic_prefix_rows": [
          0,
          1
        ],
        "fingerprint": "274f7d8aacaccf25",
        "length": 256,
        "owner_tier": 0,
        "request": "q1",
        "segment_index": 65
      },
      {
        "cache_owner": "q0",
        "epic_prefix_rows": [
          0,
          1
        ],
        "fingerprint": "146a74171fc8e908",
        "length": 256,
        "owner_tier": 0,
        "request": "q1",
        "segment_index": 66
      },
      {
        "cache_owner": "q0",
        "epic_prefix_rows": [
          0,
          1
        ],
        "fingerprint": "56421c8602f059e6",
        "length": 256,
        "owner_tier": 0,
        "request": "q1",
        "segment_index": 67
      },
      {
        "cache_owner": "q0",
        "epic_prefix_rows": [
          0,
          1
        ],
        "fingerprint": "357ad2bb54f67a0c",
        "length": 256,
        "owner_tier": 0,
        "request": "q1",
        "segment_index": 68
      },
      {
        "cache_owner": "q0",
        "epic_prefix_rows": [
          0,
          1
        ],
        "fingerprint": "008b81b4d6caa9c9",
        "length": 256,
        "owner_tier": 0,
        "request": "q1",
        "segment_index": 69
      },
      {
        "cache_owner": "q0",
        "epic_prefix_rows": [
          0,
          1
        ],
        "fingerprint": "189f6cf46a89a8af",
        "length": 256,
        "owner_tier": 0,
        "request": "q1",
        "segment_index": 70
      },
      {
        "cache_owner": "q0",
        "epic_prefix_rows": [
          0,
          1
        ],
        "fingerprint": "7ee8a980cd5e73db",
        "length": 256,
        "owner_tier": 0,
        "request": "q1",
        "segment_index": 71
      },
      {
        "cache_owner": "q0",
        "epic_prefix_rows": [
          0,
          1
        ],
        "fingerprint": "1e09fc3aa312bedf",
        "length": 256,
        "owner_tier": 0,
        "request": "q1",
        "segment_index": 72
      },
      {
        "cache_owner": "q0",
        "epic_prefix_rows": [
          0,
          1
        ],
        "fingerprint": "e83ba334f98641d8",
        "length": 256,
        "owner_tier": 0,
        "request": "q1",
        "segment_index": 73
      },
      {
        "cache_owner": "q0",
        "epic_prefix_rows": [
          0,
          1
        ],
        "fingerprint": "93ff15fd417be171",
        "length": 256,
        "owner_tier": 0,
        "request": "q1",
        "segment_index": 74
      },
      {
        "cache_owner": "q0",
        "epic_prefix_rows": [
          0,
          1
        ],
        "fingerprint": "014c9a04b4e916be",
        "length": 256,
        "owner_tier": 0,
        "request": "q1",
        "segment_index": 75
      },
      {
        "cache_owner": "q0",
        "epic_prefix_rows": [
          0,
          1
        ],
        "fingerprint": "84398fc658db81a5",
        "length": 256,
        "owner_tier": 0,
        "request": "q1",
        "segment_index": 76
      },
      {
        "cache_owner": "q0",
        "epic_prefix_rows": [
          0,
          1
        ],
        "fingerprint": "05d534e6a81b4210",
        "length": 256,
        "owner_tier": 0,
        "request": "q1",
        "segment_index": 77
      },
      {
        "cache_owner": "q0",
        "epic_prefix_rows": [
          0,
          1
        ],
        "fingerprint": "8c41295e89de23e3",
        "length": 256,
        "owner_tier": 0,
        "request": "q1",
        "segment_index": 78
      },
      {
        "cache_owner": "q0",
        "epic_prefix_rows": [
          0,
          1
        ],
        "fingerprint": "0d6ee10e10def3d2",
        "length": 256,
        "owner_tier": 0,
        "request": "q1",
        "segment_index": 79
      },
      {
        "cache_owner": "q0",
        "epic_prefix_rows": [
          0,
          1
        ],
        "fingerprint": "c1807afb81a20f51",
        "length": 256,
        "owner_tier": 0,
        "request": "q1",
        "segment_index": 80
      },
      {
        "cache_owner": "q0",
        "epic_prefix_rows": [
          0,
          1
        ],
        "fingerprint": "931d7f5b83731cc7",
        "length": 256,
        "owner_tier": 0,
        "request": "q1",
        "segment_index": 81
      },
      {
        "cache_owner": "q0",
        "epic_prefix_rows": [
          0,
          1
        ],
        "fingerprint": "de3ba4f43ce3a094",
        "length": 256,
        "owner_tier": 0,
        "request": "q1",
        "segment_index": 82
      },
      {
        "cache_owner": "q0",
        "epic_prefix_rows": [
          0,
          1
        ],
        "fingerprint": "549b6eeef884e61d",
        "length": 256,
        "owner_tier": 0,
        "request": "q1",
        "segment_index": 83
      },
      {
        "cache_owner": "q0",
        "epic_prefix_rows": [
          0,
          1
        ],
        "fingerprint": "8f21a2b7cbc6a1cc",
        "length": 256,
        "owner_tier": 0,
        "request": "q1",
        "segment_index": 84
      },
      {
        "cache_owner": "q0",
        "epic_prefix_rows": [
          0,
          1
        ],
        "fingerprint": "3327eb88b326572c",
        "length": 256,
        "owner_tier": 0,
        "request": "q1",
        "segment_index": 85
      },
      {
        "cache_owner": "q0",
        "epic_prefix_rows": [
          0,
          1
        ],
        "fingerprint": "828afffd0287a7fd",
        "length": 256,
        "owner_tier": 0,
        "request": "q1",
        "segment_index": 86
      },
      {
        "cache_owner": "q0",
        "epic_prefix_rows": [
          0,
          1
        ],
        "fingerprint": "2e40f41c46618477",
        "length": 256,
        "owner_tier": 0,
        "request": "q1",
        "segment_index": 87
      },
      {
        "cache_owner": "q0",
        "epic_prefix_rows": [
          0,
          1
        ],
        "fingerprint": "38fd9d00b6d09b58",
        "length": 256,
        "owner_tier": 0,
        "request": "q1",
        "segment_index": 88
      },
      {
        "cache_owner": "q0",
        "epic_prefix_rows": [
          0,
          1
        ],
        "fingerprint": "01ef803e6ca17df7",
        "length": 256,
        "owner_tier": 0,
        "request": "q1",
        "segment_index": 89
      },
      {
        "cache_owner": "q0",
        "epic_prefix_rows": [
          0,
          1
        ],
        "fingerprint": "70b457c38f944354",
        "length": 256,
        "owner_tier": 0,
        "request": "q1",
        "segment_index": 90
      },
      {
        "cache_owner": "q0",
        "epic_prefix_rows": [
          0,
          1
        ],
        "fingerprint": "e2614c2dedf4cf58",
        "length": 256,
        "owner_tier": 0,
        "request": "q1",
        "segment_index": 91
      },
      {
        "cache_owner": "q0",
        "epic_prefix_rows": [
          0,
          1
        ],
        "fingerprint": "b1ab14bf7fe90b52",
        "length": 256,
        "owner_tier": 0,
        "request": "q1",
        "segment_index": 92
      },
      {
        "cache_owner": "q0",
        "epic_prefix_rows": [
          0,
          1
        ],
        "fingerprint": "19b2326032573ee0",
        "length": 256,
        "owner_tier": 0,
        "request": "q1",
        "segment_index": 93
      },
      {
        "cache_owner": "q0",
        "epic_prefix_rows": [
          0,
          1
        ],
        "fingerprint": "f97f30f9dca3b30d",
        "length": 256,
        "owner_tier": 0,
        "request": "q1",
        "segment_index": 94
      },
      {
        "cache_owner": "q0",
        "epic_prefix_rows": [
          0,
          1
        ],
        "fingerprint": "9b66baa8d351f5fb",
        "length": 256,
        "owner_tier": 0,
        "request": "q1",
        "segment_index": 95
      },
      {
        "cache_owner": "q0",
        "epic_prefix_rows": [],
        "fingerprint": "b4818fcedac6bc88",
        "length": 300,
        "owner_tier": 0,
        "request": "q10",
        "segment_index": 0
      },
      {
        "cache_owner": "q0",
        "epic_prefix_rows": [
          0,
          1
        ],
        "fingerprint": "307e02ba0c9c8db6",
        "length": 256,
        "owner_tier": 0,
        "request": "q10",
        "segment_index": 1
      },
      {
        "cache_owner": "q0",
        "epic_prefix_rows": [
          0,
          1
        ],
        "fingerprint": "d8e088676ac0e994",
        "length": 256,
        "owner_tier": 0,
        "request": "q10",
        "segment_index": 2
      },
      {
        "cache_owner": "q0",
        "epic_prefix_rows": [
          0,
          1
        ],
        "fingerprint": "eba00dddf332f864",
        "length": 256,
        "owner_tier": 0,
        "request": "q10",
        "segment_index": 3
      },
      {
        "cache_owner": "q0",
        "epic_prefix_rows": [
          0,
          1
        ],
        "fingerprint": "16ff367edf27a427",
        "length": 256,
        "owner_tier": 0,
        "request": "q10",
        "segment_index": 4
      },
      {
        "cache_owner": "q0",
        "epic_prefix_rows": [
          0,
          1
        ],
        "fingerprint": "544559610dd737d8",
        "length": 256,
        "owner_tier": 0,
        "request": "q10",
        "segment_index": 5
      },
      {
        "cache_owner": "q0",
        "epic_prefix_rows": [
          0,
          1
        ],
        "fingerprint": "719d4f68cfcda7af",
        "length": 256,
        "owner_tier": 0,
        "request": "q10",
        "segment_index": 6
      },
      {
        "cache_owner": "q0",
        "epic_prefix_rows": [
          0,
          1
        ],
        "fingerprint": "de2eea82f07af94b",
        "length": 256,
        "owner_tier": 0,
        "request": "q10",
        "segment_index": 7
      },
      {
        "cache_owner": "q0",
        "epic_prefix_rows": [
          0,
          1
        ],
        "fingerprint": "3df9fb747ee9b3ed",
        "length": 256,
        "owner_tier": 0,
        "request": "q10",
        "segment_index": 8
      },
      {
        "cache_owner": "q0",
        "epic_prefix_rows": [
          0,
          1
        ],
        "fingerprint": "d84e94f761d8f171",
        "length": 256,
        "owner_tier": 0,
        "request": "q10",
        "segment_index": 9
      },
      {
        "cache_owner": "q0",
        "epic_prefix_rows": [
          0,
          1
        ],
        "fingerprint": "e69c516fc2d68c1b",
        "length": 256,
        "owner_tier": 0,
        "request": "q10",
        "segment_index": 10
      },
      {
        "cache_owner": "q0",
        "epic_prefix_rows": [
          0,
          1
        ],
        "fingerprint": "d679790103e8c53b",
        "length": 256,
        "owner_tier": 0,
        "request": "q10",
        "segment_index": 11
      },
      {
        "cache_owner": "q0",
        "epic_prefix_rows": [
          0,
          1
        ],
        "fingerprint": "ef9219752ae977de",
        "length": 256,
        "owner_tier": 0,
        "request": "q10",
        "segment_index": 12
      },
      {
        "cache_owner": "q0",
        "epic_prefix_rows": [
          0,
          1
        ],
        "fingerprint": "804751a4de0897b1",
        "length": 256,
        "owner_tier": 0,
        "request": "q10",
        "segment_index": 13
      },
      {
        "cache_owner": "q0",
        "epic_prefix_rows": [
          0,
          1
        ],
        "fingerprint": "408f7199c5ad6444",
        "length": 256,
        "owner_tier": 0,
        "request": "q10",
        "segment_index": 14
      },
      {
        "cache_owner": "q0",
        "epic_prefix_rows": [
          0,
          1
        ],
        "fingerprint": "0b61bf84de13cf6f",
        "length": 256,
        "owner_tier": 0,
        "request": "q10",
        "segment_index": 15
      },
      {
        "cache_owner": "q0",
        "epic_prefix_rows": [
          0,
          1
        ],
        "fingerprint": "f4cf28fc5b71edf3",
        "length": 256,
        "owner_tier": 0,
        "request": "q10",
        "segment_index": 16
      },
      {
        "cache_owner": "q0",
        "epic_prefix_rows": [
          0,
          1
        ],
        "fingerprint": "f4fdd0e52e878abf",
        "length": 256,
        "owner_tier": 0,
        "request": "q10",
        "segment_index": 17
      },
      {
        "cache_owner": "q0",
        "epic_prefix_rows": [
          0,
          1
        ],
        "fingerprint": "7ba29ac00739c4ea",
        "length": 256,
        "owner_tier": 0,
        "request": "q10",
        "segment_index": 18
      },
      {
        "cache_owner": "q0",
        "epic_prefix_rows": [
          0,
          1
        ],
        "fingerprint": "6c5246339cc01ead",
        "length": 256,
        "owner_tier": 0,
        "request": "q10",
        "segment_index": 19
      },
      {
        "cache_owner": "q0",
        "epic_prefix_rows": [
          0,
          1
        ],
        "fingerprint": "3e13ea33ffd365d2",
        "length": 256,
        "owner_tier": 0,
        "request": "q10",
        "segment_index": 20
      },
      {
        "cache_owner": "q0",
        "epic_prefix_rows": [
          0,
          1
        ],
        "fingerprint": "97a85315f7478ed8",
        "length": 256,
        "owner_tier": 0,
        "request": "q10",
        "segment_index": 21
      },
      {
        "cache_owner": "q0",
        "epic_prefix_rows": [
          0,
          1
        ],
        "fingerprint": "e2f20e8d23ad1f3c",
        "length": 256,
        "owner_tier": 0,
        "request": "q10",
        "segment_index": 22
      },
      {
        "cache_owner": "q0",
        "epic_prefix_rows": [
          0,
          1
        ],
        "fingerprint": "0d5323d6441850a7",
        "length": 256,
        "owner_tier": 0,
        "request": "q10",
        "segment_index": 23
      },
      {
        "cache_owner": "q0",
        "epic_prefix_rows": [
          0,
          1
        ],
        "fingerprint": "2bbeefee3ca77394",
        "length": 256,
        "owner_tier": 0,
        "request": "q10",
        "segment_index": 24
      },
      {
        "cache_owner": "q0",
        "epic_prefix_rows": [
          0,
          1
        ],
        "fingerprint": "28b214a69646c775",
        "length": 256,
        "owner_tier": 0,
        "request": "q10",
        "segment_index": 25
      },
      {
        "cache_owner": "q0",
        "epic_prefix_rows": [
          0,
          1
        ],
        "fingerprint": "196ab37f68eb91dd",
        "length": 256,
        "owner_tier": 0,
        "request": "q10",
        "segment_index": 26
      },
      {
        "cache_owner": "q0",
        "epic_prefix_rows": [
          0,
          1
        ],
        "fingerprint": "b289731a6de14025",
        "length": 256,
        "owner_tier": 0,
        "request": "q10",
        "segment_index": 27
      },
      {
        "cache_owner": "q0",
        "epic_prefix_rows": [
          0,
          1
        ],
        "fingerprint": "1fd8287b40b3ef05",
        "length": 256,
        "owner_tier": 0,
        "request": "q10",
        "segment_index": 28
      },
      {
        "cache_owner": "q0",
        "epic_prefix_rows": [
          0,
          1
        ],
        "fingerprint": "d655032a50b311c0",
        "length": 256,
        "owner_tier": 0,
        "request": "q10",
        "segment_index": 29
      },
      {
        "cache_owner": "q0",
        "epic_prefix_rows": [
          0,
          1
        ],
        "fingerprint": "68aa33941aec615e",
        "length": 256,
        "owner_tier": 0,
        "request": "q10",
        "segment_index": 30
      },
      {
        "cache_owner": "q0",
        "epic_prefix_rows": [
          0,
          1
        ],
        "fingerprint": "57edc36f5adb4077",
        "length": 256,
        "owner_tier": 0,
        "request": "q10",
        "segment_index": 31
      },
      {
        "cache_owner": "q0",
        "epic_prefix_rows": [
          0,
          1
        ],
        "fingerprint": "060fe3cc81c4e614",
        "length": 256,
        "owner_tier": 0,
        "request": "q10",
        "segment_index": 32
      },
      {
        "cache_owner": "q0",
        "epic_prefix_rows": [
          0,
          1
        ],
        "fingerprint": "2c3a90bf49014087",
        "length": 256,
        "owner_tier": 0,
        "request": "q10",
        "segment_index": 33
      },
      {
        "cache_owner": "q0",
        "epic_prefix_rows": [
          0,
          1
        ],
        "fingerprint": "b8b19851f0e91e8b",
        "length": 256,
        "owner_tier": 0,
        "request": "q10",
        "segment_index": 34
      },
      {
        "cache_owner": "q0",
        "epic_prefix_rows": [
          0,
          1
        ],
        "fingerprint": "0a24aa246267ca70",
        "length": 256,
        "owner_tier": 0,
        "request": "q10",
        "segment_index": 35
      },
      {
        "cache_owner": "q0",
        "epic_prefix_rows": [
          0,
          1
        ],
        "fingerprint": "39982a5ac106dc56",
        "length": 256,
        "owner_tier": 0,
        "request": "q10",
        "segment_index": 36
      },
      {
        "cache_owner": "q0",
        "epic_prefix_rows": [
          0,
          1
        ],
        "fingerprint": "5b4fec5265577019",
        "length": 256,
        "owner_tier": 0,
        "request": "q10",
        "segment_index": 37
      },
      {
        "cache_owner": "q0",
        "epic_prefix_rows": [
          0,
          1
        ],
        "fingerprint": "31754f310cc87cb9",
        "length": 256,
        "owner_tier": 0,
        "request": "q10",
        "segment_index": 38
      },
      {
        "cache_owner": "q0",
        "epic_prefix_rows": [
          0,
          1
        ],
        "fingerprint": "17914e14c68c53c7",
        "length": 256,
        "owner_tier": 0,
        "request": "q10",
        "segment_index": 39
      },
      {
        "cache_owner": "q0",
        "epic_prefix_rows": [
          0,
          1
        ],
        "fingerprint": "0d5ec49d1bd3dfc2",
        "length": 256,
        "owner_tier": 0,
        "request": "q10",
        "segment_index": 40
      },
      {
        "cache_owner": "q0",
        "epic_prefix_rows": [
          0,
          1
        ],
        "fingerprint": "c8ca1ee28f153785",
        "length": 256,
        "owner_tier": 0,
        "request": "q10",
        "segment_index": 41
      },
      {
        "cache_owner": "q0",
        "epic_prefix_rows": [
          0,
          1
        ],
        "fingerprint": "d2d59fe199246a8a",
        "length": 256,
        "owner_tier": 0,
        "request": "q10",
        "segment_index": 42
      },
      {
        "cache_owner": "q0",
        "epic_prefix_rows": [
          0,
          1
        ],
        "fingerprint": "f8c3ac43031f479d",
        "length": 256,
        "owner_tier": 0,
        "request": "q10",
        "segment_index": 43
      },
      {
        "cache_owner": "q0",
        "epic_prefix_rows": [
          0,
          1
        ],
        "fingerprint": "1a0ba2ae3b5af048",
        "length": 256,
        "owner_tier": 0,
        "request": "q10",
        "segment_index": 44
      },
      {
        "cache_owner": "q0",
        "epic_prefix_rows": [
          0,
          1
        ],
        "fingerprint": "4efa77b98545d7f9",
        "length": 256,
        "owner_tier": 0,
        "request": "q10",
        "segment_index": 45
      },
      {
        "cache_owner": "q0",
        "epic_prefix_rows": [
          0,
          1
        ],
        "fingerprint": "e8daa9461adadb50",
        "length": 256,
        "owner_tier": 0,
        "request": "q10",
        "segment_index": 46
      },
      {
        "cache_owner": "q0",
        "epic_prefix_rows": [
          0,
          1
        ],
        "fingerprint": "27676fe4288b5092",
        "length": 256,
        "owner_tier": 0,
        "request": "q10",
        "segment_index": 47
      },
      {
        "cache_owner": "q0",
        "epic_prefix_rows": [
          0,
          1
        ],
        "fingerprint": "4628056629d21f29",
        "length": 256,
        "owner_tier": 0,
        "request": "q10",
        "segment_index": 48
      },
      {
        "cache_owner": "q0",
        "epic_prefix_rows": [
          0,
          1
        ],
        "fingerprint": "9e222200b410e430",
        "length": 256,
        "owner_tier": 0,
        "request": "q10",
        "segment_index": 49
      },
      {
        "cache_owner": "q0",
        "epic_prefix_rows": [
          0,
          1
        ],
        "fingerprint": "7753df1b6f8c9278",
        "length": 256,
        "owner_tier": 0,
        "request": "q10",
        "segment_index": 50
      },
      {
        "cache_owner": "q0",
        "epic_prefix_rows": [
          0,
          1
        ],
        "fingerprint": "2601f658cc5d3594",
        "length": 256,
        "owner_tier": 0,
        "request": "q10",
        "segment_index": 51
      },
      {
        "cache_owner": "q0",
        "epic_prefix_rows": [
          0,
          1
        ],
        "fingerprint": "27013d93d3fccf89",
        "length": 256,
        "owner_tier": 0,
        "request": "q10",
        "segment_index": 52
      },
      {
        "cache_owner": "q0",
        "epic_prefix_rows": [
          0,
          1
        ],
        "fingerprint": "6880baf09f037c19",
        "length": 256,
        "owner_tier": 0,
        "request": "q10",
        "segment_index": 53
      },
      {
        "cache_owner": "q0",
        "epic_prefix_rows": [
          0,
          1
        ],
        "fingerprint": "0724e17672a95b93",
        "length": 256,
        "owner_tier": 0,
        "request": "q10",
        "segment_index": 54
      },
      {
        "cache_owner": "q0",
        "epic_prefix_rows": [
          0,
          1
        ],
        "fingerprint": "e3c449fc4cd656ce",
        "length": 256,
        "owner_tier": 0,
        "request": "q10",
        "segment_index": 55
      },
      {
        "cache_owner": "q0",
        "epic_prefix_rows": [
          0,
          1
        ],
        "fingerprint": "274f7d8aacaccf25",
        "length": 256,
        "owner_tier": 0,
        "request": "q10",
        "segment_index": 56
      },
      {
        "cache_owner": "q0",
        "epic_prefix_rows": [
          0,
          1
        ],
        "fingerprint": "146a74171fc8e908",
        "length": 256,
        "owner_tier": 0,
        "request": "q10",
        "segment_index": 57
      },
      {
        "cache_owner": "q0",
        "epic_prefix_rows": [
          0,
          1
        ],
        "fingerprint": "56421c8602f059e6",
        "length": 256,
        "owner_tier": 0,
        "request": "q10",
        "segment_index": 58
      },
      {
        "cache_owner": "q0",
        "epic_prefix_rows": [
          0,
          1
        ],
        "fingerprint": "357ad2bb54f67a0c",
        "length": 256,
        "owner_tier": 0,
        "request": "q10",
        "segment_index": 59
      },
      {
        "cache_owner": "q0",
        "epic_prefix_rows": [
          0,
          1
        ],
        "fingerprint": "008b81b4d6caa9c9",
        "length": 256,
        "owner_tier": 0,
        "request": "q10",
        "segment_index": 60
      },
      {
        "cache_owner": "q0",
        "epic_prefix_rows": [
          0,
          1
        ],
        "fingerprint": "189f6cf46a89a8af",
        "length": 256,
        "owner_tier": 0,
        "request": "q10",
        "segment_index": 61
      },
      {
        "cache_owner": "q0",
        "epic_prefix_rows": [
          0,
          1
        ],
        "fingerprint": "7ee8a980cd5e73db",
        "length": 256,
        "owner_tier": 0,
        "request": "q10",
        "segment_index": 62
      },
      {
        "cache_owner": "q0",
        "epic_prefix_rows": [
          0,
          1
        ],
        "fingerprint": "1e09fc3aa312bedf",
        "length": 256,
        "owner_tier": 0,
        "request": "q10",
        "segment_index": 63
      },
      {
        "cache_owner": "q0",
        "epic_prefix_rows": [
          0,
          1
        ],
        "fingerprint": "e83ba334f98641d8",
        "length": 256,
        "owner_tier": 0,
        "request": "q10",
        "segment_index": 64
      },
      {
        "cache_owner": "q0",
        "epic_prefix_rows": [
          0,
          1
        ],
        "fingerprint": "93ff15fd417be171",
        "length": 256,
        "owner_tier": 0,
        "request": "q10",
        "segment_index": 65
      },
      {
        "cache_owner": "q0",
        "epic_prefix_rows": [
          0,
          1
        ],
        "fingerprint": "014c9a04b4e916be",
        "length": 256,
        "owner_tier": 0,
        "request": "q10",
        "segment_index": 66
      },
      {
        "cache_owner": "q0",
        "epic_prefix_rows": [
          0,
          1
        ],
        "fingerprint": "84398fc658db81a5",
        "length": 256,
        "owner_tier": 0,
        "request": "q10",
        "segment_index": 67
      },
      {
        "cache_owner": "q0",
        "epic_prefix_rows": [
          0,
          1
        ],
        "fingerprint": "05d534e6a81b4210",
        "length": 256,
        "owner_tier": 0,
        "request": "q10",
        "segment_index": 68
      },
      {
        "cache_owner": "q0",
        "epic_prefix_rows": [
          0,
          1
        ],
        "fingerprint": "8c41295e89de23e3",
        "length": 256,
        "owner_tier": 0,
        "request": "q10",
        "segment_index": 69
      },
      {
        "cache_owner": "q0",
        "epic_prefix_rows": [
          0,
          1
        ],
        "fingerprint": "0d6ee10e10def3d2",
        "length": 256,
        "owner_tier": 0,
        "request": "q10",
        "segment_index": 70
      },
      {
        "cache_owner": "q0",
        "epic_prefix_rows": [
          0,
          1
        ],
        "fingerprint": "c1807afb81a20f51",
        "length": 256,
        "owner_tier": 0,
        "request": "q10",
        "segment_index": 71
      },
      {
        "cache_owner": "q0",
        "epic_prefix_rows": [
          0,
          1
        ],
        "fingerprint": "931d7f5b83731cc7",
        "length": 256,
        "owner_tier": 0,
        "request": "q10",
        "segment_index": 72
      },
      {
        "cache_owner": "q0",
        "epic_prefix_rows": [
          0,
          1
        ],
        "fingerprint": "de3ba4f43ce3a094",
        "length": 256,
        "owner_tier": 0,
        "request": "q10",
        "segment_index": 73
      },
      {
        "cache_owner": "q0",
        "epic_prefix_rows": [
          0,
          1
        ],
        "fingerprint": "549b6eeef884e61d",
        "length": 256,
        "owner_tier": 0,
        "request": "q10",
        "segment_index": 74
      },
      {
        "cache_owner": "q0",
        "epic_prefix_rows": [
          0,
          1
        ],
        "fingerprint": "8f21a2b7cbc6a1cc",
        "length": 256,
        "owner_tier": 0,
        "request": "q10",
        "segment_index": 75
      },
      {
        "cache_owner": "q0",
        "epic_prefix_rows": [
          0,
          1
        ],
        "fingerprint": "3327eb88b326572c",
        "length": 256,
        "owner_tier": 0,
        "request": "q10",
        "segment_index": 76
      },
      {
        "cache_owner": "q0",
        "epic_prefix_rows": [
          0,
          1
        ],
        "fingerprint": "828afffd0287a7fd",
        "length": 256,
        "owner_tier": 0,
        "request": "q10",
        "segment_index": 77
      },
      {
        "cache_owner": "q0",
        "epic_prefix_rows": [
          0,
          1
        ],
        "fingerprint": "2e40f41c46618477",
        "length": 256,
        "owner_tier": 0,
        "request": "q10",
        "segment_index": 78
      },
      {
        "cache_owner": "q0",
        "epic_prefix_rows": [
          0,
          1
        ],
        "fingerprint": "38fd9d00b6d09b58",
        "length": 256,
        "owner_tier": 0,
        "request": "q10",
        "segment_index": 79
      },
      {
        "cache_owner": "q0",
        "epic_prefix_rows": [
          0,
          1
        ],
        "fingerprint": "01ef803e6ca17df7",
        "length": 256,
        "owner_tier": 0,
        "request": "q10",
        "segment_index": 80
      },
      {
        "cache_owner": "q0",
        "epic_prefix_rows": [
          0,
          1
        ],
        "fingerprint": "70b457c38f944354",
        "length": 256,
        "owner_tier": 0,
        "request": "q10",
        "segment_index": 81
      },
      {
        "cache_owner": "q0",
        "epic_prefix_rows": [
          0,
          1
        ],
        "fingerprint": "e2614c2dedf4cf58",
        "length": 256,
        "owner_tier": 0,
        "request": "q10",
        "segment_index": 82
      },
      {
        "cache_owner": "q0",
        "epic_prefix_rows": [
          0,
          1
        ],
        "fingerprint": "b1ab14bf7fe90b52",
        "length": 256,
        "owner_tier": 0,
        "request": "q10",
        "segment_index": 83
      },
      {
        "cache_owner": "q0",
        "epic_prefix_rows": [
          0,
          1
        ],
        "fingerprint": "19b2326032573ee0",
        "length": 256,
        "owner_tier": 0,
        "request": "q10",
        "segment_index": 84
      },
      {
        "cache_owner": "q0",
        "epic_prefix_rows": [
          0,
          1
        ],
        "fingerprint": "f97f30f9dca3b30d",
        "length": 256,
        "owner_tier": 0,
        "request": "q10",
        "segment_index": 85
      },
      {
        "cache_owner": "q0",
        "epic_prefix_rows": [
          0,
          1
        ],
        "fingerprint": "9b66baa8d351f5fb",
        "length": 256,
        "owner_tier": 0,
        "request": "q10",
        "segment_index": 86
      },
      {
        "cache_owner": "q1",
        "epic_prefix_rows": [
          0,
          1
        ],
        "fingerprint": "1393d94e264cb21d",
        "length": 256,
        "owner_tier": 0,
        "request": "q10",
        "segment_index": 87
      },
      {
        "cache_owner": "q0",
        "epic_prefix_rows": [],
        "fingerprint": "b4818fcedac6bc88",
        "length": 300,
        "owner_tier": 0,
        "request": "q11",
        "segment_index": 0
      },
      {
        "cache_owner": "q0",
        "epic_prefix_rows": [
          0,
          1
        ],
        "fingerprint": "d8e088676ac0e994",
        "length": 256,
        "owner_tier": 0,
        "request": "q11",
        "segment_index": 1
      },
      {
        "cache_owner": "q0",
        "epic_prefix_rows": [
          0,
          1
        ],
        "fingerprint": "eba00dddf332f864",
        "length": 256,
        "owner_tier": 0,
        "request": "q11",
        "segment_index": 2
      },
      {
        "cache_owner": "q0",
        "epic_prefix_rows": [
          0,
          1
        ],
        "fingerprint": "16ff367edf27a427",
        "length": 256,
        "owner_tier": 0,
        "request": "q11",
        "segment_index": 3
      },
      {
        "cache_owner": "q0",
        "epic_prefix_rows": [
          0,
          1
        ],
        "fingerprint": "544559610dd737d8",
        "length": 256,
        "owner_tier": 0,
        "request": "q11",
        "segment_index": 4
      },
      {
        "cache_owner": "q0",
        "epic_prefix_rows": [
          0,
          1
        ],
        "fingerprint": "719d4f68cfcda7af",
        "length": 256,
        "owner_tier": 0,
        "request": "q11",
        "segment_index": 5
      },
      {
        "cache_owner": "q0",
        "epic_prefix_rows": [
          0,
          1
        ],
        "fingerprint": "de2eea82f07af94b",
        "length": 256,
        "owner_tier": 0,
        "request": "q11",
        "segment_index": 6
      },
      {
        "cache_owner": "q0",
        "epic_prefix_rows": [
          0,
          1
        ],
        "fingerprint": "3df9fb747ee9b3ed",
        "length": 256,
        "owner_tier": 0,
        "request": "q11",
        "segment_index": 7
      },
      {
        "cache_owner": "q0",
        "epic_prefix_rows": [
          0,
          1
        ],
        "fingerprint": "d84e94f761d8f171",
        "length": 256,
        "owner_tier": 0,
        "request": "q11",
        "segment_index": 8
      },
      {
        "cache_owner": "q0",
        "epic_prefix_rows": [
          0,
          1
        ],
        "fingerprint": "e69c516fc2d68c1b",
        "length": 256,
        "owner_tier": 0,
        "request": "q11",
        "segment_index": 9
      },
      {
        "cache_owner": "q0",
        "epic_prefix_rows": [
          0,
          1
        ],
        "fingerprint": "d679790103e8c53b",
        "length": 256,
        "owner_tier": 0,
        "request": "q11",
        "segment_index": 10
      },
      {
        "cache_owner": "q0",
        "epic_prefix_rows": [
          0,
          1
        ],
        "fingerprint": "ef9219752ae977de",
        "length": 256,
        "owner_tier": 0,
        "request": "q11",
        "segment_index": 11
      },
      {
        "cache_owner": "q0",
        "epic_prefix_rows": [
          0,
          1
        ],
        "fingerprint": "804751a4de0897b1",
        "length": 256,
        "owner_tier": 0,
        "request": "q11",
        "segment_index": 12
      },
      {
        "cache_owner": "q0",
        "epic_prefix_rows": [
          0,
          1
        ],
        "fingerprint": "408f7199c5ad6444",
        "length": 256,
        "owner_tier": 0,
        "request": "q11",
        "segment_index": 13
      },
      {
        "cache_owner": "q0",
        "epic_prefix_rows": [
          0,
          1
        ],
        "fingerprint": "0b61bf84de13cf6f",
        "length": 256,
        "owner_tier": 0,
        "request": "q11",
        "segment_index": 14
      },
      {
        "cache_owner": "q0",
        "epic_prefix_rows": [
          0,
          1
        ],
        "fingerprint": "f4cf28fc5b71edf3",
        "length": 256,
        "owner_tier": 0,
        "request": "q11",
        "segment_index": 15
      },
      {
        "cache_owner": "q0",
        "epic_prefix_rows": [
          0,
          1
        ],
        "fingerprint": "f4fdd0e52e878abf",
        "length": 256,
        "owner_tier": 0,
        "request": "q11",
        "segment_index": 16
      },
      {
        "cache_owner": "q0",
        "epic_prefix_rows": [
          0,
          1
        ],
        "fingerprint": "7ba29ac00739c4ea",
        "length": 256,
        "owner_tier": 0,
        "request": "q11",
        "segment_index": 17
      },
      {
        "cache_owner": "q0",
        "epic_prefix_rows": [
          0,
          1
        ],
        "fingerprint": "6c5246339cc01ead",
        "length": 256,
        "owner_tier": 0,
        "request": "q11",
        "segment_index": 18
      },
      {
        "cache_owner": "q0",
        "epic_prefix_rows": [
          0,
          1
        ],
        "fingerprint": "3e13ea33ffd365d2",
        "length": 256,
        "owner_tier": 0,
        "request": "q11",
        "segment_index": 19
      },
      {
        "cache_owner": "q0",
        "epic_prefix_rows": [
          0,
          1
        ],
        "fingerprint": "97a85315f7478ed8",
        "length": 256,
        "owner_tier": 0,
        "request": "q11",
        "segment_index": 20
      },
      {
        "cache_owner": "q0",
        "epic_prefix_rows": [
          0,
          1
        ],
        "fingerprint": "e2f20e8d23ad1f3c",
        "length": 256,
        "owner_tier": 0,
        "request": "q11",
        "segment_index": 21
      },
      {
        "cache_owner": "q0",
        "epic_prefix_rows": [
          0,
          1
        ],
        "fingerprint": "0d5323d6441850a7",
        "length": 256,
        "owner_tier": 0,
        "request": "q11",
        "segment_index": 22
      },
      {
        "cache_owner": "q0",
        "epic_prefix_rows": [
          0,
          1
        ],
        "fingerprint": "2bbeefee3ca77394",
        "length": 256,
        "owner_tier": 0,
        "request": "q11",
        "segment_index": 23
      },
      {
        "cache_owner": "q0",
        "epic_prefix_rows": [
          0,
          1
        ],
        "fingerprint": "28b214a69646c775",
        "length": 256,
        "owner_tier": 0,
        "request": "q11",
        "segment_index": 24
      },
      {
        "cache_owner": "q0",
        "epic_prefix_rows": [
          0,
          1
        ],
        "fingerprint": "196ab37f68eb91dd",
        "length": 256,
        "owner_tier": 0,
        "request": "q11",
        "segment_index": 25
      },
      {
        "cache_owner": "q0",
        "epic_prefix_rows": [
          0,
          1
        ],
        "fingerprint": "b289731a6de14025",
        "length": 256,
        "owner_tier": 0,
        "request": "q11",
        "segment_index": 26
      },
      {
        "cache_owner": "q0",
        "epic_prefix_rows": [
          0,
          1
        ],
        "fingerprint": "1fd8287b40b3ef05",
        "length": 256,
        "owner_tier": 0,
        "request": "q11",
        "segment_index": 27
      },
      {
        "cache_owner": "q0",
        "epic_prefix_rows": [
          0,
          1
        ],
        "fingerprint": "d655032a50b311c0",
        "length": 256,
        "owner_tier": 0,
        "request": "q11",
        "segment_index": 28
      },
      {
        "cache_owner": "q0",
        "epic_prefix_rows": [
          0,
          1
        ],
        "fingerprint": "68aa33941aec615e",
        "length": 256,
        "owner_tier": 0,
        "request": "q11",
        "segment_index": 29
      },
      {
        "cache_owner": "q0",
        "epic_prefix_rows": [
          0,
          1
        ],
        "fingerprint": "57edc36f5adb4077",
        "length": 256,
        "owner_tier": 0,
        "request": "q11",
        "segment_index": 30
      },
      {
        "cache_owner": "q0",
        "epic_prefix_rows": [
          0,
          1
        ],
        "fingerprint": "060fe3cc81c4e614",
        "length": 256,
        "owner_tier": 0,
        "request": "q11",
        "segment_index": 31
      },
      {
        "cache_owner": "q0",
        "epic_prefix_rows": [
          0,
          1
        ],
        "fingerprint": "2c3a90bf49014087",
        "length": 256,
        "owner_tier": 0,
        "request": "q11",
        "segment_index": 32
      },
      {
        "cache_owner": "q0",
        "epic_prefix_rows": [
          0,
          1
        ],
        "fingerprint": "b8b19851f0e91e8b",
        "length": 256,
        "owner_tier": 0,
        "request": "q11",
        "segment_index": 33
      },
      {
        "cache_owner": "q0",
        "epic_prefix_rows": [
          0,
          1
        ],
        "fingerprint": "0a24aa246267ca70",
        "length": 256,
        "owner_tier": 0,
        "request": "q11",
        "segment_index": 34
      },
      {
        "cache_owner": "q0",
        "epic_prefix_rows": [
          0,
          1
        ],
        "fingerprint": "39982a5ac106dc56",
        "length": 256,
        "owner_tier": 0,
        "request": "q11",
        "segment_index": 35
      },
      {
        "cache_owner": "q0",
        "epic_prefix_rows": [
          0,
          1
        ],
        "fingerprint": "5b4fec5265577019",
        "length": 256,
        "owner_tier": 0,
        "request": "q11",
        "segment_index": 36
      },
      {
        "cache_owner": "q0",
        "epic_prefix_rows": [
          0,
          1
        ],
        "fingerprint": "31754f310cc87cb9",
        "length": 256,
        "owner_tier": 0,
        "request": "q11",
        "segment_index": 37
      },
      {
        "cache_owner": "q0",
        "epic_prefix_rows": [
          0,
          1
        ],
        "fingerprint": "17914e14c68c53c7",
        "length": 256,
        "owner_tier": 0,
        "request": "q11",
        "segment_index": 38
      },
      {
        "cache_owner": "q0",
        "epic_prefix_rows": [
          0,
          1
        ],
        "fingerprint": "0d5ec49d1bd3dfc2",
        "length": 256,
        "owner_tier": 0,
        "request": "q11",
        "segment_index": 39
      },
      {
        "cache_owner": "q0",
        "epic_prefix_rows": [
          0,
          1
        ],
        "fingerprint": "c8ca1ee28f153785",
        "length": 256,
        "owner_tier": 0,
        "request": "q11",
        "segment_index": 40
      },
      {
        "cache_owner": "q0",
        "epic_prefix_rows": [
          0,
          1
        ],
        "fingerprint": "d2d59fe199246a8a",
        "length": 256,
        "owner_tier": 0,
        "request": "q11",
        "segment_index": 41
      },
      {
        "cache_owner": "q0",
        "epic_prefix_rows": [
          0,
          1
        ],
        "fingerprint": "f8c3ac43031f479d",
        "length": 256,
        "owner_tier": 0,
        "request": "q11",
        "segment_index": 42
      },
      {
        "cache_owner": "q0",
        "epic_prefix_rows": [
          0,
          1
        ],
        "fingerprint": "1a0ba2ae3b5af048",
        "length": 256,
        "owner_tier": 0,
        "request": "q11",
        "segment_index": 43
      },
      {
        "cache_owner": "q0",
        "epic_prefix_rows": [
          0,
          1
        ],
        "fingerprint": "4efa77b98545d7f9",
        "length": 256,
        "owner_tier": 0,
        "request": "q11",
        "segment_index": 44
      },
      {
        "cache_owner": "q0",
        "epic_prefix_rows": [
          0,
          1
        ],
        "fingerprint": "e8daa9461adadb50",
        "length": 256,
        "owner_tier": 0,
        "request": "q11",
        "segment_index": 45
      },
      {
        "cache_owner": "q0",
        "epic_prefix_rows": [
          0,
          1
        ],
        "fingerprint": "27676fe4288b5092",
        "length": 256,
        "owner_tier": 0,
        "request": "q11",
        "segment_index": 46
      },
      {
        "cache_owner": "q0",
        "epic_prefix_rows": [
          0,
          1
        ],
        "fingerprint": "4628056629d21f29",
        "length": 256,
        "owner_tier": 0,
        "request": "q11",
        "segment_index": 47
      },
      {
        "cache_owner": "q0",
        "epic_prefix_rows": [
          0,
          1
        ],
        "fingerprint": "9e222200b410e430",
        "length": 256,
        "owner_tier": 0,
        "request": "q11",
        "segment_index": 48
      },
      {
        "cache_owner": "q0",
        "epic_prefix_rows": [
          0,
          1
        ],
        "fingerprint": "7753df1b6f8c9278",
        "length": 256,
        "owner_tier": 0,
        "request": "q11",
        "segment_index": 49
      },
      {
        "cache_owner": "q0",
        "epic_prefix_rows": [
          0,
          1
        ],
        "fingerprint": "2601f658cc5d3594",
        "length": 256,
        "owner_tier": 0,
        "request": "q11",
        "segment_index": 50
      },
      {
        "cache_owner": "q0",
        "epic_prefix_rows": [
          0,
          1
        ],
        "fingerprint": "27013d93d3fccf89",
        "length": 256,
        "owner_tier": 0,
        "request": "q11",
        "segment_index": 51
      },
      {
        "cache_owner": "q0",
        "epic_prefix_rows": [
          0,
          1
        ],
        "fingerprint": "6880baf09f037c19",
        "length": 256,
        "owner_tier": 0,
        "request": "q11",
        "segment_index": 52
      },
      {
        "cache_owner": "q0",
        "epic_prefix_rows": [
          0,
          1
        ],
        "fingerprint": "0724e17672a95b93",
        "length": 256,
        "owner_tier": 0,
        "request": "q11",
        "segment_index": 53
      },
      {
        "cache_owner": "q0",
        "epic_prefix_rows": [
          0,
          1
        ],
        "fingerprint": "e3c449fc4cd656ce",
        "length": 256,
        "owner_tier": 0,
        "request": "q11",
        "segment_index": 54
      },
      {
        "cache_owner": "q0",
        "epic_prefix_rows": [
          0,
          1
        ],
        "fingerprint": "274f7d8aacaccf25",
        "length": 256,
        "owner_tier": 0,
        "request": "q11",
        "segment_index": 55
      },
      {
        "cache_owner": "q0",
        "epic_prefix_rows": [
          0,
          1
        ],
        "fingerprint": "146a74171fc8e908",
        "length": 256,
        "owner_tier": 0,
        "request": "q11",
        "segment_index": 56
      },
      {
        "cache_owner": "q0",
        "epic_prefix_rows": [
          0,
          1
        ],
        "fingerprint": "56421c8602f059e6",
        "length": 256,
        "owner_tier": 0,
        "request": "q11",
        "segment_index": 57
      },
      {
        "cache_owner": "q0",
        "epic_prefix_rows": [
          0,
          1
        ],
        "fingerprint": "357ad2bb54f67a0c",
        "length": 256,
        "owner_tier": 0,
        "request": "q11",
        "segment_index": 58
      },
      {
        "cache_owner": "q0",
        "epic_prefix_rows": [
          0,
          1
        ],
        "fingerprint": "008b81b4d6caa9c9",
        "length": 256,
        "owner_tier": 0,
        "request": "q11",
        "segment_index": 59
      },
      {
        "cache_owner": "q0",
        "epic_prefix_rows": [
          0,
          1
        ],
        "fingerprint": "189f6cf46a89a8af",
        "length": 256,
        "owner_tier": 0,
        "request": "q11",
        "segment_index": 60
      },
      {
        "cache_owner": "q0",
        "epic_prefix_rows": [
          0,
          1
        ],
        "fingerprint": "7ee8a980cd5e73db",
        "length": 256,
        "owner_tier": 0,
        "request": "q11",
        "segment_index": 61
      },
      {
        "cache_owner": "q0",
        "epic_prefix_rows": [
          0,
          1
        ],
        "fingerprint": "1e09fc3aa312bedf",
        "length": 256,
        "owner_tier": 0,
        "request": "q11",
        "segment_index": 62
      },
      {
        "cache_owner": "q0",
        "epic_prefix_rows": [
          0,
          1
        ],
        "fingerprint": "e83ba334f98641d8",
        "length": 256,
        "owner_tier": 0,
        "request": "q11",
        "segment_index": 63
      },
      {
        "cache_owner": "q0",
        "epic_prefix_rows": [
          0,
          1
        ],
        "fingerprint": "93ff15fd417be171",
        "length": 256,
        "owner_tier": 0,
        "request": "q11",
        "segment_index": 64
      },
      {
        "cache_owner": "q0",
        "epic_prefix_rows": [
          0,
          1
        ],
        "fingerprint": "014c9a04b4e916be",
        "length": 256,
        "owner_tier": 0,
        "request": "q11",
        "segment_index": 65
      },
      {
        "cache_owner": "q0",
        "epic_prefix_rows": [
          0,
          1
        ],
        "fingerprint": "84398fc658db81a5",
        "length": 256,
        "owner_tier": 0,
        "request": "q11",
        "segment_index": 66
      },
      {
        "cache_owner": "q0",
        "epic_prefix_rows": [
          0,
          1
        ],
        "fingerprint": "05d534e6a81b4210",
        "length": 256,
        "owner_tier": 0,
        "request": "q11",
        "segment_index": 67
      },
      {
        "cache_owner": "q0",
        "epic_prefix_rows": [
          0,
          1
        ],
        "fingerprint": "8c41295e89de23e3",
        "length": 256,
        "owner_tier": 0,
        "request": "q11",
        "segment_index": 68
      },
      {
        "cache_owner": "q0",
        "epic_prefix_rows": [
          0,
          1
        ],
        "fingerprint": "0d6ee10e10def3d2",
        "length": 256,
        "owner_tier": 0,
        "request": "q11",
        "segment_index": 69
      },
      {
        "cache_owner": "q0",
        "epic_prefix_rows": [
          0,
          1
        ],
        "fingerprint": "c1807afb81a20f51",
        "length": 256,
        "owner_tier": 0,
        "request": "q11",
        "segment_index": 70
      },
      {
        "cache_owner": "q0",
        "epic_prefix_rows": [
          0,
          1
        ],
        "fingerprint": "931d7f5b83731cc7",
        "length": 256,
        "owner_tier": 0,
        "request": "q11",
        "segment_index": 71
      },
      {
        "cache_owner": "q0",
        "epic_prefix_rows": [
          0,
          1
        ],
        "fingerprint": "de3ba4f43ce3a094",
        "length": 256,
        "owner_tier": 0,
        "request": "q11",
        "segment_index": 72
      },
      {
        "cache_owner": "q0",
        "epic_prefix_rows": [
          0,
          1
        ],
        "fingerprint": "549b6eeef884e61d",
        "length": 256,
        "owner_tier": 0,
        "request": "q11",
        "segment_index": 73
      },
      {
        "cache_owner": "q0",
        "epic_prefix_rows": [
          0,
          1
        ],
        "fingerprint": "8f21a2b7cbc6a1cc",
        "length": 256,
        "owner_tier": 0,
        "request": "q11",
        "segment_index": 74
      },
      {
        "cache_owner": "q0",
        "epic_prefix_rows": [
          0,
          1
        ],
        "fingerprint": "3327eb88b326572c",
        "length": 256,
        "owner_tier": 0,
        "request": "q11",
        "segment_index": 75
      },
      {
        "cache_owner": "q0",
        "epic_prefix_rows": [
          0,
          1
        ],
        "fingerprint": "828afffd0287a7fd",
        "length": 256,
        "owner_tier": 0,
        "request": "q11",
        "segment_index": 76
      },
      {
        "cache_owner": "q0",
        "epic_prefix_rows": [
          0,
          1
        ],
        "fingerprint": "2e40f41c46618477",
        "length": 256,
        "owner_tier": 0,
        "request": "q11",
        "segment_index": 77
      },
      {
        "cache_owner": "q0",
        "epic_prefix_rows": [
          0,
          1
        ],
        "fingerprint": "38fd9d00b6d09b58",
        "length": 256,
        "owner_tier": 0,
        "request": "q11",
        "segment_index": 78
      },
      {
        "cache_owner": "q0",
        "epic_prefix_rows": [
          0,
          1
        ],
        "fingerprint": "01ef803e6ca17df7",
        "length": 256,
        "owner_tier": 0,
        "request": "q11",
        "segment_index": 79
      },
      {
        "cache_owner": "q0",
        "epic_prefix_rows": [
          0,
          1
        ],
        "fingerprint": "70b457c38f944354",
        "length": 256,
        "owner_tier": 0,
        "request": "q11",
        "segment_index": 80
      },
      {
        "cache_owner": "q0",
        "epic_prefix_rows": [
          0,
          1
        ],
        "fingerprint": "e2614c2dedf4cf58",
        "length": 256,
        "owner_tier": 0,
        "request": "q11",
        "segment_index": 81
      },
      {
        "cache_owner": "q0",
        "epic_prefix_rows": [
          0,
          1
        ],
        "fingerprint": "b1ab14bf7fe90b52",
        "length": 256,
        "owner_tier": 0,
        "request": "q11",
        "segment_index": 82
      },
      {
        "cache_owner": "q0",
        "epic_prefix_rows": [
          0,
          1
        ],
        "fingerprint": "19b2326032573ee0",
        "length": 256,
        "owner_tier": 0,
        "request": "q11",
        "segment_index": 83
      },
      {
        "cache_owner": "q0",
        "epic_prefix_rows": [
          0,
          1
        ],
        "fingerprint": "f97f30f9dca3b30d",
        "length": 256,
        "owner_tier": 0,
        "request": "q11",
        "segment_index": 84
      },
      {
        "cache_owner": "q0",
        "epic_prefix_rows": [
          0,
          1
        ],
        "fingerprint": "9b66baa8d351f5fb",
        "length": 256,
        "owner_tier": 0,
        "request": "q11",
        "segment_index": 85
      },
      {
        "cache_owner": "q1",
        "epic_prefix_rows": [
          0,
          1
        ],
        "fingerprint": "1393d94e264cb21d",
        "length": 256,
        "owner_tier": 0,
        "request": "q11",
        "segment_index": 86
      },
      {
        "cache_owner": "q10",
        "epic_prefix_rows": [
          0,
          1
        ],
        "fingerprint": "5994a888fff74396",
        "length": 256,
        "owner_tier": 0,
        "request": "q11",
        "segment_index": 87
      },
      {
        "cache_owner": "q10",
        "epic_prefix_rows": [
          0,
          1
        ],
        "fingerprint": "7340d25484ecfb18",
        "length": 256,
        "owner_tier": 0,
        "request": "q11",
        "segment_index": 88
      },
      {
        "cache_owner": "q10",
        "epic_prefix_rows": [
          0,
          1
        ],
        "fingerprint": "6a4062e9346a79d0",
        "length": 256,
        "owner_tier": 0,
        "request": "q11",
        "segment_index": 89
      },
      {
        "cache_owner": "q10",
        "epic_prefix_rows": [
          0,
          1
        ],
        "fingerprint": "310d98fa063059f6",
        "length": 256,
        "owner_tier": 0,
        "request": "q11",
        "segment_index": 90
      },
      {
        "cache_owner": "q10",
        "epic_prefix_rows": [
          0,
          1
        ],
        "fingerprint": "7f08b641340dd17c",
        "length": 256,
        "owner_tier": 0,
        "request": "q11",
        "segment_index": 91
      },
      {
        "cache_owner": "q10",
        "epic_prefix_rows": [
          0,
          1
        ],
        "fingerprint": "264864c692eeca8a",
        "length": 256,
        "owner_tier": 0,
        "request": "q11",
        "segment_index": 92
      },
      {
        "cache_owner": "q10",
        "epic_prefix_rows": [
          0,
          1
        ],
        "fingerprint": "e155baafb2c3e476",
        "length": 256,
        "owner_tier": 0,
        "request": "q11",
        "segment_index": 93
      },
      {
        "cache_owner": "q10",
        "epic_prefix_rows": [
          0,
          1
        ],
        "fingerprint": "d029c68480eecff2",
        "length": 256,
        "owner_tier": 0,
        "request": "q11",
        "segment_index": 94
      },
      {
        "cache_owner": "q10",
        "epic_prefix_rows": [
          0,
          1
        ],
        "fingerprint": "ece1f5f22a91f207",
        "length": 256,
        "owner_tier": 0,
        "request": "q11",
        "segment_index": 95
      },
      {
        "cache_owner": "q0",
        "epic_prefix_rows": [],
        "fingerprint": "b4818fcedac6bc88",
        "length": 300,
        "owner_tier": 0,
        "request": "q2",
        "segment_index": 0
      },
      {
        "cache_owner": "q0",
        "epic_prefix_rows": [
          0,
          1
        ],
        "fingerprint": "760fd9ddb6470dd1",
        "length": 256,
        "owner_tier": 0,
        "request": "q2",
        "segment_index": 1
      },
      {
        "cache_owner": "q0",
        "epic_prefix_rows": [
          0,
          1
        ],
        "fingerprint": "7505c29ddf4c54c5",
        "length": 256,
        "owner_tier": 0,
        "request": "q2",
        "segment_index": 2
      },
      {
        "cache_owner": "q0",
        "epic_prefix_rows": [
          0,
          1
        ],
        "fingerprint": "914756b1ef8c4266",
        "length": 256,
        "owner_tier": 0,
        "request": "q2",
        "segment_index": 3
      },
      {
        "cache_owner": "q0",
        "epic_prefix_rows": [
          0,
          1
        ],
        "fingerprint": "f80c33b8ee010c22",
        "length": 256,
        "owner_tier": 0,
        "request": "q2",
        "segment_index": 4
      },
      {
        "cache_owner": "q0",
        "epic_prefix_rows": [
          0,
          1
        ],
        "fingerprint": "a5918e4687c97f7e",
        "length": 256,
        "owner_tier": 0,
        "request": "q2",
        "segment_index": 5
      },
      {
        "cache_owner": "q0",
        "epic_prefix_rows": [
          0,
          1
        ],
        "fingerprint": "2b4e7732607841e2",
        "length": 256,
        "owner_tier": 0,
        "request": "q2",
        "segment_index": 6
      },
      {
        "cache_owner": "q0",
        "epic_prefix_rows": [
          0,
          1
        ],
        "fingerprint": "9e4aeb4914ddd394",
        "length": 256,
        "owner_tier": 0,
        "request": "q2",
        "segment_index": 7
      },
      {
        "cache_owner": "q0",
        "epic_prefix_rows": [
          0,
          1
        ],
        "fingerprint": "6334e6823b55d024",
        "length": 256,
        "owner_tier": 0,
        "request": "q2",
        "segment_index": 8
      },
      {
        "cache_owner": "q0",
        "epic_prefix_rows": [
          0,
          1
        ],
        "fingerprint": "307e02ba0c9c8db6",
        "length": 256,
        "owner_tier": 0,
        "request": "q2",
        "segment_index": 9
      },
      {
        "cache_owner": "q0",
        "epic_prefix_rows": [
          0,
          1
        ],
        "fingerprint": "d8e088676ac0e994",
        "length": 256,
        "owner_tier": 0,
        "request": "q2",
        "segment_index": 10
      },
      {
        "cache_owner": "q0",
        "epic_prefix_rows": [
          0,
          1
        ],
        "fingerprint": "eba00dddf332f864",
        "length": 256,
        "owner_tier": 0,
        "request": "q2",
        "segment_index": 11
      },
      {
        "cache_owner": "q0",
        "epic_prefix_rows": [
          0,
          1
        ],
        "fingerprint": "16ff367edf27a427",
        "length": 256,
        "owner_tier": 0,
        "request": "q2",
        "segment_index": 12
      },
      {
        "cache_owner": "q0",
        "epic_prefix_rows": [
          0,
          1
        ],
        "fingerprint": "544559610dd737d8",
        "length": 256,
        "owner_tier": 0,
        "request": "q2",
        "segment_index": 13
      },
      {
        "cache_owner": "q0",
        "epic_prefix_rows": [
          0,
          1
        ],
        "fingerprint": "719d4f68cfcda7af",
        "length": 256,
        "owner_tier": 0,
        "request": "q2",
        "segment_index": 14
      },
      {
        "cache_owner": "q0",
        "epic_prefix_rows": [
          0,
          1
        ],
        "fingerprint": "de2eea82f07af94b",
        "length": 256,
        "owner_tier": 0,
        "request": "q2",
        "segment_index": 15
      },
      {
        "cache_owner": "q0",
        "epic_prefix_rows": [
          0,
          1
        ],
        "fingerprint": "3df9fb747ee9b3ed",
        "length": 256,
        "owner_tier": 0,
        "request": "q2",
        "segment_index": 16
      },
      {
        "cache_owner": "q0",
        "epic_prefix_rows": [
          0,
          1
        ],
        "fingerprint": "d84e94f761d8f171",
        "length": 256,
        "owner_tier": 0,
        "request": "q2",
        "segment_index": 17
      },
      {
        "cache_owner": "q0",
        "epic_prefix_rows": [
          0,
          1
        ],
        "fingerprint": "e69c516fc2d68c1b",
        "length": 256,
        "owner_tier": 0,
        "request": "q2",
        "segment_index": 18
      },
      {
        "cache_owner": "q0",
        "epic_prefix_rows": [
          0,
          1
        ],
        "fingerprint": "d679790103e8c53b",
        "length": 256,
        "owner_tier": 0,
        "request": "q2",
        "segment_index": 19
      },
      {
        "cache_owner": "q0",
        "epic_prefix_rows": [
          0,
          1
        ],
        "fingerprint": "ef9219752ae977de",
        "length": 256,
        "owner_tier": 0,
        "request": "q2",
        "segment_index": 20
      },
      {
        "cache_owner": "q0",
        "epic_prefix_rows": [
          0,
          1
        ],
        "fingerprint": "804751a4de0897b1",
        "length": 256,
        "owner_tier": 0,
        "request": "q2",
        "segment_index": 21
      },
      {
        "cache_owner": "q0",
        "epic_prefix_rows": [
          0,
          1
        ],
        "fingerprint": "408f7199c5ad6444",
        "length": 256,
        "owner_tier": 0,
        "request": "q2",
        "segment_index": 22
      },
      {
        "cache_owner": "q0",
        "epic_prefix_rows": [
          0,
          1
        ],
        "fingerprint": "0b61bf84de13cf6f",
        "length": 256,
        "owner_tier": 0,
        "request": "q2",
        "segment_index": 23
      },
      {
        "cache_owner": "q0",
        "epic_prefix_rows": [
          0,
          1
        ],
        "fingerprint": "f4cf28fc5b71edf3",
        "length": 256,
        "owner_tier": 0,
        "request": "q2",
        "segment_index": 24
      },
      {
        "cache_owner": "q0",
        "epic_prefix_rows": [
          0,
          1
        ],
        "fingerprint": "f4fdd0e52e878abf",
        "length": 256,
        "owner_tier": 0,
        "request": "q2",
        "segment_index": 25
      },
      {
        "cache_owner": "q0",
        "epic_prefix_rows": [
          0,
          1
        ],
        "fingerprint": "7ba29ac00739c4ea",
        "length": 256,
        "owner_tier": 0,
        "request": "q2",
        "segment_index": 26
      },
      {
        "cache_owner": "q0",
        "epic_prefix_rows": [
          0,
          1
        ],
        "fingerprint": "6c5246339cc01ead",
        "length": 256,
        "owner_tier": 0,
        "request": "q2",
        "segment_index": 27
      },
      {
        "cache_owner": "q0",
        "epic_prefix_rows": [
          0,
          1
        ],
        "fingerprint": "3e13ea33ffd365d2",
        "length": 256,
        "owner_tier": 0,
        "request": "q2",
        "segment_index": 28
      },
      {
        "cache_owner": "q0",
        "epic_prefix_rows": [
          0,
          1
        ],
        "fingerprint": "97a85315f7478ed8",
        "length": 256,
        "owner_tier": 0,
        "request": "q2",
        "segment_index": 29
      },
      {
        "cache_owner": "q0",
        "epic_prefix_rows": [
          0,
          1
        ],
        "fingerprint": "e2f20e8d23ad1f3c",
        "length": 256,
        "owner_tier": 0,
        "request": "q2",
        "segment_index": 30
      },
      {
        "cache_owner": "q0",
        "epic_prefix_rows": [
          0,
          1
        ],
        "fingerprint": "0d5323d6441850a7",
        "length": 256,
        "owner_tier": 0,
        "request": "q2",
        "segment_index": 31
      },
      {
        "cache_owner": "q0",
        "epic_prefix_rows": [
          0,
          1
        ],
        "fingerprint": "2bbeefee3ca77394",
        "length": 256,
        "owner_tier": 0,
        "request": "q2",
        "segment_index": 32
      },
      {
        "cache_owner": "q0",
        "epic_prefix_rows": [
          0,
          1
        ],
        "fingerprint": "28b214a69646c775",
        "length": 256,
        "owner_tier": 0,
        "request": "q2",
        "segment_index": 33
      },
      {
        "cache_owner": "q0",
        "epic_prefix_rows": [
          0,
          1
        ],
        "fingerprint": "196ab37f68eb91dd",
        "length": 256,
        "owner_tier": 0,
        "request": "q2",
        "segment_index": 34
      },
      {
        "cache_owner": "q0",
        "epic_prefix_rows": [
          0,
          1
        ],
        "fingerprint": "b289731a6de14025",
        "length": 256,
        "owner_tier": 0,
        "request": "q2",
        "segment_index": 35
      },
      {
        "cache_owner": "q0",
        "epic_prefix_rows": [
          0,
          1
        ],
        "fingerprint": "1fd8287b40b3ef05",
        "length": 256,
        "owner_tier": 0,
        "request": "q2",
        "segment_index": 36
      },
      {
        "cache_owner": "q0",
        "epic_prefix_rows": [
          0,
          1
        ],
        "fingerprint": "d655032a50b311c0",
        "length": 256,
        "owner_tier": 0,
        "request": "q2",
        "segment_index": 37
      },
      {
        "cache_owner": "q0",
        "epic_prefix_rows": [
          0,
          1
        ],
        "fingerprint": "68aa33941aec615e",
        "length": 256,
        "owner_tier": 0,
        "request": "q2",
        "segment_index": 38
      },
      {
        "cache_owner": "q0",
        "epic_prefix_rows": [
          0,
          1
        ],
        "fingerprint": "57edc36f5adb4077",
        "length": 256,
        "owner_tier": 0,
        "request": "q2",
        "segment_index": 39
      },
      {
        "cache_owner": "q0",
        "epic_prefix_rows": [
          0,
          1
        ],
        "fingerprint": "060fe3cc81c4e614",
        "length": 256,
        "owner_tier": 0,
        "request": "q2",
        "segment_index": 40
      },
      {
        "cache_owner": "q0",
        "epic_prefix_rows": [
          0,
          1
        ],
        "fingerprint": "2c3a90bf49014087",
        "length": 256,
        "owner_tier": 0,
        "request": "q2",
        "segment_index": 41
      },
      {
        "cache_owner": "q0",
        "epic_prefix_rows": [
          0,
          1
        ],
        "fingerprint": "b8b19851f0e91e8b",
        "length": 256,
        "owner_tier": 0,
        "request": "q2",
        "segment_index": 42
      },
      {
        "cache_owner": "q0",
        "epic_prefix_rows": [
          0,
          1
        ],
        "fingerprint": "0a24aa246267ca70",
        "length": 256,
        "owner_tier": 0,
        "request": "q2",
        "segment_index": 43
      },
      {
        "cache_owner": "q0",
        "epic_prefix_rows": [
          0,
          1
        ],
        "fingerprint": "39982a5ac106dc56",
        "length": 256,
        "owner_tier": 0,
        "request": "q2",
        "segment_index": 44
      },
      {
        "cache_owner": "q0",
        "epic_prefix_rows": [
          0,
          1
        ],
        "fingerprint": "5b4fec5265577019",
        "length": 256,
        "owner_tier": 0,
        "request": "q2",
        "segment_index": 45
      },
      {
        "cache_owner": "q0",
        "epic_prefix_rows": [
          0,
          1
        ],
        "fingerprint": "31754f310cc87cb9",
        "length": 256,
        "owner_tier": 0,
        "request": "q2",
        "segment_index": 46
      },
      {
        "cache_owner": "q0",
        "epic_prefix_rows": [
          0,
          1
        ],
        "fingerprint": "17914e14c68c53c7",
        "length": 256,
        "owner_tier": 0,
        "request": "q2",
        "segment_index": 47
      },
      {
        "cache_owner": "q0",
        "epic_prefix_rows": [
          0,
          1
        ],
        "fingerprint": "0d5ec49d1bd3dfc2",
        "length": 256,
        "owner_tier": 0,
        "request": "q2",
        "segment_index": 48
      },
      {
        "cache_owner": "q0",
        "epic_prefix_rows": [
          0,
          1
        ],
        "fingerprint": "c8ca1ee28f153785",
        "length": 256,
        "owner_tier": 0,
        "request": "q2",
        "segment_index": 49
      },
      {
        "cache_owner": "q0",
        "epic_prefix_rows": [
          0,
          1
        ],
        "fingerprint": "d2d59fe199246a8a",
        "length": 256,
        "owner_tier": 0,
        "request": "q2",
        "segment_index": 50
      },
      {
        "cache_owner": "q0",
        "epic_prefix_rows": [
          0,
          1
        ],
        "fingerprint": "f8c3ac43031f479d",
        "length": 256,
        "owner_tier": 0,
        "request": "q2",
        "segment_index": 51
      },
      {
        "cache_owner": "q0",
        "epic_prefix_rows": [
          0,
          1
        ],
        "fingerprint": "1a0ba2ae3b5af048",
        "length": 256,
        "owner_tier": 0,
        "request": "q2",
        "segment_index": 52
      },
      {
        "cache_owner": "q0",
        "epic_prefix_rows": [
          0,
          1
        ],
        "fingerprint": "4efa77b98545d7f9",
        "length": 256,
        "owner_tier": 0,
        "request": "q2",
        "segment_index": 53
      },
      {
        "cache_owner": "q0",
        "epic_prefix_rows": [
          0,
          1
        ],
        "fingerprint": "e8daa9461adadb50",
        "length": 256,
        "owner_tier": 0,
        "request": "q2",
        "segment_index": 54
      },
      {
        "cache_owner": "q0",
        "epic_prefix_rows": [
          0,
          1
        ],
        "fingerprint": "27676fe4288b5092",
        "length": 256,
        "owner_tier": 0,
        "request": "q2",
        "segment_index": 55
      },
      {
        "cache_owner": "q0",
        "epic_prefix_rows": [
          0,
          1
        ],
        "fingerprint": "4628056629d21f29",
        "length": 256,
        "owner_tier": 0,
        "request": "q2",
        "segment_index": 56
      },
      {
        "cache_owner": "q0",
        "epic_prefix_rows": [
          0,
          1
        ],
        "fingerprint": "9e222200b410e430",
        "length": 256,
        "owner_tier": 0,
        "request": "q2",
        "segment_index": 57
      },
      {
        "cache_owner": "q0",
        "epic_prefix_rows": [
          0,
          1
        ],
        "fingerprint": "7753df1b6f8c9278",
        "length": 256,
        "owner_tier": 0,
        "request": "q2",
        "segment_index": 58
      },
      {
        "cache_owner": "q0",
        "epic_prefix_rows": [
          0,
          1
        ],
        "fingerprint": "2601f658cc5d3594",
        "length": 256,
        "owner_tier": 0,
        "request": "q2",
        "segment_index": 59
      },
      {
        "cache_owner": "q0",
        "epic_prefix_rows": [
          0,
          1
        ],
        "fingerprint": "27013d93d3fccf89",
        "length": 256,
        "owner_tier": 0,
        "request": "q2",
        "segment_index": 60
      },
      {
        "cache_owner": "q0",
        "epic_prefix_rows": [
          0,
          1
        ],
        "fingerprint": "6880baf09f037c19",
        "length": 256,
        "owner_tier": 0,
        "request": "q2",
        "segment_index": 61
      },
      {
        "cache_owner": "q0",
        "epic_prefix_rows": [
          0,
          1
        ],
        "fingerprint": "0724e17672a95b93",
        "length": 256,
        "owner_tier": 0,
        "request": "q2",
        "segment_index": 62
      },
      {
        "cache_owner": "q0",
        "epic_prefix_rows": [
          0,
          1
        ],
        "fingerprint": "e3c449fc4cd656ce",
        "length": 256,
        "owner_tier": 0,
        "request": "q2",
        "segment_index": 63
      },
      {
        "cache_owner": "q0",
        "epic_prefix_rows": [
          0,
          1
        ],
        "fingerprint": "274f7d8aacaccf25",
        "length": 256,
        "owner_tier": 0,
        "request": "q2",
        "segment_index": 64
      },
      {
        "cache_owner": "q0",
        "epic_prefix_rows": [
          0,
          1
        ],
        "fingerprint": "146a74171fc8e908",
        "length": 256,
        "owner_tier": 0,
        "request": "q2",
        "segment_index": 65
      },
      {
        "cache_owner": "q0",
        "epic_prefix_rows": [
          0,
          1
        ],
        "fingerprint": "56421c8602f059e6",
        "length": 256,
        "owner_tier": 0,
        "request": "q2",
        "segment_index": 66
      },
      {
        "cache_owner": "q0",
        "epic_prefix_rows": [
          0,
          1
        ],
        "fingerprint": "357ad2bb54f67a0c",
        "length": 256,
        "owner_tier": 0,
        "request": "q2",
        "segment_index": 67
      },
      {
        "cache_owner": "q0",
        "epic_prefix_rows": [
          0,
          1
        ],
        "fingerprint": "008b81b4d6caa9c9",
        "length": 256,
        "owner_tier": 0,
        "request": "q2",
        "segment_index": 68
      },
      {
        "cache_owner": "q0",
        "epic_prefix_rows": [
          0,
          1
        ],
        "fingerprint": "189f6cf46a89a8af",
        "length": 256,
        "owner_tier": 0,
        "request": "q2",
        "segment_index": 69
      },
      {
        "cache_owner": "q0",
        "epic_prefix_rows": [
          0,
          1
        ],
        "fingerprint": "7ee8a980cd5e73db",
        "length": 256,
        "owner_tier": 0,
        "request": "q2",
        "segment_index": 70
      },
      {
        "cache_owner": "q0",
        "epic_prefix_rows": [
          0,
          1
        ],
        "fingerprint": "1e09fc3aa312bedf",
        "length": 256,
        "owner_tier": 0,
        "request": "q2",
        "segment_index": 71
      },
      {
        "cache_owner": "q0",
        "epic_prefix_rows": [
          0,
          1
        ],
        "fingerprint": "e83ba334f98641d8",
        "length": 256,
        "owner_tier": 0,
        "request": "q2",
        "segment_index": 72
      },
      {
        "cache_owner": "q0",
        "epic_prefix_rows": [
          0,
          1
        ],
        "fingerprint": "93ff15fd417be171",
        "length": 256,
        "owner_tier": 0,
        "request": "q2",
        "segment_index": 73
      },
      {
        "cache_owner": "q0",
        "epic_prefix_rows": [
          0,
          1
        ],
        "fingerprint": "014c9a04b4e916be",
        "length": 256,
        "owner_tier": 0,
        "request": "q2",
        "segment_index": 74
      },
      {
        "cache_owner": "q0",
        "epic_prefix_rows": [
          0,
          1
        ],
        "fingerprint": "84398fc658db81a5",
        "length": 256,
        "owner_tier": 0,
        "request": "q2",
        "segment_index": 75
      },
      {
        "cache_owner": "q0",
        "epic_prefix_rows": [
          0,
          1
        ],
        "fingerprint": "05d534e6a81b4210",
        "length": 256,
        "owner_tier": 0,
        "request": "q2",
        "segment_index": 76
      },
      {
        "cache_owner": "q0",
        "epic_prefix_rows": [
          0,
          1
        ],
        "fingerprint": "8c41295e89de23e3",
        "length": 256,
        "owner_tier": 0,
        "request": "q2",
        "segment_index": 77
      },
      {
        "cache_owner": "q0",
        "epic_prefix_rows": [
          0,
          1
        ],
        "fingerprint": "0d6ee10e10def3d2",
        "length": 256,
        "owner_tier": 0,
        "request": "q2",
        "segment_index": 78
      },
      {
        "cache_owner": "q0",
        "epic_prefix_rows": [
          0,
          1
        ],
        "fingerprint": "c1807afb81a20f51",
        "length": 256,
        "owner_tier": 0,
        "request": "q2",
        "segment_index": 79
      },
      {
        "cache_owner": "q0",
        "epic_prefix_rows": [
          0,
          1
        ],
        "fingerprint": "931d7f5b83731cc7",
        "length": 256,
        "owner_tier": 0,
        "request": "q2",
        "segment_index": 80
      },
      {
        "cache_owner": "q0",
        "epic_prefix_rows": [
          0,
          1
        ],
        "fingerprint": "de3ba4f43ce3a094",
        "length": 256,
        "owner_tier": 0,
        "request": "q2",
        "segment_index": 81
      },
      {
        "cache_owner": "q0",
        "epic_prefix_rows": [
          0,
          1
        ],
        "fingerprint": "549b6eeef884e61d",
        "length": 256,
        "owner_tier": 0,
        "request": "q2",
        "segment_index": 82
      },
      {
        "cache_owner": "q0",
        "epic_prefix_rows": [
          0,
          1
        ],
        "fingerprint": "8f21a2b7cbc6a1cc",
        "length": 256,
        "owner_tier": 0,
        "request": "q2",
        "segment_index": 83
      },
      {
        "cache_owner": "q0",
        "epic_prefix_rows": [
          0,
          1
        ],
        "fingerprint": "3327eb88b326572c",
        "length": 256,
        "owner_tier": 0,
        "request": "q2",
        "segment_index": 84
      },
      {
        "cache_owner": "q0",
        "epic_prefix_rows": [
          0,
          1
        ],
        "fingerprint": "828afffd0287a7fd",
        "length": 256,
        "owner_tier": 0,
        "request": "q2",
        "segment_index": 85
      },
      {
        "cache_owner": "q0",
        "epic_prefix_rows": [
          0,
          1
        ],
        "fingerprint": "2e40f41c46618477",
        "length": 256,
        "owner_tier": 0,
        "request": "q2",
        "segment_index": 86
      },
      {
        "cache_owner": "q0",
        "epic_prefix_rows": [
          0,
          1
        ],
        "fingerprint": "38fd9d00b6d09b58",
        "length": 256,
        "owner_tier": 0,
        "request": "q2",
        "segment_index": 87
      },
      {
        "cache_owner": "q0",
        "epic_prefix_rows": [
          0,
          1
        ],
        "fingerprint": "01ef803e6ca17df7",
        "length": 256,
        "owner_tier": 0,
        "request": "q2",
        "segment_index": 88
      },
      {
        "cache_owner": "q0",
        "epic_prefix_rows": [
          0,
          1
        ],
        "fingerprint": "70b457c38f944354",
        "length": 256,
        "owner_tier": 0,
        "request": "q2",
        "segment_index": 89
      },
      {
        "cache_owner": "q0",
        "epic_prefix_rows": [
          0,
          1
        ],
        "fingerprint": "e2614c2dedf4cf58",
        "length": 256,
        "owner_tier": 0,
        "request": "q2",
        "segment_index": 90
      },
      {
        "cache_owner": "q0",
        "epic_prefix_rows": [
          0,
          1
        ],
        "fingerprint": "b1ab14bf7fe90b52",
        "length": 256,
        "owner_tier": 0,
        "request": "q2",
        "segment_index": 91
      },
      {
        "cache_owner": "q0",
        "epic_prefix_rows": [
          0,
          1
        ],
        "fingerprint": "19b2326032573ee0",
        "length": 256,
        "owner_tier": 0,
        "request": "q2",
        "segment_index": 92
      },
      {
        "cache_owner": "q0",
        "epic_prefix_rows": [
          0,
          1
        ],
        "fingerprint": "f97f30f9dca3b30d",
        "length": 256,
        "owner_tier": 0,
        "request": "q2",
        "segment_index": 93
      },
      {
        "cache_owner": "q0",
        "epic_prefix_rows": [
          0,
          1
        ],
        "fingerprint": "9b66baa8d351f5fb",
        "length": 256,
        "owner_tier": 0,
        "request": "q2",
        "segment_index": 94
      },
      {
        "cache_owner": "q1",
        "epic_prefix_rows": [
          0,
          1
        ],
        "fingerprint": "1393d94e264cb21d",
        "length": 256,
        "owner_tier": 0,
        "request": "q2",
        "segment_index": 95
      },
      {
        "cache_owner": "q10",
        "epic_prefix_rows": [
          0,
          1
        ],
        "fingerprint": "5994a888fff74396",
        "length": 256,
        "owner_tier": 0,
        "request": "q2",
        "segment_index": 96
      },
      {
        "cache_owner": "q0",
        "epic_prefix_rows": [],
        "fingerprint": "b4818fcedac6bc88",
        "length": 300,
        "owner_tier": 0,
        "request": "q3",
        "segment_index": 0
      },
      {
        "cache_owner": "q0",
        "epic_prefix_rows": [
          0,
          1
        ],
        "fingerprint": "7505c29ddf4c54c5",
        "length": 256,
        "owner_tier": 0,
        "request": "q3",
        "segment_index": 1
      },
      {
        "cache_owner": "q0",
        "epic_prefix_rows": [
          0,
          1
        ],
        "fingerprint": "914756b1ef8c4266",
        "length": 256,
        "owner_tier": 0,
        "request": "q3",
        "segment_index": 2
      },
      {
        "cache_owner": "q0",
        "epic_prefix_rows": [
          0,
          1
        ],
        "fingerprint": "f80c33b8ee010c22",
        "length": 256,
        "owner_tier": 0,
        "request": "q3",
        "segment_index": 3
      },
      {
        "cache_owner": "q0",
        "epic_prefix_rows": [
          0,
          1
        ],
        "fingerprint": "a5918e4687c97f7e",
        "length": 256,
        "owner_tier": 0,
        "request": "q3",
        "segment_index": 4
      },
      {
        "cache_owner": "q0",
        "epic_prefix_rows": [
          0,
          1
        ],
        "fingerprint": "2b4e7732607841e2",
        "length": 256,
        "owner_tier": 0,
        "request": "q3",
        "segment_index": 5
      },
      {
        "cache_owner": "q0",
        "epic_prefix_rows": [
          0,
          1
        ],
        "fingerprint": "9e4aeb4914ddd394",
        "length": 256,
        "owner_tier": 0,
        "request": "q3",
        "segment_index": 6
      },
      {
        "cache_owner": "q0",
        "epic_prefix_rows": [
          0,
          1
        ],
        "fingerprint": "6334e6823b55d024",
        "length": 256,
        "owner_tier": 0,
        "request": "q3",
        "segment_index": 7
      },
      {
        "cache_owner": "q0",
        "epic_prefix_rows": [
          0,
          1
        ],
        "fingerprint": "307e02ba0c9c8db6",
        "length": 256,
        "owner_tier": 0,
        "request": "q3",
        "segment_index": 8
      },
      {
        "cache_owner": "q0",
        "epic_prefix_rows": [
          0,
          1
        ],
        "fingerprint": "d8e088676ac0e994",
        "length": 256,
        "owner_tier": 0,
        "request": "q3",
        "segment_index": 9
      },
      {
        "cache_owner": "q0",
        "epic_prefix_rows": [
          0,
          1
        ],
        "fingerprint": "eba00dddf332f864",
        "length": 256,
        "owner_tier": 0,
        "request": "q3",
        "segment_index": 10
      },
      {
        "cache_owner": "q0",
        "epic_prefix_rows": [
          0,
          1
        ],
        "fingerprint": "16ff367edf27a427",
        "length": 256,
        "owner_tier": 0,
        "request": "q3",
        "segment_index": 11
      },
      {
        "cache_owner": "q0",
        "epic_prefix_rows": [
          0,
          1
        ],
        "fingerprint": "544559610dd737d8",
        "length": 256,
        "owner_tier": 0,
        "request": "q3",
        "segment_index": 12
      },
      {
        "cache_owner": "q0",
        "epic_prefix_rows": [
          0,
          1
        ],
        "fingerprint": "719d4f68cfcda7af",
        "length": 256,
        "owner_tier": 0,
        "request": "q3",
        "segment_index": 13
      },
      {
        "cache_owner": "q0",
        "epic_prefix_rows": [
          0,
          1
        ],
        "fingerprint": "de2eea82f07af94b",
        "length": 256,
        "owner_tier": 0,
        "request": "q3",
        "segment_index": 14
      },
      {
        "cache_owner": "q0",
        "epic_prefix_rows": [
          0,
          1
        ],
        "fingerprint": "3df9fb747ee9b3ed",
        "length": 256,
        "owner_tier": 0,
        "request": "q3",
        "segment_index": 15
      },
      {
        "cache_owner": "q0",
        "epic_prefix_rows": [
          0,
          1
        ],
        "fingerprint": "d84e94f761d8f171",
        "length": 256,
        "owner_tier": 0,
        "request": "q3",
        "segment_index": 16
      },
      {
        "cache_owner": "q0",
        "epic_prefix_rows": [
          0,
          1
        ],
        "fingerprint": "e69c516fc2d68c1b",
        "length": 256,
        "owner_tier": 0,
        "request": "q3",
        "segment_index": 17
      },
      {
        "cache_owner": "q0",
        "epic_prefix_rows": [
          0,
          1
        ],
        "fingerprint": "d679790103e8c53b",
        "length": 256,
        "owner_tier": 0,
        "request": "q3",
        "segment_index": 18
      },
      {
        "cache_owner": "q0",
        "epic_prefix_rows": [
          0,
          1
        ],
        "fingerprint": "ef9219752ae977de",
        "length": 256,
        "owner_tier": 0,
        "request": "q3",
        "segment_index": 19
      },
      {
        "cache_owner": "q0",
        "epic_prefix_rows": [
          0,
          1
        ],
        "fingerprint": "804751a4de0897b1",
        "length": 256,
        "owner_tier": 0,
        "request": "q3",
        "segment_index": 20
      },
      {
        "cache_owner": "q0",
        "epic_prefix_rows": [
          0,
          1
        ],
        "fingerprint": "408f7199c5ad6444",
        "length": 256,
        "owner_tier": 0,
        "request": "q3",
        "segment_index": 21
      },
      {
        "cache_owner": "q0",
        "epic_prefix_rows": [
          0,
          1
        ],
        "fingerprint": "0b61bf84de13cf6f",
        "length": 256,
        "owner_tier": 0,
        "request": "q3",
        "segment_index": 22
      },
      {
        "cache_owner": "q0",
        "epic_prefix_rows": [
          0,
          1
        ],
        "fingerprint": "f4cf28fc5b71edf3",
        "length": 256,
        "owner_tier": 0,
        "request": "q3",
        "segment_index": 23
      },
      {
        "cache_owner": "q0",
        "epic_prefix_rows": [
          0,
          1
        ],
        "fingerprint": "f4fdd0e52e878abf",
        "length": 256,
        "owner_tier": 0,
        "request": "q3",
        "segment_index": 24
      },
      {
        "cache_owner": "q0",
        "epic_prefix_rows": [
          0,
          1
        ],
        "fingerprint": "7ba29ac00739c4ea",
        "length": 256,
        "owner_tier": 0,
        "request": "q3",
        "segment_index": 25
      },
      {
        "cache_owner": "q0",
        "epic_prefix_rows": [
          0,
          1
        ],
        "fingerprint": "6c5246339cc01ead",
        "length": 256,
        "owner_tier": 0,
        "request": "q3",
        "segment_index": 26
      },
      {
        "cache_owner": "q0",
        "epic_prefix_rows": [
          0,
          1
        ],
        "fingerprint": "3e13ea33ffd365d2",
        "length": 256,
        "owner_tier": 0,
        "request": "q3",
        "segment_index": 27
      },
      {
        "cache_owner": "q0",
        "epic_prefix_rows": [
          0,
          1
        ],
        "fingerprint": "97a85315f7478ed8",
        "length": 256,
        "owner_tier": 0,
        "request": "q3",
        "segment_index": 28
      },
      {
        "cache_owner": "q0",
        "epic_prefix_rows": [
          0,
          1
        ],
        "fingerprint": "e2f20e8d23ad1f3c",
        "length": 256,
        "owner_tier": 0,
        "request": "q3",
        "segment_index": 29
      },
      {
        "cache_owner": "q0",
        "epic_prefix_rows": [
          0,
          1
        ],
        "fingerprint": "0d5323d6441850a7",
        "length": 256,
        "owner_tier": 0,
        "request": "q3",
        "segment_index": 30
      },
      {
        "cache_owner": "q0",
        "epic_prefix_rows": [
          0,
          1
        ],
        "fingerprint": "2bbeefee3ca77394",
        "length": 256,
        "owner_tier": 0,
        "request": "q3",
        "segment_index": 31
      },
      {
        "cache_owner": "q0",
        "epic_prefix_rows": [
          0,
          1
        ],
        "fingerprint": "28b214a69646c775",
        "length": 256,
        "owner_tier": 0,
        "request": "q3",
        "segment_index": 32
      },
      {
        "cache_owner": "q0",
        "epic_prefix_rows": [
          0,
          1
        ],
        "fingerprint": "196ab37f68eb91dd",
        "length": 256,
        "owner_tier": 0,
        "request": "q3",
        "segment_index": 33
      },
      {
        "cache_owner": "q0",
        "epic_prefix_rows": [
          0,
          1
        ],
        "fingerprint": "b289731a6de14025",
        "length": 256,
        "owner_tier": 0,
        "request": "q3",
        "segment_index": 34
      },
      {
        "cache_owner": "q0",
        "epic_prefix_rows": [
          0,
          1
        ],
        "fingerprint": "1fd8287b40b3ef05",
        "length": 256,
        "owner_tier": 0,
        "request": "q3",
        "segment_index": 35
      },
      {
        "cache_owner": "q0",
        "epic_prefix_rows": [
          0,
          1
        ],
        "fingerprint": "d655032a50b311c0",
        "length": 256,
        "owner_tier": 0,
        "request": "q3",
        "segment_index": 36
      },
      {
        "cache_owner": "q0",
        "epic_prefix_rows": [
          0,
          1
        ],
        "fingerprint": "68aa33941aec615e",
        "length": 256,
        "owner_tier": 0,
        "request": "q3",
        "segment_index": 37
      },
      {
        "cache_owner": "q0",
        "epic_prefix_rows": [
          0,
          1
        ],
        "fingerprint": "57edc36f5adb4077",
        "length": 256,
        "owner_tier": 0,
        "request": "q3",
        "segment_index": 38
      },
      {
        "cache_owner": "q0",
        "epic_prefix_rows": [
          0,
          1
        ],
        "fingerprint": "060fe3cc81c4e614",
        "length": 256,
        "owner_tier": 0,
        "request": "q3",
        "segment_index": 39
      },
      {
        "cache_owner": "q0",
        "epic_prefix_rows": [
          0,
          1
        ],
        "fingerprint": "2c3a90bf49014087",
        "length": 256,
        "owner_tier": 0,
        "request": "q3",
        "segment_index": 40
      },
      {
        "cache_owner": "q0",
        "epic_prefix_rows": [
          0,
          1
        ],
        "fingerprint": "b8b19851f0e91e8b",
        "length": 256,
        "owner_tier": 0,
        "request": "q3",
        "segment_index": 41
      },
      {
        "cache_owner": "q0",
        "epic_prefix_rows": [
          0,
          1
        ],
        "fingerprint": "0a24aa246267ca70",
        "length": 256,
        "owner_tier": 0,
        "request": "q3",
        "segment_index": 42
      },
      {
        "cache_owner": "q0",
        "epic_prefix_rows": [
          0,
          1
        ],
        "fingerprint": "39982a5ac106dc56",
        "length": 256,
        "owner_tier": 0,
        "request": "q3",
        "segment_index": 43
      },
      {
        "cache_owner": "q0",
        "epic_prefix_rows": [
          0,
          1
        ],
        "fingerprint": "5b4fec5265577019",
        "length": 256,
        "owner_tier": 0,
        "request": "q3",
        "segment_index": 44
      },
      {
        "cache_owner": "q0",
        "epic_prefix_rows": [
          0,
          1
        ],
        "fingerprint": "31754f310cc87cb9",
        "length": 256,
        "owner_tier": 0,
        "request": "q3",
        "segment_index": 45
      },
      {
        "cache_owner": "q0",
        "epic_prefix_rows": [
          0,
          1
        ],
        "fingerprint": "17914e14c68c53c7",
        "length": 256,
        "owner_tier": 0,
        "request": "q3",
        "segment_index": 46
      },
      {
        "cache_owner": "q0",
        "epic_prefix_rows": [
          0,
          1
        ],
        "fingerprint": "0d5ec49d1bd3dfc2",
        "length": 256,
        "owner_tier": 0,
        "request": "q3",
        "segment_index": 47
      },
      {
        "cache_owner": "q0",
        "epic_prefix_rows": [
          0,
          1
        ],
        "fingerprint": "c8ca1ee28f153785",
        "length": 256,
        "owner_tier": 0,
        "request": "q3",
        "segment_index": 48
      },
      {
        "cache_owner": "q0",
        "epic_prefix_rows": [
          0,
          1
        ],
        "fingerprint": "d2d59fe199246a8a",
        "length": 256,
        "owner_tier": 0,
        "request": "q3",
        "segment_index": 49
      },
      {
        "cache_owner": "q0",
        "epic_prefix_rows": [
          0,
          1
        ],
        "fingerprint": "f8c3ac43031f479d",
        "length": 256,
        "owner_tier": 0,
        "request": "q3",
        "segment_index": 50
      },
      {
        "cache_owner": "q0",
        "epic_prefix_rows": [
          0,
          1
        ],
        "fingerprint": "1a0ba2ae3b5af048",
        "length": 256,
        "owner_tier": 0,
        "request": "q3",
        "segment_index": 51
      },
      {
        "cache_owner": "q0",
        "epic_prefix_rows": [
          0,
          1
        ],
        "fingerprint": "4efa77b98545d7f9",
        "length": 256,
        "owner_tier": 0,
        "request": "q3",
        "segment_index": 52
      },
      {
        "cache_owner": "q0",
        "epic_prefix_rows": [
          0,
          1
        ],
        "fingerprint": "e8daa9461adadb50",
        "length": 256,
        "owner_tier": 0,
        "request": "q3",
        "segment_index": 53
      },
      {
        "cache_owner": "q0",
        "epic_prefix_rows": [
          0,
          1
        ],
        "fingerprint": "27676fe4288b5092",
        "length": 256,
        "owner_tier": 0,
        "request": "q3",
        "segment_index": 54
      },
      {
        "cache_owner": "q0",
        "epic_prefix_rows": [
          0,
          1
        ],
        "fingerprint": "4628056629d21f29",
        "length": 256,
        "owner_tier": 0,
        "request": "q3",
        "segment_index": 55
      },
      {
        "cache_owner": "q0",
        "epic_prefix_rows": [
          0,
          1
        ],
        "fingerprint": "9e222200b410e430",
        "length": 256,
        "owner_tier": 0,
        "request": "q3",
        "segment_index": 56
      },
      {
        "cache_owner": "q0",
        "epic_prefix_rows": [
          0,
          1
        ],
        "fingerprint": "7753df1b6f8c9278",
        "length": 256,
        "owner_tier": 0,
        "request": "q3",
        "segment_index": 57
      },
      {
        "cache_owner": "q0",
        "epic_prefix_rows": [
          0,
          1
        ],
        "fingerprint": "2601f658cc5d3594",
        "length": 256,
        "owner_tier": 0,
        "request": "q3",
        "segment_index": 58
      },
      {
        "cache_owner": "q0",
        "epic_prefix_rows": [
          0,
          1
        ],
        "fingerprint": "27013d93d3fccf89",
        "length": 256,
        "owner_tier": 0,
        "request": "q3",
        "segment_index": 59
      },
      {
        "cache_owner": "q0",
        "epic_prefix_rows": [
          0,
          1
        ],
        "fingerprint": "6880baf09f037c19",
        "length": 256,
        "owner_tier": 0,
        "request": "q3",
        "segment_index": 60
      },
      {
        "cache_owner": "q0",
        "epic_prefix_rows": [
          0,
          1
        ],
        "fingerprint": "0724e17672a95b93",
        "length": 256,
        "owner_tier": 0,
        "request": "q3",
        "segment_index": 61
      },
      {
        "cache_owner": "q0",
        "epic_prefix_rows": [
          0,
          1
        ],
        "fingerprint": "e3c449fc4cd656ce",
        "length": 256,
        "owner_tier": 0,
        "request": "q3",
        "segment_index": 62
      },
      {
        "cache_owner": "q0",
        "epic_prefix_rows": [
          0,
          1
        ],
        "fingerprint": "274f7d8aacaccf25",
        "length": 256,
        "owner_tier": 0,
        "request": "q3",
        "segment_index": 63
      },
      {
        "cache_owner": "q0",
        "epic_prefix_rows": [
          0,
          1
        ],
        "fingerprint": "146a74171fc8e908",
        "length": 256,
        "owner_tier": 0,
        "request": "q3",
        "segment_index": 64
      },
      {
        "cache_owner": "q0",
        "epic_prefix_rows": [
          0,
          1
        ],
        "fingerprint": "56421c8602f059e6",
        "length": 256,
        "owner_tier": 0,
        "request": "q3",
        "segment_index": 65
      },
      {
        "cache_owner": "q0",
        "epic_prefix_rows": [
          0,
          1
        ],
        "fingerprint": "357ad2bb54f67a0c",
        "length": 256,
        "owner_tier": 0,
        "request": "q3",
        "segment_index": 66
      },
      {
        "cache_owner": "q0",
        "epic_prefix_rows": [
          0,
          1
        ],
        "fingerprint": "008b81b4d6caa9c9",
        "length": 256,
        "owner_tier": 0,
        "request": "q3",
        "segment_index": 67
      },
      {
        "cache_owner": "q0",
        "epic_prefix_rows": [
          0,
          1
        ],
        "fingerprint": "189f6cf46a89a8af",
        "length": 256,
        "owner_tier": 0,
        "request": "q3",
        "segment_index": 68
      },
      {
        "cache_owner": "q0",
        "epic_prefix_rows": [
          0,
          1
        ],
        "fingerprint": "7ee8a980cd5e73db",
        "length": 256,
        "owner_tier": 0,
        "request": "q3",
        "segment_index": 69
      },
      {
        "cache_owner": "q0",
        "epic_prefix_rows": [
          0,
          1
        ],
        "fingerprint": "1e09fc3aa312bedf",
        "length": 256,
        "owner_tier": 0,
        "request": "q3",
        "segment_index": 70
      },
      {
        "cache_owner": "q0",
        "epic_prefix_rows": [
          0,
          1
        ],
        "fingerprint": "e83ba334f98641d8",
        "length": 256,
        "owner_tier": 0,
        "request": "q3",
        "segment_index": 71
      },
      {
        "cache_owner": "q0",
        "epic_prefix_rows": [
          0,
          1
        ],
        "fingerprint": "93ff15fd417be171",
        "length": 256,
        "owner_tier": 0,
        "request": "q3",
        "segment_index": 72
      },
      {
        "cache_owner": "q0",
        "epic_prefix_rows": [
          0,
          1
        ],
        "fingerprint": "014c9a04b4e916be",
        "length": 256,
        "owner_tier": 0,
        "request": "q3",
        "segment_index": 73
      },
      {
        "cache_owner": "q0",
        "epic_prefix_rows": [
          0,
          1
        ],
        "fingerprint": "84398fc658db81a5",
        "length": 256,
        "owner_tier": 0,
        "request": "q3",
        "segment_index": 74
      },
      {
        "cache_owner": "q0",
        "epic_prefix_rows": [
          0,
          1
        ],
        "fingerprint": "05d534e6a81b4210",
        "length": 256,
        "owner_tier": 0,
        "request": "q3",
        "segment_index": 75
      },
      {
        "cache_owner": "q0",
        "epic_prefix_rows": [
          0,
          1
        ],
        "fingerprint": "8c41295e89de23e3",
        "length": 256,
        "owner_tier": 0,
        "request": "q3",
        "segment_index": 76
      },
      {
        "cache_owner": "q0",
        "epic_prefix_rows": [
          0,
          1
        ],
        "fingerprint": "0d6ee10e10def3d2",
        "length": 256,
        "owner_tier": 0,
        "request": "q3",
        "segment_index": 77
      },
      {
        "cache_owner": "q0",
        "epic_prefix_rows": [
          0,
          1
        ],
        "fingerprint": "c1807afb81a20f51",
        "length": 256,
        "owner_tier": 0,
        "request": "q3",
        "segment_index": 78
      },
      {
        "cache_owner": "q0",
        "epic_prefix_rows": [
          0,
          1
        ],
        "fingerprint": "931d7f5b83731cc7",
        "length": 256,
        "owner_tier": 0,
        "request": "q3",
        "segment_index": 79
      },
      {
        "cache_owner": "q0",
        "epic_prefix_rows": [
          0,
          1
        ],
        "fingerprint": "de3ba4f43ce3a094",
        "length": 256,
        "owner_tier": 0,
        "request": "q3",
        "segment_index": 80
      },
      {
        "cache_owner": "q0",
        "epic_prefix_rows": [
          0,
          1
        ],
        "fingerprint": "549b6eeef884e61d",
        "length": 256,
        "owner_tier": 0,
        "request": "q3",
        "segment_index": 81
      },
      {
        "cache_owner": "q0",
        "epic_prefix_rows": [
          0,
          1
        ],
        "fingerprint": "8f21a2b7cbc6a1cc",
        "length": 256,
        "owner_tier": 0,
        "request": "q3",
        "segment_index": 82
      },
      {
        "cache_owner": "q0",
        "epic_prefix_rows": [
          0,
          1
        ],
        "fingerprint": "3327eb88b326572c",
        "length": 256,
        "owner_tier": 0,
        "request": "q3",
        "segment_index": 83
      },
      {
        "cache_owner": "q0",
        "epic_prefix_rows": [
          0,
          1
        ],
        "fingerprint": "828afffd0287a7fd",
        "length": 256,
        "owner_tier": 0,
        "request": "q3",
        "segment_index": 84
      },
      {
        "cache_owner": "q0",
        "epic_prefix_rows": [
          0,
          1
        ],
        "fingerprint": "2e40f41c46618477",
        "length": 256,
        "owner_tier": 0,
        "request": "q3",
        "segment_index": 85
      },
      {
        "cache_owner": "q0",
        "epic_prefix_rows": [
          0,
          1
        ],
        "fingerprint": "38fd9d00b6d09b58",
        "length": 256,
        "owner_tier": 0,
        "request": "q3",
        "segment_index": 86
      },
      {
        "cache_owner": "q0",
        "epic_prefix_rows": [
          0,
          1
        ],
        "fingerprint": "01ef803e6ca17df7",
        "length": 256,
        "owner_tier": 0,
        "request": "q3",
        "segment_index": 87
      },
      {
        "cache_owner": "q0",
        "epic_prefix_rows": [
          0,
          1
        ],
        "fingerprint": "70b457c38f944354",
        "length": 256,
        "owner_tier": 0,
        "request": "q3",
        "segment_index": 88
      },
      {
        "cache_owner": "q0",
        "epic_prefix_rows": [
          0,
          1
        ],
        "fingerprint": "e2614c2dedf4cf58",
        "length": 256,
        "owner_tier": 0,
        "request": "q3",
        "segment_index": 89
      },
      {
        "cache_owner": "q0",
        "epic_prefix_rows": [
          0,
          1
        ],
        "fingerprint": "b1ab14bf7fe90b52",
        "length": 256,
        "owner_tier": 0,
        "request": "q3",
        "segment_index": 90
      },
      {
        "cache_owner": "q0",
        "epic_prefix_rows": [
          0,
          1
        ],
        "fingerprint": "19b2326032573ee0",
        "length": 256,
        "owner_tier": 0,
        "request": "q3",
        "segment_index": 91
      },
      {
        "cache_owner": "q0",
        "epic_prefix_rows": [
          0,
          1
        ],
        "fingerprint": "f97f30f9dca3b30d",
        "length": 256,
        "owner_tier": 0,
        "request": "q3",
        "segment_index": 92
      },
      {
        "cache_owner": "q0",
        "epic_prefix_rows": [
          0,
          1
        ],
        "fingerprint": "9b66baa8d351f5fb",
        "length": 256,
        "owner_tier": 0,
        "request": "q3",
        "segment_index": 93
      },
      {
        "cache_owner": "q1",
        "epic_prefix_rows": [
          0,
          1
        ],
        "fingerprint": "1393d94e264cb21d",
        "length": 256,
        "owner_tier": 0,
        "request": "q3",
        "segment_index": 94
      },
      {
        "cache_owner": "q10",
        "epic_prefix_rows": [
          0,
          1
        ],
        "fingerprint": "5994a888fff74396",
        "length": 256,
        "owner_tier": 0,
        "request": "q3",
        "segment_index": 95
      },
      {
        "cache_owner": "q10",
        "epic_prefix_rows": [
          0,
          1
        ],
        "fingerprint": "7340d25484ecfb18",
        "length": 256,
        "owner_tier": 0,
        "request": "q3",
        "segment_index": 96
      },
      {
        "cache_owner": "q0",
        "epic_prefix_rows": [],
        "fingerprint": "b4818fcedac6bc88",
        "length": 300,
        "owner_tier": 0,
        "request": "q4",
        "segment_index": 0
      },
      {
        "cache_owner": "q0",
        "epic_prefix_rows": [
          0,
          1
        ],
        "fingerprint": "914756b1ef8c4266",
        "length": 256,
        "owner_tier": 0,
        "request": "q4",
        "segment_index": 1
      },
      {
        "cache_owner": "q0",
        "epic_prefix_rows": [
          0,
          1
        ],
        "fingerprint": "f80c33b8ee010c22",
        "length": 256,
        "owner_tier": 0,
        "request": "q4",
        "segment_index": 2
      },
      {
        "cache_owner": "q0",
        "epic_prefix_rows": [
          0,
          1
        ],
        "fingerprint": "a5918e4687c97f7e",
        "length": 256,
        "owner_tier": 0,
        "request": "q4",
        "segment_index": 3
      },
      {
        "cache_owner": "q0",
        "epic_prefix_rows": [
          0,
          1
        ],
        "fingerprint": "2b4e7732607841e2",
        "length": 256,
        "owner_tier": 0,
        "request": "q4",
        "segment_index": 4
      },
      {
        "cache_owner": "q0",
        "epic_prefix_rows": [
          0,
          1
        ],
        "fingerprint": "9e4aeb4914ddd394",
        "length": 256,
        "owner_tier": 0,
        "request": "q4",
        "segment_index": 5
      },
      {
        "cache_owner": "q0",
        "epic_prefix_rows": [
          0,
          1
        ],
        "fingerprint": "6334e6823b55d024",
        "length": 256,
        "owner_tier": 0,
        "request": "q4",
        "segment_index": 6
      },
      {
        "cache_owner": "q0",
        "epic_prefix_rows": [
          0,
          1
        ],
        "fingerprint": "307e02ba0c9c8db6",
        "length": 256,
        "owner_tier": 0,
        "request": "q4",
        "segment_index": 7
      },
      {
        "cache_owner": "q0",
        "epic_prefix_rows": [
          0,
          1
        ],
        "fingerprint": "d8e088676ac0e994",
        "length": 256,
        "owner_tier": 0,
        "request": "q4",
        "segment_index": 8
      },
      {
        "cache_owner": "q0",
        "epic_prefix_rows": [
          0,
          1
        ],
        "fingerprint": "eba00dddf332f864",
        "length": 256,
        "owner_tier": 0,
        "request": "q4",
        "segment_index": 9
      },
      {
        "cache_owner": "q0",
        "epic_prefix_rows": [
          0,
          1
        ],
        "fingerprint": "16ff367edf27a427",
        "length": 256,
        "owner_tier": 0,
        "request": "q4",
        "segment_index": 10
      },
      {
        "cache_owner": "q0",
        "epic_prefix_rows": [
          0,
          1
        ],
        "fingerprint": "544559610dd737d8",
        "length": 256,
        "owner_tier": 0,
        "request": "q4",
        "segment_index": 11
      },
      {
        "cache_owner": "q0",
        "epic_prefix_rows": [
          0,
          1
        ],
        "fingerprint": "719d4f68cfcda7af",
        "length": 256,
        "owner_tier": 0,
        "request": "q4",
        "segment_index": 12
      },
      {
        "cache_owner": "q0",
        "epic_prefix_rows": [
          0,
          1
        ],
        "fingerprint": "de2eea82f07af94b",
        "length": 256,
        "owner_tier": 0,
        "request": "q4",
        "segment_index": 13
      },
      {
        "cache_owner": "q0",
        "epic_prefix_rows": [
          0,
          1
        ],
        "fingerprint": "3df9fb747ee9b3ed",
        "length": 256,
        "owner_tier": 0,
        "request": "q4",
        "segment_index": 14
      },
      {
        "cache_owner": "q0",
        "epic_prefix_rows": [
          0,
          1
        ],
        "fingerprint": "d84e94f761d8f171",
        "length": 256,
        "owner_tier": 0,
        "request": "q4",
        "segment_index": 15
      },
      {
        "cache_owner": "q0",
        "epic_prefix_rows": [
          0,
          1
        ],
        "fingerprint": "e69c516fc2d68c1b",
        "length": 256,
        "owner_tier": 0,
        "request": "q4",
        "segment_index": 16
      },
      {
        "cache_owner": "q0",
        "epic_prefix_rows": [
          0,
          1
        ],
        "fingerprint": "d679790103e8c53b",
        "length": 256,
        "owner_tier": 0,
        "request": "q4",
        "segment_index": 17
      },
      {
        "cache_owner": "q0",
        "epic_prefix_rows": [
          0,
          1
        ],
        "fingerprint": "ef9219752ae977de",
        "length": 256,
        "owner_tier": 0,
        "request": "q4",
        "segment_index": 18
      },
      {
        "cache_owner": "q0",
        "epic_prefix_rows": [
          0,
          1
        ],
        "fingerprint": "804751a4de0897b1",
        "length": 256,
        "owner_tier": 0,
        "request": "q4",
        "segment_index": 19
      },
      {
        "cache_owner": "q0",
        "epic_prefix_rows": [
          0,
          1
        ],
        "fingerprint": "408f7199c5ad6444",
        "length": 256,
        "owner_tier": 0,
        "request": "q4",
        "segment_index": 20
      },
      {
        "cache_owner": "q0",
        "epic_prefix_rows": [
          0,
          1
        ],
        "fingerprint": "0b61bf84de13cf6f",
        "length": 256,
        "owner_tier": 0,
        "request": "q4",
        "segment_index": 21
      },
      {
        "cache_owner": "q0",
        "epic_prefix_rows": [
          0,
          1
        ],
        "fingerprint": "f4cf28fc5b71edf3",
        "length": 256,
        "owner_tier": 0,
        "request": "q4",
        "segment_index": 22
      },
      {
        "cache_owner": "q0",
        "epic_prefix_rows": [
          0,
          1
        ],
        "fingerprint": "f4fdd0e52e878abf",
        "length": 256,
        "owner_tier": 0,
        "request": "q4",
        "segment_index": 23
      },
      {
        "cache_owner": "q0",
        "epic_prefix_rows": [
          0,
          1
        ],
        "fingerprint": "7ba29ac00739c4ea",
        "length": 256,
        "owner_tier": 0,
        "request": "q4",
        "segment_index": 24
      },
      {
        "cache_owner": "q0",
        "epic_prefix_rows": [
          0,
          1
        ],
        "fingerprint": "6c5246339cc01ead",
        "length": 256,
        "owner_tier": 0,
        "request": "q4",
        "segment_index": 25
      },
      {
        "cache_owner": "q0",
        "epic_prefix_rows": [
          0,
          1
        ],
        "fingerprint": "3e13ea33ffd365d2",
        "length": 256,
        "owner_tier": 0,
        "request": "q4",
        "segment_index": 26
      },
      {
        "cache_owner": "q0",
        "epic_prefix_rows": [
          0,
          1
        ],
        "fingerprint": "97a85315f7478ed8",
        "length": 256,
        "owner_tier": 0,
        "request": "q4",
        "segment_index": 27
      },
      {
        "cache_owner": "q0",
        "epic_prefix_rows": [
          0,
          1
        ],
        "fingerprint": "e2f20e8d23ad1f3c",
        "length": 256,
        "owner_tier": 0,
        "request": "q4",
        "segment_index": 28
      },
      {
        "cache_owner": "q0",
        "epic_prefix_rows": [
          0,
          1
        ],
        "fingerprint": "0d5323d6441850a7",
        "length": 256,
        "owner_tier": 0,
        "request": "q4",
        "segment_index": 29
      },
      {
        "cache_owner": "q0",
        "epic_prefix_rows": [
          0,
          1
        ],
        "fingerprint": "2bbeefee3ca77394",
        "length": 256,
        "owner_tier": 0,
        "request": "q4",
        "segment_index": 30
      },
      {
        "cache_owner": "q0",
        "epic_prefix_rows": [
          0,
          1
        ],
        "fingerprint": "28b214a69646c775",
        "length": 256,
        "owner_tier": 0,
        "request": "q4",
        "segment_index": 31
      },
      {
        "cache_owner": "q0",
        "epic_prefix_rows": [
          0,
          1
        ],
        "fingerprint": "196ab37f68eb91dd",
        "length": 256,
        "owner_tier": 0,
        "request": "q4",
        "segment_index": 32
      },
      {
        "cache_owner": "q0",
        "epic_prefix_rows": [
          0,
          1
        ],
        "fingerprint": "b289731a6de14025",
        "length": 256,
        "owner_tier": 0,
        "request": "q4",
        "segment_index": 33
      },
      {
        "cache_owner": "q0",
        "epic_prefix_rows": [
          0,
          1
        ],
        "fingerprint": "1fd8287b40b3ef05",
        "length": 256,
        "owner_tier": 0,
        "request": "q4",
        "segment_index": 34
      },
      {
        "cache_owner": "q0",
        "epic_prefix_rows": [
          0,
          1
        ],
        "fingerprint": "d655032a50b311c0",
        "length": 256,
        "owner_tier": 0,
        "request": "q4",
        "segment_index": 35
      },
      {
        "cache_owner": "q0",
        "epic_prefix_rows": [
          0,
          1
        ],
        "fingerprint": "68aa33941aec615e",
        "length": 256,
        "owner_tier": 0,
        "request": "q4",
        "segment_index": 36
      },
      {
        "cache_owner": "q0",
        "epic_prefix_rows": [
          0,
          1
        ],
        "fingerprint": "57edc36f5adb4077",
        "length": 256,
        "owner_tier": 0,
        "request": "q4",
        "segment_index": 37
      },
      {
        "cache_owner": "q0",
        "epic_prefix_rows": [
          0,
          1
        ],
        "fingerprint": "060fe3cc81c4e614",
        "length": 256,
        "owner_tier": 0,
        "request": "q4",
        "segment_index": 38
      },
      {
        "cache_owner": "q0",
        "epic_prefix_rows": [
          0,
          1
        ],
        "fingerprint": "2c3a90bf49014087",
        "length": 256,
        "owner_tier": 0,
        "request": "q4",
        "segment_index": 39
      },
      {
        "cache_owner": "q0",
        "epic_prefix_rows": [
          0,
          1
        ],
        "fingerprint": "b8b19851f0e91e8b",
        "length": 256,
        "owner_tier": 0,
        "request": "q4",
        "segment_index": 40
      },
      {
        "cache_owner": "q0",
        "epic_prefix_rows": [
          0,
          1
        ],
        "fingerprint": "0a24aa246267ca70",
        "length": 256,
        "owner_tier": 0,
        "request": "q4",
        "segment_index": 41
      },
      {
        "cache_owner": "q0",
        "epic_prefix_rows": [
          0,
          1
        ],
        "fingerprint": "39982a5ac106dc56",
        "length": 256,
        "owner_tier": 0,
        "request": "q4",
        "segment_index": 42
      },
      {
        "cache_owner": "q0",
        "epic_prefix_rows": [
          0,
          1
        ],
        "fingerprint": "5b4fec5265577019",
        "length": 256,
        "owner_tier": 0,
        "request": "q4",
        "segment_index": 43
      },
      {
        "cache_owner": "q0",
        "epic_prefix_rows": [
          0,
          1
        ],
        "fingerprint": "31754f310cc87cb9",
        "length": 256,
        "owner_tier": 0,
        "request": "q4",
        "segment_index": 44
      },
      {
        "cache_owner": "q0",
        "epic_prefix_rows": [
          0,
          1
        ],
        "fingerprint": "17914e14c68c53c7",
        "length": 256,
        "owner_tier": 0,
        "request": "q4",
        "segment_index": 45
      },
      {
        "cache_owner": "q0",
        "epic_prefix_rows": [
          0,
          1
        ],
        "fingerprint": "0d5ec49d1bd3dfc2",
        "length": 256,
        "owner_tier": 0,
        "request": "q4",
        "segment_index": 46
      },
      {
        "cache_owner": "q0",
        "epic_prefix_rows": [
          0,
          1
        ],
        "fingerprint": "c8ca1ee28f153785",
        "length": 256,
        "owner_tier": 0,
        "request": "q4",
        "segment_index": 47
      },
      {
        "cache_owner": "q0",
        "epic_prefix_rows": [
          0,
          1
        ],
        "fingerprint": "d2d59fe199246a8a",
        "length": 256,
        "owner_tier": 0,
        "request": "q4",
        "segment_index": 48
      },
      {
        "cache_owner": "q0",
        "epic_prefix_rows": [
          0,
          1
        ],
        "fingerprint": "f8c3ac43031f479d",
        "length": 256,
        "owner_tier": 0,
        "request": "q4",
        "segment_index": 49
      },
      {
        "cache_owner": "q0",
        "epic_prefix_rows": [
          0,
          1
        ],
        "fingerprint": "1a0ba2ae3b5af048",
        "length": 256,
        "owner_tier": 0,
        "request": "q4",
        "segment_index": 50
      },
      {
        "cache_owner": "q0",
        "epic_prefix_rows": [
          0,
          1
        ],
        "fingerprint": "4efa77b98545d7f9",
        "length": 256,
        "owner_tier": 0,
        "request": "q4",
        "segment_index": 51
      },
      {
        "cache_owner": "q0",
        "epic_prefix_rows": [
          0,
          1
        ],
        "fingerprint": "e8daa9461adadb50",
        "length": 256,
        "owner_tier": 0,
        "request": "q4",
        "segment_index": 52
      },
      {
        "cache_owner": "q0",
        "epic_prefix_rows": [
          0,
          1
        ],
        "fingerprint": "27676fe4288b5092",
        "length": 256,
        "owner_tier": 0,
        "request": "q4",
        "segment_index": 53
      },
      {
        "cache_owner": "q0",
        "epic_prefix_rows": [
          0,
          1
        ],
        "fingerprint": "4628056629d21f29",
        "length": 256,
        "owner_tier": 0,
        "request": "q4",
        "segment_index": 54
      },
      {
        "cache_owner": "q0",
        "epic_prefix_rows": [
          0,
          1
        ],
        "fingerprint": "9e222200b410e430",
        "length": 256,
        "owner_tier": 0,
        "request": "q4",
        "segment_index": 55
      },
      {
        "cache_owner": "q0",
        "epic_prefix_rows": [
          0,
          1
        ],
        "fingerprint": "7753df1b6f8c9278",
        "length": 256,
        "owner_tier": 0,
        "request": "q4",
        "segment_index": 56
      },
      {
        "cache_owner": "q0",
        "epic_prefix_rows": [
          0,
          1
        ],
        "fingerprint": "2601f658cc5d3594",
        "length": 256,
        "owner_tier": 0,
        "request": "q4",
        "segment_index": 57
      },
      {
        "cache_owner": "q0",
        "epic_prefix_rows": [
          0,
          1
        ],
        "fingerprint": "27013d93d3fccf89",
        "length": 256,
        "owner_tier": 0,
        "request": "q4",
        "segment_index": 58
      },
      {
        "cache_owner": "q0",
        "epic_prefix_rows": [
          0,
          1
        ],
        "fingerprint": "6880baf09f037c19",
        "length": 256,
        "owner_tier": 0,
        "request": "q4",
        "segment_index": 59
      },
      {
        "cache_owner": "q0",
        "epic_prefix_rows": [
          0,
          1
        ],
        "fingerprint": "0724e17672a95b93",
        "length": 256,
        "owner_tier": 0,
        "request": "q4",
        "segment_index": 60
      },
      {
        "cache_owner": "q0",
        "epic_prefix_rows": [
          0,
          1
        ],
        "fingerprint": "e3c449fc4cd656ce",
        "length": 256,
        "owner_tier": 0,
        "request": "q4",
        "segment_index": 61
      },
      {
        "cache_owner": "q0",
        "epic_prefix_rows": [
          0,
          1
        ],
        "fingerprint": "274f7d8aacaccf25",
        "length": 256,
        "owner_tier": 0,
        "request": "q4",
        "segment_index": 62
      },
      {
        "cache_owner": "q0",
        "epic_prefix_rows": [
          0,
          1
        ],
        "fingerprint": "146a74171fc8e908",
        "length": 256,
        "owner_tier": 0,
        "request": "q4",
        "segment_index": 63
      },
      {
        "cache_owner": "q0",
        "epic_prefix_rows": [
          0,
          1
        ],
        "fingerprint": "56421c8602f059e6",
        "length": 256,
        "owner_tier": 0,
        "request": "q4",
        "segment_index": 64
      },
      {
        "cache_owner": "q0",
        "epic_prefix_rows": [
          0,
          1
        ],
        "fingerprint": "357ad2bb54f67a0c",
        "length": 256,
        "owner_tier": 0,
        "request": "q4",
        "segment_index": 65
      },
      {
        "cache_owner": "q0",
        "epic_prefix_rows": [
          0,
          1
        ],
        "fingerprint": "008b81b4d6caa9c9",
        "length": 256,
        "owner_tier": 0,
        "request": "q4",
        "segment_index": 66
      },
      {
        "cache_owner": "q0",
        "epic_prefix_rows": [
          0,
          1
        ],
        "fingerprint": "189f6cf46a89a8af",
        "length": 256,
        "owner_tier": 0,
        "request": "q4",
        "segment_index": 67
      },
      {
        "cache_owner": "q0",
        "epic_prefix_rows": [
          0,
          1
        ],
        "fingerprint": "7ee8a980cd5e73db",
        "length": 256,
        "owner_tier": 0,
        "request": "q4",
        "segment_index": 68
      },
      {
        "cache_owner": "q0",
        "epic_prefix_rows": [
          0,
          1
        ],
        "fingerprint": "1e09fc3aa312bedf",
        "length": 256,
        "owner_tier": 0,
        "request": "q4",
        "segment_index": 69
      },
      {
        "cache_owner": "q0",
        "epic_prefix_rows": [
          0,
          1
        ],
        "fingerprint": "e83ba334f98641d8",
        "length": 256,
        "owner_tier": 0,
        "request": "q4",
        "segment_index": 70
      },
      {
        "cache_owner": "q0",
        "epic_prefix_rows": [
          0,
          1
        ],
        "fingerprint": "93ff15fd417be171",
        "length": 256,
        "owner_tier": 0,
        "request": "q4",
        "segment_index": 71
      },
      {
        "cache_owner": "q0",
        "epic_prefix_rows": [
          0,
          1
        ],
        "fingerprint": "014c9a04b4e916be",
        "length": 256,
        "owner_tier": 0,
        "request": "q4",
        "segment_index": 72
      },
      {
        "cache_owner": "q0",
        "epic_prefix_rows": [
          0,
          1
        ],
        "fingerprint": "84398fc658db81a5",
        "length": 256,
        "owner_tier": 0,
        "request": "q4",
        "segment_index": 73
      },
      {
        "cache_owner": "q0",
        "epic_prefix_rows": [
          0,
          1
        ],
        "fingerprint": "05d534e6a81b4210",
        "length": 256,
        "owner_tier": 0,
        "request": "q4",
        "segment_index": 74
      },
      {
        "cache_owner": "q0",
        "epic_prefix_rows": [
          0,
          1
        ],
        "fingerprint": "8c41295e89de23e3",
        "length": 256,
        "owner_tier": 0,
        "request": "q4",
        "segment_index": 75
      },
      {
        "cache_owner": "q0",
        "epic_prefix_rows": [
          0,
          1
        ],
        "fingerprint": "0d6ee10e10def3d2",
        "length": 256,
        "owner_tier": 0,
        "request": "q4",
        "segment_index": 76
      },
      {
        "cache_owner": "q0",
        "epic_prefix_rows": [
          0,
          1
        ],
        "fingerprint": "c1807afb81a20f51",
        "length": 256,
        "owner_tier": 0,
        "request": "q4",
        "segment_index": 77
      },
      {
        "cache_owner": "q0",
        "epic_prefix_rows": [
          0,
          1
        ],
        "fingerprint": "931d7f5b83731cc7",
        "length": 256,
        "owner_tier": 0,
        "request": "q4",
        "segment_index": 78
      },
      {
        "cache_owner": "q0",
        "epic_prefix_rows": [
          0,
          1
        ],
        "fingerprint": "de3ba4f43ce3a094",
        "length": 256,
        "owner_tier": 0,
        "request": "q4",
        "segment_index": 79
      },
      {
        "cache_owner": "q0",
        "epic_prefix_rows": [
          0,
          1
        ],
        "fingerprint": "549b6eeef884e61d",
        "length": 256,
        "owner_tier": 0,
        "request": "q4",
        "segment_index": 80
      },
      {
        "cache_owner": "q0",
        "epic_prefix_rows": [
          0,
          1
        ],
        "fingerprint": "8f21a2b7cbc6a1cc",
        "length": 256,
        "owner_tier": 0,
        "request": "q4",
        "segment_index": 81
      },
      {
        "cache_owner": "q0",
        "epic_prefix_rows": [
          0,
          1
        ],
        "fingerprint": "3327eb88b326572c",
        "length": 256,
        "owner_tier": 0,
        "request": "q4",
        "segment_index": 82
      },
      {
        "cache_owner": "q0",
        "epic_prefix_rows": [
          0,
          1
        ],
        "fingerprint": "828afffd0287a7fd",
        "length": 256,
        "owner_tier": 0,
        "request": "q4",
        "segment_index": 83
      },
      {
        "cache_owner": "q0",
        "epic_prefix_rows": [
          0,
          1
        ],
        "fingerprint": "2e40f41c46618477",
        "length": 256,
        "owner_tier": 0,
        "request": "q4",
        "segment_index": 84
      },
      {
        "cache_owner": "q0",
        "epic_prefix_rows": [
          0,
          1
        ],
        "fingerprint": "38fd9d00b6d09b58",
        "length": 256,
        "owner_tier": 0,
        "request": "q4",
        "segment_index": 85
      },
      {
        "cache_owner": "q0",
        "epic_prefix_rows": [
          0,
          1
        ],
        "fingerprint": "01ef803e6ca17df7",
        "length": 256,
        "owner_tier": 0,
        "request": "q4",
        "segment_index": 86
      },
      {
        "cache_owner": "q0",
        "epic_prefix_rows": [
          0,
          1
        ],
        "fingerprint": "70b457c38f944354",
        "length": 256,
        "owner_tier": 0,
        "request": "q4",
        "segment_index": 87
      },
      {
        "cache_owner": "q0",
        "epic_prefix_rows": [
          0,
          1
        ],
        "fingerprint": "e2614c2dedf4cf58",
        "length": 256,
        "owner_tier": 0,
        "request": "q4",
        "segment_index": 88
      },
      {
        "cache_owner": "q0",
        "epic_prefix_rows": [
          0,
          1
        ],
        "fingerprint": "b1ab14bf7fe90b52",
        "length": 256,
        "owner_tier": 0,
        "request": "q4",
        "segment_index": 89
      },
      {
        "cache_owner": "q0",
        "epic_prefix_rows": [
          0,
          1
        ],
        "fingerprint": "19b2326032573ee0",
        "length": 256,
        "owner_tier": 0,
        "request": "q4",
        "segment_index": 90
      },
      {
        "cache_owner": "q0",
        "epic_prefix_rows": [
          0,
          1
        ],
        "fingerprint": "f97f30f9dca3b30d",
        "length": 256,
        "owner_tier": 0,
        "request": "q4",
        "segment_index": 91
      },
      {
        "cache_owner": "q0",
        "epic_prefix_rows": [
          0,
          1
        ],
        "fingerprint": "9b66baa8d351f5fb",
        "length": 256,
        "owner_tier": 0,
        "request": "q4",
        "segment_index": 92
      },
      {
        "cache_owner": "q1",
        "epic_prefix_rows": [
          0,
          1
        ],
        "fingerprint": "1393d94e264cb21d",
        "length": 256,
        "owner_tier": 0,
        "request": "q4",
        "segment_index": 93
      },
      {
        "cache_owner": "q10",
        "epic_prefix_rows": [
          0,
          1
        ],
        "fingerprint": "5994a888fff74396",
        "length": 256,
        "owner_tier": 0,
        "request": "q4",
        "segment_index": 94
      },
      {
        "cache_owner": "q10",
        "epic_prefix_rows": [
          0,
          1
        ],
        "fingerprint": "7340d25484ecfb18",
        "length": 256,
        "owner_tier": 0,
        "request": "q4",
        "segment_index": 95
      },
      {
        "cache_owner": "q10",
        "epic_prefix_rows": [
          0,
          1
        ],
        "fingerprint": "6a4062e9346a79d0",
        "length": 256,
        "owner_tier": 0,
        "request": "q4",
        "segment_index": 96
      },
      {
        "cache_owner": "q0",
        "epic_prefix_rows": [],
        "fingerprint": "b4818fcedac6bc88",
        "length": 300,
        "owner_tier": 0,
        "request": "q5",
        "segment_index": 0
      },
      {
        "cache_owner": "q0",
        "epic_prefix_rows": [
          0,
          1
        ],
        "fingerprint": "f80c33b8ee010c22",
        "length": 256,
        "owner_tier": 0,
        "request": "q5",
        "segment_index": 1
      },
      {
        "cache_owner": "q0",
        "epic_prefix_rows": [
          0,
          1
        ],
        "fingerprint": "a5918e4687c97f7e",
        "length": 256,
        "owner_tier": 0,
        "request": "q5",
        "segment_index": 2
      },
      {
        "cache_owner": "q0",
        "epic_prefix_rows": [
          0,
          1
        ],
        "fingerprint": "2b4e7732607841e2",
        "length": 256,
        "owner_tier": 0,
        "request": "q5",
        "segment_index": 3
      },
      {
        "cache_owner": "q0",
        "epic_prefix_rows": [
          0,
          1
        ],
        "fingerprint": "9e4aeb4914ddd394",
        "length": 256,
        "owner_tier": 0,
        "request": "q5",
        "segment_index": 4
      },
      {
        "cache_owner": "q0",
        "epic_prefix_rows": [
          0,
          1
        ],
        "fingerprint": "6334e6823b55d024",
        "length": 256,
        "owner_tier": 0,
        "request": "q5",
        "segment_index": 5
      },
      {
        "cache_owner": "q0",
        "epic_prefix_rows": [
          0,
          1
        ],
        "fingerprint": "307e02ba0c9c8db6",
        "length": 256,
        "owner_tier": 0,
        "request": "q5",
        "segment_index": 6
      },
      {
        "cache_owner": "q0",
        "epic_prefix_rows": [
          0,
          1
        ],
        "fingerprint": "d8e088676ac0e994",
        "length": 256,
        "owner_tier": 0,
        "request": "q5",
        "segment_index": 7
      },
      {
        "cache_owner": "q0",
        "epic_prefix_rows": [
          0,
          1
        ],
        "fingerprint": "eba00dddf332f864",
        "length": 256,
        "owner_tier": 0,
        "request": "q5",
        "segment_index": 8
      },
      {
        "cache_owner": "q0",
        "epic_prefix_rows": [
          0,
          1
        ],
        "fingerprint": "16ff367edf27a427",
        "length": 256,
        "owner_tier": 0,
        "request": "q5",
        "segment_index": 9
      },
      {
        "cache_owner": "q0",
        "epic_prefix_rows": [
          0,
          1
        ],
        "fingerprint": "544559610dd737d8",
        "length": 256,
        "owner_tier": 0,
        "request": "q5",
        "segment_index": 10
      },
      {
        "cache_owner": "q0",
        "epic_prefix_rows": [
          0,
          1
        ],
        "fingerprint": "719d4f68cfcda7af",
        "length": 256,
        "owner_tier": 0,
        "request": "q5",
        "segment_index": 11
      },
      {
        "cache_owner": "q0",
        "epic_prefix_rows": [
          0,
          1
        ],
        "fingerprint": "de2eea82f07af94b",
        "length": 256,
        "owner_tier": 0,
        "request": "q5",
        "segment_index": 12
      },
      {
        "cache_owner": "q0",
        "epic_prefix_rows": [
          0,
          1
        ],
        "fingerprint": "3df9fb747ee9b3ed",
        "length": 256,
        "owner_tier": 0,
        "request": "q5",
        "segment_index": 13
      },
      {
        "cache_owner": "q0",
        "epic_prefix_rows": [
          0,
          1
        ],
        "fingerprint": "d84e94f761d8f171",
        "length": 256,
        "owner_tier": 0,
        "request": "q5",
        "segment_index": 14
      },
      {
        "cache_owner": "q0",
        "epic_prefix_rows": [
          0,
          1
        ],
        "fingerprint": "e69c516fc2d68c1b",
        "length": 256,
        "owner_tier": 0,
        "request": "q5",
        "segment_index": 15
      },
      {
        "cache_owner": "q0",
        "epic_prefix_rows": [
          0,
          1
        ],
        "fingerprint": "d679790103e8c53b",
        "length": 256,
        "owner_tier": 0,
        "request": "q5",
        "segment_index": 16
      },
      {
        "cache_owner": "q0",
        "epic_prefix_rows": [
          0,
          1
        ],
        "fingerprint": "ef9219752ae977de",
        "length": 256,
        "owner_tier": 0,
        "request": "q5",
        "segment_index": 17
      },
      {
        "cache_owner": "q0",
        "epic_prefix_rows": [
          0,
          1
        ],
        "fingerprint": "804751a4de0897b1",
        "length": 256,
        "owner_tier": 0,
        "request": "q5",
        "segment_index": 18
      },
      {
        "cache_owner": "q0",
        "epic_prefix_rows": [
          0,
          1
        ],
        "fingerprint": "408f7199c5ad6444",
        "length": 256,
        "owner_tier": 0,
        "request": "q5",
        "segment_index": 19
      },
      {
        "cache_owner": "q0",
        "epic_prefix_rows": [
          0,
          1
        ],
        "fingerprint": "0b61bf84de13cf6f",
        "length": 256,
        "owner_tier": 0,
        "request": "q5",
        "segment_index": 20
      },
      {
        "cache_owner": "q0",
        "epic_prefix_rows": [
          0,
          1
        ],
        "fingerprint": "f4cf28fc5b71edf3",
        "length": 256,
        "owner_tier": 0,
        "request": "q5",
        "segment_index": 21
      },
      {
        "cache_owner": "q0",
        "epic_prefix_rows": [
          0,
          1
        ],
        "fingerprint": "f4fdd0e52e878abf",
        "length": 256,
        "owner_tier": 0,
        "request": "q5",
        "segment_index": 22
      },
      {
        "cache_owner": "q0",
        "epic_prefix_rows": [
          0,
          1
        ],
        "fingerprint": "7ba29ac00739c4ea",
        "length": 256,
        "owner_tier": 0,
        "request": "q5",
        "segment_index": 23
      },
      {
        "cache_owner": "q0",
        "epic_prefix_rows": [
          0,
          1
        ],
        "fingerprint": "6c5246339cc01ead",
        "length": 256,
        "owner_tier": 0,
        "request": "q5",
        "segment_index": 24
      },
      {
        "cache_owner": "q0",
        "epic_prefix_rows": [
          0,
          1
        ],
        "fingerprint": "3e13ea33ffd365d2",
        "length": 256,
        "owner_tier": 0,
        "request": "q5",
        "segment_index": 25
      },
      {
        "cache_owner": "q0",
        "epic_prefix_rows": [
          0,
          1
        ],
        "fingerprint": "97a85315f7478ed8",
        "length": 256,
        "owner_tier": 0,
        "request": "q5",
        "segment_index": 26
      },
      {
        "cache_owner": "q0",
        "epic_prefix_rows": [
          0,
          1
        ],
        "fingerprint": "e2f20e8d23ad1f3c",
        "length": 256,
        "owner_tier": 0,
        "request": "q5",
        "segment_index": 27
      },
      {
        "cache_owner": "q0",
        "epic_prefix_rows": [
          0,
          1
        ],
        "fingerprint": "0d5323d6441850a7",
        "length": 256,
        "owner_tier": 0,
        "request": "q5",
        "segment_index": 28
      },
      {
        "cache_owner": "q0",
        "epic_prefix_rows": [
          0,
          1
        ],
        "fingerprint": "2bbeefee3ca77394",
        "length": 256,
        "owner_tier": 0,
        "request": "q5",
        "segment_index": 29
      },
      {
        "cache_owner": "q0",
        "epic_prefix_rows": [
          0,
          1
        ],
        "fingerprint": "28b214a69646c775",
        "length": 256,
        "owner_tier": 0,
        "request": "q5",
        "segment_index": 30
      },
      {
        "cache_owner": "q0",
        "epic_prefix_rows": [
          0,
          1
        ],
        "fingerprint": "196ab37f68eb91dd",
        "length": 256,
        "owner_tier": 0,
        "request": "q5",
        "segment_index": 31
      },
      {
        "cache_owner": "q0",
        "epic_prefix_rows": [
          0,
          1
        ],
        "fingerprint": "b289731a6de14025",
        "length": 256,
        "owner_tier": 0,
        "request": "q5",
        "segment_index": 32
      },
      {
        "cache_owner": "q0",
        "epic_prefix_rows": [
          0,
          1
        ],
        "fingerprint": "1fd8287b40b3ef05",
        "length": 256,
        "owner_tier": 0,
        "request": "q5",
        "segment_index": 33
      },
      {
        "cache_owner": "q0",
        "epic_prefix_rows": [
          0,
          1
        ],
        "fingerprint": "d655032a50b311c0",
        "length": 256,
        "owner_tier": 0,
        "request": "q5",
        "segment_index": 34
      },
      {
        "cache_owner": "q0",
        "epic_prefix_rows": [
          0,
          1
        ],
        "fingerprint": "68aa33941aec615e",
        "length": 256,
        "owner_tier": 0,
        "request": "q5",
        "segment_index": 35
      },
      {
        "cache_owner": "q0",
        "epic_prefix_rows": [
          0,
          1
        ],
        "fingerprint": "57edc36f5adb4077",
        "length": 256,
        "owner_tier": 0,
        "request": "q5",
        "segment_index": 36
      },
      {
        "cache_owner": "q0",
        "epic_prefix_rows": [
          0,
          1
        ],
        "fingerprint": "060fe3cc81c4e614",
        "length": 256,
        "owner_tier": 0,
        "request": "q5",
        "segment_index": 37
      },
      {
        "cache_owner": "q0",
        "epic_prefix_rows": [
          0,
          1
        ],
        "fingerprint": "2c3a90bf49014087",
        "length": 256,
        "owner_tier": 0,
        "request": "q5",
        "segment_index": 38
      },
      {
        "cache_owner": "q0",
        "epic_prefix_rows": [
          0,
          1
        ],
        "fingerprint": "b8b19851f0e91e8b",
        "length": 256,
        "owner_tier": 0,
        "request": "q5",
        "segment_index": 39
      },
      {
        "cache_owner": "q0",
        "epic_prefix_rows": [
          0,
          1
        ],
        "fingerprint": "0a24aa246267ca70",
        "length": 256,
        "owner_tier": 0,
        "request": "q5",
        "segment_index": 40
      },
      {
        "cache_owner": "q0",
        "epic_prefix_rows": [
          0,
          1
        ],
        "fingerprint": "39982a5ac106dc56",
        "length": 256,
        "owner_tier": 0,
        "request": "q5",
        "segment_index": 41
      },
      {
        "cache_owner": "q0",
        "epic_prefix_rows": [
          0,
          1
        ],
        "fingerprint": "5b4fec5265577019",
        "length": 256,
        "owner_tier": 0,
        "request": "q5",
        "segment_index": 42
      },
      {
        "cache_owner": "q0",
        "epic_prefix_rows": [
          0,
          1
        ],
        "fingerprint": "31754f310cc87cb9",
        "length": 256,
        "owner_tier": 0,
        "request": "q5",
        "segment_index": 43
      },
      {
        "cache_owner": "q0",
        "epic_prefix_rows": [
          0,
          1
        ],
        "fingerprint": "17914e14c68c53c7",
        "length": 256,
        "owner_tier": 0,
        "request": "q5",
        "segment_index": 44
      },
      {
        "cache_owner": "q0",
        "epic_prefix_rows": [
          0,
          1
        ],
        "fingerprint": "0d5ec49d1bd3dfc2",
        "length": 256,
        "owner_tier": 0,
        "request": "q5",
        "segment_index": 45
      },
      {
        "cache_owner": "q0",
        "epic_prefix_rows": [
          0,
          1
        ],
        "fingerprint": "c8ca1ee28f153785",
        "length": 256,
        "owner_tier": 0,
        "request": "q5",
        "segment_index": 46
      },
      {
        "cache_owner": "q0",
        "epic_prefix_rows": [
          0,
          1
        ],
        "fingerprint": "d2d59fe199246a8a",
        "length": 256,
        "owner_tier": 0,
        "request": "q5",
        "segment_index": 47
      },
      {
        "cache_owner": "q0",
        "epic_prefix_rows": [
          0,
          1
        ],
        "fingerprint": "f8c3ac43031f479d",
        "length": 256,
        "owner_tier": 0,
        "request": "q5",
        "segment_index": 48
      },
      {
        "cache_owner": "q0",
        "epic_prefix_rows": [
          0,
          1
        ],
        "fingerprint": "1a0ba2ae3b5af048",
        "length": 256,
        "owner_tier": 0,
        "request": "q5",
        "segment_index": 49
      },
      {
        "cache_owner": "q0",
        "epic_prefix_rows": [
          0,
          1
        ],
        "fingerprint": "4efa77b98545d7f9",
        "length": 256,
        "owner_tier": 0,
        "request": "q5",
        "segment_index": 50
      },
      {
        "cache_owner": "q0",
        "epic_prefix_rows": [
          0,
          1
        ],
        "fingerprint": "e8daa9461adadb50",
        "length": 256,
        "owner_tier": 0,
        "request": "q5",
        "segment_index": 51
      },
      {
        "cache_owner": "q0",
        "epic_prefix_rows": [
          0,
          1
        ],
        "fingerprint": "27676fe4288b5092",
        "length": 256,
        "owner_tier": 0,
        "request": "q5",
        "segment_index": 52
      },
      {
        "cache_owner": "q0",
        "epic_prefix_rows": [
          0,
          1
        ],
        "fingerprint": "4628056629d21f29",
        "length": 256,
        "owner_tier": 0,
        "request": "q5",
        "segment_index": 53
      },
      {
        "cache_owner": "q0",
        "epic_prefix_rows": [
          0,
          1
        ],
        "fingerprint": "9e222200b410e430",
        "length": 256,
        "owner_tier": 0,
        "request": "q5",
        "segment_index": 54
      },
      {
        "cache_owner": "q0",
        "epic_prefix_rows": [
          0,
          1
        ],
        "fingerprint": "7753df1b6f8c9278",
        "length": 256,
        "owner_tier": 0,
        "request": "q5",
        "segment_index": 55
      },
      {
        "cache_owner": "q0",
        "epic_prefix_rows": [
          0,
          1
        ],
        "fingerprint": "2601f658cc5d3594",
        "length": 256,
        "owner_tier": 0,
        "request": "q5",
        "segment_index": 56
      },
      {
        "cache_owner": "q0",
        "epic_prefix_rows": [
          0,
          1
        ],
        "fingerprint": "27013d93d3fccf89",
        "length": 256,
        "owner_tier": 0,
        "request": "q5",
        "segment_index": 57
      },
      {
        "cache_owner": "q0",
        "epic_prefix_rows": [
          0,
          1
        ],
        "fingerprint": "6880baf09f037c19",
        "length": 256,
        "owner_tier": 0,
        "request": "q5",
        "segment_index": 58
      },
      {
        "cache_owner": "q0",
        "epic_prefix_rows": [
          0,
          1
        ],
        "fingerprint": "0724e17672a95b93",
        "length": 256,
        "owner_tier": 0,
        "request": "q5",
        "segment_index": 59
      },
      {
        "cache_owner": "q0",
        "epic_prefix_rows": [
          0,
          1
        ],
        "fingerprint": "e3c449fc4cd656ce",
        "length": 256,
        "owner_tier": 0,
        "request": "q5",
        "segment_index": 60
      },
      {
        "cache_owner": "q0",
        "epic_prefix_rows": [
          0,
          1
        ],
        "fingerprint": "274f7d8aacaccf25",
        "length": 256,
        "owner_tier": 0,
        "request": "q5",
        "segment_index": 61
      },
      {
        "cache_owner": "q0",
        "epic_prefix_rows": [
          0,
          1
        ],
        "fingerprint": "146a74171fc8e908",
        "length": 256,
        "owner_tier": 0,
        "request": "q5",
        "segment_index": 62
      },
      {
        "cache_owner": "q0",
        "epic_prefix_rows": [
          0,
          1
        ],
        "fingerprint": "56421c8602f059e6",
        "length": 256,
        "owner_tier": 0,
        "request": "q5",
        "segment_index": 63
      },
      {
        "cache_owner": "q0",
        "epic_prefix_rows": [
          0,
          1
        ],
        "fingerprint": "357ad2bb54f67a0c",
        "length": 256,
        "owner_tier": 0,
        "request": "q5",
        "segment_index": 64
      },
      {
        "cache_owner": "q0",
        "epic_prefix_rows": [
          0,
          1
        ],
        "fingerprint": "008b81b4d6caa9c9",
        "length": 256,
        "owner_tier": 0,
        "request": "q5",
        "segment_index": 65
      },
      {
        "cache_owner": "q0",
        "epic_prefix_rows": [
          0,
          1
        ],
        "fingerprint": "189f6cf46a89a8af",
        "length": 256,
        "owner_tier": 0,
        "request": "q5",
        "segment_index": 66
      },
      {
        "cache_owner": "q0",
        "epic_prefix_rows": [
          0,
          1
        ],
        "fingerprint": "7ee8a980cd5e73db",
        "length": 256,
        "owner_tier": 0,
        "request": "q5",
        "segment_index": 67
      },
      {
        "cache_owner": "q0",
        "epic_prefix_rows": [
          0,
          1
        ],
        "fingerprint": "1e09fc3aa312bedf",
        "length": 256,
        "owner_tier": 0,
        "request": "q5",
        "segment_index": 68
      },
      {
        "cache_owner": "q0",
        "epic_prefix_rows": [
          0,
          1
        ],
        "fingerprint": "e83ba334f98641d8",
        "length": 256,
        "owner_tier": 0,
        "request": "q5",
        "segment_index": 69
      },
      {
        "cache_owner": "q0",
        "epic_prefix_rows": [
          0,
          1
        ],
        "fingerprint": "93ff15fd417be171",
        "length": 256,
        "owner_tier": 0,
        "request": "q5",
        "segment_index": 70
      },
      {
        "cache_owner": "q0",
        "epic_prefix_rows": [
          0,
          1
        ],
        "fingerprint": "014c9a04b4e916be",
        "length": 256,
        "owner_tier": 0,
        "request": "q5",
        "segment_index": 71
      },
      {
        "cache_owner": "q0",
        "epic_prefix_rows": [
          0,
          1
        ],
        "fingerprint": "84398fc658db81a5",
        "length": 256,
        "owner_tier": 0,
        "request": "q5",
        "segment_index": 72
      },
      {
        "cache_owner": "q0",
        "epic_prefix_rows": [
          0,
          1
        ],
        "fingerprint": "05d534e6a81b4210",
        "length": 256,
        "owner_tier": 0,
        "request": "q5",
        "segment_index": 73
      },
      {
        "cache_owner": "q0",
        "epic_prefix_rows": [
          0,
          1
        ],
        "fingerprint": "8c41295e89de23e3",
        "length": 256,
        "owner_tier": 0,
        "request": "q5",
        "segment_index": 74
      },
      {
        "cache_owner": "q0",
        "epic_prefix_rows": [
          0,
          1
        ],
        "fingerprint": "0d6ee10e10def3d2",
        "length": 256,
        "owner_tier": 0,
        "request": "q5",
        "segment_index": 75
      },
      {
        "cache_owner": "q0",
        "epic_prefix_rows": [
          0,
          1
        ],
        "fingerprint": "c1807afb81a20f51",
        "length": 256,
        "owner_tier": 0,
        "request": "q5",
        "segment_index": 76
      },
      {
        "cache_owner": "q0",
        "epic_prefix_rows": [
          0,
          1
        ],
        "fingerprint": "931d7f5b83731cc7",
        "length": 256,
        "owner_tier": 0,
        "request": "q5",
        "segment_index": 77
      },
      {
        "cache_owner": "q0",
        "epic_prefix_rows": [
          0,
          1
        ],
        "fingerprint": "de3ba4f43ce3a094",
        "length": 256,
        "owner_tier": 0,
        "request": "q5",
        "segment_index": 78
      },
      {
        "cache_owner": "q0",
        "epic_prefix_rows": [
          0,
          1
        ],
        "fingerprint": "549b6eeef884e61d",
        "length": 256,
        "owner_tier": 0,
        "request": "q5",
        "segment_index": 79
      },
      {
        "cache_owner": "q0",
        "epic_prefix_rows": [
          0,
          1
        ],
        "fingerprint": "8f21a2b7cbc6a1cc",
        "length": 256,
        "owner_tier": 0,
        "request": "q5",
        "segment_index": 80
      },
      {
        "cache_owner": "q0",
        "epic_prefix_rows": [
          0,
          1
        ],
        "fingerprint": "3327eb88b326572c",
        "length": 256,
        "owner_tier": 0,
        "request": "q5",
        "segment_index": 81
      },
      {
        "cache_owner": "q0",
        "epic_prefix_rows": [
          0,
          1
        ],
        "fingerprint": "828afffd0287a7fd",
        "length": 256,
        "owner_tier": 0,
        "request": "q5",
        "segment_index": 82
      },
      {
        "cache_owner": "q0",
        "epic_prefix_rows": [
          0,
          1
        ],
        "fingerprint": "2e40f41c46618477",
        "length": 256,
        "owner_tier": 0,
        "request": "q5",
        "segment_index": 83
      },
      {
        "cache_owner": "q0",
        "epic_prefix_rows": [
          0,
          1
        ],
        "fingerprint": "38fd9d00b6d09b58",
        "length": 256,
        "owner_tier": 0,
        "request": "q5",
        "segment_index": 84
      },
      {
        "cache_owner": "q0",
        "epic_prefix_rows": [
          0,
          1
        ],
        "fingerprint": "01ef803e6ca17df7",
        "length": 256,
        "owner_tier": 0,
        "request": "q5",
        "segment_index": 85
      },
      {
        "cache_owner": "q0",
        "epic_prefix_rows": [
          0,
          1
        ],
        "fingerprint": "70b457c38f944354",
        "length": 256,
        "owner_tier": 0,
        "request": "q5",
        "segment_index": 86
      },
      {
        "cache_owner": "q0",
        "epic_prefix_rows": [
          0,
          1
        ],
        "fingerprint": "e2614c2dedf4cf58",
        "length": 256,
        "owner_tier": 0,
        "request": "q5",
        "segment_index": 87
      },
      {
        "cache_owner": "q0",
        "epic_prefix_rows": [
          0,
          1
        ],
        "fingerprint": "b1ab14bf7fe90b52",
        "length": 256,
        "owner_tier": 0,
        "request": "q5",
        "segment_index": 88
      },
      {
        "cache_owner": "q0",
        "epic_prefix_rows": [
          0,
          1
        ],
        "fingerprint": "19b2326032573ee0",
        "length": 256,
        "owner_tier": 0,
        "request": "q5",
        "segment_index": 89
      },
      {
        "cache_owner": "q0",
        "epic_prefix_rows": [
          0,
          1
        ],
        "fingerprint": "f97f30f9dca3b30d",
        "length": 256,
        "owner_tier": 0,
        "request": "q5",
        "segment_index": 90
      },
      {
        "cache_owner": "q0",
        "epic_prefix_rows": [
          0,
          1
        ],
        "fingerprint": "9b66baa8d351f5fb",
        "length": 256,
        "owner_tier": 0,
        "request": "q5",
        "segment_index": 91
      },
      {
        "cache_owner": "q1",
        "epic_prefix_rows": [
          0,
          1
        ],
        "fingerprint": "1393d94e264cb21d",
        "length": 256,
        "owner_tier": 0,
        "request": "q5",
        "segment_index": 92
      },
      {
        "cache_owner": "q10",
        "epic_prefix_rows": [
          0,
          1
        ],
        "fingerprint": "5994a888fff74396",
        "length": 256,
        "owner_tier": 0,
        "request": "q5",
        "segment_index": 93
      },
      {
        "cache_owner": "q10",
        "epic_prefix_rows": [
          0,
          1
        ],
        "fingerprint": "7340d25484ecfb18",
        "length": 256,
        "owner_tier": 0,
        "request": "q5",
        "segment_index": 94
      },
      {
        "cache_owner": "q10",
        "epic_prefix_rows": [
          0,
          1
        ],
        "fingerprint": "6a4062e9346a79d0",
        "length": 256,
        "owner_tier": 0,
        "request": "q5",
        "segment_index": 95
      },
      {
        "cache_owner": "q10",
        "epic_prefix_rows": [
          0,
          1
        ],
        "fingerprint": "310d98fa063059f6",
        "length": 256,
        "owner_tier": 0,
        "request": "q5",
        "segment_index": 96
      },
      {
        "cache_owner": "q0",
        "epic_prefix_rows": [],
        "fingerprint": "b4818fcedac6bc88",
        "length": 300,
        "owner_tier": 0,
        "request": "q6",
        "segment_index": 0
      },
      {
        "cache_owner": "q0",
        "epic_prefix_rows": [
          0,
          1
        ],
        "fingerprint": "a5918e4687c97f7e",
        "length": 256,
        "owner_tier": 0,
        "request": "q6",
        "segment_index": 1
      },
      {
        "cache_owner": "q0",
        "epic_prefix_rows": [
          0,
          1
        ],
        "fingerprint": "2b4e7732607841e2",
        "length": 256,
        "owner_tier": 0,
        "request": "q6",
        "segment_index": 2
      },
      {
        "cache_owner": "q0",
        "epic_prefix_rows": [
          0,
          1
        ],
        "fingerprint": "9e4aeb4914ddd394",
        "length": 256,
        "owner_tier": 0,
        "request": "q6",
        "segment_index": 3
      },
      {
        "cache_owner": "q0",
        "epic_prefix_rows": [
          0,
          1
        ],
        "fingerprint": "6334e6823b55d024",
        "length": 256,
        "owner_tier": 0,
        "request": "q6",
        "segment_index": 4
      },
      {
        "cache_owner": "q0",
        "epic_prefix_rows": [
          0,
          1
        ],
        "fingerprint": "307e02ba0c9c8db6",
        "length": 256,
        "owner_tier": 0,
        "request": "q6",
        "segment_index": 5
      },
      {
        "cache_owner": "q0",
        "epic_prefix_rows": [
          0,
          1
        ],
        "fingerprint": "d8e088676ac0e994",
        "length": 256,
        "owner_tier": 0,
        "request": "q6",
        "segment_index": 6
      },
      {
        "cache_owner": "q0",
        "epic_prefix_rows": [
          0,
          1
        ],
        "fingerprint": "eba00dddf332f864",
        "length": 256,
        "owner_tier": 0,
        "request": "q6",
        "segment_index": 7
      },
      {
        "cache_owner": "q0",
        "epic_prefix_rows": [
          0,
          1
        ],
        "fingerprint": "16ff367edf27a427",
        "length": 256,
        "owner_tier": 0,
        "request": "q6",
        "segment_index": 8
      },
      {
        "cache_owner": "q0",
        "epic_prefix_rows": [
          0,
          1
        ],
        "fingerprint": "544559610dd737d8",
        "length": 256,
        "owner_tier": 0,
        "request": "q6",
        "segment_index": 9
      },
      {
        "cache_owner": "q0",
        "epic_prefix_rows": [
          0,
          1
        ],
        "fingerprint": "719d4f68cfcda7af",
        "length": 256,
        "owner_tier": 0,
        "request": "q6",
        "segment_index": 10
      },
      {
        "cache_owner": "q0",
        "epic_prefix_rows": [
          0,
          1
        ],
        "fingerprint": "de2eea82f07af94b",
        "length": 256,
        "owner_tier": 0,
        "request": "q6",
        "segment_index": 11
      },
      {
        "cache_owner": "q0",
        "epic_prefix_rows": [
          0,
          1
        ],
        "fingerprint": "3df9fb747ee9b3ed",
        "length": 256,
        "owner_tier": 0,
        "request": "q6",
        "segment_index": 12
      },
      {
        "cache_owner": "q0",
        "epic_prefix_rows": [
          0,
          1
        ],
        "fingerprint": "d84e94f761d8f171",
        "length": 256,
        "owner_tier": 0,
        "request": "q6",
        "segment_index": 13
      },
      {
        "cache_owner": "q0",
        "epic_prefix_rows": [
          0,
          1
        ],
        "fingerprint": "e69c516fc2d68c1b",
        "length": 256,
        "owner_tier": 0,
        "request": "q6",
        "segment_index": 14
      },
      {
        "cache_owner": "q0",
        "epic_prefix_rows": [
          0,
          1
        ],
        "fingerprint": "d679790103e8c53b",
        "length": 256,
        "owner_tier": 0,
        "request": "q6",
        "segment_index": 15
      },
      {
        "cache_owner": "q0",
        "epic_prefix_rows": [
          0,
          1
        ],
        "fingerprint": "ef9219752ae977de",
        "length": 256,
        "owner_tier": 0,
        "request": "q6",
        "segment_index": 16
      },
      {
        "cache_owner": "q0",
        "epic_prefix_rows": [
          0,
          1
        ],
        "fingerprint": "804751a4de0897b1",
        "length": 256,
        "owner_tier": 0,
        "request": "q6",
        "segment_index": 17
      },
      {
        "cache_owner": "q0",
        "epic_prefix_rows": [
          0,
          1
        ],
        "fingerprint": "408f7199c5ad6444",
        "length": 256,
        "owner_tier": 0,
        "request": "q6",
        "segment_index": 18
      },
      {
        "cache_owner": "q0",
        "epic_prefix_rows": [
          0,
          1
        ],
        "fingerprint": "0b61bf84de13cf6f",
        "length": 256,
        "owner_tier": 0,
        "request": "q6",
        "segment_index": 19
      },
      {
        "cache_owner": "q0",
        "epic_prefix_rows": [
          0,
          1
        ],
        "fingerprint": "f4cf28fc5b71edf3",
        "length": 256,
        "owner_tier": 0,
        "request": "q6",
        "segment_index": 20
      },
      {
        "cache_owner": "q0",
        "epic_prefix_rows": [
          0,
          1
        ],
        "fingerprint": "f4fdd0e52e878abf",
        "length": 256,
        "owner_tier": 0,
        "request": "q6",
        "segment_index": 21
      },
      {
        "cache_owner": "q0",
        "epic_prefix_rows": [
          0,
          1
        ],
        "fingerprint": "7ba29ac00739c4ea",
        "length": 256,
        "owner_tier": 0,
        "request": "q6",
        "segment_index": 22
      },
      {
        "cache_owner": "q0",
        "epic_prefix_rows": [
          0,
          1
        ],
        "fingerprint": "6c5246339cc01ead",
        "length": 256,
        "owner_tier": 0,
        "request": "q6",
        "segment_index": 23
      },
      {
        "cache_owner": "q0",
        "epic_prefix_rows": [
          0,
          1
        ],
        "fingerprint": "3e13ea33ffd365d2",
        "length": 256,
        "owner_tier": 0,
        "request": "q6",
        "segment_index": 24
      },
      {
        "cache_owner": "q0",
        "epic_prefix_rows": [
          0,
          1
        ],
        "fingerprint": "97a85315f7478ed8",
        "length": 256,
        "owner_tier": 0,
        "request": "q6",
        "segment_index": 25
      },
      {
        "cache_owner": "q0",
        "epic_prefix_rows": [
          0,
          1
        ],
        "fingerprint": "e2f20e8d23ad1f3c",
        "length": 256,
        "owner_tier": 0,
        "request": "q6",
        "segment_index": 26
      },
      {
        "cache_owner": "q0",
        "epic_prefix_rows": [
          0,
          1
        ],
        "fingerprint": "0d5323d6441850a7",
        "length": 256,
        "owner_tier": 0,
        "request": "q6",
        "segment_index": 27
      },
      {
        "cache_owner": "q0",
        "epic_prefix_rows": [
          0,
          1
        ],
        "fingerprint": "2bbeefee3ca77394",
        "length": 256,
        "owner_tier": 0,
        "request": "q6",
        "segment_index": 28
      },
      {
        "cache_owner": "q0",
        "epic_prefix_rows": [
          0,
          1
        ],
        "fingerprint": "28b214a69646c775",
        "length": 256,
        "owner_tier": 0,
        "request": "q6",
        "segment_index": 29
      },
      {
        "cache_owner": "q0",
        "epic_prefix_rows": [
          0,
          1
        ],
        "fingerprint": "196ab37f68eb91dd",
        "length": 256,
        "owner_tier": 0,
        "request": "q6",
        "segment_index": 30
      },
      {
        "cache_owner": "q0",
        "epic_prefix_rows": [
          0,
          1
        ],
        "fingerprint": "b289731a6de14025",
        "length": 256,
        "owner_tier": 0,
        "request": "q6",
        "segment_index": 31
      },
      {
        "cache_owner": "q0",
        "epic_prefix_rows": [
          0,
          1
        ],
        "fingerprint": "1fd8287b40b3ef05",
        "length": 256,
        "owner_tier": 0,
        "request": "q6",
        "segment_index": 32
      },
      {
        "cache_owner": "q0",
        "epic_prefix_rows": [
          0,
          1
        ],
        "fingerprint": "d655032a50b311c0",
        "length": 256,
        "owner_tier": 0,
        "request": "q6",
        "segment_index": 33
      },
      {
        "cache_owner": "q0",
        "epic_prefix_rows": [
          0,
          1
        ],
        "fingerprint": "68aa33941aec615e",
        "length": 256,
        "owner_tier": 0,
        "request": "q6",
        "segment_index": 34
      },
      {
        "cache_owner": "q0",
        "epic_prefix_rows": [
          0,
          1
        ],
        "fingerprint": "57edc36f5adb4077",
        "length": 256,
        "owner_tier": 0,
        "request": "q6",
        "segment_index": 35
      },
      {
        "cache_owner": "q0",
        "epic_prefix_rows": [
          0,
          1
        ],
        "fingerprint": "060fe3cc81c4e614",
        "length": 256,
        "owner_tier": 0,
        "request": "q6",
        "segment_index": 36
      },
      {
        "cache_owner": "q0",
        "epic_prefix_rows": [
          0,
          1
        ],
        "fingerprint": "2c3a90bf49014087",
        "length": 256,
        "owner_tier": 0,
        "request": "q6",
        "segment_index": 37
      },
      {
        "cache_owner": "q0",
        "epic_prefix_rows": [
          0,
          1
        ],
        "fingerprint": "b8b19851f0e91e8b",
        "length": 256,
        "owner_tier": 0,
        "request": "q6",
        "segment_index": 38
      },
      {
        "cache_owner": "q0",
        "epic_prefix_rows": [
          0,
          1
        ],
        "fingerprint": "0a24aa246267ca70",
        "length": 256,
        "owner_tier": 0,
        "request": "q6",
        "segment_index": 39
      },
      {
        "cache_owner": "q0",
        "epic_prefix_rows": [
          0,
          1
        ],
        "fingerprint": "39982a5ac106dc56",
        "length": 256,
        "owner_tier": 0,
        "request": "q6",
        "segment_index": 40
      },
      {
        "cache_owner": "q0",
        "epic_prefix_rows": [
          0,
          1
        ],
        "fingerprint": "5b4fec5265577019",
        "length": 256,
        "owner_tier": 0,
        "request": "q6",
        "segment_index": 41
      },
      {
        "cache_owner": "q0",
        "epic_prefix_rows": [
          0,
          1
        ],
        "fingerprint": "31754f310cc87cb9",
        "length": 256,
        "owner_tier": 0,
        "request": "q6",
        "segment_index": 42
      },
      {
        "cache_owner": "q0",
        "epic_prefix_rows": [
          0,
          1
        ],
        "fingerprint": "17914e14c68c53c7",
        "length": 256,
        "owner_tier": 0,
        "request": "q6",
        "segment_index": 43
      },
      {
        "cache_owner": "q0",
        "epic_prefix_rows": [
          0,
          1
        ],
        "fingerprint": "0d5ec49d1bd3dfc2",
        "length": 256,
        "owner_tier": 0,
        "request": "q6",
        "segment_index": 44
      },
      {
        "cache_owner": "q0",
        "epic_prefix_rows": [
          0,
          1
        ],
        "fingerprint": "c8ca1ee28f153785",
        "length": 256,
        "owner_tier": 0,
        "request": "q6",
        "segment_index": 45
      },
      {
        "cache_owner": "q0",
        "epic_prefix_rows": [
          0,
          1
        ],
        "fingerprint": "d2d59fe199246a8a",
        "length": 256,
        "owner_tier": 0,
        "request": "q6",
        "segment_index": 46
      },
      {
        "cache_owner": "q0",
        "epic_prefix_rows": [
          0,
          1
        ],
        "fingerprint": "f8c3ac43031f479d",
        "length": 256,
        "owner_tier": 0,
        "request": "q6",
        "segment_index": 47
      },
      {
        "cache_owner": "q0",
        "epic_prefix_rows": [
          0,
          1
        ],
        "fingerprint": "1a0ba2ae3b5af048",
        "length": 256,
        "owner_tier": 0,
        "request": "q6",
        "segment_index": 48
      },
      {
        "cache_owner": "q0",
        "epic_prefix_rows": [
          0,
          1
        ],
        "fingerprint": "4efa77b98545d7f9",
        "length": 256,
        "owner_tier": 0,
        "request": "q6",
        "segment_index": 49
      },
      {
        "cache_owner": "q0",
        "epic_prefix_rows": [
          0,
          1
        ],
        "fingerprint": "e8daa9461adadb50",
        "length": 256,
        "owner_tier": 0,
        "request": "q6",
        "segment_index": 50
      },
      {
        "cache_owner": "q0",
        "epic_prefix_rows": [
          0,
          1
        ],
        "fingerprint": "27676fe4288b5092",
        "length": 256,
        "owner_tier": 0,
        "request": "q6",
        "segment_index": 51
      },
      {
        "cache_owner": "q0",
        "epic_prefix_rows": [
          0,
          1
        ],
        "fingerprint": "4628056629d21f29",
        "length": 256,
        "owner_tier": 0,
        "request": "q6",
        "segment_index": 52
      },
      {
        "cache_owner": "q0",
        "epic_prefix_rows": [
          0,
          1
        ],
        "fingerprint": "9e222200b410e430",
        "length": 256,
        "owner_tier": 0,
        "request": "q6",
        "segment_index": 53
      },
      {
        "cache_owner": "q0",
        "epic_prefix_rows": [
          0,
          1
        ],
        "fingerprint": "7753df1b6f8c9278",
        "length": 256,
        "owner_tier": 0,
        "request": "q6",
        "segment_index": 54
      },
      {
        "cache_owner": "q0",
        "epic_prefix_rows": [
          0,
          1
        ],
        "fingerprint": "2601f658cc5d3594",
        "length": 256,
        "owner_tier": 0,
        "request": "q6",
        "segment_index": 55
      },
      {
        "cache_owner": "q0",
        "epic_prefix_rows": [
          0,
          1
        ],
        "fingerprint": "27013d93d3fccf89",
        "length": 256,
        "owner_tier": 0,
        "request": "q6",
        "segment_index": 56
      },
      {
        "cache_owner": "q0",
        "epic_prefix_rows": [
          0,
          1
        ],
        "fingerprint": "6880baf09f037c19",
        "length": 256,
        "owner_tier": 0,
        "request": "q6",
        "segment_index": 57
      },
      {
        "cache_owner": "q0",
        "epic_prefix_rows": [
          0,
          1
        ],
        "fingerprint": "0724e17672a95b93",
        "length": 256,
        "owner_tier": 0,
        "request": "q6",
        "segment_index": 58
      },
      {
        "cache_owner": "q0",
        "epic_prefix_rows": [
          0,
          1
        ],
        "fingerprint": "e3c449fc4cd656ce",
        "length": 256,
        "owner_tier": 0,
        "request": "q6",
        "segment_index": 59
      },
      {
        "cache_owner": "q0",
        "epic_prefix_rows": [
          0,
          1
        ],
        "fingerprint": "274f7d8aacaccf25",
        "length": 256,
        "owner_tier": 0,
        "request": "q6",
        "segment_index": 60
      },
      {
        "cache_owner": "q0",
        "epic_prefix_rows": [
          0,
          1
        ],
        "fingerprint": "146a74171fc8e908",
        "length": 256,
        "owner_tier": 0,
        "request": "q6",
        "segment_index": 61
      },
      {
        "cache_owner": "q0",
        "epic_prefix_rows": [
          0,
          1
        ],
        "fingerprint": "56421c8602f059e6",
        "length": 256,
        "owner_tier": 0,
        "request": "q6",
        "segment_index": 62
      },
      {
        "cache_owner": "q0",
        "epic_prefix_rows": [
          0,
          1
        ],
        "fingerprint": "357ad2bb54f67a0c",
        "length": 256,
        "owner_tier": 0,
        "request": "q6",
        "segment_index": 63
      },
      {
        "cache_owner": "q0",
        "epic_prefix_rows": [
          0,
          1
        ],
        "fingerprint": "008b81b4d6caa9c9",
        "length": 256,
        "owner_tier": 0,
        "request": "q6",
        "segment_index": 64
      },
      {
        "cache_owner": "q0",
        "epic_prefix_rows": [
          0,
          1
        ],
        "fingerprint": "189f6cf46a89a8af",
        "length": 256,
        "owner_tier": 0,
        "request": "q6",
        "segment_index": 65
      },
      {
        "cache_owner": "q0",
        "epic_prefix_rows": [
          0,
          1
        ],
        "fingerprint": "7ee8a980cd5e73db",
        "length": 256,
        "owner_tier": 0,
        "request": "q6",
        "segment_index": 66
      },
      {
        "cache_owner": "q0",
        "epic_prefix_rows": [
          0,
          1
        ],
        "fingerprint": "1e09fc3aa312bedf",
        "length": 256,
        "owner_tier": 0,
        "request": "q6",
        "segment_index": 67
      },
      {
        "cache_owner": "q0",
        "epic_prefix_rows": [
          0,
          1
        ],
        "fingerprint": "e83ba334f98641d8",
        "length": 256,
        "owner_tier": 0,
        "request": "q6",
        "segment_index": 68
      },
      {
        "cache_owner": "q0",
        "epic_prefix_rows": [
          0,
          1
        ],
        "fingerprint": "93ff15fd417be171",
        "length": 256,
        "owner_tier": 0,
        "request": "q6",
        "segment_index": 69
      },
      {
        "cache_owner": "q0",
        "epic_prefix_rows": [
          0,
          1
        ],
        "fingerprint": "014c9a04b4e916be",
        "length": 256,
        "owner_tier": 0,
        "request": "q6",
        "segment_index": 70
      },
      {
        "cache_owner": "q0",
        "epic_prefix_rows": [
          0,
          1
        ],
        "fingerprint": "84398fc658db81a5",
        "length": 256,
        "owner_tier": 0,
        "request": "q6",
        "segment_index": 71
      },
      {
        "cache_owner": "q0",
        "epic_prefix_rows": [
          0,
          1
        ],
        "fingerprint": "05d534e6a81b4210",
        "length": 256,
        "owner_tier": 0,
        "request": "q6",
        "segment_index": 72
      },
      {
        "cache_owner": "q0",
        "epic_prefix_rows": [
          0,
          1
        ],
        "fingerprint": "8c41295e89de23e3",
        "length": 256,
        "owner_tier": 0,
        "request": "q6",
        "segment_index": 73
      },
      {
        "cache_owner": "q0",
        "epic_prefix_rows": [
          0,
          1
        ],
        "fingerprint": "0d6ee10e10def3d2",
        "length": 256,
        "owner_tier": 0,
        "request": "q6",
        "segment_index": 74
      },
      {
        "cache_owner": "q0",
        "epic_prefix_rows": [
          0,
          1
        ],
        "fingerprint": "c1807afb81a20f51",
        "length": 256,
        "owner_tier": 0,
        "request": "q6",
        "segment_index": 75
      },
      {
        "cache_owner": "q0",
        "epic_prefix_rows": [
          0,
          1
        ],
        "fingerprint": "931d7f5b83731cc7",
        "length": 256,
        "owner_tier": 0,
        "request": "q6",
        "segment_index": 76
      },
      {
        "cache_owner": "q0",
        "epic_prefix_rows": [
          0,
          1
        ],
        "fingerprint": "de3ba4f43ce3a094",
        "length": 256,
        "owner_tier": 0,
        "request": "q6",
        "segment_index": 77
      },
      {
        "cache_owner": "q0",
        "epic_prefix_rows": [
          0,
          1
        ],
        "fingerprint": "549b6eeef884e61d",
        "length": 256,
        "owner_tier": 0,
        "request": "q6",
        "segment_index": 78
      },
      {
        "cache_owner": "q0",
        "epic_prefix_rows": [
          0,
          1
        ],
        "fingerprint": "8f21a2b7cbc6a1cc",
        "length": 256,
        "owner_tier": 0,
        "request": "q6",
        "segment_index": 79
      },
      {
        "cache_owner": "q0",
        "epic_prefix_rows": [
          0,
          1
        ],
        "fingerprint": "3327eb88b326572c",
        "length": 256,
        "owner_tier": 0,
        "request": "q6",
        "segment_index": 80
      },
      {
        "cache_owner": "q0",
        "epic_prefix_rows": [
          0,
          1
        ],
        "fingerprint": "828afffd0287a7fd",
        "length": 256,
        "owner_tier": 0,
        "request": "q6",
        "segment_index": 81
      },
      {
        "cache_owner": "q0",
        "epic_prefix_rows": [
          0,
          1
        ],
        "fingerprint": "2e40f41c46618477",
        "length": 256,
        "owner_tier": 0,
        "request": "q6",
        "segment_index": 82
      },
      {
        "cache_owner": "q0",
        "epic_prefix_rows": [
          0,
          1
        ],
        "fingerprint": "38fd9d00b6d09b58",
        "length": 256,
        "owner_tier": 0,
        "request": "q6",
        "segment_index": 83
      },
      {
        "cache_owner": "q0",
        "epic_prefix_rows": [
          0,
          1
        ],
        "fingerprint": "01ef803e6ca17df7",
        "length": 256,
        "owner_tier": 0,
        "request": "q6",
        "segment_index": 84
      },
      {
        "cache_owner": "q0",
        "epic_prefix_rows": [
          0,
          1
        ],
        "fingerprint": "70b457c38f944354",
        "length": 256,
        "owner_tier": 0,
        "request": "q6",
        "segment_index": 85
      },
      {
        "cache_owner": "q0",
        "epic_prefix_rows": [
          0,
          1
        ],
        "fingerprint": "e2614c2dedf4cf58",
        "length": 256,
        "owner_tier": 0,
        "request": "q6",
        "segment_index": 86
      },
      {
        "cache_owner": "q0",
        "epic_prefix_rows": [
          0,
          1
        ],
        "fingerprint": "b1ab14bf7fe90b52",
        "length": 256,
        "owner_tier": 0,
        "request": "q6",
        "segment_index": 87
      },
      {
        "cache_owner": "q0",
        "epic_prefix_rows": [
          0,
          1
        ],
        "fingerprint": "19b2326032573ee0",
        "length": 256,
        "owner_tier": 0,
        "request": "q6",
        "segment_index": 88
      },
      {
        "cache_owner": "q0",
        "epic_prefix_rows": [
          0,
          1
        ],
        "fingerprint": "f97f30f9dca3b30d",
        "length": 256,
        "owner_tier": 0,
        "request": "q6",
        "segment_index": 89
      },
      {
        "cache_owner": "q0",
        "epic_prefix_rows": [
          0,
          1
        ],
        "fingerprint": "9b66baa8d351f5fb",
        "length": 256,
        "owner_tier": 0,
        "request": "q6",
        "segment_index": 90
      },
      {
        "cache_owner": "q1",
        "epic_prefix_rows": [
          0,
          1
        ],
        "fingerprint": "1393d94e264cb21d",
        "length": 256,
        "owner_tier": 0,
        "request": "q6",
        "segment_index": 91
      },
      {
        "cache_owner": "q10",
        "epic_prefix_rows": [
          0,
          1
        ],
        "fingerprint": "5994a888fff74396",
        "length": 256,
        "owner_tier": 0,
        "request": "q6",
        "segment_index": 92
      },
      {
        "cache_owner": "q10",
        "epic_prefix_rows": [
          0,
          1
        ],
        "fingerprint": "7340d25484ecfb18",
        "length": 256,
        "owner_tier": 0,
        "request": "q6",
        "segment_index": 93
      },
      {
        "cache_owner": "q10",
        "epic_prefix_rows": [
          0,
          1
        ],
        "fingerprint": "6a4062e9346a79d0",
        "length": 256,
        "owner_tier": 0,
        "request": "q6",
        "segment_index": 94
      },
      {
        "cache_owner": "q10",
        "epic_prefix_rows": [
          0,
          1
        ],
        "fingerprint": "310d98fa063059f6",
        "length": 256,
        "owner_tier": 0,
        "request": "q6",
        "segment_index": 95
      },
      {
        "cache_owner": "q10",
        "epic_prefix_rows": [
          0,
          1
        ],
        "fingerprint": "7f08b641340dd17c",
        "length": 256,
        "owner_tier": 0,
        "request": "q6",
        "segment_index": 96
      },
      {
        "cache_owner": "q0",
        "epic_prefix_rows": [],
        "fingerprint": "b4818fcedac6bc88",
        "length": 300,
        "owner_tier": 0,
        "request": "q7",
        "segment_index": 0
      },
      {
        "cache_owner": "q0",
        "epic_prefix_rows": [
          0,
          1
        ],
        "fingerprint": "2b4e7732607841e2",
        "length": 256,
        "owner_tier": 0,
        "request": "q7",
        "segment_index": 1
      },
      {
        "cache_owner": "q0",
        "epic_prefix_rows": [
          0,
          1
        ],
        "fingerprint": "9e4aeb4914ddd394",
        "length": 256,
        "owner_tier": 0,
        "request": "q7",
        "segment_index": 2
      },
      {
        "cache_owner": "q0",
        "epic_prefix_rows": [
          0,
          1
        ],
        "fingerprint": "6334e6823b55d024",
        "length": 256,
        "owner_tier": 0,
        "request": "q7",
        "segment_index": 3
      },
      {
        "cache_owner": "q0",
        "epic_prefix_rows": [
          0,
          1
        ],
        "fingerprint": "307e02ba0c9c8db6",
        "length": 256,
        "owner_tier": 0,
        "request": "q7",
        "segment_index": 4
      },
      {
        "cache_owner": "q0",
        "epic_prefix_rows": [
          0,
          1
        ],
        "fingerprint": "d8e088676ac0e994",
        "length": 256,
        "owner_tier": 0,
        "request": "q7",
        "segment_index": 5
      },
      {
        "cache_owner": "q0",
        "epic_prefix_rows": [
          0,
          1
        ],
        "fingerprint": "eba00dddf332f864",
        "length": 256,
        "owner_tier": 0,
        "request": "q7",
        "segment_index": 6
      },
      {
        "cache_owner": "q0",
        "epic_prefix_rows": [
          0,
          1
        ],
        "fingerprint": "16ff367edf27a427",
        "length": 256,
        "owner_tier": 0,
        "request": "q7",
        "segment_index": 7
      },
      {
        "cache_owner": "q0",
        "epic_prefix_rows": [
          0,
          1
        ],
        "fingerprint": "544559610dd737d8",
        "length": 256,
        "owner_tier": 0,
        "request": "q7",
        "segment_index": 8
      },
      {
        "cache_owner": "q0",
        "epic_prefix_rows": [
          0,
          1
        ],
        "fingerprint": "719d4f68cfcda7af",
        "length": 256,
        "owner_tier": 0,
        "request": "q7",
        "segment_index": 9
      },
      {
        "cache_owner": "q0",
        "epic_prefix_rows": [
          0,
          1
        ],
        "fingerprint": "de2eea82f07af94b",
        "length": 256,
        "owner_tier": 0,
        "request": "q7",
        "segment_index": 10
      },
      {
        "cache_owner": "q0",
        "epic_prefix_rows": [
          0,
          1
        ],
        "fingerprint": "3df9fb747ee9b3ed",
        "length": 256,
        "owner_tier": 0,
        "request": "q7",
        "segment_index": 11
      },
      {
        "cache_owner": "q0",
        "epic_prefix_rows": [
          0,
          1
        ],
        "fingerprint": "d84e94f761d8f171",
        "length": 256,
        "owner_tier": 0,
        "request": "q7",
        "segment_index": 12
      },
      {
        "cache_owner": "q0",
        "epic_prefix_rows": [
          0,
          1
        ],
        "fingerprint": "e69c516fc2d68c1b",
        "length": 256,
        "owner_tier": 0,
        "request": "q7",
        "segment_index": 13
      },
      {
        "cache_owner": "q0",
        "epic_prefix_rows": [
          0,
          1
        ],
        "fingerprint": "d679790103e8c53b",
        "length": 256,
        "owner_tier": 0,
        "request": "q7",
        "segment_index": 14
      },
      {
        "cache_owner": "q0",
        "epic_prefix_rows": [
          0,
          1
        ],
        "fingerprint": "ef9219752ae977de",
        "length": 256,
        "owner_tier": 0,
        "request": "q7",
        "segment_index": 15
      },
      {
        "cache_owner": "q0",
        "epic_prefix_rows": [
          0,
          1
        ],
        "fingerprint": "804751a4de0897b1",
        "length": 256,
        "owner_tier": 0,
        "request": "q7",
        "segment_index": 16
      },
      {
        "cache_owner": "q0",
        "epic_prefix_rows": [
          0,
          1
        ],
        "fingerprint": "408f7199c5ad6444",
        "length": 256,
        "owner_tier": 0,
        "request": "q7",
        "segment_index": 17
      },
      {
        "cache_owner": "q0",
        "epic_prefix_rows": [
          0,
          1
        ],
        "fingerprint": "0b61bf84de13cf6f",
        "length": 256,
        "owner_tier": 0,
        "request": "q7",
        "segment_index": 18
      },
      {
        "cache_owner": "q0",
        "epic_prefix_rows": [
          0,
          1
        ],
        "fingerprint": "f4cf28fc5b71edf3",
        "length": 256,
        "owner_tier": 0,
        "request": "q7",
        "segment_index": 19
      },
      {
        "cache_owner": "q0",
        "epic_prefix_rows": [
          0,
          1
        ],
        "fingerprint": "f4fdd0e52e878abf",
        "length": 256,
        "owner_tier": 0,
        "request": "q7",
        "segment_index": 20
      },
      {
        "cache_owner": "q0",
        "epic_prefix_rows": [
          0,
          1
        ],
        "fingerprint": "7ba29ac00739c4ea",
        "length": 256,
        "owner_tier": 0,
        "request": "q7",
        "segment_index": 21
      },
      {
        "cache_owner": "q0",
        "epic_prefix_rows": [
          0,
          1
        ],
        "fingerprint": "6c5246339cc01ead",
        "length": 256,
        "owner_tier": 0,
        "request": "q7",
        "segment_index": 22
      },
      {
        "cache_owner": "q0",
        "epic_prefix_rows": [
          0,
          1
        ],
        "fingerprint": "3e13ea33ffd365d2",
        "length": 256,
        "owner_tier": 0,
        "request": "q7",
        "segment_index": 23
      },
      {
        "cache_owner": "q0",
        "epic_prefix_rows": [
          0,
          1
        ],
        "fingerprint": "97a85315f7478ed8",
        "length": 256,
        "owner_tier": 0,
        "request": "q7",
        "segment_index": 24
      },
      {
        "cache_owner": "q0",
        "epic_prefix_rows": [
          0,
          1
        ],
        "fingerprint": "e2f20e8d23ad1f3c",
        "length": 256,
        "owner_tier": 0,
        "request": "q7",
        "segment_index": 25
      },
      {
        "cache_owner": "q0",
        "epic_prefix_rows": [
          0,
          1
        ],
        "fingerprint": "0d5323d6441850a7",
        "length": 256,
        "owner_tier": 0,
        "request": "q7",
        "segment_index": 26
      },
      {
        "cache_owner": "q0",
        "epic_prefix_rows": [
          0,
          1
        ],
        "fingerprint": "2bbeefee3ca77394",
        "length": 256,
        "owner_tier": 0,
        "request": "q7",
        "segment_index": 27
      },
      {
        "cache_owner": "q0",
        "epic_prefix_rows": [
          0,
          1
        ],
        "fingerprint": "28b214a69646c775",
        "length": 256,
        "owner_tier": 0,
        "request": "q7",
        "segment_index": 28
      },
      {
        "cache_owner": "q0",
        "epic_prefix_rows": [
          0,
          1
        ],
        "fingerprint": "196ab37f68eb91dd",
        "length": 256,
        "owner_tier": 0,
        "request": "q7",
        "segment_index": 29
      },
      {
        "cache_owner": "q0",
        "epic_prefix_rows": [
          0,
          1
        ],
        "fingerprint": "b289731a6de14025",
        "length": 256,
        "owner_tier": 0,
        "request": "q7",
        "segment_index": 30
      },
      {
        "cache_owner": "q0",
        "epic_prefix_rows": [
          0,
          1
        ],
        "fingerprint": "1fd8287b40b3ef05",
        "length": 256,
        "owner_tier": 0,
        "request": "q7",
        "segment_index": 31
      },
      {
        "cache_owner": "q0",
        "epic_prefix_rows": [
          0,
          1
        ],
        "fingerprint": "d655032a50b311c0",
        "length": 256,
        "owner_tier": 0,
        "request": "q7",
        "segment_index": 32
      },
      {
        "cache_owner": "q0",
        "epic_prefix_rows": [
          0,
          1
        ],
        "fingerprint": "68aa33941aec615e",
        "length": 256,
        "owner_tier": 0,
        "request": "q7",
        "segment_index": 33
      },
      {
        "cache_owner": "q0",
        "epic_prefix_rows": [
          0,
          1
        ],
        "fingerprint": "57edc36f5adb4077",
        "length": 256,
        "owner_tier": 0,
        "request": "q7",
        "segment_index": 34
      },
      {
        "cache_owner": "q0",
        "epic_prefix_rows": [
          0,
          1
        ],
        "fingerprint": "060fe3cc81c4e614",
        "length": 256,
        "owner_tier": 0,
        "request": "q7",
        "segment_index": 35
      },
      {
        "cache_owner": "q0",
        "epic_prefix_rows": [
          0,
          1
        ],
        "fingerprint": "2c3a90bf49014087",
        "length": 256,
        "owner_tier": 0,
        "request": "q7",
        "segment_index": 36
      },
      {
        "cache_owner": "q0",
        "epic_prefix_rows": [
          0,
          1
        ],
        "fingerprint": "b8b19851f0e91e8b",
        "length": 256,
        "owner_tier": 0,
        "request": "q7",
        "segment_index": 37
      },
      {
        "cache_owner": "q0",
        "epic_prefix_rows": [
          0,
          1
        ],
        "fingerprint": "0a24aa246267ca70",
        "length": 256,
        "owner_tier": 0,
        "request": "q7",
        "segment_index": 38
      },
      {
        "cache_owner": "q0",
        "epic_prefix_rows": [
          0,
          1
        ],
        "fingerprint": "39982a5ac106dc56",
        "length": 256,
        "owner_tier": 0,
        "request": "q7",
        "segment_index": 39
      },
      {
        "cache_owner": "q0",
        "epic_prefix_rows": [
          0,
          1
        ],
        "fingerprint": "5b4fec5265577019",
        "length": 256,
        "owner_tier": 0,
        "request": "q7",
        "segment_index": 40
      },
      {
        "cache_owner": "q0",
        "epic_prefix_rows": [
          0,
          1
        ],
        "fingerprint": "31754f310cc87cb9",
        "length": 256,
        "owner_tier": 0,
        "request": "q7",
        "segment_index": 41
      },
      {
        "cache_owner": "q0",
        "epic_prefix_rows": [
          0,
          1
        ],
        "fingerprint": "17914e14c68c53c7",
        "length": 256,
        "owner_tier": 0,
        "request": "q7",
        "segment_index": 42
      },
      {
        "cache_owner": "q0",
        "epic_prefix_rows": [
          0,
          1
        ],
        "fingerprint": "0d5ec49d1bd3dfc2",
        "length": 256,
        "owner_tier": 0,
        "request": "q7",
        "segment_index": 43
      },
      {
        "cache_owner": "q0",
        "epic_prefix_rows": [
          0,
          1
        ],
        "fingerprint": "c8ca1ee28f153785",
        "length": 256,
        "owner_tier": 0,
        "request": "q7",
        "segment_index": 44
      },
      {
        "cache_owner": "q0",
        "epic_prefix_rows": [
          0,
          1
        ],
        "fingerprint": "d2d59fe199246a8a",
        "length": 256,
        "owner_tier": 0,
        "request": "q7",
        "segment_index": 45
      },
      {
        "cache_owner": "q0",
        "epic_prefix_rows": [
          0,
          1
        ],
        "fingerprint": "f8c3ac43031f479d",
        "length": 256,
        "owner_tier": 0,
        "request": "q7",
        "segment_index": 46
      },
      {
        "cache_owner": "q0",
        "epic_prefix_rows": [
          0,
          1
        ],
        "fingerprint": "1a0ba2ae3b5af048",
        "length": 256,
        "owner_tier": 0,
        "request": "q7",
        "segment_index": 47
      },
      {
        "cache_owner": "q0",
        "epic_prefix_rows": [
          0,
          1
        ],
        "fingerprint": "4efa77b98545d7f9",
        "length": 256,
        "owner_tier": 0,
        "request": "q7",
        "segment_index": 48
      },
      {
        "cache_owner": "q0",
        "epic_prefix_rows": [
          0,
          1
        ],
        "fingerprint": "e8daa9461adadb50",
        "length": 256,
        "owner_tier": 0,
        "request": "q7",
        "segment_index": 49
      },
      {
        "cache_owner": "q0",
        "epic_prefix_rows": [
          0,
          1
        ],
        "fingerprint": "27676fe4288b5092",
        "length": 256,
        "owner_tier": 0,
        "request": "q7",
        "segment_index": 50
      },
      {
        "cache_owner": "q0",
        "epic_prefix_rows": [
          0,
          1
        ],
        "fingerprint": "4628056629d21f29",
        "length": 256,
        "owner_tier": 0,
        "request": "q7",
        "segment_index": 51
      },
      {
        "cache_owner": "q0",
        "epic_prefix_rows": [
          0,
          1
        ],
        "fingerprint": "9e222200b410e430",
        "length": 256,
        "owner_tier": 0,
        "request": "q7",
        "segment_index": 52
      },
      {
        "cache_owner": "q0",
        "epic_prefix_rows": [
          0,
          1
        ],
        "fingerprint": "7753df1b6f8c9278",
        "length": 256,
        "owner_tier": 0,
        "request": "q7",
        "segment_index": 53
      },
      {
        "cache_owner": "q0",
        "epic_prefix_rows": [
          0,
          1
        ],
        "fingerprint": "2601f658cc5d3594",
        "length": 256,
        "owner_tier": 0,
        "request": "q7",
        "segment_index": 54
      },
      {
        "cache_owner": "q0",
        "epic_prefix_rows": [
          0,
          1
        ],
        "fingerprint": "27013d93d3fccf89",
        "length": 256,
        "owner_tier": 0,
        "request": "q7",
        "segment_index": 55
      },
      {
        "cache_owner": "q0",
        "epic_prefix_rows": [
          0,
          1
        ],
        "fingerprint": "6880baf09f037c19",
        "length": 256,
        "owner_tier": 0,
        "request": "q7",
        "segment_index": 56
      },
      {
        "cache_owner": "q0",
        "epic_prefix_rows": [
          0,
          1
        ],
        "fingerprint": "0724e17672a95b93",
        "length": 256,
        "owner_tier": 0,
        "request": "q7",
        "segment_index": 57
      },
      {
        "cache_owner": "q0",
        "epic_prefix_rows": [
          0,
          1
        ],
        "fingerprint": "e3c449fc4cd656ce",
        "length": 256,
        "owner_tier": 0,
        "request": "q7",
        "segment_index": 58
      },
      {
        "cache_owner": "q0",
        "epic_prefix_rows": [
          0,
          1
        ],
        "fingerprint": "274f7d8aacaccf25",
        "length": 256,
        "owner_tier": 0,
        "request": "q7",
        "segment_index": 59
      },
      {
        "cache_owner": "q0",
        "epic_prefix_rows": [
          0,
          1
        ],
        "fingerprint": "146a74171fc8e908",
        "length": 256,
        "owner_tier": 0,
        "request": "q7",
        "segment_index": 60
      },
      {
        "cache_owner": "q0",
        "epic_prefix_rows": [
          0,
          1
        ],
        "fingerprint": "56421c8602f059e6",
        "length": 256,
        "owner_tier": 0,
        "request": "q7",
        "segment_index": 61
      },
      {
        "cache_owner": "q0",
        "epic_prefix_rows": [
          0,
          1
        ],
        "fingerprint": "357ad2bb54f67a0c",
        "length": 256,
        "owner_tier": 0,
        "request": "q7",
        "segment_index": 62
      },
      {
        "cache_owner": "q0",
        "epic_prefix_rows": [
          0,
          1
        ],
        "fingerprint": "008b81b4d6caa9c9",
        "length": 256,
        "owner_tier": 0,
        "request": "q7",
        "segment_index": 63
      },
      {
        "cache_owner": "q0",
        "epic_prefix_rows": [
          0,
          1
        ],
        "fingerprint": "189f6cf46a89a8af",
        "length": 256,
        "owner_tier": 0,
        "request": "q7",
        "segment_index": 64
      },
      {
        "cache_owner": "q0",
        "epic_prefix_rows": [
          0,
          1
        ],
        "fingerprint": "7ee8a980cd5e73db",
        "length": 256,
        "owner_tier": 0,
        "request": "q7",
        "segment_index": 65
      },
      {
        "cache_owner": "q0",
        "epic_prefix_rows": [
          0,
          1
        ],
        "fingerprint": "1e09fc3aa312bedf",
        "length": 256,
        "owner_tier": 0,
        "request": "q7",
        "segment_index": 66
      },
      {
        "cache_owner": "q0",
        "epic_prefix_rows": [
          0,
          1
        ],
        "fingerprint": "e83ba334f98641d8",
        "length": 256,
        "owner_tier": 0,
        "request": "q7",
        "segment_index": 67
      },
      {
        "cache_owner": "q0",
        "epic_prefix_rows": [
          0,
          1
        ],
        "fingerprint": "93ff15fd417be171",
        "length": 256,
        "owner_tier": 0,
        "request": "q7",
        "segment_index": 68
      },
      {
        "cache_owner": "q0",
        "epic_prefix_rows": [
          0,
          1
        ],
        "fingerprint": "014c9a04b4e916be",
        "length": 256,
        "owner_tier": 0,
        "request": "q7",
        "segment_index": 69
      },
      {
        "cache_owner": "q0",
        "epic_prefix_rows": [
          0,
          1
        ],
        "fingerprint": "84398fc658db81a5",
        "length": 256,
        "owner_tier": 0,
        "request": "q7",
        "segment_index": 70
      },
      {
        "cache_owner": "q0",
        "epic_prefix_rows": [
          0,
          1
        ],
        "fingerprint": "05d534e6a81b4210",
        "length": 256,
        "owner_tier": 0,
        "request": "q7",
        "segment_index": 71
      },
      {
        "cache_owner": "q0",
        "epic_prefix_rows": [
          0,
          1
        ],
        "fingerprint": "8c41295e89de23e3",
        "length": 256,
        "owner_tier": 0,
        "request": "q7",
        "segment_index": 72
      },
      {
        "cache_owner": "q0",
        "epic_prefix_rows": [
          0,
          1
        ],
        "fingerprint": "0d6ee10e10def3d2",
        "length": 256,
        "owner_tier": 0,
        "request": "q7",
        "segment_index": 73
      },
      {
        "cache_owner": "q0",
        "epic_prefix_rows": [
          0,
          1
        ],
        "fingerprint": "c1807afb81a20f51",
        "length": 256,
        "owner_tier": 0,
        "request": "q7",
        "segment_index": 74
      },
      {
        "cache_owner": "q0",
        "epic_prefix_rows": [
          0,
          1
        ],
        "fingerprint": "931d7f5b83731cc7",
        "length": 256,
        "owner_tier": 0,
        "request": "q7",
        "segment_index": 75
      },
      {
        "cache_owner": "q0",
        "epic_prefix_rows": [
          0,
          1
        ],
        "fingerprint": "de3ba4f43ce3a094",
        "length": 256,
        "owner_tier": 0,
        "request": "q7",
        "segment_index": 76
      },
      {
        "cache_owner": "q0",
        "epic_prefix_rows": [
          0,
          1
        ],
        "fingerprint": "549b6eeef884e61d",
        "length": 256,
        "owner_tier": 0,
        "request": "q7",
        "segment_index": 77
      },
      {
        "cache_owner": "q0",
        "epic_prefix_rows": [
          0,
          1
        ],
        "fingerprint": "8f21a2b7cbc6a1cc",
        "length": 256,
        "owner_tier": 0,
        "request": "q7",
        "segment_index": 78
      },
      {
        "cache_owner": "q0",
        "epic_prefix_rows": [
          0,
          1
        ],
        "fingerprint": "3327eb88b326572c",
        "length": 256,
        "owner_tier": 0,
        "request": "q7",
        "segment_index": 79
      },
      {
        "cache_owner": "q0",
        "epic_prefix_rows": [
          0,
          1
        ],
        "fingerprint": "828afffd0287a7fd",
        "length": 256,
        "owner_tier": 0,
        "request": "q7",
        "segment_index": 80
      },
      {
        "cache_owner": "q0",
        "epic_prefix_rows": [
          0,
          1
        ],
        "fingerprint": "2e40f41c46618477",
        "length": 256,
        "owner_tier": 0,
        "request": "q7",
        "segment_index": 81
      },
      {
        "cache_owner": "q0",
        "epic_prefix_rows": [
          0,
          1
        ],
        "fingerprint": "38fd9d00b6d09b58",
        "length": 256,
        "owner_tier": 0,
        "request": "q7",
        "segment_index": 82
      },
      {
        "cache_owner": "q0",
        "epic_prefix_rows": [
          0,
          1
        ],
        "fingerprint": "01ef803e6ca17df7",
        "length": 256,
        "owner_tier": 0,
        "request": "q7",
        "segment_index": 83
      },
      {
        "cache_owner": "q0",
        "epic_prefix_rows": [
          0,
          1
        ],
        "fingerprint": "70b457c38f944354",
        "length": 256,
        "owner_tier": 0,
        "request": "q7",
        "segment_index": 84
      },
      {
        "cache_owner": "q0",
        "epic_prefix_rows": [
          0,
          1
        ],
        "fingerprint": "e2614c2dedf4cf58",
        "length": 256,
        "owner_tier": 0,
        "request": "q7",
        "segment_index": 85
      },
      {
        "cache_owner": "q0",
        "epic_prefix_rows": [
          0,
          1
        ],
        "fingerprint": "b1ab14bf7fe90b52",
        "length": 256,
        "owner_tier": 0,
        "request": "q7",
        "segment_index": 86
      },
      {
        "cache_owner": "q0",
        "epic_prefix_rows": [
          0,
          1
        ],
        "fingerprint": "19b2326032573ee0",
        "length": 256,
        "owner_tier": 0,
        "request": "q7",
        "segment_index": 87
      },
      {
        "cache_owner": "q0",
        "epic_prefix_rows": [
          0,
          1
        ],
        "fingerprint": "f97f30f9dca3b30d",
        "length": 256,
        "owner_tier": 0,
        "request": "q7",
        "segment_index": 88
      },
      {
        "cache_owner": "q0",
        "epic_prefix_rows": [
          0,
          1
        ],
        "fingerprint": "9b66baa8d351f5fb",
        "length": 256,
        "owner_tier": 0,
        "request": "q7",
        "segment_index": 89
      },
      {
        "cache_owner": "q1",
        "epic_prefix_rows": [
          0,
          1
        ],
        "fingerprint": "1393d94e264cb21d",
        "length": 256,
        "owner_tier": 0,
        "request": "q7",
        "segment_index": 90
      },
      {
        "cache_owner": "q10",
        "epic_prefix_rows": [
          0,
          1
        ],
        "fingerprint": "5994a888fff74396",
        "length": 256,
        "owner_tier": 0,
        "request": "q7",
        "segment_index": 91
      },
      {
        "cache_owner": "q10",
        "epic_prefix_rows": [
          0,
          1
        ],
        "fingerprint": "7340d25484ecfb18",
        "length": 256,
        "owner_tier": 0,
        "request": "q7",
        "segment_index": 92
      },
      {
        "cache_owner": "q10",
        "epic_prefix_rows": [
          0,
          1
        ],
        "fingerprint": "6a4062e9346a79d0",
        "length": 256,
        "owner_tier": 0,
        "request": "q7",
        "segment_index": 93
      },
      {
        "cache_owner": "q10",
        "epic_prefix_rows": [
          0,
          1
        ],
        "fingerprint": "310d98fa063059f6",
        "length": 256,
        "owner_tier": 0,
        "request": "q7",
        "segment_index": 94
      },
      {
        "cache_owner": "q10",
        "epic_prefix_rows": [
          0,
          1
        ],
        "fingerprint": "7f08b641340dd17c",
        "length": 256,
        "owner_tier": 0,
        "request": "q7",
        "segment_index": 95
      },
      {
        "cache_owner": "q10",
        "epic_prefix_rows": [
          0,
          1
        ],
        "fingerprint": "264864c692eeca8a",
        "length": 256,
        "owner_tier": 0,
        "request": "q7",
        "segment_index": 96
      },
      {
        "cache_owner": "q0",
        "epic_prefix_rows": [],
        "fingerprint": "b4818fcedac6bc88",
        "length": 300,
        "owner_tier": 0,
        "request": "q8",
        "segment_index": 0
      },
      {
        "cache_owner": "q0",
        "epic_prefix_rows": [
          0,
          1
        ],
        "fingerprint": "9e4aeb4914ddd394",
        "length": 256,
        "owner_tier": 0,
        "request": "q8",
        "segment_index": 1
      },
      {
        "cache_owner": "q0",
        "epic_prefix_rows": [
          0,
          1
        ],
        "fingerprint": "6334e6823b55d024",
        "length": 256,
        "owner_tier": 0,
        "request": "q8",
        "segment_index": 2
      },
      {
        "cache_owner": "q0",
        "epic_prefix_rows": [
          0,
          1
        ],
        "fingerprint": "307e02ba0c9c8db6",
        "length": 256,
        "owner_tier": 0,
        "request": "q8",
        "segment_index": 3
      },
      {
        "cache_owner": "q0",
        "epic_prefix_rows": [
          0,
          1
        ],
        "fingerprint": "d8e088676ac0e994",
        "length": 256,
        "owner_tier": 0,
        "request": "q8",
        "segment_index": 4
      },
      {
        "cache_owner": "q0",
        "epic_prefix_rows": [
          0,
          1
        ],
        "fingerprint": "eba00dddf332f864",
        "length": 256,
        "owner_tier": 0,
        "request": "q8",
        "segment_index": 5
      },
      {
        "cache_owner": "q0",
        "epic_prefix_rows": [
          0,
          1
        ],
        "fingerprint": "16ff367edf27a427",
        "length": 256,
        "owner_tier": 0,
        "request": "q8",
        "segment_index": 6
      },
      {
        "cache_owner": "q0",
        "epic_prefix_rows": [
          0,
          1
        ],
        "fingerprint": "544559610dd737d8",
        "length": 256,
        "owner_tier": 0,
        "request": "q8",
        "segment_index": 7
      },
      {
        "cache_owner": "q0",
        "epic_prefix_rows": [
          0,
          1
        ],
        "fingerprint": "719d4f68cfcda7af",
        "length": 256,
        "owner_tier": 0,
        "request": "q8",
        "segment_index": 8
      },
      {
        "cache_owner": "q0",
        "epic_prefix_rows": [
          0,
          1
        ],
        "fingerprint": "de2eea82f07af94b",
        "length": 256,
        "owner_tier": 0,
        "request": "q8",
        "segment_index": 9
      },
      {
        "cache_owner": "q0",
        "epic_prefix_rows": [
          0,
          1
        ],
        "fingerprint": "3df9fb747ee9b3ed",
        "length": 256,
        "owner_tier": 0,
        "request": "q8",
        "segment_index": 10
      },
      {
        "cache_owner": "q0",
        "epic_prefix_rows": [
          0,
          1
        ],
        "fingerprint": "d84e94f761d8f171",
        "length": 256,
        "owner_tier": 0,
        "request": "q8",
        "segment_index": 11
      },
      {
        "cache_owner": "q0",
        "epic_prefix_rows": [
          0,
          1
        ],
        "fingerprint": "e69c516fc2d68c1b",
        "length": 256,
        "owner_tier": 0,
        "request": "q8",
        "segment_index": 12
      },
      {
        "cache_owner": "q0",
        "epic_prefix_rows": [
          0,
          1
        ],
        "fingerprint": "d679790103e8c53b",
        "length": 256,
        "owner_tier": 0,
        "request": "q8",
        "segment_index": 13
      },
      {
        "cache_owner": "q0",
        "epic_prefix_rows": [
          0,
          1
        ],
        "fingerprint": "ef9219752ae977de",
        "length": 256,
        "owner_tier": 0,
        "request": "q8",
        "segment_index": 14
      },
      {
        "cache_owner": "q0",
        "epic_prefix_rows": [
          0,
          1
        ],
        "fingerprint": "804751a4de0897b1",
        "length": 256,
        "owner_tier": 0,
        "request": "q8",
        "segment_index": 15
      },
      {
        "cache_owner": "q0",
        "epic_prefix_rows": [
          0,
          1
        ],
        "fingerprint": "408f7199c5ad6444",
        "length": 256,
        "owner_tier": 0,
        "request": "q8",
        "segment_index": 16
      },
      {
        "cache_owner": "q0",
        "epic_prefix_rows": [
          0,
          1
        ],
        "fingerprint": "0b61bf84de13cf6f",
        "length": 256,
        "owner_tier": 0,
        "request": "q8",
        "segment_index": 17
      },
      {
        "cache_owner": "q0",
        "epic_prefix_rows": [
          0,
          1
        ],
        "fingerprint": "f4cf28fc5b71edf3",
        "length": 256,
        "owner_tier": 0,
        "request": "q8",
        "segment_index": 18
      },
      {
        "cache_owner": "q0",
        "epic_prefix_rows": [
          0,
          1
        ],
        "fingerprint": "f4fdd0e52e878abf",
        "length": 256,
        "owner_tier": 0,
        "request": "q8",
        "segment_index": 19
      },
      {
        "cache_owner": "q0",
        "epic_prefix_rows": [
          0,
          1
        ],
        "fingerprint": "7ba29ac00739c4ea",
        "length": 256,
        "owner_tier": 0,
        "request": "q8",
        "segment_index": 20
      },
      {
        "cache_owner": "q0",
        "epic_prefix_rows": [
          0,
          1
        ],
        "fingerprint": "6c5246339cc01ead",
        "length": 256,
        "owner_tier": 0,
        "request": "q8",
        "segment_index": 21
      },
      {
        "cache_owner": "q0",
        "epic_prefix_rows": [
          0,
          1
        ],
        "fingerprint": "3e13ea33ffd365d2",
        "length": 256,
        "owner_tier": 0,
        "request": "q8",
        "segment_index": 22
      },
      {
        "cache_owner": "q0",
        "epic_prefix_rows": [
          0,
          1
        ],
        "fingerprint": "97a85315f7478ed8",
        "length": 256,
        "owner_tier": 0,
        "request": "q8",
        "segment_index": 23
      },
      {
        "cache_owner": "q0",
        "epic_prefix_rows": [
          0,
          1
        ],
        "fingerprint": "e2f20e8d23ad1f3c",
        "length": 256,
        "owner_tier": 0,
        "request": "q8",
        "segment_index": 24
      },
      {
        "cache_owner": "q0",
        "epic_prefix_rows": [
          0,
          1
        ],
        "fingerprint": "0d5323d6441850a7",
        "length": 256,
        "owner_tier": 0,
        "request": "q8",
        "segment_index": 25
      },
      {
        "cache_owner": "q0",
        "epic_prefix_rows": [
          0,
          1
        ],
        "fingerprint": "2bbeefee3ca77394",
        "length": 256,
        "owner_tier": 0,
        "request": "q8",
        "segment_index": 26
      },
      {
        "cache_owner": "q0",
        "epic_prefix_rows": [
          0,
          1
        ],
        "fingerprint": "28b214a69646c775",
        "length": 256,
        "owner_tier": 0,
        "request": "q8",
        "segment_index": 27
      },
      {
        "cache_owner": "q0",
        "epic_prefix_rows": [
          0,
          1
        ],
        "fingerprint": "196ab37f68eb91dd",
        "length": 256,
        "owner_tier": 0,
        "request": "q8",
        "segment_index": 28
      },
      {
        "cache_owner": "q0",
        "epic_prefix_rows": [
          0,
          1
        ],
        "fingerprint": "b289731a6de14025",
        "length": 256,
        "owner_tier": 0,
        "request": "q8",
        "segment_index": 29
      },
      {
        "cache_owner": "q0",
        "epic_prefix_rows": [
          0,
          1
        ],
        "fingerprint": "1fd8287b40b3ef05",
        "length": 256,
        "owner_tier": 0,
        "request": "q8",
        "segment_index": 30
      },
      {
        "cache_owner": "q0",
        "epic_prefix_rows": [
          0,
          1
        ],
        "fingerprint": "d655032a50b311c0",
        "length": 256,
        "owner_tier": 0,
        "request": "q8",
        "segment_index": 31
      },
      {
        "cache_owner": "q0",
        "epic_prefix_rows": [
          0,
          1
        ],
        "fingerprint": "68aa33941aec615e",
        "length": 256,
        "owner_tier": 0,
        "request": "q8",
        "segment_index": 32
      },
      {
        "cache_owner": "q0",
        "epic_prefix_rows": [
          0,
          1
        ],
        "fingerprint": "57edc36f5adb4077",
        "length": 256,
        "owner_tier": 0,
        "request": "q8",
        "segment_index": 33
      },
      {
        "cache_owner": "q0",
        "epic_prefix_rows": [
          0,
          1
        ],
        "fingerprint": "060fe3cc81c4e614",
        "length": 256,
        "owner_tier": 0,
        "request": "q8",
        "segment_index": 34
      },
      {
        "cache_owner": "q0",
        "epic_prefix_rows": [
          0,
          1
        ],
        "fingerprint": "2c3a90bf49014087",
        "length": 256,
        "owner_tier": 0,
        "request": "q8",
        "segment_index": 35
      },
      {
        "cache_owner": "q0",
        "epic_prefix_rows": [
          0,
          1
        ],
        "fingerprint": "b8b19851f0e91e8b",
        "length": 256,
        "owner_tier": 0,
        "request": "q8",
        "segment_index": 36
      },
      {
        "cache_owner": "q0",
        "epic_prefix_rows": [
          0,
          1
        ],
        "fingerprint": "0a24aa246267ca70",
        "length": 256,
        "owner_tier": 0,
        "request": "q8",
        "segment_index": 37
      },
      {
        "cache_owner": "q0",
        "epic_prefix_rows": [
          0,
          1
        ],
        "fingerprint": "39982a5ac106dc56",
        "length": 256,
        "owner_tier": 0,
        "request": "q8",
        "segment_index": 38
      },
      {
        "cache_owner": "q0",
        "epic_prefix_rows": [
          0,
          1
        ],
        "fingerprint": "5b4fec5265577019",
        "length": 256,
        "owner_tier": 0,
        "request": "q8",
        "segment_index": 39
      },
      {
        "cache_owner": "q0",
        "epic_prefix_rows": [
          0,
          1
        ],
        "fingerprint": "31754f310cc87cb9",
        "length": 256,
        "owner_tier": 0,
        "request": "q8",
        "segment_index": 40
      },
      {
        "cache_owner": "q0",
        "epic_prefix_rows": [
          0,
          1
        ],
        "fingerprint": "17914e14c68c53c7",
        "length": 256,
        "owner_tier": 0,
        "request": "q8",
        "segment_index": 41
      },
      {
        "cache_owner": "q0",
        "epic_prefix_rows": [
          0,
          1
        ],
        "fingerprint": "0d5ec49d1bd3dfc2",
        "length": 256,
        "owner_tier": 0,
        "request": "q8",
        "segment_index": 42
      },
      {
        "cache_owner": "q0",
        "epic_prefix_rows": [
          0,
          1
        ],
        "fingerprint": "c8ca1ee28f153785",
        "length": 256,
        "owner_tier": 0,
        "request": "q8",
        "segment_index": 43
      },
      {
        "cache_owner": "q0",
        "epic_prefix_rows": [
          0,
          1
        ],
        "fingerprint": "d2d59fe199246a8a",
        "length": 256,
        "owner_tier": 0,
        "request": "q8",
        "segment_index": 44
      },
      {
        "cache_owner": "q0",
        "epic_prefix_rows": [
          0,
          1
        ],
        "fingerprint": "f8c3ac43031f479d",
        "length": 256,
        "owner_tier": 0,
        "request": "q8",
        "segment_index": 45
      },
      {
        "cache_owner": "q0",
        "epic_prefix_rows": [
          0,
          1
        ],
        "fingerprint": "1a0ba2ae3b5af048",
        "length": 256,
        "owner_tier": 0,
        "request": "q8",
        "segment_index": 46
      },
      {
        "cache_owner": "q0",
        "epic_prefix_rows": [
          0,
          1
        ],
        "fingerprint": "4efa77b98545d7f9",
        "length": 256,
        "owner_tier": 0,
        "request": "q8",
        "segment_index": 47
      },
      {
        "cache_owner": "q0",
        "epic_prefix_rows": [
          0,
          1
        ],
        "fingerprint": "e8daa9461adadb50",
        "length": 256,
        "owner_tier": 0,
        "request": "q8",
        "segment_index": 48
      },
      {
        "cache_owner": "q0",
        "epic_prefix_rows": [
          0,
          1
        ],
        "fingerprint": "27676fe4288b5092",
        "length": 256,
        "owner_tier": 0,
        "request": "q8",
        "segment_index": 49
      },
      {
        "cache_owner": "q0",
        "epic_prefix_rows": [
          0,
          1
        ],
        "fingerprint": "4628056629d21f29",
        "length": 256,
        "owner_tier": 0,
        "request": "q8",
        "segment_index": 50
      },
      {
        "cache_owner": "q0",
        "epic_prefix_rows": [
          0,
          1
        ],
        "fingerprint": "9e222200b410e430",
        "length": 256,
        "owner_tier": 0,
        "request": "q8",
        "segment_index": 51
      },
      {
        "cache_owner": "q0",
        "epic_prefix_rows": [
          0,
          1
        ],
        "fingerprint": "7753df1b6f8c9278",
        "length": 256,
        "owner_tier": 0,
        "request": "q8",
        "segment_index": 52
      },
      {
        "cache_owner": "q0",
        "epic_prefix_rows": [
          0,
          1
        ],
        "fingerprint": "2601f658cc5d3594",
        "length": 256,
        "owner_tier": 0,
        "request": "q8",
        "segment_index": 53
      },
      {
        "cache_owner": "q0",
        "epic_prefix_rows": [
          0,
          1
        ],
        "fingerprint": "27013d93d3fccf89",
        "length": 256,
        "owner_tier": 0,
        "request": "q8",
        "segment_index": 54
      },
      {
        "cache_owner": "q0",
        "epic_prefix_rows": [
          0,
          1
        ],
        "fingerprint": "6880baf09f037c19",
        "length": 256,
        "owner_tier": 0,
        "request": "q8",
        "segment_index": 55
      },
      {
        "cache_owner": "q0",
        "epic_prefix_rows": [
          0,
          1
        ],
        "fingerprint": "0724e17672a95b93",
        "length": 256,
        "owner_tier": 0,
        "request": "q8",
        "segment_index": 56
      },
      {
        "cache_owner": "q0",
        "epic_prefix_rows": [
          0,
          1
        ],
        "fingerprint": "e3c449fc4cd656ce",
        "length": 256,
        "owner_tier": 0,
        "request": "q8",
        "segment_index": 57
      },
      {
        "cache_owner": "q0",
        "epic_prefix_rows": [
          0,
          1
        ],
        "fingerprint": "274f7d8aacaccf25",
        "length": 256,
        "owner_tier": 0,
        "request": "q8",
        "segment_index": 58
      },
      {
        "cache_owner": "q0",
        "epic_prefix_rows": [
          0,
          1
        ],
        "fingerprint": "146a74171fc8e908",
        "length": 256,
        "owner_tier": 0,
        "request": "q8",
        "segment_index": 59
      },
      {
        "cache_owner": "q0",
        "epic_prefix_rows": [
          0,
          1
        ],
        "fingerprint": "56421c8602f059e6",
        "length": 256,
        "owner_tier": 0,
        "request": "q8",
        "segment_index": 60
      },
      {
        "cache_owner": "q0",
        "epic_prefix_rows": [
          0,
          1
        ],
        "fingerprint": "357ad2bb54f67a0c",
        "length": 256,
        "owner_tier": 0,
        "request": "q8",
        "segment_index": 61
      },
      {
        "cache_owner": "q0",
        "epic_prefix_rows": [
          0,
          1
        ],
        "fingerprint": "008b81b4d6caa9c9",
        "length": 256,
        "owner_tier": 0,
        "request": "q8",
        "segment_index": 62
      },
      {
        "cache_owner": "q0",
        "epic_prefix_rows": [
          0,
          1
        ],
        "fingerprint": "189f6cf46a89a8af",
        "length": 256,
        "owner_tier": 0,
        "request": "q8",
        "segment_index": 63
      },
      {
        "cache_owner": "q0",
        "epic_prefix_rows": [
          0,
          1
        ],
        "fingerprint": "7ee8a980cd5e73db",
        "length": 256,
        "owner_tier": 0,
        "request": "q8",
        "segment_index": 64
      },
      {
        "cache_owner": "q0",
        "epic_prefix_rows": [
          0,
          1
        ],
        "fingerprint": "1e09fc3aa312bedf",
        "length": 256,
        "owner_tier": 0,
        "request": "q8",
        "segment_index": 65
      },
      {
        "cache_owner": "q0",
        "epic_prefix_rows": [
          0,
          1
        ],
        "fingerprint": "e83ba334f98641d8",
        "length": 256,
        "owner_tier": 0,
        "request": "q8",
        "segment_index": 66
      },
      {
        "cache_owner": "q0",
        "epic_prefix_rows": [
          0,
          1
        ],
        "fingerprint": "93ff15fd417be171",
        "length": 256,
        "owner_tier": 0,
        "request": "q8",
        "segment_index": 67
      },
      {
        "cache_owner": "q0",
        "epic_prefix_rows": [
          0,
          1
        ],
        "fingerprint": "014c9a04b4e916be",
        "length": 256,
        "owner_tier": 0,
        "request": "q8",
        "segment_index": 68
      },
      {
        "cache_owner": "q0",
        "epic_prefix_rows": [
          0,
          1
        ],
        "fingerprint": "84398fc658db81a5",
        "length": 256,
        "owner_tier": 0,
        "request": "q8",
        "segment_index": 69
      },
      {
        "cache_owner": "q0",
        "epic_prefix_rows": [
          0,
          1
        ],
        "fingerprint": "05d534e6a81b4210",
        "length": 256,
        "owner_tier": 0,
        "request": "q8",
        "segment_index": 70
      },
      {
        "cache_owner": "q0",
        "epic_prefix_rows": [
          0,
          1
        ],
        "fingerprint": "8c41295e89de23e3",
        "length": 256,
        "owner_tier": 0,
        "request": "q8",
        "segment_index": 71
      },
      {
        "cache_owner": "q0",
        "epic_prefix_rows": [
          0,
          1
        ],
        "fingerprint": "0d6ee10e10def3d2",
        "length": 256,
        "owner_tier": 0,
        "request": "q8",
        "segment_index": 72
      },
      {
        "cache_owner": "q0",
        "epic_prefix_rows": [
          0,
          1
        ],
        "fingerprint": "c1807afb81a20f51",
        "length": 256,
        "owner_tier": 0,
        "request": "q8",
        "segment_index": 73
      },
      {
        "cache_owner": "q0",
        "epic_prefix_rows": [
          0,
          1
        ],
        "fingerprint": "931d7f5b83731cc7",
        "length": 256,
        "owner_tier": 0,
        "request": "q8",
        "segment_index": 74
      },
      {
        "cache_owner": "q0",
        "epic_prefix_rows": [
          0,
          1
        ],
        "fingerprint": "de3ba4f43ce3a094",
        "length": 256,
        "owner_tier": 0,
        "request": "q8",
        "segment_index": 75
      },
      {
        "cache_owner": "q0",
        "epic_prefix_rows": [
          0,
          1
        ],
        "fingerprint": "549b6eeef884e61d",
        "length": 256,
        "owner_tier": 0,
        "request": "q8",
        "segment_index": 76
      },
      {
        "cache_owner": "q0",
        "epic_prefix_rows": [
          0,
          1
        ],
        "fingerprint": "8f21a2b7cbc6a1cc",
        "length": 256,
        "owner_tier": 0,
        "request": "q8",
        "segment_index": 77
      },
      {
        "cache_owner": "q0",
        "epic_prefix_rows": [
          0,
          1
        ],
        "fingerprint": "3327eb88b326572c",
        "length": 256,
        "owner_tier": 0,
        "request": "q8",
        "segment_index": 78
      },
      {
        "cache_owner": "q0",
        "epic_prefix_rows": [
          0,
          1
        ],
        "fingerprint": "828afffd0287a7fd",
        "length": 256,
        "owner_tier": 0,
        "request": "q8",
        "segment_index": 79
      },
      {
        "cache_owner": "q0",
        "epic_prefix_rows": [
          0,
          1
        ],
        "fingerprint": "2e40f41c46618477",
        "length": 256,
        "owner_tier": 0,
        "request": "q8",
        "segment_index": 80
      },
      {
        "cache_owner": "q0",
        "epic_prefix_rows": [
          0,
          1
        ],
        "fingerprint": "38fd9d00b6d09b58",
        "length": 256,
        "owner_tier": 0,
        "request": "q8",
        "segment_index": 81
      },
      {
        "cache_owner": "q0",
        "epic_prefix_rows": [
          0,
          1
        ],
        "fingerprint": "01ef803e6ca17df7",
        "length": 256,
        "owner_tier": 0,
        "request": "q8",
        "segment_index": 82
      },
      {
        "cache_owner": "q0",
        "epic_prefix_rows": [
          0,
          1
        ],
        "fingerprint": "70b457c38f944354",
        "length": 256,
        "owner_tier": 0,
        "request": "q8",
        "segment_index": 83
      },
      {
        "cache_owner": "q0",
        "epic_prefix_rows": [
          0,
          1
        ],
        "fingerprint": "e2614c2dedf4cf58",
        "length": 256,
        "owner_tier": 0,
        "request": "q8",
        "segment_index": 84
      },
      {
        "cache_owner": "q0",
        "epic_prefix_rows": [
          0,
          1
        ],
        "fingerprint": "b1ab14bf7fe90b52",
        "length": 256,
        "owner_tier": 0,
        "request": "q8",
        "segment_index": 85
      },
      {
        "cache_owner": "q0",
        "epic_prefix_rows": [
          0,
          1
        ],
        "fingerprint": "19b2326032573ee0",
        "length": 256,
        "owner_tier": 0,
        "request": "q8",
        "segment_index": 86
      },
      {
        "cache_owner": "q0",
        "epic_prefix_rows": [
          0,
          1
        ],
        "fingerprint": "f97f30f9dca3b30d",
        "length": 256,
        "owner_tier": 0,
        "request": "q8",
        "segment_index": 87
      },
      {
        "cache_owner": "q0",
        "epic_prefix_rows": [
          0,
          1
        ],
        "fingerprint": "9b66baa8d351f5fb",
        "length": 256,
        "owner_tier": 0,
        "request": "q8",
        "segment_index": 88
      },
      {
        "cache_owner": "q1",
        "epic_prefix_rows": [
          0,
          1
        ],
        "fingerprint": "1393d94e264cb21d",
        "length": 256,
        "owner_tier": 0,
        "request": "q8",
        "segment_index": 89
      },
      {
        "cache_owner": "q10",
        "epic_prefix_rows": [
          0,
          1
        ],
        "fingerprint": "5994a888fff74396",
        "length": 256,
        "owner_tier": 0,
        "request": "q8",
        "segment_index": 90
      },
      {
        "cache_owner": "q10",
        "epic_prefix_rows": [
          0,
          1
        ],
        "fingerprint": "7340d25484ecfb18",
        "length": 256,
        "owner_tier": 0,
        "request": "q8",
        "segment_index": 91
      },
      {
        "cache_owner": "q10",
        "epic_prefix_rows": [
          0,
          1
        ],
        "fingerprint": "6a4062e9346a79d0",
        "length": 256,
        "owner_tier": 0,
        "request": "q8",
        "segment_index": 92
      },
      {
        "cache_owner": "q10",
        "epic_prefix_rows": [
          0,
          1
        ],
        "fingerprint": "310d98fa063059f6",
        "length": 256,
        "owner_tier": 0,
        "request": "q8",
        "segment_index": 93
      },
      {
        "cache_owner": "q10",
        "epic_prefix_rows": [
          0,
          1
        ],
        "fingerprint": "7f08b641340dd17c",
        "length": 256,
        "owner_tier": 0,
        "request": "q8",
        "segment_index": 94
      },
      {
        "cache_owner": "q10",
        "epic_prefix_rows": [
          0,
          1
        ],
        "fingerprint": "264864c692eeca8a",
        "length": 256,
        "owner_tier": 0,
        "request": "q8",
        "segment_index": 95
      },
      {
        "cache_owner": "q10",
        "epic_prefix_rows": [
          0,
          1
        ],
        "fingerprint": "e155baafb2c3e476",
        "length": 256,
        "owner_tier": 0,
        "request": "q8",
        "segment_index": 96
      },
      {
        "cache_owner": "q0",
        "epic_prefix_rows": [],
        "fingerprint": "b4818fcedac6bc88",
        "length": 300,
        "owner_tier": 0,
        "request": "q9",
        "segment_index": 0
      },
      {
        "cache_owner": "q0",
        "epic_prefix_rows": [
          0,
          1
        ],
        "fingerprint": "6334e6823b55d024",
        "length": 256,
        "owner_tier": 0,
        "request": "q9",
        "segment_index": 1
      },
      {
        "cache_owner": "q0",
        "epic_prefix_rows": [
          0,
          1
        ],
        "fingerprint": "307e02ba0c9c8db6",
        "length": 256,
        "owner_tier": 0,
        "request": "q9",
        "segment_index": 2
      },
      {
        "cache_owner": "q0",
        "epic_prefix_rows": [
          0,
          1
        ],
        "fingerprint": "d8e088676ac0e994",
        "length": 256,
        "owner_tier": 0,
        "request": "q9",
        "segment_index": 3
      },
      {
        "cache_owner": "q0",
        "epic_prefix_rows": [
          0,
          1
        ],
        "fingerprint": "eba00dddf332f864",
        "length": 256,
        "owner_tier": 0,
        "request": "q9",
        "segment_index": 4
      },
      {
        "cache_owner": "q0",
        "epic_prefix_rows": [
          0,
          1
        ],
        "fingerprint": "16ff367edf27a427",
        "length": 256,
        "owner_tier": 0,
        "request": "q9",
        "segment_index": 5
      },
      {
        "cache_owner": "q0",
        "epic_prefix_rows": [
          0,
          1
        ],
        "fingerprint": "544559610dd737d8",
        "length": 256,
        "owner_tier": 0,
        "request": "q9",
        "segment_index": 6
      },
      {
        "cache_owner": "q0",
        "epic_prefix_rows": [
          0,
          1
        ],
        "fingerprint": "719d4f68cfcda7af",
        "length": 256,
        "owner_tier": 0,
        "request": "q9",
        "segment_index": 7
      },
      {
        "cache_owner": "q0",
        "epic_prefix_rows": [
          0,
          1
        ],
        "fingerprint": "de2eea82f07af94b",
        "length": 256,
        "owner_tier": 0,
        "request": "q9",
        "segment_index": 8
      },
      {
        "cache_owner": "q0",
        "epic_prefix_rows": [
          0,
          1
        ],
        "fingerprint": "3df9fb747ee9b3ed",
        "length": 256,
        "owner_tier": 0,
        "request": "q9",
        "segment_index": 9
      },
      {
        "cache_owner": "q0",
        "epic_prefix_rows": [
          0,
          1
        ],
        "fingerprint": "d84e94f761d8f171",
        "length": 256,
        "owner_tier": 0,
        "request": "q9",
        "segment_index": 10
      },
      {
        "cache_owner": "q0",
        "epic_prefix_rows": [
          0,
          1
        ],
        "fingerprint": "e69c516fc2d68c1b",
        "length": 256,
        "owner_tier": 0,
        "request": "q9",
        "segment_index": 11
      },
      {
        "cache_owner": "q0",
        "epic_prefix_rows": [
          0,
          1
        ],
        "fingerprint": "d679790103e8c53b",
        "length": 256,
        "owner_tier": 0,
        "request": "q9",
        "segment_index": 12
      },
      {
        "cache_owner": "q0",
        "epic_prefix_rows": [
          0,
          1
        ],
        "fingerprint": "ef9219752ae977de",
        "length": 256,
        "owner_tier": 0,
        "request": "q9",
        "segment_index": 13
      },
      {
        "cache_owner": "q0",
        "epic_prefix_rows": [
          0,
          1
        ],
        "fingerprint": "804751a4de0897b1",
        "length": 256,
        "owner_tier": 0,
        "request": "q9",
        "segment_index": 14
      },
      {
        "cache_owner": "q0",
        "epic_prefix_rows": [
          0,
          1
        ],
        "fingerprint": "408f7199c5ad6444",
        "length": 256,
        "owner_tier": 0,
        "request": "q9",
        "segment_index": 15
      },
      {
        "cache_owner": "q0",
        "epic_prefix_rows": [
          0,
          1
        ],
        "fingerprint": "0b61bf84de13cf6f",
        "length": 256,
        "owner_tier": 0,
        "request": "q9",
        "segment_index": 16
      },
      {
        "cache_owner": "q0",
        "epic_prefix_rows": [
          0,
          1
        ],
        "fingerprint": "f4cf28fc5b71edf3",
        "length": 256,
        "owner_tier": 0,
        "request": "q9",
        "segment_index": 17
      },
      {
        "cache_owner": "q0",
        "epic_prefix_rows": [
          0,
          1
        ],
        "fingerprint": "f4fdd0e52e878abf",
        "length": 256,
        "owner_tier": 0,
        "request": "q9",
        "segment_index": 18
      },
      {
        "cache_owner": "q0",
        "epic_prefix_rows": [
          0,
          1
        ],
        "fingerprint": "7ba29ac00739c4ea",
        "length": 256,
        "owner_tier": 0,
        "request": "q9",
        "segment_index": 19
      },
      {
        "cache_owner": "q0",
        "epic_prefix_rows": [
          0,
          1
        ],
        "fingerprint": "6c5246339cc01ead",
        "length": 256,
        "owner_tier": 0,
        "request": "q9",
        "segment_index": 20
      },
      {
        "cache_owner": "q0",
        "epic_prefix_rows": [
          0,
          1
        ],
        "fingerprint": "3e13ea33ffd365d2",
        "length": 256,
        "owner_tier": 0,
        "request": "q9",
        "segment_index": 21
      },
      {
        "cache_owner": "q0",
        "epic_prefix_rows": [
          0,
          1
        ],
        "fingerprint": "97a85315f7478ed8",
        "length": 256,
        "owner_tier": 0,
        "request": "q9",
        "segment_index": 22
      },
      {
        "cache_owner": "q0",
        "epic_prefix_rows": [
          0,
          1
        ],
        "fingerprint": "e2f20e8d23ad1f3c",
        "length": 256,
        "owner_tier": 0,
        "request": "q9",
        "segment_index": 23
      },
      {
        "cache_owner": "q0",
        "epic_prefix_rows": [
          0,
          1
        ],
        "fingerprint": "0d5323d6441850a7",
        "length": 256,
        "owner_tier": 0,
        "request": "q9",
        "segment_index": 24
      },
      {
        "cache_owner": "q0",
        "epic_prefix_rows": [
          0,
          1
        ],
        "fingerprint": "2bbeefee3ca77394",
        "length": 256,
        "owner_tier": 0,
        "request": "q9",
        "segment_index": 25
      },
      {
        "cache_owner": "q0",
        "epic_prefix_rows": [
          0,
          1
        ],
        "fingerprint": "28b214a69646c775",
        "length": 256,
        "owner_tier": 0,
        "request": "q9",
        "segment_index": 26
      },
      {
        "cache_owner": "q0",
        "epic_prefix_rows": [
          0,
          1
        ],
        "fingerprint": "196ab37f68eb91dd",
        "length": 256,
        "owner_tier": 0,
        "request": "q9",
        "segment_index": 27
      },
      {
        "cache_owner": "q0",
        "epic_prefix_rows": [
          0,
          1
        ],
        "fingerprint": "b289731a6de14025",
        "length": 256,
        "owner_tier": 0,
        "request": "q9",
        "segment_index": 28
      },
      {
        "cache_owner": "q0",
        "epic_prefix_rows": [
          0,
          1
        ],
        "fingerprint": "1fd8287b40b3ef05",
        "length": 256,
        "owner_tier": 0,
        "request": "q9",
        "segment_index": 29
      },
      {
        "cache_owner": "q0",
        "epic_prefix_rows": [
          0,
          1
        ],
        "fingerprint": "d655032a50b311c0",
        "length": 256,
        "owner_tier": 0,
        "request": "q9",
        "segment_index": 30
      },
      {
        "cache_owner": "q0",
        "epic_prefix_rows": [
          0,
          1
        ],
        "fingerprint": "68aa33941aec615e",
        "length": 256,
        "owner_tier": 0,
        "request": "q9",
        "segment_index": 31
      },
      {
        "cache_owner": "q0",
        "epic_prefix_rows": [
          0,
          1
        ],
        "fingerprint": "57edc36f5adb4077",
        "length": 256,
        "owner_tier": 0,
        "request": "q9",
        "segment_index": 32
      },
      {
        "cache_owner": "q0",
        "epic_prefix_rows": [
          0,
          1
        ],
        "fingerprint": "060fe3cc81c4e614",
        "length": 256,
        "owner_tier": 0,
        "request": "q9",
        "segment_index": 33
      },
      {
        "cache_owner": "q0",
        "epic_prefix_rows": [
          0,
          1
        ],
        "fingerprint": "2c3a90bf49014087",
        "length": 256,
        "owner_tier": 0,
        "request": "q9",
        "segment_index": 34
      },
      {
        "cache_owner": "q0",
        "epic_prefix_rows": [
          0,
          1
        ],
        "fingerprint": "b8b19851f0e91e8b",
        "length": 256,
        "owner_tier": 0,
        "request": "q9",
        "segment_index": 35
      },
      {
        "cache_owner": "q0",
        "epic_prefix_rows": [
          0,
          1
        ],
        "fingerprint": "0a24aa246267ca70",
        "length": 256,
        "owner_tier": 0,
        "request": "q9",
        "segment_index": 36
      },
      {
        "cache_owner": "q0",
        "epic_prefix_rows": [
          0,
          1
        ],
        "fingerprint": "39982a5ac106dc56",
        "length": 256,
        "owner_tier": 0,
        "request": "q9",
        "segment_index": 37
      },
      {
        "cache_owner": "q0",
        "epic_prefix_rows": [
          0,
          1
        ],
        "fingerprint": "5b4fec5265577019",
        "length": 256,
        "owner_tier": 0,
        "request": "q9",
        "segment_index": 38
      },
      {
        "cache_owner": "q0",
        "epic_prefix_rows": [
          0,
          1
        ],
        "fingerprint": "31754f310cc87cb9",
        "length": 256,
        "owner_tier": 0,
        "request": "q9",
        "segment_index": 39
      },
      {
        "cache_owner": "q0",
        "epic_prefix_rows": [
          0,
          1
        ],
        "fingerprint": "17914e14c68c53c7",
        "length": 256,
        "owner_tier": 0,
        "request": "q9",
        "segment_index": 40
      },
      {
        "cache_owner": "q0",
        "epic_prefix_rows": [
          0,
          1
        ],
        "fingerprint": "0d5ec49d1bd3dfc2",
        "length": 256,
        "owner_tier": 0,
        "request": "q9",
        "segment_index": 41
      },
      {
        "cache_owner": "q0",
        "epic_prefix_rows": [
          0,
          1
        ],
        "fingerprint": "c8ca1ee28f153785",
        "length": 256,
        "owner_tier": 0,
        "request": "q9",
        "segment_index": 42
      },
      {
        "cache_owner": "q0",
        "epic_prefix_rows": [
          0,
          1
        ],
        "fingerprint": "d2d59fe199246a8a",
        "length": 256,
        "owner_tier": 0,
        "request": "q9",
        "segment_index": 43
      },
      {
        "cache_owner": "q0",
        "epic_prefix_rows": [
          0,
          1
        ],
        "fingerprint": "f8c3ac43031f479d",
        "length": 256,
        "owner_tier": 0,
        "request": "q9",
        "segment_index": 44
      },
      {
        "cache_owner": "q0",
        "epic_prefix_rows": [
          0,
          1
        ],
        "fingerprint": "1a0ba2ae3b5af048",
        "length": 256,
        "owner_tier": 0,
        "request": "q9",
        "segment_index": 45
      },
      {
        "cache_owner": "q0",
        "epic_prefix_rows": [
          0,
          1
        ],
        "fingerprint": "4efa77b98545d7f9",
        "length": 256,
        "owner_tier": 0,
        "request": "q9",
        "segment_index": 46
      },
      {
        "cache_owner": "q0",
        "epic_prefix_rows": [
          0,
          1
        ],
        "fingerprint": "e8daa9461adadb50",
        "length": 256,
        "owner_tier": 0,
        "request": "q9",
        "segment_index": 47
      },
      {
        "cache_owner": "q0",
        "epic_prefix_rows": [
          0,
          1
        ],
        "fingerprint": "27676fe4288b5092",
        "length": 256,
        "owner_tier": 0,
        "request": "q9",
        "segment_index": 48
      },
      {
        "cache_owner": "q0",
        "epic_prefix_rows": [
          0,
          1
        ],
        "fingerprint": "4628056629d21f29",
        "length": 256,
        "owner_tier": 0,
        "request": "q9",
        "segment_index": 49
      },
      {
        "cache_owner": "q0",
        "epic_prefix_rows": [
          0,
          1
        ],
        "fingerprint": "9e222200b410e430",
        "length": 256,
        "owner_tier": 0,
        "request": "q9",
        "segment_index": 50
      },
      {
        "cache_owner": "q0",
        "epic_prefix_rows": [
          0,
          1
        ],
        "fingerprint": "7753df1b6f8c9278",
        "length": 256,
        "owner_tier": 0,
        "request": "q9",
        "segment_index": 51
      },
      {
        "cache_owner": "q0",
        "epic_prefix_rows": [
          0,
          1
        ],
        "fingerprint": "2601f658cc5d3594",
        "length": 256,
        "owner_tier": 0,
        "request": "q9",
        "segment_index": 52
      },
      {
        "cache_owner": "q0",
        "epic_prefix_rows": [
          0,
          1
        ],
        "fingerprint": "27013d93d3fccf89",
        "length": 256,
        "owner_tier": 0,
        "request": "q9",
        "segment_index": 53
      },
      {
        "cache_owner": "q0",
        "epic_prefix_rows": [
          0,
          1
        ],
        "fingerprint": "6880baf09f037c19",
        "length": 256,
        "owner_tier": 0,
        "request": "q9",
        "segment_index": 54
      },
      {
        "cache_owner": "q0",
        "epic_prefix_rows": [
          0,
          1
        ],
        "fingerprint": "0724e17672a95b93",
        "length": 256,
        "owner_tier": 0,
        "request": "q9",
        "segment_index": 55
      },
      {
        "cache_owner": "q0",
        "epic_prefix_rows": [
          0,
          1
        ],
        "fingerprint": "e3c449fc4cd656ce",
        "length": 256,
        "owner_tier": 0,
        "request": "q9",
        "segment_index": 56
      },
      {
        "cache_owner": "q0",
        "epic_prefix_rows": [
          0,
          1
        ],
        "fingerprint": "274f7d8aacaccf25",
        "length": 256,
        "owner_tier": 0,
        "request": "q9",
        "segment_index": 57
      },
      {
        "cache_owner": "q0",
        "epic_prefix_rows": [
          0,
          1
        ],
        "fingerprint": "146a74171fc8e908",
        "length": 256,
        "owner_tier": 0,
        "request": "q9",
        "segment_index": 58
      },
      {
        "cache_owner": "q0",
        "epic_prefix_rows": [
          0,
          1
        ],
        "fingerprint": "56421c8602f059e6",
        "length": 256,
        "owner_tier": 0,
        "request": "q9",
        "segment_index": 59
      },
      {
        "cache_owner": "q0",
        "epic_prefix_rows": [
          0,
          1
        ],
        "fingerprint": "357ad2bb54f67a0c",
        "length": 256,
        "owner_tier": 0,
        "request": "q9",
        "segment_index": 60
      },
      {
        "cache_owner": "q0",
        "epic_prefix_rows": [
          0,
          1
        ],
        "fingerprint": "008b81b4d6caa9c9",
        "length": 256,
        "owner_tier": 0,
        "request": "q9",
        "segment_index": 61
      },
      {
        "cache_owner": "q0",
        "epic_prefix_rows": [
          0,
          1
        ],
        "fingerprint": "189f6cf46a89a8af",
        "length": 256,
        "owner_tier": 0,
        "request": "q9",
        "segment_index": 62
      },
      {
        "cache_owner": "q0",
        "epic_prefix_rows": [
          0,
          1
        ],
        "fingerprint": "7ee8a980cd5e73db",
        "length": 256,
        "owner_tier": 0,
        "request": "q9",
        "segment_index": 63
      },
      {
        "cache_owner": "q0",
        "epic_prefix_rows": [
          0,
          1
        ],
        "fingerprint": "1e09fc3aa312bedf",
        "length": 256,
        "owner_tier": 0,
        "request": "q9",
        "segment_index": 64
      },
      {
        "cache_owner": "q0",
        "epic_prefix_rows": [
          0,
          1
        ],
        "fingerprint": "e83ba334f98641d8",
        "length": 256,
        "owner_tier": 0,
        "request": "q9",
        "segment_index": 65
      },
      {
        "cache_owner": "q0",
        "epic_prefix_rows": [
          0,
          1
        ],
        "fingerprint": "93ff15fd417be171",
        "length": 256,
        "owner_tier": 0,
        "request": "q9",
        "segment_index": 66
      },
      {
        "cache_owner": "q0",
        "epic_prefix_rows": [
          0,
          1
        ],
        "fingerprint": "014c9a04b4e916be",
        "length": 256,
        "owner_tier": 0,
        "request": "q9",
        "segment_index": 67
      },
      {
        "cache_owner": "q0",
        "epic_prefix_rows": [
          0,
          1
        ],
        "fingerprint": "84398fc658db81a5",
        "length": 256,
        "owner_tier": 0,
        "request": "q9",
        "segment_index": 68
      },
      {
        "cache_owner": "q0",
        "epic_prefix_rows": [
          0,
          1
        ],
        "fingerprint": "05d534e6a81b4210",
        "length": 256,
        "owner_tier": 0,
        "request": "q9",
        "segment_index": 69
      },
      {
        "cache_owner": "q0",
        "epic_prefix_rows": [
          0,
          1
        ],
        "fingerprint": "8c41295e89de23e3",
        "length": 256,
        "owner_tier": 0,
        "request": "q9",
        "segment_index": 70
      },
      {
        "cache_owner": "q0",
        "epic_prefix_rows": [
          0,
          1
        ],
        "fingerprint": "0d6ee10e10def3d2",
        "length": 256,
        "owner_tier": 0,
        "request": "q9",
        "segment_index": 71
      },
      {
        "cache_owner": "q0",
        "epic_prefix_rows": [
          0,
          1
        ],
        "fingerprint": "c1807afb81a20f51",
        "length": 256,
        "owner_tier": 0,
        "request": "q9",
        "segment_index": 72
      },
      {
        "cache_owner": "q0",
        "epic_prefix_rows": [
          0,
          1
        ],
        "fingerprint": "931d7f5b83731cc7",
        "length": 256,
        "owner_tier": 0,
        "request": "q9",
        "segment_index": 73
      },
      {
        "cache_owner": "q0",
        "epic_prefix_rows": [
          0,
          1
        ],
        "fingerprint": "de3ba4f43ce3a094",
        "length": 256,
        "owner_tier": 0,
        "request": "q9",
        "segment_index": 74
      },
      {
        "cache_owner": "q0",
        "epic_prefix_rows": [
          0,
          1
        ],
        "fingerprint": "549b6eeef884e61d",
        "length": 256,
        "owner_tier": 0,
        "request": "q9",
        "segment_index": 75
      },
      {
        "cache_owner": "q0",
        "epic_prefix_rows": [
          0,
          1
        ],
        "fingerprint": "8f21a2b7cbc6a1cc",
        "length": 256,
        "owner_tier": 0,
        "request": "q9",
        "segment_index": 76
      },
      {
        "cache_owner": "q0",
        "epic_prefix_rows": [
          0,
          1
        ],
        "fingerprint": "3327eb88b326572c",
        "length": 256,
        "owner_tier": 0,
        "request": "q9",
        "segment_index": 77
      },
      {
        "cache_owner": "q0",
        "epic_prefix_rows": [
          0,
          1
        ],
        "fingerprint": "828afffd0287a7fd",
        "length": 256,
        "owner_tier": 0,
        "request": "q9",
        "segment_index": 78
      },
      {
        "cache_owner": "q0",
        "epic_prefix_rows": [
          0,
          1
        ],
        "fingerprint": "2e40f41c46618477",
        "length": 256,
        "owner_tier": 0,
        "request": "q9",
        "segment_index": 79
      },
      {
        "cache_owner": "q0",
        "epic_prefix_rows": [
          0,
          1
        ],
        "fingerprint": "38fd9d00b6d09b58",
        "length": 256,
        "owner_tier": 0,
        "request": "q9",
        "segment_index": 80
      },
      {
        "cache_owner": "q0",
        "epic_prefix_rows": [
          0,
          1
        ],
        "fingerprint": "01ef803e6ca17df7",
        "length": 256,
        "owner_tier": 0,
        "request": "q9",
        "segment_index": 81
      },
      {
        "cache_owner": "q0",
        "epic_prefix_rows": [
          0,
          1
        ],
        "fingerprint": "70b457c38f944354",
        "length": 256,
        "owner_tier": 0,
        "request": "q9",
        "segment_index": 82
      },
      {
        "cache_owner": "q0",
        "epic_prefix_rows": [
          0,
          1
        ],
        "fingerprint": "e2614c2dedf4cf58",
        "length": 256,
        "owner_tier": 0,
        "request": "q9",
        "segment_index": 83
      },
      {
        "cache_owner": "q0",
        "epic_prefix_rows": [
          0,
          1
        ],
        "fingerprint": "b1ab14bf7fe90b52",
        "length": 256,
        "owner_tier": 0,
        "request": "q9",
        "segment_index": 84
      },
      {
        "cache_owner": "q0",
        "epic_prefix_rows": [
          0,
          1
        ],
        "fingerprint": "19b2326032573ee0",
        "length": 256,
        "owner_tier": 0,
        "request": "q9",
        "segment_index": 85
      },
      {
        "cache_owner": "q0",
        "epic_prefix_rows": [
          0,
          1
        ],
        "fingerprint": "f97f30f9dca3b30d",
        "length": 256,
        "owner_tier": 0,
        "request": "q9",
        "segment_index": 86
      },
      {
        "cache_owner": "q0",
        "epic_prefix_rows": [
          0,
          1
        ],
        "fingerprint": "9b66baa8d351f5fb",
        "length": 256,
        "owner_tier": 0,
        "request": "q9",
        "segment_index": 87
      },
      {
        "cache_owner": "q1",
        "epic_prefix_rows": [
          0,
          1
        ],
        "fingerprint": "1393d94e264cb21d",
        "length": 256,
        "owner_tier": 0,
        "request": "q9",
        "segment_index": 88
      },
      {
        "cache_owner": "q10",
        "epic_prefix_rows": [
          0,
          1
        ],
        "fingerprint": "5994a888fff74396",
        "length": 256,
        "owner_tier": 0,
        "request": "q9",
        "segment_index": 89
      },
      {
        "cache_owner": "q10",
        "epic_prefix_rows": [
          0,
          1
        ],
        "fingerprint": "7340d25484ecfb18",
        "length": 256,
        "owner_tier": 0,
        "request": "q9",
        "segment_index": 90
      },
      {
        "cache_owner": "q10",
        "epic_prefix_rows": [
          0,
          1
        ],
        "fingerprint": "6a4062e9346a79d0",
        "length": 256,
        "owner_tier": 0,
        "request": "q9",
        "segment_index": 91
      },
      {
        "cache_owner": "q10",
        "epic_prefix_rows": [
          0,
          1
        ],
        "fingerprint": "310d98fa063059f6",
        "length": 256,
        "owner_tier": 0,
        "request": "q9",
        "segment_index": 92
      },
      {
        "cache_owner": "q10",
        "epic_prefix_rows": [
          0,
          1
        ],
        "fingerprint": "7f08b641340dd17c",
        "length": 256,
        "owner_tier": 0,
        "request": "q9",
        "segment_index": 93
      },
      {
        "cache_owner": "q10",
        "epic_prefix_rows": [
          0,
          1
        ],
        "fingerprint": "264864c692eeca8a",
        "length": 256,
        "owner_tier": 0,
        "request": "q9",
        "segment_index": 94
      },
      {
        "cache_owner": "q10",
        "epic_prefix_rows": [
          0,
          1
        ],
        "fingerprint": "e155baafb2c3e476",
        "length": 256,
        "owner_tier": 0,
        "request": "q9",
        "segment_index": 95
      },
      {
        "cache_owner": "q10",
        "epic_prefix_rows": [
          0,
          1
        ],
        "fingerprint": "d029c68480eecff2",
        "length": 256,
        "owner_tier": 0,
        "request": "q9",
        "segment_index": 96
      }
    ],
    "reused_tokens": 270820
  },
  "tiers": {
    "0": [
      "q0",
      "q1",
      "q2",
      "q3",
      "q4",
      "q5",
      "q6",
      "q7",
      "q8",
      "q9",
      "q10",
      "q11"
    ]
  },
  "total_history_tokens": 0,
  "total_input_tokens": 299712,
  "total_output_tokens": 768
}
dgx-attacc: (A100a x 8), PIM:bank, [Lin, Lout, batch]: [2048, 128, 1]
Wrote ablation report to /data2/chenyi9/KV-PIM/attacc_drampim_xinyao/output/20260828-130628_workload_multisource_rag_n12s96_LLAMA3-8B_k2/dag_A2.json
REPORT_SUMMARY {"ablation": "A2", "decode_attn": "gpu", "energy_nj": 1041103318299.1172, "engine": "dag", "event_count": 7392, "kv_mapping": "none", "link_bytes": 319602819072, "makespan_s": 23.44431481196341, "pim_prefill_mode": "gpu", "policy": "recompute"}
