q,cached,total_kv,link_GBps_one_way,pim_mode,gpu_qk_us,gpu_softmax_us,gpu_pv_us,gpu_attention_us,pim_scan_us,pim_softmax_us,q_input_us,output_us,new_kv_transfer_us,cached_kv_readback_us,pim_kv_overlap_window_us,pim_new_kv_hidden_us,pim_new_kv_exposed_us,gpu_new_kv_hidden_us,gpu_new_kv_exposed_us,gpu_service_us,pim_service_us,gpu_over_pim_latency_ratio,signed_faster_side_latency_reduction,winner,shape_data_source,link_pricing,heatmap
1,1024,1025,32,mq,10.033780710374844,0.15541204548645235,10.033780710374844,20.22297346623614,1.54569,0.04892601431980907,0.256,0.256,0.512,524.288,0.736702,0.512,0,0.512,0,544.5109734662361,2.106616014319809,258.4766135664499,0.9961311780350182,PIM,original sweep,Analytical transfer and overlap terms; native scan and GPU operator costs unchanged,link_Q
2,1024,1026,32,mq,10.131045907623193,0.311127333988488,10.131045907623193,20.573219149234873,1.849445,0.09794749403341288,0.512,0.512,1.024,524.288,0.856666,0.856666,0.16733399999999998,1.024,0,544.8612191492349,3.138726494033413,173.59308629948902,0.9942394019179153,PIM,original sweep,Analytical transfer and overlap terms; native scan and GPU operator costs unchanged,link_Q
4,1024,1028,32,mq,10.326031166643268,0.6234676400393093,10.326031166643268,21.275529973325845,2.0924490000000002,0.19627684964200476,1.024,1.024,2.048,524.288,0.9058820000000001,0.9058820000000001,1.142118,2.048,0,545.5635299733259,5.478843849642005,99.57639694531059,0.9899574594916382,PIM,original sweep,Analytical transfer and overlap terms; native scan and GPU operator costs unchanged,link_Q
8,1024,1032,32,mq,10.71782114277692,1.2517871683279518,10.71782114277692,22.68742945388179,2.8406860000000003,0.39408114558472557,2.048,2.048,4.096,524.288,1.0996700000000001,1.0996700000000001,2.99633,4.096,0,546.9754294538818,10.327097145584725,52.96507060435054,0.9811196324560765,PIM,original sweep,Analytical transfer and overlap terms; native scan and GPU operator costs unchanged,link_Q
16,1024,1040,32,mq,11.508678927418224,2.522981889653236,11.508678927418224,25.540339744489685,5.6813720000000005,0.794272076372315,4.096,4.096,8.192,524.288,1.0996700000000001,1.0996700000000001,7.0923300000000005,8.192,0,549.8283397444897,21.759974076372316,25.267876598323298,0.9604240587407984,PIM,original sweep,Analytical transfer and overlap terms; native scan and GPU operator costs unchanged,link_Q
32,1024,1056,32,mq,13.119505826196828,5.123593991295802,13.119505826196828,31.36260564368946,11.405808,1.612983293556086,8.192,8.192,16.384,524.288,1.0996700000000001,1.0996700000000001,15.28433,16.384,0,555.6506056436895,44.68712129355609,12.434244801618371,0.9195769412654764,PIM,original sweep,Analytical transfer and overlap terms; native scan and GPU operator costs unchanged,link_Q
48,1024,1072,32,mq,14.769147830970098,7.801836304927699,14.769147830970098,37.340131966867894,17.21022,2.456133651551313,12.288,12.288,24.576,524.288,1.0996700000000001,1.0996700000000001,23.47633,24.576,0,561.628131966868,67.71868365155132,8.293547684074069,0.8794243382816403,PIM,original sweep,Analytical transfer and overlap terms; native scan and GPU operator costs unchanged,link_Q
64,1024,1088,32,mq,16.457604941738033,10.557708830548926,16.457604941738033,43.47291871402499,23.033087999999996,3.323723150357995,16.384,16.384,32.768,524.288,1.0996700000000001,1.0996700000000001,31.66833,32.768,0,567.760918714025,90.79314115035798,6.253345919311069,0.8400856097034578,PIM,original sweep,Analytical transfer and overlap terms; native scan and GPU operator costs unchanged,link_Q
96,1024,1120,32,mq,19.9509644812579,16.302344517759373,19.9509644812579,56.20427348027517,34.844928,5.132219570405728,24.576,24.576,49.152,524.288,1.0996700000000001,1.0996700000000001,48.05233,49.152,0,580.4922734802752,137.18147757040572,4.231564521400849,0.7636807863988442,PIM,original sweep,Analytical transfer and overlap terms; native scan and GPU operator costs unchanged,link_Q
128,1024,1152,32,mq,23.599584444756424,22.357501052927137,23.599584444756424,69.55666994243998,47.23505599999999,7.038472553699283,32.768,32.768,65.536,524.288,1.0996700000000001,1.0996700000000001,64.43633,65.536,0,593.84466994244,184.24585855369926,3.22311000423036,0.6897406546200747,PIM,original sweep,Analytical transfer and overlap terms; native scan and GPU operator costs unchanged,link_Q
192,1024,1216,32,mq,31.36260564368946,35.39937666713463,31.36260564368946,98.12458795451356,73.15958400000001,11.144248210023866,49.152,49.152,98.304,524.288,1.0996700000000001,1.0996700000000001,97.20433,98.304,0,622.4125879545136,279.81216221002387,2.224394333107428,0.5504394229403459,PIM,original sweep,Analytical transfer and overlap terms; native scan and GPU operator costs unchanged,link_Q
256,1024,1280,32,mq,39.746668538537136,49.68333567317142,39.746668538537136,129.1766727502457,101.38495999999998,15.64105011933174,65.536,65.536,131.072,524.288,1.0996700000000001,1.0996700000000001,129.97233,131.072,0,653.4646727502457,378.0703401193317,1.7284208873512539,0.4214372162948887,PIM,original sweep,Analytical transfer and overlap terms; native scan and GPU operator costs unchanged,link_Q
384,1024,1408,32,mq,59.88982153846154,81.97750386073284,59.88982153846154,201.75714693765593,169.31534400000004,25.807732696897375,98.304,98.304,196.608,524.288,1.0996700000000001,1.0996700000000001,195.50833,196.608,0,726.045146937656,587.2394066968974,1.236369934745205,0.19118059094013554,PIM,original sweep,Analytical transfer and overlap terms; native scan and GPU operator costs unchanged,link_Q
512,1024,1536,32,mq,87.1124676923077,119.24000561561141,87.1124676923077,293.4649410002268,239.5834880000002,37.53852028639618,131.072,131.072,262.144,524.288,1.0996700000000001,1.0996700000000001,261.04433,262.144,0,817.7529410002269,800.3103382863965,1.02179479869169,0.02132991743508211,PIM,original sweep,Analytical transfer and overlap terms; native scan and GPU operator costs unchanged,link_Q
768,1024,1792,32,mq,152.4468184615385,208.67000982731997,152.4468184615385,513.563646750397,451.8767039999996,65.69241050119332,196.608,196.608,393.216,524.288,1.0996700000000001,1.0996700000000001,392.11633,393.216,0,1037.8516467503969,1302.901444501193,0.7965695725724913,-0.2034304274275087,GPU,original sweep,Analytical transfer and overlap terms; native scan and GPU operator costs unchanged,link_Q
1024,1024,2048,32,mq,232.29991384615388,317.9733483082971,232.29991384615388,782.5731760006049,684.102400000002,100.10272076372314,262.144,262.144,524.288,524.288,1.0996700000000001,1.0996700000000001,523.1883300000001,524.288,0,1306.861176000605,1831.681450763725,0.7134762299720321,-0.28652377002796786,GPU,original sweep,Analytical transfer and overlap terms; native scan and GPU operator costs unchanged,link_Q
1536,1024,2560,32,mq,435.5623384615385,596.200028078057,435.5623384615385,1467.324705001134,1269.3298559999976,187.6926014319809,393.216,393.216,786.432,524.288,1.0996700000000001,1.0996700000000001,785.3323300000001,786.432,0,1991.612705001134,3028.7867874319786,0.6575612100744025,-0.3424387899255975,GPU,supplement,Analytical transfer and overlap terms; native scan and GPU operator costs unchanged,link_Q
2048,1024,3072,32,mq,696.8997415384616,953.9200449248913,696.8997415384616,2347.7195280018145,1939.1104000000041,300.3081622911694,524.288,524.288,1048.576,524.288,1.0996700000000001,1.0996700000000001,1047.47633,1048.576,0,2872.0075280018145,4335.470892291174,0.662444195648616,-0.33755580435138394,GPU,supplement,Analytical transfer and overlap terms; native scan and GPU operator costs unchanged,link_Q
1,1024,1025,48,mq,10.033780710374844,0.15541204548645235,10.033780710374844,20.22297346623614,1.54569,0.04892601431980907,0.17066666666666666,0.17066666666666666,0.3413333333333333,349.5253333333333,0.736702,0.3413333333333333,0,0.3413333333333333,0,369.7483067995695,1.9359493476531424,190.9906926272619,0.9947641427640057,PIM,original sweep,Analytical transfer and overlap terms; native scan and GPU operator costs unchanged,link_Q
2,1024,1026,48,mq,10.131045907623193,0.311127333988488,10.131045907623193,20.573219149234873,1.849445,0.09794749403341288,0.3413333333333333,0.3413333333333333,0.6826666666666666,349.5253333333333,0.856666,0.6826666666666666,0,0.6826666666666666,0,370.0985524825682,2.6300591607000796,140.71871766719266,0.9928936248384167,PIM,original sweep,Analytical transfer and overlap terms; native scan and GPU operator costs unchanged,link_Q
4,1024,1028,48,mq,10.326031166643268,0.6234676400393093,10.326031166643268,21.275529973325845,2.0924490000000002,0.19627684964200476,0.6826666666666666,0.6826666666666666,1.3653333333333333,349.5253333333333,0.9058820000000001,0.9058820000000001,0.4594513333333332,1.3653333333333333,0,370.80086330665915,4.113510516308671,90.14219407889192,0.9889064160217267,PIM,original sweep,Analytical transfer and overlap terms; native scan and GPU operator costs unchanged,link_Q
8,1024,1032,48,mq,10.71782114277692,1.2517871683279518,10.71782114277692,22.68742945388179,2.8406860000000003,0.39408114558472557,1.3653333333333333,1.3653333333333333,2.7306666666666666,349.5253333333333,1.0996700000000001,1.0996700000000001,1.6309966666666664,2.7306666666666666,0,372.2127627872151,7.596430478918059,48.998376779751496,0.9795911606522187,PIM,original sweep,Analytical transfer and overlap terms; native scan and GPU operator costs unchanged,link_Q
16,1024,1040,48,mq,11.508678927418224,2.522981889653236,11.508678927418224,25.540339744489685,5.6813720000000005,0.794272076372315,2.7306666666666666,2.7306666666666666,5.461333333333333,349.5253333333333,1.0996700000000001,1.0996700000000001,4.361663333333333,5.461333333333333,0,375.065673077823,16.29864074303898,23.012082970048322,0.9565445682904254,PIM,original sweep,Analytical transfer and overlap terms; native scan and GPU operator costs unchanged,link_Q
32,1024,1056,48,mq,13.119505826196828,5.123593991295802,13.119505826196828,31.36260564368946,11.405808,1.612983293556086,5.461333333333333,5.461333333333333,10.922666666666666,349.5253333333333,1.0996700000000001,1.0996700000000001,9.822996666666667,10.922666666666666,0,380.88793897702277,33.76445462688942,11.280737189034598,0.9113533111140958,PIM,original sweep,Analytical transfer and overlap terms; native scan and GPU operator costs unchanged,link_Q
48,1024,1072,48,mq,14.769147830970098,7.801836304927699,14.769147830970098,37.340131966867894,17.21022,2.456133651551313,8.192,8.192,16.384,349.5253333333333,1.0996700000000001,1.0996700000000001,15.28433,16.384,0,386.8654653002012,51.334683651551316,7.536141995656581,0.8673061096013922,PIM,original sweep,Analytical transfer and overlap terms; native scan and GPU operator costs unchanged,link_Q
64,1024,1088,48,mq,16.457604941738033,10.557708830548926,16.457604941738033,43.47291871402499,23.033087999999996,3.323723150357995,10.922666666666666,10.922666666666666,21.845333333333333,349.5253333333333,1.0996700000000001,1.0996700000000001,20.745663333333333,21.845333333333333,0,392.99825204735833,68.94780781702465,5.699938322771719,0.8245595051432543,PIM,original sweep,Analytical transfer and overlap terms; native scan and GPU operator costs unchanged,link_Q
96,1024,1120,48,mq,19.9509644812579,16.302344517759373,19.9509644812579,56.20427348027517,34.844928,5.132219570405728,16.384,16.384,32.768,349.5253333333333,1.0996700000000001,1.0996700000000001,31.66833,32.768,0,405.7296068136085,104.41347757040573,3.8857972768891456,0.7426525552561583,PIM,original sweep,Analytical transfer and overlap terms; native scan and GPU operator costs unchanged,link_Q
128,1024,1152,48,mq,23.599584444756424,22.357501052927137,23.599584444756424,69.55666994243998,47.23505599999999,7.038472553699283,21.845333333333333,21.845333333333333,43.690666666666665,349.5253333333333,1.0996700000000001,1.0996700000000001,42.59099666666666,43.690666666666665,0,419.08200327577333,140.5551918870326,2.981618805035669,0.6646117208842741,PIM,original sweep,Analytical transfer and overlap terms; native scan and GPU operator costs unchanged,link_Q
192,1024,1216,48,mq,31.36260564368946,35.39937666713463,31.36260564368946,98.12458795451356,73.15958400000001,11.144248210023866,32.768,32.768,65.536,349.5253333333333,1.0996700000000001,1.0996700000000001,64.43633,65.536,0,447.6499212878469,214.27616221002387,2.089126091632538,0.5213309507715953,PIM,original sweep,Analytical transfer and overlap terms; native scan and GPU operator costs unchanged,link_Q
256,1024,1280,48,mq,39.746668538537136,49.68333567317142,39.746668538537136,129.1766727502457,101.38495999999998,15.64105011933174,43.690666666666665,43.690666666666665,87.38133333333333,349.5253333333333,1.0996700000000001,1.0996700000000001,86.28166333333333,87.38133333333333,0,478.702006083579,290.68900678599834,1.646784002519894,0.3927558207574224,PIM,original sweep,Analytical transfer and overlap terms; native scan and GPU operator costs unchanged,link_Q
384,1024,1408,48,mq,59.88982153846154,81.97750386073284,59.88982153846154,201.75714693765593,169.31534400000004,25.807732696897375,65.536,65.536,131.072,349.5253333333333,1.0996700000000001,1.0996700000000001,129.97233,131.072,0,551.2824802709893,456.16740669689744,1.2085091397976433,0.1725341852462587,PIM,original sweep,Analytical transfer and overlap terms; native scan and GPU operator costs unchanged,link_Q
512,1024,1536,48,mq,87.1124676923077,119.24000561561141,87.1124676923077,293.4649410002268,239.5834880000002,37.53852028639618,87.38133333333333,87.38133333333333,174.76266666666666,349.5253333333333,1.0996700000000001,1.0996700000000001,173.66299666666666,174.76266666666666,0,642.9902743335601,625.5476716197297,1.0278837305375406,0.027127319665774318,PIM,original sweep,Analytical transfer and overlap terms; native scan and GPU operator costs unchanged,link_Q
768,1024,1792,48,mq,152.4468184615385,208.67000982731997,152.4468184615385,513.563646750397,451.8767039999996,65.69241050119332,131.072,131.072,262.144,349.5253333333333,1.0996700000000001,1.0996700000000001,261.04433,262.144,0,863.0889800837303,1040.7574445011928,0.829289268737718,-0.17071073126228198,GPU,original sweep,Analytical transfer and overlap terms; native scan and GPU operator costs unchanged,link_Q
1024,1024,2048,48,mq,232.29991384615388,317.9733483082971,232.29991384615388,782.5731760006049,684.102400000002,100.10272076372314,174.76266666666666,174.76266666666666,349.5253333333333,349.5253333333333,1.0996700000000001,1.0996700000000001,348.4256633333333,349.5253333333333,0,1132.0985093339382,1482.156117430392,0.7638186666170179,-0.2361813333829821,GPU,original sweep,Analytical transfer and overlap terms; native scan and GPU operator costs unchanged,link_Q
1536,1024,2560,48,mq,435.5623384615385,596.200028078057,435.5623384615385,1467.324705001134,1269.3298559999976,187.6926014319809,262.144,262.144,524.288,349.5253333333333,1.0996700000000001,1.0996700000000001,523.1883300000001,524.288,0,1816.8500383344672,2504.4987874319786,0.725434584936413,-0.27456541506358695,GPU,supplement,Analytical transfer and overlap terms; native scan and GPU operator costs unchanged,link_Q
2048,1024,3072,48,mq,696.8997415384616,953.9200449248913,696.8997415384616,2347.7195280018145,1939.1104000000041,300.3081622911694,349.5253333333333,349.5253333333333,699.0506666666666,349.5253333333333,1.0996700000000001,1.0996700000000001,697.9509966666667,699.0506666666666,0,2697.244861335148,3636.420225624507,0.7417307940178811,-0.2582692059821189,GPU,supplement,Analytical transfer and overlap terms; native scan and GPU operator costs unchanged,link_Q
1,1024,1025,64,mq,10.033780710374844,0.15541204548645235,10.033780710374844,20.22297346623614,1.54569,0.04892601431980907,0.128,0.128,0.256,262.144,0.736702,0.256,0,0.256,0,282.3669734662361,1.8506160143198092,152.5799902742221,0.9934460606649484,PIM,original sweep,Analytical transfer and overlap terms; native scan and GPU operator costs unchanged,link_Q
2,1024,1026,64,mq,10.131045907623193,0.311127333988488,10.131045907623193,20.573219149234873,1.849445,0.09794749403341288,0.256,0.256,0.512,262.144,0.856666,0.512,0,0.512,0,282.7172191492349,2.4593924940334126,114.9540871719819,0.9913008747700819,PIM,original sweep,Analytical transfer and overlap terms; native scan and GPU operator costs unchanged,link_Q
4,1024,1028,64,mq,10.326031166643268,0.6234676400393093,10.326031166643268,21.275529973325845,2.0924490000000002,0.19627684964200476,0.512,0.512,1.024,262.144,0.9058820000000001,0.9058820000000001,0.11811799999999995,1.024,0,283.41952997332584,3.430843849642005,82.6092770158862,0.9878948220330303,PIM,original sweep,Analytical transfer and overlap terms; native scan and GPU operator costs unchanged,link_Q
8,1024,1032,64,mq,10.71782114277692,1.2517871683279518,10.71782114277692,22.68742945388179,2.8406860000000003,0.39408114558472557,1.024,1.024,2.048,262.144,1.0996700000000001,1.0996700000000001,0.9483299999999999,2.048,0,284.8314294538818,6.231097145584725,45.711280501493974,0.978123561864181,PIM,original sweep,Analytical transfer and overlap terms; native scan and GPU operator costs unchanged,link_Q
16,1024,1040,64,mq,11.508678927418224,2.522981889653236,11.508678927418224,25.540339744489685,5.6813720000000005,0.794272076372315,2.048,2.048,4.096,262.144,1.0996700000000001,1.0996700000000001,2.99633,4.096,0,287.6843397444897,13.567974076372316,21.2031905518947,0.9528372865606002,PIM,original sweep,Analytical transfer and overlap terms; native scan and GPU operator costs unchanged,link_Q
32,1024,1056,64,mq,13.119505826196828,5.123593991295802,13.119505826196828,31.36260564368946,11.405808,1.612983293556086,4.096,4.096,8.192,262.144,1.0996700000000001,1.0996700000000001,7.0923300000000005,8.192,0,293.50660564368945,28.303121293556085,10.37011439831951,0.9035690483643988,PIM,original sweep,Analytical transfer and overlap terms; native scan and GPU operator costs unchanged,link_Q
48,1024,1072,64,mq,14.769147830970098,7.801836304927699,14.769147830970098,37.340131966867894,17.21022,2.456133651551313,6.144,6.144,12.288,262.144,1.0996700000000001,1.0996700000000001,11.18833,12.288,0,299.4841319668679,43.14268365155131,6.941713092901191,0.8559433404093536,PIM,original sweep,Analytical transfer and overlap terms; native scan and GPU operator costs unchanged,link_Q
64,1024,1088,64,mq,16.457604941738033,10.557708830548926,16.457604941738033,43.47291871402499,23.033087999999996,3.323723150357995,8.192,8.192,16.384,262.144,1.0996700000000001,1.0996700000000001,15.28433,16.384,0,305.616918714025,58.02514115035798,5.2669741538774275,0.810137667134018,PIM,original sweep,Analytical transfer and overlap terms; native scan and GPU operator costs unchanged,link_Q
96,1024,1120,64,mq,19.9509644812579,16.302344517759373,19.9509644812579,56.20427348027517,34.844928,5.132219570405728,12.288,12.288,24.576,262.144,1.0996700000000001,1.0996700000000001,23.47633,24.576,0,318.34827348027517,88.02947757040573,3.6163826284855674,0.7234805874458118,PIM,original sweep,Analytical transfer and overlap terms; native scan and GPU operator costs unchanged,link_Q
128,1024,1152,64,mq,23.599584444756424,22.357501052927137,23.599584444756424,69.55666994243998,47.23505599999999,7.038472553699283,16.384,16.384,32.768,262.144,1.0996700000000001,1.0996700000000001,31.66833,32.768,0,331.70066994243996,118.70985855369926,2.794213336480329,0.6421175194662736,PIM,original sweep,Analytical transfer and overlap terms; native scan and GPU operator costs unchanged,link_Q
192,1024,1216,64,mq,31.36260564368946,35.39937666713463,31.36260564368946,98.12458795451356,73.15958400000001,11.144248210023866,24.576,24.576,49.152,262.144,1.0996700000000001,1.0996700000000001,48.05233,49.152,0,360.2685879545136,181.5081622100239,1.984861636897878,0.4961865444873574,PIM,original sweep,Analytical transfer and overlap terms; native scan and GPU operator costs unchanged,link_Q
256,1024,1280,64,mq,39.746668538537136,49.68333567317142,39.746668538537136,129.1766727502457,101.38495999999998,15.64105011933174,32.768,32.768,65.536,262.144,1.0996700000000001,1.0996700000000001,64.43633,65.536,0,391.3206727502457,246.99834011933171,1.584304868450484,0.3688083525375759,PIM,original sweep,Analytical transfer and overlap terms; native scan and GPU operator costs unchanged,link_Q
384,1024,1408,64,mq,59.88982153846154,81.97750386073284,59.88982153846154,201.75714693765593,169.31534400000004,25.807732696897375,49.152,49.152,98.304,262.144,1.0996700000000001,1.0996700000000001,97.20433,98.304,0,463.90114693765594,390.63140669689744,1.1875674586954312,0.15794257186996194,PIM,original sweep,Analytical transfer and overlap terms; native scan and GPU operator costs unchanged,link_Q
512,1024,1536,64,mq,87.1124676923077,119.24000561561141,87.1124676923077,293.4649410002268,239.5834880000002,37.53852028639618,65.536,65.536,131.072,262.144,1.0996700000000001,1.0996700000000001,129.97233,131.072,0,555.6089410002269,538.1663382863965,1.0324111737820139,0.031393668148013636,PIM,original sweep,Analytical transfer and overlap terms; native scan and GPU operator costs unchanged,link_Q
768,1024,1792,64,mq,152.4468184615385,208.67000982731997,152.4468184615385,513.563646750397,451.8767039999996,65.69241050119332,98.304,98.304,196.608,262.144,1.0996700000000001,1.0996700000000001,195.50833,196.608,0,775.707646750397,909.6854445011929,0.8527207414819528,-0.1472792585180473,GPU,original sweep,Analytical transfer and overlap terms; native scan and GPU operator costs unchanged,link_Q
1024,1024,2048,64,mq,232.29991384615388,317.9733483082971,232.29991384615388,782.5731760006049,684.102400000002,100.10272076372314,131.072,131.072,262.144,262.144,1.0996700000000001,1.0996700000000001,261.04433,262.144,0,1044.717176000605,1307.3934507637252,0.7990839906612078,-0.20091600933879214,GPU,original sweep,Analytical transfer and overlap terms; native scan and GPU operator costs unchanged,link_Q
1536,1024,2560,64,mq,435.5623384615385,596.200028078057,435.5623384615385,1467.324705001134,1269.3298559999976,187.6926014319809,196.608,196.608,393.216,262.144,1.0996700000000001,1.0996700000000001,392.11633,393.216,0,1729.468705001134,2242.3547874319784,0.77127344642093,-0.22872655357906996,GPU,supplement,Analytical transfer and overlap terms; native scan and GPU operator costs unchanged,link_Q
2048,1024,3072,64,mq,696.8997415384616,953.9200449248913,696.8997415384616,2347.7195280018145,1939.1104000000041,300.3081622911694,262.144,262.144,524.288,262.144,1.0996700000000001,1.0996700000000001,523.1883300000001,524.288,0,2609.8635280018143,3286.8948922911736,0.7940209874440416,-0.20597901255595844,GPU,supplement,Analytical transfer and overlap terms; native scan and GPU operator costs unchanged,link_Q
1,1024,1025,96,mq,10.033780710374844,0.15541204548645235,10.033780710374844,20.22297346623614,1.54569,0.04892601431980907,0.08533333333333333,0.08533333333333333,0.17066666666666666,174.76266666666666,0.736702,0.17066666666666666,0,0.17066666666666666,0,194.9856401329028,1.765282680986476,110.45575999416754,0.9909466016072607,PIM,original sweep,Analytical transfer and overlap terms; native scan and GPU operator costs unchanged,link_Q
2,1024,1026,96,mq,10.131045907623193,0.311127333988488,10.131045907623193,20.573219149234873,1.849445,0.09794749403341288,0.17066666666666666,0.17066666666666666,0.3413333333333333,174.76266666666666,0.856666,0.3413333333333333,0,0.3413333333333333,0,195.33588581590152,2.288725827366746,85.34700114807629,0.9882831266881305,PIM,original sweep,Analytical transfer and overlap terms; native scan and GPU operator costs unchanged,link_Q
4,1024,1028,96,mq,10.326031166643268,0.6234676400393093,10.326031166643268,21.275529973325845,2.0924490000000002,0.19627684964200476,0.3413333333333333,0.3413333333333333,0.6826666666666666,174.76266666666666,0.9058820000000001,0.6826666666666666,0,0.6826666666666666,0,196.03819663999252,2.9713925163086716,65.9751936386811,0.9848427879503229,PIM,original sweep,Analytical transfer and overlap terms; native scan and GPU operator costs unchanged,link_Q
8,1024,1032,96,mq,10.71782114277692,1.2517871683279518,10.71782114277692,22.68742945388179,2.8406860000000003,0.39408114558472557,0.6826666666666666,0.6826666666666666,1.3653333333333333,174.76266666666666,1.0996700000000001,1.0996700000000001,0.26566333333333314,1.3653333333333333,0,197.45009612054844,4.865763812251393,40.579465781588794,0.9753569944616247,PIM,original sweep,Analytical transfer and overlap terms; native scan and GPU operator costs unchanged,link_Q
16,1024,1040,96,mq,11.508678927418224,2.522981889653236,11.508678927418224,25.540339744489685,5.6813720000000005,0.794272076372315,1.3653333333333333,1.3653333333333333,2.7306666666666666,174.76266666666666,1.0996700000000001,1.0996700000000001,1.6309966666666664,2.7306666666666666,0,200.30300641115633,10.83730740970565,18.48272812043418,0.9458954331046823,PIM,original sweep,Analytical transfer and overlap terms; native scan and GPU operator costs unchanged,link_Q
32,1024,1056,96,mq,13.119505826196828,5.123593991295802,13.119505826196828,31.36260564368946,11.405808,1.612983293556086,2.7306666666666666,2.7306666666666666,5.461333333333333,174.76266666666666,1.0996700000000001,1.0996700000000001,4.361663333333333,5.461333333333333,0,206.1252723103561,22.841787960222753,9.024042805637968,0.8891849228180492,PIM,original sweep,Analytical transfer and overlap terms; native scan and GPU operator costs unchanged,link_Q
48,1024,1072,96,mq,14.769147830970098,7.801836304927699,14.769147830970098,37.340131966867894,17.21022,2.456133651551313,4.096,4.096,8.192,174.76266666666666,1.0996700000000001,1.0996700000000001,7.0923300000000005,8.192,0,212.10279863353455,34.950683651551316,6.068630895696948,0.8352181872341149,PIM,original sweep,Analytical transfer and overlap terms; native scan and GPU operator costs unchanged,link_Q
64,1024,1088,96,mq,16.457604941738033,10.557708830548926,16.457604941738033,43.47291871402499,23.033087999999996,3.323723150357995,5.461333333333333,5.461333333333333,10.922666666666666,174.76266666666666,1.0996700000000001,1.0996700000000001,9.822996666666667,10.922666666666666,0,218.23558538069165,47.102474483691324,4.633208504921607,0.784166847026687,PIM,original sweep,Analytical transfer and overlap terms; native scan and GPU operator costs unchanged,link_Q
96,1024,1120,96,mq,19.9509644812579,16.302344517759373,19.9509644812579,56.20427348027517,34.844928,5.132219570405728,8.192,8.192,16.384,174.76266666666666,1.0996700000000001,1.0996700000000001,15.28433,16.384,0,230.96694014694182,71.64547757040573,3.2237476527387443,0.6898020230738448,PIM,original sweep,Analytical transfer and overlap terms; native scan and GPU operator costs unchanged,link_Q
128,1024,1152,96,mq,23.599584444756424,22.357501052927137,23.599584444756424,69.55666994243998,47.23505599999999,7.038472553699283,10.922666666666666,10.922666666666666,21.845333333333333,174.76266666666666,1.0996700000000001,1.0996700000000001,20.745663333333333,21.845333333333333,0,244.31933660910664,96.86452522036595,2.522278781145959,0.6035331195445156,PIM,original sweep,Analytical transfer and overlap terms; native scan and GPU operator costs unchanged,link_Q
192,1024,1216,96,mq,31.36260564368946,35.39937666713463,31.36260564368946,98.12458795451356,73.15958400000001,11.144248210023866,16.384,16.384,32.768,174.76266666666666,1.0996700000000001,1.0996700000000001,31.66833,32.768,0,272.8872546211802,148.74016221002387,1.8346575031689043,0.4549391380828551,PIM,original sweep,Analytical transfer and overlap terms; native scan and GPU operator costs unchanged,link_Q
256,1024,1280,96,mq,39.746668538537136,49.68333567317142,39.746668538537136,129.1766727502457,101.38495999999998,15.64105011933174,21.845333333333333,21.845333333333333,43.690666666666665,174.76266666666666,1.0996700000000001,1.0996700000000001,42.59099666666666,43.690666666666665,0,303.9393394169124,203.30767345266503,1.4949722962014853,0.3310912834031376,PIM,original sweep,Analytical transfer and overlap terms; native scan and GPU operator costs unchanged,link_Q
384,1024,1408,96,mq,59.88982153846154,81.97750386073284,59.88982153846154,201.75714693765593,169.31534400000004,25.807732696897375,32.768,32.768,65.536,174.76266666666666,1.0996700000000001,1.0996700000000001,64.43633,65.536,0,376.5198136043226,325.0954066968974,1.1581825084208919,0.1365782225778592,PIM,original sweep,Analytical transfer and overlap terms; native scan and GPU operator costs unchanged,link_Q
512,1024,1536,96,mq,87.1124676923077,119.24000561561141,87.1124676923077,293.4649410002268,239.5834880000002,37.53852028639618,43.690666666666665,43.690666666666665,87.38133333333333,174.76266666666666,1.0996700000000001,1.0996700000000001,86.28166333333333,87.38133333333333,0,468.2276076668935,450.78500495306304,1.0386938396845002,0.03725240124294312,PIM,original sweep,Analytical transfer and overlap terms; native scan and GPU operator costs unchanged,link_Q
768,1024,1792,96,mq,152.4468184615385,208.67000982731997,152.4468184615385,513.563646750397,451.8767039999996,65.69241050119332,65.536,65.536,131.072,174.76266666666666,1.0996700000000001,1.0996700000000001,129.97233,131.072,0,688.3263134170636,778.613444501193,0.8840411352748082,-0.11595886472519175,GPU,original sweep,Analytical transfer and overlap terms; native scan and GPU operator costs unchanged,link_Q
1024,1024,2048,96,mq,232.29991384615388,317.9733483082971,232.29991384615388,782.5731760006049,684.102400000002,100.10272076372314,87.38133333333333,87.38133333333333,174.76266666666666,174.76266666666666,1.0996700000000001,1.0996700000000001,173.66299666666666,174.76266666666666,0,957.3358426672715,1132.6307840970585,0.8452320527650735,-0.15476794723492648,GPU,original sweep,Analytical transfer and overlap terms; native scan and GPU operator costs unchanged,link_Q
1536,1024,2560,96,mq,435.5623384615385,596.200028078057,435.5623384615385,1467.324705001134,1269.3298559999976,187.6926014319809,131.072,131.072,262.144,174.76266666666666,1.0996700000000001,1.0996700000000001,261.04433,262.144,0,1642.0873716678007,1980.2107874319784,0.8292487759837575,-0.17075122401624251,GPU,supplement,Analytical transfer and overlap terms; native scan and GPU operator costs unchanged,link_Q
2048,1024,3072,96,mq,696.8997415384616,953.9200449248913,696.8997415384616,2347.7195280018145,1939.1104000000041,300.3081622911694,174.76266666666666,174.76266666666666,349.5253333333333,174.76266666666666,1.0996700000000001,1.0996700000000001,348.4256633333333,349.5253333333333,0,2522.482194668481,2937.3695589578406,0.8587554762988152,-0.14124452370118482,GPU,supplement,Analytical transfer and overlap terms; native scan and GPU operator costs unchanged,link_Q
1,1024,1025,128,mq,10.033780710374844,0.15541204548645235,10.033780710374844,20.22297346623614,1.54569,0.04892601431980907,0.064,0.064,0.128,131.072,0.736702,0.128,0,0.128,0,151.29497346623614,1.7226160143198093,87.82861195330078,0.9886141887277952,PIM,original sweep,Analytical transfer and overlap terms; native scan and GPU operator costs unchanged,link_Q
2,1024,1026,128,mq,10.131045907623193,0.311127333988488,10.131045907623193,20.573219149234873,1.849445,0.09794749403341288,0.128,0.128,0.256,131.072,0.856666,0.256,0,0.256,0,151.6452191492349,2.203392494033413,68.82351626406843,0.9854700826943642,PIM,original sweep,Analytical transfer and overlap terms; native scan and GPU operator costs unchanged,link_Q
4,1024,1028,128,mq,10.326031166643268,0.6234676400393093,10.326031166643268,21.275529973325845,2.0924490000000002,0.19627684964200476,0.256,0.256,0.512,131.072,0.9058820000000001,0.512,0,0.512,0,152.34752997332583,2.800725849642005,54.395731018371265,0.9816162044101905,PIM,original sweep,Analytical transfer and overlap terms; native scan and GPU operator costs unchanged,link_Q
8,1024,1032,128,mq,10.71782114277692,1.2517871683279518,10.71782114277692,22.68742945388179,2.8406860000000003,0.39408114558472557,0.512,0.512,1.024,131.072,1.0996700000000001,1.024,0,1.024,0,153.7594294538818,4.258767145584726,36.10421142966029,0.9723024001798726,PIM,original sweep,Analytical transfer and overlap terms; native scan and GPU operator costs unchanged,link_Q
16,1024,1040,128,mq,11.508678927418224,2.522981889653236,11.508678927418224,25.540339744489685,5.6813720000000005,0.794272076372315,1.024,1.024,2.048,131.072,1.0996700000000001,1.0996700000000001,0.9483299999999999,2.048,0,156.6123397444897,9.471974076372316,16.534287201561988,0.9395196183657963,PIM,original sweep,Analytical transfer and overlap terms; native scan and GPU operator costs unchanged,link_Q
32,1024,1056,128,mq,13.119505826196828,5.123593991295802,13.119505826196828,31.36260564368946,11.405808,1.612983293556086,2.048,2.048,4.096,131.072,1.0996700000000001,1.0996700000000001,2.99633,4.096,0,162.43460564368945,20.11112129355609,8.076854754773718,0.8761894288851779,PIM,original sweep,Analytical transfer and overlap terms; native scan and GPU operator costs unchanged,link_Q
48,1024,1072,128,mq,14.769147830970098,7.801836304927699,14.769147830970098,37.340131966867894,17.21022,2.456133651551313,3.072,3.072,6.144,131.072,1.0996700000000001,1.0996700000000001,5.04433,6.144,0,168.4121319668679,30.854683651551312,5.458235575149073,0.8167906118686187,PIM,original sweep,Analytical transfer and overlap terms; native scan and GPU operator costs unchanged,link_Q
64,1024,1088,128,mq,16.457604941738033,10.557708830548926,16.457604941738033,43.47291871402499,23.033087999999996,3.323723150357995,4.096,4.096,8.192,131.072,1.0996700000000001,1.0996700000000001,7.0923300000000005,8.192,0,174.544918714025,41.641141150357996,4.191645903357392,0.7614302297818077,PIM,original sweep,Analytical transfer and overlap terms; native scan and GPU operator costs unchanged,link_Q
96,1024,1120,128,mq,19.9509644812579,16.302344517759373,19.9509644812579,56.20427348027517,34.844928,5.132219570405728,6.144,6.144,12.288,131.072,1.0996700000000001,1.0996700000000001,11.18833,12.288,0,187.27627348027517,63.45347757040574,2.951394953452,0.6611771668070437,PIM,original sweep,Analytical transfer and overlap terms; native scan and GPU operator costs unchanged,link_Q
128,1024,1152,128,mq,23.599584444756424,22.357501052927137,23.599584444756424,69.55666994243998,47.23505599999999,7.038472553699283,8.192,8.192,16.384,131.072,1.0996700000000001,1.0996700000000001,15.28433,16.384,0,200.62866994243998,85.94185855369928,2.3344697603564235,0.5716372013114783,PIM,original sweep,Analytical transfer and overlap terms; native scan and GPU operator costs unchanged,link_Q
192,1024,1216,128,mq,31.36260564368946,35.39937666713463,31.36260564368946,98.12458795451356,73.15958400000001,11.144248210023866,12.288,12.288,24.576,131.072,1.0996700000000001,1.0996700000000001,23.47633,24.576,0,229.19658795451357,132.35616221002388,1.7316654104160445,0.4225212365016039,PIM,original sweep,Analytical transfer and overlap terms; native scan and GPU operator costs unchanged,link_Q
256,1024,1280,128,mq,39.746668538537136,49.68333567317142,39.746668538537136,129.1766727502457,101.38495999999998,15.64105011933174,16.384,16.384,32.768,131.072,1.0996700000000001,1.0996700000000001,31.66833,32.768,0,260.2486727502457,181.4623401193317,1.434174565251959,0.3027348105114961,PIM,original sweep,Analytical transfer and overlap terms; native scan and GPU operator costs unchanged,link_Q
384,1024,1408,128,mq,59.88982153846154,81.97750386073284,59.88982153846154,201.75714693765593,169.31534400000004,25.807732696897375,24.576,24.576,49.152,131.072,1.0996700000000001,1.0996700000000001,48.05233,49.152,0,332.82914693765593,292.3274066968974,1.1385492407242992,0.12168928296518793,PIM,original sweep,Analytical transfer and overlap terms; native scan and GPU operator costs unchanged,link_Q
512,1024,1536,128,mq,87.1124676923077,119.24000561561141,87.1124676923077,293.4649410002268,239.5834880000002,37.53852028639618,32.768,32.768,65.536,131.072,1.0996700000000001,1.0996700000000001,64.43633,65.536,0,424.5369410002268,407.09433828639635,1.0428465863397967,0.04108618362570514,PIM,original sweep,Analytical transfer and overlap terms; native scan and GPU operator costs unchanged,link_Q
768,1024,1792,128,mq,152.4468184615385,208.67000982731997,152.4468184615385,513.563646750397,451.8767039999996,65.69241050119332,49.152,49.152,98.304,131.072,1.0996700000000001,1.0996700000000001,97.20433,98.304,0,644.635646750397,713.077444501193,0.9040191240396449,-0.09598087596035512,GPU,original sweep,Analytical transfer and overlap terms; native scan and GPU operator costs unchanged,link_Q
1024,1024,2048,128,mq,232.29991384615388,317.9733483082971,232.29991384615388,782.5731760006049,684.102400000002,100.10272076372314,65.536,65.536,131.072,131.072,1.0996700000000001,1.0996700000000001,129.97233,131.072,0,913.6451760006049,1045.2494507637252,0.8740929500924761,-0.1259070499075239,GPU,original sweep,Analytical transfer and overlap terms; native scan and GPU operator costs unchanged,link_Q
1536,1024,2560,128,mq,435.5623384615385,596.200028078057,435.5623384615385,1467.324705001134,1269.3298559999976,187.6926014319809,98.304,98.304,196.608,131.072,1.0996700000000001,1.0996700000000001,195.50833,196.608,0,1598.3967050011338,1849.1387874319785,0.864400614959212,-0.135599385040788,GPU,supplement,Analytical transfer and overlap terms; native scan and GPU operator costs unchanged,link_Q
2048,1024,3072,128,mq,696.8997415384616,953.9200449248913,696.8997415384616,2347.7195280018145,1939.1104000000041,300.3081622911694,131.072,131.072,262.144,131.072,1.0996700000000001,1.0996700000000001,261.04433,262.144,0,2478.7915280018146,2762.606892291174,0.8972653818097237,-0.10273461819027627,GPU,supplement,Analytical transfer and overlap terms; native scan and GPU operator costs unchanged,link_Q
1,1024,1025,150,mq,10.033780710374844,0.15541204548645235,10.033780710374844,20.22297346623614,1.54569,0.04892601431980907,0.05461333333333334,0.05461333333333334,0.10922666666666668,111.84810666666668,0.736702,0.10922666666666668,0,0.10922666666666668,0,132.0710801329028,1.7038426809864757,77.51365874720163,0.9870990478818535,PIM,original sweep,Analytical transfer and overlap terms; native scan and GPU operator costs unchanged,link_Q
2,1024,1026,150,mq,10.131045907623193,0.311127333988488,10.131045907623193,20.573219149234873,1.849445,0.09794749403341288,0.10922666666666668,0.10922666666666668,0.21845333333333336,111.84810666666668,0.856666,0.21845333333333336,0,0.21845333333333336,0,132.42132581590155,2.1658458273667462,61.140698078634955,0.9836442822632828,PIM,original sweep,Analytical transfer and overlap terms; native scan and GPU operator costs unchanged,link_Q
4,1024,1028,150,mq,10.326031166643268,0.6234676400393093,10.326031166643268,21.275529973325845,2.0924490000000002,0.19627684964200476,0.21845333333333336,0.21845333333333336,0.4369066666666667,111.84810666666668,0.9058820000000001,0.4369066666666667,0,0.4369066666666667,0,133.12363663999253,2.725632516308672,48.84137382550824,0.9795255554527884,PIM,original sweep,Analytical transfer and overlap terms; native scan and GPU operator costs unchanged,link_Q
8,1024,1032,150,mq,10.71782114277692,1.2517871683279518,10.71782114277692,22.68742945388179,2.8406860000000003,0.39408114558472557,0.4369066666666667,0.4369066666666667,0.8738133333333334,111.84810666666668,1.0996700000000001,0.8738133333333334,0,0.8738133333333334,0,134.53553612054847,4.10858047891806,32.74501663308701,0.9694610019226694,PIM,original sweep,Analytical transfer and overlap terms; native scan and GPU operator costs unchanged,link_Q
16,1024,1040,150,mq,11.508678927418224,2.522981889653236,11.508678927418224,25.540339744489685,5.6813720000000005,0.794272076372315,0.8738133333333334,0.8738133333333334,1.7476266666666669,111.84810666666668,1.0996700000000001,1.0996700000000001,0.6479566666666667,1.7476266666666669,0,137.38844641115637,8.87122740970565,15.486971539118166,0.9354295965822547,PIM,original sweep,Analytical transfer and overlap terms; native scan and GPU operator costs unchanged,link_Q
32,1024,1056,150,mq,13.119505826196828,5.123593991295802,13.119505826196828,31.36260564368946,11.405808,1.612983293556086,1.7476266666666669,1.7476266666666669,3.4952533333333338,111.84810666666668,1.0996700000000001,1.0996700000000001,2.3955833333333336,3.4952533333333338,0,143.21071231035614,18.909627960222757,7.573428340928031,0.8679594029303956,PIM,original sweep,Analytical transfer and overlap terms; native scan and GPU operator costs unchanged,link_Q
48,1024,1072,150,mq,14.769147830970098,7.801836304927699,14.769147830970098,37.340131966867894,17.21022,2.456133651551313,2.62144,2.62144,5.24288,111.84810666666668,1.0996700000000001,1.0996700000000001,4.14321,5.24288,0,149.18823863353458,29.05244365155131,5.135135633438132,0.8052631767915993,PIM,original sweep,Analytical transfer and overlap terms; native scan and GPU operator costs unchanged,link_Q
64,1024,1088,150,mq,16.457604941738033,10.557708830548926,16.457604941738033,43.47291871402499,23.033087999999996,3.323723150357995,3.4952533333333338,3.4952533333333338,6.9905066666666675,111.84810666666668,1.0996700000000001,1.0996700000000001,5.890836666666667,6.9905066666666675,0,155.32102538069168,39.238154483691325,3.9584182137120703,0.7473738382326627,PIM,original sweep,Analytical transfer and overlap terms; native scan and GPU operator costs unchanged,link_Q
96,1024,1120,150,mq,19.9509644812579,16.302344517759373,19.9509644812579,56.20427348027517,34.844928,5.132219570405728,5.24288,5.24288,10.48576,111.84810666666668,1.0996700000000001,1.0996700000000001,9.386090000000001,10.48576,0,168.05238014694186,59.848997570405736,2.807939764559077,0.6438670043347503,PIM,original sweep,Analytical transfer and overlap terms; native scan and GPU operator costs unchanged,link_Q
128,1024,1152,150,mq,23.599584444756424,22.357501052927137,23.599584444756424,69.55666994243998,47.23505599999999,7.038472553699283,6.9905066666666675,6.9905066666666675,13.981013333333335,111.84810666666668,1.0996700000000001,1.0996700000000001,12.881343333333335,13.981013333333335,0,181.40477660910665,81.13588522036595,2.235814351644889,0.5527356735749103,PIM,original sweep,Analytical transfer and overlap terms; native scan and GPU operator costs unchanged,link_Q
192,1024,1216,150,mq,31.36260564368946,35.39937666713463,31.36260564368946,98.12458795451356,73.15958400000001,11.144248210023866,10.48576,10.48576,20.97152,111.84810666666668,1.0996700000000001,1.0996700000000001,19.871850000000002,20.97152,0,209.97269462118024,125.14720221002386,1.6778057432622504,0.4039834444387795,PIM,original sweep,Analytical transfer and overlap terms; native scan and GPU operator costs unchanged,link_Q
256,1024,1280,150,mq,39.746668538537136,49.68333567317142,39.746668538537136,129.1766727502457,101.38495999999998,15.64105011933174,13.981013333333335,13.981013333333335,27.96202666666667,111.84810666666668,1.0996700000000001,1.0996700000000001,26.86235666666667,27.96202666666667,0,241.0247794169124,171.85039345266506,1.4025267825953562,0.2870011379394025,PIM,original sweep,Analytical transfer and overlap terms; native scan and GPU operator costs unchanged,link_Q
384,1024,1408,150,mq,59.88982153846154,81.97750386073284,59.88982153846154,201.75714693765593,169.31534400000004,25.807732696897375,20.97152,20.97152,41.94304,111.84810666666668,1.0996700000000001,1.0996700000000001,40.84337,41.94304,0,313.6052536043226,277.90948669689743,1.128443858940148,0.11382388049041656,PIM,original sweep,Analytical transfer and overlap terms; native scan and GPU operator costs unchanged,link_Q
512,1024,1536,150,mq,87.1124676923077,119.24000561561141,87.1124676923077,293.4649410002268,239.5834880000002,37.53852028639618,27.96202666666667,27.96202666666667,55.92405333333334,111.84810666666668,1.0996700000000001,1.0996700000000001,54.82438333333334,55.92405333333334,0,405.3130476668935,387.87044495306304,1.0449701773898787,0.04303489072023575,PIM,original sweep,Analytical transfer and overlap terms; native scan and GPU operator costs unchanged,link_Q
768,1024,1792,150,mq,152.4468184615385,208.67000982731997,152.4468184615385,513.563646750397,451.8767039999996,65.69241050119332,41.94304,41.94304,83.88608,111.84810666666668,1.0996700000000001,1.0996700000000001,82.78641,83.88608,0,625.4117534170637,684.241604501193,0.9140218152519155,-0.08597818474808452,GPU,original sweep,Analytical transfer and overlap terms; native scan and GPU operator costs unchanged,link_Q
1024,1024,2048,150,mq,232.29991384615388,317.9733483082971,232.29991384615388,782.5731760006049,684.102400000002,100.10272076372314,55.92405333333334,55.92405333333334,111.84810666666668,111.84810666666668,1.0996700000000001,1.0996700000000001,110.74843666666668,111.84810666666668,0,894.4212826672716,1006.8016640970585,0.8883788282863296,-0.11162117171367042,GPU,original sweep,Analytical transfer and overlap terms; native scan and GPU operator costs unchanged,link_Q
1536,1024,2560,150,mq,435.5623384615385,596.200028078057,435.5623384615385,1467.324705001134,1269.3298559999976,187.6926014319809,83.88608,83.88608,167.77216,111.84810666666668,1.0996700000000001,1.0996700000000001,166.67249,167.77216,0,1579.1728116678005,1791.4671074319783,0.8814969614103068,-0.11850303858969323,GPU,supplement,Analytical transfer and overlap terms; native scan and GPU operator costs unchanged,link_Q
2048,1024,3072,150,mq,696.8997415384616,953.9200449248913,696.8997415384616,2347.7195280018145,1939.1104000000041,300.3081622911694,111.84810666666668,111.84810666666668,223.69621333333336,111.84810666666668,1.0996700000000001,1.0996700000000001,222.59654333333336,223.69621333333336,0,2459.5676346684813,2685.7113189578404,0.9157974713465811,-0.08420252865341891,GPU,supplement,Analytical transfer and overlap terms; native scan and GPU operator costs unchanged,link_Q
1,1024,1025,192,mq,10.033780710374844,0.15541204548645235,10.033780710374844,20.22297346623614,1.54569,0.04892601431980907,0.042666666666666665,0.042666666666666665,0.08533333333333333,87.38133333333333,0.736702,0.08533333333333333,0,0.08533333333333333,0,107.60430679956947,1.6799493476531424,64.0521138032469,0.9843877127447853,PIM,original sweep,Analytical transfer and overlap terms; native scan and GPU operator costs unchanged,link_Q
2,1024,1026,192,mq,10.131045907623193,0.311127333988488,10.131045907623193,20.573219149234873,1.849445,0.09794749403341288,0.08533333333333333,0.08533333333333333,0.17066666666666666,87.38133333333333,0.856666,0.17066666666666666,0,0.17066666666666666,0,107.9545524825682,2.1180591607000796,50.96861999212813,0.9803800848413309,PIM,original sweep,Analytical transfer and overlap terms; native scan and GPU operator costs unchanged,link_Q
4,1024,1028,192,mq,10.326031166643268,0.6234676400393093,10.326031166643268,21.275529973325845,2.0924490000000002,0.19627684964200476,0.17066666666666666,0.17066666666666666,0.3413333333333333,87.38133333333333,0.9058820000000001,0.3413333333333333,0,0.3413333333333333,0,108.65686330665918,2.6300591829753386,41.3134670162584,0.9757948177138833,PIM,original sweep,Analytical transfer and overlap terms; native scan and GPU operator costs unchanged,link_Q
8,1024,1032,192,mq,10.71782114277692,1.2517871683279518,10.71782114277692,22.68742945388179,2.8406860000000003,0.39408114558472557,0.3413333333333333,0.3413333333333333,0.6826666666666666,87.38133333333333,1.0996700000000001,0.6826666666666666,0,0.6826666666666666,0,110.06876278721512,3.9174338122513923,28.09715953412813,0.9644092137219297,PIM,original sweep,Analytical transfer and overlap terms; native scan and GPU operator costs unchanged,link_Q
16,1024,1040,192,mq,11.508678927418224,2.522981889653236,11.508678927418224,25.540339744489685,5.6813720000000005,0.794272076372315,0.6826666666666666,0.6826666666666666,1.3653333333333333,87.38133333333333,1.0996700000000001,1.0996700000000001,0.26566333333333314,1.3653333333333333,0,112.92167307782302,8.106640743038982,13.929527242808522,0.9282100546150067,PIM,original sweep,Analytical transfer and overlap terms; native scan and GPU operator costs unchanged,link_Q
32,1024,1056,192,mq,13.119505826196828,5.123593991295802,13.119505826196828,31.36260564368946,11.405808,1.612983293556086,1.3653333333333333,1.3653333333333333,2.7306666666666666,87.38133333333333,1.0996700000000001,1.0996700000000001,1.6309966666666664,2.7306666666666666,0,118.7439389770228,17.380454626889417,6.832038719707208,0.8536308061142172,PIM,original sweep,Analytical transfer and overlap terms; native scan and GPU operator costs unchanged,link_Q
48,1024,1072,192,mq,14.769147830970098,7.801836304927699,14.769147830970098,37.340131966867894,17.21022,2.456133651551313,2.048,2.048,4.096,87.38133333333333,1.0996700000000001,1.0996700000000001,2.99633,4.096,0,124.72146530020123,26.758683651551312,4.660971627913789,0.7854524593088779,PIM,original sweep,Analytical transfer and overlap terms; native scan and GPU operator costs unchanged,link_Q
64,1024,1088,192,mq,16.457604941738033,10.557708830548926,16.457604941738033,43.47291871402499,23.033087999999996,3.323723150357995,2.7306666666666666,2.7306666666666666,5.461333333333333,87.38133333333333,1.0996700000000001,1.0996700000000001,4.361663333333333,5.461333333333333,0,130.85425204735833,36.17980781702465,3.6167757636839624,0.7235106444693095,PIM,original sweep,Analytical transfer and overlap terms; native scan and GPU operator costs unchanged,link_Q
96,1024,1120,192,mq,19.9509644812579,16.302344517759373,19.9509644812579,56.20427348027517,34.844928,5.132219570405728,4.096,4.096,8.192,87.38133333333333,1.0996700000000001,1.0996700000000001,7.0923300000000005,8.192,0,143.5856068136085,55.26147757040573,2.598294745750757,0.6151321932835384,PIM,original sweep,Analytical transfer and overlap terms; native scan and GPU operator costs unchanged,link_Q
128,1024,1152,192,mq,23.599584444756424,22.357501052927137,23.599584444756424,69.55666994243998,47.23505599999999,7.038472553699283,5.461333333333333,5.461333333333333,10.922666666666666,87.38133333333333,1.0996700000000001,1.0996700000000001,9.822996666666667,10.922666666666666,0,156.93800327577333,75.0191918870326,2.0919713919619114,0.5219819908425368,PIM,original sweep,Analytical transfer and overlap terms; native scan and GPU operator costs unchanged,link_Q
192,1024,1216,192,mq,31.36260564368946,35.39937666713463,31.36260564368946,98.12458795451356,73.15958400000001,11.144248210023866,8.192,8.192,16.384,87.38133333333333,1.0996700000000001,1.0996700000000001,15.28433,16.384,0,185.5059212878469,115.97216221002387,1.5995728436268906,0.37483309748333304,PIM,original sweep,Analytical transfer and overlap terms; native scan and GPU operator costs unchanged,link_Q
256,1024,1280,192,mq,39.746668538537136,49.68333567317142,39.746668538537136,129.1766727502457,101.38495999999998,15.64105011933174,10.922666666666666,10.922666666666666,21.845333333333333,87.38133333333333,1.0996700000000001,1.0996700000000001,20.745663333333333,21.845333333333333,0,216.55800608357902,159.6170067859984,1.3567351652817454,0.26293647751635024,PIM,original sweep,Analytical transfer and overlap terms; native scan and GPU operator costs unchanged,link_Q
384,1024,1408,192,mq,59.88982153846154,81.97750386073284,59.88982153846154,201.75714693765593,169.31534400000004,25.807732696897375,16.384,16.384,32.768,87.38133333333333,1.0996700000000001,1.0996700000000001,31.66833,32.768,0,289.13848027098925,259.55940669689744,1.1139587809608187,0.1023007160664655,PIM,original sweep,Analytical transfer and overlap terms; native scan and GPU operator costs unchanged,link_Q
512,1024,1536,192,mq,87.1124676923077,119.24000561561141,87.1124676923077,293.4649410002268,239.5834880000002,37.53852028639618,21.845333333333333,21.845333333333333,43.690666666666665,87.38133333333333,1.0996700000000001,1.0996700000000001,42.59099666666666,43.690666666666665,0,380.84627433356013,363.4036716197297,1.0479978714471618,0.04579958867748695,PIM,original sweep,Analytical transfer and overlap terms; native scan and GPU operator costs unchanged,link_Q
768,1024,1792,192,mq,152.4468184615385,208.67000982731997,152.4468184615385,513.563646750397,451.8767039999996,65.69241050119332,32.768,32.768,65.536,87.38133333333333,1.0996700000000001,1.0996700000000001,64.43633,65.536,0,600.9449800837303,647.5414445011929,0.92804095426918,-0.07195904573082,GPU,original sweep,Analytical transfer and overlap terms; native scan and GPU operator costs unchanged,link_Q
1024,1024,2048,192,mq,232.29991384615388,317.9733483082971,232.29991384615388,782.5731760006049,684.102400000002,100.10272076372314,43.690666666666665,43.690666666666665,87.38133333333333,87.38133333333333,1.0996700000000001,1.0996700000000001,86.28166333333333,87.38133333333333,0,869.9545093339383,957.8681174303919,0.9082195069481032,-0.09178049305189682,GPU,original sweep,Analytical transfer and overlap terms; native scan and GPU operator costs unchanged,link_Q
1536,1024,2560,192,mq,435.5623384615385,596.200028078057,435.5623384615385,1467.324705001134,1269.3298559999976,187.6926014319809,65.536,65.536,131.072,87.38133333333333,1.0996700000000001,1.0996700000000001,129.97233,131.072,0,1554.7060383344672,1718.0667874319786,0.9049159495471714,-0.09508405045282861,GPU,supplement,Analytical transfer and overlap terms; native scan and GPU operator costs unchanged,link_Q
2048,1024,3072,192,mq,696.8997415384616,953.9200449248913,696.8997415384616,2347.7195280018145,1939.1104000000041,300.3081622911694,87.38133333333333,87.38133333333333,174.76266666666666,87.38133333333333,1.0996700000000001,1.0996700000000001,173.66299666666666,174.76266666666666,0,2435.100861335148,2587.8442256245066,0.9409766002231071,-0.05902339977689281,GPU,supplement,Analytical transfer and overlap terms; native scan and GPU operator costs unchanged,link_Q
1,1024,1025,225,mq,10.033780710374844,0.15541204548645235,10.033780710374844,20.22297346623614,1.54569,0.04892601431980907,0.036408888888888886,0.036408888888888886,0.07281777777777777,74.56540444444444,0.736702,0.07281777777777777,0,0.07281777777777777,0,94.78837791068058,1.667433792097587,56.846861542513984,0.9824088793494408,PIM,original sweep,Analytical transfer and overlap terms; native scan and GPU operator costs unchanged,link_Q
2,1024,1026,225,mq,10.131045907623193,0.311127333988488,10.131045907623193,20.573219149234873,1.849445,0.09794749403341288,0.07281777777777777,0.07281777777777777,0.14563555555555555,74.56540444444444,0.856666,0.14563555555555555,0,0.14563555555555555,0,95.13862359367931,2.0930280495889684,45.45501605311155,0.9780002277673479,PIM,original sweep,Analytical transfer and overlap terms; native scan and GPU operator costs unchanged,link_Q
4,1024,1028,225,mq,10.326031166643268,0.6234676400393093,10.326031166643268,21.275529973325845,2.0924490000000002,0.19627684964200476,0.14563555555555555,0.14563555555555555,0.2912711111111111,74.56540444444444,0.9058820000000001,0.2912711111111111,0,0.2912711111111111,0,95.84093441777028,2.579996960753116,37.14769275921696,0.9730804277271867,PIM,original sweep,Analytical transfer and overlap terms; native scan and GPU operator costs unchanged,link_Q
8,1024,1032,225,mq,10.71782114277692,1.2517871683279518,10.71782114277692,22.68742945388179,2.8406860000000003,0.39408114558472557,0.2912711111111111,0.2912711111111111,0.5825422222222222,74.56540444444444,1.0996700000000001,0.5825422222222222,0,0.5825422222222222,0,97.25283389832623,3.817309367806948,25.47680172807115,0.9607486053126454,PIM,original sweep,Analytical transfer and overlap terms; native scan and GPU operator costs unchanged,link_Q
16,1024,1040,225,mq,11.508678927418224,2.522981889653236,11.508678927418224,25.540339744489685,5.6813720000000005,0.794272076372315,0.5825422222222222,0.5825422222222222,1.1650844444444444,74.56540444444444,1.0996700000000001,1.0996700000000001,0.06541444444444422,1.1650844444444444,0,100.10574418893412,7.706142965261204,12.990382431289476,0.9230199722533698,PIM,original sweep,Analytical transfer and overlap terms; native scan and GPU operator costs unchanged,link_Q
32,1024,1056,225,mq,13.119505826196828,5.123593991295802,13.119505826196828,31.36260564368946,11.405808,1.612983293556086,1.1650844444444444,1.1650844444444444,2.3301688888888887,74.56540444444444,1.0996700000000001,1.0996700000000001,1.2304988888888886,2.3301688888888887,0,105.9280100881339,16.579459071333865,6.3891113475037935,0.8434837107056058,PIM,original sweep,Analytical transfer and overlap terms; native scan and GPU operator costs unchanged,link_Q
48,1024,1072,225,mq,14.769147830970098,7.801836304927699,14.769147830970098,37.340131966867894,17.21022,2.456133651551313,1.7476266666666669,1.7476266666666669,3.4952533333333338,74.56540444444444,1.0996700000000001,1.0996700000000001,2.3955833333333336,3.4952533333333338,0,111.90553641131234,25.55719031821798,4.378632197747595,0.7716181778148874,PIM,original sweep,Analytical transfer and overlap terms; native scan and GPU operator costs unchanged,link_Q
64,1024,1088,225,mq,16.457604941738033,10.557708830548926,16.457604941738033,43.47291871402499,23.033087999999996,3.323723150357995,2.3301688888888887,2.3301688888888887,4.6603377777777775,74.56540444444444,1.0996700000000001,1.0996700000000001,3.5606677777777773,4.6603377777777775,0,118.03832315846944,34.57781670591355,3.4137008754020712,0.7070627929923068,PIM,original sweep,Analytical transfer and overlap terms; native scan and GPU operator costs unchanged,link_Q
96,1024,1120,225,mq,19.9509644812579,16.302344517759373,19.9509644812579,56.20427348027517,34.844928,5.132219570405728,3.4952533333333338,3.4952533333333338,6.9905066666666675,74.56540444444444,1.0996700000000001,1.0996700000000001,5.890836666666667,6.9905066666666675,0,130.76967792471962,52.85849090373907,2.4739578389187296,0.5957893929036959,PIM,original sweep,Analytical transfer and overlap terms; native scan and GPU operator costs unchanged,link_Q
128,1024,1152,225,mq,23.599584444756424,22.357501052927137,23.599584444756424,69.55666994243998,47.23505599999999,7.038472553699283,4.6603377777777775,4.6603377777777775,9.320675555555555,74.56540444444444,1.0996700000000001,1.0996700000000001,8.221005555555555,9.320675555555555,0,144.12207438688444,71.81520966481038,2.006846113233651,0.5017056896362172,PIM,original sweep,Analytical transfer and overlap terms; native scan and GPU operator costs unchanged,link_Q
192,1024,1216,225,mq,31.36260564368946,35.39937666713463,31.36260564368946,98.12458795451356,73.15958400000001,11.144248210023866,6.9905066666666675,6.9905066666666675,13.981013333333335,74.56540444444444,1.0996700000000001,1.0996700000000001,12.881343333333335,13.981013333333335,0,172.689992398958,111.16618887669054,1.553439891606897,0.3562673358635152,PIM,original sweep,Analytical transfer and overlap terms; native scan and GPU operator costs unchanged,link_Q
256,1024,1280,225,mq,39.746668538537136,49.68333567317142,39.746668538537136,129.1766727502457,101.38495999999998,15.64105011933174,9.320675555555555,9.320675555555555,18.64135111111111,74.56540444444444,1.0996700000000001,1.0996700000000001,17.54168111111111,18.64135111111111,0,203.74207719469013,153.20904234155392,1.329830629320698,0.24802453940257158,PIM,original sweep,Analytical transfer and overlap terms; native scan and GPU operator costs unchanged,link_Q
384,1024,1408,225,mq,59.88982153846154,81.97750386073284,59.88982153846154,201.75714693765593,169.31534400000004,25.807732696897375,13.981013333333335,13.981013333333335,27.96202666666667,74.56540444444444,1.0996700000000001,1.0996700000000001,26.86235666666667,27.96202666666667,0,276.32255138210036,249.94746003023076,1.1055225420121475,0.09545037572918895,PIM,original sweep,Analytical transfer and overlap terms; native scan and GPU operator costs unchanged,link_Q
512,1024,1536,225,mq,87.1124676923077,119.24000561561141,87.1124676923077,293.4649410002268,239.5834880000002,37.53852028639618,18.64135111111111,18.64135111111111,37.28270222222222,74.56540444444444,1.0996700000000001,1.0996700000000001,36.18303222222222,37.28270222222222,0,368.03034544467124,350.58774273084083,1.0497524601914612,0.04739446877065383,PIM,original sweep,Analytical transfer and overlap terms; native scan and GPU operator costs unchanged,link_Q
768,1024,1792,225,mq,152.4468184615385,208.67000982731997,152.4468184615385,513.563646750397,451.8767039999996,65.69241050119332,27.96202666666667,27.96202666666667,55.92405333333334,74.56540444444444,1.0996700000000001,1.0996700000000001,54.82438333333334,55.92405333333334,0,588.1290511948414,628.3175511678596,0.9360379160214138,-0.06396208397858613,GPU,original sweep,Analytical transfer and overlap terms; native scan and GPU operator costs unchanged,link_Q
1024,1024,2048,225,mq,232.29991384615388,317.9733483082971,232.29991384615388,782.5731760006049,684.102400000002,100.10272076372314,37.28270222222222,37.28270222222222,74.56540444444444,74.56540444444444,1.0996700000000001,1.0996700000000001,73.46573444444444,74.56540444444444,0,857.1385804450493,932.2362596526141,0.9194435118458609,-0.08055648815413909,GPU,original sweep,Analytical transfer and overlap terms; native scan and GPU operator costs unchanged,link_Q
1536,1024,2560,225,mq,435.5623384615385,596.200028078057,435.5623384615385,1467.324705001134,1269.3298559999976,187.6926014319809,55.92405333333334,55.92405333333334,111.84810666666668,74.56540444444444,1.0996700000000001,1.0996700000000001,110.74843666666668,111.84810666666668,0,1541.8901094455784,1679.6190007653117,0.9179999206623778,-0.08200007933762221,GPU,supplement,Analytical transfer and overlap terms; native scan and GPU operator costs unchanged,link_Q
2048,1024,3072,225,mq,696.8997415384616,953.9200449248913,696.8997415384616,2347.7195280018145,1939.1104000000041,300.3081622911694,74.56540444444444,74.56540444444444,149.13080888888888,74.56540444444444,1.0996700000000001,1.0996700000000001,148.03113888888888,149.13080888888888,0,2422.284932446259,2536.5805100689518,0.9549410802578524,-0.04505891974214759,GPU,supplement,Analytical transfer and overlap terms; native scan and GPU operator costs unchanged,link_Q
1,1024,1025,256,mq,10.033780710374844,0.15541204548645235,10.033780710374844,20.22297346623614,1.54569,0.04892601431980907,0.032,0.032,0.064,65.536,0.736702,0.064,0,0.064,0,85.75897346623614,1.6586160143198092,51.705140144450795,0.9806595631071445,PIM,original sweep,Analytical transfer and overlap terms; native scan and GPU operator costs unchanged,link_Q
2,1024,1026,256,mq,10.131045907623193,0.311127333988488,10.131045907623193,20.573219149234873,1.849445,0.09794749403341288,0.064,0.064,0.128,65.536,0.856666,0.128,0,0.128,0,86.10921914923487,2.0753924940334127,41.49057077000711,0.9758981382651192,PIM,original sweep,Analytical transfer and overlap terms; native scan and GPU operator costs unchanged,link_Q
4,1024,1028,256,mq,10.326031166643268,0.6234676400393093,10.326031166643268,21.275529973325845,2.0924490000000002,0.19627684964200476,0.128,0.128,0.256,65.536,0.9058820000000001,0.256,0,0.256,0,86.81152997332585,2.5447258496420053,34.11429564624361,0.9706867757033667,PIM,original sweep,Analytical transfer and overlap terms; native scan and GPU operator costs unchanged,link_Q
8,1024,1032,256,mq,10.71782114277692,1.2517871683279518,10.71782114277692,22.68742945388179,2.8406860000000003,0.39408114558472557,0.256,0.256,0.512,65.536,1.0996700000000001,0.512,0,0.512,0,88.22342945388179,3.746767145584726,23.546547203459454,0.9575309283624786,PIM,original sweep,Analytical transfer and overlap terms; native scan and GPU operator costs unchanged,link_Q
16,1024,1040,256,mq,11.508678927418224,2.522981889653236,11.508678927418224,25.540339744489685,5.6813720000000005,0.794272076372315,0.512,0.512,1.024,65.536,1.0996700000000001,1.024,0,1.024,0,91.07633974448969,7.499644076372316,12.144088281659442,0.9176554075689448,PIM,original sweep,Analytical transfer and overlap terms; native scan and GPU operator costs unchanged,link_Q
32,1024,1056,256,mq,13.119505826196828,5.123593991295802,13.119505826196828,31.36260564368946,11.405808,1.612983293556086,1.024,1.024,2.048,65.536,1.0996700000000001,1.0996700000000001,0.9483299999999999,2.048,0,96.89860564368946,16.015121293556085,6.050444693333544,0.834722892169924,PIM,original sweep,Analytical transfer and overlap terms; native scan and GPU operator costs unchanged,link_Q
48,1024,1072,256,mq,14.769147830970098,7.801836304927699,14.769147830970098,37.340131966867894,17.21022,2.456133651551313,1.536,1.536,3.072,65.536,1.0996700000000001,1.0996700000000001,1.97233,3.072,0,102.87613196686789,24.71068365155131,4.163224839002357,0.7598015868295905,PIM,original sweep,Analytical transfer and overlap terms; native scan and GPU operator costs unchanged,link_Q
64,1024,1088,256,mq,16.457604941738033,10.557708830548926,16.457604941738033,43.47291871402499,23.033087999999996,3.323723150357995,2.048,2.048,4.096,65.536,1.0996700000000001,1.0996700000000001,2.99633,4.096,0,109.00891871402499,33.44914115035799,3.2589452214637302,0.6931522526325687,PIM,original sweep,Analytical transfer and overlap terms; native scan and GPU operator costs unchanged,link_Q
96,1024,1120,256,mq,19.9509644812579,16.302344517759373,19.9509644812579,56.20427348027517,34.844928,5.132219570405728,3.072,3.072,6.144,65.536,1.0996700000000001,1.0996700000000001,5.04433,6.144,0,121.74027348027516,51.165477570405734,2.379344027674826,0.579716094701432,PIM,original sweep,Analytical transfer and overlap terms; native scan and GPU operator costs unchanged,link_Q
128,1024,1152,256,mq,23.599584444756424,22.357501052927137,23.599584444756424,69.55666994243998,47.23505599999999,7.038472553699283,4.096,4.096,8.192,65.536,1.0996700000000001,1.0996700000000001,7.0923300000000005,8.192,0,135.09266994243998,69.55785855369928,1.9421625787709846,0.48511004643452266,PIM,original sweep,Analytical transfer and overlap terms; native scan and GPU operator costs unchanged,link_Q
192,1024,1216,256,mq,31.36260564368946,35.39937666713463,31.36260564368946,98.12458795451356,73.15958400000001,11.144248210023866,6.144,6.144,12.288,65.536,1.0996700000000001,1.0996700000000001,11.18833,12.288,0,163.66058795451357,107.78016221002386,1.518466706661652,0.3414409445970012,PIM,original sweep,Analytical transfer and overlap terms; native scan and GPU operator costs unchanged,link_Q
256,1024,1280,256,mq,39.746668538537136,49.68333567317142,39.746668538537136,129.1766727502457,101.38495999999998,15.64105011933174,8.192,8.192,16.384,65.536,1.0996700000000001,1.0996700000000001,15.28433,16.384,0,194.7126727502457,148.69434011933174,1.309482745570429,0.23633968955857748,PIM,original sweep,Analytical transfer and overlap terms; native scan and GPU operator costs unchanged,link_Q
384,1024,1408,256,mq,59.88982153846154,81.97750386073284,59.88982153846154,201.75714693765593,169.31534400000004,25.807732696897375,12.288,12.288,24.576,65.536,1.0996700000000001,1.0996700000000001,23.47633,24.576,0,267.29314693765593,243.1754066968974,1.099178369097249,0.0902295495304405,PIM,original sweep,Analytical transfer and overlap terms; native scan and GPU operator costs unchanged,link_Q
512,1024,1536,256,mq,87.1124676923077,119.24000561561141,87.1124676923077,293.4649410002268,239.5834880000002,37.53852028639618,16.384,16.384,32.768,65.536,1.0996700000000001,1.0996700000000001,31.66833,32.768,0,359.0009410002268,341.5583382863964,1.051067711598962,0.04858650973235023,PIM,original sweep,Analytical transfer and overlap terms; native scan and GPU operator costs unchanged,link_Q
768,1024,1792,256,mq,152.4468184615385,208.67000982731997,152.4468184615385,513.563646750397,451.8767039999996,65.69241050119332,24.576,24.576,49.152,65.536,1.0996700000000001,1.0996700000000001,48.05233,49.152,0,579.0996467503969,614.7734445011929,0.9419724484362845,-0.058027551563715536,GPU,original sweep,Analytical transfer and overlap terms; native scan and GPU operator costs unchanged,link_Q
1024,1024,2048,256,mq,232.29991384615388,317.9733483082971,232.29991384615388,782.5731760006049,684.102400000002,100.10272076372314,32.768,32.768,65.536,65.536,1.0996700000000001,1.0996700000000001,64.43633,65.536,0,848.109176000605,914.1774507637252,0.9277292666670729,-0.07227073333292708,GPU,original sweep,Analytical transfer and overlap terms; native scan and GPU operator costs unchanged,link_Q
1536,1024,2560,256,mq,435.5623384615385,596.200028078057,435.5623384615385,1467.324705001134,1269.3298559999976,187.6926014319809,49.152,49.152,98.304,65.536,1.0996700000000001,1.0996700000000001,97.20433,98.304,0,1532.860705001134,1652.5307874319785,0.9275837501237656,-0.0724162498762344,GPU,supplement,Analytical transfer and overlap terms; native scan and GPU operator costs unchanged,link_Q
2048,1024,3072,256,mq,696.8997415384616,953.9200449248913,696.8997415384616,2347.7195280018145,1939.1104000000041,300.3081622911694,65.536,65.536,131.072,65.536,1.0996700000000001,1.0996700000000001,129.97233,131.072,0,2413.2555280018146,2500.462892291174,0.9651235119072489,-0.03487648809275116,GPU,supplement,Analytical transfer and overlap terms; native scan and GPU operator costs unchanged,link_Q
1,1024,1025,300,mq,10.033780710374844,0.15541204548645235,10.033780710374844,20.22297346623614,1.54569,0.04892601431980907,0.02730666666666667,0.02730666666666667,0.05461333333333334,55.92405333333334,0.736702,0.05461333333333334,0,0.05461333333333334,0,76.14702679956949,1.6492293476531426,46.17127806264598,0.9783415135564758,PIM,original sweep,Analytical transfer and overlap terms; native scan and GPU operator costs unchanged,link_Q
2,1024,1026,300,mq,10.131045907623193,0.311127333988488,10.131045907623193,20.573219149234873,1.849445,0.09794749403341288,0.05461333333333334,0.05461333333333334,0.10922666666666668,55.92405333333334,0.856666,0.10922666666666668,0,0.10922666666666668,0,76.4972724825682,2.0566191607000794,37.19564319167789,0.9731151308542572,PIM,original sweep,Analytical transfer and overlap terms; native scan and GPU operator costs unchanged,link_Q
4,1024,1028,300,mq,10.326031166643268,0.6234676400393093,10.326031166643268,21.275529973325845,2.0924490000000002,0.19627684964200476,0.10922666666666668,0.10922666666666668,0.21845333333333336,55.92405333333334,0.9058820000000001,0.21845333333333336,0,0.21845333333333336,0,77.19958330665918,2.5071791829753383,30.791410454774244,0.967523410417695,PIM,original sweep,Analytical transfer and overlap terms; native scan and GPU operator costs unchanged,link_Q
8,1024,1032,300,mq,10.71782114277692,1.2517871683279518,10.71782114277692,22.68742945388179,2.8406860000000003,0.39408114558472557,0.21845333333333336,0.21845333333333336,0.4369066666666667,55.92405333333334,1.0996700000000001,0.4369066666666667,0,0.4369066666666667,0,78.61148278721512,3.6716738122513926,21.410257775325697,0.9532934161515583,PIM,original sweep,Analytical transfer and overlap terms; native scan and GPU operator costs unchanged,link_Q
16,1024,1040,300,mq,11.508678927418224,2.522981889653236,11.508678927418224,25.540339744489685,5.6813720000000005,0.794272076372315,0.4369066666666667,0.4369066666666667,0.8738133333333334,55.92405333333334,1.0996700000000001,0.8738133333333334,0,0.8738133333333334,0,81.46439307782302,7.349457409705649,11.08440916607553,0.9097831932205681,PIM,original sweep,Analytical transfer and overlap terms; native scan and GPU operator costs unchanged,link_Q
32,1024,1056,300,mq,13.119505826196828,5.123593991295802,13.119505826196828,31.36260564368946,11.405808,1.612983293556086,0.8738133333333334,0.8738133333333334,1.7476266666666669,55.92405333333334,1.0996700000000001,1.0996700000000001,0.6479566666666667,1.7476266666666669,0,87.2866589770228,15.41437462688942,5.662679225711605,0.8234051479625646,PIM,original sweep,Analytical transfer and overlap terms; native scan and GPU operator costs unchanged,link_Q
48,1024,1072,300,mq,14.769147830970098,7.801836304927699,14.769147830970098,37.340131966867894,17.21022,2.456133651551313,1.31072,1.31072,2.62144,55.92405333333334,1.0996700000000001,1.0996700000000001,1.52177,2.62144,0,93.26418530020123,23.80956365155131,3.9170892278878284,0.744708393957311,PIM,original sweep,Analytical transfer and overlap terms; native scan and GPU operator costs unchanged,link_Q
64,1024,1088,300,mq,16.457604941738033,10.557708830548926,16.457604941738033,43.47291871402499,23.033087999999996,3.323723150357995,1.7476266666666669,1.7476266666666669,3.4952533333333338,55.92405333333334,1.0996700000000001,1.0996700000000001,2.3955833333333336,3.4952533333333338,0,99.39697204735833,32.24764781702466,3.0823014630816954,0.6755671007597691,PIM,original sweep,Analytical transfer and overlap terms; native scan and GPU operator costs unchanged,link_Q
96,1024,1120,300,mq,19.9509644812579,16.302344517759373,19.9509644812579,56.20427348027517,34.844928,5.132219570405728,2.62144,2.62144,5.24288,55.92405333333334,1.0996700000000001,1.0996700000000001,4.14321,5.24288,0,112.12832681360851,49.36323757040573,2.271494584480653,0.5597612220463926,PIM,original sweep,Analytical transfer and overlap terms; native scan and GPU operator costs unchanged,link_Q
128,1024,1152,300,mq,23.599584444756424,22.357501052927137,23.599584444756424,69.55666994243998,47.23505599999999,7.038472553699283,3.4952533333333338,3.4952533333333338,6.9905066666666675,55.92405333333334,1.0996700000000001,1.0996700000000001,5.890836666666667,6.9905066666666675,0,125.48072327577333,67.15487188703261,1.868527476113066,0.46481921578150276,PIM,original sweep,Analytical transfer and overlap terms; native scan and GPU operator costs unchanged,link_Q
192,1024,1216,300,mq,31.36260564368946,35.39937666713463,31.36260564368946,98.12458795451356,73.15958400000001,11.144248210023866,5.24288,5.24288,10.48576,55.92405333333334,1.0996700000000001,1.0996700000000001,9.386090000000001,10.48576,0,154.0486412878469,104.17568221002387,1.4787389726642386,0.3237481269609716,PIM,original sweep,Analytical transfer and overlap terms; native scan and GPU operator costs unchanged,link_Q
256,1024,1280,300,mq,39.746668538537136,49.68333567317142,39.746668538537136,129.1766727502457,101.38495999999998,15.64105011933174,6.9905066666666675,6.9905066666666675,13.981013333333335,55.92405333333334,1.0996700000000001,1.0996700000000001,12.881343333333335,13.981013333333335,0,185.10072608357905,143.88836678599841,1.286418980339632,0.2226482854474158,PIM,original sweep,Analytical transfer and overlap terms; native scan and GPU operator costs unchanged,link_Q
384,1024,1408,300,mq,59.88982153846154,81.97750386073284,59.88982153846154,201.75714693765593,169.31534400000004,25.807732696897375,10.48576,10.48576,20.97152,55.92405333333334,1.0996700000000001,1.0996700000000001,19.871850000000002,20.97152,0,257.6812002709893,235.9664466968974,1.092024751307057,0.08426984021828388,PIM,original sweep,Analytical transfer and overlap terms; native scan and GPU operator costs unchanged,link_Q
512,1024,1536,300,mq,87.1124676923077,119.24000561561141,87.1124676923077,293.4649410002268,239.5834880000002,37.53852028639618,13.981013333333335,13.981013333333335,27.96202666666667,55.92405333333334,1.0996700000000001,1.0996700000000001,26.86235666666667,27.96202666666667,0,349.38899433356016,331.94639161972975,1.0525464447096995,0.04992316013588577,PIM,original sweep,Analytical transfer and overlap terms; native scan and GPU operator costs unchanged,link_Q
768,1024,1792,300,mq,152.4468184615385,208.67000982731997,152.4468184615385,513.563646750397,451.8767039999996,65.69241050119332,20.97152,20.97152,41.94304,55.92405333333334,1.0996700000000001,1.0996700000000001,40.84337,41.94304,0,569.4877000837303,600.355524501193,0.9485840919959729,-0.05141590800402709,GPU,original sweep,Analytical transfer and overlap terms; native scan and GPU operator costs unchanged,link_Q
1024,1024,2048,300,mq,232.29991384615388,317.9733483082971,232.29991384615388,782.5731760006049,684.102400000002,100.10272076372314,27.96202666666667,27.96202666666667,55.92405333333334,55.92405333333334,1.0996700000000001,1.0996700000000001,54.82438333333334,55.92405333333334,0,838.4972293339382,894.9535574303918,0.9369170303556845,-0.06308296964431553,GPU,original sweep,Analytical transfer and overlap terms; native scan and GPU operator costs unchanged,link_Q
1536,1024,2560,300,mq,435.5623384615385,596.200028078057,435.5623384615385,1467.324705001134,1269.3298559999976,187.6926014319809,41.94304,41.94304,83.88608,55.92405333333334,1.0996700000000001,1.0996700000000001,82.78641,83.88608,0,1523.2487583344673,1623.6949474319783,0.9381372780297335,-0.06186272197026654,GPU,supplement,Analytical transfer and overlap terms; native scan and GPU operator costs unchanged,link_Q
2048,1024,3072,300,mq,696.8997415384616,953.9200449248913,696.8997415384616,2347.7195280018145,1939.1104000000041,300.3081622911694,55.92405333333334,55.92405333333334,111.84810666666668,55.92405333333334,1.0996700000000001,1.0996700000000001,110.74843666666668,111.84810666666668,0,2403.6435813351477,2462.015105624507,0.9762911591581998,-0.023708840841800267,GPU,supplement,Analytical transfer and overlap terms; native scan and GPU operator costs unchanged,link_Q
1,1024,1025,350,mq,10.033780710374844,0.15541204548645235,10.033780710374844,20.22297346623614,1.54569,0.04892601431980907,0.023405714285714287,0.023405714285714287,0.04681142857142857,47.93490285714286,0.736702,0.04681142857142857,0,0.04681142857142857,0,68.157876323379,1.6414274428912377,41.523538928607515,0.9759172742545059,PIM,original sweep,Analytical transfer and overlap terms; native scan and GPU operator costs unchanged,link_Q
2,1024,1026,350,mq,10.131045907623193,0.311127333988488,10.131045907623193,20.573219149234873,1.849445,0.09794749403341288,0.04681142857142857,0.04681142857142857,0.09362285714285715,47.93490285714286,0.856666,0.09362285714285715,0,0.09362285714285715,0,68.50812200637773,2.04101535117627,33.56570638574345,0.9702076879149268,PIM,original sweep,Analytical transfer and overlap terms; native scan and GPU operator costs unchanged,link_Q
4,1024,1028,350,mq,10.326031166643268,0.6234676400393093,10.326031166643268,21.275529973325845,2.0924490000000002,0.19627684964200476,0.09362285714285715,0.09362285714285715,0.1872457142857143,47.93490285714286,0.9058820000000001,0.1872457142857143,0,0.1872457142857143,0,69.2104328304687,2.4759715639277196,27.952838327705912,0.9642254575983852,PIM,original sweep,Analytical transfer and overlap terms; native scan and GPU operator costs unchanged,link_Q
8,1024,1032,350,mq,10.71782114277692,1.2517871683279518,10.71782114277692,22.68742945388179,2.8406860000000003,0.39408114558472557,0.1872457142857143,0.1872457142857143,0.3744914285714286,47.93490285714286,1.0996700000000001,0.3744914285714286,0,0.3744914285714286,0,70.62233231102465,3.6092585741561543,19.56699163000151,0.9488935233934107,PIM,original sweep,Analytical transfer and overlap terms; native scan and GPU operator costs unchanged,link_Q
16,1024,1040,350,mq,11.508678927418224,2.522981889653236,11.508678927418224,25.540339744489685,5.6813720000000005,0.794272076372315,0.3744914285714286,0.3744914285714286,0.7489828571428572,47.93490285714286,1.0996700000000001,0.7489828571428572,0,0.7489828571428572,0,73.47524260163254,7.2246269335151725,10.170108889744824,0.9016726358742959,PIM,original sweep,Analytical transfer and overlap terms; native scan and GPU operator costs unchanged,link_Q
32,1024,1056,350,mq,13.119505826196828,5.123593991295802,13.119505826196828,31.36260564368946,11.405808,1.612983293556086,0.7489828571428572,0.7489828571428572,1.4979657142857143,47.93490285714286,1.0996700000000001,1.0996700000000001,0.3982957142857142,1.4979657142857143,0,79.29750850083232,14.915052722127514,5.316609332744025,0.8119101973806534,PIM,original sweep,Analytical transfer and overlap terms; native scan and GPU operator costs unchanged,link_Q
48,1024,1072,350,mq,14.769147830970098,7.801836304927699,14.769147830970098,37.340131966867894,17.21022,2.456133651551313,1.1234742857142859,1.1234742857142859,2.2469485714285717,47.93490285714286,1.0996700000000001,1.0996700000000001,1.1472785714285716,2.2469485714285717,0,85.27503482401076,23.060580794408455,3.6978702134287773,0.729574067697533,PIM,original sweep,Analytical transfer and overlap terms; native scan and GPU operator costs unchanged,link_Q
64,1024,1088,350,mq,16.457604941738033,10.557708830548926,16.457604941738033,43.47291871402499,23.033087999999996,3.323723150357995,1.4979657142857143,1.4979657142857143,2.9959314285714287,47.93490285714286,1.0996700000000001,1.0996700000000001,1.8962614285714285,2.9959314285714287,0,91.40782157116786,31.249004007500847,2.9251435197495192,0.6581364321961097,PIM,original sweep,Analytical transfer and overlap terms; native scan and GPU operator costs unchanged,link_Q
96,1024,1120,350,mq,19.9509644812579,16.302344517759373,19.9509644812579,56.20427348027517,34.844928,5.132219570405728,2.2469485714285717,2.2469485714285717,4.4938971428571435,47.93490285714286,1.0996700000000001,1.0996700000000001,3.3942271428571433,4.4938971428571435,0,104.13917633741804,47.86527185612002,2.1756729315244216,0.5403720910847876,PIM,original sweep,Analytical transfer and overlap terms; native scan and GPU operator costs unchanged,link_Q
128,1024,1152,350,mq,23.599584444756424,22.357501052927137,23.599584444756424,69.55666994243998,47.23505599999999,7.038472553699283,2.9959314285714287,2.9959314285714287,5.991862857142857,47.93490285714286,1.0996700000000001,1.0996700000000001,4.892192857142858,5.991862857142857,0,117.49157279958284,65.15758426798499,1.803191050121728,0.44542759352510486,PIM,original sweep,Analytical transfer and overlap terms; native scan and GPU operator costs unchanged,link_Q
192,1024,1216,350,mq,31.36260564368946,35.39937666713463,31.36260564368946,98.12458795451356,73.15958400000001,11.144248210023866,4.4938971428571435,4.4938971428571435,8.987794285714287,47.93490285714286,1.0996700000000001,1.0996700000000001,7.888124285714287,8.987794285714287,0,146.05949081165642,101.17975078145244,1.4435644452924568,0.307270275836278,PIM,original sweep,Analytical transfer and overlap terms; native scan and GPU operator costs unchanged,link_Q
256,1024,1280,350,mq,39.746668538537136,49.68333567317142,39.746668538537136,129.1766727502457,101.38495999999998,15.64105011933174,5.991862857142857,5.991862857142857,11.983725714285715,47.93490285714286,1.0996700000000001,1.0996700000000001,10.884055714285715,11.983725714285715,0,177.11157560738854,139.89379154790316,1.2660431434996247,0.21013750192131864,PIM,original sweep,Analytical transfer and overlap terms; native scan and GPU operator costs unchanged,link_Q
384,1024,1408,350,mq,59.88982153846154,81.97750386073284,59.88982153846154,201.75714693765593,169.31534400000004,25.807732696897375,8.987794285714287,8.987794285714287,17.975588571428574,47.93490285714286,1.0996700000000001,1.0996700000000001,16.875918571428574,17.975588571428574,0,249.69204979479878,229.97458383975456,1.0857375872839203,0.0789671356026288,PIM,original sweep,Analytical transfer and overlap terms; native scan and GPU operator costs unchanged,link_Q
512,1024,1536,350,mq,87.1124676923077,119.24000561561141,87.1124676923077,293.4649410002268,239.5834880000002,37.53852028639618,11.983725714285715,11.983725714285715,23.96745142857143,47.93490285714286,1.0996700000000001,1.0996700000000001,22.86778142857143,23.96745142857143,0,341.39984385736966,323.95724114353925,1.0538422992252299,0.05109141971698616,PIM,original sweep,Analytical transfer and overlap terms; native scan and GPU operator costs unchanged,link_Q
768,1024,1792,350,mq,152.4468184615385,208.67000982731997,152.4468184615385,513.563646750397,451.8767039999996,65.69241050119332,17.975588571428574,17.975588571428574,35.95117714285715,47.93490285714286,1.0996700000000001,1.0996700000000001,34.851507142857145,35.95117714285715,0,561.4985496075399,588.3717987869072,0.9543260753918287,-0.045673924608171323,GPU,original sweep,Analytical transfer and overlap terms; native scan and GPU operator costs unchanged,link_Q
1024,1024,2048,350,mq,232.29991384615388,317.9733483082971,232.29991384615388,782.5731760006049,684.102400000002,100.10272076372314,23.96745142857143,23.96745142857143,47.93490285714286,47.93490285714286,1.0996700000000001,1.0996700000000001,46.835232857142856,47.93490285714286,0,830.5080788577478,878.9752564780109,0.9448594516591201,-0.05514054834087993,GPU,original sweep,Analytical transfer and overlap terms; native scan and GPU operator costs unchanged,link_Q
1536,1024,2560,350,mq,435.5623384615385,596.200028078057,435.5623384615385,1467.324705001134,1269.3298559999976,187.6926014319809,35.95117714285715,35.95117714285715,71.9023542857143,47.93490285714286,1.0996700000000001,1.0996700000000001,70.80268428571429,71.9023542857143,0,1515.2596078582767,1599.7274960034072,0.9471985770350536,-0.05280142296494638,GPU,supplement,Analytical transfer and overlap terms; native scan and GPU operator costs unchanged,link_Q
2048,1024,3072,350,mq,696.8997415384616,953.9200449248913,696.8997415384616,2347.7195280018145,1939.1104000000041,300.3081622911694,47.93490285714286,47.93490285714286,95.86980571428572,47.93490285714286,1.0996700000000001,1.0996700000000001,94.77013571428571,95.86980571428572,0,2395.6544308589573,2430.0585037197447,0.9858422861803021,-0.014157713819697902,GPU,supplement,Analytical transfer and overlap terms; native scan and GPU operator costs unchanged,link_Q
1,1024,1025,400,mq,10.033780710374844,0.15541204548645235,10.033780710374844,20.22297346623614,1.54569,0.04892601431980907,0.02048,0.02048,0.04096,41.94304,0.736702,0.04096,0,0.04096,0,62.166013466236144,1.6355760143198093,38.00863605357362,0.9736901898139547,PIM,original sweep,Analytical transfer and overlap terms; native scan and GPU operator costs unchanged,link_Q
2,1024,1026,400,mq,10.131045907623193,0.311127333988488,10.131045907623193,20.573219149234873,1.849445,0.09794749403341288,0.04096,0.04096,0.08192,41.94304,0.856666,0.08192,0,0.08192,0,62.51625914923488,2.029312494033413,30.80662014009437,0.9675394445916995,PIM,original sweep,Analytical transfer and overlap terms; native scan and GPU operator costs unchanged,link_Q
4,1024,1028,400,mq,10.326031166643268,0.6234676400393093,10.326031166643268,21.275529973325845,2.0924490000000002,0.19627684964200476,0.08192,0.08192,0.16384,41.94304,0.9058820000000001,0.16384,0,0.16384,0,63.21856997332585,2.452565849642005,25.776502589136886,0.9612049774191851,PIM,original sweep,Analytical transfer and overlap terms; native scan and GPU operator costs unchanged,link_Q
8,1024,1032,400,mq,10.71782114277692,1.2517871683279518,10.71782114277692,22.68742945388179,2.8406860000000003,0.39408114558472557,0.16384,0.16384,0.32768,41.94304,1.0996700000000001,0.32768,0,0.32768,0,64.6304694538818,3.5624471455847257,18.142155325443746,0.9448797575557335,PIM,original sweep,Analytical transfer and overlap terms; native scan and GPU operator costs unchanged,link_Q
16,1024,1040,400,mq,11.508678927418224,2.522981889653236,11.508678927418224,25.540339744489685,5.6813720000000005,0.794272076372315,0.32768,0.32768,0.65536,41.94304,1.0996700000000001,0.65536,0,0.65536,0,67.4833797444897,7.1310040763723155,9.46337696932293,0.8943294763336955,PIM,original sweep,Analytical transfer and overlap terms; native scan and GPU operator costs unchanged,link_Q
32,1024,1056,400,mq,13.119505826196828,5.123593991295802,13.119505826196828,31.36260564368946,11.405808,1.612983293556086,0.65536,0.65536,1.31072,41.94304,1.0996700000000001,1.0996700000000001,0.21104999999999996,1.31072,0,73.30564564368946,14.540561293556086,5.041459140657533,0.8016447278258463,PIM,original sweep,Analytical transfer and overlap terms; native scan and GPU operator costs unchanged,link_Q
48,1024,1072,400,mq,14.769147830970098,7.801836304927699,14.769147830970098,37.340131966867894,17.21022,2.456133651551313,0.9830399999999999,0.9830399999999999,1.9660799999999998,41.94304,1.0996700000000001,1.0996700000000001,0.8664099999999997,1.9660799999999998,0,79.2831719668679,22.498843651551308,3.5238776354357784,0.7162217013598613,PIM,original sweep,Analytical transfer and overlap terms; native scan and GPU operator costs unchanged,link_Q
64,1024,1088,400,mq,16.457604941738033,10.557708830548926,16.457604941738033,43.47291871402499,23.033087999999996,3.323723150357995,1.31072,1.31072,2.62144,41.94304,1.0996700000000001,1.0996700000000001,1.52177,2.62144,0,85.415958714025,30.50002115035799,2.800521294491707,0.6429236221246089,PIM,original sweep,Analytical transfer and overlap terms; native scan and GPU operator costs unchanged,link_Q
96,1024,1120,400,mq,19.9509644812579,16.302344517759373,19.9509644812579,56.20427348027517,34.844928,5.132219570405728,1.9660799999999998,1.9660799999999998,3.9321599999999997,41.94304,1.0996700000000001,1.0996700000000001,2.8324899999999995,3.9321599999999997,0,98.14731348027517,46.74179757040574,2.099776187093337,0.523758767174004,PIM,original sweep,Analytical transfer and overlap terms; native scan and GPU operator costs unchanged,link_Q
128,1024,1152,400,mq,23.599584444756424,22.357501052927137,23.599584444756424,69.55666994243998,47.23505599999999,7.038472553699283,2.62144,2.62144,5.24288,41.94304,1.0996700000000001,1.0996700000000001,4.14321,5.24288,0,111.49970994243998,63.659618553699275,1.7514982413598001,0.4290602317569922,PIM,original sweep,Analytical transfer and overlap terms; native scan and GPU operator costs unchanged,link_Q
192,1024,1216,400,mq,31.36260564368946,35.39937666713463,31.36260564368946,98.12458795451356,73.15958400000001,11.144248210023866,3.9321599999999997,3.9321599999999997,7.864319999999999,41.94304,1.0996700000000001,1.0996700000000001,6.76465,7.864319999999999,0,140.06762795451357,98.93280221002388,1.4157855112318036,0.2936783205741734,PIM,original sweep,Analytical transfer and overlap terms; native scan and GPU operator costs unchanged,link_Q
256,1024,1280,400,mq,39.746668538537136,49.68333567317142,39.746668538537136,129.1766727502457,101.38495999999998,15.64105011933174,5.24288,5.24288,10.48576,41.94304,1.0996700000000001,1.0996700000000001,9.386090000000001,10.48576,0,171.1197127502457,136.8978601193317,1.249980917167612,0.1999877868008217,PIM,original sweep,Analytical transfer and overlap terms; native scan and GPU operator costs unchanged,link_Q
384,1024,1408,400,mq,59.88982153846154,81.97750386073284,59.88982153846154,201.75714693765593,169.31534400000004,25.807732696897375,7.864319999999999,7.864319999999999,15.728639999999999,41.94304,1.0996700000000001,1.0996700000000001,14.628969999999999,15.728639999999999,0,243.70018693765593,225.4806866968974,1.0808029304312439,0.07476194610150005,PIM,original sweep,Analytical transfer and overlap terms; native scan and GPU operator costs unchanged,link_Q
512,1024,1536,400,mq,87.1124676923077,119.24000561561141,87.1124676923077,293.4649410002268,239.5834880000002,37.53852028639618,10.48576,10.48576,20.97152,41.94304,1.0996700000000001,1.0996700000000001,19.871850000000002,20.97152,0,335.4079810002268,317.9653782863964,1.0548569243853951,0.05200413735479543,PIM,original sweep,Analytical transfer and overlap terms; native scan and GPU operator costs unchanged,link_Q
768,1024,1792,400,mq,152.4468184615385,208.67000982731997,152.4468184615385,513.563646750397,451.8767039999996,65.69241050119332,15.728639999999999,15.728639999999999,31.457279999999997,41.94304,1.0996700000000001,1.0996700000000001,30.357609999999998,31.457279999999997,0,555.506686750397,579.384004501193,0.9587884415770976,-0.04121155842290231,GPU,original sweep,Analytical transfer and overlap terms; native scan and GPU operator costs unchanged,link_Q
1024,1024,2048,400,mq,232.29991384615388,317.9733483082971,232.29991384615388,782.5731760006049,684.102400000002,100.10272076372314,20.97152,20.97152,41.94304,41.94304,1.0996700000000001,1.0996700000000001,40.84337,41.94304,0,824.5162160006049,866.9915307637252,0.9510083856001406,-0.048991614399859454,GPU,original sweep,Analytical transfer and overlap terms; native scan and GPU operator costs unchanged,link_Q
1536,1024,2560,400,mq,435.5623384615385,596.200028078057,435.5623384615385,1467.324705001134,1269.3298559999976,187.6926014319809,31.457279999999997,31.457279999999997,62.914559999999994,41.94304,1.0996700000000001,1.0996700000000001,61.81488999999999,62.914559999999994,0,1509.267745001134,1581.7519074319785,0.9541747589553885,-0.045825241044611505,GPU,supplement,Analytical transfer and overlap terms; native scan and GPU operator costs unchanged,link_Q
2048,1024,3072,400,mq,696.8997415384616,953.9200449248913,696.8997415384616,2347.7195280018145,1939.1104000000041,300.3081622911694,41.94304,41.94304,83.88608,41.94304,1.0996700000000001,1.0996700000000001,82.78641,83.88608,0,2389.6625680018146,2406.0910522911736,0.9931721269343838,-0.00682787306561616,GPU,supplement,Analytical transfer and overlap terms; native scan and GPU operator costs unchanged,link_Q
1,1024,1025,450,mq,10.033780710374844,0.15541204548645235,10.033780710374844,20.22297346623614,1.54569,0.04892601431980907,0.018204444444444443,0.018204444444444443,0.036408888888888886,37.28270222222222,0.736702,0.036408888888888886,0,0.036408888888888886,0,57.50567568845836,1.631024903208698,35.257386674678024,0.971637149139071,PIM,original sweep,Analytical transfer and overlap terms; native scan and GPU operator costs unchanged,link_Q
2,1024,1026,450,mq,10.131045907623193,0.311127333988488,10.131045907623193,20.573219149234873,1.849445,0.09794749403341288,0.036408888888888886,0.036408888888888886,0.07281777777777777,37.28270222222222,0.856666,0.07281777777777777,0,0.07281777777777777,0,57.85592137145709,2.020210271811191,28.638564103323358,0.9650820482342565,PIM,original sweep,Analytical transfer and overlap terms; native scan and GPU operator costs unchanged,link_Q
4,1024,1028,450,mq,10.326031166643268,0.6234676400393093,10.326031166643268,21.275529973325845,2.0924490000000002,0.19627684964200476,0.07281777777777777,0.07281777777777777,0.14563555555555555,37.28270222222222,0.9058820000000001,0.14563555555555555,0,0.14563555555555555,0,58.558232195548065,2.434361405197561,24.054863863073678,0.9584283658518189,PIM,original sweep,Analytical transfer and overlap terms; native scan and GPU operator costs unchanged,link_Q
8,1024,1032,450,mq,10.71782114277692,1.2517871683279518,10.71782114277692,22.68742945388179,2.8406860000000003,0.39408114558472557,0.14563555555555555,0.14563555555555555,0.2912711111111111,37.28270222222222,1.0996700000000001,0.2912711111111111,0,0.2912711111111111,0,59.97013167610401,3.526038256695837,17.007793821358177,0.9412034264700333,PIM,original sweep,Analytical transfer and overlap terms; native scan and GPU operator costs unchanged,link_Q
16,1024,1040,450,mq,11.508678927418224,2.522981889653236,11.508678927418224,25.540339744489685,5.6813720000000005,0.794272076372315,0.2912711111111111,0.2912711111111111,0.5825422222222222,37.28270222222222,1.0996700000000001,0.5825422222222222,0,0.5825422222222222,0,62.823041966711905,7.058186298594538,8.900734453441892,0.8876497209044022,PIM,original sweep,Analytical transfer and overlap terms; native scan and GPU operator costs unchanged,link_Q
32,1024,1056,450,mq,13.119505826196828,5.123593991295802,13.119505826196828,31.36260564368946,11.405808,1.612983293556086,0.5825422222222222,0.5825422222222222,1.1650844444444444,37.28270222222222,1.0996700000000001,1.0996700000000001,0.06541444444444422,1.1650844444444444,0,68.64530786591168,14.249290182444975,4.817454552963081,0.7924214979080751,PIM,original sweep,Analytical transfer and overlap terms; native scan and GPU operator costs unchanged,link_Q
48,1024,1072,450,mq,14.769147830970098,7.801836304927699,14.769147830970098,37.340131966867894,17.21022,2.456133651551313,0.8738133333333334,0.8738133333333334,1.7476266666666669,37.28270222222222,1.0996700000000001,1.0996700000000001,0.6479566666666667,1.7476266666666669,0,74.62283418909011,22.061936984884642,3.3824244099789,0.7043540730578403,PIM,original sweep,Analytical transfer and overlap terms; native scan and GPU operator costs unchanged,link_Q
64,1024,1088,450,mq,16.457604941738033,10.557708830548926,16.457604941738033,43.47291871402499,23.033087999999996,3.323723150357995,1.1650844444444444,1.1650844444444444,2.3301688888888887,37.28270222222222,1.0996700000000001,1.0996700000000001,1.2304988888888886,2.3301688888888887,0,80.75562093624721,29.91747892813577,2.6992789442662874,0.6295306929562932,PIM,original sweep,Analytical transfer and overlap terms; native scan and GPU operator costs unchanged,link_Q
96,1024,1120,450,mq,19.9509644812579,16.302344517759373,19.9509644812579,56.20427348027517,34.844928,5.132219570405728,1.7476266666666669,1.7476266666666669,3.4952533333333338,37.28270222222222,1.0996700000000001,1.0996700000000001,2.3955833333333336,3.4952533333333338,0,93.48697570249739,45.8679842370724,2.0381749330710144,0.5093649795342873,PIM,original sweep,Analytical transfer and overlap terms; native scan and GPU operator costs unchanged,link_Q
128,1024,1152,450,mq,23.599584444756424,22.357501052927137,23.599584444756424,69.55666994243998,47.23505599999999,7.038472553699283,2.3301688888888887,2.3301688888888887,4.6603377777777775,37.28270222222222,1.0996700000000001,1.0996700000000001,3.5606677777777773,4.6603377777777775,0,106.8393721646622,62.494534109254836,1.7095794646277764,0.4150608259571437,PIM,original sweep,Analytical transfer and overlap terms; native scan and GPU operator costs unchanged,link_Q
192,1024,1216,450,mq,31.36260564368946,35.39937666713463,31.36260564368946,98.12458795451356,73.15958400000001,11.144248210023866,3.4952533333333338,3.4952533333333338,6.9905066666666675,37.28270222222222,1.0996700000000001,1.0996700000000001,5.890836666666667,6.9905066666666675,0,135.40729017673578,97.1851755433572,1.3932916148957981,0.2822751609864614,PIM,original sweep,Analytical transfer and overlap terms; native scan and GPU operator costs unchanged,link_Q
256,1024,1280,450,mq,39.746668538537136,49.68333567317142,39.746668538537136,129.1766727502457,101.38495999999998,15.64105011933174,4.6603377777777775,4.6603377777777775,9.320675555555555,37.28270222222222,1.0996700000000001,1.0996700000000001,8.221005555555555,9.320675555555555,0,166.4593749724679,134.56769123044282,1.2369936160040944,0.1915883905445393,PIM,original sweep,Analytical transfer and overlap terms; native scan and GPU operator costs unchanged,link_Q
384,1024,1408,450,mq,59.88982153846154,81.97750386073284,59.88982153846154,201.75714693765593,169.31534400000004,25.807732696897375,6.9905066666666675,6.9905066666666675,13.981013333333335,37.28270222222222,1.0996700000000001,1.0996700000000001,12.881343333333335,13.981013333333335,0,239.03984915987814,221.98543336356408,1.0768267337991615,0.07134549262917028,PIM,original sweep,Analytical transfer and overlap terms; native scan and GPU operator costs unchanged,link_Q
512,1024,1536,450,mq,87.1124676923077,119.24000561561141,87.1124676923077,293.4649410002268,239.5834880000002,37.53852028639618,9.320675555555555,9.320675555555555,18.64135111111111,37.28270222222222,1.0996700000000001,1.0996700000000001,17.54168111111111,18.64135111111111,0,330.747643222449,313.3050405086186,1.0556729080563598,0.05273689192124988,PIM,original sweep,Analytical transfer and overlap terms; native scan and GPU operator costs unchanged,link_Q
768,1024,1792,450,mq,152.4468184615385,208.67000982731997,152.4468184615385,513.563646750397,451.8767039999996,65.69241050119332,13.981013333333335,13.981013333333335,27.96202666666667,37.28270222222222,1.0996700000000001,1.0996700000000001,26.86235666666667,27.96202666666667,0,550.8463489726192,572.3934978345262,0.9623560558541913,-0.0376439441458087,GPU,original sweep,Analytical transfer and overlap terms; native scan and GPU operator costs unchanged,link_Q
1024,1024,2048,450,mq,232.29991384615388,317.9733483082971,232.29991384615388,782.5731760006049,684.102400000002,100.10272076372314,18.64135111111111,18.64135111111111,37.28270222222222,37.28270222222222,1.0996700000000001,1.0996700000000001,36.18303222222222,37.28270222222222,0,819.8558782228272,857.6708552081697,0.9559096863841033,-0.04409031361589663,GPU,original sweep,Analytical transfer and overlap terms; native scan and GPU operator costs unchanged,link_Q
1536,1024,2560,450,mq,435.5623384615385,596.200028078057,435.5623384615385,1467.324705001134,1269.3298559999976,187.6926014319809,27.96202666666667,27.96202666666667,55.92405333333334,37.28270222222222,1.0996700000000001,1.0996700000000001,54.82438333333334,55.92405333333334,0,1504.6074072233562,1567.7708940986452,0.9597112772580183,-0.04028872274198164,GPU,supplement,Analytical transfer and overlap terms; native scan and GPU operator costs unchanged,link_Q
2048,1024,3072,450,mq,696.8997415384616,953.9200449248913,696.8997415384616,2347.7195280018145,1939.1104000000041,300.3081622911694,37.28270222222222,37.28270222222222,74.56540444444444,37.28270222222222,1.0996700000000001,1.0996700000000001,73.46573444444444,74.56540444444444,0,2385.002230224037,2387.4497011800627,0.9989748596777489,-0.0010251403222510413,GPU,supplement,Analytical transfer and overlap terms; native scan and GPU operator costs unchanged,link_Q
