model,config,k,rung,tier,start_s,end_s,duration_s,requests,prefill_end_s,first_token_s,prefill_s,decode_s
GPT-13B,C-hi,8,A1,0,0.0,57.595471347535295,57.595471347535295,16,46.56325556315505,46.60632247206263,46.56325556315505,11.032215784380242
GPT-13B,C-hi,8,A1,1,57.595471347535295,138.39207757854058,80.79660623100528,16,125.42460991640984,125.47523640289033,67.82913856887454,12.967467662130744
GPT-13B,C-hi,8,A2,0,0.0,156.96345198164602,156.96345198164602,16,156.96345198164602,6.388389347859051,156.96345198164602,0.0
GPT-13B,C-hi,8,A2,1,156.96345198164602,349.7082197557013,192.74476777405528,16,349.7082197557013,0.0,192.74476777405528,0.0
GPT-13B,C-hi,8,A3,0,0.0,16.199699510281125,16.199699510281125,16,5.429431380339691,5.471472676173036,5.429431380339691,10.770268129941433
GPT-13B,C-hi,8,A3,1,16.199699510281125,37.3830400906651,21.183340580383973,16,21.676409333146655,21.737542800382275,5.47670982286553,15.706630757518443
GPT-13B,C-hi,8,A3a,0,0.0,16.199699510281125,16.199699510281125,16,5.429431380339691,5.471472676173036,5.429431380339691,10.770268129941433
GPT-13B,C-hi,8,A3a,1,16.199699510281125,34.87147223751039,18.671772727229264,16,21.676409333146655,21.727924334579715,5.47670982286553,13.195062904363734
GPT-13B,C-hi,8,A3b,0,0.0,16.068682227872113,16.068682227872113,16,5.429431380339691,5.47096088941386,5.429431380339691,10.639250847532422
GPT-13B,C-hi,8,A3b,1,16.068682227872113,36.760680799507035,20.691998571634922,16,21.545392050737643,21.604606213260947,5.47670982286553,15.215288748769392
GPT-13B,C-hi,8,A4,0,0.0,15.967606379112699,15.967606379112699,16,5.41592307430235,5.457111309576737,5.41592307430235,10.551683304810348
GPT-13B,C-hi,8,A4,1,15.967606379112699,34.29179231255214,18.32418593343944,16,21.427950276081035,21.47817275758175,5.460343896968336,12.863842036471105
GPT-13B,C-hi,8,A4b,0,0.0,15.968867399116974,15.968867399116974,16,5.41592307430235,5.457116235436706,5.41592307430235,10.552944324814623
GPT-13B,C-hi,8,A4b,1,15.968867399116974,34.24508369477527,18.276216295658294,16,21.42921129608531,21.47924639618887,5.460343896968336,12.815872398689958
GPT-13B,C-hi,8,A5,0,0.0,9.895639148403706,9.895639148403706,16,4.935049844487052,4.954397868820772,4.935049844487052,4.960589303916654
GPT-13B,C-hi,8,A5,1,9.895639148403706,24.45853004909816,14.562890900694455,16,17.88970359014904,17.91533616705218,7.9940644417453335,6.568826458949122
GPT-13B,C-hi,8,A6,0,0.0,9.895639148403706,9.895639148403706,16,4.935049844487052,4.954397868820772,4.935049844487052,4.960589303916654
GPT-13B,C-hi,8,A6,1,9.895639148403706,24.45853004909816,14.562890900694455,16,17.88970359014904,17.91533616705218,7.9940644417453335,6.568826458949122
GPT-13B,C-lo,8,A1,0,0.0,11.636069463279368,11.636069463279368,16,6.409609279144019,6.429997455232294,6.409609279144019,5.226460184135349
GPT-13B,C-lo,8,A1,1,11.636069463279368,34.48691787638211,22.85084841310274,16,27.325205826989272,27.35315358068166,15.689136363709904,7.161712049392836
GPT-13B,C-lo,8,A2,0,0.0,43.54524083273608,43.54524083273608,16,43.54524083273608,0.9492813405236102,43.54524083273608,0.0
GPT-13B,C-lo,8,A2,1,43.54524083273608,124.04036065588237,80.4951198231463,16,124.04036065588237,0.0,80.4951198231463,0.0
GPT-13B,C-lo,8,A3,0,0.0,5.939995740568676,5.939995740568676,16,0.7639666273986141,0.7841554270720537,0.7639666273986141,5.176029113170062
GPT-13B,C-lo,8,A3,1,5.939995740568676,15.610280546662048,9.670284806093372,16,7.554736171272722,7.586064847065879,1.614740430704046,8.055544375389326
GPT-13B,C-lo,8,A3a,0,0.0,5.939995740568676,5.939995740568676,16,0.7639666273986141,0.7841554270720537,0.7639666273986141,5.176029113170062
GPT-13B,C-lo,8,A3a,1,5.939995740568676,14.768342346780168,8.828346606211491,16,7.554736171272722,7.582861364786093,1.614740430704046,7.213606175507445
GPT-13B,C-lo,8,A3b,0,0.0,5.96958798373211,5.96958798373211,16,0.7639666273986141,0.7842710212727007,0.7639666273986141,5.205621356333496
GPT-13B,C-lo,8,A3b,1,5.96958798373211,15.430424528132884,9.460836544400774,16,7.584328414436156,7.6148437305476975,1.614740430704046,7.846096113696728
GPT-13B,C-lo,8,A4,0,0.0,5.911281162965304,5.911281162965304,16,0.7604241033358693,0.7805153610898686,0.7604241033358693,5.150857059629435
GPT-13B,C-lo,8,A4,1,5.911281162965304,14.562162373232015,8.65088121026671,16,7.51931001906337,7.546794254635603,1.6080288560980662,7.0428523541686445
GPT-13B,C-lo,8,A4b,0,0.0,5.937898266328976,5.937898266328976,16,0.7604241033358693,0.7806193341499147,0.7604241033358693,5.177474162993107
GPT-13B,C-lo,8,A4b,1,5.937898266328976,14.579584171470692,8.641685905141717,16,7.5459271224270426,7.5733754388391485,1.6080288560980662,7.03365704904365
GPT-13B,C-lo,8,A5,0,0.0,4.3493158003642325,4.3493158003642325,16,0.6373602498144147,0.6518307985484385,0.6373602498144147,3.711955550549818
GPT-13B,C-lo,8,A5,1,4.3493158003642325,11.514194469051814,7.164878668687582,16,6.462753161598857,6.482458447770515,2.1134373612346247,5.051441307452957
GPT-13B,C-lo,8,A6,0,0.0,4.3493158003642325,4.3493158003642325,16,0.6373602498144147,0.6518307985484385,0.6373602498144147,3.711955550549818
GPT-13B,C-lo,8,A6,1,4.3493158003642325,11.514194469051814,7.164878668687582,16,6.462753161598857,6.482458447770515,2.1134373612346247,5.051441307452957
GPT-13B,D-hi,8,A1,0,0.0,23.38968786219644,23.38968786219644,16,16.227975812904475,16.255923566596863,16.227975812904475,7.161712049291964
GPT-13B,D-hi,8,A1,1,23.38968786219644,61.72785809453155,38.33817023233511,16,52.63089418686315,52.66640151812732,29.241206324666713,9.096963907668396
GPT-13B,D-hi,8,A1,2,61.72785809453155,100.47995365498448,38.752095560452936,16,91.26203648581307,91.29801629075499,29.53417839128152,9.217917169171415
GPT-13B,D-hi,8,A1,3,100.47995365498448,139.64191894793035,39.161965292945865,16,130.30304855914724,130.33950083760433,29.823094904162758,9.338870388783107
GPT-13B,D-hi,8,A2,0,0.0,80.85760113292208,80.85760113292208,16,80.85760113292208,2.2686072601850413,80.85760113292208,0.0
GPT-13B,D-hi,8,A2,1,80.85760113292208,198.52977144018766,117.67217030726557,16,198.52977144018766,0.0,117.67217030726557,0.0
GPT-13B,D-hi,8,A2,2,198.52977144018766,318.5019006482685,119.97212920808082,16,318.5019006482685,0.0,119.97212920808082,0.0
GPT-13B,D-hi,8,A2,3,318.5019006482685,440.7739887571546,122.27208810888612,16,440.7739887571546,0.0,122.27208810888612,0.0
GPT-13B,D-hi,8,A3,0,0.0,8.91762639648283,8.91762639648283,16,1.8722822523303029,1.8997730638437977,1.8722822523303029,7.045344144152528
GPT-13B,D-hi,8,A3,1,8.91762639648283,22.188801208222756,13.271174811739925,16,11.580191125061305,11.62150639533411,2.6625647285784737,10.608610083161452
GPT-13B,D-hi,8,A3,2,22.188801208222756,35.654543984662276,13.46574277643952,16,24.893160817168493,24.934935836443675,2.7043596089457367,10.761383167493783
GPT-13B,D-hi,8,A3,3,35.654543984662276,49.282145730324814,13.627601745662538,16,38.40069847392193,38.44308687216018,2.746154489259652,10.881447256402886
GPT-13B,D-hi,8,A3a,0,0.0,8.91762639648283,8.91762639648283,16,1.8722822523303029,1.8997730638437977,1.8722822523303029,7.045344144152528
GPT-13B,D-hi,8,A3a,1,8.91762639648283,20.90177486823854,11.98414847175571,16,11.580191125061305,11.616575842693381,2.6625647285784737,9.321583743177236
GPT-13B,D-hi,8,A3a,2,20.90177486823854,33.04895796024467,12.14718309200613,16,23.606134477184277,23.64299228341749,2.7043596089457367,9.442823483060394
GPT-13B,D-hi,8,A3a,3,33.04895796024467,45.36089383739243,12.31193587714776,16,35.79511244950432,35.832451593223716,2.746154489259652,9.565781387888109
GPT-13B,D-hi,8,A3b,0,0.0,8.771363965683813,8.771363965683813,16,1.8722822523303029,1.8992017257243339,1.8722822523303029,6.89908171335351
GPT-13B,D-hi,8,A3b,1,8.771363965683813,21.731209211497536,12.959845245813723,16,11.433928694262287,11.474027833422621,2.6625647285784737,10.297280517235249
GPT-13B,D-hi,8,A3b,2,21.731209211497536,34.86329804296319,13.132088831465651,16,24.435568820443272,24.476127708598877,2.7043596089457367,10.427729222519915
GPT-13B,D-hi,8,A3b,3,34.86329804296319,48.14313364444821,13.279835601485026,16,37.60945253222284,37.650459433567036,2.746154489259652,10.533681112225374
GPT-13B,D-hi,8,A4,0,0.0,8.847505969383384,8.847505969383384,16,1.8654178009413453,1.8926623151753474,1.8654178009413453,6.982088168442039
GPT-13B,D-hi,8,A4,1,8.847505969383384,20.500974199809836,11.653468230426451,16,11.500141006255255,11.535272404189667,2.652635036871871,9.00083319355458
GPT-13B,D-hi,8,A4,2,20.500974199809836,32.312673358669905,11.811699158860069,16,23.195196496585712,23.230782567640713,2.6942222967758767,9.117476862084192
GPT-13B,D-hi,8,A4,3,32.312673358669905,44.28259638648617,11.969923027816264,16,35.04848291534383,35.08452679454043,2.735809556673928,9.234113471142336
GPT-13B,D-hi,8,A4b,0,0.0,8.80523642183576,8.80523642183576,16,1.8654178009413453,1.892497199755433,1.8654178009413453,6.939818620894415
GPT-13B,D-hi,8,A4b,1,8.80523642183576,20.51959293159004,11.71435650975428,16,11.457871458707631,11.493240701480907,2.652635036871871,9.06172147288241
GPT-13B,D-hi,8,A4b,2,20.51959293159004,32.39218037037587,11.872587438785828,16,23.213815228365917,23.24963914426433,2.6942222967758767,9.178365142009952
GPT-13B,D-hi,8,A4b,3,32.39218037037587,44.4229916771596,12.030811306783733,16,35.127989927049796,35.16427165108611,2.735809556673928,9.295001750109805
GPT-13B,D-hi,8,A5,0,0.0,5.69757369080832,5.69757369080832,16,1.6200946333207102,1.6359930182148459,1.6200946333207102,4.07747905748761
GPT-13B,D-hi,8,A5,1,5.69757369080832,15.053386087828706,9.355812397020387,16,9.50812812960567,9.529761186779135,3.8105544387973493,5.545257958223036
GPT-13B,D-hi,8,A5,2,15.053386087828706,24.61492019646777,9.561534108639066,16,18.953018568052318,18.97510629835163,3.8996324802236124,5.661901628415453
GPT-13B,D-hi,8,A5,3,24.61492019646777,34.38176565102123,9.766845454553462,16,28.60322741754035,28.62577295595593,3.988307221072578,5.778538233480884
GPT-13B,D-hi,8,A6,0,0.0,5.69757369080832,5.69757369080832,16,1.6200946333207102,1.6359930182148459,1.6200946333207102,4.07747905748761
GPT-13B,D-hi,8,A6,1,5.69757369080832,15.053386087828706,9.355812397020387,16,9.50812812960567,9.529761186779135,3.8105544387973493,5.545257958223036
GPT-13B,D-hi,8,A6,2,15.053386087828706,24.61492019646777,9.561534108639066,16,18.953018568052318,18.97510629835163,3.8996324802236124,5.661901628415453
GPT-13B,D-hi,8,A6,3,24.61492019646777,34.38176565102123,9.766845454553462,16,28.60322741754035,28.62577295595593,3.988307221072578,5.778538233480884
GPT-13B,D-lo,8,A1,0,0.0,23.392380071214436,23.392380071214436,16,16.230668021922472,16.25861577561486,16.230668021922472,7.161712049291964
GPT-13B,D-lo,8,A2,0,0.0,80.85760113292208,80.85760113292208,16,80.85760113292208,2.2686072601850413,80.85760113292208,0.0
GPT-13B,D-lo,8,A3,0,0.0,8.917605916483495,8.917605916483495,16,1.8722822523303029,1.8997729838437982,1.8722822523303029,7.045323664153193
GPT-13B,D-lo,8,A3a,0,0.0,8.917605916483495,8.917605916483495,16,1.8722822523303029,1.8997729838437982,1.8722822523303029,7.045323664153193
GPT-13B,D-lo,8,A3b,0,0.0,8.771343485684527,8.771343485684527,16,1.8722822523303029,1.8992016457243344,1.8722822523303029,6.8990612333542245
GPT-13B,D-lo,8,A4,0,0.0,8.846852789409345,8.846852789409345,16,1.8654178009413453,1.8926619351753458,1.8654178009413453,6.981434988468
GPT-13B,D-lo,8,A4b,0,0.0,8.80458324186206,8.80458324186206,16,1.8654178009413453,1.8924968197554313,1.8654178009413453,6.939165440920715
GPT-13B,D-lo,8,A5,0,0.0,5.696915210830747,5.696915210830747,16,1.620089333320563,1.635987338214697,1.620089333320563,4.076825877510184
GPT-13B,D-lo,8,A6,0,0.0,5.696915210830747,5.696915210830747,16,1.620089333320563,1.635987338214697,1.620089333320563,4.076825877510184
GPT-13B,N-hi,8,A2,0,0.0,318.77722764744607,318.77722764744607,64,318.77722764744607,4.42128492447923,318.77722764744607,0.0
GPT-13B,N-hi,8,A2,1,318.77722764744607,1236.2047411898563,917.4275135424102,64,1236.2047411898563,0.0,917.4275135424102,0.0
GPT-13B,N-lo,8,A1,0,0.0,6.57970343461076,6.57970343461076,4,4.057965394014243,4.067809012235333,4.057965394014243,2.5217380405965173
GPT-13B,N-lo,8,A1,1,6.57970343461076,13.948185698098118,7.368482263487358,4,11.305494416266956,11.315810508086603,4.725790981656196,2.642691281831162
GPT-13B,N-lo,8,A2,0,0.0,22.108954461055657,22.108954461055657,4,22.108954461055657,1.7332997896508155,22.108954461055657,0.0
GPT-13B,N-lo,8,A2,1,22.108954461055657,45.3148924343482,23.205937973292546,4,45.3148924343482,0.0,23.205937973292546,0.0
GPT-13B,N-lo,8,A3,0,0.0,4.058738591282624,4.058738591282624,4,1.5563015714409423,1.5660692000371557,1.5563015714409423,2.5024370198416817
GPT-13B,N-lo,8,A3,1,4.058738591282624,7.418252661272427,3.359514069989803,4,4.555380291063707,4.566466030859744,0.4966416997810832,2.86287237020872
GPT-13B,N-lo,8,A3a,0,0.0,4.058738591282624,4.058738591282624,4,1.5563015714409423,1.5660692000371557,1.5563015714409423,2.5024370198416817
GPT-13B,N-lo,8,A3a,1,4.058738591282624,7.2446199444873765,3.1858813532047527,4,4.555380291063707,4.565878212459887,0.4966416997810832,2.6892396534236696
GPT-13B,N-lo,8,A3b,0,0.0,4.047875547436044,4.047875547436044,4,1.5563015714409423,1.566026766147296,1.5563015714409423,2.4915739759951023
GPT-13B,N-lo,8,A3b,1,4.047875547436044,7.378983378023689,3.3311078305876443,4,4.544517247217128,4.5554948646731415,0.4966416997810832,2.834466130806561
GPT-13B,N-lo,8,A4,0,0.0,4.0353863689689895,4.0353863689689895,4,1.5545854585937076,1.5642689694500698,1.5545854585937076,2.480800910375282
GPT-13B,N-lo,8,A4,1,4.0353863689689895,7.191494455389417,3.156108086420428,4,4.530159079120736,4.540548201171981,0.4947727101517465,2.6613353762686813
GPT-13B,N-lo,8,A4b,0,0.0,4.04039486177968,4.04039486177968,4,1.5545854585937076,1.5642885338750832,1.5545854585937076,2.4858094031859723
GPT-13B,N-lo,8,A4b,1,4.04039486177968,7.2015114410171766,3.161116579237497,4,4.535167571931426,4.5455762584077375,0.4947727101517465,2.6663438690857504
GPT-13B,N-lo,8,A5,0,0.0,3.369790887462092,3.369790887462092,4,1.5055205050695715,1.5127956935509954,1.5055205050695715,1.8642703823925204
GPT-13B,N-lo,8,A5,1,3.369790887462092,6.113671016630672,2.74388012916858,4,4.051699627565096,4.059747484041329,0.6819087401030042,2.061971389065576
GPT-13B,N-lo,8,A6,0,0.0,3.369790887462092,3.369790887462092,4,1.5055205050695715,1.5127956935509954,1.5055205050695715,1.8642703823925204
GPT-13B,N-lo,8,A6,1,3.369790887462092,6.113671016630672,2.74388012916858,4,4.051699627565096,4.059747484041329,0.6819087401030042,2.061971389065576
GPT-13B,baseline,8,A1,0,0.0,23.390383491906423,23.390383491906423,16,16.22867144261446,16.256619196306847,16.22867144261446,7.161712049291964
GPT-13B,baseline,8,A1,1,23.390383491906423,61.732651855971476,38.34226836406505,16,52.63568794830308,52.67119527956725,29.245304456396656,9.096963907668396
GPT-13B,baseline,8,A2,0,0.0,80.85760113292208,80.85760113292208,16,80.85760113292208,2.2686072601850413,80.85760113292208,0.0
GPT-13B,baseline,8,A2,1,80.85760113292208,198.52977144018766,117.67217030726557,16,198.52977144018766,0.0,117.67217030726557,0.0
GPT-13B,baseline,8,A3,0,0.0,8.917616156483293,8.917616156483293,16,1.8722822523303029,1.899773023843798,1.8722822523303029,7.04533390415299
GPT-13B,baseline,8,A3,1,8.917616156483293,22.188774333226643,13.27115817674335,16,11.580180885061766,11.621496095334571,2.6625647285784737,10.608593448164877
GPT-13B,baseline,8,A3a,0,0.0,8.917616156483293,8.917616156483293,16,1.8722822523303029,1.899773023843798,1.8722822523303029,7.04533390415299
GPT-13B,baseline,8,A3a,1,8.917616156483293,20.90174543323849,11.984129276755196,16,11.580180885061766,11.616565532693844,2.6625647285784737,9.321564548176722
GPT-13B,baseline,8,A3b,0,0.0,8.771353725684303,8.771353725684303,16,1.8722822523303029,1.8992016857243341,1.8722822523303029,6.899071473354001
GPT-13B,baseline,8,A3b,1,8.771353725684303,21.731182336501313,12.95982861081701,16,11.433918454262777,11.47401753342311,2.6625647285784737,10.297263882238536
GPT-13B,baseline,8,A4,0,0.0,8.847511079383152,8.847511079383152,16,1.8654178009413453,1.8926623251753478,1.8654178009413453,6.982093278441806
GPT-13B,baseline,8,A4,1,8.847511079383152,20.500154919771976,11.652643840388825,16,11.500146116255022,11.535275499189419,2.652635036871871,9.000008803516954
GPT-13B,baseline,8,A4b,0,0.0,8.805241531835525,8.805241531835525,16,1.8654178009413453,1.8924972097554333,1.8654178009413453,6.93982373089418
GPT-13B,baseline,8,A4b,1,8.805241531835525,20.51877365155217,11.713532119716644,16,11.457876568707396,11.493243796480657,2.652635036871871,9.060897082844773
GPT-13B,baseline,8,A5,0,0.0,5.6975789508081105,5.6975789508081105,16,1.6200947833207098,1.6359931782148458,1.6200947833207098,4.077484167487401
GPT-13B,baseline,8,A5,1,5.6975789508081105,15.052264982830694,9.354686032022585,16,9.507831414614566,9.529462456788016,3.8102524638064557,5.544433568216128
GPT-13B,baseline,8,A6,0,0.0,5.6975789508081105,5.6975789508081105,16,1.6200947833207098,1.6359931782148458,1.6200947833207098,4.077484167487401
GPT-13B,baseline,8,A6,1,5.6975789508081105,15.052264982830694,9.354686032022585,16,9.507831414614566,9.529462456788016,3.8102524638064557,5.544433568216128
GPT-13B,broadcast,8,A1,0,0.0,2.7657206630856437,2.7657206630856437,1,1.01441100530606,1.0212503284068357,1.01441100530606,1.7513096577795837
GPT-13B,broadcast,8,A1,1,2.7657206630856437,26.57514896605693,23.809428302971284,16,19.292483674470475,19.320903901765575,16.52676301138483,7.282665291586454
GPT-13B,broadcast,8,A2,0,0.0,7.811332876761604,7.811332876761604,1,7.811332876761604,1.600997293635773,7.811332876761604,0.0
GPT-13B,broadcast,8,A2,1,7.811332876761604,89.41042749887991,81.59909462211832,16,89.41042749887991,0.0,81.59909462211832,0.0
GPT-13B,broadcast,8,A3,0,0.0,3.2532911186289266,3.2532911186289266,1,1.4773064012186021,1.4842420918717933,1.4773064012186021,1.7759847174103245
GPT-13B,broadcast,8,A3,1,3.2532911186289266,11.051274684312386,7.7979835656834595,16,3.7090745863302996,3.737633749564131,0.455783467701373,7.3422000979820865
GPT-13B,broadcast,8,A3a,0,0.0,3.2532911186289266,3.2532911186289266,1,1.4773064012186021,1.4842420918717933,1.4773064012186021,1.7759847174103245
GPT-13B,broadcast,8,A3a,1,3.2532911186289266,10.994639957973835,7.741348839344909,16,3.7090745863302996,3.7375029545640914,0.455783467701373,7.285565371643536
GPT-13B,broadcast,8,A3b,0,0.0,3.2294442139863704,3.2294442139863704,1,1.4773064012186021,1.4841489543193762,1.4773064012186021,1.7521378127677683
GPT-13B,broadcast,8,A3b,1,3.2294442139863704,10.876760374898112,7.647316160911741,16,3.6852276816877434,3.713201743362052,0.455783467701373,7.191532693210368
GPT-13B,broadcast,8,A4,0,0.0,3.228741789807274,3.228741789807274,1,1.476877373006798,1.483718863135025,1.476877373006798,1.751864416800476
GPT-13B,broadcast,8,A4,1,3.228741789807274,10.894522146240137,7.665780356432863,16,3.6774596738031216,3.705624442057213,0.44871788399584744,7.217062472437015
GPT-13B,broadcast,8,A4b,0,0.0,3.2285213702895197,3.2285213702895197,1,1.476877373006798,1.4837180021213026,1.476877373006798,1.7516439972827216
GPT-13B,broadcast,8,A4b,1,3.2285213702895197,10.852032179220863,7.623510808931344,16,3.677239254285367,3.7052389071196328,0.44871788399584744,7.174792924935496
GPT-13B,broadcast,8,A5,0,0.0,3.2285213702895197,3.2285213702895197,1,1.476877373006798,1.4837180021213026,1.476877373006798,1.7516439972827216
GPT-13B,broadcast,8,A5,1,3.2285213702895197,7.7374261063694885,4.508904736079969,16,3.4249727448984415,3.441791383812542,0.1964513746089218,4.3124533614710465
GPT-13B,broadcast,8,A6,0,0.0,3.2285213702895197,3.2285213702895197,1,1.476877373006798,1.4837180021213026,1.476877373006798,1.7516439972827216
GPT-13B,broadcast,8,A6,1,3.2285213702895197,7.7374261063694885,4.508904736079969,16,3.4249727448984415,3.441791383812542,0.1964513746089218,4.3124533614710465
GPT-13B,k-hi,32,A1,0,0.0,23.390383491906423,23.390383491906423,16,16.22867144261446,16.256619196306847,16.22867144261446,7.161712049291964
GPT-13B,k-hi,32,A1,1,23.390383491906423,61.732651855971476,38.34226836406505,16,52.63568794830308,52.67119527956725,29.245304456396656,9.096963907668396
GPT-13B,k-hi,32,A2,0,0.0,80.85760113292208,80.85760113292208,16,80.85760113292208,2.2686072601850413,80.85760113292208,0.0
GPT-13B,k-hi,32,A2,1,80.85760113292208,202.21418190122884,121.35658076830676,16,202.21418190122884,0.0,121.35658076830676,0.0
GPT-13B,k-hi,32,A3,0,0.0,8.917608476483379,8.917608476483379,16,1.8722822523303029,1.8997729938437982,1.8722822523303029,7.045326224153076
GPT-13B,k-hi,32,A3,1,8.917608476483379,26.934454861398045,18.016846384914665,16,15.274954738086874,15.320232859039336,6.357346261603496,11.65950012331117
GPT-13B,k-hi,32,A3a,0,0.0,8.917608476483379,8.917608476483379,16,1.8722822523303029,1.8997729938437982,1.8722822523303029,7.045326224153076
GPT-13B,k-hi,32,A3a,1,8.917608476483379,25.012315264642204,16.094706788158824,16,15.274954738086874,15.312963598718179,6.357346261603496,9.73736052655533
GPT-13B,k-hi,32,A3b,0,0.0,8.771346045684405,8.771346045684405,16,1.8722822523303029,1.8992016557243343,1.8722822523303029,6.899063793354102
GPT-13B,k-hi,32,A3b,1,8.771346045684405,26.415606662029962,17.644260616345555,16,15.128692307287901,15.172516030157862,6.357346261603496,11.286914354742061
GPT-13B,k-hi,32,A4,0,0.0,8.847511079383152,8.847511079383152,16,1.8654178009413453,1.8926623251753478,1.8654178009413453,6.982093278441806
GPT-13B,k-hi,32,A4,1,8.847511079383152,24.63564972349263,15.788138644109479,16,15.19569771032502,15.23254562141968,6.348186630941868,9.439952013167611
GPT-13B,k-hi,32,A4b,0,0.0,8.805241531835525,8.805241531835525,16,1.8654178009413453,1.8924972097554333,1.8654178009413453,6.93982373089418
GPT-13B,k-hi,32,A4b,1,8.805241531835525,24.65426845574947,15.849026923913945,16,15.153428162777393,15.190513918710918,6.348186630941868,9.500840292972077
GPT-13B,k-hi,32,A5,0,0.0,5.6975789508081105,5.6975789508081105,16,1.6200947833207098,1.6359931782148458,1.6200947833207098,4.077484167487401
GPT-13B,k-hi,32,A5,1,5.6975789508081105,22.034884174084112,16.337305223276,16,16.05050739426191,16.07385696460596,10.352928443453798,5.9843767798222025
GPT-13B,k-hi,32,A6,0,0.0,5.6975789508081105,5.6975789508081105,16,1.6200947833207098,1.6359931782148458,1.6200947833207098,4.077484167487401
GPT-13B,k-hi,32,A6,1,5.6975789508081105,22.034884174084112,16.337305223276,16,16.05050739426191,16.07385696460596,10.352928443453798,5.9843767798222025
GPT-13B,k-lo,2,A1,0,0.0,23.390383491906423,23.390383491906423,16,16.22867144261446,16.256619196306847,16.22867144261446,7.161712049291964
GPT-13B,k-lo,2,A1,1,23.390383491906423,61.732651855971476,38.34226836406505,16,52.63568794830308,52.67119527956725,29.245304456396656,9.096963907668396
GPT-13B,k-lo,2,A2,0,0.0,80.85760113292208,80.85760113292208,16,80.85760113292208,2.2686072601850413,80.85760113292208,0.0
GPT-13B,k-lo,2,A2,1,80.85760113292208,197.661893201183,116.80429206826092,16,197.661893201183,0.0,116.80429206826092,0.0
GPT-13B,k-lo,2,A3,0,0.0,8.917611036483263,8.917611036483263,16,1.8722822523303029,1.899773003843798,1.8722822523303029,7.045328784152961
GPT-13B,k-lo,2,A3,1,8.917611036483263,20.393720734873074,11.476109698389811,16,10.709704758044138,10.747340838156523,1.7920937215608745,9.684015976828936
GPT-13B,k-lo,2,A3a,0,0.0,8.917611036483263,8.917611036483263,16,1.8722822523303029,1.899773003843798,1.8722822523303029,7.045328784152961
GPT-13B,k-lo,2,A3a,1,8.917611036483263,19.806408109017493,10.88879707253423,16,10.709704758044138,10.745185794916255,1.7920937215608745,9.096703350973355
GPT-13B,k-lo,2,A3b,0,0.0,8.771348605684283,8.771348605684283,16,1.8722822523303029,1.8992016657243342,1.8722822523303029,6.89906635335398
GPT-13B,k-lo,2,A3b,1,8.771348605684283,20.03216564129539,11.260817035611106,16,10.563442327245157,10.600243392640616,1.7920937215608745,9.468723314050232
GPT-13B,k-lo,2,A4,0,0.0,8.847511079383152,8.847511079383152,16,1.8654178009413453,1.8926623251753478,1.8654178009413453,6.982093278441806
GPT-13B,k-lo,2,A4,1,8.847511079383152,19.50853175585121,10.661020676468057,16,10.629482593989804,10.664139478324898,1.7819715146066528,8.879049161861404
GPT-13B,k-lo,2,A4b,0,0.0,8.805241531835525,8.805241531835525,16,1.8654178009413453,1.8924972097554333,1.8654178009413453,6.93982373089418
GPT-13B,k-lo,2,A4b,1,8.805241531835525,19.52715048751105,10.721908955675525,16,10.587213046442178,10.622107775616136,1.7819715146066528,8.939937441068873
GPT-13B,k-lo,2,A5,0,0.0,5.6975789508081105,5.6975789508081105,16,1.6200947833207098,1.6359931782148458,1.6200947833207098,4.077484167487401
GPT-13B,k-lo,2,A5,1,5.6975789508081105,13.37080930700183,7.673230356193719,16,7.9473353802129685,7.968493923784774,2.249756429404858,5.423473926788861
GPT-13B,k-lo,2,A6,0,0.0,5.6975789508081105,5.6975789508081105,16,1.6200947833207098,1.6359931782148458,1.6200947833207098,4.077484167487401
GPT-13B,k-lo,2,A6,1,5.6975789508081105,13.37080930700183,7.673230356193719,16,7.9473353802129685,7.968493923784774,2.249756429404858,5.423473926788861
GPT-13B,pipeline,8,A1,0,0.0,2.766064816731635,2.766064816731635,1,1.01475515895206,1.0215944820528358,1.01475515895206,1.7513096577795748
GPT-13B,pipeline,8,A1,1,2.766064816731635,5.558047326612695,2.7919825098810604,1,3.799178091211697,3.8060469439122957,1.033113274480062,1.7588692354009985
GPT-13B,pipeline,8,A1,2,5.558047326612695,8.372564572480812,2.8145172458681165,1,6.606135759504758,6.613034141805526,1.0480884328920625,1.766428812976054
GPT-13B,pipeline,8,A1,3,8.372564572480812,11.214326496266922,2.8417619237861107,1,9.440338105762807,9.447266017663212,1.0677735332819953,1.7739883905041154
GPT-13B,pipeline,8,A2,0,0.0,7.811332876761604,7.811332876761604,1,7.811332876761604,1.600997293635773,7.811332876761604,0.0
GPT-13B,pipeline,8,A2,1,7.811332876761604,14.214891320266425,6.403558443504821,1,14.214891320266425,0.0,6.403558443504821,0.0
GPT-13B,pipeline,8,A2,2,14.214891320266425,20.760221701884188,6.545330381617763,1,20.760221701884188,0.0,6.545330381617763,0.0
GPT-13B,pipeline,8,A2,3,20.760221701884188,27.447324021614957,6.687102319730769,1,27.447324021614957,0.0,6.687102319730769,0.0
GPT-13B,pipeline,8,A3,0,0.0,3.2532821636288842,3.2532821636288842,1,1.4773064012186021,1.4842420618717933,1.4773064012186021,1.775975762410282
GPT-13B,pipeline,8,A3,1,3.2532821636288842,5.072936608178146,1.8196544445492622,1,3.28176863036022,3.2887645660947995,0.028486466731335813,1.7911679778179264
GPT-13B,pipeline,8,A3,2,5.072936608178146,6.900850313651218,1.8279137054730716,1,5.102059761744683,5.109085473159317,0.029123153566536608,1.798790551906535
GPT-13B,pipeline,8,A3,3,6.900850313651218,8.736972080029085,1.8361217663778673,1,6.930610154052955,6.937665441147592,0.02975984040173696,1.8063619259761303
GPT-13B,pipeline,8,A3a,0,0.0,3.2532821636288842,3.2532821636288842,1,1.4773064012186021,1.4842420618717933,1.4773064012186021,1.775975762410282
GPT-13B,pipeline,8,A3a,1,3.2532821636288842,5.072765213618966,1.8194830499900814,1,3.28176863036022,3.2887629660947915,0.028486466731335813,1.7909965832587456
GPT-13B,pipeline,8,A3a,2,5.072765213618966,6.900507524534682,1.827742310915716,1,5.101888367185502,5.108912478600146,0.029123153566536608,1.7986191573491794
GPT-13B,pipeline,8,A3a,3,6.900507524534682,8.736509096352023,1.8360015718173415,1,6.930267364936419,6.937321252031082,0.02975984040173696,1.8062417314156045
GPT-13B,pipeline,8,A3b,0,0.0,3.229435258986328,3.229435258986328,1,1.4773064012186021,1.4841489243193762,1.4773064012186021,1.7521288577677259
GPT-13B,pipeline,8,A3b,1,3.229435258986328,5.025181771067886,1.7957465120815579,1,3.257921725717664,3.264824277819701,0.028486466731335813,1.767260045350222
GPT-13B,pipeline,8,A3b,2,5.025181771067886,6.829124547594489,1.8039427765266032,1,5.0543049246344225,5.061237006336611,0.029123153566536608,1.7748196229600666
GPT-13B,pipeline,8,A3b,3,6.829124547594489,8.64121238851522,1.8120878409207304,1,6.858884387996226,6.865845799298355,0.02975984040173696,1.7823280005189934
GPT-13B,pipeline,8,A4,0,0.0,3.2287430698072663,3.2287430698072663,1,1.476877373006798,1.483718868135025,1.476877373006798,1.7518656968004682
GPT-13B,pipeline,8,A4,1,3.2287430698072663,5.023661310553934,1.794918240746668,1,3.256787937557007,3.263688056420256,0.028044867749740465,1.7668733729969275
GPT-13B,pipeline,8,A4,2,5.023661310553934,6.826916439464142,1.803255128910208,1,5.052329888860228,5.059260137323523,0.0286685783062941,1.7745865506039138
GPT-13B,pipeline,8,A4,3,6.826916439464142,8.638304936534922,1.81138849707078,1,6.8562087283269895,6.863168311390322,0.029292288862847293,1.7820962082079328
GPT-13B,pipeline,8,A4b,0,0.0,3.228522650289512,3.228522650289512,1,1.476877373006798,1.4837180071213025,1.476877373006798,1.7516452772827138
GPT-13B,pipeline,8,A4b,1,3.228522650289512,5.0232204715356685,1.7946978212461566,1,3.2565675180392524,3.2634667758887703,0.028044867749740465,1.7666529534964162
GPT-13B,pipeline,8,A4b,2,5.0232204715356685,6.826255180938661,1.8030347094029926,1,5.051889049841963,5.058818437291562,0.0286685783062941,1.7743661310966985
GPT-13B,pipeline,8,A4b,3,6.826255180938661,8.637423258481856,1.8111680775431953,1,6.855547469801508,6.862506191851074,0.029292288862847293,1.781875788680348
GPT-13B,pipeline,8,A5,0,0.0,3.228522650289512,3.228522650289512,1,1.476877373006798,1.4837180071213025,1.476877373006798,1.7516452772827138
GPT-13B,pipeline,8,A5,1,3.228522650289512,5.007453828761168,1.7789311784716562,1,3.2408008752650694,3.2477001331145874,0.012278224975557528,1.7666529534960986
GPT-13B,pipeline,8,A5,2,5.007453828761168,6.794238035713622,1.7867842069524542,1,5.019871904616924,5.026801292066523,0.012418075855755717,1.7743661310966985
GPT-13B,pipeline,8,A5,3,6.794238035713622,8.588669366130341,1.7944313304167192,1,6.806793577449308,6.813752299498874,0.012555541735685516,1.7818757886810337
GPT-13B,pipeline,8,A6,0,0.0,3.228522650289512,3.228522650289512,1,1.476877373006798,1.4837180071213025,1.476877373006798,1.7516452772827138
GPT-13B,pipeline,8,A6,1,3.228522650289512,5.007453828761168,1.7789311784716562,1,3.2408008752650694,3.2477001331145874,0.012278224975557528,1.7666529534960986
GPT-13B,pipeline,8,A6,2,5.007453828761168,6.794238035713622,1.7867842069524542,1,5.019871904616924,5.026801292066523,0.012418075855755717,1.7743661310966985
GPT-13B,pipeline,8,A6,3,6.794238035713622,8.588669366130341,1.7944313304167192,1,6.806793577449308,6.813752299498874,0.012555541735685516,1.7818757886810337
GPT-13B,private,8,A1,0,0.0,23.390383491906423,23.390383491906423,16,16.22867144261446,16.256619196306847,16.22867144261446,7.161712049291964
GPT-13B,private,8,A1,1,23.390383491906423,61.732651855971476,38.34226836406505,16,52.63568794830308,52.67119527956725,29.245304456396656,9.096963907668396
GPT-13B,private,8,A2,0,0.0,103.29219089900754,103.29219089900754,16,103.29219089900754,24.70319702627031,103.29219089900754,0.0
GPT-13B,private,8,A2,1,103.29219089900754,252.11954795558526,148.82735705657774,16,252.11954795558526,0.0,148.82735705657774,0.0
GPT-13B,private,8,A3,0,0.0,31.94342173697582,31.94342173697582,16,24.39075809841941,24.42023275613576,24.39075809841941,7.55266363855641
GPT-13B,private,8,A3,1,31.94342173697582,75.68484098935153,43.74141925237571,16,65.84785549752074,65.88590761140439,33.90443376054492,9.836985491830788
GPT-13B,private,8,A3a,0,0.0,31.94342173697582,31.94342173697582,16,24.39075809841941,24.42023275613576,24.39075809841941,7.55266363855641
GPT-13B,private,8,A3a,1,31.94342173697582,75.53449036581117,43.591068628835345,16,65.84785549752074,65.88566598035217,33.90443376054492,9.686634868290426
GPT-13B,private,8,A3b,0,0.0,31.56287920559184,31.56287920559184,16,24.39075809841941,24.418746492572268,24.39075809841941,7.17212110717243
GPT-13B,private,8,A3b,1,31.56287920559184,74.84163968078111,43.27876047518927,16,65.46731296613757,65.50370809234349,33.90443376054573,9.374326714643544
GPT-13B,private,8,A4,0,0.0,31.551755541826275,31.551755541826275,16,24.38389364702659,24.411865403631115,24.38389364702659,7.167861894799685
GPT-13B,private,8,A4,1,31.551755541826275,74.65208358313609,43.100328041309815,16,65.4460519902166,65.48198534222392,33.89429644839033,9.206031592919487
GPT-13B,private,8,A4b,0,0.0,31.548228828127172,31.548228828127172,16,24.38389364702659,24.411851627405728,24.38389364702659,7.164335181100583
GPT-13B,private,8,A4b,1,31.548228828127172,74.64496824985324,43.09673942172606,16,65.4425252765175,65.47844461047957,33.89429644839033,9.202442973335735
GPT-13B,private,8,A5,0,0.0,42.34280514661553,42.34280514661553,16,35.259231453228004,35.28687395904577,35.259231453228004,7.083573693387528
GPT-13B,private,8,A5,1,42.34280514661553,104.52461558153477,62.18181043491924,16,95.97604457309514,96.00940971969433,53.633239426479605,8.548571008439637
GPT-13B,reduce,8,A1,0,0.0,23.39138666317242,23.39138666317242,16,16.229674613880455,16.257622367572843,16.229674613880455,7.161712049291964
GPT-13B,reduce,8,A1,1,23.39138666317242,27.08708439592129,3.6956977327488723,1,25.21482149658254,25.22213329328309,1.823434833410122,1.8722628993387502
GPT-13B,reduce,8,A2,0,0.0,80.85760113292208,80.85760113292208,16,80.85760113292208,2.2686072601850413,80.85760113292208,0.0
GPT-13B,reduce,8,A2,1,80.85760113292208,90.38919601857846,9.531594885656375,1,90.38919601857846,0.0,9.531594885656375,0.0
GPT-13B,reduce,8,A3,0,0.0,8.91764175648347,8.91764175648347,16,1.8722822523303029,1.8997731238437983,1.8722822523303029,7.045359504153167
GPT-13B,reduce,8,A3,1,8.91764175648347,11.886489420878153,2.9688476643946835,1,9.959932101183401,9.967455965517818,1.042290344699932,1.9265573196947514
GPT-13B,reduce,8,A3a,0,0.0,8.91764175648347,8.91764175648347,16,1.8722822523303029,1.8997731238437983,1.8722822523303029,7.045359504153167
GPT-13B,reduce,8,A3a,1,8.91764175648347,11.888073142233354,2.970431385749885,1,9.959932101183401,9.967461896957865,1.042290344699932,1.9281410410499529
GPT-13B,reduce,8,A3b,0,0.0,8.771379325684498,8.771379325684498,16,1.8722822523303029,1.8992017857243344,1.8722822523303029,6.899097073354195
GPT-13B,reduce,8,A3b,1,8.771379325684498,11.708350508372094,2.9369711826875964,1,9.81366967038443,9.821069760739052,1.042290344699932,1.8946808379876643
GPT-13B,reduce,8,A4,0,0.0,8.846948784409301,8.846948784409301,16,1.8654178009413453,1.892662305175347,1.8654178009413453,6.981530983467956
GPT-13B,reduce,8,A4,1,8.846948784409301,11.776450151896094,2.929501367486793,1,9.888615862226152,9.895988479689704,1.0416670778168502,1.887834289669943
GPT-13B,reduce,8,A4b,0,0.0,8.804679236862128,8.804679236862128,16,1.8654178009413453,1.8924971897554326,1.8654178009413453,6.939261435920783
GPT-13B,reduce,8,A4b,1,8.804679236862128,11.733960184815487,2.929280947953359,1,9.846346314678978,9.853718071128728,1.0416670778168502,1.8876138701365086
GPT-13B,reduce,8,A5,0,0.0,5.6970163558323295,5.6970163558323295,16,1.6200944833207107,1.635992858214846,1.6200944833207107,4.076921872511619
GPT-13B,reduce,8,A5,1,5.6970163558323295,9.235672475490402,3.5386561196580724,1,7.348058605370782,7.355430361820342,1.6510422495384525,1.88761387011962
GPT-13B,reduce,8,A6,0,0.0,5.6970163558323295,5.6970163558323295,16,1.6200944833207107,1.635992858214846,1.6200944833207107,4.076921872511619
GPT-13B,reduce,8,A6,1,5.6970163558323295,9.235672475490402,3.5386561196580724,1,7.348058605370782,7.355430361820342,1.6510422495384525,1.88761387011962
GPT-13B,supervisor,8,A1,0,0.0,2.765693000617646,2.765693000617646,1,1.0143833428380602,1.021222665938836,1.0143833428380602,1.751309657779586
GPT-13B,supervisor,8,A1,1,2.765693000617646,26.575337721720913,23.80964472110327,16,19.29267243013446,19.32109265742956,16.526979429516814,7.282665291586454
GPT-13B,supervisor,8,A1,2,26.575337721720913,30.29662562893044,3.7212879072095255,1,28.416803152021043,28.424144478321477,1.8414654303001292,1.8798224769093963
GPT-13B,supervisor,8,A1,3,30.29662562893044,54.9001553485873,24.60352971965686,16,47.375583572120824,47.40494874662249,17.078957943190385,7.524571776466473
GPT-13B,supervisor,8,A2,0,0.0,7.811332876761604,7.811332876761604,1,7.811332876761604,1.600997293635773,7.811332876761604,0.0
GPT-13B,supervisor,8,A2,1,7.811332876761604,89.41042749887991,81.59909462211832,16,89.41042749887991,0.0,81.59909462211832,0.0
GPT-13B,supervisor,8,A2,2,89.41042749887991,99.0992642356173,9.688836736737386,1,99.0992642356173,0.0,9.688836736737386,0.0
GPT-13B,supervisor,8,A2,3,99.0992642356173,185.23506087734143,86.13579664172413,16,185.23506087734143,0.0,86.13579664172413,0.0
GPT-13B,supervisor,8,A3,0,0.0,3.2532936786288476,3.2532936786288476,1,1.4773064012186021,1.4842421018717935,1.4773064012186021,1.7759872774102454
GPT-13B,supervisor,8,A3,1,3.2532936786288476,11.051279804312257,7.797986125683409,16,3.7090771463302206,3.7376363195640514,0.455783467701373,7.342202657982036
GPT-13B,supervisor,8,A3,2,11.051279804312257,14.05067329771536,2.999393493403103,1,12.109676748815057,12.117257724589495,1.0583969445027996,1.9409965489003032
GPT-13B,supervisor,8,A3,3,14.05067329771536,22.119370426915197,8.068697129199837,16,14.526830744148395,14.556362259580379,0.47615744643303515,7.592539682766802
GPT-13B,supervisor,8,A3a,0,0.0,3.2532936786288476,3.2532936786288476,1,1.4773064012186021,1.4842421018717935,1.4773064012186021,1.7759872774102454
GPT-13B,supervisor,8,A3a,1,3.2532936786288476,10.9946450779737,7.741351399344853,16,3.7090771463302206,3.7375055245640114,0.455783467701373,7.28556793164348
GPT-13B,supervisor,8,A3a,2,10.9946450779737,13.989092691464846,2.994447613491145,1,12.0530420224765,12.060602819770969,1.0583969445027996,1.9360506689883454
GPT-13B,supervisor,8,A3a,3,13.989092691464846,21.994462793477272,8.005370102012426,16,14.46525013789788,14.494630253329843,0.47615744643303515,7.529212655579391
GPT-13B,supervisor,8,A3b,0,0.0,3.2294467739862918,3.2294467739862918,1,1.4773064012186021,1.4841489643193764,1.4773064012186021,1.7521403727676896
GPT-13B,supervisor,8,A3b,1,3.2294467739862918,10.876765494897974,7.647318720911683,16,3.6852302416876648,3.713204313361973,0.455783467701373,7.19153525321031
GPT-13B,supervisor,8,A3b,2,10.876765494897974,13.837502695003272,2.9607372001052976,1,11.935162439400774,11.942592449355455,1.0583969445027996,1.902340255602498
GPT-13B,supervisor,8,A3b,3,13.837502695003272,21.748439862601284,7.9109371675980125,16,14.313660141436307,14.342579011389054,0.47615744643303515,7.434779721164977
GPT-13B,supervisor,8,A4,0,0.0,3.2287392298072897,3.2287392298072897,1,1.476877373006798,1.4837188531350252,1.476877373006798,1.7518618568004916
GPT-13B,supervisor,8,A4,1,3.2287392298072897,10.894564371237532,7.6658251414302425,16,3.677457113803137,3.7056220420572274,0.44871788399584744,7.217107257434395
GPT-13B,supervisor,8,A4,2,10.894564371237532,13.847867404863038,2.953303033625506,1,11.95232507257878,11.959727784642395,1.0577607013412482,1.8955423322842577
GPT-13B,supervisor,8,A4,3,13.847867404863038,21.768674210949335,7.920806806086297,16,14.316544026669149,14.345627018202356,0.4686766218061109,7.452130184280186
GPT-13B,supervisor,8,A4b,0,0.0,3.2285188102895352,3.2285188102895352,1,1.476877373006798,1.4837179921213026,1.476877373006798,1.7516414372827371
GPT-13B,supervisor,8,A4b,1,3.2285188102895352,10.852074404218305,7.62355559392877,16,3.6772366942853827,3.7052365071196474,0.44871788399584744,7.174837709932922
GPT-13B,supervisor,8,A4b,2,10.852074404218305,13.805157018310377,2.9530826140920716,1,11.909835105559553,11.917236956609365,1.0577607013412482,1.8953219127508234
GPT-13B,supervisor,8,A4b,3,13.805157018310377,21.68369427707355,7.878537258763172,16,14.273833640116488,14.302751516229122,0.4686766218061109,7.409860636957061
GPT-13B,supervisor,8,A5,0,0.0,3.2285188102895352,3.2285188102895352,1,1.476877373006798,1.4837179921213026,1.476877373006798,1.7516414372827371
GPT-13B,supervisor,8,A5,1,3.2285188102895352,7.7374681813718915,4.508949371082356,16,3.424970034898458,3.4417888338125575,0.19645122460892273,4.312498146473434
GPT-13B,supervisor,8,A5,2,7.7374681813718915,11.323029797242667,3.585561615870775,1,9.427707884491843,9.435109735541655,1.6902397031199516,1.8953219127508234
GPT-13B,supervisor,8,A5,3,11.323029797242667,16.071439101087858,4.748409303845191,16,11.523918029990739,11.541654892183848,0.20088823274807233,4.547521071097119
GPT-13B,supervisor,8,A6,0,0.0,3.2285188102895352,3.2285188102895352,1,1.476877373006798,1.4837179921213026,1.476877373006798,1.7516414372827371
GPT-13B,supervisor,8,A6,1,3.2285188102895352,7.7374681813718915,4.508949371082356,16,3.424970034898458,3.4417888338125575,0.19645122460892273,4.312498146473434
GPT-13B,supervisor,8,A6,2,7.7374681813718915,11.323029797242667,3.585561615870775,1,9.427707884491843,9.435109735541655,1.6902397031199516,1.8953219127508234
GPT-13B,supervisor,8,A6,3,11.323029797242667,16.071439101087858,4.748409303845191,16,11.523918029990739,11.541654892183848,0.20088823274807233,4.547521071097119
GPT-175B,C-hi,8,A1,0,0.0,121.87890300222311,121.87890300222311,16,98.14330248786386,98.23598645657289,98.14330248786386,23.73560051435925
GPT-175B,C-hi,8,A1,1,121.87890300222311,281.08135020344565,159.20244720122253,16,255.0234475066587,255.12520296825605,133.1445445044356,26.057902696786954
GPT-175B,C-hi,8,A2,0,0.0,294.76145281222034,294.76145281222034,16,294.76145281222034,16.310783788191802,294.76145281222034,0.0
GPT-175B,C-hi,8,A2,1,294.76145281222034,653.0500327608348,358.2885799486145,16,653.0500327608348,0.0,358.2885799486145,0.0
GPT-175B,C-hi,8,A3,0,0.0,37.8281288471326,37.8281288471326,16,14.331646150448279,14.423389384114678,14.331646150448279,23.496482696684318
GPT-175B,C-hi,8,A3,1,37.8281288471326,84.40681704992907,46.57868820279648,16,51.90674683491036,52.03343555026642,14.078617987777761,32.50007021501872
GPT-175B,C-hi,8,A3a,0,0.0,37.8281288471326,37.8281288471326,16,14.331646150448279,14.423389384114678,14.331646150448279,23.496482696684318
GPT-175B,C-hi,8,A3a,1,37.8281288471326,78.3349472767312,40.5068184295986,16,51.90674683491036,52.00994812431475,14.078617987777761,26.42820044182084
GPT-175B,C-hi,8,A3b,0,0.0,37.42791566063194,37.42791566063194,16,14.331646150448279,14.421826110093214,14.331646150448279,23.09626951018366
GPT-175B,C-hi,8,A3b,1,37.42791566063194,83.21158312100154,45.7836674603696,16,51.5065336484097,51.63012453330453,14.078617987777761,31.70504947259184
GPT-175B,C-hi,8,A4,0,0.0,37.49354043028544,37.49354043028544,16,14.299226215960216,14.389791055310509,14.299226215960216,23.194314214325225
GPT-175B,C-hi,8,A4,1,37.49354043028544,77.5426618385978,40.04912140831235,16,51.532880195889824,51.63444863767041,14.039339765604382,26.00978164270797
GPT-175B,C-hi,8,A4b,0,0.0,37.49354043028544,37.49354043028544,16,14.299226215960216,14.389791055310509,14.299226215960216,23.194314214325225
GPT-175B,C-hi,8,A4b,1,37.49354043028544,77.5426618385978,40.04912140831235,16,51.532880195889824,51.63444863767041,14.039339765604382,26.00978164270797
GPT-175B,C-hi,8,A5,0,0.0,29.798571609046682,29.798571609046682,16,13.343998804757446,13.40823652922897,13.343998804757446,16.454572804289235
GPT-175B,C-hi,8,A5,1,29.798571609046682,60.10149543351901,30.30292382447233,16,41.74056998315943,41.81226008037176,11.94199837411275,18.36092545035958
GPT-175B,C-hi,8,A6,0,0.0,29.798571609046682,29.798571609046682,16,13.343998804757446,13.40823652922897,13.343998804757446,16.454572804289235
GPT-175B,C-hi,8,A6,1,29.798571609046682,60.10149543351901,30.30292382447233,16,41.74056998315943,41.81226008037176,11.94199837411275,18.36092545035958
GPT-175B,C-lo,8,A1,0,0.0,35.64118263276378,35.64118263276378,16,18.81346977966365,18.879170781132473,18.81346977966365,16.82771285310013
GPT-175B,C-lo,8,A1,1,35.64118263276378,95.04134472702573,59.40016209426195,16,75.95034871677491,76.02488969913976,40.30916608401113,19.09099601025082
GPT-175B,C-lo,8,A2,0,0.0,87.72506183318411,87.72506183318411,16,87.72506183318411,2.711240720117314,87.72506183318411,0.0
GPT-175B,C-lo,8,A2,1,87.72506183318411,242.25000839571933,154.5249465625352,16,242.25000839571933,0.0,154.5249465625352,0.0
GPT-175B,C-lo,8,A3,0,0.0,19.114490969261936,19.114490969261936,16,2.3311488551593347,2.396668883427957,2.3311488551593347,16.783342114102602
GPT-175B,C-lo,8,A3,1,19.114490969261936,44.754169025283474,25.639678056021538,16,23.593233143321953,23.67572705794063,4.478742174060017,21.16093588196152
GPT-175B,C-lo,8,A3a,0,0.0,19.114490969261936,19.114490969261936,16,2.3311488551593347,2.396668883427957,2.3311488551593347,16.783342114102602
GPT-175B,C-lo,8,A3a,1,19.114490969261936,42.84362404894835,23.729133079686413,16,23.593233143321953,23.66836639820432,4.478742174060017,19.250390905626396
GPT-175B,C-lo,8,A3b,0,0.0,19.176923931854184,19.176923931854184,16,2.3311488551593347,2.3969128209281725,2.3311488551593347,16.84577507669485
GPT-175B,C-lo,8,A3b,1,19.176923931854184,44.68472050171058,25.507796569856396,16,23.6556661059142,23.73765090733311,4.478742174060017,21.02905439579638
GPT-175B,C-lo,8,A4,0,0.0,19.165169523856473,19.165169523856473,16,2.3226467974114944,2.3883999562454155,2.3226467974114944,16.84252272644498
GPT-175B,C-lo,8,A4,1,19.165169523856473,42.88406821765384,23.718898693797367,16,23.627803918842613,23.702991453347057,4.462634394986139,19.256264298811228
GPT-175B,C-lo,8,A4b,0,0.0,19.165169523856473,19.165169523856473,16,2.3226467974114944,2.3883999562454155,2.3226467974114944,16.84252272644498
GPT-175B,C-lo,8,A4b,1,19.165169523856473,42.88406821765384,23.718898693797367,16,23.627803918842613,23.702991453347057,4.462634394986139,19.256264298811228
GPT-175B,C-lo,8,A5,0,0.0,17.242196689722352,17.242196689722352,16,2.0845526185995182,2.143724220184802,2.0845526185995182,15.157644071122833
GPT-175B,C-lo,8,A5,1,17.242196689722352,38.10862974787967,20.866433058157316,16,21.34634569510789,21.411791119279297,4.104149005385537,16.76228405277178
GPT-175B,C-lo,8,A6,0,0.0,17.242196689722352,17.242196689722352,16,2.0845526185995182,2.143724220184802,2.0845526185995182,15.157644071122833
GPT-175B,C-lo,8,A6,1,17.242196689722352,38.10862974787967,20.866433058157316,16,21.34634569510789,21.411791119279297,4.104149005385537,16.76228405277178
GPT-175B,D-hi,8,A1,0,0.0,60.54233780646552,60.54233780646552,16,41.45134175132568,41.52588273386652,41.45134175132568,19.09099605513984
GPT-175B,D-hi,8,A1,1,60.54233780646552,148.51082655988557,87.96848875342005,16,127.09752821762292,127.18114069315986,66.55519041115741,21.41329834226265
GPT-175B,D-hi,8,A1,2,148.51082655988557,236.97412977849433,88.46330321860876,16,215.41568754753223,215.499866991698,66.90486098764666,21.5584422309621
GPT-175B,D-hi,8,A1,3,236.97412977849433,325.9260512264741,88.95192144797977,16,304.22246506219426,304.307211474847,67.24833528369993,21.70358616427984
GPT-175B,D-hi,8,A2,0,0.0,155.55895948814853,155.55895948814853,16,155.55895948814853,6.066189071422789,155.55895948814853,0.0
GPT-175B,D-hi,8,A2,1,155.55895948814853,377.3705625694912,221.81160308134267,16,377.3705625694912,0.0,221.81160308134267,0.0
GPT-175B,D-hi,8,A2,2,377.3705625694912,603.3223087690305,225.95174619953934,16,603.3223087690305,0.0,225.95174619953934,0.0
GPT-175B,D-hi,8,A2,3,603.3223087690305,833.4141980868001,230.09188931776953,16,833.4141980868001,0.0,230.09188931776953,0.0
GPT-175B,D-hi,8,A3,0,0.0,24.29210582100847,24.29210582100847,16,5.265571845031892,5.339854341508304,5.265571845031892,19.026533975976577
GPT-175B,D-hi,8,A3,1,24.29210582100847,56.28905977487416,31.99695395386569,16,31.33625198979683,31.43357435179235,7.044146168788359,24.952807785077333
GPT-175B,D-hi,8,A3,2,56.28905977487416,88.56943803314189,32.28037825826773,16,63.428144947297895,63.5260391321073,7.139085172423734,25.141293085843998
GPT-175B,D-hi,8,A3,3,88.56943803314189,121.07228102471076,32.50284299156887,16,95.80346220928814,95.90202778681201,7.234024176146249,25.26881881542262
GPT-175B,D-hi,8,A3a,0,0.0,24.29210582100847,24.29210582100847,16,5.265571845031892,5.339854341508304,5.265571845031892,19.026533975976577
GPT-175B,D-hi,8,A3a,1,24.29210582100847,53.116230343729505,28.824124522721036,16,31.33625198979683,31.42129675962323,7.044146168788359,21.779978353932677
GPT-175B,D-hi,8,A3a,2,53.116230343729505,82.1809620069933,29.064731663263792,16,60.25531551615324,60.3409286743182,7.139085172423734,21.92564649084006
GPT-175B,D-hi,8,A3a,3,82.1809620069933,111.48821619574888,29.30725418875558,16,89.41498618313955,89.50117707023941,7.234024176146249,22.07323001260933
GPT-175B,D-hi,8,A3b,0,0.0,24.34603425863683,24.34603425863683,16,5.265571845031892,5.340065058208585,5.265571845031892,19.080462413604938
GPT-175B,D-hi,8,A3b,1,24.34603425863683,56.20753118772614,31.86149692908931,16,31.39018042742519,31.486978020639917,7.044146168788359,24.81735076030095
GPT-175B,D-hi,8,A3b,2,56.20753118772614,88.32124786186876,32.113716674142616,16,63.34661636014987,63.44397027314496,7.139085172423734,24.974631501718882
GPT-175B,D-hi,8,A3b,3,88.32124786186876,120.63630261131267,32.31505474944392,16,95.555272038015,95.65308133454103,7.234024176146249,25.081030573297667
GPT-175B,D-hi,8,A4,0,0.0,24.26227377789687,24.26227377789687,16,5.249097161703334,5.323329452232681,5.249097161703334,19.013176616193533
GPT-175B,D-hi,8,A4,1,24.26227377789687,52.62833320459914,28.366059426702268,16,31.28258868657625,31.3659353595277,7.0203149086793815,21.345744518022887
GPT-175B,D-hi,8,A4,2,52.62833320459914,81.22761863908045,28.59928543448131,16,59.74308882791991,59.82697531515598,7.114755623320775,21.484529811160535
GPT-175B,D-hi,8,A4,3,81.22761863908045,110.06009932055804,28.83248068147759,16,88.43681497705165,88.52124873839799,7.209196337971207,21.623284343506384
GPT-175B,D-hi,8,A4b,0,0.0,24.26227377789687,24.26227377789687,16,5.249097161703334,5.323329452232681,5.249097161703334,19.013176616193533
GPT-175B,D-hi,8,A4b,1,24.26227377789687,52.62833320459914,28.366059426702268,16,31.28258868657625,31.3659353595277,7.0203149086793815,21.345744518022887
GPT-175B,D-hi,8,A4b,2,52.62833320459914,81.22761863908045,28.59928543448131,16,59.74308882791991,59.82697531515598,7.114755623320775,21.484529811160535
GPT-175B,D-hi,8,A4b,3,81.22761863908045,110.06009932055804,28.83248068147759,16,88.43681497705165,88.52124873839799,7.209196337971207,21.623284343506384
GPT-175B,D-hi,8,A5,0,0.0,20.349672804898805,20.349672804898805,16,4.771303664983446,4.832118738809362,4.771303664983446,15.57836913991536
GPT-175B,D-hi,8,A5,1,20.349672804898805,43.94484819840203,23.595175393503222,16,26.61097151381967,26.678646828052884,6.261298708920865,17.333876684582357
GPT-175B,D-hi,8,A5,2,43.94484819840203,67.74176193958802,23.79691374118599,16,50.26909993503437,50.337315063548786,6.324251736632341,17.472662004553648
GPT-175B,D-hi,8,A5,3,67.74176193958802,91.73938939436856,23.99762745478054,16,74.12797288185764,74.19673528448915,6.386210942269628,17.611416512510914
GPT-175B,D-hi,8,A6,0,0.0,20.349672804898805,20.349672804898805,16,4.771303664983446,4.832118738809362,4.771303664983446,15.57836913991536
GPT-175B,D-hi,8,A6,1,20.349672804898805,43.94484819840203,23.595175393503222,16,26.61097151381967,26.678646828052884,6.261298708920865,17.333876684582357
GPT-175B,D-hi,8,A6,2,43.94484819840203,67.74176193958802,23.79691374118599,16,50.26909993503437,50.337315063548786,6.324251736632341,17.472662004553648
GPT-175B,D-hi,8,A6,3,67.74176193958802,91.73938939436856,23.99762745478054,16,74.12797288185764,74.19673528448915,6.386210942269628,17.611416512510914
GPT-175B,D-lo,8,A1,0,0.0,60.54222634299159,60.54222634299159,16,41.45123028785175,41.52577127039259,41.45123028785175,19.09099605513984
GPT-175B,D-lo,8,A2,0,0.0,155.55895948814853,155.55895948814853,16,155.55895948814853,6.066189071422789,155.55895948814853,0.0
GPT-175B,D-lo,8,A3,0,0.0,24.292095581006524,24.292095581006524,16,5.265571845031892,5.339854301508313,5.265571845031892,19.02652373597463
GPT-175B,D-lo,8,A3a,0,0.0,24.292095581006524,24.292095581006524,16,5.265571845031892,5.339854301508313,5.265571845031892,19.02652373597463
GPT-175B,D-lo,8,A3b,0,0.0,24.346024018634882,24.346024018634882,16,5.265571845031892,5.340065018208594,5.265571845031892,19.08045217360299
GPT-175B,D-lo,8,A4,0,0.0,24.260698202829026,24.260698202829026,16,5.249097161703334,5.323328502232643,5.249097161703334,19.011601041125694
GPT-175B,D-lo,8,A4b,0,0.0,24.260698202829026,24.260698202829026,16,5.249097161703334,5.323328502232643,5.249097161703334,19.011601041125694
GPT-175B,D-lo,8,A5,0,0.0,20.348083939853154,20.348083939853154,16,4.771290374984135,4.832104498810013,4.771290374984135,15.57679356486902
GPT-175B,D-lo,8,A6,0,0.0,20.348083939853154,20.348083939853154,16,4.771290374984135,4.832104498810013,4.771290374984135,15.57679356486902
GPT-175B,N-hi,8,A2,0,0.0,608.8761819005312,608.8761819005312,64,608.8761819005312,10.90514741950688,608.8761819005312,0.0
GPT-175B,N-hi,8,A2,1,608.8761819005312,2304.8106477074693,1695.934465806938,64,2304.8106477074693,0.0,1695.934465806938,0.0
GPT-175B,N-lo,8,A1,0,0.0,18.645300039951803,18.645300039951803,4,10.361380514056247,10.393731269507168,10.361380514056247,8.283919525895556
GPT-175B,N-lo,8,A1,1,18.645300039951803,38.7546145152925,20.1093144753407,4,30.32555109889037,30.358468822655336,11.680251058938566,8.429063416402133
GPT-175B,N-lo,8,A2,0,0.0,45.74070422856742,45.74070422856742,4,45.74070422856742,4.870172389125105,45.74070422856742,0.0
GPT-175B,N-lo,8,A2,1,45.74070422856742,92.17764786256816,46.43694363400075,4,92.17764786256816,0.0,46.43694363400075,0.0
GPT-175B,N-lo,8,A3,0,0.0,12.756206907550451,12.756206907550451,4,4.4761631281069105,4.508497073654793,4.4761631281069105,8.280043779443542
GPT-175B,N-lo,8,A3,1,12.756206907550451,23.057511980080545,10.301305072530093,4,14.12566546007748,14.160438659066132,1.3694585525270284,8.931846520003065
GPT-175B,N-lo,8,A3a,0,0.0,12.756206907550451,12.756206907550451,4,4.4761631281069105,4.508497073654793,4.4761631281069105,8.280043779443542
GPT-175B,N-lo,8,A3a,1,12.756206907550451,22.633989840083995,9.877782932533544,4,14.12566546007748,14.15889279698638,1.3694585525270284,8.508324380006515
GPT-175B,N-lo,8,A3b,0,0.0,12.705914530422998,12.705914530422998,4,4.4761631281069105,4.508300633742222,4.4761631281069105,8.229751402316086
GPT-175B,N-lo,8,A3b,1,12.705914530422998,22.959283762097712,10.253369231674714,4,14.075373082950026,14.109962646556706,1.3694585525270284,8.883910679147686
GPT-175B,N-lo,8,A4,0,0.0,12.69630138695285,12.69630138695285,4,4.4720444572746505,4.504161456375915,4.4720444572746505,8.2242569296782
GPT-175B,N-lo,8,A4,1,12.69630138695285,22.50146250093863,9.805161113985779,4,14.061274364365122,14.094235800988786,1.3649729774122719,8.440188136573507
GPT-175B,N-lo,8,A4b,0,0.0,12.69630138695285,12.69630138695285,4,4.4720444572746505,4.504161456375915,4.4720444572746505,8.2242569296782
GPT-175B,N-lo,8,A4b,1,12.69630138695285,22.50146250093863,9.805161113985779,4,14.061274364365122,14.094235800988786,1.3649729774122719,8.440188136573507
GPT-175B,N-lo,8,A5,0,0.0,11.913009317486017,11.913009317486017,4,4.376484959930712,4.405915503671729,4.376484959930712,7.5365243575553045
GPT-175B,N-lo,8,A5,1,11.913009317486017,20.95809176011461,9.045082442628592,4,13.185036347142946,13.215391796567221,1.272027029656929,7.773055412971663
GPT-175B,N-lo,8,A6,0,0.0,11.913009317486017,11.913009317486017,4,4.376484959930712,4.405915503671729,4.376484959930712,7.5365243575553045
GPT-175B,N-lo,8,A6,1,11.913009317486017,20.95809176011461,9.045082442628592,4,13.185036347142946,13.215391796567221,1.272027029656929,7.773055412971663
GPT-175B,baseline,8,A1,0,0.0,60.541996907227514,60.541996907227514,16,41.451000852087674,41.52554183462851,41.451000852087674,19.09099605513984
GPT-175B,baseline,8,A1,1,60.541996907227514,148.51094928767228,87.96895238044476,16,127.09765094540901,127.18126342094595,66.5556540381815,21.41329834226326
GPT-175B,baseline,8,A2,0,0.0,155.55895948814853,155.55895948814853,16,155.55895948814853,6.066189071422789,155.55895948814853,0.0
GPT-175B,baseline,8,A2,1,155.55895948814853,377.3705625694912,221.81160308134267,16,377.3705625694912,0.0,221.81160308134267,0.0
GPT-175B,baseline,8,A3,0,0.0,24.292098141008097,24.292098141008097,16,5.265571845031892,5.339854311508309,5.265571845031892,19.026526295976204
GPT-175B,baseline,8,A3,1,24.292098141008097,56.289040554880884,31.996942413872787,16,31.336244309796456,31.433566606791995,7.044146168788359,24.95279624508443
GPT-175B,baseline,8,A3a,0,0.0,24.292098141008097,24.292098141008097,16,5.265571845031892,5.339854311508309,5.265571845031892,19.026526295976204
GPT-175B,baseline,8,A3a,1,24.292098141008097,53.116202163727415,28.824104022719318,16,31.336244309796456,31.42128897962285,7.044146168788359,21.77995785393096
GPT-175B,baseline,8,A3b,0,0.0,24.346026578636458,24.346026578636458,16,5.265571845031892,5.340065028208589,5.265571845031892,19.080454733604565
GPT-175B,baseline,8,A3b,1,24.346026578636458,56.20751196773291,31.861485389096455,16,31.390172747424817,31.486970275639564,7.044146168788359,24.817339220308096
GPT-175B,baseline,8,A4,0,0.0,24.262283997897455,24.262283997897455,16,5.249097161703334,5.323329472232679,5.249097161703334,19.013186836194123
GPT-175B,baseline,8,A4,1,24.262283997897455,52.62635208524005,28.364068087342595,16,31.282598906576837,31.365940689527882,7.0203149086793815,21.343753178663214
GPT-175B,baseline,8,A4b,0,0.0,24.262283997897455,24.262283997897455,16,5.249097161703334,5.323329472232679,5.249097161703334,19.013186836194123
GPT-175B,baseline,8,A4b,1,24.262283997897455,52.62635208524005,28.364068087342595,16,31.282598906576837,31.365940689527882,7.0203149086793815,21.343753178663214
GPT-175B,baseline,8,A5,0,0.0,20.3496833248993,20.3496833248993,16,4.771303964983467,4.832119058809381,4.771303964983467,15.578379359915832
GPT-175B,baseline,8,A5,1,20.3496833248993,43.94214487888611,23.592461553986812,16,26.610259533894762,26.67792995812757,6.260576208995463,17.33188534499135
GPT-175B,baseline,8,A6,0,0.0,20.3496833248993,20.3496833248993,16,4.771303964983467,4.832119058809381,4.771303964983467,15.578379359915832
GPT-175B,baseline,8,A6,1,20.3496833248993,43.94214487888611,23.592461553986812,16,26.610259533894762,26.67792995812757,6.260576208995463,17.33188534499135
GPT-175B,broadcast,8,A1,0,0.0,9.813935745187253,9.813935745187253,1,2.59070962221004,2.6189232729529954,2.59070962221004,7.223226122977213
GPT-175B,broadcast,8,A1,1,9.813935745187253,70.98846480329257,61.17452905810532,16,51.752324875370284,51.827432826223465,41.93838913018303,19.236139927922288
GPT-175B,broadcast,8,A2,0,0.0,19.927156054409576,19.927156054409576,1,19.927156054409576,4.577582368057307,19.927156054409576,0.0
GPT-175B,broadcast,8,A2,1,19.927156054409576,175.15883621854374,155.23168016413416,16,175.15883621854374,0.0,155.23168016413416,0.0
GPT-175B,broadcast,8,A3,0,0.0,11.537116294427873,11.537116294427873,1,4.278810948875665,4.30716160554884,4.278810948875665,7.258305345552208
GPT-175B,broadcast,8,A3,1,11.537116294427873,32.09543725578406,20.558320961356188,16,12.670522406833241,12.746251588380847,1.1334061124053676,19.42491484895082
GPT-175B,broadcast,8,A3a,0,0.0,11.537116294427873,11.537116294427873,1,4.278810948875665,4.30716160554884,4.278810948875665,7.258305345552208
GPT-175B,broadcast,8,A3a,1,11.537116294427873,31.987293568614522,20.45017727418665,16,12.670522406833241,12.745937673379773,1.1334061124053676,19.316771161781283
GPT-175B,broadcast,8,A3b,0,0.0,11.504024906900172,11.504024906900172,1,4.278810948875665,4.307032359618189,4.278810948875665,7.225213958024507
GPT-175B,broadcast,8,A3b,1,11.504024906900172,32.11042021609233,20.60639530919216,16,12.63743101930554,12.713352376029185,1.1334061124053676,19.47298919678679
GPT-175B,broadcast,8,A4,0,0.0,11.50182653421507,11.50182653421507,1,4.27778128116748,4.305998131636594,4.27778128116748,7.22404525304759
GPT-175B,broadcast,8,A4,1,11.50182653421507,31.913039274961207,20.411212740746137,16,12.618275245710805,12.69361316978968,1.1164487114957353,19.294764029250402
GPT-175B,broadcast,8,A4b,0,0.0,11.50182653421507,11.50182653421507,1,4.27778128116748,4.305998131636594,4.27778128116748,7.22404525304759
GPT-175B,broadcast,8,A4b,1,11.50182653421507,31.913039274961207,20.411212740746137,16,12.618275245710805,12.69361316978968,1.1164487114957353,19.294764029250402
GPT-175B,broadcast,8,A5,0,0.0,11.50182653421507,11.50182653421507,1,4.27778128116748,4.305998131636594,4.27778128116748,7.22404525304759
GPT-175B,broadcast,8,A5,1,11.50182653421507,27.96176047512683,16.45993394091176,16,12.101803921633671,12.16372462900758,0.5999773874186012,15.85995655349316
GPT-175B,broadcast,8,A6,0,0.0,11.50182653421507,11.50182653421507,1,4.27778128116748,4.305998131636594,4.27778128116748,7.22404525304759
GPT-175B,broadcast,8,A6,1,11.50182653421507,27.96176047512683,16.45993394091176,16,12.101803921633671,12.16372462900758,0.5999773874186012,15.85995655349316
GPT-175B,k-hi,32,A1,0,0.0,60.541996907227514,60.541996907227514,16,41.451000852087674,41.52554183462851,41.451000852087674,19.09099605513984
GPT-175B,k-hi,32,A1,1,60.541996907227514,148.51094928767228,87.96895238044476,16,127.09765094540901,127.18126342094595,66.5556540381815,21.41329834226326
GPT-175B,k-hi,32,A2,0,0.0,155.55895948814853,155.55895948814853,16,155.55895948814853,6.066189071422789,155.55895948814853,0.0
GPT-175B,k-hi,32,A2,1,155.55895948814853,387.66068453947645,232.10172505132792,16,387.66068453947645,0.0,232.10172505132792,0.0
GPT-175B,k-hi,32,A3,0,0.0,24.292077661006793,24.292077661006793,16,5.265571845031892,5.339854231508313,5.265571845031892,19.0265058159749
GPT-175B,k-hi,32,A3,1,24.292077661006793,68.83664613831877,44.54456847731198,16,41.64128014347029,41.74719185929491,17.349202482463497,27.19536599484848
GPT-175B,k-hi,32,A3a,0,0.0,24.292077661006793,24.292077661006793,16,5.265571845031892,5.339854231508313,5.265571845031892,19.0265058159749
GPT-175B,k-hi,32,A3a,1,24.292077661006793,63.92020854419156,39.62813088318477,16,41.64128014347029,41.72827394191122,17.349202482463497,22.27892840072127
GPT-175B,k-hi,32,A3b,0,0.0,24.346006098635154,24.346006098635154,16,5.265571845031892,5.340064948208593,5.265571845031892,19.08043425360326
GPT-175B,k-hi,32,A3b,1,24.346006098635154,68.41584563167157,44.069839533036415,16,41.69520858109878,41.79927214359408,17.349202482463628,26.72063705057279
GPT-175B,k-hi,32,A4,0,0.0,24.262283997897455,24.262283997897455,16,5.249097161703334,5.323329472232679,5.249097161703334,19.013186836194123
GPT-175B,k-hi,32,A4,1,24.262283997897455,63.432246265960366,39.16996226806291,16,41.58950336672102,41.674794328284435,17.327219368823563,21.842742899239347
GPT-175B,k-hi,32,A4b,0,0.0,24.262283997897455,24.262283997897455,16,5.249097161703334,5.323329472232679,5.249097161703334,19.013186836194123
GPT-175B,k-hi,32,A4b,1,24.262283997897455,63.432246265960366,39.16996226806291,16,41.58950336672102,41.674794328284435,17.327219368823563,21.842742899239347
GPT-175B,k-hi,32,A5,0,0.0,20.3496833248993,20.3496833248993,16,4.771303964983467,4.832119058809381,4.771303964983467,15.578379359915832
GPT-175B,k-hi,32,A5,1,20.3496833248993,54.730645794668256,34.38096246976896,16,36.89977072817061,36.96939033101238,16.55008740327131,17.830875066497647
GPT-175B,k-hi,32,A6,0,0.0,20.3496833248993,20.3496833248993,16,4.771303964983467,4.832119058809381,4.771303964983467,15.578379359915832
GPT-175B,k-hi,32,A6,1,20.3496833248993,54.730645794668256,34.38096246976896,16,36.89977072817061,36.96939033101238,16.55008740327131,17.830875066497647
GPT-175B,k-lo,2,A1,0,0.0,60.541996907227514,60.541996907227514,16,41.451000852087674,41.52554183462851,41.451000852087674,19.09099605513984
GPT-175B,k-lo,2,A1,1,60.541996907227514,148.51094928767228,87.96895238044476,16,127.09765094540901,127.18126342094595,66.5556540381815,21.41329834226326
GPT-175B,k-lo,2,A2,0,0.0,155.55895948814853,155.55895948814853,16,155.55895948814853,6.066189071422789,155.55895948814853,0.0
GPT-175B,k-lo,2,A2,1,155.55895948814853,374.97706230611414,219.4181028179656,16,374.97706230611414,0.0,219.4181028179656,0.0
GPT-175B,k-lo,2,A3,0,0.0,24.292085341007297,24.292085341007297,16,5.265571845031892,5.339854261508312,5.265571845031892,19.026513495975404
GPT-175B,k-lo,2,A3,1,24.292085341007297,51.67631898540858,27.38423364440128,16,28.93899766046764,29.027584756270404,4.646912319460341,22.73732132494094
GPT-175B,k-lo,2,A3a,0,0.0,24.292085341007297,24.292085341007297,16,5.265571845031892,5.339854261508312,5.265571845031892,19.026513495975404
GPT-175B,k-lo,2,A3a,1,24.292085341007297,50.449120538373236,26.15703519736594,16,28.93899766046764,29.022957988382082,4.646912319460341,21.510122877905598
GPT-175B,k-lo,2,A3b,0,0.0,24.346013778635662,24.346013778635662,16,5.265571845031892,5.340064978208592,5.265571845031892,19.08044193360377
GPT-175B,k-lo,2,A3b,1,24.346013778635662,51.4315602504044,27.08554647176874,16,28.992926098096003,29.08035402059043,4.646912319460341,22.4386341523084
GPT-175B,k-lo,2,A4,0,0.0,24.262283997897455,24.262283997897455,16,5.249097161703334,5.323329472232679,5.249097161703334,19.013186836194123
GPT-175B,k-lo,2,A4,1,24.262283997897455,50.08773159230121,25.825447594403755,16,28.88490302065999,28.96769431687142,4.622619022762535,21.20282857164122
GPT-175B,k-lo,2,A4b,0,0.0,24.262283997897455,24.262283997897455,16,5.249097161703334,5.323329472232679,5.249097161703334,19.013186836194123
GPT-175B,k-lo,2,A4b,1,24.262283997897455,50.08773159230121,25.825447594403755,16,28.88490302065999,28.96769431687142,4.622619022762535,21.20282857164122
GPT-175B,k-lo,2,A5,0,0.0,20.3496833248993,20.3496833248993,16,4.771303964983467,4.832119058809381,4.771303964983467,15.578379359915832
GPT-175B,k-lo,2,A5,1,20.3496833248993,41.31001770181718,20.96033437691788,16,24.119056963432538,24.18617690092573,3.7693736385332386,17.190960738384643
GPT-175B,k-lo,2,A6,0,0.0,20.3496833248993,20.3496833248993,16,4.771303964983467,4.832119058809381,4.771303964983467,15.578379359915832
GPT-175B,k-lo,2,A6,1,20.3496833248993,41.31001770181718,20.96033437691788,16,24.119056963432538,24.18617690092573,3.7693736385332386,17.190960738384643
GPT-175B,pipeline,8,A1,0,0.0,9.81417168976726,9.81417168976726,1,2.590945566790039,2.6191592175329945,2.590945566790039,7.223226122977222
GPT-175B,pipeline,8,A1,1,9.81417168976726,19.667614151641214,9.853442461873954,1,12.435316535593213,12.463565621856926,2.6211448458259525,7.232297616048001
GPT-175B,pipeline,8,A1,2,19.667614151641214,29.54426850918888,9.876654357547665,1,22.302899400227016,22.331183922008886,2.6352852485858023,7.241369108961862
GPT-175B,pipeline,8,A1,3,29.54426850918888,39.44481493497807,9.90054642578919,1,32.194374331806614,32.22269428911278,2.6501058226177356,7.250440603171455
GPT-175B,pipeline,8,A2,0,0.0,19.927156054409576,19.927156054409576,1,19.927156054409576,4.577582368057307,19.927156054409576,0.0
GPT-175B,pipeline,8,A2,1,19.927156054409576,35.65896463478708,15.731808580377507,1,35.65896463478708,0.0,15.731808580377507,0.0
GPT-175B,pipeline,8,A2,2,35.65896463478708,51.64479097639648,15.985826341609396,1,51.64479097639648,0.0,15.985826341609396,0.0
GPT-175B,pipeline,8,A2,3,51.64479097639648,67.88463507923758,16.239844102841104,1,67.88463507923758,0.0,16.239844102841104,0.0
GPT-175B,pipeline,8,A3,0,0.0,11.537106059427936,11.537106059427936,1,4.278810948875665,4.30716157054884,4.278810948875665,7.258295110552271
GPT-175B,pipeline,8,A3,1,11.537106059427936,18.884999898135113,7.3478938387071775,1,11.607943941453271,11.63636896426936,0.07083788202533547,7.277055956681842
GPT-175B,pipeline,8,A3,2,18.884999898135113,26.243232049863376,7.358232151728263,1,18.957030284244023,18.985491032876478,0.07203038610891,7.286201765619353
GPT-175B,pipeline,8,A3,3,26.243232049863376,33.61168091463917,7.368448864775797,1,26.316454940056374,26.344950939504642,0.07322289019299788,7.295225974582799
GPT-175B,pipeline,8,A3a,0,0.0,11.537106059427936,11.537106059427936,1,4.278810948875665,4.30716157054884,4.278810948875665,7.258295110552271
GPT-175B,pipeline,8,A3a,1,11.537106059427936,18.884302704667537,7.347196645239601,1,11.607943941453271,11.636365124269384,0.07083788202533547,7.276358763214265
GPT-175B,pipeline,8,A3a,2,18.884302704667537,26.241837662928596,7.357534958261059,1,18.956333090776447,18.984789999408925,0.07203038610891,7.285504572152149
GPT-175B,pipeline,8,A3a,3,26.241837662928596,33.60971221424721,7.367874551318614,1,26.315060553121594,26.343553192569924,0.07322289019299788,7.2946516611256165
GPT-175B,pipeline,8,A3b,0,0.0,11.504014671900233,11.504014671900233,1,4.278810948875665,4.307032324618189,4.278810948875665,7.225203723024568
GPT-175B,pipeline,8,A3b,1,11.504014671900233,18.8187438895893,7.314729217689067,1,11.574852553925568,11.603148035516295,0.07083788202533547,7.243891335663731
GPT-175B,pipeline,8,A3b,2,18.8187438895893,26.14373582421415,7.324991934624851,1,18.89077427569821,18.919105187807094,0.07203038610891,7.252961548515941
GPT-175B,pipeline,8,A3b,3,26.14373582421415,33.478868876310976,7.335133052096825,1,26.21695871440715,26.245324582036197,0.07322289019299788,7.2619101619038275
GPT-175B,pipeline,8,A4,0,0.0,11.501829094214843,11.501829094214843,1,4.27778128116748,4.305998141636595,4.27778128116748,7.224047813047363
GPT-175B,pipeline,8,A4,1,11.501829094214843,18.81376460859921,7.311935514384368,1,11.571607138683326,11.599894740000703,0.06977804446848346,7.242157469915885
GPT-175B,pipeline,8,A4,2,18.81376460859921,26.136300336899907,7.322535728300696,1,18.88470401408243,18.913028485918424,0.07093940548321953,7.251596322817477
GPT-175B,pipeline,8,A4,3,26.136300336899907,33.46894987449659,7.33264953759668,1,26.208401103398888,26.236760540755046,0.07210076649898056,7.2605487710976995
GPT-175B,pipeline,8,A4b,0,0.0,11.501829094214843,11.501829094214843,1,4.27778128116748,4.305998141636595,4.27778128116748,7.224047813047363
GPT-175B,pipeline,8,A4b,1,11.501829094214843,18.81376460859921,7.311935514384368,1,11.571607138683326,11.599894740000703,0.06977804446848346,7.242157469915885
GPT-175B,pipeline,8,A4b,2,18.81376460859921,26.136300336899907,7.322535728300696,1,18.88470401408243,18.913028485918424,0.07093940548321953,7.251596322817477
GPT-175B,pipeline,8,A4b,3,26.136300336899907,33.46894987449659,7.33264953759668,1,26.208401103398888,26.236760540755046,0.07210076649898056,7.2605487710976995
GPT-175B,pipeline,8,A5,0,0.0,11.501829094214843,11.501829094214843,1,4.27778128116748,4.305998141636595,4.27778128116748,7.224047813047363
GPT-175B,pipeline,8,A5,1,11.501829094214843,18.781485256783466,7.279656162568623,1,11.539327786866014,11.567615388183391,0.03749869265117134,7.242157469917451
GPT-175B,pipeline,8,A5,2,18.781485256783466,26.070744037090996,7.289258780307531,1,18.81914771427352,18.847472186109513,0.037662457490053924,7.251596322817477
GPT-175B,pipeline,8,A5,3,26.070744037090996,33.36911331550981,7.298369278418811,1,26.108564544420826,26.136923981776985,0.03782050732982967,7.260548771088981
GPT-175B,pipeline,8,A6,0,0.0,11.501829094214843,11.501829094214843,1,4.27778128116748,4.305998141636595,4.27778128116748,7.224047813047363
GPT-175B,pipeline,8,A6,1,11.501829094214843,18.781485256783466,7.279656162568623,1,11.539327786866014,11.567615388183391,0.03749869265117134,7.242157469917451
GPT-175B,pipeline,8,A6,2,18.781485256783466,26.070744037090996,7.289258780307531,1,18.81914771427352,18.847472186109513,0.037662457490053924,7.251596322817477
GPT-175B,pipeline,8,A6,3,26.070744037090996,33.36911331550981,7.298369278418811,1,26.108564544420826,26.136923981776985,0.03782050732982967,7.260548771088981
GPT-175B,private,8,A1,0,0.0,60.541996907227514,60.541996907227514,16,41.451000852087674,41.52554183462851,41.451000852087674,19.09099605513984
GPT-175B,private,8,A1,1,60.541996907227514,148.51094928767228,87.96895238044476,16,127.09765094540901,127.18126342094595,66.5556540381815,21.41329834226326
GPT-175B,private,8,A2,0,0.0,220.21921704188964,220.21921704188964,16,220.21921704188964,70.72644662517827,220.21921704188964,0.0
GPT-175B,private,8,A2,1,220.21921704188964,527.9880311568742,307.76881411498454,16,527.9880311568742,0.0,307.76881411498454,0.0
GPT-175B,private,8,A3,0,0.0,89.69399159282484,89.69399159282484,16,70.04662535395956,70.12333933586606,70.04662535395956,19.64736623886529
GPT-175B,private,8,A3,1,89.69399159282484,205.40176921906706,115.70777762624222,16,182.82017128208435,182.90793226041455,93.1261796892595,22.581597936982718
GPT-175B,private,8,A3a,0,0.0,89.69399159282484,89.69399159282484,16,70.04662535395956,70.12333933586606,70.04662535395956,19.64736623886529
GPT-175B,private,8,A3a,1,89.69399159282484,205.03659839722496,115.34260680440012,16,182.82017128208435,182.90692062317427,93.1261796892595,22.21642711514062
GPT-175B,private,8,A3b,0,0.0,89.16573889331058,89.16573889331058,16,70.04662535395956,70.12127612559826,70.04662535395956,19.11911353935102
GPT-175B,private,8,A3b,1,89.16573889331058,204.2450392644783,115.07930037116772,16,182.29191858257084,182.37740489941515,93.12617968926027,21.95312068190745
GPT-175B,private,8,A4,0,0.0,89.13080931075874,89.13080931075874,16,70.03015067065726,70.10472933292382,70.03015067065726,19.10065864010147
GPT-175B,private,8,A4,1,89.13080931075874,203.78473338764042,114.65392407688168,16,182.23265945092984,182.31681395917806,93.10185014017111,21.55207393671057
GPT-175B,private,8,A4b,0,0.0,89.13080931075874,89.13080931075874,16,70.03015067065726,70.10472933292382,70.03015067065726,19.10065864010147
GPT-175B,private,8,A4b,1,89.13080931075874,203.78473338764042,114.65392407688168,16,182.23265945092984,182.31681395917806,93.10185014017111,21.55207393671057
GPT-175B,private,8,A5,0,0.0,86.86698135563351,86.86698135563351,16,67.86323650050723,67.93743659330123,67.86323650050723,19.003744855126286
GPT-175B,private,8,A5,1,86.86698135563351,194.26206476988858,107.39508341425507,16,173.48530110739156,173.56642705988114,86.61831975175805,20.776763662497018
GPT-175B,private,8,A6,0,0.0,86.86698135563351,86.86698135563351,16,67.86323650050723,67.93743659330123,67.86323650050723,19.003744855126286
GPT-175B,private,8,A6,1,86.86698135563351,194.26206476988858,107.39508341425507,16,173.48530110739156,173.56642705988114,86.61831975175805,20.776763662497018
GPT-175B,reduce,8,A1,0,0.0,60.54233699286352,60.54233699286352,16,41.45134093772368,41.52588192026452,41.45134093772368,19.09099605513984
GPT-175B,reduce,8,A1,1,60.54233699286352,72.05919102153536,11.516854028671837,1,64.69082101043438,64.71960162949023,4.148484017570858,7.3683700111009784
GPT-175B,reduce,8,A2,0,0.0,155.55895948814853,155.55895948814853,16,155.55895948814853,6.066189071422789,155.55895948814853,0.0
GPT-175B,reduce,8,A2,1,155.55895948814853,177.85121016007415,22.292250671925615,1,177.85121016007415,0.0,22.292250671925615,0.0
GPT-175B,reduce,8,A3,0,0.0,24.292116061006404,24.292116061006404,16,5.265571845031892,5.339854381508313,5.265571845031892,19.02654421597451
GPT-175B,reduce,8,A3,1,24.292116061006404,34.59163902275034,10.29952296174394,1,27.13504371153596,27.164168697672146,2.842927650529557,7.456595311214382
GPT-175B,reduce,8,A3a,0,0.0,24.292116061006404,24.292116061006404,16,5.265571845031892,5.339854381508313,5.265571845031892,19.02654421597451
GPT-175B,reduce,8,A3a,1,24.292116061006404,34.57793449638304,10.285818435376633,1,27.13504371153596,27.164114858399945,2.842927650529557,7.4428907848470764
GPT-175B,reduce,8,A3b,0,0.0,24.346044498634758,24.346044498634758,16,5.265571845031892,5.340065098208593,5.265571845031892,19.080472653602865
GPT-175B,reduce,8,A3b,1,24.346044498634758,34.602824376978774,10.256779878344016,1,27.188972149164314,27.21793106236513,2.842927650529557,7.413852227814459
GPT-175B,reduce,8,A4,0,0.0,24.260940117820006,24.260940117820006,16,5.249097161703334,5.323329442232682,5.249097161703334,19.011842956116674
GPT-175B,reduce,8,A4,1,24.260940117820006,34.48942533740846,10.228485219588457,1,27.102371927832895,27.131225523933985,2.841431810012889,7.387053409575568
GPT-175B,reduce,8,A4b,0,0.0,24.260940117820006,24.260940117820006,16,5.249097161703334,5.323329442232682,5.249097161703334,19.011842956116674
GPT-175B,reduce,8,A4b,1,24.260940117820006,34.48942533740846,10.228485219588457,1,27.102371927832895,27.131225523933985,2.841431810012889,7.387053409575568
GPT-175B,reduce,8,A5,0,0.0,20.348338994836748,20.348338994836748,16,4.771303514983435,4.832118578809352,4.771303514983435,15.577035479853313
GPT-175B,reduce,8,A5,1,20.348338994836748,30.392460945498346,10.044121950661598,1,23.00540753582125,23.03426113192234,2.6570685409845005,7.3870534096770974
GPT-175B,reduce,8,A6,0,0.0,20.348338994836748,20.348338994836748,16,4.771303514983435,4.832118578809352,4.771303514983435,15.577035479853313
GPT-175B,reduce,8,A6,1,20.348338994836748,30.392460945498346,10.044121950661598,1,23.00540753582125,23.03426113192234,2.6570685409845005,7.3870534096770974
GPT-175B,supervisor,8,A1,0,0.0,9.814213183469262,9.814213183469262,1,2.5909870604920404,2.619200711234996,2.5909870604920404,7.223226122977222
GPT-175B,supervisor,8,A1,1,9.814213183469262,70.98860555643859,61.17439237296932,16,51.75246562851628,51.827573579369464,41.93825244504702,19.236139927922302
GPT-175B,supervisor,8,A1,2,70.98860555643859,82.53775382475364,11.54914826831505,1,75.16031232048057,75.18912837505663,4.171706764041986,7.377441504273065
GPT-175B,supervisor,8,A1,3,82.53775382475364,144.46590073300365,61.928146908250014,16,124.93947302189521,125.01571490922983,42.401719197141574,19.52642771110844
GPT-175B,supervisor,8,A2,0,0.0,19.927156054409576,19.927156054409576,1,19.927156054409576,4.577582368057307,19.927156054409576,0.0
GPT-175B,supervisor,8,A2,1,19.927156054409576,175.15883621854374,155.23168016413416,16,175.15883621854374,0.0,155.23168016413416,0.0
GPT-175B,supervisor,8,A2,2,175.15883621854374,197.7422324428287,22.583396224284968,1,197.7422324428287,0.0,22.583396224284968,0.0
GPT-175B,supervisor,8,A2,3,197.7422324428287,361.10248096628527,163.36024852345656,16,361.10248096628527,0.0,163.36024852345656,0.0
GPT-175B,supervisor,8,A3,0,0.0,11.537116294427873,11.537116294427873,1,4.278810948875665,4.30716160554884,4.278810948875665,7.258305345552208
GPT-175B,supervisor,8,A3,1,11.537116294427873,32.09543469578624,20.558318401358363,16,12.670522406833241,12.74625157838085,1.1334061124053676,19.424912288952996
GPT-175B,supervisor,8,A3,2,32.09543469578624,42.4507297003261,10.355295004539862,1,34.97668264151776,35.00587664838476,2.8812479457315234,7.474047058808338
GPT-175B,supervisor,8,A3,3,42.4507297003261,63.3560301992815,20.9053004989554,16,43.62229594337047,43.69922480657239,1.1715662430443672,19.73373425591103
GPT-175B,supervisor,8,A3a,0,0.0,11.537116294427873,11.537116294427873,1,4.278810948875665,4.30716160554884,4.278810948875665,7.258305345552208
GPT-175B,supervisor,8,A3a,1,11.537116294427873,31.987291008616126,20.45017471418825,16,12.670522406833241,12.74593766337978,1.1334061124053676,19.316768601782883
GPT-175B,supervisor,8,A3a,2,31.987291008616126,42.32098631712928,10.333695308513157,1,34.868538954347656,34.897647557038795,2.8812479457315305,7.452447362781626
GPT-175B,supervisor,8,A3a,3,42.32098631712928,63.10378430530342,20.78279798817414,16,43.49255256017365,43.56911806337244,1.1715662430443672,19.61123174512977
GPT-175B,supervisor,8,A3b,0,0.0,11.50402490690017,11.50402490690017,1,4.278810948875665,4.307032359618189,4.278810948875665,7.225213958024505
GPT-175B,supervisor,8,A3b,1,11.50402490690017,32.1104176560945,20.606392749194328,16,12.637431019305538,12.713352366029186,1.1334061124053676,19.47298663678896
GPT-175B,supervisor,8,A3b,2,32.1104176560945,42.41483380237762,10.304416146283124,1,34.99166560182602,35.02066090554407,2.8812479457315234,7.423168200551601
GPT-175B,supervisor,8,A3b,3,42.41483380237762,63.359176040817694,20.944342238440072,16,43.58640004542199,43.66348600571287,1.1715662430443672,19.772775995395705
GPT-175B,supervisor,8,A4,0,0.0,11.501820134215647,11.501820134215647,1,4.27778128116748,4.305998106636592,4.27778128116748,7.224038853048167
GPT-175B,supervisor,8,A4,1,11.501820134215647,31.913145524964786,20.41132539074914,16,12.618268845711382,12.693607219790135,1.1164487114957353,19.294876679253406
GPT-175B,supervisor,8,A4,2,31.913145524964786,42.18934718971462,10.27620166474983,1,34.79286648711643,34.82175686873675,2.879720962151641,7.39648070259819
GPT-175B,supervisor,8,A4,3,42.18934718971462,62.91954712853532,20.730199938820704,16,43.34295945370382,43.41939826634314,1.1536122639892028,19.5765876748315
GPT-175B,supervisor,8,A4b,0,0.0,11.501820134215647,11.501820134215647,1,4.27778128116748,4.305998106636592,4.27778128116748,7.224038853048167
GPT-175B,supervisor,8,A4b,1,11.501820134215647,31.913145524964786,20.41132539074914,16,12.618268845711382,12.693607219790135,1.1164487114957353,19.294876679253406
GPT-175B,supervisor,8,A4b,2,31.913145524964786,42.18934718971462,10.27620166474983,1,34.79286648711643,34.82175686873675,2.879720962151641,7.39648070259819
GPT-175B,supervisor,8,A4b,3,42.18934718971462,62.91954712853532,20.730199938820704,16,43.34295945370382,43.41939826634314,1.1536122639892028,19.5765876748315
GPT-175B,supervisor,8,A5,0,0.0,11.501820134215647,11.501820134215647,1,4.27778128116748,4.305998106636592,4.27778128116748,7.224038853048167
GPT-175B,supervisor,8,A5,1,11.501820134215647,27.96186723512793,16.460047100912284,16,12.10179803163429,12.163719189008077,0.5999778974186434,15.860069203493639
GPT-175B,supervisor,8,A5,2,27.96186723512793,38.043485667858334,10.081618432730405,1,30.647004965239876,30.6758953468606,2.685137730111947,7.396480702618458
GPT-175B,supervisor,8,A5,3,38.043485667858334,54.79039297735767,16.746907309499335,16,38.648612780045084,38.71163437597534,0.6051271121867501,16.141780197312585
GPT-175B,supervisor,8,A6,0,0.0,11.501820134215647,11.501820134215647,1,4.27778128116748,4.305998106636592,4.27778128116748,7.224038853048167
GPT-175B,supervisor,8,A6,1,11.501820134215647,27.96186723512793,16.460047100912284,16,12.10179803163429,12.163719189008077,0.5999778974186434,15.860069203493639
GPT-175B,supervisor,8,A6,2,27.96186723512793,38.043485667858334,10.081618432730405,1,30.647004965239876,30.6758953468606,2.685137730111947,7.396480702618458
GPT-175B,supervisor,8,A6,3,38.043485667858334,54.79039297735767,16.746907309499335,16,38.648612780045084,38.71163437597534,0.6051271121867501,16.141780197312585
LLAMA-33B,C-hi,8,A1,0,0.0,140.23342849239282,140.23342849239282,16,113.67105598178803,113.77475179257495,113.67105598178803,26.56237251060479
LLAMA-33B,C-hi,8,A1,1,140.23342849239282,333.39444031634537,193.16101182395255,16,302.48315285288606,302.60383778053745,162.24972436049325,30.911287463459303
LLAMA-33B,C-hi,8,A2,0,0.0,281.6252853675229,281.6252853675229,16,281.6252853675229,10.933235371796663,281.6252853675229,0.0
LLAMA-33B,C-hi,8,A2,1,281.6252853675229,627.0150966551969,345.389811287674,16,627.0150966551969,0.0,345.389811287674,0.0
LLAMA-33B,C-hi,8,A3,0,0.0,33.995639688097484,33.995639688097484,16,9.320333585779723,9.4166562467521,9.320333585779723,24.675306102317762
LLAMA-33B,C-hi,8,A3,1,33.995639688097484,77.03274458484039,43.0371048967429,16,43.175598718348496,43.307356948722195,9.179959030251013,33.85714586649189
LLAMA-33B,C-hi,8,A3a,0,0.0,33.995639688097484,33.995639688097484,16,9.320333585779723,9.4166562467521,9.320333585779723,24.675306102317762
LLAMA-33B,C-hi,8,A3a,1,33.995639688097484,73.29295435830136,39.297314670203875,16,43.175598718348496,43.29318117193518,9.179959030251013,30.117355639952862
LLAMA-33B,C-hi,8,A3b,0,0.0,33.97070059320962,33.97070059320962,16,9.320333585779723,9.416558788021307,9.320333585779723,24.6503670074299
LLAMA-33B,C-hi,8,A3b,1,33.97070059320962,76.15982784256855,42.189127249358926,16,43.15065962346063,43.279105441148644,9.179959030251013,33.00916821910791
LLAMA-33B,C-hi,8,A4,0,0.0,33.94813659914424,33.94813659914424,16,9.300071126724623,9.396288518966207,9.300071126724623,24.648065472419617
LLAMA-33B,C-hi,8,A4,1,33.94813659914424,72.54932907045574,38.6011924713115,16,43.10354674053689,43.21850698898662,9.15541014139265,29.44578232991885
LLAMA-33B,C-hi,8,A4b,0,0.0,33.94813659914424,33.94813659914424,16,9.300071126724623,9.396288518966207,9.300071126724623,24.648065472419617
LLAMA-33B,C-hi,8,A4b,1,33.94813659914424,72.54932907045571,38.60119247131147,16,43.10354674053689,43.21850698898662,9.15541014139265,29.44578232991882
LLAMA-33B,C-hi,8,A5,0,0.0,20.1004444836727,20.1004444836727,16,8.502572317011063,8.547812391653471,8.502572317011063,11.597872166661636
LLAMA-33B,C-hi,8,A5,1,20.1004444836727,54.39020819187669,34.28976370820399,16,39.172779329355706,39.23216007204609,19.072334845683006,15.217428862520983
LLAMA-33B,C-hi,8,A6,0,0.0,20.1004444836727,20.1004444836727,16,8.502572317011063,8.547812391653471,8.502572317011063,11.597872166661636
LLAMA-33B,C-hi,8,A6,1,20.1004444836727,54.39020819187669,34.28976370820399,16,39.172779329355706,39.23216007204609,19.072334845683006,15.217428862520983
LLAMA-33B,C-lo,8,A1,0,0.0,27.59730045969932,27.59730045969932,16,15.344940356484251,15.392738849141914,15.344940356484251,12.252360103215068
LLAMA-33B,C-lo,8,A1,1,27.59730045969932,81.80140910651063,54.204108646811314,16,65.19473228071094,65.25953982306136,37.59743182101162,16.606676825799696
LLAMA-33B,C-lo,8,A2,0,0.0,79.77268528560869,79.77268528560869,16,79.77268528560869,1.8522585782330736,79.77268528560869,0.0
LLAMA-33B,C-lo,8,A2,1,79.77268528560869,225.40921662333,145.6365313377213,16,225.40921662333,0.0,145.6365313377213,0.0
LLAMA-33B,C-lo,8,A3,0,0.0,13.60888978283972,13.60888978283972,16,1.52061762900738,1.5677721886201565,1.52061762900738,12.088272153832339
LLAMA-33B,C-lo,8,A3,1,13.60888978283972,34.52979254618462,20.920902763344905,16,16.538963854925715,16.60892936455219,2.9300740720859952,17.99082869125891
LLAMA-33B,C-lo,8,A3a,0,0.0,13.60888978283972,13.60888978283972,16,1.52061762900738,1.5677721886201565,1.52061762900738,12.088272153832339
LLAMA-33B,C-lo,8,A3a,1,13.60888978283972,33.19806679593993,19.589177013100212,16,16.538963854925715,16.603919323173375,2.9300740720859952,16.659102941014215
LLAMA-33B,C-lo,8,A3b,0,0.0,13.424278234660656,13.424278234660656,16,1.52061762900738,1.5670510093693588,1.52061762900738,11.903660605653275
LLAMA-33B,C-lo,8,A3b,1,13.424278234660656,33.840190943978165,20.41591270931751,16,16.35435230674611,16.422346970324092,2.9300740720854552,17.485838637232053
LLAMA-33B,C-lo,8,A4,0,0.0,13.416674438565154,13.416674438565154,16,1.5153038429147592,1.5617294632767336,1.5153038429147592,11.901370595650395
LLAMA-33B,C-lo,8,A4,1,13.416674438565154,32.857749634916594,19.44107519635144,16,16.336681148734417,16.401154238682267,2.920006710169263,16.521068486182177
LLAMA-33B,C-lo,8,A4b,0,0.0,13.416674438565154,13.416674438565154,16,1.5153038429147592,1.5617294632767336,1.5153038429147592,11.901370595650395
LLAMA-33B,C-lo,8,A4b,1,13.416674438565154,32.85774963491659,19.441075196351434,16,16.336681148734417,16.401154238682267,2.920006710169263,16.52106848618217
LLAMA-33B,C-lo,8,A5,0,0.0,10.028423924366496,10.028423924366496,16,1.3086669274478164,1.342664369689952,1.3086669274478164,8.71975699691868
LLAMA-33B,C-lo,8,A5,1,10.028423924366496,26.731068574494156,16.70264465012766,16,14.990535220321307,15.03633434493892,4.962111295954811,11.740533354172848
LLAMA-33B,C-lo,8,A6,0,0.0,10.028423924366496,10.028423924366496,16,1.3086669274478164,1.342664369689952,1.3086669274478164,8.71975699691868
LLAMA-33B,C-lo,8,A6,1,10.028423924366496,26.731068574494156,16.70264465012766,16,14.990535220321307,15.03633434493892,4.962111295954811,11.740533354172848
LLAMA-33B,D-hi,8,A1,0,0.0,55.119982525819225,55.119982525819225,16,38.51330572861404,38.57811327085277,38.51330572861404,16.606676797205182
LLAMA-33B,D-hi,8,A1,1,55.119982525819225,146.06635496430243,90.94637243848321,16,125.10536143015116,125.18717802199461,69.98537890433194,20.96099353415127
LLAMA-33B,D-hi,8,A1,2,146.06635496430243,238.53142806549482,92.46507310119239,16,217.29828974044364,217.3811693980279,71.2319347761412,21.233138325051186
LLAMA-33B,D-hi,8,A1,3,238.53142806549482,331.9359695941084,93.4045415286136,16,310.43068652750935,310.5146292504951,71.89925846201453,21.505283066599077
LLAMA-33B,D-hi,8,A2,0,0.0,146.3003676022744,146.3003676022744,16,146.3003676022744,4.122733132122581,146.3003676022744,0.0
LLAMA-33B,D-hi,8,A2,1,146.3003676022744,358.112053148236,211.81168554596158,16,358.112053148236,0.0,211.81168554596158,0.0
LLAMA-33B,D-hi,8,A2,2,358.112053148236,574.020438722211,215.908385573975,16,574.020438722211,0.0,215.908385573975,0.0
LLAMA-33B,D-hi,8,A2,3,574.020438722211,794.0255243242792,220.00508560206822,16,794.0255243242792,0.0,220.00508560206822,0.0
LLAMA-33B,D-hi,8,A3,0,0.0,19.728524475933398,19.728524475933398,16,3.434311422401031,3.4978954386534062,3.434311422401031,16.294213053532367
LLAMA-33B,D-hi,8,A3,1,19.728524475933398,47.61270366751838,27.884179191584984,16,24.332621092336524,24.423278574544145,4.604096616403126,23.280082575181858
LLAMA-33B,D-hi,8,A3,2,47.61270366751838,75.90261132887336,28.28990766135498,16,52.28200918679237,52.3736884930159,4.6693055192739905,23.62060214208099
LLAMA-33B,D-hi,8,A3,3,75.90261132887336,104.5382429798447,28.635631650971334,16,80.63712575107466,80.73022567746166,4.7345144222013005,23.901117228770033
LLAMA-33B,D-hi,8,A3a,0,0.0,19.728524475933398,19.728524475933398,16,3.434311422401031,3.4978954386534062,3.434311422401031,16.294213053532367
LLAMA-33B,D-hi,8,A3a,1,19.728524475933398,45.73464544290721,26.00612096697381,16,24.332621092336524,24.416160421104234,4.604096616403126,21.402024350570684
LLAMA-33B,D-hi,8,A3a,2,45.73464544290721,72.07865205671499,26.344006613807778,16,50.4039509621812,50.48855426656753,4.6693055192739905,21.674701094533788
LLAMA-33B,D-hi,8,A3a,3,72.07865205671499,98.7645247840256,26.68587272731061,16,76.81316647891629,76.89885280638958,4.7345144222013005,21.95135830510931
LLAMA-33B,D-hi,8,A3b,0,0.0,19.414289795677394,19.414289795677394,16,3.434311422401031,3.496667919042595,3.434311422401031,15.979978373276364
LLAMA-33B,D-hi,8,A3b,1,19.414289795677394,46.67649907980604,27.262209284128648,16,24.01838641208052,24.10661432434494,4.604096616403126,22.658112667725522
LLAMA-33B,D-hi,8,A3b,2,46.67649907980604,74.29420698305266,27.617707903246618,16,51.34580459908003,51.43505433534863,4.6693055192739905,22.948402383972628
LLAMA-33B,D-hi,8,A3b,3,74.29420698305266,102.22588643502307,27.93167945197041,16,79.02872140525396,79.11901968872543,4.7345144222013005,23.19716502976911
LLAMA-33B,D-hi,8,A4,0,0.0,19.401700558596048,19.401700558596048,16,3.4240147453206347,3.4863634819621923,3.4240147453206347,15.977685813275412
LLAMA-33B,D-hi,8,A4,1,19.401700558596048,44.91321465390072,25.51151409530467,16,23.990902637431063,24.072566286939768,4.589202078835015,20.922312016469654
LLAMA-33B,D-hi,8,A4,2,44.91321465390072,70.76060475611688,25.84739010221616,16,49.56731420498536,49.65003491513531,4.6540995510846415,21.19329055113152
LLAMA-33B,D-hi,8,A4,3,70.76060475611688,96.94384617831564,26.183241422198762,16,75.47960177945878,75.56338419514145,4.718997023341899,21.464244398856863
LLAMA-33B,D-hi,8,A4b,0,0.0,19.401700558596048,19.401700558596048,16,3.4240147453206347,3.4863634819621923,3.4240147453206347,15.977685813275412
LLAMA-33B,D-hi,8,A4b,1,19.401700558596048,44.91321465390072,25.51151409530467,16,23.990902637431063,24.072566286939768,4.589202078835015,20.922312016469654
LLAMA-33B,D-hi,8,A4b,2,44.91321465390072,70.76060475611688,25.84739010221616,16,49.56731420498536,49.65003491513531,4.6540995510846415,21.19329055113152
LLAMA-33B,D-hi,8,A4b,3,70.76060475611688,96.94384617831564,26.183241422198762,16,75.47960177945878,75.56338419514145,4.718997023341899,21.464244398856863
LLAMA-33B,D-hi,8,A5,0,0.0,12.687045523852225,12.687045523852225,16,3.0215597591027508,3.0592514643040167,3.0215597591027508,9.665485764749475
LLAMA-33B,D-hi,8,A5,1,12.687045523852225,34.331665764298926,21.6446202404467,16,21.29659179489566,21.347445920806415,8.609546271043437,13.035073969403264
LLAMA-33B,D-hi,8,A5,2,34.331665764298926,56.31284150194147,21.981175737642545,16,43.00678898604304,43.05870017259504,8.675123221744116,13.306052515898429
LLAMA-33B,D-hi,8,A5,3,56.31284150194147,78.62992215031815,22.31708064837668,16,65.05291578926287,65.10588868136038,8.740074287321399,13.577006361055282
LLAMA-33B,D-hi,8,A6,0,0.0,12.687045523852225,12.687045523852225,16,3.0215597591027508,3.0592514643040167,3.0215597591027508,9.665485764749475
LLAMA-33B,D-hi,8,A6,1,12.687045523852225,34.331665764298926,21.6446202404467,16,21.29659179489566,21.347445920806415,8.609546271043437,13.035073969403264
LLAMA-33B,D-hi,8,A6,2,34.331665764298926,56.31284150194147,21.981175737642545,16,43.00678898604304,43.05870017259504,8.675123221744116,13.306052515898429
LLAMA-33B,D-hi,8,A6,3,56.31284150194147,78.62992215031815,22.31708064837668,16,65.05291578926287,65.10588868136038,8.740074287321399,13.577006361055282
LLAMA-33B,D-lo,8,A1,0,0.0,55.12347450560327,55.12347450560327,16,38.51679770839809,38.58160525063681,38.51679770839809,16.606676797205182
LLAMA-33B,D-lo,8,A2,0,0.0,146.3003676022744,146.3003676022744,16,146.3003676022744,4.122733132122581,146.3003676022744,0.0
LLAMA-33B,D-lo,8,A3,0,0.0,19.72850399593255,19.72850399593255,16,3.434311422401031,3.4978953586534067,3.434311422401031,16.294192573531518
LLAMA-33B,D-lo,8,A3a,0,0.0,19.72850399593255,19.72850399593255,16,3.434311422401031,3.4978953586534067,3.434311422401031,16.294192573531518
LLAMA-33B,D-lo,8,A3b,0,0.0,19.414269315676552,19.414269315676552,16,3.434311422401031,3.4966678390425954,3.434311422401031,15.979957893275522
LLAMA-33B,D-lo,8,A4,0,0.0,19.400715668576474,19.400715668576474,16,3.4240147453206347,3.486362891962196,3.4240147453206347,15.976700923255839
LLAMA-33B,D-lo,8,A4b,0,0.0,19.400715668576474,19.400715668576474,16,3.4240147453206347,3.486362891962196,3.4240147453206347,15.976700923255839
LLAMA-33B,D-lo,8,A5,0,0.0,12.686052383863233,12.686052383863233,16,3.021551509102801,3.0592426243040705,3.021551509102801,9.664500874760432
LLAMA-33B,D-lo,8,A6,0,0.0,12.686052383863233,12.686052383863233,16,3.021551509102801,3.0592426243040705,3.021551509102801,9.664500874760432
LLAMA-33B,N-hi,8,A2,0,0.0,576.854246543526,576.854246543526,64,576.854246543526,8.143772560558505,576.854246543526,0.0
LLAMA-33B,N-hi,8,A2,1,576.854246543526,2219.20048784648,1642.346241302954,64,2219.20048784648,0.0,1642.346241302954,0.0
LLAMA-33B,N-lo,8,A1,0,0.0,15.610736365088169,15.610736365088169,4,9.627716027252912,9.651071628197567,9.627716027252912,5.983020337835256
LLAMA-33B,N-lo,8,A1,1,15.610736365088169,33.19017507314118,17.579438708053008,4,26.935009942247586,26.959428608789604,11.324273577159417,6.255165130893591
LLAMA-33B,N-lo,8,A2,0,0.0,40.49317389672384,40.49317389672384,4,40.49317389672384,3.1246373466051414,40.49317389672384,0.0
LLAMA-33B,N-lo,8,A2,1,40.49317389672384,82.91858263070226,42.42540873397842,4,82.91858263070226,0.0,42.42540873397842,0.0
LLAMA-33B,N-lo,8,A3,0,0.0,8.759419206890449,8.759419206890449,4,2.832785316523428,2.8559199167853673,2.832785316523428,5.926633890367022
LLAMA-33B,N-lo,8,A3,1,8.759419206890449,16.24644367195289,7.48702446506244,4,9.645880443291524,9.671444843753335,0.8864612364010753,6.600563228661365
LLAMA-33B,N-lo,8,A3a,0,0.0,8.759419206890449,8.759419206890449,4,2.832785316523428,2.8559199167853673,2.832785316523428,5.926633890367022
LLAMA-33B,N-lo,8,A3a,1,8.759419206890449,15.990246859251066,7.230827652360617,4,9.645880443291524,9.670647552353927,0.8864612364010753,6.344366415959541
LLAMA-33B,N-lo,8,A3b,0,0.0,8.647196792764115,8.647196792764115,4,2.832785316523428,2.8554815378826155,2.832785316523428,5.8144114762406875
LLAMA-33B,N-lo,8,A3b,1,8.647196792764115,16.010549878878006,7.363353086113891,4,9.53365802916519,9.558739338302937,0.8864612364010753,6.476891849712816
LLAMA-33B,N-lo,8,A4,0,0.0,8.643486583500897,8.643486583500897,4,2.8302111472532174,2.852903528612402,2.8302111472532174,5.813275436247679
LLAMA-33B,N-lo,8,A4,1,8.643486583500897,15.736834852070432,7.093348268569535,4,9.52714433545525,9.551385820976373,0.8836577519543525,6.209690516615183
LLAMA-33B,N-lo,8,A4b,0,0.0,8.643486583500897,8.643486583500897,4,2.8302111472532174,2.852903528612402,2.8302111472532174,5.813275436247679
LLAMA-33B,N-lo,8,A4b,1,8.643486583500897,15.736834852070432,7.093348268569535,4,9.52714433545525,9.551385820976373,0.8836577519543525,6.209690516615183
LLAMA-33B,N-lo,8,A5,0,0.0,7.2261546487717885,7.2261546487717885,4,2.7497196400096438,2.7671899884489055,2.7497196400096438,4.476435008762145
LLAMA-33B,N-lo,8,A5,1,7.2261546487717885,13.756702817841969,6.5305481690701805,4,8.835058017545961,8.854268074487713,1.6089033687741727,4.921644800296008
LLAMA-33B,N-lo,8,A6,0,0.0,7.2261546487717885,7.2261546487717885,4,2.7497196400096438,2.7671899884489055,2.7497196400096438,4.476435008762145
LLAMA-33B,N-lo,8,A6,1,7.2261546487717885,13.756702817841969,6.5305481690701805,4,8.835058017545961,8.854268074487713,1.6089033687741727,4.921644800296008
LLAMA-33B,baseline,8,A1,0,0.0,55.12414979526322,55.12414979526322,16,38.51747299805804,38.582280540296765,38.51747299805804,16.606676797205182
LLAMA-33B,baseline,8,A1,1,55.12414979526322,146.0693253190892,90.94517552382597,16,125.10833178493117,125.19014837677462,69.98418198966795,20.96099353415802
LLAMA-33B,baseline,8,A2,0,0.0,146.3003676022744,146.3003676022744,16,146.3003676022744,4.122733132122581,146.3003676022744,0.0
LLAMA-33B,baseline,8,A2,1,146.3003676022744,358.112053148236,211.81168554596158,16,358.112053148236,0.0,211.81168554596158,0.0
LLAMA-33B,baseline,8,A3,0,0.0,19.728511675932825,19.728511675932825,16,3.434311422401031,3.4978953886534065,3.434311422401031,16.294200253531795
LLAMA-33B,baseline,8,A3,1,19.728511675932825,47.612672937521815,27.88416126158899,16,24.33260829233595,24.423265694543595,4.604096616403126,23.280064645185863
LLAMA-33B,baseline,8,A3a,0,0.0,19.728511675932825,19.728511675932825,16,3.434311422401031,3.4978953886534065,3.434311422401031,16.294200253531795
LLAMA-33B,baseline,8,A3a,1,19.728511675932825,45.7346083129087,26.006096636975872,16,24.33260829233595,24.416147516103653,4.604096616403126,21.402000020572746
LLAMA-33B,baseline,8,A3b,0,0.0,19.414276995676822,19.414276995676822,16,3.434311422401031,3.496667869042595,3.434311422401031,15.979965573275791
LLAMA-33B,baseline,8,A3b,1,19.414276995676822,46.676468349809475,27.262191354132653,16,24.018373612079948,24.10660144434439,4.604096616403126,22.658094737729527
LLAMA-33B,baseline,8,A4,0,0.0,19.401703108596138,19.401703108596138,16,3.4240147453206347,3.4863634819621923,3.4240147453206347,15.977688363275503
LLAMA-33B,baseline,8,A4,1,19.401703108596138,44.9119722941183,25.510269185522162,16,23.990905187431153,24.072565776939605,4.589202078835015,20.921067106687147
LLAMA-33B,baseline,8,A4b,0,0.0,19.401703108596138,19.401703108596138,16,3.4240147453206347,3.4863634819621923,3.4240147453206347,15.977688363275503
LLAMA-33B,baseline,8,A4b,1,19.401703108596138,44.9119722941183,25.510269185522162,16,23.990905187431153,24.072565776939605,4.589202078835015,20.921067106687147
LLAMA-33B,baseline,8,A5,0,0.0,12.687048073852228,12.687048073852228,16,3.0215597591027508,3.0592514643040167,3.0215597591027508,9.665488314749478
LLAMA-33B,baseline,8,A5,1,12.687048073852228,34.32996308427396,21.642915010421735,16,21.296134024882605,21.346985090793105,8.609085951030377,13.033829059391358
LLAMA-33B,baseline,8,A6,0,0.0,12.687048073852228,12.687048073852228,16,3.0215597591027508,3.0592514643040167,3.0215597591027508,9.665488314749478
LLAMA-33B,baseline,8,A6,1,12.687048073852228,34.32996308427396,21.642915010421735,16,21.296134024882605,21.346985090793105,8.609085951030377,13.033829059391358
LLAMA-33B,broadcast,8,A1,0,0.0,6.528978813031025,6.528978813031025,1,2.4074891717902305,2.4235848476390456,2.4074891717902305,4.121489641240794
LLAMA-33B,broadcast,8,A1,1,6.528978813031025,62.57072339650282,56.0417445834718,16,45.691901804135036,45.757772411979865,39.16292299110401,16.878821592367785
LLAMA-33B,broadcast,8,A2,0,0.0,14.835721336613961,14.835721336613961,1,14.835721336613961,2.8782216385659467,14.835721336613961,0.0
LLAMA-33B,broadcast,8,A2,1,14.835721336613961,162.42472147416368,147.5890001375497,16,162.42472147416368,0.0,147.5890001375497,0.0
LLAMA-33B,broadcast,8,A3,0,0.0,6.855768167538056,6.855768167538056,1,2.682403790054027,2.6987020641684705,2.682403790054027,4.173364377484029
LLAMA-33B,broadcast,8,A3,1,6.855768167538056,24.63331648570918,17.777548318171124,16,7.697522816034802,7.763407712409184,0.841754648496746,16.93579366967438
LLAMA-33B,broadcast,8,A3a,0,0.0,6.855768167538056,6.855768167538056,1,2.682403790054027,2.6987020641684705,2.682403790054027,4.173364377484029
LLAMA-33B,broadcast,8,A3a,1,6.855768167538056,24.531000351657216,17.67523218411916,16,7.697522816034802,7.763211517409577,0.841754648496746,16.833477535622414
LLAMA-33B,broadcast,8,A3b,0,0.0,6.805131186292791,6.805131186292791,1,2.682403790054027,2.69850429590284,2.682403790054027,4.122727396238764
LLAMA-33B,broadcast,8,A3b,1,6.805131186292791,24.258909598165364,17.453778411872573,16,7.646885834789537,7.711513584145861,0.841754648496746,16.612023763375827
LLAMA-33B,broadcast,8,A4,0,0.0,6.803421408971292,6.803421408971292,1,2.681760247736363,2.697856593585174,2.681760247736363,4.121661161234929
LLAMA-33B,broadcast,8,A4,1,6.803421408971292,24.143735491190796,17.340314082219503,16,7.634577681908897,7.699006042067114,0.831156272937605,16.5091578092819
LLAMA-33B,broadcast,8,A4b,0,0.0,6.803421408971292,6.803421408971292,1,2.681760247736363,2.697856593585174,2.681760247736363,4.121661161234929
LLAMA-33B,broadcast,8,A4b,1,6.803421408971292,24.143735491190796,17.340314082219503,16,7.634577681908897,7.699006042067114,0.831156272937605,16.5091578092819
LLAMA-33B,broadcast,8,A5,0,0.0,6.803421408971292,6.803421408971292,1,2.681760247736363,2.697856593585174,2.681760247736363,4.121661161234929
LLAMA-33B,broadcast,8,A5,1,6.803421408971292,17.44351432743793,10.640092918466639,16,7.246556567176244,7.286327895894489,0.4431351582049521,10.196957760261688
LLAMA-33B,broadcast,8,A6,0,0.0,6.803421408971292,6.803421408971292,1,2.681760247736363,2.697856593585174,2.681760247736363,4.121661161234929
LLAMA-33B,broadcast,8,A6,1,6.803421408971292,17.44351432743793,10.640092918466639,16,7.246556567176244,7.286327895894489,0.4431351582049521,10.196957760261688
LLAMA-33B,k-hi,32,A1,0,0.0,55.12414979526322,55.12414979526322,16,38.51747299805804,38.582280540296765,38.51747299805804,16.606676797205182
LLAMA-33B,k-hi,32,A1,1,55.12414979526322,146.0693253190892,90.94517552382597,16,125.10833178493117,125.19014837677462,69.98418198966795,20.96099353415802
LLAMA-33B,k-hi,32,A2,0,0.0,146.3003676022744,146.3003676022744,16,146.3003676022744,4.122733132122581,146.3003676022744,0.0
LLAMA-33B,k-hi,32,A2,1,146.3003676022744,364.5931810057798,218.2928134035054,16,364.5931810057798,0.0,218.2928134035054,0.0
LLAMA-33B,k-hi,32,A3,0,0.0,19.728503995932552,19.728503995932552,16,3.434311422401031,3.4978953586534067,3.434311422401031,16.29419257353152
LLAMA-33B,k-hi,32,A3,1,19.728503995932552,55.865157368054525,36.13665337212197,16,30.833952060241426,30.93112992273136,11.105448064308874,25.0312053078131
LLAMA-33B,k-hi,32,A3a,0,0.0,19.728503995932552,19.728503995932552,16,3.434311422401031,3.4978953586534067,3.434311422401031,16.29419257353152
LLAMA-33B,k-hi,32,A3a,1,19.728503995932552,53.17148055488166,33.44297655894911,16,30.833952060241426,30.921145717009658,11.105448064308874,22.337528494640235
LLAMA-33B,k-hi,32,A3b,0,0.0,19.414269315676552,19.414269315676552,16,3.434311422401031,3.4966678390425954,3.434311422401031,15.979957893275522
LLAMA-33B,k-hi,32,A3b,1,19.414269315676552,54.53971130535399,35.12544198967744,16,30.519717379985426,30.612947481964333,11.105448064308874,24.019993925368563
LLAMA-33B,k-hi,32,A4,0,0.0,19.401703108596138,19.401703108596138,16,3.4240147453206347,3.4863634819621923,3.4240147453206347,15.977688363275503
LLAMA-33B,k-hi,32,A4,1,19.401703108596138,52.432789781284875,33.03108667268874,16,30.49341172690724,30.579050093534583,11.091708618311102,21.939378054377634
LLAMA-33B,k-hi,32,A4b,0,0.0,19.401703108596138,19.401703108596138,16,3.4240147453206347,3.4863634819621923,3.4240147453206347,15.977688363275503
LLAMA-33B,k-hi,32,A4b,1,19.401703108596138,52.432789781284875,33.03108667268874,16,30.49341172690724,30.579050093534583,11.091708618311102,21.939378054377634
LLAMA-33B,k-hi,32,A5,0,0.0,12.687048073852228,12.687048073852228,16,3.0215597591027508,3.0592514643040167,3.0215597591027508,9.665488314749478
LLAMA-33B,k-hi,32,A5,1,12.687048073852228,50.519917835397194,37.83286976154497,16,36.467777821062825,36.52260666415092,23.780729747210597,14.05214001433437
LLAMA-33B,k-hi,32,A6,0,0.0,12.687048073852228,12.687048073852228,16,3.0215597591027508,3.0592514643040167,3.0215597591027508,9.665488314749478
LLAMA-33B,k-hi,32,A6,1,12.687048073852228,50.519917835397194,37.83286976154497,16,36.467777821062825,36.52260666415092,23.780729747210597,14.05214001433437
LLAMA-33B,k-lo,2,A1,0,0.0,55.12414979526322,55.12414979526322,16,38.51747299805804,38.582280540296765,38.51747299805804,16.606676797205182
LLAMA-33B,k-lo,2,A1,1,55.12414979526322,146.0693253190892,90.94517552382597,16,125.10833178493117,125.19014837677462,69.98418198966795,20.96099353415802
LLAMA-33B,k-lo,2,A2,0,0.0,146.3003676022744,146.3003676022744,16,146.3003676022744,4.122733132122581,146.3003676022744,0.0
LLAMA-33B,k-lo,2,A2,1,146.3003676022744,356.6452380548991,210.3448704526247,16,356.6452380548991,0.0,210.3448704526247,0.0
LLAMA-33B,k-lo,2,A3,0,0.0,19.728506555932643,19.728506555932643,16,3.434311422401031,3.4978953686534067,3.434311422401031,16.294195133531613
LLAMA-33B,k-lo,2,A3,1,19.728506555932643,44.751739428172804,25.02323287224016,16,22.860732181389398,22.94581169573564,3.132225625456755,21.891007246783406
LLAMA-33B,k-lo,2,A3a,0,0.0,19.728506555932643,19.728506555932643,16,3.434311422401031,3.4978953686534067,3.434311422401031,16.294195133531613
LLAMA-33B,k-lo,2,A3a,1,19.728506555932643,43.756799619293574,24.02829306336093,16,22.860732181389398,22.942238292197192,3.132225625456755,20.896067437904176
LLAMA-33B,k-lo,2,A3b,0,0.0,19.414271875676643,19.414271875676643,16,3.434311422401031,3.4966678490425953,3.434311422401031,15.979960453275613
LLAMA-33B,k-lo,2,A3b,1,19.414271875676643,43.93115429789037,24.51688242221373,16,22.5464975011334,22.62959994051808,3.132225625456755,21.384656796756975
LLAMA-33B,k-lo,2,A4,0,0.0,19.401703108596138,19.401703108596138,16,3.4240147453206347,3.4863634819621923,3.4240147453206347,15.977688363275503
LLAMA-33B,k-lo,2,A4,1,19.401703108596138,43.16765877580611,23.765955667209973,16,22.518745423616764,22.59934291252593,3.117042315020626,20.648913352189346
LLAMA-33B,k-lo,2,A4b,0,0.0,19.401703108596138,19.401703108596138,16,3.4240147453206347,3.4863634819621923,3.4240147453206347,15.977688363275503
LLAMA-33B,k-lo,2,A4b,1,19.401703108596138,43.16765877580611,23.765955667209973,16,22.518745423616764,22.59934291252593,3.117042315020626,20.648913352189346
LLAMA-33B,k-lo,2,A5,0,0.0,12.687048073852228,12.687048073852228,16,3.0215597591027508,3.0592514643040167,3.0215597591027508,9.665488314749478
LLAMA-33B,k-lo,2,A5,1,12.687048073852228,30.56519365512073,17.8781455812685,16,17.80351835135746,17.853306316668675,5.116470277505233,12.761675303763269
LLAMA-33B,k-lo,2,A6,0,0.0,12.687048073852228,12.687048073852228,16,3.0215597591027508,3.0592514643040167,3.0215597591027508,9.665488314749478
LLAMA-33B,k-lo,2,A6,1,12.687048073852228,30.56519365512073,17.8781455812685,16,17.80351835135746,17.853306316668675,5.116470277505233,12.761675303763269
LLAMA-33B,pipeline,8,A1,0,0.0,6.529574369695008,6.529574369695008,1,2.4080847284542304,2.4241804043030455,2.4080847284542304,4.121489641240778
LLAMA-33B,pipeline,8,A1,1,6.529574369695008,13.116487226621096,6.586912856926088,1,8.977988535687231,8.994150653136188,2.448414165992223,4.138498690933865
LLAMA-33B,pipeline,8,A1,2,13.116487226621096,19.792248562240072,6.675761335618976,1,15.636740822009292,15.65296938105831,2.520253595388196,4.15550774023078
LLAMA-33B,pipeline,8,A1,3,19.792248562240072,26.515085609436067,6.722837047195995,1,22.342568819538638,22.358863820186652,2.5503202572985657,4.172516789897429
LLAMA-33B,pipeline,8,A2,0,0.0,14.835721336613961,14.835721336613961,1,14.835721336613961,2.8782216385659467,14.835721336613961,0.0
LLAMA-33B,pipeline,8,A2,1,14.835721336613961,27.14347474870326,12.307753412089298,1,27.14347474870326,0.0,12.307753412089298,0.0
LLAMA-33B,pipeline,8,A2,2,27.14347474870326,39.7043086727623,12.560833924059043,1,39.7043086727623,0.0,12.560833924059043,0.0
LLAMA-33B,pipeline,8,A2,3,39.7043086727623,52.5182231087903,12.813914436028,1,52.5182231087903,0.0,12.813914436028,0.0
LLAMA-33B,pipeline,8,A3,0,0.0,6.855764332537966,6.855764332537966,1,2.682403790054027,2.69870205416847,2.682403790054027,4.173360542483939
LLAMA-33B,pipeline,8,A3,1,6.855764332537966,11.115578521696522,4.259814189158556,1,6.908373998069012,6.92480655883744,0.05260966553104662,4.207204523627509
LLAMA-33B,pipeline,8,A3,2,11.115578521696522,15.393655819182214,4.278077297485693,1,11.169300503881125,11.185800059929331,0.053721982184603334,4.224355315301089
LLAMA-33B,pipeline,8,A3,3,15.393655819182214,19.68991942498726,4.296263605805045,1,15.448490118019363,15.465056369347693,0.05483429883714841,4.2414293069678966
LLAMA-33B,pipeline,8,A3a,0,0.0,6.855764332537966,6.855764332537966,1,2.682403790054027,2.69870205416847,2.682403790054027,4.173360542483939
LLAMA-33B,pipeline,8,A3a,1,6.855764332537966,11.115500083940606,4.259735751402641,1,6.908373998069012,6.924804158837454,0.05260966553104662,4.207126085871594
LLAMA-33B,pipeline,8,A3a,2,11.115500083940606,15.393498943670382,4.277998859729776,1,11.16922206612521,11.18571922217343,0.053721982184603334,4.224276877545172
LLAMA-33B,pipeline,8,A3a,3,15.393498943670382,19.689760911724935,4.296261968054553,1,15.44833324250753,15.464897393835795,0.05483429883714841,4.241427669217405
LLAMA-33B,pipeline,8,A3b,0,0.0,6.805127351292701,6.805127351292701,1,2.682403790054027,2.6985042859028394,2.682403790054027,4.122723561238674
LLAMA-33B,pipeline,8,A3b,1,6.805127351292701,11.014167246657934,4.209039895365232,1,6.857737016823748,6.87397125564611,0.05260966553104662,4.156430229834186
LLAMA-33B,pipeline,8,A3b,2,11.014167246657934,15.241328508333906,4.227161261675972,1,11.067889228842537,11.084189909265548,0.053721982184603334,4.173439279491369
LLAMA-33B,pipeline,8,A3b,3,15.241328508333906,19.48653433614242,4.245205827808514,1,15.296162807171054,15.312529629194207,0.05483429883714841,4.190371528971365
LLAMA-33B,pipeline,8,A4,0,0.0,6.803423968971431,6.803423968971431,1,2.681760247736363,2.697856603585174,2.681760247736363,4.121663721235068
LLAMA-33B,pipeline,8,A4,1,6.803423968971431,11.010894851512719,4.207470882541288,1,6.855371236030031,6.871599857090072,0.05194726705860031,4.155523615482688
LLAMA-33B,pipeline,8,A4,2,11.010894851512719,15.23669675595935,4.225801904446632,1,11.063934970806372,11.080230928467122,0.053040119293653376,4.172761785152979
LLAMA-33B,pipeline,8,A4,3,15.23669675595935,19.480525042012587,4.243828286053237,1,15.290829727487738,15.307191831748552,0.054132971528387586,4.189695314524849
LLAMA-33B,pipeline,8,A4b,0,0.0,6.803423968971431,6.803423968971431,1,2.681760247736363,2.697856603585174,2.681760247736363,4.121663721235068
LLAMA-33B,pipeline,8,A4b,1,6.803423968971431,11.010894851512719,4.207470882541288,1,6.855371236030031,6.871599857090072,0.05194726705860031,4.155523615482688
LLAMA-33B,pipeline,8,A4b,2,11.010894851512719,15.23669675595935,4.225801904446632,1,11.063934970806372,11.080230928467122,0.053040119293653376,4.172761785152979
LLAMA-33B,pipeline,8,A4b,3,15.23669675595935,19.480525042012587,4.243828286053237,1,15.290829727487738,15.307191831748552,0.054132971528387586,4.189695314524849
LLAMA-33B,pipeline,8,A5,0,0.0,6.803423968971431,6.803423968971431,1,2.681760247736363,2.697856603585174,2.681760247736363,4.121663721235068
LLAMA-33B,pipeline,8,A5,1,6.803423968971431,10.986643593716021,4.1832196247445905,1,6.831119978234238,6.847348599294278,0.02769600926280713,4.155523615481783
LLAMA-33B,pipeline,8,A5,2,10.986643593716021,15.187416348651231,4.20077275493521,1,11.014654563498253,11.030950521159003,0.0280109697822315,4.172761785152979
LLAMA-33B,pipeline,8,A5,3,15.187416348651231,19.405434023483206,4.218017674831975,1,15.215738708952987,15.232100813213801,0.028322360301755722,4.189695314530219
LLAMA-33B,pipeline,8,A6,0,0.0,6.803423968971431,6.803423968971431,1,2.681760247736363,2.697856603585174,2.681760247736363,4.121663721235068
LLAMA-33B,pipeline,8,A6,1,6.803423968971431,10.986643593716021,4.1832196247445905,1,6.831119978234238,6.847348599294278,0.02769600926280713,4.155523615481783
LLAMA-33B,pipeline,8,A6,2,10.986643593716021,15.187416348651231,4.20077275493521,1,11.014654563498253,11.030950521159003,0.0280109697822315,4.172761785152979
LLAMA-33B,pipeline,8,A6,3,15.187416348651231,19.405434023483206,4.218017674831975,1,15.215738708952987,15.232100813213801,0.028322360301755722,4.189695314530219
LLAMA-33B,private,8,A1,0,0.0,55.12414979526322,55.12414979526322,16,38.51747299805804,38.582280540296765,38.51747299805804,16.606676797205182
LLAMA-33B,private,8,A1,1,55.12414979526322,146.0693253190892,90.94517552382597,16,125.10833178493117,125.19014837677462,69.98418198966795,20.96099353415802
LLAMA-33B,private,8,A2,0,0.0,186.8257032242973,186.8257032242973,16,186.8257032242973,44.64806875415222,186.8257032242973,0.0
LLAMA-33B,private,8,A2,1,186.8257032242973,452.42328490112584,265.59758167682855,16,452.42328490112584,0.0,265.59758167682855,0.0
LLAMA-33B,private,8,A3,0,0.0,61.55140651422025,61.55140651422025,16,44.12322490042596,44.19124090187656,44.12322490042596,17.428181613794287
LLAMA-33B,private,8,A3,1,61.55140651422025,142.5576353157387,81.00622880151846,16,120.11042971261418,120.19727349044761,58.55902319839393,22.44720560312453
LLAMA-33B,private,8,A3a,0,0.0,61.55140651422025,61.55140651422025,16,44.12322490042596,44.19124090187656,44.12322490042596,17.428181613794287
LLAMA-33B,private,8,A3a,1,61.55140651422025,142.33481521680588,80.78340870258563,16,120.11042971261418,120.19718087058159,58.55902319839393,22.2243855041917
LLAMA-33B,private,8,A3b,0,0.0,60.7434826813961,60.7434826813961,16,44.12322490042596,44.188085468480175,44.12322490042596,16.620257780970142
LLAMA-33B,private,8,A3b,1,60.7434826813961,140.7584087748496,80.01492609345351,16,119.30250587979098,119.38581549600272,58.55902319839488,21.455902895058628
LLAMA-33B,private,8,A4,0,0.0,60.716211909401835,60.716211909401835,16,44.112928223349094,44.17772247140365,44.112928223349094,16.60328368605274
LLAMA-33B,private,8,A4,1,60.716211909401835,140.44825676509632,79.73204485569448,16,119.26002913961894,119.34273332984127,58.5438172302171,21.18822762547738
LLAMA-33B,private,8,A4b,0,0.0,60.716211909401835,60.716211909401835,16,44.112928223349094,44.17772247140365,44.112928223349094,16.60328368605274
LLAMA-33B,private,8,A4b,1,60.716211909401835,140.44825676509632,79.73204485569448,16,119.26002913961894,119.34273332984127,58.5438172302171,21.18822762547738
LLAMA-33B,private,8,A5,0,0.0,99.10231185836052,99.10231185836052,16,82.68074149330484,82.7448259236992,82.68074149330484,16.421570365055686
LLAMA-33B,private,8,A5,1,99.10231185836052,241.01165836138136,141.90934650302086,16,221.38216837998743,221.45878375136604,122.27985652162691,19.62948998139393
LLAMA-33B,private,8,A6,0,0.0,99.10231185836052,99.10231185836052,16,82.68074149330484,82.7448259236992,82.68074149330484,16.421570365055686
LLAMA-33B,private,8,A6,1,99.10231185836052,241.01165836138136,141.90934650302086,16,221.38216837998743,221.45878375136604,122.27985652162691,19.62948998139393
LLAMA-33B,reduce,8,A1,0,0.0,55.1253726390692,55.1253726390692,16,38.518695841864016,38.58350338410274,38.518695841864016,16.606676797205182
LLAMA-33B,reduce,8,A1,1,55.1253726390692,63.884293581753106,8.758920942683908,1,59.4906591471503,59.50781788859795,4.365286508081105,4.393634434602802
LLAMA-33B,reduce,8,A2,0,0.0,146.3003676022744,146.3003676022744,16,146.3003676022744,4.122733132122581,146.3003676022744,0.0
LLAMA-33B,reduce,8,A2,1,146.3003676022744,164.12987516904883,17.829507566774424,1,164.12987516904883,0.0,17.829507566774424,0.0
LLAMA-33B,reduce,8,A3,0,0.0,19.728532155932076,19.728532155932076,16,3.434311422401031,3.497895468653408,3.434311422401031,16.294220733531045
LLAMA-33B,reduce,8,A3,1,19.728532155932076,26.029960976763807,6.301428820831731,1,21.528825643917614,21.54640441528543,1.8002934879855381,4.501135332846193
LLAMA-33B,reduce,8,A3a,0,0.0,19.728532155932076,19.728532155932076,16,3.434311422401031,3.497895468653408,3.434311422401031,16.294220733531045
LLAMA-33B,reduce,8,A3a,1,19.728532155932076,26.043274749790257,6.314742593858181,1,21.528825643917614,21.546455848525287,1.8002934879855381,4.514449105872643
LLAMA-33B,reduce,8,A3b,0,0.0,19.414297475676104,19.414297475676104,16,3.434311422401031,3.4966679490425965,3.434311422401031,15.979986053275073
LLAMA-33B,reduce,8,A3b,1,19.414297475676104,25.647033489937197,6.232736014261093,1,21.214590963661642,21.23190307668925,1.8002934879855381,4.432442526275555
LLAMA-33B,reduce,8,A4,0,0.0,19.400862863566587,19.400862863566587,16,3.4240147453206347,3.4863634619621924,3.4240147453206347,15.976848118245952
LLAMA-33B,reduce,8,A4,1,19.400862863566587,25.627898815575833,6.2270359520092455,1,21.200221451229208,21.217513167890733,1.7993585876626206,4.427677364346625
LLAMA-33B,reduce,8,A4b,0,0.0,19.400862863566587,19.400862863566587,16,3.4240147453206347,3.4863634619621924,3.4240147453206347,15.976848118245952
LLAMA-33B,reduce,8,A4b,1,19.400862863566587,25.627898815575833,6.2270359520092455,1,21.200221451229208,21.217513167890733,1.7993585876626206,4.427677364346625
LLAMA-33B,reduce,8,A5,0,0.0,12.686207528852123,12.686207528852123,16,3.0215594591027526,3.0592511443040187,3.0215594591027526,9.66464806974937
LLAMA-33B,reduce,8,A5,1,12.686207528852123,20.87274979359512,8.186542264742997,1,16.445072429248494,16.46236414591002,3.7588649003963717,4.427677364346625
LLAMA-33B,reduce,8,A6,0,0.0,12.686207528852123,12.686207528852123,16,3.0215594591027526,3.0592511443040187,3.0215594591027526,9.66464806974937
LLAMA-33B,reduce,8,A6,1,12.686207528852123,20.87274979359512,8.186542264742997,1,16.445072429248494,16.46236414591002,3.7588649003963717,4.427677364346625
LLAMA-33B,supervisor,8,A1,0,0.0,6.529075631669019,6.529075631669019,1,2.40758599042823,2.4236816662770453,2.40758599042823,4.121489641240789
LLAMA-33B,supervisor,8,A1,1,6.529075631669019,62.569627474608794,56.04055184293978,16,45.69080588224101,45.75667649008584,39.16173025057199,16.878821592367785
LLAMA-33B,supervisor,8,A1,2,62.569627474608794,71.43761463364152,8.867987159032722,1,67.02697114955933,67.0441963326065,4.457343674950536,4.410643484082186
LLAMA-33B,supervisor,8,A1,3,71.43761463364152,129.65368577617284,58.21607114253132,16,112.23057458691005,112.29857132599693,40.792959953268536,17.423111189262784
LLAMA-33B,supervisor,8,A2,0,0.0,14.835721336613961,14.835721336613961,1,14.835721336613961,2.8782216385659467,14.835721336613961,0.0
LLAMA-33B,supervisor,8,A2,1,14.835721336613961,162.42472147416368,147.5890001375497,16,162.42472147416368,0.0,147.5890001375497,0.0
LLAMA-33B,supervisor,8,A2,2,162.42472147416368,180.53051442236253,18.105792948198854,1,180.53051442236253,0.0,18.105792948198854,0.0
LLAMA-33B,supervisor,8,A2,3,180.53051442236253,336.21809094295054,155.687576520588,16,336.21809094295054,0.0,155.687576520588,0.0
LLAMA-33B,supervisor,8,A3,0,0.0,6.855779687537872,6.855779687537872,1,2.682403790054027,2.6987021091684698,2.682403790054027,4.1733758974838455
LLAMA-33B,supervisor,8,A3,1,6.855779687537872,24.633345925710472,17.7775662381726,16,7.697534336034618,7.763419302408997,0.841754648496746,16.935811589675854
LLAMA-33B,supervisor,8,A3,2,24.633345925710472,30.991512998302834,6.358167072592362,1,26.457956599800536,26.475663609408173,1.8246106740900636,4.533556398502299
LLAMA-33B,supervisor,8,A3,3,30.991512998302834,49.362672474841744,18.37115947653891,16,31.868861779695475,31.936913972268954,0.8773487813926408,17.49381069514627
LLAMA-33B,supervisor,8,A3a,0,0.0,6.855779687537872,6.855779687537872,1,2.682403790054027,2.6987021091684698,2.682403790054027,4.1733758974838455
LLAMA-33B,supervisor,8,A3a,1,6.855779687537872,24.531029791659396,17.675250104121524,16,7.697534336034618,7.76322310740939,0.841754648496746,16.833495455624778
LLAMA-33B,supervisor,8,A3a,2,24.531029791659396,30.887861914475806,6.35683212281641,1,26.35564046574946,26.373340328777285,1.8246106740900636,4.532221448726347
LLAMA-33B,supervisor,8,A3a,3,30.887861914475806,49.14560438144965,18.257742466973845,16,31.765210695868447,31.833035788440192,0.8773487813926408,17.380393685581204
LLAMA-33B,supervisor,8,A3b,0,0.0,6.8051427062926075,6.8051427062926075,1,2.682403790054027,2.698504340902839,2.682403790054027,4.12273891623858
LLAMA-33B,supervisor,8,A3b,1,6.8051427062926075,24.25893903816662,17.453796331874013,16,7.6468973547893535,7.711525174145674,0.841754648496746,16.612041683377267
LLAMA-33B,supervisor,8,A3b,2,24.25893903816662,30.533158728186606,6.2742196900199865,1,26.083549712256684,26.100928881884517,1.8246106740900636,4.449609015929923
LLAMA-33B,supervisor,8,A3b,3,30.533158728186606,48.56488899555329,18.031730267366683,16,31.410507509579247,31.47724192166874,0.8773487813926408,17.154381485974042
LLAMA-33B,supervisor,8,A4,0,0.0,6.803416288971013,6.803416288971013,1,2.681760247736363,2.6978565735851743,2.681760247736363,4.121656041234649
LLAMA-33B,supervisor,8,A4,1,6.803416288971013,24.143796926185846,17.340380637214835,16,7.634572561908618,7.699001177066856,0.831156272937605,16.50922436427723
LLAMA-33B,supervisor,8,A4,2,24.143796926185846,30.412361064379404,6.2685641381935575,1,25.967453235535075,25.984812233796198,1.8236563093492286,4.444907828844329
LLAMA-33B,supervisor,8,A4,3,30.412361064379404,48.316729998922995,17.90436893454359,16,31.27848860883187,31.34498370172137,0.8661275444524676,17.038241390091123
LLAMA-33B,supervisor,8,A4b,0,0.0,6.803416288971013,6.803416288971013,1,2.681760247736363,2.6978565735851743,2.681760247736363,4.121656041234649
LLAMA-33B,supervisor,8,A4b,1,6.803416288971013,24.143796926185846,17.340380637214835,16,7.634572561908618,7.699001177066856,0.831156272937605,16.50922436427723
LLAMA-33B,supervisor,8,A4b,2,24.143796926185846,30.412361064379404,6.2685641381935575,1,25.967453235535075,25.984812233796198,1.8236563093492286,4.444907828844329
LLAMA-33B,supervisor,8,A4b,3,30.412361064379404,48.316729998922995,17.90436893454359,16,31.27848860883187,31.34498370172137,0.8661275444524676,17.038241390091123
LLAMA-33B,supervisor,8,A5,0,0.0,6.803416288971013,6.803416288971013,1,2.681760247736363,2.6978565735851743,2.681760247736363,4.121656041234649
LLAMA-33B,supervisor,8,A5,1,6.803416288971013,17.44357547742647,10.640159188455458,16,7.246551162175821,7.286322745894088,0.4431348732048086,10.19702431525065
LLAMA-33B,supervisor,8,A5,2,17.44357547742647,25.676366612956873,8.232791135530402,1,21.231458784112544,21.248817782373667,3.787883306686073,4.444907828844329
LLAMA-33B,supervisor,8,A5,3,25.676366612956873,36.85556468224505,11.17919806928818,16,26.129523342804973,26.17136140425578,0.45315672984810007,10.72604133944008
LLAMA-33B,supervisor,8,A6,0,0.0,6.803416288971013,6.803416288971013,1,2.681760247736363,2.6978565735851743,2.681760247736363,4.121656041234649
LLAMA-33B,supervisor,8,A6,1,6.803416288971013,17.44357547742647,10.640159188455458,16,7.246551162175821,7.286322745894088,0.4431348732048086,10.19702431525065
LLAMA-33B,supervisor,8,A6,2,17.44357547742647,25.676366612956873,8.232791135530402,1,21.231458784112544,21.248817782373667,3.787883306686073,4.444907828844329
LLAMA-33B,supervisor,8,A6,3,25.676366612956873,36.85556468224505,11.17919806928818,16,26.129523342804973,26.17136140425578,0.45315672984810007,10.72604133944008
LLAMA-65B,C-hi,8,A1,0,0.0,72.22489211028869,72.22489211028869,16,56.47320334827041,56.53470569850638,56.47320334827041,15.751688762018283
LLAMA-65B,C-hi,8,A1,1,72.22489211028869,169.52285539004177,97.29796327975308,16,151.83591481496504,151.9049767425852,79.61102270467634,17.686940575076733
LLAMA-65B,C-hi,8,A2,0,0.0,202.23494543788607,202.23494543788607,16,202.23494543788607,11.602119329500077,202.23494543788607,0.0
LLAMA-65B,C-hi,8,A2,1,202.23494543788607,448.57105333583894,246.33610789795287,16,448.57105333583894,0.0,246.33610789795287,0.0
LLAMA-65B,C-hi,8,A3,0,0.0,25.666614592117163,25.666614592117163,16,10.11403935783349,10.174758353290862,10.11403935783349,15.552575234283673
LLAMA-65B,C-hi,8,A3,1,25.666614592117163,58.94622355916048,33.279608967043316,16,35.890659784577316,35.9805000164291,10.224045192460153,23.055563774583163
LLAMA-65B,C-hi,8,A3a,0,0.0,25.666614592117163,25.666614592117163,16,10.11403935783349,10.174758353290862,10.11403935783349,15.552575234283673
LLAMA-65B,C-hi,8,A3a,1,25.666614592117163,53.8863331478247,28.219718555707537,16,35.890659784577316,35.96092716563603,10.224045192460153,17.995673363247384
LLAMA-65B,C-hi,8,A3b,0,0.0,25.33291223430962,25.33291223430962,16,10.11403935783349,10.173454880309045,10.11403935783349,15.21887287647613
LLAMA-65B,C-hi,8,A3b,1,25.33291223430962,57.94962268684222,32.6167104525326,16,35.5569574267698,35.64421464398512,10.224045192460178,22.39266526007242
LLAMA-65B,C-hi,8,A4,0,0.0,25.387634007290075,25.387634007290075,16,10.087022745760043,10.146759132632559,10.087022745760043,15.300611261530031
LLAMA-65B,C-hi,8,A4,1,25.387634007290075,53.22564545164547,27.838011444355395,16,35.57894734794948,35.64785288792003,10.191313340659406,17.64669810369599
LLAMA-65B,C-hi,8,A4b,0,0.0,25.387634007290075,25.387634007290075,16,10.087022745760043,10.146759132632559,10.087022745760043,15.300611261530031
LLAMA-65B,C-hi,8,A4b,1,25.387634007290075,53.22564545164547,27.838011444355395,16,35.57894734794948,35.64785288792003,10.191313340659406,17.64669810369599
LLAMA-65B,C-hi,8,A5,0,0.0,19.111397831287302,19.111397831287302,16,9.427237744489736,9.465034868963278,9.427237744489736,9.684160086797567
LLAMA-65B,C-hi,8,A5,1,19.111397831287302,38.99715318998648,19.885755358699175,16,27.724501927778842,27.768508847273157,8.61310409649154,11.272651262207635
LLAMA-65B,C-hi,8,A6,0,0.0,19.111397831287302,19.111397831287302,16,9.427237744489736,9.465034868963278,9.427237744489736,9.684160086797567
LLAMA-65B,C-hi,8,A6,1,19.111397831287302,38.99715318998648,19.885755358699175,16,27.724501927778842,27.768508847273157,8.61310409649154,11.272651262207635
LLAMA-65B,C-lo,8,A1,0,0.0,19.095828983247667,19.095828983247667,16,9.1007132807792,9.13972982493392,9.1007132807792,9.995115702468468
LLAMA-65B,C-lo,8,A1,1,19.095828983247667,52.154883402039275,33.059054418791604,16,40.27369835855433,40.320081553630814,21.17786937530666,11.881185043484948
LLAMA-65B,C-lo,8,A2,0,0.0,58.45734828324758,58.45734828324758,16,58.45734828324758,1.6414789220283588,58.45734828324758,0.0
LLAMA-65B,C-lo,8,A2,1,58.45734828324758,163.19257856160846,104.73523027836087,16,163.19257856160846,0.0,104.73523027836087,0.0
LLAMA-65B,C-lo,8,A3,0,0.0,11.336868408309078,11.336868408309078,16,1.3785629119490623,1.4174292912430404,1.3785629119490623,9.958305496360015
LLAMA-65B,C-lo,8,A3,1,11.336868408309078,27.8833556680799,16.54648725977082,16,14.277054298737403,14.330065589154161,2.9401858904283245,13.606301369342498
LLAMA-65B,C-lo,8,A3a,0,0.0,11.336868408309078,11.336868408309078,16,1.3785629119490623,1.4174292912430404,1.3785629119490623,9.958305496360015
LLAMA-65B,C-lo,8,A3a,1,11.336868408309078,26.29123506790784,14.954366659598763,16,14.277054298737403,14.323931706874312,2.9401858904283245,12.014180769170439
LLAMA-65B,C-lo,8,A3b,0,0.0,11.388704507419178,11.388704507419178,16,1.3785629119490623,1.4176318278631912,1.3785629119490623,10.010141595470115
LLAMA-65B,C-lo,8,A3b,1,11.388704507419178,27.824926231108915,16.436221723689737,16,14.328890397847502,14.381476018644744,2.9401858904283245,13.496035833261413
LLAMA-65B,C-lo,8,A4,0,0.0,11.3789233665624,11.3789233665624,16,1.3714778638252827,1.410537826935257,1.3714778638252827,10.007445502737118
LLAMA-65B,C-lo,8,A4,1,11.3789233665624,26.324462665280148,14.945539298717748,16,14.30568610777102,14.352607584160465,2.92676274120862,12.018776557509128
LLAMA-65B,C-lo,8,A4b,0,0.0,11.3789233665624,11.3789233665624,16,1.3714778638252827,1.410537826935257,1.3714778638252827,10.007445502737118
LLAMA-65B,C-lo,8,A4b,1,11.3789233665624,26.324462665280148,14.945539298717748,16,14.30568610777102,14.352607584160465,2.92676274120862,12.018776557509128
LLAMA-65B,C-lo,8,A5,0,0.0,9.81202019987295,9.81202019987295,16,1.2086402435253694,1.2422155755952746,1.2086402435253694,8.603379956347581
LLAMA-65B,C-lo,8,A5,1,9.81202019987295,22.44804337876904,12.636023178896089,16,12.507583693887158,12.546386744996514,2.6955634940142073,9.940459684881882
LLAMA-65B,C-lo,8,A6,0,0.0,9.81202019987295,9.81202019987295,16,1.2086402435253694,1.2422155755952746,1.2086402435253694,8.603379956347581
LLAMA-65B,C-lo,8,A6,1,9.81202019987295,22.44804337876904,12.636023178896089,16,12.507583693887158,12.546386744996514,2.6955634940142073,9.940459684881882
LLAMA-65B,D-hi,8,A1,0,0.0,33.343748348203015,33.343748348203015,16,21.462563318535874,21.50894651355154,21.462563318535874,11.88118502966714
LLAMA-65B,D-hi,8,A1,1,33.343748348203015,83.47735474049165,50.133606392288634,16,69.66091785741133,69.71486062998571,36.31716950920832,13.816436883080314
LLAMA-65B,D-hi,8,A1,2,83.47735474049165,134.02042760708989,50.54307286659824,16,120.08303745434914,120.13745270052623,36.60568271385749,13.937390152740747
LLAMA-65B,D-hi,8,A1,3,134.02042760708989,184.9639688034933,50.9435411964034,16,170.90562537672503,170.96051309673675,36.88519776963514,14.05834342676826
LLAMA-65B,D-hi,8,A2,0,0.0,105.385228527157,105.385228527157,16,105.385228527157,3.9637069168787944,105.385228527157,0.0
LLAMA-65B,D-hi,8,A2,1,105.385228527157,256.78530707921846,151.40007855206147,16,256.78530707921846,0.0,151.40007855206147,0.0
LLAMA-65B,D-hi,8,A2,2,256.78530707921846,411.0606056279663,154.27529854874786,16,411.0606056279663,0.0,154.27529854874786,0.0
LLAMA-65B,D-hi,8,A2,3,411.0606056279663,568.2111241735349,157.15051854556862,16,568.2111241735349,0.0,157.15051854556862,0.0
LLAMA-65B,D-hi,8,A3,0,0.0,15.213777827399111,15.213777827399111,16,3.386144499738361,3.4323129408726696,3.386144499738361,11.82763332766075
LLAMA-65B,D-hi,8,A3,1,15.213777827399111,36.8126684436998,21.598890616300686,16,20.04647255232454,20.111840877221137,4.83269472492543,16.766195891375258
LLAMA-65B,D-hi,8,A3,2,36.8126684436998,58.645510528223596,21.832842084523797,16,41.72224204285401,41.78808690175024,4.909573599154214,16.923268485369583
LLAMA-65B,D-hi,8,A3,3,58.645510528223596,80.66150227994993,22.015991751726332,16,63.63196300170107,63.698367344558946,4.9864524734774704,17.029539278248862
LLAMA-65B,D-hi,8,A3a,0,0.0,15.213777827399111,15.213777827399111,16,3.386144499738361,3.4323129408726696,3.386144499738361,11.82763332766075
LLAMA-65B,D-hi,8,A3a,1,15.213777827399111,34.16864370381332,18.95486587641421,16,20.04647255232454,20.10160954958021,4.83269472492543,14.122171151488782
LLAMA-65B,D-hi,8,A3a,2,34.16864370381332,53.321780505131834,19.15313680131851,16,39.07821730296754,39.13382797382672,4.909573599154214,14.243563202164296
LLAMA-65B,D-hi,8,A3a,3,53.321780505131834,72.67478222853616,19.353001723404326,16,58.308232978609304,58.364325081949744,4.9864524734774704,14.366549249926855
LLAMA-65B,D-hi,8,A3b,0,0.0,15.25852682232043,15.25852682232043,16,3.386144499738361,3.43248779349323,3.386144499738361,11.87238232258207
LLAMA-65B,D-hi,8,A3b,1,15.25852682232043,36.74415533400864,21.48562851168821,16,20.09122154724583,20.156151075568452,4.8326947249254,16.65293378676281
LLAMA-65B,D-hi,8,A3b,2,36.74415533400864,58.43773154992609,21.693576215917453,16,41.65372893316285,41.71912207629505,4.909573599154214,16.78400261676324
LLAMA-65B,D-hi,8,A3b,3,58.43773154992609,80.29685184576725,21.85912029584116,16,63.42418402340356,63.489956642976345,4.9864524734774704,16.872667822363688
LLAMA-65B,D-hi,8,A4,0,0.0,15.188739983389134,15.188739983389134,16,3.3724155969645007,3.418541508155396,3.3724155969645007,11.816324386424633
LLAMA-65B,D-hi,8,A4,1,15.188739983389134,33.76157879044318,18.572838807054048,16,20.001575324889508,20.055296063343157,4.812835341500374,13.760003465553673
LLAMA-65B,D-hi,8,A4,2,33.76157879044318,52.5265203963809,18.76494160593772,16,38.65087776534493,38.705048281888146,4.889298974901749,13.875642631035973
LLAMA-65B,D-hi,8,A4,3,52.5265203963809,71.48354425347814,18.95702385709724,16,57.492283004686925,57.54690954431276,4.965762608306022,13.991261248791218
LLAMA-65B,D-hi,8,A4b,0,0.0,15.188739983389134,15.188739983389134,16,3.3724155969645007,3.418541508155396,3.3724155969645007,11.816324386424633
LLAMA-65B,D-hi,8,A4b,1,15.188739983389134,33.76157879044318,18.572838807054048,16,20.001575324889508,20.055296063343157,4.812835341500374,13.760003465553673
LLAMA-65B,D-hi,8,A4b,2,33.76157879044318,52.5265203963809,18.76494160593772,16,38.65087776534493,38.705048281888146,4.889298974901749,13.875642631035973
LLAMA-65B,D-hi,8,A4b,3,52.5265203963809,71.48354425347814,18.95702385709724,16,57.492283004686925,57.54690954431276,4.965762608306022,13.991261248791218
LLAMA-65B,D-hi,8,A5,0,0.0,11.997367874768349,11.997367874768349,16,3.043383052069369,3.0783279493400992,3.043383052069369,8.95398482269898
LLAMA-65B,D-hi,8,A5,1,11.997367874768349,26.69601965193576,14.698651777167411,16,16.27923937966789,16.319900652523007,4.28187150489954,10.416780272267872
LLAMA-65B,D-hi,8,A5,2,26.69601965193576,41.5627695541312,14.86674990219544,16,31.03035011702297,31.071461167964472,4.334330465087209,10.532419437108231
LLAMA-65B,D-hi,8,A5,3,41.5627695541312,56.596769566559374,15.034000012428173,16,45.948731494922754,45.99029856894722,4.385961940791553,10.64803807163662
LLAMA-65B,D-hi,8,A6,0,0.0,11.997367874768349,11.997367874768349,16,3.043383052069369,3.0783279493400992,3.043383052069369,8.95398482269898
LLAMA-65B,D-hi,8,A6,1,11.997367874768349,26.69601965193576,14.698651777167411,16,16.27923937966789,16.319900652523007,4.28187150489954,10.416780272267872
LLAMA-65B,D-hi,8,A6,2,26.69601965193576,41.5627695541312,14.86674990219544,16,31.03035011702297,31.071461167964472,4.334330465087209,10.532419437108231
LLAMA-65B,D-hi,8,A6,3,41.5627695541312,56.596769566559374,15.034000012428173,16,45.948731494922754,45.99029856894722,4.385961940791553,10.64803807163662
LLAMA-65B,D-lo,8,A1,0,0.0,33.34482230284424,33.34482230284424,16,21.463637273175845,21.51002046819151,21.463637273175845,11.881185029668398
LLAMA-65B,D-lo,8,A2,0,0.0,105.385228527157,105.385228527157,16,105.385228527157,3.9637069168787944,105.385228527157,0.0
LLAMA-65B,D-lo,8,A3,0,0.0,15.213752227398496,15.213752227398496,16,3.386144499738361,3.43231284087267,3.386144499738361,11.827607727660135
LLAMA-65B,D-lo,8,A3a,0,0.0,15.213752227398496,15.213752227398496,16,3.386144499738361,3.43231284087267,3.386144499738361,11.827607727660135
LLAMA-65B,D-lo,8,A3b,0,0.0,15.25850122231981,15.25850122231981,16,3.386144499738361,3.4324876934932305,3.386144499738361,11.872356722581449
LLAMA-65B,D-lo,8,A4,0,0.0,15.187427218389093,15.187427218389093,16,3.3724155969645007,3.4185407181554006,3.3724155969645007,11.815011621424592
LLAMA-65B,D-lo,8,A4b,0,0.0,15.187427218389093,15.187427218389093,16,3.3724155969645007,3.4185407181554006,3.3724155969645007,11.815011621424592
LLAMA-65B,D-lo,8,A5,0,0.0,11.99604405978841,11.99604405978841,16,3.0433720020694364,3.078316109340171,3.0433720020694364,8.952672057718974
LLAMA-65B,D-lo,8,A6,0,0.0,11.99604405978841,11.99604405978841,16,3.0433720020694364,3.078316109340171,3.0433720020694364,8.952672057718974
LLAMA-65B,N-hi,8,A2,0,0.0,412.8087596199,412.8087596199,64,412.8087596199,7.122699393321235,412.8087596199,0.0
LLAMA-65B,N-hi,8,A2,1,412.8087596199,1580.6750111898468,1167.8662515699468,64,1580.6750111898468,0.0,1167.8662515699468,0.0
LLAMA-65B,N-lo,8,A1,0,0.0,10.27026426414208,10.27026426414208,4,5.3649848630218715,5.384139189680124,5.3649848630218715,4.905279401120208
LLAMA-65B,N-lo,8,A1,1,10.27026426414208,21.455575291904243,11.185311027762163,4,16.42934264985084,16.448969450108823,6.159078385708762,5.026232642053401
LLAMA-65B,N-lo,8,A2,0,0.0,30.464228753728857,30.464228753728857,4,30.464228753728857,3.1815213035531125,30.464228753728857,0.0
LLAMA-65B,N-lo,8,A2,1,30.464228753728857,61.547204104649865,31.082975350921007,4,61.547204104649865,0.0,31.082975350921007,0.0
LLAMA-65B,N-lo,8,A3,0,0.0,7.781549542153017,7.781549542153017,4,2.8794581520699976,2.898598633674968,2.8794581520699976,4.902091390083019
LLAMA-65B,N-lo,8,A3,1,7.781549542153017,14.127978056398454,6.346428514245438,4,8.682717715756688,8.70389090856223,0.9011681736036712,5.445260340641767
LLAMA-65B,N-lo,8,A3a,0,0.0,7.781549542153017,7.781549542153017,4,2.8794581520699976,2.898598633674968,2.8794581520699976,4.902091390083019
LLAMA-65B,N-lo,8,A3a,1,7.781549542153017,13.775042939621379,5.993493397468362,4,8.682717715756688,8.702602690162436,0.9011681736036712,5.092325223864691
LLAMA-65B,N-lo,8,A3b,0,0.0,7.739591385567183,7.739591385567183,4,2.8794581520699976,2.8984347475902115,2.8794581520699976,4.860133233497185
LLAMA-65B,N-lo,8,A3b,1,7.739591385567183,14.045994495417542,6.306403109850359,4,8.640759559170785,8.661779424638656,0.9011681736036019,5.405234936246757
LLAMA-65B,N-lo,8,A4,0,0.0,7.731582756412239,7.731582756412239,4,2.876025926376385,2.8949854421955963,2.876025926376385,4.855556830035853
LLAMA-65B,N-lo,8,A4,1,7.731582756412239,13.664492962948627,5.932910206536388,4,8.629012950754229,8.648676088378746,0.8974301943419896,5.035480012194398
LLAMA-65B,N-lo,8,A4b,0,0.0,7.731582756412239,7.731582756412239,4,2.876025926376385,2.8949854421955963,2.876025926376385,4.855556830035853
LLAMA-65B,N-lo,8,A4b,1,7.731582756412239,13.664492962948627,5.932910206536388,4,8.629012950754229,8.648676088378746,0.8974301943419896,5.035480012194398
LLAMA-65B,N-lo,8,A5,0,0.0,7.092665070572417,7.092665070572417,4,2.810218717397363,2.826939520416261,2.810218717397363,4.282446353175054
LLAMA-65B,N-lo,8,A5,1,7.092665070572417,12.411012278568775,5.318347207996358,4,7.93147620224525,7.9489676838699115,0.8388111316728333,4.479536076323525
LLAMA-65B,N-lo,8,A6,0,0.0,7.092665070572417,7.092665070572417,4,2.810218717397363,2.826939520416261,2.810218717397363,4.282446353175054
LLAMA-65B,N-lo,8,A6,1,7.092665070572417,12.411012278568775,5.318347207996358,4,7.93147620224525,7.9489676838699115,0.8388111316728333,4.479536076323525
LLAMA-65B,baseline,8,A1,0,0.0,33.34423406859751,33.34423406859751,16,21.46304903892987,21.509432233945535,21.46304903892987,11.881185029667638
LLAMA-65B,baseline,8,A1,1,33.34423406859751,83.4741775708521,50.1299435022546,16,69.65774068777179,69.71168346034617,36.313506619174284,13.816436883080314
LLAMA-65B,baseline,8,A2,0,0.0,105.385228527157,105.385228527157,16,105.385228527157,3.9637069168787944,105.385228527157,0.0
LLAMA-65B,baseline,8,A2,1,105.385228527157,256.78530707921846,151.40007855206147,16,256.78530707921846,0.0,151.40007855206147,0.0
LLAMA-65B,baseline,8,A3,0,0.0,15.213772707399174,15.213772707399174,16,3.386144499738361,3.4323129208726697,3.386144499738361,11.827628207660814
LLAMA-65B,baseline,8,A3,1,15.213772707399174,36.812654348703425,21.598881641304253,16,20.046467432324604,20.11183570722122,4.83269472492543,16.76618691637882
LLAMA-65B,baseline,8,A3a,0,0.0,15.213772707399174,15.213772707399174,16,3.386144499738361,3.4323129208726697,3.386144499738361,11.827628207660814
LLAMA-65B,baseline,8,A3a,1,15.213772707399174,34.168623208811844,18.954850501412672,16,20.046467432324604,20.101604354580267,4.83269472492543,14.12215577648724
LLAMA-65B,baseline,8,A3b,0,0.0,15.258521702320495,15.258521702320495,16,3.386144499738361,3.43248777349323,3.386144499738361,11.872377202582134
LLAMA-65B,baseline,8,A3b,1,15.258521702320495,36.74414123901229,21.4856195366918,16,20.091216427245897,20.15614590556854,4.8326947249254015,16.652924811766397
LLAMA-65B,baseline,8,A4,0,0.0,15.188746368389245,15.188746368389245,16,3.3724155969645007,3.4185415181553958,3.3724155969645007,11.816330771424743
LLAMA-65B,baseline,8,A4,1,15.188746368389245,33.759921025395045,18.5711746570058,16,20.001581709889617,20.055298348342927,4.812835341500373,13.758339315505427
LLAMA-65B,baseline,8,A4b,0,0.0,15.188746368389245,15.188746368389245,16,3.3724155969645007,3.4185415181553958,3.3724155969645007,11.816330771424743
LLAMA-65B,baseline,8,A4b,1,15.188746368389245,33.759921025395045,18.5711746570058,16,20.001581709889617,20.055298348342927,4.812835341500373,13.758339315505427
LLAMA-65B,baseline,8,A5,0,0.0,11.99737440976831,11.99737440976831,16,3.0433832020693683,3.0783281093400983,3.0433832020693683,8.953991207698943
LLAMA-65B,baseline,8,A5,1,11.99737440976831,26.693755771801086,14.696381362032776,16,16.278639649670907,16.319296822525686,4.281265239902597,10.41511612213018
LLAMA-65B,baseline,8,A6,0,0.0,11.99737440976831,11.99737440976831,16,3.0433832020693683,3.0783281093400983,3.0433832020693683,8.953991207698943
LLAMA-65B,baseline,8,A6,1,11.99737440976831,26.693755771801086,14.696381362032776,16,16.278639649670907,16.319296822525686,4.281265239902597,10.41511612213018
LLAMA-65B,broadcast,8,A1,0,0.0,5.470163023810337,5.470163023810337,1,1.3413684594559507,1.3574948329731287,1.3413684594559507,4.128794564354386
LLAMA-65B,broadcast,8,A1,1,5.470163023810337,39.342124492179344,33.87196146836901,16,27.339986213872816,27.386841882491193,21.86982319006248,12.002138278306528
LLAMA-65B,broadcast,8,A2,0,0.0,12.701420310268334,12.701420310268334,1,12.701420310268334,2.9897561531139933,12.701420310268334,0.0
LLAMA-65B,broadcast,8,A2,1,12.701420310268334,118.01828142710818,105.31686111683985,16,118.01828142710818,0.0,105.31686111683985,0.0
LLAMA-65B,broadcast,8,A3,0,0.0,6.910822954921127,6.910822954921127,1,2.7527865651529067,2.7690271451512944,2.7527865651529067,4.15803638976822
LLAMA-65B,broadcast,8,A3,1,6.910822954921127,19.790096850571373,12.879273895650247,16,7.630484368615665,7.677858361469066,0.7196614136945385,12.159612481955708
LLAMA-65B,broadcast,8,A3a,0,0.0,6.910822954921127,6.910822954921127,1,2.7527865651529067,2.7690271451512944,2.7527865651529067,4.15803638976822
LLAMA-65B,broadcast,8,A3a,1,6.910822954921127,19.699977324358873,12.789154369437746,16,7.630484368615665,7.677596766469589,0.7196614136945385,12.069492955743208
LLAMA-65B,broadcast,8,A3b,0,0.0,6.88323488446186,6.88323488446186,1,2.7527865651529067,2.7689193936701346,2.7527865651529067,4.130448319308954
LLAMA-65B,broadcast,8,A3b,1,6.88323488446186,19.802351516513575,12.919116632051715,16,7.602896298156399,7.650429593077656,0.7196614136945385,12.199455218357176
LLAMA-65B,broadcast,8,A4,0,0.0,6.8814060489819155,6.8814060489819155,1,2.7519285087293563,2.768057550121283,2.7519285087293563,4.129477540252559
LLAMA-65B,broadcast,8,A4,1,6.8814060489819155,19.63789102670319,12.756484977721275,16,7.586936295264266,7.633983477621857,0.7055302462823505,12.050954731438924
LLAMA-65B,broadcast,8,A4b,0,0.0,6.8814060489819155,6.8814060489819155,1,2.7519285087293563,2.768057550121283,2.7519285087293563,4.129477540252559
LLAMA-65B,broadcast,8,A4b,1,6.8814060489819155,19.63789102670319,12.756484977721275,16,7.586936295264266,7.633983477621857,0.7055302462823505,12.050954731438924
LLAMA-65B,broadcast,8,A5,0,0.0,6.8814060489819155,6.8814060489819155,1,2.7519285087293563,2.768057550121283,2.7519285087293563,4.129477540252559
LLAMA-65B,broadcast,8,A5,1,6.8814060489819155,16.421020564091453,9.539614515109538,16,7.232405396940254,7.26827156537832,0.3509993479583384,9.188615167151198
LLAMA-65B,broadcast,8,A6,0,0.0,6.8814060489819155,6.8814060489819155,1,2.7519285087293563,2.768057550121283,2.7519285087293563,4.129477540252559
LLAMA-65B,broadcast,8,A6,1,6.8814060489819155,16.421020564091453,9.539614515109538,16,7.232405396940254,7.26827156537832,0.3509993479583384,9.188615167151198
LLAMA-65B,k-hi,32,A1,0,0.0,33.34423406859751,33.34423406859751,16,21.46304903892987,21.509432233945535,21.46304903892987,11.881185029667638
LLAMA-65B,k-hi,32,A1,1,33.34423406859751,83.4741775708521,50.1299435022546,16,69.65774068777179,69.71168346034617,36.313506619174284,13.816436883080314
LLAMA-65B,k-hi,32,A2,0,0.0,105.385228527157,105.385228527157,16,105.385228527157,3.9637069168787944,105.385228527157,0.0
LLAMA-65B,k-hi,32,A2,1,105.385228527157,263.8759644376246,158.4907359104676,16,263.8759644376246,0.0,158.4907359104676,0.0
LLAMA-65B,k-hi,32,A3,0,0.0,15.213754787398544,15.213754787398544,16,3.386144499738361,3.43231285087267,3.386144499738361,11.827610287660184
LLAMA-65B,k-hi,32,A3,1,15.213754787398544,45.78040965468046,30.56665486728192,16,27.145403728307183,27.217929898884307,11.931648940908639,18.635005926373278
LLAMA-65B,k-hi,32,A3a,0,0.0,15.213754787398544,15.213754787398544,16,3.386144499738361,3.43231285087267,3.386144499738361,11.827610287660184
LLAMA-65B,k-hi,32,A3a,1,15.213754787398544,41.68337341784289,26.469618630444344,16,27.145403728307183,27.20216494856309,11.931648940908639,14.537969689535704
LLAMA-65B,k-hi,32,A3b,0,0.0,15.25850378231986,15.25850378231986,16,3.386144499738361,3.4324877034932304,3.386144499738361,11.872359282581499
LLAMA-65B,k-hi,32,A3b,1,15.25850378231986,45.429176302545144,30.170672520225285,16,27.190152723228564,27.26113730154157,11.931648940908705,18.23902357931658
LLAMA-65B,k-hi,32,A4,0,0.0,15.188746368389245,15.188746368389245,16,3.3724155969645007,3.4185415181553958,3.3724155969645007,11.816330771424743
LLAMA-65B,k-hi,32,A4,1,15.188746368389245,41.276239491990836,26.08749312360159,16,27.10207604796882,27.15741699942493,11.913329679579574,14.174163444022017
LLAMA-65B,k-hi,32,A4b,0,0.0,15.188746368389245,15.188746368389245,16,3.3724155969645007,3.4185415181553958,3.3724155969645007,11.816330771424743
LLAMA-65B,k-hi,32,A4b,1,15.188746368389245,41.276239491990836,26.08749312360159,16,27.10207604796882,27.15741699942493,11.913329679579574,14.174163444022017
LLAMA-65B,k-hi,32,A5,0,0.0,11.99737440976831,11.99737440976831,16,3.0433832020693683,3.0783281093400983,3.0433832020693683,8.953991207698943
LLAMA-65B,k-hi,32,A5,1,11.99737440976831,34.18233969997615,22.184965290207835,16,23.351399449336945,23.393680935194528,11.354025039568635,10.830940250639202
LLAMA-65B,k-hi,32,A6,0,0.0,11.99737440976831,11.99737440976831,16,3.0433832020693683,3.0783281093400983,3.0433832020693683,8.953991207698943
LLAMA-65B,k-hi,32,A6,1,11.99737440976831,34.18233969997615,22.184965290207835,16,23.351399449336945,23.393680935194528,11.354025039568635,10.830940250639202
LLAMA-65B,k-lo,2,A1,0,0.0,33.34423406859751,33.34423406859751,16,21.46304903892987,21.509432233945535,21.46304903892987,11.881185029667638
LLAMA-65B,k-lo,2,A1,1,33.34423406859751,83.4741775708521,50.1299435022546,16,69.65774068777179,69.71168346034617,36.313506619174284,13.816436883080314
LLAMA-65B,k-lo,2,A2,0,0.0,105.385228527157,105.385228527157,16,105.385228527157,3.9637069168787944,105.385228527157,0.0
LLAMA-65B,k-lo,2,A2,1,105.385228527157,255.17916727002768,149.7939387428707,16,255.17916727002768,0.0,149.7939387428707,0.0
LLAMA-65B,k-lo,2,A3,0,0.0,15.213762467398833,15.213762467398833,16,3.386144499738361,3.43231288087267,3.386144499738361,11.827617967660473
LLAMA-65B,k-lo,2,A3,1,15.213762467398833,33.35819374383831,18.144431276439473,16,18.438243168698612,18.49633209343458,3.224480701299779,14.919950575139694
LLAMA-65B,k-lo,2,A3a,0,0.0,15.213762467398833,15.213762467398833,16,3.386144499738361,3.43231288087267,3.386144499738361,11.827617967660473
LLAMA-65B,k-lo,2,A3a,1,15.213762467398833,32.33552879799817,17.12176633059934,16,18.438243168698612,18.492476455194314,3.224480701299779,13.89728562929956
LLAMA-65B,k-lo,2,A3b,0,0.0,15.258511462320154,15.258511462320154,16,3.386144499738361,3.43248773349323,3.386144499738361,11.872366962581793
LLAMA-65B,k-lo,2,A3b,1,15.258511462320154,33.15369483541606,17.895183373095907,16,18.482992163620036,18.540113795092278,3.224480701299882,14.670702671796025
LLAMA-65B,k-lo,2,A4,0,0.0,15.188746368389245,15.188746368389245,16,3.3724155969645007,3.4185415181553958,3.3724155969645007,11.816330771424743
LLAMA-65B,k-lo,2,A4,1,15.188746368389245,32.03388501334367,16.845138644954424,16,18.39298265577591,18.446240556112873,3.2042362873866654,13.64090235756776
LLAMA-65B,k-lo,2,A4b,0,0.0,15.188746368389245,15.188746368389245,16,3.3724155969645007,3.4185415181553958,3.3724155969645007,11.816330771424743
LLAMA-65B,k-lo,2,A4b,1,15.188746368389245,32.03388501334367,16.845138644954424,16,18.39298265577591,18.446240556112873,3.2042362873866654,13.64090235756776
LLAMA-65B,k-lo,2,A5,0,0.0,11.99737440976831,11.99737440976831,16,3.0433832020693683,3.0783281093400983,3.0433832020693683,8.953991207698943
LLAMA-65B,k-lo,2,A5,1,11.99737440976831,24.893107698639923,12.895733288871613,16,14.595428535279373,14.635626969989627,2.5980541255110623,10.29767916336055
LLAMA-65B,k-lo,2,A6,0,0.0,11.99737440976831,11.99737440976831,16,3.0433832020693683,3.0783281093400983,3.0433832020693683,8.953991207698943
LLAMA-65B,k-lo,2,A6,1,11.99737440976831,24.893107698639923,12.895733288871613,16,14.595428535279373,14.635626969989627,2.5980541255110623,10.29767916336055
LLAMA-65B,pipeline,8,A1,0,0.0,5.470726036394322,5.470726036394322,1,1.341931472039951,1.3580578455571288,1.341931472039951,4.128794564354371
LLAMA-65B,pipeline,8,A1,1,5.470726036394322,10.973989231946744,5.503263195552422,1,6.8376350898342535,6.853790992950908,1.3669090534399313,4.1363541421124905
LLAMA-65B,pipeline,8,A1,2,10.973989231946744,16.497021730366992,5.523032498420248,1,12.35310801060052,12.369293443318552,1.3791187786537762,4.143913719766472
LLAMA-65B,pipeline,8,A1,3,16.497021730366992,22.039942317152445,5.542920586785453,1,17.888469020126813,17.90468398244331,1.391447289759821,4.151473297025632
LLAMA-65B,pipeline,8,A2,0,0.0,12.701420310268334,12.701420310268334,1,12.701420310268334,2.9897561531139933,12.701420310268334,0.0
LLAMA-65B,pipeline,8,A2,1,12.701420310268334,22.669769379705958,9.968349069437624,1,22.669769379705958,0.0,9.968349069437624,0.0
LLAMA-65B,pipeline,8,A2,2,22.669769379705958,32.813868712569615,10.144099332863657,1,32.813868712569615,0.0,10.144099332863657,0.0
LLAMA-65B,pipeline,8,A2,3,32.813868712569615,43.13371830885852,10.319849596288904,1,43.13371830885852,0.0,10.319849596288904,0.0
LLAMA-65B,pipeline,8,A3,0,0.0,6.910812719921155,6.910812719921155,1,2.7527865651529067,2.769027110151294,2.7527865651529067,4.1580261547682476
LLAMA-65B,pipeline,8,A3,1,6.910812719921155,11.12944889516392,4.218636175242765,1,6.955791558277063,6.972094093070419,0.04497883835590866,4.173657336886857
LLAMA-65B,pipeline,8,A3,2,11.12944889516392,15.356561587772084,4.227112692608165,1,11.175281676791052,11.19161398726457,0.04583278162713178,4.181279910981033
LLAMA-65B,pipeline,8,A3,3,15.356561587772084,19.59204839773301,4.235486809960925,1,15.403248312669374,15.41960999882302,0.04668672489728998,4.188800085063635
LLAMA-65B,pipeline,8,A3a,0,0.0,6.910812719921155,6.910812719921155,1,2.7527865651529067,2.769027110151294,2.7527865651529067,4.1580261547682476
LLAMA-65B,pipeline,8,A3a,1,6.910812719921155,11.128867900609052,4.218055180687897,1,6.955791558277063,6.972090893070439,0.04497883835590866,4.1730763423319885
LLAMA-65B,pipeline,8,A3a,2,11.128867900609052,15.35539959866235,4.226531698053298,1,11.174700682236184,11.191029792709722,0.04583278162713178,4.1806989164261665
LLAMA-65B,pipeline,8,A3a,3,15.35539959866235,19.5904078140729,4.23500821541055,1,15.40208632355964,15.418445209713198,0.04668672489728998,4.18832149051326
LLAMA-65B,pipeline,8,A3b,0,0.0,6.883224649461888,6.883224649461888,1,2.7527865651529067,2.7689193586701344,2.7527865651529067,4.130438084308981
LLAMA-65B,pipeline,8,A3b,1,6.883224649461888,11.07421172657362,4.190987077111733,1,6.928203487817797,6.944398025049539,0.04497883835590866,4.146008238755824
LLAMA-65B,pipeline,8,A3b,2,11.07421172657362,15.273612324643668,4.1994005980700475,1,11.120044508200753,11.136268575033732,0.04583278162713178,4.153567816442916
LLAMA-65B,pipeline,8,A3b,3,15.273612324643668,19.481324043315364,4.207711718671696,1,15.320299049540958,15.336552245974072,0.04668672489728998,4.161024993774406
LLAMA-65B,pipeline,8,A4,0,0.0,6.881407328981987,6.881407328981987,1,2.7519285087293563,2.768057555121283,2.7519285087293563,4.129478820252631
LLAMA-65B,pipeline,8,A4,1,6.881407328981987,11.0700726608949,4.188665331912913,1,6.925502969374634,6.941690964481226,0.044095640392646906,4.144569691520266
LLAMA-65B,pipeline,8,A4,2,11.0700726608949,15.267431481226478,4.197358820331578,1,11.114996292000765,11.131215011708676,0.04492363110586517,4.152435189225713
LLAMA-65B,pipeline,8,A4,3,15.267431481226478,19.47307930463734,4.205647823410864,1,15.31318310304542,15.329430962353358,0.04575162181894221,4.159896201591922
LLAMA-65B,pipeline,8,A4b,0,0.0,6.881407328981987,6.881407328981987,1,2.7519285087293563,2.768057555121283,2.7519285087293563,4.129478820252631
LLAMA-65B,pipeline,8,A4b,1,6.881407328981987,11.0700726608949,4.188665331912913,1,6.925502969374634,6.941690964481226,0.044095640392646906,4.144569691520266
LLAMA-65B,pipeline,8,A4b,2,11.0700726608949,15.267431481226478,4.197358820331578,1,11.114996292000765,11.131215011708676,0.04492363110586517,4.152435189225713
LLAMA-65B,pipeline,8,A4b,3,15.267431481226478,19.47307930463734,4.205647823410864,1,15.31318310304542,15.329430962353358,0.04575162181894221,4.159896201591922
LLAMA-65B,pipeline,8,A5,0,0.0,6.881407328981987,6.881407328981987,1,2.7519285087293563,2.768057555121283,2.7519285087293563,4.129478820252631
LLAMA-65B,pipeline,8,A5,1,6.881407328981987,11.047914555685459,4.166507226703472,1,6.903344864166879,6.919532859273471,0.021937535184892276,4.14456969151858
LLAMA-65B,pipeline,8,A5,2,11.047914555685459,15.222423748295418,4.174509192609959,1,11.069988559069705,11.086207278777616,0.0220740033842457,4.152435189225713
LLAMA-65B,pipeline,8,A5,3,15.222423748295418,19.40452566647695,4.182101918181532,1,15.244629464880223,15.260877324188161,0.022205716584805302,4.159896201596727
LLAMA-65B,pipeline,8,A6,0,0.0,6.881407328981987,6.881407328981987,1,2.7519285087293563,2.768057555121283,2.7519285087293563,4.129478820252631
LLAMA-65B,pipeline,8,A6,1,6.881407328981987,11.047914555685459,4.166507226703472,1,6.903344864166879,6.919532859273471,0.021937535184892276,4.14456969151858
LLAMA-65B,pipeline,8,A6,2,11.047914555685459,15.222423748295418,4.174509192609959,1,11.069988559069705,11.086207278777616,0.0220740033842457,4.152435189225713
LLAMA-65B,pipeline,8,A6,3,15.222423748295418,19.40452566647695,4.182101918181532,1,15.244629464880223,15.260877324188161,0.022205716584805302,4.159896201596727
LLAMA-65B,private,8,A1,0,0.0,33.34423406859751,33.34423406859751,16,21.46304903892987,21.509432233945535,21.46304903892987,11.881185029667638
LLAMA-65B,private,8,A1,1,33.34423406859751,83.4741775708521,50.1299435022546,16,69.65774068777179,69.71168346034617,36.313506619174284,13.816436883080314
LLAMA-65B,private,8,A2,0,0.0,147.8864076048064,147.8864076048064,16,147.8864076048064,46.46488599451922,147.8864076048064,0.0
LLAMA-65B,private,8,A2,1,147.8864076048064,358.92501599380614,211.03860838899973,16,358.92501599380614,0.0,211.03860838899973,0.0
LLAMA-65B,private,8,A3,0,0.0,58.299418521025814,58.299418521025814,16,45.95443244137263,46.002627088702106,45.95443244137263,12.344986079653182
LLAMA-65B,private,8,A3,1,58.299418521025814,137.63017106116249,79.33075254013667,16,122.83998890900101,122.89738941249826,64.5405703879752,14.790182152161478
LLAMA-65B,private,8,A3a,0,0.0,58.299418521025814,58.299418521025814,16,45.95443244137263,46.002627088702106,45.95443244137263,12.344986079653182
LLAMA-65B,private,8,A3a,1,58.299418521025814,137.32586204111757,79.02644352009176,16,122.83998890900101,122.89654638144376,64.5405703879752,14.485873132116566
LLAMA-65B,private,8,A3b,0,0.0,57.85901734964443,57.85901734964443,16,45.95443244137263,46.00090700232719,45.95443244137263,11.9045849082718
LLAMA-65B,private,8,A3b,1,57.85901734964443,136.66576559201815,78.80674824237371,16,122.39958773761994,122.45509162236749,64.5405703879755,14.266177854398208
LLAMA-65B,private,8,A4,0,0.0,57.82993252384716,57.82993252384716,16,45.94070353860529,45.98711810054414,45.94070353860529,11.889228985241871
LLAMA-65B,private,8,A4,1,57.82993252384716,136.28219842335938,78.45226589951221,16,122.35022828758203,122.40462231696385,64.52029576373486,13.931970135777348
LLAMA-65B,private,8,A4b,0,0.0,57.82993252384716,57.82993252384716,16,45.94070353860529,45.98711810054414,45.94070353860529,11.889228985241871
LLAMA-65B,private,8,A4b,1,57.82993252384716,136.28219842335938,78.45226589951221,16,122.35022828758203,122.40462231696385,64.52029576373486,13.931970135777348
LLAMA-65B,private,8,A5,0,0.0,55.905789764453374,55.905789764453374,16,44.097322266399786,44.1434213537793,44.097322266399786,11.808467498053588
LLAMA-65B,private,8,A5,1,55.905789764453374,128.29985405319903,72.39406428874565,16,115.01397585072206,115.06584608362016,59.10818608626869,13.285878202476965
LLAMA-65B,reduce,8,A1,0,0.0,33.344523710909876,33.344523710909876,16,21.463338681241865,21.50972187625753,21.463338681241865,11.88118502966801
LLAMA-65B,reduce,8,A1,1,33.344523710909876,39.85494529519368,6.5104215842838045,1,35.60519748960413,35.621796336719704,2.2606737786942546,4.24974780558955
LLAMA-65B,reduce,8,A2,0,0.0,105.385228527157,105.385228527157,16,105.385228527157,3.9637069168787944,105.385228527157,0.0
LLAMA-65B,reduce,8,A2,1,105.385228527157,119.89571555345128,14.510487026294285,1,119.89571555345128,0.0,14.510487026294285,0.0
LLAMA-65B,reduce,8,A3,0,0.0,15.213793187398272,15.213793187398272,16,3.386144499738361,3.432313000872671,3.386144499738361,11.827648687659911
LLAMA-65B,reduce,8,A3,1,15.213793187398272,21.502984783534462,6.28919159613619,1,17.179702144726917,17.196588018120355,1.9659089573286455,4.3232826388075445
LLAMA-65B,reduce,8,A3a,0,0.0,15.213793187398272,15.213793187398272,16,3.386144499738361,3.432313000872671,3.386144499738361,11.827648687659911
LLAMA-65B,reduce,8,A3a,1,15.213793187398272,21.49156498485368,6.27777179745541,1,17.179702144726917,17.19654315456019,1.9659089573286455,4.311862840126764
LLAMA-65B,reduce,8,A3b,0,0.0,15.258542182319585,15.258542182319585,16,3.386144499738361,3.4324878534932313,3.386144499738361,11.872397682581225
LLAMA-65B,reduce,8,A3b,1,15.258542182319585,21.51210183443541,6.253559652115824,1,17.224451139648203,17.24119856928719,1.965908957328617,4.287650694787207
LLAMA-65B,reduce,8,A4,0,0.0,15.187625613369093,15.187625613369093,16,3.3724155969645007,3.418541488155396,3.3724155969645007,11.815210016404592
LLAMA-65B,reduce,8,A4,1,15.187625613369093,21.41760455739127,6.229978944022179,1,17.15228803693294,17.16894769436052,1.9646624235638477,4.265316520458331
LLAMA-65B,reduce,8,A4b,0,0.0,15.187625613369093,15.187625613369093,16,3.3724155969645007,3.418541488155396,3.3724155969645007,11.815210016404592
LLAMA-65B,reduce,8,A4b,1,15.187625613369093,21.41760455739127,6.229978944022179,1,17.15228803693294,17.16894769436052,1.9646624235638477,4.265316520458331
LLAMA-65B,reduce,8,A5,0,0.0,11.996253204775197,11.996253204775197,16,3.043382752069371,3.078327629340101,3.043382752069371,8.952870452705826
LLAMA-65B,reduce,8,A5,1,11.996253204775197,18.07586288172621,6.079609676951012,1,13.810546361267878,13.827206018695456,1.8142931564926812,4.265316520458331
LLAMA-65B,reduce,8,A6,0,0.0,11.996253204775197,11.996253204775197,16,3.043382752069371,3.078327629340101,3.043382752069371,8.952870452705826
LLAMA-65B,reduce,8,A6,1,11.996253204775197,18.07586288172621,6.079609676951012,1,13.810546361267878,13.827206018695456,1.8142931564926812,4.265316520458331
LLAMA-65B,supervisor,8,A1,0,0.0,5.4704485981123305,5.4704485981123305,1,1.3416540337579512,1.3577804072751292,1.3416540337579512,4.128794564354379
LLAMA-65B,supervisor,8,A1,1,5.4704485981123305,39.34209927051734,33.87165067240501,16,27.33996099221081,27.386816660829187,21.86951239409848,12.002138278306528
LLAMA-65B,supervisor,8,A1,2,39.34209927051734,45.87924525973256,6.537145989215226,1,41.62193787649961,41.63856625321535,2.2798386059822704,4.2573073832329555
LLAMA-65B,supervisor,8,A1,3,45.87924525973256,80.37804944290441,34.49880418317185,16,68.13400470965247,68.18180532539158,22.25475944991991,12.24404473325194
LLAMA-65B,supervisor,8,A2,0,0.0,12.701420310268334,12.701420310268334,1,12.701420310268334,2.9897561531139933,12.701420310268334,0.0
LLAMA-65B,supervisor,8,A2,1,12.701420310268334,118.01828142710818,105.31686111683985,16,118.01828142710818,0.0,105.31686111683985,0.0
LLAMA-65B,supervisor,8,A2,2,118.01828142710818,132.73545854276503,14.717177115656852,1,132.73545854276503,0.0,14.717177115656852,0.0
LLAMA-65B,supervisor,8,A2,3,132.73545854276503,243.6763280891673,110.94086954640227,16,243.6763280891673,0.0,110.94086954640227,0.0
LLAMA-65B,supervisor,8,A3,0,0.0,6.910829354920973,6.910829354920973,1,2.7527865651529067,2.769027170151294,2.7527865651529067,4.158042789768066
LLAMA-65B,supervisor,8,A3,1,6.910829354920973,19.79011093057238,12.879281575651405,16,7.630490768615512,7.6778647914689095,0.7196614136945385,12.159620161956866
LLAMA-65B,supervisor,8,A3,2,19.79011093057238,26.125639205059393,6.3355282744870145,1,21.78781365710639,21.80475704693961,1.997702726534012,4.337825547953003
LLAMA-65B,supervisor,8,A3,3,26.125639205059393,39.289598388524944,13.16395918346555,16,26.87262680341373,26.92100056847298,0.7469875983543375,12.416971585111213
LLAMA-65B,supervisor,8,A3a,0,0.0,6.910829354920973,6.910829354920973,1,2.7527865651529067,2.769027170151294,2.7527865651529067,4.158042789768066
LLAMA-65B,supervisor,8,A3a,1,6.910829354920973,19.699991404360482,12.789162049439508,16,7.630490768615512,7.677603196469433,0.7196614136945385,12.06950063574497
LLAMA-65B,supervisor,8,A3a,2,19.699991404360482,26.01752035896158,6.317528954601098,1,21.697694130894494,21.714566352247854,1.997702726534012,4.319826228067086
LLAMA-65B,supervisor,8,A3a,3,26.01752035896158,39.079394116175614,13.061873757214034,16,26.764507957315917,26.812578922372854,0.7469875983543375,12.314886158859697
LLAMA-65B,supervisor,8,A3b,0,0.0,6.8832412844617075,6.8832412844617075,1,2.7527865651529067,2.768919418670134,2.7527865651529067,4.130454719308801
LLAMA-65B,supervisor,8,A3b,1,6.8832412844617075,19.802365596514576,12.919124312052869,16,7.602902698156246,7.650436023077501,0.7196614136945385,12.19946289835833
LLAMA-65B,supervisor,8,A3b,2,19.802365596514576,26.095482115354155,6.293116518839579,1,21.80006832304859,21.816846077287252,1.997702726534012,4.295413792305567
LLAMA-65B,supervisor,8,A3b,3,26.095482115354155,39.291731297657876,13.19624918230372,16,26.842469713708493,26.890973449811945,0.7469875983543375,12.449261583949383
LLAMA-65B,supervisor,8,A4,0,0.0,6.881400928981629,6.881400928981629,1,2.7519285087293563,2.768057530121283,2.7519285087293563,4.129472420252272
LLAMA-65B,supervisor,8,A4,1,6.881400928981629,19.63797678669108,12.756575857709452,16,7.586931175263979,7.6339787126216,0.7055302462823505,12.051045611427101
LLAMA-65B,supervisor,8,A4,2,19.63797678669108,25.907580049884764,6.269603263193684,1,21.63440702690398,21.65109733893125,1.9964302402128986,4.273173022980785
LLAMA-65B,supervisor,8,A4,3,25.907580049884764,38.92538599105086,13.017805941166095,16,26.639605998985537,26.68757046752508,0.7320259491007732,12.285779992065322
LLAMA-65B,supervisor,8,A4b,0,0.0,6.881400928981629,6.881400928981629,1,2.7519285087293563,2.768057530121283,2.7519285087293563,4.129472420252272
LLAMA-65B,supervisor,8,A4b,1,6.881400928981629,19.63797678669108,12.756575857709452,16,7.586931175263979,7.6339787126216,0.7055302462823505,12.051045611427101
LLAMA-65B,supervisor,8,A4b,2,19.63797678669108,25.907580049884764,6.269603263193684,1,21.63440702690398,21.65109733893125,1.9964302402128986,4.273173022980785
LLAMA-65B,supervisor,8,A4b,3,25.907580049884764,38.92538599105086,13.017805941166095,16,26.639605998985537,26.68757046752508,0.7320259491007732,12.285779992065322
LLAMA-65B,supervisor,8,A5,0,0.0,6.881400928981629,6.881400928981629,1,2.7519285087293563,2.768057530121283,2.7519285087293563,4.129472420252272
LLAMA-65B,supervisor,8,A5,1,6.881400928981629,16.421106549073148,9.53970562009152,16,7.232400501939823,7.268267025377918,0.3509995729581945,9.188706047133325
LLAMA-65B,supervisor,8,A5,2,16.421106549073148,22.53196372016493,6.110857171091784,1,18.258790697184146,18.27548100921142,1.8376841481109984,4.273173022980785
LLAMA-65B,supervisor,8,A5,3,22.53196372016493,32.31069473014716,9.77873100998223,16,22.88725430061437,22.92403775523652,0.35529058044943795,9.423440429532793
LLAMA-65B,supervisor,8,A6,0,0.0,6.881400928981629,6.881400928981629,1,2.7519285087293563,2.768057530121283,2.7519285087293563,4.129472420252272
LLAMA-65B,supervisor,8,A6,1,6.881400928981629,16.421106549073148,9.53970562009152,16,7.232400501939823,7.268267025377918,0.3509995729581945,9.188706047133325
LLAMA-65B,supervisor,8,A6,2,16.421106549073148,22.53196372016493,6.110857171091784,1,18.258790697184146,18.27548100921142,1.8376841481109984,4.273173022980785
LLAMA-65B,supervisor,8,A6,3,22.53196372016493,32.31069473014716,9.77873100998223,16,22.88725430061437,22.92403775523652,0.35529058044943795,9.423440429532793
LLAMA-7B,C-hi,8,A1,0,0.0,328.96130849807105,328.96130849807105,16,213.20629219226618,213.65808852102242,213.20629219226618,115.75501630580487
LLAMA-7B,C-hi,8,A1,1,328.96130849807105,795.1068078749464,466.14549937687536,16,650.602875434293,651.1670574832548,321.6415669362219,144.50393244065344
LLAMA-7B,C-hi,8,A2,0,0.0,171.5687072074311,171.5687072074311,16,171.5687072074311,5.628785913903522,171.5687072074311,0.0
LLAMA-7B,C-hi,8,A2,1,171.5687072074311,382.774014388551,211.2053071811199,16,382.774014388551,0.0,211.2053071811199,0.0
LLAMA-7B,C-hi,8,A3,0,0.0,106.33114431865165,106.33114431865165,16,4.684693187782837,5.081392732316124,4.684693187782837,101.64645113086881
LLAMA-7B,C-hi,8,A3,1,106.33114431865165,245.8069540086961,139.47580969004446,16,111.07444033098314,111.59789689236028,4.743296012331484,134.73251367771297
LLAMA-7B,C-hi,8,A3a,0,0.0,106.33114431865165,106.33114431865165,16,4.684693187782837,5.081392732316124,4.684693187782837,101.64645113086881
LLAMA-7B,C-hi,8,A3a,1,106.33114431865165,243.15793713109758,136.82679281244594,16,111.07444033098314,111.59003380303749,4.743296012331484,132.08349680011446
LLAMA-7B,C-hi,8,A3b,0,0.0,106.33114431865165,106.33114431865165,16,4.684693187782837,5.081392732316124,4.684693187782837,101.64645113086881
LLAMA-7B,C-hi,8,A3b,1,106.33114431865165,245.8069540086961,139.47580969004446,16,111.07444033098314,111.59789689236028,4.743296012331484,134.73251367771297
LLAMA-7B,C-hi,8,A4,0,0.0,106.32958191890442,106.32958191890442,16,4.6738865429527054,5.070622825356893,4.6738865429527054,101.65569537595172
LLAMA-7B,C-hi,8,A4,1,106.32958191890442,242.92202618508543,136.59244426618102,16,111.05978519057648,111.57446329039017,4.730203271672053,131.86224099450897
LLAMA-7B,C-hi,8,A4b,0,0.0,106.28535839094711,106.28535839094711,16,4.6738865429527054,5.070450077196697,4.6738865429527054,101.61147184799441
LLAMA-7B,C-hi,8,A4b,1,106.28535839094711,243.28486310030706,136.99950470935994,16,111.01556166261916,111.53182333641244,4.730203271672053,132.2693014376879
LLAMA-7B,C-hi,8,A5,0,0.0,33.71006027622875,33.71006027622875,16,5.443311209015663,5.5533719198996305,5.443311209015663,28.26674906721309
LLAMA-7B,C-hi,8,A5,1,33.71006027622875,187.5403826683573,153.83032239212855,16,136.63655364111332,136.8349814383499,102.92649336488458,50.90382902724397
LLAMA-7B,C-hi,8,A6,0,0.0,33.71006027622875,33.71006027622875,16,5.443311209015663,5.5533719198996305,5.443311209015663,28.26674906721309
LLAMA-7B,C-hi,8,A6,1,33.71006027622875,187.5403826683573,153.83032239212855,16,136.63655364111332,136.8349814383499,102.92649336488458,50.90382902724397
LLAMA-7B,C-lo,8,A1,0,0.0,50.9627638685907,50.9627638685907,16,17.798306189032292,17.927497543680648,17.798306189032292,33.16445767955841
LLAMA-7B,C-lo,8,A1,1,50.9627638685907,168.58656984972356,117.62380598113286,16,108.22204011236798,108.45730494008993,57.25927624377728,60.36452973735558
LLAMA-7B,C-lo,8,A2,0,0.0,47.625062737040174,47.625062737040174,16,47.625062737040174,0.9249237711786303,47.625062737040174,0.0
LLAMA-7B,C-lo,8,A2,1,47.625062737040174,135.84779556594185,88.22273282890168,16,135.84779556594185,0.0,88.22273282890168,0.0
LLAMA-7B,C-lo,8,A3,0,0.0,30.679787211448243,30.679787211448243,16,0.7285946674535122,0.8452346081335005,0.7285946674535122,29.95119254399473
LLAMA-7B,C-lo,8,A3,1,30.679787211448243,89.7610878727098,59.08130066126155,16,32.133987262193735,32.35694548156015,1.4542000507454915,57.62710061051606
LLAMA-7B,C-lo,8,A3a,0,0.0,30.679787211448243,30.679787211448243,16,0.7285946674535122,0.8452346081335005,0.7285946674535122,29.95119254399473
LLAMA-7B,C-lo,8,A3a,1,30.679787211448243,88.91552312545406,58.235735914005815,16,32.133987262193735,32.35531617662155,1.4542000507454915,56.78153586326032
LLAMA-7B,C-lo,8,A3b,0,0.0,30.679787211448243,30.679787211448243,16,0.7285946674535122,0.8452346081335005,0.7285946674535122,29.95119254399473
LLAMA-7B,C-lo,8,A3b,1,30.679787211448243,89.7610878727098,59.08130066126155,16,32.133987262193735,32.35694548156015,1.4542000507454915,57.62710061051606
LLAMA-7B,C-lo,8,A4,0,0.0,30.68076714094445,30.68076714094445,16,0.7257606482033171,0.8424161146581107,0.7257606482033171,29.955006492741134
LLAMA-7B,C-lo,8,A4,1,30.68076714094445,88.90783537965234,58.227068238707886,16,32.12959793200276,32.3509791378965,1.4488307910583096,56.77823744764958
LLAMA-7B,C-lo,8,A4b,0,0.0,30.666429142114062,30.666429142114062,16,0.7257606482033171,0.8423601068500625,0.7257606482033171,29.940668493910746
LLAMA-7B,C-lo,8,A4b,1,30.666429142114062,89.18643337364448,58.520004231530415,16,32.115259933172474,32.337778914554804,1.4488307910584126,57.071173440472
LLAMA-7B,C-lo,8,A5,0,0.0,11.789345414301271,11.789345414301271,16,0.9369127424217565,0.9789487798845418,0.9369127424217565,10.852432671879516
LLAMA-7B,C-lo,8,A5,1,11.789345414301271,64.95404169246179,53.16469627816051,16,34.891500310568745,35.008516822959784,23.10215489626747,30.06254138189304
LLAMA-7B,C-lo,8,A6,0,0.0,11.789345414301271,11.789345414301271,16,0.9369127424217565,0.9789487798845418,0.9369127424217565,10.852432671879516
LLAMA-7B,C-lo,8,A6,1,11.789345414301271,64.95404169246179,53.16469627816051,16,34.891500310568745,35.008516822959784,23.10215489626747,30.06254138189304
LLAMA-7B,D-hi,8,A1,0,0.0,119.59939920968999,119.59939920968999,16,59.23486945529943,59.47013428295271,59.23486945529943,60.36452975439056
LLAMA-7B,D-hi,8,A1,1,119.59939920968999,329.10124150138483,209.50184229169486,16,241.06367467852976,241.4072052567102,121.46427546883977,88.03756682285507
LLAMA-7B,D-hi,8,A1,2,329.10124150138483,542.5227922357365,213.42155073435163,16,452.8440285377076,453.1938083669486,123.74278703632274,89.67876369802889
LLAMA-7B,D-hi,8,A1,3,542.5227922357365,760.4525279486252,217.92973571288871,16,668.4659826960115,668.8247710217611,125.94319046027499,91.98654525261372
LLAMA-7B,D-hi,8,A2,0,0.0,88.54363177641629,88.54363177641629,16,88.54363177641629,2.096898701330591,88.54363177641629,0.0
LLAMA-7B,D-hi,8,A2,1,88.54363177641629,217.53241037463525,128.98877859821897,16,217.53241037463525,0.0,128.98877859821897,0.0
LLAMA-7B,D-hi,8,A2,2,217.53241037463525,349.05103521534187,131.51862484070662,16,349.05103521534187,0.0,131.51862484070662,0.0
LLAMA-7B,D-hi,8,A2,3,349.05103521534187,483.09950629858014,134.04847108323827,16,483.09950629858014,0.0,134.04847108323827,0.0
LLAMA-7B,D-hi,8,A3,0,0.0,55.566989849004536,55.566989849004536,16,1.6888116888616795,1.8989164170948363,1.6888116888616795,53.87817816014286
LLAMA-7B,D-hi,8,A3,1,55.566989849004536,141.6345749945594,86.06758514555486,16,57.88940953882304,58.21517663956646,2.3224196898185028,83.74516545573636
LLAMA-7B,D-hi,8,A3,2,141.6345749945594,229.337735405479,87.70316041091962,16,143.9931149432236,144.3239509515569,2.358539948664202,85.34462046225542
LLAMA-7B,D-hi,8,A3,3,229.337735405479,318.7191787127627,89.38144330728369,16,231.7323956129879,232.06966760926284,2.3946602075088776,86.98678309977481
LLAMA-7B,D-hi,8,A3a,0,0.0,55.566989849004536,55.566989849004536,16,1.6888116888616795,1.8989164170948363,1.6888116888616795,53.87817816014286
LLAMA-7B,D-hi,8,A3a,1,55.566989849004536,140.59692161293393,85.0299317639294,16,57.88940953882304,58.212131372807285,2.3224196898185028,82.7075120741109
LLAMA-7B,D-hi,8,A3a,2,140.59692161293393,227.21214594311593,86.615224330182,16,142.95546156159813,143.28423154275416,2.358539948664202,84.2566843815178
LLAMA-7B,D-hi,8,A3a,3,227.21214594311593,315.4245067778896,88.21236083477365,16,229.6068061506248,229.9416804904856,2.3946602075088776,85.81770062726477
LLAMA-7B,D-hi,8,A3b,0,0.0,55.566989849004536,55.566989849004536,16,1.6888116888616795,1.8989164170948363,1.6888116888616795,53.87817816014286
LLAMA-7B,D-hi,8,A3b,1,55.566989849004536,141.6345749945594,86.06758514555486,16,57.88940953882304,58.21517663956646,2.3224196898185028,83.74516545573636
LLAMA-7B,D-hi,8,A3b,2,141.6345749945594,229.337735405479,87.70316041091962,16,143.9931149432236,144.3239509515569,2.358539948664202,85.34462046225542
LLAMA-7B,D-hi,8,A3b,3,229.337735405479,318.7191787127627,89.38144330728369,16,231.7323956129879,232.06966760926284,2.3946602075088776,86.98678309977481
LLAMA-7B,D-hi,8,A4,0,0.0,55.56531224594248,55.56531224594248,16,1.683320127750514,1.8934403917583091,1.683320127750514,53.88199211819197
LLAMA-7B,D-hi,8,A4,1,55.56531224594248,140.23471230332015,84.66940005737767,16,57.879788182428044,58.20107736938341,2.3144759364855645,82.35492412089211
LLAMA-7B,D-hi,8,A4,2,140.23471230332015,226.7364121336402,86.50169983032004,16,142.58514240229496,142.9134044618476,2.3504300989748117,84.15126973134522
LLAMA-7B,D-hi,8,A4,3,226.7364121336402,315.2237173172509,88.48730518361069,16,229.12279639509345,229.4587732086827,2.3863842614532587,86.10092092215743
LLAMA-7B,D-hi,8,A4b,0,0.0,55.52252503658937,55.52252503658937,16,1.683320127750514,1.8932732542222561,1.683320127750514,53.83920490883886
LLAMA-7B,D-hi,8,A4b,1,55.52252503658937,140.54397698398483,85.02145194739546,16,57.837000973074936,58.15965885699629,2.3144759364855645,82.7069760109099
LLAMA-7B,D-hi,8,A4b,2,140.54397698398483,227.3994697940361,86.85549281005126,16,142.89440708295965,143.2241488708652,2.3504300989748117,84.50506271107645
LLAMA-7B,D-hi,8,A4b,3,227.3994697940361,315.83906343376964,88.43959363973354,16,229.78585405548935,230.12164276552355,2.3863842614532587,86.05320937828029
LLAMA-7B,D-hi,8,A5,0,0.0,18.76212158972598,18.76212158972598,16,2.079525713810257,2.1443358362498883,2.079525713810257,16.682595875915723
LLAMA-7B,D-hi,8,A5,1,18.76212158972598,100.0980251357996,81.33590354607362,16,62.52872000810973,62.67505886515127,43.76659841838375,37.56930512768987
LLAMA-7B,D-hi,8,A5,2,100.0980251357996,184.09219230571267,83.99416716991307,16,144.72480047528546,144.8782232363135,44.62677533948586,39.36739183042721
LLAMA-7B,D-hi,8,A5,3,184.09219230571267,270.6095063139867,86.51731400827401,16,229.69396781019677,229.85343749335343,45.601775504484095,40.91553850378992
LLAMA-7B,D-hi,8,A6,0,0.0,18.76212158972598,18.76212158972598,16,2.079525713810257,2.1443358362498883,2.079525713810257,16.682595875915723
LLAMA-7B,D-hi,8,A6,1,18.76212158972598,100.0980251357996,81.33590354607362,16,62.52872000810973,62.67505886515127,43.76659841838375,37.56930512768987
LLAMA-7B,D-hi,8,A6,2,100.0980251357996,184.09219230571267,83.99416716991307,16,144.72480047528546,144.8782232363135,44.62677533948586,39.36739183042721
LLAMA-7B,D-hi,8,A6,3,184.09219230571267,270.6095063139867,86.51731400827401,16,229.69396781019677,229.85343749335343,45.601775504484095,40.91553850378992
LLAMA-7B,D-lo,8,A1,0,0.0,119.60112974114459,119.60112974114459,16,59.23659998675342,59.4718648144067,59.23659998675342,60.36452975439117
LLAMA-7B,D-lo,8,A2,0,0.0,88.54363177641629,88.54363177641629,16,88.54363177641629,2.096898701330591,88.54363177641629,0.0
LLAMA-7B,D-lo,8,A3,0,0.0,55.566974489000316,55.566974489000316,16,1.6888116888616795,1.8989163570948366,1.6888116888616795,53.87816280013864
LLAMA-7B,D-lo,8,A3a,0,0.0,55.566974489000316,55.566974489000316,16,1.6888116888616795,1.8989163570948366,1.6888116888616795,53.87816280013864
LLAMA-7B,D-lo,8,A3b,0,0.0,55.566974489000316,55.566974489000316,16,1.6888116888616795,1.8989163570948366,1.6888116888616795,53.87816280013864
LLAMA-7B,D-lo,8,A4,0,0.0,55.56478791078355,55.56478791078355,16,1.683320127750514,1.8934400817583075,1.683320127750514,53.88146778303304
LLAMA-7B,D-lo,8,A4b,0,0.0,55.522000701430635,55.522000701430635,16,1.683320127750514,1.8932729442222545,1.683320127750514,53.83868057368012
LLAMA-7B,D-lo,8,A5,0,0.0,18.76159292471786,18.76159292471786,16,2.079521383810156,2.144331196249789,2.079521383810156,16.682071540907703
LLAMA-7B,D-lo,8,A6,0,0.0,18.76159292471786,18.76159292471786,16,2.079521383810156,2.144331196249789,2.079521383810156,16.682071540907703
LLAMA-7B,N-hi,8,A2,0,0.0,350.21477035108603,350.21477035108603,64,350.21477035108603,4.4278799938968545,350.21477035108603,0.0
LLAMA-7B,N-hi,8,A2,1,350.21477035108603,1356.2515680696613,1006.0367977185753,64,1356.2515680696613,0.0,1006.0367977185753,0.0
LLAMA-7B,N-hi,8,A5,0,0.0,71.40788315535875,71.40788315535875,64,4.677806881284452,4.9370474110275975,4.677806881284452,66.73007627407429
LLAMA-7B,N-hi,8,A5,1,71.40788315535875,743.516281951823,672.1083987964643,64,520.1543250275931,521.0251715572117,448.7464418722344,223.36195692422984
LLAMA-7B,N-hi,8,A6,0,0.0,71.40788315535875,71.40788315535875,64,4.677806881284452,4.9370474110275975,4.677806881284452,66.73007627407429
LLAMA-7B,N-hi,8,A6,1,71.40788315535875,743.516281951823,672.1083987964643,64,520.1543250275931,521.0251715572117,448.7464418722344,223.36195692422984
LLAMA-7B,N-lo,8,A1,0,0.0,30.58583759225924,30.58583759225924,4,14.808736890271778,14.870232660729446,14.808736890271778,15.777100701987461
LLAMA-7B,N-lo,8,A1,1,30.58583759225924,65.77662831295692,35.19079072069768,4,48.30115668245902,48.36935527839559,17.715319090199785,17.475471630497893
LLAMA-7B,N-lo,8,A2,0,0.0,23.8117753412599,23.8117753412599,4,23.8117753412599,1.516839775760091,23.8117753412599,0.0
LLAMA-7B,N-lo,8,A2,1,23.8117753412599,49.125029861260835,25.313254520000935,4,49.125029861260835,0.0,25.313254520000935,0.0
LLAMA-7B,N-lo,8,A3,0,0.0,15.767268162858215,15.767268162858215,4,1.3520876085061704,1.408307681246487,1.3520876085061704,14.415180554352045
LLAMA-7B,N-lo,8,A3,1,15.767268162858215,33.181776306229004,17.41450814337079,4,16.209020161682666,16.27392586104437,0.4417519988244507,16.972756144546338
LLAMA-7B,N-lo,8,A3a,0,0.0,15.767268162858215,15.767268162858215,4,1.3520876085061704,1.408307681246487,1.3520876085061704,14.415180554352045
LLAMA-7B,N-lo,8,A3a,1,15.767268162858215,33.07302339934689,17.30575523648867,4,16.209020161682666,16.27480658553005,0.4417519988244507,16.86400323766422
LLAMA-7B,N-lo,8,A3b,0,0.0,15.767268162858215,15.767268162858215,4,1.3520876085061704,1.408307681246487,1.3520876085061704,14.415180554352045
LLAMA-7B,N-lo,8,A3b,1,15.767268162858215,33.181776306229004,17.41450814337079,4,16.209020161682666,16.27392586104437,0.4417519988244507,16.972756144546338
LLAMA-7B,N-lo,8,A4,0,0.0,15.766971478586532,15.766971478586532,4,1.3507147182283832,1.4069393136483477,1.3507147182283832,14.416256760358149
LLAMA-7B,N-lo,8,A4,1,15.766971478586532,33.14024198473461,17.373270506148074,4,16.207228285705856,16.27327973110967,0.440256807119324,16.933013699028752
LLAMA-7B,N-lo,8,A4b,0,0.0,15.739379020355052,15.739379020355052,4,1.3507147182283832,1.4068315306083043,1.3507147182283832,14.388664302126669
LLAMA-7B,N-lo,8,A4b,1,15.739379020355052,33.09853319590159,17.359154175546536,4,16.179635827474407,16.245636629612186,0.4402568071193542,16.91889736842718
LLAMA-7B,N-lo,8,A5,0,0.0,7.869497217632621,7.869497217632621,4,1.429955549440358,1.4550211015323122,1.429955549440358,6.4395416681922635
LLAMA-7B,N-lo,8,A5,1,7.869497217632621,24.9139552937048,17.04445807607218,4,15.661817736406705,15.697870258035698,7.792320518774084,9.252137557298093
LLAMA-7B,N-lo,8,A6,0,0.0,7.869497217632621,7.869497217632621,4,1.429955549440358,1.4550211015323122,1.429955549440358,6.4395416681922635
LLAMA-7B,N-lo,8,A6,1,7.869497217632621,24.9139552937048,17.04445807607218,4,15.661817736406705,15.697870258035698,7.792320518774084,9.252137557298093
LLAMA-7B,baseline,8,A1,0,0.0,119.59722282433943,119.59722282433943,16,59.232693069949434,59.467957897602716,59.232693069949434,60.36452975438999
LLAMA-7B,baseline,8,A1,1,119.59722282433943,329.1008001692076,209.50357734486818,16,241.06323334635283,241.40676392453327,121.4660105220134,88.03756682285479
LLAMA-7B,baseline,8,A2,0,0.0,88.54363177641629,88.54363177641629,16,88.54363177641629,2.096898701330591,88.54363177641629,0.0
LLAMA-7B,baseline,8,A2,1,88.54363177641629,217.53241037463525,128.98877859821897,16,217.53241037463525,0.0,128.98877859821897,0.0
LLAMA-7B,baseline,8,A3,0,0.0,55.566979609002246,55.566979609002246,16,1.6888116888616795,1.8989163770948365,1.6888116888616795,53.87816792014057
LLAMA-7B,baseline,8,A3,1,55.566979609002246,141.6345481195492,86.06756851054696,16,57.88939929882075,58.215166339564156,2.3224196898185028,83.74514882072846
LLAMA-7B,baseline,8,A3a,0,0.0,55.566979609002246,55.566979609002246,16,1.6888116888616795,1.8989163770948365,1.6888116888616795,53.87816792014057
LLAMA-7B,baseline,8,A3a,1,55.566979609002246,140.59689217793135,85.0299125689291,16,57.88939929882075,58.21212106280501,2.3224196898185028,82.7074928791106
LLAMA-7B,baseline,8,A3b,0,0.0,55.566979609002246,55.566979609002246,16,1.6888116888616795,1.8989163770948365,1.6888116888616795,53.87816792014057
LLAMA-7B,baseline,8,A3b,1,55.566979609002246,141.6345481195492,86.06756851054696,16,57.88939929882075,58.215166339564156,2.3224196898185028,83.74514882072846
LLAMA-7B,baseline,8,A4,0,0.0,55.56531608094392,55.56531608094392,16,1.683320127750514,1.8934404017583095,1.683320127750514,53.88199595319341
LLAMA-7B,baseline,8,A4,1,55.56531608094392,140.23406302348576,84.66874694254184,16,57.87979201742949,58.201079614385385,2.3144759364855645,82.35427100605628
LLAMA-7B,baseline,8,A4b,0,0.0,55.5225288715908,55.5225288715908,16,1.683320127750514,1.8932732642222565,1.683320127750514,53.83920874384029
LLAMA-7B,baseline,8,A4b,1,55.5225288715908,140.54332770415022,85.02079883255942,16,57.837004808076365,58.159661101998246,2.3144759364855645,82.70632289607386
LLAMA-7B,baseline,8,A5,0,0.0,18.762125574726088,18.762125574726088,16,2.0795258638102565,2.144335996249888,2.0795258638102565,16.68259971091583
LLAMA-7B,baseline,8,A5,1,18.762125574726088,100.09714057095755,81.33501499623146,16,62.52848855812163,62.6748258251637,43.76636298339554,37.56865201283592
LLAMA-7B,baseline,8,A6,0,0.0,18.762125574726088,18.762125574726088,16,2.0795258638102565,2.144335996249888,2.0795258638102565,16.68259971091583
LLAMA-7B,baseline,8,A6,1,18.762125574726088,100.09714057095755,81.33501499623146,16,62.52848855812163,62.6748258251637,43.76636298339554,37.56865201283592
LLAMA-7B,broadcast,8,A1,0,0.0,8.672275802114122,8.672275802114122,1,3.702471830874938,3.721851745347802,3.702471830874938,4.969803971239184
LLAMA-7B,broadcast,8,A1,1,8.672275802114122,131.8998503382266,123.22757453611248,16,69.24633089500449,69.49071131332394,60.57405509289037,62.65351944322211
LLAMA-7B,broadcast,8,A2,0,0.0,7.968351733965723,7.968351733965723,1,7.968351733965723,1.3731548697047575,7.968351733965723,0.0
LLAMA-7B,broadcast,8,A2,1,7.968351733965723,97.70296217973038,89.73461044576466,16,97.70296217973038,0.0,89.73461044576466,0.0
LLAMA-7B,broadcast,8,A3,0,0.0,6.238374874675033,6.238374874675033,1,1.267906588417293,1.287289092890142,1.267906588417293,4.97046828625774
LLAMA-7B,broadcast,8,A3,1,6.238374874675033,64.0036402729786,57.76526539830357,16,6.7046238487200345,6.926933666112709,0.4662489740450013,57.29901642425857
LLAMA-7B,broadcast,8,A3a,0,0.0,6.238374874675033,6.238374874675033,1,1.267906588417293,1.287289092890142,1.267906588417293,4.97046828625774
LLAMA-7B,broadcast,8,A3a,1,6.238374874675033,63.68051826959491,57.44214339491988,16,6.7046238487200345,6.926829031112918,0.4662489740450013,56.97589442087488
LLAMA-7B,broadcast,8,A3b,0,0.0,6.238374874675033,6.238374874675033,1,1.267906588417293,1.287289092890142,1.267906588417293,4.97046828625774
LLAMA-7B,broadcast,8,A3b,1,6.238374874675033,64.0036402729786,57.76526539830357,16,6.7046238487200345,6.926933666112709,0.4662489740450013,57.29901642425857
LLAMA-7B,broadcast,8,A4,0,0.0,6.243101459369696,6.243101459369696,1,1.2675633658478505,1.2869663843126589,1.2675633658478505,4.975538093521846
LLAMA-7B,broadcast,8,A4,1,6.243101459369696,63.81333073991801,57.57022928054831,16,6.703697966449822,6.926428114274709,0.4605965070801261,57.109632773468185
LLAMA-7B,broadcast,8,A4b,0,0.0,6.265427977865877,6.265427977865877,1,1.2675633658478505,1.2870633890486716,1.2675633658478505,4.997864612018026
LLAMA-7B,broadcast,8,A4b,1,6.265427977865877,63.792870050061715,57.52744207219584,16,6.726024484946003,6.948587495233885,0.4605965070801261,57.06684556511571
LLAMA-7B,broadcast,8,A5,0,0.0,6.265427977865877,6.265427977865877,1,1.2675633658478505,1.2870633890486716,1.2675633658478505,4.997864612018026
LLAMA-7B,broadcast,8,A5,1,6.265427977865877,27.490053854201474,21.224625876335597,16,7.579817322107938,7.657237328363784,1.3143893442420609,19.910236532093535
LLAMA-7B,broadcast,8,A6,0,0.0,6.265427977865877,6.265427977865877,1,1.2675633658478505,1.2870633890486716,1.2675633658478505,4.997864612018026
LLAMA-7B,broadcast,8,A6,1,6.265427977865877,27.490053854201474,21.224625876335597,16,7.579817322107938,7.657237328363784,1.3143893442420609,19.910236532093535
LLAMA-7B,k-hi,32,A1,0,0.0,119.59722282433943,119.59722282433943,16,59.232693069949434,59.467957897602716,59.232693069949434,60.36452975438999
LLAMA-7B,k-hi,32,A1,1,119.59722282433943,329.1008001692076,209.50357734486818,16,241.06323334635283,241.40676392453327,121.4660105220134,88.03756682285479
LLAMA-7B,k-hi,32,A2,0,0.0,88.54363177641629,88.54363177641629,16,88.54363177641629,2.096898701330591,88.54363177641629,0.0
LLAMA-7B,k-hi,32,A2,1,88.54363177641629,220.6633147096108,132.1196829331945,16,220.6633147096108,0.0,132.1196829331945,0.0
LLAMA-7B,k-hi,32,A3,0,0.0,55.56697704900128,55.56697704900128,16,1.6888116888616795,1.8989163670948366,1.6888116888616795,53.878165360139604
LLAMA-7B,k-hi,32,A3,1,55.56697704900128,148.09729353295407,92.53031648395279,16,61.033576045996966,61.36938812204699,5.466598996995685,87.0637174869571
LLAMA-7B,k-hi,32,A3a,0,0.0,55.56697704900128,55.56697704900128,16,1.6888116888616795,1.8989163670948366,1.6888116888616795,53.878165360139604
LLAMA-7B,k-hi,32,A3a,1,55.56697704900128,149.39551407748613,93.82853702848485,16,61.033576045996966,61.378293908424475,5.466598996995685,88.36193803148916
LLAMA-7B,k-hi,32,A3b,0,0.0,55.56697704900128,55.56697704900128,16,1.6888116888616795,1.8989163670948366,1.6888116888616795,53.878165360139604
LLAMA-7B,k-hi,32,A3b,1,55.56697704900128,148.09729353295407,92.53031648395279,16,61.033576045996966,61.36938812204699,5.466598996995685,87.0637174869571
LLAMA-7B,k-hi,32,A4,0,0.0,55.56531608094392,55.56531608094392,16,1.683320127750514,1.8934404017583095,1.683320127750514,53.88199595319341
LLAMA-7B,k-hi,32,A4,1,55.56531608094392,149.35159904434022,93.7862829633963,16,61.024587373389046,61.36920598857619,5.459271292445123,88.32701167095118
LLAMA-7B,k-hi,32,A4b,0,0.0,55.5225288715908,55.5225288715908,16,1.683320127750514,1.8932732642222565,1.683320127750514,53.83920874384029
LLAMA-7B,k-hi,32,A4b,1,55.5225288715908,149.66086372816812,94.13833485657733,16,60.981800164035924,61.32778747618905,5.459271292445123,88.6790635641322
LLAMA-7B,k-hi,32,A5,0,0.0,18.762125574726088,18.762125574726088,16,2.0795258638102565,2.144335996249888,2.0795258638102565,16.68259971091583
LLAMA-7B,k-hi,32,A5,1,18.762125574726088,184.11595178897556,165.35382621424947,16,140.57455909768603,140.74422738296576,121.81243352295995,43.54139269128953
LLAMA-7B,k-hi,32,A6,0,0.0,18.762125574726088,18.762125574726088,16,2.0795258638102565,2.144335996249888,2.0795258638102565,16.68259971091583
LLAMA-7B,k-hi,32,A6,1,18.762125574726088,184.11595178897556,165.35382621424947,16,140.57455909768603,140.74422738296576,121.81243352295995,43.54139269128953
LLAMA-7B,k-lo,2,A1,0,0.0,119.59722282433943,119.59722282433943,16,59.232693069949434,59.467957897602716,59.232693069949434,60.36452975438999
LLAMA-7B,k-lo,2,A1,1,119.59722282433943,329.1008001692076,209.50357734486818,16,241.06323334635283,241.40676392453327,121.4660105220134,88.03756682285479
LLAMA-7B,k-lo,2,A2,0,0.0,88.54363177641629,88.54363177641629,16,88.54363177641629,2.096898701330591,88.54363177641629,0.0
LLAMA-7B,k-lo,2,A2,1,88.54363177641629,216.83575622122513,128.29212444480885,16,216.83575622122513,0.0,128.29212444480885,0.0
LLAMA-7B,k-lo,2,A3,0,0.0,55.56697704900128,55.56697704900128,16,1.6888116888616795,1.8989163670948366,1.6888116888616795,53.878165360139604
LLAMA-7B,k-lo,2,A3,1,55.56697704900128,139.36089657136853,83.79391952236725,16,57.189423842412594,57.507949801844994,1.6224467934113136,82.17147272895593
LLAMA-7B,k-lo,2,A3a,0,0.0,55.56697704900128,55.56697704900128,16,1.6888116888616795,1.8989163670948366,1.6888116888616795,53.878165360139604
LLAMA-7B,k-lo,2,A3a,1,55.56697704900128,137.8568109781802,82.28983392917891,16,57.189423842412594,57.5040568633679,1.6224467934113136,80.6673871357676
LLAMA-7B,k-lo,2,A3b,0,0.0,55.56697704900128,55.56697704900128,16,1.6888116888616795,1.8989163670948366,1.6888116888616795,53.878165360139604
LLAMA-7B,k-lo,2,A3b,1,55.56697704900128,139.36089657136853,83.79391952236725,16,57.189423842412594,57.507949801844994,1.6224467934113136,82.17147272895593
LLAMA-7B,k-lo,2,A4,0,0.0,55.56531608094392,55.56531608094392,16,1.683320127750514,1.8934404017583095,1.683320127750514,53.88199595319341
LLAMA-7B,k-lo,2,A4,1,55.56531608094392,137.8407884815321,82.27547240058817,16,57.17966510877134,57.49433884778435,1.6143490278274157,80.66112337276076
LLAMA-7B,k-lo,2,A4b,0,0.0,55.5225288715908,55.5225288715908,16,1.683320127750514,1.8932732642222565,1.683320127750514,53.83920874384029
LLAMA-7B,k-lo,2,A4b,1,55.5225288715908,138.1500531612893,82.6275242896985,16,57.13687789941822,57.45292033539721,1.6143490278274157,81.01317526187108
LLAMA-7B,k-lo,2,A5,0,0.0,18.762125574726088,18.762125574726088,16,2.0795258638102565,2.144335996249888,2.0795258638102565,16.68259971091583
LLAMA-7B,k-lo,2,A5,1,18.762125574726088,80.40866889695151,61.646543322225426,16,44.53316451252049,44.672887921619676,25.771038937794405,35.87550438443102
LLAMA-7B,k-lo,2,A6,0,0.0,18.762125574726088,18.762125574726088,16,2.0795258638102565,2.144335996249888,2.0795258638102565,16.68259971091583
LLAMA-7B,k-lo,2,A6,1,18.762125574726088,80.40866889695151,61.646543322225426,16,44.53316451252049,44.672887921619676,25.771038937794405,35.87550438443102
LLAMA-7B,pipeline,8,A1,0,0.0,8.672355535110123,8.672355535110123,1,3.7025515638709385,3.721931478343803,3.7025515638709385,4.969803971239184
LLAMA-7B,pipeline,8,A1,1,8.672355535110123,17.571202930071728,8.898847394961605,1,12.45833710246908,12.47828674135824,3.7859815673589576,5.112865827602647
LLAMA-7B,pipeline,8,A1,2,17.571202930071728,26.66806381708175,9.096860887010024,1,21.456823079963037,21.47715660365241,3.8856201498913094,5.211240737118715
LLAMA-7B,pipeline,8,A1,3,26.66806381708175,35.96102771374058,9.292963896658826,1,30.65068485182105,30.671408953686363,3.9826210347392994,5.310342861919526
LLAMA-7B,pipeline,8,A2,0,0.0,7.968351733965723,7.968351733965723,1,7.968351733965723,1.3731548697047575,7.968351733965723,0.0
LLAMA-7B,pipeline,8,A2,1,7.968351733965723,14.773715648995768,6.805363915030045,1,14.773715648995768,0.0,6.805363915030045,0.0
LLAMA-7B,pipeline,8,A2,2,14.773715648995768,21.735614559635817,6.961898910640048,1,21.735614559635817,0.0,6.961898910640048,0.0
LLAMA-7B,pipeline,8,A2,3,21.735614559635817,28.85404846588591,7.118433906250093,1,28.85404846588591,0.0,7.118433906250093,0.0
LLAMA-7B,pipeline,8,A4,0,0.0,6.243104019369783,6.243104019369783,1,1.2675633658478505,1.2869663943126588,1.2675633658478505,4.975540653521932
LLAMA-7B,pipeline,8,A4,1,6.243104019369783,11.4930760074572,5.249971988087417,1,6.271891301062291,6.2922627239531534,0.028787281692507882,5.221184706394909
LLAMA-7B,pipeline,8,A4,2,11.4930760074572,16.847617106805963,5.354541099348763,1,11.52253002975499,11.543308629062178,0.029454022297789706,5.3250870770509735
LLAMA-7B,pipeline,8,A4,3,16.847617106805963,22.300328671907845,5.4527115651018825,1,16.877737869708834,16.89890069097622,0.03012076290287169,5.422590802199011
LLAMA-7B,pipeline,8,A4b,0,0.0,6.2654305378659645,6.2654305378659645,1,1.2675633658478505,1.2870633990486715,1.2675633658478505,4.997867172018114
LLAMA-7B,pipeline,8,A4b,1,6.2654305378659645,11.495213162986385,5.2297826251204205,1,6.294217819558472,6.314519134257358,0.028787281692507882,5.200995343427913
LLAMA-7B,pipeline,8,A4b,2,11.495213162986385,16.795480038652673,5.3002668756662885,1,11.524667185284175,11.545226232015166,0.029454022297789706,5.270812853368499
LLAMA-7B,pipeline,8,A4b,3,16.795480038652673,22.226057691843273,5.4305776531906,1,16.825600801555545,16.846672819301983,0.03012076290287169,5.400456890287728
LLAMA-7B,pipeline,8,A5,0,0.0,6.2654305378659645,6.2654305378659645,1,1.2675633658478505,1.2870633990486715,1.2675633658478505,4.997867172018114
LLAMA-7B,pipeline,8,A5,1,6.2654305378659645,11.54857523687204,5.283144699006075,1,6.347579893443591,6.367881208142476,0.08214935557762626,5.200995343428449
LLAMA-7B,pipeline,8,A5,2,11.54857523687204,16.903755082299078,5.355179845427038,1,11.632942228929918,11.65350127566091,0.08436699205787868,5.27081285336916
LLAMA-7B,pipeline,8,A5,3,16.903755082299078,22.390579868284966,5.486824785985888,1,16.99012297799724,17.011194995743676,0.08636789569816017,5.400456890287728
LLAMA-7B,pipeline,8,A6,0,0.0,6.2654305378659645,6.2654305378659645,1,1.2675633658478505,1.2870633990486715,1.2675633658478505,4.997867172018114
LLAMA-7B,pipeline,8,A6,1,6.2654305378659645,11.54857523687204,5.283144699006075,1,6.347579893443591,6.367881208142476,0.08214935557762626,5.200995343428449
LLAMA-7B,pipeline,8,A6,2,11.54857523687204,16.903755082299078,5.355179845427038,1,11.632942228929918,11.65350127566091,0.08436699205787868,5.27081285336916
LLAMA-7B,pipeline,8,A6,3,16.903755082299078,22.390579868284966,5.486824785985888,1,16.99012297799724,17.011194995743676,0.08636789569816017,5.400456890287728
LLAMA-7B,private,8,A1,0,0.0,119.59722282433943,119.59722282433943,16,59.232693069949434,59.467957897602716,59.232693069949434,60.36452975438999
LLAMA-7B,private,8,A1,1,119.59722282433943,329.1008001692076,209.50357734486818,16,241.06323334635283,241.40676392453327,121.4660105220134,88.03756682285479
LLAMA-7B,private,8,A2,0,0.0,107.6387431221066,107.6387431221066,16,107.6387431221066,21.19201004701862,107.6387431221066,0.0
LLAMA-7B,private,8,A2,1,107.6387431221066,262.6815649116464,155.04282178953977,16,262.6815649116464,0.0,155.04282178953977,0.0
LLAMA-7B,private,8,A3,0,0.0,81.1599865744467,81.1599865744467,16,20.89129721695227,21.126355602762487,20.89129721695227,60.26868935749444
LLAMA-7B,private,8,A3,1,81.1599865744467,198.178935214518,117.01894864007129,16,109.64740277740039,109.99026587761942,28.487416202953682,88.5315324371176
LLAMA-7B,private,8,A3a,0,0.0,81.1599865744467,81.1599865744467,16,20.89129721695227,21.126355602762487,20.89129721695227,60.26868935749444
LLAMA-7B,private,8,A3a,1,81.1599865744467,197.6544730313551,116.4944864569084,16,109.64740277740039,109.99065253413941,28.487416202953682,88.00707025395472
LLAMA-7B,private,8,A3b,0,0.0,81.1599865744467,81.1599865744467,16,20.89129721695227,21.126355602762487,20.89129721695227,60.26868935749444
LLAMA-7B,private,8,A3b,1,81.1599865744467,198.178935214518,117.01894864007129,16,109.64740277740039,109.99026587761942,28.487416202953682,88.5315324371176
LLAMA-7B,private,8,A4,0,0.0,81.21584627864657,81.21584627864657,16,20.885805655838354,21.121103695032424,20.885805655838354,60.33004062280821
LLAMA-7B,private,8,A4,1,81.21584627864657,197.9023007830938,116.68645450444724,16,109.69515263190767,110.03935697275917,28.47930635326111,88.20714815118613
LLAMA-7B,private,8,A4b,0,0.0,81.6328195820575,81.6328195820575,16,20.885805655838354,21.12273727249775,20.885805655838354,60.74701392621914
LLAMA-7B,private,8,A4b,1,81.6328195820575,198.5053944250137,116.8725748429562,16,110.1121259353186,110.45704164428594,28.47930635326111,88.39326848969509
LLAMA-7B,private,8,A5,0,0.0,435.75037103875894,435.75037103875894,16,376.1208138590032,376.35338041024363,376.1208138590032,59.62955717975575
LLAMA-7B,private,8,A5,1,435.75037103875894,1136.57879459068,700.8284235519211,16,1057.113815605465,1057.4238551835958,621.3634445667062,79.46497898521488
LLAMA-7B,private,8,A6,0,0.0,435.75037103875894,435.75037103875894,16,376.1208138590032,376.35338041024363,376.1208138590032,59.62955717975575
LLAMA-7B,private,8,A6,1,435.75037103875894,1136.57879459068,700.8284235519211,16,1057.113815605465,1057.4238551835958,621.3634445667062,79.46497898521488
LLAMA-7B,reduce,8,A1,0,0.0,119.60127374869862,119.60127374869862,16,59.23674399430741,59.47200882196069,59.23674399430741,60.36452975439121
LLAMA-7B,reduce,8,A1,1,119.60127374869862,133.88963116572148,14.288357417022866,1,127.19026237978521,127.21640890366477,7.588988631086593,6.699368785936272
LLAMA-7B,reduce,8,A2,0,0.0,88.54363177641629,88.54363177641629,16,88.54363177641629,2.096898701330591,88.54363177641629,0.0
LLAMA-7B,reduce,8,A2,1,88.54363177641629,98.52436624383026,9.980734467413967,1,98.52436624383026,0.0,9.980734467413967,0.0
LLAMA-7B,reduce,8,A3,0,0.0,55.566994969000994,55.566994969000994,16,1.6888116888616795,1.8989164370948366,1.6888116888616795,53.87818328013932
LLAMA-7B,reduce,8,A3,1,55.566994969000994,63.239692437765925,7.67269746876493,1,56.43721711425643,56.46377860573172,0.8702221452554326,6.802475323509498
LLAMA-7B,reduce,8,A3a,0,0.0,55.566994969000994,55.566994969000994,16,1.6888116888616795,1.8989164370948366,1.6888116888616795,53.87818328013932
LLAMA-7B,reduce,8,A3a,1,55.566994969000994,63.33093194250579,7.763936973504798,1,56.43721711425643,56.46412264298927,0.8702221452554326,6.893714828249365
LLAMA-7B,reduce,8,A3b,0,0.0,55.566994969000994,55.566994969000994,16,1.6888116888616795,1.8989164370948366,1.6888116888616795,53.87818328013932
LLAMA-7B,reduce,8,A3b,1,55.566994969000994,63.239692437765925,7.67269746876493,1,56.43721711425643,56.46377860573172,0.8702221452554326,6.802475323509498
LLAMA-7B,reduce,8,A4,0,0.0,55.56486214077261,55.56486214077261,16,1.683320127750514,1.893440361758308,1.683320127750514,53.8815420130221
LLAMA-7B,reduce,8,A4,1,55.56486214077261,63.353597539298235,7.788735398525624,1,56.43458567252419,56.4615901722084,0.8697235317515819,6.919011866774042
LLAMA-7B,reduce,8,A4b,0,0.0,55.522074931419695,55.522074931419695,16,1.683320127750514,1.893273224222255,1.683320127750514,53.83875480366918
LLAMA-7B,reduce,8,A4b,1,55.522074931419695,63.366558646519046,7.844483715099351,1,56.39179846317128,56.4190208666952,0.8697235317515819,6.974760183347769
LLAMA-7B,reduce,8,A5,0,0.0,18.761671034712595,18.761671034712595,16,2.0795252638102584,2.14433535624989,2.0795252638102584,16.682145770902338
LLAMA-7B,reduce,8,A5,1,18.761671034712595,44.875226199519865,26.11355516480727,1,37.900466016172096,37.92768841969602,19.1387949814595,6.974760183347769
LLAMA-7B,reduce,8,A6,0,0.0,18.761671034712595,18.761671034712595,16,2.0795252638102584,2.14433535624989,2.0795252638102584,16.682145770902338
LLAMA-7B,reduce,8,A6,1,18.761671034712595,44.875226199519865,26.11355516480727,1,37.900466016172096,37.92768841969602,19.1387949814595,6.974760183347769
LLAMA-7B,supervisor,8,A1,0,0.0,8.67209355526612,8.67209355526612,1,3.7022895840269396,3.721669498499804,3.7022895840269396,4.96980397123918
LLAMA-7B,supervisor,8,A1,1,8.67209355526612,131.89898385209656,123.22689029683045,16,69.24546440887444,69.48984482719389,60.573370853608324,62.65351944322212
LLAMA-7B,supervisor,8,A1,2,131.89898385209656,146.43272857425183,14.533744722155262,1,139.6307849819612,139.65732208401897,7.731801129864635,6.801943592290627
LLAMA-7B,supervisor,8,A1,3,146.43272857425183,275.9685786838763,129.53585010962445,16,210.15542666155346,210.41219848761324,63.72269808730164,65.81315202232281
LLAMA-7B,supervisor,8,A2,0,0.0,7.968351733965723,7.968351733965723,1,7.968351733965723,1.3731548697047575,7.968351733965723,0.0
LLAMA-7B,supervisor,8,A2,1,7.968351733965723,97.70296217973038,89.73461044576466,16,97.70296217973038,0.0,89.73461044576466,0.0
LLAMA-7B,supervisor,8,A2,2,97.70296217973038,107.8526075731294,10.149645393399027,1,107.8526075731294,0.0,10.149645393399027,0.0
LLAMA-7B,supervisor,8,A2,3,107.8526075731294,202.59633787843796,94.74373030530856,16,202.59633787843796,0.0,94.74373030530856,0.0
LLAMA-7B,supervisor,8,A3,0,0.0,6.238377434674979,6.238377434674979,1,1.267906588417293,1.287289102890142,1.267906588417293,4.970470846257687
LLAMA-7B,supervisor,8,A3,1,6.238377434674979,64.00364539297799,57.765267958303006,16,6.704626408719981,6.926936236112654,0.4662489740450013,57.299018984258005
LLAMA-7B,supervisor,8,A3,2,64.00364539297799,71.78799783241709,7.784352439439104,1,64.88692059023596,64.9138670839665,0.8832751972579729,6.901077242181131
LLAMA-7B,supervisor,8,A3,3,71.78799783241709,132.87995936591898,61.09196153350189,16,72.27591469854258,72.51034176509228,0.487916866125488,60.6040446673764
LLAMA-7B,supervisor,8,A3a,0,0.0,6.238377434674979,6.238377434674979,1,1.267906588417293,1.287289102890142,1.267906588417293,4.970470846257687
LLAMA-7B,supervisor,8,A3a,1,6.238377434674979,63.68052338959456,57.44214595491958,16,6.704626408719981,6.9268316011128634,0.4662489740450013,56.97589698087458
LLAMA-7B,supervisor,8,A3a,2,63.68052338959456,71.56013046099726,7.879607071402695,1,64.56379858685251,64.59109485876073,0.8832751972579516,6.996331874144744
LLAMA-7B,supervisor,8,A3a,3,71.56013046099726,132.16312606211156,60.6029956011143,16,72.04804732712275,72.2823532736755,0.487916866125488,60.11507873498881
LLAMA-7B,supervisor,8,A3b,0,0.0,6.238377434674979,6.238377434674979,1,1.267906588417293,1.287289102890142,1.267906588417293,4.970470846257687
LLAMA-7B,supervisor,8,A3b,1,6.238377434674979,64.00364539297799,57.765267958303006,16,6.704626408719981,6.926936236112654,0.4662489740450013,57.299018984258005
LLAMA-7B,supervisor,8,A3b,2,64.00364539297799,71.78799783241709,7.784352439439104,1,64.88692059023596,64.9138670839665,0.8832751972579729,6.901077242181131
LLAMA-7B,supervisor,8,A3b,3,71.78799783241709,132.87995936591898,61.09196153350189,16,72.27591469854258,72.51034176509228,0.487916866125488,60.6040446673764
LLAMA-7B,supervisor,8,A4,0,0.0,6.243101459369696,6.243101459369696,1,1.2675633658478505,1.2869663843126589,1.2675633658478505,4.975538093521846
LLAMA-7B,supervisor,8,A4,1,6.243101459369696,63.813369124907304,57.57026766553761,16,6.703697966449822,6.9264282492747205,0.4605965070801261,57.10967115845748
LLAMA-7B,supervisor,8,A4,2,63.813369124907304,71.71768580353468,7.904316678627374,1,64.69613532763863,64.72353086549869,0.8827662027313252,7.021550475896049
LLAMA-7B,supervisor,8,A4,3,71.71768580353468,132.49412113810817,60.77643533457349,16,72.19961800998966,72.43478904766489,0.48193220645498513,60.29450312811851
LLAMA-7B,supervisor,8,A4b,0,0.0,6.265427977865877,6.265427977865877,1,1.2675633658478505,1.2870633890486716,1.2675633658478505,4.997864612018026
LLAMA-7B,supervisor,8,A4b,1,6.265427977865877,63.792908435051004,57.52748045718513,16,6.726024484946003,6.948587630233896,0.4605965070801261,57.066883950105
LLAMA-7B,supervisor,8,A4b,2,63.792908435051004,71.74932861714554,7.956420182094533,1,64.67567463778234,64.70328574172557,0.8827662027313323,7.0736539793632005
LLAMA-7B,supervisor,8,A4b,3,71.74932861714554,132.39468087594176,60.64535225879622,16,72.23126082360052,72.46591981801329,0.48193220645498513,60.16342005234124
LLAMA-7B,supervisor,8,A5,0,0.0,6.265427977865877,6.265427977865877,1,1.2675633658478505,1.2870633890486716,1.2675633658478505,4.997864612018026
LLAMA-7B,supervisor,8,A5,1,6.265427977865877,27.490092434199628,21.224664456333752,16,7.579817517107885,7.657237658363742,1.3143895392420077,19.910274917091744
LLAMA-7B,supervisor,8,A5,2,27.490092434199628,54.07909391913319,26.589001484933565,1,47.0054399408359,47.03305104477477,19.51534750663627,7.073653978297294
LLAMA-7B,supervisor,8,A5,3,54.07909391913319,78.46779101999346,24.388697100860263,16,55.460979995224626,55.55049598566299,1.3818860760914333,23.00681102476883
LLAMA-7B,supervisor,8,A6,0,0.0,6.265427977865877,6.265427977865877,1,1.2675633658478505,1.2870633890486716,1.2675633658478505,4.997864612018026
LLAMA-7B,supervisor,8,A6,1,6.265427977865877,27.490092434199628,21.224664456333752,16,7.579817517107885,7.657237658363742,1.3143895392420077,19.910274917091744
LLAMA-7B,supervisor,8,A6,2,27.490092434199628,54.07909391913319,26.589001484933565,1,47.0054399408359,47.03305104477477,19.51534750663627,7.073653978297294
LLAMA-7B,supervisor,8,A6,3,54.07909391913319,78.46779101999346,24.388697100860263,16,55.460979995224626,55.55049598566299,1.3818860760914333,23.00681102476883
LLAMA3-8B,C-hi,8,A1,0,0.0,514.5571879414769,514.5571879414769,16,412.2764148168392,412.675546376948,412.2764148168392,102.28077312463768
LLAMA3-8B,C-hi,8,A1,1,514.5571879414769,1270.6213729704898,756.064185029013,16,1143.7209708250296,1144.2162728109536,629.1637828835527,126.90040214546025
LLAMA3-8B,C-hi,8,A2,0,0.0,81.6447902310951,81.6447902310951,16,81.6447902310951,5.129763805919367,81.6447902310951,0.0
LLAMA3-8B,C-hi,8,A2,1,81.6447902310951,180.82623748923646,99.18144725814136,16,180.82623748923646,0.0,99.18144725814136,0.0
LLAMA3-8B,C-hi,8,A3,0,0.0,106.48690753394935,106.48690753394935,16,4.882963697706942,5.279538908662276,4.882963697706942,101.60394383624241
LLAMA3-8B,C-hi,8,A3,1,106.48690753394935,242.1024479516066,135.61554041765726,16,111.40466301092151,111.91282289711495,4.917755476972161,130.6977849406851
LLAMA3-8B,C-hi,8,A3a,0,0.0,106.48690753394935,106.48690753394935,16,4.882963697706942,5.279538908662276,4.882963697706942,101.60394383624241
LLAMA3-8B,C-hi,8,A3a,1,106.48690753394935,241.61946070872068,135.13255317477132,16,111.40466301092151,111.91300154077307,4.917755476972161,130.21479769779916
LLAMA3-8B,C-hi,8,A3b,0,0.0,106.15856840482954,106.15856840482954,16,4.882963697706942,5.278222718456605,4.882963697706942,101.2756047071226
LLAMA3-8B,C-hi,8,A3b,1,106.15856840482954,240.70215096989782,134.54358256506828,16,111.0763238818017,111.57995204376219,4.917755476972161,129.62582708809612
LLAMA3-8B,C-hi,8,A4,0,0.0,106.47169063902628,106.47169063902628,16,4.87215705287705,5.268715663832346,4.87215705287705,101.59953358614922
LLAMA3-8B,C-hi,8,A4,1,106.47169063902628,241.5757053566792,135.10401471765294,16,111.37635337533901,111.88464244446179,4.90466273631273,130.19935198134021
LLAMA3-8B,C-hi,8,A4b,0,0.0,106.4270059457932,106.4270059457932,16,4.87215705287705,5.268511700701048,4.87215705287705,101.55484889291614
LLAMA3-8B,C-hi,8,A4b,1,106.4270059457932,240.57665563715176,134.14964969135855,16,111.33166868210593,111.83627479548572,4.90466273631273,129.24498695504582
LLAMA3-8B,C-hi,8,A5,0,0.0,34.143380656269194,34.143380656269194,16,5.643281751734968,5.754266282437364,5.643281751734968,28.500098904534227
LLAMA3-8B,C-hi,8,A5,1,34.143380656269194,183.58474760979922,149.44136695353004,16,135.6345510185713,135.82159935702015,101.49117036230211,47.95019659122792
LLAMA3-8B,C-hi,8,A6,0,0.0,34.143380656269194,34.143380656269194,16,5.643281751734968,5.754266282437364,5.643281751734968,28.500098904534227
LLAMA3-8B,C-hi,8,A6,1,34.143380656269194,86.99823999665087,52.85485934038167,16,39.04804339258329,39.23509173105865,4.904662736314094,47.95019660406758
LLAMA3-8B,C-lo,8,A1,0,0.0,61.77992052426457,61.77992052426457,16,31.407040178563303,31.525371228647256,31.407040178563303,30.372880345701265
LLAMA3-8B,C-lo,8,A1,1,61.77992052426457,222.28230957747405,160.50238905320947,16,169.24079473633287,169.44758544376532,107.4608742120683,53.04151484114118
LLAMA3-8B,C-lo,8,A2,0,0.0,23.790016684328737,23.790016684328737,16,23.790016684328737,0.8017729580074382,23.790016684328737,0.0
LLAMA3-8B,C-lo,8,A2,1,23.790016684328737,66.13935256791483,42.34933588358609,16,66.13935256791483,0.0,42.34933588358609,0.0
LLAMA3-8B,C-lo,8,A3,0,0.0,30.785260330785526,30.785260330785526,16,0.7873403966705136,0.9042045767768466,0.7873403966705136,29.997919934115014
LLAMA3-8B,C-lo,8,A3,1,30.785260330785526,87.86033924858407,57.07507891779854,16,32.33598711958583,32.55128068825156,1.5507267888003042,55.52435212899824
LLAMA3-8B,C-lo,8,A3a,0,0.0,30.785260330785526,30.785260330785526,16,0.7873403966705136,0.9042045767768466,0.7873403966705136,29.997919934115014
LLAMA3-8B,C-lo,8,A3a,1,30.785260330785526,87.28346269702105,56.498202366235525,16,32.33598711958583,32.55030178328753,1.5507267888003042,54.94747557743522
LLAMA3-8B,C-lo,8,A3b,0,0.0,30.463372041264897,30.463372041264897,16,0.7873403966705136,0.9029135851655335,0.7873403966705136,29.676031644594385
LLAMA3-8B,C-lo,8,A3b,1,30.463372041264897,86.5360290259756,56.0726569847107,16,32.01409883007616,32.22519101226147,1.5507267888112608,54.52193019589944
LLAMA3-8B,C-lo,8,A4,0,0.0,30.77801606158226,30.77801606158226,16,0.7845063774203177,0.9013539575266664,0.7845063774203177,29.993509684161943
LLAMA3-8B,C-lo,8,A4,1,30.77801606158226,87.3951761900698,56.61716012848754,16,32.323373590701465,32.538195664982986,1.5453575291192045,55.07180259936834
LLAMA3-8B,C-lo,8,A4b,0,0.0,30.249316812121595,30.249316812121595,16,0.7845063774203177,0.8992593125387175,0.7845063774203177,29.464810434701278
LLAMA3-8B,C-lo,8,A4b,1,30.249316812121595,86.67502448391697,56.42570767179538,16,31.794674341241933,32.00879358698371,1.5453575291203379,54.88035014267504
LLAMA3-8B,C-lo,8,A5,0,0.0,11.842088589266064,11.842088589266064,16,0.9808946553969272,1.0229772135553306,0.9808946553969272,10.861193933869137
LLAMA3-8B,C-lo,8,A5,1,11.842088589266064,62.62065689434407,50.77856830507801,16,35.13228500076001,35.23940433150663,23.290196411493945,27.488371893584066
LLAMA3-8B,C-lo,8,A6,0,0.0,11.842088589266064,11.842088589266064,16,0.9808946553969272,1.0229772135553306,0.9808946553969272,10.861193933869137
LLAMA3-8B,C-lo,8,A6,1,11.842088589266064,40.87581800986187,29.033729420595805,16,13.38744611838697,13.494565449125734,1.5453575291209063,27.4883718914749
LLAMA3-8B,D-hi,8,A1,0,0.0,163.69218184043356,163.69218184043356,16,110.65066700913573,110.85745771645085,110.65066700913573,53.04151483129783
LLAMA3-8B,D-hi,8,A1,1,163.69218184043356,475.64135117541304,311.9491693349795,16,397.2738402971649,397.5795606766173,233.58165845673133,78.36751087824814
LLAMA3-8B,D-hi,8,A1,2,475.64135117541304,793.9725329692527,318.3311817938397,16,713.8455555660702,714.158148861622,238.20420439065714,80.12697740318254
LLAMA3-8B,D-hi,8,A1,3,793.9725329692527,1118.0719860008135,324.09945303156076,16,1036.2269310018196,1036.5463972125322,242.25439803256688,81.84505499899387
LLAMA3-8B,D-hi,8,A2,0,0.0,42.68006531467846,42.68006531467846,16,42.68006531467846,1.8495606887367004,42.68006531467846,0.0
LLAMA3-8B,D-hi,8,A2,1,42.68006531467846,103.7619792682093,61.081913953530844,16,103.7619792682093,0.0,61.081913953530844,0.0
LLAMA3-8B,D-hi,8,A2,2,103.7619792682093,165.99398122048984,62.23200195228054,16,165.99398122048984,0.0,62.23200195228054,0.0
LLAMA3-8B,D-hi,8,A2,3,165.99398122048984,229.37607117152083,63.38208995103099,16,229.37607117152083,0.0,63.38208995103099,0.0
LLAMA3-8B,D-hi,8,A3,0,0.0,55.720120538452555,55.720120538452555,16,1.7951689104958644,2.0054980581543127,1.7951689104958644,53.92495162795669
LLAMA3-8B,D-hi,8,A3,1,55.720120538452555,139.08863502967992,83.36851449122736,16,58.1817311684156,58.49595686158812,2.4616106299630474,80.90690386126431
LLAMA3-8B,D-hi,8,A3,2,139.08863502967992,224.24011957849345,85.15148454881353,16,141.58636591848958,141.9070643547155,2.497730888809656,82.65375366000387
LLAMA3-8B,D-hi,8,A3,3,224.24011957849345,310.88955286449595,86.6494332860025,16,226.77397072614778,227.10122278409904,2.5338511476543317,84.11558213834817
LLAMA3-8B,D-hi,8,A3a,0,0.0,55.720120538452555,55.720120538452555,16,1.7951689104958644,2.0054980581543127,1.7951689104958644,53.92495162795669
LLAMA3-8B,D-hi,8,A3a,1,55.720120538452555,138.66590135614925,82.94578081769669,16,58.1817311684156,58.49572857725763,2.4616106299630474,80.48417018773364
LLAMA3-8B,D-hi,8,A3a,2,138.66590135614925,223.34798986936104,84.6820885132118,16,141.1636322449589,141.48435186322442,2.497730888809656,82.18435762440214
LLAMA3-8B,D-hi,8,A3a,3,223.34798986936104,309.45447224173705,86.10648237237601,16,225.88184101701538,226.20790273684273,2.5338511476543317,83.57263122472168
LLAMA3-8B,D-hi,8,A3b,0,0.0,55.39339412035266,55.39339412035266,16,1.7951689104958644,2.004188167599275,1.7951689104958644,53.59822520985679
LLAMA3-8B,D-hi,8,A3b,1,55.39339412035266,138.56285834630012,83.16946422594745,16,57.85500475031571,58.16886121163133,2.4616106299630474,80.7078535959844
LLAMA3-8B,D-hi,8,A3b,2,138.56285834630012,223.18653289186898,84.62367454556886,16,141.06058923510977,141.37947070155607,2.497730888809656,82.1259436567592
LLAMA3-8B,D-hi,8,A3b,3,223.18653289186898,309.1600703636208,85.9735374717518,16,225.7203840395233,226.0447895290155,2.5338511476543317,83.43968632409747
LLAMA3-8B,D-hi,8,A4,0,0.0,55.71022641727374,55.71022641727374,16,1.7896773493846987,1.9999899370431202,1.7896773493846987,53.92054906788904
LLAMA3-8B,D-hi,8,A4,1,55.71022641727374,138.83964097484198,83.12941455756825,16,58.16389329390385,58.47872982737938,2.453666876630109,80.67574768093814
LLAMA3-8B,D-hi,8,A4,2,138.83964097484198,223.32971803658535,84.49007706174336,16,141.32926201396225,141.64925063439836,2.4896210391202658,82.0004560226231
LLAMA3-8B,D-hi,8,A4,3,223.32971803658535,309.28817323530075,85.9584551987154,16,225.85529323818406,226.18080907466396,2.5255752015987127,83.43287999711669
LLAMA3-8B,D-hi,8,A4b,0,0.0,55.38019286758339,55.38019286758339,16,1.7896773493846987,1.9986713299435004,1.7896773493846987,53.59051551819869
LLAMA3-8B,D-hi,8,A4b,1,55.38019286758339,137.7839448190196,82.40375195143622,16,57.8338597442135,58.145906690748326,2.453666876630109,79.95008507480611
LLAMA3-8B,D-hi,8,A4b,2,137.7839448190196,221.36637346103447,83.58242864201486,16,140.27356585813988,140.58999633457353,2.4896210391202658,81.0928076028946
LLAMA3-8B,D-hi,8,A4b,3,221.36637346103447,306.46128881939,85.09491535835554,16,223.89194866263318,224.21412211810394,2.5255752015987127,82.56934015675682
LLAMA3-8B,D-hi,8,A5,0,0.0,19.049196166462867,19.049196166462867,16,2.189458674324725,2.2549730532195715,2.189458674324725,16.85973749213814
LLAMA3-8B,D-hi,8,A5,1,19.049196166462867,97.05283451004745,78.00363834358458,16,62.193109958952434,62.329022684695325,43.14391379248957,34.85972455109501
LLAMA3-8B,D-hi,8,A5,2,97.05283451004745,176.94953069421823,79.89669618417078,16,140.9470836117312,141.087379867382,43.89424910168374,36.00244708248704
LLAMA3-8B,D-hi,8,A5,3,176.94953069421823,258.9837010338938,82.03417033967557,16,221.5047213982023,221.6507606328902,44.55519070398407,37.4789796356915
LLAMA3-8B,D-hi,8,A6,0,0.0,19.049196166462867,19.049196166462867,16,2.189458674324725,2.2549730532195715,2.189458674324725,16.85973749213814
LLAMA3-8B,D-hi,8,A6,1,19.049196166462867,56.36258758015782,37.31339141369496,16,21.502863043094056,21.63877576883028,2.453666876631189,34.85972453706377
LLAMA3-8B,D-hi,8,A6,2,56.36258758015782,94.8546556936047,38.49206811344688,16,58.85220861927024,58.99250487484452,2.4896210391124214,36.002447074334455
LLAMA3-8B,D-hi,8,A6,3,94.8546556936047,134.85921052442623,40.00455483082153,16,97.38023089519886,97.52627012985248,2.5255752015941653,37.47897962922737
LLAMA3-8B,D-lo,8,A1,0,0.0,163.70131370928658,163.70131370928658,16,110.65979887798356,110.86658958529868,110.65979887798356,53.04151483130302
LLAMA3-8B,D-lo,8,A2,0,0.0,42.68006531467846,42.68006531467846,16,42.68006531467846,1.8495606887367004,42.68006531467846,0.0
LLAMA3-8B,D-lo,8,A3,0,0.0,55.72005909843562,55.72005909843562,16,1.7951689104958644,2.005497818154314,1.7951689104958644,53.92489018793975
LLAMA3-8B,D-lo,8,A3a,0,0.0,55.72005909843562,55.72005909843562,16,1.7951689104958644,2.005497818154314,1.7951689104958644,53.92489018793975
LLAMA3-8B,D-lo,8,A3b,0,0.0,55.39333268033583,55.39333268033583,16,1.7951689104958644,2.0041879275992764,1.7951689104958644,53.598163769839964
LLAMA3-8B,D-lo,8,A4,0,0.0,55.70946400214129,55.70946400214129,16,1.7896773493846987,1.9999886970431136,1.7896773493846987,53.91978665275659
LLAMA3-8B,D-lo,8,A4b,0,0.0,55.37943045245177,55.37943045245177,16,1.7896773493846987,1.9986700899434937,1.7896773493846987,53.589753103067075
LLAMA3-8B,D-lo,8,A5,0,0.0,19.048416431468958,19.048416431468958,16,2.1894413543243996,2.2549544932192536,2.1894413543243996,16.858975077144557
LLAMA3-8B,D-lo,8,A6,0,0.0,19.048416431468958,19.048416431468958,16,2.1894413543243996,2.2549544932192536,2.1894413543243996,16.858975077144557
LLAMA3-8B,N-hi,8,A2,0,0.0,166.49227790857165,166.49227790857165,64,166.49227790857165,3.170269890582668,166.49227790857165,0.0
LLAMA3-8B,N-hi,8,A2,1,166.49227790857165,636.1232997939993,469.6310218854277,64,636.1232997939993,0.0,469.6310218854277,0.0
LLAMA3-8B,N-lo,8,A1,0,0.0,41.77283577848916,41.77283577848916,4,27.664133676690227,27.719145116794294,27.664133676690227,14.108702101798933
LLAMA3-8B,N-lo,8,A1,1,41.77283577848916,91.43296735402701,49.660131575537854,4,75.56470427252508,75.62658862858699,33.79186849403592,15.868263081501937
LLAMA3-8B,N-lo,8,A2,0,0.0,12.575295508567152,12.575295508567152,4,12.575295508567152,1.52269874270784,12.575295508567152,0.0
LLAMA3-8B,N-lo,8,A2,1,12.575295508567152,25.21128024562849,12.635984737061339,4,25.21128024562849,0.0,12.635984737061339,0.0
LLAMA3-8B,N-lo,8,A3,0,0.0,15.775279509386262,15.775279509386262,4,1.4457335628294357,1.5016295530235593,1.4457335628294357,14.329545946556827
LLAMA3-8B,N-lo,8,A3,1,15.775279509386262,32.82675385040439,17.051474341018125,4,16.249645756128366,16.31333761268929,0.4743662467421039,16.57710809427602
LLAMA3-8B,N-lo,8,A3a,0,0.0,15.775279509386262,15.775279509386262,4,1.4457335628294357,1.5016295530235593,1.4457335628294357,14.329545946556827
LLAMA3-8B,N-lo,8,A3a,1,15.775279509386262,32.74952899565318,16.974249486266917,4,16.249645756128366,16.314000146832605,0.4743662467421039,16.499883239524813
LLAMA3-8B,N-lo,8,A3b,0,0.0,15.693597904647623,15.693597904647623,4,1.4457335628294357,1.5013020803848005,1.4457335628294357,14.247864341818188
LLAMA3-8B,N-lo,8,A3b,1,15.693597904647623,32.569119067539695,16.87552116289207,4,16.16796415138973,16.23112705563327,0.4743662467421057,16.401154916149967
LLAMA3-8B,N-lo,8,A4,0,0.0,15.772777979106616,15.772777979106616,4,1.4443606725516482,1.5002525727457714,1.4443606725516482,14.328417306554968
LLAMA3-8B,N-lo,8,A4,1,15.772777979106616,32.65767680640471,16.884898827298095,4,16.245649034143568,16.30966776024882,0.47287105503695237,16.41202777226114
LLAMA3-8B,N-lo,8,A4b,0,0.0,15.690269591659227,15.690269591659227,4,1.4443606725516482,1.4999229209708664,1.4443606725516482,14.24590891910758
LLAMA3-8B,N-lo,8,A4b,1,15.690269591659227,32.53229856246033,16.842028970801106,4,16.16314064669626,16.226984945284645,0.4728710550370323,16.369157915764074
LLAMA3-8B,N-lo,8,A5,0,0.0,6.587530206228845,6.587530206228845,4,1.5243157935402363,1.5440081415434657,1.5243157935402363,5.063214412688609
LLAMA3-8B,N-lo,8,A5,1,6.587530206228845,21.607261879373226,15.019731673144381,4,14.16639348518263,14.195361652826351,7.578863278953785,7.440868394190597
LLAMA3-8B,N-lo,8,A6,0,0.0,6.587530206228845,6.587530206228845,4,1.5243157935402363,1.5440081415434657,1.5243157935402363,5.063214412688609
LLAMA3-8B,N-lo,8,A6,1,6.587530206228845,14.501269655173248,7.913739448944403,4,7.06040126126544,7.089369428909038,0.4728710550365953,7.440868393907808
LLAMA3-8B,baseline,8,A1,0,0.0,163.68031301445092,163.68031301445092,16,110.63879818315979,110.84558889047491,110.63879818315979,53.041514831291124
LLAMA3-8B,baseline,8,A1,1,163.68031301445092,475.6383764188702,311.9580634044193,16,397.2708655406221,397.5765859200745,233.59055252617117,78.36751087824814
LLAMA3-8B,baseline,8,A2,0,0.0,42.68006531467846,42.68006531467846,16,42.68006531467846,1.8495606887367004,42.68006531467846,0.0
LLAMA3-8B,baseline,8,A2,1,42.68006531467846,103.7619792682093,61.081913953530844,16,103.7619792682093,0.0,61.081913953530844,0.0
LLAMA3-8B,baseline,8,A3,0,0.0,55.72007957844336,55.72007957844336,16,1.7951689104958644,2.0054978981543137,1.7951689104958644,53.92491066794749
LLAMA3-8B,baseline,8,A3,1,55.72007957844336,139.0885467146569,83.36846713621354,16,58.18169020840641,58.49591572157886,2.4616106299630474,80.90685650625049
LLAMA3-8B,baseline,8,A3a,0,0.0,55.72007957844336,55.72007957844336,16,1.7951689104958644,2.0054978981543137,1.7951689104958644,53.92491066794749
LLAMA3-8B,baseline,8,A3a,1,55.72007957844336,138.66581048112437,82.945730902681,16,58.18169020840641,58.49568742724853,2.4616106299630474,80.48412027271796
LLAMA3-8B,baseline,8,A3b,0,0.0,55.393353160343516,55.393353160343516,16,1.7951689104958644,2.004188007599276,1.7951689104958644,53.59818424984765
LLAMA3-8B,baseline,8,A3b,1,55.393353160343516,138.5627700312775,83.16941687093399,16,57.85496379030656,58.16882007162212,2.4616106299630474,80.70780624097094
LLAMA3-8B,baseline,8,A4,0,0.0,55.71023793227808,55.71023793227808,16,1.7896773493846987,1.9999899770431218,1.7896773493846987,53.92056058289339
LLAMA3-8B,baseline,8,A4,1,55.71023793227808,138.83900705501122,83.12876912273313,16,58.16390480890819,58.47873978238426,2.453666876630109,80.67510224610302
LLAMA3-8B,baseline,8,A4b,0,0.0,55.38020438258772,55.38020438258772,16,1.7896773493846987,1.998671369943502,1.7896773493846987,53.590527033203024
LLAMA3-8B,baseline,8,A4b,1,55.38020438258772,137.78331089918893,82.40310651660121,16,57.83387125921783,58.14591664575319,2.453666876630109,79.9494396399711
LLAMA3-8B,baseline,8,A5,0,0.0,19.04920828146322,19.04920828146322,16,2.189459274324723,2.2549736932195694,2.189459274324723,16.859749007138497
LLAMA3-8B,baseline,8,A5,1,19.04920828146322,97.05125945024749,78.00205116878426,16,62.192180333999936,62.32809149974336,43.14297205253672,34.85907911624755
LLAMA3-8B,baseline,8,A6,0,0.0,19.04920828146322,19.04920828146322,16,2.189459274324723,2.2549736932195694,2.189459274324723,16.859749007138497
LLAMA3-8B,baseline,8,A6,1,19.04920828146322,56.36195426029589,37.312745978832666,16,21.502875158094408,21.6387863238305,2.453666876631189,34.85907910220148
LLAMA3-8B,broadcast,8,A1,0,0.0,11.655348680277333,11.655348680277333,1,6.916758338554471,6.935243287706781,6.916758338554471,4.738590341722862
LLAMA3-8B,broadcast,8,A1,1,11.655348680277333,180.7974826536553,169.14213397337795,16,125.99650134378055,126.21016496704954,114.34115266350322,54.80098130987474
LLAMA3-8B,broadcast,8,A2,0,0.0,5.412174445188248,5.412174445188248,1,5.412174445188248,1.4424023776239139,5.412174445188248,0.0
LLAMA3-8B,broadcast,8,A2,1,5.412174445188248,47.823012735573414,42.410838290385165,16,47.823012735573414,0.0,42.410838290385165,0.0
LLAMA3-8B,broadcast,8,A3,0,0.0,6.1979297294524205,6.1979297294524205,1,1.3583747259128285,1.3772591156249676,1.3583747259128285,4.8395550035395924
LLAMA3-8B,broadcast,8,A3,1,6.1979297294524205,63.7204208003857,57.522491070933285,16,6.690088475329597,6.911192829160397,0.4921587458771768,57.03033232505611
LLAMA3-8B,broadcast,8,A3a,0,0.0,6.1979297294524205,6.1979297294524205,1,1.3583747259128285,1.3772591156249676,1.3583747259128285,4.8395550035395924
LLAMA3-8B,broadcast,8,A3a,1,6.1979297294524205,63.35703552660401,57.15910579715159,16,6.690088475329597,6.911050289160622,0.4921587458771768,56.66694705127441
LLAMA3-8B,broadcast,8,A3b,0,0.0,6.097629382635969,6.097629382635969,1,1.3583747259128285,1.3768622650653002,1.3583747259128285,4.739254656723141
LLAMA3-8B,broadcast,8,A3b,1,6.097629382635969,63.35747209263739,57.25984271000142,16,6.589788128513145,6.810200393526259,0.4921587458771768,56.767683964124245
LLAMA3-8B,broadcast,8,A4,0,0.0,6.197010511881448,6.197010511881448,1,1.3580315033433856,1.376913648055524,1.3580315033433856,4.838979008538063
LLAMA3-8B,broadcast,8,A4,1,6.197010511881448,63.43335174121033,57.236341229328886,16,6.68351679079375,6.904885772763592,0.4865062789123016,56.749834950416584
LLAMA3-8B,broadcast,8,A4b,0,0.0,6.137001841226324,6.137001841226324,1,1.3580315033433856,1.3766741868557695,1.3580315033433856,4.778970337882939
LLAMA3-8B,broadcast,8,A4b,1,6.137001841226324,63.164950855089685,57.02794901386336,16,6.623508120138625,6.8440604861816166,0.4865062789123016,56.54144273495106
LLAMA3-8B,broadcast,8,A5,0,0.0,4.091050986060476,4.091050986060476,1,1.3580315033433856,1.368699816807844,1.3580315033433856,2.7330194827170904
LLAMA3-8B,broadcast,8,A5,1,4.091050986060476,25.23353013446556,21.142479148405084,16,5.4228654265381975,5.499938190918768,1.3318144404777215,19.810664707927362
LLAMA3-8B,broadcast,8,A6,0,0.0,4.091050986060476,4.091050986060476,1,1.3580315033433856,1.368699816807844,1.3580315033433856,2.7330194827170904
LLAMA3-8B,broadcast,8,A6,1,4.091050986060476,25.23353013446556,21.142479148405084,16,5.4228654265381975,5.499938190918768,1.3318144404777215,19.810664707927362
LLAMA3-8B,k-hi,32,A1,0,0.0,163.68031301445092,163.68031301445092,16,110.63879818315979,110.84558889047491,110.63879818315979,53.041514831291124
LLAMA3-8B,k-hi,32,A1,1,163.68031301445092,475.6383764188702,311.9580634044193,16,397.2708655406221,397.5765859200745,233.59055252617117,78.36751087824814
LLAMA3-8B,k-hi,32,A2,0,0.0,42.68006531467846,42.68006531467846,16,42.68006531467846,1.8495606887367004,42.68006531467846,0.0
LLAMA3-8B,k-hi,32,A2,1,42.68006531467846,107.04221218077838,64.36214686609992,16,107.04221218077838,0.0,64.36214686609992,0.0
LLAMA3-8B,k-hi,32,A3,0,0.0,55.72006933843951,55.72006933843951,16,1.7951689104958644,2.005497858154314,1.7951689104958644,53.92490042794364
LLAMA3-8B,k-hi,32,A3,1,55.72006933843951,143.16981633012708,87.44974699168756,16,61.47518785317774,61.791097668545206,5.755118514738228,81.69462847694933
LLAMA3-8B,k-hi,32,A3a,0,0.0,55.72006933843951,55.72006933843951,16,1.7951689104958644,2.005497858154314,1.7951689104958644,53.92490042794364
LLAMA3-8B,k-hi,32,A3a,1,55.72006933843951,147.3377332147451,91.61766387630558,16,61.47518785317774,61.810307851774084,5.755118514738228,85.86254536156736
LLAMA3-8B,k-hi,32,A3b,0,0.0,55.393342920339684,55.393342920339684,16,1.7951689104958644,2.004187967599276,1.7951689104958644,53.59817400984382
LLAMA3-8B,k-hi,32,A3b,1,55.393342920339684,141.3622423856685,85.96889946532883,16,61.14846143507791,61.458396906804026,5.755118514738228,80.2137809505906
LLAMA3-8B,k-hi,32,A4,0,0.0,55.71023793227808,55.71023793227808,16,1.7896773493846987,1.9999899770431218,1.7896773493846987,53.92056058289339
LLAMA3-8B,k-hi,32,A4,1,55.71023793227808,147.37716617287995,91.66692824060186,16,61.45802874246575,61.79334822838023,5.7477908101876665,85.9191374304142
LLAMA3-8B,k-hi,32,A4b,0,0.0,55.38020438258772,55.38020438258772,16,1.7896773493846987,1.998671369943502,1.7896773493846987,53.590527033203024
LLAMA3-8B,k-hi,32,A4b,1,55.38020438258772,146.32147001693144,90.94126563434372,16,61.12799519277539,61.46052509174916,5.7477908101876665,85.19347482415606
LLAMA3-8B,k-hi,32,A5,0,0.0,19.04920828146322,19.04920828146322,16,2.189459274324723,2.2549736932195694,2.189459274324723,16.859749007138497
LLAMA3-8B,k-hi,32,A5,1,19.04920828146322,179.31473728976692,160.2655290083037,16,139.21162299401445,139.36801867222707,120.16241471255123,40.103114295752476
LLAMA3-8B,k-hi,32,A6,0,0.0,19.04920828146322,19.04920828146322,16,2.189459274324723,2.2549736932195694,2.189459274324723,16.859749007138497
LLAMA3-8B,k-hi,32,A6,1,19.04920828146322,64.90011337874566,45.850905097282435,16,24.796999091651738,24.95339476982888,5.747790810188519,40.103114287093916
LLAMA3-8B,k-lo,2,A1,0,0.0,163.68031301445092,163.68031301445092,16,110.63879818315979,110.84558889047491,110.63879818315979,53.041514831291124
LLAMA3-8B,k-lo,2,A1,1,163.68031301445092,475.6383764188702,311.9580634044193,16,397.2708655406221,397.5765859200745,233.59055252617117,78.36751087824814
LLAMA3-8B,k-lo,2,A2,0,0.0,42.68006531467846,42.68006531467846,16,42.68006531467846,1.8495606887367004,42.68006531467846,0.0
LLAMA3-8B,k-lo,2,A2,1,42.68006531467846,103.00604624616022,60.325980931481766,16,103.00604624616022,0.0,60.325980931481766,0.0
LLAMA3-8B,k-lo,2,A3,0,0.0,55.72006933843948,55.72006933843948,16,1.7951689104958644,2.005497858154314,1.7951689104958644,53.92490042794361
LLAMA3-8B,k-lo,2,A3,1,55.72006933843948,137.57931435347945,81.85924501503996,16,57.42242820335564,57.73287289211099,1.7023588649161638,80.1568861501238
LLAMA3-8B,k-lo,2,A3a,0,0.0,55.72006933843948,55.72006933843948,16,1.7951689104958644,2.005497858154314,1.7951689104958644,53.92490042794361
LLAMA3-8B,k-lo,2,A3a,1,55.72006933843948,136.47347856727376,80.75340922883427,16,57.42242820335564,57.73089745606606,1.7023588649161638,79.05105036391811
LLAMA3-8B,k-lo,2,A3b,0,0.0,55.393342920339684,55.393342920339684,16,1.7951689104958644,2.004187967599276,1.7951689104958644,53.59817400984382
LLAMA3-8B,k-lo,2,A3b,1,55.393342920339684,136.21245866823975,80.81911574790007,16,57.09570178525585,57.40223762741837,1.7023588649161638,79.1167568829839
LLAMA3-8B,k-lo,2,A4,0,0.0,55.71023793227808,55.71023793227808,16,1.7896773493846987,1.9999899770431218,1.7896773493846987,53.92056058289339
LLAMA3-8B,k-lo,2,A4,1,55.71023793227808,136.5799788313396,80.8697408990615,16,57.40449903161035,57.71347610490059,1.694261099332266,79.17547979972923
LLAMA3-8B,k-lo,2,A4b,0,0.0,55.38020438258772,55.38020438258772,16,1.7896773493846987,1.998671369943502,1.7896773493846987,53.590527033203024
LLAMA3-8B,k-lo,2,A4b,1,55.38020438258772,135.52428267552784,80.14407829294012,16,57.07446548191999,57.38065296826952,1.694261099332266,78.44981719360786
LLAMA3-8B,k-lo,2,A5,0,0.0,19.04920828146322,19.04920828146322,16,2.189459274324723,2.2549736932195694,2.189459274324723,16.859749007138497
LLAMA3-8B,k-lo,2,A5,1,19.04920828146322,77.69932757589298,58.65011929442976,16,44.339870914492025,44.469924180049624,25.290662633028806,33.359456661400955
LLAMA3-8B,k-lo,2,A6,0,0.0,19.04920828146322,19.04920828146322,16,2.189459274324723,2.2549736932195694,2.189459274324723,16.859749007138497
LLAMA3-8B,k-lo,2,A6,1,19.04920828146322,54.10292603551982,35.053717754056606,16,20.74346938080077,20.87352264635285,1.6942610993375524,33.359456654719054
LLAMA3-8B,pipeline,8,A1,0,0.0,11.656321748269336,11.656321748269336,1,6.917731406546471,6.936216355698781,6.917731406546471,4.738590341722865
LLAMA3-8B,pipeline,8,A1,1,11.656321748269336,23.65401808725565,11.997696338986314,1,18.805461090063915,18.824375596464193,7.149139341794578,4.848556997191736
LLAMA3-8B,pipeline,8,A1,2,23.65401808725565,35.92222102877727,12.268202941521622,1,30.963697375690302,30.983041439338606,7.309679288434651,4.958523653086971
LLAMA3-8B,pipeline,8,A1,3,35.92222102877727,48.54678185535021,12.624560826572939,1,43.47829154689179,43.49806516778926,7.556070518114517,5.068490308458422
LLAMA3-8B,pipeline,8,A2,0,0.0,5.412174445188248,5.412174445188248,1,5.412174445188248,1.4424023776239139,5.412174445188248,0.0
LLAMA3-8B,pipeline,8,A2,1,5.412174445188248,9.486277404444566,4.074102959256318,1,9.486277404444566,0.0,4.074102959256318,0.0
LLAMA3-8B,pipeline,8,A2,2,9.486277404444566,13.630680469071345,4.144403064626779,1,13.630680469071345,0.0,4.144403064626779,0.0
LLAMA3-8B,pipeline,8,A2,3,13.630680469071345,17.845383639068455,4.21470316999711,1,17.845383639068455,0.0,4.21470316999711,0.0
LLAMA3-8B,pipeline,8,A3,0,0.0,6.197920774452473,6.197920774452473,1,1.3583747259128285,1.3772590856249676,1.3583747259128285,4.839546048539644
LLAMA3-8B,pipeline,8,A3,1,6.197920774452473,11.24957047953194,5.051649705079467,1,6.228680696069796,6.2482795617524065,0.03075992161732355,5.0208897834621435
LLAMA3-8B,pipeline,8,A3,2,11.24957047953194,16.431079069328526,5.181508589796586,1,11.281007522777662,11.3011178411324,0.03143704324572205,5.150071546550864
LLAMA3-8B,pipeline,8,A3,3,16.431079069328526,21.680724548939462,5.249645479610937,1,16.46319323420222,16.483564827948396,0.03211416487369334,5.2175313147372435
LLAMA3-8B,pipeline,8,A3a,0,0.0,6.197920774452473,6.197920774452473,1,1.3583747259128285,1.3772590856249676,1.3583747259128285,4.839546048539644
LLAMA3-8B,pipeline,8,A3a,1,6.197920774452473,11.253334420910504,5.055413646458031,1,6.228680696069796,6.248278281752414,0.03075992161732355,5.024653724840707
LLAMA3-8B,pipeline,8,A3a,2,11.253334420910504,16.436606813842022,5.183272392931519,1,11.284771464156226,11.304880502510972,0.03143704324572205,5.151835349685797
LLAMA3-8B,pipeline,8,A3a,3,16.436606813842022,21.688712219990954,5.252105406148932,1,16.468720978715716,16.489091452461913,0.03211416487369334,5.219991241275238
LLAMA3-8B,pipeline,8,A3b,0,0.0,6.097620427636018,6.097620427636018,1,1.3583747259128285,1.3768622350653001,1.3583747259128285,4.73924570172319
LLAMA3-8B,pipeline,8,A3b,1,6.097620427636018,11.069177088036808,4.97155666040079,1,6.128380349253342,6.147668590808302,0.03075992161732355,4.940796738783466
LLAMA3-8B,pipeline,8,A3b,2,11.069177088036808,16.151377525545147,5.082200437508339,1,11.10061413128253,11.120331930085374,0.03143704324572205,5.050763394262617
LLAMA3-8B,pipeline,8,A3b,3,16.151377525545147,21.34418078011621,5.192803254571064,1,16.18349169041884,16.20363888646947,0.03211416487369334,5.160689089697371
LLAMA3-8B,pipeline,8,A4,0,0.0,6.197013071881535,6.197013071881535,1,1.3580315033433856,1.376913658055524,1.3580315033433856,4.8389815685381485
LLAMA3-8B,pipeline,8,A4,1,6.197013071881535,11.248506101644674,5.051493029763139,1,6.2274197143135535,6.247003365083856,0.03040664243201885,5.0210863873311204
LLAMA3-8B,pipeline,8,A4,2,11.248506101644674,16.42797037688588,5.179464275241207,1,11.27957948468189,11.29967506812461,0.031073383037215407,5.148390892203992
LLAMA3-8B,pipeline,8,A4,3,16.42797037688588,21.676217604280755,5.248247227394874,1,16.459710500528235,16.480067364362235,0.031740123642354234,5.2165071037525195
LLAMA3-8B,pipeline,8,A4b,0,0.0,6.1370044012264096,6.1370044012264096,1,1.3580315033433856,1.3766741968557694,1.3580315033433856,4.778972897883024
LLAMA3-8B,pipeline,8,A4b,1,6.1370044012264096,11.14804975795447,5.01104535672806,1,6.167411043658428,6.186841459661108,0.03040664243201885,4.980638714296041
LLAMA3-8B,pipeline,8,A4b,2,11.14804975795447,16.270017347138605,5.121967589184136,1,11.179123140991685,11.198984184834462,0.031073383037215407,5.0908942061469205
LLAMA3-8B,pipeline,8,A4b,3,16.270017347138605,21.50231150788972,5.232294160751113,1,16.30175747078096,16.322049491783424,0.031740123642354234,5.200554037108759
LLAMA3-8B,pipeline,8,A5,0,0.0,4.0910535460604684,4.0910535460604684,1,1.3580315033433856,1.3686998268078439,1.3580315033433856,2.733022042717083
LLAMA3-8B,pipeline,8,A5,1,4.0910535460604684,7.032449161625872,2.941395615565404,1,4.174292034840316,4.185447272603068,0.08323848877984741,2.8581571267855566
LLAMA3-8B,pipeline,8,A5,2,7.032449161625872,10.01746800798715,2.9850188463612772,1,7.117142132580719,7.128458934311526,0.08469297095484674,2.9003258754064305
LLAMA3-8B,pipeline,8,A5,3,10.01746800798715,13.058242674681736,3.0407746666945865,1,10.10356945263888,10.115101074857481,0.08610144465172986,2.9546732220428567
LLAMA3-8B,pipeline,8,A6,0,0.0,4.0910535460604684,4.0910535460604684,1,1.3580315033433856,1.3686998268078439,1.3580315033433856,2.733022042717083
LLAMA3-8B,pipeline,8,A6,1,4.0910535460604684,7.032449161625872,2.941395615565404,1,4.174292034840316,4.185447272603068,0.08323848877984741,2.8581571267855566
LLAMA3-8B,pipeline,8,A6,2,7.032449161625872,10.01746800798715,2.9850188463612772,1,7.117142132580719,7.128458934311526,0.08469297095484674,2.9003258754064305
LLAMA3-8B,pipeline,8,A6,3,10.01746800798715,13.058242674681736,3.0407746666945865,1,10.10356945263888,10.115101074857481,0.08610144465172986,2.9546732220428567
LLAMA3-8B,private,8,A1,0,0.0,163.68031301445092,163.68031301445092,16,110.63879818315979,110.84558889047491,110.63879818315979,53.041514831291124
LLAMA3-8B,private,8,A1,1,163.68031301445092,475.6383764188702,311.9580634044193,16,397.2708655406221,397.5765859200745,233.59055252617117,78.36751087824814
LLAMA3-8B,private,8,A2,0,0.0,63.06843258073698,63.06843258073698,16,63.06843258073698,22.237927954794674,63.06843258073698,0.0
LLAMA3-8B,private,8,A2,1,63.06843258073698,151.61960578562625,88.55117320488927,16,151.61960578562625,0.0,88.55117320488927,0.0
LLAMA3-8B,private,8,A3,0,0.0,76.73023483156783,76.73023483156783,16,22.290910358956218,22.503161245310313,22.290910358956218,54.43932447261161
LLAMA3-8B,private,8,A3,1,76.73023483156783,187.12779406957245,110.39755923800462,16,106.77205803468166,107.08334645385824,30.041823203113836,80.35573603489078
LLAMA3-8B,private,8,A3a,0,0.0,76.73023483156783,76.73023483156783,16,22.290910358956218,22.503161245310313,22.290910358956218,54.43932447261161
LLAMA3-8B,private,8,A3a,1,76.73023483156783,186.89622357022913,110.1659887386613,16,106.77205803468166,107.08464032649883,30.041823203113836,80.12416553554746
LLAMA3-8B,private,8,A3b,0,0.0,75.77882247412674,75.77882247412674,16,22.290910358956218,22.499608680053772,22.290910358956218,53.48791211517052
LLAMA3-8B,private,8,A3b,1,75.77882247412674,184.69249225199795,108.9136697778712,16,105.82064567724058,106.12644955042813,30.041823203113836,78.87184657475737
LLAMA3-8B,private,8,A4,0,0.0,76.71569239017303,76.71569239017303,16,22.285418797842155,22.497634329196963,22.285418797842155,54.43027359233088
LLAMA3-8B,private,8,A4,1,76.71569239017303,186.90111614596407,110.18542375579104,16,106.7494057435943,107.06217647481564,30.033713353421263,80.15171040236977
LLAMA3-8B,private,8,A4b,0,0.0,75.73485931606436,75.73485931606436,16,22.285418797842155,22.49380294999407,22.285418797842155,53.449440518222204
LLAMA3-8B,private,8,A4b,1,75.73485931606436,184.5026356486643,108.76777633259994,16,105.76857266948562,106.07572487812664,30.033713353421263,78.73406297917867
LLAMA3-8B,private,8,A5,0,0.0,431.7635027825235,431.7635027825235,16,379.34780930575346,379.5521553835399,379.34780930575346,52.41569347677006
LLAMA3-8B,private,8,A5,1,431.7635027825235,1114.5853499782938,682.8218471957703,16,1044.6644441315814,1044.9371699452015,612.9009413490578,69.92090584671246
LLAMA3-8B,private,8,A6,0,0.0,74.7011122790394,74.7011122790394,16,22.285418797842155,22.48976487562738,22.285418797842155,52.41569348119725
LLAMA3-8B,private,8,A6,1,74.7011122790394,174.6557314640902,99.95461918505079,16,104.73482563246067,105.00755144593153,30.033713353421263,69.92090583162953
LLAMA3-8B,reduce,8,A1,0,0.0,163.70016815767013,163.70016815767013,16,110.65865332636776,110.86544403368288,110.65865332636776,53.04151483130238
LLAMA3-8B,reduce,8,A1,1,163.70016815767013,184.61013365521725,20.90996549754712,1,178.2886685585116,178.31333661217545,14.588500400841468,6.321465096705651
LLAMA3-8B,reduce,8,A2,0,0.0,42.68006531467846,42.68006531467846,16,42.68006531467846,1.8495606887367004,42.68006531467846,0.0
LLAMA3-8B,reduce,8,A2,1,42.68006531467846,48.68176706511133,6.001701750432872,1,48.68176706511133,0.0,6.001701750432872,0.0
LLAMA3-8B,reduce,8,A3,0,0.0,55.72014101843836,55.72014101843836,16,1.7951689104958644,2.005498138154314,1.7951689104958644,53.924972107942494
LLAMA3-8B,reduce,8,A3,1,55.72014101843836,63.096372887426654,7.376231868988292,1,56.63773411682628,56.662951344804796,0.9175930983879184,6.458638770600373
LLAMA3-8B,reduce,8,A3a,0,0.0,55.72014101843836,55.72014101843836,16,1.7951689104958644,2.005498138154314,1.7951689104958644,53.924972107942494
LLAMA3-8B,reduce,8,A3a,1,55.72014101843836,63.19739377666334,7.477252758224978,1,56.63773411682628,56.66333751095742,0.9175930983879184,6.55965965983706
LLAMA3-8B,reduce,8,A3b,0,0.0,55.39341460033855,55.39341460033855,16,1.7951689104958644,2.0041882475992763,1.7951689104958644,53.598245689842685
LLAMA3-8B,reduce,8,A3b,1,55.39341460033855,62.72069365848948,7.327279058150928,1,56.31100769872647,56.33603362942564,0.9175930983879184,6.40968595976301
LLAMA3-8B,reduce,8,A4,0,0.0,55.70975327209436,55.70975327209436,16,1.7896773493846987,1.9999898170431156,1.7896773493846987,53.920075922709664
LLAMA3-8B,reduce,8,A4,1,55.70975327209436,63.189977727438894,7.480224455344533,1,56.62684775697843,56.652464861405086,0.9170944848840676,6.563129970460466
LLAMA3-8B,reduce,8,A4b,0,0.0,55.37971972240522,55.37971972240522,16,1.7896773493846987,1.9986712099434958,1.7896773493846987,53.59004237302052
LLAMA3-8B,reduce,8,A4b,1,55.37971972240522,62.79833426442758,7.418614542022361,1,56.29681420728929,56.322191850515765,0.9170944848840676,6.501520057138293
LLAMA3-8B,reduce,8,A5,0,0.0,19.048721221448258,19.048721221448258,16,2.1894568743247307,2.254971133219578,2.1894568743247307,16.859264347123528
LLAMA3-8B,reduce,8,A5,1,19.048721221448258,41.427101898371056,22.3783806769228,1,37.900411955022484,37.91418249680947,18.851690733574227,3.526689943348572
LLAMA3-8B,reduce,8,A6,0,0.0,19.048721221448258,19.048721221448258,16,2.1894568743247307,2.254971133219578,2.1894568743247307,16.859264347123528
LLAMA3-8B,reduce,8,A6,1,19.048721221448258,23.492505649608486,4.443784428160228,1,19.96581570633233,19.979586248119052,0.9170944848840712,3.526689943276157
LLAMA3-8B,supervisor,8,A1,0,0.0,11.654980932173332,11.654980932173332,1,6.916390590450471,6.934875539602781,6.916390590450471,4.738590341722861
LLAMA3-8B,supervisor,8,A1,1,11.654980932173332,180.79720928338324,169.1422283512099,16,125.99622797350858,126.20989159677757,114.34124704133525,54.80098130987466
LLAMA3-8B,supervisor,8,A1,2,180.79720928338324,202.12340493357948,21.32619565019624,1,195.6919731806807,195.7170707915953,14.894763897297452,6.4314317528987885
LLAMA3-8B,supervisor,8,A1,3,202.12340493357948,381.30795220436744,179.18454727078796,16,322.9880379595536,323.21544741465664,120.86463302597411,58.319914244813845
LLAMA3-8B,supervisor,8,A2,0,0.0,5.412174445188248,5.412174445188248,1,5.412174445188248,1.4424023776239139,5.412174445188248,0.0
LLAMA3-8B,supervisor,8,A2,1,5.412174445188248,47.823012735573414,42.410838290385165,16,47.823012735573414,0.0,42.410838290385165,0.0
LLAMA3-8B,supervisor,8,A2,2,47.823012735573414,53.90739052175106,6.084377786177647,1,53.90739052175106,0.0,6.084377786177647,0.0
LLAMA3-8B,supervisor,8,A2,3,53.90739052175106,98.56783218396258,44.66044166221152,16,98.56783218396258,0.0,44.66044166221152,0.0
LLAMA3-8B,supervisor,8,A3,0,0.0,6.197932289452366,6.197932289452366,1,1.3583747259128285,1.3772591256249678,1.3583747259128285,4.839557563539538
LLAMA3-8B,supervisor,8,A3,1,6.197932289452366,63.72043360038348,57.52250131093111,16,6.690091035329543,6.911195429160339,0.4921587458771768,57.030342565053935
LLAMA3-8B,supervisor,8,A3,2,63.72043360038348,71.21847980373414,7.498046203350661,1,64.65107975077392,64.67672410990411,0.9306461503904373,6.567400052960224
LLAMA3-8B,supervisor,8,A3,3,71.21847980373414,131.6996459745433,60.48116617080916,16,71.73230644168953,71.96540296711524,0.5138266379553897,59.96733953285377
LLAMA3-8B,supervisor,8,A3a,0,0.0,6.197932289452366,6.197932289452366,1,1.3583747259128285,1.3772591256249678,1.3583747259128285,4.839557563539538
LLAMA3-8B,supervisor,8,A3a,1,6.197932289452366,63.35704832660278,57.15911603715041,16,6.690091035329543,6.911052889160564,0.4921587458771768,56.666957291273235
LLAMA3-8B,supervisor,8,A3a,2,63.35704832660278,70.93399566891001,7.5769473423072355,1,64.28769447699322,64.31364136693901,0.9306461503904444,6.646301191916791
LLAMA3-8B,supervisor,8,A3a,3,70.93399566891001,131.14468950756316,60.21069383865314,16,71.4478223068654,71.68075355229324,0.5138266379553897,59.69686720069775
LLAMA3-8B,supervisor,8,A3b,0,0.0,6.097631942635913,6.097631942635913,1,1.3583747259128285,1.3768622750653003,1.3583747259128285,4.739257216723084
LLAMA3-8B,supervisor,8,A3b,1,6.097631942635913,63.35748489263516,57.25985294999925,16,6.58979068851309,6.810202993526199,0.4921587458771768,56.76769420412207
LLAMA3-8B,supervisor,8,A3b,2,63.35748489263516,70.80786813865448,7.450383246019321,1,64.2881310430256,64.31358686097464,0.9306461503904373,6.519737095628884
LLAMA3-8B,supervisor,8,A3b,3,70.80786813865448,130.83053302575064,60.022664887096155,16,71.32169477660987,71.55276368777514,0.5138266379553897,59.508838249140766
LLAMA3-8B,supervisor,8,A4,0,0.0,6.197010511881447,6.197010511881447,1,1.3580315033433856,1.376913648055524,1.3580315033433856,4.838979008538061
LLAMA3-8B,supervisor,8,A4,1,6.197010511881447,63.4333824462025,57.236371934321056,16,6.683516790793749,6.9048858777636,0.4865062789123016,56.749865655408755
LLAMA3-8B,supervisor,8,A4,2,63.4333824462025,71.01336917496131,7.579986728758811,1,64.36351960206632,64.38948049730901,0.9301371558638181,6.649849572894993
LLAMA3-8B,supervisor,8,A4,3,71.01336917496131,131.33423753826784,60.32086836330653,16,71.5212111532462,71.754545716805,0.5078419782848869,59.813026385021644
LLAMA3-8B,supervisor,8,A4b,0,0.0,6.137001841226324,6.137001841226324,1,1.3580315033433856,1.3766741868557695,1.3580315033433856,4.778970337882939
LLAMA3-8B,supervisor,8,A4b,1,6.137001841226324,63.16498156008186,57.02797971885554,16,6.623508120138625,6.844060591181625,0.4865062789123016,56.54147343994324
LLAMA3-8B,supervisor,8,A4b,2,63.16498156008186,70.68104045055289,7.516058890471022,1,64.09511871594567,64.1208196269201,0.930137155863811,6.585921734607211
LLAMA3-8B,supervisor,8,A4b,3,70.68104045055289,130.4594273516742,59.77838690112132,16,71.18888242883777,71.42009792417652,0.5078419782848869,59.270544922836436
LLAMA3-8B,supervisor,8,A5,0,0.0,4.091050986060476,4.091050986060476,1,1.3580315033433856,1.368699816807844,1.3580315033433856,2.7330194827170904
LLAMA3-8B,supervisor,8,A5,1,4.091050986060476,25.23356161946392,21.142510633403443,16,5.422866206537985,5.499939075918564,1.3318152204775089,19.810695412925934
LLAMA3-8B,supervisor,8,A5,2,25.23356161946392,47.964769606130766,22.731207986666845,1,44.41428168279555,44.428148015974635,19.180720063331627,3.5504879233352185
LLAMA3-8B,supervisor,8,A5,3,47.964769606130766,71.88215860230194,23.917388996171177,16,49.34239170054152,49.43012759426202,1.3776220944107536,22.539766901760423
LLAMA3-8B,supervisor,8,A6,0,0.0,4.091050986060476,4.091050986060476,1,1.3580315033433856,1.368699816807844,1.3580315033433856,2.7330194827170904
LLAMA3-8B,supervisor,8,A6,1,4.091050986060476,25.23356161946392,21.142510633403443,16,5.422866206537985,5.499939075918564,1.3318152204775089,19.810695412925934
LLAMA3-8B,supervisor,8,A6,2,25.23356161946392,29.714186698452636,4.480625078988716,1,26.16369877532752,26.17756510850583,0.9301371558636014,3.5504879231251145
LLAMA3-8B,supervisor,8,A6,3,29.714186698452636,53.63157570019002,23.917389001737384,16,31.091808793001732,31.17954468671478,1.3776220945490962,22.539766907188287
