{
  "kind": "supervisor",
  "requests": 12,
  "reuse": {
    "cacheblend_full_recompute_layers": [],
    "cacheblend_partial_recompute_layers": [],
    "cacheblend_partial_rows": {},
    "cacheblend_recompute_ratio": 0.0,
    "cachecraft_alpha": 0.05,
    "epic_prefix_recompute_tokens": 32,
    "fresh_tokens": 14200,
    "policy": "recompute",
    "random_seed": 0,
    "recompute_canonical": false,
    "reusable_segments": [
      {
        "cache_owner": "architect",
        "epic_prefix_rows": [
          10,
          24,
          35,
          55,
          64,
          66,
          72,
          77,
          91,
          103,
          107,
          122,
          124,
          129,
          130,
          136,
          149,
          158,
          180,
          193,
          194,
          197,
          200,
          204,
          207,
          212,
          227,
          228,
          232,
          234,
          235,
          247
        ],
        "fingerprint": "502d6ac53c58df59",
        "length": 256,
        "owner_tier": 0,
        "request": "engineer.c0",
        "segment_index": 0
      },
      {
        "cache_owner": "architect",
        "epic_prefix_rows": [
          3,
          15,
          18,
          23,
          25,
          52,
          66,
          75,
          79,
          80,
          84,
          90,
          111,
          113,
          120,
          122,
          133,
          140,
          141,
          143,
          156,
          163,
          175,
          184,
          186,
          206,
          215,
          217,
          221,
          230,
          233,
          253
        ],
        "fingerprint": "e30e7f3e32cc7675",
        "length": 256,
        "owner_tier": 0,
        "request": "engineer.c0",
        "segment_index": 2
      },
      {
        "cache_owner": "architect",
        "epic_prefix_rows": [
          0,
          16,
          20,
          23,
          36,
          48,
          56,
          61,
          62,
          81,
          83,
          85,
          114,
          126,
          139,
          145,
          156,
          160,
          171,
          180,
          181,
          186,
          200,
          204,
          205,
          211,
          222,
          224,
          232,
          234,
          245,
          253
        ],
        "fingerprint": "46e1f25013f58b80",
        "length": 256,
        "owner_tier": 0,
        "request": "engineer.c0",
        "segment_index": 3
      },
      {
        "cache_owner": "architect",
        "epic_prefix_rows": [
          8,
          23,
          27,
          31,
          47,
          48,
          52,
          61,
          73,
          74,
          77,
          81,
          85,
          98,
          113,
          138,
          140,
          141,
          147,
          150,
          152,
          154,
          180,
          204,
          208,
          210,
          228,
          236,
          242,
          248,
          250,
          251
        ],
        "fingerprint": "851f3d9074e0570a",
        "length": 256,
        "owner_tier": 0,
        "request": "engineer.c0",
        "segment_index": 4
      },
      {
        "cache_owner": "architect",
        "epic_prefix_rows": [
          9,
          17,
          20,
          22,
          33,
          38,
          55,
          60,
          70,
          100,
          121,
          133,
          134,
          138,
          150,
          173,
          174,
          179,
          180,
          193,
          207,
          211,
          212,
          214,
          215,
          217,
          224,
          229,
          236,
          246,
          251,
          255
        ],
        "fingerprint": "d9429d02c5b014fc",
        "length": 256,
        "owner_tier": 0,
        "request": "engineer.c0",
        "segment_index": 5
      },
      {
        "cache_owner": "architect",
        "epic_prefix_rows": [
          4,
          21,
          29,
          43,
          48,
          56,
          62,
          69,
          70,
          83,
          85,
          91,
          95,
          115,
          124,
          126,
          148,
          150,
          156,
          161,
          164,
          169,
          179,
          180,
          187,
          203,
          214,
          216,
          234,
          237,
          241,
          246
        ],
        "fingerprint": "598b613b506df977",
        "length": 256,
        "owner_tier": 0,
        "request": "engineer.c0",
        "segment_index": 6
      },
      {
        "cache_owner": "engineer.c0",
        "epic_prefix_rows": [
          6,
          11,
          15,
          18,
          23,
          25,
          29,
          30,
          31,
          37,
          48,
          56,
          94,
          100,
          136,
          146,
          147,
          154,
          155,
          162,
          174,
          178,
          200,
          208,
          209,
          212,
          213,
          218,
          232,
          239,
          243,
          255
        ],
        "fingerprint": "15977e9d71490118",
        "length": 256,
        "owner_tier": 1,
        "request": "reviewer.c0",
        "segment_index": 0
      },
      {
        "cache_owner": "architect",
        "epic_prefix_rows": [
          5,
          15,
          17,
          18,
          25,
          31,
          46,
          47,
          49,
          53,
          56,
          66,
          77,
          89,
          108,
          111,
          122,
          139,
          155,
          158,
          165,
          173,
          183,
          186,
          204,
          213,
          239,
          242,
          246,
          248,
          253,
          255
        ],
        "fingerprint": "e30e7f3e32cc7675",
        "length": 256,
        "owner_tier": 0,
        "request": "reviewer.c0",
        "segment_index": 2
      },
      {
        "cache_owner": "architect",
        "epic_prefix_rows": [
          10,
          14,
          25,
          30,
          40,
          41,
          43,
          51,
          52,
          64,
          66,
          87,
          91,
          100,
          120,
          135,
          145,
          152,
          172,
          173,
          178,
          179,
          187,
          196,
          201,
          214,
          216,
          230,
          231,
          235,
          239,
          253
        ],
        "fingerprint": "46e1f25013f58b80",
        "length": 256,
        "owner_tier": 0,
        "request": "reviewer.c0",
        "segment_index": 3
      },
      {
        "cache_owner": "architect",
        "epic_prefix_rows": [
          3,
          11,
          20,
          34,
          39,
          44,
          64,
          71,
          79,
          85,
          91,
          99,
          104,
          117,
          120,
          130,
          139,
          143,
          145,
          166,
          168,
          170,
          174,
          176,
          189,
          214,
          223,
          226,
          230,
          231,
          234,
          252
        ],
        "fingerprint": "851f3d9074e0570a",
        "length": 256,
        "owner_tier": 0,
        "request": "reviewer.c0",
        "segment_index": 4
      },
      {
        "cache_owner": "architect",
        "epic_prefix_rows": [
          0,
          20,
          33,
          40,
          49,
          57,
          61,
          73,
          79,
          85,
          90,
          91,
          99,
          106,
          122,
          123,
          151,
          152,
          156,
          158,
          162,
          166,
          172,
          178,
          183,
          191,
          195,
          212,
          218,
          228,
          242,
          244
        ],
        "fingerprint": "d9429d02c5b014fc",
        "length": 256,
        "owner_tier": 0,
        "request": "reviewer.c0",
        "segment_index": 5
      },
      {
        "cache_owner": "architect",
        "epic_prefix_rows": [
          0,
          8,
          11,
          16,
          40,
          42,
          66,
          96,
          102,
          106,
          107,
          114,
          124,
          135,
          143,
          145,
          154,
          169,
          172,
          179,
          181,
          193,
          197,
          223,
          224,
          226,
          229,
          236,
          244,
          249,
          250,
          253
        ],
        "fingerprint": "598b613b506df977",
        "length": 256,
        "owner_tier": 0,
        "request": "reviewer.c0",
        "segment_index": 6
      },
      {
        "cache_owner": "engineer.c0",
        "epic_prefix_rows": [],
        "fingerprint": "a8281812b4377861",
        "length": 256,
        "owner_tier": 1,
        "request": "reviewer.c0",
        "segment_index": 7
      },
      {
        "cache_owner": "engineer.c0",
        "epic_prefix_rows": [],
        "fingerprint": "169f43e8691f7f9d",
        "length": 256,
        "owner_tier": 1,
        "request": "reviewer.c0",
        "segment_index": 8
      },
      {
        "cache_owner": "engineer.c0",
        "epic_prefix_rows": [],
        "fingerprint": "c7d4a3f9b85874a9",
        "length": 256,
        "owner_tier": 1,
        "request": "reviewer.c0",
        "segment_index": 9
      },
      {
        "cache_owner": "engineer.c0",
        "epic_prefix_rows": [],
        "fingerprint": "0b3ecb47572ca8fa",
        "length": 256,
        "owner_tier": 1,
        "request": "reviewer.c0",
        "segment_index": 10
      },
      {
        "cache_owner": "reviewer.c0",
        "epic_prefix_rows": [
          0,
          1,
          6,
          9,
          10,
          16,
          24,
          27,
          39,
          40,
          41,
          51,
          53,
          59,
          63,
          67,
          70,
          81,
          86,
          91,
          92,
          96,
          103,
          105,
          106,
          107,
          108,
          112,
          116,
          117,
          120,
          123
        ],
        "fingerprint": "a55a05d8fcbd1fc5",
        "length": 128,
        "owner_tier": 2,
        "request": "engineer.c1",
        "segment_index": 0
      },
      {
        "cache_owner": "engineer.c0",
        "epic_prefix_rows": [
          9,
          11,
          20,
          21,
          41,
          50,
          51,
          58,
          59,
          60,
          68,
          79,
          93,
          97,
          101,
          105,
          131,
          132,
          140,
          142,
          143,
          154,
          161,
          177,
          187,
          203,
          231,
          243,
          253,
          266,
          285,
          290
        ],
        "fingerprint": "12254cf62447c5f8",
        "length": 300,
        "owner_tier": 1,
        "request": "engineer.c1",
        "segment_index": 1
      },
      {
        "cache_owner": "architect",
        "epic_prefix_rows": [
          2,
          9,
          10,
          23,
          35,
          38,
          41,
          45,
          53,
          69,
          74,
          85,
          86,
          92,
          94,
          95,
          96,
          111,
          137,
          149,
          150,
          158,
          163,
          183,
          199,
          202,
          223,
          234,
          239,
          241,
          242,
          245
        ],
        "fingerprint": "e30e7f3e32cc7675",
        "length": 256,
        "owner_tier": 0,
        "request": "engineer.c1",
        "segment_index": 2
      },
      {
        "cache_owner": "architect",
        "epic_prefix_rows": [
          12,
          18,
          25,
          27,
          29,
          33,
          45,
          61,
          75,
          76,
          77,
          78,
          84,
          86,
          103,
          106,
          121,
          122,
          123,
          133,
          140,
          143,
          186,
          187,
          202,
          204,
          207,
          213,
          215,
          219,
          239,
          253
        ],
        "fingerprint": "46e1f25013f58b80",
        "length": 256,
        "owner_tier": 0,
        "request": "engineer.c1",
        "segment_index": 3
      },
      {
        "cache_owner": "architect",
        "epic_prefix_rows": [
          2,
          9,
          15,
          16,
          21,
          22,
          25,
          29,
          31,
          39,
          42,
          50,
          56,
          77,
          85,
          96,
          98,
          109,
          122,
          127,
          144,
          160,
          163,
          175,
          179,
          188,
          191,
          206,
          228,
          235,
          236,
          255
        ],
        "fingerprint": "851f3d9074e0570a",
        "length": 256,
        "owner_tier": 0,
        "request": "engineer.c1",
        "segment_index": 4
      },
      {
        "cache_owner": "architect",
        "epic_prefix_rows": [
          7,
          16,
          21,
          29,
          42,
          49,
          55,
          56,
          66,
          74,
          91,
          94,
          108,
          110,
          114,
          115,
          125,
          132,
          134,
          142,
          149,
          173,
          179,
          182,
          198,
          201,
          210,
          218,
          221,
          235,
          247,
          255
        ],
        "fingerprint": "d9429d02c5b014fc",
        "length": 256,
        "owner_tier": 0,
        "request": "engineer.c1",
        "segment_index": 5
      },
      {
        "cache_owner": "architect",
        "epic_prefix_rows": [
          10,
          26,
          30,
          37,
          38,
          50,
          53,
          55,
          65,
          92,
          96,
          101,
          103,
          108,
          117,
          124,
          127,
          133,
          139,
          144,
          152,
          159,
          163,
          164,
          174,
          204,
          211,
          224,
          242,
          243,
          247,
          255
        ],
        "fingerprint": "598b613b506df977",
        "length": 256,
        "owner_tier": 0,
        "request": "engineer.c1",
        "segment_index": 6
      },
      {
        "cache_owner": "engineer.c0",
        "epic_prefix_rows": [
          2,
          9,
          37,
          39,
          51,
          56,
          65,
          81,
          82,
          87,
          127,
          134,
          138,
          154,
          156,
          162,
          171,
          173,
          180,
          191,
          200,
          209,
          213,
          223,
          227,
          230,
          234,
          238,
          245,
          249,
          251,
          253
        ],
        "fingerprint": "a8281812b4377861",
        "length": 256,
        "owner_tier": 1,
        "request": "engineer.c1",
        "segment_index": 7
      },
      {
        "cache_owner": "engineer.c0",
        "epic_prefix_rows": [
          3,
          10,
          16,
          21,
          33,
          38,
          41,
          57,
          75,
          76,
          84,
          95,
          114,
          117,
          120,
          132,
          149,
          167,
          180,
          183,
          194,
          204,
          206,
          216,
          220,
          222,
          234,
          242,
          244,
          247,
          248,
          255
        ],
        "fingerprint": "169f43e8691f7f9d",
        "length": 256,
        "owner_tier": 1,
        "request": "engineer.c1",
        "segment_index": 8
      },
      {
        "cache_owner": "engineer.c0",
        "epic_prefix_rows": [
          8,
          19,
          23,
          52,
          59,
          74,
          99,
          106,
          109,
          123,
          128,
          132,
          135,
          137,
          146,
          150,
          153,
          155,
          173,
          191,
          193,
          194,
          195,
          202,
          203,
          206,
          211,
          216,
          230,
          231,
          243,
          254
        ],
        "fingerprint": "c7d4a3f9b85874a9",
        "length": 256,
        "owner_tier": 1,
        "request": "engineer.c1",
        "segment_index": 9
      },
      {
        "cache_owner": "engineer.c0",
        "epic_prefix_rows": [
          0,
          10,
          14,
          15,
          16,
          32,
          41,
          46,
          61,
          65,
          67,
          73,
          77,
          85,
          98,
          104,
          126,
          129,
          145,
          164,
          168,
          186,
          189,
          197,
          207,
          211,
          212,
          220,
          226,
          236,
          245,
          249
        ],
        "fingerprint": "0b3ecb47572ca8fa",
        "length": 256,
        "owner_tier": 1,
        "request": "engineer.c1",
        "segment_index": 10
      },
      {
        "cache_owner": "reviewer.c0",
        "epic_prefix_rows": [
          5,
          8,
          9,
          12,
          18,
          20,
          25,
          33,
          36,
          38,
          90,
          98,
          105,
          106,
          117,
          119,
          120,
          123,
          125,
          153,
          154,
          156,
          158,
          161,
          172,
          178,
          183,
          199,
          207,
          221,
          227,
          243
        ],
        "fingerprint": "a510d5918114be92",
        "length": 256,
        "owner_tier": 2,
        "request": "engineer.c1",
        "segment_index": 11
      },
      {
        "cache_owner": "reviewer.c0",
        "epic_prefix_rows": [
          15,
          26,
          28,
          31,
          32,
          49,
          75,
          86,
          88,
          98,
          99,
          119,
          125,
          140,
          156,
          157,
          159,
          161,
          165,
          166,
          174,
          179,
          182,
          198,
          199,
          200,
          201,
          204,
          217,
          225,
          251,
          253
        ],
        "fingerprint": "1a224eb830f60173",
        "length": 256,
        "owner_tier": 2,
        "request": "engineer.c1",
        "segment_index": 12
      },
      {
        "cache_owner": "reviewer.c0",
        "epic_prefix_rows": [
          6,
          9,
          10,
          11,
          19,
          31,
          48,
          65,
          91,
          95,
          100,
          113,
          116,
          124,
          132,
          133,
          150,
          161,
          170,
          174,
          190,
          193,
          200,
          201,
          202,
          207,
          220,
          223,
          230,
          234,
          244,
          245
        ],
        "fingerprint": "06cd9d70336c658f",
        "length": 256,
        "owner_tier": 2,
        "request": "engineer.c1",
        "segment_index": 13
      },
      {
        "cache_owner": "reviewer.c0",
        "epic_prefix_rows": [
          7,
          16,
          21,
          23,
          25,
          26,
          29,
          37,
          39,
          58,
          78,
          106,
          107,
          108,
          109,
          110,
          128,
          129,
          134,
          144,
          160,
          178,
          187,
          198,
          199,
          202,
          209,
          226,
          227,
          228,
          232,
          252
        ],
        "fingerprint": "b7b34609358edd44",
        "length": 256,
        "owner_tier": 2,
        "request": "engineer.c1",
        "segment_index": 14
      },
      {
        "cache_owner": "engineer.c1",
        "epic_prefix_rows": [
          0,
          2,
          7,
          18,
          20,
          31,
          36,
          45,
          53,
          59,
          64,
          83,
          88,
          89,
          90,
          91,
          93,
          106,
          110,
          127,
          152,
          175,
          177,
          184,
          209,
          212,
          221,
          228,
          235,
          241,
          246,
          251
        ],
        "fingerprint": "ed9620b4b157193f",
        "length": 256,
        "owner_tier": 3,
        "request": "reviewer.c1",
        "segment_index": 0
      },
      {
        "cache_owner": "reviewer.c0",
        "epic_prefix_rows": [],
        "fingerprint": "4a94037da58fd01b",
        "length": 300,
        "owner_tier": 2,
        "request": "reviewer.c1",
        "segment_index": 1
      },
      {
        "cache_owner": "architect",
        "epic_prefix_rows": [
          1,
          6,
          7,
          28,
          31,
          33,
          36,
          47,
          53,
          59,
          66,
          74,
          75,
          85,
          88,
          92,
          94,
          104,
          116,
          121,
          122,
          154,
          168,
          172,
          176,
          181,
          187,
          191,
          219,
          230,
          238,
          240
        ],
        "fingerprint": "e30e7f3e32cc7675",
        "length": 256,
        "owner_tier": 0,
        "request": "reviewer.c1",
        "segment_index": 2
      },
      {
        "cache_owner": "architect",
        "epic_prefix_rows": [
          11,
          20,
          26,
          32,
          37,
          40,
          47,
          57,
          60,
          62,
          74,
          78,
          80,
          83,
          95,
          96,
          107,
          130,
          136,
          141,
          148,
          151,
          162,
          169,
          193,
          205,
          224,
          229,
          239,
          245,
          248,
          255
        ],
        "fingerprint": "46e1f25013f58b80",
        "length": 256,
        "owner_tier": 0,
        "request": "reviewer.c1",
        "segment_index": 3
      },
      {
        "cache_owner": "architect",
        "epic_prefix_rows": [
          2,
          5,
          14,
          18,
          19,
          21,
          33,
          36,
          63,
          67,
          76,
          90,
          94,
          96,
          100,
          104,
          106,
          107,
          108,
          113,
          135,
          140,
          151,
          153,
          161,
          163,
          179,
          189,
          237,
          242,
          244,
          246
        ],
        "fingerprint": "851f3d9074e0570a",
        "length": 256,
        "owner_tier": 0,
        "request": "reviewer.c1",
        "segment_index": 4
      },
      {
        "cache_owner": "architect",
        "epic_prefix_rows": [
          23,
          27,
          28,
          36,
          39,
          44,
          47,
          52,
          63,
          70,
          75,
          87,
          95,
          102,
          107,
          110,
          112,
          114,
          116,
          120,
          133,
          142,
          155,
          164,
          176,
          179,
          196,
          203,
          243,
          245,
          246,
          250
        ],
        "fingerprint": "d9429d02c5b014fc",
        "length": 256,
        "owner_tier": 0,
        "request": "reviewer.c1",
        "segment_index": 5
      },
      {
        "cache_owner": "architect",
        "epic_prefix_rows": [
          0,
          1,
          22,
          23,
          29,
          39,
          52,
          55,
          75,
          76,
          77,
          108,
          114,
          118,
          120,
          123,
          127,
          139,
          155,
          158,
          161,
          163,
          173,
          178,
          180,
          181,
          192,
          193,
          196,
          212,
          253,
          254
        ],
        "fingerprint": "598b613b506df977",
        "length": 256,
        "owner_tier": 0,
        "request": "reviewer.c1",
        "segment_index": 6
      },
      {
        "cache_owner": "engineer.c0",
        "epic_prefix_rows": [],
        "fingerprint": "a8281812b4377861",
        "length": 256,
        "owner_tier": 1,
        "request": "reviewer.c1",
        "segment_index": 7
      },
      {
        "cache_owner": "engineer.c0",
        "epic_prefix_rows": [],
        "fingerprint": "169f43e8691f7f9d",
        "length": 256,
        "owner_tier": 1,
        "request": "reviewer.c1",
        "segment_index": 8
      },
      {
        "cache_owner": "engineer.c0",
        "epic_prefix_rows": [],
        "fingerprint": "c7d4a3f9b85874a9",
        "length": 256,
        "owner_tier": 1,
        "request": "reviewer.c1",
        "segment_index": 9
      },
      {
        "cache_owner": "engineer.c0",
        "epic_prefix_rows": [],
        "fingerprint": "0b3ecb47572ca8fa",
        "length": 256,
        "owner_tier": 1,
        "request": "reviewer.c1",
        "segment_index": 10
      },
      {
        "cache_owner": "reviewer.c0",
        "epic_prefix_rows": [],
        "fingerprint": "a510d5918114be92",
        "length": 256,
        "owner_tier": 2,
        "request": "reviewer.c1",
        "segment_index": 11
      },
      {
        "cache_owner": "reviewer.c0",
        "epic_prefix_rows": [],
        "fingerprint": "1a224eb830f60173",
        "length": 256,
        "owner_tier": 2,
        "request": "reviewer.c1",
        "segment_index": 12
      },
      {
        "cache_owner": "reviewer.c0",
        "epic_prefix_rows": [],
        "fingerprint": "06cd9d70336c658f",
        "length": 256,
        "owner_tier": 2,
        "request": "reviewer.c1",
        "segment_index": 13
      },
      {
        "cache_owner": "reviewer.c0",
        "epic_prefix_rows": [],
        "fingerprint": "b7b34609358edd44",
        "length": 256,
        "owner_tier": 2,
        "request": "reviewer.c1",
        "segment_index": 14
      },
      {
        "cache_owner": "engineer.c1",
        "epic_prefix_rows": [
          0,
          5,
          10,
          21,
          26,
          30,
          50,
          64,
          65,
          69,
          71,
          72,
          90,
          101,
          103,
          113,
          118,
          134,
          139,
          148,
          152,
          161,
          171,
          172,
          181,
          191,
          193,
          195,
          223,
          226,
          227,
          241
        ],
        "fingerprint": "d30cea729563785e",
        "length": 256,
        "owner_tier": 3,
        "request": "reviewer.c1",
        "segment_index": 15
      },
      {
        "cache_owner": "engineer.c1",
        "epic_prefix_rows": [
          17,
          18,
          26,
          30,
          34,
          41,
          53,
          63,
          67,
          72,
          74,
          78,
          87,
          103,
          105,
          106,
          133,
          135,
          136,
          139,
          146,
          160,
          162,
          195,
          202,
          220,
          228,
          235,
          243,
          246,
          250,
          255
        ],
        "fingerprint": "492829d0f2055bd1",
        "length": 256,
        "owner_tier": 3,
        "request": "reviewer.c1",
        "segment_index": 16
      },
      {
        "cache_owner": "engineer.c1",
        "epic_prefix_rows": [
          30,
          31,
          35,
          40,
          55,
          74,
          76,
          81,
          90,
          95,
          97,
          102,
          106,
          113,
          119,
          121,
          122,
          125,
          126,
          128,
          142,
          143,
          145,
          151,
          160,
          161,
          166,
          171,
          177,
          178,
          190,
          249
        ],
        "fingerprint": "28740e0b0dbf32c1",
        "length": 256,
        "owner_tier": 3,
        "request": "reviewer.c1",
        "segment_index": 17
      },
      {
        "cache_owner": "engineer.c1",
        "epic_prefix_rows": [
          0,
          1,
          2,
          6,
          10,
          13,
          17,
          20,
          29,
          30,
          36,
          55,
          76,
          90,
          92,
          100,
          101,
          113,
          120,
          126,
          134,
          158,
          159,
          171,
          175,
          189,
          190,
          216,
          221,
          227,
          236,
          248
        ],
        "fingerprint": "74a4cd82c12e15ed",
        "length": 256,
        "owner_tier": 3,
        "request": "reviewer.c1",
        "segment_index": 18
      },
      {
        "cache_owner": "reviewer.c1",
        "epic_prefix_rows": [
          13,
          16,
          18,
          21,
          24,
          29,
          36,
          37,
          40,
          42,
          49,
          53,
          55,
          57,
          58,
          67,
          69,
          73,
          81,
          82,
          87,
          89,
          90,
          91,
          93,
          96,
          102,
          110,
          111,
          113,
          115,
          119
        ],
        "fingerprint": "1f0262c157a7f43f",
        "length": 128,
        "owner_tier": 4,
        "request": "engineer.c2",
        "segment_index": 0
      },
      {
        "cache_owner": "engineer.c0",
        "epic_prefix_rows": [
          17,
          25,
          27,
          29,
          43,
          44,
          88,
          95,
          100,
          104,
          106,
          112,
          119,
          145,
          152,
          178,
          180,
          186,
          198,
          199,
          210,
          218,
          220,
          224,
          227,
          232,
          234,
          251,
          262,
          264,
          280,
          297
        ],
        "fingerprint": "12254cf62447c5f8",
        "length": 300,
        "owner_tier": 1,
        "request": "engineer.c2",
        "segment_index": 1
      },
      {
        "cache_owner": "architect",
        "epic_prefix_rows": [
          0,
          1,
          10,
          11,
          13,
          16,
          26,
          35,
          41,
          49,
          55,
          56,
          65,
          68,
          74,
          86,
          89,
          101,
          109,
          116,
          121,
          142,
          155,
          167,
          174,
          180,
          201,
          226,
          233,
          234,
          250,
          255
        ],
        "fingerprint": "e30e7f3e32cc7675",
        "length": 256,
        "owner_tier": 0,
        "request": "engineer.c2",
        "segment_index": 2
      },
      {
        "cache_owner": "architect",
        "epic_prefix_rows": [
          7,
          11,
          20,
          43,
          48,
          51,
          53,
          64,
          65,
          77,
          79,
          81,
          82,
          83,
          88,
          94,
          98,
          116,
          132,
          133,
          134,
          137,
          172,
          186,
          188,
          203,
          214,
          220,
          222,
          228,
          243,
          247
        ],
        "fingerprint": "46e1f25013f58b80",
        "length": 256,
        "owner_tier": 0,
        "request": "engineer.c2",
        "segment_index": 3
      },
      {
        "cache_owner": "architect",
        "epic_prefix_rows": [
          2,
          11,
          12,
          18,
          20,
          21,
          25,
          30,
          39,
          54,
          61,
          78,
          88,
          105,
          112,
          117,
          126,
          141,
          182,
          185,
          195,
          207,
          211,
          223,
          234,
          237,
          239,
          241,
          243,
          244,
          246,
          251
        ],
        "fingerprint": "851f3d9074e0570a",
        "length": 256,
        "owner_tier": 0,
        "request": "engineer.c2",
        "segment_index": 4
      },
      {
        "cache_owner": "architect",
        "epic_prefix_rows": [
          10,
          19,
          27,
          32,
          46,
          51,
          56,
          63,
          71,
          73,
          75,
          81,
          90,
          100,
          109,
          111,
          125,
          138,
          142,
          143,
          156,
          182,
          193,
          201,
          209,
          212,
          215,
          222,
          225,
          226,
          230,
          254
        ],
        "fingerprint": "d9429d02c5b014fc",
        "length": 256,
        "owner_tier": 0,
        "request": "engineer.c2",
        "segment_index": 5
      },
      {
        "cache_owner": "architect",
        "epic_prefix_rows": [
          1,
          4,
          12,
          25,
          30,
          31,
          44,
          55,
          59,
          63,
          66,
          69,
          72,
          106,
          109,
          118,
          131,
          137,
          154,
          157,
          162,
          168,
          182,
          187,
          188,
          189,
          200,
          219,
          225,
          226,
          251,
          254
        ],
        "fingerprint": "598b613b506df977",
        "length": 256,
        "owner_tier": 0,
        "request": "engineer.c2",
        "segment_index": 6
      },
      {
        "cache_owner": "engineer.c0",
        "epic_prefix_rows": [
          16,
          30,
          43,
          56,
          58,
          59,
          61,
          69,
          72,
          73,
          78,
          83,
          91,
          95,
          122,
          132,
          139,
          144,
          149,
          160,
          165,
          169,
          172,
          180,
          183,
          188,
          189,
          196,
          212,
          230,
          246,
          248
        ],
        "fingerprint": "a8281812b4377861",
        "length": 256,
        "owner_tier": 1,
        "request": "engineer.c2",
        "segment_index": 7
      },
      {
        "cache_owner": "engineer.c0",
        "epic_prefix_rows": [
          3,
          6,
          19,
          33,
          34,
          39,
          45,
          52,
          54,
          60,
          70,
          83,
          93,
          101,
          127,
          129,
          130,
          141,
          145,
          149,
          162,
          178,
          187,
          195,
          196,
          198,
          200,
          207,
          208,
          224,
          244,
          254
        ],
        "fingerprint": "169f43e8691f7f9d",
        "length": 256,
        "owner_tier": 1,
        "request": "engineer.c2",
        "segment_index": 8
      },
      {
        "cache_owner": "engineer.c0",
        "epic_prefix_rows": [
          3,
          6,
          27,
          33,
          41,
          56,
          79,
          90,
          91,
          98,
          116,
          119,
          123,
          125,
          126,
          127,
          134,
          142,
          151,
          152,
          155,
          157,
          161,
          167,
          169,
          188,
          194,
          207,
          213,
          225,
          230,
          234
        ],
        "fingerprint": "c7d4a3f9b85874a9",
        "length": 256,
        "owner_tier": 1,
        "request": "engineer.c2",
        "segment_index": 9
      },
      {
        "cache_owner": "engineer.c0",
        "epic_prefix_rows": [
          9,
          15,
          20,
          35,
          48,
          53,
          57,
          63,
          66,
          74,
          80,
          81,
          87,
          88,
          98,
          102,
          112,
          154,
          160,
          168,
          171,
          180,
          185,
          191,
          201,
          210,
          217,
          220,
          228,
          236,
          251,
          254
        ],
        "fingerprint": "0b3ecb47572ca8fa",
        "length": 256,
        "owner_tier": 1,
        "request": "engineer.c2",
        "segment_index": 10
      },
      {
        "cache_owner": "reviewer.c0",
        "epic_prefix_rows": [
          3,
          4,
          5,
          6,
          11,
          14,
          15,
          17,
          34,
          38,
          55,
          57,
          61,
          78,
          83,
          88,
          90,
          91,
          108,
          111,
          114,
          125,
          138,
          146,
          160,
          161,
          167,
          169,
          187,
          210,
          241,
          255
        ],
        "fingerprint": "a510d5918114be92",
        "length": 256,
        "owner_tier": 2,
        "request": "engineer.c2",
        "segment_index": 11
      },
      {
        "cache_owner": "reviewer.c0",
        "epic_prefix_rows": [
          0,
          2,
          10,
          31,
          35,
          43,
          45,
          67,
          72,
          79,
          84,
          91,
          97,
          99,
          104,
          118,
          128,
          136,
          144,
          166,
          175,
          180,
          186,
          188,
          191,
          194,
          201,
          205,
          228,
          240,
          243,
          246
        ],
        "fingerprint": "1a224eb830f60173",
        "length": 256,
        "owner_tier": 2,
        "request": "engineer.c2",
        "segment_index": 12
      },
      {
        "cache_owner": "reviewer.c0",
        "epic_prefix_rows": [
          5,
          20,
          26,
          38,
          43,
          45,
          60,
          63,
          75,
          84,
          109,
          117,
          143,
          153,
          158,
          160,
          175,
          181,
          183,
          190,
          201,
          206,
          210,
          212,
          214,
          215,
          221,
          229,
          241,
          242,
          244,
          254
        ],
        "fingerprint": "06cd9d70336c658f",
        "length": 256,
        "owner_tier": 2,
        "request": "engineer.c2",
        "segment_index": 13
      },
      {
        "cache_owner": "reviewer.c0",
        "epic_prefix_rows": [
          3,
          6,
          9,
          20,
          22,
          38,
          41,
          60,
          64,
          69,
          74,
          86,
          87,
          91,
          96,
          100,
          103,
          117,
          126,
          127,
          129,
          160,
          171,
          187,
          188,
          192,
          205,
          206,
          227,
          238,
          241,
          251
        ],
        "fingerprint": "b7b34609358edd44",
        "length": 256,
        "owner_tier": 2,
        "request": "engineer.c2",
        "segment_index": 14
      },
      {
        "cache_owner": "engineer.c1",
        "epic_prefix_rows": [],
        "fingerprint": "d30cea729563785e",
        "length": 256,
        "owner_tier": 3,
        "request": "engineer.c2",
        "segment_index": 15
      },
      {
        "cache_owner": "engineer.c1",
        "epic_prefix_rows": [],
        "fingerprint": "492829d0f2055bd1",
        "length": 256,
        "owner_tier": 3,
        "request": "engineer.c2",
        "segment_index": 16
      },
      {
        "cache_owner": "engineer.c1",
        "epic_prefix_rows": [],
        "fingerprint": "28740e0b0dbf32c1",
        "length": 256,
        "owner_tier": 3,
        "request": "engineer.c2",
        "segment_index": 17
      },
      {
        "cache_owner": "engineer.c1",
        "epic_prefix_rows": [],
        "fingerprint": "74a4cd82c12e15ed",
        "length": 256,
        "owner_tier": 3,
        "request": "engineer.c2",
        "segment_index": 18
      },
      {
        "cache_owner": "reviewer.c1",
        "epic_prefix_rows": [
          5,
          8,
          9,
          13,
          30,
          65,
          67,
          69,
          73,
          88,
          101,
          103,
          116,
          120,
          126,
          135,
          136,
          140,
          141,
          146,
          148,
          159,
          174,
          175,
          179,
          184,
          189,
          197,
          227,
          230,
          239,
          249
        ],
        "fingerprint": "c6af362aa955c4bf",
        "length": 256,
        "owner_tier": 4,
        "request": "engineer.c2",
        "segment_index": 19
      },
      {
        "cache_owner": "reviewer.c1",
        "epic_prefix_rows": [
          29,
          39,
          41,
          53,
          62,
          64,
          84,
          87,
          90,
          98,
          132,
          135,
          136,
          144,
          148,
          150,
          172,
          174,
          175,
          184,
          191,
          195,
          206,
          213,
          216,
          222,
          224,
          236,
          240,
          251,
          252,
          254
        ],
        "fingerprint": "9dff2136a1e7d7de",
        "length": 256,
        "owner_tier": 4,
        "request": "engineer.c2",
        "segment_index": 20
      },
      {
        "cache_owner": "reviewer.c1",
        "epic_prefix_rows": [
          0,
          2,
          4,
          11,
          13,
          32,
          36,
          39,
          43,
          74,
          75,
          82,
          87,
          88,
          92,
          103,
          110,
          113,
          122,
          126,
          144,
          145,
          149,
          153,
          160,
          170,
          184,
          200,
          201,
          208,
          209,
          243
        ],
        "fingerprint": "0f5b6ce2f0e50690",
        "length": 256,
        "owner_tier": 4,
        "request": "engineer.c2",
        "segment_index": 21
      },
      {
        "cache_owner": "reviewer.c1",
        "epic_prefix_rows": [
          3,
          16,
          17,
          28,
          40,
          43,
          44,
          48,
          68,
          71,
          72,
          79,
          98,
          108,
          111,
          129,
          131,
          135,
          139,
          140,
          148,
          154,
          156,
          161,
          163,
          168,
          191,
          193,
          203,
          212,
          239,
          243
        ],
        "fingerprint": "21c2efbb1dc41961",
        "length": 256,
        "owner_tier": 4,
        "request": "engineer.c2",
        "segment_index": 22
      },
      {
        "cache_owner": "engineer.c2",
        "epic_prefix_rows": [
          1,
          36,
          39,
          48,
          66,
          71,
          81,
          87,
          92,
          98,
          110,
          118,
          130,
          134,
          137,
          141,
          144,
          169,
          179,
          180,
          183,
          192,
          199,
          200,
          202,
          209,
          216,
          219,
          231,
          240,
          242,
          253
        ],
        "fingerprint": "9a05e6c11d0118a6",
        "length": 256,
        "owner_tier": 5,
        "request": "reviewer.c2",
        "segment_index": 0
      },
      {
        "cache_owner": "reviewer.c0",
        "epic_prefix_rows": [],
        "fingerprint": "4a94037da58fd01b",
        "length": 300,
        "owner_tier": 2,
        "request": "reviewer.c2",
        "segment_index": 1
      },
      {
        "cache_owner": "architect",
        "epic_prefix_rows": [
          4,
          18,
          40,
          47,
          49,
          58,
          61,
          63,
          70,
          90,
          92,
          105,
          127,
          135,
          143,
          146,
          157,
          160,
          161,
          162,
          174,
          179,
          187,
          188,
          194,
          204,
          205,
          230,
          233,
          240,
          244,
          247
        ],
        "fingerprint": "e30e7f3e32cc7675",
        "length": 256,
        "owner_tier": 0,
        "request": "reviewer.c2",
        "segment_index": 2
      },
      {
        "cache_owner": "architect",
        "epic_prefix_rows": [
          16,
          19,
          25,
          42,
          48,
          60,
          64,
          69,
          83,
          91,
          101,
          109,
          111,
          112,
          114,
          115,
          130,
          146,
          156,
          162,
          180,
          182,
          190,
          193,
          198,
          206,
          207,
          215,
          221,
          225,
          229,
          236
        ],
        "fingerprint": "46e1f25013f58b80",
        "length": 256,
        "owner_tier": 0,
        "request": "reviewer.c2",
        "segment_index": 3
      },
      {
        "cache_owner": "architect",
        "epic_prefix_rows": [
          2,
          7,
          9,
          32,
          46,
          51,
          64,
          71,
          78,
          83,
          90,
          98,
          99,
          101,
          111,
          119,
          126,
          144,
          145,
          149,
          160,
          162,
          172,
          178,
          181,
          195,
          198,
          210,
          212,
          225,
          236,
          250
        ],
        "fingerprint": "851f3d9074e0570a",
        "length": 256,
        "owner_tier": 0,
        "request": "reviewer.c2",
        "segment_index": 4
      },
      {
        "cache_owner": "architect",
        "epic_prefix_rows": [
          1,
          6,
          10,
          11,
          12,
          17,
          20,
          28,
          32,
          34,
          48,
          70,
          80,
          88,
          92,
          100,
          101,
          104,
          120,
          121,
          133,
          138,
          144,
          162,
          171,
          183,
          195,
          215,
          216,
          221,
          234,
          235
        ],
        "fingerprint": "d9429d02c5b014fc",
        "length": 256,
        "owner_tier": 0,
        "request": "reviewer.c2",
        "segment_index": 5
      },
      {
        "cache_owner": "architect",
        "epic_prefix_rows": [
          11,
          15,
          32,
          34,
          37,
          41,
          46,
          72,
          78,
          99,
          103,
          123,
          130,
          133,
          142,
          152,
          161,
          164,
          176,
          178,
          180,
          183,
          185,
          186,
          190,
          195,
          210,
          221,
          228,
          233,
          234,
          236
        ],
        "fingerprint": "598b613b506df977",
        "length": 256,
        "owner_tier": 0,
        "request": "reviewer.c2",
        "segment_index": 6
      },
      {
        "cache_owner": "engineer.c0",
        "epic_prefix_rows": [],
        "fingerprint": "a8281812b4377861",
        "length": 256,
        "owner_tier": 1,
        "request": "reviewer.c2",
        "segment_index": 7
      },
      {
        "cache_owner": "engineer.c0",
        "epic_prefix_rows": [],
        "fingerprint": "169f43e8691f7f9d",
        "length": 256,
        "owner_tier": 1,
        "request": "reviewer.c2",
        "segment_index": 8
      },
      {
        "cache_owner": "engineer.c0",
        "epic_prefix_rows": [],
        "fingerprint": "c7d4a3f9b85874a9",
        "length": 256,
        "owner_tier": 1,
        "request": "reviewer.c2",
        "segment_index": 9
      },
      {
        "cache_owner": "engineer.c0",
        "epic_prefix_rows": [],
        "fingerprint": "0b3ecb47572ca8fa",
        "length": 256,
        "owner_tier": 1,
        "request": "reviewer.c2",
        "segment_index": 10
      },
      {
        "cache_owner": "reviewer.c0",
        "epic_prefix_rows": [],
        "fingerprint": "a510d5918114be92",
        "length": 256,
        "owner_tier": 2,
        "request": "reviewer.c2",
        "segment_index": 11
      },
      {
        "cache_owner": "reviewer.c0",
        "epic_prefix_rows": [],
        "fingerprint": "1a224eb830f60173",
        "length": 256,
        "owner_tier": 2,
        "request": "reviewer.c2",
        "segment_index": 12
      },
      {
        "cache_owner": "reviewer.c0",
        "epic_prefix_rows": [],
        "fingerprint": "06cd9d70336c658f",
        "length": 256,
        "owner_tier": 2,
        "request": "reviewer.c2",
        "segment_index": 13
      },
      {
        "cache_owner": "reviewer.c0",
        "epic_prefix_rows": [],
        "fingerprint": "b7b34609358edd44",
        "length": 256,
        "owner_tier": 2,
        "request": "reviewer.c2",
        "segment_index": 14
      },
      {
        "cache_owner": "engineer.c1",
        "epic_prefix_rows": [
          9,
          20,
          21,
          39,
          44,
          45,
          51,
          64,
          66,
          67,
          83,
          114,
          116,
          132,
          141,
          143,
          149,
          161,
          176,
          179,
          181,
          193,
          200,
          204,
          208,
          230,
          232,
          233,
          243,
          252,
          253,
          254
        ],
        "fingerprint": "d30cea729563785e",
        "length": 256,
        "owner_tier": 3,
        "request": "reviewer.c2",
        "segment_index": 15
      },
      {
        "cache_owner": "engineer.c1",
        "epic_prefix_rows": [
          0,
          14,
          17,
          18,
          21,
          34,
          40,
          49,
          61,
          80,
          85,
          87,
          116,
          117,
          121,
          132,
          133,
          139,
          142,
          156,
          165,
          167,
          181,
          193,
          197,
          202,
          207,
          209,
          210,
          229,
          233,
          242
        ],
        "fingerprint": "492829d0f2055bd1",
        "length": 256,
        "owner_tier": 3,
        "request": "reviewer.c2",
        "segment_index": 16
      },
      {
        "cache_owner": "engineer.c1",
        "epic_prefix_rows": [
          4,
          5,
          11,
          15,
          26,
          30,
          32,
          34,
          40,
          46,
          49,
          81,
          85,
          86,
          90,
          92,
          96,
          105,
          109,
          115,
          131,
          145,
          155,
          162,
          165,
          187,
          213,
          215,
          220,
          226,
          236,
          252
        ],
        "fingerprint": "28740e0b0dbf32c1",
        "length": 256,
        "owner_tier": 3,
        "request": "reviewer.c2",
        "segment_index": 17
      },
      {
        "cache_owner": "engineer.c1",
        "epic_prefix_rows": [
          13,
          19,
          43,
          46,
          65,
          79,
          90,
          91,
          99,
          104,
          105,
          112,
          116,
          144,
          153,
          154,
          158,
          159,
          172,
          182,
          193,
          196,
          203,
          205,
          213,
          217,
          230,
          233,
          235,
          237,
          251,
          254
        ],
        "fingerprint": "74a4cd82c12e15ed",
        "length": 256,
        "owner_tier": 3,
        "request": "reviewer.c2",
        "segment_index": 18
      },
      {
        "cache_owner": "reviewer.c1",
        "epic_prefix_rows": [],
        "fingerprint": "c6af362aa955c4bf",
        "length": 256,
        "owner_tier": 4,
        "request": "reviewer.c2",
        "segment_index": 19
      },
      {
        "cache_owner": "reviewer.c1",
        "epic_prefix_rows": [],
        "fingerprint": "9dff2136a1e7d7de",
        "length": 256,
        "owner_tier": 4,
        "request": "reviewer.c2",
        "segment_index": 20
      },
      {
        "cache_owner": "reviewer.c1",
        "epic_prefix_rows": [],
        "fingerprint": "0f5b6ce2f0e50690",
        "length": 256,
        "owner_tier": 4,
        "request": "reviewer.c2",
        "segment_index": 21
      },
      {
        "cache_owner": "reviewer.c1",
        "epic_prefix_rows": [],
        "fingerprint": "21c2efbb1dc41961",
        "length": 256,
        "owner_tier": 4,
        "request": "reviewer.c2",
        "segment_index": 22
      },
      {
        "cache_owner": "engineer.c2",
        "epic_prefix_rows": [
          3,
          5,
          6,
          15,
          16,
          20,
          24,
          31,
          45,
          48,
          67,
          82,
          89,
          91,
          99,
          103,
          116,
          121,
          126,
          141,
          157,
          167,
          176,
          177,
          190,
          202,
          205,
          219,
          223,
          229,
          243,
          254
        ],
        "fingerprint": "4c05ab6f96b7cbbf",
        "length": 256,
        "owner_tier": 5,
        "request": "reviewer.c2",
        "segment_index": 23
      },
      {
        "cache_owner": "engineer.c2",
        "epic_prefix_rows": [
          0,
          7,
          8,
          9,
          20,
          24,
          25,
          26,
          39,
          40,
          67,
          73,
          85,
          86,
          91,
          96,
          102,
          120,
          132,
          137,
          160,
          165,
          200,
          202,
          206,
          211,
          214,
          219,
          220,
          232,
          236,
          244
        ],
        "fingerprint": "7aa9cec1f10ee53b",
        "length": 256,
        "owner_tier": 5,
        "request": "reviewer.c2",
        "segment_index": 24
      },
      {
        "cache_owner": "engineer.c2",
        "epic_prefix_rows": [
          6,
          11,
          40,
          41,
          43,
          44,
          57,
          60,
          61,
          62,
          72,
          75,
          84,
          90,
          101,
          123,
          159,
          160,
          162,
          163,
          173,
          174,
          199,
          224,
          227,
          234,
          235,
          239,
          241,
          242,
          245,
          254
        ],
        "fingerprint": "5446df842b64f9bd",
        "length": 256,
        "owner_tier": 5,
        "request": "reviewer.c2",
        "segment_index": 25
      },
      {
        "cache_owner": "engineer.c2",
        "epic_prefix_rows": [
          0,
          1,
          3,
          4,
          6,
          9,
          12,
          28,
          35,
          38,
          41,
          44,
          82,
          93,
          98,
          99,
          118,
          130,
          144,
          146,
          149,
          156,
          175,
          183,
          197,
          198,
          205,
          210,
          215,
          224,
          238,
          251
        ],
        "fingerprint": "1f7632b49810d492",
        "length": 256,
        "owner_tier": 5,
        "request": "reviewer.c2",
        "segment_index": 26
      },
      {
        "cache_owner": "reviewer.c2",
        "epic_prefix_rows": [
          3,
          9,
          12,
          16,
          17,
          19,
          27,
          31,
          37,
          42,
          44,
          46,
          48,
          51,
          52,
          53,
          55,
          65,
          68,
          72,
          84,
          86,
          87,
          91,
          98,
          99,
          100,
          112,
          116,
          117,
          118,
          123
        ],
        "fingerprint": "8828d9651694699d",
        "length": 128,
        "owner_tier": 6,
        "request": "engineer.c3",
        "segment_index": 0
      },
      {
        "cache_owner": "engineer.c0",
        "epic_prefix_rows": [
          11,
          13,
          20,
          24,
          35,
          53,
          54,
          73,
          82,
          115,
          121,
          122,
          129,
          141,
          164,
          190,
          195,
          200,
          201,
          202,
          203,
          215,
          221,
          235,
          236,
          241,
          242,
          246,
          269,
          273,
          277,
          297
        ],
        "fingerprint": "12254cf62447c5f8",
        "length": 300,
        "owner_tier": 1,
        "request": "engineer.c3",
        "segment_index": 1
      },
      {
        "cache_owner": "architect",
        "epic_prefix_rows": [
          13,
          28,
          36,
          40,
          45,
          50,
          65,
          72,
          75,
          83,
          86,
          87,
          88,
          91,
          94,
          105,
          121,
          128,
          132,
          149,
          151,
          160,
          161,
          185,
          192,
          195,
          196,
          221,
          224,
          235,
          238,
          253
        ],
        "fingerprint": "e30e7f3e32cc7675",
        "length": 256,
        "owner_tier": 0,
        "request": "engineer.c3",
        "segment_index": 2
      },
      {
        "cache_owner": "architect",
        "epic_prefix_rows": [
          7,
          8,
          10,
          19,
          28,
          33,
          34,
          42,
          53,
          68,
          74,
          88,
          91,
          96,
          101,
          105,
          110,
          118,
          141,
          147,
          156,
          162,
          164,
          174,
          181,
          186,
          194,
          199,
          228,
          230,
          248,
          250
        ],
        "fingerprint": "46e1f25013f58b80",
        "length": 256,
        "owner_tier": 0,
        "request": "engineer.c3",
        "segment_index": 3
      },
      {
        "cache_owner": "architect",
        "epic_prefix_rows": [
          7,
          30,
          34,
          35,
          39,
          42,
          43,
          53,
          58,
          73,
          85,
          91,
          104,
          126,
          134,
          139,
          141,
          159,
          175,
          183,
          185,
          188,
          197,
          203,
          205,
          209,
          214,
          217,
          218,
          220,
          225,
          230
        ],
        "fingerprint": "851f3d9074e0570a",
        "length": 256,
        "owner_tier": 0,
        "request": "engineer.c3",
        "segment_index": 4
      },
      {
        "cache_owner": "architect",
        "epic_prefix_rows": [
          25,
          37,
          39,
          40,
          60,
          78,
          84,
          87,
          88,
          96,
          99,
          104,
          120,
          128,
          130,
          134,
          136,
          142,
          160,
          174,
          177,
          189,
          190,
          208,
          225,
          229,
          230,
          233,
          234,
          239,
          243,
          247
        ],
        "fingerprint": "d9429d02c5b014fc",
        "length": 256,
        "owner_tier": 0,
        "request": "engineer.c3",
        "segment_index": 5
      },
      {
        "cache_owner": "architect",
        "epic_prefix_rows": [
          1,
          2,
          9,
          21,
          27,
          28,
          29,
          43,
          52,
          68,
          75,
          92,
          96,
          131,
          132,
          149,
          152,
          154,
          157,
          162,
          164,
          165,
          176,
          178,
          180,
          187,
          199,
          203,
          225,
          239,
          245,
          252
        ],
        "fingerprint": "598b613b506df977",
        "length": 256,
        "owner_tier": 0,
        "request": "engineer.c3",
        "segment_index": 6
      },
      {
        "cache_owner": "engineer.c0",
        "epic_prefix_rows": [
          6,
          19,
          27,
          40,
          42,
          43,
          58,
          64,
          81,
          94,
          115,
          124,
          130,
          141,
          143,
          149,
          164,
          170,
          173,
          178,
          198,
          199,
          207,
          211,
          217,
          219,
          224,
          226,
          229,
          236,
          237,
          246
        ],
        "fingerprint": "a8281812b4377861",
        "length": 256,
        "owner_tier": 1,
        "request": "engineer.c3",
        "segment_index": 7
      },
      {
        "cache_owner": "engineer.c0",
        "epic_prefix_rows": [
          5,
          10,
          13,
          22,
          34,
          43,
          53,
          59,
          67,
          85,
          96,
          99,
          103,
          112,
          116,
          129,
          144,
          150,
          155,
          164,
          169,
          175,
          181,
          205,
          209,
          223,
          226,
          234,
          235,
          245,
          248,
          251
        ],
        "fingerprint": "169f43e8691f7f9d",
        "length": 256,
        "owner_tier": 1,
        "request": "engineer.c3",
        "segment_index": 8
      },
      {
        "cache_owner": "engineer.c0",
        "epic_prefix_rows": [
          17,
          23,
          26,
          36,
          40,
          46,
          58,
          67,
          68,
          77,
          93,
          100,
          104,
          116,
          121,
          122,
          125,
          129,
          138,
          141,
          142,
          144,
          155,
          158,
          165,
          212,
          213,
          218,
          231,
          234,
          245,
          246
        ],
        "fingerprint": "c7d4a3f9b85874a9",
        "length": 256,
        "owner_tier": 1,
        "request": "engineer.c3",
        "segment_index": 9
      },
      {
        "cache_owner": "engineer.c0",
        "epic_prefix_rows": [
          1,
          8,
          14,
          24,
          27,
          28,
          35,
          36,
          50,
          58,
          75,
          92,
          103,
          123,
          125,
          135,
          142,
          143,
          150,
          154,
          168,
          170,
          176,
          179,
          182,
          193,
          207,
          208,
          210,
          220,
          221,
          245
        ],
        "fingerprint": "0b3ecb47572ca8fa",
        "length": 256,
        "owner_tier": 1,
        "request": "engineer.c3",
        "segment_index": 10
      },
      {
        "cache_owner": "reviewer.c0",
        "epic_prefix_rows": [
          1,
          2,
          19,
          23,
          24,
          57,
          58,
          61,
          70,
          78,
          79,
          87,
          88,
          90,
          94,
          97,
          108,
          126,
          127,
          130,
          143,
          146,
          175,
          189,
          199,
          214,
          220,
          223,
          239,
          242,
          250,
          252
        ],
        "fingerprint": "a510d5918114be92",
        "length": 256,
        "owner_tier": 2,
        "request": "engineer.c3",
        "segment_index": 11
      },
      {
        "cache_owner": "reviewer.c0",
        "epic_prefix_rows": [
          30,
          33,
          51,
          58,
          59,
          71,
          72,
          73,
          74,
          90,
          91,
          95,
          98,
          102,
          110,
          120,
          123,
          128,
          156,
          161,
          167,
          168,
          181,
          190,
          198,
          199,
          200,
          212,
          222,
          225,
          239,
          244
        ],
        "fingerprint": "1a224eb830f60173",
        "length": 256,
        "owner_tier": 2,
        "request": "engineer.c3",
        "segment_index": 12
      },
      {
        "cache_owner": "reviewer.c0",
        "epic_prefix_rows": [
          26,
          28,
          30,
          39,
          47,
          58,
          62,
          72,
          74,
          86,
          88,
          98,
          99,
          102,
          114,
          118,
          122,
          127,
          131,
          144,
          174,
          182,
          183,
          190,
          196,
          212,
          221,
          228,
          231,
          238,
          249,
          252
        ],
        "fingerprint": "06cd9d70336c658f",
        "length": 256,
        "owner_tier": 2,
        "request": "engineer.c3",
        "segment_index": 13
      },
      {
        "cache_owner": "reviewer.c0",
        "epic_prefix_rows": [
          0,
          10,
          12,
          23,
          28,
          45,
          46,
          51,
          58,
          59,
          67,
          79,
          80,
          81,
          83,
          100,
          102,
          104,
          110,
          112,
          120,
          124,
          128,
          132,
          147,
          172,
          175,
          185,
          197,
          210,
          228,
          244
        ],
        "fingerprint": "b7b34609358edd44",
        "length": 256,
        "owner_tier": 2,
        "request": "engineer.c3",
        "segment_index": 14
      },
      {
        "cache_owner": "engineer.c1",
        "epic_prefix_rows": [],
        "fingerprint": "d30cea729563785e",
        "length": 256,
        "owner_tier": 3,
        "request": "engineer.c3",
        "segment_index": 15
      },
      {
        "cache_owner": "engineer.c1",
        "epic_prefix_rows": [],
        "fingerprint": "492829d0f2055bd1",
        "length": 256,
        "owner_tier": 3,
        "request": "engineer.c3",
        "segment_index": 16
      },
      {
        "cache_owner": "engineer.c1",
        "epic_prefix_rows": [],
        "fingerprint": "28740e0b0dbf32c1",
        "length": 256,
        "owner_tier": 3,
        "request": "engineer.c3",
        "segment_index": 17
      },
      {
        "cache_owner": "engineer.c1",
        "epic_prefix_rows": [],
        "fingerprint": "74a4cd82c12e15ed",
        "length": 256,
        "owner_tier": 3,
        "request": "engineer.c3",
        "segment_index": 18
      },
      {
        "cache_owner": "reviewer.c1",
        "epic_prefix_rows": [
          0,
          1,
          2,
          7,
          11,
          17,
          20,
          29,
          33,
          45,
          50,
          51,
          59,
          97,
          106,
          119,
          133,
          136,
          137,
          154,
          155,
          159,
          186,
          189,
          210,
          216,
          217,
          229,
          233,
          239,
          243,
          253
        ],
        "fingerprint": "c6af362aa955c4bf",
        "length": 256,
        "owner_tier": 4,
        "request": "engineer.c3",
        "segment_index": 19
      },
      {
        "cache_owner": "reviewer.c1",
        "epic_prefix_rows": [
          0,
          7,
          10,
          23,
          26,
          34,
          53,
          64,
          68,
          86,
          88,
          94,
          97,
          106,
          111,
          116,
          121,
          132,
          149,
          152,
          157,
          164,
          173,
          180,
          182,
          195,
          206,
          211,
          226,
          237,
          252,
          255
        ],
        "fingerprint": "9dff2136a1e7d7de",
        "length": 256,
        "owner_tier": 4,
        "request": "engineer.c3",
        "segment_index": 20
      },
      {
        "cache_owner": "reviewer.c1",
        "epic_prefix_rows": [
          6,
          27,
          30,
          31,
          34,
          36,
          45,
          51,
          53,
          81,
          86,
          97,
          107,
          114,
          116,
          120,
          121,
          128,
          130,
          139,
          140,
          143,
          146,
          158,
          168,
          177,
          197,
          228,
          233,
          240,
          249,
          253
        ],
        "fingerprint": "0f5b6ce2f0e50690",
        "length": 256,
        "owner_tier": 4,
        "request": "engineer.c3",
        "segment_index": 21
      },
      {
        "cache_owner": "reviewer.c1",
        "epic_prefix_rows": [
          1,
          6,
          20,
          57,
          59,
          61,
          63,
          64,
          65,
          85,
          89,
          96,
          103,
          105,
          106,
          109,
          114,
          116,
          123,
          129,
          141,
          144,
          185,
          195,
          198,
          209,
          210,
          220,
          227,
          236,
          239,
          255
        ],
        "fingerprint": "21c2efbb1dc41961",
        "length": 256,
        "owner_tier": 4,
        "request": "engineer.c3",
        "segment_index": 22
      },
      {
        "cache_owner": "engineer.c2",
        "epic_prefix_rows": [],
        "fingerprint": "4c05ab6f96b7cbbf",
        "length": 256,
        "owner_tier": 5,
        "request": "engineer.c3",
        "segment_index": 23
      },
      {
        "cache_owner": "engineer.c2",
        "epic_prefix_rows": [],
        "fingerprint": "7aa9cec1f10ee53b",
        "length": 256,
        "owner_tier": 5,
        "request": "engineer.c3",
        "segment_index": 24
      },
      {
        "cache_owner": "engineer.c2",
        "epic_prefix_rows": [],
        "fingerprint": "5446df842b64f9bd",
        "length": 256,
        "owner_tier": 5,
        "request": "engineer.c3",
        "segment_index": 25
      },
      {
        "cache_owner": "engineer.c2",
        "epic_prefix_rows": [],
        "fingerprint": "1f7632b49810d492",
        "length": 256,
        "owner_tier": 5,
        "request": "engineer.c3",
        "segment_index": 26
      },
      {
        "cache_owner": "reviewer.c2",
        "epic_prefix_rows": [
          9,
          15,
          22,
          31,
          36,
          38,
          39,
          41,
          48,
          58,
          72,
          76,
          85,
          87,
          92,
          112,
          121,
          124,
          132,
          133,
          153,
          159,
          161,
          167,
          172,
          175,
          206,
          212,
          222,
          237,
          238,
          244
        ],
        "fingerprint": "d316109d6918891f",
        "length": 256,
        "owner_tier": 6,
        "request": "engineer.c3",
        "segment_index": 27
      },
      {
        "cache_owner": "reviewer.c2",
        "epic_prefix_rows": [
          12,
          38,
          42,
          46,
          48,
          49,
          83,
          86,
          99,
          100,
          105,
          111,
          127,
          132,
          133,
          138,
          149,
          152,
          173,
          174,
          182,
          185,
          194,
          197,
          201,
          205,
          212,
          217,
          227,
          239,
          242,
          252
        ],
        "fingerprint": "34201a3b78daf9d5",
        "length": 256,
        "owner_tier": 6,
        "request": "engineer.c3",
        "segment_index": 28
      },
      {
        "cache_owner": "reviewer.c2",
        "epic_prefix_rows": [
          0,
          8,
          11,
          15,
          27,
          34,
          50,
          54,
          57,
          62,
          81,
          112,
          113,
          124,
          142,
          146,
          153,
          154,
          156,
          169,
          172,
          175,
          187,
          215,
          220,
          223,
          230,
          231,
          237,
          246,
          252,
          253
        ],
        "fingerprint": "df2680b35bde67d5",
        "length": 256,
        "owner_tier": 6,
        "request": "engineer.c3",
        "segment_index": 29
      },
      {
        "cache_owner": "reviewer.c2",
        "epic_prefix_rows": [
          17,
          29,
          37,
          39,
          41,
          49,
          56,
          73,
          81,
          86,
          91,
          95,
          100,
          112,
          119,
          126,
          142,
          162,
          165,
          169,
          174,
          175,
          183,
          192,
          193,
          215,
          216,
          217,
          226,
          236,
          237,
          238
        ],
        "fingerprint": "9dea906074cac7ca",
        "length": 256,
        "owner_tier": 6,
        "request": "engineer.c3",
        "segment_index": 30
      },
      {
        "cache_owner": "reviewer.c2",
        "epic_prefix_rows": [
          1,
          5,
          11,
          22,
          34,
          53,
          79,
          94,
          97,
          103,
          105,
          125,
          135,
          137,
          138,
          139,
          145,
          149,
          162,
          164,
          171,
          180,
          181,
          202,
          218,
          223,
          228,
          237,
          242,
          245,
          252,
          253
        ],
        "fingerprint": "89b49369578d9e4a",
        "length": 256,
        "owner_tier": 6,
        "request": "engineer.c3",
        "segment_index": 31
      },
      {
        "cache_owner": "engineer.c3",
        "epic_prefix_rows": [
          3,
          5,
          7,
          20,
          21,
          28,
          33,
          39,
          52,
          61,
          66,
          79,
          92,
          94,
          107,
          119,
          126,
          131,
          150,
          151,
          154,
          157,
          187,
          190,
          192,
          193,
          196,
          206,
          221,
          234,
          245,
          248
        ],
        "fingerprint": "a98f456a162f4c00",
        "length": 256,
        "owner_tier": 7,
        "request": "reviewer.c3",
        "segment_index": 0
      },
      {
        "cache_owner": "reviewer.c0",
        "epic_prefix_rows": [],
        "fingerprint": "4a94037da58fd01b",
        "length": 300,
        "owner_tier": 2,
        "request": "reviewer.c3",
        "segment_index": 1
      },
      {
        "cache_owner": "architect",
        "epic_prefix_rows": [
          11,
          16,
          22,
          39,
          56,
          58,
          67,
          71,
          80,
          81,
          86,
          97,
          98,
          111,
          122,
          124,
          129,
          134,
          144,
          149,
          151,
          160,
          186,
          190,
          210,
          214,
          224,
          228,
          237,
          239,
          248,
          251
        ],
        "fingerprint": "e30e7f3e32cc7675",
        "length": 256,
        "owner_tier": 0,
        "request": "reviewer.c3",
        "segment_index": 2
      },
      {
        "cache_owner": "architect",
        "epic_prefix_rows": [
          7,
          8,
          12,
          29,
          30,
          34,
          36,
          48,
          63,
          67,
          69,
          74,
          88,
          95,
          98,
          110,
          111,
          138,
          155,
          157,
          161,
          163,
          170,
          180,
          190,
          194,
          205,
          211,
          226,
          239,
          246,
          254
        ],
        "fingerprint": "46e1f25013f58b80",
        "length": 256,
        "owner_tier": 0,
        "request": "reviewer.c3",
        "segment_index": 3
      },
      {
        "cache_owner": "architect",
        "epic_prefix_rows": [
          3,
          5,
          17,
          19,
          25,
          26,
          30,
          32,
          35,
          41,
          64,
          66,
          84,
          86,
          88,
          106,
          124,
          126,
          131,
          133,
          141,
          143,
          146,
          150,
          157,
          163,
          194,
          202,
          209,
          220,
          232,
          244
        ],
        "fingerprint": "851f3d9074e0570a",
        "length": 256,
        "owner_tier": 0,
        "request": "reviewer.c3",
        "segment_index": 4
      },
      {
        "cache_owner": "architect",
        "epic_prefix_rows": [
          17,
          24,
          40,
          45,
          51,
          55,
          57,
          58,
          68,
          88,
          89,
          102,
          112,
          119,
          133,
          140,
          142,
          155,
          169,
          177,
          178,
          181,
          184,
          190,
          200,
          214,
          215,
          218,
          229,
          234,
          239,
          245
        ],
        "fingerprint": "d9429d02c5b014fc",
        "length": 256,
        "owner_tier": 0,
        "request": "reviewer.c3",
        "segment_index": 5
      },
      {
        "cache_owner": "architect",
        "epic_prefix_rows": [
          0,
          3,
          8,
          21,
          29,
          32,
          42,
          51,
          70,
          74,
          78,
          82,
          83,
          88,
          131,
          141,
          143,
          156,
          160,
          169,
          170,
          180,
          182,
          197,
          198,
          200,
          205,
          209,
          223,
          246,
          251,
          252
        ],
        "fingerprint": "598b613b506df977",
        "length": 256,
        "owner_tier": 0,
        "request": "reviewer.c3",
        "segment_index": 6
      },
      {
        "cache_owner": "engineer.c0",
        "epic_prefix_rows": [],
        "fingerprint": "a8281812b4377861",
        "length": 256,
        "owner_tier": 1,
        "request": "reviewer.c3",
        "segment_index": 7
      },
      {
        "cache_owner": "engineer.c0",
        "epic_prefix_rows": [],
        "fingerprint": "169f43e8691f7f9d",
        "length": 256,
        "owner_tier": 1,
        "request": "reviewer.c3",
        "segment_index": 8
      },
      {
        "cache_owner": "engineer.c0",
        "epic_prefix_rows": [],
        "fingerprint": "c7d4a3f9b85874a9",
        "length": 256,
        "owner_tier": 1,
        "request": "reviewer.c3",
        "segment_index": 9
      },
      {
        "cache_owner": "engineer.c0",
        "epic_prefix_rows": [],
        "fingerprint": "0b3ecb47572ca8fa",
        "length": 256,
        "owner_tier": 1,
        "request": "reviewer.c3",
        "segment_index": 10
      },
      {
        "cache_owner": "reviewer.c0",
        "epic_prefix_rows": [],
        "fingerprint": "a510d5918114be92",
        "length": 256,
        "owner_tier": 2,
        "request": "reviewer.c3",
        "segment_index": 11
      },
      {
        "cache_owner": "reviewer.c0",
        "epic_prefix_rows": [],
        "fingerprint": "1a224eb830f60173",
        "length": 256,
        "owner_tier": 2,
        "request": "reviewer.c3",
        "segment_index": 12
      },
      {
        "cache_owner": "reviewer.c0",
        "epic_prefix_rows": [],
        "fingerprint": "06cd9d70336c658f",
        "length": 256,
        "owner_tier": 2,
        "request": "reviewer.c3",
        "segment_index": 13
      },
      {
        "cache_owner": "reviewer.c0",
        "epic_prefix_rows": [],
        "fingerprint": "b7b34609358edd44",
        "length": 256,
        "owner_tier": 2,
        "request": "reviewer.c3",
        "segment_index": 14
      },
      {
        "cache_owner": "engineer.c1",
        "epic_prefix_rows": [
          2,
          5,
          8,
          19,
          20,
          22,
          31,
          44,
          61,
          68,
          73,
          75,
          80,
          81,
          82,
          104,
          106,
          111,
          118,
          128,
          136,
          151,
          160,
          163,
          169,
          172,
          178,
          212,
          213,
          216,
          222,
          229
        ],
        "fingerprint": "d30cea729563785e",
        "length": 256,
        "owner_tier": 3,
        "request": "reviewer.c3",
        "segment_index": 15
      },
      {
        "cache_owner": "engineer.c1",
        "epic_prefix_rows": [
          12,
          14,
          31,
          35,
          43,
          57,
          63,
          64,
          66,
          71,
          80,
          95,
          99,
          107,
          108,
          114,
          125,
          132,
          136,
          147,
          149,
          152,
          177,
          181,
          200,
          201,
          206,
          217,
          227,
          233,
          249,
          252
        ],
        "fingerprint": "492829d0f2055bd1",
        "length": 256,
        "owner_tier": 3,
        "request": "reviewer.c3",
        "segment_index": 16
      },
      {
        "cache_owner": "engineer.c1",
        "epic_prefix_rows": [
          3,
          7,
          20,
          25,
          26,
          31,
          32,
          46,
          59,
          61,
          63,
          68,
          72,
          78,
          92,
          98,
          103,
          105,
          110,
          112,
          120,
          122,
          127,
          134,
          178,
          180,
          192,
          206,
          211,
          228,
          231,
          235
        ],
        "fingerprint": "28740e0b0dbf32c1",
        "length": 256,
        "owner_tier": 3,
        "request": "reviewer.c3",
        "segment_index": 17
      },
      {
        "cache_owner": "engineer.c1",
        "epic_prefix_rows": [
          6,
          29,
          37,
          38,
          40,
          42,
          46,
          47,
          51,
          56,
          59,
          62,
          63,
          64,
          77,
          91,
          106,
          134,
          139,
          141,
          143,
          180,
          181,
          184,
          194,
          201,
          204,
          210,
          218,
          221,
          226,
          227
        ],
        "fingerprint": "74a4cd82c12e15ed",
        "length": 256,
        "owner_tier": 3,
        "request": "reviewer.c3",
        "segment_index": 18
      },
      {
        "cache_owner": "reviewer.c1",
        "epic_prefix_rows": [],
        "fingerprint": "c6af362aa955c4bf",
        "length": 256,
        "owner_tier": 4,
        "request": "reviewer.c3",
        "segment_index": 19
      },
      {
        "cache_owner": "reviewer.c1",
        "epic_prefix_rows": [],
        "fingerprint": "9dff2136a1e7d7de",
        "length": 256,
        "owner_tier": 4,
        "request": "reviewer.c3",
        "segment_index": 20
      },
      {
        "cache_owner": "reviewer.c1",
        "epic_prefix_rows": [],
        "fingerprint": "0f5b6ce2f0e50690",
        "length": 256,
        "owner_tier": 4,
        "request": "reviewer.c3",
        "segment_index": 21
      },
      {
        "cache_owner": "reviewer.c1",
        "epic_prefix_rows": [],
        "fingerprint": "21c2efbb1dc41961",
        "length": 256,
        "owner_tier": 4,
        "request": "reviewer.c3",
        "segment_index": 22
      },
      {
        "cache_owner": "engineer.c2",
        "epic_prefix_rows": [
          5,
          15,
          42,
          43,
          51,
          54,
          63,
          65,
          76,
          97,
          98,
          99,
          105,
          117,
          129,
          134,
          148,
          174,
          181,
          184,
          189,
          190,
          198,
          202,
          203,
          204,
          213,
          216,
          219,
          222,
          225,
          231
        ],
        "fingerprint": "4c05ab6f96b7cbbf",
        "length": 256,
        "owner_tier": 5,
        "request": "reviewer.c3",
        "segment_index": 23
      },
      {
        "cache_owner": "engineer.c2",
        "epic_prefix_rows": [
          2,
          19,
          20,
          22,
          26,
          32,
          40,
          62,
          66,
          70,
          88,
          101,
          105,
          115,
          136,
          150,
          169,
          172,
          185,
          189,
          190,
          191,
          195,
          211,
          219,
          228,
          230,
          240,
          242,
          246,
          249,
          252
        ],
        "fingerprint": "7aa9cec1f10ee53b",
        "length": 256,
        "owner_tier": 5,
        "request": "reviewer.c3",
        "segment_index": 24
      },
      {
        "cache_owner": "engineer.c2",
        "epic_prefix_rows": [
          3,
          11,
          13,
          17,
          34,
          37,
          63,
          74,
          89,
          91,
          93,
          107,
          114,
          115,
          130,
          153,
          160,
          169,
          170,
          177,
          181,
          194,
          199,
          207,
          212,
          218,
          219,
          225,
          229,
          236,
          249,
          252
        ],
        "fingerprint": "5446df842b64f9bd",
        "length": 256,
        "owner_tier": 5,
        "request": "reviewer.c3",
        "segment_index": 25
      },
      {
        "cache_owner": "engineer.c2",
        "epic_prefix_rows": [
          5,
          34,
          35,
          51,
          64,
          75,
          77,
          84,
          86,
          89,
          97,
          101,
          112,
          121,
          122,
          128,
          152,
          154,
          155,
          163,
          164,
          176,
          179,
          187,
          206,
          207,
          209,
          213,
          218,
          238,
          239,
          243
        ],
        "fingerprint": "1f7632b49810d492",
        "length": 256,
        "owner_tier": 5,
        "request": "reviewer.c3",
        "segment_index": 26
      },
      {
        "cache_owner": "reviewer.c2",
        "epic_prefix_rows": [],
        "fingerprint": "d316109d6918891f",
        "length": 256,
        "owner_tier": 6,
        "request": "reviewer.c3",
        "segment_index": 27
      },
      {
        "cache_owner": "reviewer.c2",
        "epic_prefix_rows": [],
        "fingerprint": "34201a3b78daf9d5",
        "length": 256,
        "owner_tier": 6,
        "request": "reviewer.c3",
        "segment_index": 28
      },
      {
        "cache_owner": "reviewer.c2",
        "epic_prefix_rows": [],
        "fingerprint": "df2680b35bde67d5",
        "length": 256,
        "owner_tier": 6,
        "request": "reviewer.c3",
        "segment_index": 29
      },
      {
        "cache_owner": "reviewer.c2",
        "epic_prefix_rows": [],
        "fingerprint": "9dea906074cac7ca",
        "length": 256,
        "owner_tier": 6,
        "request": "reviewer.c3",
        "segment_index": 30
      },
      {
        "cache_owner": "reviewer.c2",
        "epic_prefix_rows": [],
        "fingerprint": "89b49369578d9e4a",
        "length": 256,
        "owner_tier": 6,
        "request": "reviewer.c3",
        "segment_index": 31
      },
      {
        "cache_owner": "engineer.c3",
        "epic_prefix_rows": [
          35,
          42,
          48,
          55,
          60,
          67,
          76,
          102,
          110,
          128,
          129,
          130,
          131,
          132,
          136,
          144,
          148,
          152,
          165,
          172,
          178,
          193,
          199,
          202,
          206,
          208,
          211,
          214,
          215,
          229,
          230,
          246
        ],
        "fingerprint": "df5a2402c872906f",
        "length": 256,
        "owner_tier": 7,
        "request": "reviewer.c3",
        "segment_index": 32
      },
      {
        "cache_owner": "engineer.c3",
        "epic_prefix_rows": [
          0,
          4,
          13,
          17,
          26,
          44,
          47,
          49,
          51,
          55,
          65,
          66,
          77,
          87,
          110,
          116,
          117,
          134,
          152,
          158,
          166,
          176,
          186,
          202,
          203,
          211,
          219,
          223,
          232,
          234,
          241,
          243
        ],
        "fingerprint": "cb27667059509bba",
        "length": 256,
        "owner_tier": 7,
        "request": "reviewer.c3",
        "segment_index": 33
      },
      {
        "cache_owner": "engineer.c3",
        "epic_prefix_rows": [
          2,
          4,
          5,
          6,
          22,
          29,
          42,
          60,
          68,
          79,
          90,
          92,
          100,
          110,
          127,
          149,
          155,
          156,
          168,
          172,
          179,
          184,
          189,
          200,
          207,
          210,
          212,
          219,
          222,
          234,
          237,
          239
        ],
        "fingerprint": "41089fab967878b7",
        "length": 256,
        "owner_tier": 7,
        "request": "reviewer.c3",
        "segment_index": 34
      },
      {
        "cache_owner": "engineer.c3",
        "epic_prefix_rows": [
          0,
          3,
          8,
          13,
          38,
          45,
          47,
          50,
          53,
          58,
          69,
          81,
          88,
          90,
          98,
          104,
          111,
          127,
          129,
          136,
          150,
          151,
          152,
          154,
          156,
          160,
          168,
          189,
          203,
          220,
          222,
          235
        ],
        "fingerprint": "ee22e256b36b9c62",
        "length": 256,
        "owner_tier": 7,
        "request": "reviewer.c3",
        "segment_index": 35
      },
      {
        "cache_owner": "reviewer.c3",
        "epic_prefix_rows": [
          7,
          9,
          10,
          13,
          17,
          20,
          24,
          34,
          35,
          39,
          40,
          42,
          43,
          53,
          58,
          61,
          62,
          64,
          77,
          79,
          80,
          81,
          82,
          84,
          91,
          95,
          96,
          105,
          117,
          118,
          122,
          127
        ],
        "fingerprint": "028e23b960f905de",
        "length": 128,
        "owner_tier": 8,
        "request": "engineer.c4",
        "segment_index": 0
      },
      {
        "cache_owner": "engineer.c0",
        "epic_prefix_rows": [
          4,
          7,
          13,
          20,
          38,
          51,
          56,
          57,
          62,
          64,
          70,
          81,
          95,
          132,
          134,
          141,
          150,
          160,
          182,
          197,
          207,
          208,
          214,
          215,
          217,
          229,
          246,
          260,
          262,
          274,
          286,
          299
        ],
        "fingerprint": "12254cf62447c5f8",
        "length": 300,
        "owner_tier": 1,
        "request": "engineer.c4",
        "segment_index": 1
      },
      {
        "cache_owner": "architect",
        "epic_prefix_rows": [
          7,
          12,
          14,
          21,
          33,
          53,
          57,
          71,
          76,
          100,
          102,
          103,
          104,
          105,
          139,
          143,
          148,
          153,
          164,
          179,
          180,
          187,
          190,
          191,
          200,
          213,
          214,
          228,
          231,
          234,
          235,
          247
        ],
        "fingerprint": "e30e7f3e32cc7675",
        "length": 256,
        "owner_tier": 0,
        "request": "engineer.c4",
        "segment_index": 2
      },
      {
        "cache_owner": "architect",
        "epic_prefix_rows": [
          2,
          13,
          17,
          22,
          32,
          37,
          43,
          53,
          54,
          64,
          68,
          73,
          103,
          120,
          134,
          138,
          143,
          147,
          150,
          162,
          164,
          175,
          198,
          199,
          212,
          220,
          221,
          224,
          228,
          230,
          241,
          244
        ],
        "fingerprint": "46e1f25013f58b80",
        "length": 256,
        "owner_tier": 0,
        "request": "engineer.c4",
        "segment_index": 3
      },
      {
        "cache_owner": "architect",
        "epic_prefix_rows": [
          1,
          5,
          16,
          22,
          29,
          34,
          36,
          37,
          39,
          53,
          64,
          72,
          82,
          84,
          85,
          95,
          115,
          120,
          124,
          129,
          148,
          163,
          174,
          189,
          192,
          194,
          197,
          210,
          213,
          214,
          236,
          240
        ],
        "fingerprint": "851f3d9074e0570a",
        "length": 256,
        "owner_tier": 0,
        "request": "engineer.c4",
        "segment_index": 4
      },
      {
        "cache_owner": "architect",
        "epic_prefix_rows": [
          8,
          18,
          20,
          29,
          36,
          37,
          39,
          43,
          56,
          80,
          98,
          102,
          103,
          109,
          112,
          122,
          130,
          132,
          138,
          141,
          144,
          164,
          165,
          198,
          212,
          223,
          225,
          232,
          240,
          243,
          251,
          253
        ],
        "fingerprint": "d9429d02c5b014fc",
        "length": 256,
        "owner_tier": 0,
        "request": "engineer.c4",
        "segment_index": 5
      },
      {
        "cache_owner": "architect",
        "epic_prefix_rows": [
          9,
          34,
          59,
          68,
          77,
          81,
          87,
          88,
          90,
          93,
          98,
          102,
          119,
          122,
          128,
          131,
          134,
          144,
          151,
          159,
          170,
          171,
          185,
          186,
          190,
          198,
          200,
          202,
          208,
          222,
          231,
          240
        ],
        "fingerprint": "598b613b506df977",
        "length": 256,
        "owner_tier": 0,
        "request": "engineer.c4",
        "segment_index": 6
      },
      {
        "cache_owner": "engineer.c0",
        "epic_prefix_rows": [
          0,
          3,
          6,
          10,
          19,
          28,
          46,
          62,
          63,
          68,
          87,
          91,
          93,
          94,
          107,
          111,
          121,
          123,
          124,
          129,
          132,
          139,
          145,
          147,
          158,
          165,
          193,
          196,
          207,
          225,
          239,
          250
        ],
        "fingerprint": "a8281812b4377861",
        "length": 256,
        "owner_tier": 1,
        "request": "engineer.c4",
        "segment_index": 7
      },
      {
        "cache_owner": "engineer.c0",
        "epic_prefix_rows": [
          11,
          41,
          42,
          54,
          73,
          88,
          98,
          120,
          122,
          123,
          134,
          148,
          167,
          168,
          174,
          175,
          178,
          185,
          189,
          190,
          194,
          200,
          205,
          211,
          213,
          216,
          224,
          227,
          236,
          250,
          252,
          254
        ],
        "fingerprint": "169f43e8691f7f9d",
        "length": 256,
        "owner_tier": 1,
        "request": "engineer.c4",
        "segment_index": 8
      },
      {
        "cache_owner": "engineer.c0",
        "epic_prefix_rows": [
          13,
          36,
          44,
          54,
          60,
          61,
          65,
          75,
          80,
          83,
          94,
          97,
          100,
          109,
          110,
          113,
          116,
          131,
          145,
          148,
          153,
          156,
          159,
          160,
          171,
          181,
          196,
          211,
          221,
          227,
          238,
          249
        ],
        "fingerprint": "c7d4a3f9b85874a9",
        "length": 256,
        "owner_tier": 1,
        "request": "engineer.c4",
        "segment_index": 9
      },
      {
        "cache_owner": "engineer.c0",
        "epic_prefix_rows": [
          29,
          36,
          37,
          44,
          46,
          52,
          60,
          62,
          63,
          65,
          82,
          86,
          91,
          114,
          116,
          122,
          137,
          140,
          152,
          153,
          154,
          159,
          162,
          177,
          180,
          181,
          190,
          194,
          216,
          228,
          241,
          251
        ],
        "fingerprint": "0b3ecb47572ca8fa",
        "length": 256,
        "owner_tier": 1,
        "request": "engineer.c4",
        "segment_index": 10
      },
      {
        "cache_owner": "reviewer.c0",
        "epic_prefix_rows": [
          5,
          11,
          20,
          41,
          45,
          49,
          50,
          51,
          53,
          64,
          69,
          73,
          75,
          80,
          90,
          99,
          104,
          107,
          117,
          124,
          127,
          128,
          131,
          138,
          142,
          154,
          176,
          187,
          212,
          216,
          231,
          244
        ],
        "fingerprint": "a510d5918114be92",
        "length": 256,
        "owner_tier": 2,
        "request": "engineer.c4",
        "segment_index": 11
      },
      {
        "cache_owner": "reviewer.c0",
        "epic_prefix_rows": [
          13,
          15,
          29,
          40,
          56,
          68,
          79,
          85,
          95,
          98,
          106,
          112,
          123,
          140,
          143,
          157,
          160,
          172,
          173,
          178,
          179,
          184,
          190,
          195,
          217,
          218,
          221,
          223,
          228,
          230,
          234,
          239
        ],
        "fingerprint": "1a224eb830f60173",
        "length": 256,
        "owner_tier": 2,
        "request": "engineer.c4",
        "segment_index": 12
      },
      {
        "cache_owner": "reviewer.c0",
        "epic_prefix_rows": [
          4,
          5,
          10,
          20,
          23,
          24,
          45,
          60,
          79,
          84,
          129,
          131,
          144,
          149,
          150,
          152,
          160,
          168,
          185,
          186,
          187,
          201,
          202,
          208,
          209,
          210,
          218,
          222,
          230,
          238,
          249,
          252
        ],
        "fingerprint": "06cd9d70336c658f",
        "length": 256,
        "owner_tier": 2,
        "request": "engineer.c4",
        "segment_index": 13
      },
      {
        "cache_owner": "reviewer.c0",
        "epic_prefix_rows": [
          32,
          33,
          35,
          37,
          40,
          47,
          50,
          57,
          58,
          66,
          71,
          75,
          77,
          126,
          135,
          147,
          151,
          156,
          157,
          181,
          188,
          197,
          200,
          201,
          221,
          224,
          225,
          228,
          232,
          236,
          237,
          241
        ],
        "fingerprint": "b7b34609358edd44",
        "length": 256,
        "owner_tier": 2,
        "request": "engineer.c4",
        "segment_index": 14
      },
      {
        "cache_owner": "engineer.c1",
        "epic_prefix_rows": [],
        "fingerprint": "d30cea729563785e",
        "length": 256,
        "owner_tier": 3,
        "request": "engineer.c4",
        "segment_index": 15
      },
      {
        "cache_owner": "engineer.c1",
        "epic_prefix_rows": [],
        "fingerprint": "492829d0f2055bd1",
        "length": 256,
        "owner_tier": 3,
        "request": "engineer.c4",
        "segment_index": 16
      },
      {
        "cache_owner": "engineer.c1",
        "epic_prefix_rows": [],
        "fingerprint": "28740e0b0dbf32c1",
        "length": 256,
        "owner_tier": 3,
        "request": "engineer.c4",
        "segment_index": 17
      },
      {
        "cache_owner": "engineer.c1",
        "epic_prefix_rows": [],
        "fingerprint": "74a4cd82c12e15ed",
        "length": 256,
        "owner_tier": 3,
        "request": "engineer.c4",
        "segment_index": 18
      },
      {
        "cache_owner": "reviewer.c1",
        "epic_prefix_rows": [
          4,
          20,
          32,
          34,
          46,
          50,
          52,
          69,
          89,
          104,
          122,
          137,
          138,
          150,
          158,
          168,
          169,
          173,
          176,
          179,
          184,
          189,
          193,
          208,
          215,
          218,
          221,
          222,
          229,
          243,
          251,
          253
        ],
        "fingerprint": "c6af362aa955c4bf",
        "length": 256,
        "owner_tier": 4,
        "request": "engineer.c4",
        "segment_index": 19
      },
      {
        "cache_owner": "reviewer.c1",
        "epic_prefix_rows": [
          0,
          1,
          10,
          32,
          36,
          37,
          44,
          53,
          56,
          59,
          81,
          107,
          113,
          116,
          124,
          128,
          137,
          142,
          147,
          153,
          166,
          170,
          171,
          172,
          188,
          189,
          202,
          210,
          225,
          228,
          234,
          251
        ],
        "fingerprint": "9dff2136a1e7d7de",
        "length": 256,
        "owner_tier": 4,
        "request": "engineer.c4",
        "segment_index": 20
      },
      {
        "cache_owner": "reviewer.c1",
        "epic_prefix_rows": [
          16,
          24,
          25,
          29,
          35,
          36,
          44,
          48,
          55,
          69,
          72,
          73,
          89,
          90,
          96,
          100,
          108,
          117,
          125,
          132,
          137,
          140,
          141,
          150,
          151,
          166,
          172,
          181,
          183,
          218,
          222,
          232
        ],
        "fingerprint": "0f5b6ce2f0e50690",
        "length": 256,
        "owner_tier": 4,
        "request": "engineer.c4",
        "segment_index": 21
      },
      {
        "cache_owner": "reviewer.c1",
        "epic_prefix_rows": [
          13,
          17,
          32,
          38,
          45,
          49,
          67,
          83,
          88,
          96,
          98,
          99,
          112,
          131,
          133,
          137,
          138,
          140,
          145,
          167,
          181,
          182,
          184,
          187,
          188,
          189,
          194,
          197,
          202,
          213,
          220,
          229
        ],
        "fingerprint": "21c2efbb1dc41961",
        "length": 256,
        "owner_tier": 4,
        "request": "engineer.c4",
        "segment_index": 22
      },
      {
        "cache_owner": "engineer.c2",
        "epic_prefix_rows": [],
        "fingerprint": "4c05ab6f96b7cbbf",
        "length": 256,
        "owner_tier": 5,
        "request": "engineer.c4",
        "segment_index": 23
      },
      {
        "cache_owner": "engineer.c2",
        "epic_prefix_rows": [],
        "fingerprint": "7aa9cec1f10ee53b",
        "length": 256,
        "owner_tier": 5,
        "request": "engineer.c4",
        "segment_index": 24
      },
      {
        "cache_owner": "engineer.c2",
        "epic_prefix_rows": [],
        "fingerprint": "5446df842b64f9bd",
        "length": 256,
        "owner_tier": 5,
        "request": "engineer.c4",
        "segment_index": 25
      },
      {
        "cache_owner": "engineer.c2",
        "epic_prefix_rows": [],
        "fingerprint": "1f7632b49810d492",
        "length": 256,
        "owner_tier": 5,
        "request": "engineer.c4",
        "segment_index": 26
      },
      {
        "cache_owner": "reviewer.c2",
        "epic_prefix_rows": [
          8,
          17,
          22,
          24,
          31,
          42,
          51,
          52,
          53,
          59,
          61,
          78,
          96,
          100,
          102,
          104,
          106,
          113,
          119,
          129,
          132,
          137,
          147,
          153,
          157,
          167,
          172,
          191,
          194,
          242,
          246,
          255
        ],
        "fingerprint": "d316109d6918891f",
        "length": 256,
        "owner_tier": 6,
        "request": "engineer.c4",
        "segment_index": 27
      },
      {
        "cache_owner": "reviewer.c2",
        "epic_prefix_rows": [
          23,
          25,
          33,
          49,
          50,
          55,
          67,
          101,
          108,
          110,
          120,
          125,
          131,
          133,
          134,
          140,
          147,
          153,
          154,
          158,
          161,
          163,
          164,
          172,
          201,
          204,
          219,
          221,
          236,
          238,
          243,
          249
        ],
        "fingerprint": "34201a3b78daf9d5",
        "length": 256,
        "owner_tier": 6,
        "request": "engineer.c4",
        "segment_index": 28
      },
      {
        "cache_owner": "reviewer.c2",
        "epic_prefix_rows": [
          1,
          8,
          14,
          23,
          36,
          50,
          52,
          54,
          55,
          60,
          70,
          74,
          84,
          88,
          89,
          100,
          112,
          116,
          120,
          132,
          154,
          164,
          166,
          174,
          179,
          184,
          188,
          196,
          201,
          211,
          213,
          250
        ],
        "fingerprint": "df2680b35bde67d5",
        "length": 256,
        "owner_tier": 6,
        "request": "engineer.c4",
        "segment_index": 29
      },
      {
        "cache_owner": "reviewer.c2",
        "epic_prefix_rows": [
          4,
          22,
          31,
          34,
          36,
          37,
          58,
          61,
          72,
          94,
          104,
          124,
          127,
          132,
          152,
          156,
          157,
          159,
          162,
          167,
          171,
          173,
          189,
          211,
          216,
          219,
          220,
          224,
          225,
          235,
          247,
          252
        ],
        "fingerprint": "9dea906074cac7ca",
        "length": 256,
        "owner_tier": 6,
        "request": "engineer.c4",
        "segment_index": 30
      },
      {
        "cache_owner": "reviewer.c2",
        "epic_prefix_rows": [
          9,
          19,
          36,
          39,
          48,
          49,
          51,
          59,
          73,
          75,
          81,
          82,
          92,
          96,
          101,
          108,
          112,
          130,
          133,
          134,
          161,
          166,
          169,
          174,
          178,
          185,
          188,
          207,
          215,
          231,
          249,
          250
        ],
        "fingerprint": "89b49369578d9e4a",
        "length": 256,
        "owner_tier": 6,
        "request": "engineer.c4",
        "segment_index": 31
      },
      {
        "cache_owner": "engineer.c3",
        "epic_prefix_rows": [],
        "fingerprint": "df5a2402c872906f",
        "length": 256,
        "owner_tier": 7,
        "request": "engineer.c4",
        "segment_index": 32
      },
      {
        "cache_owner": "engineer.c3",
        "epic_prefix_rows": [],
        "fingerprint": "cb27667059509bba",
        "length": 256,
        "owner_tier": 7,
        "request": "engineer.c4",
        "segment_index": 33
      },
      {
        "cache_owner": "engineer.c3",
        "epic_prefix_rows": [],
        "fingerprint": "41089fab967878b7",
        "length": 256,
        "owner_tier": 7,
        "request": "engineer.c4",
        "segment_index": 34
      },
      {
        "cache_owner": "engineer.c3",
        "epic_prefix_rows": [],
        "fingerprint": "ee22e256b36b9c62",
        "length": 256,
        "owner_tier": 7,
        "request": "engineer.c4",
        "segment_index": 35
      },
      {
        "cache_owner": "reviewer.c3",
        "epic_prefix_rows": [
          9,
          21,
          25,
          29,
          35,
          38,
          39,
          40,
          45,
          54,
          67,
          76,
          89,
          93,
          108,
          109,
          113,
          120,
          137,
          146,
          149,
          165,
          174,
          189,
          192,
          214,
          217,
          224,
          234,
          241,
          249,
          250
        ],
        "fingerprint": "355aca93a24b157a",
        "length": 256,
        "owner_tier": 8,
        "request": "engineer.c4",
        "segment_index": 36
      },
      {
        "cache_owner": "reviewer.c3",
        "epic_prefix_rows": [
          7,
          10,
          22,
          31,
          41,
          51,
          60,
          62,
          65,
          66,
          96,
          119,
          126,
          132,
          133,
          143,
          148,
          149,
          150,
          160,
          173,
          174,
          179,
          181,
          186,
          188,
          199,
          203,
          205,
          210,
          220,
          242
        ],
        "fingerprint": "ebbf04910c9bc27f",
        "length": 256,
        "owner_tier": 8,
        "request": "engineer.c4",
        "segment_index": 37
      },
      {
        "cache_owner": "reviewer.c3",
        "epic_prefix_rows": [
          3,
          17,
          24,
          27,
          36,
          39,
          45,
          57,
          62,
          69,
          71,
          81,
          127,
          151,
          153,
          158,
          159,
          160,
          163,
          166,
          172,
          180,
          195,
          196,
          207,
          210,
          217,
          221,
          223,
          238,
          244,
          246
        ],
        "fingerprint": "bb88c401e1d96560",
        "length": 256,
        "owner_tier": 8,
        "request": "engineer.c4",
        "segment_index": 38
      },
      {
        "cache_owner": "reviewer.c3",
        "epic_prefix_rows": [
          5,
          10,
          15,
          19,
          22,
          36,
          54,
          61,
          63,
          65,
          66,
          75,
          85,
          88,
          99,
          104,
          107,
          115,
          147,
          148,
          151,
          163,
          167,
          181,
          184,
          198,
          199,
          211,
          223,
          231,
          239,
          246
        ],
        "fingerprint": "4c5e4ac3bac7daa3",
        "length": 256,
        "owner_tier": 8,
        "request": "engineer.c4",
        "segment_index": 39
      },
      {
        "cache_owner": "engineer.c4",
        "epic_prefix_rows": [
          2,
          24,
          33,
          51,
          60,
          64,
          67,
          69,
          76,
          81,
          84,
          99,
          107,
          109,
          113,
          115,
          132,
          136,
          140,
          145,
          148,
          162,
          165,
          166,
          167,
          181,
          183,
          195,
          198,
          205,
          223,
          249
        ],
        "fingerprint": "03271d489906d737",
        "length": 256,
        "owner_tier": 9,
        "request": "reviewer.c4",
        "segment_index": 0
      },
      {
        "cache_owner": "reviewer.c0",
        "epic_prefix_rows": [],
        "fingerprint": "4a94037da58fd01b",
        "length": 300,
        "owner_tier": 2,
        "request": "reviewer.c4",
        "segment_index": 1
      },
      {
        "cache_owner": "architect",
        "epic_prefix_rows": [
          1,
          6,
          13,
          21,
          27,
          37,
          41,
          49,
          68,
          73,
          94,
          98,
          108,
          114,
          115,
          119,
          130,
          132,
          145,
          156,
          159,
          161,
          164,
          190,
          197,
          198,
          214,
          215,
          228,
          242,
          247,
          255
        ],
        "fingerprint": "e30e7f3e32cc7675",
        "length": 256,
        "owner_tier": 0,
        "request": "reviewer.c4",
        "segment_index": 2
      },
      {
        "cache_owner": "architect",
        "epic_prefix_rows": [
          3,
          7,
          27,
          33,
          44,
          50,
          53,
          65,
          66,
          67,
          68,
          79,
          82,
          86,
          103,
          111,
          120,
          124,
          127,
          131,
          155,
          159,
          168,
          177,
          180,
          181,
          197,
          208,
          220,
          223,
          225,
          254
        ],
        "fingerprint": "46e1f25013f58b80",
        "length": 256,
        "owner_tier": 0,
        "request": "reviewer.c4",
        "segment_index": 3
      },
      {
        "cache_owner": "architect",
        "epic_prefix_rows": [
          22,
          27,
          31,
          32,
          33,
          44,
          63,
          84,
          90,
          91,
          93,
          98,
          104,
          105,
          109,
          111,
          113,
          115,
          120,
          142,
          149,
          164,
          175,
          184,
          194,
          199,
          205,
          214,
          217,
          233,
          238,
          246
        ],
        "fingerprint": "851f3d9074e0570a",
        "length": 256,
        "owner_tier": 0,
        "request": "reviewer.c4",
        "segment_index": 4
      },
      {
        "cache_owner": "architect",
        "epic_prefix_rows": [
          0,
          3,
          14,
          24,
          31,
          36,
          43,
          49,
          60,
          71,
          75,
          77,
          86,
          98,
          100,
          107,
          122,
          134,
          142,
          153,
          163,
          167,
          171,
          172,
          173,
          179,
          184,
          205,
          215,
          219,
          243,
          251
        ],
        "fingerprint": "d9429d02c5b014fc",
        "length": 256,
        "owner_tier": 0,
        "request": "reviewer.c4",
        "segment_index": 5
      },
      {
        "cache_owner": "architect",
        "epic_prefix_rows": [
          0,
          1,
          3,
          23,
          26,
          27,
          29,
          43,
          50,
          53,
          62,
          66,
          77,
          79,
          84,
          86,
          95,
          102,
          115,
          118,
          128,
          139,
          146,
          171,
          185,
          192,
          199,
          216,
          225,
          240,
          250,
          253
        ],
        "fingerprint": "598b613b506df977",
        "length": 256,
        "owner_tier": 0,
        "request": "reviewer.c4",
        "segment_index": 6
      },
      {
        "cache_owner": "engineer.c0",
        "epic_prefix_rows": [],
        "fingerprint": "a8281812b4377861",
        "length": 256,
        "owner_tier": 1,
        "request": "reviewer.c4",
        "segment_index": 7
      },
      {
        "cache_owner": "engineer.c0",
        "epic_prefix_rows": [],
        "fingerprint": "169f43e8691f7f9d",
        "length": 256,
        "owner_tier": 1,
        "request": "reviewer.c4",
        "segment_index": 8
      },
      {
        "cache_owner": "engineer.c0",
        "epic_prefix_rows": [],
        "fingerprint": "c7d4a3f9b85874a9",
        "length": 256,
        "owner_tier": 1,
        "request": "reviewer.c4",
        "segment_index": 9
      },
      {
        "cache_owner": "engineer.c0",
        "epic_prefix_rows": [],
        "fingerprint": "0b3ecb47572ca8fa",
        "length": 256,
        "owner_tier": 1,
        "request": "reviewer.c4",
        "segment_index": 10
      },
      {
        "cache_owner": "reviewer.c0",
        "epic_prefix_rows": [],
        "fingerprint": "a510d5918114be92",
        "length": 256,
        "owner_tier": 2,
        "request": "reviewer.c4",
        "segment_index": 11
      },
      {
        "cache_owner": "reviewer.c0",
        "epic_prefix_rows": [],
        "fingerprint": "1a224eb830f60173",
        "length": 256,
        "owner_tier": 2,
        "request": "reviewer.c4",
        "segment_index": 12
      },
      {
        "cache_owner": "reviewer.c0",
        "epic_prefix_rows": [],
        "fingerprint": "06cd9d70336c658f",
        "length": 256,
        "owner_tier": 2,
        "request": "reviewer.c4",
        "segment_index": 13
      },
      {
        "cache_owner": "reviewer.c0",
        "epic_prefix_rows": [],
        "fingerprint": "b7b34609358edd44",
        "length": 256,
        "owner_tier": 2,
        "request": "reviewer.c4",
        "segment_index": 14
      },
      {
        "cache_owner": "engineer.c1",
        "epic_prefix_rows": [
          4,
          6,
          15,
          25,
          26,
          28,
          31,
          42,
          47,
          62,
          66,
          73,
          96,
          112,
          113,
          119,
          139,
          143,
          146,
          157,
          175,
          177,
          180,
          189,
          212,
          214,
          231,
          235,
          236,
          240,
          241,
          243
        ],
        "fingerprint": "d30cea729563785e",
        "length": 256,
        "owner_tier": 3,
        "request": "reviewer.c4",
        "segment_index": 15
      },
      {
        "cache_owner": "engineer.c1",
        "epic_prefix_rows": [
          2,
          21,
          47,
          53,
          58,
          59,
          65,
          72,
          80,
          88,
          94,
          97,
          98,
          107,
          108,
          118,
          121,
          129,
          131,
          143,
          150,
          152,
          154,
          158,
          160,
          161,
          163,
          165,
          185,
          196,
          206,
          214
        ],
        "fingerprint": "492829d0f2055bd1",
        "length": 256,
        "owner_tier": 3,
        "request": "reviewer.c4",
        "segment_index": 16
      },
      {
        "cache_owner": "engineer.c1",
        "epic_prefix_rows": [
          5,
          26,
          41,
          47,
          56,
          63,
          64,
          69,
          73,
          82,
          88,
          95,
          117,
          118,
          121,
          132,
          159,
          164,
          172,
          179,
          183,
          186,
          190,
          198,
          201,
          209,
          225,
          230,
          231,
          238,
          239,
          254
        ],
        "fingerprint": "28740e0b0dbf32c1",
        "length": 256,
        "owner_tier": 3,
        "request": "reviewer.c4",
        "segment_index": 17
      },
      {
        "cache_owner": "engineer.c1",
        "epic_prefix_rows": [
          3,
          8,
          17,
          22,
          33,
          34,
          50,
          52,
          84,
          93,
          94,
          99,
          105,
          112,
          119,
          125,
          132,
          141,
          145,
          154,
          168,
          171,
          177,
          179,
          184,
          202,
          208,
          224,
          228,
          243,
          244,
          254
        ],
        "fingerprint": "74a4cd82c12e15ed",
        "length": 256,
        "owner_tier": 3,
        "request": "reviewer.c4",
        "segment_index": 18
      },
      {
        "cache_owner": "reviewer.c1",
        "epic_prefix_rows": [],
        "fingerprint": "c6af362aa955c4bf",
        "length": 256,
        "owner_tier": 4,
        "request": "reviewer.c4",
        "segment_index": 19
      },
      {
        "cache_owner": "reviewer.c1",
        "epic_prefix_rows": [],
        "fingerprint": "9dff2136a1e7d7de",
        "length": 256,
        "owner_tier": 4,
        "request": "reviewer.c4",
        "segment_index": 20
      },
      {
        "cache_owner": "reviewer.c1",
        "epic_prefix_rows": [],
        "fingerprint": "0f5b6ce2f0e50690",
        "length": 256,
        "owner_tier": 4,
        "request": "reviewer.c4",
        "segment_index": 21
      },
      {
        "cache_owner": "reviewer.c1",
        "epic_prefix_rows": [],
        "fingerprint": "21c2efbb1dc41961",
        "length": 256,
        "owner_tier": 4,
        "request": "reviewer.c4",
        "segment_index": 22
      },
      {
        "cache_owner": "engineer.c2",
        "epic_prefix_rows": [
          0,
          5,
          9,
          16,
          20,
          50,
          53,
          71,
          72,
          75,
          87,
          107,
          109,
          114,
          122,
          131,
          139,
          157,
          179,
          180,
          183,
          189,
          190,
          195,
          197,
          205,
          207,
          212,
          221,
          227,
          234,
          254
        ],
        "fingerprint": "4c05ab6f96b7cbbf",
        "length": 256,
        "owner_tier": 5,
        "request": "reviewer.c4",
        "segment_index": 23
      },
      {
        "cache_owner": "engineer.c2",
        "epic_prefix_rows": [
          0,
          39,
          44,
          59,
          72,
          73,
          88,
          97,
          101,
          102,
          105,
          110,
          111,
          124,
          141,
          160,
          162,
          163,
          164,
          165,
          172,
          178,
          182,
          194,
          196,
          197,
          200,
          211,
          233,
          240,
          241,
          253
        ],
        "fingerprint": "7aa9cec1f10ee53b",
        "length": 256,
        "owner_tier": 5,
        "request": "reviewer.c4",
        "segment_index": 24
      },
      {
        "cache_owner": "engineer.c2",
        "epic_prefix_rows": [
          6,
          9,
          16,
          39,
          43,
          46,
          58,
          59,
          77,
          79,
          84,
          86,
          88,
          94,
          96,
          107,
          108,
          112,
          120,
          127,
          140,
          149,
          154,
          159,
          165,
          174,
          197,
          209,
          210,
          224,
          233,
          240
        ],
        "fingerprint": "5446df842b64f9bd",
        "length": 256,
        "owner_tier": 5,
        "request": "reviewer.c4",
        "segment_index": 25
      },
      {
        "cache_owner": "engineer.c2",
        "epic_prefix_rows": [
          2,
          8,
          9,
          25,
          27,
          29,
          35,
          40,
          45,
          58,
          74,
          79,
          101,
          110,
          111,
          112,
          122,
          133,
          136,
          154,
          166,
          167,
          169,
          172,
          173,
          198,
          229,
          233,
          235,
          241,
          246,
          252
        ],
        "fingerprint": "1f7632b49810d492",
        "length": 256,
        "owner_tier": 5,
        "request": "reviewer.c4",
        "segment_index": 26
      },
      {
        "cache_owner": "reviewer.c2",
        "epic_prefix_rows": [],
        "fingerprint": "d316109d6918891f",
        "length": 256,
        "owner_tier": 6,
        "request": "reviewer.c4",
        "segment_index": 27
      },
      {
        "cache_owner": "reviewer.c2",
        "epic_prefix_rows": [],
        "fingerprint": "34201a3b78daf9d5",
        "length": 256,
        "owner_tier": 6,
        "request": "reviewer.c4",
        "segment_index": 28
      },
      {
        "cache_owner": "reviewer.c2",
        "epic_prefix_rows": [],
        "fingerprint": "df2680b35bde67d5",
        "length": 256,
        "owner_tier": 6,
        "request": "reviewer.c4",
        "segment_index": 29
      },
      {
        "cache_owner": "reviewer.c2",
        "epic_prefix_rows": [],
        "fingerprint": "9dea906074cac7ca",
        "length": 256,
        "owner_tier": 6,
        "request": "reviewer.c4",
        "segment_index": 30
      },
      {
        "cache_owner": "reviewer.c2",
        "epic_prefix_rows": [],
        "fingerprint": "89b49369578d9e4a",
        "length": 256,
        "owner_tier": 6,
        "request": "reviewer.c4",
        "segment_index": 31
      },
      {
        "cache_owner": "engineer.c3",
        "epic_prefix_rows": [
          8,
          15,
          17,
          52,
          56,
          68,
          72,
          75,
          77,
          78,
          79,
          84,
          96,
          100,
          116,
          118,
          140,
          150,
          162,
          166,
          182,
          187,
          194,
          195,
          204,
          208,
          209,
          212,
          224,
          239,
          242,
          253
        ],
        "fingerprint": "df5a2402c872906f",
        "length": 256,
        "owner_tier": 7,
        "request": "reviewer.c4",
        "segment_index": 32
      },
      {
        "cache_owner": "engineer.c3",
        "epic_prefix_rows": [
          0,
          1,
          5,
          8,
          10,
          11,
          14,
          19,
          20,
          23,
          26,
          34,
          35,
          39,
          43,
          75,
          79,
          94,
          120,
          143,
          149,
          152,
          159,
          166,
          190,
          203,
          217,
          222,
          223,
          236,
          252,
          254
        ],
        "fingerprint": "cb27667059509bba",
        "length": 256,
        "owner_tier": 7,
        "request": "reviewer.c4",
        "segment_index": 33
      },
      {
        "cache_owner": "engineer.c3",
        "epic_prefix_rows": [
          20,
          25,
          26,
          29,
          33,
          35,
          43,
          51,
          95,
          108,
          110,
          114,
          121,
          124,
          128,
          130,
          138,
          155,
          169,
          183,
          186,
          198,
          210,
          217,
          218,
          220,
          227,
          237,
          239,
          244,
          251,
          255
        ],
        "fingerprint": "41089fab967878b7",
        "length": 256,
        "owner_tier": 7,
        "request": "reviewer.c4",
        "segment_index": 34
      },
      {
        "cache_owner": "engineer.c3",
        "epic_prefix_rows": [
          17,
          23,
          24,
          39,
          61,
          63,
          78,
          82,
          93,
          95,
          96,
          100,
          103,
          135,
          139,
          141,
          143,
          144,
          146,
          154,
          177,
          178,
          186,
          188,
          199,
          202,
          217,
          225,
          229,
          232,
          234,
          254
        ],
        "fingerprint": "ee22e256b36b9c62",
        "length": 256,
        "owner_tier": 7,
        "request": "reviewer.c4",
        "segment_index": 35
      },
      {
        "cache_owner": "reviewer.c3",
        "epic_prefix_rows": [],
        "fingerprint": "355aca93a24b157a",
        "length": 256,
        "owner_tier": 8,
        "request": "reviewer.c4",
        "segment_index": 36
      },
      {
        "cache_owner": "reviewer.c3",
        "epic_prefix_rows": [],
        "fingerprint": "ebbf04910c9bc27f",
        "length": 256,
        "owner_tier": 8,
        "request": "reviewer.c4",
        "segment_index": 37
      },
      {
        "cache_owner": "reviewer.c3",
        "epic_prefix_rows": [],
        "fingerprint": "bb88c401e1d96560",
        "length": 256,
        "owner_tier": 8,
        "request": "reviewer.c4",
        "segment_index": 38
      },
      {
        "cache_owner": "reviewer.c3",
        "epic_prefix_rows": [],
        "fingerprint": "4c5e4ac3bac7daa3",
        "length": 256,
        "owner_tier": 8,
        "request": "reviewer.c4",
        "segment_index": 39
      },
      {
        "cache_owner": "engineer.c4",
        "epic_prefix_rows": [
          0,
          2,
          5,
          10,
          29,
          32,
          35,
          36,
          44,
          47,
          53,
          65,
          66,
          70,
          90,
          95,
          123,
          125,
          129,
          145,
          167,
          170,
          174,
          177,
          188,
          189,
          209,
          212,
          223,
          231,
          239,
          241
        ],
        "fingerprint": "fccd5e0e838ac41d",
        "length": 256,
        "owner_tier": 9,
        "request": "reviewer.c4",
        "segment_index": 40
      },
      {
        "cache_owner": "engineer.c4",
        "epic_prefix_rows": [
          8,
          24,
          26,
          29,
          37,
          48,
          51,
          62,
          64,
          70,
          82,
          90,
          91,
          99,
          102,
          126,
          128,
          142,
          158,
          161,
          162,
          171,
          176,
          179,
          191,
          196,
          198,
          203,
          204,
          208,
          250,
          252
        ],
        "fingerprint": "a0e6ec326091b285",
        "length": 256,
        "owner_tier": 9,
        "request": "reviewer.c4",
        "segment_index": 41
      },
      {
        "cache_owner": "engineer.c4",
        "epic_prefix_rows": [
          1,
          8,
          11,
          20,
          40,
          58,
          59,
          67,
          68,
          69,
          85,
          100,
          106,
          107,
          137,
          166,
          167,
          169,
          173,
          181,
          185,
          190,
          193,
          198,
          199,
          204,
          209,
          220,
          235,
          239,
          246,
          247
        ],
        "fingerprint": "9e8483e1a66cdebe",
        "length": 256,
        "owner_tier": 9,
        "request": "reviewer.c4",
        "segment_index": 42
      },
      {
        "cache_owner": "engineer.c4",
        "epic_prefix_rows": [
          1,
          7,
          10,
          18,
          29,
          40,
          43,
          44,
          51,
          64,
          66,
          73,
          84,
          91,
          94,
          103,
          104,
          127,
          134,
          145,
          151,
          155,
          156,
          162,
          173,
          177,
          204,
          208,
          210,
          223,
          237,
          243
        ],
        "fingerprint": "e7d72688f3906fa9",
        "length": 256,
        "owner_tier": 9,
        "request": "reviewer.c4",
        "segment_index": 43
      },
      {
        "cache_owner": "reviewer.c4",
        "epic_prefix_rows": [
          2,
          4,
          14,
          23,
          24,
          25,
          42,
          44,
          46,
          53,
          57,
          58,
          59,
          61,
          69,
          70,
          74,
          75,
          79,
          82,
          84,
          96,
          98,
          101,
          104,
          105,
          109,
          112,
          114,
          117,
          119,
          124
        ],
        "fingerprint": "1fa018e09781869a",
        "length": 128,
        "owner_tier": 10,
        "request": "tester",
        "segment_index": 0
      },
      {
        "cache_owner": "architect",
        "epic_prefix_rows": [
          3,
          39,
          41,
          48,
          97,
          98,
          100,
          105,
          109,
          116,
          126,
          153,
          157,
          161,
          162,
          170,
          173,
          174,
          184,
          185,
          187,
          191,
          193,
          195,
          206,
          220,
          222,
          227,
          230,
          235,
          247,
          248
        ],
        "fingerprint": "e30e7f3e32cc7675",
        "length": 256,
        "owner_tier": 0,
        "request": "tester",
        "segment_index": 2
      },
      {
        "cache_owner": "architect",
        "epic_prefix_rows": [
          0,
          16,
          25,
          39,
          40,
          45,
          47,
          54,
          64,
          65,
          77,
          82,
          101,
          107,
          133,
          137,
          145,
          164,
          165,
          179,
          184,
          186,
          188,
          191,
          211,
          227,
          232,
          233,
          238,
          245,
          247,
          249
        ],
        "fingerprint": "46e1f25013f58b80",
        "length": 256,
        "owner_tier": 0,
        "request": "tester",
        "segment_index": 3
      },
      {
        "cache_owner": "architect",
        "epic_prefix_rows": [
          5,
          9,
          30,
          51,
          64,
          65,
          69,
          72,
          80,
          96,
          104,
          106,
          108,
          118,
          125,
          127,
          128,
          131,
          142,
          154,
          155,
          165,
          167,
          184,
          187,
          194,
          217,
          239,
          241,
          242,
          246,
          251
        ],
        "fingerprint": "851f3d9074e0570a",
        "length": 256,
        "owner_tier": 0,
        "request": "tester",
        "segment_index": 4
      },
      {
        "cache_owner": "architect",
        "epic_prefix_rows": [
          6,
          7,
          43,
          47,
          71,
          89,
          99,
          113,
          120,
          121,
          126,
          134,
          136,
          140,
          142,
          148,
          150,
          155,
          173,
          180,
          182,
          187,
          190,
          193,
          204,
          206,
          207,
          230,
          242,
          243,
          249,
          250
        ],
        "fingerprint": "d9429d02c5b014fc",
        "length": 256,
        "owner_tier": 0,
        "request": "tester",
        "segment_index": 5
      },
      {
        "cache_owner": "architect",
        "epic_prefix_rows": [
          17,
          24,
          32,
          39,
          42,
          53,
          56,
          57,
          64,
          78,
          80,
          87,
          110,
          112,
          116,
          125,
          127,
          134,
          155,
          160,
          177,
          181,
          182,
          185,
          200,
          201,
          204,
          216,
          220,
          234,
          239,
          242
        ],
        "fingerprint": "598b613b506df977",
        "length": 256,
        "owner_tier": 0,
        "request": "tester",
        "segment_index": 6
      },
      {
        "cache_owner": "engineer.c0",
        "epic_prefix_rows": [
          6,
          11,
          12,
          16,
          19,
          22,
          24,
          33,
          35,
          37,
          49,
          67,
          78,
          87,
          92,
          100,
          119,
          120,
          125,
          129,
          130,
          134,
          136,
          146,
          152,
          160,
          166,
          208,
          228,
          229,
          236,
          239
        ],
        "fingerprint": "a8281812b4377861",
        "length": 256,
        "owner_tier": 1,
        "request": "tester",
        "segment_index": 7
      },
      {
        "cache_owner": "engineer.c0",
        "epic_prefix_rows": [
          1,
          10,
          20,
          25,
          26,
          28,
          33,
          46,
          66,
          69,
          77,
          78,
          84,
          91,
          93,
          94,
          103,
          119,
          121,
          144,
          148,
          159,
          168,
          173,
          193,
          197,
          225,
          233,
          234,
          235,
          247,
          249
        ],
        "fingerprint": "169f43e8691f7f9d",
        "length": 256,
        "owner_tier": 1,
        "request": "tester",
        "segment_index": 8
      },
      {
        "cache_owner": "engineer.c0",
        "epic_prefix_rows": [
          18,
          23,
          35,
          37,
          49,
          52,
          54,
          68,
          74,
          82,
          92,
          96,
          106,
          108,
          109,
          110,
          119,
          124,
          126,
          160,
          162,
          171,
          195,
          197,
          204,
          207,
          218,
          227,
          239,
          241,
          249,
          255
        ],
        "fingerprint": "c7d4a3f9b85874a9",
        "length": 256,
        "owner_tier": 1,
        "request": "tester",
        "segment_index": 9
      },
      {
        "cache_owner": "engineer.c0",
        "epic_prefix_rows": [
          22,
          24,
          28,
          29,
          32,
          39,
          41,
          44,
          56,
          62,
          69,
          80,
          81,
          87,
          91,
          96,
          113,
          118,
          127,
          137,
          150,
          154,
          169,
          180,
          182,
          186,
          205,
          230,
          233,
          249,
          252,
          254
        ],
        "fingerprint": "0b3ecb47572ca8fa",
        "length": 256,
        "owner_tier": 1,
        "request": "tester",
        "segment_index": 10
      },
      {
        "cache_owner": "reviewer.c0",
        "epic_prefix_rows": [
          0,
          13,
          20,
          27,
          40,
          43,
          47,
          48,
          61,
          66,
          77,
          79,
          83,
          85,
          96,
          121,
          134,
          142,
          163,
          164,
          166,
          168,
          180,
          182,
          190,
          194,
          195,
          217,
          219,
          221,
          229,
          231
        ],
        "fingerprint": "a510d5918114be92",
        "length": 256,
        "owner_tier": 2,
        "request": "tester",
        "segment_index": 11
      },
      {
        "cache_owner": "reviewer.c0",
        "epic_prefix_rows": [
          14,
          20,
          24,
          25,
          28,
          30,
          36,
          38,
          44,
          45,
          55,
          72,
          77,
          100,
          103,
          118,
          124,
          147,
          148,
          155,
          161,
          169,
          180,
          191,
          211,
          213,
          216,
          218,
          228,
          235,
          240,
          250
        ],
        "fingerprint": "1a224eb830f60173",
        "length": 256,
        "owner_tier": 2,
        "request": "tester",
        "segment_index": 12
      },
      {
        "cache_owner": "reviewer.c0",
        "epic_prefix_rows": [
          21,
          41,
          44,
          45,
          54,
          66,
          68,
          86,
          91,
          103,
          116,
          133,
          160,
          163,
          165,
          168,
          172,
          179,
          185,
          188,
          195,
          196,
          206,
          209,
          211,
          213,
          222,
          228,
          229,
          230,
          231,
          234
        ],
        "fingerprint": "06cd9d70336c658f",
        "length": 256,
        "owner_tier": 2,
        "request": "tester",
        "segment_index": 13
      },
      {
        "cache_owner": "reviewer.c0",
        "epic_prefix_rows": [
          14,
          16,
          25,
          30,
          32,
          34,
          35,
          44,
          46,
          51,
          57,
          59,
          60,
          77,
          82,
          84,
          89,
          92,
          108,
          111,
          112,
          117,
          127,
          132,
          192,
          195,
          201,
          204,
          207,
          234,
          237,
          241
        ],
        "fingerprint": "b7b34609358edd44",
        "length": 256,
        "owner_tier": 2,
        "request": "tester",
        "segment_index": 14
      },
      {
        "cache_owner": "engineer.c1",
        "epic_prefix_rows": [],
        "fingerprint": "d30cea729563785e",
        "length": 256,
        "owner_tier": 3,
        "request": "tester",
        "segment_index": 15
      },
      {
        "cache_owner": "engineer.c1",
        "epic_prefix_rows": [],
        "fingerprint": "492829d0f2055bd1",
        "length": 256,
        "owner_tier": 3,
        "request": "tester",
        "segment_index": 16
      },
      {
        "cache_owner": "engineer.c1",
        "epic_prefix_rows": [],
        "fingerprint": "28740e0b0dbf32c1",
        "length": 256,
        "owner_tier": 3,
        "request": "tester",
        "segment_index": 17
      },
      {
        "cache_owner": "engineer.c1",
        "epic_prefix_rows": [],
        "fingerprint": "74a4cd82c12e15ed",
        "length": 256,
        "owner_tier": 3,
        "request": "tester",
        "segment_index": 18
      },
      {
        "cache_owner": "reviewer.c1",
        "epic_prefix_rows": [
          4,
          28,
          46,
          50,
          69,
          75,
          79,
          87,
          112,
          123,
          127,
          128,
          129,
          140,
          150,
          159,
          161,
          163,
          169,
          175,
          181,
          198,
          213,
          219,
          220,
          224,
          230,
          234,
          237,
          241,
          249,
          254
        ],
        "fingerprint": "c6af362aa955c4bf",
        "length": 256,
        "owner_tier": 4,
        "request": "tester",
        "segment_index": 19
      },
      {
        "cache_owner": "reviewer.c1",
        "epic_prefix_rows": [
          6,
          12,
          28,
          35,
          37,
          58,
          81,
          84,
          86,
          89,
          96,
          107,
          116,
          123,
          126,
          133,
          135,
          139,
          143,
          144,
          155,
          156,
          168,
          184,
          188,
          189,
          203,
          206,
          216,
          222,
          245,
          251
        ],
        "fingerprint": "9dff2136a1e7d7de",
        "length": 256,
        "owner_tier": 4,
        "request": "tester",
        "segment_index": 20
      },
      {
        "cache_owner": "reviewer.c1",
        "epic_prefix_rows": [
          0,
          4,
          12,
          14,
          16,
          21,
          28,
          35,
          45,
          49,
          58,
          79,
          82,
          92,
          98,
          135,
          143,
          158,
          166,
          170,
          172,
          173,
          187,
          194,
          195,
          196,
          200,
          217,
          218,
          223,
          229,
          232
        ],
        "fingerprint": "0f5b6ce2f0e50690",
        "length": 256,
        "owner_tier": 4,
        "request": "tester",
        "segment_index": 21
      },
      {
        "cache_owner": "reviewer.c1",
        "epic_prefix_rows": [
          1,
          2,
          10,
          16,
          33,
          39,
          51,
          53,
          57,
          71,
          75,
          81,
          100,
          106,
          107,
          114,
          145,
          148,
          152,
          162,
          184,
          188,
          192,
          198,
          201,
          226,
          228,
          229,
          237,
          243,
          247,
          255
        ],
        "fingerprint": "21c2efbb1dc41961",
        "length": 256,
        "owner_tier": 4,
        "request": "tester",
        "segment_index": 22
      },
      {
        "cache_owner": "engineer.c2",
        "epic_prefix_rows": [],
        "fingerprint": "4c05ab6f96b7cbbf",
        "length": 256,
        "owner_tier": 5,
        "request": "tester",
        "segment_index": 23
      },
      {
        "cache_owner": "engineer.c2",
        "epic_prefix_rows": [],
        "fingerprint": "7aa9cec1f10ee53b",
        "length": 256,
        "owner_tier": 5,
        "request": "tester",
        "segment_index": 24
      },
      {
        "cache_owner": "engineer.c2",
        "epic_prefix_rows": [],
        "fingerprint": "5446df842b64f9bd",
        "length": 256,
        "owner_tier": 5,
        "request": "tester",
        "segment_index": 25
      },
      {
        "cache_owner": "engineer.c2",
        "epic_prefix_rows": [],
        "fingerprint": "1f7632b49810d492",
        "length": 256,
        "owner_tier": 5,
        "request": "tester",
        "segment_index": 26
      },
      {
        "cache_owner": "reviewer.c2",
        "epic_prefix_rows": [
          3,
          54,
          68,
          71,
          76,
          77,
          84,
          85,
          87,
          102,
          103,
          105,
          109,
          113,
          119,
          125,
          132,
          134,
          136,
          171,
          178,
          182,
          192,
          193,
          202,
          207,
          215,
          222,
          229,
          231,
          237,
          241
        ],
        "fingerprint": "d316109d6918891f",
        "length": 256,
        "owner_tier": 6,
        "request": "tester",
        "segment_index": 27
      },
      {
        "cache_owner": "reviewer.c2",
        "epic_prefix_rows": [
          19,
          29,
          31,
          41,
          43,
          45,
          47,
          48,
          49,
          63,
          66,
          69,
          111,
          122,
          123,
          124,
          128,
          129,
          150,
          159,
          169,
          215,
          218,
          222,
          233,
          235,
          236,
          238,
          240,
          241,
          243,
          247
        ],
        "fingerprint": "34201a3b78daf9d5",
        "length": 256,
        "owner_tier": 6,
        "request": "tester",
        "segment_index": 28
      },
      {
        "cache_owner": "reviewer.c2",
        "epic_prefix_rows": [
          9,
          23,
          24,
          25,
          27,
          32,
          35,
          37,
          52,
          53,
          57,
          85,
          91,
          93,
          96,
          125,
          132,
          133,
          144,
          146,
          151,
          155,
          165,
          179,
          185,
          188,
          191,
          202,
          226,
          228,
          240,
          246
        ],
        "fingerprint": "df2680b35bde67d5",
        "length": 256,
        "owner_tier": 6,
        "request": "tester",
        "segment_index": 29
      },
      {
        "cache_owner": "reviewer.c2",
        "epic_prefix_rows": [
          2,
          23,
          24,
          25,
          33,
          35,
          43,
          45,
          48,
          68,
          70,
          73,
          83,
          86,
          101,
          107,
          114,
          139,
          154,
          173,
          176,
          181,
          183,
          191,
          193,
          202,
          214,
          227,
          231,
          236,
          240,
          252
        ],
        "fingerprint": "9dea906074cac7ca",
        "length": 256,
        "owner_tier": 6,
        "request": "tester",
        "segment_index": 30
      },
      {
        "cache_owner": "reviewer.c2",
        "epic_prefix_rows": [
          1,
          15,
          16,
          22,
          31,
          43,
          48,
          62,
          63,
          70,
          76,
          84,
          87,
          88,
          98,
          109,
          111,
          117,
          123,
          126,
          143,
          150,
          155,
          182,
          202,
          205,
          223,
          226,
          237,
          243,
          248,
          255
        ],
        "fingerprint": "89b49369578d9e4a",
        "length": 256,
        "owner_tier": 6,
        "request": "tester",
        "segment_index": 31
      },
      {
        "cache_owner": "engineer.c3",
        "epic_prefix_rows": [],
        "fingerprint": "df5a2402c872906f",
        "length": 256,
        "owner_tier": 7,
        "request": "tester",
        "segment_index": 32
      },
      {
        "cache_owner": "engineer.c3",
        "epic_prefix_rows": [],
        "fingerprint": "cb27667059509bba",
        "length": 256,
        "owner_tier": 7,
        "request": "tester",
        "segment_index": 33
      },
      {
        "cache_owner": "engineer.c3",
        "epic_prefix_rows": [],
        "fingerprint": "41089fab967878b7",
        "length": 256,
        "owner_tier": 7,
        "request": "tester",
        "segment_index": 34
      },
      {
        "cache_owner": "engineer.c3",
        "epic_prefix_rows": [],
        "fingerprint": "ee22e256b36b9c62",
        "length": 256,
        "owner_tier": 7,
        "request": "tester",
        "segment_index": 35
      },
      {
        "cache_owner": "reviewer.c3",
        "epic_prefix_rows": [
          6,
          7,
          17,
          28,
          33,
          36,
          69,
          72,
          76,
          81,
          86,
          99,
          103,
          116,
          119,
          142,
          145,
          174,
          177,
          188,
          190,
          202,
          206,
          207,
          209,
          216,
          219,
          222,
          231,
          239,
          246,
          254
        ],
        "fingerprint": "355aca93a24b157a",
        "length": 256,
        "owner_tier": 8,
        "request": "tester",
        "segment_index": 36
      },
      {
        "cache_owner": "reviewer.c3",
        "epic_prefix_rows": [
          1,
          6,
          20,
          39,
          40,
          45,
          76,
          83,
          106,
          107,
          113,
          115,
          125,
          131,
          136,
          147,
          155,
          168,
          193,
          204,
          206,
          207,
          208,
          217,
          221,
          222,
          231,
          232,
          242,
          252,
          253,
          254
        ],
        "fingerprint": "ebbf04910c9bc27f",
        "length": 256,
        "owner_tier": 8,
        "request": "tester",
        "segment_index": 37
      },
      {
        "cache_owner": "reviewer.c3",
        "epic_prefix_rows": [
          7,
          21,
          23,
          28,
          33,
          43,
          49,
          51,
          62,
          67,
          70,
          84,
          86,
          90,
          92,
          96,
          107,
          122,
          143,
          151,
          167,
          177,
          183,
          203,
          208,
          210,
          216,
          219,
          231,
          232,
          238,
          245
        ],
        "fingerprint": "bb88c401e1d96560",
        "length": 256,
        "owner_tier": 8,
        "request": "tester",
        "segment_index": 38
      },
      {
        "cache_owner": "reviewer.c3",
        "epic_prefix_rows": [
          3,
          9,
          54,
          57,
          79,
          86,
          101,
          110,
          113,
          114,
          121,
          129,
          132,
          133,
          152,
          182,
          186,
          188,
          190,
          191,
          193,
          204,
          207,
          209,
          216,
          218,
          223,
          224,
          232,
          233,
          242,
          248
        ],
        "fingerprint": "4c5e4ac3bac7daa3",
        "length": 256,
        "owner_tier": 8,
        "request": "tester",
        "segment_index": 39
      },
      {
        "cache_owner": "engineer.c4",
        "epic_prefix_rows": [],
        "fingerprint": "fccd5e0e838ac41d",
        "length": 256,
        "owner_tier": 9,
        "request": "tester",
        "segment_index": 40
      },
      {
        "cache_owner": "engineer.c4",
        "epic_prefix_rows": [],
        "fingerprint": "a0e6ec326091b285",
        "length": 256,
        "owner_tier": 9,
        "request": "tester",
        "segment_index": 41
      },
      {
        "cache_owner": "engineer.c4",
        "epic_prefix_rows": [],
        "fingerprint": "9e8483e1a66cdebe",
        "length": 256,
        "owner_tier": 9,
        "request": "tester",
        "segment_index": 42
      },
      {
        "cache_owner": "engineer.c4",
        "epic_prefix_rows": [],
        "fingerprint": "e7d72688f3906fa9",
        "length": 256,
        "owner_tier": 9,
        "request": "tester",
        "segment_index": 43
      },
      {
        "cache_owner": "reviewer.c4",
        "epic_prefix_rows": [
          7,
          19,
          30,
          39,
          41,
          42,
          45,
          47,
          51,
          65,
          71,
          75,
          77,
          90,
          96,
          99,
          103,
          159,
          170,
          178,
          181,
          183,
          185,
          188,
          205,
          207,
          210,
          211,
          221,
          228,
          242,
          246
        ],
        "fingerprint": "d85397da3ddf8763",
        "length": 256,
        "owner_tier": 10,
        "request": "tester",
        "segment_index": 44
      },
      {
        "cache_owner": "reviewer.c4",
        "epic_prefix_rows": [
          12,
          17,
          19,
          20,
          25,
          40,
          43,
          54,
          55,
          63,
          66,
          82,
          112,
          115,
          137,
          142,
          145,
          150,
          155,
          173,
          183,
          190,
          196,
          197,
          198,
          203,
          207,
          210,
          223,
          229,
          232,
          241
        ],
        "fingerprint": "fc029a6229f081b9",
        "length": 256,
        "owner_tier": 10,
        "request": "tester",
        "segment_index": 45
      },
      {
        "cache_owner": "reviewer.c4",
        "epic_prefix_rows": [
          0,
          4,
          12,
          18,
          22,
          31,
          38,
          43,
          48,
          51,
          74,
          79,
          85,
          95,
          126,
          133,
          139,
          145,
          147,
          152,
          158,
          166,
          167,
          168,
          189,
          193,
          202,
          206,
          216,
          226,
          233,
          254
        ],
        "fingerprint": "3f72c0b30cc712ca",
        "length": 256,
        "owner_tier": 10,
        "request": "tester",
        "segment_index": 46
      },
      {
        "cache_owner": "reviewer.c4",
        "epic_prefix_rows": [
          2,
          3,
          9,
          18,
          25,
          38,
          59,
          71,
          76,
          77,
          84,
          88,
          90,
          102,
          105,
          110,
          115,
          144,
          146,
          148,
          152,
          164,
          185,
          196,
          209,
          210,
          211,
          214,
          241,
          246,
          249,
          252
        ],
        "fingerprint": "6a6b8fc04c911d35",
        "length": 256,
        "owner_tier": 10,
        "request": "tester",
        "segment_index": 47
      }
    ],
    "reused_tokens": 76256
  },
  "tiers": {
    "0": [
      "architect"
    ],
    "1": [
      "engineer.c0"
    ],
    "10": [
      "reviewer.c4"
    ],
    "11": [
      "tester"
    ],
    "2": [
      "reviewer.c0"
    ],
    "3": [
      "engineer.c1"
    ],
    "4": [
      "reviewer.c1"
    ],
    "5": [
      "engineer.c2"
    ],
    "6": [
      "reviewer.c2"
    ],
    "7": [
      "engineer.c3"
    ],
    "8": [
      "reviewer.c3"
    ],
    "9": [
      "engineer.c4"
    ]
  },
  "total_history_tokens": 108656,
  "total_input_tokens": 90456,
  "total_output_tokens": 2304
}