{
  "kind": "rag",
  "requests": 12,
  "reuse": {
    "cacheblend_full_recompute_layers": [],
    "cacheblend_partial_recompute_layers": [],
    "cacheblend_partial_rows": {},
    "cacheblend_recompute_ratio": 0.0,
    "cachecraft_alpha": 0.05,
    "epic_prefix_recompute_tokens": 8,
    "fresh_tokens": 28892,
    "policy": "recompute",
    "random_seed": 0,
    "recompute_canonical": false,
    "reusable_segments": [
      {
        "cache_owner": "q0",
        "epic_prefix_rows": [],
        "fingerprint": "b4818fcedac6bc88",
        "length": 300,
        "owner_tier": 0,
        "request": "q1",
        "segment_index": 0
      },
      {
        "cache_owner": "q0",
        "epic_prefix_rows": [
          20,
          132,
          155,
          197,
          207,
          215,
          244,
          248
        ],
        "fingerprint": "4ebb840d65054fc6",
        "length": 256,
        "owner_tier": 0,
        "request": "q1",
        "segment_index": 1
      },
      {
        "cache_owner": "q0",
        "epic_prefix_rows": [
          48,
          71,
          75,
          111,
          128,
          144,
          158,
          183
        ],
        "fingerprint": "760fd9ddb6470dd1",
        "length": 256,
        "owner_tier": 0,
        "request": "q1",
        "segment_index": 2
      },
      {
        "cache_owner": "q0",
        "epic_prefix_rows": [
          37,
          50,
          51,
          161,
          169,
          181,
          222,
          241
        ],
        "fingerprint": "7505c29ddf4c54c5",
        "length": 256,
        "owner_tier": 0,
        "request": "q1",
        "segment_index": 3
      },
      {
        "cache_owner": "q0",
        "epic_prefix_rows": [
          7,
          31,
          47,
          104,
          133,
          204,
          226,
          244
        ],
        "fingerprint": "914756b1ef8c4266",
        "length": 256,
        "owner_tier": 0,
        "request": "q1",
        "segment_index": 4
      },
      {
        "cache_owner": "q0",
        "epic_prefix_rows": [
          0,
          32,
          97,
          113,
          124,
          166,
          170,
          252
        ],
        "fingerprint": "f80c33b8ee010c22",
        "length": 256,
        "owner_tier": 0,
        "request": "q1",
        "segment_index": 5
      },
      {
        "cache_owner": "q0",
        "epic_prefix_rows": [
          41,
          46,
          55,
          72,
          122,
          163,
          229,
          250
        ],
        "fingerprint": "a5918e4687c97f7e",
        "length": 256,
        "owner_tier": 0,
        "request": "q1",
        "segment_index": 6
      },
      {
        "cache_owner": "q0",
        "epic_prefix_rows": [
          46,
          63,
          104,
          147,
          149,
          154,
          170,
          227
        ],
        "fingerprint": "2b4e7732607841e2",
        "length": 256,
        "owner_tier": 0,
        "request": "q1",
        "segment_index": 7
      },
      {
        "cache_owner": "q0",
        "epic_prefix_rows": [
          16,
          94,
          95,
          96,
          123,
          148,
          162,
          197
        ],
        "fingerprint": "9e4aeb4914ddd394",
        "length": 256,
        "owner_tier": 0,
        "request": "q1",
        "segment_index": 8
      },
      {
        "cache_owner": "q0",
        "epic_prefix_rows": [
          19,
          35,
          41,
          45,
          66,
          76,
          133,
          243
        ],
        "fingerprint": "6334e6823b55d024",
        "length": 256,
        "owner_tier": 0,
        "request": "q1",
        "segment_index": 9
      },
      {
        "cache_owner": "q0",
        "epic_prefix_rows": [
          110,
          120,
          140,
          141,
          200,
          214,
          230,
          252
        ],
        "fingerprint": "307e02ba0c9c8db6",
        "length": 256,
        "owner_tier": 0,
        "request": "q1",
        "segment_index": 10
      },
      {
        "cache_owner": "q0",
        "epic_prefix_rows": [
          42,
          59,
          97,
          124,
          166,
          171,
          182,
          249
        ],
        "fingerprint": "d8e088676ac0e994",
        "length": 256,
        "owner_tier": 0,
        "request": "q1",
        "segment_index": 11
      },
      {
        "cache_owner": "q0",
        "epic_prefix_rows": [
          8,
          59,
          87,
          112,
          138,
          170,
          190,
          218
        ],
        "fingerprint": "eba00dddf332f864",
        "length": 256,
        "owner_tier": 0,
        "request": "q1",
        "segment_index": 12
      },
      {
        "cache_owner": "q0",
        "epic_prefix_rows": [
          13,
          23,
          31,
          37,
          51,
          63,
          74,
          112
        ],
        "fingerprint": "16ff367edf27a427",
        "length": 256,
        "owner_tier": 0,
        "request": "q1",
        "segment_index": 13
      },
      {
        "cache_owner": "q0",
        "epic_prefix_rows": [
          11,
          18,
          46,
          59,
          61,
          96,
          189,
          200
        ],
        "fingerprint": "544559610dd737d8",
        "length": 256,
        "owner_tier": 0,
        "request": "q1",
        "segment_index": 14
      },
      {
        "cache_owner": "q0",
        "epic_prefix_rows": [
          11,
          31,
          63,
          94,
          99,
          107,
          217,
          245
        ],
        "fingerprint": "719d4f68cfcda7af",
        "length": 256,
        "owner_tier": 0,
        "request": "q1",
        "segment_index": 15
      },
      {
        "cache_owner": "q0",
        "epic_prefix_rows": [
          35,
          36,
          51,
          113,
          133,
          154,
          179,
          223
        ],
        "fingerprint": "de2eea82f07af94b",
        "length": 256,
        "owner_tier": 0,
        "request": "q1",
        "segment_index": 16
      },
      {
        "cache_owner": "q0",
        "epic_prefix_rows": [
          20,
          31,
          51,
          92,
          102,
          133,
          200,
          239
        ],
        "fingerprint": "3df9fb747ee9b3ed",
        "length": 256,
        "owner_tier": 0,
        "request": "q1",
        "segment_index": 17
      },
      {
        "cache_owner": "q0",
        "epic_prefix_rows": [
          29,
          81,
          82,
          86,
          104,
          175,
          183,
          240
        ],
        "fingerprint": "d84e94f761d8f171",
        "length": 256,
        "owner_tier": 0,
        "request": "q1",
        "segment_index": 18
      },
      {
        "cache_owner": "q0",
        "epic_prefix_rows": [
          6,
          60,
          89,
          128,
          159,
          209,
          226,
          241
        ],
        "fingerprint": "e69c516fc2d68c1b",
        "length": 256,
        "owner_tier": 0,
        "request": "q1",
        "segment_index": 19
      },
      {
        "cache_owner": "q0",
        "epic_prefix_rows": [
          6,
          40,
          78,
          128,
          171,
          182,
          198,
          234
        ],
        "fingerprint": "d679790103e8c53b",
        "length": 256,
        "owner_tier": 0,
        "request": "q1",
        "segment_index": 20
      },
      {
        "cache_owner": "q0",
        "epic_prefix_rows": [
          23,
          69,
          122,
          143,
          147,
          180,
          183,
          246
        ],
        "fingerprint": "ef9219752ae977de",
        "length": 256,
        "owner_tier": 0,
        "request": "q1",
        "segment_index": 21
      },
      {
        "cache_owner": "q0",
        "epic_prefix_rows": [
          0,
          41,
          67,
          98,
          158,
          171,
          198,
          212
        ],
        "fingerprint": "804751a4de0897b1",
        "length": 256,
        "owner_tier": 0,
        "request": "q1",
        "segment_index": 22
      },
      {
        "cache_owner": "q0",
        "epic_prefix_rows": [
          16,
          81,
          114,
          122,
          193,
          205,
          212,
          229
        ],
        "fingerprint": "408f7199c5ad6444",
        "length": 256,
        "owner_tier": 0,
        "request": "q1",
        "segment_index": 23
      },
      {
        "cache_owner": "q0",
        "epic_prefix_rows": [
          23,
          32,
          80,
          84,
          132,
          214,
          228,
          249
        ],
        "fingerprint": "0b61bf84de13cf6f",
        "length": 256,
        "owner_tier": 0,
        "request": "q1",
        "segment_index": 24
      },
      {
        "cache_owner": "q0",
        "epic_prefix_rows": [
          0,
          19,
          25,
          159,
          166,
          212,
          239,
          253
        ],
        "fingerprint": "f4cf28fc5b71edf3",
        "length": 256,
        "owner_tier": 0,
        "request": "q1",
        "segment_index": 25
      },
      {
        "cache_owner": "q0",
        "epic_prefix_rows": [
          1,
          7,
          42,
          66,
          96,
          161,
          205,
          213
        ],
        "fingerprint": "f4fdd0e52e878abf",
        "length": 256,
        "owner_tier": 0,
        "request": "q1",
        "segment_index": 26
      },
      {
        "cache_owner": "q0",
        "epic_prefix_rows": [
          1,
          7,
          50,
          60,
          97,
          101,
          109,
          154
        ],
        "fingerprint": "7ba29ac00739c4ea",
        "length": 256,
        "owner_tier": 0,
        "request": "q1",
        "segment_index": 27
      },
      {
        "cache_owner": "q0",
        "epic_prefix_rows": [
          11,
          41,
          51,
          93,
          140,
          143,
          203,
          243
        ],
        "fingerprint": "6c5246339cc01ead",
        "length": 256,
        "owner_tier": 0,
        "request": "q1",
        "segment_index": 28
      },
      {
        "cache_owner": "q0",
        "epic_prefix_rows": [
          58,
          59,
          68,
          79,
          131,
          142,
          177,
          231
        ],
        "fingerprint": "3e13ea33ffd365d2",
        "length": 256,
        "owner_tier": 0,
        "request": "q1",
        "segment_index": 29
      },
      {
        "cache_owner": "q0",
        "epic_prefix_rows": [
          9,
          20,
          21,
          105,
          132,
          161,
          187,
          253
        ],
        "fingerprint": "97a85315f7478ed8",
        "length": 256,
        "owner_tier": 0,
        "request": "q1",
        "segment_index": 30
      },
      {
        "cache_owner": "q0",
        "epic_prefix_rows": [
          4,
          91,
          106,
          149,
          190,
          192,
          222,
          234
        ],
        "fingerprint": "e2f20e8d23ad1f3c",
        "length": 256,
        "owner_tier": 0,
        "request": "q1",
        "segment_index": 31
      },
      {
        "cache_owner": "q0",
        "epic_prefix_rows": [
          47,
          70,
          77,
          138,
          170,
          172,
          173,
          188
        ],
        "fingerprint": "0d5323d6441850a7",
        "length": 256,
        "owner_tier": 0,
        "request": "q1",
        "segment_index": 32
      },
      {
        "cache_owner": "q0",
        "epic_prefix_rows": [
          18,
          21,
          76,
          83,
          138,
          148,
          184,
          202
        ],
        "fingerprint": "2bbeefee3ca77394",
        "length": 256,
        "owner_tier": 0,
        "request": "q1",
        "segment_index": 33
      },
      {
        "cache_owner": "q0",
        "epic_prefix_rows": [
          24,
          58,
          66,
          91,
          122,
          150,
          157,
          244
        ],
        "fingerprint": "28b214a69646c775",
        "length": 256,
        "owner_tier": 0,
        "request": "q1",
        "segment_index": 34
      },
      {
        "cache_owner": "q0",
        "epic_prefix_rows": [
          36,
          50,
          55,
          153,
          154,
          168,
          206,
          212
        ],
        "fingerprint": "196ab37f68eb91dd",
        "length": 256,
        "owner_tier": 0,
        "request": "q1",
        "segment_index": 35
      },
      {
        "cache_owner": "q0",
        "epic_prefix_rows": [
          59,
          63,
          172,
          175,
          242,
          245,
          246,
          254
        ],
        "fingerprint": "b289731a6de14025",
        "length": 256,
        "owner_tier": 0,
        "request": "q1",
        "segment_index": 36
      },
      {
        "cache_owner": "q0",
        "epic_prefix_rows": [
          19,
          44,
          79,
          85,
          154,
          171,
          192,
          218
        ],
        "fingerprint": "1fd8287b40b3ef05",
        "length": 256,
        "owner_tier": 0,
        "request": "q1",
        "segment_index": 37
      },
      {
        "cache_owner": "q0",
        "epic_prefix_rows": [
          4,
          31,
          33,
          43,
          50,
          101,
          113,
          197
        ],
        "fingerprint": "d655032a50b311c0",
        "length": 256,
        "owner_tier": 0,
        "request": "q1",
        "segment_index": 38
      },
      {
        "cache_owner": "q0",
        "epic_prefix_rows": [
          42,
          111,
          148,
          188,
          201,
          216,
          229,
          250
        ],
        "fingerprint": "68aa33941aec615e",
        "length": 256,
        "owner_tier": 0,
        "request": "q1",
        "segment_index": 39
      },
      {
        "cache_owner": "q0",
        "epic_prefix_rows": [
          32,
          58,
          85,
          98,
          112,
          133,
          183,
          220
        ],
        "fingerprint": "57edc36f5adb4077",
        "length": 256,
        "owner_tier": 0,
        "request": "q1",
        "segment_index": 40
      },
      {
        "cache_owner": "q0",
        "epic_prefix_rows": [
          14,
          60,
          103,
          106,
          131,
          203,
          231,
          254
        ],
        "fingerprint": "060fe3cc81c4e614",
        "length": 256,
        "owner_tier": 0,
        "request": "q1",
        "segment_index": 41
      },
      {
        "cache_owner": "q0",
        "epic_prefix_rows": [
          21,
          53,
          74,
          101,
          110,
          185,
          193,
          234
        ],
        "fingerprint": "2c3a90bf49014087",
        "length": 256,
        "owner_tier": 0,
        "request": "q1",
        "segment_index": 42
      },
      {
        "cache_owner": "q0",
        "epic_prefix_rows": [
          53,
          75,
          77,
          165,
          207,
          216,
          249,
          253
        ],
        "fingerprint": "b8b19851f0e91e8b",
        "length": 256,
        "owner_tier": 0,
        "request": "q1",
        "segment_index": 43
      },
      {
        "cache_owner": "q0",
        "epic_prefix_rows": [
          4,
          18,
          103,
          112,
          162,
          164,
          174,
          255
        ],
        "fingerprint": "0a24aa246267ca70",
        "length": 256,
        "owner_tier": 0,
        "request": "q1",
        "segment_index": 44
      },
      {
        "cache_owner": "q0",
        "epic_prefix_rows": [
          33,
          43,
          75,
          79,
          131,
          150,
          194,
          240
        ],
        "fingerprint": "39982a5ac106dc56",
        "length": 256,
        "owner_tier": 0,
        "request": "q1",
        "segment_index": 45
      },
      {
        "cache_owner": "q0",
        "epic_prefix_rows": [
          7,
          20,
          33,
          66,
          115,
          153,
          169,
          229
        ],
        "fingerprint": "5b4fec5265577019",
        "length": 256,
        "owner_tier": 0,
        "request": "q1",
        "segment_index": 46
      },
      {
        "cache_owner": "q0",
        "epic_prefix_rows": [
          17,
          39,
          46,
          76,
          82,
          190,
          195,
          235
        ],
        "fingerprint": "31754f310cc87cb9",
        "length": 256,
        "owner_tier": 0,
        "request": "q1",
        "segment_index": 47
      },
      {
        "cache_owner": "q0",
        "epic_prefix_rows": [
          10,
          105,
          119,
          148,
          198,
          213,
          218,
          246
        ],
        "fingerprint": "17914e14c68c53c7",
        "length": 256,
        "owner_tier": 0,
        "request": "q1",
        "segment_index": 48
      },
      {
        "cache_owner": "q0",
        "epic_prefix_rows": [
          0,
          33,
          93,
          130,
          134,
          154,
          170,
          252
        ],
        "fingerprint": "0d5ec49d1bd3dfc2",
        "length": 256,
        "owner_tier": 0,
        "request": "q1",
        "segment_index": 49
      },
      {
        "cache_owner": "q0",
        "epic_prefix_rows": [
          31,
          65,
          83,
          122,
          146,
          155,
          196,
          208
        ],
        "fingerprint": "c8ca1ee28f153785",
        "length": 256,
        "owner_tier": 0,
        "request": "q1",
        "segment_index": 50
      },
      {
        "cache_owner": "q0",
        "epic_prefix_rows": [
          18,
          28,
          41,
          72,
          171,
          213,
          246,
          251
        ],
        "fingerprint": "d2d59fe199246a8a",
        "length": 256,
        "owner_tier": 0,
        "request": "q1",
        "segment_index": 51
      },
      {
        "cache_owner": "q0",
        "epic_prefix_rows": [
          18,
          24,
          77,
          180,
          197,
          210,
          234,
          238
        ],
        "fingerprint": "f8c3ac43031f479d",
        "length": 256,
        "owner_tier": 0,
        "request": "q1",
        "segment_index": 52
      },
      {
        "cache_owner": "q0",
        "epic_prefix_rows": [
          10,
          16,
          51,
          53,
          67,
          77,
          165,
          241
        ],
        "fingerprint": "1a0ba2ae3b5af048",
        "length": 256,
        "owner_tier": 0,
        "request": "q1",
        "segment_index": 53
      },
      {
        "cache_owner": "q0",
        "epic_prefix_rows": [
          30,
          56,
          99,
          172,
          177,
          196,
          239,
          251
        ],
        "fingerprint": "4efa77b98545d7f9",
        "length": 256,
        "owner_tier": 0,
        "request": "q1",
        "segment_index": 54
      },
      {
        "cache_owner": "q0",
        "epic_prefix_rows": [
          19,
          62,
          63,
          65,
          96,
          150,
          151,
          198
        ],
        "fingerprint": "e8daa9461adadb50",
        "length": 256,
        "owner_tier": 0,
        "request": "q1",
        "segment_index": 55
      },
      {
        "cache_owner": "q0",
        "epic_prefix_rows": [
          22,
          38,
          97,
          182,
          190,
          200,
          227,
          233
        ],
        "fingerprint": "27676fe4288b5092",
        "length": 256,
        "owner_tier": 0,
        "request": "q1",
        "segment_index": 56
      },
      {
        "cache_owner": "q0",
        "epic_prefix_rows": [
          13,
          20,
          47,
          110,
          117,
          130,
          215,
          248
        ],
        "fingerprint": "4628056629d21f29",
        "length": 256,
        "owner_tier": 0,
        "request": "q1",
        "segment_index": 57
      },
      {
        "cache_owner": "q0",
        "epic_prefix_rows": [
          43,
          53,
          58,
          74,
          156,
          212,
          216,
          218
        ],
        "fingerprint": "9e222200b410e430",
        "length": 256,
        "owner_tier": 0,
        "request": "q1",
        "segment_index": 58
      },
      {
        "cache_owner": "q0",
        "epic_prefix_rows": [
          15,
          32,
          50,
          79,
          212,
          213,
          220,
          228
        ],
        "fingerprint": "7753df1b6f8c9278",
        "length": 256,
        "owner_tier": 0,
        "request": "q1",
        "segment_index": 59
      },
      {
        "cache_owner": "q0",
        "epic_prefix_rows": [
          15,
          36,
          40,
          62,
          129,
          166,
          180,
          254
        ],
        "fingerprint": "2601f658cc5d3594",
        "length": 256,
        "owner_tier": 0,
        "request": "q1",
        "segment_index": 60
      },
      {
        "cache_owner": "q0",
        "epic_prefix_rows": [
          5,
          15,
          91,
          118,
          176,
          178,
          183,
          187
        ],
        "fingerprint": "27013d93d3fccf89",
        "length": 256,
        "owner_tier": 0,
        "request": "q1",
        "segment_index": 61
      },
      {
        "cache_owner": "q0",
        "epic_prefix_rows": [
          1,
          3,
          36,
          63,
          73,
          104,
          106,
          150
        ],
        "fingerprint": "6880baf09f037c19",
        "length": 256,
        "owner_tier": 0,
        "request": "q1",
        "segment_index": 62
      },
      {
        "cache_owner": "q0",
        "epic_prefix_rows": [
          12,
          57,
          72,
          95,
          119,
          188,
          232,
          244
        ],
        "fingerprint": "0724e17672a95b93",
        "length": 256,
        "owner_tier": 0,
        "request": "q1",
        "segment_index": 63
      },
      {
        "cache_owner": "q0",
        "epic_prefix_rows": [
          14,
          66,
          106,
          132,
          171,
          176,
          185,
          242
        ],
        "fingerprint": "e3c449fc4cd656ce",
        "length": 256,
        "owner_tier": 0,
        "request": "q1",
        "segment_index": 64
      },
      {
        "cache_owner": "q0",
        "epic_prefix_rows": [
          41,
          52,
          80,
          94,
          149,
          151,
          157,
          167
        ],
        "fingerprint": "274f7d8aacaccf25",
        "length": 256,
        "owner_tier": 0,
        "request": "q1",
        "segment_index": 65
      },
      {
        "cache_owner": "q0",
        "epic_prefix_rows": [
          64,
          75,
          94,
          114,
          121,
          124,
          161,
          192
        ],
        "fingerprint": "146a74171fc8e908",
        "length": 256,
        "owner_tier": 0,
        "request": "q1",
        "segment_index": 66
      },
      {
        "cache_owner": "q0",
        "epic_prefix_rows": [
          10,
          23,
          39,
          67,
          149,
          190,
          201,
          214
        ],
        "fingerprint": "56421c8602f059e6",
        "length": 256,
        "owner_tier": 0,
        "request": "q1",
        "segment_index": 67
      },
      {
        "cache_owner": "q0",
        "epic_prefix_rows": [
          37,
          67,
          72,
          152,
          153,
          213,
          215,
          216
        ],
        "fingerprint": "357ad2bb54f67a0c",
        "length": 256,
        "owner_tier": 0,
        "request": "q1",
        "segment_index": 68
      },
      {
        "cache_owner": "q0",
        "epic_prefix_rows": [
          29,
          43,
          127,
          181,
          189,
          192,
          209,
          227
        ],
        "fingerprint": "008b81b4d6caa9c9",
        "length": 256,
        "owner_tier": 0,
        "request": "q1",
        "segment_index": 69
      },
      {
        "cache_owner": "q0",
        "epic_prefix_rows": [
          4,
          104,
          150,
          164,
          190,
          213,
          225,
          241
        ],
        "fingerprint": "189f6cf46a89a8af",
        "length": 256,
        "owner_tier": 0,
        "request": "q1",
        "segment_index": 70
      },
      {
        "cache_owner": "q0",
        "epic_prefix_rows": [
          46,
          55,
          57,
          78,
          94,
          141,
          204,
          228
        ],
        "fingerprint": "7ee8a980cd5e73db",
        "length": 256,
        "owner_tier": 0,
        "request": "q1",
        "segment_index": 71
      },
      {
        "cache_owner": "q0",
        "epic_prefix_rows": [
          72,
          89,
          94,
          126,
          174,
          215,
          221,
          232
        ],
        "fingerprint": "1e09fc3aa312bedf",
        "length": 256,
        "owner_tier": 0,
        "request": "q1",
        "segment_index": 72
      },
      {
        "cache_owner": "q0",
        "epic_prefix_rows": [
          0,
          44,
          104,
          150,
          181,
          229,
          236,
          247
        ],
        "fingerprint": "e83ba334f98641d8",
        "length": 256,
        "owner_tier": 0,
        "request": "q1",
        "segment_index": 73
      },
      {
        "cache_owner": "q0",
        "epic_prefix_rows": [
          3,
          58,
          79,
          111,
          152,
          154,
          217,
          236
        ],
        "fingerprint": "93ff15fd417be171",
        "length": 256,
        "owner_tier": 0,
        "request": "q1",
        "segment_index": 74
      },
      {
        "cache_owner": "q0",
        "epic_prefix_rows": [
          11,
          47,
          61,
          118,
          143,
          207,
          241,
          254
        ],
        "fingerprint": "014c9a04b4e916be",
        "length": 256,
        "owner_tier": 0,
        "request": "q1",
        "segment_index": 75
      },
      {
        "cache_owner": "q0",
        "epic_prefix_rows": [
          0,
          20,
          52,
          131,
          138,
          202,
          203,
          227
        ],
        "fingerprint": "84398fc658db81a5",
        "length": 256,
        "owner_tier": 0,
        "request": "q1",
        "segment_index": 76
      },
      {
        "cache_owner": "q0",
        "epic_prefix_rows": [
          18,
          36,
          43,
          100,
          129,
          134,
          145,
          181
        ],
        "fingerprint": "05d534e6a81b4210",
        "length": 256,
        "owner_tier": 0,
        "request": "q1",
        "segment_index": 77
      },
      {
        "cache_owner": "q0",
        "epic_prefix_rows": [
          34,
          60,
          83,
          127,
          148,
          156,
          174,
          212
        ],
        "fingerprint": "8c41295e89de23e3",
        "length": 256,
        "owner_tier": 0,
        "request": "q1",
        "segment_index": 78
      },
      {
        "cache_owner": "q0",
        "epic_prefix_rows": [
          53,
          68,
          107,
          142,
          144,
          149,
          206,
          210
        ],
        "fingerprint": "0d6ee10e10def3d2",
        "length": 256,
        "owner_tier": 0,
        "request": "q1",
        "segment_index": 79
      },
      {
        "cache_owner": "q0",
        "epic_prefix_rows": [
          61,
          63,
          70,
          80,
          190,
          195,
          205,
          226
        ],
        "fingerprint": "c1807afb81a20f51",
        "length": 256,
        "owner_tier": 0,
        "request": "q1",
        "segment_index": 80
      },
      {
        "cache_owner": "q0",
        "epic_prefix_rows": [
          71,
          111,
          153,
          181,
          212,
          239,
          242,
          244
        ],
        "fingerprint": "931d7f5b83731cc7",
        "length": 256,
        "owner_tier": 0,
        "request": "q1",
        "segment_index": 81
      },
      {
        "cache_owner": "q0",
        "epic_prefix_rows": [
          30,
          73,
          153,
          162,
          227,
          250,
          252,
          253
        ],
        "fingerprint": "de3ba4f43ce3a094",
        "length": 256,
        "owner_tier": 0,
        "request": "q1",
        "segment_index": 82
      },
      {
        "cache_owner": "q0",
        "epic_prefix_rows": [
          5,
          13,
          26,
          34,
          110,
          181,
          200,
          241
        ],
        "fingerprint": "549b6eeef884e61d",
        "length": 256,
        "owner_tier": 0,
        "request": "q1",
        "segment_index": 83
      },
      {
        "cache_owner": "q0",
        "epic_prefix_rows": [
          1,
          3,
          21,
          41,
          59,
          138,
          184,
          202
        ],
        "fingerprint": "8f21a2b7cbc6a1cc",
        "length": 256,
        "owner_tier": 0,
        "request": "q1",
        "segment_index": 84
      },
      {
        "cache_owner": "q0",
        "epic_prefix_rows": [
          53,
          72,
          97,
          116,
          147,
          149,
          222,
          235
        ],
        "fingerprint": "3327eb88b326572c",
        "length": 256,
        "owner_tier": 0,
        "request": "q1",
        "segment_index": 85
      },
      {
        "cache_owner": "q0",
        "epic_prefix_rows": [
          75,
          86,
          161,
          169,
          196,
          215,
          222,
          229
        ],
        "fingerprint": "828afffd0287a7fd",
        "length": 256,
        "owner_tier": 0,
        "request": "q1",
        "segment_index": 86
      },
      {
        "cache_owner": "q0",
        "epic_prefix_rows": [
          66,
          95,
          106,
          178,
          199,
          218,
          227,
          251
        ],
        "fingerprint": "2e40f41c46618477",
        "length": 256,
        "owner_tier": 0,
        "request": "q1",
        "segment_index": 87
      },
      {
        "cache_owner": "q0",
        "epic_prefix_rows": [
          17,
          25,
          100,
          104,
          112,
          198,
          199,
          224
        ],
        "fingerprint": "38fd9d00b6d09b58",
        "length": 256,
        "owner_tier": 0,
        "request": "q1",
        "segment_index": 88
      },
      {
        "cache_owner": "q0",
        "epic_prefix_rows": [
          29,
          43,
          44,
          88,
          95,
          119,
          152,
          186
        ],
        "fingerprint": "01ef803e6ca17df7",
        "length": 256,
        "owner_tier": 0,
        "request": "q1",
        "segment_index": 89
      },
      {
        "cache_owner": "q0",
        "epic_prefix_rows": [
          27,
          145,
          180,
          210,
          220,
          232,
          234,
          250
        ],
        "fingerprint": "70b457c38f944354",
        "length": 256,
        "owner_tier": 0,
        "request": "q1",
        "segment_index": 90
      },
      {
        "cache_owner": "q0",
        "epic_prefix_rows": [
          21,
          22,
          26,
          110,
          130,
          136,
          172,
          243
        ],
        "fingerprint": "e2614c2dedf4cf58",
        "length": 256,
        "owner_tier": 0,
        "request": "q1",
        "segment_index": 91
      },
      {
        "cache_owner": "q0",
        "epic_prefix_rows": [
          1,
          3,
          32,
          71,
          83,
          148,
          179,
          219
        ],
        "fingerprint": "b1ab14bf7fe90b52",
        "length": 256,
        "owner_tier": 0,
        "request": "q1",
        "segment_index": 92
      },
      {
        "cache_owner": "q0",
        "epic_prefix_rows": [
          43,
          52,
          98,
          113,
          163,
          173,
          203,
          232
        ],
        "fingerprint": "19b2326032573ee0",
        "length": 256,
        "owner_tier": 0,
        "request": "q1",
        "segment_index": 93
      },
      {
        "cache_owner": "q0",
        "epic_prefix_rows": [
          14,
          22,
          97,
          130,
          165,
          166,
          188,
          233
        ],
        "fingerprint": "f97f30f9dca3b30d",
        "length": 256,
        "owner_tier": 0,
        "request": "q1",
        "segment_index": 94
      },
      {
        "cache_owner": "q0",
        "epic_prefix_rows": [
          41,
          96,
          103,
          107,
          128,
          154,
          159,
          177
        ],
        "fingerprint": "9b66baa8d351f5fb",
        "length": 256,
        "owner_tier": 0,
        "request": "q1",
        "segment_index": 95
      },
      {
        "cache_owner": "q0",
        "epic_prefix_rows": [],
        "fingerprint": "b4818fcedac6bc88",
        "length": 300,
        "owner_tier": 0,
        "request": "q10",
        "segment_index": 0
      },
      {
        "cache_owner": "q0",
        "epic_prefix_rows": [
          22,
          37,
          122,
          130,
          156,
          176,
          196,
          246
        ],
        "fingerprint": "307e02ba0c9c8db6",
        "length": 256,
        "owner_tier": 0,
        "request": "q10",
        "segment_index": 1
      },
      {
        "cache_owner": "q0",
        "epic_prefix_rows": [
          4,
          24,
          211,
          224,
          225,
          235,
          252,
          253
        ],
        "fingerprint": "d8e088676ac0e994",
        "length": 256,
        "owner_tier": 0,
        "request": "q10",
        "segment_index": 2
      },
      {
        "cache_owner": "q0",
        "epic_prefix_rows": [
          41,
          43,
          50,
          60,
          78,
          109,
          123,
          211
        ],
        "fingerprint": "eba00dddf332f864",
        "length": 256,
        "owner_tier": 0,
        "request": "q10",
        "segment_index": 3
      },
      {
        "cache_owner": "q0",
        "epic_prefix_rows": [
          20,
          39,
          92,
          127,
          201,
          218,
          225,
          250
        ],
        "fingerprint": "16ff367edf27a427",
        "length": 256,
        "owner_tier": 0,
        "request": "q10",
        "segment_index": 4
      },
      {
        "cache_owner": "q0",
        "epic_prefix_rows": [
          54,
          65,
          112,
          142,
          146,
          163,
          180,
          222
        ],
        "fingerprint": "544559610dd737d8",
        "length": 256,
        "owner_tier": 0,
        "request": "q10",
        "segment_index": 5
      },
      {
        "cache_owner": "q0",
        "epic_prefix_rows": [
          8,
          103,
          118,
          133,
          139,
          151,
          226,
          236
        ],
        "fingerprint": "719d4f68cfcda7af",
        "length": 256,
        "owner_tier": 0,
        "request": "q10",
        "segment_index": 6
      },
      {
        "cache_owner": "q0",
        "epic_prefix_rows": [
          3,
          50,
          60,
          88,
          111,
          127,
          145,
          212
        ],
        "fingerprint": "de2eea82f07af94b",
        "length": 256,
        "owner_tier": 0,
        "request": "q10",
        "segment_index": 7
      },
      {
        "cache_owner": "q0",
        "epic_prefix_rows": [
          25,
          60,
          62,
          117,
          139,
          183,
          196,
          219
        ],
        "fingerprint": "3df9fb747ee9b3ed",
        "length": 256,
        "owner_tier": 0,
        "request": "q10",
        "segment_index": 8
      },
      {
        "cache_owner": "q0",
        "epic_prefix_rows": [
          33,
          113,
          119,
          122,
          144,
          157,
          167,
          191
        ],
        "fingerprint": "d84e94f761d8f171",
        "length": 256,
        "owner_tier": 0,
        "request": "q10",
        "segment_index": 9
      },
      {
        "cache_owner": "q0",
        "epic_prefix_rows": [
          7,
          12,
          70,
          87,
          146,
          167,
          187,
          245
        ],
        "fingerprint": "e69c516fc2d68c1b",
        "length": 256,
        "owner_tier": 0,
        "request": "q10",
        "segment_index": 10
      },
      {
        "cache_owner": "q0",
        "epic_prefix_rows": [
          39,
          66,
          69,
          79,
          90,
          105,
          202,
          254
        ],
        "fingerprint": "d679790103e8c53b",
        "length": 256,
        "owner_tier": 0,
        "request": "q10",
        "segment_index": 11
      },
      {
        "cache_owner": "q0",
        "epic_prefix_rows": [
          55,
          67,
          109,
          119,
          120,
          180,
          196,
          255
        ],
        "fingerprint": "ef9219752ae977de",
        "length": 256,
        "owner_tier": 0,
        "request": "q10",
        "segment_index": 12
      },
      {
        "cache_owner": "q0",
        "epic_prefix_rows": [
          6,
          13,
          83,
          112,
          158,
          183,
          233,
          250
        ],
        "fingerprint": "804751a4de0897b1",
        "length": 256,
        "owner_tier": 0,
        "request": "q10",
        "segment_index": 13
      },
      {
        "cache_owner": "q0",
        "epic_prefix_rows": [
          40,
          70,
          97,
          132,
          160,
          205,
          246,
          253
        ],
        "fingerprint": "408f7199c5ad6444",
        "length": 256,
        "owner_tier": 0,
        "request": "q10",
        "segment_index": 14
      },
      {
        "cache_owner": "q0",
        "epic_prefix_rows": [
          19,
          30,
          106,
          127,
          149,
          161,
          162,
          196
        ],
        "fingerprint": "0b61bf84de13cf6f",
        "length": 256,
        "owner_tier": 0,
        "request": "q10",
        "segment_index": 15
      },
      {
        "cache_owner": "q0",
        "epic_prefix_rows": [
          8,
          83,
          115,
          133,
          156,
          175,
          176,
          225
        ],
        "fingerprint": "f4cf28fc5b71edf3",
        "length": 256,
        "owner_tier": 0,
        "request": "q10",
        "segment_index": 16
      },
      {
        "cache_owner": "q0",
        "epic_prefix_rows": [
          11,
          12,
          29,
          31,
          77,
          180,
          182,
          251
        ],
        "fingerprint": "f4fdd0e52e878abf",
        "length": 256,
        "owner_tier": 0,
        "request": "q10",
        "segment_index": 17
      },
      {
        "cache_owner": "q0",
        "epic_prefix_rows": [
          6,
          23,
          31,
          34,
          115,
          123,
          167,
          176
        ],
        "fingerprint": "7ba29ac00739c4ea",
        "length": 256,
        "owner_tier": 0,
        "request": "q10",
        "segment_index": 18
      },
      {
        "cache_owner": "q0",
        "epic_prefix_rows": [
          69,
          72,
          110,
          159,
          183,
          216,
          222,
          229
        ],
        "fingerprint": "6c5246339cc01ead",
        "length": 256,
        "owner_tier": 0,
        "request": "q10",
        "segment_index": 19
      },
      {
        "cache_owner": "q0",
        "epic_prefix_rows": [
          4,
          21,
          90,
          135,
          168,
          195,
          209,
          236
        ],
        "fingerprint": "3e13ea33ffd365d2",
        "length": 256,
        "owner_tier": 0,
        "request": "q10",
        "segment_index": 20
      },
      {
        "cache_owner": "q0",
        "epic_prefix_rows": [
          1,
          40,
          62,
          70,
          75,
          87,
          199,
          209
        ],
        "fingerprint": "97a85315f7478ed8",
        "length": 256,
        "owner_tier": 0,
        "request": "q10",
        "segment_index": 21
      },
      {
        "cache_owner": "q0",
        "epic_prefix_rows": [
          11,
          40,
          86,
          90,
          121,
          126,
          168,
          218
        ],
        "fingerprint": "e2f20e8d23ad1f3c",
        "length": 256,
        "owner_tier": 0,
        "request": "q10",
        "segment_index": 22
      },
      {
        "cache_owner": "q0",
        "epic_prefix_rows": [
          13,
          20,
          53,
          76,
          129,
          174,
          192,
          234
        ],
        "fingerprint": "0d5323d6441850a7",
        "length": 256,
        "owner_tier": 0,
        "request": "q10",
        "segment_index": 23
      },
      {
        "cache_owner": "q0",
        "epic_prefix_rows": [
          18,
          45,
          77,
          120,
          149,
          183,
          234,
          254
        ],
        "fingerprint": "2bbeefee3ca77394",
        "length": 256,
        "owner_tier": 0,
        "request": "q10",
        "segment_index": 24
      },
      {
        "cache_owner": "q0",
        "epic_prefix_rows": [
          7,
          83,
          138,
          172,
          182,
          201,
          207,
          252
        ],
        "fingerprint": "28b214a69646c775",
        "length": 256,
        "owner_tier": 0,
        "request": "q10",
        "segment_index": 25
      },
      {
        "cache_owner": "q0",
        "epic_prefix_rows": [
          17,
          19,
          134,
          147,
          159,
          202,
          233,
          240
        ],
        "fingerprint": "196ab37f68eb91dd",
        "length": 256,
        "owner_tier": 0,
        "request": "q10",
        "segment_index": 26
      },
      {
        "cache_owner": "q0",
        "epic_prefix_rows": [
          10,
          17,
          26,
          61,
          139,
          177,
          206,
          253
        ],
        "fingerprint": "b289731a6de14025",
        "length": 256,
        "owner_tier": 0,
        "request": "q10",
        "segment_index": 27
      },
      {
        "cache_owner": "q0",
        "epic_prefix_rows": [
          59,
          106,
          128,
          130,
          148,
          168,
          174,
          197
        ],
        "fingerprint": "1fd8287b40b3ef05",
        "length": 256,
        "owner_tier": 0,
        "request": "q10",
        "segment_index": 28
      },
      {
        "cache_owner": "q0",
        "epic_prefix_rows": [
          4,
          26,
          78,
          79,
          83,
          124,
          169,
          180
        ],
        "fingerprint": "d655032a50b311c0",
        "length": 256,
        "owner_tier": 0,
        "request": "q10",
        "segment_index": 29
      },
      {
        "cache_owner": "q0",
        "epic_prefix_rows": [
          149,
          150,
          165,
          176,
          185,
          206,
          220,
          253
        ],
        "fingerprint": "68aa33941aec615e",
        "length": 256,
        "owner_tier": 0,
        "request": "q10",
        "segment_index": 30
      },
      {
        "cache_owner": "q0",
        "epic_prefix_rows": [
          0,
          4,
          22,
          64,
          72,
          87,
          174,
          226
        ],
        "fingerprint": "57edc36f5adb4077",
        "length": 256,
        "owner_tier": 0,
        "request": "q10",
        "segment_index": 31
      },
      {
        "cache_owner": "q0",
        "epic_prefix_rows": [
          35,
          86,
          89,
          96,
          131,
          142,
          217,
          245
        ],
        "fingerprint": "060fe3cc81c4e614",
        "length": 256,
        "owner_tier": 0,
        "request": "q10",
        "segment_index": 32
      },
      {
        "cache_owner": "q0",
        "epic_prefix_rows": [
          32,
          56,
          80,
          136,
          145,
          159,
          196,
          222
        ],
        "fingerprint": "2c3a90bf49014087",
        "length": 256,
        "owner_tier": 0,
        "request": "q10",
        "segment_index": 33
      },
      {
        "cache_owner": "q0",
        "epic_prefix_rows": [
          6,
          97,
          132,
          143,
          162,
          175,
          219,
          221
        ],
        "fingerprint": "b8b19851f0e91e8b",
        "length": 256,
        "owner_tier": 0,
        "request": "q10",
        "segment_index": 34
      },
      {
        "cache_owner": "q0",
        "epic_prefix_rows": [
          3,
          18,
          72,
          79,
          184,
          196,
          210,
          237
        ],
        "fingerprint": "0a24aa246267ca70",
        "length": 256,
        "owner_tier": 0,
        "request": "q10",
        "segment_index": 35
      },
      {
        "cache_owner": "q0",
        "epic_prefix_rows": [
          8,
          9,
          81,
          99,
          116,
          181,
          185,
          254
        ],
        "fingerprint": "39982a5ac106dc56",
        "length": 256,
        "owner_tier": 0,
        "request": "q10",
        "segment_index": 36
      },
      {
        "cache_owner": "q0",
        "epic_prefix_rows": [
          39,
          94,
          121,
          123,
          127,
          140,
          215,
          229
        ],
        "fingerprint": "5b4fec5265577019",
        "length": 256,
        "owner_tier": 0,
        "request": "q10",
        "segment_index": 37
      },
      {
        "cache_owner": "q0",
        "epic_prefix_rows": [
          33,
          51,
          84,
          96,
          202,
          218,
          225,
          230
        ],
        "fingerprint": "31754f310cc87cb9",
        "length": 256,
        "owner_tier": 0,
        "request": "q10",
        "segment_index": 38
      },
      {
        "cache_owner": "q0",
        "epic_prefix_rows": [
          15,
          46,
          129,
          139,
          157,
          167,
          182,
          223
        ],
        "fingerprint": "17914e14c68c53c7",
        "length": 256,
        "owner_tier": 0,
        "request": "q10",
        "segment_index": 39
      },
      {
        "cache_owner": "q0",
        "epic_prefix_rows": [
          5,
          103,
          128,
          197,
          199,
          203,
          223,
          252
        ],
        "fingerprint": "0d5ec49d1bd3dfc2",
        "length": 256,
        "owner_tier": 0,
        "request": "q10",
        "segment_index": 40
      },
      {
        "cache_owner": "q0",
        "epic_prefix_rows": [
          12,
          19,
          64,
          142,
          167,
          181,
          203,
          238
        ],
        "fingerprint": "c8ca1ee28f153785",
        "length": 256,
        "owner_tier": 0,
        "request": "q10",
        "segment_index": 41
      },
      {
        "cache_owner": "q0",
        "epic_prefix_rows": [
          2,
          21,
          35,
          41,
          69,
          177,
          184,
          242
        ],
        "fingerprint": "d2d59fe199246a8a",
        "length": 256,
        "owner_tier": 0,
        "request": "q10",
        "segment_index": 42
      },
      {
        "cache_owner": "q0",
        "epic_prefix_rows": [
          12,
          22,
          56,
          64,
          97,
          161,
          201,
          241
        ],
        "fingerprint": "f8c3ac43031f479d",
        "length": 256,
        "owner_tier": 0,
        "request": "q10",
        "segment_index": 43
      },
      {
        "cache_owner": "q0",
        "epic_prefix_rows": [
          30,
          72,
          75,
          83,
          140,
          156,
          206,
          208
        ],
        "fingerprint": "1a0ba2ae3b5af048",
        "length": 256,
        "owner_tier": 0,
        "request": "q10",
        "segment_index": 44
      },
      {
        "cache_owner": "q0",
        "epic_prefix_rows": [
          22,
          23,
          64,
          68,
          92,
          176,
          198,
          246
        ],
        "fingerprint": "4efa77b98545d7f9",
        "length": 256,
        "owner_tier": 0,
        "request": "q10",
        "segment_index": 45
      },
      {
        "cache_owner": "q0",
        "epic_prefix_rows": [
          41,
          42,
          89,
          103,
          129,
          133,
          135,
          167
        ],
        "fingerprint": "e8daa9461adadb50",
        "length": 256,
        "owner_tier": 0,
        "request": "q10",
        "segment_index": 46
      },
      {
        "cache_owner": "q0",
        "epic_prefix_rows": [
          17,
          19,
          78,
          79,
          90,
          132,
          229,
          233
        ],
        "fingerprint": "27676fe4288b5092",
        "length": 256,
        "owner_tier": 0,
        "request": "q10",
        "segment_index": 47
      },
      {
        "cache_owner": "q0",
        "epic_prefix_rows": [
          36,
          81,
          98,
          122,
          161,
          170,
          233,
          234
        ],
        "fingerprint": "4628056629d21f29",
        "length": 256,
        "owner_tier": 0,
        "request": "q10",
        "segment_index": 48
      },
      {
        "cache_owner": "q0",
        "epic_prefix_rows": [
          1,
          29,
          40,
          42,
          53,
          69,
          175,
          243
        ],
        "fingerprint": "9e222200b410e430",
        "length": 256,
        "owner_tier": 0,
        "request": "q10",
        "segment_index": 49
      },
      {
        "cache_owner": "q0",
        "epic_prefix_rows": [
          60,
          69,
          171,
          180,
          185,
          193,
          218,
          231
        ],
        "fingerprint": "7753df1b6f8c9278",
        "length": 256,
        "owner_tier": 0,
        "request": "q10",
        "segment_index": 50
      },
      {
        "cache_owner": "q0",
        "epic_prefix_rows": [
          9,
          11,
          22,
          64,
          93,
          98,
          162,
          172
        ],
        "fingerprint": "2601f658cc5d3594",
        "length": 256,
        "owner_tier": 0,
        "request": "q10",
        "segment_index": 51
      },
      {
        "cache_owner": "q0",
        "epic_prefix_rows": [
          26,
          31,
          39,
          86,
          159,
          183,
          199,
          211
        ],
        "fingerprint": "27013d93d3fccf89",
        "length": 256,
        "owner_tier": 0,
        "request": "q10",
        "segment_index": 52
      },
      {
        "cache_owner": "q0",
        "epic_prefix_rows": [
          27,
          130,
          158,
          181,
          209,
          211,
          225,
          232
        ],
        "fingerprint": "6880baf09f037c19",
        "length": 256,
        "owner_tier": 0,
        "request": "q10",
        "segment_index": 53
      },
      {
        "cache_owner": "q0",
        "epic_prefix_rows": [
          15,
          32,
          92,
          97,
          135,
          183,
          198,
          232
        ],
        "fingerprint": "0724e17672a95b93",
        "length": 256,
        "owner_tier": 0,
        "request": "q10",
        "segment_index": 54
      },
      {
        "cache_owner": "q0",
        "epic_prefix_rows": [
          6,
          10,
          13,
          49,
          63,
          90,
          179,
          206
        ],
        "fingerprint": "e3c449fc4cd656ce",
        "length": 256,
        "owner_tier": 0,
        "request": "q10",
        "segment_index": 55
      },
      {
        "cache_owner": "q0",
        "epic_prefix_rows": [
          26,
          41,
          134,
          165,
          205,
          233,
          243,
          253
        ],
        "fingerprint": "274f7d8aacaccf25",
        "length": 256,
        "owner_tier": 0,
        "request": "q10",
        "segment_index": 56
      },
      {
        "cache_owner": "q0",
        "epic_prefix_rows": [
          14,
          16,
          41,
          49,
          50,
          170,
          183,
          241
        ],
        "fingerprint": "146a74171fc8e908",
        "length": 256,
        "owner_tier": 0,
        "request": "q10",
        "segment_index": 57
      },
      {
        "cache_owner": "q0",
        "epic_prefix_rows": [
          0,
          18,
          75,
          78,
          80,
          146,
          172,
          192
        ],
        "fingerprint": "56421c8602f059e6",
        "length": 256,
        "owner_tier": 0,
        "request": "q10",
        "segment_index": 58
      },
      {
        "cache_owner": "q0",
        "epic_prefix_rows": [
          12,
          81,
          82,
          89,
          124,
          168,
          203,
          247
        ],
        "fingerprint": "357ad2bb54f67a0c",
        "length": 256,
        "owner_tier": 0,
        "request": "q10",
        "segment_index": 59
      },
      {
        "cache_owner": "q0",
        "epic_prefix_rows": [
          22,
          87,
          115,
          121,
          123,
          144,
          168,
          180
        ],
        "fingerprint": "008b81b4d6caa9c9",
        "length": 256,
        "owner_tier": 0,
        "request": "q10",
        "segment_index": 60
      },
      {
        "cache_owner": "q0",
        "epic_prefix_rows": [
          6,
          70,
          83,
          115,
          186,
          197,
          215,
          237
        ],
        "fingerprint": "189f6cf46a89a8af",
        "length": 256,
        "owner_tier": 0,
        "request": "q10",
        "segment_index": 61
      },
      {
        "cache_owner": "q0",
        "epic_prefix_rows": [
          2,
          9,
          12,
          76,
          83,
          88,
          165,
          199
        ],
        "fingerprint": "7ee8a980cd5e73db",
        "length": 256,
        "owner_tier": 0,
        "request": "q10",
        "segment_index": 62
      },
      {
        "cache_owner": "q0",
        "epic_prefix_rows": [
          1,
          13,
          19,
          24,
          57,
          75,
          78,
          194
        ],
        "fingerprint": "1e09fc3aa312bedf",
        "length": 256,
        "owner_tier": 0,
        "request": "q10",
        "segment_index": 63
      },
      {
        "cache_owner": "q0",
        "epic_prefix_rows": [
          70,
          110,
          126,
          170,
          186,
          204,
          214,
          223
        ],
        "fingerprint": "e83ba334f98641d8",
        "length": 256,
        "owner_tier": 0,
        "request": "q10",
        "segment_index": 64
      },
      {
        "cache_owner": "q0",
        "epic_prefix_rows": [
          37,
          49,
          66,
          125,
          179,
          208,
          220,
          223
        ],
        "fingerprint": "93ff15fd417be171",
        "length": 256,
        "owner_tier": 0,
        "request": "q10",
        "segment_index": 65
      },
      {
        "cache_owner": "q0",
        "epic_prefix_rows": [
          35,
          115,
          122,
          195,
          202,
          203,
          241,
          246
        ],
        "fingerprint": "014c9a04b4e916be",
        "length": 256,
        "owner_tier": 0,
        "request": "q10",
        "segment_index": 66
      },
      {
        "cache_owner": "q0",
        "epic_prefix_rows": [
          11,
          20,
          121,
          129,
          141,
          164,
          190,
          242
        ],
        "fingerprint": "84398fc658db81a5",
        "length": 256,
        "owner_tier": 0,
        "request": "q10",
        "segment_index": 67
      },
      {
        "cache_owner": "q0",
        "epic_prefix_rows": [
          13,
          24,
          54,
          73,
          200,
          201,
          215,
          221
        ],
        "fingerprint": "05d534e6a81b4210",
        "length": 256,
        "owner_tier": 0,
        "request": "q10",
        "segment_index": 68
      },
      {
        "cache_owner": "q0",
        "epic_prefix_rows": [
          53,
          82,
          86,
          174,
          210,
          235,
          236,
          242
        ],
        "fingerprint": "8c41295e89de23e3",
        "length": 256,
        "owner_tier": 0,
        "request": "q10",
        "segment_index": 69
      },
      {
        "cache_owner": "q0",
        "epic_prefix_rows": [
          57,
          73,
          81,
          145,
          176,
          183,
          188,
          242
        ],
        "fingerprint": "0d6ee10e10def3d2",
        "length": 256,
        "owner_tier": 0,
        "request": "q10",
        "segment_index": 70
      },
      {
        "cache_owner": "q0",
        "epic_prefix_rows": [
          21,
          27,
          90,
          100,
          131,
          151,
          166,
          194
        ],
        "fingerprint": "c1807afb81a20f51",
        "length": 256,
        "owner_tier": 0,
        "request": "q10",
        "segment_index": 71
      },
      {
        "cache_owner": "q0",
        "epic_prefix_rows": [
          17,
          106,
          137,
          149,
          177,
          192,
          210,
          220
        ],
        "fingerprint": "931d7f5b83731cc7",
        "length": 256,
        "owner_tier": 0,
        "request": "q10",
        "segment_index": 72
      },
      {
        "cache_owner": "q0",
        "epic_prefix_rows": [
          15,
          56,
          67,
          68,
          84,
          182,
          203,
          220
        ],
        "fingerprint": "de3ba4f43ce3a094",
        "length": 256,
        "owner_tier": 0,
        "request": "q10",
        "segment_index": 73
      },
      {
        "cache_owner": "q0",
        "epic_prefix_rows": [
          38,
          39,
          70,
          78,
          86,
          106,
          217,
          237
        ],
        "fingerprint": "549b6eeef884e61d",
        "length": 256,
        "owner_tier": 0,
        "request": "q10",
        "segment_index": 74
      },
      {
        "cache_owner": "q0",
        "epic_prefix_rows": [
          15,
          69,
          84,
          116,
          147,
          171,
          182,
          252
        ],
        "fingerprint": "8f21a2b7cbc6a1cc",
        "length": 256,
        "owner_tier": 0,
        "request": "q10",
        "segment_index": 75
      },
      {
        "cache_owner": "q0",
        "epic_prefix_rows": [
          60,
          74,
          81,
          134,
          169,
          175,
          192,
          209
        ],
        "fingerprint": "3327eb88b326572c",
        "length": 256,
        "owner_tier": 0,
        "request": "q10",
        "segment_index": 76
      },
      {
        "cache_owner": "q0",
        "epic_prefix_rows": [
          120,
          156,
          177,
          193,
          199,
          208,
          209,
          241
        ],
        "fingerprint": "828afffd0287a7fd",
        "length": 256,
        "owner_tier": 0,
        "request": "q10",
        "segment_index": 77
      },
      {
        "cache_owner": "q0",
        "epic_prefix_rows": [
          2,
          50,
          54,
          56,
          75,
          78,
          104,
          136
        ],
        "fingerprint": "2e40f41c46618477",
        "length": 256,
        "owner_tier": 0,
        "request": "q10",
        "segment_index": 78
      },
      {
        "cache_owner": "q0",
        "epic_prefix_rows": [
          5,
          18,
          43,
          59,
          86,
          185,
          192,
          246
        ],
        "fingerprint": "38fd9d00b6d09b58",
        "length": 256,
        "owner_tier": 0,
        "request": "q10",
        "segment_index": 79
      },
      {
        "cache_owner": "q0",
        "epic_prefix_rows": [
          55,
          81,
          117,
          129,
          162,
          188,
          231,
          249
        ],
        "fingerprint": "01ef803e6ca17df7",
        "length": 256,
        "owner_tier": 0,
        "request": "q10",
        "segment_index": 80
      },
      {
        "cache_owner": "q0",
        "epic_prefix_rows": [
          13,
          39,
          85,
          86,
          106,
          207,
          209,
          224
        ],
        "fingerprint": "70b457c38f944354",
        "length": 256,
        "owner_tier": 0,
        "request": "q10",
        "segment_index": 81
      },
      {
        "cache_owner": "q0",
        "epic_prefix_rows": [
          10,
          27,
          68,
          87,
          135,
          192,
          198,
          225
        ],
        "fingerprint": "e2614c2dedf4cf58",
        "length": 256,
        "owner_tier": 0,
        "request": "q10",
        "segment_index": 82
      },
      {
        "cache_owner": "q0",
        "epic_prefix_rows": [
          20,
          44,
          52,
          119,
          171,
          207,
          233,
          245
        ],
        "fingerprint": "b1ab14bf7fe90b52",
        "length": 256,
        "owner_tier": 0,
        "request": "q10",
        "segment_index": 83
      },
      {
        "cache_owner": "q0",
        "epic_prefix_rows": [
          92,
          117,
          135,
          137,
          186,
          201,
          242,
          251
        ],
        "fingerprint": "19b2326032573ee0",
        "length": 256,
        "owner_tier": 0,
        "request": "q10",
        "segment_index": 84
      },
      {
        "cache_owner": "q0",
        "epic_prefix_rows": [
          35,
          73,
          81,
          154,
          201,
          209,
          233,
          244
        ],
        "fingerprint": "f97f30f9dca3b30d",
        "length": 256,
        "owner_tier": 0,
        "request": "q10",
        "segment_index": 85
      },
      {
        "cache_owner": "q0",
        "epic_prefix_rows": [
          47,
          56,
          72,
          117,
          135,
          151,
          184,
          246
        ],
        "fingerprint": "9b66baa8d351f5fb",
        "length": 256,
        "owner_tier": 0,
        "request": "q10",
        "segment_index": 86
      },
      {
        "cache_owner": "q1",
        "epic_prefix_rows": [
          3,
          16,
          29,
          48,
          70,
          101,
          207,
          251
        ],
        "fingerprint": "1393d94e264cb21d",
        "length": 256,
        "owner_tier": 0,
        "request": "q10",
        "segment_index": 87
      },
      {
        "cache_owner": "q0",
        "epic_prefix_rows": [],
        "fingerprint": "b4818fcedac6bc88",
        "length": 300,
        "owner_tier": 0,
        "request": "q11",
        "segment_index": 0
      },
      {
        "cache_owner": "q0",
        "epic_prefix_rows": [
          2,
          49,
          54,
          116,
          123,
          175,
          177,
          242
        ],
        "fingerprint": "d8e088676ac0e994",
        "length": 256,
        "owner_tier": 0,
        "request": "q11",
        "segment_index": 1
      },
      {
        "cache_owner": "q0",
        "epic_prefix_rows": [
          4,
          115,
          140,
          159,
          174,
          181,
          253,
          254
        ],
        "fingerprint": "eba00dddf332f864",
        "length": 256,
        "owner_tier": 0,
        "request": "q11",
        "segment_index": 2
      },
      {
        "cache_owner": "q0",
        "epic_prefix_rows": [
          39,
          46,
          74,
          115,
          156,
          188,
          195,
          216
        ],
        "fingerprint": "16ff367edf27a427",
        "length": 256,
        "owner_tier": 0,
        "request": "q11",
        "segment_index": 3
      },
      {
        "cache_owner": "q0",
        "epic_prefix_rows": [
          66,
          102,
          118,
          144,
          147,
          183,
          196,
          246
        ],
        "fingerprint": "544559610dd737d8",
        "length": 256,
        "owner_tier": 0,
        "request": "q11",
        "segment_index": 4
      },
      {
        "cache_owner": "q0",
        "epic_prefix_rows": [
          61,
          117,
          181,
          183,
          191,
          205,
          221,
          241
        ],
        "fingerprint": "719d4f68cfcda7af",
        "length": 256,
        "owner_tier": 0,
        "request": "q11",
        "segment_index": 5
      },
      {
        "cache_owner": "q0",
        "epic_prefix_rows": [
          53,
          61,
          142,
          144,
          149,
          183,
          205,
          245
        ],
        "fingerprint": "de2eea82f07af94b",
        "length": 256,
        "owner_tier": 0,
        "request": "q11",
        "segment_index": 6
      },
      {
        "cache_owner": "q0",
        "epic_prefix_rows": [
          78,
          95,
          117,
          124,
          173,
          176,
          228,
          255
        ],
        "fingerprint": "3df9fb747ee9b3ed",
        "length": 256,
        "owner_tier": 0,
        "request": "q11",
        "segment_index": 7
      },
      {
        "cache_owner": "q0",
        "epic_prefix_rows": [
          56,
          112,
          159,
          196,
          199,
          204,
          236,
          237
        ],
        "fingerprint": "d84e94f761d8f171",
        "length": 256,
        "owner_tier": 0,
        "request": "q11",
        "segment_index": 8
      },
      {
        "cache_owner": "q0",
        "epic_prefix_rows": [
          0,
          47,
          119,
          161,
          162,
          201,
          241,
          249
        ],
        "fingerprint": "e69c516fc2d68c1b",
        "length": 256,
        "owner_tier": 0,
        "request": "q11",
        "segment_index": 9
      },
      {
        "cache_owner": "q0",
        "epic_prefix_rows": [
          20,
          24,
          47,
          102,
          116,
          134,
          208,
          220
        ],
        "fingerprint": "d679790103e8c53b",
        "length": 256,
        "owner_tier": 0,
        "request": "q11",
        "segment_index": 10
      },
      {
        "cache_owner": "q0",
        "epic_prefix_rows": [
          14,
          22,
          57,
          91,
          92,
          119,
          167,
          186
        ],
        "fingerprint": "ef9219752ae977de",
        "length": 256,
        "owner_tier": 0,
        "request": "q11",
        "segment_index": 11
      },
      {
        "cache_owner": "q0",
        "epic_prefix_rows": [
          2,
          4,
          41,
          59,
          66,
          102,
          195,
          238
        ],
        "fingerprint": "804751a4de0897b1",
        "length": 256,
        "owner_tier": 0,
        "request": "q11",
        "segment_index": 12
      },
      {
        "cache_owner": "q0",
        "epic_prefix_rows": [
          0,
          34,
          90,
          101,
          116,
          119,
          195,
          212
        ],
        "fingerprint": "408f7199c5ad6444",
        "length": 256,
        "owner_tier": 0,
        "request": "q11",
        "segment_index": 13
      },
      {
        "cache_owner": "q0",
        "epic_prefix_rows": [
          0,
          14,
          21,
          107,
          137,
          195,
          223,
          243
        ],
        "fingerprint": "0b61bf84de13cf6f",
        "length": 256,
        "owner_tier": 0,
        "request": "q11",
        "segment_index": 14
      },
      {
        "cache_owner": "q0",
        "epic_prefix_rows": [
          47,
          52,
          68,
          128,
          172,
          177,
          188,
          232
        ],
        "fingerprint": "f4cf28fc5b71edf3",
        "length": 256,
        "owner_tier": 0,
        "request": "q11",
        "segment_index": 15
      },
      {
        "cache_owner": "q0",
        "epic_prefix_rows": [
          12,
          52,
          69,
          72,
          106,
          139,
          163,
          194
        ],
        "fingerprint": "f4fdd0e52e878abf",
        "length": 256,
        "owner_tier": 0,
        "request": "q11",
        "segment_index": 16
      },
      {
        "cache_owner": "q0",
        "epic_prefix_rows": [
          54,
          61,
          63,
          103,
          215,
          229,
          240,
          243
        ],
        "fingerprint": "7ba29ac00739c4ea",
        "length": 256,
        "owner_tier": 0,
        "request": "q11",
        "segment_index": 17
      },
      {
        "cache_owner": "q0",
        "epic_prefix_rows": [
          40,
          65,
          91,
          130,
          173,
          193,
          213,
          232
        ],
        "fingerprint": "6c5246339cc01ead",
        "length": 256,
        "owner_tier": 0,
        "request": "q11",
        "segment_index": 18
      },
      {
        "cache_owner": "q0",
        "epic_prefix_rows": [
          12,
          119,
          127,
          171,
          179,
          210,
          232,
          246
        ],
        "fingerprint": "3e13ea33ffd365d2",
        "length": 256,
        "owner_tier": 0,
        "request": "q11",
        "segment_index": 19
      },
      {
        "cache_owner": "q0",
        "epic_prefix_rows": [
          3,
          114,
          123,
          129,
          207,
          219,
          228,
          244
        ],
        "fingerprint": "97a85315f7478ed8",
        "length": 256,
        "owner_tier": 0,
        "request": "q11",
        "segment_index": 20
      },
      {
        "cache_owner": "q0",
        "epic_prefix_rows": [
          72,
          76,
          116,
          145,
          184,
          225,
          243,
          248
        ],
        "fingerprint": "e2f20e8d23ad1f3c",
        "length": 256,
        "owner_tier": 0,
        "request": "q11",
        "segment_index": 21
      },
      {
        "cache_owner": "q0",
        "epic_prefix_rows": [
          18,
          30,
          44,
          62,
          79,
          96,
          153,
          175
        ],
        "fingerprint": "0d5323d6441850a7",
        "length": 256,
        "owner_tier": 0,
        "request": "q11",
        "segment_index": 22
      },
      {
        "cache_owner": "q0",
        "epic_prefix_rows": [
          82,
          96,
          98,
          171,
          199,
          210,
          239,
          254
        ],
        "fingerprint": "2bbeefee3ca77394",
        "length": 256,
        "owner_tier": 0,
        "request": "q11",
        "segment_index": 23
      },
      {
        "cache_owner": "q0",
        "epic_prefix_rows": [
          24,
          85,
          93,
          96,
          167,
          173,
          200,
          222
        ],
        "fingerprint": "28b214a69646c775",
        "length": 256,
        "owner_tier": 0,
        "request": "q11",
        "segment_index": 24
      },
      {
        "cache_owner": "q0",
        "epic_prefix_rows": [
          16,
          77,
          109,
          124,
          162,
          225,
          249,
          252
        ],
        "fingerprint": "196ab37f68eb91dd",
        "length": 256,
        "owner_tier": 0,
        "request": "q11",
        "segment_index": 25
      },
      {
        "cache_owner": "q0",
        "epic_prefix_rows": [
          0,
          22,
          31,
          68,
          100,
          114,
          124,
          226
        ],
        "fingerprint": "b289731a6de14025",
        "length": 256,
        "owner_tier": 0,
        "request": "q11",
        "segment_index": 26
      },
      {
        "cache_owner": "q0",
        "epic_prefix_rows": [
          55,
          83,
          98,
          146,
          173,
          190,
          217,
          252
        ],
        "fingerprint": "1fd8287b40b3ef05",
        "length": 256,
        "owner_tier": 0,
        "request": "q11",
        "segment_index": 27
      },
      {
        "cache_owner": "q0",
        "epic_prefix_rows": [
          34,
          75,
          112,
          162,
          182,
          200,
          224,
          239
        ],
        "fingerprint": "d655032a50b311c0",
        "length": 256,
        "owner_tier": 0,
        "request": "q11",
        "segment_index": 28
      },
      {
        "cache_owner": "q0",
        "epic_prefix_rows": [
          10,
          23,
          58,
          79,
          107,
          188,
          201,
          237
        ],
        "fingerprint": "68aa33941aec615e",
        "length": 256,
        "owner_tier": 0,
        "request": "q11",
        "segment_index": 29
      },
      {
        "cache_owner": "q0",
        "epic_prefix_rows": [
          2,
          44,
          69,
          106,
          107,
          207,
          210,
          211
        ],
        "fingerprint": "57edc36f5adb4077",
        "length": 256,
        "owner_tier": 0,
        "request": "q11",
        "segment_index": 30
      },
      {
        "cache_owner": "q0",
        "epic_prefix_rows": [
          7,
          33,
          40,
          104,
          158,
          194,
          250,
          252
        ],
        "fingerprint": "060fe3cc81c4e614",
        "length": 256,
        "owner_tier": 0,
        "request": "q11",
        "segment_index": 31
      },
      {
        "cache_owner": "q0",
        "epic_prefix_rows": [
          11,
          14,
          42,
          122,
          159,
          184,
          188,
          214
        ],
        "fingerprint": "2c3a90bf49014087",
        "length": 256,
        "owner_tier": 0,
        "request": "q11",
        "segment_index": 32
      },
      {
        "cache_owner": "q0",
        "epic_prefix_rows": [
          56,
          78,
          112,
          132,
          142,
          195,
          228,
          238
        ],
        "fingerprint": "b8b19851f0e91e8b",
        "length": 256,
        "owner_tier": 0,
        "request": "q11",
        "segment_index": 33
      },
      {
        "cache_owner": "q0",
        "epic_prefix_rows": [
          22,
          45,
          79,
          116,
          135,
          161,
          173,
          196
        ],
        "fingerprint": "0a24aa246267ca70",
        "length": 256,
        "owner_tier": 0,
        "request": "q11",
        "segment_index": 34
      },
      {
        "cache_owner": "q0",
        "epic_prefix_rows": [
          12,
          32,
          59,
          163,
          197,
          222,
          245,
          248
        ],
        "fingerprint": "39982a5ac106dc56",
        "length": 256,
        "owner_tier": 0,
        "request": "q11",
        "segment_index": 35
      },
      {
        "cache_owner": "q0",
        "epic_prefix_rows": [
          15,
          16,
          60,
          68,
          72,
          126,
          220,
          222
        ],
        "fingerprint": "5b4fec5265577019",
        "length": 256,
        "owner_tier": 0,
        "request": "q11",
        "segment_index": 36
      },
      {
        "cache_owner": "q0",
        "epic_prefix_rows": [
          59,
          97,
          135,
          139,
          149,
          176,
          191,
          196
        ],
        "fingerprint": "31754f310cc87cb9",
        "length": 256,
        "owner_tier": 0,
        "request": "q11",
        "segment_index": 37
      },
      {
        "cache_owner": "q0",
        "epic_prefix_rows": [
          7,
          11,
          30,
          82,
          132,
          169,
          173,
          253
        ],
        "fingerprint": "17914e14c68c53c7",
        "length": 256,
        "owner_tier": 0,
        "request": "q11",
        "segment_index": 38
      },
      {
        "cache_owner": "q0",
        "epic_prefix_rows": [
          34,
          38,
          50,
          53,
          70,
          128,
          176,
          213
        ],
        "fingerprint": "0d5ec49d1bd3dfc2",
        "length": 256,
        "owner_tier": 0,
        "request": "q11",
        "segment_index": 39
      },
      {
        "cache_owner": "q0",
        "epic_prefix_rows": [
          17,
          49,
          65,
          90,
          111,
          114,
          177,
          248
        ],
        "fingerprint": "c8ca1ee28f153785",
        "length": 256,
        "owner_tier": 0,
        "request": "q11",
        "segment_index": 40
      },
      {
        "cache_owner": "q0",
        "epic_prefix_rows": [
          80,
          102,
          103,
          117,
          137,
          178,
          204,
          224
        ],
        "fingerprint": "d2d59fe199246a8a",
        "length": 256,
        "owner_tier": 0,
        "request": "q11",
        "segment_index": 41
      },
      {
        "cache_owner": "q0",
        "epic_prefix_rows": [
          0,
          42,
          65,
          110,
          141,
          160,
          167,
          238
        ],
        "fingerprint": "f8c3ac43031f479d",
        "length": 256,
        "owner_tier": 0,
        "request": "q11",
        "segment_index": 42
      },
      {
        "cache_owner": "q0",
        "epic_prefix_rows": [
          7,
          17,
          43,
          58,
          85,
          149,
          157,
          165
        ],
        "fingerprint": "1a0ba2ae3b5af048",
        "length": 256,
        "owner_tier": 0,
        "request": "q11",
        "segment_index": 43
      },
      {
        "cache_owner": "q0",
        "epic_prefix_rows": [
          45,
          62,
          103,
          140,
          177,
          209,
          212,
          229
        ],
        "fingerprint": "4efa77b98545d7f9",
        "length": 256,
        "owner_tier": 0,
        "request": "q11",
        "segment_index": 44
      },
      {
        "cache_owner": "q0",
        "epic_prefix_rows": [
          41,
          89,
          123,
          146,
          151,
          165,
          223,
          237
        ],
        "fingerprint": "e8daa9461adadb50",
        "length": 256,
        "owner_tier": 0,
        "request": "q11",
        "segment_index": 45
      },
      {
        "cache_owner": "q0",
        "epic_prefix_rows": [
          4,
          11,
          16,
          39,
          137,
          147,
          160,
          162
        ],
        "fingerprint": "27676fe4288b5092",
        "length": 256,
        "owner_tier": 0,
        "request": "q11",
        "segment_index": 46
      },
      {
        "cache_owner": "q0",
        "epic_prefix_rows": [
          24,
          28,
          71,
          127,
          132,
          143,
          198,
          214
        ],
        "fingerprint": "4628056629d21f29",
        "length": 256,
        "owner_tier": 0,
        "request": "q11",
        "segment_index": 47
      },
      {
        "cache_owner": "q0",
        "epic_prefix_rows": [
          62,
          115,
          129,
          160,
          191,
          216,
          229,
          250
        ],
        "fingerprint": "9e222200b410e430",
        "length": 256,
        "owner_tier": 0,
        "request": "q11",
        "segment_index": 48
      },
      {
        "cache_owner": "q0",
        "epic_prefix_rows": [
          15,
          26,
          41,
          86,
          118,
          122,
          196,
          244
        ],
        "fingerprint": "7753df1b6f8c9278",
        "length": 256,
        "owner_tier": 0,
        "request": "q11",
        "segment_index": 49
      },
      {
        "cache_owner": "q0",
        "epic_prefix_rows": [
          7,
          50,
          65,
          93,
          157,
          185,
          211,
          224
        ],
        "fingerprint": "2601f658cc5d3594",
        "length": 256,
        "owner_tier": 0,
        "request": "q11",
        "segment_index": 50
      },
      {
        "cache_owner": "q0",
        "epic_prefix_rows": [
          63,
          126,
          137,
          144,
          206,
          220,
          241,
          255
        ],
        "fingerprint": "27013d93d3fccf89",
        "length": 256,
        "owner_tier": 0,
        "request": "q11",
        "segment_index": 51
      },
      {
        "cache_owner": "q0",
        "epic_prefix_rows": [
          29,
          77,
          84,
          103,
          113,
          127,
          154,
          182
        ],
        "fingerprint": "6880baf09f037c19",
        "length": 256,
        "owner_tier": 0,
        "request": "q11",
        "segment_index": 52
      },
      {
        "cache_owner": "q0",
        "epic_prefix_rows": [
          13,
          74,
          80,
          92,
          95,
          119,
          128,
          213
        ],
        "fingerprint": "0724e17672a95b93",
        "length": 256,
        "owner_tier": 0,
        "request": "q11",
        "segment_index": 53
      },
      {
        "cache_owner": "q0",
        "epic_prefix_rows": [
          10,
          65,
          86,
          102,
          124,
          126,
          153,
          235
        ],
        "fingerprint": "e3c449fc4cd656ce",
        "length": 256,
        "owner_tier": 0,
        "request": "q11",
        "segment_index": 54
      },
      {
        "cache_owner": "q0",
        "epic_prefix_rows": [
          31,
          85,
          108,
          195,
          197,
          198,
          210,
          252
        ],
        "fingerprint": "274f7d8aacaccf25",
        "length": 256,
        "owner_tier": 0,
        "request": "q11",
        "segment_index": 55
      },
      {
        "cache_owner": "q0",
        "epic_prefix_rows": [
          5,
          41,
          44,
          52,
          64,
          124,
          202,
          230
        ],
        "fingerprint": "146a74171fc8e908",
        "length": 256,
        "owner_tier": 0,
        "request": "q11",
        "segment_index": 56
      },
      {
        "cache_owner": "q0",
        "epic_prefix_rows": [
          39,
          80,
          124,
          132,
          141,
          176,
          202,
          211
        ],
        "fingerprint": "56421c8602f059e6",
        "length": 256,
        "owner_tier": 0,
        "request": "q11",
        "segment_index": 57
      },
      {
        "cache_owner": "q0",
        "epic_prefix_rows": [
          23,
          27,
          34,
          68,
          107,
          127,
          228,
          230
        ],
        "fingerprint": "357ad2bb54f67a0c",
        "length": 256,
        "owner_tier": 0,
        "request": "q11",
        "segment_index": 58
      },
      {
        "cache_owner": "q0",
        "epic_prefix_rows": [
          6,
          75,
          129,
          148,
          152,
          179,
          183,
          187
        ],
        "fingerprint": "008b81b4d6caa9c9",
        "length": 256,
        "owner_tier": 0,
        "request": "q11",
        "segment_index": 59
      },
      {
        "cache_owner": "q0",
        "epic_prefix_rows": [
          11,
          68,
          102,
          154,
          173,
          203,
          242,
          245
        ],
        "fingerprint": "189f6cf46a89a8af",
        "length": 256,
        "owner_tier": 0,
        "request": "q11",
        "segment_index": 60
      },
      {
        "cache_owner": "q0",
        "epic_prefix_rows": [
          71,
          151,
          169,
          178,
          194,
          202,
          225,
          243
        ],
        "fingerprint": "7ee8a980cd5e73db",
        "length": 256,
        "owner_tier": 0,
        "request": "q11",
        "segment_index": 61
      },
      {
        "cache_owner": "q0",
        "epic_prefix_rows": [
          85,
          96,
          110,
          120,
          135,
          152,
          205,
          220
        ],
        "fingerprint": "1e09fc3aa312bedf",
        "length": 256,
        "owner_tier": 0,
        "request": "q11",
        "segment_index": 62
      },
      {
        "cache_owner": "q0",
        "epic_prefix_rows": [
          26,
          71,
          132,
          154,
          174,
          221,
          233,
          243
        ],
        "fingerprint": "e83ba334f98641d8",
        "length": 256,
        "owner_tier": 0,
        "request": "q11",
        "segment_index": 63
      },
      {
        "cache_owner": "q0",
        "epic_prefix_rows": [
          0,
          9,
          35,
          52,
          99,
          103,
          131,
          234
        ],
        "fingerprint": "93ff15fd417be171",
        "length": 256,
        "owner_tier": 0,
        "request": "q11",
        "segment_index": 64
      },
      {
        "cache_owner": "q0",
        "epic_prefix_rows": [
          4,
          8,
          10,
          88,
          94,
          110,
          137,
          184
        ],
        "fingerprint": "014c9a04b4e916be",
        "length": 256,
        "owner_tier": 0,
        "request": "q11",
        "segment_index": 65
      },
      {
        "cache_owner": "q0",
        "epic_prefix_rows": [
          44,
          85,
          120,
          158,
          181,
          185,
          201,
          255
        ],
        "fingerprint": "84398fc658db81a5",
        "length": 256,
        "owner_tier": 0,
        "request": "q11",
        "segment_index": 66
      },
      {
        "cache_owner": "q0",
        "epic_prefix_rows": [
          7,
          12,
          59,
          88,
          106,
          139,
          180,
          221
        ],
        "fingerprint": "05d534e6a81b4210",
        "length": 256,
        "owner_tier": 0,
        "request": "q11",
        "segment_index": 67
      },
      {
        "cache_owner": "q0",
        "epic_prefix_rows": [
          77,
          91,
          94,
          100,
          163,
          196,
          208,
          254
        ],
        "fingerprint": "8c41295e89de23e3",
        "length": 256,
        "owner_tier": 0,
        "request": "q11",
        "segment_index": 68
      },
      {
        "cache_owner": "q0",
        "epic_prefix_rows": [
          1,
          16,
          27,
          43,
          69,
          116,
          214,
          223
        ],
        "fingerprint": "0d6ee10e10def3d2",
        "length": 256,
        "owner_tier": 0,
        "request": "q11",
        "segment_index": 69
      },
      {
        "cache_owner": "q0",
        "epic_prefix_rows": [
          31,
          70,
          96,
          140,
          158,
          161,
          169,
          173
        ],
        "fingerprint": "c1807afb81a20f51",
        "length": 256,
        "owner_tier": 0,
        "request": "q11",
        "segment_index": 70
      },
      {
        "cache_owner": "q0",
        "epic_prefix_rows": [
          39,
          55,
          81,
          138,
          169,
          234,
          246,
          248
        ],
        "fingerprint": "931d7f5b83731cc7",
        "length": 256,
        "owner_tier": 0,
        "request": "q11",
        "segment_index": 71
      },
      {
        "cache_owner": "q0",
        "epic_prefix_rows": [
          57,
          64,
          81,
          132,
          207,
          214,
          215,
          229
        ],
        "fingerprint": "de3ba4f43ce3a094",
        "length": 256,
        "owner_tier": 0,
        "request": "q11",
        "segment_index": 72
      },
      {
        "cache_owner": "q0",
        "epic_prefix_rows": [
          51,
          57,
          95,
          134,
          141,
          150,
          217,
          246
        ],
        "fingerprint": "549b6eeef884e61d",
        "length": 256,
        "owner_tier": 0,
        "request": "q11",
        "segment_index": 73
      },
      {
        "cache_owner": "q0",
        "epic_prefix_rows": [
          4,
          7,
          20,
          38,
          56,
          62,
          70,
          182
        ],
        "fingerprint": "8f21a2b7cbc6a1cc",
        "length": 256,
        "owner_tier": 0,
        "request": "q11",
        "segment_index": 74
      },
      {
        "cache_owner": "q0",
        "epic_prefix_rows": [
          13,
          43,
          71,
          160,
          197,
          200,
          208,
          246
        ],
        "fingerprint": "3327eb88b326572c",
        "length": 256,
        "owner_tier": 0,
        "request": "q11",
        "segment_index": 75
      },
      {
        "cache_owner": "q0",
        "epic_prefix_rows": [
          14,
          24,
          67,
          107,
          115,
          152,
          204,
          211
        ],
        "fingerprint": "828afffd0287a7fd",
        "length": 256,
        "owner_tier": 0,
        "request": "q11",
        "segment_index": 76
      },
      {
        "cache_owner": "q0",
        "epic_prefix_rows": [
          28,
          65,
          74,
          86,
          106,
          207,
          208,
          228
        ],
        "fingerprint": "2e40f41c46618477",
        "length": 256,
        "owner_tier": 0,
        "request": "q11",
        "segment_index": 77
      },
      {
        "cache_owner": "q0",
        "epic_prefix_rows": [
          4,
          45,
          108,
          129,
          137,
          147,
          206,
          240
        ],
        "fingerprint": "38fd9d00b6d09b58",
        "length": 256,
        "owner_tier": 0,
        "request": "q11",
        "segment_index": 78
      },
      {
        "cache_owner": "q0",
        "epic_prefix_rows": [
          5,
          26,
          35,
          58,
          68,
          72,
          79,
          145
        ],
        "fingerprint": "01ef803e6ca17df7",
        "length": 256,
        "owner_tier": 0,
        "request": "q11",
        "segment_index": 79
      },
      {
        "cache_owner": "q0",
        "epic_prefix_rows": [
          3,
          32,
          44,
          74,
          165,
          169,
          170,
          190
        ],
        "fingerprint": "70b457c38f944354",
        "length": 256,
        "owner_tier": 0,
        "request": "q11",
        "segment_index": 80
      },
      {
        "cache_owner": "q0",
        "epic_prefix_rows": [
          41,
          43,
          106,
          129,
          169,
          230,
          240,
          248
        ],
        "fingerprint": "e2614c2dedf4cf58",
        "length": 256,
        "owner_tier": 0,
        "request": "q11",
        "segment_index": 81
      },
      {
        "cache_owner": "q0",
        "epic_prefix_rows": [
          37,
          112,
          161,
          196,
          206,
          218,
          224,
          245
        ],
        "fingerprint": "b1ab14bf7fe90b52",
        "length": 256,
        "owner_tier": 0,
        "request": "q11",
        "segment_index": 82
      },
      {
        "cache_owner": "q0",
        "epic_prefix_rows": [
          17,
          36,
          73,
          75,
          79,
          160,
          196,
          204
        ],
        "fingerprint": "19b2326032573ee0",
        "length": 256,
        "owner_tier": 0,
        "request": "q11",
        "segment_index": 83
      },
      {
        "cache_owner": "q0",
        "epic_prefix_rows": [
          34,
          59,
          137,
          154,
          163,
          180,
          205,
          244
        ],
        "fingerprint": "f97f30f9dca3b30d",
        "length": 256,
        "owner_tier": 0,
        "request": "q11",
        "segment_index": 84
      },
      {
        "cache_owner": "q0",
        "epic_prefix_rows": [
          3,
          19,
          118,
          175,
          176,
          187,
          196,
          238
        ],
        "fingerprint": "9b66baa8d351f5fb",
        "length": 256,
        "owner_tier": 0,
        "request": "q11",
        "segment_index": 85
      },
      {
        "cache_owner": "q1",
        "epic_prefix_rows": [
          12,
          39,
          56,
          124,
          127,
          188,
          222,
          243
        ],
        "fingerprint": "1393d94e264cb21d",
        "length": 256,
        "owner_tier": 0,
        "request": "q11",
        "segment_index": 86
      },
      {
        "cache_owner": "q10",
        "epic_prefix_rows": [
          20,
          57,
          92,
          137,
          174,
          183,
          187,
          248
        ],
        "fingerprint": "5994a888fff74396",
        "length": 256,
        "owner_tier": 0,
        "request": "q11",
        "segment_index": 87
      },
      {
        "cache_owner": "q10",
        "epic_prefix_rows": [
          0,
          22,
          82,
          120,
          176,
          214,
          244,
          247
        ],
        "fingerprint": "7340d25484ecfb18",
        "length": 256,
        "owner_tier": 0,
        "request": "q11",
        "segment_index": 88
      },
      {
        "cache_owner": "q10",
        "epic_prefix_rows": [
          13,
          84,
          109,
          147,
          197,
          232,
          245,
          247
        ],
        "fingerprint": "6a4062e9346a79d0",
        "length": 256,
        "owner_tier": 0,
        "request": "q11",
        "segment_index": 89
      },
      {
        "cache_owner": "q10",
        "epic_prefix_rows": [
          73,
          88,
          161,
          167,
          200,
          219,
          220,
          226
        ],
        "fingerprint": "310d98fa063059f6",
        "length": 256,
        "owner_tier": 0,
        "request": "q11",
        "segment_index": 90
      },
      {
        "cache_owner": "q10",
        "epic_prefix_rows": [
          108,
          121,
          123,
          130,
          151,
          188,
          190,
          195
        ],
        "fingerprint": "7f08b641340dd17c",
        "length": 256,
        "owner_tier": 0,
        "request": "q11",
        "segment_index": 91
      },
      {
        "cache_owner": "q10",
        "epic_prefix_rows": [
          73,
          74,
          121,
          124,
          131,
          164,
          172,
          233
        ],
        "fingerprint": "264864c692eeca8a",
        "length": 256,
        "owner_tier": 0,
        "request": "q11",
        "segment_index": 92
      },
      {
        "cache_owner": "q10",
        "epic_prefix_rows": [
          58,
          88,
          92,
          104,
          127,
          183,
          228,
          245
        ],
        "fingerprint": "e155baafb2c3e476",
        "length": 256,
        "owner_tier": 0,
        "request": "q11",
        "segment_index": 93
      },
      {
        "cache_owner": "q10",
        "epic_prefix_rows": [
          45,
          103,
          107,
          139,
          150,
          181,
          199,
          254
        ],
        "fingerprint": "d029c68480eecff2",
        "length": 256,
        "owner_tier": 0,
        "request": "q11",
        "segment_index": 94
      },
      {
        "cache_owner": "q10",
        "epic_prefix_rows": [
          10,
          22,
          83,
          98,
          100,
          161,
          208,
          234
        ],
        "fingerprint": "ece1f5f22a91f207",
        "length": 256,
        "owner_tier": 0,
        "request": "q11",
        "segment_index": 95
      },
      {
        "cache_owner": "q0",
        "epic_prefix_rows": [],
        "fingerprint": "b4818fcedac6bc88",
        "length": 300,
        "owner_tier": 0,
        "request": "q2",
        "segment_index": 0
      },
      {
        "cache_owner": "q0",
        "epic_prefix_rows": [
          27,
          41,
          128,
          147,
          160,
          197,
          214,
          249
        ],
        "fingerprint": "760fd9ddb6470dd1",
        "length": 256,
        "owner_tier": 0,
        "request": "q2",
        "segment_index": 1
      },
      {
        "cache_owner": "q0",
        "epic_prefix_rows": [
          30,
          58,
          81,
          136,
          158,
          171,
          212,
          224
        ],
        "fingerprint": "7505c29ddf4c54c5",
        "length": 256,
        "owner_tier": 0,
        "request": "q2",
        "segment_index": 2
      },
      {
        "cache_owner": "q0",
        "epic_prefix_rows": [
          8,
          41,
          45,
          46,
          112,
          169,
          191,
          246
        ],
        "fingerprint": "914756b1ef8c4266",
        "length": 256,
        "owner_tier": 0,
        "request": "q2",
        "segment_index": 3
      },
      {
        "cache_owner": "q0",
        "epic_prefix_rows": [
          10,
          21,
          46,
          48,
          49,
          120,
          159,
          200
        ],
        "fingerprint": "f80c33b8ee010c22",
        "length": 256,
        "owner_tier": 0,
        "request": "q2",
        "segment_index": 4
      },
      {
        "cache_owner": "q0",
        "epic_prefix_rows": [
          65,
          70,
          81,
          94,
          101,
          115,
          142,
          151
        ],
        "fingerprint": "a5918e4687c97f7e",
        "length": 256,
        "owner_tier": 0,
        "request": "q2",
        "segment_index": 5
      },
      {
        "cache_owner": "q0",
        "epic_prefix_rows": [
          66,
          74,
          104,
          116,
          132,
          138,
          155,
          253
        ],
        "fingerprint": "2b4e7732607841e2",
        "length": 256,
        "owner_tier": 0,
        "request": "q2",
        "segment_index": 6
      },
      {
        "cache_owner": "q0",
        "epic_prefix_rows": [
          8,
          40,
          69,
          93,
          101,
          179,
          208,
          245
        ],
        "fingerprint": "9e4aeb4914ddd394",
        "length": 256,
        "owner_tier": 0,
        "request": "q2",
        "segment_index": 7
      },
      {
        "cache_owner": "q0",
        "epic_prefix_rows": [
          2,
          41,
          64,
          73,
          106,
          112,
          138,
          142
        ],
        "fingerprint": "6334e6823b55d024",
        "length": 256,
        "owner_tier": 0,
        "request": "q2",
        "segment_index": 8
      },
      {
        "cache_owner": "q0",
        "epic_prefix_rows": [
          1,
          21,
          65,
          74,
          112,
          163,
          214,
          248
        ],
        "fingerprint": "307e02ba0c9c8db6",
        "length": 256,
        "owner_tier": 0,
        "request": "q2",
        "segment_index": 9
      },
      {
        "cache_owner": "q0",
        "epic_prefix_rows": [
          51,
          89,
          96,
          118,
          140,
          162,
          226,
          233
        ],
        "fingerprint": "d8e088676ac0e994",
        "length": 256,
        "owner_tier": 0,
        "request": "q2",
        "segment_index": 10
      },
      {
        "cache_owner": "q0",
        "epic_prefix_rows": [
          111,
          139,
          144,
          146,
          179,
          180,
          200,
          250
        ],
        "fingerprint": "eba00dddf332f864",
        "length": 256,
        "owner_tier": 0,
        "request": "q2",
        "segment_index": 11
      },
      {
        "cache_owner": "q0",
        "epic_prefix_rows": [
          33,
          48,
          58,
          70,
          73,
          89,
          192,
          235
        ],
        "fingerprint": "16ff367edf27a427",
        "length": 256,
        "owner_tier": 0,
        "request": "q2",
        "segment_index": 12
      },
      {
        "cache_owner": "q0",
        "epic_prefix_rows": [
          35,
          90,
          99,
          133,
          135,
          167,
          216,
          225
        ],
        "fingerprint": "544559610dd737d8",
        "length": 256,
        "owner_tier": 0,
        "request": "q2",
        "segment_index": 13
      },
      {
        "cache_owner": "q0",
        "epic_prefix_rows": [
          17,
          26,
          64,
          77,
          176,
          192,
          196,
          199
        ],
        "fingerprint": "719d4f68cfcda7af",
        "length": 256,
        "owner_tier": 0,
        "request": "q2",
        "segment_index": 14
      },
      {
        "cache_owner": "q0",
        "epic_prefix_rows": [
          44,
          104,
          107,
          156,
          200,
          212,
          227,
          239
        ],
        "fingerprint": "de2eea82f07af94b",
        "length": 256,
        "owner_tier": 0,
        "request": "q2",
        "segment_index": 15
      },
      {
        "cache_owner": "q0",
        "epic_prefix_rows": [
          16,
          49,
          62,
          85,
          103,
          119,
          205,
          238
        ],
        "fingerprint": "3df9fb747ee9b3ed",
        "length": 256,
        "owner_tier": 0,
        "request": "q2",
        "segment_index": 16
      },
      {
        "cache_owner": "q0",
        "epic_prefix_rows": [
          35,
          48,
          101,
          108,
          111,
          123,
          193,
          208
        ],
        "fingerprint": "d84e94f761d8f171",
        "length": 256,
        "owner_tier": 0,
        "request": "q2",
        "segment_index": 17
      },
      {
        "cache_owner": "q0",
        "epic_prefix_rows": [
          46,
          51,
          66,
          98,
          99,
          202,
          220,
          251
        ],
        "fingerprint": "e69c516fc2d68c1b",
        "length": 256,
        "owner_tier": 0,
        "request": "q2",
        "segment_index": 18
      },
      {
        "cache_owner": "q0",
        "epic_prefix_rows": [
          14,
          17,
          101,
          105,
          134,
          176,
          179,
          241
        ],
        "fingerprint": "d679790103e8c53b",
        "length": 256,
        "owner_tier": 0,
        "request": "q2",
        "segment_index": 19
      },
      {
        "cache_owner": "q0",
        "epic_prefix_rows": [
          3,
          73,
          108,
          110,
          121,
          225,
          232,
          241
        ],
        "fingerprint": "ef9219752ae977de",
        "length": 256,
        "owner_tier": 0,
        "request": "q2",
        "segment_index": 20
      },
      {
        "cache_owner": "q0",
        "epic_prefix_rows": [
          45,
          46,
          63,
          141,
          148,
          152,
          168,
          200
        ],
        "fingerprint": "804751a4de0897b1",
        "length": 256,
        "owner_tier": 0,
        "request": "q2",
        "segment_index": 21
      },
      {
        "cache_owner": "q0",
        "epic_prefix_rows": [
          9,
          45,
          69,
          117,
          122,
          189,
          209,
          254
        ],
        "fingerprint": "408f7199c5ad6444",
        "length": 256,
        "owner_tier": 0,
        "request": "q2",
        "segment_index": 22
      },
      {
        "cache_owner": "q0",
        "epic_prefix_rows": [
          59,
          73,
          74,
          144,
          163,
          164,
          189,
          248
        ],
        "fingerprint": "0b61bf84de13cf6f",
        "length": 256,
        "owner_tier": 0,
        "request": "q2",
        "segment_index": 23
      },
      {
        "cache_owner": "q0",
        "epic_prefix_rows": [
          38,
          98,
          102,
          151,
          184,
          193,
          202,
          217
        ],
        "fingerprint": "f4cf28fc5b71edf3",
        "length": 256,
        "owner_tier": 0,
        "request": "q2",
        "segment_index": 24
      },
      {
        "cache_owner": "q0",
        "epic_prefix_rows": [
          18,
          39,
          73,
          79,
          96,
          147,
          225,
          250
        ],
        "fingerprint": "f4fdd0e52e878abf",
        "length": 256,
        "owner_tier": 0,
        "request": "q2",
        "segment_index": 25
      },
      {
        "cache_owner": "q0",
        "epic_prefix_rows": [
          59,
          76,
          79,
          80,
          108,
          135,
          179,
          219
        ],
        "fingerprint": "7ba29ac00739c4ea",
        "length": 256,
        "owner_tier": 0,
        "request": "q2",
        "segment_index": 26
      },
      {
        "cache_owner": "q0",
        "epic_prefix_rows": [
          19,
          43,
          71,
          91,
          153,
          216,
          226,
          240
        ],
        "fingerprint": "6c5246339cc01ead",
        "length": 256,
        "owner_tier": 0,
        "request": "q2",
        "segment_index": 27
      },
      {
        "cache_owner": "q0",
        "epic_prefix_rows": [
          15,
          21,
          44,
          50,
          51,
          125,
          187,
          253
        ],
        "fingerprint": "3e13ea33ffd365d2",
        "length": 256,
        "owner_tier": 0,
        "request": "q2",
        "segment_index": 28
      },
      {
        "cache_owner": "q0",
        "epic_prefix_rows": [
          62,
          81,
          83,
          121,
          131,
          133,
          192,
          238
        ],
        "fingerprint": "97a85315f7478ed8",
        "length": 256,
        "owner_tier": 0,
        "request": "q2",
        "segment_index": 29
      },
      {
        "cache_owner": "q0",
        "epic_prefix_rows": [
          6,
          34,
          73,
          79,
          90,
          115,
          124,
          254
        ],
        "fingerprint": "e2f20e8d23ad1f3c",
        "length": 256,
        "owner_tier": 0,
        "request": "q2",
        "segment_index": 30
      },
      {
        "cache_owner": "q0",
        "epic_prefix_rows": [
          21,
          48,
          54,
          132,
          138,
          143,
          214,
          239
        ],
        "fingerprint": "0d5323d6441850a7",
        "length": 256,
        "owner_tier": 0,
        "request": "q2",
        "segment_index": 31
      },
      {
        "cache_owner": "q0",
        "epic_prefix_rows": [
          30,
          38,
          72,
          130,
          170,
          177,
          208,
          231
        ],
        "fingerprint": "2bbeefee3ca77394",
        "length": 256,
        "owner_tier": 0,
        "request": "q2",
        "segment_index": 32
      },
      {
        "cache_owner": "q0",
        "epic_prefix_rows": [
          11,
          45,
          73,
          108,
          123,
          126,
          151,
          199
        ],
        "fingerprint": "28b214a69646c775",
        "length": 256,
        "owner_tier": 0,
        "request": "q2",
        "segment_index": 33
      },
      {
        "cache_owner": "q0",
        "epic_prefix_rows": [
          5,
          66,
          109,
          128,
          163,
          169,
          215,
          231
        ],
        "fingerprint": "196ab37f68eb91dd",
        "length": 256,
        "owner_tier": 0,
        "request": "q2",
        "segment_index": 34
      },
      {
        "cache_owner": "q0",
        "epic_prefix_rows": [
          48,
          102,
          121,
          134,
          138,
          152,
          198,
          227
        ],
        "fingerprint": "b289731a6de14025",
        "length": 256,
        "owner_tier": 0,
        "request": "q2",
        "segment_index": 35
      },
      {
        "cache_owner": "q0",
        "epic_prefix_rows": [
          13,
          43,
          74,
          156,
          188,
          197,
          229,
          230
        ],
        "fingerprint": "1fd8287b40b3ef05",
        "length": 256,
        "owner_tier": 0,
        "request": "q2",
        "segment_index": 36
      },
      {
        "cache_owner": "q0",
        "epic_prefix_rows": [
          3,
          26,
          82,
          99,
          136,
          146,
          217,
          239
        ],
        "fingerprint": "d655032a50b311c0",
        "length": 256,
        "owner_tier": 0,
        "request": "q2",
        "segment_index": 37
      },
      {
        "cache_owner": "q0",
        "epic_prefix_rows": [
          54,
          101,
          131,
          135,
          197,
          206,
          241,
          248
        ],
        "fingerprint": "68aa33941aec615e",
        "length": 256,
        "owner_tier": 0,
        "request": "q2",
        "segment_index": 38
      },
      {
        "cache_owner": "q0",
        "epic_prefix_rows": [
          7,
          67,
          88,
          106,
          133,
          137,
          173,
          254
        ],
        "fingerprint": "57edc36f5adb4077",
        "length": 256,
        "owner_tier": 0,
        "request": "q2",
        "segment_index": 39
      },
      {
        "cache_owner": "q0",
        "epic_prefix_rows": [
          15,
          55,
          98,
          158,
          165,
          169,
          210,
          223
        ],
        "fingerprint": "060fe3cc81c4e614",
        "length": 256,
        "owner_tier": 0,
        "request": "q2",
        "segment_index": 40
      },
      {
        "cache_owner": "q0",
        "epic_prefix_rows": [
          63,
          65,
          88,
          127,
          181,
          183,
          226,
          241
        ],
        "fingerprint": "2c3a90bf49014087",
        "length": 256,
        "owner_tier": 0,
        "request": "q2",
        "segment_index": 41
      },
      {
        "cache_owner": "q0",
        "epic_prefix_rows": [
          44,
          54,
          67,
          186,
          209,
          218,
          223,
          231
        ],
        "fingerprint": "b8b19851f0e91e8b",
        "length": 256,
        "owner_tier": 0,
        "request": "q2",
        "segment_index": 42
      },
      {
        "cache_owner": "q0",
        "epic_prefix_rows": [
          7,
          29,
          49,
          121,
          197,
          201,
          215,
          245
        ],
        "fingerprint": "0a24aa246267ca70",
        "length": 256,
        "owner_tier": 0,
        "request": "q2",
        "segment_index": 43
      },
      {
        "cache_owner": "q0",
        "epic_prefix_rows": [
          0,
          63,
          73,
          87,
          142,
          151,
          154,
          172
        ],
        "fingerprint": "39982a5ac106dc56",
        "length": 256,
        "owner_tier": 0,
        "request": "q2",
        "segment_index": 44
      },
      {
        "cache_owner": "q0",
        "epic_prefix_rows": [
          0,
          47,
          101,
          124,
          172,
          173,
          191,
          231
        ],
        "fingerprint": "5b4fec5265577019",
        "length": 256,
        "owner_tier": 0,
        "request": "q2",
        "segment_index": 45
      },
      {
        "cache_owner": "q0",
        "epic_prefix_rows": [
          2,
          7,
          52,
          87,
          133,
          204,
          230,
          236
        ],
        "fingerprint": "31754f310cc87cb9",
        "length": 256,
        "owner_tier": 0,
        "request": "q2",
        "segment_index": 46
      },
      {
        "cache_owner": "q0",
        "epic_prefix_rows": [
          47,
          52,
          54,
          58,
          106,
          154,
          159,
          168
        ],
        "fingerprint": "17914e14c68c53c7",
        "length": 256,
        "owner_tier": 0,
        "request": "q2",
        "segment_index": 47
      },
      {
        "cache_owner": "q0",
        "epic_prefix_rows": [
          31,
          56,
          84,
          125,
          132,
          147,
          227,
          238
        ],
        "fingerprint": "0d5ec49d1bd3dfc2",
        "length": 256,
        "owner_tier": 0,
        "request": "q2",
        "segment_index": 48
      },
      {
        "cache_owner": "q0",
        "epic_prefix_rows": [
          8,
          13,
          51,
          62,
          85,
          158,
          193,
          225
        ],
        "fingerprint": "c8ca1ee28f153785",
        "length": 256,
        "owner_tier": 0,
        "request": "q2",
        "segment_index": 49
      },
      {
        "cache_owner": "q0",
        "epic_prefix_rows": [
          42,
          106,
          117,
          131,
          188,
          195,
          196,
          237
        ],
        "fingerprint": "d2d59fe199246a8a",
        "length": 256,
        "owner_tier": 0,
        "request": "q2",
        "segment_index": 50
      },
      {
        "cache_owner": "q0",
        "epic_prefix_rows": [
          4,
          95,
          119,
          145,
          160,
          177,
          215,
          217
        ],
        "fingerprint": "f8c3ac43031f479d",
        "length": 256,
        "owner_tier": 0,
        "request": "q2",
        "segment_index": 51
      },
      {
        "cache_owner": "q0",
        "epic_prefix_rows": [
          83,
          95,
          113,
          129,
          139,
          176,
          239,
          242
        ],
        "fingerprint": "1a0ba2ae3b5af048",
        "length": 256,
        "owner_tier": 0,
        "request": "q2",
        "segment_index": 52
      },
      {
        "cache_owner": "q0",
        "epic_prefix_rows": [
          10,
          11,
          126,
          146,
          165,
          190,
          236,
          242
        ],
        "fingerprint": "4efa77b98545d7f9",
        "length": 256,
        "owner_tier": 0,
        "request": "q2",
        "segment_index": 53
      },
      {
        "cache_owner": "q0",
        "epic_prefix_rows": [
          16,
          52,
          68,
          93,
          101,
          169,
          199,
          235
        ],
        "fingerprint": "e8daa9461adadb50",
        "length": 256,
        "owner_tier": 0,
        "request": "q2",
        "segment_index": 54
      },
      {
        "cache_owner": "q0",
        "epic_prefix_rows": [
          6,
          101,
          104,
          188,
          211,
          225,
          239,
          251
        ],
        "fingerprint": "27676fe4288b5092",
        "length": 256,
        "owner_tier": 0,
        "request": "q2",
        "segment_index": 55
      },
      {
        "cache_owner": "q0",
        "epic_prefix_rows": [
          34,
          40,
          44,
          67,
          106,
          142,
          207,
          251
        ],
        "fingerprint": "4628056629d21f29",
        "length": 256,
        "owner_tier": 0,
        "request": "q2",
        "segment_index": 56
      },
      {
        "cache_owner": "q0",
        "epic_prefix_rows": [
          1,
          11,
          101,
          151,
          175,
          214,
          219,
          244
        ],
        "fingerprint": "9e222200b410e430",
        "length": 256,
        "owner_tier": 0,
        "request": "q2",
        "segment_index": 57
      },
      {
        "cache_owner": "q0",
        "epic_prefix_rows": [
          19,
          32,
          44,
          145,
          177,
          194,
          211,
          229
        ],
        "fingerprint": "7753df1b6f8c9278",
        "length": 256,
        "owner_tier": 0,
        "request": "q2",
        "segment_index": 58
      },
      {
        "cache_owner": "q0",
        "epic_prefix_rows": [
          0,
          118,
          144,
          147,
          195,
          205,
          222,
          248
        ],
        "fingerprint": "2601f658cc5d3594",
        "length": 256,
        "owner_tier": 0,
        "request": "q2",
        "segment_index": 59
      },
      {
        "cache_owner": "q0",
        "epic_prefix_rows": [
          78,
          154,
          189,
          202,
          204,
          220,
          240,
          248
        ],
        "fingerprint": "27013d93d3fccf89",
        "length": 256,
        "owner_tier": 0,
        "request": "q2",
        "segment_index": 60
      },
      {
        "cache_owner": "q0",
        "epic_prefix_rows": [
          19,
          87,
          155,
          177,
          214,
          217,
          224,
          225
        ],
        "fingerprint": "6880baf09f037c19",
        "length": 256,
        "owner_tier": 0,
        "request": "q2",
        "segment_index": 61
      },
      {
        "cache_owner": "q0",
        "epic_prefix_rows": [
          12,
          33,
          116,
          118,
          158,
          169,
          173,
          192
        ],
        "fingerprint": "0724e17672a95b93",
        "length": 256,
        "owner_tier": 0,
        "request": "q2",
        "segment_index": 62
      },
      {
        "cache_owner": "q0",
        "epic_prefix_rows": [
          16,
          35,
          50,
          79,
          90,
          93,
          117,
          254
        ],
        "fingerprint": "e3c449fc4cd656ce",
        "length": 256,
        "owner_tier": 0,
        "request": "q2",
        "segment_index": 63
      },
      {
        "cache_owner": "q0",
        "epic_prefix_rows": [
          5,
          91,
          148,
          159,
          203,
          220,
          223,
          225
        ],
        "fingerprint": "274f7d8aacaccf25",
        "length": 256,
        "owner_tier": 0,
        "request": "q2",
        "segment_index": 64
      },
      {
        "cache_owner": "q0",
        "epic_prefix_rows": [
          19,
          54,
          59,
          80,
          81,
          144,
          242,
          245
        ],
        "fingerprint": "146a74171fc8e908",
        "length": 256,
        "owner_tier": 0,
        "request": "q2",
        "segment_index": 65
      },
      {
        "cache_owner": "q0",
        "epic_prefix_rows": [
          16,
          34,
          136,
          154,
          156,
          169,
          200,
          236
        ],
        "fingerprint": "56421c8602f059e6",
        "length": 256,
        "owner_tier": 0,
        "request": "q2",
        "segment_index": 66
      },
      {
        "cache_owner": "q0",
        "epic_prefix_rows": [
          30,
          34,
          105,
          112,
          150,
          158,
          193,
          232
        ],
        "fingerprint": "357ad2bb54f67a0c",
        "length": 256,
        "owner_tier": 0,
        "request": "q2",
        "segment_index": 67
      },
      {
        "cache_owner": "q0",
        "epic_prefix_rows": [
          3,
          20,
          21,
          46,
          150,
          158,
          188,
          217
        ],
        "fingerprint": "008b81b4d6caa9c9",
        "length": 256,
        "owner_tier": 0,
        "request": "q2",
        "segment_index": 68
      },
      {
        "cache_owner": "q0",
        "epic_prefix_rows": [
          0,
          16,
          22,
          29,
          41,
          79,
          86,
          240
        ],
        "fingerprint": "189f6cf46a89a8af",
        "length": 256,
        "owner_tier": 0,
        "request": "q2",
        "segment_index": 69
      },
      {
        "cache_owner": "q0",
        "epic_prefix_rows": [
          10,
          33,
          39,
          52,
          59,
          69,
          71,
          103
        ],
        "fingerprint": "7ee8a980cd5e73db",
        "length": 256,
        "owner_tier": 0,
        "request": "q2",
        "segment_index": 70
      },
      {
        "cache_owner": "q0",
        "epic_prefix_rows": [
          41,
          51,
          58,
          86,
          221,
          228,
          242,
          249
        ],
        "fingerprint": "1e09fc3aa312bedf",
        "length": 256,
        "owner_tier": 0,
        "request": "q2",
        "segment_index": 71
      },
      {
        "cache_owner": "q0",
        "epic_prefix_rows": [
          17,
          41,
          52,
          66,
          70,
          127,
          190,
          216
        ],
        "fingerprint": "e83ba334f98641d8",
        "length": 256,
        "owner_tier": 0,
        "request": "q2",
        "segment_index": 72
      },
      {
        "cache_owner": "q0",
        "epic_prefix_rows": [
          46,
          48,
          123,
          157,
          165,
          190,
          193,
          200
        ],
        "fingerprint": "93ff15fd417be171",
        "length": 256,
        "owner_tier": 0,
        "request": "q2",
        "segment_index": 73
      },
      {
        "cache_owner": "q0",
        "epic_prefix_rows": [
          4,
          10,
          78,
          145,
          180,
          186,
          191,
          207
        ],
        "fingerprint": "014c9a04b4e916be",
        "length": 256,
        "owner_tier": 0,
        "request": "q2",
        "segment_index": 74
      },
      {
        "cache_owner": "q0",
        "epic_prefix_rows": [
          0,
          59,
          70,
          73,
          95,
          107,
          131,
          250
        ],
        "fingerprint": "84398fc658db81a5",
        "length": 256,
        "owner_tier": 0,
        "request": "q2",
        "segment_index": 75
      },
      {
        "cache_owner": "q0",
        "epic_prefix_rows": [
          20,
          64,
          71,
          88,
          133,
          141,
          179,
          247
        ],
        "fingerprint": "05d534e6a81b4210",
        "length": 256,
        "owner_tier": 0,
        "request": "q2",
        "segment_index": 76
      },
      {
        "cache_owner": "q0",
        "epic_prefix_rows": [
          48,
          74,
          97,
          102,
          128,
          164,
          165,
          253
        ],
        "fingerprint": "8c41295e89de23e3",
        "length": 256,
        "owner_tier": 0,
        "request": "q2",
        "segment_index": 77
      },
      {
        "cache_owner": "q0",
        "epic_prefix_rows": [
          52,
          59,
          124,
          140,
          180,
          182,
          198,
          204
        ],
        "fingerprint": "0d6ee10e10def3d2",
        "length": 256,
        "owner_tier": 0,
        "request": "q2",
        "segment_index": 78
      },
      {
        "cache_owner": "q0",
        "epic_prefix_rows": [
          16,
          17,
          81,
          118,
          138,
          169,
          201,
          215
        ],
        "fingerprint": "c1807afb81a20f51",
        "length": 256,
        "owner_tier": 0,
        "request": "q2",
        "segment_index": 79
      },
      {
        "cache_owner": "q0",
        "epic_prefix_rows": [
          3,
          23,
          40,
          134,
          136,
          137,
          171,
          213
        ],
        "fingerprint": "931d7f5b83731cc7",
        "length": 256,
        "owner_tier": 0,
        "request": "q2",
        "segment_index": 80
      },
      {
        "cache_owner": "q0",
        "epic_prefix_rows": [
          58,
          87,
          91,
          102,
          116,
          129,
          189,
          254
        ],
        "fingerprint": "de3ba4f43ce3a094",
        "length": 256,
        "owner_tier": 0,
        "request": "q2",
        "segment_index": 81
      },
      {
        "cache_owner": "q0",
        "epic_prefix_rows": [
          2,
          15,
          21,
          37,
          81,
          132,
          146,
          208
        ],
        "fingerprint": "549b6eeef884e61d",
        "length": 256,
        "owner_tier": 0,
        "request": "q2",
        "segment_index": 82
      },
      {
        "cache_owner": "q0",
        "epic_prefix_rows": [
          16,
          88,
          97,
          101,
          119,
          168,
          207,
          232
        ],
        "fingerprint": "8f21a2b7cbc6a1cc",
        "length": 256,
        "owner_tier": 0,
        "request": "q2",
        "segment_index": 83
      },
      {
        "cache_owner": "q0",
        "epic_prefix_rows": [
          8,
          59,
          95,
          171,
          177,
          186,
          214,
          230
        ],
        "fingerprint": "3327eb88b326572c",
        "length": 256,
        "owner_tier": 0,
        "request": "q2",
        "segment_index": 84
      },
      {
        "cache_owner": "q0",
        "epic_prefix_rows": [
          7,
          96,
          116,
          197,
          200,
          211,
          245,
          253
        ],
        "fingerprint": "828afffd0287a7fd",
        "length": 256,
        "owner_tier": 0,
        "request": "q2",
        "segment_index": 85
      },
      {
        "cache_owner": "q0",
        "epic_prefix_rows": [
          32,
          78,
          82,
          109,
          129,
          195,
          219,
          227
        ],
        "fingerprint": "2e40f41c46618477",
        "length": 256,
        "owner_tier": 0,
        "request": "q2",
        "segment_index": 86
      },
      {
        "cache_owner": "q0",
        "epic_prefix_rows": [
          1,
          50,
          78,
          81,
          90,
          94,
          128,
          154
        ],
        "fingerprint": "38fd9d00b6d09b58",
        "length": 256,
        "owner_tier": 0,
        "request": "q2",
        "segment_index": 87
      },
      {
        "cache_owner": "q0",
        "epic_prefix_rows": [
          61,
          131,
          164,
          203,
          215,
          217,
          237,
          251
        ],
        "fingerprint": "01ef803e6ca17df7",
        "length": 256,
        "owner_tier": 0,
        "request": "q2",
        "segment_index": 88
      },
      {
        "cache_owner": "q0",
        "epic_prefix_rows": [
          11,
          128,
          129,
          131,
          145,
          161,
          192,
          255
        ],
        "fingerprint": "70b457c38f944354",
        "length": 256,
        "owner_tier": 0,
        "request": "q2",
        "segment_index": 89
      },
      {
        "cache_owner": "q0",
        "epic_prefix_rows": [
          11,
          18,
          43,
          103,
          139,
          208,
          212,
          216
        ],
        "fingerprint": "e2614c2dedf4cf58",
        "length": 256,
        "owner_tier": 0,
        "request": "q2",
        "segment_index": 90
      },
      {
        "cache_owner": "q0",
        "epic_prefix_rows": [
          13,
          15,
          142,
          179,
          199,
          227,
          241,
          252
        ],
        "fingerprint": "b1ab14bf7fe90b52",
        "length": 256,
        "owner_tier": 0,
        "request": "q2",
        "segment_index": 91
      },
      {
        "cache_owner": "q0",
        "epic_prefix_rows": [
          12,
          34,
          94,
          107,
          157,
          182,
          220,
          243
        ],
        "fingerprint": "19b2326032573ee0",
        "length": 256,
        "owner_tier": 0,
        "request": "q2",
        "segment_index": 92
      },
      {
        "cache_owner": "q0",
        "epic_prefix_rows": [
          49,
          65,
          84,
          112,
          161,
          225,
          232,
          254
        ],
        "fingerprint": "f97f30f9dca3b30d",
        "length": 256,
        "owner_tier": 0,
        "request": "q2",
        "segment_index": 93
      },
      {
        "cache_owner": "q0",
        "epic_prefix_rows": [
          22,
          79,
          114,
          129,
          174,
          184,
          250,
          251
        ],
        "fingerprint": "9b66baa8d351f5fb",
        "length": 256,
        "owner_tier": 0,
        "request": "q2",
        "segment_index": 94
      },
      {
        "cache_owner": "q1",
        "epic_prefix_rows": [
          32,
          49,
          66,
          71,
          74,
          135,
          157,
          201
        ],
        "fingerprint": "1393d94e264cb21d",
        "length": 256,
        "owner_tier": 0,
        "request": "q2",
        "segment_index": 95
      },
      {
        "cache_owner": "q10",
        "epic_prefix_rows": [
          13,
          22,
          25,
          39,
          99,
          174,
          241,
          250
        ],
        "fingerprint": "5994a888fff74396",
        "length": 256,
        "owner_tier": 0,
        "request": "q2",
        "segment_index": 96
      },
      {
        "cache_owner": "q0",
        "epic_prefix_rows": [],
        "fingerprint": "b4818fcedac6bc88",
        "length": 300,
        "owner_tier": 0,
        "request": "q3",
        "segment_index": 0
      },
      {
        "cache_owner": "q0",
        "epic_prefix_rows": [
          41,
          66,
          69,
          71,
          132,
          154,
          182,
          238
        ],
        "fingerprint": "7505c29ddf4c54c5",
        "length": 256,
        "owner_tier": 0,
        "request": "q3",
        "segment_index": 1
      },
      {
        "cache_owner": "q0",
        "epic_prefix_rows": [
          21,
          51,
          52,
          56,
          156,
          168,
          189,
          239
        ],
        "fingerprint": "914756b1ef8c4266",
        "length": 256,
        "owner_tier": 0,
        "request": "q3",
        "segment_index": 2
      },
      {
        "cache_owner": "q0",
        "epic_prefix_rows": [
          3,
          46,
          92,
          109,
          157,
          187,
          207,
          243
        ],
        "fingerprint": "f80c33b8ee010c22",
        "length": 256,
        "owner_tier": 0,
        "request": "q3",
        "segment_index": 3
      },
      {
        "cache_owner": "q0",
        "epic_prefix_rows": [
          74,
          136,
          192,
          213,
          219,
          221,
          248,
          252
        ],
        "fingerprint": "a5918e4687c97f7e",
        "length": 256,
        "owner_tier": 0,
        "request": "q3",
        "segment_index": 4
      },
      {
        "cache_owner": "q0",
        "epic_prefix_rows": [
          36,
          70,
          98,
          105,
          137,
          164,
          217,
          238
        ],
        "fingerprint": "2b4e7732607841e2",
        "length": 256,
        "owner_tier": 0,
        "request": "q3",
        "segment_index": 5
      },
      {
        "cache_owner": "q0",
        "epic_prefix_rows": [
          65,
          83,
          125,
          149,
          175,
          185,
          230,
          236
        ],
        "fingerprint": "9e4aeb4914ddd394",
        "length": 256,
        "owner_tier": 0,
        "request": "q3",
        "segment_index": 6
      },
      {
        "cache_owner": "q0",
        "epic_prefix_rows": [
          49,
          79,
          89,
          112,
          162,
          174,
          227,
          254
        ],
        "fingerprint": "6334e6823b55d024",
        "length": 256,
        "owner_tier": 0,
        "request": "q3",
        "segment_index": 7
      },
      {
        "cache_owner": "q0",
        "epic_prefix_rows": [
          44,
          57,
          59,
          83,
          139,
          161,
          182,
          193
        ],
        "fingerprint": "307e02ba0c9c8db6",
        "length": 256,
        "owner_tier": 0,
        "request": "q3",
        "segment_index": 8
      },
      {
        "cache_owner": "q0",
        "epic_prefix_rows": [
          0,
          95,
          96,
          154,
          158,
          164,
          167,
          170
        ],
        "fingerprint": "d8e088676ac0e994",
        "length": 256,
        "owner_tier": 0,
        "request": "q3",
        "segment_index": 9
      },
      {
        "cache_owner": "q0",
        "epic_prefix_rows": [
          26,
          40,
          54,
          81,
          86,
          123,
          132,
          243
        ],
        "fingerprint": "eba00dddf332f864",
        "length": 256,
        "owner_tier": 0,
        "request": "q3",
        "segment_index": 10
      },
      {
        "cache_owner": "q0",
        "epic_prefix_rows": [
          29,
          45,
          57,
          72,
          193,
          200,
          237,
          248
        ],
        "fingerprint": "16ff367edf27a427",
        "length": 256,
        "owner_tier": 0,
        "request": "q3",
        "segment_index": 11
      },
      {
        "cache_owner": "q0",
        "epic_prefix_rows": [
          41,
          48,
          51,
          61,
          77,
          111,
          144,
          206
        ],
        "fingerprint": "544559610dd737d8",
        "length": 256,
        "owner_tier": 0,
        "request": "q3",
        "segment_index": 12
      },
      {
        "cache_owner": "q0",
        "epic_prefix_rows": [
          88,
          89,
          133,
          136,
          154,
          172,
          206,
          231
        ],
        "fingerprint": "719d4f68cfcda7af",
        "length": 256,
        "owner_tier": 0,
        "request": "q3",
        "segment_index": 13
      },
      {
        "cache_owner": "q0",
        "epic_prefix_rows": [
          43,
          46,
          82,
          90,
          108,
          169,
          183,
          233
        ],
        "fingerprint": "de2eea82f07af94b",
        "length": 256,
        "owner_tier": 0,
        "request": "q3",
        "segment_index": 14
      },
      {
        "cache_owner": "q0",
        "epic_prefix_rows": [
          28,
          71,
          89,
          154,
          178,
          217,
          234,
          255
        ],
        "fingerprint": "3df9fb747ee9b3ed",
        "length": 256,
        "owner_tier": 0,
        "request": "q3",
        "segment_index": 15
      },
      {
        "cache_owner": "q0",
        "epic_prefix_rows": [
          33,
          50,
          64,
          115,
          118,
          184,
          222,
          225
        ],
        "fingerprint": "d84e94f761d8f171",
        "length": 256,
        "owner_tier": 0,
        "request": "q3",
        "segment_index": 16
      },
      {
        "cache_owner": "q0",
        "epic_prefix_rows": [
          61,
          68,
          102,
          115,
          121,
          161,
          165,
          254
        ],
        "fingerprint": "e69c516fc2d68c1b",
        "length": 256,
        "owner_tier": 0,
        "request": "q3",
        "segment_index": 17
      },
      {
        "cache_owner": "q0",
        "epic_prefix_rows": [
          9,
          92,
          100,
          138,
          139,
          151,
          175,
          246
        ],
        "fingerprint": "d679790103e8c53b",
        "length": 256,
        "owner_tier": 0,
        "request": "q3",
        "segment_index": 18
      },
      {
        "cache_owner": "q0",
        "epic_prefix_rows": [
          24,
          56,
          89,
          159,
          192,
          214,
          225,
          233
        ],
        "fingerprint": "ef9219752ae977de",
        "length": 256,
        "owner_tier": 0,
        "request": "q3",
        "segment_index": 19
      },
      {
        "cache_owner": "q0",
        "epic_prefix_rows": [
          13,
          74,
          116,
          162,
          169,
          172,
          246,
          253
        ],
        "fingerprint": "804751a4de0897b1",
        "length": 256,
        "owner_tier": 0,
        "request": "q3",
        "segment_index": 20
      },
      {
        "cache_owner": "q0",
        "epic_prefix_rows": [
          0,
          9,
          28,
          43,
          56,
          70,
          71,
          164
        ],
        "fingerprint": "408f7199c5ad6444",
        "length": 256,
        "owner_tier": 0,
        "request": "q3",
        "segment_index": 21
      },
      {
        "cache_owner": "q0",
        "epic_prefix_rows": [
          24,
          32,
          90,
          99,
          117,
          159,
          184,
          196
        ],
        "fingerprint": "0b61bf84de13cf6f",
        "length": 256,
        "owner_tier": 0,
        "request": "q3",
        "segment_index": 22
      },
      {
        "cache_owner": "q0",
        "epic_prefix_rows": [
          3,
          20,
          107,
          114,
          188,
          200,
          214,
          228
        ],
        "fingerprint": "f4cf28fc5b71edf3",
        "length": 256,
        "owner_tier": 0,
        "request": "q3",
        "segment_index": 23
      },
      {
        "cache_owner": "q0",
        "epic_prefix_rows": [
          5,
          32,
          66,
          78,
          102,
          143,
          162,
          212
        ],
        "fingerprint": "f4fdd0e52e878abf",
        "length": 256,
        "owner_tier": 0,
        "request": "q3",
        "segment_index": 24
      },
      {
        "cache_owner": "q0",
        "epic_prefix_rows": [
          136,
          150,
          155,
          168,
          175,
          211,
          231,
          251
        ],
        "fingerprint": "7ba29ac00739c4ea",
        "length": 256,
        "owner_tier": 0,
        "request": "q3",
        "segment_index": 25
      },
      {
        "cache_owner": "q0",
        "epic_prefix_rows": [
          7,
          109,
          143,
          170,
          171,
          205,
          206,
          227
        ],
        "fingerprint": "6c5246339cc01ead",
        "length": 256,
        "owner_tier": 0,
        "request": "q3",
        "segment_index": 26
      },
      {
        "cache_owner": "q0",
        "epic_prefix_rows": [
          66,
          91,
          97,
          152,
          206,
          219,
          239,
          244
        ],
        "fingerprint": "3e13ea33ffd365d2",
        "length": 256,
        "owner_tier": 0,
        "request": "q3",
        "segment_index": 27
      },
      {
        "cache_owner": "q0",
        "epic_prefix_rows": [
          39,
          62,
          83,
          87,
          94,
          98,
          138,
          248
        ],
        "fingerprint": "97a85315f7478ed8",
        "length": 256,
        "owner_tier": 0,
        "request": "q3",
        "segment_index": 28
      },
      {
        "cache_owner": "q0",
        "epic_prefix_rows": [
          19,
          27,
          46,
          59,
          94,
          127,
          222,
          246
        ],
        "fingerprint": "e2f20e8d23ad1f3c",
        "length": 256,
        "owner_tier": 0,
        "request": "q3",
        "segment_index": 29
      },
      {
        "cache_owner": "q0",
        "epic_prefix_rows": [
          48,
          49,
          51,
          70,
          75,
          107,
          183,
          187
        ],
        "fingerprint": "0d5323d6441850a7",
        "length": 256,
        "owner_tier": 0,
        "request": "q3",
        "segment_index": 30
      },
      {
        "cache_owner": "q0",
        "epic_prefix_rows": [
          64,
          104,
          114,
          146,
          171,
          192,
          227,
          250
        ],
        "fingerprint": "2bbeefee3ca77394",
        "length": 256,
        "owner_tier": 0,
        "request": "q3",
        "segment_index": 31
      },
      {
        "cache_owner": "q0",
        "epic_prefix_rows": [
          48,
          66,
          71,
          91,
          96,
          136,
          141,
          214
        ],
        "fingerprint": "28b214a69646c775",
        "length": 256,
        "owner_tier": 0,
        "request": "q3",
        "segment_index": 32
      },
      {
        "cache_owner": "q0",
        "epic_prefix_rows": [
          5,
          46,
          51,
          86,
          166,
          172,
          202,
          228
        ],
        "fingerprint": "196ab37f68eb91dd",
        "length": 256,
        "owner_tier": 0,
        "request": "q3",
        "segment_index": 33
      },
      {
        "cache_owner": "q0",
        "epic_prefix_rows": [
          31,
          63,
          96,
          127,
          169,
          175,
          218,
          222
        ],
        "fingerprint": "b289731a6de14025",
        "length": 256,
        "owner_tier": 0,
        "request": "q3",
        "segment_index": 34
      },
      {
        "cache_owner": "q0",
        "epic_prefix_rows": [
          30,
          33,
          125,
          152,
          168,
          196,
          246,
          252
        ],
        "fingerprint": "1fd8287b40b3ef05",
        "length": 256,
        "owner_tier": 0,
        "request": "q3",
        "segment_index": 35
      },
      {
        "cache_owner": "q0",
        "epic_prefix_rows": [
          3,
          45,
          81,
          86,
          141,
          169,
          176,
          234
        ],
        "fingerprint": "d655032a50b311c0",
        "length": 256,
        "owner_tier": 0,
        "request": "q3",
        "segment_index": 36
      },
      {
        "cache_owner": "q0",
        "epic_prefix_rows": [
          34,
          72,
          139,
          145,
          172,
          199,
          232,
          239
        ],
        "fingerprint": "68aa33941aec615e",
        "length": 256,
        "owner_tier": 0,
        "request": "q3",
        "segment_index": 37
      },
      {
        "cache_owner": "q0",
        "epic_prefix_rows": [
          12,
          14,
          56,
          67,
          153,
          168,
          207,
          233
        ],
        "fingerprint": "57edc36f5adb4077",
        "length": 256,
        "owner_tier": 0,
        "request": "q3",
        "segment_index": 38
      },
      {
        "cache_owner": "q0",
        "epic_prefix_rows": [
          3,
          13,
          79,
          152,
          166,
          212,
          227,
          250
        ],
        "fingerprint": "060fe3cc81c4e614",
        "length": 256,
        "owner_tier": 0,
        "request": "q3",
        "segment_index": 39
      },
      {
        "cache_owner": "q0",
        "epic_prefix_rows": [
          40,
          70,
          80,
          91,
          152,
          173,
          215,
          231
        ],
        "fingerprint": "2c3a90bf49014087",
        "length": 256,
        "owner_tier": 0,
        "request": "q3",
        "segment_index": 40
      },
      {
        "cache_owner": "q0",
        "epic_prefix_rows": [
          42,
          47,
          57,
          67,
          86,
          103,
          124,
          184
        ],
        "fingerprint": "b8b19851f0e91e8b",
        "length": 256,
        "owner_tier": 0,
        "request": "q3",
        "segment_index": 41
      },
      {
        "cache_owner": "q0",
        "epic_prefix_rows": [
          14,
          98,
          129,
          135,
          168,
          181,
          192,
          244
        ],
        "fingerprint": "0a24aa246267ca70",
        "length": 256,
        "owner_tier": 0,
        "request": "q3",
        "segment_index": 42
      },
      {
        "cache_owner": "q0",
        "epic_prefix_rows": [
          7,
          19,
          114,
          159,
          221,
          226,
          228,
          242
        ],
        "fingerprint": "39982a5ac106dc56",
        "length": 256,
        "owner_tier": 0,
        "request": "q3",
        "segment_index": 43
      },
      {
        "cache_owner": "q0",
        "epic_prefix_rows": [
          83,
          90,
          109,
          143,
          150,
          172,
          178,
          202
        ],
        "fingerprint": "5b4fec5265577019",
        "length": 256,
        "owner_tier": 0,
        "request": "q3",
        "segment_index": 44
      },
      {
        "cache_owner": "q0",
        "epic_prefix_rows": [
          60,
          79,
          85,
          102,
          130,
          154,
          180,
          193
        ],
        "fingerprint": "31754f310cc87cb9",
        "length": 256,
        "owner_tier": 0,
        "request": "q3",
        "segment_index": 45
      },
      {
        "cache_owner": "q0",
        "epic_prefix_rows": [
          14,
          39,
          40,
          95,
          127,
          199,
          207,
          210
        ],
        "fingerprint": "17914e14c68c53c7",
        "length": 256,
        "owner_tier": 0,
        "request": "q3",
        "segment_index": 46
      },
      {
        "cache_owner": "q0",
        "epic_prefix_rows": [
          24,
          34,
          50,
          81,
          86,
          110,
          165,
          231
        ],
        "fingerprint": "0d5ec49d1bd3dfc2",
        "length": 256,
        "owner_tier": 0,
        "request": "q3",
        "segment_index": 47
      },
      {
        "cache_owner": "q0",
        "epic_prefix_rows": [
          8,
          24,
          31,
          37,
          109,
          133,
          224,
          252
        ],
        "fingerprint": "c8ca1ee28f153785",
        "length": 256,
        "owner_tier": 0,
        "request": "q3",
        "segment_index": 48
      },
      {
        "cache_owner": "q0",
        "epic_prefix_rows": [
          44,
          76,
          87,
          96,
          102,
          148,
          190,
          252
        ],
        "fingerprint": "d2d59fe199246a8a",
        "length": 256,
        "owner_tier": 0,
        "request": "q3",
        "segment_index": 49
      },
      {
        "cache_owner": "q0",
        "epic_prefix_rows": [
          0,
          6,
          115,
          155,
          158,
          171,
          181,
          211
        ],
        "fingerprint": "f8c3ac43031f479d",
        "length": 256,
        "owner_tier": 0,
        "request": "q3",
        "segment_index": 50
      },
      {
        "cache_owner": "q0",
        "epic_prefix_rows": [
          36,
          51,
          76,
          143,
          153,
          168,
          177,
          180
        ],
        "fingerprint": "1a0ba2ae3b5af048",
        "length": 256,
        "owner_tier": 0,
        "request": "q3",
        "segment_index": 51
      },
      {
        "cache_owner": "q0",
        "epic_prefix_rows": [
          4,
          7,
          19,
          119,
          205,
          220,
          221,
          238
        ],
        "fingerprint": "4efa77b98545d7f9",
        "length": 256,
        "owner_tier": 0,
        "request": "q3",
        "segment_index": 52
      },
      {
        "cache_owner": "q0",
        "epic_prefix_rows": [
          2,
          7,
          22,
          34,
          46,
          89,
          150,
          232
        ],
        "fingerprint": "e8daa9461adadb50",
        "length": 256,
        "owner_tier": 0,
        "request": "q3",
        "segment_index": 53
      },
      {
        "cache_owner": "q0",
        "epic_prefix_rows": [
          15,
          20,
          55,
          65,
          89,
          112,
          196,
          201
        ],
        "fingerprint": "27676fe4288b5092",
        "length": 256,
        "owner_tier": 0,
        "request": "q3",
        "segment_index": 54
      },
      {
        "cache_owner": "q0",
        "epic_prefix_rows": [
          13,
          87,
          144,
          163,
          194,
          201,
          207,
          215
        ],
        "fingerprint": "4628056629d21f29",
        "length": 256,
        "owner_tier": 0,
        "request": "q3",
        "segment_index": 55
      },
      {
        "cache_owner": "q0",
        "epic_prefix_rows": [
          16,
          24,
          102,
          125,
          173,
          182,
          212,
          252
        ],
        "fingerprint": "9e222200b410e430",
        "length": 256,
        "owner_tier": 0,
        "request": "q3",
        "segment_index": 56
      },
      {
        "cache_owner": "q0",
        "epic_prefix_rows": [
          18,
          61,
          94,
          100,
          102,
          108,
          150,
          234
        ],
        "fingerprint": "7753df1b6f8c9278",
        "length": 256,
        "owner_tier": 0,
        "request": "q3",
        "segment_index": 57
      },
      {
        "cache_owner": "q0",
        "epic_prefix_rows": [
          28,
          73,
          92,
          141,
          156,
          165,
          168,
          212
        ],
        "fingerprint": "2601f658cc5d3594",
        "length": 256,
        "owner_tier": 0,
        "request": "q3",
        "segment_index": 58
      },
      {
        "cache_owner": "q0",
        "epic_prefix_rows": [
          56,
          83,
          113,
          194,
          195,
          198,
          209,
          254
        ],
        "fingerprint": "27013d93d3fccf89",
        "length": 256,
        "owner_tier": 0,
        "request": "q3",
        "segment_index": 59
      },
      {
        "cache_owner": "q0",
        "epic_prefix_rows": [
          23,
          65,
          110,
          116,
          185,
          204,
          226,
          248
        ],
        "fingerprint": "6880baf09f037c19",
        "length": 256,
        "owner_tier": 0,
        "request": "q3",
        "segment_index": 60
      },
      {
        "cache_owner": "q0",
        "epic_prefix_rows": [
          14,
          40,
          56,
          78,
          84,
          114,
          155,
          163
        ],
        "fingerprint": "0724e17672a95b93",
        "length": 256,
        "owner_tier": 0,
        "request": "q3",
        "segment_index": 61
      },
      {
        "cache_owner": "q0",
        "epic_prefix_rows": [
          6,
          58,
          67,
          70,
          92,
          131,
          187,
          213
        ],
        "fingerprint": "e3c449fc4cd656ce",
        "length": 256,
        "owner_tier": 0,
        "request": "q3",
        "segment_index": 62
      },
      {
        "cache_owner": "q0",
        "epic_prefix_rows": [
          22,
          30,
          110,
          127,
          136,
          138,
          213,
          227
        ],
        "fingerprint": "274f7d8aacaccf25",
        "length": 256,
        "owner_tier": 0,
        "request": "q3",
        "segment_index": 63
      },
      {
        "cache_owner": "q0",
        "epic_prefix_rows": [
          29,
          53,
          98,
          137,
          150,
          172,
          190,
          251
        ],
        "fingerprint": "146a74171fc8e908",
        "length": 256,
        "owner_tier": 0,
        "request": "q3",
        "segment_index": 64
      },
      {
        "cache_owner": "q0",
        "epic_prefix_rows": [
          55,
          99,
          119,
          123,
          135,
          145,
          174,
          183
        ],
        "fingerprint": "56421c8602f059e6",
        "length": 256,
        "owner_tier": 0,
        "request": "q3",
        "segment_index": 65
      },
      {
        "cache_owner": "q0",
        "epic_prefix_rows": [
          62,
          86,
          96,
          102,
          128,
          177,
          193,
          200
        ],
        "fingerprint": "357ad2bb54f67a0c",
        "length": 256,
        "owner_tier": 0,
        "request": "q3",
        "segment_index": 66
      },
      {
        "cache_owner": "q0",
        "epic_prefix_rows": [
          13,
          22,
          43,
          56,
          102,
          130,
          153,
          222
        ],
        "fingerprint": "008b81b4d6caa9c9",
        "length": 256,
        "owner_tier": 0,
        "request": "q3",
        "segment_index": 67
      },
      {
        "cache_owner": "q0",
        "epic_prefix_rows": [
          53,
          62,
          75,
          91,
          147,
          150,
          180,
          216
        ],
        "fingerprint": "189f6cf46a89a8af",
        "length": 256,
        "owner_tier": 0,
        "request": "q3",
        "segment_index": 68
      },
      {
        "cache_owner": "q0",
        "epic_prefix_rows": [
          39,
          89,
          98,
          123,
          126,
          150,
          244,
          248
        ],
        "fingerprint": "7ee8a980cd5e73db",
        "length": 256,
        "owner_tier": 0,
        "request": "q3",
        "segment_index": 69
      },
      {
        "cache_owner": "q0",
        "epic_prefix_rows": [
          52,
          71,
          137,
          167,
          179,
          183,
          218,
          237
        ],
        "fingerprint": "1e09fc3aa312bedf",
        "length": 256,
        "owner_tier": 0,
        "request": "q3",
        "segment_index": 70
      },
      {
        "cache_owner": "q0",
        "epic_prefix_rows": [
          32,
          66,
          159,
          163,
          205,
          235,
          246,
          247
        ],
        "fingerprint": "e83ba334f98641d8",
        "length": 256,
        "owner_tier": 0,
        "request": "q3",
        "segment_index": 71
      },
      {
        "cache_owner": "q0",
        "epic_prefix_rows": [
          23,
          33,
          34,
          72,
          90,
          145,
          210,
          237
        ],
        "fingerprint": "93ff15fd417be171",
        "length": 256,
        "owner_tier": 0,
        "request": "q3",
        "segment_index": 72
      },
      {
        "cache_owner": "q0",
        "epic_prefix_rows": [
          15,
          54,
          57,
          118,
          149,
          151,
          201,
          217
        ],
        "fingerprint": "014c9a04b4e916be",
        "length": 256,
        "owner_tier": 0,
        "request": "q3",
        "segment_index": 73
      },
      {
        "cache_owner": "q0",
        "epic_prefix_rows": [
          25,
          55,
          83,
          116,
          125,
          188,
          206,
          211
        ],
        "fingerprint": "84398fc658db81a5",
        "length": 256,
        "owner_tier": 0,
        "request": "q3",
        "segment_index": 74
      },
      {
        "cache_owner": "q0",
        "epic_prefix_rows": [
          59,
          74,
          76,
          126,
          151,
          183,
          221,
          248
        ],
        "fingerprint": "05d534e6a81b4210",
        "length": 256,
        "owner_tier": 0,
        "request": "q3",
        "segment_index": 75
      },
      {
        "cache_owner": "q0",
        "epic_prefix_rows": [
          11,
          52,
          76,
          92,
          95,
          161,
          171,
          174
        ],
        "fingerprint": "8c41295e89de23e3",
        "length": 256,
        "owner_tier": 0,
        "request": "q3",
        "segment_index": 76
      },
      {
        "cache_owner": "q0",
        "epic_prefix_rows": [
          46,
          52,
          53,
          126,
          146,
          171,
          244,
          252
        ],
        "fingerprint": "0d6ee10e10def3d2",
        "length": 256,
        "owner_tier": 0,
        "request": "q3",
        "segment_index": 77
      },
      {
        "cache_owner": "q0",
        "epic_prefix_rows": [
          21,
          33,
          106,
          112,
          132,
          133,
          174,
          206
        ],
        "fingerprint": "c1807afb81a20f51",
        "length": 256,
        "owner_tier": 0,
        "request": "q3",
        "segment_index": 78
      },
      {
        "cache_owner": "q0",
        "epic_prefix_rows": [
          19,
          49,
          65,
          130,
          143,
          171,
          224,
          230
        ],
        "fingerprint": "931d7f5b83731cc7",
        "length": 256,
        "owner_tier": 0,
        "request": "q3",
        "segment_index": 79
      },
      {
        "cache_owner": "q0",
        "epic_prefix_rows": [
          9,
          124,
          164,
          175,
          180,
          183,
          185,
          227
        ],
        "fingerprint": "de3ba4f43ce3a094",
        "length": 256,
        "owner_tier": 0,
        "request": "q3",
        "segment_index": 80
      },
      {
        "cache_owner": "q0",
        "epic_prefix_rows": [
          8,
          11,
          60,
          103,
          157,
          192,
          201,
          205
        ],
        "fingerprint": "549b6eeef884e61d",
        "length": 256,
        "owner_tier": 0,
        "request": "q3",
        "segment_index": 81
      },
      {
        "cache_owner": "q0",
        "epic_prefix_rows": [
          12,
          25,
          47,
          64,
          73,
          149,
          160,
          222
        ],
        "fingerprint": "8f21a2b7cbc6a1cc",
        "length": 256,
        "owner_tier": 0,
        "request": "q3",
        "segment_index": 82
      },
      {
        "cache_owner": "q0",
        "epic_prefix_rows": [
          42,
          100,
          114,
          124,
          146,
          162,
          185,
          221
        ],
        "fingerprint": "3327eb88b326572c",
        "length": 256,
        "owner_tier": 0,
        "request": "q3",
        "segment_index": 83
      },
      {
        "cache_owner": "q0",
        "epic_prefix_rows": [
          10,
          33,
          82,
          109,
          140,
          195,
          231,
          235
        ],
        "fingerprint": "828afffd0287a7fd",
        "length": 256,
        "owner_tier": 0,
        "request": "q3",
        "segment_index": 84
      },
      {
        "cache_owner": "q0",
        "epic_prefix_rows": [
          1,
          5,
          25,
          27,
          47,
          80,
          85,
          189
        ],
        "fingerprint": "2e40f41c46618477",
        "length": 256,
        "owner_tier": 0,
        "request": "q3",
        "segment_index": 85
      },
      {
        "cache_owner": "q0",
        "epic_prefix_rows": [
          25,
          114,
          115,
          130,
          159,
          160,
          191,
          254
        ],
        "fingerprint": "38fd9d00b6d09b58",
        "length": 256,
        "owner_tier": 0,
        "request": "q3",
        "segment_index": 86
      },
      {
        "cache_owner": "q0",
        "epic_prefix_rows": [
          21,
          50,
          54,
          66,
          71,
          109,
          118,
          124
        ],
        "fingerprint": "01ef803e6ca17df7",
        "length": 256,
        "owner_tier": 0,
        "request": "q3",
        "segment_index": 87
      },
      {
        "cache_owner": "q0",
        "epic_prefix_rows": [
          7,
          46,
          107,
          163,
          202,
          222,
          230,
          232
        ],
        "fingerprint": "70b457c38f944354",
        "length": 256,
        "owner_tier": 0,
        "request": "q3",
        "segment_index": 88
      },
      {
        "cache_owner": "q0",
        "epic_prefix_rows": [
          25,
          64,
          126,
          150,
          153,
          201,
          205,
          234
        ],
        "fingerprint": "e2614c2dedf4cf58",
        "length": 256,
        "owner_tier": 0,
        "request": "q3",
        "segment_index": 89
      },
      {
        "cache_owner": "q0",
        "epic_prefix_rows": [
          61,
          130,
          135,
          136,
          157,
          160,
          228,
          231
        ],
        "fingerprint": "b1ab14bf7fe90b52",
        "length": 256,
        "owner_tier": 0,
        "request": "q3",
        "segment_index": 90
      },
      {
        "cache_owner": "q0",
        "epic_prefix_rows": [
          3,
          39,
          52,
          55,
          159,
          165,
          174,
          223
        ],
        "fingerprint": "19b2326032573ee0",
        "length": 256,
        "owner_tier": 0,
        "request": "q3",
        "segment_index": 91
      },
      {
        "cache_owner": "q0",
        "epic_prefix_rows": [
          2,
          9,
          53,
          56,
          100,
          158,
          168,
          236
        ],
        "fingerprint": "f97f30f9dca3b30d",
        "length": 256,
        "owner_tier": 0,
        "request": "q3",
        "segment_index": 92
      },
      {
        "cache_owner": "q0",
        "epic_prefix_rows": [
          10,
          102,
          121,
          135,
          140,
          154,
          205,
          255
        ],
        "fingerprint": "9b66baa8d351f5fb",
        "length": 256,
        "owner_tier": 0,
        "request": "q3",
        "segment_index": 93
      },
      {
        "cache_owner": "q1",
        "epic_prefix_rows": [
          7,
          54,
          150,
          157,
          169,
          174,
          228,
          244
        ],
        "fingerprint": "1393d94e264cb21d",
        "length": 256,
        "owner_tier": 0,
        "request": "q3",
        "segment_index": 94
      },
      {
        "cache_owner": "q10",
        "epic_prefix_rows": [
          46,
          78,
          113,
          134,
          142,
          178,
          197,
          233
        ],
        "fingerprint": "5994a888fff74396",
        "length": 256,
        "owner_tier": 0,
        "request": "q3",
        "segment_index": 95
      },
      {
        "cache_owner": "q10",
        "epic_prefix_rows": [
          42,
          48,
          88,
          93,
          132,
          232,
          238,
          243
        ],
        "fingerprint": "7340d25484ecfb18",
        "length": 256,
        "owner_tier": 0,
        "request": "q3",
        "segment_index": 96
      },
      {
        "cache_owner": "q0",
        "epic_prefix_rows": [],
        "fingerprint": "b4818fcedac6bc88",
        "length": 300,
        "owner_tier": 0,
        "request": "q4",
        "segment_index": 0
      },
      {
        "cache_owner": "q0",
        "epic_prefix_rows": [
          26,
          29,
          89,
          128,
          170,
          174,
          184,
          196
        ],
        "fingerprint": "914756b1ef8c4266",
        "length": 256,
        "owner_tier": 0,
        "request": "q4",
        "segment_index": 1
      },
      {
        "cache_owner": "q0",
        "epic_prefix_rows": [
          22,
          38,
          138,
          145,
          155,
          163,
          178,
          243
        ],
        "fingerprint": "f80c33b8ee010c22",
        "length": 256,
        "owner_tier": 0,
        "request": "q4",
        "segment_index": 2
      },
      {
        "cache_owner": "q0",
        "epic_prefix_rows": [
          0,
          10,
          88,
          135,
          150,
          183,
          229,
          251
        ],
        "fingerprint": "a5918e4687c97f7e",
        "length": 256,
        "owner_tier": 0,
        "request": "q4",
        "segment_index": 3
      },
      {
        "cache_owner": "q0",
        "epic_prefix_rows": [
          24,
          58,
          80,
          119,
          124,
          177,
          194,
          228
        ],
        "fingerprint": "2b4e7732607841e2",
        "length": 256,
        "owner_tier": 0,
        "request": "q4",
        "segment_index": 4
      },
      {
        "cache_owner": "q0",
        "epic_prefix_rows": [
          6,
          13,
          18,
          128,
          166,
          193,
          227,
          235
        ],
        "fingerprint": "9e4aeb4914ddd394",
        "length": 256,
        "owner_tier": 0,
        "request": "q4",
        "segment_index": 5
      },
      {
        "cache_owner": "q0",
        "epic_prefix_rows": [
          28,
          52,
          53,
          90,
          108,
          135,
          204,
          238
        ],
        "fingerprint": "6334e6823b55d024",
        "length": 256,
        "owner_tier": 0,
        "request": "q4",
        "segment_index": 6
      },
      {
        "cache_owner": "q0",
        "epic_prefix_rows": [
          5,
          29,
          34,
          70,
          131,
          145,
          170,
          216
        ],
        "fingerprint": "307e02ba0c9c8db6",
        "length": 256,
        "owner_tier": 0,
        "request": "q4",
        "segment_index": 7
      },
      {
        "cache_owner": "q0",
        "epic_prefix_rows": [
          24,
          118,
          121,
          135,
          171,
          173,
          226,
          246
        ],
        "fingerprint": "d8e088676ac0e994",
        "length": 256,
        "owner_tier": 0,
        "request": "q4",
        "segment_index": 8
      },
      {
        "cache_owner": "q0",
        "epic_prefix_rows": [
          9,
          15,
          21,
          58,
          103,
          124,
          163,
          195
        ],
        "fingerprint": "eba00dddf332f864",
        "length": 256,
        "owner_tier": 0,
        "request": "q4",
        "segment_index": 9
      },
      {
        "cache_owner": "q0",
        "epic_prefix_rows": [
          76,
          92,
          123,
          134,
          160,
          221,
          228,
          252
        ],
        "fingerprint": "16ff367edf27a427",
        "length": 256,
        "owner_tier": 0,
        "request": "q4",
        "segment_index": 10
      },
      {
        "cache_owner": "q0",
        "epic_prefix_rows": [
          19,
          88,
          117,
          140,
          151,
          174,
          184,
          200
        ],
        "fingerprint": "544559610dd737d8",
        "length": 256,
        "owner_tier": 0,
        "request": "q4",
        "segment_index": 11
      },
      {
        "cache_owner": "q0",
        "epic_prefix_rows": [
          2,
          9,
          21,
          30,
          51,
          69,
          84,
          169
        ],
        "fingerprint": "719d4f68cfcda7af",
        "length": 256,
        "owner_tier": 0,
        "request": "q4",
        "segment_index": 12
      },
      {
        "cache_owner": "q0",
        "epic_prefix_rows": [
          40,
          71,
          77,
          79,
          83,
          95,
          199,
          208
        ],
        "fingerprint": "de2eea82f07af94b",
        "length": 256,
        "owner_tier": 0,
        "request": "q4",
        "segment_index": 13
      },
      {
        "cache_owner": "q0",
        "epic_prefix_rows": [
          5,
          8,
          9,
          121,
          147,
          176,
          188,
          189
        ],
        "fingerprint": "3df9fb747ee9b3ed",
        "length": 256,
        "owner_tier": 0,
        "request": "q4",
        "segment_index": 14
      },
      {
        "cache_owner": "q0",
        "epic_prefix_rows": [
          33,
          44,
          96,
          175,
          187,
          188,
          189,
          209
        ],
        "fingerprint": "d84e94f761d8f171",
        "length": 256,
        "owner_tier": 0,
        "request": "q4",
        "segment_index": 15
      },
      {
        "cache_owner": "q0",
        "epic_prefix_rows": [
          57,
          69,
          76,
          94,
          108,
          129,
          163,
          184
        ],
        "fingerprint": "e69c516fc2d68c1b",
        "length": 256,
        "owner_tier": 0,
        "request": "q4",
        "segment_index": 16
      },
      {
        "cache_owner": "q0",
        "epic_prefix_rows": [
          49,
          84,
          94,
          130,
          134,
          183,
          228,
          239
        ],
        "fingerprint": "d679790103e8c53b",
        "length": 256,
        "owner_tier": 0,
        "request": "q4",
        "segment_index": 17
      },
      {
        "cache_owner": "q0",
        "epic_prefix_rows": [
          49,
          76,
          91,
          132,
          162,
          184,
          202,
          214
        ],
        "fingerprint": "ef9219752ae977de",
        "length": 256,
        "owner_tier": 0,
        "request": "q4",
        "segment_index": 18
      },
      {
        "cache_owner": "q0",
        "epic_prefix_rows": [
          41,
          76,
          137,
          172,
          180,
          191,
          211,
          229
        ],
        "fingerprint": "804751a4de0897b1",
        "length": 256,
        "owner_tier": 0,
        "request": "q4",
        "segment_index": 19
      },
      {
        "cache_owner": "q0",
        "epic_prefix_rows": [
          0,
          80,
          102,
          105,
          125,
          187,
          218,
          235
        ],
        "fingerprint": "408f7199c5ad6444",
        "length": 256,
        "owner_tier": 0,
        "request": "q4",
        "segment_index": 20
      },
      {
        "cache_owner": "q0",
        "epic_prefix_rows": [
          15,
          26,
          48,
          69,
          148,
          198,
          209,
          225
        ],
        "fingerprint": "0b61bf84de13cf6f",
        "length": 256,
        "owner_tier": 0,
        "request": "q4",
        "segment_index": 21
      },
      {
        "cache_owner": "q0",
        "epic_prefix_rows": [
          1,
          102,
          117,
          206,
          217,
          220,
          248,
          252
        ],
        "fingerprint": "f4cf28fc5b71edf3",
        "length": 256,
        "owner_tier": 0,
        "request": "q4",
        "segment_index": 22
      },
      {
        "cache_owner": "q0",
        "epic_prefix_rows": [
          31,
          62,
          85,
          90,
          158,
          164,
          206,
          207
        ],
        "fingerprint": "f4fdd0e52e878abf",
        "length": 256,
        "owner_tier": 0,
        "request": "q4",
        "segment_index": 23
      },
      {
        "cache_owner": "q0",
        "epic_prefix_rows": [
          9,
          64,
          81,
          116,
          130,
          199,
          230,
          234
        ],
        "fingerprint": "7ba29ac00739c4ea",
        "length": 256,
        "owner_tier": 0,
        "request": "q4",
        "segment_index": 24
      },
      {
        "cache_owner": "q0",
        "epic_prefix_rows": [
          14,
          70,
          112,
          159,
          160,
          178,
          245,
          251
        ],
        "fingerprint": "6c5246339cc01ead",
        "length": 256,
        "owner_tier": 0,
        "request": "q4",
        "segment_index": 25
      },
      {
        "cache_owner": "q0",
        "epic_prefix_rows": [
          3,
          7,
          105,
          116,
          138,
          146,
          191,
          220
        ],
        "fingerprint": "3e13ea33ffd365d2",
        "length": 256,
        "owner_tier": 0,
        "request": "q4",
        "segment_index": 26
      },
      {
        "cache_owner": "q0",
        "epic_prefix_rows": [
          64,
          68,
          102,
          112,
          129,
          198,
          199,
          245
        ],
        "fingerprint": "97a85315f7478ed8",
        "length": 256,
        "owner_tier": 0,
        "request": "q4",
        "segment_index": 27
      },
      {
        "cache_owner": "q0",
        "epic_prefix_rows": [
          15,
          69,
          158,
          176,
          184,
          202,
          216,
          240
        ],
        "fingerprint": "e2f20e8d23ad1f3c",
        "length": 256,
        "owner_tier": 0,
        "request": "q4",
        "segment_index": 28
      },
      {
        "cache_owner": "q0",
        "epic_prefix_rows": [
          72,
          103,
          123,
          133,
          148,
          203,
          236,
          255
        ],
        "fingerprint": "0d5323d6441850a7",
        "length": 256,
        "owner_tier": 0,
        "request": "q4",
        "segment_index": 29
      },
      {
        "cache_owner": "q0",
        "epic_prefix_rows": [
          19,
          93,
          103,
          149,
          209,
          217,
          233,
          254
        ],
        "fingerprint": "2bbeefee3ca77394",
        "length": 256,
        "owner_tier": 0,
        "request": "q4",
        "segment_index": 30
      },
      {
        "cache_owner": "q0",
        "epic_prefix_rows": [
          53,
          66,
          77,
          83,
          107,
          138,
          157,
          158
        ],
        "fingerprint": "28b214a69646c775",
        "length": 256,
        "owner_tier": 0,
        "request": "q4",
        "segment_index": 31
      },
      {
        "cache_owner": "q0",
        "epic_prefix_rows": [
          30,
          53,
          64,
          81,
          83,
          107,
          129,
          177
        ],
        "fingerprint": "196ab37f68eb91dd",
        "length": 256,
        "owner_tier": 0,
        "request": "q4",
        "segment_index": 32
      },
      {
        "cache_owner": "q0",
        "epic_prefix_rows": [
          31,
          55,
          95,
          142,
          145,
          146,
          190,
          211
        ],
        "fingerprint": "b289731a6de14025",
        "length": 256,
        "owner_tier": 0,
        "request": "q4",
        "segment_index": 33
      },
      {
        "cache_owner": "q0",
        "epic_prefix_rows": [
          15,
          28,
          55,
          133,
          171,
          174,
          217,
          247
        ],
        "fingerprint": "1fd8287b40b3ef05",
        "length": 256,
        "owner_tier": 0,
        "request": "q4",
        "segment_index": 34
      },
      {
        "cache_owner": "q0",
        "epic_prefix_rows": [
          42,
          61,
          117,
          128,
          162,
          176,
          215,
          217
        ],
        "fingerprint": "d655032a50b311c0",
        "length": 256,
        "owner_tier": 0,
        "request": "q4",
        "segment_index": 35
      },
      {
        "cache_owner": "q0",
        "epic_prefix_rows": [
          4,
          14,
          20,
          64,
          76,
          186,
          190,
          197
        ],
        "fingerprint": "68aa33941aec615e",
        "length": 256,
        "owner_tier": 0,
        "request": "q4",
        "segment_index": 36
      },
      {
        "cache_owner": "q0",
        "epic_prefix_rows": [
          53,
          56,
          98,
          108,
          165,
          171,
          204,
          206
        ],
        "fingerprint": "57edc36f5adb4077",
        "length": 256,
        "owner_tier": 0,
        "request": "q4",
        "segment_index": 37
      },
      {
        "cache_owner": "q0",
        "epic_prefix_rows": [
          16,
          21,
          42,
          59,
          73,
          106,
          181,
          210
        ],
        "fingerprint": "060fe3cc81c4e614",
        "length": 256,
        "owner_tier": 0,
        "request": "q4",
        "segment_index": 38
      },
      {
        "cache_owner": "q0",
        "epic_prefix_rows": [
          46,
          52,
          70,
          106,
          120,
          139,
          173,
          210
        ],
        "fingerprint": "2c3a90bf49014087",
        "length": 256,
        "owner_tier": 0,
        "request": "q4",
        "segment_index": 39
      },
      {
        "cache_owner": "q0",
        "epic_prefix_rows": [
          5,
          87,
          101,
          104,
          110,
          143,
          196,
          222
        ],
        "fingerprint": "b8b19851f0e91e8b",
        "length": 256,
        "owner_tier": 0,
        "request": "q4",
        "segment_index": 40
      },
      {
        "cache_owner": "q0",
        "epic_prefix_rows": [
          52,
          110,
          119,
          128,
          170,
          185,
          214,
          255
        ],
        "fingerprint": "0a24aa246267ca70",
        "length": 256,
        "owner_tier": 0,
        "request": "q4",
        "segment_index": 41
      },
      {
        "cache_owner": "q0",
        "epic_prefix_rows": [
          19,
          26,
          51,
          55,
          108,
          135,
          167,
          221
        ],
        "fingerprint": "39982a5ac106dc56",
        "length": 256,
        "owner_tier": 0,
        "request": "q4",
        "segment_index": 42
      },
      {
        "cache_owner": "q0",
        "epic_prefix_rows": [
          33,
          49,
          50,
          58,
          123,
          144,
          155,
          169
        ],
        "fingerprint": "5b4fec5265577019",
        "length": 256,
        "owner_tier": 0,
        "request": "q4",
        "segment_index": 43
      },
      {
        "cache_owner": "q0",
        "epic_prefix_rows": [
          66,
          70,
          76,
          115,
          121,
          166,
          200,
          245
        ],
        "fingerprint": "31754f310cc87cb9",
        "length": 256,
        "owner_tier": 0,
        "request": "q4",
        "segment_index": 44
      },
      {
        "cache_owner": "q0",
        "epic_prefix_rows": [
          20,
          27,
          111,
          120,
          126,
          217,
          239,
          244
        ],
        "fingerprint": "17914e14c68c53c7",
        "length": 256,
        "owner_tier": 0,
        "request": "q4",
        "segment_index": 45
      },
      {
        "cache_owner": "q0",
        "epic_prefix_rows": [
          49,
          52,
          89,
          103,
          151,
          170,
          229,
          230
        ],
        "fingerprint": "0d5ec49d1bd3dfc2",
        "length": 256,
        "owner_tier": 0,
        "request": "q4",
        "segment_index": 46
      },
      {
        "cache_owner": "q0",
        "epic_prefix_rows": [
          81,
          97,
          109,
          134,
          206,
          231,
          243,
          245
        ],
        "fingerprint": "c8ca1ee28f153785",
        "length": 256,
        "owner_tier": 0,
        "request": "q4",
        "segment_index": 47
      },
      {
        "cache_owner": "q0",
        "epic_prefix_rows": [
          56,
          67,
          85,
          134,
          179,
          199,
          220,
          250
        ],
        "fingerprint": "d2d59fe199246a8a",
        "length": 256,
        "owner_tier": 0,
        "request": "q4",
        "segment_index": 48
      },
      {
        "cache_owner": "q0",
        "epic_prefix_rows": [
          3,
          108,
          120,
          141,
          156,
          176,
          202,
          228
        ],
        "fingerprint": "f8c3ac43031f479d",
        "length": 256,
        "owner_tier": 0,
        "request": "q4",
        "segment_index": 49
      },
      {
        "cache_owner": "q0",
        "epic_prefix_rows": [
          11,
          12,
          17,
          115,
          148,
          161,
          184,
          218
        ],
        "fingerprint": "1a0ba2ae3b5af048",
        "length": 256,
        "owner_tier": 0,
        "request": "q4",
        "segment_index": 50
      },
      {
        "cache_owner": "q0",
        "epic_prefix_rows": [
          13,
          24,
          27,
          153,
          169,
          195,
          208,
          231
        ],
        "fingerprint": "4efa77b98545d7f9",
        "length": 256,
        "owner_tier": 0,
        "request": "q4",
        "segment_index": 51
      },
      {
        "cache_owner": "q0",
        "epic_prefix_rows": [
          22,
          31,
          54,
          60,
          140,
          173,
          178,
          215
        ],
        "fingerprint": "e8daa9461adadb50",
        "length": 256,
        "owner_tier": 0,
        "request": "q4",
        "segment_index": 52
      },
      {
        "cache_owner": "q0",
        "epic_prefix_rows": [
          7,
          17,
          50,
          51,
          55,
          108,
          143,
          210
        ],
        "fingerprint": "27676fe4288b5092",
        "length": 256,
        "owner_tier": 0,
        "request": "q4",
        "segment_index": 53
      },
      {
        "cache_owner": "q0",
        "epic_prefix_rows": [
          62,
          79,
          92,
          118,
          122,
          133,
          204,
          247
        ],
        "fingerprint": "4628056629d21f29",
        "length": 256,
        "owner_tier": 0,
        "request": "q4",
        "segment_index": 54
      },
      {
        "cache_owner": "q0",
        "epic_prefix_rows": [
          26,
          38,
          66,
          104,
          116,
          201,
          234,
          249
        ],
        "fingerprint": "9e222200b410e430",
        "length": 256,
        "owner_tier": 0,
        "request": "q4",
        "segment_index": 55
      },
      {
        "cache_owner": "q0",
        "epic_prefix_rows": [
          33,
          60,
          79,
          116,
          126,
          215,
          222,
          251
        ],
        "fingerprint": "7753df1b6f8c9278",
        "length": 256,
        "owner_tier": 0,
        "request": "q4",
        "segment_index": 56
      },
      {
        "cache_owner": "q0",
        "epic_prefix_rows": [
          18,
          24,
          71,
          79,
          98,
          131,
          199,
          252
        ],
        "fingerprint": "2601f658cc5d3594",
        "length": 256,
        "owner_tier": 0,
        "request": "q4",
        "segment_index": 57
      },
      {
        "cache_owner": "q0",
        "epic_prefix_rows": [
          32,
          118,
          157,
          170,
          197,
          215,
          233,
          245
        ],
        "fingerprint": "27013d93d3fccf89",
        "length": 256,
        "owner_tier": 0,
        "request": "q4",
        "segment_index": 58
      },
      {
        "cache_owner": "q0",
        "epic_prefix_rows": [
          121,
          122,
          139,
          149,
          153,
          155,
          174,
          222
        ],
        "fingerprint": "6880baf09f037c19",
        "length": 256,
        "owner_tier": 0,
        "request": "q4",
        "segment_index": 59
      },
      {
        "cache_owner": "q0",
        "epic_prefix_rows": [
          48,
          99,
          106,
          153,
          155,
          163,
          165,
          194
        ],
        "fingerprint": "0724e17672a95b93",
        "length": 256,
        "owner_tier": 0,
        "request": "q4",
        "segment_index": 60
      },
      {
        "cache_owner": "q0",
        "epic_prefix_rows": [
          52,
          83,
          108,
          124,
          161,
          209,
          214,
          237
        ],
        "fingerprint": "e3c449fc4cd656ce",
        "length": 256,
        "owner_tier": 0,
        "request": "q4",
        "segment_index": 61
      },
      {
        "cache_owner": "q0",
        "epic_prefix_rows": [
          33,
          49,
          125,
          140,
          186,
          200,
          225,
          243
        ],
        "fingerprint": "274f7d8aacaccf25",
        "length": 256,
        "owner_tier": 0,
        "request": "q4",
        "segment_index": 62
      },
      {
        "cache_owner": "q0",
        "epic_prefix_rows": [
          4,
          61,
          85,
          101,
          135,
          136,
          199,
          201
        ],
        "fingerprint": "146a74171fc8e908",
        "length": 256,
        "owner_tier": 0,
        "request": "q4",
        "segment_index": 63
      },
      {
        "cache_owner": "q0",
        "epic_prefix_rows": [
          12,
          30,
          83,
          170,
          194,
          212,
          217,
          218
        ],
        "fingerprint": "56421c8602f059e6",
        "length": 256,
        "owner_tier": 0,
        "request": "q4",
        "segment_index": 64
      },
      {
        "cache_owner": "q0",
        "epic_prefix_rows": [
          7,
          18,
          20,
          44,
          77,
          121,
          136,
          242
        ],
        "fingerprint": "357ad2bb54f67a0c",
        "length": 256,
        "owner_tier": 0,
        "request": "q4",
        "segment_index": 65
      },
      {
        "cache_owner": "q0",
        "epic_prefix_rows": [
          38,
          71,
          84,
          126,
          149,
          170,
          217,
          249
        ],
        "fingerprint": "008b81b4d6caa9c9",
        "length": 256,
        "owner_tier": 0,
        "request": "q4",
        "segment_index": 66
      },
      {
        "cache_owner": "q0",
        "epic_prefix_rows": [
          6,
          14,
          68,
          75,
          99,
          126,
          137,
          226
        ],
        "fingerprint": "189f6cf46a89a8af",
        "length": 256,
        "owner_tier": 0,
        "request": "q4",
        "segment_index": 67
      },
      {
        "cache_owner": "q0",
        "epic_prefix_rows": [
          4,
          10,
          19,
          85,
          141,
          154,
          195,
          238
        ],
        "fingerprint": "7ee8a980cd5e73db",
        "length": 256,
        "owner_tier": 0,
        "request": "q4",
        "segment_index": 68
      },
      {
        "cache_owner": "q0",
        "epic_prefix_rows": [
          13,
          46,
          118,
          132,
          160,
          181,
          204,
          236
        ],
        "fingerprint": "1e09fc3aa312bedf",
        "length": 256,
        "owner_tier": 0,
        "request": "q4",
        "segment_index": 69
      },
      {
        "cache_owner": "q0",
        "epic_prefix_rows": [
          30,
          56,
          84,
          110,
          193,
          221,
          230,
          250
        ],
        "fingerprint": "e83ba334f98641d8",
        "length": 256,
        "owner_tier": 0,
        "request": "q4",
        "segment_index": 70
      },
      {
        "cache_owner": "q0",
        "epic_prefix_rows": [
          30,
          48,
          111,
          118,
          141,
          163,
          164,
          204
        ],
        "fingerprint": "93ff15fd417be171",
        "length": 256,
        "owner_tier": 0,
        "request": "q4",
        "segment_index": 71
      },
      {
        "cache_owner": "q0",
        "epic_prefix_rows": [
          11,
          44,
          55,
          94,
          142,
          181,
          235,
          244
        ],
        "fingerprint": "014c9a04b4e916be",
        "length": 256,
        "owner_tier": 0,
        "request": "q4",
        "segment_index": 72
      },
      {
        "cache_owner": "q0",
        "epic_prefix_rows": [
          19,
          82,
          88,
          90,
          101,
          128,
          220,
          222
        ],
        "fingerprint": "84398fc658db81a5",
        "length": 256,
        "owner_tier": 0,
        "request": "q4",
        "segment_index": 73
      },
      {
        "cache_owner": "q0",
        "epic_prefix_rows": [
          12,
          26,
          27,
          117,
          131,
          153,
          189,
          232
        ],
        "fingerprint": "05d534e6a81b4210",
        "length": 256,
        "owner_tier": 0,
        "request": "q4",
        "segment_index": 74
      },
      {
        "cache_owner": "q0",
        "epic_prefix_rows": [
          34,
          58,
          66,
          142,
          144,
          169,
          191,
          225
        ],
        "fingerprint": "8c41295e89de23e3",
        "length": 256,
        "owner_tier": 0,
        "request": "q4",
        "segment_index": 75
      },
      {
        "cache_owner": "q0",
        "epic_prefix_rows": [
          49,
          78,
          84,
          111,
          128,
          173,
          180,
          212
        ],
        "fingerprint": "0d6ee10e10def3d2",
        "length": 256,
        "owner_tier": 0,
        "request": "q4",
        "segment_index": 76
      },
      {
        "cache_owner": "q0",
        "epic_prefix_rows": [
          5,
          32,
          37,
          56,
          130,
          181,
          215,
          235
        ],
        "fingerprint": "c1807afb81a20f51",
        "length": 256,
        "owner_tier": 0,
        "request": "q4",
        "segment_index": 77
      },
      {
        "cache_owner": "q0",
        "epic_prefix_rows": [
          17,
          51,
          75,
          94,
          176,
          195,
          209,
          233
        ],
        "fingerprint": "931d7f5b83731cc7",
        "length": 256,
        "owner_tier": 0,
        "request": "q4",
        "segment_index": 78
      },
      {
        "cache_owner": "q0",
        "epic_prefix_rows": [
          42,
          72,
          96,
          142,
          144,
          160,
          217,
          227
        ],
        "fingerprint": "de3ba4f43ce3a094",
        "length": 256,
        "owner_tier": 0,
        "request": "q4",
        "segment_index": 79
      },
      {
        "cache_owner": "q0",
        "epic_prefix_rows": [
          17,
          22,
          69,
          100,
          112,
          145,
          209,
          227
        ],
        "fingerprint": "549b6eeef884e61d",
        "length": 256,
        "owner_tier": 0,
        "request": "q4",
        "segment_index": 80
      },
      {
        "cache_owner": "q0",
        "epic_prefix_rows": [
          18,
          28,
          67,
          105,
          135,
          145,
          187,
          196
        ],
        "fingerprint": "8f21a2b7cbc6a1cc",
        "length": 256,
        "owner_tier": 0,
        "request": "q4",
        "segment_index": 81
      },
      {
        "cache_owner": "q0",
        "epic_prefix_rows": [
          1,
          21,
          98,
          105,
          150,
          153,
          219,
          229
        ],
        "fingerprint": "3327eb88b326572c",
        "length": 256,
        "owner_tier": 0,
        "request": "q4",
        "segment_index": 82
      },
      {
        "cache_owner": "q0",
        "epic_prefix_rows": [
          5,
          52,
          85,
          118,
          137,
          187,
          214,
          223
        ],
        "fingerprint": "828afffd0287a7fd",
        "length": 256,
        "owner_tier": 0,
        "request": "q4",
        "segment_index": 83
      },
      {
        "cache_owner": "q0",
        "epic_prefix_rows": [
          21,
          46,
          79,
          110,
          167,
          181,
          201,
          205
        ],
        "fingerprint": "2e40f41c46618477",
        "length": 256,
        "owner_tier": 0,
        "request": "q4",
        "segment_index": 84
      },
      {
        "cache_owner": "q0",
        "epic_prefix_rows": [
          18,
          99,
          121,
          126,
          142,
          168,
          192,
          251
        ],
        "fingerprint": "38fd9d00b6d09b58",
        "length": 256,
        "owner_tier": 0,
        "request": "q4",
        "segment_index": 85
      },
      {
        "cache_owner": "q0",
        "epic_prefix_rows": [
          22,
          40,
          82,
          94,
          105,
          118,
          143,
          231
        ],
        "fingerprint": "01ef803e6ca17df7",
        "length": 256,
        "owner_tier": 0,
        "request": "q4",
        "segment_index": 86
      },
      {
        "cache_owner": "q0",
        "epic_prefix_rows": [
          14,
          74,
          118,
          147,
          157,
          202,
          203,
          216
        ],
        "fingerprint": "70b457c38f944354",
        "length": 256,
        "owner_tier": 0,
        "request": "q4",
        "segment_index": 87
      },
      {
        "cache_owner": "q0",
        "epic_prefix_rows": [
          22,
          45,
          57,
          104,
          152,
          178,
          195,
          248
        ],
        "fingerprint": "e2614c2dedf4cf58",
        "length": 256,
        "owner_tier": 0,
        "request": "q4",
        "segment_index": 88
      },
      {
        "cache_owner": "q0",
        "epic_prefix_rows": [
          22,
          51,
          97,
          114,
          183,
          186,
          234,
          236
        ],
        "fingerprint": "b1ab14bf7fe90b52",
        "length": 256,
        "owner_tier": 0,
        "request": "q4",
        "segment_index": 89
      },
      {
        "cache_owner": "q0",
        "epic_prefix_rows": [
          1,
          34,
          50,
          102,
          148,
          158,
          222,
          253
        ],
        "fingerprint": "19b2326032573ee0",
        "length": 256,
        "owner_tier": 0,
        "request": "q4",
        "segment_index": 90
      },
      {
        "cache_owner": "q0",
        "epic_prefix_rows": [
          2,
          79,
          82,
          104,
          207,
          232,
          242,
          250
        ],
        "fingerprint": "f97f30f9dca3b30d",
        "length": 256,
        "owner_tier": 0,
        "request": "q4",
        "segment_index": 91
      },
      {
        "cache_owner": "q0",
        "epic_prefix_rows": [
          37,
          41,
          91,
          98,
          163,
          174,
          211,
          233
        ],
        "fingerprint": "9b66baa8d351f5fb",
        "length": 256,
        "owner_tier": 0,
        "request": "q4",
        "segment_index": 92
      },
      {
        "cache_owner": "q1",
        "epic_prefix_rows": [
          26,
          80,
          128,
          149,
          150,
          214,
          223,
          250
        ],
        "fingerprint": "1393d94e264cb21d",
        "length": 256,
        "owner_tier": 0,
        "request": "q4",
        "segment_index": 93
      },
      {
        "cache_owner": "q10",
        "epic_prefix_rows": [
          0,
          35,
          149,
          187,
          239,
          241,
          245,
          252
        ],
        "fingerprint": "5994a888fff74396",
        "length": 256,
        "owner_tier": 0,
        "request": "q4",
        "segment_index": 94
      },
      {
        "cache_owner": "q10",
        "epic_prefix_rows": [
          35,
          74,
          107,
          157,
          180,
          214,
          226,
          237
        ],
        "fingerprint": "7340d25484ecfb18",
        "length": 256,
        "owner_tier": 0,
        "request": "q4",
        "segment_index": 95
      },
      {
        "cache_owner": "q10",
        "epic_prefix_rows": [
          32,
          41,
          69,
          107,
          131,
          146,
          184,
          246
        ],
        "fingerprint": "6a4062e9346a79d0",
        "length": 256,
        "owner_tier": 0,
        "request": "q4",
        "segment_index": 96
      },
      {
        "cache_owner": "q0",
        "epic_prefix_rows": [],
        "fingerprint": "b4818fcedac6bc88",
        "length": 300,
        "owner_tier": 0,
        "request": "q5",
        "segment_index": 0
      },
      {
        "cache_owner": "q0",
        "epic_prefix_rows": [
          2,
          90,
          92,
          142,
          180,
          222,
          233,
          247
        ],
        "fingerprint": "f80c33b8ee010c22",
        "length": 256,
        "owner_tier": 0,
        "request": "q5",
        "segment_index": 1
      },
      {
        "cache_owner": "q0",
        "epic_prefix_rows": [
          16,
          23,
          24,
          46,
          127,
          154,
          216,
          223
        ],
        "fingerprint": "a5918e4687c97f7e",
        "length": 256,
        "owner_tier": 0,
        "request": "q5",
        "segment_index": 2
      },
      {
        "cache_owner": "q0",
        "epic_prefix_rows": [
          9,
          23,
          59,
          88,
          107,
          136,
          192,
          240
        ],
        "fingerprint": "2b4e7732607841e2",
        "length": 256,
        "owner_tier": 0,
        "request": "q5",
        "segment_index": 3
      },
      {
        "cache_owner": "q0",
        "epic_prefix_rows": [
          9,
          24,
          34,
          74,
          81,
          128,
          224,
          242
        ],
        "fingerprint": "9e4aeb4914ddd394",
        "length": 256,
        "owner_tier": 0,
        "request": "q5",
        "segment_index": 4
      },
      {
        "cache_owner": "q0",
        "epic_prefix_rows": [
          9,
          31,
          111,
          112,
          122,
          169,
          229,
          250
        ],
        "fingerprint": "6334e6823b55d024",
        "length": 256,
        "owner_tier": 0,
        "request": "q5",
        "segment_index": 5
      },
      {
        "cache_owner": "q0",
        "epic_prefix_rows": [
          24,
          28,
          31,
          36,
          77,
          116,
          135,
          205
        ],
        "fingerprint": "307e02ba0c9c8db6",
        "length": 256,
        "owner_tier": 0,
        "request": "q5",
        "segment_index": 6
      },
      {
        "cache_owner": "q0",
        "epic_prefix_rows": [
          4,
          40,
          51,
          76,
          133,
          163,
          189,
          253
        ],
        "fingerprint": "d8e088676ac0e994",
        "length": 256,
        "owner_tier": 0,
        "request": "q5",
        "segment_index": 7
      },
      {
        "cache_owner": "q0",
        "epic_prefix_rows": [
          34,
          80,
          94,
          102,
          108,
          126,
          153,
          181
        ],
        "fingerprint": "eba00dddf332f864",
        "length": 256,
        "owner_tier": 0,
        "request": "q5",
        "segment_index": 8
      },
      {
        "cache_owner": "q0",
        "epic_prefix_rows": [
          51,
          56,
          78,
          130,
          146,
          190,
          212,
          216
        ],
        "fingerprint": "16ff367edf27a427",
        "length": 256,
        "owner_tier": 0,
        "request": "q5",
        "segment_index": 9
      },
      {
        "cache_owner": "q0",
        "epic_prefix_rows": [
          15,
          25,
          61,
          95,
          139,
          161,
          203,
          209
        ],
        "fingerprint": "544559610dd737d8",
        "length": 256,
        "owner_tier": 0,
        "request": "q5",
        "segment_index": 10
      },
      {
        "cache_owner": "q0",
        "epic_prefix_rows": [
          8,
          11,
          16,
          28,
          57,
          119,
          120,
          167
        ],
        "fingerprint": "719d4f68cfcda7af",
        "length": 256,
        "owner_tier": 0,
        "request": "q5",
        "segment_index": 11
      },
      {
        "cache_owner": "q0",
        "epic_prefix_rows": [
          29,
          46,
          54,
          119,
          131,
          145,
          216,
          238
        ],
        "fingerprint": "de2eea82f07af94b",
        "length": 256,
        "owner_tier": 0,
        "request": "q5",
        "segment_index": 12
      },
      {
        "cache_owner": "q0",
        "epic_prefix_rows": [
          56,
          60,
          69,
          135,
          136,
          138,
          185,
          189
        ],
        "fingerprint": "3df9fb747ee9b3ed",
        "length": 256,
        "owner_tier": 0,
        "request": "q5",
        "segment_index": 13
      },
      {
        "cache_owner": "q0",
        "epic_prefix_rows": [
          3,
          27,
          32,
          143,
          149,
          185,
          187,
          209
        ],
        "fingerprint": "d84e94f761d8f171",
        "length": 256,
        "owner_tier": 0,
        "request": "q5",
        "segment_index": 14
      },
      {
        "cache_owner": "q0",
        "epic_prefix_rows": [
          38,
          70,
          104,
          112,
          171,
          177,
          217,
          250
        ],
        "fingerprint": "e69c516fc2d68c1b",
        "length": 256,
        "owner_tier": 0,
        "request": "q5",
        "segment_index": 15
      },
      {
        "cache_owner": "q0",
        "epic_prefix_rows": [
          29,
          37,
          45,
          82,
          90,
          119,
          146,
          194
        ],
        "fingerprint": "d679790103e8c53b",
        "length": 256,
        "owner_tier": 0,
        "request": "q5",
        "segment_index": 16
      },
      {
        "cache_owner": "q0",
        "epic_prefix_rows": [
          52,
          100,
          103,
          110,
          182,
          226,
          236,
          239
        ],
        "fingerprint": "ef9219752ae977de",
        "length": 256,
        "owner_tier": 0,
        "request": "q5",
        "segment_index": 17
      },
      {
        "cache_owner": "q0",
        "epic_prefix_rows": [
          12,
          54,
          160,
          161,
          174,
          179,
          199,
          217
        ],
        "fingerprint": "804751a4de0897b1",
        "length": 256,
        "owner_tier": 0,
        "request": "q5",
        "segment_index": 18
      },
      {
        "cache_owner": "q0",
        "epic_prefix_rows": [
          67,
          96,
          122,
          144,
          191,
          192,
          198,
          216
        ],
        "fingerprint": "408f7199c5ad6444",
        "length": 256,
        "owner_tier": 0,
        "request": "q5",
        "segment_index": 19
      },
      {
        "cache_owner": "q0",
        "epic_prefix_rows": [
          24,
          35,
          93,
          98,
          106,
          172,
          192,
          193
        ],
        "fingerprint": "0b61bf84de13cf6f",
        "length": 256,
        "owner_tier": 0,
        "request": "q5",
        "segment_index": 20
      },
      {
        "cache_owner": "q0",
        "epic_prefix_rows": [
          23,
          32,
          53,
          78,
          84,
          183,
          186,
          236
        ],
        "fingerprint": "f4cf28fc5b71edf3",
        "length": 256,
        "owner_tier": 0,
        "request": "q5",
        "segment_index": 21
      },
      {
        "cache_owner": "q0",
        "epic_prefix_rows": [
          87,
          148,
          153,
          164,
          173,
          212,
          218,
          231
        ],
        "fingerprint": "f4fdd0e52e878abf",
        "length": 256,
        "owner_tier": 0,
        "request": "q5",
        "segment_index": 22
      },
      {
        "cache_owner": "q0",
        "epic_prefix_rows": [
          15,
          62,
          70,
          71,
          162,
          180,
          209,
          237
        ],
        "fingerprint": "7ba29ac00739c4ea",
        "length": 256,
        "owner_tier": 0,
        "request": "q5",
        "segment_index": 23
      },
      {
        "cache_owner": "q0",
        "epic_prefix_rows": [
          24,
          62,
          74,
          104,
          148,
          166,
          182,
          185
        ],
        "fingerprint": "6c5246339cc01ead",
        "length": 256,
        "owner_tier": 0,
        "request": "q5",
        "segment_index": 24
      },
      {
        "cache_owner": "q0",
        "epic_prefix_rows": [
          8,
          33,
          48,
          117,
          121,
          224,
          232,
          243
        ],
        "fingerprint": "3e13ea33ffd365d2",
        "length": 256,
        "owner_tier": 0,
        "request": "q5",
        "segment_index": 25
      },
      {
        "cache_owner": "q0",
        "epic_prefix_rows": [
          3,
          38,
          101,
          104,
          106,
          152,
          182,
          190
        ],
        "fingerprint": "97a85315f7478ed8",
        "length": 256,
        "owner_tier": 0,
        "request": "q5",
        "segment_index": 26
      },
      {
        "cache_owner": "q0",
        "epic_prefix_rows": [
          4,
          30,
          40,
          84,
          143,
          173,
          176,
          210
        ],
        "fingerprint": "e2f20e8d23ad1f3c",
        "length": 256,
        "owner_tier": 0,
        "request": "q5",
        "segment_index": 27
      },
      {
        "cache_owner": "q0",
        "epic_prefix_rows": [
          6,
          11,
          74,
          160,
          191,
          221,
          233,
          243
        ],
        "fingerprint": "0d5323d6441850a7",
        "length": 256,
        "owner_tier": 0,
        "request": "q5",
        "segment_index": 28
      },
      {
        "cache_owner": "q0",
        "epic_prefix_rows": [
          3,
          29,
          42,
          55,
          126,
          193,
          238,
          248
        ],
        "fingerprint": "2bbeefee3ca77394",
        "length": 256,
        "owner_tier": 0,
        "request": "q5",
        "segment_index": 29
      },
      {
        "cache_owner": "q0",
        "epic_prefix_rows": [
          2,
          16,
          50,
          65,
          155,
          197,
          209,
          244
        ],
        "fingerprint": "28b214a69646c775",
        "length": 256,
        "owner_tier": 0,
        "request": "q5",
        "segment_index": 30
      },
      {
        "cache_owner": "q0",
        "epic_prefix_rows": [
          5,
          85,
          90,
          91,
          97,
          111,
          231,
          236
        ],
        "fingerprint": "196ab37f68eb91dd",
        "length": 256,
        "owner_tier": 0,
        "request": "q5",
        "segment_index": 31
      },
      {
        "cache_owner": "q0",
        "epic_prefix_rows": [
          23,
          50,
          137,
          173,
          198,
          232,
          240,
          248
        ],
        "fingerprint": "b289731a6de14025",
        "length": 256,
        "owner_tier": 0,
        "request": "q5",
        "segment_index": 32
      },
      {
        "cache_owner": "q0",
        "epic_prefix_rows": [
          20,
          87,
          115,
          136,
          217,
          229,
          245,
          248
        ],
        "fingerprint": "1fd8287b40b3ef05",
        "length": 256,
        "owner_tier": 0,
        "request": "q5",
        "segment_index": 33
      },
      {
        "cache_owner": "q0",
        "epic_prefix_rows": [
          11,
          16,
          23,
          102,
          120,
          167,
          195,
          248
        ],
        "fingerprint": "d655032a50b311c0",
        "length": 256,
        "owner_tier": 0,
        "request": "q5",
        "segment_index": 34
      },
      {
        "cache_owner": "q0",
        "epic_prefix_rows": [
          54,
          79,
          93,
          99,
          131,
          150,
          171,
          223
        ],
        "fingerprint": "68aa33941aec615e",
        "length": 256,
        "owner_tier": 0,
        "request": "q5",
        "segment_index": 35
      },
      {
        "cache_owner": "q0",
        "epic_prefix_rows": [
          32,
          76,
          111,
          189,
          196,
          203,
          210,
          250
        ],
        "fingerprint": "57edc36f5adb4077",
        "length": 256,
        "owner_tier": 0,
        "request": "q5",
        "segment_index": 36
      },
      {
        "cache_owner": "q0",
        "epic_prefix_rows": [
          53,
          133,
          135,
          182,
          187,
          204,
          210,
          216
        ],
        "fingerprint": "060fe3cc81c4e614",
        "length": 256,
        "owner_tier": 0,
        "request": "q5",
        "segment_index": 37
      },
      {
        "cache_owner": "q0",
        "epic_prefix_rows": [
          3,
          6,
          47,
          106,
          109,
          162,
          187,
          234
        ],
        "fingerprint": "2c3a90bf49014087",
        "length": 256,
        "owner_tier": 0,
        "request": "q5",
        "segment_index": 38
      },
      {
        "cache_owner": "q0",
        "epic_prefix_rows": [
          8,
          59,
          104,
          127,
          162,
          192,
          214,
          217
        ],
        "fingerprint": "b8b19851f0e91e8b",
        "length": 256,
        "owner_tier": 0,
        "request": "q5",
        "segment_index": 39
      },
      {
        "cache_owner": "q0",
        "epic_prefix_rows": [
          38,
          43,
          81,
          104,
          106,
          109,
          152,
          154
        ],
        "fingerprint": "0a24aa246267ca70",
        "length": 256,
        "owner_tier": 0,
        "request": "q5",
        "segment_index": 40
      },
      {
        "cache_owner": "q0",
        "epic_prefix_rows": [
          3,
          80,
          120,
          123,
          150,
          166,
          222,
          252
        ],
        "fingerprint": "39982a5ac106dc56",
        "length": 256,
        "owner_tier": 0,
        "request": "q5",
        "segment_index": 41
      },
      {
        "cache_owner": "q0",
        "epic_prefix_rows": [
          1,
          33,
          67,
          101,
          137,
          157,
          226,
          248
        ],
        "fingerprint": "5b4fec5265577019",
        "length": 256,
        "owner_tier": 0,
        "request": "q5",
        "segment_index": 42
      },
      {
        "cache_owner": "q0",
        "epic_prefix_rows": [
          69,
          71,
          94,
          151,
          156,
          165,
          174,
          206
        ],
        "fingerprint": "31754f310cc87cb9",
        "length": 256,
        "owner_tier": 0,
        "request": "q5",
        "segment_index": 43
      },
      {
        "cache_owner": "q0",
        "epic_prefix_rows": [
          90,
          107,
          135,
          179,
          212,
          230,
          232,
          246
        ],
        "fingerprint": "17914e14c68c53c7",
        "length": 256,
        "owner_tier": 0,
        "request": "q5",
        "segment_index": 44
      },
      {
        "cache_owner": "q0",
        "epic_prefix_rows": [
          25,
          31,
          165,
          175,
          214,
          223,
          251,
          253
        ],
        "fingerprint": "0d5ec49d1bd3dfc2",
        "length": 256,
        "owner_tier": 0,
        "request": "q5",
        "segment_index": 45
      },
      {
        "cache_owner": "q0",
        "epic_prefix_rows": [
          34,
          47,
          145,
          151,
          174,
          186,
          223,
          224
        ],
        "fingerprint": "c8ca1ee28f153785",
        "length": 256,
        "owner_tier": 0,
        "request": "q5",
        "segment_index": 46
      },
      {
        "cache_owner": "q0",
        "epic_prefix_rows": [
          16,
          57,
          177,
          179,
          203,
          211,
          228,
          233
        ],
        "fingerprint": "d2d59fe199246a8a",
        "length": 256,
        "owner_tier": 0,
        "request": "q5",
        "segment_index": 47
      },
      {
        "cache_owner": "q0",
        "epic_prefix_rows": [
          3,
          11,
          30,
          112,
          156,
          181,
          217,
          240
        ],
        "fingerprint": "f8c3ac43031f479d",
        "length": 256,
        "owner_tier": 0,
        "request": "q5",
        "segment_index": 48
      },
      {
        "cache_owner": "q0",
        "epic_prefix_rows": [
          27,
          58,
          60,
          99,
          111,
          134,
          163,
          207
        ],
        "fingerprint": "1a0ba2ae3b5af048",
        "length": 256,
        "owner_tier": 0,
        "request": "q5",
        "segment_index": 49
      },
      {
        "cache_owner": "q0",
        "epic_prefix_rows": [
          9,
          26,
          76,
          128,
          173,
          208,
          231,
          246
        ],
        "fingerprint": "4efa77b98545d7f9",
        "length": 256,
        "owner_tier": 0,
        "request": "q5",
        "segment_index": 50
      },
      {
        "cache_owner": "q0",
        "epic_prefix_rows": [
          83,
          102,
          114,
          124,
          126,
          139,
          150,
          251
        ],
        "fingerprint": "e8daa9461adadb50",
        "length": 256,
        "owner_tier": 0,
        "request": "q5",
        "segment_index": 51
      },
      {
        "cache_owner": "q0",
        "epic_prefix_rows": [
          32,
          76,
          96,
          124,
          138,
          166,
          176,
          196
        ],
        "fingerprint": "27676fe4288b5092",
        "length": 256,
        "owner_tier": 0,
        "request": "q5",
        "segment_index": 52
      },
      {
        "cache_owner": "q0",
        "epic_prefix_rows": [
          40,
          83,
          99,
          105,
          106,
          154,
          195,
          248
        ],
        "fingerprint": "4628056629d21f29",
        "length": 256,
        "owner_tier": 0,
        "request": "q5",
        "segment_index": 53
      },
      {
        "cache_owner": "q0",
        "epic_prefix_rows": [
          14,
          27,
          44,
          48,
          111,
          157,
          178,
          230
        ],
        "fingerprint": "9e222200b410e430",
        "length": 256,
        "owner_tier": 0,
        "request": "q5",
        "segment_index": 54
      },
      {
        "cache_owner": "q0",
        "epic_prefix_rows": [
          55,
          113,
          141,
          148,
          159,
          190,
          192,
          252
        ],
        "fingerprint": "7753df1b6f8c9278",
        "length": 256,
        "owner_tier": 0,
        "request": "q5",
        "segment_index": 55
      },
      {
        "cache_owner": "q0",
        "epic_prefix_rows": [
          60,
          74,
          166,
          179,
          189,
          196,
          201,
          243
        ],
        "fingerprint": "2601f658cc5d3594",
        "length": 256,
        "owner_tier": 0,
        "request": "q5",
        "segment_index": 56
      },
      {
        "cache_owner": "q0",
        "epic_prefix_rows": [
          22,
          38,
          47,
          69,
          76,
          78,
          131,
          136
        ],
        "fingerprint": "27013d93d3fccf89",
        "length": 256,
        "owner_tier": 0,
        "request": "q5",
        "segment_index": 57
      },
      {
        "cache_owner": "q0",
        "epic_prefix_rows": [
          12,
          54,
          103,
          112,
          178,
          182,
          199,
          240
        ],
        "fingerprint": "6880baf09f037c19",
        "length": 256,
        "owner_tier": 0,
        "request": "q5",
        "segment_index": 58
      },
      {
        "cache_owner": "q0",
        "epic_prefix_rows": [
          10,
          41,
          53,
          124,
          172,
          210,
          211,
          217
        ],
        "fingerprint": "0724e17672a95b93",
        "length": 256,
        "owner_tier": 0,
        "request": "q5",
        "segment_index": 59
      },
      {
        "cache_owner": "q0",
        "epic_prefix_rows": [
          88,
          109,
          146,
          156,
          212,
          236,
          240,
          252
        ],
        "fingerprint": "e3c449fc4cd656ce",
        "length": 256,
        "owner_tier": 0,
        "request": "q5",
        "segment_index": 60
      },
      {
        "cache_owner": "q0",
        "epic_prefix_rows": [
          0,
          50,
          77,
          140,
          174,
          177,
          186,
          235
        ],
        "fingerprint": "274f7d8aacaccf25",
        "length": 256,
        "owner_tier": 0,
        "request": "q5",
        "segment_index": 61
      },
      {
        "cache_owner": "q0",
        "epic_prefix_rows": [
          26,
          32,
          77,
          81,
          92,
          154,
          231,
          252
        ],
        "fingerprint": "146a74171fc8e908",
        "length": 256,
        "owner_tier": 0,
        "request": "q5",
        "segment_index": 62
      },
      {
        "cache_owner": "q0",
        "epic_prefix_rows": [
          19,
          36,
          61,
          82,
          123,
          171,
          180,
          235
        ],
        "fingerprint": "56421c8602f059e6",
        "length": 256,
        "owner_tier": 0,
        "request": "q5",
        "segment_index": 63
      },
      {
        "cache_owner": "q0",
        "epic_prefix_rows": [
          45,
          57,
          116,
          179,
          210,
          218,
          239,
          248
        ],
        "fingerprint": "357ad2bb54f67a0c",
        "length": 256,
        "owner_tier": 0,
        "request": "q5",
        "segment_index": 64
      },
      {
        "cache_owner": "q0",
        "epic_prefix_rows": [
          15,
          52,
          60,
          153,
          155,
          174,
          190,
          245
        ],
        "fingerprint": "008b81b4d6caa9c9",
        "length": 256,
        "owner_tier": 0,
        "request": "q5",
        "segment_index": 65
      },
      {
        "cache_owner": "q0",
        "epic_prefix_rows": [
          21,
          92,
          93,
          114,
          159,
          174,
          194,
          244
        ],
        "fingerprint": "189f6cf46a89a8af",
        "length": 256,
        "owner_tier": 0,
        "request": "q5",
        "segment_index": 66
      },
      {
        "cache_owner": "q0",
        "epic_prefix_rows": [
          6,
          104,
          172,
          173,
          190,
          213,
          228,
          234
        ],
        "fingerprint": "7ee8a980cd5e73db",
        "length": 256,
        "owner_tier": 0,
        "request": "q5",
        "segment_index": 67
      },
      {
        "cache_owner": "q0",
        "epic_prefix_rows": [
          26,
          81,
          97,
          161,
          219,
          220,
          244,
          245
        ],
        "fingerprint": "1e09fc3aa312bedf",
        "length": 256,
        "owner_tier": 0,
        "request": "q5",
        "segment_index": 68
      },
      {
        "cache_owner": "q0",
        "epic_prefix_rows": [
          0,
          21,
          53,
          81,
          83,
          98,
          108,
          253
        ],
        "fingerprint": "e83ba334f98641d8",
        "length": 256,
        "owner_tier": 0,
        "request": "q5",
        "segment_index": 69
      },
      {
        "cache_owner": "q0",
        "epic_prefix_rows": [
          10,
          57,
          60,
          62,
          82,
          96,
          193,
          219
        ],
        "fingerprint": "93ff15fd417be171",
        "length": 256,
        "owner_tier": 0,
        "request": "q5",
        "segment_index": 70
      },
      {
        "cache_owner": "q0",
        "epic_prefix_rows": [
          30,
          53,
          56,
          101,
          115,
          171,
          215,
          234
        ],
        "fingerprint": "014c9a04b4e916be",
        "length": 256,
        "owner_tier": 0,
        "request": "q5",
        "segment_index": 71
      },
      {
        "cache_owner": "q0",
        "epic_prefix_rows": [
          4,
          40,
          43,
          53,
          74,
          92,
          130,
          234
        ],
        "fingerprint": "84398fc658db81a5",
        "length": 256,
        "owner_tier": 0,
        "request": "q5",
        "segment_index": 72
      },
      {
        "cache_owner": "q0",
        "epic_prefix_rows": [
          66,
          85,
          114,
          142,
          150,
          158,
          164,
          253
        ],
        "fingerprint": "05d534e6a81b4210",
        "length": 256,
        "owner_tier": 0,
        "request": "q5",
        "segment_index": 73
      },
      {
        "cache_owner": "q0",
        "epic_prefix_rows": [
          30,
          64,
          102,
          122,
          168,
          194,
          201,
          242
        ],
        "fingerprint": "8c41295e89de23e3",
        "length": 256,
        "owner_tier": 0,
        "request": "q5",
        "segment_index": 74
      },
      {
        "cache_owner": "q0",
        "epic_prefix_rows": [
          9,
          17,
          24,
          50,
          76,
          93,
          144,
          219
        ],
        "fingerprint": "0d6ee10e10def3d2",
        "length": 256,
        "owner_tier": 0,
        "request": "q5",
        "segment_index": 75
      },
      {
        "cache_owner": "q0",
        "epic_prefix_rows": [
          10,
          39,
          98,
          108,
          156,
          193,
          223,
          230
        ],
        "fingerprint": "c1807afb81a20f51",
        "length": 256,
        "owner_tier": 0,
        "request": "q5",
        "segment_index": 76
      },
      {
        "cache_owner": "q0",
        "epic_prefix_rows": [
          38,
          106,
          140,
          169,
          180,
          218,
          242,
          251
        ],
        "fingerprint": "931d7f5b83731cc7",
        "length": 256,
        "owner_tier": 0,
        "request": "q5",
        "segment_index": 77
      },
      {
        "cache_owner": "q0",
        "epic_prefix_rows": [
          3,
          8,
          16,
          58,
          100,
          225,
          229,
          240
        ],
        "fingerprint": "de3ba4f43ce3a094",
        "length": 256,
        "owner_tier": 0,
        "request": "q5",
        "segment_index": 78
      },
      {
        "cache_owner": "q0",
        "epic_prefix_rows": [
          16,
          21,
          116,
          125,
          129,
          141,
          161,
          200
        ],
        "fingerprint": "549b6eeef884e61d",
        "length": 256,
        "owner_tier": 0,
        "request": "q5",
        "segment_index": 79
      },
      {
        "cache_owner": "q0",
        "epic_prefix_rows": [
          9,
          25,
          53,
          96,
          106,
          124,
          161,
          187
        ],
        "fingerprint": "8f21a2b7cbc6a1cc",
        "length": 256,
        "owner_tier": 0,
        "request": "q5",
        "segment_index": 80
      },
      {
        "cache_owner": "q0",
        "epic_prefix_rows": [
          45,
          54,
          95,
          102,
          112,
          139,
          181,
          200
        ],
        "fingerprint": "3327eb88b326572c",
        "length": 256,
        "owner_tier": 0,
        "request": "q5",
        "segment_index": 81
      },
      {
        "cache_owner": "q0",
        "epic_prefix_rows": [
          47,
          63,
          93,
          112,
          174,
          224,
          231,
          234
        ],
        "fingerprint": "828afffd0287a7fd",
        "length": 256,
        "owner_tier": 0,
        "request": "q5",
        "segment_index": 82
      },
      {
        "cache_owner": "q0",
        "epic_prefix_rows": [
          37,
          55,
          68,
          94,
          105,
          132,
          155,
          221
        ],
        "fingerprint": "2e40f41c46618477",
        "length": 256,
        "owner_tier": 0,
        "request": "q5",
        "segment_index": 83
      },
      {
        "cache_owner": "q0",
        "epic_prefix_rows": [
          24,
          54,
          75,
          107,
          124,
          129,
          158,
          255
        ],
        "fingerprint": "38fd9d00b6d09b58",
        "length": 256,
        "owner_tier": 0,
        "request": "q5",
        "segment_index": 84
      },
      {
        "cache_owner": "q0",
        "epic_prefix_rows": [
          42,
          57,
          67,
          68,
          102,
          113,
          127,
          134
        ],
        "fingerprint": "01ef803e6ca17df7",
        "length": 256,
        "owner_tier": 0,
        "request": "q5",
        "segment_index": 85
      },
      {
        "cache_owner": "q0",
        "epic_prefix_rows": [
          52,
          90,
          101,
          185,
          217,
          231,
          253,
          254
        ],
        "fingerprint": "70b457c38f944354",
        "length": 256,
        "owner_tier": 0,
        "request": "q5",
        "segment_index": 86
      },
      {
        "cache_owner": "q0",
        "epic_prefix_rows": [
          0,
          65,
          67,
          101,
          104,
          188,
          199,
          209
        ],
        "fingerprint": "e2614c2dedf4cf58",
        "length": 256,
        "owner_tier": 0,
        "request": "q5",
        "segment_index": 87
      },
      {
        "cache_owner": "q0",
        "epic_prefix_rows": [
          21,
          25,
          115,
          164,
          183,
          211,
          237,
          255
        ],
        "fingerprint": "b1ab14bf7fe90b52",
        "length": 256,
        "owner_tier": 0,
        "request": "q5",
        "segment_index": 88
      },
      {
        "cache_owner": "q0",
        "epic_prefix_rows": [
          14,
          37,
          83,
          103,
          161,
          166,
          206,
          251
        ],
        "fingerprint": "19b2326032573ee0",
        "length": 256,
        "owner_tier": 0,
        "request": "q5",
        "segment_index": 89
      },
      {
        "cache_owner": "q0",
        "epic_prefix_rows": [
          8,
          59,
          91,
          105,
          115,
          157,
          228,
          243
        ],
        "fingerprint": "f97f30f9dca3b30d",
        "length": 256,
        "owner_tier": 0,
        "request": "q5",
        "segment_index": 90
      },
      {
        "cache_owner": "q0",
        "epic_prefix_rows": [
          3,
          7,
          12,
          46,
          138,
          148,
          155,
          179
        ],
        "fingerprint": "9b66baa8d351f5fb",
        "length": 256,
        "owner_tier": 0,
        "request": "q5",
        "segment_index": 91
      },
      {
        "cache_owner": "q1",
        "epic_prefix_rows": [
          24,
          28,
          37,
          43,
          76,
          131,
          159,
          239
        ],
        "fingerprint": "1393d94e264cb21d",
        "length": 256,
        "owner_tier": 0,
        "request": "q5",
        "segment_index": 92
      },
      {
        "cache_owner": "q10",
        "epic_prefix_rows": [
          12,
          17,
          32,
          41,
          114,
          160,
          170,
          237
        ],
        "fingerprint": "5994a888fff74396",
        "length": 256,
        "owner_tier": 0,
        "request": "q5",
        "segment_index": 93
      },
      {
        "cache_owner": "q10",
        "epic_prefix_rows": [
          13,
          122,
          148,
          164,
          179,
          182,
          206,
          249
        ],
        "fingerprint": "7340d25484ecfb18",
        "length": 256,
        "owner_tier": 0,
        "request": "q5",
        "segment_index": 94
      },
      {
        "cache_owner": "q10",
        "epic_prefix_rows": [
          14,
          26,
          87,
          97,
          109,
          137,
          202,
          214
        ],
        "fingerprint": "6a4062e9346a79d0",
        "length": 256,
        "owner_tier": 0,
        "request": "q5",
        "segment_index": 95
      },
      {
        "cache_owner": "q10",
        "epic_prefix_rows": [
          6,
          9,
          20,
          77,
          126,
          131,
          153,
          205
        ],
        "fingerprint": "310d98fa063059f6",
        "length": 256,
        "owner_tier": 0,
        "request": "q5",
        "segment_index": 96
      },
      {
        "cache_owner": "q0",
        "epic_prefix_rows": [],
        "fingerprint": "b4818fcedac6bc88",
        "length": 300,
        "owner_tier": 0,
        "request": "q6",
        "segment_index": 0
      },
      {
        "cache_owner": "q0",
        "epic_prefix_rows": [
          39,
          76,
          91,
          114,
          152,
          168,
          200,
          231
        ],
        "fingerprint": "a5918e4687c97f7e",
        "length": 256,
        "owner_tier": 0,
        "request": "q6",
        "segment_index": 1
      },
      {
        "cache_owner": "q0",
        "epic_prefix_rows": [
          17,
          112,
          130,
          135,
          137,
          152,
          187,
          243
        ],
        "fingerprint": "2b4e7732607841e2",
        "length": 256,
        "owner_tier": 0,
        "request": "q6",
        "segment_index": 2
      },
      {
        "cache_owner": "q0",
        "epic_prefix_rows": [
          57,
          119,
          140,
          149,
          157,
          170,
          193,
          248
        ],
        "fingerprint": "9e4aeb4914ddd394",
        "length": 256,
        "owner_tier": 0,
        "request": "q6",
        "segment_index": 3
      },
      {
        "cache_owner": "q0",
        "epic_prefix_rows": [
          39,
          89,
          100,
          106,
          140,
          190,
          213,
          226
        ],
        "fingerprint": "6334e6823b55d024",
        "length": 256,
        "owner_tier": 0,
        "request": "q6",
        "segment_index": 4
      },
      {
        "cache_owner": "q0",
        "epic_prefix_rows": [
          48,
          107,
          111,
          175,
          209,
          225,
          227,
          244
        ],
        "fingerprint": "307e02ba0c9c8db6",
        "length": 256,
        "owner_tier": 0,
        "request": "q6",
        "segment_index": 5
      },
      {
        "cache_owner": "q0",
        "epic_prefix_rows": [
          11,
          16,
          36,
          53,
          119,
          158,
          164,
          216
        ],
        "fingerprint": "d8e088676ac0e994",
        "length": 256,
        "owner_tier": 0,
        "request": "q6",
        "segment_index": 6
      },
      {
        "cache_owner": "q0",
        "epic_prefix_rows": [
          30,
          46,
          48,
          151,
          158,
          239,
          247,
          253
        ],
        "fingerprint": "eba00dddf332f864",
        "length": 256,
        "owner_tier": 0,
        "request": "q6",
        "segment_index": 7
      },
      {
        "cache_owner": "q0",
        "epic_prefix_rows": [
          25,
          65,
          115,
          123,
          127,
          189,
          230,
          242
        ],
        "fingerprint": "16ff367edf27a427",
        "length": 256,
        "owner_tier": 0,
        "request": "q6",
        "segment_index": 8
      },
      {
        "cache_owner": "q0",
        "epic_prefix_rows": [
          17,
          56,
          116,
          145,
          172,
          176,
          197,
          213
        ],
        "fingerprint": "544559610dd737d8",
        "length": 256,
        "owner_tier": 0,
        "request": "q6",
        "segment_index": 9
      },
      {
        "cache_owner": "q0",
        "epic_prefix_rows": [
          19,
          65,
          72,
          80,
          118,
          196,
          212,
          233
        ],
        "fingerprint": "719d4f68cfcda7af",
        "length": 256,
        "owner_tier": 0,
        "request": "q6",
        "segment_index": 10
      },
      {
        "cache_owner": "q0",
        "epic_prefix_rows": [
          58,
          66,
          132,
          152,
          168,
          191,
          232,
          236
        ],
        "fingerprint": "de2eea82f07af94b",
        "length": 256,
        "owner_tier": 0,
        "request": "q6",
        "segment_index": 11
      },
      {
        "cache_owner": "q0",
        "epic_prefix_rows": [
          18,
          41,
          58,
          100,
          121,
          133,
          149,
          234
        ],
        "fingerprint": "3df9fb747ee9b3ed",
        "length": 256,
        "owner_tier": 0,
        "request": "q6",
        "segment_index": 12
      },
      {
        "cache_owner": "q0",
        "epic_prefix_rows": [
          1,
          53,
          92,
          104,
          113,
          156,
          164,
          249
        ],
        "fingerprint": "d84e94f761d8f171",
        "length": 256,
        "owner_tier": 0,
        "request": "q6",
        "segment_index": 13
      },
      {
        "cache_owner": "q0",
        "epic_prefix_rows": [
          28,
          91,
          99,
          118,
          158,
          170,
          185,
          190
        ],
        "fingerprint": "e69c516fc2d68c1b",
        "length": 256,
        "owner_tier": 0,
        "request": "q6",
        "segment_index": 14
      },
      {
        "cache_owner": "q0",
        "epic_prefix_rows": [
          0,
          29,
          43,
          131,
          137,
          148,
          193,
          198
        ],
        "fingerprint": "d679790103e8c53b",
        "length": 256,
        "owner_tier": 0,
        "request": "q6",
        "segment_index": 15
      },
      {
        "cache_owner": "q0",
        "epic_prefix_rows": [
          0,
          65,
          67,
          82,
          88,
          116,
          147,
          249
        ],
        "fingerprint": "ef9219752ae977de",
        "length": 256,
        "owner_tier": 0,
        "request": "q6",
        "segment_index": 16
      },
      {
        "cache_owner": "q0",
        "epic_prefix_rows": [
          19,
          61,
          107,
          112,
          122,
          159,
          183,
          254
        ],
        "fingerprint": "804751a4de0897b1",
        "length": 256,
        "owner_tier": 0,
        "request": "q6",
        "segment_index": 17
      },
      {
        "cache_owner": "q0",
        "epic_prefix_rows": [
          78,
          79,
          98,
          143,
          151,
          156,
          228,
          244
        ],
        "fingerprint": "408f7199c5ad6444",
        "length": 256,
        "owner_tier": 0,
        "request": "q6",
        "segment_index": 18
      },
      {
        "cache_owner": "q0",
        "epic_prefix_rows": [
          69,
          83,
          105,
          113,
          175,
          220,
          236,
          244
        ],
        "fingerprint": "0b61bf84de13cf6f",
        "length": 256,
        "owner_tier": 0,
        "request": "q6",
        "segment_index": 19
      },
      {
        "cache_owner": "q0",
        "epic_prefix_rows": [
          67,
          111,
          141,
          157,
          178,
          199,
          221,
          236
        ],
        "fingerprint": "f4cf28fc5b71edf3",
        "length": 256,
        "owner_tier": 0,
        "request": "q6",
        "segment_index": 20
      },
      {
        "cache_owner": "q0",
        "epic_prefix_rows": [
          25,
          26,
          108,
          130,
          192,
          209,
          229,
          246
        ],
        "fingerprint": "f4fdd0e52e878abf",
        "length": 256,
        "owner_tier": 0,
        "request": "q6",
        "segment_index": 21
      },
      {
        "cache_owner": "q0",
        "epic_prefix_rows": [
          7,
          14,
          24,
          35,
          89,
          90,
          129,
          211
        ],
        "fingerprint": "7ba29ac00739c4ea",
        "length": 256,
        "owner_tier": 0,
        "request": "q6",
        "segment_index": 22
      },
      {
        "cache_owner": "q0",
        "epic_prefix_rows": [
          11,
          16,
          52,
          139,
          153,
          170,
          194,
          200
        ],
        "fingerprint": "6c5246339cc01ead",
        "length": 256,
        "owner_tier": 0,
        "request": "q6",
        "segment_index": 23
      },
      {
        "cache_owner": "q0",
        "epic_prefix_rows": [
          84,
          105,
          127,
          160,
          169,
          196,
          208,
          227
        ],
        "fingerprint": "3e13ea33ffd365d2",
        "length": 256,
        "owner_tier": 0,
        "request": "q6",
        "segment_index": 24
      },
      {
        "cache_owner": "q0",
        "epic_prefix_rows": [
          49,
          59,
          69,
          75,
          127,
          144,
          155,
          231
        ],
        "fingerprint": "97a85315f7478ed8",
        "length": 256,
        "owner_tier": 0,
        "request": "q6",
        "segment_index": 25
      },
      {
        "cache_owner": "q0",
        "epic_prefix_rows": [
          7,
          34,
          57,
          171,
          174,
          185,
          210,
          252
        ],
        "fingerprint": "e2f20e8d23ad1f3c",
        "length": 256,
        "owner_tier": 0,
        "request": "q6",
        "segment_index": 26
      },
      {
        "cache_owner": "q0",
        "epic_prefix_rows": [
          65,
          69,
          75,
          82,
          122,
          131,
          141,
          178
        ],
        "fingerprint": "0d5323d6441850a7",
        "length": 256,
        "owner_tier": 0,
        "request": "q6",
        "segment_index": 27
      },
      {
        "cache_owner": "q0",
        "epic_prefix_rows": [
          23,
          89,
          99,
          113,
          120,
          174,
          190,
          250
        ],
        "fingerprint": "2bbeefee3ca77394",
        "length": 256,
        "owner_tier": 0,
        "request": "q6",
        "segment_index": 28
      },
      {
        "cache_owner": "q0",
        "epic_prefix_rows": [
          104,
          116,
          154,
          196,
          202,
          229,
          240,
          253
        ],
        "fingerprint": "28b214a69646c775",
        "length": 256,
        "owner_tier": 0,
        "request": "q6",
        "segment_index": 29
      },
      {
        "cache_owner": "q0",
        "epic_prefix_rows": [
          44,
          49,
          61,
          77,
          139,
          161,
          212,
          236
        ],
        "fingerprint": "196ab37f68eb91dd",
        "length": 256,
        "owner_tier": 0,
        "request": "q6",
        "segment_index": 30
      },
      {
        "cache_owner": "q0",
        "epic_prefix_rows": [
          30,
          66,
          92,
          95,
          115,
          235,
          246,
          253
        ],
        "fingerprint": "b289731a6de14025",
        "length": 256,
        "owner_tier": 0,
        "request": "q6",
        "segment_index": 31
      },
      {
        "cache_owner": "q0",
        "epic_prefix_rows": [
          13,
          16,
          95,
          100,
          121,
          174,
          178,
          246
        ],
        "fingerprint": "1fd8287b40b3ef05",
        "length": 256,
        "owner_tier": 0,
        "request": "q6",
        "segment_index": 32
      },
      {
        "cache_owner": "q0",
        "epic_prefix_rows": [
          37,
          43,
          154,
          158,
          165,
          168,
          171,
          207
        ],
        "fingerprint": "d655032a50b311c0",
        "length": 256,
        "owner_tier": 0,
        "request": "q6",
        "segment_index": 33
      },
      {
        "cache_owner": "q0",
        "epic_prefix_rows": [
          8,
          48,
          61,
          78,
          162,
          179,
          220,
          250
        ],
        "fingerprint": "68aa33941aec615e",
        "length": 256,
        "owner_tier": 0,
        "request": "q6",
        "segment_index": 34
      },
      {
        "cache_owner": "q0",
        "epic_prefix_rows": [
          12,
          40,
          52,
          123,
          157,
          187,
          196,
          218
        ],
        "fingerprint": "57edc36f5adb4077",
        "length": 256,
        "owner_tier": 0,
        "request": "q6",
        "segment_index": 35
      },
      {
        "cache_owner": "q0",
        "epic_prefix_rows": [
          30,
          120,
          139,
          148,
          164,
          169,
          211,
          244
        ],
        "fingerprint": "060fe3cc81c4e614",
        "length": 256,
        "owner_tier": 0,
        "request": "q6",
        "segment_index": 36
      },
      {
        "cache_owner": "q0",
        "epic_prefix_rows": [
          20,
          26,
          28,
          39,
          42,
          68,
          160,
          167
        ],
        "fingerprint": "2c3a90bf49014087",
        "length": 256,
        "owner_tier": 0,
        "request": "q6",
        "segment_index": 37
      },
      {
        "cache_owner": "q0",
        "epic_prefix_rows": [
          70,
          105,
          109,
          114,
          135,
          154,
          165,
          229
        ],
        "fingerprint": "b8b19851f0e91e8b",
        "length": 256,
        "owner_tier": 0,
        "request": "q6",
        "segment_index": 38
      },
      {
        "cache_owner": "q0",
        "epic_prefix_rows": [
          41,
          79,
          135,
          150,
          167,
          168,
          192,
          193
        ],
        "fingerprint": "0a24aa246267ca70",
        "length": 256,
        "owner_tier": 0,
        "request": "q6",
        "segment_index": 39
      },
      {
        "cache_owner": "q0",
        "epic_prefix_rows": [
          8,
          37,
          74,
          99,
          161,
          169,
          216,
          222
        ],
        "fingerprint": "39982a5ac106dc56",
        "length": 256,
        "owner_tier": 0,
        "request": "q6",
        "segment_index": 40
      },
      {
        "cache_owner": "q0",
        "epic_prefix_rows": [
          23,
          65,
          67,
          118,
          159,
          225,
          227,
          247
        ],
        "fingerprint": "5b4fec5265577019",
        "length": 256,
        "owner_tier": 0,
        "request": "q6",
        "segment_index": 41
      },
      {
        "cache_owner": "q0",
        "epic_prefix_rows": [
          43,
          75,
          114,
          121,
          167,
          198,
          213,
          234
        ],
        "fingerprint": "31754f310cc87cb9",
        "length": 256,
        "owner_tier": 0,
        "request": "q6",
        "segment_index": 42
      },
      {
        "cache_owner": "q0",
        "epic_prefix_rows": [
          10,
          22,
          73,
          112,
          117,
          140,
          205,
          212
        ],
        "fingerprint": "17914e14c68c53c7",
        "length": 256,
        "owner_tier": 0,
        "request": "q6",
        "segment_index": 43
      },
      {
        "cache_owner": "q0",
        "epic_prefix_rows": [
          2,
          25,
          49,
          58,
          74,
          89,
          122,
          123
        ],
        "fingerprint": "0d5ec49d1bd3dfc2",
        "length": 256,
        "owner_tier": 0,
        "request": "q6",
        "segment_index": 44
      },
      {
        "cache_owner": "q0",
        "epic_prefix_rows": [
          21,
          32,
          78,
          98,
          111,
          126,
          172,
          208
        ],
        "fingerprint": "c8ca1ee28f153785",
        "length": 256,
        "owner_tier": 0,
        "request": "q6",
        "segment_index": 45
      },
      {
        "cache_owner": "q0",
        "epic_prefix_rows": [
          41,
          45,
          62,
          161,
          166,
          189,
          198,
          209
        ],
        "fingerprint": "d2d59fe199246a8a",
        "length": 256,
        "owner_tier": 0,
        "request": "q6",
        "segment_index": 46
      },
      {
        "cache_owner": "q0",
        "epic_prefix_rows": [
          18,
          24,
          26,
          38,
          55,
          86,
          150,
          152
        ],
        "fingerprint": "f8c3ac43031f479d",
        "length": 256,
        "owner_tier": 0,
        "request": "q6",
        "segment_index": 47
      },
      {
        "cache_owner": "q0",
        "epic_prefix_rows": [
          87,
          97,
          124,
          145,
          180,
          191,
          218,
          232
        ],
        "fingerprint": "1a0ba2ae3b5af048",
        "length": 256,
        "owner_tier": 0,
        "request": "q6",
        "segment_index": 48
      },
      {
        "cache_owner": "q0",
        "epic_prefix_rows": [
          0,
          47,
          62,
          81,
          91,
          212,
          232,
          254
        ],
        "fingerprint": "4efa77b98545d7f9",
        "length": 256,
        "owner_tier": 0,
        "request": "q6",
        "segment_index": 49
      },
      {
        "cache_owner": "q0",
        "epic_prefix_rows": [
          8,
          26,
          43,
          48,
          78,
          105,
          168,
          246
        ],
        "fingerprint": "e8daa9461adadb50",
        "length": 256,
        "owner_tier": 0,
        "request": "q6",
        "segment_index": 50
      },
      {
        "cache_owner": "q0",
        "epic_prefix_rows": [
          2,
          60,
          65,
          130,
          133,
          169,
          200,
          217
        ],
        "fingerprint": "27676fe4288b5092",
        "length": 256,
        "owner_tier": 0,
        "request": "q6",
        "segment_index": 51
      },
      {
        "cache_owner": "q0",
        "epic_prefix_rows": [
          8,
          27,
          145,
          153,
          157,
          162,
          212,
          253
        ],
        "fingerprint": "4628056629d21f29",
        "length": 256,
        "owner_tier": 0,
        "request": "q6",
        "segment_index": 52
      },
      {
        "cache_owner": "q0",
        "epic_prefix_rows": [
          16,
          61,
          62,
          65,
          107,
          116,
          128,
          252
        ],
        "fingerprint": "9e222200b410e430",
        "length": 256,
        "owner_tier": 0,
        "request": "q6",
        "segment_index": 53
      },
      {
        "cache_owner": "q0",
        "epic_prefix_rows": [
          97,
          114,
          150,
          151,
          214,
          221,
          236,
          244
        ],
        "fingerprint": "7753df1b6f8c9278",
        "length": 256,
        "owner_tier": 0,
        "request": "q6",
        "segment_index": 54
      },
      {
        "cache_owner": "q0",
        "epic_prefix_rows": [
          2,
          85,
          104,
          109,
          110,
          111,
          157,
          187
        ],
        "fingerprint": "2601f658cc5d3594",
        "length": 256,
        "owner_tier": 0,
        "request": "q6",
        "segment_index": 55
      },
      {
        "cache_owner": "q0",
        "epic_prefix_rows": [
          17,
          44,
          66,
          109,
          150,
          173,
          209,
          222
        ],
        "fingerprint": "27013d93d3fccf89",
        "length": 256,
        "owner_tier": 0,
        "request": "q6",
        "segment_index": 56
      },
      {
        "cache_owner": "q0",
        "epic_prefix_rows": [
          24,
          25,
          30,
          34,
          56,
          60,
          66,
          169
        ],
        "fingerprint": "6880baf09f037c19",
        "length": 256,
        "owner_tier": 0,
        "request": "q6",
        "segment_index": 57
      },
      {
        "cache_owner": "q0",
        "epic_prefix_rows": [
          6,
          15,
          52,
          75,
          97,
          156,
          193,
          225
        ],
        "fingerprint": "0724e17672a95b93",
        "length": 256,
        "owner_tier": 0,
        "request": "q6",
        "segment_index": 58
      },
      {
        "cache_owner": "q0",
        "epic_prefix_rows": [
          4,
          84,
          92,
          119,
          135,
          148,
          201,
          224
        ],
        "fingerprint": "e3c449fc4cd656ce",
        "length": 256,
        "owner_tier": 0,
        "request": "q6",
        "segment_index": 59
      },
      {
        "cache_owner": "q0",
        "epic_prefix_rows": [
          5,
          53,
          61,
          74,
          79,
          85,
          161,
          242
        ],
        "fingerprint": "274f7d8aacaccf25",
        "length": 256,
        "owner_tier": 0,
        "request": "q6",
        "segment_index": 60
      },
      {
        "cache_owner": "q0",
        "epic_prefix_rows": [
          17,
          60,
          111,
          132,
          133,
          152,
          230,
          248
        ],
        "fingerprint": "146a74171fc8e908",
        "length": 256,
        "owner_tier": 0,
        "request": "q6",
        "segment_index": 61
      },
      {
        "cache_owner": "q0",
        "epic_prefix_rows": [
          112,
          113,
          138,
          154,
          214,
          223,
          227,
          233
        ],
        "fingerprint": "56421c8602f059e6",
        "length": 256,
        "owner_tier": 0,
        "request": "q6",
        "segment_index": 62
      },
      {
        "cache_owner": "q0",
        "epic_prefix_rows": [
          10,
          54,
          62,
          102,
          124,
          186,
          200,
          214
        ],
        "fingerprint": "357ad2bb54f67a0c",
        "length": 256,
        "owner_tier": 0,
        "request": "q6",
        "segment_index": 63
      },
      {
        "cache_owner": "q0",
        "epic_prefix_rows": [
          10,
          35,
          102,
          104,
          168,
          182,
          208,
          223
        ],
        "fingerprint": "008b81b4d6caa9c9",
        "length": 256,
        "owner_tier": 0,
        "request": "q6",
        "segment_index": 64
      },
      {
        "cache_owner": "q0",
        "epic_prefix_rows": [
          23,
          55,
          139,
          142,
          156,
          199,
          221,
          251
        ],
        "fingerprint": "189f6cf46a89a8af",
        "length": 256,
        "owner_tier": 0,
        "request": "q6",
        "segment_index": 65
      },
      {
        "cache_owner": "q0",
        "epic_prefix_rows": [
          8,
          21,
          35,
          64,
          79,
          88,
          162,
          196
        ],
        "fingerprint": "7ee8a980cd5e73db",
        "length": 256,
        "owner_tier": 0,
        "request": "q6",
        "segment_index": 66
      },
      {
        "cache_owner": "q0",
        "epic_prefix_rows": [
          31,
          103,
          182,
          186,
          196,
          205,
          223,
          239
        ],
        "fingerprint": "1e09fc3aa312bedf",
        "length": 256,
        "owner_tier": 0,
        "request": "q6",
        "segment_index": 67
      },
      {
        "cache_owner": "q0",
        "epic_prefix_rows": [
          56,
          87,
          88,
          129,
          146,
          206,
          207,
          234
        ],
        "fingerprint": "e83ba334f98641d8",
        "length": 256,
        "owner_tier": 0,
        "request": "q6",
        "segment_index": 68
      },
      {
        "cache_owner": "q0",
        "epic_prefix_rows": [
          1,
          41,
          71,
          131,
          155,
          159,
          222,
          254
        ],
        "fingerprint": "93ff15fd417be171",
        "length": 256,
        "owner_tier": 0,
        "request": "q6",
        "segment_index": 69
      },
      {
        "cache_owner": "q0",
        "epic_prefix_rows": [
          6,
          49,
          103,
          104,
          145,
          157,
          185,
          208
        ],
        "fingerprint": "014c9a04b4e916be",
        "length": 256,
        "owner_tier": 0,
        "request": "q6",
        "segment_index": 70
      },
      {
        "cache_owner": "q0",
        "epic_prefix_rows": [
          4,
          30,
          52,
          107,
          160,
          187,
          195,
          213
        ],
        "fingerprint": "84398fc658db81a5",
        "length": 256,
        "owner_tier": 0,
        "request": "q6",
        "segment_index": 71
      },
      {
        "cache_owner": "q0",
        "epic_prefix_rows": [
          56,
          112,
          171,
          172,
          174,
          178,
          189,
          212
        ],
        "fingerprint": "05d534e6a81b4210",
        "length": 256,
        "owner_tier": 0,
        "request": "q6",
        "segment_index": 72
      },
      {
        "cache_owner": "q0",
        "epic_prefix_rows": [
          43,
          75,
          130,
          140,
          144,
          160,
          173,
          175
        ],
        "fingerprint": "8c41295e89de23e3",
        "length": 256,
        "owner_tier": 0,
        "request": "q6",
        "segment_index": 73
      },
      {
        "cache_owner": "q0",
        "epic_prefix_rows": [
          53,
          77,
          113,
          117,
          137,
          202,
          211,
          229
        ],
        "fingerprint": "0d6ee10e10def3d2",
        "length": 256,
        "owner_tier": 0,
        "request": "q6",
        "segment_index": 74
      },
      {
        "cache_owner": "q0",
        "epic_prefix_rows": [
          4,
          24,
          66,
          70,
          122,
          141,
          145,
          185
        ],
        "fingerprint": "c1807afb81a20f51",
        "length": 256,
        "owner_tier": 0,
        "request": "q6",
        "segment_index": 75
      },
      {
        "cache_owner": "q0",
        "epic_prefix_rows": [
          30,
          59,
          78,
          110,
          140,
          170,
          231,
          249
        ],
        "fingerprint": "931d7f5b83731cc7",
        "length": 256,
        "owner_tier": 0,
        "request": "q6",
        "segment_index": 76
      },
      {
        "cache_owner": "q0",
        "epic_prefix_rows": [
          46,
          54,
          116,
          134,
          156,
          170,
          239,
          251
        ],
        "fingerprint": "de3ba4f43ce3a094",
        "length": 256,
        "owner_tier": 0,
        "request": "q6",
        "segment_index": 77
      },
      {
        "cache_owner": "q0",
        "epic_prefix_rows": [
          46,
          60,
          64,
          94,
          139,
          186,
          206,
          215
        ],
        "fingerprint": "549b6eeef884e61d",
        "length": 256,
        "owner_tier": 0,
        "request": "q6",
        "segment_index": 78
      },
      {
        "cache_owner": "q0",
        "epic_prefix_rows": [
          43,
          85,
          125,
          140,
          148,
          191,
          212,
          242
        ],
        "fingerprint": "8f21a2b7cbc6a1cc",
        "length": 256,
        "owner_tier": 0,
        "request": "q6",
        "segment_index": 79
      },
      {
        "cache_owner": "q0",
        "epic_prefix_rows": [
          50,
          89,
          111,
          132,
          138,
          149,
          168,
          197
        ],
        "fingerprint": "3327eb88b326572c",
        "length": 256,
        "owner_tier": 0,
        "request": "q6",
        "segment_index": 80
      },
      {
        "cache_owner": "q0",
        "epic_prefix_rows": [
          35,
          48,
          84,
          124,
          173,
          204,
          234,
          238
        ],
        "fingerprint": "828afffd0287a7fd",
        "length": 256,
        "owner_tier": 0,
        "request": "q6",
        "segment_index": 81
      },
      {
        "cache_owner": "q0",
        "epic_prefix_rows": [
          3,
          18,
          69,
          96,
          136,
          184,
          188,
          227
        ],
        "fingerprint": "2e40f41c46618477",
        "length": 256,
        "owner_tier": 0,
        "request": "q6",
        "segment_index": 82
      },
      {
        "cache_owner": "q0",
        "epic_prefix_rows": [
          7,
          13,
          83,
          91,
          146,
          151,
          159,
          168
        ],
        "fingerprint": "38fd9d00b6d09b58",
        "length": 256,
        "owner_tier": 0,
        "request": "q6",
        "segment_index": 83
      },
      {
        "cache_owner": "q0",
        "epic_prefix_rows": [
          18,
          42,
          61,
          223,
          225,
          227,
          238,
          242
        ],
        "fingerprint": "01ef803e6ca17df7",
        "length": 256,
        "owner_tier": 0,
        "request": "q6",
        "segment_index": 84
      },
      {
        "cache_owner": "q0",
        "epic_prefix_rows": [
          44,
          65,
          115,
          141,
          180,
          223,
          228,
          244
        ],
        "fingerprint": "70b457c38f944354",
        "length": 256,
        "owner_tier": 0,
        "request": "q6",
        "segment_index": 85
      },
      {
        "cache_owner": "q0",
        "epic_prefix_rows": [
          42,
          58,
          158,
          160,
          212,
          230,
          242,
          254
        ],
        "fingerprint": "e2614c2dedf4cf58",
        "length": 256,
        "owner_tier": 0,
        "request": "q6",
        "segment_index": 86
      },
      {
        "cache_owner": "q0",
        "epic_prefix_rows": [
          11,
          34,
          38,
          54,
          126,
          217,
          225,
          238
        ],
        "fingerprint": "b1ab14bf7fe90b52",
        "length": 256,
        "owner_tier": 0,
        "request": "q6",
        "segment_index": 87
      },
      {
        "cache_owner": "q0",
        "epic_prefix_rows": [
          72,
          80,
          85,
          91,
          124,
          169,
          171,
          210
        ],
        "fingerprint": "19b2326032573ee0",
        "length": 256,
        "owner_tier": 0,
        "request": "q6",
        "segment_index": 88
      },
      {
        "cache_owner": "q0",
        "epic_prefix_rows": [
          49,
          77,
          81,
          86,
          187,
          200,
          233,
          246
        ],
        "fingerprint": "f97f30f9dca3b30d",
        "length": 256,
        "owner_tier": 0,
        "request": "q6",
        "segment_index": 89
      },
      {
        "cache_owner": "q0",
        "epic_prefix_rows": [
          19,
          58,
          89,
          106,
          140,
          153,
          159,
          170
        ],
        "fingerprint": "9b66baa8d351f5fb",
        "length": 256,
        "owner_tier": 0,
        "request": "q6",
        "segment_index": 90
      },
      {
        "cache_owner": "q1",
        "epic_prefix_rows": [
          10,
          57,
          137,
          152,
          189,
          201,
          204,
          241
        ],
        "fingerprint": "1393d94e264cb21d",
        "length": 256,
        "owner_tier": 0,
        "request": "q6",
        "segment_index": 91
      },
      {
        "cache_owner": "q10",
        "epic_prefix_rows": [
          40,
          115,
          147,
          148,
          151,
          195,
          229,
          242
        ],
        "fingerprint": "5994a888fff74396",
        "length": 256,
        "owner_tier": 0,
        "request": "q6",
        "segment_index": 92
      },
      {
        "cache_owner": "q10",
        "epic_prefix_rows": [
          9,
          10,
          11,
          56,
          73,
          122,
          171,
          216
        ],
        "fingerprint": "7340d25484ecfb18",
        "length": 256,
        "owner_tier": 0,
        "request": "q6",
        "segment_index": 93
      },
      {
        "cache_owner": "q10",
        "epic_prefix_rows": [
          20,
          50,
          52,
          71,
          152,
          157,
          219,
          239
        ],
        "fingerprint": "6a4062e9346a79d0",
        "length": 256,
        "owner_tier": 0,
        "request": "q6",
        "segment_index": 94
      },
      {
        "cache_owner": "q10",
        "epic_prefix_rows": [
          130,
          132,
          159,
          185,
          214,
          215,
          223,
          247
        ],
        "fingerprint": "310d98fa063059f6",
        "length": 256,
        "owner_tier": 0,
        "request": "q6",
        "segment_index": 95
      },
      {
        "cache_owner": "q10",
        "epic_prefix_rows": [
          49,
          66,
          68,
          91,
          93,
          121,
          146,
          232
        ],
        "fingerprint": "7f08b641340dd17c",
        "length": 256,
        "owner_tier": 0,
        "request": "q6",
        "segment_index": 96
      },
      {
        "cache_owner": "q0",
        "epic_prefix_rows": [],
        "fingerprint": "b4818fcedac6bc88",
        "length": 300,
        "owner_tier": 0,
        "request": "q7",
        "segment_index": 0
      },
      {
        "cache_owner": "q0",
        "epic_prefix_rows": [
          2,
          54,
          57,
          100,
          128,
          141,
          144,
          162
        ],
        "fingerprint": "2b4e7732607841e2",
        "length": 256,
        "owner_tier": 0,
        "request": "q7",
        "segment_index": 1
      },
      {
        "cache_owner": "q0",
        "epic_prefix_rows": [
          23,
          33,
          61,
          87,
          136,
          162,
          218,
          248
        ],
        "fingerprint": "9e4aeb4914ddd394",
        "length": 256,
        "owner_tier": 0,
        "request": "q7",
        "segment_index": 2
      },
      {
        "cache_owner": "q0",
        "epic_prefix_rows": [
          0,
          19,
          26,
          92,
          99,
          118,
          131,
          160
        ],
        "fingerprint": "6334e6823b55d024",
        "length": 256,
        "owner_tier": 0,
        "request": "q7",
        "segment_index": 3
      },
      {
        "cache_owner": "q0",
        "epic_prefix_rows": [
          25,
          46,
          48,
          100,
          156,
          182,
          218,
          253
        ],
        "fingerprint": "307e02ba0c9c8db6",
        "length": 256,
        "owner_tier": 0,
        "request": "q7",
        "segment_index": 4
      },
      {
        "cache_owner": "q0",
        "epic_prefix_rows": [
          27,
          81,
          85,
          103,
          123,
          196,
          218,
          232
        ],
        "fingerprint": "d8e088676ac0e994",
        "length": 256,
        "owner_tier": 0,
        "request": "q7",
        "segment_index": 5
      },
      {
        "cache_owner": "q0",
        "epic_prefix_rows": [
          39,
          76,
          82,
          86,
          88,
          161,
          208,
          252
        ],
        "fingerprint": "eba00dddf332f864",
        "length": 256,
        "owner_tier": 0,
        "request": "q7",
        "segment_index": 6
      },
      {
        "cache_owner": "q0",
        "epic_prefix_rows": [
          105,
          148,
          184,
          207,
          208,
          210,
          213,
          216
        ],
        "fingerprint": "16ff367edf27a427",
        "length": 256,
        "owner_tier": 0,
        "request": "q7",
        "segment_index": 7
      },
      {
        "cache_owner": "q0",
        "epic_prefix_rows": [
          5,
          18,
          43,
          114,
          166,
          213,
          235,
          243
        ],
        "fingerprint": "544559610dd737d8",
        "length": 256,
        "owner_tier": 0,
        "request": "q7",
        "segment_index": 8
      },
      {
        "cache_owner": "q0",
        "epic_prefix_rows": [
          31,
          34,
          36,
          144,
          151,
          166,
          172,
          247
        ],
        "fingerprint": "719d4f68cfcda7af",
        "length": 256,
        "owner_tier": 0,
        "request": "q7",
        "segment_index": 9
      },
      {
        "cache_owner": "q0",
        "epic_prefix_rows": [
          17,
          44,
          48,
          94,
          97,
          124,
          139,
          155
        ],
        "fingerprint": "de2eea82f07af94b",
        "length": 256,
        "owner_tier": 0,
        "request": "q7",
        "segment_index": 10
      },
      {
        "cache_owner": "q0",
        "epic_prefix_rows": [
          9,
          16,
          43,
          66,
          119,
          131,
          217,
          223
        ],
        "fingerprint": "3df9fb747ee9b3ed",
        "length": 256,
        "owner_tier": 0,
        "request": "q7",
        "segment_index": 11
      },
      {
        "cache_owner": "q0",
        "epic_prefix_rows": [
          39,
          46,
          67,
          105,
          114,
          117,
          179,
          242
        ],
        "fingerprint": "d84e94f761d8f171",
        "length": 256,
        "owner_tier": 0,
        "request": "q7",
        "segment_index": 12
      },
      {
        "cache_owner": "q0",
        "epic_prefix_rows": [
          57,
          71,
          80,
          127,
          156,
          191,
          234,
          237
        ],
        "fingerprint": "e69c516fc2d68c1b",
        "length": 256,
        "owner_tier": 0,
        "request": "q7",
        "segment_index": 13
      },
      {
        "cache_owner": "q0",
        "epic_prefix_rows": [
          30,
          64,
          111,
          197,
          206,
          221,
          232,
          248
        ],
        "fingerprint": "d679790103e8c53b",
        "length": 256,
        "owner_tier": 0,
        "request": "q7",
        "segment_index": 14
      },
      {
        "cache_owner": "q0",
        "epic_prefix_rows": [
          1,
          15,
          20,
          45,
          54,
          67,
          126,
          187
        ],
        "fingerprint": "ef9219752ae977de",
        "length": 256,
        "owner_tier": 0,
        "request": "q7",
        "segment_index": 15
      },
      {
        "cache_owner": "q0",
        "epic_prefix_rows": [
          36,
          84,
          101,
          105,
          112,
          190,
          198,
          209
        ],
        "fingerprint": "804751a4de0897b1",
        "length": 256,
        "owner_tier": 0,
        "request": "q7",
        "segment_index": 16
      },
      {
        "cache_owner": "q0",
        "epic_prefix_rows": [
          73,
          80,
          119,
          141,
          153,
          180,
          210,
          240
        ],
        "fingerprint": "408f7199c5ad6444",
        "length": 256,
        "owner_tier": 0,
        "request": "q7",
        "segment_index": 17
      },
      {
        "cache_owner": "q0",
        "epic_prefix_rows": [
          70,
          101,
          122,
          124,
          152,
          191,
          203,
          211
        ],
        "fingerprint": "0b61bf84de13cf6f",
        "length": 256,
        "owner_tier": 0,
        "request": "q7",
        "segment_index": 18
      },
      {
        "cache_owner": "q0",
        "epic_prefix_rows": [
          17,
          21,
          86,
          105,
          144,
          162,
          174,
          207
        ],
        "fingerprint": "f4cf28fc5b71edf3",
        "length": 256,
        "owner_tier": 0,
        "request": "q7",
        "segment_index": 19
      },
      {
        "cache_owner": "q0",
        "epic_prefix_rows": [
          23,
          69,
          84,
          96,
          107,
          148,
          189,
          249
        ],
        "fingerprint": "f4fdd0e52e878abf",
        "length": 256,
        "owner_tier": 0,
        "request": "q7",
        "segment_index": 20
      },
      {
        "cache_owner": "q0",
        "epic_prefix_rows": [
          10,
          65,
          73,
          92,
          116,
          216,
          235,
          246
        ],
        "fingerprint": "7ba29ac00739c4ea",
        "length": 256,
        "owner_tier": 0,
        "request": "q7",
        "segment_index": 21
      },
      {
        "cache_owner": "q0",
        "epic_prefix_rows": [
          20,
          31,
          67,
          103,
          108,
          195,
          206,
          244
        ],
        "fingerprint": "6c5246339cc01ead",
        "length": 256,
        "owner_tier": 0,
        "request": "q7",
        "segment_index": 22
      },
      {
        "cache_owner": "q0",
        "epic_prefix_rows": [
          1,
          25,
          63,
          133,
          161,
          206,
          237,
          247
        ],
        "fingerprint": "3e13ea33ffd365d2",
        "length": 256,
        "owner_tier": 0,
        "request": "q7",
        "segment_index": 23
      },
      {
        "cache_owner": "q0",
        "epic_prefix_rows": [
          27,
          31,
          69,
          70,
          167,
          180,
          233,
          248
        ],
        "fingerprint": "97a85315f7478ed8",
        "length": 256,
        "owner_tier": 0,
        "request": "q7",
        "segment_index": 24
      },
      {
        "cache_owner": "q0",
        "epic_prefix_rows": [
          0,
          42,
          59,
          101,
          106,
          139,
          172,
          211
        ],
        "fingerprint": "e2f20e8d23ad1f3c",
        "length": 256,
        "owner_tier": 0,
        "request": "q7",
        "segment_index": 25
      },
      {
        "cache_owner": "q0",
        "epic_prefix_rows": [
          36,
          98,
          118,
          120,
          171,
          200,
          244,
          248
        ],
        "fingerprint": "0d5323d6441850a7",
        "length": 256,
        "owner_tier": 0,
        "request": "q7",
        "segment_index": 26
      },
      {
        "cache_owner": "q0",
        "epic_prefix_rows": [
          0,
          8,
          85,
          100,
          116,
          158,
          224,
          248
        ],
        "fingerprint": "2bbeefee3ca77394",
        "length": 256,
        "owner_tier": 0,
        "request": "q7",
        "segment_index": 27
      },
      {
        "cache_owner": "q0",
        "epic_prefix_rows": [
          14,
          31,
          39,
          46,
          88,
          200,
          201,
          248
        ],
        "fingerprint": "28b214a69646c775",
        "length": 256,
        "owner_tier": 0,
        "request": "q7",
        "segment_index": 28
      },
      {
        "cache_owner": "q0",
        "epic_prefix_rows": [
          36,
          48,
          50,
          104,
          140,
          164,
          200,
          253
        ],
        "fingerprint": "196ab37f68eb91dd",
        "length": 256,
        "owner_tier": 0,
        "request": "q7",
        "segment_index": 29
      },
      {
        "cache_owner": "q0",
        "epic_prefix_rows": [
          10,
          28,
          50,
          132,
          138,
          167,
          174,
          243
        ],
        "fingerprint": "b289731a6de14025",
        "length": 256,
        "owner_tier": 0,
        "request": "q7",
        "segment_index": 30
      },
      {
        "cache_owner": "q0",
        "epic_prefix_rows": [
          2,
          17,
          30,
          95,
          178,
          179,
          206,
          241
        ],
        "fingerprint": "1fd8287b40b3ef05",
        "length": 256,
        "owner_tier": 0,
        "request": "q7",
        "segment_index": 31
      },
      {
        "cache_owner": "q0",
        "epic_prefix_rows": [
          70,
          84,
          94,
          110,
          125,
          140,
          224,
          235
        ],
        "fingerprint": "d655032a50b311c0",
        "length": 256,
        "owner_tier": 0,
        "request": "q7",
        "segment_index": 32
      },
      {
        "cache_owner": "q0",
        "epic_prefix_rows": [
          42,
          63,
          71,
          95,
          113,
          138,
          230,
          240
        ],
        "fingerprint": "68aa33941aec615e",
        "length": 256,
        "owner_tier": 0,
        "request": "q7",
        "segment_index": 33
      },
      {
        "cache_owner": "q0",
        "epic_prefix_rows": [
          4,
          9,
          22,
          73,
          100,
          126,
          176,
          179
        ],
        "fingerprint": "57edc36f5adb4077",
        "length": 256,
        "owner_tier": 0,
        "request": "q7",
        "segment_index": 34
      },
      {
        "cache_owner": "q0",
        "epic_prefix_rows": [
          18,
          54,
          95,
          131,
          133,
          183,
          192,
          224
        ],
        "fingerprint": "060fe3cc81c4e614",
        "length": 256,
        "owner_tier": 0,
        "request": "q7",
        "segment_index": 35
      },
      {
        "cache_owner": "q0",
        "epic_prefix_rows": [
          98,
          138,
          162,
          165,
          174,
          180,
          192,
          205
        ],
        "fingerprint": "2c3a90bf49014087",
        "length": 256,
        "owner_tier": 0,
        "request": "q7",
        "segment_index": 36
      },
      {
        "cache_owner": "q0",
        "epic_prefix_rows": [
          22,
          24,
          80,
          100,
          142,
          155,
          182,
          250
        ],
        "fingerprint": "b8b19851f0e91e8b",
        "length": 256,
        "owner_tier": 0,
        "request": "q7",
        "segment_index": 37
      },
      {
        "cache_owner": "q0",
        "epic_prefix_rows": [
          12,
          76,
          88,
          125,
          139,
          155,
          196,
          242
        ],
        "fingerprint": "0a24aa246267ca70",
        "length": 256,
        "owner_tier": 0,
        "request": "q7",
        "segment_index": 38
      },
      {
        "cache_owner": "q0",
        "epic_prefix_rows": [
          9,
          55,
          135,
          155,
          175,
          177,
          187,
          207
        ],
        "fingerprint": "39982a5ac106dc56",
        "length": 256,
        "owner_tier": 0,
        "request": "q7",
        "segment_index": 39
      },
      {
        "cache_owner": "q0",
        "epic_prefix_rows": [
          9,
          85,
          106,
          114,
          121,
          129,
          161,
          167
        ],
        "fingerprint": "5b4fec5265577019",
        "length": 256,
        "owner_tier": 0,
        "request": "q7",
        "segment_index": 40
      },
      {
        "cache_owner": "q0",
        "epic_prefix_rows": [
          125,
          135,
          164,
          169,
          176,
          193,
          200,
          223
        ],
        "fingerprint": "31754f310cc87cb9",
        "length": 256,
        "owner_tier": 0,
        "request": "q7",
        "segment_index": 41
      },
      {
        "cache_owner": "q0",
        "epic_prefix_rows": [
          43,
          54,
          119,
          142,
          149,
          174,
          207,
          235
        ],
        "fingerprint": "17914e14c68c53c7",
        "length": 256,
        "owner_tier": 0,
        "request": "q7",
        "segment_index": 42
      },
      {
        "cache_owner": "q0",
        "epic_prefix_rows": [
          42,
          60,
          75,
          83,
          108,
          131,
          137,
          249
        ],
        "fingerprint": "0d5ec49d1bd3dfc2",
        "length": 256,
        "owner_tier": 0,
        "request": "q7",
        "segment_index": 43
      },
      {
        "cache_owner": "q0",
        "epic_prefix_rows": [
          0,
          8,
          52,
          78,
          166,
          174,
          184,
          246
        ],
        "fingerprint": "c8ca1ee28f153785",
        "length": 256,
        "owner_tier": 0,
        "request": "q7",
        "segment_index": 44
      },
      {
        "cache_owner": "q0",
        "epic_prefix_rows": [
          2,
          26,
          118,
          124,
          135,
          137,
          176,
          198
        ],
        "fingerprint": "d2d59fe199246a8a",
        "length": 256,
        "owner_tier": 0,
        "request": "q7",
        "segment_index": 45
      },
      {
        "cache_owner": "q0",
        "epic_prefix_rows": [
          0,
          15,
          123,
          149,
          163,
          198,
          235,
          247
        ],
        "fingerprint": "f8c3ac43031f479d",
        "length": 256,
        "owner_tier": 0,
        "request": "q7",
        "segment_index": 46
      },
      {
        "cache_owner": "q0",
        "epic_prefix_rows": [
          13,
          33,
          47,
          64,
          111,
          116,
          197,
          216
        ],
        "fingerprint": "1a0ba2ae3b5af048",
        "length": 256,
        "owner_tier": 0,
        "request": "q7",
        "segment_index": 47
      },
      {
        "cache_owner": "q0",
        "epic_prefix_rows": [
          36,
          57,
          58,
          67,
          108,
          159,
          172,
          219
        ],
        "fingerprint": "4efa77b98545d7f9",
        "length": 256,
        "owner_tier": 0,
        "request": "q7",
        "segment_index": 48
      },
      {
        "cache_owner": "q0",
        "epic_prefix_rows": [
          40,
          52,
          89,
          98,
          102,
          127,
          140,
          188
        ],
        "fingerprint": "e8daa9461adadb50",
        "length": 256,
        "owner_tier": 0,
        "request": "q7",
        "segment_index": 49
      },
      {
        "cache_owner": "q0",
        "epic_prefix_rows": [
          36,
          40,
          98,
          100,
          108,
          121,
          140,
          245
        ],
        "fingerprint": "27676fe4288b5092",
        "length": 256,
        "owner_tier": 0,
        "request": "q7",
        "segment_index": 50
      },
      {
        "cache_owner": "q0",
        "epic_prefix_rows": [
          0,
          9,
          88,
          107,
          156,
          176,
          177,
          239
        ],
        "fingerprint": "4628056629d21f29",
        "length": 256,
        "owner_tier": 0,
        "request": "q7",
        "segment_index": 51
      },
      {
        "cache_owner": "q0",
        "epic_prefix_rows": [
          38,
          71,
          82,
          106,
          115,
          187,
          205,
          253
        ],
        "fingerprint": "9e222200b410e430",
        "length": 256,
        "owner_tier": 0,
        "request": "q7",
        "segment_index": 52
      },
      {
        "cache_owner": "q0",
        "epic_prefix_rows": [
          1,
          89,
          130,
          185,
          213,
          241,
          250,
          255
        ],
        "fingerprint": "7753df1b6f8c9278",
        "length": 256,
        "owner_tier": 0,
        "request": "q7",
        "segment_index": 53
      },
      {
        "cache_owner": "q0",
        "epic_prefix_rows": [
          16,
          20,
          36,
          135,
          176,
          223,
          247,
          249
        ],
        "fingerprint": "2601f658cc5d3594",
        "length": 256,
        "owner_tier": 0,
        "request": "q7",
        "segment_index": 54
      },
      {
        "cache_owner": "q0",
        "epic_prefix_rows": [
          25,
          63,
          103,
          133,
          173,
          176,
          189,
          199
        ],
        "fingerprint": "27013d93d3fccf89",
        "length": 256,
        "owner_tier": 0,
        "request": "q7",
        "segment_index": 55
      },
      {
        "cache_owner": "q0",
        "epic_prefix_rows": [
          46,
          62,
          71,
          76,
          138,
          168,
          179,
          182
        ],
        "fingerprint": "6880baf09f037c19",
        "length": 256,
        "owner_tier": 0,
        "request": "q7",
        "segment_index": 56
      },
      {
        "cache_owner": "q0",
        "epic_prefix_rows": [
          53,
          72,
          129,
          144,
          160,
          183,
          199,
          204
        ],
        "fingerprint": "0724e17672a95b93",
        "length": 256,
        "owner_tier": 0,
        "request": "q7",
        "segment_index": 57
      },
      {
        "cache_owner": "q0",
        "epic_prefix_rows": [
          28,
          47,
          56,
          83,
          99,
          113,
          160,
          242
        ],
        "fingerprint": "e3c449fc4cd656ce",
        "length": 256,
        "owner_tier": 0,
        "request": "q7",
        "segment_index": 58
      },
      {
        "cache_owner": "q0",
        "epic_prefix_rows": [
          86,
          95,
          104,
          130,
          219,
          226,
          232,
          248
        ],
        "fingerprint": "274f7d8aacaccf25",
        "length": 256,
        "owner_tier": 0,
        "request": "q7",
        "segment_index": 59
      },
      {
        "cache_owner": "q0",
        "epic_prefix_rows": [
          16,
          33,
          66,
          84,
          107,
          184,
          242,
          246
        ],
        "fingerprint": "146a74171fc8e908",
        "length": 256,
        "owner_tier": 0,
        "request": "q7",
        "segment_index": 60
      },
      {
        "cache_owner": "q0",
        "epic_prefix_rows": [
          18,
          73,
          160,
          162,
          193,
          203,
          206,
          254
        ],
        "fingerprint": "56421c8602f059e6",
        "length": 256,
        "owner_tier": 0,
        "request": "q7",
        "segment_index": 61
      },
      {
        "cache_owner": "q0",
        "epic_prefix_rows": [
          51,
          81,
          83,
          86,
          114,
          134,
          179,
          236
        ],
        "fingerprint": "357ad2bb54f67a0c",
        "length": 256,
        "owner_tier": 0,
        "request": "q7",
        "segment_index": 62
      },
      {
        "cache_owner": "q0",
        "epic_prefix_rows": [
          55,
          70,
          149,
          164,
          192,
          203,
          206,
          227
        ],
        "fingerprint": "008b81b4d6caa9c9",
        "length": 256,
        "owner_tier": 0,
        "request": "q7",
        "segment_index": 63
      },
      {
        "cache_owner": "q0",
        "epic_prefix_rows": [
          54,
          64,
          163,
          170,
          197,
          226,
          233,
          254
        ],
        "fingerprint": "189f6cf46a89a8af",
        "length": 256,
        "owner_tier": 0,
        "request": "q7",
        "segment_index": 64
      },
      {
        "cache_owner": "q0",
        "epic_prefix_rows": [
          57,
          65,
          88,
          90,
          109,
          178,
          226,
          247
        ],
        "fingerprint": "7ee8a980cd5e73db",
        "length": 256,
        "owner_tier": 0,
        "request": "q7",
        "segment_index": 65
      },
      {
        "cache_owner": "q0",
        "epic_prefix_rows": [
          22,
          92,
          93,
          113,
          114,
          208,
          226,
          240
        ],
        "fingerprint": "1e09fc3aa312bedf",
        "length": 256,
        "owner_tier": 0,
        "request": "q7",
        "segment_index": 66
      },
      {
        "cache_owner": "q0",
        "epic_prefix_rows": [
          10,
          20,
          48,
          136,
          141,
          149,
          218,
          251
        ],
        "fingerprint": "e83ba334f98641d8",
        "length": 256,
        "owner_tier": 0,
        "request": "q7",
        "segment_index": 67
      },
      {
        "cache_owner": "q0",
        "epic_prefix_rows": [
          21,
          128,
          172,
          216,
          242,
          243,
          244,
          246
        ],
        "fingerprint": "93ff15fd417be171",
        "length": 256,
        "owner_tier": 0,
        "request": "q7",
        "segment_index": 68
      },
      {
        "cache_owner": "q0",
        "epic_prefix_rows": [
          19,
          36,
          44,
          96,
          110,
          116,
          140,
          141
        ],
        "fingerprint": "014c9a04b4e916be",
        "length": 256,
        "owner_tier": 0,
        "request": "q7",
        "segment_index": 69
      },
      {
        "cache_owner": "q0",
        "epic_prefix_rows": [
          11,
          45,
          89,
          116,
          124,
          161,
          187,
          207
        ],
        "fingerprint": "84398fc658db81a5",
        "length": 256,
        "owner_tier": 0,
        "request": "q7",
        "segment_index": 70
      },
      {
        "cache_owner": "q0",
        "epic_prefix_rows": [
          6,
          30,
          74,
          92,
          157,
          186,
          205,
          243
        ],
        "fingerprint": "05d534e6a81b4210",
        "length": 256,
        "owner_tier": 0,
        "request": "q7",
        "segment_index": 71
      },
      {
        "cache_owner": "q0",
        "epic_prefix_rows": [
          63,
          74,
          156,
          165,
          196,
          215,
          240,
          249
        ],
        "fingerprint": "8c41295e89de23e3",
        "length": 256,
        "owner_tier": 0,
        "request": "q7",
        "segment_index": 72
      },
      {
        "cache_owner": "q0",
        "epic_prefix_rows": [
          86,
          87,
          127,
          162,
          170,
          176,
          195,
          208
        ],
        "fingerprint": "0d6ee10e10def3d2",
        "length": 256,
        "owner_tier": 0,
        "request": "q7",
        "segment_index": 73
      },
      {
        "cache_owner": "q0",
        "epic_prefix_rows": [
          40,
          73,
          100,
          155,
          167,
          196,
          208,
          226
        ],
        "fingerprint": "c1807afb81a20f51",
        "length": 256,
        "owner_tier": 0,
        "request": "q7",
        "segment_index": 74
      },
      {
        "cache_owner": "q0",
        "epic_prefix_rows": [
          0,
          4,
          5,
          12,
          113,
          149,
          156,
          224
        ],
        "fingerprint": "931d7f5b83731cc7",
        "length": 256,
        "owner_tier": 0,
        "request": "q7",
        "segment_index": 75
      },
      {
        "cache_owner": "q0",
        "epic_prefix_rows": [
          11,
          31,
          43,
          123,
          143,
          169,
          179,
          185
        ],
        "fingerprint": "de3ba4f43ce3a094",
        "length": 256,
        "owner_tier": 0,
        "request": "q7",
        "segment_index": 76
      },
      {
        "cache_owner": "q0",
        "epic_prefix_rows": [
          30,
          35,
          39,
          69,
          74,
          137,
          170,
          176
        ],
        "fingerprint": "549b6eeef884e61d",
        "length": 256,
        "owner_tier": 0,
        "request": "q7",
        "segment_index": 77
      },
      {
        "cache_owner": "q0",
        "epic_prefix_rows": [
          3,
          125,
          174,
          196,
          203,
          219,
          223,
          236
        ],
        "fingerprint": "8f21a2b7cbc6a1cc",
        "length": 256,
        "owner_tier": 0,
        "request": "q7",
        "segment_index": 78
      },
      {
        "cache_owner": "q0",
        "epic_prefix_rows": [
          2,
          37,
          58,
          59,
          133,
          183,
          226,
          251
        ],
        "fingerprint": "3327eb88b326572c",
        "length": 256,
        "owner_tier": 0,
        "request": "q7",
        "segment_index": 79
      },
      {
        "cache_owner": "q0",
        "epic_prefix_rows": [
          0,
          51,
          91,
          171,
          193,
          202,
          207,
          210
        ],
        "fingerprint": "828afffd0287a7fd",
        "length": 256,
        "owner_tier": 0,
        "request": "q7",
        "segment_index": 80
      },
      {
        "cache_owner": "q0",
        "epic_prefix_rows": [
          17,
          29,
          81,
          91,
          148,
          176,
          181,
          234
        ],
        "fingerprint": "2e40f41c46618477",
        "length": 256,
        "owner_tier": 0,
        "request": "q7",
        "segment_index": 81
      },
      {
        "cache_owner": "q0",
        "epic_prefix_rows": [
          18,
          51,
          88,
          152,
          160,
          186,
          247,
          252
        ],
        "fingerprint": "38fd9d00b6d09b58",
        "length": 256,
        "owner_tier": 0,
        "request": "q7",
        "segment_index": 82
      },
      {
        "cache_owner": "q0",
        "epic_prefix_rows": [
          3,
          99,
          126,
          137,
          189,
          190,
          221,
          234
        ],
        "fingerprint": "01ef803e6ca17df7",
        "length": 256,
        "owner_tier": 0,
        "request": "q7",
        "segment_index": 83
      },
      {
        "cache_owner": "q0",
        "epic_prefix_rows": [
          15,
          59,
          87,
          105,
          157,
          190,
          196,
          214
        ],
        "fingerprint": "70b457c38f944354",
        "length": 256,
        "owner_tier": 0,
        "request": "q7",
        "segment_index": 84
      },
      {
        "cache_owner": "q0",
        "epic_prefix_rows": [
          91,
          99,
          137,
          151,
          160,
          176,
          208,
          234
        ],
        "fingerprint": "e2614c2dedf4cf58",
        "length": 256,
        "owner_tier": 0,
        "request": "q7",
        "segment_index": 85
      },
      {
        "cache_owner": "q0",
        "epic_prefix_rows": [
          18,
          57,
          105,
          106,
          192,
          193,
          214,
          251
        ],
        "fingerprint": "b1ab14bf7fe90b52",
        "length": 256,
        "owner_tier": 0,
        "request": "q7",
        "segment_index": 86
      },
      {
        "cache_owner": "q0",
        "epic_prefix_rows": [
          56,
          68,
          76,
          116,
          127,
          172,
          244,
          251
        ],
        "fingerprint": "19b2326032573ee0",
        "length": 256,
        "owner_tier": 0,
        "request": "q7",
        "segment_index": 87
      },
      {
        "cache_owner": "q0",
        "epic_prefix_rows": [
          20,
          21,
          65,
          84,
          138,
          162,
          192,
          237
        ],
        "fingerprint": "f97f30f9dca3b30d",
        "length": 256,
        "owner_tier": 0,
        "request": "q7",
        "segment_index": 88
      },
      {
        "cache_owner": "q0",
        "epic_prefix_rows": [
          33,
          131,
          156,
          188,
          199,
          214,
          221,
          239
        ],
        "fingerprint": "9b66baa8d351f5fb",
        "length": 256,
        "owner_tier": 0,
        "request": "q7",
        "segment_index": 89
      },
      {
        "cache_owner": "q1",
        "epic_prefix_rows": [
          9,
          127,
          150,
          155,
          213,
          229,
          240,
          247
        ],
        "fingerprint": "1393d94e264cb21d",
        "length": 256,
        "owner_tier": 0,
        "request": "q7",
        "segment_index": 90
      },
      {
        "cache_owner": "q10",
        "epic_prefix_rows": [
          65,
          73,
          157,
          169,
          176,
          179,
          197,
          235
        ],
        "fingerprint": "5994a888fff74396",
        "length": 256,
        "owner_tier": 0,
        "request": "q7",
        "segment_index": 91
      },
      {
        "cache_owner": "q10",
        "epic_prefix_rows": [
          43,
          59,
          71,
          84,
          104,
          128,
          157,
          234
        ],
        "fingerprint": "7340d25484ecfb18",
        "length": 256,
        "owner_tier": 0,
        "request": "q7",
        "segment_index": 92
      },
      {
        "cache_owner": "q10",
        "epic_prefix_rows": [
          4,
          20,
          94,
          102,
          137,
          184,
          214,
          244
        ],
        "fingerprint": "6a4062e9346a79d0",
        "length": 256,
        "owner_tier": 0,
        "request": "q7",
        "segment_index": 93
      },
      {
        "cache_owner": "q10",
        "epic_prefix_rows": [
          0,
          46,
          50,
          98,
          163,
          168,
          179,
          195
        ],
        "fingerprint": "310d98fa063059f6",
        "length": 256,
        "owner_tier": 0,
        "request": "q7",
        "segment_index": 94
      },
      {
        "cache_owner": "q10",
        "epic_prefix_rows": [
          21,
          50,
          64,
          107,
          125,
          147,
          177,
          198
        ],
        "fingerprint": "7f08b641340dd17c",
        "length": 256,
        "owner_tier": 0,
        "request": "q7",
        "segment_index": 95
      },
      {
        "cache_owner": "q10",
        "epic_prefix_rows": [
          9,
          43,
          82,
          96,
          128,
          140,
          211,
          223
        ],
        "fingerprint": "264864c692eeca8a",
        "length": 256,
        "owner_tier": 0,
        "request": "q7",
        "segment_index": 96
      },
      {
        "cache_owner": "q0",
        "epic_prefix_rows": [],
        "fingerprint": "b4818fcedac6bc88",
        "length": 300,
        "owner_tier": 0,
        "request": "q8",
        "segment_index": 0
      },
      {
        "cache_owner": "q0",
        "epic_prefix_rows": [
          1,
          16,
          20,
          141,
          151,
          187,
          214,
          231
        ],
        "fingerprint": "9e4aeb4914ddd394",
        "length": 256,
        "owner_tier": 0,
        "request": "q8",
        "segment_index": 1
      },
      {
        "cache_owner": "q0",
        "epic_prefix_rows": [
          0,
          21,
          44,
          74,
          100,
          103,
          202,
          208
        ],
        "fingerprint": "6334e6823b55d024",
        "length": 256,
        "owner_tier": 0,
        "request": "q8",
        "segment_index": 2
      },
      {
        "cache_owner": "q0",
        "epic_prefix_rows": [
          42,
          51,
          55,
          91,
          120,
          123,
          161,
          248
        ],
        "fingerprint": "307e02ba0c9c8db6",
        "length": 256,
        "owner_tier": 0,
        "request": "q8",
        "segment_index": 3
      },
      {
        "cache_owner": "q0",
        "epic_prefix_rows": [
          47,
          55,
          118,
          138,
          171,
          195,
          221,
          227
        ],
        "fingerprint": "d8e088676ac0e994",
        "length": 256,
        "owner_tier": 0,
        "request": "q8",
        "segment_index": 4
      },
      {
        "cache_owner": "q0",
        "epic_prefix_rows": [
          0,
          24,
          29,
          41,
          150,
          176,
          190,
          209
        ],
        "fingerprint": "eba00dddf332f864",
        "length": 256,
        "owner_tier": 0,
        "request": "q8",
        "segment_index": 5
      },
      {
        "cache_owner": "q0",
        "epic_prefix_rows": [
          17,
          50,
          93,
          114,
          120,
          126,
          169,
          183
        ],
        "fingerprint": "16ff367edf27a427",
        "length": 256,
        "owner_tier": 0,
        "request": "q8",
        "segment_index": 6
      },
      {
        "cache_owner": "q0",
        "epic_prefix_rows": [
          28,
          41,
          45,
          50,
          162,
          164,
          199,
          255
        ],
        "fingerprint": "544559610dd737d8",
        "length": 256,
        "owner_tier": 0,
        "request": "q8",
        "segment_index": 7
      },
      {
        "cache_owner": "q0",
        "epic_prefix_rows": [
          23,
          47,
          67,
          175,
          183,
          206,
          229,
          254
        ],
        "fingerprint": "719d4f68cfcda7af",
        "length": 256,
        "owner_tier": 0,
        "request": "q8",
        "segment_index": 8
      },
      {
        "cache_owner": "q0",
        "epic_prefix_rows": [
          16,
          69,
          88,
          174,
          175,
          208,
          211,
          227
        ],
        "fingerprint": "de2eea82f07af94b",
        "length": 256,
        "owner_tier": 0,
        "request": "q8",
        "segment_index": 9
      },
      {
        "cache_owner": "q0",
        "epic_prefix_rows": [
          6,
          38,
          112,
          122,
          126,
          181,
          182,
          238
        ],
        "fingerprint": "3df9fb747ee9b3ed",
        "length": 256,
        "owner_tier": 0,
        "request": "q8",
        "segment_index": 10
      },
      {
        "cache_owner": "q0",
        "epic_prefix_rows": [
          2,
          45,
          55,
          91,
          123,
          154,
          213,
          225
        ],
        "fingerprint": "d84e94f761d8f171",
        "length": 256,
        "owner_tier": 0,
        "request": "q8",
        "segment_index": 11
      },
      {
        "cache_owner": "q0",
        "epic_prefix_rows": [
          8,
          26,
          29,
          68,
          79,
          99,
          245,
          252
        ],
        "fingerprint": "e69c516fc2d68c1b",
        "length": 256,
        "owner_tier": 0,
        "request": "q8",
        "segment_index": 12
      },
      {
        "cache_owner": "q0",
        "epic_prefix_rows": [
          11,
          20,
          34,
          75,
          84,
          104,
          106,
          222
        ],
        "fingerprint": "d679790103e8c53b",
        "length": 256,
        "owner_tier": 0,
        "request": "q8",
        "segment_index": 13
      },
      {
        "cache_owner": "q0",
        "epic_prefix_rows": [
          2,
          4,
          78,
          101,
          204,
          205,
          236,
          244
        ],
        "fingerprint": "ef9219752ae977de",
        "length": 256,
        "owner_tier": 0,
        "request": "q8",
        "segment_index": 14
      },
      {
        "cache_owner": "q0",
        "epic_prefix_rows": [
          11,
          37,
          89,
          99,
          101,
          138,
          224,
          248
        ],
        "fingerprint": "804751a4de0897b1",
        "length": 256,
        "owner_tier": 0,
        "request": "q8",
        "segment_index": 15
      },
      {
        "cache_owner": "q0",
        "epic_prefix_rows": [
          15,
          60,
          93,
          166,
          197,
          203,
          216,
          237
        ],
        "fingerprint": "408f7199c5ad6444",
        "length": 256,
        "owner_tier": 0,
        "request": "q8",
        "segment_index": 16
      },
      {
        "cache_owner": "q0",
        "epic_prefix_rows": [
          44,
          61,
          90,
          136,
          159,
          179,
          211,
          212
        ],
        "fingerprint": "0b61bf84de13cf6f",
        "length": 256,
        "owner_tier": 0,
        "request": "q8",
        "segment_index": 17
      },
      {
        "cache_owner": "q0",
        "epic_prefix_rows": [
          4,
          151,
          182,
          199,
          226,
          244,
          246,
          253
        ],
        "fingerprint": "f4cf28fc5b71edf3",
        "length": 256,
        "owner_tier": 0,
        "request": "q8",
        "segment_index": 18
      },
      {
        "cache_owner": "q0",
        "epic_prefix_rows": [
          13,
          117,
          125,
          126,
          129,
          157,
          185,
          220
        ],
        "fingerprint": "f4fdd0e52e878abf",
        "length": 256,
        "owner_tier": 0,
        "request": "q8",
        "segment_index": 19
      },
      {
        "cache_owner": "q0",
        "epic_prefix_rows": [
          12,
          64,
          69,
          123,
          142,
          144,
          223,
          254
        ],
        "fingerprint": "7ba29ac00739c4ea",
        "length": 256,
        "owner_tier": 0,
        "request": "q8",
        "segment_index": 20
      },
      {
        "cache_owner": "q0",
        "epic_prefix_rows": [
          9,
          22,
          28,
          51,
          104,
          241,
          253,
          255
        ],
        "fingerprint": "6c5246339cc01ead",
        "length": 256,
        "owner_tier": 0,
        "request": "q8",
        "segment_index": 21
      },
      {
        "cache_owner": "q0",
        "epic_prefix_rows": [
          39,
          72,
          77,
          109,
          116,
          123,
          155,
          217
        ],
        "fingerprint": "3e13ea33ffd365d2",
        "length": 256,
        "owner_tier": 0,
        "request": "q8",
        "segment_index": 22
      },
      {
        "cache_owner": "q0",
        "epic_prefix_rows": [
          75,
          115,
          130,
          132,
          143,
          150,
          213,
          235
        ],
        "fingerprint": "97a85315f7478ed8",
        "length": 256,
        "owner_tier": 0,
        "request": "q8",
        "segment_index": 23
      },
      {
        "cache_owner": "q0",
        "epic_prefix_rows": [
          20,
          69,
          105,
          113,
          125,
          135,
          140,
          184
        ],
        "fingerprint": "e2f20e8d23ad1f3c",
        "length": 256,
        "owner_tier": 0,
        "request": "q8",
        "segment_index": 24
      },
      {
        "cache_owner": "q0",
        "epic_prefix_rows": [
          9,
          15,
          38,
          111,
          112,
          137,
          182,
          252
        ],
        "fingerprint": "0d5323d6441850a7",
        "length": 256,
        "owner_tier": 0,
        "request": "q8",
        "segment_index": 25
      },
      {
        "cache_owner": "q0",
        "epic_prefix_rows": [
          133,
          143,
          148,
          191,
          193,
          214,
          219,
          225
        ],
        "fingerprint": "2bbeefee3ca77394",
        "length": 256,
        "owner_tier": 0,
        "request": "q8",
        "segment_index": 26
      },
      {
        "cache_owner": "q0",
        "epic_prefix_rows": [
          1,
          63,
          148,
          173,
          181,
          187,
          192,
          255
        ],
        "fingerprint": "28b214a69646c775",
        "length": 256,
        "owner_tier": 0,
        "request": "q8",
        "segment_index": 27
      },
      {
        "cache_owner": "q0",
        "epic_prefix_rows": [
          9,
          54,
          79,
          80,
          125,
          187,
          202,
          245
        ],
        "fingerprint": "196ab37f68eb91dd",
        "length": 256,
        "owner_tier": 0,
        "request": "q8",
        "segment_index": 28
      },
      {
        "cache_owner": "q0",
        "epic_prefix_rows": [
          31,
          71,
          102,
          115,
          132,
          140,
          154,
          238
        ],
        "fingerprint": "b289731a6de14025",
        "length": 256,
        "owner_tier": 0,
        "request": "q8",
        "segment_index": 29
      },
      {
        "cache_owner": "q0",
        "epic_prefix_rows": [
          59,
          73,
          102,
          117,
          171,
          180,
          247,
          254
        ],
        "fingerprint": "1fd8287b40b3ef05",
        "length": 256,
        "owner_tier": 0,
        "request": "q8",
        "segment_index": 30
      },
      {
        "cache_owner": "q0",
        "epic_prefix_rows": [
          22,
          31,
          103,
          129,
          194,
          201,
          209,
          222
        ],
        "fingerprint": "d655032a50b311c0",
        "length": 256,
        "owner_tier": 0,
        "request": "q8",
        "segment_index": 31
      },
      {
        "cache_owner": "q0",
        "epic_prefix_rows": [
          11,
          36,
          72,
          106,
          167,
          226,
          235,
          237
        ],
        "fingerprint": "68aa33941aec615e",
        "length": 256,
        "owner_tier": 0,
        "request": "q8",
        "segment_index": 32
      },
      {
        "cache_owner": "q0",
        "epic_prefix_rows": [
          18,
          23,
          37,
          66,
          76,
          113,
          215,
          251
        ],
        "fingerprint": "57edc36f5adb4077",
        "length": 256,
        "owner_tier": 0,
        "request": "q8",
        "segment_index": 33
      },
      {
        "cache_owner": "q0",
        "epic_prefix_rows": [
          1,
          14,
          23,
          33,
          35,
          110,
          166,
          185
        ],
        "fingerprint": "060fe3cc81c4e614",
        "length": 256,
        "owner_tier": 0,
        "request": "q8",
        "segment_index": 34
      },
      {
        "cache_owner": "q0",
        "epic_prefix_rows": [
          15,
          36,
          102,
          113,
          157,
          158,
          240,
          248
        ],
        "fingerprint": "2c3a90bf49014087",
        "length": 256,
        "owner_tier": 0,
        "request": "q8",
        "segment_index": 35
      },
      {
        "cache_owner": "q0",
        "epic_prefix_rows": [
          27,
          31,
          91,
          121,
          162,
          176,
          192,
          231
        ],
        "fingerprint": "b8b19851f0e91e8b",
        "length": 256,
        "owner_tier": 0,
        "request": "q8",
        "segment_index": 36
      },
      {
        "cache_owner": "q0",
        "epic_prefix_rows": [
          8,
          22,
          23,
          36,
          94,
          122,
          123,
          249
        ],
        "fingerprint": "0a24aa246267ca70",
        "length": 256,
        "owner_tier": 0,
        "request": "q8",
        "segment_index": 37
      },
      {
        "cache_owner": "q0",
        "epic_prefix_rows": [
          5,
          22,
          30,
          64,
          86,
          112,
          226,
          231
        ],
        "fingerprint": "39982a5ac106dc56",
        "length": 256,
        "owner_tier": 0,
        "request": "q8",
        "segment_index": 38
      },
      {
        "cache_owner": "q0",
        "epic_prefix_rows": [
          48,
          121,
          122,
          126,
          163,
          220,
          227,
          242
        ],
        "fingerprint": "5b4fec5265577019",
        "length": 256,
        "owner_tier": 0,
        "request": "q8",
        "segment_index": 39
      },
      {
        "cache_owner": "q0",
        "epic_prefix_rows": [
          34,
          92,
          136,
          147,
          149,
          192,
          200,
          247
        ],
        "fingerprint": "31754f310cc87cb9",
        "length": 256,
        "owner_tier": 0,
        "request": "q8",
        "segment_index": 40
      },
      {
        "cache_owner": "q0",
        "epic_prefix_rows": [
          2,
          3,
          45,
          108,
          115,
          118,
          134,
          239
        ],
        "fingerprint": "17914e14c68c53c7",
        "length": 256,
        "owner_tier": 0,
        "request": "q8",
        "segment_index": 41
      },
      {
        "cache_owner": "q0",
        "epic_prefix_rows": [
          5,
          34,
          165,
          187,
          203,
          230,
          253,
          254
        ],
        "fingerprint": "0d5ec49d1bd3dfc2",
        "length": 256,
        "owner_tier": 0,
        "request": "q8",
        "segment_index": 42
      },
      {
        "cache_owner": "q0",
        "epic_prefix_rows": [
          25,
          45,
          54,
          88,
          103,
          129,
          139,
          140
        ],
        "fingerprint": "c8ca1ee28f153785",
        "length": 256,
        "owner_tier": 0,
        "request": "q8",
        "segment_index": 43
      },
      {
        "cache_owner": "q0",
        "epic_prefix_rows": [
          32,
          135,
          178,
          193,
          208,
          219,
          228,
          229
        ],
        "fingerprint": "d2d59fe199246a8a",
        "length": 256,
        "owner_tier": 0,
        "request": "q8",
        "segment_index": 44
      },
      {
        "cache_owner": "q0",
        "epic_prefix_rows": [
          9,
          52,
          76,
          129,
          162,
          209,
          213,
          214
        ],
        "fingerprint": "f8c3ac43031f479d",
        "length": 256,
        "owner_tier": 0,
        "request": "q8",
        "segment_index": 45
      },
      {
        "cache_owner": "q0",
        "epic_prefix_rows": [
          6,
          15,
          18,
          93,
          126,
          153,
          165,
          204
        ],
        "fingerprint": "1a0ba2ae3b5af048",
        "length": 256,
        "owner_tier": 0,
        "request": "q8",
        "segment_index": 46
      },
      {
        "cache_owner": "q0",
        "epic_prefix_rows": [
          21,
          38,
          95,
          103,
          105,
          110,
          177,
          187
        ],
        "fingerprint": "4efa77b98545d7f9",
        "length": 256,
        "owner_tier": 0,
        "request": "q8",
        "segment_index": 47
      },
      {
        "cache_owner": "q0",
        "epic_prefix_rows": [
          3,
          52,
          77,
          142,
          183,
          214,
          217,
          252
        ],
        "fingerprint": "e8daa9461adadb50",
        "length": 256,
        "owner_tier": 0,
        "request": "q8",
        "segment_index": 48
      },
      {
        "cache_owner": "q0",
        "epic_prefix_rows": [
          0,
          3,
          90,
          107,
          136,
          170,
          201,
          244
        ],
        "fingerprint": "27676fe4288b5092",
        "length": 256,
        "owner_tier": 0,
        "request": "q8",
        "segment_index": 49
      },
      {
        "cache_owner": "q0",
        "epic_prefix_rows": [
          103,
          114,
          185,
          188,
          220,
          242,
          247,
          251
        ],
        "fingerprint": "4628056629d21f29",
        "length": 256,
        "owner_tier": 0,
        "request": "q8",
        "segment_index": 50
      },
      {
        "cache_owner": "q0",
        "epic_prefix_rows": [
          2,
          24,
          48,
          128,
          145,
          151,
          223,
          250
        ],
        "fingerprint": "9e222200b410e430",
        "length": 256,
        "owner_tier": 0,
        "request": "q8",
        "segment_index": 51
      },
      {
        "cache_owner": "q0",
        "epic_prefix_rows": [
          11,
          29,
          98,
          137,
          166,
          192,
          199,
          201
        ],
        "fingerprint": "7753df1b6f8c9278",
        "length": 256,
        "owner_tier": 0,
        "request": "q8",
        "segment_index": 52
      },
      {
        "cache_owner": "q0",
        "epic_prefix_rows": [
          17,
          31,
          113,
          126,
          169,
          185,
          225,
          254
        ],
        "fingerprint": "2601f658cc5d3594",
        "length": 256,
        "owner_tier": 0,
        "request": "q8",
        "segment_index": 53
      },
      {
        "cache_owner": "q0",
        "epic_prefix_rows": [
          9,
          44,
          46,
          130,
          141,
          144,
          209,
          254
        ],
        "fingerprint": "27013d93d3fccf89",
        "length": 256,
        "owner_tier": 0,
        "request": "q8",
        "segment_index": 54
      },
      {
        "cache_owner": "q0",
        "epic_prefix_rows": [
          54,
          60,
          84,
          117,
          121,
          165,
          211,
          251
        ],
        "fingerprint": "6880baf09f037c19",
        "length": 256,
        "owner_tier": 0,
        "request": "q8",
        "segment_index": 55
      },
      {
        "cache_owner": "q0",
        "epic_prefix_rows": [
          24,
          47,
          55,
          63,
          78,
          180,
          196,
          248
        ],
        "fingerprint": "0724e17672a95b93",
        "length": 256,
        "owner_tier": 0,
        "request": "q8",
        "segment_index": 56
      },
      {
        "cache_owner": "q0",
        "epic_prefix_rows": [
          12,
          89,
          98,
          158,
          163,
          168,
          197,
          253
        ],
        "fingerprint": "e3c449fc4cd656ce",
        "length": 256,
        "owner_tier": 0,
        "request": "q8",
        "segment_index": 57
      },
      {
        "cache_owner": "q0",
        "epic_prefix_rows": [
          53,
          86,
          122,
          137,
          151,
          176,
          197,
          199
        ],
        "fingerprint": "274f7d8aacaccf25",
        "length": 256,
        "owner_tier": 0,
        "request": "q8",
        "segment_index": 58
      },
      {
        "cache_owner": "q0",
        "epic_prefix_rows": [
          1,
          41,
          47,
          106,
          135,
          177,
          191,
          220
        ],
        "fingerprint": "146a74171fc8e908",
        "length": 256,
        "owner_tier": 0,
        "request": "q8",
        "segment_index": 59
      },
      {
        "cache_owner": "q0",
        "epic_prefix_rows": [
          13,
          37,
          57,
          124,
          129,
          149,
          221,
          244
        ],
        "fingerprint": "56421c8602f059e6",
        "length": 256,
        "owner_tier": 0,
        "request": "q8",
        "segment_index": 60
      },
      {
        "cache_owner": "q0",
        "epic_prefix_rows": [
          26,
          54,
          77,
          107,
          129,
          191,
          192,
          234
        ],
        "fingerprint": "357ad2bb54f67a0c",
        "length": 256,
        "owner_tier": 0,
        "request": "q8",
        "segment_index": 61
      },
      {
        "cache_owner": "q0",
        "epic_prefix_rows": [
          35,
          57,
          62,
          89,
          92,
          107,
          192,
          229
        ],
        "fingerprint": "008b81b4d6caa9c9",
        "length": 256,
        "owner_tier": 0,
        "request": "q8",
        "segment_index": 62
      },
      {
        "cache_owner": "q0",
        "epic_prefix_rows": [
          2,
          23,
          80,
          98,
          153,
          160,
          212,
          223
        ],
        "fingerprint": "189f6cf46a89a8af",
        "length": 256,
        "owner_tier": 0,
        "request": "q8",
        "segment_index": 63
      },
      {
        "cache_owner": "q0",
        "epic_prefix_rows": [
          6,
          37,
          91,
          117,
          201,
          235,
          236,
          253
        ],
        "fingerprint": "7ee8a980cd5e73db",
        "length": 256,
        "owner_tier": 0,
        "request": "q8",
        "segment_index": 64
      },
      {
        "cache_owner": "q0",
        "epic_prefix_rows": [
          45,
          51,
          57,
          61,
          96,
          109,
          134,
          197
        ],
        "fingerprint": "1e09fc3aa312bedf",
        "length": 256,
        "owner_tier": 0,
        "request": "q8",
        "segment_index": 65
      },
      {
        "cache_owner": "q0",
        "epic_prefix_rows": [
          7,
          15,
          59,
          106,
          112,
          159,
          185,
          206
        ],
        "fingerprint": "e83ba334f98641d8",
        "length": 256,
        "owner_tier": 0,
        "request": "q8",
        "segment_index": 66
      },
      {
        "cache_owner": "q0",
        "epic_prefix_rows": [
          19,
          38,
          53,
          70,
          110,
          188,
          199,
          228
        ],
        "fingerprint": "93ff15fd417be171",
        "length": 256,
        "owner_tier": 0,
        "request": "q8",
        "segment_index": 67
      },
      {
        "cache_owner": "q0",
        "epic_prefix_rows": [
          41,
          58,
          84,
          137,
          148,
          160,
          164,
          213
        ],
        "fingerprint": "014c9a04b4e916be",
        "length": 256,
        "owner_tier": 0,
        "request": "q8",
        "segment_index": 68
      },
      {
        "cache_owner": "q0",
        "epic_prefix_rows": [
          39,
          72,
          97,
          114,
          122,
          149,
          207,
          209
        ],
        "fingerprint": "84398fc658db81a5",
        "length": 256,
        "owner_tier": 0,
        "request": "q8",
        "segment_index": 69
      },
      {
        "cache_owner": "q0",
        "epic_prefix_rows": [
          25,
          31,
          143,
          147,
          200,
          201,
          209,
          222
        ],
        "fingerprint": "05d534e6a81b4210",
        "length": 256,
        "owner_tier": 0,
        "request": "q8",
        "segment_index": 70
      },
      {
        "cache_owner": "q0",
        "epic_prefix_rows": [
          3,
          10,
          13,
          22,
          52,
          57,
          146,
          206
        ],
        "fingerprint": "8c41295e89de23e3",
        "length": 256,
        "owner_tier": 0,
        "request": "q8",
        "segment_index": 71
      },
      {
        "cache_owner": "q0",
        "epic_prefix_rows": [
          9,
          25,
          46,
          48,
          73,
          196,
          209,
          249
        ],
        "fingerprint": "0d6ee10e10def3d2",
        "length": 256,
        "owner_tier": 0,
        "request": "q8",
        "segment_index": 72
      },
      {
        "cache_owner": "q0",
        "epic_prefix_rows": [
          0,
          37,
          48,
          105,
          107,
          111,
          120,
          126
        ],
        "fingerprint": "c1807afb81a20f51",
        "length": 256,
        "owner_tier": 0,
        "request": "q8",
        "segment_index": 73
      },
      {
        "cache_owner": "q0",
        "epic_prefix_rows": [
          5,
          173,
          178,
          190,
          194,
          199,
          222,
          225
        ],
        "fingerprint": "931d7f5b83731cc7",
        "length": 256,
        "owner_tier": 0,
        "request": "q8",
        "segment_index": 74
      },
      {
        "cache_owner": "q0",
        "epic_prefix_rows": [
          3,
          77,
          107,
          111,
          167,
          205,
          213,
          247
        ],
        "fingerprint": "de3ba4f43ce3a094",
        "length": 256,
        "owner_tier": 0,
        "request": "q8",
        "segment_index": 75
      },
      {
        "cache_owner": "q0",
        "epic_prefix_rows": [
          22,
          66,
          96,
          136,
          166,
          203,
          213,
          250
        ],
        "fingerprint": "549b6eeef884e61d",
        "length": 256,
        "owner_tier": 0,
        "request": "q8",
        "segment_index": 76
      },
      {
        "cache_owner": "q0",
        "epic_prefix_rows": [
          8,
          59,
          91,
          123,
          162,
          165,
          202,
          212
        ],
        "fingerprint": "8f21a2b7cbc6a1cc",
        "length": 256,
        "owner_tier": 0,
        "request": "q8",
        "segment_index": 77
      },
      {
        "cache_owner": "q0",
        "epic_prefix_rows": [
          55,
          93,
          99,
          127,
          162,
          163,
          192,
          197
        ],
        "fingerprint": "3327eb88b326572c",
        "length": 256,
        "owner_tier": 0,
        "request": "q8",
        "segment_index": 78
      },
      {
        "cache_owner": "q0",
        "epic_prefix_rows": [
          4,
          93,
          126,
          153,
          154,
          165,
          172,
          185
        ],
        "fingerprint": "828afffd0287a7fd",
        "length": 256,
        "owner_tier": 0,
        "request": "q8",
        "segment_index": 79
      },
      {
        "cache_owner": "q0",
        "epic_prefix_rows": [
          43,
          93,
          126,
          178,
          185,
          187,
          209,
          226
        ],
        "fingerprint": "2e40f41c46618477",
        "length": 256,
        "owner_tier": 0,
        "request": "q8",
        "segment_index": 80
      },
      {
        "cache_owner": "q0",
        "epic_prefix_rows": [
          12,
          19,
          43,
          48,
          102,
          128,
          167,
          191
        ],
        "fingerprint": "38fd9d00b6d09b58",
        "length": 256,
        "owner_tier": 0,
        "request": "q8",
        "segment_index": 81
      },
      {
        "cache_owner": "q0",
        "epic_prefix_rows": [
          37,
          39,
          61,
          69,
          71,
          141,
          150,
          225
        ],
        "fingerprint": "01ef803e6ca17df7",
        "length": 256,
        "owner_tier": 0,
        "request": "q8",
        "segment_index": 82
      },
      {
        "cache_owner": "q0",
        "epic_prefix_rows": [
          28,
          33,
          38,
          49,
          66,
          71,
          125,
          172
        ],
        "fingerprint": "70b457c38f944354",
        "length": 256,
        "owner_tier": 0,
        "request": "q8",
        "segment_index": 83
      },
      {
        "cache_owner": "q0",
        "epic_prefix_rows": [
          1,
          68,
          89,
          125,
          133,
          142,
          179,
          242
        ],
        "fingerprint": "e2614c2dedf4cf58",
        "length": 256,
        "owner_tier": 0,
        "request": "q8",
        "segment_index": 84
      },
      {
        "cache_owner": "q0",
        "epic_prefix_rows": [
          100,
          109,
          130,
          150,
          167,
          178,
          195,
          252
        ],
        "fingerprint": "b1ab14bf7fe90b52",
        "length": 256,
        "owner_tier": 0,
        "request": "q8",
        "segment_index": 85
      },
      {
        "cache_owner": "q0",
        "epic_prefix_rows": [
          6,
          71,
          74,
          117,
          126,
          135,
          153,
          155
        ],
        "fingerprint": "19b2326032573ee0",
        "length": 256,
        "owner_tier": 0,
        "request": "q8",
        "segment_index": 86
      },
      {
        "cache_owner": "q0",
        "epic_prefix_rows": [
          43,
          44,
          54,
          77,
          119,
          166,
          172,
          255
        ],
        "fingerprint": "f97f30f9dca3b30d",
        "length": 256,
        "owner_tier": 0,
        "request": "q8",
        "segment_index": 87
      },
      {
        "cache_owner": "q0",
        "epic_prefix_rows": [
          7,
          13,
          20,
          40,
          82,
          141,
          150,
          157
        ],
        "fingerprint": "9b66baa8d351f5fb",
        "length": 256,
        "owner_tier": 0,
        "request": "q8",
        "segment_index": 88
      },
      {
        "cache_owner": "q1",
        "epic_prefix_rows": [
          58,
          69,
          132,
          162,
          212,
          214,
          218,
          230
        ],
        "fingerprint": "1393d94e264cb21d",
        "length": 256,
        "owner_tier": 0,
        "request": "q8",
        "segment_index": 89
      },
      {
        "cache_owner": "q10",
        "epic_prefix_rows": [
          52,
          57,
          154,
          183,
          218,
          223,
          227,
          243
        ],
        "fingerprint": "5994a888fff74396",
        "length": 256,
        "owner_tier": 0,
        "request": "q8",
        "segment_index": 90
      },
      {
        "cache_owner": "q10",
        "epic_prefix_rows": [
          53,
          67,
          85,
          135,
          156,
          200,
          208,
          228
        ],
        "fingerprint": "7340d25484ecfb18",
        "length": 256,
        "owner_tier": 0,
        "request": "q8",
        "segment_index": 91
      },
      {
        "cache_owner": "q10",
        "epic_prefix_rows": [
          47,
          70,
          82,
          97,
          99,
          117,
          152,
          187
        ],
        "fingerprint": "6a4062e9346a79d0",
        "length": 256,
        "owner_tier": 0,
        "request": "q8",
        "segment_index": 92
      },
      {
        "cache_owner": "q10",
        "epic_prefix_rows": [
          21,
          142,
          150,
          151,
          175,
          220,
          235,
          251
        ],
        "fingerprint": "310d98fa063059f6",
        "length": 256,
        "owner_tier": 0,
        "request": "q8",
        "segment_index": 93
      },
      {
        "cache_owner": "q10",
        "epic_prefix_rows": [
          9,
          10,
          40,
          99,
          123,
          144,
          218,
          255
        ],
        "fingerprint": "7f08b641340dd17c",
        "length": 256,
        "owner_tier": 0,
        "request": "q8",
        "segment_index": 94
      },
      {
        "cache_owner": "q10",
        "epic_prefix_rows": [
          11,
          42,
          43,
          114,
          115,
          134,
          146,
          212
        ],
        "fingerprint": "264864c692eeca8a",
        "length": 256,
        "owner_tier": 0,
        "request": "q8",
        "segment_index": 95
      },
      {
        "cache_owner": "q10",
        "epic_prefix_rows": [
          7,
          44,
          50,
          62,
          137,
          193,
          195,
          228
        ],
        "fingerprint": "e155baafb2c3e476",
        "length": 256,
        "owner_tier": 0,
        "request": "q8",
        "segment_index": 96
      },
      {
        "cache_owner": "q0",
        "epic_prefix_rows": [],
        "fingerprint": "b4818fcedac6bc88",
        "length": 300,
        "owner_tier": 0,
        "request": "q9",
        "segment_index": 0
      },
      {
        "cache_owner": "q0",
        "epic_prefix_rows": [
          83,
          98,
          108,
          120,
          149,
          180,
          183,
          254
        ],
        "fingerprint": "6334e6823b55d024",
        "length": 256,
        "owner_tier": 0,
        "request": "q9",
        "segment_index": 1
      },
      {
        "cache_owner": "q0",
        "epic_prefix_rows": [
          75,
          77,
          78,
          94,
          108,
          167,
          252,
          254
        ],
        "fingerprint": "307e02ba0c9c8db6",
        "length": 256,
        "owner_tier": 0,
        "request": "q9",
        "segment_index": 2
      },
      {
        "cache_owner": "q0",
        "epic_prefix_rows": [
          7,
          39,
          79,
          123,
          133,
          140,
          217,
          224
        ],
        "fingerprint": "d8e088676ac0e994",
        "length": 256,
        "owner_tier": 0,
        "request": "q9",
        "segment_index": 3
      },
      {
        "cache_owner": "q0",
        "epic_prefix_rows": [
          29,
          33,
          54,
          122,
          142,
          188,
          218,
          229
        ],
        "fingerprint": "eba00dddf332f864",
        "length": 256,
        "owner_tier": 0,
        "request": "q9",
        "segment_index": 4
      },
      {
        "cache_owner": "q0",
        "epic_prefix_rows": [
          15,
          35,
          44,
          94,
          96,
          179,
          222,
          255
        ],
        "fingerprint": "16ff367edf27a427",
        "length": 256,
        "owner_tier": 0,
        "request": "q9",
        "segment_index": 5
      },
      {
        "cache_owner": "q0",
        "epic_prefix_rows": [
          57,
          58,
          63,
          80,
          153,
          165,
          169,
          174
        ],
        "fingerprint": "544559610dd737d8",
        "length": 256,
        "owner_tier": 0,
        "request": "q9",
        "segment_index": 6
      },
      {
        "cache_owner": "q0",
        "epic_prefix_rows": [
          21,
          69,
          74,
          95,
          156,
          173,
          175,
          211
        ],
        "fingerprint": "719d4f68cfcda7af",
        "length": 256,
        "owner_tier": 0,
        "request": "q9",
        "segment_index": 7
      },
      {
        "cache_owner": "q0",
        "epic_prefix_rows": [
          2,
          6,
          62,
          102,
          127,
          129,
          146,
          224
        ],
        "fingerprint": "de2eea82f07af94b",
        "length": 256,
        "owner_tier": 0,
        "request": "q9",
        "segment_index": 8
      },
      {
        "cache_owner": "q0",
        "epic_prefix_rows": [
          12,
          66,
          94,
          106,
          207,
          208,
          226,
          231
        ],
        "fingerprint": "3df9fb747ee9b3ed",
        "length": 256,
        "owner_tier": 0,
        "request": "q9",
        "segment_index": 9
      },
      {
        "cache_owner": "q0",
        "epic_prefix_rows": [
          33,
          45,
          138,
          163,
          219,
          224,
          235,
          247
        ],
        "fingerprint": "d84e94f761d8f171",
        "length": 256,
        "owner_tier": 0,
        "request": "q9",
        "segment_index": 10
      },
      {
        "cache_owner": "q0",
        "epic_prefix_rows": [
          40,
          42,
          43,
          100,
          179,
          196,
          201,
          213
        ],
        "fingerprint": "e69c516fc2d68c1b",
        "length": 256,
        "owner_tier": 0,
        "request": "q9",
        "segment_index": 11
      },
      {
        "cache_owner": "q0",
        "epic_prefix_rows": [
          21,
          68,
          96,
          150,
          156,
          161,
          175,
          252
        ],
        "fingerprint": "d679790103e8c53b",
        "length": 256,
        "owner_tier": 0,
        "request": "q9",
        "segment_index": 12
      },
      {
        "cache_owner": "q0",
        "epic_prefix_rows": [
          4,
          28,
          66,
          85,
          128,
          140,
          165,
          206
        ],
        "fingerprint": "ef9219752ae977de",
        "length": 256,
        "owner_tier": 0,
        "request": "q9",
        "segment_index": 13
      },
      {
        "cache_owner": "q0",
        "epic_prefix_rows": [
          15,
          90,
          100,
          117,
          165,
          169,
          206,
          246
        ],
        "fingerprint": "804751a4de0897b1",
        "length": 256,
        "owner_tier": 0,
        "request": "q9",
        "segment_index": 14
      },
      {
        "cache_owner": "q0",
        "epic_prefix_rows": [
          62,
          75,
          114,
          138,
          139,
          207,
          215,
          235
        ],
        "fingerprint": "408f7199c5ad6444",
        "length": 256,
        "owner_tier": 0,
        "request": "q9",
        "segment_index": 15
      },
      {
        "cache_owner": "q0",
        "epic_prefix_rows": [
          2,
          4,
          45,
          108,
          158,
          208,
          211,
          225
        ],
        "fingerprint": "0b61bf84de13cf6f",
        "length": 256,
        "owner_tier": 0,
        "request": "q9",
        "segment_index": 16
      },
      {
        "cache_owner": "q0",
        "epic_prefix_rows": [
          20,
          67,
          87,
          92,
          102,
          117,
          193,
          217
        ],
        "fingerprint": "f4cf28fc5b71edf3",
        "length": 256,
        "owner_tier": 0,
        "request": "q9",
        "segment_index": 17
      },
      {
        "cache_owner": "q0",
        "epic_prefix_rows": [
          8,
          16,
          68,
          91,
          137,
          141,
          142,
          209
        ],
        "fingerprint": "f4fdd0e52e878abf",
        "length": 256,
        "owner_tier": 0,
        "request": "q9",
        "segment_index": 18
      },
      {
        "cache_owner": "q0",
        "epic_prefix_rows": [
          9,
          11,
          39,
          42,
          101,
          111,
          153,
          166
        ],
        "fingerprint": "7ba29ac00739c4ea",
        "length": 256,
        "owner_tier": 0,
        "request": "q9",
        "segment_index": 19
      },
      {
        "cache_owner": "q0",
        "epic_prefix_rows": [
          32,
          36,
          117,
          165,
          224,
          228,
          245,
          247
        ],
        "fingerprint": "6c5246339cc01ead",
        "length": 256,
        "owner_tier": 0,
        "request": "q9",
        "segment_index": 20
      },
      {
        "cache_owner": "q0",
        "epic_prefix_rows": [
          19,
          24,
          28,
          55,
          121,
          209,
          217,
          237
        ],
        "fingerprint": "3e13ea33ffd365d2",
        "length": 256,
        "owner_tier": 0,
        "request": "q9",
        "segment_index": 21
      },
      {
        "cache_owner": "q0",
        "epic_prefix_rows": [
          2,
          12,
          105,
          106,
          165,
          223,
          245,
          253
        ],
        "fingerprint": "97a85315f7478ed8",
        "length": 256,
        "owner_tier": 0,
        "request": "q9",
        "segment_index": 22
      },
      {
        "cache_owner": "q0",
        "epic_prefix_rows": [
          15,
          46,
          53,
          65,
          97,
          142,
          145,
          208
        ],
        "fingerprint": "e2f20e8d23ad1f3c",
        "length": 256,
        "owner_tier": 0,
        "request": "q9",
        "segment_index": 23
      },
      {
        "cache_owner": "q0",
        "epic_prefix_rows": [
          28,
          73,
          92,
          112,
          191,
          203,
          221,
          233
        ],
        "fingerprint": "0d5323d6441850a7",
        "length": 256,
        "owner_tier": 0,
        "request": "q9",
        "segment_index": 24
      },
      {
        "cache_owner": "q0",
        "epic_prefix_rows": [
          30,
          51,
          72,
          117,
          139,
          153,
          196,
          201
        ],
        "fingerprint": "2bbeefee3ca77394",
        "length": 256,
        "owner_tier": 0,
        "request": "q9",
        "segment_index": 25
      },
      {
        "cache_owner": "q0",
        "epic_prefix_rows": [
          31,
          88,
          112,
          164,
          187,
          194,
          205,
          211
        ],
        "fingerprint": "28b214a69646c775",
        "length": 256,
        "owner_tier": 0,
        "request": "q9",
        "segment_index": 26
      },
      {
        "cache_owner": "q0",
        "epic_prefix_rows": [
          14,
          37,
          50,
          83,
          121,
          190,
          246,
          250
        ],
        "fingerprint": "196ab37f68eb91dd",
        "length": 256,
        "owner_tier": 0,
        "request": "q9",
        "segment_index": 27
      },
      {
        "cache_owner": "q0",
        "epic_prefix_rows": [
          10,
          82,
          91,
          105,
          185,
          224,
          240,
          255
        ],
        "fingerprint": "b289731a6de14025",
        "length": 256,
        "owner_tier": 0,
        "request": "q9",
        "segment_index": 28
      },
      {
        "cache_owner": "q0",
        "epic_prefix_rows": [
          31,
          67,
          84,
          96,
          152,
          218,
          238,
          248
        ],
        "fingerprint": "1fd8287b40b3ef05",
        "length": 256,
        "owner_tier": 0,
        "request": "q9",
        "segment_index": 29
      },
      {
        "cache_owner": "q0",
        "epic_prefix_rows": [
          36,
          55,
          67,
          114,
          153,
          197,
          209,
          252
        ],
        "fingerprint": "d655032a50b311c0",
        "length": 256,
        "owner_tier": 0,
        "request": "q9",
        "segment_index": 30
      },
      {
        "cache_owner": "q0",
        "epic_prefix_rows": [
          36,
          62,
          71,
          97,
          154,
          194,
          217,
          224
        ],
        "fingerprint": "68aa33941aec615e",
        "length": 256,
        "owner_tier": 0,
        "request": "q9",
        "segment_index": 31
      },
      {
        "cache_owner": "q0",
        "epic_prefix_rows": [
          9,
          38,
          43,
          74,
          116,
          133,
          161,
          179
        ],
        "fingerprint": "57edc36f5adb4077",
        "length": 256,
        "owner_tier": 0,
        "request": "q9",
        "segment_index": 32
      },
      {
        "cache_owner": "q0",
        "epic_prefix_rows": [
          3,
          27,
          34,
          37,
          112,
          144,
          208,
          217
        ],
        "fingerprint": "060fe3cc81c4e614",
        "length": 256,
        "owner_tier": 0,
        "request": "q9",
        "segment_index": 33
      },
      {
        "cache_owner": "q0",
        "epic_prefix_rows": [
          19,
          22,
          32,
          34,
          58,
          98,
          194,
          212
        ],
        "fingerprint": "2c3a90bf49014087",
        "length": 256,
        "owner_tier": 0,
        "request": "q9",
        "segment_index": 34
      },
      {
        "cache_owner": "q0",
        "epic_prefix_rows": [
          2,
          154,
          162,
          191,
          199,
          206,
          241,
          251
        ],
        "fingerprint": "b8b19851f0e91e8b",
        "length": 256,
        "owner_tier": 0,
        "request": "q9",
        "segment_index": 35
      },
      {
        "cache_owner": "q0",
        "epic_prefix_rows": [
          1,
          28,
          90,
          127,
          128,
          144,
          151,
          152
        ],
        "fingerprint": "0a24aa246267ca70",
        "length": 256,
        "owner_tier": 0,
        "request": "q9",
        "segment_index": 36
      },
      {
        "cache_owner": "q0",
        "epic_prefix_rows": [
          3,
          48,
          59,
          97,
          112,
          119,
          212,
          229
        ],
        "fingerprint": "39982a5ac106dc56",
        "length": 256,
        "owner_tier": 0,
        "request": "q9",
        "segment_index": 37
      },
      {
        "cache_owner": "q0",
        "epic_prefix_rows": [
          49,
          66,
          87,
          94,
          100,
          198,
          225,
          244
        ],
        "fingerprint": "5b4fec5265577019",
        "length": 256,
        "owner_tier": 0,
        "request": "q9",
        "segment_index": 38
      },
      {
        "cache_owner": "q0",
        "epic_prefix_rows": [
          28,
          33,
          68,
          100,
          119,
          140,
          155,
          217
        ],
        "fingerprint": "31754f310cc87cb9",
        "length": 256,
        "owner_tier": 0,
        "request": "q9",
        "segment_index": 39
      },
      {
        "cache_owner": "q0",
        "epic_prefix_rows": [
          38,
          130,
          138,
          149,
          172,
          193,
          203,
          241
        ],
        "fingerprint": "17914e14c68c53c7",
        "length": 256,
        "owner_tier": 0,
        "request": "q9",
        "segment_index": 40
      },
      {
        "cache_owner": "q0",
        "epic_prefix_rows": [
          34,
          35,
          49,
          65,
          171,
          187,
          211,
          242
        ],
        "fingerprint": "0d5ec49d1bd3dfc2",
        "length": 256,
        "owner_tier": 0,
        "request": "q9",
        "segment_index": 41
      },
      {
        "cache_owner": "q0",
        "epic_prefix_rows": [
          29,
          77,
          92,
          141,
          155,
          156,
          157,
          204
        ],
        "fingerprint": "c8ca1ee28f153785",
        "length": 256,
        "owner_tier": 0,
        "request": "q9",
        "segment_index": 42
      },
      {
        "cache_owner": "q0",
        "epic_prefix_rows": [
          21,
          36,
          98,
          106,
          141,
          148,
          222,
          243
        ],
        "fingerprint": "d2d59fe199246a8a",
        "length": 256,
        "owner_tier": 0,
        "request": "q9",
        "segment_index": 43
      },
      {
        "cache_owner": "q0",
        "epic_prefix_rows": [
          29,
          42,
          82,
          84,
          90,
          141,
          164,
          231
        ],
        "fingerprint": "f8c3ac43031f479d",
        "length": 256,
        "owner_tier": 0,
        "request": "q9",
        "segment_index": 44
      },
      {
        "cache_owner": "q0",
        "epic_prefix_rows": [
          5,
          39,
          75,
          171,
          175,
          180,
          187,
          218
        ],
        "fingerprint": "1a0ba2ae3b5af048",
        "length": 256,
        "owner_tier": 0,
        "request": "q9",
        "segment_index": 45
      },
      {
        "cache_owner": "q0",
        "epic_prefix_rows": [
          12,
          32,
          74,
          175,
          179,
          185,
          218,
          235
        ],
        "fingerprint": "4efa77b98545d7f9",
        "length": 256,
        "owner_tier": 0,
        "request": "q9",
        "segment_index": 46
      },
      {
        "cache_owner": "q0",
        "epic_prefix_rows": [
          55,
          67,
          158,
          193,
          228,
          229,
          246,
          248
        ],
        "fingerprint": "e8daa9461adadb50",
        "length": 256,
        "owner_tier": 0,
        "request": "q9",
        "segment_index": 47
      },
      {
        "cache_owner": "q0",
        "epic_prefix_rows": [
          12,
          75,
          108,
          150,
          161,
          209,
          216,
          249
        ],
        "fingerprint": "27676fe4288b5092",
        "length": 256,
        "owner_tier": 0,
        "request": "q9",
        "segment_index": 48
      },
      {
        "cache_owner": "q0",
        "epic_prefix_rows": [
          20,
          56,
          65,
          100,
          109,
          160,
          211,
          251
        ],
        "fingerprint": "4628056629d21f29",
        "length": 256,
        "owner_tier": 0,
        "request": "q9",
        "segment_index": 49
      },
      {
        "cache_owner": "q0",
        "epic_prefix_rows": [
          1,
          15,
          54,
          137,
          169,
          173,
          190,
          247
        ],
        "fingerprint": "9e222200b410e430",
        "length": 256,
        "owner_tier": 0,
        "request": "q9",
        "segment_index": 50
      },
      {
        "cache_owner": "q0",
        "epic_prefix_rows": [
          34,
          50,
          112,
          118,
          139,
          142,
          198,
          215
        ],
        "fingerprint": "7753df1b6f8c9278",
        "length": 256,
        "owner_tier": 0,
        "request": "q9",
        "segment_index": 51
      },
      {
        "cache_owner": "q0",
        "epic_prefix_rows": [
          8,
          94,
          149,
          184,
          191,
          192,
          202,
          207
        ],
        "fingerprint": "2601f658cc5d3594",
        "length": 256,
        "owner_tier": 0,
        "request": "q9",
        "segment_index": 52
      },
      {
        "cache_owner": "q0",
        "epic_prefix_rows": [
          48,
          63,
          91,
          132,
          170,
          171,
          217,
          227
        ],
        "fingerprint": "27013d93d3fccf89",
        "length": 256,
        "owner_tier": 0,
        "request": "q9",
        "segment_index": 53
      },
      {
        "cache_owner": "q0",
        "epic_prefix_rows": [
          1,
          50,
          84,
          94,
          97,
          122,
          182,
          229
        ],
        "fingerprint": "6880baf09f037c19",
        "length": 256,
        "owner_tier": 0,
        "request": "q9",
        "segment_index": 54
      },
      {
        "cache_owner": "q0",
        "epic_prefix_rows": [
          28,
          41,
          42,
          82,
          120,
          156,
          167,
          245
        ],
        "fingerprint": "0724e17672a95b93",
        "length": 256,
        "owner_tier": 0,
        "request": "q9",
        "segment_index": 55
      },
      {
        "cache_owner": "q0",
        "epic_prefix_rows": [
          15,
          20,
          52,
          58,
          165,
          166,
          212,
          245
        ],
        "fingerprint": "e3c449fc4cd656ce",
        "length": 256,
        "owner_tier": 0,
        "request": "q9",
        "segment_index": 56
      },
      {
        "cache_owner": "q0",
        "epic_prefix_rows": [
          0,
          18,
          100,
          123,
          138,
          141,
          178,
          194
        ],
        "fingerprint": "274f7d8aacaccf25",
        "length": 256,
        "owner_tier": 0,
        "request": "q9",
        "segment_index": 57
      },
      {
        "cache_owner": "q0",
        "epic_prefix_rows": [
          2,
          14,
          38,
          48,
          90,
          185,
          235,
          253
        ],
        "fingerprint": "146a74171fc8e908",
        "length": 256,
        "owner_tier": 0,
        "request": "q9",
        "segment_index": 58
      },
      {
        "cache_owner": "q0",
        "epic_prefix_rows": [
          33,
          81,
          83,
          95,
          188,
          206,
          236,
          238
        ],
        "fingerprint": "56421c8602f059e6",
        "length": 256,
        "owner_tier": 0,
        "request": "q9",
        "segment_index": 59
      },
      {
        "cache_owner": "q0",
        "epic_prefix_rows": [
          14,
          26,
          40,
          42,
          57,
          196,
          236,
          238
        ],
        "fingerprint": "357ad2bb54f67a0c",
        "length": 256,
        "owner_tier": 0,
        "request": "q9",
        "segment_index": 60
      },
      {
        "cache_owner": "q0",
        "epic_prefix_rows": [
          17,
          22,
          63,
          78,
          80,
          191,
          221,
          225
        ],
        "fingerprint": "008b81b4d6caa9c9",
        "length": 256,
        "owner_tier": 0,
        "request": "q9",
        "segment_index": 61
      },
      {
        "cache_owner": "q0",
        "epic_prefix_rows": [
          30,
          52,
          62,
          98,
          175,
          190,
          212,
          254
        ],
        "fingerprint": "189f6cf46a89a8af",
        "length": 256,
        "owner_tier": 0,
        "request": "q9",
        "segment_index": 62
      },
      {
        "cache_owner": "q0",
        "epic_prefix_rows": [
          5,
          8,
          63,
          69,
          90,
          213,
          234,
          252
        ],
        "fingerprint": "7ee8a980cd5e73db",
        "length": 256,
        "owner_tier": 0,
        "request": "q9",
        "segment_index": 63
      },
      {
        "cache_owner": "q0",
        "epic_prefix_rows": [
          12,
          56,
          58,
          63,
          71,
          117,
          126,
          206
        ],
        "fingerprint": "1e09fc3aa312bedf",
        "length": 256,
        "owner_tier": 0,
        "request": "q9",
        "segment_index": 64
      },
      {
        "cache_owner": "q0",
        "epic_prefix_rows": [
          20,
          42,
          58,
          65,
          97,
          161,
          167,
          186
        ],
        "fingerprint": "e83ba334f98641d8",
        "length": 256,
        "owner_tier": 0,
        "request": "q9",
        "segment_index": 65
      },
      {
        "cache_owner": "q0",
        "epic_prefix_rows": [
          25,
          51,
          67,
          114,
          162,
          167,
          244,
          250
        ],
        "fingerprint": "93ff15fd417be171",
        "length": 256,
        "owner_tier": 0,
        "request": "q9",
        "segment_index": 66
      },
      {
        "cache_owner": "q0",
        "epic_prefix_rows": [
          22,
          69,
          78,
          87,
          91,
          142,
          177,
          249
        ],
        "fingerprint": "014c9a04b4e916be",
        "length": 256,
        "owner_tier": 0,
        "request": "q9",
        "segment_index": 67
      },
      {
        "cache_owner": "q0",
        "epic_prefix_rows": [
          8,
          125,
          136,
          147,
          162,
          173,
          177,
          211
        ],
        "fingerprint": "84398fc658db81a5",
        "length": 256,
        "owner_tier": 0,
        "request": "q9",
        "segment_index": 68
      },
      {
        "cache_owner": "q0",
        "epic_prefix_rows": [
          8,
          77,
          99,
          132,
          150,
          157,
          243,
          250
        ],
        "fingerprint": "05d534e6a81b4210",
        "length": 256,
        "owner_tier": 0,
        "request": "q9",
        "segment_index": 69
      },
      {
        "cache_owner": "q0",
        "epic_prefix_rows": [
          4,
          51,
          99,
          122,
          126,
          189,
          199,
          243
        ],
        "fingerprint": "8c41295e89de23e3",
        "length": 256,
        "owner_tier": 0,
        "request": "q9",
        "segment_index": 70
      },
      {
        "cache_owner": "q0",
        "epic_prefix_rows": [
          49,
          51,
          68,
          86,
          90,
          130,
          144,
          197
        ],
        "fingerprint": "0d6ee10e10def3d2",
        "length": 256,
        "owner_tier": 0,
        "request": "q9",
        "segment_index": 71
      },
      {
        "cache_owner": "q0",
        "epic_prefix_rows": [
          41,
          47,
          118,
          196,
          211,
          212,
          219,
          233
        ],
        "fingerprint": "c1807afb81a20f51",
        "length": 256,
        "owner_tier": 0,
        "request": "q9",
        "segment_index": 72
      },
      {
        "cache_owner": "q0",
        "epic_prefix_rows": [
          157,
          163,
          177,
          206,
          210,
          212,
          241,
          255
        ],
        "fingerprint": "931d7f5b83731cc7",
        "length": 256,
        "owner_tier": 0,
        "request": "q9",
        "segment_index": 73
      },
      {
        "cache_owner": "q0",
        "epic_prefix_rows": [
          16,
          27,
          59,
          127,
          144,
          160,
          164,
          203
        ],
        "fingerprint": "de3ba4f43ce3a094",
        "length": 256,
        "owner_tier": 0,
        "request": "q9",
        "segment_index": 74
      },
      {
        "cache_owner": "q0",
        "epic_prefix_rows": [
          17,
          39,
          53,
          64,
          155,
          167,
          201,
          250
        ],
        "fingerprint": "549b6eeef884e61d",
        "length": 256,
        "owner_tier": 0,
        "request": "q9",
        "segment_index": 75
      },
      {
        "cache_owner": "q0",
        "epic_prefix_rows": [
          1,
          51,
          118,
          127,
          151,
          159,
          197,
          214
        ],
        "fingerprint": "8f21a2b7cbc6a1cc",
        "length": 256,
        "owner_tier": 0,
        "request": "q9",
        "segment_index": 76
      },
      {
        "cache_owner": "q0",
        "epic_prefix_rows": [
          7,
          11,
          32,
          36,
          115,
          136,
          141,
          147
        ],
        "fingerprint": "3327eb88b326572c",
        "length": 256,
        "owner_tier": 0,
        "request": "q9",
        "segment_index": 77
      },
      {
        "cache_owner": "q0",
        "epic_prefix_rows": [
          32,
          42,
          78,
          104,
          113,
          115,
          121,
          146
        ],
        "fingerprint": "828afffd0287a7fd",
        "length": 256,
        "owner_tier": 0,
        "request": "q9",
        "segment_index": 78
      },
      {
        "cache_owner": "q0",
        "epic_prefix_rows": [
          11,
          34,
          66,
          181,
          195,
          217,
          237,
          251
        ],
        "fingerprint": "2e40f41c46618477",
        "length": 256,
        "owner_tier": 0,
        "request": "q9",
        "segment_index": 79
      },
      {
        "cache_owner": "q0",
        "epic_prefix_rows": [
          3,
          37,
          69,
          100,
          111,
          170,
          222,
          237
        ],
        "fingerprint": "38fd9d00b6d09b58",
        "length": 256,
        "owner_tier": 0,
        "request": "q9",
        "segment_index": 80
      },
      {
        "cache_owner": "q0",
        "epic_prefix_rows": [
          59,
          99,
          127,
          142,
          154,
          194,
          197,
          239
        ],
        "fingerprint": "01ef803e6ca17df7",
        "length": 256,
        "owner_tier": 0,
        "request": "q9",
        "segment_index": 81
      },
      {
        "cache_owner": "q0",
        "epic_prefix_rows": [
          27,
          32,
          52,
          84,
          157,
          163,
          171,
          208
        ],
        "fingerprint": "70b457c38f944354",
        "length": 256,
        "owner_tier": 0,
        "request": "q9",
        "segment_index": 82
      },
      {
        "cache_owner": "q0",
        "epic_prefix_rows": [
          14,
          18,
          46,
          65,
          88,
          117,
          123,
          150
        ],
        "fingerprint": "e2614c2dedf4cf58",
        "length": 256,
        "owner_tier": 0,
        "request": "q9",
        "segment_index": 83
      },
      {
        "cache_owner": "q0",
        "epic_prefix_rows": [
          38,
          60,
          170,
          193,
          213,
          223,
          241,
          242
        ],
        "fingerprint": "b1ab14bf7fe90b52",
        "length": 256,
        "owner_tier": 0,
        "request": "q9",
        "segment_index": 84
      },
      {
        "cache_owner": "q0",
        "epic_prefix_rows": [
          24,
          55,
          86,
          111,
          134,
          210,
          212,
          242
        ],
        "fingerprint": "19b2326032573ee0",
        "length": 256,
        "owner_tier": 0,
        "request": "q9",
        "segment_index": 85
      },
      {
        "cache_owner": "q0",
        "epic_prefix_rows": [
          8,
          43,
          50,
          83,
          87,
          148,
          159,
          233
        ],
        "fingerprint": "f97f30f9dca3b30d",
        "length": 256,
        "owner_tier": 0,
        "request": "q9",
        "segment_index": 86
      },
      {
        "cache_owner": "q0",
        "epic_prefix_rows": [
          57,
          64,
          76,
          77,
          99,
          119,
          197,
          198
        ],
        "fingerprint": "9b66baa8d351f5fb",
        "length": 256,
        "owner_tier": 0,
        "request": "q9",
        "segment_index": 87
      },
      {
        "cache_owner": "q1",
        "epic_prefix_rows": [
          8,
          13,
          53,
          83,
          191,
          197,
          208,
          249
        ],
        "fingerprint": "1393d94e264cb21d",
        "length": 256,
        "owner_tier": 0,
        "request": "q9",
        "segment_index": 88
      },
      {
        "cache_owner": "q10",
        "epic_prefix_rows": [
          34,
          45,
          106,
          130,
          137,
          167,
          177,
          180
        ],
        "fingerprint": "5994a888fff74396",
        "length": 256,
        "owner_tier": 0,
        "request": "q9",
        "segment_index": 89
      },
      {
        "cache_owner": "q10",
        "epic_prefix_rows": [
          16,
          18,
          33,
          39,
          46,
          127,
          156,
          207
        ],
        "fingerprint": "7340d25484ecfb18",
        "length": 256,
        "owner_tier": 0,
        "request": "q9",
        "segment_index": 90
      },
      {
        "cache_owner": "q10",
        "epic_prefix_rows": [
          14,
          50,
          109,
          177,
          198,
          202,
          210,
          253
        ],
        "fingerprint": "6a4062e9346a79d0",
        "length": 256,
        "owner_tier": 0,
        "request": "q9",
        "segment_index": 91
      },
      {
        "cache_owner": "q10",
        "epic_prefix_rows": [
          18,
          35,
          70,
          89,
          96,
          117,
          137,
          224
        ],
        "fingerprint": "310d98fa063059f6",
        "length": 256,
        "owner_tier": 0,
        "request": "q9",
        "segment_index": 92
      },
      {
        "cache_owner": "q10",
        "epic_prefix_rows": [
          35,
          61,
          94,
          137,
          138,
          201,
          212,
          244
        ],
        "fingerprint": "7f08b641340dd17c",
        "length": 256,
        "owner_tier": 0,
        "request": "q9",
        "segment_index": 93
      },
      {
        "cache_owner": "q10",
        "epic_prefix_rows": [
          48,
          50,
          74,
          112,
          149,
          190,
          194,
          226
        ],
        "fingerprint": "264864c692eeca8a",
        "length": 256,
        "owner_tier": 0,
        "request": "q9",
        "segment_index": 94
      },
      {
        "cache_owner": "q10",
        "epic_prefix_rows": [
          96,
          98,
          100,
          103,
          104,
          136,
          221,
          255
        ],
        "fingerprint": "e155baafb2c3e476",
        "length": 256,
        "owner_tier": 0,
        "request": "q9",
        "segment_index": 95
      },
      {
        "cache_owner": "q10",
        "epic_prefix_rows": [
          14,
          70,
          121,
          126,
          129,
          130,
          245,
          249
        ],
        "fingerprint": "d029c68480eecff2",
        "length": 256,
        "owner_tier": 0,
        "request": "q9",
        "segment_index": 96
      }
    ],
    "reused_tokens": 270820
  },
  "tiers": {
    "0": [
      "q0",
      "q1",
      "q2",
      "q3",
      "q4",
      "q5",
      "q6",
      "q7",
      "q8",
      "q9",
      "q10",
      "q11"
    ]
  },
  "total_history_tokens": 0,
  "total_input_tokens": 299712,
  "total_output_tokens": 768
}
dgx-attacc: (A100a x 8), PIM:bank, [Lin, Lout, batch]: [2048, 128, 1]
Wrote ablation report to /data2/chenyi9/KV-PIM/attacc_drampim_xinyao/output/20260828-150654_workload_multisource_rag_n12s96_LLAMA3-8B_k8/dag_A3.json
REPORT_SUMMARY {"ablation": "A3", "decode_attn": "pim", "energy_nj": 3964271448040.4653, "engine": "dag", "event_count": 111406582, "kv_mapping": "naive", "link_bytes": 20170442278, "makespan_s": 62.54676450347334, "pim_prefill_mode": "gpu", "policy": "recompute"}
