{
  "kind": "supervisor",
  "requests": 20,
  "reuse": {
    "cacheblend_full_recompute_layers": [],
    "cacheblend_partial_recompute_layers": [],
    "cacheblend_partial_rows": {},
    "cacheblend_recompute_ratio": 0.0,
    "cachecraft_alpha": 0.05,
    "epic_prefix_recompute_tokens": 8,
    "fresh_tokens": 15904,
    "policy": "recompute",
    "random_seed": 0,
    "recompute_canonical": true,
    "reusable_segments": [
      {
        "cache_owner": "main.r0",
        "epic_prefix_rows": [
          0,
          1,
          2,
          3,
          4,
          5,
          6,
          7
        ],
        "fingerprint": "44b4023e3d1d63e6",
        "length": 128,
        "owner_tier": 0,
        "request": "w0.r0",
        "segment_index": 0
      },
      {
        "cache_owner": "main.r0",
        "epic_prefix_rows": [
          0,
          1,
          2,
          3,
          4,
          5,
          6,
          7
        ],
        "fingerprint": "20a4bd865a5b229e",
        "length": 256,
        "owner_tier": 0,
        "request": "w0.r0",
        "segment_index": 2
      },
      {
        "cache_owner": "main.r0",
        "epic_prefix_rows": [
          0,
          1,
          2,
          3,
          4,
          5,
          6,
          7
        ],
        "fingerprint": "9ab6734a754c1b9d",
        "length": 256,
        "owner_tier": 0,
        "request": "w0.r0",
        "segment_index": 3
      },
      {
        "cache_owner": "main.r0",
        "epic_prefix_rows": [
          0,
          1,
          2,
          3,
          4,
          5,
          6,
          7
        ],
        "fingerprint": "d08a027d3c65b5e6",
        "length": 256,
        "owner_tier": 0,
        "request": "w0.r0",
        "segment_index": 4
      },
      {
        "cache_owner": "main.r0",
        "epic_prefix_rows": [
          0,
          1,
          2,
          3,
          4,
          5,
          6,
          7
        ],
        "fingerprint": "9ae87ab9d42e4990",
        "length": 256,
        "owner_tier": 0,
        "request": "w0.r0",
        "segment_index": 5
      },
      {
        "cache_owner": "main.r0",
        "epic_prefix_rows": [
          0,
          1,
          2,
          3,
          4,
          5,
          6,
          7
        ],
        "fingerprint": "4507ec10354b9a34",
        "length": 256,
        "owner_tier": 0,
        "request": "w0.r0",
        "segment_index": 6
      },
      {
        "cache_owner": "main.r0",
        "epic_prefix_rows": [
          0,
          1,
          2,
          3,
          4,
          5,
          6,
          7
        ],
        "fingerprint": "3efa0426917061ae",
        "length": 256,
        "owner_tier": 0,
        "request": "w0.r0",
        "segment_index": 7
      },
      {
        "cache_owner": "main.r0",
        "epic_prefix_rows": [
          0,
          1,
          2,
          3,
          4,
          5,
          6,
          7
        ],
        "fingerprint": "e646956386ed6749",
        "length": 256,
        "owner_tier": 0,
        "request": "w0.r0",
        "segment_index": 8
      },
      {
        "cache_owner": "main.r0",
        "epic_prefix_rows": [
          0,
          1,
          2,
          3,
          4,
          5,
          6,
          7
        ],
        "fingerprint": "f6e2ee9cb02b549b",
        "length": 256,
        "owner_tier": 0,
        "request": "w0.r0",
        "segment_index": 9
      },
      {
        "cache_owner": "main.r0",
        "epic_prefix_rows": [
          0,
          1,
          2,
          3,
          4,
          5,
          6,
          7
        ],
        "fingerprint": "859509070aaad92f",
        "length": 256,
        "owner_tier": 0,
        "request": "w0.r0",
        "segment_index": 10
      },
      {
        "cache_owner": "main.r0",
        "epic_prefix_rows": [
          0,
          1,
          2,
          3,
          4,
          5,
          6,
          7
        ],
        "fingerprint": "fcd577b876fb0572",
        "length": 256,
        "owner_tier": 0,
        "request": "w0.r0",
        "segment_index": 11
      },
      {
        "cache_owner": "main.r0",
        "epic_prefix_rows": [
          0,
          1,
          2,
          3,
          4,
          5,
          6,
          7
        ],
        "fingerprint": "44b4023e3d1d63e6",
        "length": 128,
        "owner_tier": 0,
        "request": "w1.r0",
        "segment_index": 0
      },
      {
        "cache_owner": "w0.r0",
        "epic_prefix_rows": [],
        "fingerprint": "c50748f2a87b6838",
        "length": 300,
        "owner_tier": 1,
        "request": "w1.r0",
        "segment_index": 1
      },
      {
        "cache_owner": "main.r0",
        "epic_prefix_rows": [
          0,
          1,
          2,
          3,
          4,
          5,
          6,
          7
        ],
        "fingerprint": "20a4bd865a5b229e",
        "length": 256,
        "owner_tier": 0,
        "request": "w1.r0",
        "segment_index": 2
      },
      {
        "cache_owner": "main.r0",
        "epic_prefix_rows": [
          0,
          1,
          2,
          3,
          4,
          5,
          6,
          7
        ],
        "fingerprint": "9ab6734a754c1b9d",
        "length": 256,
        "owner_tier": 0,
        "request": "w1.r0",
        "segment_index": 3
      },
      {
        "cache_owner": "main.r0",
        "epic_prefix_rows": [
          0,
          1,
          2,
          3,
          4,
          5,
          6,
          7
        ],
        "fingerprint": "d08a027d3c65b5e6",
        "length": 256,
        "owner_tier": 0,
        "request": "w1.r0",
        "segment_index": 4
      },
      {
        "cache_owner": "main.r0",
        "epic_prefix_rows": [
          0,
          1,
          2,
          3,
          4,
          5,
          6,
          7
        ],
        "fingerprint": "9ae87ab9d42e4990",
        "length": 256,
        "owner_tier": 0,
        "request": "w1.r0",
        "segment_index": 5
      },
      {
        "cache_owner": "main.r0",
        "epic_prefix_rows": [
          0,
          1,
          2,
          3,
          4,
          5,
          6,
          7
        ],
        "fingerprint": "4507ec10354b9a34",
        "length": 256,
        "owner_tier": 0,
        "request": "w1.r0",
        "segment_index": 6
      },
      {
        "cache_owner": "main.r0",
        "epic_prefix_rows": [
          0,
          1,
          2,
          3,
          4,
          5,
          6,
          7
        ],
        "fingerprint": "3efa0426917061ae",
        "length": 256,
        "owner_tier": 0,
        "request": "w1.r0",
        "segment_index": 7
      },
      {
        "cache_owner": "main.r0",
        "epic_prefix_rows": [
          0,
          1,
          2,
          3,
          4,
          5,
          6,
          7
        ],
        "fingerprint": "e646956386ed6749",
        "length": 256,
        "owner_tier": 0,
        "request": "w1.r0",
        "segment_index": 8
      },
      {
        "cache_owner": "main.r0",
        "epic_prefix_rows": [
          0,
          1,
          2,
          3,
          4,
          5,
          6,
          7
        ],
        "fingerprint": "f6e2ee9cb02b549b",
        "length": 256,
        "owner_tier": 0,
        "request": "w1.r0",
        "segment_index": 9
      },
      {
        "cache_owner": "main.r0",
        "epic_prefix_rows": [
          0,
          1,
          2,
          3,
          4,
          5,
          6,
          7
        ],
        "fingerprint": "859509070aaad92f",
        "length": 256,
        "owner_tier": 0,
        "request": "w1.r0",
        "segment_index": 10
      },
      {
        "cache_owner": "main.r0",
        "epic_prefix_rows": [
          0,
          1,
          2,
          3,
          4,
          5,
          6,
          7
        ],
        "fingerprint": "fcd577b876fb0572",
        "length": 256,
        "owner_tier": 0,
        "request": "w1.r0",
        "segment_index": 11
      },
      {
        "cache_owner": "main.r0",
        "epic_prefix_rows": [
          0,
          1,
          2,
          3,
          4,
          5,
          6,
          7
        ],
        "fingerprint": "44b4023e3d1d63e6",
        "length": 128,
        "owner_tier": 0,
        "request": "w2.r0",
        "segment_index": 0
      },
      {
        "cache_owner": "w0.r0",
        "epic_prefix_rows": [],
        "fingerprint": "c50748f2a87b6838",
        "length": 300,
        "owner_tier": 1,
        "request": "w2.r0",
        "segment_index": 1
      },
      {
        "cache_owner": "main.r0",
        "epic_prefix_rows": [
          0,
          1,
          2,
          3,
          4,
          5,
          6,
          7
        ],
        "fingerprint": "20a4bd865a5b229e",
        "length": 256,
        "owner_tier": 0,
        "request": "w2.r0",
        "segment_index": 2
      },
      {
        "cache_owner": "main.r0",
        "epic_prefix_rows": [
          0,
          1,
          2,
          3,
          4,
          5,
          6,
          7
        ],
        "fingerprint": "9ab6734a754c1b9d",
        "length": 256,
        "owner_tier": 0,
        "request": "w2.r0",
        "segment_index": 3
      },
      {
        "cache_owner": "main.r0",
        "epic_prefix_rows": [
          0,
          1,
          2,
          3,
          4,
          5,
          6,
          7
        ],
        "fingerprint": "d08a027d3c65b5e6",
        "length": 256,
        "owner_tier": 0,
        "request": "w2.r0",
        "segment_index": 4
      },
      {
        "cache_owner": "main.r0",
        "epic_prefix_rows": [
          0,
          1,
          2,
          3,
          4,
          5,
          6,
          7
        ],
        "fingerprint": "9ae87ab9d42e4990",
        "length": 256,
        "owner_tier": 0,
        "request": "w2.r0",
        "segment_index": 5
      },
      {
        "cache_owner": "main.r0",
        "epic_prefix_rows": [
          0,
          1,
          2,
          3,
          4,
          5,
          6,
          7
        ],
        "fingerprint": "4507ec10354b9a34",
        "length": 256,
        "owner_tier": 0,
        "request": "w2.r0",
        "segment_index": 6
      },
      {
        "cache_owner": "main.r0",
        "epic_prefix_rows": [
          0,
          1,
          2,
          3,
          4,
          5,
          6,
          7
        ],
        "fingerprint": "3efa0426917061ae",
        "length": 256,
        "owner_tier": 0,
        "request": "w2.r0",
        "segment_index": 7
      },
      {
        "cache_owner": "main.r0",
        "epic_prefix_rows": [
          0,
          1,
          2,
          3,
          4,
          5,
          6,
          7
        ],
        "fingerprint": "e646956386ed6749",
        "length": 256,
        "owner_tier": 0,
        "request": "w2.r0",
        "segment_index": 8
      },
      {
        "cache_owner": "main.r0",
        "epic_prefix_rows": [
          0,
          1,
          2,
          3,
          4,
          5,
          6,
          7
        ],
        "fingerprint": "f6e2ee9cb02b549b",
        "length": 256,
        "owner_tier": 0,
        "request": "w2.r0",
        "segment_index": 9
      },
      {
        "cache_owner": "main.r0",
        "epic_prefix_rows": [
          0,
          1,
          2,
          3,
          4,
          5,
          6,
          7
        ],
        "fingerprint": "859509070aaad92f",
        "length": 256,
        "owner_tier": 0,
        "request": "w2.r0",
        "segment_index": 10
      },
      {
        "cache_owner": "main.r0",
        "epic_prefix_rows": [
          0,
          1,
          2,
          3,
          4,
          5,
          6,
          7
        ],
        "fingerprint": "fcd577b876fb0572",
        "length": 256,
        "owner_tier": 0,
        "request": "w2.r0",
        "segment_index": 11
      },
      {
        "cache_owner": "main.r0",
        "epic_prefix_rows": [
          0,
          1,
          2,
          3,
          4,
          5,
          6,
          7
        ],
        "fingerprint": "44b4023e3d1d63e6",
        "length": 128,
        "owner_tier": 0,
        "request": "main.r1",
        "segment_index": 0
      },
      {
        "cache_owner": "main.r0",
        "epic_prefix_rows": [
          0,
          1,
          2,
          3,
          4,
          5,
          6,
          7
        ],
        "fingerprint": "20a4bd865a5b229e",
        "length": 256,
        "owner_tier": 0,
        "request": "main.r1",
        "segment_index": 4
      },
      {
        "cache_owner": "main.r0",
        "epic_prefix_rows": [
          0,
          1,
          2,
          3,
          4,
          5,
          6,
          7
        ],
        "fingerprint": "9ab6734a754c1b9d",
        "length": 256,
        "owner_tier": 0,
        "request": "main.r1",
        "segment_index": 5
      },
      {
        "cache_owner": "main.r0",
        "epic_prefix_rows": [
          0,
          1,
          2,
          3,
          4,
          5,
          6,
          7
        ],
        "fingerprint": "d08a027d3c65b5e6",
        "length": 256,
        "owner_tier": 0,
        "request": "main.r1",
        "segment_index": 6
      },
      {
        "cache_owner": "main.r0",
        "epic_prefix_rows": [
          0,
          1,
          2,
          3,
          4,
          5,
          6,
          7
        ],
        "fingerprint": "9ae87ab9d42e4990",
        "length": 256,
        "owner_tier": 0,
        "request": "main.r1",
        "segment_index": 7
      },
      {
        "cache_owner": "main.r0",
        "epic_prefix_rows": [
          0,
          1,
          2,
          3,
          4,
          5,
          6,
          7
        ],
        "fingerprint": "4507ec10354b9a34",
        "length": 256,
        "owner_tier": 0,
        "request": "main.r1",
        "segment_index": 8
      },
      {
        "cache_owner": "main.r0",
        "epic_prefix_rows": [
          0,
          1,
          2,
          3,
          4,
          5,
          6,
          7
        ],
        "fingerprint": "3efa0426917061ae",
        "length": 256,
        "owner_tier": 0,
        "request": "main.r1",
        "segment_index": 9
      },
      {
        "cache_owner": "main.r0",
        "epic_prefix_rows": [
          0,
          1,
          2,
          3,
          4,
          5,
          6,
          7
        ],
        "fingerprint": "e646956386ed6749",
        "length": 256,
        "owner_tier": 0,
        "request": "main.r1",
        "segment_index": 10
      },
      {
        "cache_owner": "main.r0",
        "epic_prefix_rows": [
          0,
          1,
          2,
          3,
          4,
          5,
          6,
          7
        ],
        "fingerprint": "f6e2ee9cb02b549b",
        "length": 256,
        "owner_tier": 0,
        "request": "main.r1",
        "segment_index": 11
      },
      {
        "cache_owner": "main.r0",
        "epic_prefix_rows": [
          0,
          1,
          2,
          3,
          4,
          5,
          6,
          7
        ],
        "fingerprint": "859509070aaad92f",
        "length": 256,
        "owner_tier": 0,
        "request": "main.r1",
        "segment_index": 12
      },
      {
        "cache_owner": "main.r0",
        "epic_prefix_rows": [
          0,
          1,
          2,
          3,
          4,
          5,
          6,
          7
        ],
        "fingerprint": "fcd577b876fb0572",
        "length": 256,
        "owner_tier": 0,
        "request": "main.r1",
        "segment_index": 13
      },
      {
        "cache_owner": "main.r1",
        "epic_prefix_rows": [
          0,
          1,
          2,
          3,
          4,
          5,
          6,
          7
        ],
        "fingerprint": "5d0a73473392c761",
        "length": 128,
        "owner_tier": 2,
        "request": "w0.r1",
        "segment_index": 0
      },
      {
        "cache_owner": "w0.r0",
        "epic_prefix_rows": [],
        "fingerprint": "c50748f2a87b6838",
        "length": 300,
        "owner_tier": 1,
        "request": "w0.r1",
        "segment_index": 1
      },
      {
        "cache_owner": "main.r0",
        "epic_prefix_rows": [
          0,
          1,
          2,
          3,
          4,
          5,
          6,
          7
        ],
        "fingerprint": "20a4bd865a5b229e",
        "length": 256,
        "owner_tier": 0,
        "request": "w0.r1",
        "segment_index": 2
      },
      {
        "cache_owner": "main.r0",
        "epic_prefix_rows": [
          0,
          1,
          2,
          3,
          4,
          5,
          6,
          7
        ],
        "fingerprint": "9ab6734a754c1b9d",
        "length": 256,
        "owner_tier": 0,
        "request": "w0.r1",
        "segment_index": 3
      },
      {
        "cache_owner": "main.r0",
        "epic_prefix_rows": [
          0,
          1,
          2,
          3,
          4,
          5,
          6,
          7
        ],
        "fingerprint": "d08a027d3c65b5e6",
        "length": 256,
        "owner_tier": 0,
        "request": "w0.r1",
        "segment_index": 4
      },
      {
        "cache_owner": "main.r0",
        "epic_prefix_rows": [
          0,
          1,
          2,
          3,
          4,
          5,
          6,
          7
        ],
        "fingerprint": "9ae87ab9d42e4990",
        "length": 256,
        "owner_tier": 0,
        "request": "w0.r1",
        "segment_index": 5
      },
      {
        "cache_owner": "main.r0",
        "epic_prefix_rows": [
          0,
          1,
          2,
          3,
          4,
          5,
          6,
          7
        ],
        "fingerprint": "4507ec10354b9a34",
        "length": 256,
        "owner_tier": 0,
        "request": "w0.r1",
        "segment_index": 6
      },
      {
        "cache_owner": "main.r0",
        "epic_prefix_rows": [
          0,
          1,
          2,
          3,
          4,
          5,
          6,
          7
        ],
        "fingerprint": "3efa0426917061ae",
        "length": 256,
        "owner_tier": 0,
        "request": "w0.r1",
        "segment_index": 7
      },
      {
        "cache_owner": "main.r0",
        "epic_prefix_rows": [
          0,
          1,
          2,
          3,
          4,
          5,
          6,
          7
        ],
        "fingerprint": "e646956386ed6749",
        "length": 256,
        "owner_tier": 0,
        "request": "w0.r1",
        "segment_index": 8
      },
      {
        "cache_owner": "main.r0",
        "epic_prefix_rows": [
          0,
          1,
          2,
          3,
          4,
          5,
          6,
          7
        ],
        "fingerprint": "f6e2ee9cb02b549b",
        "length": 256,
        "owner_tier": 0,
        "request": "w0.r1",
        "segment_index": 9
      },
      {
        "cache_owner": "main.r0",
        "epic_prefix_rows": [
          0,
          1,
          2,
          3,
          4,
          5,
          6,
          7
        ],
        "fingerprint": "859509070aaad92f",
        "length": 256,
        "owner_tier": 0,
        "request": "w0.r1",
        "segment_index": 10
      },
      {
        "cache_owner": "main.r0",
        "epic_prefix_rows": [
          0,
          1,
          2,
          3,
          4,
          5,
          6,
          7
        ],
        "fingerprint": "fcd577b876fb0572",
        "length": 256,
        "owner_tier": 0,
        "request": "w0.r1",
        "segment_index": 11
      },
      {
        "cache_owner": "main.r1",
        "epic_prefix_rows": [
          0,
          1,
          2,
          3,
          4,
          5,
          6,
          7
        ],
        "fingerprint": "b7b36c9cc0ffca1f",
        "length": 256,
        "owner_tier": 2,
        "request": "w0.r1",
        "segment_index": 12
      },
      {
        "cache_owner": "main.r1",
        "epic_prefix_rows": [
          0,
          1,
          2,
          3,
          4,
          5,
          6,
          7
        ],
        "fingerprint": "2ca95e1f99b62895",
        "length": 256,
        "owner_tier": 2,
        "request": "w0.r1",
        "segment_index": 13
      },
      {
        "cache_owner": "main.r1",
        "epic_prefix_rows": [
          0,
          1,
          2,
          3,
          4,
          5,
          6,
          7
        ],
        "fingerprint": "61981006a3087531",
        "length": 256,
        "owner_tier": 2,
        "request": "w0.r1",
        "segment_index": 14
      },
      {
        "cache_owner": "main.r1",
        "epic_prefix_rows": [
          0,
          1,
          2,
          3,
          4,
          5,
          6,
          7
        ],
        "fingerprint": "0676dfd47068e0df",
        "length": 256,
        "owner_tier": 2,
        "request": "w0.r1",
        "segment_index": 15
      },
      {
        "cache_owner": "main.r1",
        "epic_prefix_rows": [
          0,
          1,
          2,
          3,
          4,
          5,
          6,
          7
        ],
        "fingerprint": "7392f0dd8e833d02",
        "length": 256,
        "owner_tier": 2,
        "request": "w0.r1",
        "segment_index": 16
      },
      {
        "cache_owner": "main.r1",
        "epic_prefix_rows": [
          0,
          1,
          2,
          3,
          4,
          5,
          6,
          7
        ],
        "fingerprint": "2d9f547fcb304b0f",
        "length": 256,
        "owner_tier": 2,
        "request": "w0.r1",
        "segment_index": 17
      },
      {
        "cache_owner": "main.r1",
        "epic_prefix_rows": [
          0,
          1,
          2,
          3,
          4,
          5,
          6,
          7
        ],
        "fingerprint": "2524834b679c9169",
        "length": 256,
        "owner_tier": 2,
        "request": "w0.r1",
        "segment_index": 18
      },
      {
        "cache_owner": "main.r1",
        "epic_prefix_rows": [
          0,
          1,
          2,
          3,
          4,
          5,
          6,
          7
        ],
        "fingerprint": "5a8181f7e7879299",
        "length": 256,
        "owner_tier": 2,
        "request": "w0.r1",
        "segment_index": 19
      },
      {
        "cache_owner": "main.r1",
        "epic_prefix_rows": [
          0,
          1,
          2,
          3,
          4,
          5,
          6,
          7
        ],
        "fingerprint": "c4de161da65ad6d0",
        "length": 256,
        "owner_tier": 2,
        "request": "w0.r1",
        "segment_index": 20
      },
      {
        "cache_owner": "main.r1",
        "epic_prefix_rows": [
          0,
          1,
          2,
          3,
          4,
          5,
          6,
          7
        ],
        "fingerprint": "5d0a73473392c761",
        "length": 128,
        "owner_tier": 2,
        "request": "w1.r1",
        "segment_index": 0
      },
      {
        "cache_owner": "w0.r0",
        "epic_prefix_rows": [],
        "fingerprint": "c50748f2a87b6838",
        "length": 300,
        "owner_tier": 1,
        "request": "w1.r1",
        "segment_index": 1
      },
      {
        "cache_owner": "main.r0",
        "epic_prefix_rows": [
          0,
          1,
          2,
          3,
          4,
          5,
          6,
          7
        ],
        "fingerprint": "20a4bd865a5b229e",
        "length": 256,
        "owner_tier": 0,
        "request": "w1.r1",
        "segment_index": 2
      },
      {
        "cache_owner": "main.r0",
        "epic_prefix_rows": [
          0,
          1,
          2,
          3,
          4,
          5,
          6,
          7
        ],
        "fingerprint": "9ab6734a754c1b9d",
        "length": 256,
        "owner_tier": 0,
        "request": "w1.r1",
        "segment_index": 3
      },
      {
        "cache_owner": "main.r0",
        "epic_prefix_rows": [
          0,
          1,
          2,
          3,
          4,
          5,
          6,
          7
        ],
        "fingerprint": "d08a027d3c65b5e6",
        "length": 256,
        "owner_tier": 0,
        "request": "w1.r1",
        "segment_index": 4
      },
      {
        "cache_owner": "main.r0",
        "epic_prefix_rows": [
          0,
          1,
          2,
          3,
          4,
          5,
          6,
          7
        ],
        "fingerprint": "9ae87ab9d42e4990",
        "length": 256,
        "owner_tier": 0,
        "request": "w1.r1",
        "segment_index": 5
      },
      {
        "cache_owner": "main.r0",
        "epic_prefix_rows": [
          0,
          1,
          2,
          3,
          4,
          5,
          6,
          7
        ],
        "fingerprint": "4507ec10354b9a34",
        "length": 256,
        "owner_tier": 0,
        "request": "w1.r1",
        "segment_index": 6
      },
      {
        "cache_owner": "main.r0",
        "epic_prefix_rows": [
          0,
          1,
          2,
          3,
          4,
          5,
          6,
          7
        ],
        "fingerprint": "3efa0426917061ae",
        "length": 256,
        "owner_tier": 0,
        "request": "w1.r1",
        "segment_index": 7
      },
      {
        "cache_owner": "main.r0",
        "epic_prefix_rows": [
          0,
          1,
          2,
          3,
          4,
          5,
          6,
          7
        ],
        "fingerprint": "e646956386ed6749",
        "length": 256,
        "owner_tier": 0,
        "request": "w1.r1",
        "segment_index": 8
      },
      {
        "cache_owner": "main.r0",
        "epic_prefix_rows": [
          0,
          1,
          2,
          3,
          4,
          5,
          6,
          7
        ],
        "fingerprint": "f6e2ee9cb02b549b",
        "length": 256,
        "owner_tier": 0,
        "request": "w1.r1",
        "segment_index": 9
      },
      {
        "cache_owner": "main.r0",
        "epic_prefix_rows": [
          0,
          1,
          2,
          3,
          4,
          5,
          6,
          7
        ],
        "fingerprint": "859509070aaad92f",
        "length": 256,
        "owner_tier": 0,
        "request": "w1.r1",
        "segment_index": 10
      },
      {
        "cache_owner": "main.r0",
        "epic_prefix_rows": [
          0,
          1,
          2,
          3,
          4,
          5,
          6,
          7
        ],
        "fingerprint": "fcd577b876fb0572",
        "length": 256,
        "owner_tier": 0,
        "request": "w1.r1",
        "segment_index": 11
      },
      {
        "cache_owner": "main.r1",
        "epic_prefix_rows": [
          0,
          1,
          2,
          3,
          4,
          5,
          6,
          7
        ],
        "fingerprint": "b7b36c9cc0ffca1f",
        "length": 256,
        "owner_tier": 2,
        "request": "w1.r1",
        "segment_index": 12
      },
      {
        "cache_owner": "main.r1",
        "epic_prefix_rows": [
          0,
          1,
          2,
          3,
          4,
          5,
          6,
          7
        ],
        "fingerprint": "2ca95e1f99b62895",
        "length": 256,
        "owner_tier": 2,
        "request": "w1.r1",
        "segment_index": 13
      },
      {
        "cache_owner": "main.r1",
        "epic_prefix_rows": [
          0,
          1,
          2,
          3,
          4,
          5,
          6,
          7
        ],
        "fingerprint": "61981006a3087531",
        "length": 256,
        "owner_tier": 2,
        "request": "w1.r1",
        "segment_index": 14
      },
      {
        "cache_owner": "main.r1",
        "epic_prefix_rows": [
          0,
          1,
          2,
          3,
          4,
          5,
          6,
          7
        ],
        "fingerprint": "0676dfd47068e0df",
        "length": 256,
        "owner_tier": 2,
        "request": "w1.r1",
        "segment_index": 15
      },
      {
        "cache_owner": "main.r1",
        "epic_prefix_rows": [
          0,
          1,
          2,
          3,
          4,
          5,
          6,
          7
        ],
        "fingerprint": "7392f0dd8e833d02",
        "length": 256,
        "owner_tier": 2,
        "request": "w1.r1",
        "segment_index": 16
      },
      {
        "cache_owner": "main.r1",
        "epic_prefix_rows": [
          0,
          1,
          2,
          3,
          4,
          5,
          6,
          7
        ],
        "fingerprint": "2d9f547fcb304b0f",
        "length": 256,
        "owner_tier": 2,
        "request": "w1.r1",
        "segment_index": 17
      },
      {
        "cache_owner": "main.r1",
        "epic_prefix_rows": [
          0,
          1,
          2,
          3,
          4,
          5,
          6,
          7
        ],
        "fingerprint": "2524834b679c9169",
        "length": 256,
        "owner_tier": 2,
        "request": "w1.r1",
        "segment_index": 18
      },
      {
        "cache_owner": "main.r1",
        "epic_prefix_rows": [
          0,
          1,
          2,
          3,
          4,
          5,
          6,
          7
        ],
        "fingerprint": "5a8181f7e7879299",
        "length": 256,
        "owner_tier": 2,
        "request": "w1.r1",
        "segment_index": 19
      },
      {
        "cache_owner": "main.r1",
        "epic_prefix_rows": [
          0,
          1,
          2,
          3,
          4,
          5,
          6,
          7
        ],
        "fingerprint": "c4de161da65ad6d0",
        "length": 256,
        "owner_tier": 2,
        "request": "w1.r1",
        "segment_index": 20
      },
      {
        "cache_owner": "main.r1",
        "epic_prefix_rows": [
          0,
          1,
          2,
          3,
          4,
          5,
          6,
          7
        ],
        "fingerprint": "5d0a73473392c761",
        "length": 128,
        "owner_tier": 2,
        "request": "w2.r1",
        "segment_index": 0
      },
      {
        "cache_owner": "w0.r0",
        "epic_prefix_rows": [],
        "fingerprint": "c50748f2a87b6838",
        "length": 300,
        "owner_tier": 1,
        "request": "w2.r1",
        "segment_index": 1
      },
      {
        "cache_owner": "main.r0",
        "epic_prefix_rows": [
          0,
          1,
          2,
          3,
          4,
          5,
          6,
          7
        ],
        "fingerprint": "20a4bd865a5b229e",
        "length": 256,
        "owner_tier": 0,
        "request": "w2.r1",
        "segment_index": 2
      },
      {
        "cache_owner": "main.r0",
        "epic_prefix_rows": [
          0,
          1,
          2,
          3,
          4,
          5,
          6,
          7
        ],
        "fingerprint": "9ab6734a754c1b9d",
        "length": 256,
        "owner_tier": 0,
        "request": "w2.r1",
        "segment_index": 3
      },
      {
        "cache_owner": "main.r0",
        "epic_prefix_rows": [
          0,
          1,
          2,
          3,
          4,
          5,
          6,
          7
        ],
        "fingerprint": "d08a027d3c65b5e6",
        "length": 256,
        "owner_tier": 0,
        "request": "w2.r1",
        "segment_index": 4
      },
      {
        "cache_owner": "main.r0",
        "epic_prefix_rows": [
          0,
          1,
          2,
          3,
          4,
          5,
          6,
          7
        ],
        "fingerprint": "9ae87ab9d42e4990",
        "length": 256,
        "owner_tier": 0,
        "request": "w2.r1",
        "segment_index": 5
      },
      {
        "cache_owner": "main.r0",
        "epic_prefix_rows": [
          0,
          1,
          2,
          3,
          4,
          5,
          6,
          7
        ],
        "fingerprint": "4507ec10354b9a34",
        "length": 256,
        "owner_tier": 0,
        "request": "w2.r1",
        "segment_index": 6
      },
      {
        "cache_owner": "main.r0",
        "epic_prefix_rows": [
          0,
          1,
          2,
          3,
          4,
          5,
          6,
          7
        ],
        "fingerprint": "3efa0426917061ae",
        "length": 256,
        "owner_tier": 0,
        "request": "w2.r1",
        "segment_index": 7
      },
      {
        "cache_owner": "main.r0",
        "epic_prefix_rows": [
          0,
          1,
          2,
          3,
          4,
          5,
          6,
          7
        ],
        "fingerprint": "e646956386ed6749",
        "length": 256,
        "owner_tier": 0,
        "request": "w2.r1",
        "segment_index": 8
      },
      {
        "cache_owner": "main.r0",
        "epic_prefix_rows": [
          0,
          1,
          2,
          3,
          4,
          5,
          6,
          7
        ],
        "fingerprint": "f6e2ee9cb02b549b",
        "length": 256,
        "owner_tier": 0,
        "request": "w2.r1",
        "segment_index": 9
      },
      {
        "cache_owner": "main.r0",
        "epic_prefix_rows": [
          0,
          1,
          2,
          3,
          4,
          5,
          6,
          7
        ],
        "fingerprint": "859509070aaad92f",
        "length": 256,
        "owner_tier": 0,
        "request": "w2.r1",
        "segment_index": 10
      },
      {
        "cache_owner": "main.r0",
        "epic_prefix_rows": [
          0,
          1,
          2,
          3,
          4,
          5,
          6,
          7
        ],
        "fingerprint": "fcd577b876fb0572",
        "length": 256,
        "owner_tier": 0,
        "request": "w2.r1",
        "segment_index": 11
      },
      {
        "cache_owner": "main.r1",
        "epic_prefix_rows": [
          0,
          1,
          2,
          3,
          4,
          5,
          6,
          7
        ],
        "fingerprint": "b7b36c9cc0ffca1f",
        "length": 256,
        "owner_tier": 2,
        "request": "w2.r1",
        "segment_index": 12
      },
      {
        "cache_owner": "main.r1",
        "epic_prefix_rows": [
          0,
          1,
          2,
          3,
          4,
          5,
          6,
          7
        ],
        "fingerprint": "2ca95e1f99b62895",
        "length": 256,
        "owner_tier": 2,
        "request": "w2.r1",
        "segment_index": 13
      },
      {
        "cache_owner": "main.r1",
        "epic_prefix_rows": [
          0,
          1,
          2,
          3,
          4,
          5,
          6,
          7
        ],
        "fingerprint": "61981006a3087531",
        "length": 256,
        "owner_tier": 2,
        "request": "w2.r1",
        "segment_index": 14
      },
      {
        "cache_owner": "main.r1",
        "epic_prefix_rows": [
          0,
          1,
          2,
          3,
          4,
          5,
          6,
          7
        ],
        "fingerprint": "0676dfd47068e0df",
        "length": 256,
        "owner_tier": 2,
        "request": "w2.r1",
        "segment_index": 15
      },
      {
        "cache_owner": "main.r1",
        "epic_prefix_rows": [
          0,
          1,
          2,
          3,
          4,
          5,
          6,
          7
        ],
        "fingerprint": "7392f0dd8e833d02",
        "length": 256,
        "owner_tier": 2,
        "request": "w2.r1",
        "segment_index": 16
      },
      {
        "cache_owner": "main.r1",
        "epic_prefix_rows": [
          0,
          1,
          2,
          3,
          4,
          5,
          6,
          7
        ],
        "fingerprint": "2d9f547fcb304b0f",
        "length": 256,
        "owner_tier": 2,
        "request": "w2.r1",
        "segment_index": 17
      },
      {
        "cache_owner": "main.r1",
        "epic_prefix_rows": [
          0,
          1,
          2,
          3,
          4,
          5,
          6,
          7
        ],
        "fingerprint": "2524834b679c9169",
        "length": 256,
        "owner_tier": 2,
        "request": "w2.r1",
        "segment_index": 18
      },
      {
        "cache_owner": "main.r1",
        "epic_prefix_rows": [
          0,
          1,
          2,
          3,
          4,
          5,
          6,
          7
        ],
        "fingerprint": "5a8181f7e7879299",
        "length": 256,
        "owner_tier": 2,
        "request": "w2.r1",
        "segment_index": 19
      },
      {
        "cache_owner": "main.r1",
        "epic_prefix_rows": [
          0,
          1,
          2,
          3,
          4,
          5,
          6,
          7
        ],
        "fingerprint": "c4de161da65ad6d0",
        "length": 256,
        "owner_tier": 2,
        "request": "w2.r1",
        "segment_index": 20
      },
      {
        "cache_owner": "main.r1",
        "epic_prefix_rows": [
          0,
          1,
          2,
          3,
          4,
          5,
          6,
          7
        ],
        "fingerprint": "5d0a73473392c761",
        "length": 128,
        "owner_tier": 2,
        "request": "main.r2",
        "segment_index": 0
      },
      {
        "cache_owner": "main.r0",
        "epic_prefix_rows": [
          0,
          1,
          2,
          3,
          4,
          5,
          6,
          7
        ],
        "fingerprint": "20a4bd865a5b229e",
        "length": 256,
        "owner_tier": 0,
        "request": "main.r2",
        "segment_index": 4
      },
      {
        "cache_owner": "main.r0",
        "epic_prefix_rows": [
          0,
          1,
          2,
          3,
          4,
          5,
          6,
          7
        ],
        "fingerprint": "9ab6734a754c1b9d",
        "length": 256,
        "owner_tier": 0,
        "request": "main.r2",
        "segment_index": 5
      },
      {
        "cache_owner": "main.r0",
        "epic_prefix_rows": [
          0,
          1,
          2,
          3,
          4,
          5,
          6,
          7
        ],
        "fingerprint": "d08a027d3c65b5e6",
        "length": 256,
        "owner_tier": 0,
        "request": "main.r2",
        "segment_index": 6
      },
      {
        "cache_owner": "main.r0",
        "epic_prefix_rows": [
          0,
          1,
          2,
          3,
          4,
          5,
          6,
          7
        ],
        "fingerprint": "9ae87ab9d42e4990",
        "length": 256,
        "owner_tier": 0,
        "request": "main.r2",
        "segment_index": 7
      },
      {
        "cache_owner": "main.r0",
        "epic_prefix_rows": [
          0,
          1,
          2,
          3,
          4,
          5,
          6,
          7
        ],
        "fingerprint": "4507ec10354b9a34",
        "length": 256,
        "owner_tier": 0,
        "request": "main.r2",
        "segment_index": 8
      },
      {
        "cache_owner": "main.r0",
        "epic_prefix_rows": [
          0,
          1,
          2,
          3,
          4,
          5,
          6,
          7
        ],
        "fingerprint": "3efa0426917061ae",
        "length": 256,
        "owner_tier": 0,
        "request": "main.r2",
        "segment_index": 9
      },
      {
        "cache_owner": "main.r0",
        "epic_prefix_rows": [
          0,
          1,
          2,
          3,
          4,
          5,
          6,
          7
        ],
        "fingerprint": "e646956386ed6749",
        "length": 256,
        "owner_tier": 0,
        "request": "main.r2",
        "segment_index": 10
      },
      {
        "cache_owner": "main.r0",
        "epic_prefix_rows": [
          0,
          1,
          2,
          3,
          4,
          5,
          6,
          7
        ],
        "fingerprint": "f6e2ee9cb02b549b",
        "length": 256,
        "owner_tier": 0,
        "request": "main.r2",
        "segment_index": 11
      },
      {
        "cache_owner": "main.r0",
        "epic_prefix_rows": [
          0,
          1,
          2,
          3,
          4,
          5,
          6,
          7
        ],
        "fingerprint": "859509070aaad92f",
        "length": 256,
        "owner_tier": 0,
        "request": "main.r2",
        "segment_index": 12
      },
      {
        "cache_owner": "main.r0",
        "epic_prefix_rows": [
          0,
          1,
          2,
          3,
          4,
          5,
          6,
          7
        ],
        "fingerprint": "fcd577b876fb0572",
        "length": 256,
        "owner_tier": 0,
        "request": "main.r2",
        "segment_index": 13
      },
      {
        "cache_owner": "main.r1",
        "epic_prefix_rows": [],
        "fingerprint": "b7b36c9cc0ffca1f",
        "length": 256,
        "owner_tier": 2,
        "request": "main.r2",
        "segment_index": 14
      },
      {
        "cache_owner": "main.r1",
        "epic_prefix_rows": [],
        "fingerprint": "2ca95e1f99b62895",
        "length": 256,
        "owner_tier": 2,
        "request": "main.r2",
        "segment_index": 15
      },
      {
        "cache_owner": "main.r1",
        "epic_prefix_rows": [],
        "fingerprint": "61981006a3087531",
        "length": 256,
        "owner_tier": 2,
        "request": "main.r2",
        "segment_index": 16
      },
      {
        "cache_owner": "main.r1",
        "epic_prefix_rows": [],
        "fingerprint": "0676dfd47068e0df",
        "length": 256,
        "owner_tier": 2,
        "request": "main.r2",
        "segment_index": 17
      },
      {
        "cache_owner": "main.r1",
        "epic_prefix_rows": [],
        "fingerprint": "7392f0dd8e833d02",
        "length": 256,
        "owner_tier": 2,
        "request": "main.r2",
        "segment_index": 18
      },
      {
        "cache_owner": "main.r1",
        "epic_prefix_rows": [],
        "fingerprint": "2d9f547fcb304b0f",
        "length": 256,
        "owner_tier": 2,
        "request": "main.r2",
        "segment_index": 19
      },
      {
        "cache_owner": "main.r1",
        "epic_prefix_rows": [],
        "fingerprint": "2524834b679c9169",
        "length": 256,
        "owner_tier": 2,
        "request": "main.r2",
        "segment_index": 20
      },
      {
        "cache_owner": "main.r1",
        "epic_prefix_rows": [],
        "fingerprint": "5a8181f7e7879299",
        "length": 256,
        "owner_tier": 2,
        "request": "main.r2",
        "segment_index": 21
      },
      {
        "cache_owner": "main.r1",
        "epic_prefix_rows": [],
        "fingerprint": "c4de161da65ad6d0",
        "length": 256,
        "owner_tier": 2,
        "request": "main.r2",
        "segment_index": 22
      },
      {
        "cache_owner": "main.r2",
        "epic_prefix_rows": [
          0,
          1,
          2,
          3,
          4,
          5,
          6,
          7
        ],
        "fingerprint": "d9dc33189ee79049",
        "length": 128,
        "owner_tier": 4,
        "request": "w0.r2",
        "segment_index": 0
      },
      {
        "cache_owner": "w0.r0",
        "epic_prefix_rows": [],
        "fingerprint": "c50748f2a87b6838",
        "length": 300,
        "owner_tier": 1,
        "request": "w0.r2",
        "segment_index": 1
      },
      {
        "cache_owner": "main.r0",
        "epic_prefix_rows": [
          0,
          1,
          2,
          3,
          4,
          5,
          6,
          7
        ],
        "fingerprint": "20a4bd865a5b229e",
        "length": 256,
        "owner_tier": 0,
        "request": "w0.r2",
        "segment_index": 2
      },
      {
        "cache_owner": "main.r0",
        "epic_prefix_rows": [
          0,
          1,
          2,
          3,
          4,
          5,
          6,
          7
        ],
        "fingerprint": "9ab6734a754c1b9d",
        "length": 256,
        "owner_tier": 0,
        "request": "w0.r2",
        "segment_index": 3
      },
      {
        "cache_owner": "main.r0",
        "epic_prefix_rows": [
          0,
          1,
          2,
          3,
          4,
          5,
          6,
          7
        ],
        "fingerprint": "d08a027d3c65b5e6",
        "length": 256,
        "owner_tier": 0,
        "request": "w0.r2",
        "segment_index": 4
      },
      {
        "cache_owner": "main.r0",
        "epic_prefix_rows": [
          0,
          1,
          2,
          3,
          4,
          5,
          6,
          7
        ],
        "fingerprint": "9ae87ab9d42e4990",
        "length": 256,
        "owner_tier": 0,
        "request": "w0.r2",
        "segment_index": 5
      },
      {
        "cache_owner": "main.r0",
        "epic_prefix_rows": [
          0,
          1,
          2,
          3,
          4,
          5,
          6,
          7
        ],
        "fingerprint": "4507ec10354b9a34",
        "length": 256,
        "owner_tier": 0,
        "request": "w0.r2",
        "segment_index": 6
      },
      {
        "cache_owner": "main.r0",
        "epic_prefix_rows": [
          0,
          1,
          2,
          3,
          4,
          5,
          6,
          7
        ],
        "fingerprint": "3efa0426917061ae",
        "length": 256,
        "owner_tier": 0,
        "request": "w0.r2",
        "segment_index": 7
      },
      {
        "cache_owner": "main.r0",
        "epic_prefix_rows": [
          0,
          1,
          2,
          3,
          4,
          5,
          6,
          7
        ],
        "fingerprint": "e646956386ed6749",
        "length": 256,
        "owner_tier": 0,
        "request": "w0.r2",
        "segment_index": 8
      },
      {
        "cache_owner": "main.r0",
        "epic_prefix_rows": [
          0,
          1,
          2,
          3,
          4,
          5,
          6,
          7
        ],
        "fingerprint": "f6e2ee9cb02b549b",
        "length": 256,
        "owner_tier": 0,
        "request": "w0.r2",
        "segment_index": 9
      },
      {
        "cache_owner": "main.r0",
        "epic_prefix_rows": [
          0,
          1,
          2,
          3,
          4,
          5,
          6,
          7
        ],
        "fingerprint": "859509070aaad92f",
        "length": 256,
        "owner_tier": 0,
        "request": "w0.r2",
        "segment_index": 10
      },
      {
        "cache_owner": "main.r0",
        "epic_prefix_rows": [
          0,
          1,
          2,
          3,
          4,
          5,
          6,
          7
        ],
        "fingerprint": "fcd577b876fb0572",
        "length": 256,
        "owner_tier": 0,
        "request": "w0.r2",
        "segment_index": 11
      },
      {
        "cache_owner": "main.r1",
        "epic_prefix_rows": [
          0,
          1,
          2,
          3,
          4,
          5,
          6,
          7
        ],
        "fingerprint": "b7b36c9cc0ffca1f",
        "length": 256,
        "owner_tier": 2,
        "request": "w0.r2",
        "segment_index": 12
      },
      {
        "cache_owner": "main.r1",
        "epic_prefix_rows": [
          0,
          1,
          2,
          3,
          4,
          5,
          6,
          7
        ],
        "fingerprint": "2ca95e1f99b62895",
        "length": 256,
        "owner_tier": 2,
        "request": "w0.r2",
        "segment_index": 13
      },
      {
        "cache_owner": "main.r1",
        "epic_prefix_rows": [
          0,
          1,
          2,
          3,
          4,
          5,
          6,
          7
        ],
        "fingerprint": "61981006a3087531",
        "length": 256,
        "owner_tier": 2,
        "request": "w0.r2",
        "segment_index": 14
      },
      {
        "cache_owner": "main.r1",
        "epic_prefix_rows": [
          0,
          1,
          2,
          3,
          4,
          5,
          6,
          7
        ],
        "fingerprint": "0676dfd47068e0df",
        "length": 256,
        "owner_tier": 2,
        "request": "w0.r2",
        "segment_index": 15
      },
      {
        "cache_owner": "main.r1",
        "epic_prefix_rows": [
          0,
          1,
          2,
          3,
          4,
          5,
          6,
          7
        ],
        "fingerprint": "7392f0dd8e833d02",
        "length": 256,
        "owner_tier": 2,
        "request": "w0.r2",
        "segment_index": 16
      },
      {
        "cache_owner": "main.r1",
        "epic_prefix_rows": [
          0,
          1,
          2,
          3,
          4,
          5,
          6,
          7
        ],
        "fingerprint": "2d9f547fcb304b0f",
        "length": 256,
        "owner_tier": 2,
        "request": "w0.r2",
        "segment_index": 17
      },
      {
        "cache_owner": "main.r1",
        "epic_prefix_rows": [
          0,
          1,
          2,
          3,
          4,
          5,
          6,
          7
        ],
        "fingerprint": "2524834b679c9169",
        "length": 256,
        "owner_tier": 2,
        "request": "w0.r2",
        "segment_index": 18
      },
      {
        "cache_owner": "main.r1",
        "epic_prefix_rows": [
          0,
          1,
          2,
          3,
          4,
          5,
          6,
          7
        ],
        "fingerprint": "5a8181f7e7879299",
        "length": 256,
        "owner_tier": 2,
        "request": "w0.r2",
        "segment_index": 19
      },
      {
        "cache_owner": "main.r1",
        "epic_prefix_rows": [
          0,
          1,
          2,
          3,
          4,
          5,
          6,
          7
        ],
        "fingerprint": "c4de161da65ad6d0",
        "length": 256,
        "owner_tier": 2,
        "request": "w0.r2",
        "segment_index": 20
      },
      {
        "cache_owner": "main.r2",
        "epic_prefix_rows": [
          0,
          1,
          2,
          3,
          4,
          5,
          6,
          7
        ],
        "fingerprint": "43c1199691fc3316",
        "length": 256,
        "owner_tier": 4,
        "request": "w0.r2",
        "segment_index": 21
      },
      {
        "cache_owner": "main.r2",
        "epic_prefix_rows": [
          0,
          1,
          2,
          3,
          4,
          5,
          6,
          7
        ],
        "fingerprint": "e0c1b33b1977de85",
        "length": 256,
        "owner_tier": 4,
        "request": "w0.r2",
        "segment_index": 22
      },
      {
        "cache_owner": "main.r2",
        "epic_prefix_rows": [
          0,
          1,
          2,
          3,
          4,
          5,
          6,
          7
        ],
        "fingerprint": "3597c2ab929b2fa2",
        "length": 256,
        "owner_tier": 4,
        "request": "w0.r2",
        "segment_index": 23
      },
      {
        "cache_owner": "main.r2",
        "epic_prefix_rows": [
          0,
          1,
          2,
          3,
          4,
          5,
          6,
          7
        ],
        "fingerprint": "ebb6ffbea2fb7f17",
        "length": 256,
        "owner_tier": 4,
        "request": "w0.r2",
        "segment_index": 24
      },
      {
        "cache_owner": "main.r2",
        "epic_prefix_rows": [
          0,
          1,
          2,
          3,
          4,
          5,
          6,
          7
        ],
        "fingerprint": "13069208a9b6ae52",
        "length": 256,
        "owner_tier": 4,
        "request": "w0.r2",
        "segment_index": 25
      },
      {
        "cache_owner": "main.r2",
        "epic_prefix_rows": [
          0,
          1,
          2,
          3,
          4,
          5,
          6,
          7
        ],
        "fingerprint": "96c6eb32a8099b39",
        "length": 256,
        "owner_tier": 4,
        "request": "w0.r2",
        "segment_index": 26
      },
      {
        "cache_owner": "main.r2",
        "epic_prefix_rows": [
          0,
          1,
          2,
          3,
          4,
          5,
          6,
          7
        ],
        "fingerprint": "07f759914ec5d44c",
        "length": 256,
        "owner_tier": 4,
        "request": "w0.r2",
        "segment_index": 27
      },
      {
        "cache_owner": "main.r2",
        "epic_prefix_rows": [
          0,
          1,
          2,
          3,
          4,
          5,
          6,
          7
        ],
        "fingerprint": "66dba080f71780ec",
        "length": 256,
        "owner_tier": 4,
        "request": "w0.r2",
        "segment_index": 28
      },
      {
        "cache_owner": "main.r2",
        "epic_prefix_rows": [
          0,
          1,
          2,
          3,
          4,
          5,
          6,
          7
        ],
        "fingerprint": "f5cbe9c563f8d865",
        "length": 256,
        "owner_tier": 4,
        "request": "w0.r2",
        "segment_index": 29
      },
      {
        "cache_owner": "main.r2",
        "epic_prefix_rows": [
          0,
          1,
          2,
          3,
          4,
          5,
          6,
          7
        ],
        "fingerprint": "2bd3429ac7619aa9",
        "length": 256,
        "owner_tier": 4,
        "request": "w0.r2",
        "segment_index": 30
      },
      {
        "cache_owner": "main.r2",
        "epic_prefix_rows": [
          0,
          1,
          2,
          3,
          4,
          5,
          6,
          7
        ],
        "fingerprint": "d9dc33189ee79049",
        "length": 128,
        "owner_tier": 4,
        "request": "w1.r2",
        "segment_index": 0
      },
      {
        "cache_owner": "w0.r0",
        "epic_prefix_rows": [],
        "fingerprint": "c50748f2a87b6838",
        "length": 300,
        "owner_tier": 1,
        "request": "w1.r2",
        "segment_index": 1
      },
      {
        "cache_owner": "main.r0",
        "epic_prefix_rows": [
          0,
          1,
          2,
          3,
          4,
          5,
          6,
          7
        ],
        "fingerprint": "20a4bd865a5b229e",
        "length": 256,
        "owner_tier": 0,
        "request": "w1.r2",
        "segment_index": 2
      },
      {
        "cache_owner": "main.r0",
        "epic_prefix_rows": [
          0,
          1,
          2,
          3,
          4,
          5,
          6,
          7
        ],
        "fingerprint": "9ab6734a754c1b9d",
        "length": 256,
        "owner_tier": 0,
        "request": "w1.r2",
        "segment_index": 3
      },
      {
        "cache_owner": "main.r0",
        "epic_prefix_rows": [
          0,
          1,
          2,
          3,
          4,
          5,
          6,
          7
        ],
        "fingerprint": "d08a027d3c65b5e6",
        "length": 256,
        "owner_tier": 0,
        "request": "w1.r2",
        "segment_index": 4
      },
      {
        "cache_owner": "main.r0",
        "epic_prefix_rows": [
          0,
          1,
          2,
          3,
          4,
          5,
          6,
          7
        ],
        "fingerprint": "9ae87ab9d42e4990",
        "length": 256,
        "owner_tier": 0,
        "request": "w1.r2",
        "segment_index": 5
      },
      {
        "cache_owner": "main.r0",
        "epic_prefix_rows": [
          0,
          1,
          2,
          3,
          4,
          5,
          6,
          7
        ],
        "fingerprint": "4507ec10354b9a34",
        "length": 256,
        "owner_tier": 0,
        "request": "w1.r2",
        "segment_index": 6
      },
      {
        "cache_owner": "main.r0",
        "epic_prefix_rows": [
          0,
          1,
          2,
          3,
          4,
          5,
          6,
          7
        ],
        "fingerprint": "3efa0426917061ae",
        "length": 256,
        "owner_tier": 0,
        "request": "w1.r2",
        "segment_index": 7
      },
      {
        "cache_owner": "main.r0",
        "epic_prefix_rows": [
          0,
          1,
          2,
          3,
          4,
          5,
          6,
          7
        ],
        "fingerprint": "e646956386ed6749",
        "length": 256,
        "owner_tier": 0,
        "request": "w1.r2",
        "segment_index": 8
      },
      {
        "cache_owner": "main.r0",
        "epic_prefix_rows": [
          0,
          1,
          2,
          3,
          4,
          5,
          6,
          7
        ],
        "fingerprint": "f6e2ee9cb02b549b",
        "length": 256,
        "owner_tier": 0,
        "request": "w1.r2",
        "segment_index": 9
      },
      {
        "cache_owner": "main.r0",
        "epic_prefix_rows": [
          0,
          1,
          2,
          3,
          4,
          5,
          6,
          7
        ],
        "fingerprint": "859509070aaad92f",
        "length": 256,
        "owner_tier": 0,
        "request": "w1.r2",
        "segment_index": 10
      },
      {
        "cache_owner": "main.r0",
        "epic_prefix_rows": [
          0,
          1,
          2,
          3,
          4,
          5,
          6,
          7
        ],
        "fingerprint": "fcd577b876fb0572",
        "length": 256,
        "owner_tier": 0,
        "request": "w1.r2",
        "segment_index": 11
      },
      {
        "cache_owner": "main.r1",
        "epic_prefix_rows": [
          0,
          1,
          2,
          3,
          4,
          5,
          6,
          7
        ],
        "fingerprint": "b7b36c9cc0ffca1f",
        "length": 256,
        "owner_tier": 2,
        "request": "w1.r2",
        "segment_index": 12
      },
      {
        "cache_owner": "main.r1",
        "epic_prefix_rows": [
          0,
          1,
          2,
          3,
          4,
          5,
          6,
          7
        ],
        "fingerprint": "2ca95e1f99b62895",
        "length": 256,
        "owner_tier": 2,
        "request": "w1.r2",
        "segment_index": 13
      },
      {
        "cache_owner": "main.r1",
        "epic_prefix_rows": [
          0,
          1,
          2,
          3,
          4,
          5,
          6,
          7
        ],
        "fingerprint": "61981006a3087531",
        "length": 256,
        "owner_tier": 2,
        "request": "w1.r2",
        "segment_index": 14
      },
      {
        "cache_owner": "main.r1",
        "epic_prefix_rows": [
          0,
          1,
          2,
          3,
          4,
          5,
          6,
          7
        ],
        "fingerprint": "0676dfd47068e0df",
        "length": 256,
        "owner_tier": 2,
        "request": "w1.r2",
        "segment_index": 15
      },
      {
        "cache_owner": "main.r1",
        "epic_prefix_rows": [
          0,
          1,
          2,
          3,
          4,
          5,
          6,
          7
        ],
        "fingerprint": "7392f0dd8e833d02",
        "length": 256,
        "owner_tier": 2,
        "request": "w1.r2",
        "segment_index": 16
      },
      {
        "cache_owner": "main.r1",
        "epic_prefix_rows": [
          0,
          1,
          2,
          3,
          4,
          5,
          6,
          7
        ],
        "fingerprint": "2d9f547fcb304b0f",
        "length": 256,
        "owner_tier": 2,
        "request": "w1.r2",
        "segment_index": 17
      },
      {
        "cache_owner": "main.r1",
        "epic_prefix_rows": [
          0,
          1,
          2,
          3,
          4,
          5,
          6,
          7
        ],
        "fingerprint": "2524834b679c9169",
        "length": 256,
        "owner_tier": 2,
        "request": "w1.r2",
        "segment_index": 18
      },
      {
        "cache_owner": "main.r1",
        "epic_prefix_rows": [
          0,
          1,
          2,
          3,
          4,
          5,
          6,
          7
        ],
        "fingerprint": "5a8181f7e7879299",
        "length": 256,
        "owner_tier": 2,
        "request": "w1.r2",
        "segment_index": 19
      },
      {
        "cache_owner": "main.r1",
        "epic_prefix_rows": [
          0,
          1,
          2,
          3,
          4,
          5,
          6,
          7
        ],
        "fingerprint": "c4de161da65ad6d0",
        "length": 256,
        "owner_tier": 2,
        "request": "w1.r2",
        "segment_index": 20
      },
      {
        "cache_owner": "main.r2",
        "epic_prefix_rows": [
          0,
          1,
          2,
          3,
          4,
          5,
          6,
          7
        ],
        "fingerprint": "43c1199691fc3316",
        "length": 256,
        "owner_tier": 4,
        "request": "w1.r2",
        "segment_index": 21
      },
      {
        "cache_owner": "main.r2",
        "epic_prefix_rows": [
          0,
          1,
          2,
          3,
          4,
          5,
          6,
          7
        ],
        "fingerprint": "e0c1b33b1977de85",
        "length": 256,
        "owner_tier": 4,
        "request": "w1.r2",
        "segment_index": 22
      },
      {
        "cache_owner": "main.r2",
        "epic_prefix_rows": [
          0,
          1,
          2,
          3,
          4,
          5,
          6,
          7
        ],
        "fingerprint": "3597c2ab929b2fa2",
        "length": 256,
        "owner_tier": 4,
        "request": "w1.r2",
        "segment_index": 23
      },
      {
        "cache_owner": "main.r2",
        "epic_prefix_rows": [
          0,
          1,
          2,
          3,
          4,
          5,
          6,
          7
        ],
        "fingerprint": "ebb6ffbea2fb7f17",
        "length": 256,
        "owner_tier": 4,
        "request": "w1.r2",
        "segment_index": 24
      },
      {
        "cache_owner": "main.r2",
        "epic_prefix_rows": [
          0,
          1,
          2,
          3,
          4,
          5,
          6,
          7
        ],
        "fingerprint": "13069208a9b6ae52",
        "length": 256,
        "owner_tier": 4,
        "request": "w1.r2",
        "segment_index": 25
      },
      {
        "cache_owner": "main.r2",
        "epic_prefix_rows": [
          0,
          1,
          2,
          3,
          4,
          5,
          6,
          7
        ],
        "fingerprint": "96c6eb32a8099b39",
        "length": 256,
        "owner_tier": 4,
        "request": "w1.r2",
        "segment_index": 26
      },
      {
        "cache_owner": "main.r2",
        "epic_prefix_rows": [
          0,
          1,
          2,
          3,
          4,
          5,
          6,
          7
        ],
        "fingerprint": "07f759914ec5d44c",
        "length": 256,
        "owner_tier": 4,
        "request": "w1.r2",
        "segment_index": 27
      },
      {
        "cache_owner": "main.r2",
        "epic_prefix_rows": [
          0,
          1,
          2,
          3,
          4,
          5,
          6,
          7
        ],
        "fingerprint": "66dba080f71780ec",
        "length": 256,
        "owner_tier": 4,
        "request": "w1.r2",
        "segment_index": 28
      },
      {
        "cache_owner": "main.r2",
        "epic_prefix_rows": [
          0,
          1,
          2,
          3,
          4,
          5,
          6,
          7
        ],
        "fingerprint": "f5cbe9c563f8d865",
        "length": 256,
        "owner_tier": 4,
        "request": "w1.r2",
        "segment_index": 29
      },
      {
        "cache_owner": "main.r2",
        "epic_prefix_rows": [
          0,
          1,
          2,
          3,
          4,
          5,
          6,
          7
        ],
        "fingerprint": "2bd3429ac7619aa9",
        "length": 256,
        "owner_tier": 4,
        "request": "w1.r2",
        "segment_index": 30
      },
      {
        "cache_owner": "main.r2",
        "epic_prefix_rows": [
          0,
          1,
          2,
          3,
          4,
          5,
          6,
          7
        ],
        "fingerprint": "d9dc33189ee79049",
        "length": 128,
        "owner_tier": 4,
        "request": "w2.r2",
        "segment_index": 0
      },
      {
        "cache_owner": "w0.r0",
        "epic_prefix_rows": [],
        "fingerprint": "c50748f2a87b6838",
        "length": 300,
        "owner_tier": 1,
        "request": "w2.r2",
        "segment_index": 1
      },
      {
        "cache_owner": "main.r0",
        "epic_prefix_rows": [
          0,
          1,
          2,
          3,
          4,
          5,
          6,
          7
        ],
        "fingerprint": "20a4bd865a5b229e",
        "length": 256,
        "owner_tier": 0,
        "request": "w2.r2",
        "segment_index": 2
      },
      {
        "cache_owner": "main.r0",
        "epic_prefix_rows": [
          0,
          1,
          2,
          3,
          4,
          5,
          6,
          7
        ],
        "fingerprint": "9ab6734a754c1b9d",
        "length": 256,
        "owner_tier": 0,
        "request": "w2.r2",
        "segment_index": 3
      },
      {
        "cache_owner": "main.r0",
        "epic_prefix_rows": [
          0,
          1,
          2,
          3,
          4,
          5,
          6,
          7
        ],
        "fingerprint": "d08a027d3c65b5e6",
        "length": 256,
        "owner_tier": 0,
        "request": "w2.r2",
        "segment_index": 4
      },
      {
        "cache_owner": "main.r0",
        "epic_prefix_rows": [
          0,
          1,
          2,
          3,
          4,
          5,
          6,
          7
        ],
        "fingerprint": "9ae87ab9d42e4990",
        "length": 256,
        "owner_tier": 0,
        "request": "w2.r2",
        "segment_index": 5
      },
      {
        "cache_owner": "main.r0",
        "epic_prefix_rows": [
          0,
          1,
          2,
          3,
          4,
          5,
          6,
          7
        ],
        "fingerprint": "4507ec10354b9a34",
        "length": 256,
        "owner_tier": 0,
        "request": "w2.r2",
        "segment_index": 6
      },
      {
        "cache_owner": "main.r0",
        "epic_prefix_rows": [
          0,
          1,
          2,
          3,
          4,
          5,
          6,
          7
        ],
        "fingerprint": "3efa0426917061ae",
        "length": 256,
        "owner_tier": 0,
        "request": "w2.r2",
        "segment_index": 7
      },
      {
        "cache_owner": "main.r0",
        "epic_prefix_rows": [
          0,
          1,
          2,
          3,
          4,
          5,
          6,
          7
        ],
        "fingerprint": "e646956386ed6749",
        "length": 256,
        "owner_tier": 0,
        "request": "w2.r2",
        "segment_index": 8
      },
      {
        "cache_owner": "main.r0",
        "epic_prefix_rows": [
          0,
          1,
          2,
          3,
          4,
          5,
          6,
          7
        ],
        "fingerprint": "f6e2ee9cb02b549b",
        "length": 256,
        "owner_tier": 0,
        "request": "w2.r2",
        "segment_index": 9
      },
      {
        "cache_owner": "main.r0",
        "epic_prefix_rows": [
          0,
          1,
          2,
          3,
          4,
          5,
          6,
          7
        ],
        "fingerprint": "859509070aaad92f",
        "length": 256,
        "owner_tier": 0,
        "request": "w2.r2",
        "segment_index": 10
      },
      {
        "cache_owner": "main.r0",
        "epic_prefix_rows": [
          0,
          1,
          2,
          3,
          4,
          5,
          6,
          7
        ],
        "fingerprint": "fcd577b876fb0572",
        "length": 256,
        "owner_tier": 0,
        "request": "w2.r2",
        "segment_index": 11
      },
      {
        "cache_owner": "main.r1",
        "epic_prefix_rows": [
          0,
          1,
          2,
          3,
          4,
          5,
          6,
          7
        ],
        "fingerprint": "b7b36c9cc0ffca1f",
        "length": 256,
        "owner_tier": 2,
        "request": "w2.r2",
        "segment_index": 12
      },
      {
        "cache_owner": "main.r1",
        "epic_prefix_rows": [
          0,
          1,
          2,
          3,
          4,
          5,
          6,
          7
        ],
        "fingerprint": "2ca95e1f99b62895",
        "length": 256,
        "owner_tier": 2,
        "request": "w2.r2",
        "segment_index": 13
      },
      {
        "cache_owner": "main.r1",
        "epic_prefix_rows": [
          0,
          1,
          2,
          3,
          4,
          5,
          6,
          7
        ],
        "fingerprint": "61981006a3087531",
        "length": 256,
        "owner_tier": 2,
        "request": "w2.r2",
        "segment_index": 14
      },
      {
        "cache_owner": "main.r1",
        "epic_prefix_rows": [
          0,
          1,
          2,
          3,
          4,
          5,
          6,
          7
        ],
        "fingerprint": "0676dfd47068e0df",
        "length": 256,
        "owner_tier": 2,
        "request": "w2.r2",
        "segment_index": 15
      },
      {
        "cache_owner": "main.r1",
        "epic_prefix_rows": [
          0,
          1,
          2,
          3,
          4,
          5,
          6,
          7
        ],
        "fingerprint": "7392f0dd8e833d02",
        "length": 256,
        "owner_tier": 2,
        "request": "w2.r2",
        "segment_index": 16
      },
      {
        "cache_owner": "main.r1",
        "epic_prefix_rows": [
          0,
          1,
          2,
          3,
          4,
          5,
          6,
          7
        ],
        "fingerprint": "2d9f547fcb304b0f",
        "length": 256,
        "owner_tier": 2,
        "request": "w2.r2",
        "segment_index": 17
      },
      {
        "cache_owner": "main.r1",
        "epic_prefix_rows": [
          0,
          1,
          2,
          3,
          4,
          5,
          6,
          7
        ],
        "fingerprint": "2524834b679c9169",
        "length": 256,
        "owner_tier": 2,
        "request": "w2.r2",
        "segment_index": 18
      },
      {
        "cache_owner": "main.r1",
        "epic_prefix_rows": [
          0,
          1,
          2,
          3,
          4,
          5,
          6,
          7
        ],
        "fingerprint": "5a8181f7e7879299",
        "length": 256,
        "owner_tier": 2,
        "request": "w2.r2",
        "segment_index": 19
      },
      {
        "cache_owner": "main.r1",
        "epic_prefix_rows": [
          0,
          1,
          2,
          3,
          4,
          5,
          6,
          7
        ],
        "fingerprint": "c4de161da65ad6d0",
        "length": 256,
        "owner_tier": 2,
        "request": "w2.r2",
        "segment_index": 20
      },
      {
        "cache_owner": "main.r2",
        "epic_prefix_rows": [
          0,
          1,
          2,
          3,
          4,
          5,
          6,
          7
        ],
        "fingerprint": "43c1199691fc3316",
        "length": 256,
        "owner_tier": 4,
        "request": "w2.r2",
        "segment_index": 21
      },
      {
        "cache_owner": "main.r2",
        "epic_prefix_rows": [
          0,
          1,
          2,
          3,
          4,
          5,
          6,
          7
        ],
        "fingerprint": "e0c1b33b1977de85",
        "length": 256,
        "owner_tier": 4,
        "request": "w2.r2",
        "segment_index": 22
      },
      {
        "cache_owner": "main.r2",
        "epic_prefix_rows": [
          0,
          1,
          2,
          3,
          4,
          5,
          6,
          7
        ],
        "fingerprint": "3597c2ab929b2fa2",
        "length": 256,
        "owner_tier": 4,
        "request": "w2.r2",
        "segment_index": 23
      },
      {
        "cache_owner": "main.r2",
        "epic_prefix_rows": [
          0,
          1,
          2,
          3,
          4,
          5,
          6,
          7
        ],
        "fingerprint": "ebb6ffbea2fb7f17",
        "length": 256,
        "owner_tier": 4,
        "request": "w2.r2",
        "segment_index": 24
      },
      {
        "cache_owner": "main.r2",
        "epic_prefix_rows": [
          0,
          1,
          2,
          3,
          4,
          5,
          6,
          7
        ],
        "fingerprint": "13069208a9b6ae52",
        "length": 256,
        "owner_tier": 4,
        "request": "w2.r2",
        "segment_index": 25
      },
      {
        "cache_owner": "main.r2",
        "epic_prefix_rows": [
          0,
          1,
          2,
          3,
          4,
          5,
          6,
          7
        ],
        "fingerprint": "96c6eb32a8099b39",
        "length": 256,
        "owner_tier": 4,
        "request": "w2.r2",
        "segment_index": 26
      },
      {
        "cache_owner": "main.r2",
        "epic_prefix_rows": [
          0,
          1,
          2,
          3,
          4,
          5,
          6,
          7
        ],
        "fingerprint": "07f759914ec5d44c",
        "length": 256,
        "owner_tier": 4,
        "request": "w2.r2",
        "segment_index": 27
      },
      {
        "cache_owner": "main.r2",
        "epic_prefix_rows": [
          0,
          1,
          2,
          3,
          4,
          5,
          6,
          7
        ],
        "fingerprint": "66dba080f71780ec",
        "length": 256,
        "owner_tier": 4,
        "request": "w2.r2",
        "segment_index": 28
      },
      {
        "cache_owner": "main.r2",
        "epic_prefix_rows": [
          0,
          1,
          2,
          3,
          4,
          5,
          6,
          7
        ],
        "fingerprint": "f5cbe9c563f8d865",
        "length": 256,
        "owner_tier": 4,
        "request": "w2.r2",
        "segment_index": 29
      },
      {
        "cache_owner": "main.r2",
        "epic_prefix_rows": [
          0,
          1,
          2,
          3,
          4,
          5,
          6,
          7
        ],
        "fingerprint": "2bd3429ac7619aa9",
        "length": 256,
        "owner_tier": 4,
        "request": "w2.r2",
        "segment_index": 30
      },
      {
        "cache_owner": "main.r2",
        "epic_prefix_rows": [
          0,
          1,
          2,
          3,
          4,
          5,
          6,
          7
        ],
        "fingerprint": "d9dc33189ee79049",
        "length": 128,
        "owner_tier": 4,
        "request": "main.r3",
        "segment_index": 0
      },
      {
        "cache_owner": "main.r0",
        "epic_prefix_rows": [
          0,
          1,
          2,
          3,
          4,
          5,
          6,
          7
        ],
        "fingerprint": "20a4bd865a5b229e",
        "length": 256,
        "owner_tier": 0,
        "request": "main.r3",
        "segment_index": 4
      },
      {
        "cache_owner": "main.r0",
        "epic_prefix_rows": [
          0,
          1,
          2,
          3,
          4,
          5,
          6,
          7
        ],
        "fingerprint": "9ab6734a754c1b9d",
        "length": 256,
        "owner_tier": 0,
        "request": "main.r3",
        "segment_index": 5
      },
      {
        "cache_owner": "main.r0",
        "epic_prefix_rows": [
          0,
          1,
          2,
          3,
          4,
          5,
          6,
          7
        ],
        "fingerprint": "d08a027d3c65b5e6",
        "length": 256,
        "owner_tier": 0,
        "request": "main.r3",
        "segment_index": 6
      },
      {
        "cache_owner": "main.r0",
        "epic_prefix_rows": [
          0,
          1,
          2,
          3,
          4,
          5,
          6,
          7
        ],
        "fingerprint": "9ae87ab9d42e4990",
        "length": 256,
        "owner_tier": 0,
        "request": "main.r3",
        "segment_index": 7
      },
      {
        "cache_owner": "main.r0",
        "epic_prefix_rows": [
          0,
          1,
          2,
          3,
          4,
          5,
          6,
          7
        ],
        "fingerprint": "4507ec10354b9a34",
        "length": 256,
        "owner_tier": 0,
        "request": "main.r3",
        "segment_index": 8
      },
      {
        "cache_owner": "main.r0",
        "epic_prefix_rows": [
          0,
          1,
          2,
          3,
          4,
          5,
          6,
          7
        ],
        "fingerprint": "3efa0426917061ae",
        "length": 256,
        "owner_tier": 0,
        "request": "main.r3",
        "segment_index": 9
      },
      {
        "cache_owner": "main.r0",
        "epic_prefix_rows": [
          0,
          1,
          2,
          3,
          4,
          5,
          6,
          7
        ],
        "fingerprint": "e646956386ed6749",
        "length": 256,
        "owner_tier": 0,
        "request": "main.r3",
        "segment_index": 10
      },
      {
        "cache_owner": "main.r0",
        "epic_prefix_rows": [
          0,
          1,
          2,
          3,
          4,
          5,
          6,
          7
        ],
        "fingerprint": "f6e2ee9cb02b549b",
        "length": 256,
        "owner_tier": 0,
        "request": "main.r3",
        "segment_index": 11
      },
      {
        "cache_owner": "main.r0",
        "epic_prefix_rows": [
          0,
          1,
          2,
          3,
          4,
          5,
          6,
          7
        ],
        "fingerprint": "859509070aaad92f",
        "length": 256,
        "owner_tier": 0,
        "request": "main.r3",
        "segment_index": 12
      },
      {
        "cache_owner": "main.r0",
        "epic_prefix_rows": [
          0,
          1,
          2,
          3,
          4,
          5,
          6,
          7
        ],
        "fingerprint": "fcd577b876fb0572",
        "length": 256,
        "owner_tier": 0,
        "request": "main.r3",
        "segment_index": 13
      },
      {
        "cache_owner": "main.r1",
        "epic_prefix_rows": [],
        "fingerprint": "b7b36c9cc0ffca1f",
        "length": 256,
        "owner_tier": 2,
        "request": "main.r3",
        "segment_index": 14
      },
      {
        "cache_owner": "main.r1",
        "epic_prefix_rows": [],
        "fingerprint": "2ca95e1f99b62895",
        "length": 256,
        "owner_tier": 2,
        "request": "main.r3",
        "segment_index": 15
      },
      {
        "cache_owner": "main.r1",
        "epic_prefix_rows": [],
        "fingerprint": "61981006a3087531",
        "length": 256,
        "owner_tier": 2,
        "request": "main.r3",
        "segment_index": 16
      },
      {
        "cache_owner": "main.r1",
        "epic_prefix_rows": [],
        "fingerprint": "0676dfd47068e0df",
        "length": 256,
        "owner_tier": 2,
        "request": "main.r3",
        "segment_index": 17
      },
      {
        "cache_owner": "main.r1",
        "epic_prefix_rows": [],
        "fingerprint": "7392f0dd8e833d02",
        "length": 256,
        "owner_tier": 2,
        "request": "main.r3",
        "segment_index": 18
      },
      {
        "cache_owner": "main.r1",
        "epic_prefix_rows": [],
        "fingerprint": "2d9f547fcb304b0f",
        "length": 256,
        "owner_tier": 2,
        "request": "main.r3",
        "segment_index": 19
      },
      {
        "cache_owner": "main.r1",
        "epic_prefix_rows": [],
        "fingerprint": "2524834b679c9169",
        "length": 256,
        "owner_tier": 2,
        "request": "main.r3",
        "segment_index": 20
      },
      {
        "cache_owner": "main.r1",
        "epic_prefix_rows": [],
        "fingerprint": "5a8181f7e7879299",
        "length": 256,
        "owner_tier": 2,
        "request": "main.r3",
        "segment_index": 21
      },
      {
        "cache_owner": "main.r1",
        "epic_prefix_rows": [],
        "fingerprint": "c4de161da65ad6d0",
        "length": 256,
        "owner_tier": 2,
        "request": "main.r3",
        "segment_index": 22
      },
      {
        "cache_owner": "main.r2",
        "epic_prefix_rows": [],
        "fingerprint": "43c1199691fc3316",
        "length": 256,
        "owner_tier": 4,
        "request": "main.r3",
        "segment_index": 23
      },
      {
        "cache_owner": "main.r2",
        "epic_prefix_rows": [],
        "fingerprint": "e0c1b33b1977de85",
        "length": 256,
        "owner_tier": 4,
        "request": "main.r3",
        "segment_index": 24
      },
      {
        "cache_owner": "main.r2",
        "epic_prefix_rows": [],
        "fingerprint": "3597c2ab929b2fa2",
        "length": 256,
        "owner_tier": 4,
        "request": "main.r3",
        "segment_index": 25
      },
      {
        "cache_owner": "main.r2",
        "epic_prefix_rows": [],
        "fingerprint": "ebb6ffbea2fb7f17",
        "length": 256,
        "owner_tier": 4,
        "request": "main.r3",
        "segment_index": 26
      },
      {
        "cache_owner": "main.r2",
        "epic_prefix_rows": [],
        "fingerprint": "13069208a9b6ae52",
        "length": 256,
        "owner_tier": 4,
        "request": "main.r3",
        "segment_index": 27
      },
      {
        "cache_owner": "main.r2",
        "epic_prefix_rows": [],
        "fingerprint": "96c6eb32a8099b39",
        "length": 256,
        "owner_tier": 4,
        "request": "main.r3",
        "segment_index": 28
      },
      {
        "cache_owner": "main.r2",
        "epic_prefix_rows": [],
        "fingerprint": "07f759914ec5d44c",
        "length": 256,
        "owner_tier": 4,
        "request": "main.r3",
        "segment_index": 29
      },
      {
        "cache_owner": "main.r2",
        "epic_prefix_rows": [],
        "fingerprint": "66dba080f71780ec",
        "length": 256,
        "owner_tier": 4,
        "request": "main.r3",
        "segment_index": 30
      },
      {
        "cache_owner": "main.r2",
        "epic_prefix_rows": [],
        "fingerprint": "f5cbe9c563f8d865",
        "length": 256,
        "owner_tier": 4,
        "request": "main.r3",
        "segment_index": 31
      },
      {
        "cache_owner": "main.r2",
        "epic_prefix_rows": [],
        "fingerprint": "2bd3429ac7619aa9",
        "length": 256,
        "owner_tier": 4,
        "request": "main.r3",
        "segment_index": 32
      },
      {
        "cache_owner": "main.r3",
        "epic_prefix_rows": [
          0,
          1,
          2,
          3,
          4,
          5,
          6,
          7
        ],
        "fingerprint": "ce4ad42a86f61c1d",
        "length": 128,
        "owner_tier": 6,
        "request": "w0.r3",
        "segment_index": 0
      },
      {
        "cache_owner": "w0.r0",
        "epic_prefix_rows": [],
        "fingerprint": "c50748f2a87b6838",
        "length": 300,
        "owner_tier": 1,
        "request": "w0.r3",
        "segment_index": 1
      },
      {
        "cache_owner": "main.r0",
        "epic_prefix_rows": [
          0,
          1,
          2,
          3,
          4,
          5,
          6,
          7
        ],
        "fingerprint": "20a4bd865a5b229e",
        "length": 256,
        "owner_tier": 0,
        "request": "w0.r3",
        "segment_index": 2
      },
      {
        "cache_owner": "main.r0",
        "epic_prefix_rows": [
          0,
          1,
          2,
          3,
          4,
          5,
          6,
          7
        ],
        "fingerprint": "9ab6734a754c1b9d",
        "length": 256,
        "owner_tier": 0,
        "request": "w0.r3",
        "segment_index": 3
      },
      {
        "cache_owner": "main.r0",
        "epic_prefix_rows": [
          0,
          1,
          2,
          3,
          4,
          5,
          6,
          7
        ],
        "fingerprint": "d08a027d3c65b5e6",
        "length": 256,
        "owner_tier": 0,
        "request": "w0.r3",
        "segment_index": 4
      },
      {
        "cache_owner": "main.r0",
        "epic_prefix_rows": [
          0,
          1,
          2,
          3,
          4,
          5,
          6,
          7
        ],
        "fingerprint": "9ae87ab9d42e4990",
        "length": 256,
        "owner_tier": 0,
        "request": "w0.r3",
        "segment_index": 5
      },
      {
        "cache_owner": "main.r0",
        "epic_prefix_rows": [
          0,
          1,
          2,
          3,
          4,
          5,
          6,
          7
        ],
        "fingerprint": "4507ec10354b9a34",
        "length": 256,
        "owner_tier": 0,
        "request": "w0.r3",
        "segment_index": 6
      },
      {
        "cache_owner": "main.r0",
        "epic_prefix_rows": [
          0,
          1,
          2,
          3,
          4,
          5,
          6,
          7
        ],
        "fingerprint": "3efa0426917061ae",
        "length": 256,
        "owner_tier": 0,
        "request": "w0.r3",
        "segment_index": 7
      },
      {
        "cache_owner": "main.r0",
        "epic_prefix_rows": [
          0,
          1,
          2,
          3,
          4,
          5,
          6,
          7
        ],
        "fingerprint": "e646956386ed6749",
        "length": 256,
        "owner_tier": 0,
        "request": "w0.r3",
        "segment_index": 8
      },
      {
        "cache_owner": "main.r0",
        "epic_prefix_rows": [
          0,
          1,
          2,
          3,
          4,
          5,
          6,
          7
        ],
        "fingerprint": "f6e2ee9cb02b549b",
        "length": 256,
        "owner_tier": 0,
        "request": "w0.r3",
        "segment_index": 9
      },
      {
        "cache_owner": "main.r0",
        "epic_prefix_rows": [
          0,
          1,
          2,
          3,
          4,
          5,
          6,
          7
        ],
        "fingerprint": "859509070aaad92f",
        "length": 256,
        "owner_tier": 0,
        "request": "w0.r3",
        "segment_index": 10
      },
      {
        "cache_owner": "main.r0",
        "epic_prefix_rows": [
          0,
          1,
          2,
          3,
          4,
          5,
          6,
          7
        ],
        "fingerprint": "fcd577b876fb0572",
        "length": 256,
        "owner_tier": 0,
        "request": "w0.r3",
        "segment_index": 11
      },
      {
        "cache_owner": "main.r1",
        "epic_prefix_rows": [
          0,
          1,
          2,
          3,
          4,
          5,
          6,
          7
        ],
        "fingerprint": "b7b36c9cc0ffca1f",
        "length": 256,
        "owner_tier": 2,
        "request": "w0.r3",
        "segment_index": 12
      },
      {
        "cache_owner": "main.r1",
        "epic_prefix_rows": [
          0,
          1,
          2,
          3,
          4,
          5,
          6,
          7
        ],
        "fingerprint": "2ca95e1f99b62895",
        "length": 256,
        "owner_tier": 2,
        "request": "w0.r3",
        "segment_index": 13
      },
      {
        "cache_owner": "main.r1",
        "epic_prefix_rows": [
          0,
          1,
          2,
          3,
          4,
          5,
          6,
          7
        ],
        "fingerprint": "61981006a3087531",
        "length": 256,
        "owner_tier": 2,
        "request": "w0.r3",
        "segment_index": 14
      },
      {
        "cache_owner": "main.r1",
        "epic_prefix_rows": [
          0,
          1,
          2,
          3,
          4,
          5,
          6,
          7
        ],
        "fingerprint": "0676dfd47068e0df",
        "length": 256,
        "owner_tier": 2,
        "request": "w0.r3",
        "segment_index": 15
      },
      {
        "cache_owner": "main.r1",
        "epic_prefix_rows": [
          0,
          1,
          2,
          3,
          4,
          5,
          6,
          7
        ],
        "fingerprint": "7392f0dd8e833d02",
        "length": 256,
        "owner_tier": 2,
        "request": "w0.r3",
        "segment_index": 16
      },
      {
        "cache_owner": "main.r1",
        "epic_prefix_rows": [
          0,
          1,
          2,
          3,
          4,
          5,
          6,
          7
        ],
        "fingerprint": "2d9f547fcb304b0f",
        "length": 256,
        "owner_tier": 2,
        "request": "w0.r3",
        "segment_index": 17
      },
      {
        "cache_owner": "main.r1",
        "epic_prefix_rows": [
          0,
          1,
          2,
          3,
          4,
          5,
          6,
          7
        ],
        "fingerprint": "2524834b679c9169",
        "length": 256,
        "owner_tier": 2,
        "request": "w0.r3",
        "segment_index": 18
      },
      {
        "cache_owner": "main.r1",
        "epic_prefix_rows": [
          0,
          1,
          2,
          3,
          4,
          5,
          6,
          7
        ],
        "fingerprint": "5a8181f7e7879299",
        "length": 256,
        "owner_tier": 2,
        "request": "w0.r3",
        "segment_index": 19
      },
      {
        "cache_owner": "main.r1",
        "epic_prefix_rows": [
          0,
          1,
          2,
          3,
          4,
          5,
          6,
          7
        ],
        "fingerprint": "c4de161da65ad6d0",
        "length": 256,
        "owner_tier": 2,
        "request": "w0.r3",
        "segment_index": 20
      },
      {
        "cache_owner": "main.r2",
        "epic_prefix_rows": [
          0,
          1,
          2,
          3,
          4,
          5,
          6,
          7
        ],
        "fingerprint": "43c1199691fc3316",
        "length": 256,
        "owner_tier": 4,
        "request": "w0.r3",
        "segment_index": 21
      },
      {
        "cache_owner": "main.r2",
        "epic_prefix_rows": [
          0,
          1,
          2,
          3,
          4,
          5,
          6,
          7
        ],
        "fingerprint": "e0c1b33b1977de85",
        "length": 256,
        "owner_tier": 4,
        "request": "w0.r3",
        "segment_index": 22
      },
      {
        "cache_owner": "main.r2",
        "epic_prefix_rows": [
          0,
          1,
          2,
          3,
          4,
          5,
          6,
          7
        ],
        "fingerprint": "3597c2ab929b2fa2",
        "length": 256,
        "owner_tier": 4,
        "request": "w0.r3",
        "segment_index": 23
      },
      {
        "cache_owner": "main.r2",
        "epic_prefix_rows": [
          0,
          1,
          2,
          3,
          4,
          5,
          6,
          7
        ],
        "fingerprint": "ebb6ffbea2fb7f17",
        "length": 256,
        "owner_tier": 4,
        "request": "w0.r3",
        "segment_index": 24
      },
      {
        "cache_owner": "main.r2",
        "epic_prefix_rows": [
          0,
          1,
          2,
          3,
          4,
          5,
          6,
          7
        ],
        "fingerprint": "13069208a9b6ae52",
        "length": 256,
        "owner_tier": 4,
        "request": "w0.r3",
        "segment_index": 25
      },
      {
        "cache_owner": "main.r2",
        "epic_prefix_rows": [
          0,
          1,
          2,
          3,
          4,
          5,
          6,
          7
        ],
        "fingerprint": "96c6eb32a8099b39",
        "length": 256,
        "owner_tier": 4,
        "request": "w0.r3",
        "segment_index": 26
      },
      {
        "cache_owner": "main.r2",
        "epic_prefix_rows": [
          0,
          1,
          2,
          3,
          4,
          5,
          6,
          7
        ],
        "fingerprint": "07f759914ec5d44c",
        "length": 256,
        "owner_tier": 4,
        "request": "w0.r3",
        "segment_index": 27
      },
      {
        "cache_owner": "main.r2",
        "epic_prefix_rows": [
          0,
          1,
          2,
          3,
          4,
          5,
          6,
          7
        ],
        "fingerprint": "66dba080f71780ec",
        "length": 256,
        "owner_tier": 4,
        "request": "w0.r3",
        "segment_index": 28
      },
      {
        "cache_owner": "main.r2",
        "epic_prefix_rows": [
          0,
          1,
          2,
          3,
          4,
          5,
          6,
          7
        ],
        "fingerprint": "f5cbe9c563f8d865",
        "length": 256,
        "owner_tier": 4,
        "request": "w0.r3",
        "segment_index": 29
      },
      {
        "cache_owner": "main.r2",
        "epic_prefix_rows": [
          0,
          1,
          2,
          3,
          4,
          5,
          6,
          7
        ],
        "fingerprint": "2bd3429ac7619aa9",
        "length": 256,
        "owner_tier": 4,
        "request": "w0.r3",
        "segment_index": 30
      },
      {
        "cache_owner": "main.r3",
        "epic_prefix_rows": [
          0,
          1,
          2,
          3,
          4,
          5,
          6,
          7
        ],
        "fingerprint": "7e497667b297c845",
        "length": 256,
        "owner_tier": 6,
        "request": "w0.r3",
        "segment_index": 31
      },
      {
        "cache_owner": "main.r3",
        "epic_prefix_rows": [
          0,
          1,
          2,
          3,
          4,
          5,
          6,
          7
        ],
        "fingerprint": "37b4718978e1500a",
        "length": 256,
        "owner_tier": 6,
        "request": "w0.r3",
        "segment_index": 32
      },
      {
        "cache_owner": "main.r3",
        "epic_prefix_rows": [
          0,
          1,
          2,
          3,
          4,
          5,
          6,
          7
        ],
        "fingerprint": "a03f8799509acc24",
        "length": 256,
        "owner_tier": 6,
        "request": "w0.r3",
        "segment_index": 33
      },
      {
        "cache_owner": "main.r3",
        "epic_prefix_rows": [
          0,
          1,
          2,
          3,
          4,
          5,
          6,
          7
        ],
        "fingerprint": "810508acd012e8a7",
        "length": 256,
        "owner_tier": 6,
        "request": "w0.r3",
        "segment_index": 34
      },
      {
        "cache_owner": "main.r3",
        "epic_prefix_rows": [
          0,
          1,
          2,
          3,
          4,
          5,
          6,
          7
        ],
        "fingerprint": "b03fe1ff7b59999e",
        "length": 256,
        "owner_tier": 6,
        "request": "w0.r3",
        "segment_index": 35
      },
      {
        "cache_owner": "main.r3",
        "epic_prefix_rows": [
          0,
          1,
          2,
          3,
          4,
          5,
          6,
          7
        ],
        "fingerprint": "40596d9bc8f60e23",
        "length": 256,
        "owner_tier": 6,
        "request": "w0.r3",
        "segment_index": 36
      },
      {
        "cache_owner": "main.r3",
        "epic_prefix_rows": [
          0,
          1,
          2,
          3,
          4,
          5,
          6,
          7
        ],
        "fingerprint": "a4cee309986b1e06",
        "length": 256,
        "owner_tier": 6,
        "request": "w0.r3",
        "segment_index": 37
      },
      {
        "cache_owner": "main.r3",
        "epic_prefix_rows": [
          0,
          1,
          2,
          3,
          4,
          5,
          6,
          7
        ],
        "fingerprint": "8b3f6b908f9ada23",
        "length": 256,
        "owner_tier": 6,
        "request": "w0.r3",
        "segment_index": 38
      },
      {
        "cache_owner": "main.r3",
        "epic_prefix_rows": [
          0,
          1,
          2,
          3,
          4,
          5,
          6,
          7
        ],
        "fingerprint": "081e2fb018d14722",
        "length": 256,
        "owner_tier": 6,
        "request": "w0.r3",
        "segment_index": 39
      },
      {
        "cache_owner": "main.r3",
        "epic_prefix_rows": [
          0,
          1,
          2,
          3,
          4,
          5,
          6,
          7
        ],
        "fingerprint": "ce4ad42a86f61c1d",
        "length": 128,
        "owner_tier": 6,
        "request": "w1.r3",
        "segment_index": 0
      },
      {
        "cache_owner": "w0.r0",
        "epic_prefix_rows": [],
        "fingerprint": "c50748f2a87b6838",
        "length": 300,
        "owner_tier": 1,
        "request": "w1.r3",
        "segment_index": 1
      },
      {
        "cache_owner": "main.r0",
        "epic_prefix_rows": [
          0,
          1,
          2,
          3,
          4,
          5,
          6,
          7
        ],
        "fingerprint": "20a4bd865a5b229e",
        "length": 256,
        "owner_tier": 0,
        "request": "w1.r3",
        "segment_index": 2
      },
      {
        "cache_owner": "main.r0",
        "epic_prefix_rows": [
          0,
          1,
          2,
          3,
          4,
          5,
          6,
          7
        ],
        "fingerprint": "9ab6734a754c1b9d",
        "length": 256,
        "owner_tier": 0,
        "request": "w1.r3",
        "segment_index": 3
      },
      {
        "cache_owner": "main.r0",
        "epic_prefix_rows": [
          0,
          1,
          2,
          3,
          4,
          5,
          6,
          7
        ],
        "fingerprint": "d08a027d3c65b5e6",
        "length": 256,
        "owner_tier": 0,
        "request": "w1.r3",
        "segment_index": 4
      },
      {
        "cache_owner": "main.r0",
        "epic_prefix_rows": [
          0,
          1,
          2,
          3,
          4,
          5,
          6,
          7
        ],
        "fingerprint": "9ae87ab9d42e4990",
        "length": 256,
        "owner_tier": 0,
        "request": "w1.r3",
        "segment_index": 5
      },
      {
        "cache_owner": "main.r0",
        "epic_prefix_rows": [
          0,
          1,
          2,
          3,
          4,
          5,
          6,
          7
        ],
        "fingerprint": "4507ec10354b9a34",
        "length": 256,
        "owner_tier": 0,
        "request": "w1.r3",
        "segment_index": 6
      },
      {
        "cache_owner": "main.r0",
        "epic_prefix_rows": [
          0,
          1,
          2,
          3,
          4,
          5,
          6,
          7
        ],
        "fingerprint": "3efa0426917061ae",
        "length": 256,
        "owner_tier": 0,
        "request": "w1.r3",
        "segment_index": 7
      },
      {
        "cache_owner": "main.r0",
        "epic_prefix_rows": [
          0,
          1,
          2,
          3,
          4,
          5,
          6,
          7
        ],
        "fingerprint": "e646956386ed6749",
        "length": 256,
        "owner_tier": 0,
        "request": "w1.r3",
        "segment_index": 8
      },
      {
        "cache_owner": "main.r0",
        "epic_prefix_rows": [
          0,
          1,
          2,
          3,
          4,
          5,
          6,
          7
        ],
        "fingerprint": "f6e2ee9cb02b549b",
        "length": 256,
        "owner_tier": 0,
        "request": "w1.r3",
        "segment_index": 9
      },
      {
        "cache_owner": "main.r0",
        "epic_prefix_rows": [
          0,
          1,
          2,
          3,
          4,
          5,
          6,
          7
        ],
        "fingerprint": "859509070aaad92f",
        "length": 256,
        "owner_tier": 0,
        "request": "w1.r3",
        "segment_index": 10
      },
      {
        "cache_owner": "main.r0",
        "epic_prefix_rows": [
          0,
          1,
          2,
          3,
          4,
          5,
          6,
          7
        ],
        "fingerprint": "fcd577b876fb0572",
        "length": 256,
        "owner_tier": 0,
        "request": "w1.r3",
        "segment_index": 11
      },
      {
        "cache_owner": "main.r1",
        "epic_prefix_rows": [
          0,
          1,
          2,
          3,
          4,
          5,
          6,
          7
        ],
        "fingerprint": "b7b36c9cc0ffca1f",
        "length": 256,
        "owner_tier": 2,
        "request": "w1.r3",
        "segment_index": 12
      },
      {
        "cache_owner": "main.r1",
        "epic_prefix_rows": [
          0,
          1,
          2,
          3,
          4,
          5,
          6,
          7
        ],
        "fingerprint": "2ca95e1f99b62895",
        "length": 256,
        "owner_tier": 2,
        "request": "w1.r3",
        "segment_index": 13
      },
      {
        "cache_owner": "main.r1",
        "epic_prefix_rows": [
          0,
          1,
          2,
          3,
          4,
          5,
          6,
          7
        ],
        "fingerprint": "61981006a3087531",
        "length": 256,
        "owner_tier": 2,
        "request": "w1.r3",
        "segment_index": 14
      },
      {
        "cache_owner": "main.r1",
        "epic_prefix_rows": [
          0,
          1,
          2,
          3,
          4,
          5,
          6,
          7
        ],
        "fingerprint": "0676dfd47068e0df",
        "length": 256,
        "owner_tier": 2,
        "request": "w1.r3",
        "segment_index": 15
      },
      {
        "cache_owner": "main.r1",
        "epic_prefix_rows": [
          0,
          1,
          2,
          3,
          4,
          5,
          6,
          7
        ],
        "fingerprint": "7392f0dd8e833d02",
        "length": 256,
        "owner_tier": 2,
        "request": "w1.r3",
        "segment_index": 16
      },
      {
        "cache_owner": "main.r1",
        "epic_prefix_rows": [
          0,
          1,
          2,
          3,
          4,
          5,
          6,
          7
        ],
        "fingerprint": "2d9f547fcb304b0f",
        "length": 256,
        "owner_tier": 2,
        "request": "w1.r3",
        "segment_index": 17
      },
      {
        "cache_owner": "main.r1",
        "epic_prefix_rows": [
          0,
          1,
          2,
          3,
          4,
          5,
          6,
          7
        ],
        "fingerprint": "2524834b679c9169",
        "length": 256,
        "owner_tier": 2,
        "request": "w1.r3",
        "segment_index": 18
      },
      {
        "cache_owner": "main.r1",
        "epic_prefix_rows": [
          0,
          1,
          2,
          3,
          4,
          5,
          6,
          7
        ],
        "fingerprint": "5a8181f7e7879299",
        "length": 256,
        "owner_tier": 2,
        "request": "w1.r3",
        "segment_index": 19
      },
      {
        "cache_owner": "main.r1",
        "epic_prefix_rows": [
          0,
          1,
          2,
          3,
          4,
          5,
          6,
          7
        ],
        "fingerprint": "c4de161da65ad6d0",
        "length": 256,
        "owner_tier": 2,
        "request": "w1.r3",
        "segment_index": 20
      },
      {
        "cache_owner": "main.r2",
        "epic_prefix_rows": [
          0,
          1,
          2,
          3,
          4,
          5,
          6,
          7
        ],
        "fingerprint": "43c1199691fc3316",
        "length": 256,
        "owner_tier": 4,
        "request": "w1.r3",
        "segment_index": 21
      },
      {
        "cache_owner": "main.r2",
        "epic_prefix_rows": [
          0,
          1,
          2,
          3,
          4,
          5,
          6,
          7
        ],
        "fingerprint": "e0c1b33b1977de85",
        "length": 256,
        "owner_tier": 4,
        "request": "w1.r3",
        "segment_index": 22
      },
      {
        "cache_owner": "main.r2",
        "epic_prefix_rows": [
          0,
          1,
          2,
          3,
          4,
          5,
          6,
          7
        ],
        "fingerprint": "3597c2ab929b2fa2",
        "length": 256,
        "owner_tier": 4,
        "request": "w1.r3",
        "segment_index": 23
      },
      {
        "cache_owner": "main.r2",
        "epic_prefix_rows": [
          0,
          1,
          2,
          3,
          4,
          5,
          6,
          7
        ],
        "fingerprint": "ebb6ffbea2fb7f17",
        "length": 256,
        "owner_tier": 4,
        "request": "w1.r3",
        "segment_index": 24
      },
      {
        "cache_owner": "main.r2",
        "epic_prefix_rows": [
          0,
          1,
          2,
          3,
          4,
          5,
          6,
          7
        ],
        "fingerprint": "13069208a9b6ae52",
        "length": 256,
        "owner_tier": 4,
        "request": "w1.r3",
        "segment_index": 25
      },
      {
        "cache_owner": "main.r2",
        "epic_prefix_rows": [
          0,
          1,
          2,
          3,
          4,
          5,
          6,
          7
        ],
        "fingerprint": "96c6eb32a8099b39",
        "length": 256,
        "owner_tier": 4,
        "request": "w1.r3",
        "segment_index": 26
      },
      {
        "cache_owner": "main.r2",
        "epic_prefix_rows": [
          0,
          1,
          2,
          3,
          4,
          5,
          6,
          7
        ],
        "fingerprint": "07f759914ec5d44c",
        "length": 256,
        "owner_tier": 4,
        "request": "w1.r3",
        "segment_index": 27
      },
      {
        "cache_owner": "main.r2",
        "epic_prefix_rows": [
          0,
          1,
          2,
          3,
          4,
          5,
          6,
          7
        ],
        "fingerprint": "66dba080f71780ec",
        "length": 256,
        "owner_tier": 4,
        "request": "w1.r3",
        "segment_index": 28
      },
      {
        "cache_owner": "main.r2",
        "epic_prefix_rows": [
          0,
          1,
          2,
          3,
          4,
          5,
          6,
          7
        ],
        "fingerprint": "f5cbe9c563f8d865",
        "length": 256,
        "owner_tier": 4,
        "request": "w1.r3",
        "segment_index": 29
      },
      {
        "cache_owner": "main.r2",
        "epic_prefix_rows": [
          0,
          1,
          2,
          3,
          4,
          5,
          6,
          7
        ],
        "fingerprint": "2bd3429ac7619aa9",
        "length": 256,
        "owner_tier": 4,
        "request": "w1.r3",
        "segment_index": 30
      },
      {
        "cache_owner": "main.r3",
        "epic_prefix_rows": [
          0,
          1,
          2,
          3,
          4,
          5,
          6,
          7
        ],
        "fingerprint": "7e497667b297c845",
        "length": 256,
        "owner_tier": 6,
        "request": "w1.r3",
        "segment_index": 31
      },
      {
        "cache_owner": "main.r3",
        "epic_prefix_rows": [
          0,
          1,
          2,
          3,
          4,
          5,
          6,
          7
        ],
        "fingerprint": "37b4718978e1500a",
        "length": 256,
        "owner_tier": 6,
        "request": "w1.r3",
        "segment_index": 32
      },
      {
        "cache_owner": "main.r3",
        "epic_prefix_rows": [
          0,
          1,
          2,
          3,
          4,
          5,
          6,
          7
        ],
        "fingerprint": "a03f8799509acc24",
        "length": 256,
        "owner_tier": 6,
        "request": "w1.r3",
        "segment_index": 33
      },
      {
        "cache_owner": "main.r3",
        "epic_prefix_rows": [
          0,
          1,
          2,
          3,
          4,
          5,
          6,
          7
        ],
        "fingerprint": "810508acd012e8a7",
        "length": 256,
        "owner_tier": 6,
        "request": "w1.r3",
        "segment_index": 34
      },
      {
        "cache_owner": "main.r3",
        "epic_prefix_rows": [
          0,
          1,
          2,
          3,
          4,
          5,
          6,
          7
        ],
        "fingerprint": "b03fe1ff7b59999e",
        "length": 256,
        "owner_tier": 6,
        "request": "w1.r3",
        "segment_index": 35
      },
      {
        "cache_owner": "main.r3",
        "epic_prefix_rows": [
          0,
          1,
          2,
          3,
          4,
          5,
          6,
          7
        ],
        "fingerprint": "40596d9bc8f60e23",
        "length": 256,
        "owner_tier": 6,
        "request": "w1.r3",
        "segment_index": 36
      },
      {
        "cache_owner": "main.r3",
        "epic_prefix_rows": [
          0,
          1,
          2,
          3,
          4,
          5,
          6,
          7
        ],
        "fingerprint": "a4cee309986b1e06",
        "length": 256,
        "owner_tier": 6,
        "request": "w1.r3",
        "segment_index": 37
      },
      {
        "cache_owner": "main.r3",
        "epic_prefix_rows": [
          0,
          1,
          2,
          3,
          4,
          5,
          6,
          7
        ],
        "fingerprint": "8b3f6b908f9ada23",
        "length": 256,
        "owner_tier": 6,
        "request": "w1.r3",
        "segment_index": 38
      },
      {
        "cache_owner": "main.r3",
        "epic_prefix_rows": [
          0,
          1,
          2,
          3,
          4,
          5,
          6,
          7
        ],
        "fingerprint": "081e2fb018d14722",
        "length": 256,
        "owner_tier": 6,
        "request": "w1.r3",
        "segment_index": 39
      },
      {
        "cache_owner": "main.r3",
        "epic_prefix_rows": [
          0,
          1,
          2,
          3,
          4,
          5,
          6,
          7
        ],
        "fingerprint": "ce4ad42a86f61c1d",
        "length": 128,
        "owner_tier": 6,
        "request": "w2.r3",
        "segment_index": 0
      },
      {
        "cache_owner": "w0.r0",
        "epic_prefix_rows": [],
        "fingerprint": "c50748f2a87b6838",
        "length": 300,
        "owner_tier": 1,
        "request": "w2.r3",
        "segment_index": 1
      },
      {
        "cache_owner": "main.r0",
        "epic_prefix_rows": [
          0,
          1,
          2,
          3,
          4,
          5,
          6,
          7
        ],
        "fingerprint": "20a4bd865a5b229e",
        "length": 256,
        "owner_tier": 0,
        "request": "w2.r3",
        "segment_index": 2
      },
      {
        "cache_owner": "main.r0",
        "epic_prefix_rows": [
          0,
          1,
          2,
          3,
          4,
          5,
          6,
          7
        ],
        "fingerprint": "9ab6734a754c1b9d",
        "length": 256,
        "owner_tier": 0,
        "request": "w2.r3",
        "segment_index": 3
      },
      {
        "cache_owner": "main.r0",
        "epic_prefix_rows": [
          0,
          1,
          2,
          3,
          4,
          5,
          6,
          7
        ],
        "fingerprint": "d08a027d3c65b5e6",
        "length": 256,
        "owner_tier": 0,
        "request": "w2.r3",
        "segment_index": 4
      },
      {
        "cache_owner": "main.r0",
        "epic_prefix_rows": [
          0,
          1,
          2,
          3,
          4,
          5,
          6,
          7
        ],
        "fingerprint": "9ae87ab9d42e4990",
        "length": 256,
        "owner_tier": 0,
        "request": "w2.r3",
        "segment_index": 5
      },
      {
        "cache_owner": "main.r0",
        "epic_prefix_rows": [
          0,
          1,
          2,
          3,
          4,
          5,
          6,
          7
        ],
        "fingerprint": "4507ec10354b9a34",
        "length": 256,
        "owner_tier": 0,
        "request": "w2.r3",
        "segment_index": 6
      },
      {
        "cache_owner": "main.r0",
        "epic_prefix_rows": [
          0,
          1,
          2,
          3,
          4,
          5,
          6,
          7
        ],
        "fingerprint": "3efa0426917061ae",
        "length": 256,
        "owner_tier": 0,
        "request": "w2.r3",
        "segment_index": 7
      },
      {
        "cache_owner": "main.r0",
        "epic_prefix_rows": [
          0,
          1,
          2,
          3,
          4,
          5,
          6,
          7
        ],
        "fingerprint": "e646956386ed6749",
        "length": 256,
        "owner_tier": 0,
        "request": "w2.r3",
        "segment_index": 8
      },
      {
        "cache_owner": "main.r0",
        "epic_prefix_rows": [
          0,
          1,
          2,
          3,
          4,
          5,
          6,
          7
        ],
        "fingerprint": "f6e2ee9cb02b549b",
        "length": 256,
        "owner_tier": 0,
        "request": "w2.r3",
        "segment_index": 9
      },
      {
        "cache_owner": "main.r0",
        "epic_prefix_rows": [
          0,
          1,
          2,
          3,
          4,
          5,
          6,
          7
        ],
        "fingerprint": "859509070aaad92f",
        "length": 256,
        "owner_tier": 0,
        "request": "w2.r3",
        "segment_index": 10
      },
      {
        "cache_owner": "main.r0",
        "epic_prefix_rows": [
          0,
          1,
          2,
          3,
          4,
          5,
          6,
          7
        ],
        "fingerprint": "fcd577b876fb0572",
        "length": 256,
        "owner_tier": 0,
        "request": "w2.r3",
        "segment_index": 11
      },
      {
        "cache_owner": "main.r1",
        "epic_prefix_rows": [
          0,
          1,
          2,
          3,
          4,
          5,
          6,
          7
        ],
        "fingerprint": "b7b36c9cc0ffca1f",
        "length": 256,
        "owner_tier": 2,
        "request": "w2.r3",
        "segment_index": 12
      },
      {
        "cache_owner": "main.r1",
        "epic_prefix_rows": [
          0,
          1,
          2,
          3,
          4,
          5,
          6,
          7
        ],
        "fingerprint": "2ca95e1f99b62895",
        "length": 256,
        "owner_tier": 2,
        "request": "w2.r3",
        "segment_index": 13
      },
      {
        "cache_owner": "main.r1",
        "epic_prefix_rows": [
          0,
          1,
          2,
          3,
          4,
          5,
          6,
          7
        ],
        "fingerprint": "61981006a3087531",
        "length": 256,
        "owner_tier": 2,
        "request": "w2.r3",
        "segment_index": 14
      },
      {
        "cache_owner": "main.r1",
        "epic_prefix_rows": [
          0,
          1,
          2,
          3,
          4,
          5,
          6,
          7
        ],
        "fingerprint": "0676dfd47068e0df",
        "length": 256,
        "owner_tier": 2,
        "request": "w2.r3",
        "segment_index": 15
      },
      {
        "cache_owner": "main.r1",
        "epic_prefix_rows": [
          0,
          1,
          2,
          3,
          4,
          5,
          6,
          7
        ],
        "fingerprint": "7392f0dd8e833d02",
        "length": 256,
        "owner_tier": 2,
        "request": "w2.r3",
        "segment_index": 16
      },
      {
        "cache_owner": "main.r1",
        "epic_prefix_rows": [
          0,
          1,
          2,
          3,
          4,
          5,
          6,
          7
        ],
        "fingerprint": "2d9f547fcb304b0f",
        "length": 256,
        "owner_tier": 2,
        "request": "w2.r3",
        "segment_index": 17
      },
      {
        "cache_owner": "main.r1",
        "epic_prefix_rows": [
          0,
          1,
          2,
          3,
          4,
          5,
          6,
          7
        ],
        "fingerprint": "2524834b679c9169",
        "length": 256,
        "owner_tier": 2,
        "request": "w2.r3",
        "segment_index": 18
      },
      {
        "cache_owner": "main.r1",
        "epic_prefix_rows": [
          0,
          1,
          2,
          3,
          4,
          5,
          6,
          7
        ],
        "fingerprint": "5a8181f7e7879299",
        "length": 256,
        "owner_tier": 2,
        "request": "w2.r3",
        "segment_index": 19
      },
      {
        "cache_owner": "main.r1",
        "epic_prefix_rows": [
          0,
          1,
          2,
          3,
          4,
          5,
          6,
          7
        ],
        "fingerprint": "c4de161da65ad6d0",
        "length": 256,
        "owner_tier": 2,
        "request": "w2.r3",
        "segment_index": 20
      },
      {
        "cache_owner": "main.r2",
        "epic_prefix_rows": [
          0,
          1,
          2,
          3,
          4,
          5,
          6,
          7
        ],
        "fingerprint": "43c1199691fc3316",
        "length": 256,
        "owner_tier": 4,
        "request": "w2.r3",
        "segment_index": 21
      },
      {
        "cache_owner": "main.r2",
        "epic_prefix_rows": [
          0,
          1,
          2,
          3,
          4,
          5,
          6,
          7
        ],
        "fingerprint": "e0c1b33b1977de85",
        "length": 256,
        "owner_tier": 4,
        "request": "w2.r3",
        "segment_index": 22
      },
      {
        "cache_owner": "main.r2",
        "epic_prefix_rows": [
          0,
          1,
          2,
          3,
          4,
          5,
          6,
          7
        ],
        "fingerprint": "3597c2ab929b2fa2",
        "length": 256,
        "owner_tier": 4,
        "request": "w2.r3",
        "segment_index": 23
      },
      {
        "cache_owner": "main.r2",
        "epic_prefix_rows": [
          0,
          1,
          2,
          3,
          4,
          5,
          6,
          7
        ],
        "fingerprint": "ebb6ffbea2fb7f17",
        "length": 256,
        "owner_tier": 4,
        "request": "w2.r3",
        "segment_index": 24
      },
      {
        "cache_owner": "main.r2",
        "epic_prefix_rows": [
          0,
          1,
          2,
          3,
          4,
          5,
          6,
          7
        ],
        "fingerprint": "13069208a9b6ae52",
        "length": 256,
        "owner_tier": 4,
        "request": "w2.r3",
        "segment_index": 25
      },
      {
        "cache_owner": "main.r2",
        "epic_prefix_rows": [
          0,
          1,
          2,
          3,
          4,
          5,
          6,
          7
        ],
        "fingerprint": "96c6eb32a8099b39",
        "length": 256,
        "owner_tier": 4,
        "request": "w2.r3",
        "segment_index": 26
      },
      {
        "cache_owner": "main.r2",
        "epic_prefix_rows": [
          0,
          1,
          2,
          3,
          4,
          5,
          6,
          7
        ],
        "fingerprint": "07f759914ec5d44c",
        "length": 256,
        "owner_tier": 4,
        "request": "w2.r3",
        "segment_index": 27
      },
      {
        "cache_owner": "main.r2",
        "epic_prefix_rows": [
          0,
          1,
          2,
          3,
          4,
          5,
          6,
          7
        ],
        "fingerprint": "66dba080f71780ec",
        "length": 256,
        "owner_tier": 4,
        "request": "w2.r3",
        "segment_index": 28
      },
      {
        "cache_owner": "main.r2",
        "epic_prefix_rows": [
          0,
          1,
          2,
          3,
          4,
          5,
          6,
          7
        ],
        "fingerprint": "f5cbe9c563f8d865",
        "length": 256,
        "owner_tier": 4,
        "request": "w2.r3",
        "segment_index": 29
      },
      {
        "cache_owner": "main.r2",
        "epic_prefix_rows": [
          0,
          1,
          2,
          3,
          4,
          5,
          6,
          7
        ],
        "fingerprint": "2bd3429ac7619aa9",
        "length": 256,
        "owner_tier": 4,
        "request": "w2.r3",
        "segment_index": 30
      },
      {
        "cache_owner": "main.r3",
        "epic_prefix_rows": [
          0,
          1,
          2,
          3,
          4,
          5,
          6,
          7
        ],
        "fingerprint": "7e497667b297c845",
        "length": 256,
        "owner_tier": 6,
        "request": "w2.r3",
        "segment_index": 31
      },
      {
        "cache_owner": "main.r3",
        "epic_prefix_rows": [
          0,
          1,
          2,
          3,
          4,
          5,
          6,
          7
        ],
        "fingerprint": "37b4718978e1500a",
        "length": 256,
        "owner_tier": 6,
        "request": "w2.r3",
        "segment_index": 32
      },
      {
        "cache_owner": "main.r3",
        "epic_prefix_rows": [
          0,
          1,
          2,
          3,
          4,
          5,
          6,
          7
        ],
        "fingerprint": "a03f8799509acc24",
        "length": 256,
        "owner_tier": 6,
        "request": "w2.r3",
        "segment_index": 33
      },
      {
        "cache_owner": "main.r3",
        "epic_prefix_rows": [
          0,
          1,
          2,
          3,
          4,
          5,
          6,
          7
        ],
        "fingerprint": "810508acd012e8a7",
        "length": 256,
        "owner_tier": 6,
        "request": "w2.r3",
        "segment_index": 34
      },
      {
        "cache_owner": "main.r3",
        "epic_prefix_rows": [
          0,
          1,
          2,
          3,
          4,
          5,
          6,
          7
        ],
        "fingerprint": "b03fe1ff7b59999e",
        "length": 256,
        "owner_tier": 6,
        "request": "w2.r3",
        "segment_index": 35
      },
      {
        "cache_owner": "main.r3",
        "epic_prefix_rows": [
          0,
          1,
          2,
          3,
          4,
          5,
          6,
          7
        ],
        "fingerprint": "40596d9bc8f60e23",
        "length": 256,
        "owner_tier": 6,
        "request": "w2.r3",
        "segment_index": 36
      },
      {
        "cache_owner": "main.r3",
        "epic_prefix_rows": [
          0,
          1,
          2,
          3,
          4,
          5,
          6,
          7
        ],
        "fingerprint": "a4cee309986b1e06",
        "length": 256,
        "owner_tier": 6,
        "request": "w2.r3",
        "segment_index": 37
      },
      {
        "cache_owner": "main.r3",
        "epic_prefix_rows": [
          0,
          1,
          2,
          3,
          4,
          5,
          6,
          7
        ],
        "fingerprint": "8b3f6b908f9ada23",
        "length": 256,
        "owner_tier": 6,
        "request": "w2.r3",
        "segment_index": 38
      },
      {
        "cache_owner": "main.r3",
        "epic_prefix_rows": [
          0,
          1,
          2,
          3,
          4,
          5,
          6,
          7
        ],
        "fingerprint": "081e2fb018d14722",
        "length": 256,
        "owner_tier": 6,
        "request": "w2.r3",
        "segment_index": 39
      },
      {
        "cache_owner": "main.r3",
        "epic_prefix_rows": [
          0,
          1,
          2,
          3,
          4,
          5,
          6,
          7
        ],
        "fingerprint": "ce4ad42a86f61c1d",
        "length": 128,
        "owner_tier": 6,
        "request": "main.r4",
        "segment_index": 0
      },
      {
        "cache_owner": "main.r0",
        "epic_prefix_rows": [
          0,
          1,
          2,
          3,
          4,
          5,
          6,
          7
        ],
        "fingerprint": "20a4bd865a5b229e",
        "length": 256,
        "owner_tier": 0,
        "request": "main.r4",
        "segment_index": 4
      },
      {
        "cache_owner": "main.r0",
        "epic_prefix_rows": [
          0,
          1,
          2,
          3,
          4,
          5,
          6,
          7
        ],
        "fingerprint": "9ab6734a754c1b9d",
        "length": 256,
        "owner_tier": 0,
        "request": "main.r4",
        "segment_index": 5
      },
      {
        "cache_owner": "main.r0",
        "epic_prefix_rows": [
          0,
          1,
          2,
          3,
          4,
          5,
          6,
          7
        ],
        "fingerprint": "d08a027d3c65b5e6",
        "length": 256,
        "owner_tier": 0,
        "request": "main.r4",
        "segment_index": 6
      },
      {
        "cache_owner": "main.r0",
        "epic_prefix_rows": [
          0,
          1,
          2,
          3,
          4,
          5,
          6,
          7
        ],
        "fingerprint": "9ae87ab9d42e4990",
        "length": 256,
        "owner_tier": 0,
        "request": "main.r4",
        "segment_index": 7
      },
      {
        "cache_owner": "main.r0",
        "epic_prefix_rows": [
          0,
          1,
          2,
          3,
          4,
          5,
          6,
          7
        ],
        "fingerprint": "4507ec10354b9a34",
        "length": 256,
        "owner_tier": 0,
        "request": "main.r4",
        "segment_index": 8
      },
      {
        "cache_owner": "main.r0",
        "epic_prefix_rows": [
          0,
          1,
          2,
          3,
          4,
          5,
          6,
          7
        ],
        "fingerprint": "3efa0426917061ae",
        "length": 256,
        "owner_tier": 0,
        "request": "main.r4",
        "segment_index": 9
      },
      {
        "cache_owner": "main.r0",
        "epic_prefix_rows": [
          0,
          1,
          2,
          3,
          4,
          5,
          6,
          7
        ],
        "fingerprint": "e646956386ed6749",
        "length": 256,
        "owner_tier": 0,
        "request": "main.r4",
        "segment_index": 10
      },
      {
        "cache_owner": "main.r0",
        "epic_prefix_rows": [
          0,
          1,
          2,
          3,
          4,
          5,
          6,
          7
        ],
        "fingerprint": "f6e2ee9cb02b549b",
        "length": 256,
        "owner_tier": 0,
        "request": "main.r4",
        "segment_index": 11
      },
      {
        "cache_owner": "main.r0",
        "epic_prefix_rows": [
          0,
          1,
          2,
          3,
          4,
          5,
          6,
          7
        ],
        "fingerprint": "859509070aaad92f",
        "length": 256,
        "owner_tier": 0,
        "request": "main.r4",
        "segment_index": 12
      },
      {
        "cache_owner": "main.r0",
        "epic_prefix_rows": [
          0,
          1,
          2,
          3,
          4,
          5,
          6,
          7
        ],
        "fingerprint": "fcd577b876fb0572",
        "length": 256,
        "owner_tier": 0,
        "request": "main.r4",
        "segment_index": 13
      },
      {
        "cache_owner": "main.r1",
        "epic_prefix_rows": [],
        "fingerprint": "b7b36c9cc0ffca1f",
        "length": 256,
        "owner_tier": 2,
        "request": "main.r4",
        "segment_index": 14
      },
      {
        "cache_owner": "main.r1",
        "epic_prefix_rows": [],
        "fingerprint": "2ca95e1f99b62895",
        "length": 256,
        "owner_tier": 2,
        "request": "main.r4",
        "segment_index": 15
      },
      {
        "cache_owner": "main.r1",
        "epic_prefix_rows": [],
        "fingerprint": "61981006a3087531",
        "length": 256,
        "owner_tier": 2,
        "request": "main.r4",
        "segment_index": 16
      },
      {
        "cache_owner": "main.r1",
        "epic_prefix_rows": [],
        "fingerprint": "0676dfd47068e0df",
        "length": 256,
        "owner_tier": 2,
        "request": "main.r4",
        "segment_index": 17
      },
      {
        "cache_owner": "main.r1",
        "epic_prefix_rows": [],
        "fingerprint": "7392f0dd8e833d02",
        "length": 256,
        "owner_tier": 2,
        "request": "main.r4",
        "segment_index": 18
      },
      {
        "cache_owner": "main.r1",
        "epic_prefix_rows": [],
        "fingerprint": "2d9f547fcb304b0f",
        "length": 256,
        "owner_tier": 2,
        "request": "main.r4",
        "segment_index": 19
      },
      {
        "cache_owner": "main.r1",
        "epic_prefix_rows": [],
        "fingerprint": "2524834b679c9169",
        "length": 256,
        "owner_tier": 2,
        "request": "main.r4",
        "segment_index": 20
      },
      {
        "cache_owner": "main.r1",
        "epic_prefix_rows": [],
        "fingerprint": "5a8181f7e7879299",
        "length": 256,
        "owner_tier": 2,
        "request": "main.r4",
        "segment_index": 21
      },
      {
        "cache_owner": "main.r1",
        "epic_prefix_rows": [],
        "fingerprint": "c4de161da65ad6d0",
        "length": 256,
        "owner_tier": 2,
        "request": "main.r4",
        "segment_index": 22
      },
      {
        "cache_owner": "main.r2",
        "epic_prefix_rows": [],
        "fingerprint": "43c1199691fc3316",
        "length": 256,
        "owner_tier": 4,
        "request": "main.r4",
        "segment_index": 23
      },
      {
        "cache_owner": "main.r2",
        "epic_prefix_rows": [],
        "fingerprint": "e0c1b33b1977de85",
        "length": 256,
        "owner_tier": 4,
        "request": "main.r4",
        "segment_index": 24
      },
      {
        "cache_owner": "main.r2",
        "epic_prefix_rows": [],
        "fingerprint": "3597c2ab929b2fa2",
        "length": 256,
        "owner_tier": 4,
        "request": "main.r4",
        "segment_index": 25
      },
      {
        "cache_owner": "main.r2",
        "epic_prefix_rows": [],
        "fingerprint": "ebb6ffbea2fb7f17",
        "length": 256,
        "owner_tier": 4,
        "request": "main.r4",
        "segment_index": 26
      },
      {
        "cache_owner": "main.r2",
        "epic_prefix_rows": [],
        "fingerprint": "13069208a9b6ae52",
        "length": 256,
        "owner_tier": 4,
        "request": "main.r4",
        "segment_index": 27
      },
      {
        "cache_owner": "main.r2",
        "epic_prefix_rows": [],
        "fingerprint": "96c6eb32a8099b39",
        "length": 256,
        "owner_tier": 4,
        "request": "main.r4",
        "segment_index": 28
      },
      {
        "cache_owner": "main.r2",
        "epic_prefix_rows": [],
        "fingerprint": "07f759914ec5d44c",
        "length": 256,
        "owner_tier": 4,
        "request": "main.r4",
        "segment_index": 29
      },
      {
        "cache_owner": "main.r2",
        "epic_prefix_rows": [],
        "fingerprint": "66dba080f71780ec",
        "length": 256,
        "owner_tier": 4,
        "request": "main.r4",
        "segment_index": 30
      },
      {
        "cache_owner": "main.r2",
        "epic_prefix_rows": [],
        "fingerprint": "f5cbe9c563f8d865",
        "length": 256,
        "owner_tier": 4,
        "request": "main.r4",
        "segment_index": 31
      },
      {
        "cache_owner": "main.r2",
        "epic_prefix_rows": [],
        "fingerprint": "2bd3429ac7619aa9",
        "length": 256,
        "owner_tier": 4,
        "request": "main.r4",
        "segment_index": 32
      },
      {
        "cache_owner": "main.r3",
        "epic_prefix_rows": [],
        "fingerprint": "7e497667b297c845",
        "length": 256,
        "owner_tier": 6,
        "request": "main.r4",
        "segment_index": 33
      },
      {
        "cache_owner": "main.r3",
        "epic_prefix_rows": [],
        "fingerprint": "37b4718978e1500a",
        "length": 256,
        "owner_tier": 6,
        "request": "main.r4",
        "segment_index": 34
      },
      {
        "cache_owner": "main.r3",
        "epic_prefix_rows": [],
        "fingerprint": "a03f8799509acc24",
        "length": 256,
        "owner_tier": 6,
        "request": "main.r4",
        "segment_index": 35
      },
      {
        "cache_owner": "main.r3",
        "epic_prefix_rows": [],
        "fingerprint": "810508acd012e8a7",
        "length": 256,
        "owner_tier": 6,
        "request": "main.r4",
        "segment_index": 36
      },
      {
        "cache_owner": "main.r3",
        "epic_prefix_rows": [],
        "fingerprint": "b03fe1ff7b59999e",
        "length": 256,
        "owner_tier": 6,
        "request": "main.r4",
        "segment_index": 37
      },
      {
        "cache_owner": "main.r3",
        "epic_prefix_rows": [],
        "fingerprint": "40596d9bc8f60e23",
        "length": 256,
        "owner_tier": 6,
        "request": "main.r4",
        "segment_index": 38
      },
      {
        "cache_owner": "main.r3",
        "epic_prefix_rows": [],
        "fingerprint": "a4cee309986b1e06",
        "length": 256,
        "owner_tier": 6,
        "request": "main.r4",
        "segment_index": 39
      },
      {
        "cache_owner": "main.r3",
        "epic_prefix_rows": [],
        "fingerprint": "8b3f6b908f9ada23",
        "length": 256,
        "owner_tier": 6,
        "request": "main.r4",
        "segment_index": 40
      },
      {
        "cache_owner": "main.r3",
        "epic_prefix_rows": [],
        "fingerprint": "081e2fb018d14722",
        "length": 256,
        "owner_tier": 6,
        "request": "main.r4",
        "segment_index": 41
      },
      {
        "cache_owner": "main.r4",
        "epic_prefix_rows": [
          0,
          1,
          2,
          3,
          4,
          5,
          6,
          7
        ],
        "fingerprint": "43fff286665785fb",
        "length": 128,
        "owner_tier": 8,
        "request": "w0.r4",
        "segment_index": 0
      },
      {
        "cache_owner": "w0.r0",
        "epic_prefix_rows": [],
        "fingerprint": "c50748f2a87b6838",
        "length": 300,
        "owner_tier": 1,
        "request": "w0.r4",
        "segment_index": 1
      },
      {
        "cache_owner": "main.r0",
        "epic_prefix_rows": [
          0,
          1,
          2,
          3,
          4,
          5,
          6,
          7
        ],
        "fingerprint": "20a4bd865a5b229e",
        "length": 256,
        "owner_tier": 0,
        "request": "w0.r4",
        "segment_index": 2
      },
      {
        "cache_owner": "main.r0",
        "epic_prefix_rows": [
          0,
          1,
          2,
          3,
          4,
          5,
          6,
          7
        ],
        "fingerprint": "9ab6734a754c1b9d",
        "length": 256,
        "owner_tier": 0,
        "request": "w0.r4",
        "segment_index": 3
      },
      {
        "cache_owner": "main.r0",
        "epic_prefix_rows": [
          0,
          1,
          2,
          3,
          4,
          5,
          6,
          7
        ],
        "fingerprint": "d08a027d3c65b5e6",
        "length": 256,
        "owner_tier": 0,
        "request": "w0.r4",
        "segment_index": 4
      },
      {
        "cache_owner": "main.r0",
        "epic_prefix_rows": [
          0,
          1,
          2,
          3,
          4,
          5,
          6,
          7
        ],
        "fingerprint": "9ae87ab9d42e4990",
        "length": 256,
        "owner_tier": 0,
        "request": "w0.r4",
        "segment_index": 5
      },
      {
        "cache_owner": "main.r0",
        "epic_prefix_rows": [
          0,
          1,
          2,
          3,
          4,
          5,
          6,
          7
        ],
        "fingerprint": "4507ec10354b9a34",
        "length": 256,
        "owner_tier": 0,
        "request": "w0.r4",
        "segment_index": 6
      },
      {
        "cache_owner": "main.r0",
        "epic_prefix_rows": [
          0,
          1,
          2,
          3,
          4,
          5,
          6,
          7
        ],
        "fingerprint": "3efa0426917061ae",
        "length": 256,
        "owner_tier": 0,
        "request": "w0.r4",
        "segment_index": 7
      },
      {
        "cache_owner": "main.r0",
        "epic_prefix_rows": [
          0,
          1,
          2,
          3,
          4,
          5,
          6,
          7
        ],
        "fingerprint": "e646956386ed6749",
        "length": 256,
        "owner_tier": 0,
        "request": "w0.r4",
        "segment_index": 8
      },
      {
        "cache_owner": "main.r0",
        "epic_prefix_rows": [
          0,
          1,
          2,
          3,
          4,
          5,
          6,
          7
        ],
        "fingerprint": "f6e2ee9cb02b549b",
        "length": 256,
        "owner_tier": 0,
        "request": "w0.r4",
        "segment_index": 9
      },
      {
        "cache_owner": "main.r0",
        "epic_prefix_rows": [
          0,
          1,
          2,
          3,
          4,
          5,
          6,
          7
        ],
        "fingerprint": "859509070aaad92f",
        "length": 256,
        "owner_tier": 0,
        "request": "w0.r4",
        "segment_index": 10
      },
      {
        "cache_owner": "main.r0",
        "epic_prefix_rows": [
          0,
          1,
          2,
          3,
          4,
          5,
          6,
          7
        ],
        "fingerprint": "fcd577b876fb0572",
        "length": 256,
        "owner_tier": 0,
        "request": "w0.r4",
        "segment_index": 11
      },
      {
        "cache_owner": "main.r1",
        "epic_prefix_rows": [
          0,
          1,
          2,
          3,
          4,
          5,
          6,
          7
        ],
        "fingerprint": "b7b36c9cc0ffca1f",
        "length": 256,
        "owner_tier": 2,
        "request": "w0.r4",
        "segment_index": 12
      },
      {
        "cache_owner": "main.r1",
        "epic_prefix_rows": [
          0,
          1,
          2,
          3,
          4,
          5,
          6,
          7
        ],
        "fingerprint": "2ca95e1f99b62895",
        "length": 256,
        "owner_tier": 2,
        "request": "w0.r4",
        "segment_index": 13
      },
      {
        "cache_owner": "main.r1",
        "epic_prefix_rows": [
          0,
          1,
          2,
          3,
          4,
          5,
          6,
          7
        ],
        "fingerprint": "61981006a3087531",
        "length": 256,
        "owner_tier": 2,
        "request": "w0.r4",
        "segment_index": 14
      },
      {
        "cache_owner": "main.r1",
        "epic_prefix_rows": [
          0,
          1,
          2,
          3,
          4,
          5,
          6,
          7
        ],
        "fingerprint": "0676dfd47068e0df",
        "length": 256,
        "owner_tier": 2,
        "request": "w0.r4",
        "segment_index": 15
      },
      {
        "cache_owner": "main.r1",
        "epic_prefix_rows": [
          0,
          1,
          2,
          3,
          4,
          5,
          6,
          7
        ],
        "fingerprint": "7392f0dd8e833d02",
        "length": 256,
        "owner_tier": 2,
        "request": "w0.r4",
        "segment_index": 16
      },
      {
        "cache_owner": "main.r1",
        "epic_prefix_rows": [
          0,
          1,
          2,
          3,
          4,
          5,
          6,
          7
        ],
        "fingerprint": "2d9f547fcb304b0f",
        "length": 256,
        "owner_tier": 2,
        "request": "w0.r4",
        "segment_index": 17
      },
      {
        "cache_owner": "main.r1",
        "epic_prefix_rows": [
          0,
          1,
          2,
          3,
          4,
          5,
          6,
          7
        ],
        "fingerprint": "2524834b679c9169",
        "length": 256,
        "owner_tier": 2,
        "request": "w0.r4",
        "segment_index": 18
      },
      {
        "cache_owner": "main.r1",
        "epic_prefix_rows": [
          0,
          1,
          2,
          3,
          4,
          5,
          6,
          7
        ],
        "fingerprint": "5a8181f7e7879299",
        "length": 256,
        "owner_tier": 2,
        "request": "w0.r4",
        "segment_index": 19
      },
      {
        "cache_owner": "main.r1",
        "epic_prefix_rows": [
          0,
          1,
          2,
          3,
          4,
          5,
          6,
          7
        ],
        "fingerprint": "c4de161da65ad6d0",
        "length": 256,
        "owner_tier": 2,
        "request": "w0.r4",
        "segment_index": 20
      },
      {
        "cache_owner": "main.r2",
        "epic_prefix_rows": [
          0,
          1,
          2,
          3,
          4,
          5,
          6,
          7
        ],
        "fingerprint": "43c1199691fc3316",
        "length": 256,
        "owner_tier": 4,
        "request": "w0.r4",
        "segment_index": 21
      },
      {
        "cache_owner": "main.r2",
        "epic_prefix_rows": [
          0,
          1,
          2,
          3,
          4,
          5,
          6,
          7
        ],
        "fingerprint": "e0c1b33b1977de85",
        "length": 256,
        "owner_tier": 4,
        "request": "w0.r4",
        "segment_index": 22
      },
      {
        "cache_owner": "main.r2",
        "epic_prefix_rows": [
          0,
          1,
          2,
          3,
          4,
          5,
          6,
          7
        ],
        "fingerprint": "3597c2ab929b2fa2",
        "length": 256,
        "owner_tier": 4,
        "request": "w0.r4",
        "segment_index": 23
      },
      {
        "cache_owner": "main.r2",
        "epic_prefix_rows": [
          0,
          1,
          2,
          3,
          4,
          5,
          6,
          7
        ],
        "fingerprint": "ebb6ffbea2fb7f17",
        "length": 256,
        "owner_tier": 4,
        "request": "w0.r4",
        "segment_index": 24
      },
      {
        "cache_owner": "main.r2",
        "epic_prefix_rows": [
          0,
          1,
          2,
          3,
          4,
          5,
          6,
          7
        ],
        "fingerprint": "13069208a9b6ae52",
        "length": 256,
        "owner_tier": 4,
        "request": "w0.r4",
        "segment_index": 25
      },
      {
        "cache_owner": "main.r2",
        "epic_prefix_rows": [
          0,
          1,
          2,
          3,
          4,
          5,
          6,
          7
        ],
        "fingerprint": "96c6eb32a8099b39",
        "length": 256,
        "owner_tier": 4,
        "request": "w0.r4",
        "segment_index": 26
      },
      {
        "cache_owner": "main.r2",
        "epic_prefix_rows": [
          0,
          1,
          2,
          3,
          4,
          5,
          6,
          7
        ],
        "fingerprint": "07f759914ec5d44c",
        "length": 256,
        "owner_tier": 4,
        "request": "w0.r4",
        "segment_index": 27
      },
      {
        "cache_owner": "main.r2",
        "epic_prefix_rows": [
          0,
          1,
          2,
          3,
          4,
          5,
          6,
          7
        ],
        "fingerprint": "66dba080f71780ec",
        "length": 256,
        "owner_tier": 4,
        "request": "w0.r4",
        "segment_index": 28
      },
      {
        "cache_owner": "main.r2",
        "epic_prefix_rows": [
          0,
          1,
          2,
          3,
          4,
          5,
          6,
          7
        ],
        "fingerprint": "f5cbe9c563f8d865",
        "length": 256,
        "owner_tier": 4,
        "request": "w0.r4",
        "segment_index": 29
      },
      {
        "cache_owner": "main.r2",
        "epic_prefix_rows": [
          0,
          1,
          2,
          3,
          4,
          5,
          6,
          7
        ],
        "fingerprint": "2bd3429ac7619aa9",
        "length": 256,
        "owner_tier": 4,
        "request": "w0.r4",
        "segment_index": 30
      },
      {
        "cache_owner": "main.r3",
        "epic_prefix_rows": [
          0,
          1,
          2,
          3,
          4,
          5,
          6,
          7
        ],
        "fingerprint": "7e497667b297c845",
        "length": 256,
        "owner_tier": 6,
        "request": "w0.r4",
        "segment_index": 31
      },
      {
        "cache_owner": "main.r3",
        "epic_prefix_rows": [
          0,
          1,
          2,
          3,
          4,
          5,
          6,
          7
        ],
        "fingerprint": "37b4718978e1500a",
        "length": 256,
        "owner_tier": 6,
        "request": "w0.r4",
        "segment_index": 32
      },
      {
        "cache_owner": "main.r3",
        "epic_prefix_rows": [
          0,
          1,
          2,
          3,
          4,
          5,
          6,
          7
        ],
        "fingerprint": "a03f8799509acc24",
        "length": 256,
        "owner_tier": 6,
        "request": "w0.r4",
        "segment_index": 33
      },
      {
        "cache_owner": "main.r3",
        "epic_prefix_rows": [
          0,
          1,
          2,
          3,
          4,
          5,
          6,
          7
        ],
        "fingerprint": "810508acd012e8a7",
        "length": 256,
        "owner_tier": 6,
        "request": "w0.r4",
        "segment_index": 34
      },
      {
        "cache_owner": "main.r3",
        "epic_prefix_rows": [
          0,
          1,
          2,
          3,
          4,
          5,
          6,
          7
        ],
        "fingerprint": "b03fe1ff7b59999e",
        "length": 256,
        "owner_tier": 6,
        "request": "w0.r4",
        "segment_index": 35
      },
      {
        "cache_owner": "main.r3",
        "epic_prefix_rows": [
          0,
          1,
          2,
          3,
          4,
          5,
          6,
          7
        ],
        "fingerprint": "40596d9bc8f60e23",
        "length": 256,
        "owner_tier": 6,
        "request": "w0.r4",
        "segment_index": 36
      },
      {
        "cache_owner": "main.r3",
        "epic_prefix_rows": [
          0,
          1,
          2,
          3,
          4,
          5,
          6,
          7
        ],
        "fingerprint": "a4cee309986b1e06",
        "length": 256,
        "owner_tier": 6,
        "request": "w0.r4",
        "segment_index": 37
      },
      {
        "cache_owner": "main.r3",
        "epic_prefix_rows": [
          0,
          1,
          2,
          3,
          4,
          5,
          6,
          7
        ],
        "fingerprint": "8b3f6b908f9ada23",
        "length": 256,
        "owner_tier": 6,
        "request": "w0.r4",
        "segment_index": 38
      },
      {
        "cache_owner": "main.r3",
        "epic_prefix_rows": [
          0,
          1,
          2,
          3,
          4,
          5,
          6,
          7
        ],
        "fingerprint": "081e2fb018d14722",
        "length": 256,
        "owner_tier": 6,
        "request": "w0.r4",
        "segment_index": 39
      },
      {
        "cache_owner": "main.r4",
        "epic_prefix_rows": [
          0,
          1,
          2,
          3,
          4,
          5,
          6,
          7
        ],
        "fingerprint": "2e2e4ec7bea151a3",
        "length": 256,
        "owner_tier": 8,
        "request": "w0.r4",
        "segment_index": 40
      },
      {
        "cache_owner": "main.r4",
        "epic_prefix_rows": [
          0,
          1,
          2,
          3,
          4,
          5,
          6,
          7
        ],
        "fingerprint": "d6322cc683bef95e",
        "length": 256,
        "owner_tier": 8,
        "request": "w0.r4",
        "segment_index": 41
      },
      {
        "cache_owner": "main.r4",
        "epic_prefix_rows": [
          0,
          1,
          2,
          3,
          4,
          5,
          6,
          7
        ],
        "fingerprint": "e4842b8c181ae3d5",
        "length": 256,
        "owner_tier": 8,
        "request": "w0.r4",
        "segment_index": 42
      },
      {
        "cache_owner": "main.r4",
        "epic_prefix_rows": [
          0,
          1,
          2,
          3,
          4,
          5,
          6,
          7
        ],
        "fingerprint": "5e174838e9cbf6a1",
        "length": 256,
        "owner_tier": 8,
        "request": "w0.r4",
        "segment_index": 43
      },
      {
        "cache_owner": "main.r4",
        "epic_prefix_rows": [
          0,
          1,
          2,
          3,
          4,
          5,
          6,
          7
        ],
        "fingerprint": "10c96afa4bbc66d5",
        "length": 256,
        "owner_tier": 8,
        "request": "w0.r4",
        "segment_index": 44
      },
      {
        "cache_owner": "main.r4",
        "epic_prefix_rows": [
          0,
          1,
          2,
          3,
          4,
          5,
          6,
          7
        ],
        "fingerprint": "1ea14890787fda60",
        "length": 256,
        "owner_tier": 8,
        "request": "w0.r4",
        "segment_index": 45
      },
      {
        "cache_owner": "main.r4",
        "epic_prefix_rows": [
          0,
          1,
          2,
          3,
          4,
          5,
          6,
          7
        ],
        "fingerprint": "11496dd68804155f",
        "length": 256,
        "owner_tier": 8,
        "request": "w0.r4",
        "segment_index": 46
      },
      {
        "cache_owner": "main.r4",
        "epic_prefix_rows": [
          0,
          1,
          2,
          3,
          4,
          5,
          6,
          7
        ],
        "fingerprint": "1693bfd182384371",
        "length": 256,
        "owner_tier": 8,
        "request": "w0.r4",
        "segment_index": 47
      },
      {
        "cache_owner": "main.r4",
        "epic_prefix_rows": [
          0,
          1,
          2,
          3,
          4,
          5,
          6,
          7
        ],
        "fingerprint": "d42e4e61fbbbf1c3",
        "length": 256,
        "owner_tier": 8,
        "request": "w0.r4",
        "segment_index": 48
      },
      {
        "cache_owner": "main.r4",
        "epic_prefix_rows": [
          0,
          1,
          2,
          3,
          4,
          5,
          6,
          7
        ],
        "fingerprint": "43fff286665785fb",
        "length": 128,
        "owner_tier": 8,
        "request": "w1.r4",
        "segment_index": 0
      },
      {
        "cache_owner": "w0.r0",
        "epic_prefix_rows": [],
        "fingerprint": "c50748f2a87b6838",
        "length": 300,
        "owner_tier": 1,
        "request": "w1.r4",
        "segment_index": 1
      },
      {
        "cache_owner": "main.r0",
        "epic_prefix_rows": [
          0,
          1,
          2,
          3,
          4,
          5,
          6,
          7
        ],
        "fingerprint": "20a4bd865a5b229e",
        "length": 256,
        "owner_tier": 0,
        "request": "w1.r4",
        "segment_index": 2
      },
      {
        "cache_owner": "main.r0",
        "epic_prefix_rows": [
          0,
          1,
          2,
          3,
          4,
          5,
          6,
          7
        ],
        "fingerprint": "9ab6734a754c1b9d",
        "length": 256,
        "owner_tier": 0,
        "request": "w1.r4",
        "segment_index": 3
      },
      {
        "cache_owner": "main.r0",
        "epic_prefix_rows": [
          0,
          1,
          2,
          3,
          4,
          5,
          6,
          7
        ],
        "fingerprint": "d08a027d3c65b5e6",
        "length": 256,
        "owner_tier": 0,
        "request": "w1.r4",
        "segment_index": 4
      },
      {
        "cache_owner": "main.r0",
        "epic_prefix_rows": [
          0,
          1,
          2,
          3,
          4,
          5,
          6,
          7
        ],
        "fingerprint": "9ae87ab9d42e4990",
        "length": 256,
        "owner_tier": 0,
        "request": "w1.r4",
        "segment_index": 5
      },
      {
        "cache_owner": "main.r0",
        "epic_prefix_rows": [
          0,
          1,
          2,
          3,
          4,
          5,
          6,
          7
        ],
        "fingerprint": "4507ec10354b9a34",
        "length": 256,
        "owner_tier": 0,
        "request": "w1.r4",
        "segment_index": 6
      },
      {
        "cache_owner": "main.r0",
        "epic_prefix_rows": [
          0,
          1,
          2,
          3,
          4,
          5,
          6,
          7
        ],
        "fingerprint": "3efa0426917061ae",
        "length": 256,
        "owner_tier": 0,
        "request": "w1.r4",
        "segment_index": 7
      },
      {
        "cache_owner": "main.r0",
        "epic_prefix_rows": [
          0,
          1,
          2,
          3,
          4,
          5,
          6,
          7
        ],
        "fingerprint": "e646956386ed6749",
        "length": 256,
        "owner_tier": 0,
        "request": "w1.r4",
        "segment_index": 8
      },
      {
        "cache_owner": "main.r0",
        "epic_prefix_rows": [
          0,
          1,
          2,
          3,
          4,
          5,
          6,
          7
        ],
        "fingerprint": "f6e2ee9cb02b549b",
        "length": 256,
        "owner_tier": 0,
        "request": "w1.r4",
        "segment_index": 9
      },
      {
        "cache_owner": "main.r0",
        "epic_prefix_rows": [
          0,
          1,
          2,
          3,
          4,
          5,
          6,
          7
        ],
        "fingerprint": "859509070aaad92f",
        "length": 256,
        "owner_tier": 0,
        "request": "w1.r4",
        "segment_index": 10
      },
      {
        "cache_owner": "main.r0",
        "epic_prefix_rows": [
          0,
          1,
          2,
          3,
          4,
          5,
          6,
          7
        ],
        "fingerprint": "fcd577b876fb0572",
        "length": 256,
        "owner_tier": 0,
        "request": "w1.r4",
        "segment_index": 11
      },
      {
        "cache_owner": "main.r1",
        "epic_prefix_rows": [
          0,
          1,
          2,
          3,
          4,
          5,
          6,
          7
        ],
        "fingerprint": "b7b36c9cc0ffca1f",
        "length": 256,
        "owner_tier": 2,
        "request": "w1.r4",
        "segment_index": 12
      },
      {
        "cache_owner": "main.r1",
        "epic_prefix_rows": [
          0,
          1,
          2,
          3,
          4,
          5,
          6,
          7
        ],
        "fingerprint": "2ca95e1f99b62895",
        "length": 256,
        "owner_tier": 2,
        "request": "w1.r4",
        "segment_index": 13
      },
      {
        "cache_owner": "main.r1",
        "epic_prefix_rows": [
          0,
          1,
          2,
          3,
          4,
          5,
          6,
          7
        ],
        "fingerprint": "61981006a3087531",
        "length": 256,
        "owner_tier": 2,
        "request": "w1.r4",
        "segment_index": 14
      },
      {
        "cache_owner": "main.r1",
        "epic_prefix_rows": [
          0,
          1,
          2,
          3,
          4,
          5,
          6,
          7
        ],
        "fingerprint": "0676dfd47068e0df",
        "length": 256,
        "owner_tier": 2,
        "request": "w1.r4",
        "segment_index": 15
      },
      {
        "cache_owner": "main.r1",
        "epic_prefix_rows": [
          0,
          1,
          2,
          3,
          4,
          5,
          6,
          7
        ],
        "fingerprint": "7392f0dd8e833d02",
        "length": 256,
        "owner_tier": 2,
        "request": "w1.r4",
        "segment_index": 16
      },
      {
        "cache_owner": "main.r1",
        "epic_prefix_rows": [
          0,
          1,
          2,
          3,
          4,
          5,
          6,
          7
        ],
        "fingerprint": "2d9f547fcb304b0f",
        "length": 256,
        "owner_tier": 2,
        "request": "w1.r4",
        "segment_index": 17
      },
      {
        "cache_owner": "main.r1",
        "epic_prefix_rows": [
          0,
          1,
          2,
          3,
          4,
          5,
          6,
          7
        ],
        "fingerprint": "2524834b679c9169",
        "length": 256,
        "owner_tier": 2,
        "request": "w1.r4",
        "segment_index": 18
      },
      {
        "cache_owner": "main.r1",
        "epic_prefix_rows": [
          0,
          1,
          2,
          3,
          4,
          5,
          6,
          7
        ],
        "fingerprint": "5a8181f7e7879299",
        "length": 256,
        "owner_tier": 2,
        "request": "w1.r4",
        "segment_index": 19
      },
      {
        "cache_owner": "main.r1",
        "epic_prefix_rows": [
          0,
          1,
          2,
          3,
          4,
          5,
          6,
          7
        ],
        "fingerprint": "c4de161da65ad6d0",
        "length": 256,
        "owner_tier": 2,
        "request": "w1.r4",
        "segment_index": 20
      },
      {
        "cache_owner": "main.r2",
        "epic_prefix_rows": [
          0,
          1,
          2,
          3,
          4,
          5,
          6,
          7
        ],
        "fingerprint": "43c1199691fc3316",
        "length": 256,
        "owner_tier": 4,
        "request": "w1.r4",
        "segment_index": 21
      },
      {
        "cache_owner": "main.r2",
        "epic_prefix_rows": [
          0,
          1,
          2,
          3,
          4,
          5,
          6,
          7
        ],
        "fingerprint": "e0c1b33b1977de85",
        "length": 256,
        "owner_tier": 4,
        "request": "w1.r4",
        "segment_index": 22
      },
      {
        "cache_owner": "main.r2",
        "epic_prefix_rows": [
          0,
          1,
          2,
          3,
          4,
          5,
          6,
          7
        ],
        "fingerprint": "3597c2ab929b2fa2",
        "length": 256,
        "owner_tier": 4,
        "request": "w1.r4",
        "segment_index": 23
      },
      {
        "cache_owner": "main.r2",
        "epic_prefix_rows": [
          0,
          1,
          2,
          3,
          4,
          5,
          6,
          7
        ],
        "fingerprint": "ebb6ffbea2fb7f17",
        "length": 256,
        "owner_tier": 4,
        "request": "w1.r4",
        "segment_index": 24
      },
      {
        "cache_owner": "main.r2",
        "epic_prefix_rows": [
          0,
          1,
          2,
          3,
          4,
          5,
          6,
          7
        ],
        "fingerprint": "13069208a9b6ae52",
        "length": 256,
        "owner_tier": 4,
        "request": "w1.r4",
        "segment_index": 25
      },
      {
        "cache_owner": "main.r2",
        "epic_prefix_rows": [
          0,
          1,
          2,
          3,
          4,
          5,
          6,
          7
        ],
        "fingerprint": "96c6eb32a8099b39",
        "length": 256,
        "owner_tier": 4,
        "request": "w1.r4",
        "segment_index": 26
      },
      {
        "cache_owner": "main.r2",
        "epic_prefix_rows": [
          0,
          1,
          2,
          3,
          4,
          5,
          6,
          7
        ],
        "fingerprint": "07f759914ec5d44c",
        "length": 256,
        "owner_tier": 4,
        "request": "w1.r4",
        "segment_index": 27
      },
      {
        "cache_owner": "main.r2",
        "epic_prefix_rows": [
          0,
          1,
          2,
          3,
          4,
          5,
          6,
          7
        ],
        "fingerprint": "66dba080f71780ec",
        "length": 256,
        "owner_tier": 4,
        "request": "w1.r4",
        "segment_index": 28
      },
      {
        "cache_owner": "main.r2",
        "epic_prefix_rows": [
          0,
          1,
          2,
          3,
          4,
          5,
          6,
          7
        ],
        "fingerprint": "f5cbe9c563f8d865",
        "length": 256,
        "owner_tier": 4,
        "request": "w1.r4",
        "segment_index": 29
      },
      {
        "cache_owner": "main.r2",
        "epic_prefix_rows": [
          0,
          1,
          2,
          3,
          4,
          5,
          6,
          7
        ],
        "fingerprint": "2bd3429ac7619aa9",
        "length": 256,
        "owner_tier": 4,
        "request": "w1.r4",
        "segment_index": 30
      },
      {
        "cache_owner": "main.r3",
        "epic_prefix_rows": [
          0,
          1,
          2,
          3,
          4,
          5,
          6,
          7
        ],
        "fingerprint": "7e497667b297c845",
        "length": 256,
        "owner_tier": 6,
        "request": "w1.r4",
        "segment_index": 31
      },
      {
        "cache_owner": "main.r3",
        "epic_prefix_rows": [
          0,
          1,
          2,
          3,
          4,
          5,
          6,
          7
        ],
        "fingerprint": "37b4718978e1500a",
        "length": 256,
        "owner_tier": 6,
        "request": "w1.r4",
        "segment_index": 32
      },
      {
        "cache_owner": "main.r3",
        "epic_prefix_rows": [
          0,
          1,
          2,
          3,
          4,
          5,
          6,
          7
        ],
        "fingerprint": "a03f8799509acc24",
        "length": 256,
        "owner_tier": 6,
        "request": "w1.r4",
        "segment_index": 33
      },
      {
        "cache_owner": "main.r3",
        "epic_prefix_rows": [
          0,
          1,
          2,
          3,
          4,
          5,
          6,
          7
        ],
        "fingerprint": "810508acd012e8a7",
        "length": 256,
        "owner_tier": 6,
        "request": "w1.r4",
        "segment_index": 34
      },
      {
        "cache_owner": "main.r3",
        "epic_prefix_rows": [
          0,
          1,
          2,
          3,
          4,
          5,
          6,
          7
        ],
        "fingerprint": "b03fe1ff7b59999e",
        "length": 256,
        "owner_tier": 6,
        "request": "w1.r4",
        "segment_index": 35
      },
      {
        "cache_owner": "main.r3",
        "epic_prefix_rows": [
          0,
          1,
          2,
          3,
          4,
          5,
          6,
          7
        ],
        "fingerprint": "40596d9bc8f60e23",
        "length": 256,
        "owner_tier": 6,
        "request": "w1.r4",
        "segment_index": 36
      },
      {
        "cache_owner": "main.r3",
        "epic_prefix_rows": [
          0,
          1,
          2,
          3,
          4,
          5,
          6,
          7
        ],
        "fingerprint": "a4cee309986b1e06",
        "length": 256,
        "owner_tier": 6,
        "request": "w1.r4",
        "segment_index": 37
      },
      {
        "cache_owner": "main.r3",
        "epic_prefix_rows": [
          0,
          1,
          2,
          3,
          4,
          5,
          6,
          7
        ],
        "fingerprint": "8b3f6b908f9ada23",
        "length": 256,
        "owner_tier": 6,
        "request": "w1.r4",
        "segment_index": 38
      },
      {
        "cache_owner": "main.r3",
        "epic_prefix_rows": [
          0,
          1,
          2,
          3,
          4,
          5,
          6,
          7
        ],
        "fingerprint": "081e2fb018d14722",
        "length": 256,
        "owner_tier": 6,
        "request": "w1.r4",
        "segment_index": 39
      },
      {
        "cache_owner": "main.r4",
        "epic_prefix_rows": [
          0,
          1,
          2,
          3,
          4,
          5,
          6,
          7
        ],
        "fingerprint": "2e2e4ec7bea151a3",
        "length": 256,
        "owner_tier": 8,
        "request": "w1.r4",
        "segment_index": 40
      },
      {
        "cache_owner": "main.r4",
        "epic_prefix_rows": [
          0,
          1,
          2,
          3,
          4,
          5,
          6,
          7
        ],
        "fingerprint": "d6322cc683bef95e",
        "length": 256,
        "owner_tier": 8,
        "request": "w1.r4",
        "segment_index": 41
      },
      {
        "cache_owner": "main.r4",
        "epic_prefix_rows": [
          0,
          1,
          2,
          3,
          4,
          5,
          6,
          7
        ],
        "fingerprint": "e4842b8c181ae3d5",
        "length": 256,
        "owner_tier": 8,
        "request": "w1.r4",
        "segment_index": 42
      },
      {
        "cache_owner": "main.r4",
        "epic_prefix_rows": [
          0,
          1,
          2,
          3,
          4,
          5,
          6,
          7
        ],
        "fingerprint": "5e174838e9cbf6a1",
        "length": 256,
        "owner_tier": 8,
        "request": "w1.r4",
        "segment_index": 43
      },
      {
        "cache_owner": "main.r4",
        "epic_prefix_rows": [
          0,
          1,
          2,
          3,
          4,
          5,
          6,
          7
        ],
        "fingerprint": "10c96afa4bbc66d5",
        "length": 256,
        "owner_tier": 8,
        "request": "w1.r4",
        "segment_index": 44
      },
      {
        "cache_owner": "main.r4",
        "epic_prefix_rows": [
          0,
          1,
          2,
          3,
          4,
          5,
          6,
          7
        ],
        "fingerprint": "1ea14890787fda60",
        "length": 256,
        "owner_tier": 8,
        "request": "w1.r4",
        "segment_index": 45
      },
      {
        "cache_owner": "main.r4",
        "epic_prefix_rows": [
          0,
          1,
          2,
          3,
          4,
          5,
          6,
          7
        ],
        "fingerprint": "11496dd68804155f",
        "length": 256,
        "owner_tier": 8,
        "request": "w1.r4",
        "segment_index": 46
      },
      {
        "cache_owner": "main.r4",
        "epic_prefix_rows": [
          0,
          1,
          2,
          3,
          4,
          5,
          6,
          7
        ],
        "fingerprint": "1693bfd182384371",
        "length": 256,
        "owner_tier": 8,
        "request": "w1.r4",
        "segment_index": 47
      },
      {
        "cache_owner": "main.r4",
        "epic_prefix_rows": [
          0,
          1,
          2,
          3,
          4,
          5,
          6,
          7
        ],
        "fingerprint": "d42e4e61fbbbf1c3",
        "length": 256,
        "owner_tier": 8,
        "request": "w1.r4",
        "segment_index": 48
      },
      {
        "cache_owner": "main.r4",
        "epic_prefix_rows": [
          0,
          1,
          2,
          3,
          4,
          5,
          6,
          7
        ],
        "fingerprint": "43fff286665785fb",
        "length": 128,
        "owner_tier": 8,
        "request": "w2.r4",
        "segment_index": 0
      },
      {
        "cache_owner": "w0.r0",
        "epic_prefix_rows": [],
        "fingerprint": "c50748f2a87b6838",
        "length": 300,
        "owner_tier": 1,
        "request": "w2.r4",
        "segment_index": 1
      },
      {
        "cache_owner": "main.r0",
        "epic_prefix_rows": [
          0,
          1,
          2,
          3,
          4,
          5,
          6,
          7
        ],
        "fingerprint": "20a4bd865a5b229e",
        "length": 256,
        "owner_tier": 0,
        "request": "w2.r4",
        "segment_index": 2
      },
      {
        "cache_owner": "main.r0",
        "epic_prefix_rows": [
          0,
          1,
          2,
          3,
          4,
          5,
          6,
          7
        ],
        "fingerprint": "9ab6734a754c1b9d",
        "length": 256,
        "owner_tier": 0,
        "request": "w2.r4",
        "segment_index": 3
      },
      {
        "cache_owner": "main.r0",
        "epic_prefix_rows": [
          0,
          1,
          2,
          3,
          4,
          5,
          6,
          7
        ],
        "fingerprint": "d08a027d3c65b5e6",
        "length": 256,
        "owner_tier": 0,
        "request": "w2.r4",
        "segment_index": 4
      },
      {
        "cache_owner": "main.r0",
        "epic_prefix_rows": [
          0,
          1,
          2,
          3,
          4,
          5,
          6,
          7
        ],
        "fingerprint": "9ae87ab9d42e4990",
        "length": 256,
        "owner_tier": 0,
        "request": "w2.r4",
        "segment_index": 5
      },
      {
        "cache_owner": "main.r0",
        "epic_prefix_rows": [
          0,
          1,
          2,
          3,
          4,
          5,
          6,
          7
        ],
        "fingerprint": "4507ec10354b9a34",
        "length": 256,
        "owner_tier": 0,
        "request": "w2.r4",
        "segment_index": 6
      },
      {
        "cache_owner": "main.r0",
        "epic_prefix_rows": [
          0,
          1,
          2,
          3,
          4,
          5,
          6,
          7
        ],
        "fingerprint": "3efa0426917061ae",
        "length": 256,
        "owner_tier": 0,
        "request": "w2.r4",
        "segment_index": 7
      },
      {
        "cache_owner": "main.r0",
        "epic_prefix_rows": [
          0,
          1,
          2,
          3,
          4,
          5,
          6,
          7
        ],
        "fingerprint": "e646956386ed6749",
        "length": 256,
        "owner_tier": 0,
        "request": "w2.r4",
        "segment_index": 8
      },
      {
        "cache_owner": "main.r0",
        "epic_prefix_rows": [
          0,
          1,
          2,
          3,
          4,
          5,
          6,
          7
        ],
        "fingerprint": "f6e2ee9cb02b549b",
        "length": 256,
        "owner_tier": 0,
        "request": "w2.r4",
        "segment_index": 9
      },
      {
        "cache_owner": "main.r0",
        "epic_prefix_rows": [
          0,
          1,
          2,
          3,
          4,
          5,
          6,
          7
        ],
        "fingerprint": "859509070aaad92f",
        "length": 256,
        "owner_tier": 0,
        "request": "w2.r4",
        "segment_index": 10
      },
      {
        "cache_owner": "main.r0",
        "epic_prefix_rows": [
          0,
          1,
          2,
          3,
          4,
          5,
          6,
          7
        ],
        "fingerprint": "fcd577b876fb0572",
        "length": 256,
        "owner_tier": 0,
        "request": "w2.r4",
        "segment_index": 11
      },
      {
        "cache_owner": "main.r1",
        "epic_prefix_rows": [
          0,
          1,
          2,
          3,
          4,
          5,
          6,
          7
        ],
        "fingerprint": "b7b36c9cc0ffca1f",
        "length": 256,
        "owner_tier": 2,
        "request": "w2.r4",
        "segment_index": 12
      },
      {
        "cache_owner": "main.r1",
        "epic_prefix_rows": [
          0,
          1,
          2,
          3,
          4,
          5,
          6,
          7
        ],
        "fingerprint": "2ca95e1f99b62895",
        "length": 256,
        "owner_tier": 2,
        "request": "w2.r4",
        "segment_index": 13
      },
      {
        "cache_owner": "main.r1",
        "epic_prefix_rows": [
          0,
          1,
          2,
          3,
          4,
          5,
          6,
          7
        ],
        "fingerprint": "61981006a3087531",
        "length": 256,
        "owner_tier": 2,
        "request": "w2.r4",
        "segment_index": 14
      },
      {
        "cache_owner": "main.r1",
        "epic_prefix_rows": [
          0,
          1,
          2,
          3,
          4,
          5,
          6,
          7
        ],
        "fingerprint": "0676dfd47068e0df",
        "length": 256,
        "owner_tier": 2,
        "request": "w2.r4",
        "segment_index": 15
      },
      {
        "cache_owner": "main.r1",
        "epic_prefix_rows": [
          0,
          1,
          2,
          3,
          4,
          5,
          6,
          7
        ],
        "fingerprint": "7392f0dd8e833d02",
        "length": 256,
        "owner_tier": 2,
        "request": "w2.r4",
        "segment_index": 16
      },
      {
        "cache_owner": "main.r1",
        "epic_prefix_rows": [
          0,
          1,
          2,
          3,
          4,
          5,
          6,
          7
        ],
        "fingerprint": "2d9f547fcb304b0f",
        "length": 256,
        "owner_tier": 2,
        "request": "w2.r4",
        "segment_index": 17
      },
      {
        "cache_owner": "main.r1",
        "epic_prefix_rows": [
          0,
          1,
          2,
          3,
          4,
          5,
          6,
          7
        ],
        "fingerprint": "2524834b679c9169",
        "length": 256,
        "owner_tier": 2,
        "request": "w2.r4",
        "segment_index": 18
      },
      {
        "cache_owner": "main.r1",
        "epic_prefix_rows": [
          0,
          1,
          2,
          3,
          4,
          5,
          6,
          7
        ],
        "fingerprint": "5a8181f7e7879299",
        "length": 256,
        "owner_tier": 2,
        "request": "w2.r4",
        "segment_index": 19
      },
      {
        "cache_owner": "main.r1",
        "epic_prefix_rows": [
          0,
          1,
          2,
          3,
          4,
          5,
          6,
          7
        ],
        "fingerprint": "c4de161da65ad6d0",
        "length": 256,
        "owner_tier": 2,
        "request": "w2.r4",
        "segment_index": 20
      },
      {
        "cache_owner": "main.r2",
        "epic_prefix_rows": [
          0,
          1,
          2,
          3,
          4,
          5,
          6,
          7
        ],
        "fingerprint": "43c1199691fc3316",
        "length": 256,
        "owner_tier": 4,
        "request": "w2.r4",
        "segment_index": 21
      },
      {
        "cache_owner": "main.r2",
        "epic_prefix_rows": [
          0,
          1,
          2,
          3,
          4,
          5,
          6,
          7
        ],
        "fingerprint": "e0c1b33b1977de85",
        "length": 256,
        "owner_tier": 4,
        "request": "w2.r4",
        "segment_index": 22
      },
      {
        "cache_owner": "main.r2",
        "epic_prefix_rows": [
          0,
          1,
          2,
          3,
          4,
          5,
          6,
          7
        ],
        "fingerprint": "3597c2ab929b2fa2",
        "length": 256,
        "owner_tier": 4,
        "request": "w2.r4",
        "segment_index": 23
      },
      {
        "cache_owner": "main.r2",
        "epic_prefix_rows": [
          0,
          1,
          2,
          3,
          4,
          5,
          6,
          7
        ],
        "fingerprint": "ebb6ffbea2fb7f17",
        "length": 256,
        "owner_tier": 4,
        "request": "w2.r4",
        "segment_index": 24
      },
      {
        "cache_owner": "main.r2",
        "epic_prefix_rows": [
          0,
          1,
          2,
          3,
          4,
          5,
          6,
          7
        ],
        "fingerprint": "13069208a9b6ae52",
        "length": 256,
        "owner_tier": 4,
        "request": "w2.r4",
        "segment_index": 25
      },
      {
        "cache_owner": "main.r2",
        "epic_prefix_rows": [
          0,
          1,
          2,
          3,
          4,
          5,
          6,
          7
        ],
        "fingerprint": "96c6eb32a8099b39",
        "length": 256,
        "owner_tier": 4,
        "request": "w2.r4",
        "segment_index": 26
      },
      {
        "cache_owner": "main.r2",
        "epic_prefix_rows": [
          0,
          1,
          2,
          3,
          4,
          5,
          6,
          7
        ],
        "fingerprint": "07f759914ec5d44c",
        "length": 256,
        "owner_tier": 4,
        "request": "w2.r4",
        "segment_index": 27
      },
      {
        "cache_owner": "main.r2",
        "epic_prefix_rows": [
          0,
          1,
          2,
          3,
          4,
          5,
          6,
          7
        ],
        "fingerprint": "66dba080f71780ec",
        "length": 256,
        "owner_tier": 4,
        "request": "w2.r4",
        "segment_index": 28
      },
      {
        "cache_owner": "main.r2",
        "epic_prefix_rows": [
          0,
          1,
          2,
          3,
          4,
          5,
          6,
          7
        ],
        "fingerprint": "f5cbe9c563f8d865",
        "length": 256,
        "owner_tier": 4,
        "request": "w2.r4",
        "segment_index": 29
      },
      {
        "cache_owner": "main.r2",
        "epic_prefix_rows": [
          0,
          1,
          2,
          3,
          4,
          5,
          6,
          7
        ],
        "fingerprint": "2bd3429ac7619aa9",
        "length": 256,
        "owner_tier": 4,
        "request": "w2.r4",
        "segment_index": 30
      },
      {
        "cache_owner": "main.r3",
        "epic_prefix_rows": [
          0,
          1,
          2,
          3,
          4,
          5,
          6,
          7
        ],
        "fingerprint": "7e497667b297c845",
        "length": 256,
        "owner_tier": 6,
        "request": "w2.r4",
        "segment_index": 31
      },
      {
        "cache_owner": "main.r3",
        "epic_prefix_rows": [
          0,
          1,
          2,
          3,
          4,
          5,
          6,
          7
        ],
        "fingerprint": "37b4718978e1500a",
        "length": 256,
        "owner_tier": 6,
        "request": "w2.r4",
        "segment_index": 32
      },
      {
        "cache_owner": "main.r3",
        "epic_prefix_rows": [
          0,
          1,
          2,
          3,
          4,
          5,
          6,
          7
        ],
        "fingerprint": "a03f8799509acc24",
        "length": 256,
        "owner_tier": 6,
        "request": "w2.r4",
        "segment_index": 33
      },
      {
        "cache_owner": "main.r3",
        "epic_prefix_rows": [
          0,
          1,
          2,
          3,
          4,
          5,
          6,
          7
        ],
        "fingerprint": "810508acd012e8a7",
        "length": 256,
        "owner_tier": 6,
        "request": "w2.r4",
        "segment_index": 34
      },
      {
        "cache_owner": "main.r3",
        "epic_prefix_rows": [
          0,
          1,
          2,
          3,
          4,
          5,
          6,
          7
        ],
        "fingerprint": "b03fe1ff7b59999e",
        "length": 256,
        "owner_tier": 6,
        "request": "w2.r4",
        "segment_index": 35
      },
      {
        "cache_owner": "main.r3",
        "epic_prefix_rows": [
          0,
          1,
          2,
          3,
          4,
          5,
          6,
          7
        ],
        "fingerprint": "40596d9bc8f60e23",
        "length": 256,
        "owner_tier": 6,
        "request": "w2.r4",
        "segment_index": 36
      },
      {
        "cache_owner": "main.r3",
        "epic_prefix_rows": [
          0,
          1,
          2,
          3,
          4,
          5,
          6,
          7
        ],
        "fingerprint": "a4cee309986b1e06",
        "length": 256,
        "owner_tier": 6,
        "request": "w2.r4",
        "segment_index": 37
      },
      {
        "cache_owner": "main.r3",
        "epic_prefix_rows": [
          0,
          1,
          2,
          3,
          4,
          5,
          6,
          7
        ],
        "fingerprint": "8b3f6b908f9ada23",
        "length": 256,
        "owner_tier": 6,
        "request": "w2.r4",
        "segment_index": 38
      },
      {
        "cache_owner": "main.r3",
        "epic_prefix_rows": [
          0,
          1,
          2,
          3,
          4,
          5,
          6,
          7
        ],
        "fingerprint": "081e2fb018d14722",
        "length": 256,
        "owner_tier": 6,
        "request": "w2.r4",
        "segment_index": 39
      },
      {
        "cache_owner": "main.r4",
        "epic_prefix_rows": [
          0,
          1,
          2,
          3,
          4,
          5,
          6,
          7
        ],
        "fingerprint": "2e2e4ec7bea151a3",
        "length": 256,
        "owner_tier": 8,
        "request": "w2.r4",
        "segment_index": 40
      },
      {
        "cache_owner": "main.r4",
        "epic_prefix_rows": [
          0,
          1,
          2,
          3,
          4,
          5,
          6,
          7
        ],
        "fingerprint": "d6322cc683bef95e",
        "length": 256,
        "owner_tier": 8,
        "request": "w2.r4",
        "segment_index": 41
      },
      {
        "cache_owner": "main.r4",
        "epic_prefix_rows": [
          0,
          1,
          2,
          3,
          4,
          5,
          6,
          7
        ],
        "fingerprint": "e4842b8c181ae3d5",
        "length": 256,
        "owner_tier": 8,
        "request": "w2.r4",
        "segment_index": 42
      },
      {
        "cache_owner": "main.r4",
        "epic_prefix_rows": [
          0,
          1,
          2,
          3,
          4,
          5,
          6,
          7
        ],
        "fingerprint": "5e174838e9cbf6a1",
        "length": 256,
        "owner_tier": 8,
        "request": "w2.r4",
        "segment_index": 43
      },
      {
        "cache_owner": "main.r4",
        "epic_prefix_rows": [
          0,
          1,
          2,
          3,
          4,
          5,
          6,
          7
        ],
        "fingerprint": "10c96afa4bbc66d5",
        "length": 256,
        "owner_tier": 8,
        "request": "w2.r4",
        "segment_index": 44
      },
      {
        "cache_owner": "main.r4",
        "epic_prefix_rows": [
          0,
          1,
          2,
          3,
          4,
          5,
          6,
          7
        ],
        "fingerprint": "1ea14890787fda60",
        "length": 256,
        "owner_tier": 8,
        "request": "w2.r4",
        "segment_index": 45
      },
      {
        "cache_owner": "main.r4",
        "epic_prefix_rows": [
          0,
          1,
          2,
          3,
          4,
          5,
          6,
          7
        ],
        "fingerprint": "11496dd68804155f",
        "length": 256,
        "owner_tier": 8,
        "request": "w2.r4",
        "segment_index": 46
      },
      {
        "cache_owner": "main.r4",
        "epic_prefix_rows": [
          0,
          1,
          2,
          3,
          4,
          5,
          6,
          7
        ],
        "fingerprint": "1693bfd182384371",
        "length": 256,
        "owner_tier": 8,
        "request": "w2.r4",
        "segment_index": 47
      },
      {
        "cache_owner": "main.r4",
        "epic_prefix_rows": [
          0,
          1,
          2,
          3,
          4,
          5,
          6,
          7
        ],
        "fingerprint": "d42e4e61fbbbf1c3",
        "length": 256,
        "owner_tier": 8,
        "request": "w2.r4",
        "segment_index": 48
      }
    ],
    "reused_tokens": 141032
  },
  "tiers": {
    "0": [
      "main.r0"
    ],
    "1": [
      "w0.r0",
      "w1.r0",
      "w2.r0"
    ],
    "2": [
      "main.r1"
    ],
    "3": [
      "w0.r1",
      "w1.r1",
      "w2.r1"
    ],
    "4": [
      "main.r2"
    ],
    "5": [
      "w0.r2",
      "w1.r2",
      "w2.r2"
    ],
    "6": [
      "main.r3"
    ],
    "7": [
      "w0.r3",
      "w1.r3",
      "w2.r3"
    ],
    "8": [
      "main.r4"
    ],
    "9": [
      "w0.r4",
      "w1.r4",
      "w2.r4"
    ]
  },
  "total_history_tokens": 217848,
  "total_input_tokens": 156936,
  "total_output_tokens": 4480
}
dgx-attacc: (A100a x 8), PIM:bank, [Lin, Lout, batch]: [2048, 128, 1]
Wrote ablation report to /data2/chenyi9/KV-PIM/attacc_drampim_xinyao/output/20260828-173145_workload_star_repair_r5w3k47_LLAMA3-8B_k8/dag_A4.json
REPORT_SUMMARY {"ablation": "A4", "decode_attn": "pim", "energy_nj": 4807277839138.913, "engine": "dag", "event_count": 3468934, "kv_mapping": "master-diff", "link_bytes": 25846958890, "makespan_s": 14.861629202587242, "pim_prefill_mode": "gpu", "policy": "recompute"}
