{
  "kind": "supervisor",
  "requests": 20,
  "reuse": {
    "cacheblend_full_recompute_layers": [],
    "cacheblend_partial_recompute_layers": [],
    "cacheblend_partial_rows": {},
    "cacheblend_recompute_ratio": 0.0,
    "cachecraft_alpha": 0.05,
    "epic_prefix_recompute_tokens": 32,
    "fresh_tokens": 15904,
    "policy": "recompute",
    "random_seed": 0,
    "recompute_canonical": false,
    "reusable_segments": [
      {
        "cache_owner": "main.r0",
        "epic_prefix_rows": [
          5,
          12,
          17,
          18,
          27,
          32,
          33,
          36,
          38,
          39,
          45,
          51,
          53,
          61,
          62,
          64,
          65,
          68,
          74,
          77,
          79,
          90,
          96,
          97,
          98,
          100,
          102,
          105,
          106,
          109,
          113,
          117
        ],
        "fingerprint": "44b4023e3d1d63e6",
        "length": 128,
        "owner_tier": 0,
        "request": "w0.r0",
        "segment_index": 0
      },
      {
        "cache_owner": "main.r0",
        "epic_prefix_rows": [
          3,
          15,
          23,
          25,
          37,
          52,
          66,
          80,
          84,
          90,
          102,
          111,
          113,
          120,
          122,
          133,
          140,
          141,
          143,
          156,
          163,
          175,
          181,
          184,
          200,
          206,
          211,
          215,
          217,
          221,
          230,
          233
        ],
        "fingerprint": "20a4bd865a5b229e",
        "length": 256,
        "owner_tier": 0,
        "request": "w0.r0",
        "segment_index": 2
      },
      {
        "cache_owner": "main.r0",
        "epic_prefix_rows": [
          0,
          16,
          20,
          23,
          27,
          36,
          48,
          56,
          61,
          62,
          74,
          77,
          81,
          83,
          85,
          114,
          125,
          126,
          130,
          139,
          141,
          145,
          156,
          180,
          186,
          205,
          211,
          222,
          224,
          234,
          238,
          251
        ],
        "fingerprint": "9ab6734a754c1b9d",
        "length": 256,
        "owner_tier": 0,
        "request": "w0.r0",
        "segment_index": 3
      },
      {
        "cache_owner": "main.r0",
        "epic_prefix_rows": [
          8,
          17,
          23,
          47,
          48,
          52,
          61,
          63,
          66,
          73,
          74,
          81,
          85,
          98,
          113,
          121,
          138,
          140,
          147,
          150,
          152,
          154,
          156,
          168,
          204,
          208,
          210,
          233,
          236,
          246,
          247,
          254
        ],
        "fingerprint": "d08a027d3c65b5e6",
        "length": 256,
        "owner_tier": 0,
        "request": "w0.r0",
        "segment_index": 4
      },
      {
        "cache_owner": "main.r0",
        "epic_prefix_rows": [
          9,
          20,
          33,
          38,
          45,
          55,
          60,
          70,
          100,
          107,
          133,
          134,
          138,
          148,
          150,
          173,
          174,
          179,
          180,
          193,
          207,
          211,
          212,
          214,
          215,
          217,
          224,
          229,
          236,
          245,
          249,
          254
        ],
        "fingerprint": "9ae87ab9d42e4990",
        "length": 256,
        "owner_tier": 0,
        "request": "w0.r0",
        "segment_index": 5
      },
      {
        "cache_owner": "main.r0",
        "epic_prefix_rows": [
          4,
          21,
          29,
          43,
          48,
          56,
          62,
          69,
          83,
          85,
          91,
          95,
          109,
          115,
          124,
          126,
          140,
          150,
          156,
          161,
          164,
          169,
          179,
          180,
          187,
          203,
          208,
          216,
          234,
          239,
          243,
          248
        ],
        "fingerprint": "4507ec10354b9a34",
        "length": 256,
        "owner_tier": 0,
        "request": "w0.r0",
        "segment_index": 6
      },
      {
        "cache_owner": "main.r0",
        "epic_prefix_rows": [
          6,
          9,
          11,
          18,
          23,
          25,
          29,
          30,
          31,
          37,
          48,
          56,
          94,
          100,
          136,
          146,
          147,
          154,
          155,
          162,
          174,
          178,
          200,
          209,
          212,
          213,
          218,
          232,
          234,
          239,
          245,
          255
        ],
        "fingerprint": "3efa0426917061ae",
        "length": 256,
        "owner_tier": 0,
        "request": "w0.r0",
        "segment_index": 7
      },
      {
        "cache_owner": "main.r0",
        "epic_prefix_rows": [
          5,
          11,
          15,
          17,
          18,
          25,
          31,
          46,
          47,
          49,
          53,
          56,
          66,
          77,
          89,
          108,
          111,
          119,
          122,
          128,
          139,
          158,
          165,
          173,
          183,
          186,
          204,
          213,
          239,
          244,
          246,
          248
        ],
        "fingerprint": "e646956386ed6749",
        "length": 256,
        "owner_tier": 0,
        "request": "w0.r0",
        "segment_index": 8
      },
      {
        "cache_owner": "main.r0",
        "epic_prefix_rows": [
          14,
          20,
          25,
          30,
          40,
          41,
          43,
          51,
          52,
          64,
          66,
          87,
          91,
          100,
          113,
          120,
          135,
          145,
          152,
          172,
          173,
          178,
          179,
          187,
          196,
          201,
          214,
          216,
          230,
          231,
          235,
          254
        ],
        "fingerprint": "f6e2ee9cb02b549b",
        "length": 256,
        "owner_tier": 0,
        "request": "w0.r0",
        "segment_index": 9
      },
      {
        "cache_owner": "main.r0",
        "epic_prefix_rows": [
          3,
          11,
          20,
          34,
          39,
          61,
          64,
          71,
          79,
          85,
          89,
          91,
          99,
          104,
          117,
          120,
          130,
          139,
          143,
          145,
          166,
          168,
          174,
          176,
          189,
          195,
          214,
          223,
          230,
          233,
          234,
          254
        ],
        "fingerprint": "859509070aaad92f",
        "length": 256,
        "owner_tier": 0,
        "request": "w0.r0",
        "segment_index": 10
      },
      {
        "cache_owner": "main.r0",
        "epic_prefix_rows": [
          0,
          20,
          33,
          40,
          49,
          57,
          61,
          73,
          79,
          85,
          90,
          91,
          96,
          99,
          106,
          114,
          151,
          152,
          156,
          158,
          162,
          163,
          166,
          172,
          178,
          183,
          191,
          212,
          218,
          228,
          242,
          246
        ],
        "fingerprint": "fcd577b876fb0572",
        "length": 256,
        "owner_tier": 0,
        "request": "w0.r0",
        "segment_index": 11
      },
      {
        "cache_owner": "main.r0",
        "epic_prefix_rows": [
          0,
          4,
          5,
          6,
          8,
          20,
          21,
          24,
          33,
          39,
          41,
          51,
          53,
          57,
          59,
          62,
          63,
          67,
          71,
          72,
          77,
          84,
          89,
          90,
          96,
          98,
          106,
          111,
          115,
          121,
          123,
          126
        ],
        "fingerprint": "44b4023e3d1d63e6",
        "length": 128,
        "owner_tier": 0,
        "request": "w1.r0",
        "segment_index": 0
      },
      {
        "cache_owner": "w0.r0",
        "epic_prefix_rows": [],
        "fingerprint": "c50748f2a87b6838",
        "length": 300,
        "owner_tier": 1,
        "request": "w1.r0",
        "segment_index": 1
      },
      {
        "cache_owner": "main.r0",
        "epic_prefix_rows": [
          0,
          3,
          25,
          30,
          33,
          42,
          46,
          48,
          50,
          54,
          71,
          77,
          80,
          102,
          106,
          135,
          155,
          156,
          166,
          172,
          173,
          176,
          183,
          185,
          193,
          210,
          214,
          223,
          235,
          243,
          245,
          251
        ],
        "fingerprint": "20a4bd865a5b229e",
        "length": 256,
        "owner_tier": 0,
        "request": "w1.r0",
        "segment_index": 2
      },
      {
        "cache_owner": "main.r0",
        "epic_prefix_rows": [
          4,
          5,
          10,
          20,
          29,
          34,
          39,
          52,
          65,
          70,
          71,
          88,
          101,
          115,
          133,
          160,
          165,
          166,
          167,
          174,
          202,
          204,
          209,
          217,
          218,
          220,
          223,
          227,
          233,
          236,
          243,
          255
        ],
        "fingerprint": "9ab6734a754c1b9d",
        "length": 256,
        "owner_tier": 0,
        "request": "w1.r0",
        "segment_index": 3
      },
      {
        "cache_owner": "main.r0",
        "epic_prefix_rows": [
          2,
          10,
          35,
          45,
          53,
          74,
          80,
          93,
          95,
          96,
          111,
          117,
          126,
          132,
          137,
          142,
          145,
          150,
          155,
          163,
          164,
          167,
          179,
          182,
          191,
          216,
          217,
          223,
          231,
          232,
          240,
          242
        ],
        "fingerprint": "d08a027d3c65b5e6",
        "length": 256,
        "owner_tier": 0,
        "request": "w1.r0",
        "segment_index": 4
      },
      {
        "cache_owner": "main.r0",
        "epic_prefix_rows": [
          9,
          10,
          12,
          23,
          29,
          33,
          38,
          41,
          45,
          61,
          69,
          74,
          75,
          77,
          78,
          85,
          86,
          92,
          94,
          101,
          122,
          133,
          140,
          149,
          158,
          183,
          187,
          199,
          202,
          219,
          252,
          254
        ],
        "fingerprint": "9ae87ab9d42e4990",
        "length": 256,
        "owner_tier": 0,
        "request": "w1.r0",
        "segment_index": 5
      },
      {
        "cache_owner": "main.r0",
        "epic_prefix_rows": [
          9,
          25,
          27,
          29,
          31,
          36,
          39,
          42,
          76,
          77,
          84,
          85,
          86,
          87,
          103,
          106,
          109,
          121,
          122,
          123,
          127,
          143,
          160,
          175,
          179,
          188,
          204,
          207,
          213,
          215,
          232,
          254
        ],
        "fingerprint": "4507ec10354b9a34",
        "length": 256,
        "owner_tier": 0,
        "request": "w1.r0",
        "segment_index": 6
      },
      {
        "cache_owner": "main.r0",
        "epic_prefix_rows": [
          2,
          15,
          16,
          21,
          22,
          25,
          50,
          55,
          56,
          66,
          74,
          94,
          98,
          100,
          108,
          114,
          125,
          132,
          142,
          149,
          163,
          173,
          182,
          191,
          192,
          201,
          206,
          235,
          245,
          248,
          249,
          254
        ],
        "fingerprint": "3efa0426917061ae",
        "length": 256,
        "owner_tier": 0,
        "request": "w1.r0",
        "segment_index": 7
      },
      {
        "cache_owner": "main.r0",
        "epic_prefix_rows": [
          7,
          10,
          16,
          26,
          29,
          30,
          37,
          49,
          50,
          51,
          53,
          55,
          65,
          85,
          91,
          96,
          101,
          110,
          115,
          117,
          127,
          134,
          159,
          164,
          173,
          179,
          192,
          204,
          210,
          218,
          221,
          231
        ],
        "fingerprint": "e646956386ed6749",
        "length": 256,
        "owner_tier": 0,
        "request": "w1.r0",
        "segment_index": 8
      },
      {
        "cache_owner": "main.r0",
        "epic_prefix_rows": [
          2,
          26,
          37,
          38,
          51,
          56,
          82,
          87,
          103,
          108,
          124,
          126,
          127,
          133,
          138,
          139,
          144,
          152,
          156,
          162,
          163,
          171,
          173,
          174,
          185,
          211,
          213,
          223,
          224,
          227,
          234,
          238
        ],
        "fingerprint": "f6e2ee9cb02b549b",
        "length": 256,
        "owner_tier": 0,
        "request": "w1.r0",
        "segment_index": 9
      },
      {
        "cache_owner": "main.r0",
        "epic_prefix_rows": [
          3,
          9,
          10,
          16,
          21,
          33,
          37,
          39,
          57,
          65,
          75,
          76,
          82,
          97,
          120,
          132,
          134,
          149,
          154,
          162,
          180,
          183,
          194,
          200,
          204,
          206,
          209,
          215,
          222,
          223,
          231,
          236
        ],
        "fingerprint": "859509070aaad92f",
        "length": 256,
        "owner_tier": 0,
        "request": "w1.r0",
        "segment_index": 10
      },
      {
        "cache_owner": "main.r0",
        "epic_prefix_rows": [
          8,
          19,
          23,
          38,
          41,
          52,
          74,
          84,
          95,
          97,
          109,
          117,
          128,
          129,
          132,
          135,
          137,
          146,
          153,
          167,
          173,
          191,
          193,
          194,
          203,
          204,
          206,
          220,
          222,
          229,
          230,
          232
        ],
        "fingerprint": "fcd577b876fb0572",
        "length": 256,
        "owner_tier": 0,
        "request": "w1.r0",
        "segment_index": 11
      },
      {
        "cache_owner": "main.r0",
        "epic_prefix_rows": [
          0,
          2,
          7,
          8,
          23,
          29,
          32,
          33,
          38,
          42,
          49,
          52,
          61,
          63,
          64,
          72,
          75,
          77,
          84,
          94,
          98,
          100,
          101,
          102,
          105,
          106,
          108,
          109,
          110,
          121,
          123,
          124
        ],
        "fingerprint": "44b4023e3d1d63e6",
        "length": 128,
        "owner_tier": 0,
        "request": "w2.r0",
        "segment_index": 0
      },
      {
        "cache_owner": "w0.r0",
        "epic_prefix_rows": [],
        "fingerprint": "c50748f2a87b6838",
        "length": 300,
        "owner_tier": 1,
        "request": "w2.r0",
        "segment_index": 1
      },
      {
        "cache_owner": "main.r0",
        "epic_prefix_rows": [
          9,
          14,
          20,
          32,
          36,
          38,
          61,
          73,
          83,
          85,
          90,
          98,
          105,
          106,
          117,
          119,
          123,
          125,
          154,
          156,
          164,
          172,
          178,
          183,
          186,
          207,
          212,
          221,
          227,
          239,
          241,
          244
        ],
        "fingerprint": "20a4bd865a5b229e",
        "length": 256,
        "owner_tier": 0,
        "request": "w2.r0",
        "segment_index": 2
      },
      {
        "cache_owner": "main.r0",
        "epic_prefix_rows": [
          5,
          8,
          15,
          24,
          25,
          26,
          28,
          33,
          38,
          49,
          82,
          86,
          88,
          98,
          119,
          120,
          125,
          140,
          153,
          156,
          157,
          158,
          161,
          166,
          179,
          198,
          199,
          200,
          225,
          242,
          245,
          252
        ],
        "fingerprint": "9ab6734a754c1b9d",
        "length": 256,
        "owner_tier": 0,
        "request": "w2.r0",
        "segment_index": 3
      },
      {
        "cache_owner": "main.r0",
        "epic_prefix_rows": [
          9,
          31,
          32,
          48,
          63,
          75,
          95,
          99,
          100,
          113,
          116,
          132,
          159,
          174,
          182,
          190,
          193,
          200,
          201,
          204,
          207,
          217,
          220,
          223,
          232,
          233,
          234,
          245,
          248,
          249,
          250,
          253
        ],
        "fingerprint": "d08a027d3c65b5e6",
        "length": 256,
        "owner_tier": 0,
        "request": "w2.r0",
        "segment_index": 4
      },
      {
        "cache_owner": "main.r0",
        "epic_prefix_rows": [
          6,
          10,
          11,
          19,
          23,
          55,
          58,
          65,
          107,
          124,
          128,
          133,
          134,
          145,
          146,
          160,
          161,
          170,
          178,
          182,
          198,
          199,
          202,
          209,
          224,
          226,
          227,
          230,
          239,
          241,
          244,
          249
        ],
        "fingerprint": "9ae87ab9d42e4990",
        "length": 256,
        "owner_tier": 0,
        "request": "w2.r0",
        "segment_index": 5
      },
      {
        "cache_owner": "main.r0",
        "epic_prefix_rows": [
          7,
          16,
          20,
          21,
          25,
          26,
          29,
          37,
          39,
          64,
          83,
          106,
          108,
          109,
          110,
          114,
          127,
          144,
          156,
          175,
          184,
          187,
          198,
          202,
          221,
          228,
          236,
          239,
          240,
          242,
          243,
          247
        ],
        "fingerprint": "4507ec10354b9a34",
        "length": 256,
        "owner_tier": 0,
        "request": "w2.r0",
        "segment_index": 6
      },
      {
        "cache_owner": "main.r0",
        "epic_prefix_rows": [
          0,
          1,
          2,
          6,
          7,
          18,
          31,
          36,
          45,
          52,
          53,
          59,
          75,
          88,
          89,
          91,
          93,
          94,
          152,
          168,
          172,
          176,
          177,
          180,
          187,
          191,
          209,
          212,
          228,
          230,
          253,
          254
        ],
        "fingerprint": "3efa0426917061ae",
        "length": 256,
        "owner_tier": 0,
        "request": "w2.r0",
        "segment_index": 7
      },
      {
        "cache_owner": "main.r0",
        "epic_prefix_rows": [
          7,
          20,
          26,
          28,
          33,
          36,
          40,
          47,
          53,
          66,
          74,
          75,
          78,
          83,
          85,
          88,
          92,
          96,
          116,
          119,
          121,
          122,
          136,
          141,
          148,
          151,
          162,
          181,
          219,
          224,
          245,
          252
        ],
        "fingerprint": "e646956386ed6749",
        "length": 256,
        "owner_tier": 0,
        "request": "w2.r0",
        "segment_index": 8
      },
      {
        "cache_owner": "main.r0",
        "epic_prefix_rows": [
          5,
          11,
          18,
          19,
          32,
          33,
          36,
          47,
          57,
          60,
          62,
          74,
          75,
          76,
          80,
          95,
          100,
          106,
          107,
          130,
          140,
          151,
          153,
          169,
          179,
          189,
          193,
          205,
          220,
          238,
          242,
          254
        ],
        "fingerprint": "f6e2ee9cb02b549b",
        "length": 256,
        "owner_tier": 0,
        "request": "w2.r0",
        "segment_index": 9
      },
      {
        "cache_owner": "main.r0",
        "epic_prefix_rows": [
          2,
          14,
          21,
          23,
          27,
          28,
          47,
          52,
          63,
          70,
          75,
          76,
          82,
          90,
          94,
          95,
          96,
          104,
          106,
          112,
          113,
          120,
          135,
          142,
          161,
          163,
          186,
          203,
          216,
          230,
          242,
          253
        ],
        "fingerprint": "859509070aaad92f",
        "length": 256,
        "owner_tier": 0,
        "request": "w2.r0",
        "segment_index": 10
      },
      {
        "cache_owner": "main.r0",
        "epic_prefix_rows": [
          0,
          22,
          36,
          44,
          47,
          52,
          63,
          75,
          78,
          87,
          90,
          102,
          107,
          110,
          114,
          116,
          118,
          123,
          133,
          158,
          161,
          163,
          178,
          179,
          193,
          196,
          203,
          212,
          237,
          239,
          251,
          252
        ],
        "fingerprint": "fcd577b876fb0572",
        "length": 256,
        "owner_tier": 0,
        "request": "w2.r0",
        "segment_index": 11
      },
      {
        "cache_owner": "main.r0",
        "epic_prefix_rows": [
          0,
          1,
          2,
          5,
          11,
          14,
          15,
          19,
          27,
          29,
          32,
          34,
          35,
          38,
          50,
          51,
          54,
          60,
          63,
          69,
          77,
          80,
          85,
          86,
          90,
          96,
          97,
          98,
          110,
          120,
          122,
          125
        ],
        "fingerprint": "44b4023e3d1d63e6",
        "length": 128,
        "owner_tier": 0,
        "request": "main.r1",
        "segment_index": 0
      },
      {
        "cache_owner": "main.r0",
        "epic_prefix_rows": [
          9,
          17,
          18,
          21,
          26,
          30,
          41,
          50,
          63,
          64,
          67,
          72,
          74,
          78,
          87,
          90,
          106,
          113,
          135,
          136,
          152,
          172,
          191,
          193,
          195,
          202,
          220,
          223,
          228,
          232,
          245,
          255
        ],
        "fingerprint": "20a4bd865a5b229e",
        "length": 256,
        "owner_tier": 0,
        "request": "main.r1",
        "segment_index": 4
      },
      {
        "cache_owner": "main.r0",
        "epic_prefix_rows": [
          26,
          30,
          31,
          34,
          35,
          40,
          53,
          71,
          74,
          95,
          97,
          102,
          103,
          105,
          113,
          133,
          136,
          139,
          144,
          145,
          146,
          151,
          160,
          162,
          178,
          189,
          199,
          201,
          231,
          244,
          250,
          254
        ],
        "fingerprint": "9ab6734a754c1b9d",
        "length": 256,
        "owner_tier": 0,
        "request": "main.r1",
        "segment_index": 5
      },
      {
        "cache_owner": "main.r0",
        "epic_prefix_rows": [
          6,
          13,
          15,
          35,
          36,
          55,
          76,
          81,
          90,
          100,
          106,
          113,
          120,
          121,
          122,
          125,
          126,
          128,
          143,
          159,
          161,
          166,
          171,
          177,
          190,
          227,
          239,
          245,
          247,
          250,
          251,
          255
        ],
        "fingerprint": "d08a027d3c65b5e6",
        "length": 256,
        "owner_tier": 0,
        "request": "main.r1",
        "segment_index": 6
      },
      {
        "cache_owner": "main.r0",
        "epic_prefix_rows": [
          0,
          1,
          5,
          10,
          17,
          20,
          29,
          36,
          48,
          58,
          69,
          73,
          74,
          92,
          101,
          134,
          146,
          158,
          163,
          171,
          175,
          179,
          186,
          189,
          192,
          216,
          221,
          223,
          236,
          243,
          250,
          252
        ],
        "fingerprint": "9ae87ab9d42e4990",
        "length": 256,
        "owner_tier": 0,
        "request": "main.r1",
        "segment_index": 7
      },
      {
        "cache_owner": "main.r0",
        "epic_prefix_rows": [
          33,
          37,
          43,
          47,
          53,
          80,
          84,
          89,
          98,
          99,
          107,
          109,
          111,
          113,
          114,
          117,
          125,
          134,
          165,
          175,
          181,
          183,
          202,
          206,
          228,
          229,
          233,
          238,
          242,
          251,
          254,
          255
        ],
        "fingerprint": "4507ec10354b9a34",
        "length": 256,
        "owner_tier": 0,
        "request": "main.r1",
        "segment_index": 8
      },
      {
        "cache_owner": "main.r0",
        "epic_prefix_rows": [
          8,
          12,
          14,
          21,
          22,
          44,
          47,
          50,
          52,
          59,
          76,
          93,
          99,
          112,
          131,
          150,
          156,
          162,
          163,
          173,
          180,
          181,
          190,
          192,
          203,
          222,
          231,
          240,
          243,
          246,
          251,
          255
        ],
        "fingerprint": "3efa0426917061ae",
        "length": 256,
        "owner_tier": 0,
        "request": "main.r1",
        "segment_index": 9
      },
      {
        "cache_owner": "main.r0",
        "epic_prefix_rows": [
          10,
          11,
          13,
          41,
          55,
          65,
          68,
          86,
          89,
          90,
          105,
          110,
          116,
          117,
          121,
          125,
          132,
          140,
          145,
          148,
          161,
          166,
          170,
          178,
          180,
          188,
          197,
          224,
          226,
          238,
          239,
          248
        ],
        "fingerprint": "e646956386ed6749",
        "length": 256,
        "owner_tier": 0,
        "request": "main.r1",
        "segment_index": 10
      },
      {
        "cache_owner": "main.r0",
        "epic_prefix_rows": [
          1,
          7,
          16,
          21,
          26,
          35,
          49,
          56,
          65,
          74,
          81,
          82,
          83,
          86,
          101,
          109,
          116,
          133,
          137,
          142,
          155,
          167,
          174,
          201,
          203,
          226,
          235,
          237,
          240,
          245,
          246,
          255
        ],
        "fingerprint": "f6e2ee9cb02b549b",
        "length": 256,
        "owner_tier": 0,
        "request": "main.r1",
        "segment_index": 11
      },
      {
        "cache_owner": "main.r0",
        "epic_prefix_rows": [
          2,
          11,
          18,
          20,
          22,
          48,
          51,
          53,
          61,
          64,
          65,
          77,
          78,
          79,
          88,
          94,
          98,
          117,
          123,
          132,
          134,
          141,
          172,
          182,
          186,
          188,
          214,
          220,
          222,
          223,
          248,
          254
        ],
        "fingerprint": "859509070aaad92f",
        "length": 256,
        "owner_tier": 0,
        "request": "main.r1",
        "segment_index": 12
      },
      {
        "cache_owner": "main.r0",
        "epic_prefix_rows": [
          12,
          19,
          20,
          21,
          25,
          30,
          39,
          54,
          61,
          100,
          105,
          109,
          112,
          117,
          126,
          143,
          156,
          185,
          193,
          195,
          207,
          209,
          211,
          212,
          226,
          234,
          235,
          236,
          246,
          249,
          253,
          255
        ],
        "fingerprint": "fcd577b876fb0572",
        "length": 256,
        "owner_tier": 0,
        "request": "main.r1",
        "segment_index": 13
      },
      {
        "cache_owner": "main.r1",
        "epic_prefix_rows": [
          10,
          13,
          16,
          23,
          25,
          28,
          29,
          31,
          33,
          34,
          35,
          36,
          37,
          40,
          45,
          55,
          56,
          59,
          62,
          65,
          68,
          69,
          71,
          77,
          78,
          81,
          91,
          99,
          100,
          107,
          111,
          122
        ],
        "fingerprint": "5d0a73473392c761",
        "length": 128,
        "owner_tier": 2,
        "request": "w0.r1",
        "segment_index": 0
      },
      {
        "cache_owner": "w0.r0",
        "epic_prefix_rows": [],
        "fingerprint": "c50748f2a87b6838",
        "length": 300,
        "owner_tier": 1,
        "request": "w0.r1",
        "segment_index": 1
      },
      {
        "cache_owner": "main.r0",
        "epic_prefix_rows": [
          1,
          8,
          12,
          25,
          30,
          31,
          44,
          55,
          58,
          63,
          69,
          72,
          91,
          98,
          106,
          109,
          131,
          137,
          144,
          157,
          165,
          168,
          172,
          182,
          187,
          188,
          189,
          200,
          219,
          225,
          242,
          254
        ],
        "fingerprint": "20a4bd865a5b229e",
        "length": 256,
        "owner_tier": 0,
        "request": "w0.r1",
        "segment_index": 2
      },
      {
        "cache_owner": "main.r0",
        "epic_prefix_rows": [
          3,
          6,
          16,
          33,
          35,
          43,
          56,
          59,
          61,
          73,
          78,
          83,
          93,
          95,
          101,
          122,
          129,
          132,
          141,
          144,
          149,
          160,
          162,
          172,
          189,
          207,
          212,
          224,
          230,
          236,
          239,
          245
        ],
        "fingerprint": "9ab6734a754c1b9d",
        "length": 256,
        "owner_tier": 0,
        "request": "w0.r1",
        "segment_index": 3
      },
      {
        "cache_owner": "main.r0",
        "epic_prefix_rows": [
          19,
          27,
          33,
          34,
          45,
          52,
          54,
          59,
          60,
          79,
          90,
          98,
          127,
          130,
          145,
          151,
          155,
          157,
          161,
          178,
          187,
          194,
          195,
          196,
          198,
          200,
          208,
          213,
          234,
          237,
          244,
          249
        ],
        "fingerprint": "d08a027d3c65b5e6",
        "length": 256,
        "owner_tier": 0,
        "request": "w0.r1",
        "segment_index": 4
      },
      {
        "cache_owner": "main.r0",
        "epic_prefix_rows": [
          3,
          13,
          20,
          35,
          41,
          48,
          56,
          66,
          79,
          80,
          81,
          91,
          102,
          116,
          123,
          125,
          126,
          134,
          139,
          142,
          152,
          154,
          167,
          169,
          180,
          188,
          207,
          210,
          217,
          225,
          234,
          245
        ],
        "fingerprint": "9ae87ab9d42e4990",
        "length": 256,
        "owner_tier": 0,
        "request": "w0.r1",
        "segment_index": 5
      },
      {
        "cache_owner": "main.r0",
        "epic_prefix_rows": [
          4,
          9,
          14,
          15,
          38,
          41,
          53,
          57,
          63,
          66,
          78,
          80,
          87,
          88,
          91,
          98,
          112,
          138,
          146,
          149,
          161,
          168,
          171,
          185,
          187,
          191,
          220,
          239,
          241,
          246,
          248,
          253
        ],
        "fingerprint": "4507ec10354b9a34",
        "length": 256,
        "owner_tier": 0,
        "request": "w0.r1",
        "segment_index": 6
      },
      {
        "cache_owner": "main.r0",
        "epic_prefix_rows": [
          3,
          5,
          6,
          11,
          15,
          17,
          34,
          36,
          45,
          55,
          57,
          61,
          79,
          83,
          84,
          88,
          91,
          108,
          111,
          114,
          125,
          160,
          166,
          167,
          169,
          180,
          186,
          201,
          210,
          228,
          242,
          251
        ],
        "fingerprint": "3efa0426917061ae",
        "length": 256,
        "owner_tier": 0,
        "request": "w0.r1",
        "segment_index": 7
      },
      {
        "cache_owner": "main.r0",
        "epic_prefix_rows": [
          0,
          2,
          10,
          31,
          35,
          37,
          43,
          67,
          97,
          99,
          104,
          118,
          128,
          131,
          136,
          144,
          159,
          169,
          175,
          179,
          180,
          187,
          188,
          194,
          205,
          209,
          215,
          222,
          228,
          235,
          249,
          252
        ],
        "fingerprint": "e646956386ed6749",
        "length": 256,
        "owner_tier": 0,
        "request": "w0.r1",
        "segment_index": 8
      },
      {
        "cache_owner": "main.r0",
        "epic_prefix_rows": [
          5,
          20,
          26,
          38,
          40,
          43,
          45,
          60,
          63,
          84,
          109,
          117,
          143,
          153,
          157,
          158,
          160,
          175,
          181,
          183,
          190,
          201,
          206,
          210,
          212,
          214,
          215,
          221,
          229,
          242,
          244,
          247
        ],
        "fingerprint": "f6e2ee9cb02b549b",
        "length": 256,
        "owner_tier": 0,
        "request": "w0.r1",
        "segment_index": 9
      },
      {
        "cache_owner": "main.r0",
        "epic_prefix_rows": [
          3,
          6,
          9,
          20,
          22,
          38,
          41,
          60,
          64,
          69,
          74,
          86,
          87,
          91,
          96,
          100,
          103,
          117,
          126,
          127,
          129,
          160,
          171,
          187,
          188,
          192,
          205,
          206,
          227,
          238,
          241,
          251
        ],
        "fingerprint": "859509070aaad92f",
        "length": 256,
        "owner_tier": 0,
        "request": "w0.r1",
        "segment_index": 10
      },
      {
        "cache_owner": "main.r0",
        "epic_prefix_rows": [
          5,
          8,
          9,
          13,
          30,
          65,
          67,
          69,
          73,
          88,
          101,
          103,
          116,
          120,
          126,
          135,
          136,
          140,
          141,
          146,
          148,
          159,
          174,
          175,
          179,
          184,
          189,
          197,
          227,
          230,
          239,
          249
        ],
        "fingerprint": "fcd577b876fb0572",
        "length": 256,
        "owner_tier": 0,
        "request": "w0.r1",
        "segment_index": 11
      },
      {
        "cache_owner": "main.r1",
        "epic_prefix_rows": [
          29,
          39,
          41,
          53,
          62,
          64,
          84,
          87,
          90,
          98,
          132,
          135,
          136,
          144,
          148,
          150,
          172,
          174,
          175,
          184,
          191,
          195,
          206,
          213,
          216,
          222,
          224,
          236,
          240,
          251,
          252,
          254
        ],
        "fingerprint": "b7b36c9cc0ffca1f",
        "length": 256,
        "owner_tier": 2,
        "request": "w0.r1",
        "segment_index": 12
      },
      {
        "cache_owner": "main.r1",
        "epic_prefix_rows": [
          0,
          2,
          4,
          11,
          13,
          32,
          36,
          39,
          43,
          74,
          75,
          82,
          87,
          88,
          92,
          103,
          110,
          113,
          122,
          126,
          144,
          145,
          149,
          153,
          160,
          170,
          184,
          200,
          201,
          208,
          209,
          243
        ],
        "fingerprint": "2ca95e1f99b62895",
        "length": 256,
        "owner_tier": 2,
        "request": "w0.r1",
        "segment_index": 13
      },
      {
        "cache_owner": "main.r1",
        "epic_prefix_rows": [
          3,
          16,
          17,
          28,
          40,
          43,
          44,
          48,
          68,
          71,
          72,
          79,
          98,
          108,
          111,
          129,
          131,
          135,
          139,
          140,
          148,
          154,
          156,
          161,
          163,
          168,
          191,
          193,
          203,
          212,
          239,
          243
        ],
        "fingerprint": "61981006a3087531",
        "length": 256,
        "owner_tier": 2,
        "request": "w0.r1",
        "segment_index": 14
      },
      {
        "cache_owner": "main.r1",
        "epic_prefix_rows": [
          1,
          36,
          39,
          48,
          66,
          71,
          81,
          87,
          92,
          98,
          110,
          118,
          130,
          134,
          137,
          141,
          144,
          169,
          179,
          180,
          183,
          192,
          199,
          200,
          202,
          209,
          216,
          219,
          231,
          240,
          242,
          253
        ],
        "fingerprint": "0676dfd47068e0df",
        "length": 256,
        "owner_tier": 2,
        "request": "w0.r1",
        "segment_index": 15
      },
      {
        "cache_owner": "main.r1",
        "epic_prefix_rows": [
          4,
          18,
          40,
          47,
          49,
          58,
          61,
          63,
          70,
          90,
          92,
          105,
          127,
          135,
          143,
          146,
          157,
          160,
          161,
          162,
          174,
          179,
          187,
          188,
          194,
          204,
          205,
          230,
          233,
          240,
          244,
          247
        ],
        "fingerprint": "7392f0dd8e833d02",
        "length": 256,
        "owner_tier": 2,
        "request": "w0.r1",
        "segment_index": 16
      },
      {
        "cache_owner": "main.r1",
        "epic_prefix_rows": [
          16,
          19,
          25,
          42,
          48,
          60,
          64,
          69,
          83,
          91,
          101,
          109,
          111,
          112,
          114,
          115,
          130,
          146,
          156,
          162,
          180,
          182,
          190,
          193,
          198,
          206,
          207,
          215,
          221,
          225,
          229,
          236
        ],
        "fingerprint": "2d9f547fcb304b0f",
        "length": 256,
        "owner_tier": 2,
        "request": "w0.r1",
        "segment_index": 17
      },
      {
        "cache_owner": "main.r1",
        "epic_prefix_rows": [
          2,
          7,
          9,
          32,
          46,
          51,
          64,
          71,
          78,
          83,
          90,
          98,
          99,
          101,
          111,
          119,
          126,
          144,
          145,
          149,
          160,
          162,
          172,
          178,
          181,
          195,
          198,
          210,
          212,
          225,
          236,
          250
        ],
        "fingerprint": "2524834b679c9169",
        "length": 256,
        "owner_tier": 2,
        "request": "w0.r1",
        "segment_index": 18
      },
      {
        "cache_owner": "main.r1",
        "epic_prefix_rows": [
          1,
          6,
          10,
          11,
          12,
          17,
          20,
          28,
          32,
          34,
          48,
          70,
          80,
          88,
          92,
          100,
          101,
          104,
          120,
          121,
          133,
          138,
          144,
          162,
          171,
          183,
          195,
          215,
          216,
          221,
          234,
          235
        ],
        "fingerprint": "5a8181f7e7879299",
        "length": 256,
        "owner_tier": 2,
        "request": "w0.r1",
        "segment_index": 19
      },
      {
        "cache_owner": "main.r1",
        "epic_prefix_rows": [
          11,
          15,
          32,
          34,
          37,
          41,
          46,
          72,
          78,
          99,
          103,
          123,
          130,
          133,
          142,
          152,
          161,
          164,
          176,
          178,
          180,
          183,
          185,
          186,
          190,
          195,
          210,
          221,
          228,
          233,
          234,
          236
        ],
        "fingerprint": "c4de161da65ad6d0",
        "length": 256,
        "owner_tier": 2,
        "request": "w0.r1",
        "segment_index": 20
      },
      {
        "cache_owner": "main.r1",
        "epic_prefix_rows": [
          4,
          10,
          19,
          22,
          25,
          32,
          33,
          41,
          57,
          58,
          65,
          66,
          70,
          71,
          74,
          80,
          82,
          88,
          89,
          90,
          96,
          100,
          102,
          104,
          106,
          115,
          118,
          120,
          123,
          124,
          125,
          126
        ],
        "fingerprint": "5d0a73473392c761",
        "length": 128,
        "owner_tier": 2,
        "request": "w1.r1",
        "segment_index": 0
      },
      {
        "cache_owner": "w0.r0",
        "epic_prefix_rows": [],
        "fingerprint": "c50748f2a87b6838",
        "length": 300,
        "owner_tier": 1,
        "request": "w1.r1",
        "segment_index": 1
      },
      {
        "cache_owner": "main.r0",
        "epic_prefix_rows": [
          0,
          14,
          17,
          18,
          21,
          34,
          40,
          49,
          61,
          80,
          85,
          87,
          116,
          117,
          121,
          132,
          133,
          139,
          142,
          156,
          165,
          167,
          181,
          193,
          197,
          202,
          207,
          209,
          210,
          229,
          233,
          242
        ],
        "fingerprint": "20a4bd865a5b229e",
        "length": 256,
        "owner_tier": 0,
        "request": "w1.r1",
        "segment_index": 2
      },
      {
        "cache_owner": "main.r0",
        "epic_prefix_rows": [
          4,
          5,
          11,
          15,
          26,
          30,
          32,
          34,
          40,
          46,
          49,
          81,
          85,
          86,
          90,
          92,
          96,
          105,
          109,
          115,
          131,
          145,
          155,
          162,
          165,
          187,
          213,
          215,
          220,
          226,
          236,
          252
        ],
        "fingerprint": "9ab6734a754c1b9d",
        "length": 256,
        "owner_tier": 0,
        "request": "w1.r1",
        "segment_index": 3
      },
      {
        "cache_owner": "main.r0",
        "epic_prefix_rows": [
          13,
          19,
          43,
          46,
          65,
          79,
          90,
          91,
          99,
          104,
          105,
          112,
          116,
          144,
          153,
          154,
          158,
          159,
          172,
          182,
          193,
          196,
          203,
          205,
          213,
          217,
          230,
          233,
          235,
          237,
          251,
          254
        ],
        "fingerprint": "d08a027d3c65b5e6",
        "length": 256,
        "owner_tier": 0,
        "request": "w1.r1",
        "segment_index": 4
      },
      {
        "cache_owner": "main.r0",
        "epic_prefix_rows": [
          3,
          5,
          6,
          15,
          16,
          20,
          24,
          31,
          45,
          48,
          67,
          82,
          89,
          91,
          99,
          103,
          116,
          121,
          126,
          141,
          157,
          167,
          176,
          177,
          190,
          202,
          205,
          219,
          223,
          229,
          243,
          254
        ],
        "fingerprint": "9ae87ab9d42e4990",
        "length": 256,
        "owner_tier": 0,
        "request": "w1.r1",
        "segment_index": 5
      },
      {
        "cache_owner": "main.r0",
        "epic_prefix_rows": [
          0,
          7,
          8,
          9,
          20,
          24,
          25,
          26,
          39,
          40,
          67,
          73,
          85,
          86,
          91,
          96,
          102,
          120,
          132,
          137,
          160,
          165,
          200,
          202,
          206,
          211,
          214,
          219,
          220,
          232,
          236,
          244
        ],
        "fingerprint": "4507ec10354b9a34",
        "length": 256,
        "owner_tier": 0,
        "request": "w1.r1",
        "segment_index": 6
      },
      {
        "cache_owner": "main.r0",
        "epic_prefix_rows": [
          6,
          11,
          40,
          41,
          43,
          44,
          57,
          60,
          61,
          62,
          72,
          75,
          84,
          90,
          101,
          123,
          159,
          160,
          162,
          163,
          173,
          174,
          199,
          224,
          227,
          234,
          235,
          239,
          241,
          242,
          245,
          254
        ],
        "fingerprint": "3efa0426917061ae",
        "length": 256,
        "owner_tier": 0,
        "request": "w1.r1",
        "segment_index": 7
      },
      {
        "cache_owner": "main.r0",
        "epic_prefix_rows": [
          0,
          1,
          3,
          4,
          6,
          9,
          12,
          28,
          35,
          38,
          41,
          44,
          82,
          93,
          98,
          99,
          118,
          130,
          144,
          146,
          149,
          156,
          175,
          183,
          197,
          198,
          205,
          210,
          215,
          224,
          238,
          251
        ],
        "fingerprint": "e646956386ed6749",
        "length": 256,
        "owner_tier": 0,
        "request": "w1.r1",
        "segment_index": 8
      },
      {
        "cache_owner": "main.r0",
        "epic_prefix_rows": [
          6,
          18,
          24,
          33,
          35,
          39,
          55,
          63,
          75,
          85,
          89,
          93,
          97,
          102,
          104,
          107,
          110,
          111,
          130,
          136,
          144,
          145,
          168,
          172,
          175,
          182,
          199,
          201,
          233,
          236,
          246,
          251
        ],
        "fingerprint": "f6e2ee9cb02b549b",
        "length": 256,
        "owner_tier": 0,
        "request": "w1.r1",
        "segment_index": 9
      },
      {
        "cache_owner": "main.r0",
        "epic_prefix_rows": [
          5,
          10,
          17,
          57,
          60,
          61,
          64,
          70,
          82,
          95,
          97,
          101,
          120,
          121,
          123,
          125,
          134,
          138,
          148,
          154,
          156,
          165,
          199,
          213,
          222,
          224,
          226,
          233,
          234,
          235,
          240,
          250
        ],
        "fingerprint": "859509070aaad92f",
        "length": 256,
        "owner_tier": 0,
        "request": "w1.r1",
        "segment_index": 10
      },
      {
        "cache_owner": "main.r0",
        "epic_prefix_rows": [
          6,
          12,
          26,
          27,
          36,
          40,
          41,
          43,
          87,
          100,
          105,
          107,
          110,
          117,
          118,
          121,
          136,
          151,
          154,
          160,
          182,
          187,
          196,
          200,
          218,
          221,
          222,
          224,
          236,
          245,
          246,
          254
        ],
        "fingerprint": "fcd577b876fb0572",
        "length": 256,
        "owner_tier": 0,
        "request": "w1.r1",
        "segment_index": 11
      },
      {
        "cache_owner": "main.r1",
        "epic_prefix_rows": [
          8,
          10,
          13,
          28,
          36,
          45,
          50,
          65,
          74,
          75,
          83,
          88,
          91,
          94,
          97,
          110,
          121,
          128,
          132,
          141,
          145,
          149,
          160,
          161,
          162,
          174,
          185,
          192,
          195,
          196,
          224,
          238
        ],
        "fingerprint": "b7b36c9cc0ffca1f",
        "length": 256,
        "owner_tier": 2,
        "request": "w1.r1",
        "segment_index": 12
      },
      {
        "cache_owner": "main.r1",
        "epic_prefix_rows": [
          7,
          19,
          28,
          33,
          34,
          35,
          39,
          42,
          43,
          53,
          68,
          88,
          91,
          96,
          101,
          108,
          110,
          118,
          139,
          141,
          147,
          156,
          164,
          174,
          181,
          185,
          186,
          199,
          210,
          236,
          238,
          251
        ],
        "fingerprint": "2ca95e1f99b62895",
        "length": 256,
        "owner_tier": 2,
        "request": "w1.r1",
        "segment_index": 13
      },
      {
        "cache_owner": "main.r1",
        "epic_prefix_rows": [
          7,
          30,
          34,
          40,
          58,
          67,
          73,
          84,
          85,
          87,
          91,
          104,
          126,
          128,
          134,
          136,
          159,
          160,
          175,
          183,
          188,
          197,
          203,
          205,
          209,
          214,
          218,
          220,
          225,
          230,
          234,
          255
        ],
        "fingerprint": "61981006a3087531",
        "length": 256,
        "owner_tier": 2,
        "request": "w1.r1",
        "segment_index": 14
      },
      {
        "cache_owner": "main.r1",
        "epic_prefix_rows": [
          1,
          25,
          27,
          37,
          39,
          60,
          74,
          78,
          88,
          96,
          99,
          104,
          120,
          130,
          132,
          142,
          149,
          152,
          162,
          174,
          180,
          189,
          190,
          208,
          225,
          233,
          234,
          238,
          246,
          248,
          252,
          253
        ],
        "fingerprint": "0676dfd47068e0df",
        "length": 256,
        "owner_tier": 2,
        "request": "w1.r1",
        "segment_index": 15
      },
      {
        "cache_owner": "main.r1",
        "epic_prefix_rows": [
          2,
          9,
          21,
          27,
          28,
          29,
          43,
          64,
          68,
          81,
          92,
          94,
          96,
          104,
          115,
          123,
          131,
          149,
          152,
          154,
          157,
          164,
          170,
          173,
          176,
          178,
          184,
          187,
          203,
          209,
          228,
          251
        ],
        "fingerprint": "7392f0dd8e833d02",
        "length": 256,
        "owner_tier": 2,
        "request": "w1.r1",
        "segment_index": 16
      },
      {
        "cache_owner": "main.r1",
        "epic_prefix_rows": [
          6,
          19,
          40,
          42,
          43,
          53,
          58,
          103,
          104,
          112,
          130,
          132,
          141,
          143,
          155,
          164,
          169,
          175,
          181,
          198,
          199,
          207,
          211,
          217,
          219,
          224,
          226,
          229,
          235,
          236,
          247,
          249
        ],
        "fingerprint": "2d9f547fcb304b0f",
        "length": 256,
        "owner_tier": 2,
        "request": "w1.r1",
        "segment_index": 17
      },
      {
        "cache_owner": "main.r1",
        "epic_prefix_rows": [
          5,
          10,
          13,
          22,
          26,
          34,
          43,
          59,
          68,
          85,
          96,
          99,
          103,
          112,
          116,
          122,
          125,
          129,
          135,
          144,
          150,
          158,
          164,
          205,
          213,
          223,
          226,
          234,
          235,
          237,
          244,
          253
        ],
        "fingerprint": "2524834b679c9169",
        "length": 256,
        "owner_tier": 2,
        "request": "w1.r1",
        "segment_index": 18
      },
      {
        "cache_owner": "main.r1",
        "epic_prefix_rows": [
          17,
          23,
          28,
          36,
          40,
          46,
          58,
          67,
          75,
          77,
          92,
          93,
          100,
          104,
          116,
          121,
          122,
          123,
          138,
          142,
          144,
          155,
          201,
          207,
          208,
          212,
          218,
          234,
          240,
          242,
          251,
          253
        ],
        "fingerprint": "5a8181f7e7879299",
        "length": 256,
        "owner_tier": 2,
        "request": "w1.r1",
        "segment_index": 19
      },
      {
        "cache_owner": "main.r1",
        "epic_prefix_rows": [
          1,
          8,
          14,
          24,
          27,
          35,
          48,
          50,
          87,
          88,
          103,
          121,
          125,
          142,
          143,
          150,
          154,
          168,
          170,
          175,
          176,
          179,
          182,
          193,
          199,
          210,
          220,
          221,
          223,
          229,
          246,
          254
        ],
        "fingerprint": "c4de161da65ad6d0",
        "length": 256,
        "owner_tier": 2,
        "request": "w1.r1",
        "segment_index": 20
      },
      {
        "cache_owner": "main.r1",
        "epic_prefix_rows": [
          1,
          9,
          11,
          18,
          25,
          28,
          29,
          30,
          35,
          36,
          39,
          43,
          45,
          47,
          48,
          54,
          61,
          63,
          65,
          73,
          84,
          94,
          95,
          97,
          99,
          107,
          117,
          120,
          122,
          124,
          125,
          127
        ],
        "fingerprint": "5d0a73473392c761",
        "length": 128,
        "owner_tier": 2,
        "request": "w2.r1",
        "segment_index": 0
      },
      {
        "cache_owner": "w0.r0",
        "epic_prefix_rows": [],
        "fingerprint": "c50748f2a87b6838",
        "length": 300,
        "owner_tier": 1,
        "request": "w2.r1",
        "segment_index": 1
      },
      {
        "cache_owner": "main.r0",
        "epic_prefix_rows": [
          26,
          30,
          33,
          58,
          71,
          72,
          74,
          90,
          91,
          95,
          98,
          102,
          110,
          120,
          122,
          128,
          144,
          156,
          161,
          167,
          181,
          182,
          196,
          199,
          212,
          221,
          222,
          232,
          234,
          237,
          248,
          249
        ],
        "fingerprint": "20a4bd865a5b229e",
        "length": 256,
        "owner_tier": 0,
        "request": "w2.r1",
        "segment_index": 2
      },
      {
        "cache_owner": "main.r0",
        "epic_prefix_rows": [
          28,
          39,
          47,
          56,
          58,
          59,
          62,
          79,
          80,
          86,
          88,
          98,
          99,
          102,
          118,
          124,
          127,
          128,
          131,
          132,
          144,
          158,
          172,
          174,
          175,
          190,
          212,
          228,
          237,
          238,
          239,
          244
        ],
        "fingerprint": "9ab6734a754c1b9d",
        "length": 256,
        "owner_tier": 0,
        "request": "w2.r1",
        "segment_index": 3
      },
      {
        "cache_owner": "main.r0",
        "epic_prefix_rows": [
          0,
          2,
          7,
          10,
          11,
          12,
          23,
          28,
          45,
          46,
          51,
          58,
          59,
          67,
          81,
          83,
          93,
          97,
          100,
          104,
          110,
          120,
          136,
          147,
          178,
          185,
          197,
          204,
          210,
          228,
          243,
          254
        ],
        "fingerprint": "d08a027d3c65b5e6",
        "length": 256,
        "owner_tier": 0,
        "request": "w2.r1",
        "segment_index": 4
      },
      {
        "cache_owner": "main.r0",
        "epic_prefix_rows": [
          0,
          2,
          17,
          20,
          29,
          33,
          45,
          50,
          51,
          53,
          58,
          59,
          97,
          106,
          111,
          119,
          121,
          133,
          137,
          154,
          155,
          159,
          189,
          206,
          210,
          216,
          217,
          229,
          233,
          236,
          239,
          241
        ],
        "fingerprint": "9ae87ab9d42e4990",
        "length": 256,
        "owner_tier": 0,
        "request": "w2.r1",
        "segment_index": 5
      },
      {
        "cache_owner": "main.r0",
        "epic_prefix_rows": [
          6,
          7,
          10,
          23,
          26,
          34,
          36,
          64,
          68,
          69,
          86,
          88,
          94,
          116,
          132,
          149,
          152,
          157,
          158,
          164,
          168,
          173,
          177,
          180,
          182,
          195,
          197,
          211,
          233,
          244,
          249,
          255
        ],
        "fingerprint": "4507ec10354b9a34",
        "length": 256,
        "owner_tier": 0,
        "request": "w2.r1",
        "segment_index": 6
      },
      {
        "cache_owner": "main.r0",
        "epic_prefix_rows": [
          20,
          27,
          30,
          31,
          32,
          45,
          51,
          53,
          65,
          69,
          81,
          86,
          96,
          97,
          106,
          107,
          114,
          116,
          120,
          121,
          128,
          130,
          140,
          143,
          144,
          146,
          168,
          177,
          228,
          233,
          246,
          249
        ],
        "fingerprint": "3efa0426917061ae",
        "length": 256,
        "owner_tier": 0,
        "request": "w2.r1",
        "segment_index": 7
      },
      {
        "cache_owner": "main.r0",
        "epic_prefix_rows": [
          1,
          6,
          36,
          57,
          58,
          59,
          61,
          63,
          64,
          72,
          89,
          103,
          105,
          109,
          112,
          114,
          116,
          121,
          122,
          123,
          141,
          171,
          185,
          195,
          198,
          209,
          210,
          220,
          227,
          239,
          242,
          246
        ],
        "fingerprint": "e646956386ed6749",
        "length": 256,
        "owner_tier": 0,
        "request": "w2.r1",
        "segment_index": 8
      },
      {
        "cache_owner": "main.r0",
        "epic_prefix_rows": [
          9,
          15,
          22,
          31,
          38,
          39,
          41,
          48,
          76,
          85,
          87,
          99,
          119,
          124,
          132,
          133,
          153,
          159,
          161,
          167,
          172,
          173,
          175,
          184,
          196,
          206,
          212,
          222,
          237,
          238,
          248,
          251
        ],
        "fingerprint": "f6e2ee9cb02b549b",
        "length": 256,
        "owner_tier": 0,
        "request": "w2.r1",
        "segment_index": 9
      },
      {
        "cache_owner": "main.r0",
        "epic_prefix_rows": [
          12,
          38,
          42,
          46,
          48,
          49,
          83,
          86,
          96,
          100,
          105,
          111,
          127,
          132,
          133,
          138,
          149,
          152,
          158,
          162,
          174,
          176,
          182,
          185,
          194,
          197,
          201,
          205,
          212,
          217,
          227,
          242
        ],
        "fingerprint": "859509070aaad92f",
        "length": 256,
        "owner_tier": 0,
        "request": "w2.r1",
        "segment_index": 10
      },
      {
        "cache_owner": "main.r0",
        "epic_prefix_rows": [
          0,
          8,
          11,
          15,
          27,
          34,
          50,
          54,
          57,
          62,
          81,
          112,
          113,
          124,
          142,
          146,
          153,
          154,
          156,
          169,
          172,
          175,
          187,
          215,
          220,
          223,
          230,
          231,
          237,
          246,
          252,
          253
        ],
        "fingerprint": "fcd577b876fb0572",
        "length": 256,
        "owner_tier": 0,
        "request": "w2.r1",
        "segment_index": 11
      },
      {
        "cache_owner": "main.r1",
        "epic_prefix_rows": [
          17,
          29,
          37,
          39,
          41,
          49,
          56,
          73,
          81,
          86,
          91,
          95,
          100,
          112,
          119,
          126,
          142,
          162,
          165,
          169,
          174,
          175,
          183,
          192,
          193,
          215,
          216,
          217,
          226,
          236,
          237,
          238
        ],
        "fingerprint": "b7b36c9cc0ffca1f",
        "length": 256,
        "owner_tier": 2,
        "request": "w2.r1",
        "segment_index": 12
      },
      {
        "cache_owner": "main.r1",
        "epic_prefix_rows": [
          1,
          5,
          11,
          22,
          34,
          53,
          79,
          94,
          97,
          103,
          105,
          125,
          135,
          137,
          138,
          139,
          145,
          149,
          162,
          164,
          171,
          180,
          181,
          202,
          218,
          223,
          228,
          237,
          242,
          245,
          252,
          253
        ],
        "fingerprint": "2ca95e1f99b62895",
        "length": 256,
        "owner_tier": 2,
        "request": "w2.r1",
        "segment_index": 13
      },
      {
        "cache_owner": "main.r1",
        "epic_prefix_rows": [
          3,
          5,
          7,
          20,
          21,
          28,
          33,
          39,
          52,
          61,
          66,
          79,
          92,
          94,
          107,
          119,
          126,
          131,
          150,
          151,
          154,
          157,
          187,
          190,
          192,
          193,
          196,
          206,
          221,
          234,
          245,
          248
        ],
        "fingerprint": "61981006a3087531",
        "length": 256,
        "owner_tier": 2,
        "request": "w2.r1",
        "segment_index": 14
      },
      {
        "cache_owner": "main.r1",
        "epic_prefix_rows": [
          11,
          16,
          22,
          39,
          56,
          58,
          67,
          71,
          80,
          81,
          86,
          97,
          98,
          111,
          122,
          124,
          129,
          134,
          144,
          149,
          151,
          160,
          186,
          190,
          210,
          214,
          224,
          228,
          237,
          239,
          248,
          251
        ],
        "fingerprint": "0676dfd47068e0df",
        "length": 256,
        "owner_tier": 2,
        "request": "w2.r1",
        "segment_index": 15
      },
      {
        "cache_owner": "main.r1",
        "epic_prefix_rows": [
          7,
          8,
          12,
          29,
          30,
          34,
          36,
          48,
          63,
          67,
          69,
          74,
          88,
          95,
          98,
          110,
          111,
          138,
          155,
          157,
          161,
          163,
          170,
          180,
          190,
          194,
          205,
          211,
          226,
          239,
          246,
          254
        ],
        "fingerprint": "7392f0dd8e833d02",
        "length": 256,
        "owner_tier": 2,
        "request": "w2.r1",
        "segment_index": 16
      },
      {
        "cache_owner": "main.r1",
        "epic_prefix_rows": [
          3,
          5,
          17,
          19,
          25,
          26,
          30,
          32,
          35,
          41,
          64,
          66,
          84,
          86,
          88,
          106,
          124,
          126,
          131,
          133,
          141,
          143,
          146,
          150,
          157,
          163,
          194,
          202,
          209,
          220,
          232,
          244
        ],
        "fingerprint": "2d9f547fcb304b0f",
        "length": 256,
        "owner_tier": 2,
        "request": "w2.r1",
        "segment_index": 17
      },
      {
        "cache_owner": "main.r1",
        "epic_prefix_rows": [
          17,
          24,
          40,
          45,
          51,
          55,
          57,
          58,
          68,
          88,
          89,
          102,
          112,
          119,
          133,
          140,
          142,
          155,
          169,
          177,
          178,
          181,
          184,
          190,
          200,
          214,
          215,
          218,
          229,
          234,
          239,
          245
        ],
        "fingerprint": "2524834b679c9169",
        "length": 256,
        "owner_tier": 2,
        "request": "w2.r1",
        "segment_index": 18
      },
      {
        "cache_owner": "main.r1",
        "epic_prefix_rows": [
          0,
          3,
          8,
          21,
          29,
          32,
          42,
          51,
          70,
          74,
          78,
          82,
          83,
          88,
          131,
          141,
          143,
          156,
          160,
          169,
          170,
          180,
          182,
          197,
          198,
          200,
          205,
          209,
          223,
          246,
          251,
          252
        ],
        "fingerprint": "5a8181f7e7879299",
        "length": 256,
        "owner_tier": 2,
        "request": "w2.r1",
        "segment_index": 19
      },
      {
        "cache_owner": "main.r1",
        "epic_prefix_rows": [
          2,
          5,
          8,
          19,
          20,
          22,
          31,
          44,
          61,
          68,
          73,
          75,
          80,
          81,
          82,
          104,
          106,
          111,
          118,
          128,
          136,
          151,
          160,
          163,
          169,
          172,
          178,
          212,
          213,
          216,
          222,
          229
        ],
        "fingerprint": "c4de161da65ad6d0",
        "length": 256,
        "owner_tier": 2,
        "request": "w2.r1",
        "segment_index": 20
      },
      {
        "cache_owner": "main.r1",
        "epic_prefix_rows": [
          6,
          7,
          15,
          17,
          21,
          28,
          31,
          32,
          33,
          35,
          40,
          47,
          49,
          53,
          54,
          57,
          62,
          66,
          68,
          73,
          74,
          76,
          88,
          90,
          100,
          103,
          108,
          113,
          119,
          124,
          125,
          126
        ],
        "fingerprint": "5d0a73473392c761",
        "length": 128,
        "owner_tier": 2,
        "request": "main.r2",
        "segment_index": 0
      },
      {
        "cache_owner": "main.r0",
        "epic_prefix_rows": [
          3,
          7,
          14,
          20,
          25,
          31,
          32,
          46,
          61,
          63,
          68,
          72,
          78,
          92,
          98,
          103,
          105,
          110,
          112,
          118,
          120,
          122,
          127,
          134,
          178,
          180,
          192,
          206,
          211,
          228,
          231,
          236
        ],
        "fingerprint": "20a4bd865a5b229e",
        "length": 256,
        "owner_tier": 0,
        "request": "main.r2",
        "segment_index": 4
      },
      {
        "cache_owner": "main.r0",
        "epic_prefix_rows": [
          6,
          32,
          37,
          38,
          40,
          46,
          47,
          51,
          56,
          59,
          62,
          63,
          64,
          77,
          84,
          91,
          106,
          134,
          139,
          141,
          143,
          180,
          181,
          184,
          194,
          201,
          204,
          210,
          218,
          221,
          226,
          227
        ],
        "fingerprint": "9ab6734a754c1b9d",
        "length": 256,
        "owner_tier": 0,
        "request": "main.r2",
        "segment_index": 5
      },
      {
        "cache_owner": "main.r0",
        "epic_prefix_rows": [
          5,
          15,
          26,
          32,
          42,
          51,
          54,
          63,
          76,
          86,
          97,
          98,
          99,
          105,
          117,
          126,
          129,
          134,
          136,
          181,
          184,
          189,
          190,
          198,
          202,
          203,
          204,
          216,
          219,
          222,
          231,
          252
        ],
        "fingerprint": "d08a027d3c65b5e6",
        "length": 256,
        "owner_tier": 0,
        "request": "main.r2",
        "segment_index": 6
      },
      {
        "cache_owner": "main.r0",
        "epic_prefix_rows": [
          2,
          11,
          19,
          20,
          40,
          44,
          53,
          62,
          66,
          70,
          88,
          101,
          105,
          115,
          136,
          150,
          169,
          172,
          185,
          189,
          190,
          191,
          195,
          211,
          219,
          228,
          230,
          243,
          245,
          246,
          250,
          253
        ],
        "fingerprint": "9ae87ab9d42e4990",
        "length": 256,
        "owner_tier": 0,
        "request": "main.r2",
        "segment_index": 7
      },
      {
        "cache_owner": "main.r0",
        "epic_prefix_rows": [
          3,
          17,
          27,
          34,
          37,
          63,
          64,
          74,
          76,
          89,
          91,
          93,
          114,
          115,
          128,
          130,
          153,
          160,
          164,
          169,
          170,
          176,
          177,
          181,
          194,
          199,
          207,
          212,
          225,
          229,
          241,
          254
        ],
        "fingerprint": "4507ec10354b9a34",
        "length": 256,
        "owner_tier": 0,
        "request": "main.r2",
        "segment_index": 8
      },
      {
        "cache_owner": "main.r0",
        "epic_prefix_rows": [
          5,
          35,
          51,
          68,
          75,
          77,
          84,
          86,
          89,
          97,
          101,
          102,
          112,
          121,
          122,
          148,
          154,
          155,
          163,
          178,
          179,
          187,
          206,
          207,
          209,
          213,
          218,
          233,
          239,
          243,
          245,
          248
        ],
        "fingerprint": "3efa0426917061ae",
        "length": 256,
        "owner_tier": 0,
        "request": "main.r2",
        "segment_index": 9
      },
      {
        "cache_owner": "main.r0",
        "epic_prefix_rows": [
          35,
          42,
          48,
          55,
          60,
          66,
          67,
          77,
          87,
          110,
          121,
          129,
          130,
          131,
          132,
          136,
          144,
          152,
          165,
          172,
          193,
          199,
          206,
          208,
          211,
          214,
          215,
          230,
          233,
          247,
          252,
          255
        ],
        "fingerprint": "e646956386ed6749",
        "length": 256,
        "owner_tier": 0,
        "request": "main.r2",
        "segment_index": 10
      },
      {
        "cache_owner": "main.r0",
        "epic_prefix_rows": [
          0,
          4,
          13,
          17,
          26,
          44,
          47,
          49,
          51,
          55,
          65,
          92,
          117,
          134,
          152,
          156,
          158,
          166,
          169,
          176,
          186,
          202,
          203,
          207,
          211,
          219,
          223,
          229,
          232,
          233,
          246,
          247
        ],
        "fingerprint": "f6e2ee9cb02b549b",
        "length": 256,
        "owner_tier": 0,
        "request": "main.r2",
        "segment_index": 11
      },
      {
        "cache_owner": "main.r0",
        "epic_prefix_rows": [
          2,
          3,
          4,
          5,
          6,
          22,
          29,
          42,
          44,
          60,
          79,
          90,
          92,
          100,
          110,
          127,
          137,
          149,
          155,
          168,
          172,
          179,
          189,
          196,
          200,
          210,
          212,
          219,
          222,
          234,
          237,
          242
        ],
        "fingerprint": "859509070aaad92f",
        "length": 256,
        "owner_tier": 0,
        "request": "main.r2",
        "segment_index": 12
      },
      {
        "cache_owner": "main.r0",
        "epic_prefix_rows": [
          0,
          8,
          13,
          38,
          45,
          47,
          50,
          53,
          58,
          81,
          90,
          98,
          104,
          111,
          127,
          129,
          139,
          150,
          151,
          154,
          156,
          160,
          165,
          168,
          189,
          203,
          220,
          222,
          225,
          231,
          233,
          235
        ],
        "fingerprint": "fcd577b876fb0572",
        "length": 256,
        "owner_tier": 0,
        "request": "main.r2",
        "segment_index": 13
      },
      {
        "cache_owner": "main.r1",
        "epic_prefix_rows": [],
        "fingerprint": "b7b36c9cc0ffca1f",
        "length": 256,
        "owner_tier": 2,
        "request": "main.r2",
        "segment_index": 14
      },
      {
        "cache_owner": "main.r1",
        "epic_prefix_rows": [],
        "fingerprint": "2ca95e1f99b62895",
        "length": 256,
        "owner_tier": 2,
        "request": "main.r2",
        "segment_index": 15
      },
      {
        "cache_owner": "main.r1",
        "epic_prefix_rows": [],
        "fingerprint": "61981006a3087531",
        "length": 256,
        "owner_tier": 2,
        "request": "main.r2",
        "segment_index": 16
      },
      {
        "cache_owner": "main.r1",
        "epic_prefix_rows": [],
        "fingerprint": "0676dfd47068e0df",
        "length": 256,
        "owner_tier": 2,
        "request": "main.r2",
        "segment_index": 17
      },
      {
        "cache_owner": "main.r1",
        "epic_prefix_rows": [],
        "fingerprint": "7392f0dd8e833d02",
        "length": 256,
        "owner_tier": 2,
        "request": "main.r2",
        "segment_index": 18
      },
      {
        "cache_owner": "main.r1",
        "epic_prefix_rows": [],
        "fingerprint": "2d9f547fcb304b0f",
        "length": 256,
        "owner_tier": 2,
        "request": "main.r2",
        "segment_index": 19
      },
      {
        "cache_owner": "main.r1",
        "epic_prefix_rows": [],
        "fingerprint": "2524834b679c9169",
        "length": 256,
        "owner_tier": 2,
        "request": "main.r2",
        "segment_index": 20
      },
      {
        "cache_owner": "main.r1",
        "epic_prefix_rows": [],
        "fingerprint": "5a8181f7e7879299",
        "length": 256,
        "owner_tier": 2,
        "request": "main.r2",
        "segment_index": 21
      },
      {
        "cache_owner": "main.r1",
        "epic_prefix_rows": [],
        "fingerprint": "c4de161da65ad6d0",
        "length": 256,
        "owner_tier": 2,
        "request": "main.r2",
        "segment_index": 22
      },
      {
        "cache_owner": "main.r2",
        "epic_prefix_rows": [
          7,
          9,
          10,
          13,
          17,
          20,
          24,
          34,
          35,
          39,
          40,
          42,
          43,
          53,
          58,
          61,
          62,
          64,
          77,
          79,
          80,
          81,
          82,
          84,
          91,
          95,
          96,
          105,
          117,
          118,
          122,
          127
        ],
        "fingerprint": "d9dc33189ee79049",
        "length": 128,
        "owner_tier": 4,
        "request": "w0.r2",
        "segment_index": 0
      },
      {
        "cache_owner": "w0.r0",
        "epic_prefix_rows": [],
        "fingerprint": "c50748f2a87b6838",
        "length": 300,
        "owner_tier": 1,
        "request": "w0.r2",
        "segment_index": 1
      },
      {
        "cache_owner": "main.r0",
        "epic_prefix_rows": [
          25,
          28,
          32,
          40,
          47,
          75,
          103,
          107,
          114,
          123,
          132,
          143,
          149,
          155,
          168,
          171,
          175,
          182,
          186,
          191,
          196,
          197,
          198,
          201,
          208,
          214,
          227,
          236,
          241,
          245,
          249,
          251
        ],
        "fingerprint": "20a4bd865a5b229e",
        "length": 256,
        "owner_tier": 0,
        "request": "w0.r2",
        "segment_index": 2
      },
      {
        "cache_owner": "main.r0",
        "epic_prefix_rows": [
          2,
          3,
          6,
          10,
          19,
          21,
          28,
          31,
          35,
          67,
          70,
          80,
          91,
          98,
          104,
          123,
          130,
          137,
          155,
          161,
          162,
          179,
          198,
          200,
          205,
          209,
          211,
          217,
          226,
          227,
          238,
          252
        ],
        "fingerprint": "9ab6734a754c1b9d",
        "length": 256,
        "owner_tier": 0,
        "request": "w0.r2",
        "segment_index": 3
      },
      {
        "cache_owner": "main.r0",
        "epic_prefix_rows": [
          7,
          12,
          14,
          33,
          53,
          57,
          76,
          102,
          103,
          104,
          105,
          114,
          138,
          139,
          143,
          148,
          153,
          164,
          180,
          187,
          190,
          191,
          200,
          213,
          214,
          224,
          228,
          231,
          234,
          235,
          250,
          255
        ],
        "fingerprint": "d08a027d3c65b5e6",
        "length": 256,
        "owner_tier": 0,
        "request": "w0.r2",
        "segment_index": 4
      },
      {
        "cache_owner": "main.r0",
        "epic_prefix_rows": [
          2,
          13,
          17,
          22,
          32,
          43,
          53,
          54,
          64,
          68,
          73,
          74,
          103,
          120,
          134,
          143,
          147,
          150,
          162,
          163,
          164,
          175,
          198,
          199,
          212,
          220,
          221,
          224,
          230,
          235,
          241,
          244
        ],
        "fingerprint": "9ae87ab9d42e4990",
        "length": 256,
        "owner_tier": 0,
        "request": "w0.r2",
        "segment_index": 5
      },
      {
        "cache_owner": "main.r0",
        "epic_prefix_rows": [
          1,
          16,
          22,
          29,
          34,
          36,
          37,
          39,
          53,
          64,
          82,
          84,
          85,
          95,
          115,
          120,
          124,
          129,
          137,
          145,
          148,
          174,
          189,
          192,
          194,
          197,
          210,
          213,
          214,
          237,
          240,
          244
        ],
        "fingerprint": "4507ec10354b9a34",
        "length": 256,
        "owner_tier": 0,
        "request": "w0.r2",
        "segment_index": 6
      },
      {
        "cache_owner": "main.r0",
        "epic_prefix_rows": [
          8,
          18,
          20,
          29,
          36,
          37,
          39,
          43,
          56,
          80,
          98,
          102,
          103,
          109,
          112,
          122,
          130,
          132,
          138,
          141,
          144,
          164,
          165,
          198,
          212,
          223,
          225,
          232,
          240,
          243,
          251,
          253
        ],
        "fingerprint": "3efa0426917061ae",
        "length": 256,
        "owner_tier": 0,
        "request": "w0.r2",
        "segment_index": 7
      },
      {
        "cache_owner": "main.r0",
        "epic_prefix_rows": [
          9,
          34,
          59,
          68,
          77,
          81,
          87,
          88,
          90,
          93,
          98,
          102,
          119,
          122,
          128,
          131,
          134,
          144,
          151,
          159,
          170,
          171,
          185,
          186,
          190,
          198,
          200,
          202,
          208,
          222,
          231,
          240
        ],
        "fingerprint": "e646956386ed6749",
        "length": 256,
        "owner_tier": 0,
        "request": "w0.r2",
        "segment_index": 8
      },
      {
        "cache_owner": "main.r0",
        "epic_prefix_rows": [
          0,
          3,
          6,
          10,
          19,
          28,
          46,
          62,
          63,
          68,
          87,
          91,
          93,
          94,
          107,
          111,
          121,
          123,
          124,
          129,
          132,
          139,
          145,
          147,
          158,
          165,
          193,
          196,
          207,
          225,
          239,
          250
        ],
        "fingerprint": "f6e2ee9cb02b549b",
        "length": 256,
        "owner_tier": 0,
        "request": "w0.r2",
        "segment_index": 9
      },
      {
        "cache_owner": "main.r0",
        "epic_prefix_rows": [
          11,
          41,
          42,
          54,
          73,
          88,
          98,
          120,
          122,
          123,
          134,
          148,
          167,
          168,
          174,
          175,
          178,
          185,
          189,
          190,
          194,
          200,
          205,
          211,
          213,
          216,
          224,
          227,
          236,
          250,
          252,
          254
        ],
        "fingerprint": "859509070aaad92f",
        "length": 256,
        "owner_tier": 0,
        "request": "w0.r2",
        "segment_index": 10
      },
      {
        "cache_owner": "main.r0",
        "epic_prefix_rows": [
          13,
          36,
          44,
          54,
          60,
          61,
          65,
          75,
          80,
          83,
          94,
          97,
          100,
          109,
          110,
          113,
          116,
          131,
          145,
          148,
          153,
          156,
          159,
          160,
          171,
          181,
          196,
          211,
          221,
          227,
          238,
          249
        ],
        "fingerprint": "fcd577b876fb0572",
        "length": 256,
        "owner_tier": 0,
        "request": "w0.r2",
        "segment_index": 11
      },
      {
        "cache_owner": "main.r1",
        "epic_prefix_rows": [
          29,
          36,
          37,
          44,
          46,
          52,
          60,
          62,
          63,
          65,
          82,
          86,
          91,
          114,
          116,
          122,
          137,
          140,
          152,
          153,
          154,
          159,
          162,
          177,
          180,
          181,
          190,
          194,
          216,
          228,
          241,
          251
        ],
        "fingerprint": "b7b36c9cc0ffca1f",
        "length": 256,
        "owner_tier": 2,
        "request": "w0.r2",
        "segment_index": 12
      },
      {
        "cache_owner": "main.r1",
        "epic_prefix_rows": [
          5,
          11,
          20,
          41,
          45,
          49,
          50,
          51,
          53,
          64,
          69,
          73,
          75,
          80,
          90,
          99,
          104,
          107,
          117,
          124,
          127,
          128,
          131,
          138,
          142,
          154,
          176,
          187,
          212,
          216,
          231,
          244
        ],
        "fingerprint": "2ca95e1f99b62895",
        "length": 256,
        "owner_tier": 2,
        "request": "w0.r2",
        "segment_index": 13
      },
      {
        "cache_owner": "main.r1",
        "epic_prefix_rows": [
          13,
          15,
          29,
          40,
          56,
          68,
          79,
          85,
          95,
          98,
          106,
          112,
          123,
          140,
          143,
          157,
          160,
          172,
          173,
          178,
          179,
          184,
          190,
          195,
          217,
          218,
          221,
          223,
          228,
          230,
          234,
          239
        ],
        "fingerprint": "61981006a3087531",
        "length": 256,
        "owner_tier": 2,
        "request": "w0.r2",
        "segment_index": 14
      },
      {
        "cache_owner": "main.r1",
        "epic_prefix_rows": [
          4,
          5,
          10,
          20,
          23,
          24,
          45,
          60,
          79,
          84,
          129,
          131,
          144,
          149,
          150,
          152,
          160,
          168,
          185,
          186,
          187,
          201,
          202,
          208,
          209,
          210,
          218,
          222,
          230,
          238,
          249,
          252
        ],
        "fingerprint": "0676dfd47068e0df",
        "length": 256,
        "owner_tier": 2,
        "request": "w0.r2",
        "segment_index": 15
      },
      {
        "cache_owner": "main.r1",
        "epic_prefix_rows": [
          32,
          33,
          35,
          37,
          40,
          47,
          50,
          57,
          58,
          66,
          71,
          75,
          77,
          126,
          135,
          147,
          151,
          156,
          157,
          181,
          188,
          197,
          200,
          201,
          221,
          224,
          225,
          228,
          232,
          236,
          237,
          241
        ],
        "fingerprint": "7392f0dd8e833d02",
        "length": 256,
        "owner_tier": 2,
        "request": "w0.r2",
        "segment_index": 16
      },
      {
        "cache_owner": "main.r1",
        "epic_prefix_rows": [
          4,
          20,
          32,
          34,
          46,
          50,
          52,
          69,
          89,
          104,
          122,
          137,
          138,
          150,
          158,
          168,
          169,
          173,
          176,
          179,
          184,
          189,
          193,
          208,
          215,
          218,
          221,
          222,
          229,
          243,
          251,
          253
        ],
        "fingerprint": "2d9f547fcb304b0f",
        "length": 256,
        "owner_tier": 2,
        "request": "w0.r2",
        "segment_index": 17
      },
      {
        "cache_owner": "main.r1",
        "epic_prefix_rows": [
          0,
          1,
          10,
          32,
          36,
          37,
          44,
          53,
          56,
          59,
          81,
          107,
          113,
          116,
          124,
          128,
          137,
          142,
          147,
          153,
          166,
          170,
          171,
          172,
          188,
          189,
          202,
          210,
          225,
          228,
          234,
          251
        ],
        "fingerprint": "2524834b679c9169",
        "length": 256,
        "owner_tier": 2,
        "request": "w0.r2",
        "segment_index": 18
      },
      {
        "cache_owner": "main.r1",
        "epic_prefix_rows": [
          16,
          24,
          25,
          29,
          35,
          36,
          44,
          48,
          55,
          69,
          72,
          73,
          89,
          90,
          96,
          100,
          108,
          117,
          125,
          132,
          137,
          140,
          141,
          150,
          151,
          166,
          172,
          181,
          183,
          218,
          222,
          232
        ],
        "fingerprint": "5a8181f7e7879299",
        "length": 256,
        "owner_tier": 2,
        "request": "w0.r2",
        "segment_index": 19
      },
      {
        "cache_owner": "main.r1",
        "epic_prefix_rows": [
          13,
          17,
          32,
          38,
          45,
          49,
          67,
          83,
          88,
          96,
          98,
          99,
          112,
          131,
          133,
          137,
          138,
          140,
          145,
          167,
          181,
          182,
          184,
          187,
          188,
          189,
          194,
          197,
          202,
          213,
          220,
          229
        ],
        "fingerprint": "c4de161da65ad6d0",
        "length": 256,
        "owner_tier": 2,
        "request": "w0.r2",
        "segment_index": 20
      },
      {
        "cache_owner": "main.r2",
        "epic_prefix_rows": [
          8,
          17,
          22,
          24,
          31,
          42,
          51,
          52,
          53,
          59,
          61,
          78,
          96,
          100,
          102,
          104,
          106,
          113,
          119,
          129,
          132,
          137,
          147,
          153,
          157,
          167,
          172,
          191,
          194,
          242,
          246,
          255
        ],
        "fingerprint": "43c1199691fc3316",
        "length": 256,
        "owner_tier": 4,
        "request": "w0.r2",
        "segment_index": 21
      },
      {
        "cache_owner": "main.r2",
        "epic_prefix_rows": [
          23,
          25,
          33,
          49,
          50,
          55,
          67,
          101,
          108,
          110,
          120,
          125,
          131,
          133,
          134,
          140,
          147,
          153,
          154,
          158,
          161,
          163,
          164,
          172,
          201,
          204,
          219,
          221,
          236,
          238,
          243,
          249
        ],
        "fingerprint": "e0c1b33b1977de85",
        "length": 256,
        "owner_tier": 4,
        "request": "w0.r2",
        "segment_index": 22
      },
      {
        "cache_owner": "main.r2",
        "epic_prefix_rows": [
          1,
          8,
          14,
          23,
          36,
          50,
          52,
          54,
          55,
          60,
          70,
          74,
          84,
          88,
          89,
          100,
          112,
          116,
          120,
          132,
          154,
          164,
          166,
          174,
          179,
          184,
          188,
          196,
          201,
          211,
          213,
          250
        ],
        "fingerprint": "3597c2ab929b2fa2",
        "length": 256,
        "owner_tier": 4,
        "request": "w0.r2",
        "segment_index": 23
      },
      {
        "cache_owner": "main.r2",
        "epic_prefix_rows": [
          4,
          22,
          31,
          34,
          36,
          37,
          58,
          61,
          72,
          94,
          104,
          124,
          127,
          132,
          152,
          156,
          157,
          159,
          162,
          167,
          171,
          173,
          189,
          211,
          216,
          219,
          220,
          224,
          225,
          235,
          247,
          252
        ],
        "fingerprint": "ebb6ffbea2fb7f17",
        "length": 256,
        "owner_tier": 4,
        "request": "w0.r2",
        "segment_index": 24
      },
      {
        "cache_owner": "main.r2",
        "epic_prefix_rows": [
          9,
          19,
          36,
          39,
          48,
          49,
          51,
          59,
          73,
          75,
          81,
          82,
          92,
          96,
          101,
          108,
          112,
          130,
          133,
          134,
          161,
          166,
          169,
          174,
          178,
          185,
          188,
          207,
          215,
          231,
          249,
          250
        ],
        "fingerprint": "13069208a9b6ae52",
        "length": 256,
        "owner_tier": 4,
        "request": "w0.r2",
        "segment_index": 25
      },
      {
        "cache_owner": "main.r2",
        "epic_prefix_rows": [
          9,
          21,
          25,
          29,
          35,
          38,
          39,
          40,
          45,
          54,
          67,
          76,
          89,
          93,
          108,
          109,
          113,
          120,
          137,
          146,
          149,
          165,
          174,
          189,
          192,
          214,
          217,
          224,
          234,
          241,
          249,
          250
        ],
        "fingerprint": "96c6eb32a8099b39",
        "length": 256,
        "owner_tier": 4,
        "request": "w0.r2",
        "segment_index": 26
      },
      {
        "cache_owner": "main.r2",
        "epic_prefix_rows": [
          7,
          10,
          22,
          31,
          41,
          51,
          60,
          62,
          65,
          66,
          96,
          119,
          126,
          132,
          133,
          143,
          148,
          149,
          150,
          160,
          173,
          174,
          179,
          181,
          186,
          188,
          199,
          203,
          205,
          210,
          220,
          242
        ],
        "fingerprint": "07f759914ec5d44c",
        "length": 256,
        "owner_tier": 4,
        "request": "w0.r2",
        "segment_index": 27
      },
      {
        "cache_owner": "main.r2",
        "epic_prefix_rows": [
          3,
          17,
          24,
          27,
          36,
          39,
          45,
          57,
          62,
          69,
          71,
          81,
          127,
          151,
          153,
          158,
          159,
          160,
          163,
          166,
          172,
          180,
          195,
          196,
          207,
          210,
          217,
          221,
          223,
          238,
          244,
          246
        ],
        "fingerprint": "66dba080f71780ec",
        "length": 256,
        "owner_tier": 4,
        "request": "w0.r2",
        "segment_index": 28
      },
      {
        "cache_owner": "main.r2",
        "epic_prefix_rows": [
          5,
          10,
          15,
          19,
          22,
          36,
          54,
          61,
          63,
          65,
          66,
          75,
          85,
          88,
          99,
          104,
          107,
          115,
          147,
          148,
          151,
          163,
          167,
          181,
          184,
          198,
          199,
          211,
          223,
          231,
          239,
          246
        ],
        "fingerprint": "f5cbe9c563f8d865",
        "length": 256,
        "owner_tier": 4,
        "request": "w0.r2",
        "segment_index": 29
      },
      {
        "cache_owner": "main.r2",
        "epic_prefix_rows": [
          2,
          24,
          33,
          51,
          60,
          64,
          67,
          69,
          76,
          81,
          84,
          99,
          107,
          109,
          113,
          115,
          132,
          136,
          140,
          145,
          148,
          162,
          165,
          166,
          167,
          181,
          183,
          195,
          198,
          205,
          223,
          249
        ],
        "fingerprint": "2bd3429ac7619aa9",
        "length": 256,
        "owner_tier": 4,
        "request": "w0.r2",
        "segment_index": 30
      },
      {
        "cache_owner": "main.r2",
        "epic_prefix_rows": [
          0,
          3,
          6,
          10,
          13,
          18,
          20,
          24,
          32,
          34,
          36,
          47,
          49,
          54,
          57,
          59,
          65,
          66,
          72,
          78,
          79,
          80,
          82,
          90,
          95,
          98,
          99,
          107,
          115,
          121,
          123,
          127
        ],
        "fingerprint": "d9dc33189ee79049",
        "length": 128,
        "owner_tier": 4,
        "request": "w1.r2",
        "segment_index": 0
      },
      {
        "cache_owner": "w0.r0",
        "epic_prefix_rows": [],
        "fingerprint": "c50748f2a87b6838",
        "length": 300,
        "owner_tier": 1,
        "request": "w1.r2",
        "segment_index": 1
      },
      {
        "cache_owner": "main.r0",
        "epic_prefix_rows": [
          3,
          7,
          27,
          33,
          44,
          49,
          53,
          66,
          67,
          68,
          79,
          82,
          86,
          101,
          103,
          111,
          120,
          124,
          127,
          131,
          155,
          159,
          168,
          177,
          180,
          181,
          184,
          208,
          220,
          223,
          225,
          243
        ],
        "fingerprint": "20a4bd865a5b229e",
        "length": 256,
        "owner_tier": 0,
        "request": "w1.r2",
        "segment_index": 2
      },
      {
        "cache_owner": "main.r0",
        "epic_prefix_rows": [
          22,
          24,
          27,
          31,
          32,
          33,
          44,
          63,
          90,
          91,
          93,
          104,
          105,
          109,
          111,
          113,
          115,
          120,
          142,
          149,
          164,
          169,
          175,
          184,
          194,
          199,
          205,
          214,
          217,
          233,
          238,
          246
        ],
        "fingerprint": "9ab6734a754c1b9d",
        "length": 256,
        "owner_tier": 0,
        "request": "w1.r2",
        "segment_index": 3
      },
      {
        "cache_owner": "main.r0",
        "epic_prefix_rows": [
          0,
          7,
          14,
          24,
          31,
          36,
          43,
          60,
          71,
          75,
          77,
          86,
          98,
          100,
          107,
          122,
          134,
          142,
          153,
          163,
          167,
          171,
          172,
          173,
          179,
          184,
          205,
          215,
          219,
          226,
          243,
          252
        ],
        "fingerprint": "d08a027d3c65b5e6",
        "length": 256,
        "owner_tier": 0,
        "request": "w1.r2",
        "segment_index": 4
      },
      {
        "cache_owner": "main.r0",
        "epic_prefix_rows": [
          1,
          3,
          23,
          26,
          27,
          29,
          43,
          47,
          50,
          53,
          62,
          66,
          77,
          79,
          84,
          86,
          95,
          102,
          115,
          118,
          128,
          139,
          146,
          171,
          185,
          192,
          199,
          216,
          225,
          241,
          251,
          254
        ],
        "fingerprint": "9ae87ab9d42e4990",
        "length": 256,
        "owner_tier": 0,
        "request": "w1.r2",
        "segment_index": 5
      },
      {
        "cache_owner": "main.r0",
        "epic_prefix_rows": [
          4,
          6,
          15,
          25,
          28,
          31,
          42,
          52,
          62,
          66,
          73,
          79,
          96,
          112,
          113,
          119,
          139,
          143,
          146,
          157,
          175,
          177,
          180,
          189,
          212,
          214,
          231,
          235,
          237,
          241,
          242,
          244
        ],
        "fingerprint": "4507ec10354b9a34",
        "length": 256,
        "owner_tier": 0,
        "request": "w1.r2",
        "segment_index": 6
      },
      {
        "cache_owner": "main.r0",
        "epic_prefix_rows": [
          2,
          42,
          47,
          53,
          58,
          59,
          65,
          72,
          80,
          88,
          94,
          97,
          98,
          107,
          108,
          118,
          121,
          129,
          131,
          143,
          150,
          152,
          154,
          160,
          161,
          163,
          165,
          185,
          196,
          206,
          214,
          218
        ],
        "fingerprint": "3efa0426917061ae",
        "length": 256,
        "owner_tier": 0,
        "request": "w1.r2",
        "segment_index": 7
      },
      {
        "cache_owner": "main.r0",
        "epic_prefix_rows": [
          5,
          26,
          41,
          47,
          56,
          63,
          64,
          69,
          73,
          82,
          88,
          95,
          117,
          118,
          121,
          132,
          159,
          164,
          172,
          179,
          183,
          186,
          190,
          198,
          201,
          209,
          225,
          230,
          231,
          238,
          239,
          254
        ],
        "fingerprint": "e646956386ed6749",
        "length": 256,
        "owner_tier": 0,
        "request": "w1.r2",
        "segment_index": 8
      },
      {
        "cache_owner": "main.r0",
        "epic_prefix_rows": [
          3,
          8,
          17,
          22,
          33,
          34,
          50,
          52,
          84,
          93,
          94,
          99,
          105,
          112,
          119,
          125,
          132,
          141,
          145,
          154,
          168,
          171,
          177,
          179,
          184,
          202,
          208,
          224,
          228,
          243,
          244,
          254
        ],
        "fingerprint": "f6e2ee9cb02b549b",
        "length": 256,
        "owner_tier": 0,
        "request": "w1.r2",
        "segment_index": 9
      },
      {
        "cache_owner": "main.r0",
        "epic_prefix_rows": [
          0,
          5,
          9,
          16,
          20,
          50,
          53,
          71,
          72,
          75,
          87,
          107,
          109,
          114,
          122,
          131,
          139,
          157,
          179,
          180,
          183,
          189,
          190,
          195,
          197,
          205,
          207,
          212,
          221,
          227,
          234,
          254
        ],
        "fingerprint": "859509070aaad92f",
        "length": 256,
        "owner_tier": 0,
        "request": "w1.r2",
        "segment_index": 10
      },
      {
        "cache_owner": "main.r0",
        "epic_prefix_rows": [
          0,
          39,
          44,
          59,
          72,
          73,
          88,
          97,
          101,
          102,
          105,
          110,
          111,
          124,
          141,
          160,
          162,
          163,
          164,
          165,
          172,
          178,
          182,
          194,
          196,
          197,
          200,
          211,
          233,
          240,
          241,
          253
        ],
        "fingerprint": "fcd577b876fb0572",
        "length": 256,
        "owner_tier": 0,
        "request": "w1.r2",
        "segment_index": 11
      },
      {
        "cache_owner": "main.r1",
        "epic_prefix_rows": [
          6,
          9,
          16,
          39,
          43,
          46,
          58,
          59,
          77,
          79,
          84,
          86,
          88,
          94,
          96,
          107,
          108,
          112,
          120,
          127,
          140,
          149,
          154,
          159,
          165,
          174,
          197,
          209,
          210,
          224,
          233,
          240
        ],
        "fingerprint": "b7b36c9cc0ffca1f",
        "length": 256,
        "owner_tier": 2,
        "request": "w1.r2",
        "segment_index": 12
      },
      {
        "cache_owner": "main.r1",
        "epic_prefix_rows": [
          2,
          8,
          9,
          25,
          27,
          29,
          35,
          40,
          45,
          58,
          74,
          79,
          101,
          110,
          111,
          112,
          122,
          133,
          136,
          154,
          166,
          167,
          169,
          172,
          173,
          198,
          229,
          233,
          235,
          241,
          246,
          252
        ],
        "fingerprint": "2ca95e1f99b62895",
        "length": 256,
        "owner_tier": 2,
        "request": "w1.r2",
        "segment_index": 13
      },
      {
        "cache_owner": "main.r1",
        "epic_prefix_rows": [
          8,
          15,
          17,
          52,
          56,
          68,
          72,
          75,
          77,
          78,
          79,
          84,
          96,
          100,
          116,
          118,
          140,
          150,
          162,
          166,
          182,
          187,
          194,
          195,
          204,
          208,
          209,
          212,
          224,
          239,
          242,
          253
        ],
        "fingerprint": "61981006a3087531",
        "length": 256,
        "owner_tier": 2,
        "request": "w1.r2",
        "segment_index": 14
      },
      {
        "cache_owner": "main.r1",
        "epic_prefix_rows": [
          0,
          1,
          5,
          8,
          10,
          11,
          14,
          19,
          20,
          23,
          26,
          34,
          35,
          39,
          43,
          75,
          79,
          94,
          120,
          143,
          149,
          152,
          159,
          166,
          190,
          203,
          217,
          222,
          223,
          236,
          252,
          254
        ],
        "fingerprint": "0676dfd47068e0df",
        "length": 256,
        "owner_tier": 2,
        "request": "w1.r2",
        "segment_index": 15
      },
      {
        "cache_owner": "main.r1",
        "epic_prefix_rows": [
          20,
          25,
          26,
          29,
          33,
          35,
          43,
          51,
          95,
          108,
          110,
          114,
          121,
          124,
          128,
          130,
          138,
          155,
          169,
          183,
          186,
          198,
          210,
          217,
          218,
          220,
          227,
          237,
          239,
          244,
          251,
          255
        ],
        "fingerprint": "7392f0dd8e833d02",
        "length": 256,
        "owner_tier": 2,
        "request": "w1.r2",
        "segment_index": 16
      },
      {
        "cache_owner": "main.r1",
        "epic_prefix_rows": [
          17,
          23,
          24,
          39,
          61,
          63,
          78,
          82,
          93,
          95,
          96,
          100,
          103,
          135,
          139,
          141,
          143,
          144,
          146,
          154,
          177,
          178,
          186,
          188,
          199,
          202,
          217,
          225,
          229,
          232,
          234,
          254
        ],
        "fingerprint": "2d9f547fcb304b0f",
        "length": 256,
        "owner_tier": 2,
        "request": "w1.r2",
        "segment_index": 17
      },
      {
        "cache_owner": "main.r1",
        "epic_prefix_rows": [
          0,
          2,
          5,
          10,
          29,
          32,
          35,
          36,
          44,
          47,
          53,
          65,
          66,
          70,
          90,
          95,
          123,
          125,
          129,
          145,
          167,
          170,
          174,
          177,
          188,
          189,
          209,
          212,
          223,
          231,
          239,
          241
        ],
        "fingerprint": "2524834b679c9169",
        "length": 256,
        "owner_tier": 2,
        "request": "w1.r2",
        "segment_index": 18
      },
      {
        "cache_owner": "main.r1",
        "epic_prefix_rows": [
          8,
          24,
          26,
          29,
          37,
          48,
          51,
          62,
          64,
          70,
          82,
          90,
          91,
          99,
          102,
          126,
          128,
          142,
          158,
          161,
          162,
          171,
          176,
          179,
          191,
          196,
          198,
          203,
          204,
          208,
          250,
          252
        ],
        "fingerprint": "5a8181f7e7879299",
        "length": 256,
        "owner_tier": 2,
        "request": "w1.r2",
        "segment_index": 19
      },
      {
        "cache_owner": "main.r1",
        "epic_prefix_rows": [
          1,
          8,
          11,
          20,
          40,
          58,
          59,
          67,
          68,
          69,
          85,
          100,
          106,
          107,
          137,
          166,
          167,
          169,
          173,
          181,
          185,
          190,
          193,
          198,
          199,
          204,
          209,
          220,
          235,
          239,
          246,
          247
        ],
        "fingerprint": "c4de161da65ad6d0",
        "length": 256,
        "owner_tier": 2,
        "request": "w1.r2",
        "segment_index": 20
      },
      {
        "cache_owner": "main.r2",
        "epic_prefix_rows": [
          1,
          7,
          10,
          18,
          29,
          40,
          43,
          44,
          51,
          64,
          66,
          73,
          84,
          91,
          94,
          103,
          104,
          127,
          134,
          145,
          151,
          155,
          156,
          162,
          173,
          177,
          204,
          208,
          210,
          223,
          237,
          243
        ],
        "fingerprint": "43c1199691fc3316",
        "length": 256,
        "owner_tier": 4,
        "request": "w1.r2",
        "segment_index": 21
      },
      {
        "cache_owner": "main.r2",
        "epic_prefix_rows": [
          4,
          8,
          29,
          47,
          48,
          50,
          85,
          88,
          93,
          107,
          115,
          116,
          119,
          139,
          140,
          149,
          151,
          158,
          164,
          168,
          192,
          197,
          202,
          209,
          210,
          219,
          224,
          228,
          231,
          234,
          246,
          247
        ],
        "fingerprint": "e0c1b33b1977de85",
        "length": 256,
        "owner_tier": 4,
        "request": "w1.r2",
        "segment_index": 22
      },
      {
        "cache_owner": "main.r2",
        "epic_prefix_rows": [
          3,
          39,
          41,
          48,
          58,
          98,
          100,
          105,
          126,
          153,
          157,
          161,
          162,
          170,
          174,
          184,
          185,
          187,
          191,
          193,
          195,
          206,
          220,
          222,
          227,
          230,
          235,
          244,
          245,
          253,
          254,
          255
        ],
        "fingerprint": "3597c2ab929b2fa2",
        "length": 256,
        "owner_tier": 4,
        "request": "w1.r2",
        "segment_index": 23
      },
      {
        "cache_owner": "main.r2",
        "epic_prefix_rows": [
          0,
          16,
          25,
          39,
          40,
          45,
          47,
          54,
          64,
          65,
          77,
          82,
          97,
          101,
          107,
          113,
          133,
          145,
          164,
          165,
          179,
          184,
          188,
          191,
          211,
          219,
          232,
          233,
          238,
          245,
          247,
          251
        ],
        "fingerprint": "ebb6ffbea2fb7f17",
        "length": 256,
        "owner_tier": 4,
        "request": "w1.r2",
        "segment_index": 24
      },
      {
        "cache_owner": "main.r2",
        "epic_prefix_rows": [
          5,
          9,
          30,
          51,
          64,
          65,
          69,
          72,
          80,
          96,
          104,
          106,
          108,
          118,
          125,
          127,
          128,
          131,
          142,
          154,
          155,
          165,
          167,
          184,
          187,
          194,
          217,
          239,
          241,
          242,
          246,
          251
        ],
        "fingerprint": "13069208a9b6ae52",
        "length": 256,
        "owner_tier": 4,
        "request": "w1.r2",
        "segment_index": 25
      },
      {
        "cache_owner": "main.r2",
        "epic_prefix_rows": [
          6,
          7,
          43,
          47,
          71,
          89,
          99,
          113,
          120,
          121,
          126,
          134,
          136,
          140,
          142,
          148,
          150,
          155,
          173,
          180,
          182,
          187,
          190,
          193,
          204,
          206,
          207,
          230,
          242,
          243,
          249,
          250
        ],
        "fingerprint": "96c6eb32a8099b39",
        "length": 256,
        "owner_tier": 4,
        "request": "w1.r2",
        "segment_index": 26
      },
      {
        "cache_owner": "main.r2",
        "epic_prefix_rows": [
          17,
          24,
          32,
          39,
          42,
          53,
          56,
          57,
          64,
          78,
          80,
          87,
          110,
          112,
          116,
          125,
          127,
          134,
          155,
          160,
          177,
          181,
          182,
          185,
          200,
          201,
          204,
          216,
          220,
          234,
          239,
          242
        ],
        "fingerprint": "07f759914ec5d44c",
        "length": 256,
        "owner_tier": 4,
        "request": "w1.r2",
        "segment_index": 27
      },
      {
        "cache_owner": "main.r2",
        "epic_prefix_rows": [
          6,
          11,
          12,
          16,
          19,
          22,
          24,
          33,
          35,
          37,
          49,
          67,
          78,
          87,
          92,
          100,
          119,
          120,
          125,
          129,
          130,
          134,
          136,
          146,
          152,
          160,
          166,
          208,
          228,
          229,
          236,
          239
        ],
        "fingerprint": "66dba080f71780ec",
        "length": 256,
        "owner_tier": 4,
        "request": "w1.r2",
        "segment_index": 28
      },
      {
        "cache_owner": "main.r2",
        "epic_prefix_rows": [
          1,
          10,
          20,
          25,
          26,
          28,
          33,
          46,
          66,
          69,
          77,
          78,
          84,
          91,
          93,
          94,
          103,
          119,
          121,
          144,
          148,
          159,
          168,
          173,
          193,
          197,
          225,
          233,
          234,
          235,
          247,
          249
        ],
        "fingerprint": "f5cbe9c563f8d865",
        "length": 256,
        "owner_tier": 4,
        "request": "w1.r2",
        "segment_index": 29
      },
      {
        "cache_owner": "main.r2",
        "epic_prefix_rows": [
          18,
          23,
          35,
          37,
          49,
          52,
          54,
          68,
          74,
          82,
          92,
          96,
          106,
          108,
          109,
          110,
          119,
          124,
          126,
          160,
          162,
          171,
          195,
          197,
          204,
          207,
          218,
          227,
          239,
          241,
          249,
          255
        ],
        "fingerprint": "2bd3429ac7619aa9",
        "length": 256,
        "owner_tier": 4,
        "request": "w1.r2",
        "segment_index": 30
      },
      {
        "cache_owner": "main.r2",
        "epic_prefix_rows": [
          11,
          12,
          14,
          16,
          19,
          20,
          22,
          28,
          31,
          34,
          40,
          41,
          43,
          45,
          48,
          56,
          59,
          63,
          68,
          75,
          77,
          84,
          90,
          91,
          93,
          99,
          102,
          106,
          109,
          115,
          124,
          126
        ],
        "fingerprint": "d9dc33189ee79049",
        "length": 128,
        "owner_tier": 4,
        "request": "w2.r2",
        "segment_index": 0
      },
      {
        "cache_owner": "w0.r0",
        "epic_prefix_rows": [],
        "fingerprint": "c50748f2a87b6838",
        "length": 300,
        "owner_tier": 1,
        "request": "w2.r2",
        "segment_index": 1
      },
      {
        "cache_owner": "main.r0",
        "epic_prefix_rows": [
          0,
          13,
          20,
          22,
          27,
          40,
          43,
          47,
          48,
          61,
          66,
          77,
          79,
          85,
          96,
          100,
          121,
          134,
          142,
          163,
          166,
          167,
          168,
          180,
          182,
          190,
          195,
          217,
          219,
          221,
          229,
          233
        ],
        "fingerprint": "20a4bd865a5b229e",
        "length": 256,
        "owner_tier": 0,
        "request": "w2.r2",
        "segment_index": 2
      },
      {
        "cache_owner": "main.r0",
        "epic_prefix_rows": [
          14,
          20,
          24,
          25,
          28,
          30,
          36,
          38,
          44,
          55,
          72,
          77,
          103,
          124,
          135,
          147,
          148,
          155,
          161,
          169,
          180,
          191,
          211,
          213,
          216,
          218,
          228,
          230,
          235,
          237,
          242,
          252
        ],
        "fingerprint": "9ab6734a754c1b9d",
        "length": 256,
        "owner_tier": 0,
        "request": "w2.r2",
        "segment_index": 3
      },
      {
        "cache_owner": "main.r0",
        "epic_prefix_rows": [
          21,
          41,
          44,
          45,
          54,
          66,
          68,
          86,
          91,
          103,
          116,
          133,
          160,
          163,
          165,
          168,
          172,
          179,
          185,
          188,
          195,
          196,
          206,
          209,
          211,
          213,
          222,
          228,
          229,
          230,
          231,
          234
        ],
        "fingerprint": "d08a027d3c65b5e6",
        "length": 256,
        "owner_tier": 0,
        "request": "w2.r2",
        "segment_index": 4
      },
      {
        "cache_owner": "main.r0",
        "epic_prefix_rows": [
          14,
          16,
          25,
          30,
          32,
          34,
          35,
          44,
          46,
          51,
          57,
          59,
          60,
          77,
          82,
          84,
          89,
          92,
          108,
          111,
          112,
          117,
          127,
          132,
          192,
          195,
          201,
          204,
          207,
          234,
          237,
          241
        ],
        "fingerprint": "9ae87ab9d42e4990",
        "length": 256,
        "owner_tier": 0,
        "request": "w2.r2",
        "segment_index": 5
      },
      {
        "cache_owner": "main.r0",
        "epic_prefix_rows": [
          4,
          28,
          46,
          50,
          69,
          75,
          79,
          87,
          112,
          123,
          127,
          128,
          129,
          140,
          150,
          159,
          161,
          163,
          169,
          175,
          181,
          198,
          213,
          219,
          220,
          224,
          230,
          234,
          237,
          241,
          249,
          254
        ],
        "fingerprint": "4507ec10354b9a34",
        "length": 256,
        "owner_tier": 0,
        "request": "w2.r2",
        "segment_index": 6
      },
      {
        "cache_owner": "main.r0",
        "epic_prefix_rows": [
          6,
          12,
          28,
          35,
          37,
          58,
          81,
          84,
          86,
          89,
          96,
          107,
          116,
          123,
          126,
          133,
          135,
          139,
          143,
          144,
          155,
          156,
          168,
          184,
          188,
          189,
          203,
          206,
          216,
          222,
          245,
          251
        ],
        "fingerprint": "3efa0426917061ae",
        "length": 256,
        "owner_tier": 0,
        "request": "w2.r2",
        "segment_index": 7
      },
      {
        "cache_owner": "main.r0",
        "epic_prefix_rows": [
          0,
          4,
          12,
          14,
          16,
          21,
          28,
          35,
          45,
          49,
          58,
          79,
          82,
          92,
          98,
          135,
          143,
          158,
          166,
          170,
          172,
          173,
          187,
          194,
          195,
          196,
          200,
          217,
          218,
          223,
          229,
          232
        ],
        "fingerprint": "e646956386ed6749",
        "length": 256,
        "owner_tier": 0,
        "request": "w2.r2",
        "segment_index": 8
      },
      {
        "cache_owner": "main.r0",
        "epic_prefix_rows": [
          1,
          2,
          10,
          16,
          33,
          39,
          51,
          53,
          57,
          71,
          75,
          81,
          100,
          106,
          107,
          114,
          145,
          148,
          152,
          162,
          184,
          188,
          192,
          198,
          201,
          226,
          228,
          229,
          237,
          243,
          247,
          255
        ],
        "fingerprint": "f6e2ee9cb02b549b",
        "length": 256,
        "owner_tier": 0,
        "request": "w2.r2",
        "segment_index": 9
      },
      {
        "cache_owner": "main.r0",
        "epic_prefix_rows": [
          3,
          54,
          68,
          71,
          76,
          77,
          84,
          85,
          87,
          102,
          103,
          105,
          109,
          113,
          119,
          125,
          132,
          134,
          136,
          171,
          178,
          182,
          192,
          193,
          202,
          207,
          215,
          222,
          229,
          231,
          237,
          241
        ],
        "fingerprint": "859509070aaad92f",
        "length": 256,
        "owner_tier": 0,
        "request": "w2.r2",
        "segment_index": 10
      },
      {
        "cache_owner": "main.r0",
        "epic_prefix_rows": [
          19,
          29,
          31,
          41,
          43,
          45,
          47,
          48,
          49,
          63,
          66,
          69,
          111,
          122,
          123,
          124,
          128,
          129,
          150,
          159,
          169,
          215,
          218,
          222,
          233,
          235,
          236,
          238,
          240,
          241,
          243,
          247
        ],
        "fingerprint": "fcd577b876fb0572",
        "length": 256,
        "owner_tier": 0,
        "request": "w2.r2",
        "segment_index": 11
      },
      {
        "cache_owner": "main.r1",
        "epic_prefix_rows": [
          9,
          23,
          24,
          25,
          27,
          32,
          35,
          37,
          52,
          53,
          57,
          85,
          91,
          93,
          96,
          125,
          132,
          133,
          144,
          146,
          151,
          155,
          165,
          179,
          185,
          188,
          191,
          202,
          226,
          228,
          240,
          246
        ],
        "fingerprint": "b7b36c9cc0ffca1f",
        "length": 256,
        "owner_tier": 2,
        "request": "w2.r2",
        "segment_index": 12
      },
      {
        "cache_owner": "main.r1",
        "epic_prefix_rows": [
          2,
          23,
          24,
          25,
          33,
          35,
          43,
          45,
          48,
          68,
          70,
          73,
          83,
          86,
          101,
          107,
          114,
          139,
          154,
          173,
          176,
          181,
          183,
          191,
          193,
          202,
          214,
          227,
          231,
          236,
          240,
          252
        ],
        "fingerprint": "2ca95e1f99b62895",
        "length": 256,
        "owner_tier": 2,
        "request": "w2.r2",
        "segment_index": 13
      },
      {
        "cache_owner": "main.r1",
        "epic_prefix_rows": [
          1,
          15,
          16,
          22,
          31,
          43,
          48,
          62,
          63,
          70,
          76,
          84,
          87,
          88,
          98,
          109,
          111,
          117,
          123,
          126,
          143,
          150,
          155,
          182,
          202,
          205,
          223,
          226,
          237,
          243,
          248,
          255
        ],
        "fingerprint": "61981006a3087531",
        "length": 256,
        "owner_tier": 2,
        "request": "w2.r2",
        "segment_index": 14
      },
      {
        "cache_owner": "main.r1",
        "epic_prefix_rows": [
          6,
          7,
          17,
          28,
          33,
          36,
          69,
          72,
          76,
          81,
          86,
          99,
          103,
          116,
          119,
          142,
          145,
          174,
          177,
          188,
          190,
          202,
          206,
          207,
          209,
          216,
          219,
          222,
          231,
          239,
          246,
          254
        ],
        "fingerprint": "0676dfd47068e0df",
        "length": 256,
        "owner_tier": 2,
        "request": "w2.r2",
        "segment_index": 15
      },
      {
        "cache_owner": "main.r1",
        "epic_prefix_rows": [
          1,
          6,
          20,
          39,
          40,
          45,
          76,
          83,
          106,
          107,
          113,
          115,
          125,
          131,
          136,
          147,
          155,
          168,
          193,
          204,
          206,
          207,
          208,
          217,
          221,
          222,
          231,
          232,
          242,
          252,
          253,
          254
        ],
        "fingerprint": "7392f0dd8e833d02",
        "length": 256,
        "owner_tier": 2,
        "request": "w2.r2",
        "segment_index": 16
      },
      {
        "cache_owner": "main.r1",
        "epic_prefix_rows": [
          7,
          21,
          23,
          28,
          33,
          43,
          49,
          51,
          62,
          67,
          70,
          84,
          86,
          90,
          92,
          96,
          107,
          122,
          143,
          151,
          167,
          177,
          183,
          203,
          208,
          210,
          216,
          219,
          231,
          232,
          238,
          245
        ],
        "fingerprint": "2d9f547fcb304b0f",
        "length": 256,
        "owner_tier": 2,
        "request": "w2.r2",
        "segment_index": 17
      },
      {
        "cache_owner": "main.r1",
        "epic_prefix_rows": [
          3,
          9,
          54,
          57,
          79,
          86,
          101,
          110,
          113,
          114,
          121,
          129,
          132,
          133,
          152,
          182,
          186,
          188,
          190,
          191,
          193,
          204,
          207,
          209,
          216,
          218,
          223,
          224,
          232,
          233,
          242,
          248
        ],
        "fingerprint": "2524834b679c9169",
        "length": 256,
        "owner_tier": 2,
        "request": "w2.r2",
        "segment_index": 18
      },
      {
        "cache_owner": "main.r1",
        "epic_prefix_rows": [
          7,
          19,
          30,
          39,
          41,
          42,
          45,
          47,
          51,
          65,
          71,
          75,
          77,
          90,
          96,
          99,
          103,
          159,
          170,
          178,
          181,
          183,
          185,
          188,
          205,
          207,
          210,
          211,
          221,
          228,
          242,
          246
        ],
        "fingerprint": "5a8181f7e7879299",
        "length": 256,
        "owner_tier": 2,
        "request": "w2.r2",
        "segment_index": 19
      },
      {
        "cache_owner": "main.r1",
        "epic_prefix_rows": [
          12,
          17,
          19,
          20,
          25,
          40,
          43,
          54,
          55,
          63,
          66,
          82,
          112,
          115,
          137,
          142,
          145,
          150,
          155,
          173,
          183,
          190,
          196,
          197,
          198,
          203,
          207,
          210,
          223,
          229,
          232,
          241
        ],
        "fingerprint": "c4de161da65ad6d0",
        "length": 256,
        "owner_tier": 2,
        "request": "w2.r2",
        "segment_index": 20
      },
      {
        "cache_owner": "main.r2",
        "epic_prefix_rows": [
          0,
          4,
          12,
          18,
          22,
          31,
          38,
          43,
          48,
          51,
          74,
          79,
          85,
          95,
          126,
          133,
          139,
          145,
          147,
          152,
          158,
          166,
          167,
          168,
          189,
          193,
          202,
          206,
          216,
          226,
          233,
          254
        ],
        "fingerprint": "43c1199691fc3316",
        "length": 256,
        "owner_tier": 4,
        "request": "w2.r2",
        "segment_index": 21
      },
      {
        "cache_owner": "main.r2",
        "epic_prefix_rows": [
          2,
          3,
          9,
          18,
          25,
          38,
          59,
          71,
          76,
          77,
          84,
          88,
          90,
          102,
          105,
          110,
          115,
          144,
          146,
          148,
          152,
          164,
          185,
          196,
          209,
          210,
          211,
          214,
          241,
          246,
          249,
          252
        ],
        "fingerprint": "e0c1b33b1977de85",
        "length": 256,
        "owner_tier": 4,
        "request": "w2.r2",
        "segment_index": 22
      },
      {
        "cache_owner": "main.r2",
        "epic_prefix_rows": [
          1,
          3,
          7,
          10,
          11,
          17,
          23,
          27,
          32,
          44,
          56,
          75,
          98,
          100,
          116,
          119,
          137,
          140,
          145,
          146,
          153,
          165,
          166,
          171,
          176,
          187,
          198,
          204,
          208,
          220,
          221,
          249
        ],
        "fingerprint": "3597c2ab929b2fa2",
        "length": 256,
        "owner_tier": 4,
        "request": "w2.r2",
        "segment_index": 23
      },
      {
        "cache_owner": "main.r2",
        "epic_prefix_rows": [
          6,
          8,
          12,
          43,
          51,
          62,
          72,
          81,
          86,
          91,
          97,
          103,
          106,
          107,
          117,
          126,
          131,
          132,
          152,
          161,
          171,
          173,
          201,
          207,
          208,
          212,
          214,
          215,
          236,
          240,
          242,
          245
        ],
        "fingerprint": "ebb6ffbea2fb7f17",
        "length": 256,
        "owner_tier": 4,
        "request": "w2.r2",
        "segment_index": 24
      },
      {
        "cache_owner": "main.r2",
        "epic_prefix_rows": [
          9,
          14,
          28,
          30,
          36,
          41,
          46,
          50,
          51,
          54,
          70,
          75,
          78,
          82,
          84,
          94,
          97,
          106,
          127,
          145,
          147,
          184,
          187,
          193,
          202,
          203,
          204,
          206,
          219,
          228,
          247,
          254
        ],
        "fingerprint": "13069208a9b6ae52",
        "length": 256,
        "owner_tier": 4,
        "request": "w2.r2",
        "segment_index": 25
      },
      {
        "cache_owner": "main.r2",
        "epic_prefix_rows": [
          11,
          20,
          28,
          32,
          39,
          55,
          56,
          57,
          58,
          92,
          99,
          102,
          104,
          113,
          124,
          131,
          134,
          138,
          143,
          146,
          157,
          159,
          161,
          164,
          176,
          186,
          194,
          195,
          201,
          208,
          226,
          235
        ],
        "fingerprint": "96c6eb32a8099b39",
        "length": 256,
        "owner_tier": 4,
        "request": "w2.r2",
        "segment_index": 26
      },
      {
        "cache_owner": "main.r2",
        "epic_prefix_rows": [
          3,
          7,
          11,
          29,
          33,
          35,
          46,
          55,
          65,
          69,
          77,
          81,
          84,
          93,
          106,
          113,
          131,
          135,
          139,
          156,
          158,
          163,
          170,
          183,
          195,
          199,
          201,
          202,
          220,
          241,
          246,
          249
        ],
        "fingerprint": "07f759914ec5d44c",
        "length": 256,
        "owner_tier": 4,
        "request": "w2.r2",
        "segment_index": 27
      },
      {
        "cache_owner": "main.r2",
        "epic_prefix_rows": [
          14,
          26,
          27,
          30,
          31,
          48,
          49,
          51,
          59,
          61,
          63,
          67,
          68,
          72,
          75,
          86,
          87,
          91,
          95,
          96,
          125,
          150,
          170,
          175,
          177,
          178,
          192,
          212,
          214,
          241,
          250,
          251
        ],
        "fingerprint": "66dba080f71780ec",
        "length": 256,
        "owner_tier": 4,
        "request": "w2.r2",
        "segment_index": 28
      },
      {
        "cache_owner": "main.r2",
        "epic_prefix_rows": [
          6,
          11,
          21,
          26,
          28,
          43,
          51,
          65,
          76,
          88,
          90,
          100,
          108,
          111,
          128,
          130,
          136,
          141,
          170,
          171,
          172,
          175,
          181,
          188,
          205,
          224,
          230,
          231,
          245,
          246,
          248,
          255
        ],
        "fingerprint": "f5cbe9c563f8d865",
        "length": 256,
        "owner_tier": 4,
        "request": "w2.r2",
        "segment_index": 29
      },
      {
        "cache_owner": "main.r2",
        "epic_prefix_rows": [
          19,
          26,
          31,
          37,
          44,
          49,
          61,
          63,
          68,
          73,
          75,
          83,
          91,
          109,
          122,
          124,
          137,
          148,
          176,
          187,
          189,
          194,
          204,
          216,
          217,
          230,
          234,
          236,
          245,
          248,
          253,
          255
        ],
        "fingerprint": "2bd3429ac7619aa9",
        "length": 256,
        "owner_tier": 4,
        "request": "w2.r2",
        "segment_index": 30
      },
      {
        "cache_owner": "main.r2",
        "epic_prefix_rows": [
          5,
          8,
          14,
          16,
          18,
          22,
          35,
          36,
          39,
          40,
          44,
          51,
          52,
          58,
          59,
          61,
          64,
          75,
          78,
          80,
          88,
          97,
          98,
          102,
          103,
          104,
          105,
          114,
          118,
          119,
          120,
          126
        ],
        "fingerprint": "d9dc33189ee79049",
        "length": 128,
        "owner_tier": 4,
        "request": "main.r3",
        "segment_index": 0
      },
      {
        "cache_owner": "main.r0",
        "epic_prefix_rows": [
          7,
          12,
          27,
          29,
          41,
          58,
          59,
          62,
          74,
          75,
          94,
          103,
          105,
          108,
          134,
          137,
          138,
          144,
          149,
          154,
          160,
          166,
          167,
          189,
          198,
          201,
          227,
          232,
          241,
          242,
          251,
          252
        ],
        "fingerprint": "20a4bd865a5b229e",
        "length": 256,
        "owner_tier": 0,
        "request": "main.r3",
        "segment_index": 4
      },
      {
        "cache_owner": "main.r0",
        "epic_prefix_rows": [
          5,
          26,
          38,
          46,
          47,
          63,
          74,
          75,
          80,
          85,
          87,
          91,
          110,
          124,
          130,
          131,
          143,
          153,
          155,
          168,
          188,
          190,
          194,
          199,
          222,
          225,
          228,
          233,
          238,
          245,
          247,
          250
        ],
        "fingerprint": "9ab6734a754c1b9d",
        "length": 256,
        "owner_tier": 0,
        "request": "main.r3",
        "segment_index": 5
      },
      {
        "cache_owner": "main.r0",
        "epic_prefix_rows": [
          10,
          23,
          53,
          56,
          66,
          73,
          85,
          87,
          103,
          122,
          126,
          131,
          133,
          150,
          157,
          162,
          174,
          178,
          179,
          181,
          185,
          188,
          190,
          200,
          225,
          232,
          235,
          236,
          238,
          248,
          250,
          255
        ],
        "fingerprint": "d08a027d3c65b5e6",
        "length": 256,
        "owner_tier": 0,
        "request": "main.r3",
        "segment_index": 6
      },
      {
        "cache_owner": "main.r0",
        "epic_prefix_rows": [
          4,
          9,
          24,
          32,
          33,
          51,
          62,
          65,
          71,
          82,
          85,
          87,
          90,
          91,
          92,
          96,
          112,
          113,
          115,
          163,
          171,
          181,
          183,
          187,
          195,
          204,
          205,
          208,
          212,
          236,
          238,
          239
        ],
        "fingerprint": "9ae87ab9d42e4990",
        "length": 256,
        "owner_tier": 0,
        "request": "main.r3",
        "segment_index": 7
      },
      {
        "cache_owner": "main.r0",
        "epic_prefix_rows": [
          5,
          6,
          12,
          21,
          23,
          30,
          32,
          36,
          50,
          62,
          74,
          78,
          80,
          92,
          102,
          111,
          137,
          139,
          142,
          144,
          148,
          154,
          160,
          167,
          168,
          192,
          201,
          203,
          213,
          218,
          226,
          247
        ],
        "fingerprint": "4507ec10354b9a34",
        "length": 256,
        "owner_tier": 0,
        "request": "main.r3",
        "segment_index": 8
      },
      {
        "cache_owner": "main.r0",
        "epic_prefix_rows": [
          0,
          2,
          5,
          12,
          16,
          23,
          40,
          41,
          42,
          54,
          70,
          73,
          81,
          94,
          97,
          110,
          114,
          115,
          117,
          146,
          160,
          161,
          162,
          164,
          170,
          174,
          178,
          185,
          196,
          221,
          233,
          241
        ],
        "fingerprint": "3efa0426917061ae",
        "length": 256,
        "owner_tier": 0,
        "request": "main.r3",
        "segment_index": 9
      },
      {
        "cache_owner": "main.r0",
        "epic_prefix_rows": [
          12,
          25,
          27,
          33,
          35,
          54,
          57,
          59,
          62,
          65,
          79,
          80,
          95,
          127,
          129,
          137,
          144,
          157,
          167,
          170,
          178,
          188,
          189,
          196,
          198,
          202,
          211,
          215,
          221,
          243,
          250,
          253
        ],
        "fingerprint": "e646956386ed6749",
        "length": 256,
        "owner_tier": 0,
        "request": "main.r3",
        "segment_index": 10
      },
      {
        "cache_owner": "main.r0",
        "epic_prefix_rows": [
          3,
          10,
          23,
          32,
          53,
          54,
          75,
          76,
          81,
          101,
          111,
          115,
          116,
          133,
          134,
          141,
          143,
          151,
          153,
          156,
          157,
          160,
          162,
          166,
          180,
          185,
          188,
          195,
          205,
          214,
          225,
          246
        ],
        "fingerprint": "f6e2ee9cb02b549b",
        "length": 256,
        "owner_tier": 0,
        "request": "main.r3",
        "segment_index": 11
      },
      {
        "cache_owner": "main.r0",
        "epic_prefix_rows": [
          12,
          26,
          30,
          63,
          65,
          67,
          68,
          78,
          79,
          80,
          82,
          100,
          114,
          115,
          117,
          131,
          133,
          142,
          145,
          146,
          150,
          152,
          169,
          178,
          180,
          188,
          193,
          205,
          208,
          210,
          236,
          249
        ],
        "fingerprint": "859509070aaad92f",
        "length": 256,
        "owner_tier": 0,
        "request": "main.r3",
        "segment_index": 12
      },
      {
        "cache_owner": "main.r0",
        "epic_prefix_rows": [
          1,
          4,
          5,
          26,
          27,
          28,
          39,
          50,
          79,
          84,
          87,
          111,
          118,
          127,
          132,
          142,
          146,
          150,
          170,
          172,
          183,
          189,
          190,
          191,
          207,
          213,
          215,
          221,
          234,
          236,
          249,
          254
        ],
        "fingerprint": "fcd577b876fb0572",
        "length": 256,
        "owner_tier": 0,
        "request": "main.r3",
        "segment_index": 13
      },
      {
        "cache_owner": "main.r1",
        "epic_prefix_rows": [],
        "fingerprint": "b7b36c9cc0ffca1f",
        "length": 256,
        "owner_tier": 2,
        "request": "main.r3",
        "segment_index": 14
      },
      {
        "cache_owner": "main.r1",
        "epic_prefix_rows": [],
        "fingerprint": "2ca95e1f99b62895",
        "length": 256,
        "owner_tier": 2,
        "request": "main.r3",
        "segment_index": 15
      },
      {
        "cache_owner": "main.r1",
        "epic_prefix_rows": [],
        "fingerprint": "61981006a3087531",
        "length": 256,
        "owner_tier": 2,
        "request": "main.r3",
        "segment_index": 16
      },
      {
        "cache_owner": "main.r1",
        "epic_prefix_rows": [],
        "fingerprint": "0676dfd47068e0df",
        "length": 256,
        "owner_tier": 2,
        "request": "main.r3",
        "segment_index": 17
      },
      {
        "cache_owner": "main.r1",
        "epic_prefix_rows": [],
        "fingerprint": "7392f0dd8e833d02",
        "length": 256,
        "owner_tier": 2,
        "request": "main.r3",
        "segment_index": 18
      },
      {
        "cache_owner": "main.r1",
        "epic_prefix_rows": [],
        "fingerprint": "2d9f547fcb304b0f",
        "length": 256,
        "owner_tier": 2,
        "request": "main.r3",
        "segment_index": 19
      },
      {
        "cache_owner": "main.r1",
        "epic_prefix_rows": [],
        "fingerprint": "2524834b679c9169",
        "length": 256,
        "owner_tier": 2,
        "request": "main.r3",
        "segment_index": 20
      },
      {
        "cache_owner": "main.r1",
        "epic_prefix_rows": [],
        "fingerprint": "5a8181f7e7879299",
        "length": 256,
        "owner_tier": 2,
        "request": "main.r3",
        "segment_index": 21
      },
      {
        "cache_owner": "main.r1",
        "epic_prefix_rows": [],
        "fingerprint": "c4de161da65ad6d0",
        "length": 256,
        "owner_tier": 2,
        "request": "main.r3",
        "segment_index": 22
      },
      {
        "cache_owner": "main.r2",
        "epic_prefix_rows": [],
        "fingerprint": "43c1199691fc3316",
        "length": 256,
        "owner_tier": 4,
        "request": "main.r3",
        "segment_index": 23
      },
      {
        "cache_owner": "main.r2",
        "epic_prefix_rows": [],
        "fingerprint": "e0c1b33b1977de85",
        "length": 256,
        "owner_tier": 4,
        "request": "main.r3",
        "segment_index": 24
      },
      {
        "cache_owner": "main.r2",
        "epic_prefix_rows": [],
        "fingerprint": "3597c2ab929b2fa2",
        "length": 256,
        "owner_tier": 4,
        "request": "main.r3",
        "segment_index": 25
      },
      {
        "cache_owner": "main.r2",
        "epic_prefix_rows": [],
        "fingerprint": "ebb6ffbea2fb7f17",
        "length": 256,
        "owner_tier": 4,
        "request": "main.r3",
        "segment_index": 26
      },
      {
        "cache_owner": "main.r2",
        "epic_prefix_rows": [],
        "fingerprint": "13069208a9b6ae52",
        "length": 256,
        "owner_tier": 4,
        "request": "main.r3",
        "segment_index": 27
      },
      {
        "cache_owner": "main.r2",
        "epic_prefix_rows": [],
        "fingerprint": "96c6eb32a8099b39",
        "length": 256,
        "owner_tier": 4,
        "request": "main.r3",
        "segment_index": 28
      },
      {
        "cache_owner": "main.r2",
        "epic_prefix_rows": [],
        "fingerprint": "07f759914ec5d44c",
        "length": 256,
        "owner_tier": 4,
        "request": "main.r3",
        "segment_index": 29
      },
      {
        "cache_owner": "main.r2",
        "epic_prefix_rows": [],
        "fingerprint": "66dba080f71780ec",
        "length": 256,
        "owner_tier": 4,
        "request": "main.r3",
        "segment_index": 30
      },
      {
        "cache_owner": "main.r2",
        "epic_prefix_rows": [],
        "fingerprint": "f5cbe9c563f8d865",
        "length": 256,
        "owner_tier": 4,
        "request": "main.r3",
        "segment_index": 31
      },
      {
        "cache_owner": "main.r2",
        "epic_prefix_rows": [],
        "fingerprint": "2bd3429ac7619aa9",
        "length": 256,
        "owner_tier": 4,
        "request": "main.r3",
        "segment_index": 32
      },
      {
        "cache_owner": "main.r3",
        "epic_prefix_rows": [
          1,
          11,
          13,
          19,
          25,
          33,
          35,
          37,
          38,
          39,
          42,
          43,
          49,
          51,
          57,
          58,
          60,
          61,
          65,
          73,
          76,
          77,
          88,
          95,
          97,
          99,
          100,
          107,
          109,
          115,
          116,
          117
        ],
        "fingerprint": "ce4ad42a86f61c1d",
        "length": 128,
        "owner_tier": 6,
        "request": "w0.r3",
        "segment_index": 0
      },
      {
        "cache_owner": "w0.r0",
        "epic_prefix_rows": [],
        "fingerprint": "c50748f2a87b6838",
        "length": 300,
        "owner_tier": 1,
        "request": "w0.r3",
        "segment_index": 1
      },
      {
        "cache_owner": "main.r0",
        "epic_prefix_rows": [
          13,
          14,
          21,
          24,
          44,
          46,
          56,
          64,
          66,
          71,
          85,
          89,
          92,
          98,
          116,
          119,
          121,
          134,
          141,
          159,
          175,
          181,
          191,
          196,
          198,
          208,
          220,
          229,
          234,
          242,
          248,
          249
        ],
        "fingerprint": "20a4bd865a5b229e",
        "length": 256,
        "owner_tier": 0,
        "request": "w0.r3",
        "segment_index": 2
      },
      {
        "cache_owner": "main.r0",
        "epic_prefix_rows": [
          5,
          11,
          19,
          44,
          67,
          69,
          72,
          75,
          77,
          81,
          89,
          91,
          114,
          121,
          129,
          138,
          157,
          158,
          159,
          160,
          174,
          177,
          194,
          206,
          209,
          212,
          226,
          235,
          236,
          245,
          248,
          254
        ],
        "fingerprint": "9ab6734a754c1b9d",
        "length": 256,
        "owner_tier": 0,
        "request": "w0.r3",
        "segment_index": 3
      },
      {
        "cache_owner": "main.r0",
        "epic_prefix_rows": [
          0,
          3,
          6,
          9,
          12,
          26,
          29,
          40,
          45,
          54,
          59,
          62,
          64,
          83,
          88,
          96,
          97,
          113,
          114,
          117,
          119,
          153,
          164,
          165,
          173,
          178,
          202,
          213,
          221,
          223,
          247,
          251
        ],
        "fingerprint": "d08a027d3c65b5e6",
        "length": 256,
        "owner_tier": 0,
        "request": "w0.r3",
        "segment_index": 4
      },
      {
        "cache_owner": "main.r0",
        "epic_prefix_rows": [
          2,
          12,
          14,
          17,
          26,
          35,
          59,
          60,
          65,
          67,
          72,
          85,
          86,
          108,
          113,
          123,
          133,
          134,
          143,
          148,
          149,
          169,
          181,
          189,
          198,
          204,
          205,
          211,
          228,
          237,
          252,
          253
        ],
        "fingerprint": "9ae87ab9d42e4990",
        "length": 256,
        "owner_tier": 0,
        "request": "w0.r3",
        "segment_index": 5
      },
      {
        "cache_owner": "main.r0",
        "epic_prefix_rows": [
          7,
          9,
          10,
          29,
          38,
          46,
          51,
          61,
          62,
          67,
          80,
          81,
          97,
          110,
          114,
          126,
          134,
          137,
          138,
          143,
          146,
          173,
          183,
          187,
          189,
          204,
          209,
          224,
          230,
          245,
          248,
          253
        ],
        "fingerprint": "4507ec10354b9a34",
        "length": 256,
        "owner_tier": 0,
        "request": "w0.r3",
        "segment_index": 6
      },
      {
        "cache_owner": "main.r0",
        "epic_prefix_rows": [
          1,
          4,
          9,
          10,
          15,
          25,
          34,
          41,
          42,
          58,
          70,
          75,
          84,
          87,
          88,
          92,
          100,
          136,
          144,
          153,
          160,
          172,
          174,
          188,
          196,
          203,
          217,
          219,
          226,
          229,
          244,
          249
        ],
        "fingerprint": "3efa0426917061ae",
        "length": 256,
        "owner_tier": 0,
        "request": "w0.r3",
        "segment_index": 7
      },
      {
        "cache_owner": "main.r0",
        "epic_prefix_rows": [
          2,
          4,
          16,
          20,
          22,
          35,
          38,
          47,
          60,
          73,
          79,
          87,
          88,
          93,
          94,
          99,
          104,
          140,
          144,
          147,
          150,
          173,
          175,
          195,
          197,
          198,
          199,
          232,
          235,
          237,
          246,
          247
        ],
        "fingerprint": "e646956386ed6749",
        "length": 256,
        "owner_tier": 0,
        "request": "w0.r3",
        "segment_index": 8
      },
      {
        "cache_owner": "main.r0",
        "epic_prefix_rows": [
          24,
          28,
          34,
          38,
          42,
          47,
          48,
          54,
          64,
          65,
          81,
          91,
          92,
          129,
          134,
          143,
          147,
          148,
          149,
          153,
          157,
          158,
          160,
          200,
          204,
          209,
          210,
          214,
          236,
          240,
          242,
          244
        ],
        "fingerprint": "f6e2ee9cb02b549b",
        "length": 256,
        "owner_tier": 0,
        "request": "w0.r3",
        "segment_index": 9
      },
      {
        "cache_owner": "main.r0",
        "epic_prefix_rows": [
          20,
          24,
          38,
          40,
          45,
          47,
          51,
          52,
          66,
          67,
          68,
          81,
          86,
          90,
          92,
          95,
          101,
          105,
          107,
          114,
          149,
          169,
          197,
          202,
          203,
          209,
          219,
          222,
          237,
          239,
          246,
          253
        ],
        "fingerprint": "859509070aaad92f",
        "length": 256,
        "owner_tier": 0,
        "request": "w0.r3",
        "segment_index": 10
      },
      {
        "cache_owner": "main.r0",
        "epic_prefix_rows": [
          0,
          7,
          13,
          24,
          34,
          51,
          62,
          74,
          93,
          99,
          104,
          109,
          110,
          112,
          145,
          150,
          152,
          157,
          159,
          168,
          176,
          180,
          181,
          195,
          203,
          207,
          215,
          222,
          235,
          245,
          254,
          255
        ],
        "fingerprint": "fcd577b876fb0572",
        "length": 256,
        "owner_tier": 0,
        "request": "w0.r3",
        "segment_index": 11
      },
      {
        "cache_owner": "main.r1",
        "epic_prefix_rows": [
          15,
          31,
          32,
          40,
          42,
          45,
          58,
          65,
          79,
          82,
          99,
          103,
          108,
          115,
          117,
          124,
          126,
          129,
          147,
          153,
          157,
          159,
          183,
          212,
          215,
          220,
          222,
          237,
          241,
          245,
          252,
          254
        ],
        "fingerprint": "b7b36c9cc0ffca1f",
        "length": 256,
        "owner_tier": 2,
        "request": "w0.r3",
        "segment_index": 12
      },
      {
        "cache_owner": "main.r1",
        "epic_prefix_rows": [
          1,
          3,
          7,
          9,
          35,
          52,
          56,
          58,
          69,
          73,
          79,
          80,
          89,
          95,
          110,
          117,
          122,
          125,
          130,
          145,
          159,
          178,
          187,
          193,
          197,
          201,
          213,
          220,
          221,
          231,
          243,
          244
        ],
        "fingerprint": "2ca95e1f99b62895",
        "length": 256,
        "owner_tier": 2,
        "request": "w0.r3",
        "segment_index": 13
      },
      {
        "cache_owner": "main.r1",
        "epic_prefix_rows": [
          7,
          32,
          34,
          51,
          64,
          92,
          99,
          120,
          122,
          141,
          144,
          147,
          156,
          162,
          169,
          172,
          183,
          184,
          189,
          197,
          198,
          204,
          205,
          210,
          211,
          220,
          222,
          223,
          228,
          230,
          242,
          254
        ],
        "fingerprint": "61981006a3087531",
        "length": 256,
        "owner_tier": 2,
        "request": "w0.r3",
        "segment_index": 14
      },
      {
        "cache_owner": "main.r1",
        "epic_prefix_rows": [
          9,
          36,
          46,
          51,
          61,
          66,
          74,
          79,
          88,
          101,
          104,
          108,
          116,
          118,
          127,
          153,
          168,
          177,
          181,
          188,
          189,
          195,
          202,
          203,
          204,
          206,
          211,
          212,
          215,
          235,
          245,
          246
        ],
        "fingerprint": "0676dfd47068e0df",
        "length": 256,
        "owner_tier": 2,
        "request": "w0.r3",
        "segment_index": 15
      },
      {
        "cache_owner": "main.r1",
        "epic_prefix_rows": [
          15,
          26,
          32,
          33,
          38,
          40,
          41,
          47,
          53,
          64,
          69,
          71,
          72,
          73,
          78,
          79,
          88,
          108,
          146,
          147,
          149,
          151,
          176,
          193,
          204,
          221,
          223,
          234,
          238,
          245,
          248,
          251
        ],
        "fingerprint": "7392f0dd8e833d02",
        "length": 256,
        "owner_tier": 2,
        "request": "w0.r3",
        "segment_index": 16
      },
      {
        "cache_owner": "main.r1",
        "epic_prefix_rows": [
          7,
          14,
          27,
          30,
          58,
          66,
          81,
          85,
          87,
          105,
          108,
          123,
          134,
          142,
          143,
          150,
          152,
          155,
          160,
          171,
          182,
          186,
          190,
          203,
          205,
          207,
          217,
          227,
          240,
          242,
          252,
          254
        ],
        "fingerprint": "2d9f547fcb304b0f",
        "length": 256,
        "owner_tier": 2,
        "request": "w0.r3",
        "segment_index": 17
      },
      {
        "cache_owner": "main.r1",
        "epic_prefix_rows": [
          2,
          7,
          10,
          21,
          32,
          38,
          64,
          85,
          88,
          93,
          95,
          98,
          107,
          132,
          139,
          151,
          170,
          185,
          196,
          206,
          207,
          210,
          213,
          215,
          217,
          222,
          223,
          227,
          233,
          241,
          243,
          250
        ],
        "fingerprint": "2524834b679c9169",
        "length": 256,
        "owner_tier": 2,
        "request": "w0.r3",
        "segment_index": 18
      },
      {
        "cache_owner": "main.r1",
        "epic_prefix_rows": [
          8,
          10,
          21,
          26,
          28,
          29,
          36,
          49,
          53,
          54,
          82,
          90,
          103,
          105,
          138,
          141,
          142,
          145,
          158,
          163,
          164,
          165,
          177,
          182,
          204,
          224,
          225,
          229,
          230,
          233,
          235,
          241
        ],
        "fingerprint": "5a8181f7e7879299",
        "length": 256,
        "owner_tier": 2,
        "request": "w0.r3",
        "segment_index": 19
      },
      {
        "cache_owner": "main.r1",
        "epic_prefix_rows": [
          2,
          23,
          26,
          35,
          43,
          50,
          52,
          55,
          60,
          69,
          71,
          86,
          98,
          106,
          107,
          111,
          130,
          133,
          168,
          182,
          185,
          188,
          193,
          200,
          201,
          217,
          219,
          233,
          236,
          239,
          240,
          252
        ],
        "fingerprint": "c4de161da65ad6d0",
        "length": 256,
        "owner_tier": 2,
        "request": "w0.r3",
        "segment_index": 20
      },
      {
        "cache_owner": "main.r2",
        "epic_prefix_rows": [
          9,
          13,
          25,
          27,
          29,
          54,
          59,
          61,
          64,
          67,
          72,
          83,
          84,
          85,
          110,
          127,
          130,
          144,
          148,
          159,
          162,
          164,
          169,
          185,
          200,
          217,
          221,
          225,
          231,
          234,
          240,
          243
        ],
        "fingerprint": "43c1199691fc3316",
        "length": 256,
        "owner_tier": 4,
        "request": "w0.r3",
        "segment_index": 21
      },
      {
        "cache_owner": "main.r2",
        "epic_prefix_rows": [
          10,
          13,
          16,
          24,
          33,
          35,
          38,
          44,
          55,
          57,
          60,
          63,
          83,
          85,
          100,
          108,
          119,
          122,
          140,
          141,
          145,
          146,
          155,
          159,
          182,
          201,
          208,
          222,
          232,
          243,
          249,
          251
        ],
        "fingerprint": "e0c1b33b1977de85",
        "length": 256,
        "owner_tier": 4,
        "request": "w0.r3",
        "segment_index": 22
      },
      {
        "cache_owner": "main.r2",
        "epic_prefix_rows": [
          26,
          28,
          33,
          40,
          42,
          48,
          51,
          54,
          67,
          89,
          99,
          103,
          110,
          114,
          115,
          121,
          122,
          125,
          138,
          145,
          151,
          152,
          154,
          166,
          171,
          185,
          201,
          206,
          213,
          241,
          247,
          252
        ],
        "fingerprint": "3597c2ab929b2fa2",
        "length": 256,
        "owner_tier": 4,
        "request": "w0.r3",
        "segment_index": 23
      },
      {
        "cache_owner": "main.r2",
        "epic_prefix_rows": [
          1,
          6,
          8,
          54,
          57,
          70,
          74,
          78,
          80,
          88,
          92,
          101,
          109,
          114,
          120,
          140,
          144,
          146,
          148,
          155,
          160,
          174,
          187,
          192,
          202,
          203,
          208,
          219,
          222,
          227,
          231,
          236
        ],
        "fingerprint": "ebb6ffbea2fb7f17",
        "length": 256,
        "owner_tier": 4,
        "request": "w0.r3",
        "segment_index": 24
      },
      {
        "cache_owner": "main.r2",
        "epic_prefix_rows": [
          6,
          11,
          12,
          13,
          15,
          27,
          30,
          70,
          76,
          84,
          86,
          89,
          97,
          104,
          107,
          115,
          142,
          159,
          164,
          167,
          169,
          172,
          188,
          191,
          195,
          203,
          204,
          205,
          230,
          235,
          244,
          255
        ],
        "fingerprint": "13069208a9b6ae52",
        "length": 256,
        "owner_tier": 4,
        "request": "w0.r3",
        "segment_index": 25
      },
      {
        "cache_owner": "main.r2",
        "epic_prefix_rows": [
          7,
          8,
          13,
          25,
          27,
          31,
          39,
          46,
          52,
          54,
          59,
          61,
          66,
          71,
          102,
          105,
          123,
          134,
          138,
          141,
          146,
          148,
          151,
          154,
          161,
          193,
          211,
          213,
          220,
          224,
          250,
          253
        ],
        "fingerprint": "96c6eb32a8099b39",
        "length": 256,
        "owner_tier": 4,
        "request": "w0.r3",
        "segment_index": 26
      },
      {
        "cache_owner": "main.r2",
        "epic_prefix_rows": [
          9,
          16,
          19,
          30,
          33,
          39,
          49,
          58,
          63,
          65,
          100,
          107,
          111,
          117,
          125,
          140,
          141,
          155,
          168,
          170,
          172,
          176,
          178,
          195,
          207,
          217,
          223,
          239,
          241,
          249,
          251,
          252
        ],
        "fingerprint": "07f759914ec5d44c",
        "length": 256,
        "owner_tier": 4,
        "request": "w0.r3",
        "segment_index": 27
      },
      {
        "cache_owner": "main.r2",
        "epic_prefix_rows": [
          12,
          16,
          35,
          39,
          59,
          76,
          78,
          85,
          98,
          107,
          116,
          122,
          126,
          128,
          136,
          146,
          149,
          152,
          163,
          170,
          179,
          189,
          190,
          197,
          199,
          205,
          207,
          215,
          220,
          222,
          224,
          231
        ],
        "fingerprint": "66dba080f71780ec",
        "length": 256,
        "owner_tier": 4,
        "request": "w0.r3",
        "segment_index": 28
      },
      {
        "cache_owner": "main.r2",
        "epic_prefix_rows": [
          24,
          26,
          41,
          49,
          53,
          61,
          62,
          69,
          74,
          76,
          77,
          80,
          81,
          82,
          87,
          97,
          104,
          111,
          121,
          130,
          136,
          185,
          190,
          201,
          211,
          212,
          215,
          220,
          236,
          237,
          246,
          249
        ],
        "fingerprint": "f5cbe9c563f8d865",
        "length": 256,
        "owner_tier": 4,
        "request": "w0.r3",
        "segment_index": 29
      },
      {
        "cache_owner": "main.r2",
        "epic_prefix_rows": [
          2,
          6,
          16,
          24,
          30,
          42,
          50,
          62,
          67,
          68,
          70,
          93,
          99,
          100,
          107,
          108,
          112,
          118,
          121,
          133,
          134,
          149,
          163,
          173,
          203,
          206,
          207,
          217,
          220,
          221,
          240,
          244
        ],
        "fingerprint": "2bd3429ac7619aa9",
        "length": 256,
        "owner_tier": 4,
        "request": "w0.r3",
        "segment_index": 30
      },
      {
        "cache_owner": "main.r3",
        "epic_prefix_rows": [
          3,
          9,
          10,
          15,
          22,
          35,
          38,
          42,
          60,
          68,
          83,
          85,
          97,
          106,
          108,
          109,
          121,
          143,
          146,
          151,
          157,
          169,
          184,
          185,
          201,
          205,
          220,
          229,
          232,
          236,
          250,
          251
        ],
        "fingerprint": "7e497667b297c845",
        "length": 256,
        "owner_tier": 6,
        "request": "w0.r3",
        "segment_index": 31
      },
      {
        "cache_owner": "main.r3",
        "epic_prefix_rows": [
          3,
          5,
          7,
          9,
          19,
          34,
          37,
          42,
          49,
          63,
          68,
          70,
          77,
          97,
          113,
          119,
          124,
          134,
          149,
          157,
          158,
          163,
          166,
          183,
          186,
          192,
          197,
          206,
          229,
          236,
          239,
          250
        ],
        "fingerprint": "37b4718978e1500a",
        "length": 256,
        "owner_tier": 6,
        "request": "w0.r3",
        "segment_index": 32
      },
      {
        "cache_owner": "main.r3",
        "epic_prefix_rows": [
          2,
          6,
          15,
          23,
          28,
          42,
          55,
          59,
          66,
          80,
          85,
          90,
          96,
          102,
          110,
          115,
          118,
          125,
          130,
          133,
          138,
          161,
          167,
          173,
          184,
          213,
          220,
          221,
          224,
          233,
          243,
          253
        ],
        "fingerprint": "a03f8799509acc24",
        "length": 256,
        "owner_tier": 6,
        "request": "w0.r3",
        "segment_index": 33
      },
      {
        "cache_owner": "main.r3",
        "epic_prefix_rows": [
          15,
          22,
          27,
          47,
          48,
          55,
          59,
          70,
          71,
          81,
          82,
          102,
          134,
          143,
          149,
          152,
          153,
          160,
          172,
          180,
          182,
          188,
          197,
          204,
          205,
          213,
          217,
          227,
          229,
          236,
          248,
          249
        ],
        "fingerprint": "810508acd012e8a7",
        "length": 256,
        "owner_tier": 6,
        "request": "w0.r3",
        "segment_index": 34
      },
      {
        "cache_owner": "main.r3",
        "epic_prefix_rows": [
          5,
          6,
          9,
          13,
          41,
          44,
          45,
          50,
          58,
          64,
          76,
          90,
          110,
          111,
          122,
          134,
          136,
          148,
          154,
          180,
          182,
          187,
          191,
          197,
          198,
          218,
          221,
          227,
          231,
          232,
          235,
          245
        ],
        "fingerprint": "b03fe1ff7b59999e",
        "length": 256,
        "owner_tier": 6,
        "request": "w0.r3",
        "segment_index": 35
      },
      {
        "cache_owner": "main.r3",
        "epic_prefix_rows": [
          17,
          24,
          29,
          33,
          39,
          42,
          55,
          64,
          65,
          71,
          72,
          84,
          86,
          90,
          95,
          106,
          112,
          116,
          134,
          137,
          156,
          160,
          164,
          185,
          187,
          189,
          207,
          210,
          238,
          244,
          249,
          254
        ],
        "fingerprint": "40596d9bc8f60e23",
        "length": 256,
        "owner_tier": 6,
        "request": "w0.r3",
        "segment_index": 36
      },
      {
        "cache_owner": "main.r3",
        "epic_prefix_rows": [
          2,
          16,
          18,
          25,
          28,
          37,
          65,
          97,
          107,
          116,
          117,
          129,
          133,
          147,
          160,
          168,
          169,
          181,
          184,
          189,
          191,
          202,
          205,
          211,
          214,
          223,
          228,
          238,
          241,
          242,
          246,
          255
        ],
        "fingerprint": "a4cee309986b1e06",
        "length": 256,
        "owner_tier": 6,
        "request": "w0.r3",
        "segment_index": 37
      },
      {
        "cache_owner": "main.r3",
        "epic_prefix_rows": [
          8,
          11,
          21,
          36,
          48,
          56,
          71,
          72,
          80,
          88,
          94,
          104,
          108,
          113,
          139,
          143,
          145,
          152,
          162,
          168,
          170,
          171,
          188,
          203,
          204,
          213,
          222,
          233,
          235,
          241,
          245,
          252
        ],
        "fingerprint": "8b3f6b908f9ada23",
        "length": 256,
        "owner_tier": 6,
        "request": "w0.r3",
        "segment_index": 38
      },
      {
        "cache_owner": "main.r3",
        "epic_prefix_rows": [
          0,
          8,
          9,
          10,
          14,
          33,
          34,
          49,
          50,
          52,
          67,
          72,
          75,
          76,
          93,
          98,
          109,
          111,
          114,
          131,
          138,
          141,
          142,
          159,
          177,
          184,
          187,
          209,
          213,
          237,
          245,
          247
        ],
        "fingerprint": "081e2fb018d14722",
        "length": 256,
        "owner_tier": 6,
        "request": "w0.r3",
        "segment_index": 39
      },
      {
        "cache_owner": "main.r3",
        "epic_prefix_rows": [
          2,
          5,
          11,
          13,
          19,
          21,
          24,
          27,
          29,
          34,
          35,
          41,
          42,
          45,
          46,
          48,
          50,
          51,
          53,
          64,
          72,
          85,
          86,
          88,
          91,
          92,
          96,
          97,
          98,
          111,
          114,
          118
        ],
        "fingerprint": "ce4ad42a86f61c1d",
        "length": 128,
        "owner_tier": 6,
        "request": "w1.r3",
        "segment_index": 0
      },
      {
        "cache_owner": "w0.r0",
        "epic_prefix_rows": [],
        "fingerprint": "c50748f2a87b6838",
        "length": 300,
        "owner_tier": 1,
        "request": "w1.r3",
        "segment_index": 1
      },
      {
        "cache_owner": "main.r0",
        "epic_prefix_rows": [
          7,
          9,
          11,
          20,
          37,
          41,
          47,
          52,
          59,
          63,
          71,
          73,
          78,
          101,
          108,
          115,
          121,
          125,
          145,
          150,
          157,
          161,
          167,
          181,
          192,
          200,
          206,
          222,
          236,
          240,
          250,
          254
        ],
        "fingerprint": "20a4bd865a5b229e",
        "length": 256,
        "owner_tier": 0,
        "request": "w1.r3",
        "segment_index": 2
      },
      {
        "cache_owner": "main.r0",
        "epic_prefix_rows": [
          11,
          22,
          25,
          28,
          48,
          52,
          57,
          74,
          76,
          79,
          89,
          91,
          93,
          97,
          117,
          118,
          124,
          145,
          148,
          156,
          158,
          168,
          170,
          172,
          176,
          189,
          197,
          203,
          205,
          219,
          234,
          255
        ],
        "fingerprint": "9ab6734a754c1b9d",
        "length": 256,
        "owner_tier": 0,
        "request": "w1.r3",
        "segment_index": 3
      },
      {
        "cache_owner": "main.r0",
        "epic_prefix_rows": [
          1,
          17,
          18,
          39,
          41,
          45,
          51,
          52,
          81,
          103,
          105,
          111,
          116,
          121,
          125,
          126,
          132,
          134,
          142,
          154,
          160,
          171,
          173,
          178,
          186,
          187,
          210,
          219,
          220,
          223,
          224,
          255
        ],
        "fingerprint": "d08a027d3c65b5e6",
        "length": 256,
        "owner_tier": 0,
        "request": "w1.r3",
        "segment_index": 4
      },
      {
        "cache_owner": "main.r0",
        "epic_prefix_rows": [
          0,
          13,
          17,
          40,
          41,
          49,
          64,
          74,
          75,
          87,
          107,
          111,
          116,
          120,
          125,
          126,
          137,
          145,
          151,
          156,
          158,
          167,
          171,
          173,
          182,
          184,
          196,
          199,
          203,
          216,
          238,
          246
        ],
        "fingerprint": "9ae87ab9d42e4990",
        "length": 256,
        "owner_tier": 0,
        "request": "w1.r3",
        "segment_index": 5
      },
      {
        "cache_owner": "main.r0",
        "epic_prefix_rows": [
          16,
          17,
          34,
          37,
          53,
          65,
          78,
          90,
          92,
          93,
          107,
          113,
          118,
          122,
          123,
          141,
          144,
          150,
          158,
          165,
          166,
          170,
          175,
          176,
          192,
          199,
          227,
          235,
          238,
          239,
          245,
          255
        ],
        "fingerprint": "4507ec10354b9a34",
        "length": 256,
        "owner_tier": 0,
        "request": "w1.r3",
        "segment_index": 6
      },
      {
        "cache_owner": "main.r0",
        "epic_prefix_rows": [
          1,
          12,
          20,
          45,
          46,
          71,
          77,
          90,
          111,
          116,
          123,
          137,
          142,
          143,
          146,
          149,
          164,
          167,
          172,
          176,
          179,
          186,
          196,
          206,
          211,
          223,
          228,
          229,
          230,
          242,
          250,
          251
        ],
        "fingerprint": "3efa0426917061ae",
        "length": 256,
        "owner_tier": 0,
        "request": "w1.r3",
        "segment_index": 7
      },
      {
        "cache_owner": "main.r0",
        "epic_prefix_rows": [
          4,
          11,
          12,
          16,
          17,
          23,
          29,
          37,
          40,
          44,
          53,
          55,
          61,
          63,
          64,
          68,
          96,
          108,
          112,
          120,
          121,
          152,
          155,
          164,
          166,
          195,
          197,
          208,
          239,
          240,
          247,
          254
        ],
        "fingerprint": "e646956386ed6749",
        "length": 256,
        "owner_tier": 0,
        "request": "w1.r3",
        "segment_index": 8
      },
      {
        "cache_owner": "main.r0",
        "epic_prefix_rows": [
          2,
          4,
          12,
          14,
          15,
          18,
          38,
          58,
          66,
          67,
          84,
          102,
          112,
          114,
          125,
          126,
          138,
          152,
          163,
          165,
          168,
          196,
          197,
          200,
          204,
          205,
          221,
          223,
          229,
          232,
          250,
          252
        ],
        "fingerprint": "f6e2ee9cb02b549b",
        "length": 256,
        "owner_tier": 0,
        "request": "w1.r3",
        "segment_index": 9
      },
      {
        "cache_owner": "main.r0",
        "epic_prefix_rows": [
          17,
          20,
          25,
          38,
          40,
          47,
          51,
          54,
          63,
          73,
          76,
          81,
          90,
          94,
          131,
          133,
          134,
          136,
          142,
          143,
          156,
          158,
          161,
          167,
          173,
          185,
          200,
          205,
          216,
          224,
          246,
          255
        ],
        "fingerprint": "859509070aaad92f",
        "length": 256,
        "owner_tier": 0,
        "request": "w1.r3",
        "segment_index": 10
      },
      {
        "cache_owner": "main.r0",
        "epic_prefix_rows": [
          4,
          7,
          8,
          12,
          14,
          28,
          30,
          39,
          47,
          60,
          65,
          69,
          80,
          95,
          101,
          104,
          108,
          130,
          135,
          143,
          144,
          146,
          168,
          187,
          191,
          192,
          208,
          209,
          212,
          224,
          235,
          245
        ],
        "fingerprint": "fcd577b876fb0572",
        "length": 256,
        "owner_tier": 0,
        "request": "w1.r3",
        "segment_index": 11
      },
      {
        "cache_owner": "main.r1",
        "epic_prefix_rows": [
          11,
          14,
          23,
          27,
          28,
          34,
          59,
          65,
          67,
          69,
          72,
          83,
          108,
          119,
          151,
          153,
          161,
          166,
          174,
          179,
          186,
          188,
          189,
          195,
          197,
          203,
          208,
          211,
          230,
          241,
          250,
          254
        ],
        "fingerprint": "b7b36c9cc0ffca1f",
        "length": 256,
        "owner_tier": 2,
        "request": "w1.r3",
        "segment_index": 12
      },
      {
        "cache_owner": "main.r1",
        "epic_prefix_rows": [
          1,
          13,
          16,
          18,
          19,
          35,
          41,
          45,
          52,
          56,
          60,
          68,
          71,
          74,
          85,
          88,
          92,
          93,
          94,
          104,
          108,
          125,
          136,
          169,
          201,
          204,
          222,
          229,
          234,
          235,
          241,
          253
        ],
        "fingerprint": "2ca95e1f99b62895",
        "length": 256,
        "owner_tier": 2,
        "request": "w1.r3",
        "segment_index": 13
      },
      {
        "cache_owner": "main.r1",
        "epic_prefix_rows": [
          14,
          22,
          26,
          50,
          51,
          55,
          73,
          80,
          87,
          89,
          91,
          97,
          113,
          118,
          119,
          128,
          129,
          141,
          144,
          151,
          155,
          160,
          180,
          183,
          194,
          198,
          215,
          222,
          228,
          233,
          244,
          255
        ],
        "fingerprint": "61981006a3087531",
        "length": 256,
        "owner_tier": 2,
        "request": "w1.r3",
        "segment_index": 14
      },
      {
        "cache_owner": "main.r1",
        "epic_prefix_rows": [
          12,
          17,
          27,
          33,
          48,
          53,
          61,
          72,
          80,
          95,
          96,
          99,
          108,
          143,
          165,
          171,
          177,
          181,
          186,
          192,
          202,
          208,
          209,
          217,
          226,
          227,
          229,
          235,
          243,
          245,
          250,
          252
        ],
        "fingerprint": "0676dfd47068e0df",
        "length": 256,
        "owner_tier": 2,
        "request": "w1.r3",
        "segment_index": 15
      },
      {
        "cache_owner": "main.r1",
        "epic_prefix_rows": [
          11,
          12,
          16,
          26,
          39,
          42,
          46,
          49,
          53,
          74,
          76,
          82,
          86,
          91,
          93,
          96,
          106,
          118,
          140,
          154,
          158,
          166,
          192,
          196,
          201,
          206,
          214,
          217,
          218,
          231,
          244,
          249
        ],
        "fingerprint": "7392f0dd8e833d02",
        "length": 256,
        "owner_tier": 2,
        "request": "w1.r3",
        "segment_index": 16
      },
      {
        "cache_owner": "main.r1",
        "epic_prefix_rows": [
          7,
          12,
          24,
          31,
          35,
          37,
          43,
          52,
          74,
          81,
          83,
          90,
          91,
          92,
          104,
          115,
          118,
          138,
          157,
          161,
          169,
          170,
          173,
          178,
          180,
          182,
          189,
          218,
          227,
          238,
          241,
          250
        ],
        "fingerprint": "2d9f547fcb304b0f",
        "length": 256,
        "owner_tier": 2,
        "request": "w1.r3",
        "segment_index": 17
      },
      {
        "cache_owner": "main.r1",
        "epic_prefix_rows": [
          1,
          2,
          4,
          16,
          19,
          50,
          52,
          53,
          58,
          60,
          71,
          76,
          91,
          95,
          116,
          121,
          140,
          153,
          156,
          162,
          163,
          165,
          173,
          177,
          203,
          217,
          223,
          224,
          233,
          234,
          249,
          254
        ],
        "fingerprint": "2524834b679c9169",
        "length": 256,
        "owner_tier": 2,
        "request": "w1.r3",
        "segment_index": 18
      },
      {
        "cache_owner": "main.r1",
        "epic_prefix_rows": [
          1,
          3,
          5,
          15,
          20,
          21,
          37,
          42,
          63,
          80,
          88,
          95,
          105,
          110,
          116,
          119,
          121,
          124,
          134,
          137,
          140,
          158,
          165,
          168,
          170,
          171,
          173,
          177,
          181,
          187,
          229,
          235
        ],
        "fingerprint": "5a8181f7e7879299",
        "length": 256,
        "owner_tier": 2,
        "request": "w1.r3",
        "segment_index": 19
      },
      {
        "cache_owner": "main.r1",
        "epic_prefix_rows": [
          1,
          2,
          8,
          25,
          27,
          29,
          32,
          42,
          45,
          48,
          55,
          77,
          96,
          98,
          104,
          115,
          118,
          122,
          129,
          136,
          145,
          146,
          147,
          152,
          172,
          217,
          220,
          222,
          230,
          234,
          235,
          241
        ],
        "fingerprint": "c4de161da65ad6d0",
        "length": 256,
        "owner_tier": 2,
        "request": "w1.r3",
        "segment_index": 20
      },
      {
        "cache_owner": "main.r2",
        "epic_prefix_rows": [
          10,
          23,
          25,
          43,
          68,
          86,
          99,
          114,
          116,
          120,
          122,
          124,
          130,
          139,
          147,
          156,
          157,
          162,
          166,
          167,
          172,
          184,
          192,
          194,
          208,
          214,
          225,
          233,
          237,
          238,
          246,
          250
        ],
        "fingerprint": "43c1199691fc3316",
        "length": 256,
        "owner_tier": 4,
        "request": "w1.r3",
        "segment_index": 21
      },
      {
        "cache_owner": "main.r2",
        "epic_prefix_rows": [
          5,
          8,
          11,
          39,
          49,
          51,
          57,
          60,
          75,
          83,
          85,
          97,
          108,
          124,
          136,
          145,
          150,
          155,
          160,
          177,
          187,
          188,
          195,
          199,
          201,
          203,
          224,
          236,
          237,
          241,
          248,
          255
        ],
        "fingerprint": "e0c1b33b1977de85",
        "length": 256,
        "owner_tier": 4,
        "request": "w1.r3",
        "segment_index": 22
      },
      {
        "cache_owner": "main.r2",
        "epic_prefix_rows": [
          16,
          26,
          27,
          38,
          55,
          65,
          67,
          91,
          93,
          94,
          98,
          101,
          105,
          108,
          111,
          125,
          137,
          157,
          159,
          173,
          179,
          197,
          202,
          206,
          210,
          218,
          222,
          226,
          234,
          235,
          236,
          238
        ],
        "fingerprint": "3597c2ab929b2fa2",
        "length": 256,
        "owner_tier": 4,
        "request": "w1.r3",
        "segment_index": 23
      },
      {
        "cache_owner": "main.r2",
        "epic_prefix_rows": [
          1,
          3,
          23,
          52,
          53,
          54,
          63,
          66,
          81,
          91,
          93,
          96,
          102,
          105,
          107,
          108,
          117,
          150,
          161,
          166,
          171,
          178,
          187,
          194,
          196,
          209,
          215,
          220,
          229,
          236,
          248,
          255
        ],
        "fingerprint": "ebb6ffbea2fb7f17",
        "length": 256,
        "owner_tier": 4,
        "request": "w1.r3",
        "segment_index": 24
      },
      {
        "cache_owner": "main.r2",
        "epic_prefix_rows": [
          1,
          4,
          19,
          21,
          29,
          33,
          40,
          52,
          53,
          54,
          60,
          61,
          75,
          76,
          77,
          81,
          83,
          111,
          126,
          133,
          147,
          162,
          163,
          166,
          178,
          192,
          198,
          208,
          214,
          230,
          238,
          242
        ],
        "fingerprint": "13069208a9b6ae52",
        "length": 256,
        "owner_tier": 4,
        "request": "w1.r3",
        "segment_index": 25
      },
      {
        "cache_owner": "main.r2",
        "epic_prefix_rows": [
          0,
          16,
          34,
          35,
          47,
          50,
          68,
          75,
          78,
          82,
          87,
          89,
          103,
          113,
          115,
          123,
          131,
          139,
          159,
          160,
          164,
          175,
          181,
          185,
          198,
          214,
          215,
          217,
          239,
          242,
          248,
          250
        ],
        "fingerprint": "96c6eb32a8099b39",
        "length": 256,
        "owner_tier": 4,
        "request": "w1.r3",
        "segment_index": 26
      },
      {
        "cache_owner": "main.r2",
        "epic_prefix_rows": [
          12,
          15,
          17,
          23,
          45,
          53,
          67,
          82,
          87,
          93,
          107,
          111,
          112,
          116,
          125,
          126,
          152,
          160,
          161,
          164,
          166,
          191,
          195,
          202,
          208,
          212,
          219,
          228,
          241,
          243,
          245,
          255
        ],
        "fingerprint": "07f759914ec5d44c",
        "length": 256,
        "owner_tier": 4,
        "request": "w1.r3",
        "segment_index": 27
      },
      {
        "cache_owner": "main.r2",
        "epic_prefix_rows": [
          1,
          5,
          8,
          28,
          75,
          87,
          88,
          89,
          90,
          101,
          105,
          111,
          114,
          116,
          120,
          129,
          138,
          139,
          145,
          151,
          156,
          159,
          163,
          165,
          166,
          167,
          173,
          198,
          216,
          225,
          226,
          245
        ],
        "fingerprint": "66dba080f71780ec",
        "length": 256,
        "owner_tier": 4,
        "request": "w1.r3",
        "segment_index": 28
      },
      {
        "cache_owner": "main.r2",
        "epic_prefix_rows": [
          13,
          15,
          29,
          30,
          38,
          49,
          55,
          56,
          67,
          78,
          81,
          86,
          103,
          115,
          129,
          130,
          131,
          137,
          140,
          154,
          175,
          183,
          186,
          197,
          204,
          217,
          224,
          234,
          240,
          246,
          248,
          253
        ],
        "fingerprint": "f5cbe9c563f8d865",
        "length": 256,
        "owner_tier": 4,
        "request": "w1.r3",
        "segment_index": 29
      },
      {
        "cache_owner": "main.r2",
        "epic_prefix_rows": [
          9,
          41,
          48,
          51,
          57,
          62,
          63,
          64,
          69,
          75,
          88,
          104,
          123,
          125,
          136,
          146,
          153,
          155,
          156,
          157,
          166,
          172,
          183,
          188,
          189,
          196,
          204,
          209,
          232,
          234,
          245,
          249
        ],
        "fingerprint": "2bd3429ac7619aa9",
        "length": 256,
        "owner_tier": 4,
        "request": "w1.r3",
        "segment_index": 30
      },
      {
        "cache_owner": "main.r3",
        "epic_prefix_rows": [
          7,
          13,
          16,
          20,
          22,
          24,
          38,
          41,
          49,
          52,
          53,
          55,
          77,
          78,
          89,
          97,
          98,
          124,
          154,
          157,
          166,
          176,
          182,
          190,
          194,
          196,
          201,
          212,
          213,
          221,
          232,
          246
        ],
        "fingerprint": "7e497667b297c845",
        "length": 256,
        "owner_tier": 6,
        "request": "w1.r3",
        "segment_index": 31
      },
      {
        "cache_owner": "main.r3",
        "epic_prefix_rows": [
          27,
          30,
          37,
          56,
          70,
          74,
          79,
          83,
          94,
          95,
          96,
          98,
          100,
          121,
          126,
          134,
          135,
          136,
          143,
          150,
          155,
          156,
          158,
          160,
          173,
          198,
          218,
          225,
          228,
          230,
          231,
          236
        ],
        "fingerprint": "37b4718978e1500a",
        "length": 256,
        "owner_tier": 6,
        "request": "w1.r3",
        "segment_index": 32
      },
      {
        "cache_owner": "main.r3",
        "epic_prefix_rows": [
          11,
          19,
          23,
          27,
          34,
          38,
          39,
          56,
          65,
          68,
          89,
          91,
          99,
          128,
          129,
          136,
          143,
          165,
          167,
          174,
          177,
          178,
          179,
          186,
          189,
          202,
          204,
          207,
          222,
          229,
          240,
          245
        ],
        "fingerprint": "a03f8799509acc24",
        "length": 256,
        "owner_tier": 6,
        "request": "w1.r3",
        "segment_index": 33
      },
      {
        "cache_owner": "main.r3",
        "epic_prefix_rows": [
          5,
          6,
          20,
          26,
          44,
          51,
          54,
          62,
          78,
          86,
          105,
          106,
          108,
          118,
          126,
          136,
          139,
          141,
          143,
          149,
          150,
          161,
          164,
          166,
          170,
          198,
          205,
          220,
          240,
          244,
          246,
          249
        ],
        "fingerprint": "810508acd012e8a7",
        "length": 256,
        "owner_tier": 6,
        "request": "w1.r3",
        "segment_index": 34
      },
      {
        "cache_owner": "main.r3",
        "epic_prefix_rows": [
          0,
          13,
          16,
          25,
          38,
          46,
          70,
          77,
          87,
          88,
          93,
          115,
          117,
          120,
          126,
          130,
          133,
          136,
          138,
          146,
          162,
          167,
          185,
          194,
          201,
          203,
          211,
          213,
          226,
          227,
          239,
          250
        ],
        "fingerprint": "b03fe1ff7b59999e",
        "length": 256,
        "owner_tier": 6,
        "request": "w1.r3",
        "segment_index": 35
      },
      {
        "cache_owner": "main.r3",
        "epic_prefix_rows": [
          9,
          18,
          22,
          28,
          30,
          41,
          58,
          61,
          81,
          85,
          89,
          90,
          105,
          109,
          117,
          124,
          128,
          131,
          132,
          148,
          151,
          154,
          173,
          175,
          181,
          184,
          190,
          192,
          202,
          206,
          214,
          237
        ],
        "fingerprint": "40596d9bc8f60e23",
        "length": 256,
        "owner_tier": 6,
        "request": "w1.r3",
        "segment_index": 36
      },
      {
        "cache_owner": "main.r3",
        "epic_prefix_rows": [
          7,
          10,
          26,
          30,
          46,
          76,
          77,
          79,
          87,
          95,
          122,
          137,
          143,
          149,
          157,
          168,
          169,
          171,
          184,
          195,
          198,
          201,
          202,
          205,
          209,
          221,
          223,
          230,
          233,
          239,
          246,
          255
        ],
        "fingerprint": "a4cee309986b1e06",
        "length": 256,
        "owner_tier": 6,
        "request": "w1.r3",
        "segment_index": 37
      },
      {
        "cache_owner": "main.r3",
        "epic_prefix_rows": [
          3,
          52,
          57,
          80,
          86,
          87,
          93,
          95,
          97,
          106,
          109,
          110,
          114,
          117,
          122,
          137,
          144,
          145,
          147,
          160,
          181,
          189,
          200,
          209,
          210,
          212,
          215,
          225,
          236,
          242,
          248,
          252
        ],
        "fingerprint": "8b3f6b908f9ada23",
        "length": 256,
        "owner_tier": 6,
        "request": "w1.r3",
        "segment_index": 38
      },
      {
        "cache_owner": "main.r3",
        "epic_prefix_rows": [
          0,
          5,
          10,
          13,
          26,
          28,
          30,
          31,
          40,
          41,
          48,
          49,
          54,
          96,
          97,
          107,
          109,
          122,
          126,
          132,
          135,
          174,
          175,
          189,
          198,
          216,
          217,
          220,
          229,
          231,
          243,
          254
        ],
        "fingerprint": "081e2fb018d14722",
        "length": 256,
        "owner_tier": 6,
        "request": "w1.r3",
        "segment_index": 39
      },
      {
        "cache_owner": "main.r3",
        "epic_prefix_rows": [
          1,
          7,
          10,
          13,
          14,
          18,
          23,
          25,
          28,
          32,
          37,
          39,
          58,
          65,
          67,
          71,
          72,
          73,
          74,
          78,
          79,
          84,
          85,
          86,
          91,
          97,
          112,
          116,
          117,
          120,
          122,
          124
        ],
        "fingerprint": "ce4ad42a86f61c1d",
        "length": 128,
        "owner_tier": 6,
        "request": "w2.r3",
        "segment_index": 0
      },
      {
        "cache_owner": "w0.r0",
        "epic_prefix_rows": [],
        "fingerprint": "c50748f2a87b6838",
        "length": 300,
        "owner_tier": 1,
        "request": "w2.r3",
        "segment_index": 1
      },
      {
        "cache_owner": "main.r0",
        "epic_prefix_rows": [
          4,
          12,
          15,
          25,
          32,
          33,
          42,
          46,
          51,
          61,
          71,
          72,
          84,
          97,
          100,
          121,
          126,
          150,
          155,
          158,
          163,
          164,
          170,
          187,
          190,
          195,
          202,
          210,
          234,
          235,
          237,
          239
        ],
        "fingerprint": "20a4bd865a5b229e",
        "length": 256,
        "owner_tier": 0,
        "request": "w2.r3",
        "segment_index": 2
      },
      {
        "cache_owner": "main.r0",
        "epic_prefix_rows": [
          4,
          5,
          8,
          19,
          38,
          49,
          53,
          54,
          70,
          78,
          84,
          90,
          96,
          109,
          111,
          115,
          121,
          125,
          147,
          157,
          168,
          170,
          172,
          176,
          182,
          217,
          219,
          233,
          247,
          248,
          251,
          254
        ],
        "fingerprint": "9ab6734a754c1b9d",
        "length": 256,
        "owner_tier": 0,
        "request": "w2.r3",
        "segment_index": 3
      },
      {
        "cache_owner": "main.r0",
        "epic_prefix_rows": [
          1,
          8,
          10,
          48,
          50,
          53,
          58,
          62,
          64,
          70,
          80,
          93,
          100,
          112,
          114,
          120,
          128,
          129,
          151,
          153,
          177,
          184,
          192,
          202,
          213,
          222,
          234,
          238,
          241,
          243,
          249,
          255
        ],
        "fingerprint": "d08a027d3c65b5e6",
        "length": 256,
        "owner_tier": 0,
        "request": "w2.r3",
        "segment_index": 4
      },
      {
        "cache_owner": "main.r0",
        "epic_prefix_rows": [
          4,
          12,
          22,
          23,
          26,
          27,
          46,
          47,
          51,
          56,
          69,
          90,
          100,
          112,
          115,
          117,
          128,
          137,
          140,
          150,
          153,
          159,
          160,
          161,
          177,
          182,
          184,
          197,
          205,
          224,
          247,
          248
        ],
        "fingerprint": "9ae87ab9d42e4990",
        "length": 256,
        "owner_tier": 0,
        "request": "w2.r3",
        "segment_index": 5
      },
      {
        "cache_owner": "main.r0",
        "epic_prefix_rows": [
          12,
          18,
          27,
          34,
          37,
          47,
          52,
          53,
          62,
          63,
          64,
          66,
          77,
          79,
          87,
          110,
          139,
          149,
          163,
          175,
          180,
          182,
          192,
          200,
          206,
          208,
          213,
          221,
          231,
          232,
          236,
          239
        ],
        "fingerprint": "4507ec10354b9a34",
        "length": 256,
        "owner_tier": 0,
        "request": "w2.r3",
        "segment_index": 6
      },
      {
        "cache_owner": "main.r0",
        "epic_prefix_rows": [
          0,
          21,
          26,
          28,
          33,
          34,
          45,
          50,
          51,
          56,
          63,
          67,
          92,
          104,
          108,
          115,
          126,
          127,
          129,
          139,
          158,
          159,
          165,
          180,
          194,
          209,
          211,
          221,
          223,
          226,
          253,
          255
        ],
        "fingerprint": "3efa0426917061ae",
        "length": 256,
        "owner_tier": 0,
        "request": "w2.r3",
        "segment_index": 7
      },
      {
        "cache_owner": "main.r0",
        "epic_prefix_rows": [
          10,
          12,
          33,
          50,
          52,
          57,
          65,
          91,
          94,
          99,
          105,
          118,
          127,
          135,
          139,
          151,
          154,
          158,
          163,
          174,
          178,
          181,
          183,
          184,
          198,
          208,
          215,
          221,
          233,
          235,
          236,
          237
        ],
        "fingerprint": "e646956386ed6749",
        "length": 256,
        "owner_tier": 0,
        "request": "w2.r3",
        "segment_index": 8
      },
      {
        "cache_owner": "main.r0",
        "epic_prefix_rows": [
          4,
          7,
          18,
          29,
          41,
          45,
          51,
          57,
          78,
          80,
          83,
          103,
          121,
          125,
          137,
          142,
          146,
          156,
          164,
          170,
          178,
          182,
          195,
          196,
          201,
          210,
          211,
          215,
          222,
          228,
          230,
          235
        ],
        "fingerprint": "f6e2ee9cb02b549b",
        "length": 256,
        "owner_tier": 0,
        "request": "w2.r3",
        "segment_index": 9
      },
      {
        "cache_owner": "main.r0",
        "epic_prefix_rows": [
          1,
          3,
          6,
          12,
          14,
          16,
          18,
          20,
          21,
          23,
          38,
          65,
          69,
          74,
          77,
          79,
          89,
          105,
          114,
          119,
          151,
          152,
          156,
          170,
          180,
          186,
          210,
          226,
          230,
          234,
          240,
          253
        ],
        "fingerprint": "859509070aaad92f",
        "length": 256,
        "owner_tier": 0,
        "request": "w2.r3",
        "segment_index": 10
      },
      {
        "cache_owner": "main.r0",
        "epic_prefix_rows": [
          6,
          8,
          61,
          74,
          80,
          85,
          91,
          103,
          114,
          118,
          124,
          136,
          150,
          154,
          155,
          156,
          160,
          172,
          186,
          187,
          201,
          202,
          206,
          212,
          214,
          215,
          218,
          239,
          241,
          243,
          247,
          252
        ],
        "fingerprint": "fcd577b876fb0572",
        "length": 256,
        "owner_tier": 0,
        "request": "w2.r3",
        "segment_index": 11
      },
      {
        "cache_owner": "main.r1",
        "epic_prefix_rows": [
          3,
          4,
          7,
          10,
          13,
          38,
          43,
          45,
          48,
          54,
          63,
          65,
          68,
          76,
          82,
          101,
          102,
          107,
          115,
          139,
          152,
          154,
          156,
          179,
          184,
          191,
          197,
          206,
          209,
          212,
          216,
          227
        ],
        "fingerprint": "b7b36c9cc0ffca1f",
        "length": 256,
        "owner_tier": 2,
        "request": "w2.r3",
        "segment_index": 12
      },
      {
        "cache_owner": "main.r1",
        "epic_prefix_rows": [
          8,
          19,
          56,
          57,
          59,
          65,
          67,
          68,
          76,
          78,
          84,
          93,
          100,
          121,
          128,
          131,
          144,
          147,
          156,
          167,
          178,
          179,
          186,
          197,
          203,
          208,
          213,
          214,
          216,
          229,
          247,
          255
        ],
        "fingerprint": "2ca95e1f99b62895",
        "length": 256,
        "owner_tier": 2,
        "request": "w2.r3",
        "segment_index": 13
      },
      {
        "cache_owner": "main.r1",
        "epic_prefix_rows": [
          19,
          28,
          44,
          50,
          53,
          70,
          74,
          95,
          96,
          104,
          106,
          112,
          113,
          124,
          134,
          158,
          165,
          166,
          170,
          173,
          175,
          179,
          199,
          208,
          210,
          211,
          220,
          225,
          242,
          246,
          251,
          254
        ],
        "fingerprint": "61981006a3087531",
        "length": 256,
        "owner_tier": 2,
        "request": "w2.r3",
        "segment_index": 14
      },
      {
        "cache_owner": "main.r1",
        "epic_prefix_rows": [
          5,
          8,
          18,
          24,
          26,
          55,
          59,
          79,
          82,
          87,
          107,
          108,
          113,
          122,
          128,
          138,
          141,
          150,
          157,
          166,
          173,
          178,
          179,
          188,
          192,
          198,
          200,
          213,
          217,
          234,
          237,
          249
        ],
        "fingerprint": "0676dfd47068e0df",
        "length": 256,
        "owner_tier": 2,
        "request": "w2.r3",
        "segment_index": 15
      },
      {
        "cache_owner": "main.r1",
        "epic_prefix_rows": [
          8,
          12,
          15,
          32,
          46,
          57,
          58,
          61,
          63,
          72,
          75,
          79,
          94,
          115,
          119,
          121,
          123,
          126,
          138,
          140,
          145,
          151,
          158,
          162,
          167,
          170,
          173,
          184,
          221,
          225,
          242,
          246
        ],
        "fingerprint": "7392f0dd8e833d02",
        "length": 256,
        "owner_tier": 2,
        "request": "w2.r3",
        "segment_index": 16
      },
      {
        "cache_owner": "main.r1",
        "epic_prefix_rows": [
          9,
          29,
          32,
          33,
          36,
          40,
          50,
          56,
          59,
          66,
          76,
          84,
          86,
          88,
          95,
          98,
          106,
          116,
          118,
          134,
          151,
          152,
          168,
          175,
          180,
          187,
          212,
          241,
          246,
          247,
          251,
          254
        ],
        "fingerprint": "2d9f547fcb304b0f",
        "length": 256,
        "owner_tier": 2,
        "request": "w2.r3",
        "segment_index": 17
      },
      {
        "cache_owner": "main.r1",
        "epic_prefix_rows": [
          0,
          20,
          26,
          29,
          45,
          46,
          49,
          52,
          56,
          59,
          60,
          66,
          78,
          79,
          82,
          85,
          92,
          95,
          117,
          124,
          128,
          136,
          137,
          149,
          163,
          191,
          206,
          221,
          222,
          225,
          233,
          243
        ],
        "fingerprint": "2524834b679c9169",
        "length": 256,
        "owner_tier": 2,
        "request": "w2.r3",
        "segment_index": 18
      },
      {
        "cache_owner": "main.r1",
        "epic_prefix_rows": [
          0,
          14,
          21,
          28,
          32,
          33,
          41,
          44,
          58,
          65,
          68,
          73,
          74,
          96,
          99,
          124,
          138,
          143,
          149,
          150,
          159,
          160,
          169,
          172,
          185,
          208,
          210,
          227,
          237,
          239,
          242,
          245
        ],
        "fingerprint": "5a8181f7e7879299",
        "length": 256,
        "owner_tier": 2,
        "request": "w2.r3",
        "segment_index": 19
      },
      {
        "cache_owner": "main.r1",
        "epic_prefix_rows": [
          19,
          30,
          39,
          49,
          53,
          56,
          61,
          71,
          75,
          78,
          79,
          87,
          91,
          114,
          122,
          127,
          132,
          141,
          152,
          167,
          173,
          174,
          183,
          204,
          213,
          220,
          224,
          226,
          233,
          239,
          250,
          253
        ],
        "fingerprint": "c4de161da65ad6d0",
        "length": 256,
        "owner_tier": 2,
        "request": "w2.r3",
        "segment_index": 20
      },
      {
        "cache_owner": "main.r2",
        "epic_prefix_rows": [
          13,
          33,
          34,
          41,
          54,
          55,
          56,
          65,
          70,
          78,
          89,
          96,
          99,
          104,
          105,
          110,
          114,
          118,
          122,
          131,
          145,
          157,
          166,
          173,
          179,
          186,
          195,
          201,
          227,
          228,
          245,
          253
        ],
        "fingerprint": "43c1199691fc3316",
        "length": 256,
        "owner_tier": 4,
        "request": "w2.r3",
        "segment_index": 21
      },
      {
        "cache_owner": "main.r2",
        "epic_prefix_rows": [
          3,
          5,
          7,
          8,
          12,
          17,
          25,
          26,
          44,
          45,
          64,
          69,
          76,
          84,
          85,
          97,
          100,
          104,
          105,
          123,
          147,
          152,
          159,
          168,
          181,
          188,
          209,
          216,
          221,
          228,
          239,
          247
        ],
        "fingerprint": "e0c1b33b1977de85",
        "length": 256,
        "owner_tier": 4,
        "request": "w2.r3",
        "segment_index": 22
      },
      {
        "cache_owner": "main.r2",
        "epic_prefix_rows": [
          24,
          29,
          34,
          37,
          42,
          63,
          72,
          77,
          80,
          98,
          105,
          113,
          115,
          136,
          145,
          154,
          158,
          177,
          188,
          199,
          200,
          201,
          208,
          210,
          215,
          216,
          222,
          225,
          235,
          238,
          240,
          245
        ],
        "fingerprint": "3597c2ab929b2fa2",
        "length": 256,
        "owner_tier": 4,
        "request": "w2.r3",
        "segment_index": 23
      },
      {
        "cache_owner": "main.r2",
        "epic_prefix_rows": [
          3,
          17,
          28,
          32,
          34,
          37,
          41,
          56,
          61,
          65,
          70,
          85,
          87,
          89,
          92,
          105,
          126,
          127,
          128,
          146,
          167,
          170,
          173,
          174,
          196,
          205,
          224,
          225,
          238,
          251,
          252,
          253
        ],
        "fingerprint": "ebb6ffbea2fb7f17",
        "length": 256,
        "owner_tier": 4,
        "request": "w2.r3",
        "segment_index": 24
      },
      {
        "cache_owner": "main.r2",
        "epic_prefix_rows": [
          11,
          30,
          44,
          49,
          52,
          58,
          77,
          95,
          98,
          101,
          106,
          114,
          118,
          120,
          125,
          126,
          131,
          132,
          139,
          151,
          159,
          170,
          179,
          186,
          202,
          210,
          214,
          216,
          219,
          247,
          250,
          255
        ],
        "fingerprint": "13069208a9b6ae52",
        "length": 256,
        "owner_tier": 4,
        "request": "w2.r3",
        "segment_index": 25
      },
      {
        "cache_owner": "main.r2",
        "epic_prefix_rows": [
          6,
          8,
          15,
          22,
          24,
          33,
          38,
          46,
          47,
          50,
          57,
          60,
          79,
          80,
          84,
          87,
          89,
          117,
          123,
          126,
          134,
          136,
          139,
          153,
          164,
          191,
          196,
          198,
          201,
          213,
          238,
          241
        ],
        "fingerprint": "96c6eb32a8099b39",
        "length": 256,
        "owner_tier": 4,
        "request": "w2.r3",
        "segment_index": 26
      },
      {
        "cache_owner": "main.r2",
        "epic_prefix_rows": [
          4,
          6,
          18,
          20,
          21,
          24,
          30,
          39,
          61,
          77,
          81,
          82,
          89,
          93,
          103,
          110,
          125,
          136,
          144,
          150,
          158,
          162,
          163,
          171,
          175,
          176,
          191,
          199,
          201,
          205,
          227,
          235
        ],
        "fingerprint": "07f759914ec5d44c",
        "length": 256,
        "owner_tier": 4,
        "request": "w2.r3",
        "segment_index": 27
      },
      {
        "cache_owner": "main.r2",
        "epic_prefix_rows": [
          10,
          13,
          14,
          15,
          19,
          21,
          34,
          52,
          60,
          69,
          74,
          77,
          78,
          80,
          82,
          83,
          84,
          98,
          105,
          109,
          122,
          145,
          168,
          179,
          190,
          195,
          201,
          212,
          213,
          220,
          225,
          238
        ],
        "fingerprint": "66dba080f71780ec",
        "length": 256,
        "owner_tier": 4,
        "request": "w2.r3",
        "segment_index": 28
      },
      {
        "cache_owner": "main.r2",
        "epic_prefix_rows": [
          20,
          35,
          39,
          52,
          54,
          57,
          67,
          82,
          96,
          114,
          132,
          135,
          141,
          153,
          157,
          167,
          181,
          185,
          186,
          190,
          204,
          207,
          209,
          210,
          213,
          217,
          225,
          226,
          229,
          232,
          234,
          250
        ],
        "fingerprint": "f5cbe9c563f8d865",
        "length": 256,
        "owner_tier": 4,
        "request": "w2.r3",
        "segment_index": 29
      },
      {
        "cache_owner": "main.r2",
        "epic_prefix_rows": [
          4,
          18,
          32,
          33,
          37,
          49,
          59,
          75,
          80,
          83,
          84,
          108,
          111,
          123,
          135,
          161,
          162,
          165,
          173,
          192,
          194,
          203,
          205,
          207,
          216,
          219,
          225,
          226,
          242,
          244,
          248,
          251
        ],
        "fingerprint": "2bd3429ac7619aa9",
        "length": 256,
        "owner_tier": 4,
        "request": "w2.r3",
        "segment_index": 30
      },
      {
        "cache_owner": "main.r3",
        "epic_prefix_rows": [
          5,
          11,
          21,
          37,
          57,
          60,
          70,
          83,
          99,
          106,
          112,
          113,
          117,
          128,
          138,
          140,
          142,
          149,
          155,
          156,
          159,
          162,
          166,
          183,
          209,
          211,
          217,
          219,
          230,
          241,
          246,
          253
        ],
        "fingerprint": "7e497667b297c845",
        "length": 256,
        "owner_tier": 6,
        "request": "w2.r3",
        "segment_index": 31
      },
      {
        "cache_owner": "main.r3",
        "epic_prefix_rows": [
          1,
          10,
          12,
          16,
          24,
          29,
          36,
          37,
          44,
          56,
          58,
          61,
          106,
          128,
          149,
          150,
          152,
          158,
          164,
          166,
          170,
          177,
          189,
          194,
          205,
          207,
          217,
          220,
          221,
          223,
          231,
          233
        ],
        "fingerprint": "37b4718978e1500a",
        "length": 256,
        "owner_tier": 6,
        "request": "w2.r3",
        "segment_index": 32
      },
      {
        "cache_owner": "main.r3",
        "epic_prefix_rows": [
          9,
          12,
          13,
          19,
          20,
          22,
          27,
          31,
          39,
          43,
          55,
          63,
          75,
          76,
          80,
          83,
          86,
          94,
          95,
          98,
          99,
          104,
          130,
          135,
          150,
          164,
          181,
          203,
          205,
          226,
          233,
          250
        ],
        "fingerprint": "a03f8799509acc24",
        "length": 256,
        "owner_tier": 6,
        "request": "w2.r3",
        "segment_index": 33
      },
      {
        "cache_owner": "main.r3",
        "epic_prefix_rows": [
          0,
          4,
          23,
          24,
          31,
          39,
          40,
          43,
          45,
          48,
          62,
          72,
          106,
          109,
          116,
          123,
          127,
          132,
          134,
          138,
          151,
          166,
          168,
          177,
          180,
          182,
          188,
          193,
          195,
          224,
          232,
          252
        ],
        "fingerprint": "810508acd012e8a7",
        "length": 256,
        "owner_tier": 6,
        "request": "w2.r3",
        "segment_index": 34
      },
      {
        "cache_owner": "main.r3",
        "epic_prefix_rows": [
          1,
          13,
          21,
          30,
          32,
          65,
          66,
          72,
          76,
          78,
          81,
          84,
          100,
          105,
          106,
          108,
          126,
          129,
          133,
          141,
          146,
          155,
          176,
          177,
          180,
          187,
          188,
          205,
          222,
          225,
          251,
          253
        ],
        "fingerprint": "b03fe1ff7b59999e",
        "length": 256,
        "owner_tier": 6,
        "request": "w2.r3",
        "segment_index": 35
      },
      {
        "cache_owner": "main.r3",
        "epic_prefix_rows": [
          8,
          30,
          31,
          32,
          48,
          53,
          54,
          57,
          58,
          64,
          75,
          107,
          110,
          118,
          122,
          126,
          129,
          132,
          146,
          158,
          160,
          169,
          182,
          184,
          190,
          205,
          215,
          228,
          237,
          241,
          253,
          255
        ],
        "fingerprint": "40596d9bc8f60e23",
        "length": 256,
        "owner_tier": 6,
        "request": "w2.r3",
        "segment_index": 36
      },
      {
        "cache_owner": "main.r3",
        "epic_prefix_rows": [
          1,
          8,
          12,
          15,
          17,
          22,
          28,
          33,
          42,
          54,
          55,
          75,
          78,
          84,
          86,
          93,
          104,
          111,
          135,
          138,
          142,
          167,
          173,
          180,
          189,
          201,
          213,
          227,
          232,
          235,
          250,
          255
        ],
        "fingerprint": "a4cee309986b1e06",
        "length": 256,
        "owner_tier": 6,
        "request": "w2.r3",
        "segment_index": 37
      },
      {
        "cache_owner": "main.r3",
        "epic_prefix_rows": [
          2,
          3,
          7,
          12,
          26,
          30,
          37,
          42,
          48,
          56,
          59,
          67,
          74,
          78,
          96,
          112,
          130,
          143,
          146,
          152,
          155,
          157,
          185,
          186,
          206,
          220,
          223,
          225,
          240,
          242,
          243,
          246
        ],
        "fingerprint": "8b3f6b908f9ada23",
        "length": 256,
        "owner_tier": 6,
        "request": "w2.r3",
        "segment_index": 38
      },
      {
        "cache_owner": "main.r3",
        "epic_prefix_rows": [
          2,
          8,
          26,
          30,
          37,
          39,
          42,
          55,
          56,
          66,
          69,
          76,
          80,
          92,
          100,
          115,
          121,
          124,
          130,
          140,
          153,
          154,
          173,
          206,
          216,
          226,
          230,
          231,
          233,
          234,
          239,
          245
        ],
        "fingerprint": "081e2fb018d14722",
        "length": 256,
        "owner_tier": 6,
        "request": "w2.r3",
        "segment_index": 39
      },
      {
        "cache_owner": "main.r3",
        "epic_prefix_rows": [
          2,
          8,
          13,
          15,
          25,
          28,
          31,
          38,
          46,
          50,
          52,
          53,
          56,
          58,
          64,
          69,
          72,
          76,
          80,
          83,
          84,
          86,
          91,
          94,
          102,
          104,
          108,
          111,
          112,
          115,
          118,
          123
        ],
        "fingerprint": "ce4ad42a86f61c1d",
        "length": 128,
        "owner_tier": 6,
        "request": "main.r4",
        "segment_index": 0
      },
      {
        "cache_owner": "main.r0",
        "epic_prefix_rows": [
          4,
          10,
          11,
          17,
          27,
          32,
          39,
          44,
          51,
          52,
          69,
          71,
          78,
          81,
          84,
          93,
          98,
          99,
          110,
          111,
          125,
          148,
          155,
          160,
          182,
          183,
          185,
          221,
          222,
          223,
          230,
          238
        ],
        "fingerprint": "20a4bd865a5b229e",
        "length": 256,
        "owner_tier": 0,
        "request": "main.r4",
        "segment_index": 4
      },
      {
        "cache_owner": "main.r0",
        "epic_prefix_rows": [
          15,
          28,
          43,
          44,
          51,
          64,
          73,
          91,
          98,
          102,
          103,
          111,
          117,
          128,
          141,
          145,
          150,
          153,
          162,
          168,
          173,
          196,
          205,
          212,
          214,
          230,
          238,
          239,
          241,
          242,
          250,
          255
        ],
        "fingerprint": "9ab6734a754c1b9d",
        "length": 256,
        "owner_tier": 0,
        "request": "main.r4",
        "segment_index": 5
      },
      {
        "cache_owner": "main.r0",
        "epic_prefix_rows": [
          0,
          3,
          20,
          24,
          35,
          51,
          52,
          65,
          72,
          77,
          78,
          79,
          92,
          104,
          111,
          127,
          131,
          134,
          147,
          155,
          158,
          167,
          172,
          189,
          192,
          202,
          207,
          218,
          228,
          233,
          245,
          247
        ],
        "fingerprint": "d08a027d3c65b5e6",
        "length": 256,
        "owner_tier": 0,
        "request": "main.r4",
        "segment_index": 6
      },
      {
        "cache_owner": "main.r0",
        "epic_prefix_rows": [
          2,
          15,
          26,
          28,
          53,
          56,
          80,
          85,
          86,
          87,
          89,
          93,
          94,
          97,
          106,
          128,
          155,
          159,
          160,
          163,
          166,
          179,
          181,
          185,
          186,
          195,
          213,
          215,
          229,
          234,
          237,
          241
        ],
        "fingerprint": "9ae87ab9d42e4990",
        "length": 256,
        "owner_tier": 0,
        "request": "main.r4",
        "segment_index": 7
      },
      {
        "cache_owner": "main.r0",
        "epic_prefix_rows": [
          21,
          26,
          33,
          35,
          38,
          56,
          58,
          65,
          68,
          70,
          72,
          75,
          80,
          86,
          87,
          101,
          105,
          114,
          149,
          155,
          160,
          163,
          187,
          204,
          205,
          212,
          225,
          227,
          230,
          242,
          245,
          248
        ],
        "fingerprint": "4507ec10354b9a34",
        "length": 256,
        "owner_tier": 0,
        "request": "main.r4",
        "segment_index": 8
      },
      {
        "cache_owner": "main.r0",
        "epic_prefix_rows": [
          2,
          12,
          15,
          23,
          27,
          29,
          39,
          55,
          58,
          61,
          67,
          70,
          78,
          85,
          92,
          93,
          107,
          115,
          119,
          124,
          125,
          141,
          148,
          160,
          163,
          168,
          177,
          191,
          203,
          240,
          242,
          250
        ],
        "fingerprint": "3efa0426917061ae",
        "length": 256,
        "owner_tier": 0,
        "request": "main.r4",
        "segment_index": 9
      },
      {
        "cache_owner": "main.r0",
        "epic_prefix_rows": [
          21,
          23,
          30,
          32,
          42,
          44,
          62,
          69,
          70,
          74,
          84,
          94,
          95,
          103,
          106,
          121,
          133,
          139,
          151,
          180,
          181,
          192,
          198,
          212,
          214,
          216,
          219,
          225,
          234,
          237,
          243,
          249
        ],
        "fingerprint": "e646956386ed6749",
        "length": 256,
        "owner_tier": 0,
        "request": "main.r4",
        "segment_index": 10
      },
      {
        "cache_owner": "main.r0",
        "epic_prefix_rows": [
          1,
          9,
          17,
          24,
          25,
          34,
          42,
          48,
          55,
          62,
          68,
          74,
          86,
          92,
          94,
          98,
          102,
          113,
          117,
          119,
          132,
          143,
          148,
          171,
          178,
          187,
          193,
          199,
          202,
          215,
          217,
          237
        ],
        "fingerprint": "f6e2ee9cb02b549b",
        "length": 256,
        "owner_tier": 0,
        "request": "main.r4",
        "segment_index": 11
      },
      {
        "cache_owner": "main.r0",
        "epic_prefix_rows": [
          3,
          6,
          9,
          21,
          30,
          41,
          45,
          75,
          79,
          84,
          111,
          112,
          113,
          121,
          144,
          146,
          148,
          160,
          164,
          168,
          169,
          171,
          179,
          193,
          196,
          210,
          216,
          219,
          227,
          228,
          248,
          250
        ],
        "fingerprint": "859509070aaad92f",
        "length": 256,
        "owner_tier": 0,
        "request": "main.r4",
        "segment_index": 12
      },
      {
        "cache_owner": "main.r0",
        "epic_prefix_rows": [
          19,
          21,
          22,
          27,
          29,
          32,
          57,
          63,
          70,
          79,
          80,
          90,
          106,
          108,
          111,
          114,
          115,
          121,
          122,
          127,
          138,
          145,
          151,
          165,
          172,
          176,
          178,
          183,
          210,
          222,
          237,
          238
        ],
        "fingerprint": "fcd577b876fb0572",
        "length": 256,
        "owner_tier": 0,
        "request": "main.r4",
        "segment_index": 13
      },
      {
        "cache_owner": "main.r1",
        "epic_prefix_rows": [],
        "fingerprint": "b7b36c9cc0ffca1f",
        "length": 256,
        "owner_tier": 2,
        "request": "main.r4",
        "segment_index": 14
      },
      {
        "cache_owner": "main.r1",
        "epic_prefix_rows": [],
        "fingerprint": "2ca95e1f99b62895",
        "length": 256,
        "owner_tier": 2,
        "request": "main.r4",
        "segment_index": 15
      },
      {
        "cache_owner": "main.r1",
        "epic_prefix_rows": [],
        "fingerprint": "61981006a3087531",
        "length": 256,
        "owner_tier": 2,
        "request": "main.r4",
        "segment_index": 16
      },
      {
        "cache_owner": "main.r1",
        "epic_prefix_rows": [],
        "fingerprint": "0676dfd47068e0df",
        "length": 256,
        "owner_tier": 2,
        "request": "main.r4",
        "segment_index": 17
      },
      {
        "cache_owner": "main.r1",
        "epic_prefix_rows": [],
        "fingerprint": "7392f0dd8e833d02",
        "length": 256,
        "owner_tier": 2,
        "request": "main.r4",
        "segment_index": 18
      },
      {
        "cache_owner": "main.r1",
        "epic_prefix_rows": [],
        "fingerprint": "2d9f547fcb304b0f",
        "length": 256,
        "owner_tier": 2,
        "request": "main.r4",
        "segment_index": 19
      },
      {
        "cache_owner": "main.r1",
        "epic_prefix_rows": [],
        "fingerprint": "2524834b679c9169",
        "length": 256,
        "owner_tier": 2,
        "request": "main.r4",
        "segment_index": 20
      },
      {
        "cache_owner": "main.r1",
        "epic_prefix_rows": [],
        "fingerprint": "5a8181f7e7879299",
        "length": 256,
        "owner_tier": 2,
        "request": "main.r4",
        "segment_index": 21
      },
      {
        "cache_owner": "main.r1",
        "epic_prefix_rows": [],
        "fingerprint": "c4de161da65ad6d0",
        "length": 256,
        "owner_tier": 2,
        "request": "main.r4",
        "segment_index": 22
      },
      {
        "cache_owner": "main.r2",
        "epic_prefix_rows": [],
        "fingerprint": "43c1199691fc3316",
        "length": 256,
        "owner_tier": 4,
        "request": "main.r4",
        "segment_index": 23
      },
      {
        "cache_owner": "main.r2",
        "epic_prefix_rows": [],
        "fingerprint": "e0c1b33b1977de85",
        "length": 256,
        "owner_tier": 4,
        "request": "main.r4",
        "segment_index": 24
      },
      {
        "cache_owner": "main.r2",
        "epic_prefix_rows": [],
        "fingerprint": "3597c2ab929b2fa2",
        "length": 256,
        "owner_tier": 4,
        "request": "main.r4",
        "segment_index": 25
      },
      {
        "cache_owner": "main.r2",
        "epic_prefix_rows": [],
        "fingerprint": "ebb6ffbea2fb7f17",
        "length": 256,
        "owner_tier": 4,
        "request": "main.r4",
        "segment_index": 26
      },
      {
        "cache_owner": "main.r2",
        "epic_prefix_rows": [],
        "fingerprint": "13069208a9b6ae52",
        "length": 256,
        "owner_tier": 4,
        "request": "main.r4",
        "segment_index": 27
      },
      {
        "cache_owner": "main.r2",
        "epic_prefix_rows": [],
        "fingerprint": "96c6eb32a8099b39",
        "length": 256,
        "owner_tier": 4,
        "request": "main.r4",
        "segment_index": 28
      },
      {
        "cache_owner": "main.r2",
        "epic_prefix_rows": [],
        "fingerprint": "07f759914ec5d44c",
        "length": 256,
        "owner_tier": 4,
        "request": "main.r4",
        "segment_index": 29
      },
      {
        "cache_owner": "main.r2",
        "epic_prefix_rows": [],
        "fingerprint": "66dba080f71780ec",
        "length": 256,
        "owner_tier": 4,
        "request": "main.r4",
        "segment_index": 30
      },
      {
        "cache_owner": "main.r2",
        "epic_prefix_rows": [],
        "fingerprint": "f5cbe9c563f8d865",
        "length": 256,
        "owner_tier": 4,
        "request": "main.r4",
        "segment_index": 31
      },
      {
        "cache_owner": "main.r2",
        "epic_prefix_rows": [],
        "fingerprint": "2bd3429ac7619aa9",
        "length": 256,
        "owner_tier": 4,
        "request": "main.r4",
        "segment_index": 32
      },
      {
        "cache_owner": "main.r3",
        "epic_prefix_rows": [],
        "fingerprint": "7e497667b297c845",
        "length": 256,
        "owner_tier": 6,
        "request": "main.r4",
        "segment_index": 33
      },
      {
        "cache_owner": "main.r3",
        "epic_prefix_rows": [],
        "fingerprint": "37b4718978e1500a",
        "length": 256,
        "owner_tier": 6,
        "request": "main.r4",
        "segment_index": 34
      },
      {
        "cache_owner": "main.r3",
        "epic_prefix_rows": [],
        "fingerprint": "a03f8799509acc24",
        "length": 256,
        "owner_tier": 6,
        "request": "main.r4",
        "segment_index": 35
      },
      {
        "cache_owner": "main.r3",
        "epic_prefix_rows": [],
        "fingerprint": "810508acd012e8a7",
        "length": 256,
        "owner_tier": 6,
        "request": "main.r4",
        "segment_index": 36
      },
      {
        "cache_owner": "main.r3",
        "epic_prefix_rows": [],
        "fingerprint": "b03fe1ff7b59999e",
        "length": 256,
        "owner_tier": 6,
        "request": "main.r4",
        "segment_index": 37
      },
      {
        "cache_owner": "main.r3",
        "epic_prefix_rows": [],
        "fingerprint": "40596d9bc8f60e23",
        "length": 256,
        "owner_tier": 6,
        "request": "main.r4",
        "segment_index": 38
      },
      {
        "cache_owner": "main.r3",
        "epic_prefix_rows": [],
        "fingerprint": "a4cee309986b1e06",
        "length": 256,
        "owner_tier": 6,
        "request": "main.r4",
        "segment_index": 39
      },
      {
        "cache_owner": "main.r3",
        "epic_prefix_rows": [],
        "fingerprint": "8b3f6b908f9ada23",
        "length": 256,
        "owner_tier": 6,
        "request": "main.r4",
        "segment_index": 40
      },
      {
        "cache_owner": "main.r3",
        "epic_prefix_rows": [],
        "fingerprint": "081e2fb018d14722",
        "length": 256,
        "owner_tier": 6,
        "request": "main.r4",
        "segment_index": 41
      },
      {
        "cache_owner": "main.r4",
        "epic_prefix_rows": [
          2,
          8,
          12,
          18,
          20,
          21,
          22,
          31,
          42,
          46,
          50,
          52,
          58,
          59,
          61,
          69,
          71,
          75,
          82,
          84,
          87,
          88,
          98,
          101,
          104,
          107,
          108,
          111,
          112,
          113,
          118,
          122
        ],
        "fingerprint": "43fff286665785fb",
        "length": 128,
        "owner_tier": 8,
        "request": "w0.r4",
        "segment_index": 0
      },
      {
        "cache_owner": "w0.r0",
        "epic_prefix_rows": [],
        "fingerprint": "c50748f2a87b6838",
        "length": 300,
        "owner_tier": 1,
        "request": "w0.r4",
        "segment_index": 1
      },
      {
        "cache_owner": "main.r0",
        "epic_prefix_rows": [
          5,
          9,
          28,
          29,
          38,
          44,
          49,
          53,
          68,
          70,
          76,
          79,
          85,
          100,
          102,
          120,
          142,
          145,
          149,
          161,
          170,
          176,
          182,
          198,
          207,
          222,
          234,
          236,
          241,
          243,
          250,
          253
        ],
        "fingerprint": "20a4bd865a5b229e",
        "length": 256,
        "owner_tier": 0,
        "request": "w0.r4",
        "segment_index": 2
      },
      {
        "cache_owner": "main.r0",
        "epic_prefix_rows": [
          4,
          5,
          10,
          20,
          25,
          26,
          28,
          36,
          57,
          61,
          73,
          74,
          75,
          76,
          78,
          85,
          94,
          97,
          108,
          114,
          119,
          121,
          138,
          141,
          152,
          178,
          202,
          206,
          209,
          210,
          217,
          242
        ],
        "fingerprint": "9ab6734a754c1b9d",
        "length": 256,
        "owner_tier": 0,
        "request": "w0.r4",
        "segment_index": 3
      },
      {
        "cache_owner": "main.r0",
        "epic_prefix_rows": [
          24,
          33,
          34,
          35,
          45,
          46,
          60,
          64,
          65,
          66,
          73,
          79,
          92,
          107,
          109,
          111,
          116,
          123,
          132,
          144,
          147,
          148,
          157,
          160,
          170,
          180,
          188,
          196,
          199,
          205,
          207,
          247
        ],
        "fingerprint": "d08a027d3c65b5e6",
        "length": 256,
        "owner_tier": 0,
        "request": "w0.r4",
        "segment_index": 4
      },
      {
        "cache_owner": "main.r0",
        "epic_prefix_rows": [
          1,
          9,
          11,
          13,
          16,
          27,
          28,
          30,
          43,
          46,
          49,
          50,
          59,
          65,
          68,
          70,
          80,
          81,
          109,
          124,
          135,
          144,
          147,
          153,
          154,
          166,
          175,
          176,
          180,
          211,
          229,
          252
        ],
        "fingerprint": "9ae87ab9d42e4990",
        "length": 256,
        "owner_tier": 0,
        "request": "w0.r4",
        "segment_index": 5
      },
      {
        "cache_owner": "main.r0",
        "epic_prefix_rows": [
          0,
          12,
          23,
          24,
          40,
          42,
          50,
          61,
          78,
          91,
          98,
          109,
          116,
          126,
          128,
          129,
          142,
          148,
          161,
          175,
          177,
          180,
          183,
          185,
          197,
          221,
          224,
          226,
          229,
          230,
          237,
          254
        ],
        "fingerprint": "4507ec10354b9a34",
        "length": 256,
        "owner_tier": 0,
        "request": "w0.r4",
        "segment_index": 6
      },
      {
        "cache_owner": "main.r0",
        "epic_prefix_rows": [
          13,
          19,
          38,
          41,
          43,
          44,
          80,
          103,
          104,
          109,
          126,
          130,
          131,
          135,
          145,
          147,
          156,
          158,
          159,
          175,
          182,
          195,
          210,
          212,
          213,
          215,
          217,
          230,
          240,
          241,
          246,
          249
        ],
        "fingerprint": "3efa0426917061ae",
        "length": 256,
        "owner_tier": 0,
        "request": "w0.r4",
        "segment_index": 7
      },
      {
        "cache_owner": "main.r0",
        "epic_prefix_rows": [
          2,
          9,
          21,
          52,
          57,
          74,
          83,
          86,
          92,
          103,
          104,
          106,
          108,
          117,
          121,
          128,
          134,
          149,
          151,
          157,
          164,
          169,
          175,
          180,
          185,
          198,
          210,
          211,
          229,
          232,
          246,
          255
        ],
        "fingerprint": "e646956386ed6749",
        "length": 256,
        "owner_tier": 0,
        "request": "w0.r4",
        "segment_index": 8
      },
      {
        "cache_owner": "main.r0",
        "epic_prefix_rows": [
          8,
          15,
          17,
          18,
          22,
          24,
          47,
          48,
          62,
          69,
          72,
          75,
          123,
          135,
          146,
          147,
          162,
          166,
          170,
          179,
          183,
          190,
          194,
          195,
          211,
          222,
          224,
          227,
          229,
          239,
          250,
          251
        ],
        "fingerprint": "f6e2ee9cb02b549b",
        "length": 256,
        "owner_tier": 0,
        "request": "w0.r4",
        "segment_index": 9
      },
      {
        "cache_owner": "main.r0",
        "epic_prefix_rows": [
          4,
          8,
          19,
          21,
          23,
          33,
          52,
          58,
          59,
          65,
          89,
          108,
          111,
          121,
          130,
          145,
          151,
          155,
          170,
          180,
          188,
          190,
          197,
          199,
          201,
          219,
          232,
          241,
          245,
          250,
          252,
          255
        ],
        "fingerprint": "859509070aaad92f",
        "length": 256,
        "owner_tier": 0,
        "request": "w0.r4",
        "segment_index": 10
      },
      {
        "cache_owner": "main.r0",
        "epic_prefix_rows": [
          15,
          28,
          32,
          35,
          40,
          55,
          63,
          78,
          95,
          98,
          103,
          110,
          114,
          116,
          117,
          118,
          124,
          129,
          130,
          150,
          154,
          170,
          182,
          192,
          200,
          209,
          211,
          219,
          224,
          226,
          230,
          243
        ],
        "fingerprint": "fcd577b876fb0572",
        "length": 256,
        "owner_tier": 0,
        "request": "w0.r4",
        "segment_index": 11
      },
      {
        "cache_owner": "main.r1",
        "epic_prefix_rows": [
          0,
          7,
          18,
          20,
          22,
          27,
          33,
          36,
          42,
          50,
          52,
          56,
          59,
          63,
          93,
          95,
          99,
          104,
          120,
          128,
          134,
          136,
          143,
          148,
          179,
          180,
          182,
          195,
          198,
          201,
          228,
          229
        ],
        "fingerprint": "b7b36c9cc0ffca1f",
        "length": 256,
        "owner_tier": 2,
        "request": "w0.r4",
        "segment_index": 12
      },
      {
        "cache_owner": "main.r1",
        "epic_prefix_rows": [
          10,
          35,
          40,
          43,
          50,
          52,
          61,
          62,
          70,
          72,
          76,
          81,
          90,
          95,
          101,
          103,
          105,
          160,
          168,
          179,
          180,
          184,
          188,
          192,
          210,
          213,
          214,
          221,
          225,
          239,
          254,
          255
        ],
        "fingerprint": "2ca95e1f99b62895",
        "length": 256,
        "owner_tier": 2,
        "request": "w0.r4",
        "segment_index": 13
      },
      {
        "cache_owner": "main.r1",
        "epic_prefix_rows": [
          8,
          11,
          32,
          34,
          42,
          46,
          48,
          53,
          58,
          74,
          94,
          108,
          117,
          123,
          124,
          135,
          143,
          154,
          165,
          170,
          172,
          174,
          180,
          195,
          210,
          211,
          215,
          223,
          229,
          238,
          241,
          255
        ],
        "fingerprint": "61981006a3087531",
        "length": 256,
        "owner_tier": 2,
        "request": "w0.r4",
        "segment_index": 14
      },
      {
        "cache_owner": "main.r1",
        "epic_prefix_rows": [
          0,
          5,
          10,
          12,
          13,
          15,
          31,
          33,
          51,
          54,
          66,
          73,
          80,
          97,
          103,
          118,
          122,
          123,
          134,
          138,
          145,
          153,
          173,
          182,
          197,
          199,
          211,
          212,
          213,
          218,
          220,
          250
        ],
        "fingerprint": "0676dfd47068e0df",
        "length": 256,
        "owner_tier": 2,
        "request": "w0.r4",
        "segment_index": 15
      },
      {
        "cache_owner": "main.r1",
        "epic_prefix_rows": [
          0,
          15,
          21,
          29,
          34,
          35,
          50,
          53,
          60,
          69,
          83,
          85,
          86,
          90,
          105,
          116,
          150,
          157,
          168,
          171,
          177,
          179,
          187,
          188,
          197,
          204,
          223,
          229,
          240,
          241,
          246,
          248
        ],
        "fingerprint": "7392f0dd8e833d02",
        "length": 256,
        "owner_tier": 2,
        "request": "w0.r4",
        "segment_index": 16
      },
      {
        "cache_owner": "main.r1",
        "epic_prefix_rows": [
          0,
          4,
          7,
          15,
          18,
          19,
          23,
          42,
          44,
          49,
          50,
          58,
          59,
          79,
          100,
          112,
          124,
          132,
          140,
          142,
          153,
          155,
          193,
          211,
          213,
          229,
          241,
          244,
          245,
          246,
          249,
          253
        ],
        "fingerprint": "2d9f547fcb304b0f",
        "length": 256,
        "owner_tier": 2,
        "request": "w0.r4",
        "segment_index": 17
      },
      {
        "cache_owner": "main.r1",
        "epic_prefix_rows": [
          14,
          18,
          24,
          25,
          50,
          52,
          66,
          70,
          82,
          83,
          87,
          100,
          121,
          126,
          128,
          133,
          139,
          149,
          152,
          155,
          162,
          165,
          168,
          173,
          190,
          192,
          197,
          199,
          205,
          211,
          233,
          239
        ],
        "fingerprint": "2524834b679c9169",
        "length": 256,
        "owner_tier": 2,
        "request": "w0.r4",
        "segment_index": 18
      },
      {
        "cache_owner": "main.r1",
        "epic_prefix_rows": [
          1,
          8,
          10,
          15,
          35,
          42,
          47,
          55,
          62,
          69,
          70,
          89,
          103,
          112,
          117,
          120,
          130,
          144,
          152,
          157,
          168,
          175,
          188,
          196,
          209,
          212,
          221,
          232,
          235,
          236,
          242,
          248
        ],
        "fingerprint": "5a8181f7e7879299",
        "length": 256,
        "owner_tier": 2,
        "request": "w0.r4",
        "segment_index": 19
      },
      {
        "cache_owner": "main.r1",
        "epic_prefix_rows": [
          2,
          4,
          9,
          11,
          21,
          31,
          35,
          36,
          47,
          50,
          56,
          63,
          65,
          66,
          69,
          88,
          89,
          91,
          112,
          115,
          120,
          138,
          147,
          148,
          166,
          169,
          179,
          209,
          219,
          234,
          252,
          253
        ],
        "fingerprint": "c4de161da65ad6d0",
        "length": 256,
        "owner_tier": 2,
        "request": "w0.r4",
        "segment_index": 20
      },
      {
        "cache_owner": "main.r2",
        "epic_prefix_rows": [
          11,
          12,
          40,
          49,
          50,
          54,
          69,
          71,
          77,
          81,
          82,
          87,
          90,
          91,
          96,
          102,
          125,
          134,
          160,
          167,
          169,
          180,
          184,
          214,
          217,
          221,
          223,
          226,
          232,
          233,
          246,
          251
        ],
        "fingerprint": "43c1199691fc3316",
        "length": 256,
        "owner_tier": 4,
        "request": "w0.r4",
        "segment_index": 21
      },
      {
        "cache_owner": "main.r2",
        "epic_prefix_rows": [
          4,
          6,
          27,
          38,
          44,
          62,
          67,
          69,
          77,
          88,
          93,
          98,
          103,
          140,
          144,
          156,
          170,
          185,
          196,
          201,
          216,
          217,
          225,
          226,
          232,
          233,
          234,
          235,
          240,
          242,
          244,
          252
        ],
        "fingerprint": "e0c1b33b1977de85",
        "length": 256,
        "owner_tier": 4,
        "request": "w0.r4",
        "segment_index": 22
      },
      {
        "cache_owner": "main.r2",
        "epic_prefix_rows": [
          4,
          42,
          53,
          57,
          60,
          62,
          64,
          67,
          80,
          83,
          88,
          100,
          129,
          131,
          132,
          133,
          153,
          159,
          175,
          180,
          181,
          184,
          191,
          207,
          210,
          216,
          220,
          223,
          229,
          238,
          244,
          252
        ],
        "fingerprint": "3597c2ab929b2fa2",
        "length": 256,
        "owner_tier": 4,
        "request": "w0.r4",
        "segment_index": 23
      },
      {
        "cache_owner": "main.r2",
        "epic_prefix_rows": [
          21,
          27,
          37,
          41,
          54,
          59,
          65,
          71,
          74,
          82,
          84,
          87,
          103,
          111,
          117,
          124,
          137,
          139,
          165,
          170,
          179,
          193,
          209,
          214,
          216,
          221,
          223,
          228,
          233,
          239,
          240,
          244
        ],
        "fingerprint": "ebb6ffbea2fb7f17",
        "length": 256,
        "owner_tier": 4,
        "request": "w0.r4",
        "segment_index": 24
      },
      {
        "cache_owner": "main.r2",
        "epic_prefix_rows": [
          0,
          1,
          4,
          7,
          13,
          26,
          39,
          59,
          60,
          62,
          67,
          68,
          81,
          83,
          87,
          88,
          92,
          99,
          123,
          129,
          137,
          140,
          145,
          153,
          154,
          170,
          174,
          211,
          221,
          225,
          241,
          254
        ],
        "fingerprint": "13069208a9b6ae52",
        "length": 256,
        "owner_tier": 4,
        "request": "w0.r4",
        "segment_index": 25
      },
      {
        "cache_owner": "main.r2",
        "epic_prefix_rows": [
          0,
          6,
          16,
          18,
          23,
          32,
          33,
          55,
          58,
          61,
          74,
          79,
          86,
          98,
          99,
          108,
          109,
          117,
          123,
          147,
          168,
          171,
          173,
          175,
          180,
          194,
          203,
          205,
          212,
          224,
          236,
          244
        ],
        "fingerprint": "96c6eb32a8099b39",
        "length": 256,
        "owner_tier": 4,
        "request": "w0.r4",
        "segment_index": 26
      },
      {
        "cache_owner": "main.r2",
        "epic_prefix_rows": [
          20,
          26,
          28,
          44,
          49,
          50,
          51,
          54,
          58,
          63,
          70,
          94,
          128,
          134,
          137,
          168,
          172,
          182,
          198,
          200,
          203,
          208,
          212,
          220,
          233,
          235,
          241,
          242,
          246,
          249,
          250,
          253
        ],
        "fingerprint": "07f759914ec5d44c",
        "length": 256,
        "owner_tier": 4,
        "request": "w0.r4",
        "segment_index": 27
      },
      {
        "cache_owner": "main.r2",
        "epic_prefix_rows": [
          0,
          4,
          18,
          44,
          53,
          57,
          60,
          78,
          88,
          119,
          134,
          136,
          150,
          151,
          156,
          157,
          162,
          166,
          169,
          179,
          180,
          191,
          194,
          199,
          200,
          210,
          216,
          231,
          236,
          245,
          250,
          251
        ],
        "fingerprint": "66dba080f71780ec",
        "length": 256,
        "owner_tier": 4,
        "request": "w0.r4",
        "segment_index": 28
      },
      {
        "cache_owner": "main.r2",
        "epic_prefix_rows": [
          0,
          10,
          18,
          19,
          35,
          41,
          44,
          53,
          65,
          67,
          92,
          93,
          106,
          120,
          125,
          126,
          127,
          130,
          152,
          153,
          166,
          167,
          189,
          190,
          191,
          194,
          202,
          205,
          220,
          232,
          248,
          252
        ],
        "fingerprint": "f5cbe9c563f8d865",
        "length": 256,
        "owner_tier": 4,
        "request": "w0.r4",
        "segment_index": 29
      },
      {
        "cache_owner": "main.r2",
        "epic_prefix_rows": [
          12,
          16,
          31,
          35,
          51,
          66,
          86,
          88,
          94,
          99,
          111,
          123,
          124,
          135,
          143,
          146,
          152,
          162,
          169,
          199,
          203,
          210,
          211,
          217,
          221,
          226,
          227,
          235,
          239,
          241,
          252,
          253
        ],
        "fingerprint": "2bd3429ac7619aa9",
        "length": 256,
        "owner_tier": 4,
        "request": "w0.r4",
        "segment_index": 30
      },
      {
        "cache_owner": "main.r3",
        "epic_prefix_rows": [
          14,
          23,
          26,
          28,
          31,
          36,
          38,
          41,
          49,
          56,
          64,
          69,
          72,
          80,
          89,
          91,
          99,
          102,
          121,
          129,
          144,
          149,
          168,
          186,
          215,
          220,
          221,
          230,
          232,
          243,
          250,
          251
        ],
        "fingerprint": "7e497667b297c845",
        "length": 256,
        "owner_tier": 6,
        "request": "w0.r4",
        "segment_index": 31
      },
      {
        "cache_owner": "main.r3",
        "epic_prefix_rows": [
          8,
          16,
          33,
          42,
          43,
          47,
          52,
          53,
          92,
          109,
          113,
          116,
          121,
          123,
          124,
          128,
          130,
          133,
          140,
          141,
          142,
          156,
          160,
          173,
          175,
          179,
          180,
          187,
          195,
          201,
          215,
          242
        ],
        "fingerprint": "37b4718978e1500a",
        "length": 256,
        "owner_tier": 6,
        "request": "w0.r4",
        "segment_index": 32
      },
      {
        "cache_owner": "main.r3",
        "epic_prefix_rows": [
          9,
          25,
          36,
          40,
          41,
          43,
          57,
          67,
          81,
          89,
          96,
          101,
          103,
          118,
          127,
          134,
          149,
          151,
          152,
          157,
          159,
          160,
          163,
          179,
          188,
          198,
          208,
          210,
          211,
          217,
          239,
          251
        ],
        "fingerprint": "a03f8799509acc24",
        "length": 256,
        "owner_tier": 6,
        "request": "w0.r4",
        "segment_index": 33
      },
      {
        "cache_owner": "main.r3",
        "epic_prefix_rows": [
          27,
          32,
          35,
          45,
          74,
          81,
          82,
          85,
          96,
          98,
          101,
          113,
          116,
          123,
          127,
          133,
          134,
          144,
          148,
          155,
          163,
          168,
          195,
          202,
          205,
          206,
          214,
          217,
          218,
          240,
          246,
          248
        ],
        "fingerprint": "810508acd012e8a7",
        "length": 256,
        "owner_tier": 6,
        "request": "w0.r4",
        "segment_index": 34
      },
      {
        "cache_owner": "main.r3",
        "epic_prefix_rows": [
          11,
          28,
          32,
          44,
          46,
          56,
          57,
          68,
          89,
          104,
          109,
          113,
          120,
          132,
          135,
          142,
          147,
          149,
          159,
          160,
          161,
          162,
          165,
          180,
          189,
          200,
          212,
          213,
          236,
          239,
          250,
          252
        ],
        "fingerprint": "b03fe1ff7b59999e",
        "length": 256,
        "owner_tier": 6,
        "request": "w0.r4",
        "segment_index": 35
      },
      {
        "cache_owner": "main.r3",
        "epic_prefix_rows": [
          5,
          9,
          10,
          24,
          64,
          70,
          86,
          108,
          109,
          121,
          122,
          123,
          125,
          128,
          135,
          139,
          148,
          149,
          159,
          167,
          175,
          183,
          193,
          203,
          209,
          213,
          224,
          227,
          238,
          240,
          247,
          249
        ],
        "fingerprint": "40596d9bc8f60e23",
        "length": 256,
        "owner_tier": 6,
        "request": "w0.r4",
        "segment_index": 36
      },
      {
        "cache_owner": "main.r3",
        "epic_prefix_rows": [
          3,
          5,
          15,
          22,
          36,
          37,
          44,
          46,
          48,
          55,
          58,
          62,
          70,
          78,
          80,
          93,
          102,
          103,
          121,
          131,
          137,
          139,
          164,
          165,
          167,
          171,
          176,
          195,
          215,
          216,
          253,
          254
        ],
        "fingerprint": "a4cee309986b1e06",
        "length": 256,
        "owner_tier": 6,
        "request": "w0.r4",
        "segment_index": 37
      },
      {
        "cache_owner": "main.r3",
        "epic_prefix_rows": [
          31,
          37,
          43,
          63,
          78,
          81,
          82,
          88,
          97,
          98,
          104,
          107,
          120,
          124,
          145,
          147,
          152,
          158,
          169,
          171,
          178,
          184,
          186,
          190,
          194,
          206,
          217,
          219,
          227,
          229,
          235,
          251
        ],
        "fingerprint": "8b3f6b908f9ada23",
        "length": 256,
        "owner_tier": 6,
        "request": "w0.r4",
        "segment_index": 38
      },
      {
        "cache_owner": "main.r3",
        "epic_prefix_rows": [
          0,
          2,
          6,
          20,
          36,
          50,
          56,
          74,
          77,
          78,
          83,
          98,
          104,
          112,
          113,
          133,
          138,
          157,
          166,
          169,
          170,
          176,
          177,
          190,
          196,
          203,
          207,
          208,
          216,
          224,
          231,
          249
        ],
        "fingerprint": "081e2fb018d14722",
        "length": 256,
        "owner_tier": 6,
        "request": "w0.r4",
        "segment_index": 39
      },
      {
        "cache_owner": "main.r4",
        "epic_prefix_rows": [
          5,
          15,
          17,
          19,
          21,
          31,
          34,
          61,
          71,
          84,
          85,
          89,
          92,
          131,
          141,
          148,
          151,
          153,
          197,
          201,
          203,
          213,
          223,
          224,
          226,
          229,
          233,
          241,
          247,
          249,
          250,
          252
        ],
        "fingerprint": "2e2e4ec7bea151a3",
        "length": 256,
        "owner_tier": 8,
        "request": "w0.r4",
        "segment_index": 40
      },
      {
        "cache_owner": "main.r4",
        "epic_prefix_rows": [
          1,
          18,
          29,
          37,
          62,
          66,
          87,
          88,
          91,
          98,
          101,
          109,
          111,
          113,
          118,
          125,
          134,
          137,
          139,
          148,
          152,
          160,
          164,
          173,
          175,
          191,
          201,
          231,
          233,
          234,
          244,
          254
        ],
        "fingerprint": "d6322cc683bef95e",
        "length": 256,
        "owner_tier": 8,
        "request": "w0.r4",
        "segment_index": 41
      },
      {
        "cache_owner": "main.r4",
        "epic_prefix_rows": [
          0,
          8,
          14,
          25,
          40,
          45,
          74,
          88,
          90,
          96,
          101,
          103,
          105,
          117,
          123,
          135,
          136,
          156,
          157,
          159,
          164,
          167,
          171,
          182,
          189,
          202,
          210,
          227,
          231,
          234,
          236,
          245
        ],
        "fingerprint": "e4842b8c181ae3d5",
        "length": 256,
        "owner_tier": 8,
        "request": "w0.r4",
        "segment_index": 42
      },
      {
        "cache_owner": "main.r4",
        "epic_prefix_rows": [
          1,
          7,
          9,
          25,
          29,
          43,
          44,
          49,
          52,
          63,
          68,
          76,
          78,
          93,
          94,
          95,
          98,
          107,
          110,
          117,
          126,
          135,
          156,
          160,
          167,
          179,
          198,
          201,
          202,
          217,
          227,
          242
        ],
        "fingerprint": "5e174838e9cbf6a1",
        "length": 256,
        "owner_tier": 8,
        "request": "w0.r4",
        "segment_index": 43
      },
      {
        "cache_owner": "main.r4",
        "epic_prefix_rows": [
          28,
          45,
          49,
          68,
          75,
          80,
          88,
          96,
          104,
          107,
          117,
          143,
          148,
          153,
          155,
          157,
          163,
          169,
          179,
          183,
          184,
          190,
          198,
          200,
          205,
          208,
          219,
          229,
          231,
          237,
          238,
          251
        ],
        "fingerprint": "10c96afa4bbc66d5",
        "length": 256,
        "owner_tier": 8,
        "request": "w0.r4",
        "segment_index": 44
      },
      {
        "cache_owner": "main.r4",
        "epic_prefix_rows": [
          9,
          28,
          34,
          38,
          53,
          58,
          63,
          69,
          81,
          86,
          105,
          122,
          125,
          129,
          142,
          168,
          176,
          182,
          187,
          188,
          189,
          191,
          192,
          195,
          197,
          198,
          200,
          204,
          223,
          229,
          240,
          250
        ],
        "fingerprint": "1ea14890787fda60",
        "length": 256,
        "owner_tier": 8,
        "request": "w0.r4",
        "segment_index": 45
      },
      {
        "cache_owner": "main.r4",
        "epic_prefix_rows": [
          10,
          16,
          42,
          65,
          77,
          78,
          94,
          96,
          99,
          107,
          110,
          118,
          119,
          120,
          128,
          133,
          145,
          147,
          156,
          161,
          174,
          181,
          190,
          199,
          209,
          217,
          223,
          240,
          245,
          249,
          252,
          255
        ],
        "fingerprint": "11496dd68804155f",
        "length": 256,
        "owner_tier": 8,
        "request": "w0.r4",
        "segment_index": 46
      },
      {
        "cache_owner": "main.r4",
        "epic_prefix_rows": [
          4,
          21,
          32,
          35,
          36,
          52,
          64,
          75,
          78,
          84,
          88,
          89,
          98,
          106,
          114,
          117,
          123,
          127,
          132,
          146,
          147,
          151,
          154,
          155,
          175,
          186,
          207,
          213,
          225,
          232,
          233,
          235
        ],
        "fingerprint": "1693bfd182384371",
        "length": 256,
        "owner_tier": 8,
        "request": "w0.r4",
        "segment_index": 47
      },
      {
        "cache_owner": "main.r4",
        "epic_prefix_rows": [
          0,
          2,
          10,
          25,
          42,
          47,
          51,
          59,
          68,
          81,
          84,
          89,
          92,
          107,
          122,
          131,
          141,
          148,
          151,
          153,
          161,
          162,
          163,
          169,
          173,
          180,
          183,
          220,
          229,
          236,
          237,
          240
        ],
        "fingerprint": "d42e4e61fbbbf1c3",
        "length": 256,
        "owner_tier": 8,
        "request": "w0.r4",
        "segment_index": 48
      },
      {
        "cache_owner": "main.r4",
        "epic_prefix_rows": [
          5,
          11,
          12,
          16,
          20,
          24,
          26,
          31,
          36,
          44,
          48,
          49,
          52,
          55,
          66,
          69,
          71,
          73,
          81,
          82,
          83,
          88,
          91,
          95,
          96,
          102,
          104,
          106,
          108,
          114,
          120,
          127
        ],
        "fingerprint": "43fff286665785fb",
        "length": 128,
        "owner_tier": 8,
        "request": "w1.r4",
        "segment_index": 0
      },
      {
        "cache_owner": "w0.r0",
        "epic_prefix_rows": [],
        "fingerprint": "c50748f2a87b6838",
        "length": 300,
        "owner_tier": 1,
        "request": "w1.r4",
        "segment_index": 1
      },
      {
        "cache_owner": "main.r0",
        "epic_prefix_rows": [
          0,
          8,
          9,
          10,
          21,
          22,
          37,
          50,
          51,
          64,
          70,
          75,
          80,
          93,
          101,
          104,
          107,
          115,
          130,
          155,
          158,
          164,
          178,
          195,
          199,
          211,
          216,
          224,
          225,
          243,
          250,
          254
        ],
        "fingerprint": "20a4bd865a5b229e",
        "length": 256,
        "owner_tier": 0,
        "request": "w1.r4",
        "segment_index": 2
      },
      {
        "cache_owner": "main.r0",
        "epic_prefix_rows": [
          21,
          23,
          25,
          27,
          45,
          55,
          59,
          60,
          61,
          69,
          80,
          85,
          97,
          110,
          113,
          124,
          130,
          131,
          134,
          136,
          144,
          154,
          156,
          160,
          164,
          180,
          183,
          203,
          229,
          235,
          236,
          248
        ],
        "fingerprint": "9ab6734a754c1b9d",
        "length": 256,
        "owner_tier": 0,
        "request": "w1.r4",
        "segment_index": 3
      },
      {
        "cache_owner": "main.r0",
        "epic_prefix_rows": [
          0,
          8,
          12,
          14,
          20,
          22,
          25,
          46,
          57,
          60,
          63,
          75,
          81,
          84,
          88,
          91,
          95,
          104,
          132,
          139,
          140,
          146,
          166,
          189,
          192,
          193,
          203,
          212,
          222,
          223,
          226,
          251
        ],
        "fingerprint": "d08a027d3c65b5e6",
        "length": 256,
        "owner_tier": 0,
        "request": "w1.r4",
        "segment_index": 4
      },
      {
        "cache_owner": "main.r0",
        "epic_prefix_rows": [
          8,
          11,
          14,
          23,
          25,
          33,
          34,
          41,
          44,
          82,
          87,
          91,
          99,
          103,
          104,
          105,
          113,
          114,
          127,
          139,
          156,
          160,
          161,
          176,
          197,
          226,
          233,
          235,
          239,
          241,
          242,
          248
        ],
        "fingerprint": "9ae87ab9d42e4990",
        "length": 256,
        "owner_tier": 0,
        "request": "w1.r4",
        "segment_index": 5
      },
      {
        "cache_owner": "main.r0",
        "epic_prefix_rows": [
          3,
          19,
          22,
          45,
          56,
          61,
          63,
          77,
          90,
          106,
          112,
          119,
          139,
          147,
          148,
          155,
          157,
          159,
          171,
          172,
          173,
          197,
          198,
          199,
          205,
          208,
          222,
          225,
          226,
          238,
          241,
          252
        ],
        "fingerprint": "4507ec10354b9a34",
        "length": 256,
        "owner_tier": 0,
        "request": "w1.r4",
        "segment_index": 6
      },
      {
        "cache_owner": "main.r0",
        "epic_prefix_rows": [
          1,
          4,
          5,
          10,
          13,
          14,
          17,
          34,
          37,
          39,
          42,
          49,
          52,
          53,
          55,
          111,
          122,
          126,
          143,
          162,
          163,
          165,
          177,
          181,
          183,
          190,
          201,
          203,
          204,
          225,
          228,
          247
        ],
        "fingerprint": "3efa0426917061ae",
        "length": 256,
        "owner_tier": 0,
        "request": "w1.r4",
        "segment_index": 7
      },
      {
        "cache_owner": "main.r0",
        "epic_prefix_rows": [
          2,
          5,
          44,
          50,
          69,
          102,
          112,
          118,
          122,
          133,
          141,
          159,
          163,
          169,
          177,
          180,
          182,
          184,
          186,
          187,
          188,
          196,
          199,
          200,
          206,
          219,
          224,
          244,
          248,
          250,
          253,
          255
        ],
        "fingerprint": "e646956386ed6749",
        "length": 256,
        "owner_tier": 0,
        "request": "w1.r4",
        "segment_index": 8
      },
      {
        "cache_owner": "main.r0",
        "epic_prefix_rows": [
          7,
          18,
          30,
          45,
          46,
          49,
          50,
          68,
          79,
          83,
          98,
          101,
          105,
          108,
          118,
          134,
          139,
          141,
          156,
          167,
          175,
          186,
          189,
          200,
          210,
          214,
          216,
          220,
          225,
          233,
          244,
          248
        ],
        "fingerprint": "f6e2ee9cb02b549b",
        "length": 256,
        "owner_tier": 0,
        "request": "w1.r4",
        "segment_index": 9
      },
      {
        "cache_owner": "main.r0",
        "epic_prefix_rows": [
          2,
          6,
          22,
          58,
          61,
          62,
          75,
          89,
          91,
          92,
          99,
          106,
          113,
          122,
          123,
          126,
          129,
          138,
          145,
          162,
          163,
          186,
          187,
          189,
          198,
          201,
          206,
          210,
          214,
          230,
          237,
          239
        ],
        "fingerprint": "859509070aaad92f",
        "length": 256,
        "owner_tier": 0,
        "request": "w1.r4",
        "segment_index": 10
      },
      {
        "cache_owner": "main.r0",
        "epic_prefix_rows": [
          4,
          6,
          11,
          14,
          32,
          34,
          52,
          61,
          64,
          71,
          72,
          78,
          110,
          111,
          120,
          126,
          127,
          141,
          143,
          156,
          168,
          169,
          178,
          221,
          222,
          224,
          229,
          238,
          241,
          242,
          245,
          255
        ],
        "fingerprint": "fcd577b876fb0572",
        "length": 256,
        "owner_tier": 0,
        "request": "w1.r4",
        "segment_index": 11
      },
      {
        "cache_owner": "main.r1",
        "epic_prefix_rows": [
          19,
          36,
          37,
          38,
          51,
          54,
          58,
          61,
          66,
          71,
          75,
          77,
          108,
          117,
          138,
          145,
          146,
          147,
          157,
          162,
          166,
          167,
          168,
          175,
          185,
          196,
          201,
          203,
          211,
          214,
          216,
          230
        ],
        "fingerprint": "b7b36c9cc0ffca1f",
        "length": 256,
        "owner_tier": 2,
        "request": "w1.r4",
        "segment_index": 12
      },
      {
        "cache_owner": "main.r1",
        "epic_prefix_rows": [
          4,
          10,
          19,
          34,
          52,
          56,
          57,
          62,
          67,
          68,
          70,
          92,
          106,
          126,
          130,
          134,
          140,
          150,
          154,
          173,
          181,
          182,
          190,
          199,
          204,
          207,
          213,
          217,
          222,
          234,
          238,
          255
        ],
        "fingerprint": "2ca95e1f99b62895",
        "length": 256,
        "owner_tier": 2,
        "request": "w1.r4",
        "segment_index": 13
      },
      {
        "cache_owner": "main.r1",
        "epic_prefix_rows": [
          0,
          7,
          31,
          66,
          71,
          74,
          86,
          91,
          93,
          95,
          96,
          107,
          109,
          111,
          112,
          138,
          142,
          147,
          172,
          181,
          183,
          185,
          187,
          198,
          199,
          200,
          214,
          216,
          231,
          237,
          245,
          252
        ],
        "fingerprint": "61981006a3087531",
        "length": 256,
        "owner_tier": 2,
        "request": "w1.r4",
        "segment_index": 14
      },
      {
        "cache_owner": "main.r1",
        "epic_prefix_rows": [
          4,
          27,
          35,
          39,
          40,
          51,
          57,
          62,
          66,
          70,
          77,
          93,
          101,
          119,
          122,
          127,
          142,
          151,
          152,
          180,
          181,
          184,
          194,
          200,
          203,
          215,
          226,
          231,
          232,
          251,
          253,
          254
        ],
        "fingerprint": "0676dfd47068e0df",
        "length": 256,
        "owner_tier": 2,
        "request": "w1.r4",
        "segment_index": 15
      },
      {
        "cache_owner": "main.r1",
        "epic_prefix_rows": [
          11,
          15,
          18,
          29,
          36,
          51,
          58,
          64,
          85,
          90,
          97,
          100,
          104,
          111,
          118,
          123,
          127,
          132,
          145,
          153,
          154,
          162,
          168,
          201,
          205,
          207,
          212,
          213,
          231,
          240,
          247,
          254
        ],
        "fingerprint": "7392f0dd8e833d02",
        "length": 256,
        "owner_tier": 2,
        "request": "w1.r4",
        "segment_index": 16
      },
      {
        "cache_owner": "main.r1",
        "epic_prefix_rows": [
          0,
          5,
          7,
          9,
          11,
          17,
          18,
          33,
          36,
          38,
          56,
          83,
          106,
          107,
          113,
          117,
          125,
          129,
          137,
          139,
          164,
          171,
          173,
          187,
          192,
          204,
          214,
          219,
          225,
          246,
          249,
          252
        ],
        "fingerprint": "2d9f547fcb304b0f",
        "length": 256,
        "owner_tier": 2,
        "request": "w1.r4",
        "segment_index": 17
      },
      {
        "cache_owner": "main.r1",
        "epic_prefix_rows": [
          7,
          11,
          13,
          15,
          18,
          33,
          45,
          51,
          55,
          56,
          60,
          78,
          79,
          88,
          92,
          115,
          120,
          124,
          140,
          148,
          160,
          163,
          165,
          190,
          193,
          194,
          202,
          215,
          220,
          231,
          235,
          238
        ],
        "fingerprint": "2524834b679c9169",
        "length": 256,
        "owner_tier": 2,
        "request": "w1.r4",
        "segment_index": 18
      },
      {
        "cache_owner": "main.r1",
        "epic_prefix_rows": [
          2,
          4,
          11,
          15,
          18,
          32,
          43,
          47,
          56,
          60,
          61,
          96,
          113,
          115,
          121,
          124,
          128,
          132,
          137,
          141,
          162,
          173,
          192,
          200,
          232,
          234,
          238,
          242,
          244,
          246,
          250,
          251
        ],
        "fingerprint": "5a8181f7e7879299",
        "length": 256,
        "owner_tier": 2,
        "request": "w1.r4",
        "segment_index": 19
      },
      {
        "cache_owner": "main.r1",
        "epic_prefix_rows": [
          1,
          17,
          46,
          48,
          61,
          63,
          67,
          68,
          73,
          74,
          81,
          96,
          100,
          110,
          113,
          123,
          136,
          145,
          146,
          154,
          165,
          169,
          170,
          173,
          181,
          183,
          186,
          187,
          194,
          221,
          223,
          249
        ],
        "fingerprint": "c4de161da65ad6d0",
        "length": 256,
        "owner_tier": 2,
        "request": "w1.r4",
        "segment_index": 20
      },
      {
        "cache_owner": "main.r2",
        "epic_prefix_rows": [
          1,
          2,
          12,
          17,
          22,
          44,
          51,
          57,
          59,
          64,
          69,
          70,
          82,
          93,
          101,
          108,
          115,
          119,
          126,
          127,
          143,
          144,
          153,
          168,
          173,
          182,
          208,
          213,
          215,
          219,
          225,
          228
        ],
        "fingerprint": "43c1199691fc3316",
        "length": 256,
        "owner_tier": 4,
        "request": "w1.r4",
        "segment_index": 21
      },
      {
        "cache_owner": "main.r2",
        "epic_prefix_rows": [
          16,
          26,
          27,
          38,
          45,
          64,
          67,
          89,
          96,
          104,
          106,
          109,
          114,
          135,
          158,
          164,
          180,
          197,
          200,
          203,
          204,
          218,
          225,
          226,
          232,
          234,
          236,
          238,
          244,
          247,
          249,
          252
        ],
        "fingerprint": "e0c1b33b1977de85",
        "length": 256,
        "owner_tier": 4,
        "request": "w1.r4",
        "segment_index": 22
      },
      {
        "cache_owner": "main.r2",
        "epic_prefix_rows": [
          3,
          4,
          7,
          9,
          10,
          19,
          46,
          51,
          52,
          63,
          76,
          81,
          82,
          93,
          102,
          134,
          173,
          177,
          178,
          180,
          182,
          185,
          190,
          198,
          207,
          208,
          214,
          215,
          216,
          221,
          231,
          233
        ],
        "fingerprint": "3597c2ab929b2fa2",
        "length": 256,
        "owner_tier": 4,
        "request": "w1.r4",
        "segment_index": 23
      },
      {
        "cache_owner": "main.r2",
        "epic_prefix_rows": [
          0,
          1,
          26,
          38,
          45,
          47,
          53,
          68,
          71,
          85,
          88,
          91,
          107,
          108,
          110,
          122,
          126,
          138,
          140,
          150,
          152,
          154,
          165,
          176,
          177,
          204,
          224,
          225,
          233,
          236,
          239,
          252
        ],
        "fingerprint": "ebb6ffbea2fb7f17",
        "length": 256,
        "owner_tier": 4,
        "request": "w1.r4",
        "segment_index": 24
      },
      {
        "cache_owner": "main.r2",
        "epic_prefix_rows": [
          1,
          12,
          24,
          51,
          57,
          64,
          72,
          75,
          90,
          92,
          94,
          100,
          110,
          111,
          121,
          123,
          125,
          133,
          139,
          144,
          151,
          154,
          155,
          179,
          182,
          189,
          192,
          217,
          232,
          234,
          235,
          248
        ],
        "fingerprint": "13069208a9b6ae52",
        "length": 256,
        "owner_tier": 4,
        "request": "w1.r4",
        "segment_index": 25
      },
      {
        "cache_owner": "main.r2",
        "epic_prefix_rows": [
          5,
          8,
          14,
          15,
          49,
          56,
          63,
          83,
          84,
          92,
          96,
          99,
          100,
          127,
          133,
          134,
          137,
          146,
          151,
          158,
          164,
          166,
          167,
          168,
          172,
          173,
          181,
          183,
          209,
          223,
          252,
          255
        ],
        "fingerprint": "96c6eb32a8099b39",
        "length": 256,
        "owner_tier": 4,
        "request": "w1.r4",
        "segment_index": 26
      },
      {
        "cache_owner": "main.r2",
        "epic_prefix_rows": [
          4,
          22,
          23,
          27,
          30,
          42,
          58,
          60,
          65,
          70,
          72,
          82,
          90,
          104,
          105,
          125,
          127,
          136,
          147,
          152,
          186,
          191,
          196,
          202,
          213,
          215,
          217,
          219,
          221,
          225,
          230,
          234
        ],
        "fingerprint": "07f759914ec5d44c",
        "length": 256,
        "owner_tier": 4,
        "request": "w1.r4",
        "segment_index": 27
      },
      {
        "cache_owner": "main.r2",
        "epic_prefix_rows": [
          6,
          23,
          24,
          27,
          31,
          39,
          43,
          44,
          49,
          61,
          79,
          81,
          84,
          98,
          124,
          126,
          136,
          150,
          167,
          174,
          181,
          197,
          203,
          207,
          209,
          216,
          217,
          218,
          221,
          223,
          242,
          244
        ],
        "fingerprint": "66dba080f71780ec",
        "length": 256,
        "owner_tier": 4,
        "request": "w1.r4",
        "segment_index": 28
      },
      {
        "cache_owner": "main.r2",
        "epic_prefix_rows": [
          0,
          20,
          23,
          26,
          53,
          67,
          68,
          75,
          88,
          95,
          99,
          110,
          122,
          128,
          133,
          151,
          160,
          166,
          173,
          174,
          177,
          184,
          189,
          192,
          194,
          197,
          212,
          218,
          219,
          229,
          243,
          253
        ],
        "fingerprint": "f5cbe9c563f8d865",
        "length": 256,
        "owner_tier": 4,
        "request": "w1.r4",
        "segment_index": 29
      },
      {
        "cache_owner": "main.r2",
        "epic_prefix_rows": [
          13,
          17,
          18,
          27,
          28,
          38,
          53,
          62,
          64,
          74,
          95,
          96,
          110,
          117,
          136,
          138,
          144,
          147,
          166,
          172,
          179,
          183,
          191,
          195,
          200,
          208,
          215,
          217,
          235,
          236,
          246,
          255
        ],
        "fingerprint": "2bd3429ac7619aa9",
        "length": 256,
        "owner_tier": 4,
        "request": "w1.r4",
        "segment_index": 30
      },
      {
        "cache_owner": "main.r3",
        "epic_prefix_rows": [
          1,
          11,
          18,
          28,
          40,
          44,
          46,
          49,
          53,
          62,
          76,
          80,
          106,
          111,
          114,
          126,
          128,
          132,
          143,
          153,
          178,
          182,
          187,
          188,
          190,
          204,
          215,
          216,
          217,
          218,
          220,
          243
        ],
        "fingerprint": "7e497667b297c845",
        "length": 256,
        "owner_tier": 6,
        "request": "w1.r4",
        "segment_index": 31
      },
      {
        "cache_owner": "main.r3",
        "epic_prefix_rows": [
          3,
          22,
          25,
          28,
          30,
          48,
          53,
          54,
          58,
          67,
          79,
          91,
          98,
          100,
          103,
          117,
          118,
          149,
          176,
          184,
          185,
          187,
          188,
          190,
          202,
          205,
          208,
          222,
          225,
          229,
          234,
          237
        ],
        "fingerprint": "37b4718978e1500a",
        "length": 256,
        "owner_tier": 6,
        "request": "w1.r4",
        "segment_index": 32
      },
      {
        "cache_owner": "main.r3",
        "epic_prefix_rows": [
          7,
          9,
          19,
          20,
          26,
          29,
          35,
          42,
          55,
          56,
          68,
          92,
          94,
          99,
          114,
          135,
          144,
          159,
          175,
          177,
          181,
          205,
          208,
          218,
          219,
          221,
          222,
          229,
          230,
          240,
          243,
          255
        ],
        "fingerprint": "a03f8799509acc24",
        "length": 256,
        "owner_tier": 6,
        "request": "w1.r4",
        "segment_index": 33
      },
      {
        "cache_owner": "main.r3",
        "epic_prefix_rows": [
          19,
          29,
          36,
          48,
          57,
          61,
          73,
          74,
          80,
          82,
          103,
          104,
          111,
          140,
          145,
          152,
          166,
          175,
          182,
          183,
          190,
          195,
          213,
          221,
          227,
          231,
          235,
          236,
          241,
          242,
          244,
          252
        ],
        "fingerprint": "810508acd012e8a7",
        "length": 256,
        "owner_tier": 6,
        "request": "w1.r4",
        "segment_index": 34
      },
      {
        "cache_owner": "main.r3",
        "epic_prefix_rows": [
          1,
          4,
          5,
          6,
          11,
          12,
          15,
          23,
          24,
          26,
          28,
          36,
          71,
          73,
          98,
          100,
          103,
          124,
          141,
          143,
          144,
          158,
          160,
          195,
          201,
          202,
          204,
          206,
          209,
          215,
          238,
          250
        ],
        "fingerprint": "b03fe1ff7b59999e",
        "length": 256,
        "owner_tier": 6,
        "request": "w1.r4",
        "segment_index": 35
      },
      {
        "cache_owner": "main.r3",
        "epic_prefix_rows": [
          0,
          2,
          18,
          24,
          25,
          52,
          53,
          55,
          60,
          63,
          86,
          89,
          95,
          104,
          112,
          137,
          156,
          167,
          168,
          170,
          180,
          183,
          186,
          188,
          198,
          200,
          202,
          203,
          208,
          219,
          231,
          247
        ],
        "fingerprint": "40596d9bc8f60e23",
        "length": 256,
        "owner_tier": 6,
        "request": "w1.r4",
        "segment_index": 36
      },
      {
        "cache_owner": "main.r3",
        "epic_prefix_rows": [
          1,
          11,
          33,
          38,
          53,
          55,
          68,
          83,
          97,
          99,
          101,
          102,
          106,
          123,
          125,
          138,
          143,
          151,
          165,
          169,
          190,
          196,
          198,
          201,
          205,
          207,
          210,
          217,
          222,
          239,
          248,
          250
        ],
        "fingerprint": "a4cee309986b1e06",
        "length": 256,
        "owner_tier": 6,
        "request": "w1.r4",
        "segment_index": 37
      },
      {
        "cache_owner": "main.r3",
        "epic_prefix_rows": [
          4,
          27,
          29,
          45,
          46,
          49,
          61,
          63,
          81,
          82,
          96,
          98,
          101,
          106,
          143,
          150,
          151,
          152,
          160,
          167,
          172,
          190,
          196,
          197,
          205,
          209,
          218,
          224,
          233,
          241,
          245,
          255
        ],
        "fingerprint": "8b3f6b908f9ada23",
        "length": 256,
        "owner_tier": 6,
        "request": "w1.r4",
        "segment_index": 38
      },
      {
        "cache_owner": "main.r3",
        "epic_prefix_rows": [
          2,
          9,
          21,
          46,
          51,
          63,
          76,
          77,
          82,
          83,
          86,
          89,
          92,
          93,
          104,
          113,
          126,
          130,
          131,
          150,
          151,
          172,
          189,
          190,
          192,
          203,
          204,
          226,
          233,
          235,
          246,
          249
        ],
        "fingerprint": "081e2fb018d14722",
        "length": 256,
        "owner_tier": 6,
        "request": "w1.r4",
        "segment_index": 39
      },
      {
        "cache_owner": "main.r4",
        "epic_prefix_rows": [
          6,
          14,
          16,
          18,
          19,
          21,
          30,
          33,
          34,
          35,
          48,
          62,
          64,
          70,
          75,
          86,
          95,
          112,
          136,
          137,
          143,
          145,
          150,
          152,
          161,
          215,
          219,
          221,
          235,
          237,
          242,
          246
        ],
        "fingerprint": "2e2e4ec7bea151a3",
        "length": 256,
        "owner_tier": 8,
        "request": "w1.r4",
        "segment_index": 40
      },
      {
        "cache_owner": "main.r4",
        "epic_prefix_rows": [
          0,
          19,
          34,
          35,
          44,
          49,
          50,
          54,
          62,
          65,
          66,
          71,
          75,
          83,
          89,
          97,
          121,
          126,
          135,
          137,
          147,
          167,
          179,
          182,
          193,
          194,
          196,
          201,
          211,
          212,
          221,
          245
        ],
        "fingerprint": "d6322cc683bef95e",
        "length": 256,
        "owner_tier": 8,
        "request": "w1.r4",
        "segment_index": 41
      },
      {
        "cache_owner": "main.r4",
        "epic_prefix_rows": [
          3,
          6,
          10,
          21,
          22,
          27,
          35,
          37,
          38,
          41,
          58,
          59,
          63,
          67,
          70,
          75,
          76,
          77,
          83,
          86,
          127,
          143,
          152,
          157,
          170,
          173,
          201,
          206,
          208,
          221,
          228,
          234
        ],
        "fingerprint": "e4842b8c181ae3d5",
        "length": 256,
        "owner_tier": 8,
        "request": "w1.r4",
        "segment_index": 42
      },
      {
        "cache_owner": "main.r4",
        "epic_prefix_rows": [
          13,
          20,
          26,
          29,
          34,
          66,
          77,
          78,
          81,
          91,
          106,
          107,
          109,
          113,
          115,
          121,
          135,
          146,
          152,
          156,
          164,
          166,
          169,
          170,
          176,
          177,
          212,
          215,
          218,
          223,
          226,
          227
        ],
        "fingerprint": "5e174838e9cbf6a1",
        "length": 256,
        "owner_tier": 8,
        "request": "w1.r4",
        "segment_index": 43
      },
      {
        "cache_owner": "main.r4",
        "epic_prefix_rows": [
          23,
          26,
          28,
          33,
          35,
          41,
          42,
          48,
          49,
          58,
          67,
          75,
          76,
          78,
          93,
          100,
          104,
          111,
          114,
          117,
          125,
          128,
          132,
          145,
          154,
          202,
          203,
          218,
          227,
          229,
          235,
          237
        ],
        "fingerprint": "10c96afa4bbc66d5",
        "length": 256,
        "owner_tier": 8,
        "request": "w1.r4",
        "segment_index": 44
      },
      {
        "cache_owner": "main.r4",
        "epic_prefix_rows": [
          4,
          5,
          20,
          21,
          49,
          57,
          61,
          67,
          71,
          72,
          73,
          75,
          87,
          106,
          109,
          110,
          127,
          129,
          135,
          142,
          150,
          151,
          165,
          166,
          177,
          180,
          184,
          229,
          231,
          233,
          246,
          255
        ],
        "fingerprint": "1ea14890787fda60",
        "length": 256,
        "owner_tier": 8,
        "request": "w1.r4",
        "segment_index": 45
      },
      {
        "cache_owner": "main.r4",
        "epic_prefix_rows": [
          3,
          22,
          31,
          37,
          38,
          39,
          41,
          47,
          49,
          50,
          54,
          60,
          68,
          74,
          83,
          90,
          91,
          96,
          97,
          114,
          126,
          127,
          148,
          167,
          170,
          181,
          199,
          202,
          206,
          225,
          237,
          239
        ],
        "fingerprint": "11496dd68804155f",
        "length": 256,
        "owner_tier": 8,
        "request": "w1.r4",
        "segment_index": 46
      },
      {
        "cache_owner": "main.r4",
        "epic_prefix_rows": [
          3,
          14,
          16,
          19,
          27,
          39,
          61,
          66,
          71,
          89,
          94,
          108,
          109,
          112,
          114,
          127,
          130,
          136,
          137,
          140,
          145,
          148,
          161,
          164,
          174,
          175,
          190,
          209,
          237,
          238,
          243,
          249
        ],
        "fingerprint": "1693bfd182384371",
        "length": 256,
        "owner_tier": 8,
        "request": "w1.r4",
        "segment_index": 47
      },
      {
        "cache_owner": "main.r4",
        "epic_prefix_rows": [
          7,
          10,
          17,
          22,
          28,
          29,
          31,
          34,
          37,
          40,
          47,
          76,
          78,
          82,
          84,
          86,
          87,
          96,
          105,
          111,
          135,
          139,
          151,
          160,
          175,
          177,
          214,
          226,
          228,
          230,
          248,
          253
        ],
        "fingerprint": "d42e4e61fbbbf1c3",
        "length": 256,
        "owner_tier": 8,
        "request": "w1.r4",
        "segment_index": 48
      },
      {
        "cache_owner": "main.r4",
        "epic_prefix_rows": [
          0,
          1,
          3,
          15,
          16,
          23,
          26,
          31,
          32,
          36,
          40,
          51,
          52,
          56,
          57,
          58,
          65,
          66,
          68,
          73,
          79,
          81,
          90,
          93,
          96,
          97,
          99,
          100,
          115,
          121,
          123,
          127
        ],
        "fingerprint": "43fff286665785fb",
        "length": 128,
        "owner_tier": 8,
        "request": "w2.r4",
        "segment_index": 0
      },
      {
        "cache_owner": "w0.r0",
        "epic_prefix_rows": [],
        "fingerprint": "c50748f2a87b6838",
        "length": 300,
        "owner_tier": 1,
        "request": "w2.r4",
        "segment_index": 1
      },
      {
        "cache_owner": "main.r0",
        "epic_prefix_rows": [
          10,
          16,
          20,
          21,
          22,
          34,
          48,
          50,
          69,
          75,
          78,
          80,
          87,
          89,
          98,
          100,
          106,
          109,
          123,
          126,
          128,
          163,
          165,
          177,
          182,
          184,
          199,
          205,
          220,
          222,
          224,
          243
        ],
        "fingerprint": "20a4bd865a5b229e",
        "length": 256,
        "owner_tier": 0,
        "request": "w2.r4",
        "segment_index": 2
      },
      {
        "cache_owner": "main.r0",
        "epic_prefix_rows": [
          4,
          7,
          14,
          33,
          37,
          42,
          45,
          50,
          57,
          58,
          64,
          69,
          70,
          82,
          84,
          103,
          123,
          141,
          154,
          162,
          183,
          193,
          200,
          205,
          218,
          219,
          222,
          229,
          230,
          242,
          246,
          247
        ],
        "fingerprint": "9ab6734a754c1b9d",
        "length": 256,
        "owner_tier": 0,
        "request": "w2.r4",
        "segment_index": 3
      },
      {
        "cache_owner": "main.r0",
        "epic_prefix_rows": [
          1,
          2,
          22,
          31,
          33,
          43,
          46,
          51,
          54,
          58,
          79,
          96,
          104,
          105,
          107,
          108,
          112,
          117,
          149,
          162,
          170,
          171,
          174,
          175,
          198,
          207,
          211,
          213,
          214,
          215,
          216,
          233
        ],
        "fingerprint": "d08a027d3c65b5e6",
        "length": 256,
        "owner_tier": 0,
        "request": "w2.r4",
        "segment_index": 4
      },
      {
        "cache_owner": "main.r0",
        "epic_prefix_rows": [
          4,
          5,
          8,
          16,
          19,
          20,
          21,
          34,
          45,
          50,
          55,
          68,
          70,
          71,
          76,
          82,
          83,
          104,
          134,
          135,
          136,
          137,
          152,
          154,
          170,
          171,
          179,
          196,
          229,
          232,
          248,
          252
        ],
        "fingerprint": "9ae87ab9d42e4990",
        "length": 256,
        "owner_tier": 0,
        "request": "w2.r4",
        "segment_index": 5
      },
      {
        "cache_owner": "main.r0",
        "epic_prefix_rows": [
          9,
          12,
          14,
          18,
          27,
          60,
          112,
          114,
          117,
          118,
          122,
          123,
          138,
          139,
          140,
          141,
          144,
          146,
          147,
          148,
          152,
          156,
          160,
          165,
          182,
          199,
          206,
          212,
          225,
          236,
          238,
          242
        ],
        "fingerprint": "4507ec10354b9a34",
        "length": 256,
        "owner_tier": 0,
        "request": "w2.r4",
        "segment_index": 6
      },
      {
        "cache_owner": "main.r0",
        "epic_prefix_rows": [
          1,
          6,
          7,
          23,
          26,
          32,
          48,
          52,
          53,
          71,
          72,
          82,
          104,
          111,
          122,
          126,
          146,
          149,
          151,
          154,
          158,
          174,
          177,
          181,
          200,
          210,
          217,
          223,
          231,
          234,
          238,
          252
        ],
        "fingerprint": "3efa0426917061ae",
        "length": 256,
        "owner_tier": 0,
        "request": "w2.r4",
        "segment_index": 7
      },
      {
        "cache_owner": "main.r0",
        "epic_prefix_rows": [
          14,
          15,
          25,
          36,
          44,
          56,
          58,
          69,
          76,
          82,
          92,
          95,
          97,
          98,
          100,
          101,
          110,
          116,
          130,
          140,
          147,
          169,
          171,
          172,
          178,
          195,
          204,
          238,
          241,
          242,
          245,
          252
        ],
        "fingerprint": "e646956386ed6749",
        "length": 256,
        "owner_tier": 0,
        "request": "w2.r4",
        "segment_index": 8
      },
      {
        "cache_owner": "main.r0",
        "epic_prefix_rows": [
          5,
          7,
          18,
          25,
          31,
          41,
          45,
          60,
          92,
          93,
          95,
          102,
          105,
          112,
          120,
          123,
          125,
          133,
          134,
          138,
          139,
          166,
          169,
          182,
          189,
          198,
          213,
          218,
          229,
          240,
          245,
          252
        ],
        "fingerprint": "f6e2ee9cb02b549b",
        "length": 256,
        "owner_tier": 0,
        "request": "w2.r4",
        "segment_index": 9
      },
      {
        "cache_owner": "main.r0",
        "epic_prefix_rows": [
          15,
          18,
          27,
          31,
          33,
          42,
          48,
          57,
          76,
          77,
          98,
          104,
          105,
          109,
          119,
          124,
          126,
          127,
          129,
          135,
          146,
          166,
          179,
          195,
          206,
          217,
          223,
          229,
          231,
          236,
          250,
          252
        ],
        "fingerprint": "859509070aaad92f",
        "length": 256,
        "owner_tier": 0,
        "request": "w2.r4",
        "segment_index": 10
      },
      {
        "cache_owner": "main.r0",
        "epic_prefix_rows": [
          1,
          4,
          13,
          19,
          21,
          35,
          36,
          37,
          48,
          56,
          58,
          66,
          72,
          80,
          89,
          97,
          104,
          108,
          112,
          129,
          171,
          176,
          177,
          184,
          190,
          196,
          206,
          208,
          223,
          231,
          237,
          251
        ],
        "fingerprint": "fcd577b876fb0572",
        "length": 256,
        "owner_tier": 0,
        "request": "w2.r4",
        "segment_index": 11
      },
      {
        "cache_owner": "main.r1",
        "epic_prefix_rows": [
          9,
          11,
          16,
          17,
          29,
          37,
          49,
          97,
          103,
          106,
          108,
          134,
          140,
          142,
          147,
          148,
          152,
          156,
          157,
          177,
          184,
          185,
          188,
          194,
          197,
          202,
          208,
          211,
          222,
          238,
          249,
          253
        ],
        "fingerprint": "b7b36c9cc0ffca1f",
        "length": 256,
        "owner_tier": 2,
        "request": "w2.r4",
        "segment_index": 12
      },
      {
        "cache_owner": "main.r1",
        "epic_prefix_rows": [
          0,
          1,
          14,
          24,
          45,
          48,
          56,
          59,
          63,
          64,
          72,
          75,
          76,
          77,
          95,
          99,
          120,
          125,
          137,
          143,
          150,
          162,
          163,
          168,
          175,
          180,
          182,
          202,
          222,
          226,
          242,
          251
        ],
        "fingerprint": "2ca95e1f99b62895",
        "length": 256,
        "owner_tier": 2,
        "request": "w2.r4",
        "segment_index": 13
      },
      {
        "cache_owner": "main.r1",
        "epic_prefix_rows": [
          1,
          16,
          24,
          29,
          33,
          34,
          43,
          47,
          50,
          59,
          77,
          99,
          106,
          112,
          122,
          130,
          140,
          157,
          169,
          195,
          196,
          199,
          201,
          205,
          206,
          211,
          223,
          229,
          236,
          240,
          252,
          255
        ],
        "fingerprint": "61981006a3087531",
        "length": 256,
        "owner_tier": 2,
        "request": "w2.r4",
        "segment_index": 14
      },
      {
        "cache_owner": "main.r1",
        "epic_prefix_rows": [
          19,
          24,
          28,
          65,
          69,
          70,
          74,
          86,
          96,
          101,
          108,
          120,
          134,
          140,
          143,
          151,
          158,
          170,
          173,
          181,
          183,
          185,
          190,
          213,
          214,
          215,
          220,
          223,
          224,
          233,
          236,
          246
        ],
        "fingerprint": "0676dfd47068e0df",
        "length": 256,
        "owner_tier": 2,
        "request": "w2.r4",
        "segment_index": 15
      },
      {
        "cache_owner": "main.r1",
        "epic_prefix_rows": [
          10,
          14,
          17,
          32,
          38,
          46,
          49,
          70,
          77,
          78,
          85,
          93,
          102,
          105,
          111,
          121,
          131,
          133,
          149,
          162,
          170,
          179,
          180,
          185,
          214,
          230,
          235,
          237,
          242,
          244,
          254,
          255
        ],
        "fingerprint": "7392f0dd8e833d02",
        "length": 256,
        "owner_tier": 2,
        "request": "w2.r4",
        "segment_index": 16
      },
      {
        "cache_owner": "main.r1",
        "epic_prefix_rows": [
          2,
          14,
          18,
          19,
          21,
          37,
          41,
          42,
          45,
          70,
          74,
          82,
          85,
          87,
          93,
          106,
          109,
          115,
          147,
          149,
          155,
          163,
          166,
          171,
          177,
          186,
          191,
          201,
          215,
          235,
          237,
          251
        ],
        "fingerprint": "2d9f547fcb304b0f",
        "length": 256,
        "owner_tier": 2,
        "request": "w2.r4",
        "segment_index": 17
      },
      {
        "cache_owner": "main.r1",
        "epic_prefix_rows": [
          6,
          16,
          27,
          33,
          37,
          87,
          89,
          92,
          96,
          109,
          114,
          117,
          141,
          146,
          149,
          152,
          159,
          166,
          174,
          179,
          180,
          187,
          189,
          190,
          197,
          206,
          213,
          214,
          216,
          225,
          229,
          250
        ],
        "fingerprint": "2524834b679c9169",
        "length": 256,
        "owner_tier": 2,
        "request": "w2.r4",
        "segment_index": 18
      },
      {
        "cache_owner": "main.r1",
        "epic_prefix_rows": [
          6,
          10,
          28,
          32,
          37,
          50,
          54,
          75,
          79,
          80,
          104,
          105,
          108,
          124,
          142,
          150,
          155,
          167,
          172,
          187,
          191,
          200,
          212,
          215,
          219,
          221,
          243,
          245,
          246,
          247,
          251,
          255
        ],
        "fingerprint": "5a8181f7e7879299",
        "length": 256,
        "owner_tier": 2,
        "request": "w2.r4",
        "segment_index": 19
      },
      {
        "cache_owner": "main.r1",
        "epic_prefix_rows": [
          0,
          4,
          7,
          17,
          25,
          27,
          56,
          59,
          68,
          69,
          71,
          84,
          86,
          95,
          99,
          107,
          123,
          147,
          148,
          150,
          161,
          165,
          166,
          173,
          175,
          179,
          188,
          197,
          213,
          229,
          244,
          251
        ],
        "fingerprint": "c4de161da65ad6d0",
        "length": 256,
        "owner_tier": 2,
        "request": "w2.r4",
        "segment_index": 20
      },
      {
        "cache_owner": "main.r2",
        "epic_prefix_rows": [
          24,
          25,
          31,
          45,
          47,
          48,
          61,
          66,
          74,
          85,
          92,
          95,
          96,
          103,
          108,
          113,
          143,
          149,
          154,
          158,
          181,
          182,
          189,
          194,
          201,
          202,
          207,
          209,
          214,
          223,
          234,
          237
        ],
        "fingerprint": "43c1199691fc3316",
        "length": 256,
        "owner_tier": 4,
        "request": "w2.r4",
        "segment_index": 21
      },
      {
        "cache_owner": "main.r2",
        "epic_prefix_rows": [
          0,
          7,
          10,
          14,
          20,
          21,
          26,
          29,
          41,
          42,
          47,
          60,
          78,
          82,
          83,
          91,
          106,
          122,
          137,
          146,
          149,
          157,
          159,
          172,
          179,
          188,
          189,
          204,
          220,
          229,
          237,
          246
        ],
        "fingerprint": "e0c1b33b1977de85",
        "length": 256,
        "owner_tier": 4,
        "request": "w2.r4",
        "segment_index": 22
      },
      {
        "cache_owner": "main.r2",
        "epic_prefix_rows": [
          0,
          1,
          7,
          9,
          50,
          61,
          69,
          70,
          89,
          97,
          126,
          129,
          132,
          140,
          145,
          146,
          147,
          154,
          161,
          162,
          169,
          170,
          187,
          190,
          195,
          207,
          212,
          217,
          233,
          236,
          240,
          245
        ],
        "fingerprint": "3597c2ab929b2fa2",
        "length": 256,
        "owner_tier": 4,
        "request": "w2.r4",
        "segment_index": 23
      },
      {
        "cache_owner": "main.r2",
        "epic_prefix_rows": [
          2,
          16,
          19,
          24,
          40,
          41,
          45,
          47,
          92,
          94,
          103,
          117,
          118,
          119,
          126,
          140,
          141,
          165,
          186,
          188,
          198,
          200,
          206,
          208,
          213,
          214,
          216,
          221,
          225,
          229,
          233,
          238
        ],
        "fingerprint": "ebb6ffbea2fb7f17",
        "length": 256,
        "owner_tier": 4,
        "request": "w2.r4",
        "segment_index": 24
      },
      {
        "cache_owner": "main.r2",
        "epic_prefix_rows": [
          8,
          11,
          13,
          14,
          20,
          21,
          28,
          31,
          39,
          40,
          87,
          95,
          98,
          110,
          112,
          118,
          119,
          145,
          146,
          149,
          159,
          169,
          186,
          197,
          210,
          213,
          214,
          217,
          222,
          227,
          230,
          242
        ],
        "fingerprint": "13069208a9b6ae52",
        "length": 256,
        "owner_tier": 4,
        "request": "w2.r4",
        "segment_index": 25
      },
      {
        "cache_owner": "main.r2",
        "epic_prefix_rows": [
          2,
          4,
          15,
          26,
          28,
          31,
          34,
          35,
          45,
          49,
          58,
          63,
          103,
          106,
          117,
          126,
          127,
          129,
          136,
          138,
          152,
          157,
          160,
          175,
          178,
          181,
          185,
          186,
          212,
          222,
          240,
          248
        ],
        "fingerprint": "96c6eb32a8099b39",
        "length": 256,
        "owner_tier": 4,
        "request": "w2.r4",
        "segment_index": 26
      },
      {
        "cache_owner": "main.r2",
        "epic_prefix_rows": [
          10,
          12,
          21,
          25,
          29,
          32,
          33,
          48,
          57,
          80,
          81,
          83,
          93,
          125,
          134,
          139,
          148,
          150,
          156,
          167,
          169,
          170,
          175,
          196,
          197,
          215,
          218,
          232,
          241,
          249,
          254,
          255
        ],
        "fingerprint": "07f759914ec5d44c",
        "length": 256,
        "owner_tier": 4,
        "request": "w2.r4",
        "segment_index": 27
      },
      {
        "cache_owner": "main.r2",
        "epic_prefix_rows": [
          4,
          11,
          34,
          39,
          43,
          45,
          62,
          68,
          71,
          73,
          81,
          86,
          88,
          105,
          122,
          124,
          129,
          149,
          159,
          164,
          165,
          167,
          176,
          177,
          211,
          213,
          217,
          224,
          227,
          236,
          239,
          245
        ],
        "fingerprint": "66dba080f71780ec",
        "length": 256,
        "owner_tier": 4,
        "request": "w2.r4",
        "segment_index": 28
      },
      {
        "cache_owner": "main.r2",
        "epic_prefix_rows": [
          2,
          4,
          25,
          38,
          49,
          61,
          63,
          66,
          75,
          78,
          94,
          99,
          121,
          125,
          143,
          155,
          165,
          174,
          184,
          186,
          192,
          196,
          201,
          206,
          216,
          218,
          222,
          223,
          237,
          243,
          247,
          254
        ],
        "fingerprint": "f5cbe9c563f8d865",
        "length": 256,
        "owner_tier": 4,
        "request": "w2.r4",
        "segment_index": 29
      },
      {
        "cache_owner": "main.r2",
        "epic_prefix_rows": [
          20,
          23,
          24,
          25,
          34,
          43,
          45,
          59,
          65,
          72,
          78,
          81,
          98,
          105,
          106,
          109,
          116,
          143,
          147,
          186,
          188,
          197,
          206,
          211,
          212,
          215,
          216,
          219,
          220,
          221,
          239,
          245
        ],
        "fingerprint": "2bd3429ac7619aa9",
        "length": 256,
        "owner_tier": 4,
        "request": "w2.r4",
        "segment_index": 30
      },
      {
        "cache_owner": "main.r3",
        "epic_prefix_rows": [
          8,
          13,
          19,
          26,
          29,
          32,
          63,
          72,
          77,
          80,
          82,
          83,
          88,
          100,
          101,
          103,
          105,
          106,
          120,
          125,
          134,
          147,
          156,
          157,
          180,
          192,
          215,
          231,
          245,
          246,
          253,
          255
        ],
        "fingerprint": "7e497667b297c845",
        "length": 256,
        "owner_tier": 6,
        "request": "w2.r4",
        "segment_index": 31
      },
      {
        "cache_owner": "main.r3",
        "epic_prefix_rows": [
          1,
          3,
          5,
          16,
          18,
          21,
          25,
          39,
          52,
          57,
          59,
          60,
          68,
          70,
          73,
          75,
          79,
          98,
          107,
          130,
          142,
          151,
          178,
          182,
          186,
          199,
          209,
          211,
          241,
          242,
          245,
          246
        ],
        "fingerprint": "37b4718978e1500a",
        "length": 256,
        "owner_tier": 6,
        "request": "w2.r4",
        "segment_index": 32
      },
      {
        "cache_owner": "main.r3",
        "epic_prefix_rows": [
          1,
          5,
          17,
          33,
          34,
          50,
          55,
          85,
          90,
          97,
          108,
          111,
          113,
          118,
          125,
          155,
          157,
          164,
          166,
          167,
          193,
          195,
          198,
          204,
          210,
          221,
          223,
          224,
          230,
          246,
          250,
          254
        ],
        "fingerprint": "a03f8799509acc24",
        "length": 256,
        "owner_tier": 6,
        "request": "w2.r4",
        "segment_index": 33
      },
      {
        "cache_owner": "main.r3",
        "epic_prefix_rows": [
          13,
          16,
          26,
          29,
          32,
          37,
          42,
          49,
          63,
          71,
          77,
          78,
          81,
          85,
          97,
          98,
          104,
          119,
          133,
          154,
          158,
          173,
          174,
          180,
          200,
          202,
          207,
          208,
          213,
          216,
          231,
          253
        ],
        "fingerprint": "810508acd012e8a7",
        "length": 256,
        "owner_tier": 6,
        "request": "w2.r4",
        "segment_index": 34
      },
      {
        "cache_owner": "main.r3",
        "epic_prefix_rows": [
          9,
          14,
          19,
          23,
          30,
          44,
          58,
          61,
          75,
          85,
          96,
          106,
          111,
          121,
          146,
          152,
          160,
          162,
          164,
          165,
          168,
          169,
          175,
          178,
          201,
          215,
          217,
          220,
          232,
          235,
          246,
          248
        ],
        "fingerprint": "b03fe1ff7b59999e",
        "length": 256,
        "owner_tier": 6,
        "request": "w2.r4",
        "segment_index": 35
      },
      {
        "cache_owner": "main.r3",
        "epic_prefix_rows": [
          4,
          12,
          21,
          25,
          27,
          41,
          43,
          55,
          67,
          74,
          79,
          105,
          106,
          116,
          121,
          154,
          162,
          178,
          179,
          189,
          193,
          197,
          201,
          209,
          215,
          222,
          235,
          238,
          241,
          242,
          246,
          247
        ],
        "fingerprint": "40596d9bc8f60e23",
        "length": 256,
        "owner_tier": 6,
        "request": "w2.r4",
        "segment_index": 36
      },
      {
        "cache_owner": "main.r3",
        "epic_prefix_rows": [
          4,
          6,
          26,
          28,
          38,
          41,
          49,
          59,
          64,
          65,
          68,
          83,
          95,
          98,
          99,
          104,
          124,
          130,
          145,
          159,
          178,
          179,
          182,
          194,
          197,
          207,
          218,
          219,
          232,
          236,
          253,
          254
        ],
        "fingerprint": "a4cee309986b1e06",
        "length": 256,
        "owner_tier": 6,
        "request": "w2.r4",
        "segment_index": 37
      },
      {
        "cache_owner": "main.r3",
        "epic_prefix_rows": [
          7,
          8,
          9,
          16,
          17,
          19,
          23,
          45,
          53,
          63,
          78,
          88,
          90,
          99,
          101,
          103,
          128,
          130,
          147,
          155,
          158,
          165,
          167,
          170,
          174,
          188,
          193,
          202,
          204,
          205,
          212,
          234
        ],
        "fingerprint": "8b3f6b908f9ada23",
        "length": 256,
        "owner_tier": 6,
        "request": "w2.r4",
        "segment_index": 38
      },
      {
        "cache_owner": "main.r3",
        "epic_prefix_rows": [
          9,
          17,
          25,
          30,
          35,
          44,
          47,
          48,
          54,
          58,
          68,
          69,
          88,
          100,
          112,
          122,
          126,
          140,
          142,
          148,
          168,
          192,
          198,
          200,
          203,
          205,
          208,
          210,
          213,
          217,
          244,
          251
        ],
        "fingerprint": "081e2fb018d14722",
        "length": 256,
        "owner_tier": 6,
        "request": "w2.r4",
        "segment_index": 39
      },
      {
        "cache_owner": "main.r4",
        "epic_prefix_rows": [
          17,
          24,
          25,
          37,
          49,
          52,
          56,
          74,
          95,
          97,
          106,
          113,
          130,
          137,
          143,
          151,
          156,
          160,
          163,
          166,
          167,
          173,
          190,
          202,
          206,
          216,
          227,
          229,
          232,
          235,
          239,
          247
        ],
        "fingerprint": "2e2e4ec7bea151a3",
        "length": 256,
        "owner_tier": 8,
        "request": "w2.r4",
        "segment_index": 40
      },
      {
        "cache_owner": "main.r4",
        "epic_prefix_rows": [
          7,
          19,
          35,
          46,
          48,
          50,
          51,
          60,
          63,
          64,
          65,
          68,
          84,
          103,
          110,
          122,
          123,
          124,
          139,
          146,
          157,
          159,
          160,
          164,
          169,
          174,
          192,
          195,
          204,
          247,
          253,
          255
        ],
        "fingerprint": "d6322cc683bef95e",
        "length": 256,
        "owner_tier": 8,
        "request": "w2.r4",
        "segment_index": 41
      },
      {
        "cache_owner": "main.r4",
        "epic_prefix_rows": [
          1,
          8,
          55,
          56,
          57,
          59,
          61,
          103,
          112,
          120,
          130,
          138,
          159,
          164,
          165,
          176,
          179,
          182,
          183,
          194,
          199,
          206,
          209,
          215,
          216,
          225,
          229,
          239,
          246,
          248,
          254,
          255
        ],
        "fingerprint": "e4842b8c181ae3d5",
        "length": 256,
        "owner_tier": 8,
        "request": "w2.r4",
        "segment_index": 42
      },
      {
        "cache_owner": "main.r4",
        "epic_prefix_rows": [
          9,
          21,
          29,
          30,
          32,
          51,
          63,
          76,
          90,
          119,
          125,
          127,
          131,
          134,
          139,
          142,
          149,
          163,
          169,
          170,
          180,
          186,
          189,
          196,
          202,
          208,
          211,
          225,
          228,
          232,
          233,
          244
        ],
        "fingerprint": "5e174838e9cbf6a1",
        "length": 256,
        "owner_tier": 8,
        "request": "w2.r4",
        "segment_index": 43
      },
      {
        "cache_owner": "main.r4",
        "epic_prefix_rows": [
          5,
          10,
          17,
          18,
          25,
          26,
          31,
          35,
          54,
          71,
          73,
          80,
          84,
          91,
          97,
          119,
          121,
          130,
          134,
          146,
          148,
          150,
          156,
          166,
          171,
          191,
          192,
          198,
          203,
          220,
          234,
          243
        ],
        "fingerprint": "10c96afa4bbc66d5",
        "length": 256,
        "owner_tier": 8,
        "request": "w2.r4",
        "segment_index": 44
      },
      {
        "cache_owner": "main.r4",
        "epic_prefix_rows": [
          20,
          32,
          39,
          48,
          49,
          65,
          68,
          85,
          87,
          93,
          101,
          109,
          110,
          116,
          123,
          132,
          141,
          146,
          149,
          166,
          186,
          187,
          190,
          193,
          197,
          215,
          229,
          230,
          234,
          240,
          251,
          252
        ],
        "fingerprint": "1ea14890787fda60",
        "length": 256,
        "owner_tier": 8,
        "request": "w2.r4",
        "segment_index": 45
      },
      {
        "cache_owner": "main.r4",
        "epic_prefix_rows": [
          4,
          12,
          18,
          20,
          34,
          43,
          49,
          55,
          62,
          64,
          76,
          83,
          89,
          90,
          91,
          99,
          109,
          113,
          116,
          147,
          152,
          162,
          175,
          187,
          192,
          196,
          226,
          232,
          239,
          241,
          249,
          251
        ],
        "fingerprint": "11496dd68804155f",
        "length": 256,
        "owner_tier": 8,
        "request": "w2.r4",
        "segment_index": 46
      },
      {
        "cache_owner": "main.r4",
        "epic_prefix_rows": [
          0,
          5,
          11,
          24,
          38,
          46,
          57,
          58,
          66,
          88,
          98,
          118,
          120,
          128,
          145,
          147,
          166,
          172,
          180,
          181,
          190,
          201,
          203,
          205,
          211,
          215,
          216,
          222,
          223,
          231,
          242,
          244
        ],
        "fingerprint": "1693bfd182384371",
        "length": 256,
        "owner_tier": 8,
        "request": "w2.r4",
        "segment_index": 47
      },
      {
        "cache_owner": "main.r4",
        "epic_prefix_rows": [
          0,
          17,
          33,
          35,
          52,
          58,
          71,
          72,
          79,
          83,
          87,
          88,
          90,
          111,
          117,
          141,
          151,
          168,
          172,
          175,
          193,
          194,
          198,
          202,
          208,
          215,
          219,
          220,
          227,
          228,
          234,
          251
        ],
        "fingerprint": "d42e4e61fbbbf1c3",
        "length": 256,
        "owner_tier": 8,
        "request": "w2.r4",
        "segment_index": 48
      }
    ],
    "reused_tokens": 141032
  },
  "tiers": {
    "0": [
      "main.r0"
    ],
    "1": [
      "w0.r0",
      "w1.r0",
      "w2.r0"
    ],
    "2": [
      "main.r1"
    ],
    "3": [
      "w0.r1",
      "w1.r1",
      "w2.r1"
    ],
    "4": [
      "main.r2"
    ],
    "5": [
      "w0.r2",
      "w1.r2",
      "w2.r2"
    ],
    "6": [
      "main.r3"
    ],
    "7": [
      "w0.r3",
      "w1.r3",
      "w2.r3"
    ],
    "8": [
      "main.r4"
    ],
    "9": [
      "w0.r4",
      "w1.r4",
      "w2.r4"
    ]
  },
  "total_history_tokens": 217848,
  "total_input_tokens": 156936,
  "total_output_tokens": 4480
}
dgx-attacc: (A100a x 8), PIM:bank, [Lin, Lout, batch]: [2048, 128, 1]
Wrote ablation report to /data2/chenyi9/KV-PIM/attacc_drampim_xinyao/output/20260828-235623_workload_star_repair_r5w3k47_LLAMA3-8B_k32/dag_A3.json
REPORT_SUMMARY {"ablation": "A3", "decode_attn": "pim", "energy_nj": 11066407429842.117, "engine": "dag", "event_count": 297317473, "kv_mapping": "naive", "link_bytes": 26230737706, "makespan_s": 141.3982260420663, "pim_prefill_mode": "gpu", "policy": "recompute"}
