case_id,variant,phase,layer,event,device,step,start_s,end_s,duration_s,energy_J
Fugue-asplos-EPIC-long-4000,F1,prefill_common,0,qkv,GPU,0,0.0,4.809334153846154e-05,4.809334153846154e-05,0.00798523916288
Fugue-asplos-EPIC-long-4000,F1,prefill_attention,0,attention_service,GPU,0,4.809334153846154e-05,0.0004719927228403475,0.00042389938130188594,0.008605503321599999
Fugue-asplos-EPIC-long-4000,F1,prefill_common,0,proj,GPU,0,0.0004719927228403475,0.0004894812106725153,1.7488487832167832e-05,0.0028991238963199995
Fugue-asplos-EPIC-long-4000,F1,prefill_common,0,comm_g2g,GPU,0,0.0004894812106725153,0.0004894812106725153,0.0,9.0308608e-06
Fugue-asplos-EPIC-long-4000,F1,prefill_common,0,norm1,GPU,0,0.0004894812106725153,0.0004982847963908923,8.803585718377088e-06,8.492699648e-05
Fugue-asplos-EPIC-long-4000,F1,prefill_common,0,ff1,GPU,0,0.0004982847963908923,0.0005460053213282805,4.7720524937388185e-05,0.007102521234773332
Fugue-asplos-EPIC-long-4000,F1,prefill_common,0,ff2,GPU,0,0.0005460053213282805,0.0005937258462656687,4.7720524937388185e-05,0.007102521234773332
Fugue-asplos-EPIC-long-4000,F1,prefill_common,0,glu,GPU,0,0.0005937258462656687,0.0006034563676258596,9.73052136019093e-06,0.00022721298431999996
Fugue-asplos-EPIC-long-4000,F1,prefill_common,0,ff3,GPU,0,0.0006034563676258596,0.0006500923351783071,4.663596755244755e-05,0.007684106048853332
Fugue-asplos-EPIC-long-4000,F1,prefill_common,0,comm_g2g,GPU,0,0.0006500923351783071,0.0006500923351783071,0.0,9.0308608e-06
Fugue-asplos-EPIC-long-4000,F1,prefill_common,0,norm2,GPU,0,0.0006500923351783071,0.0006588959208966842,8.803585718377088e-06,8.492699648e-05
Fugue-asplos-EPIC-long-4000,F1,prefill_common,1,qkv,GPU,0,0.0006588959208966842,0.0007069892624351457,4.809334153846154e-05,0.00798523916288
Fugue-asplos-EPIC-long-4000,F1,prefill_attention,1,attention_service,GPU,0,0.0007069892624351457,0.0011308886437370316,0.00042389938130188594,0.008605503321599999
Fugue-asplos-EPIC-long-4000,F1,prefill_common,1,proj,GPU,0,0.0011308886437370316,0.0011483771315691995,1.7488487832167832e-05,0.0028991238963199995
Fugue-asplos-EPIC-long-4000,F1,prefill_common,1,comm_g2g,GPU,0,0.0011483771315691995,0.0011483771315691995,0.0,9.0308608e-06
Fugue-asplos-EPIC-long-4000,F1,prefill_common,1,norm1,GPU,0,0.0011483771315691995,0.0011571807172875766,8.803585718377088e-06,8.492699648e-05
Fugue-asplos-EPIC-long-4000,F1,prefill_common,1,ff1,GPU,0,0.0011571807172875766,0.0012049012422249649,4.7720524937388185e-05,0.007102521234773332
Fugue-asplos-EPIC-long-4000,F1,prefill_common,1,ff2,GPU,0,0.0012049012422249649,0.0012526217671623532,4.7720524937388185e-05,0.007102521234773332
Fugue-asplos-EPIC-long-4000,F1,prefill_common,1,glu,GPU,0,0.0012526217671623532,0.0012623522885225442,9.73052136019093e-06,0.00022721298431999996
Fugue-asplos-EPIC-long-4000,F1,prefill_common,1,ff3,GPU,0,0.0012623522885225442,0.0013089882560749918,4.663596755244755e-05,0.007684106048853332
Fugue-asplos-EPIC-long-4000,F1,prefill_common,1,comm_g2g,GPU,0,0.0013089882560749918,0.0013089882560749918,0.0,9.0308608e-06
Fugue-asplos-EPIC-long-4000,F1,prefill_common,1,norm2,GPU,0,0.0013089882560749918,0.001317791841793369,8.803585718377088e-06,8.492699648e-05
Fugue-asplos-EPIC-long-4000,F1,prefill_common,2,qkv,GPU,0,0.001317791841793369,0.0013658851833318305,4.809334153846154e-05,0.00798523916288
Fugue-asplos-EPIC-long-4000,F1,prefill_attention,2,attention_service,GPU,0,0.0013658851833318305,0.0017897845646337165,0.00042389938130188594,0.008605503321599999
Fugue-asplos-EPIC-long-4000,F1,prefill_common,2,proj,GPU,0,0.0017897845646337165,0.0018072730524658844,1.7488487832167832e-05,0.0028991238963199995
Fugue-asplos-EPIC-long-4000,F1,prefill_common,2,comm_g2g,GPU,0,0.0018072730524658844,0.0018072730524658844,0.0,9.0308608e-06
Fugue-asplos-EPIC-long-4000,F1,prefill_common,2,norm1,GPU,0,0.0018072730524658844,0.0018160766381842615,8.803585718377088e-06,8.492699648e-05
Fugue-asplos-EPIC-long-4000,F1,prefill_common,2,ff1,GPU,0,0.0018160766381842615,0.0018637971631216498,4.7720524937388185e-05,0.007102521234773332
Fugue-asplos-EPIC-long-4000,F1,prefill_common,2,ff2,GPU,0,0.0018637971631216498,0.001911517688059038,4.7720524937388185e-05,0.007102521234773332
Fugue-asplos-EPIC-long-4000,F1,prefill_common,2,glu,GPU,0,0.001911517688059038,0.001921248209419229,9.73052136019093e-06,0.00022721298431999996
Fugue-asplos-EPIC-long-4000,F1,prefill_common,2,ff3,GPU,0,0.001921248209419229,0.0019678841769716765,4.663596755244755e-05,0.007684106048853332
Fugue-asplos-EPIC-long-4000,F1,prefill_common,2,comm_g2g,GPU,0,0.0019678841769716765,0.0019678841769716765,0.0,9.0308608e-06
Fugue-asplos-EPIC-long-4000,F1,prefill_common,2,norm2,GPU,0,0.0019678841769716765,0.0019766877626900534,8.803585718377088e-06,8.492699648e-05
Fugue-asplos-EPIC-long-4000,F1,prefill_common,3,qkv,GPU,0,0.0019766877626900534,0.002024781104228515,4.809334153846154e-05,0.00798523916288
Fugue-asplos-EPIC-long-4000,F1,prefill_attention,3,attention_service,GPU,0,0.002024781104228515,0.002448680485530401,0.00042389938130188594,0.008605503321599999
Fugue-asplos-EPIC-long-4000,F1,prefill_common,3,proj,GPU,0,0.002448680485530401,0.002466168973362569,1.7488487832167832e-05,0.0028991238963199995
Fugue-asplos-EPIC-long-4000,F1,prefill_common,3,comm_g2g,GPU,0,0.002466168973362569,0.002466168973362569,0.0,9.0308608e-06
Fugue-asplos-EPIC-long-4000,F1,prefill_common,3,norm1,GPU,0,0.002466168973362569,0.002474972559080946,8.803585718377088e-06,8.492699648e-05
Fugue-asplos-EPIC-long-4000,F1,prefill_common,3,ff1,GPU,0,0.002474972559080946,0.002522693084018334,4.7720524937388185e-05,0.007102521234773332
Fugue-asplos-EPIC-long-4000,F1,prefill_common,3,ff2,GPU,0,0.002522693084018334,0.002570413608955722,4.7720524937388185e-05,0.007102521234773332
Fugue-asplos-EPIC-long-4000,F1,prefill_common,3,glu,GPU,0,0.002570413608955722,0.002580144130315913,9.73052136019093e-06,0.00022721298431999996
Fugue-asplos-EPIC-long-4000,F1,prefill_common,3,ff3,GPU,0,0.002580144130315913,0.0026267800978683606,4.663596755244755e-05,0.007684106048853332
Fugue-asplos-EPIC-long-4000,F1,prefill_common,3,comm_g2g,GPU,0,0.0026267800978683606,0.0026267800978683606,0.0,9.0308608e-06
Fugue-asplos-EPIC-long-4000,F1,prefill_common,3,norm2,GPU,0,0.0026267800978683606,0.0026355836835867375,8.803585718377088e-06,8.492699648e-05
Fugue-asplos-EPIC-long-4000,F1,prefill_common,4,qkv,GPU,0,0.0026355836835867375,0.002683677025125199,4.809334153846154e-05,0.00798523916288
Fugue-asplos-EPIC-long-4000,F1,prefill_attention,4,attention_service,GPU,0,0.002683677025125199,0.003107576406427085,0.00042389938130188594,0.008605503321599999
Fugue-asplos-EPIC-long-4000,F1,prefill_common,4,proj,GPU,0,0.003107576406427085,0.003125064894259253,1.7488487832167832e-05,0.0028991238963199995
Fugue-asplos-EPIC-long-4000,F1,prefill_common,4,comm_g2g,GPU,0,0.003125064894259253,0.003125064894259253,0.0,9.0308608e-06
Fugue-asplos-EPIC-long-4000,F1,prefill_common,4,norm1,GPU,0,0.003125064894259253,0.00313386847997763,8.803585718377088e-06,8.492699648e-05
Fugue-asplos-EPIC-long-4000,F1,prefill_common,4,ff1,GPU,0,0.00313386847997763,0.003181589004915018,4.7720524937388185e-05,0.007102521234773332
Fugue-asplos-EPIC-long-4000,F1,prefill_common,4,ff2,GPU,0,0.003181589004915018,0.003229309529852406,4.7720524937388185e-05,0.007102521234773332
Fugue-asplos-EPIC-long-4000,F1,prefill_common,4,glu,GPU,0,0.003229309529852406,0.003239040051212597,9.73052136019093e-06,0.00022721298431999996
Fugue-asplos-EPIC-long-4000,F1,prefill_common,4,ff3,GPU,0,0.003239040051212597,0.0032856760187650446,4.663596755244755e-05,0.007684106048853332
Fugue-asplos-EPIC-long-4000,F1,prefill_common,4,comm_g2g,GPU,0,0.0032856760187650446,0.0032856760187650446,0.0,9.0308608e-06
Fugue-asplos-EPIC-long-4000,F1,prefill_common,4,norm2,GPU,0,0.0032856760187650446,0.0032944796044834215,8.803585718377088e-06,8.492699648e-05
Fugue-asplos-EPIC-long-4000,F1,prefill_common,5,qkv,GPU,0,0.0032944796044834215,0.003342572946021883,4.809334153846154e-05,0.00798523916288
Fugue-asplos-EPIC-long-4000,F1,prefill_attention,5,attention_service,GPU,0,0.003342572946021883,0.003766472327323769,0.00042389938130188594,0.008605503321599999
Fugue-asplos-EPIC-long-4000,F1,prefill_common,5,proj,GPU,0,0.003766472327323769,0.003783960815155937,1.7488487832167832e-05,0.0028991238963199995
Fugue-asplos-EPIC-long-4000,F1,prefill_common,5,comm_g2g,GPU,0,0.003783960815155937,0.003783960815155937,0.0,9.0308608e-06
Fugue-asplos-EPIC-long-4000,F1,prefill_common,5,norm1,GPU,0,0.003783960815155937,0.003792764400874314,8.803585718377088e-06,8.492699648e-05
Fugue-asplos-EPIC-long-4000,F1,prefill_common,5,ff1,GPU,0,0.003792764400874314,0.003840484925811702,4.7720524937388185e-05,0.007102521234773332
Fugue-asplos-EPIC-long-4000,F1,prefill_common,5,ff2,GPU,0,0.003840484925811702,0.00388820545074909,4.7720524937388185e-05,0.007102521234773332
Fugue-asplos-EPIC-long-4000,F1,prefill_common,5,glu,GPU,0,0.00388820545074909,0.003897935972109281,9.73052136019093e-06,0.00022721298431999996
Fugue-asplos-EPIC-long-4000,F1,prefill_common,5,ff3,GPU,0,0.003897935972109281,0.003944571939661729,4.663596755244755e-05,0.007684106048853332
Fugue-asplos-EPIC-long-4000,F1,prefill_common,5,comm_g2g,GPU,0,0.003944571939661729,0.003944571939661729,0.0,9.0308608e-06
Fugue-asplos-EPIC-long-4000,F1,prefill_common,5,norm2,GPU,0,0.003944571939661729,0.003953375525380106,8.803585718377088e-06,8.492699648e-05
Fugue-asplos-EPIC-long-4000,F1,prefill_common,6,qkv,GPU,0,0.003953375525380106,0.0040014688669185675,4.809334153846154e-05,0.00798523916288
Fugue-asplos-EPIC-long-4000,F1,prefill_attention,6,attention_service,GPU,0,0.0040014688669185675,0.004425368248220454,0.00042389938130188594,0.008605503321599999
Fugue-asplos-EPIC-long-4000,F1,prefill_common,6,proj,GPU,0,0.004425368248220454,0.004442856736052621,1.7488487832167832e-05,0.0028991238963199995
Fugue-asplos-EPIC-long-4000,F1,prefill_common,6,comm_g2g,GPU,0,0.004442856736052621,0.004442856736052621,0.0,9.0308608e-06
Fugue-asplos-EPIC-long-4000,F1,prefill_common,6,norm1,GPU,0,0.004442856736052621,0.004451660321770998,8.803585718377088e-06,8.492699648e-05
Fugue-asplos-EPIC-long-4000,F1,prefill_common,6,ff1,GPU,0,0.004451660321770998,0.0044993808467083864,4.7720524937388185e-05,0.007102521234773332
Fugue-asplos-EPIC-long-4000,F1,prefill_common,6,ff2,GPU,0,0.0044993808467083864,0.0045471013716457745,4.7720524937388185e-05,0.007102521234773332
Fugue-asplos-EPIC-long-4000,F1,prefill_common,6,glu,GPU,0,0.0045471013716457745,0.004556831893005965,9.73052136019093e-06,0.00022721298431999996
Fugue-asplos-EPIC-long-4000,F1,prefill_common,6,ff3,GPU,0,0.004556831893005965,0.004603467860558413,4.663596755244755e-05,0.007684106048853332
Fugue-asplos-EPIC-long-4000,F1,prefill_common,6,comm_g2g,GPU,0,0.004603467860558413,0.004603467860558413,0.0,9.0308608e-06
Fugue-asplos-EPIC-long-4000,F1,prefill_common,6,norm2,GPU,0,0.004603467860558413,0.00461227144627679,8.803585718377088e-06,8.492699648e-05
Fugue-asplos-EPIC-long-4000,F1,prefill_common,7,qkv,GPU,0,0.00461227144627679,0.004660364787815252,4.809334153846154e-05,0.00798523916288
Fugue-asplos-EPIC-long-4000,F1,prefill_attention,7,attention_service,GPU,0,0.004660364787815252,0.005084264169117138,0.00042389938130188594,0.008605503321599999
Fugue-asplos-EPIC-long-4000,F1,prefill_common,7,proj,GPU,0,0.005084264169117138,0.005101752656949305,1.7488487832167832e-05,0.0028991238963199995
Fugue-asplos-EPIC-long-4000,F1,prefill_common,7,comm_g2g,GPU,0,0.005101752656949305,0.005101752656949305,0.0,9.0308608e-06
Fugue-asplos-EPIC-long-4000,F1,prefill_common,7,norm1,GPU,0,0.005101752656949305,0.005110556242667682,8.803585718377088e-06,8.492699648e-05
Fugue-asplos-EPIC-long-4000,F1,prefill_common,7,ff1,GPU,0,0.005110556242667682,0.0051582767676050705,4.7720524937388185e-05,0.007102521234773332
Fugue-asplos-EPIC-long-4000,F1,prefill_common,7,ff2,GPU,0,0.0051582767676050705,0.0052059972925424585,4.7720524937388185e-05,0.007102521234773332
Fugue-asplos-EPIC-long-4000,F1,prefill_common,7,glu,GPU,0,0.0052059972925424585,0.005215727813902649,9.73052136019093e-06,0.00022721298431999996
Fugue-asplos-EPIC-long-4000,F1,prefill_common,7,ff3,GPU,0,0.005215727813902649,0.005262363781455097,4.663596755244755e-05,0.007684106048853332
Fugue-asplos-EPIC-long-4000,F1,prefill_common,7,comm_g2g,GPU,0,0.005262363781455097,0.005262363781455097,0.0,9.0308608e-06
Fugue-asplos-EPIC-long-4000,F1,prefill_common,7,norm2,GPU,0,0.005262363781455097,0.005271167367173474,8.803585718377088e-06,8.492699648e-05
Fugue-asplos-EPIC-long-4000,F1,prefill_common,8,qkv,GPU,0,0.005271167367173474,0.005319260708711936,4.809334153846154e-05,0.00798523916288
Fugue-asplos-EPIC-long-4000,F1,prefill_attention,8,attention_service,GPU,0,0.005319260708711936,0.005743160090013822,0.00042389938130188594,0.008605503321599999
Fugue-asplos-EPIC-long-4000,F1,prefill_common,8,proj,GPU,0,0.005743160090013822,0.005760648577845989,1.7488487832167832e-05,0.0028991238963199995
Fugue-asplos-EPIC-long-4000,F1,prefill_common,8,comm_g2g,GPU,0,0.005760648577845989,0.005760648577845989,0.0,9.0308608e-06
Fugue-asplos-EPIC-long-4000,F1,prefill_common,8,norm1,GPU,0,0.005760648577845989,0.0057694521635643665,8.803585718377088e-06,8.492699648e-05
Fugue-asplos-EPIC-long-4000,F1,prefill_common,8,ff1,GPU,0,0.0057694521635643665,0.0058171726885017545,4.7720524937388185e-05,0.007102521234773332
Fugue-asplos-EPIC-long-4000,F1,prefill_common,8,ff2,GPU,0,0.0058171726885017545,0.005864893213439143,4.7720524937388185e-05,0.007102521234773332
Fugue-asplos-EPIC-long-4000,F1,prefill_common,8,glu,GPU,0,0.005864893213439143,0.005874623734799333,9.73052136019093e-06,0.00022721298431999996
Fugue-asplos-EPIC-long-4000,F1,prefill_common,8,ff3,GPU,0,0.005874623734799333,0.005921259702351781,4.663596755244755e-05,0.007684106048853332
Fugue-asplos-EPIC-long-4000,F1,prefill_common,8,comm_g2g,GPU,0,0.005921259702351781,0.005921259702351781,0.0,9.0308608e-06
Fugue-asplos-EPIC-long-4000,F1,prefill_common,8,norm2,GPU,0,0.005921259702351781,0.005930063288070158,8.803585718377088e-06,8.492699648e-05
Fugue-asplos-EPIC-long-4000,F1,prefill_common,9,qkv,GPU,0,0.005930063288070158,0.00597815662960862,4.809334153846154e-05,0.00798523916288
Fugue-asplos-EPIC-long-4000,F1,prefill_attention,9,attention_service,GPU,0,0.00597815662960862,0.006402056010910506,0.00042389938130188594,0.008605503321599999
Fugue-asplos-EPIC-long-4000,F1,prefill_common,9,proj,GPU,0,0.006402056010910506,0.006419544498742673,1.7488487832167832e-05,0.0028991238963199995
Fugue-asplos-EPIC-long-4000,F1,prefill_common,9,comm_g2g,GPU,0,0.006419544498742673,0.006419544498742673,0.0,9.0308608e-06
Fugue-asplos-EPIC-long-4000,F1,prefill_common,9,norm1,GPU,0,0.006419544498742673,0.0064283480844610505,8.803585718377088e-06,8.492699648e-05
Fugue-asplos-EPIC-long-4000,F1,prefill_common,9,ff1,GPU,0,0.0064283480844610505,0.006476068609398439,4.7720524937388185e-05,0.007102521234773332
Fugue-asplos-EPIC-long-4000,F1,prefill_common,9,ff2,GPU,0,0.006476068609398439,0.006523789134335827,4.7720524937388185e-05,0.007102521234773332
Fugue-asplos-EPIC-long-4000,F1,prefill_common,9,glu,GPU,0,0.006523789134335827,0.006533519655696017,9.73052136019093e-06,0.00022721298431999996
Fugue-asplos-EPIC-long-4000,F1,prefill_common,9,ff3,GPU,0,0.006533519655696017,0.006580155623248465,4.663596755244755e-05,0.007684106048853332
Fugue-asplos-EPIC-long-4000,F1,prefill_common,9,comm_g2g,GPU,0,0.006580155623248465,0.006580155623248465,0.0,9.0308608e-06
Fugue-asplos-EPIC-long-4000,F1,prefill_common,9,norm2,GPU,0,0.006580155623248465,0.006588959208966842,8.803585718377088e-06,8.492699648e-05
Fugue-asplos-EPIC-long-4000,F1,prefill_common,10,qkv,GPU,0,0.006588959208966842,0.006637052550505304,4.809334153846154e-05,0.00798523916288
Fugue-asplos-EPIC-long-4000,F1,prefill_attention,10,attention_service,GPU,0,0.006637052550505304,0.00706095193180719,0.00042389938130188594,0.008605503321599999
Fugue-asplos-EPIC-long-4000,F1,prefill_common,10,proj,GPU,0,0.00706095193180719,0.007078440419639357,1.7488487832167832e-05,0.0028991238963199995
Fugue-asplos-EPIC-long-4000,F1,prefill_common,10,comm_g2g,GPU,0,0.007078440419639357,0.007078440419639357,0.0,9.0308608e-06
Fugue-asplos-EPIC-long-4000,F1,prefill_common,10,norm1,GPU,0,0.007078440419639357,0.007087244005357735,8.803585718377088e-06,8.492699648e-05
Fugue-asplos-EPIC-long-4000,F1,prefill_common,10,ff1,GPU,0,0.007087244005357735,0.007134964530295123,4.7720524937388185e-05,0.007102521234773332
Fugue-asplos-EPIC-long-4000,F1,prefill_common,10,ff2,GPU,0,0.007134964530295123,0.007182685055232511,4.7720524937388185e-05,0.007102521234773332
Fugue-asplos-EPIC-long-4000,F1,prefill_common,10,glu,GPU,0,0.007182685055232511,0.007192415576592701,9.73052136019093e-06,0.00022721298431999996
Fugue-asplos-EPIC-long-4000,F1,prefill_common,10,ff3,GPU,0,0.007192415576592701,0.007239051544145149,4.663596755244755e-05,0.007684106048853332
Fugue-asplos-EPIC-long-4000,F1,prefill_common,10,comm_g2g,GPU,0,0.007239051544145149,0.007239051544145149,0.0,9.0308608e-06
Fugue-asplos-EPIC-long-4000,F1,prefill_common,10,norm2,GPU,0,0.007239051544145149,0.007247855129863526,8.803585718377088e-06,8.492699648e-05
Fugue-asplos-EPIC-long-4000,F1,prefill_common,11,qkv,GPU,0,0.007247855129863526,0.007295948471401988,4.809334153846154e-05,0.00798523916288
Fugue-asplos-EPIC-long-4000,F1,prefill_attention,11,attention_service,GPU,0,0.007295948471401988,0.007719847852703874,0.00042389938130188594,0.008605503321599999
Fugue-asplos-EPIC-long-4000,F1,prefill_common,11,proj,GPU,0,0.007719847852703874,0.007737336340536041,1.7488487832167832e-05,0.0028991238963199995
Fugue-asplos-EPIC-long-4000,F1,prefill_common,11,comm_g2g,GPU,0,0.007737336340536041,0.007737336340536041,0.0,9.0308608e-06
Fugue-asplos-EPIC-long-4000,F1,prefill_common,11,norm1,GPU,0,0.007737336340536041,0.007746139926254419,8.803585718377088e-06,8.492699648e-05
Fugue-asplos-EPIC-long-4000,F1,prefill_common,11,ff1,GPU,0,0.007746139926254419,0.007793860451191807,4.7720524937388185e-05,0.007102521234773332
Fugue-asplos-EPIC-long-4000,F1,prefill_common,11,ff2,GPU,0,0.007793860451191807,0.007841580976129196,4.7720524937388185e-05,0.007102521234773332
Fugue-asplos-EPIC-long-4000,F1,prefill_common,11,glu,GPU,0,0.007841580976129196,0.007851311497489386,9.73052136019093e-06,0.00022721298431999996
Fugue-asplos-EPIC-long-4000,F1,prefill_common,11,ff3,GPU,0,0.007851311497489386,0.007897947465041834,4.663596755244755e-05,0.007684106048853332
Fugue-asplos-EPIC-long-4000,F1,prefill_common,11,comm_g2g,GPU,0,0.007897947465041834,0.007897947465041834,0.0,9.0308608e-06
Fugue-asplos-EPIC-long-4000,F1,prefill_common,11,norm2,GPU,0,0.007897947465041834,0.00790675105076021,8.803585718377088e-06,8.492699648e-05
Fugue-asplos-EPIC-long-4000,F1,prefill_common,12,qkv,GPU,0,0.00790675105076021,0.007954844392298672,4.809334153846154e-05,0.00798523916288
Fugue-asplos-EPIC-long-4000,F1,prefill_attention,12,attention_service,GPU,0,0.007954844392298672,0.008378743773600558,0.00042389938130188594,0.008605503321599999
Fugue-asplos-EPIC-long-4000,F1,prefill_common,12,proj,GPU,0,0.008378743773600558,0.008396232261432726,1.7488487832167832e-05,0.0028991238963199995
Fugue-asplos-EPIC-long-4000,F1,prefill_common,12,comm_g2g,GPU,0,0.008396232261432726,0.008396232261432726,0.0,9.0308608e-06
Fugue-asplos-EPIC-long-4000,F1,prefill_common,12,norm1,GPU,0,0.008396232261432726,0.008405035847151103,8.803585718377088e-06,8.492699648e-05
Fugue-asplos-EPIC-long-4000,F1,prefill_common,12,ff1,GPU,0,0.008405035847151103,0.00845275637208849,4.7720524937388185e-05,0.007102521234773332
Fugue-asplos-EPIC-long-4000,F1,prefill_common,12,ff2,GPU,0,0.00845275637208849,0.008500476897025879,4.7720524937388185e-05,0.007102521234773332
Fugue-asplos-EPIC-long-4000,F1,prefill_common,12,glu,GPU,0,0.008500476897025879,0.00851020741838607,9.73052136019093e-06,0.00022721298431999996
Fugue-asplos-EPIC-long-4000,F1,prefill_common,12,ff3,GPU,0,0.00851020741838607,0.008556843385938517,4.663596755244755e-05,0.007684106048853332
Fugue-asplos-EPIC-long-4000,F1,prefill_common,12,comm_g2g,GPU,0,0.008556843385938517,0.008556843385938517,0.0,9.0308608e-06
Fugue-asplos-EPIC-long-4000,F1,prefill_common,12,norm2,GPU,0,0.008556843385938517,0.008565646971656894,8.803585718377088e-06,8.492699648e-05
Fugue-asplos-EPIC-long-4000,F1,prefill_common,13,qkv,GPU,0,0.008565646971656894,0.008613740313195355,4.809334153846154e-05,0.00798523916288
Fugue-asplos-EPIC-long-4000,F1,prefill_attention,13,attention_service,GPU,0,0.008613740313195355,0.009037639694497241,0.00042389938130188594,0.008605503321599999
Fugue-asplos-EPIC-long-4000,F1,prefill_common,13,proj,GPU,0,0.009037639694497241,0.00905512818232941,1.7488487832167832e-05,0.0028991238963199995
Fugue-asplos-EPIC-long-4000,F1,prefill_common,13,comm_g2g,GPU,0,0.00905512818232941,0.00905512818232941,0.0,9.0308608e-06
Fugue-asplos-EPIC-long-4000,F1,prefill_common,13,norm1,GPU,0,0.00905512818232941,0.009063931768047786,8.803585718377088e-06,8.492699648e-05
Fugue-asplos-EPIC-long-4000,F1,prefill_common,13,ff1,GPU,0,0.009063931768047786,0.009111652292985174,4.7720524937388185e-05,0.007102521234773332
Fugue-asplos-EPIC-long-4000,F1,prefill_common,13,ff2,GPU,0,0.009111652292985174,0.009159372817922562,4.7720524937388185e-05,0.007102521234773332
Fugue-asplos-EPIC-long-4000,F1,prefill_common,13,glu,GPU,0,0.009159372817922562,0.009169103339282753,9.73052136019093e-06,0.00022721298431999996
Fugue-asplos-EPIC-long-4000,F1,prefill_common,13,ff3,GPU,0,0.009169103339282753,0.0092157393068352,4.663596755244755e-05,0.007684106048853332
Fugue-asplos-EPIC-long-4000,F1,prefill_common,13,comm_g2g,GPU,0,0.0092157393068352,0.0092157393068352,0.0,9.0308608e-06
Fugue-asplos-EPIC-long-4000,F1,prefill_common,13,norm2,GPU,0,0.0092157393068352,0.009224542892553577,8.803585718377088e-06,8.492699648e-05
Fugue-asplos-EPIC-long-4000,F1,prefill_common,14,qkv,GPU,0,0.009224542892553577,0.009272636234092038,4.809334153846154e-05,0.00798523916288
Fugue-asplos-EPIC-long-4000,F1,prefill_attention,14,attention_service,GPU,0,0.009272636234092038,0.009696535615393924,0.00042389938130188594,0.008605503321599999
Fugue-asplos-EPIC-long-4000,F1,prefill_common,14,proj,GPU,0,0.009696535615393924,0.009714024103226093,1.7488487832167832e-05,0.0028991238963199995
Fugue-asplos-EPIC-long-4000,F1,prefill_common,14,comm_g2g,GPU,0,0.009714024103226093,0.009714024103226093,0.0,9.0308608e-06
Fugue-asplos-EPIC-long-4000,F1,prefill_common,14,norm1,GPU,0,0.009714024103226093,0.009722827688944469,8.803585718377088e-06,8.492699648e-05
Fugue-asplos-EPIC-long-4000,F1,prefill_common,14,ff1,GPU,0,0.009722827688944469,0.009770548213881857,4.7720524937388185e-05,0.007102521234773332
Fugue-asplos-EPIC-long-4000,F1,prefill_common,14,ff2,GPU,0,0.009770548213881857,0.009818268738819245,4.7720524937388185e-05,0.007102521234773332
Fugue-asplos-EPIC-long-4000,F1,prefill_common,14,glu,GPU,0,0.009818268738819245,0.009827999260179436,9.73052136019093e-06,0.00022721298431999996
Fugue-asplos-EPIC-long-4000,F1,prefill_common,14,ff3,GPU,0,0.009827999260179436,0.009874635227731883,4.663596755244755e-05,0.007684106048853332
Fugue-asplos-EPIC-long-4000,F1,prefill_common,14,comm_g2g,GPU,0,0.009874635227731883,0.009874635227731883,0.0,9.0308608e-06
Fugue-asplos-EPIC-long-4000,F1,prefill_common,14,norm2,GPU,0,0.009874635227731883,0.00988343881345026,8.803585718377088e-06,8.492699648e-05
Fugue-asplos-EPIC-long-4000,F1,prefill_common,15,qkv,GPU,0,0.00988343881345026,0.009931532154988721,4.809334153846154e-05,0.00798523916288
Fugue-asplos-EPIC-long-4000,F1,prefill_attention,15,attention_service,GPU,0,0.009931532154988721,0.010355431536290607,0.00042389938130188594,0.008605503321599999
Fugue-asplos-EPIC-long-4000,F1,prefill_common,15,proj,GPU,0,0.010355431536290607,0.010372920024122776,1.7488487832167832e-05,0.0028991238963199995
Fugue-asplos-EPIC-long-4000,F1,prefill_common,15,comm_g2g,GPU,0,0.010372920024122776,0.010372920024122776,0.0,9.0308608e-06
Fugue-asplos-EPIC-long-4000,F1,prefill_common,15,norm1,GPU,0,0.010372920024122776,0.010381723609841152,8.803585718377088e-06,8.492699648e-05
Fugue-asplos-EPIC-long-4000,F1,prefill_common,15,ff1,GPU,0,0.010381723609841152,0.01042944413477854,4.7720524937388185e-05,0.007102521234773332
Fugue-asplos-EPIC-long-4000,F1,prefill_common,15,ff2,GPU,0,0.01042944413477854,0.010477164659715928,4.7720524937388185e-05,0.007102521234773332
Fugue-asplos-EPIC-long-4000,F1,prefill_common,15,glu,GPU,0,0.010477164659715928,0.010486895181076119,9.73052136019093e-06,0.00022721298431999996
Fugue-asplos-EPIC-long-4000,F1,prefill_common,15,ff3,GPU,0,0.010486895181076119,0.010533531148628567,4.663596755244755e-05,0.007684106048853332
Fugue-asplos-EPIC-long-4000,F1,prefill_common,15,comm_g2g,GPU,0,0.010533531148628567,0.010533531148628567,0.0,9.0308608e-06
Fugue-asplos-EPIC-long-4000,F1,prefill_common,15,norm2,GPU,0,0.010533531148628567,0.010542334734346943,8.803585718377088e-06,8.492699648e-05
Fugue-asplos-EPIC-long-4000,F1,prefill_common,16,qkv,GPU,0,0.010542334734346943,0.010590428075885405,4.809334153846154e-05,0.00798523916288
Fugue-asplos-EPIC-long-4000,F1,prefill_attention,16,attention_service,GPU,0,0.010590428075885405,0.01101432745718729,0.00042389938130188594,0.008605503321599999
Fugue-asplos-EPIC-long-4000,F1,prefill_common,16,proj,GPU,0,0.01101432745718729,0.011031815945019459,1.7488487832167832e-05,0.0028991238963199995
Fugue-asplos-EPIC-long-4000,F1,prefill_common,16,comm_g2g,GPU,0,0.011031815945019459,0.011031815945019459,0.0,9.0308608e-06
Fugue-asplos-EPIC-long-4000,F1,prefill_common,16,norm1,GPU,0,0.011031815945019459,0.011040619530737835,8.803585718377088e-06,8.492699648e-05
Fugue-asplos-EPIC-long-4000,F1,prefill_common,16,ff1,GPU,0,0.011040619530737835,0.011088340055675223,4.7720524937388185e-05,0.007102521234773332
Fugue-asplos-EPIC-long-4000,F1,prefill_common,16,ff2,GPU,0,0.011088340055675223,0.011136060580612612,4.7720524937388185e-05,0.007102521234773332
Fugue-asplos-EPIC-long-4000,F1,prefill_common,16,glu,GPU,0,0.011136060580612612,0.011145791101972802,9.73052136019093e-06,0.00022721298431999996
Fugue-asplos-EPIC-long-4000,F1,prefill_common,16,ff3,GPU,0,0.011145791101972802,0.01119242706952525,4.663596755244755e-05,0.007684106048853332
Fugue-asplos-EPIC-long-4000,F1,prefill_common,16,comm_g2g,GPU,0,0.01119242706952525,0.01119242706952525,0.0,9.0308608e-06
Fugue-asplos-EPIC-long-4000,F1,prefill_common,16,norm2,GPU,0,0.01119242706952525,0.011201230655243626,8.803585718377088e-06,8.492699648e-05
Fugue-asplos-EPIC-long-4000,F1,prefill_common,17,qkv,GPU,0,0.011201230655243626,0.011249323996782088,4.809334153846154e-05,0.00798523916288
Fugue-asplos-EPIC-long-4000,F1,prefill_attention,17,attention_service,GPU,0,0.011249323996782088,0.011673223378083974,0.00042389938130188594,0.008605503321599999
Fugue-asplos-EPIC-long-4000,F1,prefill_common,17,proj,GPU,0,0.011673223378083974,0.011690711865916142,1.7488487832167832e-05,0.0028991238963199995
Fugue-asplos-EPIC-long-4000,F1,prefill_common,17,comm_g2g,GPU,0,0.011690711865916142,0.011690711865916142,0.0,9.0308608e-06
Fugue-asplos-EPIC-long-4000,F1,prefill_common,17,norm1,GPU,0,0.011690711865916142,0.011699515451634519,8.803585718377088e-06,8.492699648e-05
Fugue-asplos-EPIC-long-4000,F1,prefill_common,17,ff1,GPU,0,0.011699515451634519,0.011747235976571907,4.7720524937388185e-05,0.007102521234773332
Fugue-asplos-EPIC-long-4000,F1,prefill_common,17,ff2,GPU,0,0.011747235976571907,0.011794956501509295,4.7720524937388185e-05,0.007102521234773332
Fugue-asplos-EPIC-long-4000,F1,prefill_common,17,glu,GPU,0,0.011794956501509295,0.011804687022869485,9.73052136019093e-06,0.00022721298431999996
Fugue-asplos-EPIC-long-4000,F1,prefill_common,17,ff3,GPU,0,0.011804687022869485,0.011851322990421933,4.663596755244755e-05,0.007684106048853332
Fugue-asplos-EPIC-long-4000,F1,prefill_common,17,comm_g2g,GPU,0,0.011851322990421933,0.011851322990421933,0.0,9.0308608e-06
Fugue-asplos-EPIC-long-4000,F1,prefill_common,17,norm2,GPU,0,0.011851322990421933,0.01186012657614031,8.803585718377088e-06,8.492699648e-05
Fugue-asplos-EPIC-long-4000,F1,prefill_common,18,qkv,GPU,0,0.01186012657614031,0.011908219917678771,4.809334153846154e-05,0.00798523916288
Fugue-asplos-EPIC-long-4000,F1,prefill_attention,18,attention_service,GPU,0,0.011908219917678771,0.012332119298980657,0.00042389938130188594,0.008605503321599999
Fugue-asplos-EPIC-long-4000,F1,prefill_common,18,proj,GPU,0,0.012332119298980657,0.012349607786812825,1.7488487832167832e-05,0.0028991238963199995
Fugue-asplos-EPIC-long-4000,F1,prefill_common,18,comm_g2g,GPU,0,0.012349607786812825,0.012349607786812825,0.0,9.0308608e-06
Fugue-asplos-EPIC-long-4000,F1,prefill_common,18,norm1,GPU,0,0.012349607786812825,0.012358411372531202,8.803585718377088e-06,8.492699648e-05
Fugue-asplos-EPIC-long-4000,F1,prefill_common,18,ff1,GPU,0,0.012358411372531202,0.01240613189746859,4.7720524937388185e-05,0.007102521234773332
Fugue-asplos-EPIC-long-4000,F1,prefill_common,18,ff2,GPU,0,0.01240613189746859,0.012453852422405978,4.7720524937388185e-05,0.007102521234773332
Fugue-asplos-EPIC-long-4000,F1,prefill_common,18,glu,GPU,0,0.012453852422405978,0.012463582943766168,9.73052136019093e-06,0.00022721298431999996
Fugue-asplos-EPIC-long-4000,F1,prefill_common,18,ff3,GPU,0,0.012463582943766168,0.012510218911318616,4.663596755244755e-05,0.007684106048853332
Fugue-asplos-EPIC-long-4000,F1,prefill_common,18,comm_g2g,GPU,0,0.012510218911318616,0.012510218911318616,0.0,9.0308608e-06
Fugue-asplos-EPIC-long-4000,F1,prefill_common,18,norm2,GPU,0,0.012510218911318616,0.012519022497036993,8.803585718377088e-06,8.492699648e-05
Fugue-asplos-EPIC-long-4000,F1,prefill_common,19,qkv,GPU,0,0.012519022497036993,0.012567115838575454,4.809334153846154e-05,0.00798523916288
Fugue-asplos-EPIC-long-4000,F1,prefill_attention,19,attention_service,GPU,0,0.012567115838575454,0.01299101521987734,0.00042389938130188594,0.008605503321599999
Fugue-asplos-EPIC-long-4000,F1,prefill_common,19,proj,GPU,0,0.01299101521987734,0.013008503707709508,1.7488487832167832e-05,0.0028991238963199995
Fugue-asplos-EPIC-long-4000,F1,prefill_common,19,comm_g2g,GPU,0,0.013008503707709508,0.013008503707709508,0.0,9.0308608e-06
Fugue-asplos-EPIC-long-4000,F1,prefill_common,19,norm1,GPU,0,0.013008503707709508,0.013017307293427885,8.803585718377088e-06,8.492699648e-05
Fugue-asplos-EPIC-long-4000,F1,prefill_common,19,ff1,GPU,0,0.013017307293427885,0.013065027818365273,4.7720524937388185e-05,0.007102521234773332
Fugue-asplos-EPIC-long-4000,F1,prefill_common,19,ff2,GPU,0,0.013065027818365273,0.013112748343302661,4.7720524937388185e-05,0.007102521234773332
Fugue-asplos-EPIC-long-4000,F1,prefill_common,19,glu,GPU,0,0.013112748343302661,0.013122478864662852,9.73052136019093e-06,0.00022721298431999996
Fugue-asplos-EPIC-long-4000,F1,prefill_common,19,ff3,GPU,0,0.013122478864662852,0.0131691148322153,4.663596755244755e-05,0.007684106048853332
Fugue-asplos-EPIC-long-4000,F1,prefill_common,19,comm_g2g,GPU,0,0.0131691148322153,0.0131691148322153,0.0,9.0308608e-06
Fugue-asplos-EPIC-long-4000,F1,prefill_common,19,norm2,GPU,0,0.0131691148322153,0.013177918417933676,8.803585718377088e-06,8.492699648e-05
Fugue-asplos-EPIC-long-4000,F1,prefill_common,20,qkv,GPU,0,0.013177918417933676,0.013226011759472137,4.809334153846154e-05,0.00798523916288
Fugue-asplos-EPIC-long-4000,F1,prefill_attention,20,attention_service,GPU,0,0.013226011759472137,0.013649911140774023,0.00042389938130188594,0.008605503321599999
Fugue-asplos-EPIC-long-4000,F1,prefill_common,20,proj,GPU,0,0.013649911140774023,0.013667399628606192,1.7488487832167832e-05,0.0028991238963199995
Fugue-asplos-EPIC-long-4000,F1,prefill_common,20,comm_g2g,GPU,0,0.013667399628606192,0.013667399628606192,0.0,9.0308608e-06
Fugue-asplos-EPIC-long-4000,F1,prefill_common,20,norm1,GPU,0,0.013667399628606192,0.013676203214324568,8.803585718377088e-06,8.492699648e-05
Fugue-asplos-EPIC-long-4000,F1,prefill_common,20,ff1,GPU,0,0.013676203214324568,0.013723923739261956,4.7720524937388185e-05,0.007102521234773332
Fugue-asplos-EPIC-long-4000,F1,prefill_common,20,ff2,GPU,0,0.013723923739261956,0.013771644264199344,4.7720524937388185e-05,0.007102521234773332
Fugue-asplos-EPIC-long-4000,F1,prefill_common,20,glu,GPU,0,0.013771644264199344,0.013781374785559535,9.73052136019093e-06,0.00022721298431999996
Fugue-asplos-EPIC-long-4000,F1,prefill_common,20,ff3,GPU,0,0.013781374785559535,0.013828010753111982,4.663596755244755e-05,0.007684106048853332
Fugue-asplos-EPIC-long-4000,F1,prefill_common,20,comm_g2g,GPU,0,0.013828010753111982,0.013828010753111982,0.0,9.0308608e-06
Fugue-asplos-EPIC-long-4000,F1,prefill_common,20,norm2,GPU,0,0.013828010753111982,0.013836814338830359,8.803585718377088e-06,8.492699648e-05
Fugue-asplos-EPIC-long-4000,F1,prefill_common,21,qkv,GPU,0,0.013836814338830359,0.01388490768036882,4.809334153846154e-05,0.00798523916288
Fugue-asplos-EPIC-long-4000,F1,prefill_attention,21,attention_service,GPU,0,0.01388490768036882,0.014308807061670707,0.00042389938130188594,0.008605503321599999
Fugue-asplos-EPIC-long-4000,F1,prefill_common,21,proj,GPU,0,0.014308807061670707,0.014326295549502875,1.7488487832167832e-05,0.0028991238963199995
Fugue-asplos-EPIC-long-4000,F1,prefill_common,21,comm_g2g,GPU,0,0.014326295549502875,0.014326295549502875,0.0,9.0308608e-06
Fugue-asplos-EPIC-long-4000,F1,prefill_common,21,norm1,GPU,0,0.014326295549502875,0.014335099135221251,8.803585718377088e-06,8.492699648e-05
Fugue-asplos-EPIC-long-4000,F1,prefill_common,21,ff1,GPU,0,0.014335099135221251,0.01438281966015864,4.7720524937388185e-05,0.007102521234773332
Fugue-asplos-EPIC-long-4000,F1,prefill_common,21,ff2,GPU,0,0.01438281966015864,0.014430540185096027,4.7720524937388185e-05,0.007102521234773332
Fugue-asplos-EPIC-long-4000,F1,prefill_common,21,glu,GPU,0,0.014430540185096027,0.014440270706456218,9.73052136019093e-06,0.00022721298431999996
Fugue-asplos-EPIC-long-4000,F1,prefill_common,21,ff3,GPU,0,0.014440270706456218,0.014486906674008666,4.663596755244755e-05,0.007684106048853332
Fugue-asplos-EPIC-long-4000,F1,prefill_common,21,comm_g2g,GPU,0,0.014486906674008666,0.014486906674008666,0.0,9.0308608e-06
Fugue-asplos-EPIC-long-4000,F1,prefill_common,21,norm2,GPU,0,0.014486906674008666,0.014495710259727042,8.803585718377088e-06,8.492699648e-05
Fugue-asplos-EPIC-long-4000,F1,prefill_common,22,qkv,GPU,0,0.014495710259727042,0.014543803601265504,4.809334153846154e-05,0.00798523916288
Fugue-asplos-EPIC-long-4000,F1,prefill_attention,22,attention_service,GPU,0,0.014543803601265504,0.01496770298256739,0.00042389938130188594,0.008605503321599999
Fugue-asplos-EPIC-long-4000,F1,prefill_common,22,proj,GPU,0,0.01496770298256739,0.014985191470399558,1.7488487832167832e-05,0.0028991238963199995
Fugue-asplos-EPIC-long-4000,F1,prefill_common,22,comm_g2g,GPU,0,0.014985191470399558,0.014985191470399558,0.0,9.0308608e-06
Fugue-asplos-EPIC-long-4000,F1,prefill_common,22,norm1,GPU,0,0.014985191470399558,0.014993995056117934,8.803585718377088e-06,8.492699648e-05
Fugue-asplos-EPIC-long-4000,F1,prefill_common,22,ff1,GPU,0,0.014993995056117934,0.015041715581055323,4.7720524937388185e-05,0.007102521234773332
Fugue-asplos-EPIC-long-4000,F1,prefill_common,22,ff2,GPU,0,0.015041715581055323,0.01508943610599271,4.7720524937388185e-05,0.007102521234773332
Fugue-asplos-EPIC-long-4000,F1,prefill_common,22,glu,GPU,0,0.01508943610599271,0.015099166627352901,9.73052136019093e-06,0.00022721298431999996
Fugue-asplos-EPIC-long-4000,F1,prefill_common,22,ff3,GPU,0,0.015099166627352901,0.015145802594905349,4.663596755244755e-05,0.007684106048853332
Fugue-asplos-EPIC-long-4000,F1,prefill_common,22,comm_g2g,GPU,0,0.015145802594905349,0.015145802594905349,0.0,9.0308608e-06
Fugue-asplos-EPIC-long-4000,F1,prefill_common,22,norm2,GPU,0,0.015145802594905349,0.015154606180623725,8.803585718377088e-06,8.492699648e-05
Fugue-asplos-EPIC-long-4000,F1,prefill_common,23,qkv,GPU,0,0.015154606180623725,0.015202699522162187,4.809334153846154e-05,0.00798523916288
Fugue-asplos-EPIC-long-4000,F1,prefill_attention,23,attention_service,GPU,0,0.015202699522162187,0.015626598903464073,0.00042389938130188594,0.008605503321599999
Fugue-asplos-EPIC-long-4000,F1,prefill_common,23,proj,GPU,0,0.015626598903464073,0.01564408739129624,1.7488487832167832e-05,0.0028991238963199995
Fugue-asplos-EPIC-long-4000,F1,prefill_common,23,comm_g2g,GPU,0,0.01564408739129624,0.01564408739129624,0.0,9.0308608e-06
Fugue-asplos-EPIC-long-4000,F1,prefill_common,23,norm1,GPU,0,0.01564408739129624,0.015652890977014618,8.803585718377088e-06,8.492699648e-05
Fugue-asplos-EPIC-long-4000,F1,prefill_common,23,ff1,GPU,0,0.015652890977014618,0.015700611501952007,4.7720524937388185e-05,0.007102521234773332
Fugue-asplos-EPIC-long-4000,F1,prefill_common,23,ff2,GPU,0,0.015700611501952007,0.015748332026889397,4.7720524937388185e-05,0.007102521234773332
Fugue-asplos-EPIC-long-4000,F1,prefill_common,23,glu,GPU,0,0.015748332026889397,0.015758062548249588,9.73052136019093e-06,0.00022721298431999996
Fugue-asplos-EPIC-long-4000,F1,prefill_common,23,ff3,GPU,0,0.015758062548249588,0.015804698515802035,4.663596755244755e-05,0.007684106048853332
Fugue-asplos-EPIC-long-4000,F1,prefill_common,23,comm_g2g,GPU,0,0.015804698515802035,0.015804698515802035,0.0,9.0308608e-06
Fugue-asplos-EPIC-long-4000,F1,prefill_common,23,norm2,GPU,0,0.015804698515802035,0.015813502101520414,8.803585718377088e-06,8.492699648e-05
Fugue-asplos-EPIC-long-4000,F1,prefill_common,24,qkv,GPU,0,0.015813502101520414,0.015861595443058877,4.809334153846154e-05,0.00798523916288
Fugue-asplos-EPIC-long-4000,F1,prefill_attention,24,attention_service,GPU,0,0.015861595443058877,0.01628549482436076,0.00042389938130188594,0.008605503321599999
Fugue-asplos-EPIC-long-4000,F1,prefill_common,24,proj,GPU,0,0.01628549482436076,0.016302983312192928,1.7488487832167832e-05,0.0028991238963199995
Fugue-asplos-EPIC-long-4000,F1,prefill_common,24,comm_g2g,GPU,0,0.016302983312192928,0.016302983312192928,0.0,9.0308608e-06
Fugue-asplos-EPIC-long-4000,F1,prefill_common,24,norm1,GPU,0,0.016302983312192928,0.016311786897911306,8.803585718377088e-06,8.492699648e-05
Fugue-asplos-EPIC-long-4000,F1,prefill_common,24,ff1,GPU,0,0.016311786897911306,0.016359507422848696,4.7720524937388185e-05,0.007102521234773332
Fugue-asplos-EPIC-long-4000,F1,prefill_common,24,ff2,GPU,0,0.016359507422848696,0.016407227947786086,4.7720524937388185e-05,0.007102521234773332
Fugue-asplos-EPIC-long-4000,F1,prefill_common,24,glu,GPU,0,0.016407227947786086,0.016416958469146276,9.73052136019093e-06,0.00022721298431999996
Fugue-asplos-EPIC-long-4000,F1,prefill_common,24,ff3,GPU,0,0.016416958469146276,0.016463594436698724,4.663596755244755e-05,0.007684106048853332
Fugue-asplos-EPIC-long-4000,F1,prefill_common,24,comm_g2g,GPU,0,0.016463594436698724,0.016463594436698724,0.0,9.0308608e-06
Fugue-asplos-EPIC-long-4000,F1,prefill_common,24,norm2,GPU,0,0.016463594436698724,0.016472398022417102,8.803585718377088e-06,8.492699648e-05
Fugue-asplos-EPIC-long-4000,F1,prefill_common,25,qkv,GPU,0,0.016472398022417102,0.016520491363955565,4.809334153846154e-05,0.00798523916288
Fugue-asplos-EPIC-long-4000,F1,prefill_attention,25,attention_service,GPU,0,0.016520491363955565,0.01694439074525745,0.00042389938130188594,0.008605503321599999
Fugue-asplos-EPIC-long-4000,F1,prefill_common,25,proj,GPU,0,0.01694439074525745,0.016961879233089616,1.7488487832167832e-05,0.0028991238963199995
Fugue-asplos-EPIC-long-4000,F1,prefill_common,25,comm_g2g,GPU,0,0.016961879233089616,0.016961879233089616,0.0,9.0308608e-06
Fugue-asplos-EPIC-long-4000,F1,prefill_common,25,norm1,GPU,0,0.016961879233089616,0.016970682818807994,8.803585718377088e-06,8.492699648e-05
Fugue-asplos-EPIC-long-4000,F1,prefill_common,25,ff1,GPU,0,0.016970682818807994,0.017018403343745384,4.7720524937388185e-05,0.007102521234773332
Fugue-asplos-EPIC-long-4000,F1,prefill_common,25,ff2,GPU,0,0.017018403343745384,0.017066123868682774,4.7720524937388185e-05,0.007102521234773332
Fugue-asplos-EPIC-long-4000,F1,prefill_common,25,glu,GPU,0,0.017066123868682774,0.017075854390042965,9.73052136019093e-06,0.00022721298431999996
Fugue-asplos-EPIC-long-4000,F1,prefill_common,25,ff3,GPU,0,0.017075854390042965,0.017122490357595412,4.663596755244755e-05,0.007684106048853332
Fugue-asplos-EPIC-long-4000,F1,prefill_common,25,comm_g2g,GPU,0,0.017122490357595412,0.017122490357595412,0.0,9.0308608e-06
Fugue-asplos-EPIC-long-4000,F1,prefill_common,25,norm2,GPU,0,0.017122490357595412,0.01713129394331379,8.803585718377088e-06,8.492699648e-05
Fugue-asplos-EPIC-long-4000,F1,prefill_common,26,qkv,GPU,0,0.01713129394331379,0.017179387284852254,4.809334153846154e-05,0.00798523916288
Fugue-asplos-EPIC-long-4000,F1,prefill_attention,26,attention_service,GPU,0,0.017179387284852254,0.017603286666154138,0.00042389938130188594,0.008605503321599999
Fugue-asplos-EPIC-long-4000,F1,prefill_common,26,proj,GPU,0,0.017603286666154138,0.017620775153986305,1.7488487832167832e-05,0.0028991238963199995
Fugue-asplos-EPIC-long-4000,F1,prefill_common,26,comm_g2g,GPU,0,0.017620775153986305,0.017620775153986305,0.0,9.0308608e-06
Fugue-asplos-EPIC-long-4000,F1,prefill_common,26,norm1,GPU,0,0.017620775153986305,0.017629578739704683,8.803585718377088e-06,8.492699648e-05
Fugue-asplos-EPIC-long-4000,F1,prefill_common,26,ff1,GPU,0,0.017629578739704683,0.017677299264642073,4.7720524937388185e-05,0.007102521234773332
Fugue-asplos-EPIC-long-4000,F1,prefill_common,26,ff2,GPU,0,0.017677299264642073,0.017725019789579462,4.7720524937388185e-05,0.007102521234773332
Fugue-asplos-EPIC-long-4000,F1,prefill_common,26,glu,GPU,0,0.017725019789579462,0.017734750310939653,9.73052136019093e-06,0.00022721298431999996
Fugue-asplos-EPIC-long-4000,F1,prefill_common,26,ff3,GPU,0,0.017734750310939653,0.0177813862784921,4.663596755244755e-05,0.007684106048853332
Fugue-asplos-EPIC-long-4000,F1,prefill_common,26,comm_g2g,GPU,0,0.0177813862784921,0.0177813862784921,0.0,9.0308608e-06
Fugue-asplos-EPIC-long-4000,F1,prefill_common,26,norm2,GPU,0,0.0177813862784921,0.01779018986421048,8.803585718377088e-06,8.492699648e-05
Fugue-asplos-EPIC-long-4000,F1,prefill_common,27,qkv,GPU,0,0.01779018986421048,0.017838283205748942,4.809334153846154e-05,0.00798523916288
Fugue-asplos-EPIC-long-4000,F1,prefill_attention,27,attention_service,GPU,0,0.017838283205748942,0.018262182587050826,0.00042389938130188594,0.008605503321599999
Fugue-asplos-EPIC-long-4000,F1,prefill_common,27,proj,GPU,0,0.018262182587050826,0.018279671074882993,1.7488487832167832e-05,0.0028991238963199995
Fugue-asplos-EPIC-long-4000,F1,prefill_common,27,comm_g2g,GPU,0,0.018279671074882993,0.018279671074882993,0.0,9.0308608e-06
Fugue-asplos-EPIC-long-4000,F1,prefill_common,27,norm1,GPU,0,0.018279671074882993,0.01828847466060137,8.803585718377088e-06,8.492699648e-05
Fugue-asplos-EPIC-long-4000,F1,prefill_common,27,ff1,GPU,0,0.01828847466060137,0.01833619518553876,4.7720524937388185e-05,0.007102521234773332
Fugue-asplos-EPIC-long-4000,F1,prefill_common,27,ff2,GPU,0,0.01833619518553876,0.01838391571047615,4.7720524937388185e-05,0.007102521234773332
Fugue-asplos-EPIC-long-4000,F1,prefill_common,27,glu,GPU,0,0.01838391571047615,0.01839364623183634,9.73052136019093e-06,0.00022721298431999996
Fugue-asplos-EPIC-long-4000,F1,prefill_common,27,ff3,GPU,0,0.01839364623183634,0.01844028219938879,4.663596755244755e-05,0.007684106048853332
Fugue-asplos-EPIC-long-4000,F1,prefill_common,27,comm_g2g,GPU,0,0.01844028219938879,0.01844028219938879,0.0,9.0308608e-06
Fugue-asplos-EPIC-long-4000,F1,prefill_common,27,norm2,GPU,0,0.01844028219938879,0.018449085785107167,8.803585718377088e-06,8.492699648e-05
Fugue-asplos-EPIC-long-4000,F1,prefill_common,28,qkv,GPU,0,0.018449085785107167,0.01849717912664563,4.809334153846154e-05,0.00798523916288
Fugue-asplos-EPIC-long-4000,F1,prefill_attention,28,attention_service,GPU,0,0.01849717912664563,0.018921078507947515,0.00042389938130188594,0.008605503321599999
Fugue-asplos-EPIC-long-4000,F1,prefill_common,28,proj,GPU,0,0.018921078507947515,0.01893856699577968,1.7488487832167832e-05,0.0028991238963199995
Fugue-asplos-EPIC-long-4000,F1,prefill_common,28,comm_g2g,GPU,0,0.01893856699577968,0.01893856699577968,0.0,9.0308608e-06
Fugue-asplos-EPIC-long-4000,F1,prefill_common,28,norm1,GPU,0,0.01893856699577968,0.01894737058149806,8.803585718377088e-06,8.492699648e-05
Fugue-asplos-EPIC-long-4000,F1,prefill_common,28,ff1,GPU,0,0.01894737058149806,0.01899509110643545,4.7720524937388185e-05,0.007102521234773332
Fugue-asplos-EPIC-long-4000,F1,prefill_common,28,ff2,GPU,0,0.01899509110643545,0.01904281163137284,4.7720524937388185e-05,0.007102521234773332
Fugue-asplos-EPIC-long-4000,F1,prefill_common,28,glu,GPU,0,0.01904281163137284,0.01905254215273303,9.73052136019093e-06,0.00022721298431999996
Fugue-asplos-EPIC-long-4000,F1,prefill_common,28,ff3,GPU,0,0.01905254215273303,0.019099178120285477,4.663596755244755e-05,0.007684106048853332
Fugue-asplos-EPIC-long-4000,F1,prefill_common,28,comm_g2g,GPU,0,0.019099178120285477,0.019099178120285477,0.0,9.0308608e-06
Fugue-asplos-EPIC-long-4000,F1,prefill_common,28,norm2,GPU,0,0.019099178120285477,0.019107981706003856,8.803585718377088e-06,8.492699648e-05
Fugue-asplos-EPIC-long-4000,F1,prefill_common,29,qkv,GPU,0,0.019107981706003856,0.01915607504754232,4.809334153846154e-05,0.00798523916288
Fugue-asplos-EPIC-long-4000,F1,prefill_attention,29,attention_service,GPU,0,0.01915607504754232,0.019579974428844203,0.00042389938130188594,0.008605503321599999
Fugue-asplos-EPIC-long-4000,F1,prefill_common,29,proj,GPU,0,0.019579974428844203,0.01959746291667637,1.7488487832167832e-05,0.0028991238963199995
Fugue-asplos-EPIC-long-4000,F1,prefill_common,29,comm_g2g,GPU,0,0.01959746291667637,0.01959746291667637,0.0,9.0308608e-06
Fugue-asplos-EPIC-long-4000,F1,prefill_common,29,norm1,GPU,0,0.01959746291667637,0.019606266502394748,8.803585718377088e-06,8.492699648e-05
Fugue-asplos-EPIC-long-4000,F1,prefill_common,29,ff1,GPU,0,0.019606266502394748,0.019653987027332138,4.7720524937388185e-05,0.007102521234773332
Fugue-asplos-EPIC-long-4000,F1,prefill_common,29,ff2,GPU,0,0.019653987027332138,0.019701707552269528,4.7720524937388185e-05,0.007102521234773332
Fugue-asplos-EPIC-long-4000,F1,prefill_common,29,glu,GPU,0,0.019701707552269528,0.019711438073629718,9.73052136019093e-06,0.00022721298431999996
Fugue-asplos-EPIC-long-4000,F1,prefill_common,29,ff3,GPU,0,0.019711438073629718,0.019758074041182166,4.663596755244755e-05,0.007684106048853332
Fugue-asplos-EPIC-long-4000,F1,prefill_common,29,comm_g2g,GPU,0,0.019758074041182166,0.019758074041182166,0.0,9.0308608e-06
Fugue-asplos-EPIC-long-4000,F1,prefill_common,29,norm2,GPU,0,0.019758074041182166,0.019766877626900544,8.803585718377088e-06,8.492699648e-05
Fugue-asplos-EPIC-long-4000,F1,prefill_common,30,qkv,GPU,0,0.019766877626900544,0.019814970968439007,4.809334153846154e-05,0.00798523916288
Fugue-asplos-EPIC-long-4000,F1,prefill_attention,30,attention_service,GPU,0,0.019814970968439007,0.02023887034974089,0.00042389938130188594,0.008605503321599999
Fugue-asplos-EPIC-long-4000,F1,prefill_common,30,proj,GPU,0,0.02023887034974089,0.020256358837573058,1.7488487832167832e-05,0.0028991238963199995
Fugue-asplos-EPIC-long-4000,F1,prefill_common,30,comm_g2g,GPU,0,0.020256358837573058,0.020256358837573058,0.0,9.0308608e-06
Fugue-asplos-EPIC-long-4000,F1,prefill_common,30,norm1,GPU,0,0.020256358837573058,0.020265162423291436,8.803585718377088e-06,8.492699648e-05
Fugue-asplos-EPIC-long-4000,F1,prefill_common,30,ff1,GPU,0,0.020265162423291436,0.020312882948228826,4.7720524937388185e-05,0.007102521234773332
Fugue-asplos-EPIC-long-4000,F1,prefill_common,30,ff2,GPU,0,0.020312882948228826,0.020360603473166216,4.7720524937388185e-05,0.007102521234773332
Fugue-asplos-EPIC-long-4000,F1,prefill_common,30,glu,GPU,0,0.020360603473166216,0.020370333994526407,9.73052136019093e-06,0.00022721298431999996
Fugue-asplos-EPIC-long-4000,F1,prefill_common,30,ff3,GPU,0,0.020370333994526407,0.020416969962078854,4.663596755244755e-05,0.007684106048853332
Fugue-asplos-EPIC-long-4000,F1,prefill_common,30,comm_g2g,GPU,0,0.020416969962078854,0.020416969962078854,0.0,9.0308608e-06
Fugue-asplos-EPIC-long-4000,F1,prefill_common,30,norm2,GPU,0,0.020416969962078854,0.020425773547797232,8.803585718377088e-06,8.492699648e-05
Fugue-asplos-EPIC-long-4000,F1,prefill_common,31,qkv,GPU,0,0.020425773547797232,0.020473866889335696,4.809334153846154e-05,0.00798523916288
Fugue-asplos-EPIC-long-4000,F1,prefill_attention,31,attention_service,GPU,0,0.020473866889335696,0.02089776627063758,0.00042389938130188594,0.008605503321599999
Fugue-asplos-EPIC-long-4000,F1,prefill_common,31,proj,GPU,0,0.02089776627063758,0.020915254758469747,1.7488487832167832e-05,0.0028991238963199995
Fugue-asplos-EPIC-long-4000,F1,prefill_common,31,comm_g2g,GPU,0,0.020915254758469747,0.020915254758469747,0.0,9.0308608e-06
Fugue-asplos-EPIC-long-4000,F1,prefill_common,31,norm1,GPU,0,0.020915254758469747,0.020924058344188125,8.803585718377088e-06,8.492699648e-05
Fugue-asplos-EPIC-long-4000,F1,prefill_common,31,ff1,GPU,0,0.020924058344188125,0.020971778869125515,4.7720524937388185e-05,0.007102521234773332
Fugue-asplos-EPIC-long-4000,F1,prefill_common,31,ff2,GPU,0,0.020971778869125515,0.021019499394062904,4.7720524937388185e-05,0.007102521234773332
Fugue-asplos-EPIC-long-4000,F1,prefill_common,31,glu,GPU,0,0.021019499394062904,0.021029229915423095,9.73052136019093e-06,0.00022721298431999996
Fugue-asplos-EPIC-long-4000,F1,prefill_common,31,ff3,GPU,0,0.021029229915423095,0.021075865882975543,4.663596755244755e-05,0.007684106048853332
Fugue-asplos-EPIC-long-4000,F1,prefill_common,31,comm_g2g,GPU,0,0.021075865882975543,0.021075865882975543,0.0,9.0308608e-06
Fugue-asplos-EPIC-long-4000,F1,prefill_common,31,norm2,GPU,0,0.021075865882975543,0.02108466946869392,8.803585718377088e-06,8.492699648e-05
Fugue-asplos-EPIC-long-4000,F1,decode,all,native_transformer,GPU,1,0.02108466946869392,0.029050353820577364,0.007965684351883441,0.4960359529779199
Fugue-asplos-EPIC-long-4000,F1,decode,all,native_transformer,GPU,2,0.029050353820577364,0.03701666891793322,0.007966315097355856,0.4960533103206398
Fugue-asplos-EPIC-long-4000,F1,decode,all,native_transformer,GPU,3,0.03701666891793322,0.04498361476076149,0.007966945842828269,0.49607066766335983
Fugue-asplos-EPIC-long-4000,F1,decode,all,native_transformer,GPU,4,0.04498361476076149,0.05295119134906217,0.007967576588300681,0.4960880250060799
Fugue-asplos-EPIC-long-4000,F1,decode,all,native_transformer,GPU,5,0.05295119134906217,0.06091939868283527,0.007968207333773096,0.49610571789311986
Fugue-asplos-EPIC-long-4000,F1,decode,all,native_transformer,GPU,6,0.06091939868283527,0.06888823676208078,0.007968838079245508,0.49612307523583987
Fugue-asplos-EPIC-long-4000,F1,decode,all,native_transformer,GPU,7,0.06888823676208078,0.0768577055867987,0.007969468824717923,0.4961404325785599
Fugue-asplos-EPIC-long-4000,F1,decode,all,native_transformer,GPU,8,0.0768577055867987,0.08482780515698904,0.007970099570190336,0.4961577899212799
Fugue-asplos-EPIC-long-4000,F1,decode,all,native_transformer,GPU,9,0.08482780515698904,0.0927985354726518,0.007970730315662748,0.49617514726399986
Fugue-asplos-EPIC-long-4000,F1,decode,all,native_transformer,GPU,10,0.0927985354726518,0.10076989653378696,0.007971361061135163,0.4961925046067199
Fugue-asplos-EPIC-long-4000,F1,decode,all,native_transformer,GPU,11,0.10076989653378696,0.10874188834039453,0.007971991806607575,0.4962098619494399
Fugue-asplos-EPIC-long-4000,F1,decode,all,native_transformer,GPU,12,0.10874188834039453,0.11671451089247452,0.007972622552079988,0.4962272192921599
Fugue-asplos-EPIC-long-4000,F1,decode,all,native_transformer,GPU,13,0.11671451089247452,0.12468776419002692,0.007973253297552402,0.49624457663487986
Fugue-asplos-EPIC-long-4000,F1,decode,all,native_transformer,GPU,14,0.12468776419002692,0.13266164823305174,0.007973884043024815,0.4962619339775998
Fugue-asplos-EPIC-long-4000,F1,decode,all,native_transformer,GPU,15,0.13266164823305174,0.14063616302154897,0.007974514788497228,0.4962792913203199
Fugue-asplos-EPIC-long-4000,F2,prefill_common,0,qkv,GPU,0,0.0,4.809334153846154e-05,4.809334153846154e-05,0.00798523916288
Fugue-asplos-EPIC-long-4000,F2,prefill_attention,0,attention_service,GPU,0,4.809334153846154e-05,0.0006919752295070141,0.0006438818879685526,0.0092918487424
Fugue-asplos-EPIC-long-4000,F2,prefill_common,0,proj,GPU,0,0.0006919752295070141,0.000709463717339182,1.7488487832167832e-05,0.0028991238963199995
Fugue-asplos-EPIC-long-4000,F2,prefill_common,0,comm_g2g,GPU,0,0.000709463717339182,0.000709463717339182,0.0,9.0308608e-06
Fugue-asplos-EPIC-long-4000,F2,prefill_common,0,norm1,GPU,0,0.000709463717339182,0.0007182673030575591,8.803585718377088e-06,8.492699648e-05
Fugue-asplos-EPIC-long-4000,F2,prefill_common,0,ff1,GPU,0,0.0007182673030575591,0.0007659878279949472,4.7720524937388185e-05,0.007102521234773332
Fugue-asplos-EPIC-long-4000,F2,prefill_common,0,ff2,GPU,0,0.0007659878279949472,0.0008137083529323354,4.7720524937388185e-05,0.007102521234773332
Fugue-asplos-EPIC-long-4000,F2,prefill_common,0,glu,GPU,0,0.0008137083529323354,0.0008234388742925263,9.73052136019093e-06,0.00022721298431999996
Fugue-asplos-EPIC-long-4000,F2,prefill_common,0,ff3,GPU,0,0.0008234388742925263,0.0008700748418449738,4.663596755244755e-05,0.007684106048853332
Fugue-asplos-EPIC-long-4000,F2,prefill_common,0,comm_g2g,GPU,0,0.0008700748418449738,0.0008700748418449738,0.0,9.0308608e-06
Fugue-asplos-EPIC-long-4000,F2,prefill_common,0,norm2,GPU,0,0.0008700748418449738,0.0008788784275633509,8.803585718377088e-06,8.492699648e-05
Fugue-asplos-EPIC-long-4000,F2,prefill_common,1,qkv,GPU,0,0.0008788784275633509,0.0009269717691018124,4.809334153846154e-05,0.00798523916288
Fugue-asplos-EPIC-long-4000,F2,prefill_attention,1,attention_service,GPU,0,0.0009269717691018124,0.001570853657070365,0.0006438818879685526,0.0092918487424
Fugue-asplos-EPIC-long-4000,F2,prefill_common,1,proj,GPU,0,0.001570853657070365,0.0015883421449025329,1.7488487832167832e-05,0.0028991238963199995
Fugue-asplos-EPIC-long-4000,F2,prefill_common,1,comm_g2g,GPU,0,0.0015883421449025329,0.0015883421449025329,0.0,9.0308608e-06
Fugue-asplos-EPIC-long-4000,F2,prefill_common,1,norm1,GPU,0,0.0015883421449025329,0.00159714573062091,8.803585718377088e-06,8.492699648e-05
Fugue-asplos-EPIC-long-4000,F2,prefill_common,1,ff1,GPU,0,0.00159714573062091,0.0016448662555582983,4.7720524937388185e-05,0.007102521234773332
Fugue-asplos-EPIC-long-4000,F2,prefill_common,1,ff2,GPU,0,0.0016448662555582983,0.0016925867804956866,4.7720524937388185e-05,0.007102521234773332
Fugue-asplos-EPIC-long-4000,F2,prefill_common,1,glu,GPU,0,0.0016925867804956866,0.0017023173018558776,9.73052136019093e-06,0.00022721298431999996
Fugue-asplos-EPIC-long-4000,F2,prefill_common,1,ff3,GPU,0,0.0017023173018558776,0.0017489532694083252,4.663596755244755e-05,0.007684106048853332
Fugue-asplos-EPIC-long-4000,F2,prefill_common,1,comm_g2g,GPU,0,0.0017489532694083252,0.0017489532694083252,0.0,9.0308608e-06
Fugue-asplos-EPIC-long-4000,F2,prefill_common,1,norm2,GPU,0,0.0017489532694083252,0.0017577568551267024,8.803585718377088e-06,8.492699648e-05
Fugue-asplos-EPIC-long-4000,F2,prefill_common,2,qkv,GPU,0,0.0017577568551267024,0.0018058501966651639,4.809334153846154e-05,0.00798523916288
Fugue-asplos-EPIC-long-4000,F2,prefill_attention,2,attention_service,GPU,0,0.0018058501966651639,0.0024497320846337163,0.0006438818879685526,0.0092918487424
Fugue-asplos-EPIC-long-4000,F2,prefill_common,2,proj,GPU,0,0.0024497320846337163,0.002467220572465884,1.7488487832167832e-05,0.0028991238963199995
Fugue-asplos-EPIC-long-4000,F2,prefill_common,2,comm_g2g,GPU,0,0.002467220572465884,0.002467220572465884,0.0,9.0308608e-06
Fugue-asplos-EPIC-long-4000,F2,prefill_common,2,norm1,GPU,0,0.002467220572465884,0.002476024158184261,8.803585718377088e-06,8.492699648e-05
Fugue-asplos-EPIC-long-4000,F2,prefill_common,2,ff1,GPU,0,0.002476024158184261,0.002523744683121649,4.7720524937388185e-05,0.007102521234773332
Fugue-asplos-EPIC-long-4000,F2,prefill_common,2,ff2,GPU,0,0.002523744683121649,0.0025714652080590372,4.7720524937388185e-05,0.007102521234773332
Fugue-asplos-EPIC-long-4000,F2,prefill_common,2,glu,GPU,0,0.0025714652080590372,0.0025811957294192282,9.73052136019093e-06,0.00022721298431999996
Fugue-asplos-EPIC-long-4000,F2,prefill_common,2,ff3,GPU,0,0.0025811957294192282,0.002627831696971676,4.663596755244755e-05,0.007684106048853332
Fugue-asplos-EPIC-long-4000,F2,prefill_common,2,comm_g2g,GPU,0,0.002627831696971676,0.002627831696971676,0.0,9.0308608e-06
Fugue-asplos-EPIC-long-4000,F2,prefill_common,2,norm2,GPU,0,0.002627831696971676,0.002636635282690053,8.803585718377088e-06,8.492699648e-05
Fugue-asplos-EPIC-long-4000,F2,prefill_common,3,qkv,GPU,0,0.002636635282690053,0.0026847286242285143,4.809334153846154e-05,0.00798523916288
Fugue-asplos-EPIC-long-4000,F2,prefill_attention,3,attention_service,GPU,0,0.0026847286242285143,0.003328610512197067,0.0006438818879685526,0.0092918487424
Fugue-asplos-EPIC-long-4000,F2,prefill_common,3,proj,GPU,0,0.003328610512197067,0.003346099000029235,1.7488487832167832e-05,0.0028991238963199995
Fugue-asplos-EPIC-long-4000,F2,prefill_common,3,comm_g2g,GPU,0,0.003346099000029235,0.003346099000029235,0.0,9.0308608e-06
Fugue-asplos-EPIC-long-4000,F2,prefill_common,3,norm1,GPU,0,0.003346099000029235,0.0033549025857476118,8.803585718377088e-06,8.492699648e-05
Fugue-asplos-EPIC-long-4000,F2,prefill_common,3,ff1,GPU,0,0.0033549025857476118,0.003402623110685,4.7720524937388185e-05,0.007102521234773332
Fugue-asplos-EPIC-long-4000,F2,prefill_common,3,ff2,GPU,0,0.003402623110685,0.003450343635622388,4.7720524937388185e-05,0.007102521234773332
Fugue-asplos-EPIC-long-4000,F2,prefill_common,3,glu,GPU,0,0.003450343635622388,0.003460074156982579,9.73052136019093e-06,0.00022721298431999996
Fugue-asplos-EPIC-long-4000,F2,prefill_common,3,ff3,GPU,0,0.003460074156982579,0.0035067101245350265,4.663596755244755e-05,0.007684106048853332
Fugue-asplos-EPIC-long-4000,F2,prefill_common,3,comm_g2g,GPU,0,0.0035067101245350265,0.0035067101245350265,0.0,9.0308608e-06
Fugue-asplos-EPIC-long-4000,F2,prefill_common,3,norm2,GPU,0,0.0035067101245350265,0.0035155137102534035,8.803585718377088e-06,8.492699648e-05
Fugue-asplos-EPIC-long-4000,F2,prefill_common,4,qkv,GPU,0,0.0035155137102534035,0.003563607051791865,4.809334153846154e-05,0.00798523916288
Fugue-asplos-EPIC-long-4000,F2,prefill_attention,4,attention_service,GPU,0,0.003563607051791865,0.004207488939760418,0.0006438818879685526,0.0092918487424
Fugue-asplos-EPIC-long-4000,F2,prefill_common,4,proj,GPU,0,0.004207488939760418,0.004224977427592585,1.7488487832167832e-05,0.0028991238963199995
Fugue-asplos-EPIC-long-4000,F2,prefill_common,4,comm_g2g,GPU,0,0.004224977427592585,0.004224977427592585,0.0,9.0308608e-06
Fugue-asplos-EPIC-long-4000,F2,prefill_common,4,norm1,GPU,0,0.004224977427592585,0.004233781013310962,8.803585718377088e-06,8.492699648e-05
Fugue-asplos-EPIC-long-4000,F2,prefill_common,4,ff1,GPU,0,0.004233781013310962,0.0042815015382483505,4.7720524937388185e-05,0.007102521234773332
Fugue-asplos-EPIC-long-4000,F2,prefill_common,4,ff2,GPU,0,0.0042815015382483505,0.0043292220631857385,4.7720524937388185e-05,0.007102521234773332
Fugue-asplos-EPIC-long-4000,F2,prefill_common,4,glu,GPU,0,0.0043292220631857385,0.004338952584545929,9.73052136019093e-06,0.00022721298431999996
Fugue-asplos-EPIC-long-4000,F2,prefill_common,4,ff3,GPU,0,0.004338952584545929,0.004385588552098377,4.663596755244755e-05,0.007684106048853332
Fugue-asplos-EPIC-long-4000,F2,prefill_common,4,comm_g2g,GPU,0,0.004385588552098377,0.004385588552098377,0.0,9.0308608e-06
Fugue-asplos-EPIC-long-4000,F2,prefill_common,4,norm2,GPU,0,0.004385588552098377,0.004394392137816754,8.803585718377088e-06,8.492699648e-05
Fugue-asplos-EPIC-long-4000,F2,prefill_common,5,qkv,GPU,0,0.004394392137816754,0.004442485479355216,4.809334153846154e-05,0.00798523916288
Fugue-asplos-EPIC-long-4000,F2,prefill_attention,5,attention_service,GPU,0,0.004442485479355216,0.005086367367323768,0.0006438818879685526,0.0092918487424
Fugue-asplos-EPIC-long-4000,F2,prefill_common,5,proj,GPU,0,0.005086367367323768,0.005103855855155936,1.7488487832167832e-05,0.0028991238963199995
Fugue-asplos-EPIC-long-4000,F2,prefill_common,5,comm_g2g,GPU,0,0.005103855855155936,0.005103855855155936,0.0,9.0308608e-06
Fugue-asplos-EPIC-long-4000,F2,prefill_common,5,norm1,GPU,0,0.005103855855155936,0.005112659440874313,8.803585718377088e-06,8.492699648e-05
Fugue-asplos-EPIC-long-4000,F2,prefill_common,5,ff1,GPU,0,0.005112659440874313,0.005160379965811701,4.7720524937388185e-05,0.007102521234773332
Fugue-asplos-EPIC-long-4000,F2,prefill_common,5,ff2,GPU,0,0.005160379965811701,0.005208100490749089,4.7720524937388185e-05,0.007102521234773332
Fugue-asplos-EPIC-long-4000,F2,prefill_common,5,glu,GPU,0,0.005208100490749089,0.00521783101210928,9.73052136019093e-06,0.00022721298431999996
Fugue-asplos-EPIC-long-4000,F2,prefill_common,5,ff3,GPU,0,0.00521783101210928,0.005264466979661727,4.663596755244755e-05,0.007684106048853332
Fugue-asplos-EPIC-long-4000,F2,prefill_common,5,comm_g2g,GPU,0,0.005264466979661727,0.005264466979661727,0.0,9.0308608e-06
Fugue-asplos-EPIC-long-4000,F2,prefill_common,5,norm2,GPU,0,0.005264466979661727,0.005273270565380105,8.803585718377088e-06,8.492699648e-05
Fugue-asplos-EPIC-long-4000,F2,prefill_common,6,qkv,GPU,0,0.005273270565380105,0.005321363906918566,4.809334153846154e-05,0.00798523916288
Fugue-asplos-EPIC-long-4000,F2,prefill_attention,6,attention_service,GPU,0,0.005321363906918566,0.005965245794887119,0.0006438818879685526,0.0092918487424
Fugue-asplos-EPIC-long-4000,F2,prefill_common,6,proj,GPU,0,0.005965245794887119,0.005982734282719286,1.7488487832167832e-05,0.0028991238963199995
Fugue-asplos-EPIC-long-4000,F2,prefill_common,6,comm_g2g,GPU,0,0.005982734282719286,0.005982734282719286,0.0,9.0308608e-06
Fugue-asplos-EPIC-long-4000,F2,prefill_common,6,norm1,GPU,0,0.005982734282719286,0.005991537868437664,8.803585718377088e-06,8.492699648e-05
Fugue-asplos-EPIC-long-4000,F2,prefill_common,6,ff1,GPU,0,0.005991537868437664,0.006039258393375052,4.7720524937388185e-05,0.007102521234773332
Fugue-asplos-EPIC-long-4000,F2,prefill_common,6,ff2,GPU,0,0.006039258393375052,0.00608697891831244,4.7720524937388185e-05,0.007102521234773332
Fugue-asplos-EPIC-long-4000,F2,prefill_common,6,glu,GPU,0,0.00608697891831244,0.00609670943967263,9.73052136019093e-06,0.00022721298431999996
Fugue-asplos-EPIC-long-4000,F2,prefill_common,6,ff3,GPU,0,0.00609670943967263,0.006143345407225078,4.663596755244755e-05,0.007684106048853332
Fugue-asplos-EPIC-long-4000,F2,prefill_common,6,comm_g2g,GPU,0,0.006143345407225078,0.006143345407225078,0.0,9.0308608e-06
Fugue-asplos-EPIC-long-4000,F2,prefill_common,6,norm2,GPU,0,0.006143345407225078,0.006152148992943455,8.803585718377088e-06,8.492699648e-05
Fugue-asplos-EPIC-long-4000,F2,prefill_common,7,qkv,GPU,0,0.006152148992943455,0.006200242334481917,4.809334153846154e-05,0.00798523916288
Fugue-asplos-EPIC-long-4000,F2,prefill_attention,7,attention_service,GPU,0,0.006200242334481917,0.0068441242224504695,0.0006438818879685526,0.0092918487424
Fugue-asplos-EPIC-long-4000,F2,prefill_common,7,proj,GPU,0,0.0068441242224504695,0.006861612710282637,1.7488487832167832e-05,0.0028991238963199995
Fugue-asplos-EPIC-long-4000,F2,prefill_common,7,comm_g2g,GPU,0,0.006861612710282637,0.006861612710282637,0.0,9.0308608e-06
Fugue-asplos-EPIC-long-4000,F2,prefill_common,7,norm1,GPU,0,0.006861612710282637,0.006870416296001014,8.803585718377088e-06,8.492699648e-05
Fugue-asplos-EPIC-long-4000,F2,prefill_common,7,ff1,GPU,0,0.006870416296001014,0.006918136820938402,4.7720524937388185e-05,0.007102521234773332
Fugue-asplos-EPIC-long-4000,F2,prefill_common,7,ff2,GPU,0,0.006918136820938402,0.0069658573458757905,4.7720524937388185e-05,0.007102521234773332
Fugue-asplos-EPIC-long-4000,F2,prefill_common,7,glu,GPU,0,0.0069658573458757905,0.006975587867235981,9.73052136019093e-06,0.00022721298431999996
Fugue-asplos-EPIC-long-4000,F2,prefill_common,7,ff3,GPU,0,0.006975587867235981,0.007022223834788429,4.663596755244755e-05,0.007684106048853332
Fugue-asplos-EPIC-long-4000,F2,prefill_common,7,comm_g2g,GPU,0,0.007022223834788429,0.007022223834788429,0.0,9.0308608e-06
Fugue-asplos-EPIC-long-4000,F2,prefill_common,7,norm2,GPU,0,0.007022223834788429,0.007031027420506806,8.803585718377088e-06,8.492699648e-05
Fugue-asplos-EPIC-long-4000,F2,prefill_common,8,qkv,GPU,0,0.007031027420506806,0.0070791207620452675,4.809334153846154e-05,0.00798523916288
Fugue-asplos-EPIC-long-4000,F2,prefill_attention,8,attention_service,GPU,0,0.0070791207620452675,0.00772300265001382,0.0006438818879685526,0.0092918487424
Fugue-asplos-EPIC-long-4000,F2,prefill_common,8,proj,GPU,0,0.00772300265001382,0.007740491137845988,1.7488487832167832e-05,0.0028991238963199995
Fugue-asplos-EPIC-long-4000,F2,prefill_common,8,comm_g2g,GPU,0,0.007740491137845988,0.007740491137845988,0.0,9.0308608e-06
Fugue-asplos-EPIC-long-4000,F2,prefill_common,8,norm1,GPU,0,0.007740491137845988,0.007749294723564365,8.803585718377088e-06,8.492699648e-05
Fugue-asplos-EPIC-long-4000,F2,prefill_common,8,ff1,GPU,0,0.007749294723564365,0.007797015248501753,4.7720524937388185e-05,0.007102521234773332
Fugue-asplos-EPIC-long-4000,F2,prefill_common,8,ff2,GPU,0,0.007797015248501753,0.007844735773439141,4.7720524937388185e-05,0.007102521234773332
Fugue-asplos-EPIC-long-4000,F2,prefill_common,8,glu,GPU,0,0.007844735773439141,0.007854466294799332,9.73052136019093e-06,0.00022721298431999996
Fugue-asplos-EPIC-long-4000,F2,prefill_common,8,ff3,GPU,0,0.007854466294799332,0.00790110226235178,4.663596755244755e-05,0.007684106048853332
Fugue-asplos-EPIC-long-4000,F2,prefill_common,8,comm_g2g,GPU,0,0.00790110226235178,0.00790110226235178,0.0,9.0308608e-06
Fugue-asplos-EPIC-long-4000,F2,prefill_common,8,norm2,GPU,0,0.00790110226235178,0.007909905848070156,8.803585718377088e-06,8.492699648e-05
Fugue-asplos-EPIC-long-4000,F2,prefill_common,9,qkv,GPU,0,0.007909905848070156,0.007957999189608617,4.809334153846154e-05,0.00798523916288
Fugue-asplos-EPIC-long-4000,F2,prefill_attention,9,attention_service,GPU,0,0.007957999189608617,0.008601881077577169,0.0006438818879685526,0.0092918487424
Fugue-asplos-EPIC-long-4000,F2,prefill_common,9,proj,GPU,0,0.008601881077577169,0.008619369565409337,1.7488487832167832e-05,0.0028991238963199995
Fugue-asplos-EPIC-long-4000,F2,prefill_common,9,comm_g2g,GPU,0,0.008619369565409337,0.008619369565409337,0.0,9.0308608e-06
Fugue-asplos-EPIC-long-4000,F2,prefill_common,9,norm1,GPU,0,0.008619369565409337,0.008628173151127714,8.803585718377088e-06,8.492699648e-05
Fugue-asplos-EPIC-long-4000,F2,prefill_common,9,ff1,GPU,0,0.008628173151127714,0.008675893676065102,4.7720524937388185e-05,0.007102521234773332
Fugue-asplos-EPIC-long-4000,F2,prefill_common,9,ff2,GPU,0,0.008675893676065102,0.00872361420100249,4.7720524937388185e-05,0.007102521234773332
Fugue-asplos-EPIC-long-4000,F2,prefill_common,9,glu,GPU,0,0.00872361420100249,0.00873334472236268,9.73052136019093e-06,0.00022721298431999996
Fugue-asplos-EPIC-long-4000,F2,prefill_common,9,ff3,GPU,0,0.00873334472236268,0.008779980689915128,4.663596755244755e-05,0.007684106048853332
Fugue-asplos-EPIC-long-4000,F2,prefill_common,9,comm_g2g,GPU,0,0.008779980689915128,0.008779980689915128,0.0,9.0308608e-06
Fugue-asplos-EPIC-long-4000,F2,prefill_common,9,norm2,GPU,0,0.008779980689915128,0.008788784275633505,8.803585718377088e-06,8.492699648e-05
Fugue-asplos-EPIC-long-4000,F2,prefill_common,10,qkv,GPU,0,0.008788784275633505,0.008836877617171966,4.809334153846154e-05,0.00798523916288
Fugue-asplos-EPIC-long-4000,F2,prefill_attention,10,attention_service,GPU,0,0.008836877617171966,0.009480759505140518,0.0006438818879685526,0.0092918487424
Fugue-asplos-EPIC-long-4000,F2,prefill_common,10,proj,GPU,0,0.009480759505140518,0.009498247992972686,1.7488487832167832e-05,0.0028991238963199995
Fugue-asplos-EPIC-long-4000,F2,prefill_common,10,comm_g2g,GPU,0,0.009498247992972686,0.009498247992972686,0.0,9.0308608e-06
Fugue-asplos-EPIC-long-4000,F2,prefill_common,10,norm1,GPU,0,0.009498247992972686,0.009507051578691063,8.803585718377088e-06,8.492699648e-05
Fugue-asplos-EPIC-long-4000,F2,prefill_common,10,ff1,GPU,0,0.009507051578691063,0.009554772103628451,4.7720524937388185e-05,0.007102521234773332
Fugue-asplos-EPIC-long-4000,F2,prefill_common,10,ff2,GPU,0,0.009554772103628451,0.009602492628565839,4.7720524937388185e-05,0.007102521234773332
Fugue-asplos-EPIC-long-4000,F2,prefill_common,10,glu,GPU,0,0.009602492628565839,0.00961222314992603,9.73052136019093e-06,0.00022721298431999996
Fugue-asplos-EPIC-long-4000,F2,prefill_common,10,ff3,GPU,0,0.00961222314992603,0.009658859117478477,4.663596755244755e-05,0.007684106048853332
Fugue-asplos-EPIC-long-4000,F2,prefill_common,10,comm_g2g,GPU,0,0.009658859117478477,0.009658859117478477,0.0,9.0308608e-06
Fugue-asplos-EPIC-long-4000,F2,prefill_common,10,norm2,GPU,0,0.009658859117478477,0.009667662703196854,8.803585718377088e-06,8.492699648e-05
Fugue-asplos-EPIC-long-4000,F2,prefill_common,11,qkv,GPU,0,0.009667662703196854,0.009715756044735315,4.809334153846154e-05,0.00798523916288
Fugue-asplos-EPIC-long-4000,F2,prefill_attention,11,attention_service,GPU,0,0.009715756044735315,0.010359637932703867,0.0006438818879685526,0.0092918487424
Fugue-asplos-EPIC-long-4000,F2,prefill_common,11,proj,GPU,0,0.010359637932703867,0.010377126420536035,1.7488487832167832e-05,0.0028991238963199995
Fugue-asplos-EPIC-long-4000,F2,prefill_common,11,comm_g2g,GPU,0,0.010377126420536035,0.010377126420536035,0.0,9.0308608e-06
Fugue-asplos-EPIC-long-4000,F2,prefill_common,11,norm1,GPU,0,0.010377126420536035,0.010385930006254412,8.803585718377088e-06,8.492699648e-05
Fugue-asplos-EPIC-long-4000,F2,prefill_common,11,ff1,GPU,0,0.010385930006254412,0.0104336505311918,4.7720524937388185e-05,0.007102521234773332
Fugue-asplos-EPIC-long-4000,F2,prefill_common,11,ff2,GPU,0,0.0104336505311918,0.010481371056129188,4.7720524937388185e-05,0.007102521234773332
Fugue-asplos-EPIC-long-4000,F2,prefill_common,11,glu,GPU,0,0.010481371056129188,0.010491101577489378,9.73052136019093e-06,0.00022721298431999996
Fugue-asplos-EPIC-long-4000,F2,prefill_common,11,ff3,GPU,0,0.010491101577489378,0.010537737545041826,4.663596755244755e-05,0.007684106048853332
Fugue-asplos-EPIC-long-4000,F2,prefill_common,11,comm_g2g,GPU,0,0.010537737545041826,0.010537737545041826,0.0,9.0308608e-06
Fugue-asplos-EPIC-long-4000,F2,prefill_common,11,norm2,GPU,0,0.010537737545041826,0.010546541130760203,8.803585718377088e-06,8.492699648e-05
Fugue-asplos-EPIC-long-4000,F2,prefill_common,12,qkv,GPU,0,0.010546541130760203,0.010594634472298664,4.809334153846154e-05,0.00798523916288
Fugue-asplos-EPIC-long-4000,F2,prefill_attention,12,attention_service,GPU,0,0.010594634472298664,0.011238516360267216,0.0006438818879685526,0.0092918487424
Fugue-asplos-EPIC-long-4000,F2,prefill_common,12,proj,GPU,0,0.011238516360267216,0.011256004848099384,1.7488487832167832e-05,0.0028991238963199995
Fugue-asplos-EPIC-long-4000,F2,prefill_common,12,comm_g2g,GPU,0,0.011256004848099384,0.011256004848099384,0.0,9.0308608e-06
Fugue-asplos-EPIC-long-4000,F2,prefill_common,12,norm1,GPU,0,0.011256004848099384,0.01126480843381776,8.803585718377088e-06,8.492699648e-05
Fugue-asplos-EPIC-long-4000,F2,prefill_common,12,ff1,GPU,0,0.01126480843381776,0.011312528958755149,4.7720524937388185e-05,0.007102521234773332
Fugue-asplos-EPIC-long-4000,F2,prefill_common,12,ff2,GPU,0,0.011312528958755149,0.011360249483692537,4.7720524937388185e-05,0.007102521234773332
Fugue-asplos-EPIC-long-4000,F2,prefill_common,12,glu,GPU,0,0.011360249483692537,0.011369980005052727,9.73052136019093e-06,0.00022721298431999996
Fugue-asplos-EPIC-long-4000,F2,prefill_common,12,ff3,GPU,0,0.011369980005052727,0.011416615972605175,4.663596755244755e-05,0.007684106048853332
Fugue-asplos-EPIC-long-4000,F2,prefill_common,12,comm_g2g,GPU,0,0.011416615972605175,0.011416615972605175,0.0,9.0308608e-06
Fugue-asplos-EPIC-long-4000,F2,prefill_common,12,norm2,GPU,0,0.011416615972605175,0.011425419558323551,8.803585718377088e-06,8.492699648e-05
Fugue-asplos-EPIC-long-4000,F2,prefill_common,13,qkv,GPU,0,0.011425419558323551,0.011473512899862013,4.809334153846154e-05,0.00798523916288
Fugue-asplos-EPIC-long-4000,F2,prefill_attention,13,attention_service,GPU,0,0.011473512899862013,0.012117394787830565,0.0006438818879685526,0.0092918487424
Fugue-asplos-EPIC-long-4000,F2,prefill_common,13,proj,GPU,0,0.012117394787830565,0.012134883275662733,1.7488487832167832e-05,0.0028991238963199995
Fugue-asplos-EPIC-long-4000,F2,prefill_common,13,comm_g2g,GPU,0,0.012134883275662733,0.012134883275662733,0.0,9.0308608e-06
Fugue-asplos-EPIC-long-4000,F2,prefill_common,13,norm1,GPU,0,0.012134883275662733,0.01214368686138111,8.803585718377088e-06,8.492699648e-05
Fugue-asplos-EPIC-long-4000,F2,prefill_common,13,ff1,GPU,0,0.01214368686138111,0.012191407386318498,4.7720524937388185e-05,0.007102521234773332
Fugue-asplos-EPIC-long-4000,F2,prefill_common,13,ff2,GPU,0,0.012191407386318498,0.012239127911255886,4.7720524937388185e-05,0.007102521234773332
Fugue-asplos-EPIC-long-4000,F2,prefill_common,13,glu,GPU,0,0.012239127911255886,0.012248858432616076,9.73052136019093e-06,0.00022721298431999996
Fugue-asplos-EPIC-long-4000,F2,prefill_common,13,ff3,GPU,0,0.012248858432616076,0.012295494400168524,4.663596755244755e-05,0.007684106048853332
Fugue-asplos-EPIC-long-4000,F2,prefill_common,13,comm_g2g,GPU,0,0.012295494400168524,0.012295494400168524,0.0,9.0308608e-06
Fugue-asplos-EPIC-long-4000,F2,prefill_common,13,norm2,GPU,0,0.012295494400168524,0.0123042979858869,8.803585718377088e-06,8.492699648e-05
Fugue-asplos-EPIC-long-4000,F2,prefill_common,14,qkv,GPU,0,0.0123042979858869,0.012352391327425362,4.809334153846154e-05,0.00798523916288
Fugue-asplos-EPIC-long-4000,F2,prefill_attention,14,attention_service,GPU,0,0.012352391327425362,0.012996273215393914,0.0006438818879685526,0.0092918487424
Fugue-asplos-EPIC-long-4000,F2,prefill_common,14,proj,GPU,0,0.012996273215393914,0.013013761703226082,1.7488487832167832e-05,0.0028991238963199995
Fugue-asplos-EPIC-long-4000,F2,prefill_common,14,comm_g2g,GPU,0,0.013013761703226082,0.013013761703226082,0.0,9.0308608e-06
Fugue-asplos-EPIC-long-4000,F2,prefill_common,14,norm1,GPU,0,0.013013761703226082,0.013022565288944458,8.803585718377088e-06,8.492699648e-05
Fugue-asplos-EPIC-long-4000,F2,prefill_common,14,ff1,GPU,0,0.013022565288944458,0.013070285813881847,4.7720524937388185e-05,0.007102521234773332
Fugue-asplos-EPIC-long-4000,F2,prefill_common,14,ff2,GPU,0,0.013070285813881847,0.013118006338819235,4.7720524937388185e-05,0.007102521234773332
Fugue-asplos-EPIC-long-4000,F2,prefill_common,14,glu,GPU,0,0.013118006338819235,0.013127736860179425,9.73052136019093e-06,0.00022721298431999996
Fugue-asplos-EPIC-long-4000,F2,prefill_common,14,ff3,GPU,0,0.013127736860179425,0.013174372827731873,4.663596755244755e-05,0.007684106048853332
Fugue-asplos-EPIC-long-4000,F2,prefill_common,14,comm_g2g,GPU,0,0.013174372827731873,0.013174372827731873,0.0,9.0308608e-06
Fugue-asplos-EPIC-long-4000,F2,prefill_common,14,norm2,GPU,0,0.013174372827731873,0.01318317641345025,8.803585718377088e-06,8.492699648e-05
Fugue-asplos-EPIC-long-4000,F2,prefill_common,15,qkv,GPU,0,0.01318317641345025,0.01323126975498871,4.809334153846154e-05,0.00798523916288
Fugue-asplos-EPIC-long-4000,F2,prefill_attention,15,attention_service,GPU,0,0.01323126975498871,0.013875151642957263,0.0006438818879685526,0.0092918487424
Fugue-asplos-EPIC-long-4000,F2,prefill_common,15,proj,GPU,0,0.013875151642957263,0.013892640130789431,1.7488487832167832e-05,0.0028991238963199995
Fugue-asplos-EPIC-long-4000,F2,prefill_common,15,comm_g2g,GPU,0,0.013892640130789431,0.013892640130789431,0.0,9.0308608e-06
Fugue-asplos-EPIC-long-4000,F2,prefill_common,15,norm1,GPU,0,0.013892640130789431,0.013901443716507807,8.803585718377088e-06,8.492699648e-05
Fugue-asplos-EPIC-long-4000,F2,prefill_common,15,ff1,GPU,0,0.013901443716507807,0.013949164241445195,4.7720524937388185e-05,0.007102521234773332
Fugue-asplos-EPIC-long-4000,F2,prefill_common,15,ff2,GPU,0,0.013949164241445195,0.013996884766382583,4.7720524937388185e-05,0.007102521234773332
Fugue-asplos-EPIC-long-4000,F2,prefill_common,15,glu,GPU,0,0.013996884766382583,0.014006615287742774,9.73052136019093e-06,0.00022721298431999996
Fugue-asplos-EPIC-long-4000,F2,prefill_common,15,ff3,GPU,0,0.014006615287742774,0.014053251255295222,4.663596755244755e-05,0.007684106048853332
Fugue-asplos-EPIC-long-4000,F2,prefill_common,15,comm_g2g,GPU,0,0.014053251255295222,0.014053251255295222,0.0,9.0308608e-06
Fugue-asplos-EPIC-long-4000,F2,prefill_common,15,norm2,GPU,0,0.014053251255295222,0.014062054841013598,8.803585718377088e-06,8.492699648e-05
Fugue-asplos-EPIC-long-4000,F2,prefill_common,16,qkv,GPU,0,0.014062054841013598,0.01411014818255206,4.809334153846154e-05,0.00798523916288
Fugue-asplos-EPIC-long-4000,F2,prefill_attention,16,attention_service,GPU,0,0.01411014818255206,0.014754030070520611,0.0006438818879685526,0.0092918487424
Fugue-asplos-EPIC-long-4000,F2,prefill_common,16,proj,GPU,0,0.014754030070520611,0.01477151855835278,1.7488487832167832e-05,0.0028991238963199995
Fugue-asplos-EPIC-long-4000,F2,prefill_common,16,comm_g2g,GPU,0,0.01477151855835278,0.01477151855835278,0.0,9.0308608e-06
Fugue-asplos-EPIC-long-4000,F2,prefill_common,16,norm1,GPU,0,0.01477151855835278,0.014780322144071156,8.803585718377088e-06,8.492699648e-05
Fugue-asplos-EPIC-long-4000,F2,prefill_common,16,ff1,GPU,0,0.014780322144071156,0.014828042669008544,4.7720524937388185e-05,0.007102521234773332
Fugue-asplos-EPIC-long-4000,F2,prefill_common,16,ff2,GPU,0,0.014828042669008544,0.014875763193945932,4.7720524937388185e-05,0.007102521234773332
Fugue-asplos-EPIC-long-4000,F2,prefill_common,16,glu,GPU,0,0.014875763193945932,0.014885493715306123,9.73052136019093e-06,0.00022721298431999996
Fugue-asplos-EPIC-long-4000,F2,prefill_common,16,ff3,GPU,0,0.014885493715306123,0.01493212968285857,4.663596755244755e-05,0.007684106048853332
Fugue-asplos-EPIC-long-4000,F2,prefill_common,16,comm_g2g,GPU,0,0.01493212968285857,0.01493212968285857,0.0,9.0308608e-06
Fugue-asplos-EPIC-long-4000,F2,prefill_common,16,norm2,GPU,0,0.01493212968285857,0.014940933268576947,8.803585718377088e-06,8.492699648e-05
Fugue-asplos-EPIC-long-4000,F2,prefill_common,17,qkv,GPU,0,0.014940933268576947,0.014989026610115409,4.809334153846154e-05,0.00798523916288
Fugue-asplos-EPIC-long-4000,F2,prefill_attention,17,attention_service,GPU,0,0.014989026610115409,0.01563290849808396,0.0006438818879685526,0.0092918487424
Fugue-asplos-EPIC-long-4000,F2,prefill_common,17,proj,GPU,0,0.01563290849808396,0.015650396985916127,1.7488487832167832e-05,0.0028991238963199995
Fugue-asplos-EPIC-long-4000,F2,prefill_common,17,comm_g2g,GPU,0,0.015650396985916127,0.015650396985916127,0.0,9.0308608e-06
Fugue-asplos-EPIC-long-4000,F2,prefill_common,17,norm1,GPU,0,0.015650396985916127,0.015659200571634505,8.803585718377088e-06,8.492699648e-05
Fugue-asplos-EPIC-long-4000,F2,prefill_common,17,ff1,GPU,0,0.015659200571634505,0.015706921096571895,4.7720524937388185e-05,0.007102521234773332
Fugue-asplos-EPIC-long-4000,F2,prefill_common,17,ff2,GPU,0,0.015706921096571895,0.015754641621509285,4.7720524937388185e-05,0.007102521234773332
Fugue-asplos-EPIC-long-4000,F2,prefill_common,17,glu,GPU,0,0.015754641621509285,0.015764372142869475,9.73052136019093e-06,0.00022721298431999996
Fugue-asplos-EPIC-long-4000,F2,prefill_common,17,ff3,GPU,0,0.015764372142869475,0.015811008110421923,4.663596755244755e-05,0.007684106048853332
Fugue-asplos-EPIC-long-4000,F2,prefill_common,17,comm_g2g,GPU,0,0.015811008110421923,0.015811008110421923,0.0,9.0308608e-06
Fugue-asplos-EPIC-long-4000,F2,prefill_common,17,norm2,GPU,0,0.015811008110421923,0.0158198116961403,8.803585718377088e-06,8.492699648e-05
Fugue-asplos-EPIC-long-4000,F2,prefill_common,18,qkv,GPU,0,0.0158198116961403,0.015867905037678764,4.809334153846154e-05,0.00798523916288
Fugue-asplos-EPIC-long-4000,F2,prefill_attention,18,attention_service,GPU,0,0.015867905037678764,0.016511786925647316,0.0006438818879685526,0.0092918487424
Fugue-asplos-EPIC-long-4000,F2,prefill_common,18,proj,GPU,0,0.016511786925647316,0.016529275413479483,1.7488487832167832e-05,0.0028991238963199995
Fugue-asplos-EPIC-long-4000,F2,prefill_common,18,comm_g2g,GPU,0,0.016529275413479483,0.016529275413479483,0.0,9.0308608e-06
Fugue-asplos-EPIC-long-4000,F2,prefill_common,18,norm1,GPU,0,0.016529275413479483,0.01653807899919786,8.803585718377088e-06,8.492699648e-05
Fugue-asplos-EPIC-long-4000,F2,prefill_common,18,ff1,GPU,0,0.01653807899919786,0.01658579952413525,4.7720524937388185e-05,0.007102521234773332
Fugue-asplos-EPIC-long-4000,F2,prefill_common,18,ff2,GPU,0,0.01658579952413525,0.01663352004907264,4.7720524937388185e-05,0.007102521234773332
Fugue-asplos-EPIC-long-4000,F2,prefill_common,18,glu,GPU,0,0.01663352004907264,0.01664325057043283,9.73052136019093e-06,0.00022721298431999996
Fugue-asplos-EPIC-long-4000,F2,prefill_common,18,ff3,GPU,0,0.01664325057043283,0.01668988653798528,4.663596755244755e-05,0.007684106048853332
Fugue-asplos-EPIC-long-4000,F2,prefill_common,18,comm_g2g,GPU,0,0.01668988653798528,0.01668988653798528,0.0,9.0308608e-06
Fugue-asplos-EPIC-long-4000,F2,prefill_common,18,norm2,GPU,0,0.01668988653798528,0.016698690123703657,8.803585718377088e-06,8.492699648e-05
Fugue-asplos-EPIC-long-4000,F2,prefill_common,19,qkv,GPU,0,0.016698690123703657,0.01674678346524212,4.809334153846154e-05,0.00798523916288
Fugue-asplos-EPIC-long-4000,F2,prefill_attention,19,attention_service,GPU,0,0.01674678346524212,0.017390665353210672,0.0006438818879685526,0.0092918487424
Fugue-asplos-EPIC-long-4000,F2,prefill_common,19,proj,GPU,0,0.017390665353210672,0.01740815384104284,1.7488487832167832e-05,0.0028991238963199995
Fugue-asplos-EPIC-long-4000,F2,prefill_common,19,comm_g2g,GPU,0,0.01740815384104284,0.01740815384104284,0.0,9.0308608e-06
Fugue-asplos-EPIC-long-4000,F2,prefill_common,19,norm1,GPU,0,0.01740815384104284,0.017416957426761217,8.803585718377088e-06,8.492699648e-05
Fugue-asplos-EPIC-long-4000,F2,prefill_common,19,ff1,GPU,0,0.017416957426761217,0.017464677951698607,4.7720524937388185e-05,0.007102521234773332
Fugue-asplos-EPIC-long-4000,F2,prefill_common,19,ff2,GPU,0,0.017464677951698607,0.017512398476635996,4.7720524937388185e-05,0.007102521234773332
Fugue-asplos-EPIC-long-4000,F2,prefill_common,19,glu,GPU,0,0.017512398476635996,0.017522128997996187,9.73052136019093e-06,0.00022721298431999996
Fugue-asplos-EPIC-long-4000,F2,prefill_common,19,ff3,GPU,0,0.017522128997996187,0.017568764965548635,4.663596755244755e-05,0.007684106048853332
Fugue-asplos-EPIC-long-4000,F2,prefill_common,19,comm_g2g,GPU,0,0.017568764965548635,0.017568764965548635,0.0,9.0308608e-06
Fugue-asplos-EPIC-long-4000,F2,prefill_common,19,norm2,GPU,0,0.017568764965548635,0.017577568551267013,8.803585718377088e-06,8.492699648e-05
Fugue-asplos-EPIC-long-4000,F2,prefill_common,20,qkv,GPU,0,0.017577568551267013,0.017625661892805476,4.809334153846154e-05,0.00798523916288
Fugue-asplos-EPIC-long-4000,F2,prefill_attention,20,attention_service,GPU,0,0.017625661892805476,0.018269543780774028,0.0006438818879685526,0.0092918487424
Fugue-asplos-EPIC-long-4000,F2,prefill_common,20,proj,GPU,0,0.018269543780774028,0.018287032268606195,1.7488487832167832e-05,0.0028991238963199995
Fugue-asplos-EPIC-long-4000,F2,prefill_common,20,comm_g2g,GPU,0,0.018287032268606195,0.018287032268606195,0.0,9.0308608e-06
Fugue-asplos-EPIC-long-4000,F2,prefill_common,20,norm1,GPU,0,0.018287032268606195,0.018295835854324573,8.803585718377088e-06,8.492699648e-05
Fugue-asplos-EPIC-long-4000,F2,prefill_common,20,ff1,GPU,0,0.018295835854324573,0.018343556379261963,4.7720524937388185e-05,0.007102521234773332
Fugue-asplos-EPIC-long-4000,F2,prefill_common,20,ff2,GPU,0,0.018343556379261963,0.018391276904199352,4.7720524937388185e-05,0.007102521234773332
Fugue-asplos-EPIC-long-4000,F2,prefill_common,20,glu,GPU,0,0.018391276904199352,0.018401007425559543,9.73052136019093e-06,0.00022721298431999996
Fugue-asplos-EPIC-long-4000,F2,prefill_common,20,ff3,GPU,0,0.018401007425559543,0.01844764339311199,4.663596755244755e-05,0.007684106048853332
Fugue-asplos-EPIC-long-4000,F2,prefill_common,20,comm_g2g,GPU,0,0.01844764339311199,0.01844764339311199,0.0,9.0308608e-06
Fugue-asplos-EPIC-long-4000,F2,prefill_common,20,norm2,GPU,0,0.01844764339311199,0.01845644697883037,8.803585718377088e-06,8.492699648e-05
Fugue-asplos-EPIC-long-4000,F2,prefill_common,21,qkv,GPU,0,0.01845644697883037,0.018504540320368832,4.809334153846154e-05,0.00798523916288
Fugue-asplos-EPIC-long-4000,F2,prefill_attention,21,attention_service,GPU,0,0.018504540320368832,0.019148422208337384,0.0006438818879685526,0.0092918487424
Fugue-asplos-EPIC-long-4000,F2,prefill_common,21,proj,GPU,0,0.019148422208337384,0.01916591069616955,1.7488487832167832e-05,0.0028991238963199995
Fugue-asplos-EPIC-long-4000,F2,prefill_common,21,comm_g2g,GPU,0,0.01916591069616955,0.01916591069616955,0.0,9.0308608e-06
Fugue-asplos-EPIC-long-4000,F2,prefill_common,21,norm1,GPU,0,0.01916591069616955,0.01917471428188793,8.803585718377088e-06,8.492699648e-05
Fugue-asplos-EPIC-long-4000,F2,prefill_common,21,ff1,GPU,0,0.01917471428188793,0.01922243480682532,4.7720524937388185e-05,0.007102521234773332
Fugue-asplos-EPIC-long-4000,F2,prefill_common,21,ff2,GPU,0,0.01922243480682532,0.019270155331762708,4.7720524937388185e-05,0.007102521234773332
Fugue-asplos-EPIC-long-4000,F2,prefill_common,21,glu,GPU,0,0.019270155331762708,0.0192798858531229,9.73052136019093e-06,0.00022721298431999996
Fugue-asplos-EPIC-long-4000,F2,prefill_common,21,ff3,GPU,0,0.0192798858531229,0.019326521820675346,4.663596755244755e-05,0.007684106048853332
Fugue-asplos-EPIC-long-4000,F2,prefill_common,21,comm_g2g,GPU,0,0.019326521820675346,0.019326521820675346,0.0,9.0308608e-06
Fugue-asplos-EPIC-long-4000,F2,prefill_common,21,norm2,GPU,0,0.019326521820675346,0.019335325406393725,8.803585718377088e-06,8.492699648e-05
Fugue-asplos-EPIC-long-4000,F2,prefill_common,22,qkv,GPU,0,0.019335325406393725,0.019383418747932188,4.809334153846154e-05,0.00798523916288
Fugue-asplos-EPIC-long-4000,F2,prefill_attention,22,attention_service,GPU,0,0.019383418747932188,0.02002730063590074,0.0006438818879685526,0.0092918487424
Fugue-asplos-EPIC-long-4000,F2,prefill_common,22,proj,GPU,0,0.02002730063590074,0.020044789123732906,1.7488487832167832e-05,0.0028991238963199995
Fugue-asplos-EPIC-long-4000,F2,prefill_common,22,comm_g2g,GPU,0,0.020044789123732906,0.020044789123732906,0.0,9.0308608e-06
Fugue-asplos-EPIC-long-4000,F2,prefill_common,22,norm1,GPU,0,0.020044789123732906,0.020053592709451284,8.803585718377088e-06,8.492699648e-05
Fugue-asplos-EPIC-long-4000,F2,prefill_common,22,ff1,GPU,0,0.020053592709451284,0.020101313234388674,4.7720524937388185e-05,0.007102521234773332
Fugue-asplos-EPIC-long-4000,F2,prefill_common,22,ff2,GPU,0,0.020101313234388674,0.020149033759326064,4.7720524937388185e-05,0.007102521234773332
Fugue-asplos-EPIC-long-4000,F2,prefill_common,22,glu,GPU,0,0.020149033759326064,0.020158764280686255,9.73052136019093e-06,0.00022721298431999996
Fugue-asplos-EPIC-long-4000,F2,prefill_common,22,ff3,GPU,0,0.020158764280686255,0.020205400248238702,4.663596755244755e-05,0.007684106048853332
Fugue-asplos-EPIC-long-4000,F2,prefill_common,22,comm_g2g,GPU,0,0.020205400248238702,0.020205400248238702,0.0,9.0308608e-06
Fugue-asplos-EPIC-long-4000,F2,prefill_common,22,norm2,GPU,0,0.020205400248238702,0.02021420383395708,8.803585718377088e-06,8.492699648e-05
Fugue-asplos-EPIC-long-4000,F2,prefill_common,23,qkv,GPU,0,0.02021420383395708,0.020262297175495544,4.809334153846154e-05,0.00798523916288
Fugue-asplos-EPIC-long-4000,F2,prefill_attention,23,attention_service,GPU,0,0.020262297175495544,0.020906179063464096,0.0006438818879685526,0.0092918487424
Fugue-asplos-EPIC-long-4000,F2,prefill_common,23,proj,GPU,0,0.020906179063464096,0.020923667551296262,1.7488487832167832e-05,0.0028991238963199995
Fugue-asplos-EPIC-long-4000,F2,prefill_common,23,comm_g2g,GPU,0,0.020923667551296262,0.020923667551296262,0.0,9.0308608e-06
Fugue-asplos-EPIC-long-4000,F2,prefill_common,23,norm1,GPU,0,0.020923667551296262,0.02093247113701464,8.803585718377088e-06,8.492699648e-05
Fugue-asplos-EPIC-long-4000,F2,prefill_common,23,ff1,GPU,0,0.02093247113701464,0.02098019166195203,4.7720524937388185e-05,0.007102521234773332
Fugue-asplos-EPIC-long-4000,F2,prefill_common,23,ff2,GPU,0,0.02098019166195203,0.02102791218688942,4.7720524937388185e-05,0.007102521234773332
Fugue-asplos-EPIC-long-4000,F2,prefill_common,23,glu,GPU,0,0.02102791218688942,0.02103764270824961,9.73052136019093e-06,0.00022721298431999996
Fugue-asplos-EPIC-long-4000,F2,prefill_common,23,ff3,GPU,0,0.02103764270824961,0.021084278675802058,4.663596755244755e-05,0.007684106048853332
Fugue-asplos-EPIC-long-4000,F2,prefill_common,23,comm_g2g,GPU,0,0.021084278675802058,0.021084278675802058,0.0,9.0308608e-06
Fugue-asplos-EPIC-long-4000,F2,prefill_common,23,norm2,GPU,0,0.021084278675802058,0.021093082261520436,8.803585718377088e-06,8.492699648e-05
Fugue-asplos-EPIC-long-4000,F2,prefill_common,24,qkv,GPU,0,0.021093082261520436,0.0211411756030589,4.809334153846154e-05,0.00798523916288
Fugue-asplos-EPIC-long-4000,F2,prefill_attention,24,attention_service,GPU,0,0.0211411756030589,0.02178505749102745,0.0006438818879685526,0.0092918487424
Fugue-asplos-EPIC-long-4000,F2,prefill_common,24,proj,GPU,0,0.02178505749102745,0.021802545978859618,1.7488487832167832e-05,0.0028991238963199995
Fugue-asplos-EPIC-long-4000,F2,prefill_common,24,comm_g2g,GPU,0,0.021802545978859618,0.021802545978859618,0.0,9.0308608e-06
Fugue-asplos-EPIC-long-4000,F2,prefill_common,24,norm1,GPU,0,0.021802545978859618,0.021811349564577996,8.803585718377088e-06,8.492699648e-05
Fugue-asplos-EPIC-long-4000,F2,prefill_common,24,ff1,GPU,0,0.021811349564577996,0.021859070089515386,4.7720524937388185e-05,0.007102521234773332
Fugue-asplos-EPIC-long-4000,F2,prefill_common,24,ff2,GPU,0,0.021859070089515386,0.021906790614452776,4.7720524937388185e-05,0.007102521234773332
Fugue-asplos-EPIC-long-4000,F2,prefill_common,24,glu,GPU,0,0.021906790614452776,0.021916521135812966,9.73052136019093e-06,0.00022721298431999996
Fugue-asplos-EPIC-long-4000,F2,prefill_common,24,ff3,GPU,0,0.021916521135812966,0.021963157103365414,4.663596755244755e-05,0.007684106048853332
Fugue-asplos-EPIC-long-4000,F2,prefill_common,24,comm_g2g,GPU,0,0.021963157103365414,0.021963157103365414,0.0,9.0308608e-06
Fugue-asplos-EPIC-long-4000,F2,prefill_common,24,norm2,GPU,0,0.021963157103365414,0.021971960689083792,8.803585718377088e-06,8.492699648e-05
Fugue-asplos-EPIC-long-4000,F2,prefill_common,25,qkv,GPU,0,0.021971960689083792,0.022020054030622255,4.809334153846154e-05,0.00798523916288
Fugue-asplos-EPIC-long-4000,F2,prefill_attention,25,attention_service,GPU,0,0.022020054030622255,0.022663935918590807,0.0006438818879685526,0.0092918487424
Fugue-asplos-EPIC-long-4000,F2,prefill_common,25,proj,GPU,0,0.022663935918590807,0.022681424406422974,1.7488487832167832e-05,0.0028991238963199995
Fugue-asplos-EPIC-long-4000,F2,prefill_common,25,comm_g2g,GPU,0,0.022681424406422974,0.022681424406422974,0.0,9.0308608e-06
Fugue-asplos-EPIC-long-4000,F2,prefill_common,25,norm1,GPU,0,0.022681424406422974,0.022690227992141352,8.803585718377088e-06,8.492699648e-05
Fugue-asplos-EPIC-long-4000,F2,prefill_common,25,ff1,GPU,0,0.022690227992141352,0.022737948517078742,4.7720524937388185e-05,0.007102521234773332
Fugue-asplos-EPIC-long-4000,F2,prefill_common,25,ff2,GPU,0,0.022737948517078742,0.02278566904201613,4.7720524937388185e-05,0.007102521234773332
Fugue-asplos-EPIC-long-4000,F2,prefill_common,25,glu,GPU,0,0.02278566904201613,0.022795399563376322,9.73052136019093e-06,0.00022721298431999996
Fugue-asplos-EPIC-long-4000,F2,prefill_common,25,ff3,GPU,0,0.022795399563376322,0.02284203553092877,4.663596755244755e-05,0.007684106048853332
Fugue-asplos-EPIC-long-4000,F2,prefill_common,25,comm_g2g,GPU,0,0.02284203553092877,0.02284203553092877,0.0,9.0308608e-06
Fugue-asplos-EPIC-long-4000,F2,prefill_common,25,norm2,GPU,0,0.02284203553092877,0.022850839116647148,8.803585718377088e-06,8.492699648e-05
Fugue-asplos-EPIC-long-4000,F2,prefill_common,26,qkv,GPU,0,0.022850839116647148,0.02289893245818561,4.809334153846154e-05,0.00798523916288
Fugue-asplos-EPIC-long-4000,F2,prefill_attention,26,attention_service,GPU,0,0.02289893245818561,0.023542814346154163,0.0006438818879685526,0.0092918487424
Fugue-asplos-EPIC-long-4000,F2,prefill_common,26,proj,GPU,0,0.023542814346154163,0.02356030283398633,1.7488487832167832e-05,0.0028991238963199995
Fugue-asplos-EPIC-long-4000,F2,prefill_common,26,comm_g2g,GPU,0,0.02356030283398633,0.02356030283398633,0.0,9.0308608e-06
Fugue-asplos-EPIC-long-4000,F2,prefill_common,26,norm1,GPU,0,0.02356030283398633,0.023569106419704708,8.803585718377088e-06,8.492699648e-05
Fugue-asplos-EPIC-long-4000,F2,prefill_common,26,ff1,GPU,0,0.023569106419704708,0.023616826944642098,4.7720524937388185e-05,0.007102521234773332
Fugue-asplos-EPIC-long-4000,F2,prefill_common,26,ff2,GPU,0,0.023616826944642098,0.023664547469579487,4.7720524937388185e-05,0.007102521234773332
Fugue-asplos-EPIC-long-4000,F2,prefill_common,26,glu,GPU,0,0.023664547469579487,0.023674277990939678,9.73052136019093e-06,0.00022721298431999996
Fugue-asplos-EPIC-long-4000,F2,prefill_common,26,ff3,GPU,0,0.023674277990939678,0.023720913958492126,4.663596755244755e-05,0.007684106048853332
Fugue-asplos-EPIC-long-4000,F2,prefill_common,26,comm_g2g,GPU,0,0.023720913958492126,0.023720913958492126,0.0,9.0308608e-06
Fugue-asplos-EPIC-long-4000,F2,prefill_common,26,norm2,GPU,0,0.023720913958492126,0.023729717544210504,8.803585718377088e-06,8.492699648e-05
Fugue-asplos-EPIC-long-4000,F2,prefill_common,27,qkv,GPU,0,0.023729717544210504,0.023777810885748967,4.809334153846154e-05,0.00798523916288
Fugue-asplos-EPIC-long-4000,F2,prefill_attention,27,attention_service,GPU,0,0.023777810885748967,0.02442169277371752,0.0006438818879685526,0.0092918487424
Fugue-asplos-EPIC-long-4000,F2,prefill_common,27,proj,GPU,0,0.02442169277371752,0.024439181261549685,1.7488487832167832e-05,0.0028991238963199995
Fugue-asplos-EPIC-long-4000,F2,prefill_common,27,comm_g2g,GPU,0,0.024439181261549685,0.024439181261549685,0.0,9.0308608e-06
Fugue-asplos-EPIC-long-4000,F2,prefill_common,27,norm1,GPU,0,0.024439181261549685,0.024447984847268064,8.803585718377088e-06,8.492699648e-05
Fugue-asplos-EPIC-long-4000,F2,prefill_common,27,ff1,GPU,0,0.024447984847268064,0.024495705372205454,4.7720524937388185e-05,0.007102521234773332
Fugue-asplos-EPIC-long-4000,F2,prefill_common,27,ff2,GPU,0,0.024495705372205454,0.024543425897142843,4.7720524937388185e-05,0.007102521234773332
Fugue-asplos-EPIC-long-4000,F2,prefill_common,27,glu,GPU,0,0.024543425897142843,0.024553156418503034,9.73052136019093e-06,0.00022721298431999996
Fugue-asplos-EPIC-long-4000,F2,prefill_common,27,ff3,GPU,0,0.024553156418503034,0.02459979238605548,4.663596755244755e-05,0.007684106048853332
Fugue-asplos-EPIC-long-4000,F2,prefill_common,27,comm_g2g,GPU,0,0.02459979238605548,0.02459979238605548,0.0,9.0308608e-06
Fugue-asplos-EPIC-long-4000,F2,prefill_common,27,norm2,GPU,0,0.02459979238605548,0.02460859597177386,8.803585718377088e-06,8.492699648e-05
Fugue-asplos-EPIC-long-4000,F2,prefill_common,28,qkv,GPU,0,0.02460859597177386,0.024656689313312323,4.809334153846154e-05,0.00798523916288
Fugue-asplos-EPIC-long-4000,F2,prefill_attention,28,attention_service,GPU,0,0.024656689313312323,0.025300571201280875,0.0006438818879685526,0.0092918487424
Fugue-asplos-EPIC-long-4000,F2,prefill_common,28,proj,GPU,0,0.025300571201280875,0.02531805968911304,1.7488487832167832e-05,0.0028991238963199995
Fugue-asplos-EPIC-long-4000,F2,prefill_common,28,comm_g2g,GPU,0,0.02531805968911304,0.02531805968911304,0.0,9.0308608e-06
Fugue-asplos-EPIC-long-4000,F2,prefill_common,28,norm1,GPU,0,0.02531805968911304,0.02532686327483142,8.803585718377088e-06,8.492699648e-05
Fugue-asplos-EPIC-long-4000,F2,prefill_common,28,ff1,GPU,0,0.02532686327483142,0.02537458379976881,4.7720524937388185e-05,0.007102521234773332
Fugue-asplos-EPIC-long-4000,F2,prefill_common,28,ff2,GPU,0,0.02537458379976881,0.0254223043247062,4.7720524937388185e-05,0.007102521234773332
Fugue-asplos-EPIC-long-4000,F2,prefill_common,28,glu,GPU,0,0.0254223043247062,0.02543203484606639,9.73052136019093e-06,0.00022721298431999996
Fugue-asplos-EPIC-long-4000,F2,prefill_common,28,ff3,GPU,0,0.02543203484606639,0.025478670813618837,4.663596755244755e-05,0.007684106048853332
Fugue-asplos-EPIC-long-4000,F2,prefill_common,28,comm_g2g,GPU,0,0.025478670813618837,0.025478670813618837,0.0,9.0308608e-06
Fugue-asplos-EPIC-long-4000,F2,prefill_common,28,norm2,GPU,0,0.025478670813618837,0.025487474399337216,8.803585718377088e-06,8.492699648e-05
Fugue-asplos-EPIC-long-4000,F2,prefill_common,29,qkv,GPU,0,0.025487474399337216,0.02553556774087568,4.809334153846154e-05,0.00798523916288
Fugue-asplos-EPIC-long-4000,F2,prefill_attention,29,attention_service,GPU,0,0.02553556774087568,0.02617944962884423,0.0006438818879685526,0.0092918487424
Fugue-asplos-EPIC-long-4000,F2,prefill_common,29,proj,GPU,0,0.02617944962884423,0.026196938116676397,1.7488487832167832e-05,0.0028991238963199995
Fugue-asplos-EPIC-long-4000,F2,prefill_common,29,comm_g2g,GPU,0,0.026196938116676397,0.026196938116676397,0.0,9.0308608e-06
Fugue-asplos-EPIC-long-4000,F2,prefill_common,29,norm1,GPU,0,0.026196938116676397,0.026205741702394775,8.803585718377088e-06,8.492699648e-05
Fugue-asplos-EPIC-long-4000,F2,prefill_common,29,ff1,GPU,0,0.026205741702394775,0.026253462227332165,4.7720524937388185e-05,0.007102521234773332
Fugue-asplos-EPIC-long-4000,F2,prefill_common,29,ff2,GPU,0,0.026253462227332165,0.026301182752269555,4.7720524937388185e-05,0.007102521234773332
Fugue-asplos-EPIC-long-4000,F2,prefill_common,29,glu,GPU,0,0.026301182752269555,0.026310913273629746,9.73052136019093e-06,0.00022721298431999996
Fugue-asplos-EPIC-long-4000,F2,prefill_common,29,ff3,GPU,0,0.026310913273629746,0.026357549241182193,4.663596755244755e-05,0.007684106048853332
Fugue-asplos-EPIC-long-4000,F2,prefill_common,29,comm_g2g,GPU,0,0.026357549241182193,0.026357549241182193,0.0,9.0308608e-06
Fugue-asplos-EPIC-long-4000,F2,prefill_common,29,norm2,GPU,0,0.026357549241182193,0.02636635282690057,8.803585718377088e-06,8.492699648e-05
Fugue-asplos-EPIC-long-4000,F2,prefill_common,30,qkv,GPU,0,0.02636635282690057,0.026414446168439035,4.809334153846154e-05,0.00798523916288
Fugue-asplos-EPIC-long-4000,F2,prefill_attention,30,attention_service,GPU,0,0.026414446168439035,0.027058328056407586,0.0006438818879685526,0.0092918487424
Fugue-asplos-EPIC-long-4000,F2,prefill_common,30,proj,GPU,0,0.027058328056407586,0.027075816544239753,1.7488487832167832e-05,0.0028991238963199995
Fugue-asplos-EPIC-long-4000,F2,prefill_common,30,comm_g2g,GPU,0,0.027075816544239753,0.027075816544239753,0.0,9.0308608e-06
Fugue-asplos-EPIC-long-4000,F2,prefill_common,30,norm1,GPU,0,0.027075816544239753,0.02708462012995813,8.803585718377088e-06,8.492699648e-05
Fugue-asplos-EPIC-long-4000,F2,prefill_common,30,ff1,GPU,0,0.02708462012995813,0.02713234065489552,4.7720524937388185e-05,0.007102521234773332
Fugue-asplos-EPIC-long-4000,F2,prefill_common,30,ff2,GPU,0,0.02713234065489552,0.02718006117983291,4.7720524937388185e-05,0.007102521234773332
Fugue-asplos-EPIC-long-4000,F2,prefill_common,30,glu,GPU,0,0.02718006117983291,0.0271897917011931,9.73052136019093e-06,0.00022721298431999996
Fugue-asplos-EPIC-long-4000,F2,prefill_common,30,ff3,GPU,0,0.0271897917011931,0.02723642766874555,4.663596755244755e-05,0.007684106048853332
Fugue-asplos-EPIC-long-4000,F2,prefill_common,30,comm_g2g,GPU,0,0.02723642766874555,0.02723642766874555,0.0,9.0308608e-06
Fugue-asplos-EPIC-long-4000,F2,prefill_common,30,norm2,GPU,0,0.02723642766874555,0.027245231254463927,8.803585718377088e-06,8.492699648e-05
Fugue-asplos-EPIC-long-4000,F2,prefill_common,31,qkv,GPU,0,0.027245231254463927,0.02729332459600239,4.809334153846154e-05,0.00798523916288
Fugue-asplos-EPIC-long-4000,F2,prefill_attention,31,attention_service,GPU,0,0.02729332459600239,0.027937206483970942,0.0006438818879685526,0.0092918487424
Fugue-asplos-EPIC-long-4000,F2,prefill_common,31,proj,GPU,0,0.027937206483970942,0.02795469497180311,1.7488487832167832e-05,0.0028991238963199995
Fugue-asplos-EPIC-long-4000,F2,prefill_common,31,comm_g2g,GPU,0,0.02795469497180311,0.02795469497180311,0.0,9.0308608e-06
Fugue-asplos-EPIC-long-4000,F2,prefill_common,31,norm1,GPU,0,0.02795469497180311,0.027963498557521487,8.803585718377088e-06,8.492699648e-05
Fugue-asplos-EPIC-long-4000,F2,prefill_common,31,ff1,GPU,0,0.027963498557521487,0.028011219082458877,4.7720524937388185e-05,0.007102521234773332
Fugue-asplos-EPIC-long-4000,F2,prefill_common,31,ff2,GPU,0,0.028011219082458877,0.028058939607396267,4.7720524937388185e-05,0.007102521234773332
Fugue-asplos-EPIC-long-4000,F2,prefill_common,31,glu,GPU,0,0.028058939607396267,0.028068670128756457,9.73052136019093e-06,0.00022721298431999996
Fugue-asplos-EPIC-long-4000,F2,prefill_common,31,ff3,GPU,0,0.028068670128756457,0.028115306096308905,4.663596755244755e-05,0.007684106048853332
Fugue-asplos-EPIC-long-4000,F2,prefill_common,31,comm_g2g,GPU,0,0.028115306096308905,0.028115306096308905,0.0,9.0308608e-06
Fugue-asplos-EPIC-long-4000,F2,prefill_common,31,norm2,GPU,0,0.028115306096308905,0.028124109682027283,8.803585718377088e-06,8.492699648e-05
Fugue-asplos-EPIC-long-4000,F2,decode,all,native_transformer,GPU+PIM,1,0.028124109682027283,0.03374467584652825,0.005620566164500972,0.4363817237651455
Fugue-asplos-EPIC-long-4000,F2,decode,all,native_transformer,GPU+PIM,2,0.03374467584652825,0.03936524201102923,0.005620566164500972,0.4363817665413119
Fugue-asplos-EPIC-long-4000,F2,decode,all,native_transformer,GPU+PIM,3,0.03936524201102923,0.044985808175530204,0.005620566164500972,0.43638180931747833
Fugue-asplos-EPIC-long-4000,F2,decode,all,native_transformer,GPU+PIM,4,0.044985808175530204,0.05060637434003118,0.005620566164500972,0.4363818520936447
Fugue-asplos-EPIC-long-4000,F2,decode,all,native_transformer,GPU+PIM,5,0.05060637434003118,0.05622787560853215,0.0056215012685009716,0.4364222650458111
Fugue-asplos-EPIC-long-4000,F2,decode,all,native_transformer,GPU+PIM,6,0.05622787560853215,0.061849376877033124,0.0056215012685009716,0.4364223078219775
Fugue-asplos-EPIC-long-4000,F2,decode,all,native_transformer,GPU+PIM,7,0.061849376877033124,0.0674708781455341,0.0056215012685009716,0.43642235059814394
Fugue-asplos-EPIC-long-4000,F2,decode,all,native_transformer,GPU+PIM,8,0.0674708781455341,0.07309237941403507,0.0056215012685009716,0.43642239337431027
Fugue-asplos-EPIC-long-4000,F2,decode,all,native_transformer,GPU+PIM,9,0.07309237941403507,0.07871388068253604,0.0056215012685009716,0.43642243615047666
Fugue-asplos-EPIC-long-4000,F2,decode,all,native_transformer,GPU+PIM,10,0.07871388068253604,0.08433538195103701,0.0056215012685009716,0.4364224789266431
Fugue-asplos-EPIC-long-4000,F2,decode,all,native_transformer,GPU+PIM,11,0.08433538195103701,0.08995688321953799,0.0056215012685009716,0.4364225217028095
Fugue-asplos-EPIC-long-4000,F2,decode,all,native_transformer,GPU+PIM,12,0.08995688321953799,0.09557838448803896,0.0056215012685009716,0.43642256447897587
Fugue-asplos-EPIC-long-4000,F2,decode,all,native_transformer,GPU+PIM,13,0.09557838448803896,0.10119988575653993,0.0056215012685009716,0.43642260725514226
Fugue-asplos-EPIC-long-4000,F2,decode,all,native_transformer,GPU+PIM,14,0.10119988575653993,0.1068213870250409,0.0056215012685009716,0.4364226500313087
Fugue-asplos-EPIC-long-4000,F2,decode,all,native_transformer,GPU+PIM,15,0.1068213870250409,0.11244288829354188,0.0056215012685009716,0.4364226928074751
Fugue-asplos-EPIC-long-4000,F3,prefill_common,0,qkv,GPU,0,0.0,4.809334153846154e-05,4.809334153846154e-05,0.00798523916288
Fugue-asplos-EPIC-long-4000,F3,prefill_attention,0,attention_service,GPU,0,4.809334153846154e-05,0.0004719927228403475,0.00042389938130188594,0.008623565043199999
Fugue-asplos-EPIC-long-4000,F3,prefill_common,0,proj,GPU,0,0.0004719927228403475,0.0004894812106725153,1.7488487832167832e-05,0.0028991238963199995
Fugue-asplos-EPIC-long-4000,F3,prefill_common,0,comm_g2g,GPU,0,0.0004894812106725153,0.0004894812106725153,0.0,9.0308608e-06
Fugue-asplos-EPIC-long-4000,F3,prefill_common,0,norm1,GPU,0,0.0004894812106725153,0.0004982847963908923,8.803585718377088e-06,8.492699648e-05
Fugue-asplos-EPIC-long-4000,F3,prefill_common,0,ff1,GPU,0,0.0004982847963908923,0.0005460053213282805,4.7720524937388185e-05,0.007102521234773332
Fugue-asplos-EPIC-long-4000,F3,prefill_common,0,ff2,GPU,0,0.0005460053213282805,0.0005937258462656687,4.7720524937388185e-05,0.007102521234773332
Fugue-asplos-EPIC-long-4000,F3,prefill_common,0,glu,GPU,0,0.0005937258462656687,0.0006034563676258596,9.73052136019093e-06,0.00022721298431999996
Fugue-asplos-EPIC-long-4000,F3,prefill_common,0,ff3,GPU,0,0.0006034563676258596,0.0006500923351783071,4.663596755244755e-05,0.007684106048853332
Fugue-asplos-EPIC-long-4000,F3,prefill_common,0,comm_g2g,GPU,0,0.0006500923351783071,0.0006500923351783071,0.0,9.0308608e-06
Fugue-asplos-EPIC-long-4000,F3,prefill_common,0,norm2,GPU,0,0.0006500923351783071,0.0006588959208966842,8.803585718377088e-06,8.492699648e-05
Fugue-asplos-EPIC-long-4000,F3,prefill_common,1,qkv,GPU,0,0.0006588959208966842,0.0007069892624351457,4.809334153846154e-05,0.00798523916288
Fugue-asplos-EPIC-long-4000,F3,prefill_attention,1,attention_service,GPU,0,0.0007069892624351457,0.0011308886437370316,0.00042389938130188594,0.008623565043199999
Fugue-asplos-EPIC-long-4000,F3,prefill_common,1,proj,GPU,0,0.0011308886437370316,0.0011483771315691995,1.7488487832167832e-05,0.0028991238963199995
Fugue-asplos-EPIC-long-4000,F3,prefill_common,1,comm_g2g,GPU,0,0.0011483771315691995,0.0011483771315691995,0.0,9.0308608e-06
Fugue-asplos-EPIC-long-4000,F3,prefill_common,1,norm1,GPU,0,0.0011483771315691995,0.0011571807172875766,8.803585718377088e-06,8.492699648e-05
Fugue-asplos-EPIC-long-4000,F3,prefill_common,1,ff1,GPU,0,0.0011571807172875766,0.0012049012422249649,4.7720524937388185e-05,0.007102521234773332
Fugue-asplos-EPIC-long-4000,F3,prefill_common,1,ff2,GPU,0,0.0012049012422249649,0.0012526217671623532,4.7720524937388185e-05,0.007102521234773332
Fugue-asplos-EPIC-long-4000,F3,prefill_common,1,glu,GPU,0,0.0012526217671623532,0.0012623522885225442,9.73052136019093e-06,0.00022721298431999996
Fugue-asplos-EPIC-long-4000,F3,prefill_common,1,ff3,GPU,0,0.0012623522885225442,0.0013089882560749918,4.663596755244755e-05,0.007684106048853332
Fugue-asplos-EPIC-long-4000,F3,prefill_common,1,comm_g2g,GPU,0,0.0013089882560749918,0.0013089882560749918,0.0,9.0308608e-06
Fugue-asplos-EPIC-long-4000,F3,prefill_common,1,norm2,GPU,0,0.0013089882560749918,0.001317791841793369,8.803585718377088e-06,8.492699648e-05
Fugue-asplos-EPIC-long-4000,F3,prefill_common,2,qkv,GPU,0,0.001317791841793369,0.0013658851833318305,4.809334153846154e-05,0.00798523916288
Fugue-asplos-EPIC-long-4000,F3,prefill_attention,2,attention_service,GPU,0,0.0013658851833318305,0.0017897845646337165,0.00042389938130188594,0.008623565043199999
Fugue-asplos-EPIC-long-4000,F3,prefill_common,2,proj,GPU,0,0.0017897845646337165,0.0018072730524658844,1.7488487832167832e-05,0.0028991238963199995
Fugue-asplos-EPIC-long-4000,F3,prefill_common,2,comm_g2g,GPU,0,0.0018072730524658844,0.0018072730524658844,0.0,9.0308608e-06
Fugue-asplos-EPIC-long-4000,F3,prefill_common,2,norm1,GPU,0,0.0018072730524658844,0.0018160766381842615,8.803585718377088e-06,8.492699648e-05
Fugue-asplos-EPIC-long-4000,F3,prefill_common,2,ff1,GPU,0,0.0018160766381842615,0.0018637971631216498,4.7720524937388185e-05,0.007102521234773332
Fugue-asplos-EPIC-long-4000,F3,prefill_common,2,ff2,GPU,0,0.0018637971631216498,0.001911517688059038,4.7720524937388185e-05,0.007102521234773332
Fugue-asplos-EPIC-long-4000,F3,prefill_common,2,glu,GPU,0,0.001911517688059038,0.001921248209419229,9.73052136019093e-06,0.00022721298431999996
Fugue-asplos-EPIC-long-4000,F3,prefill_common,2,ff3,GPU,0,0.001921248209419229,0.0019678841769716765,4.663596755244755e-05,0.007684106048853332
Fugue-asplos-EPIC-long-4000,F3,prefill_common,2,comm_g2g,GPU,0,0.0019678841769716765,0.0019678841769716765,0.0,9.0308608e-06
Fugue-asplos-EPIC-long-4000,F3,prefill_common,2,norm2,GPU,0,0.0019678841769716765,0.0019766877626900534,8.803585718377088e-06,8.492699648e-05
Fugue-asplos-EPIC-long-4000,F3,prefill_common,3,qkv,GPU,0,0.0019766877626900534,0.002024781104228515,4.809334153846154e-05,0.00798523916288
Fugue-asplos-EPIC-long-4000,F3,prefill_attention,3,attention_service,GPU,0,0.002024781104228515,0.002448680485530401,0.00042389938130188594,0.008623565043199999
Fugue-asplos-EPIC-long-4000,F3,prefill_common,3,proj,GPU,0,0.002448680485530401,0.002466168973362569,1.7488487832167832e-05,0.0028991238963199995
Fugue-asplos-EPIC-long-4000,F3,prefill_common,3,comm_g2g,GPU,0,0.002466168973362569,0.002466168973362569,0.0,9.0308608e-06
Fugue-asplos-EPIC-long-4000,F3,prefill_common,3,norm1,GPU,0,0.002466168973362569,0.002474972559080946,8.803585718377088e-06,8.492699648e-05
Fugue-asplos-EPIC-long-4000,F3,prefill_common,3,ff1,GPU,0,0.002474972559080946,0.002522693084018334,4.7720524937388185e-05,0.007102521234773332
Fugue-asplos-EPIC-long-4000,F3,prefill_common,3,ff2,GPU,0,0.002522693084018334,0.002570413608955722,4.7720524937388185e-05,0.007102521234773332
Fugue-asplos-EPIC-long-4000,F3,prefill_common,3,glu,GPU,0,0.002570413608955722,0.002580144130315913,9.73052136019093e-06,0.00022721298431999996
Fugue-asplos-EPIC-long-4000,F3,prefill_common,3,ff3,GPU,0,0.002580144130315913,0.0026267800978683606,4.663596755244755e-05,0.007684106048853332
Fugue-asplos-EPIC-long-4000,F3,prefill_common,3,comm_g2g,GPU,0,0.0026267800978683606,0.0026267800978683606,0.0,9.0308608e-06
Fugue-asplos-EPIC-long-4000,F3,prefill_common,3,norm2,GPU,0,0.0026267800978683606,0.0026355836835867375,8.803585718377088e-06,8.492699648e-05
Fugue-asplos-EPIC-long-4000,F3,prefill_common,4,qkv,GPU,0,0.0026355836835867375,0.002683677025125199,4.809334153846154e-05,0.00798523916288
Fugue-asplos-EPIC-long-4000,F3,prefill_attention,4,attention_service,GPU,0,0.002683677025125199,0.003107576406427085,0.00042389938130188594,0.008623565043199999
Fugue-asplos-EPIC-long-4000,F3,prefill_common,4,proj,GPU,0,0.003107576406427085,0.003125064894259253,1.7488487832167832e-05,0.0028991238963199995
Fugue-asplos-EPIC-long-4000,F3,prefill_common,4,comm_g2g,GPU,0,0.003125064894259253,0.003125064894259253,0.0,9.0308608e-06
Fugue-asplos-EPIC-long-4000,F3,prefill_common,4,norm1,GPU,0,0.003125064894259253,0.00313386847997763,8.803585718377088e-06,8.492699648e-05
Fugue-asplos-EPIC-long-4000,F3,prefill_common,4,ff1,GPU,0,0.00313386847997763,0.003181589004915018,4.7720524937388185e-05,0.007102521234773332
Fugue-asplos-EPIC-long-4000,F3,prefill_common,4,ff2,GPU,0,0.003181589004915018,0.003229309529852406,4.7720524937388185e-05,0.007102521234773332
Fugue-asplos-EPIC-long-4000,F3,prefill_common,4,glu,GPU,0,0.003229309529852406,0.003239040051212597,9.73052136019093e-06,0.00022721298431999996
Fugue-asplos-EPIC-long-4000,F3,prefill_common,4,ff3,GPU,0,0.003239040051212597,0.0032856760187650446,4.663596755244755e-05,0.007684106048853332
Fugue-asplos-EPIC-long-4000,F3,prefill_common,4,comm_g2g,GPU,0,0.0032856760187650446,0.0032856760187650446,0.0,9.0308608e-06
Fugue-asplos-EPIC-long-4000,F3,prefill_common,4,norm2,GPU,0,0.0032856760187650446,0.0032944796044834215,8.803585718377088e-06,8.492699648e-05
Fugue-asplos-EPIC-long-4000,F3,prefill_common,5,qkv,GPU,0,0.0032944796044834215,0.003342572946021883,4.809334153846154e-05,0.00798523916288
Fugue-asplos-EPIC-long-4000,F3,prefill_attention,5,attention_service,GPU,0,0.003342572946021883,0.003766472327323769,0.00042389938130188594,0.008623565043199999
Fugue-asplos-EPIC-long-4000,F3,prefill_common,5,proj,GPU,0,0.003766472327323769,0.003783960815155937,1.7488487832167832e-05,0.0028991238963199995
Fugue-asplos-EPIC-long-4000,F3,prefill_common,5,comm_g2g,GPU,0,0.003783960815155937,0.003783960815155937,0.0,9.0308608e-06
Fugue-asplos-EPIC-long-4000,F3,prefill_common,5,norm1,GPU,0,0.003783960815155937,0.003792764400874314,8.803585718377088e-06,8.492699648e-05
Fugue-asplos-EPIC-long-4000,F3,prefill_common,5,ff1,GPU,0,0.003792764400874314,0.003840484925811702,4.7720524937388185e-05,0.007102521234773332
Fugue-asplos-EPIC-long-4000,F3,prefill_common,5,ff2,GPU,0,0.003840484925811702,0.00388820545074909,4.7720524937388185e-05,0.007102521234773332
Fugue-asplos-EPIC-long-4000,F3,prefill_common,5,glu,GPU,0,0.00388820545074909,0.003897935972109281,9.73052136019093e-06,0.00022721298431999996
Fugue-asplos-EPIC-long-4000,F3,prefill_common,5,ff3,GPU,0,0.003897935972109281,0.003944571939661729,4.663596755244755e-05,0.007684106048853332
Fugue-asplos-EPIC-long-4000,F3,prefill_common,5,comm_g2g,GPU,0,0.003944571939661729,0.003944571939661729,0.0,9.0308608e-06
Fugue-asplos-EPIC-long-4000,F3,prefill_common,5,norm2,GPU,0,0.003944571939661729,0.003953375525380106,8.803585718377088e-06,8.492699648e-05
Fugue-asplos-EPIC-long-4000,F3,prefill_common,6,qkv,GPU,0,0.003953375525380106,0.0040014688669185675,4.809334153846154e-05,0.00798523916288
Fugue-asplos-EPIC-long-4000,F3,prefill_attention,6,attention_service,GPU,0,0.0040014688669185675,0.004425368248220454,0.00042389938130188594,0.008623565043199999
Fugue-asplos-EPIC-long-4000,F3,prefill_common,6,proj,GPU,0,0.004425368248220454,0.004442856736052621,1.7488487832167832e-05,0.0028991238963199995
Fugue-asplos-EPIC-long-4000,F3,prefill_common,6,comm_g2g,GPU,0,0.004442856736052621,0.004442856736052621,0.0,9.0308608e-06
Fugue-asplos-EPIC-long-4000,F3,prefill_common,6,norm1,GPU,0,0.004442856736052621,0.004451660321770998,8.803585718377088e-06,8.492699648e-05
Fugue-asplos-EPIC-long-4000,F3,prefill_common,6,ff1,GPU,0,0.004451660321770998,0.0044993808467083864,4.7720524937388185e-05,0.007102521234773332
Fugue-asplos-EPIC-long-4000,F3,prefill_common,6,ff2,GPU,0,0.0044993808467083864,0.0045471013716457745,4.7720524937388185e-05,0.007102521234773332
Fugue-asplos-EPIC-long-4000,F3,prefill_common,6,glu,GPU,0,0.0045471013716457745,0.004556831893005965,9.73052136019093e-06,0.00022721298431999996
Fugue-asplos-EPIC-long-4000,F3,prefill_common,6,ff3,GPU,0,0.004556831893005965,0.004603467860558413,4.663596755244755e-05,0.007684106048853332
Fugue-asplos-EPIC-long-4000,F3,prefill_common,6,comm_g2g,GPU,0,0.004603467860558413,0.004603467860558413,0.0,9.0308608e-06
Fugue-asplos-EPIC-long-4000,F3,prefill_common,6,norm2,GPU,0,0.004603467860558413,0.00461227144627679,8.803585718377088e-06,8.492699648e-05
Fugue-asplos-EPIC-long-4000,F3,prefill_common,7,qkv,GPU,0,0.00461227144627679,0.004660364787815252,4.809334153846154e-05,0.00798523916288
Fugue-asplos-EPIC-long-4000,F3,prefill_attention,7,attention_service,GPU,0,0.004660364787815252,0.005084264169117138,0.00042389938130188594,0.008623565043199999
Fugue-asplos-EPIC-long-4000,F3,prefill_common,7,proj,GPU,0,0.005084264169117138,0.005101752656949305,1.7488487832167832e-05,0.0028991238963199995
Fugue-asplos-EPIC-long-4000,F3,prefill_common,7,comm_g2g,GPU,0,0.005101752656949305,0.005101752656949305,0.0,9.0308608e-06
Fugue-asplos-EPIC-long-4000,F3,prefill_common,7,norm1,GPU,0,0.005101752656949305,0.005110556242667682,8.803585718377088e-06,8.492699648e-05
Fugue-asplos-EPIC-long-4000,F3,prefill_common,7,ff1,GPU,0,0.005110556242667682,0.0051582767676050705,4.7720524937388185e-05,0.007102521234773332
Fugue-asplos-EPIC-long-4000,F3,prefill_common,7,ff2,GPU,0,0.0051582767676050705,0.0052059972925424585,4.7720524937388185e-05,0.007102521234773332
Fugue-asplos-EPIC-long-4000,F3,prefill_common,7,glu,GPU,0,0.0052059972925424585,0.005215727813902649,9.73052136019093e-06,0.00022721298431999996
Fugue-asplos-EPIC-long-4000,F3,prefill_common,7,ff3,GPU,0,0.005215727813902649,0.005262363781455097,4.663596755244755e-05,0.007684106048853332
Fugue-asplos-EPIC-long-4000,F3,prefill_common,7,comm_g2g,GPU,0,0.005262363781455097,0.005262363781455097,0.0,9.0308608e-06
Fugue-asplos-EPIC-long-4000,F3,prefill_common,7,norm2,GPU,0,0.005262363781455097,0.005271167367173474,8.803585718377088e-06,8.492699648e-05
Fugue-asplos-EPIC-long-4000,F3,prefill_common,8,qkv,GPU,0,0.005271167367173474,0.005319260708711936,4.809334153846154e-05,0.00798523916288
Fugue-asplos-EPIC-long-4000,F3,prefill_attention,8,attention_service,GPU,0,0.005319260708711936,0.005743160090013822,0.00042389938130188594,0.008623565043199999
Fugue-asplos-EPIC-long-4000,F3,prefill_common,8,proj,GPU,0,0.005743160090013822,0.005760648577845989,1.7488487832167832e-05,0.0028991238963199995
Fugue-asplos-EPIC-long-4000,F3,prefill_common,8,comm_g2g,GPU,0,0.005760648577845989,0.005760648577845989,0.0,9.0308608e-06
Fugue-asplos-EPIC-long-4000,F3,prefill_common,8,norm1,GPU,0,0.005760648577845989,0.0057694521635643665,8.803585718377088e-06,8.492699648e-05
Fugue-asplos-EPIC-long-4000,F3,prefill_common,8,ff1,GPU,0,0.0057694521635643665,0.0058171726885017545,4.7720524937388185e-05,0.007102521234773332
Fugue-asplos-EPIC-long-4000,F3,prefill_common,8,ff2,GPU,0,0.0058171726885017545,0.005864893213439143,4.7720524937388185e-05,0.007102521234773332
Fugue-asplos-EPIC-long-4000,F3,prefill_common,8,glu,GPU,0,0.005864893213439143,0.005874623734799333,9.73052136019093e-06,0.00022721298431999996
Fugue-asplos-EPIC-long-4000,F3,prefill_common,8,ff3,GPU,0,0.005874623734799333,0.005921259702351781,4.663596755244755e-05,0.007684106048853332
Fugue-asplos-EPIC-long-4000,F3,prefill_common,8,comm_g2g,GPU,0,0.005921259702351781,0.005921259702351781,0.0,9.0308608e-06
Fugue-asplos-EPIC-long-4000,F3,prefill_common,8,norm2,GPU,0,0.005921259702351781,0.005930063288070158,8.803585718377088e-06,8.492699648e-05
Fugue-asplos-EPIC-long-4000,F3,prefill_common,9,qkv,GPU,0,0.005930063288070158,0.00597815662960862,4.809334153846154e-05,0.00798523916288
Fugue-asplos-EPIC-long-4000,F3,prefill_attention,9,attention_service,GPU,0,0.00597815662960862,0.006402056010910506,0.00042389938130188594,0.008623565043199999
Fugue-asplos-EPIC-long-4000,F3,prefill_common,9,proj,GPU,0,0.006402056010910506,0.006419544498742673,1.7488487832167832e-05,0.0028991238963199995
Fugue-asplos-EPIC-long-4000,F3,prefill_common,9,comm_g2g,GPU,0,0.006419544498742673,0.006419544498742673,0.0,9.0308608e-06
Fugue-asplos-EPIC-long-4000,F3,prefill_common,9,norm1,GPU,0,0.006419544498742673,0.0064283480844610505,8.803585718377088e-06,8.492699648e-05
Fugue-asplos-EPIC-long-4000,F3,prefill_common,9,ff1,GPU,0,0.0064283480844610505,0.006476068609398439,4.7720524937388185e-05,0.007102521234773332
Fugue-asplos-EPIC-long-4000,F3,prefill_common,9,ff2,GPU,0,0.006476068609398439,0.006523789134335827,4.7720524937388185e-05,0.007102521234773332
Fugue-asplos-EPIC-long-4000,F3,prefill_common,9,glu,GPU,0,0.006523789134335827,0.006533519655696017,9.73052136019093e-06,0.00022721298431999996
Fugue-asplos-EPIC-long-4000,F3,prefill_common,9,ff3,GPU,0,0.006533519655696017,0.006580155623248465,4.663596755244755e-05,0.007684106048853332
Fugue-asplos-EPIC-long-4000,F3,prefill_common,9,comm_g2g,GPU,0,0.006580155623248465,0.006580155623248465,0.0,9.0308608e-06
Fugue-asplos-EPIC-long-4000,F3,prefill_common,9,norm2,GPU,0,0.006580155623248465,0.006588959208966842,8.803585718377088e-06,8.492699648e-05
Fugue-asplos-EPIC-long-4000,F3,prefill_common,10,qkv,GPU,0,0.006588959208966842,0.006637052550505304,4.809334153846154e-05,0.00798523916288
Fugue-asplos-EPIC-long-4000,F3,prefill_attention,10,attention_service,GPU,0,0.006637052550505304,0.00706095193180719,0.00042389938130188594,0.008623565043199999
Fugue-asplos-EPIC-long-4000,F3,prefill_common,10,proj,GPU,0,0.00706095193180719,0.007078440419639357,1.7488487832167832e-05,0.0028991238963199995
Fugue-asplos-EPIC-long-4000,F3,prefill_common,10,comm_g2g,GPU,0,0.007078440419639357,0.007078440419639357,0.0,9.0308608e-06
Fugue-asplos-EPIC-long-4000,F3,prefill_common,10,norm1,GPU,0,0.007078440419639357,0.007087244005357735,8.803585718377088e-06,8.492699648e-05
Fugue-asplos-EPIC-long-4000,F3,prefill_common,10,ff1,GPU,0,0.007087244005357735,0.007134964530295123,4.7720524937388185e-05,0.007102521234773332
Fugue-asplos-EPIC-long-4000,F3,prefill_common,10,ff2,GPU,0,0.007134964530295123,0.007182685055232511,4.7720524937388185e-05,0.007102521234773332
Fugue-asplos-EPIC-long-4000,F3,prefill_common,10,glu,GPU,0,0.007182685055232511,0.007192415576592701,9.73052136019093e-06,0.00022721298431999996
Fugue-asplos-EPIC-long-4000,F3,prefill_common,10,ff3,GPU,0,0.007192415576592701,0.007239051544145149,4.663596755244755e-05,0.007684106048853332
Fugue-asplos-EPIC-long-4000,F3,prefill_common,10,comm_g2g,GPU,0,0.007239051544145149,0.007239051544145149,0.0,9.0308608e-06
Fugue-asplos-EPIC-long-4000,F3,prefill_common,10,norm2,GPU,0,0.007239051544145149,0.007247855129863526,8.803585718377088e-06,8.492699648e-05
Fugue-asplos-EPIC-long-4000,F3,prefill_common,11,qkv,GPU,0,0.007247855129863526,0.007295948471401988,4.809334153846154e-05,0.00798523916288
Fugue-asplos-EPIC-long-4000,F3,prefill_attention,11,attention_service,GPU,0,0.007295948471401988,0.007719847852703874,0.00042389938130188594,0.008623565043199999
Fugue-asplos-EPIC-long-4000,F3,prefill_common,11,proj,GPU,0,0.007719847852703874,0.007737336340536041,1.7488487832167832e-05,0.0028991238963199995
Fugue-asplos-EPIC-long-4000,F3,prefill_common,11,comm_g2g,GPU,0,0.007737336340536041,0.007737336340536041,0.0,9.0308608e-06
Fugue-asplos-EPIC-long-4000,F3,prefill_common,11,norm1,GPU,0,0.007737336340536041,0.007746139926254419,8.803585718377088e-06,8.492699648e-05
Fugue-asplos-EPIC-long-4000,F3,prefill_common,11,ff1,GPU,0,0.007746139926254419,0.007793860451191807,4.7720524937388185e-05,0.007102521234773332
Fugue-asplos-EPIC-long-4000,F3,prefill_common,11,ff2,GPU,0,0.007793860451191807,0.007841580976129196,4.7720524937388185e-05,0.007102521234773332
Fugue-asplos-EPIC-long-4000,F3,prefill_common,11,glu,GPU,0,0.007841580976129196,0.007851311497489386,9.73052136019093e-06,0.00022721298431999996
Fugue-asplos-EPIC-long-4000,F3,prefill_common,11,ff3,GPU,0,0.007851311497489386,0.007897947465041834,4.663596755244755e-05,0.007684106048853332
Fugue-asplos-EPIC-long-4000,F3,prefill_common,11,comm_g2g,GPU,0,0.007897947465041834,0.007897947465041834,0.0,9.0308608e-06
Fugue-asplos-EPIC-long-4000,F3,prefill_common,11,norm2,GPU,0,0.007897947465041834,0.00790675105076021,8.803585718377088e-06,8.492699648e-05
Fugue-asplos-EPIC-long-4000,F3,prefill_common,12,qkv,GPU,0,0.00790675105076021,0.007954844392298672,4.809334153846154e-05,0.00798523916288
Fugue-asplos-EPIC-long-4000,F3,prefill_attention,12,attention_service,GPU,0,0.007954844392298672,0.008378743773600558,0.00042389938130188594,0.008623565043199999
Fugue-asplos-EPIC-long-4000,F3,prefill_common,12,proj,GPU,0,0.008378743773600558,0.008396232261432726,1.7488487832167832e-05,0.0028991238963199995
Fugue-asplos-EPIC-long-4000,F3,prefill_common,12,comm_g2g,GPU,0,0.008396232261432726,0.008396232261432726,0.0,9.0308608e-06
Fugue-asplos-EPIC-long-4000,F3,prefill_common,12,norm1,GPU,0,0.008396232261432726,0.008405035847151103,8.803585718377088e-06,8.492699648e-05
Fugue-asplos-EPIC-long-4000,F3,prefill_common,12,ff1,GPU,0,0.008405035847151103,0.00845275637208849,4.7720524937388185e-05,0.007102521234773332
Fugue-asplos-EPIC-long-4000,F3,prefill_common,12,ff2,GPU,0,0.00845275637208849,0.008500476897025879,4.7720524937388185e-05,0.007102521234773332
Fugue-asplos-EPIC-long-4000,F3,prefill_common,12,glu,GPU,0,0.008500476897025879,0.00851020741838607,9.73052136019093e-06,0.00022721298431999996
Fugue-asplos-EPIC-long-4000,F3,prefill_common,12,ff3,GPU,0,0.00851020741838607,0.008556843385938517,4.663596755244755e-05,0.007684106048853332
Fugue-asplos-EPIC-long-4000,F3,prefill_common,12,comm_g2g,GPU,0,0.008556843385938517,0.008556843385938517,0.0,9.0308608e-06
Fugue-asplos-EPIC-long-4000,F3,prefill_common,12,norm2,GPU,0,0.008556843385938517,0.008565646971656894,8.803585718377088e-06,8.492699648e-05
Fugue-asplos-EPIC-long-4000,F3,prefill_common,13,qkv,GPU,0,0.008565646971656894,0.008613740313195355,4.809334153846154e-05,0.00798523916288
Fugue-asplos-EPIC-long-4000,F3,prefill_attention,13,attention_service,GPU,0,0.008613740313195355,0.009037639694497241,0.00042389938130188594,0.008623565043199999
Fugue-asplos-EPIC-long-4000,F3,prefill_common,13,proj,GPU,0,0.009037639694497241,0.00905512818232941,1.7488487832167832e-05,0.0028991238963199995
Fugue-asplos-EPIC-long-4000,F3,prefill_common,13,comm_g2g,GPU,0,0.00905512818232941,0.00905512818232941,0.0,9.0308608e-06
Fugue-asplos-EPIC-long-4000,F3,prefill_common,13,norm1,GPU,0,0.00905512818232941,0.009063931768047786,8.803585718377088e-06,8.492699648e-05
Fugue-asplos-EPIC-long-4000,F3,prefill_common,13,ff1,GPU,0,0.009063931768047786,0.009111652292985174,4.7720524937388185e-05,0.007102521234773332
Fugue-asplos-EPIC-long-4000,F3,prefill_common,13,ff2,GPU,0,0.009111652292985174,0.009159372817922562,4.7720524937388185e-05,0.007102521234773332
Fugue-asplos-EPIC-long-4000,F3,prefill_common,13,glu,GPU,0,0.009159372817922562,0.009169103339282753,9.73052136019093e-06,0.00022721298431999996
Fugue-asplos-EPIC-long-4000,F3,prefill_common,13,ff3,GPU,0,0.009169103339282753,0.0092157393068352,4.663596755244755e-05,0.007684106048853332
Fugue-asplos-EPIC-long-4000,F3,prefill_common,13,comm_g2g,GPU,0,0.0092157393068352,0.0092157393068352,0.0,9.0308608e-06
Fugue-asplos-EPIC-long-4000,F3,prefill_common,13,norm2,GPU,0,0.0092157393068352,0.009224542892553577,8.803585718377088e-06,8.492699648e-05
Fugue-asplos-EPIC-long-4000,F3,prefill_common,14,qkv,GPU,0,0.009224542892553577,0.009272636234092038,4.809334153846154e-05,0.00798523916288
Fugue-asplos-EPIC-long-4000,F3,prefill_attention,14,attention_service,GPU,0,0.009272636234092038,0.009696535615393924,0.00042389938130188594,0.008623565043199999
Fugue-asplos-EPIC-long-4000,F3,prefill_common,14,proj,GPU,0,0.009696535615393924,0.009714024103226093,1.7488487832167832e-05,0.0028991238963199995
Fugue-asplos-EPIC-long-4000,F3,prefill_common,14,comm_g2g,GPU,0,0.009714024103226093,0.009714024103226093,0.0,9.0308608e-06
Fugue-asplos-EPIC-long-4000,F3,prefill_common,14,norm1,GPU,0,0.009714024103226093,0.009722827688944469,8.803585718377088e-06,8.492699648e-05
Fugue-asplos-EPIC-long-4000,F3,prefill_common,14,ff1,GPU,0,0.009722827688944469,0.009770548213881857,4.7720524937388185e-05,0.007102521234773332
Fugue-asplos-EPIC-long-4000,F3,prefill_common,14,ff2,GPU,0,0.009770548213881857,0.009818268738819245,4.7720524937388185e-05,0.007102521234773332
Fugue-asplos-EPIC-long-4000,F3,prefill_common,14,glu,GPU,0,0.009818268738819245,0.009827999260179436,9.73052136019093e-06,0.00022721298431999996
Fugue-asplos-EPIC-long-4000,F3,prefill_common,14,ff3,GPU,0,0.009827999260179436,0.009874635227731883,4.663596755244755e-05,0.007684106048853332
Fugue-asplos-EPIC-long-4000,F3,prefill_common,14,comm_g2g,GPU,0,0.009874635227731883,0.009874635227731883,0.0,9.0308608e-06
Fugue-asplos-EPIC-long-4000,F3,prefill_common,14,norm2,GPU,0,0.009874635227731883,0.00988343881345026,8.803585718377088e-06,8.492699648e-05
Fugue-asplos-EPIC-long-4000,F3,prefill_common,15,qkv,GPU,0,0.00988343881345026,0.009931532154988721,4.809334153846154e-05,0.00798523916288
Fugue-asplos-EPIC-long-4000,F3,prefill_attention,15,attention_service,GPU,0,0.009931532154988721,0.010355431536290607,0.00042389938130188594,0.008623565043199999
Fugue-asplos-EPIC-long-4000,F3,prefill_common,15,proj,GPU,0,0.010355431536290607,0.010372920024122776,1.7488487832167832e-05,0.0028991238963199995
Fugue-asplos-EPIC-long-4000,F3,prefill_common,15,comm_g2g,GPU,0,0.010372920024122776,0.010372920024122776,0.0,9.0308608e-06
Fugue-asplos-EPIC-long-4000,F3,prefill_common,15,norm1,GPU,0,0.010372920024122776,0.010381723609841152,8.803585718377088e-06,8.492699648e-05
Fugue-asplos-EPIC-long-4000,F3,prefill_common,15,ff1,GPU,0,0.010381723609841152,0.01042944413477854,4.7720524937388185e-05,0.007102521234773332
Fugue-asplos-EPIC-long-4000,F3,prefill_common,15,ff2,GPU,0,0.01042944413477854,0.010477164659715928,4.7720524937388185e-05,0.007102521234773332
Fugue-asplos-EPIC-long-4000,F3,prefill_common,15,glu,GPU,0,0.010477164659715928,0.010486895181076119,9.73052136019093e-06,0.00022721298431999996
Fugue-asplos-EPIC-long-4000,F3,prefill_common,15,ff3,GPU,0,0.010486895181076119,0.010533531148628567,4.663596755244755e-05,0.007684106048853332
Fugue-asplos-EPIC-long-4000,F3,prefill_common,15,comm_g2g,GPU,0,0.010533531148628567,0.010533531148628567,0.0,9.0308608e-06
Fugue-asplos-EPIC-long-4000,F3,prefill_common,15,norm2,GPU,0,0.010533531148628567,0.010542334734346943,8.803585718377088e-06,8.492699648e-05
Fugue-asplos-EPIC-long-4000,F3,prefill_common,16,qkv,GPU,0,0.010542334734346943,0.010590428075885405,4.809334153846154e-05,0.00798523916288
Fugue-asplos-EPIC-long-4000,F3,prefill_attention,16,attention_service,GPU,0,0.010590428075885405,0.01101432745718729,0.00042389938130188594,0.008623565043199999
Fugue-asplos-EPIC-long-4000,F3,prefill_common,16,proj,GPU,0,0.01101432745718729,0.011031815945019459,1.7488487832167832e-05,0.0028991238963199995
Fugue-asplos-EPIC-long-4000,F3,prefill_common,16,comm_g2g,GPU,0,0.011031815945019459,0.011031815945019459,0.0,9.0308608e-06
Fugue-asplos-EPIC-long-4000,F3,prefill_common,16,norm1,GPU,0,0.011031815945019459,0.011040619530737835,8.803585718377088e-06,8.492699648e-05
Fugue-asplos-EPIC-long-4000,F3,prefill_common,16,ff1,GPU,0,0.011040619530737835,0.011088340055675223,4.7720524937388185e-05,0.007102521234773332
Fugue-asplos-EPIC-long-4000,F3,prefill_common,16,ff2,GPU,0,0.011088340055675223,0.011136060580612612,4.7720524937388185e-05,0.007102521234773332
Fugue-asplos-EPIC-long-4000,F3,prefill_common,16,glu,GPU,0,0.011136060580612612,0.011145791101972802,9.73052136019093e-06,0.00022721298431999996
Fugue-asplos-EPIC-long-4000,F3,prefill_common,16,ff3,GPU,0,0.011145791101972802,0.01119242706952525,4.663596755244755e-05,0.007684106048853332
Fugue-asplos-EPIC-long-4000,F3,prefill_common,16,comm_g2g,GPU,0,0.01119242706952525,0.01119242706952525,0.0,9.0308608e-06
Fugue-asplos-EPIC-long-4000,F3,prefill_common,16,norm2,GPU,0,0.01119242706952525,0.011201230655243626,8.803585718377088e-06,8.492699648e-05
Fugue-asplos-EPIC-long-4000,F3,prefill_common,17,qkv,GPU,0,0.011201230655243626,0.011249323996782088,4.809334153846154e-05,0.00798523916288
Fugue-asplos-EPIC-long-4000,F3,prefill_attention,17,attention_service,GPU,0,0.011249323996782088,0.011673223378083974,0.00042389938130188594,0.008623565043199999
Fugue-asplos-EPIC-long-4000,F3,prefill_common,17,proj,GPU,0,0.011673223378083974,0.011690711865916142,1.7488487832167832e-05,0.0028991238963199995
Fugue-asplos-EPIC-long-4000,F3,prefill_common,17,comm_g2g,GPU,0,0.011690711865916142,0.011690711865916142,0.0,9.0308608e-06
Fugue-asplos-EPIC-long-4000,F3,prefill_common,17,norm1,GPU,0,0.011690711865916142,0.011699515451634519,8.803585718377088e-06,8.492699648e-05
Fugue-asplos-EPIC-long-4000,F3,prefill_common,17,ff1,GPU,0,0.011699515451634519,0.011747235976571907,4.7720524937388185e-05,0.007102521234773332
Fugue-asplos-EPIC-long-4000,F3,prefill_common,17,ff2,GPU,0,0.011747235976571907,0.011794956501509295,4.7720524937388185e-05,0.007102521234773332
Fugue-asplos-EPIC-long-4000,F3,prefill_common,17,glu,GPU,0,0.011794956501509295,0.011804687022869485,9.73052136019093e-06,0.00022721298431999996
Fugue-asplos-EPIC-long-4000,F3,prefill_common,17,ff3,GPU,0,0.011804687022869485,0.011851322990421933,4.663596755244755e-05,0.007684106048853332
Fugue-asplos-EPIC-long-4000,F3,prefill_common,17,comm_g2g,GPU,0,0.011851322990421933,0.011851322990421933,0.0,9.0308608e-06
Fugue-asplos-EPIC-long-4000,F3,prefill_common,17,norm2,GPU,0,0.011851322990421933,0.01186012657614031,8.803585718377088e-06,8.492699648e-05
Fugue-asplos-EPIC-long-4000,F3,prefill_common,18,qkv,GPU,0,0.01186012657614031,0.011908219917678771,4.809334153846154e-05,0.00798523916288
Fugue-asplos-EPIC-long-4000,F3,prefill_attention,18,attention_service,GPU,0,0.011908219917678771,0.012332119298980657,0.00042389938130188594,0.008623565043199999
Fugue-asplos-EPIC-long-4000,F3,prefill_common,18,proj,GPU,0,0.012332119298980657,0.012349607786812825,1.7488487832167832e-05,0.0028991238963199995
Fugue-asplos-EPIC-long-4000,F3,prefill_common,18,comm_g2g,GPU,0,0.012349607786812825,0.012349607786812825,0.0,9.0308608e-06
Fugue-asplos-EPIC-long-4000,F3,prefill_common,18,norm1,GPU,0,0.012349607786812825,0.012358411372531202,8.803585718377088e-06,8.492699648e-05
Fugue-asplos-EPIC-long-4000,F3,prefill_common,18,ff1,GPU,0,0.012358411372531202,0.01240613189746859,4.7720524937388185e-05,0.007102521234773332
Fugue-asplos-EPIC-long-4000,F3,prefill_common,18,ff2,GPU,0,0.01240613189746859,0.012453852422405978,4.7720524937388185e-05,0.007102521234773332
Fugue-asplos-EPIC-long-4000,F3,prefill_common,18,glu,GPU,0,0.012453852422405978,0.012463582943766168,9.73052136019093e-06,0.00022721298431999996
Fugue-asplos-EPIC-long-4000,F3,prefill_common,18,ff3,GPU,0,0.012463582943766168,0.012510218911318616,4.663596755244755e-05,0.007684106048853332
Fugue-asplos-EPIC-long-4000,F3,prefill_common,18,comm_g2g,GPU,0,0.012510218911318616,0.012510218911318616,0.0,9.0308608e-06
Fugue-asplos-EPIC-long-4000,F3,prefill_common,18,norm2,GPU,0,0.012510218911318616,0.012519022497036993,8.803585718377088e-06,8.492699648e-05
Fugue-asplos-EPIC-long-4000,F3,prefill_common,19,qkv,GPU,0,0.012519022497036993,0.012567115838575454,4.809334153846154e-05,0.00798523916288
Fugue-asplos-EPIC-long-4000,F3,prefill_attention,19,attention_service,GPU,0,0.012567115838575454,0.01299101521987734,0.00042389938130188594,0.008623565043199999
Fugue-asplos-EPIC-long-4000,F3,prefill_common,19,proj,GPU,0,0.01299101521987734,0.013008503707709508,1.7488487832167832e-05,0.0028991238963199995
Fugue-asplos-EPIC-long-4000,F3,prefill_common,19,comm_g2g,GPU,0,0.013008503707709508,0.013008503707709508,0.0,9.0308608e-06
Fugue-asplos-EPIC-long-4000,F3,prefill_common,19,norm1,GPU,0,0.013008503707709508,0.013017307293427885,8.803585718377088e-06,8.492699648e-05
Fugue-asplos-EPIC-long-4000,F3,prefill_common,19,ff1,GPU,0,0.013017307293427885,0.013065027818365273,4.7720524937388185e-05,0.007102521234773332
Fugue-asplos-EPIC-long-4000,F3,prefill_common,19,ff2,GPU,0,0.013065027818365273,0.013112748343302661,4.7720524937388185e-05,0.007102521234773332
Fugue-asplos-EPIC-long-4000,F3,prefill_common,19,glu,GPU,0,0.013112748343302661,0.013122478864662852,9.73052136019093e-06,0.00022721298431999996
Fugue-asplos-EPIC-long-4000,F3,prefill_common,19,ff3,GPU,0,0.013122478864662852,0.0131691148322153,4.663596755244755e-05,0.007684106048853332
Fugue-asplos-EPIC-long-4000,F3,prefill_common,19,comm_g2g,GPU,0,0.0131691148322153,0.0131691148322153,0.0,9.0308608e-06
Fugue-asplos-EPIC-long-4000,F3,prefill_common,19,norm2,GPU,0,0.0131691148322153,0.013177918417933676,8.803585718377088e-06,8.492699648e-05
Fugue-asplos-EPIC-long-4000,F3,prefill_common,20,qkv,GPU,0,0.013177918417933676,0.013226011759472137,4.809334153846154e-05,0.00798523916288
Fugue-asplos-EPIC-long-4000,F3,prefill_attention,20,attention_service,GPU,0,0.013226011759472137,0.013649911140774023,0.00042389938130188594,0.008623565043199999
Fugue-asplos-EPIC-long-4000,F3,prefill_common,20,proj,GPU,0,0.013649911140774023,0.013667399628606192,1.7488487832167832e-05,0.0028991238963199995
Fugue-asplos-EPIC-long-4000,F3,prefill_common,20,comm_g2g,GPU,0,0.013667399628606192,0.013667399628606192,0.0,9.0308608e-06
Fugue-asplos-EPIC-long-4000,F3,prefill_common,20,norm1,GPU,0,0.013667399628606192,0.013676203214324568,8.803585718377088e-06,8.492699648e-05
Fugue-asplos-EPIC-long-4000,F3,prefill_common,20,ff1,GPU,0,0.013676203214324568,0.013723923739261956,4.7720524937388185e-05,0.007102521234773332
Fugue-asplos-EPIC-long-4000,F3,prefill_common,20,ff2,GPU,0,0.013723923739261956,0.013771644264199344,4.7720524937388185e-05,0.007102521234773332
Fugue-asplos-EPIC-long-4000,F3,prefill_common,20,glu,GPU,0,0.013771644264199344,0.013781374785559535,9.73052136019093e-06,0.00022721298431999996
Fugue-asplos-EPIC-long-4000,F3,prefill_common,20,ff3,GPU,0,0.013781374785559535,0.013828010753111982,4.663596755244755e-05,0.007684106048853332
Fugue-asplos-EPIC-long-4000,F3,prefill_common,20,comm_g2g,GPU,0,0.013828010753111982,0.013828010753111982,0.0,9.0308608e-06
Fugue-asplos-EPIC-long-4000,F3,prefill_common,20,norm2,GPU,0,0.013828010753111982,0.013836814338830359,8.803585718377088e-06,8.492699648e-05
Fugue-asplos-EPIC-long-4000,F3,prefill_common,21,qkv,GPU,0,0.013836814338830359,0.01388490768036882,4.809334153846154e-05,0.00798523916288
Fugue-asplos-EPIC-long-4000,F3,prefill_attention,21,attention_service,GPU,0,0.01388490768036882,0.014308807061670707,0.00042389938130188594,0.008623565043199999
Fugue-asplos-EPIC-long-4000,F3,prefill_common,21,proj,GPU,0,0.014308807061670707,0.014326295549502875,1.7488487832167832e-05,0.0028991238963199995
Fugue-asplos-EPIC-long-4000,F3,prefill_common,21,comm_g2g,GPU,0,0.014326295549502875,0.014326295549502875,0.0,9.0308608e-06
Fugue-asplos-EPIC-long-4000,F3,prefill_common,21,norm1,GPU,0,0.014326295549502875,0.014335099135221251,8.803585718377088e-06,8.492699648e-05
Fugue-asplos-EPIC-long-4000,F3,prefill_common,21,ff1,GPU,0,0.014335099135221251,0.01438281966015864,4.7720524937388185e-05,0.007102521234773332
Fugue-asplos-EPIC-long-4000,F3,prefill_common,21,ff2,GPU,0,0.01438281966015864,0.014430540185096027,4.7720524937388185e-05,0.007102521234773332
Fugue-asplos-EPIC-long-4000,F3,prefill_common,21,glu,GPU,0,0.014430540185096027,0.014440270706456218,9.73052136019093e-06,0.00022721298431999996
Fugue-asplos-EPIC-long-4000,F3,prefill_common,21,ff3,GPU,0,0.014440270706456218,0.014486906674008666,4.663596755244755e-05,0.007684106048853332
Fugue-asplos-EPIC-long-4000,F3,prefill_common,21,comm_g2g,GPU,0,0.014486906674008666,0.014486906674008666,0.0,9.0308608e-06
Fugue-asplos-EPIC-long-4000,F3,prefill_common,21,norm2,GPU,0,0.014486906674008666,0.014495710259727042,8.803585718377088e-06,8.492699648e-05
Fugue-asplos-EPIC-long-4000,F3,prefill_common,22,qkv,GPU,0,0.014495710259727042,0.014543803601265504,4.809334153846154e-05,0.00798523916288
Fugue-asplos-EPIC-long-4000,F3,prefill_attention,22,attention_service,GPU,0,0.014543803601265504,0.01496770298256739,0.00042389938130188594,0.008623565043199999
Fugue-asplos-EPIC-long-4000,F3,prefill_common,22,proj,GPU,0,0.01496770298256739,0.014985191470399558,1.7488487832167832e-05,0.0028991238963199995
Fugue-asplos-EPIC-long-4000,F3,prefill_common,22,comm_g2g,GPU,0,0.014985191470399558,0.014985191470399558,0.0,9.0308608e-06
Fugue-asplos-EPIC-long-4000,F3,prefill_common,22,norm1,GPU,0,0.014985191470399558,0.014993995056117934,8.803585718377088e-06,8.492699648e-05
Fugue-asplos-EPIC-long-4000,F3,prefill_common,22,ff1,GPU,0,0.014993995056117934,0.015041715581055323,4.7720524937388185e-05,0.007102521234773332
Fugue-asplos-EPIC-long-4000,F3,prefill_common,22,ff2,GPU,0,0.015041715581055323,0.01508943610599271,4.7720524937388185e-05,0.007102521234773332
Fugue-asplos-EPIC-long-4000,F3,prefill_common,22,glu,GPU,0,0.01508943610599271,0.015099166627352901,9.73052136019093e-06,0.00022721298431999996
Fugue-asplos-EPIC-long-4000,F3,prefill_common,22,ff3,GPU,0,0.015099166627352901,0.015145802594905349,4.663596755244755e-05,0.007684106048853332
Fugue-asplos-EPIC-long-4000,F3,prefill_common,22,comm_g2g,GPU,0,0.015145802594905349,0.015145802594905349,0.0,9.0308608e-06
Fugue-asplos-EPIC-long-4000,F3,prefill_common,22,norm2,GPU,0,0.015145802594905349,0.015154606180623725,8.803585718377088e-06,8.492699648e-05
Fugue-asplos-EPIC-long-4000,F3,prefill_common,23,qkv,GPU,0,0.015154606180623725,0.015202699522162187,4.809334153846154e-05,0.00798523916288
Fugue-asplos-EPIC-long-4000,F3,prefill_attention,23,attention_service,GPU,0,0.015202699522162187,0.015626598903464073,0.00042389938130188594,0.008623565043199999
Fugue-asplos-EPIC-long-4000,F3,prefill_common,23,proj,GPU,0,0.015626598903464073,0.01564408739129624,1.7488487832167832e-05,0.0028991238963199995
Fugue-asplos-EPIC-long-4000,F3,prefill_common,23,comm_g2g,GPU,0,0.01564408739129624,0.01564408739129624,0.0,9.0308608e-06
Fugue-asplos-EPIC-long-4000,F3,prefill_common,23,norm1,GPU,0,0.01564408739129624,0.015652890977014618,8.803585718377088e-06,8.492699648e-05
Fugue-asplos-EPIC-long-4000,F3,prefill_common,23,ff1,GPU,0,0.015652890977014618,0.015700611501952007,4.7720524937388185e-05,0.007102521234773332
Fugue-asplos-EPIC-long-4000,F3,prefill_common,23,ff2,GPU,0,0.015700611501952007,0.015748332026889397,4.7720524937388185e-05,0.007102521234773332
Fugue-asplos-EPIC-long-4000,F3,prefill_common,23,glu,GPU,0,0.015748332026889397,0.015758062548249588,9.73052136019093e-06,0.00022721298431999996
Fugue-asplos-EPIC-long-4000,F3,prefill_common,23,ff3,GPU,0,0.015758062548249588,0.015804698515802035,4.663596755244755e-05,0.007684106048853332
Fugue-asplos-EPIC-long-4000,F3,prefill_common,23,comm_g2g,GPU,0,0.015804698515802035,0.015804698515802035,0.0,9.0308608e-06
Fugue-asplos-EPIC-long-4000,F3,prefill_common,23,norm2,GPU,0,0.015804698515802035,0.015813502101520414,8.803585718377088e-06,8.492699648e-05
Fugue-asplos-EPIC-long-4000,F3,prefill_common,24,qkv,GPU,0,0.015813502101520414,0.015861595443058877,4.809334153846154e-05,0.00798523916288
Fugue-asplos-EPIC-long-4000,F3,prefill_attention,24,attention_service,GPU,0,0.015861595443058877,0.01628549482436076,0.00042389938130188594,0.008623565043199999
Fugue-asplos-EPIC-long-4000,F3,prefill_common,24,proj,GPU,0,0.01628549482436076,0.016302983312192928,1.7488487832167832e-05,0.0028991238963199995
Fugue-asplos-EPIC-long-4000,F3,prefill_common,24,comm_g2g,GPU,0,0.016302983312192928,0.016302983312192928,0.0,9.0308608e-06
Fugue-asplos-EPIC-long-4000,F3,prefill_common,24,norm1,GPU,0,0.016302983312192928,0.016311786897911306,8.803585718377088e-06,8.492699648e-05
Fugue-asplos-EPIC-long-4000,F3,prefill_common,24,ff1,GPU,0,0.016311786897911306,0.016359507422848696,4.7720524937388185e-05,0.007102521234773332
Fugue-asplos-EPIC-long-4000,F3,prefill_common,24,ff2,GPU,0,0.016359507422848696,0.016407227947786086,4.7720524937388185e-05,0.007102521234773332
Fugue-asplos-EPIC-long-4000,F3,prefill_common,24,glu,GPU,0,0.016407227947786086,0.016416958469146276,9.73052136019093e-06,0.00022721298431999996
Fugue-asplos-EPIC-long-4000,F3,prefill_common,24,ff3,GPU,0,0.016416958469146276,0.016463594436698724,4.663596755244755e-05,0.007684106048853332
Fugue-asplos-EPIC-long-4000,F3,prefill_common,24,comm_g2g,GPU,0,0.016463594436698724,0.016463594436698724,0.0,9.0308608e-06
Fugue-asplos-EPIC-long-4000,F3,prefill_common,24,norm2,GPU,0,0.016463594436698724,0.016472398022417102,8.803585718377088e-06,8.492699648e-05
Fugue-asplos-EPIC-long-4000,F3,prefill_common,25,qkv,GPU,0,0.016472398022417102,0.016520491363955565,4.809334153846154e-05,0.00798523916288
Fugue-asplos-EPIC-long-4000,F3,prefill_attention,25,attention_service,GPU,0,0.016520491363955565,0.01694439074525745,0.00042389938130188594,0.008623565043199999
Fugue-asplos-EPIC-long-4000,F3,prefill_common,25,proj,GPU,0,0.01694439074525745,0.016961879233089616,1.7488487832167832e-05,0.0028991238963199995
Fugue-asplos-EPIC-long-4000,F3,prefill_common,25,comm_g2g,GPU,0,0.016961879233089616,0.016961879233089616,0.0,9.0308608e-06
Fugue-asplos-EPIC-long-4000,F3,prefill_common,25,norm1,GPU,0,0.016961879233089616,0.016970682818807994,8.803585718377088e-06,8.492699648e-05
Fugue-asplos-EPIC-long-4000,F3,prefill_common,25,ff1,GPU,0,0.016970682818807994,0.017018403343745384,4.7720524937388185e-05,0.007102521234773332
Fugue-asplos-EPIC-long-4000,F3,prefill_common,25,ff2,GPU,0,0.017018403343745384,0.017066123868682774,4.7720524937388185e-05,0.007102521234773332
Fugue-asplos-EPIC-long-4000,F3,prefill_common,25,glu,GPU,0,0.017066123868682774,0.017075854390042965,9.73052136019093e-06,0.00022721298431999996
Fugue-asplos-EPIC-long-4000,F3,prefill_common,25,ff3,GPU,0,0.017075854390042965,0.017122490357595412,4.663596755244755e-05,0.007684106048853332
Fugue-asplos-EPIC-long-4000,F3,prefill_common,25,comm_g2g,GPU,0,0.017122490357595412,0.017122490357595412,0.0,9.0308608e-06
Fugue-asplos-EPIC-long-4000,F3,prefill_common,25,norm2,GPU,0,0.017122490357595412,0.01713129394331379,8.803585718377088e-06,8.492699648e-05
Fugue-asplos-EPIC-long-4000,F3,prefill_common,26,qkv,GPU,0,0.01713129394331379,0.017179387284852254,4.809334153846154e-05,0.00798523916288
Fugue-asplos-EPIC-long-4000,F3,prefill_attention,26,attention_service,GPU,0,0.017179387284852254,0.017603286666154138,0.00042389938130188594,0.008623565043199999
Fugue-asplos-EPIC-long-4000,F3,prefill_common,26,proj,GPU,0,0.017603286666154138,0.017620775153986305,1.7488487832167832e-05,0.0028991238963199995
Fugue-asplos-EPIC-long-4000,F3,prefill_common,26,comm_g2g,GPU,0,0.017620775153986305,0.017620775153986305,0.0,9.0308608e-06
Fugue-asplos-EPIC-long-4000,F3,prefill_common,26,norm1,GPU,0,0.017620775153986305,0.017629578739704683,8.803585718377088e-06,8.492699648e-05
Fugue-asplos-EPIC-long-4000,F3,prefill_common,26,ff1,GPU,0,0.017629578739704683,0.017677299264642073,4.7720524937388185e-05,0.007102521234773332
Fugue-asplos-EPIC-long-4000,F3,prefill_common,26,ff2,GPU,0,0.017677299264642073,0.017725019789579462,4.7720524937388185e-05,0.007102521234773332
Fugue-asplos-EPIC-long-4000,F3,prefill_common,26,glu,GPU,0,0.017725019789579462,0.017734750310939653,9.73052136019093e-06,0.00022721298431999996
Fugue-asplos-EPIC-long-4000,F3,prefill_common,26,ff3,GPU,0,0.017734750310939653,0.0177813862784921,4.663596755244755e-05,0.007684106048853332
Fugue-asplos-EPIC-long-4000,F3,prefill_common,26,comm_g2g,GPU,0,0.0177813862784921,0.0177813862784921,0.0,9.0308608e-06
Fugue-asplos-EPIC-long-4000,F3,prefill_common,26,norm2,GPU,0,0.0177813862784921,0.01779018986421048,8.803585718377088e-06,8.492699648e-05
Fugue-asplos-EPIC-long-4000,F3,prefill_common,27,qkv,GPU,0,0.01779018986421048,0.017838283205748942,4.809334153846154e-05,0.00798523916288
Fugue-asplos-EPIC-long-4000,F3,prefill_attention,27,attention_service,GPU,0,0.017838283205748942,0.018262182587050826,0.00042389938130188594,0.008623565043199999
Fugue-asplos-EPIC-long-4000,F3,prefill_common,27,proj,GPU,0,0.018262182587050826,0.018279671074882993,1.7488487832167832e-05,0.0028991238963199995
Fugue-asplos-EPIC-long-4000,F3,prefill_common,27,comm_g2g,GPU,0,0.018279671074882993,0.018279671074882993,0.0,9.0308608e-06
Fugue-asplos-EPIC-long-4000,F3,prefill_common,27,norm1,GPU,0,0.018279671074882993,0.01828847466060137,8.803585718377088e-06,8.492699648e-05
Fugue-asplos-EPIC-long-4000,F3,prefill_common,27,ff1,GPU,0,0.01828847466060137,0.01833619518553876,4.7720524937388185e-05,0.007102521234773332
Fugue-asplos-EPIC-long-4000,F3,prefill_common,27,ff2,GPU,0,0.01833619518553876,0.01838391571047615,4.7720524937388185e-05,0.007102521234773332
Fugue-asplos-EPIC-long-4000,F3,prefill_common,27,glu,GPU,0,0.01838391571047615,0.01839364623183634,9.73052136019093e-06,0.00022721298431999996
Fugue-asplos-EPIC-long-4000,F3,prefill_common,27,ff3,GPU,0,0.01839364623183634,0.01844028219938879,4.663596755244755e-05,0.007684106048853332
Fugue-asplos-EPIC-long-4000,F3,prefill_common,27,comm_g2g,GPU,0,0.01844028219938879,0.01844028219938879,0.0,9.0308608e-06
Fugue-asplos-EPIC-long-4000,F3,prefill_common,27,norm2,GPU,0,0.01844028219938879,0.018449085785107167,8.803585718377088e-06,8.492699648e-05
Fugue-asplos-EPIC-long-4000,F3,prefill_common,28,qkv,GPU,0,0.018449085785107167,0.01849717912664563,4.809334153846154e-05,0.00798523916288
Fugue-asplos-EPIC-long-4000,F3,prefill_attention,28,attention_service,GPU,0,0.01849717912664563,0.018921078507947515,0.00042389938130188594,0.008623565043199999
Fugue-asplos-EPIC-long-4000,F3,prefill_common,28,proj,GPU,0,0.018921078507947515,0.01893856699577968,1.7488487832167832e-05,0.0028991238963199995
Fugue-asplos-EPIC-long-4000,F3,prefill_common,28,comm_g2g,GPU,0,0.01893856699577968,0.01893856699577968,0.0,9.0308608e-06
Fugue-asplos-EPIC-long-4000,F3,prefill_common,28,norm1,GPU,0,0.01893856699577968,0.01894737058149806,8.803585718377088e-06,8.492699648e-05
Fugue-asplos-EPIC-long-4000,F3,prefill_common,28,ff1,GPU,0,0.01894737058149806,0.01899509110643545,4.7720524937388185e-05,0.007102521234773332
Fugue-asplos-EPIC-long-4000,F3,prefill_common,28,ff2,GPU,0,0.01899509110643545,0.01904281163137284,4.7720524937388185e-05,0.007102521234773332
Fugue-asplos-EPIC-long-4000,F3,prefill_common,28,glu,GPU,0,0.01904281163137284,0.01905254215273303,9.73052136019093e-06,0.00022721298431999996
Fugue-asplos-EPIC-long-4000,F3,prefill_common,28,ff3,GPU,0,0.01905254215273303,0.019099178120285477,4.663596755244755e-05,0.007684106048853332
Fugue-asplos-EPIC-long-4000,F3,prefill_common,28,comm_g2g,GPU,0,0.019099178120285477,0.019099178120285477,0.0,9.0308608e-06
Fugue-asplos-EPIC-long-4000,F3,prefill_common,28,norm2,GPU,0,0.019099178120285477,0.019107981706003856,8.803585718377088e-06,8.492699648e-05
Fugue-asplos-EPIC-long-4000,F3,prefill_common,29,qkv,GPU,0,0.019107981706003856,0.01915607504754232,4.809334153846154e-05,0.00798523916288
Fugue-asplos-EPIC-long-4000,F3,prefill_attention,29,attention_service,GPU,0,0.01915607504754232,0.019579974428844203,0.00042389938130188594,0.008623565043199999
Fugue-asplos-EPIC-long-4000,F3,prefill_common,29,proj,GPU,0,0.019579974428844203,0.01959746291667637,1.7488487832167832e-05,0.0028991238963199995
Fugue-asplos-EPIC-long-4000,F3,prefill_common,29,comm_g2g,GPU,0,0.01959746291667637,0.01959746291667637,0.0,9.0308608e-06
Fugue-asplos-EPIC-long-4000,F3,prefill_common,29,norm1,GPU,0,0.01959746291667637,0.019606266502394748,8.803585718377088e-06,8.492699648e-05
Fugue-asplos-EPIC-long-4000,F3,prefill_common,29,ff1,GPU,0,0.019606266502394748,0.019653987027332138,4.7720524937388185e-05,0.007102521234773332
Fugue-asplos-EPIC-long-4000,F3,prefill_common,29,ff2,GPU,0,0.019653987027332138,0.019701707552269528,4.7720524937388185e-05,0.007102521234773332
Fugue-asplos-EPIC-long-4000,F3,prefill_common,29,glu,GPU,0,0.019701707552269528,0.019711438073629718,9.73052136019093e-06,0.00022721298431999996
Fugue-asplos-EPIC-long-4000,F3,prefill_common,29,ff3,GPU,0,0.019711438073629718,0.019758074041182166,4.663596755244755e-05,0.007684106048853332
Fugue-asplos-EPIC-long-4000,F3,prefill_common,29,comm_g2g,GPU,0,0.019758074041182166,0.019758074041182166,0.0,9.0308608e-06
Fugue-asplos-EPIC-long-4000,F3,prefill_common,29,norm2,GPU,0,0.019758074041182166,0.019766877626900544,8.803585718377088e-06,8.492699648e-05
Fugue-asplos-EPIC-long-4000,F3,prefill_common,30,qkv,GPU,0,0.019766877626900544,0.019814970968439007,4.809334153846154e-05,0.00798523916288
Fugue-asplos-EPIC-long-4000,F3,prefill_attention,30,attention_service,GPU,0,0.019814970968439007,0.02023887034974089,0.00042389938130188594,0.008623565043199999
Fugue-asplos-EPIC-long-4000,F3,prefill_common,30,proj,GPU,0,0.02023887034974089,0.020256358837573058,1.7488487832167832e-05,0.0028991238963199995
Fugue-asplos-EPIC-long-4000,F3,prefill_common,30,comm_g2g,GPU,0,0.020256358837573058,0.020256358837573058,0.0,9.0308608e-06
Fugue-asplos-EPIC-long-4000,F3,prefill_common,30,norm1,GPU,0,0.020256358837573058,0.020265162423291436,8.803585718377088e-06,8.492699648e-05
Fugue-asplos-EPIC-long-4000,F3,prefill_common,30,ff1,GPU,0,0.020265162423291436,0.020312882948228826,4.7720524937388185e-05,0.007102521234773332
Fugue-asplos-EPIC-long-4000,F3,prefill_common,30,ff2,GPU,0,0.020312882948228826,0.020360603473166216,4.7720524937388185e-05,0.007102521234773332
Fugue-asplos-EPIC-long-4000,F3,prefill_common,30,glu,GPU,0,0.020360603473166216,0.020370333994526407,9.73052136019093e-06,0.00022721298431999996
Fugue-asplos-EPIC-long-4000,F3,prefill_common,30,ff3,GPU,0,0.020370333994526407,0.020416969962078854,4.663596755244755e-05,0.007684106048853332
Fugue-asplos-EPIC-long-4000,F3,prefill_common,30,comm_g2g,GPU,0,0.020416969962078854,0.020416969962078854,0.0,9.0308608e-06
Fugue-asplos-EPIC-long-4000,F3,prefill_common,30,norm2,GPU,0,0.020416969962078854,0.020425773547797232,8.803585718377088e-06,8.492699648e-05
Fugue-asplos-EPIC-long-4000,F3,prefill_common,31,qkv,GPU,0,0.020425773547797232,0.020473866889335696,4.809334153846154e-05,0.00798523916288
Fugue-asplos-EPIC-long-4000,F3,prefill_attention,31,attention_service,GPU,0,0.020473866889335696,0.02089776627063758,0.00042389938130188594,0.008623565043199999
Fugue-asplos-EPIC-long-4000,F3,prefill_common,31,proj,GPU,0,0.02089776627063758,0.020915254758469747,1.7488487832167832e-05,0.0028991238963199995
Fugue-asplos-EPIC-long-4000,F3,prefill_common,31,comm_g2g,GPU,0,0.020915254758469747,0.020915254758469747,0.0,9.0308608e-06
Fugue-asplos-EPIC-long-4000,F3,prefill_common,31,norm1,GPU,0,0.020915254758469747,0.020924058344188125,8.803585718377088e-06,8.492699648e-05
Fugue-asplos-EPIC-long-4000,F3,prefill_common,31,ff1,GPU,0,0.020924058344188125,0.020971778869125515,4.7720524937388185e-05,0.007102521234773332
Fugue-asplos-EPIC-long-4000,F3,prefill_common,31,ff2,GPU,0,0.020971778869125515,0.021019499394062904,4.7720524937388185e-05,0.007102521234773332
Fugue-asplos-EPIC-long-4000,F3,prefill_common,31,glu,GPU,0,0.021019499394062904,0.021029229915423095,9.73052136019093e-06,0.00022721298431999996
Fugue-asplos-EPIC-long-4000,F3,prefill_common,31,ff3,GPU,0,0.021029229915423095,0.021075865882975543,4.663596755244755e-05,0.007684106048853332
Fugue-asplos-EPIC-long-4000,F3,prefill_common,31,comm_g2g,GPU,0,0.021075865882975543,0.021075865882975543,0.0,9.0308608e-06
Fugue-asplos-EPIC-long-4000,F3,prefill_common,31,norm2,GPU,0,0.021075865882975543,0.02108466946869392,8.803585718377088e-06,8.492699648e-05
Fugue-asplos-EPIC-long-4000,F3,decode,all,native_transformer,GPU+PIM,1,0.02108466946869392,0.026705235633194893,0.005620566164500972,0.4363817237651455
Fugue-asplos-EPIC-long-4000,F3,decode,all,native_transformer,GPU+PIM,2,0.026705235633194893,0.03232580179769587,0.005620566164500972,0.4363817665413119
Fugue-asplos-EPIC-long-4000,F3,decode,all,native_transformer,GPU+PIM,3,0.03232580179769587,0.037946367962196845,0.005620566164500972,0.43638180931747833
Fugue-asplos-EPIC-long-4000,F3,decode,all,native_transformer,GPU+PIM,4,0.037946367962196845,0.04356693412669782,0.005620566164500972,0.4363818520936447
Fugue-asplos-EPIC-long-4000,F3,decode,all,native_transformer,GPU+PIM,5,0.04356693412669782,0.04918843539519879,0.0056215012685009716,0.4364222650458111
Fugue-asplos-EPIC-long-4000,F3,decode,all,native_transformer,GPU+PIM,6,0.04918843539519879,0.054809936663699765,0.0056215012685009716,0.4364223078219775
Fugue-asplos-EPIC-long-4000,F3,decode,all,native_transformer,GPU+PIM,7,0.054809936663699765,0.06043143793220074,0.0056215012685009716,0.43642235059814394
Fugue-asplos-EPIC-long-4000,F3,decode,all,native_transformer,GPU+PIM,8,0.06043143793220074,0.06605293920070171,0.0056215012685009716,0.43642239337431027
Fugue-asplos-EPIC-long-4000,F3,decode,all,native_transformer,GPU+PIM,9,0.06605293920070171,0.07167444046920268,0.0056215012685009716,0.43642243615047666
Fugue-asplos-EPIC-long-4000,F3,decode,all,native_transformer,GPU+PIM,10,0.07167444046920268,0.07729594173770366,0.0056215012685009716,0.4364224789266431
Fugue-asplos-EPIC-long-4000,F3,decode,all,native_transformer,GPU+PIM,11,0.07729594173770366,0.08291744300620463,0.0056215012685009716,0.4364225217028095
Fugue-asplos-EPIC-long-4000,F3,decode,all,native_transformer,GPU+PIM,12,0.08291744300620463,0.0885389442747056,0.0056215012685009716,0.43642256447897587
Fugue-asplos-EPIC-long-4000,F3,decode,all,native_transformer,GPU+PIM,13,0.0885389442747056,0.09416044554320657,0.0056215012685009716,0.43642260725514226
Fugue-asplos-EPIC-long-4000,F3,decode,all,native_transformer,GPU+PIM,14,0.09416044554320657,0.09978194681170754,0.0056215012685009716,0.4364226500313087
Fugue-asplos-EPIC-long-4000,F3,decode,all,native_transformer,GPU+PIM,15,0.09978194681170754,0.10540344808020852,0.0056215012685009716,0.4364226928074751
Fugue-asplos-EPIC-long-4000,F4,prefill_common,0,qkv,GPU,0,0.0,4.809334153846154e-05,4.809334153846154e-05,0.00798523916288
Fugue-asplos-EPIC-long-4000,F4,prefill_attention,0,attention_service,PIM,0,4.809334153846154e-05,0.00022261430533400644,0.0001745209637955449,0.005149053953433599
Fugue-asplos-EPIC-long-4000,F4,prefill_common,0,proj,GPU,0,0.00022261430533400644,0.00024010279316617427,1.7488487832167832e-05,0.0028991238963199995
Fugue-asplos-EPIC-long-4000,F4,prefill_common,0,comm_g2g,GPU,0,0.00024010279316617427,0.00024010279316617427,0.0,9.0308608e-06
Fugue-asplos-EPIC-long-4000,F4,prefill_common,0,norm1,GPU,0,0.00024010279316617427,0.00024890637888455136,8.803585718377088e-06,8.492699648e-05
Fugue-asplos-EPIC-long-4000,F4,prefill_common,0,ff1,GPU,0,0.00024890637888455136,0.0002966269038219395,4.7720524937388185e-05,0.007102521234773332
Fugue-asplos-EPIC-long-4000,F4,prefill_common,0,ff2,GPU,0,0.0002966269038219395,0.0003443474287593277,4.7720524937388185e-05,0.007102521234773332
Fugue-asplos-EPIC-long-4000,F4,prefill_common,0,glu,GPU,0,0.0003443474287593277,0.0003540779501195186,9.73052136019093e-06,0.00022721298431999996
Fugue-asplos-EPIC-long-4000,F4,prefill_common,0,ff3,GPU,0,0.0003540779501195186,0.00040071391767196616,4.663596755244755e-05,0.007684106048853332
Fugue-asplos-EPIC-long-4000,F4,prefill_common,0,comm_g2g,GPU,0,0.00040071391767196616,0.00040071391767196616,0.0,9.0308608e-06
Fugue-asplos-EPIC-long-4000,F4,prefill_common,0,norm2,GPU,0,0.00040071391767196616,0.0004095175033903433,8.803585718377088e-06,8.492699648e-05
Fugue-asplos-EPIC-long-4000,F4,prefill_common,1,qkv,GPU,0,0.0004095175033903433,0.0004576108449288048,4.809334153846154e-05,0.00798523916288
Fugue-asplos-EPIC-long-4000,F4,prefill_attention,1,attention_service,PIM,0,0.0004576108449288048,0.0006321318087243497,0.0001745209637955449,0.005149053953433599
Fugue-asplos-EPIC-long-4000,F4,prefill_common,1,proj,GPU,0,0.0006321318087243497,0.0006496202965565176,1.7488487832167832e-05,0.0028991238963199995
Fugue-asplos-EPIC-long-4000,F4,prefill_common,1,comm_g2g,GPU,0,0.0006496202965565176,0.0006496202965565176,0.0,9.0308608e-06
Fugue-asplos-EPIC-long-4000,F4,prefill_common,1,norm1,GPU,0,0.0006496202965565176,0.0006584238822748946,8.803585718377088e-06,8.492699648e-05
Fugue-asplos-EPIC-long-4000,F4,prefill_common,1,ff1,GPU,0,0.0006584238822748946,0.0007061444072122828,4.7720524937388185e-05,0.007102521234773332
Fugue-asplos-EPIC-long-4000,F4,prefill_common,1,ff2,GPU,0,0.0007061444072122828,0.000753864932149671,4.7720524937388185e-05,0.007102521234773332
Fugue-asplos-EPIC-long-4000,F4,prefill_common,1,glu,GPU,0,0.000753864932149671,0.0007635954535098619,9.73052136019093e-06,0.00022721298431999996
Fugue-asplos-EPIC-long-4000,F4,prefill_common,1,ff3,GPU,0,0.0007635954535098619,0.0008102314210623094,4.663596755244755e-05,0.007684106048853332
Fugue-asplos-EPIC-long-4000,F4,prefill_common,1,comm_g2g,GPU,0,0.0008102314210623094,0.0008102314210623094,0.0,9.0308608e-06
Fugue-asplos-EPIC-long-4000,F4,prefill_common,1,norm2,GPU,0,0.0008102314210623094,0.0008190350067806864,8.803585718377088e-06,8.492699648e-05
Fugue-asplos-EPIC-long-4000,F4,prefill_common,2,qkv,GPU,0,0.0008190350067806864,0.0008671283483191479,4.809334153846154e-05,0.00798523916288
Fugue-asplos-EPIC-long-4000,F4,prefill_attention,2,attention_service,PIM,0,0.0008671283483191479,0.0010416493121146928,0.0001745209637955449,0.005149053953433599
Fugue-asplos-EPIC-long-4000,F4,prefill_common,2,proj,GPU,0,0.0010416493121146928,0.0010591377999468606,1.7488487832167832e-05,0.0028991238963199995
Fugue-asplos-EPIC-long-4000,F4,prefill_common,2,comm_g2g,GPU,0,0.0010591377999468606,0.0010591377999468606,0.0,9.0308608e-06
Fugue-asplos-EPIC-long-4000,F4,prefill_common,2,norm1,GPU,0,0.0010591377999468606,0.0010679413856652378,8.803585718377088e-06,8.492699648e-05
Fugue-asplos-EPIC-long-4000,F4,prefill_common,2,ff1,GPU,0,0.0010679413856652378,0.001115661910602626,4.7720524937388185e-05,0.007102521234773332
Fugue-asplos-EPIC-long-4000,F4,prefill_common,2,ff2,GPU,0,0.001115661910602626,0.0011633824355400143,4.7720524937388185e-05,0.007102521234773332
Fugue-asplos-EPIC-long-4000,F4,prefill_common,2,glu,GPU,0,0.0011633824355400143,0.0011731129569002054,9.73052136019093e-06,0.00022721298431999996
Fugue-asplos-EPIC-long-4000,F4,prefill_common,2,ff3,GPU,0,0.0011731129569002054,0.001219748924452653,4.663596755244755e-05,0.007684106048853332
Fugue-asplos-EPIC-long-4000,F4,prefill_common,2,comm_g2g,GPU,0,0.001219748924452653,0.001219748924452653,0.0,9.0308608e-06
Fugue-asplos-EPIC-long-4000,F4,prefill_common,2,norm2,GPU,0,0.001219748924452653,0.0012285525101710301,8.803585718377088e-06,8.492699648e-05
Fugue-asplos-EPIC-long-4000,F4,prefill_common,3,qkv,GPU,0,0.0012285525101710301,0.0012766458517094916,4.809334153846154e-05,0.00798523916288
Fugue-asplos-EPIC-long-4000,F4,prefill_attention,3,attention_service,PIM,0,0.0012766458517094916,0.0014511668155050366,0.0001745209637955449,0.005149053953433599
Fugue-asplos-EPIC-long-4000,F4,prefill_common,3,proj,GPU,0,0.0014511668155050366,0.0014686553033372044,1.7488487832167832e-05,0.0028991238963199995
Fugue-asplos-EPIC-long-4000,F4,prefill_common,3,comm_g2g,GPU,0,0.0014686553033372044,0.0014686553033372044,0.0,9.0308608e-06
Fugue-asplos-EPIC-long-4000,F4,prefill_common,3,norm1,GPU,0,0.0014686553033372044,0.0014774588890555816,8.803585718377088e-06,8.492699648e-05
Fugue-asplos-EPIC-long-4000,F4,prefill_common,3,ff1,GPU,0,0.0014774588890555816,0.0015251794139929699,4.7720524937388185e-05,0.007102521234773332
Fugue-asplos-EPIC-long-4000,F4,prefill_common,3,ff2,GPU,0,0.0015251794139929699,0.0015728999389303582,4.7720524937388185e-05,0.007102521234773332
Fugue-asplos-EPIC-long-4000,F4,prefill_common,3,glu,GPU,0,0.0015728999389303582,0.0015826304602905492,9.73052136019093e-06,0.00022721298431999996
Fugue-asplos-EPIC-long-4000,F4,prefill_common,3,ff3,GPU,0,0.0015826304602905492,0.0016292664278429968,4.663596755244755e-05,0.007684106048853332
Fugue-asplos-EPIC-long-4000,F4,prefill_common,3,comm_g2g,GPU,0,0.0016292664278429968,0.0016292664278429968,0.0,9.0308608e-06
Fugue-asplos-EPIC-long-4000,F4,prefill_common,3,norm2,GPU,0,0.0016292664278429968,0.001638070013561374,8.803585718377088e-06,8.492699648e-05
Fugue-asplos-EPIC-long-4000,F4,prefill_common,4,qkv,GPU,0,0.001638070013561374,0.0016861633550998355,4.809334153846154e-05,0.00798523916288
Fugue-asplos-EPIC-long-4000,F4,prefill_attention,4,attention_service,PIM,0,0.0016861633550998355,0.0018606843188953804,0.0001745209637955449,0.005149053953433599
Fugue-asplos-EPIC-long-4000,F4,prefill_common,4,proj,GPU,0,0.0018606843188953804,0.0018781728067275483,1.7488487832167832e-05,0.0028991238963199995
Fugue-asplos-EPIC-long-4000,F4,prefill_common,4,comm_g2g,GPU,0,0.0018781728067275483,0.0018781728067275483,0.0,9.0308608e-06
Fugue-asplos-EPIC-long-4000,F4,prefill_common,4,norm1,GPU,0,0.0018781728067275483,0.0018869763924459254,8.803585718377088e-06,8.492699648e-05
Fugue-asplos-EPIC-long-4000,F4,prefill_common,4,ff1,GPU,0,0.0018869763924459254,0.0019346969173833137,4.7720524937388185e-05,0.007102521234773332
Fugue-asplos-EPIC-long-4000,F4,prefill_common,4,ff2,GPU,0,0.0019346969173833137,0.001982417442320702,4.7720524937388185e-05,0.007102521234773332
Fugue-asplos-EPIC-long-4000,F4,prefill_common,4,glu,GPU,0,0.001982417442320702,0.001992147963680893,9.73052136019093e-06,0.00022721298431999996
Fugue-asplos-EPIC-long-4000,F4,prefill_common,4,ff3,GPU,0,0.001992147963680893,0.0020387839312333406,4.663596755244755e-05,0.007684106048853332
Fugue-asplos-EPIC-long-4000,F4,prefill_common,4,comm_g2g,GPU,0,0.0020387839312333406,0.0020387839312333406,0.0,9.0308608e-06
Fugue-asplos-EPIC-long-4000,F4,prefill_common,4,norm2,GPU,0,0.0020387839312333406,0.0020475875169517176,8.803585718377088e-06,8.492699648e-05
Fugue-asplos-EPIC-long-4000,F4,prefill_common,5,qkv,GPU,0,0.0020475875169517176,0.002095680858490179,4.809334153846154e-05,0.00798523916288
Fugue-asplos-EPIC-long-4000,F4,prefill_attention,5,attention_service,PIM,0,0.002095680858490179,0.002270201822285724,0.0001745209637955449,0.005149053953433599
Fugue-asplos-EPIC-long-4000,F4,prefill_common,5,proj,GPU,0,0.002270201822285724,0.0022876903101178916,1.7488487832167832e-05,0.0028991238963199995
Fugue-asplos-EPIC-long-4000,F4,prefill_common,5,comm_g2g,GPU,0,0.0022876903101178916,0.0022876903101178916,0.0,9.0308608e-06
Fugue-asplos-EPIC-long-4000,F4,prefill_common,5,norm1,GPU,0,0.0022876903101178916,0.0022964938958362686,8.803585718377088e-06,8.492699648e-05
Fugue-asplos-EPIC-long-4000,F4,prefill_common,5,ff1,GPU,0,0.0022964938958362686,0.0023442144207736566,4.7720524937388185e-05,0.007102521234773332
Fugue-asplos-EPIC-long-4000,F4,prefill_common,5,ff2,GPU,0,0.0023442144207736566,0.0023919349457110447,4.7720524937388185e-05,0.007102521234773332
Fugue-asplos-EPIC-long-4000,F4,prefill_common,5,glu,GPU,0,0.0023919349457110447,0.0024016654670712357,9.73052136019093e-06,0.00022721298431999996
Fugue-asplos-EPIC-long-4000,F4,prefill_common,5,ff3,GPU,0,0.0024016654670712357,0.0024483014346236833,4.663596755244755e-05,0.007684106048853332
Fugue-asplos-EPIC-long-4000,F4,prefill_common,5,comm_g2g,GPU,0,0.0024483014346236833,0.0024483014346236833,0.0,9.0308608e-06
Fugue-asplos-EPIC-long-4000,F4,prefill_common,5,norm2,GPU,0,0.0024483014346236833,0.0024571050203420603,8.803585718377088e-06,8.492699648e-05
Fugue-asplos-EPIC-long-4000,F4,prefill_common,6,qkv,GPU,0,0.0024571050203420603,0.002505198361880522,4.809334153846154e-05,0.00798523916288
Fugue-asplos-EPIC-long-4000,F4,prefill_attention,6,attention_service,PIM,0,0.002505198361880522,0.0026797193256760665,0.0001745209637955449,0.005149053953433599
Fugue-asplos-EPIC-long-4000,F4,prefill_common,6,proj,GPU,0,0.0026797193256760665,0.0026972078135082344,1.7488487832167832e-05,0.0028991238963199995
Fugue-asplos-EPIC-long-4000,F4,prefill_common,6,comm_g2g,GPU,0,0.0026972078135082344,0.0026972078135082344,0.0,9.0308608e-06
Fugue-asplos-EPIC-long-4000,F4,prefill_common,6,norm1,GPU,0,0.0026972078135082344,0.0027060113992266113,8.803585718377088e-06,8.492699648e-05
Fugue-asplos-EPIC-long-4000,F4,prefill_common,6,ff1,GPU,0,0.0027060113992266113,0.0027537319241639994,4.7720524937388185e-05,0.007102521234773332
Fugue-asplos-EPIC-long-4000,F4,prefill_common,6,ff2,GPU,0,0.0027537319241639994,0.0028014524491013874,4.7720524937388185e-05,0.007102521234773332
Fugue-asplos-EPIC-long-4000,F4,prefill_common,6,glu,GPU,0,0.0028014524491013874,0.0028111829704615785,9.73052136019093e-06,0.00022721298431999996
Fugue-asplos-EPIC-long-4000,F4,prefill_common,6,ff3,GPU,0,0.0028111829704615785,0.002857818938014026,4.663596755244755e-05,0.007684106048853332
Fugue-asplos-EPIC-long-4000,F4,prefill_common,6,comm_g2g,GPU,0,0.002857818938014026,0.002857818938014026,0.0,9.0308608e-06
Fugue-asplos-EPIC-long-4000,F4,prefill_common,6,norm2,GPU,0,0.002857818938014026,0.002866622523732403,8.803585718377088e-06,8.492699648e-05
Fugue-asplos-EPIC-long-4000,F4,prefill_common,7,qkv,GPU,0,0.002866622523732403,0.0029147158652708645,4.809334153846154e-05,0.00798523916288
Fugue-asplos-EPIC-long-4000,F4,prefill_attention,7,attention_service,PIM,0,0.0029147158652708645,0.0030892368290664093,0.0001745209637955449,0.005149053953433599
Fugue-asplos-EPIC-long-4000,F4,prefill_common,7,proj,GPU,0,0.0030892368290664093,0.003106725316898577,1.7488487832167832e-05,0.0028991238963199995
Fugue-asplos-EPIC-long-4000,F4,prefill_common,7,comm_g2g,GPU,0,0.003106725316898577,0.003106725316898577,0.0,9.0308608e-06
Fugue-asplos-EPIC-long-4000,F4,prefill_common,7,norm1,GPU,0,0.003106725316898577,0.003115528902616954,8.803585718377088e-06,8.492699648e-05
Fugue-asplos-EPIC-long-4000,F4,prefill_common,7,ff1,GPU,0,0.003115528902616954,0.003163249427554342,4.7720524937388185e-05,0.007102521234773332
Fugue-asplos-EPIC-long-4000,F4,prefill_common,7,ff2,GPU,0,0.003163249427554342,0.00321096995249173,4.7720524937388185e-05,0.007102521234773332
Fugue-asplos-EPIC-long-4000,F4,prefill_common,7,glu,GPU,0,0.00321096995249173,0.003220700473851921,9.73052136019093e-06,0.00022721298431999996
Fugue-asplos-EPIC-long-4000,F4,prefill_common,7,ff3,GPU,0,0.003220700473851921,0.003267336441404369,4.663596755244755e-05,0.007684106048853332
Fugue-asplos-EPIC-long-4000,F4,prefill_common,7,comm_g2g,GPU,0,0.003267336441404369,0.003267336441404369,0.0,9.0308608e-06
Fugue-asplos-EPIC-long-4000,F4,prefill_common,7,norm2,GPU,0,0.003267336441404369,0.0032761400271227458,8.803585718377088e-06,8.492699648e-05
Fugue-asplos-EPIC-long-4000,F4,prefill_common,8,qkv,GPU,0,0.0032761400271227458,0.0033242333686612073,4.809334153846154e-05,0.00798523916288
Fugue-asplos-EPIC-long-4000,F4,prefill_attention,8,attention_service,PIM,0,0.0033242333686612073,0.003498754332456752,0.0001745209637955449,0.005149053953433599
Fugue-asplos-EPIC-long-4000,F4,prefill_common,8,proj,GPU,0,0.003498754332456752,0.00351624282028892,1.7488487832167832e-05,0.0028991238963199995
Fugue-asplos-EPIC-long-4000,F4,prefill_common,8,comm_g2g,GPU,0,0.00351624282028892,0.00351624282028892,0.0,9.0308608e-06
Fugue-asplos-EPIC-long-4000,F4,prefill_common,8,norm1,GPU,0,0.00351624282028892,0.003525046406007297,8.803585718377088e-06,8.492699648e-05
Fugue-asplos-EPIC-long-4000,F4,prefill_common,8,ff1,GPU,0,0.003525046406007297,0.003572766930944685,4.7720524937388185e-05,0.007102521234773332
Fugue-asplos-EPIC-long-4000,F4,prefill_common,8,ff2,GPU,0,0.003572766930944685,0.003620487455882073,4.7720524937388185e-05,0.007102521234773332
Fugue-asplos-EPIC-long-4000,F4,prefill_common,8,glu,GPU,0,0.003620487455882073,0.003630217977242264,9.73052136019093e-06,0.00022721298431999996
Fugue-asplos-EPIC-long-4000,F4,prefill_common,8,ff3,GPU,0,0.003630217977242264,0.0036768539447947115,4.663596755244755e-05,0.007684106048853332
Fugue-asplos-EPIC-long-4000,F4,prefill_common,8,comm_g2g,GPU,0,0.0036768539447947115,0.0036768539447947115,0.0,9.0308608e-06
Fugue-asplos-EPIC-long-4000,F4,prefill_common,8,norm2,GPU,0,0.0036768539447947115,0.0036856575305130885,8.803585718377088e-06,8.492699648e-05
Fugue-asplos-EPIC-long-4000,F4,prefill_common,9,qkv,GPU,0,0.0036856575305130885,0.00373375087205155,4.809334153846154e-05,0.00798523916288
Fugue-asplos-EPIC-long-4000,F4,prefill_attention,9,attention_service,PIM,0,0.00373375087205155,0.003908271835847095,0.0001745209637955449,0.005149053953433599
Fugue-asplos-EPIC-long-4000,F4,prefill_common,9,proj,GPU,0,0.003908271835847095,0.003925760323679263,1.7488487832167832e-05,0.0028991238963199995
Fugue-asplos-EPIC-long-4000,F4,prefill_common,9,comm_g2g,GPU,0,0.003925760323679263,0.003925760323679263,0.0,9.0308608e-06
Fugue-asplos-EPIC-long-4000,F4,prefill_common,9,norm1,GPU,0,0.003925760323679263,0.00393456390939764,8.803585718377088e-06,8.492699648e-05
Fugue-asplos-EPIC-long-4000,F4,prefill_common,9,ff1,GPU,0,0.00393456390939764,0.003982284434335028,4.7720524937388185e-05,0.007102521234773332
Fugue-asplos-EPIC-long-4000,F4,prefill_common,9,ff2,GPU,0,0.003982284434335028,0.004030004959272416,4.7720524937388185e-05,0.007102521234773332
Fugue-asplos-EPIC-long-4000,F4,prefill_common,9,glu,GPU,0,0.004030004959272416,0.004039735480632607,9.73052136019093e-06,0.00022721298431999996
Fugue-asplos-EPIC-long-4000,F4,prefill_common,9,ff3,GPU,0,0.004039735480632607,0.004086371448185054,4.663596755244755e-05,0.007684106048853332
Fugue-asplos-EPIC-long-4000,F4,prefill_common,9,comm_g2g,GPU,0,0.004086371448185054,0.004086371448185054,0.0,9.0308608e-06
Fugue-asplos-EPIC-long-4000,F4,prefill_common,9,norm2,GPU,0,0.004086371448185054,0.004095175033903432,8.803585718377088e-06,8.492699648e-05
Fugue-asplos-EPIC-long-4000,F4,prefill_common,10,qkv,GPU,0,0.004095175033903432,0.004143268375441893,4.809334153846154e-05,0.00798523916288
Fugue-asplos-EPIC-long-4000,F4,prefill_attention,10,attention_service,PIM,0,0.004143268375441893,0.004317789339237438,0.0001745209637955449,0.005149053953433599
Fugue-asplos-EPIC-long-4000,F4,prefill_common,10,proj,GPU,0,0.004317789339237438,0.004335277827069606,1.7488487832167832e-05,0.0028991238963199995
Fugue-asplos-EPIC-long-4000,F4,prefill_common,10,comm_g2g,GPU,0,0.004335277827069606,0.004335277827069606,0.0,9.0308608e-06
Fugue-asplos-EPIC-long-4000,F4,prefill_common,10,norm1,GPU,0,0.004335277827069606,0.004344081412787983,8.803585718377088e-06,8.492699648e-05
Fugue-asplos-EPIC-long-4000,F4,prefill_common,10,ff1,GPU,0,0.004344081412787983,0.004391801937725371,4.7720524937388185e-05,0.007102521234773332
Fugue-asplos-EPIC-long-4000,F4,prefill_common,10,ff2,GPU,0,0.004391801937725371,0.004439522462662759,4.7720524937388185e-05,0.007102521234773332
Fugue-asplos-EPIC-long-4000,F4,prefill_common,10,glu,GPU,0,0.004439522462662759,0.00444925298402295,9.73052136019093e-06,0.00022721298431999996
Fugue-asplos-EPIC-long-4000,F4,prefill_common,10,ff3,GPU,0,0.00444925298402295,0.0044958889515753974,4.663596755244755e-05,0.007684106048853332
Fugue-asplos-EPIC-long-4000,F4,prefill_common,10,comm_g2g,GPU,0,0.0044958889515753974,0.0044958889515753974,0.0,9.0308608e-06
Fugue-asplos-EPIC-long-4000,F4,prefill_common,10,norm2,GPU,0,0.0044958889515753974,0.004504692537293775,8.803585718377088e-06,8.492699648e-05
Fugue-asplos-EPIC-long-4000,F4,prefill_common,11,qkv,GPU,0,0.004504692537293775,0.004552785878832236,4.809334153846154e-05,0.00798523916288
Fugue-asplos-EPIC-long-4000,F4,prefill_attention,11,attention_service,PIM,0,0.004552785878832236,0.0047273068426277815,0.0001745209637955449,0.005149053953433599
Fugue-asplos-EPIC-long-4000,F4,prefill_common,11,proj,GPU,0,0.0047273068426277815,0.004744795330459949,1.7488487832167832e-05,0.0028991238963199995
Fugue-asplos-EPIC-long-4000,F4,prefill_common,11,comm_g2g,GPU,0,0.004744795330459949,0.004744795330459949,0.0,9.0308608e-06
Fugue-asplos-EPIC-long-4000,F4,prefill_common,11,norm1,GPU,0,0.004744795330459949,0.004753598916178326,8.803585718377088e-06,8.492699648e-05
Fugue-asplos-EPIC-long-4000,F4,prefill_common,11,ff1,GPU,0,0.004753598916178326,0.004801319441115714,4.7720524937388185e-05,0.007102521234773332
Fugue-asplos-EPIC-long-4000,F4,prefill_common,11,ff2,GPU,0,0.004801319441115714,0.004849039966053102,4.7720524937388185e-05,0.007102521234773332
Fugue-asplos-EPIC-long-4000,F4,prefill_common,11,glu,GPU,0,0.004849039966053102,0.004858770487413293,9.73052136019093e-06,0.00022721298431999996
Fugue-asplos-EPIC-long-4000,F4,prefill_common,11,ff3,GPU,0,0.004858770487413293,0.004905406454965741,4.663596755244755e-05,0.007684106048853332
Fugue-asplos-EPIC-long-4000,F4,prefill_common,11,comm_g2g,GPU,0,0.004905406454965741,0.004905406454965741,0.0,9.0308608e-06
Fugue-asplos-EPIC-long-4000,F4,prefill_common,11,norm2,GPU,0,0.004905406454965741,0.004914210040684118,8.803585718377088e-06,8.492699648e-05
Fugue-asplos-EPIC-long-4000,F4,prefill_common,12,qkv,GPU,0,0.004914210040684118,0.0049623033822225795,4.809334153846154e-05,0.00798523916288
Fugue-asplos-EPIC-long-4000,F4,prefill_attention,12,attention_service,PIM,0,0.0049623033822225795,0.005136824346018125,0.0001745209637955449,0.005149053953433599
Fugue-asplos-EPIC-long-4000,F4,prefill_common,12,proj,GPU,0,0.005136824346018125,0.005154312833850292,1.7488487832167832e-05,0.0028991238963199995
Fugue-asplos-EPIC-long-4000,F4,prefill_common,12,comm_g2g,GPU,0,0.005154312833850292,0.005154312833850292,0.0,9.0308608e-06
Fugue-asplos-EPIC-long-4000,F4,prefill_common,12,norm1,GPU,0,0.005154312833850292,0.0051631164195686695,8.803585718377088e-06,8.492699648e-05
Fugue-asplos-EPIC-long-4000,F4,prefill_common,12,ff1,GPU,0,0.0051631164195686695,0.0052108369445060575,4.7720524937388185e-05,0.007102521234773332
Fugue-asplos-EPIC-long-4000,F4,prefill_common,12,ff2,GPU,0,0.0052108369445060575,0.0052585574694434456,4.7720524937388185e-05,0.007102521234773332
Fugue-asplos-EPIC-long-4000,F4,prefill_common,12,glu,GPU,0,0.0052585574694434456,0.005268287990803636,9.73052136019093e-06,0.00022721298431999996
Fugue-asplos-EPIC-long-4000,F4,prefill_common,12,ff3,GPU,0,0.005268287990803636,0.005314923958356084,4.663596755244755e-05,0.007684106048853332
Fugue-asplos-EPIC-long-4000,F4,prefill_common,12,comm_g2g,GPU,0,0.005314923958356084,0.005314923958356084,0.0,9.0308608e-06
Fugue-asplos-EPIC-long-4000,F4,prefill_common,12,norm2,GPU,0,0.005314923958356084,0.005323727544074461,8.803585718377088e-06,8.492699648e-05
Fugue-asplos-EPIC-long-4000,F4,prefill_common,13,qkv,GPU,0,0.005323727544074461,0.005371820885612923,4.809334153846154e-05,0.00798523916288
Fugue-asplos-EPIC-long-4000,F4,prefill_attention,13,attention_service,PIM,0,0.005371820885612923,0.005546341849408468,0.0001745209637955449,0.005149053953433599
Fugue-asplos-EPIC-long-4000,F4,prefill_common,13,proj,GPU,0,0.005546341849408468,0.005563830337240635,1.7488487832167832e-05,0.0028991238963199995
Fugue-asplos-EPIC-long-4000,F4,prefill_common,13,comm_g2g,GPU,0,0.005563830337240635,0.005563830337240635,0.0,9.0308608e-06
Fugue-asplos-EPIC-long-4000,F4,prefill_common,13,norm1,GPU,0,0.005563830337240635,0.005572633922959013,8.803585718377088e-06,8.492699648e-05
Fugue-asplos-EPIC-long-4000,F4,prefill_common,13,ff1,GPU,0,0.005572633922959013,0.005620354447896401,4.7720524937388185e-05,0.007102521234773332
Fugue-asplos-EPIC-long-4000,F4,prefill_common,13,ff2,GPU,0,0.005620354447896401,0.005668074972833789,4.7720524937388185e-05,0.007102521234773332
Fugue-asplos-EPIC-long-4000,F4,prefill_common,13,glu,GPU,0,0.005668074972833789,0.005677805494193979,9.73052136019093e-06,0.00022721298431999996
Fugue-asplos-EPIC-long-4000,F4,prefill_common,13,ff3,GPU,0,0.005677805494193979,0.005724441461746427,4.663596755244755e-05,0.007684106048853332
Fugue-asplos-EPIC-long-4000,F4,prefill_common,13,comm_g2g,GPU,0,0.005724441461746427,0.005724441461746427,0.0,9.0308608e-06
Fugue-asplos-EPIC-long-4000,F4,prefill_common,13,norm2,GPU,0,0.005724441461746427,0.005733245047464804,8.803585718377088e-06,8.492699648e-05
Fugue-asplos-EPIC-long-4000,F4,prefill_common,14,qkv,GPU,0,0.005733245047464804,0.005781338389003266,4.809334153846154e-05,0.00798523916288
Fugue-asplos-EPIC-long-4000,F4,prefill_attention,14,attention_service,PIM,0,0.005781338389003266,0.005955859352798811,0.0001745209637955449,0.005149053953433599
Fugue-asplos-EPIC-long-4000,F4,prefill_common,14,proj,GPU,0,0.005955859352798811,0.005973347840630978,1.7488487832167832e-05,0.0028991238963199995
Fugue-asplos-EPIC-long-4000,F4,prefill_common,14,comm_g2g,GPU,0,0.005973347840630978,0.005973347840630978,0.0,9.0308608e-06
Fugue-asplos-EPIC-long-4000,F4,prefill_common,14,norm1,GPU,0,0.005973347840630978,0.005982151426349356,8.803585718377088e-06,8.492699648e-05
Fugue-asplos-EPIC-long-4000,F4,prefill_common,14,ff1,GPU,0,0.005982151426349356,0.006029871951286744,4.7720524937388185e-05,0.007102521234773332
Fugue-asplos-EPIC-long-4000,F4,prefill_common,14,ff2,GPU,0,0.006029871951286744,0.006077592476224132,4.7720524937388185e-05,0.007102521234773332
Fugue-asplos-EPIC-long-4000,F4,prefill_common,14,glu,GPU,0,0.006077592476224132,0.0060873229975843225,9.73052136019093e-06,0.00022721298431999996
Fugue-asplos-EPIC-long-4000,F4,prefill_common,14,ff3,GPU,0,0.0060873229975843225,0.00613395896513677,4.663596755244755e-05,0.007684106048853332
Fugue-asplos-EPIC-long-4000,F4,prefill_common,14,comm_g2g,GPU,0,0.00613395896513677,0.00613395896513677,0.0,9.0308608e-06
Fugue-asplos-EPIC-long-4000,F4,prefill_common,14,norm2,GPU,0,0.00613395896513677,0.0061427625508551475,8.803585718377088e-06,8.492699648e-05
Fugue-asplos-EPIC-long-4000,F4,prefill_common,15,qkv,GPU,0,0.0061427625508551475,0.006190855892393609,4.809334153846154e-05,0.00798523916288
Fugue-asplos-EPIC-long-4000,F4,prefill_attention,15,attention_service,PIM,0,0.006190855892393609,0.006365376856189154,0.0001745209637955449,0.005149053953433599
Fugue-asplos-EPIC-long-4000,F4,prefill_common,15,proj,GPU,0,0.006365376856189154,0.0063828653440213216,1.7488487832167832e-05,0.0028991238963199995
Fugue-asplos-EPIC-long-4000,F4,prefill_common,15,comm_g2g,GPU,0,0.0063828653440213216,0.0063828653440213216,0.0,9.0308608e-06
Fugue-asplos-EPIC-long-4000,F4,prefill_common,15,norm1,GPU,0,0.0063828653440213216,0.006391668929739699,8.803585718377088e-06,8.492699648e-05
Fugue-asplos-EPIC-long-4000,F4,prefill_common,15,ff1,GPU,0,0.006391668929739699,0.006439389454677087,4.7720524937388185e-05,0.007102521234773332
Fugue-asplos-EPIC-long-4000,F4,prefill_common,15,ff2,GPU,0,0.006439389454677087,0.006487109979614475,4.7720524937388185e-05,0.007102521234773332
Fugue-asplos-EPIC-long-4000,F4,prefill_common,15,glu,GPU,0,0.006487109979614475,0.006496840500974666,9.73052136019093e-06,0.00022721298431999996
Fugue-asplos-EPIC-long-4000,F4,prefill_common,15,ff3,GPU,0,0.006496840500974666,0.006543476468527113,4.663596755244755e-05,0.007684106048853332
Fugue-asplos-EPIC-long-4000,F4,prefill_common,15,comm_g2g,GPU,0,0.006543476468527113,0.006543476468527113,0.0,9.0308608e-06
Fugue-asplos-EPIC-long-4000,F4,prefill_common,15,norm2,GPU,0,0.006543476468527113,0.006552280054245491,8.803585718377088e-06,8.492699648e-05
Fugue-asplos-EPIC-long-4000,F4,prefill_common,16,qkv,GPU,0,0.006552280054245491,0.006600373395783952,4.809334153846154e-05,0.00798523916288
Fugue-asplos-EPIC-long-4000,F4,prefill_attention,16,attention_service,PIM,0,0.006600373395783952,0.006774894359579497,0.0001745209637955449,0.005149053953433599
Fugue-asplos-EPIC-long-4000,F4,prefill_common,16,proj,GPU,0,0.006774894359579497,0.006792382847411665,1.7488487832167832e-05,0.0028991238963199995
Fugue-asplos-EPIC-long-4000,F4,prefill_common,16,comm_g2g,GPU,0,0.006792382847411665,0.006792382847411665,0.0,9.0308608e-06
Fugue-asplos-EPIC-long-4000,F4,prefill_common,16,norm1,GPU,0,0.006792382847411665,0.006801186433130042,8.803585718377088e-06,8.492699648e-05
Fugue-asplos-EPIC-long-4000,F4,prefill_common,16,ff1,GPU,0,0.006801186433130042,0.00684890695806743,4.7720524937388185e-05,0.007102521234773332
Fugue-asplos-EPIC-long-4000,F4,prefill_common,16,ff2,GPU,0,0.00684890695806743,0.006896627483004818,4.7720524937388185e-05,0.007102521234773332
Fugue-asplos-EPIC-long-4000,F4,prefill_common,16,glu,GPU,0,0.006896627483004818,0.006906358004365009,9.73052136019093e-06,0.00022721298431999996
Fugue-asplos-EPIC-long-4000,F4,prefill_common,16,ff3,GPU,0,0.006906358004365009,0.006952993971917456,4.663596755244755e-05,0.007684106048853332
Fugue-asplos-EPIC-long-4000,F4,prefill_common,16,comm_g2g,GPU,0,0.006952993971917456,0.006952993971917456,0.0,9.0308608e-06
Fugue-asplos-EPIC-long-4000,F4,prefill_common,16,norm2,GPU,0,0.006952993971917456,0.006961797557635834,8.803585718377088e-06,8.492699648e-05
Fugue-asplos-EPIC-long-4000,F4,prefill_common,17,qkv,GPU,0,0.006961797557635834,0.007009890899174295,4.809334153846154e-05,0.00798523916288
Fugue-asplos-EPIC-long-4000,F4,prefill_attention,17,attention_service,PIM,0,0.007009890899174295,0.0071844118629698405,0.0001745209637955449,0.005149053953433599
Fugue-asplos-EPIC-long-4000,F4,prefill_common,17,proj,GPU,0,0.0071844118629698405,0.007201900350802008,1.7488487832167832e-05,0.0028991238963199995
Fugue-asplos-EPIC-long-4000,F4,prefill_common,17,comm_g2g,GPU,0,0.007201900350802008,0.007201900350802008,0.0,9.0308608e-06
Fugue-asplos-EPIC-long-4000,F4,prefill_common,17,norm1,GPU,0,0.007201900350802008,0.007210703936520385,8.803585718377088e-06,8.492699648e-05
Fugue-asplos-EPIC-long-4000,F4,prefill_common,17,ff1,GPU,0,0.007210703936520385,0.007258424461457773,4.7720524937388185e-05,0.007102521234773332
Fugue-asplos-EPIC-long-4000,F4,prefill_common,17,ff2,GPU,0,0.007258424461457773,0.007306144986395161,4.7720524937388185e-05,0.007102521234773332
Fugue-asplos-EPIC-long-4000,F4,prefill_common,17,glu,GPU,0,0.007306144986395161,0.007315875507755352,9.73052136019093e-06,0.00022721298431999996
Fugue-asplos-EPIC-long-4000,F4,prefill_common,17,ff3,GPU,0,0.007315875507755352,0.0073625114753078,4.663596755244755e-05,0.007684106048853332
Fugue-asplos-EPIC-long-4000,F4,prefill_common,17,comm_g2g,GPU,0,0.0073625114753078,0.0073625114753078,0.0,9.0308608e-06
Fugue-asplos-EPIC-long-4000,F4,prefill_common,17,norm2,GPU,0,0.0073625114753078,0.007371315061026177,8.803585718377088e-06,8.492699648e-05
Fugue-asplos-EPIC-long-4000,F4,prefill_common,18,qkv,GPU,0,0.007371315061026177,0.0074194084025646385,4.809334153846154e-05,0.00798523916288
Fugue-asplos-EPIC-long-4000,F4,prefill_attention,18,attention_service,PIM,0,0.0074194084025646385,0.007593929366360184,0.0001745209637955449,0.005149053953433599
Fugue-asplos-EPIC-long-4000,F4,prefill_common,18,proj,GPU,0,0.007593929366360184,0.007611417854192351,1.7488487832167832e-05,0.0028991238963199995
Fugue-asplos-EPIC-long-4000,F4,prefill_common,18,comm_g2g,GPU,0,0.007611417854192351,0.007611417854192351,0.0,9.0308608e-06
Fugue-asplos-EPIC-long-4000,F4,prefill_common,18,norm1,GPU,0,0.007611417854192351,0.0076202214399107284,8.803585718377088e-06,8.492699648e-05
Fugue-asplos-EPIC-long-4000,F4,prefill_common,18,ff1,GPU,0,0.0076202214399107284,0.0076679419648481165,4.7720524937388185e-05,0.007102521234773332
Fugue-asplos-EPIC-long-4000,F4,prefill_common,18,ff2,GPU,0,0.0076679419648481165,0.0077156624897855046,4.7720524937388185e-05,0.007102521234773332
Fugue-asplos-EPIC-long-4000,F4,prefill_common,18,glu,GPU,0,0.0077156624897855046,0.007725393011145695,9.73052136019093e-06,0.00022721298431999996
Fugue-asplos-EPIC-long-4000,F4,prefill_common,18,ff3,GPU,0,0.007725393011145695,0.007772028978698143,4.663596755244755e-05,0.007684106048853332
Fugue-asplos-EPIC-long-4000,F4,prefill_common,18,comm_g2g,GPU,0,0.007772028978698143,0.007772028978698143,0.0,9.0308608e-06
Fugue-asplos-EPIC-long-4000,F4,prefill_common,18,norm2,GPU,0,0.007772028978698143,0.00778083256441652,8.803585718377088e-06,8.492699648e-05
Fugue-asplos-EPIC-long-4000,F4,prefill_common,19,qkv,GPU,0,0.00778083256441652,0.007828925905954982,4.809334153846154e-05,0.00798523916288
Fugue-asplos-EPIC-long-4000,F4,prefill_attention,19,attention_service,PIM,0,0.007828925905954982,0.008003446869750526,0.0001745209637955449,0.005149053953433599
Fugue-asplos-EPIC-long-4000,F4,prefill_common,19,proj,GPU,0,0.008003446869750526,0.008020935357582694,1.7488487832167832e-05,0.0028991238963199995
Fugue-asplos-EPIC-long-4000,F4,prefill_common,19,comm_g2g,GPU,0,0.008020935357582694,0.008020935357582694,0.0,9.0308608e-06
Fugue-asplos-EPIC-long-4000,F4,prefill_common,19,norm1,GPU,0,0.008020935357582694,0.00802973894330107,8.803585718377088e-06,8.492699648e-05
Fugue-asplos-EPIC-long-4000,F4,prefill_common,19,ff1,GPU,0,0.00802973894330107,0.008077459468238459,4.7720524937388185e-05,0.007102521234773332
Fugue-asplos-EPIC-long-4000,F4,prefill_common,19,ff2,GPU,0,0.008077459468238459,0.008125179993175847,4.7720524937388185e-05,0.007102521234773332
Fugue-asplos-EPIC-long-4000,F4,prefill_common,19,glu,GPU,0,0.008125179993175847,0.008134910514536037,9.73052136019093e-06,0.00022721298431999996
Fugue-asplos-EPIC-long-4000,F4,prefill_common,19,ff3,GPU,0,0.008134910514536037,0.008181546482088485,4.663596755244755e-05,0.007684106048853332
Fugue-asplos-EPIC-long-4000,F4,prefill_common,19,comm_g2g,GPU,0,0.008181546482088485,0.008181546482088485,0.0,9.0308608e-06
Fugue-asplos-EPIC-long-4000,F4,prefill_common,19,norm2,GPU,0,0.008181546482088485,0.008190350067806862,8.803585718377088e-06,8.492699648e-05
Fugue-asplos-EPIC-long-4000,F4,prefill_common,20,qkv,GPU,0,0.008190350067806862,0.008238443409345323,4.809334153846154e-05,0.00798523916288
Fugue-asplos-EPIC-long-4000,F4,prefill_attention,20,attention_service,PIM,0,0.008238443409345323,0.008412964373140867,0.0001745209637955449,0.005149053953433599
Fugue-asplos-EPIC-long-4000,F4,prefill_common,20,proj,GPU,0,0.008412964373140867,0.008430452860973036,1.7488487832167832e-05,0.0028991238963199995
Fugue-asplos-EPIC-long-4000,F4,prefill_common,20,comm_g2g,GPU,0,0.008430452860973036,0.008430452860973036,0.0,9.0308608e-06
Fugue-asplos-EPIC-long-4000,F4,prefill_common,20,norm1,GPU,0,0.008430452860973036,0.008439256446691412,8.803585718377088e-06,8.492699648e-05
Fugue-asplos-EPIC-long-4000,F4,prefill_common,20,ff1,GPU,0,0.008439256446691412,0.0084869769716288,4.7720524937388185e-05,0.007102521234773332
Fugue-asplos-EPIC-long-4000,F4,prefill_common,20,ff2,GPU,0,0.0084869769716288,0.008534697496566188,4.7720524937388185e-05,0.007102521234773332
Fugue-asplos-EPIC-long-4000,F4,prefill_common,20,glu,GPU,0,0.008534697496566188,0.008544428017926379,9.73052136019093e-06,0.00022721298431999996
Fugue-asplos-EPIC-long-4000,F4,prefill_common,20,ff3,GPU,0,0.008544428017926379,0.008591063985478826,4.663596755244755e-05,0.007684106048853332
Fugue-asplos-EPIC-long-4000,F4,prefill_common,20,comm_g2g,GPU,0,0.008591063985478826,0.008591063985478826,0.0,9.0308608e-06
Fugue-asplos-EPIC-long-4000,F4,prefill_common,20,norm2,GPU,0,0.008591063985478826,0.008599867571197203,8.803585718377088e-06,8.492699648e-05
Fugue-asplos-EPIC-long-4000,F4,prefill_common,21,qkv,GPU,0,0.008599867571197203,0.008647960912735665,4.809334153846154e-05,0.00798523916288
Fugue-asplos-EPIC-long-4000,F4,prefill_attention,21,attention_service,PIM,0,0.008647960912735665,0.008822481876531209,0.0001745209637955449,0.005149053953433599
Fugue-asplos-EPIC-long-4000,F4,prefill_common,21,proj,GPU,0,0.008822481876531209,0.008839970364363377,1.7488487832167832e-05,0.0028991238963199995
Fugue-asplos-EPIC-long-4000,F4,prefill_common,21,comm_g2g,GPU,0,0.008839970364363377,0.008839970364363377,0.0,9.0308608e-06
Fugue-asplos-EPIC-long-4000,F4,prefill_common,21,norm1,GPU,0,0.008839970364363377,0.008848773950081754,8.803585718377088e-06,8.492699648e-05
Fugue-asplos-EPIC-long-4000,F4,prefill_common,21,ff1,GPU,0,0.008848773950081754,0.008896494475019142,4.7720524937388185e-05,0.007102521234773332
Fugue-asplos-EPIC-long-4000,F4,prefill_common,21,ff2,GPU,0,0.008896494475019142,0.00894421499995653,4.7720524937388185e-05,0.007102521234773332
Fugue-asplos-EPIC-long-4000,F4,prefill_common,21,glu,GPU,0,0.00894421499995653,0.00895394552131672,9.73052136019093e-06,0.00022721298431999996
Fugue-asplos-EPIC-long-4000,F4,prefill_common,21,ff3,GPU,0,0.00895394552131672,0.009000581488869168,4.663596755244755e-05,0.007684106048853332
Fugue-asplos-EPIC-long-4000,F4,prefill_common,21,comm_g2g,GPU,0,0.009000581488869168,0.009000581488869168,0.0,9.0308608e-06
Fugue-asplos-EPIC-long-4000,F4,prefill_common,21,norm2,GPU,0,0.009000581488869168,0.009009385074587544,8.803585718377088e-06,8.492699648e-05
Fugue-asplos-EPIC-long-4000,F4,prefill_common,22,qkv,GPU,0,0.009009385074587544,0.009057478416126006,4.809334153846154e-05,0.00798523916288
Fugue-asplos-EPIC-long-4000,F4,prefill_attention,22,attention_service,PIM,0,0.009057478416126006,0.00923199937992155,0.0001745209637955449,0.005149053953433599
Fugue-asplos-EPIC-long-4000,F4,prefill_common,22,proj,GPU,0,0.00923199937992155,0.009249487867753719,1.7488487832167832e-05,0.0028991238963199995
Fugue-asplos-EPIC-long-4000,F4,prefill_common,22,comm_g2g,GPU,0,0.009249487867753719,0.009249487867753719,0.0,9.0308608e-06
Fugue-asplos-EPIC-long-4000,F4,prefill_common,22,norm1,GPU,0,0.009249487867753719,0.009258291453472095,8.803585718377088e-06,8.492699648e-05
Fugue-asplos-EPIC-long-4000,F4,prefill_common,22,ff1,GPU,0,0.009258291453472095,0.009306011978409483,4.7720524937388185e-05,0.007102521234773332
Fugue-asplos-EPIC-long-4000,F4,prefill_common,22,ff2,GPU,0,0.009306011978409483,0.009353732503346871,4.7720524937388185e-05,0.007102521234773332
Fugue-asplos-EPIC-long-4000,F4,prefill_common,22,glu,GPU,0,0.009353732503346871,0.009363463024707062,9.73052136019093e-06,0.00022721298431999996
Fugue-asplos-EPIC-long-4000,F4,prefill_common,22,ff3,GPU,0,0.009363463024707062,0.00941009899225951,4.663596755244755e-05,0.007684106048853332
Fugue-asplos-EPIC-long-4000,F4,prefill_common,22,comm_g2g,GPU,0,0.00941009899225951,0.00941009899225951,0.0,9.0308608e-06
Fugue-asplos-EPIC-long-4000,F4,prefill_common,22,norm2,GPU,0,0.00941009899225951,0.009418902577977886,8.803585718377088e-06,8.492699648e-05
Fugue-asplos-EPIC-long-4000,F4,prefill_common,23,qkv,GPU,0,0.009418902577977886,0.009466995919516347,4.809334153846154e-05,0.00798523916288
Fugue-asplos-EPIC-long-4000,F4,prefill_attention,23,attention_service,PIM,0,0.009466995919516347,0.009641516883311892,0.0001745209637955449,0.005149053953433599
Fugue-asplos-EPIC-long-4000,F4,prefill_common,23,proj,GPU,0,0.009641516883311892,0.00965900537114406,1.7488487832167832e-05,0.0028991238963199995
Fugue-asplos-EPIC-long-4000,F4,prefill_common,23,comm_g2g,GPU,0,0.00965900537114406,0.00965900537114406,0.0,9.0308608e-06
Fugue-asplos-EPIC-long-4000,F4,prefill_common,23,norm1,GPU,0,0.00965900537114406,0.009667808956862436,8.803585718377088e-06,8.492699648e-05
Fugue-asplos-EPIC-long-4000,F4,prefill_common,23,ff1,GPU,0,0.009667808956862436,0.009715529481799825,4.7720524937388185e-05,0.007102521234773332
Fugue-asplos-EPIC-long-4000,F4,prefill_common,23,ff2,GPU,0,0.009715529481799825,0.009763250006737213,4.7720524937388185e-05,0.007102521234773332
Fugue-asplos-EPIC-long-4000,F4,prefill_common,23,glu,GPU,0,0.009763250006737213,0.009772980528097403,9.73052136019093e-06,0.00022721298431999996
Fugue-asplos-EPIC-long-4000,F4,prefill_common,23,ff3,GPU,0,0.009772980528097403,0.00981961649564985,4.663596755244755e-05,0.007684106048853332
Fugue-asplos-EPIC-long-4000,F4,prefill_common,23,comm_g2g,GPU,0,0.00981961649564985,0.00981961649564985,0.0,9.0308608e-06
Fugue-asplos-EPIC-long-4000,F4,prefill_common,23,norm2,GPU,0,0.00981961649564985,0.009828420081368227,8.803585718377088e-06,8.492699648e-05
Fugue-asplos-EPIC-long-4000,F4,prefill_common,24,qkv,GPU,0,0.009828420081368227,0.009876513422906689,4.809334153846154e-05,0.00798523916288
Fugue-asplos-EPIC-long-4000,F4,prefill_attention,24,attention_service,PIM,0,0.009876513422906689,0.010051034386702233,0.0001745209637955449,0.005149053953433599
Fugue-asplos-EPIC-long-4000,F4,prefill_common,24,proj,GPU,0,0.010051034386702233,0.010068522874534401,1.7488487832167832e-05,0.0028991238963199995
Fugue-asplos-EPIC-long-4000,F4,prefill_common,24,comm_g2g,GPU,0,0.010068522874534401,0.010068522874534401,0.0,9.0308608e-06
Fugue-asplos-EPIC-long-4000,F4,prefill_common,24,norm1,GPU,0,0.010068522874534401,0.010077326460252778,8.803585718377088e-06,8.492699648e-05
Fugue-asplos-EPIC-long-4000,F4,prefill_common,24,ff1,GPU,0,0.010077326460252778,0.010125046985190166,4.7720524937388185e-05,0.007102521234773332
Fugue-asplos-EPIC-long-4000,F4,prefill_common,24,ff2,GPU,0,0.010125046985190166,0.010172767510127554,4.7720524937388185e-05,0.007102521234773332
Fugue-asplos-EPIC-long-4000,F4,prefill_common,24,glu,GPU,0,0.010172767510127554,0.010182498031487745,9.73052136019093e-06,0.00022721298431999996
Fugue-asplos-EPIC-long-4000,F4,prefill_common,24,ff3,GPU,0,0.010182498031487745,0.010229133999040192,4.663596755244755e-05,0.007684106048853332
Fugue-asplos-EPIC-long-4000,F4,prefill_common,24,comm_g2g,GPU,0,0.010229133999040192,0.010229133999040192,0.0,9.0308608e-06
Fugue-asplos-EPIC-long-4000,F4,prefill_common,24,norm2,GPU,0,0.010229133999040192,0.010237937584758569,8.803585718377088e-06,8.492699648e-05
Fugue-asplos-EPIC-long-4000,F4,prefill_common,25,qkv,GPU,0,0.010237937584758569,0.01028603092629703,4.809334153846154e-05,0.00798523916288
Fugue-asplos-EPIC-long-4000,F4,prefill_attention,25,attention_service,PIM,0,0.01028603092629703,0.010460551890092575,0.0001745209637955449,0.005149053953433599
Fugue-asplos-EPIC-long-4000,F4,prefill_common,25,proj,GPU,0,0.010460551890092575,0.010478040377924743,1.7488487832167832e-05,0.0028991238963199995
Fugue-asplos-EPIC-long-4000,F4,prefill_common,25,comm_g2g,GPU,0,0.010478040377924743,0.010478040377924743,0.0,9.0308608e-06
Fugue-asplos-EPIC-long-4000,F4,prefill_common,25,norm1,GPU,0,0.010478040377924743,0.01048684396364312,8.803585718377088e-06,8.492699648e-05
Fugue-asplos-EPIC-long-4000,F4,prefill_common,25,ff1,GPU,0,0.01048684396364312,0.010534564488580507,4.7720524937388185e-05,0.007102521234773332
Fugue-asplos-EPIC-long-4000,F4,prefill_common,25,ff2,GPU,0,0.010534564488580507,0.010582285013517895,4.7720524937388185e-05,0.007102521234773332
Fugue-asplos-EPIC-long-4000,F4,prefill_common,25,glu,GPU,0,0.010582285013517895,0.010592015534878086,9.73052136019093e-06,0.00022721298431999996
Fugue-asplos-EPIC-long-4000,F4,prefill_common,25,ff3,GPU,0,0.010592015534878086,0.010638651502430534,4.663596755244755e-05,0.007684106048853332
Fugue-asplos-EPIC-long-4000,F4,prefill_common,25,comm_g2g,GPU,0,0.010638651502430534,0.010638651502430534,0.0,9.0308608e-06
Fugue-asplos-EPIC-long-4000,F4,prefill_common,25,norm2,GPU,0,0.010638651502430534,0.01064745508814891,8.803585718377088e-06,8.492699648e-05
Fugue-asplos-EPIC-long-4000,F4,prefill_common,26,qkv,GPU,0,0.01064745508814891,0.010695548429687372,4.809334153846154e-05,0.00798523916288
Fugue-asplos-EPIC-long-4000,F4,prefill_attention,26,attention_service,PIM,0,0.010695548429687372,0.010870069393482916,0.0001745209637955449,0.005149053953433599
Fugue-asplos-EPIC-long-4000,F4,prefill_common,26,proj,GPU,0,0.010870069393482916,0.010887557881315084,1.7488487832167832e-05,0.0028991238963199995
Fugue-asplos-EPIC-long-4000,F4,prefill_common,26,comm_g2g,GPU,0,0.010887557881315084,0.010887557881315084,0.0,9.0308608e-06
Fugue-asplos-EPIC-long-4000,F4,prefill_common,26,norm1,GPU,0,0.010887557881315084,0.01089636146703346,8.803585718377088e-06,8.492699648e-05
Fugue-asplos-EPIC-long-4000,F4,prefill_common,26,ff1,GPU,0,0.01089636146703346,0.010944081991970849,4.7720524937388185e-05,0.007102521234773332
Fugue-asplos-EPIC-long-4000,F4,prefill_common,26,ff2,GPU,0,0.010944081991970849,0.010991802516908237,4.7720524937388185e-05,0.007102521234773332
Fugue-asplos-EPIC-long-4000,F4,prefill_common,26,glu,GPU,0,0.010991802516908237,0.011001533038268427,9.73052136019093e-06,0.00022721298431999996
Fugue-asplos-EPIC-long-4000,F4,prefill_common,26,ff3,GPU,0,0.011001533038268427,0.011048169005820875,4.663596755244755e-05,0.007684106048853332
Fugue-asplos-EPIC-long-4000,F4,prefill_common,26,comm_g2g,GPU,0,0.011048169005820875,0.011048169005820875,0.0,9.0308608e-06
Fugue-asplos-EPIC-long-4000,F4,prefill_common,26,norm2,GPU,0,0.011048169005820875,0.011056972591539252,8.803585718377088e-06,8.492699648e-05
Fugue-asplos-EPIC-long-4000,F4,prefill_common,27,qkv,GPU,0,0.011056972591539252,0.011105065933077713,4.809334153846154e-05,0.00798523916288
Fugue-asplos-EPIC-long-4000,F4,prefill_attention,27,attention_service,PIM,0,0.011105065933077713,0.011279586896873257,0.0001745209637955449,0.005149053953433599
Fugue-asplos-EPIC-long-4000,F4,prefill_common,27,proj,GPU,0,0.011279586896873257,0.011297075384705426,1.7488487832167832e-05,0.0028991238963199995
Fugue-asplos-EPIC-long-4000,F4,prefill_common,27,comm_g2g,GPU,0,0.011297075384705426,0.011297075384705426,0.0,9.0308608e-06
Fugue-asplos-EPIC-long-4000,F4,prefill_common,27,norm1,GPU,0,0.011297075384705426,0.011305878970423802,8.803585718377088e-06,8.492699648e-05
Fugue-asplos-EPIC-long-4000,F4,prefill_common,27,ff1,GPU,0,0.011305878970423802,0.01135359949536119,4.7720524937388185e-05,0.007102521234773332
Fugue-asplos-EPIC-long-4000,F4,prefill_common,27,ff2,GPU,0,0.01135359949536119,0.011401320020298578,4.7720524937388185e-05,0.007102521234773332
Fugue-asplos-EPIC-long-4000,F4,prefill_common,27,glu,GPU,0,0.011401320020298578,0.011411050541658769,9.73052136019093e-06,0.00022721298431999996
Fugue-asplos-EPIC-long-4000,F4,prefill_common,27,ff3,GPU,0,0.011411050541658769,0.011457686509211217,4.663596755244755e-05,0.007684106048853332
Fugue-asplos-EPIC-long-4000,F4,prefill_common,27,comm_g2g,GPU,0,0.011457686509211217,0.011457686509211217,0.0,9.0308608e-06
Fugue-asplos-EPIC-long-4000,F4,prefill_common,27,norm2,GPU,0,0.011457686509211217,0.011466490094929593,8.803585718377088e-06,8.492699648e-05
Fugue-asplos-EPIC-long-4000,F4,prefill_common,28,qkv,GPU,0,0.011466490094929593,0.011514583436468055,4.809334153846154e-05,0.00798523916288
Fugue-asplos-EPIC-long-4000,F4,prefill_attention,28,attention_service,PIM,0,0.011514583436468055,0.011689104400263599,0.0001745209637955449,0.005149053953433599
Fugue-asplos-EPIC-long-4000,F4,prefill_common,28,proj,GPU,0,0.011689104400263599,0.011706592888095767,1.7488487832167832e-05,0.0028991238963199995
Fugue-asplos-EPIC-long-4000,F4,prefill_common,28,comm_g2g,GPU,0,0.011706592888095767,0.011706592888095767,0.0,9.0308608e-06
Fugue-asplos-EPIC-long-4000,F4,prefill_common,28,norm1,GPU,0,0.011706592888095767,0.011715396473814144,8.803585718377088e-06,8.492699648e-05
Fugue-asplos-EPIC-long-4000,F4,prefill_common,28,ff1,GPU,0,0.011715396473814144,0.011763116998751532,4.7720524937388185e-05,0.007102521234773332
Fugue-asplos-EPIC-long-4000,F4,prefill_common,28,ff2,GPU,0,0.011763116998751532,0.01181083752368892,4.7720524937388185e-05,0.007102521234773332
Fugue-asplos-EPIC-long-4000,F4,prefill_common,28,glu,GPU,0,0.01181083752368892,0.01182056804504911,9.73052136019093e-06,0.00022721298431999996
Fugue-asplos-EPIC-long-4000,F4,prefill_common,28,ff3,GPU,0,0.01182056804504911,0.011867204012601558,4.663596755244755e-05,0.007684106048853332
Fugue-asplos-EPIC-long-4000,F4,prefill_common,28,comm_g2g,GPU,0,0.011867204012601558,0.011867204012601558,0.0,9.0308608e-06
Fugue-asplos-EPIC-long-4000,F4,prefill_common,28,norm2,GPU,0,0.011867204012601558,0.011876007598319934,8.803585718377088e-06,8.492699648e-05
Fugue-asplos-EPIC-long-4000,F4,prefill_common,29,qkv,GPU,0,0.011876007598319934,0.011924100939858396,4.809334153846154e-05,0.00798523916288
Fugue-asplos-EPIC-long-4000,F4,prefill_attention,29,attention_service,PIM,0,0.011924100939858396,0.01209862190365394,0.0001745209637955449,0.005149053953433599
Fugue-asplos-EPIC-long-4000,F4,prefill_common,29,proj,GPU,0,0.01209862190365394,0.012116110391486109,1.7488487832167832e-05,0.0028991238963199995
Fugue-asplos-EPIC-long-4000,F4,prefill_common,29,comm_g2g,GPU,0,0.012116110391486109,0.012116110391486109,0.0,9.0308608e-06
Fugue-asplos-EPIC-long-4000,F4,prefill_common,29,norm1,GPU,0,0.012116110391486109,0.012124913977204485,8.803585718377088e-06,8.492699648e-05
Fugue-asplos-EPIC-long-4000,F4,prefill_common,29,ff1,GPU,0,0.012124913977204485,0.012172634502141873,4.7720524937388185e-05,0.007102521234773332
Fugue-asplos-EPIC-long-4000,F4,prefill_common,29,ff2,GPU,0,0.012172634502141873,0.012220355027079261,4.7720524937388185e-05,0.007102521234773332
Fugue-asplos-EPIC-long-4000,F4,prefill_common,29,glu,GPU,0,0.012220355027079261,0.012230085548439452,9.73052136019093e-06,0.00022721298431999996
Fugue-asplos-EPIC-long-4000,F4,prefill_common,29,ff3,GPU,0,0.012230085548439452,0.0122767215159919,4.663596755244755e-05,0.007684106048853332
Fugue-asplos-EPIC-long-4000,F4,prefill_common,29,comm_g2g,GPU,0,0.0122767215159919,0.0122767215159919,0.0,9.0308608e-06
Fugue-asplos-EPIC-long-4000,F4,prefill_common,29,norm2,GPU,0,0.0122767215159919,0.012285525101710276,8.803585718377088e-06,8.492699648e-05
Fugue-asplos-EPIC-long-4000,F4,prefill_common,30,qkv,GPU,0,0.012285525101710276,0.012333618443248737,4.809334153846154e-05,0.00798523916288
Fugue-asplos-EPIC-long-4000,F4,prefill_attention,30,attention_service,PIM,0,0.012333618443248737,0.012508139407044282,0.0001745209637955449,0.005149053953433599
Fugue-asplos-EPIC-long-4000,F4,prefill_common,30,proj,GPU,0,0.012508139407044282,0.01252562789487645,1.7488487832167832e-05,0.0028991238963199995
Fugue-asplos-EPIC-long-4000,F4,prefill_common,30,comm_g2g,GPU,0,0.01252562789487645,0.01252562789487645,0.0,9.0308608e-06
Fugue-asplos-EPIC-long-4000,F4,prefill_common,30,norm1,GPU,0,0.01252562789487645,0.012534431480594826,8.803585718377088e-06,8.492699648e-05
Fugue-asplos-EPIC-long-4000,F4,prefill_common,30,ff1,GPU,0,0.012534431480594826,0.012582152005532215,4.7720524937388185e-05,0.007102521234773332
Fugue-asplos-EPIC-long-4000,F4,prefill_common,30,ff2,GPU,0,0.012582152005532215,0.012629872530469603,4.7720524937388185e-05,0.007102521234773332
Fugue-asplos-EPIC-long-4000,F4,prefill_common,30,glu,GPU,0,0.012629872530469603,0.012639603051829793,9.73052136019093e-06,0.00022721298431999996
Fugue-asplos-EPIC-long-4000,F4,prefill_common,30,ff3,GPU,0,0.012639603051829793,0.01268623901938224,4.663596755244755e-05,0.007684106048853332
Fugue-asplos-EPIC-long-4000,F4,prefill_common,30,comm_g2g,GPU,0,0.01268623901938224,0.01268623901938224,0.0,9.0308608e-06
Fugue-asplos-EPIC-long-4000,F4,prefill_common,30,norm2,GPU,0,0.01268623901938224,0.012695042605100617,8.803585718377088e-06,8.492699648e-05
Fugue-asplos-EPIC-long-4000,F4,prefill_common,31,qkv,GPU,0,0.012695042605100617,0.012743135946639079,4.809334153846154e-05,0.00798523916288
Fugue-asplos-EPIC-long-4000,F4,prefill_attention,31,attention_service,PIM,0,0.012743135946639079,0.012917656910434623,0.0001745209637955449,0.005149053953433599
Fugue-asplos-EPIC-long-4000,F4,prefill_common,31,proj,GPU,0,0.012917656910434623,0.012935145398266791,1.7488487832167832e-05,0.0028991238963199995
Fugue-asplos-EPIC-long-4000,F4,prefill_common,31,comm_g2g,GPU,0,0.012935145398266791,0.012935145398266791,0.0,9.0308608e-06
Fugue-asplos-EPIC-long-4000,F4,prefill_common,31,norm1,GPU,0,0.012935145398266791,0.012943948983985168,8.803585718377088e-06,8.492699648e-05
Fugue-asplos-EPIC-long-4000,F4,prefill_common,31,ff1,GPU,0,0.012943948983985168,0.012991669508922556,4.7720524937388185e-05,0.007102521234773332
Fugue-asplos-EPIC-long-4000,F4,prefill_common,31,ff2,GPU,0,0.012991669508922556,0.013039390033859944,4.7720524937388185e-05,0.007102521234773332
Fugue-asplos-EPIC-long-4000,F4,prefill_common,31,glu,GPU,0,0.013039390033859944,0.013049120555220135,9.73052136019093e-06,0.00022721298431999996
Fugue-asplos-EPIC-long-4000,F4,prefill_common,31,ff3,GPU,0,0.013049120555220135,0.013095756522772582,4.663596755244755e-05,0.007684106048853332
Fugue-asplos-EPIC-long-4000,F4,prefill_common,31,comm_g2g,GPU,0,0.013095756522772582,0.013095756522772582,0.0,9.0308608e-06
Fugue-asplos-EPIC-long-4000,F4,prefill_common,31,norm2,GPU,0,0.013095756522772582,0.013104560108490959,8.803585718377088e-06,8.492699648e-05
Fugue-asplos-EPIC-long-4000,F4,decode,all,native_transformer,GPU+PIM,1,0.013104560108490959,0.01872512627299193,0.005620566164500972,0.4363817237651455
Fugue-asplos-EPIC-long-4000,F4,decode,all,native_transformer,GPU+PIM,2,0.01872512627299193,0.0243456924374929,0.005620566164500972,0.4363817665413119
Fugue-asplos-EPIC-long-4000,F4,decode,all,native_transformer,GPU+PIM,3,0.0243456924374929,0.029966258601993874,0.005620566164500972,0.43638180931747833
Fugue-asplos-EPIC-long-4000,F4,decode,all,native_transformer,GPU+PIM,4,0.029966258601993874,0.03558682476649484,0.005620566164500972,0.4363818520936447
Fugue-asplos-EPIC-long-4000,F4,decode,all,native_transformer,GPU+PIM,5,0.03558682476649484,0.041208326034995815,0.0056215012685009716,0.4364222650458111
Fugue-asplos-EPIC-long-4000,F4,decode,all,native_transformer,GPU+PIM,6,0.041208326034995815,0.04682982730349679,0.0056215012685009716,0.4364223078219775
Fugue-asplos-EPIC-long-4000,F4,decode,all,native_transformer,GPU+PIM,7,0.04682982730349679,0.05245132857199776,0.0056215012685009716,0.43642235059814394
Fugue-asplos-EPIC-long-4000,F4,decode,all,native_transformer,GPU+PIM,8,0.05245132857199776,0.05807282984049873,0.0056215012685009716,0.43642239337431027
Fugue-asplos-EPIC-long-4000,F4,decode,all,native_transformer,GPU+PIM,9,0.05807282984049873,0.0636943311089997,0.0056215012685009716,0.43642243615047666
Fugue-asplos-EPIC-long-4000,F4,decode,all,native_transformer,GPU+PIM,10,0.0636943311089997,0.06931583237750068,0.0056215012685009716,0.4364224789266431
Fugue-asplos-EPIC-long-4000,F4,decode,all,native_transformer,GPU+PIM,11,0.06931583237750068,0.07493733364600165,0.0056215012685009716,0.4364225217028095
Fugue-asplos-EPIC-long-4000,F4,decode,all,native_transformer,GPU+PIM,12,0.07493733364600165,0.08055883491450262,0.0056215012685009716,0.43642256447897587
Fugue-asplos-EPIC-long-4000,F4,decode,all,native_transformer,GPU+PIM,13,0.08055883491450262,0.0861803361830036,0.0056215012685009716,0.43642260725514226
Fugue-asplos-EPIC-long-4000,F4,decode,all,native_transformer,GPU+PIM,14,0.0861803361830036,0.09180183745150457,0.0056215012685009716,0.4364226500313087
Fugue-asplos-EPIC-long-4000,F4,decode,all,native_transformer,GPU+PIM,15,0.09180183745150457,0.09742333872000554,0.0056215012685009716,0.4364226928074751
Fugue-asplos-EPIC-long-8000,F1,prefill_common,0,qkv,GPU,0,0.0,8.439020307692309e-05,8.439020307692309e-05,0.011611110113279999
Fugue-asplos-EPIC-long-8000,F1,prefill_attention,0,attention_service,GPU,0,8.439020307692309e-05,0.0011255386206462993,0.0010411484175693762,0.02590057190976
Fugue-asplos-EPIC-long-8000,F1,prefill_common,0,proj,GPU,0,0.0011255386206462993,0.0011536686883386069,2.8130067692307695e-05,0.00406060531712
Fugue-asplos-EPIC-long-8000,F1,prefill_common,0,comm_g2g,GPU,0,0.0011536686883386069,0.0011536686883386069,0.0,1.58466048e-05
Fugue-asplos-EPIC-long-8000,F1,prefill_common,0,norm1,GPU,0,0.0011536686883386069,0.0011639315840331177,1.0262895694510737e-05,0.00014902284288000002
Fugue-asplos-EPIC-long-8000,F1,prefill_common,0,ff1,GPU,0,0.0011639315840331177,0.0012325153681210298,6.858378408791209e-05,0.010571931538773333
Fugue-asplos-EPIC-long-8000,F1,prefill_common,0,ff2,GPU,0,0.0012325153681210298,0.0013010991522089419,6.858378408791209e-05,0.010571931538773333
Fugue-asplos-EPIC-long-8000,F1,prefill_common,0,glu,GPU,0,0.0013010991522089419,0.0013119168595013522,1.0817707292410499e-05,0.00039869448192
Fugue-asplos-EPIC-long-8000,F1,prefill_common,0,ff3,GPU,0,0.0013119168595013522,0.001386930373347506,7.501351384615385e-05,0.010746000397653334
Fugue-asplos-EPIC-long-8000,F1,prefill_common,0,comm_g2g,GPU,0,0.001386930373347506,0.001386930373347506,0.0,1.58466048e-05
Fugue-asplos-EPIC-long-8000,F1,prefill_common,0,norm2,GPU,0,0.001386930373347506,0.0013971932690420169,1.0262895694510737e-05,0.00014902284288000002
Fugue-asplos-EPIC-long-8000,F1,prefill_common,1,qkv,GPU,0,0.0013971932690420169,0.00148158347211894,8.439020307692309e-05,0.011611110113279999
Fugue-asplos-EPIC-long-8000,F1,prefill_attention,1,attention_service,GPU,0,0.00148158347211894,0.0025227318896883164,0.0010411484175693762,0.02590057190976
Fugue-asplos-EPIC-long-8000,F1,prefill_common,1,proj,GPU,0,0.0025227318896883164,0.002550861957380624,2.8130067692307695e-05,0.00406060531712
Fugue-asplos-EPIC-long-8000,F1,prefill_common,1,comm_g2g,GPU,0,0.002550861957380624,0.002550861957380624,0.0,1.58466048e-05
Fugue-asplos-EPIC-long-8000,F1,prefill_common,1,norm1,GPU,0,0.002550861957380624,0.002561124853075135,1.0262895694510737e-05,0.00014902284288000002
Fugue-asplos-EPIC-long-8000,F1,prefill_common,1,ff1,GPU,0,0.002561124853075135,0.002629708637163047,6.858378408791209e-05,0.010571931538773333
Fugue-asplos-EPIC-long-8000,F1,prefill_common,1,ff2,GPU,0,0.002629708637163047,0.0026982924212509587,6.858378408791209e-05,0.010571931538773333
Fugue-asplos-EPIC-long-8000,F1,prefill_common,1,glu,GPU,0,0.0026982924212509587,0.0027091101285433693,1.0817707292410499e-05,0.00039869448192
Fugue-asplos-EPIC-long-8000,F1,prefill_common,1,ff3,GPU,0,0.0027091101285433693,0.002784123642389523,7.501351384615385e-05,0.010746000397653334
Fugue-asplos-EPIC-long-8000,F1,prefill_common,1,comm_g2g,GPU,0,0.002784123642389523,0.002784123642389523,0.0,1.58466048e-05
Fugue-asplos-EPIC-long-8000,F1,prefill_common,1,norm2,GPU,0,0.002784123642389523,0.0027943865380840338,1.0262895694510737e-05,0.00014902284288000002
Fugue-asplos-EPIC-long-8000,F1,prefill_common,2,qkv,GPU,0,0.0027943865380840338,0.002878776741160957,8.439020307692309e-05,0.011611110113279999
Fugue-asplos-EPIC-long-8000,F1,prefill_attention,2,attention_service,GPU,0,0.002878776741160957,0.003919925158730333,0.0010411484175693762,0.02590057190976
Fugue-asplos-EPIC-long-8000,F1,prefill_common,2,proj,GPU,0,0.003919925158730333,0.003948055226422641,2.8130067692307695e-05,0.00406060531712
Fugue-asplos-EPIC-long-8000,F1,prefill_common,2,comm_g2g,GPU,0,0.003948055226422641,0.003948055226422641,0.0,1.58466048e-05
Fugue-asplos-EPIC-long-8000,F1,prefill_common,2,norm1,GPU,0,0.003948055226422641,0.003958318122117151,1.0262895694510737e-05,0.00014902284288000002
Fugue-asplos-EPIC-long-8000,F1,prefill_common,2,ff1,GPU,0,0.003958318122117151,0.0040269019062050635,6.858378408791209e-05,0.010571931538773333
Fugue-asplos-EPIC-long-8000,F1,prefill_common,2,ff2,GPU,0,0.0040269019062050635,0.004095485690292976,6.858378408791209e-05,0.010571931538773333
Fugue-asplos-EPIC-long-8000,F1,prefill_common,2,glu,GPU,0,0.004095485690292976,0.004106303397585386,1.0817707292410499e-05,0.00039869448192
Fugue-asplos-EPIC-long-8000,F1,prefill_common,2,ff3,GPU,0,0.004106303397585386,0.00418131691143154,7.501351384615385e-05,0.010746000397653334
Fugue-asplos-EPIC-long-8000,F1,prefill_common,2,comm_g2g,GPU,0,0.00418131691143154,0.00418131691143154,0.0,1.58466048e-05
Fugue-asplos-EPIC-long-8000,F1,prefill_common,2,norm2,GPU,0,0.00418131691143154,0.00419157980712605,1.0262895694510737e-05,0.00014902284288000002
Fugue-asplos-EPIC-long-8000,F1,prefill_common,3,qkv,GPU,0,0.00419157980712605,0.0042759700102029735,8.439020307692309e-05,0.011611110113279999
Fugue-asplos-EPIC-long-8000,F1,prefill_attention,3,attention_service,GPU,0,0.0042759700102029735,0.00531711842777235,0.0010411484175693762,0.02590057190976
Fugue-asplos-EPIC-long-8000,F1,prefill_common,3,proj,GPU,0,0.00531711842777235,0.0053452484954646575,2.8130067692307695e-05,0.00406060531712
Fugue-asplos-EPIC-long-8000,F1,prefill_common,3,comm_g2g,GPU,0,0.0053452484954646575,0.0053452484954646575,0.0,1.58466048e-05
Fugue-asplos-EPIC-long-8000,F1,prefill_common,3,norm1,GPU,0,0.0053452484954646575,0.005355511391159168,1.0262895694510737e-05,0.00014902284288000002
Fugue-asplos-EPIC-long-8000,F1,prefill_common,3,ff1,GPU,0,0.005355511391159168,0.00542409517524708,6.858378408791209e-05,0.010571931538773333
Fugue-asplos-EPIC-long-8000,F1,prefill_common,3,ff2,GPU,0,0.00542409517524708,0.0054926789593349925,6.858378408791209e-05,0.010571931538773333
Fugue-asplos-EPIC-long-8000,F1,prefill_common,3,glu,GPU,0,0.0054926789593349925,0.005503496666627403,1.0817707292410499e-05,0.00039869448192
Fugue-asplos-EPIC-long-8000,F1,prefill_common,3,ff3,GPU,0,0.005503496666627403,0.005578510180473556,7.501351384615385e-05,0.010746000397653334
Fugue-asplos-EPIC-long-8000,F1,prefill_common,3,comm_g2g,GPU,0,0.005578510180473556,0.005578510180473556,0.0,1.58466048e-05
Fugue-asplos-EPIC-long-8000,F1,prefill_common,3,norm2,GPU,0,0.005578510180473556,0.005588773076168067,1.0262895694510737e-05,0.00014902284288000002
Fugue-asplos-EPIC-long-8000,F1,prefill_common,4,qkv,GPU,0,0.005588773076168067,0.00567316327924499,8.439020307692309e-05,0.011611110113279999
Fugue-asplos-EPIC-long-8000,F1,prefill_attention,4,attention_service,GPU,0,0.00567316327924499,0.006714311696814366,0.0010411484175693762,0.02590057190976
Fugue-asplos-EPIC-long-8000,F1,prefill_common,4,proj,GPU,0,0.006714311696814366,0.006742441764506674,2.8130067692307695e-05,0.00406060531712
Fugue-asplos-EPIC-long-8000,F1,prefill_common,4,comm_g2g,GPU,0,0.006742441764506674,0.006742441764506674,0.0,1.58466048e-05
Fugue-asplos-EPIC-long-8000,F1,prefill_common,4,norm1,GPU,0,0.006742441764506674,0.0067527046602011845,1.0262895694510737e-05,0.00014902284288000002
Fugue-asplos-EPIC-long-8000,F1,prefill_common,4,ff1,GPU,0,0.0067527046602011845,0.006821288444289097,6.858378408791209e-05,0.010571931538773333
Fugue-asplos-EPIC-long-8000,F1,prefill_common,4,ff2,GPU,0,0.006821288444289097,0.006889872228377009,6.858378408791209e-05,0.010571931538773333
Fugue-asplos-EPIC-long-8000,F1,prefill_common,4,glu,GPU,0,0.006889872228377009,0.006900689935669419,1.0817707292410499e-05,0.00039869448192
Fugue-asplos-EPIC-long-8000,F1,prefill_common,4,ff3,GPU,0,0.006900689935669419,0.006975703449515573,7.501351384615385e-05,0.010746000397653334
Fugue-asplos-EPIC-long-8000,F1,prefill_common,4,comm_g2g,GPU,0,0.006975703449515573,0.006975703449515573,0.0,1.58466048e-05
Fugue-asplos-EPIC-long-8000,F1,prefill_common,4,norm2,GPU,0,0.006975703449515573,0.006985966345210083,1.0262895694510737e-05,0.00014902284288000002
Fugue-asplos-EPIC-long-8000,F1,prefill_common,5,qkv,GPU,0,0.006985966345210083,0.007070356548287007,8.439020307692309e-05,0.011611110113279999
Fugue-asplos-EPIC-long-8000,F1,prefill_attention,5,attention_service,GPU,0,0.007070356548287007,0.008111504965856383,0.0010411484175693762,0.02590057190976
Fugue-asplos-EPIC-long-8000,F1,prefill_common,5,proj,GPU,0,0.008111504965856383,0.00813963503354869,2.8130067692307695e-05,0.00406060531712
Fugue-asplos-EPIC-long-8000,F1,prefill_common,5,comm_g2g,GPU,0,0.00813963503354869,0.00813963503354869,0.0,1.58466048e-05
Fugue-asplos-EPIC-long-8000,F1,prefill_common,5,norm1,GPU,0,0.00813963503354869,0.008149897929243201,1.0262895694510737e-05,0.00014902284288000002
Fugue-asplos-EPIC-long-8000,F1,prefill_common,5,ff1,GPU,0,0.008149897929243201,0.008218481713331113,6.858378408791209e-05,0.010571931538773333
Fugue-asplos-EPIC-long-8000,F1,prefill_common,5,ff2,GPU,0,0.008218481713331113,0.008287065497419024,6.858378408791209e-05,0.010571931538773333
Fugue-asplos-EPIC-long-8000,F1,prefill_common,5,glu,GPU,0,0.008287065497419024,0.008297883204711434,1.0817707292410499e-05,0.00039869448192
Fugue-asplos-EPIC-long-8000,F1,prefill_common,5,ff3,GPU,0,0.008297883204711434,0.008372896718557588,7.501351384615385e-05,0.010746000397653334
Fugue-asplos-EPIC-long-8000,F1,prefill_common,5,comm_g2g,GPU,0,0.008372896718557588,0.008372896718557588,0.0,1.58466048e-05
Fugue-asplos-EPIC-long-8000,F1,prefill_common,5,norm2,GPU,0,0.008372896718557588,0.008383159614252098,1.0262895694510737e-05,0.00014902284288000002
Fugue-asplos-EPIC-long-8000,F1,prefill_common,6,qkv,GPU,0,0.008383159614252098,0.008467549817329022,8.439020307692309e-05,0.011611110113279999
Fugue-asplos-EPIC-long-8000,F1,prefill_attention,6,attention_service,GPU,0,0.008467549817329022,0.009508698234898399,0.0010411484175693762,0.02590057190976
Fugue-asplos-EPIC-long-8000,F1,prefill_common,6,proj,GPU,0,0.009508698234898399,0.009536828302590707,2.8130067692307695e-05,0.00406060531712
Fugue-asplos-EPIC-long-8000,F1,prefill_common,6,comm_g2g,GPU,0,0.009536828302590707,0.009536828302590707,0.0,1.58466048e-05
Fugue-asplos-EPIC-long-8000,F1,prefill_common,6,norm1,GPU,0,0.009536828302590707,0.009547091198285217,1.0262895694510737e-05,0.00014902284288000002
Fugue-asplos-EPIC-long-8000,F1,prefill_common,6,ff1,GPU,0,0.009547091198285217,0.009615674982373128,6.858378408791209e-05,0.010571931538773333
Fugue-asplos-EPIC-long-8000,F1,prefill_common,6,ff2,GPU,0,0.009615674982373128,0.00968425876646104,6.858378408791209e-05,0.010571931538773333
Fugue-asplos-EPIC-long-8000,F1,prefill_common,6,glu,GPU,0,0.00968425876646104,0.00969507647375345,1.0817707292410499e-05,0.00039869448192
Fugue-asplos-EPIC-long-8000,F1,prefill_common,6,ff3,GPU,0,0.00969507647375345,0.009770089987599604,7.501351384615385e-05,0.010746000397653334
Fugue-asplos-EPIC-long-8000,F1,prefill_common,6,comm_g2g,GPU,0,0.009770089987599604,0.009770089987599604,0.0,1.58466048e-05
Fugue-asplos-EPIC-long-8000,F1,prefill_common,6,norm2,GPU,0,0.009770089987599604,0.009780352883294114,1.0262895694510737e-05,0.00014902284288000002
Fugue-asplos-EPIC-long-8000,F1,prefill_common,7,qkv,GPU,0,0.009780352883294114,0.009864743086371038,8.439020307692309e-05,0.011611110113279999
Fugue-asplos-EPIC-long-8000,F1,prefill_attention,7,attention_service,GPU,0,0.009864743086371038,0.010905891503940415,0.0010411484175693762,0.02590057190976
Fugue-asplos-EPIC-long-8000,F1,prefill_common,7,proj,GPU,0,0.010905891503940415,0.010934021571632722,2.8130067692307695e-05,0.00406060531712
Fugue-asplos-EPIC-long-8000,F1,prefill_common,7,comm_g2g,GPU,0,0.010934021571632722,0.010934021571632722,0.0,1.58466048e-05
Fugue-asplos-EPIC-long-8000,F1,prefill_common,7,norm1,GPU,0,0.010934021571632722,0.010944284467327233,1.0262895694510737e-05,0.00014902284288000002
Fugue-asplos-EPIC-long-8000,F1,prefill_common,7,ff1,GPU,0,0.010944284467327233,0.011012868251415144,6.858378408791209e-05,0.010571931538773333
Fugue-asplos-EPIC-long-8000,F1,prefill_common,7,ff2,GPU,0,0.011012868251415144,0.011081452035503056,6.858378408791209e-05,0.010571931538773333
Fugue-asplos-EPIC-long-8000,F1,prefill_common,7,glu,GPU,0,0.011081452035503056,0.011092269742795466,1.0817707292410499e-05,0.00039869448192
Fugue-asplos-EPIC-long-8000,F1,prefill_common,7,ff3,GPU,0,0.011092269742795466,0.01116728325664162,7.501351384615385e-05,0.010746000397653334
Fugue-asplos-EPIC-long-8000,F1,prefill_common,7,comm_g2g,GPU,0,0.01116728325664162,0.01116728325664162,0.0,1.58466048e-05
Fugue-asplos-EPIC-long-8000,F1,prefill_common,7,norm2,GPU,0,0.01116728325664162,0.01117754615233613,1.0262895694510737e-05,0.00014902284288000002
Fugue-asplos-EPIC-long-8000,F1,prefill_common,8,qkv,GPU,0,0.01117754615233613,0.011261936355413053,8.439020307692309e-05,0.011611110113279999
Fugue-asplos-EPIC-long-8000,F1,prefill_attention,8,attention_service,GPU,0,0.011261936355413053,0.01230308477298243,0.0010411484175693762,0.02590057190976
Fugue-asplos-EPIC-long-8000,F1,prefill_common,8,proj,GPU,0,0.01230308477298243,0.012331214840674738,2.8130067692307695e-05,0.00406060531712
Fugue-asplos-EPIC-long-8000,F1,prefill_common,8,comm_g2g,GPU,0,0.012331214840674738,0.012331214840674738,0.0,1.58466048e-05
Fugue-asplos-EPIC-long-8000,F1,prefill_common,8,norm1,GPU,0,0.012331214840674738,0.012341477736369249,1.0262895694510737e-05,0.00014902284288000002
Fugue-asplos-EPIC-long-8000,F1,prefill_common,8,ff1,GPU,0,0.012341477736369249,0.01241006152045716,6.858378408791209e-05,0.010571931538773333
Fugue-asplos-EPIC-long-8000,F1,prefill_common,8,ff2,GPU,0,0.01241006152045716,0.012478645304545071,6.858378408791209e-05,0.010571931538773333
Fugue-asplos-EPIC-long-8000,F1,prefill_common,8,glu,GPU,0,0.012478645304545071,0.012489463011837482,1.0817707292410499e-05,0.00039869448192
Fugue-asplos-EPIC-long-8000,F1,prefill_common,8,ff3,GPU,0,0.012489463011837482,0.012564476525683635,7.501351384615385e-05,0.010746000397653334
Fugue-asplos-EPIC-long-8000,F1,prefill_common,8,comm_g2g,GPU,0,0.012564476525683635,0.012564476525683635,0.0,1.58466048e-05
Fugue-asplos-EPIC-long-8000,F1,prefill_common,8,norm2,GPU,0,0.012564476525683635,0.012574739421378146,1.0262895694510737e-05,0.00014902284288000002
Fugue-asplos-EPIC-long-8000,F1,prefill_common,9,qkv,GPU,0,0.012574739421378146,0.012659129624455069,8.439020307692309e-05,0.011611110113279999
Fugue-asplos-EPIC-long-8000,F1,prefill_attention,9,attention_service,GPU,0,0.012659129624455069,0.013700278042024446,0.0010411484175693762,0.02590057190976
Fugue-asplos-EPIC-long-8000,F1,prefill_common,9,proj,GPU,0,0.013700278042024446,0.013728408109716754,2.8130067692307695e-05,0.00406060531712
Fugue-asplos-EPIC-long-8000,F1,prefill_common,9,comm_g2g,GPU,0,0.013728408109716754,0.013728408109716754,0.0,1.58466048e-05
Fugue-asplos-EPIC-long-8000,F1,prefill_common,9,norm1,GPU,0,0.013728408109716754,0.013738671005411264,1.0262895694510737e-05,0.00014902284288000002
Fugue-asplos-EPIC-long-8000,F1,prefill_common,9,ff1,GPU,0,0.013738671005411264,0.013807254789499176,6.858378408791209e-05,0.010571931538773333
Fugue-asplos-EPIC-long-8000,F1,prefill_common,9,ff2,GPU,0,0.013807254789499176,0.013875838573587087,6.858378408791209e-05,0.010571931538773333
Fugue-asplos-EPIC-long-8000,F1,prefill_common,9,glu,GPU,0,0.013875838573587087,0.013886656280879497,1.0817707292410499e-05,0.00039869448192
Fugue-asplos-EPIC-long-8000,F1,prefill_common,9,ff3,GPU,0,0.013886656280879497,0.013961669794725651,7.501351384615385e-05,0.010746000397653334
Fugue-asplos-EPIC-long-8000,F1,prefill_common,9,comm_g2g,GPU,0,0.013961669794725651,0.013961669794725651,0.0,1.58466048e-05
Fugue-asplos-EPIC-long-8000,F1,prefill_common,9,norm2,GPU,0,0.013961669794725651,0.013971932690420161,1.0262895694510737e-05,0.00014902284288000002
Fugue-asplos-EPIC-long-8000,F1,prefill_common,10,qkv,GPU,0,0.013971932690420161,0.014056322893497085,8.439020307692309e-05,0.011611110113279999
Fugue-asplos-EPIC-long-8000,F1,prefill_attention,10,attention_service,GPU,0,0.014056322893497085,0.015097471311066462,0.0010411484175693762,0.02590057190976
Fugue-asplos-EPIC-long-8000,F1,prefill_common,10,proj,GPU,0,0.015097471311066462,0.01512560137875877,2.8130067692307695e-05,0.00406060531712
Fugue-asplos-EPIC-long-8000,F1,prefill_common,10,comm_g2g,GPU,0,0.01512560137875877,0.01512560137875877,0.0,1.58466048e-05
Fugue-asplos-EPIC-long-8000,F1,prefill_common,10,norm1,GPU,0,0.01512560137875877,0.01513586427445328,1.0262895694510737e-05,0.00014902284288000002
Fugue-asplos-EPIC-long-8000,F1,prefill_common,10,ff1,GPU,0,0.01513586427445328,0.015204448058541192,6.858378408791209e-05,0.010571931538773333
Fugue-asplos-EPIC-long-8000,F1,prefill_common,10,ff2,GPU,0,0.015204448058541192,0.015273031842629103,6.858378408791209e-05,0.010571931538773333
Fugue-asplos-EPIC-long-8000,F1,prefill_common,10,glu,GPU,0,0.015273031842629103,0.015283849549921513,1.0817707292410499e-05,0.00039869448192
Fugue-asplos-EPIC-long-8000,F1,prefill_common,10,ff3,GPU,0,0.015283849549921513,0.015358863063767667,7.501351384615385e-05,0.010746000397653334
Fugue-asplos-EPIC-long-8000,F1,prefill_common,10,comm_g2g,GPU,0,0.015358863063767667,0.015358863063767667,0.0,1.58466048e-05
Fugue-asplos-EPIC-long-8000,F1,prefill_common,10,norm2,GPU,0,0.015358863063767667,0.015369125959462177,1.0262895694510737e-05,0.00014902284288000002
Fugue-asplos-EPIC-long-8000,F1,prefill_common,11,qkv,GPU,0,0.015369125959462177,0.0154535161625391,8.439020307692309e-05,0.011611110113279999
Fugue-asplos-EPIC-long-8000,F1,prefill_attention,11,attention_service,GPU,0,0.0154535161625391,0.016494664580108478,0.0010411484175693762,0.02590057190976
Fugue-asplos-EPIC-long-8000,F1,prefill_common,11,proj,GPU,0,0.016494664580108478,0.016522794647800786,2.8130067692307695e-05,0.00406060531712
Fugue-asplos-EPIC-long-8000,F1,prefill_common,11,comm_g2g,GPU,0,0.016522794647800786,0.016522794647800786,0.0,1.58466048e-05
Fugue-asplos-EPIC-long-8000,F1,prefill_common,11,norm1,GPU,0,0.016522794647800786,0.016533057543495298,1.0262895694510737e-05,0.00014902284288000002
Fugue-asplos-EPIC-long-8000,F1,prefill_common,11,ff1,GPU,0,0.016533057543495298,0.01660164132758321,6.858378408791209e-05,0.010571931538773333
Fugue-asplos-EPIC-long-8000,F1,prefill_common,11,ff2,GPU,0,0.01660164132758321,0.016670225111671124,6.858378408791209e-05,0.010571931538773333
Fugue-asplos-EPIC-long-8000,F1,prefill_common,11,glu,GPU,0,0.016670225111671124,0.016681042818963536,1.0817707292410499e-05,0.00039869448192
Fugue-asplos-EPIC-long-8000,F1,prefill_common,11,ff3,GPU,0,0.016681042818963536,0.01675605633280969,7.501351384615385e-05,0.010746000397653334
Fugue-asplos-EPIC-long-8000,F1,prefill_common,11,comm_g2g,GPU,0,0.01675605633280969,0.01675605633280969,0.0,1.58466048e-05
Fugue-asplos-EPIC-long-8000,F1,prefill_common,11,norm2,GPU,0,0.01675605633280969,0.016766319228504203,1.0262895694510737e-05,0.00014902284288000002
Fugue-asplos-EPIC-long-8000,F1,prefill_common,12,qkv,GPU,0,0.016766319228504203,0.016850709431581127,8.439020307692309e-05,0.011611110113279999
Fugue-asplos-EPIC-long-8000,F1,prefill_attention,12,attention_service,GPU,0,0.016850709431581127,0.017891857849150504,0.0010411484175693762,0.02590057190976
Fugue-asplos-EPIC-long-8000,F1,prefill_common,12,proj,GPU,0,0.017891857849150504,0.017919987916842812,2.8130067692307695e-05,0.00406060531712
Fugue-asplos-EPIC-long-8000,F1,prefill_common,12,comm_g2g,GPU,0,0.017919987916842812,0.017919987916842812,0.0,1.58466048e-05
Fugue-asplos-EPIC-long-8000,F1,prefill_common,12,norm1,GPU,0,0.017919987916842812,0.017930250812537324,1.0262895694510737e-05,0.00014902284288000002
Fugue-asplos-EPIC-long-8000,F1,prefill_common,12,ff1,GPU,0,0.017930250812537324,0.017998834596625237,6.858378408791209e-05,0.010571931538773333
Fugue-asplos-EPIC-long-8000,F1,prefill_common,12,ff2,GPU,0,0.017998834596625237,0.01806741838071315,6.858378408791209e-05,0.010571931538773333
Fugue-asplos-EPIC-long-8000,F1,prefill_common,12,glu,GPU,0,0.01806741838071315,0.018078236088005562,1.0817707292410499e-05,0.00039869448192
Fugue-asplos-EPIC-long-8000,F1,prefill_common,12,ff3,GPU,0,0.018078236088005562,0.018153249601851718,7.501351384615385e-05,0.010746000397653334
Fugue-asplos-EPIC-long-8000,F1,prefill_common,12,comm_g2g,GPU,0,0.018153249601851718,0.018153249601851718,0.0,1.58466048e-05
Fugue-asplos-EPIC-long-8000,F1,prefill_common,12,norm2,GPU,0,0.018153249601851718,0.01816351249754623,1.0262895694510737e-05,0.00014902284288000002
Fugue-asplos-EPIC-long-8000,F1,prefill_common,13,qkv,GPU,0,0.01816351249754623,0.018247902700623153,8.439020307692309e-05,0.011611110113279999
Fugue-asplos-EPIC-long-8000,F1,prefill_attention,13,attention_service,GPU,0,0.018247902700623153,0.01928905111819253,0.0010411484175693762,0.02590057190976
Fugue-asplos-EPIC-long-8000,F1,prefill_common,13,proj,GPU,0,0.01928905111819253,0.019317181185884838,2.8130067692307695e-05,0.00406060531712
Fugue-asplos-EPIC-long-8000,F1,prefill_common,13,comm_g2g,GPU,0,0.019317181185884838,0.019317181185884838,0.0,1.58466048e-05
Fugue-asplos-EPIC-long-8000,F1,prefill_common,13,norm1,GPU,0,0.019317181185884838,0.01932744408157935,1.0262895694510737e-05,0.00014902284288000002
Fugue-asplos-EPIC-long-8000,F1,prefill_common,13,ff1,GPU,0,0.01932744408157935,0.019396027865667263,6.858378408791209e-05,0.010571931538773333
Fugue-asplos-EPIC-long-8000,F1,prefill_common,13,ff2,GPU,0,0.019396027865667263,0.019464611649755176,6.858378408791209e-05,0.010571931538773333
Fugue-asplos-EPIC-long-8000,F1,prefill_common,13,glu,GPU,0,0.019464611649755176,0.01947542935704759,1.0817707292410499e-05,0.00039869448192
Fugue-asplos-EPIC-long-8000,F1,prefill_common,13,ff3,GPU,0,0.01947542935704759,0.019550442870893744,7.501351384615385e-05,0.010746000397653334
Fugue-asplos-EPIC-long-8000,F1,prefill_common,13,comm_g2g,GPU,0,0.019550442870893744,0.019550442870893744,0.0,1.58466048e-05
Fugue-asplos-EPIC-long-8000,F1,prefill_common,13,norm2,GPU,0,0.019550442870893744,0.019560705766588256,1.0262895694510737e-05,0.00014902284288000002
Fugue-asplos-EPIC-long-8000,F1,prefill_common,14,qkv,GPU,0,0.019560705766588256,0.01964509596966518,8.439020307692309e-05,0.011611110113279999
Fugue-asplos-EPIC-long-8000,F1,prefill_attention,14,attention_service,GPU,0,0.01964509596966518,0.020686244387234556,0.0010411484175693762,0.02590057190976
Fugue-asplos-EPIC-long-8000,F1,prefill_common,14,proj,GPU,0,0.020686244387234556,0.020714374454926864,2.8130067692307695e-05,0.00406060531712
Fugue-asplos-EPIC-long-8000,F1,prefill_common,14,comm_g2g,GPU,0,0.020714374454926864,0.020714374454926864,0.0,1.58466048e-05
Fugue-asplos-EPIC-long-8000,F1,prefill_common,14,norm1,GPU,0,0.020714374454926864,0.020724637350621376,1.0262895694510737e-05,0.00014902284288000002
Fugue-asplos-EPIC-long-8000,F1,prefill_common,14,ff1,GPU,0,0.020724637350621376,0.02079322113470929,6.858378408791209e-05,0.010571931538773333
Fugue-asplos-EPIC-long-8000,F1,prefill_common,14,ff2,GPU,0,0.02079322113470929,0.020861804918797203,6.858378408791209e-05,0.010571931538773333
Fugue-asplos-EPIC-long-8000,F1,prefill_common,14,glu,GPU,0,0.020861804918797203,0.020872622626089615,1.0817707292410499e-05,0.00039869448192
Fugue-asplos-EPIC-long-8000,F1,prefill_common,14,ff3,GPU,0,0.020872622626089615,0.02094763613993577,7.501351384615385e-05,0.010746000397653334
Fugue-asplos-EPIC-long-8000,F1,prefill_common,14,comm_g2g,GPU,0,0.02094763613993577,0.02094763613993577,0.0,1.58466048e-05
Fugue-asplos-EPIC-long-8000,F1,prefill_common,14,norm2,GPU,0,0.02094763613993577,0.020957899035630282,1.0262895694510737e-05,0.00014902284288000002
Fugue-asplos-EPIC-long-8000,F1,prefill_common,15,qkv,GPU,0,0.020957899035630282,0.021042289238707206,8.439020307692309e-05,0.011611110113279999
Fugue-asplos-EPIC-long-8000,F1,prefill_attention,15,attention_service,GPU,0,0.021042289238707206,0.022083437656276583,0.0010411484175693762,0.02590057190976
Fugue-asplos-EPIC-long-8000,F1,prefill_common,15,proj,GPU,0,0.022083437656276583,0.02211156772396889,2.8130067692307695e-05,0.00406060531712
Fugue-asplos-EPIC-long-8000,F1,prefill_common,15,comm_g2g,GPU,0,0.02211156772396889,0.02211156772396889,0.0,1.58466048e-05
Fugue-asplos-EPIC-long-8000,F1,prefill_common,15,norm1,GPU,0,0.02211156772396889,0.022121830619663403,1.0262895694510737e-05,0.00014902284288000002
Fugue-asplos-EPIC-long-8000,F1,prefill_common,15,ff1,GPU,0,0.022121830619663403,0.022190414403751316,6.858378408791209e-05,0.010571931538773333
Fugue-asplos-EPIC-long-8000,F1,prefill_common,15,ff2,GPU,0,0.022190414403751316,0.02225899818783923,6.858378408791209e-05,0.010571931538773333
Fugue-asplos-EPIC-long-8000,F1,prefill_common,15,glu,GPU,0,0.02225899818783923,0.02226981589513164,1.0817707292410499e-05,0.00039869448192
Fugue-asplos-EPIC-long-8000,F1,prefill_common,15,ff3,GPU,0,0.02226981589513164,0.022344829408977796,7.501351384615385e-05,0.010746000397653334
Fugue-asplos-EPIC-long-8000,F1,prefill_common,15,comm_g2g,GPU,0,0.022344829408977796,0.022344829408977796,0.0,1.58466048e-05
Fugue-asplos-EPIC-long-8000,F1,prefill_common,15,norm2,GPU,0,0.022344829408977796,0.022355092304672308,1.0262895694510737e-05,0.00014902284288000002
Fugue-asplos-EPIC-long-8000,F1,prefill_common,16,qkv,GPU,0,0.022355092304672308,0.02243948250774923,8.439020307692309e-05,0.011611110113279999
Fugue-asplos-EPIC-long-8000,F1,prefill_attention,16,attention_service,GPU,0,0.02243948250774923,0.02348063092531861,0.0010411484175693762,0.02590057190976
Fugue-asplos-EPIC-long-8000,F1,prefill_common,16,proj,GPU,0,0.02348063092531861,0.023508760993010917,2.8130067692307695e-05,0.00406060531712
Fugue-asplos-EPIC-long-8000,F1,prefill_common,16,comm_g2g,GPU,0,0.023508760993010917,0.023508760993010917,0.0,1.58466048e-05
Fugue-asplos-EPIC-long-8000,F1,prefill_common,16,norm1,GPU,0,0.023508760993010917,0.02351902388870543,1.0262895694510737e-05,0.00014902284288000002
Fugue-asplos-EPIC-long-8000,F1,prefill_common,16,ff1,GPU,0,0.02351902388870543,0.023587607672793342,6.858378408791209e-05,0.010571931538773333
Fugue-asplos-EPIC-long-8000,F1,prefill_common,16,ff2,GPU,0,0.023587607672793342,0.023656191456881255,6.858378408791209e-05,0.010571931538773333
Fugue-asplos-EPIC-long-8000,F1,prefill_common,16,glu,GPU,0,0.023656191456881255,0.023667009164173667,1.0817707292410499e-05,0.00039869448192
Fugue-asplos-EPIC-long-8000,F1,prefill_common,16,ff3,GPU,0,0.023667009164173667,0.023742022678019822,7.501351384615385e-05,0.010746000397653334
Fugue-asplos-EPIC-long-8000,F1,prefill_common,16,comm_g2g,GPU,0,0.023742022678019822,0.023742022678019822,0.0,1.58466048e-05
Fugue-asplos-EPIC-long-8000,F1,prefill_common,16,norm2,GPU,0,0.023742022678019822,0.023752285573714334,1.0262895694510737e-05,0.00014902284288000002
Fugue-asplos-EPIC-long-8000,F1,prefill_common,17,qkv,GPU,0,0.023752285573714334,0.023836675776791258,8.439020307692309e-05,0.011611110113279999
Fugue-asplos-EPIC-long-8000,F1,prefill_attention,17,attention_service,GPU,0,0.023836675776791258,0.024877824194360635,0.0010411484175693762,0.02590057190976
Fugue-asplos-EPIC-long-8000,F1,prefill_common,17,proj,GPU,0,0.024877824194360635,0.024905954262052943,2.8130067692307695e-05,0.00406060531712
Fugue-asplos-EPIC-long-8000,F1,prefill_common,17,comm_g2g,GPU,0,0.024905954262052943,0.024905954262052943,0.0,1.58466048e-05
Fugue-asplos-EPIC-long-8000,F1,prefill_common,17,norm1,GPU,0,0.024905954262052943,0.024916217157747455,1.0262895694510737e-05,0.00014902284288000002
Fugue-asplos-EPIC-long-8000,F1,prefill_common,17,ff1,GPU,0,0.024916217157747455,0.024984800941835368,6.858378408791209e-05,0.010571931538773333
Fugue-asplos-EPIC-long-8000,F1,prefill_common,17,ff2,GPU,0,0.024984800941835368,0.02505338472592328,6.858378408791209e-05,0.010571931538773333
Fugue-asplos-EPIC-long-8000,F1,prefill_common,17,glu,GPU,0,0.02505338472592328,0.025064202433215693,1.0817707292410499e-05,0.00039869448192
Fugue-asplos-EPIC-long-8000,F1,prefill_common,17,ff3,GPU,0,0.025064202433215693,0.02513921594706185,7.501351384615385e-05,0.010746000397653334
Fugue-asplos-EPIC-long-8000,F1,prefill_common,17,comm_g2g,GPU,0,0.02513921594706185,0.02513921594706185,0.0,1.58466048e-05
Fugue-asplos-EPIC-long-8000,F1,prefill_common,17,norm2,GPU,0,0.02513921594706185,0.02514947884275636,1.0262895694510737e-05,0.00014902284288000002
Fugue-asplos-EPIC-long-8000,F1,prefill_common,18,qkv,GPU,0,0.02514947884275636,0.025233869045833284,8.439020307692309e-05,0.011611110113279999
Fugue-asplos-EPIC-long-8000,F1,prefill_attention,18,attention_service,GPU,0,0.025233869045833284,0.02627501746340266,0.0010411484175693762,0.02590057190976
Fugue-asplos-EPIC-long-8000,F1,prefill_common,18,proj,GPU,0,0.02627501746340266,0.02630314753109497,2.8130067692307695e-05,0.00406060531712
Fugue-asplos-EPIC-long-8000,F1,prefill_common,18,comm_g2g,GPU,0,0.02630314753109497,0.02630314753109497,0.0,1.58466048e-05
Fugue-asplos-EPIC-long-8000,F1,prefill_common,18,norm1,GPU,0,0.02630314753109497,0.02631341042678948,1.0262895694510737e-05,0.00014902284288000002
Fugue-asplos-EPIC-long-8000,F1,prefill_common,18,ff1,GPU,0,0.02631341042678948,0.026381994210877394,6.858378408791209e-05,0.010571931538773333
Fugue-asplos-EPIC-long-8000,F1,prefill_common,18,ff2,GPU,0,0.026381994210877394,0.026450577994965307,6.858378408791209e-05,0.010571931538773333
Fugue-asplos-EPIC-long-8000,F1,prefill_common,18,glu,GPU,0,0.026450577994965307,0.02646139570225772,1.0817707292410499e-05,0.00039869448192
Fugue-asplos-EPIC-long-8000,F1,prefill_common,18,ff3,GPU,0,0.02646139570225772,0.026536409216103875,7.501351384615385e-05,0.010746000397653334
Fugue-asplos-EPIC-long-8000,F1,prefill_common,18,comm_g2g,GPU,0,0.026536409216103875,0.026536409216103875,0.0,1.58466048e-05
Fugue-asplos-EPIC-long-8000,F1,prefill_common,18,norm2,GPU,0,0.026536409216103875,0.026546672111798387,1.0262895694510737e-05,0.00014902284288000002
Fugue-asplos-EPIC-long-8000,F1,prefill_common,19,qkv,GPU,0,0.026546672111798387,0.02663106231487531,8.439020307692309e-05,0.011611110113279999
Fugue-asplos-EPIC-long-8000,F1,prefill_attention,19,attention_service,GPU,0,0.02663106231487531,0.027672210732444687,0.0010411484175693762,0.02590057190976
Fugue-asplos-EPIC-long-8000,F1,prefill_common,19,proj,GPU,0,0.027672210732444687,0.027700340800136995,2.8130067692307695e-05,0.00406060531712
Fugue-asplos-EPIC-long-8000,F1,prefill_common,19,comm_g2g,GPU,0,0.027700340800136995,0.027700340800136995,0.0,1.58466048e-05
Fugue-asplos-EPIC-long-8000,F1,prefill_common,19,norm1,GPU,0,0.027700340800136995,0.027710603695831507,1.0262895694510737e-05,0.00014902284288000002
Fugue-asplos-EPIC-long-8000,F1,prefill_common,19,ff1,GPU,0,0.027710603695831507,0.02777918747991942,6.858378408791209e-05,0.010571931538773333
Fugue-asplos-EPIC-long-8000,F1,prefill_common,19,ff2,GPU,0,0.02777918747991942,0.027847771264007334,6.858378408791209e-05,0.010571931538773333
Fugue-asplos-EPIC-long-8000,F1,prefill_common,19,glu,GPU,0,0.027847771264007334,0.027858588971299746,1.0817707292410499e-05,0.00039869448192
Fugue-asplos-EPIC-long-8000,F1,prefill_common,19,ff3,GPU,0,0.027858588971299746,0.0279336024851459,7.501351384615385e-05,0.010746000397653334
Fugue-asplos-EPIC-long-8000,F1,prefill_common,19,comm_g2g,GPU,0,0.0279336024851459,0.0279336024851459,0.0,1.58466048e-05
Fugue-asplos-EPIC-long-8000,F1,prefill_common,19,norm2,GPU,0,0.0279336024851459,0.027943865380840413,1.0262895694510737e-05,0.00014902284288000002
Fugue-asplos-EPIC-long-8000,F1,prefill_common,20,qkv,GPU,0,0.027943865380840413,0.028028255583917337,8.439020307692309e-05,0.011611110113279999
Fugue-asplos-EPIC-long-8000,F1,prefill_attention,20,attention_service,GPU,0,0.028028255583917337,0.029069404001486714,0.0010411484175693762,0.02590057190976
Fugue-asplos-EPIC-long-8000,F1,prefill_common,20,proj,GPU,0,0.029069404001486714,0.02909753406917902,2.8130067692307695e-05,0.00406060531712
Fugue-asplos-EPIC-long-8000,F1,prefill_common,20,comm_g2g,GPU,0,0.02909753406917902,0.02909753406917902,0.0,1.58466048e-05
Fugue-asplos-EPIC-long-8000,F1,prefill_common,20,norm1,GPU,0,0.02909753406917902,0.029107796964873534,1.0262895694510737e-05,0.00014902284288000002
Fugue-asplos-EPIC-long-8000,F1,prefill_common,20,ff1,GPU,0,0.029107796964873534,0.029176380748961447,6.858378408791209e-05,0.010571931538773333
Fugue-asplos-EPIC-long-8000,F1,prefill_common,20,ff2,GPU,0,0.029176380748961447,0.02924496453304936,6.858378408791209e-05,0.010571931538773333
Fugue-asplos-EPIC-long-8000,F1,prefill_common,20,glu,GPU,0,0.02924496453304936,0.029255782240341772,1.0817707292410499e-05,0.00039869448192
Fugue-asplos-EPIC-long-8000,F1,prefill_common,20,ff3,GPU,0,0.029255782240341772,0.029330795754187927,7.501351384615385e-05,0.010746000397653334
Fugue-asplos-EPIC-long-8000,F1,prefill_common,20,comm_g2g,GPU,0,0.029330795754187927,0.029330795754187927,0.0,1.58466048e-05
Fugue-asplos-EPIC-long-8000,F1,prefill_common,20,norm2,GPU,0,0.029330795754187927,0.02934105864988244,1.0262895694510737e-05,0.00014902284288000002
Fugue-asplos-EPIC-long-8000,F1,prefill_common,21,qkv,GPU,0,0.02934105864988244,0.029425448852959363,8.439020307692309e-05,0.011611110113279999
Fugue-asplos-EPIC-long-8000,F1,prefill_attention,21,attention_service,GPU,0,0.029425448852959363,0.03046659727052874,0.0010411484175693762,0.02590057190976
Fugue-asplos-EPIC-long-8000,F1,prefill_common,21,proj,GPU,0,0.03046659727052874,0.030494727338221048,2.8130067692307695e-05,0.00406060531712
Fugue-asplos-EPIC-long-8000,F1,prefill_common,21,comm_g2g,GPU,0,0.030494727338221048,0.030494727338221048,0.0,1.58466048e-05
Fugue-asplos-EPIC-long-8000,F1,prefill_common,21,norm1,GPU,0,0.030494727338221048,0.03050499023391556,1.0262895694510737e-05,0.00014902284288000002
Fugue-asplos-EPIC-long-8000,F1,prefill_common,21,ff1,GPU,0,0.03050499023391556,0.030573574018003473,6.858378408791209e-05,0.010571931538773333
Fugue-asplos-EPIC-long-8000,F1,prefill_common,21,ff2,GPU,0,0.030573574018003473,0.030642157802091386,6.858378408791209e-05,0.010571931538773333
Fugue-asplos-EPIC-long-8000,F1,prefill_common,21,glu,GPU,0,0.030642157802091386,0.030652975509383798,1.0817707292410499e-05,0.00039869448192
Fugue-asplos-EPIC-long-8000,F1,prefill_common,21,ff3,GPU,0,0.030652975509383798,0.030727989023229953,7.501351384615385e-05,0.010746000397653334
Fugue-asplos-EPIC-long-8000,F1,prefill_common,21,comm_g2g,GPU,0,0.030727989023229953,0.030727989023229953,0.0,1.58466048e-05
Fugue-asplos-EPIC-long-8000,F1,prefill_common,21,norm2,GPU,0,0.030727989023229953,0.030738251918924465,1.0262895694510737e-05,0.00014902284288000002
Fugue-asplos-EPIC-long-8000,F1,prefill_common,22,qkv,GPU,0,0.030738251918924465,0.03082264212200139,8.439020307692309e-05,0.011611110113279999
Fugue-asplos-EPIC-long-8000,F1,prefill_attention,22,attention_service,GPU,0,0.03082264212200139,0.031863790539570766,0.0010411484175693762,0.02590057190976
Fugue-asplos-EPIC-long-8000,F1,prefill_common,22,proj,GPU,0,0.031863790539570766,0.03189192060726307,2.8130067692307695e-05,0.00406060531712
Fugue-asplos-EPIC-long-8000,F1,prefill_common,22,comm_g2g,GPU,0,0.03189192060726307,0.03189192060726307,0.0,1.58466048e-05
Fugue-asplos-EPIC-long-8000,F1,prefill_common,22,norm1,GPU,0,0.03189192060726307,0.03190218350295758,1.0262895694510737e-05,0.00014902284288000002
Fugue-asplos-EPIC-long-8000,F1,prefill_common,22,ff1,GPU,0,0.03190218350295758,0.03197076728704549,6.858378408791209e-05,0.010571931538773333
Fugue-asplos-EPIC-long-8000,F1,prefill_common,22,ff2,GPU,0,0.03197076728704549,0.0320393510711334,6.858378408791209e-05,0.010571931538773333
Fugue-asplos-EPIC-long-8000,F1,prefill_common,22,glu,GPU,0,0.0320393510711334,0.03205016877842581,1.0817707292410499e-05,0.00039869448192
Fugue-asplos-EPIC-long-8000,F1,prefill_common,22,ff3,GPU,0,0.03205016877842581,0.03212518229227196,7.501351384615385e-05,0.010746000397653334
Fugue-asplos-EPIC-long-8000,F1,prefill_common,22,comm_g2g,GPU,0,0.03212518229227196,0.03212518229227196,0.0,1.58466048e-05
Fugue-asplos-EPIC-long-8000,F1,prefill_common,22,norm2,GPU,0,0.03212518229227196,0.03213544518796647,1.0262895694510737e-05,0.00014902284288000002
Fugue-asplos-EPIC-long-8000,F1,prefill_common,23,qkv,GPU,0,0.03213544518796647,0.03221983539104339,8.439020307692309e-05,0.011611110113279999
Fugue-asplos-EPIC-long-8000,F1,prefill_attention,23,attention_service,GPU,0,0.03221983539104339,0.03326098380861276,0.0010411484175693762,0.02590057190976
Fugue-asplos-EPIC-long-8000,F1,prefill_common,23,proj,GPU,0,0.03326098380861276,0.033289113876305065,2.8130067692307695e-05,0.00406060531712
Fugue-asplos-EPIC-long-8000,F1,prefill_common,23,comm_g2g,GPU,0,0.033289113876305065,0.033289113876305065,0.0,1.58466048e-05
Fugue-asplos-EPIC-long-8000,F1,prefill_common,23,norm1,GPU,0,0.033289113876305065,0.033299376771999574,1.0262895694510737e-05,0.00014902284288000002
Fugue-asplos-EPIC-long-8000,F1,prefill_common,23,ff1,GPU,0,0.033299376771999574,0.033367960556087484,6.858378408791209e-05,0.010571931538773333
Fugue-asplos-EPIC-long-8000,F1,prefill_common,23,ff2,GPU,0,0.033367960556087484,0.03343654434017539,6.858378408791209e-05,0.010571931538773333
Fugue-asplos-EPIC-long-8000,F1,prefill_common,23,glu,GPU,0,0.03343654434017539,0.0334473620474678,1.0817707292410499e-05,0.00039869448192
Fugue-asplos-EPIC-long-8000,F1,prefill_common,23,ff3,GPU,0,0.0334473620474678,0.033522375561313954,7.501351384615385e-05,0.010746000397653334
Fugue-asplos-EPIC-long-8000,F1,prefill_common,23,comm_g2g,GPU,0,0.033522375561313954,0.033522375561313954,0.0,1.58466048e-05
Fugue-asplos-EPIC-long-8000,F1,prefill_common,23,norm2,GPU,0,0.033522375561313954,0.03353263845700846,1.0262895694510737e-05,0.00014902284288000002
Fugue-asplos-EPIC-long-8000,F1,prefill_common,24,qkv,GPU,0,0.03353263845700846,0.03361702866008538,8.439020307692309e-05,0.011611110113279999
Fugue-asplos-EPIC-long-8000,F1,prefill_attention,24,attention_service,GPU,0,0.03361702866008538,0.034658177077654756,0.0010411484175693762,0.02590057190976
Fugue-asplos-EPIC-long-8000,F1,prefill_common,24,proj,GPU,0,0.034658177077654756,0.03468630714534706,2.8130067692307695e-05,0.00406060531712
Fugue-asplos-EPIC-long-8000,F1,prefill_common,24,comm_g2g,GPU,0,0.03468630714534706,0.03468630714534706,0.0,1.58466048e-05
Fugue-asplos-EPIC-long-8000,F1,prefill_common,24,norm1,GPU,0,0.03468630714534706,0.03469657004104157,1.0262895694510737e-05,0.00014902284288000002
Fugue-asplos-EPIC-long-8000,F1,prefill_common,24,ff1,GPU,0,0.03469657004104157,0.03476515382512948,6.858378408791209e-05,0.010571931538773333
Fugue-asplos-EPIC-long-8000,F1,prefill_common,24,ff2,GPU,0,0.03476515382512948,0.03483373760921739,6.858378408791209e-05,0.010571931538773333
Fugue-asplos-EPIC-long-8000,F1,prefill_common,24,glu,GPU,0,0.03483373760921739,0.0348445553165098,1.0817707292410499e-05,0.00039869448192
Fugue-asplos-EPIC-long-8000,F1,prefill_common,24,ff3,GPU,0,0.0348445553165098,0.03491956883035595,7.501351384615385e-05,0.010746000397653334
Fugue-asplos-EPIC-long-8000,F1,prefill_common,24,comm_g2g,GPU,0,0.03491956883035595,0.03491956883035595,0.0,1.58466048e-05
Fugue-asplos-EPIC-long-8000,F1,prefill_common,24,norm2,GPU,0,0.03491956883035595,0.03492983172605046,1.0262895694510737e-05,0.00014902284288000002
Fugue-asplos-EPIC-long-8000,F1,prefill_common,25,qkv,GPU,0,0.03492983172605046,0.03501422192912738,8.439020307692309e-05,0.011611110113279999
Fugue-asplos-EPIC-long-8000,F1,prefill_attention,25,attention_service,GPU,0,0.03501422192912738,0.03605537034669675,0.0010411484175693762,0.02590057190976
Fugue-asplos-EPIC-long-8000,F1,prefill_common,25,proj,GPU,0,0.03605537034669675,0.036083500414389055,2.8130067692307695e-05,0.00406060531712
Fugue-asplos-EPIC-long-8000,F1,prefill_common,25,comm_g2g,GPU,0,0.036083500414389055,0.036083500414389055,0.0,1.58466048e-05
Fugue-asplos-EPIC-long-8000,F1,prefill_common,25,norm1,GPU,0,0.036083500414389055,0.036093763310083564,1.0262895694510737e-05,0.00014902284288000002
Fugue-asplos-EPIC-long-8000,F1,prefill_common,25,ff1,GPU,0,0.036093763310083564,0.036162347094171474,6.858378408791209e-05,0.010571931538773333
Fugue-asplos-EPIC-long-8000,F1,prefill_common,25,ff2,GPU,0,0.036162347094171474,0.03623093087825938,6.858378408791209e-05,0.010571931538773333
Fugue-asplos-EPIC-long-8000,F1,prefill_common,25,glu,GPU,0,0.03623093087825938,0.03624174858555179,1.0817707292410499e-05,0.00039869448192
Fugue-asplos-EPIC-long-8000,F1,prefill_common,25,ff3,GPU,0,0.03624174858555179,0.036316762099397944,7.501351384615385e-05,0.010746000397653334
Fugue-asplos-EPIC-long-8000,F1,prefill_common,25,comm_g2g,GPU,0,0.036316762099397944,0.036316762099397944,0.0,1.58466048e-05
Fugue-asplos-EPIC-long-8000,F1,prefill_common,25,norm2,GPU,0,0.036316762099397944,0.03632702499509245,1.0262895694510737e-05,0.00014902284288000002
Fugue-asplos-EPIC-long-8000,F1,prefill_common,26,qkv,GPU,0,0.03632702499509245,0.03641141519816937,8.439020307692309e-05,0.011611110113279999
Fugue-asplos-EPIC-long-8000,F1,prefill_attention,26,attention_service,GPU,0,0.03641141519816937,0.037452563615738746,0.0010411484175693762,0.02590057190976
Fugue-asplos-EPIC-long-8000,F1,prefill_common,26,proj,GPU,0,0.037452563615738746,0.03748069368343105,2.8130067692307695e-05,0.00406060531712
Fugue-asplos-EPIC-long-8000,F1,prefill_common,26,comm_g2g,GPU,0,0.03748069368343105,0.03748069368343105,0.0,1.58466048e-05
Fugue-asplos-EPIC-long-8000,F1,prefill_common,26,norm1,GPU,0,0.03748069368343105,0.03749095657912556,1.0262895694510737e-05,0.00014902284288000002
Fugue-asplos-EPIC-long-8000,F1,prefill_common,26,ff1,GPU,0,0.03749095657912556,0.03755954036321347,6.858378408791209e-05,0.010571931538773333
Fugue-asplos-EPIC-long-8000,F1,prefill_common,26,ff2,GPU,0,0.03755954036321347,0.03762812414730138,6.858378408791209e-05,0.010571931538773333
Fugue-asplos-EPIC-long-8000,F1,prefill_common,26,glu,GPU,0,0.03762812414730138,0.03763894185459379,1.0817707292410499e-05,0.00039869448192
Fugue-asplos-EPIC-long-8000,F1,prefill_common,26,ff3,GPU,0,0.03763894185459379,0.03771395536843994,7.501351384615385e-05,0.010746000397653334
Fugue-asplos-EPIC-long-8000,F1,prefill_common,26,comm_g2g,GPU,0,0.03771395536843994,0.03771395536843994,0.0,1.58466048e-05
Fugue-asplos-EPIC-long-8000,F1,prefill_common,26,norm2,GPU,0,0.03771395536843994,0.03772421826413445,1.0262895694510737e-05,0.00014902284288000002
Fugue-asplos-EPIC-long-8000,F1,prefill_common,27,qkv,GPU,0,0.03772421826413445,0.03780860846721137,8.439020307692309e-05,0.011611110113279999
Fugue-asplos-EPIC-long-8000,F1,prefill_attention,27,attention_service,GPU,0,0.03780860846721137,0.03884975688478074,0.0010411484175693762,0.02590057190976
Fugue-asplos-EPIC-long-8000,F1,prefill_common,27,proj,GPU,0,0.03884975688478074,0.038877886952473045,2.8130067692307695e-05,0.00406060531712
Fugue-asplos-EPIC-long-8000,F1,prefill_common,27,comm_g2g,GPU,0,0.038877886952473045,0.038877886952473045,0.0,1.58466048e-05
Fugue-asplos-EPIC-long-8000,F1,prefill_common,27,norm1,GPU,0,0.038877886952473045,0.038888149848167554,1.0262895694510737e-05,0.00014902284288000002
Fugue-asplos-EPIC-long-8000,F1,prefill_common,27,ff1,GPU,0,0.038888149848167554,0.038956733632255464,6.858378408791209e-05,0.010571931538773333
Fugue-asplos-EPIC-long-8000,F1,prefill_common,27,ff2,GPU,0,0.038956733632255464,0.03902531741634337,6.858378408791209e-05,0.010571931538773333
Fugue-asplos-EPIC-long-8000,F1,prefill_common,27,glu,GPU,0,0.03902531741634337,0.03903613512363578,1.0817707292410499e-05,0.00039869448192
Fugue-asplos-EPIC-long-8000,F1,prefill_common,27,ff3,GPU,0,0.03903613512363578,0.039111148637481934,7.501351384615385e-05,0.010746000397653334
Fugue-asplos-EPIC-long-8000,F1,prefill_common,27,comm_g2g,GPU,0,0.039111148637481934,0.039111148637481934,0.0,1.58466048e-05
Fugue-asplos-EPIC-long-8000,F1,prefill_common,27,norm2,GPU,0,0.039111148637481934,0.03912141153317644,1.0262895694510737e-05,0.00014902284288000002
Fugue-asplos-EPIC-long-8000,F1,prefill_common,28,qkv,GPU,0,0.03912141153317644,0.03920580173625336,8.439020307692309e-05,0.011611110113279999
Fugue-asplos-EPIC-long-8000,F1,prefill_attention,28,attention_service,GPU,0,0.03920580173625336,0.040246950153822736,0.0010411484175693762,0.02590057190976
Fugue-asplos-EPIC-long-8000,F1,prefill_common,28,proj,GPU,0,0.040246950153822736,0.04027508022151504,2.8130067692307695e-05,0.00406060531712
Fugue-asplos-EPIC-long-8000,F1,prefill_common,28,comm_g2g,GPU,0,0.04027508022151504,0.04027508022151504,0.0,1.58466048e-05
Fugue-asplos-EPIC-long-8000,F1,prefill_common,28,norm1,GPU,0,0.04027508022151504,0.04028534311720955,1.0262895694510737e-05,0.00014902284288000002
Fugue-asplos-EPIC-long-8000,F1,prefill_common,28,ff1,GPU,0,0.04028534311720955,0.04035392690129746,6.858378408791209e-05,0.010571931538773333
Fugue-asplos-EPIC-long-8000,F1,prefill_common,28,ff2,GPU,0,0.04035392690129746,0.04042251068538537,6.858378408791209e-05,0.010571931538773333
Fugue-asplos-EPIC-long-8000,F1,prefill_common,28,glu,GPU,0,0.04042251068538537,0.04043332839267778,1.0817707292410499e-05,0.00039869448192
Fugue-asplos-EPIC-long-8000,F1,prefill_common,28,ff3,GPU,0,0.04043332839267778,0.04050834190652393,7.501351384615385e-05,0.010746000397653334
Fugue-asplos-EPIC-long-8000,F1,prefill_common,28,comm_g2g,GPU,0,0.04050834190652393,0.04050834190652393,0.0,1.58466048e-05
Fugue-asplos-EPIC-long-8000,F1,prefill_common,28,norm2,GPU,0,0.04050834190652393,0.04051860480221844,1.0262895694510737e-05,0.00014902284288000002
Fugue-asplos-EPIC-long-8000,F1,prefill_common,29,qkv,GPU,0,0.04051860480221844,0.04060299500529536,8.439020307692309e-05,0.011611110113279999
Fugue-asplos-EPIC-long-8000,F1,prefill_attention,29,attention_service,GPU,0,0.04060299500529536,0.04164414342286473,0.0010411484175693762,0.02590057190976
Fugue-asplos-EPIC-long-8000,F1,prefill_common,29,proj,GPU,0,0.04164414342286473,0.041672273490557035,2.8130067692307695e-05,0.00406060531712
Fugue-asplos-EPIC-long-8000,F1,prefill_common,29,comm_g2g,GPU,0,0.041672273490557035,0.041672273490557035,0.0,1.58466048e-05
Fugue-asplos-EPIC-long-8000,F1,prefill_common,29,norm1,GPU,0,0.041672273490557035,0.041682536386251544,1.0262895694510737e-05,0.00014902284288000002
Fugue-asplos-EPIC-long-8000,F1,prefill_common,29,ff1,GPU,0,0.041682536386251544,0.041751120170339454,6.858378408791209e-05,0.010571931538773333
Fugue-asplos-EPIC-long-8000,F1,prefill_common,29,ff2,GPU,0,0.041751120170339454,0.04181970395442736,6.858378408791209e-05,0.010571931538773333
Fugue-asplos-EPIC-long-8000,F1,prefill_common,29,glu,GPU,0,0.04181970395442736,0.04183052166171977,1.0817707292410499e-05,0.00039869448192
Fugue-asplos-EPIC-long-8000,F1,prefill_common,29,ff3,GPU,0,0.04183052166171977,0.041905535175565924,7.501351384615385e-05,0.010746000397653334
Fugue-asplos-EPIC-long-8000,F1,prefill_common,29,comm_g2g,GPU,0,0.041905535175565924,0.041905535175565924,0.0,1.58466048e-05
Fugue-asplos-EPIC-long-8000,F1,prefill_common,29,norm2,GPU,0,0.041905535175565924,0.04191579807126043,1.0262895694510737e-05,0.00014902284288000002
Fugue-asplos-EPIC-long-8000,F1,prefill_common,30,qkv,GPU,0,0.04191579807126043,0.04200018827433735,8.439020307692309e-05,0.011611110113279999
Fugue-asplos-EPIC-long-8000,F1,prefill_attention,30,attention_service,GPU,0,0.04200018827433735,0.043041336691906726,0.0010411484175693762,0.02590057190976
Fugue-asplos-EPIC-long-8000,F1,prefill_common,30,proj,GPU,0,0.043041336691906726,0.04306946675959903,2.8130067692307695e-05,0.00406060531712
Fugue-asplos-EPIC-long-8000,F1,prefill_common,30,comm_g2g,GPU,0,0.04306946675959903,0.04306946675959903,0.0,1.58466048e-05
Fugue-asplos-EPIC-long-8000,F1,prefill_common,30,norm1,GPU,0,0.04306946675959903,0.04307972965529354,1.0262895694510737e-05,0.00014902284288000002
Fugue-asplos-EPIC-long-8000,F1,prefill_common,30,ff1,GPU,0,0.04307972965529354,0.04314831343938145,6.858378408791209e-05,0.010571931538773333
Fugue-asplos-EPIC-long-8000,F1,prefill_common,30,ff2,GPU,0,0.04314831343938145,0.04321689722346936,6.858378408791209e-05,0.010571931538773333
Fugue-asplos-EPIC-long-8000,F1,prefill_common,30,glu,GPU,0,0.04321689722346936,0.04322771493076177,1.0817707292410499e-05,0.00039869448192
Fugue-asplos-EPIC-long-8000,F1,prefill_common,30,ff3,GPU,0,0.04322771493076177,0.04330272844460792,7.501351384615385e-05,0.010746000397653334
Fugue-asplos-EPIC-long-8000,F1,prefill_common,30,comm_g2g,GPU,0,0.04330272844460792,0.04330272844460792,0.0,1.58466048e-05
Fugue-asplos-EPIC-long-8000,F1,prefill_common,30,norm2,GPU,0,0.04330272844460792,0.04331299134030243,1.0262895694510737e-05,0.00014902284288000002
Fugue-asplos-EPIC-long-8000,F1,prefill_common,31,qkv,GPU,0,0.04331299134030243,0.04339738154337935,8.439020307692309e-05,0.011611110113279999
Fugue-asplos-EPIC-long-8000,F1,prefill_attention,31,attention_service,GPU,0,0.04339738154337935,0.04443852996094872,0.0010411484175693762,0.02590057190976
Fugue-asplos-EPIC-long-8000,F1,prefill_common,31,proj,GPU,0,0.04443852996094872,0.044466660028641025,2.8130067692307695e-05,0.00406060531712
Fugue-asplos-EPIC-long-8000,F1,prefill_common,31,comm_g2g,GPU,0,0.044466660028641025,0.044466660028641025,0.0,1.58466048e-05
Fugue-asplos-EPIC-long-8000,F1,prefill_common,31,norm1,GPU,0,0.044466660028641025,0.044476922924335534,1.0262895694510737e-05,0.00014902284288000002
Fugue-asplos-EPIC-long-8000,F1,prefill_common,31,ff1,GPU,0,0.044476922924335534,0.044545506708423444,6.858378408791209e-05,0.010571931538773333
Fugue-asplos-EPIC-long-8000,F1,prefill_common,31,ff2,GPU,0,0.044545506708423444,0.04461409049251135,6.858378408791209e-05,0.010571931538773333
Fugue-asplos-EPIC-long-8000,F1,prefill_common,31,glu,GPU,0,0.04461409049251135,0.04462490819980376,1.0817707292410499e-05,0.00039869448192
Fugue-asplos-EPIC-long-8000,F1,prefill_common,31,ff3,GPU,0,0.04462490819980376,0.044699921713649914,7.501351384615385e-05,0.010746000397653334
Fugue-asplos-EPIC-long-8000,F1,prefill_common,31,comm_g2g,GPU,0,0.044699921713649914,0.044699921713649914,0.0,1.58466048e-05
Fugue-asplos-EPIC-long-8000,F1,prefill_common,31,norm2,GPU,0,0.044699921713649914,0.04471018460934442,1.0262895694510737e-05,0.00014902284288000002
Fugue-asplos-EPIC-long-8000,F1,decode,all,native_transformer,GPU,1,0.04471018460934442,0.05520200457824317,0.010491819968898747,0.5656413653606399
Fugue-asplos-EPIC-long-8000,F1,decode,all,native_transformer,GPU,2,0.05520200457824317,0.06569445529261432,0.010492450714371158,0.5656587227033598
Fugue-asplos-EPIC-long-8000,F1,decode,all,native_transformer,GPU,3,0.06569445529261432,0.07618753675245789,0.010493081459843573,0.5656760800460799
Fugue-asplos-EPIC-long-8000,F1,decode,all,native_transformer,GPU,4,0.07618753675245789,0.08668124895777388,0.010493712205315987,0.5656934373887998
Fugue-asplos-EPIC-long-8000,F1,decode,all,native_transformer,GPU,5,0.08668124895777388,0.09717559190856227,0.010494342950788398,0.5657107947315199
Fugue-asplos-EPIC-long-8000,F1,decode,all,native_transformer,GPU,6,0.09717559190856227,0.10767056560482309,0.010494973696260812,0.5657281520742399
Fugue-asplos-EPIC-long-8000,F1,decode,all,native_transformer,GPU,7,0.10767056560482309,0.11816617004655632,0.010495604441733227,0.56574550941696
Fugue-asplos-EPIC-long-8000,F1,decode,all,native_transformer,GPU,8,0.11816617004655632,0.12866240523376196,0.010496235187205638,0.5657628667596798
Fugue-asplos-EPIC-long-8000,F1,decode,all,native_transformer,GPU,9,0.12866240523376196,0.13915927116644,0.010496865932678052,0.5657802241023999
Fugue-asplos-EPIC-long-8000,F1,decode,all,native_transformer,GPU,10,0.13915927116644,0.14965676784459048,0.010497496678150467,0.5657975814451198
Fugue-asplos-EPIC-long-8000,F1,decode,all,native_transformer,GPU,11,0.14965676784459048,0.16015489526821336,0.010498127423622878,0.5658149387878398
Fugue-asplos-EPIC-long-8000,F1,decode,all,native_transformer,GPU,12,0.16015489526821336,0.17065365343730865,0.010498758169095292,0.56583229613056
Fugue-asplos-EPIC-long-8000,F1,decode,all,native_transformer,GPU,13,0.17065365343730865,0.18115304235187635,0.010499388914567706,0.5658496534732799
Fugue-asplos-EPIC-long-8000,F1,decode,all,native_transformer,GPU,14,0.18115304235187635,0.19165306201191648,0.01050001966004012,0.5658670108159999
Fugue-asplos-EPIC-long-8000,F1,decode,all,native_transformer,GPU,15,0.19165306201191648,0.20215371241742902,0.010500650405512532,0.5658843681587198
Fugue-asplos-EPIC-long-8000,F2,prefill_common,0,qkv,GPU,0,0.0,8.439020307692309e-05,8.439020307692309e-05,0.011611110113279999
Fugue-asplos-EPIC-long-8000,F2,prefill_attention,0,attention_service,GPU,0,8.439020307692309e-05,0.0015642475273129658,0.0014798573242360427,0.027269343698560003
Fugue-asplos-EPIC-long-8000,F2,prefill_common,0,proj,GPU,0,0.0015642475273129658,0.0015923775950052734,2.8130067692307695e-05,0.00406060531712
Fugue-asplos-EPIC-long-8000,F2,prefill_common,0,comm_g2g,GPU,0,0.0015923775950052734,0.0015923775950052734,0.0,1.58466048e-05
Fugue-asplos-EPIC-long-8000,F2,prefill_common,0,norm1,GPU,0,0.0015923775950052734,0.0016026404906997842,1.0262895694510737e-05,0.00014902284288000002
Fugue-asplos-EPIC-long-8000,F2,prefill_common,0,ff1,GPU,0,0.0016026404906997842,0.0016712242747876963,6.858378408791209e-05,0.010571931538773333
Fugue-asplos-EPIC-long-8000,F2,prefill_common,0,ff2,GPU,0,0.0016712242747876963,0.0017398080588756084,6.858378408791209e-05,0.010571931538773333
Fugue-asplos-EPIC-long-8000,F2,prefill_common,0,glu,GPU,0,0.0017398080588756084,0.0017506257661680188,1.0817707292410499e-05,0.00039869448192
Fugue-asplos-EPIC-long-8000,F2,prefill_common,0,ff3,GPU,0,0.0017506257661680188,0.0018256392800141727,7.501351384615385e-05,0.010746000397653334
Fugue-asplos-EPIC-long-8000,F2,prefill_common,0,comm_g2g,GPU,0,0.0018256392800141727,0.0018256392800141727,0.0,1.58466048e-05
Fugue-asplos-EPIC-long-8000,F2,prefill_common,0,norm2,GPU,0,0.0018256392800141727,0.0018359021757086834,1.0262895694510737e-05,0.00014902284288000002
Fugue-asplos-EPIC-long-8000,F2,prefill_common,1,qkv,GPU,0,0.0018359021757086834,0.0019202923787856065,8.439020307692309e-05,0.011611110113279999
Fugue-asplos-EPIC-long-8000,F2,prefill_attention,1,attention_service,GPU,0,0.0019202923787856065,0.0034001497030216495,0.0014798573242360427,0.027269343698560003
Fugue-asplos-EPIC-long-8000,F2,prefill_common,1,proj,GPU,0,0.0034001497030216495,0.0034282797707139573,2.8130067692307695e-05,0.00406060531712
Fugue-asplos-EPIC-long-8000,F2,prefill_common,1,comm_g2g,GPU,0,0.0034282797707139573,0.0034282797707139573,0.0,1.58466048e-05
Fugue-asplos-EPIC-long-8000,F2,prefill_common,1,norm1,GPU,0,0.0034282797707139573,0.003438542666408468,1.0262895694510737e-05,0.00014902284288000002
Fugue-asplos-EPIC-long-8000,F2,prefill_common,1,ff1,GPU,0,0.003438542666408468,0.00350712645049638,6.858378408791209e-05,0.010571931538773333
Fugue-asplos-EPIC-long-8000,F2,prefill_common,1,ff2,GPU,0,0.00350712645049638,0.003575710234584292,6.858378408791209e-05,0.010571931538773333
Fugue-asplos-EPIC-long-8000,F2,prefill_common,1,glu,GPU,0,0.003575710234584292,0.0035865279418767024,1.0817707292410499e-05,0.00039869448192
Fugue-asplos-EPIC-long-8000,F2,prefill_common,1,ff3,GPU,0,0.0035865279418767024,0.003661541455722856,7.501351384615385e-05,0.010746000397653334
Fugue-asplos-EPIC-long-8000,F2,prefill_common,1,comm_g2g,GPU,0,0.003661541455722856,0.003661541455722856,0.0,1.58466048e-05
Fugue-asplos-EPIC-long-8000,F2,prefill_common,1,norm2,GPU,0,0.003661541455722856,0.003671804351417367,1.0262895694510737e-05,0.00014902284288000002
Fugue-asplos-EPIC-long-8000,F2,prefill_common,2,qkv,GPU,0,0.003671804351417367,0.00375619455449429,8.439020307692309e-05,0.011611110113279999
Fugue-asplos-EPIC-long-8000,F2,prefill_attention,2,attention_service,GPU,0,0.00375619455449429,0.005236051878730333,0.0014798573242360427,0.027269343698560003
Fugue-asplos-EPIC-long-8000,F2,prefill_common,2,proj,GPU,0,0.005236051878730333,0.0052641819464226405,2.8130067692307695e-05,0.00406060531712
Fugue-asplos-EPIC-long-8000,F2,prefill_common,2,comm_g2g,GPU,0,0.0052641819464226405,0.0052641819464226405,0.0,1.58466048e-05
Fugue-asplos-EPIC-long-8000,F2,prefill_common,2,norm1,GPU,0,0.0052641819464226405,0.005274444842117151,1.0262895694510737e-05,0.00014902284288000002
Fugue-asplos-EPIC-long-8000,F2,prefill_common,2,ff1,GPU,0,0.005274444842117151,0.005343028626205063,6.858378408791209e-05,0.010571931538773333
Fugue-asplos-EPIC-long-8000,F2,prefill_common,2,ff2,GPU,0,0.005343028626205063,0.0054116124102929755,6.858378408791209e-05,0.010571931538773333
Fugue-asplos-EPIC-long-8000,F2,prefill_common,2,glu,GPU,0,0.0054116124102929755,0.005422430117585386,1.0817707292410499e-05,0.00039869448192
Fugue-asplos-EPIC-long-8000,F2,prefill_common,2,ff3,GPU,0,0.005422430117585386,0.005497443631431539,7.501351384615385e-05,0.010746000397653334
Fugue-asplos-EPIC-long-8000,F2,prefill_common,2,comm_g2g,GPU,0,0.005497443631431539,0.005497443631431539,0.0,1.58466048e-05
Fugue-asplos-EPIC-long-8000,F2,prefill_common,2,norm2,GPU,0,0.005497443631431539,0.00550770652712605,1.0262895694510737e-05,0.00014902284288000002
Fugue-asplos-EPIC-long-8000,F2,prefill_common,3,qkv,GPU,0,0.00550770652712605,0.005592096730202973,8.439020307692309e-05,0.011611110113279999
Fugue-asplos-EPIC-long-8000,F2,prefill_attention,3,attention_service,GPU,0,0.005592096730202973,0.007071954054439016,0.0014798573242360427,0.027269343698560003
Fugue-asplos-EPIC-long-8000,F2,prefill_common,3,proj,GPU,0,0.007071954054439016,0.007100084122131324,2.8130067692307695e-05,0.00406060531712
Fugue-asplos-EPIC-long-8000,F2,prefill_common,3,comm_g2g,GPU,0,0.007100084122131324,0.007100084122131324,0.0,1.58466048e-05
Fugue-asplos-EPIC-long-8000,F2,prefill_common,3,norm1,GPU,0,0.007100084122131324,0.007110347017825834,1.0262895694510737e-05,0.00014902284288000002
Fugue-asplos-EPIC-long-8000,F2,prefill_common,3,ff1,GPU,0,0.007110347017825834,0.007178930801913746,6.858378408791209e-05,0.010571931538773333
Fugue-asplos-EPIC-long-8000,F2,prefill_common,3,ff2,GPU,0,0.007178930801913746,0.007247514586001659,6.858378408791209e-05,0.010571931538773333
Fugue-asplos-EPIC-long-8000,F2,prefill_common,3,glu,GPU,0,0.007247514586001659,0.007258332293294069,1.0817707292410499e-05,0.00039869448192
Fugue-asplos-EPIC-long-8000,F2,prefill_common,3,ff3,GPU,0,0.007258332293294069,0.0073333458071402225,7.501351384615385e-05,0.010746000397653334
Fugue-asplos-EPIC-long-8000,F2,prefill_common,3,comm_g2g,GPU,0,0.0073333458071402225,0.0073333458071402225,0.0,1.58466048e-05
Fugue-asplos-EPIC-long-8000,F2,prefill_common,3,norm2,GPU,0,0.0073333458071402225,0.007343608702834733,1.0262895694510737e-05,0.00014902284288000002
Fugue-asplos-EPIC-long-8000,F2,prefill_common,4,qkv,GPU,0,0.007343608702834733,0.007427998905911656,8.439020307692309e-05,0.011611110113279999
Fugue-asplos-EPIC-long-8000,F2,prefill_attention,4,attention_service,GPU,0,0.007427998905911656,0.008907856230147698,0.0014798573242360427,0.027269343698560003
Fugue-asplos-EPIC-long-8000,F2,prefill_common,4,proj,GPU,0,0.008907856230147698,0.008935986297840006,2.8130067692307695e-05,0.00406060531712
Fugue-asplos-EPIC-long-8000,F2,prefill_common,4,comm_g2g,GPU,0,0.008935986297840006,0.008935986297840006,0.0,1.58466048e-05
Fugue-asplos-EPIC-long-8000,F2,prefill_common,4,norm1,GPU,0,0.008935986297840006,0.008946249193534516,1.0262895694510737e-05,0.00014902284288000002
Fugue-asplos-EPIC-long-8000,F2,prefill_common,4,ff1,GPU,0,0.008946249193534516,0.009014832977622428,6.858378408791209e-05,0.010571931538773333
Fugue-asplos-EPIC-long-8000,F2,prefill_common,4,ff2,GPU,0,0.009014832977622428,0.00908341676171034,6.858378408791209e-05,0.010571931538773333
Fugue-asplos-EPIC-long-8000,F2,prefill_common,4,glu,GPU,0,0.00908341676171034,0.00909423446900275,1.0817707292410499e-05,0.00039869448192
Fugue-asplos-EPIC-long-8000,F2,prefill_common,4,ff3,GPU,0,0.00909423446900275,0.009169247982848903,7.501351384615385e-05,0.010746000397653334
Fugue-asplos-EPIC-long-8000,F2,prefill_common,4,comm_g2g,GPU,0,0.009169247982848903,0.009169247982848903,0.0,1.58466048e-05
Fugue-asplos-EPIC-long-8000,F2,prefill_common,4,norm2,GPU,0,0.009169247982848903,0.009179510878543413,1.0262895694510737e-05,0.00014902284288000002
Fugue-asplos-EPIC-long-8000,F2,prefill_common,5,qkv,GPU,0,0.009179510878543413,0.009263901081620337,8.439020307692309e-05,0.011611110113279999
Fugue-asplos-EPIC-long-8000,F2,prefill_attention,5,attention_service,GPU,0,0.009263901081620337,0.010743758405856379,0.0014798573242360427,0.027269343698560003
Fugue-asplos-EPIC-long-8000,F2,prefill_common,5,proj,GPU,0,0.010743758405856379,0.010771888473548687,2.8130067692307695e-05,0.00406060531712
Fugue-asplos-EPIC-long-8000,F2,prefill_common,5,comm_g2g,GPU,0,0.010771888473548687,0.010771888473548687,0.0,1.58466048e-05
Fugue-asplos-EPIC-long-8000,F2,prefill_common,5,norm1,GPU,0,0.010771888473548687,0.010782151369243197,1.0262895694510737e-05,0.00014902284288000002
Fugue-asplos-EPIC-long-8000,F2,prefill_common,5,ff1,GPU,0,0.010782151369243197,0.010850735153331108,6.858378408791209e-05,0.010571931538773333
Fugue-asplos-EPIC-long-8000,F2,prefill_common,5,ff2,GPU,0,0.010850735153331108,0.01091931893741902,6.858378408791209e-05,0.010571931538773333
Fugue-asplos-EPIC-long-8000,F2,prefill_common,5,glu,GPU,0,0.01091931893741902,0.01093013664471143,1.0817707292410499e-05,0.00039869448192
Fugue-asplos-EPIC-long-8000,F2,prefill_common,5,ff3,GPU,0,0.01093013664471143,0.011005150158557584,7.501351384615385e-05,0.010746000397653334
Fugue-asplos-EPIC-long-8000,F2,prefill_common,5,comm_g2g,GPU,0,0.011005150158557584,0.011005150158557584,0.0,1.58466048e-05
Fugue-asplos-EPIC-long-8000,F2,prefill_common,5,norm2,GPU,0,0.011005150158557584,0.011015413054252094,1.0262895694510737e-05,0.00014902284288000002
Fugue-asplos-EPIC-long-8000,F2,prefill_common,6,qkv,GPU,0,0.011015413054252094,0.011099803257329018,8.439020307692309e-05,0.011611110113279999
Fugue-asplos-EPIC-long-8000,F2,prefill_attention,6,attention_service,GPU,0,0.011099803257329018,0.01257966058156506,0.0014798573242360427,0.027269343698560003
Fugue-asplos-EPIC-long-8000,F2,prefill_common,6,proj,GPU,0,0.01257966058156506,0.012607790649257367,2.8130067692307695e-05,0.00406060531712
Fugue-asplos-EPIC-long-8000,F2,prefill_common,6,comm_g2g,GPU,0,0.012607790649257367,0.012607790649257367,0.0,1.58466048e-05
Fugue-asplos-EPIC-long-8000,F2,prefill_common,6,norm1,GPU,0,0.012607790649257367,0.012618053544951878,1.0262895694510737e-05,0.00014902284288000002
Fugue-asplos-EPIC-long-8000,F2,prefill_common,6,ff1,GPU,0,0.012618053544951878,0.012686637329039789,6.858378408791209e-05,0.010571931538773333
Fugue-asplos-EPIC-long-8000,F2,prefill_common,6,ff2,GPU,0,0.012686637329039789,0.0127552211131277,6.858378408791209e-05,0.010571931538773333
Fugue-asplos-EPIC-long-8000,F2,prefill_common,6,glu,GPU,0,0.0127552211131277,0.01276603882042011,1.0817707292410499e-05,0.00039869448192
Fugue-asplos-EPIC-long-8000,F2,prefill_common,6,ff3,GPU,0,0.01276603882042011,0.012841052334266264,7.501351384615385e-05,0.010746000397653334
Fugue-asplos-EPIC-long-8000,F2,prefill_common,6,comm_g2g,GPU,0,0.012841052334266264,0.012841052334266264,0.0,1.58466048e-05
Fugue-asplos-EPIC-long-8000,F2,prefill_common,6,norm2,GPU,0,0.012841052334266264,0.012851315229960775,1.0262895694510737e-05,0.00014902284288000002
Fugue-asplos-EPIC-long-8000,F2,prefill_common,7,qkv,GPU,0,0.012851315229960775,0.012935705433037698,8.439020307692309e-05,0.011611110113279999
Fugue-asplos-EPIC-long-8000,F2,prefill_attention,7,attention_service,GPU,0,0.012935705433037698,0.01441556275727374,0.0014798573242360427,0.027269343698560003
Fugue-asplos-EPIC-long-8000,F2,prefill_common,7,proj,GPU,0,0.01441556275727374,0.014443692824966048,2.8130067692307695e-05,0.00406060531712
Fugue-asplos-EPIC-long-8000,F2,prefill_common,7,comm_g2g,GPU,0,0.014443692824966048,0.014443692824966048,0.0,1.58466048e-05
Fugue-asplos-EPIC-long-8000,F2,prefill_common,7,norm1,GPU,0,0.014443692824966048,0.014453955720660558,1.0262895694510737e-05,0.00014902284288000002
Fugue-asplos-EPIC-long-8000,F2,prefill_common,7,ff1,GPU,0,0.014453955720660558,0.01452253950474847,6.858378408791209e-05,0.010571931538773333
Fugue-asplos-EPIC-long-8000,F2,prefill_common,7,ff2,GPU,0,0.01452253950474847,0.014591123288836381,6.858378408791209e-05,0.010571931538773333
Fugue-asplos-EPIC-long-8000,F2,prefill_common,7,glu,GPU,0,0.014591123288836381,0.014601940996128791,1.0817707292410499e-05,0.00039869448192
Fugue-asplos-EPIC-long-8000,F2,prefill_common,7,ff3,GPU,0,0.014601940996128791,0.014676954509974945,7.501351384615385e-05,0.010746000397653334
Fugue-asplos-EPIC-long-8000,F2,prefill_common,7,comm_g2g,GPU,0,0.014676954509974945,0.014676954509974945,0.0,1.58466048e-05
Fugue-asplos-EPIC-long-8000,F2,prefill_common,7,norm2,GPU,0,0.014676954509974945,0.014687217405669455,1.0262895694510737e-05,0.00014902284288000002
Fugue-asplos-EPIC-long-8000,F2,prefill_common,8,qkv,GPU,0,0.014687217405669455,0.014771607608746379,8.439020307692309e-05,0.011611110113279999
Fugue-asplos-EPIC-long-8000,F2,prefill_attention,8,attention_service,GPU,0,0.014771607608746379,0.01625146493298242,0.0014798573242360427,0.027269343698560003
Fugue-asplos-EPIC-long-8000,F2,prefill_common,8,proj,GPU,0,0.01625146493298242,0.01627959500067473,2.8130067692307695e-05,0.00406060531712
Fugue-asplos-EPIC-long-8000,F2,prefill_common,8,comm_g2g,GPU,0,0.01627959500067473,0.01627959500067473,0.0,1.58466048e-05
Fugue-asplos-EPIC-long-8000,F2,prefill_common,8,norm1,GPU,0,0.01627959500067473,0.01628985789636924,1.0262895694510737e-05,0.00014902284288000002
Fugue-asplos-EPIC-long-8000,F2,prefill_common,8,ff1,GPU,0,0.01628985789636924,0.016358441680457154,6.858378408791209e-05,0.010571931538773333
Fugue-asplos-EPIC-long-8000,F2,prefill_common,8,ff2,GPU,0,0.016358441680457154,0.016427025464545067,6.858378408791209e-05,0.010571931538773333
Fugue-asplos-EPIC-long-8000,F2,prefill_common,8,glu,GPU,0,0.016427025464545067,0.01643784317183748,1.0817707292410499e-05,0.00039869448192
Fugue-asplos-EPIC-long-8000,F2,prefill_common,8,ff3,GPU,0,0.01643784317183748,0.016512856685683634,7.501351384615385e-05,0.010746000397653334
Fugue-asplos-EPIC-long-8000,F2,prefill_common,8,comm_g2g,GPU,0,0.016512856685683634,0.016512856685683634,0.0,1.58466048e-05
Fugue-asplos-EPIC-long-8000,F2,prefill_common,8,norm2,GPU,0,0.016512856685683634,0.016523119581378146,1.0262895694510737e-05,0.00014902284288000002
Fugue-asplos-EPIC-long-8000,F2,prefill_common,9,qkv,GPU,0,0.016523119581378146,0.01660750978445507,8.439020307692309e-05,0.011611110113279999
Fugue-asplos-EPIC-long-8000,F2,prefill_attention,9,attention_service,GPU,0,0.01660750978445507,0.01808736710869111,0.0014798573242360427,0.027269343698560003
Fugue-asplos-EPIC-long-8000,F2,prefill_common,9,proj,GPU,0,0.01808736710869111,0.01811549717638342,2.8130067692307695e-05,0.00406060531712
Fugue-asplos-EPIC-long-8000,F2,prefill_common,9,comm_g2g,GPU,0,0.01811549717638342,0.01811549717638342,0.0,1.58466048e-05
Fugue-asplos-EPIC-long-8000,F2,prefill_common,9,norm1,GPU,0,0.01811549717638342,0.01812576007207793,1.0262895694510737e-05,0.00014902284288000002
Fugue-asplos-EPIC-long-8000,F2,prefill_common,9,ff1,GPU,0,0.01812576007207793,0.018194343856165845,6.858378408791209e-05,0.010571931538773333
Fugue-asplos-EPIC-long-8000,F2,prefill_common,9,ff2,GPU,0,0.018194343856165845,0.018262927640253758,6.858378408791209e-05,0.010571931538773333
Fugue-asplos-EPIC-long-8000,F2,prefill_common,9,glu,GPU,0,0.018262927640253758,0.01827374534754617,1.0817707292410499e-05,0.00039869448192
Fugue-asplos-EPIC-long-8000,F2,prefill_common,9,ff3,GPU,0,0.01827374534754617,0.018348758861392325,7.501351384615385e-05,0.010746000397653334
Fugue-asplos-EPIC-long-8000,F2,prefill_common,9,comm_g2g,GPU,0,0.018348758861392325,0.018348758861392325,0.0,1.58466048e-05
Fugue-asplos-EPIC-long-8000,F2,prefill_common,9,norm2,GPU,0,0.018348758861392325,0.018359021757086837,1.0262895694510737e-05,0.00014902284288000002
Fugue-asplos-EPIC-long-8000,F2,prefill_common,10,qkv,GPU,0,0.018359021757086837,0.01844341196016376,8.439020307692309e-05,0.011611110113279999
Fugue-asplos-EPIC-long-8000,F2,prefill_attention,10,attention_service,GPU,0,0.01844341196016376,0.019923269284399803,0.0014798573242360427,0.027269343698560003
Fugue-asplos-EPIC-long-8000,F2,prefill_common,10,proj,GPU,0,0.019923269284399803,0.01995139935209211,2.8130067692307695e-05,0.00406060531712
Fugue-asplos-EPIC-long-8000,F2,prefill_common,10,comm_g2g,GPU,0,0.01995139935209211,0.01995139935209211,0.0,1.58466048e-05
Fugue-asplos-EPIC-long-8000,F2,prefill_common,10,norm1,GPU,0,0.01995139935209211,0.019961662247786623,1.0262895694510737e-05,0.00014902284288000002
Fugue-asplos-EPIC-long-8000,F2,prefill_common,10,ff1,GPU,0,0.019961662247786623,0.020030246031874536,6.858378408791209e-05,0.010571931538773333
Fugue-asplos-EPIC-long-8000,F2,prefill_common,10,ff2,GPU,0,0.020030246031874536,0.02009882981596245,6.858378408791209e-05,0.010571931538773333
Fugue-asplos-EPIC-long-8000,F2,prefill_common,10,glu,GPU,0,0.02009882981596245,0.02010964752325486,1.0817707292410499e-05,0.00039869448192
Fugue-asplos-EPIC-long-8000,F2,prefill_common,10,ff3,GPU,0,0.02010964752325486,0.020184661037101016,7.501351384615385e-05,0.010746000397653334
Fugue-asplos-EPIC-long-8000,F2,prefill_common,10,comm_g2g,GPU,0,0.020184661037101016,0.020184661037101016,0.0,1.58466048e-05
Fugue-asplos-EPIC-long-8000,F2,prefill_common,10,norm2,GPU,0,0.020184661037101016,0.02019492393279553,1.0262895694510737e-05,0.00014902284288000002
Fugue-asplos-EPIC-long-8000,F2,prefill_common,11,qkv,GPU,0,0.02019492393279553,0.020279314135872452,8.439020307692309e-05,0.011611110113279999
Fugue-asplos-EPIC-long-8000,F2,prefill_attention,11,attention_service,GPU,0,0.020279314135872452,0.021759171460108494,0.0014798573242360427,0.027269343698560003
Fugue-asplos-EPIC-long-8000,F2,prefill_common,11,proj,GPU,0,0.021759171460108494,0.0217873015278008,2.8130067692307695e-05,0.00406060531712
Fugue-asplos-EPIC-long-8000,F2,prefill_common,11,comm_g2g,GPU,0,0.0217873015278008,0.0217873015278008,0.0,1.58466048e-05
Fugue-asplos-EPIC-long-8000,F2,prefill_common,11,norm1,GPU,0,0.0217873015278008,0.021797564423495314,1.0262895694510737e-05,0.00014902284288000002
Fugue-asplos-EPIC-long-8000,F2,prefill_common,11,ff1,GPU,0,0.021797564423495314,0.021866148207583227,6.858378408791209e-05,0.010571931538773333
Fugue-asplos-EPIC-long-8000,F2,prefill_common,11,ff2,GPU,0,0.021866148207583227,0.02193473199167114,6.858378408791209e-05,0.010571931538773333
Fugue-asplos-EPIC-long-8000,F2,prefill_common,11,glu,GPU,0,0.02193473199167114,0.021945549698963552,1.0817707292410499e-05,0.00039869448192
Fugue-asplos-EPIC-long-8000,F2,prefill_common,11,ff3,GPU,0,0.021945549698963552,0.022020563212809707,7.501351384615385e-05,0.010746000397653334
Fugue-asplos-EPIC-long-8000,F2,prefill_common,11,comm_g2g,GPU,0,0.022020563212809707,0.022020563212809707,0.0,1.58466048e-05
Fugue-asplos-EPIC-long-8000,F2,prefill_common,11,norm2,GPU,0,0.022020563212809707,0.02203082610850422,1.0262895694510737e-05,0.00014902284288000002
Fugue-asplos-EPIC-long-8000,F2,prefill_common,12,qkv,GPU,0,0.02203082610850422,0.022115216311581143,8.439020307692309e-05,0.011611110113279999
Fugue-asplos-EPIC-long-8000,F2,prefill_attention,12,attention_service,GPU,0,0.022115216311581143,0.023595073635817185,0.0014798573242360427,0.027269343698560003
Fugue-asplos-EPIC-long-8000,F2,prefill_common,12,proj,GPU,0,0.023595073635817185,0.023623203703509493,2.8130067692307695e-05,0.00406060531712
Fugue-asplos-EPIC-long-8000,F2,prefill_common,12,comm_g2g,GPU,0,0.023623203703509493,0.023623203703509493,0.0,1.58466048e-05
Fugue-asplos-EPIC-long-8000,F2,prefill_common,12,norm1,GPU,0,0.023623203703509493,0.023633466599204005,1.0262895694510737e-05,0.00014902284288000002
Fugue-asplos-EPIC-long-8000,F2,prefill_common,12,ff1,GPU,0,0.023633466599204005,0.023702050383291918,6.858378408791209e-05,0.010571931538773333
Fugue-asplos-EPIC-long-8000,F2,prefill_common,12,ff2,GPU,0,0.023702050383291918,0.02377063416737983,6.858378408791209e-05,0.010571931538773333
Fugue-asplos-EPIC-long-8000,F2,prefill_common,12,glu,GPU,0,0.02377063416737983,0.023781451874672243,1.0817707292410499e-05,0.00039869448192
Fugue-asplos-EPIC-long-8000,F2,prefill_common,12,ff3,GPU,0,0.023781451874672243,0.0238564653885184,7.501351384615385e-05,0.010746000397653334
Fugue-asplos-EPIC-long-8000,F2,prefill_common,12,comm_g2g,GPU,0,0.0238564653885184,0.0238564653885184,0.0,1.58466048e-05
Fugue-asplos-EPIC-long-8000,F2,prefill_common,12,norm2,GPU,0,0.0238564653885184,0.02386672828421291,1.0262895694510737e-05,0.00014902284288000002
Fugue-asplos-EPIC-long-8000,F2,prefill_common,13,qkv,GPU,0,0.02386672828421291,0.023951118487289834,8.439020307692309e-05,0.011611110113279999
Fugue-asplos-EPIC-long-8000,F2,prefill_attention,13,attention_service,GPU,0,0.023951118487289834,0.025430975811525876,0.0014798573242360427,0.027269343698560003
Fugue-asplos-EPIC-long-8000,F2,prefill_common,13,proj,GPU,0,0.025430975811525876,0.025459105879218184,2.8130067692307695e-05,0.00406060531712
Fugue-asplos-EPIC-long-8000,F2,prefill_common,13,comm_g2g,GPU,0,0.025459105879218184,0.025459105879218184,0.0,1.58466048e-05
Fugue-asplos-EPIC-long-8000,F2,prefill_common,13,norm1,GPU,0,0.025459105879218184,0.025469368774912696,1.0262895694510737e-05,0.00014902284288000002
Fugue-asplos-EPIC-long-8000,F2,prefill_common,13,ff1,GPU,0,0.025469368774912696,0.02553795255900061,6.858378408791209e-05,0.010571931538773333
Fugue-asplos-EPIC-long-8000,F2,prefill_common,13,ff2,GPU,0,0.02553795255900061,0.025606536343088522,6.858378408791209e-05,0.010571931538773333
Fugue-asplos-EPIC-long-8000,F2,prefill_common,13,glu,GPU,0,0.025606536343088522,0.025617354050380934,1.0817707292410499e-05,0.00039869448192
Fugue-asplos-EPIC-long-8000,F2,prefill_common,13,ff3,GPU,0,0.025617354050380934,0.02569236756422709,7.501351384615385e-05,0.010746000397653334
Fugue-asplos-EPIC-long-8000,F2,prefill_common,13,comm_g2g,GPU,0,0.02569236756422709,0.02569236756422709,0.0,1.58466048e-05
Fugue-asplos-EPIC-long-8000,F2,prefill_common,13,norm2,GPU,0,0.02569236756422709,0.0257026304599216,1.0262895694510737e-05,0.00014902284288000002
Fugue-asplos-EPIC-long-8000,F2,prefill_common,14,qkv,GPU,0,0.0257026304599216,0.025787020662998525,8.439020307692309e-05,0.011611110113279999
Fugue-asplos-EPIC-long-8000,F2,prefill_attention,14,attention_service,GPU,0,0.025787020662998525,0.027266877987234567,0.0014798573242360427,0.027269343698560003
Fugue-asplos-EPIC-long-8000,F2,prefill_common,14,proj,GPU,0,0.027266877987234567,0.027295008054926875,2.8130067692307695e-05,0.00406060531712
Fugue-asplos-EPIC-long-8000,F2,prefill_common,14,comm_g2g,GPU,0,0.027295008054926875,0.027295008054926875,0.0,1.58466048e-05
Fugue-asplos-EPIC-long-8000,F2,prefill_common,14,norm1,GPU,0,0.027295008054926875,0.027305270950621387,1.0262895694510737e-05,0.00014902284288000002
Fugue-asplos-EPIC-long-8000,F2,prefill_common,14,ff1,GPU,0,0.027305270950621387,0.0273738547347093,6.858378408791209e-05,0.010571931538773333
Fugue-asplos-EPIC-long-8000,F2,prefill_common,14,ff2,GPU,0,0.0273738547347093,0.027442438518797213,6.858378408791209e-05,0.010571931538773333
Fugue-asplos-EPIC-long-8000,F2,prefill_common,14,glu,GPU,0,0.027442438518797213,0.027453256226089625,1.0817707292410499e-05,0.00039869448192
Fugue-asplos-EPIC-long-8000,F2,prefill_common,14,ff3,GPU,0,0.027453256226089625,0.02752826973993578,7.501351384615385e-05,0.010746000397653334
Fugue-asplos-EPIC-long-8000,F2,prefill_common,14,comm_g2g,GPU,0,0.02752826973993578,0.02752826973993578,0.0,1.58466048e-05
Fugue-asplos-EPIC-long-8000,F2,prefill_common,14,norm2,GPU,0,0.02752826973993578,0.027538532635630292,1.0262895694510737e-05,0.00014902284288000002
Fugue-asplos-EPIC-long-8000,F2,prefill_common,15,qkv,GPU,0,0.027538532635630292,0.027622922838707216,8.439020307692309e-05,0.011611110113279999
Fugue-asplos-EPIC-long-8000,F2,prefill_attention,15,attention_service,GPU,0,0.027622922838707216,0.029102780162943258,0.0014798573242360427,0.027269343698560003
Fugue-asplos-EPIC-long-8000,F2,prefill_common,15,proj,GPU,0,0.029102780162943258,0.029130910230635566,2.8130067692307695e-05,0.00406060531712
Fugue-asplos-EPIC-long-8000,F2,prefill_common,15,comm_g2g,GPU,0,0.029130910230635566,0.029130910230635566,0.0,1.58466048e-05
Fugue-asplos-EPIC-long-8000,F2,prefill_common,15,norm1,GPU,0,0.029130910230635566,0.029141173126330078,1.0262895694510737e-05,0.00014902284288000002
Fugue-asplos-EPIC-long-8000,F2,prefill_common,15,ff1,GPU,0,0.029141173126330078,0.02920975691041799,6.858378408791209e-05,0.010571931538773333
Fugue-asplos-EPIC-long-8000,F2,prefill_common,15,ff2,GPU,0,0.02920975691041799,0.029278340694505904,6.858378408791209e-05,0.010571931538773333
Fugue-asplos-EPIC-long-8000,F2,prefill_common,15,glu,GPU,0,0.029278340694505904,0.029289158401798316,1.0817707292410499e-05,0.00039869448192
Fugue-asplos-EPIC-long-8000,F2,prefill_common,15,ff3,GPU,0,0.029289158401798316,0.02936417191564447,7.501351384615385e-05,0.010746000397653334
Fugue-asplos-EPIC-long-8000,F2,prefill_common,15,comm_g2g,GPU,0,0.02936417191564447,0.02936417191564447,0.0,1.58466048e-05
Fugue-asplos-EPIC-long-8000,F2,prefill_common,15,norm2,GPU,0,0.02936417191564447,0.029374434811338983,1.0262895694510737e-05,0.00014902284288000002
Fugue-asplos-EPIC-long-8000,F2,prefill_common,16,qkv,GPU,0,0.029374434811338983,0.029458825014415907,8.439020307692309e-05,0.011611110113279999
Fugue-asplos-EPIC-long-8000,F2,prefill_attention,16,attention_service,GPU,0,0.029458825014415907,0.03093868233865195,0.0014798573242360427,0.027269343698560003
Fugue-asplos-EPIC-long-8000,F2,prefill_common,16,proj,GPU,0,0.03093868233865195,0.030966812406344257,2.8130067692307695e-05,0.00406060531712
Fugue-asplos-EPIC-long-8000,F2,prefill_common,16,comm_g2g,GPU,0,0.030966812406344257,0.030966812406344257,0.0,1.58466048e-05
Fugue-asplos-EPIC-long-8000,F2,prefill_common,16,norm1,GPU,0,0.030966812406344257,0.03097707530203877,1.0262895694510737e-05,0.00014902284288000002
Fugue-asplos-EPIC-long-8000,F2,prefill_common,16,ff1,GPU,0,0.03097707530203877,0.031045659086126682,6.858378408791209e-05,0.010571931538773333
Fugue-asplos-EPIC-long-8000,F2,prefill_common,16,ff2,GPU,0,0.031045659086126682,0.031114242870214595,6.858378408791209e-05,0.010571931538773333
Fugue-asplos-EPIC-long-8000,F2,prefill_common,16,glu,GPU,0,0.031114242870214595,0.031125060577507007,1.0817707292410499e-05,0.00039869448192
Fugue-asplos-EPIC-long-8000,F2,prefill_common,16,ff3,GPU,0,0.031125060577507007,0.031200074091353162,7.501351384615385e-05,0.010746000397653334
Fugue-asplos-EPIC-long-8000,F2,prefill_common,16,comm_g2g,GPU,0,0.031200074091353162,0.031200074091353162,0.0,1.58466048e-05
Fugue-asplos-EPIC-long-8000,F2,prefill_common,16,norm2,GPU,0,0.031200074091353162,0.031210336987047674,1.0262895694510737e-05,0.00014902284288000002
Fugue-asplos-EPIC-long-8000,F2,prefill_common,17,qkv,GPU,0,0.031210336987047674,0.0312947271901246,8.439020307692309e-05,0.011611110113279999
Fugue-asplos-EPIC-long-8000,F2,prefill_attention,17,attention_service,GPU,0,0.0312947271901246,0.03277458451436064,0.0014798573242360427,0.027269343698560003
Fugue-asplos-EPIC-long-8000,F2,prefill_common,17,proj,GPU,0,0.03277458451436064,0.032802714582052944,2.8130067692307695e-05,0.00406060531712
Fugue-asplos-EPIC-long-8000,F2,prefill_common,17,comm_g2g,GPU,0,0.032802714582052944,0.032802714582052944,0.0,1.58466048e-05
Fugue-asplos-EPIC-long-8000,F2,prefill_common,17,norm1,GPU,0,0.032802714582052944,0.03281297747774745,1.0262895694510737e-05,0.00014902284288000002
Fugue-asplos-EPIC-long-8000,F2,prefill_common,17,ff1,GPU,0,0.03281297747774745,0.03288156126183536,6.858378408791209e-05,0.010571931538773333
Fugue-asplos-EPIC-long-8000,F2,prefill_common,17,ff2,GPU,0,0.03288156126183536,0.03295014504592327,6.858378408791209e-05,0.010571931538773333
Fugue-asplos-EPIC-long-8000,F2,prefill_common,17,glu,GPU,0,0.03295014504592327,0.03296096275321568,1.0817707292410499e-05,0.00039869448192
Fugue-asplos-EPIC-long-8000,F2,prefill_common,17,ff3,GPU,0,0.03296096275321568,0.03303597626706183,7.501351384615385e-05,0.010746000397653334
Fugue-asplos-EPIC-long-8000,F2,prefill_common,17,comm_g2g,GPU,0,0.03303597626706183,0.03303597626706183,0.0,1.58466048e-05
Fugue-asplos-EPIC-long-8000,F2,prefill_common,17,norm2,GPU,0,0.03303597626706183,0.03304623916275634,1.0262895694510737e-05,0.00014902284288000002
Fugue-asplos-EPIC-long-8000,F2,prefill_common,18,qkv,GPU,0,0.03304623916275634,0.03313062936583326,8.439020307692309e-05,0.011611110113279999
Fugue-asplos-EPIC-long-8000,F2,prefill_attention,18,attention_service,GPU,0,0.03313062936583326,0.0346104866900693,0.0014798573242360427,0.027269343698560003
Fugue-asplos-EPIC-long-8000,F2,prefill_common,18,proj,GPU,0,0.0346104866900693,0.03463861675776161,2.8130067692307695e-05,0.00406060531712
Fugue-asplos-EPIC-long-8000,F2,prefill_common,18,comm_g2g,GPU,0,0.03463861675776161,0.03463861675776161,0.0,1.58466048e-05
Fugue-asplos-EPIC-long-8000,F2,prefill_common,18,norm1,GPU,0,0.03463861675776161,0.034648879653456116,1.0262895694510737e-05,0.00014902284288000002
Fugue-asplos-EPIC-long-8000,F2,prefill_common,18,ff1,GPU,0,0.034648879653456116,0.034717463437544026,6.858378408791209e-05,0.010571931538773333
Fugue-asplos-EPIC-long-8000,F2,prefill_common,18,ff2,GPU,0,0.034717463437544026,0.034786047221631936,6.858378408791209e-05,0.010571931538773333
Fugue-asplos-EPIC-long-8000,F2,prefill_common,18,glu,GPU,0,0.034786047221631936,0.034796864928924344,1.0817707292410499e-05,0.00039869448192
Fugue-asplos-EPIC-long-8000,F2,prefill_common,18,ff3,GPU,0,0.034796864928924344,0.034871878442770496,7.501351384615385e-05,0.010746000397653334
Fugue-asplos-EPIC-long-8000,F2,prefill_common,18,comm_g2g,GPU,0,0.034871878442770496,0.034871878442770496,0.0,1.58466048e-05
Fugue-asplos-EPIC-long-8000,F2,prefill_common,18,norm2,GPU,0,0.034871878442770496,0.034882141338465004,1.0262895694510737e-05,0.00014902284288000002
Fugue-asplos-EPIC-long-8000,F2,prefill_common,19,qkv,GPU,0,0.034882141338465004,0.034966531541541924,8.439020307692309e-05,0.011611110113279999
Fugue-asplos-EPIC-long-8000,F2,prefill_attention,19,attention_service,GPU,0,0.034966531541541924,0.036446388865777966,0.0014798573242360427,0.027269343698560003
Fugue-asplos-EPIC-long-8000,F2,prefill_common,19,proj,GPU,0,0.036446388865777966,0.03647451893347027,2.8130067692307695e-05,0.00406060531712
Fugue-asplos-EPIC-long-8000,F2,prefill_common,19,comm_g2g,GPU,0,0.03647451893347027,0.03647451893347027,0.0,1.58466048e-05
Fugue-asplos-EPIC-long-8000,F2,prefill_common,19,norm1,GPU,0,0.03647451893347027,0.03648478182916478,1.0262895694510737e-05,0.00014902284288000002
Fugue-asplos-EPIC-long-8000,F2,prefill_common,19,ff1,GPU,0,0.03648478182916478,0.03655336561325269,6.858378408791209e-05,0.010571931538773333
Fugue-asplos-EPIC-long-8000,F2,prefill_common,19,ff2,GPU,0,0.03655336561325269,0.0366219493973406,6.858378408791209e-05,0.010571931538773333
Fugue-asplos-EPIC-long-8000,F2,prefill_common,19,glu,GPU,0,0.0366219493973406,0.03663276710463301,1.0817707292410499e-05,0.00039869448192
Fugue-asplos-EPIC-long-8000,F2,prefill_common,19,ff3,GPU,0,0.03663276710463301,0.03670778061847916,7.501351384615385e-05,0.010746000397653334
Fugue-asplos-EPIC-long-8000,F2,prefill_common,19,comm_g2g,GPU,0,0.03670778061847916,0.03670778061847916,0.0,1.58466048e-05
Fugue-asplos-EPIC-long-8000,F2,prefill_common,19,norm2,GPU,0,0.03670778061847916,0.03671804351417367,1.0262895694510737e-05,0.00014902284288000002
Fugue-asplos-EPIC-long-8000,F2,prefill_common,20,qkv,GPU,0,0.03671804351417367,0.03680243371725059,8.439020307692309e-05,0.011611110113279999
Fugue-asplos-EPIC-long-8000,F2,prefill_attention,20,attention_service,GPU,0,0.03680243371725059,0.03828229104148663,0.0014798573242360427,0.027269343698560003
Fugue-asplos-EPIC-long-8000,F2,prefill_common,20,proj,GPU,0,0.03828229104148663,0.038310421109178934,2.8130067692307695e-05,0.00406060531712
Fugue-asplos-EPIC-long-8000,F2,prefill_common,20,comm_g2g,GPU,0,0.038310421109178934,0.038310421109178934,0.0,1.58466048e-05
Fugue-asplos-EPIC-long-8000,F2,prefill_common,20,norm1,GPU,0,0.038310421109178934,0.03832068400487344,1.0262895694510737e-05,0.00014902284288000002
Fugue-asplos-EPIC-long-8000,F2,prefill_common,20,ff1,GPU,0,0.03832068400487344,0.03838926778896135,6.858378408791209e-05,0.010571931538773333
Fugue-asplos-EPIC-long-8000,F2,prefill_common,20,ff2,GPU,0,0.03838926778896135,0.03845785157304926,6.858378408791209e-05,0.010571931538773333
Fugue-asplos-EPIC-long-8000,F2,prefill_common,20,glu,GPU,0,0.03845785157304926,0.03846866928034167,1.0817707292410499e-05,0.00039869448192
Fugue-asplos-EPIC-long-8000,F2,prefill_common,20,ff3,GPU,0,0.03846866928034167,0.03854368279418782,7.501351384615385e-05,0.010746000397653334
Fugue-asplos-EPIC-long-8000,F2,prefill_common,20,comm_g2g,GPU,0,0.03854368279418782,0.03854368279418782,0.0,1.58466048e-05
Fugue-asplos-EPIC-long-8000,F2,prefill_common,20,norm2,GPU,0,0.03854368279418782,0.03855394568988233,1.0262895694510737e-05,0.00014902284288000002
Fugue-asplos-EPIC-long-8000,F2,prefill_common,21,qkv,GPU,0,0.03855394568988233,0.03863833589295925,8.439020307692309e-05,0.011611110113279999
Fugue-asplos-EPIC-long-8000,F2,prefill_attention,21,attention_service,GPU,0,0.03863833589295925,0.04011819321719529,0.0014798573242360427,0.027269343698560003
Fugue-asplos-EPIC-long-8000,F2,prefill_common,21,proj,GPU,0,0.04011819321719529,0.0401463232848876,2.8130067692307695e-05,0.00406060531712
Fugue-asplos-EPIC-long-8000,F2,prefill_common,21,comm_g2g,GPU,0,0.0401463232848876,0.0401463232848876,0.0,1.58466048e-05
Fugue-asplos-EPIC-long-8000,F2,prefill_common,21,norm1,GPU,0,0.0401463232848876,0.040156586180582106,1.0262895694510737e-05,0.00014902284288000002
Fugue-asplos-EPIC-long-8000,F2,prefill_common,21,ff1,GPU,0,0.040156586180582106,0.040225169964670016,6.858378408791209e-05,0.010571931538773333
Fugue-asplos-EPIC-long-8000,F2,prefill_common,21,ff2,GPU,0,0.040225169964670016,0.040293753748757925,6.858378408791209e-05,0.010571931538773333
Fugue-asplos-EPIC-long-8000,F2,prefill_common,21,glu,GPU,0,0.040293753748757925,0.040304571456050334,1.0817707292410499e-05,0.00039869448192
Fugue-asplos-EPIC-long-8000,F2,prefill_common,21,ff3,GPU,0,0.040304571456050334,0.040379584969896486,7.501351384615385e-05,0.010746000397653334
Fugue-asplos-EPIC-long-8000,F2,prefill_common,21,comm_g2g,GPU,0,0.040379584969896486,0.040379584969896486,0.0,1.58466048e-05
Fugue-asplos-EPIC-long-8000,F2,prefill_common,21,norm2,GPU,0,0.040379584969896486,0.040389847865590994,1.0262895694510737e-05,0.00014902284288000002
Fugue-asplos-EPIC-long-8000,F2,prefill_common,22,qkv,GPU,0,0.040389847865590994,0.040474238068667914,8.439020307692309e-05,0.011611110113279999
Fugue-asplos-EPIC-long-8000,F2,prefill_attention,22,attention_service,GPU,0,0.040474238068667914,0.041954095392903956,0.0014798573242360427,0.027269343698560003
Fugue-asplos-EPIC-long-8000,F2,prefill_common,22,proj,GPU,0,0.041954095392903956,0.04198222546059626,2.8130067692307695e-05,0.00406060531712
Fugue-asplos-EPIC-long-8000,F2,prefill_common,22,comm_g2g,GPU,0,0.04198222546059626,0.04198222546059626,0.0,1.58466048e-05
Fugue-asplos-EPIC-long-8000,F2,prefill_common,22,norm1,GPU,0,0.04198222546059626,0.04199248835629077,1.0262895694510737e-05,0.00014902284288000002
Fugue-asplos-EPIC-long-8000,F2,prefill_common,22,ff1,GPU,0,0.04199248835629077,0.04206107214037868,6.858378408791209e-05,0.010571931538773333
Fugue-asplos-EPIC-long-8000,F2,prefill_common,22,ff2,GPU,0,0.04206107214037868,0.04212965592446659,6.858378408791209e-05,0.010571931538773333
Fugue-asplos-EPIC-long-8000,F2,prefill_common,22,glu,GPU,0,0.04212965592446659,0.042140473631759,1.0817707292410499e-05,0.00039869448192
Fugue-asplos-EPIC-long-8000,F2,prefill_common,22,ff3,GPU,0,0.042140473631759,0.04221548714560515,7.501351384615385e-05,0.010746000397653334
Fugue-asplos-EPIC-long-8000,F2,prefill_common,22,comm_g2g,GPU,0,0.04221548714560515,0.04221548714560515,0.0,1.58466048e-05
Fugue-asplos-EPIC-long-8000,F2,prefill_common,22,norm2,GPU,0,0.04221548714560515,0.04222575004129966,1.0262895694510737e-05,0.00014902284288000002
Fugue-asplos-EPIC-long-8000,F2,prefill_common,23,qkv,GPU,0,0.04222575004129966,0.04231014024437658,8.439020307692309e-05,0.011611110113279999
Fugue-asplos-EPIC-long-8000,F2,prefill_attention,23,attention_service,GPU,0,0.04231014024437658,0.04378999756861262,0.0014798573242360427,0.027269343698560003
Fugue-asplos-EPIC-long-8000,F2,prefill_common,23,proj,GPU,0,0.04378999756861262,0.043818127636304924,2.8130067692307695e-05,0.00406060531712
Fugue-asplos-EPIC-long-8000,F2,prefill_common,23,comm_g2g,GPU,0,0.043818127636304924,0.043818127636304924,0.0,1.58466048e-05
Fugue-asplos-EPIC-long-8000,F2,prefill_common,23,norm1,GPU,0,0.043818127636304924,0.04382839053199943,1.0262895694510737e-05,0.00014902284288000002
Fugue-asplos-EPIC-long-8000,F2,prefill_common,23,ff1,GPU,0,0.04382839053199943,0.04389697431608734,6.858378408791209e-05,0.010571931538773333
Fugue-asplos-EPIC-long-8000,F2,prefill_common,23,ff2,GPU,0,0.04389697431608734,0.04396555810017525,6.858378408791209e-05,0.010571931538773333
Fugue-asplos-EPIC-long-8000,F2,prefill_common,23,glu,GPU,0,0.04396555810017525,0.04397637580746766,1.0817707292410499e-05,0.00039869448192
Fugue-asplos-EPIC-long-8000,F2,prefill_common,23,ff3,GPU,0,0.04397637580746766,0.04405138932131381,7.501351384615385e-05,0.010746000397653334
Fugue-asplos-EPIC-long-8000,F2,prefill_common,23,comm_g2g,GPU,0,0.04405138932131381,0.04405138932131381,0.0,1.58466048e-05
Fugue-asplos-EPIC-long-8000,F2,prefill_common,23,norm2,GPU,0,0.04405138932131381,0.04406165221700832,1.0262895694510737e-05,0.00014902284288000002
Fugue-asplos-EPIC-long-8000,F2,prefill_common,24,qkv,GPU,0,0.04406165221700832,0.04414604242008524,8.439020307692309e-05,0.011611110113279999
Fugue-asplos-EPIC-long-8000,F2,prefill_attention,24,attention_service,GPU,0,0.04414604242008524,0.04562589974432128,0.0014798573242360427,0.027269343698560003
Fugue-asplos-EPIC-long-8000,F2,prefill_common,24,proj,GPU,0,0.04562589974432128,0.04565402981201359,2.8130067692307695e-05,0.00406060531712
Fugue-asplos-EPIC-long-8000,F2,prefill_common,24,comm_g2g,GPU,0,0.04565402981201359,0.04565402981201359,0.0,1.58466048e-05
Fugue-asplos-EPIC-long-8000,F2,prefill_common,24,norm1,GPU,0,0.04565402981201359,0.045664292707708096,1.0262895694510737e-05,0.00014902284288000002
Fugue-asplos-EPIC-long-8000,F2,prefill_common,24,ff1,GPU,0,0.045664292707708096,0.045732876491796005,6.858378408791209e-05,0.010571931538773333
Fugue-asplos-EPIC-long-8000,F2,prefill_common,24,ff2,GPU,0,0.045732876491796005,0.045801460275883915,6.858378408791209e-05,0.010571931538773333
Fugue-asplos-EPIC-long-8000,F2,prefill_common,24,glu,GPU,0,0.045801460275883915,0.045812277983176324,1.0817707292410499e-05,0.00039869448192
Fugue-asplos-EPIC-long-8000,F2,prefill_common,24,ff3,GPU,0,0.045812277983176324,0.045887291497022475,7.501351384615385e-05,0.010746000397653334
Fugue-asplos-EPIC-long-8000,F2,prefill_common,24,comm_g2g,GPU,0,0.045887291497022475,0.045887291497022475,0.0,1.58466048e-05
Fugue-asplos-EPIC-long-8000,F2,prefill_common,24,norm2,GPU,0,0.045887291497022475,0.045897554392716984,1.0262895694510737e-05,0.00014902284288000002
Fugue-asplos-EPIC-long-8000,F2,prefill_common,25,qkv,GPU,0,0.045897554392716984,0.045981944595793904,8.439020307692309e-05,0.011611110113279999
Fugue-asplos-EPIC-long-8000,F2,prefill_attention,25,attention_service,GPU,0,0.045981944595793904,0.047461801920029946,0.0014798573242360427,0.027269343698560003
Fugue-asplos-EPIC-long-8000,F2,prefill_common,25,proj,GPU,0,0.047461801920029946,0.04748993198772225,2.8130067692307695e-05,0.00406060531712
Fugue-asplos-EPIC-long-8000,F2,prefill_common,25,comm_g2g,GPU,0,0.04748993198772225,0.04748993198772225,0.0,1.58466048e-05
Fugue-asplos-EPIC-long-8000,F2,prefill_common,25,norm1,GPU,0,0.04748993198772225,0.04750019488341676,1.0262895694510737e-05,0.00014902284288000002
Fugue-asplos-EPIC-long-8000,F2,prefill_common,25,ff1,GPU,0,0.04750019488341676,0.04756877866750467,6.858378408791209e-05,0.010571931538773333
Fugue-asplos-EPIC-long-8000,F2,prefill_common,25,ff2,GPU,0,0.04756877866750467,0.04763736245159258,6.858378408791209e-05,0.010571931538773333
Fugue-asplos-EPIC-long-8000,F2,prefill_common,25,glu,GPU,0,0.04763736245159258,0.04764818015888499,1.0817707292410499e-05,0.00039869448192
Fugue-asplos-EPIC-long-8000,F2,prefill_common,25,ff3,GPU,0,0.04764818015888499,0.04772319367273114,7.501351384615385e-05,0.010746000397653334
Fugue-asplos-EPIC-long-8000,F2,prefill_common,25,comm_g2g,GPU,0,0.04772319367273114,0.04772319367273114,0.0,1.58466048e-05
Fugue-asplos-EPIC-long-8000,F2,prefill_common,25,norm2,GPU,0,0.04772319367273114,0.04773345656842565,1.0262895694510737e-05,0.00014902284288000002
Fugue-asplos-EPIC-long-8000,F2,prefill_common,26,qkv,GPU,0,0.04773345656842565,0.04781784677150257,8.439020307692309e-05,0.011611110113279999
Fugue-asplos-EPIC-long-8000,F2,prefill_attention,26,attention_service,GPU,0,0.04781784677150257,0.04929770409573861,0.0014798573242360427,0.027269343698560003
Fugue-asplos-EPIC-long-8000,F2,prefill_common,26,proj,GPU,0,0.04929770409573861,0.049325834163430914,2.8130067692307695e-05,0.00406060531712
Fugue-asplos-EPIC-long-8000,F2,prefill_common,26,comm_g2g,GPU,0,0.049325834163430914,0.049325834163430914,0.0,1.58466048e-05
Fugue-asplos-EPIC-long-8000,F2,prefill_common,26,norm1,GPU,0,0.049325834163430914,0.04933609705912542,1.0262895694510737e-05,0.00014902284288000002
Fugue-asplos-EPIC-long-8000,F2,prefill_common,26,ff1,GPU,0,0.04933609705912542,0.04940468084321333,6.858378408791209e-05,0.010571931538773333
Fugue-asplos-EPIC-long-8000,F2,prefill_common,26,ff2,GPU,0,0.04940468084321333,0.04947326462730124,6.858378408791209e-05,0.010571931538773333
Fugue-asplos-EPIC-long-8000,F2,prefill_common,26,glu,GPU,0,0.04947326462730124,0.04948408233459365,1.0817707292410499e-05,0.00039869448192
Fugue-asplos-EPIC-long-8000,F2,prefill_common,26,ff3,GPU,0,0.04948408233459365,0.0495590958484398,7.501351384615385e-05,0.010746000397653334
Fugue-asplos-EPIC-long-8000,F2,prefill_common,26,comm_g2g,GPU,0,0.0495590958484398,0.0495590958484398,0.0,1.58466048e-05
Fugue-asplos-EPIC-long-8000,F2,prefill_common,26,norm2,GPU,0,0.0495590958484398,0.04956935874413431,1.0262895694510737e-05,0.00014902284288000002
Fugue-asplos-EPIC-long-8000,F2,prefill_common,27,qkv,GPU,0,0.04956935874413431,0.04965374894721123,8.439020307692309e-05,0.011611110113279999
Fugue-asplos-EPIC-long-8000,F2,prefill_attention,27,attention_service,GPU,0,0.04965374894721123,0.05113360627144727,0.0014798573242360427,0.027269343698560003
Fugue-asplos-EPIC-long-8000,F2,prefill_common,27,proj,GPU,0,0.05113360627144727,0.05116173633913958,2.8130067692307695e-05,0.00406060531712
Fugue-asplos-EPIC-long-8000,F2,prefill_common,27,comm_g2g,GPU,0,0.05116173633913958,0.05116173633913958,0.0,1.58466048e-05
Fugue-asplos-EPIC-long-8000,F2,prefill_common,27,norm1,GPU,0,0.05116173633913958,0.051171999234834085,1.0262895694510737e-05,0.00014902284288000002
Fugue-asplos-EPIC-long-8000,F2,prefill_common,27,ff1,GPU,0,0.051171999234834085,0.051240583018921995,6.858378408791209e-05,0.010571931538773333
Fugue-asplos-EPIC-long-8000,F2,prefill_common,27,ff2,GPU,0,0.051240583018921995,0.051309166803009905,6.858378408791209e-05,0.010571931538773333
Fugue-asplos-EPIC-long-8000,F2,prefill_common,27,glu,GPU,0,0.051309166803009905,0.05131998451030231,1.0817707292410499e-05,0.00039869448192
Fugue-asplos-EPIC-long-8000,F2,prefill_common,27,ff3,GPU,0,0.05131998451030231,0.051394998024148465,7.501351384615385e-05,0.010746000397653334
Fugue-asplos-EPIC-long-8000,F2,prefill_common,27,comm_g2g,GPU,0,0.051394998024148465,0.051394998024148465,0.0,1.58466048e-05
Fugue-asplos-EPIC-long-8000,F2,prefill_common,27,norm2,GPU,0,0.051394998024148465,0.051405260919842974,1.0262895694510737e-05,0.00014902284288000002
Fugue-asplos-EPIC-long-8000,F2,prefill_common,28,qkv,GPU,0,0.051405260919842974,0.051489651122919894,8.439020307692309e-05,0.011611110113279999
Fugue-asplos-EPIC-long-8000,F2,prefill_attention,28,attention_service,GPU,0,0.051489651122919894,0.052969508447155936,0.0014798573242360427,0.027269343698560003
Fugue-asplos-EPIC-long-8000,F2,prefill_common,28,proj,GPU,0,0.052969508447155936,0.05299763851484824,2.8130067692307695e-05,0.00406060531712
Fugue-asplos-EPIC-long-8000,F2,prefill_common,28,comm_g2g,GPU,0,0.05299763851484824,0.05299763851484824,0.0,1.58466048e-05
Fugue-asplos-EPIC-long-8000,F2,prefill_common,28,norm1,GPU,0,0.05299763851484824,0.05300790141054275,1.0262895694510737e-05,0.00014902284288000002
Fugue-asplos-EPIC-long-8000,F2,prefill_common,28,ff1,GPU,0,0.05300790141054275,0.05307648519463066,6.858378408791209e-05,0.010571931538773333
Fugue-asplos-EPIC-long-8000,F2,prefill_common,28,ff2,GPU,0,0.05307648519463066,0.05314506897871857,6.858378408791209e-05,0.010571931538773333
Fugue-asplos-EPIC-long-8000,F2,prefill_common,28,glu,GPU,0,0.05314506897871857,0.05315588668601098,1.0817707292410499e-05,0.00039869448192
Fugue-asplos-EPIC-long-8000,F2,prefill_common,28,ff3,GPU,0,0.05315588668601098,0.05323090019985713,7.501351384615385e-05,0.010746000397653334
Fugue-asplos-EPIC-long-8000,F2,prefill_common,28,comm_g2g,GPU,0,0.05323090019985713,0.05323090019985713,0.0,1.58466048e-05
Fugue-asplos-EPIC-long-8000,F2,prefill_common,28,norm2,GPU,0,0.05323090019985713,0.05324116309555164,1.0262895694510737e-05,0.00014902284288000002
Fugue-asplos-EPIC-long-8000,F2,prefill_common,29,qkv,GPU,0,0.05324116309555164,0.05332555329862856,8.439020307692309e-05,0.011611110113279999
Fugue-asplos-EPIC-long-8000,F2,prefill_attention,29,attention_service,GPU,0,0.05332555329862856,0.0548054106228646,0.0014798573242360427,0.027269343698560003
Fugue-asplos-EPIC-long-8000,F2,prefill_common,29,proj,GPU,0,0.0548054106228646,0.0548335406905569,2.8130067692307695e-05,0.00406060531712
Fugue-asplos-EPIC-long-8000,F2,prefill_common,29,comm_g2g,GPU,0,0.0548335406905569,0.0548335406905569,0.0,1.58466048e-05
Fugue-asplos-EPIC-long-8000,F2,prefill_common,29,norm1,GPU,0,0.0548335406905569,0.05484380358625141,1.0262895694510737e-05,0.00014902284288000002
Fugue-asplos-EPIC-long-8000,F2,prefill_common,29,ff1,GPU,0,0.05484380358625141,0.05491238737033932,6.858378408791209e-05,0.010571931538773333
Fugue-asplos-EPIC-long-8000,F2,prefill_common,29,ff2,GPU,0,0.05491238737033932,0.05498097115442723,6.858378408791209e-05,0.010571931538773333
Fugue-asplos-EPIC-long-8000,F2,prefill_common,29,glu,GPU,0,0.05498097115442723,0.05499178886171964,1.0817707292410499e-05,0.00039869448192
Fugue-asplos-EPIC-long-8000,F2,prefill_common,29,ff3,GPU,0,0.05499178886171964,0.05506680237556579,7.501351384615385e-05,0.010746000397653334
Fugue-asplos-EPIC-long-8000,F2,prefill_common,29,comm_g2g,GPU,0,0.05506680237556579,0.05506680237556579,0.0,1.58466048e-05
Fugue-asplos-EPIC-long-8000,F2,prefill_common,29,norm2,GPU,0,0.05506680237556579,0.0550770652712603,1.0262895694510737e-05,0.00014902284288000002
Fugue-asplos-EPIC-long-8000,F2,prefill_common,30,qkv,GPU,0,0.0550770652712603,0.05516145547433722,8.439020307692309e-05,0.011611110113279999
Fugue-asplos-EPIC-long-8000,F2,prefill_attention,30,attention_service,GPU,0,0.05516145547433722,0.05664131279857326,0.0014798573242360427,0.027269343698560003
Fugue-asplos-EPIC-long-8000,F2,prefill_common,30,proj,GPU,0,0.05664131279857326,0.05666944286626557,2.8130067692307695e-05,0.00406060531712
Fugue-asplos-EPIC-long-8000,F2,prefill_common,30,comm_g2g,GPU,0,0.05666944286626557,0.05666944286626557,0.0,1.58466048e-05
Fugue-asplos-EPIC-long-8000,F2,prefill_common,30,norm1,GPU,0,0.05666944286626557,0.056679705761960075,1.0262895694510737e-05,0.00014902284288000002
Fugue-asplos-EPIC-long-8000,F2,prefill_common,30,ff1,GPU,0,0.056679705761960075,0.056748289546047985,6.858378408791209e-05,0.010571931538773333
Fugue-asplos-EPIC-long-8000,F2,prefill_common,30,ff2,GPU,0,0.056748289546047985,0.056816873330135895,6.858378408791209e-05,0.010571931538773333
Fugue-asplos-EPIC-long-8000,F2,prefill_common,30,glu,GPU,0,0.056816873330135895,0.0568276910374283,1.0817707292410499e-05,0.00039869448192
Fugue-asplos-EPIC-long-8000,F2,prefill_common,30,ff3,GPU,0,0.0568276910374283,0.056902704551274455,7.501351384615385e-05,0.010746000397653334
Fugue-asplos-EPIC-long-8000,F2,prefill_common,30,comm_g2g,GPU,0,0.056902704551274455,0.056902704551274455,0.0,1.58466048e-05
Fugue-asplos-EPIC-long-8000,F2,prefill_common,30,norm2,GPU,0,0.056902704551274455,0.056912967446968964,1.0262895694510737e-05,0.00014902284288000002
Fugue-asplos-EPIC-long-8000,F2,prefill_common,31,qkv,GPU,0,0.056912967446968964,0.056997357650045884,8.439020307692309e-05,0.011611110113279999
Fugue-asplos-EPIC-long-8000,F2,prefill_attention,31,attention_service,GPU,0,0.056997357650045884,0.058477214974281926,0.0014798573242360427,0.027269343698560003
Fugue-asplos-EPIC-long-8000,F2,prefill_common,31,proj,GPU,0,0.058477214974281926,0.05850534504197423,2.8130067692307695e-05,0.00406060531712
Fugue-asplos-EPIC-long-8000,F2,prefill_common,31,comm_g2g,GPU,0,0.05850534504197423,0.05850534504197423,0.0,1.58466048e-05
Fugue-asplos-EPIC-long-8000,F2,prefill_common,31,norm1,GPU,0,0.05850534504197423,0.05851560793766874,1.0262895694510737e-05,0.00014902284288000002
Fugue-asplos-EPIC-long-8000,F2,prefill_common,31,ff1,GPU,0,0.05851560793766874,0.05858419172175665,6.858378408791209e-05,0.010571931538773333
Fugue-asplos-EPIC-long-8000,F2,prefill_common,31,ff2,GPU,0,0.05858419172175665,0.05865277550584456,6.858378408791209e-05,0.010571931538773333
Fugue-asplos-EPIC-long-8000,F2,prefill_common,31,glu,GPU,0,0.05865277550584456,0.058663593213136966,1.0817707292410499e-05,0.00039869448192
Fugue-asplos-EPIC-long-8000,F2,prefill_common,31,ff3,GPU,0,0.058663593213136966,0.05873860672698312,7.501351384615385e-05,0.010746000397653334
Fugue-asplos-EPIC-long-8000,F2,prefill_common,31,comm_g2g,GPU,0,0.05873860672698312,0.05873860672698312,0.0,1.58466048e-05
Fugue-asplos-EPIC-long-8000,F2,prefill_common,31,norm2,GPU,0,0.05873860672698312,0.05874886962267763,1.0262895694510737e-05,0.00014902284288000002
Fugue-asplos-EPIC-long-8000,F2,decode,all,native_transformer,GPU+PIM,1,0.05874886962267763,0.0645770288751786,0.005828159252500972,0.44671109609717746
Fugue-asplos-EPIC-long-8000,F2,decode,all,native_transformer,GPU+PIM,2,0.0645770288751786,0.07040518812767958,0.005828159252500972,0.44671113887334385
Fugue-asplos-EPIC-long-8000,F2,decode,all,native_transformer,GPU+PIM,3,0.07040518812767958,0.07623334738018056,0.005828159252500972,0.4467111816495103
Fugue-asplos-EPIC-long-8000,F2,decode,all,native_transformer,GPU+PIM,4,0.07623334738018056,0.08206150663268154,0.005828159252500972,0.4467112244256767
Fugue-asplos-EPIC-long-8000,F2,decode,all,native_transformer,GPU+PIM,5,0.08206150663268154,0.08788966588518252,0.005828159252500972,0.44671126720184307
Fugue-asplos-EPIC-long-8000,F2,decode,all,native_transformer,GPU+PIM,6,0.08788966588518252,0.0937178251376835,0.005828159252500972,0.4467113099780095
Fugue-asplos-EPIC-long-8000,F2,decode,all,native_transformer,GPU+PIM,7,0.0937178251376835,0.09954598439018447,0.005828159252500972,0.4467113527541759
Fugue-asplos-EPIC-long-8000,F2,decode,all,native_transformer,GPU+PIM,8,0.09954598439018447,0.10537414364268545,0.005828159252500972,0.4467113955303423
Fugue-asplos-EPIC-long-8000,F2,decode,all,native_transformer,GPU+PIM,9,0.10537414364268545,0.11120230289518643,0.005828159252500972,0.4467114383065087
Fugue-asplos-EPIC-long-8000,F2,decode,all,native_transformer,GPU+PIM,10,0.11120230289518643,0.1170304621476874,0.005828159252500972,0.4467114810826751
Fugue-asplos-EPIC-long-8000,F2,decode,all,native_transformer,GPU+PIM,11,0.1170304621476874,0.12285862140018838,0.005828159252500972,0.4467115238588415
Fugue-asplos-EPIC-long-8000,F2,decode,all,native_transformer,GPU+PIM,12,0.12285862140018838,0.12868678065268935,0.005828159252500972,0.4467115666350079
Fugue-asplos-EPIC-long-8000,F2,decode,all,native_transformer,GPU+PIM,13,0.12868678065268935,0.1345149399051903,0.005828159252500972,0.4467116094111743
Fugue-asplos-EPIC-long-8000,F2,decode,all,native_transformer,GPU+PIM,14,0.1345149399051903,0.14034309915769128,0.005828159252500972,0.4467116521873407
Fugue-asplos-EPIC-long-8000,F2,decode,all,native_transformer,GPU+PIM,15,0.14034309915769128,0.14617125841019224,0.005828159252500972,0.44671169496350704
Fugue-asplos-EPIC-long-8000,F3,prefill_common,0,qkv,GPU,0,0.0,8.439020307692309e-05,8.439020307692309e-05,0.011611110113279999
Fugue-asplos-EPIC-long-8000,F3,prefill_attention,0,attention_service,GPU,0,8.439020307692309e-05,0.0011255386206462993,0.0010411484175693762,0.02593226511936
Fugue-asplos-EPIC-long-8000,F3,prefill_common,0,proj,GPU,0,0.0011255386206462993,0.0011536686883386069,2.8130067692307695e-05,0.00406060531712
Fugue-asplos-EPIC-long-8000,F3,prefill_common,0,comm_g2g,GPU,0,0.0011536686883386069,0.0011536686883386069,0.0,1.58466048e-05
Fugue-asplos-EPIC-long-8000,F3,prefill_common,0,norm1,GPU,0,0.0011536686883386069,0.0011639315840331177,1.0262895694510737e-05,0.00014902284288000002
Fugue-asplos-EPIC-long-8000,F3,prefill_common,0,ff1,GPU,0,0.0011639315840331177,0.0012325153681210298,6.858378408791209e-05,0.010571931538773333
Fugue-asplos-EPIC-long-8000,F3,prefill_common,0,ff2,GPU,0,0.0012325153681210298,0.0013010991522089419,6.858378408791209e-05,0.010571931538773333
Fugue-asplos-EPIC-long-8000,F3,prefill_common,0,glu,GPU,0,0.0013010991522089419,0.0013119168595013522,1.0817707292410499e-05,0.00039869448192
Fugue-asplos-EPIC-long-8000,F3,prefill_common,0,ff3,GPU,0,0.0013119168595013522,0.001386930373347506,7.501351384615385e-05,0.010746000397653334
Fugue-asplos-EPIC-long-8000,F3,prefill_common,0,comm_g2g,GPU,0,0.001386930373347506,0.001386930373347506,0.0,1.58466048e-05
Fugue-asplos-EPIC-long-8000,F3,prefill_common,0,norm2,GPU,0,0.001386930373347506,0.0013971932690420169,1.0262895694510737e-05,0.00014902284288000002
Fugue-asplos-EPIC-long-8000,F3,prefill_common,1,qkv,GPU,0,0.0013971932690420169,0.00148158347211894,8.439020307692309e-05,0.011611110113279999
Fugue-asplos-EPIC-long-8000,F3,prefill_attention,1,attention_service,GPU,0,0.00148158347211894,0.0025227318896883164,0.0010411484175693762,0.02593226511936
Fugue-asplos-EPIC-long-8000,F3,prefill_common,1,proj,GPU,0,0.0025227318896883164,0.002550861957380624,2.8130067692307695e-05,0.00406060531712
Fugue-asplos-EPIC-long-8000,F3,prefill_common,1,comm_g2g,GPU,0,0.002550861957380624,0.002550861957380624,0.0,1.58466048e-05
Fugue-asplos-EPIC-long-8000,F3,prefill_common,1,norm1,GPU,0,0.002550861957380624,0.002561124853075135,1.0262895694510737e-05,0.00014902284288000002
Fugue-asplos-EPIC-long-8000,F3,prefill_common,1,ff1,GPU,0,0.002561124853075135,0.002629708637163047,6.858378408791209e-05,0.010571931538773333
Fugue-asplos-EPIC-long-8000,F3,prefill_common,1,ff2,GPU,0,0.002629708637163047,0.0026982924212509587,6.858378408791209e-05,0.010571931538773333
Fugue-asplos-EPIC-long-8000,F3,prefill_common,1,glu,GPU,0,0.0026982924212509587,0.0027091101285433693,1.0817707292410499e-05,0.00039869448192
Fugue-asplos-EPIC-long-8000,F3,prefill_common,1,ff3,GPU,0,0.0027091101285433693,0.002784123642389523,7.501351384615385e-05,0.010746000397653334
Fugue-asplos-EPIC-long-8000,F3,prefill_common,1,comm_g2g,GPU,0,0.002784123642389523,0.002784123642389523,0.0,1.58466048e-05
Fugue-asplos-EPIC-long-8000,F3,prefill_common,1,norm2,GPU,0,0.002784123642389523,0.0027943865380840338,1.0262895694510737e-05,0.00014902284288000002
Fugue-asplos-EPIC-long-8000,F3,prefill_common,2,qkv,GPU,0,0.0027943865380840338,0.002878776741160957,8.439020307692309e-05,0.011611110113279999
Fugue-asplos-EPIC-long-8000,F3,prefill_attention,2,attention_service,GPU,0,0.002878776741160957,0.003919925158730333,0.0010411484175693762,0.02593226511936
Fugue-asplos-EPIC-long-8000,F3,prefill_common,2,proj,GPU,0,0.003919925158730333,0.003948055226422641,2.8130067692307695e-05,0.00406060531712
Fugue-asplos-EPIC-long-8000,F3,prefill_common,2,comm_g2g,GPU,0,0.003948055226422641,0.003948055226422641,0.0,1.58466048e-05
Fugue-asplos-EPIC-long-8000,F3,prefill_common,2,norm1,GPU,0,0.003948055226422641,0.003958318122117151,1.0262895694510737e-05,0.00014902284288000002
Fugue-asplos-EPIC-long-8000,F3,prefill_common,2,ff1,GPU,0,0.003958318122117151,0.0040269019062050635,6.858378408791209e-05,0.010571931538773333
Fugue-asplos-EPIC-long-8000,F3,prefill_common,2,ff2,GPU,0,0.0040269019062050635,0.004095485690292976,6.858378408791209e-05,0.010571931538773333
Fugue-asplos-EPIC-long-8000,F3,prefill_common,2,glu,GPU,0,0.004095485690292976,0.004106303397585386,1.0817707292410499e-05,0.00039869448192
Fugue-asplos-EPIC-long-8000,F3,prefill_common,2,ff3,GPU,0,0.004106303397585386,0.00418131691143154,7.501351384615385e-05,0.010746000397653334
Fugue-asplos-EPIC-long-8000,F3,prefill_common,2,comm_g2g,GPU,0,0.00418131691143154,0.00418131691143154,0.0,1.58466048e-05
Fugue-asplos-EPIC-long-8000,F3,prefill_common,2,norm2,GPU,0,0.00418131691143154,0.00419157980712605,1.0262895694510737e-05,0.00014902284288000002
Fugue-asplos-EPIC-long-8000,F3,prefill_common,3,qkv,GPU,0,0.00419157980712605,0.0042759700102029735,8.439020307692309e-05,0.011611110113279999
Fugue-asplos-EPIC-long-8000,F3,prefill_attention,3,attention_service,GPU,0,0.0042759700102029735,0.00531711842777235,0.0010411484175693762,0.02593226511936
Fugue-asplos-EPIC-long-8000,F3,prefill_common,3,proj,GPU,0,0.00531711842777235,0.0053452484954646575,2.8130067692307695e-05,0.00406060531712
Fugue-asplos-EPIC-long-8000,F3,prefill_common,3,comm_g2g,GPU,0,0.0053452484954646575,0.0053452484954646575,0.0,1.58466048e-05
Fugue-asplos-EPIC-long-8000,F3,prefill_common,3,norm1,GPU,0,0.0053452484954646575,0.005355511391159168,1.0262895694510737e-05,0.00014902284288000002
Fugue-asplos-EPIC-long-8000,F3,prefill_common,3,ff1,GPU,0,0.005355511391159168,0.00542409517524708,6.858378408791209e-05,0.010571931538773333
Fugue-asplos-EPIC-long-8000,F3,prefill_common,3,ff2,GPU,0,0.00542409517524708,0.0054926789593349925,6.858378408791209e-05,0.010571931538773333
Fugue-asplos-EPIC-long-8000,F3,prefill_common,3,glu,GPU,0,0.0054926789593349925,0.005503496666627403,1.0817707292410499e-05,0.00039869448192
Fugue-asplos-EPIC-long-8000,F3,prefill_common,3,ff3,GPU,0,0.005503496666627403,0.005578510180473556,7.501351384615385e-05,0.010746000397653334
Fugue-asplos-EPIC-long-8000,F3,prefill_common,3,comm_g2g,GPU,0,0.005578510180473556,0.005578510180473556,0.0,1.58466048e-05
Fugue-asplos-EPIC-long-8000,F3,prefill_common,3,norm2,GPU,0,0.005578510180473556,0.005588773076168067,1.0262895694510737e-05,0.00014902284288000002
Fugue-asplos-EPIC-long-8000,F3,prefill_common,4,qkv,GPU,0,0.005588773076168067,0.00567316327924499,8.439020307692309e-05,0.011611110113279999
Fugue-asplos-EPIC-long-8000,F3,prefill_attention,4,attention_service,GPU,0,0.00567316327924499,0.006714311696814366,0.0010411484175693762,0.02593226511936
Fugue-asplos-EPIC-long-8000,F3,prefill_common,4,proj,GPU,0,0.006714311696814366,0.006742441764506674,2.8130067692307695e-05,0.00406060531712
Fugue-asplos-EPIC-long-8000,F3,prefill_common,4,comm_g2g,GPU,0,0.006742441764506674,0.006742441764506674,0.0,1.58466048e-05
Fugue-asplos-EPIC-long-8000,F3,prefill_common,4,norm1,GPU,0,0.006742441764506674,0.0067527046602011845,1.0262895694510737e-05,0.00014902284288000002
Fugue-asplos-EPIC-long-8000,F3,prefill_common,4,ff1,GPU,0,0.0067527046602011845,0.006821288444289097,6.858378408791209e-05,0.010571931538773333
Fugue-asplos-EPIC-long-8000,F3,prefill_common,4,ff2,GPU,0,0.006821288444289097,0.006889872228377009,6.858378408791209e-05,0.010571931538773333
Fugue-asplos-EPIC-long-8000,F3,prefill_common,4,glu,GPU,0,0.006889872228377009,0.006900689935669419,1.0817707292410499e-05,0.00039869448192
Fugue-asplos-EPIC-long-8000,F3,prefill_common,4,ff3,GPU,0,0.006900689935669419,0.006975703449515573,7.501351384615385e-05,0.010746000397653334
Fugue-asplos-EPIC-long-8000,F3,prefill_common,4,comm_g2g,GPU,0,0.006975703449515573,0.006975703449515573,0.0,1.58466048e-05
Fugue-asplos-EPIC-long-8000,F3,prefill_common,4,norm2,GPU,0,0.006975703449515573,0.006985966345210083,1.0262895694510737e-05,0.00014902284288000002
Fugue-asplos-EPIC-long-8000,F3,prefill_common,5,qkv,GPU,0,0.006985966345210083,0.007070356548287007,8.439020307692309e-05,0.011611110113279999
Fugue-asplos-EPIC-long-8000,F3,prefill_attention,5,attention_service,GPU,0,0.007070356548287007,0.008111504965856383,0.0010411484175693762,0.02593226511936
Fugue-asplos-EPIC-long-8000,F3,prefill_common,5,proj,GPU,0,0.008111504965856383,0.00813963503354869,2.8130067692307695e-05,0.00406060531712
Fugue-asplos-EPIC-long-8000,F3,prefill_common,5,comm_g2g,GPU,0,0.00813963503354869,0.00813963503354869,0.0,1.58466048e-05
Fugue-asplos-EPIC-long-8000,F3,prefill_common,5,norm1,GPU,0,0.00813963503354869,0.008149897929243201,1.0262895694510737e-05,0.00014902284288000002
Fugue-asplos-EPIC-long-8000,F3,prefill_common,5,ff1,GPU,0,0.008149897929243201,0.008218481713331113,6.858378408791209e-05,0.010571931538773333
Fugue-asplos-EPIC-long-8000,F3,prefill_common,5,ff2,GPU,0,0.008218481713331113,0.008287065497419024,6.858378408791209e-05,0.010571931538773333
Fugue-asplos-EPIC-long-8000,F3,prefill_common,5,glu,GPU,0,0.008287065497419024,0.008297883204711434,1.0817707292410499e-05,0.00039869448192
Fugue-asplos-EPIC-long-8000,F3,prefill_common,5,ff3,GPU,0,0.008297883204711434,0.008372896718557588,7.501351384615385e-05,0.010746000397653334
Fugue-asplos-EPIC-long-8000,F3,prefill_common,5,comm_g2g,GPU,0,0.008372896718557588,0.008372896718557588,0.0,1.58466048e-05
Fugue-asplos-EPIC-long-8000,F3,prefill_common,5,norm2,GPU,0,0.008372896718557588,0.008383159614252098,1.0262895694510737e-05,0.00014902284288000002
Fugue-asplos-EPIC-long-8000,F3,prefill_common,6,qkv,GPU,0,0.008383159614252098,0.008467549817329022,8.439020307692309e-05,0.011611110113279999
Fugue-asplos-EPIC-long-8000,F3,prefill_attention,6,attention_service,GPU,0,0.008467549817329022,0.009508698234898399,0.0010411484175693762,0.02593226511936
Fugue-asplos-EPIC-long-8000,F3,prefill_common,6,proj,GPU,0,0.009508698234898399,0.009536828302590707,2.8130067692307695e-05,0.00406060531712
Fugue-asplos-EPIC-long-8000,F3,prefill_common,6,comm_g2g,GPU,0,0.009536828302590707,0.009536828302590707,0.0,1.58466048e-05
Fugue-asplos-EPIC-long-8000,F3,prefill_common,6,norm1,GPU,0,0.009536828302590707,0.009547091198285217,1.0262895694510737e-05,0.00014902284288000002
Fugue-asplos-EPIC-long-8000,F3,prefill_common,6,ff1,GPU,0,0.009547091198285217,0.009615674982373128,6.858378408791209e-05,0.010571931538773333
Fugue-asplos-EPIC-long-8000,F3,prefill_common,6,ff2,GPU,0,0.009615674982373128,0.00968425876646104,6.858378408791209e-05,0.010571931538773333
Fugue-asplos-EPIC-long-8000,F3,prefill_common,6,glu,GPU,0,0.00968425876646104,0.00969507647375345,1.0817707292410499e-05,0.00039869448192
Fugue-asplos-EPIC-long-8000,F3,prefill_common,6,ff3,GPU,0,0.00969507647375345,0.009770089987599604,7.501351384615385e-05,0.010746000397653334
Fugue-asplos-EPIC-long-8000,F3,prefill_common,6,comm_g2g,GPU,0,0.009770089987599604,0.009770089987599604,0.0,1.58466048e-05
Fugue-asplos-EPIC-long-8000,F3,prefill_common,6,norm2,GPU,0,0.009770089987599604,0.009780352883294114,1.0262895694510737e-05,0.00014902284288000002
Fugue-asplos-EPIC-long-8000,F3,prefill_common,7,qkv,GPU,0,0.009780352883294114,0.009864743086371038,8.439020307692309e-05,0.011611110113279999
Fugue-asplos-EPIC-long-8000,F3,prefill_attention,7,attention_service,GPU,0,0.009864743086371038,0.010905891503940415,0.0010411484175693762,0.02593226511936
Fugue-asplos-EPIC-long-8000,F3,prefill_common,7,proj,GPU,0,0.010905891503940415,0.010934021571632722,2.8130067692307695e-05,0.00406060531712
Fugue-asplos-EPIC-long-8000,F3,prefill_common,7,comm_g2g,GPU,0,0.010934021571632722,0.010934021571632722,0.0,1.58466048e-05
Fugue-asplos-EPIC-long-8000,F3,prefill_common,7,norm1,GPU,0,0.010934021571632722,0.010944284467327233,1.0262895694510737e-05,0.00014902284288000002
Fugue-asplos-EPIC-long-8000,F3,prefill_common,7,ff1,GPU,0,0.010944284467327233,0.011012868251415144,6.858378408791209e-05,0.010571931538773333
Fugue-asplos-EPIC-long-8000,F3,prefill_common,7,ff2,GPU,0,0.011012868251415144,0.011081452035503056,6.858378408791209e-05,0.010571931538773333
Fugue-asplos-EPIC-long-8000,F3,prefill_common,7,glu,GPU,0,0.011081452035503056,0.011092269742795466,1.0817707292410499e-05,0.00039869448192
Fugue-asplos-EPIC-long-8000,F3,prefill_common,7,ff3,GPU,0,0.011092269742795466,0.01116728325664162,7.501351384615385e-05,0.010746000397653334
Fugue-asplos-EPIC-long-8000,F3,prefill_common,7,comm_g2g,GPU,0,0.01116728325664162,0.01116728325664162,0.0,1.58466048e-05
Fugue-asplos-EPIC-long-8000,F3,prefill_common,7,norm2,GPU,0,0.01116728325664162,0.01117754615233613,1.0262895694510737e-05,0.00014902284288000002
Fugue-asplos-EPIC-long-8000,F3,prefill_common,8,qkv,GPU,0,0.01117754615233613,0.011261936355413053,8.439020307692309e-05,0.011611110113279999
Fugue-asplos-EPIC-long-8000,F3,prefill_attention,8,attention_service,GPU,0,0.011261936355413053,0.01230308477298243,0.0010411484175693762,0.02593226511936
Fugue-asplos-EPIC-long-8000,F3,prefill_common,8,proj,GPU,0,0.01230308477298243,0.012331214840674738,2.8130067692307695e-05,0.00406060531712
Fugue-asplos-EPIC-long-8000,F3,prefill_common,8,comm_g2g,GPU,0,0.012331214840674738,0.012331214840674738,0.0,1.58466048e-05
Fugue-asplos-EPIC-long-8000,F3,prefill_common,8,norm1,GPU,0,0.012331214840674738,0.012341477736369249,1.0262895694510737e-05,0.00014902284288000002
Fugue-asplos-EPIC-long-8000,F3,prefill_common,8,ff1,GPU,0,0.012341477736369249,0.01241006152045716,6.858378408791209e-05,0.010571931538773333
Fugue-asplos-EPIC-long-8000,F3,prefill_common,8,ff2,GPU,0,0.01241006152045716,0.012478645304545071,6.858378408791209e-05,0.010571931538773333
Fugue-asplos-EPIC-long-8000,F3,prefill_common,8,glu,GPU,0,0.012478645304545071,0.012489463011837482,1.0817707292410499e-05,0.00039869448192
Fugue-asplos-EPIC-long-8000,F3,prefill_common,8,ff3,GPU,0,0.012489463011837482,0.012564476525683635,7.501351384615385e-05,0.010746000397653334
Fugue-asplos-EPIC-long-8000,F3,prefill_common,8,comm_g2g,GPU,0,0.012564476525683635,0.012564476525683635,0.0,1.58466048e-05
Fugue-asplos-EPIC-long-8000,F3,prefill_common,8,norm2,GPU,0,0.012564476525683635,0.012574739421378146,1.0262895694510737e-05,0.00014902284288000002
Fugue-asplos-EPIC-long-8000,F3,prefill_common,9,qkv,GPU,0,0.012574739421378146,0.012659129624455069,8.439020307692309e-05,0.011611110113279999
Fugue-asplos-EPIC-long-8000,F3,prefill_attention,9,attention_service,GPU,0,0.012659129624455069,0.013700278042024446,0.0010411484175693762,0.02593226511936
Fugue-asplos-EPIC-long-8000,F3,prefill_common,9,proj,GPU,0,0.013700278042024446,0.013728408109716754,2.8130067692307695e-05,0.00406060531712
Fugue-asplos-EPIC-long-8000,F3,prefill_common,9,comm_g2g,GPU,0,0.013728408109716754,0.013728408109716754,0.0,1.58466048e-05
Fugue-asplos-EPIC-long-8000,F3,prefill_common,9,norm1,GPU,0,0.013728408109716754,0.013738671005411264,1.0262895694510737e-05,0.00014902284288000002
Fugue-asplos-EPIC-long-8000,F3,prefill_common,9,ff1,GPU,0,0.013738671005411264,0.013807254789499176,6.858378408791209e-05,0.010571931538773333
Fugue-asplos-EPIC-long-8000,F3,prefill_common,9,ff2,GPU,0,0.013807254789499176,0.013875838573587087,6.858378408791209e-05,0.010571931538773333
Fugue-asplos-EPIC-long-8000,F3,prefill_common,9,glu,GPU,0,0.013875838573587087,0.013886656280879497,1.0817707292410499e-05,0.00039869448192
Fugue-asplos-EPIC-long-8000,F3,prefill_common,9,ff3,GPU,0,0.013886656280879497,0.013961669794725651,7.501351384615385e-05,0.010746000397653334
Fugue-asplos-EPIC-long-8000,F3,prefill_common,9,comm_g2g,GPU,0,0.013961669794725651,0.013961669794725651,0.0,1.58466048e-05
Fugue-asplos-EPIC-long-8000,F3,prefill_common,9,norm2,GPU,0,0.013961669794725651,0.013971932690420161,1.0262895694510737e-05,0.00014902284288000002
Fugue-asplos-EPIC-long-8000,F3,prefill_common,10,qkv,GPU,0,0.013971932690420161,0.014056322893497085,8.439020307692309e-05,0.011611110113279999
Fugue-asplos-EPIC-long-8000,F3,prefill_attention,10,attention_service,GPU,0,0.014056322893497085,0.015097471311066462,0.0010411484175693762,0.02593226511936
Fugue-asplos-EPIC-long-8000,F3,prefill_common,10,proj,GPU,0,0.015097471311066462,0.01512560137875877,2.8130067692307695e-05,0.00406060531712
Fugue-asplos-EPIC-long-8000,F3,prefill_common,10,comm_g2g,GPU,0,0.01512560137875877,0.01512560137875877,0.0,1.58466048e-05
Fugue-asplos-EPIC-long-8000,F3,prefill_common,10,norm1,GPU,0,0.01512560137875877,0.01513586427445328,1.0262895694510737e-05,0.00014902284288000002
Fugue-asplos-EPIC-long-8000,F3,prefill_common,10,ff1,GPU,0,0.01513586427445328,0.015204448058541192,6.858378408791209e-05,0.010571931538773333
Fugue-asplos-EPIC-long-8000,F3,prefill_common,10,ff2,GPU,0,0.015204448058541192,0.015273031842629103,6.858378408791209e-05,0.010571931538773333
Fugue-asplos-EPIC-long-8000,F3,prefill_common,10,glu,GPU,0,0.015273031842629103,0.015283849549921513,1.0817707292410499e-05,0.00039869448192
Fugue-asplos-EPIC-long-8000,F3,prefill_common,10,ff3,GPU,0,0.015283849549921513,0.015358863063767667,7.501351384615385e-05,0.010746000397653334
Fugue-asplos-EPIC-long-8000,F3,prefill_common,10,comm_g2g,GPU,0,0.015358863063767667,0.015358863063767667,0.0,1.58466048e-05
Fugue-asplos-EPIC-long-8000,F3,prefill_common,10,norm2,GPU,0,0.015358863063767667,0.015369125959462177,1.0262895694510737e-05,0.00014902284288000002
Fugue-asplos-EPIC-long-8000,F3,prefill_common,11,qkv,GPU,0,0.015369125959462177,0.0154535161625391,8.439020307692309e-05,0.011611110113279999
Fugue-asplos-EPIC-long-8000,F3,prefill_attention,11,attention_service,GPU,0,0.0154535161625391,0.016494664580108478,0.0010411484175693762,0.02593226511936
Fugue-asplos-EPIC-long-8000,F3,prefill_common,11,proj,GPU,0,0.016494664580108478,0.016522794647800786,2.8130067692307695e-05,0.00406060531712
Fugue-asplos-EPIC-long-8000,F3,prefill_common,11,comm_g2g,GPU,0,0.016522794647800786,0.016522794647800786,0.0,1.58466048e-05
Fugue-asplos-EPIC-long-8000,F3,prefill_common,11,norm1,GPU,0,0.016522794647800786,0.016533057543495298,1.0262895694510737e-05,0.00014902284288000002
Fugue-asplos-EPIC-long-8000,F3,prefill_common,11,ff1,GPU,0,0.016533057543495298,0.01660164132758321,6.858378408791209e-05,0.010571931538773333
Fugue-asplos-EPIC-long-8000,F3,prefill_common,11,ff2,GPU,0,0.01660164132758321,0.016670225111671124,6.858378408791209e-05,0.010571931538773333
Fugue-asplos-EPIC-long-8000,F3,prefill_common,11,glu,GPU,0,0.016670225111671124,0.016681042818963536,1.0817707292410499e-05,0.00039869448192
Fugue-asplos-EPIC-long-8000,F3,prefill_common,11,ff3,GPU,0,0.016681042818963536,0.01675605633280969,7.501351384615385e-05,0.010746000397653334
Fugue-asplos-EPIC-long-8000,F3,prefill_common,11,comm_g2g,GPU,0,0.01675605633280969,0.01675605633280969,0.0,1.58466048e-05
Fugue-asplos-EPIC-long-8000,F3,prefill_common,11,norm2,GPU,0,0.01675605633280969,0.016766319228504203,1.0262895694510737e-05,0.00014902284288000002
Fugue-asplos-EPIC-long-8000,F3,prefill_common,12,qkv,GPU,0,0.016766319228504203,0.016850709431581127,8.439020307692309e-05,0.011611110113279999
Fugue-asplos-EPIC-long-8000,F3,prefill_attention,12,attention_service,GPU,0,0.016850709431581127,0.017891857849150504,0.0010411484175693762,0.02593226511936
Fugue-asplos-EPIC-long-8000,F3,prefill_common,12,proj,GPU,0,0.017891857849150504,0.017919987916842812,2.8130067692307695e-05,0.00406060531712
Fugue-asplos-EPIC-long-8000,F3,prefill_common,12,comm_g2g,GPU,0,0.017919987916842812,0.017919987916842812,0.0,1.58466048e-05
Fugue-asplos-EPIC-long-8000,F3,prefill_common,12,norm1,GPU,0,0.017919987916842812,0.017930250812537324,1.0262895694510737e-05,0.00014902284288000002
Fugue-asplos-EPIC-long-8000,F3,prefill_common,12,ff1,GPU,0,0.017930250812537324,0.017998834596625237,6.858378408791209e-05,0.010571931538773333
Fugue-asplos-EPIC-long-8000,F3,prefill_common,12,ff2,GPU,0,0.017998834596625237,0.01806741838071315,6.858378408791209e-05,0.010571931538773333
Fugue-asplos-EPIC-long-8000,F3,prefill_common,12,glu,GPU,0,0.01806741838071315,0.018078236088005562,1.0817707292410499e-05,0.00039869448192
Fugue-asplos-EPIC-long-8000,F3,prefill_common,12,ff3,GPU,0,0.018078236088005562,0.018153249601851718,7.501351384615385e-05,0.010746000397653334
Fugue-asplos-EPIC-long-8000,F3,prefill_common,12,comm_g2g,GPU,0,0.018153249601851718,0.018153249601851718,0.0,1.58466048e-05
Fugue-asplos-EPIC-long-8000,F3,prefill_common,12,norm2,GPU,0,0.018153249601851718,0.01816351249754623,1.0262895694510737e-05,0.00014902284288000002
Fugue-asplos-EPIC-long-8000,F3,prefill_common,13,qkv,GPU,0,0.01816351249754623,0.018247902700623153,8.439020307692309e-05,0.011611110113279999
Fugue-asplos-EPIC-long-8000,F3,prefill_attention,13,attention_service,GPU,0,0.018247902700623153,0.01928905111819253,0.0010411484175693762,0.02593226511936
Fugue-asplos-EPIC-long-8000,F3,prefill_common,13,proj,GPU,0,0.01928905111819253,0.019317181185884838,2.8130067692307695e-05,0.00406060531712
Fugue-asplos-EPIC-long-8000,F3,prefill_common,13,comm_g2g,GPU,0,0.019317181185884838,0.019317181185884838,0.0,1.58466048e-05
Fugue-asplos-EPIC-long-8000,F3,prefill_common,13,norm1,GPU,0,0.019317181185884838,0.01932744408157935,1.0262895694510737e-05,0.00014902284288000002
Fugue-asplos-EPIC-long-8000,F3,prefill_common,13,ff1,GPU,0,0.01932744408157935,0.019396027865667263,6.858378408791209e-05,0.010571931538773333
Fugue-asplos-EPIC-long-8000,F3,prefill_common,13,ff2,GPU,0,0.019396027865667263,0.019464611649755176,6.858378408791209e-05,0.010571931538773333
Fugue-asplos-EPIC-long-8000,F3,prefill_common,13,glu,GPU,0,0.019464611649755176,0.01947542935704759,1.0817707292410499e-05,0.00039869448192
Fugue-asplos-EPIC-long-8000,F3,prefill_common,13,ff3,GPU,0,0.01947542935704759,0.019550442870893744,7.501351384615385e-05,0.010746000397653334
Fugue-asplos-EPIC-long-8000,F3,prefill_common,13,comm_g2g,GPU,0,0.019550442870893744,0.019550442870893744,0.0,1.58466048e-05
Fugue-asplos-EPIC-long-8000,F3,prefill_common,13,norm2,GPU,0,0.019550442870893744,0.019560705766588256,1.0262895694510737e-05,0.00014902284288000002
Fugue-asplos-EPIC-long-8000,F3,prefill_common,14,qkv,GPU,0,0.019560705766588256,0.01964509596966518,8.439020307692309e-05,0.011611110113279999
Fugue-asplos-EPIC-long-8000,F3,prefill_attention,14,attention_service,GPU,0,0.01964509596966518,0.020686244387234556,0.0010411484175693762,0.02593226511936
Fugue-asplos-EPIC-long-8000,F3,prefill_common,14,proj,GPU,0,0.020686244387234556,0.020714374454926864,2.8130067692307695e-05,0.00406060531712
Fugue-asplos-EPIC-long-8000,F3,prefill_common,14,comm_g2g,GPU,0,0.020714374454926864,0.020714374454926864,0.0,1.58466048e-05
Fugue-asplos-EPIC-long-8000,F3,prefill_common,14,norm1,GPU,0,0.020714374454926864,0.020724637350621376,1.0262895694510737e-05,0.00014902284288000002
Fugue-asplos-EPIC-long-8000,F3,prefill_common,14,ff1,GPU,0,0.020724637350621376,0.02079322113470929,6.858378408791209e-05,0.010571931538773333
Fugue-asplos-EPIC-long-8000,F3,prefill_common,14,ff2,GPU,0,0.02079322113470929,0.020861804918797203,6.858378408791209e-05,0.010571931538773333
Fugue-asplos-EPIC-long-8000,F3,prefill_common,14,glu,GPU,0,0.020861804918797203,0.020872622626089615,1.0817707292410499e-05,0.00039869448192
Fugue-asplos-EPIC-long-8000,F3,prefill_common,14,ff3,GPU,0,0.020872622626089615,0.02094763613993577,7.501351384615385e-05,0.010746000397653334
Fugue-asplos-EPIC-long-8000,F3,prefill_common,14,comm_g2g,GPU,0,0.02094763613993577,0.02094763613993577,0.0,1.58466048e-05
Fugue-asplos-EPIC-long-8000,F3,prefill_common,14,norm2,GPU,0,0.02094763613993577,0.020957899035630282,1.0262895694510737e-05,0.00014902284288000002
Fugue-asplos-EPIC-long-8000,F3,prefill_common,15,qkv,GPU,0,0.020957899035630282,0.021042289238707206,8.439020307692309e-05,0.011611110113279999
Fugue-asplos-EPIC-long-8000,F3,prefill_attention,15,attention_service,GPU,0,0.021042289238707206,0.022083437656276583,0.0010411484175693762,0.02593226511936
Fugue-asplos-EPIC-long-8000,F3,prefill_common,15,proj,GPU,0,0.022083437656276583,0.02211156772396889,2.8130067692307695e-05,0.00406060531712
Fugue-asplos-EPIC-long-8000,F3,prefill_common,15,comm_g2g,GPU,0,0.02211156772396889,0.02211156772396889,0.0,1.58466048e-05
Fugue-asplos-EPIC-long-8000,F3,prefill_common,15,norm1,GPU,0,0.02211156772396889,0.022121830619663403,1.0262895694510737e-05,0.00014902284288000002
Fugue-asplos-EPIC-long-8000,F3,prefill_common,15,ff1,GPU,0,0.022121830619663403,0.022190414403751316,6.858378408791209e-05,0.010571931538773333
Fugue-asplos-EPIC-long-8000,F3,prefill_common,15,ff2,GPU,0,0.022190414403751316,0.02225899818783923,6.858378408791209e-05,0.010571931538773333
Fugue-asplos-EPIC-long-8000,F3,prefill_common,15,glu,GPU,0,0.02225899818783923,0.02226981589513164,1.0817707292410499e-05,0.00039869448192
Fugue-asplos-EPIC-long-8000,F3,prefill_common,15,ff3,GPU,0,0.02226981589513164,0.022344829408977796,7.501351384615385e-05,0.010746000397653334
Fugue-asplos-EPIC-long-8000,F3,prefill_common,15,comm_g2g,GPU,0,0.022344829408977796,0.022344829408977796,0.0,1.58466048e-05
Fugue-asplos-EPIC-long-8000,F3,prefill_common,15,norm2,GPU,0,0.022344829408977796,0.022355092304672308,1.0262895694510737e-05,0.00014902284288000002
Fugue-asplos-EPIC-long-8000,F3,prefill_common,16,qkv,GPU,0,0.022355092304672308,0.02243948250774923,8.439020307692309e-05,0.011611110113279999
Fugue-asplos-EPIC-long-8000,F3,prefill_attention,16,attention_service,GPU,0,0.02243948250774923,0.02348063092531861,0.0010411484175693762,0.02593226511936
Fugue-asplos-EPIC-long-8000,F3,prefill_common,16,proj,GPU,0,0.02348063092531861,0.023508760993010917,2.8130067692307695e-05,0.00406060531712
Fugue-asplos-EPIC-long-8000,F3,prefill_common,16,comm_g2g,GPU,0,0.023508760993010917,0.023508760993010917,0.0,1.58466048e-05
Fugue-asplos-EPIC-long-8000,F3,prefill_common,16,norm1,GPU,0,0.023508760993010917,0.02351902388870543,1.0262895694510737e-05,0.00014902284288000002
Fugue-asplos-EPIC-long-8000,F3,prefill_common,16,ff1,GPU,0,0.02351902388870543,0.023587607672793342,6.858378408791209e-05,0.010571931538773333
Fugue-asplos-EPIC-long-8000,F3,prefill_common,16,ff2,GPU,0,0.023587607672793342,0.023656191456881255,6.858378408791209e-05,0.010571931538773333
Fugue-asplos-EPIC-long-8000,F3,prefill_common,16,glu,GPU,0,0.023656191456881255,0.023667009164173667,1.0817707292410499e-05,0.00039869448192
Fugue-asplos-EPIC-long-8000,F3,prefill_common,16,ff3,GPU,0,0.023667009164173667,0.023742022678019822,7.501351384615385e-05,0.010746000397653334
Fugue-asplos-EPIC-long-8000,F3,prefill_common,16,comm_g2g,GPU,0,0.023742022678019822,0.023742022678019822,0.0,1.58466048e-05
Fugue-asplos-EPIC-long-8000,F3,prefill_common,16,norm2,GPU,0,0.023742022678019822,0.023752285573714334,1.0262895694510737e-05,0.00014902284288000002
Fugue-asplos-EPIC-long-8000,F3,prefill_common,17,qkv,GPU,0,0.023752285573714334,0.023836675776791258,8.439020307692309e-05,0.011611110113279999
Fugue-asplos-EPIC-long-8000,F3,prefill_attention,17,attention_service,GPU,0,0.023836675776791258,0.024877824194360635,0.0010411484175693762,0.02593226511936
Fugue-asplos-EPIC-long-8000,F3,prefill_common,17,proj,GPU,0,0.024877824194360635,0.024905954262052943,2.8130067692307695e-05,0.00406060531712
Fugue-asplos-EPIC-long-8000,F3,prefill_common,17,comm_g2g,GPU,0,0.024905954262052943,0.024905954262052943,0.0,1.58466048e-05
Fugue-asplos-EPIC-long-8000,F3,prefill_common,17,norm1,GPU,0,0.024905954262052943,0.024916217157747455,1.0262895694510737e-05,0.00014902284288000002
Fugue-asplos-EPIC-long-8000,F3,prefill_common,17,ff1,GPU,0,0.024916217157747455,0.024984800941835368,6.858378408791209e-05,0.010571931538773333
Fugue-asplos-EPIC-long-8000,F3,prefill_common,17,ff2,GPU,0,0.024984800941835368,0.02505338472592328,6.858378408791209e-05,0.010571931538773333
Fugue-asplos-EPIC-long-8000,F3,prefill_common,17,glu,GPU,0,0.02505338472592328,0.025064202433215693,1.0817707292410499e-05,0.00039869448192
Fugue-asplos-EPIC-long-8000,F3,prefill_common,17,ff3,GPU,0,0.025064202433215693,0.02513921594706185,7.501351384615385e-05,0.010746000397653334
Fugue-asplos-EPIC-long-8000,F3,prefill_common,17,comm_g2g,GPU,0,0.02513921594706185,0.02513921594706185,0.0,1.58466048e-05
Fugue-asplos-EPIC-long-8000,F3,prefill_common,17,norm2,GPU,0,0.02513921594706185,0.02514947884275636,1.0262895694510737e-05,0.00014902284288000002
Fugue-asplos-EPIC-long-8000,F3,prefill_common,18,qkv,GPU,0,0.02514947884275636,0.025233869045833284,8.439020307692309e-05,0.011611110113279999
Fugue-asplos-EPIC-long-8000,F3,prefill_attention,18,attention_service,GPU,0,0.025233869045833284,0.02627501746340266,0.0010411484175693762,0.02593226511936
Fugue-asplos-EPIC-long-8000,F3,prefill_common,18,proj,GPU,0,0.02627501746340266,0.02630314753109497,2.8130067692307695e-05,0.00406060531712
Fugue-asplos-EPIC-long-8000,F3,prefill_common,18,comm_g2g,GPU,0,0.02630314753109497,0.02630314753109497,0.0,1.58466048e-05
Fugue-asplos-EPIC-long-8000,F3,prefill_common,18,norm1,GPU,0,0.02630314753109497,0.02631341042678948,1.0262895694510737e-05,0.00014902284288000002
Fugue-asplos-EPIC-long-8000,F3,prefill_common,18,ff1,GPU,0,0.02631341042678948,0.026381994210877394,6.858378408791209e-05,0.010571931538773333
Fugue-asplos-EPIC-long-8000,F3,prefill_common,18,ff2,GPU,0,0.026381994210877394,0.026450577994965307,6.858378408791209e-05,0.010571931538773333
Fugue-asplos-EPIC-long-8000,F3,prefill_common,18,glu,GPU,0,0.026450577994965307,0.02646139570225772,1.0817707292410499e-05,0.00039869448192
Fugue-asplos-EPIC-long-8000,F3,prefill_common,18,ff3,GPU,0,0.02646139570225772,0.026536409216103875,7.501351384615385e-05,0.010746000397653334
Fugue-asplos-EPIC-long-8000,F3,prefill_common,18,comm_g2g,GPU,0,0.026536409216103875,0.026536409216103875,0.0,1.58466048e-05
Fugue-asplos-EPIC-long-8000,F3,prefill_common,18,norm2,GPU,0,0.026536409216103875,0.026546672111798387,1.0262895694510737e-05,0.00014902284288000002
Fugue-asplos-EPIC-long-8000,F3,prefill_common,19,qkv,GPU,0,0.026546672111798387,0.02663106231487531,8.439020307692309e-05,0.011611110113279999
Fugue-asplos-EPIC-long-8000,F3,prefill_attention,19,attention_service,GPU,0,0.02663106231487531,0.027672210732444687,0.0010411484175693762,0.02593226511936
Fugue-asplos-EPIC-long-8000,F3,prefill_common,19,proj,GPU,0,0.027672210732444687,0.027700340800136995,2.8130067692307695e-05,0.00406060531712
Fugue-asplos-EPIC-long-8000,F3,prefill_common,19,comm_g2g,GPU,0,0.027700340800136995,0.027700340800136995,0.0,1.58466048e-05
Fugue-asplos-EPIC-long-8000,F3,prefill_common,19,norm1,GPU,0,0.027700340800136995,0.027710603695831507,1.0262895694510737e-05,0.00014902284288000002
Fugue-asplos-EPIC-long-8000,F3,prefill_common,19,ff1,GPU,0,0.027710603695831507,0.02777918747991942,6.858378408791209e-05,0.010571931538773333
Fugue-asplos-EPIC-long-8000,F3,prefill_common,19,ff2,GPU,0,0.02777918747991942,0.027847771264007334,6.858378408791209e-05,0.010571931538773333
Fugue-asplos-EPIC-long-8000,F3,prefill_common,19,glu,GPU,0,0.027847771264007334,0.027858588971299746,1.0817707292410499e-05,0.00039869448192
Fugue-asplos-EPIC-long-8000,F3,prefill_common,19,ff3,GPU,0,0.027858588971299746,0.0279336024851459,7.501351384615385e-05,0.010746000397653334
Fugue-asplos-EPIC-long-8000,F3,prefill_common,19,comm_g2g,GPU,0,0.0279336024851459,0.0279336024851459,0.0,1.58466048e-05
Fugue-asplos-EPIC-long-8000,F3,prefill_common,19,norm2,GPU,0,0.0279336024851459,0.027943865380840413,1.0262895694510737e-05,0.00014902284288000002
Fugue-asplos-EPIC-long-8000,F3,prefill_common,20,qkv,GPU,0,0.027943865380840413,0.028028255583917337,8.439020307692309e-05,0.011611110113279999
Fugue-asplos-EPIC-long-8000,F3,prefill_attention,20,attention_service,GPU,0,0.028028255583917337,0.029069404001486714,0.0010411484175693762,0.02593226511936
Fugue-asplos-EPIC-long-8000,F3,prefill_common,20,proj,GPU,0,0.029069404001486714,0.02909753406917902,2.8130067692307695e-05,0.00406060531712
Fugue-asplos-EPIC-long-8000,F3,prefill_common,20,comm_g2g,GPU,0,0.02909753406917902,0.02909753406917902,0.0,1.58466048e-05
Fugue-asplos-EPIC-long-8000,F3,prefill_common,20,norm1,GPU,0,0.02909753406917902,0.029107796964873534,1.0262895694510737e-05,0.00014902284288000002
Fugue-asplos-EPIC-long-8000,F3,prefill_common,20,ff1,GPU,0,0.029107796964873534,0.029176380748961447,6.858378408791209e-05,0.010571931538773333
Fugue-asplos-EPIC-long-8000,F3,prefill_common,20,ff2,GPU,0,0.029176380748961447,0.02924496453304936,6.858378408791209e-05,0.010571931538773333
Fugue-asplos-EPIC-long-8000,F3,prefill_common,20,glu,GPU,0,0.02924496453304936,0.029255782240341772,1.0817707292410499e-05,0.00039869448192
Fugue-asplos-EPIC-long-8000,F3,prefill_common,20,ff3,GPU,0,0.029255782240341772,0.029330795754187927,7.501351384615385e-05,0.010746000397653334
Fugue-asplos-EPIC-long-8000,F3,prefill_common,20,comm_g2g,GPU,0,0.029330795754187927,0.029330795754187927,0.0,1.58466048e-05
Fugue-asplos-EPIC-long-8000,F3,prefill_common,20,norm2,GPU,0,0.029330795754187927,0.02934105864988244,1.0262895694510737e-05,0.00014902284288000002
Fugue-asplos-EPIC-long-8000,F3,prefill_common,21,qkv,GPU,0,0.02934105864988244,0.029425448852959363,8.439020307692309e-05,0.011611110113279999
Fugue-asplos-EPIC-long-8000,F3,prefill_attention,21,attention_service,GPU,0,0.029425448852959363,0.03046659727052874,0.0010411484175693762,0.02593226511936
Fugue-asplos-EPIC-long-8000,F3,prefill_common,21,proj,GPU,0,0.03046659727052874,0.030494727338221048,2.8130067692307695e-05,0.00406060531712
Fugue-asplos-EPIC-long-8000,F3,prefill_common,21,comm_g2g,GPU,0,0.030494727338221048,0.030494727338221048,0.0,1.58466048e-05
Fugue-asplos-EPIC-long-8000,F3,prefill_common,21,norm1,GPU,0,0.030494727338221048,0.03050499023391556,1.0262895694510737e-05,0.00014902284288000002
Fugue-asplos-EPIC-long-8000,F3,prefill_common,21,ff1,GPU,0,0.03050499023391556,0.030573574018003473,6.858378408791209e-05,0.010571931538773333
Fugue-asplos-EPIC-long-8000,F3,prefill_common,21,ff2,GPU,0,0.030573574018003473,0.030642157802091386,6.858378408791209e-05,0.010571931538773333
Fugue-asplos-EPIC-long-8000,F3,prefill_common,21,glu,GPU,0,0.030642157802091386,0.030652975509383798,1.0817707292410499e-05,0.00039869448192
Fugue-asplos-EPIC-long-8000,F3,prefill_common,21,ff3,GPU,0,0.030652975509383798,0.030727989023229953,7.501351384615385e-05,0.010746000397653334
Fugue-asplos-EPIC-long-8000,F3,prefill_common,21,comm_g2g,GPU,0,0.030727989023229953,0.030727989023229953,0.0,1.58466048e-05
Fugue-asplos-EPIC-long-8000,F3,prefill_common,21,norm2,GPU,0,0.030727989023229953,0.030738251918924465,1.0262895694510737e-05,0.00014902284288000002
Fugue-asplos-EPIC-long-8000,F3,prefill_common,22,qkv,GPU,0,0.030738251918924465,0.03082264212200139,8.439020307692309e-05,0.011611110113279999
Fugue-asplos-EPIC-long-8000,F3,prefill_attention,22,attention_service,GPU,0,0.03082264212200139,0.031863790539570766,0.0010411484175693762,0.02593226511936
Fugue-asplos-EPIC-long-8000,F3,prefill_common,22,proj,GPU,0,0.031863790539570766,0.03189192060726307,2.8130067692307695e-05,0.00406060531712
Fugue-asplos-EPIC-long-8000,F3,prefill_common,22,comm_g2g,GPU,0,0.03189192060726307,0.03189192060726307,0.0,1.58466048e-05
Fugue-asplos-EPIC-long-8000,F3,prefill_common,22,norm1,GPU,0,0.03189192060726307,0.03190218350295758,1.0262895694510737e-05,0.00014902284288000002
Fugue-asplos-EPIC-long-8000,F3,prefill_common,22,ff1,GPU,0,0.03190218350295758,0.03197076728704549,6.858378408791209e-05,0.010571931538773333
Fugue-asplos-EPIC-long-8000,F3,prefill_common,22,ff2,GPU,0,0.03197076728704549,0.0320393510711334,6.858378408791209e-05,0.010571931538773333
Fugue-asplos-EPIC-long-8000,F3,prefill_common,22,glu,GPU,0,0.0320393510711334,0.03205016877842581,1.0817707292410499e-05,0.00039869448192
Fugue-asplos-EPIC-long-8000,F3,prefill_common,22,ff3,GPU,0,0.03205016877842581,0.03212518229227196,7.501351384615385e-05,0.010746000397653334
Fugue-asplos-EPIC-long-8000,F3,prefill_common,22,comm_g2g,GPU,0,0.03212518229227196,0.03212518229227196,0.0,1.58466048e-05
Fugue-asplos-EPIC-long-8000,F3,prefill_common,22,norm2,GPU,0,0.03212518229227196,0.03213544518796647,1.0262895694510737e-05,0.00014902284288000002
Fugue-asplos-EPIC-long-8000,F3,prefill_common,23,qkv,GPU,0,0.03213544518796647,0.03221983539104339,8.439020307692309e-05,0.011611110113279999
Fugue-asplos-EPIC-long-8000,F3,prefill_attention,23,attention_service,GPU,0,0.03221983539104339,0.03326098380861276,0.0010411484175693762,0.02593226511936
Fugue-asplos-EPIC-long-8000,F3,prefill_common,23,proj,GPU,0,0.03326098380861276,0.033289113876305065,2.8130067692307695e-05,0.00406060531712
Fugue-asplos-EPIC-long-8000,F3,prefill_common,23,comm_g2g,GPU,0,0.033289113876305065,0.033289113876305065,0.0,1.58466048e-05
Fugue-asplos-EPIC-long-8000,F3,prefill_common,23,norm1,GPU,0,0.033289113876305065,0.033299376771999574,1.0262895694510737e-05,0.00014902284288000002
Fugue-asplos-EPIC-long-8000,F3,prefill_common,23,ff1,GPU,0,0.033299376771999574,0.033367960556087484,6.858378408791209e-05,0.010571931538773333
Fugue-asplos-EPIC-long-8000,F3,prefill_common,23,ff2,GPU,0,0.033367960556087484,0.03343654434017539,6.858378408791209e-05,0.010571931538773333
Fugue-asplos-EPIC-long-8000,F3,prefill_common,23,glu,GPU,0,0.03343654434017539,0.0334473620474678,1.0817707292410499e-05,0.00039869448192
Fugue-asplos-EPIC-long-8000,F3,prefill_common,23,ff3,GPU,0,0.0334473620474678,0.033522375561313954,7.501351384615385e-05,0.010746000397653334
Fugue-asplos-EPIC-long-8000,F3,prefill_common,23,comm_g2g,GPU,0,0.033522375561313954,0.033522375561313954,0.0,1.58466048e-05
Fugue-asplos-EPIC-long-8000,F3,prefill_common,23,norm2,GPU,0,0.033522375561313954,0.03353263845700846,1.0262895694510737e-05,0.00014902284288000002
Fugue-asplos-EPIC-long-8000,F3,prefill_common,24,qkv,GPU,0,0.03353263845700846,0.03361702866008538,8.439020307692309e-05,0.011611110113279999
Fugue-asplos-EPIC-long-8000,F3,prefill_attention,24,attention_service,GPU,0,0.03361702866008538,0.034658177077654756,0.0010411484175693762,0.02593226511936
Fugue-asplos-EPIC-long-8000,F3,prefill_common,24,proj,GPU,0,0.034658177077654756,0.03468630714534706,2.8130067692307695e-05,0.00406060531712
Fugue-asplos-EPIC-long-8000,F3,prefill_common,24,comm_g2g,GPU,0,0.03468630714534706,0.03468630714534706,0.0,1.58466048e-05
Fugue-asplos-EPIC-long-8000,F3,prefill_common,24,norm1,GPU,0,0.03468630714534706,0.03469657004104157,1.0262895694510737e-05,0.00014902284288000002
Fugue-asplos-EPIC-long-8000,F3,prefill_common,24,ff1,GPU,0,0.03469657004104157,0.03476515382512948,6.858378408791209e-05,0.010571931538773333
Fugue-asplos-EPIC-long-8000,F3,prefill_common,24,ff2,GPU,0,0.03476515382512948,0.03483373760921739,6.858378408791209e-05,0.010571931538773333
Fugue-asplos-EPIC-long-8000,F3,prefill_common,24,glu,GPU,0,0.03483373760921739,0.0348445553165098,1.0817707292410499e-05,0.00039869448192
Fugue-asplos-EPIC-long-8000,F3,prefill_common,24,ff3,GPU,0,0.0348445553165098,0.03491956883035595,7.501351384615385e-05,0.010746000397653334
Fugue-asplos-EPIC-long-8000,F3,prefill_common,24,comm_g2g,GPU,0,0.03491956883035595,0.03491956883035595,0.0,1.58466048e-05
Fugue-asplos-EPIC-long-8000,F3,prefill_common,24,norm2,GPU,0,0.03491956883035595,0.03492983172605046,1.0262895694510737e-05,0.00014902284288000002
Fugue-asplos-EPIC-long-8000,F3,prefill_common,25,qkv,GPU,0,0.03492983172605046,0.03501422192912738,8.439020307692309e-05,0.011611110113279999
Fugue-asplos-EPIC-long-8000,F3,prefill_attention,25,attention_service,GPU,0,0.03501422192912738,0.03605537034669675,0.0010411484175693762,0.02593226511936
Fugue-asplos-EPIC-long-8000,F3,prefill_common,25,proj,GPU,0,0.03605537034669675,0.036083500414389055,2.8130067692307695e-05,0.00406060531712
Fugue-asplos-EPIC-long-8000,F3,prefill_common,25,comm_g2g,GPU,0,0.036083500414389055,0.036083500414389055,0.0,1.58466048e-05
Fugue-asplos-EPIC-long-8000,F3,prefill_common,25,norm1,GPU,0,0.036083500414389055,0.036093763310083564,1.0262895694510737e-05,0.00014902284288000002
Fugue-asplos-EPIC-long-8000,F3,prefill_common,25,ff1,GPU,0,0.036093763310083564,0.036162347094171474,6.858378408791209e-05,0.010571931538773333
Fugue-asplos-EPIC-long-8000,F3,prefill_common,25,ff2,GPU,0,0.036162347094171474,0.03623093087825938,6.858378408791209e-05,0.010571931538773333
Fugue-asplos-EPIC-long-8000,F3,prefill_common,25,glu,GPU,0,0.03623093087825938,0.03624174858555179,1.0817707292410499e-05,0.00039869448192
Fugue-asplos-EPIC-long-8000,F3,prefill_common,25,ff3,GPU,0,0.03624174858555179,0.036316762099397944,7.501351384615385e-05,0.010746000397653334
Fugue-asplos-EPIC-long-8000,F3,prefill_common,25,comm_g2g,GPU,0,0.036316762099397944,0.036316762099397944,0.0,1.58466048e-05
Fugue-asplos-EPIC-long-8000,F3,prefill_common,25,norm2,GPU,0,0.036316762099397944,0.03632702499509245,1.0262895694510737e-05,0.00014902284288000002
Fugue-asplos-EPIC-long-8000,F3,prefill_common,26,qkv,GPU,0,0.03632702499509245,0.03641141519816937,8.439020307692309e-05,0.011611110113279999
Fugue-asplos-EPIC-long-8000,F3,prefill_attention,26,attention_service,GPU,0,0.03641141519816937,0.037452563615738746,0.0010411484175693762,0.02593226511936
Fugue-asplos-EPIC-long-8000,F3,prefill_common,26,proj,GPU,0,0.037452563615738746,0.03748069368343105,2.8130067692307695e-05,0.00406060531712
Fugue-asplos-EPIC-long-8000,F3,prefill_common,26,comm_g2g,GPU,0,0.03748069368343105,0.03748069368343105,0.0,1.58466048e-05
Fugue-asplos-EPIC-long-8000,F3,prefill_common,26,norm1,GPU,0,0.03748069368343105,0.03749095657912556,1.0262895694510737e-05,0.00014902284288000002
Fugue-asplos-EPIC-long-8000,F3,prefill_common,26,ff1,GPU,0,0.03749095657912556,0.03755954036321347,6.858378408791209e-05,0.010571931538773333
Fugue-asplos-EPIC-long-8000,F3,prefill_common,26,ff2,GPU,0,0.03755954036321347,0.03762812414730138,6.858378408791209e-05,0.010571931538773333
Fugue-asplos-EPIC-long-8000,F3,prefill_common,26,glu,GPU,0,0.03762812414730138,0.03763894185459379,1.0817707292410499e-05,0.00039869448192
Fugue-asplos-EPIC-long-8000,F3,prefill_common,26,ff3,GPU,0,0.03763894185459379,0.03771395536843994,7.501351384615385e-05,0.010746000397653334
Fugue-asplos-EPIC-long-8000,F3,prefill_common,26,comm_g2g,GPU,0,0.03771395536843994,0.03771395536843994,0.0,1.58466048e-05
Fugue-asplos-EPIC-long-8000,F3,prefill_common,26,norm2,GPU,0,0.03771395536843994,0.03772421826413445,1.0262895694510737e-05,0.00014902284288000002
Fugue-asplos-EPIC-long-8000,F3,prefill_common,27,qkv,GPU,0,0.03772421826413445,0.03780860846721137,8.439020307692309e-05,0.011611110113279999
Fugue-asplos-EPIC-long-8000,F3,prefill_attention,27,attention_service,GPU,0,0.03780860846721137,0.03884975688478074,0.0010411484175693762,0.02593226511936
Fugue-asplos-EPIC-long-8000,F3,prefill_common,27,proj,GPU,0,0.03884975688478074,0.038877886952473045,2.8130067692307695e-05,0.00406060531712
Fugue-asplos-EPIC-long-8000,F3,prefill_common,27,comm_g2g,GPU,0,0.038877886952473045,0.038877886952473045,0.0,1.58466048e-05
Fugue-asplos-EPIC-long-8000,F3,prefill_common,27,norm1,GPU,0,0.038877886952473045,0.038888149848167554,1.0262895694510737e-05,0.00014902284288000002
Fugue-asplos-EPIC-long-8000,F3,prefill_common,27,ff1,GPU,0,0.038888149848167554,0.038956733632255464,6.858378408791209e-05,0.010571931538773333
Fugue-asplos-EPIC-long-8000,F3,prefill_common,27,ff2,GPU,0,0.038956733632255464,0.03902531741634337,6.858378408791209e-05,0.010571931538773333
Fugue-asplos-EPIC-long-8000,F3,prefill_common,27,glu,GPU,0,0.03902531741634337,0.03903613512363578,1.0817707292410499e-05,0.00039869448192
Fugue-asplos-EPIC-long-8000,F3,prefill_common,27,ff3,GPU,0,0.03903613512363578,0.039111148637481934,7.501351384615385e-05,0.010746000397653334
Fugue-asplos-EPIC-long-8000,F3,prefill_common,27,comm_g2g,GPU,0,0.039111148637481934,0.039111148637481934,0.0,1.58466048e-05
Fugue-asplos-EPIC-long-8000,F3,prefill_common,27,norm2,GPU,0,0.039111148637481934,0.03912141153317644,1.0262895694510737e-05,0.00014902284288000002
Fugue-asplos-EPIC-long-8000,F3,prefill_common,28,qkv,GPU,0,0.03912141153317644,0.03920580173625336,8.439020307692309e-05,0.011611110113279999
Fugue-asplos-EPIC-long-8000,F3,prefill_attention,28,attention_service,GPU,0,0.03920580173625336,0.040246950153822736,0.0010411484175693762,0.02593226511936
Fugue-asplos-EPIC-long-8000,F3,prefill_common,28,proj,GPU,0,0.040246950153822736,0.04027508022151504,2.8130067692307695e-05,0.00406060531712
Fugue-asplos-EPIC-long-8000,F3,prefill_common,28,comm_g2g,GPU,0,0.04027508022151504,0.04027508022151504,0.0,1.58466048e-05
Fugue-asplos-EPIC-long-8000,F3,prefill_common,28,norm1,GPU,0,0.04027508022151504,0.04028534311720955,1.0262895694510737e-05,0.00014902284288000002
Fugue-asplos-EPIC-long-8000,F3,prefill_common,28,ff1,GPU,0,0.04028534311720955,0.04035392690129746,6.858378408791209e-05,0.010571931538773333
Fugue-asplos-EPIC-long-8000,F3,prefill_common,28,ff2,GPU,0,0.04035392690129746,0.04042251068538537,6.858378408791209e-05,0.010571931538773333
Fugue-asplos-EPIC-long-8000,F3,prefill_common,28,glu,GPU,0,0.04042251068538537,0.04043332839267778,1.0817707292410499e-05,0.00039869448192
Fugue-asplos-EPIC-long-8000,F3,prefill_common,28,ff3,GPU,0,0.04043332839267778,0.04050834190652393,7.501351384615385e-05,0.010746000397653334
Fugue-asplos-EPIC-long-8000,F3,prefill_common,28,comm_g2g,GPU,0,0.04050834190652393,0.04050834190652393,0.0,1.58466048e-05
Fugue-asplos-EPIC-long-8000,F3,prefill_common,28,norm2,GPU,0,0.04050834190652393,0.04051860480221844,1.0262895694510737e-05,0.00014902284288000002
Fugue-asplos-EPIC-long-8000,F3,prefill_common,29,qkv,GPU,0,0.04051860480221844,0.04060299500529536,8.439020307692309e-05,0.011611110113279999
Fugue-asplos-EPIC-long-8000,F3,prefill_attention,29,attention_service,GPU,0,0.04060299500529536,0.04164414342286473,0.0010411484175693762,0.02593226511936
Fugue-asplos-EPIC-long-8000,F3,prefill_common,29,proj,GPU,0,0.04164414342286473,0.041672273490557035,2.8130067692307695e-05,0.00406060531712
Fugue-asplos-EPIC-long-8000,F3,prefill_common,29,comm_g2g,GPU,0,0.041672273490557035,0.041672273490557035,0.0,1.58466048e-05
Fugue-asplos-EPIC-long-8000,F3,prefill_common,29,norm1,GPU,0,0.041672273490557035,0.041682536386251544,1.0262895694510737e-05,0.00014902284288000002
Fugue-asplos-EPIC-long-8000,F3,prefill_common,29,ff1,GPU,0,0.041682536386251544,0.041751120170339454,6.858378408791209e-05,0.010571931538773333
Fugue-asplos-EPIC-long-8000,F3,prefill_common,29,ff2,GPU,0,0.041751120170339454,0.04181970395442736,6.858378408791209e-05,0.010571931538773333
Fugue-asplos-EPIC-long-8000,F3,prefill_common,29,glu,GPU,0,0.04181970395442736,0.04183052166171977,1.0817707292410499e-05,0.00039869448192
Fugue-asplos-EPIC-long-8000,F3,prefill_common,29,ff3,GPU,0,0.04183052166171977,0.041905535175565924,7.501351384615385e-05,0.010746000397653334
Fugue-asplos-EPIC-long-8000,F3,prefill_common,29,comm_g2g,GPU,0,0.041905535175565924,0.041905535175565924,0.0,1.58466048e-05
Fugue-asplos-EPIC-long-8000,F3,prefill_common,29,norm2,GPU,0,0.041905535175565924,0.04191579807126043,1.0262895694510737e-05,0.00014902284288000002
Fugue-asplos-EPIC-long-8000,F3,prefill_common,30,qkv,GPU,0,0.04191579807126043,0.04200018827433735,8.439020307692309e-05,0.011611110113279999
Fugue-asplos-EPIC-long-8000,F3,prefill_attention,30,attention_service,GPU,0,0.04200018827433735,0.043041336691906726,0.0010411484175693762,0.02593226511936
Fugue-asplos-EPIC-long-8000,F3,prefill_common,30,proj,GPU,0,0.043041336691906726,0.04306946675959903,2.8130067692307695e-05,0.00406060531712
Fugue-asplos-EPIC-long-8000,F3,prefill_common,30,comm_g2g,GPU,0,0.04306946675959903,0.04306946675959903,0.0,1.58466048e-05
Fugue-asplos-EPIC-long-8000,F3,prefill_common,30,norm1,GPU,0,0.04306946675959903,0.04307972965529354,1.0262895694510737e-05,0.00014902284288000002
Fugue-asplos-EPIC-long-8000,F3,prefill_common,30,ff1,GPU,0,0.04307972965529354,0.04314831343938145,6.858378408791209e-05,0.010571931538773333
Fugue-asplos-EPIC-long-8000,F3,prefill_common,30,ff2,GPU,0,0.04314831343938145,0.04321689722346936,6.858378408791209e-05,0.010571931538773333
Fugue-asplos-EPIC-long-8000,F3,prefill_common,30,glu,GPU,0,0.04321689722346936,0.04322771493076177,1.0817707292410499e-05,0.00039869448192
Fugue-asplos-EPIC-long-8000,F3,prefill_common,30,ff3,GPU,0,0.04322771493076177,0.04330272844460792,7.501351384615385e-05,0.010746000397653334
Fugue-asplos-EPIC-long-8000,F3,prefill_common,30,comm_g2g,GPU,0,0.04330272844460792,0.04330272844460792,0.0,1.58466048e-05
Fugue-asplos-EPIC-long-8000,F3,prefill_common,30,norm2,GPU,0,0.04330272844460792,0.04331299134030243,1.0262895694510737e-05,0.00014902284288000002
Fugue-asplos-EPIC-long-8000,F3,prefill_common,31,qkv,GPU,0,0.04331299134030243,0.04339738154337935,8.439020307692309e-05,0.011611110113279999
Fugue-asplos-EPIC-long-8000,F3,prefill_attention,31,attention_service,GPU,0,0.04339738154337935,0.04443852996094872,0.0010411484175693762,0.02593226511936
Fugue-asplos-EPIC-long-8000,F3,prefill_common,31,proj,GPU,0,0.04443852996094872,0.044466660028641025,2.8130067692307695e-05,0.00406060531712
Fugue-asplos-EPIC-long-8000,F3,prefill_common,31,comm_g2g,GPU,0,0.044466660028641025,0.044466660028641025,0.0,1.58466048e-05
Fugue-asplos-EPIC-long-8000,F3,prefill_common,31,norm1,GPU,0,0.044466660028641025,0.044476922924335534,1.0262895694510737e-05,0.00014902284288000002
Fugue-asplos-EPIC-long-8000,F3,prefill_common,31,ff1,GPU,0,0.044476922924335534,0.044545506708423444,6.858378408791209e-05,0.010571931538773333
Fugue-asplos-EPIC-long-8000,F3,prefill_common,31,ff2,GPU,0,0.044545506708423444,0.04461409049251135,6.858378408791209e-05,0.010571931538773333
Fugue-asplos-EPIC-long-8000,F3,prefill_common,31,glu,GPU,0,0.04461409049251135,0.04462490819980376,1.0817707292410499e-05,0.00039869448192
Fugue-asplos-EPIC-long-8000,F3,prefill_common,31,ff3,GPU,0,0.04462490819980376,0.044699921713649914,7.501351384615385e-05,0.010746000397653334
Fugue-asplos-EPIC-long-8000,F3,prefill_common,31,comm_g2g,GPU,0,0.044699921713649914,0.044699921713649914,0.0,1.58466048e-05
Fugue-asplos-EPIC-long-8000,F3,prefill_common,31,norm2,GPU,0,0.044699921713649914,0.04471018460934442,1.0262895694510737e-05,0.00014902284288000002
Fugue-asplos-EPIC-long-8000,F3,decode,all,native_transformer,GPU+PIM,1,0.04471018460934442,0.05053834386184539,0.005828159252500972,0.44671109609717746
Fugue-asplos-EPIC-long-8000,F3,decode,all,native_transformer,GPU+PIM,2,0.05053834386184539,0.056366503114346364,0.005828159252500972,0.44671113887334385
Fugue-asplos-EPIC-long-8000,F3,decode,all,native_transformer,GPU+PIM,3,0.056366503114346364,0.062194662366847335,0.005828159252500972,0.4467111816495103
Fugue-asplos-EPIC-long-8000,F3,decode,all,native_transformer,GPU+PIM,4,0.062194662366847335,0.0680228216193483,0.005828159252500972,0.4467112244256767
Fugue-asplos-EPIC-long-8000,F3,decode,all,native_transformer,GPU+PIM,5,0.0680228216193483,0.07385098087184928,0.005828159252500972,0.44671126720184307
Fugue-asplos-EPIC-long-8000,F3,decode,all,native_transformer,GPU+PIM,6,0.07385098087184928,0.07967914012435026,0.005828159252500972,0.4467113099780095
Fugue-asplos-EPIC-long-8000,F3,decode,all,native_transformer,GPU+PIM,7,0.07967914012435026,0.08550729937685124,0.005828159252500972,0.4467113527541759
Fugue-asplos-EPIC-long-8000,F3,decode,all,native_transformer,GPU+PIM,8,0.08550729937685124,0.09133545862935222,0.005828159252500972,0.4467113955303423
Fugue-asplos-EPIC-long-8000,F3,decode,all,native_transformer,GPU+PIM,9,0.09133545862935222,0.0971636178818532,0.005828159252500972,0.4467114383065087
Fugue-asplos-EPIC-long-8000,F3,decode,all,native_transformer,GPU+PIM,10,0.0971636178818532,0.10299177713435417,0.005828159252500972,0.4467114810826751
Fugue-asplos-EPIC-long-8000,F3,decode,all,native_transformer,GPU+PIM,11,0.10299177713435417,0.10881993638685515,0.005828159252500972,0.4467115238588415
Fugue-asplos-EPIC-long-8000,F3,decode,all,native_transformer,GPU+PIM,12,0.10881993638685515,0.11464809563935613,0.005828159252500972,0.4467115666350079
Fugue-asplos-EPIC-long-8000,F3,decode,all,native_transformer,GPU+PIM,13,0.11464809563935613,0.1204762548918571,0.005828159252500972,0.4467116094111743
Fugue-asplos-EPIC-long-8000,F3,decode,all,native_transformer,GPU+PIM,14,0.1204762548918571,0.12630441414435808,0.005828159252500972,0.4467116521873407
Fugue-asplos-EPIC-long-8000,F3,decode,all,native_transformer,GPU+PIM,15,0.12630441414435808,0.13213257339685905,0.005828159252500972,0.44671169496350704
Fugue-asplos-EPIC-long-8000,F4,prefill_common,0,qkv,GPU,0,0.0,8.439020307692309e-05,8.439020307692309e-05,0.011611110113279999
Fugue-asplos-EPIC-long-8000,F4,prefill_attention,0,attention_service,PIM,0,8.439020307692309e-05,0.000683056521353773,0.00059866631827685,0.0175967791090176
Fugue-asplos-EPIC-long-8000,F4,prefill_common,0,proj,GPU,0,0.000683056521353773,0.0007111865890460807,2.8130067692307695e-05,0.00406060531712
Fugue-asplos-EPIC-long-8000,F4,prefill_common,0,comm_g2g,GPU,0,0.0007111865890460807,0.0007111865890460807,0.0,1.58466048e-05
Fugue-asplos-EPIC-long-8000,F4,prefill_common,0,norm1,GPU,0,0.0007111865890460807,0.0007214494847405915,1.0262895694510737e-05,0.00014902284288000002
Fugue-asplos-EPIC-long-8000,F4,prefill_common,0,ff1,GPU,0,0.0007214494847405915,0.0007900332688285036,6.858378408791209e-05,0.010571931538773333
Fugue-asplos-EPIC-long-8000,F4,prefill_common,0,ff2,GPU,0,0.0007900332688285036,0.0008586170529164157,6.858378408791209e-05,0.010571931538773333
Fugue-asplos-EPIC-long-8000,F4,prefill_common,0,glu,GPU,0,0.0008586170529164157,0.0008694347602088262,1.0817707292410499e-05,0.00039869448192
Fugue-asplos-EPIC-long-8000,F4,prefill_common,0,ff3,GPU,0,0.0008694347602088262,0.0009444482740549801,7.501351384615385e-05,0.010746000397653334
Fugue-asplos-EPIC-long-8000,F4,prefill_common,0,comm_g2g,GPU,0,0.0009444482740549801,0.0009444482740549801,0.0,1.58466048e-05
Fugue-asplos-EPIC-long-8000,F4,prefill_common,0,norm2,GPU,0,0.0009444482740549801,0.0009547111697494908,1.0262895694510737e-05,0.00014902284288000002
Fugue-asplos-EPIC-long-8000,F4,prefill_common,1,qkv,GPU,0,0.0009547111697494908,0.001039101372826414,8.439020307692309e-05,0.011611110113279999
Fugue-asplos-EPIC-long-8000,F4,prefill_attention,1,attention_service,PIM,0,0.001039101372826414,0.001637767691103264,0.00059866631827685,0.0175967791090176
Fugue-asplos-EPIC-long-8000,F4,prefill_common,1,proj,GPU,0,0.001637767691103264,0.0016658977587955717,2.8130067692307695e-05,0.00406060531712
Fugue-asplos-EPIC-long-8000,F4,prefill_common,1,comm_g2g,GPU,0,0.0016658977587955717,0.0016658977587955717,0.0,1.58466048e-05
Fugue-asplos-EPIC-long-8000,F4,prefill_common,1,norm1,GPU,0,0.0016658977587955717,0.0016761606544900825,1.0262895694510737e-05,0.00014902284288000002
Fugue-asplos-EPIC-long-8000,F4,prefill_common,1,ff1,GPU,0,0.0016761606544900825,0.0017447444385779946,6.858378408791209e-05,0.010571931538773333
Fugue-asplos-EPIC-long-8000,F4,prefill_common,1,ff2,GPU,0,0.0017447444385779946,0.0018133282226659067,6.858378408791209e-05,0.010571931538773333
Fugue-asplos-EPIC-long-8000,F4,prefill_common,1,glu,GPU,0,0.0018133282226659067,0.001824145929958317,1.0817707292410499e-05,0.00039869448192
Fugue-asplos-EPIC-long-8000,F4,prefill_common,1,ff3,GPU,0,0.001824145929958317,0.001899159443804471,7.501351384615385e-05,0.010746000397653334
Fugue-asplos-EPIC-long-8000,F4,prefill_common,1,comm_g2g,GPU,0,0.001899159443804471,0.001899159443804471,0.0,1.58466048e-05
Fugue-asplos-EPIC-long-8000,F4,prefill_common,1,norm2,GPU,0,0.001899159443804471,0.0019094223394989817,1.0262895694510737e-05,0.00014902284288000002
Fugue-asplos-EPIC-long-8000,F4,prefill_common,2,qkv,GPU,0,0.0019094223394989817,0.001993812542575905,8.439020307692309e-05,0.011611110113279999
Fugue-asplos-EPIC-long-8000,F4,prefill_attention,2,attention_service,PIM,0,0.001993812542575905,0.002592478860852755,0.00059866631827685,0.0175967791090176
Fugue-asplos-EPIC-long-8000,F4,prefill_common,2,proj,GPU,0,0.002592478860852755,0.002620608928545063,2.8130067692307695e-05,0.00406060531712
Fugue-asplos-EPIC-long-8000,F4,prefill_common,2,comm_g2g,GPU,0,0.002620608928545063,0.002620608928545063,0.0,1.58466048e-05
Fugue-asplos-EPIC-long-8000,F4,prefill_common,2,norm1,GPU,0,0.002620608928545063,0.0026308718242395736,1.0262895694510737e-05,0.00014902284288000002
Fugue-asplos-EPIC-long-8000,F4,prefill_common,2,ff1,GPU,0,0.0026308718242395736,0.0026994556083274855,6.858378408791209e-05,0.010571931538773333
Fugue-asplos-EPIC-long-8000,F4,prefill_common,2,ff2,GPU,0,0.0026994556083274855,0.0027680393924153974,6.858378408791209e-05,0.010571931538773333
Fugue-asplos-EPIC-long-8000,F4,prefill_common,2,glu,GPU,0,0.0027680393924153974,0.002778857099707808,1.0817707292410499e-05,0.00039869448192
Fugue-asplos-EPIC-long-8000,F4,prefill_common,2,ff3,GPU,0,0.002778857099707808,0.0028538706135539616,7.501351384615385e-05,0.010746000397653334
Fugue-asplos-EPIC-long-8000,F4,prefill_common,2,comm_g2g,GPU,0,0.0028538706135539616,0.0028538706135539616,0.0,1.58466048e-05
Fugue-asplos-EPIC-long-8000,F4,prefill_common,2,norm2,GPU,0,0.0028538706135539616,0.0028641335092484724,1.0262895694510737e-05,0.00014902284288000002
Fugue-asplos-EPIC-long-8000,F4,prefill_common,3,qkv,GPU,0,0.0028641335092484724,0.0029485237123253955,8.439020307692309e-05,0.011611110113279999
Fugue-asplos-EPIC-long-8000,F4,prefill_attention,3,attention_service,PIM,0,0.0029485237123253955,0.0035471900306022455,0.00059866631827685,0.0175967791090176
Fugue-asplos-EPIC-long-8000,F4,prefill_common,3,proj,GPU,0,0.0035471900306022455,0.0035753200982945534,2.8130067692307695e-05,0.00406060531712
Fugue-asplos-EPIC-long-8000,F4,prefill_common,3,comm_g2g,GPU,0,0.0035753200982945534,0.0035753200982945534,0.0,1.58466048e-05
Fugue-asplos-EPIC-long-8000,F4,prefill_common,3,norm1,GPU,0,0.0035753200982945534,0.003585582993989064,1.0262895694510737e-05,0.00014902284288000002
Fugue-asplos-EPIC-long-8000,F4,prefill_common,3,ff1,GPU,0,0.003585582993989064,0.003654166778076976,6.858378408791209e-05,0.010571931538773333
Fugue-asplos-EPIC-long-8000,F4,prefill_common,3,ff2,GPU,0,0.003654166778076976,0.003722750562164888,6.858378408791209e-05,0.010571931538773333
Fugue-asplos-EPIC-long-8000,F4,prefill_common,3,glu,GPU,0,0.003722750562164888,0.0037335682694572985,1.0817707292410499e-05,0.00039869448192
Fugue-asplos-EPIC-long-8000,F4,prefill_common,3,ff3,GPU,0,0.0037335682694572985,0.0038085817833034526,7.501351384615385e-05,0.010746000397653334
Fugue-asplos-EPIC-long-8000,F4,prefill_common,3,comm_g2g,GPU,0,0.0038085817833034526,0.0038085817833034526,0.0,1.58466048e-05
Fugue-asplos-EPIC-long-8000,F4,prefill_common,3,norm2,GPU,0,0.0038085817833034526,0.0038188446789979634,1.0262895694510737e-05,0.00014902284288000002
Fugue-asplos-EPIC-long-8000,F4,prefill_common,4,qkv,GPU,0,0.0038188446789979634,0.0039032348820748864,8.439020307692309e-05,0.011611110113279999
Fugue-asplos-EPIC-long-8000,F4,prefill_attention,4,attention_service,PIM,0,0.0039032348820748864,0.004501901200351736,0.00059866631827685,0.0175967791090176
Fugue-asplos-EPIC-long-8000,F4,prefill_common,4,proj,GPU,0,0.004501901200351736,0.004530031268044044,2.8130067692307695e-05,0.00406060531712
Fugue-asplos-EPIC-long-8000,F4,prefill_common,4,comm_g2g,GPU,0,0.004530031268044044,0.004530031268044044,0.0,1.58466048e-05
Fugue-asplos-EPIC-long-8000,F4,prefill_common,4,norm1,GPU,0,0.004530031268044044,0.004540294163738554,1.0262895694510737e-05,0.00014902284288000002
Fugue-asplos-EPIC-long-8000,F4,prefill_common,4,ff1,GPU,0,0.004540294163738554,0.0046088779478264666,6.858378408791209e-05,0.010571931538773333
Fugue-asplos-EPIC-long-8000,F4,prefill_common,4,ff2,GPU,0,0.0046088779478264666,0.004677461731914379,6.858378408791209e-05,0.010571931538773333
Fugue-asplos-EPIC-long-8000,F4,prefill_common,4,glu,GPU,0,0.004677461731914379,0.004688279439206789,1.0817707292410499e-05,0.00039869448192
Fugue-asplos-EPIC-long-8000,F4,prefill_common,4,ff3,GPU,0,0.004688279439206789,0.004763292953052943,7.501351384615385e-05,0.010746000397653334
Fugue-asplos-EPIC-long-8000,F4,prefill_common,4,comm_g2g,GPU,0,0.004763292953052943,0.004763292953052943,0.0,1.58466048e-05
Fugue-asplos-EPIC-long-8000,F4,prefill_common,4,norm2,GPU,0,0.004763292953052943,0.004773555848747453,1.0262895694510737e-05,0.00014902284288000002
Fugue-asplos-EPIC-long-8000,F4,prefill_common,5,qkv,GPU,0,0.004773555848747453,0.0048579460518243765,8.439020307692309e-05,0.011611110113279999
Fugue-asplos-EPIC-long-8000,F4,prefill_attention,5,attention_service,PIM,0,0.0048579460518243765,0.005456612370101226,0.00059866631827685,0.0175967791090176
Fugue-asplos-EPIC-long-8000,F4,prefill_common,5,proj,GPU,0,0.005456612370101226,0.005484742437793534,2.8130067692307695e-05,0.00406060531712
Fugue-asplos-EPIC-long-8000,F4,prefill_common,5,comm_g2g,GPU,0,0.005484742437793534,0.005484742437793534,0.0,1.58466048e-05
Fugue-asplos-EPIC-long-8000,F4,prefill_common,5,norm1,GPU,0,0.005484742437793534,0.005495005333488044,1.0262895694510737e-05,0.00014902284288000002
Fugue-asplos-EPIC-long-8000,F4,prefill_common,5,ff1,GPU,0,0.005495005333488044,0.005563589117575957,6.858378408791209e-05,0.010571931538773333
Fugue-asplos-EPIC-long-8000,F4,prefill_common,5,ff2,GPU,0,0.005563589117575957,0.005632172901663869,6.858378408791209e-05,0.010571931538773333
Fugue-asplos-EPIC-long-8000,F4,prefill_common,5,glu,GPU,0,0.005632172901663869,0.005642990608956279,1.0817707292410499e-05,0.00039869448192
Fugue-asplos-EPIC-long-8000,F4,prefill_common,5,ff3,GPU,0,0.005642990608956279,0.005718004122802433,7.501351384615385e-05,0.010746000397653334
Fugue-asplos-EPIC-long-8000,F4,prefill_common,5,comm_g2g,GPU,0,0.005718004122802433,0.005718004122802433,0.0,1.58466048e-05
Fugue-asplos-EPIC-long-8000,F4,prefill_common,5,norm2,GPU,0,0.005718004122802433,0.005728267018496943,1.0262895694510737e-05,0.00014902284288000002
Fugue-asplos-EPIC-long-8000,F4,prefill_common,6,qkv,GPU,0,0.005728267018496943,0.005812657221573867,8.439020307692309e-05,0.011611110113279999
Fugue-asplos-EPIC-long-8000,F4,prefill_attention,6,attention_service,PIM,0,0.005812657221573867,0.006411323539850716,0.00059866631827685,0.0175967791090176
Fugue-asplos-EPIC-long-8000,F4,prefill_common,6,proj,GPU,0,0.006411323539850716,0.006439453607543024,2.8130067692307695e-05,0.00406060531712
Fugue-asplos-EPIC-long-8000,F4,prefill_common,6,comm_g2g,GPU,0,0.006439453607543024,0.006439453607543024,0.0,1.58466048e-05
Fugue-asplos-EPIC-long-8000,F4,prefill_common,6,norm1,GPU,0,0.006439453607543024,0.006449716503237534,1.0262895694510737e-05,0.00014902284288000002
Fugue-asplos-EPIC-long-8000,F4,prefill_common,6,ff1,GPU,0,0.006449716503237534,0.006518300287325447,6.858378408791209e-05,0.010571931538773333
Fugue-asplos-EPIC-long-8000,F4,prefill_common,6,ff2,GPU,0,0.006518300287325447,0.006586884071413359,6.858378408791209e-05,0.010571931538773333
Fugue-asplos-EPIC-long-8000,F4,prefill_common,6,glu,GPU,0,0.006586884071413359,0.006597701778705769,1.0817707292410499e-05,0.00039869448192
Fugue-asplos-EPIC-long-8000,F4,prefill_common,6,ff3,GPU,0,0.006597701778705769,0.006672715292551923,7.501351384615385e-05,0.010746000397653334
Fugue-asplos-EPIC-long-8000,F4,prefill_common,6,comm_g2g,GPU,0,0.006672715292551923,0.006672715292551923,0.0,1.58466048e-05
Fugue-asplos-EPIC-long-8000,F4,prefill_common,6,norm2,GPU,0,0.006672715292551923,0.006682978188246433,1.0262895694510737e-05,0.00014902284288000002
Fugue-asplos-EPIC-long-8000,F4,prefill_common,7,qkv,GPU,0,0.006682978188246433,0.006767368391323357,8.439020307692309e-05,0.011611110113279999
Fugue-asplos-EPIC-long-8000,F4,prefill_attention,7,attention_service,PIM,0,0.006767368391323357,0.007366034709600206,0.00059866631827685,0.0175967791090176
Fugue-asplos-EPIC-long-8000,F4,prefill_common,7,proj,GPU,0,0.007366034709600206,0.007394164777292514,2.8130067692307695e-05,0.00406060531712
Fugue-asplos-EPIC-long-8000,F4,prefill_common,7,comm_g2g,GPU,0,0.007394164777292514,0.007394164777292514,0.0,1.58466048e-05
Fugue-asplos-EPIC-long-8000,F4,prefill_common,7,norm1,GPU,0,0.007394164777292514,0.0074044276729870245,1.0262895694510737e-05,0.00014902284288000002
Fugue-asplos-EPIC-long-8000,F4,prefill_common,7,ff1,GPU,0,0.0074044276729870245,0.007473011457074937,6.858378408791209e-05,0.010571931538773333
Fugue-asplos-EPIC-long-8000,F4,prefill_common,7,ff2,GPU,0,0.007473011457074937,0.007541595241162849,6.858378408791209e-05,0.010571931538773333
Fugue-asplos-EPIC-long-8000,F4,prefill_common,7,glu,GPU,0,0.007541595241162849,0.007552412948455259,1.0817707292410499e-05,0.00039869448192
Fugue-asplos-EPIC-long-8000,F4,prefill_common,7,ff3,GPU,0,0.007552412948455259,0.007627426462301413,7.501351384615385e-05,0.010746000397653334
Fugue-asplos-EPIC-long-8000,F4,prefill_common,7,comm_g2g,GPU,0,0.007627426462301413,0.007627426462301413,0.0,1.58466048e-05
Fugue-asplos-EPIC-long-8000,F4,prefill_common,7,norm2,GPU,0,0.007627426462301413,0.007637689357995923,1.0262895694510737e-05,0.00014902284288000002
Fugue-asplos-EPIC-long-8000,F4,prefill_common,8,qkv,GPU,0,0.007637689357995923,0.007722079561072847,8.439020307692309e-05,0.011611110113279999
Fugue-asplos-EPIC-long-8000,F4,prefill_attention,8,attention_service,PIM,0,0.007722079561072847,0.008320745879349696,0.00059866631827685,0.0175967791090176
Fugue-asplos-EPIC-long-8000,F4,prefill_common,8,proj,GPU,0,0.008320745879349696,0.008348875947042004,2.8130067692307695e-05,0.00406060531712
Fugue-asplos-EPIC-long-8000,F4,prefill_common,8,comm_g2g,GPU,0,0.008348875947042004,0.008348875947042004,0.0,1.58466048e-05
Fugue-asplos-EPIC-long-8000,F4,prefill_common,8,norm1,GPU,0,0.008348875947042004,0.008359138842736515,1.0262895694510737e-05,0.00014902284288000002
Fugue-asplos-EPIC-long-8000,F4,prefill_common,8,ff1,GPU,0,0.008359138842736515,0.008427722626824426,6.858378408791209e-05,0.010571931538773333
Fugue-asplos-EPIC-long-8000,F4,prefill_common,8,ff2,GPU,0,0.008427722626824426,0.008496306410912337,6.858378408791209e-05,0.010571931538773333
Fugue-asplos-EPIC-long-8000,F4,prefill_common,8,glu,GPU,0,0.008496306410912337,0.008507124118204748,1.0817707292410499e-05,0.00039869448192
Fugue-asplos-EPIC-long-8000,F4,prefill_common,8,ff3,GPU,0,0.008507124118204748,0.008582137632050901,7.501351384615385e-05,0.010746000397653334
Fugue-asplos-EPIC-long-8000,F4,prefill_common,8,comm_g2g,GPU,0,0.008582137632050901,0.008582137632050901,0.0,1.58466048e-05
Fugue-asplos-EPIC-long-8000,F4,prefill_common,8,norm2,GPU,0,0.008582137632050901,0.008592400527745412,1.0262895694510737e-05,0.00014902284288000002
Fugue-asplos-EPIC-long-8000,F4,prefill_common,9,qkv,GPU,0,0.008592400527745412,0.008676790730822335,8.439020307692309e-05,0.011611110113279999
Fugue-asplos-EPIC-long-8000,F4,prefill_attention,9,attention_service,PIM,0,0.008676790730822335,0.009275457049099186,0.00059866631827685,0.0175967791090176
Fugue-asplos-EPIC-long-8000,F4,prefill_common,9,proj,GPU,0,0.009275457049099186,0.009303587116791493,2.8130067692307695e-05,0.00406060531712
Fugue-asplos-EPIC-long-8000,F4,prefill_common,9,comm_g2g,GPU,0,0.009303587116791493,0.009303587116791493,0.0,1.58466048e-05
Fugue-asplos-EPIC-long-8000,F4,prefill_common,9,norm1,GPU,0,0.009303587116791493,0.009313850012486004,1.0262895694510737e-05,0.00014902284288000002
Fugue-asplos-EPIC-long-8000,F4,prefill_common,9,ff1,GPU,0,0.009313850012486004,0.009382433796573915,6.858378408791209e-05,0.010571931538773333
Fugue-asplos-EPIC-long-8000,F4,prefill_common,9,ff2,GPU,0,0.009382433796573915,0.009451017580661827,6.858378408791209e-05,0.010571931538773333
Fugue-asplos-EPIC-long-8000,F4,prefill_common,9,glu,GPU,0,0.009451017580661827,0.009461835287954237,1.0817707292410499e-05,0.00039869448192
Fugue-asplos-EPIC-long-8000,F4,prefill_common,9,ff3,GPU,0,0.009461835287954237,0.00953684880180039,7.501351384615385e-05,0.010746000397653334
Fugue-asplos-EPIC-long-8000,F4,prefill_common,9,comm_g2g,GPU,0,0.00953684880180039,0.00953684880180039,0.0,1.58466048e-05
Fugue-asplos-EPIC-long-8000,F4,prefill_common,9,norm2,GPU,0,0.00953684880180039,0.0095471116974949,1.0262895694510737e-05,0.00014902284288000002
Fugue-asplos-EPIC-long-8000,F4,prefill_common,10,qkv,GPU,0,0.0095471116974949,0.009631501900571824,8.439020307692309e-05,0.011611110113279999
Fugue-asplos-EPIC-long-8000,F4,prefill_attention,10,attention_service,PIM,0,0.009631501900571824,0.010230168218848675,0.00059866631827685,0.0175967791090176
Fugue-asplos-EPIC-long-8000,F4,prefill_common,10,proj,GPU,0,0.010230168218848675,0.010258298286540983,2.8130067692307695e-05,0.00406060531712
Fugue-asplos-EPIC-long-8000,F4,prefill_common,10,comm_g2g,GPU,0,0.010258298286540983,0.010258298286540983,0.0,1.58466048e-05
Fugue-asplos-EPIC-long-8000,F4,prefill_common,10,norm1,GPU,0,0.010258298286540983,0.010268561182235493,1.0262895694510737e-05,0.00014902284288000002
Fugue-asplos-EPIC-long-8000,F4,prefill_common,10,ff1,GPU,0,0.010268561182235493,0.010337144966323404,6.858378408791209e-05,0.010571931538773333
Fugue-asplos-EPIC-long-8000,F4,prefill_common,10,ff2,GPU,0,0.010337144966323404,0.010405728750411316,6.858378408791209e-05,0.010571931538773333
Fugue-asplos-EPIC-long-8000,F4,prefill_common,10,glu,GPU,0,0.010405728750411316,0.010416546457703726,1.0817707292410499e-05,0.00039869448192
Fugue-asplos-EPIC-long-8000,F4,prefill_common,10,ff3,GPU,0,0.010416546457703726,0.01049155997154988,7.501351384615385e-05,0.010746000397653334
Fugue-asplos-EPIC-long-8000,F4,prefill_common,10,comm_g2g,GPU,0,0.01049155997154988,0.01049155997154988,0.0,1.58466048e-05
Fugue-asplos-EPIC-long-8000,F4,prefill_common,10,norm2,GPU,0,0.01049155997154988,0.01050182286724439,1.0262895694510737e-05,0.00014902284288000002
Fugue-asplos-EPIC-long-8000,F4,prefill_common,11,qkv,GPU,0,0.01050182286724439,0.010586213070321314,8.439020307692309e-05,0.011611110113279999
Fugue-asplos-EPIC-long-8000,F4,prefill_attention,11,attention_service,PIM,0,0.010586213070321314,0.011184879388598164,0.00059866631827685,0.0175967791090176
Fugue-asplos-EPIC-long-8000,F4,prefill_common,11,proj,GPU,0,0.011184879388598164,0.011213009456290472,2.8130067692307695e-05,0.00406060531712
Fugue-asplos-EPIC-long-8000,F4,prefill_common,11,comm_g2g,GPU,0,0.011213009456290472,0.011213009456290472,0.0,1.58466048e-05
Fugue-asplos-EPIC-long-8000,F4,prefill_common,11,norm1,GPU,0,0.011213009456290472,0.011223272351984982,1.0262895694510737e-05,0.00014902284288000002
Fugue-asplos-EPIC-long-8000,F4,prefill_common,11,ff1,GPU,0,0.011223272351984982,0.011291856136072894,6.858378408791209e-05,0.010571931538773333
Fugue-asplos-EPIC-long-8000,F4,prefill_common,11,ff2,GPU,0,0.011291856136072894,0.011360439920160805,6.858378408791209e-05,0.010571931538773333
Fugue-asplos-EPIC-long-8000,F4,prefill_common,11,glu,GPU,0,0.011360439920160805,0.011371257627453215,1.0817707292410499e-05,0.00039869448192
Fugue-asplos-EPIC-long-8000,F4,prefill_common,11,ff3,GPU,0,0.011371257627453215,0.011446271141299369,7.501351384615385e-05,0.010746000397653334
Fugue-asplos-EPIC-long-8000,F4,prefill_common,11,comm_g2g,GPU,0,0.011446271141299369,0.011446271141299369,0.0,1.58466048e-05
Fugue-asplos-EPIC-long-8000,F4,prefill_common,11,norm2,GPU,0,0.011446271141299369,0.01145653403699388,1.0262895694510737e-05,0.00014902284288000002
Fugue-asplos-EPIC-long-8000,F4,prefill_common,12,qkv,GPU,0,0.01145653403699388,0.011540924240070803,8.439020307692309e-05,0.011611110113279999
Fugue-asplos-EPIC-long-8000,F4,prefill_attention,12,attention_service,PIM,0,0.011540924240070803,0.012139590558347653,0.00059866631827685,0.0175967791090176
Fugue-asplos-EPIC-long-8000,F4,prefill_common,12,proj,GPU,0,0.012139590558347653,0.012167720626039961,2.8130067692307695e-05,0.00406060531712
Fugue-asplos-EPIC-long-8000,F4,prefill_common,12,comm_g2g,GPU,0,0.012167720626039961,0.012167720626039961,0.0,1.58466048e-05
Fugue-asplos-EPIC-long-8000,F4,prefill_common,12,norm1,GPU,0,0.012167720626039961,0.012177983521734471,1.0262895694510737e-05,0.00014902284288000002
Fugue-asplos-EPIC-long-8000,F4,prefill_common,12,ff1,GPU,0,0.012177983521734471,0.012246567305822383,6.858378408791209e-05,0.010571931538773333
Fugue-asplos-EPIC-long-8000,F4,prefill_common,12,ff2,GPU,0,0.012246567305822383,0.012315151089910294,6.858378408791209e-05,0.010571931538773333
Fugue-asplos-EPIC-long-8000,F4,prefill_common,12,glu,GPU,0,0.012315151089910294,0.012325968797202705,1.0817707292410499e-05,0.00039869448192
Fugue-asplos-EPIC-long-8000,F4,prefill_common,12,ff3,GPU,0,0.012325968797202705,0.012400982311048858,7.501351384615385e-05,0.010746000397653334
Fugue-asplos-EPIC-long-8000,F4,prefill_common,12,comm_g2g,GPU,0,0.012400982311048858,0.012400982311048858,0.0,1.58466048e-05
Fugue-asplos-EPIC-long-8000,F4,prefill_common,12,norm2,GPU,0,0.012400982311048858,0.012411245206743369,1.0262895694510737e-05,0.00014902284288000002
Fugue-asplos-EPIC-long-8000,F4,prefill_common,13,qkv,GPU,0,0.012411245206743369,0.012495635409820292,8.439020307692309e-05,0.011611110113279999
Fugue-asplos-EPIC-long-8000,F4,prefill_attention,13,attention_service,PIM,0,0.012495635409820292,0.013094301728097143,0.00059866631827685,0.0175967791090176
Fugue-asplos-EPIC-long-8000,F4,prefill_common,13,proj,GPU,0,0.013094301728097143,0.01312243179578945,2.8130067692307695e-05,0.00406060531712
Fugue-asplos-EPIC-long-8000,F4,prefill_common,13,comm_g2g,GPU,0,0.01312243179578945,0.01312243179578945,0.0,1.58466048e-05
Fugue-asplos-EPIC-long-8000,F4,prefill_common,13,norm1,GPU,0,0.01312243179578945,0.01313269469148396,1.0262895694510737e-05,0.00014902284288000002
Fugue-asplos-EPIC-long-8000,F4,prefill_common,13,ff1,GPU,0,0.01313269469148396,0.013201278475571872,6.858378408791209e-05,0.010571931538773333
Fugue-asplos-EPIC-long-8000,F4,prefill_common,13,ff2,GPU,0,0.013201278475571872,0.013269862259659784,6.858378408791209e-05,0.010571931538773333
Fugue-asplos-EPIC-long-8000,F4,prefill_common,13,glu,GPU,0,0.013269862259659784,0.013280679966952194,1.0817707292410499e-05,0.00039869448192
Fugue-asplos-EPIC-long-8000,F4,prefill_common,13,ff3,GPU,0,0.013280679966952194,0.013355693480798347,7.501351384615385e-05,0.010746000397653334
Fugue-asplos-EPIC-long-8000,F4,prefill_common,13,comm_g2g,GPU,0,0.013355693480798347,0.013355693480798347,0.0,1.58466048e-05
Fugue-asplos-EPIC-long-8000,F4,prefill_common,13,norm2,GPU,0,0.013355693480798347,0.013365956376492858,1.0262895694510737e-05,0.00014902284288000002
Fugue-asplos-EPIC-long-8000,F4,prefill_common,14,qkv,GPU,0,0.013365956376492858,0.013450346579569781,8.439020307692309e-05,0.011611110113279999
Fugue-asplos-EPIC-long-8000,F4,prefill_attention,14,attention_service,PIM,0,0.013450346579569781,0.014049012897846632,0.00059866631827685,0.0175967791090176
Fugue-asplos-EPIC-long-8000,F4,prefill_common,14,proj,GPU,0,0.014049012897846632,0.01407714296553894,2.8130067692307695e-05,0.00406060531712
Fugue-asplos-EPIC-long-8000,F4,prefill_common,14,comm_g2g,GPU,0,0.01407714296553894,0.01407714296553894,0.0,1.58466048e-05
Fugue-asplos-EPIC-long-8000,F4,prefill_common,14,norm1,GPU,0,0.01407714296553894,0.01408740586123345,1.0262895694510737e-05,0.00014902284288000002
Fugue-asplos-EPIC-long-8000,F4,prefill_common,14,ff1,GPU,0,0.01408740586123345,0.014155989645321361,6.858378408791209e-05,0.010571931538773333
Fugue-asplos-EPIC-long-8000,F4,prefill_common,14,ff2,GPU,0,0.014155989645321361,0.014224573429409273,6.858378408791209e-05,0.010571931538773333
Fugue-asplos-EPIC-long-8000,F4,prefill_common,14,glu,GPU,0,0.014224573429409273,0.014235391136701683,1.0817707292410499e-05,0.00039869448192
Fugue-asplos-EPIC-long-8000,F4,prefill_common,14,ff3,GPU,0,0.014235391136701683,0.014310404650547837,7.501351384615385e-05,0.010746000397653334
Fugue-asplos-EPIC-long-8000,F4,prefill_common,14,comm_g2g,GPU,0,0.014310404650547837,0.014310404650547837,0.0,1.58466048e-05
Fugue-asplos-EPIC-long-8000,F4,prefill_common,14,norm2,GPU,0,0.014310404650547837,0.014320667546242347,1.0262895694510737e-05,0.00014902284288000002
Fugue-asplos-EPIC-long-8000,F4,prefill_common,15,qkv,GPU,0,0.014320667546242347,0.01440505774931927,8.439020307692309e-05,0.011611110113279999
Fugue-asplos-EPIC-long-8000,F4,prefill_attention,15,attention_service,PIM,0,0.01440505774931927,0.015003724067596121,0.00059866631827685,0.0175967791090176
Fugue-asplos-EPIC-long-8000,F4,prefill_common,15,proj,GPU,0,0.015003724067596121,0.015031854135288429,2.8130067692307695e-05,0.00406060531712
Fugue-asplos-EPIC-long-8000,F4,prefill_common,15,comm_g2g,GPU,0,0.015031854135288429,0.015031854135288429,0.0,1.58466048e-05
Fugue-asplos-EPIC-long-8000,F4,prefill_common,15,norm1,GPU,0,0.015031854135288429,0.015042117030982939,1.0262895694510737e-05,0.00014902284288000002
Fugue-asplos-EPIC-long-8000,F4,prefill_common,15,ff1,GPU,0,0.015042117030982939,0.01511070081507085,6.858378408791209e-05,0.010571931538773333
Fugue-asplos-EPIC-long-8000,F4,prefill_common,15,ff2,GPU,0,0.01511070081507085,0.015179284599158762,6.858378408791209e-05,0.010571931538773333
Fugue-asplos-EPIC-long-8000,F4,prefill_common,15,glu,GPU,0,0.015179284599158762,0.015190102306451172,1.0817707292410499e-05,0.00039869448192
Fugue-asplos-EPIC-long-8000,F4,prefill_common,15,ff3,GPU,0,0.015190102306451172,0.015265115820297326,7.501351384615385e-05,0.010746000397653334
Fugue-asplos-EPIC-long-8000,F4,prefill_common,15,comm_g2g,GPU,0,0.015265115820297326,0.015265115820297326,0.0,1.58466048e-05
Fugue-asplos-EPIC-long-8000,F4,prefill_common,15,norm2,GPU,0,0.015265115820297326,0.015275378715991836,1.0262895694510737e-05,0.00014902284288000002
Fugue-asplos-EPIC-long-8000,F4,prefill_common,16,qkv,GPU,0,0.015275378715991836,0.01535976891906876,8.439020307692309e-05,0.011611110113279999
Fugue-asplos-EPIC-long-8000,F4,prefill_attention,16,attention_service,PIM,0,0.01535976891906876,0.01595843523734561,0.00059866631827685,0.0175967791090176
Fugue-asplos-EPIC-long-8000,F4,prefill_common,16,proj,GPU,0,0.01595843523734561,0.015986565305037916,2.8130067692307695e-05,0.00406060531712
Fugue-asplos-EPIC-long-8000,F4,prefill_common,16,comm_g2g,GPU,0,0.015986565305037916,0.015986565305037916,0.0,1.58466048e-05
Fugue-asplos-EPIC-long-8000,F4,prefill_common,16,norm1,GPU,0,0.015986565305037916,0.01599682820073243,1.0262895694510737e-05,0.00014902284288000002
Fugue-asplos-EPIC-long-8000,F4,prefill_common,16,ff1,GPU,0,0.01599682820073243,0.01606541198482034,6.858378408791209e-05,0.010571931538773333
Fugue-asplos-EPIC-long-8000,F4,prefill_common,16,ff2,GPU,0,0.01606541198482034,0.016133995768908255,6.858378408791209e-05,0.010571931538773333
Fugue-asplos-EPIC-long-8000,F4,prefill_common,16,glu,GPU,0,0.016133995768908255,0.016144813476200667,1.0817707292410499e-05,0.00039869448192
Fugue-asplos-EPIC-long-8000,F4,prefill_common,16,ff3,GPU,0,0.016144813476200667,0.016219826990046822,7.501351384615385e-05,0.010746000397653334
Fugue-asplos-EPIC-long-8000,F4,prefill_common,16,comm_g2g,GPU,0,0.016219826990046822,0.016219826990046822,0.0,1.58466048e-05
Fugue-asplos-EPIC-long-8000,F4,prefill_common,16,norm2,GPU,0,0.016219826990046822,0.016230089885741334,1.0262895694510737e-05,0.00014902284288000002
Fugue-asplos-EPIC-long-8000,F4,prefill_common,17,qkv,GPU,0,0.016230089885741334,0.016314480088818258,8.439020307692309e-05,0.011611110113279999
Fugue-asplos-EPIC-long-8000,F4,prefill_attention,17,attention_service,PIM,0,0.016314480088818258,0.016913146407095108,0.00059866631827685,0.0175967791090176
Fugue-asplos-EPIC-long-8000,F4,prefill_common,17,proj,GPU,0,0.016913146407095108,0.016941276474787416,2.8130067692307695e-05,0.00406060531712
Fugue-asplos-EPIC-long-8000,F4,prefill_common,17,comm_g2g,GPU,0,0.016941276474787416,0.016941276474787416,0.0,1.58466048e-05
Fugue-asplos-EPIC-long-8000,F4,prefill_common,17,norm1,GPU,0,0.016941276474787416,0.016951539370481928,1.0262895694510737e-05,0.00014902284288000002
Fugue-asplos-EPIC-long-8000,F4,prefill_common,17,ff1,GPU,0,0.016951539370481928,0.01702012315456984,6.858378408791209e-05,0.010571931538773333
Fugue-asplos-EPIC-long-8000,F4,prefill_common,17,ff2,GPU,0,0.01702012315456984,0.017088706938657754,6.858378408791209e-05,0.010571931538773333
Fugue-asplos-EPIC-long-8000,F4,prefill_common,17,glu,GPU,0,0.017088706938657754,0.017099524645950166,1.0817707292410499e-05,0.00039869448192
Fugue-asplos-EPIC-long-8000,F4,prefill_common,17,ff3,GPU,0,0.017099524645950166,0.01717453815979632,7.501351384615385e-05,0.010746000397653334
Fugue-asplos-EPIC-long-8000,F4,prefill_common,17,comm_g2g,GPU,0,0.01717453815979632,0.01717453815979632,0.0,1.58466048e-05
Fugue-asplos-EPIC-long-8000,F4,prefill_common,17,norm2,GPU,0,0.01717453815979632,0.017184801055490834,1.0262895694510737e-05,0.00014902284288000002
Fugue-asplos-EPIC-long-8000,F4,prefill_common,18,qkv,GPU,0,0.017184801055490834,0.017269191258567757,8.439020307692309e-05,0.011611110113279999
Fugue-asplos-EPIC-long-8000,F4,prefill_attention,18,attention_service,PIM,0,0.017269191258567757,0.017867857576844608,0.00059866631827685,0.0175967791090176
Fugue-asplos-EPIC-long-8000,F4,prefill_common,18,proj,GPU,0,0.017867857576844608,0.017895987644536916,2.8130067692307695e-05,0.00406060531712
Fugue-asplos-EPIC-long-8000,F4,prefill_common,18,comm_g2g,GPU,0,0.017895987644536916,0.017895987644536916,0.0,1.58466048e-05
Fugue-asplos-EPIC-long-8000,F4,prefill_common,18,norm1,GPU,0,0.017895987644536916,0.017906250540231428,1.0262895694510737e-05,0.00014902284288000002
Fugue-asplos-EPIC-long-8000,F4,prefill_common,18,ff1,GPU,0,0.017906250540231428,0.01797483432431934,6.858378408791209e-05,0.010571931538773333
Fugue-asplos-EPIC-long-8000,F4,prefill_common,18,ff2,GPU,0,0.01797483432431934,0.018043418108407254,6.858378408791209e-05,0.010571931538773333
Fugue-asplos-EPIC-long-8000,F4,prefill_common,18,glu,GPU,0,0.018043418108407254,0.018054235815699666,1.0817707292410499e-05,0.00039869448192
Fugue-asplos-EPIC-long-8000,F4,prefill_common,18,ff3,GPU,0,0.018054235815699666,0.01812924932954582,7.501351384615385e-05,0.010746000397653334
Fugue-asplos-EPIC-long-8000,F4,prefill_common,18,comm_g2g,GPU,0,0.01812924932954582,0.01812924932954582,0.0,1.58466048e-05
Fugue-asplos-EPIC-long-8000,F4,prefill_common,18,norm2,GPU,0,0.01812924932954582,0.018139512225240333,1.0262895694510737e-05,0.00014902284288000002
Fugue-asplos-EPIC-long-8000,F4,prefill_common,19,qkv,GPU,0,0.018139512225240333,0.018223902428317257,8.439020307692309e-05,0.011611110113279999
Fugue-asplos-EPIC-long-8000,F4,prefill_attention,19,attention_service,PIM,0,0.018223902428317257,0.018822568746594107,0.00059866631827685,0.0175967791090176
Fugue-asplos-EPIC-long-8000,F4,prefill_common,19,proj,GPU,0,0.018822568746594107,0.018850698814286415,2.8130067692307695e-05,0.00406060531712
Fugue-asplos-EPIC-long-8000,F4,prefill_common,19,comm_g2g,GPU,0,0.018850698814286415,0.018850698814286415,0.0,1.58466048e-05
Fugue-asplos-EPIC-long-8000,F4,prefill_common,19,norm1,GPU,0,0.018850698814286415,0.018860961709980927,1.0262895694510737e-05,0.00014902284288000002
Fugue-asplos-EPIC-long-8000,F4,prefill_common,19,ff1,GPU,0,0.018860961709980927,0.01892954549406884,6.858378408791209e-05,0.010571931538773333
Fugue-asplos-EPIC-long-8000,F4,prefill_common,19,ff2,GPU,0,0.01892954549406884,0.018998129278156754,6.858378408791209e-05,0.010571931538773333
Fugue-asplos-EPIC-long-8000,F4,prefill_common,19,glu,GPU,0,0.018998129278156754,0.019008946985449166,1.0817707292410499e-05,0.00039869448192
Fugue-asplos-EPIC-long-8000,F4,prefill_common,19,ff3,GPU,0,0.019008946985449166,0.01908396049929532,7.501351384615385e-05,0.010746000397653334
Fugue-asplos-EPIC-long-8000,F4,prefill_common,19,comm_g2g,GPU,0,0.01908396049929532,0.01908396049929532,0.0,1.58466048e-05
Fugue-asplos-EPIC-long-8000,F4,prefill_common,19,norm2,GPU,0,0.01908396049929532,0.019094223394989833,1.0262895694510737e-05,0.00014902284288000002
Fugue-asplos-EPIC-long-8000,F4,prefill_common,20,qkv,GPU,0,0.019094223394989833,0.019178613598066756,8.439020307692309e-05,0.011611110113279999
Fugue-asplos-EPIC-long-8000,F4,prefill_attention,20,attention_service,PIM,0,0.019178613598066756,0.019777279916343607,0.00059866631827685,0.0175967791090176
Fugue-asplos-EPIC-long-8000,F4,prefill_common,20,proj,GPU,0,0.019777279916343607,0.019805409984035915,2.8130067692307695e-05,0.00406060531712
Fugue-asplos-EPIC-long-8000,F4,prefill_common,20,comm_g2g,GPU,0,0.019805409984035915,0.019805409984035915,0.0,1.58466048e-05
Fugue-asplos-EPIC-long-8000,F4,prefill_common,20,norm1,GPU,0,0.019805409984035915,0.019815672879730427,1.0262895694510737e-05,0.00014902284288000002
Fugue-asplos-EPIC-long-8000,F4,prefill_common,20,ff1,GPU,0,0.019815672879730427,0.01988425666381834,6.858378408791209e-05,0.010571931538773333
Fugue-asplos-EPIC-long-8000,F4,prefill_common,20,ff2,GPU,0,0.01988425666381834,0.019952840447906253,6.858378408791209e-05,0.010571931538773333
Fugue-asplos-EPIC-long-8000,F4,prefill_common,20,glu,GPU,0,0.019952840447906253,0.019963658155198665,1.0817707292410499e-05,0.00039869448192
Fugue-asplos-EPIC-long-8000,F4,prefill_common,20,ff3,GPU,0,0.019963658155198665,0.02003867166904482,7.501351384615385e-05,0.010746000397653334
Fugue-asplos-EPIC-long-8000,F4,prefill_common,20,comm_g2g,GPU,0,0.02003867166904482,0.02003867166904482,0.0,1.58466048e-05
Fugue-asplos-EPIC-long-8000,F4,prefill_common,20,norm2,GPU,0,0.02003867166904482,0.020048934564739333,1.0262895694510737e-05,0.00014902284288000002
Fugue-asplos-EPIC-long-8000,F4,prefill_common,21,qkv,GPU,0,0.020048934564739333,0.020133324767816256,8.439020307692309e-05,0.011611110113279999
Fugue-asplos-EPIC-long-8000,F4,prefill_attention,21,attention_service,PIM,0,0.020133324767816256,0.020731991086093107,0.00059866631827685,0.0175967791090176
Fugue-asplos-EPIC-long-8000,F4,prefill_common,21,proj,GPU,0,0.020731991086093107,0.020760121153785414,2.8130067692307695e-05,0.00406060531712
Fugue-asplos-EPIC-long-8000,F4,prefill_common,21,comm_g2g,GPU,0,0.020760121153785414,0.020760121153785414,0.0,1.58466048e-05
Fugue-asplos-EPIC-long-8000,F4,prefill_common,21,norm1,GPU,0,0.020760121153785414,0.020770384049479926,1.0262895694510737e-05,0.00014902284288000002
Fugue-asplos-EPIC-long-8000,F4,prefill_common,21,ff1,GPU,0,0.020770384049479926,0.02083896783356784,6.858378408791209e-05,0.010571931538773333
Fugue-asplos-EPIC-long-8000,F4,prefill_common,21,ff2,GPU,0,0.02083896783356784,0.020907551617655753,6.858378408791209e-05,0.010571931538773333
Fugue-asplos-EPIC-long-8000,F4,prefill_common,21,glu,GPU,0,0.020907551617655753,0.020918369324948165,1.0817707292410499e-05,0.00039869448192
Fugue-asplos-EPIC-long-8000,F4,prefill_common,21,ff3,GPU,0,0.020918369324948165,0.02099338283879432,7.501351384615385e-05,0.010746000397653334
Fugue-asplos-EPIC-long-8000,F4,prefill_common,21,comm_g2g,GPU,0,0.02099338283879432,0.02099338283879432,0.0,1.58466048e-05
Fugue-asplos-EPIC-long-8000,F4,prefill_common,21,norm2,GPU,0,0.02099338283879432,0.021003645734488832,1.0262895694510737e-05,0.00014902284288000002
Fugue-asplos-EPIC-long-8000,F4,prefill_common,22,qkv,GPU,0,0.021003645734488832,0.021088035937565756,8.439020307692309e-05,0.011611110113279999
Fugue-asplos-EPIC-long-8000,F4,prefill_attention,22,attention_service,PIM,0,0.021088035937565756,0.021686702255842606,0.00059866631827685,0.0175967791090176
Fugue-asplos-EPIC-long-8000,F4,prefill_common,22,proj,GPU,0,0.021686702255842606,0.021714832323534914,2.8130067692307695e-05,0.00406060531712
Fugue-asplos-EPIC-long-8000,F4,prefill_common,22,comm_g2g,GPU,0,0.021714832323534914,0.021714832323534914,0.0,1.58466048e-05
Fugue-asplos-EPIC-long-8000,F4,prefill_common,22,norm1,GPU,0,0.021714832323534914,0.021725095219229426,1.0262895694510737e-05,0.00014902284288000002
Fugue-asplos-EPIC-long-8000,F4,prefill_common,22,ff1,GPU,0,0.021725095219229426,0.02179367900331734,6.858378408791209e-05,0.010571931538773333
Fugue-asplos-EPIC-long-8000,F4,prefill_common,22,ff2,GPU,0,0.02179367900331734,0.021862262787405252,6.858378408791209e-05,0.010571931538773333
Fugue-asplos-EPIC-long-8000,F4,prefill_common,22,glu,GPU,0,0.021862262787405252,0.021873080494697664,1.0817707292410499e-05,0.00039869448192
Fugue-asplos-EPIC-long-8000,F4,prefill_common,22,ff3,GPU,0,0.021873080494697664,0.02194809400854382,7.501351384615385e-05,0.010746000397653334
Fugue-asplos-EPIC-long-8000,F4,prefill_common,22,comm_g2g,GPU,0,0.02194809400854382,0.02194809400854382,0.0,1.58466048e-05
Fugue-asplos-EPIC-long-8000,F4,prefill_common,22,norm2,GPU,0,0.02194809400854382,0.021958356904238332,1.0262895694510737e-05,0.00014902284288000002
Fugue-asplos-EPIC-long-8000,F4,prefill_common,23,qkv,GPU,0,0.021958356904238332,0.022042747107315255,8.439020307692309e-05,0.011611110113279999
Fugue-asplos-EPIC-long-8000,F4,prefill_attention,23,attention_service,PIM,0,0.022042747107315255,0.022641413425592106,0.00059866631827685,0.0175967791090176
Fugue-asplos-EPIC-long-8000,F4,prefill_common,23,proj,GPU,0,0.022641413425592106,0.022669543493284414,2.8130067692307695e-05,0.00406060531712
Fugue-asplos-EPIC-long-8000,F4,prefill_common,23,comm_g2g,GPU,0,0.022669543493284414,0.022669543493284414,0.0,1.58466048e-05
Fugue-asplos-EPIC-long-8000,F4,prefill_common,23,norm1,GPU,0,0.022669543493284414,0.022679806388978926,1.0262895694510737e-05,0.00014902284288000002
Fugue-asplos-EPIC-long-8000,F4,prefill_common,23,ff1,GPU,0,0.022679806388978926,0.02274839017306684,6.858378408791209e-05,0.010571931538773333
Fugue-asplos-EPIC-long-8000,F4,prefill_common,23,ff2,GPU,0,0.02274839017306684,0.022816973957154752,6.858378408791209e-05,0.010571931538773333
Fugue-asplos-EPIC-long-8000,F4,prefill_common,23,glu,GPU,0,0.022816973957154752,0.022827791664447164,1.0817707292410499e-05,0.00039869448192
Fugue-asplos-EPIC-long-8000,F4,prefill_common,23,ff3,GPU,0,0.022827791664447164,0.02290280517829332,7.501351384615385e-05,0.010746000397653334
Fugue-asplos-EPIC-long-8000,F4,prefill_common,23,comm_g2g,GPU,0,0.02290280517829332,0.02290280517829332,0.0,1.58466048e-05
Fugue-asplos-EPIC-long-8000,F4,prefill_common,23,norm2,GPU,0,0.02290280517829332,0.02291306807398783,1.0262895694510737e-05,0.00014902284288000002
Fugue-asplos-EPIC-long-8000,F4,prefill_common,24,qkv,GPU,0,0.02291306807398783,0.022997458277064755,8.439020307692309e-05,0.011611110113279999
Fugue-asplos-EPIC-long-8000,F4,prefill_attention,24,attention_service,PIM,0,0.022997458277064755,0.023596124595341605,0.00059866631827685,0.0175967791090176
Fugue-asplos-EPIC-long-8000,F4,prefill_common,24,proj,GPU,0,0.023596124595341605,0.023624254663033913,2.8130067692307695e-05,0.00406060531712
Fugue-asplos-EPIC-long-8000,F4,prefill_common,24,comm_g2g,GPU,0,0.023624254663033913,0.023624254663033913,0.0,1.58466048e-05
Fugue-asplos-EPIC-long-8000,F4,prefill_common,24,norm1,GPU,0,0.023624254663033913,0.023634517558728425,1.0262895694510737e-05,0.00014902284288000002
Fugue-asplos-EPIC-long-8000,F4,prefill_common,24,ff1,GPU,0,0.023634517558728425,0.02370310134281634,6.858378408791209e-05,0.010571931538773333
Fugue-asplos-EPIC-long-8000,F4,prefill_common,24,ff2,GPU,0,0.02370310134281634,0.02377168512690425,6.858378408791209e-05,0.010571931538773333
Fugue-asplos-EPIC-long-8000,F4,prefill_common,24,glu,GPU,0,0.02377168512690425,0.023782502834196664,1.0817707292410499e-05,0.00039869448192
Fugue-asplos-EPIC-long-8000,F4,prefill_common,24,ff3,GPU,0,0.023782502834196664,0.02385751634804282,7.501351384615385e-05,0.010746000397653334
Fugue-asplos-EPIC-long-8000,F4,prefill_common,24,comm_g2g,GPU,0,0.02385751634804282,0.02385751634804282,0.0,1.58466048e-05
Fugue-asplos-EPIC-long-8000,F4,prefill_common,24,norm2,GPU,0,0.02385751634804282,0.02386777924373733,1.0262895694510737e-05,0.00014902284288000002
Fugue-asplos-EPIC-long-8000,F4,prefill_common,25,qkv,GPU,0,0.02386777924373733,0.023952169446814255,8.439020307692309e-05,0.011611110113279999
Fugue-asplos-EPIC-long-8000,F4,prefill_attention,25,attention_service,PIM,0,0.023952169446814255,0.024550835765091105,0.00059866631827685,0.0175967791090176
Fugue-asplos-EPIC-long-8000,F4,prefill_common,25,proj,GPU,0,0.024550835765091105,0.024578965832783413,2.8130067692307695e-05,0.00406060531712
Fugue-asplos-EPIC-long-8000,F4,prefill_common,25,comm_g2g,GPU,0,0.024578965832783413,0.024578965832783413,0.0,1.58466048e-05
Fugue-asplos-EPIC-long-8000,F4,prefill_common,25,norm1,GPU,0,0.024578965832783413,0.024589228728477925,1.0262895694510737e-05,0.00014902284288000002
Fugue-asplos-EPIC-long-8000,F4,prefill_common,25,ff1,GPU,0,0.024589228728477925,0.024657812512565838,6.858378408791209e-05,0.010571931538773333
Fugue-asplos-EPIC-long-8000,F4,prefill_common,25,ff2,GPU,0,0.024657812512565838,0.02472639629665375,6.858378408791209e-05,0.010571931538773333
Fugue-asplos-EPIC-long-8000,F4,prefill_common,25,glu,GPU,0,0.02472639629665375,0.024737214003946163,1.0817707292410499e-05,0.00039869448192
Fugue-asplos-EPIC-long-8000,F4,prefill_common,25,ff3,GPU,0,0.024737214003946163,0.02481222751779232,7.501351384615385e-05,0.010746000397653334
Fugue-asplos-EPIC-long-8000,F4,prefill_common,25,comm_g2g,GPU,0,0.02481222751779232,0.02481222751779232,0.0,1.58466048e-05
Fugue-asplos-EPIC-long-8000,F4,prefill_common,25,norm2,GPU,0,0.02481222751779232,0.02482249041348683,1.0262895694510737e-05,0.00014902284288000002
Fugue-asplos-EPIC-long-8000,F4,prefill_common,26,qkv,GPU,0,0.02482249041348683,0.024906880616563754,8.439020307692309e-05,0.011611110113279999
Fugue-asplos-EPIC-long-8000,F4,prefill_attention,26,attention_service,PIM,0,0.024906880616563754,0.025505546934840605,0.00059866631827685,0.0175967791090176
Fugue-asplos-EPIC-long-8000,F4,prefill_common,26,proj,GPU,0,0.025505546934840605,0.025533677002532913,2.8130067692307695e-05,0.00406060531712
Fugue-asplos-EPIC-long-8000,F4,prefill_common,26,comm_g2g,GPU,0,0.025533677002532913,0.025533677002532913,0.0,1.58466048e-05
Fugue-asplos-EPIC-long-8000,F4,prefill_common,26,norm1,GPU,0,0.025533677002532913,0.025543939898227425,1.0262895694510737e-05,0.00014902284288000002
Fugue-asplos-EPIC-long-8000,F4,prefill_common,26,ff1,GPU,0,0.025543939898227425,0.025612523682315338,6.858378408791209e-05,0.010571931538773333
Fugue-asplos-EPIC-long-8000,F4,prefill_common,26,ff2,GPU,0,0.025612523682315338,0.02568110746640325,6.858378408791209e-05,0.010571931538773333
Fugue-asplos-EPIC-long-8000,F4,prefill_common,26,glu,GPU,0,0.02568110746640325,0.025691925173695663,1.0817707292410499e-05,0.00039869448192
Fugue-asplos-EPIC-long-8000,F4,prefill_common,26,ff3,GPU,0,0.025691925173695663,0.025766938687541818,7.501351384615385e-05,0.010746000397653334
Fugue-asplos-EPIC-long-8000,F4,prefill_common,26,comm_g2g,GPU,0,0.025766938687541818,0.025766938687541818,0.0,1.58466048e-05
Fugue-asplos-EPIC-long-8000,F4,prefill_common,26,norm2,GPU,0,0.025766938687541818,0.02577720158323633,1.0262895694510737e-05,0.00014902284288000002
Fugue-asplos-EPIC-long-8000,F4,prefill_common,27,qkv,GPU,0,0.02577720158323633,0.025861591786313254,8.439020307692309e-05,0.011611110113279999
Fugue-asplos-EPIC-long-8000,F4,prefill_attention,27,attention_service,PIM,0,0.025861591786313254,0.026460258104590104,0.00059866631827685,0.0175967791090176
Fugue-asplos-EPIC-long-8000,F4,prefill_common,27,proj,GPU,0,0.026460258104590104,0.026488388172282412,2.8130067692307695e-05,0.00406060531712
Fugue-asplos-EPIC-long-8000,F4,prefill_common,27,comm_g2g,GPU,0,0.026488388172282412,0.026488388172282412,0.0,1.58466048e-05
Fugue-asplos-EPIC-long-8000,F4,prefill_common,27,norm1,GPU,0,0.026488388172282412,0.026498651067976924,1.0262895694510737e-05,0.00014902284288000002
Fugue-asplos-EPIC-long-8000,F4,prefill_common,27,ff1,GPU,0,0.026498651067976924,0.026567234852064837,6.858378408791209e-05,0.010571931538773333
Fugue-asplos-EPIC-long-8000,F4,prefill_common,27,ff2,GPU,0,0.026567234852064837,0.02663581863615275,6.858378408791209e-05,0.010571931538773333
Fugue-asplos-EPIC-long-8000,F4,prefill_common,27,glu,GPU,0,0.02663581863615275,0.026646636343445163,1.0817707292410499e-05,0.00039869448192
Fugue-asplos-EPIC-long-8000,F4,prefill_common,27,ff3,GPU,0,0.026646636343445163,0.026721649857291318,7.501351384615385e-05,0.010746000397653334
Fugue-asplos-EPIC-long-8000,F4,prefill_common,27,comm_g2g,GPU,0,0.026721649857291318,0.026721649857291318,0.0,1.58466048e-05
Fugue-asplos-EPIC-long-8000,F4,prefill_common,27,norm2,GPU,0,0.026721649857291318,0.02673191275298583,1.0262895694510737e-05,0.00014902284288000002
Fugue-asplos-EPIC-long-8000,F4,prefill_common,28,qkv,GPU,0,0.02673191275298583,0.026816302956062753,8.439020307692309e-05,0.011611110113279999
Fugue-asplos-EPIC-long-8000,F4,prefill_attention,28,attention_service,PIM,0,0.026816302956062753,0.027414969274339604,0.00059866631827685,0.0175967791090176
Fugue-asplos-EPIC-long-8000,F4,prefill_common,28,proj,GPU,0,0.027414969274339604,0.027443099342031912,2.8130067692307695e-05,0.00406060531712
Fugue-asplos-EPIC-long-8000,F4,prefill_common,28,comm_g2g,GPU,0,0.027443099342031912,0.027443099342031912,0.0,1.58466048e-05
Fugue-asplos-EPIC-long-8000,F4,prefill_common,28,norm1,GPU,0,0.027443099342031912,0.027453362237726424,1.0262895694510737e-05,0.00014902284288000002
Fugue-asplos-EPIC-long-8000,F4,prefill_common,28,ff1,GPU,0,0.027453362237726424,0.027521946021814337,6.858378408791209e-05,0.010571931538773333
Fugue-asplos-EPIC-long-8000,F4,prefill_common,28,ff2,GPU,0,0.027521946021814337,0.02759052980590225,6.858378408791209e-05,0.010571931538773333
Fugue-asplos-EPIC-long-8000,F4,prefill_common,28,glu,GPU,0,0.02759052980590225,0.027601347513194662,1.0817707292410499e-05,0.00039869448192
Fugue-asplos-EPIC-long-8000,F4,prefill_common,28,ff3,GPU,0,0.027601347513194662,0.027676361027040818,7.501351384615385e-05,0.010746000397653334
Fugue-asplos-EPIC-long-8000,F4,prefill_common,28,comm_g2g,GPU,0,0.027676361027040818,0.027676361027040818,0.0,1.58466048e-05
Fugue-asplos-EPIC-long-8000,F4,prefill_common,28,norm2,GPU,0,0.027676361027040818,0.02768662392273533,1.0262895694510737e-05,0.00014902284288000002
Fugue-asplos-EPIC-long-8000,F4,prefill_common,29,qkv,GPU,0,0.02768662392273533,0.027771014125812253,8.439020307692309e-05,0.011611110113279999
Fugue-asplos-EPIC-long-8000,F4,prefill_attention,29,attention_service,PIM,0,0.027771014125812253,0.028369680444089104,0.00059866631827685,0.0175967791090176
Fugue-asplos-EPIC-long-8000,F4,prefill_common,29,proj,GPU,0,0.028369680444089104,0.02839781051178141,2.8130067692307695e-05,0.00406060531712
Fugue-asplos-EPIC-long-8000,F4,prefill_common,29,comm_g2g,GPU,0,0.02839781051178141,0.02839781051178141,0.0,1.58466048e-05
Fugue-asplos-EPIC-long-8000,F4,prefill_common,29,norm1,GPU,0,0.02839781051178141,0.028408073407475923,1.0262895694510737e-05,0.00014902284288000002
Fugue-asplos-EPIC-long-8000,F4,prefill_common,29,ff1,GPU,0,0.028408073407475923,0.028476657191563837,6.858378408791209e-05,0.010571931538773333
Fugue-asplos-EPIC-long-8000,F4,prefill_common,29,ff2,GPU,0,0.028476657191563837,0.02854524097565175,6.858378408791209e-05,0.010571931538773333
Fugue-asplos-EPIC-long-8000,F4,prefill_common,29,glu,GPU,0,0.02854524097565175,0.028556058682944162,1.0817707292410499e-05,0.00039869448192
Fugue-asplos-EPIC-long-8000,F4,prefill_common,29,ff3,GPU,0,0.028556058682944162,0.028631072196790317,7.501351384615385e-05,0.010746000397653334
Fugue-asplos-EPIC-long-8000,F4,prefill_common,29,comm_g2g,GPU,0,0.028631072196790317,0.028631072196790317,0.0,1.58466048e-05
Fugue-asplos-EPIC-long-8000,F4,prefill_common,29,norm2,GPU,0,0.028631072196790317,0.02864133509248483,1.0262895694510737e-05,0.00014902284288000002
Fugue-asplos-EPIC-long-8000,F4,prefill_common,30,qkv,GPU,0,0.02864133509248483,0.028725725295561753,8.439020307692309e-05,0.011611110113279999
Fugue-asplos-EPIC-long-8000,F4,prefill_attention,30,attention_service,PIM,0,0.028725725295561753,0.029324391613838603,0.00059866631827685,0.0175967791090176
Fugue-asplos-EPIC-long-8000,F4,prefill_common,30,proj,GPU,0,0.029324391613838603,0.02935252168153091,2.8130067692307695e-05,0.00406060531712
Fugue-asplos-EPIC-long-8000,F4,prefill_common,30,comm_g2g,GPU,0,0.02935252168153091,0.02935252168153091,0.0,1.58466048e-05
Fugue-asplos-EPIC-long-8000,F4,prefill_common,30,norm1,GPU,0,0.02935252168153091,0.029362784577225423,1.0262895694510737e-05,0.00014902284288000002
Fugue-asplos-EPIC-long-8000,F4,prefill_common,30,ff1,GPU,0,0.029362784577225423,0.029431368361313336,6.858378408791209e-05,0.010571931538773333
Fugue-asplos-EPIC-long-8000,F4,prefill_common,30,ff2,GPU,0,0.029431368361313336,0.02949995214540125,6.858378408791209e-05,0.010571931538773333
Fugue-asplos-EPIC-long-8000,F4,prefill_common,30,glu,GPU,0,0.02949995214540125,0.02951076985269366,1.0817707292410499e-05,0.00039869448192
Fugue-asplos-EPIC-long-8000,F4,prefill_common,30,ff3,GPU,0,0.02951076985269366,0.029585783366539817,7.501351384615385e-05,0.010746000397653334
Fugue-asplos-EPIC-long-8000,F4,prefill_common,30,comm_g2g,GPU,0,0.029585783366539817,0.029585783366539817,0.0,1.58466048e-05
Fugue-asplos-EPIC-long-8000,F4,prefill_common,30,norm2,GPU,0,0.029585783366539817,0.02959604626223433,1.0262895694510737e-05,0.00014902284288000002
Fugue-asplos-EPIC-long-8000,F4,prefill_common,31,qkv,GPU,0,0.02959604626223433,0.029680436465311252,8.439020307692309e-05,0.011611110113279999
Fugue-asplos-EPIC-long-8000,F4,prefill_attention,31,attention_service,PIM,0,0.029680436465311252,0.030279102783588103,0.00059866631827685,0.0175967791090176
Fugue-asplos-EPIC-long-8000,F4,prefill_common,31,proj,GPU,0,0.030279102783588103,0.03030723285128041,2.8130067692307695e-05,0.00406060531712
Fugue-asplos-EPIC-long-8000,F4,prefill_common,31,comm_g2g,GPU,0,0.03030723285128041,0.03030723285128041,0.0,1.58466048e-05
Fugue-asplos-EPIC-long-8000,F4,prefill_common,31,norm1,GPU,0,0.03030723285128041,0.030317495746974923,1.0262895694510737e-05,0.00014902284288000002
Fugue-asplos-EPIC-long-8000,F4,prefill_common,31,ff1,GPU,0,0.030317495746974923,0.030386079531062836,6.858378408791209e-05,0.010571931538773333
Fugue-asplos-EPIC-long-8000,F4,prefill_common,31,ff2,GPU,0,0.030386079531062836,0.03045466331515075,6.858378408791209e-05,0.010571931538773333
Fugue-asplos-EPIC-long-8000,F4,prefill_common,31,glu,GPU,0,0.03045466331515075,0.03046548102244316,1.0817707292410499e-05,0.00039869448192
Fugue-asplos-EPIC-long-8000,F4,prefill_common,31,ff3,GPU,0,0.03046548102244316,0.030540494536289316,7.501351384615385e-05,0.010746000397653334
Fugue-asplos-EPIC-long-8000,F4,prefill_common,31,comm_g2g,GPU,0,0.030540494536289316,0.030540494536289316,0.0,1.58466048e-05
Fugue-asplos-EPIC-long-8000,F4,prefill_common,31,norm2,GPU,0,0.030540494536289316,0.03055075743198383,1.0262895694510737e-05,0.00014902284288000002
Fugue-asplos-EPIC-long-8000,F4,decode,all,native_transformer,GPU+PIM,1,0.03055075743198383,0.0363789166844848,0.005828159252500972,0.44671109609717746
Fugue-asplos-EPIC-long-8000,F4,decode,all,native_transformer,GPU+PIM,2,0.0363789166844848,0.04220707593698577,0.005828159252500972,0.44671113887334385
Fugue-asplos-EPIC-long-8000,F4,decode,all,native_transformer,GPU+PIM,3,0.04220707593698577,0.04803523518948674,0.005828159252500972,0.4467111816495103
Fugue-asplos-EPIC-long-8000,F4,decode,all,native_transformer,GPU+PIM,4,0.04803523518948674,0.05386339444198771,0.005828159252500972,0.4467112244256767
Fugue-asplos-EPIC-long-8000,F4,decode,all,native_transformer,GPU+PIM,5,0.05386339444198771,0.05969155369448868,0.005828159252500972,0.44671126720184307
Fugue-asplos-EPIC-long-8000,F4,decode,all,native_transformer,GPU+PIM,6,0.05969155369448868,0.06551971294698966,0.005828159252500972,0.4467113099780095
Fugue-asplos-EPIC-long-8000,F4,decode,all,native_transformer,GPU+PIM,7,0.06551971294698966,0.07134787219949064,0.005828159252500972,0.4467113527541759
Fugue-asplos-EPIC-long-8000,F4,decode,all,native_transformer,GPU+PIM,8,0.07134787219949064,0.07717603145199162,0.005828159252500972,0.4467113955303423
Fugue-asplos-EPIC-long-8000,F4,decode,all,native_transformer,GPU+PIM,9,0.07717603145199162,0.0830041907044926,0.005828159252500972,0.4467114383065087
Fugue-asplos-EPIC-long-8000,F4,decode,all,native_transformer,GPU+PIM,10,0.0830041907044926,0.08883234995699357,0.005828159252500972,0.4467114810826751
Fugue-asplos-EPIC-long-8000,F4,decode,all,native_transformer,GPU+PIM,11,0.08883234995699357,0.09466050920949455,0.005828159252500972,0.4467115238588415
Fugue-asplos-EPIC-long-8000,F4,decode,all,native_transformer,GPU+PIM,12,0.09466050920949455,0.10048866846199553,0.005828159252500972,0.4467115666350079
Fugue-asplos-EPIC-long-8000,F4,decode,all,native_transformer,GPU+PIM,13,0.10048866846199553,0.1063168277144965,0.005828159252500972,0.4467116094111743
Fugue-asplos-EPIC-long-8000,F4,decode,all,native_transformer,GPU+PIM,14,0.1063168277144965,0.11214498696699748,0.005828159252500972,0.4467116521873407
Fugue-asplos-EPIC-long-8000,F4,decode,all,native_transformer,GPU+PIM,15,0.11214498696699748,0.11797314621949846,0.005828159252500972,0.44671169496350704
Fugue-asplos-EPIC-long-16000,F1,prefill_common,0,qkv,GPU,0,0.0,0.00015698392615384616,0.00015698392615384616,0.01877791735808
Fugue-asplos-EPIC-long-16000,F1,prefill_attention,0,attention_service,GPU,0,0.00015698392615384616,0.0030859823370878734,0.002928998410934027,0.08690365187392
Fugue-asplos-EPIC-long-16000,F1,prefill_common,0,proj,GPU,0,0.0030859823370878734,0.003138310312472489,5.2327975384615384e-05,0.006502948536319999
Fugue-asplos-EPIC-long-16000,F1,prefill_common,0,comm_g2g,GPU,0,0.003138310312472489,0.003138310312472489,0.0,2.94780928e-05
Fugue-asplos-EPIC-long-16000,F1,prefill_common,0,norm1,GPU,0,0.003138310312472489,0.003151491828119267,1.3181515646778041e-05,0.00027721453568000005
Fugue-asplos-EPIC-long-16000,F1,prefill_common,0,ff1,GPU,0,0.003151491828119267,0.0032790724157236626,0.0001275805876043956,0.016864331257173334
Fugue-asplos-EPIC-long-16000,F1,prefill_common,0,ff2,GPU,0,0.0032790724157236626,0.0034066530033280583,0.0001275805876043956,0.016864331257173334
Fugue-asplos-EPIC-long-16000,F1,prefill_common,0,glu,GPU,0,0.0034066530033280583,0.0034213702464049815,1.4717243076923078e-05,0.0007416574771199998
Fugue-asplos-EPIC-long-16000,F1,prefill_common,0,ff3,GPU,0,0.0034213702464049815,0.003560911514097289,0.0001395412676923077,0.01718813676885333
Fugue-asplos-EPIC-long-16000,F1,prefill_common,0,comm_g2g,GPU,0,0.003560911514097289,0.003560911514097289,0.0,2.94780928e-05
Fugue-asplos-EPIC-long-16000,F1,prefill_common,0,norm2,GPU,0,0.003560911514097289,0.003574093029744067,1.3181515646778041e-05,0.00027721453568000005
Fugue-asplos-EPIC-long-16000,F1,prefill_common,1,qkv,GPU,0,0.003574093029744067,0.003731076955897913,0.00015698392615384616,0.01877791735808
Fugue-asplos-EPIC-long-16000,F1,prefill_attention,1,attention_service,GPU,0,0.003731076955897913,0.00666007536683194,0.002928998410934027,0.08690365187392
Fugue-asplos-EPIC-long-16000,F1,prefill_common,1,proj,GPU,0,0.00666007536683194,0.006712403342216556,5.2327975384615384e-05,0.006502948536319999
Fugue-asplos-EPIC-long-16000,F1,prefill_common,1,comm_g2g,GPU,0,0.006712403342216556,0.006712403342216556,0.0,2.94780928e-05
Fugue-asplos-EPIC-long-16000,F1,prefill_common,1,norm1,GPU,0,0.006712403342216556,0.006725584857863334,1.3181515646778041e-05,0.00027721453568000005
Fugue-asplos-EPIC-long-16000,F1,prefill_common,1,ff1,GPU,0,0.006725584857863334,0.006853165445467729,0.0001275805876043956,0.016864331257173334
Fugue-asplos-EPIC-long-16000,F1,prefill_common,1,ff2,GPU,0,0.006853165445467729,0.006980746033072124,0.0001275805876043956,0.016864331257173334
Fugue-asplos-EPIC-long-16000,F1,prefill_common,1,glu,GPU,0,0.006980746033072124,0.006995463276149048,1.4717243076923078e-05,0.0007416574771199998
Fugue-asplos-EPIC-long-16000,F1,prefill_common,1,ff3,GPU,0,0.006995463276149048,0.007135004543841355,0.0001395412676923077,0.01718813676885333
Fugue-asplos-EPIC-long-16000,F1,prefill_common,1,comm_g2g,GPU,0,0.007135004543841355,0.007135004543841355,0.0,2.94780928e-05
Fugue-asplos-EPIC-long-16000,F1,prefill_common,1,norm2,GPU,0,0.007135004543841355,0.007148186059488133,1.3181515646778041e-05,0.00027721453568000005
Fugue-asplos-EPIC-long-16000,F1,prefill_common,2,qkv,GPU,0,0.007148186059488133,0.007305169985641979,0.00015698392615384616,0.01877791735808
Fugue-asplos-EPIC-long-16000,F1,prefill_attention,2,attention_service,GPU,0,0.007305169985641979,0.010234168396576006,0.002928998410934027,0.08690365187392
Fugue-asplos-EPIC-long-16000,F1,prefill_common,2,proj,GPU,0,0.010234168396576006,0.010286496371960621,5.2327975384615384e-05,0.006502948536319999
Fugue-asplos-EPIC-long-16000,F1,prefill_common,2,comm_g2g,GPU,0,0.010286496371960621,0.010286496371960621,0.0,2.94780928e-05
Fugue-asplos-EPIC-long-16000,F1,prefill_common,2,norm1,GPU,0,0.010286496371960621,0.0102996778876074,1.3181515646778041e-05,0.00027721453568000005
Fugue-asplos-EPIC-long-16000,F1,prefill_common,2,ff1,GPU,0,0.0102996778876074,0.010427258475211795,0.0001275805876043956,0.016864331257173334
Fugue-asplos-EPIC-long-16000,F1,prefill_common,2,ff2,GPU,0,0.010427258475211795,0.010554839062816191,0.0001275805876043956,0.016864331257173334
Fugue-asplos-EPIC-long-16000,F1,prefill_common,2,glu,GPU,0,0.010554839062816191,0.010569556305893114,1.4717243076923078e-05,0.0007416574771199998
Fugue-asplos-EPIC-long-16000,F1,prefill_common,2,ff3,GPU,0,0.010569556305893114,0.010709097573585421,0.0001395412676923077,0.01718813676885333
Fugue-asplos-EPIC-long-16000,F1,prefill_common,2,comm_g2g,GPU,0,0.010709097573585421,0.010709097573585421,0.0,2.94780928e-05
Fugue-asplos-EPIC-long-16000,F1,prefill_common,2,norm2,GPU,0,0.010709097573585421,0.0107222790892322,1.3181515646778041e-05,0.00027721453568000005
Fugue-asplos-EPIC-long-16000,F1,prefill_common,3,qkv,GPU,0,0.0107222790892322,0.010879263015386045,0.00015698392615384616,0.01877791735808
Fugue-asplos-EPIC-long-16000,F1,prefill_attention,3,attention_service,GPU,0,0.010879263015386045,0.013808261426320072,0.002928998410934027,0.08690365187392
Fugue-asplos-EPIC-long-16000,F1,prefill_common,3,proj,GPU,0,0.013808261426320072,0.013860589401704686,5.2327975384615384e-05,0.006502948536319999
Fugue-asplos-EPIC-long-16000,F1,prefill_common,3,comm_g2g,GPU,0,0.013860589401704686,0.013860589401704686,0.0,2.94780928e-05
Fugue-asplos-EPIC-long-16000,F1,prefill_common,3,norm1,GPU,0,0.013860589401704686,0.013873770917351464,1.3181515646778041e-05,0.00027721453568000005
Fugue-asplos-EPIC-long-16000,F1,prefill_common,3,ff1,GPU,0,0.013873770917351464,0.01400135150495586,0.0001275805876043956,0.016864331257173334
Fugue-asplos-EPIC-long-16000,F1,prefill_common,3,ff2,GPU,0,0.01400135150495586,0.014128932092560257,0.0001275805876043956,0.016864331257173334
Fugue-asplos-EPIC-long-16000,F1,prefill_common,3,glu,GPU,0,0.014128932092560257,0.014143649335637179,1.4717243076923078e-05,0.0007416574771199998
Fugue-asplos-EPIC-long-16000,F1,prefill_common,3,ff3,GPU,0,0.014143649335637179,0.014283190603329486,0.0001395412676923077,0.01718813676885333
Fugue-asplos-EPIC-long-16000,F1,prefill_common,3,comm_g2g,GPU,0,0.014283190603329486,0.014283190603329486,0.0,2.94780928e-05
Fugue-asplos-EPIC-long-16000,F1,prefill_common,3,norm2,GPU,0,0.014283190603329486,0.014296372118976265,1.3181515646778041e-05,0.00027721453568000005
Fugue-asplos-EPIC-long-16000,F1,prefill_common,4,qkv,GPU,0,0.014296372118976265,0.01445335604513011,0.00015698392615384616,0.01877791735808
Fugue-asplos-EPIC-long-16000,F1,prefill_attention,4,attention_service,GPU,0,0.01445335604513011,0.017382354456064137,0.002928998410934027,0.08690365187392
Fugue-asplos-EPIC-long-16000,F1,prefill_common,4,proj,GPU,0,0.017382354456064137,0.01743468243144875,5.2327975384615384e-05,0.006502948536319999
Fugue-asplos-EPIC-long-16000,F1,prefill_common,4,comm_g2g,GPU,0,0.01743468243144875,0.01743468243144875,0.0,2.94780928e-05
Fugue-asplos-EPIC-long-16000,F1,prefill_common,4,norm1,GPU,0,0.01743468243144875,0.01744786394709553,1.3181515646778041e-05,0.00027721453568000005
Fugue-asplos-EPIC-long-16000,F1,prefill_common,4,ff1,GPU,0,0.01744786394709553,0.017575444534699926,0.0001275805876043956,0.016864331257173334
Fugue-asplos-EPIC-long-16000,F1,prefill_common,4,ff2,GPU,0,0.017575444534699926,0.01770302512230432,0.0001275805876043956,0.016864331257173334
Fugue-asplos-EPIC-long-16000,F1,prefill_common,4,glu,GPU,0,0.01770302512230432,0.017717742365381244,1.4717243076923078e-05,0.0007416574771199998
Fugue-asplos-EPIC-long-16000,F1,prefill_common,4,ff3,GPU,0,0.017717742365381244,0.017857283633073553,0.0001395412676923077,0.01718813676885333
Fugue-asplos-EPIC-long-16000,F1,prefill_common,4,comm_g2g,GPU,0,0.017857283633073553,0.017857283633073553,0.0,2.94780928e-05
Fugue-asplos-EPIC-long-16000,F1,prefill_common,4,norm2,GPU,0,0.017857283633073553,0.017870465148720333,1.3181515646778041e-05,0.00027721453568000005
Fugue-asplos-EPIC-long-16000,F1,prefill_common,5,qkv,GPU,0,0.017870465148720333,0.01802744907487418,0.00015698392615384616,0.01877791735808
Fugue-asplos-EPIC-long-16000,F1,prefill_attention,5,attention_service,GPU,0,0.01802744907487418,0.02095644748580821,0.002928998410934027,0.08690365187392
Fugue-asplos-EPIC-long-16000,F1,prefill_common,5,proj,GPU,0,0.02095644748580821,0.021008775461192824,5.2327975384615384e-05,0.006502948536319999
Fugue-asplos-EPIC-long-16000,F1,prefill_common,5,comm_g2g,GPU,0,0.021008775461192824,0.021008775461192824,0.0,2.94780928e-05
Fugue-asplos-EPIC-long-16000,F1,prefill_common,5,norm1,GPU,0,0.021008775461192824,0.021021956976839604,1.3181515646778041e-05,0.00027721453568000005
Fugue-asplos-EPIC-long-16000,F1,prefill_common,5,ff1,GPU,0,0.021021956976839604,0.021149537564443998,0.0001275805876043956,0.016864331257173334
Fugue-asplos-EPIC-long-16000,F1,prefill_common,5,ff2,GPU,0,0.021149537564443998,0.021277118152048392,0.0001275805876043956,0.016864331257173334
Fugue-asplos-EPIC-long-16000,F1,prefill_common,5,glu,GPU,0,0.021277118152048392,0.021291835395125316,1.4717243076923078e-05,0.0007416574771199998
Fugue-asplos-EPIC-long-16000,F1,prefill_common,5,ff3,GPU,0,0.021291835395125316,0.021431376662817626,0.0001395412676923077,0.01718813676885333
Fugue-asplos-EPIC-long-16000,F1,prefill_common,5,comm_g2g,GPU,0,0.021431376662817626,0.021431376662817626,0.0,2.94780928e-05
Fugue-asplos-EPIC-long-16000,F1,prefill_common,5,norm2,GPU,0,0.021431376662817626,0.021444558178464405,1.3181515646778041e-05,0.00027721453568000005
Fugue-asplos-EPIC-long-16000,F1,prefill_common,6,qkv,GPU,0,0.021444558178464405,0.021601542104618253,0.00015698392615384616,0.01877791735808
Fugue-asplos-EPIC-long-16000,F1,prefill_attention,6,attention_service,GPU,0,0.021601542104618253,0.02453054051555228,0.002928998410934027,0.08690365187392
Fugue-asplos-EPIC-long-16000,F1,prefill_common,6,proj,GPU,0,0.02453054051555228,0.024582868490936896,5.2327975384615384e-05,0.006502948536319999
Fugue-asplos-EPIC-long-16000,F1,prefill_common,6,comm_g2g,GPU,0,0.024582868490936896,0.024582868490936896,0.0,2.94780928e-05
Fugue-asplos-EPIC-long-16000,F1,prefill_common,6,norm1,GPU,0,0.024582868490936896,0.024596050006583676,1.3181515646778041e-05,0.00027721453568000005
Fugue-asplos-EPIC-long-16000,F1,prefill_common,6,ff1,GPU,0,0.024596050006583676,0.02472363059418807,0.0001275805876043956,0.016864331257173334
Fugue-asplos-EPIC-long-16000,F1,prefill_common,6,ff2,GPU,0,0.02472363059418807,0.024851211181792465,0.0001275805876043956,0.016864331257173334
Fugue-asplos-EPIC-long-16000,F1,prefill_common,6,glu,GPU,0,0.024851211181792465,0.02486592842486939,1.4717243076923078e-05,0.0007416574771199998
Fugue-asplos-EPIC-long-16000,F1,prefill_common,6,ff3,GPU,0,0.02486592842486939,0.025005469692561698,0.0001395412676923077,0.01718813676885333
Fugue-asplos-EPIC-long-16000,F1,prefill_common,6,comm_g2g,GPU,0,0.025005469692561698,0.025005469692561698,0.0,2.94780928e-05
Fugue-asplos-EPIC-long-16000,F1,prefill_common,6,norm2,GPU,0,0.025005469692561698,0.025018651208208478,1.3181515646778041e-05,0.00027721453568000005
Fugue-asplos-EPIC-long-16000,F1,prefill_common,7,qkv,GPU,0,0.025018651208208478,0.025175635134362325,0.00015698392615384616,0.01877791735808
Fugue-asplos-EPIC-long-16000,F1,prefill_attention,7,attention_service,GPU,0,0.025175635134362325,0.028104633545296354,0.002928998410934027,0.08690365187392
Fugue-asplos-EPIC-long-16000,F1,prefill_common,7,proj,GPU,0,0.028104633545296354,0.02815696152068097,5.2327975384615384e-05,0.006502948536319999
Fugue-asplos-EPIC-long-16000,F1,prefill_common,7,comm_g2g,GPU,0,0.02815696152068097,0.02815696152068097,0.0,2.94780928e-05
Fugue-asplos-EPIC-long-16000,F1,prefill_common,7,norm1,GPU,0,0.02815696152068097,0.028170143036327748,1.3181515646778041e-05,0.00027721453568000005
Fugue-asplos-EPIC-long-16000,F1,prefill_common,7,ff1,GPU,0,0.028170143036327748,0.028297723623932142,0.0001275805876043956,0.016864331257173334
Fugue-asplos-EPIC-long-16000,F1,prefill_common,7,ff2,GPU,0,0.028297723623932142,0.028425304211536537,0.0001275805876043956,0.016864331257173334
Fugue-asplos-EPIC-long-16000,F1,prefill_common,7,glu,GPU,0,0.028425304211536537,0.02844002145461346,1.4717243076923078e-05,0.0007416574771199998
Fugue-asplos-EPIC-long-16000,F1,prefill_common,7,ff3,GPU,0,0.02844002145461346,0.02857956272230577,0.0001395412676923077,0.01718813676885333
Fugue-asplos-EPIC-long-16000,F1,prefill_common,7,comm_g2g,GPU,0,0.02857956272230577,0.02857956272230577,0.0,2.94780928e-05
Fugue-asplos-EPIC-long-16000,F1,prefill_common,7,norm2,GPU,0,0.02857956272230577,0.02859274423795255,1.3181515646778041e-05,0.00027721453568000005
Fugue-asplos-EPIC-long-16000,F1,prefill_common,8,qkv,GPU,0,0.02859274423795255,0.028749728164106397,0.00015698392615384616,0.01877791735808
Fugue-asplos-EPIC-long-16000,F1,prefill_attention,8,attention_service,GPU,0,0.028749728164106397,0.03167872657504042,0.002928998410934027,0.08690365187392
Fugue-asplos-EPIC-long-16000,F1,prefill_common,8,proj,GPU,0,0.03167872657504042,0.03173105455042504,5.2327975384615384e-05,0.006502948536319999
Fugue-asplos-EPIC-long-16000,F1,prefill_common,8,comm_g2g,GPU,0,0.03173105455042504,0.03173105455042504,0.0,2.94780928e-05
Fugue-asplos-EPIC-long-16000,F1,prefill_common,8,norm1,GPU,0,0.03173105455042504,0.03174423606607182,1.3181515646778041e-05,0.00027721453568000005
Fugue-asplos-EPIC-long-16000,F1,prefill_common,8,ff1,GPU,0,0.03174423606607182,0.031871816653676215,0.0001275805876043956,0.016864331257173334
Fugue-asplos-EPIC-long-16000,F1,prefill_common,8,ff2,GPU,0,0.031871816653676215,0.03199939724128061,0.0001275805876043956,0.016864331257173334
Fugue-asplos-EPIC-long-16000,F1,prefill_common,8,glu,GPU,0,0.03199939724128061,0.032014114484357536,1.4717243076923078e-05,0.0007416574771199998
Fugue-asplos-EPIC-long-16000,F1,prefill_common,8,ff3,GPU,0,0.032014114484357536,0.03215365575204984,0.0001395412676923077,0.01718813676885333
Fugue-asplos-EPIC-long-16000,F1,prefill_common,8,comm_g2g,GPU,0,0.03215365575204984,0.03215365575204984,0.0,2.94780928e-05
Fugue-asplos-EPIC-long-16000,F1,prefill_common,8,norm2,GPU,0,0.03215365575204984,0.03216683726769662,1.3181515646778041e-05,0.00027721453568000005
Fugue-asplos-EPIC-long-16000,F1,prefill_common,9,qkv,GPU,0,0.03216683726769662,0.032323821193850466,0.00015698392615384616,0.01877791735808
Fugue-asplos-EPIC-long-16000,F1,prefill_attention,9,attention_service,GPU,0,0.032323821193850466,0.03525281960478449,0.002928998410934027,0.08690365187392
Fugue-asplos-EPIC-long-16000,F1,prefill_common,9,proj,GPU,0,0.03525281960478449,0.03530514758016911,5.2327975384615384e-05,0.006502948536319999
Fugue-asplos-EPIC-long-16000,F1,prefill_common,9,comm_g2g,GPU,0,0.03530514758016911,0.03530514758016911,0.0,2.94780928e-05
Fugue-asplos-EPIC-long-16000,F1,prefill_common,9,norm1,GPU,0,0.03530514758016911,0.035318329095815885,1.3181515646778041e-05,0.00027721453568000005
Fugue-asplos-EPIC-long-16000,F1,prefill_common,9,ff1,GPU,0,0.035318329095815885,0.03544590968342028,0.0001275805876043956,0.016864331257173334
Fugue-asplos-EPIC-long-16000,F1,prefill_common,9,ff2,GPU,0,0.03544590968342028,0.03557349027102468,0.0001275805876043956,0.016864331257173334
Fugue-asplos-EPIC-long-16000,F1,prefill_common,9,glu,GPU,0,0.03557349027102468,0.035588207514101605,1.4717243076923078e-05,0.0007416574771199998
Fugue-asplos-EPIC-long-16000,F1,prefill_common,9,ff3,GPU,0,0.035588207514101605,0.03572774878179391,0.0001395412676923077,0.01718813676885333
Fugue-asplos-EPIC-long-16000,F1,prefill_common,9,comm_g2g,GPU,0,0.03572774878179391,0.03572774878179391,0.0,2.94780928e-05
Fugue-asplos-EPIC-long-16000,F1,prefill_common,9,norm2,GPU,0,0.03572774878179391,0.03574093029744069,1.3181515646778041e-05,0.00027721453568000005
Fugue-asplos-EPIC-long-16000,F1,prefill_common,10,qkv,GPU,0,0.03574093029744069,0.035897914223594535,0.00015698392615384616,0.01877791735808
Fugue-asplos-EPIC-long-16000,F1,prefill_attention,10,attention_service,GPU,0,0.035897914223594535,0.03882691263452856,0.002928998410934027,0.08690365187392
Fugue-asplos-EPIC-long-16000,F1,prefill_common,10,proj,GPU,0,0.03882691263452856,0.03887924060991318,5.2327975384615384e-05,0.006502948536319999
Fugue-asplos-EPIC-long-16000,F1,prefill_common,10,comm_g2g,GPU,0,0.03887924060991318,0.03887924060991318,0.0,2.94780928e-05
Fugue-asplos-EPIC-long-16000,F1,prefill_common,10,norm1,GPU,0,0.03887924060991318,0.038892422125559954,1.3181515646778041e-05,0.00027721453568000005
Fugue-asplos-EPIC-long-16000,F1,prefill_common,10,ff1,GPU,0,0.038892422125559954,0.03902000271316435,0.0001275805876043956,0.016864331257173334
Fugue-asplos-EPIC-long-16000,F1,prefill_common,10,ff2,GPU,0,0.03902000271316435,0.03914758330076875,0.0001275805876043956,0.016864331257173334
Fugue-asplos-EPIC-long-16000,F1,prefill_common,10,glu,GPU,0,0.03914758330076875,0.039162300543845674,1.4717243076923078e-05,0.0007416574771199998
Fugue-asplos-EPIC-long-16000,F1,prefill_common,10,ff3,GPU,0,0.039162300543845674,0.03930184181153798,0.0001395412676923077,0.01718813676885333
Fugue-asplos-EPIC-long-16000,F1,prefill_common,10,comm_g2g,GPU,0,0.03930184181153798,0.03930184181153798,0.0,2.94780928e-05
Fugue-asplos-EPIC-long-16000,F1,prefill_common,10,norm2,GPU,0,0.03930184181153798,0.039315023327184756,1.3181515646778041e-05,0.00027721453568000005
Fugue-asplos-EPIC-long-16000,F1,prefill_common,11,qkv,GPU,0,0.039315023327184756,0.039472007253338603,0.00015698392615384616,0.01877791735808
Fugue-asplos-EPIC-long-16000,F1,prefill_attention,11,attention_service,GPU,0,0.039472007253338603,0.04240100566427263,0.002928998410934027,0.08690365187392
Fugue-asplos-EPIC-long-16000,F1,prefill_common,11,proj,GPU,0,0.04240100566427263,0.04245333363965725,5.2327975384615384e-05,0.006502948536319999
Fugue-asplos-EPIC-long-16000,F1,prefill_common,11,comm_g2g,GPU,0,0.04245333363965725,0.04245333363965725,0.0,2.94780928e-05
Fugue-asplos-EPIC-long-16000,F1,prefill_common,11,norm1,GPU,0,0.04245333363965725,0.04246651515530402,1.3181515646778041e-05,0.00027721453568000005
Fugue-asplos-EPIC-long-16000,F1,prefill_common,11,ff1,GPU,0,0.04246651515530402,0.04259409574290842,0.0001275805876043956,0.016864331257173334
Fugue-asplos-EPIC-long-16000,F1,prefill_common,11,ff2,GPU,0,0.04259409574290842,0.04272167633051282,0.0001275805876043956,0.016864331257173334
Fugue-asplos-EPIC-long-16000,F1,prefill_common,11,glu,GPU,0,0.04272167633051282,0.04273639357358974,1.4717243076923078e-05,0.0007416574771199998
Fugue-asplos-EPIC-long-16000,F1,prefill_common,11,ff3,GPU,0,0.04273639357358974,0.04287593484128205,0.0001395412676923077,0.01718813676885333
Fugue-asplos-EPIC-long-16000,F1,prefill_common,11,comm_g2g,GPU,0,0.04287593484128205,0.04287593484128205,0.0,2.94780928e-05
Fugue-asplos-EPIC-long-16000,F1,prefill_common,11,norm2,GPU,0,0.04287593484128205,0.042889116356928825,1.3181515646778041e-05,0.00027721453568000005
Fugue-asplos-EPIC-long-16000,F1,prefill_common,12,qkv,GPU,0,0.042889116356928825,0.04304610028308267,0.00015698392615384616,0.01877791735808
Fugue-asplos-EPIC-long-16000,F1,prefill_attention,12,attention_service,GPU,0,0.04304610028308267,0.0459750986940167,0.002928998410934027,0.08690365187392
Fugue-asplos-EPIC-long-16000,F1,prefill_common,12,proj,GPU,0,0.0459750986940167,0.046027426669401315,5.2327975384615384e-05,0.006502948536319999
Fugue-asplos-EPIC-long-16000,F1,prefill_common,12,comm_g2g,GPU,0,0.046027426669401315,0.046027426669401315,0.0,2.94780928e-05
Fugue-asplos-EPIC-long-16000,F1,prefill_common,12,norm1,GPU,0,0.046027426669401315,0.04604060818504809,1.3181515646778041e-05,0.00027721453568000005
Fugue-asplos-EPIC-long-16000,F1,prefill_common,12,ff1,GPU,0,0.04604060818504809,0.04616818877265249,0.0001275805876043956,0.016864331257173334
Fugue-asplos-EPIC-long-16000,F1,prefill_common,12,ff2,GPU,0,0.04616818877265249,0.04629576936025689,0.0001275805876043956,0.016864331257173334
Fugue-asplos-EPIC-long-16000,F1,prefill_common,12,glu,GPU,0,0.04629576936025689,0.04631048660333381,1.4717243076923078e-05,0.0007416574771199998
Fugue-asplos-EPIC-long-16000,F1,prefill_common,12,ff3,GPU,0,0.04631048660333381,0.04645002787102612,0.0001395412676923077,0.01718813676885333
Fugue-asplos-EPIC-long-16000,F1,prefill_common,12,comm_g2g,GPU,0,0.04645002787102612,0.04645002787102612,0.0,2.94780928e-05
Fugue-asplos-EPIC-long-16000,F1,prefill_common,12,norm2,GPU,0,0.04645002787102612,0.04646320938667289,1.3181515646778041e-05,0.00027721453568000005
Fugue-asplos-EPIC-long-16000,F1,prefill_common,13,qkv,GPU,0,0.04646320938667289,0.04662019331282674,0.00015698392615384616,0.01877791735808
Fugue-asplos-EPIC-long-16000,F1,prefill_attention,13,attention_service,GPU,0,0.04662019331282674,0.049549191723760766,0.002928998410934027,0.08690365187392
Fugue-asplos-EPIC-long-16000,F1,prefill_common,13,proj,GPU,0,0.049549191723760766,0.049601519699145384,5.2327975384615384e-05,0.006502948536319999
Fugue-asplos-EPIC-long-16000,F1,prefill_common,13,comm_g2g,GPU,0,0.049601519699145384,0.049601519699145384,0.0,2.94780928e-05
Fugue-asplos-EPIC-long-16000,F1,prefill_common,13,norm1,GPU,0,0.049601519699145384,0.04961470121479216,1.3181515646778041e-05,0.00027721453568000005
Fugue-asplos-EPIC-long-16000,F1,prefill_common,13,ff1,GPU,0,0.04961470121479216,0.04974228180239656,0.0001275805876043956,0.016864331257173334
Fugue-asplos-EPIC-long-16000,F1,prefill_common,13,ff2,GPU,0,0.04974228180239656,0.049869862390000956,0.0001275805876043956,0.016864331257173334
Fugue-asplos-EPIC-long-16000,F1,prefill_common,13,glu,GPU,0,0.049869862390000956,0.04988457963307788,1.4717243076923078e-05,0.0007416574771199998
Fugue-asplos-EPIC-long-16000,F1,prefill_common,13,ff3,GPU,0,0.04988457963307788,0.050024120900770186,0.0001395412676923077,0.01718813676885333
Fugue-asplos-EPIC-long-16000,F1,prefill_common,13,comm_g2g,GPU,0,0.050024120900770186,0.050024120900770186,0.0,2.94780928e-05
Fugue-asplos-EPIC-long-16000,F1,prefill_common,13,norm2,GPU,0,0.050024120900770186,0.05003730241641696,1.3181515646778041e-05,0.00027721453568000005
Fugue-asplos-EPIC-long-16000,F1,prefill_common,14,qkv,GPU,0,0.05003730241641696,0.05019428634257081,0.00015698392615384616,0.01877791735808
Fugue-asplos-EPIC-long-16000,F1,prefill_attention,14,attention_service,GPU,0,0.05019428634257081,0.053123284753504835,0.002928998410934027,0.08690365187392
Fugue-asplos-EPIC-long-16000,F1,prefill_common,14,proj,GPU,0,0.053123284753504835,0.05317561272888945,5.2327975384615384e-05,0.006502948536319999
Fugue-asplos-EPIC-long-16000,F1,prefill_common,14,comm_g2g,GPU,0,0.05317561272888945,0.05317561272888945,0.0,2.94780928e-05
Fugue-asplos-EPIC-long-16000,F1,prefill_common,14,norm1,GPU,0,0.05317561272888945,0.05318879424453623,1.3181515646778041e-05,0.00027721453568000005
Fugue-asplos-EPIC-long-16000,F1,prefill_common,14,ff1,GPU,0,0.05318879424453623,0.05331637483214063,0.0001275805876043956,0.016864331257173334
Fugue-asplos-EPIC-long-16000,F1,prefill_common,14,ff2,GPU,0,0.05331637483214063,0.053443955419745025,0.0001275805876043956,0.016864331257173334
Fugue-asplos-EPIC-long-16000,F1,prefill_common,14,glu,GPU,0,0.053443955419745025,0.05345867266282195,1.4717243076923078e-05,0.0007416574771199998
Fugue-asplos-EPIC-long-16000,F1,prefill_common,14,ff3,GPU,0,0.05345867266282195,0.053598213930514255,0.0001395412676923077,0.01718813676885333
Fugue-asplos-EPIC-long-16000,F1,prefill_common,14,comm_g2g,GPU,0,0.053598213930514255,0.053598213930514255,0.0,2.94780928e-05
Fugue-asplos-EPIC-long-16000,F1,prefill_common,14,norm2,GPU,0,0.053598213930514255,0.05361139544616103,1.3181515646778041e-05,0.00027721453568000005
Fugue-asplos-EPIC-long-16000,F1,prefill_common,15,qkv,GPU,0,0.05361139544616103,0.05376837937231488,0.00015698392615384616,0.01877791735808
Fugue-asplos-EPIC-long-16000,F1,prefill_attention,15,attention_service,GPU,0,0.05376837937231488,0.0566973777832489,0.002928998410934027,0.08690365187392
Fugue-asplos-EPIC-long-16000,F1,prefill_common,15,proj,GPU,0,0.0566973777832489,0.05674970575863352,5.2327975384615384e-05,0.006502948536319999
Fugue-asplos-EPIC-long-16000,F1,prefill_common,15,comm_g2g,GPU,0,0.05674970575863352,0.05674970575863352,0.0,2.94780928e-05
Fugue-asplos-EPIC-long-16000,F1,prefill_common,15,norm1,GPU,0,0.05674970575863352,0.0567628872742803,1.3181515646778041e-05,0.00027721453568000005
Fugue-asplos-EPIC-long-16000,F1,prefill_common,15,ff1,GPU,0,0.0567628872742803,0.056890467861884696,0.0001275805876043956,0.016864331257173334
Fugue-asplos-EPIC-long-16000,F1,prefill_common,15,ff2,GPU,0,0.056890467861884696,0.057018048449489094,0.0001275805876043956,0.016864331257173334
Fugue-asplos-EPIC-long-16000,F1,prefill_common,15,glu,GPU,0,0.057018048449489094,0.05703276569256602,1.4717243076923078e-05,0.0007416574771199998
Fugue-asplos-EPIC-long-16000,F1,prefill_common,15,ff3,GPU,0,0.05703276569256602,0.05717230696025832,0.0001395412676923077,0.01718813676885333
Fugue-asplos-EPIC-long-16000,F1,prefill_common,15,comm_g2g,GPU,0,0.05717230696025832,0.05717230696025832,0.0,2.94780928e-05
Fugue-asplos-EPIC-long-16000,F1,prefill_common,15,norm2,GPU,0,0.05717230696025832,0.0571854884759051,1.3181515646778041e-05,0.00027721453568000005
Fugue-asplos-EPIC-long-16000,F1,prefill_common,16,qkv,GPU,0,0.0571854884759051,0.05734247240205895,0.00015698392615384616,0.01877791735808
Fugue-asplos-EPIC-long-16000,F1,prefill_attention,16,attention_service,GPU,0,0.05734247240205895,0.06027147081299297,0.002928998410934027,0.08690365187392
Fugue-asplos-EPIC-long-16000,F1,prefill_common,16,proj,GPU,0,0.06027147081299297,0.06032379878837759,5.2327975384615384e-05,0.006502948536319999
Fugue-asplos-EPIC-long-16000,F1,prefill_common,16,comm_g2g,GPU,0,0.06032379878837759,0.06032379878837759,0.0,2.94780928e-05
Fugue-asplos-EPIC-long-16000,F1,prefill_common,16,norm1,GPU,0,0.06032379878837759,0.06033698030402437,1.3181515646778041e-05,0.00027721453568000005
Fugue-asplos-EPIC-long-16000,F1,prefill_common,16,ff1,GPU,0,0.06033698030402437,0.060464560891628764,0.0001275805876043956,0.016864331257173334
Fugue-asplos-EPIC-long-16000,F1,prefill_common,16,ff2,GPU,0,0.060464560891628764,0.06059214147923316,0.0001275805876043956,0.016864331257173334
Fugue-asplos-EPIC-long-16000,F1,prefill_common,16,glu,GPU,0,0.06059214147923316,0.060606858722310086,1.4717243076923078e-05,0.0007416574771199998
Fugue-asplos-EPIC-long-16000,F1,prefill_common,16,ff3,GPU,0,0.060606858722310086,0.06074639999000239,0.0001395412676923077,0.01718813676885333
Fugue-asplos-EPIC-long-16000,F1,prefill_common,16,comm_g2g,GPU,0,0.06074639999000239,0.06074639999000239,0.0,2.94780928e-05
Fugue-asplos-EPIC-long-16000,F1,prefill_common,16,norm2,GPU,0,0.06074639999000239,0.06075958150564917,1.3181515646778041e-05,0.00027721453568000005
Fugue-asplos-EPIC-long-16000,F1,prefill_common,17,qkv,GPU,0,0.06075958150564917,0.060916565431803016,0.00015698392615384616,0.01877791735808
Fugue-asplos-EPIC-long-16000,F1,prefill_attention,17,attention_service,GPU,0,0.060916565431803016,0.06384556384273704,0.002928998410934027,0.08690365187392
Fugue-asplos-EPIC-long-16000,F1,prefill_common,17,proj,GPU,0,0.06384556384273704,0.06389789181812165,5.2327975384615384e-05,0.006502948536319999
Fugue-asplos-EPIC-long-16000,F1,prefill_common,17,comm_g2g,GPU,0,0.06389789181812165,0.06389789181812165,0.0,2.94780928e-05
Fugue-asplos-EPIC-long-16000,F1,prefill_common,17,norm1,GPU,0,0.06389789181812165,0.06391107333376843,1.3181515646778041e-05,0.00027721453568000005
Fugue-asplos-EPIC-long-16000,F1,prefill_common,17,ff1,GPU,0,0.06391107333376843,0.06403865392137283,0.0001275805876043956,0.016864331257173334
Fugue-asplos-EPIC-long-16000,F1,prefill_common,17,ff2,GPU,0,0.06403865392137283,0.06416623450897722,0.0001275805876043956,0.016864331257173334
Fugue-asplos-EPIC-long-16000,F1,prefill_common,17,glu,GPU,0,0.06416623450897722,0.06418095175205414,1.4717243076923078e-05,0.0007416574771199998
Fugue-asplos-EPIC-long-16000,F1,prefill_common,17,ff3,GPU,0,0.06418095175205414,0.06432049301974645,0.0001395412676923077,0.01718813676885333
Fugue-asplos-EPIC-long-16000,F1,prefill_common,17,comm_g2g,GPU,0,0.06432049301974645,0.06432049301974645,0.0,2.94780928e-05
Fugue-asplos-EPIC-long-16000,F1,prefill_common,17,norm2,GPU,0,0.06432049301974645,0.06433367453539322,1.3181515646778041e-05,0.00027721453568000005
Fugue-asplos-EPIC-long-16000,F1,prefill_common,18,qkv,GPU,0,0.06433367453539322,0.06449065846154707,0.00015698392615384616,0.01877791735808
Fugue-asplos-EPIC-long-16000,F1,prefill_attention,18,attention_service,GPU,0,0.06449065846154707,0.0674196568724811,0.002928998410934027,0.08690365187392
Fugue-asplos-EPIC-long-16000,F1,prefill_common,18,proj,GPU,0,0.0674196568724811,0.0674719848478657,5.2327975384615384e-05,0.006502948536319999
Fugue-asplos-EPIC-long-16000,F1,prefill_common,18,comm_g2g,GPU,0,0.0674719848478657,0.0674719848478657,0.0,2.94780928e-05
Fugue-asplos-EPIC-long-16000,F1,prefill_common,18,norm1,GPU,0,0.0674719848478657,0.06748516636351248,1.3181515646778041e-05,0.00027721453568000005
Fugue-asplos-EPIC-long-16000,F1,prefill_common,18,ff1,GPU,0,0.06748516636351248,0.06761274695111688,0.0001275805876043956,0.016864331257173334
Fugue-asplos-EPIC-long-16000,F1,prefill_common,18,ff2,GPU,0,0.06761274695111688,0.06774032753872128,0.0001275805876043956,0.016864331257173334
Fugue-asplos-EPIC-long-16000,F1,prefill_common,18,glu,GPU,0,0.06774032753872128,0.0677550447817982,1.4717243076923078e-05,0.0007416574771199998
Fugue-asplos-EPIC-long-16000,F1,prefill_common,18,ff3,GPU,0,0.0677550447817982,0.0678945860494905,0.0001395412676923077,0.01718813676885333
Fugue-asplos-EPIC-long-16000,F1,prefill_common,18,comm_g2g,GPU,0,0.0678945860494905,0.0678945860494905,0.0,2.94780928e-05
Fugue-asplos-EPIC-long-16000,F1,prefill_common,18,norm2,GPU,0,0.0678945860494905,0.06790776756513728,1.3181515646778041e-05,0.00027721453568000005
Fugue-asplos-EPIC-long-16000,F1,prefill_common,19,qkv,GPU,0,0.06790776756513728,0.06806475149129113,0.00015698392615384616,0.01877791735808
Fugue-asplos-EPIC-long-16000,F1,prefill_attention,19,attention_service,GPU,0,0.06806475149129113,0.07099374990222515,0.002928998410934027,0.08690365187392
Fugue-asplos-EPIC-long-16000,F1,prefill_common,19,proj,GPU,0,0.07099374990222515,0.07104607787760976,5.2327975384615384e-05,0.006502948536319999
Fugue-asplos-EPIC-long-16000,F1,prefill_common,19,comm_g2g,GPU,0,0.07104607787760976,0.07104607787760976,0.0,2.94780928e-05
Fugue-asplos-EPIC-long-16000,F1,prefill_common,19,norm1,GPU,0,0.07104607787760976,0.07105925939325654,1.3181515646778041e-05,0.00027721453568000005
Fugue-asplos-EPIC-long-16000,F1,prefill_common,19,ff1,GPU,0,0.07105925939325654,0.07118683998086094,0.0001275805876043956,0.016864331257173334
Fugue-asplos-EPIC-long-16000,F1,prefill_common,19,ff2,GPU,0,0.07118683998086094,0.07131442056846533,0.0001275805876043956,0.016864331257173334
Fugue-asplos-EPIC-long-16000,F1,prefill_common,19,glu,GPU,0,0.07131442056846533,0.07132913781154225,1.4717243076923078e-05,0.0007416574771199998
Fugue-asplos-EPIC-long-16000,F1,prefill_common,19,ff3,GPU,0,0.07132913781154225,0.07146867907923456,0.0001395412676923077,0.01718813676885333
Fugue-asplos-EPIC-long-16000,F1,prefill_common,19,comm_g2g,GPU,0,0.07146867907923456,0.07146867907923456,0.0,2.94780928e-05
Fugue-asplos-EPIC-long-16000,F1,prefill_common,19,norm2,GPU,0,0.07146867907923456,0.07148186059488133,1.3181515646778041e-05,0.00027721453568000005
Fugue-asplos-EPIC-long-16000,F1,prefill_common,20,qkv,GPU,0,0.07148186059488133,0.07163884452103518,0.00015698392615384616,0.01877791735808
Fugue-asplos-EPIC-long-16000,F1,prefill_attention,20,attention_service,GPU,0,0.07163884452103518,0.0745678429319692,0.002928998410934027,0.08690365187392
Fugue-asplos-EPIC-long-16000,F1,prefill_common,20,proj,GPU,0,0.0745678429319692,0.07462017090735382,5.2327975384615384e-05,0.006502948536319999
Fugue-asplos-EPIC-long-16000,F1,prefill_common,20,comm_g2g,GPU,0,0.07462017090735382,0.07462017090735382,0.0,2.94780928e-05
Fugue-asplos-EPIC-long-16000,F1,prefill_common,20,norm1,GPU,0,0.07462017090735382,0.07463335242300059,1.3181515646778041e-05,0.00027721453568000005
Fugue-asplos-EPIC-long-16000,F1,prefill_common,20,ff1,GPU,0,0.07463335242300059,0.07476093301060499,0.0001275805876043956,0.016864331257173334
Fugue-asplos-EPIC-long-16000,F1,prefill_common,20,ff2,GPU,0,0.07476093301060499,0.07488851359820939,0.0001275805876043956,0.016864331257173334
Fugue-asplos-EPIC-long-16000,F1,prefill_common,20,glu,GPU,0,0.07488851359820939,0.0749032308412863,1.4717243076923078e-05,0.0007416574771199998
Fugue-asplos-EPIC-long-16000,F1,prefill_common,20,ff3,GPU,0,0.0749032308412863,0.07504277210897861,0.0001395412676923077,0.01718813676885333
Fugue-asplos-EPIC-long-16000,F1,prefill_common,20,comm_g2g,GPU,0,0.07504277210897861,0.07504277210897861,0.0,2.94780928e-05
Fugue-asplos-EPIC-long-16000,F1,prefill_common,20,norm2,GPU,0,0.07504277210897861,0.07505595362462539,1.3181515646778041e-05,0.00027721453568000005
Fugue-asplos-EPIC-long-16000,F1,prefill_common,21,qkv,GPU,0,0.07505595362462539,0.07521293755077924,0.00015698392615384616,0.01877791735808
Fugue-asplos-EPIC-long-16000,F1,prefill_attention,21,attention_service,GPU,0,0.07521293755077924,0.07814193596171326,0.002928998410934027,0.08690365187392
Fugue-asplos-EPIC-long-16000,F1,prefill_common,21,proj,GPU,0,0.07814193596171326,0.07819426393709787,5.2327975384615384e-05,0.006502948536319999
Fugue-asplos-EPIC-long-16000,F1,prefill_common,21,comm_g2g,GPU,0,0.07819426393709787,0.07819426393709787,0.0,2.94780928e-05
Fugue-asplos-EPIC-long-16000,F1,prefill_common,21,norm1,GPU,0,0.07819426393709787,0.07820744545274465,1.3181515646778041e-05,0.00027721453568000005
Fugue-asplos-EPIC-long-16000,F1,prefill_common,21,ff1,GPU,0,0.07820744545274465,0.07833502604034905,0.0001275805876043956,0.016864331257173334
Fugue-asplos-EPIC-long-16000,F1,prefill_common,21,ff2,GPU,0,0.07833502604034905,0.07846260662795344,0.0001275805876043956,0.016864331257173334
Fugue-asplos-EPIC-long-16000,F1,prefill_common,21,glu,GPU,0,0.07846260662795344,0.07847732387103036,1.4717243076923078e-05,0.0007416574771199998
Fugue-asplos-EPIC-long-16000,F1,prefill_common,21,ff3,GPU,0,0.07847732387103036,0.07861686513872267,0.0001395412676923077,0.01718813676885333
Fugue-asplos-EPIC-long-16000,F1,prefill_common,21,comm_g2g,GPU,0,0.07861686513872267,0.07861686513872267,0.0,2.94780928e-05
Fugue-asplos-EPIC-long-16000,F1,prefill_common,21,norm2,GPU,0,0.07861686513872267,0.07863004665436944,1.3181515646778041e-05,0.00027721453568000005
Fugue-asplos-EPIC-long-16000,F1,prefill_common,22,qkv,GPU,0,0.07863004665436944,0.07878703058052329,0.00015698392615384616,0.01877791735808
Fugue-asplos-EPIC-long-16000,F1,prefill_attention,22,attention_service,GPU,0,0.07878703058052329,0.08171602899145732,0.002928998410934027,0.08690365187392
Fugue-asplos-EPIC-long-16000,F1,prefill_common,22,proj,GPU,0,0.08171602899145732,0.08176835696684193,5.2327975384615384e-05,0.006502948536319999
Fugue-asplos-EPIC-long-16000,F1,prefill_common,22,comm_g2g,GPU,0,0.08176835696684193,0.08176835696684193,0.0,2.94780928e-05
Fugue-asplos-EPIC-long-16000,F1,prefill_common,22,norm1,GPU,0,0.08176835696684193,0.0817815384824887,1.3181515646778041e-05,0.00027721453568000005
Fugue-asplos-EPIC-long-16000,F1,prefill_common,22,ff1,GPU,0,0.0817815384824887,0.0819091190700931,0.0001275805876043956,0.016864331257173334
Fugue-asplos-EPIC-long-16000,F1,prefill_common,22,ff2,GPU,0,0.0819091190700931,0.0820366996576975,0.0001275805876043956,0.016864331257173334
Fugue-asplos-EPIC-long-16000,F1,prefill_common,22,glu,GPU,0,0.0820366996576975,0.08205141690077442,1.4717243076923078e-05,0.0007416574771199998
Fugue-asplos-EPIC-long-16000,F1,prefill_common,22,ff3,GPU,0,0.08205141690077442,0.08219095816846672,0.0001395412676923077,0.01718813676885333
Fugue-asplos-EPIC-long-16000,F1,prefill_common,22,comm_g2g,GPU,0,0.08219095816846672,0.08219095816846672,0.0,2.94780928e-05
Fugue-asplos-EPIC-long-16000,F1,prefill_common,22,norm2,GPU,0,0.08219095816846672,0.0822041396841135,1.3181515646778041e-05,0.00027721453568000005
Fugue-asplos-EPIC-long-16000,F1,prefill_common,23,qkv,GPU,0,0.0822041396841135,0.08236112361026734,0.00015698392615384616,0.01877791735808
Fugue-asplos-EPIC-long-16000,F1,prefill_attention,23,attention_service,GPU,0,0.08236112361026734,0.08529012202120137,0.002928998410934027,0.08690365187392
Fugue-asplos-EPIC-long-16000,F1,prefill_common,23,proj,GPU,0,0.08529012202120137,0.08534244999658598,5.2327975384615384e-05,0.006502948536319999
Fugue-asplos-EPIC-long-16000,F1,prefill_common,23,comm_g2g,GPU,0,0.08534244999658598,0.08534244999658598,0.0,2.94780928e-05
Fugue-asplos-EPIC-long-16000,F1,prefill_common,23,norm1,GPU,0,0.08534244999658598,0.08535563151223276,1.3181515646778041e-05,0.00027721453568000005
Fugue-asplos-EPIC-long-16000,F1,prefill_common,23,ff1,GPU,0,0.08535563151223276,0.08548321209983716,0.0001275805876043956,0.016864331257173334
Fugue-asplos-EPIC-long-16000,F1,prefill_common,23,ff2,GPU,0,0.08548321209983716,0.08561079268744155,0.0001275805876043956,0.016864331257173334
Fugue-asplos-EPIC-long-16000,F1,prefill_common,23,glu,GPU,0,0.08561079268744155,0.08562550993051847,1.4717243076923078e-05,0.0007416574771199998
Fugue-asplos-EPIC-long-16000,F1,prefill_common,23,ff3,GPU,0,0.08562550993051847,0.08576505119821078,0.0001395412676923077,0.01718813676885333
Fugue-asplos-EPIC-long-16000,F1,prefill_common,23,comm_g2g,GPU,0,0.08576505119821078,0.08576505119821078,0.0,2.94780928e-05
Fugue-asplos-EPIC-long-16000,F1,prefill_common,23,norm2,GPU,0,0.08576505119821078,0.08577823271385755,1.3181515646778041e-05,0.00027721453568000005
Fugue-asplos-EPIC-long-16000,F1,prefill_common,24,qkv,GPU,0,0.08577823271385755,0.0859352166400114,0.00015698392615384616,0.01877791735808
Fugue-asplos-EPIC-long-16000,F1,prefill_attention,24,attention_service,GPU,0,0.0859352166400114,0.08886421505094542,0.002928998410934027,0.08690365187392
Fugue-asplos-EPIC-long-16000,F1,prefill_common,24,proj,GPU,0,0.08886421505094542,0.08891654302633004,5.2327975384615384e-05,0.006502948536319999
Fugue-asplos-EPIC-long-16000,F1,prefill_common,24,comm_g2g,GPU,0,0.08891654302633004,0.08891654302633004,0.0,2.94780928e-05
Fugue-asplos-EPIC-long-16000,F1,prefill_common,24,norm1,GPU,0,0.08891654302633004,0.08892972454197681,1.3181515646778041e-05,0.00027721453568000005
Fugue-asplos-EPIC-long-16000,F1,prefill_common,24,ff1,GPU,0,0.08892972454197681,0.08905730512958121,0.0001275805876043956,0.016864331257173334
Fugue-asplos-EPIC-long-16000,F1,prefill_common,24,ff2,GPU,0,0.08905730512958121,0.08918488571718561,0.0001275805876043956,0.016864331257173334
Fugue-asplos-EPIC-long-16000,F1,prefill_common,24,glu,GPU,0,0.08918488571718561,0.08919960296026253,1.4717243076923078e-05,0.0007416574771199998
Fugue-asplos-EPIC-long-16000,F1,prefill_common,24,ff3,GPU,0,0.08919960296026253,0.08933914422795483,0.0001395412676923077,0.01718813676885333
Fugue-asplos-EPIC-long-16000,F1,prefill_common,24,comm_g2g,GPU,0,0.08933914422795483,0.08933914422795483,0.0,2.94780928e-05
Fugue-asplos-EPIC-long-16000,F1,prefill_common,24,norm2,GPU,0,0.08933914422795483,0.08935232574360161,1.3181515646778041e-05,0.00027721453568000005
Fugue-asplos-EPIC-long-16000,F1,prefill_common,25,qkv,GPU,0,0.08935232574360161,0.08950930966975545,0.00015698392615384616,0.01877791735808
Fugue-asplos-EPIC-long-16000,F1,prefill_attention,25,attention_service,GPU,0,0.08950930966975545,0.09243830808068948,0.002928998410934027,0.08690365187392
Fugue-asplos-EPIC-long-16000,F1,prefill_common,25,proj,GPU,0,0.09243830808068948,0.09249063605607409,5.2327975384615384e-05,0.006502948536319999
Fugue-asplos-EPIC-long-16000,F1,prefill_common,25,comm_g2g,GPU,0,0.09249063605607409,0.09249063605607409,0.0,2.94780928e-05
Fugue-asplos-EPIC-long-16000,F1,prefill_common,25,norm1,GPU,0,0.09249063605607409,0.09250381757172087,1.3181515646778041e-05,0.00027721453568000005
Fugue-asplos-EPIC-long-16000,F1,prefill_common,25,ff1,GPU,0,0.09250381757172087,0.09263139815932526,0.0001275805876043956,0.016864331257173334
Fugue-asplos-EPIC-long-16000,F1,prefill_common,25,ff2,GPU,0,0.09263139815932526,0.09275897874692966,0.0001275805876043956,0.016864331257173334
Fugue-asplos-EPIC-long-16000,F1,prefill_common,25,glu,GPU,0,0.09275897874692966,0.09277369599000658,1.4717243076923078e-05,0.0007416574771199998
Fugue-asplos-EPIC-long-16000,F1,prefill_common,25,ff3,GPU,0,0.09277369599000658,0.09291323725769889,0.0001395412676923077,0.01718813676885333
Fugue-asplos-EPIC-long-16000,F1,prefill_common,25,comm_g2g,GPU,0,0.09291323725769889,0.09291323725769889,0.0,2.94780928e-05
Fugue-asplos-EPIC-long-16000,F1,prefill_common,25,norm2,GPU,0,0.09291323725769889,0.09292641877334566,1.3181515646778041e-05,0.00027721453568000005
Fugue-asplos-EPIC-long-16000,F1,prefill_common,26,qkv,GPU,0,0.09292641877334566,0.09308340269949951,0.00015698392615384616,0.01877791735808
Fugue-asplos-EPIC-long-16000,F1,prefill_attention,26,attention_service,GPU,0,0.09308340269949951,0.09601240111043353,0.002928998410934027,0.08690365187392
Fugue-asplos-EPIC-long-16000,F1,prefill_common,26,proj,GPU,0,0.09601240111043353,0.09606472908581815,5.2327975384615384e-05,0.006502948536319999
Fugue-asplos-EPIC-long-16000,F1,prefill_common,26,comm_g2g,GPU,0,0.09606472908581815,0.09606472908581815,0.0,2.94780928e-05
Fugue-asplos-EPIC-long-16000,F1,prefill_common,26,norm1,GPU,0,0.09606472908581815,0.09607791060146492,1.3181515646778041e-05,0.00027721453568000005
Fugue-asplos-EPIC-long-16000,F1,prefill_common,26,ff1,GPU,0,0.09607791060146492,0.09620549118906932,0.0001275805876043956,0.016864331257173334
Fugue-asplos-EPIC-long-16000,F1,prefill_common,26,ff2,GPU,0,0.09620549118906932,0.09633307177667372,0.0001275805876043956,0.016864331257173334
Fugue-asplos-EPIC-long-16000,F1,prefill_common,26,glu,GPU,0,0.09633307177667372,0.09634778901975063,1.4717243076923078e-05,0.0007416574771199998
Fugue-asplos-EPIC-long-16000,F1,prefill_common,26,ff3,GPU,0,0.09634778901975063,0.09648733028744294,0.0001395412676923077,0.01718813676885333
Fugue-asplos-EPIC-long-16000,F1,prefill_common,26,comm_g2g,GPU,0,0.09648733028744294,0.09648733028744294,0.0,2.94780928e-05
Fugue-asplos-EPIC-long-16000,F1,prefill_common,26,norm2,GPU,0,0.09648733028744294,0.09650051180308972,1.3181515646778041e-05,0.00027721453568000005
Fugue-asplos-EPIC-long-16000,F1,prefill_common,27,qkv,GPU,0,0.09650051180308972,0.09665749572924356,0.00015698392615384616,0.01877791735808
Fugue-asplos-EPIC-long-16000,F1,prefill_attention,27,attention_service,GPU,0,0.09665749572924356,0.09958649414017759,0.002928998410934027,0.08690365187392
Fugue-asplos-EPIC-long-16000,F1,prefill_common,27,proj,GPU,0,0.09958649414017759,0.0996388221155622,5.2327975384615384e-05,0.006502948536319999
Fugue-asplos-EPIC-long-16000,F1,prefill_common,27,comm_g2g,GPU,0,0.0996388221155622,0.0996388221155622,0.0,2.94780928e-05
Fugue-asplos-EPIC-long-16000,F1,prefill_common,27,norm1,GPU,0,0.0996388221155622,0.09965200363120898,1.3181515646778041e-05,0.00027721453568000005
Fugue-asplos-EPIC-long-16000,F1,prefill_common,27,ff1,GPU,0,0.09965200363120898,0.09977958421881337,0.0001275805876043956,0.016864331257173334
Fugue-asplos-EPIC-long-16000,F1,prefill_common,27,ff2,GPU,0,0.09977958421881337,0.09990716480641777,0.0001275805876043956,0.016864331257173334
Fugue-asplos-EPIC-long-16000,F1,prefill_common,27,glu,GPU,0,0.09990716480641777,0.09992188204949469,1.4717243076923078e-05,0.0007416574771199998
Fugue-asplos-EPIC-long-16000,F1,prefill_common,27,ff3,GPU,0,0.09992188204949469,0.100061423317187,0.0001395412676923077,0.01718813676885333
Fugue-asplos-EPIC-long-16000,F1,prefill_common,27,comm_g2g,GPU,0,0.100061423317187,0.100061423317187,0.0,2.94780928e-05
Fugue-asplos-EPIC-long-16000,F1,prefill_common,27,norm2,GPU,0,0.100061423317187,0.10007460483283377,1.3181515646778041e-05,0.00027721453568000005
Fugue-asplos-EPIC-long-16000,F1,prefill_common,28,qkv,GPU,0,0.10007460483283377,0.10023158875898762,0.00015698392615384616,0.01877791735808
Fugue-asplos-EPIC-long-16000,F1,prefill_attention,28,attention_service,GPU,0,0.10023158875898762,0.10316058716992164,0.002928998410934027,0.08690365187392
Fugue-asplos-EPIC-long-16000,F1,prefill_common,28,proj,GPU,0,0.10316058716992164,0.10321291514530626,5.2327975384615384e-05,0.006502948536319999
Fugue-asplos-EPIC-long-16000,F1,prefill_common,28,comm_g2g,GPU,0,0.10321291514530626,0.10321291514530626,0.0,2.94780928e-05
Fugue-asplos-EPIC-long-16000,F1,prefill_common,28,norm1,GPU,0,0.10321291514530626,0.10322609666095303,1.3181515646778041e-05,0.00027721453568000005
Fugue-asplos-EPIC-long-16000,F1,prefill_common,28,ff1,GPU,0,0.10322609666095303,0.10335367724855743,0.0001275805876043956,0.016864331257173334
Fugue-asplos-EPIC-long-16000,F1,prefill_common,28,ff2,GPU,0,0.10335367724855743,0.10348125783616183,0.0001275805876043956,0.016864331257173334
Fugue-asplos-EPIC-long-16000,F1,prefill_common,28,glu,GPU,0,0.10348125783616183,0.10349597507923874,1.4717243076923078e-05,0.0007416574771199998
Fugue-asplos-EPIC-long-16000,F1,prefill_common,28,ff3,GPU,0,0.10349597507923874,0.10363551634693105,0.0001395412676923077,0.01718813676885333
Fugue-asplos-EPIC-long-16000,F1,prefill_common,28,comm_g2g,GPU,0,0.10363551634693105,0.10363551634693105,0.0,2.94780928e-05
Fugue-asplos-EPIC-long-16000,F1,prefill_common,28,norm2,GPU,0,0.10363551634693105,0.10364869786257783,1.3181515646778041e-05,0.00027721453568000005
Fugue-asplos-EPIC-long-16000,F1,prefill_common,29,qkv,GPU,0,0.10364869786257783,0.10380568178873167,0.00015698392615384616,0.01877791735808
Fugue-asplos-EPIC-long-16000,F1,prefill_attention,29,attention_service,GPU,0,0.10380568178873167,0.1067346801996657,0.002928998410934027,0.08690365187392
Fugue-asplos-EPIC-long-16000,F1,prefill_common,29,proj,GPU,0,0.1067346801996657,0.10678700817505031,5.2327975384615384e-05,0.006502948536319999
Fugue-asplos-EPIC-long-16000,F1,prefill_common,29,comm_g2g,GPU,0,0.10678700817505031,0.10678700817505031,0.0,2.94780928e-05
Fugue-asplos-EPIC-long-16000,F1,prefill_common,29,norm1,GPU,0,0.10678700817505031,0.10680018969069709,1.3181515646778041e-05,0.00027721453568000005
Fugue-asplos-EPIC-long-16000,F1,prefill_common,29,ff1,GPU,0,0.10680018969069709,0.10692777027830148,0.0001275805876043956,0.016864331257173334
Fugue-asplos-EPIC-long-16000,F1,prefill_common,29,ff2,GPU,0,0.10692777027830148,0.10705535086590588,0.0001275805876043956,0.016864331257173334
Fugue-asplos-EPIC-long-16000,F1,prefill_common,29,glu,GPU,0,0.10705535086590588,0.1070700681089828,1.4717243076923078e-05,0.0007416574771199998
Fugue-asplos-EPIC-long-16000,F1,prefill_common,29,ff3,GPU,0,0.1070700681089828,0.1072096093766751,0.0001395412676923077,0.01718813676885333
Fugue-asplos-EPIC-long-16000,F1,prefill_common,29,comm_g2g,GPU,0,0.1072096093766751,0.1072096093766751,0.0,2.94780928e-05
Fugue-asplos-EPIC-long-16000,F1,prefill_common,29,norm2,GPU,0,0.1072096093766751,0.10722279089232188,1.3181515646778041e-05,0.00027721453568000005
Fugue-asplos-EPIC-long-16000,F1,prefill_common,30,qkv,GPU,0,0.10722279089232188,0.10737977481847573,0.00015698392615384616,0.01877791735808
Fugue-asplos-EPIC-long-16000,F1,prefill_attention,30,attention_service,GPU,0,0.10737977481847573,0.11030877322940975,0.002928998410934027,0.08690365187392
Fugue-asplos-EPIC-long-16000,F1,prefill_common,30,proj,GPU,0,0.11030877322940975,0.11036110120479437,5.2327975384615384e-05,0.006502948536319999
Fugue-asplos-EPIC-long-16000,F1,prefill_common,30,comm_g2g,GPU,0,0.11036110120479437,0.11036110120479437,0.0,2.94780928e-05
Fugue-asplos-EPIC-long-16000,F1,prefill_common,30,norm1,GPU,0,0.11036110120479437,0.11037428272044114,1.3181515646778041e-05,0.00027721453568000005
Fugue-asplos-EPIC-long-16000,F1,prefill_common,30,ff1,GPU,0,0.11037428272044114,0.11050186330804554,0.0001275805876043956,0.016864331257173334
Fugue-asplos-EPIC-long-16000,F1,prefill_common,30,ff2,GPU,0,0.11050186330804554,0.11062944389564994,0.0001275805876043956,0.016864331257173334
Fugue-asplos-EPIC-long-16000,F1,prefill_common,30,glu,GPU,0,0.11062944389564994,0.11064416113872685,1.4717243076923078e-05,0.0007416574771199998
Fugue-asplos-EPIC-long-16000,F1,prefill_common,30,ff3,GPU,0,0.11064416113872685,0.11078370240641916,0.0001395412676923077,0.01718813676885333
Fugue-asplos-EPIC-long-16000,F1,prefill_common,30,comm_g2g,GPU,0,0.11078370240641916,0.11078370240641916,0.0,2.94780928e-05
Fugue-asplos-EPIC-long-16000,F1,prefill_common,30,norm2,GPU,0,0.11078370240641916,0.11079688392206594,1.3181515646778041e-05,0.00027721453568000005
Fugue-asplos-EPIC-long-16000,F1,prefill_common,31,qkv,GPU,0,0.11079688392206594,0.11095386784821978,0.00015698392615384616,0.01877791735808
Fugue-asplos-EPIC-long-16000,F1,prefill_attention,31,attention_service,GPU,0,0.11095386784821978,0.11388286625915381,0.002928998410934027,0.08690365187392
Fugue-asplos-EPIC-long-16000,F1,prefill_common,31,proj,GPU,0,0.11388286625915381,0.11393519423453842,5.2327975384615384e-05,0.006502948536319999
Fugue-asplos-EPIC-long-16000,F1,prefill_common,31,comm_g2g,GPU,0,0.11393519423453842,0.11393519423453842,0.0,2.94780928e-05
Fugue-asplos-EPIC-long-16000,F1,prefill_common,31,norm1,GPU,0,0.11393519423453842,0.1139483757501852,1.3181515646778041e-05,0.00027721453568000005
Fugue-asplos-EPIC-long-16000,F1,prefill_common,31,ff1,GPU,0,0.1139483757501852,0.1140759563377896,0.0001275805876043956,0.016864331257173334
Fugue-asplos-EPIC-long-16000,F1,prefill_common,31,ff2,GPU,0,0.1140759563377896,0.11420353692539399,0.0001275805876043956,0.016864331257173334
Fugue-asplos-EPIC-long-16000,F1,prefill_common,31,glu,GPU,0,0.11420353692539399,0.11421825416847091,1.4717243076923078e-05,0.0007416574771199998
Fugue-asplos-EPIC-long-16000,F1,prefill_common,31,ff3,GPU,0,0.11421825416847091,0.11435779543616321,0.0001395412676923077,0.01718813676885333
Fugue-asplos-EPIC-long-16000,F1,prefill_common,31,comm_g2g,GPU,0,0.11435779543616321,0.11435779543616321,0.0,2.94780928e-05
Fugue-asplos-EPIC-long-16000,F1,prefill_common,31,norm2,GPU,0,0.11435779543616321,0.11437097695180999,1.3181515646778041e-05,0.00027721453568000005
Fugue-asplos-EPIC-long-16000,F1,decode,all,native_transformer,GPU,1,0.11437097695180999,0.12991632964568417,0.015545352693874177,0.7048862337228798
Fugue-asplos-EPIC-long-16000,F1,decode,all,native_transformer,GPU,2,0.12991632964568417,0.14546231308503077,0.015545983439346591,0.7049035910656
Fugue-asplos-EPIC-long-16000,F1,decode,all,native_transformer,GPU,3,0.14546231308503077,0.16100892726984978,0.015546614184819002,0.70492094840832
Fugue-asplos-EPIC-long-16000,F1,decode,all,native_transformer,GPU,4,0.16100892726984978,0.1765561722001412,0.015547244930291417,0.70493864129536
Fugue-asplos-EPIC-long-16000,F1,decode,all,native_transformer,GPU,5,0.1765561722001412,0.19210404787590502,0.015547875675763831,0.7049559986380799
Fugue-asplos-EPIC-long-16000,F1,decode,all,native_transformer,GPU,6,0.19210404787590502,0.20765255429714125,0.015548506421236242,0.7049733559807999
Fugue-asplos-EPIC-long-16000,F1,decode,all,native_transformer,GPU,7,0.20765255429714125,0.2232016914638499,0.015549137166708657,0.7049907133235199
Fugue-asplos-EPIC-long-16000,F1,decode,all,native_transformer,GPU,8,0.2232016914638499,0.23875145937603098,0.015549767912181068,0.7050080706662399
Fugue-asplos-EPIC-long-16000,F1,decode,all,native_transformer,GPU,9,0.23875145937603098,0.2543018580336845,0.015550398657653482,0.70502542800896
Fugue-asplos-EPIC-long-16000,F1,decode,all,native_transformer,GPU,10,0.2543018580336845,0.2698528874368104,0.015551029403125896,0.7050427853516801
Fugue-asplos-EPIC-long-16000,F1,decode,all,native_transformer,GPU,11,0.2698528874368104,0.28540454758540873,0.015551660148598307,0.7050601426943999
Fugue-asplos-EPIC-long-16000,F1,decode,all,native_transformer,GPU,12,0.28540454758540873,0.30095683847947946,0.015552290894070722,0.70507750003712
Fugue-asplos-EPIC-long-16000,F1,decode,all,native_transformer,GPU,13,0.30095683847947946,0.3165097601190226,0.015552921639543136,0.7050948573798399
Fugue-asplos-EPIC-long-16000,F1,decode,all,native_transformer,GPU,14,0.3165097601190226,0.33206331250403814,0.015553552385015547,0.7051122147225599
Fugue-asplos-EPIC-long-16000,F1,decode,all,native_transformer,GPU,15,0.33206331250403814,0.3476174956345261,0.015554183130487962,0.7051295720652799
Fugue-asplos-EPIC-long-16000,F2,prefill_common,0,qkv,GPU,0,0.0,0.00015698392615384616,0.00015698392615384616,0.01877791735808
Fugue-asplos-EPIC-long-16000,F2,prefill_attention,0,attention_service,GPU,0,0.00015698392615384616,0.003962253270421207,0.0038052693442673607,0.08963761718592
Fugue-asplos-EPIC-long-16000,F2,prefill_common,0,proj,GPU,0,0.003962253270421207,0.0040145812458058225,5.2327975384615384e-05,0.006502948536319999
Fugue-asplos-EPIC-long-16000,F2,prefill_common,0,comm_g2g,GPU,0,0.0040145812458058225,0.0040145812458058225,0.0,2.94780928e-05
Fugue-asplos-EPIC-long-16000,F2,prefill_common,0,norm1,GPU,0,0.0040145812458058225,0.0040277627614526005,1.3181515646778041e-05,0.00027721453568000005
Fugue-asplos-EPIC-long-16000,F2,prefill_common,0,ff1,GPU,0,0.0040277627614526005,0.004155343349056996,0.0001275805876043956,0.016864331257173334
Fugue-asplos-EPIC-long-16000,F2,prefill_common,0,ff2,GPU,0,0.004155343349056996,0.004282923936661391,0.0001275805876043956,0.016864331257173334
Fugue-asplos-EPIC-long-16000,F2,prefill_common,0,glu,GPU,0,0.004282923936661391,0.004297641179738314,1.4717243076923078e-05,0.0007416574771199998
Fugue-asplos-EPIC-long-16000,F2,prefill_common,0,ff3,GPU,0,0.004297641179738314,0.004437182447430622,0.0001395412676923077,0.01718813676885333
Fugue-asplos-EPIC-long-16000,F2,prefill_common,0,comm_g2g,GPU,0,0.004437182447430622,0.004437182447430622,0.0,2.94780928e-05
Fugue-asplos-EPIC-long-16000,F2,prefill_common,0,norm2,GPU,0,0.004437182447430622,0.0044503639630774,1.3181515646778041e-05,0.00027721453568000005
Fugue-asplos-EPIC-long-16000,F2,prefill_common,1,qkv,GPU,0,0.0044503639630774,0.004607347889231245,0.00015698392615384616,0.01877791735808
Fugue-asplos-EPIC-long-16000,F2,prefill_attention,1,attention_service,GPU,0,0.004607347889231245,0.008412617233498607,0.0038052693442673607,0.08963761718592
Fugue-asplos-EPIC-long-16000,F2,prefill_common,1,proj,GPU,0,0.008412617233498607,0.008464945208883221,5.2327975384615384e-05,0.006502948536319999
Fugue-asplos-EPIC-long-16000,F2,prefill_common,1,comm_g2g,GPU,0,0.008464945208883221,0.008464945208883221,0.0,2.94780928e-05
Fugue-asplos-EPIC-long-16000,F2,prefill_common,1,norm1,GPU,0,0.008464945208883221,0.00847812672453,1.3181515646778041e-05,0.00027721453568000005
Fugue-asplos-EPIC-long-16000,F2,prefill_common,1,ff1,GPU,0,0.00847812672453,0.008605707312134395,0.0001275805876043956,0.016864331257173334
Fugue-asplos-EPIC-long-16000,F2,prefill_common,1,ff2,GPU,0,0.008605707312134395,0.008733287899738791,0.0001275805876043956,0.016864331257173334
Fugue-asplos-EPIC-long-16000,F2,prefill_common,1,glu,GPU,0,0.008733287899738791,0.008748005142815714,1.4717243076923078e-05,0.0007416574771199998
Fugue-asplos-EPIC-long-16000,F2,prefill_common,1,ff3,GPU,0,0.008748005142815714,0.008887546410508021,0.0001395412676923077,0.01718813676885333
Fugue-asplos-EPIC-long-16000,F2,prefill_common,1,comm_g2g,GPU,0,0.008887546410508021,0.008887546410508021,0.0,2.94780928e-05
Fugue-asplos-EPIC-long-16000,F2,prefill_common,1,norm2,GPU,0,0.008887546410508021,0.0089007279261548,1.3181515646778041e-05,0.00027721453568000005
Fugue-asplos-EPIC-long-16000,F2,prefill_common,2,qkv,GPU,0,0.0089007279261548,0.009057711852308645,0.00015698392615384616,0.01877791735808
Fugue-asplos-EPIC-long-16000,F2,prefill_attention,2,attention_service,GPU,0,0.009057711852308645,0.012862981196576006,0.0038052693442673607,0.08963761718592
Fugue-asplos-EPIC-long-16000,F2,prefill_common,2,proj,GPU,0,0.012862981196576006,0.012915309171960621,5.2327975384615384e-05,0.006502948536319999
Fugue-asplos-EPIC-long-16000,F2,prefill_common,2,comm_g2g,GPU,0,0.012915309171960621,0.012915309171960621,0.0,2.94780928e-05
Fugue-asplos-EPIC-long-16000,F2,prefill_common,2,norm1,GPU,0,0.012915309171960621,0.012928490687607399,1.3181515646778041e-05,0.00027721453568000005
Fugue-asplos-EPIC-long-16000,F2,prefill_common,2,ff1,GPU,0,0.012928490687607399,0.013056071275211795,0.0001275805876043956,0.016864331257173334
Fugue-asplos-EPIC-long-16000,F2,prefill_common,2,ff2,GPU,0,0.013056071275211795,0.013183651862816191,0.0001275805876043956,0.016864331257173334
Fugue-asplos-EPIC-long-16000,F2,prefill_common,2,glu,GPU,0,0.013183651862816191,0.013198369105893113,1.4717243076923078e-05,0.0007416574771199998
Fugue-asplos-EPIC-long-16000,F2,prefill_common,2,ff3,GPU,0,0.013198369105893113,0.013337910373585421,0.0001395412676923077,0.01718813676885333
Fugue-asplos-EPIC-long-16000,F2,prefill_common,2,comm_g2g,GPU,0,0.013337910373585421,0.013337910373585421,0.0,2.94780928e-05
Fugue-asplos-EPIC-long-16000,F2,prefill_common,2,norm2,GPU,0,0.013337910373585421,0.013351091889232199,1.3181515646778041e-05,0.00027721453568000005
Fugue-asplos-EPIC-long-16000,F2,prefill_common,3,qkv,GPU,0,0.013351091889232199,0.013508075815386045,0.00015698392615384616,0.01877791735808
Fugue-asplos-EPIC-long-16000,F2,prefill_attention,3,attention_service,GPU,0,0.013508075815386045,0.017313345159653406,0.0038052693442673607,0.08963761718592
Fugue-asplos-EPIC-long-16000,F2,prefill_common,3,proj,GPU,0,0.017313345159653406,0.01736567313503802,5.2327975384615384e-05,0.006502948536319999
Fugue-asplos-EPIC-long-16000,F2,prefill_common,3,comm_g2g,GPU,0,0.01736567313503802,0.01736567313503802,0.0,2.94780928e-05
Fugue-asplos-EPIC-long-16000,F2,prefill_common,3,norm1,GPU,0,0.01736567313503802,0.0173788546506848,1.3181515646778041e-05,0.00027721453568000005
Fugue-asplos-EPIC-long-16000,F2,prefill_common,3,ff1,GPU,0,0.0173788546506848,0.017506435238289195,0.0001275805876043956,0.016864331257173334
Fugue-asplos-EPIC-long-16000,F2,prefill_common,3,ff2,GPU,0,0.017506435238289195,0.01763401582589359,0.0001275805876043956,0.016864331257173334
Fugue-asplos-EPIC-long-16000,F2,prefill_common,3,glu,GPU,0,0.01763401582589359,0.017648733068970513,1.4717243076923078e-05,0.0007416574771199998
Fugue-asplos-EPIC-long-16000,F2,prefill_common,3,ff3,GPU,0,0.017648733068970513,0.017788274336662822,0.0001395412676923077,0.01718813676885333
Fugue-asplos-EPIC-long-16000,F2,prefill_common,3,comm_g2g,GPU,0,0.017788274336662822,0.017788274336662822,0.0,2.94780928e-05
Fugue-asplos-EPIC-long-16000,F2,prefill_common,3,norm2,GPU,0,0.017788274336662822,0.017801455852309602,1.3181515646778041e-05,0.00027721453568000005
Fugue-asplos-EPIC-long-16000,F2,prefill_common,4,qkv,GPU,0,0.017801455852309602,0.01795843977846345,0.00015698392615384616,0.01877791735808
Fugue-asplos-EPIC-long-16000,F2,prefill_attention,4,attention_service,GPU,0,0.01795843977846345,0.02176370912273081,0.0038052693442673607,0.08963761718592
Fugue-asplos-EPIC-long-16000,F2,prefill_common,4,proj,GPU,0,0.02176370912273081,0.021816037098115425,5.2327975384615384e-05,0.006502948536319999
Fugue-asplos-EPIC-long-16000,F2,prefill_common,4,comm_g2g,GPU,0,0.021816037098115425,0.021816037098115425,0.0,2.94780928e-05
Fugue-asplos-EPIC-long-16000,F2,prefill_common,4,norm1,GPU,0,0.021816037098115425,0.021829218613762205,1.3181515646778041e-05,0.00027721453568000005
Fugue-asplos-EPIC-long-16000,F2,prefill_common,4,ff1,GPU,0,0.021829218613762205,0.0219567992013666,0.0001275805876043956,0.016864331257173334
Fugue-asplos-EPIC-long-16000,F2,prefill_common,4,ff2,GPU,0,0.0219567992013666,0.022084379788970994,0.0001275805876043956,0.016864331257173334
Fugue-asplos-EPIC-long-16000,F2,prefill_common,4,glu,GPU,0,0.022084379788970994,0.022099097032047918,1.4717243076923078e-05,0.0007416574771199998
Fugue-asplos-EPIC-long-16000,F2,prefill_common,4,ff3,GPU,0,0.022099097032047918,0.022238638299740227,0.0001395412676923077,0.01718813676885333
Fugue-asplos-EPIC-long-16000,F2,prefill_common,4,comm_g2g,GPU,0,0.022238638299740227,0.022238638299740227,0.0,2.94780928e-05
Fugue-asplos-EPIC-long-16000,F2,prefill_common,4,norm2,GPU,0,0.022238638299740227,0.022251819815387007,1.3181515646778041e-05,0.00027721453568000005
Fugue-asplos-EPIC-long-16000,F2,prefill_common,5,qkv,GPU,0,0.022251819815387007,0.022408803741540854,0.00015698392615384616,0.01877791735808
Fugue-asplos-EPIC-long-16000,F2,prefill_attention,5,attention_service,GPU,0,0.022408803741540854,0.026214073085808216,0.0038052693442673607,0.08963761718592
Fugue-asplos-EPIC-long-16000,F2,prefill_common,5,proj,GPU,0,0.026214073085808216,0.02626640106119283,5.2327975384615384e-05,0.006502948536319999
Fugue-asplos-EPIC-long-16000,F2,prefill_common,5,comm_g2g,GPU,0,0.02626640106119283,0.02626640106119283,0.0,2.94780928e-05
Fugue-asplos-EPIC-long-16000,F2,prefill_common,5,norm1,GPU,0,0.02626640106119283,0.02627958257683961,1.3181515646778041e-05,0.00027721453568000005
Fugue-asplos-EPIC-long-16000,F2,prefill_common,5,ff1,GPU,0,0.02627958257683961,0.026407163164444004,0.0001275805876043956,0.016864331257173334
Fugue-asplos-EPIC-long-16000,F2,prefill_common,5,ff2,GPU,0,0.026407163164444004,0.0265347437520484,0.0001275805876043956,0.016864331257173334
Fugue-asplos-EPIC-long-16000,F2,prefill_common,5,glu,GPU,0,0.0265347437520484,0.026549460995125323,1.4717243076923078e-05,0.0007416574771199998
Fugue-asplos-EPIC-long-16000,F2,prefill_common,5,ff3,GPU,0,0.026549460995125323,0.026689002262817632,0.0001395412676923077,0.01718813676885333
Fugue-asplos-EPIC-long-16000,F2,prefill_common,5,comm_g2g,GPU,0,0.026689002262817632,0.026689002262817632,0.0,2.94780928e-05
Fugue-asplos-EPIC-long-16000,F2,prefill_common,5,norm2,GPU,0,0.026689002262817632,0.026702183778464412,1.3181515646778041e-05,0.00027721453568000005
Fugue-asplos-EPIC-long-16000,F2,prefill_common,6,qkv,GPU,0,0.026702183778464412,0.02685916770461826,0.00015698392615384616,0.01877791735808
Fugue-asplos-EPIC-long-16000,F2,prefill_attention,6,attention_service,GPU,0,0.02685916770461826,0.03066443704888562,0.0038052693442673607,0.08963761718592
Fugue-asplos-EPIC-long-16000,F2,prefill_common,6,proj,GPU,0,0.03066443704888562,0.030716765024270235,5.2327975384615384e-05,0.006502948536319999
Fugue-asplos-EPIC-long-16000,F2,prefill_common,6,comm_g2g,GPU,0,0.030716765024270235,0.030716765024270235,0.0,2.94780928e-05
Fugue-asplos-EPIC-long-16000,F2,prefill_common,6,norm1,GPU,0,0.030716765024270235,0.030729946539917015,1.3181515646778041e-05,0.00027721453568000005
Fugue-asplos-EPIC-long-16000,F2,prefill_common,6,ff1,GPU,0,0.030729946539917015,0.03085752712752141,0.0001275805876043956,0.016864331257173334
Fugue-asplos-EPIC-long-16000,F2,prefill_common,6,ff2,GPU,0,0.03085752712752141,0.030985107715125804,0.0001275805876043956,0.016864331257173334
Fugue-asplos-EPIC-long-16000,F2,prefill_common,6,glu,GPU,0,0.030985107715125804,0.030999824958202728,1.4717243076923078e-05,0.0007416574771199998
Fugue-asplos-EPIC-long-16000,F2,prefill_common,6,ff3,GPU,0,0.030999824958202728,0.031139366225895037,0.0001395412676923077,0.01718813676885333
Fugue-asplos-EPIC-long-16000,F2,prefill_common,6,comm_g2g,GPU,0,0.031139366225895037,0.031139366225895037,0.0,2.94780928e-05
Fugue-asplos-EPIC-long-16000,F2,prefill_common,6,norm2,GPU,0,0.031139366225895037,0.031152547741541817,1.3181515646778041e-05,0.00027721453568000005
Fugue-asplos-EPIC-long-16000,F2,prefill_common,7,qkv,GPU,0,0.031152547741541817,0.031309531667695664,0.00015698392615384616,0.01877791735808
Fugue-asplos-EPIC-long-16000,F2,prefill_attention,7,attention_service,GPU,0,0.031309531667695664,0.03511480101196302,0.0038052693442673607,0.08963761718592
Fugue-asplos-EPIC-long-16000,F2,prefill_common,7,proj,GPU,0,0.03511480101196302,0.03516712898734764,5.2327975384615384e-05,0.006502948536319999
Fugue-asplos-EPIC-long-16000,F2,prefill_common,7,comm_g2g,GPU,0,0.03516712898734764,0.03516712898734764,0.0,2.94780928e-05
Fugue-asplos-EPIC-long-16000,F2,prefill_common,7,norm1,GPU,0,0.03516712898734764,0.035180310502994416,1.3181515646778041e-05,0.00027721453568000005
Fugue-asplos-EPIC-long-16000,F2,prefill_common,7,ff1,GPU,0,0.035180310502994416,0.035307891090598814,0.0001275805876043956,0.016864331257173334
Fugue-asplos-EPIC-long-16000,F2,prefill_common,7,ff2,GPU,0,0.035307891090598814,0.03543547167820321,0.0001275805876043956,0.016864331257173334
Fugue-asplos-EPIC-long-16000,F2,prefill_common,7,glu,GPU,0,0.03543547167820321,0.035450188921280136,1.4717243076923078e-05,0.0007416574771199998
Fugue-asplos-EPIC-long-16000,F2,prefill_common,7,ff3,GPU,0,0.035450188921280136,0.03558973018897244,0.0001395412676923077,0.01718813676885333
Fugue-asplos-EPIC-long-16000,F2,prefill_common,7,comm_g2g,GPU,0,0.03558973018897244,0.03558973018897244,0.0,2.94780928e-05
Fugue-asplos-EPIC-long-16000,F2,prefill_common,7,norm2,GPU,0,0.03558973018897244,0.03560291170461922,1.3181515646778041e-05,0.00027721453568000005
Fugue-asplos-EPIC-long-16000,F2,prefill_common,8,qkv,GPU,0,0.03560291170461922,0.035759895630773066,0.00015698392615384616,0.01877791735808
Fugue-asplos-EPIC-long-16000,F2,prefill_attention,8,attention_service,GPU,0,0.035759895630773066,0.03956516497504042,0.0038052693442673607,0.08963761718592
Fugue-asplos-EPIC-long-16000,F2,prefill_common,8,proj,GPU,0,0.03956516497504042,0.03961749295042504,5.2327975384615384e-05,0.006502948536319999
Fugue-asplos-EPIC-long-16000,F2,prefill_common,8,comm_g2g,GPU,0,0.03961749295042504,0.03961749295042504,0.0,2.94780928e-05
Fugue-asplos-EPIC-long-16000,F2,prefill_common,8,norm1,GPU,0,0.03961749295042504,0.03963067446607182,1.3181515646778041e-05,0.00027721453568000005
Fugue-asplos-EPIC-long-16000,F2,prefill_common,8,ff1,GPU,0,0.03963067446607182,0.039758255053676216,0.0001275805876043956,0.016864331257173334
Fugue-asplos-EPIC-long-16000,F2,prefill_common,8,ff2,GPU,0,0.039758255053676216,0.03988583564128061,0.0001275805876043956,0.016864331257173334
Fugue-asplos-EPIC-long-16000,F2,prefill_common,8,glu,GPU,0,0.03988583564128061,0.03990055288435754,1.4717243076923078e-05,0.0007416574771199998
Fugue-asplos-EPIC-long-16000,F2,prefill_common,8,ff3,GPU,0,0.03990055288435754,0.04004009415204984,0.0001395412676923077,0.01718813676885333
Fugue-asplos-EPIC-long-16000,F2,prefill_common,8,comm_g2g,GPU,0,0.04004009415204984,0.04004009415204984,0.0,2.94780928e-05
Fugue-asplos-EPIC-long-16000,F2,prefill_common,8,norm2,GPU,0,0.04004009415204984,0.04005327566769662,1.3181515646778041e-05,0.00027721453568000005
Fugue-asplos-EPIC-long-16000,F2,prefill_common,9,qkv,GPU,0,0.04005327566769662,0.04021025959385047,0.00015698392615384616,0.01877791735808
Fugue-asplos-EPIC-long-16000,F2,prefill_attention,9,attention_service,GPU,0,0.04021025959385047,0.044015528938117825,0.0038052693442673607,0.08963761718592
Fugue-asplos-EPIC-long-16000,F2,prefill_common,9,proj,GPU,0,0.044015528938117825,0.04406785691350244,5.2327975384615384e-05,0.006502948536319999
Fugue-asplos-EPIC-long-16000,F2,prefill_common,9,comm_g2g,GPU,0,0.04406785691350244,0.04406785691350244,0.0,2.94780928e-05
Fugue-asplos-EPIC-long-16000,F2,prefill_common,9,norm1,GPU,0,0.04406785691350244,0.04408103842914922,1.3181515646778041e-05,0.00027721453568000005
Fugue-asplos-EPIC-long-16000,F2,prefill_common,9,ff1,GPU,0,0.04408103842914922,0.04420861901675362,0.0001275805876043956,0.016864331257173334
Fugue-asplos-EPIC-long-16000,F2,prefill_common,9,ff2,GPU,0,0.04420861901675362,0.044336199604358015,0.0001275805876043956,0.016864331257173334
Fugue-asplos-EPIC-long-16000,F2,prefill_common,9,glu,GPU,0,0.044336199604358015,0.04435091684743494,1.4717243076923078e-05,0.0007416574771199998
Fugue-asplos-EPIC-long-16000,F2,prefill_common,9,ff3,GPU,0,0.04435091684743494,0.044490458115127245,0.0001395412676923077,0.01718813676885333
Fugue-asplos-EPIC-long-16000,F2,prefill_common,9,comm_g2g,GPU,0,0.044490458115127245,0.044490458115127245,0.0,2.94780928e-05
Fugue-asplos-EPIC-long-16000,F2,prefill_common,9,norm2,GPU,0,0.044490458115127245,0.04450363963077402,1.3181515646778041e-05,0.00027721453568000005
Fugue-asplos-EPIC-long-16000,F2,prefill_common,10,qkv,GPU,0,0.04450363963077402,0.04466062355692787,0.00015698392615384616,0.01877791735808
Fugue-asplos-EPIC-long-16000,F2,prefill_attention,10,attention_service,GPU,0,0.04466062355692787,0.048465892901195226,0.0038052693442673607,0.08963761718592
Fugue-asplos-EPIC-long-16000,F2,prefill_common,10,proj,GPU,0,0.048465892901195226,0.048518220876579844,5.2327975384615384e-05,0.006502948536319999
Fugue-asplos-EPIC-long-16000,F2,prefill_common,10,comm_g2g,GPU,0,0.048518220876579844,0.048518220876579844,0.0,2.94780928e-05
Fugue-asplos-EPIC-long-16000,F2,prefill_common,10,norm1,GPU,0,0.048518220876579844,0.04853140239222662,1.3181515646778041e-05,0.00027721453568000005
Fugue-asplos-EPIC-long-16000,F2,prefill_common,10,ff1,GPU,0,0.04853140239222662,0.04865898297983102,0.0001275805876043956,0.016864331257173334
Fugue-asplos-EPIC-long-16000,F2,prefill_common,10,ff2,GPU,0,0.04865898297983102,0.048786563567435416,0.0001275805876043956,0.016864331257173334
Fugue-asplos-EPIC-long-16000,F2,prefill_common,10,glu,GPU,0,0.048786563567435416,0.04880128081051234,1.4717243076923078e-05,0.0007416574771199998
Fugue-asplos-EPIC-long-16000,F2,prefill_common,10,ff3,GPU,0,0.04880128081051234,0.048940822078204646,0.0001395412676923077,0.01718813676885333
Fugue-asplos-EPIC-long-16000,F2,prefill_common,10,comm_g2g,GPU,0,0.048940822078204646,0.048940822078204646,0.0,2.94780928e-05
Fugue-asplos-EPIC-long-16000,F2,prefill_common,10,norm2,GPU,0,0.048940822078204646,0.04895400359385142,1.3181515646778041e-05,0.00027721453568000005
Fugue-asplos-EPIC-long-16000,F2,prefill_common,11,qkv,GPU,0,0.04895400359385142,0.04911098752000527,0.00015698392615384616,0.01877791735808
Fugue-asplos-EPIC-long-16000,F2,prefill_attention,11,attention_service,GPU,0,0.04911098752000527,0.05291625686427263,0.0038052693442673607,0.08963761718592
Fugue-asplos-EPIC-long-16000,F2,prefill_common,11,proj,GPU,0,0.05291625686427263,0.052968584839657246,5.2327975384615384e-05,0.006502948536319999
Fugue-asplos-EPIC-long-16000,F2,prefill_common,11,comm_g2g,GPU,0,0.052968584839657246,0.052968584839657246,0.0,2.94780928e-05
Fugue-asplos-EPIC-long-16000,F2,prefill_common,11,norm1,GPU,0,0.052968584839657246,0.05298176635530402,1.3181515646778041e-05,0.00027721453568000005
Fugue-asplos-EPIC-long-16000,F2,prefill_common,11,ff1,GPU,0,0.05298176635530402,0.05310934694290842,0.0001275805876043956,0.016864331257173334
Fugue-asplos-EPIC-long-16000,F2,prefill_common,11,ff2,GPU,0,0.05310934694290842,0.05323692753051282,0.0001275805876043956,0.016864331257173334
Fugue-asplos-EPIC-long-16000,F2,prefill_common,11,glu,GPU,0,0.05323692753051282,0.05325164477358974,1.4717243076923078e-05,0.0007416574771199998
Fugue-asplos-EPIC-long-16000,F2,prefill_common,11,ff3,GPU,0,0.05325164477358974,0.05339118604128205,0.0001395412676923077,0.01718813676885333
Fugue-asplos-EPIC-long-16000,F2,prefill_common,11,comm_g2g,GPU,0,0.05339118604128205,0.05339118604128205,0.0,2.94780928e-05
Fugue-asplos-EPIC-long-16000,F2,prefill_common,11,norm2,GPU,0,0.05339118604128205,0.053404367556928824,1.3181515646778041e-05,0.00027721453568000005
Fugue-asplos-EPIC-long-16000,F2,prefill_common,12,qkv,GPU,0,0.053404367556928824,0.05356135148308267,0.00015698392615384616,0.01877791735808
Fugue-asplos-EPIC-long-16000,F2,prefill_attention,12,attention_service,GPU,0,0.05356135148308267,0.05736662082735003,0.0038052693442673607,0.08963761718592
Fugue-asplos-EPIC-long-16000,F2,prefill_common,12,proj,GPU,0,0.05736662082735003,0.05741894880273465,5.2327975384615384e-05,0.006502948536319999
Fugue-asplos-EPIC-long-16000,F2,prefill_common,12,comm_g2g,GPU,0,0.05741894880273465,0.05741894880273465,0.0,2.94780928e-05
Fugue-asplos-EPIC-long-16000,F2,prefill_common,12,norm1,GPU,0,0.05741894880273465,0.05743213031838142,1.3181515646778041e-05,0.00027721453568000005
Fugue-asplos-EPIC-long-16000,F2,prefill_common,12,ff1,GPU,0,0.05743213031838142,0.05755971090598582,0.0001275805876043956,0.016864331257173334
Fugue-asplos-EPIC-long-16000,F2,prefill_common,12,ff2,GPU,0,0.05755971090598582,0.05768729149359022,0.0001275805876043956,0.016864331257173334
Fugue-asplos-EPIC-long-16000,F2,prefill_common,12,glu,GPU,0,0.05768729149359022,0.05770200873666714,1.4717243076923078e-05,0.0007416574771199998
Fugue-asplos-EPIC-long-16000,F2,prefill_common,12,ff3,GPU,0,0.05770200873666714,0.05784155000435945,0.0001395412676923077,0.01718813676885333
Fugue-asplos-EPIC-long-16000,F2,prefill_common,12,comm_g2g,GPU,0,0.05784155000435945,0.05784155000435945,0.0,2.94780928e-05
Fugue-asplos-EPIC-long-16000,F2,prefill_common,12,norm2,GPU,0,0.05784155000435945,0.057854731520006225,1.3181515646778041e-05,0.00027721453568000005
Fugue-asplos-EPIC-long-16000,F2,prefill_common,13,qkv,GPU,0,0.057854731520006225,0.05801171544616007,0.00015698392615384616,0.01877791735808
Fugue-asplos-EPIC-long-16000,F2,prefill_attention,13,attention_service,GPU,0,0.05801171544616007,0.06181698479042743,0.0038052693442673607,0.08963761718592
Fugue-asplos-EPIC-long-16000,F2,prefill_common,13,proj,GPU,0,0.06181698479042743,0.06186931276581205,5.2327975384615384e-05,0.006502948536319999
Fugue-asplos-EPIC-long-16000,F2,prefill_common,13,comm_g2g,GPU,0,0.06186931276581205,0.06186931276581205,0.0,2.94780928e-05
Fugue-asplos-EPIC-long-16000,F2,prefill_common,13,norm1,GPU,0,0.06186931276581205,0.061882494281458825,1.3181515646778041e-05,0.00027721453568000005
Fugue-asplos-EPIC-long-16000,F2,prefill_common,13,ff1,GPU,0,0.061882494281458825,0.06201007486906322,0.0001275805876043956,0.016864331257173334
Fugue-asplos-EPIC-long-16000,F2,prefill_common,13,ff2,GPU,0,0.06201007486906322,0.06213765545666762,0.0001275805876043956,0.016864331257173334
Fugue-asplos-EPIC-long-16000,F2,prefill_common,13,glu,GPU,0,0.06213765545666762,0.062152372699744544,1.4717243076923078e-05,0.0007416574771199998
Fugue-asplos-EPIC-long-16000,F2,prefill_common,13,ff3,GPU,0,0.062152372699744544,0.06229191396743685,0.0001395412676923077,0.01718813676885333
Fugue-asplos-EPIC-long-16000,F2,prefill_common,13,comm_g2g,GPU,0,0.06229191396743685,0.06229191396743685,0.0,2.94780928e-05
Fugue-asplos-EPIC-long-16000,F2,prefill_common,13,norm2,GPU,0,0.06229191396743685,0.062305095483083626,1.3181515646778041e-05,0.00027721453568000005
Fugue-asplos-EPIC-long-16000,F2,prefill_common,14,qkv,GPU,0,0.062305095483083626,0.062462079409237474,0.00015698392615384616,0.01877791735808
Fugue-asplos-EPIC-long-16000,F2,prefill_attention,14,attention_service,GPU,0,0.062462079409237474,0.06626734875350483,0.0038052693442673607,0.08963761718592
Fugue-asplos-EPIC-long-16000,F2,prefill_common,14,proj,GPU,0,0.06626734875350483,0.06631967672888944,5.2327975384615384e-05,0.006502948536319999
Fugue-asplos-EPIC-long-16000,F2,prefill_common,14,comm_g2g,GPU,0,0.06631967672888944,0.06631967672888944,0.0,2.94780928e-05
Fugue-asplos-EPIC-long-16000,F2,prefill_common,14,norm1,GPU,0,0.06631967672888944,0.06633285824453622,1.3181515646778041e-05,0.00027721453568000005
Fugue-asplos-EPIC-long-16000,F2,prefill_common,14,ff1,GPU,0,0.06633285824453622,0.06646043883214062,0.0001275805876043956,0.016864331257173334
Fugue-asplos-EPIC-long-16000,F2,prefill_common,14,ff2,GPU,0,0.06646043883214062,0.06658801941974501,0.0001275805876043956,0.016864331257173334
Fugue-asplos-EPIC-long-16000,F2,prefill_common,14,glu,GPU,0,0.06658801941974501,0.06660273666282193,1.4717243076923078e-05,0.0007416574771199998
Fugue-asplos-EPIC-long-16000,F2,prefill_common,14,ff3,GPU,0,0.06660273666282193,0.06674227793051424,0.0001395412676923077,0.01718813676885333
Fugue-asplos-EPIC-long-16000,F2,prefill_common,14,comm_g2g,GPU,0,0.06674227793051424,0.06674227793051424,0.0,2.94780928e-05
Fugue-asplos-EPIC-long-16000,F2,prefill_common,14,norm2,GPU,0,0.06674227793051424,0.06675545944616101,1.3181515646778041e-05,0.00027721453568000005
Fugue-asplos-EPIC-long-16000,F2,prefill_common,15,qkv,GPU,0,0.06675545944616101,0.06691244337231486,0.00015698392615384616,0.01877791735808
Fugue-asplos-EPIC-long-16000,F2,prefill_attention,15,attention_service,GPU,0,0.06691244337231486,0.07071771271658223,0.0038052693442673607,0.08963761718592
Fugue-asplos-EPIC-long-16000,F2,prefill_common,15,proj,GPU,0,0.07071771271658223,0.07077004069196684,5.2327975384615384e-05,0.006502948536319999
Fugue-asplos-EPIC-long-16000,F2,prefill_common,15,comm_g2g,GPU,0,0.07077004069196684,0.07077004069196684,0.0,2.94780928e-05
Fugue-asplos-EPIC-long-16000,F2,prefill_common,15,norm1,GPU,0,0.07077004069196684,0.07078322220761361,1.3181515646778041e-05,0.00027721453568000005
Fugue-asplos-EPIC-long-16000,F2,prefill_common,15,ff1,GPU,0,0.07078322220761361,0.07091080279521801,0.0001275805876043956,0.016864331257173334
Fugue-asplos-EPIC-long-16000,F2,prefill_common,15,ff2,GPU,0,0.07091080279521801,0.07103838338282241,0.0001275805876043956,0.016864331257173334
Fugue-asplos-EPIC-long-16000,F2,prefill_common,15,glu,GPU,0,0.07103838338282241,0.07105310062589933,1.4717243076923078e-05,0.0007416574771199998
Fugue-asplos-EPIC-long-16000,F2,prefill_common,15,ff3,GPU,0,0.07105310062589933,0.07119264189359163,0.0001395412676923077,0.01718813676885333
Fugue-asplos-EPIC-long-16000,F2,prefill_common,15,comm_g2g,GPU,0,0.07119264189359163,0.07119264189359163,0.0,2.94780928e-05
Fugue-asplos-EPIC-long-16000,F2,prefill_common,15,norm2,GPU,0,0.07119264189359163,0.07120582340923841,1.3181515646778041e-05,0.00027721453568000005
Fugue-asplos-EPIC-long-16000,F2,prefill_common,16,qkv,GPU,0,0.07120582340923841,0.07136280733539226,0.00015698392615384616,0.01877791735808
Fugue-asplos-EPIC-long-16000,F2,prefill_attention,16,attention_service,GPU,0,0.07136280733539226,0.07516807667965962,0.0038052693442673607,0.08963761718592
Fugue-asplos-EPIC-long-16000,F2,prefill_common,16,proj,GPU,0,0.07516807667965962,0.07522040465504423,5.2327975384615384e-05,0.006502948536319999
Fugue-asplos-EPIC-long-16000,F2,prefill_common,16,comm_g2g,GPU,0,0.07522040465504423,0.07522040465504423,0.0,2.94780928e-05
Fugue-asplos-EPIC-long-16000,F2,prefill_common,16,norm1,GPU,0,0.07522040465504423,0.07523358617069101,1.3181515646778041e-05,0.00027721453568000005
Fugue-asplos-EPIC-long-16000,F2,prefill_common,16,ff1,GPU,0,0.07523358617069101,0.0753611667582954,0.0001275805876043956,0.016864331257173334
Fugue-asplos-EPIC-long-16000,F2,prefill_common,16,ff2,GPU,0,0.0753611667582954,0.0754887473458998,0.0001275805876043956,0.016864331257173334
Fugue-asplos-EPIC-long-16000,F2,prefill_common,16,glu,GPU,0,0.0754887473458998,0.07550346458897672,1.4717243076923078e-05,0.0007416574771199998
Fugue-asplos-EPIC-long-16000,F2,prefill_common,16,ff3,GPU,0,0.07550346458897672,0.07564300585666903,0.0001395412676923077,0.01718813676885333
Fugue-asplos-EPIC-long-16000,F2,prefill_common,16,comm_g2g,GPU,0,0.07564300585666903,0.07564300585666903,0.0,2.94780928e-05
Fugue-asplos-EPIC-long-16000,F2,prefill_common,16,norm2,GPU,0,0.07564300585666903,0.0756561873723158,1.3181515646778041e-05,0.00027721453568000005
Fugue-asplos-EPIC-long-16000,F2,prefill_common,17,qkv,GPU,0,0.0756561873723158,0.07581317129846965,0.00015698392615384616,0.01877791735808
Fugue-asplos-EPIC-long-16000,F2,prefill_attention,17,attention_service,GPU,0,0.07581317129846965,0.07961844064273702,0.0038052693442673607,0.08963761718592
Fugue-asplos-EPIC-long-16000,F2,prefill_common,17,proj,GPU,0,0.07961844064273702,0.07967076861812163,5.2327975384615384e-05,0.006502948536319999
Fugue-asplos-EPIC-long-16000,F2,prefill_common,17,comm_g2g,GPU,0,0.07967076861812163,0.07967076861812163,0.0,2.94780928e-05
Fugue-asplos-EPIC-long-16000,F2,prefill_common,17,norm1,GPU,0,0.07967076861812163,0.0796839501337684,1.3181515646778041e-05,0.00027721453568000005
Fugue-asplos-EPIC-long-16000,F2,prefill_common,17,ff1,GPU,0,0.0796839501337684,0.0798115307213728,0.0001275805876043956,0.016864331257173334
Fugue-asplos-EPIC-long-16000,F2,prefill_common,17,ff2,GPU,0,0.0798115307213728,0.0799391113089772,0.0001275805876043956,0.016864331257173334
Fugue-asplos-EPIC-long-16000,F2,prefill_common,17,glu,GPU,0,0.0799391113089772,0.07995382855205412,1.4717243076923078e-05,0.0007416574771199998
Fugue-asplos-EPIC-long-16000,F2,prefill_common,17,ff3,GPU,0,0.07995382855205412,0.08009336981974642,0.0001395412676923077,0.01718813676885333
Fugue-asplos-EPIC-long-16000,F2,prefill_common,17,comm_g2g,GPU,0,0.08009336981974642,0.08009336981974642,0.0,2.94780928e-05
Fugue-asplos-EPIC-long-16000,F2,prefill_common,17,norm2,GPU,0,0.08009336981974642,0.0801065513353932,1.3181515646778041e-05,0.00027721453568000005
Fugue-asplos-EPIC-long-16000,F2,prefill_common,18,qkv,GPU,0,0.0801065513353932,0.08026353526154704,0.00015698392615384616,0.01877791735808
Fugue-asplos-EPIC-long-16000,F2,prefill_attention,18,attention_service,GPU,0,0.08026353526154704,0.08406880460581441,0.0038052693442673607,0.08963761718592
Fugue-asplos-EPIC-long-16000,F2,prefill_common,18,proj,GPU,0,0.08406880460581441,0.08412113258119902,5.2327975384615384e-05,0.006502948536319999
Fugue-asplos-EPIC-long-16000,F2,prefill_common,18,comm_g2g,GPU,0,0.08412113258119902,0.08412113258119902,0.0,2.94780928e-05
Fugue-asplos-EPIC-long-16000,F2,prefill_common,18,norm1,GPU,0,0.08412113258119902,0.0841343140968458,1.3181515646778041e-05,0.00027721453568000005
Fugue-asplos-EPIC-long-16000,F2,prefill_common,18,ff1,GPU,0,0.0841343140968458,0.0842618946844502,0.0001275805876043956,0.016864331257173334
Fugue-asplos-EPIC-long-16000,F2,prefill_common,18,ff2,GPU,0,0.0842618946844502,0.08438947527205459,0.0001275805876043956,0.016864331257173334
Fugue-asplos-EPIC-long-16000,F2,prefill_common,18,glu,GPU,0,0.08438947527205459,0.08440419251513151,1.4717243076923078e-05,0.0007416574771199998
Fugue-asplos-EPIC-long-16000,F2,prefill_common,18,ff3,GPU,0,0.08440419251513151,0.08454373378282382,0.0001395412676923077,0.01718813676885333
Fugue-asplos-EPIC-long-16000,F2,prefill_common,18,comm_g2g,GPU,0,0.08454373378282382,0.08454373378282382,0.0,2.94780928e-05
Fugue-asplos-EPIC-long-16000,F2,prefill_common,18,norm2,GPU,0,0.08454373378282382,0.08455691529847059,1.3181515646778041e-05,0.00027721453568000005
Fugue-asplos-EPIC-long-16000,F2,prefill_common,19,qkv,GPU,0,0.08455691529847059,0.08471389922462444,0.00015698392615384616,0.01877791735808
Fugue-asplos-EPIC-long-16000,F2,prefill_attention,19,attention_service,GPU,0,0.08471389922462444,0.0885191685688918,0.0038052693442673607,0.08963761718592
Fugue-asplos-EPIC-long-16000,F2,prefill_common,19,proj,GPU,0,0.0885191685688918,0.08857149654427642,5.2327975384615384e-05,0.006502948536319999
Fugue-asplos-EPIC-long-16000,F2,prefill_common,19,comm_g2g,GPU,0,0.08857149654427642,0.08857149654427642,0.0,2.94780928e-05
Fugue-asplos-EPIC-long-16000,F2,prefill_common,19,norm1,GPU,0,0.08857149654427642,0.08858467805992319,1.3181515646778041e-05,0.00027721453568000005
Fugue-asplos-EPIC-long-16000,F2,prefill_common,19,ff1,GPU,0,0.08858467805992319,0.08871225864752759,0.0001275805876043956,0.016864331257173334
Fugue-asplos-EPIC-long-16000,F2,prefill_common,19,ff2,GPU,0,0.08871225864752759,0.08883983923513199,0.0001275805876043956,0.016864331257173334
Fugue-asplos-EPIC-long-16000,F2,prefill_common,19,glu,GPU,0,0.08883983923513199,0.0888545564782089,1.4717243076923078e-05,0.0007416574771199998
Fugue-asplos-EPIC-long-16000,F2,prefill_common,19,ff3,GPU,0,0.0888545564782089,0.08899409774590121,0.0001395412676923077,0.01718813676885333
Fugue-asplos-EPIC-long-16000,F2,prefill_common,19,comm_g2g,GPU,0,0.08899409774590121,0.08899409774590121,0.0,2.94780928e-05
Fugue-asplos-EPIC-long-16000,F2,prefill_common,19,norm2,GPU,0,0.08899409774590121,0.08900727926154799,1.3181515646778041e-05,0.00027721453568000005
Fugue-asplos-EPIC-long-16000,F2,prefill_common,20,qkv,GPU,0,0.08900727926154799,0.08916426318770183,0.00015698392615384616,0.01877791735808
Fugue-asplos-EPIC-long-16000,F2,prefill_attention,20,attention_service,GPU,0,0.08916426318770183,0.0929695325319692,0.0038052693442673607,0.08963761718592
Fugue-asplos-EPIC-long-16000,F2,prefill_common,20,proj,GPU,0,0.0929695325319692,0.09302186050735381,5.2327975384615384e-05,0.006502948536319999
Fugue-asplos-EPIC-long-16000,F2,prefill_common,20,comm_g2g,GPU,0,0.09302186050735381,0.09302186050735381,0.0,2.94780928e-05
Fugue-asplos-EPIC-long-16000,F2,prefill_common,20,norm1,GPU,0,0.09302186050735381,0.09303504202300059,1.3181515646778041e-05,0.00027721453568000005
Fugue-asplos-EPIC-long-16000,F2,prefill_common,20,ff1,GPU,0,0.09303504202300059,0.09316262261060498,0.0001275805876043956,0.016864331257173334
Fugue-asplos-EPIC-long-16000,F2,prefill_common,20,ff2,GPU,0,0.09316262261060498,0.09329020319820938,0.0001275805876043956,0.016864331257173334
Fugue-asplos-EPIC-long-16000,F2,prefill_common,20,glu,GPU,0,0.09329020319820938,0.0933049204412863,1.4717243076923078e-05,0.0007416574771199998
Fugue-asplos-EPIC-long-16000,F2,prefill_common,20,ff3,GPU,0,0.0933049204412863,0.0934444617089786,0.0001395412676923077,0.01718813676885333
Fugue-asplos-EPIC-long-16000,F2,prefill_common,20,comm_g2g,GPU,0,0.0934444617089786,0.0934444617089786,0.0,2.94780928e-05
Fugue-asplos-EPIC-long-16000,F2,prefill_common,20,norm2,GPU,0,0.0934444617089786,0.09345764322462538,1.3181515646778041e-05,0.00027721453568000005
Fugue-asplos-EPIC-long-16000,F2,prefill_common,21,qkv,GPU,0,0.09345764322462538,0.09361462715077923,0.00015698392615384616,0.01877791735808
Fugue-asplos-EPIC-long-16000,F2,prefill_attention,21,attention_service,GPU,0,0.09361462715077923,0.09741989649504659,0.0038052693442673607,0.08963761718592
Fugue-asplos-EPIC-long-16000,F2,prefill_common,21,proj,GPU,0,0.09741989649504659,0.0974722244704312,5.2327975384615384e-05,0.006502948536319999
Fugue-asplos-EPIC-long-16000,F2,prefill_common,21,comm_g2g,GPU,0,0.0974722244704312,0.0974722244704312,0.0,2.94780928e-05
Fugue-asplos-EPIC-long-16000,F2,prefill_common,21,norm1,GPU,0,0.0974722244704312,0.09748540598607798,1.3181515646778041e-05,0.00027721453568000005
Fugue-asplos-EPIC-long-16000,F2,prefill_common,21,ff1,GPU,0,0.09748540598607798,0.09761298657368238,0.0001275805876043956,0.016864331257173334
Fugue-asplos-EPIC-long-16000,F2,prefill_common,21,ff2,GPU,0,0.09761298657368238,0.09774056716128678,0.0001275805876043956,0.016864331257173334
Fugue-asplos-EPIC-long-16000,F2,prefill_common,21,glu,GPU,0,0.09774056716128678,0.0977552844043637,1.4717243076923078e-05,0.0007416574771199998
Fugue-asplos-EPIC-long-16000,F2,prefill_common,21,ff3,GPU,0,0.0977552844043637,0.097894825672056,0.0001395412676923077,0.01718813676885333
Fugue-asplos-EPIC-long-16000,F2,prefill_common,21,comm_g2g,GPU,0,0.097894825672056,0.097894825672056,0.0,2.94780928e-05
Fugue-asplos-EPIC-long-16000,F2,prefill_common,21,norm2,GPU,0,0.097894825672056,0.09790800718770278,1.3181515646778041e-05,0.00027721453568000005
Fugue-asplos-EPIC-long-16000,F2,prefill_common,22,qkv,GPU,0,0.09790800718770278,0.09806499111385662,0.00015698392615384616,0.01877791735808
Fugue-asplos-EPIC-long-16000,F2,prefill_attention,22,attention_service,GPU,0,0.09806499111385662,0.10187026045812399,0.0038052693442673607,0.08963761718592
Fugue-asplos-EPIC-long-16000,F2,prefill_common,22,proj,GPU,0,0.10187026045812399,0.1019225884335086,5.2327975384615384e-05,0.006502948536319999
Fugue-asplos-EPIC-long-16000,F2,prefill_common,22,comm_g2g,GPU,0,0.1019225884335086,0.1019225884335086,0.0,2.94780928e-05
Fugue-asplos-EPIC-long-16000,F2,prefill_common,22,norm1,GPU,0,0.1019225884335086,0.10193576994915537,1.3181515646778041e-05,0.00027721453568000005
Fugue-asplos-EPIC-long-16000,F2,prefill_common,22,ff1,GPU,0,0.10193576994915537,0.10206335053675977,0.0001275805876043956,0.016864331257173334
Fugue-asplos-EPIC-long-16000,F2,prefill_common,22,ff2,GPU,0,0.10206335053675977,0.10219093112436417,0.0001275805876043956,0.016864331257173334
Fugue-asplos-EPIC-long-16000,F2,prefill_common,22,glu,GPU,0,0.10219093112436417,0.10220564836744109,1.4717243076923078e-05,0.0007416574771199998
Fugue-asplos-EPIC-long-16000,F2,prefill_common,22,ff3,GPU,0,0.10220564836744109,0.1023451896351334,0.0001395412676923077,0.01718813676885333
Fugue-asplos-EPIC-long-16000,F2,prefill_common,22,comm_g2g,GPU,0,0.1023451896351334,0.1023451896351334,0.0,2.94780928e-05
Fugue-asplos-EPIC-long-16000,F2,prefill_common,22,norm2,GPU,0,0.1023451896351334,0.10235837115078017,1.3181515646778041e-05,0.00027721453568000005
Fugue-asplos-EPIC-long-16000,F2,prefill_common,23,qkv,GPU,0,0.10235837115078017,0.10251535507693402,0.00015698392615384616,0.01877791735808
Fugue-asplos-EPIC-long-16000,F2,prefill_attention,23,attention_service,GPU,0,0.10251535507693402,0.10632062442120138,0.0038052693442673607,0.08963761718592
Fugue-asplos-EPIC-long-16000,F2,prefill_common,23,proj,GPU,0,0.10632062442120138,0.10637295239658599,5.2327975384615384e-05,0.006502948536319999
Fugue-asplos-EPIC-long-16000,F2,prefill_common,23,comm_g2g,GPU,0,0.10637295239658599,0.10637295239658599,0.0,2.94780928e-05
Fugue-asplos-EPIC-long-16000,F2,prefill_common,23,norm1,GPU,0,0.10637295239658599,0.10638613391223277,1.3181515646778041e-05,0.00027721453568000005
Fugue-asplos-EPIC-long-16000,F2,prefill_common,23,ff1,GPU,0,0.10638613391223277,0.10651371449983717,0.0001275805876043956,0.016864331257173334
Fugue-asplos-EPIC-long-16000,F2,prefill_common,23,ff2,GPU,0,0.10651371449983717,0.10664129508744156,0.0001275805876043956,0.016864331257173334
Fugue-asplos-EPIC-long-16000,F2,prefill_common,23,glu,GPU,0,0.10664129508744156,0.10665601233051848,1.4717243076923078e-05,0.0007416574771199998
Fugue-asplos-EPIC-long-16000,F2,prefill_common,23,ff3,GPU,0,0.10665601233051848,0.10679555359821079,0.0001395412676923077,0.01718813676885333
Fugue-asplos-EPIC-long-16000,F2,prefill_common,23,comm_g2g,GPU,0,0.10679555359821079,0.10679555359821079,0.0,2.94780928e-05
Fugue-asplos-EPIC-long-16000,F2,prefill_common,23,norm2,GPU,0,0.10679555359821079,0.10680873511385756,1.3181515646778041e-05,0.00027721453568000005
Fugue-asplos-EPIC-long-16000,F2,prefill_common,24,qkv,GPU,0,0.10680873511385756,0.10696571904001141,0.00015698392615384616,0.01877791735808
Fugue-asplos-EPIC-long-16000,F2,prefill_attention,24,attention_service,GPU,0,0.10696571904001141,0.11077098838427878,0.0038052693442673607,0.08963761718592
Fugue-asplos-EPIC-long-16000,F2,prefill_common,24,proj,GPU,0,0.11077098838427878,0.11082331635966339,5.2327975384615384e-05,0.006502948536319999
Fugue-asplos-EPIC-long-16000,F2,prefill_common,24,comm_g2g,GPU,0,0.11082331635966339,0.11082331635966339,0.0,2.94780928e-05
Fugue-asplos-EPIC-long-16000,F2,prefill_common,24,norm1,GPU,0,0.11082331635966339,0.11083649787531016,1.3181515646778041e-05,0.00027721453568000005
Fugue-asplos-EPIC-long-16000,F2,prefill_common,24,ff1,GPU,0,0.11083649787531016,0.11096407846291456,0.0001275805876043956,0.016864331257173334
Fugue-asplos-EPIC-long-16000,F2,prefill_common,24,ff2,GPU,0,0.11096407846291456,0.11109165905051896,0.0001275805876043956,0.016864331257173334
Fugue-asplos-EPIC-long-16000,F2,prefill_common,24,glu,GPU,0,0.11109165905051896,0.11110637629359588,1.4717243076923078e-05,0.0007416574771199998
Fugue-asplos-EPIC-long-16000,F2,prefill_common,24,ff3,GPU,0,0.11110637629359588,0.11124591756128818,0.0001395412676923077,0.01718813676885333
Fugue-asplos-EPIC-long-16000,F2,prefill_common,24,comm_g2g,GPU,0,0.11124591756128818,0.11124591756128818,0.0,2.94780928e-05
Fugue-asplos-EPIC-long-16000,F2,prefill_common,24,norm2,GPU,0,0.11124591756128818,0.11125909907693496,1.3181515646778041e-05,0.00027721453568000005
Fugue-asplos-EPIC-long-16000,F2,prefill_common,25,qkv,GPU,0,0.11125909907693496,0.1114160830030888,0.00015698392615384616,0.01877791735808
Fugue-asplos-EPIC-long-16000,F2,prefill_attention,25,attention_service,GPU,0,0.1114160830030888,0.11522135234735617,0.0038052693442673607,0.08963761718592
Fugue-asplos-EPIC-long-16000,F2,prefill_common,25,proj,GPU,0,0.11522135234735617,0.11527368032274078,5.2327975384615384e-05,0.006502948536319999
Fugue-asplos-EPIC-long-16000,F2,prefill_common,25,comm_g2g,GPU,0,0.11527368032274078,0.11527368032274078,0.0,2.94780928e-05
Fugue-asplos-EPIC-long-16000,F2,prefill_common,25,norm1,GPU,0,0.11527368032274078,0.11528686183838756,1.3181515646778041e-05,0.00027721453568000005
Fugue-asplos-EPIC-long-16000,F2,prefill_common,25,ff1,GPU,0,0.11528686183838756,0.11541444242599196,0.0001275805876043956,0.016864331257173334
Fugue-asplos-EPIC-long-16000,F2,prefill_common,25,ff2,GPU,0,0.11541444242599196,0.11554202301359635,0.0001275805876043956,0.016864331257173334
Fugue-asplos-EPIC-long-16000,F2,prefill_common,25,glu,GPU,0,0.11554202301359635,0.11555674025667327,1.4717243076923078e-05,0.0007416574771199998
Fugue-asplos-EPIC-long-16000,F2,prefill_common,25,ff3,GPU,0,0.11555674025667327,0.11569628152436558,0.0001395412676923077,0.01718813676885333
Fugue-asplos-EPIC-long-16000,F2,prefill_common,25,comm_g2g,GPU,0,0.11569628152436558,0.11569628152436558,0.0,2.94780928e-05
Fugue-asplos-EPIC-long-16000,F2,prefill_common,25,norm2,GPU,0,0.11569628152436558,0.11570946304001235,1.3181515646778041e-05,0.00027721453568000005
Fugue-asplos-EPIC-long-16000,F2,prefill_common,26,qkv,GPU,0,0.11570946304001235,0.1158664469661662,0.00015698392615384616,0.01877791735808
Fugue-asplos-EPIC-long-16000,F2,prefill_attention,26,attention_service,GPU,0,0.1158664469661662,0.11967171631043357,0.0038052693442673607,0.08963761718592
Fugue-asplos-EPIC-long-16000,F2,prefill_common,26,proj,GPU,0,0.11967171631043357,0.11972404428581818,5.2327975384615384e-05,0.006502948536319999
Fugue-asplos-EPIC-long-16000,F2,prefill_common,26,comm_g2g,GPU,0,0.11972404428581818,0.11972404428581818,0.0,2.94780928e-05
Fugue-asplos-EPIC-long-16000,F2,prefill_common,26,norm1,GPU,0,0.11972404428581818,0.11973722580146495,1.3181515646778041e-05,0.00027721453568000005
Fugue-asplos-EPIC-long-16000,F2,prefill_common,26,ff1,GPU,0,0.11973722580146495,0.11986480638906935,0.0001275805876043956,0.016864331257173334
Fugue-asplos-EPIC-long-16000,F2,prefill_common,26,ff2,GPU,0,0.11986480638906935,0.11999238697667375,0.0001275805876043956,0.016864331257173334
Fugue-asplos-EPIC-long-16000,F2,prefill_common,26,glu,GPU,0,0.11999238697667375,0.12000710421975067,1.4717243076923078e-05,0.0007416574771199998
Fugue-asplos-EPIC-long-16000,F2,prefill_common,26,ff3,GPU,0,0.12000710421975067,0.12014664548744297,0.0001395412676923077,0.01718813676885333
Fugue-asplos-EPIC-long-16000,F2,prefill_common,26,comm_g2g,GPU,0,0.12014664548744297,0.12014664548744297,0.0,2.94780928e-05
Fugue-asplos-EPIC-long-16000,F2,prefill_common,26,norm2,GPU,0,0.12014664548744297,0.12015982700308975,1.3181515646778041e-05,0.00027721453568000005
Fugue-asplos-EPIC-long-16000,F2,prefill_common,27,qkv,GPU,0,0.12015982700308975,0.1203168109292436,0.00015698392615384616,0.01877791735808
Fugue-asplos-EPIC-long-16000,F2,prefill_attention,27,attention_service,GPU,0,0.1203168109292436,0.12412208027351096,0.0038052693442673607,0.08963761718592
Fugue-asplos-EPIC-long-16000,F2,prefill_common,27,proj,GPU,0,0.12412208027351096,0.12417440824889557,5.2327975384615384e-05,0.006502948536319999
Fugue-asplos-EPIC-long-16000,F2,prefill_common,27,comm_g2g,GPU,0,0.12417440824889557,0.12417440824889557,0.0,2.94780928e-05
Fugue-asplos-EPIC-long-16000,F2,prefill_common,27,norm1,GPU,0,0.12417440824889557,0.12418758976454235,1.3181515646778041e-05,0.00027721453568000005
Fugue-asplos-EPIC-long-16000,F2,prefill_common,27,ff1,GPU,0,0.12418758976454235,0.12431517035214674,0.0001275805876043956,0.016864331257173334
Fugue-asplos-EPIC-long-16000,F2,prefill_common,27,ff2,GPU,0,0.12431517035214674,0.12444275093975114,0.0001275805876043956,0.016864331257173334
Fugue-asplos-EPIC-long-16000,F2,prefill_common,27,glu,GPU,0,0.12444275093975114,0.12445746818282806,1.4717243076923078e-05,0.0007416574771199998
Fugue-asplos-EPIC-long-16000,F2,prefill_common,27,ff3,GPU,0,0.12445746818282806,0.12459700945052037,0.0001395412676923077,0.01718813676885333
Fugue-asplos-EPIC-long-16000,F2,prefill_common,27,comm_g2g,GPU,0,0.12459700945052037,0.12459700945052037,0.0,2.94780928e-05
Fugue-asplos-EPIC-long-16000,F2,prefill_common,27,norm2,GPU,0,0.12459700945052037,0.12461019096616714,1.3181515646778041e-05,0.00027721453568000005
Fugue-asplos-EPIC-long-16000,F2,prefill_common,28,qkv,GPU,0,0.12461019096616714,0.12476717489232099,0.00015698392615384616,0.01877791735808
Fugue-asplos-EPIC-long-16000,F2,prefill_attention,28,attention_service,GPU,0,0.12476717489232099,0.12857244423658834,0.0038052693442673607,0.08963761718592
Fugue-asplos-EPIC-long-16000,F2,prefill_common,28,proj,GPU,0,0.12857244423658834,0.12862477221197297,5.2327975384615384e-05,0.006502948536319999
Fugue-asplos-EPIC-long-16000,F2,prefill_common,28,comm_g2g,GPU,0,0.12862477221197297,0.12862477221197297,0.0,2.94780928e-05
Fugue-asplos-EPIC-long-16000,F2,prefill_common,28,norm1,GPU,0,0.12862477221197297,0.12863795372761974,1.3181515646778041e-05,0.00027721453568000005
Fugue-asplos-EPIC-long-16000,F2,prefill_common,28,ff1,GPU,0,0.12863795372761974,0.12876553431522414,0.0001275805876043956,0.016864331257173334
Fugue-asplos-EPIC-long-16000,F2,prefill_common,28,ff2,GPU,0,0.12876553431522414,0.12889311490282854,0.0001275805876043956,0.016864331257173334
Fugue-asplos-EPIC-long-16000,F2,prefill_common,28,glu,GPU,0,0.12889311490282854,0.12890783214590545,1.4717243076923078e-05,0.0007416574771199998
Fugue-asplos-EPIC-long-16000,F2,prefill_common,28,ff3,GPU,0,0.12890783214590545,0.12904737341359776,0.0001395412676923077,0.01718813676885333
Fugue-asplos-EPIC-long-16000,F2,prefill_common,28,comm_g2g,GPU,0,0.12904737341359776,0.12904737341359776,0.0,2.94780928e-05
Fugue-asplos-EPIC-long-16000,F2,prefill_common,28,norm2,GPU,0,0.12904737341359776,0.12906055492924454,1.3181515646778041e-05,0.00027721453568000005
Fugue-asplos-EPIC-long-16000,F2,prefill_common,29,qkv,GPU,0,0.12906055492924454,0.12921753885539838,0.00015698392615384616,0.01877791735808
Fugue-asplos-EPIC-long-16000,F2,prefill_attention,29,attention_service,GPU,0,0.12921753885539838,0.13302280819966575,0.0038052693442673607,0.08963761718592
Fugue-asplos-EPIC-long-16000,F2,prefill_common,29,proj,GPU,0,0.13302280819966575,0.13307513617505037,5.2327975384615384e-05,0.006502948536319999
Fugue-asplos-EPIC-long-16000,F2,prefill_common,29,comm_g2g,GPU,0,0.13307513617505037,0.13307513617505037,0.0,2.94780928e-05
Fugue-asplos-EPIC-long-16000,F2,prefill_common,29,norm1,GPU,0,0.13307513617505037,0.13308831769069715,1.3181515646778041e-05,0.00027721453568000005
Fugue-asplos-EPIC-long-16000,F2,prefill_common,29,ff1,GPU,0,0.13308831769069715,0.13321589827830155,0.0001275805876043956,0.016864331257173334
Fugue-asplos-EPIC-long-16000,F2,prefill_common,29,ff2,GPU,0,0.13321589827830155,0.13334347886590595,0.0001275805876043956,0.016864331257173334
Fugue-asplos-EPIC-long-16000,F2,prefill_common,29,glu,GPU,0,0.13334347886590595,0.13335819610898286,1.4717243076923078e-05,0.0007416574771199998
Fugue-asplos-EPIC-long-16000,F2,prefill_common,29,ff3,GPU,0,0.13335819610898286,0.13349773737667517,0.0001395412676923077,0.01718813676885333
Fugue-asplos-EPIC-long-16000,F2,prefill_common,29,comm_g2g,GPU,0,0.13349773737667517,0.13349773737667517,0.0,2.94780928e-05
Fugue-asplos-EPIC-long-16000,F2,prefill_common,29,norm2,GPU,0,0.13349773737667517,0.13351091889232194,1.3181515646778041e-05,0.00027721453568000005
Fugue-asplos-EPIC-long-16000,F2,prefill_common,30,qkv,GPU,0,0.13351091889232194,0.1336679028184758,0.00015698392615384616,0.01877791735808
Fugue-asplos-EPIC-long-16000,F2,prefill_attention,30,attention_service,GPU,0,0.1336679028184758,0.13747317216274316,0.0038052693442673607,0.08963761718592
Fugue-asplos-EPIC-long-16000,F2,prefill_common,30,proj,GPU,0,0.13747317216274316,0.13752550013812778,5.2327975384615384e-05,0.006502948536319999
Fugue-asplos-EPIC-long-16000,F2,prefill_common,30,comm_g2g,GPU,0,0.13752550013812778,0.13752550013812778,0.0,2.94780928e-05
Fugue-asplos-EPIC-long-16000,F2,prefill_common,30,norm1,GPU,0,0.13752550013812778,0.13753868165377456,1.3181515646778041e-05,0.00027721453568000005
Fugue-asplos-EPIC-long-16000,F2,prefill_common,30,ff1,GPU,0,0.13753868165377456,0.13766626224137896,0.0001275805876043956,0.016864331257173334
Fugue-asplos-EPIC-long-16000,F2,prefill_common,30,ff2,GPU,0,0.13766626224137896,0.13779384282898335,0.0001275805876043956,0.016864331257173334
Fugue-asplos-EPIC-long-16000,F2,prefill_common,30,glu,GPU,0,0.13779384282898335,0.13780856007206027,1.4717243076923078e-05,0.0007416574771199998
Fugue-asplos-EPIC-long-16000,F2,prefill_common,30,ff3,GPU,0,0.13780856007206027,0.13794810133975258,0.0001395412676923077,0.01718813676885333
Fugue-asplos-EPIC-long-16000,F2,prefill_common,30,comm_g2g,GPU,0,0.13794810133975258,0.13794810133975258,0.0,2.94780928e-05
Fugue-asplos-EPIC-long-16000,F2,prefill_common,30,norm2,GPU,0,0.13794810133975258,0.13796128285539935,1.3181515646778041e-05,0.00027721453568000005
Fugue-asplos-EPIC-long-16000,F2,prefill_common,31,qkv,GPU,0,0.13796128285539935,0.1381182667815532,0.00015698392615384616,0.01877791735808
Fugue-asplos-EPIC-long-16000,F2,prefill_attention,31,attention_service,GPU,0,0.1381182667815532,0.14192353612582057,0.0038052693442673607,0.08963761718592
Fugue-asplos-EPIC-long-16000,F2,prefill_common,31,proj,GPU,0,0.14192353612582057,0.1419758641012052,5.2327975384615384e-05,0.006502948536319999
Fugue-asplos-EPIC-long-16000,F2,prefill_common,31,comm_g2g,GPU,0,0.1419758641012052,0.1419758641012052,0.0,2.94780928e-05
Fugue-asplos-EPIC-long-16000,F2,prefill_common,31,norm1,GPU,0,0.1419758641012052,0.14198904561685197,1.3181515646778041e-05,0.00027721453568000005
Fugue-asplos-EPIC-long-16000,F2,prefill_common,31,ff1,GPU,0,0.14198904561685197,0.14211662620445636,0.0001275805876043956,0.016864331257173334
Fugue-asplos-EPIC-long-16000,F2,prefill_common,31,ff2,GPU,0,0.14211662620445636,0.14224420679206076,0.0001275805876043956,0.016864331257173334
Fugue-asplos-EPIC-long-16000,F2,prefill_common,31,glu,GPU,0,0.14224420679206076,0.14225892403513768,1.4717243076923078e-05,0.0007416574771199998
Fugue-asplos-EPIC-long-16000,F2,prefill_common,31,ff3,GPU,0,0.14225892403513768,0.14239846530282999,0.0001395412676923077,0.01718813676885333
Fugue-asplos-EPIC-long-16000,F2,prefill_common,31,comm_g2g,GPU,0,0.14239846530282999,0.14239846530282999,0.0,2.94780928e-05
Fugue-asplos-EPIC-long-16000,F2,prefill_common,31,norm2,GPU,0,0.14239846530282999,0.14241164681847676,1.3181515646778041e-05,0.00027721453568000005
Fugue-asplos-EPIC-long-16000,F2,decode,all,native_transformer,GPU+PIM,1,0.14241164681847676,0.14864362335097772,0.006231976532500973,0.46728761473597424
Fugue-asplos-EPIC-long-16000,F2,decode,all,native_transformer,GPU+PIM,2,0.14864362335097772,0.15487559988347868,0.006231976532500973,0.4672876575121407
Fugue-asplos-EPIC-long-16000,F2,decode,all,native_transformer,GPU+PIM,3,0.15487559988347868,0.16110757641597964,0.006231976532500973,0.4672877002883071
Fugue-asplos-EPIC-long-16000,F2,decode,all,native_transformer,GPU+PIM,4,0.16110757641597964,0.1673401435404806,0.0062325671245009725,0.4673281132404735
Fugue-asplos-EPIC-long-16000,F2,decode,all,native_transformer,GPU+PIM,5,0.1673401435404806,0.17357271066498156,0.0062325671245009725,0.4673281560166399
Fugue-asplos-EPIC-long-16000,F2,decode,all,native_transformer,GPU+PIM,6,0.17357271066498156,0.17980527778948252,0.0062325671245009725,0.46732819879280624
Fugue-asplos-EPIC-long-16000,F2,decode,all,native_transformer,GPU+PIM,7,0.17980527778948252,0.18603784491398348,0.0062325671245009725,0.46732824156897274
Fugue-asplos-EPIC-long-16000,F2,decode,all,native_transformer,GPU+PIM,8,0.18603784491398348,0.19227041203848444,0.0062325671245009725,0.46732828434513907
Fugue-asplos-EPIC-long-16000,F2,decode,all,native_transformer,GPU+PIM,9,0.19227041203848444,0.1985029791629854,0.0062325671245009725,0.46732832712130545
Fugue-asplos-EPIC-long-16000,F2,decode,all,native_transformer,GPU+PIM,10,0.1985029791629854,0.20473554628748636,0.0062325671245009725,0.46732836989747184
Fugue-asplos-EPIC-long-16000,F2,decode,all,native_transformer,GPU+PIM,11,0.20473554628748636,0.21096811341198732,0.0062325671245009725,0.4673284126736383
Fugue-asplos-EPIC-long-16000,F2,decode,all,native_transformer,GPU+PIM,12,0.21096811341198732,0.21720068053648828,0.0062325671245009725,0.46732845544980467
Fugue-asplos-EPIC-long-16000,F2,decode,all,native_transformer,GPU+PIM,13,0.21720068053648828,0.22343324766098924,0.0062325671245009725,0.46732849822597106
Fugue-asplos-EPIC-long-16000,F2,decode,all,native_transformer,GPU+PIM,14,0.22343324766098924,0.2296658147854902,0.0062325671245009725,0.4673285410021375
Fugue-asplos-EPIC-long-16000,F2,decode,all,native_transformer,GPU+PIM,15,0.2296658147854902,0.23589838190999116,0.0062325671245009725,0.4673285837783039
Fugue-asplos-EPIC-long-16000,F3,prefill_common,0,qkv,GPU,0,0.0,0.00015698392615384616,0.00015698392615384616,0.01877791735808
Fugue-asplos-EPIC-long-16000,F3,prefill_attention,0,attention_service,GPU,0,0.00015698392615384616,0.0030859823370878734,0.002928998410934027,0.08696260805952001
Fugue-asplos-EPIC-long-16000,F3,prefill_common,0,proj,GPU,0,0.0030859823370878734,0.003138310312472489,5.2327975384615384e-05,0.006502948536319999
Fugue-asplos-EPIC-long-16000,F3,prefill_common,0,comm_g2g,GPU,0,0.003138310312472489,0.003138310312472489,0.0,2.94780928e-05
Fugue-asplos-EPIC-long-16000,F3,prefill_common,0,norm1,GPU,0,0.003138310312472489,0.003151491828119267,1.3181515646778041e-05,0.00027721453568000005
Fugue-asplos-EPIC-long-16000,F3,prefill_common,0,ff1,GPU,0,0.003151491828119267,0.0032790724157236626,0.0001275805876043956,0.016864331257173334
Fugue-asplos-EPIC-long-16000,F3,prefill_common,0,ff2,GPU,0,0.0032790724157236626,0.0034066530033280583,0.0001275805876043956,0.016864331257173334
Fugue-asplos-EPIC-long-16000,F3,prefill_common,0,glu,GPU,0,0.0034066530033280583,0.0034213702464049815,1.4717243076923078e-05,0.0007416574771199998
Fugue-asplos-EPIC-long-16000,F3,prefill_common,0,ff3,GPU,0,0.0034213702464049815,0.003560911514097289,0.0001395412676923077,0.01718813676885333
Fugue-asplos-EPIC-long-16000,F3,prefill_common,0,comm_g2g,GPU,0,0.003560911514097289,0.003560911514097289,0.0,2.94780928e-05
Fugue-asplos-EPIC-long-16000,F3,prefill_common,0,norm2,GPU,0,0.003560911514097289,0.003574093029744067,1.3181515646778041e-05,0.00027721453568000005
Fugue-asplos-EPIC-long-16000,F3,prefill_common,1,qkv,GPU,0,0.003574093029744067,0.003731076955897913,0.00015698392615384616,0.01877791735808
Fugue-asplos-EPIC-long-16000,F3,prefill_attention,1,attention_service,GPU,0,0.003731076955897913,0.00666007536683194,0.002928998410934027,0.08696260805952001
Fugue-asplos-EPIC-long-16000,F3,prefill_common,1,proj,GPU,0,0.00666007536683194,0.006712403342216556,5.2327975384615384e-05,0.006502948536319999
Fugue-asplos-EPIC-long-16000,F3,prefill_common,1,comm_g2g,GPU,0,0.006712403342216556,0.006712403342216556,0.0,2.94780928e-05
Fugue-asplos-EPIC-long-16000,F3,prefill_common,1,norm1,GPU,0,0.006712403342216556,0.006725584857863334,1.3181515646778041e-05,0.00027721453568000005
Fugue-asplos-EPIC-long-16000,F3,prefill_common,1,ff1,GPU,0,0.006725584857863334,0.006853165445467729,0.0001275805876043956,0.016864331257173334
Fugue-asplos-EPIC-long-16000,F3,prefill_common,1,ff2,GPU,0,0.006853165445467729,0.006980746033072124,0.0001275805876043956,0.016864331257173334
Fugue-asplos-EPIC-long-16000,F3,prefill_common,1,glu,GPU,0,0.006980746033072124,0.006995463276149048,1.4717243076923078e-05,0.0007416574771199998
Fugue-asplos-EPIC-long-16000,F3,prefill_common,1,ff3,GPU,0,0.006995463276149048,0.007135004543841355,0.0001395412676923077,0.01718813676885333
Fugue-asplos-EPIC-long-16000,F3,prefill_common,1,comm_g2g,GPU,0,0.007135004543841355,0.007135004543841355,0.0,2.94780928e-05
Fugue-asplos-EPIC-long-16000,F3,prefill_common,1,norm2,GPU,0,0.007135004543841355,0.007148186059488133,1.3181515646778041e-05,0.00027721453568000005
Fugue-asplos-EPIC-long-16000,F3,prefill_common,2,qkv,GPU,0,0.007148186059488133,0.007305169985641979,0.00015698392615384616,0.01877791735808
Fugue-asplos-EPIC-long-16000,F3,prefill_attention,2,attention_service,GPU,0,0.007305169985641979,0.010234168396576006,0.002928998410934027,0.08696260805952001
Fugue-asplos-EPIC-long-16000,F3,prefill_common,2,proj,GPU,0,0.010234168396576006,0.010286496371960621,5.2327975384615384e-05,0.006502948536319999
Fugue-asplos-EPIC-long-16000,F3,prefill_common,2,comm_g2g,GPU,0,0.010286496371960621,0.010286496371960621,0.0,2.94780928e-05
Fugue-asplos-EPIC-long-16000,F3,prefill_common,2,norm1,GPU,0,0.010286496371960621,0.0102996778876074,1.3181515646778041e-05,0.00027721453568000005
Fugue-asplos-EPIC-long-16000,F3,prefill_common,2,ff1,GPU,0,0.0102996778876074,0.010427258475211795,0.0001275805876043956,0.016864331257173334
Fugue-asplos-EPIC-long-16000,F3,prefill_common,2,ff2,GPU,0,0.010427258475211795,0.010554839062816191,0.0001275805876043956,0.016864331257173334
Fugue-asplos-EPIC-long-16000,F3,prefill_common,2,glu,GPU,0,0.010554839062816191,0.010569556305893114,1.4717243076923078e-05,0.0007416574771199998
Fugue-asplos-EPIC-long-16000,F3,prefill_common,2,ff3,GPU,0,0.010569556305893114,0.010709097573585421,0.0001395412676923077,0.01718813676885333
Fugue-asplos-EPIC-long-16000,F3,prefill_common,2,comm_g2g,GPU,0,0.010709097573585421,0.010709097573585421,0.0,2.94780928e-05
Fugue-asplos-EPIC-long-16000,F3,prefill_common,2,norm2,GPU,0,0.010709097573585421,0.0107222790892322,1.3181515646778041e-05,0.00027721453568000005
Fugue-asplos-EPIC-long-16000,F3,prefill_common,3,qkv,GPU,0,0.0107222790892322,0.010879263015386045,0.00015698392615384616,0.01877791735808
Fugue-asplos-EPIC-long-16000,F3,prefill_attention,3,attention_service,GPU,0,0.010879263015386045,0.013808261426320072,0.002928998410934027,0.08696260805952001
Fugue-asplos-EPIC-long-16000,F3,prefill_common,3,proj,GPU,0,0.013808261426320072,0.013860589401704686,5.2327975384615384e-05,0.006502948536319999
Fugue-asplos-EPIC-long-16000,F3,prefill_common,3,comm_g2g,GPU,0,0.013860589401704686,0.013860589401704686,0.0,2.94780928e-05
Fugue-asplos-EPIC-long-16000,F3,prefill_common,3,norm1,GPU,0,0.013860589401704686,0.013873770917351464,1.3181515646778041e-05,0.00027721453568000005
Fugue-asplos-EPIC-long-16000,F3,prefill_common,3,ff1,GPU,0,0.013873770917351464,0.01400135150495586,0.0001275805876043956,0.016864331257173334
Fugue-asplos-EPIC-long-16000,F3,prefill_common,3,ff2,GPU,0,0.01400135150495586,0.014128932092560257,0.0001275805876043956,0.016864331257173334
Fugue-asplos-EPIC-long-16000,F3,prefill_common,3,glu,GPU,0,0.014128932092560257,0.014143649335637179,1.4717243076923078e-05,0.0007416574771199998
Fugue-asplos-EPIC-long-16000,F3,prefill_common,3,ff3,GPU,0,0.014143649335637179,0.014283190603329486,0.0001395412676923077,0.01718813676885333
Fugue-asplos-EPIC-long-16000,F3,prefill_common,3,comm_g2g,GPU,0,0.014283190603329486,0.014283190603329486,0.0,2.94780928e-05
Fugue-asplos-EPIC-long-16000,F3,prefill_common,3,norm2,GPU,0,0.014283190603329486,0.014296372118976265,1.3181515646778041e-05,0.00027721453568000005
Fugue-asplos-EPIC-long-16000,F3,prefill_common,4,qkv,GPU,0,0.014296372118976265,0.01445335604513011,0.00015698392615384616,0.01877791735808
Fugue-asplos-EPIC-long-16000,F3,prefill_attention,4,attention_service,GPU,0,0.01445335604513011,0.017382354456064137,0.002928998410934027,0.08696260805952001
Fugue-asplos-EPIC-long-16000,F3,prefill_common,4,proj,GPU,0,0.017382354456064137,0.01743468243144875,5.2327975384615384e-05,0.006502948536319999
Fugue-asplos-EPIC-long-16000,F3,prefill_common,4,comm_g2g,GPU,0,0.01743468243144875,0.01743468243144875,0.0,2.94780928e-05
Fugue-asplos-EPIC-long-16000,F3,prefill_common,4,norm1,GPU,0,0.01743468243144875,0.01744786394709553,1.3181515646778041e-05,0.00027721453568000005
Fugue-asplos-EPIC-long-16000,F3,prefill_common,4,ff1,GPU,0,0.01744786394709553,0.017575444534699926,0.0001275805876043956,0.016864331257173334
Fugue-asplos-EPIC-long-16000,F3,prefill_common,4,ff2,GPU,0,0.017575444534699926,0.01770302512230432,0.0001275805876043956,0.016864331257173334
Fugue-asplos-EPIC-long-16000,F3,prefill_common,4,glu,GPU,0,0.01770302512230432,0.017717742365381244,1.4717243076923078e-05,0.0007416574771199998
Fugue-asplos-EPIC-long-16000,F3,prefill_common,4,ff3,GPU,0,0.017717742365381244,0.017857283633073553,0.0001395412676923077,0.01718813676885333
Fugue-asplos-EPIC-long-16000,F3,prefill_common,4,comm_g2g,GPU,0,0.017857283633073553,0.017857283633073553,0.0,2.94780928e-05
Fugue-asplos-EPIC-long-16000,F3,prefill_common,4,norm2,GPU,0,0.017857283633073553,0.017870465148720333,1.3181515646778041e-05,0.00027721453568000005
Fugue-asplos-EPIC-long-16000,F3,prefill_common,5,qkv,GPU,0,0.017870465148720333,0.01802744907487418,0.00015698392615384616,0.01877791735808
Fugue-asplos-EPIC-long-16000,F3,prefill_attention,5,attention_service,GPU,0,0.01802744907487418,0.02095644748580821,0.002928998410934027,0.08696260805952001
Fugue-asplos-EPIC-long-16000,F3,prefill_common,5,proj,GPU,0,0.02095644748580821,0.021008775461192824,5.2327975384615384e-05,0.006502948536319999
Fugue-asplos-EPIC-long-16000,F3,prefill_common,5,comm_g2g,GPU,0,0.021008775461192824,0.021008775461192824,0.0,2.94780928e-05
Fugue-asplos-EPIC-long-16000,F3,prefill_common,5,norm1,GPU,0,0.021008775461192824,0.021021956976839604,1.3181515646778041e-05,0.00027721453568000005
Fugue-asplos-EPIC-long-16000,F3,prefill_common,5,ff1,GPU,0,0.021021956976839604,0.021149537564443998,0.0001275805876043956,0.016864331257173334
Fugue-asplos-EPIC-long-16000,F3,prefill_common,5,ff2,GPU,0,0.021149537564443998,0.021277118152048392,0.0001275805876043956,0.016864331257173334
Fugue-asplos-EPIC-long-16000,F3,prefill_common,5,glu,GPU,0,0.021277118152048392,0.021291835395125316,1.4717243076923078e-05,0.0007416574771199998
Fugue-asplos-EPIC-long-16000,F3,prefill_common,5,ff3,GPU,0,0.021291835395125316,0.021431376662817626,0.0001395412676923077,0.01718813676885333
Fugue-asplos-EPIC-long-16000,F3,prefill_common,5,comm_g2g,GPU,0,0.021431376662817626,0.021431376662817626,0.0,2.94780928e-05
Fugue-asplos-EPIC-long-16000,F3,prefill_common,5,norm2,GPU,0,0.021431376662817626,0.021444558178464405,1.3181515646778041e-05,0.00027721453568000005
Fugue-asplos-EPIC-long-16000,F3,prefill_common,6,qkv,GPU,0,0.021444558178464405,0.021601542104618253,0.00015698392615384616,0.01877791735808
Fugue-asplos-EPIC-long-16000,F3,prefill_attention,6,attention_service,GPU,0,0.021601542104618253,0.02453054051555228,0.002928998410934027,0.08696260805952001
Fugue-asplos-EPIC-long-16000,F3,prefill_common,6,proj,GPU,0,0.02453054051555228,0.024582868490936896,5.2327975384615384e-05,0.006502948536319999
Fugue-asplos-EPIC-long-16000,F3,prefill_common,6,comm_g2g,GPU,0,0.024582868490936896,0.024582868490936896,0.0,2.94780928e-05
Fugue-asplos-EPIC-long-16000,F3,prefill_common,6,norm1,GPU,0,0.024582868490936896,0.024596050006583676,1.3181515646778041e-05,0.00027721453568000005
Fugue-asplos-EPIC-long-16000,F3,prefill_common,6,ff1,GPU,0,0.024596050006583676,0.02472363059418807,0.0001275805876043956,0.016864331257173334
Fugue-asplos-EPIC-long-16000,F3,prefill_common,6,ff2,GPU,0,0.02472363059418807,0.024851211181792465,0.0001275805876043956,0.016864331257173334
Fugue-asplos-EPIC-long-16000,F3,prefill_common,6,glu,GPU,0,0.024851211181792465,0.02486592842486939,1.4717243076923078e-05,0.0007416574771199998
Fugue-asplos-EPIC-long-16000,F3,prefill_common,6,ff3,GPU,0,0.02486592842486939,0.025005469692561698,0.0001395412676923077,0.01718813676885333
Fugue-asplos-EPIC-long-16000,F3,prefill_common,6,comm_g2g,GPU,0,0.025005469692561698,0.025005469692561698,0.0,2.94780928e-05
Fugue-asplos-EPIC-long-16000,F3,prefill_common,6,norm2,GPU,0,0.025005469692561698,0.025018651208208478,1.3181515646778041e-05,0.00027721453568000005
Fugue-asplos-EPIC-long-16000,F3,prefill_common,7,qkv,GPU,0,0.025018651208208478,0.025175635134362325,0.00015698392615384616,0.01877791735808
Fugue-asplos-EPIC-long-16000,F3,prefill_attention,7,attention_service,GPU,0,0.025175635134362325,0.028104633545296354,0.002928998410934027,0.08696260805952001
Fugue-asplos-EPIC-long-16000,F3,prefill_common,7,proj,GPU,0,0.028104633545296354,0.02815696152068097,5.2327975384615384e-05,0.006502948536319999
Fugue-asplos-EPIC-long-16000,F3,prefill_common,7,comm_g2g,GPU,0,0.02815696152068097,0.02815696152068097,0.0,2.94780928e-05
Fugue-asplos-EPIC-long-16000,F3,prefill_common,7,norm1,GPU,0,0.02815696152068097,0.028170143036327748,1.3181515646778041e-05,0.00027721453568000005
Fugue-asplos-EPIC-long-16000,F3,prefill_common,7,ff1,GPU,0,0.028170143036327748,0.028297723623932142,0.0001275805876043956,0.016864331257173334
Fugue-asplos-EPIC-long-16000,F3,prefill_common,7,ff2,GPU,0,0.028297723623932142,0.028425304211536537,0.0001275805876043956,0.016864331257173334
Fugue-asplos-EPIC-long-16000,F3,prefill_common,7,glu,GPU,0,0.028425304211536537,0.02844002145461346,1.4717243076923078e-05,0.0007416574771199998
Fugue-asplos-EPIC-long-16000,F3,prefill_common,7,ff3,GPU,0,0.02844002145461346,0.02857956272230577,0.0001395412676923077,0.01718813676885333
Fugue-asplos-EPIC-long-16000,F3,prefill_common,7,comm_g2g,GPU,0,0.02857956272230577,0.02857956272230577,0.0,2.94780928e-05
Fugue-asplos-EPIC-long-16000,F3,prefill_common,7,norm2,GPU,0,0.02857956272230577,0.02859274423795255,1.3181515646778041e-05,0.00027721453568000005
Fugue-asplos-EPIC-long-16000,F3,prefill_common,8,qkv,GPU,0,0.02859274423795255,0.028749728164106397,0.00015698392615384616,0.01877791735808
Fugue-asplos-EPIC-long-16000,F3,prefill_attention,8,attention_service,GPU,0,0.028749728164106397,0.03167872657504042,0.002928998410934027,0.08696260805952001
Fugue-asplos-EPIC-long-16000,F3,prefill_common,8,proj,GPU,0,0.03167872657504042,0.03173105455042504,5.2327975384615384e-05,0.006502948536319999
Fugue-asplos-EPIC-long-16000,F3,prefill_common,8,comm_g2g,GPU,0,0.03173105455042504,0.03173105455042504,0.0,2.94780928e-05
Fugue-asplos-EPIC-long-16000,F3,prefill_common,8,norm1,GPU,0,0.03173105455042504,0.03174423606607182,1.3181515646778041e-05,0.00027721453568000005
Fugue-asplos-EPIC-long-16000,F3,prefill_common,8,ff1,GPU,0,0.03174423606607182,0.031871816653676215,0.0001275805876043956,0.016864331257173334
Fugue-asplos-EPIC-long-16000,F3,prefill_common,8,ff2,GPU,0,0.031871816653676215,0.03199939724128061,0.0001275805876043956,0.016864331257173334
Fugue-asplos-EPIC-long-16000,F3,prefill_common,8,glu,GPU,0,0.03199939724128061,0.032014114484357536,1.4717243076923078e-05,0.0007416574771199998
Fugue-asplos-EPIC-long-16000,F3,prefill_common,8,ff3,GPU,0,0.032014114484357536,0.03215365575204984,0.0001395412676923077,0.01718813676885333
Fugue-asplos-EPIC-long-16000,F3,prefill_common,8,comm_g2g,GPU,0,0.03215365575204984,0.03215365575204984,0.0,2.94780928e-05
Fugue-asplos-EPIC-long-16000,F3,prefill_common,8,norm2,GPU,0,0.03215365575204984,0.03216683726769662,1.3181515646778041e-05,0.00027721453568000005
Fugue-asplos-EPIC-long-16000,F3,prefill_common,9,qkv,GPU,0,0.03216683726769662,0.032323821193850466,0.00015698392615384616,0.01877791735808
Fugue-asplos-EPIC-long-16000,F3,prefill_attention,9,attention_service,GPU,0,0.032323821193850466,0.03525281960478449,0.002928998410934027,0.08696260805952001
Fugue-asplos-EPIC-long-16000,F3,prefill_common,9,proj,GPU,0,0.03525281960478449,0.03530514758016911,5.2327975384615384e-05,0.006502948536319999
Fugue-asplos-EPIC-long-16000,F3,prefill_common,9,comm_g2g,GPU,0,0.03530514758016911,0.03530514758016911,0.0,2.94780928e-05
Fugue-asplos-EPIC-long-16000,F3,prefill_common,9,norm1,GPU,0,0.03530514758016911,0.035318329095815885,1.3181515646778041e-05,0.00027721453568000005
Fugue-asplos-EPIC-long-16000,F3,prefill_common,9,ff1,GPU,0,0.035318329095815885,0.03544590968342028,0.0001275805876043956,0.016864331257173334
Fugue-asplos-EPIC-long-16000,F3,prefill_common,9,ff2,GPU,0,0.03544590968342028,0.03557349027102468,0.0001275805876043956,0.016864331257173334
Fugue-asplos-EPIC-long-16000,F3,prefill_common,9,glu,GPU,0,0.03557349027102468,0.035588207514101605,1.4717243076923078e-05,0.0007416574771199998
Fugue-asplos-EPIC-long-16000,F3,prefill_common,9,ff3,GPU,0,0.035588207514101605,0.03572774878179391,0.0001395412676923077,0.01718813676885333
Fugue-asplos-EPIC-long-16000,F3,prefill_common,9,comm_g2g,GPU,0,0.03572774878179391,0.03572774878179391,0.0,2.94780928e-05
Fugue-asplos-EPIC-long-16000,F3,prefill_common,9,norm2,GPU,0,0.03572774878179391,0.03574093029744069,1.3181515646778041e-05,0.00027721453568000005
Fugue-asplos-EPIC-long-16000,F3,prefill_common,10,qkv,GPU,0,0.03574093029744069,0.035897914223594535,0.00015698392615384616,0.01877791735808
Fugue-asplos-EPIC-long-16000,F3,prefill_attention,10,attention_service,GPU,0,0.035897914223594535,0.03882691263452856,0.002928998410934027,0.08696260805952001
Fugue-asplos-EPIC-long-16000,F3,prefill_common,10,proj,GPU,0,0.03882691263452856,0.03887924060991318,5.2327975384615384e-05,0.006502948536319999
Fugue-asplos-EPIC-long-16000,F3,prefill_common,10,comm_g2g,GPU,0,0.03887924060991318,0.03887924060991318,0.0,2.94780928e-05
Fugue-asplos-EPIC-long-16000,F3,prefill_common,10,norm1,GPU,0,0.03887924060991318,0.038892422125559954,1.3181515646778041e-05,0.00027721453568000005
Fugue-asplos-EPIC-long-16000,F3,prefill_common,10,ff1,GPU,0,0.038892422125559954,0.03902000271316435,0.0001275805876043956,0.016864331257173334
Fugue-asplos-EPIC-long-16000,F3,prefill_common,10,ff2,GPU,0,0.03902000271316435,0.03914758330076875,0.0001275805876043956,0.016864331257173334
Fugue-asplos-EPIC-long-16000,F3,prefill_common,10,glu,GPU,0,0.03914758330076875,0.039162300543845674,1.4717243076923078e-05,0.0007416574771199998
Fugue-asplos-EPIC-long-16000,F3,prefill_common,10,ff3,GPU,0,0.039162300543845674,0.03930184181153798,0.0001395412676923077,0.01718813676885333
Fugue-asplos-EPIC-long-16000,F3,prefill_common,10,comm_g2g,GPU,0,0.03930184181153798,0.03930184181153798,0.0,2.94780928e-05
Fugue-asplos-EPIC-long-16000,F3,prefill_common,10,norm2,GPU,0,0.03930184181153798,0.039315023327184756,1.3181515646778041e-05,0.00027721453568000005
Fugue-asplos-EPIC-long-16000,F3,prefill_common,11,qkv,GPU,0,0.039315023327184756,0.039472007253338603,0.00015698392615384616,0.01877791735808
Fugue-asplos-EPIC-long-16000,F3,prefill_attention,11,attention_service,GPU,0,0.039472007253338603,0.04240100566427263,0.002928998410934027,0.08696260805952001
Fugue-asplos-EPIC-long-16000,F3,prefill_common,11,proj,GPU,0,0.04240100566427263,0.04245333363965725,5.2327975384615384e-05,0.006502948536319999
Fugue-asplos-EPIC-long-16000,F3,prefill_common,11,comm_g2g,GPU,0,0.04245333363965725,0.04245333363965725,0.0,2.94780928e-05
Fugue-asplos-EPIC-long-16000,F3,prefill_common,11,norm1,GPU,0,0.04245333363965725,0.04246651515530402,1.3181515646778041e-05,0.00027721453568000005
Fugue-asplos-EPIC-long-16000,F3,prefill_common,11,ff1,GPU,0,0.04246651515530402,0.04259409574290842,0.0001275805876043956,0.016864331257173334
Fugue-asplos-EPIC-long-16000,F3,prefill_common,11,ff2,GPU,0,0.04259409574290842,0.04272167633051282,0.0001275805876043956,0.016864331257173334
Fugue-asplos-EPIC-long-16000,F3,prefill_common,11,glu,GPU,0,0.04272167633051282,0.04273639357358974,1.4717243076923078e-05,0.0007416574771199998
Fugue-asplos-EPIC-long-16000,F3,prefill_common,11,ff3,GPU,0,0.04273639357358974,0.04287593484128205,0.0001395412676923077,0.01718813676885333
Fugue-asplos-EPIC-long-16000,F3,prefill_common,11,comm_g2g,GPU,0,0.04287593484128205,0.04287593484128205,0.0,2.94780928e-05
Fugue-asplos-EPIC-long-16000,F3,prefill_common,11,norm2,GPU,0,0.04287593484128205,0.042889116356928825,1.3181515646778041e-05,0.00027721453568000005
Fugue-asplos-EPIC-long-16000,F3,prefill_common,12,qkv,GPU,0,0.042889116356928825,0.04304610028308267,0.00015698392615384616,0.01877791735808
Fugue-asplos-EPIC-long-16000,F3,prefill_attention,12,attention_service,GPU,0,0.04304610028308267,0.0459750986940167,0.002928998410934027,0.08696260805952001
Fugue-asplos-EPIC-long-16000,F3,prefill_common,12,proj,GPU,0,0.0459750986940167,0.046027426669401315,5.2327975384615384e-05,0.006502948536319999
Fugue-asplos-EPIC-long-16000,F3,prefill_common,12,comm_g2g,GPU,0,0.046027426669401315,0.046027426669401315,0.0,2.94780928e-05
Fugue-asplos-EPIC-long-16000,F3,prefill_common,12,norm1,GPU,0,0.046027426669401315,0.04604060818504809,1.3181515646778041e-05,0.00027721453568000005
Fugue-asplos-EPIC-long-16000,F3,prefill_common,12,ff1,GPU,0,0.04604060818504809,0.04616818877265249,0.0001275805876043956,0.016864331257173334
Fugue-asplos-EPIC-long-16000,F3,prefill_common,12,ff2,GPU,0,0.04616818877265249,0.04629576936025689,0.0001275805876043956,0.016864331257173334
Fugue-asplos-EPIC-long-16000,F3,prefill_common,12,glu,GPU,0,0.04629576936025689,0.04631048660333381,1.4717243076923078e-05,0.0007416574771199998
Fugue-asplos-EPIC-long-16000,F3,prefill_common,12,ff3,GPU,0,0.04631048660333381,0.04645002787102612,0.0001395412676923077,0.01718813676885333
Fugue-asplos-EPIC-long-16000,F3,prefill_common,12,comm_g2g,GPU,0,0.04645002787102612,0.04645002787102612,0.0,2.94780928e-05
Fugue-asplos-EPIC-long-16000,F3,prefill_common,12,norm2,GPU,0,0.04645002787102612,0.04646320938667289,1.3181515646778041e-05,0.00027721453568000005
Fugue-asplos-EPIC-long-16000,F3,prefill_common,13,qkv,GPU,0,0.04646320938667289,0.04662019331282674,0.00015698392615384616,0.01877791735808
Fugue-asplos-EPIC-long-16000,F3,prefill_attention,13,attention_service,GPU,0,0.04662019331282674,0.049549191723760766,0.002928998410934027,0.08696260805952001
Fugue-asplos-EPIC-long-16000,F3,prefill_common,13,proj,GPU,0,0.049549191723760766,0.049601519699145384,5.2327975384615384e-05,0.006502948536319999
Fugue-asplos-EPIC-long-16000,F3,prefill_common,13,comm_g2g,GPU,0,0.049601519699145384,0.049601519699145384,0.0,2.94780928e-05
Fugue-asplos-EPIC-long-16000,F3,prefill_common,13,norm1,GPU,0,0.049601519699145384,0.04961470121479216,1.3181515646778041e-05,0.00027721453568000005
Fugue-asplos-EPIC-long-16000,F3,prefill_common,13,ff1,GPU,0,0.04961470121479216,0.04974228180239656,0.0001275805876043956,0.016864331257173334
Fugue-asplos-EPIC-long-16000,F3,prefill_common,13,ff2,GPU,0,0.04974228180239656,0.049869862390000956,0.0001275805876043956,0.016864331257173334
Fugue-asplos-EPIC-long-16000,F3,prefill_common,13,glu,GPU,0,0.049869862390000956,0.04988457963307788,1.4717243076923078e-05,0.0007416574771199998
Fugue-asplos-EPIC-long-16000,F3,prefill_common,13,ff3,GPU,0,0.04988457963307788,0.050024120900770186,0.0001395412676923077,0.01718813676885333
Fugue-asplos-EPIC-long-16000,F3,prefill_common,13,comm_g2g,GPU,0,0.050024120900770186,0.050024120900770186,0.0,2.94780928e-05
Fugue-asplos-EPIC-long-16000,F3,prefill_common,13,norm2,GPU,0,0.050024120900770186,0.05003730241641696,1.3181515646778041e-05,0.00027721453568000005
Fugue-asplos-EPIC-long-16000,F3,prefill_common,14,qkv,GPU,0,0.05003730241641696,0.05019428634257081,0.00015698392615384616,0.01877791735808
Fugue-asplos-EPIC-long-16000,F3,prefill_attention,14,attention_service,GPU,0,0.05019428634257081,0.053123284753504835,0.002928998410934027,0.08696260805952001
Fugue-asplos-EPIC-long-16000,F3,prefill_common,14,proj,GPU,0,0.053123284753504835,0.05317561272888945,5.2327975384615384e-05,0.006502948536319999
Fugue-asplos-EPIC-long-16000,F3,prefill_common,14,comm_g2g,GPU,0,0.05317561272888945,0.05317561272888945,0.0,2.94780928e-05
Fugue-asplos-EPIC-long-16000,F3,prefill_common,14,norm1,GPU,0,0.05317561272888945,0.05318879424453623,1.3181515646778041e-05,0.00027721453568000005
Fugue-asplos-EPIC-long-16000,F3,prefill_common,14,ff1,GPU,0,0.05318879424453623,0.05331637483214063,0.0001275805876043956,0.016864331257173334
Fugue-asplos-EPIC-long-16000,F3,prefill_common,14,ff2,GPU,0,0.05331637483214063,0.053443955419745025,0.0001275805876043956,0.016864331257173334
Fugue-asplos-EPIC-long-16000,F3,prefill_common,14,glu,GPU,0,0.053443955419745025,0.05345867266282195,1.4717243076923078e-05,0.0007416574771199998
Fugue-asplos-EPIC-long-16000,F3,prefill_common,14,ff3,GPU,0,0.05345867266282195,0.053598213930514255,0.0001395412676923077,0.01718813676885333
Fugue-asplos-EPIC-long-16000,F3,prefill_common,14,comm_g2g,GPU,0,0.053598213930514255,0.053598213930514255,0.0,2.94780928e-05
Fugue-asplos-EPIC-long-16000,F3,prefill_common,14,norm2,GPU,0,0.053598213930514255,0.05361139544616103,1.3181515646778041e-05,0.00027721453568000005
Fugue-asplos-EPIC-long-16000,F3,prefill_common,15,qkv,GPU,0,0.05361139544616103,0.05376837937231488,0.00015698392615384616,0.01877791735808
Fugue-asplos-EPIC-long-16000,F3,prefill_attention,15,attention_service,GPU,0,0.05376837937231488,0.0566973777832489,0.002928998410934027,0.08696260805952001
Fugue-asplos-EPIC-long-16000,F3,prefill_common,15,proj,GPU,0,0.0566973777832489,0.05674970575863352,5.2327975384615384e-05,0.006502948536319999
Fugue-asplos-EPIC-long-16000,F3,prefill_common,15,comm_g2g,GPU,0,0.05674970575863352,0.05674970575863352,0.0,2.94780928e-05
Fugue-asplos-EPIC-long-16000,F3,prefill_common,15,norm1,GPU,0,0.05674970575863352,0.0567628872742803,1.3181515646778041e-05,0.00027721453568000005
Fugue-asplos-EPIC-long-16000,F3,prefill_common,15,ff1,GPU,0,0.0567628872742803,0.056890467861884696,0.0001275805876043956,0.016864331257173334
Fugue-asplos-EPIC-long-16000,F3,prefill_common,15,ff2,GPU,0,0.056890467861884696,0.057018048449489094,0.0001275805876043956,0.016864331257173334
Fugue-asplos-EPIC-long-16000,F3,prefill_common,15,glu,GPU,0,0.057018048449489094,0.05703276569256602,1.4717243076923078e-05,0.0007416574771199998
Fugue-asplos-EPIC-long-16000,F3,prefill_common,15,ff3,GPU,0,0.05703276569256602,0.05717230696025832,0.0001395412676923077,0.01718813676885333
Fugue-asplos-EPIC-long-16000,F3,prefill_common,15,comm_g2g,GPU,0,0.05717230696025832,0.05717230696025832,0.0,2.94780928e-05
Fugue-asplos-EPIC-long-16000,F3,prefill_common,15,norm2,GPU,0,0.05717230696025832,0.0571854884759051,1.3181515646778041e-05,0.00027721453568000005
Fugue-asplos-EPIC-long-16000,F3,prefill_common,16,qkv,GPU,0,0.0571854884759051,0.05734247240205895,0.00015698392615384616,0.01877791735808
Fugue-asplos-EPIC-long-16000,F3,prefill_attention,16,attention_service,GPU,0,0.05734247240205895,0.06027147081299297,0.002928998410934027,0.08696260805952001
Fugue-asplos-EPIC-long-16000,F3,prefill_common,16,proj,GPU,0,0.06027147081299297,0.06032379878837759,5.2327975384615384e-05,0.006502948536319999
Fugue-asplos-EPIC-long-16000,F3,prefill_common,16,comm_g2g,GPU,0,0.06032379878837759,0.06032379878837759,0.0,2.94780928e-05
Fugue-asplos-EPIC-long-16000,F3,prefill_common,16,norm1,GPU,0,0.06032379878837759,0.06033698030402437,1.3181515646778041e-05,0.00027721453568000005
Fugue-asplos-EPIC-long-16000,F3,prefill_common,16,ff1,GPU,0,0.06033698030402437,0.060464560891628764,0.0001275805876043956,0.016864331257173334
Fugue-asplos-EPIC-long-16000,F3,prefill_common,16,ff2,GPU,0,0.060464560891628764,0.06059214147923316,0.0001275805876043956,0.016864331257173334
Fugue-asplos-EPIC-long-16000,F3,prefill_common,16,glu,GPU,0,0.06059214147923316,0.060606858722310086,1.4717243076923078e-05,0.0007416574771199998
Fugue-asplos-EPIC-long-16000,F3,prefill_common,16,ff3,GPU,0,0.060606858722310086,0.06074639999000239,0.0001395412676923077,0.01718813676885333
Fugue-asplos-EPIC-long-16000,F3,prefill_common,16,comm_g2g,GPU,0,0.06074639999000239,0.06074639999000239,0.0,2.94780928e-05
Fugue-asplos-EPIC-long-16000,F3,prefill_common,16,norm2,GPU,0,0.06074639999000239,0.06075958150564917,1.3181515646778041e-05,0.00027721453568000005
Fugue-asplos-EPIC-long-16000,F3,prefill_common,17,qkv,GPU,0,0.06075958150564917,0.060916565431803016,0.00015698392615384616,0.01877791735808
Fugue-asplos-EPIC-long-16000,F3,prefill_attention,17,attention_service,GPU,0,0.060916565431803016,0.06384556384273704,0.002928998410934027,0.08696260805952001
Fugue-asplos-EPIC-long-16000,F3,prefill_common,17,proj,GPU,0,0.06384556384273704,0.06389789181812165,5.2327975384615384e-05,0.006502948536319999
Fugue-asplos-EPIC-long-16000,F3,prefill_common,17,comm_g2g,GPU,0,0.06389789181812165,0.06389789181812165,0.0,2.94780928e-05
Fugue-asplos-EPIC-long-16000,F3,prefill_common,17,norm1,GPU,0,0.06389789181812165,0.06391107333376843,1.3181515646778041e-05,0.00027721453568000005
Fugue-asplos-EPIC-long-16000,F3,prefill_common,17,ff1,GPU,0,0.06391107333376843,0.06403865392137283,0.0001275805876043956,0.016864331257173334
Fugue-asplos-EPIC-long-16000,F3,prefill_common,17,ff2,GPU,0,0.06403865392137283,0.06416623450897722,0.0001275805876043956,0.016864331257173334
Fugue-asplos-EPIC-long-16000,F3,prefill_common,17,glu,GPU,0,0.06416623450897722,0.06418095175205414,1.4717243076923078e-05,0.0007416574771199998
Fugue-asplos-EPIC-long-16000,F3,prefill_common,17,ff3,GPU,0,0.06418095175205414,0.06432049301974645,0.0001395412676923077,0.01718813676885333
Fugue-asplos-EPIC-long-16000,F3,prefill_common,17,comm_g2g,GPU,0,0.06432049301974645,0.06432049301974645,0.0,2.94780928e-05
Fugue-asplos-EPIC-long-16000,F3,prefill_common,17,norm2,GPU,0,0.06432049301974645,0.06433367453539322,1.3181515646778041e-05,0.00027721453568000005
Fugue-asplos-EPIC-long-16000,F3,prefill_common,18,qkv,GPU,0,0.06433367453539322,0.06449065846154707,0.00015698392615384616,0.01877791735808
Fugue-asplos-EPIC-long-16000,F3,prefill_attention,18,attention_service,GPU,0,0.06449065846154707,0.0674196568724811,0.002928998410934027,0.08696260805952001
Fugue-asplos-EPIC-long-16000,F3,prefill_common,18,proj,GPU,0,0.0674196568724811,0.0674719848478657,5.2327975384615384e-05,0.006502948536319999
Fugue-asplos-EPIC-long-16000,F3,prefill_common,18,comm_g2g,GPU,0,0.0674719848478657,0.0674719848478657,0.0,2.94780928e-05
Fugue-asplos-EPIC-long-16000,F3,prefill_common,18,norm1,GPU,0,0.0674719848478657,0.06748516636351248,1.3181515646778041e-05,0.00027721453568000005
Fugue-asplos-EPIC-long-16000,F3,prefill_common,18,ff1,GPU,0,0.06748516636351248,0.06761274695111688,0.0001275805876043956,0.016864331257173334
Fugue-asplos-EPIC-long-16000,F3,prefill_common,18,ff2,GPU,0,0.06761274695111688,0.06774032753872128,0.0001275805876043956,0.016864331257173334
Fugue-asplos-EPIC-long-16000,F3,prefill_common,18,glu,GPU,0,0.06774032753872128,0.0677550447817982,1.4717243076923078e-05,0.0007416574771199998
Fugue-asplos-EPIC-long-16000,F3,prefill_common,18,ff3,GPU,0,0.0677550447817982,0.0678945860494905,0.0001395412676923077,0.01718813676885333
Fugue-asplos-EPIC-long-16000,F3,prefill_common,18,comm_g2g,GPU,0,0.0678945860494905,0.0678945860494905,0.0,2.94780928e-05
Fugue-asplos-EPIC-long-16000,F3,prefill_common,18,norm2,GPU,0,0.0678945860494905,0.06790776756513728,1.3181515646778041e-05,0.00027721453568000005
Fugue-asplos-EPIC-long-16000,F3,prefill_common,19,qkv,GPU,0,0.06790776756513728,0.06806475149129113,0.00015698392615384616,0.01877791735808
Fugue-asplos-EPIC-long-16000,F3,prefill_attention,19,attention_service,GPU,0,0.06806475149129113,0.07099374990222515,0.002928998410934027,0.08696260805952001
Fugue-asplos-EPIC-long-16000,F3,prefill_common,19,proj,GPU,0,0.07099374990222515,0.07104607787760976,5.2327975384615384e-05,0.006502948536319999
Fugue-asplos-EPIC-long-16000,F3,prefill_common,19,comm_g2g,GPU,0,0.07104607787760976,0.07104607787760976,0.0,2.94780928e-05
Fugue-asplos-EPIC-long-16000,F3,prefill_common,19,norm1,GPU,0,0.07104607787760976,0.07105925939325654,1.3181515646778041e-05,0.00027721453568000005
Fugue-asplos-EPIC-long-16000,F3,prefill_common,19,ff1,GPU,0,0.07105925939325654,0.07118683998086094,0.0001275805876043956,0.016864331257173334
Fugue-asplos-EPIC-long-16000,F3,prefill_common,19,ff2,GPU,0,0.07118683998086094,0.07131442056846533,0.0001275805876043956,0.016864331257173334
Fugue-asplos-EPIC-long-16000,F3,prefill_common,19,glu,GPU,0,0.07131442056846533,0.07132913781154225,1.4717243076923078e-05,0.0007416574771199998
Fugue-asplos-EPIC-long-16000,F3,prefill_common,19,ff3,GPU,0,0.07132913781154225,0.07146867907923456,0.0001395412676923077,0.01718813676885333
Fugue-asplos-EPIC-long-16000,F3,prefill_common,19,comm_g2g,GPU,0,0.07146867907923456,0.07146867907923456,0.0,2.94780928e-05
Fugue-asplos-EPIC-long-16000,F3,prefill_common,19,norm2,GPU,0,0.07146867907923456,0.07148186059488133,1.3181515646778041e-05,0.00027721453568000005
Fugue-asplos-EPIC-long-16000,F3,prefill_common,20,qkv,GPU,0,0.07148186059488133,0.07163884452103518,0.00015698392615384616,0.01877791735808
Fugue-asplos-EPIC-long-16000,F3,prefill_attention,20,attention_service,GPU,0,0.07163884452103518,0.0745678429319692,0.002928998410934027,0.08696260805952001
Fugue-asplos-EPIC-long-16000,F3,prefill_common,20,proj,GPU,0,0.0745678429319692,0.07462017090735382,5.2327975384615384e-05,0.006502948536319999
Fugue-asplos-EPIC-long-16000,F3,prefill_common,20,comm_g2g,GPU,0,0.07462017090735382,0.07462017090735382,0.0,2.94780928e-05
Fugue-asplos-EPIC-long-16000,F3,prefill_common,20,norm1,GPU,0,0.07462017090735382,0.07463335242300059,1.3181515646778041e-05,0.00027721453568000005
Fugue-asplos-EPIC-long-16000,F3,prefill_common,20,ff1,GPU,0,0.07463335242300059,0.07476093301060499,0.0001275805876043956,0.016864331257173334
Fugue-asplos-EPIC-long-16000,F3,prefill_common,20,ff2,GPU,0,0.07476093301060499,0.07488851359820939,0.0001275805876043956,0.016864331257173334
Fugue-asplos-EPIC-long-16000,F3,prefill_common,20,glu,GPU,0,0.07488851359820939,0.0749032308412863,1.4717243076923078e-05,0.0007416574771199998
Fugue-asplos-EPIC-long-16000,F3,prefill_common,20,ff3,GPU,0,0.0749032308412863,0.07504277210897861,0.0001395412676923077,0.01718813676885333
Fugue-asplos-EPIC-long-16000,F3,prefill_common,20,comm_g2g,GPU,0,0.07504277210897861,0.07504277210897861,0.0,2.94780928e-05
Fugue-asplos-EPIC-long-16000,F3,prefill_common,20,norm2,GPU,0,0.07504277210897861,0.07505595362462539,1.3181515646778041e-05,0.00027721453568000005
Fugue-asplos-EPIC-long-16000,F3,prefill_common,21,qkv,GPU,0,0.07505595362462539,0.07521293755077924,0.00015698392615384616,0.01877791735808
Fugue-asplos-EPIC-long-16000,F3,prefill_attention,21,attention_service,GPU,0,0.07521293755077924,0.07814193596171326,0.002928998410934027,0.08696260805952001
Fugue-asplos-EPIC-long-16000,F3,prefill_common,21,proj,GPU,0,0.07814193596171326,0.07819426393709787,5.2327975384615384e-05,0.006502948536319999
Fugue-asplos-EPIC-long-16000,F3,prefill_common,21,comm_g2g,GPU,0,0.07819426393709787,0.07819426393709787,0.0,2.94780928e-05
Fugue-asplos-EPIC-long-16000,F3,prefill_common,21,norm1,GPU,0,0.07819426393709787,0.07820744545274465,1.3181515646778041e-05,0.00027721453568000005
Fugue-asplos-EPIC-long-16000,F3,prefill_common,21,ff1,GPU,0,0.07820744545274465,0.07833502604034905,0.0001275805876043956,0.016864331257173334
Fugue-asplos-EPIC-long-16000,F3,prefill_common,21,ff2,GPU,0,0.07833502604034905,0.07846260662795344,0.0001275805876043956,0.016864331257173334
Fugue-asplos-EPIC-long-16000,F3,prefill_common,21,glu,GPU,0,0.07846260662795344,0.07847732387103036,1.4717243076923078e-05,0.0007416574771199998
Fugue-asplos-EPIC-long-16000,F3,prefill_common,21,ff3,GPU,0,0.07847732387103036,0.07861686513872267,0.0001395412676923077,0.01718813676885333
Fugue-asplos-EPIC-long-16000,F3,prefill_common,21,comm_g2g,GPU,0,0.07861686513872267,0.07861686513872267,0.0,2.94780928e-05
Fugue-asplos-EPIC-long-16000,F3,prefill_common,21,norm2,GPU,0,0.07861686513872267,0.07863004665436944,1.3181515646778041e-05,0.00027721453568000005
Fugue-asplos-EPIC-long-16000,F3,prefill_common,22,qkv,GPU,0,0.07863004665436944,0.07878703058052329,0.00015698392615384616,0.01877791735808
Fugue-asplos-EPIC-long-16000,F3,prefill_attention,22,attention_service,GPU,0,0.07878703058052329,0.08171602899145732,0.002928998410934027,0.08696260805952001
Fugue-asplos-EPIC-long-16000,F3,prefill_common,22,proj,GPU,0,0.08171602899145732,0.08176835696684193,5.2327975384615384e-05,0.006502948536319999
Fugue-asplos-EPIC-long-16000,F3,prefill_common,22,comm_g2g,GPU,0,0.08176835696684193,0.08176835696684193,0.0,2.94780928e-05
Fugue-asplos-EPIC-long-16000,F3,prefill_common,22,norm1,GPU,0,0.08176835696684193,0.0817815384824887,1.3181515646778041e-05,0.00027721453568000005
Fugue-asplos-EPIC-long-16000,F3,prefill_common,22,ff1,GPU,0,0.0817815384824887,0.0819091190700931,0.0001275805876043956,0.016864331257173334
Fugue-asplos-EPIC-long-16000,F3,prefill_common,22,ff2,GPU,0,0.0819091190700931,0.0820366996576975,0.0001275805876043956,0.016864331257173334
Fugue-asplos-EPIC-long-16000,F3,prefill_common,22,glu,GPU,0,0.0820366996576975,0.08205141690077442,1.4717243076923078e-05,0.0007416574771199998
Fugue-asplos-EPIC-long-16000,F3,prefill_common,22,ff3,GPU,0,0.08205141690077442,0.08219095816846672,0.0001395412676923077,0.01718813676885333
Fugue-asplos-EPIC-long-16000,F3,prefill_common,22,comm_g2g,GPU,0,0.08219095816846672,0.08219095816846672,0.0,2.94780928e-05
Fugue-asplos-EPIC-long-16000,F3,prefill_common,22,norm2,GPU,0,0.08219095816846672,0.0822041396841135,1.3181515646778041e-05,0.00027721453568000005
Fugue-asplos-EPIC-long-16000,F3,prefill_common,23,qkv,GPU,0,0.0822041396841135,0.08236112361026734,0.00015698392615384616,0.01877791735808
Fugue-asplos-EPIC-long-16000,F3,prefill_attention,23,attention_service,GPU,0,0.08236112361026734,0.08529012202120137,0.002928998410934027,0.08696260805952001
Fugue-asplos-EPIC-long-16000,F3,prefill_common,23,proj,GPU,0,0.08529012202120137,0.08534244999658598,5.2327975384615384e-05,0.006502948536319999
Fugue-asplos-EPIC-long-16000,F3,prefill_common,23,comm_g2g,GPU,0,0.08534244999658598,0.08534244999658598,0.0,2.94780928e-05
Fugue-asplos-EPIC-long-16000,F3,prefill_common,23,norm1,GPU,0,0.08534244999658598,0.08535563151223276,1.3181515646778041e-05,0.00027721453568000005
Fugue-asplos-EPIC-long-16000,F3,prefill_common,23,ff1,GPU,0,0.08535563151223276,0.08548321209983716,0.0001275805876043956,0.016864331257173334
Fugue-asplos-EPIC-long-16000,F3,prefill_common,23,ff2,GPU,0,0.08548321209983716,0.08561079268744155,0.0001275805876043956,0.016864331257173334
Fugue-asplos-EPIC-long-16000,F3,prefill_common,23,glu,GPU,0,0.08561079268744155,0.08562550993051847,1.4717243076923078e-05,0.0007416574771199998
Fugue-asplos-EPIC-long-16000,F3,prefill_common,23,ff3,GPU,0,0.08562550993051847,0.08576505119821078,0.0001395412676923077,0.01718813676885333
Fugue-asplos-EPIC-long-16000,F3,prefill_common,23,comm_g2g,GPU,0,0.08576505119821078,0.08576505119821078,0.0,2.94780928e-05
Fugue-asplos-EPIC-long-16000,F3,prefill_common,23,norm2,GPU,0,0.08576505119821078,0.08577823271385755,1.3181515646778041e-05,0.00027721453568000005
Fugue-asplos-EPIC-long-16000,F3,prefill_common,24,qkv,GPU,0,0.08577823271385755,0.0859352166400114,0.00015698392615384616,0.01877791735808
Fugue-asplos-EPIC-long-16000,F3,prefill_attention,24,attention_service,GPU,0,0.0859352166400114,0.08886421505094542,0.002928998410934027,0.08696260805952001
Fugue-asplos-EPIC-long-16000,F3,prefill_common,24,proj,GPU,0,0.08886421505094542,0.08891654302633004,5.2327975384615384e-05,0.006502948536319999
Fugue-asplos-EPIC-long-16000,F3,prefill_common,24,comm_g2g,GPU,0,0.08891654302633004,0.08891654302633004,0.0,2.94780928e-05
Fugue-asplos-EPIC-long-16000,F3,prefill_common,24,norm1,GPU,0,0.08891654302633004,0.08892972454197681,1.3181515646778041e-05,0.00027721453568000005
Fugue-asplos-EPIC-long-16000,F3,prefill_common,24,ff1,GPU,0,0.08892972454197681,0.08905730512958121,0.0001275805876043956,0.016864331257173334
Fugue-asplos-EPIC-long-16000,F3,prefill_common,24,ff2,GPU,0,0.08905730512958121,0.08918488571718561,0.0001275805876043956,0.016864331257173334
Fugue-asplos-EPIC-long-16000,F3,prefill_common,24,glu,GPU,0,0.08918488571718561,0.08919960296026253,1.4717243076923078e-05,0.0007416574771199998
Fugue-asplos-EPIC-long-16000,F3,prefill_common,24,ff3,GPU,0,0.08919960296026253,0.08933914422795483,0.0001395412676923077,0.01718813676885333
Fugue-asplos-EPIC-long-16000,F3,prefill_common,24,comm_g2g,GPU,0,0.08933914422795483,0.08933914422795483,0.0,2.94780928e-05
Fugue-asplos-EPIC-long-16000,F3,prefill_common,24,norm2,GPU,0,0.08933914422795483,0.08935232574360161,1.3181515646778041e-05,0.00027721453568000005
Fugue-asplos-EPIC-long-16000,F3,prefill_common,25,qkv,GPU,0,0.08935232574360161,0.08950930966975545,0.00015698392615384616,0.01877791735808
Fugue-asplos-EPIC-long-16000,F3,prefill_attention,25,attention_service,GPU,0,0.08950930966975545,0.09243830808068948,0.002928998410934027,0.08696260805952001
Fugue-asplos-EPIC-long-16000,F3,prefill_common,25,proj,GPU,0,0.09243830808068948,0.09249063605607409,5.2327975384615384e-05,0.006502948536319999
Fugue-asplos-EPIC-long-16000,F3,prefill_common,25,comm_g2g,GPU,0,0.09249063605607409,0.09249063605607409,0.0,2.94780928e-05
Fugue-asplos-EPIC-long-16000,F3,prefill_common,25,norm1,GPU,0,0.09249063605607409,0.09250381757172087,1.3181515646778041e-05,0.00027721453568000005
Fugue-asplos-EPIC-long-16000,F3,prefill_common,25,ff1,GPU,0,0.09250381757172087,0.09263139815932526,0.0001275805876043956,0.016864331257173334
Fugue-asplos-EPIC-long-16000,F3,prefill_common,25,ff2,GPU,0,0.09263139815932526,0.09275897874692966,0.0001275805876043956,0.016864331257173334
Fugue-asplos-EPIC-long-16000,F3,prefill_common,25,glu,GPU,0,0.09275897874692966,0.09277369599000658,1.4717243076923078e-05,0.0007416574771199998
Fugue-asplos-EPIC-long-16000,F3,prefill_common,25,ff3,GPU,0,0.09277369599000658,0.09291323725769889,0.0001395412676923077,0.01718813676885333
Fugue-asplos-EPIC-long-16000,F3,prefill_common,25,comm_g2g,GPU,0,0.09291323725769889,0.09291323725769889,0.0,2.94780928e-05
Fugue-asplos-EPIC-long-16000,F3,prefill_common,25,norm2,GPU,0,0.09291323725769889,0.09292641877334566,1.3181515646778041e-05,0.00027721453568000005
Fugue-asplos-EPIC-long-16000,F3,prefill_common,26,qkv,GPU,0,0.09292641877334566,0.09308340269949951,0.00015698392615384616,0.01877791735808
Fugue-asplos-EPIC-long-16000,F3,prefill_attention,26,attention_service,GPU,0,0.09308340269949951,0.09601240111043353,0.002928998410934027,0.08696260805952001
Fugue-asplos-EPIC-long-16000,F3,prefill_common,26,proj,GPU,0,0.09601240111043353,0.09606472908581815,5.2327975384615384e-05,0.006502948536319999
Fugue-asplos-EPIC-long-16000,F3,prefill_common,26,comm_g2g,GPU,0,0.09606472908581815,0.09606472908581815,0.0,2.94780928e-05
Fugue-asplos-EPIC-long-16000,F3,prefill_common,26,norm1,GPU,0,0.09606472908581815,0.09607791060146492,1.3181515646778041e-05,0.00027721453568000005
Fugue-asplos-EPIC-long-16000,F3,prefill_common,26,ff1,GPU,0,0.09607791060146492,0.09620549118906932,0.0001275805876043956,0.016864331257173334
Fugue-asplos-EPIC-long-16000,F3,prefill_common,26,ff2,GPU,0,0.09620549118906932,0.09633307177667372,0.0001275805876043956,0.016864331257173334
Fugue-asplos-EPIC-long-16000,F3,prefill_common,26,glu,GPU,0,0.09633307177667372,0.09634778901975063,1.4717243076923078e-05,0.0007416574771199998
Fugue-asplos-EPIC-long-16000,F3,prefill_common,26,ff3,GPU,0,0.09634778901975063,0.09648733028744294,0.0001395412676923077,0.01718813676885333
Fugue-asplos-EPIC-long-16000,F3,prefill_common,26,comm_g2g,GPU,0,0.09648733028744294,0.09648733028744294,0.0,2.94780928e-05
Fugue-asplos-EPIC-long-16000,F3,prefill_common,26,norm2,GPU,0,0.09648733028744294,0.09650051180308972,1.3181515646778041e-05,0.00027721453568000005
Fugue-asplos-EPIC-long-16000,F3,prefill_common,27,qkv,GPU,0,0.09650051180308972,0.09665749572924356,0.00015698392615384616,0.01877791735808
Fugue-asplos-EPIC-long-16000,F3,prefill_attention,27,attention_service,GPU,0,0.09665749572924356,0.09958649414017759,0.002928998410934027,0.08696260805952001
Fugue-asplos-EPIC-long-16000,F3,prefill_common,27,proj,GPU,0,0.09958649414017759,0.0996388221155622,5.2327975384615384e-05,0.006502948536319999
Fugue-asplos-EPIC-long-16000,F3,prefill_common,27,comm_g2g,GPU,0,0.0996388221155622,0.0996388221155622,0.0,2.94780928e-05
Fugue-asplos-EPIC-long-16000,F3,prefill_common,27,norm1,GPU,0,0.0996388221155622,0.09965200363120898,1.3181515646778041e-05,0.00027721453568000005
Fugue-asplos-EPIC-long-16000,F3,prefill_common,27,ff1,GPU,0,0.09965200363120898,0.09977958421881337,0.0001275805876043956,0.016864331257173334
Fugue-asplos-EPIC-long-16000,F3,prefill_common,27,ff2,GPU,0,0.09977958421881337,0.09990716480641777,0.0001275805876043956,0.016864331257173334
Fugue-asplos-EPIC-long-16000,F3,prefill_common,27,glu,GPU,0,0.09990716480641777,0.09992188204949469,1.4717243076923078e-05,0.0007416574771199998
Fugue-asplos-EPIC-long-16000,F3,prefill_common,27,ff3,GPU,0,0.09992188204949469,0.100061423317187,0.0001395412676923077,0.01718813676885333
Fugue-asplos-EPIC-long-16000,F3,prefill_common,27,comm_g2g,GPU,0,0.100061423317187,0.100061423317187,0.0,2.94780928e-05
Fugue-asplos-EPIC-long-16000,F3,prefill_common,27,norm2,GPU,0,0.100061423317187,0.10007460483283377,1.3181515646778041e-05,0.00027721453568000005
Fugue-asplos-EPIC-long-16000,F3,prefill_common,28,qkv,GPU,0,0.10007460483283377,0.10023158875898762,0.00015698392615384616,0.01877791735808
Fugue-asplos-EPIC-long-16000,F3,prefill_attention,28,attention_service,GPU,0,0.10023158875898762,0.10316058716992164,0.002928998410934027,0.08696260805952001
Fugue-asplos-EPIC-long-16000,F3,prefill_common,28,proj,GPU,0,0.10316058716992164,0.10321291514530626,5.2327975384615384e-05,0.006502948536319999
Fugue-asplos-EPIC-long-16000,F3,prefill_common,28,comm_g2g,GPU,0,0.10321291514530626,0.10321291514530626,0.0,2.94780928e-05
Fugue-asplos-EPIC-long-16000,F3,prefill_common,28,norm1,GPU,0,0.10321291514530626,0.10322609666095303,1.3181515646778041e-05,0.00027721453568000005
Fugue-asplos-EPIC-long-16000,F3,prefill_common,28,ff1,GPU,0,0.10322609666095303,0.10335367724855743,0.0001275805876043956,0.016864331257173334
Fugue-asplos-EPIC-long-16000,F3,prefill_common,28,ff2,GPU,0,0.10335367724855743,0.10348125783616183,0.0001275805876043956,0.016864331257173334
Fugue-asplos-EPIC-long-16000,F3,prefill_common,28,glu,GPU,0,0.10348125783616183,0.10349597507923874,1.4717243076923078e-05,0.0007416574771199998
Fugue-asplos-EPIC-long-16000,F3,prefill_common,28,ff3,GPU,0,0.10349597507923874,0.10363551634693105,0.0001395412676923077,0.01718813676885333
Fugue-asplos-EPIC-long-16000,F3,prefill_common,28,comm_g2g,GPU,0,0.10363551634693105,0.10363551634693105,0.0,2.94780928e-05
Fugue-asplos-EPIC-long-16000,F3,prefill_common,28,norm2,GPU,0,0.10363551634693105,0.10364869786257783,1.3181515646778041e-05,0.00027721453568000005
Fugue-asplos-EPIC-long-16000,F3,prefill_common,29,qkv,GPU,0,0.10364869786257783,0.10380568178873167,0.00015698392615384616,0.01877791735808
Fugue-asplos-EPIC-long-16000,F3,prefill_attention,29,attention_service,GPU,0,0.10380568178873167,0.1067346801996657,0.002928998410934027,0.08696260805952001
Fugue-asplos-EPIC-long-16000,F3,prefill_common,29,proj,GPU,0,0.1067346801996657,0.10678700817505031,5.2327975384615384e-05,0.006502948536319999
Fugue-asplos-EPIC-long-16000,F3,prefill_common,29,comm_g2g,GPU,0,0.10678700817505031,0.10678700817505031,0.0,2.94780928e-05
Fugue-asplos-EPIC-long-16000,F3,prefill_common,29,norm1,GPU,0,0.10678700817505031,0.10680018969069709,1.3181515646778041e-05,0.00027721453568000005
Fugue-asplos-EPIC-long-16000,F3,prefill_common,29,ff1,GPU,0,0.10680018969069709,0.10692777027830148,0.0001275805876043956,0.016864331257173334
Fugue-asplos-EPIC-long-16000,F3,prefill_common,29,ff2,GPU,0,0.10692777027830148,0.10705535086590588,0.0001275805876043956,0.016864331257173334
Fugue-asplos-EPIC-long-16000,F3,prefill_common,29,glu,GPU,0,0.10705535086590588,0.1070700681089828,1.4717243076923078e-05,0.0007416574771199998
Fugue-asplos-EPIC-long-16000,F3,prefill_common,29,ff3,GPU,0,0.1070700681089828,0.1072096093766751,0.0001395412676923077,0.01718813676885333
Fugue-asplos-EPIC-long-16000,F3,prefill_common,29,comm_g2g,GPU,0,0.1072096093766751,0.1072096093766751,0.0,2.94780928e-05
Fugue-asplos-EPIC-long-16000,F3,prefill_common,29,norm2,GPU,0,0.1072096093766751,0.10722279089232188,1.3181515646778041e-05,0.00027721453568000005
Fugue-asplos-EPIC-long-16000,F3,prefill_common,30,qkv,GPU,0,0.10722279089232188,0.10737977481847573,0.00015698392615384616,0.01877791735808
Fugue-asplos-EPIC-long-16000,F3,prefill_attention,30,attention_service,GPU,0,0.10737977481847573,0.11030877322940975,0.002928998410934027,0.08696260805952001
Fugue-asplos-EPIC-long-16000,F3,prefill_common,30,proj,GPU,0,0.11030877322940975,0.11036110120479437,5.2327975384615384e-05,0.006502948536319999
Fugue-asplos-EPIC-long-16000,F3,prefill_common,30,comm_g2g,GPU,0,0.11036110120479437,0.11036110120479437,0.0,2.94780928e-05
Fugue-asplos-EPIC-long-16000,F3,prefill_common,30,norm1,GPU,0,0.11036110120479437,0.11037428272044114,1.3181515646778041e-05,0.00027721453568000005
Fugue-asplos-EPIC-long-16000,F3,prefill_common,30,ff1,GPU,0,0.11037428272044114,0.11050186330804554,0.0001275805876043956,0.016864331257173334
Fugue-asplos-EPIC-long-16000,F3,prefill_common,30,ff2,GPU,0,0.11050186330804554,0.11062944389564994,0.0001275805876043956,0.016864331257173334
Fugue-asplos-EPIC-long-16000,F3,prefill_common,30,glu,GPU,0,0.11062944389564994,0.11064416113872685,1.4717243076923078e-05,0.0007416574771199998
Fugue-asplos-EPIC-long-16000,F3,prefill_common,30,ff3,GPU,0,0.11064416113872685,0.11078370240641916,0.0001395412676923077,0.01718813676885333
Fugue-asplos-EPIC-long-16000,F3,prefill_common,30,comm_g2g,GPU,0,0.11078370240641916,0.11078370240641916,0.0,2.94780928e-05
Fugue-asplos-EPIC-long-16000,F3,prefill_common,30,norm2,GPU,0,0.11078370240641916,0.11079688392206594,1.3181515646778041e-05,0.00027721453568000005
Fugue-asplos-EPIC-long-16000,F3,prefill_common,31,qkv,GPU,0,0.11079688392206594,0.11095386784821978,0.00015698392615384616,0.01877791735808
Fugue-asplos-EPIC-long-16000,F3,prefill_attention,31,attention_service,GPU,0,0.11095386784821978,0.11388286625915381,0.002928998410934027,0.08696260805952001
Fugue-asplos-EPIC-long-16000,F3,prefill_common,31,proj,GPU,0,0.11388286625915381,0.11393519423453842,5.2327975384615384e-05,0.006502948536319999
Fugue-asplos-EPIC-long-16000,F3,prefill_common,31,comm_g2g,GPU,0,0.11393519423453842,0.11393519423453842,0.0,2.94780928e-05
Fugue-asplos-EPIC-long-16000,F3,prefill_common,31,norm1,GPU,0,0.11393519423453842,0.1139483757501852,1.3181515646778041e-05,0.00027721453568000005
Fugue-asplos-EPIC-long-16000,F3,prefill_common,31,ff1,GPU,0,0.1139483757501852,0.1140759563377896,0.0001275805876043956,0.016864331257173334
Fugue-asplos-EPIC-long-16000,F3,prefill_common,31,ff2,GPU,0,0.1140759563377896,0.11420353692539399,0.0001275805876043956,0.016864331257173334
Fugue-asplos-EPIC-long-16000,F3,prefill_common,31,glu,GPU,0,0.11420353692539399,0.11421825416847091,1.4717243076923078e-05,0.0007416574771199998
Fugue-asplos-EPIC-long-16000,F3,prefill_common,31,ff3,GPU,0,0.11421825416847091,0.11435779543616321,0.0001395412676923077,0.01718813676885333
Fugue-asplos-EPIC-long-16000,F3,prefill_common,31,comm_g2g,GPU,0,0.11435779543616321,0.11435779543616321,0.0,2.94780928e-05
Fugue-asplos-EPIC-long-16000,F3,prefill_common,31,norm2,GPU,0,0.11435779543616321,0.11437097695180999,1.3181515646778041e-05,0.00027721453568000005
Fugue-asplos-EPIC-long-16000,F3,decode,all,native_transformer,GPU+PIM,1,0.11437097695180999,0.12060295348431097,0.006231976532500973,0.46728761473597424
Fugue-asplos-EPIC-long-16000,F3,decode,all,native_transformer,GPU+PIM,2,0.12060295348431097,0.12683493001681193,0.006231976532500973,0.4672876575121407
Fugue-asplos-EPIC-long-16000,F3,decode,all,native_transformer,GPU+PIM,3,0.12683493001681193,0.13306690654931289,0.006231976532500973,0.4672877002883071
Fugue-asplos-EPIC-long-16000,F3,decode,all,native_transformer,GPU+PIM,4,0.13306690654931289,0.13929947367381385,0.0062325671245009725,0.4673281132404735
Fugue-asplos-EPIC-long-16000,F3,decode,all,native_transformer,GPU+PIM,5,0.13929947367381385,0.1455320407983148,0.0062325671245009725,0.4673281560166399
Fugue-asplos-EPIC-long-16000,F3,decode,all,native_transformer,GPU+PIM,6,0.1455320407983148,0.15176460792281576,0.0062325671245009725,0.46732819879280624
Fugue-asplos-EPIC-long-16000,F3,decode,all,native_transformer,GPU+PIM,7,0.15176460792281576,0.15799717504731672,0.0062325671245009725,0.46732824156897274
Fugue-asplos-EPIC-long-16000,F3,decode,all,native_transformer,GPU+PIM,8,0.15799717504731672,0.16422974217181768,0.0062325671245009725,0.46732828434513907
Fugue-asplos-EPIC-long-16000,F3,decode,all,native_transformer,GPU+PIM,9,0.16422974217181768,0.17046230929631864,0.0062325671245009725,0.46732832712130545
Fugue-asplos-EPIC-long-16000,F3,decode,all,native_transformer,GPU+PIM,10,0.17046230929631864,0.1766948764208196,0.0062325671245009725,0.46732836989747184
Fugue-asplos-EPIC-long-16000,F3,decode,all,native_transformer,GPU+PIM,11,0.1766948764208196,0.18292744354532056,0.0062325671245009725,0.4673284126736383
Fugue-asplos-EPIC-long-16000,F3,decode,all,native_transformer,GPU+PIM,12,0.18292744354532056,0.18916001066982152,0.0062325671245009725,0.46732845544980467
Fugue-asplos-EPIC-long-16000,F3,decode,all,native_transformer,GPU+PIM,13,0.18916001066982152,0.19539257779432248,0.0062325671245009725,0.46732849822597106
Fugue-asplos-EPIC-long-16000,F3,decode,all,native_transformer,GPU+PIM,14,0.19539257779432248,0.20162514491882344,0.0062325671245009725,0.4673285410021375
Fugue-asplos-EPIC-long-16000,F3,decode,all,native_transformer,GPU+PIM,15,0.20162514491882344,0.2078577120433244,0.0062325671245009725,0.4673285837783039
Fugue-asplos-EPIC-long-16000,F4,prefill_common,0,qkv,GPU,0,0.0,0.00015698392615384616,0.00015698392615384616,0.01877791735808
Fugue-asplos-EPIC-long-16000,F4,prefill_attention,0,attention_service,PIM,0,0.00015698392615384616,0.002355675740935072,0.002198691814781226,0.06431123401446402
Fugue-asplos-EPIC-long-16000,F4,prefill_common,0,proj,GPU,0,0.002355675740935072,0.0024080037163196877,5.2327975384615384e-05,0.006502948536319999
Fugue-asplos-EPIC-long-16000,F4,prefill_common,0,comm_g2g,GPU,0,0.0024080037163196877,0.0024080037163196877,0.0,2.94780928e-05
Fugue-asplos-EPIC-long-16000,F4,prefill_common,0,norm1,GPU,0,0.0024080037163196877,0.0024211852319664657,1.3181515646778041e-05,0.00027721453568000005
Fugue-asplos-EPIC-long-16000,F4,prefill_common,0,ff1,GPU,0,0.0024211852319664657,0.0025487658195708614,0.0001275805876043956,0.016864331257173334
Fugue-asplos-EPIC-long-16000,F4,prefill_common,0,ff2,GPU,0,0.0025487658195708614,0.002676346407175257,0.0001275805876043956,0.016864331257173334
Fugue-asplos-EPIC-long-16000,F4,prefill_common,0,glu,GPU,0,0.002676346407175257,0.0026910636502521803,1.4717243076923078e-05,0.0007416574771199998
Fugue-asplos-EPIC-long-16000,F4,prefill_common,0,ff3,GPU,0,0.0026910636502521803,0.002830604917944488,0.0001395412676923077,0.01718813676885333
Fugue-asplos-EPIC-long-16000,F4,prefill_common,0,comm_g2g,GPU,0,0.002830604917944488,0.002830604917944488,0.0,2.94780928e-05
Fugue-asplos-EPIC-long-16000,F4,prefill_common,0,norm2,GPU,0,0.002830604917944488,0.002843786433591266,1.3181515646778041e-05,0.00027721453568000005
Fugue-asplos-EPIC-long-16000,F4,prefill_common,1,qkv,GPU,0,0.002843786433591266,0.003000770359745112,0.00015698392615384616,0.01877791735808
Fugue-asplos-EPIC-long-16000,F4,prefill_attention,1,attention_service,PIM,0,0.003000770359745112,0.005199462174526338,0.002198691814781226,0.06431123401446402
Fugue-asplos-EPIC-long-16000,F4,prefill_common,1,proj,GPU,0,0.005199462174526338,0.0052517901499109535,5.2327975384615384e-05,0.006502948536319999
Fugue-asplos-EPIC-long-16000,F4,prefill_common,1,comm_g2g,GPU,0,0.0052517901499109535,0.0052517901499109535,0.0,2.94780928e-05
Fugue-asplos-EPIC-long-16000,F4,prefill_common,1,norm1,GPU,0,0.0052517901499109535,0.0052649716655577316,1.3181515646778041e-05,0.00027721453568000005
Fugue-asplos-EPIC-long-16000,F4,prefill_common,1,ff1,GPU,0,0.0052649716655577316,0.005392552253162127,0.0001275805876043956,0.016864331257173334
Fugue-asplos-EPIC-long-16000,F4,prefill_common,1,ff2,GPU,0,0.005392552253162127,0.005520132840766522,0.0001275805876043956,0.016864331257173334
Fugue-asplos-EPIC-long-16000,F4,prefill_common,1,glu,GPU,0,0.005520132840766522,0.005534850083843445,1.4717243076923078e-05,0.0007416574771199998
Fugue-asplos-EPIC-long-16000,F4,prefill_common,1,ff3,GPU,0,0.005534850083843445,0.005674391351535753,0.0001395412676923077,0.01718813676885333
Fugue-asplos-EPIC-long-16000,F4,prefill_common,1,comm_g2g,GPU,0,0.005674391351535753,0.005674391351535753,0.0,2.94780928e-05
Fugue-asplos-EPIC-long-16000,F4,prefill_common,1,norm2,GPU,0,0.005674391351535753,0.005687572867182531,1.3181515646778041e-05,0.00027721453568000005
Fugue-asplos-EPIC-long-16000,F4,prefill_common,2,qkv,GPU,0,0.005687572867182531,0.0058445567933363765,0.00015698392615384616,0.01877791735808
Fugue-asplos-EPIC-long-16000,F4,prefill_attention,2,attention_service,PIM,0,0.0058445567933363765,0.008043248608117603,0.002198691814781226,0.06431123401446402
Fugue-asplos-EPIC-long-16000,F4,prefill_common,2,proj,GPU,0,0.008043248608117603,0.008095576583502217,5.2327975384615384e-05,0.006502948536319999
Fugue-asplos-EPIC-long-16000,F4,prefill_common,2,comm_g2g,GPU,0,0.008095576583502217,0.008095576583502217,0.0,2.94780928e-05
Fugue-asplos-EPIC-long-16000,F4,prefill_common,2,norm1,GPU,0,0.008095576583502217,0.008108758099148995,1.3181515646778041e-05,0.00027721453568000005
Fugue-asplos-EPIC-long-16000,F4,prefill_common,2,ff1,GPU,0,0.008108758099148995,0.008236338686753391,0.0001275805876043956,0.016864331257173334
Fugue-asplos-EPIC-long-16000,F4,prefill_common,2,ff2,GPU,0,0.008236338686753391,0.008363919274357787,0.0001275805876043956,0.016864331257173334
Fugue-asplos-EPIC-long-16000,F4,prefill_common,2,glu,GPU,0,0.008363919274357787,0.00837863651743471,1.4717243076923078e-05,0.0007416574771199998
Fugue-asplos-EPIC-long-16000,F4,prefill_common,2,ff3,GPU,0,0.00837863651743471,0.008518177785127017,0.0001395412676923077,0.01718813676885333
Fugue-asplos-EPIC-long-16000,F4,prefill_common,2,comm_g2g,GPU,0,0.008518177785127017,0.008518177785127017,0.0,2.94780928e-05
Fugue-asplos-EPIC-long-16000,F4,prefill_common,2,norm2,GPU,0,0.008518177785127017,0.008531359300773795,1.3181515646778041e-05,0.00027721453568000005
Fugue-asplos-EPIC-long-16000,F4,prefill_common,3,qkv,GPU,0,0.008531359300773795,0.008688343226927641,0.00015698392615384616,0.01877791735808
Fugue-asplos-EPIC-long-16000,F4,prefill_attention,3,attention_service,PIM,0,0.008688343226927641,0.010887035041708867,0.002198691814781226,0.06431123401446402
Fugue-asplos-EPIC-long-16000,F4,prefill_common,3,proj,GPU,0,0.010887035041708867,0.010939363017093482,5.2327975384615384e-05,0.006502948536319999
Fugue-asplos-EPIC-long-16000,F4,prefill_common,3,comm_g2g,GPU,0,0.010939363017093482,0.010939363017093482,0.0,2.94780928e-05
Fugue-asplos-EPIC-long-16000,F4,prefill_common,3,norm1,GPU,0,0.010939363017093482,0.01095254453274026,1.3181515646778041e-05,0.00027721453568000005
Fugue-asplos-EPIC-long-16000,F4,prefill_common,3,ff1,GPU,0,0.01095254453274026,0.011080125120344656,0.0001275805876043956,0.016864331257173334
Fugue-asplos-EPIC-long-16000,F4,prefill_common,3,ff2,GPU,0,0.011080125120344656,0.011207705707949052,0.0001275805876043956,0.016864331257173334
Fugue-asplos-EPIC-long-16000,F4,prefill_common,3,glu,GPU,0,0.011207705707949052,0.011222422951025974,1.4717243076923078e-05,0.0007416574771199998
Fugue-asplos-EPIC-long-16000,F4,prefill_common,3,ff3,GPU,0,0.011222422951025974,0.011361964218718282,0.0001395412676923077,0.01718813676885333
Fugue-asplos-EPIC-long-16000,F4,prefill_common,3,comm_g2g,GPU,0,0.011361964218718282,0.011361964218718282,0.0,2.94780928e-05
Fugue-asplos-EPIC-long-16000,F4,prefill_common,3,norm2,GPU,0,0.011361964218718282,0.01137514573436506,1.3181515646778041e-05,0.00027721453568000005
Fugue-asplos-EPIC-long-16000,F4,prefill_common,4,qkv,GPU,0,0.01137514573436506,0.011532129660518906,0.00015698392615384616,0.01877791735808
Fugue-asplos-EPIC-long-16000,F4,prefill_attention,4,attention_service,PIM,0,0.011532129660518906,0.013730821475300132,0.002198691814781226,0.06431123401446402
Fugue-asplos-EPIC-long-16000,F4,prefill_common,4,proj,GPU,0,0.013730821475300132,0.013783149450684746,5.2327975384615384e-05,0.006502948536319999
Fugue-asplos-EPIC-long-16000,F4,prefill_common,4,comm_g2g,GPU,0,0.013783149450684746,0.013783149450684746,0.0,2.94780928e-05
Fugue-asplos-EPIC-long-16000,F4,prefill_common,4,norm1,GPU,0,0.013783149450684746,0.013796330966331524,1.3181515646778041e-05,0.00027721453568000005
Fugue-asplos-EPIC-long-16000,F4,prefill_common,4,ff1,GPU,0,0.013796330966331524,0.01392391155393592,0.0001275805876043956,0.016864331257173334
Fugue-asplos-EPIC-long-16000,F4,prefill_common,4,ff2,GPU,0,0.01392391155393592,0.014051492141540316,0.0001275805876043956,0.016864331257173334
Fugue-asplos-EPIC-long-16000,F4,prefill_common,4,glu,GPU,0,0.014051492141540316,0.014066209384617239,1.4717243076923078e-05,0.0007416574771199998
Fugue-asplos-EPIC-long-16000,F4,prefill_common,4,ff3,GPU,0,0.014066209384617239,0.014205750652309546,0.0001395412676923077,0.01718813676885333
Fugue-asplos-EPIC-long-16000,F4,prefill_common,4,comm_g2g,GPU,0,0.014205750652309546,0.014205750652309546,0.0,2.94780928e-05
Fugue-asplos-EPIC-long-16000,F4,prefill_common,4,norm2,GPU,0,0.014205750652309546,0.014218932167956324,1.3181515646778041e-05,0.00027721453568000005
Fugue-asplos-EPIC-long-16000,F4,prefill_common,5,qkv,GPU,0,0.014218932167956324,0.01437591609411017,0.00015698392615384616,0.01877791735808
Fugue-asplos-EPIC-long-16000,F4,prefill_attention,5,attention_service,PIM,0,0.01437591609411017,0.016574607908891398,0.002198691814781226,0.06431123401446402
Fugue-asplos-EPIC-long-16000,F4,prefill_common,5,proj,GPU,0,0.016574607908891398,0.016626935884276012,5.2327975384615384e-05,0.006502948536319999
Fugue-asplos-EPIC-long-16000,F4,prefill_common,5,comm_g2g,GPU,0,0.016626935884276012,0.016626935884276012,0.0,2.94780928e-05
Fugue-asplos-EPIC-long-16000,F4,prefill_common,5,norm1,GPU,0,0.016626935884276012,0.016640117399922792,1.3181515646778041e-05,0.00027721453568000005
Fugue-asplos-EPIC-long-16000,F4,prefill_common,5,ff1,GPU,0,0.016640117399922792,0.016767697987527187,0.0001275805876043956,0.016864331257173334
Fugue-asplos-EPIC-long-16000,F4,prefill_common,5,ff2,GPU,0,0.016767697987527187,0.01689527857513158,0.0001275805876043956,0.016864331257173334
Fugue-asplos-EPIC-long-16000,F4,prefill_common,5,glu,GPU,0,0.01689527857513158,0.016909995818208505,1.4717243076923078e-05,0.0007416574771199998
Fugue-asplos-EPIC-long-16000,F4,prefill_common,5,ff3,GPU,0,0.016909995818208505,0.017049537085900814,0.0001395412676923077,0.01718813676885333
Fugue-asplos-EPIC-long-16000,F4,prefill_common,5,comm_g2g,GPU,0,0.017049537085900814,0.017049537085900814,0.0,2.94780928e-05
Fugue-asplos-EPIC-long-16000,F4,prefill_common,5,norm2,GPU,0,0.017049537085900814,0.017062718601547594,1.3181515646778041e-05,0.00027721453568000005
Fugue-asplos-EPIC-long-16000,F4,prefill_common,6,qkv,GPU,0,0.017062718601547594,0.01721970252770144,0.00015698392615384616,0.01877791735808
Fugue-asplos-EPIC-long-16000,F4,prefill_attention,6,attention_service,PIM,0,0.01721970252770144,0.019418394342482666,0.002198691814781226,0.06431123401446402
Fugue-asplos-EPIC-long-16000,F4,prefill_common,6,proj,GPU,0,0.019418394342482666,0.01947072231786728,5.2327975384615384e-05,0.006502948536319999
Fugue-asplos-EPIC-long-16000,F4,prefill_common,6,comm_g2g,GPU,0,0.01947072231786728,0.01947072231786728,0.0,2.94780928e-05
Fugue-asplos-EPIC-long-16000,F4,prefill_common,6,norm1,GPU,0,0.01947072231786728,0.01948390383351406,1.3181515646778041e-05,0.00027721453568000005
Fugue-asplos-EPIC-long-16000,F4,prefill_common,6,ff1,GPU,0,0.01948390383351406,0.019611484421118455,0.0001275805876043956,0.016864331257173334
Fugue-asplos-EPIC-long-16000,F4,prefill_common,6,ff2,GPU,0,0.019611484421118455,0.01973906500872285,0.0001275805876043956,0.016864331257173334
Fugue-asplos-EPIC-long-16000,F4,prefill_common,6,glu,GPU,0,0.01973906500872285,0.019753782251799773,1.4717243076923078e-05,0.0007416574771199998
Fugue-asplos-EPIC-long-16000,F4,prefill_common,6,ff3,GPU,0,0.019753782251799773,0.019893323519492082,0.0001395412676923077,0.01718813676885333
Fugue-asplos-EPIC-long-16000,F4,prefill_common,6,comm_g2g,GPU,0,0.019893323519492082,0.019893323519492082,0.0,2.94780928e-05
Fugue-asplos-EPIC-long-16000,F4,prefill_common,6,norm2,GPU,0,0.019893323519492082,0.019906505035138862,1.3181515646778041e-05,0.00027721453568000005
Fugue-asplos-EPIC-long-16000,F4,prefill_common,7,qkv,GPU,0,0.019906505035138862,0.02006348896129271,0.00015698392615384616,0.01877791735808
Fugue-asplos-EPIC-long-16000,F4,prefill_attention,7,attention_service,PIM,0,0.02006348896129271,0.022262180776073934,0.002198691814781226,0.06431123401446402
Fugue-asplos-EPIC-long-16000,F4,prefill_common,7,proj,GPU,0,0.022262180776073934,0.02231450875145855,5.2327975384615384e-05,0.006502948536319999
Fugue-asplos-EPIC-long-16000,F4,prefill_common,7,comm_g2g,GPU,0,0.02231450875145855,0.02231450875145855,0.0,2.94780928e-05
Fugue-asplos-EPIC-long-16000,F4,prefill_common,7,norm1,GPU,0,0.02231450875145855,0.022327690267105328,1.3181515646778041e-05,0.00027721453568000005
Fugue-asplos-EPIC-long-16000,F4,prefill_common,7,ff1,GPU,0,0.022327690267105328,0.022455270854709723,0.0001275805876043956,0.016864331257173334
Fugue-asplos-EPIC-long-16000,F4,prefill_common,7,ff2,GPU,0,0.022455270854709723,0.022582851442314117,0.0001275805876043956,0.016864331257173334
Fugue-asplos-EPIC-long-16000,F4,prefill_common,7,glu,GPU,0,0.022582851442314117,0.02259756868539104,1.4717243076923078e-05,0.0007416574771199998
Fugue-asplos-EPIC-long-16000,F4,prefill_common,7,ff3,GPU,0,0.02259756868539104,0.02273710995308335,0.0001395412676923077,0.01718813676885333
Fugue-asplos-EPIC-long-16000,F4,prefill_common,7,comm_g2g,GPU,0,0.02273710995308335,0.02273710995308335,0.0,2.94780928e-05
Fugue-asplos-EPIC-long-16000,F4,prefill_common,7,norm2,GPU,0,0.02273710995308335,0.02275029146873013,1.3181515646778041e-05,0.00027721453568000005
Fugue-asplos-EPIC-long-16000,F4,prefill_common,8,qkv,GPU,0,0.02275029146873013,0.022907275394883977,0.00015698392615384616,0.01877791735808
Fugue-asplos-EPIC-long-16000,F4,prefill_attention,8,attention_service,PIM,0,0.022907275394883977,0.0251059672096652,0.002198691814781226,0.06431123401446402
Fugue-asplos-EPIC-long-16000,F4,prefill_common,8,proj,GPU,0,0.0251059672096652,0.025158295185049816,5.2327975384615384e-05,0.006502948536319999
Fugue-asplos-EPIC-long-16000,F4,prefill_common,8,comm_g2g,GPU,0,0.025158295185049816,0.025158295185049816,0.0,2.94780928e-05
Fugue-asplos-EPIC-long-16000,F4,prefill_common,8,norm1,GPU,0,0.025158295185049816,0.025171476700696596,1.3181515646778041e-05,0.00027721453568000005
Fugue-asplos-EPIC-long-16000,F4,prefill_common,8,ff1,GPU,0,0.025171476700696596,0.02529905728830099,0.0001275805876043956,0.016864331257173334
Fugue-asplos-EPIC-long-16000,F4,prefill_common,8,ff2,GPU,0,0.02529905728830099,0.025426637875905385,0.0001275805876043956,0.016864331257173334
Fugue-asplos-EPIC-long-16000,F4,prefill_common,8,glu,GPU,0,0.025426637875905385,0.02544135511898231,1.4717243076923078e-05,0.0007416574771199998
Fugue-asplos-EPIC-long-16000,F4,prefill_common,8,ff3,GPU,0,0.02544135511898231,0.025580896386674618,0.0001395412676923077,0.01718813676885333
Fugue-asplos-EPIC-long-16000,F4,prefill_common,8,comm_g2g,GPU,0,0.025580896386674618,0.025580896386674618,0.0,2.94780928e-05
Fugue-asplos-EPIC-long-16000,F4,prefill_common,8,norm2,GPU,0,0.025580896386674618,0.025594077902321398,1.3181515646778041e-05,0.00027721453568000005
Fugue-asplos-EPIC-long-16000,F4,prefill_common,9,qkv,GPU,0,0.025594077902321398,0.025751061828475245,0.00015698392615384616,0.01877791735808
Fugue-asplos-EPIC-long-16000,F4,prefill_attention,9,attention_service,PIM,0,0.025751061828475245,0.02794975364325647,0.002198691814781226,0.06431123401446402
Fugue-asplos-EPIC-long-16000,F4,prefill_common,9,proj,GPU,0,0.02794975364325647,0.028002081618641084,5.2327975384615384e-05,0.006502948536319999
Fugue-asplos-EPIC-long-16000,F4,prefill_common,9,comm_g2g,GPU,0,0.028002081618641084,0.028002081618641084,0.0,2.94780928e-05
Fugue-asplos-EPIC-long-16000,F4,prefill_common,9,norm1,GPU,0,0.028002081618641084,0.028015263134287864,1.3181515646778041e-05,0.00027721453568000005
Fugue-asplos-EPIC-long-16000,F4,prefill_common,9,ff1,GPU,0,0.028015263134287864,0.02814284372189226,0.0001275805876043956,0.016864331257173334
Fugue-asplos-EPIC-long-16000,F4,prefill_common,9,ff2,GPU,0,0.02814284372189226,0.028270424309496653,0.0001275805876043956,0.016864331257173334
Fugue-asplos-EPIC-long-16000,F4,prefill_common,9,glu,GPU,0,0.028270424309496653,0.028285141552573577,1.4717243076923078e-05,0.0007416574771199998
Fugue-asplos-EPIC-long-16000,F4,prefill_common,9,ff3,GPU,0,0.028285141552573577,0.028424682820265886,0.0001395412676923077,0.01718813676885333
Fugue-asplos-EPIC-long-16000,F4,prefill_common,9,comm_g2g,GPU,0,0.028424682820265886,0.028424682820265886,0.0,2.94780928e-05
Fugue-asplos-EPIC-long-16000,F4,prefill_common,9,norm2,GPU,0,0.028424682820265886,0.028437864335912666,1.3181515646778041e-05,0.00027721453568000005
Fugue-asplos-EPIC-long-16000,F4,prefill_common,10,qkv,GPU,0,0.028437864335912666,0.028594848262066513,0.00015698392615384616,0.01877791735808
Fugue-asplos-EPIC-long-16000,F4,prefill_attention,10,attention_service,PIM,0,0.028594848262066513,0.030793540076847738,0.002198691814781226,0.06431123401446402
Fugue-asplos-EPIC-long-16000,F4,prefill_common,10,proj,GPU,0,0.030793540076847738,0.030845868052232352,5.2327975384615384e-05,0.006502948536319999
Fugue-asplos-EPIC-long-16000,F4,prefill_common,10,comm_g2g,GPU,0,0.030845868052232352,0.030845868052232352,0.0,2.94780928e-05
Fugue-asplos-EPIC-long-16000,F4,prefill_common,10,norm1,GPU,0,0.030845868052232352,0.030859049567879132,1.3181515646778041e-05,0.00027721453568000005
Fugue-asplos-EPIC-long-16000,F4,prefill_common,10,ff1,GPU,0,0.030859049567879132,0.030986630155483526,0.0001275805876043956,0.016864331257173334
Fugue-asplos-EPIC-long-16000,F4,prefill_common,10,ff2,GPU,0,0.030986630155483526,0.03111421074308792,0.0001275805876043956,0.016864331257173334
Fugue-asplos-EPIC-long-16000,F4,prefill_common,10,glu,GPU,0,0.03111421074308792,0.031128927986164845,1.4717243076923078e-05,0.0007416574771199998
Fugue-asplos-EPIC-long-16000,F4,prefill_common,10,ff3,GPU,0,0.031128927986164845,0.03126846925385715,0.0001395412676923077,0.01718813676885333
Fugue-asplos-EPIC-long-16000,F4,prefill_common,10,comm_g2g,GPU,0,0.03126846925385715,0.03126846925385715,0.0,2.94780928e-05
Fugue-asplos-EPIC-long-16000,F4,prefill_common,10,norm2,GPU,0,0.03126846925385715,0.03128165076950393,1.3181515646778041e-05,0.00027721453568000005
Fugue-asplos-EPIC-long-16000,F4,prefill_common,11,qkv,GPU,0,0.03128165076950393,0.031438634695657774,0.00015698392615384616,0.01877791735808
Fugue-asplos-EPIC-long-16000,F4,prefill_attention,11,attention_service,PIM,0,0.031438634695657774,0.033637326510439,0.002198691814781226,0.06431123401446402
Fugue-asplos-EPIC-long-16000,F4,prefill_common,11,proj,GPU,0,0.033637326510439,0.03368965448582362,5.2327975384615384e-05,0.006502948536319999
Fugue-asplos-EPIC-long-16000,F4,prefill_common,11,comm_g2g,GPU,0,0.03368965448582362,0.03368965448582362,0.0,2.94780928e-05
Fugue-asplos-EPIC-long-16000,F4,prefill_common,11,norm1,GPU,0,0.03368965448582362,0.03370283600147039,1.3181515646778041e-05,0.00027721453568000005
Fugue-asplos-EPIC-long-16000,F4,prefill_common,11,ff1,GPU,0,0.03370283600147039,0.03383041658907479,0.0001275805876043956,0.016864331257173334
Fugue-asplos-EPIC-long-16000,F4,prefill_common,11,ff2,GPU,0,0.03383041658907479,0.03395799717667919,0.0001275805876043956,0.016864331257173334
Fugue-asplos-EPIC-long-16000,F4,prefill_common,11,glu,GPU,0,0.03395799717667919,0.03397271441975611,1.4717243076923078e-05,0.0007416574771199998
Fugue-asplos-EPIC-long-16000,F4,prefill_common,11,ff3,GPU,0,0.03397271441975611,0.03411225568744842,0.0001395412676923077,0.01718813676885333
Fugue-asplos-EPIC-long-16000,F4,prefill_common,11,comm_g2g,GPU,0,0.03411225568744842,0.03411225568744842,0.0,2.94780928e-05
Fugue-asplos-EPIC-long-16000,F4,prefill_common,11,norm2,GPU,0,0.03411225568744842,0.034125437203095195,1.3181515646778041e-05,0.00027721453568000005
Fugue-asplos-EPIC-long-16000,F4,prefill_common,12,qkv,GPU,0,0.034125437203095195,0.03428242112924904,0.00015698392615384616,0.01877791735808
Fugue-asplos-EPIC-long-16000,F4,prefill_attention,12,attention_service,PIM,0,0.03428242112924904,0.03648111294403027,0.002198691814781226,0.06431123401446402
Fugue-asplos-EPIC-long-16000,F4,prefill_common,12,proj,GPU,0,0.03648111294403027,0.036533440919414885,5.2327975384615384e-05,0.006502948536319999
Fugue-asplos-EPIC-long-16000,F4,prefill_common,12,comm_g2g,GPU,0,0.036533440919414885,0.036533440919414885,0.0,2.94780928e-05
Fugue-asplos-EPIC-long-16000,F4,prefill_common,12,norm1,GPU,0,0.036533440919414885,0.03654662243506166,1.3181515646778041e-05,0.00027721453568000005
Fugue-asplos-EPIC-long-16000,F4,prefill_common,12,ff1,GPU,0,0.03654662243506166,0.03667420302266606,0.0001275805876043956,0.016864331257173334
Fugue-asplos-EPIC-long-16000,F4,prefill_common,12,ff2,GPU,0,0.03667420302266606,0.03680178361027046,0.0001275805876043956,0.016864331257173334
Fugue-asplos-EPIC-long-16000,F4,prefill_common,12,glu,GPU,0,0.03680178361027046,0.03681650085334738,1.4717243076923078e-05,0.0007416574771199998
Fugue-asplos-EPIC-long-16000,F4,prefill_common,12,ff3,GPU,0,0.03681650085334738,0.03695604212103969,0.0001395412676923077,0.01718813676885333
Fugue-asplos-EPIC-long-16000,F4,prefill_common,12,comm_g2g,GPU,0,0.03695604212103969,0.03695604212103969,0.0,2.94780928e-05
Fugue-asplos-EPIC-long-16000,F4,prefill_common,12,norm2,GPU,0,0.03695604212103969,0.03696922363668646,1.3181515646778041e-05,0.00027721453568000005
Fugue-asplos-EPIC-long-16000,F4,prefill_common,13,qkv,GPU,0,0.03696922363668646,0.03712620756284031,0.00015698392615384616,0.01877791735808
Fugue-asplos-EPIC-long-16000,F4,prefill_attention,13,attention_service,PIM,0,0.03712620756284031,0.039324899377621535,0.002198691814781226,0.06431123401446402
Fugue-asplos-EPIC-long-16000,F4,prefill_common,13,proj,GPU,0,0.039324899377621535,0.03937722735300615,5.2327975384615384e-05,0.006502948536319999
Fugue-asplos-EPIC-long-16000,F4,prefill_common,13,comm_g2g,GPU,0,0.03937722735300615,0.03937722735300615,0.0,2.94780928e-05
Fugue-asplos-EPIC-long-16000,F4,prefill_common,13,norm1,GPU,0,0.03937722735300615,0.03939040886865293,1.3181515646778041e-05,0.00027721453568000005
Fugue-asplos-EPIC-long-16000,F4,prefill_common,13,ff1,GPU,0,0.03939040886865293,0.03951798945625733,0.0001275805876043956,0.016864331257173334
Fugue-asplos-EPIC-long-16000,F4,prefill_common,13,ff2,GPU,0,0.03951798945625733,0.039645570043861725,0.0001275805876043956,0.016864331257173334
Fugue-asplos-EPIC-long-16000,F4,prefill_common,13,glu,GPU,0,0.039645570043861725,0.03966028728693865,1.4717243076923078e-05,0.0007416574771199998
Fugue-asplos-EPIC-long-16000,F4,prefill_common,13,ff3,GPU,0,0.03966028728693865,0.039799828554630955,0.0001395412676923077,0.01718813676885333
Fugue-asplos-EPIC-long-16000,F4,prefill_common,13,comm_g2g,GPU,0,0.039799828554630955,0.039799828554630955,0.0,2.94780928e-05
Fugue-asplos-EPIC-long-16000,F4,prefill_common,13,norm2,GPU,0,0.039799828554630955,0.03981301007027773,1.3181515646778041e-05,0.00027721453568000005
Fugue-asplos-EPIC-long-16000,F4,prefill_common,14,qkv,GPU,0,0.03981301007027773,0.03996999399643158,0.00015698392615384616,0.01877791735808
Fugue-asplos-EPIC-long-16000,F4,prefill_attention,14,attention_service,PIM,0,0.03996999399643158,0.0421686858112128,0.002198691814781226,0.06431123401446402
Fugue-asplos-EPIC-long-16000,F4,prefill_common,14,proj,GPU,0,0.0421686858112128,0.04222101378659742,5.2327975384615384e-05,0.006502948536319999
Fugue-asplos-EPIC-long-16000,F4,prefill_common,14,comm_g2g,GPU,0,0.04222101378659742,0.04222101378659742,0.0,2.94780928e-05
Fugue-asplos-EPIC-long-16000,F4,prefill_common,14,norm1,GPU,0,0.04222101378659742,0.0422341953022442,1.3181515646778041e-05,0.00027721453568000005
Fugue-asplos-EPIC-long-16000,F4,prefill_common,14,ff1,GPU,0,0.0422341953022442,0.042361775889848595,0.0001275805876043956,0.016864331257173334
Fugue-asplos-EPIC-long-16000,F4,prefill_common,14,ff2,GPU,0,0.042361775889848595,0.04248935647745299,0.0001275805876043956,0.016864331257173334
Fugue-asplos-EPIC-long-16000,F4,prefill_common,14,glu,GPU,0,0.04248935647745299,0.04250407372052992,1.4717243076923078e-05,0.0007416574771199998
Fugue-asplos-EPIC-long-16000,F4,prefill_common,14,ff3,GPU,0,0.04250407372052992,0.04264361498822222,0.0001395412676923077,0.01718813676885333
Fugue-asplos-EPIC-long-16000,F4,prefill_common,14,comm_g2g,GPU,0,0.04264361498822222,0.04264361498822222,0.0,2.94780928e-05
Fugue-asplos-EPIC-long-16000,F4,prefill_common,14,norm2,GPU,0,0.04264361498822222,0.042656796503869,1.3181515646778041e-05,0.00027721453568000005
Fugue-asplos-EPIC-long-16000,F4,prefill_common,15,qkv,GPU,0,0.042656796503869,0.042813780430022846,0.00015698392615384616,0.01877791735808
Fugue-asplos-EPIC-long-16000,F4,prefill_attention,15,attention_service,PIM,0,0.042813780430022846,0.04501247224480407,0.002198691814781226,0.06431123401446402
Fugue-asplos-EPIC-long-16000,F4,prefill_common,15,proj,GPU,0,0.04501247224480407,0.04506480022018869,5.2327975384615384e-05,0.006502948536319999
Fugue-asplos-EPIC-long-16000,F4,prefill_common,15,comm_g2g,GPU,0,0.04506480022018869,0.04506480022018869,0.0,2.94780928e-05
Fugue-asplos-EPIC-long-16000,F4,prefill_common,15,norm1,GPU,0,0.04506480022018869,0.045077981735835465,1.3181515646778041e-05,0.00027721453568000005
Fugue-asplos-EPIC-long-16000,F4,prefill_common,15,ff1,GPU,0,0.045077981735835465,0.04520556232343986,0.0001275805876043956,0.016864331257173334
Fugue-asplos-EPIC-long-16000,F4,prefill_common,15,ff2,GPU,0,0.04520556232343986,0.04533314291104426,0.0001275805876043956,0.016864331257173334
Fugue-asplos-EPIC-long-16000,F4,prefill_common,15,glu,GPU,0,0.04533314291104426,0.045347860154121185,1.4717243076923078e-05,0.0007416574771199998
Fugue-asplos-EPIC-long-16000,F4,prefill_common,15,ff3,GPU,0,0.045347860154121185,0.04548740142181349,0.0001395412676923077,0.01718813676885333
Fugue-asplos-EPIC-long-16000,F4,prefill_common,15,comm_g2g,GPU,0,0.04548740142181349,0.04548740142181349,0.0,2.94780928e-05
Fugue-asplos-EPIC-long-16000,F4,prefill_common,15,norm2,GPU,0,0.04548740142181349,0.04550058293746027,1.3181515646778041e-05,0.00027721453568000005
Fugue-asplos-EPIC-long-16000,F4,prefill_common,16,qkv,GPU,0,0.04550058293746027,0.045657566863614114,0.00015698392615384616,0.01877791735808
Fugue-asplos-EPIC-long-16000,F4,prefill_attention,16,attention_service,PIM,0,0.045657566863614114,0.04785625867839534,0.002198691814781226,0.06431123401446402
Fugue-asplos-EPIC-long-16000,F4,prefill_common,16,proj,GPU,0,0.04785625867839534,0.04790858665377996,5.2327975384615384e-05,0.006502948536319999
Fugue-asplos-EPIC-long-16000,F4,prefill_common,16,comm_g2g,GPU,0,0.04790858665377996,0.04790858665377996,0.0,2.94780928e-05
Fugue-asplos-EPIC-long-16000,F4,prefill_common,16,norm1,GPU,0,0.04790858665377996,0.04792176816942673,1.3181515646778041e-05,0.00027721453568000005
Fugue-asplos-EPIC-long-16000,F4,prefill_common,16,ff1,GPU,0,0.04792176816942673,0.04804934875703113,0.0001275805876043956,0.016864331257173334
Fugue-asplos-EPIC-long-16000,F4,prefill_common,16,ff2,GPU,0,0.04804934875703113,0.04817692934463553,0.0001275805876043956,0.016864331257173334
Fugue-asplos-EPIC-long-16000,F4,prefill_common,16,glu,GPU,0,0.04817692934463553,0.04819164658771245,1.4717243076923078e-05,0.0007416574771199998
Fugue-asplos-EPIC-long-16000,F4,prefill_common,16,ff3,GPU,0,0.04819164658771245,0.04833118785540476,0.0001395412676923077,0.01718813676885333
Fugue-asplos-EPIC-long-16000,F4,prefill_common,16,comm_g2g,GPU,0,0.04833118785540476,0.04833118785540476,0.0,2.94780928e-05
Fugue-asplos-EPIC-long-16000,F4,prefill_common,16,norm2,GPU,0,0.04833118785540476,0.048344369371051535,1.3181515646778041e-05,0.00027721453568000005
Fugue-asplos-EPIC-long-16000,F4,prefill_common,17,qkv,GPU,0,0.048344369371051535,0.04850135329720538,0.00015698392615384616,0.01877791735808
Fugue-asplos-EPIC-long-16000,F4,prefill_attention,17,attention_service,PIM,0,0.04850135329720538,0.05070004511198661,0.002198691814781226,0.06431123401446402
Fugue-asplos-EPIC-long-16000,F4,prefill_common,17,proj,GPU,0,0.05070004511198661,0.050752373087371225,5.2327975384615384e-05,0.006502948536319999
Fugue-asplos-EPIC-long-16000,F4,prefill_common,17,comm_g2g,GPU,0,0.050752373087371225,0.050752373087371225,0.0,2.94780928e-05
Fugue-asplos-EPIC-long-16000,F4,prefill_common,17,norm1,GPU,0,0.050752373087371225,0.050765554603018,1.3181515646778041e-05,0.00027721453568000005
Fugue-asplos-EPIC-long-16000,F4,prefill_common,17,ff1,GPU,0,0.050765554603018,0.0508931351906224,0.0001275805876043956,0.016864331257173334
Fugue-asplos-EPIC-long-16000,F4,prefill_common,17,ff2,GPU,0,0.0508931351906224,0.0510207157782268,0.0001275805876043956,0.016864331257173334
Fugue-asplos-EPIC-long-16000,F4,prefill_common,17,glu,GPU,0,0.0510207157782268,0.05103543302130372,1.4717243076923078e-05,0.0007416574771199998
Fugue-asplos-EPIC-long-16000,F4,prefill_common,17,ff3,GPU,0,0.05103543302130372,0.05117497428899603,0.0001395412676923077,0.01718813676885333
Fugue-asplos-EPIC-long-16000,F4,prefill_common,17,comm_g2g,GPU,0,0.05117497428899603,0.05117497428899603,0.0,2.94780928e-05
Fugue-asplos-EPIC-long-16000,F4,prefill_common,17,norm2,GPU,0,0.05117497428899603,0.0511881558046428,1.3181515646778041e-05,0.00027721453568000005
Fugue-asplos-EPIC-long-16000,F4,prefill_common,18,qkv,GPU,0,0.0511881558046428,0.05134513973079665,0.00015698392615384616,0.01877791735808
Fugue-asplos-EPIC-long-16000,F4,prefill_attention,18,attention_service,PIM,0,0.05134513973079665,0.053543831545577875,0.002198691814781226,0.06431123401446402
Fugue-asplos-EPIC-long-16000,F4,prefill_common,18,proj,GPU,0,0.053543831545577875,0.05359615952096249,5.2327975384615384e-05,0.006502948536319999
Fugue-asplos-EPIC-long-16000,F4,prefill_common,18,comm_g2g,GPU,0,0.05359615952096249,0.05359615952096249,0.0,2.94780928e-05
Fugue-asplos-EPIC-long-16000,F4,prefill_common,18,norm1,GPU,0,0.05359615952096249,0.05360934103660927,1.3181515646778041e-05,0.00027721453568000005
Fugue-asplos-EPIC-long-16000,F4,prefill_common,18,ff1,GPU,0,0.05360934103660927,0.05373692162421367,0.0001275805876043956,0.016864331257173334
Fugue-asplos-EPIC-long-16000,F4,prefill_common,18,ff2,GPU,0,0.05373692162421367,0.053864502211818065,0.0001275805876043956,0.016864331257173334
Fugue-asplos-EPIC-long-16000,F4,prefill_common,18,glu,GPU,0,0.053864502211818065,0.05387921945489499,1.4717243076923078e-05,0.0007416574771199998
Fugue-asplos-EPIC-long-16000,F4,prefill_common,18,ff3,GPU,0,0.05387921945489499,0.054018760722587295,0.0001395412676923077,0.01718813676885333
Fugue-asplos-EPIC-long-16000,F4,prefill_common,18,comm_g2g,GPU,0,0.054018760722587295,0.054018760722587295,0.0,2.94780928e-05
Fugue-asplos-EPIC-long-16000,F4,prefill_common,18,norm2,GPU,0,0.054018760722587295,0.05403194223823407,1.3181515646778041e-05,0.00027721453568000005
Fugue-asplos-EPIC-long-16000,F4,prefill_common,19,qkv,GPU,0,0.05403194223823407,0.05418892616438792,0.00015698392615384616,0.01877791735808
Fugue-asplos-EPIC-long-16000,F4,prefill_attention,19,attention_service,PIM,0,0.05418892616438792,0.05638761797916914,0.002198691814781226,0.06431123401446402
Fugue-asplos-EPIC-long-16000,F4,prefill_common,19,proj,GPU,0,0.05638761797916914,0.05643994595455376,5.2327975384615384e-05,0.006502948536319999
Fugue-asplos-EPIC-long-16000,F4,prefill_common,19,comm_g2g,GPU,0,0.05643994595455376,0.05643994595455376,0.0,2.94780928e-05
Fugue-asplos-EPIC-long-16000,F4,prefill_common,19,norm1,GPU,0,0.05643994595455376,0.05645312747020054,1.3181515646778041e-05,0.00027721453568000005
Fugue-asplos-EPIC-long-16000,F4,prefill_common,19,ff1,GPU,0,0.05645312747020054,0.056580708057804935,0.0001275805876043956,0.016864331257173334
Fugue-asplos-EPIC-long-16000,F4,prefill_common,19,ff2,GPU,0,0.056580708057804935,0.05670828864540933,0.0001275805876043956,0.016864331257173334
Fugue-asplos-EPIC-long-16000,F4,prefill_common,19,glu,GPU,0,0.05670828864540933,0.05672300588848626,1.4717243076923078e-05,0.0007416574771199998
Fugue-asplos-EPIC-long-16000,F4,prefill_common,19,ff3,GPU,0,0.05672300588848626,0.05686254715617856,0.0001395412676923077,0.01718813676885333
Fugue-asplos-EPIC-long-16000,F4,prefill_common,19,comm_g2g,GPU,0,0.05686254715617856,0.05686254715617856,0.0,2.94780928e-05
Fugue-asplos-EPIC-long-16000,F4,prefill_common,19,norm2,GPU,0,0.05686254715617856,0.05687572867182534,1.3181515646778041e-05,0.00027721453568000005
Fugue-asplos-EPIC-long-16000,F4,prefill_common,20,qkv,GPU,0,0.05687572867182534,0.057032712597979186,0.00015698392615384616,0.01877791735808
Fugue-asplos-EPIC-long-16000,F4,prefill_attention,20,attention_service,PIM,0,0.057032712597979186,0.05923140441276041,0.002198691814781226,0.06431123401446402
Fugue-asplos-EPIC-long-16000,F4,prefill_common,20,proj,GPU,0,0.05923140441276041,0.05928373238814503,5.2327975384615384e-05,0.006502948536319999
Fugue-asplos-EPIC-long-16000,F4,prefill_common,20,comm_g2g,GPU,0,0.05928373238814503,0.05928373238814503,0.0,2.94780928e-05
Fugue-asplos-EPIC-long-16000,F4,prefill_common,20,norm1,GPU,0,0.05928373238814503,0.059296913903791805,1.3181515646778041e-05,0.00027721453568000005
Fugue-asplos-EPIC-long-16000,F4,prefill_common,20,ff1,GPU,0,0.059296913903791805,0.0594244944913962,0.0001275805876043956,0.016864331257173334
Fugue-asplos-EPIC-long-16000,F4,prefill_common,20,ff2,GPU,0,0.0594244944913962,0.0595520750790006,0.0001275805876043956,0.016864331257173334
Fugue-asplos-EPIC-long-16000,F4,prefill_common,20,glu,GPU,0,0.0595520750790006,0.059566792322077525,1.4717243076923078e-05,0.0007416574771199998
Fugue-asplos-EPIC-long-16000,F4,prefill_common,20,ff3,GPU,0,0.059566792322077525,0.05970633358976983,0.0001395412676923077,0.01718813676885333
Fugue-asplos-EPIC-long-16000,F4,prefill_common,20,comm_g2g,GPU,0,0.05970633358976983,0.05970633358976983,0.0,2.94780928e-05
Fugue-asplos-EPIC-long-16000,F4,prefill_common,20,norm2,GPU,0,0.05970633358976983,0.05971951510541661,1.3181515646778041e-05,0.00027721453568000005
Fugue-asplos-EPIC-long-16000,F4,prefill_common,21,qkv,GPU,0,0.05971951510541661,0.059876499031570454,0.00015698392615384616,0.01877791735808
Fugue-asplos-EPIC-long-16000,F4,prefill_attention,21,attention_service,PIM,0,0.059876499031570454,0.06207519084635168,0.002198691814781226,0.06431123401446402
Fugue-asplos-EPIC-long-16000,F4,prefill_common,21,proj,GPU,0,0.06207519084635168,0.0621275188217363,5.2327975384615384e-05,0.006502948536319999
Fugue-asplos-EPIC-long-16000,F4,prefill_common,21,comm_g2g,GPU,0,0.0621275188217363,0.0621275188217363,0.0,2.94780928e-05
Fugue-asplos-EPIC-long-16000,F4,prefill_common,21,norm1,GPU,0,0.0621275188217363,0.06214070033738307,1.3181515646778041e-05,0.00027721453568000005
Fugue-asplos-EPIC-long-16000,F4,prefill_common,21,ff1,GPU,0,0.06214070033738307,0.06226828092498747,0.0001275805876043956,0.016864331257173334
Fugue-asplos-EPIC-long-16000,F4,prefill_common,21,ff2,GPU,0,0.06226828092498747,0.06239586151259187,0.0001275805876043956,0.016864331257173334
Fugue-asplos-EPIC-long-16000,F4,prefill_common,21,glu,GPU,0,0.06239586151259187,0.06241057875566879,1.4717243076923078e-05,0.0007416574771199998
Fugue-asplos-EPIC-long-16000,F4,prefill_common,21,ff3,GPU,0,0.06241057875566879,0.0625501200233611,0.0001395412676923077,0.01718813676885333
Fugue-asplos-EPIC-long-16000,F4,prefill_common,21,comm_g2g,GPU,0,0.0625501200233611,0.0625501200233611,0.0,2.94780928e-05
Fugue-asplos-EPIC-long-16000,F4,prefill_common,21,norm2,GPU,0,0.0625501200233611,0.06256330153900788,1.3181515646778041e-05,0.00027721453568000005
Fugue-asplos-EPIC-long-16000,F4,prefill_common,22,qkv,GPU,0,0.06256330153900788,0.06272028546516173,0.00015698392615384616,0.01877791735808
Fugue-asplos-EPIC-long-16000,F4,prefill_attention,22,attention_service,PIM,0,0.06272028546516173,0.06491897727994296,0.002198691814781226,0.06431123401446402
Fugue-asplos-EPIC-long-16000,F4,prefill_common,22,proj,GPU,0,0.06491897727994296,0.06497130525532757,5.2327975384615384e-05,0.006502948536319999
Fugue-asplos-EPIC-long-16000,F4,prefill_common,22,comm_g2g,GPU,0,0.06497130525532757,0.06497130525532757,0.0,2.94780928e-05
Fugue-asplos-EPIC-long-16000,F4,prefill_common,22,norm1,GPU,0,0.06497130525532757,0.06498448677097435,1.3181515646778041e-05,0.00027721453568000005
Fugue-asplos-EPIC-long-16000,F4,prefill_common,22,ff1,GPU,0,0.06498448677097435,0.06511206735857875,0.0001275805876043956,0.016864331257173334
Fugue-asplos-EPIC-long-16000,F4,prefill_common,22,ff2,GPU,0,0.06511206735857875,0.06523964794618314,0.0001275805876043956,0.016864331257173334
Fugue-asplos-EPIC-long-16000,F4,prefill_common,22,glu,GPU,0,0.06523964794618314,0.06525436518926006,1.4717243076923078e-05,0.0007416574771199998
Fugue-asplos-EPIC-long-16000,F4,prefill_common,22,ff3,GPU,0,0.06525436518926006,0.06539390645695237,0.0001395412676923077,0.01718813676885333
Fugue-asplos-EPIC-long-16000,F4,prefill_common,22,comm_g2g,GPU,0,0.06539390645695237,0.06539390645695237,0.0,2.94780928e-05
Fugue-asplos-EPIC-long-16000,F4,prefill_common,22,norm2,GPU,0,0.06539390645695237,0.06540708797259914,1.3181515646778041e-05,0.00027721453568000005
Fugue-asplos-EPIC-long-16000,F4,prefill_common,23,qkv,GPU,0,0.06540708797259914,0.06556407189875299,0.00015698392615384616,0.01877791735808
Fugue-asplos-EPIC-long-16000,F4,prefill_attention,23,attention_service,PIM,0,0.06556407189875299,0.06776276371353422,0.002198691814781226,0.06431123401446402
Fugue-asplos-EPIC-long-16000,F4,prefill_common,23,proj,GPU,0,0.06776276371353422,0.06781509168891883,5.2327975384615384e-05,0.006502948536319999
Fugue-asplos-EPIC-long-16000,F4,prefill_common,23,comm_g2g,GPU,0,0.06781509168891883,0.06781509168891883,0.0,2.94780928e-05
Fugue-asplos-EPIC-long-16000,F4,prefill_common,23,norm1,GPU,0,0.06781509168891883,0.06782827320456561,1.3181515646778041e-05,0.00027721453568000005
Fugue-asplos-EPIC-long-16000,F4,prefill_common,23,ff1,GPU,0,0.06782827320456561,0.06795585379217,0.0001275805876043956,0.016864331257173334
Fugue-asplos-EPIC-long-16000,F4,prefill_common,23,ff2,GPU,0,0.06795585379217,0.0680834343797744,0.0001275805876043956,0.016864331257173334
Fugue-asplos-EPIC-long-16000,F4,prefill_common,23,glu,GPU,0,0.0680834343797744,0.06809815162285132,1.4717243076923078e-05,0.0007416574771199998
Fugue-asplos-EPIC-long-16000,F4,prefill_common,23,ff3,GPU,0,0.06809815162285132,0.06823769289054363,0.0001395412676923077,0.01718813676885333
Fugue-asplos-EPIC-long-16000,F4,prefill_common,23,comm_g2g,GPU,0,0.06823769289054363,0.06823769289054363,0.0,2.94780928e-05
Fugue-asplos-EPIC-long-16000,F4,prefill_common,23,norm2,GPU,0,0.06823769289054363,0.0682508744061904,1.3181515646778041e-05,0.00027721453568000005
Fugue-asplos-EPIC-long-16000,F4,prefill_common,24,qkv,GPU,0,0.0682508744061904,0.06840785833234425,0.00015698392615384616,0.01877791735808
Fugue-asplos-EPIC-long-16000,F4,prefill_attention,24,attention_service,PIM,0,0.06840785833234425,0.07060655014712548,0.002198691814781226,0.06431123401446402
Fugue-asplos-EPIC-long-16000,F4,prefill_common,24,proj,GPU,0,0.07060655014712548,0.0706588781225101,5.2327975384615384e-05,0.006502948536319999
Fugue-asplos-EPIC-long-16000,F4,prefill_common,24,comm_g2g,GPU,0,0.0706588781225101,0.0706588781225101,0.0,2.94780928e-05
Fugue-asplos-EPIC-long-16000,F4,prefill_common,24,norm1,GPU,0,0.0706588781225101,0.07067205963815687,1.3181515646778041e-05,0.00027721453568000005
Fugue-asplos-EPIC-long-16000,F4,prefill_common,24,ff1,GPU,0,0.07067205963815687,0.07079964022576127,0.0001275805876043956,0.016864331257173334
Fugue-asplos-EPIC-long-16000,F4,prefill_common,24,ff2,GPU,0,0.07079964022576127,0.07092722081336567,0.0001275805876043956,0.016864331257173334
Fugue-asplos-EPIC-long-16000,F4,prefill_common,24,glu,GPU,0,0.07092722081336567,0.07094193805644258,1.4717243076923078e-05,0.0007416574771199998
Fugue-asplos-EPIC-long-16000,F4,prefill_common,24,ff3,GPU,0,0.07094193805644258,0.07108147932413489,0.0001395412676923077,0.01718813676885333
Fugue-asplos-EPIC-long-16000,F4,prefill_common,24,comm_g2g,GPU,0,0.07108147932413489,0.07108147932413489,0.0,2.94780928e-05
Fugue-asplos-EPIC-long-16000,F4,prefill_common,24,norm2,GPU,0,0.07108147932413489,0.07109466083978166,1.3181515646778041e-05,0.00027721453568000005
Fugue-asplos-EPIC-long-16000,F4,prefill_common,25,qkv,GPU,0,0.07109466083978166,0.07125164476593551,0.00015698392615384616,0.01877791735808
Fugue-asplos-EPIC-long-16000,F4,prefill_attention,25,attention_service,PIM,0,0.07125164476593551,0.07345033658071674,0.002198691814781226,0.06431123401446402
Fugue-asplos-EPIC-long-16000,F4,prefill_common,25,proj,GPU,0,0.07345033658071674,0.07350266455610135,5.2327975384615384e-05,0.006502948536319999
Fugue-asplos-EPIC-long-16000,F4,prefill_common,25,comm_g2g,GPU,0,0.07350266455610135,0.07350266455610135,0.0,2.94780928e-05
Fugue-asplos-EPIC-long-16000,F4,prefill_common,25,norm1,GPU,0,0.07350266455610135,0.07351584607174813,1.3181515646778041e-05,0.00027721453568000005
Fugue-asplos-EPIC-long-16000,F4,prefill_common,25,ff1,GPU,0,0.07351584607174813,0.07364342665935253,0.0001275805876043956,0.016864331257173334
Fugue-asplos-EPIC-long-16000,F4,prefill_common,25,ff2,GPU,0,0.07364342665935253,0.07377100724695693,0.0001275805876043956,0.016864331257173334
Fugue-asplos-EPIC-long-16000,F4,prefill_common,25,glu,GPU,0,0.07377100724695693,0.07378572449003384,1.4717243076923078e-05,0.0007416574771199998
Fugue-asplos-EPIC-long-16000,F4,prefill_common,25,ff3,GPU,0,0.07378572449003384,0.07392526575772615,0.0001395412676923077,0.01718813676885333
Fugue-asplos-EPIC-long-16000,F4,prefill_common,25,comm_g2g,GPU,0,0.07392526575772615,0.07392526575772615,0.0,2.94780928e-05
Fugue-asplos-EPIC-long-16000,F4,prefill_common,25,norm2,GPU,0,0.07392526575772615,0.07393844727337293,1.3181515646778041e-05,0.00027721453568000005
Fugue-asplos-EPIC-long-16000,F4,prefill_common,26,qkv,GPU,0,0.07393844727337293,0.07409543119952677,0.00015698392615384616,0.01877791735808
Fugue-asplos-EPIC-long-16000,F4,prefill_attention,26,attention_service,PIM,0,0.07409543119952677,0.076294123014308,0.002198691814781226,0.06431123401446402
Fugue-asplos-EPIC-long-16000,F4,prefill_common,26,proj,GPU,0,0.076294123014308,0.07634645098969262,5.2327975384615384e-05,0.006502948536319999
Fugue-asplos-EPIC-long-16000,F4,prefill_common,26,comm_g2g,GPU,0,0.07634645098969262,0.07634645098969262,0.0,2.94780928e-05
Fugue-asplos-EPIC-long-16000,F4,prefill_common,26,norm1,GPU,0,0.07634645098969262,0.07635963250533939,1.3181515646778041e-05,0.00027721453568000005
Fugue-asplos-EPIC-long-16000,F4,prefill_common,26,ff1,GPU,0,0.07635963250533939,0.07648721309294379,0.0001275805876043956,0.016864331257173334
Fugue-asplos-EPIC-long-16000,F4,prefill_common,26,ff2,GPU,0,0.07648721309294379,0.07661479368054819,0.0001275805876043956,0.016864331257173334
Fugue-asplos-EPIC-long-16000,F4,prefill_common,26,glu,GPU,0,0.07661479368054819,0.0766295109236251,1.4717243076923078e-05,0.0007416574771199998
Fugue-asplos-EPIC-long-16000,F4,prefill_common,26,ff3,GPU,0,0.0766295109236251,0.07676905219131741,0.0001395412676923077,0.01718813676885333
Fugue-asplos-EPIC-long-16000,F4,prefill_common,26,comm_g2g,GPU,0,0.07676905219131741,0.07676905219131741,0.0,2.94780928e-05
Fugue-asplos-EPIC-long-16000,F4,prefill_common,26,norm2,GPU,0,0.07676905219131741,0.07678223370696419,1.3181515646778041e-05,0.00027721453568000005
Fugue-asplos-EPIC-long-16000,F4,prefill_common,27,qkv,GPU,0,0.07678223370696419,0.07693921763311803,0.00015698392615384616,0.01877791735808
Fugue-asplos-EPIC-long-16000,F4,prefill_attention,27,attention_service,PIM,0,0.07693921763311803,0.07913790944789927,0.002198691814781226,0.06431123401446402
Fugue-asplos-EPIC-long-16000,F4,prefill_common,27,proj,GPU,0,0.07913790944789927,0.07919023742328388,5.2327975384615384e-05,0.006502948536319999
Fugue-asplos-EPIC-long-16000,F4,prefill_common,27,comm_g2g,GPU,0,0.07919023742328388,0.07919023742328388,0.0,2.94780928e-05
Fugue-asplos-EPIC-long-16000,F4,prefill_common,27,norm1,GPU,0,0.07919023742328388,0.07920341893893065,1.3181515646778041e-05,0.00027721453568000005
Fugue-asplos-EPIC-long-16000,F4,prefill_common,27,ff1,GPU,0,0.07920341893893065,0.07933099952653505,0.0001275805876043956,0.016864331257173334
Fugue-asplos-EPIC-long-16000,F4,prefill_common,27,ff2,GPU,0,0.07933099952653505,0.07945858011413945,0.0001275805876043956,0.016864331257173334
Fugue-asplos-EPIC-long-16000,F4,prefill_common,27,glu,GPU,0,0.07945858011413945,0.07947329735721637,1.4717243076923078e-05,0.0007416574771199998
Fugue-asplos-EPIC-long-16000,F4,prefill_common,27,ff3,GPU,0,0.07947329735721637,0.07961283862490867,0.0001395412676923077,0.01718813676885333
Fugue-asplos-EPIC-long-16000,F4,prefill_common,27,comm_g2g,GPU,0,0.07961283862490867,0.07961283862490867,0.0,2.94780928e-05
Fugue-asplos-EPIC-long-16000,F4,prefill_common,27,norm2,GPU,0,0.07961283862490867,0.07962602014055545,1.3181515646778041e-05,0.00027721453568000005
Fugue-asplos-EPIC-long-16000,F4,prefill_common,28,qkv,GPU,0,0.07962602014055545,0.0797830040667093,0.00015698392615384616,0.01877791735808
Fugue-asplos-EPIC-long-16000,F4,prefill_attention,28,attention_service,PIM,0,0.0797830040667093,0.08198169588149053,0.002198691814781226,0.06431123401446402
Fugue-asplos-EPIC-long-16000,F4,prefill_common,28,proj,GPU,0,0.08198169588149053,0.08203402385687514,5.2327975384615384e-05,0.006502948536319999
Fugue-asplos-EPIC-long-16000,F4,prefill_common,28,comm_g2g,GPU,0,0.08203402385687514,0.08203402385687514,0.0,2.94780928e-05
Fugue-asplos-EPIC-long-16000,F4,prefill_common,28,norm1,GPU,0,0.08203402385687514,0.08204720537252191,1.3181515646778041e-05,0.00027721453568000005
Fugue-asplos-EPIC-long-16000,F4,prefill_common,28,ff1,GPU,0,0.08204720537252191,0.08217478596012631,0.0001275805876043956,0.016864331257173334
Fugue-asplos-EPIC-long-16000,F4,prefill_common,28,ff2,GPU,0,0.08217478596012631,0.08230236654773071,0.0001275805876043956,0.016864331257173334
Fugue-asplos-EPIC-long-16000,F4,prefill_common,28,glu,GPU,0,0.08230236654773071,0.08231708379080763,1.4717243076923078e-05,0.0007416574771199998
Fugue-asplos-EPIC-long-16000,F4,prefill_common,28,ff3,GPU,0,0.08231708379080763,0.08245662505849993,0.0001395412676923077,0.01718813676885333
Fugue-asplos-EPIC-long-16000,F4,prefill_common,28,comm_g2g,GPU,0,0.08245662505849993,0.08245662505849993,0.0,2.94780928e-05
Fugue-asplos-EPIC-long-16000,F4,prefill_common,28,norm2,GPU,0,0.08245662505849993,0.08246980657414671,1.3181515646778041e-05,0.00027721453568000005
Fugue-asplos-EPIC-long-16000,F4,prefill_common,29,qkv,GPU,0,0.08246980657414671,0.08262679050030056,0.00015698392615384616,0.01877791735808
Fugue-asplos-EPIC-long-16000,F4,prefill_attention,29,attention_service,PIM,0,0.08262679050030056,0.08482548231508179,0.002198691814781226,0.06431123401446402
Fugue-asplos-EPIC-long-16000,F4,prefill_common,29,proj,GPU,0,0.08482548231508179,0.0848778102904664,5.2327975384615384e-05,0.006502948536319999
Fugue-asplos-EPIC-long-16000,F4,prefill_common,29,comm_g2g,GPU,0,0.0848778102904664,0.0848778102904664,0.0,2.94780928e-05
Fugue-asplos-EPIC-long-16000,F4,prefill_common,29,norm1,GPU,0,0.0848778102904664,0.08489099180611318,1.3181515646778041e-05,0.00027721453568000005
Fugue-asplos-EPIC-long-16000,F4,prefill_common,29,ff1,GPU,0,0.08489099180611318,0.08501857239371757,0.0001275805876043956,0.016864331257173334
Fugue-asplos-EPIC-long-16000,F4,prefill_common,29,ff2,GPU,0,0.08501857239371757,0.08514615298132197,0.0001275805876043956,0.016864331257173334
Fugue-asplos-EPIC-long-16000,F4,prefill_common,29,glu,GPU,0,0.08514615298132197,0.08516087022439889,1.4717243076923078e-05,0.0007416574771199998
Fugue-asplos-EPIC-long-16000,F4,prefill_common,29,ff3,GPU,0,0.08516087022439889,0.0853004114920912,0.0001395412676923077,0.01718813676885333
Fugue-asplos-EPIC-long-16000,F4,prefill_common,29,comm_g2g,GPU,0,0.0853004114920912,0.0853004114920912,0.0,2.94780928e-05
Fugue-asplos-EPIC-long-16000,F4,prefill_common,29,norm2,GPU,0,0.0853004114920912,0.08531359300773797,1.3181515646778041e-05,0.00027721453568000005
Fugue-asplos-EPIC-long-16000,F4,prefill_common,30,qkv,GPU,0,0.08531359300773797,0.08547057693389182,0.00015698392615384616,0.01877791735808
Fugue-asplos-EPIC-long-16000,F4,prefill_attention,30,attention_service,PIM,0,0.08547057693389182,0.08766926874867305,0.002198691814781226,0.06431123401446402
Fugue-asplos-EPIC-long-16000,F4,prefill_common,30,proj,GPU,0,0.08766926874867305,0.08772159672405766,5.2327975384615384e-05,0.006502948536319999
Fugue-asplos-EPIC-long-16000,F4,prefill_common,30,comm_g2g,GPU,0,0.08772159672405766,0.08772159672405766,0.0,2.94780928e-05
Fugue-asplos-EPIC-long-16000,F4,prefill_common,30,norm1,GPU,0,0.08772159672405766,0.08773477823970444,1.3181515646778041e-05,0.00027721453568000005
Fugue-asplos-EPIC-long-16000,F4,prefill_common,30,ff1,GPU,0,0.08773477823970444,0.08786235882730883,0.0001275805876043956,0.016864331257173334
Fugue-asplos-EPIC-long-16000,F4,prefill_common,30,ff2,GPU,0,0.08786235882730883,0.08798993941491323,0.0001275805876043956,0.016864331257173334
Fugue-asplos-EPIC-long-16000,F4,prefill_common,30,glu,GPU,0,0.08798993941491323,0.08800465665799015,1.4717243076923078e-05,0.0007416574771199998
Fugue-asplos-EPIC-long-16000,F4,prefill_common,30,ff3,GPU,0,0.08800465665799015,0.08814419792568245,0.0001395412676923077,0.01718813676885333
Fugue-asplos-EPIC-long-16000,F4,prefill_common,30,comm_g2g,GPU,0,0.08814419792568245,0.08814419792568245,0.0,2.94780928e-05
Fugue-asplos-EPIC-long-16000,F4,prefill_common,30,norm2,GPU,0,0.08814419792568245,0.08815737944132923,1.3181515646778041e-05,0.00027721453568000005
Fugue-asplos-EPIC-long-16000,F4,prefill_common,31,qkv,GPU,0,0.08815737944132923,0.08831436336748308,0.00015698392615384616,0.01877791735808
Fugue-asplos-EPIC-long-16000,F4,prefill_attention,31,attention_service,PIM,0,0.08831436336748308,0.09051305518226431,0.002198691814781226,0.06431123401446402
Fugue-asplos-EPIC-long-16000,F4,prefill_common,31,proj,GPU,0,0.09051305518226431,0.09056538315764892,5.2327975384615384e-05,0.006502948536319999
Fugue-asplos-EPIC-long-16000,F4,prefill_common,31,comm_g2g,GPU,0,0.09056538315764892,0.09056538315764892,0.0,2.94780928e-05
Fugue-asplos-EPIC-long-16000,F4,prefill_common,31,norm1,GPU,0,0.09056538315764892,0.0905785646732957,1.3181515646778041e-05,0.00027721453568000005
Fugue-asplos-EPIC-long-16000,F4,prefill_common,31,ff1,GPU,0,0.0905785646732957,0.0907061452609001,0.0001275805876043956,0.016864331257173334
Fugue-asplos-EPIC-long-16000,F4,prefill_common,31,ff2,GPU,0,0.0907061452609001,0.09083372584850449,0.0001275805876043956,0.016864331257173334
Fugue-asplos-EPIC-long-16000,F4,prefill_common,31,glu,GPU,0,0.09083372584850449,0.09084844309158141,1.4717243076923078e-05,0.0007416574771199998
Fugue-asplos-EPIC-long-16000,F4,prefill_common,31,ff3,GPU,0,0.09084844309158141,0.09098798435927372,0.0001395412676923077,0.01718813676885333
Fugue-asplos-EPIC-long-16000,F4,prefill_common,31,comm_g2g,GPU,0,0.09098798435927372,0.09098798435927372,0.0,2.94780928e-05
Fugue-asplos-EPIC-long-16000,F4,prefill_common,31,norm2,GPU,0,0.09098798435927372,0.09100116587492049,1.3181515646778041e-05,0.00027721453568000005
Fugue-asplos-EPIC-long-16000,F4,decode,all,native_transformer,GPU+PIM,1,0.09100116587492049,0.09723314240742147,0.006231976532500973,0.46728761473597424
Fugue-asplos-EPIC-long-16000,F4,decode,all,native_transformer,GPU+PIM,2,0.09723314240742147,0.10346511893992244,0.006231976532500973,0.4672876575121407
Fugue-asplos-EPIC-long-16000,F4,decode,all,native_transformer,GPU+PIM,3,0.10346511893992244,0.10969709547242341,0.006231976532500973,0.4672877002883071
Fugue-asplos-EPIC-long-16000,F4,decode,all,native_transformer,GPU+PIM,4,0.10969709547242341,0.11592966259692439,0.0062325671245009725,0.4673281132404735
Fugue-asplos-EPIC-long-16000,F4,decode,all,native_transformer,GPU+PIM,5,0.11592966259692439,0.12216222972142536,0.0062325671245009725,0.4673281560166399
Fugue-asplos-EPIC-long-16000,F4,decode,all,native_transformer,GPU+PIM,6,0.12216222972142536,0.12839479684592633,0.0062325671245009725,0.46732819879280624
Fugue-asplos-EPIC-long-16000,F4,decode,all,native_transformer,GPU+PIM,7,0.12839479684592633,0.1346273639704273,0.0062325671245009725,0.46732824156897274
Fugue-asplos-EPIC-long-16000,F4,decode,all,native_transformer,GPU+PIM,8,0.1346273639704273,0.14085993109492825,0.0062325671245009725,0.46732828434513907
Fugue-asplos-EPIC-long-16000,F4,decode,all,native_transformer,GPU+PIM,9,0.14085993109492825,0.1470924982194292,0.0062325671245009725,0.46732832712130545
Fugue-asplos-EPIC-long-16000,F4,decode,all,native_transformer,GPU+PIM,10,0.1470924982194292,0.15332506534393017,0.0062325671245009725,0.46732836989747184
Fugue-asplos-EPIC-long-16000,F4,decode,all,native_transformer,GPU+PIM,11,0.15332506534393017,0.15955763246843113,0.0062325671245009725,0.4673284126736383
Fugue-asplos-EPIC-long-16000,F4,decode,all,native_transformer,GPU+PIM,12,0.15955763246843113,0.1657901995929321,0.0062325671245009725,0.46732845544980467
Fugue-asplos-EPIC-long-16000,F4,decode,all,native_transformer,GPU+PIM,13,0.1657901995929321,0.17202276671743305,0.0062325671245009725,0.46732849822597106
Fugue-asplos-EPIC-long-16000,F4,decode,all,native_transformer,GPU+PIM,14,0.17202276671743305,0.178255333841934,0.0062325671245009725,0.4673285410021375
Fugue-asplos-EPIC-long-16000,F4,decode,all,native_transformer,GPU+PIM,15,0.178255333841934,0.18448790096643497,0.0062325671245009725,0.4673285837783039
