profile,cycles,scan_us,nCCDAB,mac_commands,represented_column_MACs,dram_read_bytes_per_attacc,memory_energy_pJ_per_attacc,query_movement_commands,softmax_commands,trace_sha256,path
scan-N1024-H7-Q8,3371,2.592299,8,1792,14336,18350080,82922291.20000002,4928,56,ea3b79ab1d23d8f5bcc8fd706fd75a649d934bd1594ad241a6a32a13c8c16016,/data2/chenyi9/KV-PIM/attacc-fugue/output/KVChime-multi-model-TP4-20260907/model-sweep/Fugue-asplos-raw/profiles/scan-N1024-H7-Q8
scan-N4096-H7-Q8,13683,10.522227,8,7168,57344,73400320,329857024.00000006,15680,56,422de3c72c568673715ff558322f364734e17388832293bb7dfaf36db921c287,/data2/chenyi9/KV-PIM/attacc-fugue/output/KVChime-multi-model-TP4-20260907/model-sweep/Fugue-asplos-raw/profiles/scan-N4096-H7-Q8
scan-N1024-H8-Q8,3371,2.592299,8,2048,16384,20971520,94768332.80000001,5632,64,9a51a8e06ffb32656c508cfbd2281108fcf155d9f5a9d12fe5c8430de52d76d6,/data2/chenyi9/KV-PIM/attacc-fugue/output/KVChime-multi-model-TP4-20260907/model-sweep/Fugue-asplos-raw/profiles/scan-N1024-H8-Q8
scan-N4096-H8-Q8,13670,10.512229999999999,8,8192,65536,83886080,376979456.0,17920,64,fa6b508ac124533b6a4131b7f52669b56c290c06609852edd932ba34cd006136,/data2/chenyi9/KV-PIM/attacc-fugue/output/KVChime-multi-model-TP4-20260907/model-sweep/Fugue-asplos-raw/profiles/scan-N4096-H8-Q8
scan-N1024-H4-Q8,3371,2.592299,8,1024,8192,10485760,47384166.400000006,2816,32,fd2c4371ff4fa5fe35f70170c7d285232f6350a78774222123d16e3167a88004,/data2/chenyi9/KV-PIM/attacc-fugue/output/KVChime-multi-model-TP4-20260907/model-sweep/Fugue-asplos-raw/profiles/scan-N1024-H4-Q8
scan-N4096-H4-Q8,13672,10.513768,8,4096,32768,41943040,188489728.0,8960,32,4c534dbd954f84d416009b18a15df7a0940a2979ac83f0713feb0114999878b2,/data2/chenyi9/KV-PIM/attacc-fugue/output/KVChime-multi-model-TP4-20260907/model-sweep/Fugue-asplos-raw/profiles/scan-N4096-H4-Q8
scan-N1024-H2-Q8,3361,2.584609,8,512,4096,5242880,23692083.200000003,1408,16,56ca74c73288259a6a3a83d212465f8865ba566ea00c3886b0a49a118a63853c,/data2/chenyi9/KV-PIM/attacc-fugue/output/KVChime-multi-model-TP4-20260907/model-sweep/Fugue-asplos-raw/profiles/scan-N1024-H2-Q8
scan-N4096-H2-Q8,13602,10.459938,8,2048,16384,20971520,94244864.0,4480,16,839f689611239c8531d385a48537de6821d50ed5ade9e57c2e9207e4c1414945,/data2/chenyi9/KV-PIM/attacc-fugue/output/KVChime-multi-model-TP4-20260907/model-sweep/Fugue-asplos-raw/profiles/scan-N4096-H2-Q8
scan-N1-H2-Q4,393,0.30221699999999996,7,8,32,81920,503808.0,320,8,b302d3a208c182f0e497aaa5f0c5e1b31471ede032b43915cc5f0eb0be72f8be,/data2/chenyi9/KV-PIM/attacc-fugue/output/KVChime-multi-model-TP4-20260907/model-sweep/Fugue-asplos-raw/profiles/scan-N1-H2-Q4
scan-N1-H8-Q1,115,0.088435,6,32,32,327680,1585152.0,320,8,d9d5680ce5440ed711b6fd4ab783899bccb1205c98ab9bc5fcfbc51ab25f990d,/data2/chenyi9/KV-PIM/attacc-fugue/output/KVChime-multi-model-TP4-20260907/model-sweep/Fugue-asplos-raw/profiles/scan-N1-H8-Q1
scan-N1-H7-Q1,115,0.088435,6,28,28,286720,1387008.0000000002,280,7,a6661bb282a2e1ec5548d42cf5ffad9a9415f024ec56fbdae13f7b712d32ce12,/data2/chenyi9/KV-PIM/attacc-fugue/output/KVChime-multi-model-TP4-20260907/model-sweep/Fugue-asplos-raw/profiles/scan-N1-H7-Q1
scan-N2-H4-Q1,115,0.088435,6,16,16,163840,792576.0,160,4,49e401c458494888e45b5017ca4e2b131c49530fd734ad3c8a73c1d37180715b,/data2/chenyi9/KV-PIM/attacc-fugue/output/KVChime-multi-model-TP4-20260907/model-sweep/Fugue-asplos-raw/profiles/scan-N2-H4-Q1
scan-N2-H2-Q8,781,0.600589,8,8,64,81920,647168.0,640,16,ca840d404efc7d9cf1fe3387a662493b375735626efc2b274a89b3ea86e61300,/data2/chenyi9/KV-PIM/attacc-fugue/output/KVChime-multi-model-TP4-20260907/model-sweep/Fugue-asplos-raw/profiles/scan-N2-H2-Q8
scan-N1-H4-Q1,115,0.088435,6,16,16,163840,792576.0,160,4,49e401c458494888e45b5017ca4e2b131c49530fd734ad3c8a73c1d37180715b,/data2/chenyi9/KV-PIM/attacc-fugue/output/KVChime-multi-model-TP4-20260907/model-sweep/Fugue-asplos-raw/profiles/scan-N1-H4-Q1
scan-N1-H2-Q1,115,0.088435,6,8,8,81920,396288.0,80,2,5a685f3c0653a683e3e780ccb23105b2c43183a00729893e003831777974e267,/data2/chenyi9/KV-PIM/attacc-fugue/output/KVChime-multi-model-TP4-20260907/model-sweep/Fugue-asplos-raw/profiles/scan-N1-H2-Q1
scan-N2-H2-Q1,115,0.088435,6,8,8,81920,396288.0,80,2,5a685f3c0653a683e3e780ccb23105b2c43183a00729893e003831777974e267,/data2/chenyi9/KV-PIM/attacc-fugue/output/KVChime-multi-model-TP4-20260907/model-sweep/Fugue-asplos-raw/profiles/scan-N2-H2-Q1
scan-N2-H4-Q2,199,0.153031,7,16,32,163840,864256.0,320,8,19582df62c650e4da302349fe7383a7008b4f370fb4c604410835fa95f147f5a,/data2/chenyi9/KV-PIM/attacc-fugue/output/KVChime-multi-model-TP4-20260907/model-sweep/Fugue-asplos-raw/profiles/scan-N2-H4-Q2
scan-N4-H2-Q1,115,0.088435,6,8,8,81920,396288.0,80,2,5a685f3c0653a683e3e780ccb23105b2c43183a00729893e003831777974e267,/data2/chenyi9/KV-PIM/attacc-fugue/output/KVChime-multi-model-TP4-20260907/model-sweep/Fugue-asplos-raw/profiles/scan-N4-H2-Q1
scan-N2-H8-Q1,115,0.088435,6,32,32,327680,1585152.0,320,8,d9d5680ce5440ed711b6fd4ab783899bccb1205c98ab9bc5fcfbc51ab25f990d,/data2/chenyi9/KV-PIM/attacc-fugue/output/KVChime-multi-model-TP4-20260907/model-sweep/Fugue-asplos-raw/profiles/scan-N2-H8-Q1
scan-N2-H7-Q1,115,0.088435,6,28,28,286720,1387008.0000000002,280,7,a6661bb282a2e1ec5548d42cf5ffad9a9415f024ec56fbdae13f7b712d32ce12,/data2/chenyi9/KV-PIM/attacc-fugue/output/KVChime-multi-model-TP4-20260907/model-sweep/Fugue-asplos-raw/profiles/scan-N2-H7-Q1
scan-N2-H7-Q2,199,0.153031,7,28,56,286720,1512448.0000000002,560,14,1aa73af703ddbfafc46809d3ef59305d01d99bf26afcb6ead1e5c804977855b2,/data2/chenyi9/KV-PIM/attacc-fugue/output/KVChime-multi-model-TP4-20260907/model-sweep/Fugue-asplos-raw/profiles/scan-N2-H7-Q2
scan-N4-H2-Q8,781,0.600589,8,8,64,81920,647168.0,640,16,ca840d404efc7d9cf1fe3387a662493b375735626efc2b274a89b3ea86e61300,/data2/chenyi9/KV-PIM/attacc-fugue/output/KVChime-multi-model-TP4-20260907/model-sweep/Fugue-asplos-raw/profiles/scan-N4-H2-Q8
scan-N4-H4-Q1,115,0.088435,6,16,16,163840,792576.0,160,4,49e401c458494888e45b5017ca4e2b131c49530fd734ad3c8a73c1d37180715b,/data2/chenyi9/KV-PIM/attacc-fugue/output/KVChime-multi-model-TP4-20260907/model-sweep/Fugue-asplos-raw/profiles/scan-N4-H4-Q1
scan-N2-H8-Q2,199,0.153031,7,32,64,327680,1728512.0,640,16,13c8aa488aeaf54cce6f36dcb26b555b3beeb1afcb43fb1bd6f5ff0cb35a7b02,/data2/chenyi9/KV-PIM/attacc-fugue/output/KVChime-multi-model-TP4-20260907/model-sweep/Fugue-asplos-raw/profiles/scan-N2-H8-Q2
scan-N4-H4-Q4,393,0.30221699999999996,7,16,64,163840,1007616.0,640,16,6f9a5de966ad8b6c5374210ff09c7440c35f761ec3fb8b34a73443f1d423f612,/data2/chenyi9/KV-PIM/attacc-fugue/output/KVChime-multi-model-TP4-20260907/model-sweep/Fugue-asplos-raw/profiles/scan-N4-H4-Q4
scan-N4-H7-Q1,115,0.088435,6,28,28,286720,1387008.0000000002,280,7,a6661bb282a2e1ec5548d42cf5ffad9a9415f024ec56fbdae13f7b712d32ce12,/data2/chenyi9/KV-PIM/attacc-fugue/output/KVChime-multi-model-TP4-20260907/model-sweep/Fugue-asplos-raw/profiles/scan-N4-H7-Q1
scan-N4-H8-Q1,115,0.088435,6,32,32,327680,1585152.0,320,8,d9d5680ce5440ed711b6fd4ab783899bccb1205c98ab9bc5fcfbc51ab25f990d,/data2/chenyi9/KV-PIM/attacc-fugue/output/KVChime-multi-model-TP4-20260907/model-sweep/Fugue-asplos-raw/profiles/scan-N4-H8-Q1
scan-N8-H4-Q1,115,0.088435,6,16,16,163840,792576.0,160,4,49e401c458494888e45b5017ca4e2b131c49530fd734ad3c8a73c1d37180715b,/data2/chenyi9/KV-PIM/attacc-fugue/output/KVChime-multi-model-TP4-20260907/model-sweep/Fugue-asplos-raw/profiles/scan-N8-H4-Q1
scan-N8-H2-Q1,115,0.088435,6,8,8,81920,396288.0,80,2,5a685f3c0653a683e3e780ccb23105b2c43183a00729893e003831777974e267,/data2/chenyi9/KV-PIM/attacc-fugue/output/KVChime-multi-model-TP4-20260907/model-sweep/Fugue-asplos-raw/profiles/scan-N8-H2-Q1
scan-N4-H7-Q4,393,0.30221699999999996,7,28,112,286720,1763328.0000000002,1120,28,5cd7f941afa1c66c1f9dbdc78bd4f798015a1580d98fbbfa3411ecac23fb29e8,/data2/chenyi9/KV-PIM/attacc-fugue/output/KVChime-multi-model-TP4-20260907/model-sweep/Fugue-asplos-raw/profiles/scan-N4-H7-Q4
scan-N8-H2-Q8,781,0.600589,8,8,64,81920,647168.0,640,16,ca840d404efc7d9cf1fe3387a662493b375735626efc2b274a89b3ea86e61300,/data2/chenyi9/KV-PIM/attacc-fugue/output/KVChime-multi-model-TP4-20260907/model-sweep/Fugue-asplos-raw/profiles/scan-N8-H2-Q8
scan-N4-H8-Q4,393,0.30221699999999996,7,32,128,327680,2015232.0,1280,32,08e806850c9fb029dad5fad6d4ffaab00058ecfc48efc73d08a8f4fef464d364,/data2/chenyi9/KV-PIM/attacc-fugue/output/KVChime-multi-model-TP4-20260907/model-sweep/Fugue-asplos-raw/profiles/scan-N4-H8-Q4
scan-N8-H4-Q8,783,0.6021270000000001,8,16,128,163840,1294336.0,1280,32,942e75629e24ea737961442514a70071faa5cfbe584632feca3a752e29e834cb,/data2/chenyi9/KV-PIM/attacc-fugue/output/KVChime-multi-model-TP4-20260907/model-sweep/Fugue-asplos-raw/profiles/scan-N8-H4-Q8
scan-N8-H7-Q1,115,0.088435,6,28,28,286720,1387008.0000000002,280,7,a6661bb282a2e1ec5548d42cf5ffad9a9415f024ec56fbdae13f7b712d32ce12,/data2/chenyi9/KV-PIM/attacc-fugue/output/KVChime-multi-model-TP4-20260907/model-sweep/Fugue-asplos-raw/profiles/scan-N8-H7-Q1
scan-N8-H8-Q1,115,0.088435,6,32,32,327680,1585152.0,320,8,d9d5680ce5440ed711b6fd4ab783899bccb1205c98ab9bc5fcfbc51ab25f990d,/data2/chenyi9/KV-PIM/attacc-fugue/output/KVChime-multi-model-TP4-20260907/model-sweep/Fugue-asplos-raw/profiles/scan-N8-H8-Q1
scan-N8-H7-Q8,783,0.6021270000000001,8,28,224,286720,2265088.0,2240,56,c8efeb6eb1dab5fed6351d937d8c9e5c99c494d9f49154666e3b853c767c335e,/data2/chenyi9/KV-PIM/attacc-fugue/output/KVChime-multi-model-TP4-20260907/model-sweep/Fugue-asplos-raw/profiles/scan-N8-H7-Q8
scan-N12-H2-Q1,115,0.088435,6,8,8,81920,396288.0,80,2,5a685f3c0653a683e3e780ccb23105b2c43183a00729893e003831777974e267,/data2/chenyi9/KV-PIM/attacc-fugue/output/KVChime-multi-model-TP4-20260907/model-sweep/Fugue-asplos-raw/profiles/scan-N12-H2-Q1
scan-N12-H4-Q1,115,0.088435,6,16,16,163840,792576.0,160,4,49e401c458494888e45b5017ca4e2b131c49530fd734ad3c8a73c1d37180715b,/data2/chenyi9/KV-PIM/attacc-fugue/output/KVChime-multi-model-TP4-20260907/model-sweep/Fugue-asplos-raw/profiles/scan-N12-H4-Q1
scan-N12-H4-Q4,393,0.30221699999999996,7,16,64,163840,1007616.0,640,16,6f9a5de966ad8b6c5374210ff09c7440c35f761ec3fb8b34a73443f1d423f612,/data2/chenyi9/KV-PIM/attacc-fugue/output/KVChime-multi-model-TP4-20260907/model-sweep/Fugue-asplos-raw/profiles/scan-N12-H4-Q4
scan-N12-H4-Q8,783,0.6021270000000001,8,16,128,163840,1294336.0,1280,32,942e75629e24ea737961442514a70071faa5cfbe584632feca3a752e29e834cb,/data2/chenyi9/KV-PIM/attacc-fugue/output/KVChime-multi-model-TP4-20260907/model-sweep/Fugue-asplos-raw/profiles/scan-N12-H4-Q8
scan-N12-H2-Q8,781,0.600589,8,8,64,81920,647168.0,640,16,ca840d404efc7d9cf1fe3387a662493b375735626efc2b274a89b3ea86e61300,/data2/chenyi9/KV-PIM/attacc-fugue/output/KVChime-multi-model-TP4-20260907/model-sweep/Fugue-asplos-raw/profiles/scan-N12-H2-Q8
scan-N8-H8-Q8,783,0.6021270000000001,8,32,256,327680,2588672.0,2560,64,09b84b62187a4ea16b7313b2f12540d1a7550c75be42925bae28b58a471283ba,/data2/chenyi9/KV-PIM/attacc-fugue/output/KVChime-multi-model-TP4-20260907/model-sweep/Fugue-asplos-raw/profiles/scan-N8-H8-Q8
scan-N12-H7-Q1,115,0.088435,6,28,28,286720,1387008.0000000002,280,7,a6661bb282a2e1ec5548d42cf5ffad9a9415f024ec56fbdae13f7b712d32ce12,/data2/chenyi9/KV-PIM/attacc-fugue/output/KVChime-multi-model-TP4-20260907/model-sweep/Fugue-asplos-raw/profiles/scan-N12-H7-Q1
scan-N12-H8-Q1,115,0.088435,6,32,32,327680,1585152.0,320,8,d9d5680ce5440ed711b6fd4ab783899bccb1205c98ab9bc5fcfbc51ab25f990d,/data2/chenyi9/KV-PIM/attacc-fugue/output/KVChime-multi-model-TP4-20260907/model-sweep/Fugue-asplos-raw/profiles/scan-N12-H8-Q1
scan-N12-H7-Q4,393,0.30221699999999996,7,28,112,286720,1763328.0000000002,1120,28,5cd7f941afa1c66c1f9dbdc78bd4f798015a1580d98fbbfa3411ecac23fb29e8,/data2/chenyi9/KV-PIM/attacc-fugue/output/KVChime-multi-model-TP4-20260907/model-sweep/Fugue-asplos-raw/profiles/scan-N12-H7-Q4
scan-N12-H8-Q4,393,0.30221699999999996,7,32,128,327680,2015232.0,1280,32,08e806850c9fb029dad5fad6d4ffaab00058ecfc48efc73d08a8f4fef464d364,/data2/chenyi9/KV-PIM/attacc-fugue/output/KVChime-multi-model-TP4-20260907/model-sweep/Fugue-asplos-raw/profiles/scan-N12-H8-Q4
scan-N12-H7-Q8,783,0.6021270000000001,8,28,224,286720,2265088.0,2240,56,c8efeb6eb1dab5fed6351d937d8c9e5c99c494d9f49154666e3b853c767c335e,/data2/chenyi9/KV-PIM/attacc-fugue/output/KVChime-multi-model-TP4-20260907/model-sweep/Fugue-asplos-raw/profiles/scan-N12-H7-Q8
scan-N16-H2-Q1,115,0.088435,6,8,8,81920,396288.0,80,2,5a685f3c0653a683e3e780ccb23105b2c43183a00729893e003831777974e267,/data2/chenyi9/KV-PIM/attacc-fugue/output/KVChime-multi-model-TP4-20260907/model-sweep/Fugue-asplos-raw/profiles/scan-N16-H2-Q1
scan-N16-H2-Q8,781,0.600589,8,8,64,81920,647168.0,640,16,ca840d404efc7d9cf1fe3387a662493b375735626efc2b274a89b3ea86e61300,/data2/chenyi9/KV-PIM/attacc-fugue/output/KVChime-multi-model-TP4-20260907/model-sweep/Fugue-asplos-raw/profiles/scan-N16-H2-Q8
scan-N16-H4-Q1,115,0.088435,6,16,16,163840,792576.0,160,4,49e401c458494888e45b5017ca4e2b131c49530fd734ad3c8a73c1d37180715b,/data2/chenyi9/KV-PIM/attacc-fugue/output/KVChime-multi-model-TP4-20260907/model-sweep/Fugue-asplos-raw/profiles/scan-N16-H4-Q1
scan-N12-H8-Q8,783,0.6021270000000001,8,32,256,327680,2588672.0,2560,64,09b84b62187a4ea16b7313b2f12540d1a7550c75be42925bae28b58a471283ba,/data2/chenyi9/KV-PIM/attacc-fugue/output/KVChime-multi-model-TP4-20260907/model-sweep/Fugue-asplos-raw/profiles/scan-N12-H8-Q8
scan-N16-H7-Q1,115,0.088435,6,28,28,286720,1387008.0000000002,280,7,a6661bb282a2e1ec5548d42cf5ffad9a9415f024ec56fbdae13f7b712d32ce12,/data2/chenyi9/KV-PIM/attacc-fugue/output/KVChime-multi-model-TP4-20260907/model-sweep/Fugue-asplos-raw/profiles/scan-N16-H7-Q1
scan-N24-H2-Q1,131,0.10073900000000001,6,16,16,163840,756736.0,80,2,b51a33a00e1103738c63ba81441e7806f20abcb8a1a30bd07beb329e373988cf,/data2/chenyi9/KV-PIM/attacc-fugue/output/KVChime-multi-model-TP4-20260907/model-sweep/Fugue-asplos-raw/profiles/scan-N24-H2-Q1
scan-N16-H8-Q1,115,0.088435,6,32,32,327680,1585152.0,320,8,d9d5680ce5440ed711b6fd4ab783899bccb1205c98ab9bc5fcfbc51ab25f990d,/data2/chenyi9/KV-PIM/attacc-fugue/output/KVChime-multi-model-TP4-20260907/model-sweep/Fugue-asplos-raw/profiles/scan-N16-H8-Q1
scan-N16-H4-Q8,783,0.6021270000000001,8,16,128,163840,1294336.0,1280,32,942e75629e24ea737961442514a70071faa5cfbe584632feca3a752e29e834cb,/data2/chenyi9/KV-PIM/attacc-fugue/output/KVChime-multi-model-TP4-20260907/model-sweep/Fugue-asplos-raw/profiles/scan-N16-H4-Q8
scan-N24-H4-Q8,807,0.620583,8,32,256,327680,2015232.0,1280,32,37f6a5adf5a010b27a2098018cf4237266e00a4711b71baa69ee3399ba241c53,/data2/chenyi9/KV-PIM/attacc-fugue/output/KVChime-multi-model-TP4-20260907/model-sweep/Fugue-asplos-raw/profiles/scan-N24-H4-Q8
scan-N24-H2-Q8,805,0.619045,8,16,128,163840,1007616.0,640,16,df278106968e47567b8f21020f82aa79a8f4c921cbd82bae3017f93336c07572,/data2/chenyi9/KV-PIM/attacc-fugue/output/KVChime-multi-model-TP4-20260907/model-sweep/Fugue-asplos-raw/profiles/scan-N24-H2-Q8
scan-N16-H7-Q8,783,0.6021270000000001,8,28,224,286720,2265088.0,2240,56,c8efeb6eb1dab5fed6351d937d8c9e5c99c494d9f49154666e3b853c767c335e,/data2/chenyi9/KV-PIM/attacc-fugue/output/KVChime-multi-model-TP4-20260907/model-sweep/Fugue-asplos-raw/profiles/scan-N16-H7-Q8
scan-N24-H4-Q1,131,0.10073900000000001,6,32,32,327680,1513472.0,160,4,91abf6485e41619f5005cfb75a0d4db996e607c27593f8e11f1b4ec0637aa928,/data2/chenyi9/KV-PIM/attacc-fugue/output/KVChime-multi-model-TP4-20260907/model-sweep/Fugue-asplos-raw/profiles/scan-N24-H4-Q1
scan-N16-H8-Q8,783,0.6021270000000001,8,32,256,327680,2588672.0,2560,64,09b84b62187a4ea16b7313b2f12540d1a7550c75be42925bae28b58a471283ba,/data2/chenyi9/KV-PIM/attacc-fugue/output/KVChime-multi-model-TP4-20260907/model-sweep/Fugue-asplos-raw/profiles/scan-N16-H8-Q8
scan-N24-H7-Q1,131,0.10073900000000001,6,56,56,573440,2648576.0000000005,280,7,10f9d0a8f7ab6d5499964eee59456d9443d643607edfc4cbf1d99e594d79e6d7,/data2/chenyi9/KV-PIM/attacc-fugue/output/KVChime-multi-model-TP4-20260907/model-sweep/Fugue-asplos-raw/profiles/scan-N24-H7-Q1
scan-N24-H8-Q1,131,0.10073900000000001,6,64,64,655360,3026944.0,320,8,8d10393b6ce0e82c25394a21a2b3f9564219707d92b2a055adf0398222203b35,/data2/chenyi9/KV-PIM/attacc-fugue/output/KVChime-multi-model-TP4-20260907/model-sweep/Fugue-asplos-raw/profiles/scan-N24-H8-Q1
scan-N24-H7-Q8,807,0.620583,8,56,448,573440,3526656.0000000005,2240,56,39f1ce43a8fc7a32ec61b372d92ed59dd4ff21da6dba761e066b6518a67f3b94,/data2/chenyi9/KV-PIM/attacc-fugue/output/KVChime-multi-model-TP4-20260907/model-sweep/Fugue-asplos-raw/profiles/scan-N24-H7-Q8
scan-N32-H2-Q1,131,0.10073900000000001,6,16,16,163840,756736.0,80,2,b51a33a00e1103738c63ba81441e7806f20abcb8a1a30bd07beb329e373988cf,/data2/chenyi9/KV-PIM/attacc-fugue/output/KVChime-multi-model-TP4-20260907/model-sweep/Fugue-asplos-raw/profiles/scan-N32-H2-Q1
scan-N32-H2-Q8,805,0.619045,8,16,128,163840,1007616.0,640,16,df278106968e47567b8f21020f82aa79a8f4c921cbd82bae3017f93336c07572,/data2/chenyi9/KV-PIM/attacc-fugue/output/KVChime-multi-model-TP4-20260907/model-sweep/Fugue-asplos-raw/profiles/scan-N32-H2-Q8
scan-N32-H4-Q1,131,0.10073900000000001,6,32,32,327680,1513472.0,160,4,91abf6485e41619f5005cfb75a0d4db996e607c27593f8e11f1b4ec0637aa928,/data2/chenyi9/KV-PIM/attacc-fugue/output/KVChime-multi-model-TP4-20260907/model-sweep/Fugue-asplos-raw/profiles/scan-N32-H4-Q1
scan-N32-H8-Q1,131,0.10073900000000001,6,64,64,655360,3026944.0,320,8,8d10393b6ce0e82c25394a21a2b3f9564219707d92b2a055adf0398222203b35,/data2/chenyi9/KV-PIM/attacc-fugue/output/KVChime-multi-model-TP4-20260907/model-sweep/Fugue-asplos-raw/profiles/scan-N32-H8-Q1
scan-N32-H7-Q1,131,0.10073900000000001,6,56,56,573440,2648576.0000000005,280,7,10f9d0a8f7ab6d5499964eee59456d9443d643607edfc4cbf1d99e594d79e6d7,/data2/chenyi9/KV-PIM/attacc-fugue/output/KVChime-multi-model-TP4-20260907/model-sweep/Fugue-asplos-raw/profiles/scan-N32-H7-Q1
scan-N32-H4-Q8,807,0.620583,8,32,256,327680,2015232.0,1280,32,37f6a5adf5a010b27a2098018cf4237266e00a4711b71baa69ee3399ba241c53,/data2/chenyi9/KV-PIM/attacc-fugue/output/KVChime-multi-model-TP4-20260907/model-sweep/Fugue-asplos-raw/profiles/scan-N32-H4-Q8
scan-N32-H7-Q8,807,0.620583,8,56,448,573440,3526656.0000000005,2240,56,39f1ce43a8fc7a32ec61b372d92ed59dd4ff21da6dba761e066b6518a67f3b94,/data2/chenyi9/KV-PIM/attacc-fugue/output/KVChime-multi-model-TP4-20260907/model-sweep/Fugue-asplos-raw/profiles/scan-N32-H7-Q8
scan-N48-H2-Q1,153,0.117657,6,24,24,245760,1117184.0,80,2,5bd5929c3758b33dc28e464206ade163a75eb6a951c2cd43dbfa9e757cba964e,/data2/chenyi9/KV-PIM/attacc-fugue/output/KVChime-multi-model-TP4-20260907/model-sweep/Fugue-asplos-raw/profiles/scan-N48-H2-Q1
scan-N24-H8-Q8,807,0.620583,8,64,512,655360,4030464.0,2560,64,1da375c140722dc42157f682b02e32fa3e94b190f042497df5576dd20b83c747,/data2/chenyi9/KV-PIM/attacc-fugue/output/KVChime-multi-model-TP4-20260907/model-sweep/Fugue-asplos-raw/profiles/scan-N24-H8-Q8
scan-N48-H2-Q8,829,0.637501,8,24,192,245760,1368064.0000000002,640,16,9119657262d8116eeb92fc1dc7ff0f216eb9bbd5054ee1cf15133e91c8fbe312,/data2/chenyi9/KV-PIM/attacc-fugue/output/KVChime-multi-model-TP4-20260907/model-sweep/Fugue-asplos-raw/profiles/scan-N48-H2-Q8
scan-N48-H4-Q1,153,0.117657,6,48,48,491520,2234368.0,160,4,fd1afa3d6d556750f5d7b1fb65b9b89ae3314b02f61814f3bf3f5071cdffe08b,/data2/chenyi9/KV-PIM/attacc-fugue/output/KVChime-multi-model-TP4-20260907/model-sweep/Fugue-asplos-raw/profiles/scan-N48-H4-Q1
scan-N32-H8-Q8,807,0.620583,8,64,512,655360,4030464.0,2560,64,1da375c140722dc42157f682b02e32fa3e94b190f042497df5576dd20b83c747,/data2/chenyi9/KV-PIM/attacc-fugue/output/KVChime-multi-model-TP4-20260907/model-sweep/Fugue-asplos-raw/profiles/scan-N32-H8-Q8
scan-N48-H7-Q1,153,0.117657,6,84,84,860160,3910144.0,280,7,b7061e74c642721adae8b97013fa78a6a091927e5add1bfdb26e60a53b639ad5,/data2/chenyi9/KV-PIM/attacc-fugue/output/KVChime-multi-model-TP4-20260907/model-sweep/Fugue-asplos-raw/profiles/scan-N48-H7-Q1
scan-N48-H4-Q8,831,0.639039,8,48,384,491520,2736128.0000000005,1280,32,eea8d44087d6b3b6ab8216cd62e5d635fafec90b9dd9878116e9db39cfef764f,/data2/chenyi9/KV-PIM/attacc-fugue/output/KVChime-multi-model-TP4-20260907/model-sweep/Fugue-asplos-raw/profiles/scan-N48-H4-Q8
scan-N48-H8-Q1,153,0.117657,6,96,96,983040,4468736.0,320,8,722372cd96d5021b3271433d73112c469a4cf25af5931e92a380c3f0b1726a84,/data2/chenyi9/KV-PIM/attacc-fugue/output/KVChime-multi-model-TP4-20260907/model-sweep/Fugue-asplos-raw/profiles/scan-N48-H8-Q1
scan-N48-H7-Q8,831,0.639039,8,84,672,860160,4788224.0,2240,56,416e1fd88b9a56681de5d03a948f4450448ebc5870e2c8436ee8a69b5e5daf89,/data2/chenyi9/KV-PIM/attacc-fugue/output/KVChime-multi-model-TP4-20260907/model-sweep/Fugue-asplos-raw/profiles/scan-N48-H7-Q8
scan-N64-H2-Q1,177,0.136113,6,32,32,327680,1477632.0,80,2,81d5b4140258374950d2af62da6b021bbbfba45f612b19b5c9247b10eba01967,/data2/chenyi9/KV-PIM/attacc-fugue/output/KVChime-multi-model-TP4-20260907/model-sweep/Fugue-asplos-raw/profiles/scan-N64-H2-Q1
scan-N48-H8-Q8,831,0.639039,8,96,768,983040,5472256.000000001,2560,64,592a4aef73556b5cca6d3376925f4098f035dbdef0e4e6d4a5ac8f86217c9bc7,/data2/chenyi9/KV-PIM/attacc-fugue/output/KVChime-multi-model-TP4-20260907/model-sweep/Fugue-asplos-raw/profiles/scan-N48-H8-Q8
scan-N64-H4-Q1,177,0.136113,6,64,64,655360,2955264.0,160,4,6dd7371ca89773795dce29e79850f40c260b42399de3ee8afb94ef71bc526d13,/data2/chenyi9/KV-PIM/attacc-fugue/output/KVChime-multi-model-TP4-20260907/model-sweep/Fugue-asplos-raw/profiles/scan-N64-H4-Q1
scan-N64-H2-Q8,853,0.655957,8,32,256,327680,1728512.0,640,16,e6b4d6e59b0504ad2945f144220d700c22b13b22bea88599951b82b22b02bf3d,/data2/chenyi9/KV-PIM/attacc-fugue/output/KVChime-multi-model-TP4-20260907/model-sweep/Fugue-asplos-raw/profiles/scan-N64-H2-Q8
scan-N64-H7-Q1,177,0.136113,6,112,112,1146880,5171712.000000001,280,7,3991ac3cea2f6dda27ef08eec7791f56b537e84c1dd7ab007f6c94a0a728d98b,/data2/chenyi9/KV-PIM/attacc-fugue/output/KVChime-multi-model-TP4-20260907/model-sweep/Fugue-asplos-raw/profiles/scan-N64-H7-Q1
scan-N64-H4-Q8,855,0.657495,8,64,512,655360,3457024.0,1280,32,4714cede124173e6f976917694b5412a2544a6859811098a5734a075e004cb09,/data2/chenyi9/KV-PIM/attacc-fugue/output/KVChime-multi-model-TP4-20260907/model-sweep/Fugue-asplos-raw/profiles/scan-N64-H4-Q8
scan-N64-H8-Q1,177,0.136113,6,128,128,1310720,5910528.0,320,8,a8390dd3bff048a45404ffece97ce97c882c55cf2aba305a037bbfaad2684ecd,/data2/chenyi9/KV-PIM/attacc-fugue/output/KVChime-multi-model-TP4-20260907/model-sweep/Fugue-asplos-raw/profiles/scan-N64-H8-Q1
scan-N96-H2-Q1,225,0.173025,6,48,48,491520,2198528.0,80,2,3fc06ff65093b6fb903a8be850430c8ac55146f8f319dc5696f193c61319fc0b,/data2/chenyi9/KV-PIM/attacc-fugue/output/KVChime-multi-model-TP4-20260907/model-sweep/Fugue-asplos-raw/profiles/scan-N96-H2-Q1
scan-N64-H7-Q8,855,0.657495,8,112,896,1146880,6049792.000000001,2240,56,1b8b5e4aeeb432562766fd100c837cee0547b81f73acf7327f7c3ada17c09b0e,/data2/chenyi9/KV-PIM/attacc-fugue/output/KVChime-multi-model-TP4-20260907/model-sweep/Fugue-asplos-raw/profiles/scan-N64-H7-Q8
scan-N96-H4-Q1,225,0.173025,6,96,96,983040,4397056.0,160,4,c16c880cd71f2af766d6d25643bff99b7b4981253803439580caad00177605a7,/data2/chenyi9/KV-PIM/attacc-fugue/output/KVChime-multi-model-TP4-20260907/model-sweep/Fugue-asplos-raw/profiles/scan-N96-H4-Q1
scan-N96-H7-Q1,225,0.173025,6,168,168,1720320,7694848.0,280,7,27a092d4bf1bb68a4f5243971306691ebe3363084c53dd4a02ad6a58dfc68f7c,/data2/chenyi9/KV-PIM/attacc-fugue/output/KVChime-multi-model-TP4-20260907/model-sweep/Fugue-asplos-raw/profiles/scan-N96-H7-Q1
scan-N96-H2-Q8,901,0.6928690000000001,8,48,384,491520,2449408.0,640,16,ae81d21d1a38bb0e1740991f67bbea8ec9542c2aa678e4f396cc59e2ee1dc21d,/data2/chenyi9/KV-PIM/attacc-fugue/output/KVChime-multi-model-TP4-20260907/model-sweep/Fugue-asplos-raw/profiles/scan-N96-H2-Q8
scan-N96-H8-Q1,225,0.173025,6,192,192,1966080,8794112.0,320,8,a7fde12d23ce36df03781b7707e7e67b6644b1e0942f47008c800821e916e4cd,/data2/chenyi9/KV-PIM/attacc-fugue/output/KVChime-multi-model-TP4-20260907/model-sweep/Fugue-asplos-raw/profiles/scan-N96-H8-Q1
scan-N128-H2-Q1,273,0.209937,6,64,64,655360,2919424.0,80,2,137cc90eeab1758df55b9fcc1f7e5529b1f88b811fc7a4ed76b386e930d7826d,/data2/chenyi9/KV-PIM/attacc-fugue/output/KVChime-multi-model-TP4-20260907/model-sweep/Fugue-asplos-raw/profiles/scan-N128-H2-Q1
scan-N96-H4-Q8,903,0.694407,8,96,768,983040,4898816.0,1280,32,5e316b637bcc9b43efdf068da4481acf43a7d87349fcd6b3a8dfd304e371fb13,/data2/chenyi9/KV-PIM/attacc-fugue/output/KVChime-multi-model-TP4-20260907/model-sweep/Fugue-asplos-raw/profiles/scan-N96-H4-Q8
scan-N64-H8-Q8,855,0.657495,8,128,1024,1310720,6914048.0,2560,64,99e8b8209788fe5521541a448e841974716795a281340933b5abbf526ab43ce3,/data2/chenyi9/KV-PIM/attacc-fugue/output/KVChime-multi-model-TP4-20260907/model-sweep/Fugue-asplos-raw/profiles/scan-N64-H8-Q8
scan-N96-H7-Q8,903,0.694407,8,168,1344,1720320,8572928.0,2240,56,e5ec20d11f84822b28185ee7b5c6488e2b335d4cf3efc8d77dd409531a70b322,/data2/chenyi9/KV-PIM/attacc-fugue/output/KVChime-multi-model-TP4-20260907/model-sweep/Fugue-asplos-raw/profiles/scan-N96-H7-Q8
scan-N128-H2-Q8,949,0.729781,8,64,512,655360,3170304.0,640,16,575851ae1fddf21d48ca30382d24c829ac66b033ff38113653d0d5dd7fd397e7,/data2/chenyi9/KV-PIM/attacc-fugue/output/KVChime-multi-model-TP4-20260907/model-sweep/Fugue-asplos-raw/profiles/scan-N128-H2-Q8
scan-N128-H4-Q1,273,0.209937,6,128,128,1310720,5838848.0,160,4,422dccf4d64ad3dbf49a5875380b5218c60ef4076143370f062bb1ce003e5b93,/data2/chenyi9/KV-PIM/attacc-fugue/output/KVChime-multi-model-TP4-20260907/model-sweep/Fugue-asplos-raw/profiles/scan-N128-H4-Q1
scan-N128-H7-Q1,273,0.209937,6,224,224,2293760,10217984.000000002,280,7,e39d97d243ca9a2e89337d5759653d887c9700830888717248256279aeda236e,/data2/chenyi9/KV-PIM/attacc-fugue/output/KVChime-multi-model-TP4-20260907/model-sweep/Fugue-asplos-raw/profiles/scan-N128-H7-Q1
scan-N128-H8-Q1,273,0.209937,6,256,256,2621440,11677696.0,320,8,9f95fa3417e7766b3d70587babaf726abee11248cfe3e1f903c7a621441d7327,/data2/chenyi9/KV-PIM/attacc-fugue/output/KVChime-multi-model-TP4-20260907/model-sweep/Fugue-asplos-raw/profiles/scan-N128-H8-Q1
scan-N128-H4-Q8,951,0.7313189999999999,8,128,1024,1310720,6340608.0,1280,32,b2291fbe8a212bbb9770454a9386c1089b7e493d4b7b8aa954e325ab07de2e14,/data2/chenyi9/KV-PIM/attacc-fugue/output/KVChime-multi-model-TP4-20260907/model-sweep/Fugue-asplos-raw/profiles/scan-N128-H4-Q8
scan-N129-H2-Q1,297,0.228393,6,72,72,737280,3279872.0,80,2,bd5e34d8027c8ec49efaab38cce56af5552663ae4ff41ca6fb1e37bf851534b2,/data2/chenyi9/KV-PIM/attacc-fugue/output/KVChime-multi-model-TP4-20260907/model-sweep/Fugue-asplos-raw/profiles/scan-N129-H2-Q1
scan-N129-H2-Q4,573,0.440637,7,72,288,737280,3387392.0,320,8,deec22a7b911ce2355c451627026b8380514c6bf0bda2479e6654d413f49b50f,/data2/chenyi9/KV-PIM/attacc-fugue/output/KVChime-multi-model-TP4-20260907/model-sweep/Fugue-asplos-raw/profiles/scan-N129-H2-Q4
scan-N96-H8-Q8,903,0.694407,8,192,1536,1966080,9797632.0,2560,64,c9cb4ed6398d9b42b148ccb74f49cc42d68583d644ac560dff4f1fcf11bf3f47,/data2/chenyi9/KV-PIM/attacc-fugue/output/KVChime-multi-model-TP4-20260907/model-sweep/Fugue-asplos-raw/profiles/scan-N96-H8-Q8
scan-N129-H4-Q1,297,0.228393,6,144,144,1474560,6559744.0,160,4,84f9d48eb59fc3346ceb14aaca66634813b47259d3df9a818934684fbad353d6,/data2/chenyi9/KV-PIM/attacc-fugue/output/KVChime-multi-model-TP4-20260907/model-sweep/Fugue-asplos-raw/profiles/scan-N129-H4-Q1
scan-N128-H8-Q8,951,0.7313189999999999,8,256,2048,2621440,12681216.0,2560,64,7931b763c9d45eb7a78a5bafc28c200820f230bdf980d5303e0b65f16e600367,/data2/chenyi9/KV-PIM/attacc-fugue/output/KVChime-multi-model-TP4-20260907/model-sweep/Fugue-asplos-raw/profiles/scan-N128-H8-Q8
scan-N130-H2-Q1,297,0.228393,6,72,72,737280,3279872.0,80,2,bd5e34d8027c8ec49efaab38cce56af5552663ae4ff41ca6fb1e37bf851534b2,/data2/chenyi9/KV-PIM/attacc-fugue/output/KVChime-multi-model-TP4-20260907/model-sweep/Fugue-asplos-raw/profiles/scan-N130-H2-Q1
scan-N129-H7-Q1,297,0.228393,6,252,252,2580480,11479552.000000002,280,7,43d2f5023405b15f3815745c917065691e9180bc5912f569a71c1cbf57e84a8d,/data2/chenyi9/KV-PIM/attacc-fugue/output/KVChime-multi-model-TP4-20260907/model-sweep/Fugue-asplos-raw/profiles/scan-N129-H7-Q1
scan-N128-H7-Q8,951,0.7313189999999999,8,224,1792,2293760,11096064.000000002,2240,56,a80522ddc251d57c9df68be1ebbb1910efb365524a0ba2fc062447381c09cc55,/data2/chenyi9/KV-PIM/attacc-fugue/output/KVChime-multi-model-TP4-20260907/model-sweep/Fugue-asplos-raw/profiles/scan-N128-H7-Q8
scan-N130-H4-Q1,297,0.228393,6,144,144,1474560,6559744.0,160,4,84f9d48eb59fc3346ceb14aaca66634813b47259d3df9a818934684fbad353d6,/data2/chenyi9/KV-PIM/attacc-fugue/output/KVChime-multi-model-TP4-20260907/model-sweep/Fugue-asplos-raw/profiles/scan-N130-H4-Q1
scan-N130-H2-Q8,973,0.7482369999999999,8,72,576,737280,3530752.0,640,16,3ba22a6bd8c8716d54e52648f9f747a52f91b5cd6673855f40365610bf9061a5,/data2/chenyi9/KV-PIM/attacc-fugue/output/KVChime-multi-model-TP4-20260907/model-sweep/Fugue-asplos-raw/profiles/scan-N130-H2-Q8
scan-N129-H8-Q1,297,0.228393,6,288,288,2949120,13119488.0,320,8,c909fe2a134ae8872b293ad625c5373b359ff2cd87a524c74d8f280c381c94c0,/data2/chenyi9/KV-PIM/attacc-fugue/output/KVChime-multi-model-TP4-20260907/model-sweep/Fugue-asplos-raw/profiles/scan-N129-H8-Q1
scan-N130-H4-Q2,403,0.309907,7,144,288,1474560,6631424.0,320,8,c0a2f601be2ca47d0ab9402bf33da9170514c1f40a2dff8a610e811eda8f5985,/data2/chenyi9/KV-PIM/attacc-fugue/output/KVChime-multi-model-TP4-20260907/model-sweep/Fugue-asplos-raw/profiles/scan-N130-H4-Q2
scan-N130-H8-Q1,297,0.228393,6,288,288,2949120,13119488.0,320,8,c909fe2a134ae8872b293ad625c5373b359ff2cd87a524c74d8f280c381c94c0,/data2/chenyi9/KV-PIM/attacc-fugue/output/KVChime-multi-model-TP4-20260907/model-sweep/Fugue-asplos-raw/profiles/scan-N130-H8-Q1
scan-N132-H2-Q1,297,0.228393,6,72,72,737280,3279872.0,80,2,bd5e34d8027c8ec49efaab38cce56af5552663ae4ff41ca6fb1e37bf851534b2,/data2/chenyi9/KV-PIM/attacc-fugue/output/KVChime-multi-model-TP4-20260907/model-sweep/Fugue-asplos-raw/profiles/scan-N132-H2-Q1
scan-N130-H7-Q1,297,0.228393,6,252,252,2580480,11479552.000000002,280,7,43d2f5023405b15f3815745c917065691e9180bc5912f569a71c1cbf57e84a8d,/data2/chenyi9/KV-PIM/attacc-fugue/output/KVChime-multi-model-TP4-20260907/model-sweep/Fugue-asplos-raw/profiles/scan-N130-H7-Q1
scan-N132-H4-Q1,297,0.228393,6,144,144,1474560,6559744.0,160,4,84f9d48eb59fc3346ceb14aaca66634813b47259d3df9a818934684fbad353d6,/data2/chenyi9/KV-PIM/attacc-fugue/output/KVChime-multi-model-TP4-20260907/model-sweep/Fugue-asplos-raw/profiles/scan-N132-H4-Q1
scan-N130-H7-Q2,403,0.309907,7,252,504,2580480,11604992.000000002,560,14,f39c25207cde6708a9841df064304add884b51113c902f7763a5055adcd36837,/data2/chenyi9/KV-PIM/attacc-fugue/output/KVChime-multi-model-TP4-20260907/model-sweep/Fugue-asplos-raw/profiles/scan-N130-H7-Q2
scan-N132-H2-Q8,973,0.7482369999999999,8,72,576,737280,3530752.0,640,16,3ba22a6bd8c8716d54e52648f9f747a52f91b5cd6673855f40365610bf9061a5,/data2/chenyi9/KV-PIM/attacc-fugue/output/KVChime-multi-model-TP4-20260907/model-sweep/Fugue-asplos-raw/profiles/scan-N132-H2-Q8
scan-N130-H8-Q2,403,0.309907,7,288,576,2949120,13262848.0,640,16,cfc802bbbc4607b9842c02272f232665b462ef7ea8202a134761f2fd30784235,/data2/chenyi9/KV-PIM/attacc-fugue/output/KVChime-multi-model-TP4-20260907/model-sweep/Fugue-asplos-raw/profiles/scan-N130-H8-Q2
scan-N132-H4-Q4,573,0.440637,7,144,576,1474560,6774784.0,640,16,b197c7645830b9ab374a146b15c47a9dfcd656d28d0f52db6e47791641bf821c,/data2/chenyi9/KV-PIM/attacc-fugue/output/KVChime-multi-model-TP4-20260907/model-sweep/Fugue-asplos-raw/profiles/scan-N132-H4-Q4
scan-N136-H2-Q1,297,0.228393,6,72,72,737280,3279872.0,80,2,bd5e34d8027c8ec49efaab38cce56af5552663ae4ff41ca6fb1e37bf851534b2,/data2/chenyi9/KV-PIM/attacc-fugue/output/KVChime-multi-model-TP4-20260907/model-sweep/Fugue-asplos-raw/profiles/scan-N136-H2-Q1
scan-N132-H7-Q1,297,0.228393,6,252,252,2580480,11479552.000000002,280,7,43d2f5023405b15f3815745c917065691e9180bc5912f569a71c1cbf57e84a8d,/data2/chenyi9/KV-PIM/attacc-fugue/output/KVChime-multi-model-TP4-20260907/model-sweep/Fugue-asplos-raw/profiles/scan-N132-H7-Q1
scan-N136-H2-Q8,973,0.7482369999999999,8,72,576,737280,3530752.0,640,16,3ba22a6bd8c8716d54e52648f9f747a52f91b5cd6673855f40365610bf9061a5,/data2/chenyi9/KV-PIM/attacc-fugue/output/KVChime-multi-model-TP4-20260907/model-sweep/Fugue-asplos-raw/profiles/scan-N136-H2-Q8
scan-N132-H8-Q1,297,0.228393,6,288,288,2949120,13119488.0,320,8,c909fe2a134ae8872b293ad625c5373b359ff2cd87a524c74d8f280c381c94c0,/data2/chenyi9/KV-PIM/attacc-fugue/output/KVChime-multi-model-TP4-20260907/model-sweep/Fugue-asplos-raw/profiles/scan-N132-H8-Q1
scan-N136-H4-Q1,297,0.228393,6,144,144,1474560,6559744.0,160,4,84f9d48eb59fc3346ceb14aaca66634813b47259d3df9a818934684fbad353d6,/data2/chenyi9/KV-PIM/attacc-fugue/output/KVChime-multi-model-TP4-20260907/model-sweep/Fugue-asplos-raw/profiles/scan-N136-H4-Q1
scan-N132-H7-Q4,573,0.440637,7,252,1008,2580480,11855872.000000002,1120,28,1c445ef423627166816adc54edcab8e47a5cbeaced84e975d92fafccc1bf817a,/data2/chenyi9/KV-PIM/attacc-fugue/output/KVChime-multi-model-TP4-20260907/model-sweep/Fugue-asplos-raw/profiles/scan-N132-H7-Q4
scan-N136-H4-Q8,975,0.749775,8,144,1152,1474560,7061504.0,1280,32,85e5222668102d65835eec64fd1ce3efce313da3ffb803a32e37daad6edf1e0e,/data2/chenyi9/KV-PIM/attacc-fugue/output/KVChime-multi-model-TP4-20260907/model-sweep/Fugue-asplos-raw/profiles/scan-N136-H4-Q8
scan-N132-H8-Q4,573,0.440637,7,288,1152,2949120,13549568.0,1280,32,364ca925dd0171bd4693c016c9b92f595f0085b9272b9ebdad74534ef90a47f1,/data2/chenyi9/KV-PIM/attacc-fugue/output/KVChime-multi-model-TP4-20260907/model-sweep/Fugue-asplos-raw/profiles/scan-N132-H8-Q4
scan-N136-H7-Q1,297,0.228393,6,252,252,2580480,11479552.000000002,280,7,43d2f5023405b15f3815745c917065691e9180bc5912f569a71c1cbf57e84a8d,/data2/chenyi9/KV-PIM/attacc-fugue/output/KVChime-multi-model-TP4-20260907/model-sweep/Fugue-asplos-raw/profiles/scan-N136-H7-Q1
scan-N140-H2-Q1,297,0.228393,6,72,72,737280,3279872.0,80,2,bd5e34d8027c8ec49efaab38cce56af5552663ae4ff41ca6fb1e37bf851534b2,/data2/chenyi9/KV-PIM/attacc-fugue/output/KVChime-multi-model-TP4-20260907/model-sweep/Fugue-asplos-raw/profiles/scan-N140-H2-Q1
scan-N136-H7-Q8,975,0.749775,8,252,2016,2580480,12357632.000000002,2240,56,50b0c247adbab4a010569c19d2f4bec597b8e4f4b28bae9113ec4ec83ae765f7,/data2/chenyi9/KV-PIM/attacc-fugue/output/KVChime-multi-model-TP4-20260907/model-sweep/Fugue-asplos-raw/profiles/scan-N136-H7-Q8
scan-N140-H4-Q1,297,0.228393,6,144,144,1474560,6559744.0,160,4,84f9d48eb59fc3346ceb14aaca66634813b47259d3df9a818934684fbad353d6,/data2/chenyi9/KV-PIM/attacc-fugue/output/KVChime-multi-model-TP4-20260907/model-sweep/Fugue-asplos-raw/profiles/scan-N140-H4-Q1
scan-N140-H2-Q8,973,0.7482369999999999,8,72,576,737280,3530752.0,640,16,3ba22a6bd8c8716d54e52648f9f747a52f91b5cd6673855f40365610bf9061a5,/data2/chenyi9/KV-PIM/attacc-fugue/output/KVChime-multi-model-TP4-20260907/model-sweep/Fugue-asplos-raw/profiles/scan-N140-H2-Q8
scan-N140-H4-Q4,573,0.440637,7,144,576,1474560,6774784.0,640,16,b197c7645830b9ab374a146b15c47a9dfcd656d28d0f52db6e47791641bf821c,/data2/chenyi9/KV-PIM/attacc-fugue/output/KVChime-multi-model-TP4-20260907/model-sweep/Fugue-asplos-raw/profiles/scan-N140-H4-Q4
scan-N136-H8-Q1,297,0.228393,6,288,288,2949120,13119488.0,320,8,c909fe2a134ae8872b293ad625c5373b359ff2cd87a524c74d8f280c381c94c0,/data2/chenyi9/KV-PIM/attacc-fugue/output/KVChime-multi-model-TP4-20260907/model-sweep/Fugue-asplos-raw/profiles/scan-N136-H8-Q1
scan-N136-H8-Q8,975,0.749775,8,288,2304,2949120,14123008.0,2560,64,677777550e6073cfa5ffc4895f6b682d765cb4476fbd7ec7b9ea87ec359c3465,/data2/chenyi9/KV-PIM/attacc-fugue/output/KVChime-multi-model-TP4-20260907/model-sweep/Fugue-asplos-raw/profiles/scan-N136-H8-Q8
scan-N140-H7-Q1,297,0.228393,6,252,252,2580480,11479552.000000002,280,7,43d2f5023405b15f3815745c917065691e9180bc5912f569a71c1cbf57e84a8d,/data2/chenyi9/KV-PIM/attacc-fugue/output/KVChime-multi-model-TP4-20260907/model-sweep/Fugue-asplos-raw/profiles/scan-N140-H7-Q1
scan-N140-H4-Q8,975,0.749775,8,144,1152,1474560,7061504.0,1280,32,85e5222668102d65835eec64fd1ce3efce313da3ffb803a32e37daad6edf1e0e,/data2/chenyi9/KV-PIM/attacc-fugue/output/KVChime-multi-model-TP4-20260907/model-sweep/Fugue-asplos-raw/profiles/scan-N140-H4-Q8
scan-N144-H2-Q1,297,0.228393,6,72,72,737280,3279872.0,80,2,bd5e34d8027c8ec49efaab38cce56af5552663ae4ff41ca6fb1e37bf851534b2,/data2/chenyi9/KV-PIM/attacc-fugue/output/KVChime-multi-model-TP4-20260907/model-sweep/Fugue-asplos-raw/profiles/scan-N144-H2-Q1
scan-N140-H8-Q1,297,0.228393,6,288,288,2949120,13119488.0,320,8,c909fe2a134ae8872b293ad625c5373b359ff2cd87a524c74d8f280c381c94c0,/data2/chenyi9/KV-PIM/attacc-fugue/output/KVChime-multi-model-TP4-20260907/model-sweep/Fugue-asplos-raw/profiles/scan-N140-H8-Q1
scan-N144-H2-Q8,973,0.7482369999999999,8,72,576,737280,3530752.0,640,16,3ba22a6bd8c8716d54e52648f9f747a52f91b5cd6673855f40365610bf9061a5,/data2/chenyi9/KV-PIM/attacc-fugue/output/KVChime-multi-model-TP4-20260907/model-sweep/Fugue-asplos-raw/profiles/scan-N144-H2-Q8
scan-N140-H7-Q4,573,0.440637,7,252,1008,2580480,11855872.000000002,1120,28,1c445ef423627166816adc54edcab8e47a5cbeaced84e975d92fafccc1bf817a,/data2/chenyi9/KV-PIM/attacc-fugue/output/KVChime-multi-model-TP4-20260907/model-sweep/Fugue-asplos-raw/profiles/scan-N140-H7-Q4
scan-N140-H8-Q4,573,0.440637,7,288,1152,2949120,13549568.0,1280,32,364ca925dd0171bd4693c016c9b92f595f0085b9272b9ebdad74534ef90a47f1,/data2/chenyi9/KV-PIM/attacc-fugue/output/KVChime-multi-model-TP4-20260907/model-sweep/Fugue-asplos-raw/profiles/scan-N140-H8-Q4
scan-N140-H7-Q8,975,0.749775,8,252,2016,2580480,12357632.000000002,2240,56,50b0c247adbab4a010569c19d2f4bec597b8e4f4b28bae9113ec4ec83ae765f7,/data2/chenyi9/KV-PIM/attacc-fugue/output/KVChime-multi-model-TP4-20260907/model-sweep/Fugue-asplos-raw/profiles/scan-N140-H7-Q8
scan-N144-H4-Q1,297,0.228393,6,144,144,1474560,6559744.0,160,4,84f9d48eb59fc3346ceb14aaca66634813b47259d3df9a818934684fbad353d6,/data2/chenyi9/KV-PIM/attacc-fugue/output/KVChime-multi-model-TP4-20260907/model-sweep/Fugue-asplos-raw/profiles/scan-N144-H4-Q1
scan-N144-H7-Q1,297,0.228393,6,252,252,2580480,11479552.000000002,280,7,43d2f5023405b15f3815745c917065691e9180bc5912f569a71c1cbf57e84a8d,/data2/chenyi9/KV-PIM/attacc-fugue/output/KVChime-multi-model-TP4-20260907/model-sweep/Fugue-asplos-raw/profiles/scan-N144-H7-Q1
scan-N140-H8-Q8,975,0.749775,8,288,2304,2949120,14123008.0,2560,64,677777550e6073cfa5ffc4895f6b682d765cb4476fbd7ec7b9ea87ec359c3465,/data2/chenyi9/KV-PIM/attacc-fugue/output/KVChime-multi-model-TP4-20260907/model-sweep/Fugue-asplos-raw/profiles/scan-N140-H8-Q8
scan-N144-H4-Q8,975,0.749775,8,144,1152,1474560,7061504.0,1280,32,85e5222668102d65835eec64fd1ce3efce313da3ffb803a32e37daad6edf1e0e,/data2/chenyi9/KV-PIM/attacc-fugue/output/KVChime-multi-model-TP4-20260907/model-sweep/Fugue-asplos-raw/profiles/scan-N144-H4-Q8
scan-N144-H8-Q1,297,0.228393,6,288,288,2949120,13119488.0,320,8,c909fe2a134ae8872b293ad625c5373b359ff2cd87a524c74d8f280c381c94c0,/data2/chenyi9/KV-PIM/attacc-fugue/output/KVChime-multi-model-TP4-20260907/model-sweep/Fugue-asplos-raw/profiles/scan-N144-H8-Q1
scan-N152-H2-Q1,321,0.246849,6,80,80,819200,3640320.0,80,2,dd2bd362816f5b84daf57c399a33fd9acfe0607fe380f83725d7c493f96a4d91,/data2/chenyi9/KV-PIM/attacc-fugue/output/KVChime-multi-model-TP4-20260907/model-sweep/Fugue-asplos-raw/profiles/scan-N152-H2-Q1
scan-N152-H4-Q1,321,0.246849,6,160,160,1638400,7280640.0,160,4,5c76e838542395459fbe214990d7e3958a2011875761dfd36c9398d0e25e5641,/data2/chenyi9/KV-PIM/attacc-fugue/output/KVChime-multi-model-TP4-20260907/model-sweep/Fugue-asplos-raw/profiles/scan-N152-H4-Q1
scan-N152-H2-Q8,997,0.766693,8,80,640,819200,3891200.0,640,16,1bee2338f5a881704e93a233418d5b60bb4527c0c466cfb5dd386ccbf8b7a5e0,/data2/chenyi9/KV-PIM/attacc-fugue/output/KVChime-multi-model-TP4-20260907/model-sweep/Fugue-asplos-raw/profiles/scan-N152-H2-Q8
scan-N144-H7-Q8,975,0.749775,8,252,2016,2580480,12357632.000000002,2240,56,50b0c247adbab4a010569c19d2f4bec597b8e4f4b28bae9113ec4ec83ae765f7,/data2/chenyi9/KV-PIM/attacc-fugue/output/KVChime-multi-model-TP4-20260907/model-sweep/Fugue-asplos-raw/profiles/scan-N144-H7-Q8
scan-N152-H7-Q1,321,0.246849,6,280,280,2867200,12741120.0,280,7,8865657678126a494b2ff6a169563e5258286f9bea9d44a6cea4d2cb76e5902b,/data2/chenyi9/KV-PIM/attacc-fugue/output/KVChime-multi-model-TP4-20260907/model-sweep/Fugue-asplos-raw/profiles/scan-N152-H7-Q1
scan-N152-H4-Q8,999,0.768231,8,160,1280,1638400,7782400.0,1280,32,22e21892bdb84abb3c888ac8c130e5f857b61c25dbe7507ac74fcfa6b5fad42f,/data2/chenyi9/KV-PIM/attacc-fugue/output/KVChime-multi-model-TP4-20260907/model-sweep/Fugue-asplos-raw/profiles/scan-N152-H4-Q8
scan-N144-H8-Q8,975,0.749775,8,288,2304,2949120,14123008.0,2560,64,677777550e6073cfa5ffc4895f6b682d765cb4476fbd7ec7b9ea87ec359c3465,/data2/chenyi9/KV-PIM/attacc-fugue/output/KVChime-multi-model-TP4-20260907/model-sweep/Fugue-asplos-raw/profiles/scan-N144-H8-Q8
scan-N152-H8-Q1,321,0.246849,6,320,320,3276800,14561280.0,320,8,622321ef7e495f42ebe0a61121f9c61bd1b690e6f73bb9da77c50b3f58534dee,/data2/chenyi9/KV-PIM/attacc-fugue/output/KVChime-multi-model-TP4-20260907/model-sweep/Fugue-asplos-raw/profiles/scan-N152-H8-Q1
scan-N160-H2-Q1,321,0.246849,6,80,80,819200,3640320.0,80,2,dd2bd362816f5b84daf57c399a33fd9acfe0607fe380f83725d7c493f96a4d91,/data2/chenyi9/KV-PIM/attacc-fugue/output/KVChime-multi-model-TP4-20260907/model-sweep/Fugue-asplos-raw/profiles/scan-N160-H2-Q1
scan-N152-H7-Q8,999,0.768231,8,280,2240,2867200,13619200.0,2240,56,96756c32c0dd8bebbf12a557753827977d1471b934076882843aaaca68356de3,/data2/chenyi9/KV-PIM/attacc-fugue/output/KVChime-multi-model-TP4-20260907/model-sweep/Fugue-asplos-raw/profiles/scan-N152-H7-Q8
scan-N160-H2-Q8,997,0.766693,8,80,640,819200,3891200.0,640,16,1bee2338f5a881704e93a233418d5b60bb4527c0c466cfb5dd386ccbf8b7a5e0,/data2/chenyi9/KV-PIM/attacc-fugue/output/KVChime-multi-model-TP4-20260907/model-sweep/Fugue-asplos-raw/profiles/scan-N160-H2-Q8
scan-N160-H4-Q8,999,0.768231,8,160,1280,1638400,7782400.0,1280,32,22e21892bdb84abb3c888ac8c130e5f857b61c25dbe7507ac74fcfa6b5fad42f,/data2/chenyi9/KV-PIM/attacc-fugue/output/KVChime-multi-model-TP4-20260907/model-sweep/Fugue-asplos-raw/profiles/scan-N160-H4-Q8
scan-N160-H4-Q1,321,0.246849,6,160,160,1638400,7280640.0,160,4,5c76e838542395459fbe214990d7e3958a2011875761dfd36c9398d0e25e5641,/data2/chenyi9/KV-PIM/attacc-fugue/output/KVChime-multi-model-TP4-20260907/model-sweep/Fugue-asplos-raw/profiles/scan-N160-H4-Q1
scan-N160-H8-Q1,321,0.246849,6,320,320,3276800,14561280.0,320,8,622321ef7e495f42ebe0a61121f9c61bd1b690e6f73bb9da77c50b3f58534dee,/data2/chenyi9/KV-PIM/attacc-fugue/output/KVChime-multi-model-TP4-20260907/model-sweep/Fugue-asplos-raw/profiles/scan-N160-H8-Q1
scan-N152-H8-Q8,999,0.768231,8,320,2560,3276800,15564800.0,2560,64,568619ed97e74ed799411dfc50403556a2e3231ba5dfc783b95bdfb6f5d0a08f,/data2/chenyi9/KV-PIM/attacc-fugue/output/KVChime-multi-model-TP4-20260907/model-sweep/Fugue-asplos-raw/profiles/scan-N152-H8-Q8
scan-N160-H7-Q1,321,0.246849,6,280,280,2867200,12741120.0,280,7,8865657678126a494b2ff6a169563e5258286f9bea9d44a6cea4d2cb76e5902b,/data2/chenyi9/KV-PIM/attacc-fugue/output/KVChime-multi-model-TP4-20260907/model-sweep/Fugue-asplos-raw/profiles/scan-N160-H7-Q1
scan-N176-H2-Q1,345,0.265305,6,88,88,901120,4000768.0000000005,80,2,e0511ea54dcb33eb801e96eadc81b6853e36eca4a53f8c90db8af702ca64dfaf,/data2/chenyi9/KV-PIM/attacc-fugue/output/KVChime-multi-model-TP4-20260907/model-sweep/Fugue-asplos-raw/profiles/scan-N176-H2-Q1
scan-N176-H2-Q8,1023,0.786687,8,88,704,901120,4251648.0,640,16,858c3be3b123fe10604e340cddfbc0632b747cfc7badacd373b848c76193dfa2,/data2/chenyi9/KV-PIM/attacc-fugue/output/KVChime-multi-model-TP4-20260907/model-sweep/Fugue-asplos-raw/profiles/scan-N176-H2-Q8
scan-N176-H4-Q1,345,0.265305,6,176,176,1802240,8001536.000000001,160,4,dc75ee516d34a40ddc2f61369a48160f8e5f242f7e6d9f31d6a334d783716484,/data2/chenyi9/KV-PIM/attacc-fugue/output/KVChime-multi-model-TP4-20260907/model-sweep/Fugue-asplos-raw/profiles/scan-N176-H4-Q1
scan-N160-H7-Q8,999,0.768231,8,280,2240,2867200,13619200.0,2240,56,96756c32c0dd8bebbf12a557753827977d1471b934076882843aaaca68356de3,/data2/chenyi9/KV-PIM/attacc-fugue/output/KVChime-multi-model-TP4-20260907/model-sweep/Fugue-asplos-raw/profiles/scan-N160-H7-Q8
scan-N176-H4-Q8,1025,0.7882250000000001,8,176,1408,1802240,8503296.0,1280,32,583e51b44ec3ffe24d3f77489a1a15829f2423d5e5c773c12c42acae9ee32bc4,/data2/chenyi9/KV-PIM/attacc-fugue/output/KVChime-multi-model-TP4-20260907/model-sweep/Fugue-asplos-raw/profiles/scan-N176-H4-Q8
scan-N176-H7-Q1,345,0.265305,6,308,308,3153920,14002688.0,280,7,27ebeee43016c82016599b18e3910d918aa259691311c9a8c0651eaed137080d,/data2/chenyi9/KV-PIM/attacc-fugue/output/KVChime-multi-model-TP4-20260907/model-sweep/Fugue-asplos-raw/profiles/scan-N176-H7-Q1
scan-N176-H8-Q1,345,0.265305,6,352,352,3604480,16003072.000000002,320,8,3be3c62ba17463797e4451a49ffa80097e057f57064313cdc5f48549f3558d3a,/data2/chenyi9/KV-PIM/attacc-fugue/output/KVChime-multi-model-TP4-20260907/model-sweep/Fugue-asplos-raw/profiles/scan-N176-H8-Q1
scan-N160-H8-Q8,999,0.768231,8,320,2560,3276800,15564800.0,2560,64,568619ed97e74ed799411dfc50403556a2e3231ba5dfc783b95bdfb6f5d0a08f,/data2/chenyi9/KV-PIM/attacc-fugue/output/KVChime-multi-model-TP4-20260907/model-sweep/Fugue-asplos-raw/profiles/scan-N160-H8-Q8
scan-N192-H2-Q8,1049,0.8066810000000001,8,96,768,983040,4612096.0,640,16,bcf7c0b619fd0e5705eb0265f1f27d074335cc41e868cf155b360726bd87c517,/data2/chenyi9/KV-PIM/attacc-fugue/output/KVChime-multi-model-TP4-20260907/model-sweep/Fugue-asplos-raw/profiles/scan-N192-H2-Q8
scan-N192-H2-Q1,369,0.28376100000000004,6,96,96,983040,4361216.0,80,2,0add613c9b85114697768f305a91b2dc2ccaad36faaafaa3d3c05981c764d546,/data2/chenyi9/KV-PIM/attacc-fugue/output/KVChime-multi-model-TP4-20260907/model-sweep/Fugue-asplos-raw/profiles/scan-N192-H2-Q1
scan-N176-H7-Q8,1027,0.789763,8,308,2464,3153920,14880768.0,2240,56,c64aaac0c97f972e05f95a5acc4038c32d4350a9bd3b9c124b201db6881d79c3,/data2/chenyi9/KV-PIM/attacc-fugue/output/KVChime-multi-model-TP4-20260907/model-sweep/Fugue-asplos-raw/profiles/scan-N176-H7-Q8
scan-N192-H4-Q1,369,0.28376100000000004,6,192,192,1966080,8722432.0,160,4,2b5a4b787753980a456560c24bc2567b388df9aaafca18d0f6d555bab8750367,/data2/chenyi9/KV-PIM/attacc-fugue/output/KVChime-multi-model-TP4-20260907/model-sweep/Fugue-asplos-raw/profiles/scan-N192-H4-Q1
scan-N176-H8-Q8,1027,0.789763,8,352,2816,3604480,17006592.0,2560,64,f8119ebb6c7a1b9cc2467ec97ddaca7d15d5778f4503c6b914ecb8d11fd88ec7,/data2/chenyi9/KV-PIM/attacc-fugue/output/KVChime-multi-model-TP4-20260907/model-sweep/Fugue-asplos-raw/profiles/scan-N176-H8-Q8
scan-N192-H7-Q1,369,0.28376100000000004,6,336,336,3440640,15264256.0,280,7,1a5d3c4eb332e505b626bfeaadc418c6af5aad99c808603f3989150d98ec18a9,/data2/chenyi9/KV-PIM/attacc-fugue/output/KVChime-multi-model-TP4-20260907/model-sweep/Fugue-asplos-raw/profiles/scan-N192-H7-Q1
scan-N192-H4-Q8,1053,0.8097570000000001,8,192,1536,1966080,9224192.0,1280,32,89453801f668ef2c68844d7beaa3ced72393441868b98f8a37d35c98d97d6e99,/data2/chenyi9/KV-PIM/attacc-fugue/output/KVChime-multi-model-TP4-20260907/model-sweep/Fugue-asplos-raw/profiles/scan-N192-H4-Q8
scan-N192-H8-Q1,369,0.28376100000000004,6,384,384,3932160,17444864.0,320,8,5026614f010bcf5f85467f072cbf9614996d03e46ec8ff4082b4184cdf13608b,/data2/chenyi9/KV-PIM/attacc-fugue/output/KVChime-multi-model-TP4-20260907/model-sweep/Fugue-asplos-raw/profiles/scan-N192-H8-Q1
scan-N224-H2-Q1,417,0.320673,6,112,112,1146880,5082112.000000001,80,2,d84a3cdda5884220efc72f0de634cc81951dba69a0902e864bf7d75ba43f7356,/data2/chenyi9/KV-PIM/attacc-fugue/output/KVChime-multi-model-TP4-20260907/model-sweep/Fugue-asplos-raw/profiles/scan-N224-H2-Q1
scan-N192-H7-Q8,1055,0.8112950000000001,8,336,2688,3440640,16142336.0,2240,56,57503d225d66b21a00fc799f5e8e5756a5238fabbe785a60f9349d4699a852f9,/data2/chenyi9/KV-PIM/attacc-fugue/output/KVChime-multi-model-TP4-20260907/model-sweep/Fugue-asplos-raw/profiles/scan-N192-H7-Q8
scan-N224-H4-Q1,417,0.320673,6,224,224,2293760,10164224.000000002,160,4,7c56cb28c7d11274cc5378f9b73d7350cf3d7d2b6db5af459f9094d34d3cf9f5,/data2/chenyi9/KV-PIM/attacc-fugue/output/KVChime-multi-model-TP4-20260907/model-sweep/Fugue-asplos-raw/profiles/scan-N224-H4-Q1
scan-N224-H2-Q8,1107,0.851283,8,112,896,1146880,5332992.000000001,640,16,4acbc0a2aba75edc76c247b9d720dd598c1797a03662765e11d57dd5be656598,/data2/chenyi9/KV-PIM/attacc-fugue/output/KVChime-multi-model-TP4-20260907/model-sweep/Fugue-asplos-raw/profiles/scan-N224-H2-Q8
scan-N192-H8-Q8,1055,0.8112950000000001,8,384,3072,3932160,18448384.0,2560,64,8a033a04a6f356c1e58898f4e3e782ef8bb1575badf0b6cc506313aceca2b910,/data2/chenyi9/KV-PIM/attacc-fugue/output/KVChime-multi-model-TP4-20260907/model-sweep/Fugue-asplos-raw/profiles/scan-N192-H8-Q8
scan-N224-H4-Q8,1109,0.852821,8,224,1792,2293760,10665984.000000002,1280,32,ba0e39b77ac2b71f71150c2d5c59aeee1b88a708a22b63b106216d4a35bcc88a,/data2/chenyi9/KV-PIM/attacc-fugue/output/KVChime-multi-model-TP4-20260907/model-sweep/Fugue-asplos-raw/profiles/scan-N224-H4-Q8
scan-N224-H7-Q1,417,0.320673,6,392,392,4014080,17787392.0,280,7,d64d3922a31f42765f626f2ef06f704e726670fe29f2dd79af8b7741fe8f5f75,/data2/chenyi9/KV-PIM/attacc-fugue/output/KVChime-multi-model-TP4-20260907/model-sweep/Fugue-asplos-raw/profiles/scan-N224-H7-Q1
scan-N224-H8-Q1,417,0.320673,6,448,448,4587520,20328448.000000004,320,8,ed874c6a9898e8d3e346ea1f2f6c756f01fcb0c8066e30aae7ae963ad3f25220,/data2/chenyi9/KV-PIM/attacc-fugue/output/KVChime-multi-model-TP4-20260907/model-sweep/Fugue-asplos-raw/profiles/scan-N224-H8-Q1
scan-N224-H7-Q8,1109,0.852821,8,392,3136,4014080,18665472.0,2240,56,a23d8e9d05f154ba8ee793ce273559174f7a280829ff2fee68f9fd151e4d2ac8,/data2/chenyi9/KV-PIM/attacc-fugue/output/KVChime-multi-model-TP4-20260907/model-sweep/Fugue-asplos-raw/profiles/scan-N224-H7-Q8
scan-N256-H2-Q1,465,0.357585,6,128,128,1310720,5803008.0,80,2,fcfc013fa92a5280057f1824d45bcdd778d3cadb6a50d99f407975b600665b7a,/data2/chenyi9/KV-PIM/attacc-fugue/output/KVChime-multi-model-TP4-20260907/model-sweep/Fugue-asplos-raw/profiles/scan-N256-H2-Q1
scan-N256-H4-Q1,465,0.357585,6,256,256,2621440,11606016.0,160,4,670f6d25017bb106b55fdb2559d4c17ac0f26d02410c3953d1d47a1916205565,/data2/chenyi9/KV-PIM/attacc-fugue/output/KVChime-multi-model-TP4-20260907/model-sweep/Fugue-asplos-raw/profiles/scan-N256-H4-Q1
scan-N256-H2-Q8,1171,0.900499,8,128,1024,1310720,6053888.0,640,16,91c87112e0f6fbea7edfbd62a897754eac9707b6a6e851ca6e2067f5e5757bfc,/data2/chenyi9/KV-PIM/attacc-fugue/output/KVChime-multi-model-TP4-20260907/model-sweep/Fugue-asplos-raw/profiles/scan-N256-H2-Q8
scan-N224-H8-Q8,1109,0.852821,8,448,3584,4587520,21331968.000000004,2560,64,9c9a5961d9eb5a9607e1412a51a79de28c419ff8d3025747f7075436ee72b4f5,/data2/chenyi9/KV-PIM/attacc-fugue/output/KVChime-multi-model-TP4-20260907/model-sweep/Fugue-asplos-raw/profiles/scan-N224-H8-Q8
scan-N256-H4-Q8,1173,0.9020370000000001,8,256,2048,2621440,12107776.0,1280,32,8a3568688ad0b12d6e79574e6f93be9ca358b4932b0d9bf122126003d75e150e,/data2/chenyi9/KV-PIM/attacc-fugue/output/KVChime-multi-model-TP4-20260907/model-sweep/Fugue-asplos-raw/profiles/scan-N256-H4-Q8
scan-N256-H7-Q1,465,0.357585,6,448,448,4587520,20310528.000000004,280,7,3c9599c22d6246156e1927b25666596a708afa5a563cdd1cac4fbeadc6010eb1,/data2/chenyi9/KV-PIM/attacc-fugue/output/KVChime-multi-model-TP4-20260907/model-sweep/Fugue-asplos-raw/profiles/scan-N256-H7-Q1
scan-N257-H2-Q4,937,0.720553,7,136,544,1392640,6327091.200000001,448,8,4b046bd1713a177f1fee9cc34994a44ee54012aa6513bf24d80556920b2cd5f6,/data2/chenyi9/KV-PIM/attacc-fugue/output/KVChime-multi-model-TP4-20260907/model-sweep/Fugue-asplos-raw/profiles/scan-N257-H2-Q4
scan-N256-H8-Q1,465,0.357585,6,512,512,5242880,23212032.0,320,8,f553f703f7d2b02384244639cd5086024211b5903565c2687e1b24980aef7456,/data2/chenyi9/KV-PIM/attacc-fugue/output/KVChime-multi-model-TP4-20260907/model-sweep/Fugue-asplos-raw/profiles/scan-N256-H8-Q1
scan-N257-H2-Q1,579,0.445251,6,136,136,1392640,6177484.800000001,112,2,e4dac5148c6a9cd1dd64340b95092d1e48ae78e25d1634a7b8b40c91d8da4453,/data2/chenyi9/KV-PIM/attacc-fugue/output/KVChime-multi-model-TP4-20260907/model-sweep/Fugue-asplos-raw/profiles/scan-N257-H2-Q1
scan-N256-H7-Q8,1173,0.9020370000000001,8,448,3584,4587520,21188608.000000004,2240,56,9157ab083928976e4bdc22f3c6422bf2b23fe8c124b9c74b1f0de0fa44a8d90c,/data2/chenyi9/KV-PIM/attacc-fugue/output/KVChime-multi-model-TP4-20260907/model-sweep/Fugue-asplos-raw/profiles/scan-N256-H7-Q8
scan-N256-H8-Q8,1173,0.9020370000000001,8,512,4096,5242880,24215552.0,2560,64,57c49e79d5a6f05d351fbb60b87df1c1755f5e2984a9e9b390a299b4499a1b1b,/data2/chenyi9/KV-PIM/attacc-fugue/output/KVChime-multi-model-TP4-20260907/model-sweep/Fugue-asplos-raw/profiles/scan-N256-H8-Q8
scan-N258-H2-Q1,579,0.445251,6,136,136,1392640,6177484.800000001,112,2,e4dac5148c6a9cd1dd64340b95092d1e48ae78e25d1634a7b8b40c91d8da4453,/data2/chenyi9/KV-PIM/attacc-fugue/output/KVChime-multi-model-TP4-20260907/model-sweep/Fugue-asplos-raw/profiles/scan-N258-H2-Q1
scan-N257-H4-Q1,579,0.445251,6,272,272,2785280,12354969.600000001,224,4,a593fd2648545cff7b27bb855102f24f5cab20be454609f8686c8471690b9329,/data2/chenyi9/KV-PIM/attacc-fugue/output/KVChime-multi-model-TP4-20260907/model-sweep/Fugue-asplos-raw/profiles/scan-N257-H4-Q1
scan-N257-H7-Q1,579,0.445251,6,476,476,4874240,21621196.8,392,7,a3f1de5ed61b21c26b1b54c89f63a2d7cd280878dfceec1bced79f2c9fc30ec4,/data2/chenyi9/KV-PIM/attacc-fugue/output/KVChime-multi-model-TP4-20260907/model-sweep/Fugue-asplos-raw/profiles/scan-N257-H7-Q1
scan-N258-H2-Q8,1457,1.120433,8,136,1088,1392640,6526566.400000001,896,16,15ce3b7a1b41b4ededd9452604959aff950fb1eba9e71a5422cc787d5290e162,/data2/chenyi9/KV-PIM/attacc-fugue/output/KVChime-multi-model-TP4-20260907/model-sweep/Fugue-asplos-raw/profiles/scan-N258-H2-Q8
scan-N258-H4-Q1,579,0.445251,6,272,272,2785280,12354969.600000001,224,4,a593fd2648545cff7b27bb855102f24f5cab20be454609f8686c8471690b9329,/data2/chenyi9/KV-PIM/attacc-fugue/output/KVChime-multi-model-TP4-20260907/model-sweep/Fugue-asplos-raw/profiles/scan-N258-H4-Q1
scan-N257-H8-Q1,579,0.445251,6,544,544,5570560,24709939.200000003,448,8,0a75a9ecae863eb64cbeed4419fb4f0fe8ebe5e5311de7c65883de45a824d779,/data2/chenyi9/KV-PIM/attacc-fugue/output/KVChime-multi-model-TP4-20260907/model-sweep/Fugue-asplos-raw/profiles/scan-N257-H8-Q1
scan-N258-H4-Q2,731,0.562139,7,272,544,2785280,12454707.200000003,448,8,edfe436c86b54c201fab338253df84ee1fdcba6699a1072b527045128490a9ad,/data2/chenyi9/KV-PIM/attacc-fugue/output/KVChime-multi-model-TP4-20260907/model-sweep/Fugue-asplos-raw/profiles/scan-N258-H4-Q2
scan-N258-H7-Q1,579,0.445251,6,476,476,4874240,21621196.8,392,7,a3f1de5ed61b21c26b1b54c89f63a2d7cd280878dfceec1bced79f2c9fc30ec4,/data2/chenyi9/KV-PIM/attacc-fugue/output/KVChime-multi-model-TP4-20260907/model-sweep/Fugue-asplos-raw/profiles/scan-N258-H7-Q1
scan-N260-H2-Q1,579,0.445251,6,136,136,1392640,6177484.800000001,112,2,e4dac5148c6a9cd1dd64340b95092d1e48ae78e25d1634a7b8b40c91d8da4453,/data2/chenyi9/KV-PIM/attacc-fugue/output/KVChime-multi-model-TP4-20260907/model-sweep/Fugue-asplos-raw/profiles/scan-N260-H2-Q1
scan-N258-H8-Q1,579,0.445251,6,544,544,5570560,24709939.200000003,448,8,0a75a9ecae863eb64cbeed4419fb4f0fe8ebe5e5311de7c65883de45a824d779,/data2/chenyi9/KV-PIM/attacc-fugue/output/KVChime-multi-model-TP4-20260907/model-sweep/Fugue-asplos-raw/profiles/scan-N258-H8-Q1
scan-N258-H7-Q2,731,0.562139,7,476,952,4874240,21795737.6,784,14,8bcae713d0922f17c3d0db41492527bba55e75056e49e5807e263a3fbb1a1b72,/data2/chenyi9/KV-PIM/attacc-fugue/output/KVChime-multi-model-TP4-20260907/model-sweep/Fugue-asplos-raw/profiles/scan-N258-H7-Q2
scan-N260-H2-Q8,1457,1.120433,8,136,1088,1392640,6526566.400000001,896,16,15ce3b7a1b41b4ededd9452604959aff950fb1eba9e71a5422cc787d5290e162,/data2/chenyi9/KV-PIM/attacc-fugue/output/KVChime-multi-model-TP4-20260907/model-sweep/Fugue-asplos-raw/profiles/scan-N260-H2-Q8
scan-N260-H4-Q1,579,0.445251,6,272,272,2785280,12354969.600000001,224,4,a593fd2648545cff7b27bb855102f24f5cab20be454609f8686c8471690b9329,/data2/chenyi9/KV-PIM/attacc-fugue/output/KVChime-multi-model-TP4-20260907/model-sweep/Fugue-asplos-raw/profiles/scan-N260-H4-Q1
scan-N260-H4-Q4,937,0.720553,7,272,1088,2785280,12654182.400000002,896,16,6e13d2e462b038531cfe1b3f5f78bc72a9977c0bbd2ca7e2b651ef0b664346d9,/data2/chenyi9/KV-PIM/attacc-fugue/output/KVChime-multi-model-TP4-20260907/model-sweep/Fugue-asplos-raw/profiles/scan-N260-H4-Q4
scan-N258-H8-Q2,731,0.562139,7,544,1088,5570560,24909414.400000006,896,16,3495f14d56f199779c21f3d5b76471d5e7a578ec7b3a6b281dc91a6e66cd71d2,/data2/chenyi9/KV-PIM/attacc-fugue/output/KVChime-multi-model-TP4-20260907/model-sweep/Fugue-asplos-raw/profiles/scan-N258-H8-Q2
scan-N260-H7-Q1,579,0.445251,6,476,476,4874240,21621196.8,392,7,a3f1de5ed61b21c26b1b54c89f63a2d7cd280878dfceec1bced79f2c9fc30ec4,/data2/chenyi9/KV-PIM/attacc-fugue/output/KVChime-multi-model-TP4-20260907/model-sweep/Fugue-asplos-raw/profiles/scan-N260-H7-Q1
scan-N260-H8-Q1,579,0.445251,6,544,544,5570560,24709939.200000003,448,8,0a75a9ecae863eb64cbeed4419fb4f0fe8ebe5e5311de7c65883de45a824d779,/data2/chenyi9/KV-PIM/attacc-fugue/output/KVChime-multi-model-TP4-20260907/model-sweep/Fugue-asplos-raw/profiles/scan-N260-H8-Q1
scan-N264-H2-Q8,1457,1.120433,8,136,1088,1392640,6526566.400000001,896,16,15ce3b7a1b41b4ededd9452604959aff950fb1eba9e71a5422cc787d5290e162,/data2/chenyi9/KV-PIM/attacc-fugue/output/KVChime-multi-model-TP4-20260907/model-sweep/Fugue-asplos-raw/profiles/scan-N264-H2-Q8
scan-N264-H4-Q1,579,0.445251,6,272,272,2785280,12354969.600000001,224,4,a593fd2648545cff7b27bb855102f24f5cab20be454609f8686c8471690b9329,/data2/chenyi9/KV-PIM/attacc-fugue/output/KVChime-multi-model-TP4-20260907/model-sweep/Fugue-asplos-raw/profiles/scan-N264-H4-Q1
scan-N264-H2-Q1,579,0.445251,6,136,136,1392640,6177484.800000001,112,2,e4dac5148c6a9cd1dd64340b95092d1e48ae78e25d1634a7b8b40c91d8da4453,/data2/chenyi9/KV-PIM/attacc-fugue/output/KVChime-multi-model-TP4-20260907/model-sweep/Fugue-asplos-raw/profiles/scan-N264-H2-Q1
scan-N260-H7-Q4,937,0.720553,7,476,1904,4874240,22144819.2,1568,28,f48a5018d1591335514fd557807dca29a434af90f6aa80ea3130a1fc2d0d639f,/data2/chenyi9/KV-PIM/attacc-fugue/output/KVChime-multi-model-TP4-20260907/model-sweep/Fugue-asplos-raw/profiles/scan-N260-H7-Q4
scan-N264-H4-Q8,1459,1.121971,8,272,2176,2785280,13053132.800000003,1792,32,4602e92e73a0edc72b77b7901e828e0b5ec4bede8c4756927305b197a8c89f92,/data2/chenyi9/KV-PIM/attacc-fugue/output/KVChime-multi-model-TP4-20260907/model-sweep/Fugue-asplos-raw/profiles/scan-N264-H4-Q8
scan-N260-H8-Q4,937,0.720553,7,544,2176,5570560,25308364.800000004,1792,32,574b581cb4125d56f5e0878f01c4f2f43ad4273534497d066136af63698fa5d8,/data2/chenyi9/KV-PIM/attacc-fugue/output/KVChime-multi-model-TP4-20260907/model-sweep/Fugue-asplos-raw/profiles/scan-N260-H8-Q4
scan-N264-H7-Q1,579,0.445251,6,476,476,4874240,21621196.8,392,7,a3f1de5ed61b21c26b1b54c89f63a2d7cd280878dfceec1bced79f2c9fc30ec4,/data2/chenyi9/KV-PIM/attacc-fugue/output/KVChime-multi-model-TP4-20260907/model-sweep/Fugue-asplos-raw/profiles/scan-N264-H7-Q1
scan-N268-H2-Q1,579,0.445251,6,136,136,1392640,6177484.800000001,112,2,e4dac5148c6a9cd1dd64340b95092d1e48ae78e25d1634a7b8b40c91d8da4453,/data2/chenyi9/KV-PIM/attacc-fugue/output/KVChime-multi-model-TP4-20260907/model-sweep/Fugue-asplos-raw/profiles/scan-N268-H2-Q1
scan-N268-H2-Q8,1457,1.120433,8,136,1088,1392640,6526566.400000001,896,16,15ce3b7a1b41b4ededd9452604959aff950fb1eba9e71a5422cc787d5290e162,/data2/chenyi9/KV-PIM/attacc-fugue/output/KVChime-multi-model-TP4-20260907/model-sweep/Fugue-asplos-raw/profiles/scan-N268-H2-Q8
scan-N264-H8-Q1,579,0.445251,6,544,544,5570560,24709939.200000003,448,8,0a75a9ecae863eb64cbeed4419fb4f0fe8ebe5e5311de7c65883de45a824d779,/data2/chenyi9/KV-PIM/attacc-fugue/output/KVChime-multi-model-TP4-20260907/model-sweep/Fugue-asplos-raw/profiles/scan-N264-H8-Q1
scan-N268-H4-Q1,579,0.445251,6,272,272,2785280,12354969.600000001,224,4,a593fd2648545cff7b27bb855102f24f5cab20be454609f8686c8471690b9329,/data2/chenyi9/KV-PIM/attacc-fugue/output/KVChime-multi-model-TP4-20260907/model-sweep/Fugue-asplos-raw/profiles/scan-N268-H4-Q1
scan-N264-H7-Q8,1459,1.121971,8,476,3808,4874240,22842982.400000002,3136,56,b22208dc10c32faed96a1a0f7b123f91603e1db186478c337c83ee2d63e7d1bb,/data2/chenyi9/KV-PIM/attacc-fugue/output/KVChime-multi-model-TP4-20260907/model-sweep/Fugue-asplos-raw/profiles/scan-N264-H7-Q8
scan-N268-H4-Q4,937,0.720553,7,272,1088,2785280,12654182.400000002,896,16,6e13d2e462b038531cfe1b3f5f78bc72a9977c0bbd2ca7e2b651ef0b664346d9,/data2/chenyi9/KV-PIM/attacc-fugue/output/KVChime-multi-model-TP4-20260907/model-sweep/Fugue-asplos-raw/profiles/scan-N268-H4-Q4
scan-N268-H7-Q1,579,0.445251,6,476,476,4874240,21621196.8,392,7,a3f1de5ed61b21c26b1b54c89f63a2d7cd280878dfceec1bced79f2c9fc30ec4,/data2/chenyi9/KV-PIM/attacc-fugue/output/KVChime-multi-model-TP4-20260907/model-sweep/Fugue-asplos-raw/profiles/scan-N268-H7-Q1
scan-N264-H8-Q8,1459,1.121971,8,544,4352,5570560,26106265.600000005,3584,64,e9557b07b63411a1757343de37c74bdcd8e6fd5723eb88cb89ba2bade5088289,/data2/chenyi9/KV-PIM/attacc-fugue/output/KVChime-multi-model-TP4-20260907/model-sweep/Fugue-asplos-raw/profiles/scan-N264-H8-Q8
scan-N268-H4-Q8,1459,1.121971,8,272,2176,2785280,13053132.800000003,1792,32,4602e92e73a0edc72b77b7901e828e0b5ec4bede8c4756927305b197a8c89f92,/data2/chenyi9/KV-PIM/attacc-fugue/output/KVChime-multi-model-TP4-20260907/model-sweep/Fugue-asplos-raw/profiles/scan-N268-H4-Q8
scan-N268-H7-Q4,937,0.720553,7,476,1904,4874240,22144819.2,1568,28,f48a5018d1591335514fd557807dca29a434af90f6aa80ea3130a1fc2d0d639f,/data2/chenyi9/KV-PIM/attacc-fugue/output/KVChime-multi-model-TP4-20260907/model-sweep/Fugue-asplos-raw/profiles/scan-N268-H7-Q4
scan-N272-H2-Q1,579,0.445251,6,136,136,1392640,6177484.800000001,112,2,e4dac5148c6a9cd1dd64340b95092d1e48ae78e25d1634a7b8b40c91d8da4453,/data2/chenyi9/KV-PIM/attacc-fugue/output/KVChime-multi-model-TP4-20260907/model-sweep/Fugue-asplos-raw/profiles/scan-N272-H2-Q1
scan-N268-H8-Q1,579,0.445251,6,544,544,5570560,24709939.200000003,448,8,0a75a9ecae863eb64cbeed4419fb4f0fe8ebe5e5311de7c65883de45a824d779,/data2/chenyi9/KV-PIM/attacc-fugue/output/KVChime-multi-model-TP4-20260907/model-sweep/Fugue-asplos-raw/profiles/scan-N268-H8-Q1
scan-N268-H7-Q8,1459,1.121971,8,476,3808,4874240,22842982.400000002,3136,56,b22208dc10c32faed96a1a0f7b123f91603e1db186478c337c83ee2d63e7d1bb,/data2/chenyi9/KV-PIM/attacc-fugue/output/KVChime-multi-model-TP4-20260907/model-sweep/Fugue-asplos-raw/profiles/scan-N268-H7-Q8
scan-N272-H4-Q1,579,0.445251,6,272,272,2785280,12354969.600000001,224,4,a593fd2648545cff7b27bb855102f24f5cab20be454609f8686c8471690b9329,/data2/chenyi9/KV-PIM/attacc-fugue/output/KVChime-multi-model-TP4-20260907/model-sweep/Fugue-asplos-raw/profiles/scan-N272-H4-Q1
scan-N272-H2-Q8,1457,1.120433,8,136,1088,1392640,6526566.400000001,896,16,15ce3b7a1b41b4ededd9452604959aff950fb1eba9e71a5422cc787d5290e162,/data2/chenyi9/KV-PIM/attacc-fugue/output/KVChime-multi-model-TP4-20260907/model-sweep/Fugue-asplos-raw/profiles/scan-N272-H2-Q8
scan-N268-H8-Q4,937,0.720553,7,544,2176,5570560,25308364.800000004,1792,32,574b581cb4125d56f5e0878f01c4f2f43ad4273534497d066136af63698fa5d8,/data2/chenyi9/KV-PIM/attacc-fugue/output/KVChime-multi-model-TP4-20260907/model-sweep/Fugue-asplos-raw/profiles/scan-N268-H8-Q4
scan-N268-H8-Q8,1459,1.121971,8,544,4352,5570560,26106265.600000005,3584,64,e9557b07b63411a1757343de37c74bdcd8e6fd5723eb88cb89ba2bade5088289,/data2/chenyi9/KV-PIM/attacc-fugue/output/KVChime-multi-model-TP4-20260907/model-sweep/Fugue-asplos-raw/profiles/scan-N268-H8-Q8
scan-N272-H4-Q8,1459,1.121971,8,272,2176,2785280,13053132.800000003,1792,32,4602e92e73a0edc72b77b7901e828e0b5ec4bede8c4756927305b197a8c89f92,/data2/chenyi9/KV-PIM/attacc-fugue/output/KVChime-multi-model-TP4-20260907/model-sweep/Fugue-asplos-raw/profiles/scan-N272-H4-Q8
scan-N272-H7-Q1,579,0.445251,6,476,476,4874240,21621196.8,392,7,a3f1de5ed61b21c26b1b54c89f63a2d7cd280878dfceec1bced79f2c9fc30ec4,/data2/chenyi9/KV-PIM/attacc-fugue/output/KVChime-multi-model-TP4-20260907/model-sweep/Fugue-asplos-raw/profiles/scan-N272-H7-Q1
scan-N280-H2-Q1,594,0.456786,6,144,144,1474560,6537932.800000001,112,2,5154e99980cd92276a371d5a2b3736aa302256dbf9257f00f6c44fb55210bb7f,/data2/chenyi9/KV-PIM/attacc-fugue/output/KVChime-multi-model-TP4-20260907/model-sweep/Fugue-asplos-raw/profiles/scan-N280-H2-Q1
scan-N272-H8-Q1,579,0.445251,6,544,544,5570560,24709939.200000003,448,8,0a75a9ecae863eb64cbeed4419fb4f0fe8ebe5e5311de7c65883de45a824d779,/data2/chenyi9/KV-PIM/attacc-fugue/output/KVChime-multi-model-TP4-20260907/model-sweep/Fugue-asplos-raw/profiles/scan-N272-H8-Q1
scan-N272-H7-Q8,1459,1.121971,8,476,3808,4874240,22842982.400000002,3136,56,b22208dc10c32faed96a1a0f7b123f91603e1db186478c337c83ee2d63e7d1bb,/data2/chenyi9/KV-PIM/attacc-fugue/output/KVChime-multi-model-TP4-20260907/model-sweep/Fugue-asplos-raw/profiles/scan-N272-H7-Q8
scan-N280-H2-Q8,1473,1.132737,8,144,1152,1474560,6887014.4,896,16,7812df5495ece1f813b6fa4d6ae8072056e76683fbdfe1eeed9e879c0bf9d925,/data2/chenyi9/KV-PIM/attacc-fugue/output/KVChime-multi-model-TP4-20260907/model-sweep/Fugue-asplos-raw/profiles/scan-N280-H2-Q8
scan-N280-H4-Q1,594,0.456786,6,288,288,2949120,13075865.600000001,224,4,271146a955d17676d93d84039a2585e3e0d43d578756cbc730dee8ce7c478800,/data2/chenyi9/KV-PIM/attacc-fugue/output/KVChime-multi-model-TP4-20260907/model-sweep/Fugue-asplos-raw/profiles/scan-N280-H4-Q1
scan-N272-H8-Q8,1459,1.121971,8,544,4352,5570560,26106265.600000005,3584,64,e9557b07b63411a1757343de37c74bdcd8e6fd5723eb88cb89ba2bade5088289,/data2/chenyi9/KV-PIM/attacc-fugue/output/KVChime-multi-model-TP4-20260907/model-sweep/Fugue-asplos-raw/profiles/scan-N272-H8-Q8
scan-N280-H7-Q1,594,0.456786,6,504,504,5160960,22882764.800000004,392,7,ed79a938660f65bee6fc415691441356ba05944ea176a59dbf5767e4d4f9c052,/data2/chenyi9/KV-PIM/attacc-fugue/output/KVChime-multi-model-TP4-20260907/model-sweep/Fugue-asplos-raw/profiles/scan-N280-H7-Q1
scan-N280-H4-Q8,1479,1.1373510000000002,8,288,2304,2949120,13774028.8,1792,32,cba6dc27de4a5724e3f309ac738e4b8113cc823b8a6a73790d690e22b46317f0,/data2/chenyi9/KV-PIM/attacc-fugue/output/KVChime-multi-model-TP4-20260907/model-sweep/Fugue-asplos-raw/profiles/scan-N280-H4-Q8
scan-N288-H2-Q1,594,0.456786,6,144,144,1474560,6537932.800000001,112,2,5154e99980cd92276a371d5a2b3736aa302256dbf9257f00f6c44fb55210bb7f,/data2/chenyi9/KV-PIM/attacc-fugue/output/KVChime-multi-model-TP4-20260907/model-sweep/Fugue-asplos-raw/profiles/scan-N288-H2-Q1
scan-N288-H2-Q8,1473,1.132737,8,144,1152,1474560,6887014.4,896,16,7812df5495ece1f813b6fa4d6ae8072056e76683fbdfe1eeed9e879c0bf9d925,/data2/chenyi9/KV-PIM/attacc-fugue/output/KVChime-multi-model-TP4-20260907/model-sweep/Fugue-asplos-raw/profiles/scan-N288-H2-Q8
scan-N280-H8-Q1,594,0.456786,6,576,576,5898240,26151731.200000003,448,8,4b50a8ca14b40aba371cfb1ce0f53cd6d7a357675c6a15f4db6e586d2fd3c092,/data2/chenyi9/KV-PIM/attacc-fugue/output/KVChime-multi-model-TP4-20260907/model-sweep/Fugue-asplos-raw/profiles/scan-N280-H8-Q1
scan-N288-H4-Q1,594,0.456786,6,288,288,2949120,13075865.600000001,224,4,271146a955d17676d93d84039a2585e3e0d43d578756cbc730dee8ce7c478800,/data2/chenyi9/KV-PIM/attacc-fugue/output/KVChime-multi-model-TP4-20260907/model-sweep/Fugue-asplos-raw/profiles/scan-N288-H4-Q1
scan-N280-H7-Q8,1479,1.1373510000000002,8,504,4032,5160960,24104550.400000006,3136,56,f5028f845ddc88215dac3e97e32ad77fb284478425ea3291a7b530848d9c3db7,/data2/chenyi9/KV-PIM/attacc-fugue/output/KVChime-multi-model-TP4-20260907/model-sweep/Fugue-asplos-raw/profiles/scan-N280-H7-Q8
scan-N288-H7-Q1,594,0.456786,6,504,504,5160960,22882764.800000004,392,7,ed79a938660f65bee6fc415691441356ba05944ea176a59dbf5767e4d4f9c052,/data2/chenyi9/KV-PIM/attacc-fugue/output/KVChime-multi-model-TP4-20260907/model-sweep/Fugue-asplos-raw/profiles/scan-N288-H7-Q1
scan-N288-H4-Q8,1479,1.1373510000000002,8,288,2304,2949120,13774028.8,1792,32,cba6dc27de4a5724e3f309ac738e4b8113cc823b8a6a73790d690e22b46317f0,/data2/chenyi9/KV-PIM/attacc-fugue/output/KVChime-multi-model-TP4-20260907/model-sweep/Fugue-asplos-raw/profiles/scan-N288-H4-Q8
scan-N304-H2-Q1,618,0.475242,6,152,152,1556480,6898380.800000001,112,2,566486a2ed482e4c2cf7085a1a398c44ab024a3bdf819247c5dc76a8c9fe74d1,/data2/chenyi9/KV-PIM/attacc-fugue/output/KVChime-multi-model-TP4-20260907/model-sweep/Fugue-asplos-raw/profiles/scan-N304-H2-Q1
scan-N280-H8-Q8,1479,1.1373510000000002,8,576,4608,5898240,27548057.6,3584,64,ede551428bebfa7ddfa184621948e82c53483c52d83c93ed397c78b69b88ba08,/data2/chenyi9/KV-PIM/attacc-fugue/output/KVChime-multi-model-TP4-20260907/model-sweep/Fugue-asplos-raw/profiles/scan-N280-H8-Q8
scan-N288-H8-Q1,594,0.456786,6,576,576,5898240,26151731.200000003,448,8,4b50a8ca14b40aba371cfb1ce0f53cd6d7a357675c6a15f4db6e586d2fd3c092,/data2/chenyi9/KV-PIM/attacc-fugue/output/KVChime-multi-model-TP4-20260907/model-sweep/Fugue-asplos-raw/profiles/scan-N288-H8-Q1
scan-N304-H2-Q8,1493,1.148117,8,152,1216,1556480,7247462.400000001,896,16,46c968c5b771aa60893eaac164e86fa12fb577e4caa2d57d0a4fe9df7943c006,/data2/chenyi9/KV-PIM/attacc-fugue/output/KVChime-multi-model-TP4-20260907/model-sweep/Fugue-asplos-raw/profiles/scan-N304-H2-Q8
scan-N288-H7-Q8,1479,1.1373510000000002,8,504,4032,5160960,24104550.400000006,3136,56,f5028f845ddc88215dac3e97e32ad77fb284478425ea3291a7b530848d9c3db7,/data2/chenyi9/KV-PIM/attacc-fugue/output/KVChime-multi-model-TP4-20260907/model-sweep/Fugue-asplos-raw/profiles/scan-N288-H7-Q8
scan-N304-H4-Q1,618,0.475242,6,304,304,3112960,13796761.600000001,224,4,e73f182f70c12a916a1910a9b20e090ab4b20f6b9c03b4cdfc633d4548709a4c,/data2/chenyi9/KV-PIM/attacc-fugue/output/KVChime-multi-model-TP4-20260907/model-sweep/Fugue-asplos-raw/profiles/scan-N304-H4-Q1
scan-N288-H8-Q8,1479,1.1373510000000002,8,576,4608,5898240,27548057.6,3584,64,ede551428bebfa7ddfa184621948e82c53483c52d83c93ed397c78b69b88ba08,/data2/chenyi9/KV-PIM/attacc-fugue/output/KVChime-multi-model-TP4-20260907/model-sweep/Fugue-asplos-raw/profiles/scan-N288-H8-Q8
scan-N304-H4-Q8,1491,1.146579,8,304,2432,3112960,14494924.800000003,1792,32,b4cd821b802b3dd47bc02b2e28aa42380a21d54ac7109e1b0f6cc08b3f48494b,/data2/chenyi9/KV-PIM/attacc-fugue/output/KVChime-multi-model-TP4-20260907/model-sweep/Fugue-asplos-raw/profiles/scan-N304-H4-Q8
scan-N304-H7-Q1,618,0.475242,6,532,532,5447680,24144332.800000004,392,7,094bcc947e6218c415450e8b509a3d54f5906f9199ba8bcd0faf9d89a2270ecc,/data2/chenyi9/KV-PIM/attacc-fugue/output/KVChime-multi-model-TP4-20260907/model-sweep/Fugue-asplos-raw/profiles/scan-N304-H7-Q1
scan-N320-H2-Q1,642,0.493698,6,160,160,1638400,7258828.8,112,2,a3142339a950a5d9812bc0476049a7f7bf9cb6efcb718e6076bb023688aa4cbd,/data2/chenyi9/KV-PIM/attacc-fugue/output/KVChime-multi-model-TP4-20260907/model-sweep/Fugue-asplos-raw/profiles/scan-N320-H2-Q1
scan-N304-H8-Q1,618,0.475242,6,608,608,6225920,27593523.200000003,448,8,edd5007f58bd4f794f3aa168355196af143e051166b92221e27f69aa4915845d,/data2/chenyi9/KV-PIM/attacc-fugue/output/KVChime-multi-model-TP4-20260907/model-sweep/Fugue-asplos-raw/profiles/scan-N304-H8-Q1
scan-N320-H2-Q8,1509,1.1604210000000001,8,160,1280,1638400,7607910.4,896,16,e124b920ac73161d7d0ccefe7bf3947a48bf7223120fc5f5f72b51a3c32aa873,/data2/chenyi9/KV-PIM/attacc-fugue/output/KVChime-multi-model-TP4-20260907/model-sweep/Fugue-asplos-raw/profiles/scan-N320-H2-Q8
scan-N304-H7-Q8,1495,1.1496549999999999,8,532,4256,5447680,25366118.400000002,3136,56,32017b35363237ff10f13439145de90600c7c106d5169865f9598fef912e8b32,/data2/chenyi9/KV-PIM/attacc-fugue/output/KVChime-multi-model-TP4-20260907/model-sweep/Fugue-asplos-raw/profiles/scan-N304-H7-Q8
scan-N320-H4-Q1,642,0.493698,6,320,320,3276800,14517657.6,224,4,b845c2fdd8d50ab0e7560500969120fdaae9cc7304494c5a9f24b185ffc76d04,/data2/chenyi9/KV-PIM/attacc-fugue/output/KVChime-multi-model-TP4-20260907/model-sweep/Fugue-asplos-raw/profiles/scan-N320-H4-Q1
scan-N320-H4-Q8,1511,1.161959,8,320,2560,3276800,15215820.8,1792,32,cae837074a5402b0764e604a75544f34a4eeee4809d1a7911747400398926307,/data2/chenyi9/KV-PIM/attacc-fugue/output/KVChime-multi-model-TP4-20260907/model-sweep/Fugue-asplos-raw/profiles/scan-N320-H4-Q8
scan-N320-H7-Q1,642,0.493698,6,560,560,5734400,25405900.8,392,7,79d6c245c1e1189e0544710896e2394881a072a520ec66bdc14646c758550c90,/data2/chenyi9/KV-PIM/attacc-fugue/output/KVChime-multi-model-TP4-20260907/model-sweep/Fugue-asplos-raw/profiles/scan-N320-H7-Q1
scan-N352-H2-Q1,690,0.53061,6,176,176,1802240,7979724.800000001,112,2,95939791cd11a01ef70f842e9f8e8f78cd5b78406e63d10011aca9e3c141c84a,/data2/chenyi9/KV-PIM/attacc-fugue/output/KVChime-multi-model-TP4-20260907/model-sweep/Fugue-asplos-raw/profiles/scan-N352-H2-Q1
scan-N304-H8-Q8,1495,1.1496549999999999,8,608,4864,6225920,28989849.600000005,3584,64,64e0dfb1428f2cdc7f613809bf69cb07929a5fd1d3738f0ff3ae8d29b2d3f347,/data2/chenyi9/KV-PIM/attacc-fugue/output/KVChime-multi-model-TP4-20260907/model-sweep/Fugue-asplos-raw/profiles/scan-N304-H8-Q8
scan-N320-H8-Q1,642,0.493698,6,640,640,6553600,29035315.2,448,8,f9c51fa6207f434ef0a20e333b995e1c183cb51cee046a2500db2bc779b76559,/data2/chenyi9/KV-PIM/attacc-fugue/output/KVChime-multi-model-TP4-20260907/model-sweep/Fugue-asplos-raw/profiles/scan-N320-H8-Q1
scan-N352-H2-Q8,1545,1.188105,8,176,1408,1802240,8328806.400000001,896,16,dfc95aed141f78cc128f2a1111d1e3dc9d4047917ddfddc3385d56ea1a57be51,/data2/chenyi9/KV-PIM/attacc-fugue/output/KVChime-multi-model-TP4-20260907/model-sweep/Fugue-asplos-raw/profiles/scan-N352-H2-Q8
scan-N320-H7-Q8,1511,1.161959,8,560,4480,5734400,26627686.400000002,3136,56,c2e606453d135714120cb221c7305168e7b7b8a3f8377fd304e8ffd6efca725a,/data2/chenyi9/KV-PIM/attacc-fugue/output/KVChime-multi-model-TP4-20260907/model-sweep/Fugue-asplos-raw/profiles/scan-N320-H7-Q8
scan-N352-H4-Q1,690,0.53061,6,352,352,3604480,15959449.600000001,224,4,027302f28dfcd7f78df7828fc782993521514575c2c03cd3018ec5ffa165dab2,/data2/chenyi9/KV-PIM/attacc-fugue/output/KVChime-multi-model-TP4-20260907/model-sweep/Fugue-asplos-raw/profiles/scan-N352-H4-Q1
scan-N320-H8-Q8,1511,1.161959,8,640,5120,6553600,30431641.6,3584,64,a070e4d8159ea56990135206e467e2448eb4f9fe88ef08da7d26a861733610ae,/data2/chenyi9/KV-PIM/attacc-fugue/output/KVChime-multi-model-TP4-20260907/model-sweep/Fugue-asplos-raw/profiles/scan-N320-H8-Q8
scan-N352-H4-Q8,1543,1.186567,8,352,2816,3604480,16657612.800000003,1792,32,d6cbc5ca27caea61b54d4a197511848a636fa96003b794fb23981504c3af76ed,/data2/chenyi9/KV-PIM/attacc-fugue/output/KVChime-multi-model-TP4-20260907/model-sweep/Fugue-asplos-raw/profiles/scan-N352-H4-Q8
scan-N384-H2-Q1,738,0.5675220000000001,6,192,192,1966080,8700620.8,112,2,5feeed40c3c5342baf7e6e079f764cfc63970c2123606e935e937f600e76a752,/data2/chenyi9/KV-PIM/attacc-fugue/output/KVChime-multi-model-TP4-20260907/model-sweep/Fugue-asplos-raw/profiles/scan-N384-H2-Q1
scan-N352-H7-Q1,690,0.53061,6,616,616,6307840,27929036.8,392,7,4fe67a5cf4e39fc0faf3a5607cc99feb7fdf9f13fa5aca4bfc98b73181f6f962,/data2/chenyi9/KV-PIM/attacc-fugue/output/KVChime-multi-model-TP4-20260907/model-sweep/Fugue-asplos-raw/profiles/scan-N352-H7-Q1
scan-N352-H8-Q1,690,0.53061,6,704,704,7208960,31918899.200000003,448,8,cbc2ebf0f4d06ace7c47f39009b33d7fc6fab08a8cb67bb5675603b71c6b80a4,/data2/chenyi9/KV-PIM/attacc-fugue/output/KVChime-multi-model-TP4-20260907/model-sweep/Fugue-asplos-raw/profiles/scan-N352-H8-Q1
scan-N384-H2-Q8,1605,1.234245,8,192,1536,1966080,9049702.4,896,16,96bd98b1b432b8168ce5fdd3006a485a284ed3e41fb73d41f19175ed849d9765,/data2/chenyi9/KV-PIM/attacc-fugue/output/KVChime-multi-model-TP4-20260907/model-sweep/Fugue-asplos-raw/profiles/scan-N384-H2-Q8
scan-N384-H4-Q1,738,0.5675220000000001,6,384,384,3932160,17401241.6,224,4,e4533dfeb0b6634692dec804fb0cd1dd56007c53d0e050bb175a8d873d4d6860,/data2/chenyi9/KV-PIM/attacc-fugue/output/KVChime-multi-model-TP4-20260907/model-sweep/Fugue-asplos-raw/profiles/scan-N384-H4-Q1
scan-N352-H7-Q8,1547,1.189643,8,616,4928,6307840,29150822.400000002,3136,56,652aa0dbaf0c0ed7ce3b1ed61d07529f4b0a1b5b3190d4b3742f441de9781a4a,/data2/chenyi9/KV-PIM/attacc-fugue/output/KVChime-multi-model-TP4-20260907/model-sweep/Fugue-asplos-raw/profiles/scan-N352-H7-Q8
scan-N352-H8-Q8,1547,1.189643,8,704,5632,7208960,33315225.600000005,3584,64,67e36934e4fcc8916819b4bf8025ab9e3927bbddbae1d6cf8f058c38087dec57,/data2/chenyi9/KV-PIM/attacc-fugue/output/KVChime-multi-model-TP4-20260907/model-sweep/Fugue-asplos-raw/profiles/scan-N352-H8-Q8
scan-N448-H2-Q1,834,0.641346,6,224,224,2293760,10142412.8,112,2,a0bdec1f10f9e52b925489dd31babdfb21c47163162dd88da9696739c23e81ab,/data2/chenyi9/KV-PIM/attacc-fugue/output/KVChime-multi-model-TP4-20260907/model-sweep/Fugue-asplos-raw/profiles/scan-N448-H2-Q1
scan-N384-H4-Q8,1609,1.2373210000000001,8,384,3072,3932160,18099404.8,1792,32,deb62a8eeaead1bf6f61fd441b91b502c61baddb088a140d8945be06efc9fb9a,/data2/chenyi9/KV-PIM/attacc-fugue/output/KVChime-multi-model-TP4-20260907/model-sweep/Fugue-asplos-raw/profiles/scan-N384-H4-Q8
scan-N384-H7-Q1,738,0.5675220000000001,6,672,672,6881280,30452172.800000004,392,7,68711d1bb31f6a0a217b1a9495e4fc6283886acdeca60e99e7de280e101cdb6f,/data2/chenyi9/KV-PIM/attacc-fugue/output/KVChime-multi-model-TP4-20260907/model-sweep/Fugue-asplos-raw/profiles/scan-N384-H7-Q1
scan-N384-H8-Q1,738,0.5675220000000001,6,768,768,7864320,34802483.2,448,8,46ba80c01fd3590f34d7654edf03f17f4ff349942be5947b574cfc0976964e62,/data2/chenyi9/KV-PIM/attacc-fugue/output/KVChime-multi-model-TP4-20260907/model-sweep/Fugue-asplos-raw/profiles/scan-N384-H8-Q1
scan-N448-H2-Q8,1733,1.3326770000000001,8,224,1792,2293760,10491494.400000002,896,16,bfdad483236715a02f51da427dd8a3bbd42bd028ea87c7117794bb1ffda7ed7e,/data2/chenyi9/KV-PIM/attacc-fugue/output/KVChime-multi-model-TP4-20260907/model-sweep/Fugue-asplos-raw/profiles/scan-N448-H2-Q8
scan-N384-H7-Q8,1611,1.238859,8,672,5376,6881280,31673958.400000002,3136,56,868771016c7f994c52df952a0d12d38b3f863b7eb5d80baabb63e1e92fc41213,/data2/chenyi9/KV-PIM/attacc-fugue/output/KVChime-multi-model-TP4-20260907/model-sweep/Fugue-asplos-raw/profiles/scan-N384-H7-Q8
scan-N448-H4-Q1,834,0.641346,6,448,448,4587520,20284825.6,224,4,66b7ef8abe1eda789e009ce699fab34b477875997546aa96e48a2cb5c1f638fd,/data2/chenyi9/KV-PIM/attacc-fugue/output/KVChime-multi-model-TP4-20260907/model-sweep/Fugue-asplos-raw/profiles/scan-N448-H4-Q1
scan-N384-H8-Q8,1611,1.238859,8,768,6144,7864320,36198809.6,3584,64,dc22a89db49818627d44f8d77f5859f3f09a432c4c087d62c15aa727c306217e,/data2/chenyi9/KV-PIM/attacc-fugue/output/KVChime-multi-model-TP4-20260907/model-sweep/Fugue-asplos-raw/profiles/scan-N384-H8-Q8
scan-N448-H4-Q8,1735,1.334215,8,448,3584,4587520,20982988.800000004,1792,32,5a04676bebf95fcbaf8dd0ba067f64e279a6744740998534ed16deb807560e6a,/data2/chenyi9/KV-PIM/attacc-fugue/output/KVChime-multi-model-TP4-20260907/model-sweep/Fugue-asplos-raw/profiles/scan-N448-H4-Q8
scan-N512-H2-Q1,930,0.71517,6,256,256,2621440,11584204.8,112,2,7a95cfd75a1e023edd1bf7e2654f116b882e075cf395afc9ad2acaf2689c44b7,/data2/chenyi9/KV-PIM/attacc-fugue/output/KVChime-multi-model-TP4-20260907/model-sweep/Fugue-asplos-raw/profiles/scan-N512-H2-Q1
scan-N448-H7-Q1,834,0.641346,6,784,784,8028160,35498444.800000004,392,7,936c91913f76909872eb44775d8c972ccbe8098b926a87ab9f3f4ed2af266b95,/data2/chenyi9/KV-PIM/attacc-fugue/output/KVChime-multi-model-TP4-20260907/model-sweep/Fugue-asplos-raw/profiles/scan-N448-H7-Q1
scan-N512-H2-Q8,1913,1.4710969999999999,8,256,2048,2621440,11933286.400000002,896,16,011b4d8832a25e872c33e2bf6720de9e0312abb1923a1b2726e827f6e26ed9f8,/data2/chenyi9/KV-PIM/attacc-fugue/output/KVChime-multi-model-TP4-20260907/model-sweep/Fugue-asplos-raw/profiles/scan-N512-H2-Q8
scan-N448-H8-Q1,834,0.641346,6,896,896,9175040,40569651.2,448,8,0653a0961ca4aeabde01af25bd1324df4d0bca9d7cb04a5ba12780915f9e40e4,/data2/chenyi9/KV-PIM/attacc-fugue/output/KVChime-multi-model-TP4-20260907/model-sweep/Fugue-asplos-raw/profiles/scan-N448-H8-Q1
scan-N448-H7-Q8,1735,1.334215,8,784,6272,8028160,36720230.400000006,3136,56,739ece5e702b0d859a1675b5e58827db9b6c7c13322843312a05a31a8aea1c35,/data2/chenyi9/KV-PIM/attacc-fugue/output/KVChime-multi-model-TP4-20260907/model-sweep/Fugue-asplos-raw/profiles/scan-N448-H7-Q8
scan-N512-H4-Q1,930,0.71517,6,512,512,5242880,23168409.6,224,4,131b6415a08a2d660608e0725d162515ccbbd428240d436cb5d7ef247d91a5cf,/data2/chenyi9/KV-PIM/attacc-fugue/output/KVChime-multi-model-TP4-20260907/model-sweep/Fugue-asplos-raw/profiles/scan-N512-H4-Q1
scan-N448-H8-Q8,1735,1.334215,8,896,7168,9175040,41965977.60000001,3584,64,e930b8e26536e612d7686a3ba316d5f58ecd9967ed2b9718ae40817baac24d84,/data2/chenyi9/KV-PIM/attacc-fugue/output/KVChime-multi-model-TP4-20260907/model-sweep/Fugue-asplos-raw/profiles/scan-N448-H8-Q8
scan-N512-H4-Q8,1919,1.475711,8,512,4096,5242880,23866572.800000004,1792,32,59c550d7557ef0d27fd78a1d1b587ccd5fb46d51dc638e8a612a5bdcf4587393,/data2/chenyi9/KV-PIM/attacc-fugue/output/KVChime-multi-model-TP4-20260907/model-sweep/Fugue-asplos-raw/profiles/scan-N512-H4-Q8
scan-N513-H2-Q1,1050,0.80745,6,264,264,2703360,11958681.600000001,144,2,c0ca3ece1934cb815e0313203200096f9dcbe0406e1869a1ead7070ee3128f3d,/data2/chenyi9/KV-PIM/attacc-fugue/output/KVChime-multi-model-TP4-20260907/model-sweep/Fugue-asplos-raw/profiles/scan-N513-H2-Q1
scan-N512-H7-Q1,930,0.71517,6,896,896,9175040,40544716.800000004,392,7,7f66e1d67d7cbc5f70acd39e3c6deb7b8fefe09fd1ad50c6dbdd25a28ced6572,/data2/chenyi9/KV-PIM/attacc-fugue/output/KVChime-multi-model-TP4-20260907/model-sweep/Fugue-asplos-raw/profiles/scan-N512-H7-Q1
scan-N513-H2-Q4,1527,1.1742629999999998,7,264,1056,2703360,12150374.400000002,576,8,39b0e1339920548d8c24272e582b56a932d126df83e35932fb2e196d7a4d9167,/data2/chenyi9/KV-PIM/attacc-fugue/output/KVChime-multi-model-TP4-20260907/model-sweep/Fugue-asplos-raw/profiles/scan-N513-H2-Q4
scan-N512-H8-Q1,930,0.71517,6,1024,1024,10485760,46336819.2,448,8,1b4d7d9d4a8bac8967bee3138118c00576fb78013d88474439fe1f5923dc256a,/data2/chenyi9/KV-PIM/attacc-fugue/output/KVChime-multi-model-TP4-20260907/model-sweep/Fugue-asplos-raw/profiles/scan-N512-H8-Q1
scan-N512-H7-Q8,1919,1.475711,8,896,7168,9175040,41766502.400000006,3136,56,1cf2dd4d7ca35e74aac698c2b215faf7b531a329a79a4346b37c127eba72ee85,/data2/chenyi9/KV-PIM/attacc-fugue/output/KVChime-multi-model-TP4-20260907/model-sweep/Fugue-asplos-raw/profiles/scan-N512-H7-Q8
scan-N513-H4-Q1,1050,0.80745,6,528,528,5406720,23917363.200000003,288,4,8e45d830a921f66a8926430c4382dd8b7baabad9ccc1f47a254e2ed0d3a8583a,/data2/chenyi9/KV-PIM/attacc-fugue/output/KVChime-multi-model-TP4-20260907/model-sweep/Fugue-asplos-raw/profiles/scan-N513-H4-Q1
scan-N514-H2-Q1,1050,0.80745,6,264,264,2703360,11958681.600000001,144,2,c0ca3ece1934cb815e0313203200096f9dcbe0406e1869a1ead7070ee3128f3d,/data2/chenyi9/KV-PIM/attacc-fugue/output/KVChime-multi-model-TP4-20260907/model-sweep/Fugue-asplos-raw/profiles/scan-N514-H2-Q1
scan-N514-H2-Q8,2199,1.691031,8,264,2112,2703360,12405964.800000003,1152,16,705d469ebefa5f42b80a7634493dd699748b00be16b31a3ab51b364c3c6699a1,/data2/chenyi9/KV-PIM/attacc-fugue/output/KVChime-multi-model-TP4-20260907/model-sweep/Fugue-asplos-raw/profiles/scan-N514-H2-Q8
scan-N512-H8-Q8,1919,1.475711,8,1024,8192,10485760,47733145.60000001,3584,64,2b0d2937378f6aad92d8c4becb01759b75621bca1152aad999d56171edc112e7,/data2/chenyi9/KV-PIM/attacc-fugue/output/KVChime-multi-model-TP4-20260907/model-sweep/Fugue-asplos-raw/profiles/scan-N512-H8-Q8
scan-N513-H7-Q1,1050,0.80745,6,924,924,9461760,41855385.60000001,504,7,13f59062b8187a8660e004464a10c2cfd14e1becaab4070a1df5f99feab0dfd9,/data2/chenyi9/KV-PIM/attacc-fugue/output/KVChime-multi-model-TP4-20260907/model-sweep/Fugue-asplos-raw/profiles/scan-N513-H7-Q1
scan-N514-H4-Q1,1050,0.80745,6,528,528,5406720,23917363.200000003,288,4,8e45d830a921f66a8926430c4382dd8b7baabad9ccc1f47a254e2ed0d3a8583a,/data2/chenyi9/KV-PIM/attacc-fugue/output/KVChime-multi-model-TP4-20260907/model-sweep/Fugue-asplos-raw/profiles/scan-N514-H4-Q1
scan-N513-H8-Q1,1050,0.80745,6,1056,1056,10813440,47834726.400000006,576,8,ef9304b4212174cf931a803b06cfd63ccafbf394059b8a4247437973a194edfd,/data2/chenyi9/KV-PIM/attacc-fugue/output/KVChime-multi-model-TP4-20260907/model-sweep/Fugue-asplos-raw/profiles/scan-N513-H8-Q1
scan-N514-H4-Q2,1289,0.991241,7,528,1056,5406720,24045158.400000002,576,8,751239dee000d17b3f6cd38ca12a03a129b353cfe84d009e592c0d2797d1d429,/data2/chenyi9/KV-PIM/attacc-fugue/output/KVChime-multi-model-TP4-20260907/model-sweep/Fugue-asplos-raw/profiles/scan-N514-H4-Q2
scan-N516-H2-Q1,1050,0.80745,6,264,264,2703360,11958681.600000001,144,2,c0ca3ece1934cb815e0313203200096f9dcbe0406e1869a1ead7070ee3128f3d,/data2/chenyi9/KV-PIM/attacc-fugue/output/KVChime-multi-model-TP4-20260907/model-sweep/Fugue-asplos-raw/profiles/scan-N516-H2-Q1
scan-N514-H7-Q1,1050,0.80745,6,924,924,9461760,41855385.60000001,504,7,13f59062b8187a8660e004464a10c2cfd14e1becaab4070a1df5f99feab0dfd9,/data2/chenyi9/KV-PIM/attacc-fugue/output/KVChime-multi-model-TP4-20260907/model-sweep/Fugue-asplos-raw/profiles/scan-N514-H7-Q1
scan-N516-H2-Q8,2199,1.691031,8,264,2112,2703360,12405964.800000003,1152,16,705d469ebefa5f42b80a7634493dd699748b00be16b31a3ab51b364c3c6699a1,/data2/chenyi9/KV-PIM/attacc-fugue/output/KVChime-multi-model-TP4-20260907/model-sweep/Fugue-asplos-raw/profiles/scan-N516-H2-Q8
scan-N516-H4-Q1,1050,0.80745,6,528,528,5406720,23917363.200000003,288,4,8e45d830a921f66a8926430c4382dd8b7baabad9ccc1f47a254e2ed0d3a8583a,/data2/chenyi9/KV-PIM/attacc-fugue/output/KVChime-multi-model-TP4-20260907/model-sweep/Fugue-asplos-raw/profiles/scan-N516-H4-Q1
scan-N514-H7-Q2,1289,0.991241,7,924,1848,9461760,42079027.2,1008,14,9f7b8757feea02e60151d5f1ea4090b5cb85238d6160c7e0651c82d39aa5761e,/data2/chenyi9/KV-PIM/attacc-fugue/output/KVChime-multi-model-TP4-20260907/model-sweep/Fugue-asplos-raw/profiles/scan-N514-H7-Q2
scan-N514-H8-Q1,1050,0.80745,6,1056,1056,10813440,47834726.400000006,576,8,ef9304b4212174cf931a803b06cfd63ccafbf394059b8a4247437973a194edfd,/data2/chenyi9/KV-PIM/attacc-fugue/output/KVChime-multi-model-TP4-20260907/model-sweep/Fugue-asplos-raw/profiles/scan-N514-H8-Q1
scan-N520-H2-Q1,1050,0.80745,6,264,264,2703360,11958681.600000001,144,2,c0ca3ece1934cb815e0313203200096f9dcbe0406e1869a1ead7070ee3128f3d,/data2/chenyi9/KV-PIM/attacc-fugue/output/KVChime-multi-model-TP4-20260907/model-sweep/Fugue-asplos-raw/profiles/scan-N520-H2-Q1
scan-N516-H4-Q4,1541,1.1850289999999999,7,528,2112,5406720,24300748.800000004,1152,16,6f521af3e1b25fecb0912f7cacb5bea2c68f68ee14c112d0b80a7defdddcefe0,/data2/chenyi9/KV-PIM/attacc-fugue/output/KVChime-multi-model-TP4-20260907/model-sweep/Fugue-asplos-raw/profiles/scan-N516-H4-Q4
scan-N514-H8-Q2,1289,0.991241,7,1056,2112,10813440,48090316.800000004,1152,16,c2be2a2ed5e57ea4e0f88eb91157a8aa0b203ba52ba83bbda2479e8e0031579d,/data2/chenyi9/KV-PIM/attacc-fugue/output/KVChime-multi-model-TP4-20260907/model-sweep/Fugue-asplos-raw/profiles/scan-N514-H8-Q2
scan-N516-H7-Q1,1050,0.80745,6,924,924,9461760,41855385.60000001,504,7,13f59062b8187a8660e004464a10c2cfd14e1becaab4070a1df5f99feab0dfd9,/data2/chenyi9/KV-PIM/attacc-fugue/output/KVChime-multi-model-TP4-20260907/model-sweep/Fugue-asplos-raw/profiles/scan-N516-H7-Q1
scan-N520-H2-Q8,2199,1.691031,8,264,2112,2703360,12405964.800000003,1152,16,705d469ebefa5f42b80a7634493dd699748b00be16b31a3ab51b364c3c6699a1,/data2/chenyi9/KV-PIM/attacc-fugue/output/KVChime-multi-model-TP4-20260907/model-sweep/Fugue-asplos-raw/profiles/scan-N520-H2-Q8
scan-N516-H8-Q1,1050,0.80745,6,1056,1056,10813440,47834726.400000006,576,8,ef9304b4212174cf931a803b06cfd63ccafbf394059b8a4247437973a194edfd,/data2/chenyi9/KV-PIM/attacc-fugue/output/KVChime-multi-model-TP4-20260907/model-sweep/Fugue-asplos-raw/profiles/scan-N516-H8-Q1
scan-N516-H7-Q4,1541,1.1850289999999999,7,924,3696,9461760,42526310.4,2016,28,52c88500ee6518c6ca544fc4e246d597f9a502a3028394f8f3000aee77238630,/data2/chenyi9/KV-PIM/attacc-fugue/output/KVChime-multi-model-TP4-20260907/model-sweep/Fugue-asplos-raw/profiles/scan-N516-H7-Q4
scan-N520-H4-Q1,1050,0.80745,6,528,528,5406720,23917363.200000003,288,4,8e45d830a921f66a8926430c4382dd8b7baabad9ccc1f47a254e2ed0d3a8583a,/data2/chenyi9/KV-PIM/attacc-fugue/output/KVChime-multi-model-TP4-20260907/model-sweep/Fugue-asplos-raw/profiles/scan-N520-H4-Q1
scan-N516-H8-Q4,1541,1.1850289999999999,7,1056,4224,10813440,48601497.60000001,2304,32,e87e1c4b21203a433d5938a4d8c36481594d78af5349c7ef94fa305e6932a376,/data2/chenyi9/KV-PIM/attacc-fugue/output/KVChime-multi-model-TP4-20260907/model-sweep/Fugue-asplos-raw/profiles/scan-N516-H8-Q4
scan-N524-H2-Q1,1050,0.80745,6,264,264,2703360,11958681.600000001,144,2,c0ca3ece1934cb815e0313203200096f9dcbe0406e1869a1ead7070ee3128f3d,/data2/chenyi9/KV-PIM/attacc-fugue/output/KVChime-multi-model-TP4-20260907/model-sweep/Fugue-asplos-raw/profiles/scan-N524-H2-Q1
scan-N520-H4-Q8,2209,1.698721,8,528,4224,5406720,24811929.600000005,2304,32,ae52a7a2e610c6e19e00f1d6b414acc476c7a267fcbccf20328d73358ddb5acb,/data2/chenyi9/KV-PIM/attacc-fugue/output/KVChime-multi-model-TP4-20260907/model-sweep/Fugue-asplos-raw/profiles/scan-N520-H4-Q8
scan-N520-H7-Q1,1050,0.80745,6,924,924,9461760,41855385.60000001,504,7,13f59062b8187a8660e004464a10c2cfd14e1becaab4070a1df5f99feab0dfd9,/data2/chenyi9/KV-PIM/attacc-fugue/output/KVChime-multi-model-TP4-20260907/model-sweep/Fugue-asplos-raw/profiles/scan-N520-H7-Q1
scan-N524-H2-Q8,2199,1.691031,8,264,2112,2703360,12405964.800000003,1152,16,705d469ebefa5f42b80a7634493dd699748b00be16b31a3ab51b364c3c6699a1,/data2/chenyi9/KV-PIM/attacc-fugue/output/KVChime-multi-model-TP4-20260907/model-sweep/Fugue-asplos-raw/profiles/scan-N524-H2-Q8
scan-N520-H8-Q1,1050,0.80745,6,1056,1056,10813440,47834726.400000006,576,8,ef9304b4212174cf931a803b06cfd63ccafbf394059b8a4247437973a194edfd,/data2/chenyi9/KV-PIM/attacc-fugue/output/KVChime-multi-model-TP4-20260907/model-sweep/Fugue-asplos-raw/profiles/scan-N520-H8-Q1
scan-N524-H4-Q1,1050,0.80745,6,528,528,5406720,23917363.200000003,288,4,8e45d830a921f66a8926430c4382dd8b7baabad9ccc1f47a254e2ed0d3a8583a,/data2/chenyi9/KV-PIM/attacc-fugue/output/KVChime-multi-model-TP4-20260907/model-sweep/Fugue-asplos-raw/profiles/scan-N524-H4-Q1
scan-N520-H7-Q8,2209,1.698721,8,924,7392,9461760,43420876.800000004,4032,56,66bdbcfb958afaf08431324ce3e0501e6401687927442ad25435e99b674b0fdc,/data2/chenyi9/KV-PIM/attacc-fugue/output/KVChime-multi-model-TP4-20260907/model-sweep/Fugue-asplos-raw/profiles/scan-N520-H7-Q8
scan-N524-H4-Q4,1541,1.1850289999999999,7,528,2112,5406720,24300748.800000004,1152,16,6f521af3e1b25fecb0912f7cacb5bea2c68f68ee14c112d0b80a7defdddcefe0,/data2/chenyi9/KV-PIM/attacc-fugue/output/KVChime-multi-model-TP4-20260907/model-sweep/Fugue-asplos-raw/profiles/scan-N524-H4-Q4
scan-N524-H4-Q8,2209,1.698721,8,528,4224,5406720,24811929.600000005,2304,32,ae52a7a2e610c6e19e00f1d6b414acc476c7a267fcbccf20328d73358ddb5acb,/data2/chenyi9/KV-PIM/attacc-fugue/output/KVChime-multi-model-TP4-20260907/model-sweep/Fugue-asplos-raw/profiles/scan-N524-H4-Q8
scan-N524-H7-Q1,1050,0.80745,6,924,924,9461760,41855385.60000001,504,7,13f59062b8187a8660e004464a10c2cfd14e1becaab4070a1df5f99feab0dfd9,/data2/chenyi9/KV-PIM/attacc-fugue/output/KVChime-multi-model-TP4-20260907/model-sweep/Fugue-asplos-raw/profiles/scan-N524-H7-Q1
scan-N520-H8-Q8,2209,1.698721,8,1056,8448,10813440,49623859.20000001,4608,64,5e782add76096bfb1596ba42ec1f1bc8fc27d93facdd0b51f76eca3d3ffffacd,/data2/chenyi9/KV-PIM/attacc-fugue/output/KVChime-multi-model-TP4-20260907/model-sweep/Fugue-asplos-raw/profiles/scan-N520-H8-Q8
scan-N528-H2-Q1,1050,0.80745,6,264,264,2703360,11958681.600000001,144,2,c0ca3ece1934cb815e0313203200096f9dcbe0406e1869a1ead7070ee3128f3d,/data2/chenyi9/KV-PIM/attacc-fugue/output/KVChime-multi-model-TP4-20260907/model-sweep/Fugue-asplos-raw/profiles/scan-N528-H2-Q1
scan-N524-H7-Q4,1541,1.1850289999999999,7,924,3696,9461760,42526310.4,2016,28,52c88500ee6518c6ca544fc4e246d597f9a502a3028394f8f3000aee77238630,/data2/chenyi9/KV-PIM/attacc-fugue/output/KVChime-multi-model-TP4-20260907/model-sweep/Fugue-asplos-raw/profiles/scan-N524-H7-Q4
scan-N524-H8-Q1,1050,0.80745,6,1056,1056,10813440,47834726.400000006,576,8,ef9304b4212174cf931a803b06cfd63ccafbf394059b8a4247437973a194edfd,/data2/chenyi9/KV-PIM/attacc-fugue/output/KVChime-multi-model-TP4-20260907/model-sweep/Fugue-asplos-raw/profiles/scan-N524-H8-Q1
scan-N528-H2-Q8,2199,1.691031,8,264,2112,2703360,12405964.800000003,1152,16,705d469ebefa5f42b80a7634493dd699748b00be16b31a3ab51b364c3c6699a1,/data2/chenyi9/KV-PIM/attacc-fugue/output/KVChime-multi-model-TP4-20260907/model-sweep/Fugue-asplos-raw/profiles/scan-N528-H2-Q8
scan-N528-H4-Q1,1050,0.80745,6,528,528,5406720,23917363.200000003,288,4,8e45d830a921f66a8926430c4382dd8b7baabad9ccc1f47a254e2ed0d3a8583a,/data2/chenyi9/KV-PIM/attacc-fugue/output/KVChime-multi-model-TP4-20260907/model-sweep/Fugue-asplos-raw/profiles/scan-N528-H4-Q1
scan-N524-H7-Q8,2209,1.698721,8,924,7392,9461760,43420876.800000004,4032,56,66bdbcfb958afaf08431324ce3e0501e6401687927442ad25435e99b674b0fdc,/data2/chenyi9/KV-PIM/attacc-fugue/output/KVChime-multi-model-TP4-20260907/model-sweep/Fugue-asplos-raw/profiles/scan-N524-H7-Q8
scan-N524-H8-Q4,1541,1.1850289999999999,7,1056,4224,10813440,48601497.60000001,2304,32,e87e1c4b21203a433d5938a4d8c36481594d78af5349c7ef94fa305e6932a376,/data2/chenyi9/KV-PIM/attacc-fugue/output/KVChime-multi-model-TP4-20260907/model-sweep/Fugue-asplos-raw/profiles/scan-N524-H8-Q4
scan-N536-H2-Q1,1074,0.825906,6,272,272,2785280,12319129.600000001,144,2,41bf7bfee9e49072a5921d9b227c8e26e84c3b62a5cb30a70bbab0732e9957c4,/data2/chenyi9/KV-PIM/attacc-fugue/output/KVChime-multi-model-TP4-20260907/model-sweep/Fugue-asplos-raw/profiles/scan-N536-H2-Q1
scan-N528-H7-Q1,1050,0.80745,6,924,924,9461760,41855385.60000001,504,7,13f59062b8187a8660e004464a10c2cfd14e1becaab4070a1df5f99feab0dfd9,/data2/chenyi9/KV-PIM/attacc-fugue/output/KVChime-multi-model-TP4-20260907/model-sweep/Fugue-asplos-raw/profiles/scan-N528-H7-Q1
scan-N524-H8-Q8,2209,1.698721,8,1056,8448,10813440,49623859.20000001,4608,64,5e782add76096bfb1596ba42ec1f1bc8fc27d93facdd0b51f76eca3d3ffffacd,/data2/chenyi9/KV-PIM/attacc-fugue/output/KVChime-multi-model-TP4-20260907/model-sweep/Fugue-asplos-raw/profiles/scan-N524-H8-Q8
scan-N528-H4-Q8,2209,1.698721,8,528,4224,5406720,24811929.600000005,2304,32,ae52a7a2e610c6e19e00f1d6b414acc476c7a267fcbccf20328d73358ddb5acb,/data2/chenyi9/KV-PIM/attacc-fugue/output/KVChime-multi-model-TP4-20260907/model-sweep/Fugue-asplos-raw/profiles/scan-N528-H4-Q8
scan-N536-H2-Q8,2221,1.7079490000000002,8,272,2176,2785280,12766412.800000003,1152,16,d8d1c1da767db73cc917d39c8f750e59a8e1009fde2fcf6bbf3a0ca8eb2cf9ab,/data2/chenyi9/KV-PIM/attacc-fugue/output/KVChime-multi-model-TP4-20260907/model-sweep/Fugue-asplos-raw/profiles/scan-N536-H2-Q8
scan-N536-H4-Q1,1074,0.825906,6,544,544,5570560,24638259.200000003,288,4,42cb84c7301b5fdbe04bebe0b44914dcf7ab9c9261bf8cc150caa3dec008dbee,/data2/chenyi9/KV-PIM/attacc-fugue/output/KVChime-multi-model-TP4-20260907/model-sweep/Fugue-asplos-raw/profiles/scan-N536-H4-Q1
scan-N528-H7-Q8,2209,1.698721,8,924,7392,9461760,43420876.800000004,4032,56,66bdbcfb958afaf08431324ce3e0501e6401687927442ad25435e99b674b0fdc,/data2/chenyi9/KV-PIM/attacc-fugue/output/KVChime-multi-model-TP4-20260907/model-sweep/Fugue-asplos-raw/profiles/scan-N528-H7-Q8
scan-N528-H8-Q1,1050,0.80745,6,1056,1056,10813440,47834726.400000006,576,8,ef9304b4212174cf931a803b06cfd63ccafbf394059b8a4247437973a194edfd,/data2/chenyi9/KV-PIM/attacc-fugue/output/KVChime-multi-model-TP4-20260907/model-sweep/Fugue-asplos-raw/profiles/scan-N528-H8-Q1
scan-N528-H8-Q8,2209,1.698721,8,1056,8448,10813440,49623859.20000001,4608,64,5e782add76096bfb1596ba42ec1f1bc8fc27d93facdd0b51f76eca3d3ffffacd,/data2/chenyi9/KV-PIM/attacc-fugue/output/KVChime-multi-model-TP4-20260907/model-sweep/Fugue-asplos-raw/profiles/scan-N528-H8-Q8
scan-N536-H4-Q8,2221,1.7079490000000002,8,544,4352,5570560,25532825.600000005,2304,32,0ba01a489a869ef9d5a088a9f2273e8feb6b99ddaf09a10922037152b77b2fc4,/data2/chenyi9/KV-PIM/attacc-fugue/output/KVChime-multi-model-TP4-20260907/model-sweep/Fugue-asplos-raw/profiles/scan-N536-H4-Q8
scan-N544-H2-Q1,1074,0.825906,6,272,272,2785280,12319129.600000001,144,2,41bf7bfee9e49072a5921d9b227c8e26e84c3b62a5cb30a70bbab0732e9957c4,/data2/chenyi9/KV-PIM/attacc-fugue/output/KVChime-multi-model-TP4-20260907/model-sweep/Fugue-asplos-raw/profiles/scan-N544-H2-Q1
scan-N536-H7-Q1,1074,0.825906,6,952,952,9748480,43116953.6,504,7,4ecf70bafacc6133c9f21910f62f5683d6823bddb458881a29715c38e7994cd1,/data2/chenyi9/KV-PIM/attacc-fugue/output/KVChime-multi-model-TP4-20260907/model-sweep/Fugue-asplos-raw/profiles/scan-N536-H7-Q1
scan-N544-H2-Q8,2221,1.7079490000000002,8,272,2176,2785280,12766412.800000003,1152,16,d8d1c1da767db73cc917d39c8f750e59a8e1009fde2fcf6bbf3a0ca8eb2cf9ab,/data2/chenyi9/KV-PIM/attacc-fugue/output/KVChime-multi-model-TP4-20260907/model-sweep/Fugue-asplos-raw/profiles/scan-N544-H2-Q8
scan-N536-H8-Q1,1074,0.825906,6,1088,1088,11141120,49276518.400000006,576,8,24ae02d8b3d1523e7de01d53f79beb613355a854b1138ecc597bf1a8b9dd865a,/data2/chenyi9/KV-PIM/attacc-fugue/output/KVChime-multi-model-TP4-20260907/model-sweep/Fugue-asplos-raw/profiles/scan-N536-H8-Q1
scan-N536-H7-Q8,2227,1.712563,8,952,7616,9748480,44682444.800000004,4032,56,94b363f8276c778ef742c5d93f439194f695112dc7ef85c7e0cd26d785a05ed5,/data2/chenyi9/KV-PIM/attacc-fugue/output/KVChime-multi-model-TP4-20260907/model-sweep/Fugue-asplos-raw/profiles/scan-N536-H7-Q8
scan-N544-H4-Q1,1074,0.825906,6,544,544,5570560,24638259.200000003,288,4,42cb84c7301b5fdbe04bebe0b44914dcf7ab9c9261bf8cc150caa3dec008dbee,/data2/chenyi9/KV-PIM/attacc-fugue/output/KVChime-multi-model-TP4-20260907/model-sweep/Fugue-asplos-raw/profiles/scan-N544-H4-Q1
scan-N560-H2-Q1,1098,0.844362,6,280,280,2867200,12679577.6,144,2,9dc0ea259fe45638433c7848be1bb10e3e995cfc9057e961914f4679c8e1776a,/data2/chenyi9/KV-PIM/attacc-fugue/output/KVChime-multi-model-TP4-20260907/model-sweep/Fugue-asplos-raw/profiles/scan-N560-H2-Q1
scan-N544-H4-Q8,2221,1.7079490000000002,8,544,4352,5570560,25532825.600000005,2304,32,0ba01a489a869ef9d5a088a9f2273e8feb6b99ddaf09a10922037152b77b2fc4,/data2/chenyi9/KV-PIM/attacc-fugue/output/KVChime-multi-model-TP4-20260907/model-sweep/Fugue-asplos-raw/profiles/scan-N544-H4-Q8
scan-N536-H8-Q8,2227,1.712563,8,1088,8704,11141120,51065651.20000001,4608,64,5333fac26de2cac1b8bb1c9d79ed0e2df46999dedcf5c78a62f744b2f9b0a695,/data2/chenyi9/KV-PIM/attacc-fugue/output/KVChime-multi-model-TP4-20260907/model-sweep/Fugue-asplos-raw/profiles/scan-N536-H8-Q8
scan-N544-H7-Q1,1074,0.825906,6,952,952,9748480,43116953.6,504,7,4ecf70bafacc6133c9f21910f62f5683d6823bddb458881a29715c38e7994cd1,/data2/chenyi9/KV-PIM/attacc-fugue/output/KVChime-multi-model-TP4-20260907/model-sweep/Fugue-asplos-raw/profiles/scan-N544-H7-Q1
scan-N560-H2-Q8,2231,1.7156390000000001,8,280,2240,2867200,13126860.8,1152,16,6f4db0236ef092379704327e71dc5d738607357b2c6aecc32572435f9b3a5e53,/data2/chenyi9/KV-PIM/attacc-fugue/output/KVChime-multi-model-TP4-20260907/model-sweep/Fugue-asplos-raw/profiles/scan-N560-H2-Q8
scan-N544-H8-Q1,1074,0.825906,6,1088,1088,11141120,49276518.400000006,576,8,24ae02d8b3d1523e7de01d53f79beb613355a854b1138ecc597bf1a8b9dd865a,/data2/chenyi9/KV-PIM/attacc-fugue/output/KVChime-multi-model-TP4-20260907/model-sweep/Fugue-asplos-raw/profiles/scan-N544-H8-Q1
scan-N544-H7-Q8,2227,1.712563,8,952,7616,9748480,44682444.800000004,4032,56,94b363f8276c778ef742c5d93f439194f695112dc7ef85c7e0cd26d785a05ed5,/data2/chenyi9/KV-PIM/attacc-fugue/output/KVChime-multi-model-TP4-20260907/model-sweep/Fugue-asplos-raw/profiles/scan-N544-H7-Q8
scan-N560-H4-Q1,1098,0.844362,6,560,560,5734400,25359155.2,288,4,32971d56a2a3e1327795932c9bd37da5579baf2d704c761d909cfa608146656d,/data2/chenyi9/KV-PIM/attacc-fugue/output/KVChime-multi-model-TP4-20260907/model-sweep/Fugue-asplos-raw/profiles/scan-N560-H4-Q1
scan-N544-H8-Q8,2227,1.712563,8,1088,8704,11141120,51065651.20000001,4608,64,5333fac26de2cac1b8bb1c9d79ed0e2df46999dedcf5c78a62f744b2f9b0a695,/data2/chenyi9/KV-PIM/attacc-fugue/output/KVChime-multi-model-TP4-20260907/model-sweep/Fugue-asplos-raw/profiles/scan-N544-H8-Q8
scan-N576-H2-Q1,1122,0.862818,6,288,288,2949120,13040025.600000001,144,2,a844fd4f877d888486f45651b8456a0dd25c1e102faec6c21e7ce5e1da79a50c,/data2/chenyi9/KV-PIM/attacc-fugue/output/KVChime-multi-model-TP4-20260907/model-sweep/Fugue-asplos-raw/profiles/scan-N576-H2-Q1
scan-N560-H4-Q8,2241,1.7233289999999999,8,560,4480,5734400,26253721.6,2304,32,20ec3c9f9a89c3ebd914b53523a48d0323a748593fbcf3eae683420e0edc121c,/data2/chenyi9/KV-PIM/attacc-fugue/output/KVChime-multi-model-TP4-20260907/model-sweep/Fugue-asplos-raw/profiles/scan-N560-H4-Q8
scan-N560-H7-Q1,1098,0.844362,6,980,980,10035200,44378521.6,504,7,a03869ae8ec7e5626844d067ccbd9974a0a7ef259d4b82e435e39da034499b6c,/data2/chenyi9/KV-PIM/attacc-fugue/output/KVChime-multi-model-TP4-20260907/model-sweep/Fugue-asplos-raw/profiles/scan-N560-H7-Q1
scan-N576-H2-Q8,2253,1.7325570000000001,8,288,2304,2949120,13487308.8,1152,16,96f37fbe9e016906bf3ddbbe433007e8186e8ada9de1487eee3c1cb7d6af567f,/data2/chenyi9/KV-PIM/attacc-fugue/output/KVChime-multi-model-TP4-20260907/model-sweep/Fugue-asplos-raw/profiles/scan-N576-H2-Q8
scan-N560-H8-Q1,1098,0.844362,6,1120,1120,11468800,50718310.4,576,8,41327cec9cc037232efd9e1ddd87fccba6141ca8492f30d0167382fd9f23e76d,/data2/chenyi9/KV-PIM/attacc-fugue/output/KVChime-multi-model-TP4-20260907/model-sweep/Fugue-asplos-raw/profiles/scan-N560-H8-Q1
scan-N560-H7-Q8,2245,1.726405,8,980,7840,10035200,45944012.800000004,4032,56,09e9d4667dac16afb7e230ab9b58814e4461899230be640160177709787b6b33,/data2/chenyi9/KV-PIM/attacc-fugue/output/KVChime-multi-model-TP4-20260907/model-sweep/Fugue-asplos-raw/profiles/scan-N560-H7-Q8
scan-N576-H4-Q1,1122,0.862818,6,576,576,5898240,26080051.200000003,288,4,4971d66aa94af1ecd7d440fb0e62a4eb85516b673b6f5ae4d0a9f10b456a80c5,/data2/chenyi9/KV-PIM/attacc-fugue/output/KVChime-multi-model-TP4-20260907/model-sweep/Fugue-asplos-raw/profiles/scan-N576-H4-Q1
scan-N576-H4-Q8,2257,1.735633,8,576,4608,5898240,26974617.6,2304,32,d41de5e5f85eb9414c4402a0cadfe2bc7d3cf734e9c8955eb8e9c6f8f35e3db2,/data2/chenyi9/KV-PIM/attacc-fugue/output/KVChime-multi-model-TP4-20260907/model-sweep/Fugue-asplos-raw/profiles/scan-N576-H4-Q8
scan-N608-H2-Q1,1170,0.89973,6,304,304,3112960,13760921.600000001,144,2,ff687551021af59752266c8da6b117e69fcf2c1051072f287e511ed20a3e639d,/data2/chenyi9/KV-PIM/attacc-fugue/output/KVChime-multi-model-TP4-20260907/model-sweep/Fugue-asplos-raw/profiles/scan-N608-H2-Q1
scan-N576-H7-Q1,1122,0.862818,6,1008,1008,10321920,45640089.60000001,504,7,cf3963b33a47954bee36ee08834348e0bf649765178b767c07204f3fd5ed834f,/data2/chenyi9/KV-PIM/attacc-fugue/output/KVChime-multi-model-TP4-20260907/model-sweep/Fugue-asplos-raw/profiles/scan-N576-H7-Q1
scan-N560-H8-Q8,2245,1.726405,8,1120,8960,11468800,52507443.2,4608,64,7b78c3a6b0273549763002dd63140b6a9833ac54eec7e814d1deb1659a03d152,/data2/chenyi9/KV-PIM/attacc-fugue/output/KVChime-multi-model-TP4-20260907/model-sweep/Fugue-asplos-raw/profiles/scan-N560-H8-Q8
scan-N608-H2-Q8,2289,1.760241,8,304,2432,3112960,14208204.800000003,1152,16,ae18334fbcbcdb76d70f0a0414a01eed06548ba1d1ad06c92f3bfea3b7feacec,/data2/chenyi9/KV-PIM/attacc-fugue/output/KVChime-multi-model-TP4-20260907/model-sweep/Fugue-asplos-raw/profiles/scan-N608-H2-Q8
scan-N576-H8-Q1,1122,0.862818,6,1152,1152,11796480,52160102.400000006,576,8,8bb747bfb39854c9fe69871d7d1fbf6e0ec2e9b3bb222b9801c90cfe77763e55,/data2/chenyi9/KV-PIM/attacc-fugue/output/KVChime-multi-model-TP4-20260907/model-sweep/Fugue-asplos-raw/profiles/scan-N576-H8-Q1
scan-N608-H4-Q1,1170,0.89973,6,608,608,6225920,27521843.200000003,288,4,d076aec3883047f650d0a95aede85047cfa37b6a5c432d3e46dd889b25ded303,/data2/chenyi9/KV-PIM/attacc-fugue/output/KVChime-multi-model-TP4-20260907/model-sweep/Fugue-asplos-raw/profiles/scan-N608-H4-Q1
scan-N576-H7-Q8,2259,1.737171,8,1008,8064,10321920,47205580.80000001,4032,56,475917a861d94e9cf8b18faf043a8feff2613d50d51005e16c507def49f7828d,/data2/chenyi9/KV-PIM/attacc-fugue/output/KVChime-multi-model-TP4-20260907/model-sweep/Fugue-asplos-raw/profiles/scan-N576-H7-Q8
scan-N608-H4-Q8,2289,1.760241,8,608,4864,6225920,28416409.600000005,2304,32,8e59780cd4e0277460474d86a0dc618491fe7b013d41463896bc027b37b365e2,/data2/chenyi9/KV-PIM/attacc-fugue/output/KVChime-multi-model-TP4-20260907/model-sweep/Fugue-asplos-raw/profiles/scan-N608-H4-Q8
scan-N576-H8-Q8,2259,1.737171,8,1152,9216,11796480,53949235.2,4608,64,440aeb45cf6ae222c25dda3f43f03ecad3645c977270d57c68848d969dda7dbc,/data2/chenyi9/KV-PIM/attacc-fugue/output/KVChime-multi-model-TP4-20260907/model-sweep/Fugue-asplos-raw/profiles/scan-N576-H8-Q8
scan-N608-H7-Q1,1170,0.89973,6,1064,1064,10895360,48163225.60000001,504,7,6d7e32cacb1e196a28bd64a3da7591e7ad42fa483148f4be2233facf9bd26ac4,/data2/chenyi9/KV-PIM/attacc-fugue/output/KVChime-multi-model-TP4-20260907/model-sweep/Fugue-asplos-raw/profiles/scan-N608-H7-Q1
scan-N640-H2-Q1,1218,0.9366420000000001,6,320,320,3276800,14481817.6,144,2,8e5cafe4d66fda8526b2814c636e4dd507154e7f85eeeec9198668927226d32c,/data2/chenyi9/KV-PIM/attacc-fugue/output/KVChime-multi-model-TP4-20260907/model-sweep/Fugue-asplos-raw/profiles/scan-N640-H2-Q1
scan-N640-H2-Q8,2353,1.809457,8,320,2560,3276800,14929100.8,1152,16,92fc0f298a3e352de349bd0ae1b4c3fb1fc87db16e740870f3302924c8e16482,/data2/chenyi9/KV-PIM/attacc-fugue/output/KVChime-multi-model-TP4-20260907/model-sweep/Fugue-asplos-raw/profiles/scan-N640-H2-Q8
scan-N608-H8-Q1,1170,0.89973,6,1216,1216,12451840,55043686.400000006,576,8,34bdfe2cc91d73c2af2791b91e368d1c266ddd4435c03fd19a4fa60516a14159,/data2/chenyi9/KV-PIM/attacc-fugue/output/KVChime-multi-model-TP4-20260907/model-sweep/Fugue-asplos-raw/profiles/scan-N608-H8-Q1
scan-N608-H7-Q8,2291,1.761779,8,1064,8512,10895360,49728716.800000004,4032,56,01e628181a5b1d54ed1a5d1c47c2837f9b5b7968fd9ec745a01f339b5b8f27b2,/data2/chenyi9/KV-PIM/attacc-fugue/output/KVChime-multi-model-TP4-20260907/model-sweep/Fugue-asplos-raw/profiles/scan-N608-H7-Q8
scan-N640-H4-Q1,1218,0.9366420000000001,6,640,640,6553600,28963635.2,288,4,aff83c350c0e8bbdc8ad6f9b6f6454bbf2f62e097636687bb51e92afbbc02e33,/data2/chenyi9/KV-PIM/attacc-fugue/output/KVChime-multi-model-TP4-20260907/model-sweep/Fugue-asplos-raw/profiles/scan-N640-H4-Q1
scan-N640-H4-Q8,2353,1.809457,8,640,5120,6553600,29858201.6,2304,32,fc7cdc08e5ca831f96535ebd6c75cdf9942ba49ddc7f98e162c9e8b15c51f312,/data2/chenyi9/KV-PIM/attacc-fugue/output/KVChime-multi-model-TP4-20260907/model-sweep/Fugue-asplos-raw/profiles/scan-N640-H4-Q8
scan-N608-H8-Q8,2291,1.761779,8,1216,9728,12451840,56832819.20000001,4608,64,a33a163bcaea0afa78b8534b621e37d403d2ffed9c2ca66eb4e39e0def37f8e4,/data2/chenyi9/KV-PIM/attacc-fugue/output/KVChime-multi-model-TP4-20260907/model-sweep/Fugue-asplos-raw/profiles/scan-N608-H8-Q8
scan-N640-H7-Q1,1218,0.9366420000000001,6,1120,1120,11468800,50686361.6,504,7,1c2ea9f41c7e03d702a41884b4e4edb1a4f5288759598baf6563fd0afa5514b7,/data2/chenyi9/KV-PIM/attacc-fugue/output/KVChime-multi-model-TP4-20260907/model-sweep/Fugue-asplos-raw/profiles/scan-N640-H7-Q1
scan-N704-H2-Q1,1314,1.010466,6,352,352,3604480,15923609.600000001,144,2,3d6ca86c3064d92a1ec19c53bff6ae8ec26da253ecb871b38f4a5b32a87d2845,/data2/chenyi9/KV-PIM/attacc-fugue/output/KVChime-multi-model-TP4-20260907/model-sweep/Fugue-asplos-raw/profiles/scan-N704-H2-Q1
scan-N704-H2-Q8,2477,1.904813,8,352,2816,3604480,16370892.800000003,1152,16,2ef5c284a30658871830094a392efb218b5567af98d237562b26de45aee03150,/data2/chenyi9/KV-PIM/attacc-fugue/output/KVChime-multi-model-TP4-20260907/model-sweep/Fugue-asplos-raw/profiles/scan-N704-H2-Q8
scan-N640-H8-Q1,1218,0.9366420000000001,6,1280,1280,13107200,57927270.4,576,8,baf8e2ac36d068b3d9deb85f44e2f5f1a3f4cac3d36245d149680af7d48ab66a,/data2/chenyi9/KV-PIM/attacc-fugue/output/KVChime-multi-model-TP4-20260907/model-sweep/Fugue-asplos-raw/profiles/scan-N640-H8-Q1
scan-N640-H7-Q8,2355,1.8109950000000001,8,1120,8960,11468800,52251852.800000004,4032,56,bc8c15ea598f640bfc73b4d9aed935a333a9cd57bd40237a87c93ff9c0cf5398,/data2/chenyi9/KV-PIM/attacc-fugue/output/KVChime-multi-model-TP4-20260907/model-sweep/Fugue-asplos-raw/profiles/scan-N640-H7-Q8
scan-N704-H4-Q1,1314,1.010466,6,704,704,7208960,31847219.200000003,288,4,bcf7519e13346f8740895c99bf7cad58175002393575ecb8b09fb7eccc4624e1,/data2/chenyi9/KV-PIM/attacc-fugue/output/KVChime-multi-model-TP4-20260907/model-sweep/Fugue-asplos-raw/profiles/scan-N704-H4-Q1
scan-N640-H8-Q8,2355,1.8109950000000001,8,1280,10240,13107200,59716403.2,4608,64,0d2a862da65841f3d38acdc1389bf3b18297806ec59a2c0dda886cba02ae5646,/data2/chenyi9/KV-PIM/attacc-fugue/output/KVChime-multi-model-TP4-20260907/model-sweep/Fugue-asplos-raw/profiles/scan-N640-H8-Q8
scan-N704-H4-Q8,2477,1.904813,8,704,5632,7208960,32741785.600000005,2304,32,38ffddaeb1e5dfe5096abb3619489a37bf671c76a1fbbf59767bdf648cdb8569,/data2/chenyi9/KV-PIM/attacc-fugue/output/KVChime-multi-model-TP4-20260907/model-sweep/Fugue-asplos-raw/profiles/scan-N704-H4-Q8
scan-N768-H2-Q1,1410,1.08429,6,384,384,3932160,17365401.6,144,2,2ccf6b8e9055c02e607563a5183b5b30fee473a938df5bb6f76fb39e0c2e0a3e,/data2/chenyi9/KV-PIM/attacc-fugue/output/KVChime-multi-model-TP4-20260907/model-sweep/Fugue-asplos-raw/profiles/scan-N768-H2-Q1
scan-N704-H7-Q1,1314,1.010466,6,1232,1232,12615680,55732633.6,504,7,69774ebfefb11b72f422bfe0616fc21efc0567ef7a17120681e61d5f4e8f4c84,/data2/chenyi9/KV-PIM/attacc-fugue/output/KVChime-multi-model-TP4-20260907/model-sweep/Fugue-asplos-raw/profiles/scan-N704-H7-Q1
scan-N768-H2-Q8,2629,2.021701,8,384,3072,3932160,17812684.8,1152,16,1ea3c062357fea1191cac90cbbf3e0e6497c520d1750f14f6e309f28a2ccb5d9,/data2/chenyi9/KV-PIM/attacc-fugue/output/KVChime-multi-model-TP4-20260907/model-sweep/Fugue-asplos-raw/profiles/scan-N768-H2-Q8
scan-N704-H8-Q1,1314,1.010466,6,1408,1408,14417920,63694438.400000006,576,8,99377a8c47ad0b1b26978c761ed517fdf123e971c1d8cd4748458f54d4ecd9e5,/data2/chenyi9/KV-PIM/attacc-fugue/output/KVChime-multi-model-TP4-20260907/model-sweep/Fugue-asplos-raw/profiles/scan-N704-H8-Q1
scan-N768-H4-Q1,1410,1.08429,6,768,768,7864320,34730803.2,288,4,48e38ee50df2e57d03eceef5af15df9a52528034dc67ce84705b9f2354430c41,/data2/chenyi9/KV-PIM/attacc-fugue/output/KVChime-multi-model-TP4-20260907/model-sweep/Fugue-asplos-raw/profiles/scan-N768-H4-Q1
scan-N704-H7-Q8,2479,1.9063510000000001,8,1232,9856,12615680,57298124.800000004,4032,56,b4d47c02f36557ae5fdc8fa85e2eee66868ee3716a84c64493c9143081730de9,/data2/chenyi9/KV-PIM/attacc-fugue/output/KVChime-multi-model-TP4-20260907/model-sweep/Fugue-asplos-raw/profiles/scan-N704-H7-Q8
scan-N704-H8-Q8,2479,1.9063510000000001,8,1408,11264,14417920,65483571.20000001,4608,64,8adca3aa5a0fd0982c35bd159cafa7e3a98aec9f7cde9ac327ba7e5dbc33754e,/data2/chenyi9/KV-PIM/attacc-fugue/output/KVChime-multi-model-TP4-20260907/model-sweep/Fugue-asplos-raw/profiles/scan-N704-H8-Q8
scan-N768-H4-Q8,2635,2.026315,8,768,6144,7864320,35625369.6,2304,32,a5d5f0a39cad104aa1a69eff3a36f804d31570118ab5021c627b0524324dbd67,/data2/chenyi9/KV-PIM/attacc-fugue/output/KVChime-multi-model-TP4-20260907/model-sweep/Fugue-asplos-raw/profiles/scan-N768-H4-Q8
scan-N896-H2-Q1,1698,1.3057619999999999,6,448,448,4587520,20263014.400000002,176,2,fd194c562613fb3f6d0d0046611bebc7e71e4d0cbd16c8d8fbaf958515ae7c4f,/data2/chenyi9/KV-PIM/attacc-fugue/output/KVChime-multi-model-TP4-20260907/model-sweep/Fugue-asplos-raw/profiles/scan-N896-H2-Q1
scan-N768-H7-Q1,1410,1.08429,6,1344,1344,13762560,60778905.60000001,504,7,09951866e8867c6f34472f33f697e5ff97e072683e91f7513fd19525461caeb0,/data2/chenyi9/KV-PIM/attacc-fugue/output/KVChime-multi-model-TP4-20260907/model-sweep/Fugue-asplos-raw/profiles/scan-N768-H7-Q1
scan-N896-H2-Q8,3077,2.366213,8,448,3584,4587520,20808499.200000003,1408,16,3b9666d4259df107f44c615642d7738bc7f8315b8320ef7f3319e0688ca90def,/data2/chenyi9/KV-PIM/attacc-fugue/output/KVChime-multi-model-TP4-20260907/model-sweep/Fugue-asplos-raw/profiles/scan-N896-H2-Q8
scan-N768-H8-Q1,1410,1.08429,6,1536,1536,15728640,69461606.4,576,8,35fd8653475bfd5f049541a2c3e82c200d79d6551ae8a9d949e11ecd75995ef4,/data2/chenyi9/KV-PIM/attacc-fugue/output/KVChime-multi-model-TP4-20260907/model-sweep/Fugue-asplos-raw/profiles/scan-N768-H8-Q1
scan-N896-H4-Q1,1698,1.3057619999999999,6,896,896,9175040,40526028.800000004,352,4,e90a9080809d39519ba9388cca38f75793ea79ce5ef86927ab76cd821dd50222,/data2/chenyi9/KV-PIM/attacc-fugue/output/KVChime-multi-model-TP4-20260907/model-sweep/Fugue-asplos-raw/profiles/scan-N896-H4-Q1
scan-N768-H7-Q8,2635,2.026315,8,1344,10752,13762560,62344396.800000004,4032,56,7c917b47c20eccd9470426b29f8776f6f4b0f6b27bb751afc9b19c0f979be13b,/data2/chenyi9/KV-PIM/attacc-fugue/output/KVChime-multi-model-TP4-20260907/model-sweep/Fugue-asplos-raw/profiles/scan-N768-H7-Q8
scan-N768-H8-Q8,2635,2.026315,8,1536,12288,15728640,71250739.2,4608,64,cd8c6551947adcf6228d7a0de5b40719cdbd579b1589d3b0ee69598996851b6c,/data2/chenyi9/KV-PIM/attacc-fugue/output/KVChime-multi-model-TP4-20260907/model-sweep/Fugue-asplos-raw/profiles/scan-N768-H8-Q8
scan-N896-H4-Q8,3091,2.3769790000000004,8,896,7168,9175040,41616998.400000006,2816,32,ce3c5776c85db0aa9ba60e41fb6b8fee3ca912100fde5dfdd62c95a5df704984,/data2/chenyi9/KV-PIM/attacc-fugue/output/KVChime-multi-model-TP4-20260907/model-sweep/Fugue-asplos-raw/profiles/scan-N896-H4-Q8
scan-N896-H7-Q1,1698,1.3057619999999999,6,1568,1568,16056320,70920550.4,616,7,bdd0e44ed4611d49a4ad13772ebfcf433389be05b039e5a71fa797528ae25625,/data2/chenyi9/KV-PIM/attacc-fugue/output/KVChime-multi-model-TP4-20260907/model-sweep/Fugue-asplos-raw/profiles/scan-N896-H7-Q1
scan-N1024-H2-Q1,1890,1.45341,6,512,512,5242880,23146598.400000002,176,2,9cd47c8dec5739fdf8289cd93fe5466d2e9601f8ff44c74a8f7c1a1471ade220,/data2/chenyi9/KV-PIM/attacc-fugue/output/KVChime-multi-model-TP4-20260907/model-sweep/Fugue-asplos-raw/profiles/scan-N1024-H2-Q1
scan-N896-H8-Q1,1698,1.3057619999999999,6,1792,1792,18350080,81052057.60000001,704,8,5a41870ab125e87b37b8c9051fcdf7d1820c642b59949631c9297b3d43190111,/data2/chenyi9/KV-PIM/attacc-fugue/output/KVChime-multi-model-TP4-20260907/model-sweep/Fugue-asplos-raw/profiles/scan-N896-H8-Q1
scan-N1024-H4-Q1,1890,1.45341,6,1024,1024,10485760,46293196.800000004,352,4,1e8e0d515eee98556d6460b7fccff32919a3a640bf03c62b0deb4f84b852b7cc,/data2/chenyi9/KV-PIM/attacc-fugue/output/KVChime-multi-model-TP4-20260907/model-sweep/Fugue-asplos-raw/profiles/scan-N1024-H4-Q1
scan-N896-H7-Q8,3091,2.3769790000000004,8,1568,12544,16056320,72829747.2,4928,56,e41f29c28d7bd70f3223f1dfd4c4f47f243a442704889bc10719291c881f6962,/data2/chenyi9/KV-PIM/attacc-fugue/output/KVChime-multi-model-TP4-20260907/model-sweep/Fugue-asplos-raw/profiles/scan-N896-H7-Q8
scan-N1025-H2-Q1,2010,1.54569,6,520,520,5324800,23521075.2,208,2,1f2f6d3ea97da0e00212ba10b315cd3e308d5eb1b306653b95eb5cfe322bad98,/data2/chenyi9/KV-PIM/attacc-fugue/output/KVChime-multi-model-TP4-20260907/model-sweep/Fugue-asplos-raw/profiles/scan-N1025-H2-Q1
scan-N1025-H2-Q4,2707,2.081683,7,520,2080,5324800,23796940.8,832,8,bbe283ee2122c1d82e66400d84234f4323953069658676a1703e90a587da4bf0,/data2/chenyi9/KV-PIM/attacc-fugue/output/KVChime-multi-model-TP4-20260907/model-sweep/Fugue-asplos-raw/profiles/scan-N1025-H2-Q4
scan-N1026-H2-Q1,2010,1.54569,6,520,520,5324800,23521075.2,208,2,1f2f6d3ea97da0e00212ba10b315cd3e308d5eb1b306653b95eb5cfe322bad98,/data2/chenyi9/KV-PIM/attacc-fugue/output/KVChime-multi-model-TP4-20260907/model-sweep/Fugue-asplos-raw/profiles/scan-N1026-H2-Q1
scan-N896-H8-Q8,3091,2.3769790000000004,8,1792,14336,18350080,83233996.80000001,5632,64,9117c959195b2179b91f4b475867e1ad6d3b9a8f6eaa7194c0a262a0d87a3022,/data2/chenyi9/KV-PIM/attacc-fugue/output/KVChime-multi-model-TP4-20260907/model-sweep/Fugue-asplos-raw/profiles/scan-N896-H8-Q8
scan-N1024-H7-Q1,1890,1.45341,6,1792,1792,18350080,81013094.4,616,7,2d18ee9edfe45600048e00f0b00fcff37f4b0c3c8d10fbf987a30c6496f30144,/data2/chenyi9/KV-PIM/attacc-fugue/output/KVChime-multi-model-TP4-20260907/model-sweep/Fugue-asplos-raw/profiles/scan-N1024-H7-Q1
scan-N1025-H4-Q1,2010,1.54569,6,1040,1040,10649600,47042150.4,416,4,c5183c8f814a84dc2412f8c2980c5762071ceee0435fae1854c3eb28d0d7cd55,/data2/chenyi9/KV-PIM/attacc-fugue/output/KVChime-multi-model-TP4-20260907/model-sweep/Fugue-asplos-raw/profiles/scan-N1025-H4-Q1
scan-N1024-H8-Q1,1890,1.45341,6,2048,2048,20971520,92586393.60000001,704,8,fa204fd48290aaa524b7238b07dc21a06e83210a60322d1cb632558a275b8931,/data2/chenyi9/KV-PIM/attacc-fugue/output/KVChime-multi-model-TP4-20260907/model-sweep/Fugue-asplos-raw/profiles/scan-N1024-H8-Q1
scan-N1026-H2-Q8,3684,2.832996,8,520,4160,5324800,24164761.6,1664,16,572680bc8be2379c74f04f22213d55f59d29dfa2b52cd540480ff3c7295a8a04,/data2/chenyi9/KV-PIM/attacc-fugue/output/KVChime-multi-model-TP4-20260907/model-sweep/Fugue-asplos-raw/profiles/scan-N1026-H2-Q8
scan-N1025-H7-Q1,2010,1.54569,6,1820,1820,18636800,82323763.20000002,728,7,71e229049b30916153bc186794015a4bc1e1b6c69755fb1a9f13e80e347e61ef,/data2/chenyi9/KV-PIM/attacc-fugue/output/KVChime-multi-model-TP4-20260907/model-sweep/Fugue-asplos-raw/profiles/scan-N1025-H7-Q1
scan-N1025-H8-Q1,2010,1.54569,6,2080,2080,21299200,94084300.8,832,8,706b63544229dde8637e1736a46939f35d41f787e7d405ba479048977e4b927a,/data2/chenyi9/KV-PIM/attacc-fugue/output/KVChime-multi-model-TP4-20260907/model-sweep/Fugue-asplos-raw/profiles/scan-N1025-H8-Q1
scan-N1026-H4-Q1,2010,1.54569,6,1040,1040,10649600,47042150.4,416,4,c5183c8f814a84dc2412f8c2980c5762071ceee0435fae1854c3eb28d0d7cd55,/data2/chenyi9/KV-PIM/attacc-fugue/output/KVChime-multi-model-TP4-20260907/model-sweep/Fugue-asplos-raw/profiles/scan-N1026-H4-Q1
scan-N1026-H4-Q2,2405,1.849445,7,1040,2080,10649600,47226060.8,832,8,f12ce5b7cbd0894df01ddda4586331bc4063921a5ea8c20b49909af60a6d792f,/data2/chenyi9/KV-PIM/attacc-fugue/output/KVChime-multi-model-TP4-20260907/model-sweep/Fugue-asplos-raw/profiles/scan-N1026-H4-Q2
scan-N1028-H2-Q1,2010,1.54569,6,520,520,5324800,23521075.2,208,2,1f2f6d3ea97da0e00212ba10b315cd3e308d5eb1b306653b95eb5cfe322bad98,/data2/chenyi9/KV-PIM/attacc-fugue/output/KVChime-multi-model-TP4-20260907/model-sweep/Fugue-asplos-raw/profiles/scan-N1028-H2-Q1
scan-N1026-H7-Q1,2010,1.54569,6,1820,1820,18636800,82323763.20000002,728,7,71e229049b30916153bc186794015a4bc1e1b6c69755fb1a9f13e80e347e61ef,/data2/chenyi9/KV-PIM/attacc-fugue/output/KVChime-multi-model-TP4-20260907/model-sweep/Fugue-asplos-raw/profiles/scan-N1026-H7-Q1
scan-N1028-H2-Q8,3684,2.832996,8,520,4160,5324800,24164761.6,1664,16,572680bc8be2379c74f04f22213d55f59d29dfa2b52cd540480ff3c7295a8a04,/data2/chenyi9/KV-PIM/attacc-fugue/output/KVChime-multi-model-TP4-20260907/model-sweep/Fugue-asplos-raw/profiles/scan-N1028-H2-Q8
scan-N1026-H7-Q2,2405,1.849445,7,1820,3640,18636800,82645606.4,1456,14,747665ae0d66ff7d8df2436e8824e7d072cf3ddd4dba68888ad2ce9be05f0bf6,/data2/chenyi9/KV-PIM/attacc-fugue/output/KVChime-multi-model-TP4-20260907/model-sweep/Fugue-asplos-raw/profiles/scan-N1026-H7-Q2
scan-N1028-H4-Q1,2010,1.54569,6,1040,1040,10649600,47042150.4,416,4,c5183c8f814a84dc2412f8c2980c5762071ceee0435fae1854c3eb28d0d7cd55,/data2/chenyi9/KV-PIM/attacc-fugue/output/KVChime-multi-model-TP4-20260907/model-sweep/Fugue-asplos-raw/profiles/scan-N1028-H4-Q1
scan-N1028-H4-Q4,2721,2.0924490000000002,7,1040,4160,10649600,47593881.6,1664,16,c15d84a459e68154d62614fddb7026854d91ba2d62c0befabd80300f9f41c41c,/data2/chenyi9/KV-PIM/attacc-fugue/output/KVChime-multi-model-TP4-20260907/model-sweep/Fugue-asplos-raw/profiles/scan-N1028-H4-Q4
scan-N1026-H8-Q1,2010,1.54569,6,2080,2080,21299200,94084300.8,832,8,706b63544229dde8637e1736a46939f35d41f787e7d405ba479048977e4b927a,/data2/chenyi9/KV-PIM/attacc-fugue/output/KVChime-multi-model-TP4-20260907/model-sweep/Fugue-asplos-raw/profiles/scan-N1026-H8-Q1
scan-N1026-H8-Q2,2405,1.849445,7,2080,4160,21299200,94452121.6,1664,16,a6dafe2fe8236836df2f18331b6ffbdea3e1d8c70b78594a514a207a46ec0293,/data2/chenyi9/KV-PIM/attacc-fugue/output/KVChime-multi-model-TP4-20260907/model-sweep/Fugue-asplos-raw/profiles/scan-N1026-H8-Q2
scan-N1028-H7-Q1,2010,1.54569,6,1820,1820,18636800,82323763.20000002,728,7,71e229049b30916153bc186794015a4bc1e1b6c69755fb1a9f13e80e347e61ef,/data2/chenyi9/KV-PIM/attacc-fugue/output/KVChime-multi-model-TP4-20260907/model-sweep/Fugue-asplos-raw/profiles/scan-N1028-H7-Q1
scan-N1032-H2-Q1,2010,1.54569,6,520,520,5324800,23521075.2,208,2,1f2f6d3ea97da0e00212ba10b315cd3e308d5eb1b306653b95eb5cfe322bad98,/data2/chenyi9/KV-PIM/attacc-fugue/output/KVChime-multi-model-TP4-20260907/model-sweep/Fugue-asplos-raw/profiles/scan-N1032-H2-Q1
scan-N1032-H2-Q8,3684,2.832996,8,520,4160,5324800,24164761.6,1664,16,572680bc8be2379c74f04f22213d55f59d29dfa2b52cd540480ff3c7295a8a04,/data2/chenyi9/KV-PIM/attacc-fugue/output/KVChime-multi-model-TP4-20260907/model-sweep/Fugue-asplos-raw/profiles/scan-N1032-H2-Q8
scan-N1032-H4-Q1,2010,1.54569,6,1040,1040,10649600,47042150.4,416,4,c5183c8f814a84dc2412f8c2980c5762071ceee0435fae1854c3eb28d0d7cd55,/data2/chenyi9/KV-PIM/attacc-fugue/output/KVChime-multi-model-TP4-20260907/model-sweep/Fugue-asplos-raw/profiles/scan-N1032-H4-Q1
scan-N1028-H7-Q4,2721,2.0924490000000002,7,1820,7280,18636800,83289292.80000001,2912,28,2832bdfd0efb61c2291b9ea54b48babf3c1b76a1f3946a99e950ad86b8aacdce,/data2/chenyi9/KV-PIM/attacc-fugue/output/KVChime-multi-model-TP4-20260907/model-sweep/Fugue-asplos-raw/profiles/scan-N1028-H7-Q4
scan-N1028-H8-Q1,2010,1.54569,6,2080,2080,21299200,94084300.8,832,8,706b63544229dde8637e1736a46939f35d41f787e7d405ba479048977e4b927a,/data2/chenyi9/KV-PIM/attacc-fugue/output/KVChime-multi-model-TP4-20260907/model-sweep/Fugue-asplos-raw/profiles/scan-N1028-H8-Q1
scan-N1032-H4-Q8,3694,2.8406860000000003,8,1040,8320,10649600,48329523.2,3328,32,b3ef63ab43a26f033122ef44d1ee91d658cce0dba386f4888bb0fcedc74f33d6,/data2/chenyi9/KV-PIM/attacc-fugue/output/KVChime-multi-model-TP4-20260907/model-sweep/Fugue-asplos-raw/profiles/scan-N1032-H4-Q8
scan-N1028-H8-Q4,2721,2.0924490000000002,7,2080,8320,21299200,95187763.2,3328,32,29fa232b886c017e9acc0c8edffa757369c4638135a14a03e67375bae92d2a48,/data2/chenyi9/KV-PIM/attacc-fugue/output/KVChime-multi-model-TP4-20260907/model-sweep/Fugue-asplos-raw/profiles/scan-N1028-H8-Q4
scan-N1036-H2-Q1,2010,1.54569,6,520,520,5324800,23521075.2,208,2,1f2f6d3ea97da0e00212ba10b315cd3e308d5eb1b306653b95eb5cfe322bad98,/data2/chenyi9/KV-PIM/attacc-fugue/output/KVChime-multi-model-TP4-20260907/model-sweep/Fugue-asplos-raw/profiles/scan-N1036-H2-Q1
scan-N1036-H2-Q8,3684,2.832996,8,520,4160,5324800,24164761.6,1664,16,572680bc8be2379c74f04f22213d55f59d29dfa2b52cd540480ff3c7295a8a04,/data2/chenyi9/KV-PIM/attacc-fugue/output/KVChime-multi-model-TP4-20260907/model-sweep/Fugue-asplos-raw/profiles/scan-N1036-H2-Q8
scan-N1032-H7-Q1,2010,1.54569,6,1820,1820,18636800,82323763.20000002,728,7,71e229049b30916153bc186794015a4bc1e1b6c69755fb1a9f13e80e347e61ef,/data2/chenyi9/KV-PIM/attacc-fugue/output/KVChime-multi-model-TP4-20260907/model-sweep/Fugue-asplos-raw/profiles/scan-N1032-H7-Q1
scan-N1036-H4-Q1,2010,1.54569,6,1040,1040,10649600,47042150.4,416,4,c5183c8f814a84dc2412f8c2980c5762071ceee0435fae1854c3eb28d0d7cd55,/data2/chenyi9/KV-PIM/attacc-fugue/output/KVChime-multi-model-TP4-20260907/model-sweep/Fugue-asplos-raw/profiles/scan-N1036-H4-Q1
scan-N1032-H8-Q1,2010,1.54569,6,2080,2080,21299200,94084300.8,832,8,706b63544229dde8637e1736a46939f35d41f787e7d405ba479048977e4b927a,/data2/chenyi9/KV-PIM/attacc-fugue/output/KVChime-multi-model-TP4-20260907/model-sweep/Fugue-asplos-raw/profiles/scan-N1032-H8-Q1
scan-N1032-H7-Q8,3694,2.8406860000000003,8,1820,14560,18636800,84576665.60000001,5824,56,fd14ac59aeb32266f969e35b8a65135b520e561ac77b15a93dd6a19c8416a70d,/data2/chenyi9/KV-PIM/attacc-fugue/output/KVChime-multi-model-TP4-20260907/model-sweep/Fugue-asplos-raw/profiles/scan-N1032-H7-Q8
scan-N1036-H4-Q4,2721,2.0924490000000002,7,1040,4160,10649600,47593881.6,1664,16,c15d84a459e68154d62614fddb7026854d91ba2d62c0befabd80300f9f41c41c,/data2/chenyi9/KV-PIM/attacc-fugue/output/KVChime-multi-model-TP4-20260907/model-sweep/Fugue-asplos-raw/profiles/scan-N1036-H4-Q4
scan-N1036-H4-Q8,3694,2.8406860000000003,8,1040,8320,10649600,48329523.2,3328,32,b3ef63ab43a26f033122ef44d1ee91d658cce0dba386f4888bb0fcedc74f33d6,/data2/chenyi9/KV-PIM/attacc-fugue/output/KVChime-multi-model-TP4-20260907/model-sweep/Fugue-asplos-raw/profiles/scan-N1036-H4-Q8
scan-N1032-H8-Q8,3694,2.8406860000000003,8,2080,16640,21299200,96659046.4,6656,64,303865b77b258884bcdc95a1d48185e5fafe134805abfb1b4ede1467b10c7a4e,/data2/chenyi9/KV-PIM/attacc-fugue/output/KVChime-multi-model-TP4-20260907/model-sweep/Fugue-asplos-raw/profiles/scan-N1032-H8-Q8
scan-N1036-H7-Q1,2010,1.54569,6,1820,1820,18636800,82323763.20000002,728,7,71e229049b30916153bc186794015a4bc1e1b6c69755fb1a9f13e80e347e61ef,/data2/chenyi9/KV-PIM/attacc-fugue/output/KVChime-multi-model-TP4-20260907/model-sweep/Fugue-asplos-raw/profiles/scan-N1036-H7-Q1
scan-N1040-H2-Q1,2010,1.54569,6,520,520,5324800,23521075.2,208,2,1f2f6d3ea97da0e00212ba10b315cd3e308d5eb1b306653b95eb5cfe322bad98,/data2/chenyi9/KV-PIM/attacc-fugue/output/KVChime-multi-model-TP4-20260907/model-sweep/Fugue-asplos-raw/profiles/scan-N1040-H2-Q1
scan-N1036-H7-Q4,2721,2.0924490000000002,7,1820,7280,18636800,83289292.80000001,2912,28,2832bdfd0efb61c2291b9ea54b48babf3c1b76a1f3946a99e950ad86b8aacdce,/data2/chenyi9/KV-PIM/attacc-fugue/output/KVChime-multi-model-TP4-20260907/model-sweep/Fugue-asplos-raw/profiles/scan-N1036-H7-Q4
scan-N1036-H8-Q1,2010,1.54569,6,2080,2080,21299200,94084300.8,832,8,706b63544229dde8637e1736a46939f35d41f787e7d405ba479048977e4b927a,/data2/chenyi9/KV-PIM/attacc-fugue/output/KVChime-multi-model-TP4-20260907/model-sweep/Fugue-asplos-raw/profiles/scan-N1036-H8-Q1
scan-N1040-H2-Q8,3684,2.832996,8,520,4160,5324800,24164761.6,1664,16,572680bc8be2379c74f04f22213d55f59d29dfa2b52cd540480ff3c7295a8a04,/data2/chenyi9/KV-PIM/attacc-fugue/output/KVChime-multi-model-TP4-20260907/model-sweep/Fugue-asplos-raw/profiles/scan-N1040-H2-Q8
scan-N1040-H4-Q1,2010,1.54569,6,1040,1040,10649600,47042150.4,416,4,c5183c8f814a84dc2412f8c2980c5762071ceee0435fae1854c3eb28d0d7cd55,/data2/chenyi9/KV-PIM/attacc-fugue/output/KVChime-multi-model-TP4-20260907/model-sweep/Fugue-asplos-raw/profiles/scan-N1040-H4-Q1
scan-N1036-H7-Q8,3694,2.8406860000000003,8,1820,14560,18636800,84576665.60000001,5824,56,fd14ac59aeb32266f969e35b8a65135b520e561ac77b15a93dd6a19c8416a70d,/data2/chenyi9/KV-PIM/attacc-fugue/output/KVChime-multi-model-TP4-20260907/model-sweep/Fugue-asplos-raw/profiles/scan-N1036-H7-Q8
scan-N1036-H8-Q4,2721,2.0924490000000002,7,2080,8320,21299200,95187763.2,3328,32,29fa232b886c017e9acc0c8edffa757369c4638135a14a03e67375bae92d2a48,/data2/chenyi9/KV-PIM/attacc-fugue/output/KVChime-multi-model-TP4-20260907/model-sweep/Fugue-asplos-raw/profiles/scan-N1036-H8-Q4
scan-N1040-H4-Q8,3694,2.8406860000000003,8,1040,8320,10649600,48329523.2,3328,32,b3ef63ab43a26f033122ef44d1ee91d658cce0dba386f4888bb0fcedc74f33d6,/data2/chenyi9/KV-PIM/attacc-fugue/output/KVChime-multi-model-TP4-20260907/model-sweep/Fugue-asplos-raw/profiles/scan-N1040-H4-Q8
scan-N1048-H2-Q1,2034,1.564146,6,528,528,5406720,23881523.200000003,208,2,84637c890ee18979670a38388fe577d226f1a1f529ea98023ac7d5b6d1ea309a,/data2/chenyi9/KV-PIM/attacc-fugue/output/KVChime-multi-model-TP4-20260907/model-sweep/Fugue-asplos-raw/profiles/scan-N1048-H2-Q1
scan-N1036-H8-Q8,3694,2.8406860000000003,8,2080,16640,21299200,96659046.4,6656,64,303865b77b258884bcdc95a1d48185e5fafe134805abfb1b4ede1467b10c7a4e,/data2/chenyi9/KV-PIM/attacc-fugue/output/KVChime-multi-model-TP4-20260907/model-sweep/Fugue-asplos-raw/profiles/scan-N1036-H8-Q8
scan-N1040-H7-Q1,2010,1.54569,6,1820,1820,18636800,82323763.20000002,728,7,71e229049b30916153bc186794015a4bc1e1b6c69755fb1a9f13e80e347e61ef,/data2/chenyi9/KV-PIM/attacc-fugue/output/KVChime-multi-model-TP4-20260907/model-sweep/Fugue-asplos-raw/profiles/scan-N1040-H7-Q1
scan-N1048-H2-Q8,3698,2.8437620000000003,8,528,4224,5406720,24525209.600000005,1664,16,1306c9d7e352a13792d95a50cfda72151a1227d43f673b08ccc663c34576fb87,/data2/chenyi9/KV-PIM/attacc-fugue/output/KVChime-multi-model-TP4-20260907/model-sweep/Fugue-asplos-raw/profiles/scan-N1048-H2-Q8
scan-N1040-H8-Q1,2010,1.54569,6,2080,2080,21299200,94084300.8,832,8,706b63544229dde8637e1736a46939f35d41f787e7d405ba479048977e4b927a,/data2/chenyi9/KV-PIM/attacc-fugue/output/KVChime-multi-model-TP4-20260907/model-sweep/Fugue-asplos-raw/profiles/scan-N1040-H8-Q1
scan-N1048-H4-Q1,2034,1.564146,6,1056,1056,10813440,47763046.400000006,416,4,232526c831e372ab9215e69cbd9fc967aa2829ab56fc8539425b9d5372f26b70,/data2/chenyi9/KV-PIM/attacc-fugue/output/KVChime-multi-model-TP4-20260907/model-sweep/Fugue-asplos-raw/profiles/scan-N1048-H4-Q1
scan-N1040-H7-Q8,3694,2.8406860000000003,8,1820,14560,18636800,84576665.60000001,5824,56,fd14ac59aeb32266f969e35b8a65135b520e561ac77b15a93dd6a19c8416a70d,/data2/chenyi9/KV-PIM/attacc-fugue/output/KVChime-multi-model-TP4-20260907/model-sweep/Fugue-asplos-raw/profiles/scan-N1040-H7-Q8
scan-N1056-H2-Q1,2034,1.564146,6,528,528,5406720,23881523.200000003,208,2,84637c890ee18979670a38388fe577d226f1a1f529ea98023ac7d5b6d1ea309a,/data2/chenyi9/KV-PIM/attacc-fugue/output/KVChime-multi-model-TP4-20260907/model-sweep/Fugue-asplos-raw/profiles/scan-N1056-H2-Q1
scan-N1048-H4-Q8,3708,2.851452,8,1056,8448,10813440,49050419.20000001,3328,32,5b487712e69f5d6e780021344d90920ba07eda68fd866864a8cba24a36d25fe6,/data2/chenyi9/KV-PIM/attacc-fugue/output/KVChime-multi-model-TP4-20260907/model-sweep/Fugue-asplos-raw/profiles/scan-N1048-H4-Q8
scan-N1048-H7-Q1,2034,1.564146,6,1848,1848,18923520,83585331.20000002,728,7,c478f697801f41408f53ca4a9c0be1a0b40aea7950666bab224eac17ea483b22,/data2/chenyi9/KV-PIM/attacc-fugue/output/KVChime-multi-model-TP4-20260907/model-sweep/Fugue-asplos-raw/profiles/scan-N1048-H7-Q1
scan-N1040-H8-Q8,3694,2.8406860000000003,8,2080,16640,21299200,96659046.4,6656,64,303865b77b258884bcdc95a1d48185e5fafe134805abfb1b4ede1467b10c7a4e,/data2/chenyi9/KV-PIM/attacc-fugue/output/KVChime-multi-model-TP4-20260907/model-sweep/Fugue-asplos-raw/profiles/scan-N1040-H8-Q8
scan-N1056-H2-Q8,3698,2.8437620000000003,8,528,4224,5406720,24525209.600000005,1664,16,1306c9d7e352a13792d95a50cfda72151a1227d43f673b08ccc663c34576fb87,/data2/chenyi9/KV-PIM/attacc-fugue/output/KVChime-multi-model-TP4-20260907/model-sweep/Fugue-asplos-raw/profiles/scan-N1056-H2-Q8
scan-N1048-H8-Q1,2034,1.564146,6,2112,2112,21626880,95526092.80000001,832,8,a091c8028e0e15e5c5a278ee9366b9e057c37c666f886a415643588afe59845f,/data2/chenyi9/KV-PIM/attacc-fugue/output/KVChime-multi-model-TP4-20260907/model-sweep/Fugue-asplos-raw/profiles/scan-N1048-H8-Q1
scan-N1056-H4-Q1,2034,1.564146,6,1056,1056,10813440,47763046.400000006,416,4,232526c831e372ab9215e69cbd9fc967aa2829ab56fc8539425b9d5372f26b70,/data2/chenyi9/KV-PIM/attacc-fugue/output/KVChime-multi-model-TP4-20260907/model-sweep/Fugue-asplos-raw/profiles/scan-N1056-H4-Q1
scan-N1048-H7-Q8,3708,2.851452,8,1848,14784,18923520,85838233.60000001,5824,56,faf5e5cd06b51cfba2fe2084f3be452efd81918b0b52e3e53a2eeef34d2d1a5f,/data2/chenyi9/KV-PIM/attacc-fugue/output/KVChime-multi-model-TP4-20260907/model-sweep/Fugue-asplos-raw/profiles/scan-N1048-H7-Q8
scan-N1072-H2-Q1,2058,1.582602,6,536,536,5488640,24241971.200000003,208,2,d51bcf503be65d9d65b4dc6d8f2171a0f6307d3ae545eb6a1f2758e29227e5e0,/data2/chenyi9/KV-PIM/attacc-fugue/output/KVChime-multi-model-TP4-20260907/model-sweep/Fugue-asplos-raw/profiles/scan-N1072-H2-Q1
scan-N1056-H4-Q8,3708,2.851452,8,1056,8448,10813440,49050419.20000001,3328,32,5b487712e69f5d6e780021344d90920ba07eda68fd866864a8cba24a36d25fe6,/data2/chenyi9/KV-PIM/attacc-fugue/output/KVChime-multi-model-TP4-20260907/model-sweep/Fugue-asplos-raw/profiles/scan-N1056-H4-Q8
scan-N1048-H8-Q8,3711,2.853759,8,2112,16896,21626880,98100838.40000002,6656,64,62dea1c4a904d0f32303a57d42b47dfb5fee102efb8fcdc4cc4f5d2245592eda,/data2/chenyi9/KV-PIM/attacc-fugue/output/KVChime-multi-model-TP4-20260907/model-sweep/Fugue-asplos-raw/profiles/scan-N1048-H8-Q8
scan-N1056-H7-Q1,2034,1.564146,6,1848,1848,18923520,83585331.20000002,728,7,c478f697801f41408f53ca4a9c0be1a0b40aea7950666bab224eac17ea483b22,/data2/chenyi9/KV-PIM/attacc-fugue/output/KVChime-multi-model-TP4-20260907/model-sweep/Fugue-asplos-raw/profiles/scan-N1056-H7-Q1
scan-N1072-H2-Q8,3716,2.8576040000000003,8,536,4288,5488640,24885657.6,1664,16,1d49d4ed5b210de747afb1c8a1fac10b2c6ecdb318f6de3128b64cb558f5e556,/data2/chenyi9/KV-PIM/attacc-fugue/output/KVChime-multi-model-TP4-20260907/model-sweep/Fugue-asplos-raw/profiles/scan-N1072-H2-Q8
scan-N1056-H8-Q1,2034,1.564146,6,2112,2112,21626880,95526092.80000001,832,8,a091c8028e0e15e5c5a278ee9366b9e057c37c666f886a415643588afe59845f,/data2/chenyi9/KV-PIM/attacc-fugue/output/KVChime-multi-model-TP4-20260907/model-sweep/Fugue-asplos-raw/profiles/scan-N1056-H8-Q1
scan-N1072-H4-Q1,2058,1.582602,6,1072,1072,10977280,48483942.400000006,416,4,8000465953e9561e001ee858ab7e2e654befb126f703a2a88e8b1f1f60abaa04,/data2/chenyi9/KV-PIM/attacc-fugue/output/KVChime-multi-model-TP4-20260907/model-sweep/Fugue-asplos-raw/profiles/scan-N1072-H4-Q1
scan-N1056-H7-Q8,3708,2.851452,8,1848,14784,18923520,85838233.60000001,5824,56,faf5e5cd06b51cfba2fe2084f3be452efd81918b0b52e3e53a2eeef34d2d1a5f,/data2/chenyi9/KV-PIM/attacc-fugue/output/KVChime-multi-model-TP4-20260907/model-sweep/Fugue-asplos-raw/profiles/scan-N1056-H7-Q8
scan-N1072-H4-Q8,3730,2.86837,8,1072,8576,10977280,49771315.2,3328,32,d5b56d9af1efaafd3bd758b8accf752bc6649cd3b20ad5916a89f00e4ebbef83,/data2/chenyi9/KV-PIM/attacc-fugue/output/KVChime-multi-model-TP4-20260907/model-sweep/Fugue-asplos-raw/profiles/scan-N1072-H4-Q8
scan-N1088-H2-Q1,2082,1.601058,6,544,544,5570560,24602419.200000003,208,2,0aecf5b359e8f50da79c56b8d88d89f73c5fe46fadafa45f9f0202134d19faf5,/data2/chenyi9/KV-PIM/attacc-fugue/output/KVChime-multi-model-TP4-20260907/model-sweep/Fugue-asplos-raw/profiles/scan-N1088-H2-Q1
scan-N1056-H8-Q8,3711,2.853759,8,2112,16896,21626880,98100838.40000002,6656,64,62dea1c4a904d0f32303a57d42b47dfb5fee102efb8fcdc4cc4f5d2245592eda,/data2/chenyi9/KV-PIM/attacc-fugue/output/KVChime-multi-model-TP4-20260907/model-sweep/Fugue-asplos-raw/profiles/scan-N1056-H8-Q8
scan-N1088-H2-Q8,3730,2.86837,8,544,4352,5570560,25246105.600000005,1664,16,07aef87c8b53305f3eef387a8d0445f0a96dfa4a3aff1fa6968395522c30fa07,/data2/chenyi9/KV-PIM/attacc-fugue/output/KVChime-multi-model-TP4-20260907/model-sweep/Fugue-asplos-raw/profiles/scan-N1088-H2-Q8
scan-N1072-H7-Q1,2058,1.582602,6,1876,1876,19210240,84846899.20000002,728,7,f7f0de0f75f5f126d77f1914c9bc05c1deba466788740d73e8d0a66b3e0f4358,/data2/chenyi9/KV-PIM/attacc-fugue/output/KVChime-multi-model-TP4-20260907/model-sweep/Fugue-asplos-raw/profiles/scan-N1072-H7-Q1
scan-N1072-H8-Q1,2058,1.582602,6,2144,2144,21954560,96967884.80000001,832,8,2c48b89da555c3ef97a01af171674116c4a8bdd5c7226d3cc6ff41af58467425,/data2/chenyi9/KV-PIM/attacc-fugue/output/KVChime-multi-model-TP4-20260907/model-sweep/Fugue-asplos-raw/profiles/scan-N1072-H8-Q1
scan-N1088-H4-Q1,2082,1.601058,6,1088,1088,11141120,49204838.400000006,416,4,a565d06170d3ea3af9c000f26597c3e8610eb57522e03c57540c25191475d259,/data2/chenyi9/KV-PIM/attacc-fugue/output/KVChime-multi-model-TP4-20260907/model-sweep/Fugue-asplos-raw/profiles/scan-N1088-H4-Q1
scan-N1072-H7-Q8,3730,2.86837,8,1876,15008,19210240,87099801.60000002,5824,56,374b00690d8f3a94569d9e97133d85743a78da20fd053a4303b2b172ff914c32,/data2/chenyi9/KV-PIM/attacc-fugue/output/KVChime-multi-model-TP4-20260907/model-sweep/Fugue-asplos-raw/profiles/scan-N1072-H7-Q8
scan-N1088-H4-Q8,3744,2.879136,8,1088,8704,11141120,50492211.20000001,3328,32,0d42fb8a1a28cbfc40c3bb2aea04402c7ae723f0e290d859862abf825d36c242,/data2/chenyi9/KV-PIM/attacc-fugue/output/KVChime-multi-model-TP4-20260907/model-sweep/Fugue-asplos-raw/profiles/scan-N1088-H4-Q8
scan-N1120-H2-Q1,2130,1.63797,6,560,560,5734400,25323315.2,208,2,fe7a89cfa13b8adedf28c9dfcf19cf1e7b31c0c17692aea28c4223d1b7835898,/data2/chenyi9/KV-PIM/attacc-fugue/output/KVChime-multi-model-TP4-20260907/model-sweep/Fugue-asplos-raw/profiles/scan-N1120-H2-Q1
scan-N1088-H7-Q1,2082,1.601058,6,1904,1904,19496960,86108467.2,728,7,c629594ccc6892a29975242ab1e49b233e18402a0e432a2df0c8e88ddb995602,/data2/chenyi9/KV-PIM/attacc-fugue/output/KVChime-multi-model-TP4-20260907/model-sweep/Fugue-asplos-raw/profiles/scan-N1088-H7-Q1
scan-N1072-H8-Q8,3729,2.867601,8,2144,17152,21954560,99542630.4,6656,64,8436ffcf11dcf7b97549e002d71b8ee8c16f93e3a459cb001cb006aef0e02df4,/data2/chenyi9/KV-PIM/attacc-fugue/output/KVChime-multi-model-TP4-20260907/model-sweep/Fugue-asplos-raw/profiles/scan-N1072-H8-Q8
scan-N1120-H2-Q8,3762,2.8929780000000003,8,560,4480,5734400,25967001.6,1664,16,d8a80fc113f366052816804ab4c6ab63643a48cec856810d75ee132168fc00d5,/data2/chenyi9/KV-PIM/attacc-fugue/output/KVChime-multi-model-TP4-20260907/model-sweep/Fugue-asplos-raw/profiles/scan-N1120-H2-Q8
scan-N1088-H8-Q1,2082,1.601058,6,2176,2176,22282240,98409676.80000001,832,8,c20bc4c808ceea2a237eaa714ee0cb857cfd78d1145da0800359d0777099b565,/data2/chenyi9/KV-PIM/attacc-fugue/output/KVChime-multi-model-TP4-20260907/model-sweep/Fugue-asplos-raw/profiles/scan-N1088-H8-Q1
scan-N1120-H4-Q1,2130,1.63797,6,1120,1120,11468800,50646630.4,416,4,bc6bbf4ad7604209d00b63dc3c6396ba942fd836fa779a2cc681fda41b5e5ce8,/data2/chenyi9/KV-PIM/attacc-fugue/output/KVChime-multi-model-TP4-20260907/model-sweep/Fugue-asplos-raw/profiles/scan-N1120-H4-Q1
scan-N1088-H7-Q8,3744,2.879136,8,1904,15232,19496960,88361369.60000001,5824,56,0e848f0d9909ebb725f2a0c3129fb2a20ad9bac4fe0dfe9d6fb2842dc7d9e450,/data2/chenyi9/KV-PIM/attacc-fugue/output/KVChime-multi-model-TP4-20260907/model-sweep/Fugue-asplos-raw/profiles/scan-N1088-H7-Q8
scan-N1120-H4-Q8,3776,2.903744,8,1120,8960,11468800,51934003.2,3328,32,d139cfca5a9a8dab44bd771bf2210e49e19465caa7be805f12f07e840cf98e6b,/data2/chenyi9/KV-PIM/attacc-fugue/output/KVChime-multi-model-TP4-20260907/model-sweep/Fugue-asplos-raw/profiles/scan-N1120-H4-Q8
scan-N1152-H2-Q1,2178,1.674882,6,576,576,5898240,26044211.200000003,208,2,7a6b23c2416865e96f27c5de7c258401727a9255a81ca70e197cfd4eb4463df5,/data2/chenyi9/KV-PIM/attacc-fugue/output/KVChime-multi-model-TP4-20260907/model-sweep/Fugue-asplos-raw/profiles/scan-N1152-H2-Q1
scan-N1088-H8-Q8,3743,2.8783670000000003,8,2176,17408,22282240,100984422.40000002,6656,64,9518d7fe2c920dbcddb20c2d12595f8dbbdc0d84dbaeeeedbea7a08e5e04da5d,/data2/chenyi9/KV-PIM/attacc-fugue/output/KVChime-multi-model-TP4-20260907/model-sweep/Fugue-asplos-raw/profiles/scan-N1088-H8-Q8
scan-N1120-H7-Q1,2130,1.63797,6,1960,1960,20070400,88631603.2,728,7,e9140ec4f19c9c0481059e1a948768a2bf8c2338fe65e8e9f252091557f80e5d,/data2/chenyi9/KV-PIM/attacc-fugue/output/KVChime-multi-model-TP4-20260907/model-sweep/Fugue-asplos-raw/profiles/scan-N1120-H7-Q1
scan-N1152-H2-Q8,3826,2.9421939999999998,8,576,4608,5898240,26687897.6,1664,16,f9d69c04354966b3abb63b26f771e19b786863395da420e716e879286d3a2567,/data2/chenyi9/KV-PIM/attacc-fugue/output/KVChime-multi-model-TP4-20260907/model-sweep/Fugue-asplos-raw/profiles/scan-N1152-H2-Q8
scan-N1120-H8-Q1,2130,1.63797,6,2240,2240,22937600,101293260.8,832,8,401f54960a3b1f102cfd33dd1c4a56e1e95a584540c26bfc389e4853fbc4f476,/data2/chenyi9/KV-PIM/attacc-fugue/output/KVChime-multi-model-TP4-20260907/model-sweep/Fugue-asplos-raw/profiles/scan-N1120-H8-Q1
scan-N1152-H4-Q1,2178,1.674882,6,1152,1152,11796480,52088422.400000006,416,4,283341ad7ced499e909fcf0fe9a8b69d87b7a42e5be8d035d4f0ca3db6d0b975,/data2/chenyi9/KV-PIM/attacc-fugue/output/KVChime-multi-model-TP4-20260907/model-sweep/Fugue-asplos-raw/profiles/scan-N1152-H4-Q1
scan-N1120-H7-Q8,3776,2.903744,8,1960,15680,20070400,90884505.60000001,5824,56,929d957a505171ee522cc285e6df012ce2149baea0477fdf6b1d04801d0c422a,/data2/chenyi9/KV-PIM/attacc-fugue/output/KVChime-multi-model-TP4-20260907/model-sweep/Fugue-asplos-raw/profiles/scan-N1120-H7-Q8
scan-N1152-H4-Q8,3840,2.95296,8,1152,9216,11796480,53375795.2,3328,32,3dffc964f31a1ea5a47252e9915f98cf95c146284411f4f8f8d640a191ff3028,/data2/chenyi9/KV-PIM/attacc-fugue/output/KVChime-multi-model-TP4-20260907/model-sweep/Fugue-asplos-raw/profiles/scan-N1152-H4-Q8
scan-N1216-H2-Q1,2274,1.748706,6,608,608,6225920,27486003.200000003,208,2,211a1c80301c27578eff43b2011d2ef213a7faffbf3bafedff10fdf34e118bc4,/data2/chenyi9/KV-PIM/attacc-fugue/output/KVChime-multi-model-TP4-20260907/model-sweep/Fugue-asplos-raw/profiles/scan-N1216-H2-Q1
scan-N1120-H8-Q8,3775,2.902975,8,2240,17920,22937600,103868006.4,6656,64,a1216f3d041896d733557a3af99ebd10604990b23b63ddc762181011b8eba75f,/data2/chenyi9/KV-PIM/attacc-fugue/output/KVChime-multi-model-TP4-20260907/model-sweep/Fugue-asplos-raw/profiles/scan-N1120-H8-Q8
scan-N1152-H7-Q1,2178,1.674882,6,2016,2016,20643840,91154739.20000002,728,7,427f88119ae825293e9881799de5b58eb59457cf3d8bba7e6d7da015c64413e1,/data2/chenyi9/KV-PIM/attacc-fugue/output/KVChime-multi-model-TP4-20260907/model-sweep/Fugue-asplos-raw/profiles/scan-N1152-H7-Q1
scan-N1216-H2-Q8,3954,3.040626,8,608,4864,6225920,28129689.600000005,1664,16,93551cdd92d7ec0ffed15b07ebe26d0e5c71657f8040354f54f1a27e314a745c,/data2/chenyi9/KV-PIM/attacc-fugue/output/KVChime-multi-model-TP4-20260907/model-sweep/Fugue-asplos-raw/profiles/scan-N1216-H2-Q8
scan-N1152-H8-Q1,2178,1.674882,6,2304,2304,23592960,104176844.80000001,832,8,aabf7c586b9f42a639c8b394decdb9cdeaf3cde34a047ed2309d6f3e5d3cae1e,/data2/chenyi9/KV-PIM/attacc-fugue/output/KVChime-multi-model-TP4-20260907/model-sweep/Fugue-asplos-raw/profiles/scan-N1152-H8-Q1
scan-N1216-H4-Q1,2274,1.748706,6,1216,1216,12451840,54972006.400000006,416,4,1427fab72bf3599f75e20b0ad08678262d34ffb6bc7631ac9779b5405f8f8d55,/data2/chenyi9/KV-PIM/attacc-fugue/output/KVChime-multi-model-TP4-20260907/model-sweep/Fugue-asplos-raw/profiles/scan-N1216-H4-Q1
scan-N1152-H7-Q8,3839,2.9521910000000005,8,2016,16128,20643840,93407641.60000002,5824,56,854ef13883f27c1bdb95bc9abf09b1e4df2cf51a947b6ecb56cb6d4eda0b656d,/data2/chenyi9/KV-PIM/attacc-fugue/output/KVChime-multi-model-TP4-20260907/model-sweep/Fugue-asplos-raw/profiles/scan-N1152-H7-Q8
scan-N1216-H4-Q8,3964,3.0483160000000002,8,1216,9728,12451840,56259379.20000001,3328,32,58ec1ab2a7da773426bb7ebf8212c06c2e9c04b9d7c1c8b4803038a32837a7c8,/data2/chenyi9/KV-PIM/attacc-fugue/output/KVChime-multi-model-TP4-20260907/model-sweep/Fugue-asplos-raw/profiles/scan-N1216-H4-Q8
scan-N1280-H2-Q1,2370,1.82253,6,640,640,6553600,28927795.2,208,2,5cb75890a02db90094d36fb6329582ee1a620ebb9fdf222325e3b6b77cb5bca6,/data2/chenyi9/KV-PIM/attacc-fugue/output/KVChime-multi-model-TP4-20260907/model-sweep/Fugue-asplos-raw/profiles/scan-N1280-H2-Q1
scan-N1152-H8-Q8,3839,2.9521910000000005,8,2304,18432,23592960,106751590.4,6656,64,3b7f64d9edf261e5a8eab2b05d4536c84ce9c0f587efce0d8a6115186727a41e,/data2/chenyi9/KV-PIM/attacc-fugue/output/KVChime-multi-model-TP4-20260907/model-sweep/Fugue-asplos-raw/profiles/scan-N1152-H8-Q8
scan-N1216-H7-Q1,2274,1.748706,6,2128,2128,21790720,96201011.20000002,728,7,9bf3df0531abaf6b4a79a86b06f4f97acf313a76139ad8d97874461afd33a286,/data2/chenyi9/KV-PIM/attacc-fugue/output/KVChime-multi-model-TP4-20260907/model-sweep/Fugue-asplos-raw/profiles/scan-N1216-H7-Q1
scan-N1280-H2-Q8,4098,3.151362,8,640,5120,6553600,29571481.6,1664,16,3723850cd8026433352ff7326f12619bae1df0194db3133f5aef341fd6eeada3,/data2/chenyi9/KV-PIM/attacc-fugue/output/KVChime-multi-model-TP4-20260907/model-sweep/Fugue-asplos-raw/profiles/scan-N1280-H2-Q8
scan-N1216-H8-Q1,2274,1.748706,6,2432,2432,24903680,109944012.80000001,832,8,05fd7ed8b296054008905bb708d5651b0ba966325f169ee9623531827b83a29a,/data2/chenyi9/KV-PIM/attacc-fugue/output/KVChime-multi-model-TP4-20260907/model-sweep/Fugue-asplos-raw/profiles/scan-N1216-H8-Q1
scan-N1280-H4-Q1,2370,1.82253,6,1280,1280,13107200,57855590.4,416,4,b6b91aa984d891811a4b1c8d2d15c7847720629a2a00f5ca51f331b66954ef25,/data2/chenyi9/KV-PIM/attacc-fugue/output/KVChime-multi-model-TP4-20260907/model-sweep/Fugue-asplos-raw/profiles/scan-N1280-H4-Q1
scan-N1216-H7-Q8,3964,3.0483160000000002,8,2128,17024,21790720,98453913.60000001,5824,56,51604a2b31a24ac72057bef2828656ae11ad486c8eec0c9487aa5ac3733750fe,/data2/chenyi9/KV-PIM/attacc-fugue/output/KVChime-multi-model-TP4-20260907/model-sweep/Fugue-asplos-raw/profiles/scan-N1216-H7-Q8
scan-N1280-H4-Q8,4120,3.16828,8,1280,10240,13107200,59142963.2,3328,32,f40b3697d25cf262b5b1a7a5dbdeb0940f6b72a9315c520e598f6e4bdeff245b,/data2/chenyi9/KV-PIM/attacc-fugue/output/KVChime-multi-model-TP4-20260907/model-sweep/Fugue-asplos-raw/profiles/scan-N1280-H4-Q8
scan-N1408-H2-Q1,2658,2.044002,6,704,704,7208960,31825408.000000004,240,2,3001998329155703c51eecd6f9f34f4d75638810389408c94a6bc28d5865acec,/data2/chenyi9/KV-PIM/attacc-fugue/output/KVChime-multi-model-TP4-20260907/model-sweep/Fugue-asplos-raw/profiles/scan-N1408-H2-Q1
scan-N1216-H8-Q8,3964,3.0483160000000002,8,2432,19456,24903680,112518758.40000002,6656,64,601e6311ece15f175f9051ca5f09abfcd069506b6b98fd747edf58e5183a7378,/data2/chenyi9/KV-PIM/attacc-fugue/output/KVChime-multi-model-TP4-20260907/model-sweep/Fugue-asplos-raw/profiles/scan-N1216-H8-Q8
scan-N1408-H2-Q8,4574,3.517406,8,704,5632,7208960,32567296.000000007,1920,16,f965020e4ada33d5b99a304bceadc9700f247d3c073773436bd139316d97b034,/data2/chenyi9/KV-PIM/attacc-fugue/output/KVChime-multi-model-TP4-20260907/model-sweep/Fugue-asplos-raw/profiles/scan-N1408-H2-Q8
scan-N1280-H7-Q1,2370,1.82253,6,2240,2240,22937600,101247283.2,728,7,820c61a344ce31de9cad9c75c68beb745ba1503cf316d759cd2e53bbe809e84c,/data2/chenyi9/KV-PIM/attacc-fugue/output/KVChime-multi-model-TP4-20260907/model-sweep/Fugue-asplos-raw/profiles/scan-N1280-H7-Q1
scan-N1280-H8-Q1,2370,1.82253,6,2560,2560,26214400,115711180.8,832,8,ed4688c56a2dd36cc7e2e57fcc2cde4816f324a3af36680f24bfcf4980caa049,/data2/chenyi9/KV-PIM/attacc-fugue/output/KVChime-multi-model-TP4-20260907/model-sweep/Fugue-asplos-raw/profiles/scan-N1280-H8-Q1
scan-N1408-H4-Q1,2658,2.044002,6,1408,1408,14417920,63650816.00000001,480,4,8caa7d7d3212dca137791bab0db831ccdc4f8df8d004d25d6c81618111110a64,/data2/chenyi9/KV-PIM/attacc-fugue/output/KVChime-multi-model-TP4-20260907/model-sweep/Fugue-asplos-raw/profiles/scan-N1408-H4-Q1
scan-N1280-H7-Q8,4120,3.16828,8,2240,17920,22937600,103500185.60000001,5824,56,a27cdab1dc2049522ae906f1fc4536a845a4d3a4cbbf14243fda1ed80d73aaf0,/data2/chenyi9/KV-PIM/attacc-fugue/output/KVChime-multi-model-TP4-20260907/model-sweep/Fugue-asplos-raw/profiles/scan-N1280-H7-Q8
scan-N1408-H4-Q8,4588,3.528172,8,1408,11264,14417920,65134592.000000015,3840,32,dab223f29cc9c795266cc53323db3e3b1e6245deb2ed727a9920e366760d9f6b,/data2/chenyi9/KV-PIM/attacc-fugue/output/KVChime-multi-model-TP4-20260907/model-sweep/Fugue-asplos-raw/profiles/scan-N1408-H4-Q8
scan-N1536-H2-Q1,2850,2.19165,6,768,768,7864320,34708992.0,240,2,43cdd7b7d6540f78c94798a5cce4731866abf4aa6c1f527b9b556df618333dd0,/data2/chenyi9/KV-PIM/attacc-fugue/output/KVChime-multi-model-TP4-20260907/model-sweep/Fugue-asplos-raw/profiles/scan-N1536-H2-Q1
scan-N1280-H8-Q8,4120,3.16828,8,2560,20480,26214400,118285926.4,6656,64,d134fc53637349681e70caff7cf3e816a74f9a69ce9c1c89199a9acfafb1502d,/data2/chenyi9/KV-PIM/attacc-fugue/output/KVChime-multi-model-TP4-20260907/model-sweep/Fugue-asplos-raw/profiles/scan-N1280-H8-Q8
scan-N1408-H7-Q1,2658,2.044002,6,2464,2464,25231360,111388928.0,840,7,cce83e4573b28cf208f03fda83b1e7ecdd6309675596b57021b5c964502adf6a,/data2/chenyi9/KV-PIM/attacc-fugue/output/KVChime-multi-model-TP4-20260907/model-sweep/Fugue-asplos-raw/profiles/scan-N1408-H7-Q1
scan-N1536-H2-Q8,4846,3.7265740000000003,8,768,6144,7864320,35450880.00000001,1920,16,89db32d436653e4dcab587a85662a8590d71be8618f665fe310653f76afed31e,/data2/chenyi9/KV-PIM/attacc-fugue/output/KVChime-multi-model-TP4-20260907/model-sweep/Fugue-asplos-raw/profiles/scan-N1536-H2-Q8
scan-N1408-H8-Q1,2658,2.044002,6,2816,2816,28835840,127301632.00000001,960,8,a13bb3783afce91dfa1115ddfa9519d5d766a12cb8679a21a006b846b4f87b0c,/data2/chenyi9/KV-PIM/attacc-fugue/output/KVChime-multi-model-TP4-20260907/model-sweep/Fugue-asplos-raw/profiles/scan-N1408-H8-Q1
scan-N1536-H4-Q1,2850,2.19165,6,1536,1536,15728640,69417984.0,480,4,59d4942ff86c94c952f3872cfae6fe60db32a993a166e9266b03981b26da8d82,/data2/chenyi9/KV-PIM/attacc-fugue/output/KVChime-multi-model-TP4-20260907/model-sweep/Fugue-asplos-raw/profiles/scan-N1536-H4-Q1
scan-N1408-H7-Q8,4587,3.527403,8,2464,19712,25231360,113985536.0,6720,56,adcf550ddd78489ded3fb7eca7978f0316f15ebad6e12c40c457e418d6049b6a,/data2/chenyi9/KV-PIM/attacc-fugue/output/KVChime-multi-model-TP4-20260907/model-sweep/Fugue-asplos-raw/profiles/scan-N1408-H7-Q8
scan-N1536-H4-Q8,4868,3.7434920000000003,8,1536,12288,15728640,70901760.00000001,3840,32,c7c34dae113d6340a51925bb9633bd782f93f81fc4b25f629ea42c5080fb5b74,/data2/chenyi9/KV-PIM/attacc-fugue/output/KVChime-multi-model-TP4-20260907/model-sweep/Fugue-asplos-raw/profiles/scan-N1536-H4-Q8
scan-N1664-H2-Q1,3138,2.413122,6,832,832,8519680,37606604.8,272,2,ffc516b26bf8e0c39d8ef79050e27de0b85dcc53eb2c83d5856682aa2b4a303b,/data2/chenyi9/KV-PIM/attacc-fugue/output/KVChime-multi-model-TP4-20260907/model-sweep/Fugue-asplos-raw/profiles/scan-N1664-H2-Q1
scan-N1408-H8-Q8,4587,3.527403,8,2816,22528,28835840,130269184.00000003,7680,64,7a1fb5c03ec01d0a594453e6d5d3f4e8181b32ef8916191d678198162489f03e,/data2/chenyi9/KV-PIM/attacc-fugue/output/KVChime-multi-model-TP4-20260907/model-sweep/Fugue-asplos-raw/profiles/scan-N1408-H8-Q8
scan-N1536-H7-Q1,2850,2.19165,6,2688,2688,27525120,121481472.00000001,840,7,511202c81624bc48d48ccaf8a48e0f20d2ee80f3910b6652c06d5c48952bcc57,/data2/chenyi9/KV-PIM/attacc-fugue/output/KVChime-multi-model-TP4-20260907/model-sweep/Fugue-asplos-raw/profiles/scan-N1536-H7-Q1
scan-N1664-H2-Q8,5796,4.457123999999999,8,832,6656,8519680,38446694.400000006,2176,16,7e7b842e4e1c1fb0e7825ba4f759185aaa76d43998c9d08aa12f9c90c870bdf9,/data2/chenyi9/KV-PIM/attacc-fugue/output/KVChime-multi-model-TP4-20260907/model-sweep/Fugue-asplos-raw/profiles/scan-N1664-H2-Q8
scan-N1536-H8-Q1,2850,2.19165,6,3072,3072,31457280,138835968.0,960,8,0fa8a3cc4789585db5c3ba0d1615fb3d8a5441572549051262b190298a6e4083,/data2/chenyi9/KV-PIM/attacc-fugue/output/KVChime-multi-model-TP4-20260907/model-sweep/Fugue-asplos-raw/profiles/scan-N1536-H8-Q1
scan-N1664-H4-Q1,3138,2.413122,6,1664,1664,17039360,75213209.6,544,4,a535ec5e61020d69a096b65484aaea24b793c8db18fa494e1b0855cb048097b2,/data2/chenyi9/KV-PIM/attacc-fugue/output/KVChime-multi-model-TP4-20260907/model-sweep/Fugue-asplos-raw/profiles/scan-N1664-H4-Q1
scan-N1536-H7-Q8,4868,3.7434920000000003,8,2688,21504,27525120,124078080.0,6720,56,fc5ec795da8e5f216072c60b4e14e09c1bfe6f31ec63580e14f9f4c843f91c4b,/data2/chenyi9/KV-PIM/attacc-fugue/output/KVChime-multi-model-TP4-20260907/model-sweep/Fugue-asplos-raw/profiles/scan-N1536-H7-Q8
scan-N1664-H4-Q8,5810,4.467890000000001,8,1664,13312,17039360,76893388.80000001,4352,32,6fa229277dbdf79b5f007ed71b2c61f44658dbfa09d010b3bfdf1495e9e24347,/data2/chenyi9/KV-PIM/attacc-fugue/output/KVChime-multi-model-TP4-20260907/model-sweep/Fugue-asplos-raw/profiles/scan-N1664-H4-Q8
scan-N1792-H2-Q1,3330,2.5607699999999998,6,896,896,9175040,40490188.800000004,272,2,b0c1d8dec76c8b6c2df28ae9a150f2271e8045059a48acc687f16fbf0b3d23fe,/data2/chenyi9/KV-PIM/attacc-fugue/output/KVChime-multi-model-TP4-20260907/model-sweep/Fugue-asplos-raw/profiles/scan-N1792-H2-Q1
scan-N1536-H8-Q8,4868,3.7434920000000003,8,3072,24576,31457280,141803520.00000003,7680,64,19d25ac6bf590a46be969371772e811370343d015b207867cdf88b9bf6096683,/data2/chenyi9/KV-PIM/attacc-fugue/output/KVChime-multi-model-TP4-20260907/model-sweep/Fugue-asplos-raw/profiles/scan-N1536-H8-Q8
scan-N1664-H7-Q1,3138,2.413122,6,2912,2912,29818880,131623116.80000001,952,7,b3c93f37b65322259212350d9c1d438dc0497626792e420ad8c5ecd580d4f91c,/data2/chenyi9/KV-PIM/attacc-fugue/output/KVChime-multi-model-TP4-20260907/model-sweep/Fugue-asplos-raw/profiles/scan-N1664-H7-Q1
scan-N1664-H8-Q1,3138,2.413122,6,3328,3328,34078720,150426419.2,1088,8,c55e23642e003fce1ef3d822945169cea642985b941c4c97ec624a6ff6257fa8,/data2/chenyi9/KV-PIM/attacc-fugue/output/KVChime-multi-model-TP4-20260907/model-sweep/Fugue-asplos-raw/profiles/scan-N1664-H8-Q1
scan-N1792-H2-Q8,6070,4.66783,8,896,7168,9175040,41330278.400000006,2176,16,cec772e0a00da7d8fffa15d5474b9d51f5da990a80725896007f5e9146f62fbd,/data2/chenyi9/KV-PIM/attacc-fugue/output/KVChime-multi-model-TP4-20260907/model-sweep/Fugue-asplos-raw/profiles/scan-N1792-H2-Q8
scan-N1792-H4-Q1,3330,2.5607699999999998,6,1792,1792,18350080,80980377.60000001,544,4,5fd6f9c4c6749971652cd161d79ccf4df511525287531a2fe547eb5a7a9d35b6,/data2/chenyi9/KV-PIM/attacc-fugue/output/KVChime-multi-model-TP4-20260907/model-sweep/Fugue-asplos-raw/profiles/scan-N1792-H4-Q1
scan-N1664-H7-Q8,5797,4.457893,8,2912,23296,29818880,134563430.4,7616,56,9a981b5e1a195820dba31620ed3e17c4d245d10d439e73ebabf377f915f8d557,/data2/chenyi9/KV-PIM/attacc-fugue/output/KVChime-multi-model-TP4-20260907/model-sweep/Fugue-asplos-raw/profiles/scan-N1664-H7-Q8
scan-N1792-H4-Q8,6096,4.687824000000001,8,1792,14336,18350080,82660556.80000001,4352,32,13146a8f1130705bfd3dfb0c3aa5575d15af94a344cf4bfc0d0737828075c978,/data2/chenyi9/KV-PIM/attacc-fugue/output/KVChime-multi-model-TP4-20260907/model-sweep/Fugue-asplos-raw/profiles/scan-N1792-H4-Q8
scan-N2048-H2-Q1,3810,2.92989,6,1024,1024,10485760,46271385.60000001,304,2,50385b012ac7f1ae22d3f6f5f65c329e83d5546f5455254afe2ec923a76aa47f,/data2/chenyi9/KV-PIM/attacc-fugue/output/KVChime-multi-model-TP4-20260907/model-sweep/Fugue-asplos-raw/profiles/scan-N2048-H2-Q1
scan-N1664-H8-Q8,5857,4.504033000000001,8,3328,26624,34078720,153786777.60000002,8704,64,7fcd7308dcd6b06a0f6edb59fa57bd1986ad5008e91175db9ea21cb94660b4e3,/data2/chenyi9/KV-PIM/attacc-fugue/output/KVChime-multi-model-TP4-20260907/model-sweep/Fugue-asplos-raw/profiles/scan-N1664-H8-Q8
scan-N1792-H7-Q1,3330,2.5607699999999998,6,3136,3136,32112640,141715660.8,952,7,2ecb1a4bc14eb0cea748503660beeb6c231866efce7e191c6a936a2d3cf60e69,/data2/chenyi9/KV-PIM/attacc-fugue/output/KVChime-multi-model-TP4-20260907/model-sweep/Fugue-asplos-raw/profiles/scan-N1792-H7-Q1
scan-N2048-H2-Q8,6832,5.253808,8,1024,8192,10485760,47209676.800000004,2432,16,5301ae649fea6ca5422e657d26367d56fd46daebc91bbf6fdfe89b1d17dbe7df,/data2/chenyi9/KV-PIM/attacc-fugue/output/KVChime-multi-model-TP4-20260907/model-sweep/Fugue-asplos-raw/profiles/scan-N2048-H2-Q8
scan-N1792-H8-Q1,3330,2.5607699999999998,6,3584,3584,36700160,161960755.20000002,1088,8,96a98ff62df4e971257ffe9a5fc1706db6cd9a83b7cb803326aab2f53a864bc5,/data2/chenyi9/KV-PIM/attacc-fugue/output/KVChime-multi-model-TP4-20260907/model-sweep/Fugue-asplos-raw/profiles/scan-N1792-H8-Q1
scan-N2048-H4-Q1,3810,2.92989,6,2048,2048,20971520,92542771.20000002,608,4,f9ada4db7dc477c13c4cad57d2f40db7cb9273f5196777ebf78cdbbf1e23200e,/data2/chenyi9/KV-PIM/attacc-fugue/output/KVChime-multi-model-TP4-20260907/model-sweep/Fugue-asplos-raw/profiles/scan-N2048-H4-Q1
scan-N1792-H7-Q8,6121,4.707049,8,3136,25088,32112640,144655974.4,7616,56,b37240696bdc6f1982e38e17f96c48501a2ba9010d9ddf07686e209926fa609b,/data2/chenyi9/KV-PIM/attacc-fugue/output/KVChime-multi-model-TP4-20260907/model-sweep/Fugue-asplos-raw/profiles/scan-N1792-H7-Q8
scan-N2048-H4-Q8,6920,5.32148,8,2048,16384,20971520,94419353.60000001,4864,32,a8e3f3c172a3bd26a493528b218952efccbe69e616d2bdd402ad4eb6e8dcd864,/data2/chenyi9/KV-PIM/attacc-fugue/output/KVChime-multi-model-TP4-20260907/model-sweep/Fugue-asplos-raw/profiles/scan-N2048-H4-Q8
scan-N2049-H2-Q1,3930,3.02217,6,1032,1032,10567680,46645862.400000006,336,2,77f9ba51ed5a151d900851e8f80390b1431de0c7fef3c24fa1b1b3936aa57ff1,/data2/chenyi9/KV-PIM/attacc-fugue/output/KVChime-multi-model-TP4-20260907/model-sweep/Fugue-asplos-raw/profiles/scan-N2049-H2-Q1
scan-N2049-H2-Q4,5084,3.909596,7,1032,4128,10567680,47090073.6,1344,8,e850e3a2cccea9edb410dea439eaaef48c1c0ae3ff9bd8f3f3407bc8ce6dc354,/data2/chenyi9/KV-PIM/attacc-fugue/output/KVChime-multi-model-TP4-20260907/model-sweep/Fugue-asplos-raw/profiles/scan-N2049-H2-Q4
scan-N1792-H8-Q8,6125,4.710125,8,3584,28672,36700160,165321113.60000002,8704,64,b1e1ff9793c4b05fde775a22f5b39cf8360187da5e0443103bfab764ad752738,/data2/chenyi9/KV-PIM/attacc-fugue/output/KVChime-multi-model-TP4-20260907/model-sweep/Fugue-asplos-raw/profiles/scan-N1792-H8-Q8
scan-N2048-H7-Q1,3810,2.92989,6,3584,3584,36700160,161949849.60000002,1064,7,5026f13dca0b285040675bd7f78a62f55c1a3f93062346a9a5a508a93a848eae,/data2/chenyi9/KV-PIM/attacc-fugue/output/KVChime-multi-model-TP4-20260907/model-sweep/Fugue-asplos-raw/profiles/scan-N2048-H7-Q1
scan-N2048-H8-Q1,3810,2.92989,6,4096,4096,41943040,185085542.40000004,1216,8,4e8f921bc5113c7deefb703e7408d8c0aa4baf3c447f4dd42918a5b5feab95df,/data2/chenyi9/KV-PIM/attacc-fugue/output/KVChime-multi-model-TP4-20260907/model-sweep/Fugue-asplos-raw/profiles/scan-N2048-H8-Q1
scan-N2050-H2-Q1,3930,3.02217,6,1032,1032,10567680,46645862.400000006,336,2,77f9ba51ed5a151d900851e8f80390b1431de0c7fef3c24fa1b1b3936aa57ff1,/data2/chenyi9/KV-PIM/attacc-fugue/output/KVChime-multi-model-TP4-20260907/model-sweep/Fugue-asplos-raw/profiles/scan-N2050-H2-Q1
scan-N2049-H4-Q1,3930,3.02217,6,2064,2064,21135360,93291724.80000001,672,4,10b1af13bdc8f6e15ba41ca9800ff74d6a30f737559a4549126357268d7a3af8,/data2/chenyi9/KV-PIM/attacc-fugue/output/KVChime-multi-model-TP4-20260907/model-sweep/Fugue-asplos-raw/profiles/scan-N2049-H4-Q1
scan-N2048-H7-Q8,6950,5.34455,8,3584,28672,36700160,165233868.8,8512,56,321704ecdee6f9c69a6a789714b18f0a9f38ffc8d3e4727a359dbabb6867c21a,/data2/chenyi9/KV-PIM/attacc-fugue/output/KVChime-multi-model-TP4-20260907/model-sweep/Fugue-asplos-raw/profiles/scan-N2048-H7-Q8
scan-N2050-H2-Q8,7268,5.589092000000001,8,1032,8256,10567680,47682355.2,2688,16,020282f27c0b5277c09203e21158161026a15eb41e1033fed688e0e897f72456,/data2/chenyi9/KV-PIM/attacc-fugue/output/KVChime-multi-model-TP4-20260907/model-sweep/Fugue-asplos-raw/profiles/scan-N2050-H2-Q8
scan-N2049-H7-Q1,3930,3.02217,6,3612,3612,36986880,163260518.4,1176,7,c5954cae9c06a8516f2b7256613ec23f3a7b7d45554b1243e4637a0982033d50,/data2/chenyi9/KV-PIM/attacc-fugue/output/KVChime-multi-model-TP4-20260907/model-sweep/Fugue-asplos-raw/profiles/scan-N2049-H7-Q1
scan-N2050-H4-Q1,3930,3.02217,6,2064,2064,21135360,93291724.80000001,672,4,10b1af13bdc8f6e15ba41ca9800ff74d6a30f737559a4549126357268d7a3af8,/data2/chenyi9/KV-PIM/attacc-fugue/output/KVChime-multi-model-TP4-20260907/model-sweep/Fugue-asplos-raw/profiles/scan-N2050-H4-Q1
scan-N2050-H4-Q2,4637,3.565853,7,2064,4128,21135360,93587865.60000001,1344,8,e72ac005f5f83fc4aa278e78660d689ed964ebe38ae2d4d0de300de39a47bd22,/data2/chenyi9/KV-PIM/attacc-fugue/output/KVChime-multi-model-TP4-20260907/model-sweep/Fugue-asplos-raw/profiles/scan-N2050-H4-Q2
scan-N2048-H8-Q8,6956,5.349164,8,4096,32768,41943040,188838707.20000002,9728,64,e34652bcd032aeccbdc6f615329ea1aacc9ed0f0b36396654d50cd3ef2fade09,/data2/chenyi9/KV-PIM/attacc-fugue/output/KVChime-multi-model-TP4-20260907/model-sweep/Fugue-asplos-raw/profiles/scan-N2048-H8-Q8
scan-N2049-H8-Q1,3930,3.02217,6,4128,4128,42270720,186583449.60000002,1344,8,a4639a4c9fa1449c70d411dde37a6f642c0eeebe1f2e94e64d602b56aa5b6e82,/data2/chenyi9/KV-PIM/attacc-fugue/output/KVChime-multi-model-TP4-20260907/model-sweep/Fugue-asplos-raw/profiles/scan-N2049-H8-Q1
scan-N2052-H2-Q1,3930,3.02217,6,1032,1032,10567680,46645862.400000006,336,2,77f9ba51ed5a151d900851e8f80390b1431de0c7fef3c24fa1b1b3936aa57ff1,/data2/chenyi9/KV-PIM/attacc-fugue/output/KVChime-multi-model-TP4-20260907/model-sweep/Fugue-asplos-raw/profiles/scan-N2052-H2-Q1
scan-N2050-H7-Q1,3930,3.02217,6,3612,3612,36986880,163260518.4,1176,7,c5954cae9c06a8516f2b7256613ec23f3a7b7d45554b1243e4637a0982033d50,/data2/chenyi9/KV-PIM/attacc-fugue/output/KVChime-multi-model-TP4-20260907/model-sweep/Fugue-asplos-raw/profiles/scan-N2050-H7-Q1
scan-N2052-H2-Q8,7268,5.589092000000001,8,1032,8256,10567680,47682355.2,2688,16,020282f27c0b5277c09203e21158161026a15eb41e1033fed688e0e897f72456,/data2/chenyi9/KV-PIM/attacc-fugue/output/KVChime-multi-model-TP4-20260907/model-sweep/Fugue-asplos-raw/profiles/scan-N2052-H2-Q8
scan-N2050-H8-Q1,3930,3.02217,6,4128,4128,42270720,186583449.60000002,1344,8,a4639a4c9fa1449c70d411dde37a6f642c0eeebe1f2e94e64d602b56aa5b6e82,/data2/chenyi9/KV-PIM/attacc-fugue/output/KVChime-multi-model-TP4-20260907/model-sweep/Fugue-asplos-raw/profiles/scan-N2050-H8-Q1
scan-N2050-H7-Q2,4637,3.565853,7,3612,7224,36986880,163778764.8,2352,14,5fc283b36c6a5098d1b6c0a8fffd770db24e4b4fd8f3646d153c2a5f120d7fa1,/data2/chenyi9/KV-PIM/attacc-fugue/output/KVChime-multi-model-TP4-20260907/model-sweep/Fugue-asplos-raw/profiles/scan-N2050-H7-Q2
scan-N2052-H4-Q1,3930,3.02217,6,2064,2064,21135360,93291724.80000001,672,4,10b1af13bdc8f6e15ba41ca9800ff74d6a30f737559a4549126357268d7a3af8,/data2/chenyi9/KV-PIM/attacc-fugue/output/KVChime-multi-model-TP4-20260907/model-sweep/Fugue-asplos-raw/profiles/scan-N2052-H4-Q1
scan-N2052-H4-Q4,5101,3.922669,7,2064,8256,21135360,94180147.2,2688,16,57090133d1c6bd7b315781a449a0819620f3fcd8f9272c6a17bb33b4df6cdc80,/data2/chenyi9/KV-PIM/attacc-fugue/output/KVChime-multi-model-TP4-20260907/model-sweep/Fugue-asplos-raw/profiles/scan-N2052-H4-Q4
scan-N2056-H2-Q1,3930,3.02217,6,1032,1032,10567680,46645862.400000006,336,2,77f9ba51ed5a151d900851e8f80390b1431de0c7fef3c24fa1b1b3936aa57ff1,/data2/chenyi9/KV-PIM/attacc-fugue/output/KVChime-multi-model-TP4-20260907/model-sweep/Fugue-asplos-raw/profiles/scan-N2056-H2-Q1
scan-N2050-H8-Q2,4637,3.565853,7,4128,8256,42270720,187175731.20000002,2688,16,c6f43e8274be246d9037d91b3d50f61e69f58b50d9637fd7eaf59c00784d368b,/data2/chenyi9/KV-PIM/attacc-fugue/output/KVChime-multi-model-TP4-20260907/model-sweep/Fugue-asplos-raw/profiles/scan-N2050-H8-Q2
scan-N2052-H7-Q1,3930,3.02217,6,3612,3612,36986880,163260518.4,1176,7,c5954cae9c06a8516f2b7256613ec23f3a7b7d45554b1243e4637a0982033d50,/data2/chenyi9/KV-PIM/attacc-fugue/output/KVChime-multi-model-TP4-20260907/model-sweep/Fugue-asplos-raw/profiles/scan-N2052-H7-Q1
scan-N2056-H2-Q8,7268,5.589092000000001,8,1032,8256,10567680,47682355.2,2688,16,020282f27c0b5277c09203e21158161026a15eb41e1033fed688e0e897f72456,/data2/chenyi9/KV-PIM/attacc-fugue/output/KVChime-multi-model-TP4-20260907/model-sweep/Fugue-asplos-raw/profiles/scan-N2056-H2-Q8
scan-N2056-H4-Q1,3930,3.02217,6,2064,2064,21135360,93291724.80000001,672,4,10b1af13bdc8f6e15ba41ca9800ff74d6a30f737559a4549126357268d7a3af8,/data2/chenyi9/KV-PIM/attacc-fugue/output/KVChime-multi-model-TP4-20260907/model-sweep/Fugue-asplos-raw/profiles/scan-N2056-H4-Q1
scan-N2052-H7-Q4,5105,3.925745,7,3612,14448,36986880,164815257.60000002,4704,28,b1b736f2feb56cbbd6c30fae4b2f931754314d5ad57d24668f4b0cc9c188bfb6,/data2/chenyi9/KV-PIM/attacc-fugue/output/KVChime-multi-model-TP4-20260907/model-sweep/Fugue-asplos-raw/profiles/scan-N2052-H7-Q4
scan-N2052-H8-Q1,3930,3.02217,6,4128,4128,42270720,186583449.60000002,1344,8,a4639a4c9fa1449c70d411dde37a6f642c0eeebe1f2e94e64d602b56aa5b6e82,/data2/chenyi9/KV-PIM/attacc-fugue/output/KVChime-multi-model-TP4-20260907/model-sweep/Fugue-asplos-raw/profiles/scan-N2052-H8-Q1
scan-N2056-H4-Q8,7338,5.642922,8,2064,16512,21135360,95364710.4,5376,32,ab1971de4fce12aae849ab719a2f2b92c4393c9739432aa162900e64949c3995,/data2/chenyi9/KV-PIM/attacc-fugue/output/KVChime-multi-model-TP4-20260907/model-sweep/Fugue-asplos-raw/profiles/scan-N2056-H4-Q8
scan-N2060-H2-Q1,3930,3.02217,6,1032,1032,10567680,46645862.400000006,336,2,77f9ba51ed5a151d900851e8f80390b1431de0c7fef3c24fa1b1b3936aa57ff1,/data2/chenyi9/KV-PIM/attacc-fugue/output/KVChime-multi-model-TP4-20260907/model-sweep/Fugue-asplos-raw/profiles/scan-N2060-H2-Q1
scan-N2052-H8-Q4,5105,3.925745,7,4128,16512,42270720,188360294.4,5376,32,93554eab3987611d63a92cf22d179c9f854309ca0977332242e1a7a9a1405ac1,/data2/chenyi9/KV-PIM/attacc-fugue/output/KVChime-multi-model-TP4-20260907/model-sweep/Fugue-asplos-raw/profiles/scan-N2052-H8-Q4
scan-N2056-H7-Q1,3930,3.02217,6,3612,3612,36986880,163260518.4,1176,7,c5954cae9c06a8516f2b7256613ec23f3a7b7d45554b1243e4637a0982033d50,/data2/chenyi9/KV-PIM/attacc-fugue/output/KVChime-multi-model-TP4-20260907/model-sweep/Fugue-asplos-raw/profiles/scan-N2056-H7-Q1
scan-N2060-H2-Q8,7268,5.589092000000001,8,1032,8256,10567680,47682355.2,2688,16,020282f27c0b5277c09203e21158161026a15eb41e1033fed688e0e897f72456,/data2/chenyi9/KV-PIM/attacc-fugue/output/KVChime-multi-model-TP4-20260907/model-sweep/Fugue-asplos-raw/profiles/scan-N2060-H2-Q8
scan-N2056-H8-Q1,3930,3.02217,6,4128,4128,42270720,186583449.60000002,1344,8,a4639a4c9fa1449c70d411dde37a6f642c0eeebe1f2e94e64d602b56aa5b6e82,/data2/chenyi9/KV-PIM/attacc-fugue/output/KVChime-multi-model-TP4-20260907/model-sweep/Fugue-asplos-raw/profiles/scan-N2056-H8-Q1
scan-N2060-H4-Q1,3930,3.02217,6,2064,2064,21135360,93291724.80000001,672,4,10b1af13bdc8f6e15ba41ca9800ff74d6a30f737559a4549126357268d7a3af8,/data2/chenyi9/KV-PIM/attacc-fugue/output/KVChime-multi-model-TP4-20260907/model-sweep/Fugue-asplos-raw/profiles/scan-N2060-H4-Q1
scan-N2060-H4-Q4,5101,3.922669,7,2064,8256,21135360,94180147.2,2688,16,57090133d1c6bd7b315781a449a0819620f3fcd8f9272c6a17bb33b4df6cdc80,/data2/chenyi9/KV-PIM/attacc-fugue/output/KVChime-multi-model-TP4-20260907/model-sweep/Fugue-asplos-raw/profiles/scan-N2060-H4-Q4
scan-N2056-H7-Q8,7368,5.665992,8,3612,28896,36986880,166888243.2,9408,56,7493537d18e8c17264bba5f31b68353938c825330ca3e99d68f45a4a0ed5251b,/data2/chenyi9/KV-PIM/attacc-fugue/output/KVChime-multi-model-TP4-20260907/model-sweep/Fugue-asplos-raw/profiles/scan-N2056-H7-Q8
scan-N2060-H4-Q8,7338,5.642922,8,2064,16512,21135360,95364710.4,5376,32,ab1971de4fce12aae849ab719a2f2b92c4393c9739432aa162900e64949c3995,/data2/chenyi9/KV-PIM/attacc-fugue/output/KVChime-multi-model-TP4-20260907/model-sweep/Fugue-asplos-raw/profiles/scan-N2060-H4-Q8
scan-N2060-H7-Q1,3930,3.02217,6,3612,3612,36986880,163260518.4,1176,7,c5954cae9c06a8516f2b7256613ec23f3a7b7d45554b1243e4637a0982033d50,/data2/chenyi9/KV-PIM/attacc-fugue/output/KVChime-multi-model-TP4-20260907/model-sweep/Fugue-asplos-raw/profiles/scan-N2060-H7-Q1
scan-N2056-H8-Q8,7374,5.670605999999999,8,4128,33024,42270720,190729420.8,10752,64,6f98f02d59cebb5e4e12221b6a183cc4ed1a112ab51a92a51f31eefc27234451,/data2/chenyi9/KV-PIM/attacc-fugue/output/KVChime-multi-model-TP4-20260907/model-sweep/Fugue-asplos-raw/profiles/scan-N2056-H8-Q8
scan-N2064-H2-Q1,3930,3.02217,6,1032,1032,10567680,46645862.400000006,336,2,77f9ba51ed5a151d900851e8f80390b1431de0c7fef3c24fa1b1b3936aa57ff1,/data2/chenyi9/KV-PIM/attacc-fugue/output/KVChime-multi-model-TP4-20260907/model-sweep/Fugue-asplos-raw/profiles/scan-N2064-H2-Q1
scan-N2060-H7-Q4,5105,3.925745,7,3612,14448,36986880,164815257.60000002,4704,28,b1b736f2feb56cbbd6c30fae4b2f931754314d5ad57d24668f4b0cc9c188bfb6,/data2/chenyi9/KV-PIM/attacc-fugue/output/KVChime-multi-model-TP4-20260907/model-sweep/Fugue-asplos-raw/profiles/scan-N2060-H7-Q4
scan-N2064-H2-Q8,7268,5.589092000000001,8,1032,8256,10567680,47682355.2,2688,16,020282f27c0b5277c09203e21158161026a15eb41e1033fed688e0e897f72456,/data2/chenyi9/KV-PIM/attacc-fugue/output/KVChime-multi-model-TP4-20260907/model-sweep/Fugue-asplos-raw/profiles/scan-N2064-H2-Q8
scan-N2060-H8-Q1,3930,3.02217,6,4128,4128,42270720,186583449.60000002,1344,8,a4639a4c9fa1449c70d411dde37a6f642c0eeebe1f2e94e64d602b56aa5b6e82,/data2/chenyi9/KV-PIM/attacc-fugue/output/KVChime-multi-model-TP4-20260907/model-sweep/Fugue-asplos-raw/profiles/scan-N2060-H8-Q1
scan-N2064-H4-Q1,3930,3.02217,6,2064,2064,21135360,93291724.80000001,672,4,10b1af13bdc8f6e15ba41ca9800ff74d6a30f737559a4549126357268d7a3af8,/data2/chenyi9/KV-PIM/attacc-fugue/output/KVChime-multi-model-TP4-20260907/model-sweep/Fugue-asplos-raw/profiles/scan-N2064-H4-Q1
scan-N2060-H7-Q8,7368,5.665992,8,3612,28896,36986880,166888243.2,9408,56,7493537d18e8c17264bba5f31b68353938c825330ca3e99d68f45a4a0ed5251b,/data2/chenyi9/KV-PIM/attacc-fugue/output/KVChime-multi-model-TP4-20260907/model-sweep/Fugue-asplos-raw/profiles/scan-N2060-H7-Q8
scan-N2060-H8-Q4,5105,3.925745,7,4128,16512,42270720,188360294.4,5376,32,93554eab3987611d63a92cf22d179c9f854309ca0977332242e1a7a9a1405ac1,/data2/chenyi9/KV-PIM/attacc-fugue/output/KVChime-multi-model-TP4-20260907/model-sweep/Fugue-asplos-raw/profiles/scan-N2060-H8-Q4
scan-N2064-H4-Q8,7338,5.642922,8,2064,16512,21135360,95364710.4,5376,32,ab1971de4fce12aae849ab719a2f2b92c4393c9739432aa162900e64949c3995,/data2/chenyi9/KV-PIM/attacc-fugue/output/KVChime-multi-model-TP4-20260907/model-sweep/Fugue-asplos-raw/profiles/scan-N2064-H4-Q8
scan-N2072-H2-Q1,3954,3.040626,6,1040,1040,10649600,47006310.4,336,2,c83bcdbfd515674a076cb8d96dc8d302f0db211684640debcff3a6cee511797f,/data2/chenyi9/KV-PIM/attacc-fugue/output/KVChime-multi-model-TP4-20260907/model-sweep/Fugue-asplos-raw/profiles/scan-N2072-H2-Q1
scan-N2060-H8-Q8,7374,5.670605999999999,8,4128,33024,42270720,190729420.8,10752,64,6f98f02d59cebb5e4e12221b6a183cc4ed1a112ab51a92a51f31eefc27234451,/data2/chenyi9/KV-PIM/attacc-fugue/output/KVChime-multi-model-TP4-20260907/model-sweep/Fugue-asplos-raw/profiles/scan-N2060-H8-Q8
scan-N2064-H7-Q1,3930,3.02217,6,3612,3612,36986880,163260518.4,1176,7,c5954cae9c06a8516f2b7256613ec23f3a7b7d45554b1243e4637a0982033d50,/data2/chenyi9/KV-PIM/attacc-fugue/output/KVChime-multi-model-TP4-20260907/model-sweep/Fugue-asplos-raw/profiles/scan-N2064-H7-Q1
scan-N2072-H2-Q8,7282,5.599858,8,1040,8320,10649600,48042803.2,2688,16,ff71c3337d824edf907efe820efdcac3d855dd9197d4ed3a6fb31eae096eb39b,/data2/chenyi9/KV-PIM/attacc-fugue/output/KVChime-multi-model-TP4-20260907/model-sweep/Fugue-asplos-raw/profiles/scan-N2072-H2-Q8
scan-N2072-H4-Q1,3954,3.040626,6,2080,2080,21299200,94012620.8,672,4,36c8b146533aaa14997992f04b9fe73b76120d3abe9d80ecca6d5d9d1e1e94a6,/data2/chenyi9/KV-PIM/attacc-fugue/output/KVChime-multi-model-TP4-20260907/model-sweep/Fugue-asplos-raw/profiles/scan-N2072-H4-Q1
scan-N2064-H8-Q1,3930,3.02217,6,4128,4128,42270720,186583449.60000002,1344,8,a4639a4c9fa1449c70d411dde37a6f642c0eeebe1f2e94e64d602b56aa5b6e82,/data2/chenyi9/KV-PIM/attacc-fugue/output/KVChime-multi-model-TP4-20260907/model-sweep/Fugue-asplos-raw/profiles/scan-N2064-H8-Q1
scan-N2064-H7-Q8,7368,5.665992,8,3612,28896,36986880,166888243.2,9408,56,7493537d18e8c17264bba5f31b68353938c825330ca3e99d68f45a4a0ed5251b,/data2/chenyi9/KV-PIM/attacc-fugue/output/KVChime-multi-model-TP4-20260907/model-sweep/Fugue-asplos-raw/profiles/scan-N2064-H7-Q8
scan-N2072-H4-Q8,7352,5.653688,8,2080,16640,21299200,96085606.4,5376,32,fc49fc31a9b814fec565328ba050e74e888560afe91bd0f3c8530f429e925228,/data2/chenyi9/KV-PIM/attacc-fugue/output/KVChime-multi-model-TP4-20260907/model-sweep/Fugue-asplos-raw/profiles/scan-N2072-H4-Q8
scan-N2080-H2-Q1,3954,3.040626,6,1040,1040,10649600,47006310.4,336,2,c83bcdbfd515674a076cb8d96dc8d302f0db211684640debcff3a6cee511797f,/data2/chenyi9/KV-PIM/attacc-fugue/output/KVChime-multi-model-TP4-20260907/model-sweep/Fugue-asplos-raw/profiles/scan-N2080-H2-Q1
scan-N2072-H7-Q1,3954,3.040626,6,3640,3640,37273600,164522086.40000004,1176,7,1eae1e593b4031ab7c9d4fb086b5e6728bc22cfd43e56a56ba5ecb3787c18d69,/data2/chenyi9/KV-PIM/attacc-fugue/output/KVChime-multi-model-TP4-20260907/model-sweep/Fugue-asplos-raw/profiles/scan-N2072-H7-Q1
scan-N2064-H8-Q8,7374,5.670605999999999,8,4128,33024,42270720,190729420.8,10752,64,6f98f02d59cebb5e4e12221b6a183cc4ed1a112ab51a92a51f31eefc27234451,/data2/chenyi9/KV-PIM/attacc-fugue/output/KVChime-multi-model-TP4-20260907/model-sweep/Fugue-asplos-raw/profiles/scan-N2064-H8-Q8
scan-N2080-H2-Q8,7282,5.599858,8,1040,8320,10649600,48042803.2,2688,16,ff71c3337d824edf907efe820efdcac3d855dd9197d4ed3a6fb31eae096eb39b,/data2/chenyi9/KV-PIM/attacc-fugue/output/KVChime-multi-model-TP4-20260907/model-sweep/Fugue-asplos-raw/profiles/scan-N2080-H2-Q8
scan-N2072-H8-Q1,3954,3.040626,6,4160,4160,42598400,188025241.6,1344,8,18eb5b54ea91470ef3ee2c9f4f942aaf6a5ec3a1a0deff2ff014fe5f101d17b2,/data2/chenyi9/KV-PIM/attacc-fugue/output/KVChime-multi-model-TP4-20260907/model-sweep/Fugue-asplos-raw/profiles/scan-N2072-H8-Q1
scan-N2080-H4-Q1,3954,3.040626,6,2080,2080,21299200,94012620.8,672,4,36c8b146533aaa14997992f04b9fe73b76120d3abe9d80ecca6d5d9d1e1e94a6,/data2/chenyi9/KV-PIM/attacc-fugue/output/KVChime-multi-model-TP4-20260907/model-sweep/Fugue-asplos-raw/profiles/scan-N2080-H4-Q1
scan-N2072-H7-Q8,7382,5.6767579999999995,8,3640,29120,37273600,168149811.20000002,9408,56,ac2e013024cd71e790356b82171ee9de6987052cc2b58f41ba4cd4bbe97cc962,/data2/chenyi9/KV-PIM/attacc-fugue/output/KVChime-multi-model-TP4-20260907/model-sweep/Fugue-asplos-raw/profiles/scan-N2072-H7-Q8
scan-N2096-H2-Q1,3978,3.059082,6,1048,1048,10731520,47366758.400000006,336,2,69037b15e9475d50ac505d4365ccdcae512ec94177e158bac404b7d259ad05e5,/data2/chenyi9/KV-PIM/attacc-fugue/output/KVChime-multi-model-TP4-20260907/model-sweep/Fugue-asplos-raw/profiles/scan-N2096-H2-Q1
scan-N2080-H4-Q8,7352,5.653688,8,2080,16640,21299200,96085606.4,5376,32,fc49fc31a9b814fec565328ba050e74e888560afe91bd0f3c8530f429e925228,/data2/chenyi9/KV-PIM/attacc-fugue/output/KVChime-multi-model-TP4-20260907/model-sweep/Fugue-asplos-raw/profiles/scan-N2080-H4-Q8
scan-N2080-H7-Q1,3954,3.040626,6,3640,3640,37273600,164522086.40000004,1176,7,1eae1e593b4031ab7c9d4fb086b5e6728bc22cfd43e56a56ba5ecb3787c18d69,/data2/chenyi9/KV-PIM/attacc-fugue/output/KVChime-multi-model-TP4-20260907/model-sweep/Fugue-asplos-raw/profiles/scan-N2080-H7-Q1
scan-N2096-H2-Q8,7300,5.6137,8,1048,8384,10731520,48403251.20000001,2688,16,49e352d8dacbec3027c4da74c048762b70808f350925eb6d1063e2a7c9863d89,/data2/chenyi9/KV-PIM/attacc-fugue/output/KVChime-multi-model-TP4-20260907/model-sweep/Fugue-asplos-raw/profiles/scan-N2096-H2-Q8
scan-N2072-H8-Q8,7388,5.6813720000000005,8,4160,33280,42598400,192171212.8,10752,64,ac2500afb7a6c861429c49e287e265b8baf8737f57886e3dac5c6f9d3d7cfef7,/data2/chenyi9/KV-PIM/attacc-fugue/output/KVChime-multi-model-TP4-20260907/model-sweep/Fugue-asplos-raw/profiles/scan-N2072-H8-Q8
scan-N2096-H4-Q1,3978,3.059082,6,2096,2096,21463040,94733516.80000001,672,4,bcfbd219196ae93004bbbf57b1ae2eccb6711c0c27773bc1bbaa5640c3c12c67,/data2/chenyi9/KV-PIM/attacc-fugue/output/KVChime-multi-model-TP4-20260907/model-sweep/Fugue-asplos-raw/profiles/scan-N2096-H4-Q1
scan-N2080-H8-Q1,3954,3.040626,6,4160,4160,42598400,188025241.6,1344,8,18eb5b54ea91470ef3ee2c9f4f942aaf6a5ec3a1a0deff2ff014fe5f101d17b2,/data2/chenyi9/KV-PIM/attacc-fugue/output/KVChime-multi-model-TP4-20260907/model-sweep/Fugue-asplos-raw/profiles/scan-N2080-H8-Q1
scan-N2080-H7-Q8,7382,5.6767579999999995,8,3640,29120,37273600,168149811.20000002,9408,56,ac2e013024cd71e790356b82171ee9de6987052cc2b58f41ba4cd4bbe97cc962,/data2/chenyi9/KV-PIM/attacc-fugue/output/KVChime-multi-model-TP4-20260907/model-sweep/Fugue-asplos-raw/profiles/scan-N2080-H7-Q8
scan-N2096-H4-Q8,7370,5.66753,8,2096,16768,21463040,96806502.40000002,5376,32,13ea2cf830977f73f204c00ad54e91569fa79408cbe44bd86c6bb64ac4e09b97,/data2/chenyi9/KV-PIM/attacc-fugue/output/KVChime-multi-model-TP4-20260907/model-sweep/Fugue-asplos-raw/profiles/scan-N2096-H4-Q8
scan-N2112-H2-Q1,4002,3.077538,6,1056,1056,10813440,47727206.400000006,336,2,e49b0d6f80228e52d102d3b5accf353297f63b02b8a14949c1dd7a69ea989159,/data2/chenyi9/KV-PIM/attacc-fugue/output/KVChime-multi-model-TP4-20260907/model-sweep/Fugue-asplos-raw/profiles/scan-N2112-H2-Q1
scan-N2080-H8-Q8,7388,5.6813720000000005,8,4160,33280,42598400,192171212.8,10752,64,ac2500afb7a6c861429c49e287e265b8baf8737f57886e3dac5c6f9d3d7cfef7,/data2/chenyi9/KV-PIM/attacc-fugue/output/KVChime-multi-model-TP4-20260907/model-sweep/Fugue-asplos-raw/profiles/scan-N2080-H8-Q8
scan-N2112-H2-Q8,7314,5.624466,8,1056,8448,10813440,48763699.20000001,2688,16,9128eee7253c0d2a70b43d0bc71b4dc71903d5bd798571da23ea3c6e4bac82a8,/data2/chenyi9/KV-PIM/attacc-fugue/output/KVChime-multi-model-TP4-20260907/model-sweep/Fugue-asplos-raw/profiles/scan-N2112-H2-Q8
scan-N2096-H7-Q1,3978,3.059082,6,3668,3668,37560320,165783654.4,1176,7,490f2949bf94c0edaa2216fdf979fc542973385e9f5a4ddf0f006d150c5232c7,/data2/chenyi9/KV-PIM/attacc-fugue/output/KVChime-multi-model-TP4-20260907/model-sweep/Fugue-asplos-raw/profiles/scan-N2096-H7-Q1
scan-N2112-H4-Q1,4002,3.077538,6,2112,2112,21626880,95454412.80000001,672,4,ce908f93eba5ea8febc0283e8935bd2ae7075a8ed8056e7c14f8d44ebf2ddcfb,/data2/chenyi9/KV-PIM/attacc-fugue/output/KVChime-multi-model-TP4-20260907/model-sweep/Fugue-asplos-raw/profiles/scan-N2112-H4-Q1
scan-N2096-H8-Q1,3978,3.059082,6,4192,4192,42926080,189467033.60000002,1344,8,276f053a650bdc8cb089da3d04c3d006b101e19c424673243d66503508ba4197,/data2/chenyi9/KV-PIM/attacc-fugue/output/KVChime-multi-model-TP4-20260907/model-sweep/Fugue-asplos-raw/profiles/scan-N2096-H8-Q1
scan-N2096-H7-Q8,7400,5.690600000000001,8,3668,29344,37560320,169411379.20000002,9408,56,e9104784a550d06e874c44b0e284d6ca5833206c7af5f282ae0075923fdc9816,/data2/chenyi9/KV-PIM/attacc-fugue/output/KVChime-multi-model-TP4-20260907/model-sweep/Fugue-asplos-raw/profiles/scan-N2096-H7-Q8
scan-N2112-H4-Q8,7388,5.6813720000000005,8,2112,16896,21626880,97527398.40000002,5376,32,c66c025f7767681cbe0169e5d9b7b0af36dee5194f79fc6460a5787696ad6b8e,/data2/chenyi9/KV-PIM/attacc-fugue/output/KVChime-multi-model-TP4-20260907/model-sweep/Fugue-asplos-raw/profiles/scan-N2112-H4-Q8
scan-N2144-H2-Q1,4050,3.11445,6,1072,1072,10977280,48448102.400000006,336,2,9c4948d605b3201f56df9a1d261af81ba23a52e7016f826e54474d2175d8ee96,/data2/chenyi9/KV-PIM/attacc-fugue/output/KVChime-multi-model-TP4-20260907/model-sweep/Fugue-asplos-raw/profiles/scan-N2144-H2-Q1
scan-N2112-H7-Q1,4002,3.077538,6,3696,3696,37847040,167045222.40000004,1176,7,417e1aeac4d98ae985de9fee3cdf76187b85dd16188bc41d2f4a0901ee17f615,/data2/chenyi9/KV-PIM/attacc-fugue/output/KVChime-multi-model-TP4-20260907/model-sweep/Fugue-asplos-raw/profiles/scan-N2112-H7-Q1
scan-N2144-H2-Q8,7346,5.649074000000001,8,1072,8576,10977280,49484595.2,2688,16,4d0a9ab809306ae08730df14fc0a5d14f44b93f00fca638c5555bcb41fb9678e,/data2/chenyi9/KV-PIM/attacc-fugue/output/KVChime-multi-model-TP4-20260907/model-sweep/Fugue-asplos-raw/profiles/scan-N2144-H2-Q8
scan-N2096-H8-Q8,7410,5.69829,8,4192,33536,42926080,193613004.80000004,10752,64,82a08521fbea367d04e824c132015c91c521e7503e39c88d3fbd9ed83c86427e,/data2/chenyi9/KV-PIM/attacc-fugue/output/KVChime-multi-model-TP4-20260907/model-sweep/Fugue-asplos-raw/profiles/scan-N2096-H8-Q8
scan-N2144-H4-Q1,4050,3.11445,6,2144,2144,21954560,96896204.80000001,672,4,4b5a1ce63777819b1ab7f6c8b59f0113d728d72d5a92341a271b2b83a406a334,/data2/chenyi9/KV-PIM/attacc-fugue/output/KVChime-multi-model-TP4-20260907/model-sweep/Fugue-asplos-raw/profiles/scan-N2144-H4-Q1
scan-N2112-H8-Q1,4002,3.077538,6,4224,4224,43253760,190908825.60000002,1344,8,09a259b25b54f06d05be0048a3bc6ad866e86e9e33ffb563798ba4f204ff9340,/data2/chenyi9/KV-PIM/attacc-fugue/output/KVChime-multi-model-TP4-20260907/model-sweep/Fugue-asplos-raw/profiles/scan-N2112-H8-Q1
scan-N2112-H7-Q8,7414,5.701366,8,3696,29568,37847040,170672947.20000002,9408,56,8a8bfa7942818ee1aa589c682ba465e528da071a5f8bf89e0e4c5851a95de9c4,/data2/chenyi9/KV-PIM/attacc-fugue/output/KVChime-multi-model-TP4-20260907/model-sweep/Fugue-asplos-raw/profiles/scan-N2112-H7-Q8
scan-N2176-H2-Q1,4098,3.151362,6,1088,1088,11141120,49168998.400000006,336,2,034b8930f86f189f7277954d6711ff8e9ea1871a2becdab9988b0b3013abb749,/data2/chenyi9/KV-PIM/attacc-fugue/output/KVChime-multi-model-TP4-20260907/model-sweep/Fugue-asplos-raw/profiles/scan-N2176-H2-Q1
scan-N2144-H4-Q8,7420,5.70598,8,2144,17152,21954560,98969190.4,5376,32,aa0273a4245e1c3e3608f47262b9f2c67c7f7684c8b281f8fc51427b4e2ba062,/data2/chenyi9/KV-PIM/attacc-fugue/output/KVChime-multi-model-TP4-20260907/model-sweep/Fugue-asplos-raw/profiles/scan-N2144-H4-Q8
scan-N2112-H8-Q8,7424,5.709056,8,4224,33792,43253760,195054796.80000004,10752,64,ad12c435403de38ed9a74f2fd740ae495440498eeff4a54bf470814688865204,/data2/chenyi9/KV-PIM/attacc-fugue/output/KVChime-multi-model-TP4-20260907/model-sweep/Fugue-asplos-raw/profiles/scan-N2112-H8-Q8
scan-N2144-H7-Q1,4050,3.11445,6,3752,3752,38420480,169568358.40000004,1176,7,04da2351f5dcdc456ad7ccfe791ef96289c49ebb6b34fde9c5a0c258fb34110e,/data2/chenyi9/KV-PIM/attacc-fugue/output/KVChime-multi-model-TP4-20260907/model-sweep/Fugue-asplos-raw/profiles/scan-N2144-H7-Q1
scan-N2176-H2-Q8,7410,5.69829,8,1088,8704,11141120,50205491.20000001,2688,16,85d74dd2a3a66a448d38c7a4492e5269d88baad593ae33879c2159f96bf8d060,/data2/chenyi9/KV-PIM/attacc-fugue/output/KVChime-multi-model-TP4-20260907/model-sweep/Fugue-asplos-raw/profiles/scan-N2176-H2-Q8
scan-N2144-H8-Q1,4050,3.11445,6,4288,4288,43909120,193792409.60000002,1344,8,eaa19e8675495b025c5805676174e8840c4ff8f9de846ab81f04f92007efd3b8,/data2/chenyi9/KV-PIM/attacc-fugue/output/KVChime-multi-model-TP4-20260907/model-sweep/Fugue-asplos-raw/profiles/scan-N2144-H8-Q1
scan-N2176-H4-Q1,4098,3.151362,6,2176,2176,22282240,98337996.80000001,672,4,da7f6762f03222c89757ca93aae4248e2f697ebc8cea919a60de71f14d266cb9,/data2/chenyi9/KV-PIM/attacc-fugue/output/KVChime-multi-model-TP4-20260907/model-sweep/Fugue-asplos-raw/profiles/scan-N2176-H4-Q1
scan-N2144-H7-Q8,7446,5.725974,8,3752,30016,38420480,173196083.20000005,9408,56,5dcca71cc1f5842f230ff684b6490b8a25f68ba14d28e912e47f4669f4f37200,/data2/chenyi9/KV-PIM/attacc-fugue/output/KVChime-multi-model-TP4-20260907/model-sweep/Fugue-asplos-raw/profiles/scan-N2144-H7-Q8
scan-N2240-H2-Q1,4194,3.2251860000000003,6,1120,1120,11468800,50610790.4,336,2,7dec81a4ac7341bed8d955c17eb12b582db6aad203c5622ee0b9f6223d22dfab,/data2/chenyi9/KV-PIM/attacc-fugue/output/KVChime-multi-model-TP4-20260907/model-sweep/Fugue-asplos-raw/profiles/scan-N2240-H2-Q1
scan-N2176-H4-Q8,7484,5.755196,8,2176,17408,22282240,100410982.40000002,5376,32,f27c6cc86f713538ee0f9cc081f3a18893cbd826b5bf90951b1be9ef9d857fc7,/data2/chenyi9/KV-PIM/attacc-fugue/output/KVChime-multi-model-TP4-20260907/model-sweep/Fugue-asplos-raw/profiles/scan-N2176-H4-Q8
scan-N2144-H8-Q8,7456,5.733664,8,4288,34304,43909120,197938380.8,10752,64,a0ce097fe67972d9bfa870a6e9341b6182486a10ce8b6ffe50b42f7a3a09fe9b,/data2/chenyi9/KV-PIM/attacc-fugue/output/KVChime-multi-model-TP4-20260907/model-sweep/Fugue-asplos-raw/profiles/scan-N2144-H8-Q8
scan-N2176-H7-Q1,4098,3.151362,6,3808,3808,38993920,172091494.4,1176,7,8b02b9cd6c0d51738a229965e365cfdc229286304de59d0602de8694f750e196,/data2/chenyi9/KV-PIM/attacc-fugue/output/KVChime-multi-model-TP4-20260907/model-sweep/Fugue-asplos-raw/profiles/scan-N2176-H7-Q1
scan-N2240-H2-Q8,7538,5.796722,8,1120,8960,11468800,51647283.2,2688,16,5d66c8a916a2252d1355e27f6c6575225992d19437ac570dbbf9afd2a9ec3476,/data2/chenyi9/KV-PIM/attacc-fugue/output/KVChime-multi-model-TP4-20260907/model-sweep/Fugue-asplos-raw/profiles/scan-N2240-H2-Q8
scan-N2176-H8-Q1,4098,3.151362,6,4352,4352,44564480,196675993.60000002,1344,8,fd00b5ecd3965f593d1729aa9ebff81894984361b0c2f4a160344c303f68b381,/data2/chenyi9/KV-PIM/attacc-fugue/output/KVChime-multi-model-TP4-20260907/model-sweep/Fugue-asplos-raw/profiles/scan-N2176-H8-Q1
scan-N2240-H4-Q1,4194,3.2251860000000003,6,2240,2240,22937600,101221580.8,672,4,f1fe9f0becf24f28fe25c7f8ba45b138ceb062f9c61d5c98779a8ea3b4010dea,/data2/chenyi9/KV-PIM/attacc-fugue/output/KVChime-multi-model-TP4-20260907/model-sweep/Fugue-asplos-raw/profiles/scan-N2240-H4-Q1
scan-N2240-H4-Q8,7608,5.8505519999999995,8,2240,17920,22937600,103294566.4,5376,32,dacaebdb0179d9ce7b3bbcd70f92fd1772dc5ec7bd7526afb7b4e99393bee927,/data2/chenyi9/KV-PIM/attacc-fugue/output/KVChime-multi-model-TP4-20260907/model-sweep/Fugue-asplos-raw/profiles/scan-N2240-H4-Q8
scan-N2176-H7-Q8,7510,5.77519,8,3808,30464,38993920,175719219.20000002,9408,56,1be24552dc333e5cb0849d621ea80462080a876395acc2c3209998ddf11b78de,/data2/chenyi9/KV-PIM/attacc-fugue/output/KVChime-multi-model-TP4-20260907/model-sweep/Fugue-asplos-raw/profiles/scan-N2176-H7-Q8
scan-N2304-H2-Q1,4290,3.29901,6,1152,1152,11796480,52052582.400000006,336,2,791508f99cf1e16e58e9609faf8a5606e443da7b91a7999a3b7e0ee8e0070160,/data2/chenyi9/KV-PIM/attacc-fugue/output/KVChime-multi-model-TP4-20260907/model-sweep/Fugue-asplos-raw/profiles/scan-N2304-H2-Q1
scan-N2240-H7-Q1,4194,3.2251860000000003,6,3920,3920,40140800,177137766.4,1176,7,0d538d0568c020d984fbfd874feacd61611144b8949b0f4bb12d5011471cba98,/data2/chenyi9/KV-PIM/attacc-fugue/output/KVChime-multi-model-TP4-20260907/model-sweep/Fugue-asplos-raw/profiles/scan-N2240-H7-Q1
scan-N2176-H8-Q8,7520,5.7828800000000005,8,4352,34816,44564480,200821964.80000004,10752,64,d15a63a74b4003fc644bb95d4cb5cbe5c2d369b839dc15dd47464363a01132a6,/data2/chenyi9/KV-PIM/attacc-fugue/output/KVChime-multi-model-TP4-20260907/model-sweep/Fugue-asplos-raw/profiles/scan-N2176-H8-Q8
scan-N2304-H2-Q8,7694,5.9166859999999994,8,1152,9216,11796480,53089075.2,2688,16,cd8a5a262048cc99498b737a7102ebd117c09a8af193391f6b89f2cddfac39fc,/data2/chenyi9/KV-PIM/attacc-fugue/output/KVChime-multi-model-TP4-20260907/model-sweep/Fugue-asplos-raw/profiles/scan-N2304-H2-Q8
scan-N2304-H4-Q1,4290,3.29901,6,2304,2304,23592960,104105164.80000001,672,4,f1b4d42754058780543e8d5c7efd36b78b488b581e69c607b21dc78689b545f4,/data2/chenyi9/KV-PIM/attacc-fugue/output/KVChime-multi-model-TP4-20260907/model-sweep/Fugue-asplos-raw/profiles/scan-N2304-H4-Q1
scan-N2240-H8-Q1,4194,3.2251860000000003,6,4480,4480,45875200,202443161.6,1344,8,2245393195e1510263c340f4c1c1738d023c7681630e49e4008bb0ed8648a6b3,/data2/chenyi9/KV-PIM/attacc-fugue/output/KVChime-multi-model-TP4-20260907/model-sweep/Fugue-asplos-raw/profiles/scan-N2240-H8-Q1
scan-N2240-H7-Q8,7638,5.873622,8,3920,31360,40140800,180765491.20000002,9408,56,3d8497835c019962b489994d9bd7120c5185a9196b187733b1501db194e20e42,/data2/chenyi9/KV-PIM/attacc-fugue/output/KVChime-multi-model-TP4-20260907/model-sweep/Fugue-asplos-raw/profiles/scan-N2240-H7-Q8
scan-N2304-H4-Q8,7782,5.984358,8,2304,18432,23592960,106178150.4,5376,32,776795aa3c75112e314b8dce9d6022542fac7ea41c8b61cdb5ff764044fc85c2,/data2/chenyi9/KV-PIM/attacc-fugue/output/KVChime-multi-model-TP4-20260907/model-sweep/Fugue-asplos-raw/profiles/scan-N2304-H4-Q8
scan-N2432-H2-Q1,4578,3.520482,6,1216,1216,12451840,54950195.2,368,2,610781ad4682dc4e50cd1285d4eb7bff281ffad2990151b7e415ecf57828166f,/data2/chenyi9/KV-PIM/attacc-fugue/output/KVChime-multi-model-TP4-20260907/model-sweep/Fugue-asplos-raw/profiles/scan-N2432-H2-Q1
scan-N2240-H8-Q8,7641,5.875929,8,4480,35840,45875200,206589132.8,10752,64,c38b8393d8db6aecbbdf5806460f703f15f7ffd2abe8d87340ce4c118e9309e3,/data2/chenyi9/KV-PIM/attacc-fugue/output/KVChime-multi-model-TP4-20260907/model-sweep/Fugue-asplos-raw/profiles/scan-N2240-H8-Q8
scan-N2432-H2-Q8,8254,6.347326,8,1216,9728,12451840,56084889.60000001,2944,16,ed088471a195ba3db9e1aa34996aa80700d12e0cf010d7e67eacbf45eeab0c57,/data2/chenyi9/KV-PIM/attacc-fugue/output/KVChime-multi-model-TP4-20260907/model-sweep/Fugue-asplos-raw/profiles/scan-N2432-H2-Q8
scan-N2304-H7-Q1,4290,3.29901,6,4032,4032,41287680,182184038.40000004,1176,7,5ddb0cbd37d01158442ca3d4b85bacfcafb0d5535d04ee788e7e03ad141a26dc,/data2/chenyi9/KV-PIM/attacc-fugue/output/KVChime-multi-model-TP4-20260907/model-sweep/Fugue-asplos-raw/profiles/scan-N2304-H7-Q1
scan-N2432-H4-Q1,4578,3.520482,6,2432,2432,24903680,109900390.4,736,4,0c4b4ef3e2a9e3b79564d61e1affd1e779638448af3c9b1a35f585990382905a,/data2/chenyi9/KV-PIM/attacc-fugue/output/KVChime-multi-model-TP4-20260907/model-sweep/Fugue-asplos-raw/profiles/scan-N2432-H4-Q1
scan-N2304-H8-Q1,4290,3.29901,6,4608,4608,47185920,208210329.60000002,1344,8,bcdcca0fe8c355f3215d2a13d67f0c14be66bd94dedaf0db88476fcbd6f5d775,/data2/chenyi9/KV-PIM/attacc-fugue/output/KVChime-multi-model-TP4-20260907/model-sweep/Fugue-asplos-raw/profiles/scan-N2304-H8-Q1
scan-N2304-H7-Q8,7794,5.9935860000000005,8,4032,32256,41287680,185811763.20000005,9408,56,b5b87af013be05db2f2491ffd9d282e7b4ef93d2716a8803d9186d03b0f4f08c,/data2/chenyi9/KV-PIM/attacc-fugue/output/KVChime-multi-model-TP4-20260907/model-sweep/Fugue-asplos-raw/profiles/scan-N2304-H7-Q8
scan-N2432-H4-Q8,8328,6.404232,8,2432,19456,24903680,112169779.20000002,5888,32,f856cfedf5cdeb6ff055836fa91a849c4060a90967b0ad23a5bf4b73df8299e9,/data2/chenyi9/KV-PIM/attacc-fugue/output/KVChime-multi-model-TP4-20260907/model-sweep/Fugue-asplos-raw/profiles/scan-N2432-H4-Q8
scan-N2560-H2-Q1,4770,3.66813,6,1280,1280,13107200,57833779.2,368,2,4a24b2633474ee74146f8079f8114c6f8cbd216128ae89fb669babf4530f63c6,/data2/chenyi9/KV-PIM/attacc-fugue/output/KVChime-multi-model-TP4-20260907/model-sweep/Fugue-asplos-raw/profiles/scan-N2560-H2-Q1
scan-N2304-H8-Q8,7800,5.9982,8,4608,36864,47185920,212356300.8,10752,64,a6acbf10766ab563022530daf191c8f22df9a09d40aa95f0d3e5ed0e08cb644d,/data2/chenyi9/KV-PIM/attacc-fugue/output/KVChime-multi-model-TP4-20260907/model-sweep/Fugue-asplos-raw/profiles/scan-N2304-H8-Q8
scan-N2560-H2-Q8,8538,6.565722,8,1280,10240,13107200,58968473.6,2944,16,2add7b34cccd19b01adbeb54fdb4f9260491014d96a4dbbda6cfac17c7f140e3,/data2/chenyi9/KV-PIM/attacc-fugue/output/KVChime-multi-model-TP4-20260907/model-sweep/Fugue-asplos-raw/profiles/scan-N2560-H2-Q8
scan-N2432-H7-Q1,4578,3.520482,6,4256,4256,43581440,192325683.2,1288,7,6305185d9a5bd87520a34a16d332c2d17b4620f4f626e07f2bed0f57f257a8a4,/data2/chenyi9/KV-PIM/attacc-fugue/output/KVChime-multi-model-TP4-20260907/model-sweep/Fugue-asplos-raw/profiles/scan-N2432-H7-Q1
scan-N2432-H8-Q1,4578,3.520482,6,4864,4864,49807360,219800780.8,1472,8,8c0b92a5da4daf14a073b7bbafe1e6b93246454fd0e130fd916fbf5f3192410c,/data2/chenyi9/KV-PIM/attacc-fugue/output/KVChime-multi-model-TP4-20260907/model-sweep/Fugue-asplos-raw/profiles/scan-N2432-H8-Q1
scan-N2560-H4-Q1,4770,3.66813,6,2560,2560,26214400,115667558.4,736,4,4face19d2e158299e72c102fa119c076af55158951fb8ab9fdcc08a2c1bc17fc,/data2/chenyi9/KV-PIM/attacc-fugue/output/KVChime-multi-model-TP4-20260907/model-sweep/Fugue-asplos-raw/profiles/scan-N2560-H4-Q1
scan-N2432-H7-Q8,8354,6.424226000000001,8,4256,34048,43581440,196297113.60000002,10304,56,304f79c513a3e73be02230859501eefdc75d42a66070f4a7be5b78ac29be111c,/data2/chenyi9/KV-PIM/attacc-fugue/output/KVChime-multi-model-TP4-20260907/model-sweep/Fugue-asplos-raw/profiles/scan-N2432-H7-Q8
scan-N2816-H2-Q1,5250,4.03725,6,1408,1408,14417920,63614976.00000001,400,2,7bd96378d68d7831db377c8eef176f791d9c614ac9e9324d7e7961507b9ef770,/data2/chenyi9/KV-PIM/attacc-fugue/output/KVChime-multi-model-TP4-20260907/model-sweep/Fugue-asplos-raw/profiles/scan-N2816-H2-Q1
scan-N2560-H4-Q8,8597,6.611092999999999,8,2560,20480,26214400,117936947.2,5888,32,db190f825b9bccc8ddd537e9ead8a7ca8f995e1d0bcd6427455eb6fe86261b18,/data2/chenyi9/KV-PIM/attacc-fugue/output/KVChime-multi-model-TP4-20260907/model-sweep/Fugue-asplos-raw/profiles/scan-N2560-H4-Q8
scan-N2432-H8-Q8,8364,6.431916,8,4864,38912,49807360,224339558.40000004,11776,64,73df9a15db4c18623b093ab069d5a4377e81002de64cfb1996a1d95b60fa21eb,/data2/chenyi9/KV-PIM/attacc-fugue/output/KVChime-multi-model-TP4-20260907/model-sweep/Fugue-asplos-raw/profiles/scan-N2432-H8-Q8
scan-N2816-H2-Q8,8906,6.848714,8,1408,11264,14417920,64847872.000000015,3200,16,8c53b87419610980294d48ee305acb391ff245b19ff548c8226f352d9ae74696,/data2/chenyi9/KV-PIM/attacc-fugue/output/KVChime-multi-model-TP4-20260907/model-sweep/Fugue-asplos-raw/profiles/scan-N2816-H2-Q8
scan-N2560-H7-Q1,4770,3.66813,6,4480,4480,45875200,202418227.2,1288,7,24462ecf3ae022d84005ef49575f7c6acbfb3e1950f21f7205b7900bb8266d03,/data2/chenyi9/KV-PIM/attacc-fugue/output/KVChime-multi-model-TP4-20260907/model-sweep/Fugue-asplos-raw/profiles/scan-N2560-H7-Q1
scan-N2560-H8-Q1,4770,3.66813,6,5120,5120,52428800,231335116.8,1472,8,a890adc1ac34bff93232840656d04817ea48af0eb4daf52bf942bf141bc678bf,/data2/chenyi9/KV-PIM/attacc-fugue/output/KVChime-multi-model-TP4-20260907/model-sweep/Fugue-asplos-raw/profiles/scan-N2560-H8-Q1
scan-N2816-H4-Q1,5250,4.03725,6,2816,2816,28835840,127229952.00000001,800,4,d24d5b2e63146610f1d59c1a7a2a53bd9fabadab89ebed11eec4cb409e627e6c,/data2/chenyi9/KV-PIM/attacc-fugue/output/KVChime-multi-model-TP4-20260907/model-sweep/Fugue-asplos-raw/profiles/scan-N2816-H4-Q1
scan-N2560-H7-Q8,8597,6.611092999999999,8,4480,35840,45875200,206389657.60000002,10304,56,4f3812d0da0626232ac7fadb904858cb925f83b507bb7baa7a558d0d6dc0141e,/data2/chenyi9/KV-PIM/attacc-fugue/output/KVChime-multi-model-TP4-20260907/model-sweep/Fugue-asplos-raw/profiles/scan-N2560-H7-Q8
scan-N2816-H4-Q8,8976,6.902544,8,2816,22528,28835840,129695744.00000003,6400,32,fa43957790807f90da7b9cd68d47ef6f6610e07dfd0b97ac48c7e5a832e9aab9,/data2/chenyi9/KV-PIM/attacc-fugue/output/KVChime-multi-model-TP4-20260907/model-sweep/Fugue-asplos-raw/profiles/scan-N2816-H4-Q8
scan-N3072-H2-Q1,6168,4.743192,6,1536,1536,15728640,69396172.8,432,2,fd499ea643680fc765d54a2f99204ae698b0e5efd02116b88f11a34971887745,/data2/chenyi9/KV-PIM/attacc-fugue/output/KVChime-multi-model-TP4-20260907/model-sweep/Fugue-asplos-raw/profiles/scan-N3072-H2-Q1
scan-N2560-H8-Q8,8597,6.611092999999999,8,5120,40960,52428800,235873894.4,11776,64,589f51c20696a4cb671bdf0ea8558e5d22655e5172e6165fdea2d1d137b9a97a,/data2/chenyi9/KV-PIM/attacc-fugue/output/KVChime-multi-model-TP4-20260907/model-sweep/Fugue-asplos-raw/profiles/scan-N2560-H8-Q8
scan-N3072-H2-Q8,9750,7.49775,8,1536,12288,15728640,70727270.4,3456,16,2a7b394e8d24f93b3fa52dda12de3ce6b99ce2eee7de32823dcc4da9dc89290f,/data2/chenyi9/KV-PIM/attacc-fugue/output/KVChime-multi-model-TP4-20260907/model-sweep/Fugue-asplos-raw/profiles/scan-N3072-H2-Q8
scan-N2816-H7-Q1,5250,4.03725,6,4928,4928,50462720,222652416.0,1400,7,3ddff273193c48c1f5c50d333de371a2c4cc130737e6a2957f98807098f1c869,/data2/chenyi9/KV-PIM/attacc-fugue/output/KVChime-multi-model-TP4-20260907/model-sweep/Fugue-asplos-raw/profiles/scan-N2816-H7-Q1
scan-N3072-H4-Q1,6168,4.743192,6,3072,3072,31457280,138792345.6,864,4,a50291d3a6c011625c386dba691de6ca2bb51bd733c9b9bac6782da95ff155a3,/data2/chenyi9/KV-PIM/attacc-fugue/output/KVChime-multi-model-TP4-20260907/model-sweep/Fugue-asplos-raw/profiles/scan-N3072-H4-Q1
scan-N2816-H8-Q1,5250,4.03725,6,5632,5632,57671680,254459904.00000003,1600,8,a2eb31224acd2b8d73cbf2f4aa01cf53349e5e8885a5114fd0a3297984b82e2d,/data2/chenyi9/KV-PIM/attacc-fugue/output/KVChime-multi-model-TP4-20260907/model-sweep/Fugue-asplos-raw/profiles/scan-N2816-H8-Q1
scan-N3072-H4-Q8,9820,7.5515799999999995,8,3072,24576,31457280,141454540.8,6912,32,8fc9dbad05342a09538d02d8fa3ed64e4f753f3f43c99e3795913b029f87212f,/data2/chenyi9/KV-PIM/attacc-fugue/output/KVChime-multi-model-TP4-20260907/model-sweep/Fugue-asplos-raw/profiles/scan-N3072-H4-Q8
scan-N2816-H7-Q8,9006,6.925614,8,4928,39424,50462720,226967552.0,11200,56,3ad94a62e587de30acdfa34858c2f4346a6c1d4bb12b5a1560edc98ad3112af8,/data2/chenyi9/KV-PIM/attacc-fugue/output/KVChime-multi-model-TP4-20260907/model-sweep/Fugue-asplos-raw/profiles/scan-N2816-H7-Q8
scan-N3584-H2-Q1,7138,5.489122,6,1792,1792,18350080,80958566.40000002,496,2,93a567e80289f9b68ba6f7a37dc3f0c773237f401ae6cadf3b4301b433e49a39,/data2/chenyi9/KV-PIM/attacc-fugue/output/KVChime-multi-model-TP4-20260907/model-sweep/Fugue-asplos-raw/profiles/scan-N3584-H2-Q1
scan-N2816-H8-Q8,9012,6.9302280000000005,8,5632,45056,57671680,259391488.00000006,12800,64,d0c053a687c9cf09517a79165cb55bf4a35180bd0e0f3992b9748c98a230ef03,/data2/chenyi9/KV-PIM/attacc-fugue/output/KVChime-multi-model-TP4-20260907/model-sweep/Fugue-asplos-raw/profiles/scan-N2816-H8-Q8
scan-N3072-H7-Q1,6168,4.743192,6,5376,5376,55050240,242886604.8,1512,7,6d18530f5059ac7cb5197a7efbfe108c353879f649278d15570f170e630ac0b6,/data2/chenyi9/KV-PIM/attacc-fugue/output/KVChime-multi-model-TP4-20260907/model-sweep/Fugue-asplos-raw/profiles/scan-N3072-H7-Q1
scan-N3584-H2-Q8,11914,9.161866,8,1792,14336,18350080,82486067.2,3968,16,c6787b5f6d16523c5efc5983e9b69f31ed9d3f7ef1b97a800e1186718ae6b868,/data2/chenyi9/KV-PIM/attacc-fugue/output/KVChime-multi-model-TP4-20260907/model-sweep/Fugue-asplos-raw/profiles/scan-N3584-H2-Q8
scan-N3072-H8-Q1,6168,4.743192,6,6144,6144,62914560,277584691.2,1728,8,b569108cfcc8716f14f834f8674aad8111a55b4e31589f923afc876b4e426901,/data2/chenyi9/KV-PIM/attacc-fugue/output/KVChime-multi-model-TP4-20260907/model-sweep/Fugue-asplos-raw/profiles/scan-N3072-H8-Q1
scan-N3584-H4-Q1,7138,5.489122,6,3584,3584,36700160,161917132.80000004,992,4,6adf681966d81b485b98c4e74c23c86f67720a297f8c4dcb4feef3af6b0736e9,/data2/chenyi9/KV-PIM/attacc-fugue/output/KVChime-multi-model-TP4-20260907/model-sweep/Fugue-asplos-raw/profiles/scan-N3584-H4-Q1
scan-N3072-H7-Q8,9850,7.57465,8,5376,43008,55050240,247545446.4,12096,56,9a81e5b1461bb3218f4d57f2b2751ae7d1ab69db4b1bd8e15f58f23afe3e8b2a,/data2/chenyi9/KV-PIM/attacc-fugue/output/KVChime-multi-model-TP4-20260907/model-sweep/Fugue-asplos-raw/profiles/scan-N3072-H7-Q8
scan-N3584-H4-Q8,11984,9.215696,8,3584,28672,36700160,164972134.4,7936,32,a94837a5c4933f497a3d8705e3b1e23137df372772a29370ae9457e5977a5650,/data2/chenyi9/KV-PIM/attacc-fugue/output/KVChime-multi-model-TP4-20260907/model-sweep/Fugue-asplos-raw/profiles/scan-N3584-H4-Q8
scan-N4096-H2-Q1,8088,6.219672,6,2048,2048,20971520,92520960.0,560,2,3c95a60abe917ec51f80087f357e431e9f5486914c50a0b709d6f9d4bed80451,/data2/chenyi9/KV-PIM/attacc-fugue/output/KVChime-multi-model-TP4-20260907/model-sweep/Fugue-asplos-raw/profiles/scan-N4096-H2-Q1
scan-N3072-H8-Q8,9856,7.579264,8,6144,49152,62914560,282909081.6,13824,64,7a1d94510f21e650bbd8ee6e7f720e220f7f130861dbebc06f9f8ebab62b99ba,/data2/chenyi9/KV-PIM/attacc-fugue/output/KVChime-multi-model-TP4-20260907/model-sweep/Fugue-asplos-raw/profiles/scan-N3072-H8-Q8
scan-N3584-H7-Q1,7138,5.489122,6,6272,6272,64225280,283354982.40000004,1736,7,ae4cb778b422a2ee900fd561fbf3fcfbadb2f2054433bd8c1e132dc19ee924dd,/data2/chenyi9/KV-PIM/attacc-fugue/output/KVChime-multi-model-TP4-20260907/model-sweep/Fugue-asplos-raw/profiles/scan-N3584-H7-Q1
scan-N4096-H4-Q1,8088,6.219672,6,4096,4096,41943040,185041920.0,1120,4,f84aa4e1781d381eff309e420463f896ee440a515b3b37088698a4ba0a30ddb7,/data2/chenyi9/KV-PIM/attacc-fugue/output/KVChime-multi-model-TP4-20260907/model-sweep/Fugue-asplos-raw/profiles/scan-N4096-H4-Q1
scan-N4097-H2-Q1,8208,6.311952,6,2056,2056,21053440,92895436.80000001,592,2,8238f68b552fff84caad8f39c5cba63e3c7c4b47b4697e656820300dd5209380,/data2/chenyi9/KV-PIM/attacc-fugue/output/KVChime-multi-model-TP4-20260907/model-sweep/Fugue-asplos-raw/profiles/scan-N4097-H2-Q1
scan-N3584-H8-Q1,7138,5.489122,6,7168,7168,73400320,323834265.6000001,1984,8,72363de7980b48dc8c756a45ebf2691c3cc1c1823c82365704534b08ad1a7f93,/data2/chenyi9/KV-PIM/attacc-fugue/output/KVChime-multi-model-TP4-20260907/model-sweep/Fugue-asplos-raw/profiles/scan-N3584-H8-Q1
scan-N4097-H2-Q4,9968,7.665392,7,2056,8224,21053440,93676339.20000002,2368,8,8255958d86addc9159aeea3eb87ff4d93e2cfc02391d0a4467f8bcf4dd930e16,/data2/chenyi9/KV-PIM/attacc-fugue/output/KVChime-multi-model-TP4-20260907/model-sweep/Fugue-asplos-raw/profiles/scan-N4097-H2-Q4
scan-N3584-H7-Q8,12014,9.238766,8,6272,50176,64225280,288701235.20000005,13888,56,9c36c254da658bcc913230b0df47268922e019de1e4eda1644ca9b7fae4dda34,/data2/chenyi9/KV-PIM/attacc-fugue/output/KVChime-multi-model-TP4-20260907/model-sweep/Fugue-asplos-raw/profiles/scan-N3584-H7-Q8
scan-N4098-H2-Q1,8208,6.311952,6,2056,2056,21053440,92895436.80000001,592,2,8238f68b552fff84caad8f39c5cba63e3c7c4b47b4697e656820300dd5209380,/data2/chenyi9/KV-PIM/attacc-fugue/output/KVChime-multi-model-TP4-20260907/model-sweep/Fugue-asplos-raw/profiles/scan-N4098-H2-Q1
scan-N4096-H7-Q1,8088,6.219672,6,7168,7168,73400320,323823360.00000006,1960,7,28f36ce625234f154c6621b1c949e4b4831baa885c94eea1ce4c76bfe3edb496,/data2/chenyi9/KV-PIM/attacc-fugue/output/KVChime-multi-model-TP4-20260907/model-sweep/Fugue-asplos-raw/profiles/scan-N4096-H7-Q1
scan-N4097-H4-Q1,8208,6.311952,6,4112,4112,42106880,185790873.60000002,1184,4,20178b3cb103056133849ac10d5e5773ca8266c74322d6e5684bc5a1dfb3c64a,/data2/chenyi9/KV-PIM/attacc-fugue/output/KVChime-multi-model-TP4-20260907/model-sweep/Fugue-asplos-raw/profiles/scan-N4097-H4-Q1
scan-N3584-H8-Q8,12020,9.24338,8,7168,57344,73400320,329944268.8,15872,64,97dab1fcc63281299d6ac8a27577022bfc41ec1821f84808e51163aadfd46f35,/data2/chenyi9/KV-PIM/attacc-fugue/output/KVChime-multi-model-TP4-20260907/model-sweep/Fugue-asplos-raw/profiles/scan-N3584-H8-Q8
scan-N4098-H2-Q8,13986,10.755234,8,2056,16448,21053440,94717542.40000002,4736,16,337cbe4fd38c1e232c889101fc1196a7ec9ee9db17997443e174888ef6e72a50,/data2/chenyi9/KV-PIM/attacc-fugue/output/KVChime-multi-model-TP4-20260907/model-sweep/Fugue-asplos-raw/profiles/scan-N4098-H2-Q8
scan-N4096-H8-Q1,8088,6.219672,6,8192,8192,83886080,370083840.0,2240,8,f0a6911588931385b695c1d83a774d3f7184b69c2d03f26d1aea485cc02eb8bd,/data2/chenyi9/KV-PIM/attacc-fugue/output/KVChime-multi-model-TP4-20260907/model-sweep/Fugue-asplos-raw/profiles/scan-N4096-H8-Q1
scan-N4097-H7-Q1,8208,6.311952,6,7196,7196,73687040,325134028.8,2072,7,529978c6914da03c8ae15c13e574b6d86accac07050808866fbb9ccd9a695e82,/data2/chenyi9/KV-PIM/attacc-fugue/output/KVChime-multi-model-TP4-20260907/model-sweep/Fugue-asplos-raw/profiles/scan-N4097-H7-Q1
scan-N4098-H4-Q1,8208,6.311952,6,4112,4112,42106880,185790873.60000002,1184,4,20178b3cb103056133849ac10d5e5773ca8266c74322d6e5684bc5a1dfb3c64a,/data2/chenyi9/KV-PIM/attacc-fugue/output/KVChime-multi-model-TP4-20260907/model-sweep/Fugue-asplos-raw/profiles/scan-N4098-H4-Q1
scan-N4098-H4-Q2,9547,7.341643,7,4112,8224,42106880,186311475.20000005,2368,8,9d3e943600779982ab9ec3bf5816c95ca69d69995ee28505528ea1bacff120cf,/data2/chenyi9/KV-PIM/attacc-fugue/output/KVChime-multi-model-TP4-20260907/model-sweep/Fugue-asplos-raw/profiles/scan-N4098-H4-Q2
scan-N4097-H8-Q1,8208,6.311952,6,8224,8224,84213760,371581747.20000005,2368,8,6e0eab4c3cd987b7fc1a88a52ad9400a0884b7f515bd261e4e5283bfda4d22f7,/data2/chenyi9/KV-PIM/attacc-fugue/output/KVChime-multi-model-TP4-20260907/model-sweep/Fugue-asplos-raw/profiles/scan-N4097-H8-Q1
scan-N4100-H2-Q1,8208,6.311952,6,2056,2056,21053440,92895436.80000001,592,2,8238f68b552fff84caad8f39c5cba63e3c7c4b47b4697e656820300dd5209380,/data2/chenyi9/KV-PIM/attacc-fugue/output/KVChime-multi-model-TP4-20260907/model-sweep/Fugue-asplos-raw/profiles/scan-N4100-H2-Q1
scan-N4100-H2-Q8,13986,10.755234,8,2056,16448,21053440,94717542.40000002,4736,16,337cbe4fd38c1e232c889101fc1196a7ec9ee9db17997443e174888ef6e72a50,/data2/chenyi9/KV-PIM/attacc-fugue/output/KVChime-multi-model-TP4-20260907/model-sweep/Fugue-asplos-raw/profiles/scan-N4100-H2-Q8
scan-N4098-H7-Q1,8208,6.311952,6,7196,7196,73687040,325134028.8,2072,7,529978c6914da03c8ae15c13e574b6d86accac07050808866fbb9ccd9a695e82,/data2/chenyi9/KV-PIM/attacc-fugue/output/KVChime-multi-model-TP4-20260907/model-sweep/Fugue-asplos-raw/profiles/scan-N4098-H7-Q1
scan-N4100-H4-Q1,8208,6.311952,6,4112,4112,42106880,185790873.60000002,1184,4,20178b3cb103056133849ac10d5e5773ca8266c74322d6e5684bc5a1dfb3c64a,/data2/chenyi9/KV-PIM/attacc-fugue/output/KVChime-multi-model-TP4-20260907/model-sweep/Fugue-asplos-raw/profiles/scan-N4100-H4-Q1
scan-N4098-H8-Q1,8208,6.311952,6,8224,8224,84213760,371581747.20000005,2368,8,6e0eab4c3cd987b7fc1a88a52ad9400a0884b7f515bd261e4e5283bfda4d22f7,/data2/chenyi9/KV-PIM/attacc-fugue/output/KVChime-multi-model-TP4-20260907/model-sweep/Fugue-asplos-raw/profiles/scan-N4098-H8-Q1
scan-N4098-H7-Q2,9547,7.341643,7,7196,14392,73687040,326045081.6,4144,14,0e59d6740e63ca8c92f23a7f087113e0e2ebfb8a026982510b7d750a7d905cd8,/data2/chenyi9/KV-PIM/attacc-fugue/output/KVChime-multi-model-TP4-20260907/model-sweep/Fugue-asplos-raw/profiles/scan-N4098-H7-Q2
scan-N4100-H4-Q4,10013,7.699997000000001,7,4112,16448,42106880,187352678.40000004,4736,16,52e4ecc68886c541b8b8fd581cc3ac4f9b08a915624f88e562249f1d976c2ff1,/data2/chenyi9/KV-PIM/attacc-fugue/output/KVChime-multi-model-TP4-20260907/model-sweep/Fugue-asplos-raw/profiles/scan-N4100-H4-Q4
scan-N4098-H8-Q2,9547,7.341643,7,8224,16448,84213760,372622950.4000001,4736,16,bea40edaeec4557502e2561f529963e3c8fb3b0d9fb2907450c129fc4a79655d,/data2/chenyi9/KV-PIM/attacc-fugue/output/KVChime-multi-model-TP4-20260907/model-sweep/Fugue-asplos-raw/profiles/scan-N4098-H8-Q2
scan-N4104-H2-Q1,8208,6.311952,6,2056,2056,21053440,92895436.80000001,592,2,8238f68b552fff84caad8f39c5cba63e3c7c4b47b4697e656820300dd5209380,/data2/chenyi9/KV-PIM/attacc-fugue/output/KVChime-multi-model-TP4-20260907/model-sweep/Fugue-asplos-raw/profiles/scan-N4104-H2-Q1
scan-N4100-H7-Q1,8208,6.311952,6,7196,7196,73687040,325134028.8,2072,7,529978c6914da03c8ae15c13e574b6d86accac07050808866fbb9ccd9a695e82,/data2/chenyi9/KV-PIM/attacc-fugue/output/KVChime-multi-model-TP4-20260907/model-sweep/Fugue-asplos-raw/profiles/scan-N4100-H7-Q1
scan-N4104-H2-Q8,13986,10.755234,8,2056,16448,21053440,94717542.40000002,4736,16,337cbe4fd38c1e232c889101fc1196a7ec9ee9db17997443e174888ef6e72a50,/data2/chenyi9/KV-PIM/attacc-fugue/output/KVChime-multi-model-TP4-20260907/model-sweep/Fugue-asplos-raw/profiles/scan-N4104-H2-Q8
scan-N4104-H4-Q1,8208,6.311952,6,4112,4112,42106880,185790873.60000002,1184,4,20178b3cb103056133849ac10d5e5773ca8266c74322d6e5684bc5a1dfb3c64a,/data2/chenyi9/KV-PIM/attacc-fugue/output/KVChime-multi-model-TP4-20260907/model-sweep/Fugue-asplos-raw/profiles/scan-N4104-H4-Q1
scan-N4100-H7-Q4,10034,7.716146,7,7196,28784,73687040,327867187.20000005,8288,28,6df747082e07fd0228bc254c253a70f7564f9985b5087f520b0077b61d05a03f,/data2/chenyi9/KV-PIM/attacc-fugue/output/KVChime-multi-model-TP4-20260907/model-sweep/Fugue-asplos-raw/profiles/scan-N4100-H7-Q4
scan-N4100-H8-Q1,8208,6.311952,6,8224,8224,84213760,371581747.20000005,2368,8,6e0eab4c3cd987b7fc1a88a52ad9400a0884b7f515bd261e4e5283bfda4d22f7,/data2/chenyi9/KV-PIM/attacc-fugue/output/KVChime-multi-model-TP4-20260907/model-sweep/Fugue-asplos-raw/profiles/scan-N4100-H8-Q1
scan-N4104-H4-Q8,14090,10.835210000000002,8,4112,32896,42106880,189435084.80000004,9472,32,40c60c59518f4dfadf65241237f8225518a983b4efddd276f3612f9e7a95268a,/data2/chenyi9/KV-PIM/attacc-fugue/output/KVChime-multi-model-TP4-20260907/model-sweep/Fugue-asplos-raw/profiles/scan-N4104-H4-Q8
scan-N4108-H2-Q1,8208,6.311952,6,2056,2056,21053440,92895436.80000001,592,2,8238f68b552fff84caad8f39c5cba63e3c7c4b47b4697e656820300dd5209380,/data2/chenyi9/KV-PIM/attacc-fugue/output/KVChime-multi-model-TP4-20260907/model-sweep/Fugue-asplos-raw/profiles/scan-N4108-H2-Q1
scan-N4108-H2-Q8,13986,10.755234,8,2056,16448,21053440,94717542.40000002,4736,16,337cbe4fd38c1e232c889101fc1196a7ec9ee9db17997443e174888ef6e72a50,/data2/chenyi9/KV-PIM/attacc-fugue/output/KVChime-multi-model-TP4-20260907/model-sweep/Fugue-asplos-raw/profiles/scan-N4108-H2-Q8
scan-N4104-H7-Q1,8208,6.311952,6,7196,7196,73687040,325134028.8,2072,7,529978c6914da03c8ae15c13e574b6d86accac07050808866fbb9ccd9a695e82,/data2/chenyi9/KV-PIM/attacc-fugue/output/KVChime-multi-model-TP4-20260907/model-sweep/Fugue-asplos-raw/profiles/scan-N4104-H7-Q1
scan-N4100-H8-Q4,10041,7.721529,7,8224,32896,84213760,374705356.8000001,9472,32,87bba77fe0275f4e870f429d3874a77d574c69748117b5d54900db9b81d1fa8c,/data2/chenyi9/KV-PIM/attacc-fugue/output/KVChime-multi-model-TP4-20260907/model-sweep/Fugue-asplos-raw/profiles/scan-N4100-H8-Q4
scan-N4108-H4-Q1,8208,6.311952,6,4112,4112,42106880,185790873.60000002,1184,4,20178b3cb103056133849ac10d5e5773ca8266c74322d6e5684bc5a1dfb3c64a,/data2/chenyi9/KV-PIM/attacc-fugue/output/KVChime-multi-model-TP4-20260907/model-sweep/Fugue-asplos-raw/profiles/scan-N4108-H4-Q1
scan-N4104-H8-Q1,8208,6.311952,6,8224,8224,84213760,371581747.20000005,2368,8,6e0eab4c3cd987b7fc1a88a52ad9400a0884b7f515bd261e4e5283bfda4d22f7,/data2/chenyi9/KV-PIM/attacc-fugue/output/KVChime-multi-model-TP4-20260907/model-sweep/Fugue-asplos-raw/profiles/scan-N4104-H8-Q1
scan-N4108-H4-Q4,10013,7.699997000000001,7,4112,16448,42106880,187352678.40000004,4736,16,52e4ecc68886c541b8b8fd581cc3ac4f9b08a915624f88e562249f1d976c2ff1,/data2/chenyi9/KV-PIM/attacc-fugue/output/KVChime-multi-model-TP4-20260907/model-sweep/Fugue-asplos-raw/profiles/scan-N4108-H4-Q4
scan-N4104-H7-Q8,14120,10.85828,8,7196,57568,73687040,331511398.4,16576,56,0a1af145c620dd4d85a86ad631e8796c2ca351eaab39fadffdb3a2efff36c468,/data2/chenyi9/KV-PIM/attacc-fugue/output/KVChime-multi-model-TP4-20260907/model-sweep/Fugue-asplos-raw/profiles/scan-N4104-H7-Q8
scan-N4108-H4-Q8,14090,10.835210000000002,8,4112,32896,42106880,189435084.80000004,9472,32,40c60c59518f4dfadf65241237f8225518a983b4efddd276f3612f9e7a95268a,/data2/chenyi9/KV-PIM/attacc-fugue/output/KVChime-multi-model-TP4-20260907/model-sweep/Fugue-asplos-raw/profiles/scan-N4108-H4-Q8
scan-N4104-H8-Q8,14126,10.862894,8,8224,65792,84213760,378870169.6000001,18944,64,c5e1ce4bfa12afb514d8a00ec7f3bfd712429e2083c115bc0689443c4466714b,/data2/chenyi9/KV-PIM/attacc-fugue/output/KVChime-multi-model-TP4-20260907/model-sweep/Fugue-asplos-raw/profiles/scan-N4104-H8-Q8
scan-N4112-H2-Q1,8208,6.311952,6,2056,2056,21053440,92895436.80000001,592,2,8238f68b552fff84caad8f39c5cba63e3c7c4b47b4697e656820300dd5209380,/data2/chenyi9/KV-PIM/attacc-fugue/output/KVChime-multi-model-TP4-20260907/model-sweep/Fugue-asplos-raw/profiles/scan-N4112-H2-Q1
scan-N4108-H7-Q1,8208,6.311952,6,7196,7196,73687040,325134028.8,2072,7,529978c6914da03c8ae15c13e574b6d86accac07050808866fbb9ccd9a695e82,/data2/chenyi9/KV-PIM/attacc-fugue/output/KVChime-multi-model-TP4-20260907/model-sweep/Fugue-asplos-raw/profiles/scan-N4108-H7-Q1
scan-N4108-H7-Q4,10034,7.716146,7,7196,28784,73687040,327867187.20000005,8288,28,6df747082e07fd0228bc254c253a70f7564f9985b5087f520b0077b61d05a03f,/data2/chenyi9/KV-PIM/attacc-fugue/output/KVChime-multi-model-TP4-20260907/model-sweep/Fugue-asplos-raw/profiles/scan-N4108-H7-Q4
scan-N4112-H2-Q8,13986,10.755234,8,2056,16448,21053440,94717542.40000002,4736,16,337cbe4fd38c1e232c889101fc1196a7ec9ee9db17997443e174888ef6e72a50,/data2/chenyi9/KV-PIM/attacc-fugue/output/KVChime-multi-model-TP4-20260907/model-sweep/Fugue-asplos-raw/profiles/scan-N4112-H2-Q8
scan-N4108-H8-Q1,8208,6.311952,6,8224,8224,84213760,371581747.20000005,2368,8,6e0eab4c3cd987b7fc1a88a52ad9400a0884b7f515bd261e4e5283bfda4d22f7,/data2/chenyi9/KV-PIM/attacc-fugue/output/KVChime-multi-model-TP4-20260907/model-sweep/Fugue-asplos-raw/profiles/scan-N4108-H8-Q1
scan-N4112-H4-Q1,8208,6.311952,6,4112,4112,42106880,185790873.60000002,1184,4,20178b3cb103056133849ac10d5e5773ca8266c74322d6e5684bc5a1dfb3c64a,/data2/chenyi9/KV-PIM/attacc-fugue/output/KVChime-multi-model-TP4-20260907/model-sweep/Fugue-asplos-raw/profiles/scan-N4112-H4-Q1
scan-N4108-H7-Q8,14120,10.85828,8,7196,57568,73687040,331511398.4,16576,56,0a1af145c620dd4d85a86ad631e8796c2ca351eaab39fadffdb3a2efff36c468,/data2/chenyi9/KV-PIM/attacc-fugue/output/KVChime-multi-model-TP4-20260907/model-sweep/Fugue-asplos-raw/profiles/scan-N4108-H7-Q8
scan-N4108-H8-Q4,10041,7.721529,7,8224,32896,84213760,374705356.8000001,9472,32,87bba77fe0275f4e870f429d3874a77d574c69748117b5d54900db9b81d1fa8c,/data2/chenyi9/KV-PIM/attacc-fugue/output/KVChime-multi-model-TP4-20260907/model-sweep/Fugue-asplos-raw/profiles/scan-N4108-H8-Q4
scan-N4112-H4-Q8,14090,10.835210000000002,8,4112,32896,42106880,189435084.80000004,9472,32,40c60c59518f4dfadf65241237f8225518a983b4efddd276f3612f9e7a95268a,/data2/chenyi9/KV-PIM/attacc-fugue/output/KVChime-multi-model-TP4-20260907/model-sweep/Fugue-asplos-raw/profiles/scan-N4112-H4-Q8
scan-N4120-H2-Q1,8232,6.330408,6,2064,2064,21135360,93255884.80000001,592,2,4fb8450448963526b804ef9933fa0671f2b0596a6b7c19525809fa2da4e241b1,/data2/chenyi9/KV-PIM/attacc-fugue/output/KVChime-multi-model-TP4-20260907/model-sweep/Fugue-asplos-raw/profiles/scan-N4120-H2-Q1
scan-N4108-H8-Q8,14126,10.862894,8,8224,65792,84213760,378870169.6000001,18944,64,c5e1ce4bfa12afb514d8a00ec7f3bfd712429e2083c115bc0689443c4466714b,/data2/chenyi9/KV-PIM/attacc-fugue/output/KVChime-multi-model-TP4-20260907/model-sweep/Fugue-asplos-raw/profiles/scan-N4108-H8-Q8
scan-N4120-H2-Q8,14021,10.782148999999999,8,2064,16512,21135360,95077990.4,4736,16,db7f03023b81b5f0cb0d407d14a097c01a338bb7fdd27ac1fc04d55fc8757e34,/data2/chenyi9/KV-PIM/attacc-fugue/output/KVChime-multi-model-TP4-20260907/model-sweep/Fugue-asplos-raw/profiles/scan-N4120-H2-Q8
scan-N4112-H7-Q1,8208,6.311952,6,7196,7196,73687040,325134028.8,2072,7,529978c6914da03c8ae15c13e574b6d86accac07050808866fbb9ccd9a695e82,/data2/chenyi9/KV-PIM/attacc-fugue/output/KVChime-multi-model-TP4-20260907/model-sweep/Fugue-asplos-raw/profiles/scan-N4112-H7-Q1
scan-N4120-H4-Q1,8232,6.330408,6,4128,4128,42270720,186511769.60000002,1184,4,cf665146b1fd134803a3514e116a0d510e3d95e700fa4034f6060c222ff1d7cf,/data2/chenyi9/KV-PIM/attacc-fugue/output/KVChime-multi-model-TP4-20260907/model-sweep/Fugue-asplos-raw/profiles/scan-N4120-H4-Q1
scan-N4112-H8-Q1,8208,6.311952,6,8224,8224,84213760,371581747.20000005,2368,8,6e0eab4c3cd987b7fc1a88a52ad9400a0884b7f515bd261e4e5283bfda4d22f7,/data2/chenyi9/KV-PIM/attacc-fugue/output/KVChime-multi-model-TP4-20260907/model-sweep/Fugue-asplos-raw/profiles/scan-N4112-H8-Q1
scan-N4120-H4-Q8,14104,10.845976,8,4128,33024,42270720,190155980.8,9472,32,6fa5984be5deebd56bfb54e6fbc3b407693003f23f725adc1f0497fd79dab33c,/data2/chenyi9/KV-PIM/attacc-fugue/output/KVChime-multi-model-TP4-20260907/model-sweep/Fugue-asplos-raw/profiles/scan-N4120-H4-Q8
scan-N4112-H7-Q8,14120,10.85828,8,7196,57568,73687040,331511398.4,16576,56,0a1af145c620dd4d85a86ad631e8796c2ca351eaab39fadffdb3a2efff36c468,/data2/chenyi9/KV-PIM/attacc-fugue/output/KVChime-multi-model-TP4-20260907/model-sweep/Fugue-asplos-raw/profiles/scan-N4112-H7-Q8
scan-N4128-H2-Q1,8232,6.330408,6,2064,2064,21135360,93255884.80000001,592,2,4fb8450448963526b804ef9933fa0671f2b0596a6b7c19525809fa2da4e241b1,/data2/chenyi9/KV-PIM/attacc-fugue/output/KVChime-multi-model-TP4-20260907/model-sweep/Fugue-asplos-raw/profiles/scan-N4128-H2-Q1
scan-N4120-H7-Q1,8232,6.330408,6,7224,7224,73973760,326395596.8,2072,7,0ea803df69ad580bd60674b9a61c582e72e5dfa2df2d20730b1b5c5f98179f8e,/data2/chenyi9/KV-PIM/attacc-fugue/output/KVChime-multi-model-TP4-20260907/model-sweep/Fugue-asplos-raw/profiles/scan-N4120-H7-Q1
scan-N4112-H8-Q8,14126,10.862894,8,8224,65792,84213760,378870169.6000001,18944,64,c5e1ce4bfa12afb514d8a00ec7f3bfd712429e2083c115bc0689443c4466714b,/data2/chenyi9/KV-PIM/attacc-fugue/output/KVChime-multi-model-TP4-20260907/model-sweep/Fugue-asplos-raw/profiles/scan-N4112-H8-Q8
scan-N4128-H2-Q8,14021,10.782148999999999,8,2064,16512,21135360,95077990.4,4736,16,db7f03023b81b5f0cb0d407d14a097c01a338bb7fdd27ac1fc04d55fc8757e34,/data2/chenyi9/KV-PIM/attacc-fugue/output/KVChime-multi-model-TP4-20260907/model-sweep/Fugue-asplos-raw/profiles/scan-N4128-H2-Q8
scan-N4120-H8-Q1,8232,6.330408,6,8256,8256,84541440,373023539.20000005,2368,8,7b8de9c62116e9b48ca641a28ef0ee870bc678cb296ce71820022194a9c2b512,/data2/chenyi9/KV-PIM/attacc-fugue/output/KVChime-multi-model-TP4-20260907/model-sweep/Fugue-asplos-raw/profiles/scan-N4120-H8-Q1
scan-N4128-H4-Q1,8232,6.330408,6,4128,4128,42270720,186511769.60000002,1184,4,cf665146b1fd134803a3514e116a0d510e3d95e700fa4034f6060c222ff1d7cf,/data2/chenyi9/KV-PIM/attacc-fugue/output/KVChime-multi-model-TP4-20260907/model-sweep/Fugue-asplos-raw/profiles/scan-N4128-H4-Q1
scan-N4120-H7-Q8,14134,10.869046,8,7224,57792,73973760,332772966.4,16576,56,86c882bfba26aa2d2b9fd652a976ef198814d491f186e7fbf578fb8c387c9c5f,/data2/chenyi9/KV-PIM/attacc-fugue/output/KVChime-multi-model-TP4-20260907/model-sweep/Fugue-asplos-raw/profiles/scan-N4120-H7-Q8
scan-N4128-H4-Q8,14104,10.845976,8,4128,33024,42270720,190155980.8,9472,32,6fa5984be5deebd56bfb54e6fbc3b407693003f23f725adc1f0497fd79dab33c,/data2/chenyi9/KV-PIM/attacc-fugue/output/KVChime-multi-model-TP4-20260907/model-sweep/Fugue-asplos-raw/profiles/scan-N4128-H4-Q8
scan-N4144-H2-Q1,8256,6.348864000000001,6,2072,2072,21217280,93616332.80000001,592,2,a72ee56ac9c0b94a5a4fcc6e3eedbecb374e7c133ac7043ae764d71c72c6ae46,/data2/chenyi9/KV-PIM/attacc-fugue/output/KVChime-multi-model-TP4-20260907/model-sweep/Fugue-asplos-raw/profiles/scan-N4144-H2-Q1
scan-N4120-H8-Q8,14140,10.87366,8,8256,66048,84541440,380311961.6,18944,64,47d4f35343212d548b75a7985ecadcef505478522a9add7f5170afb9887147d5,/data2/chenyi9/KV-PIM/attacc-fugue/output/KVChime-multi-model-TP4-20260907/model-sweep/Fugue-asplos-raw/profiles/scan-N4120-H8-Q8
scan-N4128-H7-Q1,8232,6.330408,6,7224,7224,73973760,326395596.8,2072,7,0ea803df69ad580bd60674b9a61c582e72e5dfa2df2d20730b1b5c5f98179f8e,/data2/chenyi9/KV-PIM/attacc-fugue/output/KVChime-multi-model-TP4-20260907/model-sweep/Fugue-asplos-raw/profiles/scan-N4128-H7-Q1
scan-N4144-H2-Q8,14018,10.779842,8,2072,16576,21217280,95438438.40000002,4736,16,707babd6a8512f747b9b9c9271449a667aad5854599abbd7981204473561aa91,/data2/chenyi9/KV-PIM/attacc-fugue/output/KVChime-multi-model-TP4-20260907/model-sweep/Fugue-asplos-raw/profiles/scan-N4144-H2-Q8
scan-N4144-H4-Q1,8256,6.348864000000001,6,4144,4144,42434560,187232665.60000002,1184,4,d0d1814a2bfa01e4c0b51521db081f7d935305e2ba93f300cad9dba25955eebd,/data2/chenyi9/KV-PIM/attacc-fugue/output/KVChime-multi-model-TP4-20260907/model-sweep/Fugue-asplos-raw/profiles/scan-N4144-H4-Q1
scan-N4128-H8-Q1,8232,6.330408,6,8256,8256,84541440,373023539.20000005,2368,8,7b8de9c62116e9b48ca641a28ef0ee870bc678cb296ce71820022194a9c2b512,/data2/chenyi9/KV-PIM/attacc-fugue/output/KVChime-multi-model-TP4-20260907/model-sweep/Fugue-asplos-raw/profiles/scan-N4128-H8-Q1
scan-N4144-H4-Q8,14122,10.859818,8,4144,33152,42434560,190876876.80000004,9472,32,e189446a83c87c90254daa54c452b51268fbe9c2fb7b6e732c5c487beeb8a9c2,/data2/chenyi9/KV-PIM/attacc-fugue/output/KVChime-multi-model-TP4-20260907/model-sweep/Fugue-asplos-raw/profiles/scan-N4144-H4-Q8
scan-N4128-H7-Q8,14134,10.869046,8,7224,57792,73973760,332772966.4,16576,56,86c882bfba26aa2d2b9fd652a976ef198814d491f186e7fbf578fb8c387c9c5f,/data2/chenyi9/KV-PIM/attacc-fugue/output/KVChime-multi-model-TP4-20260907/model-sweep/Fugue-asplos-raw/profiles/scan-N4128-H7-Q8
scan-N4160-H2-Q1,8280,6.367319999999999,6,2080,2080,21299200,93976780.8,592,2,492e876548cfe915dd8b8ab61d501875f5f8ca892bc2bb1972cd860bd8ca3f8d,/data2/chenyi9/KV-PIM/attacc-fugue/output/KVChime-multi-model-TP4-20260907/model-sweep/Fugue-asplos-raw/profiles/scan-N4160-H2-Q1
scan-N4128-H8-Q8,14140,10.87366,8,8256,66048,84541440,380311961.6,18944,64,47d4f35343212d548b75a7985ecadcef505478522a9add7f5170afb9887147d5,/data2/chenyi9/KV-PIM/attacc-fugue/output/KVChime-multi-model-TP4-20260907/model-sweep/Fugue-asplos-raw/profiles/scan-N4128-H8-Q8
scan-N4160-H2-Q8,14053,10.806757,8,2080,16640,21299200,95798886.4,4736,16,0ac0eab18c3e40c2b927259efdbae20535b0e3df26989ea4e5914f22252ca42d,/data2/chenyi9/KV-PIM/attacc-fugue/output/KVChime-multi-model-TP4-20260907/model-sweep/Fugue-asplos-raw/profiles/scan-N4160-H2-Q8
scan-N4144-H7-Q1,8256,6.348864000000001,6,7252,7252,74260480,327657164.8000001,2072,7,0db78c3cce356e5fef1c2b9eb68dfbbb181674382c76e08ea4695e029473b6d9,/data2/chenyi9/KV-PIM/attacc-fugue/output/KVChime-multi-model-TP4-20260907/model-sweep/Fugue-asplos-raw/profiles/scan-N4144-H7-Q1
scan-N4160-H4-Q1,8280,6.367319999999999,6,4160,4160,42598400,187953561.6,1184,4,4b08fa36587cb2ddeef35877997c3ade8a295125d89bbef40439d54606781ca9,/data2/chenyi9/KV-PIM/attacc-fugue/output/KVChime-multi-model-TP4-20260907/model-sweep/Fugue-asplos-raw/profiles/scan-N4160-H4-Q1
scan-N4144-H8-Q1,8256,6.348864000000001,6,8288,8288,84869120,374465331.20000005,2368,8,f5e58c4159d96f0c1401a391826c1e32e71bbd42d1610f2d6897086b3bf9d5bf,/data2/chenyi9/KV-PIM/attacc-fugue/output/KVChime-multi-model-TP4-20260907/model-sweep/Fugue-asplos-raw/profiles/scan-N4144-H8-Q1
scan-N4144-H7-Q8,14152,10.882888000000001,8,7252,58016,74260480,334034534.40000004,16576,56,f4822e02f8b9bc9451dfde2eef4de399e166c29ef6f333728886dba7482befd8,/data2/chenyi9/KV-PIM/attacc-fugue/output/KVChime-multi-model-TP4-20260907/model-sweep/Fugue-asplos-raw/profiles/scan-N4144-H7-Q8
scan-N4192-H2-Q1,8328,6.404232,6,2096,2096,21463040,94697676.80000001,592,2,78eb38b55bb8752e56ec21180544617ac24cb295f54db13bf31cddf8986e8c49,/data2/chenyi9/KV-PIM/attacc-fugue/output/KVChime-multi-model-TP4-20260907/model-sweep/Fugue-asplos-raw/profiles/scan-N4192-H2-Q1
scan-N4160-H4-Q8,14140,10.87366,8,4160,33280,42598400,191597772.8,9472,32,b2583e73a81e85ca3a0bc1dc91e71245c59d2ac34d100b40ddc316e35a5dd96f,/data2/chenyi9/KV-PIM/attacc-fugue/output/KVChime-multi-model-TP4-20260907/model-sweep/Fugue-asplos-raw/profiles/scan-N4160-H4-Q8
scan-N4144-H8-Q8,14162,10.890578,8,8288,66304,84869120,381753753.6000001,18944,64,4c6b6bafa5f05f1338a02990daf4709346561f9947bebe521d781d568a301da5,/data2/chenyi9/KV-PIM/attacc-fugue/output/KVChime-multi-model-TP4-20260907/model-sweep/Fugue-asplos-raw/profiles/scan-N4144-H8-Q8
scan-N4192-H2-Q8,14089,10.834441,8,2096,16768,21463040,96519782.40000002,4736,16,0b18e927605ceb10158ec6ad8960198f050b979dbb18f6625cd5fb8aae971d9b,/data2/chenyi9/KV-PIM/attacc-fugue/output/KVChime-multi-model-TP4-20260907/model-sweep/Fugue-asplos-raw/profiles/scan-N4192-H2-Q8
scan-N4160-H7-Q1,8280,6.367319999999999,6,7280,7280,74547200,328918732.8000001,2072,7,258f18482416ae55f0562b4f850f0f75ee9bf57fa11846aa93e903567aa40f1a,/data2/chenyi9/KV-PIM/attacc-fugue/output/KVChime-multi-model-TP4-20260907/model-sweep/Fugue-asplos-raw/profiles/scan-N4160-H7-Q1
scan-N4192-H4-Q1,8328,6.404232,6,4192,4192,42926080,189395353.60000002,1184,4,da5c2e377727d8989a307e6ecd18670bf08c8be7c8e47164964743ea12f1f3fa,/data2/chenyi9/KV-PIM/attacc-fugue/output/KVChime-multi-model-TP4-20260907/model-sweep/Fugue-asplos-raw/profiles/scan-N4192-H4-Q1
scan-N4160-H8-Q1,8280,6.367319999999999,6,8320,8320,85196800,375907123.2,2368,8,97b30d49c6bc346cff619080c2e0a4d274d89a000464c6be49530f31eae41116,/data2/chenyi9/KV-PIM/attacc-fugue/output/KVChime-multi-model-TP4-20260907/model-sweep/Fugue-asplos-raw/profiles/scan-N4160-H8-Q1
scan-N4160-H7-Q8,14166,10.893654,8,7280,58240,74547200,335296102.40000004,16576,56,a3e4bf6b9b72bc3641609efe45eac6a8d208f2c41674f3baf980a2659b0b0615,/data2/chenyi9/KV-PIM/attacc-fugue/output/KVChime-multi-model-TP4-20260907/model-sweep/Fugue-asplos-raw/profiles/scan-N4160-H7-Q8
scan-N4224-H2-Q1,8376,6.441144,6,2112,2112,21626880,95418572.80000001,592,2,5bf2652670edbf569cb399cb98108680e5f3f822880a428f584cefaccc11938f,/data2/chenyi9/KV-PIM/attacc-fugue/output/KVChime-multi-model-TP4-20260907/model-sweep/Fugue-asplos-raw/profiles/scan-N4224-H2-Q1
scan-N4192-H4-Q8,14172,10.898268,8,4192,33536,42926080,193039564.80000004,9472,32,719d104e94ea9de0a9f0e9c31ac43f2654b83369ddee8fd870a0762c019b85ef,/data2/chenyi9/KV-PIM/attacc-fugue/output/KVChime-multi-model-TP4-20260907/model-sweep/Fugue-asplos-raw/profiles/scan-N4192-H4-Q8
scan-N4160-H8-Q8,14176,10.901344000000002,8,8320,66560,85196800,383195545.6,18944,64,50b29ac7a202a9c6d61ce1b03d17800b192736a1547c6a535617e456c3f7970a,/data2/chenyi9/KV-PIM/attacc-fugue/output/KVChime-multi-model-TP4-20260907/model-sweep/Fugue-asplos-raw/profiles/scan-N4160-H8-Q8
scan-N4224-H2-Q8,14608,11.233552,8,2112,16896,21626880,97240678.40000002,4736,16,4a33ff7b302f569dd17dd140f015d96072ada092f61723495c8e90073472df5b,/data2/chenyi9/KV-PIM/attacc-fugue/output/KVChime-multi-model-TP4-20260907/model-sweep/Fugue-asplos-raw/profiles/scan-N4224-H2-Q8
scan-N4192-H7-Q1,8328,6.404232,6,7336,7336,75120640,331441868.8,2072,7,688f249c71bb387bd560b1c27f15f504c0fa95c91eeed85e58b80efb8d89fda1,/data2/chenyi9/KV-PIM/attacc-fugue/output/KVChime-multi-model-TP4-20260907/model-sweep/Fugue-asplos-raw/profiles/scan-N4192-H7-Q1
scan-N4224-H4-Q1,8376,6.441144,6,4224,4224,43253760,190837145.60000002,1184,4,d241b6d766617af6497e614e3a328c450e1481ea9395de3c60f687fb5035af39,/data2/chenyi9/KV-PIM/attacc-fugue/output/KVChime-multi-model-TP4-20260907/model-sweep/Fugue-asplos-raw/profiles/scan-N4224-H4-Q1
scan-N4192-H8-Q1,8328,6.404232,6,8384,8384,85852160,378790707.20000005,2368,8,68d320ee0987a39a9104d5e6fafe6e3250278870b71314f6233a732644d0b61d,/data2/chenyi9/KV-PIM/attacc-fugue/output/KVChime-multi-model-TP4-20260907/model-sweep/Fugue-asplos-raw/profiles/scan-N4192-H8-Q1
scan-N4224-H4-Q8,14682,11.290458000000001,8,4224,33792,43253760,194481356.80000004,9472,32,9bd85a318baa3f1e95c6382eb2f8775d727d2eddcf1dfbab13efcef38aa7a5cd,/data2/chenyi9/KV-PIM/attacc-fugue/output/KVChime-multi-model-TP4-20260907/model-sweep/Fugue-asplos-raw/profiles/scan-N4224-H4-Q8
scan-N4192-H7-Q8,14198,10.918262,8,7336,58688,75120640,337819238.40000004,16576,56,4b87ce08fb25008822488815daee06d42f53742bc33bf478efc37a041acef8fa,/data2/chenyi9/KV-PIM/attacc-fugue/output/KVChime-multi-model-TP4-20260907/model-sweep/Fugue-asplos-raw/profiles/scan-N4192-H7-Q8
scan-N4288-H2-Q1,8482,6.522658000000001,6,2144,2144,21954560,96860364.80000001,592,2,0479cc10b78eb681ced021bb2ef83f8fc731ac7b3300f041d90ff3873c7cb736,/data2/chenyi9/KV-PIM/attacc-fugue/output/KVChime-multi-model-TP4-20260907/model-sweep/Fugue-asplos-raw/profiles/scan-N4288-H2-Q1
scan-N4192-H8-Q8,14208,10.925952,8,8384,67072,85852160,386079129.6000001,18944,64,356dd59fe57baac1d4e2e27926f7375240c8382cb2917d80875ab6143b85550f,/data2/chenyi9/KV-PIM/attacc-fugue/output/KVChime-multi-model-TP4-20260907/model-sweep/Fugue-asplos-raw/profiles/scan-N4192-H8-Q8
scan-N4288-H2-Q8,14736,11.331984,8,2144,17152,21954560,98682470.4,4736,16,4ced373e44ac8f6843cccbd0aecc4064bec7cb2dec47f3e76c99a10d56276b78,/data2/chenyi9/KV-PIM/attacc-fugue/output/KVChime-multi-model-TP4-20260907/model-sweep/Fugue-asplos-raw/profiles/scan-N4288-H2-Q8
scan-N4224-H7-Q1,8376,6.441144,6,7392,7392,75694080,333965004.8000001,2072,7,1375e5ae9b08f05d6ef110e76adfb25204864cdc1090912a66fd34f840024fe9,/data2/chenyi9/KV-PIM/attacc-fugue/output/KVChime-multi-model-TP4-20260907/model-sweep/Fugue-asplos-raw/profiles/scan-N4224-H7-Q1
scan-N4288-H4-Q1,8482,6.522658000000001,6,4288,4288,43909120,193720729.60000002,1184,4,82d9017f6bc1278546e9b49098d45767d043b5974fd0b743eb53789393bc192c,/data2/chenyi9/KV-PIM/attacc-fugue/output/KVChime-multi-model-TP4-20260907/model-sweep/Fugue-asplos-raw/profiles/scan-N4288-H4-Q1
scan-N4224-H8-Q1,8376,6.441144,6,8448,8448,86507520,381674291.20000005,2368,8,d49912fd7f7c519eec8d1bc4b5035747cce3e8fe5efc811a6e9aa48e07b79cf3,/data2/chenyi9/KV-PIM/attacc-fugue/output/KVChime-multi-model-TP4-20260907/model-sweep/Fugue-asplos-raw/profiles/scan-N4224-H8-Q1
scan-N4288-H4-Q8,14817,11.394273000000002,8,4288,34304,43909120,197364940.8,9472,32,35c805bcc66654b65ae63faf5608c639799613a889282e8b93d02b4d3f5645a9,/data2/chenyi9/KV-PIM/attacc-fugue/output/KVChime-multi-model-TP4-20260907/model-sweep/Fugue-asplos-raw/profiles/scan-N4288-H4-Q8
scan-N4352-H2-Q1,8568,6.588792000000001,6,2176,2176,22282240,98302156.80000001,592,2,b0e6dcd4cf4e5999dab51573a3d6f029e46d670e07e37cad082f02067b41300b,/data2/chenyi9/KV-PIM/attacc-fugue/output/KVChime-multi-model-TP4-20260907/model-sweep/Fugue-asplos-raw/profiles/scan-N4352-H2-Q1
scan-N4224-H7-Q8,14703,11.306607,8,7392,59136,75694080,340342374.40000004,16576,56,32ebd4103eb660f88ac5f15186912a079fb76601833bb35350a73c7adf914f17,/data2/chenyi9/KV-PIM/attacc-fugue/output/KVChime-multi-model-TP4-20260907/model-sweep/Fugue-asplos-raw/profiles/scan-N4224-H7-Q8
scan-N4224-H8-Q8,14701,11.305069,8,8448,67584,86507520,388962713.6000001,18944,64,42f0e9cab042ed203227a30783b83458c650904a8d99fd341328ae98337fa855,/data2/chenyi9/KV-PIM/attacc-fugue/output/KVChime-multi-model-TP4-20260907/model-sweep/Fugue-asplos-raw/profiles/scan-N4224-H8-Q8
scan-N4352-H2-Q8,14910,11.46579,8,2176,17408,22282240,100124262.40000002,4736,16,b738b43f70335f03dc13b127dd35daac32183bf5e9aca836300a0a8ad04263cb,/data2/chenyi9/KV-PIM/attacc-fugue/output/KVChime-multi-model-TP4-20260907/model-sweep/Fugue-asplos-raw/profiles/scan-N4352-H2-Q8
scan-N4288-H7-Q1,8482,6.522658000000001,6,7504,7504,76840960,339011276.8000001,2072,7,123cfef5fca7113bab5fcb19a6dd41d2c4fe6b13bcdd19dc58f417d06978fab7,/data2/chenyi9/KV-PIM/attacc-fugue/output/KVChime-multi-model-TP4-20260907/model-sweep/Fugue-asplos-raw/profiles/scan-N4288-H7-Q1
scan-N4352-H4-Q1,8568,6.588792000000001,6,4352,4352,44564480,196604313.60000002,1184,4,d1163a5cc89f095404d750712aa9cd06ecc2c43495c83fee1868f408171ba449,/data2/chenyi9/KV-PIM/attacc-fugue/output/KVChime-multi-model-TP4-20260907/model-sweep/Fugue-asplos-raw/profiles/scan-N4352-H4-Q1
scan-N4288-H8-Q1,8482,6.522658000000001,6,8576,8576,87818240,387441459.20000005,2368,8,ccf9a104ed965dff79574a150a3b2678ce6729417941498012912976a64af684,/data2/chenyi9/KV-PIM/attacc-fugue/output/KVChime-multi-model-TP4-20260907/model-sweep/Fugue-asplos-raw/profiles/scan-N4288-H8-Q1
scan-N4352-H4-Q8,14962,11.505778,8,4352,34816,44564480,200248524.80000004,9472,32,8f8d00fc426463d4324f818bbbd85219ff71a49225af9d6be63cb05e5f3db5b6,/data2/chenyi9/KV-PIM/attacc-fugue/output/KVChime-multi-model-TP4-20260907/model-sweep/Fugue-asplos-raw/profiles/scan-N4352-H4-Q8
scan-N4288-H7-Q8,14836,11.408884,8,7504,60032,76840960,345388646.4000001,16576,56,2a606eab658f19739935abf4b6859128170a78c2e97fe37161d959f7c7c5f7f4,/data2/chenyi9/KV-PIM/attacc-fugue/output/KVChime-multi-model-TP4-20260907/model-sweep/Fugue-asplos-raw/profiles/scan-N4288-H7-Q8
scan-N4480-H2-Q1,8856,6.810264,6,2240,2240,22937600,101199769.60000001,624,2,dde0d32f7e55b4c55fce581d417b5a07ec50276493f8ee2d56f7599f822a1017,/data2/chenyi9/KV-PIM/attacc-fugue/output/KVChime-multi-model-TP4-20260907/model-sweep/Fugue-asplos-raw/profiles/scan-N4480-H2-Q1
scan-N4288-H8-Q8,14842,11.413497999999999,8,8576,68608,87818240,394729881.6,18944,64,53498e6312362a60d8c3f53c8e8d5a2add0318a47067bda3dcac560479cee407,/data2/chenyi9/KV-PIM/attacc-fugue/output/KVChime-multi-model-TP4-20260907/model-sweep/Fugue-asplos-raw/profiles/scan-N4288-H8-Q8
scan-N4352-H7-Q1,8568,6.588792000000001,6,7616,7616,77987840,344057548.8,2072,7,74bdec75f76a8a1a34bbacc4589cdda55c4d79cc15b75b12fabcb62f0508f5f2,/data2/chenyi9/KV-PIM/attacc-fugue/output/KVChime-multi-model-TP4-20260907/model-sweep/Fugue-asplos-raw/profiles/scan-N4352-H7-Q1
scan-N4480-H2-Q8,15928,12.248631999999999,8,2240,17920,22937600,103120076.8,4992,16,99db83523a73d3bff12a7c95b03279df07fa49db0e24f02096d7587bcaeede6e,/data2/chenyi9/KV-PIM/attacc-fugue/output/KVChime-multi-model-TP4-20260907/model-sweep/Fugue-asplos-raw/profiles/scan-N4480-H2-Q8
scan-N4480-H4-Q1,8856,6.810264,6,4480,4480,45875200,202399539.20000002,1248,4,e99a3d360c64f048a032768e49efd32ddccf70444dea24a962f3039d7ad4d7b1,/data2/chenyi9/KV-PIM/attacc-fugue/output/KVChime-multi-model-TP4-20260907/model-sweep/Fugue-asplos-raw/profiles/scan-N4480-H4-Q1
scan-N4352-H8-Q1,8568,6.588792000000001,6,8704,8704,89128960,393208627.20000005,2368,8,c09a71dbaef0fff69fc0d8afbeabc1042e8392186aca98798868c943f3974c82,/data2/chenyi9/KV-PIM/attacc-fugue/output/KVChime-multi-model-TP4-20260907/model-sweep/Fugue-asplos-raw/profiles/scan-N4352-H8-Q1
scan-N4352-H7-Q8,14992,11.528848,8,7616,60928,77987840,350434918.40000004,16576,56,de45999ff9cd1e7ab4f9d24cc43100a6ff57a40f14c91fcdebac120bc6472dac,/data2/chenyi9/KV-PIM/attacc-fugue/output/KVChime-multi-model-TP4-20260907/model-sweep/Fugue-asplos-raw/profiles/scan-N4352-H7-Q8
scan-N4480-H4-Q8,16002,12.305538,8,4480,35840,45875200,206240153.6,9984,32,4f0b2f102ac94c7b1ca311fb282cafd84cf599e8db9219555f97771d454f153b,/data2/chenyi9/KV-PIM/attacc-fugue/output/KVChime-multi-model-TP4-20260907/model-sweep/Fugue-asplos-raw/profiles/scan-N4480-H4-Q8
scan-N4608-H2-Q1,9048,6.957912,6,2304,2304,23592960,104083353.60000001,624,2,29835ef53c2c6a13901b446f3d1b57e467c4488a1966638d5f0c1d0663d3a7fe,/data2/chenyi9/KV-PIM/attacc-fugue/output/KVChime-multi-model-TP4-20260907/model-sweep/Fugue-asplos-raw/profiles/scan-N4608-H2-Q1
scan-N4352-H8-Q8,14998,11.533462,8,8704,69632,89128960,400497049.6000001,18944,64,b86b11e70246f73765c5fcefa47f76550e0bbacf84c4149b66ea065f0590431c,/data2/chenyi9/KV-PIM/attacc-fugue/output/KVChime-multi-model-TP4-20260907/model-sweep/Fugue-asplos-raw/profiles/scan-N4352-H8-Q8
scan-N4608-H2-Q8,16200,12.4578,8,2304,18432,23592960,106003660.8,4992,16,896ca73d8db9117cfeea65137a36273cb10f3867f8bfa04ed6396a5a3c5d5125,/data2/chenyi9/KV-PIM/attacc-fugue/output/KVChime-multi-model-TP4-20260907/model-sweep/Fugue-asplos-raw/profiles/scan-N4608-H2-Q8
scan-N4480-H7-Q1,8856,6.810264,6,7840,7840,80281600,354199193.6,2184,7,caac300cfd67804e8f3e0452692c6c3876391b50abbc99ae3711d20ddca222e9,/data2/chenyi9/KV-PIM/attacc-fugue/output/KVChime-multi-model-TP4-20260907/model-sweep/Fugue-asplos-raw/profiles/scan-N4480-H7-Q1
scan-N4608-H4-Q1,9048,6.957912,6,4608,4608,47185920,208166707.20000002,1248,4,bdd4e9fcfd3b29b8ff8e4253465cf6def68de9058453d2e94cc9861d03361136,/data2/chenyi9/KV-PIM/attacc-fugue/output/KVChime-multi-model-TP4-20260907/model-sweep/Fugue-asplos-raw/profiles/scan-N4608-H4-Q1
scan-N4480-H8-Q1,8856,6.810264,6,8960,8960,91750400,404799078.40000004,2496,8,a9284239a2f018b2cf35ad2d447cb7cf52f0df35a1f5bbb95e88f48d58e2122f,/data2/chenyi9/KV-PIM/attacc-fugue/output/KVChime-multi-model-TP4-20260907/model-sweep/Fugue-asplos-raw/profiles/scan-N4480-H8-Q1
scan-N4608-H4-Q8,16303,12.537007,8,4608,36864,47185920,212007321.6,9984,32,22f962c3433a9f16b9e6a8e72c62429f425bc76b3f3b266173640594f7b764d9,/data2/chenyi9/KV-PIM/attacc-fugue/output/KVChime-multi-model-TP4-20260907/model-sweep/Fugue-asplos-raw/profiles/scan-N4608-H4-Q8
scan-N4480-H7-Q8,16028,12.325532,8,7840,62720,80281600,360920268.8,17472,56,c340660c86ae5face14c92422127579698fd26102f8bd72ae22a41d0fb22a0ac,/data2/chenyi9/KV-PIM/attacc-fugue/output/KVChime-multi-model-TP4-20260907/model-sweep/Fugue-asplos-raw/profiles/scan-N4480-H7-Q8
scan-N4864-H2-Q1,9528,7.327032,6,2432,2432,24903680,109864550.4,656,2,3de1b1e965c3ba8466dd5d02242cab1a8f9abdc7f2b105ca64db6a231631d9dc,/data2/chenyi9/KV-PIM/attacc-fugue/output/KVChime-multi-model-TP4-20260907/model-sweep/Fugue-asplos-raw/profiles/scan-N4864-H2-Q1
scan-N4864-H2-Q8,16785,12.907665000000001,8,2432,19456,24903680,111883059.20000002,5248,16,e51b816add1d117e19a9ac6431c324978bf67d2ef0726f8723fe62e5e0191e08,/data2/chenyi9/KV-PIM/attacc-fugue/output/KVChime-multi-model-TP4-20260907/model-sweep/Fugue-asplos-raw/profiles/scan-N4864-H2-Q8
scan-N4480-H8-Q8,16034,12.330146000000001,8,8960,71680,91750400,412480307.2,19968,64,6a99b641486b8330aa385010a379d179848b5ea0678729aa3b2a211c7f25339f,/data2/chenyi9/KV-PIM/attacc-fugue/output/KVChime-multi-model-TP4-20260907/model-sweep/Fugue-asplos-raw/profiles/scan-N4480-H8-Q8
scan-N4608-H7-Q1,9048,6.957912,6,8064,8064,82575360,364291737.6,2184,7,e4e8f0b0f0202e78f28ca52b2b8f18a3467a4649422cfcf3a03cdcf0a9f759f3,/data2/chenyi9/KV-PIM/attacc-fugue/output/KVChime-multi-model-TP4-20260907/model-sweep/Fugue-asplos-raw/profiles/scan-N4608-H7-Q1
scan-N4608-H8-Q1,9048,6.957912,6,9216,9216,94371840,416333414.40000004,2496,8,059bf20cc88fed7e25ac592af8382768c8d73f792f7bf7b99dd30cdd6c34eea4,/data2/chenyi9/KV-PIM/attacc-fugue/output/KVChime-multi-model-TP4-20260907/model-sweep/Fugue-asplos-raw/profiles/scan-N4608-H8-Q1
scan-N4864-H4-Q1,9528,7.327032,6,4864,4864,49807360,219729100.8,1312,4,4000741ab2d2ff0a741eef74edf36c3c2bf2fdaf410610d651323752322808f9,/data2/chenyi9/KV-PIM/attacc-fugue/output/KVChime-multi-model-TP4-20260907/model-sweep/Fugue-asplos-raw/profiles/scan-N4864-H4-Q1
scan-N4864-H4-Q8,16789,12.910741,8,4864,38912,49807360,223766118.40000004,10496,32,923714ae55d2870a39e82fef434f94064015c4c76e7f18e17f21fea89de76668,/data2/chenyi9/KV-PIM/attacc-fugue/output/KVChime-multi-model-TP4-20260907/model-sweep/Fugue-asplos-raw/profiles/scan-N4864-H4-Q8
scan-N4608-H7-Q8,16336,12.562384,8,8064,64512,82575360,371012812.8000001,17472,56,62906fe8c1038ebb292c5652c0bfb13d4197f16aed0942f5020e6cf762c41dcf,/data2/chenyi9/KV-PIM/attacc-fugue/output/KVChime-multi-model-TP4-20260907/model-sweep/Fugue-asplos-raw/profiles/scan-N4608-H7-Q8
scan-N5120-H2-Q1,10008,7.696152,6,2560,2560,26214400,115645747.2,688,2,a5b34275e294e57c64ac06a460489e20668c2645b06ad05ca9cca7a3981da7a8,/data2/chenyi9/KV-PIM/attacc-fugue/output/KVChime-multi-model-TP4-20260907/model-sweep/Fugue-asplos-raw/profiles/scan-N5120-H2-Q1
scan-N4608-H8-Q8,16347,12.570843,8,9216,73728,94371840,424014643.2,19968,64,ba0de3a356a697d75095f3783d5f89f639a312094b02eed6c449150cc334c432,/data2/chenyi9/KV-PIM/attacc-fugue/output/KVChime-multi-model-TP4-20260907/model-sweep/Fugue-asplos-raw/profiles/scan-N4608-H8-Q8
scan-N5120-H2-Q8,17454,13.422126,8,2560,20480,26214400,117762457.6,5504,16,ac3b5322ec6c12d4c6c1c7ba83c7b549cd222ec1578ce9d056342f9c2a73cd4d,/data2/chenyi9/KV-PIM/attacc-fugue/output/KVChime-multi-model-TP4-20260907/model-sweep/Fugue-asplos-raw/profiles/scan-N5120-H2-Q8
scan-N4864-H7-Q1,9528,7.327032,6,8512,8512,87162880,384525926.4,2296,7,aa4d39dbe3c16c6ddd3438dd650704c8b7f20274e3b79a060c076047208511b3,/data2/chenyi9/KV-PIM/attacc-fugue/output/KVChime-multi-model-TP4-20260907/model-sweep/Fugue-asplos-raw/profiles/scan-N4864-H7-Q1
scan-N5120-H4-Q1,10008,7.696152,6,5120,5120,52428800,231291494.4,1376,4,5eb65634131f895686cd0447f7a841d3d294f7a2031ecb6c6386fd804fee5b10,/data2/chenyi9/KV-PIM/attacc-fugue/output/KVChime-multi-model-TP4-20260907/model-sweep/Fugue-asplos-raw/profiles/scan-N5120-H4-Q1
scan-N4864-H8-Q1,9528,7.327032,6,9728,9728,99614720,439458201.6,2624,8,a3c79eec3b1b4cc26aa13cc396571deec1ce9849dbde1da502a1f5afe21411fd,/data2/chenyi9/KV-PIM/attacc-fugue/output/KVChime-multi-model-TP4-20260907/model-sweep/Fugue-asplos-raw/profiles/scan-N4864-H8-Q1
scan-N5120-H4-Q8,17524,13.475956,8,5120,40960,52428800,235524915.2,11008,32,e60a93c8585d4117af20a376175848e65dcc5b8c78ceccf79d9ff1e8f772e77a,/data2/chenyi9/KV-PIM/attacc-fugue/output/KVChime-multi-model-TP4-20260907/model-sweep/Fugue-asplos-raw/profiles/scan-N5120-H4-Q8
scan-N4864-H7-Q8,16789,12.910741,8,8512,68096,87162880,391590707.20000005,18368,56,02a40ce782fd2fb775bb74d593bab6aa439102eb73086f6d2d74d82cde0a3a44,/data2/chenyi9/KV-PIM/attacc-fugue/output/KVChime-multi-model-TP4-20260907/model-sweep/Fugue-asplos-raw/profiles/scan-N4864-H7-Q8
scan-N5632-H2-Q1,11083,8.522827,6,2816,2816,28835840,127208140.80000001,752,2,49bd51cf225dc7e20174d865f43916c021d17667fbd657322d05bd2e33b17367,/data2/chenyi9/KV-PIM/attacc-fugue/output/KVChime-multi-model-TP4-20260907/model-sweep/Fugue-asplos-raw/profiles/scan-N5632-H2-Q1
scan-N5120-H7-Q1,10008,7.696152,6,8960,8960,91750400,404760115.20000005,2408,7,dfe5a52e272ca6d845840ca1788b0260f11b005a56b0ba3c92ee6a39e6a55557,/data2/chenyi9/KV-PIM/attacc-fugue/output/KVChime-multi-model-TP4-20260907/model-sweep/Fugue-asplos-raw/profiles/scan-N5120-H7-Q1
scan-N4864-H8-Q8,16789,12.910741,8,9728,77824,99614720,447532236.8000001,20992,64,f4b4ac7e989d850b1e0e32f123097fd78500b3177d3391637748f4271d24bcd9,/data2/chenyi9/KV-PIM/attacc-fugue/output/KVChime-multi-model-TP4-20260907/model-sweep/Fugue-asplos-raw/profiles/scan-N4864-H8-Q8
scan-N5632-H2-Q8,19142,14.720198,8,2816,22528,28835840,129521254.4,6016,16,9e323789fcaa136aed40edc414894aba833e7b492cfbd8523623e7bac19657b9,/data2/chenyi9/KV-PIM/attacc-fugue/output/KVChime-multi-model-TP4-20260907/model-sweep/Fugue-asplos-raw/profiles/scan-N5632-H2-Q8
scan-N5632-H4-Q1,11083,8.522827,6,5632,5632,57671680,254416281.60000002,1504,4,457a107a2ffcdf2bdb2d339891945e7964af411c23c6484d582146555b310f94,/data2/chenyi9/KV-PIM/attacc-fugue/output/KVChime-multi-model-TP4-20260907/model-sweep/Fugue-asplos-raw/profiles/scan-N5632-H4-Q1
scan-N5120-H8-Q1,10008,7.696152,6,10240,10240,104857600,462582988.8,2752,8,7ef50b73e6388e47b15991b5455145387318a48b0131a7987f30c88b0ce32ecc,/data2/chenyi9/KV-PIM/attacc-fugue/output/KVChime-multi-model-TP4-20260907/model-sweep/Fugue-asplos-raw/profiles/scan-N5120-H8-Q1
scan-N5120-H7-Q8,17554,13.499026,8,8960,71680,91750400,412168601.59999996,19264,56,9240bd0466105115ee3b869ba27ddccdb0d0682f36f03ec7e67403d48ef2e83e,/data2/chenyi9/KV-PIM/attacc-fugue/output/KVChime-multi-model-TP4-20260907/model-sweep/Fugue-asplos-raw/profiles/scan-N5120-H7-Q8
scan-N6144-H2-Q1,12366,9.509454,6,3072,3072,31457280,138770534.4,816,2,b3bc2f70dcd325d7928d85ce737dc803c2247aad8c818c2db1a3c47ac9d65382,/data2/chenyi9/KV-PIM/attacc-fugue/output/KVChime-multi-model-TP4-20260907/model-sweep/Fugue-asplos-raw/profiles/scan-N6144-H2-Q1
scan-N5632-H4-Q8,19212,14.774028,8,5632,45056,57671680,259042508.8,12032,32,18827ce988ecd68eb2ebb234c31c6c4bd8cbffc99ac84e495a324e77cc335fe4,/data2/chenyi9/KV-PIM/attacc-fugue/output/KVChime-multi-model-TP4-20260907/model-sweep/Fugue-asplos-raw/profiles/scan-N5632-H4-Q8
scan-N5120-H8-Q8,17560,13.503639999999999,8,10240,81920,104857600,471049830.4,22016,64,088d0eb30f0286532bccd42f081c743fb6d2bb4be126f3897743669fe3ce76c0,/data2/chenyi9/KV-PIM/attacc-fugue/output/KVChime-multi-model-TP4-20260907/model-sweep/Fugue-asplos-raw/profiles/scan-N5120-H8-Q8
scan-N6144-H2-Q8,21266,16.353554,8,3072,24576,31457280,141280051.20000002,6528,16,60fcd6bcc55ee003b9f1e1ba5a33d233027fefcf0ccb5d3ca4866f3896e88c23,/data2/chenyi9/KV-PIM/attacc-fugue/output/KVChime-multi-model-TP4-20260907/model-sweep/Fugue-asplos-raw/profiles/scan-N6144-H2-Q8
scan-N5632-H7-Q1,11083,8.522827,6,9856,9856,100925440,445228492.8,2632,7,980e7abd239996bd16a77555da7341e5da3c2702b9a977e9632d6c9aa337f178,/data2/chenyi9/KV-PIM/attacc-fugue/output/KVChime-multi-model-TP4-20260907/model-sweep/Fugue-asplos-raw/profiles/scan-N5632-H7-Q1
scan-N6144-H4-Q1,12366,9.509454,6,6144,6144,62914560,277541068.8,1632,4,8c533d2ea0bab82a23306b567af250d164ddf55ced34d43d979f95c9b3ca45fb,/data2/chenyi9/KV-PIM/attacc-fugue/output/KVChime-multi-model-TP4-20260907/model-sweep/Fugue-asplos-raw/profiles/scan-N6144-H4-Q1
scan-N5632-H8-Q1,11083,8.522827,6,11264,11264,115343360,508832563.20000005,3008,8,fa3846bc643a6067ec0bbb0e92e06dd9ea6cc252f693a7228b6ba8879c8943dd,/data2/chenyi9/KV-PIM/attacc-fugue/output/KVChime-multi-model-TP4-20260907/model-sweep/Fugue-asplos-raw/profiles/scan-N5632-H8-Q1
scan-N5632-H7-Q8,19242,14.797098,8,9856,78848,100925440,453324390.4,21056,56,2c06cdc342ce64a5b4999eb490a8984678a1c2916ae32bf0b5e00b874d219a86,/data2/chenyi9/KV-PIM/attacc-fugue/output/KVChime-multi-model-TP4-20260907/model-sweep/Fugue-asplos-raw/profiles/scan-N5632-H7-Q8
scan-N6144-H4-Q8,21376,16.438144,8,6144,49152,62914560,282560102.40000004,13056,32,1702b00289f795c5494f472fe5643d1cf2064db5ae6fde9edb5c2a6b4656f801,/data2/chenyi9/KV-PIM/attacc-fugue/output/KVChime-multi-model-TP4-20260907/model-sweep/Fugue-asplos-raw/profiles/scan-N6144-H4-Q8
scan-N8193-H2-Q1,16764,12.891516,6,4104,4104,42024960,185394585.60000002,1104,2,9b9b3a431c0f7595634165338b8050d39651117390a155413e75c7024c0ebbbf,/data2/chenyi9/KV-PIM/attacc-fugue/output/KVChime-multi-model-TP4-20260907/model-sweep/Fugue-asplos-raw/profiles/scan-N8193-H2-Q1
scan-N5632-H8-Q8,19248,14.801712,8,11264,90112,115343360,518085017.6,24064,64,557b5ba1fb22e6ce510af11b8464ad0e9a58a25ab3a5b433f0a854bb546dd37c,/data2/chenyi9/KV-PIM/attacc-fugue/output/KVChime-multi-model-TP4-20260907/model-sweep/Fugue-asplos-raw/profiles/scan-N5632-H8-Q8
scan-N6144-H7-Q1,12366,9.509454,6,10752,10752,110100480,485696870.4000001,2856,7,4352c861d30d6836a8d253c2b4eae4791024962657773c04c979786d9528f6c7,/data2/chenyi9/KV-PIM/attacc-fugue/output/KVChime-multi-model-TP4-20260907/model-sweep/Fugue-asplos-raw/profiles/scan-N6144-H7-Q1
scan-N8193-H2-Q4,21746,16.722673999999998,7,4104,16416,42024960,186848870.40000004,4416,8,0f926311266d17142e0c7ad03f797de561eb7747bd55c17b7709cbf6282e0c6b,/data2/chenyi9/KV-PIM/attacc-fugue/output/KVChime-multi-model-TP4-20260907/model-sweep/Fugue-asplos-raw/profiles/scan-N8193-H2-Q4
scan-N6144-H8-Q1,12366,9.509454,6,12288,12288,125829120,555082137.6,3264,8,525623fac485c32effa14f59f7bf8df57e8333d579779b6ac167478bf0f1c4e8,/data2/chenyi9/KV-PIM/attacc-fugue/output/KVChime-multi-model-TP4-20260907/model-sweep/Fugue-asplos-raw/profiles/scan-N6144-H8-Q1
scan-N8194-H2-Q1,16764,12.891516,6,4104,4104,42024960,185394585.60000002,1104,2,9b9b3a431c0f7595634165338b8050d39651117390a155413e75c7024c0ebbbf,/data2/chenyi9/KV-PIM/attacc-fugue/output/KVChime-multi-model-TP4-20260907/model-sweep/Fugue-asplos-raw/profiles/scan-N8194-H2-Q1
scan-N8193-H4-Q1,16764,12.891516,6,8208,8208,84049920,370789171.20000005,2208,4,bb0503ad94630d7772f8bb01efb01cb1b0af0022a2828f3304134db930b5aac0,/data2/chenyi9/KV-PIM/attacc-fugue/output/KVChime-multi-model-TP4-20260907/model-sweep/Fugue-asplos-raw/profiles/scan-N8193-H4-Q1
scan-N6144-H7-Q8,21406,16.461214,8,10752,86016,110100480,494480179.20000005,22848,56,06e78df73030320d8cf8d218a440995114a740b4679a8b12dbe8f137f6ba8837,/data2/chenyi9/KV-PIM/attacc-fugue/output/KVChime-multi-model-TP4-20260907/model-sweep/Fugue-asplos-raw/profiles/scan-N6144-H7-Q8
scan-N8194-H2-Q8,28494,21.911886000000003,8,4104,32832,42024960,188787916.80000004,8832,16,d6d8554332527902f54c15ce2c49d523f3a0b45ad16e53a6a67c48628c7de3c2,/data2/chenyi9/KV-PIM/attacc-fugue/output/KVChime-multi-model-TP4-20260907/model-sweep/Fugue-asplos-raw/profiles/scan-N8194-H2-Q8
scan-N6144-H8-Q8,21412,16.465828000000002,8,12288,98304,125829120,565120204.8000001,26112,64,d2dee8b9afd972e1211fc564db1104507dce2221a628552736265cf6e47825bb,/data2/chenyi9/KV-PIM/attacc-fugue/output/KVChime-multi-model-TP4-20260907/model-sweep/Fugue-asplos-raw/profiles/scan-N6144-H8-Q8
scan-N8194-H4-Q1,16764,12.891516,6,8208,8208,84049920,370789171.20000005,2208,4,bb0503ad94630d7772f8bb01efb01cb1b0af0022a2828f3304134db930b5aac0,/data2/chenyi9/KV-PIM/attacc-fugue/output/KVChime-multi-model-TP4-20260907/model-sweep/Fugue-asplos-raw/profiles/scan-N8194-H4-Q1
scan-N8193-H7-Q1,16764,12.891516,6,14364,14364,147087360,648881049.6000001,3864,7,9bef71a5a1b69e5af9497836d7a11054d508cd7d0787b43046556399f7ec4d25,/data2/chenyi9/KV-PIM/attacc-fugue/output/KVChime-multi-model-TP4-20260907/model-sweep/Fugue-asplos-raw/profiles/scan-N8193-H7-Q1
scan-N8194-H4-Q2,19508,15.001652,7,8208,16416,84049920,371758694.40000004,4416,8,0c00ff01e7a4f4ead57b52353c57a194fe20ee911dcdd4b5f5959fcb060b7801,/data2/chenyi9/KV-PIM/attacc-fugue/output/KVChime-multi-model-TP4-20260907/model-sweep/Fugue-asplos-raw/profiles/scan-N8194-H4-Q2
scan-N8193-H8-Q1,16764,12.891516,6,16416,16416,168099840,741578342.4000001,4416,8,63c4c73f29b7348642579308438df67b518b3c0e441f2983687a4020adb15040,/data2/chenyi9/KV-PIM/attacc-fugue/output/KVChime-multi-model-TP4-20260907/model-sweep/Fugue-asplos-raw/profiles/scan-N8193-H8-Q1
scan-N8196-H2-Q1,16764,12.891516,6,4104,4104,42024960,185394585.60000002,1104,2,9b9b3a431c0f7595634165338b8050d39651117390a155413e75c7024c0ebbbf,/data2/chenyi9/KV-PIM/attacc-fugue/output/KVChime-multi-model-TP4-20260907/model-sweep/Fugue-asplos-raw/profiles/scan-N8196-H2-Q1
scan-N8196-H2-Q8,28494,21.911886000000003,8,4104,32832,42024960,188787916.80000004,8832,16,d6d8554332527902f54c15ce2c49d523f3a0b45ad16e53a6a67c48628c7de3c2,/data2/chenyi9/KV-PIM/attacc-fugue/output/KVChime-multi-model-TP4-20260907/model-sweep/Fugue-asplos-raw/profiles/scan-N8196-H2-Q8
scan-N8194-H7-Q1,16764,12.891516,6,14364,14364,147087360,648881049.6000001,3864,7,9bef71a5a1b69e5af9497836d7a11054d508cd7d0787b43046556399f7ec4d25,/data2/chenyi9/KV-PIM/attacc-fugue/output/KVChime-multi-model-TP4-20260907/model-sweep/Fugue-asplos-raw/profiles/scan-N8194-H7-Q1
scan-N8196-H4-Q1,16764,12.891516,6,8208,8208,84049920,370789171.20000005,2208,4,bb0503ad94630d7772f8bb01efb01cb1b0af0022a2828f3304134db930b5aac0,/data2/chenyi9/KV-PIM/attacc-fugue/output/KVChime-multi-model-TP4-20260907/model-sweep/Fugue-asplos-raw/profiles/scan-N8196-H4-Q1
scan-N8194-H7-Q2,19508,15.001652,7,14364,28728,147087360,650577715.2,7728,14,58f9f66c91bdfcd579f12beb0a59e33471002fa253fd1407998950fd4f3162bf,/data2/chenyi9/KV-PIM/attacc-fugue/output/KVChime-multi-model-TP4-20260907/model-sweep/Fugue-asplos-raw/profiles/scan-N8194-H7-Q2
scan-N8194-H8-Q1,16764,12.891516,6,16416,16416,168099840,741578342.4000001,4416,8,63c4c73f29b7348642579308438df67b518b3c0e441f2983687a4020adb15040,/data2/chenyi9/KV-PIM/attacc-fugue/output/KVChime-multi-model-TP4-20260907/model-sweep/Fugue-asplos-raw/profiles/scan-N8194-H8-Q1
scan-N8196-H4-Q4,21791,16.757278999999997,7,8208,32832,84049920,373697740.8000001,8832,16,2709d95d99e673c88077d01c2d90e7f4134926b8dd15d21d29cb8a6119053fc1,/data2/chenyi9/KV-PIM/attacc-fugue/output/KVChime-multi-model-TP4-20260907/model-sweep/Fugue-asplos-raw/profiles/scan-N8196-H4-Q4
scan-N8200-H2-Q1,16764,12.891516,6,4104,4104,42024960,185394585.60000002,1104,2,9b9b3a431c0f7595634165338b8050d39651117390a155413e75c7024c0ebbbf,/data2/chenyi9/KV-PIM/attacc-fugue/output/KVChime-multi-model-TP4-20260907/model-sweep/Fugue-asplos-raw/profiles/scan-N8200-H2-Q1
scan-N8200-H2-Q8,28494,21.911886000000003,8,4104,32832,42024960,188787916.80000004,8832,16,d6d8554332527902f54c15ce2c49d523f3a0b45ad16e53a6a67c48628c7de3c2,/data2/chenyi9/KV-PIM/attacc-fugue/output/KVChime-multi-model-TP4-20260907/model-sweep/Fugue-asplos-raw/profiles/scan-N8200-H2-Q8
scan-N8194-H8-Q2,19508,15.001652,7,16416,32832,168099840,743517388.8000001,8832,16,007aa6bf692fc7b674377d45ba67d5acdbb06b11e7b5f23a6993cb5804fb3f0a,/data2/chenyi9/KV-PIM/attacc-fugue/output/KVChime-multi-model-TP4-20260907/model-sweep/Fugue-asplos-raw/profiles/scan-N8194-H8-Q2
scan-N8196-H7-Q1,16764,12.891516,6,14364,14364,147087360,648881049.6000001,3864,7,9bef71a5a1b69e5af9497836d7a11054d508cd7d0787b43046556399f7ec4d25,/data2/chenyi9/KV-PIM/attacc-fugue/output/KVChime-multi-model-TP4-20260907/model-sweep/Fugue-asplos-raw/profiles/scan-N8196-H7-Q1
scan-N8200-H4-Q1,16764,12.891516,6,8208,8208,84049920,370789171.20000005,2208,4,bb0503ad94630d7772f8bb01efb01cb1b0af0022a2828f3304134db930b5aac0,/data2/chenyi9/KV-PIM/attacc-fugue/output/KVChime-multi-model-TP4-20260907/model-sweep/Fugue-asplos-raw/profiles/scan-N8200-H4-Q1
scan-N8196-H7-Q4,21812,16.773428,7,14364,57456,147087360,653971046.4000001,15456,28,a5ab3af92e9ddb06f06a3e33031f33d7c0a792dd90ffafdd7fced804582b2367,/data2/chenyi9/KV-PIM/attacc-fugue/output/KVChime-multi-model-TP4-20260907/model-sweep/Fugue-asplos-raw/profiles/scan-N8196-H7-Q4
scan-N8196-H8-Q1,16764,12.891516,6,16416,16416,168099840,741578342.4000001,4416,8,63c4c73f29b7348642579308438df67b518b3c0e441f2983687a4020adb15040,/data2/chenyi9/KV-PIM/attacc-fugue/output/KVChime-multi-model-TP4-20260907/model-sweep/Fugue-asplos-raw/profiles/scan-N8196-H8-Q1
scan-N8200-H4-Q8,28546,21.951874,8,8208,65664,84049920,377575833.6000001,17664,32,caca26c2082f4aa5032d6ad02d719196359912ed1ae3f602011581ea410e67d5,/data2/chenyi9/KV-PIM/attacc-fugue/output/KVChime-multi-model-TP4-20260907/model-sweep/Fugue-asplos-raw/profiles/scan-N8200-H4-Q8
scan-N8204-H2-Q1,16764,12.891516,6,4104,4104,42024960,185394585.60000002,1104,2,9b9b3a431c0f7595634165338b8050d39651117390a155413e75c7024c0ebbbf,/data2/chenyi9/KV-PIM/attacc-fugue/output/KVChime-multi-model-TP4-20260907/model-sweep/Fugue-asplos-raw/profiles/scan-N8204-H2-Q1
scan-N8196-H8-Q4,21819,16.778811,7,16416,65664,168099840,747395481.6000001,17664,32,d9be328a3993175b3ca435cc818fd6ab82a46f0cf2d5fc6fc77b952d6e4d5938,/data2/chenyi9/KV-PIM/attacc-fugue/output/KVChime-multi-model-TP4-20260907/model-sweep/Fugue-asplos-raw/profiles/scan-N8196-H8-Q4
scan-N8204-H2-Q8,28494,21.911886000000003,8,4104,32832,42024960,188787916.80000004,8832,16,d6d8554332527902f54c15ce2c49d523f3a0b45ad16e53a6a67c48628c7de3c2,/data2/chenyi9/KV-PIM/attacc-fugue/output/KVChime-multi-model-TP4-20260907/model-sweep/Fugue-asplos-raw/profiles/scan-N8204-H2-Q8
scan-N8200-H7-Q1,16764,12.891516,6,14364,14364,147087360,648881049.6000001,3864,7,9bef71a5a1b69e5af9497836d7a11054d508cd7d0787b43046556399f7ec4d25,/data2/chenyi9/KV-PIM/attacc-fugue/output/KVChime-multi-model-TP4-20260907/model-sweep/Fugue-asplos-raw/profiles/scan-N8200-H7-Q1
scan-N8204-H4-Q1,16764,12.891516,6,8208,8208,84049920,370789171.20000005,2208,4,bb0503ad94630d7772f8bb01efb01cb1b0af0022a2828f3304134db930b5aac0,/data2/chenyi9/KV-PIM/attacc-fugue/output/KVChime-multi-model-TP4-20260907/model-sweep/Fugue-asplos-raw/profiles/scan-N8204-H4-Q1
scan-N8200-H8-Q1,16764,12.891516,6,16416,16416,168099840,741578342.4000001,4416,8,63c4c73f29b7348642579308438df67b518b3c0e441f2983687a4020adb15040,/data2/chenyi9/KV-PIM/attacc-fugue/output/KVChime-multi-model-TP4-20260907/model-sweep/Fugue-asplos-raw/profiles/scan-N8200-H8-Q1
scan-N8204-H4-Q4,21791,16.757278999999997,7,8208,32832,84049920,373697740.8000001,8832,16,2709d95d99e673c88077d01c2d90e7f4134926b8dd15d21d29cb8a6119053fc1,/data2/chenyi9/KV-PIM/attacc-fugue/output/KVChime-multi-model-TP4-20260907/model-sweep/Fugue-asplos-raw/profiles/scan-N8204-H4-Q4
scan-N8200-H7-Q8,28576,21.974944,8,14364,114912,147087360,660757708.8000001,30912,56,444c43ccb79503a26d928e276f7cacdb7528232bed4b45f25b0c9ad37cb0511a,/data2/chenyi9/KV-PIM/attacc-fugue/output/KVChime-multi-model-TP4-20260907/model-sweep/Fugue-asplos-raw/profiles/scan-N8200-H7-Q8
scan-N8204-H4-Q8,28546,21.951874,8,8208,65664,84049920,377575833.6000001,17664,32,caca26c2082f4aa5032d6ad02d719196359912ed1ae3f602011581ea410e67d5,/data2/chenyi9/KV-PIM/attacc-fugue/output/KVChime-multi-model-TP4-20260907/model-sweep/Fugue-asplos-raw/profiles/scan-N8204-H4-Q8
scan-N8204-H7-Q1,16764,12.891516,6,14364,14364,147087360,648881049.6000001,3864,7,9bef71a5a1b69e5af9497836d7a11054d508cd7d0787b43046556399f7ec4d25,/data2/chenyi9/KV-PIM/attacc-fugue/output/KVChime-multi-model-TP4-20260907/model-sweep/Fugue-asplos-raw/profiles/scan-N8204-H7-Q1
scan-N8200-H8-Q8,28582,21.979558,8,16416,131328,168099840,755151667.2000002,35328,64,5326e3e503000c8788ec31d784b88bbd94fcfbc1213a734dce387565e32b6a14,/data2/chenyi9/KV-PIM/attacc-fugue/output/KVChime-multi-model-TP4-20260907/model-sweep/Fugue-asplos-raw/profiles/scan-N8200-H8-Q8
scan-N8208-H2-Q1,16764,12.891516,6,4104,4104,42024960,185394585.60000002,1104,2,9b9b3a431c0f7595634165338b8050d39651117390a155413e75c7024c0ebbbf,/data2/chenyi9/KV-PIM/attacc-fugue/output/KVChime-multi-model-TP4-20260907/model-sweep/Fugue-asplos-raw/profiles/scan-N8208-H2-Q1
scan-N8204-H7-Q4,21812,16.773428,7,14364,57456,147087360,653971046.4000001,15456,28,a5ab3af92e9ddb06f06a3e33031f33d7c0a792dd90ffafdd7fced804582b2367,/data2/chenyi9/KV-PIM/attacc-fugue/output/KVChime-multi-model-TP4-20260907/model-sweep/Fugue-asplos-raw/profiles/scan-N8204-H7-Q4
scan-N8208-H2-Q8,28494,21.911886000000003,8,4104,32832,42024960,188787916.80000004,8832,16,d6d8554332527902f54c15ce2c49d523f3a0b45ad16e53a6a67c48628c7de3c2,/data2/chenyi9/KV-PIM/attacc-fugue/output/KVChime-multi-model-TP4-20260907/model-sweep/Fugue-asplos-raw/profiles/scan-N8208-H2-Q8
scan-N8204-H8-Q1,16764,12.891516,6,16416,16416,168099840,741578342.4000001,4416,8,63c4c73f29b7348642579308438df67b518b3c0e441f2983687a4020adb15040,/data2/chenyi9/KV-PIM/attacc-fugue/output/KVChime-multi-model-TP4-20260907/model-sweep/Fugue-asplos-raw/profiles/scan-N8204-H8-Q1
scan-N8208-H4-Q1,16764,12.891516,6,8208,8208,84049920,370789171.20000005,2208,4,bb0503ad94630d7772f8bb01efb01cb1b0af0022a2828f3304134db930b5aac0,/data2/chenyi9/KV-PIM/attacc-fugue/output/KVChime-multi-model-TP4-20260907/model-sweep/Fugue-asplos-raw/profiles/scan-N8208-H4-Q1
scan-N8204-H7-Q8,28576,21.974944,8,14364,114912,147087360,660757708.8000001,30912,56,444c43ccb79503a26d928e276f7cacdb7528232bed4b45f25b0c9ad37cb0511a,/data2/chenyi9/KV-PIM/attacc-fugue/output/KVChime-multi-model-TP4-20260907/model-sweep/Fugue-asplos-raw/profiles/scan-N8204-H7-Q8
scan-N8204-H8-Q4,21819,16.778811,7,16416,65664,168099840,747395481.6000001,17664,32,d9be328a3993175b3ca435cc818fd6ab82a46f0cf2d5fc6fc77b952d6e4d5938,/data2/chenyi9/KV-PIM/attacc-fugue/output/KVChime-multi-model-TP4-20260907/model-sweep/Fugue-asplos-raw/profiles/scan-N8204-H8-Q4
scan-N8208-H4-Q8,28546,21.951874,8,8208,65664,84049920,377575833.6000001,17664,32,caca26c2082f4aa5032d6ad02d719196359912ed1ae3f602011581ea410e67d5,/data2/chenyi9/KV-PIM/attacc-fugue/output/KVChime-multi-model-TP4-20260907/model-sweep/Fugue-asplos-raw/profiles/scan-N8208-H4-Q8
scan-N8216-H2-Q1,16788,12.909972,6,4112,4112,42106880,185755033.60000002,1104,2,138677711faa672922266c5719553db83f5db237525a42de71fa99bf3052b95c,/data2/chenyi9/KV-PIM/attacc-fugue/output/KVChime-multi-model-TP4-20260907/model-sweep/Fugue-asplos-raw/profiles/scan-N8216-H2-Q1
scan-N8204-H8-Q8,28582,21.979558,8,16416,131328,168099840,755151667.2000002,35328,64,5326e3e503000c8788ec31d784b88bbd94fcfbc1213a734dce387565e32b6a14,/data2/chenyi9/KV-PIM/attacc-fugue/output/KVChime-multi-model-TP4-20260907/model-sweep/Fugue-asplos-raw/profiles/scan-N8204-H8-Q8
scan-N8208-H7-Q1,16764,12.891516,6,14364,14364,147087360,648881049.6000001,3864,7,9bef71a5a1b69e5af9497836d7a11054d508cd7d0787b43046556399f7ec4d25,/data2/chenyi9/KV-PIM/attacc-fugue/output/KVChime-multi-model-TP4-20260907/model-sweep/Fugue-asplos-raw/profiles/scan-N8208-H7-Q1
scan-N8216-H2-Q8,28508,21.922652000000003,8,4112,32896,42106880,189148364.80000004,8832,16,93d7eee1f3875b2c17a242d11d9f4c91c6837ddd462e48ac3f09527260e076da,/data2/chenyi9/KV-PIM/attacc-fugue/output/KVChime-multi-model-TP4-20260907/model-sweep/Fugue-asplos-raw/profiles/scan-N8216-H2-Q8
scan-N8216-H4-Q1,16788,12.909972,6,8224,8224,84213760,371510067.20000005,2208,4,857ed9ca56fe8a2089b5824839fd329940184d9dec3a7184e6b9f39c7c88d74a,/data2/chenyi9/KV-PIM/attacc-fugue/output/KVChime-multi-model-TP4-20260907/model-sweep/Fugue-asplos-raw/profiles/scan-N8216-H4-Q1
scan-N8208-H8-Q1,16764,12.891516,6,16416,16416,168099840,741578342.4000001,4416,8,63c4c73f29b7348642579308438df67b518b3c0e441f2983687a4020adb15040,/data2/chenyi9/KV-PIM/attacc-fugue/output/KVChime-multi-model-TP4-20260907/model-sweep/Fugue-asplos-raw/profiles/scan-N8208-H8-Q1
scan-N8208-H7-Q8,28576,21.974944,8,14364,114912,147087360,660757708.8000001,30912,56,444c43ccb79503a26d928e276f7cacdb7528232bed4b45f25b0c9ad37cb0511a,/data2/chenyi9/KV-PIM/attacc-fugue/output/KVChime-multi-model-TP4-20260907/model-sweep/Fugue-asplos-raw/profiles/scan-N8208-H7-Q8
scan-N8216-H4-Q8,28560,21.96264,8,8224,65792,84213760,378296729.6000001,17664,32,e3cc6e419d75f41288b6f10944b4d339ecf2d8a4ad81a61f0bf02de1d1a33d1b,/data2/chenyi9/KV-PIM/attacc-fugue/output/KVChime-multi-model-TP4-20260907/model-sweep/Fugue-asplos-raw/profiles/scan-N8216-H4-Q8
scan-N8224-H2-Q1,16788,12.909972,6,4112,4112,42106880,185755033.60000002,1104,2,138677711faa672922266c5719553db83f5db237525a42de71fa99bf3052b95c,/data2/chenyi9/KV-PIM/attacc-fugue/output/KVChime-multi-model-TP4-20260907/model-sweep/Fugue-asplos-raw/profiles/scan-N8224-H2-Q1
scan-N8216-H7-Q1,16788,12.909972,6,14392,14392,147374080,650142617.6,3864,7,ae5f70050bd7c46ca494e01f59e9d05a7c5f77ccb03ccd695d6577f72bb568f6,/data2/chenyi9/KV-PIM/attacc-fugue/output/KVChime-multi-model-TP4-20260907/model-sweep/Fugue-asplos-raw/profiles/scan-N8216-H7-Q1
scan-N8224-H2-Q8,28508,21.922652000000003,8,4112,32896,42106880,189148364.80000004,8832,16,93d7eee1f3875b2c17a242d11d9f4c91c6837ddd462e48ac3f09527260e076da,/data2/chenyi9/KV-PIM/attacc-fugue/output/KVChime-multi-model-TP4-20260907/model-sweep/Fugue-asplos-raw/profiles/scan-N8224-H2-Q8
scan-N8208-H8-Q8,28582,21.979558,8,16416,131328,168099840,755151667.2000002,35328,64,5326e3e503000c8788ec31d784b88bbd94fcfbc1213a734dce387565e32b6a14,/data2/chenyi9/KV-PIM/attacc-fugue/output/KVChime-multi-model-TP4-20260907/model-sweep/Fugue-asplos-raw/profiles/scan-N8208-H8-Q8
scan-N8224-H4-Q1,16788,12.909972,6,8224,8224,84213760,371510067.20000005,2208,4,857ed9ca56fe8a2089b5824839fd329940184d9dec3a7184e6b9f39c7c88d74a,/data2/chenyi9/KV-PIM/attacc-fugue/output/KVChime-multi-model-TP4-20260907/model-sweep/Fugue-asplos-raw/profiles/scan-N8224-H4-Q1
scan-N8216-H8-Q1,16788,12.909972,6,16448,16448,168427520,743020134.4000001,4416,8,f7b64763606b09b0a9dff5022638c0b33ef524c727637c3835b0eb363ae6da1b,/data2/chenyi9/KV-PIM/attacc-fugue/output/KVChime-multi-model-TP4-20260907/model-sweep/Fugue-asplos-raw/profiles/scan-N8216-H8-Q1
scan-N8216-H7-Q8,28590,21.985709999999997,8,14392,115136,147374080,662019276.8,30912,56,9cbb406f3df93ffa78e14e37e5f38dda72ae935ce035d1c58dd3c504907a2b1a,/data2/chenyi9/KV-PIM/attacc-fugue/output/KVChime-multi-model-TP4-20260907/model-sweep/Fugue-asplos-raw/profiles/scan-N8216-H7-Q8
scan-N8240-H2-Q1,16812,12.928428,6,4120,4120,42188800,186115481.6,1104,2,853bd5d689c41009c0203350f094b6ff3531bd411232da03e36ff56b59909716,/data2/chenyi9/KV-PIM/attacc-fugue/output/KVChime-multi-model-TP4-20260907/model-sweep/Fugue-asplos-raw/profiles/scan-N8240-H2-Q1
scan-N8224-H4-Q8,28560,21.96264,8,8224,65792,84213760,378296729.6000001,17664,32,e3cc6e419d75f41288b6f10944b4d339ecf2d8a4ad81a61f0bf02de1d1a33d1b,/data2/chenyi9/KV-PIM/attacc-fugue/output/KVChime-multi-model-TP4-20260907/model-sweep/Fugue-asplos-raw/profiles/scan-N8224-H4-Q8
scan-N8216-H8-Q8,28596,21.990324,8,16448,131584,168427520,756593459.2000002,35328,64,e1390285bf6743a0fa7045f02f790d535db265c62e7d785552c54047abed41db,/data2/chenyi9/KV-PIM/attacc-fugue/output/KVChime-multi-model-TP4-20260907/model-sweep/Fugue-asplos-raw/profiles/scan-N8216-H8-Q8
scan-N8240-H2-Q8,28904,22.227176,8,4120,32960,42188800,189508812.8,8832,16,f681acc11c07d33314235d916e58d4ab174c5ec8d596d0f556c077f887db3fb3,/data2/chenyi9/KV-PIM/attacc-fugue/output/KVChime-multi-model-TP4-20260907/model-sweep/Fugue-asplos-raw/profiles/scan-N8240-H2-Q8
scan-N8224-H7-Q1,16788,12.909972,6,14392,14392,147374080,650142617.6,3864,7,ae5f70050bd7c46ca494e01f59e9d05a7c5f77ccb03ccd695d6577f72bb568f6,/data2/chenyi9/KV-PIM/attacc-fugue/output/KVChime-multi-model-TP4-20260907/model-sweep/Fugue-asplos-raw/profiles/scan-N8224-H7-Q1
scan-N8240-H4-Q1,16812,12.928428,6,8240,8240,84377600,372230963.2,2208,4,c8711d16fa943ac7b02bdad831d71c04529233ba84a7b518b5ce42fa498d1421,/data2/chenyi9/KV-PIM/attacc-fugue/output/KVChime-multi-model-TP4-20260907/model-sweep/Fugue-asplos-raw/profiles/scan-N8240-H4-Q1
scan-N8224-H8-Q1,16788,12.909972,6,16448,16448,168427520,743020134.4000001,4416,8,f7b64763606b09b0a9dff5022638c0b33ef524c727637c3835b0eb363ae6da1b,/data2/chenyi9/KV-PIM/attacc-fugue/output/KVChime-multi-model-TP4-20260907/model-sweep/Fugue-asplos-raw/profiles/scan-N8224-H8-Q1
scan-N8240-H4-Q8,28938,22.253322,8,8240,65920,84377600,379017625.6,17664,32,6466cc70559bc9c68825a09f2ad1b558d600fc20b4589c696245e42d17598cec,/data2/chenyi9/KV-PIM/attacc-fugue/output/KVChime-multi-model-TP4-20260907/model-sweep/Fugue-asplos-raw/profiles/scan-N8240-H4-Q8
scan-N8224-H7-Q8,28590,21.985709999999997,8,14392,115136,147374080,662019276.8,30912,56,9cbb406f3df93ffa78e14e37e5f38dda72ae935ce035d1c58dd3c504907a2b1a,/data2/chenyi9/KV-PIM/attacc-fugue/output/KVChime-multi-model-TP4-20260907/model-sweep/Fugue-asplos-raw/profiles/scan-N8224-H7-Q8
scan-N8256-H2-Q1,16836,12.946884,6,4128,4128,42270720,186475929.60000002,1104,2,2c89c7264c9cc7e2cba0e3bc81915ad2d07edd9c49ab2b22075b0e17436fed92,/data2/chenyi9/KV-PIM/attacc-fugue/output/KVChime-multi-model-TP4-20260907/model-sweep/Fugue-asplos-raw/profiles/scan-N8256-H2-Q1
scan-N8224-H8-Q8,28596,21.990324,8,16448,131584,168427520,756593459.2000002,35328,64,e1390285bf6743a0fa7045f02f790d535db265c62e7d785552c54047abed41db,/data2/chenyi9/KV-PIM/attacc-fugue/output/KVChime-multi-model-TP4-20260907/model-sweep/Fugue-asplos-raw/profiles/scan-N8224-H8-Q8
scan-N8256-H2-Q8,28936,22.251784,8,4128,33024,42270720,189869260.8,8832,16,38bcde4074731736a480e01883baeff92c68496adc2593da0ff10f29df39ea00,/data2/chenyi9/KV-PIM/attacc-fugue/output/KVChime-multi-model-TP4-20260907/model-sweep/Fugue-asplos-raw/profiles/scan-N8256-H2-Q8
scan-N8240-H7-Q1,16812,12.928428,6,14420,14420,147660800,651404185.6000001,3864,7,88f19fc1d49d49d55ef5f071acfca427646af803ac0fb9c6645005db08d9ba64,/data2/chenyi9/KV-PIM/attacc-fugue/output/KVChime-multi-model-TP4-20260907/model-sweep/Fugue-asplos-raw/profiles/scan-N8240-H7-Q1
scan-N8240-H8-Q1,16812,12.928428,6,16480,16480,168755200,744461926.4,4416,8,f407c031bcfceef261e9843197246faf7689c62a3c06d89f24661024d1a7f95f,/data2/chenyi9/KV-PIM/attacc-fugue/output/KVChime-multi-model-TP4-20260907/model-sweep/Fugue-asplos-raw/profiles/scan-N8240-H8-Q1
scan-N8256-H4-Q1,16836,12.946884,6,8256,8256,84541440,372951859.20000005,2208,4,317eec541627ac56b3282ec21ace2c7b4e00e5587c70332f390a3121756017a9,/data2/chenyi9/KV-PIM/attacc-fugue/output/KVChime-multi-model-TP4-20260907/model-sweep/Fugue-asplos-raw/profiles/scan-N8256-H4-Q1
scan-N8240-H7-Q8,29010,22.30869,8,14420,115360,147660800,663280844.8000001,30912,56,f1e09418809548800f01727fbb0c79e9f87aa840aeadeb6fc00a9843cf5d57fe,/data2/chenyi9/KV-PIM/attacc-fugue/output/KVChime-multi-model-TP4-20260907/model-sweep/Fugue-asplos-raw/profiles/scan-N8240-H7-Q8
scan-N8256-H4-Q8,29017,22.314073,8,8256,66048,84541440,379738521.6,17664,32,4bc23c050e966c7b7b639720edfa3ee6e0bfeea7ddf2cbd72ebec56e13da8bfa,/data2/chenyi9/KV-PIM/attacc-fugue/output/KVChime-multi-model-TP4-20260907/model-sweep/Fugue-asplos-raw/profiles/scan-N8256-H4-Q8
scan-N8288-H2-Q1,16884,12.983796,6,4144,4144,42434560,187196825.60000002,1104,2,e1dd095ef960af13f2f39be4957c28098d46f35047b737d9ca1ae79f970800cd,/data2/chenyi9/KV-PIM/attacc-fugue/output/KVChime-multi-model-TP4-20260907/model-sweep/Fugue-asplos-raw/profiles/scan-N8288-H2-Q1
scan-N8240-H8-Q8,29010,22.30869,8,16480,131840,168755200,758035251.2,35328,64,0fb1a487e56e384b282109ac2ac3af1a4f777c4f5afb79b150d41ca3b97c9c95,/data2/chenyi9/KV-PIM/attacc-fugue/output/KVChime-multi-model-TP4-20260907/model-sweep/Fugue-asplos-raw/profiles/scan-N8240-H8-Q8
scan-N8288-H2-Q8,29000,22.301,8,4144,33152,42434560,190590156.80000004,8832,16,cb0e0bba30167d519b3c4f552bfcd50ce111214e41542a89ec702f8d9642a3c7,/data2/chenyi9/KV-PIM/attacc-fugue/output/KVChime-multi-model-TP4-20260907/model-sweep/Fugue-asplos-raw/profiles/scan-N8288-H2-Q8
scan-N8256-H7-Q1,16836,12.946884,6,14448,14448,147947520,652665753.6,3864,7,761345e730ea9c1797bcf82bcf97994dce0d445b7647d67ed8656b705a5131b5,/data2/chenyi9/KV-PIM/attacc-fugue/output/KVChime-multi-model-TP4-20260907/model-sweep/Fugue-asplos-raw/profiles/scan-N8256-H7-Q1
scan-N8288-H4-Q1,16884,12.983796,6,8288,8288,84869120,374393651.20000005,2208,4,7ce9de1d135ffce9c716ef399d60dcf6f63da59bc932b1f590c0eeb27d7b9fe1,/data2/chenyi9/KV-PIM/attacc-fugue/output/KVChime-multi-model-TP4-20260907/model-sweep/Fugue-asplos-raw/profiles/scan-N8288-H4-Q1
scan-N8256-H8-Q1,16836,12.946884,6,16512,16512,169082880,745903718.4000001,4416,8,8bb38072914429658a59a8408d03b07280995bde477941d7734f35648208c6e1,/data2/chenyi9/KV-PIM/attacc-fugue/output/KVChime-multi-model-TP4-20260907/model-sweep/Fugue-asplos-raw/profiles/scan-N8256-H8-Q1
scan-N8288-H4-Q8,29074,22.357906,8,8288,66304,84869120,381180313.6000001,17664,32,96854c4c6657d24338beb4b0b67a483fd6b91acf2234511ac16a977b6c7249aa,/data2/chenyi9/KV-PIM/attacc-fugue/output/KVChime-multi-model-TP4-20260907/model-sweep/Fugue-asplos-raw/profiles/scan-N8288-H4-Q8
scan-N8256-H7-Q8,29036,22.328684000000003,8,14448,115584,147947520,664542412.8,30912,56,a010ee802cadfec67caa5f9da1db8d2de325978eb4107a0a49f1116fdaad7de7,/data2/chenyi9/KV-PIM/attacc-fugue/output/KVChime-multi-model-TP4-20260907/model-sweep/Fugue-asplos-raw/profiles/scan-N8256-H7-Q8
scan-N8320-H2-Q1,16950,13.034550000000001,6,4160,4160,42598400,187917721.6,1104,2,92d46457e4768e017a902e491189a2c09553b9c877ff3a196236224a22b28754,/data2/chenyi9/KV-PIM/attacc-fugue/output/KVChime-multi-model-TP4-20260907/model-sweep/Fugue-asplos-raw/profiles/scan-N8320-H2-Q1
scan-N8320-H2-Q8,29086,22.367134,8,4160,33280,42598400,191311052.8,8832,16,9d4e483bf36fa52601206750f08749644f6cfc6e64dc032f43139590d8e74294,/data2/chenyi9/KV-PIM/attacc-fugue/output/KVChime-multi-model-TP4-20260907/model-sweep/Fugue-asplos-raw/profiles/scan-N8320-H2-Q8
scan-N8288-H7-Q1,16884,12.983796,6,14504,14504,148520960,655188889.6000001,3864,7,aa479e2b94aba90b71e6f3810b40426123489ed743a235cd8bc5750811392dd1,/data2/chenyi9/KV-PIM/attacc-fugue/output/KVChime-multi-model-TP4-20260907/model-sweep/Fugue-asplos-raw/profiles/scan-N8288-H7-Q1
scan-N8256-H8-Q8,29046,22.336374,8,16512,132096,169082880,759477043.2,35328,64,9711667a2f950555a150a2343fe3c2068197c59696253c18434b12aa1f61d84b,/data2/chenyi9/KV-PIM/attacc-fugue/output/KVChime-multi-model-TP4-20260907/model-sweep/Fugue-asplos-raw/profiles/scan-N8256-H8-Q8
scan-N8320-H4-Q1,16950,13.034550000000001,6,8320,8320,85196800,375835443.2,2208,4,29796f6fc96ef438e9d564b4cde33a700be82f11d7b347cc3b9c1f18628f4cea,/data2/chenyi9/KV-PIM/attacc-fugue/output/KVChime-multi-model-TP4-20260907/model-sweep/Fugue-asplos-raw/profiles/scan-N8320-H4-Q1
scan-N8288-H8-Q1,16884,12.983796,6,16576,16576,169738240,748787302.4000001,4416,8,c7c22e18938e9ad5b81d4d28687cb013bab4e626026e5817879cfe3d2de7382c,/data2/chenyi9/KV-PIM/attacc-fugue/output/KVChime-multi-model-TP4-20260907/model-sweep/Fugue-asplos-raw/profiles/scan-N8288-H8-Q1
scan-N8288-H7-Q8,29100,22.3779,8,14504,116032,148520960,667065548.8000001,30912,56,75029e07d8d790017e32fcbbec8ff8f0765c2cd9b7a6d00a6a9af62c925169e6,/data2/chenyi9/KV-PIM/attacc-fugue/output/KVChime-multi-model-TP4-20260907/model-sweep/Fugue-asplos-raw/profiles/scan-N8288-H7-Q8
scan-N8384-H2-Q1,17028,13.094532000000001,6,4192,4192,42926080,189359513.60000002,1104,2,e1ffe65c9a02089ec63f26e54cce850af17feb6d1d5c72eb53b7688b1a922eca,/data2/chenyi9/KV-PIM/attacc-fugue/output/KVChime-multi-model-TP4-20260907/model-sweep/Fugue-asplos-raw/profiles/scan-N8384-H2-Q1
scan-N8320-H4-Q8,29138,22.407122,8,8320,66560,85196800,382622105.6,17664,32,bb15ef682801e103671d46beeedbeaecb625e82f1aceb85bef3bccca7ecc9aac,/data2/chenyi9/KV-PIM/attacc-fugue/output/KVChime-multi-model-TP4-20260907/model-sweep/Fugue-asplos-raw/profiles/scan-N8320-H4-Q8
scan-N8288-H8-Q8,29110,22.38559,8,16576,132608,169738240,762360627.2000002,35328,64,8f52e3fa510ad96b7f4fe08fc00805497ae708afa902b13e6ffe54bee090d636,/data2/chenyi9/KV-PIM/attacc-fugue/output/KVChime-multi-model-TP4-20260907/model-sweep/Fugue-asplos-raw/profiles/scan-N8288-H8-Q8
scan-N8320-H7-Q1,16950,13.034550000000001,6,14560,14560,149094400,657712025.6000001,3864,7,a8a0b3823fc9bfaccb7658f25d0e182116837f6c8d09e037adfb2e5ef480491a,/data2/chenyi9/KV-PIM/attacc-fugue/output/KVChime-multi-model-TP4-20260907/model-sweep/Fugue-asplos-raw/profiles/scan-N8320-H7-Q1
scan-N8384-H2-Q8,29192,22.448648000000002,8,4192,33536,42926080,192752844.80000004,8832,16,480fe20c86674657e734b6d4da6af197070c5b9515db95cebe300d4e8cdac8c4,/data2/chenyi9/KV-PIM/attacc-fugue/output/KVChime-multi-model-TP4-20260907/model-sweep/Fugue-asplos-raw/profiles/scan-N8384-H2-Q8
scan-N8384-H4-Q1,17028,13.094532000000001,6,8384,8384,85852160,378719027.20000005,2208,4,5e0cef7c83614c6cc946e3f619c17dee86dc51e9e4bd1d97a00fa97e38e4c70e,/data2/chenyi9/KV-PIM/attacc-fugue/output/KVChime-multi-model-TP4-20260907/model-sweep/Fugue-asplos-raw/profiles/scan-N8384-H4-Q1
scan-N8320-H8-Q1,16950,13.034550000000001,6,16640,16640,170393600,751670886.4,4416,8,399e96322d40c6c0d37f37877c55485f7a8d80b151dd07c6a52508c90decf2b8,/data2/chenyi9/KV-PIM/attacc-fugue/output/KVChime-multi-model-TP4-20260907/model-sweep/Fugue-asplos-raw/profiles/scan-N8320-H8-Q1
scan-N8320-H7-Q8,29143,22.410967,8,14560,116480,149094400,669588684.8000001,30912,56,5ec507508fb2182d177701af3b37e9930c6ff3c09b44ac7eb65f41d61449cf9b,/data2/chenyi9/KV-PIM/attacc-fugue/output/KVChime-multi-model-TP4-20260907/model-sweep/Fugue-asplos-raw/profiles/scan-N8320-H7-Q8
scan-N8384-H4-Q8,29262,22.502478,8,8384,67072,85852160,385505689.6000001,17664,32,34a59d8dc72c3109f0aa432a6efc989d2e85bdcdb7811923eb333da02dc66ea6,/data2/chenyi9/KV-PIM/attacc-fugue/output/KVChime-multi-model-TP4-20260907/model-sweep/Fugue-asplos-raw/profiles/scan-N8384-H4-Q8
scan-N8448-H2-Q1,17124,13.168356,6,4224,4224,43253760,190801305.60000002,1104,2,0785fa28dc1ccf59ba039a089586699dc912f42c13d4ad8c63e40f8bb0c30c09,/data2/chenyi9/KV-PIM/attacc-fugue/output/KVChime-multi-model-TP4-20260907/model-sweep/Fugue-asplos-raw/profiles/scan-N8448-H2-Q1
scan-N8320-H8-Q8,29132,22.402508,8,16640,133120,170393600,765244211.2,35328,64,fa6acdfe6e3be54f760f1f05bef636eca7b32df1df6b0239484a87a47c79f944,/data2/chenyi9/KV-PIM/attacc-fugue/output/KVChime-multi-model-TP4-20260907/model-sweep/Fugue-asplos-raw/profiles/scan-N8320-H8-Q8
scan-N8384-H7-Q1,17028,13.094532000000001,6,14672,14672,150241280,662758297.6,3864,7,ef8783d7a791102bd74102a9d364c7f2fbab4840004cc855bb71c06f70477e9b,/data2/chenyi9/KV-PIM/attacc-fugue/output/KVChime-multi-model-TP4-20260907/model-sweep/Fugue-asplos-raw/profiles/scan-N8384-H7-Q1
scan-N8448-H2-Q8,29342,22.563997999999998,8,4224,33792,43253760,194194636.80000004,8832,16,83bebff8aff43c49b7fbc0cdd2cc01331a9ba9975d040ab36937b6bac164b324,/data2/chenyi9/KV-PIM/attacc-fugue/output/KVChime-multi-model-TP4-20260907/model-sweep/Fugue-asplos-raw/profiles/scan-N8448-H2-Q8
scan-N8448-H4-Q1,17124,13.168356,6,8448,8448,86507520,381602611.20000005,2208,4,81280e5877f8c9791dbc122e3d190120e1e68514bb7f6c0bd89b5c77dea14574,/data2/chenyi9/KV-PIM/attacc-fugue/output/KVChime-multi-model-TP4-20260907/model-sweep/Fugue-asplos-raw/profiles/scan-N8448-H4-Q1
scan-N8384-H8-Q1,17028,13.094532000000001,6,16768,16768,171704320,757438054.4000001,4416,8,b1866f5edcbdc15390abed98db6ee2513707d9db42266a2f094da823752d706e,/data2/chenyi9/KV-PIM/attacc-fugue/output/KVChime-multi-model-TP4-20260907/model-sweep/Fugue-asplos-raw/profiles/scan-N8384-H8-Q1
scan-N8448-H4-Q8,29418,22.622442,8,8448,67584,86507520,388389273.6000001,17664,32,f8236ce649452a8cb94c391ce350c4affa0cbfd4ee15ba295431698017e65969,/data2/chenyi9/KV-PIM/attacc-fugue/output/KVChime-multi-model-TP4-20260907/model-sweep/Fugue-asplos-raw/profiles/scan-N8448-H4-Q8
scan-N8384-H7-Q8,29292,22.525548,8,14672,117376,150241280,674634956.8000001,30912,56,bc493cc82a67f81d8f44166f50b99a72cb966d220381be36a9318c9c934886b4,/data2/chenyi9/KV-PIM/attacc-fugue/output/KVChime-multi-model-TP4-20260907/model-sweep/Fugue-asplos-raw/profiles/scan-N8384-H7-Q8
scan-N8576-H2-Q1,17422,13.397518,6,4288,4288,43909120,193698918.4,1136,2,2e67d234ddc6d61f61fa6cd170e34605a4b9244665d61d96c2d102060391f2c8,/data2/chenyi9/KV-PIM/attacc-fugue/output/KVChime-multi-model-TP4-20260907/model-sweep/Fugue-asplos-raw/profiles/scan-N8576-H2-Q1
scan-N8384-H8-Q8,29298,22.530162,8,16768,134144,171704320,771011379.2000002,35328,64,b950186f240aa7f32d728441854d846e34a920640853924aa9ef7ae12be0776e,/data2/chenyi9/KV-PIM/attacc-fugue/output/KVChime-multi-model-TP4-20260907/model-sweep/Fugue-asplos-raw/profiles/scan-N8384-H8-Q8
scan-N8576-H2-Q8,29910,23.000790000000002,8,4288,34304,43909120,197190451.20000002,9088,16,35ebbaa2db34e2a4d168490cd2539ef35df7eb5f327189f77add78a83b725b26,/data2/chenyi9/KV-PIM/attacc-fugue/output/KVChime-multi-model-TP4-20260907/model-sweep/Fugue-asplos-raw/profiles/scan-N8576-H2-Q8
scan-N8448-H7-Q1,17124,13.168356,6,14784,14784,151388160,667804569.6000001,3864,7,52c56c2b4915d401973633d3bc9cde734dbbe1496475cc21b10bb96496b8a316,/data2/chenyi9/KV-PIM/attacc-fugue/output/KVChime-multi-model-TP4-20260907/model-sweep/Fugue-asplos-raw/profiles/scan-N8448-H7-Q1
scan-N8576-H4-Q1,17422,13.397518,6,8576,8576,87818240,387397836.8,2272,4,e9acd9e2d842bdc818b7ca4c9134e1154c1f2d46e0d48942f761bccb72ef96b4,/data2/chenyi9/KV-PIM/attacc-fugue/output/KVChime-multi-model-TP4-20260907/model-sweep/Fugue-asplos-raw/profiles/scan-N8576-H4-Q1
scan-N8448-H8-Q1,17124,13.168356,6,16896,16896,173015040,763205222.4000001,4416,8,e527ac8d3381c7b17134eece32a0f2ff8397e60ba54dbab9884fafc464c90434,/data2/chenyi9/KV-PIM/attacc-fugue/output/KVChime-multi-model-TP4-20260907/model-sweep/Fugue-asplos-raw/profiles/scan-N8448-H8-Q1
scan-N8576-H4-Q8,29980,23.05462,8,8576,68608,87818240,394380902.40000004,18176,32,67919a78d968b8432e7ee5c1e1c3e7bf5bb1b5d7403ee47238bc70a9f4173469,/data2/chenyi9/KV-PIM/attacc-fugue/output/KVChime-multi-model-TP4-20260907/model-sweep/Fugue-asplos-raw/profiles/scan-N8576-H4-Q8
scan-N8448-H7-Q8,29448,22.645512,8,14784,118272,151388160,679681228.8000001,30912,56,b928ca18ae4ae3dd26effda0e277aa0bc00fdaf0bd13d104446580b16254c6d9,/data2/chenyi9/KV-PIM/attacc-fugue/output/KVChime-multi-model-TP4-20260907/model-sweep/Fugue-asplos-raw/profiles/scan-N8448-H7-Q8
scan-N8704-H2-Q1,17608,13.540552,6,4352,4352,44564480,196582502.40000004,1136,2,8b1321173bcdecd6be6aa7604ea12288f971dd903c1a6c26bae8a9d6558aa648,/data2/chenyi9/KV-PIM/attacc-fugue/output/KVChime-multi-model-TP4-20260907/model-sweep/Fugue-asplos-raw/profiles/scan-N8704-H2-Q1
scan-N8448-H8-Q8,29454,22.650126,8,16896,135168,173015040,776778547.2000002,35328,64,1d07905b53f5140322b358b37ff3eb02952f813de6d25c062b8c1af55ec45ad4,/data2/chenyi9/KV-PIM/attacc-fugue/output/KVChime-multi-model-TP4-20260907/model-sweep/Fugue-asplos-raw/profiles/scan-N8448-H8-Q8
scan-N8704-H2-Q8,30159,23.192271,8,4352,34816,44564480,200074035.20000005,9088,16,5a9af3cdee21084ac132d4504720c9c9ee3809181627416fd11c10e9108a84e1,/data2/chenyi9/KV-PIM/attacc-fugue/output/KVChime-multi-model-TP4-20260907/model-sweep/Fugue-asplos-raw/profiles/scan-N8704-H2-Q8
scan-N8576-H7-Q1,17422,13.397518,6,15008,15008,153681920,677946214.4000001,3976,7,211aca54d406dcd9351e5b9d01bf84ddc2e14d5805e303cee183788c2bf7af8f,/data2/chenyi9/KV-PIM/attacc-fugue/output/KVChime-multi-model-TP4-20260907/model-sweep/Fugue-asplos-raw/profiles/scan-N8576-H7-Q1
scan-N8704-H4-Q1,17608,13.540552,6,8704,8704,89128960,393165004.8000001,2272,4,28fe49010cdb3017dfd711d7bb0956129853cc8f705a8b5e419087dc36a6590d,/data2/chenyi9/KV-PIM/attacc-fugue/output/KVChime-multi-model-TP4-20260907/model-sweep/Fugue-asplos-raw/profiles/scan-N8704-H4-Q1
scan-N8576-H8-Q1,17422,13.397518,6,17152,17152,175636480,774795673.6,4544,8,d37da8f01997bbd970f5c9e2e7595ea817c47ca1179adf697b781212190eef4d,/data2/chenyi9/KV-PIM/attacc-fugue/output/KVChime-multi-model-TP4-20260907/model-sweep/Fugue-asplos-raw/profiles/scan-N8576-H8-Q1
scan-N8704-H4-Q8,30283,23.287627,8,8704,69632,89128960,400148070.4000001,18176,32,70a5981e0904904b81a340fa46d0aec68d36c51981662bdec7cb6a18cee19642,/data2/chenyi9/KV-PIM/attacc-fugue/output/KVChime-multi-model-TP4-20260907/model-sweep/Fugue-asplos-raw/profiles/scan-N8704-H4-Q8
scan-N8576-H7-Q8,30010,23.077689999999997,8,15008,120064,153681920,690166579.2000002,31808,56,e96b39bfbc49a420aa46122ea1da51422e8bd31f831ab158ed7ce4126b8c74c1,/data2/chenyi9/KV-PIM/attacc-fugue/output/KVChime-multi-model-TP4-20260907/model-sweep/Fugue-asplos-raw/profiles/scan-N8576-H7-Q8
scan-N8960-H2-Q1,18092,13.912747999999999,6,4480,4480,45875200,202363699.20000002,1168,2,760b1e45dbb7fb514baa31fa5ff0496b751bb9c79cca7304d3bc4be03190c210,/data2/chenyi9/KV-PIM/attacc-fugue/output/KVChime-multi-model-TP4-20260907/model-sweep/Fugue-asplos-raw/profiles/scan-N8960-H2-Q1
scan-N8576-H8-Q8,30020,23.08538,8,17152,137216,175636480,788761804.8000001,36352,64,7a728469c226fd78e00096e555339b298a23c7ea182b31f38e260901aacc4f06,/data2/chenyi9/KV-PIM/attacc-fugue/output/KVChime-multi-model-TP4-20260907/model-sweep/Fugue-asplos-raw/profiles/scan-N8576-H8-Q8
scan-N8960-H2-Q8,31537,24.251953,8,4480,35840,45875200,205953433.6,9344,16,d1022a3b1ba5809f10d2e9433ac8715665a30eb6f45322e87b737dd4510460e4,/data2/chenyi9/KV-PIM/attacc-fugue/output/KVChime-multi-model-TP4-20260907/model-sweep/Fugue-asplos-raw/profiles/scan-N8960-H2-Q8
scan-N8704-H7-Q1,17608,13.540552,6,15232,15232,155975680,688038758.4000001,3976,7,989306de44c4f735fd57f1d6803e940cdf226aae2907334aa847ff914922e083,/data2/chenyi9/KV-PIM/attacc-fugue/output/KVChime-multi-model-TP4-20260907/model-sweep/Fugue-asplos-raw/profiles/scan-N8704-H7-Q1
scan-N8960-H4-Q1,18092,13.912747999999999,6,8960,8960,91750400,404727398.40000004,2336,4,01741fdeed3624ba295e96265418890bda308e4a890305d6b0e859a9e44e0a0d,/data2/chenyi9/KV-PIM/attacc-fugue/output/KVChime-multi-model-TP4-20260907/model-sweep/Fugue-asplos-raw/profiles/scan-N8960-H4-Q1
scan-N8704-H8-Q1,17608,13.540552,6,17408,17408,178257920,786330009.6000001,4544,8,445e39df1387bc34eef5c42b2b02a4a3c99cb1ee3810af752484a06423b287ac,/data2/chenyi9/KV-PIM/attacc-fugue/output/KVChime-multi-model-TP4-20260907/model-sweep/Fugue-asplos-raw/profiles/scan-N8704-H8-Q1
scan-N8704-H7-Q8,30316,23.313004,8,15232,121856,155975680,700259123.2,31808,56,6ce9d10acfb7a939a5aa5f13d6ee9f13bc61c6bc90a845f17a138bb295432562,/data2/chenyi9/KV-PIM/attacc-fugue/output/KVChime-multi-model-TP4-20260907/model-sweep/Fugue-asplos-raw/profiles/scan-N8704-H7-Q8
scan-N9216-H2-Q1,18576,14.284944,6,4608,4608,47185920,208144896.0,1200,2,2568add45f7f92f87bbafc70eebf9c70c3b03636deadacd241cc0eb180978c00,/data2/chenyi9/KV-PIM/attacc-fugue/output/KVChime-multi-model-TP4-20260907/model-sweep/Fugue-asplos-raw/profiles/scan-N9216-H2-Q1
scan-N8960-H4-Q8,31612,24.309628,8,8960,71680,91750400,411906867.2,18688,32,7577ee8a90c8c0161057fe4be18c4f2d79b906e41f985a6741a7f40ecae0b375,/data2/chenyi9/KV-PIM/attacc-fugue/output/KVChime-multi-model-TP4-20260907/model-sweep/Fugue-asplos-raw/profiles/scan-N8960-H4-Q8
scan-N8704-H8-Q8,30327,23.321463,8,17408,139264,178257920,800296140.8000002,36352,64,970bbe277112ad7191f3d9a6fd49bad8f6a8ef05740e62d0c835f0791f142826,/data2/chenyi9/KV-PIM/attacc-fugue/output/KVChime-multi-model-TP4-20260907/model-sweep/Fugue-asplos-raw/profiles/scan-N8704-H8-Q8
scan-N8960-H7-Q1,18092,13.912747999999999,6,15680,15680,160563200,708272947.2,4088,7,dc97c4f1d4a7a3f2222a670137fa4eb88586bcbdd3a153225007fb7a2eb332fb,/data2/chenyi9/KV-PIM/attacc-fugue/output/KVChime-multi-model-TP4-20260907/model-sweep/Fugue-asplos-raw/profiles/scan-N8960-H7-Q1
scan-N9216-H2-Q8,32386,24.904833999999997,8,4608,36864,47185920,211832832.0,9600,16,e45a2b0f690d4c4d6d38ae75f10826ac5648f991bb5a3fcc7d86f29d7175d9ab,/data2/chenyi9/KV-PIM/attacc-fugue/output/KVChime-multi-model-TP4-20260907/model-sweep/Fugue-asplos-raw/profiles/scan-N9216-H2-Q8
scan-N9216-H4-Q1,18576,14.284944,6,9216,9216,94371840,416289792.0,2400,4,7c0bcb4946db8e9409a1c249304104dba054a164417ffd6c9732b228c534d297,/data2/chenyi9/KV-PIM/attacc-fugue/output/KVChime-multi-model-TP4-20260907/model-sweep/Fugue-asplos-raw/profiles/scan-N9216-H4-Q1
scan-N8960-H8-Q1,18092,13.912747999999999,6,17920,17920,183500800,809454796.8000001,4672,8,d630061071a3c0237aca29a0b6b9fd653ac04734792f69eaccfd7e78ab802c2e,/data2/chenyi9/KV-PIM/attacc-fugue/output/KVChime-multi-model-TP4-20260907/model-sweep/Fugue-asplos-raw/profiles/scan-N8960-H8-Q1
scan-N9216-H4-Q8,32403,24.917907,8,9216,73728,94371840,423665664.0,19200,32,cb7a511086b3a95234ca9244ced08a0db683b6248cd310f0f9302959734649d5,/data2/chenyi9/KV-PIM/attacc-fugue/output/KVChime-multi-model-TP4-20260907/model-sweep/Fugue-asplos-raw/profiles/scan-N9216-H4-Q8
scan-N8960-H7-Q8,31660,24.34654,8,15680,125440,160563200,720837017.6,32704,56,0873c7eb5342162fc340c81072609bee8ff3a31119a1893f9edfc68019e50b68,/data2/chenyi9/KV-PIM/attacc-fugue/output/KVChime-multi-model-TP4-20260907/model-sweep/Fugue-asplos-raw/profiles/scan-N8960-H7-Q8
scan-N9728-H2-Q1,19544,15.029336,6,4864,4864,49807360,219707289.60000002,1264,2,e7fc19840905bf230eea215ddb26ea7dc0d960c3257fbae90325087e429b6450,/data2/chenyi9/KV-PIM/attacc-fugue/output/KVChime-multi-model-TP4-20260907/model-sweep/Fugue-asplos-raw/profiles/scan-N9728-H2-Q1
scan-N8960-H8-Q8,31666,24.351154,8,17920,143360,183500800,823813734.4,37376,64,a0ae58267796d503fdec0783c29d917e202ade4fc6d492bdcdcb6dcb7450f91d,/data2/chenyi9/KV-PIM/attacc-fugue/output/KVChime-multi-model-TP4-20260907/model-sweep/Fugue-asplos-raw/profiles/scan-N8960-H8-Q8
scan-N9728-H2-Q8,33598,25.836862,8,4864,38912,49807360,223591628.8,10112,16,e882ee7093765e6c5f05714c29c3e6ccc7eaa6b5ae1525f10c4f9fed0214ed88,/data2/chenyi9/KV-PIM/attacc-fugue/output/KVChime-multi-model-TP4-20260907/model-sweep/Fugue-asplos-raw/profiles/scan-N9728-H2-Q8
scan-N9216-H7-Q1,18576,14.284944,6,16128,16128,165150720,728507136.0000001,4200,7,df167f5f18b0202687d1ccba084091db3e40c6453ce22b9657235b8961c3753f,/data2/chenyi9/KV-PIM/attacc-fugue/output/KVChime-multi-model-TP4-20260907/model-sweep/Fugue-asplos-raw/profiles/scan-N9216-H7-Q1
scan-N9728-H4-Q1,19544,15.029336,6,9728,9728,99614720,439414579.20000005,2528,4,9f5da7fc68ac2443a17cd750d63a914c18e29bad962073692fa221a29d70a525,/data2/chenyi9/KV-PIM/attacc-fugue/output/KVChime-multi-model-TP4-20260907/model-sweep/Fugue-asplos-raw/profiles/scan-N9728-H4-Q1
scan-N9216-H8-Q1,18576,14.284944,6,18432,18432,188743680,832579584.0,4800,8,0257280122ff0e5cbaba7169f17adf7400f5f61a139e10e8b5af8f363dacde54,/data2/chenyi9/KV-PIM/attacc-fugue/output/KVChime-multi-model-TP4-20260907/model-sweep/Fugue-asplos-raw/profiles/scan-N9216-H8-Q1
scan-N9728-H4-Q8,33668,25.890691999999998,8,9728,77824,99614720,447183257.6,20224,32,60cabd18b638a5a1d64edac43ccf1e1480deb318b34901338965a07057c022d2,/data2/chenyi9/KV-PIM/attacc-fugue/output/KVChime-multi-model-TP4-20260907/model-sweep/Fugue-asplos-raw/profiles/scan-N9728-H4-Q8
scan-N9216-H7-Q8,32407,24.920983,8,16128,129024,165150720,741414912.0000002,33600,56,69479ef4647749d31332af9eff80fd4c12720a28ff833205193e762ece5bd91a,/data2/chenyi9/KV-PIM/attacc-fugue/output/KVChime-multi-model-TP4-20260907/model-sweep/Fugue-asplos-raw/profiles/scan-N9216-H7-Q8
scan-N10240-H2-Q1,20303,15.613007,6,5120,5120,52428800,231269683.2,1328,2,0b103ccaba2d4a49fa2023e79efca5d660bfacea15805a8396833757dc091896,/data2/chenyi9/KV-PIM/attacc-fugue/output/KVChime-multi-model-TP4-20260907/model-sweep/Fugue-asplos-raw/profiles/scan-N10240-H2-Q1
scan-N9216-H8-Q8,32413,24.925597000000003,8,18432,147456,188743680,847331328.0,38400,64,8d7f05d48d2d8b21866a525dccf638cc5e32dd7b2e1694409b8305e39ffcb50c,/data2/chenyi9/KV-PIM/attacc-fugue/output/KVChime-multi-model-TP4-20260907/model-sweep/Fugue-asplos-raw/profiles/scan-N9216-H8-Q8
scan-N9728-H7-Q1,19544,15.029336,6,17024,17024,174325760,768975513.6,4424,7,ddfb2f1da4571ba309aae5d9a39039e5a570b2a0f23b27055dba3cd589c83e61,/data2/chenyi9/KV-PIM/attacc-fugue/output/KVChime-multi-model-TP4-20260907/model-sweep/Fugue-asplos-raw/profiles/scan-N9728-H7-Q1
scan-N10240-H2-Q8,35300,27.1457,8,5120,40960,52428800,235350425.6,10624,16,02d908a20a2437b0338921e0b6f55b9b8a94a71a48019a36d183eeec09b287da,/data2/chenyi9/KV-PIM/attacc-fugue/output/KVChime-multi-model-TP4-20260907/model-sweep/Fugue-asplos-raw/profiles/scan-N10240-H2-Q8
scan-N10240-H4-Q1,20303,15.613007,6,10240,10240,104857600,462539366.4,2656,4,98414879e724092c1838da34dafcbb9e9eeb21beed8e83b45fb795705b90b60c,/data2/chenyi9/KV-PIM/attacc-fugue/output/KVChime-multi-model-TP4-20260907/model-sweep/Fugue-asplos-raw/profiles/scan-N10240-H4-Q1
scan-N9728-H8-Q1,19544,15.029336,6,19456,19456,199229440,878829158.4000001,5056,8,1864b5fdd2e8f38a621d6f22224736f76e64e065eb50a03b5595bd31e893ded6,/data2/chenyi9/KV-PIM/attacc-fugue/output/KVChime-multi-model-TP4-20260907/model-sweep/Fugue-asplos-raw/profiles/scan-N9728-H8-Q1
scan-N9728-H7-Q8,33660,25.88454,8,17024,136192,174325760,782570700.8000002,35392,56,3f21b8aaca1e3a1e6f72668134952dd9209c1b3cb1a92d2262cbb194a5a77025,/data2/chenyi9/KV-PIM/attacc-fugue/output/KVChime-multi-model-TP4-20260907/model-sweep/Fugue-asplos-raw/profiles/scan-N9728-H7-Q8
scan-N10240-H4-Q8,35356,27.188764,8,10240,81920,104857600,470700851.2,21248,32,bd7216ed7523d167aa4c7f5600b7791647aad28dbe3ef1c2601e2115e4243b3d,/data2/chenyi9/KV-PIM/attacc-fugue/output/KVChime-multi-model-TP4-20260907/model-sweep/Fugue-asplos-raw/profiles/scan-N10240-H4-Q8
scan-N10240-H7-Q1,20303,15.613007,6,17920,17920,183500800,809443891.2,4648,7,fe1a4f15306117e1b0f9829089e88cbc78a1bf0a587a041390d2feec4637b688,/data2/chenyi9/KV-PIM/attacc-fugue/output/KVChime-multi-model-TP4-20260907/model-sweep/Fugue-asplos-raw/profiles/scan-N10240-H7-Q1
scan-N9728-H8-Q8,33722,25.932218000000002,8,19456,155648,199229440,894366515.2,40448,64,f168a41c80da5e2bfe4cf4d5fb033a8dd862b44d647ef5804fd0bc32c7f34e04,/data2/chenyi9/KV-PIM/attacc-fugue/output/KVChime-multi-model-TP4-20260907/model-sweep/Fugue-asplos-raw/profiles/scan-N9728-H8-Q8
scan-N10240-H8-Q1,20303,15.613007,6,20480,20480,209715200,925078732.8,5312,8,a20a09b80c2aa0b026b22b65161fceaf5bd8e2d63be71e8e08018d73e53b7ed5,/data2/chenyi9/KV-PIM/attacc-fugue/output/KVChime-multi-model-TP4-20260907/model-sweep/Fugue-asplos-raw/profiles/scan-N10240-H8-Q1
scan-N10240-H7-Q8,35386,27.211834,8,17920,143360,183500800,823726489.5999999,37184,56,cf62b773f25fa949399e1f6aaeff8e65b80228a130493a87ce11092f1cf03bc6,/data2/chenyi9/KV-PIM/attacc-fugue/output/KVChime-multi-model-TP4-20260907/model-sweep/Fugue-asplos-raw/profiles/scan-N10240-H7-Q8
scan-N10240-H8-Q8,35392,27.216448,8,20480,163840,209715200,941401702.4,42496,64,e7cc3f44ca3431ae3bd512331b870046c1f888625e8611f3b2d8fa909b7ed80b,/data2/chenyi9/KV-PIM/attacc-fugue/output/KVChime-multi-model-TP4-20260907/model-sweep/Fugue-asplos-raw/profiles/scan-N10240-H8-Q8
