q,cached,total_kv,link_GBps_one_way,pim_mode,gpu_qk_us,gpu_softmax_us,gpu_pv_us,gpu_attention_us,pim_scan_us,pim_softmax_us,q_input_us,output_us,new_kv_transfer_us,cached_kv_readback_us,pim_kv_overlap_window_us,pim_new_kv_hidden_us,pim_new_kv_exposed_us,gpu_new_kv_hidden_us,gpu_new_kv_exposed_us,gpu_service_us,pim_service_us,gpu_over_pim_latency_ratio,signed_faster_side_latency_reduction,winner,shape_data_source,link_pricing
1,1024,1025,32.0,mq,10.033780710374844,0.15541204548645235,10.033780710374844,20.22297346623614,1.54569,0.04892601431980907,0.256,0.256,0.512,524.288,0.736702,0.512,0,0.512,0,544.5109734662361,2.106616014319809,258.4766135664499,0.9961311780350182,PIM,original sweep,Analytical transfer and overlap terms; native scan and GPU operator costs unchanged
2,1024,1026,32.0,mq,10.131045907623193,0.311127333988488,10.131045907623193,20.573219149234873,1.849445,0.09794749403341288,0.512,0.512,1.024,524.288,0.856666,0.856666,0.16733399999999998,1.024,0,544.8612191492349,3.138726494033413,173.59308629948902,0.9942394019179153,PIM,original sweep,Analytical transfer and overlap terms; native scan and GPU operator costs unchanged
4,1024,1028,32.0,mq,10.326031166643268,0.6234676400393093,10.326031166643268,21.275529973325845,2.0924490000000002,0.19627684964200476,1.024,1.024,2.048,524.288,0.9058820000000001,0.9058820000000001,1.142118,2.048,0,545.5635299733259,5.478843849642005,99.57639694531059,0.9899574594916382,PIM,original sweep,Analytical transfer and overlap terms; native scan and GPU operator costs unchanged
8,1024,1032,32.0,mq,10.71782114277692,1.2517871683279518,10.71782114277692,22.68742945388179,2.8406860000000003,0.39408114558472557,2.048,2.048,4.096,524.288,1.0996700000000001,1.0996700000000001,2.99633,4.096,0,546.9754294538818,10.327097145584725,52.96507060435054,0.9811196324560765,PIM,original sweep,Analytical transfer and overlap terms; native scan and GPU operator costs unchanged
12,1024,1036,32.0,mq,11.112037063035238,1.8849585848659274,11.112037063035238,24.109032710936404,4.933135,0.5934128878281623,3.072,3.072,6.144,524.288,1.0996700000000001,1.0996700000000001,5.04433,6.144,0,548.3970327109364,16.714877887828163,32.80891648692697,0.969520480799832,PIM,original sweep,Analytical transfer and overlap terms; native scan and GPU operator costs unchanged
16,1024,1040,32.0,mq,11.508678927418224,2.522981889653236,11.508678927418224,25.540339744489685,5.6813720000000005,0.794272076372315,4.096,4.096,8.192,524.288,1.0996700000000001,1.0996700000000001,7.0923300000000005,8.192,0,549.8283397444897,21.759974076372316,25.267876598323298,0.9604240587407984,PIM,original sweep,Analytical transfer and overlap terms; native scan and GPU operator costs unchanged
24,1024,1048,32.0,mq,12.309240488558192,3.813584163975853,12.309240488558192,28.432065141092238,8.554356,1.2005727923627685,6.144,6.144,12.288,524.288,1.0996700000000001,1.0996700000000001,11.18833,12.288,0,552.7200651410923,33.23125879236277,16.632534704587197,0.9398768727821021,PIM,original sweep,Analytical transfer and overlap terms; native scan and GPU operator costs unchanged
32,1024,1056,32.0,mq,13.119505826196828,5.123593991295802,13.119505826196828,31.36260564368946,11.405808,1.612983293556086,8.192,8.192,16.384,524.288,1.0996700000000001,1.0996700000000001,15.28433,16.384,0,555.6506056436895,44.68712129355609,12.434244801618371,0.9195769412654764,PIM,original sweep,Analytical transfer and overlap terms; native scan and GPU operator costs unchanged
48,1024,1072,32.0,mq,14.769147830970098,7.801836304927699,14.769147830970098,37.340131966867894,17.21022,2.456133651551313,12.288,12.288,24.576,524.288,1.0996700000000001,1.0996700000000001,23.47633,24.576,0,561.628131966868,67.71868365155132,8.293547684074069,0.8794243382816403,PIM,original sweep,Analytical transfer and overlap terms; native scan and GPU operator costs unchanged
51,1024,1075,32.0,mq,15.082776919837148,8.312649164677804,15.082776919837148,38.478203004352096,19.300361999999996,2.616945107398568,13.056,13.056,26.112,524.288,1.0996700000000001,1.0996700000000001,25.01233,26.112,0,562.7662030043521,73.04163710739857,7.704731510561229,0.8702096239655782,PIM,original sweep,Analytical transfer and overlap terms; native scan and GPU operator costs unchanged
52,1024,1076,32.0,mq,15.187623192475083,8.483526603959007,15.187623192475083,38.85877298890917,19.414942999999997,2.670739856801909,13.312,13.312,26.624,524.288,1.0996700000000001,1.0996700000000001,25.52433,26.624,0,563.1467729889092,74.23401285680191,7.586101725030337,0.8681799906926504,PIM,supplement,Analytical transfer and overlap terms; native scan and GPU operator costs unchanged
53,1024,1077,32.0,mq,15.292621086620805,8.654707286255793,15.292621086620805,39.2399494594974,19.5326,2.7246300715990457,13.568,13.568,27.136,524.288,1.0996700000000001,1.0996700000000001,26.03633,27.136,0,563.5279494594974,75.42956007159904,7.470916560093775,0.866147614960453,PIM,integer-crossing refinement,Analytical transfer and overlap terms; native scan and GPU operator costs unchanged
54,1024,1078,32.0,mq,15.397770602274326,8.82619121156816,15.397770602274326,39.621732416116814,19.854810999999998,2.778615751789976,13.824,13.824,27.648,524.288,1.0996700000000001,1.0996700000000001,26.54833,27.648,0,563.9097324161169,76.82975675178997,7.339730805577215,0.8637552212078222,PIM,integer-crossing refinement,Analytical transfer and overlap terms; native scan and GPU operator costs unchanged
55,1024,1079,32.0,mq,15.503071739435631,8.997978379896113,15.503071739435631,40.00412185876738,20.008611,2.8326968973747015,14.08,14.08,28.16,524.288,1.0996700000000001,1.0996700000000001,27.06033,28.16,0,564.2921218587674,78.06163789737471,7.228801970573885,0.8616644910082367,PIM,integer-crossing refinement,Analytical transfer and overlap terms; native scan and GPU operator costs unchanged
56,1024,1080,32.0,mq,15.608524498104732,9.170068791239647,15.608524498104732,40.387117787449114,20.153951999999997,2.8868735083532218,14.336,14.336,28.672,524.288,1.0996700000000001,1.0996700000000001,27.57233,28.672,0,564.6751177874492,79.28515550835323,7.122078706498303,0.8595915544870933,PIM,supplement,Analytical transfer and overlap terms; native scan and GPU operator costs unchanged
60,1024,1084,32.0,mq,16.03185174785905,9.861462866769621,16.03185174785905,41.92516636248772,22.294078999999996,3.1045346062052506,15.36,15.36,30.72,524.288,1.0996700000000001,1.0996700000000001,29.62033,30.72,0,566.2131663624878,85.73894360620524,6.603920488723037,0.848574797090968,PIM,supplement,Analytical transfer and overlap terms; native scan and GPU operator costs unchanged
64,1024,1088,32.0,mq,16.457604941738033,10.557708830548926,16.457604941738033,43.47291871402499,23.033087999999996,3.323723150357995,16.384,16.384,32.768,524.288,1.0996700000000001,1.0996700000000001,31.66833,32.768,0,567.760918714025,90.79314115035798,6.253345919311069,0.8400856097034578,PIM,original sweep,Analytical transfer and overlap terms; native scan and GPU operator costs unchanged
96,1024,1120,32.0,mq,19.9509644812579,16.302344517759373,19.9509644812579,56.20427348027517,34.844928,5.132219570405728,24.576,24.576,49.152,524.288,1.0996700000000001,1.0996700000000001,48.05233,49.152,0,580.4922734802752,137.18147757040572,4.231564521400849,0.7636807863988442,PIM,original sweep,Analytical transfer and overlap terms; native scan and GPU operator costs unchanged
128,1024,1152,32.0,mq,23.599584444756424,22.357501052927137,23.599584444756424,69.55666994243998,47.23505599999999,7.038472553699283,32.768,32.768,65.536,524.288,1.0996700000000001,1.0996700000000001,64.43633,65.536,0,593.84466994244,184.24585855369926,3.22311000423036,0.6897406546200747,PIM,original sweep,Analytical transfer and overlap terms; native scan and GPU operator costs unchanged
160,1024,1184,32.0,mq,27.403464832233613,28.72317843605223,27.403464832233613,83.53010810051946,59.98199999999998,9.042482100238663,40.96,40.96,81.92,524.288,1.0996700000000001,1.0996700000000001,80.82033,81.92,0,607.8181081005195,231.76481210023866,2.6225642391202904,0.6186938016300265,PIM,original sweep,Analytical transfer and overlap terms; native scan and GPU operator costs unchanged
192,1024,1216,32.0,mq,31.36260564368946,35.39937666713463,31.36260564368946,98.12458795451356,73.15958400000001,11.144248210023866,49.152,49.152,98.304,524.288,1.0996700000000001,1.0996700000000001,97.20433,98.304,0,622.4125879545136,279.81216221002387,2.224394333107428,0.5504394229403459,PIM,original sweep,Analytical transfer and overlap terms; native scan and GPU operator costs unchanged
200,1024,1224,32.0,mq,32.37665028780008,37.11694510739857,32.37665028780008,101.87024568299873,76.88077500000003,11.684964200477328,51.2,51.2,102.4,524.288,1.0996700000000001,1.0996700000000001,101.30033,102.4,0,626.1582456829988,292.2660692004774,2.1424253844995294,0.5332392870085415,PIM,original sweep,Analytical transfer and overlap terms; native scan and GPU operator costs unchanged
224,1024,1248,32.0,mq,35.47700687912396,42.38609574617437,35.47700687912396,113.34010950442229,87.31226000000005,13.343770883054892,57.344,57.344,114.688,524.288,1.0996700000000001,1.0996700000000001,113.58833,114.688,0,637.6281095044224,328.93236088305497,1.93847789190653,0.4841313361503025,PIM,original sweep,Analytical transfer and overlap terms; native scan and GPU operator costs unchanged
256,1024,1280,32.0,mq,39.746668538537136,49.68333567317142,39.746668538537136,129.1766727502457,101.38495999999998,15.64105011933174,65.536,65.536,131.072,524.288,1.0996700000000001,1.0996700000000001,129.97233,131.072,0,653.4646727502457,378.0703401193317,1.7284208873512539,0.4214372162948887,PIM,original sweep,Analytical transfer and overlap terms; native scan and GPU operator costs unchanged
320,1024,1344,32.0,mq,48.75177312929945,65.20937807103749,48.75177312929945,162.7129243296364,138.17391999999998,20.528878281622912,81.92,81.92,163.84,524.288,1.0996700000000001,1.0996700000000001,162.74033,163.84,0,687.0009243296364,485.2831282816229,1.4156703258204997,0.29362085101245855,PIM,original sweep,Analytical transfer and overlap terms; native scan and GPU operator costs unchanged
384,1024,1408,32.0,mq,59.88982153846154,81.97750386073284,59.88982153846154,201.75714693765593,169.31534400000004,25.807732696897375,98.304,98.304,196.608,524.288,1.0996700000000001,1.0996700000000001,195.50833,196.608,0,726.045146937656,587.2394066968974,1.236369934745205,0.19118059094013554,PIM,original sweep,Analytical transfer and overlap terms; native scan and GPU operator costs unchanged
480,1024,1504,32.0,mq,79.96652307692308,109.45859890495579,79.96652307692308,269.39164505880194,221.6104200000002,34.459188544152745,122.88,122.88,245.76,524.288,1.0996700000000001,1.0996700000000001,244.66033,245.76,0,793.679645058802,746.4899385441529,1.0632154622293786,0.0594568687863387,PIM,supplement,Analytical transfer and overlap terms; native scan and GPU operator costs unchanged
488,1024,1512,32.0,mq,81.73174153846155,111.8748392531237,81.73174153846155,275.3383223300468,226.85192400000014,35.21985680190931,124.928,124.928,249.856,524.288,1.0996700000000001,1.0996700000000001,248.75633,249.856,0,799.6263223300468,760.6841108019095,1.0511936702438607,0.04870051227761348,PIM,supplement,Analytical transfer and overlap terms; native scan and GPU operator costs unchanged
496,1024,1520,32.0,mq,83.51113846153847,114.31048715428894,83.51113846153847,281.3327640773659,230.57080800000014,35.98663484486874,126.976,126.976,253.952,524.288,1.0996700000000001,1.0996700000000001,252.85233,253.952,0,805.620764077366,773.3617728448689,1.0417126788072675,0.04004240291577079,PIM,supplement,Analytical transfer and overlap terms; native scan and GPU operator costs unchanged
504,1024,1528,32.0,mq,85.30471384615386,116.76554260845151,85.30471384615386,287.37497030075923,235.83999600000018,36.75952267303103,129.024,129.024,258.048,524.288,1.0996700000000001,1.0996700000000001,256.94833,258.048,0,811.6629703007593,787.5958486730312,1.0305577050314285,0.02965161958640303,PIM,supplement,Analytical transfer and overlap terms; native scan and GPU operator costs unchanged
512,1024,1536,32.0,mq,87.1124676923077,119.24000561561141,87.1124676923077,293.4649410002268,239.5834880000002,37.53852028639618,131.072,131.072,262.144,524.288,1.0996700000000001,1.0996700000000001,261.04433,262.144,0,817.7529410002269,800.3103382863965,1.02179479869169,0.02132991743508211,PIM,original sweep,Analytical transfer and overlap terms; native scan and GPU operator costs unchanged
513,1024,1537,32.0,mq,87.33943384615385,119.55067808507653,87.33943384615385,294.2295457773842,259.14223399999975,37.6363245823389,131.328,131.328,262.656,524.288,1.0996700000000001,1.0996700000000001,261.55633,262.656,0,818.5175457773842,820.9908885823387,0.9969873687523799,-0.0030126312476200946,GPU,integer-crossing refinement,Analytical transfer and overlap terms; native scan and GPU operator costs unchanged
514,1024,1538,32.0,mq,87.56662153846155,119.86165379755721,87.56662153846155,294.99489687448033,259.56595299999975,37.73422434367542,131.584,131.584,263.168,524.288,1.0996700000000001,1.0996700000000001,262.06833,263.168,0,819.2828968744803,822.5365073436751,0.9960444181624204,-0.003955581837579561,GPU,integer-crossing refinement,Analytical transfer and overlap terms; native scan and GPU operator costs unchanged
515,1024,1539,32.0,mq,87.79403076923079,120.17293275305349,87.79403076923079,295.7609942915151,259.7066799999997,37.83221957040573,131.84,131.84,263.68,524.288,1.0996700000000001,1.0996700000000001,262.58033,263.68,0,820.0489942915151,823.7992295704055,0.995447634394067,-0.004552365605932962,GPU,integer-crossing refinement,Analytical transfer and overlap terms; native scan and GPU operator costs unchanged
516,1024,1540,32.0,mq,88.02166153846154,120.48451495156536,88.02166153846154,296.5278380284885,259.85817299999974,37.93031026252983,132.096,132.096,264.192,524.288,1.0996700000000001,1.0996700000000001,263.09233,264.192,0,820.8158380284885,825.0728132625295,0.9948404853903646,-0.0051595146096353565,GPU,integer-crossing refinement,Analytical transfer and overlap terms; native scan and GPU operator costs unchanged
517,1024,1541,32.0,mq,88.24951384615386,120.79640039309281,88.24951384615386,297.29542808540054,260.0319669999997,38.02849642004773,132.352,132.352,264.704,524.288,1.0996700000000001,1.0996700000000001,263.60433,264.704,0,821.5834280854006,826.3687934200475,0.9942091649966088,-0.005790835003391173,GPU,integer-crossing refinement,Analytical transfer and overlap terms; native scan and GPU operator costs unchanged
518,1024,1542,32.0,mq,88.47758769230771,121.10858907763584,88.47758769230771,298.06376446225124,260.49029099999973,38.12677804295943,132.608,132.608,265.216,524.288,1.0996700000000001,1.0996700000000001,264.11633,265.216,0,822.3517644622513,827.9493990429592,0.9932391585920851,-0.006760841407914911,GPU,integer-crossing refinement,Analytical transfer and overlap terms; native scan and GPU operator costs unchanged
519,1024,1543,32.0,mq,88.70588307692309,121.42108100519444,88.70588307692309,298.8328471590406,260.66716099999974,38.22515513126492,132.864,132.864,265.728,524.288,1.0996700000000001,1.0996700000000001,264.62833,265.728,0,823.1208471590406,829.2486461312646,0.9926104202873139,-0.007389579712686107,GPU,integer-crossing refinement,Analytical transfer and overlap terms; native scan and GPU operator costs unchanged
520,1024,1544,32.0,mq,88.93440000000001,121.73387617576866,88.93440000000001,299.6026761757687,260.87171499999977,38.3236276849642,133.12,133.12,266.24,524.288,1.0996700000000001,1.0996700000000001,265.14033,266.24,0,823.8906761757687,830.575672684964,0.9919513697197692,-0.008048630280230892,GPU,supplement,Analytical transfer and overlap terms; native scan and GPU operator costs unchanged
521,1024,1545,32.0,mq,89.16313846153847,122.04697458935843,89.16313846153847,300.37325151243533,263.15564499999977,38.42219570405728,133.376,133.376,266.752,524.288,1.0996700000000001,1.0996700000000001,265.65233,266.752,0,824.6612515124353,833.982170704057,0.9888235989700441,-0.011176401029955887,GPU,integer-crossing refinement,Analytical transfer and overlap terms; native scan and GPU operator costs unchanged
522,1024,1546,32.0,mq,89.39209846153847,122.36037624596379,89.39209846153847,301.1445731690407,263.57936399999977,38.52085918854415,133.632,133.632,267.264,524.288,1.0996700000000001,1.0996700000000001,266.16433,267.264,0,825.4325731690408,835.528553188544,0.9879166546960304,-0.012083345303969541,GPU,integer-crossing refinement,Analytical transfer and overlap terms; native scan and GPU operator costs unchanged
523,1024,1547,32.0,mq,89.62128000000001,122.67408114558474,89.62128000000001,301.9166411455848,263.72009099999974,38.61961813842482,133.888,133.888,267.776,524.288,1.0996700000000001,1.0996700000000001,266.67633,267.776,0,826.2046411455848,836.7920391384246,0.9873476353769561,-0.012652364623043916,GPU,integer-crossing refinement,Analytical transfer and overlap terms; native scan and GPU operator costs unchanged
524,1024,1548,32.0,mq,89.85068307692309,122.98808928822127,89.85068307692309,302.68945544206747,263.87158399999976,38.718472553699286,134.144,134.144,268.288,524.288,1.0996700000000001,1.0996700000000001,267.18833,268.288,0,826.9774554420675,838.066386553699,0.9867684335160709,-0.013231566483929104,GPU,integer-crossing refinement,Analytical transfer and overlap terms; native scan and GPU operator costs unchanged
525,1024,1549,32.0,mq,90.0803076923077,123.30240067387338,90.0803076923077,303.4630160584888,264.04537799999974,38.81742243436754,134.4,134.4,268.8,524.288,1.0996700000000001,1.0996700000000001,267.70033,268.8,0,827.7510160584889,839.3631304343673,0.9861655653496845,-0.013834434650315489,GPU,integer-crossing refinement,Analytical transfer and overlap terms; native scan and GPU operator costs unchanged
526,1024,1550,32.0,mq,90.31015384615385,123.61701530254108,90.31015384615385,304.2373229948488,264.50370199999975,38.9164677804296,134.656,134.656,269.312,524.288,1.0996700000000001,1.0996700000000001,268.21233,269.312,0,828.5253229948488,840.9444997804294,0.9852318710820711,-0.014768128917928872,GPU,integer-crossing refinement,Analytical transfer and overlap terms; native scan and GPU operator costs unchanged
527,1024,1551,32.0,mq,90.54022153846155,123.93193317422437,90.54022153846155,305.0123762511475,264.68057199999976,39.015608591885446,134.912,134.912,269.824,524.288,1.0996700000000001,1.0996700000000001,268.72433,269.824,0,829.3003762511476,842.2445105918853,0.9846313817686491,-0.015368618231350965,GPU,integer-crossing refinement,Analytical transfer and overlap terms; native scan and GPU operator costs unchanged
528,1024,1552,32.0,mq,90.77051076923078,124.24715428892321,90.77051076923078,305.78817582738475,264.8851259999998,39.114844868735084,135.168,135.168,270.336,524.288,1.0996700000000001,1.0996700000000001,269.23633,270.336,0,830.0761758273848,843.5723008687348,0.9840012230991328,-0.01599877690086715,GPU,supplement,Analytical transfer and overlap terms; native scan and GPU operator costs unchanged
529,1024,1553,32.0,mq,91.00102153846154,124.56267864663765,91.00102153846154,306.56472172356075,267.89806800000025,39.21417661097852,135.424,135.424,270.848,524.288,1.0996700000000001,1.0996700000000001,269.74833,270.848,0,830.8527217235608,847.7085746109788,0.9801159816094189,-0.019884018390581105,GPU,integer-crossing refinement,Analytical transfer and overlap terms; native scan and GPU operator costs unchanged
530,1024,1554,32.0,mq,91.23175384615385,124.87850624736768,91.23175384615385,307.3420139396754,268.3248630000002,39.31360381861575,135.68,135.68,271.36,524.288,1.0996700000000001,1.0996700000000001,270.26033,271.36,0,831.6300139396753,849.258796818616,0.9792421545175871,-0.020757845482412853,GPU,integer-crossing refinement,Analytical transfer and overlap terms; native scan and GPU operator costs unchanged
531,1024,1555,32.0,mq,91.4627076923077,125.19463709111331,91.4627076923077,308.1200524757287,268.46097600000024,39.41312649164678,135.936,135.936,271.872,524.288,1.0996700000000001,1.0996700000000001,270.77233,271.872,0,832.4080524757287,850.518432491647,0.9787066578170883,-0.02129334218291165,GPU,integer-crossing refinement,Analytical transfer and overlap terms; native scan and GPU operator costs unchanged
532,1024,1556,32.0,mq,91.69388307692309,125.5110711778745,91.69388307692309,308.8988373317207,268.60785500000026,39.512744630071595,136.192,136.192,272.384,524.288,1.0996700000000001,1.0996700000000001,271.28433,272.384,0,833.1868373317207,851.7889296300718,0.978161148083446,-0.02183885191655401,GPU,integer-crossing refinement,Analytical transfer and overlap terms; native scan and GPU operator costs unchanged
533,1024,1557,32.0,mq,91.92528,125.82780850765128,91.92528,309.67836850765127,268.78011100000026,39.612458233890216,136.448,136.448,272.896,524.288,1.0996700000000001,1.0996700000000001,271.79633,272.896,0,833.9663685076513,853.0848992338905,0.9775889471922331,-0.02241105280776689,GPU,integer-crossing refinement,Analytical transfer and overlap terms; native scan and GPU operator costs unchanged
534,1024,1558,32.0,mq,92.15689846153847,126.14484908044363,92.15689846153847,310.4586460035206,269.24151100000023,39.71226730310263,136.704,136.704,273.408,524.288,1.0996700000000001,1.0996700000000001,272.30833,273.408,0,834.7466460035206,854.670108303103,0.97668871052582,-0.023311289474180007,GPU,integer-crossing refinement,Analytical transfer and overlap terms; native scan and GPU operator costs unchanged
535,1024,1559,32.0,mq,92.38873846153847,126.46219289625158,92.38873846153847,311.2396698193285,269.42607100000026,39.812171837708824,136.96,136.96,273.92,524.288,1.0996700000000001,1.0996700000000001,272.82033,273.92,0,835.5276698193286,855.9785728377091,0.9761081601019727,-0.02389183989802733,GPU,integer-crossing refinement,Analytical transfer and overlap terms; native scan and GPU operator costs unchanged
536,1024,1560,32.0,mq,92.6208,126.77983995507513,92.6208,312.02143995507515,269.61985900000025,39.91217183770883,137.216,137.216,274.432,524.288,1.0996700000000001,1.0996700000000001,273.33233,274.432,0,836.3094399550752,857.296360837709,0.975519643099702,-0.02448035690029809,GPU,supplement,Analytical transfer and overlap terms; native scan and GPU operator costs unchanged
537,1024,1561,32.0,mq,92.8530830769231,127.09779025691422,92.8530830769231,312.8039564107604,271.92224500000026,40.012267303102625,137.472,137.472,274.944,524.288,1.0996700000000001,1.0996700000000001,273.84433,274.944,0,837.0919564107604,860.7228423031029,0.9725453017732032,-0.027454698226796755,GPU,integer-crossing refinement,Analytical transfer and overlap terms; native scan and GPU operator costs unchanged
538,1024,1562,32.0,mq,93.08558769230771,127.41604380176892,93.08558769230771,313.58721918638435,272.34904000000023,40.112458233890216,137.728,137.728,275.456,524.288,1.0996700000000001,1.0996700000000001,274.35633,275.456,0,837.8752191863844,862.2738282338905,0.971704337707339,-0.02829566229266103,GPU,integer-crossing refinement,Analytical transfer and overlap terms; native scan and GPU operator costs unchanged
539,1024,1563,32.0,mq,93.31831384615386,127.7346005896392,93.31831384615386,314.3712282819469,272.48515300000025,40.2127446300716,137.984,137.984,275.968,524.288,1.0996700000000001,1.0996700000000001,274.86833,275.968,0,838.659228281947,863.5342276300719,0.9711939624948126,-0.02880603750518742,GPU,integer-crossing refinement,Analytical transfer and overlap terms; native scan and GPU operator costs unchanged
540,1024,1564,32.0,mq,93.55126153846156,128.05346062052507,93.55126153846156,315.1559836974482,272.63203200000027,40.31312649164678,138.24,138.24,276.48,524.288,1.0996700000000001,1.0996700000000001,275.38033,276.48,0,839.4439836974482,864.8054884916471,0.9706737467191227,-0.029326253280877384,GPU,integer-crossing refinement,Analytical transfer and overlap terms; native scan and GPU operator costs unchanged
541,1024,1565,32.0,mq,93.78443076923077,128.3726238944265,93.78443076923077,315.94148543288804,272.80428800000027,40.413603818615755,138.496,138.496,276.992,524.288,1.0996700000000001,1.0996700000000001,275.89233,276.992,0,840.229485432888,866.102221818616,0.9701273871213479,-0.029872612878652102,GPU,integer-crossing refinement,Analytical transfer and overlap terms; native scan and GPU operator costs unchanged
542,1024,1566,32.0,mq,94.01782153846155,128.69209041134354,94.01782153846155,316.7277334882666,273.26568800000024,40.51417661097852,138.752,138.752,277.504,524.288,1.0996700000000001,1.0996700000000001,276.40433,277.504,0,841.0157334882666,867.6881946109788,0.9692603157581617,-0.030739684241838275,GPU,integer-crossing refinement,Analytical transfer and overlap terms; native scan and GPU operator costs unchanged
543,1024,1567,32.0,mq,94.25143384615386,129.01186017127617,94.25143384615386,317.5147278635839,273.4502480000003,40.614844868735084,139.008,139.008,278.016,524.288,1.0996700000000001,1.0996700000000001,276.91633,278.016,0,841.8027278635839,868.9974228687354,0.9687056666803725,-0.031294333319627526,GPU,integer-crossing refinement,Analytical transfer and overlap terms; native scan and GPU operator costs unchanged
544,1024,1568,32.0,mq,94.4852676923077,129.33193317422436,94.4852676923077,318.3024685588398,273.64403600000026,40.71560859188544,139.264,139.264,278.528,524.288,1.0996700000000001,1.0996700000000001,277.42833,278.528,0,842.5904685588398,870.3159745918858,0.9681431723161841,-0.03185682768381593,GPU,supplement,Analytical transfer and overlap terms; native scan and GPU operator costs unchanged
545,1024,1569,32.0,mq,94.71932307692309,129.65230942018815,94.71932307692309,319.09095557403435,301.6925420000001,40.8164677804296,139.52,139.52,279.04,524.288,1.0996700000000001,1.0996700000000001,277.94033,279.04,0,843.3789555740343,899.4893397804298,0.9376197340814597,-0.06238026591854029,GPU,integer-crossing refinement,Analytical transfer and overlap terms; native scan and GPU operator costs unchanged
546,1024,1570,32.0,mq,94.95360000000001,129.9729889091675,94.95360000000001,319.8801889091675,302.1224130000001,40.917422434367545,139.776,139.776,279.552,524.288,1.0996700000000001,1.0996700000000001,278.45233,279.552,0,844.1681889091675,901.0441654343676,0.9368777039938083,-0.06312229600619174,GPU,integer-crossing refinement,Analytical transfer and overlap terms; native scan and GPU operator costs unchanged
547,1024,1571,32.0,mq,95.18809846153847,130.29397164116244,95.18809846153847,320.67016856423936,302.2585260000001,41.01847255369928,140.032,140.032,280.064,524.288,1.0996700000000001,1.0996700000000001,278.96433,280.064,0,844.9581685642394,902.3053285536995,0.9364437312130456,-0.0635562687869544,GPU,integer-crossing refinement,Analytical transfer and overlap terms; native scan and GPU operator costs unchanged
548,1024,1572,32.0,mq,95.42281846153847,130.61525761617295,95.42281846153847,321.4608945392499,302.39771500000006,41.11961813842482,140.288,140.288,280.576,524.288,1.0996700000000001,1.0996700000000001,279.47633,280.576,0,845.7488945392499,903.5696631384249,0.9360085105133539,-0.06399148948664615,GPU,integer-crossing refinement,Analytical transfer and overlap terms; native scan and GPU operator costs unchanged
549,1024,1573,32.0,mq,95.65776000000001,130.93684683419906,95.65776000000001,322.25236683419905,302.5730470000001,41.22085918854415,140.544,140.544,281.088,524.288,1.0996700000000001,1.0996700000000001,279.98833,281.088,0,846.5403668341991,904.8702361885443,0.9355378627547307,-0.06446213724526931,GPU,integer-crossing refinement,Analytical transfer and overlap terms; native scan and GPU operator costs unchanged
550,1024,1574,32.0,mq,95.8929230769231,131.2587392952408,95.8929230769231,323.044585449087,303.0344470000001,41.32219570405728,140.8,140.8,281.6,524.288,1.0996700000000001,1.0996700000000001,280.50033,281.6,0,847.332585449087,906.4569727040575,0.9347741933314317,-0.0652258066685683,GPU,integer-crossing refinement,Analytical transfer and overlap terms; native scan and GPU operator costs unchanged
551,1024,1575,32.0,mq,96.1283076923077,131.58093499929805,96.1283076923077,323.8375503839135,303.20670300000006,41.4236276849642,141.056,141.056,282.112,524.288,1.0996700000000001,1.0996700000000001,281.01233,282.112,0,848.1255503839135,907.7546606849644,0.9343114247895389,-0.06568857521046112,GPU,integer-crossing refinement,Analytical transfer and overlap terms; native scan and GPU operator costs unchanged
552,1024,1576,32.0,mq,96.36391384615386,131.9034339463709,96.36391384615386,324.63126163867867,303.7742250000001,41.52515513126492,141.312,141.312,282.624,524.288,1.0996700000000001,1.0996700000000001,281.52433,282.624,0,848.9192616386787,909.447710131265,0.9334448283081058,-0.06655517169189416,GPU,supplement,Analytical transfer and overlap terms; native scan and GPU operator costs unchanged
553,1024,1577,32.0,mq,96.59974153846154,132.22623613645936,96.59974153846154,325.4257192133825,306.09506700000014,41.62677804295943,141.568,141.568,283.136,524.288,1.0996700000000001,1.0996700000000001,282.03633,283.136,0,849.7137192133825,912.8941750429597,0.9307910406739052,-0.06920895932609486,GPU,integer-crossing refinement,Analytical transfer and overlap terms; native scan and GPU operator costs unchanged
554,1024,1578,32.0,mq,96.83579076923078,132.54934156956338,96.83579076923078,326.220923108025,306.52493800000013,41.72849642004773,141.824,141.824,283.648,524.288,1.0996700000000001,1.0996700000000001,282.54833,283.648,0,850.508923108025,914.4497644200478,0.9300772510422433,-0.06992274895775677,GPU,integer-crossing refinement,Analytical transfer and overlap terms; native scan and GPU operator costs unchanged
555,1024,1579,32.0,mq,97.07206153846155,132.87275024568302,97.07206153846155,327.0168733226061,306.6610510000001,41.83031026252983,142.08,142.08,284.16,524.288,1.0996700000000001,1.0996700000000001,283.06033,284.16,0,851.3048733226061,915.7116912625299,0.9296647421295632,-0.07033525787043678,GPU,integer-crossing refinement,Analytical transfer and overlap terms; native scan and GPU operator costs unchanged
556,1024,1580,32.0,mq,97.30855384615386,133.1964621648182,97.30855384615386,327.8135698571259,306.8002400000001,41.93221957040573,142.336,142.336,284.672,524.288,1.0996700000000001,1.0996700000000001,283.57233,284.672,0,852.1015698571259,916.9767895704058,0.9292509685619488,-0.07074903143805117,GPU,integer-crossing refinement,Analytical transfer and overlap terms; native scan and GPU operator costs unchanged
557,1024,1581,32.0,mq,97.5452676923077,133.52047732696897,97.5452676923077,328.6110127115844,306.9755720000001,42.03422434367542,142.592,142.592,285.184,524.288,1.0996700000000001,1.0996700000000001,284.08433,285.184,0,852.8990127115844,918.2781263436756,0.9288024926691738,-0.07119750733082617,GPU,integer-crossing refinement,Analytical transfer and overlap terms; native scan and GPU operator costs unchanged
558,1024,1582,32.0,mq,97.78220307692308,133.84479573213534,97.78220307692308,329.4092018859815,307.43697200000014,42.1363245823389,142.848,142.848,285.696,524.288,1.0996700000000001,1.0996700000000001,284.59633,285.696,0,853.6972018859815,919.865626582339,0.9280672928912463,-0.07193270710875363,GPU,integer-crossing refinement,Analytical transfer and overlap terms; native scan and GPU operator costs unchanged
559,1024,1583,32.0,mq,98.01936,134.1694173803173,98.01936,330.20813738031734,307.6092280000001,42.23852028639618,143.104,143.104,286.208,524.288,1.0996700000000001,1.0996700000000001,285.10833,286.208,0,854.4961373803174,921.1640782863963,0.9276264213101986,-0.07237357868980143,GPU,integer-crossing refinement,Analytical transfer and overlap terms; native scan and GPU operator costs unchanged
560,1024,1584,32.0,mq,98.25673846153848,134.49434227151482,98.25673846153848,331.0078191945918,308.17675000000014,42.34081145584726,143.36,143.36,286.72,524.288,1.0996700000000001,1.0996700000000001,285.62033,286.72,0,855.2958191945918,922.8578914558475,0.9267903835609255,-0.07320961643907457,GPU,supplement,Analytical transfer and overlap terms; native scan and GPU operator costs unchanged
568,1024,1592,32.0,mq,100.16374153846155,137.10465814965607,100.16374153846155,337.4321412265792,313.3436609999998,43.16257756563246,145.408,145.408,290.816,524.288,1.0996700000000001,1.0996700000000001,289.71632999999997,290.816,0,861.7201412265792,937.0385685656322,0.9196207820406515,-0.08037921795934859,GPU,supplement,Analytical transfer and overlap terms; native scan and GPU operator costs unchanged
576,1024,1600,32.0,mq,102.08492307692309,139.73438158079463,102.08492307692309,343.9042277346408,317.75695199999984,43.99045346062052,147.456,147.456,294.912,524.288,1.0996700000000001,1.0996700000000001,293.81233,294.912,0,868.1922277346408,950.4717354606203,0.9134329779032252,-0.08656702209677483,GPU,supplement,Analytical transfer and overlap terms; native scan and GPU operator costs unchanged
584,1024,1608,32.0,mq,104.02028307692309,142.38351256493053,104.02028307692309,350.4240787187767,323.1807090000003,44.82443914081146,149.504,149.504,299.008,524.288,1.0996700000000001,1.0996700000000001,297.90833,299.008,0,874.7120787187766,964.9214781408117,0.9065111499063649,-0.09348885009363501,GPU,supplement,Analytical transfer and overlap terms; native scan and GPU operator costs unchanged
592,1024,1616,32.0,mq,105.96982153846156,145.05205110206376,105.96982153846156,356.9916941789869,327.60784200000035,45.66453460620525,151.552,151.552,303.104,524.288,1.0996700000000001,1.0996700000000001,302.00433,303.104,0,881.2796941789869,978.3807066062056,0.9007533450204251,-0.09924665497957484,GPU,supplement,Analytical transfer and overlap terms; native scan and GPU operator costs unchanged
600,1024,1624,32.0,mq,107.93353846153848,147.7399971921943,107.93353846153848,363.60707411527125,332.84242499999993,46.51073985680191,153.6,153.6,307.2,524.288,1.0996700000000001,1.0996700000000001,306.10033,307.2,0,887.8950741152712,992.6534948568018,0.894466275206493,-0.10553372479350695,GPU,supplement,Analytical transfer and overlap terms; native scan and GPU operator costs unchanged
608,1024,1632,32.0,mq,109.91143384615387,150.4473508353222,109.91143384615387,370.27021852762994,337.28032399999995,47.36305489260143,155.648,155.648,311.296,524.288,1.0996700000000001,1.0996700000000001,310.19633,311.296,0,894.55821852763,1006.1357088926013,0.8891029417017923,-0.11089705829820773,GPU,supplement,Analytical transfer and overlap terms; native scan and GPU operator costs unchanged
616,1024,1640,32.0,mq,111.90350769230771,153.17411203144744,111.90350769230771,376.98112741606286,343.13933499999956,48.22147971360382,157.696,157.696,315.392,524.288,1.0996700000000001,1.0996700000000001,314.29233,315.392,0,901.2691274160629,1021.0451447136033,0.8826927311513373,-0.11730726884866274,GPU,supplement,Analytical transfer and overlap terms; native scan and GPU operator costs unchanged
624,1024,1648,32.0,mq,113.90976,155.92028078057,113.90976,383.73980078057,347.59568999999954,49.08601431980907,159.744,159.744,319.488,524.288,1.0996700000000001,1.0996700000000001,318.38833,319.488,0,908.02780078057,1034.5580343198085,0.8776963405224257,-0.12230365947757427,GPU,supplement,Analytical transfer and overlap terms; native scan and GPU operator costs unchanged
632,1024,1656,32.0,mq,115.93019076923079,158.6858570826899,115.93019076923079,390.5462386211515,352.1735470000006,49.95665871121719,161.792,161.792,323.584,524.288,1.0996700000000001,1.0996700000000001,322.48433,323.584,0,914.8342386211515,1048.1985357112178,0.8727680944530449,-0.1272319055469551,GPU,supplement,Analytical transfer and overlap terms; native scan and GPU operator costs unchanged
640,1024,1664,32.0,mq,117.96480000000001,161.4708409378071,117.96480000000001,397.40044093780716,356.6314400000006,50.83341288782816,163.84,163.84,327.68,524.288,1.0996700000000001,1.0996700000000001,326.58033,327.68,0,921.6884409378072,1061.7251828878289,0.8681045300544439,-0.1318954699455561,GPU,supplement,Analytical transfer and overlap terms; native scan and GPU operator costs unchanged
648,1024,1672,32.0,mq,120.01358769230771,164.2752323459217,120.01358769230771,404.3024077305371,366.2593200000001,51.71627684964201,165.888,165.888,331.776,524.288,1.0996700000000001,1.0996700000000001,330.67633,331.776,0,928.5904077305371,1080.427926849642,0.8594653883467829,-0.14053461165321715,GPU,supplement,Analytical transfer and overlap terms; native scan and GPU operator costs unchanged
656,1024,1680,32.0,mq,122.07655384615386,167.09903130703356,122.07655384615386,411.25213899934124,370.78104000000013,52.605250596658706,167.936,167.936,335.872,524.288,1.0996700000000001,1.0996700000000001,334.77233,335.872,0,935.5401389993413,1094.030620596659,0.8551315853381867,-0.1448684146618133,GPU,supplement,Analytical transfer and overlap terms; native scan and GPU operator costs unchanged
664,1024,1688,32.0,mq,124.15369846153847,169.94223782114278,124.15369846153847,418.2496347442197,376.51547300000027,53.50033412887828,169.984,169.984,339.968,524.288,1.0996700000000001,1.0996700000000001,338.86833,339.968,0,942.5376347442198,1108.8521371288784,0.8500120107850516,-0.14998798921494838,GPU,supplement,Analytical transfer and overlap terms; native scan and GPU operator costs unchanged
672,1024,1696,32.0,mq,126.24502153846156,172.80485188824935,126.24502153846156,425.2948949651725,381.0518040000003,54.40152744630072,172.032,172.032,344.064,524.288,1.0996700000000001,1.0996700000000001,342.96433,344.064,0,949.5828949651725,1122.4816614463011,0.8459674020345677,-0.15403259796543234,GPU,supplement,Analytical transfer and overlap terms; native scan and GPU operator costs unchanged
680,1024,1704,32.0,mq,128.35052307692308,175.68687350835322,128.35052307692308,432.38791966219935,387.6798150000003,55.30883054892601,174.08,174.08,348.16,524.288,1.0996700000000001,1.0996700000000001,347.06033,348.16,0,956.6759196621994,1138.2089755489264,0.8405099065405114,-0.1594900934594886,GPU,supplement,Analytical transfer and overlap terms; native scan and GPU operator costs unchanged
688,1024,1712,32.0,mq,130.4702030769231,178.58830268145445,130.4702030769231,439.5287088353007,392.2407540000003,56.22224343675418,176.128,176.128,352.256,524.288,1.0996700000000001,1.0996700000000001,351.15632999999997,352.256,0,963.8167088353007,1151.8753274367543,0.8367370025886943,-0.16326299741130562,GPU,supplement,Analytical transfer and overlap terms; native scan and GPU operator costs unchanged
696,1024,1720,32.0,mq,132.60406153846156,181.50913940755302,132.60406153846156,446.7172624844761,398.94258900000045,57.1417661097852,178.176,178.176,356.352,524.288,1.0996700000000001,1.0996700000000001,355.25233,356.352,0,971.0052624844761,1167.6886851097856,0.8315617637360103,-0.16843823626398965,GPU,supplement,Analytical transfer and overlap terms; native scan and GPU operator costs unchanged
704,1024,1728,32.0,mq,134.75209846153848,184.4493836866489,134.75209846153848,453.95358060972586,403.5281360000005,58.067398568019094,180.224,180.224,360.448,524.288,1.0996700000000001,1.0996700000000001,359.34833,360.448,0,978.2415806097258,1181.3918645680196,0.8280415753221929,-0.17195842467780703,GPU,supplement,Analytical transfer and overlap terms; native scan and GPU operator costs unchanged
712,1024,1736,32.0,mq,136.91431384615387,187.40903551874212,136.91431384615387,461.23766321104983,410.44067700000016,58.999140811455845,182.272,182.272,364.544,524.288,1.0996700000000001,1.0996700000000001,363.44433,364.544,0,985.5256632110498,1197.428147811456,0.8230353236745761,-0.17696467632542393,GPU,supplement,Analytical transfer and overlap terms; native scan and GPU operator costs unchanged
720,1024,1744,32.0,mq,139.09070769230772,190.38809490383267,139.09070769230772,468.5695102884481,415.05237000000017,59.93699284009546,184.32,184.32,368.64,524.288,1.0996700000000001,1.0996700000000001,367.54033,368.64,0,992.8575102884481,1211.1696928400956,0.8197509532791206,-0.18024904672087938,GPU,supplement,Analytical transfer and overlap terms; native scan and GPU operator costs unchanged
728,1024,1752,32.0,mq,141.28128,193.38656184192055,141.28128,475.9491218419206,423.8628029999996,60.88095465393795,186.368,186.368,372.736,524.288,1.0996700000000001,1.0996700000000001,371.63633,372.736,0,1000.2371218419206,1229.1160876539375,0.8137857212097133,-0.18621427879028676,GPU,supplement,Analytical transfer and overlap terms; native scan and GPU operator costs unchanged
736,1024,1760,32.0,mq,143.48603076923078,196.40443633300578,143.48603076923078,483.37649787146734,428.52063599999957,61.83102625298329,188.416,188.416,376.832,524.288,1.0996700000000001,1.0996700000000001,375.73233,376.832,0,1007.6644978714673,1242.915992252983,0.8107261505622074,-0.18927384943779255,GPU,supplement,Analytical transfer and overlap terms; native scan and GPU operator costs unchanged
744,1024,1768,32.0,mq,145.70496,199.44171837708834,145.70496,490.8516383770883,435.4670129999996,62.7872076372315,190.464,190.464,380.928,524.288,1.0996700000000001,1.0996700000000001,379.82833,380.928,0,1015.1396383770883,1259.010550637231,0.8062995483741492,-0.19370045162585078,GPU,supplement,Analytical transfer and overlap terms; native scan and GPU operator costs unchanged
752,1024,1776,32.0,mq,147.9380676923077,202.4984079741682,147.9380676923077,498.37454335878357,440.1494539999996,63.74949880668258,192.512,192.512,385.024,524.288,1.0996700000000001,1.0996700000000001,383.92433,385.024,0,1022.6625433587835,1272.8472828066822,0.8034448100511864,-0.19655518994881357,GPU,supplement,Analytical transfer and overlap terms; native scan and GPU operator costs unchanged
760,1024,1784,32.0,mq,150.18535384615387,205.5745051242454,150.18535384615387,505.9452128165531,447.16965499999964,64.71789976133653,194.56,194.56,389.12,524.288,1.0996700000000001,1.0996700000000001,388.02033,389.12,0,1030.233212816553,1289.027884761336,0.7992326814615814,-0.2007673185384185,GPU,supplement,Analytical transfer and overlap terms; native scan and GPU operator costs unchanged
768,1024,1792,32.0,mq,152.4468184615385,208.67000982731997,152.4468184615385,513.563646750397,451.8767039999996,65.69241050119332,196.608,196.608,393.216,524.288,1.0996700000000001,1.0996700000000001,392.11633,393.216,0,1037.8516467503969,1302.901444501193,0.7965695725724913,-0.2034304274275087,GPU,original sweep,Analytical transfer and overlap terms; native scan and GPU operator costs unchanged
776,1024,1800,32.0,mq,154.72246153846157,211.78492208339185,154.72246153846157,521.229845160315,486.64473199999946,66.67303102625299,198.656,198.656,397.312,524.288,1.0996700000000001,1.0996700000000001,396.21233,397.312,0,1045.5178451603151,1346.8420930262523,0.7762735145967377,-0.22372648540326237,GPU,supplement,Analytical transfer and overlap terms; native scan and GPU operator costs unchanged
784,1024,1808,32.0,mq,157.0122830769231,214.91924189246106,157.0122830769231,528.9438080463073,491.66168799999946,67.65976133651552,200.704,200.704,401.408,524.288,1.0996700000000001,1.0996700000000001,400.30833,401.408,0,1053.2318080463074,1361.037779336515,0.7738446529821836,-0.22615534701781634,GPU,supplement,Analytical transfer and overlap terms; native scan and GPU operator costs unchanged
792,1024,1816,32.0,mq,159.3162830769231,218.0729692545276,159.3162830769231,536.7055354083739,497.7444779999994,68.65260143198091,202.752,202.752,405.504,524.288,1.0996700000000001,1.0996700000000001,404.40433,405.504,0,1060.9935354083739,1376.3054094319803,0.7708997785936627,-0.2291002214063373,GPU,supplement,Analytical transfer and overlap terms; native scan and GPU operator costs unchanged
800,1024,1824,32.0,mq,161.63446153846155,221.24610416959146,161.63446153846155,544.5150272465146,502.7721999999994,69.65155131264916,204.8,204.8,409.6,524.288,1.0996700000000001,1.0996700000000001,408.50033,409.6,0,1068.8030272465146,1390.5240813126486,0.7686332380792494,-0.2313667619207506,GPU,supplement,Analytical transfer and overlap terms; native scan and GPU operator costs unchanged
808,1024,1832,32.0,mq,163.96681846153848,224.43864663765268,163.96681846153848,552.3722835607296,509.1979639999995,70.65661097852028,206.848,206.848,413.696,524.288,1.0996700000000001,1.0996700000000001,412.59633,413.696,0,1076.6602835607296,1406.1469049785198,0.765681224165676,-0.234318775834324,GPU,supplement,Analytical transfer and overlap terms; native scan and GPU operator costs unchanged
816,1024,1840,32.0,mq,166.31335384615386,227.65059665871124,166.31335384615386,560.277304351019,514.2395279999995,71.66778042959427,208.896,208.896,417.792,524.288,1.0996700000000001,1.0996700000000001,416.69232999999997,417.792,0,1084.565304351019,1420.3916384295937,0.7635677900428438,-0.23643220995715616,GPU,supplement,Analytical transfer and overlap terms; native scan and GPU operator costs unchanged
824,1024,1848,32.0,mq,168.67406769230772,230.8819542327671,168.67406769230772,568.2300896173825,520.3899899999994,72.68505966587112,210.944,210.944,421.888,524.288,1.0996700000000001,1.0996700000000001,420.78833,421.888,0,1092.5180896173824,1435.7513796658704,0.7609382133218875,-0.23906178667811248,GPU,supplement,Analytical transfer and overlap terms; native scan and GPU operator costs unchanged
832,1024,1856,32.0,mq,171.04896000000002,234.13271935982033,171.04896000000002,576.2306393598203,525.4423199999994,73.70844868735082,212.992,212.992,425.984,524.288,1.0996700000000001,1.0996700000000001,424.88433,425.984,0,1100.5186393598203,1450.01909868735,0.7589683752138715,-0.24103162478612852,GPU,supplement,Analytical transfer and overlap terms; native scan and GPU operator costs unchanged
840,1024,1864,32.0,mq,173.4380307692308,237.40289203987084,173.4380307692308,584.2789535783324,531.9480599999997,74.7379474940334,215.04,215.04,430.08,524.288,1.0996700000000001,1.0996700000000001,428.98033,430.08,0,1108.5669535783325,1465.746337494033,0.7563156906628432,-0.2436843093371568,GPU,supplement,Analytical transfer and overlap terms; native scan and GPU operator costs unchanged
848,1024,1872,32.0,mq,175.84128000000004,240.69247227291874,175.84128000000004,592.3750322729188,537.0142319999998,75.77355608591886,217.088,217.088,434.176,524.288,1.0996700000000001,1.0996700000000001,433.07633,434.176,0,1116.6630322729188,1480.0401180859185,0.7544815972401194,-0.24551840275988052,GPU,supplement,Analytical transfer and overlap terms; native scan and GPU operator costs unchanged
856,1024,1880,32.0,mq,178.25870769230772,244.00146005896394,178.25870769230772,600.5188754435794,543.2323659999997,76.81527446300716,219.136,219.136,438.272,524.288,1.0996700000000001,1.0996700000000001,437.17233,438.272,0,1124.8068754435794,1495.491970463007,0.7521316714895749,-0.2478683285104251,GPU,supplement,Analytical transfer and overlap terms; native scan and GPU operator costs unchanged
864,1024,1888,32.0,mq,180.69031384615388,247.32985539800646,180.69031384615388,608.7104830903143,548.3093039999998,77.86310262529832,221.184,221.184,442.368,524.288,1.0996700000000001,1.0996700000000001,441.26833,442.368,0,1132.9984830903143,1509.808736625298,0.7504251734711613,-0.2495748265288386,GPU,supplement,Analytical transfer and overlap terms; native scan and GPU operator costs unchanged
872,1024,1896,32.0,mq,183.1360984615385,250.6776582900463,183.1360984615385,616.9498552131233,556.0685139999995,78.91704057279236,223.232,223.232,446.464,524.288,1.0996700000000001,1.0996700000000001,445.36433,446.464,0,1141.2378552131233,1526.8138845727917,0.7474636343986655,-0.2525363656013346,GPU,supplement,Analytical transfer and overlap terms; native scan and GPU operator costs unchanged
880,1024,1904,32.0,mq,185.59606153846156,254.04486873508353,185.59606153846156,625.2369918120066,561.1700599999995,79.97708830548926,225.28,225.28,450.56,524.288,1.0996700000000001,1.0996700000000001,449.46033,450.56,0,1149.5249918120066,1541.1674783054887,0.7458793466599151,-0.254120653340085,GPU,supplement,Analytical transfer and overlap terms; native scan and GPU operator costs unchanged
888,1024,1912,32.0,mq,188.0702030769231,257.4314867331181,188.0702030769231,633.5718928869643,569.0030940000001,81.04324582338901,227.328,227.328,454.656,524.288,1.0996700000000001,1.0996700000000001,453.55633,454.656,0,1157.8598928869642,1558.258669823389,0.7430472971590747,-0.2569527028409253,GPU,supplement,Analytical transfer and overlap terms; native scan and GPU operator costs unchanged
896,1024,1920,32.0,mq,190.5585230769231,260.83751228414997,190.5585230769231,641.9545584379962,574.1292480000002,82.11551312649165,229.376,229.376,458.752,524.288,1.0996700000000001,1.0996700000000001,457.65233,458.752,0,1166.2425584379962,1572.6490911264918,0.7415783756328084,-0.2584216243671917,GPU,supplement,Analytical transfer and overlap terms; native scan and GPU operator costs unchanged
1024,1024,2048,32.0,mq,232.29991384615388,317.9733483082971,232.29991384615388,782.5731760006049,684.102400000002,100.10272076372314,262.144,262.144,524.288,524.288,1.0996700000000001,1.0996700000000001,523.1883300000001,524.288,0,1306.861176000605,1831.681450763725,0.7134762299720321,-0.28652377002796786,GPU,original sweep,Analytical transfer and overlap terms; native scan and GPU operator costs unchanged
1280,1024,2304,32.0,mq,326.67175384615393,447.1500210585428,326.67175384615393,1100.4935287508506,958.9737600000033,140.7694510739857,327.68,327.68,655.36,524.288,1.0996700000000001,1.0996700000000001,654.2603300000001,655.36,0,1624.7815287508506,2409.363541073989,0.6743612995930842,-0.3256387004069157,GPU,supplement,Analytical transfer and overlap terms; native scan and GPU operator costs unchanged
1536,1024,2560,32.0,mq,435.5623384615385,596.200028078057,435.5623384615385,1467.324705001134,1269.3298559999976,187.6926014319809,393.216,393.216,786.432,524.288,1.0996700000000001,1.0996700000000001,785.3323300000001,786.432,0,1991.612705001134,3028.7867874319786,0.6575612100744025,-0.3424387899255975,GPU,supplement,Analytical transfer and overlap terms; native scan and GPU operator costs unchanged
1552,1024,2576,32.0,mq,442.8500676923078,606.175510318686,442.8500676923078,1491.8756457033014,1286.4308779999972,190.83303102625297,397.312,397.312,794.624,524.288,1.0996700000000001,1.0996700000000001,793.5243300000001,794.624,0,2016.1636457033014,3065.4122390262505,0.6577137065074646,-0.34228629349253537,GPU,upper-crossing refinement,Analytical transfer and overlap terms; native scan and GPU operator costs unchanged
1568,1024,2592,32.0,mq,450.1945107692308,616.2286227713042,450.1945107692308,1516.6176443097659,1302.7075320000024,193.99789976133653,401.408,401.408,802.816,524.288,1.0996700000000001,1.0996700000000001,801.7163300000001,802.816,0,2040.9056443097659,3101.2377617613392,0.6580938970479449,-0.3419061029520551,GPU,upper-crossing refinement,Analytical transfer and overlap terms; native scan and GPU operator costs unchanged
1584,1024,2608,32.0,mq,457.59566769230776,626.3593654359119,457.59566769230776,1541.5507008205273,1318.436657999995,197.1872076372315,405.504,405.504,811.008,524.288,1.0996700000000001,1.0996700000000001,809.9083300000001,811.008,0,2065.8387008205273,3136.5401956372266,0.6586361315228823,-0.34136386847711775,GPU,upper-crossing refinement,Analytical transfer and overlap terms; native scan and GPU operator costs unchanged
1600,1024,2624,32.0,mq,465.05353846153855,636.5677383125088,465.05353846153855,1566.6748152355858,1334.2149999999958,200.40095465393796,409.6,409.6,819.2,524.288,1.0996700000000001,1.0996700000000001,818.1003300000001,819.2,0,2090.962815235586,3171.916284653934,0.6592112236227308,-0.34078877637726923,GPU,upper-crossing refinement,Analytical transfer and overlap terms; native scan and GPU operator costs unchanged
1616,1024,2640,32.0,mq,472.56812307692314,646.8537414010951,472.56812307692314,1591.9899875549413,1350.0425579999987,203.63914081145583,413.696,413.696,827.392,524.288,1.0996700000000001,1.0996700000000001,826.2923300000001,827.392,0,2116.2779875549413,3207.366028811455,0.6598180465043975,-0.34018195349560254,GPU,upper-crossing refinement,Analytical transfer and overlap terms; native scan and GPU operator costs unchanged
1632,1024,2656,32.0,mq,480.1394215384616,657.2173747016707,480.1394215384616,1617.496217778594,1365.9193319999972,206.9017661097852,417.792,417.792,835.584,524.288,1.0996700000000001,1.0996700000000001,834.48433,835.584,0,2141.784217778594,3242.889428109782,0.6604555182219084,-0.3395444817780916,GPU,upper-crossing refinement,Analytical transfer and overlap terms; native scan and GPU operator costs unchanged
1648,1024,2672,32.0,mq,487.7674338461539,667.6586382142356,487.7674338461539,1643.1935059065434,1381.8453220000004,210.188830548926,421.888,421.888,843.776,524.288,1.0996700000000001,1.0996700000000001,842.67633,843.776,0,2167.481505906543,3278.4864825489267,0.6611225995421491,-0.33887740045785086,GPU,upper-crossing refinement,Analytical transfer and overlap terms; native scan and GPU operator costs unchanged
1664,1024,2688,32.0,mq,495.4521600000001,678.1775319387899,495.4521600000001,1669.0818519387901,1397.8205280000022,213.50033412887828,425.984,425.984,851.968,524.288,1.0996700000000001,1.0996700000000001,850.86833,851.968,0,2193.36985193879,3314.1571921288805,0.6618182918867098,-0.33818170811329024,GPU,upper-crossing refinement,Analytical transfer and overlap terms; native scan and GPU operator costs unchanged
1680,1024,2704,32.0,mq,503.19360000000006,688.7740558753335,503.19360000000006,1695.1612558753336,1413.6834599999947,216.83627684964202,430.08,430.08,860.16,524.288,1.0996700000000001,1.0996700000000001,859.06033,860.16,0,2219.4492558753336,3349.7400668496366,0.6625735763320528,-0.3374264236679471,GPU,upper-crossing refinement,Analytical transfer and overlap terms; native scan and GPU operator costs unchanged
1696,1024,2720,32.0,mq,510.9917538461539,699.4482100238664,510.9917538461539,1721.4317177161743,1432.3640079999955,220.1966587112172,434.176,434.176,868.352,524.288,1.0996700000000001,1.0996700000000001,867.25233,868.352,0,2245.7197177161743,3388.1649967112126,0.6628129739537553,-0.33718702604624473,GPU,upper-crossing refinement,Analytical transfer and overlap terms; native scan and GPU operator costs unchanged
1712,1024,2736,32.0,mq,518.8466215384617,710.1999943843887,518.8466215384617,1747.893237461312,1451.1429880000019,223.5814797136038,438.272,438.272,876.544,524.288,1.0996700000000001,1.0996700000000001,875.44433,876.544,0,2272.181237461312,3426.712797713606,0.6630789831518333,-0.33692101684816667,GPU,upper-crossing refinement,Analytical transfer and overlap terms; native scan and GPU operator costs unchanged
1728,1024,2752,32.0,mq,526.7582030769231,721.0294089569003,526.7582030769231,1774.5458151107464,1470.0204000000026,226.9907398568019,442.368,442.368,884.736,524.288,1.0996700000000001,1.0996700000000001,883.63633,884.736,0,2298.8338151107464,3465.3834698568044,0.6633706875752305,-0.3366293124247695,GPU,upper-crossing refinement,Analytical transfer and overlap terms; native scan and GPU operator costs unchanged
1744,1024,2768,32.0,mq,534.7264984615385,731.9364537414011,534.7264984615385,1801.3894506644783,1488.9962439999942,230.42443914081144,446.464,446.464,892.928,524.288,1.0996700000000001,1.0996700000000001,891.82833,892.928,0,2325.6774506644783,3504.1770131408057,0.6636872058526421,-0.33631279414735793,GPU,upper-crossing refinement,Analytical transfer and overlap terms; native scan and GPU operator costs unchanged
1760,1024,2784,32.0,mq,542.7515076923078,742.9211287378913,542.7515076923078,1828.4241441225067,1512.807560000007,233.88257756563246,450.56,450.56,901.12,524.288,1.0996700000000001,1.0996700000000001,900.0203300000001,901.12,0,2352.7121441225067,3547.830467565639,0.6631410845673332,-0.33685891543266683,GPU,upper-crossing refinement,Analytical transfer and overlap terms; native scan and GPU operator costs unchanged
1776,1024,2800,32.0,mq,550.8332307692308,753.983433946371,550.8332307692308,1855.6498954848325,1532.0233320000073,237.3651551312649,454.656,454.656,909.312,524.288,1.0996700000000001,1.0996700000000001,908.2123300000001,909.312,0,2379.9378954848326,3586.9128171312723,0.6635059218942072,-0.33649407810579285,GPU,upper-crossing refinement,Analytical transfer and overlap terms; native scan and GPU operator costs unchanged
1792,1024,2816,32.0,mq,558.9716676923077,765.1233693668399,558.9716676923077,1883.0667047514553,1551.3375359999993,240.87217183770883,458.752,458.752,917.504,524.288,1.0996700000000001,1.0996700000000001,916.4043300000001,917.504,0,2407.3547047514553,3626.1180378377085,0.663893088871146,-0.336106911128854,GPU,supplement,Analytical transfer and overlap terms; native scan and GPU operator costs unchanged
2048,1024,3072,32.0,mq,696.8997415384616,953.9200449248913,696.8997415384616,2347.7195280018145,1939.1104000000041,300.3081622911694,524.288,524.288,1048.576,524.288,1.0996700000000001,1.0996700000000001,1047.47633,1048.576,0,2872.0075280018145,4335.470892291174,0.662444195648616,-0.33755580435138394,GPU,supplement,Analytical transfer and overlap terms; native scan and GPU operator costs unchanged
1,1024,1025,64.0,mq,10.033780710374844,0.15541204548645235,10.033780710374844,20.22297346623614,1.54569,0.04892601431980907,0.128,0.128,0.256,262.144,0.736702,0.256,0,0.256,0,282.3669734662361,1.8506160143198092,152.5799902742221,0.9934460606649484,PIM,original sweep,Analytical transfer and overlap terms; native scan and GPU operator costs unchanged
2,1024,1026,64.0,mq,10.131045907623193,0.311127333988488,10.131045907623193,20.573219149234873,1.849445,0.09794749403341288,0.256,0.256,0.512,262.144,0.856666,0.512,0,0.512,0,282.7172191492349,2.4593924940334126,114.9540871719819,0.9913008747700819,PIM,original sweep,Analytical transfer and overlap terms; native scan and GPU operator costs unchanged
4,1024,1028,64.0,mq,10.326031166643268,0.6234676400393093,10.326031166643268,21.275529973325845,2.0924490000000002,0.19627684964200476,0.512,0.512,1.024,262.144,0.9058820000000001,0.9058820000000001,0.11811799999999995,1.024,0,283.41952997332584,3.430843849642005,82.6092770158862,0.9878948220330303,PIM,original sweep,Analytical transfer and overlap terms; native scan and GPU operator costs unchanged
8,1024,1032,64.0,mq,10.71782114277692,1.2517871683279518,10.71782114277692,22.68742945388179,2.8406860000000003,0.39408114558472557,1.024,1.024,2.048,262.144,1.0996700000000001,1.0996700000000001,0.9483299999999999,2.048,0,284.8314294538818,6.231097145584725,45.711280501493974,0.978123561864181,PIM,original sweep,Analytical transfer and overlap terms; native scan and GPU operator costs unchanged
12,1024,1036,64.0,mq,11.112037063035238,1.8849585848659274,11.112037063035238,24.109032710936404,4.933135,0.5934128878281623,1.536,1.536,3.072,262.144,1.0996700000000001,1.0996700000000001,1.97233,3.072,0,286.2530327109364,10.57087788782816,27.079400192536752,0.9630715601937296,PIM,original sweep,Analytical transfer and overlap terms; native scan and GPU operator costs unchanged
16,1024,1040,64.0,mq,11.508678927418224,2.522981889653236,11.508678927418224,25.540339744489685,5.6813720000000005,0.794272076372315,2.048,2.048,4.096,262.144,1.0996700000000001,1.0996700000000001,2.99633,4.096,0,287.6843397444897,13.567974076372316,21.2031905518947,0.9528372865606002,PIM,original sweep,Analytical transfer and overlap terms; native scan and GPU operator costs unchanged
24,1024,1048,64.0,mq,12.309240488558192,3.813584163975853,12.309240488558192,28.432065141092238,8.554356,1.2005727923627685,3.072,3.072,6.144,262.144,1.0996700000000001,1.0996700000000001,5.04433,6.144,0,290.5760651410923,20.94325879236277,13.874443706299164,0.9279250382092085,PIM,original sweep,Analytical transfer and overlap terms; native scan and GPU operator costs unchanged
32,1024,1056,64.0,mq,13.119505826196828,5.123593991295802,13.119505826196828,31.36260564368946,11.405808,1.612983293556086,4.096,4.096,8.192,262.144,1.0996700000000001,1.0996700000000001,7.0923300000000005,8.192,0,293.50660564368945,28.303121293556085,10.37011439831951,0.9035690483643988,PIM,original sweep,Analytical transfer and overlap terms; native scan and GPU operator costs unchanged
48,1024,1072,64.0,mq,14.769147830970098,7.801836304927699,14.769147830970098,37.340131966867894,17.21022,2.456133651551313,6.144,6.144,12.288,262.144,1.0996700000000001,1.0996700000000001,11.18833,12.288,0,299.4841319668679,43.14268365155131,6.941713092901191,0.8559433404093536,PIM,original sweep,Analytical transfer and overlap terms; native scan and GPU operator costs unchanged
51,1024,1075,64.0,mq,15.082776919837148,8.312649164677804,15.082776919837148,38.478203004352096,19.300361999999996,2.616945107398568,6.528,6.528,13.056,262.144,1.0996700000000001,1.0996700000000001,11.95633,13.056,0,300.6222030043521,46.92963710739857,6.405807108978439,0.8438916465969775,PIM,original sweep,Analytical transfer and overlap terms; native scan and GPU operator costs unchanged
52,1024,1076,64.0,mq,15.187623192475083,8.483526603959007,15.187623192475083,38.85877298890917,19.414942999999997,2.670739856801909,6.656,6.656,13.312,262.144,1.0996700000000001,1.0996700000000001,12.21233,13.312,0,301.00277298890916,47.61001285680191,6.322257754776173,0.8418286569786646,PIM,supplement,Analytical transfer and overlap terms; native scan and GPU operator costs unchanged
53,1024,1077,64.0,mq,15.292621086620805,8.654707286255793,15.292621086620805,39.2399494594974,19.5326,2.7246300715990457,6.784,6.784,13.568,262.144,1.0996700000000001,1.0996700000000001,12.46833,13.568,0,301.3839494594974,48.293560071599046,6.2406654016119685,0.8397606768435784,PIM,integer-crossing refinement,Analytical transfer and overlap terms; native scan and GPU operator costs unchanged
54,1024,1078,64.0,mq,15.397770602274326,8.82619121156816,15.397770602274326,39.621732416116814,19.854810999999998,2.778615751789976,6.912,6.912,13.824,262.144,1.0996700000000001,1.0996700000000001,12.72433,13.824,0,301.7657324161168,49.181756751789976,6.135724958729417,0.8370200739560074,PIM,integer-crossing refinement,Analytical transfer and overlap terms; native scan and GPU operator costs unchanged
55,1024,1079,64.0,mq,15.503071739435631,8.997978379896113,15.503071739435631,40.00412185876738,20.008611,2.8326968973747015,7.04,7.04,14.08,262.144,1.0996700000000001,1.0996700000000001,12.98033,14.08,0,302.14812185876735,49.901637897374705,6.054873839615256,0.8348437925399379,PIM,integer-crossing refinement,Analytical transfer and overlap terms; native scan and GPU operator costs unchanged
56,1024,1080,64.0,mq,15.608524498104732,9.170068791239647,15.608524498104732,40.387117787449114,20.153951999999997,2.8868735083532218,7.168,7.168,14.336,262.144,1.0996700000000001,1.0996700000000001,13.23633,14.336,0,302.53111778744915,50.613155508353216,5.977321800011447,0.8327009932779452,PIM,supplement,Analytical transfer and overlap terms; native scan and GPU operator costs unchanged
60,1024,1084,64.0,mq,16.03185174785905,9.861462866769621,16.03185174785905,41.92516636248772,22.294078999999996,3.1045346062052506,7.68,7.68,15.36,262.144,1.0996700000000001,1.0996700000000001,14.26033,15.36,0,304.06916636248775,55.01894360620524,5.5266267658434955,0.8190578010115767,PIM,supplement,Analytical transfer and overlap terms; native scan and GPU operator costs unchanged
64,1024,1088,64.0,mq,16.457604941738033,10.557708830548926,16.457604941738033,43.47291871402499,23.033087999999996,3.323723150357995,8.192,8.192,16.384,262.144,1.0996700000000001,1.0996700000000001,15.28433,16.384,0,305.616918714025,58.02514115035798,5.2669741538774275,0.810137667134018,PIM,original sweep,Analytical transfer and overlap terms; native scan and GPU operator costs unchanged
96,1024,1120,64.0,mq,19.9509644812579,16.302344517759373,19.9509644812579,56.20427348027517,34.844928,5.132219570405728,12.288,12.288,24.576,262.144,1.0996700000000001,1.0996700000000001,23.47633,24.576,0,318.34827348027517,88.02947757040573,3.6163826284855674,0.7234805874458118,PIM,original sweep,Analytical transfer and overlap terms; native scan and GPU operator costs unchanged
128,1024,1152,64.0,mq,23.599584444756424,22.357501052927137,23.599584444756424,69.55666994243998,47.23505599999999,7.038472553699283,16.384,16.384,32.768,262.144,1.0996700000000001,1.0996700000000001,31.66833,32.768,0,331.70066994243996,118.70985855369926,2.794213336480329,0.6421175194662736,PIM,original sweep,Analytical transfer and overlap terms; native scan and GPU operator costs unchanged
160,1024,1184,64.0,mq,27.403464832233613,28.72317843605223,27.403464832233613,83.53010810051946,59.98199999999998,9.042482100238663,20.48,20.48,40.96,262.144,1.0996700000000001,1.0996700000000001,39.86033,40.96,0,345.67410810051945,149.84481210023864,2.306880720496889,0.5665142150112531,PIM,original sweep,Analytical transfer and overlap terms; native scan and GPU operator costs unchanged
192,1024,1216,64.0,mq,31.36260564368946,35.39937666713463,31.36260564368946,98.12458795451356,73.15958400000001,11.144248210023866,24.576,24.576,49.152,262.144,1.0996700000000001,1.0996700000000001,48.05233,49.152,0,360.2685879545136,181.5081622100239,1.984861636897878,0.4961865444873574,PIM,original sweep,Analytical transfer and overlap terms; native scan and GPU operator costs unchanged
200,1024,1224,64.0,mq,32.37665028780008,37.11694510739857,32.37665028780008,101.87024568299873,76.88077500000003,11.684964200477328,25.6,25.6,51.2,262.144,1.0996700000000001,1.0996700000000001,50.10033,51.2,0,364.01424568299876,189.86606920047734,1.9172158944241924,0.4784103329686116,PIM,original sweep,Analytical transfer and overlap terms; native scan and GPU operator costs unchanged
224,1024,1248,64.0,mq,35.47700687912396,42.38609574617437,35.47700687912396,113.34010950442229,87.31226000000005,13.343770883054892,28.672,28.672,57.344,262.144,1.0996700000000001,1.0996700000000001,56.24433,57.344,0,375.4841095044223,214.24436088305495,1.75259739839491,0.4294183017070349,PIM,original sweep,Analytical transfer and overlap terms; native scan and GPU operator costs unchanged
256,1024,1280,64.0,mq,39.746668538537136,49.68333567317142,39.746668538537136,129.1766727502457,101.38495999999998,15.64105011933174,32.768,32.768,65.536,262.144,1.0996700000000001,1.0996700000000001,64.43633,65.536,0,391.3206727502457,246.99834011933171,1.584304868450484,0.3688083525375759,PIM,original sweep,Analytical transfer and overlap terms; native scan and GPU operator costs unchanged
320,1024,1344,64.0,mq,48.75177312929945,65.20937807103749,48.75177312929945,162.7129243296364,138.17391999999998,20.528878281622912,40.96,40.96,81.92,262.144,1.0996700000000001,1.0996700000000001,80.82033,81.92,0,424.8569243296364,321.4431282816229,1.3217172400008832,0.243408522083489,PIM,original sweep,Analytical transfer and overlap terms; native scan and GPU operator costs unchanged
384,1024,1408,64.0,mq,59.88982153846154,81.97750386073284,59.88982153846154,201.75714693765593,169.31534400000004,25.807732696897375,49.152,49.152,98.304,262.144,1.0996700000000001,1.0996700000000001,97.20433,98.304,0,463.90114693765594,390.63140669689744,1.1875674586954312,0.15794257186996194,PIM,original sweep,Analytical transfer and overlap terms; native scan and GPU operator costs unchanged
480,1024,1504,64.0,mq,79.96652307692308,109.45859890495579,79.96652307692308,269.39164505880194,221.6104200000002,34.459188544152745,61.44,61.44,122.88,262.144,1.0996700000000001,1.0996700000000001,121.78032999999999,122.88,0,531.535645058802,500.72993854415296,1.0615215990563995,0.057956050174661496,PIM,supplement,Analytical transfer and overlap terms; native scan and GPU operator costs unchanged
488,1024,1512,64.0,mq,81.73174153846155,111.8748392531237,81.73174153846155,275.3383223300468,226.85192400000014,35.21985680190931,62.464,62.464,124.928,262.144,1.0996700000000001,1.0996700000000001,123.82833,124.928,0,537.4823223300468,510.8281108019095,1.0521784352985097,0.049590861728416154,PIM,supplement,Analytical transfer and overlap terms; native scan and GPU operator costs unchanged
496,1024,1520,64.0,mq,83.51113846153847,114.31048715428894,83.51113846153847,281.3327640773659,230.57080800000014,35.98663484486874,63.488,63.488,126.976,262.144,1.0996700000000001,1.0996700000000001,125.87633,126.976,0,543.4767640773659,519.4097728448689,1.0463352683964324,0.044283385828563185,PIM,supplement,Analytical transfer and overlap terms; native scan and GPU operator costs unchanged
504,1024,1528,64.0,mq,85.30471384615386,116.76554260845151,85.30471384615386,287.37497030075923,235.83999600000018,36.75952267303103,64.512,64.512,129.024,262.144,1.0996700000000001,1.0996700000000001,127.92433,129.024,0,549.5189703007593,529.5478486730312,1.0377135355714744,0.036342915726453595,PIM,supplement,Analytical transfer and overlap terms; native scan and GPU operator costs unchanged
512,1024,1536,64.0,mq,87.1124676923077,119.24000561561141,87.1124676923077,293.4649410002268,239.5834880000002,37.53852028639618,65.536,65.536,131.072,262.144,1.0996700000000001,1.0996700000000001,129.97233,131.072,0,555.6089410002269,538.1663382863965,1.0324111737820139,0.031393668148013636,PIM,original sweep,Analytical transfer and overlap terms; native scan and GPU operator costs unchanged
513,1024,1537,64.0,mq,87.33943384615385,119.55067808507653,87.33943384615385,294.2295457773842,259.14223399999975,37.6363245823389,65.664,65.664,131.328,262.144,1.0996700000000001,1.0996700000000001,130.22833,131.328,0,556.3735457773842,558.3348885823386,0.9964871570001035,-0.0035128429998965414,GPU,integer-crossing refinement,Analytical transfer and overlap terms; native scan and GPU operator costs unchanged
514,1024,1538,64.0,mq,87.56662153846155,119.86165379755721,87.56662153846155,294.99489687448033,259.56595299999975,37.73422434367542,65.792,65.792,131.584,262.144,1.0996700000000001,1.0996700000000001,130.48433,131.584,0,557.1388968744803,559.3685073436752,0.9960140579243855,-0.003985942075614585,GPU,integer-crossing refinement,Analytical transfer and overlap terms; native scan and GPU operator costs unchanged
515,1024,1539,64.0,mq,87.79403076923079,120.17293275305349,87.79403076923079,295.7609942915151,259.7066799999997,37.83221957040573,65.92,65.92,131.84,262.144,1.0996700000000001,1.0996700000000001,130.74033,131.84,0,557.9049942915151,560.1192295704054,0.9960468500954902,-0.003953149904509759,GPU,integer-crossing refinement,Analytical transfer and overlap terms; native scan and GPU operator costs unchanged
516,1024,1540,64.0,mq,88.02166153846154,120.48451495156536,88.02166153846154,296.5278380284885,259.85817299999974,37.93031026252983,66.048,66.048,132.096,262.144,1.0996700000000001,1.0996700000000001,130.99633,132.096,0,558.6718380284885,560.8808132625295,0.996061596007908,-0.003938403992092017,GPU,integer-crossing refinement,Analytical transfer and overlap terms; native scan and GPU operator costs unchanged
517,1024,1541,64.0,mq,88.24951384615386,120.79640039309281,88.24951384615386,297.29542808540054,260.0319669999997,38.02849642004773,66.176,66.176,132.352,262.144,1.0996700000000001,1.0996700000000001,131.25233,132.352,0,559.4394280854006,561.6647934200475,0.9960379120060269,-0.003962087993973176,GPU,integer-crossing refinement,Analytical transfer and overlap terms; native scan and GPU operator costs unchanged
518,1024,1542,64.0,mq,88.47758769230771,121.10858907763584,88.47758769230771,298.06376446225124,260.49029099999973,38.12677804295943,66.304,66.304,132.608,262.144,1.0996700000000001,1.0996700000000001,131.50833,132.608,0,560.2077644622512,562.7333990429591,0.9955118452450072,-0.004488154754992771,GPU,integer-crossing refinement,Analytical transfer and overlap terms; native scan and GPU operator costs unchanged
519,1024,1543,64.0,mq,88.70588307692309,121.42108100519444,88.70588307692309,298.8328471590406,260.66716099999974,38.22515513126492,66.432,66.432,132.864,262.144,1.0996700000000001,1.0996700000000001,131.76433,132.864,0,560.9768471590406,563.5206461312647,0.9954858815028553,-0.004514118497144687,GPU,integer-crossing refinement,Analytical transfer and overlap terms; native scan and GPU operator costs unchanged
520,1024,1544,64.0,mq,88.93440000000001,121.73387617576866,88.93440000000001,299.6026761757687,260.87171499999977,38.3236276849642,66.56,66.56,133.12,262.144,1.0996700000000001,1.0996700000000001,132.02033,133.12,0,561.7466761757687,564.335672684964,0.9954123110862768,-0.00458768891372321,GPU,supplement,Analytical transfer and overlap terms; native scan and GPU operator costs unchanged
521,1024,1545,64.0,mq,89.16313846153847,122.04697458935843,89.16313846153847,300.37325151243533,263.15564499999977,38.42219570405728,66.688,66.688,133.376,262.144,1.0996700000000001,1.0996700000000001,132.27633,133.376,0,562.5172515124353,567.2301707040571,0.9916913460619136,-0.008308653938086467,GPU,integer-crossing refinement,Analytical transfer and overlap terms; native scan and GPU operator costs unchanged
522,1024,1546,64.0,mq,89.39209846153847,122.36037624596379,89.39209846153847,301.1445731690407,263.57936399999977,38.52085918854415,66.816,66.816,133.632,262.144,1.0996700000000001,1.0996700000000001,132.53233,133.632,0,563.2885731690408,568.2645531885439,0.9912435502239533,-0.008756449776046765,GPU,integer-crossing refinement,Analytical transfer and overlap terms; native scan and GPU operator costs unchanged
523,1024,1547,64.0,mq,89.62128000000001,122.67408114558474,89.62128000000001,301.9166411455848,263.72009099999974,38.61961813842482,66.944,66.944,133.888,262.144,1.0996700000000001,1.0996700000000001,132.78833,133.888,0,564.0606411455848,569.0160391384245,0.9912912859181563,-0.008708714081843696,GPU,integer-crossing refinement,Analytical transfer and overlap terms; native scan and GPU operator costs unchanged
524,1024,1548,64.0,mq,89.85068307692309,122.98808928822127,89.85068307692309,302.68945544206747,263.87158399999976,38.718472553699286,67.072,67.072,134.144,262.144,1.0996700000000001,1.0996700000000001,133.04433,134.144,0,564.8334554420675,569.778386553699,0.9913213080237373,-0.008678691976262693,GPU,integer-crossing refinement,Analytical transfer and overlap terms; native scan and GPU operator costs unchanged
525,1024,1549,64.0,mq,90.0803076923077,123.30240067387338,90.0803076923077,303.4630160584888,264.04537799999974,38.81742243436754,67.2,67.2,134.4,262.144,1.0996700000000001,1.0996700000000001,133.30033,134.4,0,565.6070160584889,570.5631304343673,0.9913136441674643,-0.00868635583253576,GPU,integer-crossing refinement,Analytical transfer and overlap terms; native scan and GPU operator costs unchanged
526,1024,1550,64.0,mq,90.31015384615385,123.61701530254108,90.31015384615385,304.2373229948488,264.50370199999975,38.9164677804296,67.328,67.328,134.656,262.144,1.0996700000000001,1.0996700000000001,133.55633,134.656,0,566.3813229948488,571.6324997804294,0.9908137189757447,-0.009186281024255304,GPU,integer-crossing refinement,Analytical transfer and overlap terms; native scan and GPU operator costs unchanged
527,1024,1551,64.0,mq,90.54022153846155,123.93193317422437,90.54022153846155,305.0123762511475,264.68057199999976,39.015608591885446,67.456,67.456,134.912,262.144,1.0996700000000001,1.0996700000000001,133.81233,134.912,0,567.1563762511475,572.4205105918852,0.9908037286516961,-0.009196271348303921,GPU,integer-crossing refinement,Analytical transfer and overlap terms; native scan and GPU operator costs unchanged
528,1024,1552,64.0,mq,90.77051076923078,124.24715428892321,90.77051076923078,305.78817582738475,264.8851259999998,39.114844868735084,67.584,67.584,135.168,262.144,1.0996700000000001,1.0996700000000001,134.06833,135.168,0,567.9321758273848,573.2363008687348,0.9907470531204815,-0.009252946879518454,GPU,supplement,Analytical transfer and overlap terms; native scan and GPU operator costs unchanged
529,1024,1553,64.0,mq,91.00102153846154,124.56267864663765,91.00102153846154,306.56472172356075,267.89806800000025,39.21417661097852,67.712,67.712,135.424,262.144,1.0996700000000001,1.0996700000000001,134.32433,135.424,0,568.7087217235608,576.8605746109788,0.9858685907025013,-0.014131409297498728,GPU,integer-crossing refinement,Analytical transfer and overlap terms; native scan and GPU operator costs unchanged
530,1024,1554,64.0,mq,91.23175384615385,124.87850624736768,91.23175384615385,307.3420139396754,268.3248630000002,39.31360381861575,67.84,67.84,135.68,262.144,1.0996700000000001,1.0996700000000001,134.58033,135.68,0,569.4860139396753,577.898796818616,0.9854424634118399,-0.014557536588160053,GPU,integer-crossing refinement,Analytical transfer and overlap terms; native scan and GPU operator costs unchanged
531,1024,1555,64.0,mq,91.4627076923077,125.19463709111331,91.4627076923077,308.1200524757287,268.46097600000024,39.41312649164678,67.968,67.968,135.936,262.144,1.0996700000000001,1.0996700000000001,134.83633,135.936,0,570.2640524757287,578.646432491647,0.985513813712073,-0.014486186287926923,GPU,integer-crossing refinement,Analytical transfer and overlap terms; native scan and GPU operator costs unchanged
532,1024,1556,64.0,mq,91.69388307692309,125.5110711778745,91.69388307692309,308.8988373317207,268.60785500000026,39.512744630071595,68.096,68.096,136.192,262.144,1.0996700000000001,1.0996700000000001,135.09233,136.192,0,571.0428373317206,579.4049296300718,0.985567792280107,-0.014432207719892981,GPU,integer-crossing refinement,Analytical transfer and overlap terms; native scan and GPU operator costs unchanged
533,1024,1557,64.0,mq,91.92528,125.82780850765128,91.92528,309.67836850765127,268.78011100000026,39.612458233890216,68.224,68.224,136.448,262.144,1.0996700000000001,1.0996700000000001,135.34833,136.448,0,571.8223685076513,580.1888992338904,0.9855796435655927,-0.014420356434407347,GPU,integer-crossing refinement,Analytical transfer and overlap terms; native scan and GPU operator costs unchanged
534,1024,1558,64.0,mq,92.15689846153847,126.14484908044363,92.15689846153847,310.4586460035206,269.24151100000023,39.71226730310263,68.352,68.352,136.704,262.144,1.0996700000000001,1.0996700000000001,135.60433,136.704,0,572.6026460035206,581.2621083031029,0.9851023106858589,-0.014897689314141142,GPU,integer-crossing refinement,Analytical transfer and overlap terms; native scan and GPU operator costs unchanged
535,1024,1559,64.0,mq,92.38873846153847,126.46219289625158,92.38873846153847,311.2396698193285,269.42607100000026,39.812171837708824,68.48,68.48,136.96,262.144,1.0996700000000001,1.0996700000000001,135.86033,136.96,0,573.3836698193286,582.0585728377091,0.9850961682840822,-0.014903831715917833,GPU,integer-crossing refinement,Analytical transfer and overlap terms; native scan and GPU operator costs unchanged
536,1024,1560,64.0,mq,92.6208,126.77983995507513,92.6208,312.02143995507515,269.61985900000025,39.91217183770883,68.608,68.608,137.216,262.144,1.0996700000000001,1.0996700000000001,136.11633,137.216,0,574.1654399550752,582.8643608377091,0.9850755656596818,-0.014924434340318255,GPU,supplement,Analytical transfer and overlap terms; native scan and GPU operator costs unchanged
537,1024,1561,64.0,mq,92.8530830769231,127.09779025691422,92.8530830769231,312.8039564107604,271.92224500000026,40.012267303102625,68.736,68.736,137.472,262.144,1.0996700000000001,1.0996700000000001,136.37233,137.472,0,574.9479564107604,585.7788423031029,0.9815102815087026,-0.01848971849129747,GPU,integer-crossing refinement,Analytical transfer and overlap terms; native scan and GPU operator costs unchanged
538,1024,1562,64.0,mq,93.08558769230771,127.41604380176892,93.08558769230771,313.58721918638435,272.34904000000023,40.112458233890216,68.864,68.864,137.728,262.144,1.0996700000000001,1.0996700000000001,136.62833,137.728,0,575.7312191863844,586.8178282338904,0.9811072388838752,-0.018892761116124798,GPU,integer-crossing refinement,Analytical transfer and overlap terms; native scan and GPU operator costs unchanged
539,1024,1563,64.0,mq,93.31831384615386,127.7346005896392,93.31831384615386,314.3712282819469,272.48515300000025,40.2127446300716,68.992,68.992,137.984,262.144,1.0996700000000001,1.0996700000000001,136.88433,137.984,0,576.515228281947,587.5662276300718,0.9811919085399128,-0.01880809146008725,GPU,integer-crossing refinement,Analytical transfer and overlap terms; native scan and GPU operator costs unchanged
540,1024,1564,64.0,mq,93.55126153846156,128.05346062052507,93.55126153846156,315.1559836974482,272.63203200000027,40.31312649164678,69.12,69.12,138.24,262.144,1.0996700000000001,1.0996700000000001,137.14033,138.24,0,577.2999836974482,588.3254884916471,0.9812595153365424,-0.018740484663457617,GPU,integer-crossing refinement,Analytical transfer and overlap terms; native scan and GPU operator costs unchanged
541,1024,1565,64.0,mq,93.78443076923077,128.3726238944265,93.78443076923077,315.94148543288804,272.80428800000027,40.413603818615755,69.248,69.248,138.496,262.144,1.0996700000000001,1.0996700000000001,137.39633,138.496,0,578.085485432888,589.110221818616,0.9812857832415571,-0.018714216758442835,GPU,integer-crossing refinement,Analytical transfer and overlap terms; native scan and GPU operator costs unchanged
542,1024,1566,64.0,mq,94.01782153846155,128.69209041134354,94.01782153846155,316.7277334882666,273.26568800000024,40.51417661097852,69.376,69.376,138.752,262.144,1.0996700000000001,1.0996700000000001,137.65233,138.752,0,578.8717334882666,590.1841946109787,0.9808323211193944,-0.019167678880605596,GPU,integer-crossing refinement,Analytical transfer and overlap terms; native scan and GPU operator costs unchanged
543,1024,1567,64.0,mq,94.25143384615386,129.01186017127617,94.25143384615386,317.5147278635839,273.4502480000003,40.614844868735084,69.504,69.504,139.008,262.144,1.0996700000000001,1.0996700000000001,137.90833,139.008,0,579.6587278635839,590.9814228687353,0.9808408613756606,-0.019159138624339406,GPU,integer-crossing refinement,Analytical transfer and overlap terms; native scan and GPU operator costs unchanged
544,1024,1568,64.0,mq,94.4852676923077,129.33193317422436,94.4852676923077,318.3024685588398,273.64403600000026,40.71560859188544,69.632,69.632,139.264,262.144,1.0996700000000001,1.0996700000000001,138.16433,139.264,0,580.4464685588398,591.7879745918857,0.980835186722293,-0.019164813277707,GPU,supplement,Analytical transfer and overlap terms; native scan and GPU operator costs unchanged
545,1024,1569,64.0,mq,94.71932307692309,129.65230942018815,94.71932307692309,319.09095557403435,301.6925420000001,40.8164677804296,69.76,69.76,139.52,262.144,1.0996700000000001,1.0996700000000001,138.42033,139.52,0,581.2349555740343,620.4493397804297,0.9367967992031825,-0.06320320079681756,GPU,integer-crossing refinement,Analytical transfer and overlap terms; native scan and GPU operator costs unchanged
546,1024,1570,64.0,mq,94.95360000000001,129.9729889091675,94.95360000000001,319.8801889091675,302.1224130000001,40.917422434367545,69.888,69.888,139.776,262.144,1.0996700000000001,1.0996700000000001,138.67633,139.776,0,582.0241889091675,621.4921654343677,0.936494812452518,-0.06350518754748201,GPU,integer-crossing refinement,Analytical transfer and overlap terms; native scan and GPU operator costs unchanged
547,1024,1571,64.0,mq,95.18809846153847,130.29397164116244,95.18809846153847,320.67016856423936,302.2585260000001,41.01847255369928,70.016,70.016,140.032,262.144,1.0996700000000001,1.0996700000000001,138.93233,140.032,0,582.8141685642394,622.2413285536994,0.9366368671121506,-0.06336313288784946,GPU,integer-crossing refinement,Analytical transfer and overlap terms; native scan and GPU operator costs unchanged
548,1024,1572,64.0,mq,95.42281846153847,130.61525761617295,95.42281846153847,321.4608945392499,302.39771500000006,41.11961813842482,70.144,70.144,140.288,262.144,1.0996700000000001,1.0996700000000001,139.18833,140.288,0,583.6048945392499,622.9936631384248,0.9367750092340458,-0.06322499076595423,GPU,integer-crossing refinement,Analytical transfer and overlap terms; native scan and GPU operator costs unchanged
549,1024,1573,64.0,mq,95.65776000000001,130.93684683419906,95.65776000000001,322.25236683419905,302.5730470000001,41.22085918854415,70.272,70.272,140.544,262.144,1.0996700000000001,1.0996700000000001,139.44433,140.544,0,584.3963668341991,623.7822361885443,0.9368595848528773,-0.0631404151471227,GPU,integer-crossing refinement,Analytical transfer and overlap terms; native scan and GPU operator costs unchanged
550,1024,1574,64.0,mq,95.8929230769231,131.2587392952408,95.8929230769231,323.044585449087,303.0344470000001,41.32219570405728,70.4,70.4,140.8,262.144,1.0996700000000001,1.0996700000000001,139.70033,140.8,0,585.188585449087,624.8569727040574,0.9365160524922909,-0.06348394750770912,GPU,integer-crossing refinement,Analytical transfer and overlap terms; native scan and GPU operator costs unchanged
551,1024,1575,64.0,mq,96.1283076923077,131.58093499929805,96.1283076923077,323.8375503839135,303.20670300000006,41.4236276849642,70.528,70.528,141.056,262.144,1.0996700000000001,1.0996700000000001,139.95633,141.056,0,585.9815503839135,625.6426606849643,0.9366074074014883,-0.06339259259851168,GPU,integer-crossing refinement,Analytical transfer and overlap terms; native scan and GPU operator costs unchanged
552,1024,1576,64.0,mq,96.36391384615386,131.9034339463709,96.36391384615386,324.63126163867867,303.7742250000001,41.52515513126492,70.656,70.656,141.312,262.144,1.0996700000000001,1.0996700000000001,140.21233,141.312,0,586.7752616386787,626.823710131265,0.9361089125294899,-0.0638910874705101,GPU,supplement,Analytical transfer and overlap terms; native scan and GPU operator costs unchanged
553,1024,1577,64.0,mq,96.59974153846154,132.22623613645936,96.59974153846154,325.4257192133825,306.09506700000014,41.62677804295943,70.784,70.784,141.568,262.144,1.0996700000000001,1.0996700000000001,140.46833,141.568,0,587.5697192133825,629.7581750429596,0.9330084824596376,-0.0669915175403624,GPU,integer-crossing refinement,Analytical transfer and overlap terms; native scan and GPU operator costs unchanged
554,1024,1578,64.0,mq,96.83579076923078,132.54934156956338,96.83579076923078,326.220923108025,306.52493800000013,41.72849642004773,70.912,70.912,141.824,262.144,1.0996700000000001,1.0996700000000001,140.72433,141.824,0,588.364923108025,630.8017644200479,0.9327255507107864,-0.06727444928921351,GPU,integer-crossing refinement,Analytical transfer and overlap terms; native scan and GPU operator costs unchanged
555,1024,1579,64.0,mq,97.07206153846155,132.87275024568302,97.07206153846155,327.0168733226061,306.6610510000001,41.83031026252983,71.04,71.04,142.08,262.144,1.0996700000000001,1.0996700000000001,140.98033,142.08,0,589.1608733226061,631.55169126253,0.9328783082582192,-0.06712169174178081,GPU,integer-crossing refinement,Analytical transfer and overlap terms; native scan and GPU operator costs unchanged
556,1024,1580,64.0,mq,97.30855384615386,133.1964621648182,97.30855384615386,327.8135698571259,306.8002400000001,41.93221957040573,71.168,71.168,142.336,262.144,1.0996700000000001,1.0996700000000001,141.23633,142.336,0,589.9575698571259,632.3047895704058,0.9330272039500903,-0.0669727960499097,GPU,integer-crossing refinement,Analytical transfer and overlap terms; native scan and GPU operator costs unchanged
557,1024,1581,64.0,mq,97.5452676923077,133.52047732696897,97.5452676923077,328.6110127115844,306.9755720000001,42.03422434367542,71.296,71.296,142.592,262.144,1.0996700000000001,1.0996700000000001,141.49233,142.592,0,590.7550127115844,633.0941263436756,0.9331235090165607,-0.0668764909834393,GPU,integer-crossing refinement,Analytical transfer and overlap terms; native scan and GPU operator costs unchanged
558,1024,1582,64.0,mq,97.78220307692308,133.84479573213534,97.78220307692308,329.4092018859815,307.43697200000014,42.1363245823389,71.424,71.424,142.848,262.144,1.0996700000000001,1.0996700000000001,141.74833,142.848,0,591.5532018859815,634.1696265823391,0.9327996439595733,-0.06720035604042668,GPU,integer-crossing refinement,Analytical transfer and overlap terms; native scan and GPU operator costs unchanged
559,1024,1583,64.0,mq,98.01936,134.1694173803173,98.01936,330.20813738031734,307.6092280000001,42.23852028639618,71.552,71.552,143.104,262.144,1.0996700000000001,1.0996700000000001,142.00433,143.104,0,592.3521373803173,634.9560782863963,0.9329025386747105,-0.06709746132528947,GPU,integer-crossing refinement,Analytical transfer and overlap terms; native scan and GPU operator costs unchanged
560,1024,1584,64.0,mq,98.25673846153848,134.49434227151482,98.25673846153848,331.0078191945918,308.17675000000014,42.34081145584726,71.68,71.68,143.36,262.144,1.0996700000000001,1.0996700000000001,142.26033,143.36,0,593.1518191945918,636.1378914558475,0.9324264867120571,-0.0675735132879429,GPU,supplement,Analytical transfer and overlap terms; native scan and GPU operator costs unchanged
568,1024,1592,64.0,mq,100.16374153846155,137.10465814965607,100.16374153846155,337.4321412265792,313.3436609999998,43.16257756563246,72.704,72.704,145.408,262.144,1.0996700000000001,1.0996700000000001,144.30832999999998,145.408,0,599.5761412265792,646.2225685656322,0.9278167776736888,-0.07218322232631123,GPU,supplement,Analytical transfer and overlap terms; native scan and GPU operator costs unchanged
576,1024,1600,64.0,mq,102.08492307692309,139.73438158079463,102.08492307692309,343.9042277346408,317.75695199999984,43.99045346062052,73.728,73.728,147.456,262.144,1.0996700000000001,1.0996700000000001,146.35632999999999,147.456,0,606.0482277346408,655.5597354606203,0.9244744528258879,-0.0755255471741121,GPU,supplement,Analytical transfer and overlap terms; native scan and GPU operator costs unchanged
584,1024,1608,64.0,mq,104.02028307692309,142.38351256493053,104.02028307692309,350.4240787187767,323.1807090000003,44.82443914081146,74.752,74.752,149.504,262.144,1.0996700000000001,1.0996700000000001,148.40433,149.504,0,612.5680787187766,665.9134781408118,0.9198913955444,-0.08010860445560003,GPU,supplement,Analytical transfer and overlap terms; native scan and GPU operator costs unchanged
592,1024,1616,64.0,mq,105.96982153846156,145.05205110206376,105.96982153846156,356.9916941789869,327.60784200000035,45.66453460620525,75.776,75.776,151.552,262.144,1.0996700000000001,1.0996700000000001,150.45233,151.552,0,619.1356941789869,675.2767066062056,0.9168622108863028,-0.0831377891136972,GPU,supplement,Analytical transfer and overlap terms; native scan and GPU operator costs unchanged
600,1024,1624,64.0,mq,107.93353846153848,147.7399971921943,107.93353846153848,363.60707411527125,332.84242499999993,46.51073985680191,76.8,76.8,153.6,262.144,1.0996700000000001,1.0996700000000001,152.50033,153.6,0,625.7510741152712,685.4534948568019,0.9129008442009576,-0.08709915579904234,GPU,supplement,Analytical transfer and overlap terms; native scan and GPU operator costs unchanged
608,1024,1632,64.0,mq,109.91143384615387,150.4473508353222,109.91143384615387,370.27021852762994,337.28032399999995,47.36305489260143,77.824,77.824,155.648,262.144,1.0996700000000001,1.0996700000000001,154.54833,155.648,0,632.4142185276299,694.8397088926014,0.9101584299716234,-0.08984157002837657,GPU,supplement,Analytical transfer and overlap terms; native scan and GPU operator costs unchanged
616,1024,1640,64.0,mq,111.90350769230771,153.17411203144744,111.90350769230771,376.98112741606286,343.13933499999956,48.22147971360382,78.848,78.848,157.696,262.144,1.0996700000000001,1.0996700000000001,156.59633,157.696,0,639.1251274160629,705.6531447136033,0.9057213621225461,-0.0942786378774539,GPU,supplement,Analytical transfer and overlap terms; native scan and GPU operator costs unchanged
624,1024,1648,64.0,mq,113.90976,155.92028078057,113.90976,383.73980078057,347.59568999999954,49.08601431980907,79.872,79.872,159.744,262.144,1.0996700000000001,1.0996700000000001,158.64433,159.744,0,645.88380078057,715.0700343198085,0.9032455141193966,-0.09675448588060341,GPU,supplement,Analytical transfer and overlap terms; native scan and GPU operator costs unchanged
632,1024,1656,64.0,mq,115.93019076923079,158.6858570826899,115.93019076923079,390.5462386211515,352.1735470000006,49.95665871121719,80.896,80.896,161.792,262.144,1.0996700000000001,1.0996700000000001,160.69233,161.792,0,652.6902386211515,724.6145357112177,0.9007412996214992,-0.09925870037850085,GPU,supplement,Analytical transfer and overlap terms; native scan and GPU operator costs unchanged
640,1024,1664,64.0,mq,117.96480000000001,161.4708409378071,117.96480000000001,397.40044093780716,356.6314400000006,50.83341288782816,81.92,81.92,163.84,262.144,1.0996700000000001,1.0996700000000001,162.74033,163.84,0,659.5444409378072,734.0451828878287,0.8985065992028911,-0.1014934007971089,GPU,supplement,Analytical transfer and overlap terms; native scan and GPU operator costs unchanged
648,1024,1672,64.0,mq,120.01358769230771,164.2752323459217,120.01358769230771,404.3024077305371,366.2593200000001,51.71627684964201,82.944,82.944,165.888,262.144,1.0996700000000001,1.0996700000000001,164.78833,165.888,0,666.4464077305371,748.6519268496421,0.8901952747720436,-0.10980472522795634,GPU,supplement,Analytical transfer and overlap terms; native scan and GPU operator costs unchanged
656,1024,1680,64.0,mq,122.07655384615386,167.09903130703356,122.07655384615386,411.25213899934124,370.78104000000013,52.605250596658706,83.968,83.968,167.936,262.144,1.0996700000000001,1.0996700000000001,166.83633,167.936,0,673.3961389993412,758.1586205966588,0.8881995412376755,-0.11180045876232447,GPU,supplement,Analytical transfer and overlap terms; native scan and GPU operator costs unchanged
664,1024,1688,64.0,mq,124.15369846153847,169.94223782114278,124.15369846153847,418.2496347442197,376.51547300000027,53.50033412887828,84.992,84.992,169.984,262.144,1.0996700000000001,1.0996700000000001,168.88433,169.984,0,680.3936347442198,768.8841371288786,0.884910485063335,-0.11508951493666499,GPU,supplement,Analytical transfer and overlap terms; native scan and GPU operator costs unchanged
672,1024,1696,64.0,mq,126.24502153846156,172.80485188824935,126.24502153846156,425.2948949651725,381.0518040000003,54.40152744630072,86.016,86.016,172.032,262.144,1.0996700000000001,1.0996700000000001,170.93233,172.032,0,687.4388949651725,778.417661446301,0.8831234554569459,-0.11687654454305403,GPU,supplement,Analytical transfer and overlap terms; native scan and GPU operator costs unchanged
680,1024,1704,64.0,mq,128.35052307692308,175.68687350835322,128.35052307692308,432.38791966219935,387.6798150000003,55.30883054892601,87.04,87.04,174.08,262.144,1.0996700000000001,1.0996700000000001,172.98033,174.08,0,694.5319196621994,790.0489755489264,0.8790998294499885,-0.12090017055001143,GPU,supplement,Analytical transfer and overlap terms; native scan and GPU operator costs unchanged
688,1024,1712,64.0,mq,130.4702030769231,178.58830268145445,130.4702030769231,439.5287088353007,392.2407540000003,56.22224343675418,88.064,88.064,176.128,262.144,1.0996700000000001,1.0996700000000001,175.02832999999998,176.128,0,701.6727088353007,799.6193274367545,0.8775084402781637,-0.12249155972183631,GPU,supplement,Analytical transfer and overlap terms; native scan and GPU operator costs unchanged
696,1024,1720,64.0,mq,132.60406153846156,181.50913940755302,132.60406153846156,446.7172624844761,398.94258900000045,57.1417661097852,89.088,89.088,178.176,262.144,1.0996700000000001,1.0996700000000001,177.07632999999998,178.176,0,708.8612624844761,811.3366851097855,0.8736955637455946,-0.1263044362544053,GPU,supplement,Analytical transfer and overlap terms; native scan and GPU operator costs unchanged
704,1024,1728,64.0,mq,134.75209846153848,184.4493836866489,134.75209846153848,453.95358060972586,403.5281360000005,58.067398568019094,90.112,90.112,180.224,262.144,1.0996700000000001,1.0996700000000001,179.12433,180.224,0,716.0975806097258,820.9438645680196,0.872285684218538,-0.127714315781462,GPU,supplement,Analytical transfer and overlap terms; native scan and GPU operator costs unchanged
712,1024,1736,64.0,mq,136.91431384615387,187.40903551874212,136.91431384615387,461.23766321104983,410.44067700000016,58.999140811455845,91.136,91.136,182.272,262.144,1.0996700000000001,1.0996700000000001,181.17233,182.272,0,723.3816632110498,832.884147811456,0.868526151100195,-0.13147384889980498,GPU,supplement,Analytical transfer and overlap terms; native scan and GPU operator costs unchanged
720,1024,1744,64.0,mq,139.09070769230772,190.38809490383267,139.09070769230772,468.5695102884481,415.05237000000017,59.93699284009546,92.16,92.16,184.32,262.144,1.0996700000000001,1.0996700000000001,183.22033,184.32,0,730.7135102884481,842.5296928400957,0.8672851728528109,-0.13271482714718902,GPU,supplement,Analytical transfer and overlap terms; native scan and GPU operator costs unchanged
728,1024,1752,64.0,mq,141.28128,193.38656184192055,141.28128,475.9491218419206,423.8628029999996,60.88095465393795,93.184,93.184,186.368,262.144,1.0996700000000001,1.0996700000000001,185.26833,186.368,0,738.0931218419206,856.3800876539375,0.8618756233157343,-0.13812437668426564,GPU,supplement,Analytical transfer and overlap terms; native scan and GPU operator costs unchanged
736,1024,1760,64.0,mq,143.48603076923078,196.40443633300578,143.48603076923078,483.37649787146734,428.52063599999957,61.83102625298329,94.208,94.208,188.416,262.144,1.0996700000000001,1.0996700000000001,187.31633,188.416,0,745.5204978714673,866.0839922529829,0.8607946856656612,-0.13920531433433878,GPU,supplement,Analytical transfer and overlap terms; native scan and GPU operator costs unchanged
744,1024,1768,64.0,mq,145.70496,199.44171837708834,145.70496,490.8516383770883,435.4670129999996,62.7872076372315,95.232,95.232,190.464,262.144,1.0996700000000001,1.0996700000000001,189.36433,190.464,0,752.9956383770883,878.0825506372312,0.8575453843498355,-0.14245461565016448,GPU,supplement,Analytical transfer and overlap terms; native scan and GPU operator costs unchanged
752,1024,1776,64.0,mq,147.9380676923077,202.4984079741682,147.9380676923077,498.37454335878357,440.1494539999996,63.74949880668258,96.256,96.256,192.512,262.144,1.0996700000000001,1.0996700000000001,191.41233,192.512,0,760.5185433587835,887.8232828066822,0.8566102715334867,-0.14338972846651338,GPU,supplement,Analytical transfer and overlap terms; native scan and GPU operator costs unchanged
760,1024,1784,64.0,mq,150.18535384615387,205.5745051242454,150.18535384615387,505.9452128165531,447.16965499999964,64.71789976133653,97.28,97.28,194.56,262.144,1.0996700000000001,1.0996700000000001,193.46033,194.56,0,768.0892128165531,899.9078847613362,0.8535198166646327,-0.14648018333536728,GPU,supplement,Analytical transfer and overlap terms; native scan and GPU operator costs unchanged
768,1024,1792,64.0,mq,152.4468184615385,208.67000982731997,152.4468184615385,513.563646750397,451.8767039999996,65.69241050119332,98.304,98.304,196.608,262.144,1.0996700000000001,1.0996700000000001,195.50833,196.608,0,775.707646750397,909.6854445011929,0.8527207414819528,-0.1472792585180473,GPU,original sweep,Analytical transfer and overlap terms; native scan and GPU operator costs unchanged
776,1024,1800,64.0,mq,154.72246153846157,211.78492208339185,154.72246153846157,521.229845160315,486.64473199999946,66.67303102625299,99.328,99.328,198.656,262.144,1.0996700000000001,1.0996700000000001,197.55633,198.656,0,783.373845160315,949.5300930262524,0.8250121306462442,-0.17498786935375577,GPU,supplement,Analytical transfer and overlap terms; native scan and GPU operator costs unchanged
784,1024,1808,64.0,mq,157.0122830769231,214.91924189246106,157.0122830769231,528.9438080463073,491.66168799999946,67.65976133651552,100.352,100.352,200.704,262.144,1.0996700000000001,1.0996700000000001,199.60433,200.704,0,791.0878080463073,959.629779336515,0.8243677145922492,-0.17563228540775078,GPU,supplement,Analytical transfer and overlap terms; native scan and GPU operator costs unchanged
792,1024,1816,64.0,mq,159.3162830769231,218.0729692545276,159.3162830769231,536.7055354083739,497.7444779999994,68.65260143198091,101.376,101.376,202.752,262.144,1.0996700000000001,1.0996700000000001,201.65233,202.752,0,798.8495354083739,970.8014094319802,0.8228763654924892,-0.17712363450751076,GPU,supplement,Analytical transfer and overlap terms; native scan and GPU operator costs unchanged
800,1024,1824,64.0,mq,161.63446153846155,221.24610416959146,161.63446153846155,544.5150272465146,502.7721999999994,69.65155131264916,102.4,102.4,204.8,262.144,1.0996700000000001,1.0996700000000001,203.70033,204.8,0,806.6590272465146,980.9240813126486,0.8223460333108178,-0.17765396668918226,GPU,supplement,Analytical transfer and overlap terms; native scan and GPU operator costs unchanged
808,1024,1832,64.0,mq,163.96681846153848,224.43864663765268,163.96681846153848,552.3722835607296,509.1979639999995,70.65661097852028,103.424,103.424,206.848,262.144,1.0996700000000001,1.0996700000000001,205.74833,206.848,0,814.5162835607296,992.4509049785197,0.8207119157983525,-0.17928808420164755,GPU,supplement,Analytical transfer and overlap terms; native scan and GPU operator costs unchanged
816,1024,1840,64.0,mq,166.31335384615386,227.65059665871124,166.31335384615386,560.277304351019,514.2395279999995,71.66778042959427,104.448,104.448,208.896,262.144,1.0996700000000001,1.0996700000000001,207.79632999999998,208.896,0,822.421304351019,1002.5996384295937,0.820288849933365,-0.17971115006663502,GPU,supplement,Analytical transfer and overlap terms; native scan and GPU operator costs unchanged
824,1024,1848,64.0,mq,168.67406769230772,230.8819542327671,168.67406769230772,568.2300896173825,520.3899899999994,72.68505966587112,105.472,105.472,210.944,262.144,1.0996700000000001,1.0996700000000001,209.84432999999999,210.944,0,830.3740896173825,1013.8633796658705,0.8190197084453738,-0.18098029155462625,GPU,supplement,Analytical transfer and overlap terms; native scan and GPU operator costs unchanged
832,1024,1856,64.0,mq,171.04896000000002,234.13271935982033,171.04896000000002,576.2306393598203,525.4423199999994,73.70844868735082,106.496,106.496,212.992,262.144,1.0996700000000001,1.0996700000000001,211.89233,212.992,0,838.3746393598203,1024.0350986873502,0.8186971720349068,-0.1813028279650932,GPU,supplement,Analytical transfer and overlap terms; native scan and GPU operator costs unchanged
840,1024,1864,64.0,mq,173.4380307692308,237.40289203987084,173.4380307692308,584.2789535783324,531.9480599999997,74.7379474940334,107.52,107.52,215.04,262.144,1.0996700000000001,1.0996700000000001,213.94033,215.04,0,846.4229535783325,1035.666337494033,0.8172737907330208,-0.18272620926697924,GPU,supplement,Analytical transfer and overlap terms; native scan and GPU operator costs unchanged
848,1024,1872,64.0,mq,175.84128000000004,240.69247227291874,175.84128000000004,592.3750322729188,537.0142319999998,75.77355608591886,108.544,108.544,217.088,262.144,1.0996700000000001,1.0996700000000001,215.98833,217.088,0,854.5190322729188,1045.8641180859186,0.817045940764094,-0.18295405923590602,GPU,supplement,Analytical transfer and overlap terms; native scan and GPU operator costs unchanged
856,1024,1880,64.0,mq,178.25870769230772,244.00146005896394,178.25870769230772,600.5188754435794,543.2323659999997,76.81527446300716,109.568,109.568,219.136,262.144,1.0996700000000001,1.0996700000000001,218.03633,219.136,0,862.6628754435794,1057.2199704630068,0.8159729285720723,-0.1840270714279277,GPU,supplement,Analytical transfer and overlap terms; native scan and GPU operator costs unchanged
864,1024,1888,64.0,mq,180.69031384615388,247.32985539800646,180.69031384615388,608.7104830903143,548.3093039999998,77.86310262529832,110.592,110.592,221.184,262.144,1.0996700000000001,1.0996700000000001,220.08433,221.184,0,870.8544830903143,1067.440736625298,0.8158340348181866,-0.18416596518181333,GPU,supplement,Analytical transfer and overlap terms; native scan and GPU operator costs unchanged
872,1024,1896,64.0,mq,183.1360984615385,250.6776582900463,183.1360984615385,616.9498552131233,556.0685139999995,78.91704057279236,111.616,111.616,223.232,262.144,1.0996700000000001,1.0996700000000001,222.13233,223.232,0,879.0938552131233,1080.3498845727918,0.8137121758112168,-0.1862878241887832,GPU,supplement,Analytical transfer and overlap terms; native scan and GPU operator costs unchanged
880,1024,1904,64.0,mq,185.59606153846156,254.04486873508353,185.59606153846156,625.2369918120066,561.1700599999995,79.97708830548926,112.64,112.64,225.28,262.144,1.0996700000000001,1.0996700000000001,224.18033,225.28,0,887.3809918120066,1090.6074783054887,0.8136575344144518,-0.18634246558554823,GPU,supplement,Analytical transfer and overlap terms; native scan and GPU operator costs unchanged
888,1024,1912,64.0,mq,188.0702030769231,257.4314867331181,188.0702030769231,633.5718928869643,569.0030940000001,81.04324582338901,113.664,113.664,227.328,262.144,1.0996700000000001,1.0996700000000001,226.22833,227.328,0,895.7158928869643,1103.602669823389,0.8116289651875406,-0.18837103481245943,GPU,supplement,Analytical transfer and overlap terms; native scan and GPU operator costs unchanged
896,1024,1920,64.0,mq,190.5585230769231,260.83751228414997,190.5585230769231,641.9545584379962,574.1292480000002,82.11551312649165,114.688,114.688,229.376,262.144,1.0996700000000001,1.0996700000000001,228.27633,229.376,0,904.0985584379962,1113.897091126492,0.8116535770137213,-0.1883464229862787,GPU,supplement,Analytical transfer and overlap terms; native scan and GPU operator costs unchanged
1024,1024,2048,64.0,mq,232.29991384615388,317.9733483082971,232.29991384615388,782.5731760006049,684.102400000002,100.10272076372314,131.072,131.072,262.144,262.144,1.0996700000000001,1.0996700000000001,261.04433,262.144,0,1044.717176000605,1307.3934507637252,0.7990839906612078,-0.20091600933879214,GPU,original sweep,Analytical transfer and overlap terms; native scan and GPU operator costs unchanged
1280,1024,2304,64.0,mq,326.67175384615393,447.1500210585428,326.67175384615393,1100.4935287508506,958.9737600000033,140.7694510739857,163.84,163.84,327.68,262.144,1.0996700000000001,1.0996700000000001,326.58033,327.68,0,1362.6375287508506,1754.003541073989,0.7768727353403733,-0.22312726465962673,GPU,supplement,Analytical transfer and overlap terms; native scan and GPU operator costs unchanged
1536,1024,2560,64.0,mq,435.5623384615385,596.200028078057,435.5623384615385,1467.324705001134,1269.3298559999976,187.6926014319809,196.608,196.608,393.216,262.144,1.0996700000000001,1.0996700000000001,392.11633,393.216,0,1729.468705001134,2242.3547874319784,0.77127344642093,-0.22872655357906996,GPU,supplement,Analytical transfer and overlap terms; native scan and GPU operator costs unchanged
1552,1024,2576,64.0,mq,442.8500676923078,606.175510318686,442.8500676923078,1491.8756457033014,1286.4308779999972,190.83303102625297,198.656,198.656,397.312,262.144,1.0996700000000001,1.0996700000000001,396.21233,397.312,0,1754.0196457033014,2270.7882390262503,0.7724276599457167,-0.22757234005428326,GPU,upper-crossing refinement,Analytical transfer and overlap terms; native scan and GPU operator costs unchanged
1568,1024,2592,64.0,mq,450.1945107692308,616.2286227713042,450.1945107692308,1516.6176443097659,1302.7075320000024,193.99789976133653,200.704,200.704,401.408,262.144,1.0996700000000001,1.0996700000000001,400.30833,401.408,0,1778.7616443097659,2298.421761761339,0.7739056747124843,-0.22609432528751572,GPU,upper-crossing refinement,Analytical transfer and overlap terms; native scan and GPU operator costs unchanged
1584,1024,2608,64.0,mq,457.59566769230776,626.3593654359119,457.59566769230776,1541.5507008205273,1318.436657999995,197.1872076372315,202.752,202.752,405.504,262.144,1.0996700000000001,1.0996700000000001,404.40433,405.504,0,1803.6947008205273,2325.5321956372263,0.7756051299587754,-0.22439487004122458,GPU,upper-crossing refinement,Analytical transfer and overlap terms; native scan and GPU operator costs unchanged
1600,1024,2624,64.0,mq,465.05353846153855,636.5677383125088,465.05353846153855,1566.6748152355858,1334.2149999999958,200.40095465393796,204.8,204.8,409.6,262.144,1.0996700000000001,1.0996700000000001,408.50033,409.6,0,1828.8188152355858,2352.716284653934,0.77732229217965,-0.22267770782035004,GPU,upper-crossing refinement,Analytical transfer and overlap terms; native scan and GPU operator costs unchanged
1616,1024,2640,64.0,mq,472.56812307692314,646.8537414010951,472.56812307692314,1591.9899875549413,1350.0425579999987,203.63914081145583,206.848,206.848,413.696,262.144,1.0996700000000001,1.0996700000000001,412.59633,413.696,0,1854.1339875549413,2379.9740288114544,0.7790563951997768,-0.22094360480022324,GPU,upper-crossing refinement,Analytical transfer and overlap terms; native scan and GPU operator costs unchanged
1632,1024,2656,64.0,mq,480.1394215384616,657.2173747016707,480.1394215384616,1617.496217778594,1365.9193319999972,206.9017661097852,208.896,208.896,417.792,262.144,1.0996700000000001,1.0996700000000001,416.69232999999997,417.792,0,1879.640217778594,2407.3054281097825,0.7808067043883536,-0.21919329561164638,GPU,upper-crossing refinement,Analytical transfer and overlap terms; native scan and GPU operator costs unchanged
1648,1024,2672,64.0,mq,487.7674338461539,667.6586382142356,487.7674338461539,1643.1935059065434,1381.8453220000004,210.188830548926,210.944,210.944,421.888,262.144,1.0996700000000001,1.0996700000000001,420.78833,421.888,0,1905.3375059065434,2434.7104825489264,0.7825725151155646,-0.21742748488443536,GPU,upper-crossing refinement,Analytical transfer and overlap terms; native scan and GPU operator costs unchanged
1664,1024,2688,64.0,mq,495.4521600000001,678.1775319387899,495.4521600000001,1669.0818519387901,1397.8205280000022,213.50033412887828,212.992,212.992,425.984,262.144,1.0996700000000001,1.0996700000000001,424.88433,425.984,0,1931.2258519387901,2462.18919212888,0.7843531512982543,-0.2156468487017457,GPU,upper-crossing refinement,Analytical transfer and overlap terms; native scan and GPU operator costs unchanged
1680,1024,2704,64.0,mq,503.19360000000006,688.7740558753335,503.19360000000006,1695.1612558753336,1413.6834599999947,216.83627684964202,215.04,215.04,430.08,262.144,1.0996700000000001,1.0996700000000001,428.98033,430.08,0,1957.3052558753336,2489.5800668496368,0.7861989585866768,-0.2138010414133232,GPU,upper-crossing refinement,Analytical transfer and overlap terms; native scan and GPU operator costs unchanged
1696,1024,2720,64.0,mq,510.9917538461539,699.4482100238664,510.9917538461539,1721.4317177161743,1432.3640079999955,220.1966587112172,217.088,217.088,434.176,262.144,1.0996700000000001,1.0996700000000001,433.07633,434.176,0,1983.5757177161743,2519.8129967112127,0.7871916369607904,-0.2128083630392096,GPU,upper-crossing refinement,Analytical transfer and overlap terms; native scan and GPU operator costs unchanged
1712,1024,2736,64.0,mq,518.8466215384617,710.1999943843887,518.8466215384617,1747.893237461312,1451.1429880000019,223.5814797136038,219.136,219.136,438.272,262.144,1.0996700000000001,1.0996700000000001,437.17233,438.272,0,2010.037237461312,2550.1687977136057,0.7881977221521347,-0.21180227784786526,GPU,upper-crossing refinement,Analytical transfer and overlap terms; native scan and GPU operator costs unchanged
1728,1024,2752,64.0,mq,526.7582030769231,721.0294089569003,526.7582030769231,1774.5458151107464,1470.0204000000026,226.9907398568019,221.184,221.184,442.368,262.144,1.0996700000000001,1.0996700000000001,441.26833,442.368,0,2036.6898151107464,2580.6474698568045,0.7892165973463081,-0.21078340265369191,GPU,upper-crossing refinement,Analytical transfer and overlap terms; native scan and GPU operator costs unchanged
1744,1024,2768,64.0,mq,534.7264984615385,731.9364537414011,534.7264984615385,1801.3894506644783,1488.9962439999942,230.42443914081144,223.232,223.232,446.464,262.144,1.0996700000000001,1.0996700000000001,445.36433,446.464,0,2063.5334506644786,2611.2490131408053,0.7902476708578875,-0.20975232914211256,GPU,upper-crossing refinement,Analytical transfer and overlap terms; native scan and GPU operator costs unchanged
1760,1024,2784,64.0,mq,542.7515076923078,742.9211287378913,542.7515076923078,1828.4241441225067,1512.807560000007,233.88257756563246,225.28,225.28,450.56,262.144,1.0996700000000001,1.0996700000000001,449.46033,450.56,0,2090.568144122507,2646.710467565639,0.7898741361178602,-0.21012586388213986,GPU,upper-crossing refinement,Analytical transfer and overlap terms; native scan and GPU operator costs unchanged
1776,1024,2800,64.0,mq,550.8332307692308,753.983433946371,550.8332307692308,1855.6498954848325,1532.0233320000073,237.3651551312649,227.328,227.328,454.656,262.144,1.0996700000000001,1.0996700000000001,453.55633,454.656,0,2117.7938954848323,2677.600817131272,0.7909296568537032,-0.20907034314629674,GPU,upper-crossing refinement,Analytical transfer and overlap terms; native scan and GPU operator costs unchanged
1792,1024,2816,64.0,mq,558.9716676923077,765.1233693668399,558.9716676923077,1883.0667047514553,1551.3375359999993,240.87217183770883,229.376,229.376,458.752,262.144,1.0996700000000001,1.0996700000000001,457.65233,458.752,0,2145.2107047514555,2708.614037837708,0.7919957124876977,-0.20800428751230227,GPU,supplement,Analytical transfer and overlap terms; native scan and GPU operator costs unchanged
2048,1024,3072,64.0,mq,696.8997415384616,953.9200449248913,696.8997415384616,2347.7195280018145,1939.1104000000041,300.3081622911694,262.144,262.144,524.288,262.144,1.0996700000000001,1.0996700000000001,523.1883300000001,524.288,0,2609.8635280018143,3286.8948922911736,0.7940209874440416,-0.20597901255595844,GPU,supplement,Analytical transfer and overlap terms; native scan and GPU operator costs unchanged
1,1024,1025,300.0,mq,10.033780710374844,0.15541204548645235,10.033780710374844,20.22297346623614,1.54569,0.04892601431980907,0.02730666666666667,0.02730666666666667,0.05461333333333334,55.92405333333334,0.736702,0.05461333333333334,0,0.05461333333333334,0,76.14702679956949,1.6492293476531426,46.17127806264598,0.9783415135564758,PIM,original sweep,Analytical transfer and overlap terms; native scan and GPU operator costs unchanged
2,1024,1026,300.0,mq,10.131045907623193,0.311127333988488,10.131045907623193,20.573219149234873,1.849445,0.09794749403341288,0.05461333333333334,0.05461333333333334,0.10922666666666668,55.92405333333334,0.856666,0.10922666666666668,0,0.10922666666666668,0,76.4972724825682,2.0566191607000794,37.19564319167789,0.9731151308542572,PIM,original sweep,Analytical transfer and overlap terms; native scan and GPU operator costs unchanged
4,1024,1028,300.0,mq,10.326031166643268,0.6234676400393093,10.326031166643268,21.275529973325845,2.0924490000000002,0.19627684964200476,0.10922666666666668,0.10922666666666668,0.21845333333333336,55.92405333333334,0.9058820000000001,0.21845333333333336,0,0.21845333333333336,0,77.19958330665918,2.5071791829753383,30.791410454774244,0.967523410417695,PIM,original sweep,Analytical transfer and overlap terms; native scan and GPU operator costs unchanged
8,1024,1032,300.0,mq,10.71782114277692,1.2517871683279518,10.71782114277692,22.68742945388179,2.8406860000000003,0.39408114558472557,0.21845333333333336,0.21845333333333336,0.4369066666666667,55.92405333333334,1.0996700000000001,0.4369066666666667,0,0.4369066666666667,0,78.61148278721512,3.6716738122513926,21.410257775325697,0.9532934161515583,PIM,original sweep,Analytical transfer and overlap terms; native scan and GPU operator costs unchanged
12,1024,1036,300.0,mq,11.112037063035238,1.8849585848659274,11.112037063035238,24.109032710936404,4.933135,0.5934128878281623,0.32768,0.32768,0.65536,55.92405333333334,1.0996700000000001,0.65536,0,0.65536,0,80.03308604426974,6.181907887828162,12.946340757009741,0.9227580967650219,PIM,original sweep,Analytical transfer and overlap terms; native scan and GPU operator costs unchanged
16,1024,1040,300.0,mq,11.508678927418224,2.522981889653236,11.508678927418224,25.540339744489685,5.6813720000000005,0.794272076372315,0.4369066666666667,0.4369066666666667,0.8738133333333334,55.92405333333334,1.0996700000000001,0.8738133333333334,0,0.8738133333333334,0,81.46439307782302,7.349457409705649,11.08440916607553,0.9097831932205681,PIM,original sweep,Analytical transfer and overlap terms; native scan and GPU operator costs unchanged
24,1024,1048,300.0,mq,12.309240488558192,3.813584163975853,12.309240488558192,28.432065141092238,8.554356,1.2005727923627685,0.65536,0.65536,1.31072,55.92405333333334,1.0996700000000001,1.0996700000000001,0.21104999999999996,1.31072,0,84.35611847442559,11.276698792362769,7.480568562455212,0.866320321556977,PIM,original sweep,Analytical transfer and overlap terms; native scan and GPU operator costs unchanged
32,1024,1056,300.0,mq,13.119505826196828,5.123593991295802,13.119505826196828,31.36260564368946,11.405808,1.612983293556086,0.8738133333333334,0.8738133333333334,1.7476266666666669,55.92405333333334,1.0996700000000001,1.0996700000000001,0.6479566666666667,1.7476266666666669,0,87.2866589770228,15.41437462688942,5.662679225711605,0.8234051479625646,PIM,original sweep,Analytical transfer and overlap terms; native scan and GPU operator costs unchanged
48,1024,1072,300.0,mq,14.769147830970098,7.801836304927699,14.769147830970098,37.340131966867894,17.21022,2.456133651551313,1.31072,1.31072,2.62144,55.92405333333334,1.0996700000000001,1.0996700000000001,1.52177,2.62144,0,93.26418530020123,23.80956365155131,3.9170892278878284,0.744708393957311,PIM,original sweep,Analytical transfer and overlap terms; native scan and GPU operator costs unchanged
51,1024,1075,300.0,mq,15.082776919837148,8.312649164677804,15.082776919837148,38.478203004352096,19.300361999999996,2.616945107398568,1.39264,1.39264,2.78528,55.92405333333334,1.0996700000000001,1.0996700000000001,1.68561,2.78528,0,94.40225633768543,26.388197107398565,3.5774424434330716,0.7204706949693491,PIM,original sweep,Analytical transfer and overlap terms; native scan and GPU operator costs unchanged
52,1024,1076,300.0,mq,15.187623192475083,8.483526603959007,15.187623192475083,38.85877298890917,19.414942999999997,2.670739856801909,1.4199466666666667,1.4199466666666667,2.8398933333333334,55.92405333333334,1.0996700000000001,1.0996700000000001,1.7402233333333332,2.8398933333333334,0,94.78282632224251,26.66579952346857,3.5544715709283023,0.7186642289731873,PIM,supplement,Analytical transfer and overlap terms; native scan and GPU operator costs unchanged
53,1024,1077,300.0,mq,15.292621086620805,8.654707286255793,15.292621086620805,39.2399494594974,19.5326,2.7246300715990457,1.4472533333333333,1.4472533333333333,2.8945066666666666,55.92405333333334,1.0996700000000001,1.0996700000000001,1.7948366666666664,2.8945066666666666,0,95.16400279283074,26.946573404932376,3.5315808567857334,0.7168406896082935,PIM,integer-crossing refinement,Analytical transfer and overlap terms; native scan and GPU operator costs unchanged
54,1024,1078,300.0,mq,15.397770602274326,8.82619121156816,15.397770602274326,39.621732416116814,19.854810999999998,2.778615751789976,1.4745599999999999,1.4745599999999999,2.9491199999999997,55.92405333333334,1.0996700000000001,1.0996700000000001,1.8494499999999996,2.9491199999999997,0,95.54578574945015,27.431996751789974,3.4830051422784476,0.7128916096443549,PIM,integer-crossing refinement,Analytical transfer and overlap terms; native scan and GPU operator costs unchanged
55,1024,1079,300.0,mq,15.503071739435631,8.997978379896113,15.503071739435631,40.00412185876738,20.008611,2.8326968973747015,1.5018666666666665,1.5018666666666665,3.003733333333333,55.92405333333334,1.0996700000000001,1.0996700000000001,1.9040633333333328,3.003733333333333,0,95.92817519210072,27.749104564041367,3.4569827278826537,0.7107304031534795,PIM,integer-crossing refinement,Analytical transfer and overlap terms; native scan and GPU operator costs unchanged
56,1024,1080,300.0,mq,15.608524498104732,9.170068791239647,15.608524498104732,40.387117787449114,20.153951999999997,2.8868735083532218,1.5291733333333335,1.5291733333333335,3.058346666666667,55.92405333333334,1.0996700000000001,1.0996700000000001,1.9586766666666668,3.058346666666667,0,96.31117112078246,28.05784884168655,3.4325928428871393,0.7086750320323735,PIM,supplement,Analytical transfer and overlap terms; native scan and GPU operator costs unchanged
60,1024,1084,300.0,mq,16.03185174785905,9.861462866769621,16.03185174785905,41.92516636248772,22.294078999999996,3.1045346062052506,1.6384,1.6384,3.2768,55.92405333333334,1.0996700000000001,1.0996700000000001,2.17713,3.2768,0,97.84921969582106,30.852543606205245,3.171512240441046,0.6846930031520436,PIM,supplement,Analytical transfer and overlap terms; native scan and GPU operator costs unchanged
64,1024,1088,300.0,mq,16.457604941738033,10.557708830548926,16.457604941738033,43.47291871402499,23.033087999999996,3.323723150357995,1.7476266666666669,1.7476266666666669,3.4952533333333338,55.92405333333334,1.0996700000000001,1.0996700000000001,2.3955833333333336,3.4952533333333338,0,99.39697204735833,32.24764781702466,3.0823014630816954,0.6755671007597691,PIM,original sweep,Analytical transfer and overlap terms; native scan and GPU operator costs unchanged
96,1024,1120,300.0,mq,19.9509644812579,16.302344517759373,19.9509644812579,56.20427348027517,34.844928,5.132219570405728,2.62144,2.62144,5.24288,55.92405333333334,1.0996700000000001,1.0996700000000001,4.14321,5.24288,0,112.12832681360851,49.36323757040573,2.271494584480653,0.5597612220463926,PIM,original sweep,Analytical transfer and overlap terms; native scan and GPU operator costs unchanged
128,1024,1152,300.0,mq,23.599584444756424,22.357501052927137,23.599584444756424,69.55666994243998,47.23505599999999,7.038472553699283,3.4952533333333338,3.4952533333333338,6.9905066666666675,55.92405333333334,1.0996700000000001,1.0996700000000001,5.890836666666667,6.9905066666666675,0,125.48072327577333,67.15487188703261,1.868527476113066,0.46481921578150276,PIM,original sweep,Analytical transfer and overlap terms; native scan and GPU operator costs unchanged
160,1024,1184,300.0,mq,27.403464832233613,28.72317843605223,27.403464832233613,83.53010810051946,59.98199999999998,9.042482100238663,4.369066666666667,4.369066666666667,8.738133333333334,55.92405333333334,1.0996700000000001,1.0996700000000001,7.638463333333334,8.738133333333334,0,139.4541614338528,85.4010787669053,1.6329320829129172,0.3876046588440206,PIM,original sweep,Analytical transfer and overlap terms; native scan and GPU operator costs unchanged
192,1024,1216,300.0,mq,31.36260564368946,35.39937666713463,31.36260564368946,98.12458795451356,73.15958400000001,11.144248210023866,5.24288,5.24288,10.48576,55.92405333333334,1.0996700000000001,1.0996700000000001,9.386090000000001,10.48576,0,154.0486412878469,104.17568221002387,1.4787389726642386,0.3237481269609716,PIM,original sweep,Analytical transfer and overlap terms; native scan and GPU operator costs unchanged
200,1024,1224,300.0,mq,32.37665028780008,37.11694510739857,32.37665028780008,101.87024568299873,76.88077500000003,11.684964200477328,5.461333333333333,5.461333333333333,10.922666666666666,55.92405333333334,1.0996700000000001,1.0996700000000001,9.822996666666667,10.922666666666666,0,157.79429901633208,109.31140253381069,1.44353009254936,0.30725379043956014,PIM,original sweep,Analytical transfer and overlap terms; native scan and GPU operator costs unchanged
224,1024,1248,300.0,mq,35.47700687912396,42.38609574617437,35.47700687912396,113.34010950442229,87.31226000000005,13.343770883054892,6.116693333333334,6.116693333333334,12.233386666666668,55.92405333333334,1.0996700000000001,1.0996700000000001,11.133716666666668,12.233386666666668,0,169.26416283775563,124.02313421638829,1.3647789495662435,0.26728060956844196,PIM,original sweep,Analytical transfer and overlap terms; native scan and GPU operator costs unchanged
256,1024,1280,300.0,mq,39.746668538537136,49.68333567317142,39.746668538537136,129.1766727502457,101.38495999999998,15.64105011933174,6.9905066666666675,6.9905066666666675,13.981013333333335,55.92405333333334,1.0996700000000001,1.0996700000000001,12.881343333333335,13.981013333333335,0,185.10072608357905,143.88836678599841,1.286418980339632,0.2226482854474158,PIM,original sweep,Analytical transfer and overlap terms; native scan and GPU operator costs unchanged
320,1024,1344,300.0,mq,48.75177312929945,65.20937807103749,48.75177312929945,162.7129243296364,138.17391999999998,20.528878281622912,8.738133333333334,8.738133333333334,17.476266666666668,55.92405333333334,1.0996700000000001,1.0996700000000001,16.376596666666668,17.476266666666668,0,218.63697766296974,192.55566161495625,1.135448191080286,0.11929050761128798,PIM,original sweep,Analytical transfer and overlap terms; native scan and GPU operator costs unchanged
384,1024,1408,300.0,mq,59.88982153846154,81.97750386073284,59.88982153846154,201.75714693765593,169.31534400000004,25.807732696897375,10.48576,10.48576,20.97152,55.92405333333334,1.0996700000000001,1.0996700000000001,19.871850000000002,20.97152,0,257.6812002709893,235.9664466968974,1.092024751307057,0.08426984021828388,PIM,original sweep,Analytical transfer and overlap terms; native scan and GPU operator costs unchanged
480,1024,1504,300.0,mq,79.96652307692308,109.45859890495579,79.96652307692308,269.39164505880194,221.6104200000002,34.459188544152745,13.1072,13.1072,26.2144,55.92405333333334,1.0996700000000001,1.0996700000000001,25.11473,26.2144,0,325.3156983921353,307.398738544153,1.0582857299051955,0.055075607898839266,PIM,supplement,Analytical transfer and overlap terms; native scan and GPU operator costs unchanged
488,1024,1512,300.0,mq,81.73174153846155,111.8748392531237,81.73174153846155,275.3383223300468,226.85192400000014,35.21985680190931,13.325653333333333,13.325653333333333,26.651306666666667,55.92405333333334,1.0996700000000001,1.0996700000000001,25.551636666666667,26.651306666666667,0,331.26237566338017,314.27472413524276,1.0540535086774176,0.05128156040696815,PIM,supplement,Analytical transfer and overlap terms; native scan and GPU operator costs unchanged
496,1024,1520,300.0,mq,83.51113846153847,114.31048715428894,83.51113846153847,281.3327640773659,230.57080800000014,35.98663484486874,13.544106666666666,13.544106666666666,27.088213333333332,55.92405333333334,1.0996700000000001,1.0996700000000001,25.988543333333332,27.088213333333332,0,337.2568174106992,319.63419951153554,1.0551337057364154,0.0522528144411192,PIM,supplement,Analytical transfer and overlap terms; native scan and GPU operator costs unchanged
504,1024,1528,300.0,mq,85.30471384615386,116.76554260845151,85.30471384615386,287.37497030075923,235.83999600000018,36.75952267303103,13.762559999999999,13.762559999999999,27.525119999999998,55.92405333333334,1.0996700000000001,1.0996700000000001,26.425449999999998,27.525119999999998,0,343.2990236340926,326.5500886730312,1.0512905540130837,0.0487881811715064,PIM,supplement,Analytical transfer and overlap terms; native scan and GPU operator costs unchanged
512,1024,1536,300.0,mq,87.1124676923077,119.24000561561141,87.1124676923077,293.4649410002268,239.5834880000002,37.53852028639618,13.981013333333335,13.981013333333335,27.96202666666667,55.92405333333334,1.0996700000000001,1.0996700000000001,26.86235666666667,27.96202666666667,0,349.38899433356016,331.94639161972975,1.0525464447096995,0.04992316013588577,PIM,original sweep,Analytical transfer and overlap terms; native scan and GPU operator costs unchanged
513,1024,1537,300.0,mq,87.33943384615385,119.55067808507653,87.33943384615385,294.2295457773842,259.14223399999975,37.6363245823389,14.00832,14.00832,28.01664,55.92405333333334,1.0996700000000001,1.0996700000000001,26.91697,28.01664,0,350.15359911071755,351.7121685823386,0.9955686222688761,-0.004431377731123898,GPU,integer-crossing refinement,Analytical transfer and overlap terms; native scan and GPU operator costs unchanged
514,1024,1538,300.0,mq,87.56662153846155,119.86165379755721,87.56662153846155,294.99489687448033,259.56595299999975,37.73422434367542,14.035626666666667,14.035626666666667,28.071253333333335,55.92405333333334,1.0996700000000001,1.0996700000000001,26.971583333333335,28.071253333333335,0,350.9189502078137,352.34301401034185,0.9959583027166635,-0.004041697283336426,GPU,integer-crossing refinement,Analytical transfer and overlap terms; native scan and GPU operator costs unchanged
515,1024,1539,300.0,mq,87.79403076923079,120.17293275305349,87.79403076923079,295.7609942915151,259.7066799999997,37.83221957040573,14.062933333333332,14.062933333333332,28.125866666666663,55.92405333333334,1.0996700000000001,1.0996700000000001,27.026196666666664,28.125866666666663,0,351.68504762484844,352.69096290373875,0.9971478847356663,-0.0028521152643337265,GPU,integer-crossing refinement,Analytical transfer and overlap terms; native scan and GPU operator costs unchanged
516,1024,1540,300.0,mq,88.02166153846154,120.48451495156536,88.02166153846154,296.5278380284885,259.85817299999974,37.93031026252983,14.09024,14.09024,28.18048,55.92405333333334,1.0996700000000001,1.0996700000000001,27.08081,28.18048,0,352.4518913618218,353.0497732625295,0.9983065223490085,-0.0016934776509914852,GPU,integer-crossing refinement,Analytical transfer and overlap terms; native scan and GPU operator costs unchanged
517,1024,1541,300.0,mq,88.24951384615386,120.79640039309281,88.24951384615386,297.29542808540054,260.0319669999997,38.02849642004773,14.117546666666668,14.117546666666668,28.235093333333335,55.92405333333334,1.0996700000000001,1.0996700000000001,27.135423333333335,28.235093333333335,0,353.2194814187339,353.4309800867141,0.9994015842416295,-0.0005984157583704676,GPU,integer-crossing refinement,Analytical transfer and overlap terms; native scan and GPU operator costs unchanged
518,1024,1542,300.0,mq,88.47758769230771,121.10858907763584,88.47758769230771,298.06376446225124,260.49029099999973,38.12677804295943,14.144853333333332,14.144853333333332,28.289706666666664,55.92405333333334,1.0996700000000001,1.0996700000000001,27.190036666666664,28.289706666666664,0,353.9878177955846,354.0968123762925,0.999692189884522,-0.0003078101154779734,GPU,integer-crossing refinement,Analytical transfer and overlap terms; native scan and GPU operator costs unchanged
519,1024,1543,300.0,mq,88.70588307692309,121.42108100519444,88.70588307692309,298.8328471590406,260.66716099999974,38.22515513126492,14.17216,14.17216,28.34432,55.92405333333334,1.0996700000000001,1.0996700000000001,27.24465,28.34432,0,354.756900492374,354.4812861312646,1.000777514559703,0.000776910500477498,PIM,integer-crossing refinement,Analytical transfer and overlap terms; native scan and GPU operator costs unchanged
520,1024,1544,300.0,mq,88.93440000000001,121.73387617576866,88.93440000000001,299.6026761757687,260.87171499999977,38.3236276849642,14.199466666666668,14.199466666666668,28.398933333333336,55.92405333333334,1.0996700000000001,1.0996700000000001,27.299263333333336,28.398933333333336,0,355.52672950910204,354.89353935163064,1.0017841692994136,0.001780991708684433,PIM,supplement,Analytical transfer and overlap terms; native scan and GPU operator costs unchanged
521,1024,1545,300.0,mq,89.16313846153847,122.04697458935843,89.16313846153847,300.37325151243533,263.15564499999977,38.42219570405728,14.226773333333332,14.226773333333332,28.453546666666664,55.92405333333334,1.0996700000000001,1.0996700000000001,27.353876666666665,28.453546666666664,0,356.2973048457687,357.3852640373904,0.9969557804948894,-0.003044219505110626,GPU,integer-crossing refinement,Analytical transfer and overlap terms; native scan and GPU operator costs unchanged
522,1024,1546,300.0,mq,89.39209846153847,122.36037624596379,89.39209846153847,301.1445731690407,263.57936399999977,38.52085918854415,14.25408,14.25408,28.50816,55.92405333333334,1.0996700000000001,1.0996700000000001,27.40849,28.50816,0,357.06862650237406,358.01687318854385,0.997351391073486,-0.002648608926513966,GPU,integer-crossing refinement,Analytical transfer and overlap terms; native scan and GPU operator costs unchanged
523,1024,1547,300.0,mq,89.62128000000001,122.67408114558474,89.62128000000001,301.9166411455848,263.72009099999974,38.61961813842482,14.281386666666668,14.281386666666668,28.562773333333336,55.92405333333334,1.0996700000000001,1.0996700000000001,27.463103333333336,28.562773333333336,0,357.8406944789181,358.3655858050912,0.9985353188281351,-0.001464681171864967,GPU,integer-crossing refinement,Analytical transfer and overlap terms; native scan and GPU operator costs unchanged
524,1024,1548,300.0,mq,89.85068307692309,122.98808928822127,89.85068307692309,302.68945544206747,263.87158399999976,38.718472553699286,14.308693333333332,14.308693333333332,28.617386666666665,55.92405333333334,1.0996700000000001,1.0996700000000001,27.517716666666665,28.617386666666665,0,358.6135087754008,358.72515988703236,0.9996887558384064,-0.00031124416159353187,GPU,integer-crossing refinement,Analytical transfer and overlap terms; native scan and GPU operator costs unchanged
525,1024,1549,300.0,mq,90.0803076923077,123.30240067387338,90.0803076923077,303.4630160584888,264.04537799999974,38.81742243436754,14.336,14.336,28.672,55.92405333333334,1.0996700000000001,1.0996700000000001,27.57233,28.672,0,359.38706939182214,359.1071304343673,1.0007795416290293,0.0007789344172247151,PIM,integer-crossing refinement,Analytical transfer and overlap terms; native scan and GPU operator costs unchanged
526,1024,1550,300.0,mq,90.31015384615385,123.61701530254108,90.31015384615385,304.2373229948488,264.50370199999975,38.9164677804296,14.363306666666666,14.363306666666666,28.726613333333333,55.92405333333334,1.0996700000000001,1.0996700000000001,27.626943333333333,28.726613333333333,0,360.16137632818214,359.773726447096,1.0010774824635316,0.0010763227446490642,PIM,integer-crossing refinement,Analytical transfer and overlap terms; native scan and GPU operator costs unchanged
527,1024,1551,300.0,mq,90.54022153846155,123.93193317422437,90.54022153846155,305.0123762511475,264.68057199999976,39.015608591885446,14.390613333333333,14.390613333333333,28.781226666666665,55.92405333333334,1.0996700000000001,1.0996700000000001,27.681556666666665,28.781226666666665,0,360.93642958448083,360.15896392521853,1.0021586736334118,0.0021540237990311556,PIM,integer-crossing refinement,Analytical transfer and overlap terms; native scan and GPU operator costs unchanged
528,1024,1552,300.0,mq,90.77051076923078,124.24715428892321,90.77051076923078,305.78817582738475,264.8851259999998,39.114844868735084,14.41792,14.41792,28.83584,55.92405333333334,1.0996700000000001,1.0996700000000001,27.73617,28.83584,0,361.7122291607181,360.5719808687349,1.0031623319405905,0.0031523631220014858,PIM,supplement,Analytical transfer and overlap terms; native scan and GPU operator costs unchanged
529,1024,1553,300.0,mq,91.00102153846154,124.56267864663765,91.00102153846154,306.56472172356075,267.89806800000025,39.21417661097852,14.445226666666667,14.445226666666667,28.890453333333333,55.92405333333334,1.0996700000000001,1.0996700000000001,27.790783333333334,28.890453333333333,0,362.4887750568941,363.7934812776454,0.9964136074781517,-0.003586392521848318,GPU,integer-crossing refinement,Analytical transfer and overlap terms; native scan and GPU operator costs unchanged
530,1024,1554,300.0,mq,91.23175384615385,124.87850624736768,91.23175384615385,307.3420139396754,268.3248630000002,39.31360381861575,14.472533333333333,14.472533333333333,28.945066666666666,55.92405333333334,1.0996700000000001,1.0996700000000001,27.845396666666666,28.945066666666666,0,363.26606727300873,364.4289301519493,0.9968090818737806,-0.0031909181262193666,GPU,integer-crossing refinement,Analytical transfer and overlap terms; native scan and GPU operator costs unchanged
531,1024,1555,300.0,mq,91.4627076923077,125.19463709111331,91.4627076923077,308.1200524757287,268.46097600000024,39.41312649164678,14.49984,14.49984,28.99968,55.92405333333334,1.0996700000000001,1.0996700000000001,27.90001,28.99968,0,364.04410580906205,364.77379249164704,0.9979996186743549,-0.0020003813256450065,GPU,integer-crossing refinement,Analytical transfer and overlap terms; native scan and GPU operator costs unchanged
532,1024,1556,300.0,mq,91.69388307692309,125.5110711778745,91.69388307692309,308.8988373317207,268.60785500000026,39.512744630071595,14.527146666666667,14.527146666666667,29.054293333333334,55.92405333333334,1.0996700000000001,1.0996700000000001,27.954623333333334,29.054293333333334,0,364.82289066505405,365.12951629673853,0.9991602277602907,-0.0008397722397092929,GPU,integer-crossing refinement,Analytical transfer and overlap terms; native scan and GPU operator costs unchanged
533,1024,1557,300.0,mq,91.92528,125.82780850765128,91.92528,309.67836850765127,268.78011100000026,39.612458233890216,14.554453333333333,14.554453333333333,29.108906666666666,55.92405333333334,1.0996700000000001,1.0996700000000001,28.009236666666666,29.108906666666666,0,365.6024218409846,365.5107125672238,1.000250907211766,0.0002508442731288292,PIM,integer-crossing refinement,Analytical transfer and overlap terms; native scan and GPU operator costs unchanged
534,1024,1558,300.0,mq,92.15689846153847,126.14484908044363,92.15689846153847,310.4586460035206,269.24151100000023,39.71226730310263,14.581760000000001,14.581760000000001,29.163520000000002,55.92405333333334,1.0996700000000001,1.0996700000000001,28.063850000000002,29.163520000000002,0,366.38269933685393,366.1811483031029,1.000550413462531,0.0005501106742099527,PIM,integer-crossing refinement,Analytical transfer and overlap terms; native scan and GPU operator costs unchanged
535,1024,1559,300.0,mq,92.38873846153847,126.46219289625158,92.38873846153847,311.2396698193285,269.42607100000026,39.812171837708824,14.609066666666667,14.609066666666667,29.218133333333334,55.92405333333334,1.0996700000000001,1.0996700000000001,28.118463333333334,29.218133333333334,0,367.1637231526619,366.5748395043758,1.0016064486288319,0.001603872090710936,PIM,integer-crossing refinement,Analytical transfer and overlap terms; native scan and GPU operator costs unchanged
536,1024,1560,300.0,mq,92.6208,126.77983995507513,92.6208,312.02143995507515,269.61985900000025,39.91217183770883,14.636373333333333,14.636373333333333,29.272746666666666,55.92405333333334,1.0996700000000001,1.0996700000000001,28.173076666666667,29.272746666666666,0,367.9454932884085,366.9778541710424,1.0026367779591274,0.0026298436453674277,PIM,supplement,Analytical transfer and overlap terms; native scan and GPU operator costs unchanged
537,1024,1561,300.0,mq,92.8530830769231,127.09779025691422,92.8530830769231,312.8039564107604,271.92224500000026,40.012267303102625,14.663680000000001,14.663680000000001,29.327360000000002,55.92405333333334,1.0996700000000001,1.0996700000000001,28.227690000000003,29.327360000000002,0,368.72800974409375,369.4895623031029,0.99793890643551,-0.0020610935644899842,GPU,integer-crossing refinement,Analytical transfer and overlap terms; native scan and GPU operator costs unchanged
538,1024,1562,300.0,mq,93.08558769230771,127.41604380176892,93.08558769230771,313.58721918638435,272.34904000000023,40.112458233890216,14.690986666666666,14.690986666666666,29.38197333333333,55.92405333333334,1.0996700000000001,1.0996700000000001,28.28230333333333,29.38197333333333,0,369.5112725197177,370.12577490055713,0.998339747127839,-0.0016602528721609301,GPU,integer-crossing refinement,Analytical transfer and overlap terms; native scan and GPU operator costs unchanged
539,1024,1563,300.0,mq,93.31831384615386,127.7346005896392,93.31831384615386,314.3712282819469,272.48515300000025,40.2127446300716,14.718293333333333,14.718293333333333,29.436586666666667,55.92405333333334,1.0996700000000001,1.0996700000000001,28.336916666666667,29.436586666666667,0,370.29528161528026,370.47140096340513,0.9995246074388823,-0.000475392561117742,GPU,integer-crossing refinement,Analytical transfer and overlap terms; native scan and GPU operator costs unchanged
540,1024,1564,300.0,mq,93.55126153846156,128.05346062052507,93.55126153846156,315.1559836974482,272.63203200000027,40.31312649164678,14.7456,14.7456,29.4912,55.92405333333334,1.0996700000000001,1.0996700000000001,28.39153,29.4912,0,371.08003703078157,370.827888491647,1.0006799611004453,0.0006794990675115469,PIM,integer-crossing refinement,Analytical transfer and overlap terms; native scan and GPU operator costs unchanged
541,1024,1565,300.0,mq,93.78443076923077,128.3726238944265,93.78443076923077,315.94148543288804,272.80428800000027,40.413603818615755,14.772906666666666,14.772906666666666,29.54581333333333,55.92405333333334,1.0996700000000001,1.0996700000000001,28.446143333333332,29.54581333333333,0,371.8655387662214,371.2098484852827,1.0017663601426907,0.0017632456159130917,PIM,integer-crossing refinement,Analytical transfer and overlap terms; native scan and GPU operator costs unchanged
542,1024,1566,300.0,mq,94.01782153846155,128.69209041134354,94.01782153846155,316.7277334882666,273.26568800000024,40.51417661097852,14.800213333333334,14.800213333333334,29.600426666666667,55.92405333333334,1.0996700000000001,1.0996700000000001,28.500756666666668,29.600426666666667,0,372.65178682159996,371.8810479443121,1.0020725414256746,0.002068254881753236,PIM,integer-crossing refinement,Analytical transfer and overlap terms; native scan and GPU operator costs unchanged
543,1024,1567,300.0,mq,94.25143384615386,129.01186017127617,94.25143384615386,317.5147278635839,273.4502480000003,40.614844868735084,14.82752,14.82752,29.65504,55.92405333333334,1.0996700000000001,1.0996700000000001,28.55537,29.65504,0,373.43878119691726,372.2755028687353,1.0031247780722012,0.0031150442502342565,PIM,integer-crossing refinement,Analytical transfer and overlap terms; native scan and GPU operator costs unchanged
544,1024,1568,300.0,mq,94.4852676923077,129.33193317422436,94.4852676923077,318.3024685588398,273.64403600000026,40.71560859188544,14.854826666666666,14.854826666666666,29.709653333333332,55.92405333333334,1.0996700000000001,1.0996700000000001,28.609983333333332,29.709653333333332,0,374.22652189217314,372.67928125855235,1.0041516679660745,0.004134502882899889,PIM,supplement,Analytical transfer and overlap terms; native scan and GPU operator costs unchanged
545,1024,1569,300.0,mq,94.71932307692309,129.65230942018815,94.71932307692309,319.09095557403435,301.6925420000001,40.8164677804296,14.882133333333334,14.882133333333334,29.764266666666668,55.92405333333334,1.0996700000000001,1.0996700000000001,28.664596666666668,29.764266666666668,0,375.0150089073677,400.9378731137631,0.9353444362712026,-0.06465556372879738,GPU,integer-crossing refinement,Analytical transfer and overlap terms; native scan and GPU operator costs unchanged
546,1024,1570,300.0,mq,94.95360000000001,129.9729889091675,94.95360000000001,319.8801889091675,302.1224130000001,40.917422434367545,14.90944,14.90944,29.81888,55.92405333333334,1.0996700000000001,1.0996700000000001,28.71921,29.81888,0,375.80424224250083,401.5779254343676,0.9358189742028559,-0.06418102579714416,GPU,integer-crossing refinement,Analytical transfer and overlap terms; native scan and GPU operator costs unchanged
547,1024,1571,300.0,mq,95.18809846153847,130.29397164116244,95.18809846153847,320.67016856423936,302.2585260000001,41.01847255369928,14.936746666666666,14.936746666666666,29.873493333333332,55.92405333333334,1.0996700000000001,1.0996700000000001,28.773823333333333,29.873493333333332,0,376.5942218975727,401.924315220366,0.9369779524065237,-0.06302204759347634,GPU,integer-crossing refinement,Analytical transfer and overlap terms; native scan and GPU operator costs unchanged
548,1024,1572,300.0,mq,95.42281846153847,130.61525761617295,95.42281846153847,321.4608945392499,302.39771500000006,41.11961813842482,14.964053333333334,14.964053333333334,29.928106666666668,55.92405333333334,1.0996700000000001,1.0996700000000001,28.82843666666667,29.928106666666668,0,377.38494787258327,402.27387647175823,0.9381293937914402,-0.06187060620855975,GPU,integer-crossing refinement,Analytical transfer and overlap terms; native scan and GPU operator costs unchanged
549,1024,1573,300.0,mq,95.65776000000001,130.93684683419906,95.65776000000001,322.25236683419905,302.5730470000001,41.22085918854415,14.99136,14.99136,29.98272,55.92405333333334,1.0996700000000001,1.0996700000000001,28.88305,29.98272,0,378.1764201675324,402.65967618854427,0.9391961562857174,-0.06080384371428256,GPU,integer-crossing refinement,Analytical transfer and overlap terms; native scan and GPU operator costs unchanged
550,1024,1574,300.0,mq,95.8929230769231,131.2587392952408,95.8929230769231,323.044585449087,303.0344470000001,41.32219570405728,15.018666666666666,15.018666666666666,30.037333333333333,55.92405333333334,1.0996700000000001,1.0996700000000001,28.937663333333333,30.037333333333333,0,378.9686387824203,403.331639370724,0.9395956126171636,-0.06040438738283642,GPU,integer-crossing refinement,Analytical transfer and overlap terms; native scan and GPU operator costs unchanged
551,1024,1575,300.0,mq,96.1283076923077,131.58093499929805,96.1283076923077,323.8375503839135,303.20670300000006,41.4236276849642,15.045973333333333,15.045973333333333,30.091946666666665,55.92405333333334,1.0996700000000001,1.0996700000000001,28.992276666666665,30.091946666666665,0,379.7616037172468,403.71455401829763,0.9406685984871251,-0.05933140151287481,GPU,integer-crossing refinement,Analytical transfer and overlap terms; native scan and GPU operator costs unchanged
552,1024,1576,300.0,mq,96.36391384615386,131.9034339463709,96.36391384615386,324.63126163867867,303.7742250000001,41.52515513126492,15.07328,15.07328,30.14656,55.92405333333334,1.0996700000000001,1.0996700000000001,29.04689,30.14656,0,380.555314972012,404.49283013126507,0.9408209160308604,-0.059179083969139595,GPU,supplement,Analytical transfer and overlap terms; native scan and GPU operator costs unchanged
553,1024,1577,300.0,mq,96.59974153846154,132.22623613645936,96.59974153846154,325.4257192133825,306.09506700000014,41.62677804295943,15.100586666666667,15.100586666666667,30.201173333333333,55.92405333333334,1.0996700000000001,1.0996700000000001,29.101503333333334,30.201173333333333,0,381.3497725467158,407.0245217096262,0.9369208787346064,-0.06307912126539365,GPU,integer-crossing refinement,Analytical transfer and overlap terms; native scan and GPU operator costs unchanged
554,1024,1578,300.0,mq,96.83579076923078,132.54934156956338,96.83579076923078,326.220923108025,306.52493800000013,41.72849642004773,15.127893333333333,15.127893333333333,30.255786666666665,55.92405333333334,1.0996700000000001,1.0996700000000001,29.156116666666666,30.255786666666665,0,382.1449764413583,407.6653377533812,0.9373987461071279,-0.06260125389287212,GPU,integer-crossing refinement,Analytical transfer and overlap terms; native scan and GPU operator costs unchanged
555,1024,1579,300.0,mq,97.07206153846155,132.87275024568302,97.07206153846155,327.0168733226061,306.6610510000001,41.83031026252983,15.1552,15.1552,30.3104,55.92405333333334,1.0996700000000001,1.0996700000000001,29.21073,30.3104,0,382.94092665593945,408.01249126253,0.9385519680316391,-0.06144803196836093,GPU,integer-crossing refinement,Analytical transfer and overlap terms; native scan and GPU operator costs unchanged
556,1024,1580,300.0,mq,97.30855384615386,133.1964621648182,97.30855384615386,327.8135698571259,306.8002400000001,41.93221957040573,15.182506666666667,15.182506666666667,30.365013333333334,55.92405333333334,1.0996700000000001,1.0996700000000001,29.265343333333334,30.365013333333334,0,383.73762319045926,408.3628162370725,0.9396977587883094,-0.06030224121169058,GPU,integer-crossing refinement,Analytical transfer and overlap terms; native scan and GPU operator costs unchanged
557,1024,1581,300.0,mq,97.5452676923077,133.52047732696897,97.5452676923077,328.6110127115844,306.9755720000001,42.03422434367542,15.209813333333333,15.209813333333333,30.419626666666666,55.92405333333334,1.0996700000000001,1.0996700000000001,29.319956666666666,30.419626666666666,0,384.53506604491776,408.74937967700885,0.9407599990702736,-0.059240000929726394,GPU,integer-crossing refinement,Analytical transfer and overlap terms; native scan and GPU operator costs unchanged
558,1024,1582,300.0,mq,97.78220307692308,133.84479573213534,97.78220307692308,329.4092018859815,307.43697200000014,42.1363245823389,15.23712,15.23712,30.47424,55.92405333333334,1.0996700000000001,1.0996700000000001,29.374570000000002,30.47424,0,385.3332552193148,409.42210658233904,0.9411637745599365,-0.05883622544006353,GPU,integer-crossing refinement,Analytical transfer and overlap terms; native scan and GPU operator costs unchanged
559,1024,1583,300.0,mq,98.01936,134.1694173803173,98.01936,330.20813738031734,307.6092280000001,42.23852028639618,15.264426666666667,15.264426666666667,30.528853333333334,55.92405333333334,1.0996700000000001,1.0996700000000001,29.429183333333334,30.528853333333334,0,386.1321907136507,409.805784953063,0.9422321618956069,-0.05776783810439315,GPU,integer-crossing refinement,Analytical transfer and overlap terms; native scan and GPU operator costs unchanged
560,1024,1584,300.0,mq,98.25673846153848,134.49434227151482,98.25673846153848,331.0078191945918,308.17675000000014,42.34081145584726,15.291733333333333,15.291733333333333,30.583466666666666,55.92405333333334,1.0996700000000001,1.0996700000000001,29.483796666666667,30.583466666666666,0,386.9318725279251,410.5848247891807,0.9423920446319456,-0.057607955368054416,GPU,supplement,Analytical transfer and overlap terms; native scan and GPU operator costs unchanged
568,1024,1592,300.0,mq,100.16374153846155,137.10465814965607,100.16374153846155,337.4321412265792,313.3436609999998,43.16257756563246,15.510186666666666,15.510186666666666,31.020373333333332,55.92405333333334,1.0996700000000001,1.0996700000000001,29.920703333333332,31.020373333333332,0,393.3561945599125,417.44731523229893,0.9422894343949001,-0.057710565605099906,GPU,supplement,Analytical transfer and overlap terms; native scan and GPU operator costs unchanged
576,1024,1600,300.0,mq,102.08492307692309,139.73438158079463,102.08492307692309,343.9042277346408,317.75695199999984,43.99045346062052,15.728639999999999,15.728639999999999,31.457279999999997,55.92405333333334,1.0996700000000001,1.0996700000000001,30.357609999999998,31.457279999999997,0,399.82828106797416,423.56229546062036,0.9439657055242945,-0.05603429447570555,GPU,supplement,Analytical transfer and overlap terms; native scan and GPU operator costs unchanged
584,1024,1608,300.0,mq,104.02028307692309,142.38351256493053,104.02028307692309,350.4240787187767,323.1807090000003,44.82443914081146,15.947093333333335,15.947093333333335,31.89418666666667,55.92405333333334,1.0996700000000001,1.0996700000000001,30.79451666666667,31.89418666666667,0,406.34813205211003,430.6938514741451,0.9434732598603243,-0.05652674013967568,GPU,supplement,Analytical transfer and overlap terms; native scan and GPU operator costs unchanged
592,1024,1616,300.0,mq,105.96982153846156,145.05205110206376,105.96982153846156,356.9916941789869,327.60784200000035,45.66453460620525,16.165546666666668,16.165546666666668,32.331093333333335,55.92405333333334,1.0996700000000001,1.0996700000000001,31.231423333333336,32.331093333333335,0,412.91574751232025,436.8348932728723,0.9452444250015285,-0.05475557499847151,GPU,supplement,Analytical transfer and overlap terms; native scan and GPU operator costs unchanged
600,1024,1624,300.0,mq,107.93353846153848,147.7399971921943,107.93353846153848,363.60707411527125,332.84242499999993,46.51073985680191,16.384,16.384,32.768,55.92405333333334,1.0996700000000001,1.0996700000000001,31.66833,32.768,0,419.5311274486046,443.7894948568019,0.9453381215884238,-0.0546618784115762,GPU,supplement,Analytical transfer and overlap terms; native scan and GPU operator costs unchanged
608,1024,1632,300.0,mq,109.91143384615387,150.4473508353222,109.91143384615387,370.27021852762994,337.28032399999995,47.36305489260143,16.602453333333333,16.602453333333333,33.204906666666666,55.92405333333334,1.0996700000000001,1.0996700000000001,32.10523666666666,33.204906666666666,0,426.1942718609633,449.9535222259347,0.9471962120722299,-0.052803787927770046,GPU,supplement,Analytical transfer and overlap terms; native scan and GPU operator costs unchanged
616,1024,1640,300.0,mq,111.90350769230771,153.17411203144744,111.90350769230771,376.98112741606286,343.13933499999956,48.22147971360382,16.820906666666666,16.820906666666666,33.64181333333333,55.92405333333334,1.0996700000000001,1.0996700000000001,32.54214333333333,33.64181333333333,0,432.9051807493962,457.54477138027005,0.9461482412823911,-0.05385175871760892,GPU,supplement,Analytical transfer and overlap terms; native scan and GPU operator costs unchanged
624,1024,1648,300.0,mq,113.90976,155.92028078057,113.90976,383.73980078057,347.59568999999954,49.08601431980907,17.039360000000002,17.039360000000002,34.078720000000004,55.92405333333334,1.0996700000000001,1.0996700000000001,32.97905,34.078720000000004,0,439.66385411390337,463.73947431980855,0.9480837376606376,-0.051916262339362376,GPU,supplement,Analytical transfer and overlap terms; native scan and GPU operator costs unchanged
632,1024,1656,300.0,mq,115.93019076923079,158.6858570826899,115.93019076923079,390.5462386211515,352.1735470000006,49.95665871121719,17.25781333333333,17.25781333333333,34.51562666666666,55.92405333333334,1.0996700000000001,1.0996700000000001,33.41595666666666,34.51562666666666,0,446.4702919544848,470.0617890445511,0.9498119233685886,-0.050188076631411456,GPU,supplement,Analytical transfer and overlap terms; native scan and GPU operator costs unchanged
640,1024,1664,300.0,mq,117.96480000000001,161.4708409378071,117.96480000000001,397.40044093780716,356.6314400000006,50.83341288782816,17.476266666666668,17.476266666666668,34.952533333333335,55.92405333333334,1.0996700000000001,1.0996700000000001,33.85286333333333,34.952533333333335,0,453.3244942711405,476.2702495544955,0.9518219848818639,-0.04817801511813617,GPU,supplement,Analytical transfer and overlap terms; native scan and GPU operator costs unchanged
648,1024,1672,300.0,mq,120.01358769230771,164.2752323459217,120.01358769230771,404.3024077305371,366.2593200000001,51.71627684964201,17.69472,17.69472,35.38944,55.92405333333334,1.0996700000000001,1.0996700000000001,34.28977,35.38944,0,460.22646106387043,487.65480684964206,0.9437545874653327,-0.05624541253466731,GPU,supplement,Analytical transfer and overlap terms; native scan and GPU operator costs unchanged
656,1024,1680,300.0,mq,122.07655384615386,167.09903130703356,122.07655384615386,411.25213899934124,370.78104000000013,52.605250596658706,17.913173333333333,17.913173333333333,35.826346666666666,55.92405333333334,1.0996700000000001,1.0996700000000001,34.72667666666666,35.826346666666666,0,467.1761923326746,493.9393139299922,0.9458169843084998,-0.054183015691500164,GPU,supplement,Analytical transfer and overlap terms; native scan and GPU operator costs unchanged
664,1024,1688,300.0,mq,124.15369846153847,169.94223782114278,124.15369846153847,418.2496347442197,376.51547300000027,53.50033412887828,18.131626666666666,18.131626666666666,36.26325333333333,55.92405333333334,1.0996700000000001,1.0996700000000001,35.16358333333333,36.26325333333333,0,474.17368807755304,501.4426437955452,0.9456189934075279,-0.0543810065924721,GPU,supplement,Analytical transfer and overlap terms; native scan and GPU operator costs unchanged
672,1024,1696,300.0,mq,126.24502153846156,172.80485188824935,126.24502153846156,425.2948949651725,381.0518040000003,54.40152744630072,18.350080000000002,18.350080000000002,36.700160000000004,55.92405333333334,1.0996700000000001,1.0996700000000001,35.60049,36.700160000000004,0,481.21894829850584,507.753981446301,0.9477403740445087,-0.0522596259554913,GPU,supplement,Analytical transfer and overlap terms; native scan and GPU operator costs unchanged
680,1024,1704,300.0,mq,128.35052307692308,175.68687350835322,128.35052307692308,432.38791966219935,387.6798150000003,55.30883054892601,18.56853333333333,18.56853333333333,37.13706666666666,55.92405333333334,1.0996700000000001,1.0996700000000001,36.03739666666666,37.13706666666666,0,488.3119729955327,516.1631088822596,0.9460419867141648,-0.05395801328583512,GPU,supplement,Analytical transfer and overlap terms; native scan and GPU operator costs unchanged
688,1024,1712,300.0,mq,130.4702030769231,178.58830268145445,130.4702030769231,439.5287088353007,392.2407540000003,56.22224343675418,18.786986666666667,18.786986666666667,37.573973333333335,55.92405333333334,1.0996700000000001,1.0996700000000001,36.47430333333333,37.573973333333335,0,495.452762168634,522.5112741034212,0.9482144916753864,-0.05178550832461362,GPU,supplement,Analytical transfer and overlap terms; native scan and GPU operator costs unchanged
696,1024,1720,300.0,mq,132.60406153846156,181.50913940755302,132.60406153846156,446.7172624844761,398.94258900000045,57.1417661097852,19.00544,19.00544,38.01088,55.92405333333334,1.0996700000000001,1.0996700000000001,36.91121,38.01088,0,502.64131581780947,531.0064451097857,0.9465823257830482,-0.053417674216951726,GPU,supplement,Analytical transfer and overlap terms; native scan and GPU operator costs unchanged
704,1024,1728,300.0,mq,134.75209846153848,184.4493836866489,134.75209846153848,453.95358060972586,403.5281360000005,58.067398568019094,19.223893333333333,19.223893333333333,38.447786666666666,55.92405333333334,1.0996700000000001,1.0996700000000001,37.34811666666666,38.447786666666666,0,509.8776339430592,537.3914379013529,0.9488011865880448,-0.05119881341195523,GPU,supplement,Analytical transfer and overlap terms; native scan and GPU operator costs unchanged
712,1024,1736,300.0,mq,136.91431384615387,187.40903551874212,136.91431384615387,461.23766321104983,410.44067700000016,58.999140811455845,19.44234666666667,19.44234666666667,38.88469333333334,55.92405333333334,1.0996700000000001,1.0996700000000001,37.785023333333335,38.88469333333334,0,517.1617165443831,546.1095344781227,0.9469926523780566,-0.05300734762194342,GPU,supplement,Analytical transfer and overlap terms; native scan and GPU operator costs unchanged
720,1024,1744,300.0,mq,139.09070769230772,190.38809490383267,139.09070769230772,468.5695102884481,415.05237000000017,59.93699284009546,19.6608,19.6608,39.3216,55.92405333333334,1.0996700000000001,1.0996700000000001,38.22192999999999,39.3216,0,524.4935636217814,552.5328928400957,0.9492531040565056,-0.05074689594349438,GPU,supplement,Analytical transfer and overlap terms; native scan and GPU operator costs unchanged
728,1024,1752,300.0,mq,141.28128,193.38656184192055,141.28128,475.9491218419206,423.8628029999996,60.88095465393795,19.879253333333335,19.879253333333335,39.75850666666667,55.92405333333334,1.0996700000000001,1.0996700000000001,38.658836666666666,39.75850666666667,0,531.8731751752539,563.1611009872709,0.9444423172034317,-0.05555768279656831,GPU,supplement,Analytical transfer and overlap terms; native scan and GPU operator costs unchanged
736,1024,1760,300.0,mq,143.48603076923078,196.40443633300578,143.48603076923078,483.37649787146734,428.52063599999957,61.83102625298329,20.097706666666664,20.097706666666664,40.19541333333333,55.92405333333334,1.0996700000000001,1.0996700000000001,39.095743333333324,40.19541333333333,0,539.3005512048006,569.6428189196495,0.9467345734781768,-0.05326542652182323,GPU,supplement,Analytical transfer and overlap terms; native scan and GPU operator costs unchanged
744,1024,1768,300.0,mq,145.70496,199.44171837708834,145.70496,490.8516383770883,435.4670129999996,62.7872076372315,20.31616,20.31616,40.63232,55.92405333333334,1.0996700000000001,1.0996700000000001,39.53265,40.63232,0,546.7756917104216,578.419190637231,0.9452931378505119,-0.05470686214948806,GPU,supplement,Analytical transfer and overlap terms; native scan and GPU operator costs unchanged
752,1024,1776,300.0,mq,147.9380676923077,202.4984079741682,147.9380676923077,498.37454335878357,440.1494539999996,63.74949880668258,20.534613333333336,20.534613333333336,41.06922666666667,55.92405333333334,1.0996700000000001,1.0996700000000001,39.96955666666667,41.06922666666667,0,554.2985966921169,584.9377361400155,0.9476198276245857,-0.05238017237541431,GPU,supplement,Analytical transfer and overlap terms; native scan and GPU operator costs unchanged
760,1024,1784,300.0,mq,150.18535384615387,205.5745051242454,150.18535384615387,505.9452128165531,447.16965499999964,64.71789976133653,20.753066666666665,20.753066666666665,41.50613333333333,55.92405333333334,1.0996700000000001,1.0996700000000001,40.40646333333333,41.50613333333333,0,561.8692661498865,593.8001514280028,0.9462262089335491,-0.05377379106645087,GPU,supplement,Analytical transfer and overlap terms; native scan and GPU operator costs unchanged
768,1024,1792,300.0,mq,152.4468184615385,208.67000982731997,152.4468184615385,513.563646750397,451.8767039999996,65.69241050119332,20.97152,20.97152,41.94304,55.92405333333334,1.0996700000000001,1.0996700000000001,40.84337,41.94304,0,569.4877000837303,600.355524501193,0.9485840919959729,-0.05141590800402709,GPU,original sweep,Analytical transfer and overlap terms; native scan and GPU operator costs unchanged
776,1024,1800,300.0,mq,154.72246153846157,211.78492208339185,154.72246153846157,521.229845160315,486.64473199999946,66.67303102625299,21.18997333333333,21.18997333333333,42.37994666666666,55.92405333333334,1.0996700000000001,1.0996700000000001,41.28027666666666,42.37994666666666,0,577.1538984936483,636.9779863595857,0.906081388765348,-0.09391861123465198,GPU,supplement,Analytical transfer and overlap terms; native scan and GPU operator costs unchanged
784,1024,1808,300.0,mq,157.0122830769231,214.91924189246106,157.0122830769231,528.9438080463073,491.66168799999946,67.65976133651552,21.408426666666667,21.408426666666667,42.816853333333334,55.92405333333334,1.0996700000000001,1.0996700000000001,41.71718333333333,42.816853333333334,0,584.8678613796405,643.8554860031817,0.908383750848013,-0.09161624915198695,GPU,supplement,Analytical transfer and overlap terms; native scan and GPU operator costs unchanged
792,1024,1816,300.0,mq,159.3162830769231,218.0729692545276,159.3162830769231,536.7055354083739,497.7444779999994,68.65260143198091,21.62688,21.62688,43.25376,55.92405333333334,1.0996700000000001,1.0996700000000001,42.15409,43.25376,0,592.6295887417072,651.8049294319803,0.9092131126687828,-0.0907868873312172,GPU,supplement,Analytical transfer and overlap terms; native scan and GPU operator costs unchanged
800,1024,1824,300.0,mq,161.63446153846155,221.24610416959146,161.63446153846155,544.5150272465146,502.7721999999994,69.65155131264916,21.845333333333333,21.845333333333333,43.690666666666665,55.92405333333334,1.0996700000000001,1.0996700000000001,42.59099666666666,43.690666666666665,0,600.4390805798479,658.7054146459819,0.9115441701698338,-0.08845582983016621,GPU,supplement,Analytical transfer and overlap terms; native scan and GPU operator costs unchanged
808,1024,1832,300.0,mq,163.96681846153848,224.43864663765268,163.96681846153848,552.3722835607296,509.1979639999995,70.65661097852028,22.063786666666665,22.063786666666665,44.12757333333333,55.92405333333334,1.0996700000000001,1.0996700000000001,43.02790333333333,44.12757333333333,0,608.2963368940628,667.0100516451864,0.9119747676870751,-0.0880252323129249,GPU,supplement,Analytical transfer and overlap terms; native scan and GPU operator costs unchanged
816,1024,1840,300.0,mq,166.31335384615386,227.65059665871124,166.31335384615386,560.277304351019,514.2395279999995,71.66778042959427,22.28224,22.28224,44.56448,55.92405333333334,1.0996700000000001,1.0996700000000001,43.46481,44.56448,0,616.2013576843523,673.9365984295937,0.9143313467768689,-0.0856686532231311,GPU,supplement,Analytical transfer and overlap terms; native scan and GPU operator costs unchanged
824,1024,1848,300.0,mq,168.67406769230772,230.8819542327671,168.67406769230772,568.2300896173825,520.3899899999994,72.68505966587112,22.500693333333334,22.500693333333334,45.00138666666667,55.92405333333334,1.0996700000000001,1.0996700000000001,43.901716666666665,45.00138666666667,0,624.1541429507158,681.9781529992039,0.9152113454159938,-0.08478865458400622,GPU,supplement,Analytical transfer and overlap terms; native scan and GPU operator costs unchanged
832,1024,1856,300.0,mq,171.04896000000002,234.13271935982033,171.04896000000002,576.2306393598203,525.4423199999994,73.70844868735082,22.719146666666667,22.719146666666667,45.438293333333334,55.92405333333334,1.0996700000000001,1.0996700000000001,44.33862333333333,45.438293333333334,0,632.1546926931536,688.927685354017,0.917592232294033,-0.08240776770596699,GPU,supplement,Analytical transfer and overlap terms; native scan and GPU operator costs unchanged
840,1024,1864,300.0,mq,173.4380307692308,237.40289203987084,173.4380307692308,584.2789535783324,531.9480599999997,74.7379474940334,22.9376,22.9376,45.8752,55.92405333333334,1.0996700000000001,1.0996700000000001,44.775529999999996,45.8752,0,640.2030069116657,697.3367374940331,0.9180686639460807,-0.0819313360539193,GPU,supplement,Analytical transfer and overlap terms; native scan and GPU operator costs unchanged
848,1024,1872,300.0,mq,175.84128000000004,240.69247227291874,175.84128000000004,592.3750322729188,537.0142319999998,75.77355608591886,23.156053333333332,23.156053333333332,46.312106666666665,55.92405333333334,1.0996700000000001,1.0996700000000001,45.21243666666666,46.312106666666665,0,648.2990856062521,704.3123314192519,0.9204710136195853,-0.07952898638041468,GPU,supplement,Analytical transfer and overlap terms; native scan and GPU operator costs unchanged
856,1024,1880,300.0,mq,178.25870769230772,244.00146005896394,178.25870769230772,600.5188754435794,543.2323659999997,76.81527446300716,23.37450666666667,23.37450666666667,46.74901333333334,55.92405333333334,1.0996700000000001,1.0996700000000001,45.649343333333334,46.74901333333334,0,656.4429287769127,712.4459971296736,0.9213932444306123,-0.07860675556938766,GPU,supplement,Analytical transfer and overlap terms; native scan and GPU operator costs unchanged
864,1024,1888,300.0,mq,180.69031384615388,247.32985539800646,180.69031384615388,608.7104830903143,548.3093039999998,77.86310262529832,23.592959999999998,23.592959999999998,47.185919999999996,55.92405333333334,1.0996700000000001,1.0996700000000001,46.08624999999999,47.185919999999996,0,664.6345364236475,719.444576625298,0.9238161743344453,-0.07618382566555469,GPU,supplement,Analytical transfer and overlap terms; native scan and GPU operator costs unchanged
872,1024,1896,300.0,mq,183.1360984615385,250.6776582900463,183.1360984615385,616.9498552131233,556.0685139999995,78.91704057279236,23.811413333333334,23.811413333333334,47.62282666666667,55.92405333333334,1.0996700000000001,1.0996700000000001,46.523156666666665,47.62282666666667,0,672.8739085464566,729.1315379061252,0.9228429625726713,-0.07715703742732867,GPU,supplement,Analytical transfer and overlap terms; native scan and GPU operator costs unchanged
880,1024,1904,300.0,mq,185.59606153846156,254.04486873508353,185.59606153846156,625.2369918120066,561.1700599999995,79.97708830548926,24.029866666666663,24.029866666666663,48.05973333333333,55.92405333333334,1.0996700000000001,1.0996700000000001,46.96006333333332,48.05973333333333,0,681.1610451453399,736.1669449721553,0.9252806714530005,-0.0747193285469995,GPU,supplement,Analytical transfer and overlap terms; native scan and GPU operator costs unchanged
888,1024,1912,300.0,mq,188.0702030769231,257.4314867331181,188.0702030769231,633.5718928869643,569.0030940000001,81.04324582338901,24.24832,24.24832,48.49664,55.92405333333334,1.0996700000000001,1.0996700000000001,47.396969999999996,48.49664,0,689.4959462202976,745.9399498233892,0.924331705767394,-0.07566829423260601,GPU,supplement,Analytical transfer and overlap terms; native scan and GPU operator costs unchanged
896,1024,1920,300.0,mq,190.5585230769231,260.83751228414997,190.5585230769231,641.9545584379962,574.1292480000002,82.11551312649165,24.466773333333336,24.466773333333336,48.93354666666667,55.92405333333334,1.0996700000000001,1.0996700000000001,47.83387666666667,48.93354666666667,0,697.8786117713295,753.0121844598252,0.9267826287192871,-0.07321737128071297,GPU,supplement,Analytical transfer and overlap terms; native scan and GPU operator costs unchanged
1024,1024,2048,300.0,mq,232.29991384615388,317.9733483082971,232.29991384615388,782.5731760006049,684.102400000002,100.10272076372314,27.96202666666667,27.96202666666667,55.92405333333334,55.92405333333334,1.0996700000000001,1.0996700000000001,54.82438333333334,55.92405333333334,0,838.4972293339382,894.9535574303918,0.9369170303556845,-0.06308296964431553,GPU,original sweep,Analytical transfer and overlap terms; native scan and GPU operator costs unchanged
1280,1024,2304,300.0,mq,326.67175384615393,447.1500210585428,326.67175384615393,1100.4935287508506,958.9737600000033,140.7694510739857,34.952533333333335,34.952533333333335,69.90506666666667,55.92405333333334,1.0996700000000001,1.0996700000000001,68.80539666666667,69.90506666666667,0,1156.417582084184,1238.4536744073223,0.9337592563868828,-0.06624074361311715,GPU,supplement,Analytical transfer and overlap terms; native scan and GPU operator costs unchanged
1536,1024,2560,300.0,mq,435.5623384615385,596.200028078057,435.5623384615385,1467.324705001134,1269.3298559999976,187.6926014319809,41.94304,41.94304,83.88608,55.92405333333334,1.0996700000000001,1.0996700000000001,82.78641,83.88608,0,1523.2487583344673,1623.6949474319783,0.9381372780297335,-0.06186272197026654,GPU,supplement,Analytical transfer and overlap terms; native scan and GPU operator costs unchanged
1552,1024,2576,300.0,mq,442.8500676923078,606.175510318686,442.8500676923078,1491.8756457033014,1286.4308779999972,190.83303102625297,42.37994666666666,42.37994666666666,84.75989333333332,55.92405333333334,1.0996700000000001,1.0996700000000001,83.66022333333332,84.75989333333332,0,1547.7996990366348,1645.6840256929167,0.9405205828530373,-0.05947941714696273,GPU,upper-crossing refinement,Analytical transfer and overlap terms; native scan and GPU operator costs unchanged
1568,1024,2592,300.0,mq,450.1945107692308,616.2286227713042,450.1945107692308,1516.6176443097659,1302.7075320000024,193.99789976133653,42.816853333333334,42.816853333333334,85.63370666666667,55.92405333333334,1.0996700000000001,1.0996700000000001,84.53403666666667,85.63370666666667,0,1572.5416976430993,1666.8731750946724,0.9434081255484746,-0.056591874451525366,GPU,upper-crossing refinement,Analytical transfer and overlap terms; native scan and GPU operator costs unchanged
1584,1024,2608,300.0,mq,457.59566769230776,626.3593654359119,457.59566769230776,1541.5507008205273,1318.436657999995,197.1872076372315,43.25376,43.25376,86.50752,55.92405333333334,1.0996700000000001,1.0996700000000001,85.40785,86.50752,0,1597.4747541538607,1687.5392356372267,0.9466296963167454,-0.053370303683254565,GPU,upper-crossing refinement,Analytical transfer and overlap terms; native scan and GPU operator costs unchanged
1600,1024,2624,300.0,mq,465.05353846153855,636.5677383125088,465.05353846153855,1566.6748152355858,1334.2149999999958,200.40095465393796,43.690666666666665,43.690666666666665,87.38133333333333,55.92405333333334,1.0996700000000001,1.0996700000000001,86.28166333333333,87.38133333333333,0,1622.5988685689192,1708.2789513206005,0.9498442085904966,-0.050155791409503436,GPU,upper-crossing refinement,Analytical transfer and overlap terms; native scan and GPU operator costs unchanged
1616,1024,2640,300.0,mq,472.56812307692314,646.8537414010951,472.56812307692314,1591.9899875549413,1350.0425579999987,203.63914081145583,44.12757333333333,44.12757333333333,88.25514666666666,55.92405333333334,1.0996700000000001,1.0996700000000001,87.15547666666666,88.25514666666666,0,1647.9140408882747,1729.0923221447877,0.9530515055692235,-0.046948494430776484,GPU,upper-crossing refinement,Analytical transfer and overlap terms; native scan and GPU operator costs unchanged
1632,1024,2656,300.0,mq,480.1394215384616,657.2173747016707,480.1394215384616,1617.496217778594,1365.9193319999972,206.9017661097852,44.56448,44.56448,89.12896,55.92405333333334,1.0996700000000001,1.0996700000000001,88.02929,89.12896,0,1673.4202711119274,1749.9793481097824,0.9562514397209605,-0.043748560279039506,GPU,upper-crossing refinement,Analytical transfer and overlap terms; native scan and GPU operator costs unchanged
1648,1024,2672,300.0,mq,487.7674338461539,667.6586382142356,487.7674338461539,1643.1935059065434,1381.8453220000004,210.188830548926,45.00138666666667,45.00138666666667,90.00277333333334,55.92405333333334,1.0996700000000001,1.0996700000000001,88.90310333333333,90.00277333333334,0,1699.1175592398768,1770.940029215593,0.9594438722989796,-0.040556127701020364,GPU,upper-crossing refinement,Analytical transfer and overlap terms; native scan and GPU operator costs unchanged
1664,1024,2688,300.0,mq,495.4521600000001,678.1775319387899,495.4521600000001,1669.0818519387901,1397.8205280000022,213.50033412887828,45.438293333333334,45.438293333333334,90.87658666666667,55.92405333333334,1.0996700000000001,1.0996700000000001,89.77691666666666,90.87658666666667,0,1725.0059052721235,1791.9743654622139,0.9626286728868374,-0.037371327113162586,GPU,upper-crossing refinement,Analytical transfer and overlap terms; native scan and GPU operator costs unchanged
1680,1024,2704,300.0,mq,503.19360000000006,688.7740558753335,503.19360000000006,1695.1612558753336,1413.6834599999947,216.83627684964202,45.8752,45.8752,91.7504,55.92405333333334,1.0996700000000001,1.0996700000000001,90.65073,91.7504,0,1751.085309208667,1812.9208668496367,0.9658917502844881,-0.034108249715511886,GPU,upper-crossing refinement,Analytical transfer and overlap terms; native scan and GPU operator costs unchanged
1696,1024,2720,300.0,mq,510.9917538461539,699.4482100238664,510.9917538461539,1721.4317177161743,1432.3640079999955,220.1966587112172,46.312106666666665,46.312106666666665,92.62421333333333,55.92405333333334,1.0996700000000001,1.0996700000000001,91.52454333333333,92.62421333333333,0,1777.3557710495077,1836.7094233778794,0.9676847891272781,-0.03231521087272195,GPU,upper-crossing refinement,Analytical transfer and overlap terms; native scan and GPU operator costs unchanged
1712,1024,2736,300.0,mq,518.8466215384617,710.1999943843887,518.8466215384617,1747.893237461312,1451.1429880000019,223.5814797136038,46.74901333333334,46.74901333333334,93.49802666666668,55.92405333333334,1.0996700000000001,1.0996700000000001,92.39835666666667,93.49802666666668,0,1803.8172907946455,1860.620851046939,0.9694706418987344,-0.030529358101265534,GPU,upper-crossing refinement,Analytical transfer and overlap terms; native scan and GPU operator costs unchanged
1728,1024,2752,300.0,mq,526.7582030769231,721.0294089569003,526.7582030769231,1774.5458151107464,1470.0204000000026,226.9907398568019,47.185919999999996,47.185919999999996,94.37183999999999,55.92405333333334,1.0996700000000001,1.0996700000000001,93.27216999999999,94.37183999999999,0,1830.4698684440798,1884.6551498568044,0.9712492328281693,-0.028750767171830675,GPU,upper-crossing refinement,Analytical transfer and overlap terms; native scan and GPU operator costs unchanged
1744,1024,2768,300.0,mq,534.7264984615385,731.9364537414011,534.7264984615385,1801.3894506644783,1488.9962439999942,230.42443914081144,47.62282666666667,47.62282666666667,95.24565333333334,55.92405333333334,1.0996700000000001,1.0996700000000001,94.14598333333333,95.24565333333334,0,1857.3135039978117,1908.8123198074725,0.9730204927560112,-0.02697950724398879,GPU,upper-crossing refinement,Analytical transfer and overlap terms; native scan and GPU operator costs unchanged
1760,1024,2784,300.0,mq,542.7515076923078,742.9211287378913,542.7515076923078,1828.4241441225067,1512.807560000007,233.88257756563246,48.05973333333333,48.05973333333333,96.11946666666665,55.92405333333334,1.0996700000000001,1.0996700000000001,95.01979666666665,96.11946666666665,0,1884.3481974558401,1937.8294008989726,0.9724014903384569,-0.027598509661543046,GPU,upper-crossing refinement,Analytical transfer and overlap terms; native scan and GPU operator costs unchanged
1776,1024,2800,300.0,mq,550.8332307692308,753.983433946371,550.8332307692308,1855.6498954848325,1532.0233320000073,237.3651551312649,48.49664,48.49664,96.99328,55.92405333333334,1.0996700000000001,1.0996700000000001,95.89361,96.99328,0,1911.573948818166,1962.275377131272,0.9741619199303063,-0.02583808006969366,GPU,upper-crossing refinement,Analytical transfer and overlap terms; native scan and GPU operator costs unchanged
1792,1024,2816,300.0,mq,558.9716676923077,765.1233693668399,558.9716676923077,1883.0667047514553,1551.3375359999993,240.87217183770883,48.93354666666667,48.93354666666667,97.86709333333334,55.92405333333334,1.0996700000000001,1.0996700000000001,96.76742333333334,97.86709333333334,0,1938.9907580847887,1986.8442245043748,0.975914837293536,-0.024085162706463964,GPU,supplement,Analytical transfer and overlap terms; native scan and GPU operator costs unchanged
2048,1024,3072,300.0,mq,696.8997415384616,953.9200449248913,696.8997415384616,2347.7195280018145,1939.1104000000041,300.3081622911694,55.92405333333334,55.92405333333334,111.84810666666668,55.92405333333334,1.0996700000000001,1.0996700000000001,110.74843666666668,111.84810666666668,0,2403.6435813351477,2462.015105624507,0.9762911591581998,-0.023708840841800267,GPU,supplement,Analytical transfer and overlap terms; native scan and GPU operator costs unchanged
1,1024,1025,450.0,mq,10.033780710374844,0.15541204548645235,10.033780710374844,20.22297346623614,1.54569,0.04892601431980907,0.018204444444444443,0.018204444444444443,0.036408888888888886,37.28270222222222,0.736702,0.036408888888888886,0,0.036408888888888886,0,57.50567568845836,1.631024903208698,35.257386674678024,0.971637149139071,PIM,original sweep,Analytical transfer and overlap terms; native scan and GPU operator costs unchanged
2,1024,1026,450.0,mq,10.131045907623193,0.311127333988488,10.131045907623193,20.573219149234873,1.849445,0.09794749403341288,0.036408888888888886,0.036408888888888886,0.07281777777777777,37.28270222222222,0.856666,0.07281777777777777,0,0.07281777777777777,0,57.85592137145709,2.020210271811191,28.638564103323358,0.9650820482342565,PIM,original sweep,Analytical transfer and overlap terms; native scan and GPU operator costs unchanged
4,1024,1028,450.0,mq,10.326031166643268,0.6234676400393093,10.326031166643268,21.275529973325845,2.0924490000000002,0.19627684964200476,0.07281777777777777,0.07281777777777777,0.14563555555555555,37.28270222222222,0.9058820000000001,0.14563555555555555,0,0.14563555555555555,0,58.558232195548065,2.434361405197561,24.054863863073678,0.9584283658518189,PIM,original sweep,Analytical transfer and overlap terms; native scan and GPU operator costs unchanged
8,1024,1032,450.0,mq,10.71782114277692,1.2517871683279518,10.71782114277692,22.68742945388179,2.8406860000000003,0.39408114558472557,0.14563555555555555,0.14563555555555555,0.2912711111111111,37.28270222222222,1.0996700000000001,0.2912711111111111,0,0.2912711111111111,0,59.97013167610401,3.526038256695837,17.007793821358177,0.9412034264700333,PIM,original sweep,Analytical transfer and overlap terms; native scan and GPU operator costs unchanged
12,1024,1036,450.0,mq,11.112037063035238,1.8849585848659274,11.112037063035238,24.109032710936404,4.933135,0.5934128878281623,0.21845333333333336,0.21845333333333336,0.4369066666666667,37.28270222222222,1.0996700000000001,0.4369066666666667,0,0.4369066666666667,0,61.391734933158624,5.963454554494828,10.294659642687458,0.9028622572568172,PIM,original sweep,Analytical transfer and overlap terms; native scan and GPU operator costs unchanged
16,1024,1040,450.0,mq,11.508678927418224,2.522981889653236,11.508678927418224,25.540339744489685,5.6813720000000005,0.794272076372315,0.2912711111111111,0.2912711111111111,0.5825422222222222,37.28270222222222,1.0996700000000001,0.5825422222222222,0,0.5825422222222222,0,62.823041966711905,7.058186298594538,8.900734453441892,0.8876497209044022,PIM,original sweep,Analytical transfer and overlap terms; native scan and GPU operator costs unchanged
24,1024,1048,450.0,mq,12.309240488558192,3.813584163975853,12.309240488558192,28.432065141092238,8.554356,1.2005727923627685,0.4369066666666667,0.4369066666666667,0.8738133333333334,37.28270222222222,1.0996700000000001,0.8738133333333334,0,0.8738133333333334,0,65.71476736331445,10.628742125696101,6.182741719214553,0.8382594574681604,PIM,original sweep,Analytical transfer and overlap terms; native scan and GPU operator costs unchanged
32,1024,1056,450.0,mq,13.119505826196828,5.123593991295802,13.119505826196828,31.36260564368946,11.405808,1.612983293556086,0.5825422222222222,0.5825422222222222,1.1650844444444444,37.28270222222222,1.0996700000000001,1.0996700000000001,0.06541444444444422,1.1650844444444444,0,68.64530786591168,14.249290182444975,4.817454552963081,0.7924214979080751,PIM,original sweep,Analytical transfer and overlap terms; native scan and GPU operator costs unchanged
48,1024,1072,450.0,mq,14.769147830970098,7.801836304927699,14.769147830970098,37.340131966867894,17.21022,2.456133651551313,0.8738133333333334,0.8738133333333334,1.7476266666666669,37.28270222222222,1.0996700000000001,1.0996700000000001,0.6479566666666667,1.7476266666666669,0,74.62283418909011,22.061936984884642,3.3824244099789,0.7043540730578403,PIM,original sweep,Analytical transfer and overlap terms; native scan and GPU operator costs unchanged
51,1024,1075,450.0,mq,15.082776919837148,8.312649164677804,15.082776919837148,38.478203004352096,19.300361999999996,2.616945107398568,0.9284266666666666,0.9284266666666666,1.8568533333333332,37.28270222222222,1.0996700000000001,1.0996700000000001,0.7571833333333331,1.8568533333333332,0,75.76090522657432,24.53134377406523,3.088330827872115,0.6762004928438938,PIM,original sweep,Analytical transfer and overlap terms; native scan and GPU operator costs unchanged
52,1024,1076,450.0,mq,15.187623192475083,8.483526603959007,15.187623192475083,38.85877298890917,19.414942999999997,2.670739856801909,0.9466311111111111,0.9466311111111111,1.8932622222222222,37.28270222222222,1.0996700000000001,1.0996700000000001,0.793592222222222,1.8932622222222222,0,76.1414752111314,24.772537301246352,3.0736244045255945,0.674651203794581,PIM,supplement,Analytical transfer and overlap terms; native scan and GPU operator costs unchanged
53,1024,1077,450.0,mq,15.292621086620805,8.654707286255793,15.292621086620805,39.2399494594974,19.5326,2.7246300715990457,0.9648355555555556,0.9648355555555556,1.9296711111111111,37.28270222222222,1.0996700000000001,1.0996700000000001,0.830001111111111,1.9296711111111111,0,76.52265168171962,25.016902293821268,3.0588380121154874,0.6730784709621149,PIM,integer-crossing refinement,Analytical transfer and overlap terms; native scan and GPU operator costs unchanged
54,1024,1078,450.0,mq,15.397770602274326,8.82619121156816,15.397770602274326,39.621732416116814,19.854810999999998,2.778615751789976,0.9830399999999999,0.9830399999999999,1.9660799999999998,37.28270222222222,1.0996700000000001,1.0996700000000001,0.8664099999999997,1.9660799999999998,0,76.90443463833904,25.46591675178997,3.019896569517118,0.6688628312326935,PIM,integer-crossing refinement,Analytical transfer and overlap terms; native scan and GPU operator costs unchanged
55,1024,1079,450.0,mq,15.503071739435631,8.997978379896113,15.503071739435631,40.00412185876738,20.008611,2.8326968973747015,1.0012444444444444,1.0012444444444444,2.0024888888888888,37.28270222222222,1.0996700000000001,1.0996700000000001,0.9028188888888886,2.0024888888888888,0,77.28682408098959,25.746615675152476,3.001824591477376,0.6668692758267262,PIM,integer-crossing refinement,Analytical transfer and overlap terms; native scan and GPU operator costs unchanged
56,1024,1080,450.0,mq,15.608524498104732,9.170068791239647,15.608524498104732,40.387117787449114,20.153951999999997,2.8868735083532218,1.0194488888888888,1.0194488888888888,2.0388977777777777,37.28270222222222,1.0996700000000001,1.0996700000000001,0.9392277777777776,2.0388977777777777,0,77.66982000967133,26.018951063908773,2.9851249506137143,0.6650056474874162,PIM,supplement,Analytical transfer and overlap terms; native scan and GPU operator costs unchanged
60,1024,1084,450.0,mq,16.03185174785905,9.861462866769621,16.03185174785905,41.92516636248772,22.294078999999996,3.1045346062052506,1.0922666666666667,1.0922666666666667,2.1845333333333334,37.28270222222222,1.0996700000000001,1.0996700000000001,1.0848633333333333,2.1845333333333334,0,79.20786858470994,28.668010272871914,2.7629356844364987,0.6380661317478513,PIM,supplement,Analytical transfer and overlap terms; native scan and GPU operator costs unchanged
64,1024,1088,450.0,mq,16.457604941738033,10.557708830548926,16.457604941738033,43.47291871402499,23.033087999999996,3.323723150357995,1.1650844444444444,1.1650844444444444,2.3301688888888887,37.28270222222222,1.0996700000000001,1.0996700000000001,1.2304988888888886,2.3301688888888887,0,80.75562093624721,29.91747892813577,2.6992789442662874,0.6295306929562932,PIM,original sweep,Analytical transfer and overlap terms; native scan and GPU operator costs unchanged
96,1024,1120,450.0,mq,19.9509644812579,16.302344517759373,19.9509644812579,56.20427348027517,34.844928,5.132219570405728,1.7476266666666669,1.7476266666666669,3.4952533333333338,37.28270222222222,1.0996700000000001,1.0996700000000001,2.3955833333333336,3.4952533333333338,0,93.48697570249739,45.8679842370724,2.0381749330710144,0.5093649795342873,PIM,original sweep,Analytical transfer and overlap terms; native scan and GPU operator costs unchanged
128,1024,1152,450.0,mq,23.599584444756424,22.357501052927137,23.599584444756424,69.55666994243998,47.23505599999999,7.038472553699283,2.3301688888888887,2.3301688888888887,4.6603377777777775,37.28270222222222,1.0996700000000001,1.0996700000000001,3.5606677777777773,4.6603377777777775,0,106.8393721646622,62.494534109254836,1.7095794646277764,0.4150608259571437,PIM,original sweep,Analytical transfer and overlap terms; native scan and GPU operator costs unchanged
160,1024,1184,450.0,mq,27.403464832233613,28.72317843605223,27.403464832233613,83.53010810051946,59.98199999999998,9.042482100238663,2.9127111111111113,2.9127111111111113,5.8254222222222225,37.28270222222222,1.0996700000000001,1.0996700000000001,4.725752222222223,5.8254222222222225,0,120.81281032274168,79.57565654468308,1.518213176851431,0.34133097034906207,PIM,original sweep,Analytical transfer and overlap terms; native scan and GPU operator costs unchanged
192,1024,1216,450.0,mq,31.36260564368946,35.39937666713463,31.36260564368946,98.12458795451356,73.15958400000001,11.144248210023866,3.4952533333333338,3.4952533333333338,6.9905066666666675,37.28270222222222,1.0996700000000001,1.0996700000000001,5.890836666666667,6.9905066666666675,0,135.40729017673578,97.1851755433572,1.3932916148957981,0.2822751609864614,PIM,original sweep,Analytical transfer and overlap terms; native scan and GPU operator costs unchanged
200,1024,1224,450.0,mq,32.37665028780008,37.11694510739857,32.37665028780008,101.87024568299873,76.88077500000003,11.684964200477328,3.6408888888888886,3.6408888888888886,7.281777777777777,37.28270222222222,1.0996700000000001,1.0996700000000001,6.182107777777777,7.281777777777777,0,139.15294790522094,102.0296247560329,1.3638484728132156,0.26678071652835744,PIM,original sweep,Analytical transfer and overlap terms; native scan and GPU operator costs unchanged
224,1024,1248,450.0,mq,35.47700687912396,42.38609574617437,35.47700687912396,113.34010950442229,87.31226000000005,13.343770883054892,4.077795555555555,4.077795555555555,8.15559111111111,37.28270222222222,1.0996700000000001,1.0996700000000001,7.055921111111111,8.15559111111111,0,150.6228117266445,115.86754310527715,1.29995689638287,0.2307437248246462,PIM,original sweep,Analytical transfer and overlap terms; native scan and GPU operator costs unchanged
256,1024,1280,450.0,mq,39.746668538537136,49.68333567317142,39.746668538537136,129.1766727502457,101.38495999999998,15.64105011933174,4.6603377777777775,4.6603377777777775,9.320675555555555,37.28270222222222,1.0996700000000001,1.0996700000000001,8.221005555555555,9.320675555555555,0,166.4593749724679,134.56769123044282,1.2369936160040944,0.1915883905445393,PIM,original sweep,Analytical transfer and overlap terms; native scan and GPU operator costs unchanged
320,1024,1344,450.0,mq,48.75177312929945,65.20937807103749,48.75177312929945,162.7129243296364,138.17391999999998,20.528878281622912,5.8254222222222225,5.8254222222222225,11.650844444444445,37.28270222222222,1.0996700000000001,1.0996700000000001,10.551174444444445,11.650844444444445,0,199.9956265518586,180.90481717051182,1.1055295800296614,0.09545613426899895,PIM,original sweep,Analytical transfer and overlap terms; native scan and GPU operator costs unchanged
384,1024,1408,450.0,mq,59.88982153846154,81.97750386073284,59.88982153846154,201.75714693765593,169.31534400000004,25.807732696897375,6.9905066666666675,6.9905066666666675,13.981013333333335,37.28270222222222,1.0996700000000001,1.0996700000000001,12.881343333333335,13.981013333333335,0,239.03984915987814,221.98543336356408,1.0768267337991615,0.07134549262917028,PIM,original sweep,Analytical transfer and overlap terms; native scan and GPU operator costs unchanged
480,1024,1504,450.0,mq,79.96652307692308,109.45859890495579,79.96652307692308,269.39164505880194,221.6104200000002,34.459188544152745,8.738133333333334,8.738133333333334,17.476266666666668,37.28270222222222,1.0996700000000001,1.0996700000000001,16.376596666666668,17.476266666666668,0,306.67434728102415,289.9224718774863,1.0577805345513773,0.054624312571494894,PIM,supplement,Analytical transfer and overlap terms; native scan and GPU operator costs unchanged
488,1024,1512,450.0,mq,81.73174153846155,111.8748392531237,81.73174153846155,275.3383223300468,226.85192400000014,35.21985680190931,8.88376888888889,8.88376888888889,17.76753777777778,37.28270222222222,1.0996700000000001,1.0996700000000001,16.66786777777778,17.76753777777778,0,312.62102455226903,296.507186357465,1.0543455232662637,0.05154432021289042,PIM,supplement,Analytical transfer and overlap terms; native scan and GPU operator costs unchanged
496,1024,1520,450.0,mq,83.51113846153847,114.31048715428894,83.51113846153847,281.3327640773659,230.57080800000014,35.98663484486874,9.029404444444445,9.029404444444445,18.05880888888889,37.28270222222222,1.0996700000000001,1.0996700000000001,16.95913888888889,18.05880888888889,0,318.6154662995881,301.57539062264664,1.0565035351251961,0.05348163375383352,PIM,supplement,Analytical transfer and overlap terms; native scan and GPU operator costs unchanged
504,1024,1528,450.0,mq,85.30471384615386,116.76554260845151,85.30471384615386,287.37497030075923,235.83999600000018,36.75952267303103,9.175040000000001,9.175040000000001,18.350080000000002,37.28270222222222,1.0996700000000001,1.0996700000000001,17.250410000000002,18.350080000000002,0,324.65767252298144,308.2000086730312,1.0533992971668282,0.050692360732011464,PIM,supplement,Analytical transfer and overlap terms; native scan and GPU operator costs unchanged
512,1024,1536,450.0,mq,87.1124676923077,119.24000561561141,87.1124676923077,293.4649410002268,239.5834880000002,37.53852028639618,9.320675555555555,9.320675555555555,18.64135111111111,37.28270222222222,1.0996700000000001,1.0996700000000001,17.54168111111111,18.64135111111111,0,330.747643222449,313.3050405086186,1.0556729080563598,0.05273689192124988,PIM,original sweep,Analytical transfer and overlap terms; native scan and GPU operator costs unchanged
513,1024,1537,450.0,mq,87.33943384615385,119.55067808507653,87.33943384615385,294.2295457773842,259.14223399999975,37.6363245823389,9.33888,9.33888,18.67776,37.28270222222222,1.0996700000000001,1.0996700000000001,17.57809,18.67776,0,331.5122479996064,333.0344085823386,0.9954294194728656,-0.0045705805271344345,GPU,integer-crossing refinement,Analytical transfer and overlap terms; native scan and GPU operator costs unchanged
514,1024,1538,450.0,mq,87.56662153846155,119.86165379755721,87.56662153846155,294.99489687448033,259.56595299999975,37.73422434367542,9.357084444444444,9.357084444444444,18.71416888888889,37.28270222222222,1.0996700000000001,1.0996700000000001,17.61449888888889,18.71416888888889,0,332.27759909670255,333.6288451214529,0.9959498525247166,-0.004050147475283394,GPU,integer-crossing refinement,Analytical transfer and overlap terms; native scan and GPU operator costs unchanged
515,1024,1539,450.0,mq,87.79403076923079,120.17293275305349,87.79403076923079,295.7609942915151,259.7066799999997,37.83221957040573,9.375288888888889,9.375288888888889,18.750577777777778,37.28270222222222,1.0996700000000001,1.0996700000000001,17.65090777777778,18.750577777777778,0,333.0436965137373,333.94038512596103,0.9973148242855218,-0.002685175714478198,GPU,integer-crossing refinement,Analytical transfer and overlap terms; native scan and GPU operator costs unchanged
516,1024,1540,450.0,mq,88.02166153846154,120.48451495156536,88.02166153846154,296.5278380284885,259.85817299999974,37.93031026252983,9.393493333333334,9.393493333333334,18.786986666666667,37.28270222222222,1.0996700000000001,1.0996700000000001,17.687316666666668,18.786986666666667,0,333.8105402507107,334.2627865958629,0.9986470335218649,-0.0013529664781350681,GPU,integer-crossing refinement,Analytical transfer and overlap terms; native scan and GPU operator costs unchanged
517,1024,1541,450.0,mq,88.24951384615386,120.79640039309281,88.24951384615386,297.29542808540054,260.0319669999997,38.02849642004773,9.411697777777777,9.411697777777777,18.823395555555553,37.28270222222222,1.0996700000000001,1.0996700000000001,17.723725555555554,18.823395555555553,0,334.57813030762276,334.60758453115864,0.9999119738317434,-8.802616825661414e-05,GPU,integer-crossing refinement,Analytical transfer and overlap terms; native scan and GPU operator costs unchanged
518,1024,1542,450.0,mq,88.47758769230771,121.10858907763584,88.47758769230771,298.06376446225124,260.49029099999973,38.12677804295943,9.429902222222223,9.429902222222223,18.859804444444446,37.28270222222222,1.0996700000000001,1.0996700000000001,17.760134444444446,18.859804444444446,0,335.34646668447346,335.237007931848,1.0003265115426867,0.00032640496769706763,PIM,integer-crossing refinement,Analytical transfer and overlap terms; native scan and GPU operator costs unchanged
519,1024,1543,450.0,mq,88.70588307692309,121.42108100519444,88.70588307692309,298.8328471590406,260.66716099999974,38.22515513126492,9.448106666666666,9.448106666666666,18.896213333333332,37.28270222222222,1.0996700000000001,1.0996700000000001,17.796543333333332,18.896213333333332,0,336.11554938126284,335.5850727979313,1.0015807514288664,0.0015782565974947866,PIM,integer-crossing refinement,Analytical transfer and overlap terms; native scan and GPU operator costs unchanged
520,1024,1544,450.0,mq,88.93440000000001,121.73387617576866,88.93440000000001,299.6026761757687,260.87171499999977,38.3236276849642,9.46631111111111,9.46631111111111,18.93262222222222,37.28270222222222,1.0996700000000001,1.0996700000000001,17.83295222222222,18.93262222222222,0,336.8853783979909,335.9609171294084,1.0027516928947613,0.0027441418591054047,PIM,supplement,Analytical transfer and overlap terms; native scan and GPU operator costs unchanged
521,1024,1545,450.0,mq,89.16313846153847,122.04697458935843,89.16313846153847,300.37325151243533,263.15564499999977,38.42219570405728,9.484515555555555,9.484515555555555,18.96903111111111,37.28270222222222,1.0996700000000001,1.0996700000000001,17.86936111111111,18.96903111111111,0,337.65595373465754,338.4162329262793,0.9977534198491378,-0.002246580150862231,GPU,integer-crossing refinement,Analytical transfer and overlap terms; native scan and GPU operator costs unchanged
522,1024,1546,450.0,mq,89.39209846153847,122.36037624596379,89.39209846153847,301.1445731690407,263.57936399999977,38.52085918854415,9.50272,9.50272,19.00544,37.28270222222222,1.0996700000000001,1.0996700000000001,17.90577,19.00544,0,338.4272753912629,339.01143318854395,0.9982768787713536,-0.0017231212286464058,GPU,integer-crossing refinement,Analytical transfer and overlap terms; native scan and GPU operator costs unchanged
523,1024,1547,450.0,mq,89.62128000000001,122.67408114558474,89.62128000000001,301.9166411455848,263.72009099999974,38.61961813842482,9.520924444444445,9.520924444444445,19.04184888888889,37.28270222222222,1.0996700000000001,1.0996700000000001,17.94217888888889,19.04184888888889,0,339.199343367807,339.3237369162023,0.9996334074664927,-0.00036659253350734264,GPU,integer-crossing refinement,Analytical transfer and overlap terms; native scan and GPU operator costs unchanged
524,1024,1548,450.0,mq,89.85068307692309,122.98808928822127,89.85068307692309,302.68945544206747,263.87158399999976,38.718472553699286,9.539128888888888,9.539128888888888,19.078257777777775,37.28270222222222,1.0996700000000001,1.0996700000000001,17.978587777777776,19.078257777777775,0,339.9721576642897,339.6469021092546,1.0009576285048243,0.0009567123298263238,PIM,integer-crossing refinement,Analytical transfer and overlap terms; native scan and GPU operator costs unchanged
525,1024,1549,450.0,mq,90.0803076923077,123.30240067387338,90.0803076923077,303.4630160584888,264.04537799999974,38.81742243436754,9.557333333333334,9.557333333333334,19.11466666666667,37.28270222222222,1.0996700000000001,1.0996700000000001,18.01499666666667,19.11466666666667,0,340.745718280711,339.9924637677006,1.002215503557529,0.0022106059521776957,PIM,integer-crossing refinement,Analytical transfer and overlap terms; native scan and GPU operator costs unchanged
526,1024,1550,450.0,mq,90.31015384615385,123.61701530254108,90.31015384615385,304.2373229948488,264.50370199999975,38.9164677804296,9.575537777777777,9.575537777777777,19.151075555555554,37.28270222222222,1.0996700000000001,1.0996700000000001,18.051405555555554,19.151075555555554,0,341.520025217071,340.6226508915405,1.0026345116015678,0.0026275891873694178,PIM,integer-crossing refinement,Analytical transfer and overlap terms; native scan and GPU operator costs unchanged
527,1024,1551,450.0,mq,90.54022153846155,123.93193317422437,90.54022153846155,305.0123762511475,264.68057199999976,39.015608591885446,9.593742222222224,9.593742222222224,19.187484444444447,37.28270222222222,1.0996700000000001,1.0996700000000001,18.087814444444447,19.187484444444447,0,342.2950784733697,340.9714794807741,1.003881846641869,0.0038668361768413586,PIM,integer-crossing refinement,Analytical transfer and overlap terms; native scan and GPU operator costs unchanged
528,1024,1552,450.0,mq,90.77051076923078,124.24715428892321,90.77051076923078,305.78817582738475,264.8851259999998,39.114844868735084,9.611946666666666,9.611946666666666,19.223893333333333,37.28270222222222,1.0996700000000001,1.0996700000000001,18.124223333333333,19.223893333333333,0,343.07087804960696,341.34808753540153,1.0050470196761443,0.005021675182690144,PIM,supplement,Analytical transfer and overlap terms; native scan and GPU operator costs unchanged
529,1024,1553,450.0,mq,91.00102153846154,124.56267864663765,91.00102153846154,306.56472172356075,267.89806800000025,39.21417661097852,9.630151111111111,9.630151111111111,19.260302222222222,37.28270222222222,1.0996700000000001,1.0996700000000001,18.160632222222223,19.260302222222222,0,343.84742394578296,344.5331790554232,0.998009610826103,-0.0019903891738970274,GPU,integer-crossing refinement,Analytical transfer and overlap terms; native scan and GPU operator costs unchanged
530,1024,1554,450.0,mq,91.23175384615385,124.87850624736768,91.23175384615385,307.3420139396754,268.3248630000002,39.31360381861575,9.648355555555556,9.648355555555556,19.29671111111111,37.28270222222222,1.0996700000000001,1.0996700000000001,18.197041111111112,19.29671111111111,0,344.6247161618976,345.1322190408382,0.9985295407065993,-0.0014704592934007194,GPU,integer-crossing refinement,Analytical transfer and overlap terms; native scan and GPU operator costs unchanged
531,1024,1555,450.0,mq,91.4627076923077,125.19463709111331,91.4627076923077,308.1200524757287,268.46097600000024,39.41312649164678,9.666559999999999,9.666559999999999,19.333119999999997,37.28270222222222,1.0996700000000001,1.0996700000000001,18.233449999999998,19.333119999999997,0,345.4027546979509,345.44067249164704,0.9998902335575524,-0.00010976644244762756,GPU,integer-crossing refinement,Analytical transfer and overlap terms; native scan and GPU operator costs unchanged
532,1024,1556,450.0,mq,91.69388307692309,125.5110711778745,91.69388307692309,308.8988373317207,268.60785500000026,39.512744630071595,9.684764444444445,9.684764444444445,19.36952888888889,37.28270222222222,1.0996700000000001,1.0996700000000001,18.26985888888889,19.36952888888889,0,346.1815395539429,345.7599874078497,1.0012192045391186,0.001217719889501925,PIM,integer-crossing refinement,Analytical transfer and overlap terms; native scan and GPU operator costs unchanged
533,1024,1557,450.0,mq,91.92528,125.82780850765128,91.92528,309.67836850765127,268.78011100000026,39.612458233890216,9.702968888888888,9.702968888888888,19.405937777777776,37.28270222222222,1.0996700000000001,1.0996700000000001,18.306267777777776,19.405937777777776,0,346.9610707298735,346.10477478944597,1.0024740945598005,0.0024679885228224463,PIM,integer-crossing refinement,Analytical transfer and overlap terms; native scan and GPU operator costs unchanged
534,1024,1558,450.0,mq,92.15689846153847,126.14484908044363,92.15689846153847,310.4586460035206,269.24151100000023,39.71226730310263,9.721173333333335,9.721173333333335,19.44234666666667,37.28270222222222,1.0996700000000001,1.0996700000000001,18.34267666666667,19.44234666666667,0,347.7413482257428,346.73880163643616,1.002891359676434,0.002883023817621512,PIM,integer-crossing refinement,Analytical transfer and overlap terms; native scan and GPU operator costs unchanged
535,1024,1559,450.0,mq,92.38873846153847,126.46219289625158,92.38873846153847,311.2396698193285,269.42607100000026,39.812171837708824,9.739377777777777,9.739377777777777,19.478755555555555,37.28270222222222,1.0996700000000001,1.0996700000000001,18.379085555555555,19.478755555555555,0,348.52237204155074,347.0960839488202,1.0041092024908609,0.004092386047919194,PIM,integer-crossing refinement,Analytical transfer and overlap terms; native scan and GPU operator costs unchanged
536,1024,1560,450.0,mq,92.6208,126.77983995507513,92.6208,312.02143995507515,269.61985900000025,39.91217183770883,9.757582222222222,9.757582222222222,19.515164444444444,37.28270222222222,1.0996700000000001,1.0996700000000001,18.415494444444445,19.515164444444444,0,349.30414217729736,347.462689726598,1.0052997127609538,0.00527177387368253,PIM,supplement,Analytical transfer and overlap terms; native scan and GPU operator costs unchanged
537,1024,1561,450.0,mq,92.8530830769231,127.09779025691422,92.8530830769231,312.8039564107604,271.92224500000026,40.012267303102625,9.775786666666667,9.775786666666667,19.551573333333334,37.28270222222222,1.0996700000000001,1.0996700000000001,18.451903333333334,19.551573333333334,0,350.0866586329826,349.9379889697696,1.0004248457380998,0.0004246653208480958,PIM,integer-crossing refinement,Analytical transfer and overlap terms; native scan and GPU operator costs unchanged
538,1024,1562,450.0,mq,93.08558769230771,127.41604380176892,93.08558769230771,313.58721918638435,272.34904000000023,40.112458233890216,9.79399111111111,9.79399111111111,19.58798222222222,37.28270222222222,1.0996700000000001,1.0996700000000001,18.48831222222222,19.58798222222222,0,350.86992140860656,350.5377926783349,1.0009474833732876,0.0009465864983191177,PIM,integer-crossing refinement,Analytical transfer and overlap terms; native scan and GPU operator costs unchanged
539,1024,1563,450.0,mq,93.31831384615386,127.7346005896392,93.31831384615386,314.3712282819469,272.48515300000025,40.2127446300716,9.812195555555556,9.812195555555556,19.624391111111112,37.28270222222222,1.0996700000000001,1.0996700000000001,18.524721111111113,19.624391111111112,0,351.6539305041691,350.84700985229404,1.002299921701527,0.0022946441995350376,PIM,integer-crossing refinement,Analytical transfer and overlap terms; native scan and GPU operator costs unchanged
540,1024,1564,450.0,mq,93.55126153846156,128.05346062052507,93.55126153846156,315.1559836974482,272.63203200000027,40.31312649164678,9.8304,9.8304,19.6608,37.28270222222222,1.0996700000000001,1.0996700000000001,18.56113,19.6608,0,352.43868591967043,351.167088491647,1.0036210609413463,0.003607996167348255,PIM,integer-crossing refinement,Analytical transfer and overlap terms; native scan and GPU operator costs unchanged
541,1024,1565,450.0,mq,93.78443076923077,128.3726238944265,93.78443076923077,315.94148543288804,272.80428800000027,40.413603818615755,9.848604444444446,9.848604444444446,19.69720888888889,37.28270222222222,1.0996700000000001,1.0996700000000001,18.59753888888889,19.69720888888889,0,353.22418765511026,351.5126395963938,1.0048690939269826,0.004845500728810857,PIM,integer-crossing refinement,Analytical transfer and overlap terms; native scan and GPU operator costs unchanged
542,1024,1566,450.0,mq,94.01782153846155,128.69209041134354,94.01782153846155,316.7277334882666,273.26568800000024,40.51417661097852,9.866808888888889,9.866808888888889,19.733617777777777,37.28270222222222,1.0996700000000001,1.0996700000000001,18.633947777777777,19.733617777777777,0,354.0104357104888,352.1474301665343,1.0052904135721605,0.0052625723877758055,PIM,integer-crossing refinement,Analytical transfer and overlap terms; native scan and GPU operator costs unchanged
543,1024,1567,450.0,mq,94.25143384615386,129.01186017127617,94.25143384615386,317.5147278635839,273.4502480000003,40.614844868735084,9.885013333333335,9.885013333333335,19.77002666666667,37.28270222222222,1.0996700000000001,1.0996700000000001,18.67035666666667,19.77002666666667,0,354.7974300858061,352.50547620206873,1.0065018958242327,0.0064598942646881445,PIM,integer-crossing refinement,Analytical transfer and overlap terms; native scan and GPU operator costs unchanged
544,1024,1568,450.0,mq,94.4852676923077,129.33193317422436,94.4852676923077,318.3024685588398,273.64403600000026,40.71560859188544,9.903217777777778,9.903217777777778,19.806435555555556,37.28270222222222,1.0996700000000001,1.0996700000000001,18.706765555555556,19.806435555555556,0,355.585170781062,352.87284570299676,1.0076864091728615,0.007627778942826778,PIM,supplement,Analytical transfer and overlap terms; native scan and GPU operator costs unchanged
545,1024,1569,450.0,mq,94.71932307692309,129.65230942018815,94.71932307692309,319.09095557403435,301.6925420000001,40.8164677804296,9.92142222222222,9.92142222222222,19.84284444444444,37.28270222222222,1.0996700000000001,1.0996700000000001,18.743174444444442,19.84284444444444,0,356.37365779625657,381.0950286693186,0.9351306917873413,-0.0648693082126587,GPU,integer-crossing refinement,Analytical transfer and overlap terms; native scan and GPU operator costs unchanged
546,1024,1570,450.0,mq,94.95360000000001,129.9729889091675,94.95360000000001,319.8801889091675,302.1224130000001,40.917422434367545,9.939626666666667,9.939626666666667,19.879253333333335,37.28270222222222,1.0996700000000001,1.0996700000000001,18.779583333333335,19.879253333333335,0,357.1628911313897,381.69867210103433,0.9357195013684771,-0.06428049863152287,GPU,integer-crossing refinement,Analytical transfer and overlap terms; native scan and GPU operator costs unchanged
547,1024,1571,450.0,mq,95.18809846153847,130.29397164116244,95.18809846153847,320.67016856423936,302.2585260000001,41.01847255369928,9.95783111111111,9.95783111111111,19.91566222222222,37.28270222222222,1.0996700000000001,1.0996700000000001,18.81599222222222,19.91566222222222,0,357.9528707864616,382.0086529981438,0.937028174563891,-0.06297182543610898,GPU,integer-crossing refinement,Analytical transfer and overlap terms; native scan and GPU operator costs unchanged
548,1024,1572,450.0,mq,95.42281846153847,130.61525761617295,95.42281846153847,321.4608945392499,302.39771500000006,41.11961813842482,9.976035555555557,9.976035555555557,19.952071111111113,37.28270222222222,1.0996700000000001,1.0996700000000001,18.852401111111114,19.952071111111113,0,358.74359676147213,382.32180536064715,0.9383288939616365,-0.06167110603836343,GPU,integer-crossing refinement,Analytical transfer and overlap terms; native scan and GPU operator costs unchanged
549,1024,1573,450.0,mq,95.65776000000001,130.93684683419906,95.65776000000001,322.25236683419905,302.5730470000001,41.22085918854415,9.99424,9.99424,19.98848,37.28270222222222,1.0996700000000001,1.0996700000000001,18.88881,19.98848,0,359.53506905642126,382.67119618854423,0.9395404531029201,-0.060459546897079934,GPU,integer-crossing refinement,Analytical transfer and overlap terms; native scan and GPU operator costs unchanged
550,1024,1574,450.0,mq,95.8929230769231,131.2587392952408,95.8929230769231,323.044585449087,303.0344470000001,41.32219570405728,10.012444444444446,10.012444444444446,20.024888888888892,37.28270222222222,1.0996700000000001,1.0996700000000001,18.925218888888892,20.024888888888892,0,360.3272876713092,383.30675048183514,0.9400494179097038,-0.05995058209029621,GPU,integer-crossing refinement,Analytical transfer and overlap terms; native scan and GPU operator costs unchanged
551,1024,1575,450.0,mq,96.1283076923077,131.58093499929805,96.1283076923077,323.8375503839135,303.20670300000006,41.4236276849642,10.030648888888889,10.030648888888889,20.061297777777778,37.28270222222222,1.0996700000000001,1.0996700000000001,18.961627777777778,20.061297777777778,0,361.1202526061357,383.65325624051985,0.9412672686394253,-0.05873273136057464,GPU,integer-crossing refinement,Analytical transfer and overlap terms; native scan and GPU operator costs unchanged
552,1024,1576,450.0,mq,96.36391384615386,131.9034339463709,96.36391384615386,324.63126163867867,303.7742250000001,41.52515513126492,10.048853333333332,10.048853333333332,20.097706666666664,37.28270222222222,1.0996700000000001,1.0996700000000001,18.998036666666664,20.097706666666664,0,361.9139638609009,384.3951234645984,0.9415154921813987,-0.058484507818601275,GPU,supplement,Analytical transfer and overlap terms; native scan and GPU operator costs unchanged
553,1024,1577,450.0,mq,96.59974153846154,132.22623613645936,96.59974153846154,325.4257192133825,306.09506700000014,41.62677804295943,10.067057777777778,10.067057777777778,20.134115555555557,37.28270222222222,1.0996700000000001,1.0996700000000001,19.034445555555557,20.134115555555557,0,362.7084214356047,386.8904061540707,0.9374965511322706,-0.06250344886772942,GPU,integer-crossing refinement,Analytical transfer and overlap terms; native scan and GPU operator costs unchanged
554,1024,1578,450.0,mq,96.83579076923078,132.54934156956338,96.83579076923078,326.220923108025,306.52493800000013,41.72849642004773,10.085262222222221,10.085262222222221,20.170524444444442,37.28270222222222,1.0996700000000001,1.0996700000000001,19.070854444444443,20.170524444444442,0,363.5036253302472,387.4948133089367,0.9380864281154593,-0.06191357188454071,GPU,integer-crossing refinement,Analytical transfer and overlap terms; native scan and GPU operator costs unchanged
555,1024,1579,450.0,mq,97.07206153846155,132.87275024568302,97.07206153846155,327.0168733226061,306.6610510000001,41.83031026252983,10.103466666666668,10.103466666666668,20.206933333333335,37.28270222222222,1.0996700000000001,1.0996700000000001,19.107263333333336,20.206933333333335,0,364.2995755448283,387.8055579291966,0.9393871957124971,-0.06061280428750295,GPU,integer-crossing refinement,Analytical transfer and overlap terms; native scan and GPU operator costs unchanged
556,1024,1580,450.0,mq,97.30855384615386,133.1964621648182,97.30855384615386,327.8135698571259,306.8002400000001,41.93221957040573,10.12167111111111,10.12167111111111,20.24334222222222,37.28270222222222,1.0996700000000001,1.0996700000000001,19.14367222222222,20.24334222222222,0,365.0962720793481,388.11947401485025,0.9406801166214576,-0.05931988337854239,GPU,integer-crossing refinement,Analytical transfer and overlap terms; native scan and GPU operator costs unchanged
557,1024,1581,450.0,mq,97.5452676923077,133.52047732696897,97.5452676923077,328.6110127115844,306.9755720000001,42.03422434367542,10.139875555555557,10.139875555555557,20.279751111111114,37.28270222222222,1.0996700000000001,1.0996700000000001,19.180081111111114,20.279751111111114,0,365.8937149338066,388.4696285658978,0.9418849969933711,-0.05811500300662889,GPU,integer-crossing refinement,Analytical transfer and overlap terms; native scan and GPU operator costs unchanged
558,1024,1582,450.0,mq,97.78220307692308,133.84479573213534,97.78220307692308,329.4092018859815,307.43697200000014,42.1363245823389,10.15808,10.15808,20.31616,37.28270222222222,1.0996700000000001,1.0996700000000001,19.21649,20.31616,0,366.6919041082037,389.1059465823391,0.9423960423349831,-0.05760395766501689,GPU,integer-crossing refinement,Analytical transfer and overlap terms; native scan and GPU operator costs unchanged
559,1024,1583,450.0,mq,98.01936,134.1694173803173,98.01936,330.20813738031734,307.6092280000001,42.23852028639618,10.176284444444443,10.176284444444443,20.352568888888886,37.28270222222222,1.0996700000000001,1.0996700000000001,19.252898888888886,20.352568888888886,0,367.49083960253955,389.453216064174,0.9436071508573305,-0.05639284914266954,GPU,integer-crossing refinement,Analytical transfer and overlap terms; native scan and GPU operator costs unchanged
560,1024,1584,450.0,mq,98.25673846153848,134.49434227151482,98.25673846153848,331.0078191945918,308.17675000000014,42.34081145584726,10.19448888888889,10.19448888888889,20.38897777777778,37.28270222222222,1.0996700000000001,1.0996700000000001,19.28930777777778,20.38897777777778,0,368.290521416814,390.1958470114029,0.9438606900550923,-0.056139309944907685,GPU,supplement,Analytical transfer and overlap terms; native scan and GPU operator costs unchanged
568,1024,1592,450.0,mq,100.16374153846155,137.10465814965607,100.16374153846155,337.4321412265792,313.3436609999998,43.16257756563246,10.340124444444443,10.340124444444443,20.680248888888887,37.28270222222222,1.0996700000000001,1.0996700000000001,19.580578888888887,20.680248888888887,0,374.7148434488014,396.7670663434101,0.944420228478535,-0.05557977152146503,GPU,supplement,Analytical transfer and overlap terms; native scan and GPU operator costs unchanged
576,1024,1600,450.0,mq,102.08492307692309,139.73438158079463,102.08492307692309,343.9042277346408,317.75695199999984,43.99045346062052,10.48576,10.48576,20.97152,37.28270222222222,1.0996700000000001,1.0996700000000001,19.871850000000002,20.97152,0,381.186929956863,402.59077546062036,0.9468347344042637,-0.05316526559573635,GPU,supplement,Analytical transfer and overlap terms; native scan and GPU operator costs unchanged
584,1024,1608,450.0,mq,104.02028307692309,142.38351256493053,104.02028307692309,350.4240787187767,323.1807090000003,44.82443914081146,10.631395555555555,10.631395555555555,21.26279111111111,37.28270222222222,1.0996700000000001,1.0996700000000001,20.16312111111111,21.26279111111111,0,387.7067809409989,409.431060363034,0.9469403239637642,-0.05305967603623588,GPU,supplement,Analytical transfer and overlap terms; native scan and GPU operator costs unchanged
592,1024,1616,450.0,mq,105.96982153846156,145.05205110206376,105.96982153846156,356.9916941789869,327.60784200000035,45.66453460620525,10.77703111111111,10.77703111111111,21.55406222222222,37.28270222222222,1.0996700000000001,1.0996700000000001,20.45439222222222,21.55406222222222,0,394.2743964012091,415.2808310506501,0.9494163152286725,-0.050583684771327415,GPU,supplement,Analytical transfer and overlap terms; native scan and GPU operator costs unchanged
600,1024,1624,450.0,mq,107.93353846153848,147.7399971921943,107.93353846153848,363.60707411527125,332.84242499999993,46.51073985680191,10.922666666666666,10.922666666666666,21.845333333333333,37.28270222222222,1.0996700000000001,1.0996700000000001,20.745663333333333,21.845333333333333,0,400.88977633749346,421.9441615234685,0.9501014894720756,-0.049898510527924426,GPU,supplement,Analytical transfer and overlap terms; native scan and GPU operator costs unchanged
608,1024,1632,450.0,mq,109.91143384615387,150.4473508353222,109.91143384615387,370.27021852762994,337.28032399999995,47.36305489260143,11.068302222222222,11.068302222222222,22.136604444444444,37.28270222222222,1.0996700000000001,1.0996700000000001,21.036934444444444,22.136604444444444,0,407.55292074985215,427.8169177814903,0.952633951137977,-0.04736604886202302,GPU,supplement,Analytical transfer and overlap terms; native scan and GPU operator costs unchanged
616,1024,1640,450.0,mq,111.90350769230771,153.17411203144744,111.90350769230771,376.98112741606286,343.13933499999956,48.22147971360382,11.213937777777778,11.213937777777778,22.427875555555556,37.28270222222222,1.0996700000000001,1.0996700000000001,21.328205555555556,22.427875555555556,0,414.2638296382851,435.11689582471445,0.9520747955629147,-0.04792520443708527,GPU,supplement,Analytical transfer and overlap terms; native scan and GPU operator costs unchanged
624,1024,1648,450.0,mq,113.90976,155.92028078057,113.90976,383.73980078057,347.59568999999954,49.08601431980907,11.359573333333334,11.359573333333334,22.719146666666667,37.28270222222222,1.0996700000000001,1.0996700000000001,21.619476666666667,22.719146666666667,0,421.02250300279223,441.020327653142,0.9546555489703462,-0.04534445102965374,GPU,supplement,Analytical transfer and overlap terms; native scan and GPU operator costs unchanged
632,1024,1656,450.0,mq,115.93019076923079,158.6858570826899,115.93019076923079,390.5462386211515,352.1735470000006,49.95665871121719,11.50520888888889,11.50520888888889,23.01041777777778,37.28270222222222,1.0996700000000001,1.0996700000000001,21.91074777777778,23.01041777777778,0,427.8289408433737,447.05137126677334,0.9570017415024796,-0.04299825849752034,GPU,supplement,Analytical transfer and overlap terms; native scan and GPU operator costs unchanged
640,1024,1664,450.0,mq,117.96480000000001,161.4708409378071,117.96480000000001,397.40044093780716,356.6314400000006,50.83341288782816,11.650844444444445,11.650844444444445,23.30168888888889,37.28270222222222,1.0996700000000001,1.0996700000000001,22.20201888888889,23.30168888888889,0,434.6831431600294,452.9685606656066,0.9596320383059079,-0.040367961694092104,GPU,supplement,Analytical transfer and overlap terms; native scan and GPU operator costs unchanged
648,1024,1672,450.0,mq,120.01358769230771,164.2752323459217,120.01358769230771,404.3024077305371,366.2593200000001,51.71627684964201,11.796479999999999,11.796479999999999,23.592959999999998,37.28270222222222,1.0996700000000001,1.0996700000000001,22.49329,23.592959999999998,0,441.5851099527593,464.0618468496421,0.9515652125908007,-0.048434787409199286,GPU,supplement,Analytical transfer and overlap terms; native scan and GPU operator costs unchanged
656,1024,1680,450.0,mq,122.07655384615386,167.09903130703356,122.07655384615386,411.25213899934124,370.78104000000013,52.605250596658706,11.942115555555556,11.942115555555556,23.884231111111113,37.28270222222222,1.0996700000000001,1.0996700000000001,22.784561111111113,23.884231111111113,0,448.53484122156345,470.05508281888103,0.9542176175007778,-0.045782382499222195,GPU,supplement,Analytical transfer and overlap terms; native scan and GPU operator costs unchanged
664,1024,1688,450.0,mq,124.15369846153847,169.94223782114278,124.15369846153847,418.2496347442197,376.51547300000027,53.50033412887828,12.08775111111111,12.08775111111111,24.17550222222222,37.28270222222222,1.0996700000000001,1.0996700000000001,23.07583222222222,24.17550222222222,0,455.5323369664419,477.26714157332304,0.9544598764221819,-0.04554012357781811,GPU,supplement,Analytical transfer and overlap terms; native scan and GPU operator costs unchanged
672,1024,1696,450.0,mq,126.24502153846156,172.80485188824935,126.24502153846156,425.2948949651725,381.0518040000003,54.40152744630072,12.233386666666668,12.233386666666668,24.466773333333336,37.28270222222222,1.0996700000000001,1.0996700000000001,23.367103333333336,24.466773333333336,0,462.5775971873947,483.2872081129677,0.9571484397312413,-0.04285156026875872,GPU,supplement,Analytical transfer and overlap terms; native scan and GPU operator costs unchanged
680,1024,1704,450.0,mq,128.35052307692308,175.68687350835322,128.35052307692308,432.38791966219935,387.6798150000003,55.30883054892601,12.379022222222222,12.379022222222222,24.758044444444444,37.28270222222222,1.0996700000000001,1.0996700000000001,23.658374444444444,24.758044444444444,0,469.67062188442156,491.4050644378152,0.9557708210063757,-0.04422917899362437,GPU,supplement,Analytical transfer and overlap terms; native scan and GPU operator costs unchanged
688,1024,1712,450.0,mq,130.4702030769231,178.58830268145445,130.4702030769231,439.5287088353007,392.2407540000003,56.22224343675418,12.524657777777778,12.524657777777778,25.049315555555555,37.28270222222222,1.0996700000000001,1.0996700000000001,23.949645555555556,25.049315555555555,0,476.8114110575229,497.4619585478656,0.9584881876181579,-0.041511812381842116,GPU,supplement,Analytical transfer and overlap terms; native scan and GPU operator costs unchanged
696,1024,1720,450.0,mq,132.60406153846156,181.50913940755302,132.60406153846156,446.7172624844761,398.94258900000045,57.1417661097852,12.670293333333333,12.670293333333333,25.340586666666667,37.28270222222222,1.0996700000000001,1.0996700000000001,24.240916666666667,25.340586666666667,0,483.99996470669834,505.665858443119,0.957153734279931,-0.04284626572006902,GPU,supplement,Analytical transfer and overlap terms; native scan and GPU operator costs unchanged
704,1024,1728,450.0,mq,134.75209846153848,184.4493836866489,134.75209846153848,453.95358060972586,403.5281360000005,58.067398568019094,12.81592888888889,12.81592888888889,25.63185777777778,37.28270222222222,1.0996700000000001,1.0996700000000001,24.53218777777778,25.63185777777778,0,491.2362828319481,511.7595801235751,0.959896603622601,-0.040103396377399056,GPU,supplement,Analytical transfer and overlap terms; native scan and GPU operator costs unchanged
712,1024,1736,450.0,mq,136.91431384615387,187.40903551874212,136.91431384615387,461.23766321104983,410.44067700000016,58.999140811455845,12.961564444444445,12.961564444444445,25.92312888888889,37.28270222222222,1.0996700000000001,1.0996700000000001,24.82345888888889,25.92312888888889,0,498.52036543327205,520.1864055892338,0.9583494687228132,-0.041650531277186785,GPU,supplement,Analytical transfer and overlap terms; native scan and GPU operator costs unchanged
720,1024,1744,450.0,mq,139.09070769230772,190.38809490383267,139.09070769230772,468.5695102884481,415.05237000000017,59.93699284009546,13.1072,13.1072,26.2144,37.28270222222222,1.0996700000000001,1.0996700000000001,25.11473,26.2144,0,505.8522125106703,526.3184928400956,0.961114267106622,-0.038885732893378065,GPU,supplement,Analytical transfer and overlap terms; native scan and GPU operator costs unchanged
728,1024,1752,450.0,mq,141.28128,193.38656184192055,141.28128,475.9491218419206,423.8628029999996,60.88095465393795,13.252835555555555,13.252835555555555,26.50567111111111,37.28270222222222,1.0996700000000001,1.0996700000000001,25.40600111111111,26.50567111111111,0,513.2318240641429,536.6554298761597,0.9563526156487001,-0.04364738435129993,GPU,supplement,Analytical transfer and overlap terms; native scan and GPU operator costs unchanged
736,1024,1760,450.0,mq,143.48603076923078,196.40443633300578,143.48603076923078,483.37649787146734,428.52063599999957,61.83102625298329,13.398471111111112,13.398471111111112,26.796942222222224,37.28270222222222,1.0996700000000001,1.0996700000000001,25.697272222222225,26.796942222222224,0,520.6592000936896,542.8458766974272,0.9591289580410609,-0.04087104195893909,GPU,supplement,Analytical transfer and overlap terms; native scan and GPU operator costs unchanged
744,1024,1768,450.0,mq,145.70496,199.44171837708834,145.70496,490.8516383770883,435.4670129999996,62.7872076372315,13.544106666666666,13.544106666666666,27.088213333333332,37.28270222222222,1.0996700000000001,1.0996700000000001,25.988543333333332,27.088213333333332,0,528.1343405993106,551.3309773038978,0.9579261139687403,-0.04207388603125977,GPU,supplement,Analytical transfer and overlap terms; native scan and GPU operator costs unchanged
752,1024,1776,450.0,mq,147.9380676923077,202.4984079741682,147.9380676923077,498.37454335878357,440.1494539999996,63.74949880668258,13.689742222222224,13.689742222222224,27.379484444444447,37.28270222222222,1.0996700000000001,1.0996700000000001,26.279814444444447,27.379484444444447,0,535.6572455810058,557.5582516955711,0.9607197883845088,-0.039280211615491216,GPU,supplement,Analytical transfer and overlap terms; native scan and GPU operator costs unchanged
760,1024,1784,450.0,mq,150.18535384615387,205.5745051242454,150.18535384615387,505.9452128165531,447.16965499999964,64.71789976133653,13.835377777777778,13.835377777777778,27.670755555555555,37.28270222222222,1.0996700000000001,1.0996700000000001,26.571085555555555,27.670755555555555,0,543.2279150387753,566.1293958724473,0.9595472678143147,-0.04045273218568533,GPU,supplement,Analytical transfer and overlap terms; native scan and GPU operator costs unchanged
768,1024,1792,450.0,mq,152.4468184615385,208.67000982731997,152.4468184615385,513.563646750397,451.8767039999996,65.69241050119332,13.981013333333335,13.981013333333335,27.96202666666667,37.28270222222222,1.0996700000000001,1.0996700000000001,26.86235666666667,27.96202666666667,0,550.8463489726192,572.3934978345262,0.9623560558541913,-0.0376439441458087,GPU,original sweep,Analytical transfer and overlap terms; native scan and GPU operator costs unchanged
776,1024,1800,450.0,mq,154.72246153846157,211.78492208339185,154.72246153846157,521.229845160315,486.64473199999946,66.67303102625299,14.126648888888889,14.126648888888889,28.253297777777778,37.28270222222222,1.0996700000000001,1.0996700000000001,27.15362777777778,28.253297777777778,0,558.5125473825373,608.7246885818079,0.9175125600437636,-0.08248743995623645,GPU,supplement,Analytical transfer and overlap terms; native scan and GPU operator costs unchanged
784,1024,1808,450.0,mq,157.0122830769231,214.91924189246106,157.0122830769231,528.9438080463073,491.66168799999946,67.65976133651552,14.272284444444443,14.272284444444443,28.544568888888886,37.28270222222222,1.0996700000000001,1.0996700000000001,27.444898888888886,28.544568888888886,0,566.2265102685295,615.3109171142928,0.9202282854398861,-0.07977171456011392,GPU,supplement,Analytical transfer and overlap terms; native scan and GPU operator costs unchanged
792,1024,1816,450.0,mq,159.3162830769231,218.0729692545276,159.3162830769231,536.7055354083739,497.7444779999994,68.65260143198091,14.41792,14.41792,28.83584,37.28270222222222,1.0996700000000001,1.0996700000000001,27.73617,28.83584,0,573.9882376305961,622.9690894319803,0.9213751490526687,-0.07862485094733125,GPU,supplement,Analytical transfer and overlap terms; native scan and GPU operator costs unchanged
800,1024,1824,450.0,mq,161.63446153846155,221.24610416959146,161.63446153846155,544.5150272465146,502.7721999999994,69.65155131264916,14.563555555555554,14.563555555555554,29.12711111111111,37.28270222222222,1.0996700000000001,1.0996700000000001,28.02744111111111,29.12711111111111,0,581.7977294687369,629.5783035348708,0.9241070192573949,-0.07589298074260506,GPU,supplement,Analytical transfer and overlap terms; native scan and GPU operator costs unchanged
808,1024,1832,450.0,mq,163.96681846153848,224.43864663765268,163.96681846153848,552.3722835607296,509.1979639999995,70.65661097852028,14.709191111111112,14.709191111111112,29.418382222222224,37.28270222222222,1.0996700000000001,1.0996700000000001,28.318712222222224,29.418382222222224,0,589.6549857829518,637.5916694229642,0.9248160132277196,-0.07518398677228046,GPU,supplement,Analytical transfer and overlap terms; native scan and GPU operator costs unchanged
816,1024,1840,450.0,mq,166.31335384615386,227.65059665871124,166.31335384615386,560.277304351019,514.2395279999995,71.66778042959427,14.854826666666666,14.854826666666666,29.709653333333332,37.28270222222222,1.0996700000000001,1.0996700000000001,28.609983333333332,29.709653333333332,0,597.5600065732413,644.2269450962604,0.9275613370750176,-0.07243866292498233,GPU,supplement,Analytical transfer and overlap terms; native scan and GPU operator costs unchanged
824,1024,1848,450.0,mq,168.67406769230772,230.8819542327671,168.67406769230772,568.2300896173825,520.3899899999994,72.68505966587112,15.000462222222222,15.000462222222222,30.000924444444443,37.28270222222222,1.0996700000000001,1.0996700000000001,28.901254444444444,30.000924444444443,0,605.5127918396048,651.9772285547594,0.9287330374740962,-0.07126696252590378,GPU,supplement,Analytical transfer and overlap terms; native scan and GPU operator costs unchanged
832,1024,1856,450.0,mq,171.04896000000002,234.13271935982033,171.04896000000002,576.2306393598203,525.4423199999994,73.70844868735082,15.146097777777777,15.146097777777777,30.292195555555555,37.28270222222222,1.0996700000000001,1.0996700000000001,29.192525555555555,30.292195555555555,0,613.5133415820426,658.6354897984613,0.931491471511464,-0.06850852848853597,GPU,supplement,Analytical transfer and overlap terms; native scan and GPU operator costs unchanged
840,1024,1864,450.0,mq,173.4380307692308,237.40289203987084,173.4380307692308,584.2789535783324,531.9480599999997,74.7379474940334,15.291733333333333,15.291733333333333,30.583466666666666,37.28270222222222,1.0996700000000001,1.0996700000000001,29.483796666666667,30.583466666666666,0,621.5616558005547,666.7532708273665,0.9322213823252281,-0.06777861767477195,GPU,supplement,Analytical transfer and overlap terms; native scan and GPU operator costs unchanged
848,1024,1872,450.0,mq,175.84128000000004,240.69247227291874,175.84128000000004,592.3750322729188,537.0142319999998,75.77355608591886,15.437368888888889,15.437368888888889,30.874737777777778,37.28270222222222,1.0996700000000001,1.0996700000000001,29.775067777777778,30.874737777777778,0,629.6577344951411,673.4375936414741,0.9349904734162485,-0.06500952658375146,GPU,supplement,Analytical transfer and overlap terms; native scan and GPU operator costs unchanged
856,1024,1880,450.0,mq,178.25870769230772,244.00146005896394,178.25870769230772,600.5188754435794,543.2323659999997,76.81527446300716,15.583004444444445,15.583004444444445,31.16600888888889,37.28270222222222,1.0996700000000001,1.0996700000000001,30.06633888888889,31.16600888888889,0,637.8015776658017,681.2799882407847,0.9361812891535918,-0.06381871084640825,GPU,supplement,Analytical transfer and overlap terms; native scan and GPU operator costs unchanged
864,1024,1888,450.0,mq,180.69031384615388,247.32985539800646,180.69031384615388,608.7104830903143,548.3093039999998,77.86310262529832,15.728639999999999,15.728639999999999,31.457279999999997,37.28270222222222,1.0996700000000001,1.0996700000000001,30.357609999999998,31.457279999999997,0,645.9931853125365,687.9872966252981,0.9389609204722962,-0.06103907952770387,GPU,supplement,Analytical transfer and overlap terms; native scan and GPU operator costs unchanged
872,1024,1896,450.0,mq,183.1360984615385,250.6776582900463,183.1360984615385,616.9498552131233,556.0685139999995,78.91704057279236,15.874275555555556,15.874275555555556,31.748551111111112,37.28270222222222,1.0996700000000001,1.0996700000000001,30.648881111111113,31.748551111111112,0,654.2325574353456,697.3829867950141,0.9381252049781479,-0.06187479502185207,GPU,supplement,Analytical transfer and overlap terms; native scan and GPU operator costs unchanged
880,1024,1904,450.0,mq,185.59606153846156,254.04486873508353,185.59606153846156,625.2369918120066,561.1700599999995,79.97708830548926,16.01991111111111,16.01991111111111,32.03982222222222,37.28270222222222,1.0996700000000001,1.0996700000000001,30.94015222222222,32.03982222222222,0,662.5196940342289,704.1271227499332,0.9409092089036302,-0.05909079109636983,GPU,supplement,Analytical transfer and overlap terms; native scan and GPU operator costs unchanged
888,1024,1912,450.0,mq,188.0702030769231,257.4314867331181,188.0702030769231,633.5718928869643,569.0030940000001,81.04324582338901,16.165546666666668,16.165546666666668,32.331093333333335,37.28270222222222,1.0996700000000001,1.0996700000000001,31.231423333333336,32.331093333333335,0,670.8545951091866,713.6088564900558,0.940087260700267,-0.05991273929973294,GPU,supplement,Analytical transfer and overlap terms; native scan and GPU operator costs unchanged
896,1024,1920,450.0,mq,190.5585230769231,260.83751228414997,190.5585230769231,641.9545584379962,574.1292480000002,82.11551312649165,16.31118222222222,16.31118222222222,32.62236444444444,37.28270222222222,1.0996700000000001,1.0996700000000001,31.522694444444443,32.62236444444444,0,679.2372606602185,720.3898200153808,0.9428745962091972,-0.05712540379080274,GPU,supplement,Analytical transfer and overlap terms; native scan and GPU operator costs unchanged
1024,1024,2048,450.0,mq,232.29991384615388,317.9733483082971,232.29991384615388,782.5731760006049,684.102400000002,100.10272076372314,18.64135111111111,18.64135111111111,37.28270222222222,37.28270222222222,1.0996700000000001,1.0996700000000001,36.18303222222222,37.28270222222222,0,819.8558782228272,857.6708552081697,0.9559096863841033,-0.04409031361589663,GPU,original sweep,Analytical transfer and overlap terms; native scan and GPU operator costs unchanged
1280,1024,2304,450.0,mq,326.67175384615393,447.1500210585428,326.67175384615393,1100.4935287508506,958.9737600000033,140.7694510739857,23.30168888888889,23.30168888888889,46.60337777777778,37.28270222222222,1.0996700000000001,1.0996700000000001,45.50370777777778,46.60337777777778,0,1137.7762309730729,1191.8502966295446,0.9546301529568028,-0.04536984704319724,GPU,supplement,Analytical transfer and overlap terms; native scan and GPU operator costs unchanged
1536,1024,2560,450.0,mq,435.5623384615385,596.200028078057,435.5623384615385,1467.324705001134,1269.3298559999976,187.6926014319809,27.96202666666667,27.96202666666667,55.92405333333334,37.28270222222222,1.0996700000000001,1.0996700000000001,54.82438333333334,55.92405333333334,0,1504.6074072233562,1567.7708940986452,0.9597112772580183,-0.04028872274198164,GPU,supplement,Analytical transfer and overlap terms; native scan and GPU operator costs unchanged
1552,1024,2576,450.0,mq,442.8500676923078,606.175510318686,442.8500676923078,1491.8756457033014,1286.4308779999972,190.83303102625297,28.253297777777778,28.253297777777778,56.506595555555556,37.28270222222222,1.0996700000000001,1.0996700000000001,55.40692555555555,56.506595555555556,0,1529.1583479255237,1589.1774301373612,0.962232610988787,-0.037767389011212994,GPU,upper-crossing refinement,Analytical transfer and overlap terms; native scan and GPU operator costs unchanged
1568,1024,2592,450.0,mq,450.1945107692308,616.2286227713042,450.1945107692308,1516.6176443097659,1302.7075320000024,193.99789976133653,28.544568888888886,28.544568888888886,57.08913777777777,37.28270222222222,1.0996700000000001,1.0996700000000001,55.98946777777777,57.08913777777777,0,1553.9003465319881,1609.7840373168945,0.9652849764381747,-0.03471502356182535,GPU,upper-crossing refinement,Analytical transfer and overlap terms; native scan and GPU operator costs unchanged
1584,1024,2608,450.0,mq,457.59566769230776,626.3593654359119,457.59566769230776,1541.5507008205273,1318.436657999995,197.1872076372315,28.83584,28.83584,57.67168,37.28270222222222,1.0996700000000001,1.0996700000000001,56.57201,57.67168,0,1578.8334030427495,1629.8675556372266,0.9686881597109133,-0.031311840289086755,GPU,upper-crossing refinement,Analytical transfer and overlap terms; native scan and GPU operator costs unchanged
1600,1024,2624,450.0,mq,465.05353846153855,636.5677383125088,465.05353846153855,1566.6748152355858,1334.2149999999958,200.40095465393796,29.12711111111111,29.12711111111111,58.25422222222222,37.28270222222222,1.0996700000000001,1.0996700000000001,57.154552222222215,58.25422222222222,0,1603.957517457808,1650.0247290983784,0.9720808962264809,-0.02791910377351909,GPU,upper-crossing refinement,Analytical transfer and overlap terms; native scan and GPU operator costs unchanged
1616,1024,2640,450.0,mq,472.56812307692314,646.8537414010951,472.56812307692314,1591.9899875549413,1350.0425579999987,203.63914081145583,29.418382222222224,29.418382222222224,58.83676444444445,37.28270222222222,1.0996700000000001,1.0996700000000001,57.737094444444445,58.83676444444445,0,1629.2726897771636,1670.2555577003434,0.9754631153692396,-0.02453688463076047,GPU,upper-crossing refinement,Analytical transfer and overlap terms; native scan and GPU operator costs unchanged
1632,1024,2656,450.0,mq,480.1394215384616,657.2173747016707,480.1394215384616,1617.496217778594,1365.9193319999972,206.9017661097852,29.709653333333332,29.709653333333332,59.419306666666664,37.28270222222222,1.0996700000000001,1.0996700000000001,58.31963666666666,59.419306666666664,0,1654.7789200008162,1690.5600414431158,0.9788347526469656,-0.021165247353034343,GPU,upper-crossing refinement,Analytical transfer and overlap terms; native scan and GPU operator costs unchanged
1648,1024,2672,450.0,mq,487.7674338461539,667.6586382142356,487.7674338461539,1643.1935059065434,1381.8453220000004,210.188830548926,30.000924444444443,30.000924444444443,60.00184888888889,37.28270222222222,1.0996700000000001,1.0996700000000001,58.90217888888888,60.00184888888889,0,1680.4762081287656,1710.938180326704,0.9821957493565772,-0.017804250643422823,GPU,upper-crossing refinement,Analytical transfer and overlap terms; native scan and GPU operator costs unchanged
1664,1024,2688,450.0,mq,495.4521600000001,678.1775319387899,495.4521600000001,1669.0818519387901,1397.8205280000022,213.50033412887828,30.292195555555555,30.292195555555555,60.58439111111111,37.28270222222222,1.0996700000000001,1.0996700000000001,59.48472111111111,60.58439111111111,0,1706.3645541610124,1731.3899743511026,0.9855460522696688,-0.01445394773033116,GPU,upper-crossing refinement,Analytical transfer and overlap terms; native scan and GPU operator costs unchanged
1680,1024,2704,450.0,mq,503.19360000000006,688.7740558753335,503.19360000000006,1695.1612558753336,1413.6834599999947,216.83627684964202,30.583466666666666,30.583466666666666,61.16693333333333,37.28270222222222,1.0996700000000001,1.0996700000000001,60.06726333333333,61.16693333333333,0,1732.4439580975559,1751.7539335163035,0.9889767763329712,-0.011023223667028752,GPU,upper-crossing refinement,Analytical transfer and overlap terms; native scan and GPU operator costs unchanged
1696,1024,2720,450.0,mq,510.9917538461539,699.4482100238664,510.9917538461539,1721.4317177161743,1432.3640079999955,220.1966587112172,30.874737777777778,30.874737777777778,61.749475555555556,37.28270222222222,1.0996700000000001,1.0996700000000001,60.64980555555555,61.749475555555556,0,1758.7144199383965,1774.9599478223238,0.9908473833993501,-0.009152616600649885,GPU,upper-crossing refinement,Analytical transfer and overlap terms; native scan and GPU operator costs unchanged
1712,1024,2736,450.0,mq,518.8466215384617,710.1999943843887,518.8466215384617,1747.893237461312,1451.1429880000019,223.5814797136038,31.16600888888889,31.16600888888889,62.33201777777778,37.28270222222222,1.0996700000000001,1.0996700000000001,61.232347777777775,62.33201777777778,0,1785.1759396835344,1798.2888332691612,0.9927081271133801,-0.007291872886619943,GPU,upper-crossing refinement,Analytical transfer and overlap terms; native scan and GPU operator costs unchanged
1728,1024,2752,450.0,mq,526.7582030769231,721.0294089569003,526.7582030769231,1774.5458151107464,1470.0204000000026,226.9907398568019,31.457279999999997,31.457279999999997,62.914559999999994,37.28270222222222,1.0996700000000001,1.0996700000000001,61.81488999999999,62.914559999999994,0,1811.8285173329687,1821.7405898568045,0.9945590098946991,-0.005440990105300863,GPU,upper-crossing refinement,Analytical transfer and overlap terms; native scan and GPU operator costs unchanged
1744,1024,2768,450.0,mq,534.7264984615385,731.9364537414011,534.7264984615385,1801.3894506644783,1488.9962439999942,230.42443914081144,31.748551111111112,31.748551111111112,63.497102222222225,37.28270222222222,1.0996700000000001,1.0996700000000001,62.39743222222222,63.497102222222225,0,1838.6721528867006,1845.3152175852504,0.9964000379798293,-0.0035999620201706164,GPU,upper-crossing refinement,Analytical transfer and overlap terms; native scan and GPU operator costs unchanged
1760,1024,2784,450.0,mq,542.7515076923078,742.9211287378913,542.7515076923078,1828.4241441225067,1512.807560000007,233.88257756563246,32.03982222222222,32.03982222222222,64.07964444444444,37.28270222222222,1.0996700000000001,1.0996700000000001,62.97997444444444,64.07964444444444,0,1865.706846344729,1873.7497564545283,0.995707585774411,-0.00429241422558899,GPU,upper-crossing refinement,Analytical transfer and overlap terms; native scan and GPU operator costs unchanged
1776,1024,2800,450.0,mq,550.8332307692308,753.983433946371,550.8332307692308,1855.6498954848325,1532.0233320000073,237.3651551312649,32.331093333333335,32.331093333333335,64.66218666666667,37.28270222222222,1.0996700000000001,1.0996700000000001,63.56251666666667,64.66218666666667,0,1892.9325977070548,1897.6131904646054,0.9975334315860206,-0.002466568413979355,GPU,upper-crossing refinement,Analytical transfer and overlap terms; native scan and GPU operator costs unchanged
1792,1024,2816,450.0,mq,558.9716676923077,765.1233693668399,558.9716676923077,1883.0667047514553,1551.3375359999993,240.87217183770883,32.62236444444444,32.62236444444444,65.24472888888889,37.28270222222222,1.0996700000000001,1.0996700000000001,64.14505888888888,65.24472888888889,0,1920.3494069736776,1921.599495615486,0.9993494541163959,-0.0006505458836040957,GPU,supplement,Analytical transfer and overlap terms; native scan and GPU operator costs unchanged
2048,1024,3072,450.0,mq,696.8997415384616,953.9200449248913,696.8997415384616,2347.7195280018145,1939.1104000000041,300.3081622911694,37.28270222222222,37.28270222222222,74.56540444444444,37.28270222222222,1.0996700000000001,1.0996700000000001,73.46573444444444,74.56540444444444,0,2385.002230224037,2387.4497011800627,0.9989748596777489,-0.0010251403222510413,GPU,supplement,Analytical transfer and overlap terms; native scan and GPU operator costs unchanged
