case_id,variant,phase,layer,step,GPU_KV_bytes,remote_shared_bytes,remote_private_bytes,total_KV_bytes
LLAMA-7B--KVChime-CB-3,F0,prefill,0,0,56033280,0,0,56033280
LLAMA-7B--KVChime-CB-3,F0,prefill,1,0,112066560,0,0,112066560
LLAMA-7B--KVChime-CB-3,F0,prefill,2,0,168099840,0,0,168099840
LLAMA-7B--KVChime-CB-3,F0,prefill,3,0,224133120,0,0,224133120
LLAMA-7B--KVChime-CB-3,F0,prefill,4,0,280166400,0,0,280166400
LLAMA-7B--KVChime-CB-3,F0,prefill,5,0,336199680,0,0,336199680
LLAMA-7B--KVChime-CB-3,F0,prefill,6,0,392232960,0,0,392232960
LLAMA-7B--KVChime-CB-3,F0,prefill,7,0,448266240,0,0,448266240
LLAMA-7B--KVChime-CB-3,F0,prefill,8,0,504299520,0,0,504299520
LLAMA-7B--KVChime-CB-3,F0,prefill,9,0,560332800,0,0,560332800
LLAMA-7B--KVChime-CB-3,F0,prefill,10,0,616366080,0,0,616366080
LLAMA-7B--KVChime-CB-3,F0,prefill,11,0,672399360,0,0,672399360
LLAMA-7B--KVChime-CB-3,F0,prefill,12,0,728432640,0,0,728432640
LLAMA-7B--KVChime-CB-3,F0,prefill,13,0,784465920,0,0,784465920
LLAMA-7B--KVChime-CB-3,F0,prefill,14,0,840499200,0,0,840499200
LLAMA-7B--KVChime-CB-3,F0,prefill,15,0,896532480,0,0,896532480
LLAMA-7B--KVChime-CB-3,F0,prefill,16,0,952565760,0,0,952565760
LLAMA-7B--KVChime-CB-3,F0,prefill,17,0,1008599040,0,0,1008599040
LLAMA-7B--KVChime-CB-3,F0,prefill,18,0,1064632320,0,0,1064632320
LLAMA-7B--KVChime-CB-3,F0,prefill,19,0,1120665600,0,0,1120665600
LLAMA-7B--KVChime-CB-3,F0,prefill,20,0,1176698880,0,0,1176698880
LLAMA-7B--KVChime-CB-3,F0,prefill,21,0,1232732160,0,0,1232732160
LLAMA-7B--KVChime-CB-3,F0,prefill,22,0,1288765440,0,0,1288765440
LLAMA-7B--KVChime-CB-3,F0,prefill,23,0,1344798720,0,0,1344798720
LLAMA-7B--KVChime-CB-3,F0,prefill,24,0,1400832000,0,0,1400832000
LLAMA-7B--KVChime-CB-3,F0,prefill,25,0,1456865280,0,0,1456865280
LLAMA-7B--KVChime-CB-3,F0,prefill,26,0,1512898560,0,0,1512898560
LLAMA-7B--KVChime-CB-3,F0,prefill,27,0,1568931840,0,0,1568931840
LLAMA-7B--KVChime-CB-3,F0,prefill,28,0,1624965120,0,0,1624965120
LLAMA-7B--KVChime-CB-3,F0,prefill,29,0,1680998400,0,0,1680998400
LLAMA-7B--KVChime-CB-3,F0,prefill,30,0,1737031680,0,0,1737031680
LLAMA-7B--KVChime-CB-3,F0,prefill,31,0,1793064960,0,0,1793064960
LLAMA-7B--KVChime-CB-3,F0,decode,all,1,1793589248,0,0,1793589248
LLAMA-7B--KVChime-CB-3,F0,decode,all,2,1794113536,0,0,1794113536
LLAMA-7B--KVChime-CB-3,F0,decode,all,3,1794637824,0,0,1794637824
LLAMA-7B--KVChime-CB-3,F0,decode,all,4,1795162112,0,0,1795162112
LLAMA-7B--KVChime-CB-3,F0,decode,all,5,1795686400,0,0,1795686400
LLAMA-7B--KVChime-CB-3,F0,decode,all,6,1796210688,0,0,1796210688
LLAMA-7B--KVChime-CB-3,F0,decode,all,7,1796734976,0,0,1796734976
LLAMA-7B--KVChime-CB-3,F0,decode,all,8,1797259264,0,0,1797259264
LLAMA-7B--KVChime-CB-3,F0,decode,all,9,1797783552,0,0,1797783552
LLAMA-7B--KVChime-CB-3,F1,prefill,0,0,56033280,3541565440,0,3597598720
LLAMA-7B--KVChime-CB-3,F1,prefill,1,0,112066560,3541565440,0,3653632000
LLAMA-7B--KVChime-CB-3,F1,prefill,2,0,168099840,3541565440,0,3709665280
LLAMA-7B--KVChime-CB-3,F1,prefill,3,0,224133120,3541565440,0,3765698560
LLAMA-7B--KVChime-CB-3,F1,prefill,4,0,280166400,3541565440,0,3821731840
LLAMA-7B--KVChime-CB-3,F1,prefill,5,0,336199680,3541565440,0,3877765120
LLAMA-7B--KVChime-CB-3,F1,prefill,6,0,392232960,3541565440,0,3933798400
LLAMA-7B--KVChime-CB-3,F1,prefill,7,0,448266240,3541565440,0,3989831680
LLAMA-7B--KVChime-CB-3,F1,prefill,8,0,504299520,3541565440,0,4045864960
LLAMA-7B--KVChime-CB-3,F1,prefill,9,0,560332800,3541565440,0,4101898240
LLAMA-7B--KVChime-CB-3,F1,prefill,10,0,616366080,3541565440,0,4157931520
LLAMA-7B--KVChime-CB-3,F1,prefill,11,0,672399360,3541565440,0,4213964800
LLAMA-7B--KVChime-CB-3,F1,prefill,12,0,728432640,3541565440,0,4269998080
LLAMA-7B--KVChime-CB-3,F1,prefill,13,0,784465920,3541565440,0,4326031360
LLAMA-7B--KVChime-CB-3,F1,prefill,14,0,840499200,3541565440,0,4382064640
LLAMA-7B--KVChime-CB-3,F1,prefill,15,0,896532480,3541565440,0,4438097920
LLAMA-7B--KVChime-CB-3,F1,prefill,16,0,952565760,3541565440,0,4494131200
LLAMA-7B--KVChime-CB-3,F1,prefill,17,0,1008599040,3541565440,0,4550164480
LLAMA-7B--KVChime-CB-3,F1,prefill,18,0,1064632320,3541565440,0,4606197760
LLAMA-7B--KVChime-CB-3,F1,prefill,19,0,1120665600,3541565440,0,4662231040
LLAMA-7B--KVChime-CB-3,F1,prefill,20,0,1176698880,3541565440,0,4718264320
LLAMA-7B--KVChime-CB-3,F1,prefill,21,0,1232732160,3541565440,0,4774297600
LLAMA-7B--KVChime-CB-3,F1,prefill,22,0,1288765440,3541565440,0,4830330880
LLAMA-7B--KVChime-CB-3,F1,prefill,23,0,1344798720,3541565440,0,4886364160
LLAMA-7B--KVChime-CB-3,F1,prefill,24,0,1400832000,3541565440,0,4942397440
LLAMA-7B--KVChime-CB-3,F1,prefill,25,0,1456865280,3541565440,0,4998430720
LLAMA-7B--KVChime-CB-3,F1,prefill,26,0,1512898560,3541565440,0,5054464000
LLAMA-7B--KVChime-CB-3,F1,prefill,27,0,1568931840,3541565440,0,5110497280
LLAMA-7B--KVChime-CB-3,F1,prefill,28,0,1624965120,3541565440,0,5166530560
LLAMA-7B--KVChime-CB-3,F1,prefill,29,0,1680998400,3541565440,0,5222563840
LLAMA-7B--KVChime-CB-3,F1,prefill,30,0,1737031680,3541565440,0,5278597120
LLAMA-7B--KVChime-CB-3,F1,prefill,31,0,1793064960,3541565440,0,5334630400
LLAMA-7B--KVChime-CB-3,F1,decode,all,1,1793589248,3541565440,0,5335154688
LLAMA-7B--KVChime-CB-3,F1,decode,all,2,1794113536,3541565440,0,5335678976
LLAMA-7B--KVChime-CB-3,F1,decode,all,3,1794637824,3541565440,0,5336203264
LLAMA-7B--KVChime-CB-3,F1,decode,all,4,1795162112,3541565440,0,5336727552
LLAMA-7B--KVChime-CB-3,F1,decode,all,5,1795686400,3541565440,0,5337251840
LLAMA-7B--KVChime-CB-3,F1,decode,all,6,1796210688,3541565440,0,5337776128
LLAMA-7B--KVChime-CB-3,F1,decode,all,7,1796734976,3541565440,0,5338300416
LLAMA-7B--KVChime-CB-3,F1,decode,all,8,1797259264,3541565440,0,5338824704
LLAMA-7B--KVChime-CB-3,F1,decode,all,9,1797783552,3541565440,0,5339348992
LLAMA-7B--KVChime-CB-3,F2,prefill,0,0,56033280,3541565440,56033280,3653632000
LLAMA-7B--KVChime-CB-3,F2,prefill,1,0,56033280,3541565440,112066560,3709665280
LLAMA-7B--KVChime-CB-3,F2,prefill,2,0,56033280,3541565440,168099840,3765698560
LLAMA-7B--KVChime-CB-3,F2,prefill,3,0,56033280,3541565440,224133120,3821731840
LLAMA-7B--KVChime-CB-3,F2,prefill,4,0,56033280,3541565440,280166400,3877765120
LLAMA-7B--KVChime-CB-3,F2,prefill,5,0,56033280,3541565440,336199680,3933798400
LLAMA-7B--KVChime-CB-3,F2,prefill,6,0,56033280,3541565440,392232960,3989831680
LLAMA-7B--KVChime-CB-3,F2,prefill,7,0,56033280,3541565440,448266240,4045864960
LLAMA-7B--KVChime-CB-3,F2,prefill,8,0,56033280,3541565440,504299520,4101898240
LLAMA-7B--KVChime-CB-3,F2,prefill,9,0,56033280,3541565440,560332800,4157931520
LLAMA-7B--KVChime-CB-3,F2,prefill,10,0,56033280,3541565440,616366080,4213964800
LLAMA-7B--KVChime-CB-3,F2,prefill,11,0,56033280,3541565440,672399360,4269998080
LLAMA-7B--KVChime-CB-3,F2,prefill,12,0,56033280,3541565440,728432640,4326031360
LLAMA-7B--KVChime-CB-3,F2,prefill,13,0,56033280,3541565440,784465920,4382064640
LLAMA-7B--KVChime-CB-3,F2,prefill,14,0,56033280,3541565440,840499200,4438097920
LLAMA-7B--KVChime-CB-3,F2,prefill,15,0,56033280,3541565440,896532480,4494131200
LLAMA-7B--KVChime-CB-3,F2,prefill,16,0,56033280,3541565440,952565760,4550164480
LLAMA-7B--KVChime-CB-3,F2,prefill,17,0,56033280,3541565440,1008599040,4606197760
LLAMA-7B--KVChime-CB-3,F2,prefill,18,0,56033280,3541565440,1064632320,4662231040
LLAMA-7B--KVChime-CB-3,F2,prefill,19,0,56033280,3541565440,1120665600,4718264320
LLAMA-7B--KVChime-CB-3,F2,prefill,20,0,56033280,3541565440,1176698880,4774297600
LLAMA-7B--KVChime-CB-3,F2,prefill,21,0,56033280,3541565440,1232732160,4830330880
LLAMA-7B--KVChime-CB-3,F2,prefill,22,0,56033280,3541565440,1288765440,4886364160
LLAMA-7B--KVChime-CB-3,F2,prefill,23,0,56033280,3541565440,1344798720,4942397440
LLAMA-7B--KVChime-CB-3,F2,prefill,24,0,56033280,3541565440,1400832000,4998430720
LLAMA-7B--KVChime-CB-3,F2,prefill,25,0,56033280,3541565440,1456865280,5054464000
LLAMA-7B--KVChime-CB-3,F2,prefill,26,0,56033280,3541565440,1512898560,5110497280
LLAMA-7B--KVChime-CB-3,F2,prefill,27,0,56033280,3541565440,1568931840,5166530560
LLAMA-7B--KVChime-CB-3,F2,prefill,28,0,56033280,3541565440,1624965120,5222563840
LLAMA-7B--KVChime-CB-3,F2,prefill,29,0,56033280,3541565440,1680998400,5278597120
LLAMA-7B--KVChime-CB-3,F2,prefill,30,0,56033280,3541565440,1737031680,5334630400
LLAMA-7B--KVChime-CB-3,F2,prefill,31,0,56033280,3541565440,1793064960,5390663680
LLAMA-7B--KVChime-CB-3,F2,decode,all,1,16384,3541565440,1793589248,5335171072
LLAMA-7B--KVChime-CB-3,F2,decode,all,2,16384,3541565440,1794113536,5335695360
LLAMA-7B--KVChime-CB-3,F2,decode,all,3,16384,3541565440,1794637824,5336219648
LLAMA-7B--KVChime-CB-3,F2,decode,all,4,16384,3541565440,1795162112,5336743936
LLAMA-7B--KVChime-CB-3,F2,decode,all,5,16384,3541565440,1795686400,5337268224
LLAMA-7B--KVChime-CB-3,F2,decode,all,6,16384,3541565440,1796210688,5337792512
LLAMA-7B--KVChime-CB-3,F2,decode,all,7,16384,3541565440,1796734976,5338316800
LLAMA-7B--KVChime-CB-3,F2,decode,all,8,16384,3541565440,1797259264,5338841088
LLAMA-7B--KVChime-CB-3,F2,decode,all,9,16384,3541565440,1797783552,5339365376
LLAMA-7B--KVChime-CB-3,F3,prefill,0,0,56033280,3541565440,56033280,3653632000
LLAMA-7B--KVChime-CB-3,F3,prefill,1,0,56033280,3541565440,112066560,3709665280
LLAMA-7B--KVChime-CB-3,F3,prefill,2,0,56033280,3541565440,121815040,3719413760
LLAMA-7B--KVChime-CB-3,F3,prefill,3,0,56033280,3541565440,131563520,3729162240
LLAMA-7B--KVChime-CB-3,F3,prefill,4,0,56033280,3541565440,141312000,3738910720
LLAMA-7B--KVChime-CB-3,F3,prefill,5,0,56033280,3541565440,151060480,3748659200
LLAMA-7B--KVChime-CB-3,F3,prefill,6,0,56033280,3541565440,160808960,3758407680
LLAMA-7B--KVChime-CB-3,F3,prefill,7,0,56033280,3541565440,170557440,3768156160
LLAMA-7B--KVChime-CB-3,F3,prefill,8,0,56033280,3541565440,180305920,3777904640
LLAMA-7B--KVChime-CB-3,F3,prefill,9,0,56033280,3541565440,190054400,3787653120
LLAMA-7B--KVChime-CB-3,F3,prefill,10,0,56033280,3541565440,199802880,3797401600
LLAMA-7B--KVChime-CB-3,F3,prefill,11,0,56033280,3541565440,209551360,3807150080
LLAMA-7B--KVChime-CB-3,F3,prefill,12,0,56033280,3541565440,219299840,3816898560
LLAMA-7B--KVChime-CB-3,F3,prefill,13,0,56033280,3541565440,229048320,3826647040
LLAMA-7B--KVChime-CB-3,F3,prefill,14,0,56033280,3541565440,238796800,3836395520
LLAMA-7B--KVChime-CB-3,F3,prefill,15,0,56033280,3541565440,248545280,3846144000
LLAMA-7B--KVChime-CB-3,F3,prefill,16,0,56033280,3541565440,258293760,3855892480
LLAMA-7B--KVChime-CB-3,F3,prefill,17,0,56033280,3541565440,268042240,3865640960
LLAMA-7B--KVChime-CB-3,F3,prefill,18,0,56033280,3541565440,277790720,3875389440
LLAMA-7B--KVChime-CB-3,F3,prefill,19,0,56033280,3541565440,287539200,3885137920
LLAMA-7B--KVChime-CB-3,F3,prefill,20,0,56033280,3541565440,297287680,3894886400
LLAMA-7B--KVChime-CB-3,F3,prefill,21,0,56033280,3541565440,307036160,3904634880
LLAMA-7B--KVChime-CB-3,F3,prefill,22,0,56033280,3541565440,316784640,3914383360
LLAMA-7B--KVChime-CB-3,F3,prefill,23,0,56033280,3541565440,326533120,3924131840
LLAMA-7B--KVChime-CB-3,F3,prefill,24,0,56033280,3541565440,336281600,3933880320
LLAMA-7B--KVChime-CB-3,F3,prefill,25,0,56033280,3541565440,346030080,3943628800
LLAMA-7B--KVChime-CB-3,F3,prefill,26,0,56033280,3541565440,355778560,3953377280
LLAMA-7B--KVChime-CB-3,F3,prefill,27,0,56033280,3541565440,365527040,3963125760
LLAMA-7B--KVChime-CB-3,F3,prefill,28,0,56033280,3541565440,375275520,3972874240
LLAMA-7B--KVChime-CB-3,F3,prefill,29,0,56033280,3541565440,385024000,3982622720
LLAMA-7B--KVChime-CB-3,F3,prefill,30,0,56033280,3541565440,394772480,3992371200
LLAMA-7B--KVChime-CB-3,F3,prefill,31,0,56033280,3541565440,404520960,4002119680
LLAMA-7B--KVChime-CB-3,F3,decode,all,1,16384,3541565440,405045248,3946627072
LLAMA-7B--KVChime-CB-3,F3,decode,all,2,16384,3541565440,405569536,3947151360
LLAMA-7B--KVChime-CB-3,F3,decode,all,3,16384,3541565440,406093824,3947675648
LLAMA-7B--KVChime-CB-3,F3,decode,all,4,16384,3541565440,406618112,3948199936
LLAMA-7B--KVChime-CB-3,F3,decode,all,5,16384,3541565440,407142400,3948724224
LLAMA-7B--KVChime-CB-3,F3,decode,all,6,16384,3541565440,407666688,3949248512
LLAMA-7B--KVChime-CB-3,F3,decode,all,7,16384,3541565440,408190976,3949772800
LLAMA-7B--KVChime-CB-3,F3,decode,all,8,16384,3541565440,408715264,3950297088
LLAMA-7B--KVChime-CB-3,F3,decode,all,9,16384,3541565440,409239552,3950821376
LLAMA-7B--KVChime-CB-3,F4,prefill,0,0,56033280,3541565440,56033280,3653632000
LLAMA-7B--KVChime-CB-3,F4,prefill,1,0,56033280,3541565440,112066560,3709665280
LLAMA-7B--KVChime-CB-3,F4,prefill,2,0,56033280,3541565440,121815040,3719413760
LLAMA-7B--KVChime-CB-3,F4,prefill,3,0,56033280,3541565440,131563520,3729162240
LLAMA-7B--KVChime-CB-3,F4,prefill,4,0,56033280,3541565440,141312000,3738910720
LLAMA-7B--KVChime-CB-3,F4,prefill,5,0,56033280,3541565440,151060480,3748659200
LLAMA-7B--KVChime-CB-3,F4,prefill,6,0,56033280,3541565440,160808960,3758407680
LLAMA-7B--KVChime-CB-3,F4,prefill,7,0,56033280,3541565440,170557440,3768156160
LLAMA-7B--KVChime-CB-3,F4,prefill,8,0,56033280,3541565440,180305920,3777904640
LLAMA-7B--KVChime-CB-3,F4,prefill,9,0,56033280,3541565440,190054400,3787653120
LLAMA-7B--KVChime-CB-3,F4,prefill,10,0,56033280,3541565440,199802880,3797401600
LLAMA-7B--KVChime-CB-3,F4,prefill,11,0,56033280,3541565440,209551360,3807150080
LLAMA-7B--KVChime-CB-3,F4,prefill,12,0,56033280,3541565440,219299840,3816898560
LLAMA-7B--KVChime-CB-3,F4,prefill,13,0,56033280,3541565440,229048320,3826647040
LLAMA-7B--KVChime-CB-3,F4,prefill,14,0,56033280,3541565440,238796800,3836395520
LLAMA-7B--KVChime-CB-3,F4,prefill,15,0,56033280,3541565440,248545280,3846144000
LLAMA-7B--KVChime-CB-3,F4,prefill,16,0,56033280,3541565440,258293760,3855892480
LLAMA-7B--KVChime-CB-3,F4,prefill,17,0,56033280,3541565440,268042240,3865640960
LLAMA-7B--KVChime-CB-3,F4,prefill,18,0,56033280,3541565440,277790720,3875389440
LLAMA-7B--KVChime-CB-3,F4,prefill,19,0,56033280,3541565440,287539200,3885137920
LLAMA-7B--KVChime-CB-3,F4,prefill,20,0,56033280,3541565440,297287680,3894886400
LLAMA-7B--KVChime-CB-3,F4,prefill,21,0,56033280,3541565440,307036160,3904634880
LLAMA-7B--KVChime-CB-3,F4,prefill,22,0,56033280,3541565440,316784640,3914383360
LLAMA-7B--KVChime-CB-3,F4,prefill,23,0,56033280,3541565440,326533120,3924131840
LLAMA-7B--KVChime-CB-3,F4,prefill,24,0,56033280,3541565440,336281600,3933880320
LLAMA-7B--KVChime-CB-3,F4,prefill,25,0,56033280,3541565440,346030080,3943628800
LLAMA-7B--KVChime-CB-3,F4,prefill,26,0,56033280,3541565440,355778560,3953377280
LLAMA-7B--KVChime-CB-3,F4,prefill,27,0,56033280,3541565440,365527040,3963125760
LLAMA-7B--KVChime-CB-3,F4,prefill,28,0,56033280,3541565440,375275520,3972874240
LLAMA-7B--KVChime-CB-3,F4,prefill,29,0,56033280,3541565440,385024000,3982622720
LLAMA-7B--KVChime-CB-3,F4,prefill,30,0,56033280,3541565440,394772480,3992371200
LLAMA-7B--KVChime-CB-3,F4,prefill,31,0,56033280,3541565440,404520960,4002119680
LLAMA-7B--KVChime-CB-3,F4,decode,all,1,16384,3541565440,405045248,3946627072
LLAMA-7B--KVChime-CB-3,F4,decode,all,2,16384,3541565440,405569536,3947151360
LLAMA-7B--KVChime-CB-3,F4,decode,all,3,16384,3541565440,406093824,3947675648
LLAMA-7B--KVChime-CB-3,F4,decode,all,4,16384,3541565440,406618112,3948199936
LLAMA-7B--KVChime-CB-3,F4,decode,all,5,16384,3541565440,407142400,3948724224
LLAMA-7B--KVChime-CB-3,F4,decode,all,6,16384,3541565440,407666688,3949248512
LLAMA-7B--KVChime-CB-3,F4,decode,all,7,16384,3541565440,408190976,3949772800
LLAMA-7B--KVChime-CB-3,F4,decode,all,8,16384,3541565440,408715264,3950297088
LLAMA-7B--KVChime-CB-3,F4,decode,all,9,16384,3541565440,409239552,3950821376
LLAMA-7B--KVChime-CB-2,F0,prefill,0,0,56655872,0,0,56655872
LLAMA-7B--KVChime-CB-2,F0,prefill,1,0,113311744,0,0,113311744
LLAMA-7B--KVChime-CB-2,F0,prefill,2,0,169967616,0,0,169967616
LLAMA-7B--KVChime-CB-2,F0,prefill,3,0,226623488,0,0,226623488
LLAMA-7B--KVChime-CB-2,F0,prefill,4,0,283279360,0,0,283279360
LLAMA-7B--KVChime-CB-2,F0,prefill,5,0,339935232,0,0,339935232
LLAMA-7B--KVChime-CB-2,F0,prefill,6,0,396591104,0,0,396591104
LLAMA-7B--KVChime-CB-2,F0,prefill,7,0,453246976,0,0,453246976
LLAMA-7B--KVChime-CB-2,F0,prefill,8,0,509902848,0,0,509902848
LLAMA-7B--KVChime-CB-2,F0,prefill,9,0,566558720,0,0,566558720
LLAMA-7B--KVChime-CB-2,F0,prefill,10,0,623214592,0,0,623214592
LLAMA-7B--KVChime-CB-2,F0,prefill,11,0,679870464,0,0,679870464
LLAMA-7B--KVChime-CB-2,F0,prefill,12,0,736526336,0,0,736526336
LLAMA-7B--KVChime-CB-2,F0,prefill,13,0,793182208,0,0,793182208
LLAMA-7B--KVChime-CB-2,F0,prefill,14,0,849838080,0,0,849838080
LLAMA-7B--KVChime-CB-2,F0,prefill,15,0,906493952,0,0,906493952
LLAMA-7B--KVChime-CB-2,F0,prefill,16,0,963149824,0,0,963149824
LLAMA-7B--KVChime-CB-2,F0,prefill,17,0,1019805696,0,0,1019805696
LLAMA-7B--KVChime-CB-2,F0,prefill,18,0,1076461568,0,0,1076461568
LLAMA-7B--KVChime-CB-2,F0,prefill,19,0,1133117440,0,0,1133117440
LLAMA-7B--KVChime-CB-2,F0,prefill,20,0,1189773312,0,0,1189773312
LLAMA-7B--KVChime-CB-2,F0,prefill,21,0,1246429184,0,0,1246429184
LLAMA-7B--KVChime-CB-2,F0,prefill,22,0,1303085056,0,0,1303085056
LLAMA-7B--KVChime-CB-2,F0,prefill,23,0,1359740928,0,0,1359740928
LLAMA-7B--KVChime-CB-2,F0,prefill,24,0,1416396800,0,0,1416396800
LLAMA-7B--KVChime-CB-2,F0,prefill,25,0,1473052672,0,0,1473052672
LLAMA-7B--KVChime-CB-2,F0,prefill,26,0,1529708544,0,0,1529708544
LLAMA-7B--KVChime-CB-2,F0,prefill,27,0,1586364416,0,0,1586364416
LLAMA-7B--KVChime-CB-2,F0,prefill,28,0,1643020288,0,0,1643020288
LLAMA-7B--KVChime-CB-2,F0,prefill,29,0,1699676160,0,0,1699676160
LLAMA-7B--KVChime-CB-2,F0,prefill,30,0,1756332032,0,0,1756332032
LLAMA-7B--KVChime-CB-2,F0,prefill,31,0,1812987904,0,0,1812987904
LLAMA-7B--KVChime-CB-2,F0,decode,all,1,1813512192,0,0,1813512192
LLAMA-7B--KVChime-CB-2,F0,decode,all,2,1814036480,0,0,1814036480
LLAMA-7B--KVChime-CB-2,F0,decode,all,3,1814560768,0,0,1814560768
LLAMA-7B--KVChime-CB-2,F0,decode,all,4,1815085056,0,0,1815085056
LLAMA-7B--KVChime-CB-2,F0,decode,all,5,1815609344,0,0,1815609344
LLAMA-7B--KVChime-CB-2,F0,decode,all,6,1816133632,0,0,1816133632
LLAMA-7B--KVChime-CB-2,F0,decode,all,7,1816657920,0,0,1816657920
LLAMA-7B--KVChime-CB-2,F0,decode,all,8,1817182208,0,0,1817182208
LLAMA-7B--KVChime-CB-2,F0,decode,all,9,1817706496,0,0,1817706496
LLAMA-7B--KVChime-CB-2,F1,prefill,0,0,56655872,3541565440,0,3598221312
LLAMA-7B--KVChime-CB-2,F1,prefill,1,0,113311744,3541565440,0,3654877184
LLAMA-7B--KVChime-CB-2,F1,prefill,2,0,169967616,3541565440,0,3711533056
LLAMA-7B--KVChime-CB-2,F1,prefill,3,0,226623488,3541565440,0,3768188928
LLAMA-7B--KVChime-CB-2,F1,prefill,4,0,283279360,3541565440,0,3824844800
LLAMA-7B--KVChime-CB-2,F1,prefill,5,0,339935232,3541565440,0,3881500672
LLAMA-7B--KVChime-CB-2,F1,prefill,6,0,396591104,3541565440,0,3938156544
LLAMA-7B--KVChime-CB-2,F1,prefill,7,0,453246976,3541565440,0,3994812416
LLAMA-7B--KVChime-CB-2,F1,prefill,8,0,509902848,3541565440,0,4051468288
LLAMA-7B--KVChime-CB-2,F1,prefill,9,0,566558720,3541565440,0,4108124160
LLAMA-7B--KVChime-CB-2,F1,prefill,10,0,623214592,3541565440,0,4164780032
LLAMA-7B--KVChime-CB-2,F1,prefill,11,0,679870464,3541565440,0,4221435904
LLAMA-7B--KVChime-CB-2,F1,prefill,12,0,736526336,3541565440,0,4278091776
LLAMA-7B--KVChime-CB-2,F1,prefill,13,0,793182208,3541565440,0,4334747648
LLAMA-7B--KVChime-CB-2,F1,prefill,14,0,849838080,3541565440,0,4391403520
LLAMA-7B--KVChime-CB-2,F1,prefill,15,0,906493952,3541565440,0,4448059392
LLAMA-7B--KVChime-CB-2,F1,prefill,16,0,963149824,3541565440,0,4504715264
LLAMA-7B--KVChime-CB-2,F1,prefill,17,0,1019805696,3541565440,0,4561371136
LLAMA-7B--KVChime-CB-2,F1,prefill,18,0,1076461568,3541565440,0,4618027008
LLAMA-7B--KVChime-CB-2,F1,prefill,19,0,1133117440,3541565440,0,4674682880
LLAMA-7B--KVChime-CB-2,F1,prefill,20,0,1189773312,3541565440,0,4731338752
LLAMA-7B--KVChime-CB-2,F1,prefill,21,0,1246429184,3541565440,0,4787994624
LLAMA-7B--KVChime-CB-2,F1,prefill,22,0,1303085056,3541565440,0,4844650496
LLAMA-7B--KVChime-CB-2,F1,prefill,23,0,1359740928,3541565440,0,4901306368
LLAMA-7B--KVChime-CB-2,F1,prefill,24,0,1416396800,3541565440,0,4957962240
LLAMA-7B--KVChime-CB-2,F1,prefill,25,0,1473052672,3541565440,0,5014618112
LLAMA-7B--KVChime-CB-2,F1,prefill,26,0,1529708544,3541565440,0,5071273984
LLAMA-7B--KVChime-CB-2,F1,prefill,27,0,1586364416,3541565440,0,5127929856
LLAMA-7B--KVChime-CB-2,F1,prefill,28,0,1643020288,3541565440,0,5184585728
LLAMA-7B--KVChime-CB-2,F1,prefill,29,0,1699676160,3541565440,0,5241241600
LLAMA-7B--KVChime-CB-2,F1,prefill,30,0,1756332032,3541565440,0,5297897472
LLAMA-7B--KVChime-CB-2,F1,prefill,31,0,1812987904,3541565440,0,5354553344
LLAMA-7B--KVChime-CB-2,F1,decode,all,1,1813512192,3541565440,0,5355077632
LLAMA-7B--KVChime-CB-2,F1,decode,all,2,1814036480,3541565440,0,5355601920
LLAMA-7B--KVChime-CB-2,F1,decode,all,3,1814560768,3541565440,0,5356126208
LLAMA-7B--KVChime-CB-2,F1,decode,all,4,1815085056,3541565440,0,5356650496
LLAMA-7B--KVChime-CB-2,F1,decode,all,5,1815609344,3541565440,0,5357174784
LLAMA-7B--KVChime-CB-2,F1,decode,all,6,1816133632,3541565440,0,5357699072
LLAMA-7B--KVChime-CB-2,F1,decode,all,7,1816657920,3541565440,0,5358223360
LLAMA-7B--KVChime-CB-2,F1,decode,all,8,1817182208,3541565440,0,5358747648
LLAMA-7B--KVChime-CB-2,F1,decode,all,9,1817706496,3541565440,0,5359271936
LLAMA-7B--KVChime-CB-2,F2,prefill,0,0,56655872,3541565440,56655872,3654877184
LLAMA-7B--KVChime-CB-2,F2,prefill,1,0,56655872,3541565440,113311744,3711533056
LLAMA-7B--KVChime-CB-2,F2,prefill,2,0,56655872,3541565440,169967616,3768188928
LLAMA-7B--KVChime-CB-2,F2,prefill,3,0,56655872,3541565440,226623488,3824844800
LLAMA-7B--KVChime-CB-2,F2,prefill,4,0,56655872,3541565440,283279360,3881500672
LLAMA-7B--KVChime-CB-2,F2,prefill,5,0,56655872,3541565440,339935232,3938156544
LLAMA-7B--KVChime-CB-2,F2,prefill,6,0,56655872,3541565440,396591104,3994812416
LLAMA-7B--KVChime-CB-2,F2,prefill,7,0,56655872,3541565440,453246976,4051468288
LLAMA-7B--KVChime-CB-2,F2,prefill,8,0,56655872,3541565440,509902848,4108124160
LLAMA-7B--KVChime-CB-2,F2,prefill,9,0,56655872,3541565440,566558720,4164780032
LLAMA-7B--KVChime-CB-2,F2,prefill,10,0,56655872,3541565440,623214592,4221435904
LLAMA-7B--KVChime-CB-2,F2,prefill,11,0,56655872,3541565440,679870464,4278091776
LLAMA-7B--KVChime-CB-2,F2,prefill,12,0,56655872,3541565440,736526336,4334747648
LLAMA-7B--KVChime-CB-2,F2,prefill,13,0,56655872,3541565440,793182208,4391403520
LLAMA-7B--KVChime-CB-2,F2,prefill,14,0,56655872,3541565440,849838080,4448059392
LLAMA-7B--KVChime-CB-2,F2,prefill,15,0,56655872,3541565440,906493952,4504715264
LLAMA-7B--KVChime-CB-2,F2,prefill,16,0,56655872,3541565440,963149824,4561371136
LLAMA-7B--KVChime-CB-2,F2,prefill,17,0,56655872,3541565440,1019805696,4618027008
LLAMA-7B--KVChime-CB-2,F2,prefill,18,0,56655872,3541565440,1076461568,4674682880
LLAMA-7B--KVChime-CB-2,F2,prefill,19,0,56655872,3541565440,1133117440,4731338752
LLAMA-7B--KVChime-CB-2,F2,prefill,20,0,56655872,3541565440,1189773312,4787994624
LLAMA-7B--KVChime-CB-2,F2,prefill,21,0,56655872,3541565440,1246429184,4844650496
LLAMA-7B--KVChime-CB-2,F2,prefill,22,0,56655872,3541565440,1303085056,4901306368
LLAMA-7B--KVChime-CB-2,F2,prefill,23,0,56655872,3541565440,1359740928,4957962240
LLAMA-7B--KVChime-CB-2,F2,prefill,24,0,56655872,3541565440,1416396800,5014618112
LLAMA-7B--KVChime-CB-2,F2,prefill,25,0,56655872,3541565440,1473052672,5071273984
LLAMA-7B--KVChime-CB-2,F2,prefill,26,0,56655872,3541565440,1529708544,5127929856
LLAMA-7B--KVChime-CB-2,F2,prefill,27,0,56655872,3541565440,1586364416,5184585728
LLAMA-7B--KVChime-CB-2,F2,prefill,28,0,56655872,3541565440,1643020288,5241241600
LLAMA-7B--KVChime-CB-2,F2,prefill,29,0,56655872,3541565440,1699676160,5297897472
LLAMA-7B--KVChime-CB-2,F2,prefill,30,0,56655872,3541565440,1756332032,5354553344
LLAMA-7B--KVChime-CB-2,F2,prefill,31,0,56655872,3541565440,1812987904,5411209216
LLAMA-7B--KVChime-CB-2,F2,decode,all,1,16384,3541565440,1813512192,5355094016
LLAMA-7B--KVChime-CB-2,F2,decode,all,2,16384,3541565440,1814036480,5355618304
LLAMA-7B--KVChime-CB-2,F2,decode,all,3,16384,3541565440,1814560768,5356142592
LLAMA-7B--KVChime-CB-2,F2,decode,all,4,16384,3541565440,1815085056,5356666880
LLAMA-7B--KVChime-CB-2,F2,decode,all,5,16384,3541565440,1815609344,5357191168
LLAMA-7B--KVChime-CB-2,F2,decode,all,6,16384,3541565440,1816133632,5357715456
LLAMA-7B--KVChime-CB-2,F2,decode,all,7,16384,3541565440,1816657920,5358239744
LLAMA-7B--KVChime-CB-2,F2,decode,all,8,16384,3541565440,1817182208,5358764032
LLAMA-7B--KVChime-CB-2,F2,decode,all,9,16384,3541565440,1817706496,5359288320
LLAMA-7B--KVChime-CB-2,F3,prefill,0,0,56655872,3541565440,56655872,3654877184
LLAMA-7B--KVChime-CB-2,F3,prefill,1,0,56655872,3541565440,113311744,3711533056
LLAMA-7B--KVChime-CB-2,F3,prefill,2,0,56655872,3541565440,123207680,3721428992
LLAMA-7B--KVChime-CB-2,F3,prefill,3,0,56655872,3541565440,133103616,3731324928
LLAMA-7B--KVChime-CB-2,F3,prefill,4,0,56655872,3541565440,142999552,3741220864
LLAMA-7B--KVChime-CB-2,F3,prefill,5,0,56655872,3541565440,152895488,3751116800
LLAMA-7B--KVChime-CB-2,F3,prefill,6,0,56655872,3541565440,162791424,3761012736
LLAMA-7B--KVChime-CB-2,F3,prefill,7,0,56655872,3541565440,172687360,3770908672
LLAMA-7B--KVChime-CB-2,F3,prefill,8,0,56655872,3541565440,182583296,3780804608
LLAMA-7B--KVChime-CB-2,F3,prefill,9,0,56655872,3541565440,192479232,3790700544
LLAMA-7B--KVChime-CB-2,F3,prefill,10,0,56655872,3541565440,202375168,3800596480
LLAMA-7B--KVChime-CB-2,F3,prefill,11,0,56655872,3541565440,212271104,3810492416
LLAMA-7B--KVChime-CB-2,F3,prefill,12,0,56655872,3541565440,222167040,3820388352
LLAMA-7B--KVChime-CB-2,F3,prefill,13,0,56655872,3541565440,232062976,3830284288
LLAMA-7B--KVChime-CB-2,F3,prefill,14,0,56655872,3541565440,241958912,3840180224
LLAMA-7B--KVChime-CB-2,F3,prefill,15,0,56655872,3541565440,251854848,3850076160
LLAMA-7B--KVChime-CB-2,F3,prefill,16,0,56655872,3541565440,261750784,3859972096
LLAMA-7B--KVChime-CB-2,F3,prefill,17,0,56655872,3541565440,271646720,3869868032
LLAMA-7B--KVChime-CB-2,F3,prefill,18,0,56655872,3541565440,281542656,3879763968
LLAMA-7B--KVChime-CB-2,F3,prefill,19,0,56655872,3541565440,291438592,3889659904
LLAMA-7B--KVChime-CB-2,F3,prefill,20,0,56655872,3541565440,301334528,3899555840
LLAMA-7B--KVChime-CB-2,F3,prefill,21,0,56655872,3541565440,311230464,3909451776
LLAMA-7B--KVChime-CB-2,F3,prefill,22,0,56655872,3541565440,321126400,3919347712
LLAMA-7B--KVChime-CB-2,F3,prefill,23,0,56655872,3541565440,331022336,3929243648
LLAMA-7B--KVChime-CB-2,F3,prefill,24,0,56655872,3541565440,340918272,3939139584
LLAMA-7B--KVChime-CB-2,F3,prefill,25,0,56655872,3541565440,350814208,3949035520
LLAMA-7B--KVChime-CB-2,F3,prefill,26,0,56655872,3541565440,360710144,3958931456
LLAMA-7B--KVChime-CB-2,F3,prefill,27,0,56655872,3541565440,370606080,3968827392
LLAMA-7B--KVChime-CB-2,F3,prefill,28,0,56655872,3541565440,380502016,3978723328
LLAMA-7B--KVChime-CB-2,F3,prefill,29,0,56655872,3541565440,390397952,3988619264
LLAMA-7B--KVChime-CB-2,F3,prefill,30,0,56655872,3541565440,400293888,3998515200
LLAMA-7B--KVChime-CB-2,F3,prefill,31,0,56655872,3541565440,410189824,4008411136
LLAMA-7B--KVChime-CB-2,F3,decode,all,1,16384,3541565440,410714112,3952295936
LLAMA-7B--KVChime-CB-2,F3,decode,all,2,16384,3541565440,411238400,3952820224
LLAMA-7B--KVChime-CB-2,F3,decode,all,3,16384,3541565440,411762688,3953344512
LLAMA-7B--KVChime-CB-2,F3,decode,all,4,16384,3541565440,412286976,3953868800
LLAMA-7B--KVChime-CB-2,F3,decode,all,5,16384,3541565440,412811264,3954393088
LLAMA-7B--KVChime-CB-2,F3,decode,all,6,16384,3541565440,413335552,3954917376
LLAMA-7B--KVChime-CB-2,F3,decode,all,7,16384,3541565440,413859840,3955441664
LLAMA-7B--KVChime-CB-2,F3,decode,all,8,16384,3541565440,414384128,3955965952
LLAMA-7B--KVChime-CB-2,F3,decode,all,9,16384,3541565440,414908416,3956490240
LLAMA-7B--KVChime-CB-2,F4,prefill,0,0,56655872,3541565440,56655872,3654877184
LLAMA-7B--KVChime-CB-2,F4,prefill,1,0,56655872,3541565440,113311744,3711533056
LLAMA-7B--KVChime-CB-2,F4,prefill,2,0,56655872,3541565440,123207680,3721428992
LLAMA-7B--KVChime-CB-2,F4,prefill,3,0,56655872,3541565440,133103616,3731324928
LLAMA-7B--KVChime-CB-2,F4,prefill,4,0,56655872,3541565440,142999552,3741220864
LLAMA-7B--KVChime-CB-2,F4,prefill,5,0,56655872,3541565440,152895488,3751116800
LLAMA-7B--KVChime-CB-2,F4,prefill,6,0,56655872,3541565440,162791424,3761012736
LLAMA-7B--KVChime-CB-2,F4,prefill,7,0,56655872,3541565440,172687360,3770908672
LLAMA-7B--KVChime-CB-2,F4,prefill,8,0,56655872,3541565440,182583296,3780804608
LLAMA-7B--KVChime-CB-2,F4,prefill,9,0,56655872,3541565440,192479232,3790700544
LLAMA-7B--KVChime-CB-2,F4,prefill,10,0,56655872,3541565440,202375168,3800596480
LLAMA-7B--KVChime-CB-2,F4,prefill,11,0,56655872,3541565440,212271104,3810492416
LLAMA-7B--KVChime-CB-2,F4,prefill,12,0,56655872,3541565440,222167040,3820388352
LLAMA-7B--KVChime-CB-2,F4,prefill,13,0,56655872,3541565440,232062976,3830284288
LLAMA-7B--KVChime-CB-2,F4,prefill,14,0,56655872,3541565440,241958912,3840180224
LLAMA-7B--KVChime-CB-2,F4,prefill,15,0,56655872,3541565440,251854848,3850076160
LLAMA-7B--KVChime-CB-2,F4,prefill,16,0,56655872,3541565440,261750784,3859972096
LLAMA-7B--KVChime-CB-2,F4,prefill,17,0,56655872,3541565440,271646720,3869868032
LLAMA-7B--KVChime-CB-2,F4,prefill,18,0,56655872,3541565440,281542656,3879763968
LLAMA-7B--KVChime-CB-2,F4,prefill,19,0,56655872,3541565440,291438592,3889659904
LLAMA-7B--KVChime-CB-2,F4,prefill,20,0,56655872,3541565440,301334528,3899555840
LLAMA-7B--KVChime-CB-2,F4,prefill,21,0,56655872,3541565440,311230464,3909451776
LLAMA-7B--KVChime-CB-2,F4,prefill,22,0,56655872,3541565440,321126400,3919347712
LLAMA-7B--KVChime-CB-2,F4,prefill,23,0,56655872,3541565440,331022336,3929243648
LLAMA-7B--KVChime-CB-2,F4,prefill,24,0,56655872,3541565440,340918272,3939139584
LLAMA-7B--KVChime-CB-2,F4,prefill,25,0,56655872,3541565440,350814208,3949035520
LLAMA-7B--KVChime-CB-2,F4,prefill,26,0,56655872,3541565440,360710144,3958931456
LLAMA-7B--KVChime-CB-2,F4,prefill,27,0,56655872,3541565440,370606080,3968827392
LLAMA-7B--KVChime-CB-2,F4,prefill,28,0,56655872,3541565440,380502016,3978723328
LLAMA-7B--KVChime-CB-2,F4,prefill,29,0,56655872,3541565440,390397952,3988619264
LLAMA-7B--KVChime-CB-2,F4,prefill,30,0,56655872,3541565440,400293888,3998515200
LLAMA-7B--KVChime-CB-2,F4,prefill,31,0,56655872,3541565440,410189824,4008411136
LLAMA-7B--KVChime-CB-2,F4,decode,all,1,16384,3541565440,410714112,3952295936
LLAMA-7B--KVChime-CB-2,F4,decode,all,2,16384,3541565440,411238400,3952820224
LLAMA-7B--KVChime-CB-2,F4,decode,all,3,16384,3541565440,411762688,3953344512
LLAMA-7B--KVChime-CB-2,F4,decode,all,4,16384,3541565440,412286976,3953868800
LLAMA-7B--KVChime-CB-2,F4,decode,all,5,16384,3541565440,412811264,3954393088
LLAMA-7B--KVChime-CB-2,F4,decode,all,6,16384,3541565440,413335552,3954917376
LLAMA-7B--KVChime-CB-2,F4,decode,all,7,16384,3541565440,413859840,3955441664
LLAMA-7B--KVChime-CB-2,F4,decode,all,8,16384,3541565440,414384128,3955965952
LLAMA-7B--KVChime-CB-2,F4,decode,all,9,16384,3541565440,414908416,3956490240
LLAMA-7B--KVChime-EPIC-long-4000,F0,prefill,0,0,65994752,0,0,65994752
LLAMA-7B--KVChime-EPIC-long-4000,F0,prefill,1,0,131989504,0,0,131989504
LLAMA-7B--KVChime-EPIC-long-4000,F0,prefill,2,0,197984256,0,0,197984256
LLAMA-7B--KVChime-EPIC-long-4000,F0,prefill,3,0,263979008,0,0,263979008
LLAMA-7B--KVChime-EPIC-long-4000,F0,prefill,4,0,329973760,0,0,329973760
LLAMA-7B--KVChime-EPIC-long-4000,F0,prefill,5,0,395968512,0,0,395968512
LLAMA-7B--KVChime-EPIC-long-4000,F0,prefill,6,0,461963264,0,0,461963264
LLAMA-7B--KVChime-EPIC-long-4000,F0,prefill,7,0,527958016,0,0,527958016
LLAMA-7B--KVChime-EPIC-long-4000,F0,prefill,8,0,593952768,0,0,593952768
LLAMA-7B--KVChime-EPIC-long-4000,F0,prefill,9,0,659947520,0,0,659947520
LLAMA-7B--KVChime-EPIC-long-4000,F0,prefill,10,0,725942272,0,0,725942272
LLAMA-7B--KVChime-EPIC-long-4000,F0,prefill,11,0,791937024,0,0,791937024
LLAMA-7B--KVChime-EPIC-long-4000,F0,prefill,12,0,857931776,0,0,857931776
LLAMA-7B--KVChime-EPIC-long-4000,F0,prefill,13,0,923926528,0,0,923926528
LLAMA-7B--KVChime-EPIC-long-4000,F0,prefill,14,0,989921280,0,0,989921280
LLAMA-7B--KVChime-EPIC-long-4000,F0,prefill,15,0,1055916032,0,0,1055916032
LLAMA-7B--KVChime-EPIC-long-4000,F0,prefill,16,0,1121910784,0,0,1121910784
LLAMA-7B--KVChime-EPIC-long-4000,F0,prefill,17,0,1187905536,0,0,1187905536
LLAMA-7B--KVChime-EPIC-long-4000,F0,prefill,18,0,1253900288,0,0,1253900288
LLAMA-7B--KVChime-EPIC-long-4000,F0,prefill,19,0,1319895040,0,0,1319895040
LLAMA-7B--KVChime-EPIC-long-4000,F0,prefill,20,0,1385889792,0,0,1385889792
LLAMA-7B--KVChime-EPIC-long-4000,F0,prefill,21,0,1451884544,0,0,1451884544
LLAMA-7B--KVChime-EPIC-long-4000,F0,prefill,22,0,1517879296,0,0,1517879296
LLAMA-7B--KVChime-EPIC-long-4000,F0,prefill,23,0,1583874048,0,0,1583874048
LLAMA-7B--KVChime-EPIC-long-4000,F0,prefill,24,0,1649868800,0,0,1649868800
LLAMA-7B--KVChime-EPIC-long-4000,F0,prefill,25,0,1715863552,0,0,1715863552
LLAMA-7B--KVChime-EPIC-long-4000,F0,prefill,26,0,1781858304,0,0,1781858304
LLAMA-7B--KVChime-EPIC-long-4000,F0,prefill,27,0,1847853056,0,0,1847853056
LLAMA-7B--KVChime-EPIC-long-4000,F0,prefill,28,0,1913847808,0,0,1913847808
LLAMA-7B--KVChime-EPIC-long-4000,F0,prefill,29,0,1979842560,0,0,1979842560
LLAMA-7B--KVChime-EPIC-long-4000,F0,prefill,30,0,2045837312,0,0,2045837312
LLAMA-7B--KVChime-EPIC-long-4000,F0,prefill,31,0,2111832064,0,0,2111832064
LLAMA-7B--KVChime-EPIC-long-4000,F0,decode,all,1,2112356352,0,0,2112356352
LLAMA-7B--KVChime-EPIC-long-4000,F0,decode,all,2,2112880640,0,0,2112880640
LLAMA-7B--KVChime-EPIC-long-4000,F0,decode,all,3,2113404928,0,0,2113404928
LLAMA-7B--KVChime-EPIC-long-4000,F0,decode,all,4,2113929216,0,0,2113929216
LLAMA-7B--KVChime-EPIC-long-4000,F0,decode,all,5,2114453504,0,0,2114453504
LLAMA-7B--KVChime-EPIC-long-4000,F0,decode,all,6,2114977792,0,0,2114977792
LLAMA-7B--KVChime-EPIC-long-4000,F0,decode,all,7,2115502080,0,0,2115502080
LLAMA-7B--KVChime-EPIC-long-4000,F0,decode,all,8,2116026368,0,0,2116026368
LLAMA-7B--KVChime-EPIC-long-4000,F0,decode,all,9,2116550656,0,0,2116550656
LLAMA-7B--KVChime-EPIC-long-4000,F0,decode,all,10,2117074944,0,0,2117074944
LLAMA-7B--KVChime-EPIC-long-4000,F0,decode,all,11,2117599232,0,0,2117599232
LLAMA-7B--KVChime-EPIC-long-4000,F0,decode,all,12,2118123520,0,0,2118123520
LLAMA-7B--KVChime-EPIC-long-4000,F0,decode,all,13,2118647808,0,0,2118647808
LLAMA-7B--KVChime-EPIC-long-4000,F0,decode,all,14,2119172096,0,0,2119172096
LLAMA-7B--KVChime-EPIC-long-4000,F0,decode,all,15,2119696384,0,0,2119696384
LLAMA-7B--KVChime-EPIC-long-4000,F1,prefill,0,0,65994752,2111832064,0,2177826816
LLAMA-7B--KVChime-EPIC-long-4000,F1,prefill,1,0,131989504,2111832064,0,2243821568
LLAMA-7B--KVChime-EPIC-long-4000,F1,prefill,2,0,197984256,2111832064,0,2309816320
LLAMA-7B--KVChime-EPIC-long-4000,F1,prefill,3,0,263979008,2111832064,0,2375811072
LLAMA-7B--KVChime-EPIC-long-4000,F1,prefill,4,0,329973760,2111832064,0,2441805824
LLAMA-7B--KVChime-EPIC-long-4000,F1,prefill,5,0,395968512,2111832064,0,2507800576
LLAMA-7B--KVChime-EPIC-long-4000,F1,prefill,6,0,461963264,2111832064,0,2573795328
LLAMA-7B--KVChime-EPIC-long-4000,F1,prefill,7,0,527958016,2111832064,0,2639790080
LLAMA-7B--KVChime-EPIC-long-4000,F1,prefill,8,0,593952768,2111832064,0,2705784832
LLAMA-7B--KVChime-EPIC-long-4000,F1,prefill,9,0,659947520,2111832064,0,2771779584
LLAMA-7B--KVChime-EPIC-long-4000,F1,prefill,10,0,725942272,2111832064,0,2837774336
LLAMA-7B--KVChime-EPIC-long-4000,F1,prefill,11,0,791937024,2111832064,0,2903769088
LLAMA-7B--KVChime-EPIC-long-4000,F1,prefill,12,0,857931776,2111832064,0,2969763840
LLAMA-7B--KVChime-EPIC-long-4000,F1,prefill,13,0,923926528,2111832064,0,3035758592
LLAMA-7B--KVChime-EPIC-long-4000,F1,prefill,14,0,989921280,2111832064,0,3101753344
LLAMA-7B--KVChime-EPIC-long-4000,F1,prefill,15,0,1055916032,2111832064,0,3167748096
LLAMA-7B--KVChime-EPIC-long-4000,F1,prefill,16,0,1121910784,2111832064,0,3233742848
LLAMA-7B--KVChime-EPIC-long-4000,F1,prefill,17,0,1187905536,2111832064,0,3299737600
LLAMA-7B--KVChime-EPIC-long-4000,F1,prefill,18,0,1253900288,2111832064,0,3365732352
LLAMA-7B--KVChime-EPIC-long-4000,F1,prefill,19,0,1319895040,2111832064,0,3431727104
LLAMA-7B--KVChime-EPIC-long-4000,F1,prefill,20,0,1385889792,2111832064,0,3497721856
LLAMA-7B--KVChime-EPIC-long-4000,F1,prefill,21,0,1451884544,2111832064,0,3563716608
LLAMA-7B--KVChime-EPIC-long-4000,F1,prefill,22,0,1517879296,2111832064,0,3629711360
LLAMA-7B--KVChime-EPIC-long-4000,F1,prefill,23,0,1583874048,2111832064,0,3695706112
LLAMA-7B--KVChime-EPIC-long-4000,F1,prefill,24,0,1649868800,2111832064,0,3761700864
LLAMA-7B--KVChime-EPIC-long-4000,F1,prefill,25,0,1715863552,2111832064,0,3827695616
LLAMA-7B--KVChime-EPIC-long-4000,F1,prefill,26,0,1781858304,2111832064,0,3893690368
LLAMA-7B--KVChime-EPIC-long-4000,F1,prefill,27,0,1847853056,2111832064,0,3959685120
LLAMA-7B--KVChime-EPIC-long-4000,F1,prefill,28,0,1913847808,2111832064,0,4025679872
LLAMA-7B--KVChime-EPIC-long-4000,F1,prefill,29,0,1979842560,2111832064,0,4091674624
LLAMA-7B--KVChime-EPIC-long-4000,F1,prefill,30,0,2045837312,2111832064,0,4157669376
LLAMA-7B--KVChime-EPIC-long-4000,F1,prefill,31,0,2111832064,2111832064,0,4223664128
LLAMA-7B--KVChime-EPIC-long-4000,F1,decode,all,1,2112356352,2111832064,0,4224188416
LLAMA-7B--KVChime-EPIC-long-4000,F1,decode,all,2,2112880640,2111832064,0,4224712704
LLAMA-7B--KVChime-EPIC-long-4000,F1,decode,all,3,2113404928,2111832064,0,4225236992
LLAMA-7B--KVChime-EPIC-long-4000,F1,decode,all,4,2113929216,2111832064,0,4225761280
LLAMA-7B--KVChime-EPIC-long-4000,F1,decode,all,5,2114453504,2111832064,0,4226285568
LLAMA-7B--KVChime-EPIC-long-4000,F1,decode,all,6,2114977792,2111832064,0,4226809856
LLAMA-7B--KVChime-EPIC-long-4000,F1,decode,all,7,2115502080,2111832064,0,4227334144
LLAMA-7B--KVChime-EPIC-long-4000,F1,decode,all,8,2116026368,2111832064,0,4227858432
LLAMA-7B--KVChime-EPIC-long-4000,F1,decode,all,9,2116550656,2111832064,0,4228382720
LLAMA-7B--KVChime-EPIC-long-4000,F1,decode,all,10,2117074944,2111832064,0,4228907008
LLAMA-7B--KVChime-EPIC-long-4000,F1,decode,all,11,2117599232,2111832064,0,4229431296
LLAMA-7B--KVChime-EPIC-long-4000,F1,decode,all,12,2118123520,2111832064,0,4229955584
LLAMA-7B--KVChime-EPIC-long-4000,F1,decode,all,13,2118647808,2111832064,0,4230479872
LLAMA-7B--KVChime-EPIC-long-4000,F1,decode,all,14,2119172096,2111832064,0,4231004160
LLAMA-7B--KVChime-EPIC-long-4000,F1,decode,all,15,2119696384,2111832064,0,4231528448
LLAMA-7B--KVChime-EPIC-long-4000,F2,prefill,0,0,65994752,2111832064,65994752,2243821568
LLAMA-7B--KVChime-EPIC-long-4000,F2,prefill,1,0,65994752,2111832064,131989504,2309816320
LLAMA-7B--KVChime-EPIC-long-4000,F2,prefill,2,0,65994752,2111832064,197984256,2375811072
LLAMA-7B--KVChime-EPIC-long-4000,F2,prefill,3,0,65994752,2111832064,263979008,2441805824
LLAMA-7B--KVChime-EPIC-long-4000,F2,prefill,4,0,65994752,2111832064,329973760,2507800576
LLAMA-7B--KVChime-EPIC-long-4000,F2,prefill,5,0,65994752,2111832064,395968512,2573795328
LLAMA-7B--KVChime-EPIC-long-4000,F2,prefill,6,0,65994752,2111832064,461963264,2639790080
LLAMA-7B--KVChime-EPIC-long-4000,F2,prefill,7,0,65994752,2111832064,527958016,2705784832
LLAMA-7B--KVChime-EPIC-long-4000,F2,prefill,8,0,65994752,2111832064,593952768,2771779584
LLAMA-7B--KVChime-EPIC-long-4000,F2,prefill,9,0,65994752,2111832064,659947520,2837774336
LLAMA-7B--KVChime-EPIC-long-4000,F2,prefill,10,0,65994752,2111832064,725942272,2903769088
LLAMA-7B--KVChime-EPIC-long-4000,F2,prefill,11,0,65994752,2111832064,791937024,2969763840
LLAMA-7B--KVChime-EPIC-long-4000,F2,prefill,12,0,65994752,2111832064,857931776,3035758592
LLAMA-7B--KVChime-EPIC-long-4000,F2,prefill,13,0,65994752,2111832064,923926528,3101753344
LLAMA-7B--KVChime-EPIC-long-4000,F2,prefill,14,0,65994752,2111832064,989921280,3167748096
LLAMA-7B--KVChime-EPIC-long-4000,F2,prefill,15,0,65994752,2111832064,1055916032,3233742848
LLAMA-7B--KVChime-EPIC-long-4000,F2,prefill,16,0,65994752,2111832064,1121910784,3299737600
LLAMA-7B--KVChime-EPIC-long-4000,F2,prefill,17,0,65994752,2111832064,1187905536,3365732352
LLAMA-7B--KVChime-EPIC-long-4000,F2,prefill,18,0,65994752,2111832064,1253900288,3431727104
LLAMA-7B--KVChime-EPIC-long-4000,F2,prefill,19,0,65994752,2111832064,1319895040,3497721856
LLAMA-7B--KVChime-EPIC-long-4000,F2,prefill,20,0,65994752,2111832064,1385889792,3563716608
LLAMA-7B--KVChime-EPIC-long-4000,F2,prefill,21,0,65994752,2111832064,1451884544,3629711360
LLAMA-7B--KVChime-EPIC-long-4000,F2,prefill,22,0,65994752,2111832064,1517879296,3695706112
LLAMA-7B--KVChime-EPIC-long-4000,F2,prefill,23,0,65994752,2111832064,1583874048,3761700864
LLAMA-7B--KVChime-EPIC-long-4000,F2,prefill,24,0,65994752,2111832064,1649868800,3827695616
LLAMA-7B--KVChime-EPIC-long-4000,F2,prefill,25,0,65994752,2111832064,1715863552,3893690368
LLAMA-7B--KVChime-EPIC-long-4000,F2,prefill,26,0,65994752,2111832064,1781858304,3959685120
LLAMA-7B--KVChime-EPIC-long-4000,F2,prefill,27,0,65994752,2111832064,1847853056,4025679872
LLAMA-7B--KVChime-EPIC-long-4000,F2,prefill,28,0,65994752,2111832064,1913847808,4091674624
LLAMA-7B--KVChime-EPIC-long-4000,F2,prefill,29,0,65994752,2111832064,1979842560,4157669376
LLAMA-7B--KVChime-EPIC-long-4000,F2,prefill,30,0,65994752,2111832064,2045837312,4223664128
LLAMA-7B--KVChime-EPIC-long-4000,F2,prefill,31,0,65994752,2111832064,2111832064,4289658880
LLAMA-7B--KVChime-EPIC-long-4000,F2,decode,all,1,16384,2111832064,2112356352,4224204800
LLAMA-7B--KVChime-EPIC-long-4000,F2,decode,all,2,16384,2111832064,2112880640,4224729088
LLAMA-7B--KVChime-EPIC-long-4000,F2,decode,all,3,16384,2111832064,2113404928,4225253376
LLAMA-7B--KVChime-EPIC-long-4000,F2,decode,all,4,16384,2111832064,2113929216,4225777664
LLAMA-7B--KVChime-EPIC-long-4000,F2,decode,all,5,16384,2111832064,2114453504,4226301952
LLAMA-7B--KVChime-EPIC-long-4000,F2,decode,all,6,16384,2111832064,2114977792,4226826240
LLAMA-7B--KVChime-EPIC-long-4000,F2,decode,all,7,16384,2111832064,2115502080,4227350528
LLAMA-7B--KVChime-EPIC-long-4000,F2,decode,all,8,16384,2111832064,2116026368,4227874816
LLAMA-7B--KVChime-EPIC-long-4000,F2,decode,all,9,16384,2111832064,2116550656,4228399104
LLAMA-7B--KVChime-EPIC-long-4000,F2,decode,all,10,16384,2111832064,2117074944,4228923392
LLAMA-7B--KVChime-EPIC-long-4000,F2,decode,all,11,16384,2111832064,2117599232,4229447680
LLAMA-7B--KVChime-EPIC-long-4000,F2,decode,all,12,16384,2111832064,2118123520,4229971968
LLAMA-7B--KVChime-EPIC-long-4000,F2,decode,all,13,16384,2111832064,2118647808,4230496256
LLAMA-7B--KVChime-EPIC-long-4000,F2,decode,all,14,16384,2111832064,2119172096,4231020544
LLAMA-7B--KVChime-EPIC-long-4000,F2,decode,all,15,16384,2111832064,2119696384,4231544832
LLAMA-7B--KVChime-EPIC-long-4000,F3,prefill,0,0,65994752,2111832064,1736704,2179563520
LLAMA-7B--KVChime-EPIC-long-4000,F3,prefill,1,0,65994752,2111832064,3473408,2181300224
LLAMA-7B--KVChime-EPIC-long-4000,F3,prefill,2,0,65994752,2111832064,5210112,2183036928
LLAMA-7B--KVChime-EPIC-long-4000,F3,prefill,3,0,65994752,2111832064,6946816,2184773632
LLAMA-7B--KVChime-EPIC-long-4000,F3,prefill,4,0,65994752,2111832064,8683520,2186510336
LLAMA-7B--KVChime-EPIC-long-4000,F3,prefill,5,0,65994752,2111832064,10420224,2188247040
LLAMA-7B--KVChime-EPIC-long-4000,F3,prefill,6,0,65994752,2111832064,12156928,2189983744
LLAMA-7B--KVChime-EPIC-long-4000,F3,prefill,7,0,65994752,2111832064,13893632,2191720448
LLAMA-7B--KVChime-EPIC-long-4000,F3,prefill,8,0,65994752,2111832064,15630336,2193457152
LLAMA-7B--KVChime-EPIC-long-4000,F3,prefill,9,0,65994752,2111832064,17367040,2195193856
LLAMA-7B--KVChime-EPIC-long-4000,F3,prefill,10,0,65994752,2111832064,19103744,2196930560
LLAMA-7B--KVChime-EPIC-long-4000,F3,prefill,11,0,65994752,2111832064,20840448,2198667264
LLAMA-7B--KVChime-EPIC-long-4000,F3,prefill,12,0,65994752,2111832064,22577152,2200403968
LLAMA-7B--KVChime-EPIC-long-4000,F3,prefill,13,0,65994752,2111832064,24313856,2202140672
LLAMA-7B--KVChime-EPIC-long-4000,F3,prefill,14,0,65994752,2111832064,26050560,2203877376
LLAMA-7B--KVChime-EPIC-long-4000,F3,prefill,15,0,65994752,2111832064,27787264,2205614080
LLAMA-7B--KVChime-EPIC-long-4000,F3,prefill,16,0,65994752,2111832064,29523968,2207350784
LLAMA-7B--KVChime-EPIC-long-4000,F3,prefill,17,0,65994752,2111832064,31260672,2209087488
LLAMA-7B--KVChime-EPIC-long-4000,F3,prefill,18,0,65994752,2111832064,32997376,2210824192
LLAMA-7B--KVChime-EPIC-long-4000,F3,prefill,19,0,65994752,2111832064,34734080,2212560896
LLAMA-7B--KVChime-EPIC-long-4000,F3,prefill,20,0,65994752,2111832064,36470784,2214297600
LLAMA-7B--KVChime-EPIC-long-4000,F3,prefill,21,0,65994752,2111832064,38207488,2216034304
LLAMA-7B--KVChime-EPIC-long-4000,F3,prefill,22,0,65994752,2111832064,39944192,2217771008
LLAMA-7B--KVChime-EPIC-long-4000,F3,prefill,23,0,65994752,2111832064,41680896,2219507712
LLAMA-7B--KVChime-EPIC-long-4000,F3,prefill,24,0,65994752,2111832064,43417600,2221244416
LLAMA-7B--KVChime-EPIC-long-4000,F3,prefill,25,0,65994752,2111832064,45154304,2222981120
LLAMA-7B--KVChime-EPIC-long-4000,F3,prefill,26,0,65994752,2111832064,46891008,2224717824
LLAMA-7B--KVChime-EPIC-long-4000,F3,prefill,27,0,65994752,2111832064,48627712,2226454528
LLAMA-7B--KVChime-EPIC-long-4000,F3,prefill,28,0,65994752,2111832064,50364416,2228191232
LLAMA-7B--KVChime-EPIC-long-4000,F3,prefill,29,0,65994752,2111832064,52101120,2229927936
LLAMA-7B--KVChime-EPIC-long-4000,F3,prefill,30,0,65994752,2111832064,53837824,2231664640
LLAMA-7B--KVChime-EPIC-long-4000,F3,prefill,31,0,65994752,2111832064,55574528,2233401344
LLAMA-7B--KVChime-EPIC-long-4000,F3,decode,all,1,16384,2111832064,56098816,2167947264
LLAMA-7B--KVChime-EPIC-long-4000,F3,decode,all,2,16384,2111832064,56623104,2168471552
LLAMA-7B--KVChime-EPIC-long-4000,F3,decode,all,3,16384,2111832064,57147392,2168995840
LLAMA-7B--KVChime-EPIC-long-4000,F3,decode,all,4,16384,2111832064,57671680,2169520128
LLAMA-7B--KVChime-EPIC-long-4000,F3,decode,all,5,16384,2111832064,58195968,2170044416
LLAMA-7B--KVChime-EPIC-long-4000,F3,decode,all,6,16384,2111832064,58720256,2170568704
LLAMA-7B--KVChime-EPIC-long-4000,F3,decode,all,7,16384,2111832064,59244544,2171092992
LLAMA-7B--KVChime-EPIC-long-4000,F3,decode,all,8,16384,2111832064,59768832,2171617280
LLAMA-7B--KVChime-EPIC-long-4000,F3,decode,all,9,16384,2111832064,60293120,2172141568
LLAMA-7B--KVChime-EPIC-long-4000,F3,decode,all,10,16384,2111832064,60817408,2172665856
LLAMA-7B--KVChime-EPIC-long-4000,F3,decode,all,11,16384,2111832064,61341696,2173190144
LLAMA-7B--KVChime-EPIC-long-4000,F3,decode,all,12,16384,2111832064,61865984,2173714432
LLAMA-7B--KVChime-EPIC-long-4000,F3,decode,all,13,16384,2111832064,62390272,2174238720
LLAMA-7B--KVChime-EPIC-long-4000,F3,decode,all,14,16384,2111832064,62914560,2174763008
LLAMA-7B--KVChime-EPIC-long-4000,F3,decode,all,15,16384,2111832064,63438848,2175287296
LLAMA-7B--KVChime-EPIC-long-4000,F4,prefill,0,0,1736704,2111832064,1736704,2115305472
LLAMA-7B--KVChime-EPIC-long-4000,F4,prefill,1,0,1736704,2111832064,3473408,2117042176
LLAMA-7B--KVChime-EPIC-long-4000,F4,prefill,2,0,1736704,2111832064,5210112,2118778880
LLAMA-7B--KVChime-EPIC-long-4000,F4,prefill,3,0,1736704,2111832064,6946816,2120515584
LLAMA-7B--KVChime-EPIC-long-4000,F4,prefill,4,0,1736704,2111832064,8683520,2122252288
LLAMA-7B--KVChime-EPIC-long-4000,F4,prefill,5,0,1736704,2111832064,10420224,2123988992
LLAMA-7B--KVChime-EPIC-long-4000,F4,prefill,6,0,1736704,2111832064,12156928,2125725696
LLAMA-7B--KVChime-EPIC-long-4000,F4,prefill,7,0,1736704,2111832064,13893632,2127462400
LLAMA-7B--KVChime-EPIC-long-4000,F4,prefill,8,0,1736704,2111832064,15630336,2129199104
LLAMA-7B--KVChime-EPIC-long-4000,F4,prefill,9,0,1736704,2111832064,17367040,2130935808
LLAMA-7B--KVChime-EPIC-long-4000,F4,prefill,10,0,1736704,2111832064,19103744,2132672512
LLAMA-7B--KVChime-EPIC-long-4000,F4,prefill,11,0,1736704,2111832064,20840448,2134409216
LLAMA-7B--KVChime-EPIC-long-4000,F4,prefill,12,0,1736704,2111832064,22577152,2136145920
LLAMA-7B--KVChime-EPIC-long-4000,F4,prefill,13,0,1736704,2111832064,24313856,2137882624
LLAMA-7B--KVChime-EPIC-long-4000,F4,prefill,14,0,1736704,2111832064,26050560,2139619328
LLAMA-7B--KVChime-EPIC-long-4000,F4,prefill,15,0,1736704,2111832064,27787264,2141356032
LLAMA-7B--KVChime-EPIC-long-4000,F4,prefill,16,0,1736704,2111832064,29523968,2143092736
LLAMA-7B--KVChime-EPIC-long-4000,F4,prefill,17,0,1736704,2111832064,31260672,2144829440
LLAMA-7B--KVChime-EPIC-long-4000,F4,prefill,18,0,1736704,2111832064,32997376,2146566144
LLAMA-7B--KVChime-EPIC-long-4000,F4,prefill,19,0,1736704,2111832064,34734080,2148302848
LLAMA-7B--KVChime-EPIC-long-4000,F4,prefill,20,0,1736704,2111832064,36470784,2150039552
LLAMA-7B--KVChime-EPIC-long-4000,F4,prefill,21,0,1736704,2111832064,38207488,2151776256
LLAMA-7B--KVChime-EPIC-long-4000,F4,prefill,22,0,1736704,2111832064,39944192,2153512960
LLAMA-7B--KVChime-EPIC-long-4000,F4,prefill,23,0,1736704,2111832064,41680896,2155249664
LLAMA-7B--KVChime-EPIC-long-4000,F4,prefill,24,0,1736704,2111832064,43417600,2156986368
LLAMA-7B--KVChime-EPIC-long-4000,F4,prefill,25,0,1736704,2111832064,45154304,2158723072
LLAMA-7B--KVChime-EPIC-long-4000,F4,prefill,26,0,1736704,2111832064,46891008,2160459776
LLAMA-7B--KVChime-EPIC-long-4000,F4,prefill,27,0,1736704,2111832064,48627712,2162196480
LLAMA-7B--KVChime-EPIC-long-4000,F4,prefill,28,0,1736704,2111832064,50364416,2163933184
LLAMA-7B--KVChime-EPIC-long-4000,F4,prefill,29,0,1736704,2111832064,52101120,2165669888
LLAMA-7B--KVChime-EPIC-long-4000,F4,prefill,30,0,1736704,2111832064,53837824,2167406592
LLAMA-7B--KVChime-EPIC-long-4000,F4,prefill,31,0,1736704,2111832064,55574528,2169143296
LLAMA-7B--KVChime-EPIC-long-4000,F4,decode,all,1,16384,2111832064,56098816,2167947264
LLAMA-7B--KVChime-EPIC-long-4000,F4,decode,all,2,16384,2111832064,56623104,2168471552
LLAMA-7B--KVChime-EPIC-long-4000,F4,decode,all,3,16384,2111832064,57147392,2168995840
LLAMA-7B--KVChime-EPIC-long-4000,F4,decode,all,4,16384,2111832064,57671680,2169520128
LLAMA-7B--KVChime-EPIC-long-4000,F4,decode,all,5,16384,2111832064,58195968,2170044416
LLAMA-7B--KVChime-EPIC-long-4000,F4,decode,all,6,16384,2111832064,58720256,2170568704
LLAMA-7B--KVChime-EPIC-long-4000,F4,decode,all,7,16384,2111832064,59244544,2171092992
LLAMA-7B--KVChime-EPIC-long-4000,F4,decode,all,8,16384,2111832064,59768832,2171617280
LLAMA-7B--KVChime-EPIC-long-4000,F4,decode,all,9,16384,2111832064,60293120,2172141568
LLAMA-7B--KVChime-EPIC-long-4000,F4,decode,all,10,16384,2111832064,60817408,2172665856
LLAMA-7B--KVChime-EPIC-long-4000,F4,decode,all,11,16384,2111832064,61341696,2173190144
LLAMA-7B--KVChime-EPIC-long-4000,F4,decode,all,12,16384,2111832064,61865984,2173714432
LLAMA-7B--KVChime-EPIC-long-4000,F4,decode,all,13,16384,2111832064,62390272,2174238720
LLAMA-7B--KVChime-EPIC-long-4000,F4,decode,all,14,16384,2111832064,62914560,2174763008
LLAMA-7B--KVChime-EPIC-long-4000,F4,decode,all,15,16384,2111832064,63438848,2175287296
LLAMA-7B--KVChime-EPIC-long-8000,F0,prefill,0,0,131612672,0,0,131612672
LLAMA-7B--KVChime-EPIC-long-8000,F0,prefill,1,0,263225344,0,0,263225344
LLAMA-7B--KVChime-EPIC-long-8000,F0,prefill,2,0,394838016,0,0,394838016
LLAMA-7B--KVChime-EPIC-long-8000,F0,prefill,3,0,526450688,0,0,526450688
LLAMA-7B--KVChime-EPIC-long-8000,F0,prefill,4,0,658063360,0,0,658063360
LLAMA-7B--KVChime-EPIC-long-8000,F0,prefill,5,0,789676032,0,0,789676032
LLAMA-7B--KVChime-EPIC-long-8000,F0,prefill,6,0,921288704,0,0,921288704
LLAMA-7B--KVChime-EPIC-long-8000,F0,prefill,7,0,1052901376,0,0,1052901376
LLAMA-7B--KVChime-EPIC-long-8000,F0,prefill,8,0,1184514048,0,0,1184514048
LLAMA-7B--KVChime-EPIC-long-8000,F0,prefill,9,0,1316126720,0,0,1316126720
LLAMA-7B--KVChime-EPIC-long-8000,F0,prefill,10,0,1447739392,0,0,1447739392
LLAMA-7B--KVChime-EPIC-long-8000,F0,prefill,11,0,1579352064,0,0,1579352064
LLAMA-7B--KVChime-EPIC-long-8000,F0,prefill,12,0,1710964736,0,0,1710964736
LLAMA-7B--KVChime-EPIC-long-8000,F0,prefill,13,0,1842577408,0,0,1842577408
LLAMA-7B--KVChime-EPIC-long-8000,F0,prefill,14,0,1974190080,0,0,1974190080
LLAMA-7B--KVChime-EPIC-long-8000,F0,prefill,15,0,2105802752,0,0,2105802752
LLAMA-7B--KVChime-EPIC-long-8000,F0,prefill,16,0,2237415424,0,0,2237415424
LLAMA-7B--KVChime-EPIC-long-8000,F0,prefill,17,0,2369028096,0,0,2369028096
LLAMA-7B--KVChime-EPIC-long-8000,F0,prefill,18,0,2500640768,0,0,2500640768
LLAMA-7B--KVChime-EPIC-long-8000,F0,prefill,19,0,2632253440,0,0,2632253440
LLAMA-7B--KVChime-EPIC-long-8000,F0,prefill,20,0,2763866112,0,0,2763866112
LLAMA-7B--KVChime-EPIC-long-8000,F0,prefill,21,0,2895478784,0,0,2895478784
LLAMA-7B--KVChime-EPIC-long-8000,F0,prefill,22,0,3027091456,0,0,3027091456
LLAMA-7B--KVChime-EPIC-long-8000,F0,prefill,23,0,3158704128,0,0,3158704128
LLAMA-7B--KVChime-EPIC-long-8000,F0,prefill,24,0,3290316800,0,0,3290316800
LLAMA-7B--KVChime-EPIC-long-8000,F0,prefill,25,0,3421929472,0,0,3421929472
LLAMA-7B--KVChime-EPIC-long-8000,F0,prefill,26,0,3553542144,0,0,3553542144
LLAMA-7B--KVChime-EPIC-long-8000,F0,prefill,27,0,3685154816,0,0,3685154816
LLAMA-7B--KVChime-EPIC-long-8000,F0,prefill,28,0,3816767488,0,0,3816767488
LLAMA-7B--KVChime-EPIC-long-8000,F0,prefill,29,0,3948380160,0,0,3948380160
LLAMA-7B--KVChime-EPIC-long-8000,F0,prefill,30,0,4079992832,0,0,4079992832
LLAMA-7B--KVChime-EPIC-long-8000,F0,prefill,31,0,4211605504,0,0,4211605504
LLAMA-7B--KVChime-EPIC-long-8000,F0,decode,all,1,4212129792,0,0,4212129792
LLAMA-7B--KVChime-EPIC-long-8000,F0,decode,all,2,4212654080,0,0,4212654080
LLAMA-7B--KVChime-EPIC-long-8000,F0,decode,all,3,4213178368,0,0,4213178368
LLAMA-7B--KVChime-EPIC-long-8000,F0,decode,all,4,4213702656,0,0,4213702656
LLAMA-7B--KVChime-EPIC-long-8000,F0,decode,all,5,4214226944,0,0,4214226944
LLAMA-7B--KVChime-EPIC-long-8000,F0,decode,all,6,4214751232,0,0,4214751232
LLAMA-7B--KVChime-EPIC-long-8000,F0,decode,all,7,4215275520,0,0,4215275520
LLAMA-7B--KVChime-EPIC-long-8000,F0,decode,all,8,4215799808,0,0,4215799808
LLAMA-7B--KVChime-EPIC-long-8000,F0,decode,all,9,4216324096,0,0,4216324096
LLAMA-7B--KVChime-EPIC-long-8000,F0,decode,all,10,4216848384,0,0,4216848384
LLAMA-7B--KVChime-EPIC-long-8000,F0,decode,all,11,4217372672,0,0,4217372672
LLAMA-7B--KVChime-EPIC-long-8000,F0,decode,all,12,4217896960,0,0,4217896960
LLAMA-7B--KVChime-EPIC-long-8000,F0,decode,all,13,4218421248,0,0,4218421248
LLAMA-7B--KVChime-EPIC-long-8000,F0,decode,all,14,4218945536,0,0,4218945536
LLAMA-7B--KVChime-EPIC-long-8000,F0,decode,all,15,4219469824,0,0,4219469824
LLAMA-7B--KVChime-EPIC-long-8000,F1,prefill,0,0,131612672,4211605504,0,4343218176
LLAMA-7B--KVChime-EPIC-long-8000,F1,prefill,1,0,263225344,4211605504,0,4474830848
LLAMA-7B--KVChime-EPIC-long-8000,F1,prefill,2,0,394838016,4211605504,0,4606443520
LLAMA-7B--KVChime-EPIC-long-8000,F1,prefill,3,0,526450688,4211605504,0,4738056192
LLAMA-7B--KVChime-EPIC-long-8000,F1,prefill,4,0,658063360,4211605504,0,4869668864
LLAMA-7B--KVChime-EPIC-long-8000,F1,prefill,5,0,789676032,4211605504,0,5001281536
LLAMA-7B--KVChime-EPIC-long-8000,F1,prefill,6,0,921288704,4211605504,0,5132894208
LLAMA-7B--KVChime-EPIC-long-8000,F1,prefill,7,0,1052901376,4211605504,0,5264506880
LLAMA-7B--KVChime-EPIC-long-8000,F1,prefill,8,0,1184514048,4211605504,0,5396119552
LLAMA-7B--KVChime-EPIC-long-8000,F1,prefill,9,0,1316126720,4211605504,0,5527732224
LLAMA-7B--KVChime-EPIC-long-8000,F1,prefill,10,0,1447739392,4211605504,0,5659344896
LLAMA-7B--KVChime-EPIC-long-8000,F1,prefill,11,0,1579352064,4211605504,0,5790957568
LLAMA-7B--KVChime-EPIC-long-8000,F1,prefill,12,0,1710964736,4211605504,0,5922570240
LLAMA-7B--KVChime-EPIC-long-8000,F1,prefill,13,0,1842577408,4211605504,0,6054182912
LLAMA-7B--KVChime-EPIC-long-8000,F1,prefill,14,0,1974190080,4211605504,0,6185795584
LLAMA-7B--KVChime-EPIC-long-8000,F1,prefill,15,0,2105802752,4211605504,0,6317408256
LLAMA-7B--KVChime-EPIC-long-8000,F1,prefill,16,0,2237415424,4211605504,0,6449020928
LLAMA-7B--KVChime-EPIC-long-8000,F1,prefill,17,0,2369028096,4211605504,0,6580633600
LLAMA-7B--KVChime-EPIC-long-8000,F1,prefill,18,0,2500640768,4211605504,0,6712246272
LLAMA-7B--KVChime-EPIC-long-8000,F1,prefill,19,0,2632253440,4211605504,0,6843858944
LLAMA-7B--KVChime-EPIC-long-8000,F1,prefill,20,0,2763866112,4211605504,0,6975471616
LLAMA-7B--KVChime-EPIC-long-8000,F1,prefill,21,0,2895478784,4211605504,0,7107084288
LLAMA-7B--KVChime-EPIC-long-8000,F1,prefill,22,0,3027091456,4211605504,0,7238696960
LLAMA-7B--KVChime-EPIC-long-8000,F1,prefill,23,0,3158704128,4211605504,0,7370309632
LLAMA-7B--KVChime-EPIC-long-8000,F1,prefill,24,0,3290316800,4211605504,0,7501922304
LLAMA-7B--KVChime-EPIC-long-8000,F1,prefill,25,0,3421929472,4211605504,0,7633534976
LLAMA-7B--KVChime-EPIC-long-8000,F1,prefill,26,0,3553542144,4211605504,0,7765147648
LLAMA-7B--KVChime-EPIC-long-8000,F1,prefill,27,0,3685154816,4211605504,0,7896760320
LLAMA-7B--KVChime-EPIC-long-8000,F1,prefill,28,0,3816767488,4211605504,0,8028372992
LLAMA-7B--KVChime-EPIC-long-8000,F1,prefill,29,0,3948380160,4211605504,0,8159985664
LLAMA-7B--KVChime-EPIC-long-8000,F1,prefill,30,0,4079992832,4211605504,0,8291598336
LLAMA-7B--KVChime-EPIC-long-8000,F1,prefill,31,0,4211605504,4211605504,0,8423211008
LLAMA-7B--KVChime-EPIC-long-8000,F1,decode,all,1,4212129792,4211605504,0,8423735296
LLAMA-7B--KVChime-EPIC-long-8000,F1,decode,all,2,4212654080,4211605504,0,8424259584
LLAMA-7B--KVChime-EPIC-long-8000,F1,decode,all,3,4213178368,4211605504,0,8424783872
LLAMA-7B--KVChime-EPIC-long-8000,F1,decode,all,4,4213702656,4211605504,0,8425308160
LLAMA-7B--KVChime-EPIC-long-8000,F1,decode,all,5,4214226944,4211605504,0,8425832448
LLAMA-7B--KVChime-EPIC-long-8000,F1,decode,all,6,4214751232,4211605504,0,8426356736
LLAMA-7B--KVChime-EPIC-long-8000,F1,decode,all,7,4215275520,4211605504,0,8426881024
LLAMA-7B--KVChime-EPIC-long-8000,F1,decode,all,8,4215799808,4211605504,0,8427405312
LLAMA-7B--KVChime-EPIC-long-8000,F1,decode,all,9,4216324096,4211605504,0,8427929600
LLAMA-7B--KVChime-EPIC-long-8000,F1,decode,all,10,4216848384,4211605504,0,8428453888
LLAMA-7B--KVChime-EPIC-long-8000,F1,decode,all,11,4217372672,4211605504,0,8428978176
LLAMA-7B--KVChime-EPIC-long-8000,F1,decode,all,12,4217896960,4211605504,0,8429502464
LLAMA-7B--KVChime-EPIC-long-8000,F1,decode,all,13,4218421248,4211605504,0,8430026752
LLAMA-7B--KVChime-EPIC-long-8000,F1,decode,all,14,4218945536,4211605504,0,8430551040
LLAMA-7B--KVChime-EPIC-long-8000,F1,decode,all,15,4219469824,4211605504,0,8431075328
LLAMA-7B--KVChime-EPIC-long-8000,F2,prefill,0,0,131612672,4211605504,131612672,4474830848
LLAMA-7B--KVChime-EPIC-long-8000,F2,prefill,1,0,131612672,4211605504,263225344,4606443520
LLAMA-7B--KVChime-EPIC-long-8000,F2,prefill,2,0,131612672,4211605504,394838016,4738056192
LLAMA-7B--KVChime-EPIC-long-8000,F2,prefill,3,0,131612672,4211605504,526450688,4869668864
LLAMA-7B--KVChime-EPIC-long-8000,F2,prefill,4,0,131612672,4211605504,658063360,5001281536
LLAMA-7B--KVChime-EPIC-long-8000,F2,prefill,5,0,131612672,4211605504,789676032,5132894208
LLAMA-7B--KVChime-EPIC-long-8000,F2,prefill,6,0,131612672,4211605504,921288704,5264506880
LLAMA-7B--KVChime-EPIC-long-8000,F2,prefill,7,0,131612672,4211605504,1052901376,5396119552
LLAMA-7B--KVChime-EPIC-long-8000,F2,prefill,8,0,131612672,4211605504,1184514048,5527732224
LLAMA-7B--KVChime-EPIC-long-8000,F2,prefill,9,0,131612672,4211605504,1316126720,5659344896
LLAMA-7B--KVChime-EPIC-long-8000,F2,prefill,10,0,131612672,4211605504,1447739392,5790957568
LLAMA-7B--KVChime-EPIC-long-8000,F2,prefill,11,0,131612672,4211605504,1579352064,5922570240
LLAMA-7B--KVChime-EPIC-long-8000,F2,prefill,12,0,131612672,4211605504,1710964736,6054182912
LLAMA-7B--KVChime-EPIC-long-8000,F2,prefill,13,0,131612672,4211605504,1842577408,6185795584
LLAMA-7B--KVChime-EPIC-long-8000,F2,prefill,14,0,131612672,4211605504,1974190080,6317408256
LLAMA-7B--KVChime-EPIC-long-8000,F2,prefill,15,0,131612672,4211605504,2105802752,6449020928
LLAMA-7B--KVChime-EPIC-long-8000,F2,prefill,16,0,131612672,4211605504,2237415424,6580633600
LLAMA-7B--KVChime-EPIC-long-8000,F2,prefill,17,0,131612672,4211605504,2369028096,6712246272
LLAMA-7B--KVChime-EPIC-long-8000,F2,prefill,18,0,131612672,4211605504,2500640768,6843858944
LLAMA-7B--KVChime-EPIC-long-8000,F2,prefill,19,0,131612672,4211605504,2632253440,6975471616
LLAMA-7B--KVChime-EPIC-long-8000,F2,prefill,20,0,131612672,4211605504,2763866112,7107084288
LLAMA-7B--KVChime-EPIC-long-8000,F2,prefill,21,0,131612672,4211605504,2895478784,7238696960
LLAMA-7B--KVChime-EPIC-long-8000,F2,prefill,22,0,131612672,4211605504,3027091456,7370309632
LLAMA-7B--KVChime-EPIC-long-8000,F2,prefill,23,0,131612672,4211605504,3158704128,7501922304
LLAMA-7B--KVChime-EPIC-long-8000,F2,prefill,24,0,131612672,4211605504,3290316800,7633534976
LLAMA-7B--KVChime-EPIC-long-8000,F2,prefill,25,0,131612672,4211605504,3421929472,7765147648
LLAMA-7B--KVChime-EPIC-long-8000,F2,prefill,26,0,131612672,4211605504,3553542144,7896760320
LLAMA-7B--KVChime-EPIC-long-8000,F2,prefill,27,0,131612672,4211605504,3685154816,8028372992
LLAMA-7B--KVChime-EPIC-long-8000,F2,prefill,28,0,131612672,4211605504,3816767488,8159985664
LLAMA-7B--KVChime-EPIC-long-8000,F2,prefill,29,0,131612672,4211605504,3948380160,8291598336
LLAMA-7B--KVChime-EPIC-long-8000,F2,prefill,30,0,131612672,4211605504,4079992832,8423211008
LLAMA-7B--KVChime-EPIC-long-8000,F2,prefill,31,0,131612672,4211605504,4211605504,8554823680
LLAMA-7B--KVChime-EPIC-long-8000,F2,decode,all,1,16384,4211605504,4212129792,8423751680
LLAMA-7B--KVChime-EPIC-long-8000,F2,decode,all,2,16384,4211605504,4212654080,8424275968
LLAMA-7B--KVChime-EPIC-long-8000,F2,decode,all,3,16384,4211605504,4213178368,8424800256
LLAMA-7B--KVChime-EPIC-long-8000,F2,decode,all,4,16384,4211605504,4213702656,8425324544
LLAMA-7B--KVChime-EPIC-long-8000,F2,decode,all,5,16384,4211605504,4214226944,8425848832
LLAMA-7B--KVChime-EPIC-long-8000,F2,decode,all,6,16384,4211605504,4214751232,8426373120
LLAMA-7B--KVChime-EPIC-long-8000,F2,decode,all,7,16384,4211605504,4215275520,8426897408
LLAMA-7B--KVChime-EPIC-long-8000,F2,decode,all,8,16384,4211605504,4215799808,8427421696
LLAMA-7B--KVChime-EPIC-long-8000,F2,decode,all,9,16384,4211605504,4216324096,8427945984
LLAMA-7B--KVChime-EPIC-long-8000,F2,decode,all,10,16384,4211605504,4216848384,8428470272
LLAMA-7B--KVChime-EPIC-long-8000,F2,decode,all,11,16384,4211605504,4217372672,8428994560
LLAMA-7B--KVChime-EPIC-long-8000,F2,decode,all,12,16384,4211605504,4217896960,8429518848
LLAMA-7B--KVChime-EPIC-long-8000,F2,decode,all,13,16384,4211605504,4218421248,8430043136
LLAMA-7B--KVChime-EPIC-long-8000,F2,decode,all,14,16384,4211605504,4218945536,8430567424
LLAMA-7B--KVChime-EPIC-long-8000,F2,decode,all,15,16384,4211605504,4219469824,8431091712
LLAMA-7B--KVChime-EPIC-long-8000,F3,prefill,0,0,131612672,4211605504,3047424,4346265600
LLAMA-7B--KVChime-EPIC-long-8000,F3,prefill,1,0,131612672,4211605504,6094848,4349313024
LLAMA-7B--KVChime-EPIC-long-8000,F3,prefill,2,0,131612672,4211605504,9142272,4352360448
LLAMA-7B--KVChime-EPIC-long-8000,F3,prefill,3,0,131612672,4211605504,12189696,4355407872
LLAMA-7B--KVChime-EPIC-long-8000,F3,prefill,4,0,131612672,4211605504,15237120,4358455296
LLAMA-7B--KVChime-EPIC-long-8000,F3,prefill,5,0,131612672,4211605504,18284544,4361502720
LLAMA-7B--KVChime-EPIC-long-8000,F3,prefill,6,0,131612672,4211605504,21331968,4364550144
LLAMA-7B--KVChime-EPIC-long-8000,F3,prefill,7,0,131612672,4211605504,24379392,4367597568
LLAMA-7B--KVChime-EPIC-long-8000,F3,prefill,8,0,131612672,4211605504,27426816,4370644992
LLAMA-7B--KVChime-EPIC-long-8000,F3,prefill,9,0,131612672,4211605504,30474240,4373692416
LLAMA-7B--KVChime-EPIC-long-8000,F3,prefill,10,0,131612672,4211605504,33521664,4376739840
LLAMA-7B--KVChime-EPIC-long-8000,F3,prefill,11,0,131612672,4211605504,36569088,4379787264
LLAMA-7B--KVChime-EPIC-long-8000,F3,prefill,12,0,131612672,4211605504,39616512,4382834688
LLAMA-7B--KVChime-EPIC-long-8000,F3,prefill,13,0,131612672,4211605504,42663936,4385882112
LLAMA-7B--KVChime-EPIC-long-8000,F3,prefill,14,0,131612672,4211605504,45711360,4388929536
LLAMA-7B--KVChime-EPIC-long-8000,F3,prefill,15,0,131612672,4211605504,48758784,4391976960
LLAMA-7B--KVChime-EPIC-long-8000,F3,prefill,16,0,131612672,4211605504,51806208,4395024384
LLAMA-7B--KVChime-EPIC-long-8000,F3,prefill,17,0,131612672,4211605504,54853632,4398071808
LLAMA-7B--KVChime-EPIC-long-8000,F3,prefill,18,0,131612672,4211605504,57901056,4401119232
LLAMA-7B--KVChime-EPIC-long-8000,F3,prefill,19,0,131612672,4211605504,60948480,4404166656
LLAMA-7B--KVChime-EPIC-long-8000,F3,prefill,20,0,131612672,4211605504,63995904,4407214080
LLAMA-7B--KVChime-EPIC-long-8000,F3,prefill,21,0,131612672,4211605504,67043328,4410261504
LLAMA-7B--KVChime-EPIC-long-8000,F3,prefill,22,0,131612672,4211605504,70090752,4413308928
LLAMA-7B--KVChime-EPIC-long-8000,F3,prefill,23,0,131612672,4211605504,73138176,4416356352
LLAMA-7B--KVChime-EPIC-long-8000,F3,prefill,24,0,131612672,4211605504,76185600,4419403776
LLAMA-7B--KVChime-EPIC-long-8000,F3,prefill,25,0,131612672,4211605504,79233024,4422451200
LLAMA-7B--KVChime-EPIC-long-8000,F3,prefill,26,0,131612672,4211605504,82280448,4425498624
LLAMA-7B--KVChime-EPIC-long-8000,F3,prefill,27,0,131612672,4211605504,85327872,4428546048
LLAMA-7B--KVChime-EPIC-long-8000,F3,prefill,28,0,131612672,4211605504,88375296,4431593472
LLAMA-7B--KVChime-EPIC-long-8000,F3,prefill,29,0,131612672,4211605504,91422720,4434640896
LLAMA-7B--KVChime-EPIC-long-8000,F3,prefill,30,0,131612672,4211605504,94470144,4437688320
LLAMA-7B--KVChime-EPIC-long-8000,F3,prefill,31,0,131612672,4211605504,97517568,4440735744
LLAMA-7B--KVChime-EPIC-long-8000,F3,decode,all,1,16384,4211605504,98041856,4309663744
LLAMA-7B--KVChime-EPIC-long-8000,F3,decode,all,2,16384,4211605504,98566144,4310188032
LLAMA-7B--KVChime-EPIC-long-8000,F3,decode,all,3,16384,4211605504,99090432,4310712320
LLAMA-7B--KVChime-EPIC-long-8000,F3,decode,all,4,16384,4211605504,99614720,4311236608
LLAMA-7B--KVChime-EPIC-long-8000,F3,decode,all,5,16384,4211605504,100139008,4311760896
LLAMA-7B--KVChime-EPIC-long-8000,F3,decode,all,6,16384,4211605504,100663296,4312285184
LLAMA-7B--KVChime-EPIC-long-8000,F3,decode,all,7,16384,4211605504,101187584,4312809472
LLAMA-7B--KVChime-EPIC-long-8000,F3,decode,all,8,16384,4211605504,101711872,4313333760
LLAMA-7B--KVChime-EPIC-long-8000,F3,decode,all,9,16384,4211605504,102236160,4313858048
LLAMA-7B--KVChime-EPIC-long-8000,F3,decode,all,10,16384,4211605504,102760448,4314382336
LLAMA-7B--KVChime-EPIC-long-8000,F3,decode,all,11,16384,4211605504,103284736,4314906624
LLAMA-7B--KVChime-EPIC-long-8000,F3,decode,all,12,16384,4211605504,103809024,4315430912
LLAMA-7B--KVChime-EPIC-long-8000,F3,decode,all,13,16384,4211605504,104333312,4315955200
LLAMA-7B--KVChime-EPIC-long-8000,F3,decode,all,14,16384,4211605504,104857600,4316479488
LLAMA-7B--KVChime-EPIC-long-8000,F3,decode,all,15,16384,4211605504,105381888,4317003776
LLAMA-7B--KVChime-EPIC-long-8000,F4,prefill,0,0,3047424,4211605504,3047424,4217700352
LLAMA-7B--KVChime-EPIC-long-8000,F4,prefill,1,0,3047424,4211605504,6094848,4220747776
LLAMA-7B--KVChime-EPIC-long-8000,F4,prefill,2,0,3047424,4211605504,9142272,4223795200
LLAMA-7B--KVChime-EPIC-long-8000,F4,prefill,3,0,3047424,4211605504,12189696,4226842624
LLAMA-7B--KVChime-EPIC-long-8000,F4,prefill,4,0,3047424,4211605504,15237120,4229890048
LLAMA-7B--KVChime-EPIC-long-8000,F4,prefill,5,0,3047424,4211605504,18284544,4232937472
LLAMA-7B--KVChime-EPIC-long-8000,F4,prefill,6,0,3047424,4211605504,21331968,4235984896
LLAMA-7B--KVChime-EPIC-long-8000,F4,prefill,7,0,3047424,4211605504,24379392,4239032320
LLAMA-7B--KVChime-EPIC-long-8000,F4,prefill,8,0,3047424,4211605504,27426816,4242079744
LLAMA-7B--KVChime-EPIC-long-8000,F4,prefill,9,0,3047424,4211605504,30474240,4245127168
LLAMA-7B--KVChime-EPIC-long-8000,F4,prefill,10,0,3047424,4211605504,33521664,4248174592
LLAMA-7B--KVChime-EPIC-long-8000,F4,prefill,11,0,3047424,4211605504,36569088,4251222016
LLAMA-7B--KVChime-EPIC-long-8000,F4,prefill,12,0,3047424,4211605504,39616512,4254269440
LLAMA-7B--KVChime-EPIC-long-8000,F4,prefill,13,0,3047424,4211605504,42663936,4257316864
LLAMA-7B--KVChime-EPIC-long-8000,F4,prefill,14,0,3047424,4211605504,45711360,4260364288
LLAMA-7B--KVChime-EPIC-long-8000,F4,prefill,15,0,3047424,4211605504,48758784,4263411712
LLAMA-7B--KVChime-EPIC-long-8000,F4,prefill,16,0,3047424,4211605504,51806208,4266459136
LLAMA-7B--KVChime-EPIC-long-8000,F4,prefill,17,0,3047424,4211605504,54853632,4269506560
LLAMA-7B--KVChime-EPIC-long-8000,F4,prefill,18,0,3047424,4211605504,57901056,4272553984
LLAMA-7B--KVChime-EPIC-long-8000,F4,prefill,19,0,3047424,4211605504,60948480,4275601408
LLAMA-7B--KVChime-EPIC-long-8000,F4,prefill,20,0,3047424,4211605504,63995904,4278648832
LLAMA-7B--KVChime-EPIC-long-8000,F4,prefill,21,0,3047424,4211605504,67043328,4281696256
LLAMA-7B--KVChime-EPIC-long-8000,F4,prefill,22,0,3047424,4211605504,70090752,4284743680
LLAMA-7B--KVChime-EPIC-long-8000,F4,prefill,23,0,3047424,4211605504,73138176,4287791104
LLAMA-7B--KVChime-EPIC-long-8000,F4,prefill,24,0,3047424,4211605504,76185600,4290838528
LLAMA-7B--KVChime-EPIC-long-8000,F4,prefill,25,0,3047424,4211605504,79233024,4293885952
LLAMA-7B--KVChime-EPIC-long-8000,F4,prefill,26,0,3047424,4211605504,82280448,4296933376
LLAMA-7B--KVChime-EPIC-long-8000,F4,prefill,27,0,3047424,4211605504,85327872,4299980800
LLAMA-7B--KVChime-EPIC-long-8000,F4,prefill,28,0,3047424,4211605504,88375296,4303028224
LLAMA-7B--KVChime-EPIC-long-8000,F4,prefill,29,0,3047424,4211605504,91422720,4306075648
LLAMA-7B--KVChime-EPIC-long-8000,F4,prefill,30,0,3047424,4211605504,94470144,4309123072
LLAMA-7B--KVChime-EPIC-long-8000,F4,prefill,31,0,3047424,4211605504,97517568,4312170496
LLAMA-7B--KVChime-EPIC-long-8000,F4,decode,all,1,16384,4211605504,98041856,4309663744
LLAMA-7B--KVChime-EPIC-long-8000,F4,decode,all,2,16384,4211605504,98566144,4310188032
LLAMA-7B--KVChime-EPIC-long-8000,F4,decode,all,3,16384,4211605504,99090432,4310712320
LLAMA-7B--KVChime-EPIC-long-8000,F4,decode,all,4,16384,4211605504,99614720,4311236608
LLAMA-7B--KVChime-EPIC-long-8000,F4,decode,all,5,16384,4211605504,100139008,4311760896
LLAMA-7B--KVChime-EPIC-long-8000,F4,decode,all,6,16384,4211605504,100663296,4312285184
LLAMA-7B--KVChime-EPIC-long-8000,F4,decode,all,7,16384,4211605504,101187584,4312809472
LLAMA-7B--KVChime-EPIC-long-8000,F4,decode,all,8,16384,4211605504,101711872,4313333760
LLAMA-7B--KVChime-EPIC-long-8000,F4,decode,all,9,16384,4211605504,102236160,4313858048
LLAMA-7B--KVChime-EPIC-long-8000,F4,decode,all,10,16384,4211605504,102760448,4314382336
LLAMA-7B--KVChime-EPIC-long-8000,F4,decode,all,11,16384,4211605504,103284736,4314906624
LLAMA-7B--KVChime-EPIC-long-8000,F4,decode,all,12,16384,4211605504,103809024,4315430912
LLAMA-7B--KVChime-EPIC-long-8000,F4,decode,all,13,16384,4211605504,104333312,4315955200
LLAMA-7B--KVChime-EPIC-long-8000,F4,decode,all,14,16384,4211605504,104857600,4316479488
LLAMA-7B--KVChime-EPIC-long-8000,F4,decode,all,15,16384,4211605504,105381888,4317003776
LLAMA-7B--KVChime-EPIC-long-16000,F0,prefill,0,0,262881280,0,0,262881280
LLAMA-7B--KVChime-EPIC-long-16000,F0,prefill,1,0,525762560,0,0,525762560
LLAMA-7B--KVChime-EPIC-long-16000,F0,prefill,2,0,788643840,0,0,788643840
LLAMA-7B--KVChime-EPIC-long-16000,F0,prefill,3,0,1051525120,0,0,1051525120
LLAMA-7B--KVChime-EPIC-long-16000,F0,prefill,4,0,1314406400,0,0,1314406400
LLAMA-7B--KVChime-EPIC-long-16000,F0,prefill,5,0,1577287680,0,0,1577287680
LLAMA-7B--KVChime-EPIC-long-16000,F0,prefill,6,0,1840168960,0,0,1840168960
LLAMA-7B--KVChime-EPIC-long-16000,F0,prefill,7,0,2103050240,0,0,2103050240
LLAMA-7B--KVChime-EPIC-long-16000,F0,prefill,8,0,2365931520,0,0,2365931520
LLAMA-7B--KVChime-EPIC-long-16000,F0,prefill,9,0,2628812800,0,0,2628812800
LLAMA-7B--KVChime-EPIC-long-16000,F0,prefill,10,0,2891694080,0,0,2891694080
LLAMA-7B--KVChime-EPIC-long-16000,F0,prefill,11,0,3154575360,0,0,3154575360
LLAMA-7B--KVChime-EPIC-long-16000,F0,prefill,12,0,3417456640,0,0,3417456640
LLAMA-7B--KVChime-EPIC-long-16000,F0,prefill,13,0,3680337920,0,0,3680337920
LLAMA-7B--KVChime-EPIC-long-16000,F0,prefill,14,0,3943219200,0,0,3943219200
LLAMA-7B--KVChime-EPIC-long-16000,F0,prefill,15,0,4206100480,0,0,4206100480
LLAMA-7B--KVChime-EPIC-long-16000,F0,prefill,16,0,4468981760,0,0,4468981760
LLAMA-7B--KVChime-EPIC-long-16000,F0,prefill,17,0,4731863040,0,0,4731863040
LLAMA-7B--KVChime-EPIC-long-16000,F0,prefill,18,0,4994744320,0,0,4994744320
LLAMA-7B--KVChime-EPIC-long-16000,F0,prefill,19,0,5257625600,0,0,5257625600
LLAMA-7B--KVChime-EPIC-long-16000,F0,prefill,20,0,5520506880,0,0,5520506880
LLAMA-7B--KVChime-EPIC-long-16000,F0,prefill,21,0,5783388160,0,0,5783388160
LLAMA-7B--KVChime-EPIC-long-16000,F0,prefill,22,0,6046269440,0,0,6046269440
LLAMA-7B--KVChime-EPIC-long-16000,F0,prefill,23,0,6309150720,0,0,6309150720
LLAMA-7B--KVChime-EPIC-long-16000,F0,prefill,24,0,6572032000,0,0,6572032000
LLAMA-7B--KVChime-EPIC-long-16000,F0,prefill,25,0,6834913280,0,0,6834913280
LLAMA-7B--KVChime-EPIC-long-16000,F0,prefill,26,0,7097794560,0,0,7097794560
LLAMA-7B--KVChime-EPIC-long-16000,F0,prefill,27,0,7360675840,0,0,7360675840
LLAMA-7B--KVChime-EPIC-long-16000,F0,prefill,28,0,7623557120,0,0,7623557120
LLAMA-7B--KVChime-EPIC-long-16000,F0,prefill,29,0,7886438400,0,0,7886438400
LLAMA-7B--KVChime-EPIC-long-16000,F0,prefill,30,0,8149319680,0,0,8149319680
LLAMA-7B--KVChime-EPIC-long-16000,F0,prefill,31,0,8412200960,0,0,8412200960
LLAMA-7B--KVChime-EPIC-long-16000,F0,decode,all,1,8412725248,0,0,8412725248
LLAMA-7B--KVChime-EPIC-long-16000,F0,decode,all,2,8413249536,0,0,8413249536
LLAMA-7B--KVChime-EPIC-long-16000,F0,decode,all,3,8413773824,0,0,8413773824
LLAMA-7B--KVChime-EPIC-long-16000,F0,decode,all,4,8414298112,0,0,8414298112
LLAMA-7B--KVChime-EPIC-long-16000,F0,decode,all,5,8414822400,0,0,8414822400
LLAMA-7B--KVChime-EPIC-long-16000,F0,decode,all,6,8415346688,0,0,8415346688
LLAMA-7B--KVChime-EPIC-long-16000,F0,decode,all,7,8415870976,0,0,8415870976
LLAMA-7B--KVChime-EPIC-long-16000,F0,decode,all,8,8416395264,0,0,8416395264
LLAMA-7B--KVChime-EPIC-long-16000,F0,decode,all,9,8416919552,0,0,8416919552
LLAMA-7B--KVChime-EPIC-long-16000,F0,decode,all,10,8417443840,0,0,8417443840
LLAMA-7B--KVChime-EPIC-long-16000,F0,decode,all,11,8417968128,0,0,8417968128
LLAMA-7B--KVChime-EPIC-long-16000,F0,decode,all,12,8418492416,0,0,8418492416
LLAMA-7B--KVChime-EPIC-long-16000,F0,decode,all,13,8419016704,0,0,8419016704
LLAMA-7B--KVChime-EPIC-long-16000,F0,decode,all,14,8419540992,0,0,8419540992
LLAMA-7B--KVChime-EPIC-long-16000,F0,decode,all,15,8420065280,0,0,8420065280
LLAMA-7B--KVChime-EPIC-long-16000,F1,prefill,0,0,262881280,8412200960,0,8675082240
LLAMA-7B--KVChime-EPIC-long-16000,F1,prefill,1,0,525762560,8412200960,0,8937963520
LLAMA-7B--KVChime-EPIC-long-16000,F1,prefill,2,0,788643840,8412200960,0,9200844800
LLAMA-7B--KVChime-EPIC-long-16000,F1,prefill,3,0,1051525120,8412200960,0,9463726080
LLAMA-7B--KVChime-EPIC-long-16000,F1,prefill,4,0,1314406400,8412200960,0,9726607360
LLAMA-7B--KVChime-EPIC-long-16000,F1,prefill,5,0,1577287680,8412200960,0,9989488640
LLAMA-7B--KVChime-EPIC-long-16000,F1,prefill,6,0,1840168960,8412200960,0,10252369920
LLAMA-7B--KVChime-EPIC-long-16000,F1,prefill,7,0,2103050240,8412200960,0,10515251200
LLAMA-7B--KVChime-EPIC-long-16000,F1,prefill,8,0,2365931520,8412200960,0,10778132480
LLAMA-7B--KVChime-EPIC-long-16000,F1,prefill,9,0,2628812800,8412200960,0,11041013760
LLAMA-7B--KVChime-EPIC-long-16000,F1,prefill,10,0,2891694080,8412200960,0,11303895040
LLAMA-7B--KVChime-EPIC-long-16000,F1,prefill,11,0,3154575360,8412200960,0,11566776320
LLAMA-7B--KVChime-EPIC-long-16000,F1,prefill,12,0,3417456640,8412200960,0,11829657600
LLAMA-7B--KVChime-EPIC-long-16000,F1,prefill,13,0,3680337920,8412200960,0,12092538880
LLAMA-7B--KVChime-EPIC-long-16000,F1,prefill,14,0,3943219200,8412200960,0,12355420160
LLAMA-7B--KVChime-EPIC-long-16000,F1,prefill,15,0,4206100480,8412200960,0,12618301440
LLAMA-7B--KVChime-EPIC-long-16000,F1,prefill,16,0,4468981760,8412200960,0,12881182720
LLAMA-7B--KVChime-EPIC-long-16000,F1,prefill,17,0,4731863040,8412200960,0,13144064000
LLAMA-7B--KVChime-EPIC-long-16000,F1,prefill,18,0,4994744320,8412200960,0,13406945280
LLAMA-7B--KVChime-EPIC-long-16000,F1,prefill,19,0,5257625600,8412200960,0,13669826560
LLAMA-7B--KVChime-EPIC-long-16000,F1,prefill,20,0,5520506880,8412200960,0,13932707840
LLAMA-7B--KVChime-EPIC-long-16000,F1,prefill,21,0,5783388160,8412200960,0,14195589120
LLAMA-7B--KVChime-EPIC-long-16000,F1,prefill,22,0,6046269440,8412200960,0,14458470400
LLAMA-7B--KVChime-EPIC-long-16000,F1,prefill,23,0,6309150720,8412200960,0,14721351680
LLAMA-7B--KVChime-EPIC-long-16000,F1,prefill,24,0,6572032000,8412200960,0,14984232960
LLAMA-7B--KVChime-EPIC-long-16000,F1,prefill,25,0,6834913280,8412200960,0,15247114240
LLAMA-7B--KVChime-EPIC-long-16000,F1,prefill,26,0,7097794560,8412200960,0,15509995520
LLAMA-7B--KVChime-EPIC-long-16000,F1,prefill,27,0,7360675840,8412200960,0,15772876800
LLAMA-7B--KVChime-EPIC-long-16000,F1,prefill,28,0,7623557120,8412200960,0,16035758080
LLAMA-7B--KVChime-EPIC-long-16000,F1,prefill,29,0,7886438400,8412200960,0,16298639360
LLAMA-7B--KVChime-EPIC-long-16000,F1,prefill,30,0,8149319680,8412200960,0,16561520640
LLAMA-7B--KVChime-EPIC-long-16000,F1,prefill,31,0,8412200960,8412200960,0,16824401920
LLAMA-7B--KVChime-EPIC-long-16000,F1,decode,all,1,8412725248,8412200960,0,16824926208
LLAMA-7B--KVChime-EPIC-long-16000,F1,decode,all,2,8413249536,8412200960,0,16825450496
LLAMA-7B--KVChime-EPIC-long-16000,F1,decode,all,3,8413773824,8412200960,0,16825974784
LLAMA-7B--KVChime-EPIC-long-16000,F1,decode,all,4,8414298112,8412200960,0,16826499072
LLAMA-7B--KVChime-EPIC-long-16000,F1,decode,all,5,8414822400,8412200960,0,16827023360
LLAMA-7B--KVChime-EPIC-long-16000,F1,decode,all,6,8415346688,8412200960,0,16827547648
LLAMA-7B--KVChime-EPIC-long-16000,F1,decode,all,7,8415870976,8412200960,0,16828071936
LLAMA-7B--KVChime-EPIC-long-16000,F1,decode,all,8,8416395264,8412200960,0,16828596224
LLAMA-7B--KVChime-EPIC-long-16000,F1,decode,all,9,8416919552,8412200960,0,16829120512
LLAMA-7B--KVChime-EPIC-long-16000,F1,decode,all,10,8417443840,8412200960,0,16829644800
LLAMA-7B--KVChime-EPIC-long-16000,F1,decode,all,11,8417968128,8412200960,0,16830169088
LLAMA-7B--KVChime-EPIC-long-16000,F1,decode,all,12,8418492416,8412200960,0,16830693376
LLAMA-7B--KVChime-EPIC-long-16000,F1,decode,all,13,8419016704,8412200960,0,16831217664
LLAMA-7B--KVChime-EPIC-long-16000,F1,decode,all,14,8419540992,8412200960,0,16831741952
LLAMA-7B--KVChime-EPIC-long-16000,F1,decode,all,15,8420065280,8412200960,0,16832266240
LLAMA-7B--KVChime-EPIC-long-16000,F2,prefill,0,0,262881280,8412200960,262881280,8937963520
LLAMA-7B--KVChime-EPIC-long-16000,F2,prefill,1,0,262881280,8412200960,525762560,9200844800
LLAMA-7B--KVChime-EPIC-long-16000,F2,prefill,2,0,262881280,8412200960,788643840,9463726080
LLAMA-7B--KVChime-EPIC-long-16000,F2,prefill,3,0,262881280,8412200960,1051525120,9726607360
LLAMA-7B--KVChime-EPIC-long-16000,F2,prefill,4,0,262881280,8412200960,1314406400,9989488640
LLAMA-7B--KVChime-EPIC-long-16000,F2,prefill,5,0,262881280,8412200960,1577287680,10252369920
LLAMA-7B--KVChime-EPIC-long-16000,F2,prefill,6,0,262881280,8412200960,1840168960,10515251200
LLAMA-7B--KVChime-EPIC-long-16000,F2,prefill,7,0,262881280,8412200960,2103050240,10778132480
LLAMA-7B--KVChime-EPIC-long-16000,F2,prefill,8,0,262881280,8412200960,2365931520,11041013760
LLAMA-7B--KVChime-EPIC-long-16000,F2,prefill,9,0,262881280,8412200960,2628812800,11303895040
LLAMA-7B--KVChime-EPIC-long-16000,F2,prefill,10,0,262881280,8412200960,2891694080,11566776320
LLAMA-7B--KVChime-EPIC-long-16000,F2,prefill,11,0,262881280,8412200960,3154575360,11829657600
LLAMA-7B--KVChime-EPIC-long-16000,F2,prefill,12,0,262881280,8412200960,3417456640,12092538880
LLAMA-7B--KVChime-EPIC-long-16000,F2,prefill,13,0,262881280,8412200960,3680337920,12355420160
LLAMA-7B--KVChime-EPIC-long-16000,F2,prefill,14,0,262881280,8412200960,3943219200,12618301440
LLAMA-7B--KVChime-EPIC-long-16000,F2,prefill,15,0,262881280,8412200960,4206100480,12881182720
LLAMA-7B--KVChime-EPIC-long-16000,F2,prefill,16,0,262881280,8412200960,4468981760,13144064000
LLAMA-7B--KVChime-EPIC-long-16000,F2,prefill,17,0,262881280,8412200960,4731863040,13406945280
LLAMA-7B--KVChime-EPIC-long-16000,F2,prefill,18,0,262881280,8412200960,4994744320,13669826560
LLAMA-7B--KVChime-EPIC-long-16000,F2,prefill,19,0,262881280,8412200960,5257625600,13932707840
LLAMA-7B--KVChime-EPIC-long-16000,F2,prefill,20,0,262881280,8412200960,5520506880,14195589120
LLAMA-7B--KVChime-EPIC-long-16000,F2,prefill,21,0,262881280,8412200960,5783388160,14458470400
LLAMA-7B--KVChime-EPIC-long-16000,F2,prefill,22,0,262881280,8412200960,6046269440,14721351680
LLAMA-7B--KVChime-EPIC-long-16000,F2,prefill,23,0,262881280,8412200960,6309150720,14984232960
LLAMA-7B--KVChime-EPIC-long-16000,F2,prefill,24,0,262881280,8412200960,6572032000,15247114240
LLAMA-7B--KVChime-EPIC-long-16000,F2,prefill,25,0,262881280,8412200960,6834913280,15509995520
LLAMA-7B--KVChime-EPIC-long-16000,F2,prefill,26,0,262881280,8412200960,7097794560,15772876800
LLAMA-7B--KVChime-EPIC-long-16000,F2,prefill,27,0,262881280,8412200960,7360675840,16035758080
LLAMA-7B--KVChime-EPIC-long-16000,F2,prefill,28,0,262881280,8412200960,7623557120,16298639360
LLAMA-7B--KVChime-EPIC-long-16000,F2,prefill,29,0,262881280,8412200960,7886438400,16561520640
LLAMA-7B--KVChime-EPIC-long-16000,F2,prefill,30,0,262881280,8412200960,8149319680,16824401920
LLAMA-7B--KVChime-EPIC-long-16000,F2,prefill,31,0,262881280,8412200960,8412200960,17087283200
LLAMA-7B--KVChime-EPIC-long-16000,F2,decode,all,1,16384,8412200960,8412725248,16824942592
LLAMA-7B--KVChime-EPIC-long-16000,F2,decode,all,2,16384,8412200960,8413249536,16825466880
LLAMA-7B--KVChime-EPIC-long-16000,F2,decode,all,3,16384,8412200960,8413773824,16825991168
LLAMA-7B--KVChime-EPIC-long-16000,F2,decode,all,4,16384,8412200960,8414298112,16826515456
LLAMA-7B--KVChime-EPIC-long-16000,F2,decode,all,5,16384,8412200960,8414822400,16827039744
LLAMA-7B--KVChime-EPIC-long-16000,F2,decode,all,6,16384,8412200960,8415346688,16827564032
LLAMA-7B--KVChime-EPIC-long-16000,F2,decode,all,7,16384,8412200960,8415870976,16828088320
LLAMA-7B--KVChime-EPIC-long-16000,F2,decode,all,8,16384,8412200960,8416395264,16828612608
LLAMA-7B--KVChime-EPIC-long-16000,F2,decode,all,9,16384,8412200960,8416919552,16829136896
LLAMA-7B--KVChime-EPIC-long-16000,F2,decode,all,10,16384,8412200960,8417443840,16829661184
LLAMA-7B--KVChime-EPIC-long-16000,F2,decode,all,11,16384,8412200960,8417968128,16830185472
LLAMA-7B--KVChime-EPIC-long-16000,F2,decode,all,12,16384,8412200960,8418492416,16830709760
LLAMA-7B--KVChime-EPIC-long-16000,F2,decode,all,13,16384,8412200960,8419016704,16831234048
LLAMA-7B--KVChime-EPIC-long-16000,F2,decode,all,14,16384,8412200960,8419540992,16831758336
LLAMA-7B--KVChime-EPIC-long-16000,F2,decode,all,15,16384,8412200960,8420065280,16832282624
LLAMA-7B--KVChime-EPIC-long-16000,F3,prefill,0,0,262881280,8412200960,5668864,8680751104
LLAMA-7B--KVChime-EPIC-long-16000,F3,prefill,1,0,262881280,8412200960,11337728,8686419968
LLAMA-7B--KVChime-EPIC-long-16000,F3,prefill,2,0,262881280,8412200960,17006592,8692088832
LLAMA-7B--KVChime-EPIC-long-16000,F3,prefill,3,0,262881280,8412200960,22675456,8697757696
LLAMA-7B--KVChime-EPIC-long-16000,F3,prefill,4,0,262881280,8412200960,28344320,8703426560
LLAMA-7B--KVChime-EPIC-long-16000,F3,prefill,5,0,262881280,8412200960,34013184,8709095424
LLAMA-7B--KVChime-EPIC-long-16000,F3,prefill,6,0,262881280,8412200960,39682048,8714764288
LLAMA-7B--KVChime-EPIC-long-16000,F3,prefill,7,0,262881280,8412200960,45350912,8720433152
LLAMA-7B--KVChime-EPIC-long-16000,F3,prefill,8,0,262881280,8412200960,51019776,8726102016
LLAMA-7B--KVChime-EPIC-long-16000,F3,prefill,9,0,262881280,8412200960,56688640,8731770880
LLAMA-7B--KVChime-EPIC-long-16000,F3,prefill,10,0,262881280,8412200960,62357504,8737439744
LLAMA-7B--KVChime-EPIC-long-16000,F3,prefill,11,0,262881280,8412200960,68026368,8743108608
LLAMA-7B--KVChime-EPIC-long-16000,F3,prefill,12,0,262881280,8412200960,73695232,8748777472
LLAMA-7B--KVChime-EPIC-long-16000,F3,prefill,13,0,262881280,8412200960,79364096,8754446336
LLAMA-7B--KVChime-EPIC-long-16000,F3,prefill,14,0,262881280,8412200960,85032960,8760115200
LLAMA-7B--KVChime-EPIC-long-16000,F3,prefill,15,0,262881280,8412200960,90701824,8765784064
LLAMA-7B--KVChime-EPIC-long-16000,F3,prefill,16,0,262881280,8412200960,96370688,8771452928
LLAMA-7B--KVChime-EPIC-long-16000,F3,prefill,17,0,262881280,8412200960,102039552,8777121792
LLAMA-7B--KVChime-EPIC-long-16000,F3,prefill,18,0,262881280,8412200960,107708416,8782790656
LLAMA-7B--KVChime-EPIC-long-16000,F3,prefill,19,0,262881280,8412200960,113377280,8788459520
LLAMA-7B--KVChime-EPIC-long-16000,F3,prefill,20,0,262881280,8412200960,119046144,8794128384
LLAMA-7B--KVChime-EPIC-long-16000,F3,prefill,21,0,262881280,8412200960,124715008,8799797248
LLAMA-7B--KVChime-EPIC-long-16000,F3,prefill,22,0,262881280,8412200960,130383872,8805466112
LLAMA-7B--KVChime-EPIC-long-16000,F3,prefill,23,0,262881280,8412200960,136052736,8811134976
LLAMA-7B--KVChime-EPIC-long-16000,F3,prefill,24,0,262881280,8412200960,141721600,8816803840
LLAMA-7B--KVChime-EPIC-long-16000,F3,prefill,25,0,262881280,8412200960,147390464,8822472704
LLAMA-7B--KVChime-EPIC-long-16000,F3,prefill,26,0,262881280,8412200960,153059328,8828141568
LLAMA-7B--KVChime-EPIC-long-16000,F3,prefill,27,0,262881280,8412200960,158728192,8833810432
LLAMA-7B--KVChime-EPIC-long-16000,F3,prefill,28,0,262881280,8412200960,164397056,8839479296
LLAMA-7B--KVChime-EPIC-long-16000,F3,prefill,29,0,262881280,8412200960,170065920,8845148160
LLAMA-7B--KVChime-EPIC-long-16000,F3,prefill,30,0,262881280,8412200960,175734784,8850817024
LLAMA-7B--KVChime-EPIC-long-16000,F3,prefill,31,0,262881280,8412200960,181403648,8856485888
LLAMA-7B--KVChime-EPIC-long-16000,F3,decode,all,1,16384,8412200960,181927936,8594145280
LLAMA-7B--KVChime-EPIC-long-16000,F3,decode,all,2,16384,8412200960,182452224,8594669568
LLAMA-7B--KVChime-EPIC-long-16000,F3,decode,all,3,16384,8412200960,182976512,8595193856
LLAMA-7B--KVChime-EPIC-long-16000,F3,decode,all,4,16384,8412200960,183500800,8595718144
LLAMA-7B--KVChime-EPIC-long-16000,F3,decode,all,5,16384,8412200960,184025088,8596242432
LLAMA-7B--KVChime-EPIC-long-16000,F3,decode,all,6,16384,8412200960,184549376,8596766720
LLAMA-7B--KVChime-EPIC-long-16000,F3,decode,all,7,16384,8412200960,185073664,8597291008
LLAMA-7B--KVChime-EPIC-long-16000,F3,decode,all,8,16384,8412200960,185597952,8597815296
LLAMA-7B--KVChime-EPIC-long-16000,F3,decode,all,9,16384,8412200960,186122240,8598339584
LLAMA-7B--KVChime-EPIC-long-16000,F3,decode,all,10,16384,8412200960,186646528,8598863872
LLAMA-7B--KVChime-EPIC-long-16000,F3,decode,all,11,16384,8412200960,187170816,8599388160
LLAMA-7B--KVChime-EPIC-long-16000,F3,decode,all,12,16384,8412200960,187695104,8599912448
LLAMA-7B--KVChime-EPIC-long-16000,F3,decode,all,13,16384,8412200960,188219392,8600436736
LLAMA-7B--KVChime-EPIC-long-16000,F3,decode,all,14,16384,8412200960,188743680,8600961024
LLAMA-7B--KVChime-EPIC-long-16000,F3,decode,all,15,16384,8412200960,189267968,8601485312
LLAMA-7B--KVChime-EPIC-long-16000,F4,prefill,0,0,5668864,8412200960,5668864,8423538688
LLAMA-7B--KVChime-EPIC-long-16000,F4,prefill,1,0,5668864,8412200960,11337728,8429207552
LLAMA-7B--KVChime-EPIC-long-16000,F4,prefill,2,0,5668864,8412200960,17006592,8434876416
LLAMA-7B--KVChime-EPIC-long-16000,F4,prefill,3,0,5668864,8412200960,22675456,8440545280
LLAMA-7B--KVChime-EPIC-long-16000,F4,prefill,4,0,5668864,8412200960,28344320,8446214144
LLAMA-7B--KVChime-EPIC-long-16000,F4,prefill,5,0,5668864,8412200960,34013184,8451883008
LLAMA-7B--KVChime-EPIC-long-16000,F4,prefill,6,0,5668864,8412200960,39682048,8457551872
LLAMA-7B--KVChime-EPIC-long-16000,F4,prefill,7,0,5668864,8412200960,45350912,8463220736
LLAMA-7B--KVChime-EPIC-long-16000,F4,prefill,8,0,5668864,8412200960,51019776,8468889600
LLAMA-7B--KVChime-EPIC-long-16000,F4,prefill,9,0,5668864,8412200960,56688640,8474558464
LLAMA-7B--KVChime-EPIC-long-16000,F4,prefill,10,0,5668864,8412200960,62357504,8480227328
LLAMA-7B--KVChime-EPIC-long-16000,F4,prefill,11,0,5668864,8412200960,68026368,8485896192
LLAMA-7B--KVChime-EPIC-long-16000,F4,prefill,12,0,5668864,8412200960,73695232,8491565056
LLAMA-7B--KVChime-EPIC-long-16000,F4,prefill,13,0,5668864,8412200960,79364096,8497233920
LLAMA-7B--KVChime-EPIC-long-16000,F4,prefill,14,0,5668864,8412200960,85032960,8502902784
LLAMA-7B--KVChime-EPIC-long-16000,F4,prefill,15,0,5668864,8412200960,90701824,8508571648
LLAMA-7B--KVChime-EPIC-long-16000,F4,prefill,16,0,5668864,8412200960,96370688,8514240512
LLAMA-7B--KVChime-EPIC-long-16000,F4,prefill,17,0,5668864,8412200960,102039552,8519909376
LLAMA-7B--KVChime-EPIC-long-16000,F4,prefill,18,0,5668864,8412200960,107708416,8525578240
LLAMA-7B--KVChime-EPIC-long-16000,F4,prefill,19,0,5668864,8412200960,113377280,8531247104
LLAMA-7B--KVChime-EPIC-long-16000,F4,prefill,20,0,5668864,8412200960,119046144,8536915968
LLAMA-7B--KVChime-EPIC-long-16000,F4,prefill,21,0,5668864,8412200960,124715008,8542584832
LLAMA-7B--KVChime-EPIC-long-16000,F4,prefill,22,0,5668864,8412200960,130383872,8548253696
LLAMA-7B--KVChime-EPIC-long-16000,F4,prefill,23,0,5668864,8412200960,136052736,8553922560
LLAMA-7B--KVChime-EPIC-long-16000,F4,prefill,24,0,5668864,8412200960,141721600,8559591424
LLAMA-7B--KVChime-EPIC-long-16000,F4,prefill,25,0,5668864,8412200960,147390464,8565260288
LLAMA-7B--KVChime-EPIC-long-16000,F4,prefill,26,0,5668864,8412200960,153059328,8570929152
LLAMA-7B--KVChime-EPIC-long-16000,F4,prefill,27,0,5668864,8412200960,158728192,8576598016
LLAMA-7B--KVChime-EPIC-long-16000,F4,prefill,28,0,5668864,8412200960,164397056,8582266880
LLAMA-7B--KVChime-EPIC-long-16000,F4,prefill,29,0,5668864,8412200960,170065920,8587935744
LLAMA-7B--KVChime-EPIC-long-16000,F4,prefill,30,0,5668864,8412200960,175734784,8593604608
LLAMA-7B--KVChime-EPIC-long-16000,F4,prefill,31,0,5668864,8412200960,181403648,8599273472
LLAMA-7B--KVChime-EPIC-long-16000,F4,decode,all,1,16384,8412200960,181927936,8594145280
LLAMA-7B--KVChime-EPIC-long-16000,F4,decode,all,2,16384,8412200960,182452224,8594669568
LLAMA-7B--KVChime-EPIC-long-16000,F4,decode,all,3,16384,8412200960,182976512,8595193856
LLAMA-7B--KVChime-EPIC-long-16000,F4,decode,all,4,16384,8412200960,183500800,8595718144
LLAMA-7B--KVChime-EPIC-long-16000,F4,decode,all,5,16384,8412200960,184025088,8596242432
LLAMA-7B--KVChime-EPIC-long-16000,F4,decode,all,6,16384,8412200960,184549376,8596766720
LLAMA-7B--KVChime-EPIC-long-16000,F4,decode,all,7,16384,8412200960,185073664,8597291008
LLAMA-7B--KVChime-EPIC-long-16000,F4,decode,all,8,16384,8412200960,185597952,8597815296
LLAMA-7B--KVChime-EPIC-long-16000,F4,decode,all,9,16384,8412200960,186122240,8598339584
LLAMA-7B--KVChime-EPIC-long-16000,F4,decode,all,10,16384,8412200960,186646528,8598863872
LLAMA-7B--KVChime-EPIC-long-16000,F4,decode,all,11,16384,8412200960,187170816,8599388160
LLAMA-7B--KVChime-EPIC-long-16000,F4,decode,all,12,16384,8412200960,187695104,8599912448
LLAMA-7B--KVChime-EPIC-long-16000,F4,decode,all,13,16384,8412200960,188219392,8600436736
LLAMA-7B--KVChime-EPIC-long-16000,F4,decode,all,14,16384,8412200960,188743680,8600961024
LLAMA-7B--KVChime-EPIC-long-16000,F4,decode,all,15,16384,8412200960,189267968,8601485312
LLAMA-7B--KVChime-EPIC-shared-readers-B1,F0,prefill,0,0,131645440,0,0,131645440
LLAMA-7B--KVChime-EPIC-shared-readers-B1,F0,prefill,1,0,263290880,0,0,263290880
LLAMA-7B--KVChime-EPIC-shared-readers-B1,F0,prefill,2,0,394936320,0,0,394936320
LLAMA-7B--KVChime-EPIC-shared-readers-B1,F0,prefill,3,0,526581760,0,0,526581760
LLAMA-7B--KVChime-EPIC-shared-readers-B1,F0,prefill,4,0,658227200,0,0,658227200
LLAMA-7B--KVChime-EPIC-shared-readers-B1,F0,prefill,5,0,789872640,0,0,789872640
LLAMA-7B--KVChime-EPIC-shared-readers-B1,F0,prefill,6,0,921518080,0,0,921518080
LLAMA-7B--KVChime-EPIC-shared-readers-B1,F0,prefill,7,0,1053163520,0,0,1053163520
LLAMA-7B--KVChime-EPIC-shared-readers-B1,F0,prefill,8,0,1184808960,0,0,1184808960
LLAMA-7B--KVChime-EPIC-shared-readers-B1,F0,prefill,9,0,1316454400,0,0,1316454400
LLAMA-7B--KVChime-EPIC-shared-readers-B1,F0,prefill,10,0,1448099840,0,0,1448099840
LLAMA-7B--KVChime-EPIC-shared-readers-B1,F0,prefill,11,0,1579745280,0,0,1579745280
LLAMA-7B--KVChime-EPIC-shared-readers-B1,F0,prefill,12,0,1711390720,0,0,1711390720
LLAMA-7B--KVChime-EPIC-shared-readers-B1,F0,prefill,13,0,1843036160,0,0,1843036160
LLAMA-7B--KVChime-EPIC-shared-readers-B1,F0,prefill,14,0,1974681600,0,0,1974681600
LLAMA-7B--KVChime-EPIC-shared-readers-B1,F0,prefill,15,0,2106327040,0,0,2106327040
LLAMA-7B--KVChime-EPIC-shared-readers-B1,F0,prefill,16,0,2237972480,0,0,2237972480
LLAMA-7B--KVChime-EPIC-shared-readers-B1,F0,prefill,17,0,2369617920,0,0,2369617920
LLAMA-7B--KVChime-EPIC-shared-readers-B1,F0,prefill,18,0,2501263360,0,0,2501263360
LLAMA-7B--KVChime-EPIC-shared-readers-B1,F0,prefill,19,0,2632908800,0,0,2632908800
LLAMA-7B--KVChime-EPIC-shared-readers-B1,F0,prefill,20,0,2764554240,0,0,2764554240
LLAMA-7B--KVChime-EPIC-shared-readers-B1,F0,prefill,21,0,2896199680,0,0,2896199680
LLAMA-7B--KVChime-EPIC-shared-readers-B1,F0,prefill,22,0,3027845120,0,0,3027845120
LLAMA-7B--KVChime-EPIC-shared-readers-B1,F0,prefill,23,0,3159490560,0,0,3159490560
LLAMA-7B--KVChime-EPIC-shared-readers-B1,F0,prefill,24,0,3291136000,0,0,3291136000
LLAMA-7B--KVChime-EPIC-shared-readers-B1,F0,prefill,25,0,3422781440,0,0,3422781440
LLAMA-7B--KVChime-EPIC-shared-readers-B1,F0,prefill,26,0,3554426880,0,0,3554426880
LLAMA-7B--KVChime-EPIC-shared-readers-B1,F0,prefill,27,0,3686072320,0,0,3686072320
LLAMA-7B--KVChime-EPIC-shared-readers-B1,F0,prefill,28,0,3817717760,0,0,3817717760
LLAMA-7B--KVChime-EPIC-shared-readers-B1,F0,prefill,29,0,3949363200,0,0,3949363200
LLAMA-7B--KVChime-EPIC-shared-readers-B1,F0,prefill,30,0,4081008640,0,0,4081008640
LLAMA-7B--KVChime-EPIC-shared-readers-B1,F0,prefill,31,0,4212654080,0,0,4212654080
LLAMA-7B--KVChime-EPIC-shared-readers-B1,F0,decode,all,1,4213178368,0,0,4213178368
LLAMA-7B--KVChime-EPIC-shared-readers-B1,F0,decode,all,2,4213702656,0,0,4213702656
LLAMA-7B--KVChime-EPIC-shared-readers-B1,F0,decode,all,3,4214226944,0,0,4214226944
LLAMA-7B--KVChime-EPIC-shared-readers-B1,F0,decode,all,4,4214751232,0,0,4214751232
LLAMA-7B--KVChime-EPIC-shared-readers-B1,F0,decode,all,5,4215275520,0,0,4215275520
LLAMA-7B--KVChime-EPIC-shared-readers-B1,F0,decode,all,6,4215799808,0,0,4215799808
LLAMA-7B--KVChime-EPIC-shared-readers-B1,F0,decode,all,7,4216324096,0,0,4216324096
LLAMA-7B--KVChime-EPIC-shared-readers-B1,F0,decode,all,8,4216848384,0,0,4216848384
LLAMA-7B--KVChime-EPIC-shared-readers-B1,F0,decode,all,9,4217372672,0,0,4217372672
LLAMA-7B--KVChime-EPIC-shared-readers-B1,F0,decode,all,10,4217896960,0,0,4217896960
LLAMA-7B--KVChime-EPIC-shared-readers-B1,F0,decode,all,11,4218421248,0,0,4218421248
LLAMA-7B--KVChime-EPIC-shared-readers-B1,F0,decode,all,12,4218945536,0,0,4218945536
LLAMA-7B--KVChime-EPIC-shared-readers-B1,F0,decode,all,13,4219469824,0,0,4219469824
LLAMA-7B--KVChime-EPIC-shared-readers-B1,F0,decode,all,14,4219994112,0,0,4219994112
LLAMA-7B--KVChime-EPIC-shared-readers-B1,F0,decode,all,15,4220518400,0,0,4220518400
LLAMA-7B--KVChime-EPIC-shared-readers-B1,F1,prefill,0,0,131645440,4212654080,0,4344299520
LLAMA-7B--KVChime-EPIC-shared-readers-B1,F1,prefill,1,0,263290880,4212654080,0,4475944960
LLAMA-7B--KVChime-EPIC-shared-readers-B1,F1,prefill,2,0,394936320,4212654080,0,4607590400
LLAMA-7B--KVChime-EPIC-shared-readers-B1,F1,prefill,3,0,526581760,4212654080,0,4739235840
LLAMA-7B--KVChime-EPIC-shared-readers-B1,F1,prefill,4,0,658227200,4212654080,0,4870881280
LLAMA-7B--KVChime-EPIC-shared-readers-B1,F1,prefill,5,0,789872640,4212654080,0,5002526720
LLAMA-7B--KVChime-EPIC-shared-readers-B1,F1,prefill,6,0,921518080,4212654080,0,5134172160
LLAMA-7B--KVChime-EPIC-shared-readers-B1,F1,prefill,7,0,1053163520,4212654080,0,5265817600
LLAMA-7B--KVChime-EPIC-shared-readers-B1,F1,prefill,8,0,1184808960,4212654080,0,5397463040
LLAMA-7B--KVChime-EPIC-shared-readers-B1,F1,prefill,9,0,1316454400,4212654080,0,5529108480
LLAMA-7B--KVChime-EPIC-shared-readers-B1,F1,prefill,10,0,1448099840,4212654080,0,5660753920
LLAMA-7B--KVChime-EPIC-shared-readers-B1,F1,prefill,11,0,1579745280,4212654080,0,5792399360
LLAMA-7B--KVChime-EPIC-shared-readers-B1,F1,prefill,12,0,1711390720,4212654080,0,5924044800
LLAMA-7B--KVChime-EPIC-shared-readers-B1,F1,prefill,13,0,1843036160,4212654080,0,6055690240
LLAMA-7B--KVChime-EPIC-shared-readers-B1,F1,prefill,14,0,1974681600,4212654080,0,6187335680
LLAMA-7B--KVChime-EPIC-shared-readers-B1,F1,prefill,15,0,2106327040,4212654080,0,6318981120
LLAMA-7B--KVChime-EPIC-shared-readers-B1,F1,prefill,16,0,2237972480,4212654080,0,6450626560
LLAMA-7B--KVChime-EPIC-shared-readers-B1,F1,prefill,17,0,2369617920,4212654080,0,6582272000
LLAMA-7B--KVChime-EPIC-shared-readers-B1,F1,prefill,18,0,2501263360,4212654080,0,6713917440
LLAMA-7B--KVChime-EPIC-shared-readers-B1,F1,prefill,19,0,2632908800,4212654080,0,6845562880
LLAMA-7B--KVChime-EPIC-shared-readers-B1,F1,prefill,20,0,2764554240,4212654080,0,6977208320
LLAMA-7B--KVChime-EPIC-shared-readers-B1,F1,prefill,21,0,2896199680,4212654080,0,7108853760
LLAMA-7B--KVChime-EPIC-shared-readers-B1,F1,prefill,22,0,3027845120,4212654080,0,7240499200
LLAMA-7B--KVChime-EPIC-shared-readers-B1,F1,prefill,23,0,3159490560,4212654080,0,7372144640
LLAMA-7B--KVChime-EPIC-shared-readers-B1,F1,prefill,24,0,3291136000,4212654080,0,7503790080
LLAMA-7B--KVChime-EPIC-shared-readers-B1,F1,prefill,25,0,3422781440,4212654080,0,7635435520
LLAMA-7B--KVChime-EPIC-shared-readers-B1,F1,prefill,26,0,3554426880,4212654080,0,7767080960
LLAMA-7B--KVChime-EPIC-shared-readers-B1,F1,prefill,27,0,3686072320,4212654080,0,7898726400
LLAMA-7B--KVChime-EPIC-shared-readers-B1,F1,prefill,28,0,3817717760,4212654080,0,8030371840
LLAMA-7B--KVChime-EPIC-shared-readers-B1,F1,prefill,29,0,3949363200,4212654080,0,8162017280
LLAMA-7B--KVChime-EPIC-shared-readers-B1,F1,prefill,30,0,4081008640,4212654080,0,8293662720
LLAMA-7B--KVChime-EPIC-shared-readers-B1,F1,prefill,31,0,4212654080,4212654080,0,8425308160
LLAMA-7B--KVChime-EPIC-shared-readers-B1,F1,decode,all,1,4213178368,4212654080,0,8425832448
LLAMA-7B--KVChime-EPIC-shared-readers-B1,F1,decode,all,2,4213702656,4212654080,0,8426356736
LLAMA-7B--KVChime-EPIC-shared-readers-B1,F1,decode,all,3,4214226944,4212654080,0,8426881024
LLAMA-7B--KVChime-EPIC-shared-readers-B1,F1,decode,all,4,4214751232,4212654080,0,8427405312
LLAMA-7B--KVChime-EPIC-shared-readers-B1,F1,decode,all,5,4215275520,4212654080,0,8427929600
LLAMA-7B--KVChime-EPIC-shared-readers-B1,F1,decode,all,6,4215799808,4212654080,0,8428453888
LLAMA-7B--KVChime-EPIC-shared-readers-B1,F1,decode,all,7,4216324096,4212654080,0,8428978176
LLAMA-7B--KVChime-EPIC-shared-readers-B1,F1,decode,all,8,4216848384,4212654080,0,8429502464
LLAMA-7B--KVChime-EPIC-shared-readers-B1,F1,decode,all,9,4217372672,4212654080,0,8430026752
LLAMA-7B--KVChime-EPIC-shared-readers-B1,F1,decode,all,10,4217896960,4212654080,0,8430551040
LLAMA-7B--KVChime-EPIC-shared-readers-B1,F1,decode,all,11,4218421248,4212654080,0,8431075328
LLAMA-7B--KVChime-EPIC-shared-readers-B1,F1,decode,all,12,4218945536,4212654080,0,8431599616
LLAMA-7B--KVChime-EPIC-shared-readers-B1,F1,decode,all,13,4219469824,4212654080,0,8432123904
LLAMA-7B--KVChime-EPIC-shared-readers-B1,F1,decode,all,14,4219994112,4212654080,0,8432648192
LLAMA-7B--KVChime-EPIC-shared-readers-B1,F1,decode,all,15,4220518400,4212654080,0,8433172480
LLAMA-7B--KVChime-EPIC-shared-readers-B1,F2,prefill,0,0,131645440,4212654080,131645440,4475944960
LLAMA-7B--KVChime-EPIC-shared-readers-B1,F2,prefill,1,0,131645440,4212654080,263290880,4607590400
LLAMA-7B--KVChime-EPIC-shared-readers-B1,F2,prefill,2,0,131645440,4212654080,394936320,4739235840
LLAMA-7B--KVChime-EPIC-shared-readers-B1,F2,prefill,3,0,131645440,4212654080,526581760,4870881280
LLAMA-7B--KVChime-EPIC-shared-readers-B1,F2,prefill,4,0,131645440,4212654080,658227200,5002526720
LLAMA-7B--KVChime-EPIC-shared-readers-B1,F2,prefill,5,0,131645440,4212654080,789872640,5134172160
LLAMA-7B--KVChime-EPIC-shared-readers-B1,F2,prefill,6,0,131645440,4212654080,921518080,5265817600
LLAMA-7B--KVChime-EPIC-shared-readers-B1,F2,prefill,7,0,131645440,4212654080,1053163520,5397463040
LLAMA-7B--KVChime-EPIC-shared-readers-B1,F2,prefill,8,0,131645440,4212654080,1184808960,5529108480
LLAMA-7B--KVChime-EPIC-shared-readers-B1,F2,prefill,9,0,131645440,4212654080,1316454400,5660753920
LLAMA-7B--KVChime-EPIC-shared-readers-B1,F2,prefill,10,0,131645440,4212654080,1448099840,5792399360
LLAMA-7B--KVChime-EPIC-shared-readers-B1,F2,prefill,11,0,131645440,4212654080,1579745280,5924044800
LLAMA-7B--KVChime-EPIC-shared-readers-B1,F2,prefill,12,0,131645440,4212654080,1711390720,6055690240
LLAMA-7B--KVChime-EPIC-shared-readers-B1,F2,prefill,13,0,131645440,4212654080,1843036160,6187335680
LLAMA-7B--KVChime-EPIC-shared-readers-B1,F2,prefill,14,0,131645440,4212654080,1974681600,6318981120
LLAMA-7B--KVChime-EPIC-shared-readers-B1,F2,prefill,15,0,131645440,4212654080,2106327040,6450626560
LLAMA-7B--KVChime-EPIC-shared-readers-B1,F2,prefill,16,0,131645440,4212654080,2237972480,6582272000
LLAMA-7B--KVChime-EPIC-shared-readers-B1,F2,prefill,17,0,131645440,4212654080,2369617920,6713917440
LLAMA-7B--KVChime-EPIC-shared-readers-B1,F2,prefill,18,0,131645440,4212654080,2501263360,6845562880
LLAMA-7B--KVChime-EPIC-shared-readers-B1,F2,prefill,19,0,131645440,4212654080,2632908800,6977208320
LLAMA-7B--KVChime-EPIC-shared-readers-B1,F2,prefill,20,0,131645440,4212654080,2764554240,7108853760
LLAMA-7B--KVChime-EPIC-shared-readers-B1,F2,prefill,21,0,131645440,4212654080,2896199680,7240499200
LLAMA-7B--KVChime-EPIC-shared-readers-B1,F2,prefill,22,0,131645440,4212654080,3027845120,7372144640
LLAMA-7B--KVChime-EPIC-shared-readers-B1,F2,prefill,23,0,131645440,4212654080,3159490560,7503790080
LLAMA-7B--KVChime-EPIC-shared-readers-B1,F2,prefill,24,0,131645440,4212654080,3291136000,7635435520
LLAMA-7B--KVChime-EPIC-shared-readers-B1,F2,prefill,25,0,131645440,4212654080,3422781440,7767080960
LLAMA-7B--KVChime-EPIC-shared-readers-B1,F2,prefill,26,0,131645440,4212654080,3554426880,7898726400
LLAMA-7B--KVChime-EPIC-shared-readers-B1,F2,prefill,27,0,131645440,4212654080,3686072320,8030371840
LLAMA-7B--KVChime-EPIC-shared-readers-B1,F2,prefill,28,0,131645440,4212654080,3817717760,8162017280
LLAMA-7B--KVChime-EPIC-shared-readers-B1,F2,prefill,29,0,131645440,4212654080,3949363200,8293662720
LLAMA-7B--KVChime-EPIC-shared-readers-B1,F2,prefill,30,0,131645440,4212654080,4081008640,8425308160
LLAMA-7B--KVChime-EPIC-shared-readers-B1,F2,prefill,31,0,131645440,4212654080,4212654080,8556953600
LLAMA-7B--KVChime-EPIC-shared-readers-B1,F2,decode,all,1,16384,4212654080,4213178368,8425848832
LLAMA-7B--KVChime-EPIC-shared-readers-B1,F2,decode,all,2,16384,4212654080,4213702656,8426373120
LLAMA-7B--KVChime-EPIC-shared-readers-B1,F2,decode,all,3,16384,4212654080,4214226944,8426897408
LLAMA-7B--KVChime-EPIC-shared-readers-B1,F2,decode,all,4,16384,4212654080,4214751232,8427421696
LLAMA-7B--KVChime-EPIC-shared-readers-B1,F2,decode,all,5,16384,4212654080,4215275520,8427945984
LLAMA-7B--KVChime-EPIC-shared-readers-B1,F2,decode,all,6,16384,4212654080,4215799808,8428470272
LLAMA-7B--KVChime-EPIC-shared-readers-B1,F2,decode,all,7,16384,4212654080,4216324096,8428994560
LLAMA-7B--KVChime-EPIC-shared-readers-B1,F2,decode,all,8,16384,4212654080,4216848384,8429518848
LLAMA-7B--KVChime-EPIC-shared-readers-B1,F2,decode,all,9,16384,4212654080,4217372672,8430043136
LLAMA-7B--KVChime-EPIC-shared-readers-B1,F2,decode,all,10,16384,4212654080,4217896960,8430567424
LLAMA-7B--KVChime-EPIC-shared-readers-B1,F2,decode,all,11,16384,4212654080,4218421248,8431091712
LLAMA-7B--KVChime-EPIC-shared-readers-B1,F2,decode,all,12,16384,4212654080,4218945536,8431616000
LLAMA-7B--KVChime-EPIC-shared-readers-B1,F2,decode,all,13,16384,4212654080,4219469824,8432140288
LLAMA-7B--KVChime-EPIC-shared-readers-B1,F2,decode,all,14,16384,4212654080,4219994112,8432664576
LLAMA-7B--KVChime-EPIC-shared-readers-B1,F2,decode,all,15,16384,4212654080,4220518400,8433188864
LLAMA-7B--KVChime-EPIC-shared-readers-B1,F3,prefill,0,0,131645440,4212654080,3080192,4347379712
LLAMA-7B--KVChime-EPIC-shared-readers-B1,F3,prefill,1,0,131645440,4212654080,6160384,4350459904
LLAMA-7B--KVChime-EPIC-shared-readers-B1,F3,prefill,2,0,131645440,4212654080,9240576,4353540096
LLAMA-7B--KVChime-EPIC-shared-readers-B1,F3,prefill,3,0,131645440,4212654080,12320768,4356620288
LLAMA-7B--KVChime-EPIC-shared-readers-B1,F3,prefill,4,0,131645440,4212654080,15400960,4359700480
LLAMA-7B--KVChime-EPIC-shared-readers-B1,F3,prefill,5,0,131645440,4212654080,18481152,4362780672
LLAMA-7B--KVChime-EPIC-shared-readers-B1,F3,prefill,6,0,131645440,4212654080,21561344,4365860864
LLAMA-7B--KVChime-EPIC-shared-readers-B1,F3,prefill,7,0,131645440,4212654080,24641536,4368941056
LLAMA-7B--KVChime-EPIC-shared-readers-B1,F3,prefill,8,0,131645440,4212654080,27721728,4372021248
LLAMA-7B--KVChime-EPIC-shared-readers-B1,F3,prefill,9,0,131645440,4212654080,30801920,4375101440
LLAMA-7B--KVChime-EPIC-shared-readers-B1,F3,prefill,10,0,131645440,4212654080,33882112,4378181632
LLAMA-7B--KVChime-EPIC-shared-readers-B1,F3,prefill,11,0,131645440,4212654080,36962304,4381261824
LLAMA-7B--KVChime-EPIC-shared-readers-B1,F3,prefill,12,0,131645440,4212654080,40042496,4384342016
LLAMA-7B--KVChime-EPIC-shared-readers-B1,F3,prefill,13,0,131645440,4212654080,43122688,4387422208
LLAMA-7B--KVChime-EPIC-shared-readers-B1,F3,prefill,14,0,131645440,4212654080,46202880,4390502400
LLAMA-7B--KVChime-EPIC-shared-readers-B1,F3,prefill,15,0,131645440,4212654080,49283072,4393582592
LLAMA-7B--KVChime-EPIC-shared-readers-B1,F3,prefill,16,0,131645440,4212654080,52363264,4396662784
LLAMA-7B--KVChime-EPIC-shared-readers-B1,F3,prefill,17,0,131645440,4212654080,55443456,4399742976
LLAMA-7B--KVChime-EPIC-shared-readers-B1,F3,prefill,18,0,131645440,4212654080,58523648,4402823168
LLAMA-7B--KVChime-EPIC-shared-readers-B1,F3,prefill,19,0,131645440,4212654080,61603840,4405903360
LLAMA-7B--KVChime-EPIC-shared-readers-B1,F3,prefill,20,0,131645440,4212654080,64684032,4408983552
LLAMA-7B--KVChime-EPIC-shared-readers-B1,F3,prefill,21,0,131645440,4212654080,67764224,4412063744
LLAMA-7B--KVChime-EPIC-shared-readers-B1,F3,prefill,22,0,131645440,4212654080,70844416,4415143936
LLAMA-7B--KVChime-EPIC-shared-readers-B1,F3,prefill,23,0,131645440,4212654080,73924608,4418224128
LLAMA-7B--KVChime-EPIC-shared-readers-B1,F3,prefill,24,0,131645440,4212654080,77004800,4421304320
LLAMA-7B--KVChime-EPIC-shared-readers-B1,F3,prefill,25,0,131645440,4212654080,80084992,4424384512
LLAMA-7B--KVChime-EPIC-shared-readers-B1,F3,prefill,26,0,131645440,4212654080,83165184,4427464704
LLAMA-7B--KVChime-EPIC-shared-readers-B1,F3,prefill,27,0,131645440,4212654080,86245376,4430544896
LLAMA-7B--KVChime-EPIC-shared-readers-B1,F3,prefill,28,0,131645440,4212654080,89325568,4433625088
LLAMA-7B--KVChime-EPIC-shared-readers-B1,F3,prefill,29,0,131645440,4212654080,92405760,4436705280
LLAMA-7B--KVChime-EPIC-shared-readers-B1,F3,prefill,30,0,131645440,4212654080,95485952,4439785472
LLAMA-7B--KVChime-EPIC-shared-readers-B1,F3,prefill,31,0,131645440,4212654080,98566144,4442865664
LLAMA-7B--KVChime-EPIC-shared-readers-B1,F3,decode,all,1,16384,4212654080,99090432,4311760896
LLAMA-7B--KVChime-EPIC-shared-readers-B1,F3,decode,all,2,16384,4212654080,99614720,4312285184
LLAMA-7B--KVChime-EPIC-shared-readers-B1,F3,decode,all,3,16384,4212654080,100139008,4312809472
LLAMA-7B--KVChime-EPIC-shared-readers-B1,F3,decode,all,4,16384,4212654080,100663296,4313333760
LLAMA-7B--KVChime-EPIC-shared-readers-B1,F3,decode,all,5,16384,4212654080,101187584,4313858048
LLAMA-7B--KVChime-EPIC-shared-readers-B1,F3,decode,all,6,16384,4212654080,101711872,4314382336
LLAMA-7B--KVChime-EPIC-shared-readers-B1,F3,decode,all,7,16384,4212654080,102236160,4314906624
LLAMA-7B--KVChime-EPIC-shared-readers-B1,F3,decode,all,8,16384,4212654080,102760448,4315430912
LLAMA-7B--KVChime-EPIC-shared-readers-B1,F3,decode,all,9,16384,4212654080,103284736,4315955200
LLAMA-7B--KVChime-EPIC-shared-readers-B1,F3,decode,all,10,16384,4212654080,103809024,4316479488
LLAMA-7B--KVChime-EPIC-shared-readers-B1,F3,decode,all,11,16384,4212654080,104333312,4317003776
LLAMA-7B--KVChime-EPIC-shared-readers-B1,F3,decode,all,12,16384,4212654080,104857600,4317528064
LLAMA-7B--KVChime-EPIC-shared-readers-B1,F3,decode,all,13,16384,4212654080,105381888,4318052352
LLAMA-7B--KVChime-EPIC-shared-readers-B1,F3,decode,all,14,16384,4212654080,105906176,4318576640
LLAMA-7B--KVChime-EPIC-shared-readers-B1,F3,decode,all,15,16384,4212654080,106430464,4319100928
LLAMA-7B--KVChime-EPIC-shared-readers-B1,F4,prefill,0,0,3080192,4212654080,3080192,4218814464
LLAMA-7B--KVChime-EPIC-shared-readers-B1,F4,prefill,1,0,3080192,4212654080,6160384,4221894656
LLAMA-7B--KVChime-EPIC-shared-readers-B1,F4,prefill,2,0,3080192,4212654080,9240576,4224974848
LLAMA-7B--KVChime-EPIC-shared-readers-B1,F4,prefill,3,0,3080192,4212654080,12320768,4228055040
LLAMA-7B--KVChime-EPIC-shared-readers-B1,F4,prefill,4,0,3080192,4212654080,15400960,4231135232
LLAMA-7B--KVChime-EPIC-shared-readers-B1,F4,prefill,5,0,3080192,4212654080,18481152,4234215424
LLAMA-7B--KVChime-EPIC-shared-readers-B1,F4,prefill,6,0,3080192,4212654080,21561344,4237295616
LLAMA-7B--KVChime-EPIC-shared-readers-B1,F4,prefill,7,0,3080192,4212654080,24641536,4240375808
LLAMA-7B--KVChime-EPIC-shared-readers-B1,F4,prefill,8,0,3080192,4212654080,27721728,4243456000
LLAMA-7B--KVChime-EPIC-shared-readers-B1,F4,prefill,9,0,3080192,4212654080,30801920,4246536192
LLAMA-7B--KVChime-EPIC-shared-readers-B1,F4,prefill,10,0,3080192,4212654080,33882112,4249616384
LLAMA-7B--KVChime-EPIC-shared-readers-B1,F4,prefill,11,0,3080192,4212654080,36962304,4252696576
LLAMA-7B--KVChime-EPIC-shared-readers-B1,F4,prefill,12,0,3080192,4212654080,40042496,4255776768
LLAMA-7B--KVChime-EPIC-shared-readers-B1,F4,prefill,13,0,3080192,4212654080,43122688,4258856960
LLAMA-7B--KVChime-EPIC-shared-readers-B1,F4,prefill,14,0,3080192,4212654080,46202880,4261937152
LLAMA-7B--KVChime-EPIC-shared-readers-B1,F4,prefill,15,0,3080192,4212654080,49283072,4265017344
LLAMA-7B--KVChime-EPIC-shared-readers-B1,F4,prefill,16,0,3080192,4212654080,52363264,4268097536
LLAMA-7B--KVChime-EPIC-shared-readers-B1,F4,prefill,17,0,3080192,4212654080,55443456,4271177728
LLAMA-7B--KVChime-EPIC-shared-readers-B1,F4,prefill,18,0,3080192,4212654080,58523648,4274257920
LLAMA-7B--KVChime-EPIC-shared-readers-B1,F4,prefill,19,0,3080192,4212654080,61603840,4277338112
LLAMA-7B--KVChime-EPIC-shared-readers-B1,F4,prefill,20,0,3080192,4212654080,64684032,4280418304
LLAMA-7B--KVChime-EPIC-shared-readers-B1,F4,prefill,21,0,3080192,4212654080,67764224,4283498496
LLAMA-7B--KVChime-EPIC-shared-readers-B1,F4,prefill,22,0,3080192,4212654080,70844416,4286578688
LLAMA-7B--KVChime-EPIC-shared-readers-B1,F4,prefill,23,0,3080192,4212654080,73924608,4289658880
LLAMA-7B--KVChime-EPIC-shared-readers-B1,F4,prefill,24,0,3080192,4212654080,77004800,4292739072
LLAMA-7B--KVChime-EPIC-shared-readers-B1,F4,prefill,25,0,3080192,4212654080,80084992,4295819264
LLAMA-7B--KVChime-EPIC-shared-readers-B1,F4,prefill,26,0,3080192,4212654080,83165184,4298899456
LLAMA-7B--KVChime-EPIC-shared-readers-B1,F4,prefill,27,0,3080192,4212654080,86245376,4301979648
LLAMA-7B--KVChime-EPIC-shared-readers-B1,F4,prefill,28,0,3080192,4212654080,89325568,4305059840
LLAMA-7B--KVChime-EPIC-shared-readers-B1,F4,prefill,29,0,3080192,4212654080,92405760,4308140032
LLAMA-7B--KVChime-EPIC-shared-readers-B1,F4,prefill,30,0,3080192,4212654080,95485952,4311220224
LLAMA-7B--KVChime-EPIC-shared-readers-B1,F4,prefill,31,0,3080192,4212654080,98566144,4314300416
LLAMA-7B--KVChime-EPIC-shared-readers-B1,F4,decode,all,1,16384,4212654080,99090432,4311760896
LLAMA-7B--KVChime-EPIC-shared-readers-B1,F4,decode,all,2,16384,4212654080,99614720,4312285184
LLAMA-7B--KVChime-EPIC-shared-readers-B1,F4,decode,all,3,16384,4212654080,100139008,4312809472
LLAMA-7B--KVChime-EPIC-shared-readers-B1,F4,decode,all,4,16384,4212654080,100663296,4313333760
LLAMA-7B--KVChime-EPIC-shared-readers-B1,F4,decode,all,5,16384,4212654080,101187584,4313858048
LLAMA-7B--KVChime-EPIC-shared-readers-B1,F4,decode,all,6,16384,4212654080,101711872,4314382336
LLAMA-7B--KVChime-EPIC-shared-readers-B1,F4,decode,all,7,16384,4212654080,102236160,4314906624
LLAMA-7B--KVChime-EPIC-shared-readers-B1,F4,decode,all,8,16384,4212654080,102760448,4315430912
LLAMA-7B--KVChime-EPIC-shared-readers-B1,F4,decode,all,9,16384,4212654080,103284736,4315955200
LLAMA-7B--KVChime-EPIC-shared-readers-B1,F4,decode,all,10,16384,4212654080,103809024,4316479488
LLAMA-7B--KVChime-EPIC-shared-readers-B1,F4,decode,all,11,16384,4212654080,104333312,4317003776
LLAMA-7B--KVChime-EPIC-shared-readers-B1,F4,decode,all,12,16384,4212654080,104857600,4317528064
LLAMA-7B--KVChime-EPIC-shared-readers-B1,F4,decode,all,13,16384,4212654080,105381888,4318052352
LLAMA-7B--KVChime-EPIC-shared-readers-B1,F4,decode,all,14,16384,4212654080,105906176,4318576640
LLAMA-7B--KVChime-EPIC-shared-readers-B1,F4,decode,all,15,16384,4212654080,106430464,4319100928
LLAMA-7B--KVChime-EPIC-shared-readers-B2,F0,prefill,0,0,263290880,0,0,263290880
LLAMA-7B--KVChime-EPIC-shared-readers-B2,F0,prefill,1,0,526581760,0,0,526581760
LLAMA-7B--KVChime-EPIC-shared-readers-B2,F0,prefill,2,0,789872640,0,0,789872640
LLAMA-7B--KVChime-EPIC-shared-readers-B2,F0,prefill,3,0,1053163520,0,0,1053163520
LLAMA-7B--KVChime-EPIC-shared-readers-B2,F0,prefill,4,0,1316454400,0,0,1316454400
LLAMA-7B--KVChime-EPIC-shared-readers-B2,F0,prefill,5,0,1579745280,0,0,1579745280
LLAMA-7B--KVChime-EPIC-shared-readers-B2,F0,prefill,6,0,1843036160,0,0,1843036160
LLAMA-7B--KVChime-EPIC-shared-readers-B2,F0,prefill,7,0,2106327040,0,0,2106327040
LLAMA-7B--KVChime-EPIC-shared-readers-B2,F0,prefill,8,0,2369617920,0,0,2369617920
LLAMA-7B--KVChime-EPIC-shared-readers-B2,F0,prefill,9,0,2632908800,0,0,2632908800
LLAMA-7B--KVChime-EPIC-shared-readers-B2,F0,prefill,10,0,2896199680,0,0,2896199680
LLAMA-7B--KVChime-EPIC-shared-readers-B2,F0,prefill,11,0,3159490560,0,0,3159490560
LLAMA-7B--KVChime-EPIC-shared-readers-B2,F0,prefill,12,0,3422781440,0,0,3422781440
LLAMA-7B--KVChime-EPIC-shared-readers-B2,F0,prefill,13,0,3686072320,0,0,3686072320
LLAMA-7B--KVChime-EPIC-shared-readers-B2,F0,prefill,14,0,3949363200,0,0,3949363200
LLAMA-7B--KVChime-EPIC-shared-readers-B2,F0,prefill,15,0,4212654080,0,0,4212654080
LLAMA-7B--KVChime-EPIC-shared-readers-B2,F0,prefill,16,0,4475944960,0,0,4475944960
LLAMA-7B--KVChime-EPIC-shared-readers-B2,F0,prefill,17,0,4739235840,0,0,4739235840
LLAMA-7B--KVChime-EPIC-shared-readers-B2,F0,prefill,18,0,5002526720,0,0,5002526720
LLAMA-7B--KVChime-EPIC-shared-readers-B2,F0,prefill,19,0,5265817600,0,0,5265817600
LLAMA-7B--KVChime-EPIC-shared-readers-B2,F0,prefill,20,0,5529108480,0,0,5529108480
LLAMA-7B--KVChime-EPIC-shared-readers-B2,F0,prefill,21,0,5792399360,0,0,5792399360
LLAMA-7B--KVChime-EPIC-shared-readers-B2,F0,prefill,22,0,6055690240,0,0,6055690240
LLAMA-7B--KVChime-EPIC-shared-readers-B2,F0,prefill,23,0,6318981120,0,0,6318981120
LLAMA-7B--KVChime-EPIC-shared-readers-B2,F0,prefill,24,0,6582272000,0,0,6582272000
LLAMA-7B--KVChime-EPIC-shared-readers-B2,F0,prefill,25,0,6845562880,0,0,6845562880
LLAMA-7B--KVChime-EPIC-shared-readers-B2,F0,prefill,26,0,7108853760,0,0,7108853760
LLAMA-7B--KVChime-EPIC-shared-readers-B2,F0,prefill,27,0,7372144640,0,0,7372144640
LLAMA-7B--KVChime-EPIC-shared-readers-B2,F0,prefill,28,0,7635435520,0,0,7635435520
LLAMA-7B--KVChime-EPIC-shared-readers-B2,F0,prefill,29,0,7898726400,0,0,7898726400
LLAMA-7B--KVChime-EPIC-shared-readers-B2,F0,prefill,30,0,8162017280,0,0,8162017280
LLAMA-7B--KVChime-EPIC-shared-readers-B2,F0,prefill,31,0,8425308160,0,0,8425308160
LLAMA-7B--KVChime-EPIC-shared-readers-B2,F0,decode,all,1,8426356736,0,0,8426356736
LLAMA-7B--KVChime-EPIC-shared-readers-B2,F0,decode,all,2,8427405312,0,0,8427405312
LLAMA-7B--KVChime-EPIC-shared-readers-B2,F0,decode,all,3,8428453888,0,0,8428453888
LLAMA-7B--KVChime-EPIC-shared-readers-B2,F0,decode,all,4,8429502464,0,0,8429502464
LLAMA-7B--KVChime-EPIC-shared-readers-B2,F0,decode,all,5,8430551040,0,0,8430551040
LLAMA-7B--KVChime-EPIC-shared-readers-B2,F0,decode,all,6,8431599616,0,0,8431599616
LLAMA-7B--KVChime-EPIC-shared-readers-B2,F0,decode,all,7,8432648192,0,0,8432648192
LLAMA-7B--KVChime-EPIC-shared-readers-B2,F0,decode,all,8,8433696768,0,0,8433696768
LLAMA-7B--KVChime-EPIC-shared-readers-B2,F0,decode,all,9,8434745344,0,0,8434745344
LLAMA-7B--KVChime-EPIC-shared-readers-B2,F0,decode,all,10,8435793920,0,0,8435793920
LLAMA-7B--KVChime-EPIC-shared-readers-B2,F0,decode,all,11,8436842496,0,0,8436842496
LLAMA-7B--KVChime-EPIC-shared-readers-B2,F0,decode,all,12,8437891072,0,0,8437891072
LLAMA-7B--KVChime-EPIC-shared-readers-B2,F0,decode,all,13,8438939648,0,0,8438939648
LLAMA-7B--KVChime-EPIC-shared-readers-B2,F0,decode,all,14,8439988224,0,0,8439988224
LLAMA-7B--KVChime-EPIC-shared-readers-B2,F0,decode,all,15,8441036800,0,0,8441036800
LLAMA-7B--KVChime-EPIC-shared-readers-B2,F1,prefill,0,0,263290880,4218945536,0,4482236416
LLAMA-7B--KVChime-EPIC-shared-readers-B2,F1,prefill,1,0,526581760,4218945536,0,4745527296
LLAMA-7B--KVChime-EPIC-shared-readers-B2,F1,prefill,2,0,789872640,4218945536,0,5008818176
LLAMA-7B--KVChime-EPIC-shared-readers-B2,F1,prefill,3,0,1053163520,4218945536,0,5272109056
LLAMA-7B--KVChime-EPIC-shared-readers-B2,F1,prefill,4,0,1316454400,4218945536,0,5535399936
LLAMA-7B--KVChime-EPIC-shared-readers-B2,F1,prefill,5,0,1579745280,4218945536,0,5798690816
LLAMA-7B--KVChime-EPIC-shared-readers-B2,F1,prefill,6,0,1843036160,4218945536,0,6061981696
LLAMA-7B--KVChime-EPIC-shared-readers-B2,F1,prefill,7,0,2106327040,4218945536,0,6325272576
LLAMA-7B--KVChime-EPIC-shared-readers-B2,F1,prefill,8,0,2369617920,4218945536,0,6588563456
LLAMA-7B--KVChime-EPIC-shared-readers-B2,F1,prefill,9,0,2632908800,4218945536,0,6851854336
LLAMA-7B--KVChime-EPIC-shared-readers-B2,F1,prefill,10,0,2896199680,4218945536,0,7115145216
LLAMA-7B--KVChime-EPIC-shared-readers-B2,F1,prefill,11,0,3159490560,4218945536,0,7378436096
LLAMA-7B--KVChime-EPIC-shared-readers-B2,F1,prefill,12,0,3422781440,4218945536,0,7641726976
LLAMA-7B--KVChime-EPIC-shared-readers-B2,F1,prefill,13,0,3686072320,4218945536,0,7905017856
LLAMA-7B--KVChime-EPIC-shared-readers-B2,F1,prefill,14,0,3949363200,4218945536,0,8168308736
LLAMA-7B--KVChime-EPIC-shared-readers-B2,F1,prefill,15,0,4212654080,4218945536,0,8431599616
LLAMA-7B--KVChime-EPIC-shared-readers-B2,F1,prefill,16,0,4475944960,4218945536,0,8694890496
LLAMA-7B--KVChime-EPIC-shared-readers-B2,F1,prefill,17,0,4739235840,4218945536,0,8958181376
LLAMA-7B--KVChime-EPIC-shared-readers-B2,F1,prefill,18,0,5002526720,4218945536,0,9221472256
LLAMA-7B--KVChime-EPIC-shared-readers-B2,F1,prefill,19,0,5265817600,4218945536,0,9484763136
LLAMA-7B--KVChime-EPIC-shared-readers-B2,F1,prefill,20,0,5529108480,4218945536,0,9748054016
LLAMA-7B--KVChime-EPIC-shared-readers-B2,F1,prefill,21,0,5792399360,4218945536,0,10011344896
LLAMA-7B--KVChime-EPIC-shared-readers-B2,F1,prefill,22,0,6055690240,4218945536,0,10274635776
LLAMA-7B--KVChime-EPIC-shared-readers-B2,F1,prefill,23,0,6318981120,4218945536,0,10537926656
LLAMA-7B--KVChime-EPIC-shared-readers-B2,F1,prefill,24,0,6582272000,4218945536,0,10801217536
LLAMA-7B--KVChime-EPIC-shared-readers-B2,F1,prefill,25,0,6845562880,4218945536,0,11064508416
LLAMA-7B--KVChime-EPIC-shared-readers-B2,F1,prefill,26,0,7108853760,4218945536,0,11327799296
LLAMA-7B--KVChime-EPIC-shared-readers-B2,F1,prefill,27,0,7372144640,4218945536,0,11591090176
LLAMA-7B--KVChime-EPIC-shared-readers-B2,F1,prefill,28,0,7635435520,4218945536,0,11854381056
LLAMA-7B--KVChime-EPIC-shared-readers-B2,F1,prefill,29,0,7898726400,4218945536,0,12117671936
LLAMA-7B--KVChime-EPIC-shared-readers-B2,F1,prefill,30,0,8162017280,4218945536,0,12380962816
LLAMA-7B--KVChime-EPIC-shared-readers-B2,F1,prefill,31,0,8425308160,4218945536,0,12644253696
LLAMA-7B--KVChime-EPIC-shared-readers-B2,F1,decode,all,1,8426356736,4218945536,0,12645302272
LLAMA-7B--KVChime-EPIC-shared-readers-B2,F1,decode,all,2,8427405312,4218945536,0,12646350848
LLAMA-7B--KVChime-EPIC-shared-readers-B2,F1,decode,all,3,8428453888,4218945536,0,12647399424
LLAMA-7B--KVChime-EPIC-shared-readers-B2,F1,decode,all,4,8429502464,4218945536,0,12648448000
LLAMA-7B--KVChime-EPIC-shared-readers-B2,F1,decode,all,5,8430551040,4218945536,0,12649496576
LLAMA-7B--KVChime-EPIC-shared-readers-B2,F1,decode,all,6,8431599616,4218945536,0,12650545152
LLAMA-7B--KVChime-EPIC-shared-readers-B2,F1,decode,all,7,8432648192,4218945536,0,12651593728
LLAMA-7B--KVChime-EPIC-shared-readers-B2,F1,decode,all,8,8433696768,4218945536,0,12652642304
LLAMA-7B--KVChime-EPIC-shared-readers-B2,F1,decode,all,9,8434745344,4218945536,0,12653690880
LLAMA-7B--KVChime-EPIC-shared-readers-B2,F1,decode,all,10,8435793920,4218945536,0,12654739456
LLAMA-7B--KVChime-EPIC-shared-readers-B2,F1,decode,all,11,8436842496,4218945536,0,12655788032
LLAMA-7B--KVChime-EPIC-shared-readers-B2,F1,decode,all,12,8437891072,4218945536,0,12656836608
LLAMA-7B--KVChime-EPIC-shared-readers-B2,F1,decode,all,13,8438939648,4218945536,0,12657885184
LLAMA-7B--KVChime-EPIC-shared-readers-B2,F1,decode,all,14,8439988224,4218945536,0,12658933760
LLAMA-7B--KVChime-EPIC-shared-readers-B2,F1,decode,all,15,8441036800,4218945536,0,12659982336
LLAMA-7B--KVChime-EPIC-shared-readers-B2,F2,prefill,0,0,263290880,4218945536,263290880,4745527296
LLAMA-7B--KVChime-EPIC-shared-readers-B2,F2,prefill,1,0,263290880,4218945536,526581760,5008818176
LLAMA-7B--KVChime-EPIC-shared-readers-B2,F2,prefill,2,0,263290880,4218945536,789872640,5272109056
LLAMA-7B--KVChime-EPIC-shared-readers-B2,F2,prefill,3,0,263290880,4218945536,1053163520,5535399936
LLAMA-7B--KVChime-EPIC-shared-readers-B2,F2,prefill,4,0,263290880,4218945536,1316454400,5798690816
LLAMA-7B--KVChime-EPIC-shared-readers-B2,F2,prefill,5,0,263290880,4218945536,1579745280,6061981696
LLAMA-7B--KVChime-EPIC-shared-readers-B2,F2,prefill,6,0,263290880,4218945536,1843036160,6325272576
LLAMA-7B--KVChime-EPIC-shared-readers-B2,F2,prefill,7,0,263290880,4218945536,2106327040,6588563456
LLAMA-7B--KVChime-EPIC-shared-readers-B2,F2,prefill,8,0,263290880,4218945536,2369617920,6851854336
LLAMA-7B--KVChime-EPIC-shared-readers-B2,F2,prefill,9,0,263290880,4218945536,2632908800,7115145216
LLAMA-7B--KVChime-EPIC-shared-readers-B2,F2,prefill,10,0,263290880,4218945536,2896199680,7378436096
LLAMA-7B--KVChime-EPIC-shared-readers-B2,F2,prefill,11,0,263290880,4218945536,3159490560,7641726976
LLAMA-7B--KVChime-EPIC-shared-readers-B2,F2,prefill,12,0,263290880,4218945536,3422781440,7905017856
LLAMA-7B--KVChime-EPIC-shared-readers-B2,F2,prefill,13,0,263290880,4218945536,3686072320,8168308736
LLAMA-7B--KVChime-EPIC-shared-readers-B2,F2,prefill,14,0,263290880,4218945536,3949363200,8431599616
LLAMA-7B--KVChime-EPIC-shared-readers-B2,F2,prefill,15,0,263290880,4218945536,4212654080,8694890496
LLAMA-7B--KVChime-EPIC-shared-readers-B2,F2,prefill,16,0,263290880,4218945536,4475944960,8958181376
LLAMA-7B--KVChime-EPIC-shared-readers-B2,F2,prefill,17,0,263290880,4218945536,4739235840,9221472256
LLAMA-7B--KVChime-EPIC-shared-readers-B2,F2,prefill,18,0,263290880,4218945536,5002526720,9484763136
LLAMA-7B--KVChime-EPIC-shared-readers-B2,F2,prefill,19,0,263290880,4218945536,5265817600,9748054016
LLAMA-7B--KVChime-EPIC-shared-readers-B2,F2,prefill,20,0,263290880,4218945536,5529108480,10011344896
LLAMA-7B--KVChime-EPIC-shared-readers-B2,F2,prefill,21,0,263290880,4218945536,5792399360,10274635776
LLAMA-7B--KVChime-EPIC-shared-readers-B2,F2,prefill,22,0,263290880,4218945536,6055690240,10537926656
LLAMA-7B--KVChime-EPIC-shared-readers-B2,F2,prefill,23,0,263290880,4218945536,6318981120,10801217536
LLAMA-7B--KVChime-EPIC-shared-readers-B2,F2,prefill,24,0,263290880,4218945536,6582272000,11064508416
LLAMA-7B--KVChime-EPIC-shared-readers-B2,F2,prefill,25,0,263290880,4218945536,6845562880,11327799296
LLAMA-7B--KVChime-EPIC-shared-readers-B2,F2,prefill,26,0,263290880,4218945536,7108853760,11591090176
LLAMA-7B--KVChime-EPIC-shared-readers-B2,F2,prefill,27,0,263290880,4218945536,7372144640,11854381056
LLAMA-7B--KVChime-EPIC-shared-readers-B2,F2,prefill,28,0,263290880,4218945536,7635435520,12117671936
LLAMA-7B--KVChime-EPIC-shared-readers-B2,F2,prefill,29,0,263290880,4218945536,7898726400,12380962816
LLAMA-7B--KVChime-EPIC-shared-readers-B2,F2,prefill,30,0,263290880,4218945536,8162017280,12644253696
LLAMA-7B--KVChime-EPIC-shared-readers-B2,F2,prefill,31,0,263290880,4218945536,8425308160,12907544576
LLAMA-7B--KVChime-EPIC-shared-readers-B2,F2,decode,all,1,32768,4218945536,8426356736,12645335040
LLAMA-7B--KVChime-EPIC-shared-readers-B2,F2,decode,all,2,32768,4218945536,8427405312,12646383616
LLAMA-7B--KVChime-EPIC-shared-readers-B2,F2,decode,all,3,32768,4218945536,8428453888,12647432192
LLAMA-7B--KVChime-EPIC-shared-readers-B2,F2,decode,all,4,32768,4218945536,8429502464,12648480768
LLAMA-7B--KVChime-EPIC-shared-readers-B2,F2,decode,all,5,32768,4218945536,8430551040,12649529344
LLAMA-7B--KVChime-EPIC-shared-readers-B2,F2,decode,all,6,32768,4218945536,8431599616,12650577920
LLAMA-7B--KVChime-EPIC-shared-readers-B2,F2,decode,all,7,32768,4218945536,8432648192,12651626496
LLAMA-7B--KVChime-EPIC-shared-readers-B2,F2,decode,all,8,32768,4218945536,8433696768,12652675072
LLAMA-7B--KVChime-EPIC-shared-readers-B2,F2,decode,all,9,32768,4218945536,8434745344,12653723648
LLAMA-7B--KVChime-EPIC-shared-readers-B2,F2,decode,all,10,32768,4218945536,8435793920,12654772224
LLAMA-7B--KVChime-EPIC-shared-readers-B2,F2,decode,all,11,32768,4218945536,8436842496,12655820800
LLAMA-7B--KVChime-EPIC-shared-readers-B2,F2,decode,all,12,32768,4218945536,8437891072,12656869376
LLAMA-7B--KVChime-EPIC-shared-readers-B2,F2,decode,all,13,32768,4218945536,8438939648,12657917952
LLAMA-7B--KVChime-EPIC-shared-readers-B2,F2,decode,all,14,32768,4218945536,8439988224,12658966528
LLAMA-7B--KVChime-EPIC-shared-readers-B2,F2,decode,all,15,32768,4218945536,8441036800,12660015104
LLAMA-7B--KVChime-EPIC-shared-readers-B2,F3,prefill,0,0,263290880,4218945536,6160384,4488396800
LLAMA-7B--KVChime-EPIC-shared-readers-B2,F3,prefill,1,0,263290880,4218945536,12320768,4494557184
LLAMA-7B--KVChime-EPIC-shared-readers-B2,F3,prefill,2,0,263290880,4218945536,18481152,4500717568
LLAMA-7B--KVChime-EPIC-shared-readers-B2,F3,prefill,3,0,263290880,4218945536,24641536,4506877952
LLAMA-7B--KVChime-EPIC-shared-readers-B2,F3,prefill,4,0,263290880,4218945536,30801920,4513038336
LLAMA-7B--KVChime-EPIC-shared-readers-B2,F3,prefill,5,0,263290880,4218945536,36962304,4519198720
LLAMA-7B--KVChime-EPIC-shared-readers-B2,F3,prefill,6,0,263290880,4218945536,43122688,4525359104
LLAMA-7B--KVChime-EPIC-shared-readers-B2,F3,prefill,7,0,263290880,4218945536,49283072,4531519488
LLAMA-7B--KVChime-EPIC-shared-readers-B2,F3,prefill,8,0,263290880,4218945536,55443456,4537679872
LLAMA-7B--KVChime-EPIC-shared-readers-B2,F3,prefill,9,0,263290880,4218945536,61603840,4543840256
LLAMA-7B--KVChime-EPIC-shared-readers-B2,F3,prefill,10,0,263290880,4218945536,67764224,4550000640
LLAMA-7B--KVChime-EPIC-shared-readers-B2,F3,prefill,11,0,263290880,4218945536,73924608,4556161024
LLAMA-7B--KVChime-EPIC-shared-readers-B2,F3,prefill,12,0,263290880,4218945536,80084992,4562321408
LLAMA-7B--KVChime-EPIC-shared-readers-B2,F3,prefill,13,0,263290880,4218945536,86245376,4568481792
LLAMA-7B--KVChime-EPIC-shared-readers-B2,F3,prefill,14,0,263290880,4218945536,92405760,4574642176
LLAMA-7B--KVChime-EPIC-shared-readers-B2,F3,prefill,15,0,263290880,4218945536,98566144,4580802560
LLAMA-7B--KVChime-EPIC-shared-readers-B2,F3,prefill,16,0,263290880,4218945536,104726528,4586962944
LLAMA-7B--KVChime-EPIC-shared-readers-B2,F3,prefill,17,0,263290880,4218945536,110886912,4593123328
LLAMA-7B--KVChime-EPIC-shared-readers-B2,F3,prefill,18,0,263290880,4218945536,117047296,4599283712
LLAMA-7B--KVChime-EPIC-shared-readers-B2,F3,prefill,19,0,263290880,4218945536,123207680,4605444096
LLAMA-7B--KVChime-EPIC-shared-readers-B2,F3,prefill,20,0,263290880,4218945536,129368064,4611604480
LLAMA-7B--KVChime-EPIC-shared-readers-B2,F3,prefill,21,0,263290880,4218945536,135528448,4617764864
LLAMA-7B--KVChime-EPIC-shared-readers-B2,F3,prefill,22,0,263290880,4218945536,141688832,4623925248
LLAMA-7B--KVChime-EPIC-shared-readers-B2,F3,prefill,23,0,263290880,4218945536,147849216,4630085632
LLAMA-7B--KVChime-EPIC-shared-readers-B2,F3,prefill,24,0,263290880,4218945536,154009600,4636246016
LLAMA-7B--KVChime-EPIC-shared-readers-B2,F3,prefill,25,0,263290880,4218945536,160169984,4642406400
LLAMA-7B--KVChime-EPIC-shared-readers-B2,F3,prefill,26,0,263290880,4218945536,166330368,4648566784
LLAMA-7B--KVChime-EPIC-shared-readers-B2,F3,prefill,27,0,263290880,4218945536,172490752,4654727168
LLAMA-7B--KVChime-EPIC-shared-readers-B2,F3,prefill,28,0,263290880,4218945536,178651136,4660887552
LLAMA-7B--KVChime-EPIC-shared-readers-B2,F3,prefill,29,0,263290880,4218945536,184811520,4667047936
LLAMA-7B--KVChime-EPIC-shared-readers-B2,F3,prefill,30,0,263290880,4218945536,190971904,4673208320
LLAMA-7B--KVChime-EPIC-shared-readers-B2,F3,prefill,31,0,263290880,4218945536,197132288,4679368704
LLAMA-7B--KVChime-EPIC-shared-readers-B2,F3,decode,all,1,32768,4218945536,198180864,4417159168
LLAMA-7B--KVChime-EPIC-shared-readers-B2,F3,decode,all,2,32768,4218945536,199229440,4418207744
LLAMA-7B--KVChime-EPIC-shared-readers-B2,F3,decode,all,3,32768,4218945536,200278016,4419256320
LLAMA-7B--KVChime-EPIC-shared-readers-B2,F3,decode,all,4,32768,4218945536,201326592,4420304896
LLAMA-7B--KVChime-EPIC-shared-readers-B2,F3,decode,all,5,32768,4218945536,202375168,4421353472
LLAMA-7B--KVChime-EPIC-shared-readers-B2,F3,decode,all,6,32768,4218945536,203423744,4422402048
LLAMA-7B--KVChime-EPIC-shared-readers-B2,F3,decode,all,7,32768,4218945536,204472320,4423450624
LLAMA-7B--KVChime-EPIC-shared-readers-B2,F3,decode,all,8,32768,4218945536,205520896,4424499200
LLAMA-7B--KVChime-EPIC-shared-readers-B2,F3,decode,all,9,32768,4218945536,206569472,4425547776
LLAMA-7B--KVChime-EPIC-shared-readers-B2,F3,decode,all,10,32768,4218945536,207618048,4426596352
LLAMA-7B--KVChime-EPIC-shared-readers-B2,F3,decode,all,11,32768,4218945536,208666624,4427644928
LLAMA-7B--KVChime-EPIC-shared-readers-B2,F3,decode,all,12,32768,4218945536,209715200,4428693504
LLAMA-7B--KVChime-EPIC-shared-readers-B2,F3,decode,all,13,32768,4218945536,210763776,4429742080
LLAMA-7B--KVChime-EPIC-shared-readers-B2,F3,decode,all,14,32768,4218945536,211812352,4430790656
LLAMA-7B--KVChime-EPIC-shared-readers-B2,F3,decode,all,15,32768,4218945536,212860928,4431839232
LLAMA-7B--KVChime-EPIC-shared-readers-B2,F4,prefill,0,0,6160384,4218945536,6160384,4231266304
LLAMA-7B--KVChime-EPIC-shared-readers-B2,F4,prefill,1,0,6160384,4218945536,12320768,4237426688
LLAMA-7B--KVChime-EPIC-shared-readers-B2,F4,prefill,2,0,6160384,4218945536,18481152,4243587072
LLAMA-7B--KVChime-EPIC-shared-readers-B2,F4,prefill,3,0,6160384,4218945536,24641536,4249747456
LLAMA-7B--KVChime-EPIC-shared-readers-B2,F4,prefill,4,0,6160384,4218945536,30801920,4255907840
LLAMA-7B--KVChime-EPIC-shared-readers-B2,F4,prefill,5,0,6160384,4218945536,36962304,4262068224
LLAMA-7B--KVChime-EPIC-shared-readers-B2,F4,prefill,6,0,6160384,4218945536,43122688,4268228608
LLAMA-7B--KVChime-EPIC-shared-readers-B2,F4,prefill,7,0,6160384,4218945536,49283072,4274388992
LLAMA-7B--KVChime-EPIC-shared-readers-B2,F4,prefill,8,0,6160384,4218945536,55443456,4280549376
LLAMA-7B--KVChime-EPIC-shared-readers-B2,F4,prefill,9,0,6160384,4218945536,61603840,4286709760
LLAMA-7B--KVChime-EPIC-shared-readers-B2,F4,prefill,10,0,6160384,4218945536,67764224,4292870144
LLAMA-7B--KVChime-EPIC-shared-readers-B2,F4,prefill,11,0,6160384,4218945536,73924608,4299030528
LLAMA-7B--KVChime-EPIC-shared-readers-B2,F4,prefill,12,0,6160384,4218945536,80084992,4305190912
LLAMA-7B--KVChime-EPIC-shared-readers-B2,F4,prefill,13,0,6160384,4218945536,86245376,4311351296
LLAMA-7B--KVChime-EPIC-shared-readers-B2,F4,prefill,14,0,6160384,4218945536,92405760,4317511680
LLAMA-7B--KVChime-EPIC-shared-readers-B2,F4,prefill,15,0,6160384,4218945536,98566144,4323672064
LLAMA-7B--KVChime-EPIC-shared-readers-B2,F4,prefill,16,0,6160384,4218945536,104726528,4329832448
LLAMA-7B--KVChime-EPIC-shared-readers-B2,F4,prefill,17,0,6160384,4218945536,110886912,4335992832
LLAMA-7B--KVChime-EPIC-shared-readers-B2,F4,prefill,18,0,6160384,4218945536,117047296,4342153216
LLAMA-7B--KVChime-EPIC-shared-readers-B2,F4,prefill,19,0,6160384,4218945536,123207680,4348313600
LLAMA-7B--KVChime-EPIC-shared-readers-B2,F4,prefill,20,0,6160384,4218945536,129368064,4354473984
LLAMA-7B--KVChime-EPIC-shared-readers-B2,F4,prefill,21,0,6160384,4218945536,135528448,4360634368
LLAMA-7B--KVChime-EPIC-shared-readers-B2,F4,prefill,22,0,6160384,4218945536,141688832,4366794752
LLAMA-7B--KVChime-EPIC-shared-readers-B2,F4,prefill,23,0,6160384,4218945536,147849216,4372955136
LLAMA-7B--KVChime-EPIC-shared-readers-B2,F4,prefill,24,0,6160384,4218945536,154009600,4379115520
LLAMA-7B--KVChime-EPIC-shared-readers-B2,F4,prefill,25,0,6160384,4218945536,160169984,4385275904
LLAMA-7B--KVChime-EPIC-shared-readers-B2,F4,prefill,26,0,6160384,4218945536,166330368,4391436288
LLAMA-7B--KVChime-EPIC-shared-readers-B2,F4,prefill,27,0,6160384,4218945536,172490752,4397596672
LLAMA-7B--KVChime-EPIC-shared-readers-B2,F4,prefill,28,0,6160384,4218945536,178651136,4403757056
LLAMA-7B--KVChime-EPIC-shared-readers-B2,F4,prefill,29,0,6160384,4218945536,184811520,4409917440
LLAMA-7B--KVChime-EPIC-shared-readers-B2,F4,prefill,30,0,6160384,4218945536,190971904,4416077824
LLAMA-7B--KVChime-EPIC-shared-readers-B2,F4,prefill,31,0,6160384,4218945536,197132288,4422238208
LLAMA-7B--KVChime-EPIC-shared-readers-B2,F4,decode,all,1,32768,4218945536,198180864,4417159168
LLAMA-7B--KVChime-EPIC-shared-readers-B2,F4,decode,all,2,32768,4218945536,199229440,4418207744
LLAMA-7B--KVChime-EPIC-shared-readers-B2,F4,decode,all,3,32768,4218945536,200278016,4419256320
LLAMA-7B--KVChime-EPIC-shared-readers-B2,F4,decode,all,4,32768,4218945536,201326592,4420304896
LLAMA-7B--KVChime-EPIC-shared-readers-B2,F4,decode,all,5,32768,4218945536,202375168,4421353472
LLAMA-7B--KVChime-EPIC-shared-readers-B2,F4,decode,all,6,32768,4218945536,203423744,4422402048
LLAMA-7B--KVChime-EPIC-shared-readers-B2,F4,decode,all,7,32768,4218945536,204472320,4423450624
LLAMA-7B--KVChime-EPIC-shared-readers-B2,F4,decode,all,8,32768,4218945536,205520896,4424499200
LLAMA-7B--KVChime-EPIC-shared-readers-B2,F4,decode,all,9,32768,4218945536,206569472,4425547776
LLAMA-7B--KVChime-EPIC-shared-readers-B2,F4,decode,all,10,32768,4218945536,207618048,4426596352
LLAMA-7B--KVChime-EPIC-shared-readers-B2,F4,decode,all,11,32768,4218945536,208666624,4427644928
LLAMA-7B--KVChime-EPIC-shared-readers-B2,F4,decode,all,12,32768,4218945536,209715200,4428693504
LLAMA-7B--KVChime-EPIC-shared-readers-B2,F4,decode,all,13,32768,4218945536,210763776,4429742080
LLAMA-7B--KVChime-EPIC-shared-readers-B2,F4,decode,all,14,32768,4218945536,211812352,4430790656
LLAMA-7B--KVChime-EPIC-shared-readers-B2,F4,decode,all,15,32768,4218945536,212860928,4431839232
LLAMA-7B--KVChime-EPIC-shared-readers-B4,F0,prefill,0,0,526581760,0,0,526581760
LLAMA-7B--KVChime-EPIC-shared-readers-B4,F0,prefill,1,0,1053163520,0,0,1053163520
LLAMA-7B--KVChime-EPIC-shared-readers-B4,F0,prefill,2,0,1579745280,0,0,1579745280
LLAMA-7B--KVChime-EPIC-shared-readers-B4,F0,prefill,3,0,2106327040,0,0,2106327040
LLAMA-7B--KVChime-EPIC-shared-readers-B4,F0,prefill,4,0,2632908800,0,0,2632908800
LLAMA-7B--KVChime-EPIC-shared-readers-B4,F0,prefill,5,0,3159490560,0,0,3159490560
LLAMA-7B--KVChime-EPIC-shared-readers-B4,F0,prefill,6,0,3686072320,0,0,3686072320
LLAMA-7B--KVChime-EPIC-shared-readers-B4,F0,prefill,7,0,4212654080,0,0,4212654080
LLAMA-7B--KVChime-EPIC-shared-readers-B4,F0,prefill,8,0,4739235840,0,0,4739235840
LLAMA-7B--KVChime-EPIC-shared-readers-B4,F0,prefill,9,0,5265817600,0,0,5265817600
LLAMA-7B--KVChime-EPIC-shared-readers-B4,F0,prefill,10,0,5792399360,0,0,5792399360
LLAMA-7B--KVChime-EPIC-shared-readers-B4,F0,prefill,11,0,6318981120,0,0,6318981120
LLAMA-7B--KVChime-EPIC-shared-readers-B4,F0,prefill,12,0,6845562880,0,0,6845562880
LLAMA-7B--KVChime-EPIC-shared-readers-B4,F0,prefill,13,0,7372144640,0,0,7372144640
LLAMA-7B--KVChime-EPIC-shared-readers-B4,F0,prefill,14,0,7898726400,0,0,7898726400
LLAMA-7B--KVChime-EPIC-shared-readers-B4,F0,prefill,15,0,8425308160,0,0,8425308160
LLAMA-7B--KVChime-EPIC-shared-readers-B4,F0,prefill,16,0,8951889920,0,0,8951889920
LLAMA-7B--KVChime-EPIC-shared-readers-B4,F0,prefill,17,0,9478471680,0,0,9478471680
LLAMA-7B--KVChime-EPIC-shared-readers-B4,F0,prefill,18,0,10005053440,0,0,10005053440
LLAMA-7B--KVChime-EPIC-shared-readers-B4,F0,prefill,19,0,10531635200,0,0,10531635200
LLAMA-7B--KVChime-EPIC-shared-readers-B4,F0,prefill,20,0,11058216960,0,0,11058216960
LLAMA-7B--KVChime-EPIC-shared-readers-B4,F0,prefill,21,0,11584798720,0,0,11584798720
LLAMA-7B--KVChime-EPIC-shared-readers-B4,F0,prefill,22,0,12111380480,0,0,12111380480
LLAMA-7B--KVChime-EPIC-shared-readers-B4,F0,prefill,23,0,12637962240,0,0,12637962240
LLAMA-7B--KVChime-EPIC-shared-readers-B4,F0,prefill,24,0,13164544000,0,0,13164544000
LLAMA-7B--KVChime-EPIC-shared-readers-B4,F0,prefill,25,0,13691125760,0,0,13691125760
LLAMA-7B--KVChime-EPIC-shared-readers-B4,F0,prefill,26,0,14217707520,0,0,14217707520
LLAMA-7B--KVChime-EPIC-shared-readers-B4,F0,prefill,27,0,14744289280,0,0,14744289280
LLAMA-7B--KVChime-EPIC-shared-readers-B4,F0,prefill,28,0,15270871040,0,0,15270871040
LLAMA-7B--KVChime-EPIC-shared-readers-B4,F0,prefill,29,0,15797452800,0,0,15797452800
LLAMA-7B--KVChime-EPIC-shared-readers-B4,F0,prefill,30,0,16324034560,0,0,16324034560
LLAMA-7B--KVChime-EPIC-shared-readers-B4,F0,prefill,31,0,16850616320,0,0,16850616320
LLAMA-7B--KVChime-EPIC-shared-readers-B4,F0,decode,all,1,16852713472,0,0,16852713472
LLAMA-7B--KVChime-EPIC-shared-readers-B4,F0,decode,all,2,16854810624,0,0,16854810624
LLAMA-7B--KVChime-EPIC-shared-readers-B4,F0,decode,all,3,16856907776,0,0,16856907776
LLAMA-7B--KVChime-EPIC-shared-readers-B4,F0,decode,all,4,16859004928,0,0,16859004928
LLAMA-7B--KVChime-EPIC-shared-readers-B4,F0,decode,all,5,16861102080,0,0,16861102080
LLAMA-7B--KVChime-EPIC-shared-readers-B4,F0,decode,all,6,16863199232,0,0,16863199232
LLAMA-7B--KVChime-EPIC-shared-readers-B4,F0,decode,all,7,16865296384,0,0,16865296384
LLAMA-7B--KVChime-EPIC-shared-readers-B4,F0,decode,all,8,16867393536,0,0,16867393536
LLAMA-7B--KVChime-EPIC-shared-readers-B4,F0,decode,all,9,16869490688,0,0,16869490688
LLAMA-7B--KVChime-EPIC-shared-readers-B4,F0,decode,all,10,16871587840,0,0,16871587840
LLAMA-7B--KVChime-EPIC-shared-readers-B4,F0,decode,all,11,16873684992,0,0,16873684992
LLAMA-7B--KVChime-EPIC-shared-readers-B4,F0,decode,all,12,16875782144,0,0,16875782144
LLAMA-7B--KVChime-EPIC-shared-readers-B4,F0,decode,all,13,16877879296,0,0,16877879296
LLAMA-7B--KVChime-EPIC-shared-readers-B4,F0,decode,all,14,16879976448,0,0,16879976448
LLAMA-7B--KVChime-EPIC-shared-readers-B4,F0,decode,all,15,16882073600,0,0,16882073600
LLAMA-7B--KVChime-EPIC-shared-readers-B4,F1,prefill,0,0,526581760,4231528448,0,4758110208
LLAMA-7B--KVChime-EPIC-shared-readers-B4,F1,prefill,1,0,1053163520,4231528448,0,5284691968
LLAMA-7B--KVChime-EPIC-shared-readers-B4,F1,prefill,2,0,1579745280,4231528448,0,5811273728
LLAMA-7B--KVChime-EPIC-shared-readers-B4,F1,prefill,3,0,2106327040,4231528448,0,6337855488
LLAMA-7B--KVChime-EPIC-shared-readers-B4,F1,prefill,4,0,2632908800,4231528448,0,6864437248
LLAMA-7B--KVChime-EPIC-shared-readers-B4,F1,prefill,5,0,3159490560,4231528448,0,7391019008
LLAMA-7B--KVChime-EPIC-shared-readers-B4,F1,prefill,6,0,3686072320,4231528448,0,7917600768
LLAMA-7B--KVChime-EPIC-shared-readers-B4,F1,prefill,7,0,4212654080,4231528448,0,8444182528
LLAMA-7B--KVChime-EPIC-shared-readers-B4,F1,prefill,8,0,4739235840,4231528448,0,8970764288
LLAMA-7B--KVChime-EPIC-shared-readers-B4,F1,prefill,9,0,5265817600,4231528448,0,9497346048
LLAMA-7B--KVChime-EPIC-shared-readers-B4,F1,prefill,10,0,5792399360,4231528448,0,10023927808
LLAMA-7B--KVChime-EPIC-shared-readers-B4,F1,prefill,11,0,6318981120,4231528448,0,10550509568
LLAMA-7B--KVChime-EPIC-shared-readers-B4,F1,prefill,12,0,6845562880,4231528448,0,11077091328
LLAMA-7B--KVChime-EPIC-shared-readers-B4,F1,prefill,13,0,7372144640,4231528448,0,11603673088
LLAMA-7B--KVChime-EPIC-shared-readers-B4,F1,prefill,14,0,7898726400,4231528448,0,12130254848
LLAMA-7B--KVChime-EPIC-shared-readers-B4,F1,prefill,15,0,8425308160,4231528448,0,12656836608
LLAMA-7B--KVChime-EPIC-shared-readers-B4,F1,prefill,16,0,8951889920,4231528448,0,13183418368
LLAMA-7B--KVChime-EPIC-shared-readers-B4,F1,prefill,17,0,9478471680,4231528448,0,13710000128
LLAMA-7B--KVChime-EPIC-shared-readers-B4,F1,prefill,18,0,10005053440,4231528448,0,14236581888
LLAMA-7B--KVChime-EPIC-shared-readers-B4,F1,prefill,19,0,10531635200,4231528448,0,14763163648
LLAMA-7B--KVChime-EPIC-shared-readers-B4,F1,prefill,20,0,11058216960,4231528448,0,15289745408
LLAMA-7B--KVChime-EPIC-shared-readers-B4,F1,prefill,21,0,11584798720,4231528448,0,15816327168
LLAMA-7B--KVChime-EPIC-shared-readers-B4,F1,prefill,22,0,12111380480,4231528448,0,16342908928
LLAMA-7B--KVChime-EPIC-shared-readers-B4,F1,prefill,23,0,12637962240,4231528448,0,16869490688
LLAMA-7B--KVChime-EPIC-shared-readers-B4,F1,prefill,24,0,13164544000,4231528448,0,17396072448
LLAMA-7B--KVChime-EPIC-shared-readers-B4,F1,prefill,25,0,13691125760,4231528448,0,17922654208
LLAMA-7B--KVChime-EPIC-shared-readers-B4,F1,prefill,26,0,14217707520,4231528448,0,18449235968
LLAMA-7B--KVChime-EPIC-shared-readers-B4,F1,prefill,27,0,14744289280,4231528448,0,18975817728
LLAMA-7B--KVChime-EPIC-shared-readers-B4,F1,prefill,28,0,15270871040,4231528448,0,19502399488
LLAMA-7B--KVChime-EPIC-shared-readers-B4,F1,prefill,29,0,15797452800,4231528448,0,20028981248
LLAMA-7B--KVChime-EPIC-shared-readers-B4,F1,prefill,30,0,16324034560,4231528448,0,20555563008
LLAMA-7B--KVChime-EPIC-shared-readers-B4,F1,prefill,31,0,16850616320,4231528448,0,21082144768
LLAMA-7B--KVChime-EPIC-shared-readers-B4,F1,decode,all,1,16852713472,4231528448,0,21084241920
LLAMA-7B--KVChime-EPIC-shared-readers-B4,F1,decode,all,2,16854810624,4231528448,0,21086339072
LLAMA-7B--KVChime-EPIC-shared-readers-B4,F1,decode,all,3,16856907776,4231528448,0,21088436224
LLAMA-7B--KVChime-EPIC-shared-readers-B4,F1,decode,all,4,16859004928,4231528448,0,21090533376
LLAMA-7B--KVChime-EPIC-shared-readers-B4,F1,decode,all,5,16861102080,4231528448,0,21092630528
LLAMA-7B--KVChime-EPIC-shared-readers-B4,F1,decode,all,6,16863199232,4231528448,0,21094727680
LLAMA-7B--KVChime-EPIC-shared-readers-B4,F1,decode,all,7,16865296384,4231528448,0,21096824832
LLAMA-7B--KVChime-EPIC-shared-readers-B4,F1,decode,all,8,16867393536,4231528448,0,21098921984
LLAMA-7B--KVChime-EPIC-shared-readers-B4,F1,decode,all,9,16869490688,4231528448,0,21101019136
LLAMA-7B--KVChime-EPIC-shared-readers-B4,F1,decode,all,10,16871587840,4231528448,0,21103116288
LLAMA-7B--KVChime-EPIC-shared-readers-B4,F1,decode,all,11,16873684992,4231528448,0,21105213440
LLAMA-7B--KVChime-EPIC-shared-readers-B4,F1,decode,all,12,16875782144,4231528448,0,21107310592
LLAMA-7B--KVChime-EPIC-shared-readers-B4,F1,decode,all,13,16877879296,4231528448,0,21109407744
LLAMA-7B--KVChime-EPIC-shared-readers-B4,F1,decode,all,14,16879976448,4231528448,0,21111504896
LLAMA-7B--KVChime-EPIC-shared-readers-B4,F1,decode,all,15,16882073600,4231528448,0,21113602048
LLAMA-7B--KVChime-EPIC-shared-readers-B4,F2,prefill,0,0,526581760,4231528448,526581760,5284691968
LLAMA-7B--KVChime-EPIC-shared-readers-B4,F2,prefill,1,0,526581760,4231528448,1053163520,5811273728
LLAMA-7B--KVChime-EPIC-shared-readers-B4,F2,prefill,2,0,526581760,4231528448,1579745280,6337855488
LLAMA-7B--KVChime-EPIC-shared-readers-B4,F2,prefill,3,0,526581760,4231528448,2106327040,6864437248
LLAMA-7B--KVChime-EPIC-shared-readers-B4,F2,prefill,4,0,526581760,4231528448,2632908800,7391019008
LLAMA-7B--KVChime-EPIC-shared-readers-B4,F2,prefill,5,0,526581760,4231528448,3159490560,7917600768
LLAMA-7B--KVChime-EPIC-shared-readers-B4,F2,prefill,6,0,526581760,4231528448,3686072320,8444182528
LLAMA-7B--KVChime-EPIC-shared-readers-B4,F2,prefill,7,0,526581760,4231528448,4212654080,8970764288
LLAMA-7B--KVChime-EPIC-shared-readers-B4,F2,prefill,8,0,526581760,4231528448,4739235840,9497346048
LLAMA-7B--KVChime-EPIC-shared-readers-B4,F2,prefill,9,0,526581760,4231528448,5265817600,10023927808
LLAMA-7B--KVChime-EPIC-shared-readers-B4,F2,prefill,10,0,526581760,4231528448,5792399360,10550509568
LLAMA-7B--KVChime-EPIC-shared-readers-B4,F2,prefill,11,0,526581760,4231528448,6318981120,11077091328
LLAMA-7B--KVChime-EPIC-shared-readers-B4,F2,prefill,12,0,526581760,4231528448,6845562880,11603673088
LLAMA-7B--KVChime-EPIC-shared-readers-B4,F2,prefill,13,0,526581760,4231528448,7372144640,12130254848
LLAMA-7B--KVChime-EPIC-shared-readers-B4,F2,prefill,14,0,526581760,4231528448,7898726400,12656836608
LLAMA-7B--KVChime-EPIC-shared-readers-B4,F2,prefill,15,0,526581760,4231528448,8425308160,13183418368
LLAMA-7B--KVChime-EPIC-shared-readers-B4,F2,prefill,16,0,526581760,4231528448,8951889920,13710000128
LLAMA-7B--KVChime-EPIC-shared-readers-B4,F2,prefill,17,0,526581760,4231528448,9478471680,14236581888
LLAMA-7B--KVChime-EPIC-shared-readers-B4,F2,prefill,18,0,526581760,4231528448,10005053440,14763163648
LLAMA-7B--KVChime-EPIC-shared-readers-B4,F2,prefill,19,0,526581760,4231528448,10531635200,15289745408
LLAMA-7B--KVChime-EPIC-shared-readers-B4,F2,prefill,20,0,526581760,4231528448,11058216960,15816327168
LLAMA-7B--KVChime-EPIC-shared-readers-B4,F2,prefill,21,0,526581760,4231528448,11584798720,16342908928
LLAMA-7B--KVChime-EPIC-shared-readers-B4,F2,prefill,22,0,526581760,4231528448,12111380480,16869490688
LLAMA-7B--KVChime-EPIC-shared-readers-B4,F2,prefill,23,0,526581760,4231528448,12637962240,17396072448
LLAMA-7B--KVChime-EPIC-shared-readers-B4,F2,prefill,24,0,526581760,4231528448,13164544000,17922654208
LLAMA-7B--KVChime-EPIC-shared-readers-B4,F2,prefill,25,0,526581760,4231528448,13691125760,18449235968
LLAMA-7B--KVChime-EPIC-shared-readers-B4,F2,prefill,26,0,526581760,4231528448,14217707520,18975817728
LLAMA-7B--KVChime-EPIC-shared-readers-B4,F2,prefill,27,0,526581760,4231528448,14744289280,19502399488
LLAMA-7B--KVChime-EPIC-shared-readers-B4,F2,prefill,28,0,526581760,4231528448,15270871040,20028981248
LLAMA-7B--KVChime-EPIC-shared-readers-B4,F2,prefill,29,0,526581760,4231528448,15797452800,20555563008
LLAMA-7B--KVChime-EPIC-shared-readers-B4,F2,prefill,30,0,526581760,4231528448,16324034560,21082144768
LLAMA-7B--KVChime-EPIC-shared-readers-B4,F2,prefill,31,0,526581760,4231528448,16850616320,21608726528
LLAMA-7B--KVChime-EPIC-shared-readers-B4,F2,decode,all,1,65536,4231528448,16852713472,21084307456
LLAMA-7B--KVChime-EPIC-shared-readers-B4,F2,decode,all,2,65536,4231528448,16854810624,21086404608
LLAMA-7B--KVChime-EPIC-shared-readers-B4,F2,decode,all,3,65536,4231528448,16856907776,21088501760
LLAMA-7B--KVChime-EPIC-shared-readers-B4,F2,decode,all,4,65536,4231528448,16859004928,21090598912
LLAMA-7B--KVChime-EPIC-shared-readers-B4,F2,decode,all,5,65536,4231528448,16861102080,21092696064
LLAMA-7B--KVChime-EPIC-shared-readers-B4,F2,decode,all,6,65536,4231528448,16863199232,21094793216
LLAMA-7B--KVChime-EPIC-shared-readers-B4,F2,decode,all,7,65536,4231528448,16865296384,21096890368
LLAMA-7B--KVChime-EPIC-shared-readers-B4,F2,decode,all,8,65536,4231528448,16867393536,21098987520
LLAMA-7B--KVChime-EPIC-shared-readers-B4,F2,decode,all,9,65536,4231528448,16869490688,21101084672
LLAMA-7B--KVChime-EPIC-shared-readers-B4,F2,decode,all,10,65536,4231528448,16871587840,21103181824
LLAMA-7B--KVChime-EPIC-shared-readers-B4,F2,decode,all,11,65536,4231528448,16873684992,21105278976
LLAMA-7B--KVChime-EPIC-shared-readers-B4,F2,decode,all,12,65536,4231528448,16875782144,21107376128
LLAMA-7B--KVChime-EPIC-shared-readers-B4,F2,decode,all,13,65536,4231528448,16877879296,21109473280
LLAMA-7B--KVChime-EPIC-shared-readers-B4,F2,decode,all,14,65536,4231528448,16879976448,21111570432
LLAMA-7B--KVChime-EPIC-shared-readers-B4,F2,decode,all,15,65536,4231528448,16882073600,21113667584
LLAMA-7B--KVChime-EPIC-shared-readers-B4,F3,prefill,0,0,526581760,4231528448,12320768,4770430976
LLAMA-7B--KVChime-EPIC-shared-readers-B4,F3,prefill,1,0,526581760,4231528448,24641536,4782751744
LLAMA-7B--KVChime-EPIC-shared-readers-B4,F3,prefill,2,0,526581760,4231528448,36962304,4795072512
LLAMA-7B--KVChime-EPIC-shared-readers-B4,F3,prefill,3,0,526581760,4231528448,49283072,4807393280
LLAMA-7B--KVChime-EPIC-shared-readers-B4,F3,prefill,4,0,526581760,4231528448,61603840,4819714048
LLAMA-7B--KVChime-EPIC-shared-readers-B4,F3,prefill,5,0,526581760,4231528448,73924608,4832034816
LLAMA-7B--KVChime-EPIC-shared-readers-B4,F3,prefill,6,0,526581760,4231528448,86245376,4844355584
LLAMA-7B--KVChime-EPIC-shared-readers-B4,F3,prefill,7,0,526581760,4231528448,98566144,4856676352
LLAMA-7B--KVChime-EPIC-shared-readers-B4,F3,prefill,8,0,526581760,4231528448,110886912,4868997120
LLAMA-7B--KVChime-EPIC-shared-readers-B4,F3,prefill,9,0,526581760,4231528448,123207680,4881317888
LLAMA-7B--KVChime-EPIC-shared-readers-B4,F3,prefill,10,0,526581760,4231528448,135528448,4893638656
LLAMA-7B--KVChime-EPIC-shared-readers-B4,F3,prefill,11,0,526581760,4231528448,147849216,4905959424
LLAMA-7B--KVChime-EPIC-shared-readers-B4,F3,prefill,12,0,526581760,4231528448,160169984,4918280192
LLAMA-7B--KVChime-EPIC-shared-readers-B4,F3,prefill,13,0,526581760,4231528448,172490752,4930600960
LLAMA-7B--KVChime-EPIC-shared-readers-B4,F3,prefill,14,0,526581760,4231528448,184811520,4942921728
LLAMA-7B--KVChime-EPIC-shared-readers-B4,F3,prefill,15,0,526581760,4231528448,197132288,4955242496
LLAMA-7B--KVChime-EPIC-shared-readers-B4,F3,prefill,16,0,526581760,4231528448,209453056,4967563264
LLAMA-7B--KVChime-EPIC-shared-readers-B4,F3,prefill,17,0,526581760,4231528448,221773824,4979884032
LLAMA-7B--KVChime-EPIC-shared-readers-B4,F3,prefill,18,0,526581760,4231528448,234094592,4992204800
LLAMA-7B--KVChime-EPIC-shared-readers-B4,F3,prefill,19,0,526581760,4231528448,246415360,5004525568
LLAMA-7B--KVChime-EPIC-shared-readers-B4,F3,prefill,20,0,526581760,4231528448,258736128,5016846336
LLAMA-7B--KVChime-EPIC-shared-readers-B4,F3,prefill,21,0,526581760,4231528448,271056896,5029167104
LLAMA-7B--KVChime-EPIC-shared-readers-B4,F3,prefill,22,0,526581760,4231528448,283377664,5041487872
LLAMA-7B--KVChime-EPIC-shared-readers-B4,F3,prefill,23,0,526581760,4231528448,295698432,5053808640
LLAMA-7B--KVChime-EPIC-shared-readers-B4,F3,prefill,24,0,526581760,4231528448,308019200,5066129408
LLAMA-7B--KVChime-EPIC-shared-readers-B4,F3,prefill,25,0,526581760,4231528448,320339968,5078450176
LLAMA-7B--KVChime-EPIC-shared-readers-B4,F3,prefill,26,0,526581760,4231528448,332660736,5090770944
LLAMA-7B--KVChime-EPIC-shared-readers-B4,F3,prefill,27,0,526581760,4231528448,344981504,5103091712
LLAMA-7B--KVChime-EPIC-shared-readers-B4,F3,prefill,28,0,526581760,4231528448,357302272,5115412480
LLAMA-7B--KVChime-EPIC-shared-readers-B4,F3,prefill,29,0,526581760,4231528448,369623040,5127733248
LLAMA-7B--KVChime-EPIC-shared-readers-B4,F3,prefill,30,0,526581760,4231528448,381943808,5140054016
LLAMA-7B--KVChime-EPIC-shared-readers-B4,F3,prefill,31,0,526581760,4231528448,394264576,5152374784
LLAMA-7B--KVChime-EPIC-shared-readers-B4,F3,decode,all,1,65536,4231528448,396361728,4627955712
LLAMA-7B--KVChime-EPIC-shared-readers-B4,F3,decode,all,2,65536,4231528448,398458880,4630052864
LLAMA-7B--KVChime-EPIC-shared-readers-B4,F3,decode,all,3,65536,4231528448,400556032,4632150016
LLAMA-7B--KVChime-EPIC-shared-readers-B4,F3,decode,all,4,65536,4231528448,402653184,4634247168
LLAMA-7B--KVChime-EPIC-shared-readers-B4,F3,decode,all,5,65536,4231528448,404750336,4636344320
LLAMA-7B--KVChime-EPIC-shared-readers-B4,F3,decode,all,6,65536,4231528448,406847488,4638441472
LLAMA-7B--KVChime-EPIC-shared-readers-B4,F3,decode,all,7,65536,4231528448,408944640,4640538624
LLAMA-7B--KVChime-EPIC-shared-readers-B4,F3,decode,all,8,65536,4231528448,411041792,4642635776
LLAMA-7B--KVChime-EPIC-shared-readers-B4,F3,decode,all,9,65536,4231528448,413138944,4644732928
LLAMA-7B--KVChime-EPIC-shared-readers-B4,F3,decode,all,10,65536,4231528448,415236096,4646830080
LLAMA-7B--KVChime-EPIC-shared-readers-B4,F3,decode,all,11,65536,4231528448,417333248,4648927232
LLAMA-7B--KVChime-EPIC-shared-readers-B4,F3,decode,all,12,65536,4231528448,419430400,4651024384
LLAMA-7B--KVChime-EPIC-shared-readers-B4,F3,decode,all,13,65536,4231528448,421527552,4653121536
LLAMA-7B--KVChime-EPIC-shared-readers-B4,F3,decode,all,14,65536,4231528448,423624704,4655218688
LLAMA-7B--KVChime-EPIC-shared-readers-B4,F3,decode,all,15,65536,4231528448,425721856,4657315840
LLAMA-7B--KVChime-EPIC-shared-readers-B4,F4,prefill,0,0,12320768,4231528448,12320768,4256169984
LLAMA-7B--KVChime-EPIC-shared-readers-B4,F4,prefill,1,0,12320768,4231528448,24641536,4268490752
LLAMA-7B--KVChime-EPIC-shared-readers-B4,F4,prefill,2,0,12320768,4231528448,36962304,4280811520
LLAMA-7B--KVChime-EPIC-shared-readers-B4,F4,prefill,3,0,12320768,4231528448,49283072,4293132288
LLAMA-7B--KVChime-EPIC-shared-readers-B4,F4,prefill,4,0,12320768,4231528448,61603840,4305453056
LLAMA-7B--KVChime-EPIC-shared-readers-B4,F4,prefill,5,0,12320768,4231528448,73924608,4317773824
LLAMA-7B--KVChime-EPIC-shared-readers-B4,F4,prefill,6,0,12320768,4231528448,86245376,4330094592
LLAMA-7B--KVChime-EPIC-shared-readers-B4,F4,prefill,7,0,12320768,4231528448,98566144,4342415360
LLAMA-7B--KVChime-EPIC-shared-readers-B4,F4,prefill,8,0,12320768,4231528448,110886912,4354736128
LLAMA-7B--KVChime-EPIC-shared-readers-B4,F4,prefill,9,0,12320768,4231528448,123207680,4367056896
LLAMA-7B--KVChime-EPIC-shared-readers-B4,F4,prefill,10,0,12320768,4231528448,135528448,4379377664
LLAMA-7B--KVChime-EPIC-shared-readers-B4,F4,prefill,11,0,12320768,4231528448,147849216,4391698432
LLAMA-7B--KVChime-EPIC-shared-readers-B4,F4,prefill,12,0,12320768,4231528448,160169984,4404019200
LLAMA-7B--KVChime-EPIC-shared-readers-B4,F4,prefill,13,0,12320768,4231528448,172490752,4416339968
LLAMA-7B--KVChime-EPIC-shared-readers-B4,F4,prefill,14,0,12320768,4231528448,184811520,4428660736
LLAMA-7B--KVChime-EPIC-shared-readers-B4,F4,prefill,15,0,12320768,4231528448,197132288,4440981504
LLAMA-7B--KVChime-EPIC-shared-readers-B4,F4,prefill,16,0,12320768,4231528448,209453056,4453302272
LLAMA-7B--KVChime-EPIC-shared-readers-B4,F4,prefill,17,0,12320768,4231528448,221773824,4465623040
LLAMA-7B--KVChime-EPIC-shared-readers-B4,F4,prefill,18,0,12320768,4231528448,234094592,4477943808
LLAMA-7B--KVChime-EPIC-shared-readers-B4,F4,prefill,19,0,12320768,4231528448,246415360,4490264576
LLAMA-7B--KVChime-EPIC-shared-readers-B4,F4,prefill,20,0,12320768,4231528448,258736128,4502585344
LLAMA-7B--KVChime-EPIC-shared-readers-B4,F4,prefill,21,0,12320768,4231528448,271056896,4514906112
LLAMA-7B--KVChime-EPIC-shared-readers-B4,F4,prefill,22,0,12320768,4231528448,283377664,4527226880
LLAMA-7B--KVChime-EPIC-shared-readers-B4,F4,prefill,23,0,12320768,4231528448,295698432,4539547648
LLAMA-7B--KVChime-EPIC-shared-readers-B4,F4,prefill,24,0,12320768,4231528448,308019200,4551868416
LLAMA-7B--KVChime-EPIC-shared-readers-B4,F4,prefill,25,0,12320768,4231528448,320339968,4564189184
LLAMA-7B--KVChime-EPIC-shared-readers-B4,F4,prefill,26,0,12320768,4231528448,332660736,4576509952
LLAMA-7B--KVChime-EPIC-shared-readers-B4,F4,prefill,27,0,12320768,4231528448,344981504,4588830720
LLAMA-7B--KVChime-EPIC-shared-readers-B4,F4,prefill,28,0,12320768,4231528448,357302272,4601151488
LLAMA-7B--KVChime-EPIC-shared-readers-B4,F4,prefill,29,0,12320768,4231528448,369623040,4613472256
LLAMA-7B--KVChime-EPIC-shared-readers-B4,F4,prefill,30,0,12320768,4231528448,381943808,4625793024
LLAMA-7B--KVChime-EPIC-shared-readers-B4,F4,prefill,31,0,12320768,4231528448,394264576,4638113792
LLAMA-7B--KVChime-EPIC-shared-readers-B4,F4,decode,all,1,65536,4231528448,396361728,4627955712
LLAMA-7B--KVChime-EPIC-shared-readers-B4,F4,decode,all,2,65536,4231528448,398458880,4630052864
LLAMA-7B--KVChime-EPIC-shared-readers-B4,F4,decode,all,3,65536,4231528448,400556032,4632150016
LLAMA-7B--KVChime-EPIC-shared-readers-B4,F4,decode,all,4,65536,4231528448,402653184,4634247168
LLAMA-7B--KVChime-EPIC-shared-readers-B4,F4,decode,all,5,65536,4231528448,404750336,4636344320
LLAMA-7B--KVChime-EPIC-shared-readers-B4,F4,decode,all,6,65536,4231528448,406847488,4638441472
LLAMA-7B--KVChime-EPIC-shared-readers-B4,F4,decode,all,7,65536,4231528448,408944640,4640538624
LLAMA-7B--KVChime-EPIC-shared-readers-B4,F4,decode,all,8,65536,4231528448,411041792,4642635776
LLAMA-7B--KVChime-EPIC-shared-readers-B4,F4,decode,all,9,65536,4231528448,413138944,4644732928
LLAMA-7B--KVChime-EPIC-shared-readers-B4,F4,decode,all,10,65536,4231528448,415236096,4646830080
LLAMA-7B--KVChime-EPIC-shared-readers-B4,F4,decode,all,11,65536,4231528448,417333248,4648927232
LLAMA-7B--KVChime-EPIC-shared-readers-B4,F4,decode,all,12,65536,4231528448,419430400,4651024384
LLAMA-7B--KVChime-EPIC-shared-readers-B4,F4,decode,all,13,65536,4231528448,421527552,4653121536
LLAMA-7B--KVChime-EPIC-shared-readers-B4,F4,decode,all,14,65536,4231528448,423624704,4655218688
LLAMA-7B--KVChime-EPIC-shared-readers-B4,F4,decode,all,15,65536,4231528448,425721856,4657315840
GPT-13B--KVChime-CB-3,F0,prefill,0,0,70041600,0,0,70041600
GPT-13B--KVChime-CB-3,F0,prefill,1,0,140083200,0,0,140083200
GPT-13B--KVChime-CB-3,F0,prefill,2,0,210124800,0,0,210124800
GPT-13B--KVChime-CB-3,F0,prefill,3,0,280166400,0,0,280166400
GPT-13B--KVChime-CB-3,F0,prefill,4,0,350208000,0,0,350208000
GPT-13B--KVChime-CB-3,F0,prefill,5,0,420249600,0,0,420249600
GPT-13B--KVChime-CB-3,F0,prefill,6,0,490291200,0,0,490291200
GPT-13B--KVChime-CB-3,F0,prefill,7,0,560332800,0,0,560332800
GPT-13B--KVChime-CB-3,F0,prefill,8,0,630374400,0,0,630374400
GPT-13B--KVChime-CB-3,F0,prefill,9,0,700416000,0,0,700416000
GPT-13B--KVChime-CB-3,F0,prefill,10,0,770457600,0,0,770457600
GPT-13B--KVChime-CB-3,F0,prefill,11,0,840499200,0,0,840499200
GPT-13B--KVChime-CB-3,F0,prefill,12,0,910540800,0,0,910540800
GPT-13B--KVChime-CB-3,F0,prefill,13,0,980582400,0,0,980582400
GPT-13B--KVChime-CB-3,F0,prefill,14,0,1050624000,0,0,1050624000
GPT-13B--KVChime-CB-3,F0,prefill,15,0,1120665600,0,0,1120665600
GPT-13B--KVChime-CB-3,F0,prefill,16,0,1190707200,0,0,1190707200
GPT-13B--KVChime-CB-3,F0,prefill,17,0,1260748800,0,0,1260748800
GPT-13B--KVChime-CB-3,F0,prefill,18,0,1330790400,0,0,1330790400
GPT-13B--KVChime-CB-3,F0,prefill,19,0,1400832000,0,0,1400832000
GPT-13B--KVChime-CB-3,F0,prefill,20,0,1470873600,0,0,1470873600
GPT-13B--KVChime-CB-3,F0,prefill,21,0,1540915200,0,0,1540915200
GPT-13B--KVChime-CB-3,F0,prefill,22,0,1610956800,0,0,1610956800
GPT-13B--KVChime-CB-3,F0,prefill,23,0,1680998400,0,0,1680998400
GPT-13B--KVChime-CB-3,F0,prefill,24,0,1751040000,0,0,1751040000
GPT-13B--KVChime-CB-3,F0,prefill,25,0,1821081600,0,0,1821081600
GPT-13B--KVChime-CB-3,F0,prefill,26,0,1891123200,0,0,1891123200
GPT-13B--KVChime-CB-3,F0,prefill,27,0,1961164800,0,0,1961164800
GPT-13B--KVChime-CB-3,F0,prefill,28,0,2031206400,0,0,2031206400
GPT-13B--KVChime-CB-3,F0,prefill,29,0,2101248000,0,0,2101248000
GPT-13B--KVChime-CB-3,F0,prefill,30,0,2171289600,0,0,2171289600
GPT-13B--KVChime-CB-3,F0,prefill,31,0,2241331200,0,0,2241331200
GPT-13B--KVChime-CB-3,F0,prefill,32,0,2311372800,0,0,2311372800
GPT-13B--KVChime-CB-3,F0,prefill,33,0,2381414400,0,0,2381414400
GPT-13B--KVChime-CB-3,F0,prefill,34,0,2451456000,0,0,2451456000
GPT-13B--KVChime-CB-3,F0,prefill,35,0,2521497600,0,0,2521497600
GPT-13B--KVChime-CB-3,F0,prefill,36,0,2591539200,0,0,2591539200
GPT-13B--KVChime-CB-3,F0,prefill,37,0,2661580800,0,0,2661580800
GPT-13B--KVChime-CB-3,F0,prefill,38,0,2731622400,0,0,2731622400
GPT-13B--KVChime-CB-3,F0,prefill,39,0,2801664000,0,0,2801664000
GPT-13B--KVChime-CB-3,F0,decode,all,1,2802483200,0,0,2802483200
GPT-13B--KVChime-CB-3,F0,decode,all,2,2803302400,0,0,2803302400
GPT-13B--KVChime-CB-3,F0,decode,all,3,2804121600,0,0,2804121600
GPT-13B--KVChime-CB-3,F0,decode,all,4,2804940800,0,0,2804940800
GPT-13B--KVChime-CB-3,F0,decode,all,5,2805760000,0,0,2805760000
GPT-13B--KVChime-CB-3,F0,decode,all,6,2806579200,0,0,2806579200
GPT-13B--KVChime-CB-3,F0,decode,all,7,2807398400,0,0,2807398400
GPT-13B--KVChime-CB-3,F0,decode,all,8,2808217600,0,0,2808217600
GPT-13B--KVChime-CB-3,F0,decode,all,9,2809036800,0,0,2809036800
GPT-13B--KVChime-CB-3,F1,prefill,0,0,70041600,5533696000,0,5603737600
GPT-13B--KVChime-CB-3,F1,prefill,1,0,140083200,5533696000,0,5673779200
GPT-13B--KVChime-CB-3,F1,prefill,2,0,210124800,5533696000,0,5743820800
GPT-13B--KVChime-CB-3,F1,prefill,3,0,280166400,5533696000,0,5813862400
GPT-13B--KVChime-CB-3,F1,prefill,4,0,350208000,5533696000,0,5883904000
GPT-13B--KVChime-CB-3,F1,prefill,5,0,420249600,5533696000,0,5953945600
GPT-13B--KVChime-CB-3,F1,prefill,6,0,490291200,5533696000,0,6023987200
GPT-13B--KVChime-CB-3,F1,prefill,7,0,560332800,5533696000,0,6094028800
GPT-13B--KVChime-CB-3,F1,prefill,8,0,630374400,5533696000,0,6164070400
GPT-13B--KVChime-CB-3,F1,prefill,9,0,700416000,5533696000,0,6234112000
GPT-13B--KVChime-CB-3,F1,prefill,10,0,770457600,5533696000,0,6304153600
GPT-13B--KVChime-CB-3,F1,prefill,11,0,840499200,5533696000,0,6374195200
GPT-13B--KVChime-CB-3,F1,prefill,12,0,910540800,5533696000,0,6444236800
GPT-13B--KVChime-CB-3,F1,prefill,13,0,980582400,5533696000,0,6514278400
GPT-13B--KVChime-CB-3,F1,prefill,14,0,1050624000,5533696000,0,6584320000
GPT-13B--KVChime-CB-3,F1,prefill,15,0,1120665600,5533696000,0,6654361600
GPT-13B--KVChime-CB-3,F1,prefill,16,0,1190707200,5533696000,0,6724403200
GPT-13B--KVChime-CB-3,F1,prefill,17,0,1260748800,5533696000,0,6794444800
GPT-13B--KVChime-CB-3,F1,prefill,18,0,1330790400,5533696000,0,6864486400
GPT-13B--KVChime-CB-3,F1,prefill,19,0,1400832000,5533696000,0,6934528000
GPT-13B--KVChime-CB-3,F1,prefill,20,0,1470873600,5533696000,0,7004569600
GPT-13B--KVChime-CB-3,F1,prefill,21,0,1540915200,5533696000,0,7074611200
GPT-13B--KVChime-CB-3,F1,prefill,22,0,1610956800,5533696000,0,7144652800
GPT-13B--KVChime-CB-3,F1,prefill,23,0,1680998400,5533696000,0,7214694400
GPT-13B--KVChime-CB-3,F1,prefill,24,0,1751040000,5533696000,0,7284736000
GPT-13B--KVChime-CB-3,F1,prefill,25,0,1821081600,5533696000,0,7354777600
GPT-13B--KVChime-CB-3,F1,prefill,26,0,1891123200,5533696000,0,7424819200
GPT-13B--KVChime-CB-3,F1,prefill,27,0,1961164800,5533696000,0,7494860800
GPT-13B--KVChime-CB-3,F1,prefill,28,0,2031206400,5533696000,0,7564902400
GPT-13B--KVChime-CB-3,F1,prefill,29,0,2101248000,5533696000,0,7634944000
GPT-13B--KVChime-CB-3,F1,prefill,30,0,2171289600,5533696000,0,7704985600
GPT-13B--KVChime-CB-3,F1,prefill,31,0,2241331200,5533696000,0,7775027200
GPT-13B--KVChime-CB-3,F1,prefill,32,0,2311372800,5533696000,0,7845068800
GPT-13B--KVChime-CB-3,F1,prefill,33,0,2381414400,5533696000,0,7915110400
GPT-13B--KVChime-CB-3,F1,prefill,34,0,2451456000,5533696000,0,7985152000
GPT-13B--KVChime-CB-3,F1,prefill,35,0,2521497600,5533696000,0,8055193600
GPT-13B--KVChime-CB-3,F1,prefill,36,0,2591539200,5533696000,0,8125235200
GPT-13B--KVChime-CB-3,F1,prefill,37,0,2661580800,5533696000,0,8195276800
GPT-13B--KVChime-CB-3,F1,prefill,38,0,2731622400,5533696000,0,8265318400
GPT-13B--KVChime-CB-3,F1,prefill,39,0,2801664000,5533696000,0,8335360000
GPT-13B--KVChime-CB-3,F1,decode,all,1,2802483200,5533696000,0,8336179200
GPT-13B--KVChime-CB-3,F1,decode,all,2,2803302400,5533696000,0,8336998400
GPT-13B--KVChime-CB-3,F1,decode,all,3,2804121600,5533696000,0,8337817600
GPT-13B--KVChime-CB-3,F1,decode,all,4,2804940800,5533696000,0,8338636800
GPT-13B--KVChime-CB-3,F1,decode,all,5,2805760000,5533696000,0,8339456000
GPT-13B--KVChime-CB-3,F1,decode,all,6,2806579200,5533696000,0,8340275200
GPT-13B--KVChime-CB-3,F1,decode,all,7,2807398400,5533696000,0,8341094400
GPT-13B--KVChime-CB-3,F1,decode,all,8,2808217600,5533696000,0,8341913600
GPT-13B--KVChime-CB-3,F1,decode,all,9,2809036800,5533696000,0,8342732800
GPT-13B--KVChime-CB-3,F2,prefill,0,0,70041600,5533696000,70041600,5673779200
GPT-13B--KVChime-CB-3,F2,prefill,1,0,70041600,5533696000,140083200,5743820800
GPT-13B--KVChime-CB-3,F2,prefill,2,0,70041600,5533696000,210124800,5813862400
GPT-13B--KVChime-CB-3,F2,prefill,3,0,70041600,5533696000,280166400,5883904000
GPT-13B--KVChime-CB-3,F2,prefill,4,0,70041600,5533696000,350208000,5953945600
GPT-13B--KVChime-CB-3,F2,prefill,5,0,70041600,5533696000,420249600,6023987200
GPT-13B--KVChime-CB-3,F2,prefill,6,0,70041600,5533696000,490291200,6094028800
GPT-13B--KVChime-CB-3,F2,prefill,7,0,70041600,5533696000,560332800,6164070400
GPT-13B--KVChime-CB-3,F2,prefill,8,0,70041600,5533696000,630374400,6234112000
GPT-13B--KVChime-CB-3,F2,prefill,9,0,70041600,5533696000,700416000,6304153600
GPT-13B--KVChime-CB-3,F2,prefill,10,0,70041600,5533696000,770457600,6374195200
GPT-13B--KVChime-CB-3,F2,prefill,11,0,70041600,5533696000,840499200,6444236800
GPT-13B--KVChime-CB-3,F2,prefill,12,0,70041600,5533696000,910540800,6514278400
GPT-13B--KVChime-CB-3,F2,prefill,13,0,70041600,5533696000,980582400,6584320000
GPT-13B--KVChime-CB-3,F2,prefill,14,0,70041600,5533696000,1050624000,6654361600
GPT-13B--KVChime-CB-3,F2,prefill,15,0,70041600,5533696000,1120665600,6724403200
GPT-13B--KVChime-CB-3,F2,prefill,16,0,70041600,5533696000,1190707200,6794444800
GPT-13B--KVChime-CB-3,F2,prefill,17,0,70041600,5533696000,1260748800,6864486400
GPT-13B--KVChime-CB-3,F2,prefill,18,0,70041600,5533696000,1330790400,6934528000
GPT-13B--KVChime-CB-3,F2,prefill,19,0,70041600,5533696000,1400832000,7004569600
GPT-13B--KVChime-CB-3,F2,prefill,20,0,70041600,5533696000,1470873600,7074611200
GPT-13B--KVChime-CB-3,F2,prefill,21,0,70041600,5533696000,1540915200,7144652800
GPT-13B--KVChime-CB-3,F2,prefill,22,0,70041600,5533696000,1610956800,7214694400
GPT-13B--KVChime-CB-3,F2,prefill,23,0,70041600,5533696000,1680998400,7284736000
GPT-13B--KVChime-CB-3,F2,prefill,24,0,70041600,5533696000,1751040000,7354777600
GPT-13B--KVChime-CB-3,F2,prefill,25,0,70041600,5533696000,1821081600,7424819200
GPT-13B--KVChime-CB-3,F2,prefill,26,0,70041600,5533696000,1891123200,7494860800
GPT-13B--KVChime-CB-3,F2,prefill,27,0,70041600,5533696000,1961164800,7564902400
GPT-13B--KVChime-CB-3,F2,prefill,28,0,70041600,5533696000,2031206400,7634944000
GPT-13B--KVChime-CB-3,F2,prefill,29,0,70041600,5533696000,2101248000,7704985600
GPT-13B--KVChime-CB-3,F2,prefill,30,0,70041600,5533696000,2171289600,7775027200
GPT-13B--KVChime-CB-3,F2,prefill,31,0,70041600,5533696000,2241331200,7845068800
GPT-13B--KVChime-CB-3,F2,prefill,32,0,70041600,5533696000,2311372800,7915110400
GPT-13B--KVChime-CB-3,F2,prefill,33,0,70041600,5533696000,2381414400,7985152000
GPT-13B--KVChime-CB-3,F2,prefill,34,0,70041600,5533696000,2451456000,8055193600
GPT-13B--KVChime-CB-3,F2,prefill,35,0,70041600,5533696000,2521497600,8125235200
GPT-13B--KVChime-CB-3,F2,prefill,36,0,70041600,5533696000,2591539200,8195276800
GPT-13B--KVChime-CB-3,F2,prefill,37,0,70041600,5533696000,2661580800,8265318400
GPT-13B--KVChime-CB-3,F2,prefill,38,0,70041600,5533696000,2731622400,8335360000
GPT-13B--KVChime-CB-3,F2,prefill,39,0,70041600,5533696000,2801664000,8405401600
GPT-13B--KVChime-CB-3,F2,decode,all,1,20480,5533696000,2802483200,8336199680
GPT-13B--KVChime-CB-3,F2,decode,all,2,20480,5533696000,2803302400,8337018880
GPT-13B--KVChime-CB-3,F2,decode,all,3,20480,5533696000,2804121600,8337838080
GPT-13B--KVChime-CB-3,F2,decode,all,4,20480,5533696000,2804940800,8338657280
GPT-13B--KVChime-CB-3,F2,decode,all,5,20480,5533696000,2805760000,8339476480
GPT-13B--KVChime-CB-3,F2,decode,all,6,20480,5533696000,2806579200,8340295680
GPT-13B--KVChime-CB-3,F2,decode,all,7,20480,5533696000,2807398400,8341114880
GPT-13B--KVChime-CB-3,F2,decode,all,8,20480,5533696000,2808217600,8341934080
GPT-13B--KVChime-CB-3,F2,decode,all,9,20480,5533696000,2809036800,8342753280
GPT-13B--KVChime-CB-3,F3,prefill,0,0,70041600,5533696000,70041600,5673779200
GPT-13B--KVChime-CB-3,F3,prefill,1,0,70041600,5533696000,140083200,5743820800
GPT-13B--KVChime-CB-3,F3,prefill,2,0,70041600,5533696000,152268800,5756006400
GPT-13B--KVChime-CB-3,F3,prefill,3,0,70041600,5533696000,164454400,5768192000
GPT-13B--KVChime-CB-3,F3,prefill,4,0,70041600,5533696000,176640000,5780377600
GPT-13B--KVChime-CB-3,F3,prefill,5,0,70041600,5533696000,188825600,5792563200
GPT-13B--KVChime-CB-3,F3,prefill,6,0,70041600,5533696000,201011200,5804748800
GPT-13B--KVChime-CB-3,F3,prefill,7,0,70041600,5533696000,213196800,5816934400
GPT-13B--KVChime-CB-3,F3,prefill,8,0,70041600,5533696000,225382400,5829120000
GPT-13B--KVChime-CB-3,F3,prefill,9,0,70041600,5533696000,237568000,5841305600
GPT-13B--KVChime-CB-3,F3,prefill,10,0,70041600,5533696000,249753600,5853491200
GPT-13B--KVChime-CB-3,F3,prefill,11,0,70041600,5533696000,261939200,5865676800
GPT-13B--KVChime-CB-3,F3,prefill,12,0,70041600,5533696000,274124800,5877862400
GPT-13B--KVChime-CB-3,F3,prefill,13,0,70041600,5533696000,286310400,5890048000
GPT-13B--KVChime-CB-3,F3,prefill,14,0,70041600,5533696000,298496000,5902233600
GPT-13B--KVChime-CB-3,F3,prefill,15,0,70041600,5533696000,310681600,5914419200
GPT-13B--KVChime-CB-3,F3,prefill,16,0,70041600,5533696000,322867200,5926604800
GPT-13B--KVChime-CB-3,F3,prefill,17,0,70041600,5533696000,335052800,5938790400
GPT-13B--KVChime-CB-3,F3,prefill,18,0,70041600,5533696000,347238400,5950976000
GPT-13B--KVChime-CB-3,F3,prefill,19,0,70041600,5533696000,359424000,5963161600
GPT-13B--KVChime-CB-3,F3,prefill,20,0,70041600,5533696000,371609600,5975347200
GPT-13B--KVChime-CB-3,F3,prefill,21,0,70041600,5533696000,383795200,5987532800
GPT-13B--KVChime-CB-3,F3,prefill,22,0,70041600,5533696000,395980800,5999718400
GPT-13B--KVChime-CB-3,F3,prefill,23,0,70041600,5533696000,408166400,6011904000
GPT-13B--KVChime-CB-3,F3,prefill,24,0,70041600,5533696000,420352000,6024089600
GPT-13B--KVChime-CB-3,F3,prefill,25,0,70041600,5533696000,432537600,6036275200
GPT-13B--KVChime-CB-3,F3,prefill,26,0,70041600,5533696000,444723200,6048460800
GPT-13B--KVChime-CB-3,F3,prefill,27,0,70041600,5533696000,456908800,6060646400
GPT-13B--KVChime-CB-3,F3,prefill,28,0,70041600,5533696000,469094400,6072832000
GPT-13B--KVChime-CB-3,F3,prefill,29,0,70041600,5533696000,481280000,6085017600
GPT-13B--KVChime-CB-3,F3,prefill,30,0,70041600,5533696000,493465600,6097203200
GPT-13B--KVChime-CB-3,F3,prefill,31,0,70041600,5533696000,505651200,6109388800
GPT-13B--KVChime-CB-3,F3,prefill,32,0,70041600,5533696000,517836800,6121574400
GPT-13B--KVChime-CB-3,F3,prefill,33,0,70041600,5533696000,530022400,6133760000
GPT-13B--KVChime-CB-3,F3,prefill,34,0,70041600,5533696000,542208000,6145945600
GPT-13B--KVChime-CB-3,F3,prefill,35,0,70041600,5533696000,554393600,6158131200
GPT-13B--KVChime-CB-3,F3,prefill,36,0,70041600,5533696000,566579200,6170316800
GPT-13B--KVChime-CB-3,F3,prefill,37,0,70041600,5533696000,578764800,6182502400
GPT-13B--KVChime-CB-3,F3,prefill,38,0,70041600,5533696000,590950400,6194688000
GPT-13B--KVChime-CB-3,F3,prefill,39,0,70041600,5533696000,603136000,6206873600
GPT-13B--KVChime-CB-3,F3,decode,all,1,20480,5533696000,603955200,6137671680
GPT-13B--KVChime-CB-3,F3,decode,all,2,20480,5533696000,604774400,6138490880
GPT-13B--KVChime-CB-3,F3,decode,all,3,20480,5533696000,605593600,6139310080
GPT-13B--KVChime-CB-3,F3,decode,all,4,20480,5533696000,606412800,6140129280
GPT-13B--KVChime-CB-3,F3,decode,all,5,20480,5533696000,607232000,6140948480
GPT-13B--KVChime-CB-3,F3,decode,all,6,20480,5533696000,608051200,6141767680
GPT-13B--KVChime-CB-3,F3,decode,all,7,20480,5533696000,608870400,6142586880
GPT-13B--KVChime-CB-3,F3,decode,all,8,20480,5533696000,609689600,6143406080
GPT-13B--KVChime-CB-3,F3,decode,all,9,20480,5533696000,610508800,6144225280
GPT-13B--KVChime-CB-3,F4,prefill,0,0,70041600,5533696000,70041600,5673779200
GPT-13B--KVChime-CB-3,F4,prefill,1,0,70041600,5533696000,140083200,5743820800
GPT-13B--KVChime-CB-3,F4,prefill,2,0,70041600,5533696000,152268800,5756006400
GPT-13B--KVChime-CB-3,F4,prefill,3,0,70041600,5533696000,164454400,5768192000
GPT-13B--KVChime-CB-3,F4,prefill,4,0,70041600,5533696000,176640000,5780377600
GPT-13B--KVChime-CB-3,F4,prefill,5,0,70041600,5533696000,188825600,5792563200
GPT-13B--KVChime-CB-3,F4,prefill,6,0,70041600,5533696000,201011200,5804748800
GPT-13B--KVChime-CB-3,F4,prefill,7,0,70041600,5533696000,213196800,5816934400
GPT-13B--KVChime-CB-3,F4,prefill,8,0,70041600,5533696000,225382400,5829120000
GPT-13B--KVChime-CB-3,F4,prefill,9,0,70041600,5533696000,237568000,5841305600
GPT-13B--KVChime-CB-3,F4,prefill,10,0,70041600,5533696000,249753600,5853491200
GPT-13B--KVChime-CB-3,F4,prefill,11,0,70041600,5533696000,261939200,5865676800
GPT-13B--KVChime-CB-3,F4,prefill,12,0,70041600,5533696000,274124800,5877862400
GPT-13B--KVChime-CB-3,F4,prefill,13,0,70041600,5533696000,286310400,5890048000
GPT-13B--KVChime-CB-3,F4,prefill,14,0,70041600,5533696000,298496000,5902233600
GPT-13B--KVChime-CB-3,F4,prefill,15,0,70041600,5533696000,310681600,5914419200
GPT-13B--KVChime-CB-3,F4,prefill,16,0,70041600,5533696000,322867200,5926604800
GPT-13B--KVChime-CB-3,F4,prefill,17,0,70041600,5533696000,335052800,5938790400
GPT-13B--KVChime-CB-3,F4,prefill,18,0,70041600,5533696000,347238400,5950976000
GPT-13B--KVChime-CB-3,F4,prefill,19,0,70041600,5533696000,359424000,5963161600
GPT-13B--KVChime-CB-3,F4,prefill,20,0,70041600,5533696000,371609600,5975347200
GPT-13B--KVChime-CB-3,F4,prefill,21,0,70041600,5533696000,383795200,5987532800
GPT-13B--KVChime-CB-3,F4,prefill,22,0,70041600,5533696000,395980800,5999718400
GPT-13B--KVChime-CB-3,F4,prefill,23,0,70041600,5533696000,408166400,6011904000
GPT-13B--KVChime-CB-3,F4,prefill,24,0,70041600,5533696000,420352000,6024089600
GPT-13B--KVChime-CB-3,F4,prefill,25,0,70041600,5533696000,432537600,6036275200
GPT-13B--KVChime-CB-3,F4,prefill,26,0,70041600,5533696000,444723200,6048460800
GPT-13B--KVChime-CB-3,F4,prefill,27,0,70041600,5533696000,456908800,6060646400
GPT-13B--KVChime-CB-3,F4,prefill,28,0,70041600,5533696000,469094400,6072832000
GPT-13B--KVChime-CB-3,F4,prefill,29,0,70041600,5533696000,481280000,6085017600
GPT-13B--KVChime-CB-3,F4,prefill,30,0,70041600,5533696000,493465600,6097203200
GPT-13B--KVChime-CB-3,F4,prefill,31,0,70041600,5533696000,505651200,6109388800
GPT-13B--KVChime-CB-3,F4,prefill,32,0,70041600,5533696000,517836800,6121574400
GPT-13B--KVChime-CB-3,F4,prefill,33,0,70041600,5533696000,530022400,6133760000
GPT-13B--KVChime-CB-3,F4,prefill,34,0,70041600,5533696000,542208000,6145945600
GPT-13B--KVChime-CB-3,F4,prefill,35,0,70041600,5533696000,554393600,6158131200
GPT-13B--KVChime-CB-3,F4,prefill,36,0,70041600,5533696000,566579200,6170316800
GPT-13B--KVChime-CB-3,F4,prefill,37,0,70041600,5533696000,578764800,6182502400
GPT-13B--KVChime-CB-3,F4,prefill,38,0,70041600,5533696000,590950400,6194688000
GPT-13B--KVChime-CB-3,F4,prefill,39,0,70041600,5533696000,603136000,6206873600
GPT-13B--KVChime-CB-3,F4,decode,all,1,20480,5533696000,603955200,6137671680
GPT-13B--KVChime-CB-3,F4,decode,all,2,20480,5533696000,604774400,6138490880
GPT-13B--KVChime-CB-3,F4,decode,all,3,20480,5533696000,605593600,6139310080
GPT-13B--KVChime-CB-3,F4,decode,all,4,20480,5533696000,606412800,6140129280
GPT-13B--KVChime-CB-3,F4,decode,all,5,20480,5533696000,607232000,6140948480
GPT-13B--KVChime-CB-3,F4,decode,all,6,20480,5533696000,608051200,6141767680
GPT-13B--KVChime-CB-3,F4,decode,all,7,20480,5533696000,608870400,6142586880
GPT-13B--KVChime-CB-3,F4,decode,all,8,20480,5533696000,609689600,6143406080
GPT-13B--KVChime-CB-3,F4,decode,all,9,20480,5533696000,610508800,6144225280
GPT-13B--KVChime-CB-2,F0,prefill,0,0,70819840,0,0,70819840
GPT-13B--KVChime-CB-2,F0,prefill,1,0,141639680,0,0,141639680
GPT-13B--KVChime-CB-2,F0,prefill,2,0,212459520,0,0,212459520
GPT-13B--KVChime-CB-2,F0,prefill,3,0,283279360,0,0,283279360
GPT-13B--KVChime-CB-2,F0,prefill,4,0,354099200,0,0,354099200
GPT-13B--KVChime-CB-2,F0,prefill,5,0,424919040,0,0,424919040
GPT-13B--KVChime-CB-2,F0,prefill,6,0,495738880,0,0,495738880
GPT-13B--KVChime-CB-2,F0,prefill,7,0,566558720,0,0,566558720
GPT-13B--KVChime-CB-2,F0,prefill,8,0,637378560,0,0,637378560
GPT-13B--KVChime-CB-2,F0,prefill,9,0,708198400,0,0,708198400
GPT-13B--KVChime-CB-2,F0,prefill,10,0,779018240,0,0,779018240
GPT-13B--KVChime-CB-2,F0,prefill,11,0,849838080,0,0,849838080
GPT-13B--KVChime-CB-2,F0,prefill,12,0,920657920,0,0,920657920
GPT-13B--KVChime-CB-2,F0,prefill,13,0,991477760,0,0,991477760
GPT-13B--KVChime-CB-2,F0,prefill,14,0,1062297600,0,0,1062297600
GPT-13B--KVChime-CB-2,F0,prefill,15,0,1133117440,0,0,1133117440
GPT-13B--KVChime-CB-2,F0,prefill,16,0,1203937280,0,0,1203937280
GPT-13B--KVChime-CB-2,F0,prefill,17,0,1274757120,0,0,1274757120
GPT-13B--KVChime-CB-2,F0,prefill,18,0,1345576960,0,0,1345576960
GPT-13B--KVChime-CB-2,F0,prefill,19,0,1416396800,0,0,1416396800
GPT-13B--KVChime-CB-2,F0,prefill,20,0,1487216640,0,0,1487216640
GPT-13B--KVChime-CB-2,F0,prefill,21,0,1558036480,0,0,1558036480
GPT-13B--KVChime-CB-2,F0,prefill,22,0,1628856320,0,0,1628856320
GPT-13B--KVChime-CB-2,F0,prefill,23,0,1699676160,0,0,1699676160
GPT-13B--KVChime-CB-2,F0,prefill,24,0,1770496000,0,0,1770496000
GPT-13B--KVChime-CB-2,F0,prefill,25,0,1841315840,0,0,1841315840
GPT-13B--KVChime-CB-2,F0,prefill,26,0,1912135680,0,0,1912135680
GPT-13B--KVChime-CB-2,F0,prefill,27,0,1982955520,0,0,1982955520
GPT-13B--KVChime-CB-2,F0,prefill,28,0,2053775360,0,0,2053775360
GPT-13B--KVChime-CB-2,F0,prefill,29,0,2124595200,0,0,2124595200
GPT-13B--KVChime-CB-2,F0,prefill,30,0,2195415040,0,0,2195415040
GPT-13B--KVChime-CB-2,F0,prefill,31,0,2266234880,0,0,2266234880
GPT-13B--KVChime-CB-2,F0,prefill,32,0,2337054720,0,0,2337054720
GPT-13B--KVChime-CB-2,F0,prefill,33,0,2407874560,0,0,2407874560
GPT-13B--KVChime-CB-2,F0,prefill,34,0,2478694400,0,0,2478694400
GPT-13B--KVChime-CB-2,F0,prefill,35,0,2549514240,0,0,2549514240
GPT-13B--KVChime-CB-2,F0,prefill,36,0,2620334080,0,0,2620334080
GPT-13B--KVChime-CB-2,F0,prefill,37,0,2691153920,0,0,2691153920
GPT-13B--KVChime-CB-2,F0,prefill,38,0,2761973760,0,0,2761973760
GPT-13B--KVChime-CB-2,F0,prefill,39,0,2832793600,0,0,2832793600
GPT-13B--KVChime-CB-2,F0,decode,all,1,2833612800,0,0,2833612800
GPT-13B--KVChime-CB-2,F0,decode,all,2,2834432000,0,0,2834432000
GPT-13B--KVChime-CB-2,F0,decode,all,3,2835251200,0,0,2835251200
GPT-13B--KVChime-CB-2,F0,decode,all,4,2836070400,0,0,2836070400
GPT-13B--KVChime-CB-2,F0,decode,all,5,2836889600,0,0,2836889600
GPT-13B--KVChime-CB-2,F0,decode,all,6,2837708800,0,0,2837708800
GPT-13B--KVChime-CB-2,F0,decode,all,7,2838528000,0,0,2838528000
GPT-13B--KVChime-CB-2,F0,decode,all,8,2839347200,0,0,2839347200
GPT-13B--KVChime-CB-2,F0,decode,all,9,2840166400,0,0,2840166400
GPT-13B--KVChime-CB-2,F1,prefill,0,0,70819840,5533696000,0,5604515840
GPT-13B--KVChime-CB-2,F1,prefill,1,0,141639680,5533696000,0,5675335680
GPT-13B--KVChime-CB-2,F1,prefill,2,0,212459520,5533696000,0,5746155520
GPT-13B--KVChime-CB-2,F1,prefill,3,0,283279360,5533696000,0,5816975360
GPT-13B--KVChime-CB-2,F1,prefill,4,0,354099200,5533696000,0,5887795200
GPT-13B--KVChime-CB-2,F1,prefill,5,0,424919040,5533696000,0,5958615040
GPT-13B--KVChime-CB-2,F1,prefill,6,0,495738880,5533696000,0,6029434880
GPT-13B--KVChime-CB-2,F1,prefill,7,0,566558720,5533696000,0,6100254720
GPT-13B--KVChime-CB-2,F1,prefill,8,0,637378560,5533696000,0,6171074560
GPT-13B--KVChime-CB-2,F1,prefill,9,0,708198400,5533696000,0,6241894400
GPT-13B--KVChime-CB-2,F1,prefill,10,0,779018240,5533696000,0,6312714240
GPT-13B--KVChime-CB-2,F1,prefill,11,0,849838080,5533696000,0,6383534080
GPT-13B--KVChime-CB-2,F1,prefill,12,0,920657920,5533696000,0,6454353920
GPT-13B--KVChime-CB-2,F1,prefill,13,0,991477760,5533696000,0,6525173760
GPT-13B--KVChime-CB-2,F1,prefill,14,0,1062297600,5533696000,0,6595993600
GPT-13B--KVChime-CB-2,F1,prefill,15,0,1133117440,5533696000,0,6666813440
GPT-13B--KVChime-CB-2,F1,prefill,16,0,1203937280,5533696000,0,6737633280
GPT-13B--KVChime-CB-2,F1,prefill,17,0,1274757120,5533696000,0,6808453120
GPT-13B--KVChime-CB-2,F1,prefill,18,0,1345576960,5533696000,0,6879272960
GPT-13B--KVChime-CB-2,F1,prefill,19,0,1416396800,5533696000,0,6950092800
GPT-13B--KVChime-CB-2,F1,prefill,20,0,1487216640,5533696000,0,7020912640
GPT-13B--KVChime-CB-2,F1,prefill,21,0,1558036480,5533696000,0,7091732480
GPT-13B--KVChime-CB-2,F1,prefill,22,0,1628856320,5533696000,0,7162552320
GPT-13B--KVChime-CB-2,F1,prefill,23,0,1699676160,5533696000,0,7233372160
GPT-13B--KVChime-CB-2,F1,prefill,24,0,1770496000,5533696000,0,7304192000
GPT-13B--KVChime-CB-2,F1,prefill,25,0,1841315840,5533696000,0,7375011840
GPT-13B--KVChime-CB-2,F1,prefill,26,0,1912135680,5533696000,0,7445831680
GPT-13B--KVChime-CB-2,F1,prefill,27,0,1982955520,5533696000,0,7516651520
GPT-13B--KVChime-CB-2,F1,prefill,28,0,2053775360,5533696000,0,7587471360
GPT-13B--KVChime-CB-2,F1,prefill,29,0,2124595200,5533696000,0,7658291200
GPT-13B--KVChime-CB-2,F1,prefill,30,0,2195415040,5533696000,0,7729111040
GPT-13B--KVChime-CB-2,F1,prefill,31,0,2266234880,5533696000,0,7799930880
GPT-13B--KVChime-CB-2,F1,prefill,32,0,2337054720,5533696000,0,7870750720
GPT-13B--KVChime-CB-2,F1,prefill,33,0,2407874560,5533696000,0,7941570560
GPT-13B--KVChime-CB-2,F1,prefill,34,0,2478694400,5533696000,0,8012390400
GPT-13B--KVChime-CB-2,F1,prefill,35,0,2549514240,5533696000,0,8083210240
GPT-13B--KVChime-CB-2,F1,prefill,36,0,2620334080,5533696000,0,8154030080
GPT-13B--KVChime-CB-2,F1,prefill,37,0,2691153920,5533696000,0,8224849920
GPT-13B--KVChime-CB-2,F1,prefill,38,0,2761973760,5533696000,0,8295669760
GPT-13B--KVChime-CB-2,F1,prefill,39,0,2832793600,5533696000,0,8366489600
GPT-13B--KVChime-CB-2,F1,decode,all,1,2833612800,5533696000,0,8367308800
GPT-13B--KVChime-CB-2,F1,decode,all,2,2834432000,5533696000,0,8368128000
GPT-13B--KVChime-CB-2,F1,decode,all,3,2835251200,5533696000,0,8368947200
GPT-13B--KVChime-CB-2,F1,decode,all,4,2836070400,5533696000,0,8369766400
GPT-13B--KVChime-CB-2,F1,decode,all,5,2836889600,5533696000,0,8370585600
GPT-13B--KVChime-CB-2,F1,decode,all,6,2837708800,5533696000,0,8371404800
GPT-13B--KVChime-CB-2,F1,decode,all,7,2838528000,5533696000,0,8372224000
GPT-13B--KVChime-CB-2,F1,decode,all,8,2839347200,5533696000,0,8373043200
GPT-13B--KVChime-CB-2,F1,decode,all,9,2840166400,5533696000,0,8373862400
GPT-13B--KVChime-CB-2,F2,prefill,0,0,70819840,5533696000,70819840,5675335680
GPT-13B--KVChime-CB-2,F2,prefill,1,0,70819840,5533696000,141639680,5746155520
GPT-13B--KVChime-CB-2,F2,prefill,2,0,70819840,5533696000,212459520,5816975360
GPT-13B--KVChime-CB-2,F2,prefill,3,0,70819840,5533696000,283279360,5887795200
GPT-13B--KVChime-CB-2,F2,prefill,4,0,70819840,5533696000,354099200,5958615040
GPT-13B--KVChime-CB-2,F2,prefill,5,0,70819840,5533696000,424919040,6029434880
GPT-13B--KVChime-CB-2,F2,prefill,6,0,70819840,5533696000,495738880,6100254720
GPT-13B--KVChime-CB-2,F2,prefill,7,0,70819840,5533696000,566558720,6171074560
GPT-13B--KVChime-CB-2,F2,prefill,8,0,70819840,5533696000,637378560,6241894400
GPT-13B--KVChime-CB-2,F2,prefill,9,0,70819840,5533696000,708198400,6312714240
GPT-13B--KVChime-CB-2,F2,prefill,10,0,70819840,5533696000,779018240,6383534080
GPT-13B--KVChime-CB-2,F2,prefill,11,0,70819840,5533696000,849838080,6454353920
GPT-13B--KVChime-CB-2,F2,prefill,12,0,70819840,5533696000,920657920,6525173760
GPT-13B--KVChime-CB-2,F2,prefill,13,0,70819840,5533696000,991477760,6595993600
GPT-13B--KVChime-CB-2,F2,prefill,14,0,70819840,5533696000,1062297600,6666813440
GPT-13B--KVChime-CB-2,F2,prefill,15,0,70819840,5533696000,1133117440,6737633280
GPT-13B--KVChime-CB-2,F2,prefill,16,0,70819840,5533696000,1203937280,6808453120
GPT-13B--KVChime-CB-2,F2,prefill,17,0,70819840,5533696000,1274757120,6879272960
GPT-13B--KVChime-CB-2,F2,prefill,18,0,70819840,5533696000,1345576960,6950092800
GPT-13B--KVChime-CB-2,F2,prefill,19,0,70819840,5533696000,1416396800,7020912640
GPT-13B--KVChime-CB-2,F2,prefill,20,0,70819840,5533696000,1487216640,7091732480
GPT-13B--KVChime-CB-2,F2,prefill,21,0,70819840,5533696000,1558036480,7162552320
GPT-13B--KVChime-CB-2,F2,prefill,22,0,70819840,5533696000,1628856320,7233372160
GPT-13B--KVChime-CB-2,F2,prefill,23,0,70819840,5533696000,1699676160,7304192000
GPT-13B--KVChime-CB-2,F2,prefill,24,0,70819840,5533696000,1770496000,7375011840
GPT-13B--KVChime-CB-2,F2,prefill,25,0,70819840,5533696000,1841315840,7445831680
GPT-13B--KVChime-CB-2,F2,prefill,26,0,70819840,5533696000,1912135680,7516651520
GPT-13B--KVChime-CB-2,F2,prefill,27,0,70819840,5533696000,1982955520,7587471360
GPT-13B--KVChime-CB-2,F2,prefill,28,0,70819840,5533696000,2053775360,7658291200
GPT-13B--KVChime-CB-2,F2,prefill,29,0,70819840,5533696000,2124595200,7729111040
GPT-13B--KVChime-CB-2,F2,prefill,30,0,70819840,5533696000,2195415040,7799930880
GPT-13B--KVChime-CB-2,F2,prefill,31,0,70819840,5533696000,2266234880,7870750720
GPT-13B--KVChime-CB-2,F2,prefill,32,0,70819840,5533696000,2337054720,7941570560
GPT-13B--KVChime-CB-2,F2,prefill,33,0,70819840,5533696000,2407874560,8012390400
GPT-13B--KVChime-CB-2,F2,prefill,34,0,70819840,5533696000,2478694400,8083210240
GPT-13B--KVChime-CB-2,F2,prefill,35,0,70819840,5533696000,2549514240,8154030080
GPT-13B--KVChime-CB-2,F2,prefill,36,0,70819840,5533696000,2620334080,8224849920
GPT-13B--KVChime-CB-2,F2,prefill,37,0,70819840,5533696000,2691153920,8295669760
GPT-13B--KVChime-CB-2,F2,prefill,38,0,70819840,5533696000,2761973760,8366489600
GPT-13B--KVChime-CB-2,F2,prefill,39,0,70819840,5533696000,2832793600,8437309440
GPT-13B--KVChime-CB-2,F2,decode,all,1,20480,5533696000,2833612800,8367329280
GPT-13B--KVChime-CB-2,F2,decode,all,2,20480,5533696000,2834432000,8368148480
GPT-13B--KVChime-CB-2,F2,decode,all,3,20480,5533696000,2835251200,8368967680
GPT-13B--KVChime-CB-2,F2,decode,all,4,20480,5533696000,2836070400,8369786880
GPT-13B--KVChime-CB-2,F2,decode,all,5,20480,5533696000,2836889600,8370606080
GPT-13B--KVChime-CB-2,F2,decode,all,6,20480,5533696000,2837708800,8371425280
GPT-13B--KVChime-CB-2,F2,decode,all,7,20480,5533696000,2838528000,8372244480
GPT-13B--KVChime-CB-2,F2,decode,all,8,20480,5533696000,2839347200,8373063680
GPT-13B--KVChime-CB-2,F2,decode,all,9,20480,5533696000,2840166400,8373882880
GPT-13B--KVChime-CB-2,F3,prefill,0,0,70819840,5533696000,70819840,5675335680
GPT-13B--KVChime-CB-2,F3,prefill,1,0,70819840,5533696000,141639680,5746155520
GPT-13B--KVChime-CB-2,F3,prefill,2,0,70819840,5533696000,154009600,5758525440
GPT-13B--KVChime-CB-2,F3,prefill,3,0,70819840,5533696000,166379520,5770895360
GPT-13B--KVChime-CB-2,F3,prefill,4,0,70819840,5533696000,178749440,5783265280
GPT-13B--KVChime-CB-2,F3,prefill,5,0,70819840,5533696000,191119360,5795635200
GPT-13B--KVChime-CB-2,F3,prefill,6,0,70819840,5533696000,203489280,5808005120
GPT-13B--KVChime-CB-2,F3,prefill,7,0,70819840,5533696000,215859200,5820375040
GPT-13B--KVChime-CB-2,F3,prefill,8,0,70819840,5533696000,228229120,5832744960
GPT-13B--KVChime-CB-2,F3,prefill,9,0,70819840,5533696000,240599040,5845114880
GPT-13B--KVChime-CB-2,F3,prefill,10,0,70819840,5533696000,252968960,5857484800
GPT-13B--KVChime-CB-2,F3,prefill,11,0,70819840,5533696000,265338880,5869854720
GPT-13B--KVChime-CB-2,F3,prefill,12,0,70819840,5533696000,277708800,5882224640
GPT-13B--KVChime-CB-2,F3,prefill,13,0,70819840,5533696000,290078720,5894594560
GPT-13B--KVChime-CB-2,F3,prefill,14,0,70819840,5533696000,302448640,5906964480
GPT-13B--KVChime-CB-2,F3,prefill,15,0,70819840,5533696000,314818560,5919334400
GPT-13B--KVChime-CB-2,F3,prefill,16,0,70819840,5533696000,327188480,5931704320
GPT-13B--KVChime-CB-2,F3,prefill,17,0,70819840,5533696000,339558400,5944074240
GPT-13B--KVChime-CB-2,F3,prefill,18,0,70819840,5533696000,351928320,5956444160
GPT-13B--KVChime-CB-2,F3,prefill,19,0,70819840,5533696000,364298240,5968814080
GPT-13B--KVChime-CB-2,F3,prefill,20,0,70819840,5533696000,376668160,5981184000
GPT-13B--KVChime-CB-2,F3,prefill,21,0,70819840,5533696000,389038080,5993553920
GPT-13B--KVChime-CB-2,F3,prefill,22,0,70819840,5533696000,401408000,6005923840
GPT-13B--KVChime-CB-2,F3,prefill,23,0,70819840,5533696000,413777920,6018293760
GPT-13B--KVChime-CB-2,F3,prefill,24,0,70819840,5533696000,426147840,6030663680
GPT-13B--KVChime-CB-2,F3,prefill,25,0,70819840,5533696000,438517760,6043033600
GPT-13B--KVChime-CB-2,F3,prefill,26,0,70819840,5533696000,450887680,6055403520
GPT-13B--KVChime-CB-2,F3,prefill,27,0,70819840,5533696000,463257600,6067773440
GPT-13B--KVChime-CB-2,F3,prefill,28,0,70819840,5533696000,475627520,6080143360
GPT-13B--KVChime-CB-2,F3,prefill,29,0,70819840,5533696000,487997440,6092513280
GPT-13B--KVChime-CB-2,F3,prefill,30,0,70819840,5533696000,500367360,6104883200
GPT-13B--KVChime-CB-2,F3,prefill,31,0,70819840,5533696000,512737280,6117253120
GPT-13B--KVChime-CB-2,F3,prefill,32,0,70819840,5533696000,525107200,6129623040
GPT-13B--KVChime-CB-2,F3,prefill,33,0,70819840,5533696000,537477120,6141992960
GPT-13B--KVChime-CB-2,F3,prefill,34,0,70819840,5533696000,549847040,6154362880
GPT-13B--KVChime-CB-2,F3,prefill,35,0,70819840,5533696000,562216960,6166732800
GPT-13B--KVChime-CB-2,F3,prefill,36,0,70819840,5533696000,574586880,6179102720
GPT-13B--KVChime-CB-2,F3,prefill,37,0,70819840,5533696000,586956800,6191472640
GPT-13B--KVChime-CB-2,F3,prefill,38,0,70819840,5533696000,599326720,6203842560
GPT-13B--KVChime-CB-2,F3,prefill,39,0,70819840,5533696000,611696640,6216212480
GPT-13B--KVChime-CB-2,F3,decode,all,1,20480,5533696000,612515840,6146232320
GPT-13B--KVChime-CB-2,F3,decode,all,2,20480,5533696000,613335040,6147051520
GPT-13B--KVChime-CB-2,F3,decode,all,3,20480,5533696000,614154240,6147870720
GPT-13B--KVChime-CB-2,F3,decode,all,4,20480,5533696000,614973440,6148689920
GPT-13B--KVChime-CB-2,F3,decode,all,5,20480,5533696000,615792640,6149509120
GPT-13B--KVChime-CB-2,F3,decode,all,6,20480,5533696000,616611840,6150328320
GPT-13B--KVChime-CB-2,F3,decode,all,7,20480,5533696000,617431040,6151147520
GPT-13B--KVChime-CB-2,F3,decode,all,8,20480,5533696000,618250240,6151966720
GPT-13B--KVChime-CB-2,F3,decode,all,9,20480,5533696000,619069440,6152785920
GPT-13B--KVChime-CB-2,F4,prefill,0,0,70819840,5533696000,70819840,5675335680
GPT-13B--KVChime-CB-2,F4,prefill,1,0,70819840,5533696000,141639680,5746155520
GPT-13B--KVChime-CB-2,F4,prefill,2,0,70819840,5533696000,154009600,5758525440
GPT-13B--KVChime-CB-2,F4,prefill,3,0,70819840,5533696000,166379520,5770895360
GPT-13B--KVChime-CB-2,F4,prefill,4,0,70819840,5533696000,178749440,5783265280
GPT-13B--KVChime-CB-2,F4,prefill,5,0,70819840,5533696000,191119360,5795635200
GPT-13B--KVChime-CB-2,F4,prefill,6,0,70819840,5533696000,203489280,5808005120
GPT-13B--KVChime-CB-2,F4,prefill,7,0,70819840,5533696000,215859200,5820375040
GPT-13B--KVChime-CB-2,F4,prefill,8,0,70819840,5533696000,228229120,5832744960
GPT-13B--KVChime-CB-2,F4,prefill,9,0,70819840,5533696000,240599040,5845114880
GPT-13B--KVChime-CB-2,F4,prefill,10,0,70819840,5533696000,252968960,5857484800
GPT-13B--KVChime-CB-2,F4,prefill,11,0,70819840,5533696000,265338880,5869854720
GPT-13B--KVChime-CB-2,F4,prefill,12,0,70819840,5533696000,277708800,5882224640
GPT-13B--KVChime-CB-2,F4,prefill,13,0,70819840,5533696000,290078720,5894594560
GPT-13B--KVChime-CB-2,F4,prefill,14,0,70819840,5533696000,302448640,5906964480
GPT-13B--KVChime-CB-2,F4,prefill,15,0,70819840,5533696000,314818560,5919334400
GPT-13B--KVChime-CB-2,F4,prefill,16,0,70819840,5533696000,327188480,5931704320
GPT-13B--KVChime-CB-2,F4,prefill,17,0,70819840,5533696000,339558400,5944074240
GPT-13B--KVChime-CB-2,F4,prefill,18,0,70819840,5533696000,351928320,5956444160
GPT-13B--KVChime-CB-2,F4,prefill,19,0,70819840,5533696000,364298240,5968814080
GPT-13B--KVChime-CB-2,F4,prefill,20,0,70819840,5533696000,376668160,5981184000
GPT-13B--KVChime-CB-2,F4,prefill,21,0,70819840,5533696000,389038080,5993553920
GPT-13B--KVChime-CB-2,F4,prefill,22,0,70819840,5533696000,401408000,6005923840
GPT-13B--KVChime-CB-2,F4,prefill,23,0,70819840,5533696000,413777920,6018293760
GPT-13B--KVChime-CB-2,F4,prefill,24,0,70819840,5533696000,426147840,6030663680
GPT-13B--KVChime-CB-2,F4,prefill,25,0,70819840,5533696000,438517760,6043033600
GPT-13B--KVChime-CB-2,F4,prefill,26,0,70819840,5533696000,450887680,6055403520
GPT-13B--KVChime-CB-2,F4,prefill,27,0,70819840,5533696000,463257600,6067773440
GPT-13B--KVChime-CB-2,F4,prefill,28,0,70819840,5533696000,475627520,6080143360
GPT-13B--KVChime-CB-2,F4,prefill,29,0,70819840,5533696000,487997440,6092513280
GPT-13B--KVChime-CB-2,F4,prefill,30,0,70819840,5533696000,500367360,6104883200
GPT-13B--KVChime-CB-2,F4,prefill,31,0,70819840,5533696000,512737280,6117253120
GPT-13B--KVChime-CB-2,F4,prefill,32,0,70819840,5533696000,525107200,6129623040
GPT-13B--KVChime-CB-2,F4,prefill,33,0,70819840,5533696000,537477120,6141992960
GPT-13B--KVChime-CB-2,F4,prefill,34,0,70819840,5533696000,549847040,6154362880
GPT-13B--KVChime-CB-2,F4,prefill,35,0,70819840,5533696000,562216960,6166732800
GPT-13B--KVChime-CB-2,F4,prefill,36,0,70819840,5533696000,574586880,6179102720
GPT-13B--KVChime-CB-2,F4,prefill,37,0,70819840,5533696000,586956800,6191472640
GPT-13B--KVChime-CB-2,F4,prefill,38,0,70819840,5533696000,599326720,6203842560
GPT-13B--KVChime-CB-2,F4,prefill,39,0,70819840,5533696000,611696640,6216212480
GPT-13B--KVChime-CB-2,F4,decode,all,1,20480,5533696000,612515840,6146232320
GPT-13B--KVChime-CB-2,F4,decode,all,2,20480,5533696000,613335040,6147051520
GPT-13B--KVChime-CB-2,F4,decode,all,3,20480,5533696000,614154240,6147870720
GPT-13B--KVChime-CB-2,F4,decode,all,4,20480,5533696000,614973440,6148689920
GPT-13B--KVChime-CB-2,F4,decode,all,5,20480,5533696000,615792640,6149509120
GPT-13B--KVChime-CB-2,F4,decode,all,6,20480,5533696000,616611840,6150328320
GPT-13B--KVChime-CB-2,F4,decode,all,7,20480,5533696000,617431040,6151147520
GPT-13B--KVChime-CB-2,F4,decode,all,8,20480,5533696000,618250240,6151966720
GPT-13B--KVChime-CB-2,F4,decode,all,9,20480,5533696000,619069440,6152785920
GPT-13B--KVChime-EPIC-long-4000,F0,prefill,0,0,82493440,0,0,82493440
GPT-13B--KVChime-EPIC-long-4000,F0,prefill,1,0,164986880,0,0,164986880
GPT-13B--KVChime-EPIC-long-4000,F0,prefill,2,0,247480320,0,0,247480320
GPT-13B--KVChime-EPIC-long-4000,F0,prefill,3,0,329973760,0,0,329973760
GPT-13B--KVChime-EPIC-long-4000,F0,prefill,4,0,412467200,0,0,412467200
GPT-13B--KVChime-EPIC-long-4000,F0,prefill,5,0,494960640,0,0,494960640
GPT-13B--KVChime-EPIC-long-4000,F0,prefill,6,0,577454080,0,0,577454080
GPT-13B--KVChime-EPIC-long-4000,F0,prefill,7,0,659947520,0,0,659947520
GPT-13B--KVChime-EPIC-long-4000,F0,prefill,8,0,742440960,0,0,742440960
GPT-13B--KVChime-EPIC-long-4000,F0,prefill,9,0,824934400,0,0,824934400
GPT-13B--KVChime-EPIC-long-4000,F0,prefill,10,0,907427840,0,0,907427840
GPT-13B--KVChime-EPIC-long-4000,F0,prefill,11,0,989921280,0,0,989921280
GPT-13B--KVChime-EPIC-long-4000,F0,prefill,12,0,1072414720,0,0,1072414720
GPT-13B--KVChime-EPIC-long-4000,F0,prefill,13,0,1154908160,0,0,1154908160
GPT-13B--KVChime-EPIC-long-4000,F0,prefill,14,0,1237401600,0,0,1237401600
GPT-13B--KVChime-EPIC-long-4000,F0,prefill,15,0,1319895040,0,0,1319895040
GPT-13B--KVChime-EPIC-long-4000,F0,prefill,16,0,1402388480,0,0,1402388480
GPT-13B--KVChime-EPIC-long-4000,F0,prefill,17,0,1484881920,0,0,1484881920
GPT-13B--KVChime-EPIC-long-4000,F0,prefill,18,0,1567375360,0,0,1567375360
GPT-13B--KVChime-EPIC-long-4000,F0,prefill,19,0,1649868800,0,0,1649868800
GPT-13B--KVChime-EPIC-long-4000,F0,prefill,20,0,1732362240,0,0,1732362240
GPT-13B--KVChime-EPIC-long-4000,F0,prefill,21,0,1814855680,0,0,1814855680
GPT-13B--KVChime-EPIC-long-4000,F0,prefill,22,0,1897349120,0,0,1897349120
GPT-13B--KVChime-EPIC-long-4000,F0,prefill,23,0,1979842560,0,0,1979842560
GPT-13B--KVChime-EPIC-long-4000,F0,prefill,24,0,2062336000,0,0,2062336000
GPT-13B--KVChime-EPIC-long-4000,F0,prefill,25,0,2144829440,0,0,2144829440
GPT-13B--KVChime-EPIC-long-4000,F0,prefill,26,0,2227322880,0,0,2227322880
GPT-13B--KVChime-EPIC-long-4000,F0,prefill,27,0,2309816320,0,0,2309816320
GPT-13B--KVChime-EPIC-long-4000,F0,prefill,28,0,2392309760,0,0,2392309760
GPT-13B--KVChime-EPIC-long-4000,F0,prefill,29,0,2474803200,0,0,2474803200
GPT-13B--KVChime-EPIC-long-4000,F0,prefill,30,0,2557296640,0,0,2557296640
GPT-13B--KVChime-EPIC-long-4000,F0,prefill,31,0,2639790080,0,0,2639790080
GPT-13B--KVChime-EPIC-long-4000,F0,prefill,32,0,2722283520,0,0,2722283520
GPT-13B--KVChime-EPIC-long-4000,F0,prefill,33,0,2804776960,0,0,2804776960
GPT-13B--KVChime-EPIC-long-4000,F0,prefill,34,0,2887270400,0,0,2887270400
GPT-13B--KVChime-EPIC-long-4000,F0,prefill,35,0,2969763840,0,0,2969763840
GPT-13B--KVChime-EPIC-long-4000,F0,prefill,36,0,3052257280,0,0,3052257280
GPT-13B--KVChime-EPIC-long-4000,F0,prefill,37,0,3134750720,0,0,3134750720
GPT-13B--KVChime-EPIC-long-4000,F0,prefill,38,0,3217244160,0,0,3217244160
GPT-13B--KVChime-EPIC-long-4000,F0,prefill,39,0,3299737600,0,0,3299737600
GPT-13B--KVChime-EPIC-long-4000,F0,decode,all,1,3300556800,0,0,3300556800
GPT-13B--KVChime-EPIC-long-4000,F0,decode,all,2,3301376000,0,0,3301376000
GPT-13B--KVChime-EPIC-long-4000,F0,decode,all,3,3302195200,0,0,3302195200
GPT-13B--KVChime-EPIC-long-4000,F0,decode,all,4,3303014400,0,0,3303014400
GPT-13B--KVChime-EPIC-long-4000,F0,decode,all,5,3303833600,0,0,3303833600
GPT-13B--KVChime-EPIC-long-4000,F0,decode,all,6,3304652800,0,0,3304652800
GPT-13B--KVChime-EPIC-long-4000,F0,decode,all,7,3305472000,0,0,3305472000
GPT-13B--KVChime-EPIC-long-4000,F0,decode,all,8,3306291200,0,0,3306291200
GPT-13B--KVChime-EPIC-long-4000,F0,decode,all,9,3307110400,0,0,3307110400
GPT-13B--KVChime-EPIC-long-4000,F0,decode,all,10,3307929600,0,0,3307929600
GPT-13B--KVChime-EPIC-long-4000,F0,decode,all,11,3308748800,0,0,3308748800
GPT-13B--KVChime-EPIC-long-4000,F0,decode,all,12,3309568000,0,0,3309568000
GPT-13B--KVChime-EPIC-long-4000,F0,decode,all,13,3310387200,0,0,3310387200
GPT-13B--KVChime-EPIC-long-4000,F0,decode,all,14,3311206400,0,0,3311206400
GPT-13B--KVChime-EPIC-long-4000,F0,decode,all,15,3312025600,0,0,3312025600
GPT-13B--KVChime-EPIC-long-4000,F1,prefill,0,0,82493440,3299737600,0,3382231040
GPT-13B--KVChime-EPIC-long-4000,F1,prefill,1,0,164986880,3299737600,0,3464724480
GPT-13B--KVChime-EPIC-long-4000,F1,prefill,2,0,247480320,3299737600,0,3547217920
GPT-13B--KVChime-EPIC-long-4000,F1,prefill,3,0,329973760,3299737600,0,3629711360
GPT-13B--KVChime-EPIC-long-4000,F1,prefill,4,0,412467200,3299737600,0,3712204800
GPT-13B--KVChime-EPIC-long-4000,F1,prefill,5,0,494960640,3299737600,0,3794698240
GPT-13B--KVChime-EPIC-long-4000,F1,prefill,6,0,577454080,3299737600,0,3877191680
GPT-13B--KVChime-EPIC-long-4000,F1,prefill,7,0,659947520,3299737600,0,3959685120
GPT-13B--KVChime-EPIC-long-4000,F1,prefill,8,0,742440960,3299737600,0,4042178560
GPT-13B--KVChime-EPIC-long-4000,F1,prefill,9,0,824934400,3299737600,0,4124672000
GPT-13B--KVChime-EPIC-long-4000,F1,prefill,10,0,907427840,3299737600,0,4207165440
GPT-13B--KVChime-EPIC-long-4000,F1,prefill,11,0,989921280,3299737600,0,4289658880
GPT-13B--KVChime-EPIC-long-4000,F1,prefill,12,0,1072414720,3299737600,0,4372152320
GPT-13B--KVChime-EPIC-long-4000,F1,prefill,13,0,1154908160,3299737600,0,4454645760
GPT-13B--KVChime-EPIC-long-4000,F1,prefill,14,0,1237401600,3299737600,0,4537139200
GPT-13B--KVChime-EPIC-long-4000,F1,prefill,15,0,1319895040,3299737600,0,4619632640
GPT-13B--KVChime-EPIC-long-4000,F1,prefill,16,0,1402388480,3299737600,0,4702126080
GPT-13B--KVChime-EPIC-long-4000,F1,prefill,17,0,1484881920,3299737600,0,4784619520
GPT-13B--KVChime-EPIC-long-4000,F1,prefill,18,0,1567375360,3299737600,0,4867112960
GPT-13B--KVChime-EPIC-long-4000,F1,prefill,19,0,1649868800,3299737600,0,4949606400
GPT-13B--KVChime-EPIC-long-4000,F1,prefill,20,0,1732362240,3299737600,0,5032099840
GPT-13B--KVChime-EPIC-long-4000,F1,prefill,21,0,1814855680,3299737600,0,5114593280
GPT-13B--KVChime-EPIC-long-4000,F1,prefill,22,0,1897349120,3299737600,0,5197086720
GPT-13B--KVChime-EPIC-long-4000,F1,prefill,23,0,1979842560,3299737600,0,5279580160
GPT-13B--KVChime-EPIC-long-4000,F1,prefill,24,0,2062336000,3299737600,0,5362073600
GPT-13B--KVChime-EPIC-long-4000,F1,prefill,25,0,2144829440,3299737600,0,5444567040
GPT-13B--KVChime-EPIC-long-4000,F1,prefill,26,0,2227322880,3299737600,0,5527060480
GPT-13B--KVChime-EPIC-long-4000,F1,prefill,27,0,2309816320,3299737600,0,5609553920
GPT-13B--KVChime-EPIC-long-4000,F1,prefill,28,0,2392309760,3299737600,0,5692047360
GPT-13B--KVChime-EPIC-long-4000,F1,prefill,29,0,2474803200,3299737600,0,5774540800
GPT-13B--KVChime-EPIC-long-4000,F1,prefill,30,0,2557296640,3299737600,0,5857034240
GPT-13B--KVChime-EPIC-long-4000,F1,prefill,31,0,2639790080,3299737600,0,5939527680
GPT-13B--KVChime-EPIC-long-4000,F1,prefill,32,0,2722283520,3299737600,0,6022021120
GPT-13B--KVChime-EPIC-long-4000,F1,prefill,33,0,2804776960,3299737600,0,6104514560
GPT-13B--KVChime-EPIC-long-4000,F1,prefill,34,0,2887270400,3299737600,0,6187008000
GPT-13B--KVChime-EPIC-long-4000,F1,prefill,35,0,2969763840,3299737600,0,6269501440
GPT-13B--KVChime-EPIC-long-4000,F1,prefill,36,0,3052257280,3299737600,0,6351994880
GPT-13B--KVChime-EPIC-long-4000,F1,prefill,37,0,3134750720,3299737600,0,6434488320
GPT-13B--KVChime-EPIC-long-4000,F1,prefill,38,0,3217244160,3299737600,0,6516981760
GPT-13B--KVChime-EPIC-long-4000,F1,prefill,39,0,3299737600,3299737600,0,6599475200
GPT-13B--KVChime-EPIC-long-4000,F1,decode,all,1,3300556800,3299737600,0,6600294400
GPT-13B--KVChime-EPIC-long-4000,F1,decode,all,2,3301376000,3299737600,0,6601113600
GPT-13B--KVChime-EPIC-long-4000,F1,decode,all,3,3302195200,3299737600,0,6601932800
GPT-13B--KVChime-EPIC-long-4000,F1,decode,all,4,3303014400,3299737600,0,6602752000
GPT-13B--KVChime-EPIC-long-4000,F1,decode,all,5,3303833600,3299737600,0,6603571200
GPT-13B--KVChime-EPIC-long-4000,F1,decode,all,6,3304652800,3299737600,0,6604390400
GPT-13B--KVChime-EPIC-long-4000,F1,decode,all,7,3305472000,3299737600,0,6605209600
GPT-13B--KVChime-EPIC-long-4000,F1,decode,all,8,3306291200,3299737600,0,6606028800
GPT-13B--KVChime-EPIC-long-4000,F1,decode,all,9,3307110400,3299737600,0,6606848000
GPT-13B--KVChime-EPIC-long-4000,F1,decode,all,10,3307929600,3299737600,0,6607667200
GPT-13B--KVChime-EPIC-long-4000,F1,decode,all,11,3308748800,3299737600,0,6608486400
GPT-13B--KVChime-EPIC-long-4000,F1,decode,all,12,3309568000,3299737600,0,6609305600
GPT-13B--KVChime-EPIC-long-4000,F1,decode,all,13,3310387200,3299737600,0,6610124800
GPT-13B--KVChime-EPIC-long-4000,F1,decode,all,14,3311206400,3299737600,0,6610944000
GPT-13B--KVChime-EPIC-long-4000,F1,decode,all,15,3312025600,3299737600,0,6611763200
GPT-13B--KVChime-EPIC-long-4000,F2,prefill,0,0,82493440,3299737600,82493440,3464724480
GPT-13B--KVChime-EPIC-long-4000,F2,prefill,1,0,82493440,3299737600,164986880,3547217920
GPT-13B--KVChime-EPIC-long-4000,F2,prefill,2,0,82493440,3299737600,247480320,3629711360
GPT-13B--KVChime-EPIC-long-4000,F2,prefill,3,0,82493440,3299737600,329973760,3712204800
GPT-13B--KVChime-EPIC-long-4000,F2,prefill,4,0,82493440,3299737600,412467200,3794698240
GPT-13B--KVChime-EPIC-long-4000,F2,prefill,5,0,82493440,3299737600,494960640,3877191680
GPT-13B--KVChime-EPIC-long-4000,F2,prefill,6,0,82493440,3299737600,577454080,3959685120
GPT-13B--KVChime-EPIC-long-4000,F2,prefill,7,0,82493440,3299737600,659947520,4042178560
GPT-13B--KVChime-EPIC-long-4000,F2,prefill,8,0,82493440,3299737600,742440960,4124672000
GPT-13B--KVChime-EPIC-long-4000,F2,prefill,9,0,82493440,3299737600,824934400,4207165440
GPT-13B--KVChime-EPIC-long-4000,F2,prefill,10,0,82493440,3299737600,907427840,4289658880
GPT-13B--KVChime-EPIC-long-4000,F2,prefill,11,0,82493440,3299737600,989921280,4372152320
GPT-13B--KVChime-EPIC-long-4000,F2,prefill,12,0,82493440,3299737600,1072414720,4454645760
GPT-13B--KVChime-EPIC-long-4000,F2,prefill,13,0,82493440,3299737600,1154908160,4537139200
GPT-13B--KVChime-EPIC-long-4000,F2,prefill,14,0,82493440,3299737600,1237401600,4619632640
GPT-13B--KVChime-EPIC-long-4000,F2,prefill,15,0,82493440,3299737600,1319895040,4702126080
GPT-13B--KVChime-EPIC-long-4000,F2,prefill,16,0,82493440,3299737600,1402388480,4784619520
GPT-13B--KVChime-EPIC-long-4000,F2,prefill,17,0,82493440,3299737600,1484881920,4867112960
GPT-13B--KVChime-EPIC-long-4000,F2,prefill,18,0,82493440,3299737600,1567375360,4949606400
GPT-13B--KVChime-EPIC-long-4000,F2,prefill,19,0,82493440,3299737600,1649868800,5032099840
GPT-13B--KVChime-EPIC-long-4000,F2,prefill,20,0,82493440,3299737600,1732362240,5114593280
GPT-13B--KVChime-EPIC-long-4000,F2,prefill,21,0,82493440,3299737600,1814855680,5197086720
GPT-13B--KVChime-EPIC-long-4000,F2,prefill,22,0,82493440,3299737600,1897349120,5279580160
GPT-13B--KVChime-EPIC-long-4000,F2,prefill,23,0,82493440,3299737600,1979842560,5362073600
GPT-13B--KVChime-EPIC-long-4000,F2,prefill,24,0,82493440,3299737600,2062336000,5444567040
GPT-13B--KVChime-EPIC-long-4000,F2,prefill,25,0,82493440,3299737600,2144829440,5527060480
GPT-13B--KVChime-EPIC-long-4000,F2,prefill,26,0,82493440,3299737600,2227322880,5609553920
GPT-13B--KVChime-EPIC-long-4000,F2,prefill,27,0,82493440,3299737600,2309816320,5692047360
GPT-13B--KVChime-EPIC-long-4000,F2,prefill,28,0,82493440,3299737600,2392309760,5774540800
GPT-13B--KVChime-EPIC-long-4000,F2,prefill,29,0,82493440,3299737600,2474803200,5857034240
GPT-13B--KVChime-EPIC-long-4000,F2,prefill,30,0,82493440,3299737600,2557296640,5939527680
GPT-13B--KVChime-EPIC-long-4000,F2,prefill,31,0,82493440,3299737600,2639790080,6022021120
GPT-13B--KVChime-EPIC-long-4000,F2,prefill,32,0,82493440,3299737600,2722283520,6104514560
GPT-13B--KVChime-EPIC-long-4000,F2,prefill,33,0,82493440,3299737600,2804776960,6187008000
GPT-13B--KVChime-EPIC-long-4000,F2,prefill,34,0,82493440,3299737600,2887270400,6269501440
GPT-13B--KVChime-EPIC-long-4000,F2,prefill,35,0,82493440,3299737600,2969763840,6351994880
GPT-13B--KVChime-EPIC-long-4000,F2,prefill,36,0,82493440,3299737600,3052257280,6434488320
GPT-13B--KVChime-EPIC-long-4000,F2,prefill,37,0,82493440,3299737600,3134750720,6516981760
GPT-13B--KVChime-EPIC-long-4000,F2,prefill,38,0,82493440,3299737600,3217244160,6599475200
GPT-13B--KVChime-EPIC-long-4000,F2,prefill,39,0,82493440,3299737600,3299737600,6681968640
GPT-13B--KVChime-EPIC-long-4000,F2,decode,all,1,20480,3299737600,3300556800,6600314880
GPT-13B--KVChime-EPIC-long-4000,F2,decode,all,2,20480,3299737600,3301376000,6601134080
GPT-13B--KVChime-EPIC-long-4000,F2,decode,all,3,20480,3299737600,3302195200,6601953280
GPT-13B--KVChime-EPIC-long-4000,F2,decode,all,4,20480,3299737600,3303014400,6602772480
GPT-13B--KVChime-EPIC-long-4000,F2,decode,all,5,20480,3299737600,3303833600,6603591680
GPT-13B--KVChime-EPIC-long-4000,F2,decode,all,6,20480,3299737600,3304652800,6604410880
GPT-13B--KVChime-EPIC-long-4000,F2,decode,all,7,20480,3299737600,3305472000,6605230080
GPT-13B--KVChime-EPIC-long-4000,F2,decode,all,8,20480,3299737600,3306291200,6606049280
GPT-13B--KVChime-EPIC-long-4000,F2,decode,all,9,20480,3299737600,3307110400,6606868480
GPT-13B--KVChime-EPIC-long-4000,F2,decode,all,10,20480,3299737600,3307929600,6607687680
GPT-13B--KVChime-EPIC-long-4000,F2,decode,all,11,20480,3299737600,3308748800,6608506880
GPT-13B--KVChime-EPIC-long-4000,F2,decode,all,12,20480,3299737600,3309568000,6609326080
GPT-13B--KVChime-EPIC-long-4000,F2,decode,all,13,20480,3299737600,3310387200,6610145280
GPT-13B--KVChime-EPIC-long-4000,F2,decode,all,14,20480,3299737600,3311206400,6610964480
GPT-13B--KVChime-EPIC-long-4000,F2,decode,all,15,20480,3299737600,3312025600,6611783680
GPT-13B--KVChime-EPIC-long-4000,F3,prefill,0,0,82493440,3299737600,2170880,3384401920
GPT-13B--KVChime-EPIC-long-4000,F3,prefill,1,0,82493440,3299737600,4341760,3386572800
GPT-13B--KVChime-EPIC-long-4000,F3,prefill,2,0,82493440,3299737600,6512640,3388743680
GPT-13B--KVChime-EPIC-long-4000,F3,prefill,3,0,82493440,3299737600,8683520,3390914560
GPT-13B--KVChime-EPIC-long-4000,F3,prefill,4,0,82493440,3299737600,10854400,3393085440
GPT-13B--KVChime-EPIC-long-4000,F3,prefill,5,0,82493440,3299737600,13025280,3395256320
GPT-13B--KVChime-EPIC-long-4000,F3,prefill,6,0,82493440,3299737600,15196160,3397427200
GPT-13B--KVChime-EPIC-long-4000,F3,prefill,7,0,82493440,3299737600,17367040,3399598080
GPT-13B--KVChime-EPIC-long-4000,F3,prefill,8,0,82493440,3299737600,19537920,3401768960
GPT-13B--KVChime-EPIC-long-4000,F3,prefill,9,0,82493440,3299737600,21708800,3403939840
GPT-13B--KVChime-EPIC-long-4000,F3,prefill,10,0,82493440,3299737600,23879680,3406110720
GPT-13B--KVChime-EPIC-long-4000,F3,prefill,11,0,82493440,3299737600,26050560,3408281600
GPT-13B--KVChime-EPIC-long-4000,F3,prefill,12,0,82493440,3299737600,28221440,3410452480
GPT-13B--KVChime-EPIC-long-4000,F3,prefill,13,0,82493440,3299737600,30392320,3412623360
GPT-13B--KVChime-EPIC-long-4000,F3,prefill,14,0,82493440,3299737600,32563200,3414794240
GPT-13B--KVChime-EPIC-long-4000,F3,prefill,15,0,82493440,3299737600,34734080,3416965120
GPT-13B--KVChime-EPIC-long-4000,F3,prefill,16,0,82493440,3299737600,36904960,3419136000
GPT-13B--KVChime-EPIC-long-4000,F3,prefill,17,0,82493440,3299737600,39075840,3421306880
GPT-13B--KVChime-EPIC-long-4000,F3,prefill,18,0,82493440,3299737600,41246720,3423477760
GPT-13B--KVChime-EPIC-long-4000,F3,prefill,19,0,82493440,3299737600,43417600,3425648640
GPT-13B--KVChime-EPIC-long-4000,F3,prefill,20,0,82493440,3299737600,45588480,3427819520
GPT-13B--KVChime-EPIC-long-4000,F3,prefill,21,0,82493440,3299737600,47759360,3429990400
GPT-13B--KVChime-EPIC-long-4000,F3,prefill,22,0,82493440,3299737600,49930240,3432161280
GPT-13B--KVChime-EPIC-long-4000,F3,prefill,23,0,82493440,3299737600,52101120,3434332160
GPT-13B--KVChime-EPIC-long-4000,F3,prefill,24,0,82493440,3299737600,54272000,3436503040
GPT-13B--KVChime-EPIC-long-4000,F3,prefill,25,0,82493440,3299737600,56442880,3438673920
GPT-13B--KVChime-EPIC-long-4000,F3,prefill,26,0,82493440,3299737600,58613760,3440844800
GPT-13B--KVChime-EPIC-long-4000,F3,prefill,27,0,82493440,3299737600,60784640,3443015680
GPT-13B--KVChime-EPIC-long-4000,F3,prefill,28,0,82493440,3299737600,62955520,3445186560
GPT-13B--KVChime-EPIC-long-4000,F3,prefill,29,0,82493440,3299737600,65126400,3447357440
GPT-13B--KVChime-EPIC-long-4000,F3,prefill,30,0,82493440,3299737600,67297280,3449528320
GPT-13B--KVChime-EPIC-long-4000,F3,prefill,31,0,82493440,3299737600,69468160,3451699200
GPT-13B--KVChime-EPIC-long-4000,F3,prefill,32,0,82493440,3299737600,71639040,3453870080
GPT-13B--KVChime-EPIC-long-4000,F3,prefill,33,0,82493440,3299737600,73809920,3456040960
GPT-13B--KVChime-EPIC-long-4000,F3,prefill,34,0,82493440,3299737600,75980800,3458211840
GPT-13B--KVChime-EPIC-long-4000,F3,prefill,35,0,82493440,3299737600,78151680,3460382720
GPT-13B--KVChime-EPIC-long-4000,F3,prefill,36,0,82493440,3299737600,80322560,3462553600
GPT-13B--KVChime-EPIC-long-4000,F3,prefill,37,0,82493440,3299737600,82493440,3464724480
GPT-13B--KVChime-EPIC-long-4000,F3,prefill,38,0,82493440,3299737600,84664320,3466895360
GPT-13B--KVChime-EPIC-long-4000,F3,prefill,39,0,82493440,3299737600,86835200,3469066240
GPT-13B--KVChime-EPIC-long-4000,F3,decode,all,1,20480,3299737600,87654400,3387412480
GPT-13B--KVChime-EPIC-long-4000,F3,decode,all,2,20480,3299737600,88473600,3388231680
GPT-13B--KVChime-EPIC-long-4000,F3,decode,all,3,20480,3299737600,89292800,3389050880
GPT-13B--KVChime-EPIC-long-4000,F3,decode,all,4,20480,3299737600,90112000,3389870080
GPT-13B--KVChime-EPIC-long-4000,F3,decode,all,5,20480,3299737600,90931200,3390689280
GPT-13B--KVChime-EPIC-long-4000,F3,decode,all,6,20480,3299737600,91750400,3391508480
GPT-13B--KVChime-EPIC-long-4000,F3,decode,all,7,20480,3299737600,92569600,3392327680
GPT-13B--KVChime-EPIC-long-4000,F3,decode,all,8,20480,3299737600,93388800,3393146880
GPT-13B--KVChime-EPIC-long-4000,F3,decode,all,9,20480,3299737600,94208000,3393966080
GPT-13B--KVChime-EPIC-long-4000,F3,decode,all,10,20480,3299737600,95027200,3394785280
GPT-13B--KVChime-EPIC-long-4000,F3,decode,all,11,20480,3299737600,95846400,3395604480
GPT-13B--KVChime-EPIC-long-4000,F3,decode,all,12,20480,3299737600,96665600,3396423680
GPT-13B--KVChime-EPIC-long-4000,F3,decode,all,13,20480,3299737600,97484800,3397242880
GPT-13B--KVChime-EPIC-long-4000,F3,decode,all,14,20480,3299737600,98304000,3398062080
GPT-13B--KVChime-EPIC-long-4000,F3,decode,all,15,20480,3299737600,99123200,3398881280
GPT-13B--KVChime-EPIC-long-4000,F4,prefill,0,0,2170880,3299737600,2170880,3304079360
GPT-13B--KVChime-EPIC-long-4000,F4,prefill,1,0,2170880,3299737600,4341760,3306250240
GPT-13B--KVChime-EPIC-long-4000,F4,prefill,2,0,2170880,3299737600,6512640,3308421120
GPT-13B--KVChime-EPIC-long-4000,F4,prefill,3,0,2170880,3299737600,8683520,3310592000
GPT-13B--KVChime-EPIC-long-4000,F4,prefill,4,0,2170880,3299737600,10854400,3312762880
GPT-13B--KVChime-EPIC-long-4000,F4,prefill,5,0,2170880,3299737600,13025280,3314933760
GPT-13B--KVChime-EPIC-long-4000,F4,prefill,6,0,2170880,3299737600,15196160,3317104640
GPT-13B--KVChime-EPIC-long-4000,F4,prefill,7,0,2170880,3299737600,17367040,3319275520
GPT-13B--KVChime-EPIC-long-4000,F4,prefill,8,0,2170880,3299737600,19537920,3321446400
GPT-13B--KVChime-EPIC-long-4000,F4,prefill,9,0,2170880,3299737600,21708800,3323617280
GPT-13B--KVChime-EPIC-long-4000,F4,prefill,10,0,2170880,3299737600,23879680,3325788160
GPT-13B--KVChime-EPIC-long-4000,F4,prefill,11,0,2170880,3299737600,26050560,3327959040
GPT-13B--KVChime-EPIC-long-4000,F4,prefill,12,0,2170880,3299737600,28221440,3330129920
GPT-13B--KVChime-EPIC-long-4000,F4,prefill,13,0,2170880,3299737600,30392320,3332300800
GPT-13B--KVChime-EPIC-long-4000,F4,prefill,14,0,2170880,3299737600,32563200,3334471680
GPT-13B--KVChime-EPIC-long-4000,F4,prefill,15,0,2170880,3299737600,34734080,3336642560
GPT-13B--KVChime-EPIC-long-4000,F4,prefill,16,0,2170880,3299737600,36904960,3338813440
GPT-13B--KVChime-EPIC-long-4000,F4,prefill,17,0,2170880,3299737600,39075840,3340984320
GPT-13B--KVChime-EPIC-long-4000,F4,prefill,18,0,2170880,3299737600,41246720,3343155200
GPT-13B--KVChime-EPIC-long-4000,F4,prefill,19,0,2170880,3299737600,43417600,3345326080
GPT-13B--KVChime-EPIC-long-4000,F4,prefill,20,0,2170880,3299737600,45588480,3347496960
GPT-13B--KVChime-EPIC-long-4000,F4,prefill,21,0,2170880,3299737600,47759360,3349667840
GPT-13B--KVChime-EPIC-long-4000,F4,prefill,22,0,2170880,3299737600,49930240,3351838720
GPT-13B--KVChime-EPIC-long-4000,F4,prefill,23,0,2170880,3299737600,52101120,3354009600
GPT-13B--KVChime-EPIC-long-4000,F4,prefill,24,0,2170880,3299737600,54272000,3356180480
GPT-13B--KVChime-EPIC-long-4000,F4,prefill,25,0,2170880,3299737600,56442880,3358351360
GPT-13B--KVChime-EPIC-long-4000,F4,prefill,26,0,2170880,3299737600,58613760,3360522240
GPT-13B--KVChime-EPIC-long-4000,F4,prefill,27,0,2170880,3299737600,60784640,3362693120
GPT-13B--KVChime-EPIC-long-4000,F4,prefill,28,0,2170880,3299737600,62955520,3364864000
GPT-13B--KVChime-EPIC-long-4000,F4,prefill,29,0,2170880,3299737600,65126400,3367034880
GPT-13B--KVChime-EPIC-long-4000,F4,prefill,30,0,2170880,3299737600,67297280,3369205760
GPT-13B--KVChime-EPIC-long-4000,F4,prefill,31,0,2170880,3299737600,69468160,3371376640
GPT-13B--KVChime-EPIC-long-4000,F4,prefill,32,0,2170880,3299737600,71639040,3373547520
GPT-13B--KVChime-EPIC-long-4000,F4,prefill,33,0,2170880,3299737600,73809920,3375718400
GPT-13B--KVChime-EPIC-long-4000,F4,prefill,34,0,2170880,3299737600,75980800,3377889280
GPT-13B--KVChime-EPIC-long-4000,F4,prefill,35,0,2170880,3299737600,78151680,3380060160
GPT-13B--KVChime-EPIC-long-4000,F4,prefill,36,0,2170880,3299737600,80322560,3382231040
GPT-13B--KVChime-EPIC-long-4000,F4,prefill,37,0,2170880,3299737600,82493440,3384401920
GPT-13B--KVChime-EPIC-long-4000,F4,prefill,38,0,2170880,3299737600,84664320,3386572800
GPT-13B--KVChime-EPIC-long-4000,F4,prefill,39,0,2170880,3299737600,86835200,3388743680
GPT-13B--KVChime-EPIC-long-4000,F4,decode,all,1,20480,3299737600,87654400,3387412480
GPT-13B--KVChime-EPIC-long-4000,F4,decode,all,2,20480,3299737600,88473600,3388231680
GPT-13B--KVChime-EPIC-long-4000,F4,decode,all,3,20480,3299737600,89292800,3389050880
GPT-13B--KVChime-EPIC-long-4000,F4,decode,all,4,20480,3299737600,90112000,3389870080
GPT-13B--KVChime-EPIC-long-4000,F4,decode,all,5,20480,3299737600,90931200,3390689280
GPT-13B--KVChime-EPIC-long-4000,F4,decode,all,6,20480,3299737600,91750400,3391508480
GPT-13B--KVChime-EPIC-long-4000,F4,decode,all,7,20480,3299737600,92569600,3392327680
GPT-13B--KVChime-EPIC-long-4000,F4,decode,all,8,20480,3299737600,93388800,3393146880
GPT-13B--KVChime-EPIC-long-4000,F4,decode,all,9,20480,3299737600,94208000,3393966080
GPT-13B--KVChime-EPIC-long-4000,F4,decode,all,10,20480,3299737600,95027200,3394785280
GPT-13B--KVChime-EPIC-long-4000,F4,decode,all,11,20480,3299737600,95846400,3395604480
GPT-13B--KVChime-EPIC-long-4000,F4,decode,all,12,20480,3299737600,96665600,3396423680
GPT-13B--KVChime-EPIC-long-4000,F4,decode,all,13,20480,3299737600,97484800,3397242880
GPT-13B--KVChime-EPIC-long-4000,F4,decode,all,14,20480,3299737600,98304000,3398062080
GPT-13B--KVChime-EPIC-long-4000,F4,decode,all,15,20480,3299737600,99123200,3398881280
GPT-13B--KVChime-EPIC-long-8000,F0,prefill,0,0,164515840,0,0,164515840
GPT-13B--KVChime-EPIC-long-8000,F0,prefill,1,0,329031680,0,0,329031680
GPT-13B--KVChime-EPIC-long-8000,F0,prefill,2,0,493547520,0,0,493547520
GPT-13B--KVChime-EPIC-long-8000,F0,prefill,3,0,658063360,0,0,658063360
GPT-13B--KVChime-EPIC-long-8000,F0,prefill,4,0,822579200,0,0,822579200
GPT-13B--KVChime-EPIC-long-8000,F0,prefill,5,0,987095040,0,0,987095040
GPT-13B--KVChime-EPIC-long-8000,F0,prefill,6,0,1151610880,0,0,1151610880
GPT-13B--KVChime-EPIC-long-8000,F0,prefill,7,0,1316126720,0,0,1316126720
GPT-13B--KVChime-EPIC-long-8000,F0,prefill,8,0,1480642560,0,0,1480642560
GPT-13B--KVChime-EPIC-long-8000,F0,prefill,9,0,1645158400,0,0,1645158400
GPT-13B--KVChime-EPIC-long-8000,F0,prefill,10,0,1809674240,0,0,1809674240
GPT-13B--KVChime-EPIC-long-8000,F0,prefill,11,0,1974190080,0,0,1974190080
GPT-13B--KVChime-EPIC-long-8000,F0,prefill,12,0,2138705920,0,0,2138705920
GPT-13B--KVChime-EPIC-long-8000,F0,prefill,13,0,2303221760,0,0,2303221760
GPT-13B--KVChime-EPIC-long-8000,F0,prefill,14,0,2467737600,0,0,2467737600
GPT-13B--KVChime-EPIC-long-8000,F0,prefill,15,0,2632253440,0,0,2632253440
GPT-13B--KVChime-EPIC-long-8000,F0,prefill,16,0,2796769280,0,0,2796769280
GPT-13B--KVChime-EPIC-long-8000,F0,prefill,17,0,2961285120,0,0,2961285120
GPT-13B--KVChime-EPIC-long-8000,F0,prefill,18,0,3125800960,0,0,3125800960
GPT-13B--KVChime-EPIC-long-8000,F0,prefill,19,0,3290316800,0,0,3290316800
GPT-13B--KVChime-EPIC-long-8000,F0,prefill,20,0,3454832640,0,0,3454832640
GPT-13B--KVChime-EPIC-long-8000,F0,prefill,21,0,3619348480,0,0,3619348480
GPT-13B--KVChime-EPIC-long-8000,F0,prefill,22,0,3783864320,0,0,3783864320
GPT-13B--KVChime-EPIC-long-8000,F0,prefill,23,0,3948380160,0,0,3948380160
GPT-13B--KVChime-EPIC-long-8000,F0,prefill,24,0,4112896000,0,0,4112896000
GPT-13B--KVChime-EPIC-long-8000,F0,prefill,25,0,4277411840,0,0,4277411840
GPT-13B--KVChime-EPIC-long-8000,F0,prefill,26,0,4441927680,0,0,4441927680
GPT-13B--KVChime-EPIC-long-8000,F0,prefill,27,0,4606443520,0,0,4606443520
GPT-13B--KVChime-EPIC-long-8000,F0,prefill,28,0,4770959360,0,0,4770959360
GPT-13B--KVChime-EPIC-long-8000,F0,prefill,29,0,4935475200,0,0,4935475200
GPT-13B--KVChime-EPIC-long-8000,F0,prefill,30,0,5099991040,0,0,5099991040
GPT-13B--KVChime-EPIC-long-8000,F0,prefill,31,0,5264506880,0,0,5264506880
GPT-13B--KVChime-EPIC-long-8000,F0,prefill,32,0,5429022720,0,0,5429022720
GPT-13B--KVChime-EPIC-long-8000,F0,prefill,33,0,5593538560,0,0,5593538560
GPT-13B--KVChime-EPIC-long-8000,F0,prefill,34,0,5758054400,0,0,5758054400
GPT-13B--KVChime-EPIC-long-8000,F0,prefill,35,0,5922570240,0,0,5922570240
GPT-13B--KVChime-EPIC-long-8000,F0,prefill,36,0,6087086080,0,0,6087086080
GPT-13B--KVChime-EPIC-long-8000,F0,prefill,37,0,6251601920,0,0,6251601920
GPT-13B--KVChime-EPIC-long-8000,F0,prefill,38,0,6416117760,0,0,6416117760
GPT-13B--KVChime-EPIC-long-8000,F0,prefill,39,0,6580633600,0,0,6580633600
GPT-13B--KVChime-EPIC-long-8000,F0,decode,all,1,6581452800,0,0,6581452800
GPT-13B--KVChime-EPIC-long-8000,F0,decode,all,2,6582272000,0,0,6582272000
GPT-13B--KVChime-EPIC-long-8000,F0,decode,all,3,6583091200,0,0,6583091200
GPT-13B--KVChime-EPIC-long-8000,F0,decode,all,4,6583910400,0,0,6583910400
GPT-13B--KVChime-EPIC-long-8000,F0,decode,all,5,6584729600,0,0,6584729600
GPT-13B--KVChime-EPIC-long-8000,F0,decode,all,6,6585548800,0,0,6585548800
GPT-13B--KVChime-EPIC-long-8000,F0,decode,all,7,6586368000,0,0,6586368000
GPT-13B--KVChime-EPIC-long-8000,F0,decode,all,8,6587187200,0,0,6587187200
GPT-13B--KVChime-EPIC-long-8000,F0,decode,all,9,6588006400,0,0,6588006400
GPT-13B--KVChime-EPIC-long-8000,F0,decode,all,10,6588825600,0,0,6588825600
GPT-13B--KVChime-EPIC-long-8000,F0,decode,all,11,6589644800,0,0,6589644800
GPT-13B--KVChime-EPIC-long-8000,F0,decode,all,12,6590464000,0,0,6590464000
GPT-13B--KVChime-EPIC-long-8000,F0,decode,all,13,6591283200,0,0,6591283200
GPT-13B--KVChime-EPIC-long-8000,F0,decode,all,14,6592102400,0,0,6592102400
GPT-13B--KVChime-EPIC-long-8000,F0,decode,all,15,6592921600,0,0,6592921600
GPT-13B--KVChime-EPIC-long-8000,F1,prefill,0,0,164515840,6580633600,0,6745149440
GPT-13B--KVChime-EPIC-long-8000,F1,prefill,1,0,329031680,6580633600,0,6909665280
GPT-13B--KVChime-EPIC-long-8000,F1,prefill,2,0,493547520,6580633600,0,7074181120
GPT-13B--KVChime-EPIC-long-8000,F1,prefill,3,0,658063360,6580633600,0,7238696960
GPT-13B--KVChime-EPIC-long-8000,F1,prefill,4,0,822579200,6580633600,0,7403212800
GPT-13B--KVChime-EPIC-long-8000,F1,prefill,5,0,987095040,6580633600,0,7567728640
GPT-13B--KVChime-EPIC-long-8000,F1,prefill,6,0,1151610880,6580633600,0,7732244480
GPT-13B--KVChime-EPIC-long-8000,F1,prefill,7,0,1316126720,6580633600,0,7896760320
GPT-13B--KVChime-EPIC-long-8000,F1,prefill,8,0,1480642560,6580633600,0,8061276160
GPT-13B--KVChime-EPIC-long-8000,F1,prefill,9,0,1645158400,6580633600,0,8225792000
GPT-13B--KVChime-EPIC-long-8000,F1,prefill,10,0,1809674240,6580633600,0,8390307840
GPT-13B--KVChime-EPIC-long-8000,F1,prefill,11,0,1974190080,6580633600,0,8554823680
GPT-13B--KVChime-EPIC-long-8000,F1,prefill,12,0,2138705920,6580633600,0,8719339520
GPT-13B--KVChime-EPIC-long-8000,F1,prefill,13,0,2303221760,6580633600,0,8883855360
GPT-13B--KVChime-EPIC-long-8000,F1,prefill,14,0,2467737600,6580633600,0,9048371200
GPT-13B--KVChime-EPIC-long-8000,F1,prefill,15,0,2632253440,6580633600,0,9212887040
GPT-13B--KVChime-EPIC-long-8000,F1,prefill,16,0,2796769280,6580633600,0,9377402880
GPT-13B--KVChime-EPIC-long-8000,F1,prefill,17,0,2961285120,6580633600,0,9541918720
GPT-13B--KVChime-EPIC-long-8000,F1,prefill,18,0,3125800960,6580633600,0,9706434560
GPT-13B--KVChime-EPIC-long-8000,F1,prefill,19,0,3290316800,6580633600,0,9870950400
GPT-13B--KVChime-EPIC-long-8000,F1,prefill,20,0,3454832640,6580633600,0,10035466240
GPT-13B--KVChime-EPIC-long-8000,F1,prefill,21,0,3619348480,6580633600,0,10199982080
GPT-13B--KVChime-EPIC-long-8000,F1,prefill,22,0,3783864320,6580633600,0,10364497920
GPT-13B--KVChime-EPIC-long-8000,F1,prefill,23,0,3948380160,6580633600,0,10529013760
GPT-13B--KVChime-EPIC-long-8000,F1,prefill,24,0,4112896000,6580633600,0,10693529600
GPT-13B--KVChime-EPIC-long-8000,F1,prefill,25,0,4277411840,6580633600,0,10858045440
GPT-13B--KVChime-EPIC-long-8000,F1,prefill,26,0,4441927680,6580633600,0,11022561280
GPT-13B--KVChime-EPIC-long-8000,F1,prefill,27,0,4606443520,6580633600,0,11187077120
GPT-13B--KVChime-EPIC-long-8000,F1,prefill,28,0,4770959360,6580633600,0,11351592960
GPT-13B--KVChime-EPIC-long-8000,F1,prefill,29,0,4935475200,6580633600,0,11516108800
GPT-13B--KVChime-EPIC-long-8000,F1,prefill,30,0,5099991040,6580633600,0,11680624640
GPT-13B--KVChime-EPIC-long-8000,F1,prefill,31,0,5264506880,6580633600,0,11845140480
GPT-13B--KVChime-EPIC-long-8000,F1,prefill,32,0,5429022720,6580633600,0,12009656320
GPT-13B--KVChime-EPIC-long-8000,F1,prefill,33,0,5593538560,6580633600,0,12174172160
GPT-13B--KVChime-EPIC-long-8000,F1,prefill,34,0,5758054400,6580633600,0,12338688000
GPT-13B--KVChime-EPIC-long-8000,F1,prefill,35,0,5922570240,6580633600,0,12503203840
GPT-13B--KVChime-EPIC-long-8000,F1,prefill,36,0,6087086080,6580633600,0,12667719680
GPT-13B--KVChime-EPIC-long-8000,F1,prefill,37,0,6251601920,6580633600,0,12832235520
GPT-13B--KVChime-EPIC-long-8000,F1,prefill,38,0,6416117760,6580633600,0,12996751360
GPT-13B--KVChime-EPIC-long-8000,F1,prefill,39,0,6580633600,6580633600,0,13161267200
GPT-13B--KVChime-EPIC-long-8000,F1,decode,all,1,6581452800,6580633600,0,13162086400
GPT-13B--KVChime-EPIC-long-8000,F1,decode,all,2,6582272000,6580633600,0,13162905600
GPT-13B--KVChime-EPIC-long-8000,F1,decode,all,3,6583091200,6580633600,0,13163724800
GPT-13B--KVChime-EPIC-long-8000,F1,decode,all,4,6583910400,6580633600,0,13164544000
GPT-13B--KVChime-EPIC-long-8000,F1,decode,all,5,6584729600,6580633600,0,13165363200
GPT-13B--KVChime-EPIC-long-8000,F1,decode,all,6,6585548800,6580633600,0,13166182400
GPT-13B--KVChime-EPIC-long-8000,F1,decode,all,7,6586368000,6580633600,0,13167001600
GPT-13B--KVChime-EPIC-long-8000,F1,decode,all,8,6587187200,6580633600,0,13167820800
GPT-13B--KVChime-EPIC-long-8000,F1,decode,all,9,6588006400,6580633600,0,13168640000
GPT-13B--KVChime-EPIC-long-8000,F1,decode,all,10,6588825600,6580633600,0,13169459200
GPT-13B--KVChime-EPIC-long-8000,F1,decode,all,11,6589644800,6580633600,0,13170278400
GPT-13B--KVChime-EPIC-long-8000,F1,decode,all,12,6590464000,6580633600,0,13171097600
GPT-13B--KVChime-EPIC-long-8000,F1,decode,all,13,6591283200,6580633600,0,13171916800
GPT-13B--KVChime-EPIC-long-8000,F1,decode,all,14,6592102400,6580633600,0,13172736000
GPT-13B--KVChime-EPIC-long-8000,F1,decode,all,15,6592921600,6580633600,0,13173555200
GPT-13B--KVChime-EPIC-long-8000,F2,prefill,0,0,164515840,6580633600,164515840,6909665280
GPT-13B--KVChime-EPIC-long-8000,F2,prefill,1,0,164515840,6580633600,329031680,7074181120
GPT-13B--KVChime-EPIC-long-8000,F2,prefill,2,0,164515840,6580633600,493547520,7238696960
GPT-13B--KVChime-EPIC-long-8000,F2,prefill,3,0,164515840,6580633600,658063360,7403212800
GPT-13B--KVChime-EPIC-long-8000,F2,prefill,4,0,164515840,6580633600,822579200,7567728640
GPT-13B--KVChime-EPIC-long-8000,F2,prefill,5,0,164515840,6580633600,987095040,7732244480
GPT-13B--KVChime-EPIC-long-8000,F2,prefill,6,0,164515840,6580633600,1151610880,7896760320
GPT-13B--KVChime-EPIC-long-8000,F2,prefill,7,0,164515840,6580633600,1316126720,8061276160
GPT-13B--KVChime-EPIC-long-8000,F2,prefill,8,0,164515840,6580633600,1480642560,8225792000
GPT-13B--KVChime-EPIC-long-8000,F2,prefill,9,0,164515840,6580633600,1645158400,8390307840
GPT-13B--KVChime-EPIC-long-8000,F2,prefill,10,0,164515840,6580633600,1809674240,8554823680
GPT-13B--KVChime-EPIC-long-8000,F2,prefill,11,0,164515840,6580633600,1974190080,8719339520
GPT-13B--KVChime-EPIC-long-8000,F2,prefill,12,0,164515840,6580633600,2138705920,8883855360
GPT-13B--KVChime-EPIC-long-8000,F2,prefill,13,0,164515840,6580633600,2303221760,9048371200
GPT-13B--KVChime-EPIC-long-8000,F2,prefill,14,0,164515840,6580633600,2467737600,9212887040
GPT-13B--KVChime-EPIC-long-8000,F2,prefill,15,0,164515840,6580633600,2632253440,9377402880
GPT-13B--KVChime-EPIC-long-8000,F2,prefill,16,0,164515840,6580633600,2796769280,9541918720
GPT-13B--KVChime-EPIC-long-8000,F2,prefill,17,0,164515840,6580633600,2961285120,9706434560
GPT-13B--KVChime-EPIC-long-8000,F2,prefill,18,0,164515840,6580633600,3125800960,9870950400
GPT-13B--KVChime-EPIC-long-8000,F2,prefill,19,0,164515840,6580633600,3290316800,10035466240
GPT-13B--KVChime-EPIC-long-8000,F2,prefill,20,0,164515840,6580633600,3454832640,10199982080
GPT-13B--KVChime-EPIC-long-8000,F2,prefill,21,0,164515840,6580633600,3619348480,10364497920
GPT-13B--KVChime-EPIC-long-8000,F2,prefill,22,0,164515840,6580633600,3783864320,10529013760
GPT-13B--KVChime-EPIC-long-8000,F2,prefill,23,0,164515840,6580633600,3948380160,10693529600
GPT-13B--KVChime-EPIC-long-8000,F2,prefill,24,0,164515840,6580633600,4112896000,10858045440
GPT-13B--KVChime-EPIC-long-8000,F2,prefill,25,0,164515840,6580633600,4277411840,11022561280
GPT-13B--KVChime-EPIC-long-8000,F2,prefill,26,0,164515840,6580633600,4441927680,11187077120
GPT-13B--KVChime-EPIC-long-8000,F2,prefill,27,0,164515840,6580633600,4606443520,11351592960
GPT-13B--KVChime-EPIC-long-8000,F2,prefill,28,0,164515840,6580633600,4770959360,11516108800
GPT-13B--KVChime-EPIC-long-8000,F2,prefill,29,0,164515840,6580633600,4935475200,11680624640
GPT-13B--KVChime-EPIC-long-8000,F2,prefill,30,0,164515840,6580633600,5099991040,11845140480
GPT-13B--KVChime-EPIC-long-8000,F2,prefill,31,0,164515840,6580633600,5264506880,12009656320
GPT-13B--KVChime-EPIC-long-8000,F2,prefill,32,0,164515840,6580633600,5429022720,12174172160
GPT-13B--KVChime-EPIC-long-8000,F2,prefill,33,0,164515840,6580633600,5593538560,12338688000
GPT-13B--KVChime-EPIC-long-8000,F2,prefill,34,0,164515840,6580633600,5758054400,12503203840
GPT-13B--KVChime-EPIC-long-8000,F2,prefill,35,0,164515840,6580633600,5922570240,12667719680
GPT-13B--KVChime-EPIC-long-8000,F2,prefill,36,0,164515840,6580633600,6087086080,12832235520
GPT-13B--KVChime-EPIC-long-8000,F2,prefill,37,0,164515840,6580633600,6251601920,12996751360
GPT-13B--KVChime-EPIC-long-8000,F2,prefill,38,0,164515840,6580633600,6416117760,13161267200
GPT-13B--KVChime-EPIC-long-8000,F2,prefill,39,0,164515840,6580633600,6580633600,13325783040
GPT-13B--KVChime-EPIC-long-8000,F2,decode,all,1,20480,6580633600,6581452800,13162106880
GPT-13B--KVChime-EPIC-long-8000,F2,decode,all,2,20480,6580633600,6582272000,13162926080
GPT-13B--KVChime-EPIC-long-8000,F2,decode,all,3,20480,6580633600,6583091200,13163745280
GPT-13B--KVChime-EPIC-long-8000,F2,decode,all,4,20480,6580633600,6583910400,13164564480
GPT-13B--KVChime-EPIC-long-8000,F2,decode,all,5,20480,6580633600,6584729600,13165383680
GPT-13B--KVChime-EPIC-long-8000,F2,decode,all,6,20480,6580633600,6585548800,13166202880
GPT-13B--KVChime-EPIC-long-8000,F2,decode,all,7,20480,6580633600,6586368000,13167022080
GPT-13B--KVChime-EPIC-long-8000,F2,decode,all,8,20480,6580633600,6587187200,13167841280
GPT-13B--KVChime-EPIC-long-8000,F2,decode,all,9,20480,6580633600,6588006400,13168660480
GPT-13B--KVChime-EPIC-long-8000,F2,decode,all,10,20480,6580633600,6588825600,13169479680
GPT-13B--KVChime-EPIC-long-8000,F2,decode,all,11,20480,6580633600,6589644800,13170298880
GPT-13B--KVChime-EPIC-long-8000,F2,decode,all,12,20480,6580633600,6590464000,13171118080
GPT-13B--KVChime-EPIC-long-8000,F2,decode,all,13,20480,6580633600,6591283200,13171937280
GPT-13B--KVChime-EPIC-long-8000,F2,decode,all,14,20480,6580633600,6592102400,13172756480
GPT-13B--KVChime-EPIC-long-8000,F2,decode,all,15,20480,6580633600,6592921600,13173575680
GPT-13B--KVChime-EPIC-long-8000,F3,prefill,0,0,164515840,6580633600,3809280,6748958720
GPT-13B--KVChime-EPIC-long-8000,F3,prefill,1,0,164515840,6580633600,7618560,6752768000
GPT-13B--KVChime-EPIC-long-8000,F3,prefill,2,0,164515840,6580633600,11427840,6756577280
GPT-13B--KVChime-EPIC-long-8000,F3,prefill,3,0,164515840,6580633600,15237120,6760386560
GPT-13B--KVChime-EPIC-long-8000,F3,prefill,4,0,164515840,6580633600,19046400,6764195840
GPT-13B--KVChime-EPIC-long-8000,F3,prefill,5,0,164515840,6580633600,22855680,6768005120
GPT-13B--KVChime-EPIC-long-8000,F3,prefill,6,0,164515840,6580633600,26664960,6771814400
GPT-13B--KVChime-EPIC-long-8000,F3,prefill,7,0,164515840,6580633600,30474240,6775623680
GPT-13B--KVChime-EPIC-long-8000,F3,prefill,8,0,164515840,6580633600,34283520,6779432960
GPT-13B--KVChime-EPIC-long-8000,F3,prefill,9,0,164515840,6580633600,38092800,6783242240
GPT-13B--KVChime-EPIC-long-8000,F3,prefill,10,0,164515840,6580633600,41902080,6787051520
GPT-13B--KVChime-EPIC-long-8000,F3,prefill,11,0,164515840,6580633600,45711360,6790860800
GPT-13B--KVChime-EPIC-long-8000,F3,prefill,12,0,164515840,6580633600,49520640,6794670080
GPT-13B--KVChime-EPIC-long-8000,F3,prefill,13,0,164515840,6580633600,53329920,6798479360
GPT-13B--KVChime-EPIC-long-8000,F3,prefill,14,0,164515840,6580633600,57139200,6802288640
GPT-13B--KVChime-EPIC-long-8000,F3,prefill,15,0,164515840,6580633600,60948480,6806097920
GPT-13B--KVChime-EPIC-long-8000,F3,prefill,16,0,164515840,6580633600,64757760,6809907200
GPT-13B--KVChime-EPIC-long-8000,F3,prefill,17,0,164515840,6580633600,68567040,6813716480
GPT-13B--KVChime-EPIC-long-8000,F3,prefill,18,0,164515840,6580633600,72376320,6817525760
GPT-13B--KVChime-EPIC-long-8000,F3,prefill,19,0,164515840,6580633600,76185600,6821335040
GPT-13B--KVChime-EPIC-long-8000,F3,prefill,20,0,164515840,6580633600,79994880,6825144320
GPT-13B--KVChime-EPIC-long-8000,F3,prefill,21,0,164515840,6580633600,83804160,6828953600
GPT-13B--KVChime-EPIC-long-8000,F3,prefill,22,0,164515840,6580633600,87613440,6832762880
GPT-13B--KVChime-EPIC-long-8000,F3,prefill,23,0,164515840,6580633600,91422720,6836572160
GPT-13B--KVChime-EPIC-long-8000,F3,prefill,24,0,164515840,6580633600,95232000,6840381440
GPT-13B--KVChime-EPIC-long-8000,F3,prefill,25,0,164515840,6580633600,99041280,6844190720
GPT-13B--KVChime-EPIC-long-8000,F3,prefill,26,0,164515840,6580633600,102850560,6848000000
GPT-13B--KVChime-EPIC-long-8000,F3,prefill,27,0,164515840,6580633600,106659840,6851809280
GPT-13B--KVChime-EPIC-long-8000,F3,prefill,28,0,164515840,6580633600,110469120,6855618560
GPT-13B--KVChime-EPIC-long-8000,F3,prefill,29,0,164515840,6580633600,114278400,6859427840
GPT-13B--KVChime-EPIC-long-8000,F3,prefill,30,0,164515840,6580633600,118087680,6863237120
GPT-13B--KVChime-EPIC-long-8000,F3,prefill,31,0,164515840,6580633600,121896960,6867046400
GPT-13B--KVChime-EPIC-long-8000,F3,prefill,32,0,164515840,6580633600,125706240,6870855680
GPT-13B--KVChime-EPIC-long-8000,F3,prefill,33,0,164515840,6580633600,129515520,6874664960
GPT-13B--KVChime-EPIC-long-8000,F3,prefill,34,0,164515840,6580633600,133324800,6878474240
GPT-13B--KVChime-EPIC-long-8000,F3,prefill,35,0,164515840,6580633600,137134080,6882283520
GPT-13B--KVChime-EPIC-long-8000,F3,prefill,36,0,164515840,6580633600,140943360,6886092800
GPT-13B--KVChime-EPIC-long-8000,F3,prefill,37,0,164515840,6580633600,144752640,6889902080
GPT-13B--KVChime-EPIC-long-8000,F3,prefill,38,0,164515840,6580633600,148561920,6893711360
GPT-13B--KVChime-EPIC-long-8000,F3,prefill,39,0,164515840,6580633600,152371200,6897520640
GPT-13B--KVChime-EPIC-long-8000,F3,decode,all,1,20480,6580633600,153190400,6733844480
GPT-13B--KVChime-EPIC-long-8000,F3,decode,all,2,20480,6580633600,154009600,6734663680
GPT-13B--KVChime-EPIC-long-8000,F3,decode,all,3,20480,6580633600,154828800,6735482880
GPT-13B--KVChime-EPIC-long-8000,F3,decode,all,4,20480,6580633600,155648000,6736302080
GPT-13B--KVChime-EPIC-long-8000,F3,decode,all,5,20480,6580633600,156467200,6737121280
GPT-13B--KVChime-EPIC-long-8000,F3,decode,all,6,20480,6580633600,157286400,6737940480
GPT-13B--KVChime-EPIC-long-8000,F3,decode,all,7,20480,6580633600,158105600,6738759680
GPT-13B--KVChime-EPIC-long-8000,F3,decode,all,8,20480,6580633600,158924800,6739578880
GPT-13B--KVChime-EPIC-long-8000,F3,decode,all,9,20480,6580633600,159744000,6740398080
GPT-13B--KVChime-EPIC-long-8000,F3,decode,all,10,20480,6580633600,160563200,6741217280
GPT-13B--KVChime-EPIC-long-8000,F3,decode,all,11,20480,6580633600,161382400,6742036480
GPT-13B--KVChime-EPIC-long-8000,F3,decode,all,12,20480,6580633600,162201600,6742855680
GPT-13B--KVChime-EPIC-long-8000,F3,decode,all,13,20480,6580633600,163020800,6743674880
GPT-13B--KVChime-EPIC-long-8000,F3,decode,all,14,20480,6580633600,163840000,6744494080
GPT-13B--KVChime-EPIC-long-8000,F3,decode,all,15,20480,6580633600,164659200,6745313280
GPT-13B--KVChime-EPIC-long-8000,F4,prefill,0,0,3809280,6580633600,3809280,6588252160
GPT-13B--KVChime-EPIC-long-8000,F4,prefill,1,0,3809280,6580633600,7618560,6592061440
GPT-13B--KVChime-EPIC-long-8000,F4,prefill,2,0,3809280,6580633600,11427840,6595870720
GPT-13B--KVChime-EPIC-long-8000,F4,prefill,3,0,3809280,6580633600,15237120,6599680000
GPT-13B--KVChime-EPIC-long-8000,F4,prefill,4,0,3809280,6580633600,19046400,6603489280
GPT-13B--KVChime-EPIC-long-8000,F4,prefill,5,0,3809280,6580633600,22855680,6607298560
GPT-13B--KVChime-EPIC-long-8000,F4,prefill,6,0,3809280,6580633600,26664960,6611107840
GPT-13B--KVChime-EPIC-long-8000,F4,prefill,7,0,3809280,6580633600,30474240,6614917120
GPT-13B--KVChime-EPIC-long-8000,F4,prefill,8,0,3809280,6580633600,34283520,6618726400
GPT-13B--KVChime-EPIC-long-8000,F4,prefill,9,0,3809280,6580633600,38092800,6622535680
GPT-13B--KVChime-EPIC-long-8000,F4,prefill,10,0,3809280,6580633600,41902080,6626344960
GPT-13B--KVChime-EPIC-long-8000,F4,prefill,11,0,3809280,6580633600,45711360,6630154240
GPT-13B--KVChime-EPIC-long-8000,F4,prefill,12,0,3809280,6580633600,49520640,6633963520
GPT-13B--KVChime-EPIC-long-8000,F4,prefill,13,0,3809280,6580633600,53329920,6637772800
GPT-13B--KVChime-EPIC-long-8000,F4,prefill,14,0,3809280,6580633600,57139200,6641582080
GPT-13B--KVChime-EPIC-long-8000,F4,prefill,15,0,3809280,6580633600,60948480,6645391360
GPT-13B--KVChime-EPIC-long-8000,F4,prefill,16,0,3809280,6580633600,64757760,6649200640
GPT-13B--KVChime-EPIC-long-8000,F4,prefill,17,0,3809280,6580633600,68567040,6653009920
GPT-13B--KVChime-EPIC-long-8000,F4,prefill,18,0,3809280,6580633600,72376320,6656819200
GPT-13B--KVChime-EPIC-long-8000,F4,prefill,19,0,3809280,6580633600,76185600,6660628480
GPT-13B--KVChime-EPIC-long-8000,F4,prefill,20,0,3809280,6580633600,79994880,6664437760
GPT-13B--KVChime-EPIC-long-8000,F4,prefill,21,0,3809280,6580633600,83804160,6668247040
GPT-13B--KVChime-EPIC-long-8000,F4,prefill,22,0,3809280,6580633600,87613440,6672056320
GPT-13B--KVChime-EPIC-long-8000,F4,prefill,23,0,3809280,6580633600,91422720,6675865600
GPT-13B--KVChime-EPIC-long-8000,F4,prefill,24,0,3809280,6580633600,95232000,6679674880
GPT-13B--KVChime-EPIC-long-8000,F4,prefill,25,0,3809280,6580633600,99041280,6683484160
GPT-13B--KVChime-EPIC-long-8000,F4,prefill,26,0,3809280,6580633600,102850560,6687293440
GPT-13B--KVChime-EPIC-long-8000,F4,prefill,27,0,3809280,6580633600,106659840,6691102720
GPT-13B--KVChime-EPIC-long-8000,F4,prefill,28,0,3809280,6580633600,110469120,6694912000
GPT-13B--KVChime-EPIC-long-8000,F4,prefill,29,0,3809280,6580633600,114278400,6698721280
GPT-13B--KVChime-EPIC-long-8000,F4,prefill,30,0,3809280,6580633600,118087680,6702530560
GPT-13B--KVChime-EPIC-long-8000,F4,prefill,31,0,3809280,6580633600,121896960,6706339840
GPT-13B--KVChime-EPIC-long-8000,F4,prefill,32,0,3809280,6580633600,125706240,6710149120
GPT-13B--KVChime-EPIC-long-8000,F4,prefill,33,0,3809280,6580633600,129515520,6713958400
GPT-13B--KVChime-EPIC-long-8000,F4,prefill,34,0,3809280,6580633600,133324800,6717767680
GPT-13B--KVChime-EPIC-long-8000,F4,prefill,35,0,3809280,6580633600,137134080,6721576960
GPT-13B--KVChime-EPIC-long-8000,F4,prefill,36,0,3809280,6580633600,140943360,6725386240
GPT-13B--KVChime-EPIC-long-8000,F4,prefill,37,0,3809280,6580633600,144752640,6729195520
GPT-13B--KVChime-EPIC-long-8000,F4,prefill,38,0,3809280,6580633600,148561920,6733004800
GPT-13B--KVChime-EPIC-long-8000,F4,prefill,39,0,3809280,6580633600,152371200,6736814080
GPT-13B--KVChime-EPIC-long-8000,F4,decode,all,1,20480,6580633600,153190400,6733844480
GPT-13B--KVChime-EPIC-long-8000,F4,decode,all,2,20480,6580633600,154009600,6734663680
GPT-13B--KVChime-EPIC-long-8000,F4,decode,all,3,20480,6580633600,154828800,6735482880
GPT-13B--KVChime-EPIC-long-8000,F4,decode,all,4,20480,6580633600,155648000,6736302080
GPT-13B--KVChime-EPIC-long-8000,F4,decode,all,5,20480,6580633600,156467200,6737121280
GPT-13B--KVChime-EPIC-long-8000,F4,decode,all,6,20480,6580633600,157286400,6737940480
GPT-13B--KVChime-EPIC-long-8000,F4,decode,all,7,20480,6580633600,158105600,6738759680
GPT-13B--KVChime-EPIC-long-8000,F4,decode,all,8,20480,6580633600,158924800,6739578880
GPT-13B--KVChime-EPIC-long-8000,F4,decode,all,9,20480,6580633600,159744000,6740398080
GPT-13B--KVChime-EPIC-long-8000,F4,decode,all,10,20480,6580633600,160563200,6741217280
GPT-13B--KVChime-EPIC-long-8000,F4,decode,all,11,20480,6580633600,161382400,6742036480
GPT-13B--KVChime-EPIC-long-8000,F4,decode,all,12,20480,6580633600,162201600,6742855680
GPT-13B--KVChime-EPIC-long-8000,F4,decode,all,13,20480,6580633600,163020800,6743674880
GPT-13B--KVChime-EPIC-long-8000,F4,decode,all,14,20480,6580633600,163840000,6744494080
GPT-13B--KVChime-EPIC-long-8000,F4,decode,all,15,20480,6580633600,164659200,6745313280
GPT-13B--KVChime-EPIC-long-16000,F0,prefill,0,0,328601600,0,0,328601600
GPT-13B--KVChime-EPIC-long-16000,F0,prefill,1,0,657203200,0,0,657203200
GPT-13B--KVChime-EPIC-long-16000,F0,prefill,2,0,985804800,0,0,985804800
GPT-13B--KVChime-EPIC-long-16000,F0,prefill,3,0,1314406400,0,0,1314406400
GPT-13B--KVChime-EPIC-long-16000,F0,prefill,4,0,1643008000,0,0,1643008000
GPT-13B--KVChime-EPIC-long-16000,F0,prefill,5,0,1971609600,0,0,1971609600
GPT-13B--KVChime-EPIC-long-16000,F0,prefill,6,0,2300211200,0,0,2300211200
GPT-13B--KVChime-EPIC-long-16000,F0,prefill,7,0,2628812800,0,0,2628812800
GPT-13B--KVChime-EPIC-long-16000,F0,prefill,8,0,2957414400,0,0,2957414400
GPT-13B--KVChime-EPIC-long-16000,F0,prefill,9,0,3286016000,0,0,3286016000
GPT-13B--KVChime-EPIC-long-16000,F0,prefill,10,0,3614617600,0,0,3614617600
GPT-13B--KVChime-EPIC-long-16000,F0,prefill,11,0,3943219200,0,0,3943219200
GPT-13B--KVChime-EPIC-long-16000,F0,prefill,12,0,4271820800,0,0,4271820800
GPT-13B--KVChime-EPIC-long-16000,F0,prefill,13,0,4600422400,0,0,4600422400
GPT-13B--KVChime-EPIC-long-16000,F0,prefill,14,0,4929024000,0,0,4929024000
GPT-13B--KVChime-EPIC-long-16000,F0,prefill,15,0,5257625600,0,0,5257625600
GPT-13B--KVChime-EPIC-long-16000,F0,prefill,16,0,5586227200,0,0,5586227200
GPT-13B--KVChime-EPIC-long-16000,F0,prefill,17,0,5914828800,0,0,5914828800
GPT-13B--KVChime-EPIC-long-16000,F0,prefill,18,0,6243430400,0,0,6243430400
GPT-13B--KVChime-EPIC-long-16000,F0,prefill,19,0,6572032000,0,0,6572032000
GPT-13B--KVChime-EPIC-long-16000,F0,prefill,20,0,6900633600,0,0,6900633600
GPT-13B--KVChime-EPIC-long-16000,F0,prefill,21,0,7229235200,0,0,7229235200
GPT-13B--KVChime-EPIC-long-16000,F0,prefill,22,0,7557836800,0,0,7557836800
GPT-13B--KVChime-EPIC-long-16000,F0,prefill,23,0,7886438400,0,0,7886438400
GPT-13B--KVChime-EPIC-long-16000,F0,prefill,24,0,8215040000,0,0,8215040000
GPT-13B--KVChime-EPIC-long-16000,F0,prefill,25,0,8543641600,0,0,8543641600
GPT-13B--KVChime-EPIC-long-16000,F0,prefill,26,0,8872243200,0,0,8872243200
GPT-13B--KVChime-EPIC-long-16000,F0,prefill,27,0,9200844800,0,0,9200844800
GPT-13B--KVChime-EPIC-long-16000,F0,prefill,28,0,9529446400,0,0,9529446400
GPT-13B--KVChime-EPIC-long-16000,F0,prefill,29,0,9858048000,0,0,9858048000
GPT-13B--KVChime-EPIC-long-16000,F0,prefill,30,0,10186649600,0,0,10186649600
GPT-13B--KVChime-EPIC-long-16000,F0,prefill,31,0,10515251200,0,0,10515251200
GPT-13B--KVChime-EPIC-long-16000,F0,prefill,32,0,10843852800,0,0,10843852800
GPT-13B--KVChime-EPIC-long-16000,F0,prefill,33,0,11172454400,0,0,11172454400
GPT-13B--KVChime-EPIC-long-16000,F0,prefill,34,0,11501056000,0,0,11501056000
GPT-13B--KVChime-EPIC-long-16000,F0,prefill,35,0,11829657600,0,0,11829657600
GPT-13B--KVChime-EPIC-long-16000,F0,prefill,36,0,12158259200,0,0,12158259200
GPT-13B--KVChime-EPIC-long-16000,F0,prefill,37,0,12486860800,0,0,12486860800
GPT-13B--KVChime-EPIC-long-16000,F0,prefill,38,0,12815462400,0,0,12815462400
GPT-13B--KVChime-EPIC-long-16000,F0,prefill,39,0,13144064000,0,0,13144064000
GPT-13B--KVChime-EPIC-long-16000,F0,decode,all,1,13144883200,0,0,13144883200
GPT-13B--KVChime-EPIC-long-16000,F0,decode,all,2,13145702400,0,0,13145702400
GPT-13B--KVChime-EPIC-long-16000,F0,decode,all,3,13146521600,0,0,13146521600
GPT-13B--KVChime-EPIC-long-16000,F0,decode,all,4,13147340800,0,0,13147340800
GPT-13B--KVChime-EPIC-long-16000,F0,decode,all,5,13148160000,0,0,13148160000
GPT-13B--KVChime-EPIC-long-16000,F0,decode,all,6,13148979200,0,0,13148979200
GPT-13B--KVChime-EPIC-long-16000,F0,decode,all,7,13149798400,0,0,13149798400
GPT-13B--KVChime-EPIC-long-16000,F0,decode,all,8,13150617600,0,0,13150617600
GPT-13B--KVChime-EPIC-long-16000,F0,decode,all,9,13151436800,0,0,13151436800
GPT-13B--KVChime-EPIC-long-16000,F0,decode,all,10,13152256000,0,0,13152256000
GPT-13B--KVChime-EPIC-long-16000,F0,decode,all,11,13153075200,0,0,13153075200
GPT-13B--KVChime-EPIC-long-16000,F0,decode,all,12,13153894400,0,0,13153894400
GPT-13B--KVChime-EPIC-long-16000,F0,decode,all,13,13154713600,0,0,13154713600
GPT-13B--KVChime-EPIC-long-16000,F0,decode,all,14,13155532800,0,0,13155532800
GPT-13B--KVChime-EPIC-long-16000,F0,decode,all,15,13156352000,0,0,13156352000
GPT-13B--KVChime-EPIC-long-16000,F1,prefill,0,0,328601600,13144064000,0,13472665600
GPT-13B--KVChime-EPIC-long-16000,F1,prefill,1,0,657203200,13144064000,0,13801267200
GPT-13B--KVChime-EPIC-long-16000,F1,prefill,2,0,985804800,13144064000,0,14129868800
GPT-13B--KVChime-EPIC-long-16000,F1,prefill,3,0,1314406400,13144064000,0,14458470400
GPT-13B--KVChime-EPIC-long-16000,F1,prefill,4,0,1643008000,13144064000,0,14787072000
GPT-13B--KVChime-EPIC-long-16000,F1,prefill,5,0,1971609600,13144064000,0,15115673600
GPT-13B--KVChime-EPIC-long-16000,F1,prefill,6,0,2300211200,13144064000,0,15444275200
GPT-13B--KVChime-EPIC-long-16000,F1,prefill,7,0,2628812800,13144064000,0,15772876800
GPT-13B--KVChime-EPIC-long-16000,F1,prefill,8,0,2957414400,13144064000,0,16101478400
GPT-13B--KVChime-EPIC-long-16000,F1,prefill,9,0,3286016000,13144064000,0,16430080000
GPT-13B--KVChime-EPIC-long-16000,F1,prefill,10,0,3614617600,13144064000,0,16758681600
GPT-13B--KVChime-EPIC-long-16000,F1,prefill,11,0,3943219200,13144064000,0,17087283200
GPT-13B--KVChime-EPIC-long-16000,F1,prefill,12,0,4271820800,13144064000,0,17415884800
GPT-13B--KVChime-EPIC-long-16000,F1,prefill,13,0,4600422400,13144064000,0,17744486400
GPT-13B--KVChime-EPIC-long-16000,F1,prefill,14,0,4929024000,13144064000,0,18073088000
GPT-13B--KVChime-EPIC-long-16000,F1,prefill,15,0,5257625600,13144064000,0,18401689600
GPT-13B--KVChime-EPIC-long-16000,F1,prefill,16,0,5586227200,13144064000,0,18730291200
GPT-13B--KVChime-EPIC-long-16000,F1,prefill,17,0,5914828800,13144064000,0,19058892800
GPT-13B--KVChime-EPIC-long-16000,F1,prefill,18,0,6243430400,13144064000,0,19387494400
GPT-13B--KVChime-EPIC-long-16000,F1,prefill,19,0,6572032000,13144064000,0,19716096000
GPT-13B--KVChime-EPIC-long-16000,F1,prefill,20,0,6900633600,13144064000,0,20044697600
GPT-13B--KVChime-EPIC-long-16000,F1,prefill,21,0,7229235200,13144064000,0,20373299200
GPT-13B--KVChime-EPIC-long-16000,F1,prefill,22,0,7557836800,13144064000,0,20701900800
GPT-13B--KVChime-EPIC-long-16000,F1,prefill,23,0,7886438400,13144064000,0,21030502400
GPT-13B--KVChime-EPIC-long-16000,F1,prefill,24,0,8215040000,13144064000,0,21359104000
GPT-13B--KVChime-EPIC-long-16000,F1,prefill,25,0,8543641600,13144064000,0,21687705600
GPT-13B--KVChime-EPIC-long-16000,F1,prefill,26,0,8872243200,13144064000,0,22016307200
GPT-13B--KVChime-EPIC-long-16000,F1,prefill,27,0,9200844800,13144064000,0,22344908800
GPT-13B--KVChime-EPIC-long-16000,F1,prefill,28,0,9529446400,13144064000,0,22673510400
GPT-13B--KVChime-EPIC-long-16000,F1,prefill,29,0,9858048000,13144064000,0,23002112000
GPT-13B--KVChime-EPIC-long-16000,F1,prefill,30,0,10186649600,13144064000,0,23330713600
GPT-13B--KVChime-EPIC-long-16000,F1,prefill,31,0,10515251200,13144064000,0,23659315200
GPT-13B--KVChime-EPIC-long-16000,F1,prefill,32,0,10843852800,13144064000,0,23987916800
GPT-13B--KVChime-EPIC-long-16000,F1,prefill,33,0,11172454400,13144064000,0,24316518400
GPT-13B--KVChime-EPIC-long-16000,F1,prefill,34,0,11501056000,13144064000,0,24645120000
GPT-13B--KVChime-EPIC-long-16000,F1,prefill,35,0,11829657600,13144064000,0,24973721600
GPT-13B--KVChime-EPIC-long-16000,F1,prefill,36,0,12158259200,13144064000,0,25302323200
GPT-13B--KVChime-EPIC-long-16000,F1,prefill,37,0,12486860800,13144064000,0,25630924800
GPT-13B--KVChime-EPIC-long-16000,F1,prefill,38,0,12815462400,13144064000,0,25959526400
GPT-13B--KVChime-EPIC-long-16000,F1,prefill,39,0,13144064000,13144064000,0,26288128000
GPT-13B--KVChime-EPIC-long-16000,F1,decode,all,1,13144883200,13144064000,0,26288947200
GPT-13B--KVChime-EPIC-long-16000,F1,decode,all,2,13145702400,13144064000,0,26289766400
GPT-13B--KVChime-EPIC-long-16000,F1,decode,all,3,13146521600,13144064000,0,26290585600
GPT-13B--KVChime-EPIC-long-16000,F1,decode,all,4,13147340800,13144064000,0,26291404800
GPT-13B--KVChime-EPIC-long-16000,F1,decode,all,5,13148160000,13144064000,0,26292224000
GPT-13B--KVChime-EPIC-long-16000,F1,decode,all,6,13148979200,13144064000,0,26293043200
GPT-13B--KVChime-EPIC-long-16000,F1,decode,all,7,13149798400,13144064000,0,26293862400
GPT-13B--KVChime-EPIC-long-16000,F1,decode,all,8,13150617600,13144064000,0,26294681600
GPT-13B--KVChime-EPIC-long-16000,F1,decode,all,9,13151436800,13144064000,0,26295500800
GPT-13B--KVChime-EPIC-long-16000,F1,decode,all,10,13152256000,13144064000,0,26296320000
GPT-13B--KVChime-EPIC-long-16000,F1,decode,all,11,13153075200,13144064000,0,26297139200
GPT-13B--KVChime-EPIC-long-16000,F1,decode,all,12,13153894400,13144064000,0,26297958400
GPT-13B--KVChime-EPIC-long-16000,F1,decode,all,13,13154713600,13144064000,0,26298777600
GPT-13B--KVChime-EPIC-long-16000,F1,decode,all,14,13155532800,13144064000,0,26299596800
GPT-13B--KVChime-EPIC-long-16000,F1,decode,all,15,13156352000,13144064000,0,26300416000
GPT-13B--KVChime-EPIC-long-16000,F2,prefill,0,0,328601600,13144064000,328601600,13801267200
GPT-13B--KVChime-EPIC-long-16000,F2,prefill,1,0,328601600,13144064000,657203200,14129868800
GPT-13B--KVChime-EPIC-long-16000,F2,prefill,2,0,328601600,13144064000,985804800,14458470400
GPT-13B--KVChime-EPIC-long-16000,F2,prefill,3,0,328601600,13144064000,1314406400,14787072000
GPT-13B--KVChime-EPIC-long-16000,F2,prefill,4,0,328601600,13144064000,1643008000,15115673600
GPT-13B--KVChime-EPIC-long-16000,F2,prefill,5,0,328601600,13144064000,1971609600,15444275200
GPT-13B--KVChime-EPIC-long-16000,F2,prefill,6,0,328601600,13144064000,2300211200,15772876800
GPT-13B--KVChime-EPIC-long-16000,F2,prefill,7,0,328601600,13144064000,2628812800,16101478400
GPT-13B--KVChime-EPIC-long-16000,F2,prefill,8,0,328601600,13144064000,2957414400,16430080000
GPT-13B--KVChime-EPIC-long-16000,F2,prefill,9,0,328601600,13144064000,3286016000,16758681600
GPT-13B--KVChime-EPIC-long-16000,F2,prefill,10,0,328601600,13144064000,3614617600,17087283200
GPT-13B--KVChime-EPIC-long-16000,F2,prefill,11,0,328601600,13144064000,3943219200,17415884800
GPT-13B--KVChime-EPIC-long-16000,F2,prefill,12,0,328601600,13144064000,4271820800,17744486400
GPT-13B--KVChime-EPIC-long-16000,F2,prefill,13,0,328601600,13144064000,4600422400,18073088000
GPT-13B--KVChime-EPIC-long-16000,F2,prefill,14,0,328601600,13144064000,4929024000,18401689600
GPT-13B--KVChime-EPIC-long-16000,F2,prefill,15,0,328601600,13144064000,5257625600,18730291200
GPT-13B--KVChime-EPIC-long-16000,F2,prefill,16,0,328601600,13144064000,5586227200,19058892800
GPT-13B--KVChime-EPIC-long-16000,F2,prefill,17,0,328601600,13144064000,5914828800,19387494400
GPT-13B--KVChime-EPIC-long-16000,F2,prefill,18,0,328601600,13144064000,6243430400,19716096000
GPT-13B--KVChime-EPIC-long-16000,F2,prefill,19,0,328601600,13144064000,6572032000,20044697600
GPT-13B--KVChime-EPIC-long-16000,F2,prefill,20,0,328601600,13144064000,6900633600,20373299200
GPT-13B--KVChime-EPIC-long-16000,F2,prefill,21,0,328601600,13144064000,7229235200,20701900800
GPT-13B--KVChime-EPIC-long-16000,F2,prefill,22,0,328601600,13144064000,7557836800,21030502400
GPT-13B--KVChime-EPIC-long-16000,F2,prefill,23,0,328601600,13144064000,7886438400,21359104000
GPT-13B--KVChime-EPIC-long-16000,F2,prefill,24,0,328601600,13144064000,8215040000,21687705600
GPT-13B--KVChime-EPIC-long-16000,F2,prefill,25,0,328601600,13144064000,8543641600,22016307200
GPT-13B--KVChime-EPIC-long-16000,F2,prefill,26,0,328601600,13144064000,8872243200,22344908800
GPT-13B--KVChime-EPIC-long-16000,F2,prefill,27,0,328601600,13144064000,9200844800,22673510400
GPT-13B--KVChime-EPIC-long-16000,F2,prefill,28,0,328601600,13144064000,9529446400,23002112000
GPT-13B--KVChime-EPIC-long-16000,F2,prefill,29,0,328601600,13144064000,9858048000,23330713600
GPT-13B--KVChime-EPIC-long-16000,F2,prefill,30,0,328601600,13144064000,10186649600,23659315200
GPT-13B--KVChime-EPIC-long-16000,F2,prefill,31,0,328601600,13144064000,10515251200,23987916800
GPT-13B--KVChime-EPIC-long-16000,F2,prefill,32,0,328601600,13144064000,10843852800,24316518400
GPT-13B--KVChime-EPIC-long-16000,F2,prefill,33,0,328601600,13144064000,11172454400,24645120000
GPT-13B--KVChime-EPIC-long-16000,F2,prefill,34,0,328601600,13144064000,11501056000,24973721600
GPT-13B--KVChime-EPIC-long-16000,F2,prefill,35,0,328601600,13144064000,11829657600,25302323200
GPT-13B--KVChime-EPIC-long-16000,F2,prefill,36,0,328601600,13144064000,12158259200,25630924800
GPT-13B--KVChime-EPIC-long-16000,F2,prefill,37,0,328601600,13144064000,12486860800,25959526400
GPT-13B--KVChime-EPIC-long-16000,F2,prefill,38,0,328601600,13144064000,12815462400,26288128000
GPT-13B--KVChime-EPIC-long-16000,F2,prefill,39,0,328601600,13144064000,13144064000,26616729600
GPT-13B--KVChime-EPIC-long-16000,F2,decode,all,1,20480,13144064000,13144883200,26288967680
GPT-13B--KVChime-EPIC-long-16000,F2,decode,all,2,20480,13144064000,13145702400,26289786880
GPT-13B--KVChime-EPIC-long-16000,F2,decode,all,3,20480,13144064000,13146521600,26290606080
GPT-13B--KVChime-EPIC-long-16000,F2,decode,all,4,20480,13144064000,13147340800,26291425280
GPT-13B--KVChime-EPIC-long-16000,F2,decode,all,5,20480,13144064000,13148160000,26292244480
GPT-13B--KVChime-EPIC-long-16000,F2,decode,all,6,20480,13144064000,13148979200,26293063680
GPT-13B--KVChime-EPIC-long-16000,F2,decode,all,7,20480,13144064000,13149798400,26293882880
GPT-13B--KVChime-EPIC-long-16000,F2,decode,all,8,20480,13144064000,13150617600,26294702080
GPT-13B--KVChime-EPIC-long-16000,F2,decode,all,9,20480,13144064000,13151436800,26295521280
GPT-13B--KVChime-EPIC-long-16000,F2,decode,all,10,20480,13144064000,13152256000,26296340480
GPT-13B--KVChime-EPIC-long-16000,F2,decode,all,11,20480,13144064000,13153075200,26297159680
GPT-13B--KVChime-EPIC-long-16000,F2,decode,all,12,20480,13144064000,13153894400,26297978880
GPT-13B--KVChime-EPIC-long-16000,F2,decode,all,13,20480,13144064000,13154713600,26298798080
GPT-13B--KVChime-EPIC-long-16000,F2,decode,all,14,20480,13144064000,13155532800,26299617280
GPT-13B--KVChime-EPIC-long-16000,F2,decode,all,15,20480,13144064000,13156352000,26300436480
GPT-13B--KVChime-EPIC-long-16000,F3,prefill,0,0,328601600,13144064000,7086080,13479751680
GPT-13B--KVChime-EPIC-long-16000,F3,prefill,1,0,328601600,13144064000,14172160,13486837760
GPT-13B--KVChime-EPIC-long-16000,F3,prefill,2,0,328601600,13144064000,21258240,13493923840
GPT-13B--KVChime-EPIC-long-16000,F3,prefill,3,0,328601600,13144064000,28344320,13501009920
GPT-13B--KVChime-EPIC-long-16000,F3,prefill,4,0,328601600,13144064000,35430400,13508096000
GPT-13B--KVChime-EPIC-long-16000,F3,prefill,5,0,328601600,13144064000,42516480,13515182080
GPT-13B--KVChime-EPIC-long-16000,F3,prefill,6,0,328601600,13144064000,49602560,13522268160
GPT-13B--KVChime-EPIC-long-16000,F3,prefill,7,0,328601600,13144064000,56688640,13529354240
GPT-13B--KVChime-EPIC-long-16000,F3,prefill,8,0,328601600,13144064000,63774720,13536440320
GPT-13B--KVChime-EPIC-long-16000,F3,prefill,9,0,328601600,13144064000,70860800,13543526400
GPT-13B--KVChime-EPIC-long-16000,F3,prefill,10,0,328601600,13144064000,77946880,13550612480
GPT-13B--KVChime-EPIC-long-16000,F3,prefill,11,0,328601600,13144064000,85032960,13557698560
GPT-13B--KVChime-EPIC-long-16000,F3,prefill,12,0,328601600,13144064000,92119040,13564784640
GPT-13B--KVChime-EPIC-long-16000,F3,prefill,13,0,328601600,13144064000,99205120,13571870720
GPT-13B--KVChime-EPIC-long-16000,F3,prefill,14,0,328601600,13144064000,106291200,13578956800
GPT-13B--KVChime-EPIC-long-16000,F3,prefill,15,0,328601600,13144064000,113377280,13586042880
GPT-13B--KVChime-EPIC-long-16000,F3,prefill,16,0,328601600,13144064000,120463360,13593128960
GPT-13B--KVChime-EPIC-long-16000,F3,prefill,17,0,328601600,13144064000,127549440,13600215040
GPT-13B--KVChime-EPIC-long-16000,F3,prefill,18,0,328601600,13144064000,134635520,13607301120
GPT-13B--KVChime-EPIC-long-16000,F3,prefill,19,0,328601600,13144064000,141721600,13614387200
GPT-13B--KVChime-EPIC-long-16000,F3,prefill,20,0,328601600,13144064000,148807680,13621473280
GPT-13B--KVChime-EPIC-long-16000,F3,prefill,21,0,328601600,13144064000,155893760,13628559360
GPT-13B--KVChime-EPIC-long-16000,F3,prefill,22,0,328601600,13144064000,162979840,13635645440
GPT-13B--KVChime-EPIC-long-16000,F3,prefill,23,0,328601600,13144064000,170065920,13642731520
GPT-13B--KVChime-EPIC-long-16000,F3,prefill,24,0,328601600,13144064000,177152000,13649817600
GPT-13B--KVChime-EPIC-long-16000,F3,prefill,25,0,328601600,13144064000,184238080,13656903680
GPT-13B--KVChime-EPIC-long-16000,F3,prefill,26,0,328601600,13144064000,191324160,13663989760
GPT-13B--KVChime-EPIC-long-16000,F3,prefill,27,0,328601600,13144064000,198410240,13671075840
GPT-13B--KVChime-EPIC-long-16000,F3,prefill,28,0,328601600,13144064000,205496320,13678161920
GPT-13B--KVChime-EPIC-long-16000,F3,prefill,29,0,328601600,13144064000,212582400,13685248000
GPT-13B--KVChime-EPIC-long-16000,F3,prefill,30,0,328601600,13144064000,219668480,13692334080
GPT-13B--KVChime-EPIC-long-16000,F3,prefill,31,0,328601600,13144064000,226754560,13699420160
GPT-13B--KVChime-EPIC-long-16000,F3,prefill,32,0,328601600,13144064000,233840640,13706506240
GPT-13B--KVChime-EPIC-long-16000,F3,prefill,33,0,328601600,13144064000,240926720,13713592320
GPT-13B--KVChime-EPIC-long-16000,F3,prefill,34,0,328601600,13144064000,248012800,13720678400
GPT-13B--KVChime-EPIC-long-16000,F3,prefill,35,0,328601600,13144064000,255098880,13727764480
GPT-13B--KVChime-EPIC-long-16000,F3,prefill,36,0,328601600,13144064000,262184960,13734850560
GPT-13B--KVChime-EPIC-long-16000,F3,prefill,37,0,328601600,13144064000,269271040,13741936640
GPT-13B--KVChime-EPIC-long-16000,F3,prefill,38,0,328601600,13144064000,276357120,13749022720
GPT-13B--KVChime-EPIC-long-16000,F3,prefill,39,0,328601600,13144064000,283443200,13756108800
GPT-13B--KVChime-EPIC-long-16000,F3,decode,all,1,20480,13144064000,284262400,13428346880
GPT-13B--KVChime-EPIC-long-16000,F3,decode,all,2,20480,13144064000,285081600,13429166080
GPT-13B--KVChime-EPIC-long-16000,F3,decode,all,3,20480,13144064000,285900800,13429985280
GPT-13B--KVChime-EPIC-long-16000,F3,decode,all,4,20480,13144064000,286720000,13430804480
GPT-13B--KVChime-EPIC-long-16000,F3,decode,all,5,20480,13144064000,287539200,13431623680
GPT-13B--KVChime-EPIC-long-16000,F3,decode,all,6,20480,13144064000,288358400,13432442880
GPT-13B--KVChime-EPIC-long-16000,F3,decode,all,7,20480,13144064000,289177600,13433262080
GPT-13B--KVChime-EPIC-long-16000,F3,decode,all,8,20480,13144064000,289996800,13434081280
GPT-13B--KVChime-EPIC-long-16000,F3,decode,all,9,20480,13144064000,290816000,13434900480
GPT-13B--KVChime-EPIC-long-16000,F3,decode,all,10,20480,13144064000,291635200,13435719680
GPT-13B--KVChime-EPIC-long-16000,F3,decode,all,11,20480,13144064000,292454400,13436538880
GPT-13B--KVChime-EPIC-long-16000,F3,decode,all,12,20480,13144064000,293273600,13437358080
GPT-13B--KVChime-EPIC-long-16000,F3,decode,all,13,20480,13144064000,294092800,13438177280
GPT-13B--KVChime-EPIC-long-16000,F3,decode,all,14,20480,13144064000,294912000,13438996480
GPT-13B--KVChime-EPIC-long-16000,F3,decode,all,15,20480,13144064000,295731200,13439815680
GPT-13B--KVChime-EPIC-long-16000,F4,prefill,0,0,7086080,13144064000,7086080,13158236160
GPT-13B--KVChime-EPIC-long-16000,F4,prefill,1,0,7086080,13144064000,14172160,13165322240
GPT-13B--KVChime-EPIC-long-16000,F4,prefill,2,0,7086080,13144064000,21258240,13172408320
GPT-13B--KVChime-EPIC-long-16000,F4,prefill,3,0,7086080,13144064000,28344320,13179494400
GPT-13B--KVChime-EPIC-long-16000,F4,prefill,4,0,7086080,13144064000,35430400,13186580480
GPT-13B--KVChime-EPIC-long-16000,F4,prefill,5,0,7086080,13144064000,42516480,13193666560
GPT-13B--KVChime-EPIC-long-16000,F4,prefill,6,0,7086080,13144064000,49602560,13200752640
GPT-13B--KVChime-EPIC-long-16000,F4,prefill,7,0,7086080,13144064000,56688640,13207838720
GPT-13B--KVChime-EPIC-long-16000,F4,prefill,8,0,7086080,13144064000,63774720,13214924800
GPT-13B--KVChime-EPIC-long-16000,F4,prefill,9,0,7086080,13144064000,70860800,13222010880
GPT-13B--KVChime-EPIC-long-16000,F4,prefill,10,0,7086080,13144064000,77946880,13229096960
GPT-13B--KVChime-EPIC-long-16000,F4,prefill,11,0,7086080,13144064000,85032960,13236183040
GPT-13B--KVChime-EPIC-long-16000,F4,prefill,12,0,7086080,13144064000,92119040,13243269120
GPT-13B--KVChime-EPIC-long-16000,F4,prefill,13,0,7086080,13144064000,99205120,13250355200
GPT-13B--KVChime-EPIC-long-16000,F4,prefill,14,0,7086080,13144064000,106291200,13257441280
GPT-13B--KVChime-EPIC-long-16000,F4,prefill,15,0,7086080,13144064000,113377280,13264527360
GPT-13B--KVChime-EPIC-long-16000,F4,prefill,16,0,7086080,13144064000,120463360,13271613440
GPT-13B--KVChime-EPIC-long-16000,F4,prefill,17,0,7086080,13144064000,127549440,13278699520
GPT-13B--KVChime-EPIC-long-16000,F4,prefill,18,0,7086080,13144064000,134635520,13285785600
GPT-13B--KVChime-EPIC-long-16000,F4,prefill,19,0,7086080,13144064000,141721600,13292871680
GPT-13B--KVChime-EPIC-long-16000,F4,prefill,20,0,7086080,13144064000,148807680,13299957760
GPT-13B--KVChime-EPIC-long-16000,F4,prefill,21,0,7086080,13144064000,155893760,13307043840
GPT-13B--KVChime-EPIC-long-16000,F4,prefill,22,0,7086080,13144064000,162979840,13314129920
GPT-13B--KVChime-EPIC-long-16000,F4,prefill,23,0,7086080,13144064000,170065920,13321216000
GPT-13B--KVChime-EPIC-long-16000,F4,prefill,24,0,7086080,13144064000,177152000,13328302080
GPT-13B--KVChime-EPIC-long-16000,F4,prefill,25,0,7086080,13144064000,184238080,13335388160
GPT-13B--KVChime-EPIC-long-16000,F4,prefill,26,0,7086080,13144064000,191324160,13342474240
GPT-13B--KVChime-EPIC-long-16000,F4,prefill,27,0,7086080,13144064000,198410240,13349560320
GPT-13B--KVChime-EPIC-long-16000,F4,prefill,28,0,7086080,13144064000,205496320,13356646400
GPT-13B--KVChime-EPIC-long-16000,F4,prefill,29,0,7086080,13144064000,212582400,13363732480
GPT-13B--KVChime-EPIC-long-16000,F4,prefill,30,0,7086080,13144064000,219668480,13370818560
GPT-13B--KVChime-EPIC-long-16000,F4,prefill,31,0,7086080,13144064000,226754560,13377904640
GPT-13B--KVChime-EPIC-long-16000,F4,prefill,32,0,7086080,13144064000,233840640,13384990720
GPT-13B--KVChime-EPIC-long-16000,F4,prefill,33,0,7086080,13144064000,240926720,13392076800
GPT-13B--KVChime-EPIC-long-16000,F4,prefill,34,0,7086080,13144064000,248012800,13399162880
GPT-13B--KVChime-EPIC-long-16000,F4,prefill,35,0,7086080,13144064000,255098880,13406248960
GPT-13B--KVChime-EPIC-long-16000,F4,prefill,36,0,7086080,13144064000,262184960,13413335040
GPT-13B--KVChime-EPIC-long-16000,F4,prefill,37,0,7086080,13144064000,269271040,13420421120
GPT-13B--KVChime-EPIC-long-16000,F4,prefill,38,0,7086080,13144064000,276357120,13427507200
GPT-13B--KVChime-EPIC-long-16000,F4,prefill,39,0,7086080,13144064000,283443200,13434593280
GPT-13B--KVChime-EPIC-long-16000,F4,decode,all,1,20480,13144064000,284262400,13428346880
GPT-13B--KVChime-EPIC-long-16000,F4,decode,all,2,20480,13144064000,285081600,13429166080
GPT-13B--KVChime-EPIC-long-16000,F4,decode,all,3,20480,13144064000,285900800,13429985280
GPT-13B--KVChime-EPIC-long-16000,F4,decode,all,4,20480,13144064000,286720000,13430804480
GPT-13B--KVChime-EPIC-long-16000,F4,decode,all,5,20480,13144064000,287539200,13431623680
GPT-13B--KVChime-EPIC-long-16000,F4,decode,all,6,20480,13144064000,288358400,13432442880
GPT-13B--KVChime-EPIC-long-16000,F4,decode,all,7,20480,13144064000,289177600,13433262080
GPT-13B--KVChime-EPIC-long-16000,F4,decode,all,8,20480,13144064000,289996800,13434081280
GPT-13B--KVChime-EPIC-long-16000,F4,decode,all,9,20480,13144064000,290816000,13434900480
GPT-13B--KVChime-EPIC-long-16000,F4,decode,all,10,20480,13144064000,291635200,13435719680
GPT-13B--KVChime-EPIC-long-16000,F4,decode,all,11,20480,13144064000,292454400,13436538880
GPT-13B--KVChime-EPIC-long-16000,F4,decode,all,12,20480,13144064000,293273600,13437358080
GPT-13B--KVChime-EPIC-long-16000,F4,decode,all,13,20480,13144064000,294092800,13438177280
GPT-13B--KVChime-EPIC-long-16000,F4,decode,all,14,20480,13144064000,294912000,13438996480
GPT-13B--KVChime-EPIC-long-16000,F4,decode,all,15,20480,13144064000,295731200,13439815680
GPT-13B--KVChime-EPIC-shared-readers-B1,F0,prefill,0,0,164556800,0,0,164556800
GPT-13B--KVChime-EPIC-shared-readers-B1,F0,prefill,1,0,329113600,0,0,329113600
GPT-13B--KVChime-EPIC-shared-readers-B1,F0,prefill,2,0,493670400,0,0,493670400
GPT-13B--KVChime-EPIC-shared-readers-B1,F0,prefill,3,0,658227200,0,0,658227200
GPT-13B--KVChime-EPIC-shared-readers-B1,F0,prefill,4,0,822784000,0,0,822784000
GPT-13B--KVChime-EPIC-shared-readers-B1,F0,prefill,5,0,987340800,0,0,987340800
GPT-13B--KVChime-EPIC-shared-readers-B1,F0,prefill,6,0,1151897600,0,0,1151897600
GPT-13B--KVChime-EPIC-shared-readers-B1,F0,prefill,7,0,1316454400,0,0,1316454400
GPT-13B--KVChime-EPIC-shared-readers-B1,F0,prefill,8,0,1481011200,0,0,1481011200
GPT-13B--KVChime-EPIC-shared-readers-B1,F0,prefill,9,0,1645568000,0,0,1645568000
GPT-13B--KVChime-EPIC-shared-readers-B1,F0,prefill,10,0,1810124800,0,0,1810124800
GPT-13B--KVChime-EPIC-shared-readers-B1,F0,prefill,11,0,1974681600,0,0,1974681600
GPT-13B--KVChime-EPIC-shared-readers-B1,F0,prefill,12,0,2139238400,0,0,2139238400
GPT-13B--KVChime-EPIC-shared-readers-B1,F0,prefill,13,0,2303795200,0,0,2303795200
GPT-13B--KVChime-EPIC-shared-readers-B1,F0,prefill,14,0,2468352000,0,0,2468352000
GPT-13B--KVChime-EPIC-shared-readers-B1,F0,prefill,15,0,2632908800,0,0,2632908800
GPT-13B--KVChime-EPIC-shared-readers-B1,F0,prefill,16,0,2797465600,0,0,2797465600
GPT-13B--KVChime-EPIC-shared-readers-B1,F0,prefill,17,0,2962022400,0,0,2962022400
GPT-13B--KVChime-EPIC-shared-readers-B1,F0,prefill,18,0,3126579200,0,0,3126579200
GPT-13B--KVChime-EPIC-shared-readers-B1,F0,prefill,19,0,3291136000,0,0,3291136000
GPT-13B--KVChime-EPIC-shared-readers-B1,F0,prefill,20,0,3455692800,0,0,3455692800
GPT-13B--KVChime-EPIC-shared-readers-B1,F0,prefill,21,0,3620249600,0,0,3620249600
GPT-13B--KVChime-EPIC-shared-readers-B1,F0,prefill,22,0,3784806400,0,0,3784806400
GPT-13B--KVChime-EPIC-shared-readers-B1,F0,prefill,23,0,3949363200,0,0,3949363200
GPT-13B--KVChime-EPIC-shared-readers-B1,F0,prefill,24,0,4113920000,0,0,4113920000
GPT-13B--KVChime-EPIC-shared-readers-B1,F0,prefill,25,0,4278476800,0,0,4278476800
GPT-13B--KVChime-EPIC-shared-readers-B1,F0,prefill,26,0,4443033600,0,0,4443033600
GPT-13B--KVChime-EPIC-shared-readers-B1,F0,prefill,27,0,4607590400,0,0,4607590400
GPT-13B--KVChime-EPIC-shared-readers-B1,F0,prefill,28,0,4772147200,0,0,4772147200
GPT-13B--KVChime-EPIC-shared-readers-B1,F0,prefill,29,0,4936704000,0,0,4936704000
GPT-13B--KVChime-EPIC-shared-readers-B1,F0,prefill,30,0,5101260800,0,0,5101260800
GPT-13B--KVChime-EPIC-shared-readers-B1,F0,prefill,31,0,5265817600,0,0,5265817600
GPT-13B--KVChime-EPIC-shared-readers-B1,F0,prefill,32,0,5430374400,0,0,5430374400
GPT-13B--KVChime-EPIC-shared-readers-B1,F0,prefill,33,0,5594931200,0,0,5594931200
GPT-13B--KVChime-EPIC-shared-readers-B1,F0,prefill,34,0,5759488000,0,0,5759488000
GPT-13B--KVChime-EPIC-shared-readers-B1,F0,prefill,35,0,5924044800,0,0,5924044800
GPT-13B--KVChime-EPIC-shared-readers-B1,F0,prefill,36,0,6088601600,0,0,6088601600
GPT-13B--KVChime-EPIC-shared-readers-B1,F0,prefill,37,0,6253158400,0,0,6253158400
GPT-13B--KVChime-EPIC-shared-readers-B1,F0,prefill,38,0,6417715200,0,0,6417715200
GPT-13B--KVChime-EPIC-shared-readers-B1,F0,prefill,39,0,6582272000,0,0,6582272000
GPT-13B--KVChime-EPIC-shared-readers-B1,F0,decode,all,1,6583091200,0,0,6583091200
GPT-13B--KVChime-EPIC-shared-readers-B1,F0,decode,all,2,6583910400,0,0,6583910400
GPT-13B--KVChime-EPIC-shared-readers-B1,F0,decode,all,3,6584729600,0,0,6584729600
GPT-13B--KVChime-EPIC-shared-readers-B1,F0,decode,all,4,6585548800,0,0,6585548800
GPT-13B--KVChime-EPIC-shared-readers-B1,F0,decode,all,5,6586368000,0,0,6586368000
GPT-13B--KVChime-EPIC-shared-readers-B1,F0,decode,all,6,6587187200,0,0,6587187200
GPT-13B--KVChime-EPIC-shared-readers-B1,F0,decode,all,7,6588006400,0,0,6588006400
GPT-13B--KVChime-EPIC-shared-readers-B1,F0,decode,all,8,6588825600,0,0,6588825600
GPT-13B--KVChime-EPIC-shared-readers-B1,F0,decode,all,9,6589644800,0,0,6589644800
GPT-13B--KVChime-EPIC-shared-readers-B1,F0,decode,all,10,6590464000,0,0,6590464000
GPT-13B--KVChime-EPIC-shared-readers-B1,F0,decode,all,11,6591283200,0,0,6591283200
GPT-13B--KVChime-EPIC-shared-readers-B1,F0,decode,all,12,6592102400,0,0,6592102400
GPT-13B--KVChime-EPIC-shared-readers-B1,F0,decode,all,13,6592921600,0,0,6592921600
GPT-13B--KVChime-EPIC-shared-readers-B1,F0,decode,all,14,6593740800,0,0,6593740800
GPT-13B--KVChime-EPIC-shared-readers-B1,F0,decode,all,15,6594560000,0,0,6594560000
GPT-13B--KVChime-EPIC-shared-readers-B1,F1,prefill,0,0,164556800,6582272000,0,6746828800
GPT-13B--KVChime-EPIC-shared-readers-B1,F1,prefill,1,0,329113600,6582272000,0,6911385600
GPT-13B--KVChime-EPIC-shared-readers-B1,F1,prefill,2,0,493670400,6582272000,0,7075942400
GPT-13B--KVChime-EPIC-shared-readers-B1,F1,prefill,3,0,658227200,6582272000,0,7240499200
GPT-13B--KVChime-EPIC-shared-readers-B1,F1,prefill,4,0,822784000,6582272000,0,7405056000
GPT-13B--KVChime-EPIC-shared-readers-B1,F1,prefill,5,0,987340800,6582272000,0,7569612800
GPT-13B--KVChime-EPIC-shared-readers-B1,F1,prefill,6,0,1151897600,6582272000,0,7734169600
GPT-13B--KVChime-EPIC-shared-readers-B1,F1,prefill,7,0,1316454400,6582272000,0,7898726400
GPT-13B--KVChime-EPIC-shared-readers-B1,F1,prefill,8,0,1481011200,6582272000,0,8063283200
GPT-13B--KVChime-EPIC-shared-readers-B1,F1,prefill,9,0,1645568000,6582272000,0,8227840000
GPT-13B--KVChime-EPIC-shared-readers-B1,F1,prefill,10,0,1810124800,6582272000,0,8392396800
GPT-13B--KVChime-EPIC-shared-readers-B1,F1,prefill,11,0,1974681600,6582272000,0,8556953600
GPT-13B--KVChime-EPIC-shared-readers-B1,F1,prefill,12,0,2139238400,6582272000,0,8721510400
GPT-13B--KVChime-EPIC-shared-readers-B1,F1,prefill,13,0,2303795200,6582272000,0,8886067200
GPT-13B--KVChime-EPIC-shared-readers-B1,F1,prefill,14,0,2468352000,6582272000,0,9050624000
GPT-13B--KVChime-EPIC-shared-readers-B1,F1,prefill,15,0,2632908800,6582272000,0,9215180800
GPT-13B--KVChime-EPIC-shared-readers-B1,F1,prefill,16,0,2797465600,6582272000,0,9379737600
GPT-13B--KVChime-EPIC-shared-readers-B1,F1,prefill,17,0,2962022400,6582272000,0,9544294400
GPT-13B--KVChime-EPIC-shared-readers-B1,F1,prefill,18,0,3126579200,6582272000,0,9708851200
GPT-13B--KVChime-EPIC-shared-readers-B1,F1,prefill,19,0,3291136000,6582272000,0,9873408000
GPT-13B--KVChime-EPIC-shared-readers-B1,F1,prefill,20,0,3455692800,6582272000,0,10037964800
GPT-13B--KVChime-EPIC-shared-readers-B1,F1,prefill,21,0,3620249600,6582272000,0,10202521600
GPT-13B--KVChime-EPIC-shared-readers-B1,F1,prefill,22,0,3784806400,6582272000,0,10367078400
GPT-13B--KVChime-EPIC-shared-readers-B1,F1,prefill,23,0,3949363200,6582272000,0,10531635200
GPT-13B--KVChime-EPIC-shared-readers-B1,F1,prefill,24,0,4113920000,6582272000,0,10696192000
GPT-13B--KVChime-EPIC-shared-readers-B1,F1,prefill,25,0,4278476800,6582272000,0,10860748800
GPT-13B--KVChime-EPIC-shared-readers-B1,F1,prefill,26,0,4443033600,6582272000,0,11025305600
GPT-13B--KVChime-EPIC-shared-readers-B1,F1,prefill,27,0,4607590400,6582272000,0,11189862400
GPT-13B--KVChime-EPIC-shared-readers-B1,F1,prefill,28,0,4772147200,6582272000,0,11354419200
GPT-13B--KVChime-EPIC-shared-readers-B1,F1,prefill,29,0,4936704000,6582272000,0,11518976000
GPT-13B--KVChime-EPIC-shared-readers-B1,F1,prefill,30,0,5101260800,6582272000,0,11683532800
GPT-13B--KVChime-EPIC-shared-readers-B1,F1,prefill,31,0,5265817600,6582272000,0,11848089600
GPT-13B--KVChime-EPIC-shared-readers-B1,F1,prefill,32,0,5430374400,6582272000,0,12012646400
GPT-13B--KVChime-EPIC-shared-readers-B1,F1,prefill,33,0,5594931200,6582272000,0,12177203200
GPT-13B--KVChime-EPIC-shared-readers-B1,F1,prefill,34,0,5759488000,6582272000,0,12341760000
GPT-13B--KVChime-EPIC-shared-readers-B1,F1,prefill,35,0,5924044800,6582272000,0,12506316800
GPT-13B--KVChime-EPIC-shared-readers-B1,F1,prefill,36,0,6088601600,6582272000,0,12670873600
GPT-13B--KVChime-EPIC-shared-readers-B1,F1,prefill,37,0,6253158400,6582272000,0,12835430400
GPT-13B--KVChime-EPIC-shared-readers-B1,F1,prefill,38,0,6417715200,6582272000,0,12999987200
GPT-13B--KVChime-EPIC-shared-readers-B1,F1,prefill,39,0,6582272000,6582272000,0,13164544000
GPT-13B--KVChime-EPIC-shared-readers-B1,F1,decode,all,1,6583091200,6582272000,0,13165363200
GPT-13B--KVChime-EPIC-shared-readers-B1,F1,decode,all,2,6583910400,6582272000,0,13166182400
GPT-13B--KVChime-EPIC-shared-readers-B1,F1,decode,all,3,6584729600,6582272000,0,13167001600
GPT-13B--KVChime-EPIC-shared-readers-B1,F1,decode,all,4,6585548800,6582272000,0,13167820800
GPT-13B--KVChime-EPIC-shared-readers-B1,F1,decode,all,5,6586368000,6582272000,0,13168640000
GPT-13B--KVChime-EPIC-shared-readers-B1,F1,decode,all,6,6587187200,6582272000,0,13169459200
GPT-13B--KVChime-EPIC-shared-readers-B1,F1,decode,all,7,6588006400,6582272000,0,13170278400
GPT-13B--KVChime-EPIC-shared-readers-B1,F1,decode,all,8,6588825600,6582272000,0,13171097600
GPT-13B--KVChime-EPIC-shared-readers-B1,F1,decode,all,9,6589644800,6582272000,0,13171916800
GPT-13B--KVChime-EPIC-shared-readers-B1,F1,decode,all,10,6590464000,6582272000,0,13172736000
GPT-13B--KVChime-EPIC-shared-readers-B1,F1,decode,all,11,6591283200,6582272000,0,13173555200
GPT-13B--KVChime-EPIC-shared-readers-B1,F1,decode,all,12,6592102400,6582272000,0,13174374400
GPT-13B--KVChime-EPIC-shared-readers-B1,F1,decode,all,13,6592921600,6582272000,0,13175193600
GPT-13B--KVChime-EPIC-shared-readers-B1,F1,decode,all,14,6593740800,6582272000,0,13176012800
GPT-13B--KVChime-EPIC-shared-readers-B1,F1,decode,all,15,6594560000,6582272000,0,13176832000
GPT-13B--KVChime-EPIC-shared-readers-B1,F2,prefill,0,0,164556800,6582272000,164556800,6911385600
GPT-13B--KVChime-EPIC-shared-readers-B1,F2,prefill,1,0,164556800,6582272000,329113600,7075942400
GPT-13B--KVChime-EPIC-shared-readers-B1,F2,prefill,2,0,164556800,6582272000,493670400,7240499200
GPT-13B--KVChime-EPIC-shared-readers-B1,F2,prefill,3,0,164556800,6582272000,658227200,7405056000
GPT-13B--KVChime-EPIC-shared-readers-B1,F2,prefill,4,0,164556800,6582272000,822784000,7569612800
GPT-13B--KVChime-EPIC-shared-readers-B1,F2,prefill,5,0,164556800,6582272000,987340800,7734169600
GPT-13B--KVChime-EPIC-shared-readers-B1,F2,prefill,6,0,164556800,6582272000,1151897600,7898726400
GPT-13B--KVChime-EPIC-shared-readers-B1,F2,prefill,7,0,164556800,6582272000,1316454400,8063283200
GPT-13B--KVChime-EPIC-shared-readers-B1,F2,prefill,8,0,164556800,6582272000,1481011200,8227840000
GPT-13B--KVChime-EPIC-shared-readers-B1,F2,prefill,9,0,164556800,6582272000,1645568000,8392396800
GPT-13B--KVChime-EPIC-shared-readers-B1,F2,prefill,10,0,164556800,6582272000,1810124800,8556953600
GPT-13B--KVChime-EPIC-shared-readers-B1,F2,prefill,11,0,164556800,6582272000,1974681600,8721510400
GPT-13B--KVChime-EPIC-shared-readers-B1,F2,prefill,12,0,164556800,6582272000,2139238400,8886067200
GPT-13B--KVChime-EPIC-shared-readers-B1,F2,prefill,13,0,164556800,6582272000,2303795200,9050624000
GPT-13B--KVChime-EPIC-shared-readers-B1,F2,prefill,14,0,164556800,6582272000,2468352000,9215180800
GPT-13B--KVChime-EPIC-shared-readers-B1,F2,prefill,15,0,164556800,6582272000,2632908800,9379737600
GPT-13B--KVChime-EPIC-shared-readers-B1,F2,prefill,16,0,164556800,6582272000,2797465600,9544294400
GPT-13B--KVChime-EPIC-shared-readers-B1,F2,prefill,17,0,164556800,6582272000,2962022400,9708851200
GPT-13B--KVChime-EPIC-shared-readers-B1,F2,prefill,18,0,164556800,6582272000,3126579200,9873408000
GPT-13B--KVChime-EPIC-shared-readers-B1,F2,prefill,19,0,164556800,6582272000,3291136000,10037964800
GPT-13B--KVChime-EPIC-shared-readers-B1,F2,prefill,20,0,164556800,6582272000,3455692800,10202521600
GPT-13B--KVChime-EPIC-shared-readers-B1,F2,prefill,21,0,164556800,6582272000,3620249600,10367078400
GPT-13B--KVChime-EPIC-shared-readers-B1,F2,prefill,22,0,164556800,6582272000,3784806400,10531635200
GPT-13B--KVChime-EPIC-shared-readers-B1,F2,prefill,23,0,164556800,6582272000,3949363200,10696192000
GPT-13B--KVChime-EPIC-shared-readers-B1,F2,prefill,24,0,164556800,6582272000,4113920000,10860748800
GPT-13B--KVChime-EPIC-shared-readers-B1,F2,prefill,25,0,164556800,6582272000,4278476800,11025305600
GPT-13B--KVChime-EPIC-shared-readers-B1,F2,prefill,26,0,164556800,6582272000,4443033600,11189862400
GPT-13B--KVChime-EPIC-shared-readers-B1,F2,prefill,27,0,164556800,6582272000,4607590400,11354419200
GPT-13B--KVChime-EPIC-shared-readers-B1,F2,prefill,28,0,164556800,6582272000,4772147200,11518976000
GPT-13B--KVChime-EPIC-shared-readers-B1,F2,prefill,29,0,164556800,6582272000,4936704000,11683532800
GPT-13B--KVChime-EPIC-shared-readers-B1,F2,prefill,30,0,164556800,6582272000,5101260800,11848089600
GPT-13B--KVChime-EPIC-shared-readers-B1,F2,prefill,31,0,164556800,6582272000,5265817600,12012646400
GPT-13B--KVChime-EPIC-shared-readers-B1,F2,prefill,32,0,164556800,6582272000,5430374400,12177203200
GPT-13B--KVChime-EPIC-shared-readers-B1,F2,prefill,33,0,164556800,6582272000,5594931200,12341760000
GPT-13B--KVChime-EPIC-shared-readers-B1,F2,prefill,34,0,164556800,6582272000,5759488000,12506316800
GPT-13B--KVChime-EPIC-shared-readers-B1,F2,prefill,35,0,164556800,6582272000,5924044800,12670873600
GPT-13B--KVChime-EPIC-shared-readers-B1,F2,prefill,36,0,164556800,6582272000,6088601600,12835430400
GPT-13B--KVChime-EPIC-shared-readers-B1,F2,prefill,37,0,164556800,6582272000,6253158400,12999987200
GPT-13B--KVChime-EPIC-shared-readers-B1,F2,prefill,38,0,164556800,6582272000,6417715200,13164544000
GPT-13B--KVChime-EPIC-shared-readers-B1,F2,prefill,39,0,164556800,6582272000,6582272000,13329100800
GPT-13B--KVChime-EPIC-shared-readers-B1,F2,decode,all,1,20480,6582272000,6583091200,13165383680
GPT-13B--KVChime-EPIC-shared-readers-B1,F2,decode,all,2,20480,6582272000,6583910400,13166202880
GPT-13B--KVChime-EPIC-shared-readers-B1,F2,decode,all,3,20480,6582272000,6584729600,13167022080
GPT-13B--KVChime-EPIC-shared-readers-B1,F2,decode,all,4,20480,6582272000,6585548800,13167841280
GPT-13B--KVChime-EPIC-shared-readers-B1,F2,decode,all,5,20480,6582272000,6586368000,13168660480
GPT-13B--KVChime-EPIC-shared-readers-B1,F2,decode,all,6,20480,6582272000,6587187200,13169479680
GPT-13B--KVChime-EPIC-shared-readers-B1,F2,decode,all,7,20480,6582272000,6588006400,13170298880
GPT-13B--KVChime-EPIC-shared-readers-B1,F2,decode,all,8,20480,6582272000,6588825600,13171118080
GPT-13B--KVChime-EPIC-shared-readers-B1,F2,decode,all,9,20480,6582272000,6589644800,13171937280
GPT-13B--KVChime-EPIC-shared-readers-B1,F2,decode,all,10,20480,6582272000,6590464000,13172756480
GPT-13B--KVChime-EPIC-shared-readers-B1,F2,decode,all,11,20480,6582272000,6591283200,13173575680
GPT-13B--KVChime-EPIC-shared-readers-B1,F2,decode,all,12,20480,6582272000,6592102400,13174394880
GPT-13B--KVChime-EPIC-shared-readers-B1,F2,decode,all,13,20480,6582272000,6592921600,13175214080
GPT-13B--KVChime-EPIC-shared-readers-B1,F2,decode,all,14,20480,6582272000,6593740800,13176033280
GPT-13B--KVChime-EPIC-shared-readers-B1,F2,decode,all,15,20480,6582272000,6594560000,13176852480
GPT-13B--KVChime-EPIC-shared-readers-B1,F3,prefill,0,0,164556800,6582272000,3850240,6750679040
GPT-13B--KVChime-EPIC-shared-readers-B1,F3,prefill,1,0,164556800,6582272000,7700480,6754529280
GPT-13B--KVChime-EPIC-shared-readers-B1,F3,prefill,2,0,164556800,6582272000,11550720,6758379520
GPT-13B--KVChime-EPIC-shared-readers-B1,F3,prefill,3,0,164556800,6582272000,15400960,6762229760
GPT-13B--KVChime-EPIC-shared-readers-B1,F3,prefill,4,0,164556800,6582272000,19251200,6766080000
GPT-13B--KVChime-EPIC-shared-readers-B1,F3,prefill,5,0,164556800,6582272000,23101440,6769930240
GPT-13B--KVChime-EPIC-shared-readers-B1,F3,prefill,6,0,164556800,6582272000,26951680,6773780480
GPT-13B--KVChime-EPIC-shared-readers-B1,F3,prefill,7,0,164556800,6582272000,30801920,6777630720
GPT-13B--KVChime-EPIC-shared-readers-B1,F3,prefill,8,0,164556800,6582272000,34652160,6781480960
GPT-13B--KVChime-EPIC-shared-readers-B1,F3,prefill,9,0,164556800,6582272000,38502400,6785331200
GPT-13B--KVChime-EPIC-shared-readers-B1,F3,prefill,10,0,164556800,6582272000,42352640,6789181440
GPT-13B--KVChime-EPIC-shared-readers-B1,F3,prefill,11,0,164556800,6582272000,46202880,6793031680
GPT-13B--KVChime-EPIC-shared-readers-B1,F3,prefill,12,0,164556800,6582272000,50053120,6796881920
GPT-13B--KVChime-EPIC-shared-readers-B1,F3,prefill,13,0,164556800,6582272000,53903360,6800732160
GPT-13B--KVChime-EPIC-shared-readers-B1,F3,prefill,14,0,164556800,6582272000,57753600,6804582400
GPT-13B--KVChime-EPIC-shared-readers-B1,F3,prefill,15,0,164556800,6582272000,61603840,6808432640
GPT-13B--KVChime-EPIC-shared-readers-B1,F3,prefill,16,0,164556800,6582272000,65454080,6812282880
GPT-13B--KVChime-EPIC-shared-readers-B1,F3,prefill,17,0,164556800,6582272000,69304320,6816133120
GPT-13B--KVChime-EPIC-shared-readers-B1,F3,prefill,18,0,164556800,6582272000,73154560,6819983360
GPT-13B--KVChime-EPIC-shared-readers-B1,F3,prefill,19,0,164556800,6582272000,77004800,6823833600
GPT-13B--KVChime-EPIC-shared-readers-B1,F3,prefill,20,0,164556800,6582272000,80855040,6827683840
GPT-13B--KVChime-EPIC-shared-readers-B1,F3,prefill,21,0,164556800,6582272000,84705280,6831534080
GPT-13B--KVChime-EPIC-shared-readers-B1,F3,prefill,22,0,164556800,6582272000,88555520,6835384320
GPT-13B--KVChime-EPIC-shared-readers-B1,F3,prefill,23,0,164556800,6582272000,92405760,6839234560
GPT-13B--KVChime-EPIC-shared-readers-B1,F3,prefill,24,0,164556800,6582272000,96256000,6843084800
GPT-13B--KVChime-EPIC-shared-readers-B1,F3,prefill,25,0,164556800,6582272000,100106240,6846935040
GPT-13B--KVChime-EPIC-shared-readers-B1,F3,prefill,26,0,164556800,6582272000,103956480,6850785280
GPT-13B--KVChime-EPIC-shared-readers-B1,F3,prefill,27,0,164556800,6582272000,107806720,6854635520
GPT-13B--KVChime-EPIC-shared-readers-B1,F3,prefill,28,0,164556800,6582272000,111656960,6858485760
GPT-13B--KVChime-EPIC-shared-readers-B1,F3,prefill,29,0,164556800,6582272000,115507200,6862336000
GPT-13B--KVChime-EPIC-shared-readers-B1,F3,prefill,30,0,164556800,6582272000,119357440,6866186240
GPT-13B--KVChime-EPIC-shared-readers-B1,F3,prefill,31,0,164556800,6582272000,123207680,6870036480
GPT-13B--KVChime-EPIC-shared-readers-B1,F3,prefill,32,0,164556800,6582272000,127057920,6873886720
GPT-13B--KVChime-EPIC-shared-readers-B1,F3,prefill,33,0,164556800,6582272000,130908160,6877736960
GPT-13B--KVChime-EPIC-shared-readers-B1,F3,prefill,34,0,164556800,6582272000,134758400,6881587200
GPT-13B--KVChime-EPIC-shared-readers-B1,F3,prefill,35,0,164556800,6582272000,138608640,6885437440
GPT-13B--KVChime-EPIC-shared-readers-B1,F3,prefill,36,0,164556800,6582272000,142458880,6889287680
GPT-13B--KVChime-EPIC-shared-readers-B1,F3,prefill,37,0,164556800,6582272000,146309120,6893137920
GPT-13B--KVChime-EPIC-shared-readers-B1,F3,prefill,38,0,164556800,6582272000,150159360,6896988160
GPT-13B--KVChime-EPIC-shared-readers-B1,F3,prefill,39,0,164556800,6582272000,154009600,6900838400
GPT-13B--KVChime-EPIC-shared-readers-B1,F3,decode,all,1,20480,6582272000,154828800,6737121280
GPT-13B--KVChime-EPIC-shared-readers-B1,F3,decode,all,2,20480,6582272000,155648000,6737940480
GPT-13B--KVChime-EPIC-shared-readers-B1,F3,decode,all,3,20480,6582272000,156467200,6738759680
GPT-13B--KVChime-EPIC-shared-readers-B1,F3,decode,all,4,20480,6582272000,157286400,6739578880
GPT-13B--KVChime-EPIC-shared-readers-B1,F3,decode,all,5,20480,6582272000,158105600,6740398080
GPT-13B--KVChime-EPIC-shared-readers-B1,F3,decode,all,6,20480,6582272000,158924800,6741217280
GPT-13B--KVChime-EPIC-shared-readers-B1,F3,decode,all,7,20480,6582272000,159744000,6742036480
GPT-13B--KVChime-EPIC-shared-readers-B1,F3,decode,all,8,20480,6582272000,160563200,6742855680
GPT-13B--KVChime-EPIC-shared-readers-B1,F3,decode,all,9,20480,6582272000,161382400,6743674880
GPT-13B--KVChime-EPIC-shared-readers-B1,F3,decode,all,10,20480,6582272000,162201600,6744494080
GPT-13B--KVChime-EPIC-shared-readers-B1,F3,decode,all,11,20480,6582272000,163020800,6745313280
GPT-13B--KVChime-EPIC-shared-readers-B1,F3,decode,all,12,20480,6582272000,163840000,6746132480
GPT-13B--KVChime-EPIC-shared-readers-B1,F3,decode,all,13,20480,6582272000,164659200,6746951680
GPT-13B--KVChime-EPIC-shared-readers-B1,F3,decode,all,14,20480,6582272000,165478400,6747770880
GPT-13B--KVChime-EPIC-shared-readers-B1,F3,decode,all,15,20480,6582272000,166297600,6748590080
GPT-13B--KVChime-EPIC-shared-readers-B1,F4,prefill,0,0,3850240,6582272000,3850240,6589972480
GPT-13B--KVChime-EPIC-shared-readers-B1,F4,prefill,1,0,3850240,6582272000,7700480,6593822720
GPT-13B--KVChime-EPIC-shared-readers-B1,F4,prefill,2,0,3850240,6582272000,11550720,6597672960
GPT-13B--KVChime-EPIC-shared-readers-B1,F4,prefill,3,0,3850240,6582272000,15400960,6601523200
GPT-13B--KVChime-EPIC-shared-readers-B1,F4,prefill,4,0,3850240,6582272000,19251200,6605373440
GPT-13B--KVChime-EPIC-shared-readers-B1,F4,prefill,5,0,3850240,6582272000,23101440,6609223680
GPT-13B--KVChime-EPIC-shared-readers-B1,F4,prefill,6,0,3850240,6582272000,26951680,6613073920
GPT-13B--KVChime-EPIC-shared-readers-B1,F4,prefill,7,0,3850240,6582272000,30801920,6616924160
GPT-13B--KVChime-EPIC-shared-readers-B1,F4,prefill,8,0,3850240,6582272000,34652160,6620774400
GPT-13B--KVChime-EPIC-shared-readers-B1,F4,prefill,9,0,3850240,6582272000,38502400,6624624640
GPT-13B--KVChime-EPIC-shared-readers-B1,F4,prefill,10,0,3850240,6582272000,42352640,6628474880
GPT-13B--KVChime-EPIC-shared-readers-B1,F4,prefill,11,0,3850240,6582272000,46202880,6632325120
GPT-13B--KVChime-EPIC-shared-readers-B1,F4,prefill,12,0,3850240,6582272000,50053120,6636175360
GPT-13B--KVChime-EPIC-shared-readers-B1,F4,prefill,13,0,3850240,6582272000,53903360,6640025600
GPT-13B--KVChime-EPIC-shared-readers-B1,F4,prefill,14,0,3850240,6582272000,57753600,6643875840
GPT-13B--KVChime-EPIC-shared-readers-B1,F4,prefill,15,0,3850240,6582272000,61603840,6647726080
GPT-13B--KVChime-EPIC-shared-readers-B1,F4,prefill,16,0,3850240,6582272000,65454080,6651576320
GPT-13B--KVChime-EPIC-shared-readers-B1,F4,prefill,17,0,3850240,6582272000,69304320,6655426560
GPT-13B--KVChime-EPIC-shared-readers-B1,F4,prefill,18,0,3850240,6582272000,73154560,6659276800
GPT-13B--KVChime-EPIC-shared-readers-B1,F4,prefill,19,0,3850240,6582272000,77004800,6663127040
GPT-13B--KVChime-EPIC-shared-readers-B1,F4,prefill,20,0,3850240,6582272000,80855040,6666977280
GPT-13B--KVChime-EPIC-shared-readers-B1,F4,prefill,21,0,3850240,6582272000,84705280,6670827520
GPT-13B--KVChime-EPIC-shared-readers-B1,F4,prefill,22,0,3850240,6582272000,88555520,6674677760
GPT-13B--KVChime-EPIC-shared-readers-B1,F4,prefill,23,0,3850240,6582272000,92405760,6678528000
GPT-13B--KVChime-EPIC-shared-readers-B1,F4,prefill,24,0,3850240,6582272000,96256000,6682378240
GPT-13B--KVChime-EPIC-shared-readers-B1,F4,prefill,25,0,3850240,6582272000,100106240,6686228480
GPT-13B--KVChime-EPIC-shared-readers-B1,F4,prefill,26,0,3850240,6582272000,103956480,6690078720
GPT-13B--KVChime-EPIC-shared-readers-B1,F4,prefill,27,0,3850240,6582272000,107806720,6693928960
GPT-13B--KVChime-EPIC-shared-readers-B1,F4,prefill,28,0,3850240,6582272000,111656960,6697779200
GPT-13B--KVChime-EPIC-shared-readers-B1,F4,prefill,29,0,3850240,6582272000,115507200,6701629440
GPT-13B--KVChime-EPIC-shared-readers-B1,F4,prefill,30,0,3850240,6582272000,119357440,6705479680
GPT-13B--KVChime-EPIC-shared-readers-B1,F4,prefill,31,0,3850240,6582272000,123207680,6709329920
GPT-13B--KVChime-EPIC-shared-readers-B1,F4,prefill,32,0,3850240,6582272000,127057920,6713180160
GPT-13B--KVChime-EPIC-shared-readers-B1,F4,prefill,33,0,3850240,6582272000,130908160,6717030400
GPT-13B--KVChime-EPIC-shared-readers-B1,F4,prefill,34,0,3850240,6582272000,134758400,6720880640
GPT-13B--KVChime-EPIC-shared-readers-B1,F4,prefill,35,0,3850240,6582272000,138608640,6724730880
GPT-13B--KVChime-EPIC-shared-readers-B1,F4,prefill,36,0,3850240,6582272000,142458880,6728581120
GPT-13B--KVChime-EPIC-shared-readers-B1,F4,prefill,37,0,3850240,6582272000,146309120,6732431360
GPT-13B--KVChime-EPIC-shared-readers-B1,F4,prefill,38,0,3850240,6582272000,150159360,6736281600
GPT-13B--KVChime-EPIC-shared-readers-B1,F4,prefill,39,0,3850240,6582272000,154009600,6740131840
GPT-13B--KVChime-EPIC-shared-readers-B1,F4,decode,all,1,20480,6582272000,154828800,6737121280
GPT-13B--KVChime-EPIC-shared-readers-B1,F4,decode,all,2,20480,6582272000,155648000,6737940480
GPT-13B--KVChime-EPIC-shared-readers-B1,F4,decode,all,3,20480,6582272000,156467200,6738759680
GPT-13B--KVChime-EPIC-shared-readers-B1,F4,decode,all,4,20480,6582272000,157286400,6739578880
GPT-13B--KVChime-EPIC-shared-readers-B1,F4,decode,all,5,20480,6582272000,158105600,6740398080
GPT-13B--KVChime-EPIC-shared-readers-B1,F4,decode,all,6,20480,6582272000,158924800,6741217280
GPT-13B--KVChime-EPIC-shared-readers-B1,F4,decode,all,7,20480,6582272000,159744000,6742036480
GPT-13B--KVChime-EPIC-shared-readers-B1,F4,decode,all,8,20480,6582272000,160563200,6742855680
GPT-13B--KVChime-EPIC-shared-readers-B1,F4,decode,all,9,20480,6582272000,161382400,6743674880
GPT-13B--KVChime-EPIC-shared-readers-B1,F4,decode,all,10,20480,6582272000,162201600,6744494080
GPT-13B--KVChime-EPIC-shared-readers-B1,F4,decode,all,11,20480,6582272000,163020800,6745313280
GPT-13B--KVChime-EPIC-shared-readers-B1,F4,decode,all,12,20480,6582272000,163840000,6746132480
GPT-13B--KVChime-EPIC-shared-readers-B1,F4,decode,all,13,20480,6582272000,164659200,6746951680
GPT-13B--KVChime-EPIC-shared-readers-B1,F4,decode,all,14,20480,6582272000,165478400,6747770880
GPT-13B--KVChime-EPIC-shared-readers-B1,F4,decode,all,15,20480,6582272000,166297600,6748590080
GPT-13B--KVChime-EPIC-shared-readers-B2,F0,prefill,0,0,329113600,0,0,329113600
GPT-13B--KVChime-EPIC-shared-readers-B2,F0,prefill,1,0,658227200,0,0,658227200
GPT-13B--KVChime-EPIC-shared-readers-B2,F0,prefill,2,0,987340800,0,0,987340800
GPT-13B--KVChime-EPIC-shared-readers-B2,F0,prefill,3,0,1316454400,0,0,1316454400
GPT-13B--KVChime-EPIC-shared-readers-B2,F0,prefill,4,0,1645568000,0,0,1645568000
GPT-13B--KVChime-EPIC-shared-readers-B2,F0,prefill,5,0,1974681600,0,0,1974681600
GPT-13B--KVChime-EPIC-shared-readers-B2,F0,prefill,6,0,2303795200,0,0,2303795200
GPT-13B--KVChime-EPIC-shared-readers-B2,F0,prefill,7,0,2632908800,0,0,2632908800
GPT-13B--KVChime-EPIC-shared-readers-B2,F0,prefill,8,0,2962022400,0,0,2962022400
GPT-13B--KVChime-EPIC-shared-readers-B2,F0,prefill,9,0,3291136000,0,0,3291136000
GPT-13B--KVChime-EPIC-shared-readers-B2,F0,prefill,10,0,3620249600,0,0,3620249600
GPT-13B--KVChime-EPIC-shared-readers-B2,F0,prefill,11,0,3949363200,0,0,3949363200
GPT-13B--KVChime-EPIC-shared-readers-B2,F0,prefill,12,0,4278476800,0,0,4278476800
GPT-13B--KVChime-EPIC-shared-readers-B2,F0,prefill,13,0,4607590400,0,0,4607590400
GPT-13B--KVChime-EPIC-shared-readers-B2,F0,prefill,14,0,4936704000,0,0,4936704000
GPT-13B--KVChime-EPIC-shared-readers-B2,F0,prefill,15,0,5265817600,0,0,5265817600
GPT-13B--KVChime-EPIC-shared-readers-B2,F0,prefill,16,0,5594931200,0,0,5594931200
GPT-13B--KVChime-EPIC-shared-readers-B2,F0,prefill,17,0,5924044800,0,0,5924044800
GPT-13B--KVChime-EPIC-shared-readers-B2,F0,prefill,18,0,6253158400,0,0,6253158400
GPT-13B--KVChime-EPIC-shared-readers-B2,F0,prefill,19,0,6582272000,0,0,6582272000
GPT-13B--KVChime-EPIC-shared-readers-B2,F0,prefill,20,0,6911385600,0,0,6911385600
GPT-13B--KVChime-EPIC-shared-readers-B2,F0,prefill,21,0,7240499200,0,0,7240499200
GPT-13B--KVChime-EPIC-shared-readers-B2,F0,prefill,22,0,7569612800,0,0,7569612800
GPT-13B--KVChime-EPIC-shared-readers-B2,F0,prefill,23,0,7898726400,0,0,7898726400
GPT-13B--KVChime-EPIC-shared-readers-B2,F0,prefill,24,0,8227840000,0,0,8227840000
GPT-13B--KVChime-EPIC-shared-readers-B2,F0,prefill,25,0,8556953600,0,0,8556953600
GPT-13B--KVChime-EPIC-shared-readers-B2,F0,prefill,26,0,8886067200,0,0,8886067200
GPT-13B--KVChime-EPIC-shared-readers-B2,F0,prefill,27,0,9215180800,0,0,9215180800
GPT-13B--KVChime-EPIC-shared-readers-B2,F0,prefill,28,0,9544294400,0,0,9544294400
GPT-13B--KVChime-EPIC-shared-readers-B2,F0,prefill,29,0,9873408000,0,0,9873408000
GPT-13B--KVChime-EPIC-shared-readers-B2,F0,prefill,30,0,10202521600,0,0,10202521600
GPT-13B--KVChime-EPIC-shared-readers-B2,F0,prefill,31,0,10531635200,0,0,10531635200
GPT-13B--KVChime-EPIC-shared-readers-B2,F0,prefill,32,0,10860748800,0,0,10860748800
GPT-13B--KVChime-EPIC-shared-readers-B2,F0,prefill,33,0,11189862400,0,0,11189862400
GPT-13B--KVChime-EPIC-shared-readers-B2,F0,prefill,34,0,11518976000,0,0,11518976000
GPT-13B--KVChime-EPIC-shared-readers-B2,F0,prefill,35,0,11848089600,0,0,11848089600
GPT-13B--KVChime-EPIC-shared-readers-B2,F0,prefill,36,0,12177203200,0,0,12177203200
GPT-13B--KVChime-EPIC-shared-readers-B2,F0,prefill,37,0,12506316800,0,0,12506316800
GPT-13B--KVChime-EPIC-shared-readers-B2,F0,prefill,38,0,12835430400,0,0,12835430400
GPT-13B--KVChime-EPIC-shared-readers-B2,F0,prefill,39,0,13164544000,0,0,13164544000
GPT-13B--KVChime-EPIC-shared-readers-B2,F0,decode,all,1,13166182400,0,0,13166182400
GPT-13B--KVChime-EPIC-shared-readers-B2,F0,decode,all,2,13167820800,0,0,13167820800
GPT-13B--KVChime-EPIC-shared-readers-B2,F0,decode,all,3,13169459200,0,0,13169459200
GPT-13B--KVChime-EPIC-shared-readers-B2,F0,decode,all,4,13171097600,0,0,13171097600
GPT-13B--KVChime-EPIC-shared-readers-B2,F0,decode,all,5,13172736000,0,0,13172736000
GPT-13B--KVChime-EPIC-shared-readers-B2,F0,decode,all,6,13174374400,0,0,13174374400
GPT-13B--KVChime-EPIC-shared-readers-B2,F0,decode,all,7,13176012800,0,0,13176012800
GPT-13B--KVChime-EPIC-shared-readers-B2,F0,decode,all,8,13177651200,0,0,13177651200
GPT-13B--KVChime-EPIC-shared-readers-B2,F0,decode,all,9,13179289600,0,0,13179289600
GPT-13B--KVChime-EPIC-shared-readers-B2,F0,decode,all,10,13180928000,0,0,13180928000
GPT-13B--KVChime-EPIC-shared-readers-B2,F0,decode,all,11,13182566400,0,0,13182566400
GPT-13B--KVChime-EPIC-shared-readers-B2,F0,decode,all,12,13184204800,0,0,13184204800
GPT-13B--KVChime-EPIC-shared-readers-B2,F0,decode,all,13,13185843200,0,0,13185843200
GPT-13B--KVChime-EPIC-shared-readers-B2,F0,decode,all,14,13187481600,0,0,13187481600
GPT-13B--KVChime-EPIC-shared-readers-B2,F0,decode,all,15,13189120000,0,0,13189120000
GPT-13B--KVChime-EPIC-shared-readers-B2,F1,prefill,0,0,329113600,6592102400,0,6921216000
GPT-13B--KVChime-EPIC-shared-readers-B2,F1,prefill,1,0,658227200,6592102400,0,7250329600
GPT-13B--KVChime-EPIC-shared-readers-B2,F1,prefill,2,0,987340800,6592102400,0,7579443200
GPT-13B--KVChime-EPIC-shared-readers-B2,F1,prefill,3,0,1316454400,6592102400,0,7908556800
GPT-13B--KVChime-EPIC-shared-readers-B2,F1,prefill,4,0,1645568000,6592102400,0,8237670400
GPT-13B--KVChime-EPIC-shared-readers-B2,F1,prefill,5,0,1974681600,6592102400,0,8566784000
GPT-13B--KVChime-EPIC-shared-readers-B2,F1,prefill,6,0,2303795200,6592102400,0,8895897600
GPT-13B--KVChime-EPIC-shared-readers-B2,F1,prefill,7,0,2632908800,6592102400,0,9225011200
GPT-13B--KVChime-EPIC-shared-readers-B2,F1,prefill,8,0,2962022400,6592102400,0,9554124800
GPT-13B--KVChime-EPIC-shared-readers-B2,F1,prefill,9,0,3291136000,6592102400,0,9883238400
GPT-13B--KVChime-EPIC-shared-readers-B2,F1,prefill,10,0,3620249600,6592102400,0,10212352000
GPT-13B--KVChime-EPIC-shared-readers-B2,F1,prefill,11,0,3949363200,6592102400,0,10541465600
GPT-13B--KVChime-EPIC-shared-readers-B2,F1,prefill,12,0,4278476800,6592102400,0,10870579200
GPT-13B--KVChime-EPIC-shared-readers-B2,F1,prefill,13,0,4607590400,6592102400,0,11199692800
GPT-13B--KVChime-EPIC-shared-readers-B2,F1,prefill,14,0,4936704000,6592102400,0,11528806400
GPT-13B--KVChime-EPIC-shared-readers-B2,F1,prefill,15,0,5265817600,6592102400,0,11857920000
GPT-13B--KVChime-EPIC-shared-readers-B2,F1,prefill,16,0,5594931200,6592102400,0,12187033600
GPT-13B--KVChime-EPIC-shared-readers-B2,F1,prefill,17,0,5924044800,6592102400,0,12516147200
GPT-13B--KVChime-EPIC-shared-readers-B2,F1,prefill,18,0,6253158400,6592102400,0,12845260800
GPT-13B--KVChime-EPIC-shared-readers-B2,F1,prefill,19,0,6582272000,6592102400,0,13174374400
GPT-13B--KVChime-EPIC-shared-readers-B2,F1,prefill,20,0,6911385600,6592102400,0,13503488000
GPT-13B--KVChime-EPIC-shared-readers-B2,F1,prefill,21,0,7240499200,6592102400,0,13832601600
GPT-13B--KVChime-EPIC-shared-readers-B2,F1,prefill,22,0,7569612800,6592102400,0,14161715200
GPT-13B--KVChime-EPIC-shared-readers-B2,F1,prefill,23,0,7898726400,6592102400,0,14490828800
GPT-13B--KVChime-EPIC-shared-readers-B2,F1,prefill,24,0,8227840000,6592102400,0,14819942400
GPT-13B--KVChime-EPIC-shared-readers-B2,F1,prefill,25,0,8556953600,6592102400,0,15149056000
GPT-13B--KVChime-EPIC-shared-readers-B2,F1,prefill,26,0,8886067200,6592102400,0,15478169600
GPT-13B--KVChime-EPIC-shared-readers-B2,F1,prefill,27,0,9215180800,6592102400,0,15807283200
GPT-13B--KVChime-EPIC-shared-readers-B2,F1,prefill,28,0,9544294400,6592102400,0,16136396800
GPT-13B--KVChime-EPIC-shared-readers-B2,F1,prefill,29,0,9873408000,6592102400,0,16465510400
GPT-13B--KVChime-EPIC-shared-readers-B2,F1,prefill,30,0,10202521600,6592102400,0,16794624000
GPT-13B--KVChime-EPIC-shared-readers-B2,F1,prefill,31,0,10531635200,6592102400,0,17123737600
GPT-13B--KVChime-EPIC-shared-readers-B2,F1,prefill,32,0,10860748800,6592102400,0,17452851200
GPT-13B--KVChime-EPIC-shared-readers-B2,F1,prefill,33,0,11189862400,6592102400,0,17781964800
GPT-13B--KVChime-EPIC-shared-readers-B2,F1,prefill,34,0,11518976000,6592102400,0,18111078400
GPT-13B--KVChime-EPIC-shared-readers-B2,F1,prefill,35,0,11848089600,6592102400,0,18440192000
GPT-13B--KVChime-EPIC-shared-readers-B2,F1,prefill,36,0,12177203200,6592102400,0,18769305600
GPT-13B--KVChime-EPIC-shared-readers-B2,F1,prefill,37,0,12506316800,6592102400,0,19098419200
GPT-13B--KVChime-EPIC-shared-readers-B2,F1,prefill,38,0,12835430400,6592102400,0,19427532800
GPT-13B--KVChime-EPIC-shared-readers-B2,F1,prefill,39,0,13164544000,6592102400,0,19756646400
GPT-13B--KVChime-EPIC-shared-readers-B2,F1,decode,all,1,13166182400,6592102400,0,19758284800
GPT-13B--KVChime-EPIC-shared-readers-B2,F1,decode,all,2,13167820800,6592102400,0,19759923200
GPT-13B--KVChime-EPIC-shared-readers-B2,F1,decode,all,3,13169459200,6592102400,0,19761561600
GPT-13B--KVChime-EPIC-shared-readers-B2,F1,decode,all,4,13171097600,6592102400,0,19763200000
GPT-13B--KVChime-EPIC-shared-readers-B2,F1,decode,all,5,13172736000,6592102400,0,19764838400
GPT-13B--KVChime-EPIC-shared-readers-B2,F1,decode,all,6,13174374400,6592102400,0,19766476800
GPT-13B--KVChime-EPIC-shared-readers-B2,F1,decode,all,7,13176012800,6592102400,0,19768115200
GPT-13B--KVChime-EPIC-shared-readers-B2,F1,decode,all,8,13177651200,6592102400,0,19769753600
GPT-13B--KVChime-EPIC-shared-readers-B2,F1,decode,all,9,13179289600,6592102400,0,19771392000
GPT-13B--KVChime-EPIC-shared-readers-B2,F1,decode,all,10,13180928000,6592102400,0,19773030400
GPT-13B--KVChime-EPIC-shared-readers-B2,F1,decode,all,11,13182566400,6592102400,0,19774668800
GPT-13B--KVChime-EPIC-shared-readers-B2,F1,decode,all,12,13184204800,6592102400,0,19776307200
GPT-13B--KVChime-EPIC-shared-readers-B2,F1,decode,all,13,13185843200,6592102400,0,19777945600
GPT-13B--KVChime-EPIC-shared-readers-B2,F1,decode,all,14,13187481600,6592102400,0,19779584000
GPT-13B--KVChime-EPIC-shared-readers-B2,F1,decode,all,15,13189120000,6592102400,0,19781222400
GPT-13B--KVChime-EPIC-shared-readers-B2,F2,prefill,0,0,329113600,6592102400,329113600,7250329600
GPT-13B--KVChime-EPIC-shared-readers-B2,F2,prefill,1,0,329113600,6592102400,658227200,7579443200
GPT-13B--KVChime-EPIC-shared-readers-B2,F2,prefill,2,0,329113600,6592102400,987340800,7908556800
GPT-13B--KVChime-EPIC-shared-readers-B2,F2,prefill,3,0,329113600,6592102400,1316454400,8237670400
GPT-13B--KVChime-EPIC-shared-readers-B2,F2,prefill,4,0,329113600,6592102400,1645568000,8566784000
GPT-13B--KVChime-EPIC-shared-readers-B2,F2,prefill,5,0,329113600,6592102400,1974681600,8895897600
GPT-13B--KVChime-EPIC-shared-readers-B2,F2,prefill,6,0,329113600,6592102400,2303795200,9225011200
GPT-13B--KVChime-EPIC-shared-readers-B2,F2,prefill,7,0,329113600,6592102400,2632908800,9554124800
GPT-13B--KVChime-EPIC-shared-readers-B2,F2,prefill,8,0,329113600,6592102400,2962022400,9883238400
GPT-13B--KVChime-EPIC-shared-readers-B2,F2,prefill,9,0,329113600,6592102400,3291136000,10212352000
GPT-13B--KVChime-EPIC-shared-readers-B2,F2,prefill,10,0,329113600,6592102400,3620249600,10541465600
GPT-13B--KVChime-EPIC-shared-readers-B2,F2,prefill,11,0,329113600,6592102400,3949363200,10870579200
GPT-13B--KVChime-EPIC-shared-readers-B2,F2,prefill,12,0,329113600,6592102400,4278476800,11199692800
GPT-13B--KVChime-EPIC-shared-readers-B2,F2,prefill,13,0,329113600,6592102400,4607590400,11528806400
GPT-13B--KVChime-EPIC-shared-readers-B2,F2,prefill,14,0,329113600,6592102400,4936704000,11857920000
GPT-13B--KVChime-EPIC-shared-readers-B2,F2,prefill,15,0,329113600,6592102400,5265817600,12187033600
GPT-13B--KVChime-EPIC-shared-readers-B2,F2,prefill,16,0,329113600,6592102400,5594931200,12516147200
GPT-13B--KVChime-EPIC-shared-readers-B2,F2,prefill,17,0,329113600,6592102400,5924044800,12845260800
GPT-13B--KVChime-EPIC-shared-readers-B2,F2,prefill,18,0,329113600,6592102400,6253158400,13174374400
GPT-13B--KVChime-EPIC-shared-readers-B2,F2,prefill,19,0,329113600,6592102400,6582272000,13503488000
GPT-13B--KVChime-EPIC-shared-readers-B2,F2,prefill,20,0,329113600,6592102400,6911385600,13832601600
GPT-13B--KVChime-EPIC-shared-readers-B2,F2,prefill,21,0,329113600,6592102400,7240499200,14161715200
GPT-13B--KVChime-EPIC-shared-readers-B2,F2,prefill,22,0,329113600,6592102400,7569612800,14490828800
GPT-13B--KVChime-EPIC-shared-readers-B2,F2,prefill,23,0,329113600,6592102400,7898726400,14819942400
GPT-13B--KVChime-EPIC-shared-readers-B2,F2,prefill,24,0,329113600,6592102400,8227840000,15149056000
GPT-13B--KVChime-EPIC-shared-readers-B2,F2,prefill,25,0,329113600,6592102400,8556953600,15478169600
GPT-13B--KVChime-EPIC-shared-readers-B2,F2,prefill,26,0,329113600,6592102400,8886067200,15807283200
GPT-13B--KVChime-EPIC-shared-readers-B2,F2,prefill,27,0,329113600,6592102400,9215180800,16136396800
GPT-13B--KVChime-EPIC-shared-readers-B2,F2,prefill,28,0,329113600,6592102400,9544294400,16465510400
GPT-13B--KVChime-EPIC-shared-readers-B2,F2,prefill,29,0,329113600,6592102400,9873408000,16794624000
GPT-13B--KVChime-EPIC-shared-readers-B2,F2,prefill,30,0,329113600,6592102400,10202521600,17123737600
GPT-13B--KVChime-EPIC-shared-readers-B2,F2,prefill,31,0,329113600,6592102400,10531635200,17452851200
GPT-13B--KVChime-EPIC-shared-readers-B2,F2,prefill,32,0,329113600,6592102400,10860748800,17781964800
GPT-13B--KVChime-EPIC-shared-readers-B2,F2,prefill,33,0,329113600,6592102400,11189862400,18111078400
GPT-13B--KVChime-EPIC-shared-readers-B2,F2,prefill,34,0,329113600,6592102400,11518976000,18440192000
GPT-13B--KVChime-EPIC-shared-readers-B2,F2,prefill,35,0,329113600,6592102400,11848089600,18769305600
GPT-13B--KVChime-EPIC-shared-readers-B2,F2,prefill,36,0,329113600,6592102400,12177203200,19098419200
GPT-13B--KVChime-EPIC-shared-readers-B2,F2,prefill,37,0,329113600,6592102400,12506316800,19427532800
GPT-13B--KVChime-EPIC-shared-readers-B2,F2,prefill,38,0,329113600,6592102400,12835430400,19756646400
GPT-13B--KVChime-EPIC-shared-readers-B2,F2,prefill,39,0,329113600,6592102400,13164544000,20085760000
GPT-13B--KVChime-EPIC-shared-readers-B2,F2,decode,all,1,40960,6592102400,13166182400,19758325760
GPT-13B--KVChime-EPIC-shared-readers-B2,F2,decode,all,2,40960,6592102400,13167820800,19759964160
GPT-13B--KVChime-EPIC-shared-readers-B2,F2,decode,all,3,40960,6592102400,13169459200,19761602560
GPT-13B--KVChime-EPIC-shared-readers-B2,F2,decode,all,4,40960,6592102400,13171097600,19763240960
GPT-13B--KVChime-EPIC-shared-readers-B2,F2,decode,all,5,40960,6592102400,13172736000,19764879360
GPT-13B--KVChime-EPIC-shared-readers-B2,F2,decode,all,6,40960,6592102400,13174374400,19766517760
GPT-13B--KVChime-EPIC-shared-readers-B2,F2,decode,all,7,40960,6592102400,13176012800,19768156160
GPT-13B--KVChime-EPIC-shared-readers-B2,F2,decode,all,8,40960,6592102400,13177651200,19769794560
GPT-13B--KVChime-EPIC-shared-readers-B2,F2,decode,all,9,40960,6592102400,13179289600,19771432960
GPT-13B--KVChime-EPIC-shared-readers-B2,F2,decode,all,10,40960,6592102400,13180928000,19773071360
GPT-13B--KVChime-EPIC-shared-readers-B2,F2,decode,all,11,40960,6592102400,13182566400,19774709760
GPT-13B--KVChime-EPIC-shared-readers-B2,F2,decode,all,12,40960,6592102400,13184204800,19776348160
GPT-13B--KVChime-EPIC-shared-readers-B2,F2,decode,all,13,40960,6592102400,13185843200,19777986560
GPT-13B--KVChime-EPIC-shared-readers-B2,F2,decode,all,14,40960,6592102400,13187481600,19779624960
GPT-13B--KVChime-EPIC-shared-readers-B2,F2,decode,all,15,40960,6592102400,13189120000,19781263360
GPT-13B--KVChime-EPIC-shared-readers-B2,F3,prefill,0,0,329113600,6592102400,7700480,6928916480
GPT-13B--KVChime-EPIC-shared-readers-B2,F3,prefill,1,0,329113600,6592102400,15400960,6936616960
GPT-13B--KVChime-EPIC-shared-readers-B2,F3,prefill,2,0,329113600,6592102400,23101440,6944317440
GPT-13B--KVChime-EPIC-shared-readers-B2,F3,prefill,3,0,329113600,6592102400,30801920,6952017920
GPT-13B--KVChime-EPIC-shared-readers-B2,F3,prefill,4,0,329113600,6592102400,38502400,6959718400
GPT-13B--KVChime-EPIC-shared-readers-B2,F3,prefill,5,0,329113600,6592102400,46202880,6967418880
GPT-13B--KVChime-EPIC-shared-readers-B2,F3,prefill,6,0,329113600,6592102400,53903360,6975119360
GPT-13B--KVChime-EPIC-shared-readers-B2,F3,prefill,7,0,329113600,6592102400,61603840,6982819840
GPT-13B--KVChime-EPIC-shared-readers-B2,F3,prefill,8,0,329113600,6592102400,69304320,6990520320
GPT-13B--KVChime-EPIC-shared-readers-B2,F3,prefill,9,0,329113600,6592102400,77004800,6998220800
GPT-13B--KVChime-EPIC-shared-readers-B2,F3,prefill,10,0,329113600,6592102400,84705280,7005921280
GPT-13B--KVChime-EPIC-shared-readers-B2,F3,prefill,11,0,329113600,6592102400,92405760,7013621760
GPT-13B--KVChime-EPIC-shared-readers-B2,F3,prefill,12,0,329113600,6592102400,100106240,7021322240
GPT-13B--KVChime-EPIC-shared-readers-B2,F3,prefill,13,0,329113600,6592102400,107806720,7029022720
GPT-13B--KVChime-EPIC-shared-readers-B2,F3,prefill,14,0,329113600,6592102400,115507200,7036723200
GPT-13B--KVChime-EPIC-shared-readers-B2,F3,prefill,15,0,329113600,6592102400,123207680,7044423680
GPT-13B--KVChime-EPIC-shared-readers-B2,F3,prefill,16,0,329113600,6592102400,130908160,7052124160
GPT-13B--KVChime-EPIC-shared-readers-B2,F3,prefill,17,0,329113600,6592102400,138608640,7059824640
GPT-13B--KVChime-EPIC-shared-readers-B2,F3,prefill,18,0,329113600,6592102400,146309120,7067525120
GPT-13B--KVChime-EPIC-shared-readers-B2,F3,prefill,19,0,329113600,6592102400,154009600,7075225600
GPT-13B--KVChime-EPIC-shared-readers-B2,F3,prefill,20,0,329113600,6592102400,161710080,7082926080
GPT-13B--KVChime-EPIC-shared-readers-B2,F3,prefill,21,0,329113600,6592102400,169410560,7090626560
GPT-13B--KVChime-EPIC-shared-readers-B2,F3,prefill,22,0,329113600,6592102400,177111040,7098327040
GPT-13B--KVChime-EPIC-shared-readers-B2,F3,prefill,23,0,329113600,6592102400,184811520,7106027520
GPT-13B--KVChime-EPIC-shared-readers-B2,F3,prefill,24,0,329113600,6592102400,192512000,7113728000
GPT-13B--KVChime-EPIC-shared-readers-B2,F3,prefill,25,0,329113600,6592102400,200212480,7121428480
GPT-13B--KVChime-EPIC-shared-readers-B2,F3,prefill,26,0,329113600,6592102400,207912960,7129128960
GPT-13B--KVChime-EPIC-shared-readers-B2,F3,prefill,27,0,329113600,6592102400,215613440,7136829440
GPT-13B--KVChime-EPIC-shared-readers-B2,F3,prefill,28,0,329113600,6592102400,223313920,7144529920
GPT-13B--KVChime-EPIC-shared-readers-B2,F3,prefill,29,0,329113600,6592102400,231014400,7152230400
GPT-13B--KVChime-EPIC-shared-readers-B2,F3,prefill,30,0,329113600,6592102400,238714880,7159930880
GPT-13B--KVChime-EPIC-shared-readers-B2,F3,prefill,31,0,329113600,6592102400,246415360,7167631360
GPT-13B--KVChime-EPIC-shared-readers-B2,F3,prefill,32,0,329113600,6592102400,254115840,7175331840
GPT-13B--KVChime-EPIC-shared-readers-B2,F3,prefill,33,0,329113600,6592102400,261816320,7183032320
GPT-13B--KVChime-EPIC-shared-readers-B2,F3,prefill,34,0,329113600,6592102400,269516800,7190732800
GPT-13B--KVChime-EPIC-shared-readers-B2,F3,prefill,35,0,329113600,6592102400,277217280,7198433280
GPT-13B--KVChime-EPIC-shared-readers-B2,F3,prefill,36,0,329113600,6592102400,284917760,7206133760
GPT-13B--KVChime-EPIC-shared-readers-B2,F3,prefill,37,0,329113600,6592102400,292618240,7213834240
GPT-13B--KVChime-EPIC-shared-readers-B2,F3,prefill,38,0,329113600,6592102400,300318720,7221534720
GPT-13B--KVChime-EPIC-shared-readers-B2,F3,prefill,39,0,329113600,6592102400,308019200,7229235200
GPT-13B--KVChime-EPIC-shared-readers-B2,F3,decode,all,1,40960,6592102400,309657600,6901800960
GPT-13B--KVChime-EPIC-shared-readers-B2,F3,decode,all,2,40960,6592102400,311296000,6903439360
GPT-13B--KVChime-EPIC-shared-readers-B2,F3,decode,all,3,40960,6592102400,312934400,6905077760
GPT-13B--KVChime-EPIC-shared-readers-B2,F3,decode,all,4,40960,6592102400,314572800,6906716160
GPT-13B--KVChime-EPIC-shared-readers-B2,F3,decode,all,5,40960,6592102400,316211200,6908354560
GPT-13B--KVChime-EPIC-shared-readers-B2,F3,decode,all,6,40960,6592102400,317849600,6909992960
GPT-13B--KVChime-EPIC-shared-readers-B2,F3,decode,all,7,40960,6592102400,319488000,6911631360
GPT-13B--KVChime-EPIC-shared-readers-B2,F3,decode,all,8,40960,6592102400,321126400,6913269760
GPT-13B--KVChime-EPIC-shared-readers-B2,F3,decode,all,9,40960,6592102400,322764800,6914908160
GPT-13B--KVChime-EPIC-shared-readers-B2,F3,decode,all,10,40960,6592102400,324403200,6916546560
GPT-13B--KVChime-EPIC-shared-readers-B2,F3,decode,all,11,40960,6592102400,326041600,6918184960
GPT-13B--KVChime-EPIC-shared-readers-B2,F3,decode,all,12,40960,6592102400,327680000,6919823360
GPT-13B--KVChime-EPIC-shared-readers-B2,F3,decode,all,13,40960,6592102400,329318400,6921461760
GPT-13B--KVChime-EPIC-shared-readers-B2,F3,decode,all,14,40960,6592102400,330956800,6923100160
GPT-13B--KVChime-EPIC-shared-readers-B2,F3,decode,all,15,40960,6592102400,332595200,6924738560
GPT-13B--KVChime-EPIC-shared-readers-B2,F4,prefill,0,0,7700480,6592102400,7700480,6607503360
GPT-13B--KVChime-EPIC-shared-readers-B2,F4,prefill,1,0,7700480,6592102400,15400960,6615203840
GPT-13B--KVChime-EPIC-shared-readers-B2,F4,prefill,2,0,7700480,6592102400,23101440,6622904320
GPT-13B--KVChime-EPIC-shared-readers-B2,F4,prefill,3,0,7700480,6592102400,30801920,6630604800
GPT-13B--KVChime-EPIC-shared-readers-B2,F4,prefill,4,0,7700480,6592102400,38502400,6638305280
GPT-13B--KVChime-EPIC-shared-readers-B2,F4,prefill,5,0,7700480,6592102400,46202880,6646005760
GPT-13B--KVChime-EPIC-shared-readers-B2,F4,prefill,6,0,7700480,6592102400,53903360,6653706240
GPT-13B--KVChime-EPIC-shared-readers-B2,F4,prefill,7,0,7700480,6592102400,61603840,6661406720
GPT-13B--KVChime-EPIC-shared-readers-B2,F4,prefill,8,0,7700480,6592102400,69304320,6669107200
GPT-13B--KVChime-EPIC-shared-readers-B2,F4,prefill,9,0,7700480,6592102400,77004800,6676807680
GPT-13B--KVChime-EPIC-shared-readers-B2,F4,prefill,10,0,7700480,6592102400,84705280,6684508160
GPT-13B--KVChime-EPIC-shared-readers-B2,F4,prefill,11,0,7700480,6592102400,92405760,6692208640
GPT-13B--KVChime-EPIC-shared-readers-B2,F4,prefill,12,0,7700480,6592102400,100106240,6699909120
GPT-13B--KVChime-EPIC-shared-readers-B2,F4,prefill,13,0,7700480,6592102400,107806720,6707609600
GPT-13B--KVChime-EPIC-shared-readers-B2,F4,prefill,14,0,7700480,6592102400,115507200,6715310080
GPT-13B--KVChime-EPIC-shared-readers-B2,F4,prefill,15,0,7700480,6592102400,123207680,6723010560
GPT-13B--KVChime-EPIC-shared-readers-B2,F4,prefill,16,0,7700480,6592102400,130908160,6730711040
GPT-13B--KVChime-EPIC-shared-readers-B2,F4,prefill,17,0,7700480,6592102400,138608640,6738411520
GPT-13B--KVChime-EPIC-shared-readers-B2,F4,prefill,18,0,7700480,6592102400,146309120,6746112000
GPT-13B--KVChime-EPIC-shared-readers-B2,F4,prefill,19,0,7700480,6592102400,154009600,6753812480
GPT-13B--KVChime-EPIC-shared-readers-B2,F4,prefill,20,0,7700480,6592102400,161710080,6761512960
GPT-13B--KVChime-EPIC-shared-readers-B2,F4,prefill,21,0,7700480,6592102400,169410560,6769213440
GPT-13B--KVChime-EPIC-shared-readers-B2,F4,prefill,22,0,7700480,6592102400,177111040,6776913920
GPT-13B--KVChime-EPIC-shared-readers-B2,F4,prefill,23,0,7700480,6592102400,184811520,6784614400
GPT-13B--KVChime-EPIC-shared-readers-B2,F4,prefill,24,0,7700480,6592102400,192512000,6792314880
GPT-13B--KVChime-EPIC-shared-readers-B2,F4,prefill,25,0,7700480,6592102400,200212480,6800015360
GPT-13B--KVChime-EPIC-shared-readers-B2,F4,prefill,26,0,7700480,6592102400,207912960,6807715840
GPT-13B--KVChime-EPIC-shared-readers-B2,F4,prefill,27,0,7700480,6592102400,215613440,6815416320
GPT-13B--KVChime-EPIC-shared-readers-B2,F4,prefill,28,0,7700480,6592102400,223313920,6823116800
GPT-13B--KVChime-EPIC-shared-readers-B2,F4,prefill,29,0,7700480,6592102400,231014400,6830817280
GPT-13B--KVChime-EPIC-shared-readers-B2,F4,prefill,30,0,7700480,6592102400,238714880,6838517760
GPT-13B--KVChime-EPIC-shared-readers-B2,F4,prefill,31,0,7700480,6592102400,246415360,6846218240
GPT-13B--KVChime-EPIC-shared-readers-B2,F4,prefill,32,0,7700480,6592102400,254115840,6853918720
GPT-13B--KVChime-EPIC-shared-readers-B2,F4,prefill,33,0,7700480,6592102400,261816320,6861619200
GPT-13B--KVChime-EPIC-shared-readers-B2,F4,prefill,34,0,7700480,6592102400,269516800,6869319680
GPT-13B--KVChime-EPIC-shared-readers-B2,F4,prefill,35,0,7700480,6592102400,277217280,6877020160
GPT-13B--KVChime-EPIC-shared-readers-B2,F4,prefill,36,0,7700480,6592102400,284917760,6884720640
GPT-13B--KVChime-EPIC-shared-readers-B2,F4,prefill,37,0,7700480,6592102400,292618240,6892421120
GPT-13B--KVChime-EPIC-shared-readers-B2,F4,prefill,38,0,7700480,6592102400,300318720,6900121600
GPT-13B--KVChime-EPIC-shared-readers-B2,F4,prefill,39,0,7700480,6592102400,308019200,6907822080
GPT-13B--KVChime-EPIC-shared-readers-B2,F4,decode,all,1,40960,6592102400,309657600,6901800960
GPT-13B--KVChime-EPIC-shared-readers-B2,F4,decode,all,2,40960,6592102400,311296000,6903439360
GPT-13B--KVChime-EPIC-shared-readers-B2,F4,decode,all,3,40960,6592102400,312934400,6905077760
GPT-13B--KVChime-EPIC-shared-readers-B2,F4,decode,all,4,40960,6592102400,314572800,6906716160
GPT-13B--KVChime-EPIC-shared-readers-B2,F4,decode,all,5,40960,6592102400,316211200,6908354560
GPT-13B--KVChime-EPIC-shared-readers-B2,F4,decode,all,6,40960,6592102400,317849600,6909992960
GPT-13B--KVChime-EPIC-shared-readers-B2,F4,decode,all,7,40960,6592102400,319488000,6911631360
GPT-13B--KVChime-EPIC-shared-readers-B2,F4,decode,all,8,40960,6592102400,321126400,6913269760
GPT-13B--KVChime-EPIC-shared-readers-B2,F4,decode,all,9,40960,6592102400,322764800,6914908160
GPT-13B--KVChime-EPIC-shared-readers-B2,F4,decode,all,10,40960,6592102400,324403200,6916546560
GPT-13B--KVChime-EPIC-shared-readers-B2,F4,decode,all,11,40960,6592102400,326041600,6918184960
GPT-13B--KVChime-EPIC-shared-readers-B2,F4,decode,all,12,40960,6592102400,327680000,6919823360
GPT-13B--KVChime-EPIC-shared-readers-B2,F4,decode,all,13,40960,6592102400,329318400,6921461760
GPT-13B--KVChime-EPIC-shared-readers-B2,F4,decode,all,14,40960,6592102400,330956800,6923100160
GPT-13B--KVChime-EPIC-shared-readers-B2,F4,decode,all,15,40960,6592102400,332595200,6924738560
GPT-13B--KVChime-EPIC-shared-readers-B4,F0,prefill,0,0,658227200,0,0,658227200
GPT-13B--KVChime-EPIC-shared-readers-B4,F0,prefill,1,0,1316454400,0,0,1316454400
GPT-13B--KVChime-EPIC-shared-readers-B4,F0,prefill,2,0,1974681600,0,0,1974681600
GPT-13B--KVChime-EPIC-shared-readers-B4,F0,prefill,3,0,2632908800,0,0,2632908800
GPT-13B--KVChime-EPIC-shared-readers-B4,F0,prefill,4,0,3291136000,0,0,3291136000
GPT-13B--KVChime-EPIC-shared-readers-B4,F0,prefill,5,0,3949363200,0,0,3949363200
GPT-13B--KVChime-EPIC-shared-readers-B4,F0,prefill,6,0,4607590400,0,0,4607590400
GPT-13B--KVChime-EPIC-shared-readers-B4,F0,prefill,7,0,5265817600,0,0,5265817600
GPT-13B--KVChime-EPIC-shared-readers-B4,F0,prefill,8,0,5924044800,0,0,5924044800
GPT-13B--KVChime-EPIC-shared-readers-B4,F0,prefill,9,0,6582272000,0,0,6582272000
GPT-13B--KVChime-EPIC-shared-readers-B4,F0,prefill,10,0,7240499200,0,0,7240499200
GPT-13B--KVChime-EPIC-shared-readers-B4,F0,prefill,11,0,7898726400,0,0,7898726400
GPT-13B--KVChime-EPIC-shared-readers-B4,F0,prefill,12,0,8556953600,0,0,8556953600
GPT-13B--KVChime-EPIC-shared-readers-B4,F0,prefill,13,0,9215180800,0,0,9215180800
GPT-13B--KVChime-EPIC-shared-readers-B4,F0,prefill,14,0,9873408000,0,0,9873408000
GPT-13B--KVChime-EPIC-shared-readers-B4,F0,prefill,15,0,10531635200,0,0,10531635200
GPT-13B--KVChime-EPIC-shared-readers-B4,F0,prefill,16,0,11189862400,0,0,11189862400
GPT-13B--KVChime-EPIC-shared-readers-B4,F0,prefill,17,0,11848089600,0,0,11848089600
GPT-13B--KVChime-EPIC-shared-readers-B4,F0,prefill,18,0,12506316800,0,0,12506316800
GPT-13B--KVChime-EPIC-shared-readers-B4,F0,prefill,19,0,13164544000,0,0,13164544000
GPT-13B--KVChime-EPIC-shared-readers-B4,F0,prefill,20,0,13822771200,0,0,13822771200
GPT-13B--KVChime-EPIC-shared-readers-B4,F0,prefill,21,0,14480998400,0,0,14480998400
GPT-13B--KVChime-EPIC-shared-readers-B4,F0,prefill,22,0,15139225600,0,0,15139225600
GPT-13B--KVChime-EPIC-shared-readers-B4,F0,prefill,23,0,15797452800,0,0,15797452800
GPT-13B--KVChime-EPIC-shared-readers-B4,F0,prefill,24,0,16455680000,0,0,16455680000
GPT-13B--KVChime-EPIC-shared-readers-B4,F0,prefill,25,0,17113907200,0,0,17113907200
GPT-13B--KVChime-EPIC-shared-readers-B4,F0,prefill,26,0,17772134400,0,0,17772134400
GPT-13B--KVChime-EPIC-shared-readers-B4,F0,prefill,27,0,18430361600,0,0,18430361600
GPT-13B--KVChime-EPIC-shared-readers-B4,F0,prefill,28,0,19088588800,0,0,19088588800
GPT-13B--KVChime-EPIC-shared-readers-B4,F0,prefill,29,0,19746816000,0,0,19746816000
GPT-13B--KVChime-EPIC-shared-readers-B4,F0,prefill,30,0,20405043200,0,0,20405043200
GPT-13B--KVChime-EPIC-shared-readers-B4,F0,prefill,31,0,21063270400,0,0,21063270400
GPT-13B--KVChime-EPIC-shared-readers-B4,F0,prefill,32,0,21721497600,0,0,21721497600
GPT-13B--KVChime-EPIC-shared-readers-B4,F0,prefill,33,0,22379724800,0,0,22379724800
GPT-13B--KVChime-EPIC-shared-readers-B4,F0,prefill,34,0,23037952000,0,0,23037952000
GPT-13B--KVChime-EPIC-shared-readers-B4,F0,prefill,35,0,23696179200,0,0,23696179200
GPT-13B--KVChime-EPIC-shared-readers-B4,F0,prefill,36,0,24354406400,0,0,24354406400
GPT-13B--KVChime-EPIC-shared-readers-B4,F0,prefill,37,0,25012633600,0,0,25012633600
GPT-13B--KVChime-EPIC-shared-readers-B4,F0,prefill,38,0,25670860800,0,0,25670860800
GPT-13B--KVChime-EPIC-shared-readers-B4,F0,prefill,39,0,26329088000,0,0,26329088000
GPT-13B--KVChime-EPIC-shared-readers-B4,F0,decode,all,1,26332364800,0,0,26332364800
GPT-13B--KVChime-EPIC-shared-readers-B4,F0,decode,all,2,26335641600,0,0,26335641600
GPT-13B--KVChime-EPIC-shared-readers-B4,F0,decode,all,3,26338918400,0,0,26338918400
GPT-13B--KVChime-EPIC-shared-readers-B4,F0,decode,all,4,26342195200,0,0,26342195200
GPT-13B--KVChime-EPIC-shared-readers-B4,F0,decode,all,5,26345472000,0,0,26345472000
GPT-13B--KVChime-EPIC-shared-readers-B4,F0,decode,all,6,26348748800,0,0,26348748800
GPT-13B--KVChime-EPIC-shared-readers-B4,F0,decode,all,7,26352025600,0,0,26352025600
GPT-13B--KVChime-EPIC-shared-readers-B4,F0,decode,all,8,26355302400,0,0,26355302400
GPT-13B--KVChime-EPIC-shared-readers-B4,F0,decode,all,9,26358579200,0,0,26358579200
GPT-13B--KVChime-EPIC-shared-readers-B4,F0,decode,all,10,26361856000,0,0,26361856000
GPT-13B--KVChime-EPIC-shared-readers-B4,F0,decode,all,11,26365132800,0,0,26365132800
GPT-13B--KVChime-EPIC-shared-readers-B4,F0,decode,all,12,26368409600,0,0,26368409600
GPT-13B--KVChime-EPIC-shared-readers-B4,F0,decode,all,13,26371686400,0,0,26371686400
GPT-13B--KVChime-EPIC-shared-readers-B4,F0,decode,all,14,26374963200,0,0,26374963200
GPT-13B--KVChime-EPIC-shared-readers-B4,F0,decode,all,15,26378240000,0,0,26378240000
GPT-13B--KVChime-EPIC-shared-readers-B4,F1,prefill,0,0,658227200,6611763200,0,7269990400
GPT-13B--KVChime-EPIC-shared-readers-B4,F1,prefill,1,0,1316454400,6611763200,0,7928217600
GPT-13B--KVChime-EPIC-shared-readers-B4,F1,prefill,2,0,1974681600,6611763200,0,8586444800
GPT-13B--KVChime-EPIC-shared-readers-B4,F1,prefill,3,0,2632908800,6611763200,0,9244672000
GPT-13B--KVChime-EPIC-shared-readers-B4,F1,prefill,4,0,3291136000,6611763200,0,9902899200
GPT-13B--KVChime-EPIC-shared-readers-B4,F1,prefill,5,0,3949363200,6611763200,0,10561126400
GPT-13B--KVChime-EPIC-shared-readers-B4,F1,prefill,6,0,4607590400,6611763200,0,11219353600
GPT-13B--KVChime-EPIC-shared-readers-B4,F1,prefill,7,0,5265817600,6611763200,0,11877580800
GPT-13B--KVChime-EPIC-shared-readers-B4,F1,prefill,8,0,5924044800,6611763200,0,12535808000
GPT-13B--KVChime-EPIC-shared-readers-B4,F1,prefill,9,0,6582272000,6611763200,0,13194035200
GPT-13B--KVChime-EPIC-shared-readers-B4,F1,prefill,10,0,7240499200,6611763200,0,13852262400
GPT-13B--KVChime-EPIC-shared-readers-B4,F1,prefill,11,0,7898726400,6611763200,0,14510489600
GPT-13B--KVChime-EPIC-shared-readers-B4,F1,prefill,12,0,8556953600,6611763200,0,15168716800
GPT-13B--KVChime-EPIC-shared-readers-B4,F1,prefill,13,0,9215180800,6611763200,0,15826944000
GPT-13B--KVChime-EPIC-shared-readers-B4,F1,prefill,14,0,9873408000,6611763200,0,16485171200
GPT-13B--KVChime-EPIC-shared-readers-B4,F1,prefill,15,0,10531635200,6611763200,0,17143398400
GPT-13B--KVChime-EPIC-shared-readers-B4,F1,prefill,16,0,11189862400,6611763200,0,17801625600
GPT-13B--KVChime-EPIC-shared-readers-B4,F1,prefill,17,0,11848089600,6611763200,0,18459852800
GPT-13B--KVChime-EPIC-shared-readers-B4,F1,prefill,18,0,12506316800,6611763200,0,19118080000
GPT-13B--KVChime-EPIC-shared-readers-B4,F1,prefill,19,0,13164544000,6611763200,0,19776307200
GPT-13B--KVChime-EPIC-shared-readers-B4,F1,prefill,20,0,13822771200,6611763200,0,20434534400
GPT-13B--KVChime-EPIC-shared-readers-B4,F1,prefill,21,0,14480998400,6611763200,0,21092761600
GPT-13B--KVChime-EPIC-shared-readers-B4,F1,prefill,22,0,15139225600,6611763200,0,21750988800
GPT-13B--KVChime-EPIC-shared-readers-B4,F1,prefill,23,0,15797452800,6611763200,0,22409216000
GPT-13B--KVChime-EPIC-shared-readers-B4,F1,prefill,24,0,16455680000,6611763200,0,23067443200
GPT-13B--KVChime-EPIC-shared-readers-B4,F1,prefill,25,0,17113907200,6611763200,0,23725670400
GPT-13B--KVChime-EPIC-shared-readers-B4,F1,prefill,26,0,17772134400,6611763200,0,24383897600
GPT-13B--KVChime-EPIC-shared-readers-B4,F1,prefill,27,0,18430361600,6611763200,0,25042124800
GPT-13B--KVChime-EPIC-shared-readers-B4,F1,prefill,28,0,19088588800,6611763200,0,25700352000
GPT-13B--KVChime-EPIC-shared-readers-B4,F1,prefill,29,0,19746816000,6611763200,0,26358579200
GPT-13B--KVChime-EPIC-shared-readers-B4,F1,prefill,30,0,20405043200,6611763200,0,27016806400
GPT-13B--KVChime-EPIC-shared-readers-B4,F1,prefill,31,0,21063270400,6611763200,0,27675033600
GPT-13B--KVChime-EPIC-shared-readers-B4,F1,prefill,32,0,21721497600,6611763200,0,28333260800
GPT-13B--KVChime-EPIC-shared-readers-B4,F1,prefill,33,0,22379724800,6611763200,0,28991488000
GPT-13B--KVChime-EPIC-shared-readers-B4,F1,prefill,34,0,23037952000,6611763200,0,29649715200
GPT-13B--KVChime-EPIC-shared-readers-B4,F1,prefill,35,0,23696179200,6611763200,0,30307942400
GPT-13B--KVChime-EPIC-shared-readers-B4,F1,prefill,36,0,24354406400,6611763200,0,30966169600
GPT-13B--KVChime-EPIC-shared-readers-B4,F1,prefill,37,0,25012633600,6611763200,0,31624396800
GPT-13B--KVChime-EPIC-shared-readers-B4,F1,prefill,38,0,25670860800,6611763200,0,32282624000
GPT-13B--KVChime-EPIC-shared-readers-B4,F1,prefill,39,0,26329088000,6611763200,0,32940851200
GPT-13B--KVChime-EPIC-shared-readers-B4,F1,decode,all,1,26332364800,6611763200,0,32944128000
GPT-13B--KVChime-EPIC-shared-readers-B4,F1,decode,all,2,26335641600,6611763200,0,32947404800
GPT-13B--KVChime-EPIC-shared-readers-B4,F1,decode,all,3,26338918400,6611763200,0,32950681600
GPT-13B--KVChime-EPIC-shared-readers-B4,F1,decode,all,4,26342195200,6611763200,0,32953958400
GPT-13B--KVChime-EPIC-shared-readers-B4,F1,decode,all,5,26345472000,6611763200,0,32957235200
GPT-13B--KVChime-EPIC-shared-readers-B4,F1,decode,all,6,26348748800,6611763200,0,32960512000
GPT-13B--KVChime-EPIC-shared-readers-B4,F1,decode,all,7,26352025600,6611763200,0,32963788800
GPT-13B--KVChime-EPIC-shared-readers-B4,F1,decode,all,8,26355302400,6611763200,0,32967065600
GPT-13B--KVChime-EPIC-shared-readers-B4,F1,decode,all,9,26358579200,6611763200,0,32970342400
GPT-13B--KVChime-EPIC-shared-readers-B4,F1,decode,all,10,26361856000,6611763200,0,32973619200
GPT-13B--KVChime-EPIC-shared-readers-B4,F1,decode,all,11,26365132800,6611763200,0,32976896000
GPT-13B--KVChime-EPIC-shared-readers-B4,F1,decode,all,12,26368409600,6611763200,0,32980172800
GPT-13B--KVChime-EPIC-shared-readers-B4,F1,decode,all,13,26371686400,6611763200,0,32983449600
GPT-13B--KVChime-EPIC-shared-readers-B4,F1,decode,all,14,26374963200,6611763200,0,32986726400
GPT-13B--KVChime-EPIC-shared-readers-B4,F1,decode,all,15,26378240000,6611763200,0,32990003200
GPT-13B--KVChime-EPIC-shared-readers-B4,F2,prefill,0,0,658227200,6611763200,658227200,7928217600
GPT-13B--KVChime-EPIC-shared-readers-B4,F2,prefill,1,0,658227200,6611763200,1316454400,8586444800
GPT-13B--KVChime-EPIC-shared-readers-B4,F2,prefill,2,0,658227200,6611763200,1974681600,9244672000
GPT-13B--KVChime-EPIC-shared-readers-B4,F2,prefill,3,0,658227200,6611763200,2632908800,9902899200
GPT-13B--KVChime-EPIC-shared-readers-B4,F2,prefill,4,0,658227200,6611763200,3291136000,10561126400
GPT-13B--KVChime-EPIC-shared-readers-B4,F2,prefill,5,0,658227200,6611763200,3949363200,11219353600
GPT-13B--KVChime-EPIC-shared-readers-B4,F2,prefill,6,0,658227200,6611763200,4607590400,11877580800
GPT-13B--KVChime-EPIC-shared-readers-B4,F2,prefill,7,0,658227200,6611763200,5265817600,12535808000
GPT-13B--KVChime-EPIC-shared-readers-B4,F2,prefill,8,0,658227200,6611763200,5924044800,13194035200
GPT-13B--KVChime-EPIC-shared-readers-B4,F2,prefill,9,0,658227200,6611763200,6582272000,13852262400
GPT-13B--KVChime-EPIC-shared-readers-B4,F2,prefill,10,0,658227200,6611763200,7240499200,14510489600
GPT-13B--KVChime-EPIC-shared-readers-B4,F2,prefill,11,0,658227200,6611763200,7898726400,15168716800
GPT-13B--KVChime-EPIC-shared-readers-B4,F2,prefill,12,0,658227200,6611763200,8556953600,15826944000
GPT-13B--KVChime-EPIC-shared-readers-B4,F2,prefill,13,0,658227200,6611763200,9215180800,16485171200
GPT-13B--KVChime-EPIC-shared-readers-B4,F2,prefill,14,0,658227200,6611763200,9873408000,17143398400
GPT-13B--KVChime-EPIC-shared-readers-B4,F2,prefill,15,0,658227200,6611763200,10531635200,17801625600
GPT-13B--KVChime-EPIC-shared-readers-B4,F2,prefill,16,0,658227200,6611763200,11189862400,18459852800
GPT-13B--KVChime-EPIC-shared-readers-B4,F2,prefill,17,0,658227200,6611763200,11848089600,19118080000
GPT-13B--KVChime-EPIC-shared-readers-B4,F2,prefill,18,0,658227200,6611763200,12506316800,19776307200
GPT-13B--KVChime-EPIC-shared-readers-B4,F2,prefill,19,0,658227200,6611763200,13164544000,20434534400
GPT-13B--KVChime-EPIC-shared-readers-B4,F2,prefill,20,0,658227200,6611763200,13822771200,21092761600
GPT-13B--KVChime-EPIC-shared-readers-B4,F2,prefill,21,0,658227200,6611763200,14480998400,21750988800
GPT-13B--KVChime-EPIC-shared-readers-B4,F2,prefill,22,0,658227200,6611763200,15139225600,22409216000
GPT-13B--KVChime-EPIC-shared-readers-B4,F2,prefill,23,0,658227200,6611763200,15797452800,23067443200
GPT-13B--KVChime-EPIC-shared-readers-B4,F2,prefill,24,0,658227200,6611763200,16455680000,23725670400
GPT-13B--KVChime-EPIC-shared-readers-B4,F2,prefill,25,0,658227200,6611763200,17113907200,24383897600
GPT-13B--KVChime-EPIC-shared-readers-B4,F2,prefill,26,0,658227200,6611763200,17772134400,25042124800
GPT-13B--KVChime-EPIC-shared-readers-B4,F2,prefill,27,0,658227200,6611763200,18430361600,25700352000
GPT-13B--KVChime-EPIC-shared-readers-B4,F2,prefill,28,0,658227200,6611763200,19088588800,26358579200
GPT-13B--KVChime-EPIC-shared-readers-B4,F2,prefill,29,0,658227200,6611763200,19746816000,27016806400
GPT-13B--KVChime-EPIC-shared-readers-B4,F2,prefill,30,0,658227200,6611763200,20405043200,27675033600
GPT-13B--KVChime-EPIC-shared-readers-B4,F2,prefill,31,0,658227200,6611763200,21063270400,28333260800
GPT-13B--KVChime-EPIC-shared-readers-B4,F2,prefill,32,0,658227200,6611763200,21721497600,28991488000
GPT-13B--KVChime-EPIC-shared-readers-B4,F2,prefill,33,0,658227200,6611763200,22379724800,29649715200
GPT-13B--KVChime-EPIC-shared-readers-B4,F2,prefill,34,0,658227200,6611763200,23037952000,30307942400
GPT-13B--KVChime-EPIC-shared-readers-B4,F2,prefill,35,0,658227200,6611763200,23696179200,30966169600
GPT-13B--KVChime-EPIC-shared-readers-B4,F2,prefill,36,0,658227200,6611763200,24354406400,31624396800
GPT-13B--KVChime-EPIC-shared-readers-B4,F2,prefill,37,0,658227200,6611763200,25012633600,32282624000
GPT-13B--KVChime-EPIC-shared-readers-B4,F2,prefill,38,0,658227200,6611763200,25670860800,32940851200
GPT-13B--KVChime-EPIC-shared-readers-B4,F2,prefill,39,0,658227200,6611763200,26329088000,33599078400
GPT-13B--KVChime-EPIC-shared-readers-B4,F2,decode,all,1,81920,6611763200,26332364800,32944209920
GPT-13B--KVChime-EPIC-shared-readers-B4,F2,decode,all,2,81920,6611763200,26335641600,32947486720
GPT-13B--KVChime-EPIC-shared-readers-B4,F2,decode,all,3,81920,6611763200,26338918400,32950763520
GPT-13B--KVChime-EPIC-shared-readers-B4,F2,decode,all,4,81920,6611763200,26342195200,32954040320
GPT-13B--KVChime-EPIC-shared-readers-B4,F2,decode,all,5,81920,6611763200,26345472000,32957317120
GPT-13B--KVChime-EPIC-shared-readers-B4,F2,decode,all,6,81920,6611763200,26348748800,32960593920
GPT-13B--KVChime-EPIC-shared-readers-B4,F2,decode,all,7,81920,6611763200,26352025600,32963870720
GPT-13B--KVChime-EPIC-shared-readers-B4,F2,decode,all,8,81920,6611763200,26355302400,32967147520
GPT-13B--KVChime-EPIC-shared-readers-B4,F2,decode,all,9,81920,6611763200,26358579200,32970424320
GPT-13B--KVChime-EPIC-shared-readers-B4,F2,decode,all,10,81920,6611763200,26361856000,32973701120
GPT-13B--KVChime-EPIC-shared-readers-B4,F2,decode,all,11,81920,6611763200,26365132800,32976977920
GPT-13B--KVChime-EPIC-shared-readers-B4,F2,decode,all,12,81920,6611763200,26368409600,32980254720
GPT-13B--KVChime-EPIC-shared-readers-B4,F2,decode,all,13,81920,6611763200,26371686400,32983531520
GPT-13B--KVChime-EPIC-shared-readers-B4,F2,decode,all,14,81920,6611763200,26374963200,32986808320
GPT-13B--KVChime-EPIC-shared-readers-B4,F2,decode,all,15,81920,6611763200,26378240000,32990085120
GPT-13B--KVChime-EPIC-shared-readers-B4,F3,prefill,0,0,658227200,6611763200,15400960,7285391360
GPT-13B--KVChime-EPIC-shared-readers-B4,F3,prefill,1,0,658227200,6611763200,30801920,7300792320
GPT-13B--KVChime-EPIC-shared-readers-B4,F3,prefill,2,0,658227200,6611763200,46202880,7316193280
GPT-13B--KVChime-EPIC-shared-readers-B4,F3,prefill,3,0,658227200,6611763200,61603840,7331594240
GPT-13B--KVChime-EPIC-shared-readers-B4,F3,prefill,4,0,658227200,6611763200,77004800,7346995200
GPT-13B--KVChime-EPIC-shared-readers-B4,F3,prefill,5,0,658227200,6611763200,92405760,7362396160
GPT-13B--KVChime-EPIC-shared-readers-B4,F3,prefill,6,0,658227200,6611763200,107806720,7377797120
GPT-13B--KVChime-EPIC-shared-readers-B4,F3,prefill,7,0,658227200,6611763200,123207680,7393198080
GPT-13B--KVChime-EPIC-shared-readers-B4,F3,prefill,8,0,658227200,6611763200,138608640,7408599040
GPT-13B--KVChime-EPIC-shared-readers-B4,F3,prefill,9,0,658227200,6611763200,154009600,7424000000
GPT-13B--KVChime-EPIC-shared-readers-B4,F3,prefill,10,0,658227200,6611763200,169410560,7439400960
GPT-13B--KVChime-EPIC-shared-readers-B4,F3,prefill,11,0,658227200,6611763200,184811520,7454801920
GPT-13B--KVChime-EPIC-shared-readers-B4,F3,prefill,12,0,658227200,6611763200,200212480,7470202880
GPT-13B--KVChime-EPIC-shared-readers-B4,F3,prefill,13,0,658227200,6611763200,215613440,7485603840
GPT-13B--KVChime-EPIC-shared-readers-B4,F3,prefill,14,0,658227200,6611763200,231014400,7501004800
GPT-13B--KVChime-EPIC-shared-readers-B4,F3,prefill,15,0,658227200,6611763200,246415360,7516405760
GPT-13B--KVChime-EPIC-shared-readers-B4,F3,prefill,16,0,658227200,6611763200,261816320,7531806720
GPT-13B--KVChime-EPIC-shared-readers-B4,F3,prefill,17,0,658227200,6611763200,277217280,7547207680
GPT-13B--KVChime-EPIC-shared-readers-B4,F3,prefill,18,0,658227200,6611763200,292618240,7562608640
GPT-13B--KVChime-EPIC-shared-readers-B4,F3,prefill,19,0,658227200,6611763200,308019200,7578009600
GPT-13B--KVChime-EPIC-shared-readers-B4,F3,prefill,20,0,658227200,6611763200,323420160,7593410560
GPT-13B--KVChime-EPIC-shared-readers-B4,F3,prefill,21,0,658227200,6611763200,338821120,7608811520
GPT-13B--KVChime-EPIC-shared-readers-B4,F3,prefill,22,0,658227200,6611763200,354222080,7624212480
GPT-13B--KVChime-EPIC-shared-readers-B4,F3,prefill,23,0,658227200,6611763200,369623040,7639613440
GPT-13B--KVChime-EPIC-shared-readers-B4,F3,prefill,24,0,658227200,6611763200,385024000,7655014400
GPT-13B--KVChime-EPIC-shared-readers-B4,F3,prefill,25,0,658227200,6611763200,400424960,7670415360
GPT-13B--KVChime-EPIC-shared-readers-B4,F3,prefill,26,0,658227200,6611763200,415825920,7685816320
GPT-13B--KVChime-EPIC-shared-readers-B4,F3,prefill,27,0,658227200,6611763200,431226880,7701217280
GPT-13B--KVChime-EPIC-shared-readers-B4,F3,prefill,28,0,658227200,6611763200,446627840,7716618240
GPT-13B--KVChime-EPIC-shared-readers-B4,F3,prefill,29,0,658227200,6611763200,462028800,7732019200
GPT-13B--KVChime-EPIC-shared-readers-B4,F3,prefill,30,0,658227200,6611763200,477429760,7747420160
GPT-13B--KVChime-EPIC-shared-readers-B4,F3,prefill,31,0,658227200,6611763200,492830720,7762821120
GPT-13B--KVChime-EPIC-shared-readers-B4,F3,prefill,32,0,658227200,6611763200,508231680,7778222080
GPT-13B--KVChime-EPIC-shared-readers-B4,F3,prefill,33,0,658227200,6611763200,523632640,7793623040
GPT-13B--KVChime-EPIC-shared-readers-B4,F3,prefill,34,0,658227200,6611763200,539033600,7809024000
GPT-13B--KVChime-EPIC-shared-readers-B4,F3,prefill,35,0,658227200,6611763200,554434560,7824424960
GPT-13B--KVChime-EPIC-shared-readers-B4,F3,prefill,36,0,658227200,6611763200,569835520,7839825920
GPT-13B--KVChime-EPIC-shared-readers-B4,F3,prefill,37,0,658227200,6611763200,585236480,7855226880
GPT-13B--KVChime-EPIC-shared-readers-B4,F3,prefill,38,0,658227200,6611763200,600637440,7870627840
GPT-13B--KVChime-EPIC-shared-readers-B4,F3,prefill,39,0,658227200,6611763200,616038400,7886028800
GPT-13B--KVChime-EPIC-shared-readers-B4,F3,decode,all,1,81920,6611763200,619315200,7231160320
GPT-13B--KVChime-EPIC-shared-readers-B4,F3,decode,all,2,81920,6611763200,622592000,7234437120
GPT-13B--KVChime-EPIC-shared-readers-B4,F3,decode,all,3,81920,6611763200,625868800,7237713920
GPT-13B--KVChime-EPIC-shared-readers-B4,F3,decode,all,4,81920,6611763200,629145600,7240990720
GPT-13B--KVChime-EPIC-shared-readers-B4,F3,decode,all,5,81920,6611763200,632422400,7244267520
GPT-13B--KVChime-EPIC-shared-readers-B4,F3,decode,all,6,81920,6611763200,635699200,7247544320
GPT-13B--KVChime-EPIC-shared-readers-B4,F3,decode,all,7,81920,6611763200,638976000,7250821120
GPT-13B--KVChime-EPIC-shared-readers-B4,F3,decode,all,8,81920,6611763200,642252800,7254097920
GPT-13B--KVChime-EPIC-shared-readers-B4,F3,decode,all,9,81920,6611763200,645529600,7257374720
GPT-13B--KVChime-EPIC-shared-readers-B4,F3,decode,all,10,81920,6611763200,648806400,7260651520
GPT-13B--KVChime-EPIC-shared-readers-B4,F3,decode,all,11,81920,6611763200,652083200,7263928320
GPT-13B--KVChime-EPIC-shared-readers-B4,F3,decode,all,12,81920,6611763200,655360000,7267205120
GPT-13B--KVChime-EPIC-shared-readers-B4,F3,decode,all,13,81920,6611763200,658636800,7270481920
GPT-13B--KVChime-EPIC-shared-readers-B4,F3,decode,all,14,81920,6611763200,661913600,7273758720
GPT-13B--KVChime-EPIC-shared-readers-B4,F3,decode,all,15,81920,6611763200,665190400,7277035520
GPT-13B--KVChime-EPIC-shared-readers-B4,F4,prefill,0,0,15400960,6611763200,15400960,6642565120
GPT-13B--KVChime-EPIC-shared-readers-B4,F4,prefill,1,0,15400960,6611763200,30801920,6657966080
GPT-13B--KVChime-EPIC-shared-readers-B4,F4,prefill,2,0,15400960,6611763200,46202880,6673367040
GPT-13B--KVChime-EPIC-shared-readers-B4,F4,prefill,3,0,15400960,6611763200,61603840,6688768000
GPT-13B--KVChime-EPIC-shared-readers-B4,F4,prefill,4,0,15400960,6611763200,77004800,6704168960
GPT-13B--KVChime-EPIC-shared-readers-B4,F4,prefill,5,0,15400960,6611763200,92405760,6719569920
GPT-13B--KVChime-EPIC-shared-readers-B4,F4,prefill,6,0,15400960,6611763200,107806720,6734970880
GPT-13B--KVChime-EPIC-shared-readers-B4,F4,prefill,7,0,15400960,6611763200,123207680,6750371840
GPT-13B--KVChime-EPIC-shared-readers-B4,F4,prefill,8,0,15400960,6611763200,138608640,6765772800
GPT-13B--KVChime-EPIC-shared-readers-B4,F4,prefill,9,0,15400960,6611763200,154009600,6781173760
GPT-13B--KVChime-EPIC-shared-readers-B4,F4,prefill,10,0,15400960,6611763200,169410560,6796574720
GPT-13B--KVChime-EPIC-shared-readers-B4,F4,prefill,11,0,15400960,6611763200,184811520,6811975680
GPT-13B--KVChime-EPIC-shared-readers-B4,F4,prefill,12,0,15400960,6611763200,200212480,6827376640
GPT-13B--KVChime-EPIC-shared-readers-B4,F4,prefill,13,0,15400960,6611763200,215613440,6842777600
GPT-13B--KVChime-EPIC-shared-readers-B4,F4,prefill,14,0,15400960,6611763200,231014400,6858178560
GPT-13B--KVChime-EPIC-shared-readers-B4,F4,prefill,15,0,15400960,6611763200,246415360,6873579520
GPT-13B--KVChime-EPIC-shared-readers-B4,F4,prefill,16,0,15400960,6611763200,261816320,6888980480
GPT-13B--KVChime-EPIC-shared-readers-B4,F4,prefill,17,0,15400960,6611763200,277217280,6904381440
GPT-13B--KVChime-EPIC-shared-readers-B4,F4,prefill,18,0,15400960,6611763200,292618240,6919782400
GPT-13B--KVChime-EPIC-shared-readers-B4,F4,prefill,19,0,15400960,6611763200,308019200,6935183360
GPT-13B--KVChime-EPIC-shared-readers-B4,F4,prefill,20,0,15400960,6611763200,323420160,6950584320
GPT-13B--KVChime-EPIC-shared-readers-B4,F4,prefill,21,0,15400960,6611763200,338821120,6965985280
GPT-13B--KVChime-EPIC-shared-readers-B4,F4,prefill,22,0,15400960,6611763200,354222080,6981386240
GPT-13B--KVChime-EPIC-shared-readers-B4,F4,prefill,23,0,15400960,6611763200,369623040,6996787200
GPT-13B--KVChime-EPIC-shared-readers-B4,F4,prefill,24,0,15400960,6611763200,385024000,7012188160
GPT-13B--KVChime-EPIC-shared-readers-B4,F4,prefill,25,0,15400960,6611763200,400424960,7027589120
GPT-13B--KVChime-EPIC-shared-readers-B4,F4,prefill,26,0,15400960,6611763200,415825920,7042990080
GPT-13B--KVChime-EPIC-shared-readers-B4,F4,prefill,27,0,15400960,6611763200,431226880,7058391040
GPT-13B--KVChime-EPIC-shared-readers-B4,F4,prefill,28,0,15400960,6611763200,446627840,7073792000
GPT-13B--KVChime-EPIC-shared-readers-B4,F4,prefill,29,0,15400960,6611763200,462028800,7089192960
GPT-13B--KVChime-EPIC-shared-readers-B4,F4,prefill,30,0,15400960,6611763200,477429760,7104593920
GPT-13B--KVChime-EPIC-shared-readers-B4,F4,prefill,31,0,15400960,6611763200,492830720,7119994880
GPT-13B--KVChime-EPIC-shared-readers-B4,F4,prefill,32,0,15400960,6611763200,508231680,7135395840
GPT-13B--KVChime-EPIC-shared-readers-B4,F4,prefill,33,0,15400960,6611763200,523632640,7150796800
GPT-13B--KVChime-EPIC-shared-readers-B4,F4,prefill,34,0,15400960,6611763200,539033600,7166197760
GPT-13B--KVChime-EPIC-shared-readers-B4,F4,prefill,35,0,15400960,6611763200,554434560,7181598720
GPT-13B--KVChime-EPIC-shared-readers-B4,F4,prefill,36,0,15400960,6611763200,569835520,7196999680
GPT-13B--KVChime-EPIC-shared-readers-B4,F4,prefill,37,0,15400960,6611763200,585236480,7212400640
GPT-13B--KVChime-EPIC-shared-readers-B4,F4,prefill,38,0,15400960,6611763200,600637440,7227801600
GPT-13B--KVChime-EPIC-shared-readers-B4,F4,prefill,39,0,15400960,6611763200,616038400,7243202560
GPT-13B--KVChime-EPIC-shared-readers-B4,F4,decode,all,1,81920,6611763200,619315200,7231160320
GPT-13B--KVChime-EPIC-shared-readers-B4,F4,decode,all,2,81920,6611763200,622592000,7234437120
GPT-13B--KVChime-EPIC-shared-readers-B4,F4,decode,all,3,81920,6611763200,625868800,7237713920
GPT-13B--KVChime-EPIC-shared-readers-B4,F4,decode,all,4,81920,6611763200,629145600,7240990720
GPT-13B--KVChime-EPIC-shared-readers-B4,F4,decode,all,5,81920,6611763200,632422400,7244267520
GPT-13B--KVChime-EPIC-shared-readers-B4,F4,decode,all,6,81920,6611763200,635699200,7247544320
GPT-13B--KVChime-EPIC-shared-readers-B4,F4,decode,all,7,81920,6611763200,638976000,7250821120
GPT-13B--KVChime-EPIC-shared-readers-B4,F4,decode,all,8,81920,6611763200,642252800,7254097920
GPT-13B--KVChime-EPIC-shared-readers-B4,F4,decode,all,9,81920,6611763200,645529600,7257374720
GPT-13B--KVChime-EPIC-shared-readers-B4,F4,decode,all,10,81920,6611763200,648806400,7260651520
GPT-13B--KVChime-EPIC-shared-readers-B4,F4,decode,all,11,81920,6611763200,652083200,7263928320
GPT-13B--KVChime-EPIC-shared-readers-B4,F4,decode,all,12,81920,6611763200,655360000,7267205120
GPT-13B--KVChime-EPIC-shared-readers-B4,F4,decode,all,13,81920,6611763200,658636800,7270481920
GPT-13B--KVChime-EPIC-shared-readers-B4,F4,decode,all,14,81920,6611763200,661913600,7273758720
GPT-13B--KVChime-EPIC-shared-readers-B4,F4,decode,all,15,81920,6611763200,665190400,7277035520
LLAMA-65B--KVChime-CB-3,F0,prefill,0,0,112066560,0,0,112066560
LLAMA-65B--KVChime-CB-3,F0,prefill,1,0,224133120,0,0,224133120
LLAMA-65B--KVChime-CB-3,F0,prefill,2,0,336199680,0,0,336199680
LLAMA-65B--KVChime-CB-3,F0,prefill,3,0,448266240,0,0,448266240
LLAMA-65B--KVChime-CB-3,F0,prefill,4,0,560332800,0,0,560332800
LLAMA-65B--KVChime-CB-3,F0,prefill,5,0,672399360,0,0,672399360
LLAMA-65B--KVChime-CB-3,F0,prefill,6,0,784465920,0,0,784465920
LLAMA-65B--KVChime-CB-3,F0,prefill,7,0,896532480,0,0,896532480
LLAMA-65B--KVChime-CB-3,F0,prefill,8,0,1008599040,0,0,1008599040
LLAMA-65B--KVChime-CB-3,F0,prefill,9,0,1120665600,0,0,1120665600
LLAMA-65B--KVChime-CB-3,F0,prefill,10,0,1232732160,0,0,1232732160
LLAMA-65B--KVChime-CB-3,F0,prefill,11,0,1344798720,0,0,1344798720
LLAMA-65B--KVChime-CB-3,F0,prefill,12,0,1456865280,0,0,1456865280
LLAMA-65B--KVChime-CB-3,F0,prefill,13,0,1568931840,0,0,1568931840
LLAMA-65B--KVChime-CB-3,F0,prefill,14,0,1680998400,0,0,1680998400
LLAMA-65B--KVChime-CB-3,F0,prefill,15,0,1793064960,0,0,1793064960
LLAMA-65B--KVChime-CB-3,F0,prefill,16,0,1905131520,0,0,1905131520
LLAMA-65B--KVChime-CB-3,F0,prefill,17,0,2017198080,0,0,2017198080
LLAMA-65B--KVChime-CB-3,F0,prefill,18,0,2129264640,0,0,2129264640
LLAMA-65B--KVChime-CB-3,F0,prefill,19,0,2241331200,0,0,2241331200
LLAMA-65B--KVChime-CB-3,F0,prefill,20,0,2353397760,0,0,2353397760
LLAMA-65B--KVChime-CB-3,F0,prefill,21,0,2465464320,0,0,2465464320
LLAMA-65B--KVChime-CB-3,F0,prefill,22,0,2577530880,0,0,2577530880
LLAMA-65B--KVChime-CB-3,F0,prefill,23,0,2689597440,0,0,2689597440
LLAMA-65B--KVChime-CB-3,F0,prefill,24,0,2801664000,0,0,2801664000
LLAMA-65B--KVChime-CB-3,F0,prefill,25,0,2913730560,0,0,2913730560
LLAMA-65B--KVChime-CB-3,F0,prefill,26,0,3025797120,0,0,3025797120
LLAMA-65B--KVChime-CB-3,F0,prefill,27,0,3137863680,0,0,3137863680
LLAMA-65B--KVChime-CB-3,F0,prefill,28,0,3249930240,0,0,3249930240
LLAMA-65B--KVChime-CB-3,F0,prefill,29,0,3361996800,0,0,3361996800
LLAMA-65B--KVChime-CB-3,F0,prefill,30,0,3474063360,0,0,3474063360
LLAMA-65B--KVChime-CB-3,F0,prefill,31,0,3586129920,0,0,3586129920
LLAMA-65B--KVChime-CB-3,F0,prefill,32,0,3698196480,0,0,3698196480
LLAMA-65B--KVChime-CB-3,F0,prefill,33,0,3810263040,0,0,3810263040
LLAMA-65B--KVChime-CB-3,F0,prefill,34,0,3922329600,0,0,3922329600
LLAMA-65B--KVChime-CB-3,F0,prefill,35,0,4034396160,0,0,4034396160
LLAMA-65B--KVChime-CB-3,F0,prefill,36,0,4146462720,0,0,4146462720
LLAMA-65B--KVChime-CB-3,F0,prefill,37,0,4258529280,0,0,4258529280
LLAMA-65B--KVChime-CB-3,F0,prefill,38,0,4370595840,0,0,4370595840
LLAMA-65B--KVChime-CB-3,F0,prefill,39,0,4482662400,0,0,4482662400
LLAMA-65B--KVChime-CB-3,F0,prefill,40,0,4594728960,0,0,4594728960
LLAMA-65B--KVChime-CB-3,F0,prefill,41,0,4706795520,0,0,4706795520
LLAMA-65B--KVChime-CB-3,F0,prefill,42,0,4818862080,0,0,4818862080
LLAMA-65B--KVChime-CB-3,F0,prefill,43,0,4930928640,0,0,4930928640
LLAMA-65B--KVChime-CB-3,F0,prefill,44,0,5042995200,0,0,5042995200
LLAMA-65B--KVChime-CB-3,F0,prefill,45,0,5155061760,0,0,5155061760
LLAMA-65B--KVChime-CB-3,F0,prefill,46,0,5267128320,0,0,5267128320
LLAMA-65B--KVChime-CB-3,F0,prefill,47,0,5379194880,0,0,5379194880
LLAMA-65B--KVChime-CB-3,F0,prefill,48,0,5491261440,0,0,5491261440
LLAMA-65B--KVChime-CB-3,F0,prefill,49,0,5603328000,0,0,5603328000
LLAMA-65B--KVChime-CB-3,F0,prefill,50,0,5715394560,0,0,5715394560
LLAMA-65B--KVChime-CB-3,F0,prefill,51,0,5827461120,0,0,5827461120
LLAMA-65B--KVChime-CB-3,F0,prefill,52,0,5939527680,0,0,5939527680
LLAMA-65B--KVChime-CB-3,F0,prefill,53,0,6051594240,0,0,6051594240
LLAMA-65B--KVChime-CB-3,F0,prefill,54,0,6163660800,0,0,6163660800
LLAMA-65B--KVChime-CB-3,F0,prefill,55,0,6275727360,0,0,6275727360
LLAMA-65B--KVChime-CB-3,F0,prefill,56,0,6387793920,0,0,6387793920
LLAMA-65B--KVChime-CB-3,F0,prefill,57,0,6499860480,0,0,6499860480
LLAMA-65B--KVChime-CB-3,F0,prefill,58,0,6611927040,0,0,6611927040
LLAMA-65B--KVChime-CB-3,F0,prefill,59,0,6723993600,0,0,6723993600
LLAMA-65B--KVChime-CB-3,F0,prefill,60,0,6836060160,0,0,6836060160
LLAMA-65B--KVChime-CB-3,F0,prefill,61,0,6948126720,0,0,6948126720
LLAMA-65B--KVChime-CB-3,F0,prefill,62,0,7060193280,0,0,7060193280
LLAMA-65B--KVChime-CB-3,F0,prefill,63,0,7172259840,0,0,7172259840
LLAMA-65B--KVChime-CB-3,F0,prefill,64,0,7284326400,0,0,7284326400
LLAMA-65B--KVChime-CB-3,F0,prefill,65,0,7396392960,0,0,7396392960
LLAMA-65B--KVChime-CB-3,F0,prefill,66,0,7508459520,0,0,7508459520
LLAMA-65B--KVChime-CB-3,F0,prefill,67,0,7620526080,0,0,7620526080
LLAMA-65B--KVChime-CB-3,F0,prefill,68,0,7732592640,0,0,7732592640
LLAMA-65B--KVChime-CB-3,F0,prefill,69,0,7844659200,0,0,7844659200
LLAMA-65B--KVChime-CB-3,F0,prefill,70,0,7956725760,0,0,7956725760
LLAMA-65B--KVChime-CB-3,F0,prefill,71,0,8068792320,0,0,8068792320
LLAMA-65B--KVChime-CB-3,F0,prefill,72,0,8180858880,0,0,8180858880
LLAMA-65B--KVChime-CB-3,F0,prefill,73,0,8292925440,0,0,8292925440
LLAMA-65B--KVChime-CB-3,F0,prefill,74,0,8404992000,0,0,8404992000
LLAMA-65B--KVChime-CB-3,F0,prefill,75,0,8517058560,0,0,8517058560
LLAMA-65B--KVChime-CB-3,F0,prefill,76,0,8629125120,0,0,8629125120
LLAMA-65B--KVChime-CB-3,F0,prefill,77,0,8741191680,0,0,8741191680
LLAMA-65B--KVChime-CB-3,F0,prefill,78,0,8853258240,0,0,8853258240
LLAMA-65B--KVChime-CB-3,F0,prefill,79,0,8965324800,0,0,8965324800
LLAMA-65B--KVChime-CB-3,F0,decode,all,1,8967946240,0,0,8967946240
LLAMA-65B--KVChime-CB-3,F0,decode,all,2,8970567680,0,0,8970567680
LLAMA-65B--KVChime-CB-3,F0,decode,all,3,8973189120,0,0,8973189120
LLAMA-65B--KVChime-CB-3,F0,decode,all,4,8975810560,0,0,8975810560
LLAMA-65B--KVChime-CB-3,F0,decode,all,5,8978432000,0,0,8978432000
LLAMA-65B--KVChime-CB-3,F0,decode,all,6,8981053440,0,0,8981053440
LLAMA-65B--KVChime-CB-3,F0,decode,all,7,8983674880,0,0,8983674880
LLAMA-65B--KVChime-CB-3,F0,decode,all,8,8986296320,0,0,8986296320
LLAMA-65B--KVChime-CB-3,F0,decode,all,9,8988917760,0,0,8988917760
LLAMA-65B--KVChime-CB-3,F1,prefill,0,0,112066560,17707827200,0,17819893760
LLAMA-65B--KVChime-CB-3,F1,prefill,1,0,224133120,17707827200,0,17931960320
LLAMA-65B--KVChime-CB-3,F1,prefill,2,0,336199680,17707827200,0,18044026880
LLAMA-65B--KVChime-CB-3,F1,prefill,3,0,448266240,17707827200,0,18156093440
LLAMA-65B--KVChime-CB-3,F1,prefill,4,0,560332800,17707827200,0,18268160000
LLAMA-65B--KVChime-CB-3,F1,prefill,5,0,672399360,17707827200,0,18380226560
LLAMA-65B--KVChime-CB-3,F1,prefill,6,0,784465920,17707827200,0,18492293120
LLAMA-65B--KVChime-CB-3,F1,prefill,7,0,896532480,17707827200,0,18604359680
LLAMA-65B--KVChime-CB-3,F1,prefill,8,0,1008599040,17707827200,0,18716426240
LLAMA-65B--KVChime-CB-3,F1,prefill,9,0,1120665600,17707827200,0,18828492800
LLAMA-65B--KVChime-CB-3,F1,prefill,10,0,1232732160,17707827200,0,18940559360
LLAMA-65B--KVChime-CB-3,F1,prefill,11,0,1344798720,17707827200,0,19052625920
LLAMA-65B--KVChime-CB-3,F1,prefill,12,0,1456865280,17707827200,0,19164692480
LLAMA-65B--KVChime-CB-3,F1,prefill,13,0,1568931840,17707827200,0,19276759040
LLAMA-65B--KVChime-CB-3,F1,prefill,14,0,1680998400,17707827200,0,19388825600
LLAMA-65B--KVChime-CB-3,F1,prefill,15,0,1793064960,17707827200,0,19500892160
LLAMA-65B--KVChime-CB-3,F1,prefill,16,0,1905131520,17707827200,0,19612958720
LLAMA-65B--KVChime-CB-3,F1,prefill,17,0,2017198080,17707827200,0,19725025280
LLAMA-65B--KVChime-CB-3,F1,prefill,18,0,2129264640,17707827200,0,19837091840
LLAMA-65B--KVChime-CB-3,F1,prefill,19,0,2241331200,17707827200,0,19949158400
LLAMA-65B--KVChime-CB-3,F1,prefill,20,0,2353397760,17707827200,0,20061224960
LLAMA-65B--KVChime-CB-3,F1,prefill,21,0,2465464320,17707827200,0,20173291520
LLAMA-65B--KVChime-CB-3,F1,prefill,22,0,2577530880,17707827200,0,20285358080
LLAMA-65B--KVChime-CB-3,F1,prefill,23,0,2689597440,17707827200,0,20397424640
LLAMA-65B--KVChime-CB-3,F1,prefill,24,0,2801664000,17707827200,0,20509491200
LLAMA-65B--KVChime-CB-3,F1,prefill,25,0,2913730560,17707827200,0,20621557760
LLAMA-65B--KVChime-CB-3,F1,prefill,26,0,3025797120,17707827200,0,20733624320
LLAMA-65B--KVChime-CB-3,F1,prefill,27,0,3137863680,17707827200,0,20845690880
LLAMA-65B--KVChime-CB-3,F1,prefill,28,0,3249930240,17707827200,0,20957757440
LLAMA-65B--KVChime-CB-3,F1,prefill,29,0,3361996800,17707827200,0,21069824000
LLAMA-65B--KVChime-CB-3,F1,prefill,30,0,3474063360,17707827200,0,21181890560
LLAMA-65B--KVChime-CB-3,F1,prefill,31,0,3586129920,17707827200,0,21293957120
LLAMA-65B--KVChime-CB-3,F1,prefill,32,0,3698196480,17707827200,0,21406023680
LLAMA-65B--KVChime-CB-3,F1,prefill,33,0,3810263040,17707827200,0,21518090240
LLAMA-65B--KVChime-CB-3,F1,prefill,34,0,3922329600,17707827200,0,21630156800
LLAMA-65B--KVChime-CB-3,F1,prefill,35,0,4034396160,17707827200,0,21742223360
LLAMA-65B--KVChime-CB-3,F1,prefill,36,0,4146462720,17707827200,0,21854289920
LLAMA-65B--KVChime-CB-3,F1,prefill,37,0,4258529280,17707827200,0,21966356480
LLAMA-65B--KVChime-CB-3,F1,prefill,38,0,4370595840,17707827200,0,22078423040
LLAMA-65B--KVChime-CB-3,F1,prefill,39,0,4482662400,17707827200,0,22190489600
LLAMA-65B--KVChime-CB-3,F1,prefill,40,0,4594728960,17707827200,0,22302556160
LLAMA-65B--KVChime-CB-3,F1,prefill,41,0,4706795520,17707827200,0,22414622720
LLAMA-65B--KVChime-CB-3,F1,prefill,42,0,4818862080,17707827200,0,22526689280
LLAMA-65B--KVChime-CB-3,F1,prefill,43,0,4930928640,17707827200,0,22638755840
LLAMA-65B--KVChime-CB-3,F1,prefill,44,0,5042995200,17707827200,0,22750822400
LLAMA-65B--KVChime-CB-3,F1,prefill,45,0,5155061760,17707827200,0,22862888960
LLAMA-65B--KVChime-CB-3,F1,prefill,46,0,5267128320,17707827200,0,22974955520
LLAMA-65B--KVChime-CB-3,F1,prefill,47,0,5379194880,17707827200,0,23087022080
LLAMA-65B--KVChime-CB-3,F1,prefill,48,0,5491261440,17707827200,0,23199088640
LLAMA-65B--KVChime-CB-3,F1,prefill,49,0,5603328000,17707827200,0,23311155200
LLAMA-65B--KVChime-CB-3,F1,prefill,50,0,5715394560,17707827200,0,23423221760
LLAMA-65B--KVChime-CB-3,F1,prefill,51,0,5827461120,17707827200,0,23535288320
LLAMA-65B--KVChime-CB-3,F1,prefill,52,0,5939527680,17707827200,0,23647354880
LLAMA-65B--KVChime-CB-3,F1,prefill,53,0,6051594240,17707827200,0,23759421440
LLAMA-65B--KVChime-CB-3,F1,prefill,54,0,6163660800,17707827200,0,23871488000
LLAMA-65B--KVChime-CB-3,F1,prefill,55,0,6275727360,17707827200,0,23983554560
LLAMA-65B--KVChime-CB-3,F1,prefill,56,0,6387793920,17707827200,0,24095621120
LLAMA-65B--KVChime-CB-3,F1,prefill,57,0,6499860480,17707827200,0,24207687680
LLAMA-65B--KVChime-CB-3,F1,prefill,58,0,6611927040,17707827200,0,24319754240
LLAMA-65B--KVChime-CB-3,F1,prefill,59,0,6723993600,17707827200,0,24431820800
LLAMA-65B--KVChime-CB-3,F1,prefill,60,0,6836060160,17707827200,0,24543887360
LLAMA-65B--KVChime-CB-3,F1,prefill,61,0,6948126720,17707827200,0,24655953920
LLAMA-65B--KVChime-CB-3,F1,prefill,62,0,7060193280,17707827200,0,24768020480
LLAMA-65B--KVChime-CB-3,F1,prefill,63,0,7172259840,17707827200,0,24880087040
LLAMA-65B--KVChime-CB-3,F1,prefill,64,0,7284326400,17707827200,0,24992153600
LLAMA-65B--KVChime-CB-3,F1,prefill,65,0,7396392960,17707827200,0,25104220160
LLAMA-65B--KVChime-CB-3,F1,prefill,66,0,7508459520,17707827200,0,25216286720
LLAMA-65B--KVChime-CB-3,F1,prefill,67,0,7620526080,17707827200,0,25328353280
LLAMA-65B--KVChime-CB-3,F1,prefill,68,0,7732592640,17707827200,0,25440419840
LLAMA-65B--KVChime-CB-3,F1,prefill,69,0,7844659200,17707827200,0,25552486400
LLAMA-65B--KVChime-CB-3,F1,prefill,70,0,7956725760,17707827200,0,25664552960
LLAMA-65B--KVChime-CB-3,F1,prefill,71,0,8068792320,17707827200,0,25776619520
LLAMA-65B--KVChime-CB-3,F1,prefill,72,0,8180858880,17707827200,0,25888686080
LLAMA-65B--KVChime-CB-3,F1,prefill,73,0,8292925440,17707827200,0,26000752640
LLAMA-65B--KVChime-CB-3,F1,prefill,74,0,8404992000,17707827200,0,26112819200
LLAMA-65B--KVChime-CB-3,F1,prefill,75,0,8517058560,17707827200,0,26224885760
LLAMA-65B--KVChime-CB-3,F1,prefill,76,0,8629125120,17707827200,0,26336952320
LLAMA-65B--KVChime-CB-3,F1,prefill,77,0,8741191680,17707827200,0,26449018880
LLAMA-65B--KVChime-CB-3,F1,prefill,78,0,8853258240,17707827200,0,26561085440
LLAMA-65B--KVChime-CB-3,F1,prefill,79,0,8965324800,17707827200,0,26673152000
LLAMA-65B--KVChime-CB-3,F1,decode,all,1,8967946240,17707827200,0,26675773440
LLAMA-65B--KVChime-CB-3,F1,decode,all,2,8970567680,17707827200,0,26678394880
LLAMA-65B--KVChime-CB-3,F1,decode,all,3,8973189120,17707827200,0,26681016320
LLAMA-65B--KVChime-CB-3,F1,decode,all,4,8975810560,17707827200,0,26683637760
LLAMA-65B--KVChime-CB-3,F1,decode,all,5,8978432000,17707827200,0,26686259200
LLAMA-65B--KVChime-CB-3,F1,decode,all,6,8981053440,17707827200,0,26688880640
LLAMA-65B--KVChime-CB-3,F1,decode,all,7,8983674880,17707827200,0,26691502080
LLAMA-65B--KVChime-CB-3,F1,decode,all,8,8986296320,17707827200,0,26694123520
LLAMA-65B--KVChime-CB-3,F1,decode,all,9,8988917760,17707827200,0,26696744960
LLAMA-65B--KVChime-CB-3,F2,prefill,0,0,112066560,17707827200,112066560,17931960320
LLAMA-65B--KVChime-CB-3,F2,prefill,1,0,112066560,17707827200,224133120,18044026880
LLAMA-65B--KVChime-CB-3,F2,prefill,2,0,112066560,17707827200,336199680,18156093440
LLAMA-65B--KVChime-CB-3,F2,prefill,3,0,112066560,17707827200,448266240,18268160000
LLAMA-65B--KVChime-CB-3,F2,prefill,4,0,112066560,17707827200,560332800,18380226560
LLAMA-65B--KVChime-CB-3,F2,prefill,5,0,112066560,17707827200,672399360,18492293120
LLAMA-65B--KVChime-CB-3,F2,prefill,6,0,112066560,17707827200,784465920,18604359680
LLAMA-65B--KVChime-CB-3,F2,prefill,7,0,112066560,17707827200,896532480,18716426240
LLAMA-65B--KVChime-CB-3,F2,prefill,8,0,112066560,17707827200,1008599040,18828492800
LLAMA-65B--KVChime-CB-3,F2,prefill,9,0,112066560,17707827200,1120665600,18940559360
LLAMA-65B--KVChime-CB-3,F2,prefill,10,0,112066560,17707827200,1232732160,19052625920
LLAMA-65B--KVChime-CB-3,F2,prefill,11,0,112066560,17707827200,1344798720,19164692480
LLAMA-65B--KVChime-CB-3,F2,prefill,12,0,112066560,17707827200,1456865280,19276759040
LLAMA-65B--KVChime-CB-3,F2,prefill,13,0,112066560,17707827200,1568931840,19388825600
LLAMA-65B--KVChime-CB-3,F2,prefill,14,0,112066560,17707827200,1680998400,19500892160
LLAMA-65B--KVChime-CB-3,F2,prefill,15,0,112066560,17707827200,1793064960,19612958720
LLAMA-65B--KVChime-CB-3,F2,prefill,16,0,112066560,17707827200,1905131520,19725025280
LLAMA-65B--KVChime-CB-3,F2,prefill,17,0,112066560,17707827200,2017198080,19837091840
LLAMA-65B--KVChime-CB-3,F2,prefill,18,0,112066560,17707827200,2129264640,19949158400
LLAMA-65B--KVChime-CB-3,F2,prefill,19,0,112066560,17707827200,2241331200,20061224960
LLAMA-65B--KVChime-CB-3,F2,prefill,20,0,112066560,17707827200,2353397760,20173291520
LLAMA-65B--KVChime-CB-3,F2,prefill,21,0,112066560,17707827200,2465464320,20285358080
LLAMA-65B--KVChime-CB-3,F2,prefill,22,0,112066560,17707827200,2577530880,20397424640
LLAMA-65B--KVChime-CB-3,F2,prefill,23,0,112066560,17707827200,2689597440,20509491200
LLAMA-65B--KVChime-CB-3,F2,prefill,24,0,112066560,17707827200,2801664000,20621557760
LLAMA-65B--KVChime-CB-3,F2,prefill,25,0,112066560,17707827200,2913730560,20733624320
LLAMA-65B--KVChime-CB-3,F2,prefill,26,0,112066560,17707827200,3025797120,20845690880
LLAMA-65B--KVChime-CB-3,F2,prefill,27,0,112066560,17707827200,3137863680,20957757440
LLAMA-65B--KVChime-CB-3,F2,prefill,28,0,112066560,17707827200,3249930240,21069824000
LLAMA-65B--KVChime-CB-3,F2,prefill,29,0,112066560,17707827200,3361996800,21181890560
LLAMA-65B--KVChime-CB-3,F2,prefill,30,0,112066560,17707827200,3474063360,21293957120
LLAMA-65B--KVChime-CB-3,F2,prefill,31,0,112066560,17707827200,3586129920,21406023680
LLAMA-65B--KVChime-CB-3,F2,prefill,32,0,112066560,17707827200,3698196480,21518090240
LLAMA-65B--KVChime-CB-3,F2,prefill,33,0,112066560,17707827200,3810263040,21630156800
LLAMA-65B--KVChime-CB-3,F2,prefill,34,0,112066560,17707827200,3922329600,21742223360
LLAMA-65B--KVChime-CB-3,F2,prefill,35,0,112066560,17707827200,4034396160,21854289920
LLAMA-65B--KVChime-CB-3,F2,prefill,36,0,112066560,17707827200,4146462720,21966356480
LLAMA-65B--KVChime-CB-3,F2,prefill,37,0,112066560,17707827200,4258529280,22078423040
LLAMA-65B--KVChime-CB-3,F2,prefill,38,0,112066560,17707827200,4370595840,22190489600
LLAMA-65B--KVChime-CB-3,F2,prefill,39,0,112066560,17707827200,4482662400,22302556160
LLAMA-65B--KVChime-CB-3,F2,prefill,40,0,112066560,17707827200,4594728960,22414622720
LLAMA-65B--KVChime-CB-3,F2,prefill,41,0,112066560,17707827200,4706795520,22526689280
LLAMA-65B--KVChime-CB-3,F2,prefill,42,0,112066560,17707827200,4818862080,22638755840
LLAMA-65B--KVChime-CB-3,F2,prefill,43,0,112066560,17707827200,4930928640,22750822400
LLAMA-65B--KVChime-CB-3,F2,prefill,44,0,112066560,17707827200,5042995200,22862888960
LLAMA-65B--KVChime-CB-3,F2,prefill,45,0,112066560,17707827200,5155061760,22974955520
LLAMA-65B--KVChime-CB-3,F2,prefill,46,0,112066560,17707827200,5267128320,23087022080
LLAMA-65B--KVChime-CB-3,F2,prefill,47,0,112066560,17707827200,5379194880,23199088640
LLAMA-65B--KVChime-CB-3,F2,prefill,48,0,112066560,17707827200,5491261440,23311155200
LLAMA-65B--KVChime-CB-3,F2,prefill,49,0,112066560,17707827200,5603328000,23423221760
LLAMA-65B--KVChime-CB-3,F2,prefill,50,0,112066560,17707827200,5715394560,23535288320
LLAMA-65B--KVChime-CB-3,F2,prefill,51,0,112066560,17707827200,5827461120,23647354880
LLAMA-65B--KVChime-CB-3,F2,prefill,52,0,112066560,17707827200,5939527680,23759421440
LLAMA-65B--KVChime-CB-3,F2,prefill,53,0,112066560,17707827200,6051594240,23871488000
LLAMA-65B--KVChime-CB-3,F2,prefill,54,0,112066560,17707827200,6163660800,23983554560
LLAMA-65B--KVChime-CB-3,F2,prefill,55,0,112066560,17707827200,6275727360,24095621120
LLAMA-65B--KVChime-CB-3,F2,prefill,56,0,112066560,17707827200,6387793920,24207687680
LLAMA-65B--KVChime-CB-3,F2,prefill,57,0,112066560,17707827200,6499860480,24319754240
LLAMA-65B--KVChime-CB-3,F2,prefill,58,0,112066560,17707827200,6611927040,24431820800
LLAMA-65B--KVChime-CB-3,F2,prefill,59,0,112066560,17707827200,6723993600,24543887360
LLAMA-65B--KVChime-CB-3,F2,prefill,60,0,112066560,17707827200,6836060160,24655953920
LLAMA-65B--KVChime-CB-3,F2,prefill,61,0,112066560,17707827200,6948126720,24768020480
LLAMA-65B--KVChime-CB-3,F2,prefill,62,0,112066560,17707827200,7060193280,24880087040
LLAMA-65B--KVChime-CB-3,F2,prefill,63,0,112066560,17707827200,7172259840,24992153600
LLAMA-65B--KVChime-CB-3,F2,prefill,64,0,112066560,17707827200,7284326400,25104220160
LLAMA-65B--KVChime-CB-3,F2,prefill,65,0,112066560,17707827200,7396392960,25216286720
LLAMA-65B--KVChime-CB-3,F2,prefill,66,0,112066560,17707827200,7508459520,25328353280
LLAMA-65B--KVChime-CB-3,F2,prefill,67,0,112066560,17707827200,7620526080,25440419840
LLAMA-65B--KVChime-CB-3,F2,prefill,68,0,112066560,17707827200,7732592640,25552486400
LLAMA-65B--KVChime-CB-3,F2,prefill,69,0,112066560,17707827200,7844659200,25664552960
LLAMA-65B--KVChime-CB-3,F2,prefill,70,0,112066560,17707827200,7956725760,25776619520
LLAMA-65B--KVChime-CB-3,F2,prefill,71,0,112066560,17707827200,8068792320,25888686080
LLAMA-65B--KVChime-CB-3,F2,prefill,72,0,112066560,17707827200,8180858880,26000752640
LLAMA-65B--KVChime-CB-3,F2,prefill,73,0,112066560,17707827200,8292925440,26112819200
LLAMA-65B--KVChime-CB-3,F2,prefill,74,0,112066560,17707827200,8404992000,26224885760
LLAMA-65B--KVChime-CB-3,F2,prefill,75,0,112066560,17707827200,8517058560,26336952320
LLAMA-65B--KVChime-CB-3,F2,prefill,76,0,112066560,17707827200,8629125120,26449018880
LLAMA-65B--KVChime-CB-3,F2,prefill,77,0,112066560,17707827200,8741191680,26561085440
LLAMA-65B--KVChime-CB-3,F2,prefill,78,0,112066560,17707827200,8853258240,26673152000
LLAMA-65B--KVChime-CB-3,F2,prefill,79,0,112066560,17707827200,8965324800,26785218560
LLAMA-65B--KVChime-CB-3,F2,decode,all,1,32768,17707827200,8967946240,26675806208
LLAMA-65B--KVChime-CB-3,F2,decode,all,2,32768,17707827200,8970567680,26678427648
LLAMA-65B--KVChime-CB-3,F2,decode,all,3,32768,17707827200,8973189120,26681049088
LLAMA-65B--KVChime-CB-3,F2,decode,all,4,32768,17707827200,8975810560,26683670528
LLAMA-65B--KVChime-CB-3,F2,decode,all,5,32768,17707827200,8978432000,26686291968
LLAMA-65B--KVChime-CB-3,F2,decode,all,6,32768,17707827200,8981053440,26688913408
LLAMA-65B--KVChime-CB-3,F2,decode,all,7,32768,17707827200,8983674880,26691534848
LLAMA-65B--KVChime-CB-3,F2,decode,all,8,32768,17707827200,8986296320,26694156288
LLAMA-65B--KVChime-CB-3,F2,decode,all,9,32768,17707827200,8988917760,26696777728
LLAMA-65B--KVChime-CB-3,F3,prefill,0,0,112066560,17707827200,112066560,17931960320
LLAMA-65B--KVChime-CB-3,F3,prefill,1,0,112066560,17707827200,224133120,18044026880
LLAMA-65B--KVChime-CB-3,F3,prefill,2,0,112066560,17707827200,243630080,18063523840
LLAMA-65B--KVChime-CB-3,F3,prefill,3,0,112066560,17707827200,263127040,18083020800
LLAMA-65B--KVChime-CB-3,F3,prefill,4,0,112066560,17707827200,282624000,18102517760
LLAMA-65B--KVChime-CB-3,F3,prefill,5,0,112066560,17707827200,302120960,18122014720
LLAMA-65B--KVChime-CB-3,F3,prefill,6,0,112066560,17707827200,321617920,18141511680
LLAMA-65B--KVChime-CB-3,F3,prefill,7,0,112066560,17707827200,341114880,18161008640
LLAMA-65B--KVChime-CB-3,F3,prefill,8,0,112066560,17707827200,360611840,18180505600
LLAMA-65B--KVChime-CB-3,F3,prefill,9,0,112066560,17707827200,380108800,18200002560
LLAMA-65B--KVChime-CB-3,F3,prefill,10,0,112066560,17707827200,399605760,18219499520
LLAMA-65B--KVChime-CB-3,F3,prefill,11,0,112066560,17707827200,419102720,18238996480
LLAMA-65B--KVChime-CB-3,F3,prefill,12,0,112066560,17707827200,438599680,18258493440
LLAMA-65B--KVChime-CB-3,F3,prefill,13,0,112066560,17707827200,458096640,18277990400
LLAMA-65B--KVChime-CB-3,F3,prefill,14,0,112066560,17707827200,477593600,18297487360
LLAMA-65B--KVChime-CB-3,F3,prefill,15,0,112066560,17707827200,497090560,18316984320
LLAMA-65B--KVChime-CB-3,F3,prefill,16,0,112066560,17707827200,516587520,18336481280
LLAMA-65B--KVChime-CB-3,F3,prefill,17,0,112066560,17707827200,536084480,18355978240
LLAMA-65B--KVChime-CB-3,F3,prefill,18,0,112066560,17707827200,555581440,18375475200
LLAMA-65B--KVChime-CB-3,F3,prefill,19,0,112066560,17707827200,575078400,18394972160
LLAMA-65B--KVChime-CB-3,F3,prefill,20,0,112066560,17707827200,594575360,18414469120
LLAMA-65B--KVChime-CB-3,F3,prefill,21,0,112066560,17707827200,614072320,18433966080
LLAMA-65B--KVChime-CB-3,F3,prefill,22,0,112066560,17707827200,633569280,18453463040
LLAMA-65B--KVChime-CB-3,F3,prefill,23,0,112066560,17707827200,653066240,18472960000
LLAMA-65B--KVChime-CB-3,F3,prefill,24,0,112066560,17707827200,672563200,18492456960
LLAMA-65B--KVChime-CB-3,F3,prefill,25,0,112066560,17707827200,692060160,18511953920
LLAMA-65B--KVChime-CB-3,F3,prefill,26,0,112066560,17707827200,711557120,18531450880
LLAMA-65B--KVChime-CB-3,F3,prefill,27,0,112066560,17707827200,731054080,18550947840
LLAMA-65B--KVChime-CB-3,F3,prefill,28,0,112066560,17707827200,750551040,18570444800
LLAMA-65B--KVChime-CB-3,F3,prefill,29,0,112066560,17707827200,770048000,18589941760
LLAMA-65B--KVChime-CB-3,F3,prefill,30,0,112066560,17707827200,789544960,18609438720
LLAMA-65B--KVChime-CB-3,F3,prefill,31,0,112066560,17707827200,809041920,18628935680
LLAMA-65B--KVChime-CB-3,F3,prefill,32,0,112066560,17707827200,828538880,18648432640
LLAMA-65B--KVChime-CB-3,F3,prefill,33,0,112066560,17707827200,848035840,18667929600
LLAMA-65B--KVChime-CB-3,F3,prefill,34,0,112066560,17707827200,867532800,18687426560
LLAMA-65B--KVChime-CB-3,F3,prefill,35,0,112066560,17707827200,887029760,18706923520
LLAMA-65B--KVChime-CB-3,F3,prefill,36,0,112066560,17707827200,906526720,18726420480
LLAMA-65B--KVChime-CB-3,F3,prefill,37,0,112066560,17707827200,926023680,18745917440
LLAMA-65B--KVChime-CB-3,F3,prefill,38,0,112066560,17707827200,945520640,18765414400
LLAMA-65B--KVChime-CB-3,F3,prefill,39,0,112066560,17707827200,965017600,18784911360
LLAMA-65B--KVChime-CB-3,F3,prefill,40,0,112066560,17707827200,984514560,18804408320
LLAMA-65B--KVChime-CB-3,F3,prefill,41,0,112066560,17707827200,1004011520,18823905280
LLAMA-65B--KVChime-CB-3,F3,prefill,42,0,112066560,17707827200,1023508480,18843402240
LLAMA-65B--KVChime-CB-3,F3,prefill,43,0,112066560,17707827200,1043005440,18862899200
LLAMA-65B--KVChime-CB-3,F3,prefill,44,0,112066560,17707827200,1062502400,18882396160
LLAMA-65B--KVChime-CB-3,F3,prefill,45,0,112066560,17707827200,1081999360,18901893120
LLAMA-65B--KVChime-CB-3,F3,prefill,46,0,112066560,17707827200,1101496320,18921390080
LLAMA-65B--KVChime-CB-3,F3,prefill,47,0,112066560,17707827200,1120993280,18940887040
LLAMA-65B--KVChime-CB-3,F3,prefill,48,0,112066560,17707827200,1140490240,18960384000
LLAMA-65B--KVChime-CB-3,F3,prefill,49,0,112066560,17707827200,1159987200,18979880960
LLAMA-65B--KVChime-CB-3,F3,prefill,50,0,112066560,17707827200,1179484160,18999377920
LLAMA-65B--KVChime-CB-3,F3,prefill,51,0,112066560,17707827200,1198981120,19018874880
LLAMA-65B--KVChime-CB-3,F3,prefill,52,0,112066560,17707827200,1218478080,19038371840
LLAMA-65B--KVChime-CB-3,F3,prefill,53,0,112066560,17707827200,1237975040,19057868800
LLAMA-65B--KVChime-CB-3,F3,prefill,54,0,112066560,17707827200,1257472000,19077365760
LLAMA-65B--KVChime-CB-3,F3,prefill,55,0,112066560,17707827200,1276968960,19096862720
LLAMA-65B--KVChime-CB-3,F3,prefill,56,0,112066560,17707827200,1296465920,19116359680
LLAMA-65B--KVChime-CB-3,F3,prefill,57,0,112066560,17707827200,1315962880,19135856640
LLAMA-65B--KVChime-CB-3,F3,prefill,58,0,112066560,17707827200,1335459840,19155353600
LLAMA-65B--KVChime-CB-3,F3,prefill,59,0,112066560,17707827200,1354956800,19174850560
LLAMA-65B--KVChime-CB-3,F3,prefill,60,0,112066560,17707827200,1374453760,19194347520
LLAMA-65B--KVChime-CB-3,F3,prefill,61,0,112066560,17707827200,1393950720,19213844480
LLAMA-65B--KVChime-CB-3,F3,prefill,62,0,112066560,17707827200,1413447680,19233341440
LLAMA-65B--KVChime-CB-3,F3,prefill,63,0,112066560,17707827200,1432944640,19252838400
LLAMA-65B--KVChime-CB-3,F3,prefill,64,0,112066560,17707827200,1452441600,19272335360
LLAMA-65B--KVChime-CB-3,F3,prefill,65,0,112066560,17707827200,1471938560,19291832320
LLAMA-65B--KVChime-CB-3,F3,prefill,66,0,112066560,17707827200,1491435520,19311329280
LLAMA-65B--KVChime-CB-3,F3,prefill,67,0,112066560,17707827200,1510932480,19330826240
LLAMA-65B--KVChime-CB-3,F3,prefill,68,0,112066560,17707827200,1530429440,19350323200
LLAMA-65B--KVChime-CB-3,F3,prefill,69,0,112066560,17707827200,1549926400,19369820160
LLAMA-65B--KVChime-CB-3,F3,prefill,70,0,112066560,17707827200,1569423360,19389317120
LLAMA-65B--KVChime-CB-3,F3,prefill,71,0,112066560,17707827200,1588920320,19408814080
LLAMA-65B--KVChime-CB-3,F3,prefill,72,0,112066560,17707827200,1608417280,19428311040
LLAMA-65B--KVChime-CB-3,F3,prefill,73,0,112066560,17707827200,1627914240,19447808000
LLAMA-65B--KVChime-CB-3,F3,prefill,74,0,112066560,17707827200,1647411200,19467304960
LLAMA-65B--KVChime-CB-3,F3,prefill,75,0,112066560,17707827200,1666908160,19486801920
LLAMA-65B--KVChime-CB-3,F3,prefill,76,0,112066560,17707827200,1686405120,19506298880
LLAMA-65B--KVChime-CB-3,F3,prefill,77,0,112066560,17707827200,1705902080,19525795840
LLAMA-65B--KVChime-CB-3,F3,prefill,78,0,112066560,17707827200,1725399040,19545292800
LLAMA-65B--KVChime-CB-3,F3,prefill,79,0,112066560,17707827200,1744896000,19564789760
LLAMA-65B--KVChime-CB-3,F3,decode,all,1,32768,17707827200,1747517440,19455377408
LLAMA-65B--KVChime-CB-3,F3,decode,all,2,32768,17707827200,1750138880,19457998848
LLAMA-65B--KVChime-CB-3,F3,decode,all,3,32768,17707827200,1752760320,19460620288
LLAMA-65B--KVChime-CB-3,F3,decode,all,4,32768,17707827200,1755381760,19463241728
LLAMA-65B--KVChime-CB-3,F3,decode,all,5,32768,17707827200,1758003200,19465863168
LLAMA-65B--KVChime-CB-3,F3,decode,all,6,32768,17707827200,1760624640,19468484608
LLAMA-65B--KVChime-CB-3,F3,decode,all,7,32768,17707827200,1763246080,19471106048
LLAMA-65B--KVChime-CB-3,F3,decode,all,8,32768,17707827200,1765867520,19473727488
LLAMA-65B--KVChime-CB-3,F3,decode,all,9,32768,17707827200,1768488960,19476348928
LLAMA-65B--KVChime-CB-3,F4,prefill,0,0,112066560,17707827200,112066560,17931960320
LLAMA-65B--KVChime-CB-3,F4,prefill,1,0,112066560,17707827200,224133120,18044026880
LLAMA-65B--KVChime-CB-3,F4,prefill,2,0,112066560,17707827200,243630080,18063523840
LLAMA-65B--KVChime-CB-3,F4,prefill,3,0,112066560,17707827200,263127040,18083020800
LLAMA-65B--KVChime-CB-3,F4,prefill,4,0,112066560,17707827200,282624000,18102517760
LLAMA-65B--KVChime-CB-3,F4,prefill,5,0,112066560,17707827200,302120960,18122014720
LLAMA-65B--KVChime-CB-3,F4,prefill,6,0,112066560,17707827200,321617920,18141511680
LLAMA-65B--KVChime-CB-3,F4,prefill,7,0,112066560,17707827200,341114880,18161008640
LLAMA-65B--KVChime-CB-3,F4,prefill,8,0,112066560,17707827200,360611840,18180505600
LLAMA-65B--KVChime-CB-3,F4,prefill,9,0,112066560,17707827200,380108800,18200002560
LLAMA-65B--KVChime-CB-3,F4,prefill,10,0,112066560,17707827200,399605760,18219499520
LLAMA-65B--KVChime-CB-3,F4,prefill,11,0,112066560,17707827200,419102720,18238996480
LLAMA-65B--KVChime-CB-3,F4,prefill,12,0,112066560,17707827200,438599680,18258493440
LLAMA-65B--KVChime-CB-3,F4,prefill,13,0,112066560,17707827200,458096640,18277990400
LLAMA-65B--KVChime-CB-3,F4,prefill,14,0,112066560,17707827200,477593600,18297487360
LLAMA-65B--KVChime-CB-3,F4,prefill,15,0,112066560,17707827200,497090560,18316984320
LLAMA-65B--KVChime-CB-3,F4,prefill,16,0,112066560,17707827200,516587520,18336481280
LLAMA-65B--KVChime-CB-3,F4,prefill,17,0,112066560,17707827200,536084480,18355978240
LLAMA-65B--KVChime-CB-3,F4,prefill,18,0,112066560,17707827200,555581440,18375475200
LLAMA-65B--KVChime-CB-3,F4,prefill,19,0,112066560,17707827200,575078400,18394972160
LLAMA-65B--KVChime-CB-3,F4,prefill,20,0,112066560,17707827200,594575360,18414469120
LLAMA-65B--KVChime-CB-3,F4,prefill,21,0,112066560,17707827200,614072320,18433966080
LLAMA-65B--KVChime-CB-3,F4,prefill,22,0,112066560,17707827200,633569280,18453463040
LLAMA-65B--KVChime-CB-3,F4,prefill,23,0,112066560,17707827200,653066240,18472960000
LLAMA-65B--KVChime-CB-3,F4,prefill,24,0,112066560,17707827200,672563200,18492456960
LLAMA-65B--KVChime-CB-3,F4,prefill,25,0,112066560,17707827200,692060160,18511953920
LLAMA-65B--KVChime-CB-3,F4,prefill,26,0,112066560,17707827200,711557120,18531450880
LLAMA-65B--KVChime-CB-3,F4,prefill,27,0,112066560,17707827200,731054080,18550947840
LLAMA-65B--KVChime-CB-3,F4,prefill,28,0,112066560,17707827200,750551040,18570444800
LLAMA-65B--KVChime-CB-3,F4,prefill,29,0,112066560,17707827200,770048000,18589941760
LLAMA-65B--KVChime-CB-3,F4,prefill,30,0,112066560,17707827200,789544960,18609438720
LLAMA-65B--KVChime-CB-3,F4,prefill,31,0,112066560,17707827200,809041920,18628935680
LLAMA-65B--KVChime-CB-3,F4,prefill,32,0,112066560,17707827200,828538880,18648432640
LLAMA-65B--KVChime-CB-3,F4,prefill,33,0,112066560,17707827200,848035840,18667929600
LLAMA-65B--KVChime-CB-3,F4,prefill,34,0,112066560,17707827200,867532800,18687426560
LLAMA-65B--KVChime-CB-3,F4,prefill,35,0,112066560,17707827200,887029760,18706923520
LLAMA-65B--KVChime-CB-3,F4,prefill,36,0,112066560,17707827200,906526720,18726420480
LLAMA-65B--KVChime-CB-3,F4,prefill,37,0,112066560,17707827200,926023680,18745917440
LLAMA-65B--KVChime-CB-3,F4,prefill,38,0,112066560,17707827200,945520640,18765414400
LLAMA-65B--KVChime-CB-3,F4,prefill,39,0,112066560,17707827200,965017600,18784911360
LLAMA-65B--KVChime-CB-3,F4,prefill,40,0,112066560,17707827200,984514560,18804408320
LLAMA-65B--KVChime-CB-3,F4,prefill,41,0,112066560,17707827200,1004011520,18823905280
LLAMA-65B--KVChime-CB-3,F4,prefill,42,0,112066560,17707827200,1023508480,18843402240
LLAMA-65B--KVChime-CB-3,F4,prefill,43,0,112066560,17707827200,1043005440,18862899200
LLAMA-65B--KVChime-CB-3,F4,prefill,44,0,112066560,17707827200,1062502400,18882396160
LLAMA-65B--KVChime-CB-3,F4,prefill,45,0,112066560,17707827200,1081999360,18901893120
LLAMA-65B--KVChime-CB-3,F4,prefill,46,0,112066560,17707827200,1101496320,18921390080
LLAMA-65B--KVChime-CB-3,F4,prefill,47,0,112066560,17707827200,1120993280,18940887040
LLAMA-65B--KVChime-CB-3,F4,prefill,48,0,112066560,17707827200,1140490240,18960384000
LLAMA-65B--KVChime-CB-3,F4,prefill,49,0,112066560,17707827200,1159987200,18979880960
LLAMA-65B--KVChime-CB-3,F4,prefill,50,0,112066560,17707827200,1179484160,18999377920
LLAMA-65B--KVChime-CB-3,F4,prefill,51,0,112066560,17707827200,1198981120,19018874880
LLAMA-65B--KVChime-CB-3,F4,prefill,52,0,112066560,17707827200,1218478080,19038371840
LLAMA-65B--KVChime-CB-3,F4,prefill,53,0,112066560,17707827200,1237975040,19057868800
LLAMA-65B--KVChime-CB-3,F4,prefill,54,0,112066560,17707827200,1257472000,19077365760
LLAMA-65B--KVChime-CB-3,F4,prefill,55,0,112066560,17707827200,1276968960,19096862720
LLAMA-65B--KVChime-CB-3,F4,prefill,56,0,112066560,17707827200,1296465920,19116359680
LLAMA-65B--KVChime-CB-3,F4,prefill,57,0,112066560,17707827200,1315962880,19135856640
LLAMA-65B--KVChime-CB-3,F4,prefill,58,0,112066560,17707827200,1335459840,19155353600
LLAMA-65B--KVChime-CB-3,F4,prefill,59,0,112066560,17707827200,1354956800,19174850560
LLAMA-65B--KVChime-CB-3,F4,prefill,60,0,112066560,17707827200,1374453760,19194347520
LLAMA-65B--KVChime-CB-3,F4,prefill,61,0,112066560,17707827200,1393950720,19213844480
LLAMA-65B--KVChime-CB-3,F4,prefill,62,0,112066560,17707827200,1413447680,19233341440
LLAMA-65B--KVChime-CB-3,F4,prefill,63,0,112066560,17707827200,1432944640,19252838400
LLAMA-65B--KVChime-CB-3,F4,prefill,64,0,112066560,17707827200,1452441600,19272335360
LLAMA-65B--KVChime-CB-3,F4,prefill,65,0,112066560,17707827200,1471938560,19291832320
LLAMA-65B--KVChime-CB-3,F4,prefill,66,0,112066560,17707827200,1491435520,19311329280
LLAMA-65B--KVChime-CB-3,F4,prefill,67,0,112066560,17707827200,1510932480,19330826240
LLAMA-65B--KVChime-CB-3,F4,prefill,68,0,112066560,17707827200,1530429440,19350323200
LLAMA-65B--KVChime-CB-3,F4,prefill,69,0,112066560,17707827200,1549926400,19369820160
LLAMA-65B--KVChime-CB-3,F4,prefill,70,0,112066560,17707827200,1569423360,19389317120
LLAMA-65B--KVChime-CB-3,F4,prefill,71,0,112066560,17707827200,1588920320,19408814080
LLAMA-65B--KVChime-CB-3,F4,prefill,72,0,112066560,17707827200,1608417280,19428311040
LLAMA-65B--KVChime-CB-3,F4,prefill,73,0,112066560,17707827200,1627914240,19447808000
LLAMA-65B--KVChime-CB-3,F4,prefill,74,0,112066560,17707827200,1647411200,19467304960
LLAMA-65B--KVChime-CB-3,F4,prefill,75,0,112066560,17707827200,1666908160,19486801920
LLAMA-65B--KVChime-CB-3,F4,prefill,76,0,112066560,17707827200,1686405120,19506298880
LLAMA-65B--KVChime-CB-3,F4,prefill,77,0,112066560,17707827200,1705902080,19525795840
LLAMA-65B--KVChime-CB-3,F4,prefill,78,0,112066560,17707827200,1725399040,19545292800
LLAMA-65B--KVChime-CB-3,F4,prefill,79,0,112066560,17707827200,1744896000,19564789760
LLAMA-65B--KVChime-CB-3,F4,decode,all,1,32768,17707827200,1747517440,19455377408
LLAMA-65B--KVChime-CB-3,F4,decode,all,2,32768,17707827200,1750138880,19457998848
LLAMA-65B--KVChime-CB-3,F4,decode,all,3,32768,17707827200,1752760320,19460620288
LLAMA-65B--KVChime-CB-3,F4,decode,all,4,32768,17707827200,1755381760,19463241728
LLAMA-65B--KVChime-CB-3,F4,decode,all,5,32768,17707827200,1758003200,19465863168
LLAMA-65B--KVChime-CB-3,F4,decode,all,6,32768,17707827200,1760624640,19468484608
LLAMA-65B--KVChime-CB-3,F4,decode,all,7,32768,17707827200,1763246080,19471106048
LLAMA-65B--KVChime-CB-3,F4,decode,all,8,32768,17707827200,1765867520,19473727488
LLAMA-65B--KVChime-CB-3,F4,decode,all,9,32768,17707827200,1768488960,19476348928
LLAMA-65B--KVChime-CB-2,F0,prefill,0,0,113311744,0,0,113311744
LLAMA-65B--KVChime-CB-2,F0,prefill,1,0,226623488,0,0,226623488
LLAMA-65B--KVChime-CB-2,F0,prefill,2,0,339935232,0,0,339935232
LLAMA-65B--KVChime-CB-2,F0,prefill,3,0,453246976,0,0,453246976
LLAMA-65B--KVChime-CB-2,F0,prefill,4,0,566558720,0,0,566558720
LLAMA-65B--KVChime-CB-2,F0,prefill,5,0,679870464,0,0,679870464
LLAMA-65B--KVChime-CB-2,F0,prefill,6,0,793182208,0,0,793182208
LLAMA-65B--KVChime-CB-2,F0,prefill,7,0,906493952,0,0,906493952
LLAMA-65B--KVChime-CB-2,F0,prefill,8,0,1019805696,0,0,1019805696
LLAMA-65B--KVChime-CB-2,F0,prefill,9,0,1133117440,0,0,1133117440
LLAMA-65B--KVChime-CB-2,F0,prefill,10,0,1246429184,0,0,1246429184
LLAMA-65B--KVChime-CB-2,F0,prefill,11,0,1359740928,0,0,1359740928
LLAMA-65B--KVChime-CB-2,F0,prefill,12,0,1473052672,0,0,1473052672
LLAMA-65B--KVChime-CB-2,F0,prefill,13,0,1586364416,0,0,1586364416
LLAMA-65B--KVChime-CB-2,F0,prefill,14,0,1699676160,0,0,1699676160
LLAMA-65B--KVChime-CB-2,F0,prefill,15,0,1812987904,0,0,1812987904
LLAMA-65B--KVChime-CB-2,F0,prefill,16,0,1926299648,0,0,1926299648
LLAMA-65B--KVChime-CB-2,F0,prefill,17,0,2039611392,0,0,2039611392
LLAMA-65B--KVChime-CB-2,F0,prefill,18,0,2152923136,0,0,2152923136
LLAMA-65B--KVChime-CB-2,F0,prefill,19,0,2266234880,0,0,2266234880
LLAMA-65B--KVChime-CB-2,F0,prefill,20,0,2379546624,0,0,2379546624
LLAMA-65B--KVChime-CB-2,F0,prefill,21,0,2492858368,0,0,2492858368
LLAMA-65B--KVChime-CB-2,F0,prefill,22,0,2606170112,0,0,2606170112
LLAMA-65B--KVChime-CB-2,F0,prefill,23,0,2719481856,0,0,2719481856
LLAMA-65B--KVChime-CB-2,F0,prefill,24,0,2832793600,0,0,2832793600
LLAMA-65B--KVChime-CB-2,F0,prefill,25,0,2946105344,0,0,2946105344
LLAMA-65B--KVChime-CB-2,F0,prefill,26,0,3059417088,0,0,3059417088
LLAMA-65B--KVChime-CB-2,F0,prefill,27,0,3172728832,0,0,3172728832
LLAMA-65B--KVChime-CB-2,F0,prefill,28,0,3286040576,0,0,3286040576
LLAMA-65B--KVChime-CB-2,F0,prefill,29,0,3399352320,0,0,3399352320
LLAMA-65B--KVChime-CB-2,F0,prefill,30,0,3512664064,0,0,3512664064
LLAMA-65B--KVChime-CB-2,F0,prefill,31,0,3625975808,0,0,3625975808
LLAMA-65B--KVChime-CB-2,F0,prefill,32,0,3739287552,0,0,3739287552
LLAMA-65B--KVChime-CB-2,F0,prefill,33,0,3852599296,0,0,3852599296
LLAMA-65B--KVChime-CB-2,F0,prefill,34,0,3965911040,0,0,3965911040
LLAMA-65B--KVChime-CB-2,F0,prefill,35,0,4079222784,0,0,4079222784
LLAMA-65B--KVChime-CB-2,F0,prefill,36,0,4192534528,0,0,4192534528
LLAMA-65B--KVChime-CB-2,F0,prefill,37,0,4305846272,0,0,4305846272
LLAMA-65B--KVChime-CB-2,F0,prefill,38,0,4419158016,0,0,4419158016
LLAMA-65B--KVChime-CB-2,F0,prefill,39,0,4532469760,0,0,4532469760
LLAMA-65B--KVChime-CB-2,F0,prefill,40,0,4645781504,0,0,4645781504
LLAMA-65B--KVChime-CB-2,F0,prefill,41,0,4759093248,0,0,4759093248
LLAMA-65B--KVChime-CB-2,F0,prefill,42,0,4872404992,0,0,4872404992
LLAMA-65B--KVChime-CB-2,F0,prefill,43,0,4985716736,0,0,4985716736
LLAMA-65B--KVChime-CB-2,F0,prefill,44,0,5099028480,0,0,5099028480
LLAMA-65B--KVChime-CB-2,F0,prefill,45,0,5212340224,0,0,5212340224
LLAMA-65B--KVChime-CB-2,F0,prefill,46,0,5325651968,0,0,5325651968
LLAMA-65B--KVChime-CB-2,F0,prefill,47,0,5438963712,0,0,5438963712
LLAMA-65B--KVChime-CB-2,F0,prefill,48,0,5552275456,0,0,5552275456
LLAMA-65B--KVChime-CB-2,F0,prefill,49,0,5665587200,0,0,5665587200
LLAMA-65B--KVChime-CB-2,F0,prefill,50,0,5778898944,0,0,5778898944
LLAMA-65B--KVChime-CB-2,F0,prefill,51,0,5892210688,0,0,5892210688
LLAMA-65B--KVChime-CB-2,F0,prefill,52,0,6005522432,0,0,6005522432
LLAMA-65B--KVChime-CB-2,F0,prefill,53,0,6118834176,0,0,6118834176
LLAMA-65B--KVChime-CB-2,F0,prefill,54,0,6232145920,0,0,6232145920
LLAMA-65B--KVChime-CB-2,F0,prefill,55,0,6345457664,0,0,6345457664
LLAMA-65B--KVChime-CB-2,F0,prefill,56,0,6458769408,0,0,6458769408
LLAMA-65B--KVChime-CB-2,F0,prefill,57,0,6572081152,0,0,6572081152
LLAMA-65B--KVChime-CB-2,F0,prefill,58,0,6685392896,0,0,6685392896
LLAMA-65B--KVChime-CB-2,F0,prefill,59,0,6798704640,0,0,6798704640
LLAMA-65B--KVChime-CB-2,F0,prefill,60,0,6912016384,0,0,6912016384
LLAMA-65B--KVChime-CB-2,F0,prefill,61,0,7025328128,0,0,7025328128
LLAMA-65B--KVChime-CB-2,F0,prefill,62,0,7138639872,0,0,7138639872
LLAMA-65B--KVChime-CB-2,F0,prefill,63,0,7251951616,0,0,7251951616
LLAMA-65B--KVChime-CB-2,F0,prefill,64,0,7365263360,0,0,7365263360
LLAMA-65B--KVChime-CB-2,F0,prefill,65,0,7478575104,0,0,7478575104
LLAMA-65B--KVChime-CB-2,F0,prefill,66,0,7591886848,0,0,7591886848
LLAMA-65B--KVChime-CB-2,F0,prefill,67,0,7705198592,0,0,7705198592
LLAMA-65B--KVChime-CB-2,F0,prefill,68,0,7818510336,0,0,7818510336
LLAMA-65B--KVChime-CB-2,F0,prefill,69,0,7931822080,0,0,7931822080
LLAMA-65B--KVChime-CB-2,F0,prefill,70,0,8045133824,0,0,8045133824
LLAMA-65B--KVChime-CB-2,F0,prefill,71,0,8158445568,0,0,8158445568
LLAMA-65B--KVChime-CB-2,F0,prefill,72,0,8271757312,0,0,8271757312
LLAMA-65B--KVChime-CB-2,F0,prefill,73,0,8385069056,0,0,8385069056
LLAMA-65B--KVChime-CB-2,F0,prefill,74,0,8498380800,0,0,8498380800
LLAMA-65B--KVChime-CB-2,F0,prefill,75,0,8611692544,0,0,8611692544
LLAMA-65B--KVChime-CB-2,F0,prefill,76,0,8725004288,0,0,8725004288
LLAMA-65B--KVChime-CB-2,F0,prefill,77,0,8838316032,0,0,8838316032
LLAMA-65B--KVChime-CB-2,F0,prefill,78,0,8951627776,0,0,8951627776
LLAMA-65B--KVChime-CB-2,F0,prefill,79,0,9064939520,0,0,9064939520
LLAMA-65B--KVChime-CB-2,F0,decode,all,1,9067560960,0,0,9067560960
LLAMA-65B--KVChime-CB-2,F0,decode,all,2,9070182400,0,0,9070182400
LLAMA-65B--KVChime-CB-2,F0,decode,all,3,9072803840,0,0,9072803840
LLAMA-65B--KVChime-CB-2,F0,decode,all,4,9075425280,0,0,9075425280
LLAMA-65B--KVChime-CB-2,F0,decode,all,5,9078046720,0,0,9078046720
LLAMA-65B--KVChime-CB-2,F0,decode,all,6,9080668160,0,0,9080668160
LLAMA-65B--KVChime-CB-2,F0,decode,all,7,9083289600,0,0,9083289600
LLAMA-65B--KVChime-CB-2,F0,decode,all,8,9085911040,0,0,9085911040
LLAMA-65B--KVChime-CB-2,F0,decode,all,9,9088532480,0,0,9088532480
LLAMA-65B--KVChime-CB-2,F1,prefill,0,0,113311744,17707827200,0,17821138944
LLAMA-65B--KVChime-CB-2,F1,prefill,1,0,226623488,17707827200,0,17934450688
LLAMA-65B--KVChime-CB-2,F1,prefill,2,0,339935232,17707827200,0,18047762432
LLAMA-65B--KVChime-CB-2,F1,prefill,3,0,453246976,17707827200,0,18161074176
LLAMA-65B--KVChime-CB-2,F1,prefill,4,0,566558720,17707827200,0,18274385920
LLAMA-65B--KVChime-CB-2,F1,prefill,5,0,679870464,17707827200,0,18387697664
LLAMA-65B--KVChime-CB-2,F1,prefill,6,0,793182208,17707827200,0,18501009408
LLAMA-65B--KVChime-CB-2,F1,prefill,7,0,906493952,17707827200,0,18614321152
LLAMA-65B--KVChime-CB-2,F1,prefill,8,0,1019805696,17707827200,0,18727632896
LLAMA-65B--KVChime-CB-2,F1,prefill,9,0,1133117440,17707827200,0,18840944640
LLAMA-65B--KVChime-CB-2,F1,prefill,10,0,1246429184,17707827200,0,18954256384
LLAMA-65B--KVChime-CB-2,F1,prefill,11,0,1359740928,17707827200,0,19067568128
LLAMA-65B--KVChime-CB-2,F1,prefill,12,0,1473052672,17707827200,0,19180879872
LLAMA-65B--KVChime-CB-2,F1,prefill,13,0,1586364416,17707827200,0,19294191616
LLAMA-65B--KVChime-CB-2,F1,prefill,14,0,1699676160,17707827200,0,19407503360
LLAMA-65B--KVChime-CB-2,F1,prefill,15,0,1812987904,17707827200,0,19520815104
LLAMA-65B--KVChime-CB-2,F1,prefill,16,0,1926299648,17707827200,0,19634126848
LLAMA-65B--KVChime-CB-2,F1,prefill,17,0,2039611392,17707827200,0,19747438592
LLAMA-65B--KVChime-CB-2,F1,prefill,18,0,2152923136,17707827200,0,19860750336
LLAMA-65B--KVChime-CB-2,F1,prefill,19,0,2266234880,17707827200,0,19974062080
LLAMA-65B--KVChime-CB-2,F1,prefill,20,0,2379546624,17707827200,0,20087373824
LLAMA-65B--KVChime-CB-2,F1,prefill,21,0,2492858368,17707827200,0,20200685568
LLAMA-65B--KVChime-CB-2,F1,prefill,22,0,2606170112,17707827200,0,20313997312
LLAMA-65B--KVChime-CB-2,F1,prefill,23,0,2719481856,17707827200,0,20427309056
LLAMA-65B--KVChime-CB-2,F1,prefill,24,0,2832793600,17707827200,0,20540620800
LLAMA-65B--KVChime-CB-2,F1,prefill,25,0,2946105344,17707827200,0,20653932544
LLAMA-65B--KVChime-CB-2,F1,prefill,26,0,3059417088,17707827200,0,20767244288
LLAMA-65B--KVChime-CB-2,F1,prefill,27,0,3172728832,17707827200,0,20880556032
LLAMA-65B--KVChime-CB-2,F1,prefill,28,0,3286040576,17707827200,0,20993867776
LLAMA-65B--KVChime-CB-2,F1,prefill,29,0,3399352320,17707827200,0,21107179520
LLAMA-65B--KVChime-CB-2,F1,prefill,30,0,3512664064,17707827200,0,21220491264
LLAMA-65B--KVChime-CB-2,F1,prefill,31,0,3625975808,17707827200,0,21333803008
LLAMA-65B--KVChime-CB-2,F1,prefill,32,0,3739287552,17707827200,0,21447114752
LLAMA-65B--KVChime-CB-2,F1,prefill,33,0,3852599296,17707827200,0,21560426496
LLAMA-65B--KVChime-CB-2,F1,prefill,34,0,3965911040,17707827200,0,21673738240
LLAMA-65B--KVChime-CB-2,F1,prefill,35,0,4079222784,17707827200,0,21787049984
LLAMA-65B--KVChime-CB-2,F1,prefill,36,0,4192534528,17707827200,0,21900361728
LLAMA-65B--KVChime-CB-2,F1,prefill,37,0,4305846272,17707827200,0,22013673472
LLAMA-65B--KVChime-CB-2,F1,prefill,38,0,4419158016,17707827200,0,22126985216
LLAMA-65B--KVChime-CB-2,F1,prefill,39,0,4532469760,17707827200,0,22240296960
LLAMA-65B--KVChime-CB-2,F1,prefill,40,0,4645781504,17707827200,0,22353608704
LLAMA-65B--KVChime-CB-2,F1,prefill,41,0,4759093248,17707827200,0,22466920448
LLAMA-65B--KVChime-CB-2,F1,prefill,42,0,4872404992,17707827200,0,22580232192
LLAMA-65B--KVChime-CB-2,F1,prefill,43,0,4985716736,17707827200,0,22693543936
LLAMA-65B--KVChime-CB-2,F1,prefill,44,0,5099028480,17707827200,0,22806855680
LLAMA-65B--KVChime-CB-2,F1,prefill,45,0,5212340224,17707827200,0,22920167424
LLAMA-65B--KVChime-CB-2,F1,prefill,46,0,5325651968,17707827200,0,23033479168
LLAMA-65B--KVChime-CB-2,F1,prefill,47,0,5438963712,17707827200,0,23146790912
LLAMA-65B--KVChime-CB-2,F1,prefill,48,0,5552275456,17707827200,0,23260102656
LLAMA-65B--KVChime-CB-2,F1,prefill,49,0,5665587200,17707827200,0,23373414400
LLAMA-65B--KVChime-CB-2,F1,prefill,50,0,5778898944,17707827200,0,23486726144
LLAMA-65B--KVChime-CB-2,F1,prefill,51,0,5892210688,17707827200,0,23600037888
LLAMA-65B--KVChime-CB-2,F1,prefill,52,0,6005522432,17707827200,0,23713349632
LLAMA-65B--KVChime-CB-2,F1,prefill,53,0,6118834176,17707827200,0,23826661376
LLAMA-65B--KVChime-CB-2,F1,prefill,54,0,6232145920,17707827200,0,23939973120
LLAMA-65B--KVChime-CB-2,F1,prefill,55,0,6345457664,17707827200,0,24053284864
LLAMA-65B--KVChime-CB-2,F1,prefill,56,0,6458769408,17707827200,0,24166596608
LLAMA-65B--KVChime-CB-2,F1,prefill,57,0,6572081152,17707827200,0,24279908352
LLAMA-65B--KVChime-CB-2,F1,prefill,58,0,6685392896,17707827200,0,24393220096
LLAMA-65B--KVChime-CB-2,F1,prefill,59,0,6798704640,17707827200,0,24506531840
LLAMA-65B--KVChime-CB-2,F1,prefill,60,0,6912016384,17707827200,0,24619843584
LLAMA-65B--KVChime-CB-2,F1,prefill,61,0,7025328128,17707827200,0,24733155328
LLAMA-65B--KVChime-CB-2,F1,prefill,62,0,7138639872,17707827200,0,24846467072
LLAMA-65B--KVChime-CB-2,F1,prefill,63,0,7251951616,17707827200,0,24959778816
LLAMA-65B--KVChime-CB-2,F1,prefill,64,0,7365263360,17707827200,0,25073090560
LLAMA-65B--KVChime-CB-2,F1,prefill,65,0,7478575104,17707827200,0,25186402304
LLAMA-65B--KVChime-CB-2,F1,prefill,66,0,7591886848,17707827200,0,25299714048
LLAMA-65B--KVChime-CB-2,F1,prefill,67,0,7705198592,17707827200,0,25413025792
LLAMA-65B--KVChime-CB-2,F1,prefill,68,0,7818510336,17707827200,0,25526337536
LLAMA-65B--KVChime-CB-2,F1,prefill,69,0,7931822080,17707827200,0,25639649280
LLAMA-65B--KVChime-CB-2,F1,prefill,70,0,8045133824,17707827200,0,25752961024
LLAMA-65B--KVChime-CB-2,F1,prefill,71,0,8158445568,17707827200,0,25866272768
LLAMA-65B--KVChime-CB-2,F1,prefill,72,0,8271757312,17707827200,0,25979584512
LLAMA-65B--KVChime-CB-2,F1,prefill,73,0,8385069056,17707827200,0,26092896256
LLAMA-65B--KVChime-CB-2,F1,prefill,74,0,8498380800,17707827200,0,26206208000
LLAMA-65B--KVChime-CB-2,F1,prefill,75,0,8611692544,17707827200,0,26319519744
LLAMA-65B--KVChime-CB-2,F1,prefill,76,0,8725004288,17707827200,0,26432831488
LLAMA-65B--KVChime-CB-2,F1,prefill,77,0,8838316032,17707827200,0,26546143232
LLAMA-65B--KVChime-CB-2,F1,prefill,78,0,8951627776,17707827200,0,26659454976
LLAMA-65B--KVChime-CB-2,F1,prefill,79,0,9064939520,17707827200,0,26772766720
LLAMA-65B--KVChime-CB-2,F1,decode,all,1,9067560960,17707827200,0,26775388160
LLAMA-65B--KVChime-CB-2,F1,decode,all,2,9070182400,17707827200,0,26778009600
LLAMA-65B--KVChime-CB-2,F1,decode,all,3,9072803840,17707827200,0,26780631040
LLAMA-65B--KVChime-CB-2,F1,decode,all,4,9075425280,17707827200,0,26783252480
LLAMA-65B--KVChime-CB-2,F1,decode,all,5,9078046720,17707827200,0,26785873920
LLAMA-65B--KVChime-CB-2,F1,decode,all,6,9080668160,17707827200,0,26788495360
LLAMA-65B--KVChime-CB-2,F1,decode,all,7,9083289600,17707827200,0,26791116800
LLAMA-65B--KVChime-CB-2,F1,decode,all,8,9085911040,17707827200,0,26793738240
LLAMA-65B--KVChime-CB-2,F1,decode,all,9,9088532480,17707827200,0,26796359680
LLAMA-65B--KVChime-CB-2,F2,prefill,0,0,113311744,17707827200,113311744,17934450688
LLAMA-65B--KVChime-CB-2,F2,prefill,1,0,113311744,17707827200,226623488,18047762432
LLAMA-65B--KVChime-CB-2,F2,prefill,2,0,113311744,17707827200,339935232,18161074176
LLAMA-65B--KVChime-CB-2,F2,prefill,3,0,113311744,17707827200,453246976,18274385920
LLAMA-65B--KVChime-CB-2,F2,prefill,4,0,113311744,17707827200,566558720,18387697664
LLAMA-65B--KVChime-CB-2,F2,prefill,5,0,113311744,17707827200,679870464,18501009408
LLAMA-65B--KVChime-CB-2,F2,prefill,6,0,113311744,17707827200,793182208,18614321152
LLAMA-65B--KVChime-CB-2,F2,prefill,7,0,113311744,17707827200,906493952,18727632896
LLAMA-65B--KVChime-CB-2,F2,prefill,8,0,113311744,17707827200,1019805696,18840944640
LLAMA-65B--KVChime-CB-2,F2,prefill,9,0,113311744,17707827200,1133117440,18954256384
LLAMA-65B--KVChime-CB-2,F2,prefill,10,0,113311744,17707827200,1246429184,19067568128
LLAMA-65B--KVChime-CB-2,F2,prefill,11,0,113311744,17707827200,1359740928,19180879872
LLAMA-65B--KVChime-CB-2,F2,prefill,12,0,113311744,17707827200,1473052672,19294191616
LLAMA-65B--KVChime-CB-2,F2,prefill,13,0,113311744,17707827200,1586364416,19407503360
LLAMA-65B--KVChime-CB-2,F2,prefill,14,0,113311744,17707827200,1699676160,19520815104
LLAMA-65B--KVChime-CB-2,F2,prefill,15,0,113311744,17707827200,1812987904,19634126848
LLAMA-65B--KVChime-CB-2,F2,prefill,16,0,113311744,17707827200,1926299648,19747438592
LLAMA-65B--KVChime-CB-2,F2,prefill,17,0,113311744,17707827200,2039611392,19860750336
LLAMA-65B--KVChime-CB-2,F2,prefill,18,0,113311744,17707827200,2152923136,19974062080
LLAMA-65B--KVChime-CB-2,F2,prefill,19,0,113311744,17707827200,2266234880,20087373824
LLAMA-65B--KVChime-CB-2,F2,prefill,20,0,113311744,17707827200,2379546624,20200685568
LLAMA-65B--KVChime-CB-2,F2,prefill,21,0,113311744,17707827200,2492858368,20313997312
LLAMA-65B--KVChime-CB-2,F2,prefill,22,0,113311744,17707827200,2606170112,20427309056
LLAMA-65B--KVChime-CB-2,F2,prefill,23,0,113311744,17707827200,2719481856,20540620800
LLAMA-65B--KVChime-CB-2,F2,prefill,24,0,113311744,17707827200,2832793600,20653932544
LLAMA-65B--KVChime-CB-2,F2,prefill,25,0,113311744,17707827200,2946105344,20767244288
LLAMA-65B--KVChime-CB-2,F2,prefill,26,0,113311744,17707827200,3059417088,20880556032
LLAMA-65B--KVChime-CB-2,F2,prefill,27,0,113311744,17707827200,3172728832,20993867776
LLAMA-65B--KVChime-CB-2,F2,prefill,28,0,113311744,17707827200,3286040576,21107179520
LLAMA-65B--KVChime-CB-2,F2,prefill,29,0,113311744,17707827200,3399352320,21220491264
LLAMA-65B--KVChime-CB-2,F2,prefill,30,0,113311744,17707827200,3512664064,21333803008
LLAMA-65B--KVChime-CB-2,F2,prefill,31,0,113311744,17707827200,3625975808,21447114752
LLAMA-65B--KVChime-CB-2,F2,prefill,32,0,113311744,17707827200,3739287552,21560426496
LLAMA-65B--KVChime-CB-2,F2,prefill,33,0,113311744,17707827200,3852599296,21673738240
LLAMA-65B--KVChime-CB-2,F2,prefill,34,0,113311744,17707827200,3965911040,21787049984
LLAMA-65B--KVChime-CB-2,F2,prefill,35,0,113311744,17707827200,4079222784,21900361728
LLAMA-65B--KVChime-CB-2,F2,prefill,36,0,113311744,17707827200,4192534528,22013673472
LLAMA-65B--KVChime-CB-2,F2,prefill,37,0,113311744,17707827200,4305846272,22126985216
LLAMA-65B--KVChime-CB-2,F2,prefill,38,0,113311744,17707827200,4419158016,22240296960
LLAMA-65B--KVChime-CB-2,F2,prefill,39,0,113311744,17707827200,4532469760,22353608704
LLAMA-65B--KVChime-CB-2,F2,prefill,40,0,113311744,17707827200,4645781504,22466920448
LLAMA-65B--KVChime-CB-2,F2,prefill,41,0,113311744,17707827200,4759093248,22580232192
LLAMA-65B--KVChime-CB-2,F2,prefill,42,0,113311744,17707827200,4872404992,22693543936
LLAMA-65B--KVChime-CB-2,F2,prefill,43,0,113311744,17707827200,4985716736,22806855680
LLAMA-65B--KVChime-CB-2,F2,prefill,44,0,113311744,17707827200,5099028480,22920167424
LLAMA-65B--KVChime-CB-2,F2,prefill,45,0,113311744,17707827200,5212340224,23033479168
LLAMA-65B--KVChime-CB-2,F2,prefill,46,0,113311744,17707827200,5325651968,23146790912
LLAMA-65B--KVChime-CB-2,F2,prefill,47,0,113311744,17707827200,5438963712,23260102656
LLAMA-65B--KVChime-CB-2,F2,prefill,48,0,113311744,17707827200,5552275456,23373414400
LLAMA-65B--KVChime-CB-2,F2,prefill,49,0,113311744,17707827200,5665587200,23486726144
LLAMA-65B--KVChime-CB-2,F2,prefill,50,0,113311744,17707827200,5778898944,23600037888
LLAMA-65B--KVChime-CB-2,F2,prefill,51,0,113311744,17707827200,5892210688,23713349632
LLAMA-65B--KVChime-CB-2,F2,prefill,52,0,113311744,17707827200,6005522432,23826661376
LLAMA-65B--KVChime-CB-2,F2,prefill,53,0,113311744,17707827200,6118834176,23939973120
LLAMA-65B--KVChime-CB-2,F2,prefill,54,0,113311744,17707827200,6232145920,24053284864
LLAMA-65B--KVChime-CB-2,F2,prefill,55,0,113311744,17707827200,6345457664,24166596608
LLAMA-65B--KVChime-CB-2,F2,prefill,56,0,113311744,17707827200,6458769408,24279908352
LLAMA-65B--KVChime-CB-2,F2,prefill,57,0,113311744,17707827200,6572081152,24393220096
LLAMA-65B--KVChime-CB-2,F2,prefill,58,0,113311744,17707827200,6685392896,24506531840
LLAMA-65B--KVChime-CB-2,F2,prefill,59,0,113311744,17707827200,6798704640,24619843584
LLAMA-65B--KVChime-CB-2,F2,prefill,60,0,113311744,17707827200,6912016384,24733155328
LLAMA-65B--KVChime-CB-2,F2,prefill,61,0,113311744,17707827200,7025328128,24846467072
LLAMA-65B--KVChime-CB-2,F2,prefill,62,0,113311744,17707827200,7138639872,24959778816
LLAMA-65B--KVChime-CB-2,F2,prefill,63,0,113311744,17707827200,7251951616,25073090560
LLAMA-65B--KVChime-CB-2,F2,prefill,64,0,113311744,17707827200,7365263360,25186402304
LLAMA-65B--KVChime-CB-2,F2,prefill,65,0,113311744,17707827200,7478575104,25299714048
LLAMA-65B--KVChime-CB-2,F2,prefill,66,0,113311744,17707827200,7591886848,25413025792
LLAMA-65B--KVChime-CB-2,F2,prefill,67,0,113311744,17707827200,7705198592,25526337536
LLAMA-65B--KVChime-CB-2,F2,prefill,68,0,113311744,17707827200,7818510336,25639649280
LLAMA-65B--KVChime-CB-2,F2,prefill,69,0,113311744,17707827200,7931822080,25752961024
LLAMA-65B--KVChime-CB-2,F2,prefill,70,0,113311744,17707827200,8045133824,25866272768
LLAMA-65B--KVChime-CB-2,F2,prefill,71,0,113311744,17707827200,8158445568,25979584512
LLAMA-65B--KVChime-CB-2,F2,prefill,72,0,113311744,17707827200,8271757312,26092896256
LLAMA-65B--KVChime-CB-2,F2,prefill,73,0,113311744,17707827200,8385069056,26206208000
LLAMA-65B--KVChime-CB-2,F2,prefill,74,0,113311744,17707827200,8498380800,26319519744
LLAMA-65B--KVChime-CB-2,F2,prefill,75,0,113311744,17707827200,8611692544,26432831488
LLAMA-65B--KVChime-CB-2,F2,prefill,76,0,113311744,17707827200,8725004288,26546143232
LLAMA-65B--KVChime-CB-2,F2,prefill,77,0,113311744,17707827200,8838316032,26659454976
LLAMA-65B--KVChime-CB-2,F2,prefill,78,0,113311744,17707827200,8951627776,26772766720
LLAMA-65B--KVChime-CB-2,F2,prefill,79,0,113311744,17707827200,9064939520,26886078464
LLAMA-65B--KVChime-CB-2,F2,decode,all,1,32768,17707827200,9067560960,26775420928
LLAMA-65B--KVChime-CB-2,F2,decode,all,2,32768,17707827200,9070182400,26778042368
LLAMA-65B--KVChime-CB-2,F2,decode,all,3,32768,17707827200,9072803840,26780663808
LLAMA-65B--KVChime-CB-2,F2,decode,all,4,32768,17707827200,9075425280,26783285248
LLAMA-65B--KVChime-CB-2,F2,decode,all,5,32768,17707827200,9078046720,26785906688
LLAMA-65B--KVChime-CB-2,F2,decode,all,6,32768,17707827200,9080668160,26788528128
LLAMA-65B--KVChime-CB-2,F2,decode,all,7,32768,17707827200,9083289600,26791149568
LLAMA-65B--KVChime-CB-2,F2,decode,all,8,32768,17707827200,9085911040,26793771008
LLAMA-65B--KVChime-CB-2,F2,decode,all,9,32768,17707827200,9088532480,26796392448
LLAMA-65B--KVChime-CB-2,F3,prefill,0,0,113311744,17707827200,113311744,17934450688
LLAMA-65B--KVChime-CB-2,F3,prefill,1,0,113311744,17707827200,226623488,18047762432
LLAMA-65B--KVChime-CB-2,F3,prefill,2,0,113311744,17707827200,246415360,18067554304
LLAMA-65B--KVChime-CB-2,F3,prefill,3,0,113311744,17707827200,266207232,18087346176
LLAMA-65B--KVChime-CB-2,F3,prefill,4,0,113311744,17707827200,285999104,18107138048
LLAMA-65B--KVChime-CB-2,F3,prefill,5,0,113311744,17707827200,305790976,18126929920
LLAMA-65B--KVChime-CB-2,F3,prefill,6,0,113311744,17707827200,325582848,18146721792
LLAMA-65B--KVChime-CB-2,F3,prefill,7,0,113311744,17707827200,345374720,18166513664
LLAMA-65B--KVChime-CB-2,F3,prefill,8,0,113311744,17707827200,365166592,18186305536
LLAMA-65B--KVChime-CB-2,F3,prefill,9,0,113311744,17707827200,384958464,18206097408
LLAMA-65B--KVChime-CB-2,F3,prefill,10,0,113311744,17707827200,404750336,18225889280
LLAMA-65B--KVChime-CB-2,F3,prefill,11,0,113311744,17707827200,424542208,18245681152
LLAMA-65B--KVChime-CB-2,F3,prefill,12,0,113311744,17707827200,444334080,18265473024
LLAMA-65B--KVChime-CB-2,F3,prefill,13,0,113311744,17707827200,464125952,18285264896
LLAMA-65B--KVChime-CB-2,F3,prefill,14,0,113311744,17707827200,483917824,18305056768
LLAMA-65B--KVChime-CB-2,F3,prefill,15,0,113311744,17707827200,503709696,18324848640
LLAMA-65B--KVChime-CB-2,F3,prefill,16,0,113311744,17707827200,523501568,18344640512
LLAMA-65B--KVChime-CB-2,F3,prefill,17,0,113311744,17707827200,543293440,18364432384
LLAMA-65B--KVChime-CB-2,F3,prefill,18,0,113311744,17707827200,563085312,18384224256
LLAMA-65B--KVChime-CB-2,F3,prefill,19,0,113311744,17707827200,582877184,18404016128
LLAMA-65B--KVChime-CB-2,F3,prefill,20,0,113311744,17707827200,602669056,18423808000
LLAMA-65B--KVChime-CB-2,F3,prefill,21,0,113311744,17707827200,622460928,18443599872
LLAMA-65B--KVChime-CB-2,F3,prefill,22,0,113311744,17707827200,642252800,18463391744
LLAMA-65B--KVChime-CB-2,F3,prefill,23,0,113311744,17707827200,662044672,18483183616
LLAMA-65B--KVChime-CB-2,F3,prefill,24,0,113311744,17707827200,681836544,18502975488
LLAMA-65B--KVChime-CB-2,F3,prefill,25,0,113311744,17707827200,701628416,18522767360
LLAMA-65B--KVChime-CB-2,F3,prefill,26,0,113311744,17707827200,721420288,18542559232
LLAMA-65B--KVChime-CB-2,F3,prefill,27,0,113311744,17707827200,741212160,18562351104
LLAMA-65B--KVChime-CB-2,F3,prefill,28,0,113311744,17707827200,761004032,18582142976
LLAMA-65B--KVChime-CB-2,F3,prefill,29,0,113311744,17707827200,780795904,18601934848
LLAMA-65B--KVChime-CB-2,F3,prefill,30,0,113311744,17707827200,800587776,18621726720
LLAMA-65B--KVChime-CB-2,F3,prefill,31,0,113311744,17707827200,820379648,18641518592
LLAMA-65B--KVChime-CB-2,F3,prefill,32,0,113311744,17707827200,840171520,18661310464
LLAMA-65B--KVChime-CB-2,F3,prefill,33,0,113311744,17707827200,859963392,18681102336
LLAMA-65B--KVChime-CB-2,F3,prefill,34,0,113311744,17707827200,879755264,18700894208
LLAMA-65B--KVChime-CB-2,F3,prefill,35,0,113311744,17707827200,899547136,18720686080
LLAMA-65B--KVChime-CB-2,F3,prefill,36,0,113311744,17707827200,919339008,18740477952
LLAMA-65B--KVChime-CB-2,F3,prefill,37,0,113311744,17707827200,939130880,18760269824
LLAMA-65B--KVChime-CB-2,F3,prefill,38,0,113311744,17707827200,958922752,18780061696
LLAMA-65B--KVChime-CB-2,F3,prefill,39,0,113311744,17707827200,978714624,18799853568
LLAMA-65B--KVChime-CB-2,F3,prefill,40,0,113311744,17707827200,998506496,18819645440
LLAMA-65B--KVChime-CB-2,F3,prefill,41,0,113311744,17707827200,1018298368,18839437312
LLAMA-65B--KVChime-CB-2,F3,prefill,42,0,113311744,17707827200,1038090240,18859229184
LLAMA-65B--KVChime-CB-2,F3,prefill,43,0,113311744,17707827200,1057882112,18879021056
LLAMA-65B--KVChime-CB-2,F3,prefill,44,0,113311744,17707827200,1077673984,18898812928
LLAMA-65B--KVChime-CB-2,F3,prefill,45,0,113311744,17707827200,1097465856,18918604800
LLAMA-65B--KVChime-CB-2,F3,prefill,46,0,113311744,17707827200,1117257728,18938396672
LLAMA-65B--KVChime-CB-2,F3,prefill,47,0,113311744,17707827200,1137049600,18958188544
LLAMA-65B--KVChime-CB-2,F3,prefill,48,0,113311744,17707827200,1156841472,18977980416
LLAMA-65B--KVChime-CB-2,F3,prefill,49,0,113311744,17707827200,1176633344,18997772288
LLAMA-65B--KVChime-CB-2,F3,prefill,50,0,113311744,17707827200,1196425216,19017564160
LLAMA-65B--KVChime-CB-2,F3,prefill,51,0,113311744,17707827200,1216217088,19037356032
LLAMA-65B--KVChime-CB-2,F3,prefill,52,0,113311744,17707827200,1236008960,19057147904
LLAMA-65B--KVChime-CB-2,F3,prefill,53,0,113311744,17707827200,1255800832,19076939776
LLAMA-65B--KVChime-CB-2,F3,prefill,54,0,113311744,17707827200,1275592704,19096731648
LLAMA-65B--KVChime-CB-2,F3,prefill,55,0,113311744,17707827200,1295384576,19116523520
LLAMA-65B--KVChime-CB-2,F3,prefill,56,0,113311744,17707827200,1315176448,19136315392
LLAMA-65B--KVChime-CB-2,F3,prefill,57,0,113311744,17707827200,1334968320,19156107264
LLAMA-65B--KVChime-CB-2,F3,prefill,58,0,113311744,17707827200,1354760192,19175899136
LLAMA-65B--KVChime-CB-2,F3,prefill,59,0,113311744,17707827200,1374552064,19195691008
LLAMA-65B--KVChime-CB-2,F3,prefill,60,0,113311744,17707827200,1394343936,19215482880
LLAMA-65B--KVChime-CB-2,F3,prefill,61,0,113311744,17707827200,1414135808,19235274752
LLAMA-65B--KVChime-CB-2,F3,prefill,62,0,113311744,17707827200,1433927680,19255066624
LLAMA-65B--KVChime-CB-2,F3,prefill,63,0,113311744,17707827200,1453719552,19274858496
LLAMA-65B--KVChime-CB-2,F3,prefill,64,0,113311744,17707827200,1473511424,19294650368
LLAMA-65B--KVChime-CB-2,F3,prefill,65,0,113311744,17707827200,1493303296,19314442240
LLAMA-65B--KVChime-CB-2,F3,prefill,66,0,113311744,17707827200,1513095168,19334234112
LLAMA-65B--KVChime-CB-2,F3,prefill,67,0,113311744,17707827200,1532887040,19354025984
LLAMA-65B--KVChime-CB-2,F3,prefill,68,0,113311744,17707827200,1552678912,19373817856
LLAMA-65B--KVChime-CB-2,F3,prefill,69,0,113311744,17707827200,1572470784,19393609728
LLAMA-65B--KVChime-CB-2,F3,prefill,70,0,113311744,17707827200,1592262656,19413401600
LLAMA-65B--KVChime-CB-2,F3,prefill,71,0,113311744,17707827200,1612054528,19433193472
LLAMA-65B--KVChime-CB-2,F3,prefill,72,0,113311744,17707827200,1631846400,19452985344
LLAMA-65B--KVChime-CB-2,F3,prefill,73,0,113311744,17707827200,1651638272,19472777216
LLAMA-65B--KVChime-CB-2,F3,prefill,74,0,113311744,17707827200,1671430144,19492569088
LLAMA-65B--KVChime-CB-2,F3,prefill,75,0,113311744,17707827200,1691222016,19512360960
LLAMA-65B--KVChime-CB-2,F3,prefill,76,0,113311744,17707827200,1711013888,19532152832
LLAMA-65B--KVChime-CB-2,F3,prefill,77,0,113311744,17707827200,1730805760,19551944704
LLAMA-65B--KVChime-CB-2,F3,prefill,78,0,113311744,17707827200,1750597632,19571736576
LLAMA-65B--KVChime-CB-2,F3,prefill,79,0,113311744,17707827200,1770389504,19591528448
LLAMA-65B--KVChime-CB-2,F3,decode,all,1,32768,17707827200,1773010944,19480870912
LLAMA-65B--KVChime-CB-2,F3,decode,all,2,32768,17707827200,1775632384,19483492352
LLAMA-65B--KVChime-CB-2,F3,decode,all,3,32768,17707827200,1778253824,19486113792
LLAMA-65B--KVChime-CB-2,F3,decode,all,4,32768,17707827200,1780875264,19488735232
LLAMA-65B--KVChime-CB-2,F3,decode,all,5,32768,17707827200,1783496704,19491356672
LLAMA-65B--KVChime-CB-2,F3,decode,all,6,32768,17707827200,1786118144,19493978112
LLAMA-65B--KVChime-CB-2,F3,decode,all,7,32768,17707827200,1788739584,19496599552
LLAMA-65B--KVChime-CB-2,F3,decode,all,8,32768,17707827200,1791361024,19499220992
LLAMA-65B--KVChime-CB-2,F3,decode,all,9,32768,17707827200,1793982464,19501842432
LLAMA-65B--KVChime-CB-2,F4,prefill,0,0,113311744,17707827200,113311744,17934450688
LLAMA-65B--KVChime-CB-2,F4,prefill,1,0,113311744,17707827200,226623488,18047762432
LLAMA-65B--KVChime-CB-2,F4,prefill,2,0,113311744,17707827200,246415360,18067554304
LLAMA-65B--KVChime-CB-2,F4,prefill,3,0,113311744,17707827200,266207232,18087346176
LLAMA-65B--KVChime-CB-2,F4,prefill,4,0,113311744,17707827200,285999104,18107138048
LLAMA-65B--KVChime-CB-2,F4,prefill,5,0,113311744,17707827200,305790976,18126929920
LLAMA-65B--KVChime-CB-2,F4,prefill,6,0,113311744,17707827200,325582848,18146721792
LLAMA-65B--KVChime-CB-2,F4,prefill,7,0,113311744,17707827200,345374720,18166513664
LLAMA-65B--KVChime-CB-2,F4,prefill,8,0,113311744,17707827200,365166592,18186305536
LLAMA-65B--KVChime-CB-2,F4,prefill,9,0,113311744,17707827200,384958464,18206097408
LLAMA-65B--KVChime-CB-2,F4,prefill,10,0,113311744,17707827200,404750336,18225889280
LLAMA-65B--KVChime-CB-2,F4,prefill,11,0,113311744,17707827200,424542208,18245681152
LLAMA-65B--KVChime-CB-2,F4,prefill,12,0,113311744,17707827200,444334080,18265473024
LLAMA-65B--KVChime-CB-2,F4,prefill,13,0,113311744,17707827200,464125952,18285264896
LLAMA-65B--KVChime-CB-2,F4,prefill,14,0,113311744,17707827200,483917824,18305056768
LLAMA-65B--KVChime-CB-2,F4,prefill,15,0,113311744,17707827200,503709696,18324848640
LLAMA-65B--KVChime-CB-2,F4,prefill,16,0,113311744,17707827200,523501568,18344640512
LLAMA-65B--KVChime-CB-2,F4,prefill,17,0,113311744,17707827200,543293440,18364432384
LLAMA-65B--KVChime-CB-2,F4,prefill,18,0,113311744,17707827200,563085312,18384224256
LLAMA-65B--KVChime-CB-2,F4,prefill,19,0,113311744,17707827200,582877184,18404016128
LLAMA-65B--KVChime-CB-2,F4,prefill,20,0,113311744,17707827200,602669056,18423808000
LLAMA-65B--KVChime-CB-2,F4,prefill,21,0,113311744,17707827200,622460928,18443599872
LLAMA-65B--KVChime-CB-2,F4,prefill,22,0,113311744,17707827200,642252800,18463391744
LLAMA-65B--KVChime-CB-2,F4,prefill,23,0,113311744,17707827200,662044672,18483183616
LLAMA-65B--KVChime-CB-2,F4,prefill,24,0,113311744,17707827200,681836544,18502975488
LLAMA-65B--KVChime-CB-2,F4,prefill,25,0,113311744,17707827200,701628416,18522767360
LLAMA-65B--KVChime-CB-2,F4,prefill,26,0,113311744,17707827200,721420288,18542559232
LLAMA-65B--KVChime-CB-2,F4,prefill,27,0,113311744,17707827200,741212160,18562351104
LLAMA-65B--KVChime-CB-2,F4,prefill,28,0,113311744,17707827200,761004032,18582142976
LLAMA-65B--KVChime-CB-2,F4,prefill,29,0,113311744,17707827200,780795904,18601934848
LLAMA-65B--KVChime-CB-2,F4,prefill,30,0,113311744,17707827200,800587776,18621726720
LLAMA-65B--KVChime-CB-2,F4,prefill,31,0,113311744,17707827200,820379648,18641518592
LLAMA-65B--KVChime-CB-2,F4,prefill,32,0,113311744,17707827200,840171520,18661310464
LLAMA-65B--KVChime-CB-2,F4,prefill,33,0,113311744,17707827200,859963392,18681102336
LLAMA-65B--KVChime-CB-2,F4,prefill,34,0,113311744,17707827200,879755264,18700894208
LLAMA-65B--KVChime-CB-2,F4,prefill,35,0,113311744,17707827200,899547136,18720686080
LLAMA-65B--KVChime-CB-2,F4,prefill,36,0,113311744,17707827200,919339008,18740477952
LLAMA-65B--KVChime-CB-2,F4,prefill,37,0,113311744,17707827200,939130880,18760269824
LLAMA-65B--KVChime-CB-2,F4,prefill,38,0,113311744,17707827200,958922752,18780061696
LLAMA-65B--KVChime-CB-2,F4,prefill,39,0,113311744,17707827200,978714624,18799853568
LLAMA-65B--KVChime-CB-2,F4,prefill,40,0,113311744,17707827200,998506496,18819645440
LLAMA-65B--KVChime-CB-2,F4,prefill,41,0,113311744,17707827200,1018298368,18839437312
LLAMA-65B--KVChime-CB-2,F4,prefill,42,0,113311744,17707827200,1038090240,18859229184
LLAMA-65B--KVChime-CB-2,F4,prefill,43,0,113311744,17707827200,1057882112,18879021056
LLAMA-65B--KVChime-CB-2,F4,prefill,44,0,113311744,17707827200,1077673984,18898812928
LLAMA-65B--KVChime-CB-2,F4,prefill,45,0,113311744,17707827200,1097465856,18918604800
LLAMA-65B--KVChime-CB-2,F4,prefill,46,0,113311744,17707827200,1117257728,18938396672
LLAMA-65B--KVChime-CB-2,F4,prefill,47,0,113311744,17707827200,1137049600,18958188544
LLAMA-65B--KVChime-CB-2,F4,prefill,48,0,113311744,17707827200,1156841472,18977980416
LLAMA-65B--KVChime-CB-2,F4,prefill,49,0,113311744,17707827200,1176633344,18997772288
LLAMA-65B--KVChime-CB-2,F4,prefill,50,0,113311744,17707827200,1196425216,19017564160
LLAMA-65B--KVChime-CB-2,F4,prefill,51,0,113311744,17707827200,1216217088,19037356032
LLAMA-65B--KVChime-CB-2,F4,prefill,52,0,113311744,17707827200,1236008960,19057147904
LLAMA-65B--KVChime-CB-2,F4,prefill,53,0,113311744,17707827200,1255800832,19076939776
LLAMA-65B--KVChime-CB-2,F4,prefill,54,0,113311744,17707827200,1275592704,19096731648
LLAMA-65B--KVChime-CB-2,F4,prefill,55,0,113311744,17707827200,1295384576,19116523520
LLAMA-65B--KVChime-CB-2,F4,prefill,56,0,113311744,17707827200,1315176448,19136315392
LLAMA-65B--KVChime-CB-2,F4,prefill,57,0,113311744,17707827200,1334968320,19156107264
LLAMA-65B--KVChime-CB-2,F4,prefill,58,0,113311744,17707827200,1354760192,19175899136
LLAMA-65B--KVChime-CB-2,F4,prefill,59,0,113311744,17707827200,1374552064,19195691008
LLAMA-65B--KVChime-CB-2,F4,prefill,60,0,113311744,17707827200,1394343936,19215482880
LLAMA-65B--KVChime-CB-2,F4,prefill,61,0,113311744,17707827200,1414135808,19235274752
LLAMA-65B--KVChime-CB-2,F4,prefill,62,0,113311744,17707827200,1433927680,19255066624
LLAMA-65B--KVChime-CB-2,F4,prefill,63,0,113311744,17707827200,1453719552,19274858496
LLAMA-65B--KVChime-CB-2,F4,prefill,64,0,113311744,17707827200,1473511424,19294650368
LLAMA-65B--KVChime-CB-2,F4,prefill,65,0,113311744,17707827200,1493303296,19314442240
LLAMA-65B--KVChime-CB-2,F4,prefill,66,0,113311744,17707827200,1513095168,19334234112
LLAMA-65B--KVChime-CB-2,F4,prefill,67,0,113311744,17707827200,1532887040,19354025984
LLAMA-65B--KVChime-CB-2,F4,prefill,68,0,113311744,17707827200,1552678912,19373817856
LLAMA-65B--KVChime-CB-2,F4,prefill,69,0,113311744,17707827200,1572470784,19393609728
LLAMA-65B--KVChime-CB-2,F4,prefill,70,0,113311744,17707827200,1592262656,19413401600
LLAMA-65B--KVChime-CB-2,F4,prefill,71,0,113311744,17707827200,1612054528,19433193472
LLAMA-65B--KVChime-CB-2,F4,prefill,72,0,113311744,17707827200,1631846400,19452985344
LLAMA-65B--KVChime-CB-2,F4,prefill,73,0,113311744,17707827200,1651638272,19472777216
LLAMA-65B--KVChime-CB-2,F4,prefill,74,0,113311744,17707827200,1671430144,19492569088
LLAMA-65B--KVChime-CB-2,F4,prefill,75,0,113311744,17707827200,1691222016,19512360960
LLAMA-65B--KVChime-CB-2,F4,prefill,76,0,113311744,17707827200,1711013888,19532152832
LLAMA-65B--KVChime-CB-2,F4,prefill,77,0,113311744,17707827200,1730805760,19551944704
LLAMA-65B--KVChime-CB-2,F4,prefill,78,0,113311744,17707827200,1750597632,19571736576
LLAMA-65B--KVChime-CB-2,F4,prefill,79,0,113311744,17707827200,1770389504,19591528448
LLAMA-65B--KVChime-CB-2,F4,decode,all,1,32768,17707827200,1773010944,19480870912
LLAMA-65B--KVChime-CB-2,F4,decode,all,2,32768,17707827200,1775632384,19483492352
LLAMA-65B--KVChime-CB-2,F4,decode,all,3,32768,17707827200,1778253824,19486113792
LLAMA-65B--KVChime-CB-2,F4,decode,all,4,32768,17707827200,1780875264,19488735232
LLAMA-65B--KVChime-CB-2,F4,decode,all,5,32768,17707827200,1783496704,19491356672
LLAMA-65B--KVChime-CB-2,F4,decode,all,6,32768,17707827200,1786118144,19493978112
LLAMA-65B--KVChime-CB-2,F4,decode,all,7,32768,17707827200,1788739584,19496599552
LLAMA-65B--KVChime-CB-2,F4,decode,all,8,32768,17707827200,1791361024,19499220992
LLAMA-65B--KVChime-CB-2,F4,decode,all,9,32768,17707827200,1793982464,19501842432
LLAMA-65B--KVChime-EPIC-long-4000,F0,prefill,0,0,131989504,0,0,131989504
LLAMA-65B--KVChime-EPIC-long-4000,F0,prefill,1,0,263979008,0,0,263979008
LLAMA-65B--KVChime-EPIC-long-4000,F0,prefill,2,0,395968512,0,0,395968512
LLAMA-65B--KVChime-EPIC-long-4000,F0,prefill,3,0,527958016,0,0,527958016
LLAMA-65B--KVChime-EPIC-long-4000,F0,prefill,4,0,659947520,0,0,659947520
LLAMA-65B--KVChime-EPIC-long-4000,F0,prefill,5,0,791937024,0,0,791937024
LLAMA-65B--KVChime-EPIC-long-4000,F0,prefill,6,0,923926528,0,0,923926528
LLAMA-65B--KVChime-EPIC-long-4000,F0,prefill,7,0,1055916032,0,0,1055916032
LLAMA-65B--KVChime-EPIC-long-4000,F0,prefill,8,0,1187905536,0,0,1187905536
LLAMA-65B--KVChime-EPIC-long-4000,F0,prefill,9,0,1319895040,0,0,1319895040
LLAMA-65B--KVChime-EPIC-long-4000,F0,prefill,10,0,1451884544,0,0,1451884544
LLAMA-65B--KVChime-EPIC-long-4000,F0,prefill,11,0,1583874048,0,0,1583874048
LLAMA-65B--KVChime-EPIC-long-4000,F0,prefill,12,0,1715863552,0,0,1715863552
LLAMA-65B--KVChime-EPIC-long-4000,F0,prefill,13,0,1847853056,0,0,1847853056
LLAMA-65B--KVChime-EPIC-long-4000,F0,prefill,14,0,1979842560,0,0,1979842560
LLAMA-65B--KVChime-EPIC-long-4000,F0,prefill,15,0,2111832064,0,0,2111832064
LLAMA-65B--KVChime-EPIC-long-4000,F0,prefill,16,0,2243821568,0,0,2243821568
LLAMA-65B--KVChime-EPIC-long-4000,F0,prefill,17,0,2375811072,0,0,2375811072
LLAMA-65B--KVChime-EPIC-long-4000,F0,prefill,18,0,2507800576,0,0,2507800576
LLAMA-65B--KVChime-EPIC-long-4000,F0,prefill,19,0,2639790080,0,0,2639790080
LLAMA-65B--KVChime-EPIC-long-4000,F0,prefill,20,0,2771779584,0,0,2771779584
LLAMA-65B--KVChime-EPIC-long-4000,F0,prefill,21,0,2903769088,0,0,2903769088
LLAMA-65B--KVChime-EPIC-long-4000,F0,prefill,22,0,3035758592,0,0,3035758592
LLAMA-65B--KVChime-EPIC-long-4000,F0,prefill,23,0,3167748096,0,0,3167748096
LLAMA-65B--KVChime-EPIC-long-4000,F0,prefill,24,0,3299737600,0,0,3299737600
LLAMA-65B--KVChime-EPIC-long-4000,F0,prefill,25,0,3431727104,0,0,3431727104
LLAMA-65B--KVChime-EPIC-long-4000,F0,prefill,26,0,3563716608,0,0,3563716608
LLAMA-65B--KVChime-EPIC-long-4000,F0,prefill,27,0,3695706112,0,0,3695706112
LLAMA-65B--KVChime-EPIC-long-4000,F0,prefill,28,0,3827695616,0,0,3827695616
LLAMA-65B--KVChime-EPIC-long-4000,F0,prefill,29,0,3959685120,0,0,3959685120
LLAMA-65B--KVChime-EPIC-long-4000,F0,prefill,30,0,4091674624,0,0,4091674624
LLAMA-65B--KVChime-EPIC-long-4000,F0,prefill,31,0,4223664128,0,0,4223664128
LLAMA-65B--KVChime-EPIC-long-4000,F0,prefill,32,0,4355653632,0,0,4355653632
LLAMA-65B--KVChime-EPIC-long-4000,F0,prefill,33,0,4487643136,0,0,4487643136
LLAMA-65B--KVChime-EPIC-long-4000,F0,prefill,34,0,4619632640,0,0,4619632640
LLAMA-65B--KVChime-EPIC-long-4000,F0,prefill,35,0,4751622144,0,0,4751622144
LLAMA-65B--KVChime-EPIC-long-4000,F0,prefill,36,0,4883611648,0,0,4883611648
LLAMA-65B--KVChime-EPIC-long-4000,F0,prefill,37,0,5015601152,0,0,5015601152
LLAMA-65B--KVChime-EPIC-long-4000,F0,prefill,38,0,5147590656,0,0,5147590656
LLAMA-65B--KVChime-EPIC-long-4000,F0,prefill,39,0,5279580160,0,0,5279580160
LLAMA-65B--KVChime-EPIC-long-4000,F0,prefill,40,0,5411569664,0,0,5411569664
LLAMA-65B--KVChime-EPIC-long-4000,F0,prefill,41,0,5543559168,0,0,5543559168
LLAMA-65B--KVChime-EPIC-long-4000,F0,prefill,42,0,5675548672,0,0,5675548672
LLAMA-65B--KVChime-EPIC-long-4000,F0,prefill,43,0,5807538176,0,0,5807538176
LLAMA-65B--KVChime-EPIC-long-4000,F0,prefill,44,0,5939527680,0,0,5939527680
LLAMA-65B--KVChime-EPIC-long-4000,F0,prefill,45,0,6071517184,0,0,6071517184
LLAMA-65B--KVChime-EPIC-long-4000,F0,prefill,46,0,6203506688,0,0,6203506688
LLAMA-65B--KVChime-EPIC-long-4000,F0,prefill,47,0,6335496192,0,0,6335496192
LLAMA-65B--KVChime-EPIC-long-4000,F0,prefill,48,0,6467485696,0,0,6467485696
LLAMA-65B--KVChime-EPIC-long-4000,F0,prefill,49,0,6599475200,0,0,6599475200
LLAMA-65B--KVChime-EPIC-long-4000,F0,prefill,50,0,6731464704,0,0,6731464704
LLAMA-65B--KVChime-EPIC-long-4000,F0,prefill,51,0,6863454208,0,0,6863454208
LLAMA-65B--KVChime-EPIC-long-4000,F0,prefill,52,0,6995443712,0,0,6995443712
LLAMA-65B--KVChime-EPIC-long-4000,F0,prefill,53,0,7127433216,0,0,7127433216
LLAMA-65B--KVChime-EPIC-long-4000,F0,prefill,54,0,7259422720,0,0,7259422720
LLAMA-65B--KVChime-EPIC-long-4000,F0,prefill,55,0,7391412224,0,0,7391412224
LLAMA-65B--KVChime-EPIC-long-4000,F0,prefill,56,0,7523401728,0,0,7523401728
LLAMA-65B--KVChime-EPIC-long-4000,F0,prefill,57,0,7655391232,0,0,7655391232
LLAMA-65B--KVChime-EPIC-long-4000,F0,prefill,58,0,7787380736,0,0,7787380736
LLAMA-65B--KVChime-EPIC-long-4000,F0,prefill,59,0,7919370240,0,0,7919370240
LLAMA-65B--KVChime-EPIC-long-4000,F0,prefill,60,0,8051359744,0,0,8051359744
LLAMA-65B--KVChime-EPIC-long-4000,F0,prefill,61,0,8183349248,0,0,8183349248
LLAMA-65B--KVChime-EPIC-long-4000,F0,prefill,62,0,8315338752,0,0,8315338752
LLAMA-65B--KVChime-EPIC-long-4000,F0,prefill,63,0,8447328256,0,0,8447328256
LLAMA-65B--KVChime-EPIC-long-4000,F0,prefill,64,0,8579317760,0,0,8579317760
LLAMA-65B--KVChime-EPIC-long-4000,F0,prefill,65,0,8711307264,0,0,8711307264
LLAMA-65B--KVChime-EPIC-long-4000,F0,prefill,66,0,8843296768,0,0,8843296768
LLAMA-65B--KVChime-EPIC-long-4000,F0,prefill,67,0,8975286272,0,0,8975286272
LLAMA-65B--KVChime-EPIC-long-4000,F0,prefill,68,0,9107275776,0,0,9107275776
LLAMA-65B--KVChime-EPIC-long-4000,F0,prefill,69,0,9239265280,0,0,9239265280
LLAMA-65B--KVChime-EPIC-long-4000,F0,prefill,70,0,9371254784,0,0,9371254784
LLAMA-65B--KVChime-EPIC-long-4000,F0,prefill,71,0,9503244288,0,0,9503244288
LLAMA-65B--KVChime-EPIC-long-4000,F0,prefill,72,0,9635233792,0,0,9635233792
LLAMA-65B--KVChime-EPIC-long-4000,F0,prefill,73,0,9767223296,0,0,9767223296
LLAMA-65B--KVChime-EPIC-long-4000,F0,prefill,74,0,9899212800,0,0,9899212800
LLAMA-65B--KVChime-EPIC-long-4000,F0,prefill,75,0,10031202304,0,0,10031202304
LLAMA-65B--KVChime-EPIC-long-4000,F0,prefill,76,0,10163191808,0,0,10163191808
LLAMA-65B--KVChime-EPIC-long-4000,F0,prefill,77,0,10295181312,0,0,10295181312
LLAMA-65B--KVChime-EPIC-long-4000,F0,prefill,78,0,10427170816,0,0,10427170816
LLAMA-65B--KVChime-EPIC-long-4000,F0,prefill,79,0,10559160320,0,0,10559160320
LLAMA-65B--KVChime-EPIC-long-4000,F0,decode,all,1,10561781760,0,0,10561781760
LLAMA-65B--KVChime-EPIC-long-4000,F0,decode,all,2,10564403200,0,0,10564403200
LLAMA-65B--KVChime-EPIC-long-4000,F0,decode,all,3,10567024640,0,0,10567024640
LLAMA-65B--KVChime-EPIC-long-4000,F0,decode,all,4,10569646080,0,0,10569646080
LLAMA-65B--KVChime-EPIC-long-4000,F0,decode,all,5,10572267520,0,0,10572267520
LLAMA-65B--KVChime-EPIC-long-4000,F0,decode,all,6,10574888960,0,0,10574888960
LLAMA-65B--KVChime-EPIC-long-4000,F0,decode,all,7,10577510400,0,0,10577510400
LLAMA-65B--KVChime-EPIC-long-4000,F0,decode,all,8,10580131840,0,0,10580131840
LLAMA-65B--KVChime-EPIC-long-4000,F0,decode,all,9,10582753280,0,0,10582753280
LLAMA-65B--KVChime-EPIC-long-4000,F0,decode,all,10,10585374720,0,0,10585374720
LLAMA-65B--KVChime-EPIC-long-4000,F0,decode,all,11,10587996160,0,0,10587996160
LLAMA-65B--KVChime-EPIC-long-4000,F0,decode,all,12,10590617600,0,0,10590617600
LLAMA-65B--KVChime-EPIC-long-4000,F0,decode,all,13,10593239040,0,0,10593239040
LLAMA-65B--KVChime-EPIC-long-4000,F0,decode,all,14,10595860480,0,0,10595860480
LLAMA-65B--KVChime-EPIC-long-4000,F0,decode,all,15,10598481920,0,0,10598481920
LLAMA-65B--KVChime-EPIC-long-4000,F1,prefill,0,0,131989504,10559160320,0,10691149824
LLAMA-65B--KVChime-EPIC-long-4000,F1,prefill,1,0,263979008,10559160320,0,10823139328
LLAMA-65B--KVChime-EPIC-long-4000,F1,prefill,2,0,395968512,10559160320,0,10955128832
LLAMA-65B--KVChime-EPIC-long-4000,F1,prefill,3,0,527958016,10559160320,0,11087118336
LLAMA-65B--KVChime-EPIC-long-4000,F1,prefill,4,0,659947520,10559160320,0,11219107840
LLAMA-65B--KVChime-EPIC-long-4000,F1,prefill,5,0,791937024,10559160320,0,11351097344
LLAMA-65B--KVChime-EPIC-long-4000,F1,prefill,6,0,923926528,10559160320,0,11483086848
LLAMA-65B--KVChime-EPIC-long-4000,F1,prefill,7,0,1055916032,10559160320,0,11615076352
LLAMA-65B--KVChime-EPIC-long-4000,F1,prefill,8,0,1187905536,10559160320,0,11747065856
LLAMA-65B--KVChime-EPIC-long-4000,F1,prefill,9,0,1319895040,10559160320,0,11879055360
LLAMA-65B--KVChime-EPIC-long-4000,F1,prefill,10,0,1451884544,10559160320,0,12011044864
LLAMA-65B--KVChime-EPIC-long-4000,F1,prefill,11,0,1583874048,10559160320,0,12143034368
LLAMA-65B--KVChime-EPIC-long-4000,F1,prefill,12,0,1715863552,10559160320,0,12275023872
LLAMA-65B--KVChime-EPIC-long-4000,F1,prefill,13,0,1847853056,10559160320,0,12407013376
LLAMA-65B--KVChime-EPIC-long-4000,F1,prefill,14,0,1979842560,10559160320,0,12539002880
LLAMA-65B--KVChime-EPIC-long-4000,F1,prefill,15,0,2111832064,10559160320,0,12670992384
LLAMA-65B--KVChime-EPIC-long-4000,F1,prefill,16,0,2243821568,10559160320,0,12802981888
LLAMA-65B--KVChime-EPIC-long-4000,F1,prefill,17,0,2375811072,10559160320,0,12934971392
LLAMA-65B--KVChime-EPIC-long-4000,F1,prefill,18,0,2507800576,10559160320,0,13066960896
LLAMA-65B--KVChime-EPIC-long-4000,F1,prefill,19,0,2639790080,10559160320,0,13198950400
LLAMA-65B--KVChime-EPIC-long-4000,F1,prefill,20,0,2771779584,10559160320,0,13330939904
LLAMA-65B--KVChime-EPIC-long-4000,F1,prefill,21,0,2903769088,10559160320,0,13462929408
LLAMA-65B--KVChime-EPIC-long-4000,F1,prefill,22,0,3035758592,10559160320,0,13594918912
LLAMA-65B--KVChime-EPIC-long-4000,F1,prefill,23,0,3167748096,10559160320,0,13726908416
LLAMA-65B--KVChime-EPIC-long-4000,F1,prefill,24,0,3299737600,10559160320,0,13858897920
LLAMA-65B--KVChime-EPIC-long-4000,F1,prefill,25,0,3431727104,10559160320,0,13990887424
LLAMA-65B--KVChime-EPIC-long-4000,F1,prefill,26,0,3563716608,10559160320,0,14122876928
LLAMA-65B--KVChime-EPIC-long-4000,F1,prefill,27,0,3695706112,10559160320,0,14254866432
LLAMA-65B--KVChime-EPIC-long-4000,F1,prefill,28,0,3827695616,10559160320,0,14386855936
LLAMA-65B--KVChime-EPIC-long-4000,F1,prefill,29,0,3959685120,10559160320,0,14518845440
LLAMA-65B--KVChime-EPIC-long-4000,F1,prefill,30,0,4091674624,10559160320,0,14650834944
LLAMA-65B--KVChime-EPIC-long-4000,F1,prefill,31,0,4223664128,10559160320,0,14782824448
LLAMA-65B--KVChime-EPIC-long-4000,F1,prefill,32,0,4355653632,10559160320,0,14914813952
LLAMA-65B--KVChime-EPIC-long-4000,F1,prefill,33,0,4487643136,10559160320,0,15046803456
LLAMA-65B--KVChime-EPIC-long-4000,F1,prefill,34,0,4619632640,10559160320,0,15178792960
LLAMA-65B--KVChime-EPIC-long-4000,F1,prefill,35,0,4751622144,10559160320,0,15310782464
LLAMA-65B--KVChime-EPIC-long-4000,F1,prefill,36,0,4883611648,10559160320,0,15442771968
LLAMA-65B--KVChime-EPIC-long-4000,F1,prefill,37,0,5015601152,10559160320,0,15574761472
LLAMA-65B--KVChime-EPIC-long-4000,F1,prefill,38,0,5147590656,10559160320,0,15706750976
LLAMA-65B--KVChime-EPIC-long-4000,F1,prefill,39,0,5279580160,10559160320,0,15838740480
LLAMA-65B--KVChime-EPIC-long-4000,F1,prefill,40,0,5411569664,10559160320,0,15970729984
LLAMA-65B--KVChime-EPIC-long-4000,F1,prefill,41,0,5543559168,10559160320,0,16102719488
LLAMA-65B--KVChime-EPIC-long-4000,F1,prefill,42,0,5675548672,10559160320,0,16234708992
LLAMA-65B--KVChime-EPIC-long-4000,F1,prefill,43,0,5807538176,10559160320,0,16366698496
LLAMA-65B--KVChime-EPIC-long-4000,F1,prefill,44,0,5939527680,10559160320,0,16498688000
LLAMA-65B--KVChime-EPIC-long-4000,F1,prefill,45,0,6071517184,10559160320,0,16630677504
LLAMA-65B--KVChime-EPIC-long-4000,F1,prefill,46,0,6203506688,10559160320,0,16762667008
LLAMA-65B--KVChime-EPIC-long-4000,F1,prefill,47,0,6335496192,10559160320,0,16894656512
LLAMA-65B--KVChime-EPIC-long-4000,F1,prefill,48,0,6467485696,10559160320,0,17026646016
LLAMA-65B--KVChime-EPIC-long-4000,F1,prefill,49,0,6599475200,10559160320,0,17158635520
LLAMA-65B--KVChime-EPIC-long-4000,F1,prefill,50,0,6731464704,10559160320,0,17290625024
LLAMA-65B--KVChime-EPIC-long-4000,F1,prefill,51,0,6863454208,10559160320,0,17422614528
LLAMA-65B--KVChime-EPIC-long-4000,F1,prefill,52,0,6995443712,10559160320,0,17554604032
LLAMA-65B--KVChime-EPIC-long-4000,F1,prefill,53,0,7127433216,10559160320,0,17686593536
LLAMA-65B--KVChime-EPIC-long-4000,F1,prefill,54,0,7259422720,10559160320,0,17818583040
LLAMA-65B--KVChime-EPIC-long-4000,F1,prefill,55,0,7391412224,10559160320,0,17950572544
LLAMA-65B--KVChime-EPIC-long-4000,F1,prefill,56,0,7523401728,10559160320,0,18082562048
LLAMA-65B--KVChime-EPIC-long-4000,F1,prefill,57,0,7655391232,10559160320,0,18214551552
LLAMA-65B--KVChime-EPIC-long-4000,F1,prefill,58,0,7787380736,10559160320,0,18346541056
LLAMA-65B--KVChime-EPIC-long-4000,F1,prefill,59,0,7919370240,10559160320,0,18478530560
LLAMA-65B--KVChime-EPIC-long-4000,F1,prefill,60,0,8051359744,10559160320,0,18610520064
LLAMA-65B--KVChime-EPIC-long-4000,F1,prefill,61,0,8183349248,10559160320,0,18742509568
LLAMA-65B--KVChime-EPIC-long-4000,F1,prefill,62,0,8315338752,10559160320,0,18874499072
LLAMA-65B--KVChime-EPIC-long-4000,F1,prefill,63,0,8447328256,10559160320,0,19006488576
LLAMA-65B--KVChime-EPIC-long-4000,F1,prefill,64,0,8579317760,10559160320,0,19138478080
LLAMA-65B--KVChime-EPIC-long-4000,F1,prefill,65,0,8711307264,10559160320,0,19270467584
LLAMA-65B--KVChime-EPIC-long-4000,F1,prefill,66,0,8843296768,10559160320,0,19402457088
LLAMA-65B--KVChime-EPIC-long-4000,F1,prefill,67,0,8975286272,10559160320,0,19534446592
LLAMA-65B--KVChime-EPIC-long-4000,F1,prefill,68,0,9107275776,10559160320,0,19666436096
LLAMA-65B--KVChime-EPIC-long-4000,F1,prefill,69,0,9239265280,10559160320,0,19798425600
LLAMA-65B--KVChime-EPIC-long-4000,F1,prefill,70,0,9371254784,10559160320,0,19930415104
LLAMA-65B--KVChime-EPIC-long-4000,F1,prefill,71,0,9503244288,10559160320,0,20062404608
LLAMA-65B--KVChime-EPIC-long-4000,F1,prefill,72,0,9635233792,10559160320,0,20194394112
LLAMA-65B--KVChime-EPIC-long-4000,F1,prefill,73,0,9767223296,10559160320,0,20326383616
LLAMA-65B--KVChime-EPIC-long-4000,F1,prefill,74,0,9899212800,10559160320,0,20458373120
LLAMA-65B--KVChime-EPIC-long-4000,F1,prefill,75,0,10031202304,10559160320,0,20590362624
LLAMA-65B--KVChime-EPIC-long-4000,F1,prefill,76,0,10163191808,10559160320,0,20722352128
LLAMA-65B--KVChime-EPIC-long-4000,F1,prefill,77,0,10295181312,10559160320,0,20854341632
LLAMA-65B--KVChime-EPIC-long-4000,F1,prefill,78,0,10427170816,10559160320,0,20986331136
LLAMA-65B--KVChime-EPIC-long-4000,F1,prefill,79,0,10559160320,10559160320,0,21118320640
LLAMA-65B--KVChime-EPIC-long-4000,F1,decode,all,1,10561781760,10559160320,0,21120942080
LLAMA-65B--KVChime-EPIC-long-4000,F1,decode,all,2,10564403200,10559160320,0,21123563520
LLAMA-65B--KVChime-EPIC-long-4000,F1,decode,all,3,10567024640,10559160320,0,21126184960
LLAMA-65B--KVChime-EPIC-long-4000,F1,decode,all,4,10569646080,10559160320,0,21128806400
LLAMA-65B--KVChime-EPIC-long-4000,F1,decode,all,5,10572267520,10559160320,0,21131427840
LLAMA-65B--KVChime-EPIC-long-4000,F1,decode,all,6,10574888960,10559160320,0,21134049280
LLAMA-65B--KVChime-EPIC-long-4000,F1,decode,all,7,10577510400,10559160320,0,21136670720
LLAMA-65B--KVChime-EPIC-long-4000,F1,decode,all,8,10580131840,10559160320,0,21139292160
LLAMA-65B--KVChime-EPIC-long-4000,F1,decode,all,9,10582753280,10559160320,0,21141913600
LLAMA-65B--KVChime-EPIC-long-4000,F1,decode,all,10,10585374720,10559160320,0,21144535040
LLAMA-65B--KVChime-EPIC-long-4000,F1,decode,all,11,10587996160,10559160320,0,21147156480
LLAMA-65B--KVChime-EPIC-long-4000,F1,decode,all,12,10590617600,10559160320,0,21149777920
LLAMA-65B--KVChime-EPIC-long-4000,F1,decode,all,13,10593239040,10559160320,0,21152399360
LLAMA-65B--KVChime-EPIC-long-4000,F1,decode,all,14,10595860480,10559160320,0,21155020800
LLAMA-65B--KVChime-EPIC-long-4000,F1,decode,all,15,10598481920,10559160320,0,21157642240
LLAMA-65B--KVChime-EPIC-long-4000,F2,prefill,0,0,131989504,10559160320,131989504,10823139328
LLAMA-65B--KVChime-EPIC-long-4000,F2,prefill,1,0,131989504,10559160320,263979008,10955128832
LLAMA-65B--KVChime-EPIC-long-4000,F2,prefill,2,0,131989504,10559160320,395968512,11087118336
LLAMA-65B--KVChime-EPIC-long-4000,F2,prefill,3,0,131989504,10559160320,527958016,11219107840
LLAMA-65B--KVChime-EPIC-long-4000,F2,prefill,4,0,131989504,10559160320,659947520,11351097344
LLAMA-65B--KVChime-EPIC-long-4000,F2,prefill,5,0,131989504,10559160320,791937024,11483086848
LLAMA-65B--KVChime-EPIC-long-4000,F2,prefill,6,0,131989504,10559160320,923926528,11615076352
LLAMA-65B--KVChime-EPIC-long-4000,F2,prefill,7,0,131989504,10559160320,1055916032,11747065856
LLAMA-65B--KVChime-EPIC-long-4000,F2,prefill,8,0,131989504,10559160320,1187905536,11879055360
LLAMA-65B--KVChime-EPIC-long-4000,F2,prefill,9,0,131989504,10559160320,1319895040,12011044864
LLAMA-65B--KVChime-EPIC-long-4000,F2,prefill,10,0,131989504,10559160320,1451884544,12143034368
LLAMA-65B--KVChime-EPIC-long-4000,F2,prefill,11,0,131989504,10559160320,1583874048,12275023872
LLAMA-65B--KVChime-EPIC-long-4000,F2,prefill,12,0,131989504,10559160320,1715863552,12407013376
LLAMA-65B--KVChime-EPIC-long-4000,F2,prefill,13,0,131989504,10559160320,1847853056,12539002880
LLAMA-65B--KVChime-EPIC-long-4000,F2,prefill,14,0,131989504,10559160320,1979842560,12670992384
LLAMA-65B--KVChime-EPIC-long-4000,F2,prefill,15,0,131989504,10559160320,2111832064,12802981888
LLAMA-65B--KVChime-EPIC-long-4000,F2,prefill,16,0,131989504,10559160320,2243821568,12934971392
LLAMA-65B--KVChime-EPIC-long-4000,F2,prefill,17,0,131989504,10559160320,2375811072,13066960896
LLAMA-65B--KVChime-EPIC-long-4000,F2,prefill,18,0,131989504,10559160320,2507800576,13198950400
LLAMA-65B--KVChime-EPIC-long-4000,F2,prefill,19,0,131989504,10559160320,2639790080,13330939904
LLAMA-65B--KVChime-EPIC-long-4000,F2,prefill,20,0,131989504,10559160320,2771779584,13462929408
LLAMA-65B--KVChime-EPIC-long-4000,F2,prefill,21,0,131989504,10559160320,2903769088,13594918912
LLAMA-65B--KVChime-EPIC-long-4000,F2,prefill,22,0,131989504,10559160320,3035758592,13726908416
LLAMA-65B--KVChime-EPIC-long-4000,F2,prefill,23,0,131989504,10559160320,3167748096,13858897920
LLAMA-65B--KVChime-EPIC-long-4000,F2,prefill,24,0,131989504,10559160320,3299737600,13990887424
LLAMA-65B--KVChime-EPIC-long-4000,F2,prefill,25,0,131989504,10559160320,3431727104,14122876928
LLAMA-65B--KVChime-EPIC-long-4000,F2,prefill,26,0,131989504,10559160320,3563716608,14254866432
LLAMA-65B--KVChime-EPIC-long-4000,F2,prefill,27,0,131989504,10559160320,3695706112,14386855936
LLAMA-65B--KVChime-EPIC-long-4000,F2,prefill,28,0,131989504,10559160320,3827695616,14518845440
LLAMA-65B--KVChime-EPIC-long-4000,F2,prefill,29,0,131989504,10559160320,3959685120,14650834944
LLAMA-65B--KVChime-EPIC-long-4000,F2,prefill,30,0,131989504,10559160320,4091674624,14782824448
LLAMA-65B--KVChime-EPIC-long-4000,F2,prefill,31,0,131989504,10559160320,4223664128,14914813952
LLAMA-65B--KVChime-EPIC-long-4000,F2,prefill,32,0,131989504,10559160320,4355653632,15046803456
LLAMA-65B--KVChime-EPIC-long-4000,F2,prefill,33,0,131989504,10559160320,4487643136,15178792960
LLAMA-65B--KVChime-EPIC-long-4000,F2,prefill,34,0,131989504,10559160320,4619632640,15310782464
LLAMA-65B--KVChime-EPIC-long-4000,F2,prefill,35,0,131989504,10559160320,4751622144,15442771968
LLAMA-65B--KVChime-EPIC-long-4000,F2,prefill,36,0,131989504,10559160320,4883611648,15574761472
LLAMA-65B--KVChime-EPIC-long-4000,F2,prefill,37,0,131989504,10559160320,5015601152,15706750976
LLAMA-65B--KVChime-EPIC-long-4000,F2,prefill,38,0,131989504,10559160320,5147590656,15838740480
LLAMA-65B--KVChime-EPIC-long-4000,F2,prefill,39,0,131989504,10559160320,5279580160,15970729984
LLAMA-65B--KVChime-EPIC-long-4000,F2,prefill,40,0,131989504,10559160320,5411569664,16102719488
LLAMA-65B--KVChime-EPIC-long-4000,F2,prefill,41,0,131989504,10559160320,5543559168,16234708992
LLAMA-65B--KVChime-EPIC-long-4000,F2,prefill,42,0,131989504,10559160320,5675548672,16366698496
LLAMA-65B--KVChime-EPIC-long-4000,F2,prefill,43,0,131989504,10559160320,5807538176,16498688000
LLAMA-65B--KVChime-EPIC-long-4000,F2,prefill,44,0,131989504,10559160320,5939527680,16630677504
LLAMA-65B--KVChime-EPIC-long-4000,F2,prefill,45,0,131989504,10559160320,6071517184,16762667008
LLAMA-65B--KVChime-EPIC-long-4000,F2,prefill,46,0,131989504,10559160320,6203506688,16894656512
LLAMA-65B--KVChime-EPIC-long-4000,F2,prefill,47,0,131989504,10559160320,6335496192,17026646016
LLAMA-65B--KVChime-EPIC-long-4000,F2,prefill,48,0,131989504,10559160320,6467485696,17158635520
LLAMA-65B--KVChime-EPIC-long-4000,F2,prefill,49,0,131989504,10559160320,6599475200,17290625024
LLAMA-65B--KVChime-EPIC-long-4000,F2,prefill,50,0,131989504,10559160320,6731464704,17422614528
LLAMA-65B--KVChime-EPIC-long-4000,F2,prefill,51,0,131989504,10559160320,6863454208,17554604032
LLAMA-65B--KVChime-EPIC-long-4000,F2,prefill,52,0,131989504,10559160320,6995443712,17686593536
LLAMA-65B--KVChime-EPIC-long-4000,F2,prefill,53,0,131989504,10559160320,7127433216,17818583040
LLAMA-65B--KVChime-EPIC-long-4000,F2,prefill,54,0,131989504,10559160320,7259422720,17950572544
LLAMA-65B--KVChime-EPIC-long-4000,F2,prefill,55,0,131989504,10559160320,7391412224,18082562048
LLAMA-65B--KVChime-EPIC-long-4000,F2,prefill,56,0,131989504,10559160320,7523401728,18214551552
LLAMA-65B--KVChime-EPIC-long-4000,F2,prefill,57,0,131989504,10559160320,7655391232,18346541056
LLAMA-65B--KVChime-EPIC-long-4000,F2,prefill,58,0,131989504,10559160320,7787380736,18478530560
LLAMA-65B--KVChime-EPIC-long-4000,F2,prefill,59,0,131989504,10559160320,7919370240,18610520064
LLAMA-65B--KVChime-EPIC-long-4000,F2,prefill,60,0,131989504,10559160320,8051359744,18742509568
LLAMA-65B--KVChime-EPIC-long-4000,F2,prefill,61,0,131989504,10559160320,8183349248,18874499072
LLAMA-65B--KVChime-EPIC-long-4000,F2,prefill,62,0,131989504,10559160320,8315338752,19006488576
LLAMA-65B--KVChime-EPIC-long-4000,F2,prefill,63,0,131989504,10559160320,8447328256,19138478080
LLAMA-65B--KVChime-EPIC-long-4000,F2,prefill,64,0,131989504,10559160320,8579317760,19270467584
LLAMA-65B--KVChime-EPIC-long-4000,F2,prefill,65,0,131989504,10559160320,8711307264,19402457088
LLAMA-65B--KVChime-EPIC-long-4000,F2,prefill,66,0,131989504,10559160320,8843296768,19534446592
LLAMA-65B--KVChime-EPIC-long-4000,F2,prefill,67,0,131989504,10559160320,8975286272,19666436096
LLAMA-65B--KVChime-EPIC-long-4000,F2,prefill,68,0,131989504,10559160320,9107275776,19798425600
LLAMA-65B--KVChime-EPIC-long-4000,F2,prefill,69,0,131989504,10559160320,9239265280,19930415104
LLAMA-65B--KVChime-EPIC-long-4000,F2,prefill,70,0,131989504,10559160320,9371254784,20062404608
LLAMA-65B--KVChime-EPIC-long-4000,F2,prefill,71,0,131989504,10559160320,9503244288,20194394112
LLAMA-65B--KVChime-EPIC-long-4000,F2,prefill,72,0,131989504,10559160320,9635233792,20326383616
LLAMA-65B--KVChime-EPIC-long-4000,F2,prefill,73,0,131989504,10559160320,9767223296,20458373120
LLAMA-65B--KVChime-EPIC-long-4000,F2,prefill,74,0,131989504,10559160320,9899212800,20590362624
LLAMA-65B--KVChime-EPIC-long-4000,F2,prefill,75,0,131989504,10559160320,10031202304,20722352128
LLAMA-65B--KVChime-EPIC-long-4000,F2,prefill,76,0,131989504,10559160320,10163191808,20854341632
LLAMA-65B--KVChime-EPIC-long-4000,F2,prefill,77,0,131989504,10559160320,10295181312,20986331136
LLAMA-65B--KVChime-EPIC-long-4000,F2,prefill,78,0,131989504,10559160320,10427170816,21118320640
LLAMA-65B--KVChime-EPIC-long-4000,F2,prefill,79,0,131989504,10559160320,10559160320,21250310144
LLAMA-65B--KVChime-EPIC-long-4000,F2,decode,all,1,32768,10559160320,10561781760,21120974848
LLAMA-65B--KVChime-EPIC-long-4000,F2,decode,all,2,32768,10559160320,10564403200,21123596288
LLAMA-65B--KVChime-EPIC-long-4000,F2,decode,all,3,32768,10559160320,10567024640,21126217728
LLAMA-65B--KVChime-EPIC-long-4000,F2,decode,all,4,32768,10559160320,10569646080,21128839168
LLAMA-65B--KVChime-EPIC-long-4000,F2,decode,all,5,32768,10559160320,10572267520,21131460608
LLAMA-65B--KVChime-EPIC-long-4000,F2,decode,all,6,32768,10559160320,10574888960,21134082048
LLAMA-65B--KVChime-EPIC-long-4000,F2,decode,all,7,32768,10559160320,10577510400,21136703488
LLAMA-65B--KVChime-EPIC-long-4000,F2,decode,all,8,32768,10559160320,10580131840,21139324928
LLAMA-65B--KVChime-EPIC-long-4000,F2,decode,all,9,32768,10559160320,10582753280,21141946368
LLAMA-65B--KVChime-EPIC-long-4000,F2,decode,all,10,32768,10559160320,10585374720,21144567808
LLAMA-65B--KVChime-EPIC-long-4000,F2,decode,all,11,32768,10559160320,10587996160,21147189248
LLAMA-65B--KVChime-EPIC-long-4000,F2,decode,all,12,32768,10559160320,10590617600,21149810688
LLAMA-65B--KVChime-EPIC-long-4000,F2,decode,all,13,32768,10559160320,10593239040,21152432128
LLAMA-65B--KVChime-EPIC-long-4000,F2,decode,all,14,32768,10559160320,10595860480,21155053568
LLAMA-65B--KVChime-EPIC-long-4000,F2,decode,all,15,32768,10559160320,10598481920,21157675008
LLAMA-65B--KVChime-EPIC-long-4000,F3,prefill,0,0,131989504,10559160320,3473408,10694623232
LLAMA-65B--KVChime-EPIC-long-4000,F3,prefill,1,0,131989504,10559160320,6946816,10698096640
LLAMA-65B--KVChime-EPIC-long-4000,F3,prefill,2,0,131989504,10559160320,10420224,10701570048
LLAMA-65B--KVChime-EPIC-long-4000,F3,prefill,3,0,131989504,10559160320,13893632,10705043456
LLAMA-65B--KVChime-EPIC-long-4000,F3,prefill,4,0,131989504,10559160320,17367040,10708516864
LLAMA-65B--KVChime-EPIC-long-4000,F3,prefill,5,0,131989504,10559160320,20840448,10711990272
LLAMA-65B--KVChime-EPIC-long-4000,F3,prefill,6,0,131989504,10559160320,24313856,10715463680
LLAMA-65B--KVChime-EPIC-long-4000,F3,prefill,7,0,131989504,10559160320,27787264,10718937088
LLAMA-65B--KVChime-EPIC-long-4000,F3,prefill,8,0,131989504,10559160320,31260672,10722410496
LLAMA-65B--KVChime-EPIC-long-4000,F3,prefill,9,0,131989504,10559160320,34734080,10725883904
LLAMA-65B--KVChime-EPIC-long-4000,F3,prefill,10,0,131989504,10559160320,38207488,10729357312
LLAMA-65B--KVChime-EPIC-long-4000,F3,prefill,11,0,131989504,10559160320,41680896,10732830720
LLAMA-65B--KVChime-EPIC-long-4000,F3,prefill,12,0,131989504,10559160320,45154304,10736304128
LLAMA-65B--KVChime-EPIC-long-4000,F3,prefill,13,0,131989504,10559160320,48627712,10739777536
LLAMA-65B--KVChime-EPIC-long-4000,F3,prefill,14,0,131989504,10559160320,52101120,10743250944
LLAMA-65B--KVChime-EPIC-long-4000,F3,prefill,15,0,131989504,10559160320,55574528,10746724352
LLAMA-65B--KVChime-EPIC-long-4000,F3,prefill,16,0,131989504,10559160320,59047936,10750197760
LLAMA-65B--KVChime-EPIC-long-4000,F3,prefill,17,0,131989504,10559160320,62521344,10753671168
LLAMA-65B--KVChime-EPIC-long-4000,F3,prefill,18,0,131989504,10559160320,65994752,10757144576
LLAMA-65B--KVChime-EPIC-long-4000,F3,prefill,19,0,131989504,10559160320,69468160,10760617984
LLAMA-65B--KVChime-EPIC-long-4000,F3,prefill,20,0,131989504,10559160320,72941568,10764091392
LLAMA-65B--KVChime-EPIC-long-4000,F3,prefill,21,0,131989504,10559160320,76414976,10767564800
LLAMA-65B--KVChime-EPIC-long-4000,F3,prefill,22,0,131989504,10559160320,79888384,10771038208
LLAMA-65B--KVChime-EPIC-long-4000,F3,prefill,23,0,131989504,10559160320,83361792,10774511616
LLAMA-65B--KVChime-EPIC-long-4000,F3,prefill,24,0,131989504,10559160320,86835200,10777985024
LLAMA-65B--KVChime-EPIC-long-4000,F3,prefill,25,0,131989504,10559160320,90308608,10781458432
LLAMA-65B--KVChime-EPIC-long-4000,F3,prefill,26,0,131989504,10559160320,93782016,10784931840
LLAMA-65B--KVChime-EPIC-long-4000,F3,prefill,27,0,131989504,10559160320,97255424,10788405248
LLAMA-65B--KVChime-EPIC-long-4000,F3,prefill,28,0,131989504,10559160320,100728832,10791878656
LLAMA-65B--KVChime-EPIC-long-4000,F3,prefill,29,0,131989504,10559160320,104202240,10795352064
LLAMA-65B--KVChime-EPIC-long-4000,F3,prefill,30,0,131989504,10559160320,107675648,10798825472
LLAMA-65B--KVChime-EPIC-long-4000,F3,prefill,31,0,131989504,10559160320,111149056,10802298880
LLAMA-65B--KVChime-EPIC-long-4000,F3,prefill,32,0,131989504,10559160320,114622464,10805772288
LLAMA-65B--KVChime-EPIC-long-4000,F3,prefill,33,0,131989504,10559160320,118095872,10809245696
LLAMA-65B--KVChime-EPIC-long-4000,F3,prefill,34,0,131989504,10559160320,121569280,10812719104
LLAMA-65B--KVChime-EPIC-long-4000,F3,prefill,35,0,131989504,10559160320,125042688,10816192512
LLAMA-65B--KVChime-EPIC-long-4000,F3,prefill,36,0,131989504,10559160320,128516096,10819665920
LLAMA-65B--KVChime-EPIC-long-4000,F3,prefill,37,0,131989504,10559160320,131989504,10823139328
LLAMA-65B--KVChime-EPIC-long-4000,F3,prefill,38,0,131989504,10559160320,135462912,10826612736
LLAMA-65B--KVChime-EPIC-long-4000,F3,prefill,39,0,131989504,10559160320,138936320,10830086144
LLAMA-65B--KVChime-EPIC-long-4000,F3,prefill,40,0,131989504,10559160320,142409728,10833559552
LLAMA-65B--KVChime-EPIC-long-4000,F3,prefill,41,0,131989504,10559160320,145883136,10837032960
LLAMA-65B--KVChime-EPIC-long-4000,F3,prefill,42,0,131989504,10559160320,149356544,10840506368
LLAMA-65B--KVChime-EPIC-long-4000,F3,prefill,43,0,131989504,10559160320,152829952,10843979776
LLAMA-65B--KVChime-EPIC-long-4000,F3,prefill,44,0,131989504,10559160320,156303360,10847453184
LLAMA-65B--KVChime-EPIC-long-4000,F3,prefill,45,0,131989504,10559160320,159776768,10850926592
LLAMA-65B--KVChime-EPIC-long-4000,F3,prefill,46,0,131989504,10559160320,163250176,10854400000
LLAMA-65B--KVChime-EPIC-long-4000,F3,prefill,47,0,131989504,10559160320,166723584,10857873408
LLAMA-65B--KVChime-EPIC-long-4000,F3,prefill,48,0,131989504,10559160320,170196992,10861346816
LLAMA-65B--KVChime-EPIC-long-4000,F3,prefill,49,0,131989504,10559160320,173670400,10864820224
LLAMA-65B--KVChime-EPIC-long-4000,F3,prefill,50,0,131989504,10559160320,177143808,10868293632
LLAMA-65B--KVChime-EPIC-long-4000,F3,prefill,51,0,131989504,10559160320,180617216,10871767040
LLAMA-65B--KVChime-EPIC-long-4000,F3,prefill,52,0,131989504,10559160320,184090624,10875240448
LLAMA-65B--KVChime-EPIC-long-4000,F3,prefill,53,0,131989504,10559160320,187564032,10878713856
LLAMA-65B--KVChime-EPIC-long-4000,F3,prefill,54,0,131989504,10559160320,191037440,10882187264
LLAMA-65B--KVChime-EPIC-long-4000,F3,prefill,55,0,131989504,10559160320,194510848,10885660672
LLAMA-65B--KVChime-EPIC-long-4000,F3,prefill,56,0,131989504,10559160320,197984256,10889134080
LLAMA-65B--KVChime-EPIC-long-4000,F3,prefill,57,0,131989504,10559160320,201457664,10892607488
LLAMA-65B--KVChime-EPIC-long-4000,F3,prefill,58,0,131989504,10559160320,204931072,10896080896
LLAMA-65B--KVChime-EPIC-long-4000,F3,prefill,59,0,131989504,10559160320,208404480,10899554304
LLAMA-65B--KVChime-EPIC-long-4000,F3,prefill,60,0,131989504,10559160320,211877888,10903027712
LLAMA-65B--KVChime-EPIC-long-4000,F3,prefill,61,0,131989504,10559160320,215351296,10906501120
LLAMA-65B--KVChime-EPIC-long-4000,F3,prefill,62,0,131989504,10559160320,218824704,10909974528
LLAMA-65B--KVChime-EPIC-long-4000,F3,prefill,63,0,131989504,10559160320,222298112,10913447936
LLAMA-65B--KVChime-EPIC-long-4000,F3,prefill,64,0,131989504,10559160320,225771520,10916921344
LLAMA-65B--KVChime-EPIC-long-4000,F3,prefill,65,0,131989504,10559160320,229244928,10920394752
LLAMA-65B--KVChime-EPIC-long-4000,F3,prefill,66,0,131989504,10559160320,232718336,10923868160
LLAMA-65B--KVChime-EPIC-long-4000,F3,prefill,67,0,131989504,10559160320,236191744,10927341568
LLAMA-65B--KVChime-EPIC-long-4000,F3,prefill,68,0,131989504,10559160320,239665152,10930814976
LLAMA-65B--KVChime-EPIC-long-4000,F3,prefill,69,0,131989504,10559160320,243138560,10934288384
LLAMA-65B--KVChime-EPIC-long-4000,F3,prefill,70,0,131989504,10559160320,246611968,10937761792
LLAMA-65B--KVChime-EPIC-long-4000,F3,prefill,71,0,131989504,10559160320,250085376,10941235200
LLAMA-65B--KVChime-EPIC-long-4000,F3,prefill,72,0,131989504,10559160320,253558784,10944708608
LLAMA-65B--KVChime-EPIC-long-4000,F3,prefill,73,0,131989504,10559160320,257032192,10948182016
LLAMA-65B--KVChime-EPIC-long-4000,F3,prefill,74,0,131989504,10559160320,260505600,10951655424
LLAMA-65B--KVChime-EPIC-long-4000,F3,prefill,75,0,131989504,10559160320,263979008,10955128832
LLAMA-65B--KVChime-EPIC-long-4000,F3,prefill,76,0,131989504,10559160320,267452416,10958602240
LLAMA-65B--KVChime-EPIC-long-4000,F3,prefill,77,0,131989504,10559160320,270925824,10962075648
LLAMA-65B--KVChime-EPIC-long-4000,F3,prefill,78,0,131989504,10559160320,274399232,10965549056
LLAMA-65B--KVChime-EPIC-long-4000,F3,prefill,79,0,131989504,10559160320,277872640,10969022464
LLAMA-65B--KVChime-EPIC-long-4000,F3,decode,all,1,32768,10559160320,280494080,10839687168
LLAMA-65B--KVChime-EPIC-long-4000,F3,decode,all,2,32768,10559160320,283115520,10842308608
LLAMA-65B--KVChime-EPIC-long-4000,F3,decode,all,3,32768,10559160320,285736960,10844930048
LLAMA-65B--KVChime-EPIC-long-4000,F3,decode,all,4,32768,10559160320,288358400,10847551488
LLAMA-65B--KVChime-EPIC-long-4000,F3,decode,all,5,32768,10559160320,290979840,10850172928
LLAMA-65B--KVChime-EPIC-long-4000,F3,decode,all,6,32768,10559160320,293601280,10852794368
LLAMA-65B--KVChime-EPIC-long-4000,F3,decode,all,7,32768,10559160320,296222720,10855415808
LLAMA-65B--KVChime-EPIC-long-4000,F3,decode,all,8,32768,10559160320,298844160,10858037248
LLAMA-65B--KVChime-EPIC-long-4000,F3,decode,all,9,32768,10559160320,301465600,10860658688
LLAMA-65B--KVChime-EPIC-long-4000,F3,decode,all,10,32768,10559160320,304087040,10863280128
LLAMA-65B--KVChime-EPIC-long-4000,F3,decode,all,11,32768,10559160320,306708480,10865901568
LLAMA-65B--KVChime-EPIC-long-4000,F3,decode,all,12,32768,10559160320,309329920,10868523008
LLAMA-65B--KVChime-EPIC-long-4000,F3,decode,all,13,32768,10559160320,311951360,10871144448
LLAMA-65B--KVChime-EPIC-long-4000,F3,decode,all,14,32768,10559160320,314572800,10873765888
LLAMA-65B--KVChime-EPIC-long-4000,F3,decode,all,15,32768,10559160320,317194240,10876387328
LLAMA-65B--KVChime-EPIC-long-4000,F4,prefill,0,0,3473408,10559160320,3473408,10566107136
LLAMA-65B--KVChime-EPIC-long-4000,F4,prefill,1,0,3473408,10559160320,6946816,10569580544
LLAMA-65B--KVChime-EPIC-long-4000,F4,prefill,2,0,3473408,10559160320,10420224,10573053952
LLAMA-65B--KVChime-EPIC-long-4000,F4,prefill,3,0,3473408,10559160320,13893632,10576527360
LLAMA-65B--KVChime-EPIC-long-4000,F4,prefill,4,0,3473408,10559160320,17367040,10580000768
LLAMA-65B--KVChime-EPIC-long-4000,F4,prefill,5,0,3473408,10559160320,20840448,10583474176
LLAMA-65B--KVChime-EPIC-long-4000,F4,prefill,6,0,3473408,10559160320,24313856,10586947584
LLAMA-65B--KVChime-EPIC-long-4000,F4,prefill,7,0,3473408,10559160320,27787264,10590420992
LLAMA-65B--KVChime-EPIC-long-4000,F4,prefill,8,0,3473408,10559160320,31260672,10593894400
LLAMA-65B--KVChime-EPIC-long-4000,F4,prefill,9,0,3473408,10559160320,34734080,10597367808
LLAMA-65B--KVChime-EPIC-long-4000,F4,prefill,10,0,3473408,10559160320,38207488,10600841216
LLAMA-65B--KVChime-EPIC-long-4000,F4,prefill,11,0,3473408,10559160320,41680896,10604314624
LLAMA-65B--KVChime-EPIC-long-4000,F4,prefill,12,0,3473408,10559160320,45154304,10607788032
LLAMA-65B--KVChime-EPIC-long-4000,F4,prefill,13,0,3473408,10559160320,48627712,10611261440
LLAMA-65B--KVChime-EPIC-long-4000,F4,prefill,14,0,3473408,10559160320,52101120,10614734848
LLAMA-65B--KVChime-EPIC-long-4000,F4,prefill,15,0,3473408,10559160320,55574528,10618208256
LLAMA-65B--KVChime-EPIC-long-4000,F4,prefill,16,0,3473408,10559160320,59047936,10621681664
LLAMA-65B--KVChime-EPIC-long-4000,F4,prefill,17,0,3473408,10559160320,62521344,10625155072
LLAMA-65B--KVChime-EPIC-long-4000,F4,prefill,18,0,3473408,10559160320,65994752,10628628480
LLAMA-65B--KVChime-EPIC-long-4000,F4,prefill,19,0,3473408,10559160320,69468160,10632101888
LLAMA-65B--KVChime-EPIC-long-4000,F4,prefill,20,0,3473408,10559160320,72941568,10635575296
LLAMA-65B--KVChime-EPIC-long-4000,F4,prefill,21,0,3473408,10559160320,76414976,10639048704
LLAMA-65B--KVChime-EPIC-long-4000,F4,prefill,22,0,3473408,10559160320,79888384,10642522112
LLAMA-65B--KVChime-EPIC-long-4000,F4,prefill,23,0,3473408,10559160320,83361792,10645995520
LLAMA-65B--KVChime-EPIC-long-4000,F4,prefill,24,0,3473408,10559160320,86835200,10649468928
LLAMA-65B--KVChime-EPIC-long-4000,F4,prefill,25,0,3473408,10559160320,90308608,10652942336
LLAMA-65B--KVChime-EPIC-long-4000,F4,prefill,26,0,3473408,10559160320,93782016,10656415744
LLAMA-65B--KVChime-EPIC-long-4000,F4,prefill,27,0,3473408,10559160320,97255424,10659889152
LLAMA-65B--KVChime-EPIC-long-4000,F4,prefill,28,0,3473408,10559160320,100728832,10663362560
LLAMA-65B--KVChime-EPIC-long-4000,F4,prefill,29,0,3473408,10559160320,104202240,10666835968
LLAMA-65B--KVChime-EPIC-long-4000,F4,prefill,30,0,3473408,10559160320,107675648,10670309376
LLAMA-65B--KVChime-EPIC-long-4000,F4,prefill,31,0,3473408,10559160320,111149056,10673782784
LLAMA-65B--KVChime-EPIC-long-4000,F4,prefill,32,0,3473408,10559160320,114622464,10677256192
LLAMA-65B--KVChime-EPIC-long-4000,F4,prefill,33,0,3473408,10559160320,118095872,10680729600
LLAMA-65B--KVChime-EPIC-long-4000,F4,prefill,34,0,3473408,10559160320,121569280,10684203008
LLAMA-65B--KVChime-EPIC-long-4000,F4,prefill,35,0,3473408,10559160320,125042688,10687676416
LLAMA-65B--KVChime-EPIC-long-4000,F4,prefill,36,0,3473408,10559160320,128516096,10691149824
LLAMA-65B--KVChime-EPIC-long-4000,F4,prefill,37,0,3473408,10559160320,131989504,10694623232
LLAMA-65B--KVChime-EPIC-long-4000,F4,prefill,38,0,3473408,10559160320,135462912,10698096640
LLAMA-65B--KVChime-EPIC-long-4000,F4,prefill,39,0,3473408,10559160320,138936320,10701570048
LLAMA-65B--KVChime-EPIC-long-4000,F4,prefill,40,0,3473408,10559160320,142409728,10705043456
LLAMA-65B--KVChime-EPIC-long-4000,F4,prefill,41,0,3473408,10559160320,145883136,10708516864
LLAMA-65B--KVChime-EPIC-long-4000,F4,prefill,42,0,3473408,10559160320,149356544,10711990272
LLAMA-65B--KVChime-EPIC-long-4000,F4,prefill,43,0,3473408,10559160320,152829952,10715463680
LLAMA-65B--KVChime-EPIC-long-4000,F4,prefill,44,0,3473408,10559160320,156303360,10718937088
LLAMA-65B--KVChime-EPIC-long-4000,F4,prefill,45,0,3473408,10559160320,159776768,10722410496
LLAMA-65B--KVChime-EPIC-long-4000,F4,prefill,46,0,3473408,10559160320,163250176,10725883904
LLAMA-65B--KVChime-EPIC-long-4000,F4,prefill,47,0,3473408,10559160320,166723584,10729357312
LLAMA-65B--KVChime-EPIC-long-4000,F4,prefill,48,0,3473408,10559160320,170196992,10732830720
LLAMA-65B--KVChime-EPIC-long-4000,F4,prefill,49,0,3473408,10559160320,173670400,10736304128
LLAMA-65B--KVChime-EPIC-long-4000,F4,prefill,50,0,3473408,10559160320,177143808,10739777536
LLAMA-65B--KVChime-EPIC-long-4000,F4,prefill,51,0,3473408,10559160320,180617216,10743250944
LLAMA-65B--KVChime-EPIC-long-4000,F4,prefill,52,0,3473408,10559160320,184090624,10746724352
LLAMA-65B--KVChime-EPIC-long-4000,F4,prefill,53,0,3473408,10559160320,187564032,10750197760
LLAMA-65B--KVChime-EPIC-long-4000,F4,prefill,54,0,3473408,10559160320,191037440,10753671168
LLAMA-65B--KVChime-EPIC-long-4000,F4,prefill,55,0,3473408,10559160320,194510848,10757144576
LLAMA-65B--KVChime-EPIC-long-4000,F4,prefill,56,0,3473408,10559160320,197984256,10760617984
LLAMA-65B--KVChime-EPIC-long-4000,F4,prefill,57,0,3473408,10559160320,201457664,10764091392
LLAMA-65B--KVChime-EPIC-long-4000,F4,prefill,58,0,3473408,10559160320,204931072,10767564800
LLAMA-65B--KVChime-EPIC-long-4000,F4,prefill,59,0,3473408,10559160320,208404480,10771038208
LLAMA-65B--KVChime-EPIC-long-4000,F4,prefill,60,0,3473408,10559160320,211877888,10774511616
LLAMA-65B--KVChime-EPIC-long-4000,F4,prefill,61,0,3473408,10559160320,215351296,10777985024
LLAMA-65B--KVChime-EPIC-long-4000,F4,prefill,62,0,3473408,10559160320,218824704,10781458432
LLAMA-65B--KVChime-EPIC-long-4000,F4,prefill,63,0,3473408,10559160320,222298112,10784931840
LLAMA-65B--KVChime-EPIC-long-4000,F4,prefill,64,0,3473408,10559160320,225771520,10788405248
LLAMA-65B--KVChime-EPIC-long-4000,F4,prefill,65,0,3473408,10559160320,229244928,10791878656
LLAMA-65B--KVChime-EPIC-long-4000,F4,prefill,66,0,3473408,10559160320,232718336,10795352064
LLAMA-65B--KVChime-EPIC-long-4000,F4,prefill,67,0,3473408,10559160320,236191744,10798825472
LLAMA-65B--KVChime-EPIC-long-4000,F4,prefill,68,0,3473408,10559160320,239665152,10802298880
LLAMA-65B--KVChime-EPIC-long-4000,F4,prefill,69,0,3473408,10559160320,243138560,10805772288
LLAMA-65B--KVChime-EPIC-long-4000,F4,prefill,70,0,3473408,10559160320,246611968,10809245696
LLAMA-65B--KVChime-EPIC-long-4000,F4,prefill,71,0,3473408,10559160320,250085376,10812719104
LLAMA-65B--KVChime-EPIC-long-4000,F4,prefill,72,0,3473408,10559160320,253558784,10816192512
LLAMA-65B--KVChime-EPIC-long-4000,F4,prefill,73,0,3473408,10559160320,257032192,10819665920
LLAMA-65B--KVChime-EPIC-long-4000,F4,prefill,74,0,3473408,10559160320,260505600,10823139328
LLAMA-65B--KVChime-EPIC-long-4000,F4,prefill,75,0,3473408,10559160320,263979008,10826612736
LLAMA-65B--KVChime-EPIC-long-4000,F4,prefill,76,0,3473408,10559160320,267452416,10830086144
LLAMA-65B--KVChime-EPIC-long-4000,F4,prefill,77,0,3473408,10559160320,270925824,10833559552
LLAMA-65B--KVChime-EPIC-long-4000,F4,prefill,78,0,3473408,10559160320,274399232,10837032960
LLAMA-65B--KVChime-EPIC-long-4000,F4,prefill,79,0,3473408,10559160320,277872640,10840506368
LLAMA-65B--KVChime-EPIC-long-4000,F4,decode,all,1,32768,10559160320,280494080,10839687168
LLAMA-65B--KVChime-EPIC-long-4000,F4,decode,all,2,32768,10559160320,283115520,10842308608
LLAMA-65B--KVChime-EPIC-long-4000,F4,decode,all,3,32768,10559160320,285736960,10844930048
LLAMA-65B--KVChime-EPIC-long-4000,F4,decode,all,4,32768,10559160320,288358400,10847551488
LLAMA-65B--KVChime-EPIC-long-4000,F4,decode,all,5,32768,10559160320,290979840,10850172928
LLAMA-65B--KVChime-EPIC-long-4000,F4,decode,all,6,32768,10559160320,293601280,10852794368
LLAMA-65B--KVChime-EPIC-long-4000,F4,decode,all,7,32768,10559160320,296222720,10855415808
LLAMA-65B--KVChime-EPIC-long-4000,F4,decode,all,8,32768,10559160320,298844160,10858037248
LLAMA-65B--KVChime-EPIC-long-4000,F4,decode,all,9,32768,10559160320,301465600,10860658688
LLAMA-65B--KVChime-EPIC-long-4000,F4,decode,all,10,32768,10559160320,304087040,10863280128
LLAMA-65B--KVChime-EPIC-long-4000,F4,decode,all,11,32768,10559160320,306708480,10865901568
LLAMA-65B--KVChime-EPIC-long-4000,F4,decode,all,12,32768,10559160320,309329920,10868523008
LLAMA-65B--KVChime-EPIC-long-4000,F4,decode,all,13,32768,10559160320,311951360,10871144448
LLAMA-65B--KVChime-EPIC-long-4000,F4,decode,all,14,32768,10559160320,314572800,10873765888
LLAMA-65B--KVChime-EPIC-long-4000,F4,decode,all,15,32768,10559160320,317194240,10876387328
LLAMA-65B--KVChime-EPIC-long-8000,F0,prefill,0,0,263225344,0,0,263225344
LLAMA-65B--KVChime-EPIC-long-8000,F0,prefill,1,0,526450688,0,0,526450688
LLAMA-65B--KVChime-EPIC-long-8000,F0,prefill,2,0,789676032,0,0,789676032
LLAMA-65B--KVChime-EPIC-long-8000,F0,prefill,3,0,1052901376,0,0,1052901376
LLAMA-65B--KVChime-EPIC-long-8000,F0,prefill,4,0,1316126720,0,0,1316126720
LLAMA-65B--KVChime-EPIC-long-8000,F0,prefill,5,0,1579352064,0,0,1579352064
LLAMA-65B--KVChime-EPIC-long-8000,F0,prefill,6,0,1842577408,0,0,1842577408
LLAMA-65B--KVChime-EPIC-long-8000,F0,prefill,7,0,2105802752,0,0,2105802752
LLAMA-65B--KVChime-EPIC-long-8000,F0,prefill,8,0,2369028096,0,0,2369028096
LLAMA-65B--KVChime-EPIC-long-8000,F0,prefill,9,0,2632253440,0,0,2632253440
LLAMA-65B--KVChime-EPIC-long-8000,F0,prefill,10,0,2895478784,0,0,2895478784
LLAMA-65B--KVChime-EPIC-long-8000,F0,prefill,11,0,3158704128,0,0,3158704128
LLAMA-65B--KVChime-EPIC-long-8000,F0,prefill,12,0,3421929472,0,0,3421929472
LLAMA-65B--KVChime-EPIC-long-8000,F0,prefill,13,0,3685154816,0,0,3685154816
LLAMA-65B--KVChime-EPIC-long-8000,F0,prefill,14,0,3948380160,0,0,3948380160
LLAMA-65B--KVChime-EPIC-long-8000,F0,prefill,15,0,4211605504,0,0,4211605504
LLAMA-65B--KVChime-EPIC-long-8000,F0,prefill,16,0,4474830848,0,0,4474830848
LLAMA-65B--KVChime-EPIC-long-8000,F0,prefill,17,0,4738056192,0,0,4738056192
LLAMA-65B--KVChime-EPIC-long-8000,F0,prefill,18,0,5001281536,0,0,5001281536
LLAMA-65B--KVChime-EPIC-long-8000,F0,prefill,19,0,5264506880,0,0,5264506880
LLAMA-65B--KVChime-EPIC-long-8000,F0,prefill,20,0,5527732224,0,0,5527732224
LLAMA-65B--KVChime-EPIC-long-8000,F0,prefill,21,0,5790957568,0,0,5790957568
LLAMA-65B--KVChime-EPIC-long-8000,F0,prefill,22,0,6054182912,0,0,6054182912
LLAMA-65B--KVChime-EPIC-long-8000,F0,prefill,23,0,6317408256,0,0,6317408256
LLAMA-65B--KVChime-EPIC-long-8000,F0,prefill,24,0,6580633600,0,0,6580633600
LLAMA-65B--KVChime-EPIC-long-8000,F0,prefill,25,0,6843858944,0,0,6843858944
LLAMA-65B--KVChime-EPIC-long-8000,F0,prefill,26,0,7107084288,0,0,7107084288
LLAMA-65B--KVChime-EPIC-long-8000,F0,prefill,27,0,7370309632,0,0,7370309632
LLAMA-65B--KVChime-EPIC-long-8000,F0,prefill,28,0,7633534976,0,0,7633534976
LLAMA-65B--KVChime-EPIC-long-8000,F0,prefill,29,0,7896760320,0,0,7896760320
LLAMA-65B--KVChime-EPIC-long-8000,F0,prefill,30,0,8159985664,0,0,8159985664
LLAMA-65B--KVChime-EPIC-long-8000,F0,prefill,31,0,8423211008,0,0,8423211008
LLAMA-65B--KVChime-EPIC-long-8000,F0,prefill,32,0,8686436352,0,0,8686436352
LLAMA-65B--KVChime-EPIC-long-8000,F0,prefill,33,0,8949661696,0,0,8949661696
LLAMA-65B--KVChime-EPIC-long-8000,F0,prefill,34,0,9212887040,0,0,9212887040
LLAMA-65B--KVChime-EPIC-long-8000,F0,prefill,35,0,9476112384,0,0,9476112384
LLAMA-65B--KVChime-EPIC-long-8000,F0,prefill,36,0,9739337728,0,0,9739337728
LLAMA-65B--KVChime-EPIC-long-8000,F0,prefill,37,0,10002563072,0,0,10002563072
LLAMA-65B--KVChime-EPIC-long-8000,F0,prefill,38,0,10265788416,0,0,10265788416
LLAMA-65B--KVChime-EPIC-long-8000,F0,prefill,39,0,10529013760,0,0,10529013760
LLAMA-65B--KVChime-EPIC-long-8000,F0,prefill,40,0,10792239104,0,0,10792239104
LLAMA-65B--KVChime-EPIC-long-8000,F0,prefill,41,0,11055464448,0,0,11055464448
LLAMA-65B--KVChime-EPIC-long-8000,F0,prefill,42,0,11318689792,0,0,11318689792
LLAMA-65B--KVChime-EPIC-long-8000,F0,prefill,43,0,11581915136,0,0,11581915136
LLAMA-65B--KVChime-EPIC-long-8000,F0,prefill,44,0,11845140480,0,0,11845140480
LLAMA-65B--KVChime-EPIC-long-8000,F0,prefill,45,0,12108365824,0,0,12108365824
LLAMA-65B--KVChime-EPIC-long-8000,F0,prefill,46,0,12371591168,0,0,12371591168
LLAMA-65B--KVChime-EPIC-long-8000,F0,prefill,47,0,12634816512,0,0,12634816512
LLAMA-65B--KVChime-EPIC-long-8000,F0,prefill,48,0,12898041856,0,0,12898041856
LLAMA-65B--KVChime-EPIC-long-8000,F0,prefill,49,0,13161267200,0,0,13161267200
LLAMA-65B--KVChime-EPIC-long-8000,F0,prefill,50,0,13424492544,0,0,13424492544
LLAMA-65B--KVChime-EPIC-long-8000,F0,prefill,51,0,13687717888,0,0,13687717888
LLAMA-65B--KVChime-EPIC-long-8000,F0,prefill,52,0,13950943232,0,0,13950943232
LLAMA-65B--KVChime-EPIC-long-8000,F0,prefill,53,0,14214168576,0,0,14214168576
LLAMA-65B--KVChime-EPIC-long-8000,F0,prefill,54,0,14477393920,0,0,14477393920
LLAMA-65B--KVChime-EPIC-long-8000,F0,prefill,55,0,14740619264,0,0,14740619264
LLAMA-65B--KVChime-EPIC-long-8000,F0,prefill,56,0,15003844608,0,0,15003844608
LLAMA-65B--KVChime-EPIC-long-8000,F0,prefill,57,0,15267069952,0,0,15267069952
LLAMA-65B--KVChime-EPIC-long-8000,F0,prefill,58,0,15530295296,0,0,15530295296
LLAMA-65B--KVChime-EPIC-long-8000,F0,prefill,59,0,15793520640,0,0,15793520640
LLAMA-65B--KVChime-EPIC-long-8000,F0,prefill,60,0,16056745984,0,0,16056745984
LLAMA-65B--KVChime-EPIC-long-8000,F0,prefill,61,0,16319971328,0,0,16319971328
LLAMA-65B--KVChime-EPIC-long-8000,F0,prefill,62,0,16583196672,0,0,16583196672
LLAMA-65B--KVChime-EPIC-long-8000,F0,prefill,63,0,16846422016,0,0,16846422016
LLAMA-65B--KVChime-EPIC-long-8000,F0,prefill,64,0,17109647360,0,0,17109647360
LLAMA-65B--KVChime-EPIC-long-8000,F0,prefill,65,0,17372872704,0,0,17372872704
LLAMA-65B--KVChime-EPIC-long-8000,F0,prefill,66,0,17636098048,0,0,17636098048
LLAMA-65B--KVChime-EPIC-long-8000,F0,prefill,67,0,17899323392,0,0,17899323392
LLAMA-65B--KVChime-EPIC-long-8000,F0,prefill,68,0,18162548736,0,0,18162548736
LLAMA-65B--KVChime-EPIC-long-8000,F0,prefill,69,0,18425774080,0,0,18425774080
LLAMA-65B--KVChime-EPIC-long-8000,F0,prefill,70,0,18688999424,0,0,18688999424
LLAMA-65B--KVChime-EPIC-long-8000,F0,prefill,71,0,18952224768,0,0,18952224768
LLAMA-65B--KVChime-EPIC-long-8000,F0,prefill,72,0,19215450112,0,0,19215450112
LLAMA-65B--KVChime-EPIC-long-8000,F0,prefill,73,0,19478675456,0,0,19478675456
LLAMA-65B--KVChime-EPIC-long-8000,F0,prefill,74,0,19741900800,0,0,19741900800
LLAMA-65B--KVChime-EPIC-long-8000,F0,prefill,75,0,20005126144,0,0,20005126144
LLAMA-65B--KVChime-EPIC-long-8000,F0,prefill,76,0,20268351488,0,0,20268351488
LLAMA-65B--KVChime-EPIC-long-8000,F0,prefill,77,0,20531576832,0,0,20531576832
LLAMA-65B--KVChime-EPIC-long-8000,F0,prefill,78,0,20794802176,0,0,20794802176
LLAMA-65B--KVChime-EPIC-long-8000,F0,prefill,79,0,21058027520,0,0,21058027520
LLAMA-65B--KVChime-EPIC-long-8000,F0,decode,all,1,21060648960,0,0,21060648960
LLAMA-65B--KVChime-EPIC-long-8000,F0,decode,all,2,21063270400,0,0,21063270400
LLAMA-65B--KVChime-EPIC-long-8000,F0,decode,all,3,21065891840,0,0,21065891840
LLAMA-65B--KVChime-EPIC-long-8000,F0,decode,all,4,21068513280,0,0,21068513280
LLAMA-65B--KVChime-EPIC-long-8000,F0,decode,all,5,21071134720,0,0,21071134720
LLAMA-65B--KVChime-EPIC-long-8000,F0,decode,all,6,21073756160,0,0,21073756160
LLAMA-65B--KVChime-EPIC-long-8000,F0,decode,all,7,21076377600,0,0,21076377600
LLAMA-65B--KVChime-EPIC-long-8000,F0,decode,all,8,21078999040,0,0,21078999040
LLAMA-65B--KVChime-EPIC-long-8000,F0,decode,all,9,21081620480,0,0,21081620480
LLAMA-65B--KVChime-EPIC-long-8000,F0,decode,all,10,21084241920,0,0,21084241920
LLAMA-65B--KVChime-EPIC-long-8000,F0,decode,all,11,21086863360,0,0,21086863360
LLAMA-65B--KVChime-EPIC-long-8000,F0,decode,all,12,21089484800,0,0,21089484800
LLAMA-65B--KVChime-EPIC-long-8000,F0,decode,all,13,21092106240,0,0,21092106240
LLAMA-65B--KVChime-EPIC-long-8000,F0,decode,all,14,21094727680,0,0,21094727680
LLAMA-65B--KVChime-EPIC-long-8000,F0,decode,all,15,21097349120,0,0,21097349120
LLAMA-65B--KVChime-EPIC-long-8000,F1,prefill,0,0,263225344,21058027520,0,21321252864
LLAMA-65B--KVChime-EPIC-long-8000,F1,prefill,1,0,526450688,21058027520,0,21584478208
LLAMA-65B--KVChime-EPIC-long-8000,F1,prefill,2,0,789676032,21058027520,0,21847703552
LLAMA-65B--KVChime-EPIC-long-8000,F1,prefill,3,0,1052901376,21058027520,0,22110928896
LLAMA-65B--KVChime-EPIC-long-8000,F1,prefill,4,0,1316126720,21058027520,0,22374154240
LLAMA-65B--KVChime-EPIC-long-8000,F1,prefill,5,0,1579352064,21058027520,0,22637379584
LLAMA-65B--KVChime-EPIC-long-8000,F1,prefill,6,0,1842577408,21058027520,0,22900604928
LLAMA-65B--KVChime-EPIC-long-8000,F1,prefill,7,0,2105802752,21058027520,0,23163830272
LLAMA-65B--KVChime-EPIC-long-8000,F1,prefill,8,0,2369028096,21058027520,0,23427055616
LLAMA-65B--KVChime-EPIC-long-8000,F1,prefill,9,0,2632253440,21058027520,0,23690280960
LLAMA-65B--KVChime-EPIC-long-8000,F1,prefill,10,0,2895478784,21058027520,0,23953506304
LLAMA-65B--KVChime-EPIC-long-8000,F1,prefill,11,0,3158704128,21058027520,0,24216731648
LLAMA-65B--KVChime-EPIC-long-8000,F1,prefill,12,0,3421929472,21058027520,0,24479956992
LLAMA-65B--KVChime-EPIC-long-8000,F1,prefill,13,0,3685154816,21058027520,0,24743182336
LLAMA-65B--KVChime-EPIC-long-8000,F1,prefill,14,0,3948380160,21058027520,0,25006407680
LLAMA-65B--KVChime-EPIC-long-8000,F1,prefill,15,0,4211605504,21058027520,0,25269633024
LLAMA-65B--KVChime-EPIC-long-8000,F1,prefill,16,0,4474830848,21058027520,0,25532858368
LLAMA-65B--KVChime-EPIC-long-8000,F1,prefill,17,0,4738056192,21058027520,0,25796083712
LLAMA-65B--KVChime-EPIC-long-8000,F1,prefill,18,0,5001281536,21058027520,0,26059309056
LLAMA-65B--KVChime-EPIC-long-8000,F1,prefill,19,0,5264506880,21058027520,0,26322534400
LLAMA-65B--KVChime-EPIC-long-8000,F1,prefill,20,0,5527732224,21058027520,0,26585759744
LLAMA-65B--KVChime-EPIC-long-8000,F1,prefill,21,0,5790957568,21058027520,0,26848985088
LLAMA-65B--KVChime-EPIC-long-8000,F1,prefill,22,0,6054182912,21058027520,0,27112210432
LLAMA-65B--KVChime-EPIC-long-8000,F1,prefill,23,0,6317408256,21058027520,0,27375435776
LLAMA-65B--KVChime-EPIC-long-8000,F1,prefill,24,0,6580633600,21058027520,0,27638661120
LLAMA-65B--KVChime-EPIC-long-8000,F1,prefill,25,0,6843858944,21058027520,0,27901886464
LLAMA-65B--KVChime-EPIC-long-8000,F1,prefill,26,0,7107084288,21058027520,0,28165111808
LLAMA-65B--KVChime-EPIC-long-8000,F1,prefill,27,0,7370309632,21058027520,0,28428337152
LLAMA-65B--KVChime-EPIC-long-8000,F1,prefill,28,0,7633534976,21058027520,0,28691562496
LLAMA-65B--KVChime-EPIC-long-8000,F1,prefill,29,0,7896760320,21058027520,0,28954787840
LLAMA-65B--KVChime-EPIC-long-8000,F1,prefill,30,0,8159985664,21058027520,0,29218013184
LLAMA-65B--KVChime-EPIC-long-8000,F1,prefill,31,0,8423211008,21058027520,0,29481238528
LLAMA-65B--KVChime-EPIC-long-8000,F1,prefill,32,0,8686436352,21058027520,0,29744463872
LLAMA-65B--KVChime-EPIC-long-8000,F1,prefill,33,0,8949661696,21058027520,0,30007689216
LLAMA-65B--KVChime-EPIC-long-8000,F1,prefill,34,0,9212887040,21058027520,0,30270914560
LLAMA-65B--KVChime-EPIC-long-8000,F1,prefill,35,0,9476112384,21058027520,0,30534139904
LLAMA-65B--KVChime-EPIC-long-8000,F1,prefill,36,0,9739337728,21058027520,0,30797365248
LLAMA-65B--KVChime-EPIC-long-8000,F1,prefill,37,0,10002563072,21058027520,0,31060590592
LLAMA-65B--KVChime-EPIC-long-8000,F1,prefill,38,0,10265788416,21058027520,0,31323815936
LLAMA-65B--KVChime-EPIC-long-8000,F1,prefill,39,0,10529013760,21058027520,0,31587041280
LLAMA-65B--KVChime-EPIC-long-8000,F1,prefill,40,0,10792239104,21058027520,0,31850266624
LLAMA-65B--KVChime-EPIC-long-8000,F1,prefill,41,0,11055464448,21058027520,0,32113491968
LLAMA-65B--KVChime-EPIC-long-8000,F1,prefill,42,0,11318689792,21058027520,0,32376717312
LLAMA-65B--KVChime-EPIC-long-8000,F1,prefill,43,0,11581915136,21058027520,0,32639942656
LLAMA-65B--KVChime-EPIC-long-8000,F1,prefill,44,0,11845140480,21058027520,0,32903168000
LLAMA-65B--KVChime-EPIC-long-8000,F1,prefill,45,0,12108365824,21058027520,0,33166393344
LLAMA-65B--KVChime-EPIC-long-8000,F1,prefill,46,0,12371591168,21058027520,0,33429618688
LLAMA-65B--KVChime-EPIC-long-8000,F1,prefill,47,0,12634816512,21058027520,0,33692844032
LLAMA-65B--KVChime-EPIC-long-8000,F1,prefill,48,0,12898041856,21058027520,0,33956069376
LLAMA-65B--KVChime-EPIC-long-8000,F1,prefill,49,0,13161267200,21058027520,0,34219294720
LLAMA-65B--KVChime-EPIC-long-8000,F1,prefill,50,0,13424492544,21058027520,0,34482520064
LLAMA-65B--KVChime-EPIC-long-8000,F1,prefill,51,0,13687717888,21058027520,0,34745745408
LLAMA-65B--KVChime-EPIC-long-8000,F1,prefill,52,0,13950943232,21058027520,0,35008970752
LLAMA-65B--KVChime-EPIC-long-8000,F1,prefill,53,0,14214168576,21058027520,0,35272196096
LLAMA-65B--KVChime-EPIC-long-8000,F1,prefill,54,0,14477393920,21058027520,0,35535421440
LLAMA-65B--KVChime-EPIC-long-8000,F1,prefill,55,0,14740619264,21058027520,0,35798646784
LLAMA-65B--KVChime-EPIC-long-8000,F1,prefill,56,0,15003844608,21058027520,0,36061872128
LLAMA-65B--KVChime-EPIC-long-8000,F1,prefill,57,0,15267069952,21058027520,0,36325097472
LLAMA-65B--KVChime-EPIC-long-8000,F1,prefill,58,0,15530295296,21058027520,0,36588322816
LLAMA-65B--KVChime-EPIC-long-8000,F1,prefill,59,0,15793520640,21058027520,0,36851548160
LLAMA-65B--KVChime-EPIC-long-8000,F1,prefill,60,0,16056745984,21058027520,0,37114773504
LLAMA-65B--KVChime-EPIC-long-8000,F1,prefill,61,0,16319971328,21058027520,0,37377998848
LLAMA-65B--KVChime-EPIC-long-8000,F1,prefill,62,0,16583196672,21058027520,0,37641224192
LLAMA-65B--KVChime-EPIC-long-8000,F1,prefill,63,0,16846422016,21058027520,0,37904449536
LLAMA-65B--KVChime-EPIC-long-8000,F1,prefill,64,0,17109647360,21058027520,0,38167674880
LLAMA-65B--KVChime-EPIC-long-8000,F1,prefill,65,0,17372872704,21058027520,0,38430900224
LLAMA-65B--KVChime-EPIC-long-8000,F1,prefill,66,0,17636098048,21058027520,0,38694125568
LLAMA-65B--KVChime-EPIC-long-8000,F1,prefill,67,0,17899323392,21058027520,0,38957350912
LLAMA-65B--KVChime-EPIC-long-8000,F1,prefill,68,0,18162548736,21058027520,0,39220576256
LLAMA-65B--KVChime-EPIC-long-8000,F1,prefill,69,0,18425774080,21058027520,0,39483801600
LLAMA-65B--KVChime-EPIC-long-8000,F1,prefill,70,0,18688999424,21058027520,0,39747026944
LLAMA-65B--KVChime-EPIC-long-8000,F1,prefill,71,0,18952224768,21058027520,0,40010252288
LLAMA-65B--KVChime-EPIC-long-8000,F1,prefill,72,0,19215450112,21058027520,0,40273477632
LLAMA-65B--KVChime-EPIC-long-8000,F1,prefill,73,0,19478675456,21058027520,0,40536702976
LLAMA-65B--KVChime-EPIC-long-8000,F1,prefill,74,0,19741900800,21058027520,0,40799928320
LLAMA-65B--KVChime-EPIC-long-8000,F1,prefill,75,0,20005126144,21058027520,0,41063153664
LLAMA-65B--KVChime-EPIC-long-8000,F1,prefill,76,0,20268351488,21058027520,0,41326379008
LLAMA-65B--KVChime-EPIC-long-8000,F1,prefill,77,0,20531576832,21058027520,0,41589604352
LLAMA-65B--KVChime-EPIC-long-8000,F1,prefill,78,0,20794802176,21058027520,0,41852829696
LLAMA-65B--KVChime-EPIC-long-8000,F1,prefill,79,0,21058027520,21058027520,0,42116055040
LLAMA-65B--KVChime-EPIC-long-8000,F1,decode,all,1,21060648960,21058027520,0,42118676480
LLAMA-65B--KVChime-EPIC-long-8000,F1,decode,all,2,21063270400,21058027520,0,42121297920
LLAMA-65B--KVChime-EPIC-long-8000,F1,decode,all,3,21065891840,21058027520,0,42123919360
LLAMA-65B--KVChime-EPIC-long-8000,F1,decode,all,4,21068513280,21058027520,0,42126540800
LLAMA-65B--KVChime-EPIC-long-8000,F1,decode,all,5,21071134720,21058027520,0,42129162240
LLAMA-65B--KVChime-EPIC-long-8000,F1,decode,all,6,21073756160,21058027520,0,42131783680
LLAMA-65B--KVChime-EPIC-long-8000,F1,decode,all,7,21076377600,21058027520,0,42134405120
LLAMA-65B--KVChime-EPIC-long-8000,F1,decode,all,8,21078999040,21058027520,0,42137026560
LLAMA-65B--KVChime-EPIC-long-8000,F1,decode,all,9,21081620480,21058027520,0,42139648000
LLAMA-65B--KVChime-EPIC-long-8000,F1,decode,all,10,21084241920,21058027520,0,42142269440
LLAMA-65B--KVChime-EPIC-long-8000,F1,decode,all,11,21086863360,21058027520,0,42144890880
LLAMA-65B--KVChime-EPIC-long-8000,F1,decode,all,12,21089484800,21058027520,0,42147512320
LLAMA-65B--KVChime-EPIC-long-8000,F1,decode,all,13,21092106240,21058027520,0,42150133760
LLAMA-65B--KVChime-EPIC-long-8000,F1,decode,all,14,21094727680,21058027520,0,42152755200
LLAMA-65B--KVChime-EPIC-long-8000,F1,decode,all,15,21097349120,21058027520,0,42155376640
LLAMA-65B--KVChime-EPIC-long-8000,F2,prefill,0,0,263225344,21058027520,263225344,21584478208
LLAMA-65B--KVChime-EPIC-long-8000,F2,prefill,1,0,263225344,21058027520,526450688,21847703552
LLAMA-65B--KVChime-EPIC-long-8000,F2,prefill,2,0,263225344,21058027520,789676032,22110928896
LLAMA-65B--KVChime-EPIC-long-8000,F2,prefill,3,0,263225344,21058027520,1052901376,22374154240
LLAMA-65B--KVChime-EPIC-long-8000,F2,prefill,4,0,263225344,21058027520,1316126720,22637379584
LLAMA-65B--KVChime-EPIC-long-8000,F2,prefill,5,0,263225344,21058027520,1579352064,22900604928
LLAMA-65B--KVChime-EPIC-long-8000,F2,prefill,6,0,263225344,21058027520,1842577408,23163830272
LLAMA-65B--KVChime-EPIC-long-8000,F2,prefill,7,0,263225344,21058027520,2105802752,23427055616
LLAMA-65B--KVChime-EPIC-long-8000,F2,prefill,8,0,263225344,21058027520,2369028096,23690280960
LLAMA-65B--KVChime-EPIC-long-8000,F2,prefill,9,0,263225344,21058027520,2632253440,23953506304
LLAMA-65B--KVChime-EPIC-long-8000,F2,prefill,10,0,263225344,21058027520,2895478784,24216731648
LLAMA-65B--KVChime-EPIC-long-8000,F2,prefill,11,0,263225344,21058027520,3158704128,24479956992
LLAMA-65B--KVChime-EPIC-long-8000,F2,prefill,12,0,263225344,21058027520,3421929472,24743182336
LLAMA-65B--KVChime-EPIC-long-8000,F2,prefill,13,0,263225344,21058027520,3685154816,25006407680
LLAMA-65B--KVChime-EPIC-long-8000,F2,prefill,14,0,263225344,21058027520,3948380160,25269633024
LLAMA-65B--KVChime-EPIC-long-8000,F2,prefill,15,0,263225344,21058027520,4211605504,25532858368
LLAMA-65B--KVChime-EPIC-long-8000,F2,prefill,16,0,263225344,21058027520,4474830848,25796083712
LLAMA-65B--KVChime-EPIC-long-8000,F2,prefill,17,0,263225344,21058027520,4738056192,26059309056
LLAMA-65B--KVChime-EPIC-long-8000,F2,prefill,18,0,263225344,21058027520,5001281536,26322534400
LLAMA-65B--KVChime-EPIC-long-8000,F2,prefill,19,0,263225344,21058027520,5264506880,26585759744
LLAMA-65B--KVChime-EPIC-long-8000,F2,prefill,20,0,263225344,21058027520,5527732224,26848985088
LLAMA-65B--KVChime-EPIC-long-8000,F2,prefill,21,0,263225344,21058027520,5790957568,27112210432
LLAMA-65B--KVChime-EPIC-long-8000,F2,prefill,22,0,263225344,21058027520,6054182912,27375435776
LLAMA-65B--KVChime-EPIC-long-8000,F2,prefill,23,0,263225344,21058027520,6317408256,27638661120
LLAMA-65B--KVChime-EPIC-long-8000,F2,prefill,24,0,263225344,21058027520,6580633600,27901886464
LLAMA-65B--KVChime-EPIC-long-8000,F2,prefill,25,0,263225344,21058027520,6843858944,28165111808
LLAMA-65B--KVChime-EPIC-long-8000,F2,prefill,26,0,263225344,21058027520,7107084288,28428337152
LLAMA-65B--KVChime-EPIC-long-8000,F2,prefill,27,0,263225344,21058027520,7370309632,28691562496
LLAMA-65B--KVChime-EPIC-long-8000,F2,prefill,28,0,263225344,21058027520,7633534976,28954787840
LLAMA-65B--KVChime-EPIC-long-8000,F2,prefill,29,0,263225344,21058027520,7896760320,29218013184
LLAMA-65B--KVChime-EPIC-long-8000,F2,prefill,30,0,263225344,21058027520,8159985664,29481238528
LLAMA-65B--KVChime-EPIC-long-8000,F2,prefill,31,0,263225344,21058027520,8423211008,29744463872
LLAMA-65B--KVChime-EPIC-long-8000,F2,prefill,32,0,263225344,21058027520,8686436352,30007689216
LLAMA-65B--KVChime-EPIC-long-8000,F2,prefill,33,0,263225344,21058027520,8949661696,30270914560
LLAMA-65B--KVChime-EPIC-long-8000,F2,prefill,34,0,263225344,21058027520,9212887040,30534139904
LLAMA-65B--KVChime-EPIC-long-8000,F2,prefill,35,0,263225344,21058027520,9476112384,30797365248
LLAMA-65B--KVChime-EPIC-long-8000,F2,prefill,36,0,263225344,21058027520,9739337728,31060590592
LLAMA-65B--KVChime-EPIC-long-8000,F2,prefill,37,0,263225344,21058027520,10002563072,31323815936
LLAMA-65B--KVChime-EPIC-long-8000,F2,prefill,38,0,263225344,21058027520,10265788416,31587041280
LLAMA-65B--KVChime-EPIC-long-8000,F2,prefill,39,0,263225344,21058027520,10529013760,31850266624
LLAMA-65B--KVChime-EPIC-long-8000,F2,prefill,40,0,263225344,21058027520,10792239104,32113491968
LLAMA-65B--KVChime-EPIC-long-8000,F2,prefill,41,0,263225344,21058027520,11055464448,32376717312
LLAMA-65B--KVChime-EPIC-long-8000,F2,prefill,42,0,263225344,21058027520,11318689792,32639942656
LLAMA-65B--KVChime-EPIC-long-8000,F2,prefill,43,0,263225344,21058027520,11581915136,32903168000
LLAMA-65B--KVChime-EPIC-long-8000,F2,prefill,44,0,263225344,21058027520,11845140480,33166393344
LLAMA-65B--KVChime-EPIC-long-8000,F2,prefill,45,0,263225344,21058027520,12108365824,33429618688
LLAMA-65B--KVChime-EPIC-long-8000,F2,prefill,46,0,263225344,21058027520,12371591168,33692844032
LLAMA-65B--KVChime-EPIC-long-8000,F2,prefill,47,0,263225344,21058027520,12634816512,33956069376
LLAMA-65B--KVChime-EPIC-long-8000,F2,prefill,48,0,263225344,21058027520,12898041856,34219294720
LLAMA-65B--KVChime-EPIC-long-8000,F2,prefill,49,0,263225344,21058027520,13161267200,34482520064
LLAMA-65B--KVChime-EPIC-long-8000,F2,prefill,50,0,263225344,21058027520,13424492544,34745745408
LLAMA-65B--KVChime-EPIC-long-8000,F2,prefill,51,0,263225344,21058027520,13687717888,35008970752
LLAMA-65B--KVChime-EPIC-long-8000,F2,prefill,52,0,263225344,21058027520,13950943232,35272196096
LLAMA-65B--KVChime-EPIC-long-8000,F2,prefill,53,0,263225344,21058027520,14214168576,35535421440
LLAMA-65B--KVChime-EPIC-long-8000,F2,prefill,54,0,263225344,21058027520,14477393920,35798646784
LLAMA-65B--KVChime-EPIC-long-8000,F2,prefill,55,0,263225344,21058027520,14740619264,36061872128
LLAMA-65B--KVChime-EPIC-long-8000,F2,prefill,56,0,263225344,21058027520,15003844608,36325097472
LLAMA-65B--KVChime-EPIC-long-8000,F2,prefill,57,0,263225344,21058027520,15267069952,36588322816
LLAMA-65B--KVChime-EPIC-long-8000,F2,prefill,58,0,263225344,21058027520,15530295296,36851548160
LLAMA-65B--KVChime-EPIC-long-8000,F2,prefill,59,0,263225344,21058027520,15793520640,37114773504
LLAMA-65B--KVChime-EPIC-long-8000,F2,prefill,60,0,263225344,21058027520,16056745984,37377998848
LLAMA-65B--KVChime-EPIC-long-8000,F2,prefill,61,0,263225344,21058027520,16319971328,37641224192
LLAMA-65B--KVChime-EPIC-long-8000,F2,prefill,62,0,263225344,21058027520,16583196672,37904449536
LLAMA-65B--KVChime-EPIC-long-8000,F2,prefill,63,0,263225344,21058027520,16846422016,38167674880
LLAMA-65B--KVChime-EPIC-long-8000,F2,prefill,64,0,263225344,21058027520,17109647360,38430900224
LLAMA-65B--KVChime-EPIC-long-8000,F2,prefill,65,0,263225344,21058027520,17372872704,38694125568
LLAMA-65B--KVChime-EPIC-long-8000,F2,prefill,66,0,263225344,21058027520,17636098048,38957350912
LLAMA-65B--KVChime-EPIC-long-8000,F2,prefill,67,0,263225344,21058027520,17899323392,39220576256
LLAMA-65B--KVChime-EPIC-long-8000,F2,prefill,68,0,263225344,21058027520,18162548736,39483801600
LLAMA-65B--KVChime-EPIC-long-8000,F2,prefill,69,0,263225344,21058027520,18425774080,39747026944
LLAMA-65B--KVChime-EPIC-long-8000,F2,prefill,70,0,263225344,21058027520,18688999424,40010252288
LLAMA-65B--KVChime-EPIC-long-8000,F2,prefill,71,0,263225344,21058027520,18952224768,40273477632
LLAMA-65B--KVChime-EPIC-long-8000,F2,prefill,72,0,263225344,21058027520,19215450112,40536702976
LLAMA-65B--KVChime-EPIC-long-8000,F2,prefill,73,0,263225344,21058027520,19478675456,40799928320
LLAMA-65B--KVChime-EPIC-long-8000,F2,prefill,74,0,263225344,21058027520,19741900800,41063153664
LLAMA-65B--KVChime-EPIC-long-8000,F2,prefill,75,0,263225344,21058027520,20005126144,41326379008
LLAMA-65B--KVChime-EPIC-long-8000,F2,prefill,76,0,263225344,21058027520,20268351488,41589604352
LLAMA-65B--KVChime-EPIC-long-8000,F2,prefill,77,0,263225344,21058027520,20531576832,41852829696
LLAMA-65B--KVChime-EPIC-long-8000,F2,prefill,78,0,263225344,21058027520,20794802176,42116055040
LLAMA-65B--KVChime-EPIC-long-8000,F2,prefill,79,0,263225344,21058027520,21058027520,42379280384
LLAMA-65B--KVChime-EPIC-long-8000,F2,decode,all,1,32768,21058027520,21060648960,42118709248
LLAMA-65B--KVChime-EPIC-long-8000,F2,decode,all,2,32768,21058027520,21063270400,42121330688
LLAMA-65B--KVChime-EPIC-long-8000,F2,decode,all,3,32768,21058027520,21065891840,42123952128
LLAMA-65B--KVChime-EPIC-long-8000,F2,decode,all,4,32768,21058027520,21068513280,42126573568
LLAMA-65B--KVChime-EPIC-long-8000,F2,decode,all,5,32768,21058027520,21071134720,42129195008
LLAMA-65B--KVChime-EPIC-long-8000,F2,decode,all,6,32768,21058027520,21073756160,42131816448
LLAMA-65B--KVChime-EPIC-long-8000,F2,decode,all,7,32768,21058027520,21076377600,42134437888
LLAMA-65B--KVChime-EPIC-long-8000,F2,decode,all,8,32768,21058027520,21078999040,42137059328
LLAMA-65B--KVChime-EPIC-long-8000,F2,decode,all,9,32768,21058027520,21081620480,42139680768
LLAMA-65B--KVChime-EPIC-long-8000,F2,decode,all,10,32768,21058027520,21084241920,42142302208
LLAMA-65B--KVChime-EPIC-long-8000,F2,decode,all,11,32768,21058027520,21086863360,42144923648
LLAMA-65B--KVChime-EPIC-long-8000,F2,decode,all,12,32768,21058027520,21089484800,42147545088
LLAMA-65B--KVChime-EPIC-long-8000,F2,decode,all,13,32768,21058027520,21092106240,42150166528
LLAMA-65B--KVChime-EPIC-long-8000,F2,decode,all,14,32768,21058027520,21094727680,42152787968
LLAMA-65B--KVChime-EPIC-long-8000,F2,decode,all,15,32768,21058027520,21097349120,42155409408
LLAMA-65B--KVChime-EPIC-long-8000,F3,prefill,0,0,263225344,21058027520,6094848,21327347712
LLAMA-65B--KVChime-EPIC-long-8000,F3,prefill,1,0,263225344,21058027520,12189696,21333442560
LLAMA-65B--KVChime-EPIC-long-8000,F3,prefill,2,0,263225344,21058027520,18284544,21339537408
LLAMA-65B--KVChime-EPIC-long-8000,F3,prefill,3,0,263225344,21058027520,24379392,21345632256
LLAMA-65B--KVChime-EPIC-long-8000,F3,prefill,4,0,263225344,21058027520,30474240,21351727104
LLAMA-65B--KVChime-EPIC-long-8000,F3,prefill,5,0,263225344,21058027520,36569088,21357821952
LLAMA-65B--KVChime-EPIC-long-8000,F3,prefill,6,0,263225344,21058027520,42663936,21363916800
LLAMA-65B--KVChime-EPIC-long-8000,F3,prefill,7,0,263225344,21058027520,48758784,21370011648
LLAMA-65B--KVChime-EPIC-long-8000,F3,prefill,8,0,263225344,21058027520,54853632,21376106496
LLAMA-65B--KVChime-EPIC-long-8000,F3,prefill,9,0,263225344,21058027520,60948480,21382201344
LLAMA-65B--KVChime-EPIC-long-8000,F3,prefill,10,0,263225344,21058027520,67043328,21388296192
LLAMA-65B--KVChime-EPIC-long-8000,F3,prefill,11,0,263225344,21058027520,73138176,21394391040
LLAMA-65B--KVChime-EPIC-long-8000,F3,prefill,12,0,263225344,21058027520,79233024,21400485888
LLAMA-65B--KVChime-EPIC-long-8000,F3,prefill,13,0,263225344,21058027520,85327872,21406580736
LLAMA-65B--KVChime-EPIC-long-8000,F3,prefill,14,0,263225344,21058027520,91422720,21412675584
LLAMA-65B--KVChime-EPIC-long-8000,F3,prefill,15,0,263225344,21058027520,97517568,21418770432
LLAMA-65B--KVChime-EPIC-long-8000,F3,prefill,16,0,263225344,21058027520,103612416,21424865280
LLAMA-65B--KVChime-EPIC-long-8000,F3,prefill,17,0,263225344,21058027520,109707264,21430960128
LLAMA-65B--KVChime-EPIC-long-8000,F3,prefill,18,0,263225344,21058027520,115802112,21437054976
LLAMA-65B--KVChime-EPIC-long-8000,F3,prefill,19,0,263225344,21058027520,121896960,21443149824
LLAMA-65B--KVChime-EPIC-long-8000,F3,prefill,20,0,263225344,21058027520,127991808,21449244672
LLAMA-65B--KVChime-EPIC-long-8000,F3,prefill,21,0,263225344,21058027520,134086656,21455339520
LLAMA-65B--KVChime-EPIC-long-8000,F3,prefill,22,0,263225344,21058027520,140181504,21461434368
LLAMA-65B--KVChime-EPIC-long-8000,F3,prefill,23,0,263225344,21058027520,146276352,21467529216
LLAMA-65B--KVChime-EPIC-long-8000,F3,prefill,24,0,263225344,21058027520,152371200,21473624064
LLAMA-65B--KVChime-EPIC-long-8000,F3,prefill,25,0,263225344,21058027520,158466048,21479718912
LLAMA-65B--KVChime-EPIC-long-8000,F3,prefill,26,0,263225344,21058027520,164560896,21485813760
LLAMA-65B--KVChime-EPIC-long-8000,F3,prefill,27,0,263225344,21058027520,170655744,21491908608
LLAMA-65B--KVChime-EPIC-long-8000,F3,prefill,28,0,263225344,21058027520,176750592,21498003456
LLAMA-65B--KVChime-EPIC-long-8000,F3,prefill,29,0,263225344,21058027520,182845440,21504098304
LLAMA-65B--KVChime-EPIC-long-8000,F3,prefill,30,0,263225344,21058027520,188940288,21510193152
LLAMA-65B--KVChime-EPIC-long-8000,F3,prefill,31,0,263225344,21058027520,195035136,21516288000
LLAMA-65B--KVChime-EPIC-long-8000,F3,prefill,32,0,263225344,21058027520,201129984,21522382848
LLAMA-65B--KVChime-EPIC-long-8000,F3,prefill,33,0,263225344,21058027520,207224832,21528477696
LLAMA-65B--KVChime-EPIC-long-8000,F3,prefill,34,0,263225344,21058027520,213319680,21534572544
LLAMA-65B--KVChime-EPIC-long-8000,F3,prefill,35,0,263225344,21058027520,219414528,21540667392
LLAMA-65B--KVChime-EPIC-long-8000,F3,prefill,36,0,263225344,21058027520,225509376,21546762240
LLAMA-65B--KVChime-EPIC-long-8000,F3,prefill,37,0,263225344,21058027520,231604224,21552857088
LLAMA-65B--KVChime-EPIC-long-8000,F3,prefill,38,0,263225344,21058027520,237699072,21558951936
LLAMA-65B--KVChime-EPIC-long-8000,F3,prefill,39,0,263225344,21058027520,243793920,21565046784
LLAMA-65B--KVChime-EPIC-long-8000,F3,prefill,40,0,263225344,21058027520,249888768,21571141632
LLAMA-65B--KVChime-EPIC-long-8000,F3,prefill,41,0,263225344,21058027520,255983616,21577236480
LLAMA-65B--KVChime-EPIC-long-8000,F3,prefill,42,0,263225344,21058027520,262078464,21583331328
LLAMA-65B--KVChime-EPIC-long-8000,F3,prefill,43,0,263225344,21058027520,268173312,21589426176
LLAMA-65B--KVChime-EPIC-long-8000,F3,prefill,44,0,263225344,21058027520,274268160,21595521024
LLAMA-65B--KVChime-EPIC-long-8000,F3,prefill,45,0,263225344,21058027520,280363008,21601615872
LLAMA-65B--KVChime-EPIC-long-8000,F3,prefill,46,0,263225344,21058027520,286457856,21607710720
LLAMA-65B--KVChime-EPIC-long-8000,F3,prefill,47,0,263225344,21058027520,292552704,21613805568
LLAMA-65B--KVChime-EPIC-long-8000,F3,prefill,48,0,263225344,21058027520,298647552,21619900416
LLAMA-65B--KVChime-EPIC-long-8000,F3,prefill,49,0,263225344,21058027520,304742400,21625995264
LLAMA-65B--KVChime-EPIC-long-8000,F3,prefill,50,0,263225344,21058027520,310837248,21632090112
LLAMA-65B--KVChime-EPIC-long-8000,F3,prefill,51,0,263225344,21058027520,316932096,21638184960
LLAMA-65B--KVChime-EPIC-long-8000,F3,prefill,52,0,263225344,21058027520,323026944,21644279808
LLAMA-65B--KVChime-EPIC-long-8000,F3,prefill,53,0,263225344,21058027520,329121792,21650374656
LLAMA-65B--KVChime-EPIC-long-8000,F3,prefill,54,0,263225344,21058027520,335216640,21656469504
LLAMA-65B--KVChime-EPIC-long-8000,F3,prefill,55,0,263225344,21058027520,341311488,21662564352
LLAMA-65B--KVChime-EPIC-long-8000,F3,prefill,56,0,263225344,21058027520,347406336,21668659200
LLAMA-65B--KVChime-EPIC-long-8000,F3,prefill,57,0,263225344,21058027520,353501184,21674754048
LLAMA-65B--KVChime-EPIC-long-8000,F3,prefill,58,0,263225344,21058027520,359596032,21680848896
LLAMA-65B--KVChime-EPIC-long-8000,F3,prefill,59,0,263225344,21058027520,365690880,21686943744
LLAMA-65B--KVChime-EPIC-long-8000,F3,prefill,60,0,263225344,21058027520,371785728,21693038592
LLAMA-65B--KVChime-EPIC-long-8000,F3,prefill,61,0,263225344,21058027520,377880576,21699133440
LLAMA-65B--KVChime-EPIC-long-8000,F3,prefill,62,0,263225344,21058027520,383975424,21705228288
LLAMA-65B--KVChime-EPIC-long-8000,F3,prefill,63,0,263225344,21058027520,390070272,21711323136
LLAMA-65B--KVChime-EPIC-long-8000,F3,prefill,64,0,263225344,21058027520,396165120,21717417984
LLAMA-65B--KVChime-EPIC-long-8000,F3,prefill,65,0,263225344,21058027520,402259968,21723512832
LLAMA-65B--KVChime-EPIC-long-8000,F3,prefill,66,0,263225344,21058027520,408354816,21729607680
LLAMA-65B--KVChime-EPIC-long-8000,F3,prefill,67,0,263225344,21058027520,414449664,21735702528
LLAMA-65B--KVChime-EPIC-long-8000,F3,prefill,68,0,263225344,21058027520,420544512,21741797376
LLAMA-65B--KVChime-EPIC-long-8000,F3,prefill,69,0,263225344,21058027520,426639360,21747892224
LLAMA-65B--KVChime-EPIC-long-8000,F3,prefill,70,0,263225344,21058027520,432734208,21753987072
LLAMA-65B--KVChime-EPIC-long-8000,F3,prefill,71,0,263225344,21058027520,438829056,21760081920
LLAMA-65B--KVChime-EPIC-long-8000,F3,prefill,72,0,263225344,21058027520,444923904,21766176768
LLAMA-65B--KVChime-EPIC-long-8000,F3,prefill,73,0,263225344,21058027520,451018752,21772271616
LLAMA-65B--KVChime-EPIC-long-8000,F3,prefill,74,0,263225344,21058027520,457113600,21778366464
LLAMA-65B--KVChime-EPIC-long-8000,F3,prefill,75,0,263225344,21058027520,463208448,21784461312
LLAMA-65B--KVChime-EPIC-long-8000,F3,prefill,76,0,263225344,21058027520,469303296,21790556160
LLAMA-65B--KVChime-EPIC-long-8000,F3,prefill,77,0,263225344,21058027520,475398144,21796651008
LLAMA-65B--KVChime-EPIC-long-8000,F3,prefill,78,0,263225344,21058027520,481492992,21802745856
LLAMA-65B--KVChime-EPIC-long-8000,F3,prefill,79,0,263225344,21058027520,487587840,21808840704
LLAMA-65B--KVChime-EPIC-long-8000,F3,decode,all,1,32768,21058027520,490209280,21548269568
LLAMA-65B--KVChime-EPIC-long-8000,F3,decode,all,2,32768,21058027520,492830720,21550891008
LLAMA-65B--KVChime-EPIC-long-8000,F3,decode,all,3,32768,21058027520,495452160,21553512448
LLAMA-65B--KVChime-EPIC-long-8000,F3,decode,all,4,32768,21058027520,498073600,21556133888
LLAMA-65B--KVChime-EPIC-long-8000,F3,decode,all,5,32768,21058027520,500695040,21558755328
LLAMA-65B--KVChime-EPIC-long-8000,F3,decode,all,6,32768,21058027520,503316480,21561376768
LLAMA-65B--KVChime-EPIC-long-8000,F3,decode,all,7,32768,21058027520,505937920,21563998208
LLAMA-65B--KVChime-EPIC-long-8000,F3,decode,all,8,32768,21058027520,508559360,21566619648
LLAMA-65B--KVChime-EPIC-long-8000,F3,decode,all,9,32768,21058027520,511180800,21569241088
LLAMA-65B--KVChime-EPIC-long-8000,F3,decode,all,10,32768,21058027520,513802240,21571862528
LLAMA-65B--KVChime-EPIC-long-8000,F3,decode,all,11,32768,21058027520,516423680,21574483968
LLAMA-65B--KVChime-EPIC-long-8000,F3,decode,all,12,32768,21058027520,519045120,21577105408
LLAMA-65B--KVChime-EPIC-long-8000,F3,decode,all,13,32768,21058027520,521666560,21579726848
LLAMA-65B--KVChime-EPIC-long-8000,F3,decode,all,14,32768,21058027520,524288000,21582348288
LLAMA-65B--KVChime-EPIC-long-8000,F3,decode,all,15,32768,21058027520,526909440,21584969728
LLAMA-65B--KVChime-EPIC-long-8000,F4,prefill,0,0,6094848,21058027520,6094848,21070217216
LLAMA-65B--KVChime-EPIC-long-8000,F4,prefill,1,0,6094848,21058027520,12189696,21076312064
LLAMA-65B--KVChime-EPIC-long-8000,F4,prefill,2,0,6094848,21058027520,18284544,21082406912
LLAMA-65B--KVChime-EPIC-long-8000,F4,prefill,3,0,6094848,21058027520,24379392,21088501760
LLAMA-65B--KVChime-EPIC-long-8000,F4,prefill,4,0,6094848,21058027520,30474240,21094596608
LLAMA-65B--KVChime-EPIC-long-8000,F4,prefill,5,0,6094848,21058027520,36569088,21100691456
LLAMA-65B--KVChime-EPIC-long-8000,F4,prefill,6,0,6094848,21058027520,42663936,21106786304
LLAMA-65B--KVChime-EPIC-long-8000,F4,prefill,7,0,6094848,21058027520,48758784,21112881152
LLAMA-65B--KVChime-EPIC-long-8000,F4,prefill,8,0,6094848,21058027520,54853632,21118976000
LLAMA-65B--KVChime-EPIC-long-8000,F4,prefill,9,0,6094848,21058027520,60948480,21125070848
LLAMA-65B--KVChime-EPIC-long-8000,F4,prefill,10,0,6094848,21058027520,67043328,21131165696
LLAMA-65B--KVChime-EPIC-long-8000,F4,prefill,11,0,6094848,21058027520,73138176,21137260544
LLAMA-65B--KVChime-EPIC-long-8000,F4,prefill,12,0,6094848,21058027520,79233024,21143355392
LLAMA-65B--KVChime-EPIC-long-8000,F4,prefill,13,0,6094848,21058027520,85327872,21149450240
LLAMA-65B--KVChime-EPIC-long-8000,F4,prefill,14,0,6094848,21058027520,91422720,21155545088
LLAMA-65B--KVChime-EPIC-long-8000,F4,prefill,15,0,6094848,21058027520,97517568,21161639936
LLAMA-65B--KVChime-EPIC-long-8000,F4,prefill,16,0,6094848,21058027520,103612416,21167734784
LLAMA-65B--KVChime-EPIC-long-8000,F4,prefill,17,0,6094848,21058027520,109707264,21173829632
LLAMA-65B--KVChime-EPIC-long-8000,F4,prefill,18,0,6094848,21058027520,115802112,21179924480
LLAMA-65B--KVChime-EPIC-long-8000,F4,prefill,19,0,6094848,21058027520,121896960,21186019328
LLAMA-65B--KVChime-EPIC-long-8000,F4,prefill,20,0,6094848,21058027520,127991808,21192114176
LLAMA-65B--KVChime-EPIC-long-8000,F4,prefill,21,0,6094848,21058027520,134086656,21198209024
LLAMA-65B--KVChime-EPIC-long-8000,F4,prefill,22,0,6094848,21058027520,140181504,21204303872
LLAMA-65B--KVChime-EPIC-long-8000,F4,prefill,23,0,6094848,21058027520,146276352,21210398720
LLAMA-65B--KVChime-EPIC-long-8000,F4,prefill,24,0,6094848,21058027520,152371200,21216493568
LLAMA-65B--KVChime-EPIC-long-8000,F4,prefill,25,0,6094848,21058027520,158466048,21222588416
LLAMA-65B--KVChime-EPIC-long-8000,F4,prefill,26,0,6094848,21058027520,164560896,21228683264
LLAMA-65B--KVChime-EPIC-long-8000,F4,prefill,27,0,6094848,21058027520,170655744,21234778112
LLAMA-65B--KVChime-EPIC-long-8000,F4,prefill,28,0,6094848,21058027520,176750592,21240872960
LLAMA-65B--KVChime-EPIC-long-8000,F4,prefill,29,0,6094848,21058027520,182845440,21246967808
LLAMA-65B--KVChime-EPIC-long-8000,F4,prefill,30,0,6094848,21058027520,188940288,21253062656
LLAMA-65B--KVChime-EPIC-long-8000,F4,prefill,31,0,6094848,21058027520,195035136,21259157504
LLAMA-65B--KVChime-EPIC-long-8000,F4,prefill,32,0,6094848,21058027520,201129984,21265252352
LLAMA-65B--KVChime-EPIC-long-8000,F4,prefill,33,0,6094848,21058027520,207224832,21271347200
LLAMA-65B--KVChime-EPIC-long-8000,F4,prefill,34,0,6094848,21058027520,213319680,21277442048
LLAMA-65B--KVChime-EPIC-long-8000,F4,prefill,35,0,6094848,21058027520,219414528,21283536896
LLAMA-65B--KVChime-EPIC-long-8000,F4,prefill,36,0,6094848,21058027520,225509376,21289631744
LLAMA-65B--KVChime-EPIC-long-8000,F4,prefill,37,0,6094848,21058027520,231604224,21295726592
LLAMA-65B--KVChime-EPIC-long-8000,F4,prefill,38,0,6094848,21058027520,237699072,21301821440
LLAMA-65B--KVChime-EPIC-long-8000,F4,prefill,39,0,6094848,21058027520,243793920,21307916288
LLAMA-65B--KVChime-EPIC-long-8000,F4,prefill,40,0,6094848,21058027520,249888768,21314011136
LLAMA-65B--KVChime-EPIC-long-8000,F4,prefill,41,0,6094848,21058027520,255983616,21320105984
LLAMA-65B--KVChime-EPIC-long-8000,F4,prefill,42,0,6094848,21058027520,262078464,21326200832
LLAMA-65B--KVChime-EPIC-long-8000,F4,prefill,43,0,6094848,21058027520,268173312,21332295680
LLAMA-65B--KVChime-EPIC-long-8000,F4,prefill,44,0,6094848,21058027520,274268160,21338390528
LLAMA-65B--KVChime-EPIC-long-8000,F4,prefill,45,0,6094848,21058027520,280363008,21344485376
LLAMA-65B--KVChime-EPIC-long-8000,F4,prefill,46,0,6094848,21058027520,286457856,21350580224
LLAMA-65B--KVChime-EPIC-long-8000,F4,prefill,47,0,6094848,21058027520,292552704,21356675072
LLAMA-65B--KVChime-EPIC-long-8000,F4,prefill,48,0,6094848,21058027520,298647552,21362769920
LLAMA-65B--KVChime-EPIC-long-8000,F4,prefill,49,0,6094848,21058027520,304742400,21368864768
LLAMA-65B--KVChime-EPIC-long-8000,F4,prefill,50,0,6094848,21058027520,310837248,21374959616
LLAMA-65B--KVChime-EPIC-long-8000,F4,prefill,51,0,6094848,21058027520,316932096,21381054464
LLAMA-65B--KVChime-EPIC-long-8000,F4,prefill,52,0,6094848,21058027520,323026944,21387149312
LLAMA-65B--KVChime-EPIC-long-8000,F4,prefill,53,0,6094848,21058027520,329121792,21393244160
LLAMA-65B--KVChime-EPIC-long-8000,F4,prefill,54,0,6094848,21058027520,335216640,21399339008
LLAMA-65B--KVChime-EPIC-long-8000,F4,prefill,55,0,6094848,21058027520,341311488,21405433856
LLAMA-65B--KVChime-EPIC-long-8000,F4,prefill,56,0,6094848,21058027520,347406336,21411528704
LLAMA-65B--KVChime-EPIC-long-8000,F4,prefill,57,0,6094848,21058027520,353501184,21417623552
LLAMA-65B--KVChime-EPIC-long-8000,F4,prefill,58,0,6094848,21058027520,359596032,21423718400
LLAMA-65B--KVChime-EPIC-long-8000,F4,prefill,59,0,6094848,21058027520,365690880,21429813248
LLAMA-65B--KVChime-EPIC-long-8000,F4,prefill,60,0,6094848,21058027520,371785728,21435908096
LLAMA-65B--KVChime-EPIC-long-8000,F4,prefill,61,0,6094848,21058027520,377880576,21442002944
LLAMA-65B--KVChime-EPIC-long-8000,F4,prefill,62,0,6094848,21058027520,383975424,21448097792
LLAMA-65B--KVChime-EPIC-long-8000,F4,prefill,63,0,6094848,21058027520,390070272,21454192640
LLAMA-65B--KVChime-EPIC-long-8000,F4,prefill,64,0,6094848,21058027520,396165120,21460287488
LLAMA-65B--KVChime-EPIC-long-8000,F4,prefill,65,0,6094848,21058027520,402259968,21466382336
LLAMA-65B--KVChime-EPIC-long-8000,F4,prefill,66,0,6094848,21058027520,408354816,21472477184
LLAMA-65B--KVChime-EPIC-long-8000,F4,prefill,67,0,6094848,21058027520,414449664,21478572032
LLAMA-65B--KVChime-EPIC-long-8000,F4,prefill,68,0,6094848,21058027520,420544512,21484666880
LLAMA-65B--KVChime-EPIC-long-8000,F4,prefill,69,0,6094848,21058027520,426639360,21490761728
LLAMA-65B--KVChime-EPIC-long-8000,F4,prefill,70,0,6094848,21058027520,432734208,21496856576
LLAMA-65B--KVChime-EPIC-long-8000,F4,prefill,71,0,6094848,21058027520,438829056,21502951424
LLAMA-65B--KVChime-EPIC-long-8000,F4,prefill,72,0,6094848,21058027520,444923904,21509046272
LLAMA-65B--KVChime-EPIC-long-8000,F4,prefill,73,0,6094848,21058027520,451018752,21515141120
LLAMA-65B--KVChime-EPIC-long-8000,F4,prefill,74,0,6094848,21058027520,457113600,21521235968
LLAMA-65B--KVChime-EPIC-long-8000,F4,prefill,75,0,6094848,21058027520,463208448,21527330816
LLAMA-65B--KVChime-EPIC-long-8000,F4,prefill,76,0,6094848,21058027520,469303296,21533425664
LLAMA-65B--KVChime-EPIC-long-8000,F4,prefill,77,0,6094848,21058027520,475398144,21539520512
LLAMA-65B--KVChime-EPIC-long-8000,F4,prefill,78,0,6094848,21058027520,481492992,21545615360
LLAMA-65B--KVChime-EPIC-long-8000,F4,prefill,79,0,6094848,21058027520,487587840,21551710208
LLAMA-65B--KVChime-EPIC-long-8000,F4,decode,all,1,32768,21058027520,490209280,21548269568
LLAMA-65B--KVChime-EPIC-long-8000,F4,decode,all,2,32768,21058027520,492830720,21550891008
LLAMA-65B--KVChime-EPIC-long-8000,F4,decode,all,3,32768,21058027520,495452160,21553512448
LLAMA-65B--KVChime-EPIC-long-8000,F4,decode,all,4,32768,21058027520,498073600,21556133888
LLAMA-65B--KVChime-EPIC-long-8000,F4,decode,all,5,32768,21058027520,500695040,21558755328
LLAMA-65B--KVChime-EPIC-long-8000,F4,decode,all,6,32768,21058027520,503316480,21561376768
LLAMA-65B--KVChime-EPIC-long-8000,F4,decode,all,7,32768,21058027520,505937920,21563998208
LLAMA-65B--KVChime-EPIC-long-8000,F4,decode,all,8,32768,21058027520,508559360,21566619648
LLAMA-65B--KVChime-EPIC-long-8000,F4,decode,all,9,32768,21058027520,511180800,21569241088
LLAMA-65B--KVChime-EPIC-long-8000,F4,decode,all,10,32768,21058027520,513802240,21571862528
LLAMA-65B--KVChime-EPIC-long-8000,F4,decode,all,11,32768,21058027520,516423680,21574483968
LLAMA-65B--KVChime-EPIC-long-8000,F4,decode,all,12,32768,21058027520,519045120,21577105408
LLAMA-65B--KVChime-EPIC-long-8000,F4,decode,all,13,32768,21058027520,521666560,21579726848
LLAMA-65B--KVChime-EPIC-long-8000,F4,decode,all,14,32768,21058027520,524288000,21582348288
LLAMA-65B--KVChime-EPIC-long-8000,F4,decode,all,15,32768,21058027520,526909440,21584969728
LLAMA-65B--KVChime-EPIC-long-16000,F0,prefill,0,0,525762560,0,0,525762560
LLAMA-65B--KVChime-EPIC-long-16000,F0,prefill,1,0,1051525120,0,0,1051525120
LLAMA-65B--KVChime-EPIC-long-16000,F0,prefill,2,0,1577287680,0,0,1577287680
LLAMA-65B--KVChime-EPIC-long-16000,F0,prefill,3,0,2103050240,0,0,2103050240
LLAMA-65B--KVChime-EPIC-long-16000,F0,prefill,4,0,2628812800,0,0,2628812800
LLAMA-65B--KVChime-EPIC-long-16000,F0,prefill,5,0,3154575360,0,0,3154575360
LLAMA-65B--KVChime-EPIC-long-16000,F0,prefill,6,0,3680337920,0,0,3680337920
LLAMA-65B--KVChime-EPIC-long-16000,F0,prefill,7,0,4206100480,0,0,4206100480
LLAMA-65B--KVChime-EPIC-long-16000,F0,prefill,8,0,4731863040,0,0,4731863040
LLAMA-65B--KVChime-EPIC-long-16000,F0,prefill,9,0,5257625600,0,0,5257625600
LLAMA-65B--KVChime-EPIC-long-16000,F0,prefill,10,0,5783388160,0,0,5783388160
LLAMA-65B--KVChime-EPIC-long-16000,F0,prefill,11,0,6309150720,0,0,6309150720
LLAMA-65B--KVChime-EPIC-long-16000,F0,prefill,12,0,6834913280,0,0,6834913280
LLAMA-65B--KVChime-EPIC-long-16000,F0,prefill,13,0,7360675840,0,0,7360675840
LLAMA-65B--KVChime-EPIC-long-16000,F0,prefill,14,0,7886438400,0,0,7886438400
LLAMA-65B--KVChime-EPIC-long-16000,F0,prefill,15,0,8412200960,0,0,8412200960
LLAMA-65B--KVChime-EPIC-long-16000,F0,prefill,16,0,8937963520,0,0,8937963520
LLAMA-65B--KVChime-EPIC-long-16000,F0,prefill,17,0,9463726080,0,0,9463726080
LLAMA-65B--KVChime-EPIC-long-16000,F0,prefill,18,0,9989488640,0,0,9989488640
LLAMA-65B--KVChime-EPIC-long-16000,F0,prefill,19,0,10515251200,0,0,10515251200
LLAMA-65B--KVChime-EPIC-long-16000,F0,prefill,20,0,11041013760,0,0,11041013760
LLAMA-65B--KVChime-EPIC-long-16000,F0,prefill,21,0,11566776320,0,0,11566776320
LLAMA-65B--KVChime-EPIC-long-16000,F0,prefill,22,0,12092538880,0,0,12092538880
LLAMA-65B--KVChime-EPIC-long-16000,F0,prefill,23,0,12618301440,0,0,12618301440
LLAMA-65B--KVChime-EPIC-long-16000,F0,prefill,24,0,13144064000,0,0,13144064000
LLAMA-65B--KVChime-EPIC-long-16000,F0,prefill,25,0,13669826560,0,0,13669826560
LLAMA-65B--KVChime-EPIC-long-16000,F0,prefill,26,0,14195589120,0,0,14195589120
LLAMA-65B--KVChime-EPIC-long-16000,F0,prefill,27,0,14721351680,0,0,14721351680
LLAMA-65B--KVChime-EPIC-long-16000,F0,prefill,28,0,15247114240,0,0,15247114240
LLAMA-65B--KVChime-EPIC-long-16000,F0,prefill,29,0,15772876800,0,0,15772876800
LLAMA-65B--KVChime-EPIC-long-16000,F0,prefill,30,0,16298639360,0,0,16298639360
LLAMA-65B--KVChime-EPIC-long-16000,F0,prefill,31,0,16824401920,0,0,16824401920
LLAMA-65B--KVChime-EPIC-long-16000,F0,prefill,32,0,17350164480,0,0,17350164480
LLAMA-65B--KVChime-EPIC-long-16000,F0,prefill,33,0,17875927040,0,0,17875927040
LLAMA-65B--KVChime-EPIC-long-16000,F0,prefill,34,0,18401689600,0,0,18401689600
LLAMA-65B--KVChime-EPIC-long-16000,F0,prefill,35,0,18927452160,0,0,18927452160
LLAMA-65B--KVChime-EPIC-long-16000,F0,prefill,36,0,19453214720,0,0,19453214720
LLAMA-65B--KVChime-EPIC-long-16000,F0,prefill,37,0,19978977280,0,0,19978977280
LLAMA-65B--KVChime-EPIC-long-16000,F0,prefill,38,0,20504739840,0,0,20504739840
LLAMA-65B--KVChime-EPIC-long-16000,F0,prefill,39,0,21030502400,0,0,21030502400
LLAMA-65B--KVChime-EPIC-long-16000,F0,prefill,40,0,21556264960,0,0,21556264960
LLAMA-65B--KVChime-EPIC-long-16000,F0,prefill,41,0,22082027520,0,0,22082027520
LLAMA-65B--KVChime-EPIC-long-16000,F0,prefill,42,0,22607790080,0,0,22607790080
LLAMA-65B--KVChime-EPIC-long-16000,F0,prefill,43,0,23133552640,0,0,23133552640
LLAMA-65B--KVChime-EPIC-long-16000,F0,prefill,44,0,23659315200,0,0,23659315200
LLAMA-65B--KVChime-EPIC-long-16000,F0,prefill,45,0,24185077760,0,0,24185077760
LLAMA-65B--KVChime-EPIC-long-16000,F0,prefill,46,0,24710840320,0,0,24710840320
LLAMA-65B--KVChime-EPIC-long-16000,F0,prefill,47,0,25236602880,0,0,25236602880
LLAMA-65B--KVChime-EPIC-long-16000,F0,prefill,48,0,25762365440,0,0,25762365440
LLAMA-65B--KVChime-EPIC-long-16000,F0,prefill,49,0,26288128000,0,0,26288128000
LLAMA-65B--KVChime-EPIC-long-16000,F0,prefill,50,0,26813890560,0,0,26813890560
LLAMA-65B--KVChime-EPIC-long-16000,F0,prefill,51,0,27339653120,0,0,27339653120
LLAMA-65B--KVChime-EPIC-long-16000,F0,prefill,52,0,27865415680,0,0,27865415680
LLAMA-65B--KVChime-EPIC-long-16000,F0,prefill,53,0,28391178240,0,0,28391178240
LLAMA-65B--KVChime-EPIC-long-16000,F0,prefill,54,0,28916940800,0,0,28916940800
LLAMA-65B--KVChime-EPIC-long-16000,F0,prefill,55,0,29442703360,0,0,29442703360
LLAMA-65B--KVChime-EPIC-long-16000,F0,prefill,56,0,29968465920,0,0,29968465920
LLAMA-65B--KVChime-EPIC-long-16000,F0,prefill,57,0,30494228480,0,0,30494228480
LLAMA-65B--KVChime-EPIC-long-16000,F0,prefill,58,0,31019991040,0,0,31019991040
LLAMA-65B--KVChime-EPIC-long-16000,F0,prefill,59,0,31545753600,0,0,31545753600
LLAMA-65B--KVChime-EPIC-long-16000,F0,prefill,60,0,32071516160,0,0,32071516160
LLAMA-65B--KVChime-EPIC-long-16000,F0,prefill,61,0,32597278720,0,0,32597278720
LLAMA-65B--KVChime-EPIC-long-16000,F0,prefill,62,0,33123041280,0,0,33123041280
LLAMA-65B--KVChime-EPIC-long-16000,F0,prefill,63,0,33648803840,0,0,33648803840
LLAMA-65B--KVChime-EPIC-long-16000,F0,prefill,64,0,34174566400,0,0,34174566400
LLAMA-65B--KVChime-EPIC-long-16000,F0,prefill,65,0,34700328960,0,0,34700328960
LLAMA-65B--KVChime-EPIC-long-16000,F0,prefill,66,0,35226091520,0,0,35226091520
LLAMA-65B--KVChime-EPIC-long-16000,F0,prefill,67,0,35751854080,0,0,35751854080
LLAMA-65B--KVChime-EPIC-long-16000,F0,prefill,68,0,36277616640,0,0,36277616640
LLAMA-65B--KVChime-EPIC-long-16000,F0,prefill,69,0,36803379200,0,0,36803379200
LLAMA-65B--KVChime-EPIC-long-16000,F0,prefill,70,0,37329141760,0,0,37329141760
LLAMA-65B--KVChime-EPIC-long-16000,F0,prefill,71,0,37854904320,0,0,37854904320
LLAMA-65B--KVChime-EPIC-long-16000,F0,prefill,72,0,38380666880,0,0,38380666880
LLAMA-65B--KVChime-EPIC-long-16000,F0,prefill,73,0,38906429440,0,0,38906429440
LLAMA-65B--KVChime-EPIC-long-16000,F0,prefill,74,0,39432192000,0,0,39432192000
LLAMA-65B--KVChime-EPIC-long-16000,F0,prefill,75,0,39957954560,0,0,39957954560
LLAMA-65B--KVChime-EPIC-long-16000,F0,prefill,76,0,40483717120,0,0,40483717120
LLAMA-65B--KVChime-EPIC-long-16000,F0,prefill,77,0,41009479680,0,0,41009479680
LLAMA-65B--KVChime-EPIC-long-16000,F0,prefill,78,0,41535242240,0,0,41535242240
LLAMA-65B--KVChime-EPIC-long-16000,F0,prefill,79,0,42061004800,0,0,42061004800
LLAMA-65B--KVChime-EPIC-long-16000,F0,decode,all,1,42063626240,0,0,42063626240
LLAMA-65B--KVChime-EPIC-long-16000,F0,decode,all,2,42066247680,0,0,42066247680
LLAMA-65B--KVChime-EPIC-long-16000,F0,decode,all,3,42068869120,0,0,42068869120
LLAMA-65B--KVChime-EPIC-long-16000,F0,decode,all,4,42071490560,0,0,42071490560
LLAMA-65B--KVChime-EPIC-long-16000,F0,decode,all,5,42074112000,0,0,42074112000
LLAMA-65B--KVChime-EPIC-long-16000,F0,decode,all,6,42076733440,0,0,42076733440
LLAMA-65B--KVChime-EPIC-long-16000,F0,decode,all,7,42079354880,0,0,42079354880
LLAMA-65B--KVChime-EPIC-long-16000,F0,decode,all,8,42081976320,0,0,42081976320
LLAMA-65B--KVChime-EPIC-long-16000,F0,decode,all,9,42084597760,0,0,42084597760
LLAMA-65B--KVChime-EPIC-long-16000,F0,decode,all,10,42087219200,0,0,42087219200
LLAMA-65B--KVChime-EPIC-long-16000,F0,decode,all,11,42089840640,0,0,42089840640
LLAMA-65B--KVChime-EPIC-long-16000,F0,decode,all,12,42092462080,0,0,42092462080
LLAMA-65B--KVChime-EPIC-long-16000,F0,decode,all,13,42095083520,0,0,42095083520
LLAMA-65B--KVChime-EPIC-long-16000,F0,decode,all,14,42097704960,0,0,42097704960
LLAMA-65B--KVChime-EPIC-long-16000,F0,decode,all,15,42100326400,0,0,42100326400
LLAMA-65B--KVChime-EPIC-long-16000,F1,prefill,0,0,525762560,42061004800,0,42586767360
LLAMA-65B--KVChime-EPIC-long-16000,F1,prefill,1,0,1051525120,42061004800,0,43112529920
LLAMA-65B--KVChime-EPIC-long-16000,F1,prefill,2,0,1577287680,42061004800,0,43638292480
LLAMA-65B--KVChime-EPIC-long-16000,F1,prefill,3,0,2103050240,42061004800,0,44164055040
LLAMA-65B--KVChime-EPIC-long-16000,F1,prefill,4,0,2628812800,42061004800,0,44689817600
LLAMA-65B--KVChime-EPIC-long-16000,F1,prefill,5,0,3154575360,42061004800,0,45215580160
LLAMA-65B--KVChime-EPIC-long-16000,F1,prefill,6,0,3680337920,42061004800,0,45741342720
LLAMA-65B--KVChime-EPIC-long-16000,F1,prefill,7,0,4206100480,42061004800,0,46267105280
LLAMA-65B--KVChime-EPIC-long-16000,F1,prefill,8,0,4731863040,42061004800,0,46792867840
LLAMA-65B--KVChime-EPIC-long-16000,F1,prefill,9,0,5257625600,42061004800,0,47318630400
LLAMA-65B--KVChime-EPIC-long-16000,F1,prefill,10,0,5783388160,42061004800,0,47844392960
LLAMA-65B--KVChime-EPIC-long-16000,F1,prefill,11,0,6309150720,42061004800,0,48370155520
LLAMA-65B--KVChime-EPIC-long-16000,F1,prefill,12,0,6834913280,42061004800,0,48895918080
LLAMA-65B--KVChime-EPIC-long-16000,F1,prefill,13,0,7360675840,42061004800,0,49421680640
LLAMA-65B--KVChime-EPIC-long-16000,F1,prefill,14,0,7886438400,42061004800,0,49947443200
LLAMA-65B--KVChime-EPIC-long-16000,F1,prefill,15,0,8412200960,42061004800,0,50473205760
LLAMA-65B--KVChime-EPIC-long-16000,F1,prefill,16,0,8937963520,42061004800,0,50998968320
LLAMA-65B--KVChime-EPIC-long-16000,F1,prefill,17,0,9463726080,42061004800,0,51524730880
LLAMA-65B--KVChime-EPIC-long-16000,F1,prefill,18,0,9989488640,42061004800,0,52050493440
LLAMA-65B--KVChime-EPIC-long-16000,F1,prefill,19,0,10515251200,42061004800,0,52576256000
LLAMA-65B--KVChime-EPIC-long-16000,F1,prefill,20,0,11041013760,42061004800,0,53102018560
LLAMA-65B--KVChime-EPIC-long-16000,F1,prefill,21,0,11566776320,42061004800,0,53627781120
LLAMA-65B--KVChime-EPIC-long-16000,F1,prefill,22,0,12092538880,42061004800,0,54153543680
LLAMA-65B--KVChime-EPIC-long-16000,F1,prefill,23,0,12618301440,42061004800,0,54679306240
LLAMA-65B--KVChime-EPIC-long-16000,F1,prefill,24,0,13144064000,42061004800,0,55205068800
LLAMA-65B--KVChime-EPIC-long-16000,F1,prefill,25,0,13669826560,42061004800,0,55730831360
LLAMA-65B--KVChime-EPIC-long-16000,F1,prefill,26,0,14195589120,42061004800,0,56256593920
LLAMA-65B--KVChime-EPIC-long-16000,F1,prefill,27,0,14721351680,42061004800,0,56782356480
LLAMA-65B--KVChime-EPIC-long-16000,F1,prefill,28,0,15247114240,42061004800,0,57308119040
LLAMA-65B--KVChime-EPIC-long-16000,F1,prefill,29,0,15772876800,42061004800,0,57833881600
LLAMA-65B--KVChime-EPIC-long-16000,F1,prefill,30,0,16298639360,42061004800,0,58359644160
LLAMA-65B--KVChime-EPIC-long-16000,F1,prefill,31,0,16824401920,42061004800,0,58885406720
LLAMA-65B--KVChime-EPIC-long-16000,F1,prefill,32,0,17350164480,42061004800,0,59411169280
LLAMA-65B--KVChime-EPIC-long-16000,F1,prefill,33,0,17875927040,42061004800,0,59936931840
LLAMA-65B--KVChime-EPIC-long-16000,F1,prefill,34,0,18401689600,42061004800,0,60462694400
LLAMA-65B--KVChime-EPIC-long-16000,F1,prefill,35,0,18927452160,42061004800,0,60988456960
LLAMA-65B--KVChime-EPIC-long-16000,F1,prefill,36,0,19453214720,42061004800,0,61514219520
LLAMA-65B--KVChime-EPIC-long-16000,F1,prefill,37,0,19978977280,42061004800,0,62039982080
LLAMA-65B--KVChime-EPIC-long-16000,F1,prefill,38,0,20504739840,42061004800,0,62565744640
LLAMA-65B--KVChime-EPIC-long-16000,F1,prefill,39,0,21030502400,42061004800,0,63091507200
LLAMA-65B--KVChime-EPIC-long-16000,F1,prefill,40,0,21556264960,42061004800,0,63617269760
LLAMA-65B--KVChime-EPIC-long-16000,F1,prefill,41,0,22082027520,42061004800,0,64143032320
LLAMA-65B--KVChime-EPIC-long-16000,F1,prefill,42,0,22607790080,42061004800,0,64668794880
LLAMA-65B--KVChime-EPIC-long-16000,F1,prefill,43,0,23133552640,42061004800,0,65194557440
LLAMA-65B--KVChime-EPIC-long-16000,F1,prefill,44,0,23659315200,42061004800,0,65720320000
LLAMA-65B--KVChime-EPIC-long-16000,F1,prefill,45,0,24185077760,42061004800,0,66246082560
LLAMA-65B--KVChime-EPIC-long-16000,F1,prefill,46,0,24710840320,42061004800,0,66771845120
LLAMA-65B--KVChime-EPIC-long-16000,F1,prefill,47,0,25236602880,42061004800,0,67297607680
LLAMA-65B--KVChime-EPIC-long-16000,F1,prefill,48,0,25762365440,42061004800,0,67823370240
LLAMA-65B--KVChime-EPIC-long-16000,F1,prefill,49,0,26288128000,42061004800,0,68349132800
LLAMA-65B--KVChime-EPIC-long-16000,F1,prefill,50,0,26813890560,42061004800,0,68874895360
LLAMA-65B--KVChime-EPIC-long-16000,F1,prefill,51,0,27339653120,42061004800,0,69400657920
LLAMA-65B--KVChime-EPIC-long-16000,F1,prefill,52,0,27865415680,42061004800,0,69926420480
LLAMA-65B--KVChime-EPIC-long-16000,F1,prefill,53,0,28391178240,42061004800,0,70452183040
LLAMA-65B--KVChime-EPIC-long-16000,F1,prefill,54,0,28916940800,42061004800,0,70977945600
LLAMA-65B--KVChime-EPIC-long-16000,F1,prefill,55,0,29442703360,42061004800,0,71503708160
LLAMA-65B--KVChime-EPIC-long-16000,F1,prefill,56,0,29968465920,42061004800,0,72029470720
LLAMA-65B--KVChime-EPIC-long-16000,F1,prefill,57,0,30494228480,42061004800,0,72555233280
LLAMA-65B--KVChime-EPIC-long-16000,F1,prefill,58,0,31019991040,42061004800,0,73080995840
LLAMA-65B--KVChime-EPIC-long-16000,F1,prefill,59,0,31545753600,42061004800,0,73606758400
LLAMA-65B--KVChime-EPIC-long-16000,F1,prefill,60,0,32071516160,42061004800,0,74132520960
LLAMA-65B--KVChime-EPIC-long-16000,F1,prefill,61,0,32597278720,42061004800,0,74658283520
LLAMA-65B--KVChime-EPIC-long-16000,F1,prefill,62,0,33123041280,42061004800,0,75184046080
LLAMA-65B--KVChime-EPIC-long-16000,F1,prefill,63,0,33648803840,42061004800,0,75709808640
LLAMA-65B--KVChime-EPIC-long-16000,F1,prefill,64,0,34174566400,42061004800,0,76235571200
LLAMA-65B--KVChime-EPIC-long-16000,F1,prefill,65,0,34700328960,42061004800,0,76761333760
LLAMA-65B--KVChime-EPIC-long-16000,F1,prefill,66,0,35226091520,42061004800,0,77287096320
LLAMA-65B--KVChime-EPIC-long-16000,F1,prefill,67,0,35751854080,42061004800,0,77812858880
LLAMA-65B--KVChime-EPIC-long-16000,F1,prefill,68,0,36277616640,42061004800,0,78338621440
LLAMA-65B--KVChime-EPIC-long-16000,F1,prefill,69,0,36803379200,42061004800,0,78864384000
LLAMA-65B--KVChime-EPIC-long-16000,F1,prefill,70,0,37329141760,42061004800,0,79390146560
LLAMA-65B--KVChime-EPIC-long-16000,F1,prefill,71,0,37854904320,42061004800,0,79915909120
LLAMA-65B--KVChime-EPIC-long-16000,F1,prefill,72,0,38380666880,42061004800,0,80441671680
LLAMA-65B--KVChime-EPIC-long-16000,F1,prefill,73,0,38906429440,42061004800,0,80967434240
LLAMA-65B--KVChime-EPIC-long-16000,F1,prefill,74,0,39432192000,42061004800,0,81493196800
LLAMA-65B--KVChime-EPIC-long-16000,F1,prefill,75,0,39957954560,42061004800,0,82018959360
LLAMA-65B--KVChime-EPIC-long-16000,F1,prefill,76,0,40483717120,42061004800,0,82544721920
LLAMA-65B--KVChime-EPIC-long-16000,F1,prefill,77,0,41009479680,42061004800,0,83070484480
LLAMA-65B--KVChime-EPIC-long-16000,F1,prefill,78,0,41535242240,42061004800,0,83596247040
LLAMA-65B--KVChime-EPIC-long-16000,F1,prefill,79,0,42061004800,42061004800,0,84122009600
LLAMA-65B--KVChime-EPIC-long-16000,F1,decode,all,1,42063626240,42061004800,0,84124631040
LLAMA-65B--KVChime-EPIC-long-16000,F1,decode,all,2,42066247680,42061004800,0,84127252480
LLAMA-65B--KVChime-EPIC-long-16000,F1,decode,all,3,42068869120,42061004800,0,84129873920
LLAMA-65B--KVChime-EPIC-long-16000,F1,decode,all,4,42071490560,42061004800,0,84132495360
LLAMA-65B--KVChime-EPIC-long-16000,F1,decode,all,5,42074112000,42061004800,0,84135116800
LLAMA-65B--KVChime-EPIC-long-16000,F1,decode,all,6,42076733440,42061004800,0,84137738240
LLAMA-65B--KVChime-EPIC-long-16000,F1,decode,all,7,42079354880,42061004800,0,84140359680
LLAMA-65B--KVChime-EPIC-long-16000,F1,decode,all,8,42081976320,42061004800,0,84142981120
LLAMA-65B--KVChime-EPIC-long-16000,F1,decode,all,9,42084597760,42061004800,0,84145602560
LLAMA-65B--KVChime-EPIC-long-16000,F1,decode,all,10,42087219200,42061004800,0,84148224000
LLAMA-65B--KVChime-EPIC-long-16000,F1,decode,all,11,42089840640,42061004800,0,84150845440
LLAMA-65B--KVChime-EPIC-long-16000,F1,decode,all,12,42092462080,42061004800,0,84153466880
LLAMA-65B--KVChime-EPIC-long-16000,F1,decode,all,13,42095083520,42061004800,0,84156088320
LLAMA-65B--KVChime-EPIC-long-16000,F1,decode,all,14,42097704960,42061004800,0,84158709760
LLAMA-65B--KVChime-EPIC-long-16000,F1,decode,all,15,42100326400,42061004800,0,84161331200
LLAMA-65B--KVChime-EPIC-long-16000,F2,prefill,0,0,525762560,42061004800,525762560,43112529920
LLAMA-65B--KVChime-EPIC-long-16000,F2,prefill,1,0,525762560,42061004800,1051525120,43638292480
LLAMA-65B--KVChime-EPIC-long-16000,F2,prefill,2,0,525762560,42061004800,1577287680,44164055040
LLAMA-65B--KVChime-EPIC-long-16000,F2,prefill,3,0,525762560,42061004800,2103050240,44689817600
LLAMA-65B--KVChime-EPIC-long-16000,F2,prefill,4,0,525762560,42061004800,2628812800,45215580160
LLAMA-65B--KVChime-EPIC-long-16000,F2,prefill,5,0,525762560,42061004800,3154575360,45741342720
LLAMA-65B--KVChime-EPIC-long-16000,F2,prefill,6,0,525762560,42061004800,3680337920,46267105280
LLAMA-65B--KVChime-EPIC-long-16000,F2,prefill,7,0,525762560,42061004800,4206100480,46792867840
LLAMA-65B--KVChime-EPIC-long-16000,F2,prefill,8,0,525762560,42061004800,4731863040,47318630400
LLAMA-65B--KVChime-EPIC-long-16000,F2,prefill,9,0,525762560,42061004800,5257625600,47844392960
LLAMA-65B--KVChime-EPIC-long-16000,F2,prefill,10,0,525762560,42061004800,5783388160,48370155520
LLAMA-65B--KVChime-EPIC-long-16000,F2,prefill,11,0,525762560,42061004800,6309150720,48895918080
LLAMA-65B--KVChime-EPIC-long-16000,F2,prefill,12,0,525762560,42061004800,6834913280,49421680640
LLAMA-65B--KVChime-EPIC-long-16000,F2,prefill,13,0,525762560,42061004800,7360675840,49947443200
LLAMA-65B--KVChime-EPIC-long-16000,F2,prefill,14,0,525762560,42061004800,7886438400,50473205760
LLAMA-65B--KVChime-EPIC-long-16000,F2,prefill,15,0,525762560,42061004800,8412200960,50998968320
LLAMA-65B--KVChime-EPIC-long-16000,F2,prefill,16,0,525762560,42061004800,8937963520,51524730880
LLAMA-65B--KVChime-EPIC-long-16000,F2,prefill,17,0,525762560,42061004800,9463726080,52050493440
LLAMA-65B--KVChime-EPIC-long-16000,F2,prefill,18,0,525762560,42061004800,9989488640,52576256000
LLAMA-65B--KVChime-EPIC-long-16000,F2,prefill,19,0,525762560,42061004800,10515251200,53102018560
LLAMA-65B--KVChime-EPIC-long-16000,F2,prefill,20,0,525762560,42061004800,11041013760,53627781120
LLAMA-65B--KVChime-EPIC-long-16000,F2,prefill,21,0,525762560,42061004800,11566776320,54153543680
LLAMA-65B--KVChime-EPIC-long-16000,F2,prefill,22,0,525762560,42061004800,12092538880,54679306240
LLAMA-65B--KVChime-EPIC-long-16000,F2,prefill,23,0,525762560,42061004800,12618301440,55205068800
LLAMA-65B--KVChime-EPIC-long-16000,F2,prefill,24,0,525762560,42061004800,13144064000,55730831360
LLAMA-65B--KVChime-EPIC-long-16000,F2,prefill,25,0,525762560,42061004800,13669826560,56256593920
LLAMA-65B--KVChime-EPIC-long-16000,F2,prefill,26,0,525762560,42061004800,14195589120,56782356480
LLAMA-65B--KVChime-EPIC-long-16000,F2,prefill,27,0,525762560,42061004800,14721351680,57308119040
LLAMA-65B--KVChime-EPIC-long-16000,F2,prefill,28,0,525762560,42061004800,15247114240,57833881600
LLAMA-65B--KVChime-EPIC-long-16000,F2,prefill,29,0,525762560,42061004800,15772876800,58359644160
LLAMA-65B--KVChime-EPIC-long-16000,F2,prefill,30,0,525762560,42061004800,16298639360,58885406720
LLAMA-65B--KVChime-EPIC-long-16000,F2,prefill,31,0,525762560,42061004800,16824401920,59411169280
LLAMA-65B--KVChime-EPIC-long-16000,F2,prefill,32,0,525762560,42061004800,17350164480,59936931840
LLAMA-65B--KVChime-EPIC-long-16000,F2,prefill,33,0,525762560,42061004800,17875927040,60462694400
LLAMA-65B--KVChime-EPIC-long-16000,F2,prefill,34,0,525762560,42061004800,18401689600,60988456960
LLAMA-65B--KVChime-EPIC-long-16000,F2,prefill,35,0,525762560,42061004800,18927452160,61514219520
LLAMA-65B--KVChime-EPIC-long-16000,F2,prefill,36,0,525762560,42061004800,19453214720,62039982080
LLAMA-65B--KVChime-EPIC-long-16000,F2,prefill,37,0,525762560,42061004800,19978977280,62565744640
LLAMA-65B--KVChime-EPIC-long-16000,F2,prefill,38,0,525762560,42061004800,20504739840,63091507200
LLAMA-65B--KVChime-EPIC-long-16000,F2,prefill,39,0,525762560,42061004800,21030502400,63617269760
LLAMA-65B--KVChime-EPIC-long-16000,F2,prefill,40,0,525762560,42061004800,21556264960,64143032320
LLAMA-65B--KVChime-EPIC-long-16000,F2,prefill,41,0,525762560,42061004800,22082027520,64668794880
LLAMA-65B--KVChime-EPIC-long-16000,F2,prefill,42,0,525762560,42061004800,22607790080,65194557440
LLAMA-65B--KVChime-EPIC-long-16000,F2,prefill,43,0,525762560,42061004800,23133552640,65720320000
LLAMA-65B--KVChime-EPIC-long-16000,F2,prefill,44,0,525762560,42061004800,23659315200,66246082560
LLAMA-65B--KVChime-EPIC-long-16000,F2,prefill,45,0,525762560,42061004800,24185077760,66771845120
LLAMA-65B--KVChime-EPIC-long-16000,F2,prefill,46,0,525762560,42061004800,24710840320,67297607680
LLAMA-65B--KVChime-EPIC-long-16000,F2,prefill,47,0,525762560,42061004800,25236602880,67823370240
LLAMA-65B--KVChime-EPIC-long-16000,F2,prefill,48,0,525762560,42061004800,25762365440,68349132800
LLAMA-65B--KVChime-EPIC-long-16000,F2,prefill,49,0,525762560,42061004800,26288128000,68874895360
LLAMA-65B--KVChime-EPIC-long-16000,F2,prefill,50,0,525762560,42061004800,26813890560,69400657920
LLAMA-65B--KVChime-EPIC-long-16000,F2,prefill,51,0,525762560,42061004800,27339653120,69926420480
LLAMA-65B--KVChime-EPIC-long-16000,F2,prefill,52,0,525762560,42061004800,27865415680,70452183040
LLAMA-65B--KVChime-EPIC-long-16000,F2,prefill,53,0,525762560,42061004800,28391178240,70977945600
LLAMA-65B--KVChime-EPIC-long-16000,F2,prefill,54,0,525762560,42061004800,28916940800,71503708160
LLAMA-65B--KVChime-EPIC-long-16000,F2,prefill,55,0,525762560,42061004800,29442703360,72029470720
LLAMA-65B--KVChime-EPIC-long-16000,F2,prefill,56,0,525762560,42061004800,29968465920,72555233280
LLAMA-65B--KVChime-EPIC-long-16000,F2,prefill,57,0,525762560,42061004800,30494228480,73080995840
LLAMA-65B--KVChime-EPIC-long-16000,F2,prefill,58,0,525762560,42061004800,31019991040,73606758400
LLAMA-65B--KVChime-EPIC-long-16000,F2,prefill,59,0,525762560,42061004800,31545753600,74132520960
LLAMA-65B--KVChime-EPIC-long-16000,F2,prefill,60,0,525762560,42061004800,32071516160,74658283520
LLAMA-65B--KVChime-EPIC-long-16000,F2,prefill,61,0,525762560,42061004800,32597278720,75184046080
LLAMA-65B--KVChime-EPIC-long-16000,F2,prefill,62,0,525762560,42061004800,33123041280,75709808640
LLAMA-65B--KVChime-EPIC-long-16000,F2,prefill,63,0,525762560,42061004800,33648803840,76235571200
LLAMA-65B--KVChime-EPIC-long-16000,F2,prefill,64,0,525762560,42061004800,34174566400,76761333760
LLAMA-65B--KVChime-EPIC-long-16000,F2,prefill,65,0,525762560,42061004800,34700328960,77287096320
LLAMA-65B--KVChime-EPIC-long-16000,F2,prefill,66,0,525762560,42061004800,35226091520,77812858880
LLAMA-65B--KVChime-EPIC-long-16000,F2,prefill,67,0,525762560,42061004800,35751854080,78338621440
LLAMA-65B--KVChime-EPIC-long-16000,F2,prefill,68,0,525762560,42061004800,36277616640,78864384000
LLAMA-65B--KVChime-EPIC-long-16000,F2,prefill,69,0,525762560,42061004800,36803379200,79390146560
LLAMA-65B--KVChime-EPIC-long-16000,F2,prefill,70,0,525762560,42061004800,37329141760,79915909120
LLAMA-65B--KVChime-EPIC-long-16000,F2,prefill,71,0,525762560,42061004800,37854904320,80441671680
LLAMA-65B--KVChime-EPIC-long-16000,F2,prefill,72,0,525762560,42061004800,38380666880,80967434240
LLAMA-65B--KVChime-EPIC-long-16000,F2,prefill,73,0,525762560,42061004800,38906429440,81493196800
LLAMA-65B--KVChime-EPIC-long-16000,F2,prefill,74,0,525762560,42061004800,39432192000,82018959360
LLAMA-65B--KVChime-EPIC-long-16000,F2,prefill,75,0,525762560,42061004800,39957954560,82544721920
LLAMA-65B--KVChime-EPIC-long-16000,F2,prefill,76,0,525762560,42061004800,40483717120,83070484480
LLAMA-65B--KVChime-EPIC-long-16000,F2,prefill,77,0,525762560,42061004800,41009479680,83596247040
LLAMA-65B--KVChime-EPIC-long-16000,F2,prefill,78,0,525762560,42061004800,41535242240,84122009600
LLAMA-65B--KVChime-EPIC-long-16000,F2,prefill,79,0,525762560,42061004800,42061004800,84647772160
LLAMA-65B--KVChime-EPIC-long-16000,F2,decode,all,1,32768,42061004800,42063626240,84124663808
LLAMA-65B--KVChime-EPIC-long-16000,F2,decode,all,2,32768,42061004800,42066247680,84127285248
LLAMA-65B--KVChime-EPIC-long-16000,F2,decode,all,3,32768,42061004800,42068869120,84129906688
LLAMA-65B--KVChime-EPIC-long-16000,F2,decode,all,4,32768,42061004800,42071490560,84132528128
LLAMA-65B--KVChime-EPIC-long-16000,F2,decode,all,5,32768,42061004800,42074112000,84135149568
LLAMA-65B--KVChime-EPIC-long-16000,F2,decode,all,6,32768,42061004800,42076733440,84137771008
LLAMA-65B--KVChime-EPIC-long-16000,F2,decode,all,7,32768,42061004800,42079354880,84140392448
LLAMA-65B--KVChime-EPIC-long-16000,F2,decode,all,8,32768,42061004800,42081976320,84143013888
LLAMA-65B--KVChime-EPIC-long-16000,F2,decode,all,9,32768,42061004800,42084597760,84145635328
LLAMA-65B--KVChime-EPIC-long-16000,F2,decode,all,10,32768,42061004800,42087219200,84148256768
LLAMA-65B--KVChime-EPIC-long-16000,F2,decode,all,11,32768,42061004800,42089840640,84150878208
LLAMA-65B--KVChime-EPIC-long-16000,F2,decode,all,12,32768,42061004800,42092462080,84153499648
LLAMA-65B--KVChime-EPIC-long-16000,F2,decode,all,13,32768,42061004800,42095083520,84156121088
LLAMA-65B--KVChime-EPIC-long-16000,F2,decode,all,14,32768,42061004800,42097704960,84158742528
LLAMA-65B--KVChime-EPIC-long-16000,F2,decode,all,15,32768,42061004800,42100326400,84161363968
LLAMA-65B--KVChime-EPIC-long-16000,F3,prefill,0,0,525762560,42061004800,11337728,42598105088
LLAMA-65B--KVChime-EPIC-long-16000,F3,prefill,1,0,525762560,42061004800,22675456,42609442816
LLAMA-65B--KVChime-EPIC-long-16000,F3,prefill,2,0,525762560,42061004800,34013184,42620780544
LLAMA-65B--KVChime-EPIC-long-16000,F3,prefill,3,0,525762560,42061004800,45350912,42632118272
LLAMA-65B--KVChime-EPIC-long-16000,F3,prefill,4,0,525762560,42061004800,56688640,42643456000
LLAMA-65B--KVChime-EPIC-long-16000,F3,prefill,5,0,525762560,42061004800,68026368,42654793728
LLAMA-65B--KVChime-EPIC-long-16000,F3,prefill,6,0,525762560,42061004800,79364096,42666131456
LLAMA-65B--KVChime-EPIC-long-16000,F3,prefill,7,0,525762560,42061004800,90701824,42677469184
LLAMA-65B--KVChime-EPIC-long-16000,F3,prefill,8,0,525762560,42061004800,102039552,42688806912
LLAMA-65B--KVChime-EPIC-long-16000,F3,prefill,9,0,525762560,42061004800,113377280,42700144640
LLAMA-65B--KVChime-EPIC-long-16000,F3,prefill,10,0,525762560,42061004800,124715008,42711482368
LLAMA-65B--KVChime-EPIC-long-16000,F3,prefill,11,0,525762560,42061004800,136052736,42722820096
LLAMA-65B--KVChime-EPIC-long-16000,F3,prefill,12,0,525762560,42061004800,147390464,42734157824
LLAMA-65B--KVChime-EPIC-long-16000,F3,prefill,13,0,525762560,42061004800,158728192,42745495552
LLAMA-65B--KVChime-EPIC-long-16000,F3,prefill,14,0,525762560,42061004800,170065920,42756833280
LLAMA-65B--KVChime-EPIC-long-16000,F3,prefill,15,0,525762560,42061004800,181403648,42768171008
LLAMA-65B--KVChime-EPIC-long-16000,F3,prefill,16,0,525762560,42061004800,192741376,42779508736
LLAMA-65B--KVChime-EPIC-long-16000,F3,prefill,17,0,525762560,42061004800,204079104,42790846464
LLAMA-65B--KVChime-EPIC-long-16000,F3,prefill,18,0,525762560,42061004800,215416832,42802184192
LLAMA-65B--KVChime-EPIC-long-16000,F3,prefill,19,0,525762560,42061004800,226754560,42813521920
LLAMA-65B--KVChime-EPIC-long-16000,F3,prefill,20,0,525762560,42061004800,238092288,42824859648
LLAMA-65B--KVChime-EPIC-long-16000,F3,prefill,21,0,525762560,42061004800,249430016,42836197376
LLAMA-65B--KVChime-EPIC-long-16000,F3,prefill,22,0,525762560,42061004800,260767744,42847535104
LLAMA-65B--KVChime-EPIC-long-16000,F3,prefill,23,0,525762560,42061004800,272105472,42858872832
LLAMA-65B--KVChime-EPIC-long-16000,F3,prefill,24,0,525762560,42061004800,283443200,42870210560
LLAMA-65B--KVChime-EPIC-long-16000,F3,prefill,25,0,525762560,42061004800,294780928,42881548288
LLAMA-65B--KVChime-EPIC-long-16000,F3,prefill,26,0,525762560,42061004800,306118656,42892886016
LLAMA-65B--KVChime-EPIC-long-16000,F3,prefill,27,0,525762560,42061004800,317456384,42904223744
LLAMA-65B--KVChime-EPIC-long-16000,F3,prefill,28,0,525762560,42061004800,328794112,42915561472
LLAMA-65B--KVChime-EPIC-long-16000,F3,prefill,29,0,525762560,42061004800,340131840,42926899200
LLAMA-65B--KVChime-EPIC-long-16000,F3,prefill,30,0,525762560,42061004800,351469568,42938236928
LLAMA-65B--KVChime-EPIC-long-16000,F3,prefill,31,0,525762560,42061004800,362807296,42949574656
LLAMA-65B--KVChime-EPIC-long-16000,F3,prefill,32,0,525762560,42061004800,374145024,42960912384
LLAMA-65B--KVChime-EPIC-long-16000,F3,prefill,33,0,525762560,42061004800,385482752,42972250112
LLAMA-65B--KVChime-EPIC-long-16000,F3,prefill,34,0,525762560,42061004800,396820480,42983587840
LLAMA-65B--KVChime-EPIC-long-16000,F3,prefill,35,0,525762560,42061004800,408158208,42994925568
LLAMA-65B--KVChime-EPIC-long-16000,F3,prefill,36,0,525762560,42061004800,419495936,43006263296
LLAMA-65B--KVChime-EPIC-long-16000,F3,prefill,37,0,525762560,42061004800,430833664,43017601024
LLAMA-65B--KVChime-EPIC-long-16000,F3,prefill,38,0,525762560,42061004800,442171392,43028938752
LLAMA-65B--KVChime-EPIC-long-16000,F3,prefill,39,0,525762560,42061004800,453509120,43040276480
LLAMA-65B--KVChime-EPIC-long-16000,F3,prefill,40,0,525762560,42061004800,464846848,43051614208
LLAMA-65B--KVChime-EPIC-long-16000,F3,prefill,41,0,525762560,42061004800,476184576,43062951936
LLAMA-65B--KVChime-EPIC-long-16000,F3,prefill,42,0,525762560,42061004800,487522304,43074289664
LLAMA-65B--KVChime-EPIC-long-16000,F3,prefill,43,0,525762560,42061004800,498860032,43085627392
LLAMA-65B--KVChime-EPIC-long-16000,F3,prefill,44,0,525762560,42061004800,510197760,43096965120
LLAMA-65B--KVChime-EPIC-long-16000,F3,prefill,45,0,525762560,42061004800,521535488,43108302848
LLAMA-65B--KVChime-EPIC-long-16000,F3,prefill,46,0,525762560,42061004800,532873216,43119640576
LLAMA-65B--KVChime-EPIC-long-16000,F3,prefill,47,0,525762560,42061004800,544210944,43130978304
LLAMA-65B--KVChime-EPIC-long-16000,F3,prefill,48,0,525762560,42061004800,555548672,43142316032
LLAMA-65B--KVChime-EPIC-long-16000,F3,prefill,49,0,525762560,42061004800,566886400,43153653760
LLAMA-65B--KVChime-EPIC-long-16000,F3,prefill,50,0,525762560,42061004800,578224128,43164991488
LLAMA-65B--KVChime-EPIC-long-16000,F3,prefill,51,0,525762560,42061004800,589561856,43176329216
LLAMA-65B--KVChime-EPIC-long-16000,F3,prefill,52,0,525762560,42061004800,600899584,43187666944
LLAMA-65B--KVChime-EPIC-long-16000,F3,prefill,53,0,525762560,42061004800,612237312,43199004672
LLAMA-65B--KVChime-EPIC-long-16000,F3,prefill,54,0,525762560,42061004800,623575040,43210342400
LLAMA-65B--KVChime-EPIC-long-16000,F3,prefill,55,0,525762560,42061004800,634912768,43221680128
LLAMA-65B--KVChime-EPIC-long-16000,F3,prefill,56,0,525762560,42061004800,646250496,43233017856
LLAMA-65B--KVChime-EPIC-long-16000,F3,prefill,57,0,525762560,42061004800,657588224,43244355584
LLAMA-65B--KVChime-EPIC-long-16000,F3,prefill,58,0,525762560,42061004800,668925952,43255693312
LLAMA-65B--KVChime-EPIC-long-16000,F3,prefill,59,0,525762560,42061004800,680263680,43267031040
LLAMA-65B--KVChime-EPIC-long-16000,F3,prefill,60,0,525762560,42061004800,691601408,43278368768
LLAMA-65B--KVChime-EPIC-long-16000,F3,prefill,61,0,525762560,42061004800,702939136,43289706496
LLAMA-65B--KVChime-EPIC-long-16000,F3,prefill,62,0,525762560,42061004800,714276864,43301044224
LLAMA-65B--KVChime-EPIC-long-16000,F3,prefill,63,0,525762560,42061004800,725614592,43312381952
LLAMA-65B--KVChime-EPIC-long-16000,F3,prefill,64,0,525762560,42061004800,736952320,43323719680
LLAMA-65B--KVChime-EPIC-long-16000,F3,prefill,65,0,525762560,42061004800,748290048,43335057408
LLAMA-65B--KVChime-EPIC-long-16000,F3,prefill,66,0,525762560,42061004800,759627776,43346395136
LLAMA-65B--KVChime-EPIC-long-16000,F3,prefill,67,0,525762560,42061004800,770965504,43357732864
LLAMA-65B--KVChime-EPIC-long-16000,F3,prefill,68,0,525762560,42061004800,782303232,43369070592
LLAMA-65B--KVChime-EPIC-long-16000,F3,prefill,69,0,525762560,42061004800,793640960,43380408320
LLAMA-65B--KVChime-EPIC-long-16000,F3,prefill,70,0,525762560,42061004800,804978688,43391746048
LLAMA-65B--KVChime-EPIC-long-16000,F3,prefill,71,0,525762560,42061004800,816316416,43403083776
LLAMA-65B--KVChime-EPIC-long-16000,F3,prefill,72,0,525762560,42061004800,827654144,43414421504
LLAMA-65B--KVChime-EPIC-long-16000,F3,prefill,73,0,525762560,42061004800,838991872,43425759232
LLAMA-65B--KVChime-EPIC-long-16000,F3,prefill,74,0,525762560,42061004800,850329600,43437096960
LLAMA-65B--KVChime-EPIC-long-16000,F3,prefill,75,0,525762560,42061004800,861667328,43448434688
LLAMA-65B--KVChime-EPIC-long-16000,F3,prefill,76,0,525762560,42061004800,873005056,43459772416
LLAMA-65B--KVChime-EPIC-long-16000,F3,prefill,77,0,525762560,42061004800,884342784,43471110144
LLAMA-65B--KVChime-EPIC-long-16000,F3,prefill,78,0,525762560,42061004800,895680512,43482447872
LLAMA-65B--KVChime-EPIC-long-16000,F3,prefill,79,0,525762560,42061004800,907018240,43493785600
LLAMA-65B--KVChime-EPIC-long-16000,F3,decode,all,1,32768,42061004800,909639680,42970677248
LLAMA-65B--KVChime-EPIC-long-16000,F3,decode,all,2,32768,42061004800,912261120,42973298688
LLAMA-65B--KVChime-EPIC-long-16000,F3,decode,all,3,32768,42061004800,914882560,42975920128
LLAMA-65B--KVChime-EPIC-long-16000,F3,decode,all,4,32768,42061004800,917504000,42978541568
LLAMA-65B--KVChime-EPIC-long-16000,F3,decode,all,5,32768,42061004800,920125440,42981163008
LLAMA-65B--KVChime-EPIC-long-16000,F3,decode,all,6,32768,42061004800,922746880,42983784448
LLAMA-65B--KVChime-EPIC-long-16000,F3,decode,all,7,32768,42061004800,925368320,42986405888
LLAMA-65B--KVChime-EPIC-long-16000,F3,decode,all,8,32768,42061004800,927989760,42989027328
LLAMA-65B--KVChime-EPIC-long-16000,F3,decode,all,9,32768,42061004800,930611200,42991648768
LLAMA-65B--KVChime-EPIC-long-16000,F3,decode,all,10,32768,42061004800,933232640,42994270208
LLAMA-65B--KVChime-EPIC-long-16000,F3,decode,all,11,32768,42061004800,935854080,42996891648
LLAMA-65B--KVChime-EPIC-long-16000,F3,decode,all,12,32768,42061004800,938475520,42999513088
LLAMA-65B--KVChime-EPIC-long-16000,F3,decode,all,13,32768,42061004800,941096960,43002134528
LLAMA-65B--KVChime-EPIC-long-16000,F3,decode,all,14,32768,42061004800,943718400,43004755968
LLAMA-65B--KVChime-EPIC-long-16000,F3,decode,all,15,32768,42061004800,946339840,43007377408
LLAMA-65B--KVChime-EPIC-long-16000,F4,prefill,0,0,11337728,42061004800,11337728,42083680256
LLAMA-65B--KVChime-EPIC-long-16000,F4,prefill,1,0,11337728,42061004800,22675456,42095017984
LLAMA-65B--KVChime-EPIC-long-16000,F4,prefill,2,0,11337728,42061004800,34013184,42106355712
LLAMA-65B--KVChime-EPIC-long-16000,F4,prefill,3,0,11337728,42061004800,45350912,42117693440
LLAMA-65B--KVChime-EPIC-long-16000,F4,prefill,4,0,11337728,42061004800,56688640,42129031168
LLAMA-65B--KVChime-EPIC-long-16000,F4,prefill,5,0,11337728,42061004800,68026368,42140368896
LLAMA-65B--KVChime-EPIC-long-16000,F4,prefill,6,0,11337728,42061004800,79364096,42151706624
LLAMA-65B--KVChime-EPIC-long-16000,F4,prefill,7,0,11337728,42061004800,90701824,42163044352
LLAMA-65B--KVChime-EPIC-long-16000,F4,prefill,8,0,11337728,42061004800,102039552,42174382080
LLAMA-65B--KVChime-EPIC-long-16000,F4,prefill,9,0,11337728,42061004800,113377280,42185719808
LLAMA-65B--KVChime-EPIC-long-16000,F4,prefill,10,0,11337728,42061004800,124715008,42197057536
LLAMA-65B--KVChime-EPIC-long-16000,F4,prefill,11,0,11337728,42061004800,136052736,42208395264
LLAMA-65B--KVChime-EPIC-long-16000,F4,prefill,12,0,11337728,42061004800,147390464,42219732992
LLAMA-65B--KVChime-EPIC-long-16000,F4,prefill,13,0,11337728,42061004800,158728192,42231070720
LLAMA-65B--KVChime-EPIC-long-16000,F4,prefill,14,0,11337728,42061004800,170065920,42242408448
LLAMA-65B--KVChime-EPIC-long-16000,F4,prefill,15,0,11337728,42061004800,181403648,42253746176
LLAMA-65B--KVChime-EPIC-long-16000,F4,prefill,16,0,11337728,42061004800,192741376,42265083904
LLAMA-65B--KVChime-EPIC-long-16000,F4,prefill,17,0,11337728,42061004800,204079104,42276421632
LLAMA-65B--KVChime-EPIC-long-16000,F4,prefill,18,0,11337728,42061004800,215416832,42287759360
LLAMA-65B--KVChime-EPIC-long-16000,F4,prefill,19,0,11337728,42061004800,226754560,42299097088
LLAMA-65B--KVChime-EPIC-long-16000,F4,prefill,20,0,11337728,42061004800,238092288,42310434816
LLAMA-65B--KVChime-EPIC-long-16000,F4,prefill,21,0,11337728,42061004800,249430016,42321772544
LLAMA-65B--KVChime-EPIC-long-16000,F4,prefill,22,0,11337728,42061004800,260767744,42333110272
LLAMA-65B--KVChime-EPIC-long-16000,F4,prefill,23,0,11337728,42061004800,272105472,42344448000
LLAMA-65B--KVChime-EPIC-long-16000,F4,prefill,24,0,11337728,42061004800,283443200,42355785728
LLAMA-65B--KVChime-EPIC-long-16000,F4,prefill,25,0,11337728,42061004800,294780928,42367123456
LLAMA-65B--KVChime-EPIC-long-16000,F4,prefill,26,0,11337728,42061004800,306118656,42378461184
LLAMA-65B--KVChime-EPIC-long-16000,F4,prefill,27,0,11337728,42061004800,317456384,42389798912
LLAMA-65B--KVChime-EPIC-long-16000,F4,prefill,28,0,11337728,42061004800,328794112,42401136640
LLAMA-65B--KVChime-EPIC-long-16000,F4,prefill,29,0,11337728,42061004800,340131840,42412474368
LLAMA-65B--KVChime-EPIC-long-16000,F4,prefill,30,0,11337728,42061004800,351469568,42423812096
LLAMA-65B--KVChime-EPIC-long-16000,F4,prefill,31,0,11337728,42061004800,362807296,42435149824
LLAMA-65B--KVChime-EPIC-long-16000,F4,prefill,32,0,11337728,42061004800,374145024,42446487552
LLAMA-65B--KVChime-EPIC-long-16000,F4,prefill,33,0,11337728,42061004800,385482752,42457825280
LLAMA-65B--KVChime-EPIC-long-16000,F4,prefill,34,0,11337728,42061004800,396820480,42469163008
LLAMA-65B--KVChime-EPIC-long-16000,F4,prefill,35,0,11337728,42061004800,408158208,42480500736
LLAMA-65B--KVChime-EPIC-long-16000,F4,prefill,36,0,11337728,42061004800,419495936,42491838464
LLAMA-65B--KVChime-EPIC-long-16000,F4,prefill,37,0,11337728,42061004800,430833664,42503176192
LLAMA-65B--KVChime-EPIC-long-16000,F4,prefill,38,0,11337728,42061004800,442171392,42514513920
LLAMA-65B--KVChime-EPIC-long-16000,F4,prefill,39,0,11337728,42061004800,453509120,42525851648
LLAMA-65B--KVChime-EPIC-long-16000,F4,prefill,40,0,11337728,42061004800,464846848,42537189376
LLAMA-65B--KVChime-EPIC-long-16000,F4,prefill,41,0,11337728,42061004800,476184576,42548527104
LLAMA-65B--KVChime-EPIC-long-16000,F4,prefill,42,0,11337728,42061004800,487522304,42559864832
LLAMA-65B--KVChime-EPIC-long-16000,F4,prefill,43,0,11337728,42061004800,498860032,42571202560
LLAMA-65B--KVChime-EPIC-long-16000,F4,prefill,44,0,11337728,42061004800,510197760,42582540288
LLAMA-65B--KVChime-EPIC-long-16000,F4,prefill,45,0,11337728,42061004800,521535488,42593878016
LLAMA-65B--KVChime-EPIC-long-16000,F4,prefill,46,0,11337728,42061004800,532873216,42605215744
LLAMA-65B--KVChime-EPIC-long-16000,F4,prefill,47,0,11337728,42061004800,544210944,42616553472
LLAMA-65B--KVChime-EPIC-long-16000,F4,prefill,48,0,11337728,42061004800,555548672,42627891200
LLAMA-65B--KVChime-EPIC-long-16000,F4,prefill,49,0,11337728,42061004800,566886400,42639228928
LLAMA-65B--KVChime-EPIC-long-16000,F4,prefill,50,0,11337728,42061004800,578224128,42650566656
LLAMA-65B--KVChime-EPIC-long-16000,F4,prefill,51,0,11337728,42061004800,589561856,42661904384
LLAMA-65B--KVChime-EPIC-long-16000,F4,prefill,52,0,11337728,42061004800,600899584,42673242112
LLAMA-65B--KVChime-EPIC-long-16000,F4,prefill,53,0,11337728,42061004800,612237312,42684579840
LLAMA-65B--KVChime-EPIC-long-16000,F4,prefill,54,0,11337728,42061004800,623575040,42695917568
LLAMA-65B--KVChime-EPIC-long-16000,F4,prefill,55,0,11337728,42061004800,634912768,42707255296
LLAMA-65B--KVChime-EPIC-long-16000,F4,prefill,56,0,11337728,42061004800,646250496,42718593024
LLAMA-65B--KVChime-EPIC-long-16000,F4,prefill,57,0,11337728,42061004800,657588224,42729930752
LLAMA-65B--KVChime-EPIC-long-16000,F4,prefill,58,0,11337728,42061004800,668925952,42741268480
LLAMA-65B--KVChime-EPIC-long-16000,F4,prefill,59,0,11337728,42061004800,680263680,42752606208
LLAMA-65B--KVChime-EPIC-long-16000,F4,prefill,60,0,11337728,42061004800,691601408,42763943936
LLAMA-65B--KVChime-EPIC-long-16000,F4,prefill,61,0,11337728,42061004800,702939136,42775281664
LLAMA-65B--KVChime-EPIC-long-16000,F4,prefill,62,0,11337728,42061004800,714276864,42786619392
LLAMA-65B--KVChime-EPIC-long-16000,F4,prefill,63,0,11337728,42061004800,725614592,42797957120
LLAMA-65B--KVChime-EPIC-long-16000,F4,prefill,64,0,11337728,42061004800,736952320,42809294848
LLAMA-65B--KVChime-EPIC-long-16000,F4,prefill,65,0,11337728,42061004800,748290048,42820632576
LLAMA-65B--KVChime-EPIC-long-16000,F4,prefill,66,0,11337728,42061004800,759627776,42831970304
LLAMA-65B--KVChime-EPIC-long-16000,F4,prefill,67,0,11337728,42061004800,770965504,42843308032
LLAMA-65B--KVChime-EPIC-long-16000,F4,prefill,68,0,11337728,42061004800,782303232,42854645760
LLAMA-65B--KVChime-EPIC-long-16000,F4,prefill,69,0,11337728,42061004800,793640960,42865983488
LLAMA-65B--KVChime-EPIC-long-16000,F4,prefill,70,0,11337728,42061004800,804978688,42877321216
LLAMA-65B--KVChime-EPIC-long-16000,F4,prefill,71,0,11337728,42061004800,816316416,42888658944
LLAMA-65B--KVChime-EPIC-long-16000,F4,prefill,72,0,11337728,42061004800,827654144,42899996672
LLAMA-65B--KVChime-EPIC-long-16000,F4,prefill,73,0,11337728,42061004800,838991872,42911334400
LLAMA-65B--KVChime-EPIC-long-16000,F4,prefill,74,0,11337728,42061004800,850329600,42922672128
LLAMA-65B--KVChime-EPIC-long-16000,F4,prefill,75,0,11337728,42061004800,861667328,42934009856
LLAMA-65B--KVChime-EPIC-long-16000,F4,prefill,76,0,11337728,42061004800,873005056,42945347584
LLAMA-65B--KVChime-EPIC-long-16000,F4,prefill,77,0,11337728,42061004800,884342784,42956685312
LLAMA-65B--KVChime-EPIC-long-16000,F4,prefill,78,0,11337728,42061004800,895680512,42968023040
LLAMA-65B--KVChime-EPIC-long-16000,F4,prefill,79,0,11337728,42061004800,907018240,42979360768
LLAMA-65B--KVChime-EPIC-long-16000,F4,decode,all,1,32768,42061004800,909639680,42970677248
LLAMA-65B--KVChime-EPIC-long-16000,F4,decode,all,2,32768,42061004800,912261120,42973298688
LLAMA-65B--KVChime-EPIC-long-16000,F4,decode,all,3,32768,42061004800,914882560,42975920128
LLAMA-65B--KVChime-EPIC-long-16000,F4,decode,all,4,32768,42061004800,917504000,42978541568
LLAMA-65B--KVChime-EPIC-long-16000,F4,decode,all,5,32768,42061004800,920125440,42981163008
LLAMA-65B--KVChime-EPIC-long-16000,F4,decode,all,6,32768,42061004800,922746880,42983784448
LLAMA-65B--KVChime-EPIC-long-16000,F4,decode,all,7,32768,42061004800,925368320,42986405888
LLAMA-65B--KVChime-EPIC-long-16000,F4,decode,all,8,32768,42061004800,927989760,42989027328
LLAMA-65B--KVChime-EPIC-long-16000,F4,decode,all,9,32768,42061004800,930611200,42991648768
LLAMA-65B--KVChime-EPIC-long-16000,F4,decode,all,10,32768,42061004800,933232640,42994270208
LLAMA-65B--KVChime-EPIC-long-16000,F4,decode,all,11,32768,42061004800,935854080,42996891648
LLAMA-65B--KVChime-EPIC-long-16000,F4,decode,all,12,32768,42061004800,938475520,42999513088
LLAMA-65B--KVChime-EPIC-long-16000,F4,decode,all,13,32768,42061004800,941096960,43002134528
LLAMA-65B--KVChime-EPIC-long-16000,F4,decode,all,14,32768,42061004800,943718400,43004755968
LLAMA-65B--KVChime-EPIC-long-16000,F4,decode,all,15,32768,42061004800,946339840,43007377408
LLAMA-65B--KVChime-EPIC-shared-readers-B1,F0,prefill,0,0,263290880,0,0,263290880
LLAMA-65B--KVChime-EPIC-shared-readers-B1,F0,prefill,1,0,526581760,0,0,526581760
LLAMA-65B--KVChime-EPIC-shared-readers-B1,F0,prefill,2,0,789872640,0,0,789872640
LLAMA-65B--KVChime-EPIC-shared-readers-B1,F0,prefill,3,0,1053163520,0,0,1053163520
LLAMA-65B--KVChime-EPIC-shared-readers-B1,F0,prefill,4,0,1316454400,0,0,1316454400
LLAMA-65B--KVChime-EPIC-shared-readers-B1,F0,prefill,5,0,1579745280,0,0,1579745280
LLAMA-65B--KVChime-EPIC-shared-readers-B1,F0,prefill,6,0,1843036160,0,0,1843036160
LLAMA-65B--KVChime-EPIC-shared-readers-B1,F0,prefill,7,0,2106327040,0,0,2106327040
LLAMA-65B--KVChime-EPIC-shared-readers-B1,F0,prefill,8,0,2369617920,0,0,2369617920
LLAMA-65B--KVChime-EPIC-shared-readers-B1,F0,prefill,9,0,2632908800,0,0,2632908800
LLAMA-65B--KVChime-EPIC-shared-readers-B1,F0,prefill,10,0,2896199680,0,0,2896199680
LLAMA-65B--KVChime-EPIC-shared-readers-B1,F0,prefill,11,0,3159490560,0,0,3159490560
LLAMA-65B--KVChime-EPIC-shared-readers-B1,F0,prefill,12,0,3422781440,0,0,3422781440
LLAMA-65B--KVChime-EPIC-shared-readers-B1,F0,prefill,13,0,3686072320,0,0,3686072320
LLAMA-65B--KVChime-EPIC-shared-readers-B1,F0,prefill,14,0,3949363200,0,0,3949363200
LLAMA-65B--KVChime-EPIC-shared-readers-B1,F0,prefill,15,0,4212654080,0,0,4212654080
LLAMA-65B--KVChime-EPIC-shared-readers-B1,F0,prefill,16,0,4475944960,0,0,4475944960
LLAMA-65B--KVChime-EPIC-shared-readers-B1,F0,prefill,17,0,4739235840,0,0,4739235840
LLAMA-65B--KVChime-EPIC-shared-readers-B1,F0,prefill,18,0,5002526720,0,0,5002526720
LLAMA-65B--KVChime-EPIC-shared-readers-B1,F0,prefill,19,0,5265817600,0,0,5265817600
LLAMA-65B--KVChime-EPIC-shared-readers-B1,F0,prefill,20,0,5529108480,0,0,5529108480
LLAMA-65B--KVChime-EPIC-shared-readers-B1,F0,prefill,21,0,5792399360,0,0,5792399360
LLAMA-65B--KVChime-EPIC-shared-readers-B1,F0,prefill,22,0,6055690240,0,0,6055690240
LLAMA-65B--KVChime-EPIC-shared-readers-B1,F0,prefill,23,0,6318981120,0,0,6318981120
LLAMA-65B--KVChime-EPIC-shared-readers-B1,F0,prefill,24,0,6582272000,0,0,6582272000
LLAMA-65B--KVChime-EPIC-shared-readers-B1,F0,prefill,25,0,6845562880,0,0,6845562880
LLAMA-65B--KVChime-EPIC-shared-readers-B1,F0,prefill,26,0,7108853760,0,0,7108853760
LLAMA-65B--KVChime-EPIC-shared-readers-B1,F0,prefill,27,0,7372144640,0,0,7372144640
LLAMA-65B--KVChime-EPIC-shared-readers-B1,F0,prefill,28,0,7635435520,0,0,7635435520
LLAMA-65B--KVChime-EPIC-shared-readers-B1,F0,prefill,29,0,7898726400,0,0,7898726400
LLAMA-65B--KVChime-EPIC-shared-readers-B1,F0,prefill,30,0,8162017280,0,0,8162017280
LLAMA-65B--KVChime-EPIC-shared-readers-B1,F0,prefill,31,0,8425308160,0,0,8425308160
LLAMA-65B--KVChime-EPIC-shared-readers-B1,F0,prefill,32,0,8688599040,0,0,8688599040
LLAMA-65B--KVChime-EPIC-shared-readers-B1,F0,prefill,33,0,8951889920,0,0,8951889920
LLAMA-65B--KVChime-EPIC-shared-readers-B1,F0,prefill,34,0,9215180800,0,0,9215180800
LLAMA-65B--KVChime-EPIC-shared-readers-B1,F0,prefill,35,0,9478471680,0,0,9478471680
LLAMA-65B--KVChime-EPIC-shared-readers-B1,F0,prefill,36,0,9741762560,0,0,9741762560
LLAMA-65B--KVChime-EPIC-shared-readers-B1,F0,prefill,37,0,10005053440,0,0,10005053440
LLAMA-65B--KVChime-EPIC-shared-readers-B1,F0,prefill,38,0,10268344320,0,0,10268344320
LLAMA-65B--KVChime-EPIC-shared-readers-B1,F0,prefill,39,0,10531635200,0,0,10531635200
LLAMA-65B--KVChime-EPIC-shared-readers-B1,F0,prefill,40,0,10794926080,0,0,10794926080
LLAMA-65B--KVChime-EPIC-shared-readers-B1,F0,prefill,41,0,11058216960,0,0,11058216960
LLAMA-65B--KVChime-EPIC-shared-readers-B1,F0,prefill,42,0,11321507840,0,0,11321507840
LLAMA-65B--KVChime-EPIC-shared-readers-B1,F0,prefill,43,0,11584798720,0,0,11584798720
LLAMA-65B--KVChime-EPIC-shared-readers-B1,F0,prefill,44,0,11848089600,0,0,11848089600
LLAMA-65B--KVChime-EPIC-shared-readers-B1,F0,prefill,45,0,12111380480,0,0,12111380480
LLAMA-65B--KVChime-EPIC-shared-readers-B1,F0,prefill,46,0,12374671360,0,0,12374671360
LLAMA-65B--KVChime-EPIC-shared-readers-B1,F0,prefill,47,0,12637962240,0,0,12637962240
LLAMA-65B--KVChime-EPIC-shared-readers-B1,F0,prefill,48,0,12901253120,0,0,12901253120
LLAMA-65B--KVChime-EPIC-shared-readers-B1,F0,prefill,49,0,13164544000,0,0,13164544000
LLAMA-65B--KVChime-EPIC-shared-readers-B1,F0,prefill,50,0,13427834880,0,0,13427834880
LLAMA-65B--KVChime-EPIC-shared-readers-B1,F0,prefill,51,0,13691125760,0,0,13691125760
LLAMA-65B--KVChime-EPIC-shared-readers-B1,F0,prefill,52,0,13954416640,0,0,13954416640
LLAMA-65B--KVChime-EPIC-shared-readers-B1,F0,prefill,53,0,14217707520,0,0,14217707520
LLAMA-65B--KVChime-EPIC-shared-readers-B1,F0,prefill,54,0,14480998400,0,0,14480998400
LLAMA-65B--KVChime-EPIC-shared-readers-B1,F0,prefill,55,0,14744289280,0,0,14744289280
LLAMA-65B--KVChime-EPIC-shared-readers-B1,F0,prefill,56,0,15007580160,0,0,15007580160
LLAMA-65B--KVChime-EPIC-shared-readers-B1,F0,prefill,57,0,15270871040,0,0,15270871040
LLAMA-65B--KVChime-EPIC-shared-readers-B1,F0,prefill,58,0,15534161920,0,0,15534161920
LLAMA-65B--KVChime-EPIC-shared-readers-B1,F0,prefill,59,0,15797452800,0,0,15797452800
LLAMA-65B--KVChime-EPIC-shared-readers-B1,F0,prefill,60,0,16060743680,0,0,16060743680
LLAMA-65B--KVChime-EPIC-shared-readers-B1,F0,prefill,61,0,16324034560,0,0,16324034560
LLAMA-65B--KVChime-EPIC-shared-readers-B1,F0,prefill,62,0,16587325440,0,0,16587325440
LLAMA-65B--KVChime-EPIC-shared-readers-B1,F0,prefill,63,0,16850616320,0,0,16850616320
LLAMA-65B--KVChime-EPIC-shared-readers-B1,F0,prefill,64,0,17113907200,0,0,17113907200
LLAMA-65B--KVChime-EPIC-shared-readers-B1,F0,prefill,65,0,17377198080,0,0,17377198080
LLAMA-65B--KVChime-EPIC-shared-readers-B1,F0,prefill,66,0,17640488960,0,0,17640488960
LLAMA-65B--KVChime-EPIC-shared-readers-B1,F0,prefill,67,0,17903779840,0,0,17903779840
LLAMA-65B--KVChime-EPIC-shared-readers-B1,F0,prefill,68,0,18167070720,0,0,18167070720
LLAMA-65B--KVChime-EPIC-shared-readers-B1,F0,prefill,69,0,18430361600,0,0,18430361600
LLAMA-65B--KVChime-EPIC-shared-readers-B1,F0,prefill,70,0,18693652480,0,0,18693652480
LLAMA-65B--KVChime-EPIC-shared-readers-B1,F0,prefill,71,0,18956943360,0,0,18956943360
LLAMA-65B--KVChime-EPIC-shared-readers-B1,F0,prefill,72,0,19220234240,0,0,19220234240
LLAMA-65B--KVChime-EPIC-shared-readers-B1,F0,prefill,73,0,19483525120,0,0,19483525120
LLAMA-65B--KVChime-EPIC-shared-readers-B1,F0,prefill,74,0,19746816000,0,0,19746816000
LLAMA-65B--KVChime-EPIC-shared-readers-B1,F0,prefill,75,0,20010106880,0,0,20010106880
LLAMA-65B--KVChime-EPIC-shared-readers-B1,F0,prefill,76,0,20273397760,0,0,20273397760
LLAMA-65B--KVChime-EPIC-shared-readers-B1,F0,prefill,77,0,20536688640,0,0,20536688640
LLAMA-65B--KVChime-EPIC-shared-readers-B1,F0,prefill,78,0,20799979520,0,0,20799979520
LLAMA-65B--KVChime-EPIC-shared-readers-B1,F0,prefill,79,0,21063270400,0,0,21063270400
LLAMA-65B--KVChime-EPIC-shared-readers-B1,F0,decode,all,1,21065891840,0,0,21065891840
LLAMA-65B--KVChime-EPIC-shared-readers-B1,F0,decode,all,2,21068513280,0,0,21068513280
LLAMA-65B--KVChime-EPIC-shared-readers-B1,F0,decode,all,3,21071134720,0,0,21071134720
LLAMA-65B--KVChime-EPIC-shared-readers-B1,F0,decode,all,4,21073756160,0,0,21073756160
LLAMA-65B--KVChime-EPIC-shared-readers-B1,F0,decode,all,5,21076377600,0,0,21076377600
LLAMA-65B--KVChime-EPIC-shared-readers-B1,F0,decode,all,6,21078999040,0,0,21078999040
LLAMA-65B--KVChime-EPIC-shared-readers-B1,F0,decode,all,7,21081620480,0,0,21081620480
LLAMA-65B--KVChime-EPIC-shared-readers-B1,F0,decode,all,8,21084241920,0,0,21084241920
LLAMA-65B--KVChime-EPIC-shared-readers-B1,F0,decode,all,9,21086863360,0,0,21086863360
LLAMA-65B--KVChime-EPIC-shared-readers-B1,F0,decode,all,10,21089484800,0,0,21089484800
LLAMA-65B--KVChime-EPIC-shared-readers-B1,F0,decode,all,11,21092106240,0,0,21092106240
LLAMA-65B--KVChime-EPIC-shared-readers-B1,F0,decode,all,12,21094727680,0,0,21094727680
LLAMA-65B--KVChime-EPIC-shared-readers-B1,F0,decode,all,13,21097349120,0,0,21097349120
LLAMA-65B--KVChime-EPIC-shared-readers-B1,F0,decode,all,14,21099970560,0,0,21099970560
LLAMA-65B--KVChime-EPIC-shared-readers-B1,F0,decode,all,15,21102592000,0,0,21102592000
LLAMA-65B--KVChime-EPIC-shared-readers-B1,F1,prefill,0,0,263290880,21063270400,0,21326561280
LLAMA-65B--KVChime-EPIC-shared-readers-B1,F1,prefill,1,0,526581760,21063270400,0,21589852160
LLAMA-65B--KVChime-EPIC-shared-readers-B1,F1,prefill,2,0,789872640,21063270400,0,21853143040
LLAMA-65B--KVChime-EPIC-shared-readers-B1,F1,prefill,3,0,1053163520,21063270400,0,22116433920
LLAMA-65B--KVChime-EPIC-shared-readers-B1,F1,prefill,4,0,1316454400,21063270400,0,22379724800
LLAMA-65B--KVChime-EPIC-shared-readers-B1,F1,prefill,5,0,1579745280,21063270400,0,22643015680
LLAMA-65B--KVChime-EPIC-shared-readers-B1,F1,prefill,6,0,1843036160,21063270400,0,22906306560
LLAMA-65B--KVChime-EPIC-shared-readers-B1,F1,prefill,7,0,2106327040,21063270400,0,23169597440
LLAMA-65B--KVChime-EPIC-shared-readers-B1,F1,prefill,8,0,2369617920,21063270400,0,23432888320
LLAMA-65B--KVChime-EPIC-shared-readers-B1,F1,prefill,9,0,2632908800,21063270400,0,23696179200
LLAMA-65B--KVChime-EPIC-shared-readers-B1,F1,prefill,10,0,2896199680,21063270400,0,23959470080
LLAMA-65B--KVChime-EPIC-shared-readers-B1,F1,prefill,11,0,3159490560,21063270400,0,24222760960
LLAMA-65B--KVChime-EPIC-shared-readers-B1,F1,prefill,12,0,3422781440,21063270400,0,24486051840
LLAMA-65B--KVChime-EPIC-shared-readers-B1,F1,prefill,13,0,3686072320,21063270400,0,24749342720
LLAMA-65B--KVChime-EPIC-shared-readers-B1,F1,prefill,14,0,3949363200,21063270400,0,25012633600
LLAMA-65B--KVChime-EPIC-shared-readers-B1,F1,prefill,15,0,4212654080,21063270400,0,25275924480
LLAMA-65B--KVChime-EPIC-shared-readers-B1,F1,prefill,16,0,4475944960,21063270400,0,25539215360
LLAMA-65B--KVChime-EPIC-shared-readers-B1,F1,prefill,17,0,4739235840,21063270400,0,25802506240
LLAMA-65B--KVChime-EPIC-shared-readers-B1,F1,prefill,18,0,5002526720,21063270400,0,26065797120
LLAMA-65B--KVChime-EPIC-shared-readers-B1,F1,prefill,19,0,5265817600,21063270400,0,26329088000
LLAMA-65B--KVChime-EPIC-shared-readers-B1,F1,prefill,20,0,5529108480,21063270400,0,26592378880
LLAMA-65B--KVChime-EPIC-shared-readers-B1,F1,prefill,21,0,5792399360,21063270400,0,26855669760
LLAMA-65B--KVChime-EPIC-shared-readers-B1,F1,prefill,22,0,6055690240,21063270400,0,27118960640
LLAMA-65B--KVChime-EPIC-shared-readers-B1,F1,prefill,23,0,6318981120,21063270400,0,27382251520
LLAMA-65B--KVChime-EPIC-shared-readers-B1,F1,prefill,24,0,6582272000,21063270400,0,27645542400
LLAMA-65B--KVChime-EPIC-shared-readers-B1,F1,prefill,25,0,6845562880,21063270400,0,27908833280
LLAMA-65B--KVChime-EPIC-shared-readers-B1,F1,prefill,26,0,7108853760,21063270400,0,28172124160
LLAMA-65B--KVChime-EPIC-shared-readers-B1,F1,prefill,27,0,7372144640,21063270400,0,28435415040
LLAMA-65B--KVChime-EPIC-shared-readers-B1,F1,prefill,28,0,7635435520,21063270400,0,28698705920
LLAMA-65B--KVChime-EPIC-shared-readers-B1,F1,prefill,29,0,7898726400,21063270400,0,28961996800
LLAMA-65B--KVChime-EPIC-shared-readers-B1,F1,prefill,30,0,8162017280,21063270400,0,29225287680
LLAMA-65B--KVChime-EPIC-shared-readers-B1,F1,prefill,31,0,8425308160,21063270400,0,29488578560
LLAMA-65B--KVChime-EPIC-shared-readers-B1,F1,prefill,32,0,8688599040,21063270400,0,29751869440
LLAMA-65B--KVChime-EPIC-shared-readers-B1,F1,prefill,33,0,8951889920,21063270400,0,30015160320
LLAMA-65B--KVChime-EPIC-shared-readers-B1,F1,prefill,34,0,9215180800,21063270400,0,30278451200
LLAMA-65B--KVChime-EPIC-shared-readers-B1,F1,prefill,35,0,9478471680,21063270400,0,30541742080
LLAMA-65B--KVChime-EPIC-shared-readers-B1,F1,prefill,36,0,9741762560,21063270400,0,30805032960
LLAMA-65B--KVChime-EPIC-shared-readers-B1,F1,prefill,37,0,10005053440,21063270400,0,31068323840
LLAMA-65B--KVChime-EPIC-shared-readers-B1,F1,prefill,38,0,10268344320,21063270400,0,31331614720
LLAMA-65B--KVChime-EPIC-shared-readers-B1,F1,prefill,39,0,10531635200,21063270400,0,31594905600
LLAMA-65B--KVChime-EPIC-shared-readers-B1,F1,prefill,40,0,10794926080,21063270400,0,31858196480
LLAMA-65B--KVChime-EPIC-shared-readers-B1,F1,prefill,41,0,11058216960,21063270400,0,32121487360
LLAMA-65B--KVChime-EPIC-shared-readers-B1,F1,prefill,42,0,11321507840,21063270400,0,32384778240
LLAMA-65B--KVChime-EPIC-shared-readers-B1,F1,prefill,43,0,11584798720,21063270400,0,32648069120
LLAMA-65B--KVChime-EPIC-shared-readers-B1,F1,prefill,44,0,11848089600,21063270400,0,32911360000
LLAMA-65B--KVChime-EPIC-shared-readers-B1,F1,prefill,45,0,12111380480,21063270400,0,33174650880
LLAMA-65B--KVChime-EPIC-shared-readers-B1,F1,prefill,46,0,12374671360,21063270400,0,33437941760
LLAMA-65B--KVChime-EPIC-shared-readers-B1,F1,prefill,47,0,12637962240,21063270400,0,33701232640
LLAMA-65B--KVChime-EPIC-shared-readers-B1,F1,prefill,48,0,12901253120,21063270400,0,33964523520
LLAMA-65B--KVChime-EPIC-shared-readers-B1,F1,prefill,49,0,13164544000,21063270400,0,34227814400
LLAMA-65B--KVChime-EPIC-shared-readers-B1,F1,prefill,50,0,13427834880,21063270400,0,34491105280
LLAMA-65B--KVChime-EPIC-shared-readers-B1,F1,prefill,51,0,13691125760,21063270400,0,34754396160
LLAMA-65B--KVChime-EPIC-shared-readers-B1,F1,prefill,52,0,13954416640,21063270400,0,35017687040
LLAMA-65B--KVChime-EPIC-shared-readers-B1,F1,prefill,53,0,14217707520,21063270400,0,35280977920
LLAMA-65B--KVChime-EPIC-shared-readers-B1,F1,prefill,54,0,14480998400,21063270400,0,35544268800
LLAMA-65B--KVChime-EPIC-shared-readers-B1,F1,prefill,55,0,14744289280,21063270400,0,35807559680
LLAMA-65B--KVChime-EPIC-shared-readers-B1,F1,prefill,56,0,15007580160,21063270400,0,36070850560
LLAMA-65B--KVChime-EPIC-shared-readers-B1,F1,prefill,57,0,15270871040,21063270400,0,36334141440
LLAMA-65B--KVChime-EPIC-shared-readers-B1,F1,prefill,58,0,15534161920,21063270400,0,36597432320
LLAMA-65B--KVChime-EPIC-shared-readers-B1,F1,prefill,59,0,15797452800,21063270400,0,36860723200
LLAMA-65B--KVChime-EPIC-shared-readers-B1,F1,prefill,60,0,16060743680,21063270400,0,37124014080
LLAMA-65B--KVChime-EPIC-shared-readers-B1,F1,prefill,61,0,16324034560,21063270400,0,37387304960
LLAMA-65B--KVChime-EPIC-shared-readers-B1,F1,prefill,62,0,16587325440,21063270400,0,37650595840
LLAMA-65B--KVChime-EPIC-shared-readers-B1,F1,prefill,63,0,16850616320,21063270400,0,37913886720
LLAMA-65B--KVChime-EPIC-shared-readers-B1,F1,prefill,64,0,17113907200,21063270400,0,38177177600
LLAMA-65B--KVChime-EPIC-shared-readers-B1,F1,prefill,65,0,17377198080,21063270400,0,38440468480
LLAMA-65B--KVChime-EPIC-shared-readers-B1,F1,prefill,66,0,17640488960,21063270400,0,38703759360
LLAMA-65B--KVChime-EPIC-shared-readers-B1,F1,prefill,67,0,17903779840,21063270400,0,38967050240
LLAMA-65B--KVChime-EPIC-shared-readers-B1,F1,prefill,68,0,18167070720,21063270400,0,39230341120
LLAMA-65B--KVChime-EPIC-shared-readers-B1,F1,prefill,69,0,18430361600,21063270400,0,39493632000
LLAMA-65B--KVChime-EPIC-shared-readers-B1,F1,prefill,70,0,18693652480,21063270400,0,39756922880
LLAMA-65B--KVChime-EPIC-shared-readers-B1,F1,prefill,71,0,18956943360,21063270400,0,40020213760
LLAMA-65B--KVChime-EPIC-shared-readers-B1,F1,prefill,72,0,19220234240,21063270400,0,40283504640
LLAMA-65B--KVChime-EPIC-shared-readers-B1,F1,prefill,73,0,19483525120,21063270400,0,40546795520
LLAMA-65B--KVChime-EPIC-shared-readers-B1,F1,prefill,74,0,19746816000,21063270400,0,40810086400
LLAMA-65B--KVChime-EPIC-shared-readers-B1,F1,prefill,75,0,20010106880,21063270400,0,41073377280
LLAMA-65B--KVChime-EPIC-shared-readers-B1,F1,prefill,76,0,20273397760,21063270400,0,41336668160
LLAMA-65B--KVChime-EPIC-shared-readers-B1,F1,prefill,77,0,20536688640,21063270400,0,41599959040
LLAMA-65B--KVChime-EPIC-shared-readers-B1,F1,prefill,78,0,20799979520,21063270400,0,41863249920
LLAMA-65B--KVChime-EPIC-shared-readers-B1,F1,prefill,79,0,21063270400,21063270400,0,42126540800
LLAMA-65B--KVChime-EPIC-shared-readers-B1,F1,decode,all,1,21065891840,21063270400,0,42129162240
LLAMA-65B--KVChime-EPIC-shared-readers-B1,F1,decode,all,2,21068513280,21063270400,0,42131783680
LLAMA-65B--KVChime-EPIC-shared-readers-B1,F1,decode,all,3,21071134720,21063270400,0,42134405120
LLAMA-65B--KVChime-EPIC-shared-readers-B1,F1,decode,all,4,21073756160,21063270400,0,42137026560
LLAMA-65B--KVChime-EPIC-shared-readers-B1,F1,decode,all,5,21076377600,21063270400,0,42139648000
LLAMA-65B--KVChime-EPIC-shared-readers-B1,F1,decode,all,6,21078999040,21063270400,0,42142269440
LLAMA-65B--KVChime-EPIC-shared-readers-B1,F1,decode,all,7,21081620480,21063270400,0,42144890880
LLAMA-65B--KVChime-EPIC-shared-readers-B1,F1,decode,all,8,21084241920,21063270400,0,42147512320
LLAMA-65B--KVChime-EPIC-shared-readers-B1,F1,decode,all,9,21086863360,21063270400,0,42150133760
LLAMA-65B--KVChime-EPIC-shared-readers-B1,F1,decode,all,10,21089484800,21063270400,0,42152755200
LLAMA-65B--KVChime-EPIC-shared-readers-B1,F1,decode,all,11,21092106240,21063270400,0,42155376640
LLAMA-65B--KVChime-EPIC-shared-readers-B1,F1,decode,all,12,21094727680,21063270400,0,42157998080
LLAMA-65B--KVChime-EPIC-shared-readers-B1,F1,decode,all,13,21097349120,21063270400,0,42160619520
LLAMA-65B--KVChime-EPIC-shared-readers-B1,F1,decode,all,14,21099970560,21063270400,0,42163240960
LLAMA-65B--KVChime-EPIC-shared-readers-B1,F1,decode,all,15,21102592000,21063270400,0,42165862400
LLAMA-65B--KVChime-EPIC-shared-readers-B1,F2,prefill,0,0,263290880,21063270400,263290880,21589852160
LLAMA-65B--KVChime-EPIC-shared-readers-B1,F2,prefill,1,0,263290880,21063270400,526581760,21853143040
LLAMA-65B--KVChime-EPIC-shared-readers-B1,F2,prefill,2,0,263290880,21063270400,789872640,22116433920
LLAMA-65B--KVChime-EPIC-shared-readers-B1,F2,prefill,3,0,263290880,21063270400,1053163520,22379724800
LLAMA-65B--KVChime-EPIC-shared-readers-B1,F2,prefill,4,0,263290880,21063270400,1316454400,22643015680
LLAMA-65B--KVChime-EPIC-shared-readers-B1,F2,prefill,5,0,263290880,21063270400,1579745280,22906306560
LLAMA-65B--KVChime-EPIC-shared-readers-B1,F2,prefill,6,0,263290880,21063270400,1843036160,23169597440
LLAMA-65B--KVChime-EPIC-shared-readers-B1,F2,prefill,7,0,263290880,21063270400,2106327040,23432888320
LLAMA-65B--KVChime-EPIC-shared-readers-B1,F2,prefill,8,0,263290880,21063270400,2369617920,23696179200
LLAMA-65B--KVChime-EPIC-shared-readers-B1,F2,prefill,9,0,263290880,21063270400,2632908800,23959470080
LLAMA-65B--KVChime-EPIC-shared-readers-B1,F2,prefill,10,0,263290880,21063270400,2896199680,24222760960
LLAMA-65B--KVChime-EPIC-shared-readers-B1,F2,prefill,11,0,263290880,21063270400,3159490560,24486051840
LLAMA-65B--KVChime-EPIC-shared-readers-B1,F2,prefill,12,0,263290880,21063270400,3422781440,24749342720
LLAMA-65B--KVChime-EPIC-shared-readers-B1,F2,prefill,13,0,263290880,21063270400,3686072320,25012633600
LLAMA-65B--KVChime-EPIC-shared-readers-B1,F2,prefill,14,0,263290880,21063270400,3949363200,25275924480
LLAMA-65B--KVChime-EPIC-shared-readers-B1,F2,prefill,15,0,263290880,21063270400,4212654080,25539215360
LLAMA-65B--KVChime-EPIC-shared-readers-B1,F2,prefill,16,0,263290880,21063270400,4475944960,25802506240
LLAMA-65B--KVChime-EPIC-shared-readers-B1,F2,prefill,17,0,263290880,21063270400,4739235840,26065797120
LLAMA-65B--KVChime-EPIC-shared-readers-B1,F2,prefill,18,0,263290880,21063270400,5002526720,26329088000
LLAMA-65B--KVChime-EPIC-shared-readers-B1,F2,prefill,19,0,263290880,21063270400,5265817600,26592378880
LLAMA-65B--KVChime-EPIC-shared-readers-B1,F2,prefill,20,0,263290880,21063270400,5529108480,26855669760
LLAMA-65B--KVChime-EPIC-shared-readers-B1,F2,prefill,21,0,263290880,21063270400,5792399360,27118960640
LLAMA-65B--KVChime-EPIC-shared-readers-B1,F2,prefill,22,0,263290880,21063270400,6055690240,27382251520
LLAMA-65B--KVChime-EPIC-shared-readers-B1,F2,prefill,23,0,263290880,21063270400,6318981120,27645542400
LLAMA-65B--KVChime-EPIC-shared-readers-B1,F2,prefill,24,0,263290880,21063270400,6582272000,27908833280
LLAMA-65B--KVChime-EPIC-shared-readers-B1,F2,prefill,25,0,263290880,21063270400,6845562880,28172124160
LLAMA-65B--KVChime-EPIC-shared-readers-B1,F2,prefill,26,0,263290880,21063270400,7108853760,28435415040
LLAMA-65B--KVChime-EPIC-shared-readers-B1,F2,prefill,27,0,263290880,21063270400,7372144640,28698705920
LLAMA-65B--KVChime-EPIC-shared-readers-B1,F2,prefill,28,0,263290880,21063270400,7635435520,28961996800
LLAMA-65B--KVChime-EPIC-shared-readers-B1,F2,prefill,29,0,263290880,21063270400,7898726400,29225287680
LLAMA-65B--KVChime-EPIC-shared-readers-B1,F2,prefill,30,0,263290880,21063270400,8162017280,29488578560
LLAMA-65B--KVChime-EPIC-shared-readers-B1,F2,prefill,31,0,263290880,21063270400,8425308160,29751869440
LLAMA-65B--KVChime-EPIC-shared-readers-B1,F2,prefill,32,0,263290880,21063270400,8688599040,30015160320
LLAMA-65B--KVChime-EPIC-shared-readers-B1,F2,prefill,33,0,263290880,21063270400,8951889920,30278451200
LLAMA-65B--KVChime-EPIC-shared-readers-B1,F2,prefill,34,0,263290880,21063270400,9215180800,30541742080
LLAMA-65B--KVChime-EPIC-shared-readers-B1,F2,prefill,35,0,263290880,21063270400,9478471680,30805032960
LLAMA-65B--KVChime-EPIC-shared-readers-B1,F2,prefill,36,0,263290880,21063270400,9741762560,31068323840
LLAMA-65B--KVChime-EPIC-shared-readers-B1,F2,prefill,37,0,263290880,21063270400,10005053440,31331614720
LLAMA-65B--KVChime-EPIC-shared-readers-B1,F2,prefill,38,0,263290880,21063270400,10268344320,31594905600
LLAMA-65B--KVChime-EPIC-shared-readers-B1,F2,prefill,39,0,263290880,21063270400,10531635200,31858196480
LLAMA-65B--KVChime-EPIC-shared-readers-B1,F2,prefill,40,0,263290880,21063270400,10794926080,32121487360
LLAMA-65B--KVChime-EPIC-shared-readers-B1,F2,prefill,41,0,263290880,21063270400,11058216960,32384778240
LLAMA-65B--KVChime-EPIC-shared-readers-B1,F2,prefill,42,0,263290880,21063270400,11321507840,32648069120
LLAMA-65B--KVChime-EPIC-shared-readers-B1,F2,prefill,43,0,263290880,21063270400,11584798720,32911360000
LLAMA-65B--KVChime-EPIC-shared-readers-B1,F2,prefill,44,0,263290880,21063270400,11848089600,33174650880
LLAMA-65B--KVChime-EPIC-shared-readers-B1,F2,prefill,45,0,263290880,21063270400,12111380480,33437941760
LLAMA-65B--KVChime-EPIC-shared-readers-B1,F2,prefill,46,0,263290880,21063270400,12374671360,33701232640
LLAMA-65B--KVChime-EPIC-shared-readers-B1,F2,prefill,47,0,263290880,21063270400,12637962240,33964523520
LLAMA-65B--KVChime-EPIC-shared-readers-B1,F2,prefill,48,0,263290880,21063270400,12901253120,34227814400
LLAMA-65B--KVChime-EPIC-shared-readers-B1,F2,prefill,49,0,263290880,21063270400,13164544000,34491105280
LLAMA-65B--KVChime-EPIC-shared-readers-B1,F2,prefill,50,0,263290880,21063270400,13427834880,34754396160
LLAMA-65B--KVChime-EPIC-shared-readers-B1,F2,prefill,51,0,263290880,21063270400,13691125760,35017687040
LLAMA-65B--KVChime-EPIC-shared-readers-B1,F2,prefill,52,0,263290880,21063270400,13954416640,35280977920
LLAMA-65B--KVChime-EPIC-shared-readers-B1,F2,prefill,53,0,263290880,21063270400,14217707520,35544268800
LLAMA-65B--KVChime-EPIC-shared-readers-B1,F2,prefill,54,0,263290880,21063270400,14480998400,35807559680
LLAMA-65B--KVChime-EPIC-shared-readers-B1,F2,prefill,55,0,263290880,21063270400,14744289280,36070850560
LLAMA-65B--KVChime-EPIC-shared-readers-B1,F2,prefill,56,0,263290880,21063270400,15007580160,36334141440
LLAMA-65B--KVChime-EPIC-shared-readers-B1,F2,prefill,57,0,263290880,21063270400,15270871040,36597432320
LLAMA-65B--KVChime-EPIC-shared-readers-B1,F2,prefill,58,0,263290880,21063270400,15534161920,36860723200
LLAMA-65B--KVChime-EPIC-shared-readers-B1,F2,prefill,59,0,263290880,21063270400,15797452800,37124014080
LLAMA-65B--KVChime-EPIC-shared-readers-B1,F2,prefill,60,0,263290880,21063270400,16060743680,37387304960
LLAMA-65B--KVChime-EPIC-shared-readers-B1,F2,prefill,61,0,263290880,21063270400,16324034560,37650595840
LLAMA-65B--KVChime-EPIC-shared-readers-B1,F2,prefill,62,0,263290880,21063270400,16587325440,37913886720
LLAMA-65B--KVChime-EPIC-shared-readers-B1,F2,prefill,63,0,263290880,21063270400,16850616320,38177177600
LLAMA-65B--KVChime-EPIC-shared-readers-B1,F2,prefill,64,0,263290880,21063270400,17113907200,38440468480
LLAMA-65B--KVChime-EPIC-shared-readers-B1,F2,prefill,65,0,263290880,21063270400,17377198080,38703759360
LLAMA-65B--KVChime-EPIC-shared-readers-B1,F2,prefill,66,0,263290880,21063270400,17640488960,38967050240
LLAMA-65B--KVChime-EPIC-shared-readers-B1,F2,prefill,67,0,263290880,21063270400,17903779840,39230341120
LLAMA-65B--KVChime-EPIC-shared-readers-B1,F2,prefill,68,0,263290880,21063270400,18167070720,39493632000
LLAMA-65B--KVChime-EPIC-shared-readers-B1,F2,prefill,69,0,263290880,21063270400,18430361600,39756922880
LLAMA-65B--KVChime-EPIC-shared-readers-B1,F2,prefill,70,0,263290880,21063270400,18693652480,40020213760
LLAMA-65B--KVChime-EPIC-shared-readers-B1,F2,prefill,71,0,263290880,21063270400,18956943360,40283504640
LLAMA-65B--KVChime-EPIC-shared-readers-B1,F2,prefill,72,0,263290880,21063270400,19220234240,40546795520
LLAMA-65B--KVChime-EPIC-shared-readers-B1,F2,prefill,73,0,263290880,21063270400,19483525120,40810086400
LLAMA-65B--KVChime-EPIC-shared-readers-B1,F2,prefill,74,0,263290880,21063270400,19746816000,41073377280
LLAMA-65B--KVChime-EPIC-shared-readers-B1,F2,prefill,75,0,263290880,21063270400,20010106880,41336668160
LLAMA-65B--KVChime-EPIC-shared-readers-B1,F2,prefill,76,0,263290880,21063270400,20273397760,41599959040
LLAMA-65B--KVChime-EPIC-shared-readers-B1,F2,prefill,77,0,263290880,21063270400,20536688640,41863249920
LLAMA-65B--KVChime-EPIC-shared-readers-B1,F2,prefill,78,0,263290880,21063270400,20799979520,42126540800
LLAMA-65B--KVChime-EPIC-shared-readers-B1,F2,prefill,79,0,263290880,21063270400,21063270400,42389831680
LLAMA-65B--KVChime-EPIC-shared-readers-B1,F2,decode,all,1,32768,21063270400,21065891840,42129195008
LLAMA-65B--KVChime-EPIC-shared-readers-B1,F2,decode,all,2,32768,21063270400,21068513280,42131816448
LLAMA-65B--KVChime-EPIC-shared-readers-B1,F2,decode,all,3,32768,21063270400,21071134720,42134437888
LLAMA-65B--KVChime-EPIC-shared-readers-B1,F2,decode,all,4,32768,21063270400,21073756160,42137059328
LLAMA-65B--KVChime-EPIC-shared-readers-B1,F2,decode,all,5,32768,21063270400,21076377600,42139680768
LLAMA-65B--KVChime-EPIC-shared-readers-B1,F2,decode,all,6,32768,21063270400,21078999040,42142302208
LLAMA-65B--KVChime-EPIC-shared-readers-B1,F2,decode,all,7,32768,21063270400,21081620480,42144923648
LLAMA-65B--KVChime-EPIC-shared-readers-B1,F2,decode,all,8,32768,21063270400,21084241920,42147545088
LLAMA-65B--KVChime-EPIC-shared-readers-B1,F2,decode,all,9,32768,21063270400,21086863360,42150166528
LLAMA-65B--KVChime-EPIC-shared-readers-B1,F2,decode,all,10,32768,21063270400,21089484800,42152787968
LLAMA-65B--KVChime-EPIC-shared-readers-B1,F2,decode,all,11,32768,21063270400,21092106240,42155409408
LLAMA-65B--KVChime-EPIC-shared-readers-B1,F2,decode,all,12,32768,21063270400,21094727680,42158030848
LLAMA-65B--KVChime-EPIC-shared-readers-B1,F2,decode,all,13,32768,21063270400,21097349120,42160652288
LLAMA-65B--KVChime-EPIC-shared-readers-B1,F2,decode,all,14,32768,21063270400,21099970560,42163273728
LLAMA-65B--KVChime-EPIC-shared-readers-B1,F2,decode,all,15,32768,21063270400,21102592000,42165895168
LLAMA-65B--KVChime-EPIC-shared-readers-B1,F3,prefill,0,0,263290880,21063270400,6160384,21332721664
LLAMA-65B--KVChime-EPIC-shared-readers-B1,F3,prefill,1,0,263290880,21063270400,12320768,21338882048
LLAMA-65B--KVChime-EPIC-shared-readers-B1,F3,prefill,2,0,263290880,21063270400,18481152,21345042432
LLAMA-65B--KVChime-EPIC-shared-readers-B1,F3,prefill,3,0,263290880,21063270400,24641536,21351202816
LLAMA-65B--KVChime-EPIC-shared-readers-B1,F3,prefill,4,0,263290880,21063270400,30801920,21357363200
LLAMA-65B--KVChime-EPIC-shared-readers-B1,F3,prefill,5,0,263290880,21063270400,36962304,21363523584
LLAMA-65B--KVChime-EPIC-shared-readers-B1,F3,prefill,6,0,263290880,21063270400,43122688,21369683968
LLAMA-65B--KVChime-EPIC-shared-readers-B1,F3,prefill,7,0,263290880,21063270400,49283072,21375844352
LLAMA-65B--KVChime-EPIC-shared-readers-B1,F3,prefill,8,0,263290880,21063270400,55443456,21382004736
LLAMA-65B--KVChime-EPIC-shared-readers-B1,F3,prefill,9,0,263290880,21063270400,61603840,21388165120
LLAMA-65B--KVChime-EPIC-shared-readers-B1,F3,prefill,10,0,263290880,21063270400,67764224,21394325504
LLAMA-65B--KVChime-EPIC-shared-readers-B1,F3,prefill,11,0,263290880,21063270400,73924608,21400485888
LLAMA-65B--KVChime-EPIC-shared-readers-B1,F3,prefill,12,0,263290880,21063270400,80084992,21406646272
LLAMA-65B--KVChime-EPIC-shared-readers-B1,F3,prefill,13,0,263290880,21063270400,86245376,21412806656
LLAMA-65B--KVChime-EPIC-shared-readers-B1,F3,prefill,14,0,263290880,21063270400,92405760,21418967040
LLAMA-65B--KVChime-EPIC-shared-readers-B1,F3,prefill,15,0,263290880,21063270400,98566144,21425127424
LLAMA-65B--KVChime-EPIC-shared-readers-B1,F3,prefill,16,0,263290880,21063270400,104726528,21431287808
LLAMA-65B--KVChime-EPIC-shared-readers-B1,F3,prefill,17,0,263290880,21063270400,110886912,21437448192
LLAMA-65B--KVChime-EPIC-shared-readers-B1,F3,prefill,18,0,263290880,21063270400,117047296,21443608576
LLAMA-65B--KVChime-EPIC-shared-readers-B1,F3,prefill,19,0,263290880,21063270400,123207680,21449768960
LLAMA-65B--KVChime-EPIC-shared-readers-B1,F3,prefill,20,0,263290880,21063270400,129368064,21455929344
LLAMA-65B--KVChime-EPIC-shared-readers-B1,F3,prefill,21,0,263290880,21063270400,135528448,21462089728
LLAMA-65B--KVChime-EPIC-shared-readers-B1,F3,prefill,22,0,263290880,21063270400,141688832,21468250112
LLAMA-65B--KVChime-EPIC-shared-readers-B1,F3,prefill,23,0,263290880,21063270400,147849216,21474410496
LLAMA-65B--KVChime-EPIC-shared-readers-B1,F3,prefill,24,0,263290880,21063270400,154009600,21480570880
LLAMA-65B--KVChime-EPIC-shared-readers-B1,F3,prefill,25,0,263290880,21063270400,160169984,21486731264
LLAMA-65B--KVChime-EPIC-shared-readers-B1,F3,prefill,26,0,263290880,21063270400,166330368,21492891648
LLAMA-65B--KVChime-EPIC-shared-readers-B1,F3,prefill,27,0,263290880,21063270400,172490752,21499052032
LLAMA-65B--KVChime-EPIC-shared-readers-B1,F3,prefill,28,0,263290880,21063270400,178651136,21505212416
LLAMA-65B--KVChime-EPIC-shared-readers-B1,F3,prefill,29,0,263290880,21063270400,184811520,21511372800
LLAMA-65B--KVChime-EPIC-shared-readers-B1,F3,prefill,30,0,263290880,21063270400,190971904,21517533184
LLAMA-65B--KVChime-EPIC-shared-readers-B1,F3,prefill,31,0,263290880,21063270400,197132288,21523693568
LLAMA-65B--KVChime-EPIC-shared-readers-B1,F3,prefill,32,0,263290880,21063270400,203292672,21529853952
LLAMA-65B--KVChime-EPIC-shared-readers-B1,F3,prefill,33,0,263290880,21063270400,209453056,21536014336
LLAMA-65B--KVChime-EPIC-shared-readers-B1,F3,prefill,34,0,263290880,21063270400,215613440,21542174720
LLAMA-65B--KVChime-EPIC-shared-readers-B1,F3,prefill,35,0,263290880,21063270400,221773824,21548335104
LLAMA-65B--KVChime-EPIC-shared-readers-B1,F3,prefill,36,0,263290880,21063270400,227934208,21554495488
LLAMA-65B--KVChime-EPIC-shared-readers-B1,F3,prefill,37,0,263290880,21063270400,234094592,21560655872
LLAMA-65B--KVChime-EPIC-shared-readers-B1,F3,prefill,38,0,263290880,21063270400,240254976,21566816256
LLAMA-65B--KVChime-EPIC-shared-readers-B1,F3,prefill,39,0,263290880,21063270400,246415360,21572976640
LLAMA-65B--KVChime-EPIC-shared-readers-B1,F3,prefill,40,0,263290880,21063270400,252575744,21579137024
LLAMA-65B--KVChime-EPIC-shared-readers-B1,F3,prefill,41,0,263290880,21063270400,258736128,21585297408
LLAMA-65B--KVChime-EPIC-shared-readers-B1,F3,prefill,42,0,263290880,21063270400,264896512,21591457792
LLAMA-65B--KVChime-EPIC-shared-readers-B1,F3,prefill,43,0,263290880,21063270400,271056896,21597618176
LLAMA-65B--KVChime-EPIC-shared-readers-B1,F3,prefill,44,0,263290880,21063270400,277217280,21603778560
LLAMA-65B--KVChime-EPIC-shared-readers-B1,F3,prefill,45,0,263290880,21063270400,283377664,21609938944
LLAMA-65B--KVChime-EPIC-shared-readers-B1,F3,prefill,46,0,263290880,21063270400,289538048,21616099328
LLAMA-65B--KVChime-EPIC-shared-readers-B1,F3,prefill,47,0,263290880,21063270400,295698432,21622259712
LLAMA-65B--KVChime-EPIC-shared-readers-B1,F3,prefill,48,0,263290880,21063270400,301858816,21628420096
LLAMA-65B--KVChime-EPIC-shared-readers-B1,F3,prefill,49,0,263290880,21063270400,308019200,21634580480
LLAMA-65B--KVChime-EPIC-shared-readers-B1,F3,prefill,50,0,263290880,21063270400,314179584,21640740864
LLAMA-65B--KVChime-EPIC-shared-readers-B1,F3,prefill,51,0,263290880,21063270400,320339968,21646901248
LLAMA-65B--KVChime-EPIC-shared-readers-B1,F3,prefill,52,0,263290880,21063270400,326500352,21653061632
LLAMA-65B--KVChime-EPIC-shared-readers-B1,F3,prefill,53,0,263290880,21063270400,332660736,21659222016
LLAMA-65B--KVChime-EPIC-shared-readers-B1,F3,prefill,54,0,263290880,21063270400,338821120,21665382400
LLAMA-65B--KVChime-EPIC-shared-readers-B1,F3,prefill,55,0,263290880,21063270400,344981504,21671542784
LLAMA-65B--KVChime-EPIC-shared-readers-B1,F3,prefill,56,0,263290880,21063270400,351141888,21677703168
LLAMA-65B--KVChime-EPIC-shared-readers-B1,F3,prefill,57,0,263290880,21063270400,357302272,21683863552
LLAMA-65B--KVChime-EPIC-shared-readers-B1,F3,prefill,58,0,263290880,21063270400,363462656,21690023936
LLAMA-65B--KVChime-EPIC-shared-readers-B1,F3,prefill,59,0,263290880,21063270400,369623040,21696184320
LLAMA-65B--KVChime-EPIC-shared-readers-B1,F3,prefill,60,0,263290880,21063270400,375783424,21702344704
LLAMA-65B--KVChime-EPIC-shared-readers-B1,F3,prefill,61,0,263290880,21063270400,381943808,21708505088
LLAMA-65B--KVChime-EPIC-shared-readers-B1,F3,prefill,62,0,263290880,21063270400,388104192,21714665472
LLAMA-65B--KVChime-EPIC-shared-readers-B1,F3,prefill,63,0,263290880,21063270400,394264576,21720825856
LLAMA-65B--KVChime-EPIC-shared-readers-B1,F3,prefill,64,0,263290880,21063270400,400424960,21726986240
LLAMA-65B--KVChime-EPIC-shared-readers-B1,F3,prefill,65,0,263290880,21063270400,406585344,21733146624
LLAMA-65B--KVChime-EPIC-shared-readers-B1,F3,prefill,66,0,263290880,21063270400,412745728,21739307008
LLAMA-65B--KVChime-EPIC-shared-readers-B1,F3,prefill,67,0,263290880,21063270400,418906112,21745467392
LLAMA-65B--KVChime-EPIC-shared-readers-B1,F3,prefill,68,0,263290880,21063270400,425066496,21751627776
LLAMA-65B--KVChime-EPIC-shared-readers-B1,F3,prefill,69,0,263290880,21063270400,431226880,21757788160
LLAMA-65B--KVChime-EPIC-shared-readers-B1,F3,prefill,70,0,263290880,21063270400,437387264,21763948544
LLAMA-65B--KVChime-EPIC-shared-readers-B1,F3,prefill,71,0,263290880,21063270400,443547648,21770108928
LLAMA-65B--KVChime-EPIC-shared-readers-B1,F3,prefill,72,0,263290880,21063270400,449708032,21776269312
LLAMA-65B--KVChime-EPIC-shared-readers-B1,F3,prefill,73,0,263290880,21063270400,455868416,21782429696
LLAMA-65B--KVChime-EPIC-shared-readers-B1,F3,prefill,74,0,263290880,21063270400,462028800,21788590080
LLAMA-65B--KVChime-EPIC-shared-readers-B1,F3,prefill,75,0,263290880,21063270400,468189184,21794750464
LLAMA-65B--KVChime-EPIC-shared-readers-B1,F3,prefill,76,0,263290880,21063270400,474349568,21800910848
LLAMA-65B--KVChime-EPIC-shared-readers-B1,F3,prefill,77,0,263290880,21063270400,480509952,21807071232
LLAMA-65B--KVChime-EPIC-shared-readers-B1,F3,prefill,78,0,263290880,21063270400,486670336,21813231616
LLAMA-65B--KVChime-EPIC-shared-readers-B1,F3,prefill,79,0,263290880,21063270400,492830720,21819392000
LLAMA-65B--KVChime-EPIC-shared-readers-B1,F3,decode,all,1,32768,21063270400,495452160,21558755328
LLAMA-65B--KVChime-EPIC-shared-readers-B1,F3,decode,all,2,32768,21063270400,498073600,21561376768
LLAMA-65B--KVChime-EPIC-shared-readers-B1,F3,decode,all,3,32768,21063270400,500695040,21563998208
LLAMA-65B--KVChime-EPIC-shared-readers-B1,F3,decode,all,4,32768,21063270400,503316480,21566619648
LLAMA-65B--KVChime-EPIC-shared-readers-B1,F3,decode,all,5,32768,21063270400,505937920,21569241088
LLAMA-65B--KVChime-EPIC-shared-readers-B1,F3,decode,all,6,32768,21063270400,508559360,21571862528
LLAMA-65B--KVChime-EPIC-shared-readers-B1,F3,decode,all,7,32768,21063270400,511180800,21574483968
LLAMA-65B--KVChime-EPIC-shared-readers-B1,F3,decode,all,8,32768,21063270400,513802240,21577105408
LLAMA-65B--KVChime-EPIC-shared-readers-B1,F3,decode,all,9,32768,21063270400,516423680,21579726848
LLAMA-65B--KVChime-EPIC-shared-readers-B1,F3,decode,all,10,32768,21063270400,519045120,21582348288
LLAMA-65B--KVChime-EPIC-shared-readers-B1,F3,decode,all,11,32768,21063270400,521666560,21584969728
LLAMA-65B--KVChime-EPIC-shared-readers-B1,F3,decode,all,12,32768,21063270400,524288000,21587591168
LLAMA-65B--KVChime-EPIC-shared-readers-B1,F3,decode,all,13,32768,21063270400,526909440,21590212608
LLAMA-65B--KVChime-EPIC-shared-readers-B1,F3,decode,all,14,32768,21063270400,529530880,21592834048
LLAMA-65B--KVChime-EPIC-shared-readers-B1,F3,decode,all,15,32768,21063270400,532152320,21595455488
LLAMA-65B--KVChime-EPIC-shared-readers-B1,F4,prefill,0,0,6160384,21063270400,6160384,21075591168
LLAMA-65B--KVChime-EPIC-shared-readers-B1,F4,prefill,1,0,6160384,21063270400,12320768,21081751552
LLAMA-65B--KVChime-EPIC-shared-readers-B1,F4,prefill,2,0,6160384,21063270400,18481152,21087911936
LLAMA-65B--KVChime-EPIC-shared-readers-B1,F4,prefill,3,0,6160384,21063270400,24641536,21094072320
LLAMA-65B--KVChime-EPIC-shared-readers-B1,F4,prefill,4,0,6160384,21063270400,30801920,21100232704
LLAMA-65B--KVChime-EPIC-shared-readers-B1,F4,prefill,5,0,6160384,21063270400,36962304,21106393088
LLAMA-65B--KVChime-EPIC-shared-readers-B1,F4,prefill,6,0,6160384,21063270400,43122688,21112553472
LLAMA-65B--KVChime-EPIC-shared-readers-B1,F4,prefill,7,0,6160384,21063270400,49283072,21118713856
LLAMA-65B--KVChime-EPIC-shared-readers-B1,F4,prefill,8,0,6160384,21063270400,55443456,21124874240
LLAMA-65B--KVChime-EPIC-shared-readers-B1,F4,prefill,9,0,6160384,21063270400,61603840,21131034624
LLAMA-65B--KVChime-EPIC-shared-readers-B1,F4,prefill,10,0,6160384,21063270400,67764224,21137195008
LLAMA-65B--KVChime-EPIC-shared-readers-B1,F4,prefill,11,0,6160384,21063270400,73924608,21143355392
LLAMA-65B--KVChime-EPIC-shared-readers-B1,F4,prefill,12,0,6160384,21063270400,80084992,21149515776
LLAMA-65B--KVChime-EPIC-shared-readers-B1,F4,prefill,13,0,6160384,21063270400,86245376,21155676160
LLAMA-65B--KVChime-EPIC-shared-readers-B1,F4,prefill,14,0,6160384,21063270400,92405760,21161836544
LLAMA-65B--KVChime-EPIC-shared-readers-B1,F4,prefill,15,0,6160384,21063270400,98566144,21167996928
LLAMA-65B--KVChime-EPIC-shared-readers-B1,F4,prefill,16,0,6160384,21063270400,104726528,21174157312
LLAMA-65B--KVChime-EPIC-shared-readers-B1,F4,prefill,17,0,6160384,21063270400,110886912,21180317696
LLAMA-65B--KVChime-EPIC-shared-readers-B1,F4,prefill,18,0,6160384,21063270400,117047296,21186478080
LLAMA-65B--KVChime-EPIC-shared-readers-B1,F4,prefill,19,0,6160384,21063270400,123207680,21192638464
LLAMA-65B--KVChime-EPIC-shared-readers-B1,F4,prefill,20,0,6160384,21063270400,129368064,21198798848
LLAMA-65B--KVChime-EPIC-shared-readers-B1,F4,prefill,21,0,6160384,21063270400,135528448,21204959232
LLAMA-65B--KVChime-EPIC-shared-readers-B1,F4,prefill,22,0,6160384,21063270400,141688832,21211119616
LLAMA-65B--KVChime-EPIC-shared-readers-B1,F4,prefill,23,0,6160384,21063270400,147849216,21217280000
LLAMA-65B--KVChime-EPIC-shared-readers-B1,F4,prefill,24,0,6160384,21063270400,154009600,21223440384
LLAMA-65B--KVChime-EPIC-shared-readers-B1,F4,prefill,25,0,6160384,21063270400,160169984,21229600768
LLAMA-65B--KVChime-EPIC-shared-readers-B1,F4,prefill,26,0,6160384,21063270400,166330368,21235761152
LLAMA-65B--KVChime-EPIC-shared-readers-B1,F4,prefill,27,0,6160384,21063270400,172490752,21241921536
LLAMA-65B--KVChime-EPIC-shared-readers-B1,F4,prefill,28,0,6160384,21063270400,178651136,21248081920
LLAMA-65B--KVChime-EPIC-shared-readers-B1,F4,prefill,29,0,6160384,21063270400,184811520,21254242304
LLAMA-65B--KVChime-EPIC-shared-readers-B1,F4,prefill,30,0,6160384,21063270400,190971904,21260402688
LLAMA-65B--KVChime-EPIC-shared-readers-B1,F4,prefill,31,0,6160384,21063270400,197132288,21266563072
LLAMA-65B--KVChime-EPIC-shared-readers-B1,F4,prefill,32,0,6160384,21063270400,203292672,21272723456
LLAMA-65B--KVChime-EPIC-shared-readers-B1,F4,prefill,33,0,6160384,21063270400,209453056,21278883840
LLAMA-65B--KVChime-EPIC-shared-readers-B1,F4,prefill,34,0,6160384,21063270400,215613440,21285044224
LLAMA-65B--KVChime-EPIC-shared-readers-B1,F4,prefill,35,0,6160384,21063270400,221773824,21291204608
LLAMA-65B--KVChime-EPIC-shared-readers-B1,F4,prefill,36,0,6160384,21063270400,227934208,21297364992
LLAMA-65B--KVChime-EPIC-shared-readers-B1,F4,prefill,37,0,6160384,21063270400,234094592,21303525376
LLAMA-65B--KVChime-EPIC-shared-readers-B1,F4,prefill,38,0,6160384,21063270400,240254976,21309685760
LLAMA-65B--KVChime-EPIC-shared-readers-B1,F4,prefill,39,0,6160384,21063270400,246415360,21315846144
LLAMA-65B--KVChime-EPIC-shared-readers-B1,F4,prefill,40,0,6160384,21063270400,252575744,21322006528
LLAMA-65B--KVChime-EPIC-shared-readers-B1,F4,prefill,41,0,6160384,21063270400,258736128,21328166912
LLAMA-65B--KVChime-EPIC-shared-readers-B1,F4,prefill,42,0,6160384,21063270400,264896512,21334327296
LLAMA-65B--KVChime-EPIC-shared-readers-B1,F4,prefill,43,0,6160384,21063270400,271056896,21340487680
LLAMA-65B--KVChime-EPIC-shared-readers-B1,F4,prefill,44,0,6160384,21063270400,277217280,21346648064
LLAMA-65B--KVChime-EPIC-shared-readers-B1,F4,prefill,45,0,6160384,21063270400,283377664,21352808448
LLAMA-65B--KVChime-EPIC-shared-readers-B1,F4,prefill,46,0,6160384,21063270400,289538048,21358968832
LLAMA-65B--KVChime-EPIC-shared-readers-B1,F4,prefill,47,0,6160384,21063270400,295698432,21365129216
LLAMA-65B--KVChime-EPIC-shared-readers-B1,F4,prefill,48,0,6160384,21063270400,301858816,21371289600
LLAMA-65B--KVChime-EPIC-shared-readers-B1,F4,prefill,49,0,6160384,21063270400,308019200,21377449984
LLAMA-65B--KVChime-EPIC-shared-readers-B1,F4,prefill,50,0,6160384,21063270400,314179584,21383610368
LLAMA-65B--KVChime-EPIC-shared-readers-B1,F4,prefill,51,0,6160384,21063270400,320339968,21389770752
LLAMA-65B--KVChime-EPIC-shared-readers-B1,F4,prefill,52,0,6160384,21063270400,326500352,21395931136
LLAMA-65B--KVChime-EPIC-shared-readers-B1,F4,prefill,53,0,6160384,21063270400,332660736,21402091520
LLAMA-65B--KVChime-EPIC-shared-readers-B1,F4,prefill,54,0,6160384,21063270400,338821120,21408251904
LLAMA-65B--KVChime-EPIC-shared-readers-B1,F4,prefill,55,0,6160384,21063270400,344981504,21414412288
LLAMA-65B--KVChime-EPIC-shared-readers-B1,F4,prefill,56,0,6160384,21063270400,351141888,21420572672
LLAMA-65B--KVChime-EPIC-shared-readers-B1,F4,prefill,57,0,6160384,21063270400,357302272,21426733056
LLAMA-65B--KVChime-EPIC-shared-readers-B1,F4,prefill,58,0,6160384,21063270400,363462656,21432893440
LLAMA-65B--KVChime-EPIC-shared-readers-B1,F4,prefill,59,0,6160384,21063270400,369623040,21439053824
LLAMA-65B--KVChime-EPIC-shared-readers-B1,F4,prefill,60,0,6160384,21063270400,375783424,21445214208
LLAMA-65B--KVChime-EPIC-shared-readers-B1,F4,prefill,61,0,6160384,21063270400,381943808,21451374592
LLAMA-65B--KVChime-EPIC-shared-readers-B1,F4,prefill,62,0,6160384,21063270400,388104192,21457534976
LLAMA-65B--KVChime-EPIC-shared-readers-B1,F4,prefill,63,0,6160384,21063270400,394264576,21463695360
LLAMA-65B--KVChime-EPIC-shared-readers-B1,F4,prefill,64,0,6160384,21063270400,400424960,21469855744
LLAMA-65B--KVChime-EPIC-shared-readers-B1,F4,prefill,65,0,6160384,21063270400,406585344,21476016128
LLAMA-65B--KVChime-EPIC-shared-readers-B1,F4,prefill,66,0,6160384,21063270400,412745728,21482176512
LLAMA-65B--KVChime-EPIC-shared-readers-B1,F4,prefill,67,0,6160384,21063270400,418906112,21488336896
LLAMA-65B--KVChime-EPIC-shared-readers-B1,F4,prefill,68,0,6160384,21063270400,425066496,21494497280
LLAMA-65B--KVChime-EPIC-shared-readers-B1,F4,prefill,69,0,6160384,21063270400,431226880,21500657664
LLAMA-65B--KVChime-EPIC-shared-readers-B1,F4,prefill,70,0,6160384,21063270400,437387264,21506818048
LLAMA-65B--KVChime-EPIC-shared-readers-B1,F4,prefill,71,0,6160384,21063270400,443547648,21512978432
LLAMA-65B--KVChime-EPIC-shared-readers-B1,F4,prefill,72,0,6160384,21063270400,449708032,21519138816
LLAMA-65B--KVChime-EPIC-shared-readers-B1,F4,prefill,73,0,6160384,21063270400,455868416,21525299200
LLAMA-65B--KVChime-EPIC-shared-readers-B1,F4,prefill,74,0,6160384,21063270400,462028800,21531459584
LLAMA-65B--KVChime-EPIC-shared-readers-B1,F4,prefill,75,0,6160384,21063270400,468189184,21537619968
LLAMA-65B--KVChime-EPIC-shared-readers-B1,F4,prefill,76,0,6160384,21063270400,474349568,21543780352
LLAMA-65B--KVChime-EPIC-shared-readers-B1,F4,prefill,77,0,6160384,21063270400,480509952,21549940736
LLAMA-65B--KVChime-EPIC-shared-readers-B1,F4,prefill,78,0,6160384,21063270400,486670336,21556101120
LLAMA-65B--KVChime-EPIC-shared-readers-B1,F4,prefill,79,0,6160384,21063270400,492830720,21562261504
LLAMA-65B--KVChime-EPIC-shared-readers-B1,F4,decode,all,1,32768,21063270400,495452160,21558755328
LLAMA-65B--KVChime-EPIC-shared-readers-B1,F4,decode,all,2,32768,21063270400,498073600,21561376768
LLAMA-65B--KVChime-EPIC-shared-readers-B1,F4,decode,all,3,32768,21063270400,500695040,21563998208
LLAMA-65B--KVChime-EPIC-shared-readers-B1,F4,decode,all,4,32768,21063270400,503316480,21566619648
LLAMA-65B--KVChime-EPIC-shared-readers-B1,F4,decode,all,5,32768,21063270400,505937920,21569241088
LLAMA-65B--KVChime-EPIC-shared-readers-B1,F4,decode,all,6,32768,21063270400,508559360,21571862528
LLAMA-65B--KVChime-EPIC-shared-readers-B1,F4,decode,all,7,32768,21063270400,511180800,21574483968
LLAMA-65B--KVChime-EPIC-shared-readers-B1,F4,decode,all,8,32768,21063270400,513802240,21577105408
LLAMA-65B--KVChime-EPIC-shared-readers-B1,F4,decode,all,9,32768,21063270400,516423680,21579726848
LLAMA-65B--KVChime-EPIC-shared-readers-B1,F4,decode,all,10,32768,21063270400,519045120,21582348288
LLAMA-65B--KVChime-EPIC-shared-readers-B1,F4,decode,all,11,32768,21063270400,521666560,21584969728
LLAMA-65B--KVChime-EPIC-shared-readers-B1,F4,decode,all,12,32768,21063270400,524288000,21587591168
LLAMA-65B--KVChime-EPIC-shared-readers-B1,F4,decode,all,13,32768,21063270400,526909440,21590212608
LLAMA-65B--KVChime-EPIC-shared-readers-B1,F4,decode,all,14,32768,21063270400,529530880,21592834048
LLAMA-65B--KVChime-EPIC-shared-readers-B1,F4,decode,all,15,32768,21063270400,532152320,21595455488
LLAMA-65B--KVChime-EPIC-shared-readers-B2,F0,prefill,0,0,526581760,0,0,526581760
LLAMA-65B--KVChime-EPIC-shared-readers-B2,F0,prefill,1,0,1053163520,0,0,1053163520
LLAMA-65B--KVChime-EPIC-shared-readers-B2,F0,prefill,2,0,1579745280,0,0,1579745280
LLAMA-65B--KVChime-EPIC-shared-readers-B2,F0,prefill,3,0,2106327040,0,0,2106327040
LLAMA-65B--KVChime-EPIC-shared-readers-B2,F0,prefill,4,0,2632908800,0,0,2632908800
LLAMA-65B--KVChime-EPIC-shared-readers-B2,F0,prefill,5,0,3159490560,0,0,3159490560
LLAMA-65B--KVChime-EPIC-shared-readers-B2,F0,prefill,6,0,3686072320,0,0,3686072320
LLAMA-65B--KVChime-EPIC-shared-readers-B2,F0,prefill,7,0,4212654080,0,0,4212654080
LLAMA-65B--KVChime-EPIC-shared-readers-B2,F0,prefill,8,0,4739235840,0,0,4739235840
LLAMA-65B--KVChime-EPIC-shared-readers-B2,F0,prefill,9,0,5265817600,0,0,5265817600
LLAMA-65B--KVChime-EPIC-shared-readers-B2,F0,prefill,10,0,5792399360,0,0,5792399360
LLAMA-65B--KVChime-EPIC-shared-readers-B2,F0,prefill,11,0,6318981120,0,0,6318981120
LLAMA-65B--KVChime-EPIC-shared-readers-B2,F0,prefill,12,0,6845562880,0,0,6845562880
LLAMA-65B--KVChime-EPIC-shared-readers-B2,F0,prefill,13,0,7372144640,0,0,7372144640
LLAMA-65B--KVChime-EPIC-shared-readers-B2,F0,prefill,14,0,7898726400,0,0,7898726400
LLAMA-65B--KVChime-EPIC-shared-readers-B2,F0,prefill,15,0,8425308160,0,0,8425308160
LLAMA-65B--KVChime-EPIC-shared-readers-B2,F0,prefill,16,0,8951889920,0,0,8951889920
LLAMA-65B--KVChime-EPIC-shared-readers-B2,F0,prefill,17,0,9478471680,0,0,9478471680
LLAMA-65B--KVChime-EPIC-shared-readers-B2,F0,prefill,18,0,10005053440,0,0,10005053440
LLAMA-65B--KVChime-EPIC-shared-readers-B2,F0,prefill,19,0,10531635200,0,0,10531635200
LLAMA-65B--KVChime-EPIC-shared-readers-B2,F0,prefill,20,0,11058216960,0,0,11058216960
LLAMA-65B--KVChime-EPIC-shared-readers-B2,F0,prefill,21,0,11584798720,0,0,11584798720
LLAMA-65B--KVChime-EPIC-shared-readers-B2,F0,prefill,22,0,12111380480,0,0,12111380480
LLAMA-65B--KVChime-EPIC-shared-readers-B2,F0,prefill,23,0,12637962240,0,0,12637962240
LLAMA-65B--KVChime-EPIC-shared-readers-B2,F0,prefill,24,0,13164544000,0,0,13164544000
LLAMA-65B--KVChime-EPIC-shared-readers-B2,F0,prefill,25,0,13691125760,0,0,13691125760
LLAMA-65B--KVChime-EPIC-shared-readers-B2,F0,prefill,26,0,14217707520,0,0,14217707520
LLAMA-65B--KVChime-EPIC-shared-readers-B2,F0,prefill,27,0,14744289280,0,0,14744289280
LLAMA-65B--KVChime-EPIC-shared-readers-B2,F0,prefill,28,0,15270871040,0,0,15270871040
LLAMA-65B--KVChime-EPIC-shared-readers-B2,F0,prefill,29,0,15797452800,0,0,15797452800
LLAMA-65B--KVChime-EPIC-shared-readers-B2,F0,prefill,30,0,16324034560,0,0,16324034560
LLAMA-65B--KVChime-EPIC-shared-readers-B2,F0,prefill,31,0,16850616320,0,0,16850616320
LLAMA-65B--KVChime-EPIC-shared-readers-B2,F0,prefill,32,0,17377198080,0,0,17377198080
LLAMA-65B--KVChime-EPIC-shared-readers-B2,F0,prefill,33,0,17903779840,0,0,17903779840
LLAMA-65B--KVChime-EPIC-shared-readers-B2,F0,prefill,34,0,18430361600,0,0,18430361600
LLAMA-65B--KVChime-EPIC-shared-readers-B2,F0,prefill,35,0,18956943360,0,0,18956943360
LLAMA-65B--KVChime-EPIC-shared-readers-B2,F0,prefill,36,0,19483525120,0,0,19483525120
LLAMA-65B--KVChime-EPIC-shared-readers-B2,F0,prefill,37,0,20010106880,0,0,20010106880
LLAMA-65B--KVChime-EPIC-shared-readers-B2,F0,prefill,38,0,20536688640,0,0,20536688640
LLAMA-65B--KVChime-EPIC-shared-readers-B2,F0,prefill,39,0,21063270400,0,0,21063270400
LLAMA-65B--KVChime-EPIC-shared-readers-B2,F0,prefill,40,0,21589852160,0,0,21589852160
LLAMA-65B--KVChime-EPIC-shared-readers-B2,F0,prefill,41,0,22116433920,0,0,22116433920
LLAMA-65B--KVChime-EPIC-shared-readers-B2,F0,prefill,42,0,22643015680,0,0,22643015680
LLAMA-65B--KVChime-EPIC-shared-readers-B2,F0,prefill,43,0,23169597440,0,0,23169597440
LLAMA-65B--KVChime-EPIC-shared-readers-B2,F0,prefill,44,0,23696179200,0,0,23696179200
LLAMA-65B--KVChime-EPIC-shared-readers-B2,F0,prefill,45,0,24222760960,0,0,24222760960
LLAMA-65B--KVChime-EPIC-shared-readers-B2,F0,prefill,46,0,24749342720,0,0,24749342720
LLAMA-65B--KVChime-EPIC-shared-readers-B2,F0,prefill,47,0,25275924480,0,0,25275924480
LLAMA-65B--KVChime-EPIC-shared-readers-B2,F0,prefill,48,0,25802506240,0,0,25802506240
LLAMA-65B--KVChime-EPIC-shared-readers-B2,F0,prefill,49,0,26329088000,0,0,26329088000
LLAMA-65B--KVChime-EPIC-shared-readers-B2,F0,prefill,50,0,26855669760,0,0,26855669760
LLAMA-65B--KVChime-EPIC-shared-readers-B2,F0,prefill,51,0,27382251520,0,0,27382251520
LLAMA-65B--KVChime-EPIC-shared-readers-B2,F0,prefill,52,0,27908833280,0,0,27908833280
LLAMA-65B--KVChime-EPIC-shared-readers-B2,F0,prefill,53,0,28435415040,0,0,28435415040
LLAMA-65B--KVChime-EPIC-shared-readers-B2,F0,prefill,54,0,28961996800,0,0,28961996800
LLAMA-65B--KVChime-EPIC-shared-readers-B2,F0,prefill,55,0,29488578560,0,0,29488578560
LLAMA-65B--KVChime-EPIC-shared-readers-B2,F0,prefill,56,0,30015160320,0,0,30015160320
LLAMA-65B--KVChime-EPIC-shared-readers-B2,F0,prefill,57,0,30541742080,0,0,30541742080
LLAMA-65B--KVChime-EPIC-shared-readers-B2,F0,prefill,58,0,31068323840,0,0,31068323840
LLAMA-65B--KVChime-EPIC-shared-readers-B2,F0,prefill,59,0,31594905600,0,0,31594905600
LLAMA-65B--KVChime-EPIC-shared-readers-B2,F0,prefill,60,0,32121487360,0,0,32121487360
LLAMA-65B--KVChime-EPIC-shared-readers-B2,F0,prefill,61,0,32648069120,0,0,32648069120
LLAMA-65B--KVChime-EPIC-shared-readers-B2,F0,prefill,62,0,33174650880,0,0,33174650880
LLAMA-65B--KVChime-EPIC-shared-readers-B2,F0,prefill,63,0,33701232640,0,0,33701232640
LLAMA-65B--KVChime-EPIC-shared-readers-B2,F0,prefill,64,0,34227814400,0,0,34227814400
LLAMA-65B--KVChime-EPIC-shared-readers-B2,F0,prefill,65,0,34754396160,0,0,34754396160
LLAMA-65B--KVChime-EPIC-shared-readers-B2,F0,prefill,66,0,35280977920,0,0,35280977920
LLAMA-65B--KVChime-EPIC-shared-readers-B2,F0,prefill,67,0,35807559680,0,0,35807559680
LLAMA-65B--KVChime-EPIC-shared-readers-B2,F0,prefill,68,0,36334141440,0,0,36334141440
LLAMA-65B--KVChime-EPIC-shared-readers-B2,F0,prefill,69,0,36860723200,0,0,36860723200
LLAMA-65B--KVChime-EPIC-shared-readers-B2,F0,prefill,70,0,37387304960,0,0,37387304960
LLAMA-65B--KVChime-EPIC-shared-readers-B2,F0,prefill,71,0,37913886720,0,0,37913886720
LLAMA-65B--KVChime-EPIC-shared-readers-B2,F0,prefill,72,0,38440468480,0,0,38440468480
LLAMA-65B--KVChime-EPIC-shared-readers-B2,F0,prefill,73,0,38967050240,0,0,38967050240
LLAMA-65B--KVChime-EPIC-shared-readers-B2,F0,prefill,74,0,39493632000,0,0,39493632000
LLAMA-65B--KVChime-EPIC-shared-readers-B2,F0,prefill,75,0,40020213760,0,0,40020213760
LLAMA-65B--KVChime-EPIC-shared-readers-B2,F0,prefill,76,0,40546795520,0,0,40546795520
LLAMA-65B--KVChime-EPIC-shared-readers-B2,F0,prefill,77,0,41073377280,0,0,41073377280
LLAMA-65B--KVChime-EPIC-shared-readers-B2,F0,prefill,78,0,41599959040,0,0,41599959040
LLAMA-65B--KVChime-EPIC-shared-readers-B2,F0,prefill,79,0,42126540800,0,0,42126540800
LLAMA-65B--KVChime-EPIC-shared-readers-B2,F0,decode,all,1,42131783680,0,0,42131783680
LLAMA-65B--KVChime-EPIC-shared-readers-B2,F0,decode,all,2,42137026560,0,0,42137026560
LLAMA-65B--KVChime-EPIC-shared-readers-B2,F0,decode,all,3,42142269440,0,0,42142269440
LLAMA-65B--KVChime-EPIC-shared-readers-B2,F0,decode,all,4,42147512320,0,0,42147512320
LLAMA-65B--KVChime-EPIC-shared-readers-B2,F0,decode,all,5,42152755200,0,0,42152755200
LLAMA-65B--KVChime-EPIC-shared-readers-B2,F0,decode,all,6,42157998080,0,0,42157998080
LLAMA-65B--KVChime-EPIC-shared-readers-B2,F0,decode,all,7,42163240960,0,0,42163240960
LLAMA-65B--KVChime-EPIC-shared-readers-B2,F0,decode,all,8,42168483840,0,0,42168483840
LLAMA-65B--KVChime-EPIC-shared-readers-B2,F0,decode,all,9,42173726720,0,0,42173726720
LLAMA-65B--KVChime-EPIC-shared-readers-B2,F0,decode,all,10,42178969600,0,0,42178969600
LLAMA-65B--KVChime-EPIC-shared-readers-B2,F0,decode,all,11,42184212480,0,0,42184212480
LLAMA-65B--KVChime-EPIC-shared-readers-B2,F0,decode,all,12,42189455360,0,0,42189455360
LLAMA-65B--KVChime-EPIC-shared-readers-B2,F0,decode,all,13,42194698240,0,0,42194698240
LLAMA-65B--KVChime-EPIC-shared-readers-B2,F0,decode,all,14,42199941120,0,0,42199941120
LLAMA-65B--KVChime-EPIC-shared-readers-B2,F0,decode,all,15,42205184000,0,0,42205184000
LLAMA-65B--KVChime-EPIC-shared-readers-B2,F1,prefill,0,0,526581760,21094727680,0,21621309440
LLAMA-65B--KVChime-EPIC-shared-readers-B2,F1,prefill,1,0,1053163520,21094727680,0,22147891200
LLAMA-65B--KVChime-EPIC-shared-readers-B2,F1,prefill,2,0,1579745280,21094727680,0,22674472960
LLAMA-65B--KVChime-EPIC-shared-readers-B2,F1,prefill,3,0,2106327040,21094727680,0,23201054720
LLAMA-65B--KVChime-EPIC-shared-readers-B2,F1,prefill,4,0,2632908800,21094727680,0,23727636480
LLAMA-65B--KVChime-EPIC-shared-readers-B2,F1,prefill,5,0,3159490560,21094727680,0,24254218240
LLAMA-65B--KVChime-EPIC-shared-readers-B2,F1,prefill,6,0,3686072320,21094727680,0,24780800000
LLAMA-65B--KVChime-EPIC-shared-readers-B2,F1,prefill,7,0,4212654080,21094727680,0,25307381760
LLAMA-65B--KVChime-EPIC-shared-readers-B2,F1,prefill,8,0,4739235840,21094727680,0,25833963520
LLAMA-65B--KVChime-EPIC-shared-readers-B2,F1,prefill,9,0,5265817600,21094727680,0,26360545280
LLAMA-65B--KVChime-EPIC-shared-readers-B2,F1,prefill,10,0,5792399360,21094727680,0,26887127040
LLAMA-65B--KVChime-EPIC-shared-readers-B2,F1,prefill,11,0,6318981120,21094727680,0,27413708800
LLAMA-65B--KVChime-EPIC-shared-readers-B2,F1,prefill,12,0,6845562880,21094727680,0,27940290560
LLAMA-65B--KVChime-EPIC-shared-readers-B2,F1,prefill,13,0,7372144640,21094727680,0,28466872320
LLAMA-65B--KVChime-EPIC-shared-readers-B2,F1,prefill,14,0,7898726400,21094727680,0,28993454080
LLAMA-65B--KVChime-EPIC-shared-readers-B2,F1,prefill,15,0,8425308160,21094727680,0,29520035840
LLAMA-65B--KVChime-EPIC-shared-readers-B2,F1,prefill,16,0,8951889920,21094727680,0,30046617600
LLAMA-65B--KVChime-EPIC-shared-readers-B2,F1,prefill,17,0,9478471680,21094727680,0,30573199360
LLAMA-65B--KVChime-EPIC-shared-readers-B2,F1,prefill,18,0,10005053440,21094727680,0,31099781120
LLAMA-65B--KVChime-EPIC-shared-readers-B2,F1,prefill,19,0,10531635200,21094727680,0,31626362880
LLAMA-65B--KVChime-EPIC-shared-readers-B2,F1,prefill,20,0,11058216960,21094727680,0,32152944640
LLAMA-65B--KVChime-EPIC-shared-readers-B2,F1,prefill,21,0,11584798720,21094727680,0,32679526400
LLAMA-65B--KVChime-EPIC-shared-readers-B2,F1,prefill,22,0,12111380480,21094727680,0,33206108160
LLAMA-65B--KVChime-EPIC-shared-readers-B2,F1,prefill,23,0,12637962240,21094727680,0,33732689920
LLAMA-65B--KVChime-EPIC-shared-readers-B2,F1,prefill,24,0,13164544000,21094727680,0,34259271680
LLAMA-65B--KVChime-EPIC-shared-readers-B2,F1,prefill,25,0,13691125760,21094727680,0,34785853440
LLAMA-65B--KVChime-EPIC-shared-readers-B2,F1,prefill,26,0,14217707520,21094727680,0,35312435200
LLAMA-65B--KVChime-EPIC-shared-readers-B2,F1,prefill,27,0,14744289280,21094727680,0,35839016960
LLAMA-65B--KVChime-EPIC-shared-readers-B2,F1,prefill,28,0,15270871040,21094727680,0,36365598720
LLAMA-65B--KVChime-EPIC-shared-readers-B2,F1,prefill,29,0,15797452800,21094727680,0,36892180480
LLAMA-65B--KVChime-EPIC-shared-readers-B2,F1,prefill,30,0,16324034560,21094727680,0,37418762240
LLAMA-65B--KVChime-EPIC-shared-readers-B2,F1,prefill,31,0,16850616320,21094727680,0,37945344000
LLAMA-65B--KVChime-EPIC-shared-readers-B2,F1,prefill,32,0,17377198080,21094727680,0,38471925760
LLAMA-65B--KVChime-EPIC-shared-readers-B2,F1,prefill,33,0,17903779840,21094727680,0,38998507520
LLAMA-65B--KVChime-EPIC-shared-readers-B2,F1,prefill,34,0,18430361600,21094727680,0,39525089280
LLAMA-65B--KVChime-EPIC-shared-readers-B2,F1,prefill,35,0,18956943360,21094727680,0,40051671040
LLAMA-65B--KVChime-EPIC-shared-readers-B2,F1,prefill,36,0,19483525120,21094727680,0,40578252800
LLAMA-65B--KVChime-EPIC-shared-readers-B2,F1,prefill,37,0,20010106880,21094727680,0,41104834560
LLAMA-65B--KVChime-EPIC-shared-readers-B2,F1,prefill,38,0,20536688640,21094727680,0,41631416320
LLAMA-65B--KVChime-EPIC-shared-readers-B2,F1,prefill,39,0,21063270400,21094727680,0,42157998080
LLAMA-65B--KVChime-EPIC-shared-readers-B2,F1,prefill,40,0,21589852160,21094727680,0,42684579840
LLAMA-65B--KVChime-EPIC-shared-readers-B2,F1,prefill,41,0,22116433920,21094727680,0,43211161600
LLAMA-65B--KVChime-EPIC-shared-readers-B2,F1,prefill,42,0,22643015680,21094727680,0,43737743360
LLAMA-65B--KVChime-EPIC-shared-readers-B2,F1,prefill,43,0,23169597440,21094727680,0,44264325120
LLAMA-65B--KVChime-EPIC-shared-readers-B2,F1,prefill,44,0,23696179200,21094727680,0,44790906880
LLAMA-65B--KVChime-EPIC-shared-readers-B2,F1,prefill,45,0,24222760960,21094727680,0,45317488640
LLAMA-65B--KVChime-EPIC-shared-readers-B2,F1,prefill,46,0,24749342720,21094727680,0,45844070400
LLAMA-65B--KVChime-EPIC-shared-readers-B2,F1,prefill,47,0,25275924480,21094727680,0,46370652160
LLAMA-65B--KVChime-EPIC-shared-readers-B2,F1,prefill,48,0,25802506240,21094727680,0,46897233920
LLAMA-65B--KVChime-EPIC-shared-readers-B2,F1,prefill,49,0,26329088000,21094727680,0,47423815680
LLAMA-65B--KVChime-EPIC-shared-readers-B2,F1,prefill,50,0,26855669760,21094727680,0,47950397440
LLAMA-65B--KVChime-EPIC-shared-readers-B2,F1,prefill,51,0,27382251520,21094727680,0,48476979200
LLAMA-65B--KVChime-EPIC-shared-readers-B2,F1,prefill,52,0,27908833280,21094727680,0,49003560960
LLAMA-65B--KVChime-EPIC-shared-readers-B2,F1,prefill,53,0,28435415040,21094727680,0,49530142720
LLAMA-65B--KVChime-EPIC-shared-readers-B2,F1,prefill,54,0,28961996800,21094727680,0,50056724480
LLAMA-65B--KVChime-EPIC-shared-readers-B2,F1,prefill,55,0,29488578560,21094727680,0,50583306240
LLAMA-65B--KVChime-EPIC-shared-readers-B2,F1,prefill,56,0,30015160320,21094727680,0,51109888000
LLAMA-65B--KVChime-EPIC-shared-readers-B2,F1,prefill,57,0,30541742080,21094727680,0,51636469760
LLAMA-65B--KVChime-EPIC-shared-readers-B2,F1,prefill,58,0,31068323840,21094727680,0,52163051520
LLAMA-65B--KVChime-EPIC-shared-readers-B2,F1,prefill,59,0,31594905600,21094727680,0,52689633280
LLAMA-65B--KVChime-EPIC-shared-readers-B2,F1,prefill,60,0,32121487360,21094727680,0,53216215040
LLAMA-65B--KVChime-EPIC-shared-readers-B2,F1,prefill,61,0,32648069120,21094727680,0,53742796800
LLAMA-65B--KVChime-EPIC-shared-readers-B2,F1,prefill,62,0,33174650880,21094727680,0,54269378560
LLAMA-65B--KVChime-EPIC-shared-readers-B2,F1,prefill,63,0,33701232640,21094727680,0,54795960320
LLAMA-65B--KVChime-EPIC-shared-readers-B2,F1,prefill,64,0,34227814400,21094727680,0,55322542080
LLAMA-65B--KVChime-EPIC-shared-readers-B2,F1,prefill,65,0,34754396160,21094727680,0,55849123840
LLAMA-65B--KVChime-EPIC-shared-readers-B2,F1,prefill,66,0,35280977920,21094727680,0,56375705600
LLAMA-65B--KVChime-EPIC-shared-readers-B2,F1,prefill,67,0,35807559680,21094727680,0,56902287360
LLAMA-65B--KVChime-EPIC-shared-readers-B2,F1,prefill,68,0,36334141440,21094727680,0,57428869120
LLAMA-65B--KVChime-EPIC-shared-readers-B2,F1,prefill,69,0,36860723200,21094727680,0,57955450880
LLAMA-65B--KVChime-EPIC-shared-readers-B2,F1,prefill,70,0,37387304960,21094727680,0,58482032640
LLAMA-65B--KVChime-EPIC-shared-readers-B2,F1,prefill,71,0,37913886720,21094727680,0,59008614400
LLAMA-65B--KVChime-EPIC-shared-readers-B2,F1,prefill,72,0,38440468480,21094727680,0,59535196160
LLAMA-65B--KVChime-EPIC-shared-readers-B2,F1,prefill,73,0,38967050240,21094727680,0,60061777920
LLAMA-65B--KVChime-EPIC-shared-readers-B2,F1,prefill,74,0,39493632000,21094727680,0,60588359680
LLAMA-65B--KVChime-EPIC-shared-readers-B2,F1,prefill,75,0,40020213760,21094727680,0,61114941440
LLAMA-65B--KVChime-EPIC-shared-readers-B2,F1,prefill,76,0,40546795520,21094727680,0,61641523200
LLAMA-65B--KVChime-EPIC-shared-readers-B2,F1,prefill,77,0,41073377280,21094727680,0,62168104960
LLAMA-65B--KVChime-EPIC-shared-readers-B2,F1,prefill,78,0,41599959040,21094727680,0,62694686720
LLAMA-65B--KVChime-EPIC-shared-readers-B2,F1,prefill,79,0,42126540800,21094727680,0,63221268480
LLAMA-65B--KVChime-EPIC-shared-readers-B2,F1,decode,all,1,42131783680,21094727680,0,63226511360
LLAMA-65B--KVChime-EPIC-shared-readers-B2,F1,decode,all,2,42137026560,21094727680,0,63231754240
LLAMA-65B--KVChime-EPIC-shared-readers-B2,F1,decode,all,3,42142269440,21094727680,0,63236997120
LLAMA-65B--KVChime-EPIC-shared-readers-B2,F1,decode,all,4,42147512320,21094727680,0,63242240000
LLAMA-65B--KVChime-EPIC-shared-readers-B2,F1,decode,all,5,42152755200,21094727680,0,63247482880
LLAMA-65B--KVChime-EPIC-shared-readers-B2,F1,decode,all,6,42157998080,21094727680,0,63252725760
LLAMA-65B--KVChime-EPIC-shared-readers-B2,F1,decode,all,7,42163240960,21094727680,0,63257968640
LLAMA-65B--KVChime-EPIC-shared-readers-B2,F1,decode,all,8,42168483840,21094727680,0,63263211520
LLAMA-65B--KVChime-EPIC-shared-readers-B2,F1,decode,all,9,42173726720,21094727680,0,63268454400
LLAMA-65B--KVChime-EPIC-shared-readers-B2,F1,decode,all,10,42178969600,21094727680,0,63273697280
LLAMA-65B--KVChime-EPIC-shared-readers-B2,F1,decode,all,11,42184212480,21094727680,0,63278940160
LLAMA-65B--KVChime-EPIC-shared-readers-B2,F1,decode,all,12,42189455360,21094727680,0,63284183040
LLAMA-65B--KVChime-EPIC-shared-readers-B2,F1,decode,all,13,42194698240,21094727680,0,63289425920
LLAMA-65B--KVChime-EPIC-shared-readers-B2,F1,decode,all,14,42199941120,21094727680,0,63294668800
LLAMA-65B--KVChime-EPIC-shared-readers-B2,F1,decode,all,15,42205184000,21094727680,0,63299911680
LLAMA-65B--KVChime-EPIC-shared-readers-B2,F2,prefill,0,0,526581760,21094727680,526581760,22147891200
LLAMA-65B--KVChime-EPIC-shared-readers-B2,F2,prefill,1,0,526581760,21094727680,1053163520,22674472960
LLAMA-65B--KVChime-EPIC-shared-readers-B2,F2,prefill,2,0,526581760,21094727680,1579745280,23201054720
LLAMA-65B--KVChime-EPIC-shared-readers-B2,F2,prefill,3,0,526581760,21094727680,2106327040,23727636480
LLAMA-65B--KVChime-EPIC-shared-readers-B2,F2,prefill,4,0,526581760,21094727680,2632908800,24254218240
LLAMA-65B--KVChime-EPIC-shared-readers-B2,F2,prefill,5,0,526581760,21094727680,3159490560,24780800000
LLAMA-65B--KVChime-EPIC-shared-readers-B2,F2,prefill,6,0,526581760,21094727680,3686072320,25307381760
LLAMA-65B--KVChime-EPIC-shared-readers-B2,F2,prefill,7,0,526581760,21094727680,4212654080,25833963520
LLAMA-65B--KVChime-EPIC-shared-readers-B2,F2,prefill,8,0,526581760,21094727680,4739235840,26360545280
LLAMA-65B--KVChime-EPIC-shared-readers-B2,F2,prefill,9,0,526581760,21094727680,5265817600,26887127040
LLAMA-65B--KVChime-EPIC-shared-readers-B2,F2,prefill,10,0,526581760,21094727680,5792399360,27413708800
LLAMA-65B--KVChime-EPIC-shared-readers-B2,F2,prefill,11,0,526581760,21094727680,6318981120,27940290560
LLAMA-65B--KVChime-EPIC-shared-readers-B2,F2,prefill,12,0,526581760,21094727680,6845562880,28466872320
LLAMA-65B--KVChime-EPIC-shared-readers-B2,F2,prefill,13,0,526581760,21094727680,7372144640,28993454080
LLAMA-65B--KVChime-EPIC-shared-readers-B2,F2,prefill,14,0,526581760,21094727680,7898726400,29520035840
LLAMA-65B--KVChime-EPIC-shared-readers-B2,F2,prefill,15,0,526581760,21094727680,8425308160,30046617600
LLAMA-65B--KVChime-EPIC-shared-readers-B2,F2,prefill,16,0,526581760,21094727680,8951889920,30573199360
LLAMA-65B--KVChime-EPIC-shared-readers-B2,F2,prefill,17,0,526581760,21094727680,9478471680,31099781120
LLAMA-65B--KVChime-EPIC-shared-readers-B2,F2,prefill,18,0,526581760,21094727680,10005053440,31626362880
LLAMA-65B--KVChime-EPIC-shared-readers-B2,F2,prefill,19,0,526581760,21094727680,10531635200,32152944640
LLAMA-65B--KVChime-EPIC-shared-readers-B2,F2,prefill,20,0,526581760,21094727680,11058216960,32679526400
LLAMA-65B--KVChime-EPIC-shared-readers-B2,F2,prefill,21,0,526581760,21094727680,11584798720,33206108160
LLAMA-65B--KVChime-EPIC-shared-readers-B2,F2,prefill,22,0,526581760,21094727680,12111380480,33732689920
LLAMA-65B--KVChime-EPIC-shared-readers-B2,F2,prefill,23,0,526581760,21094727680,12637962240,34259271680
LLAMA-65B--KVChime-EPIC-shared-readers-B2,F2,prefill,24,0,526581760,21094727680,13164544000,34785853440
LLAMA-65B--KVChime-EPIC-shared-readers-B2,F2,prefill,25,0,526581760,21094727680,13691125760,35312435200
LLAMA-65B--KVChime-EPIC-shared-readers-B2,F2,prefill,26,0,526581760,21094727680,14217707520,35839016960
LLAMA-65B--KVChime-EPIC-shared-readers-B2,F2,prefill,27,0,526581760,21094727680,14744289280,36365598720
LLAMA-65B--KVChime-EPIC-shared-readers-B2,F2,prefill,28,0,526581760,21094727680,15270871040,36892180480
LLAMA-65B--KVChime-EPIC-shared-readers-B2,F2,prefill,29,0,526581760,21094727680,15797452800,37418762240
LLAMA-65B--KVChime-EPIC-shared-readers-B2,F2,prefill,30,0,526581760,21094727680,16324034560,37945344000
LLAMA-65B--KVChime-EPIC-shared-readers-B2,F2,prefill,31,0,526581760,21094727680,16850616320,38471925760
LLAMA-65B--KVChime-EPIC-shared-readers-B2,F2,prefill,32,0,526581760,21094727680,17377198080,38998507520
LLAMA-65B--KVChime-EPIC-shared-readers-B2,F2,prefill,33,0,526581760,21094727680,17903779840,39525089280
LLAMA-65B--KVChime-EPIC-shared-readers-B2,F2,prefill,34,0,526581760,21094727680,18430361600,40051671040
LLAMA-65B--KVChime-EPIC-shared-readers-B2,F2,prefill,35,0,526581760,21094727680,18956943360,40578252800
LLAMA-65B--KVChime-EPIC-shared-readers-B2,F2,prefill,36,0,526581760,21094727680,19483525120,41104834560
LLAMA-65B--KVChime-EPIC-shared-readers-B2,F2,prefill,37,0,526581760,21094727680,20010106880,41631416320
LLAMA-65B--KVChime-EPIC-shared-readers-B2,F2,prefill,38,0,526581760,21094727680,20536688640,42157998080
LLAMA-65B--KVChime-EPIC-shared-readers-B2,F2,prefill,39,0,526581760,21094727680,21063270400,42684579840
LLAMA-65B--KVChime-EPIC-shared-readers-B2,F2,prefill,40,0,526581760,21094727680,21589852160,43211161600
LLAMA-65B--KVChime-EPIC-shared-readers-B2,F2,prefill,41,0,526581760,21094727680,22116433920,43737743360
LLAMA-65B--KVChime-EPIC-shared-readers-B2,F2,prefill,42,0,526581760,21094727680,22643015680,44264325120
LLAMA-65B--KVChime-EPIC-shared-readers-B2,F2,prefill,43,0,526581760,21094727680,23169597440,44790906880
LLAMA-65B--KVChime-EPIC-shared-readers-B2,F2,prefill,44,0,526581760,21094727680,23696179200,45317488640
LLAMA-65B--KVChime-EPIC-shared-readers-B2,F2,prefill,45,0,526581760,21094727680,24222760960,45844070400
LLAMA-65B--KVChime-EPIC-shared-readers-B2,F2,prefill,46,0,526581760,21094727680,24749342720,46370652160
LLAMA-65B--KVChime-EPIC-shared-readers-B2,F2,prefill,47,0,526581760,21094727680,25275924480,46897233920
LLAMA-65B--KVChime-EPIC-shared-readers-B2,F2,prefill,48,0,526581760,21094727680,25802506240,47423815680
LLAMA-65B--KVChime-EPIC-shared-readers-B2,F2,prefill,49,0,526581760,21094727680,26329088000,47950397440
LLAMA-65B--KVChime-EPIC-shared-readers-B2,F2,prefill,50,0,526581760,21094727680,26855669760,48476979200
LLAMA-65B--KVChime-EPIC-shared-readers-B2,F2,prefill,51,0,526581760,21094727680,27382251520,49003560960
LLAMA-65B--KVChime-EPIC-shared-readers-B2,F2,prefill,52,0,526581760,21094727680,27908833280,49530142720
LLAMA-65B--KVChime-EPIC-shared-readers-B2,F2,prefill,53,0,526581760,21094727680,28435415040,50056724480
LLAMA-65B--KVChime-EPIC-shared-readers-B2,F2,prefill,54,0,526581760,21094727680,28961996800,50583306240
LLAMA-65B--KVChime-EPIC-shared-readers-B2,F2,prefill,55,0,526581760,21094727680,29488578560,51109888000
LLAMA-65B--KVChime-EPIC-shared-readers-B2,F2,prefill,56,0,526581760,21094727680,30015160320,51636469760
LLAMA-65B--KVChime-EPIC-shared-readers-B2,F2,prefill,57,0,526581760,21094727680,30541742080,52163051520
LLAMA-65B--KVChime-EPIC-shared-readers-B2,F2,prefill,58,0,526581760,21094727680,31068323840,52689633280
LLAMA-65B--KVChime-EPIC-shared-readers-B2,F2,prefill,59,0,526581760,21094727680,31594905600,53216215040
LLAMA-65B--KVChime-EPIC-shared-readers-B2,F2,prefill,60,0,526581760,21094727680,32121487360,53742796800
LLAMA-65B--KVChime-EPIC-shared-readers-B2,F2,prefill,61,0,526581760,21094727680,32648069120,54269378560
LLAMA-65B--KVChime-EPIC-shared-readers-B2,F2,prefill,62,0,526581760,21094727680,33174650880,54795960320
LLAMA-65B--KVChime-EPIC-shared-readers-B2,F2,prefill,63,0,526581760,21094727680,33701232640,55322542080
LLAMA-65B--KVChime-EPIC-shared-readers-B2,F2,prefill,64,0,526581760,21094727680,34227814400,55849123840
LLAMA-65B--KVChime-EPIC-shared-readers-B2,F2,prefill,65,0,526581760,21094727680,34754396160,56375705600
LLAMA-65B--KVChime-EPIC-shared-readers-B2,F2,prefill,66,0,526581760,21094727680,35280977920,56902287360
LLAMA-65B--KVChime-EPIC-shared-readers-B2,F2,prefill,67,0,526581760,21094727680,35807559680,57428869120
LLAMA-65B--KVChime-EPIC-shared-readers-B2,F2,prefill,68,0,526581760,21094727680,36334141440,57955450880
LLAMA-65B--KVChime-EPIC-shared-readers-B2,F2,prefill,69,0,526581760,21094727680,36860723200,58482032640
LLAMA-65B--KVChime-EPIC-shared-readers-B2,F2,prefill,70,0,526581760,21094727680,37387304960,59008614400
LLAMA-65B--KVChime-EPIC-shared-readers-B2,F2,prefill,71,0,526581760,21094727680,37913886720,59535196160
LLAMA-65B--KVChime-EPIC-shared-readers-B2,F2,prefill,72,0,526581760,21094727680,38440468480,60061777920
LLAMA-65B--KVChime-EPIC-shared-readers-B2,F2,prefill,73,0,526581760,21094727680,38967050240,60588359680
LLAMA-65B--KVChime-EPIC-shared-readers-B2,F2,prefill,74,0,526581760,21094727680,39493632000,61114941440
LLAMA-65B--KVChime-EPIC-shared-readers-B2,F2,prefill,75,0,526581760,21094727680,40020213760,61641523200
LLAMA-65B--KVChime-EPIC-shared-readers-B2,F2,prefill,76,0,526581760,21094727680,40546795520,62168104960
LLAMA-65B--KVChime-EPIC-shared-readers-B2,F2,prefill,77,0,526581760,21094727680,41073377280,62694686720
LLAMA-65B--KVChime-EPIC-shared-readers-B2,F2,prefill,78,0,526581760,21094727680,41599959040,63221268480
LLAMA-65B--KVChime-EPIC-shared-readers-B2,F2,prefill,79,0,526581760,21094727680,42126540800,63747850240
LLAMA-65B--KVChime-EPIC-shared-readers-B2,F2,decode,all,1,65536,21094727680,42131783680,63226576896
LLAMA-65B--KVChime-EPIC-shared-readers-B2,F2,decode,all,2,65536,21094727680,42137026560,63231819776
LLAMA-65B--KVChime-EPIC-shared-readers-B2,F2,decode,all,3,65536,21094727680,42142269440,63237062656
LLAMA-65B--KVChime-EPIC-shared-readers-B2,F2,decode,all,4,65536,21094727680,42147512320,63242305536
LLAMA-65B--KVChime-EPIC-shared-readers-B2,F2,decode,all,5,65536,21094727680,42152755200,63247548416
LLAMA-65B--KVChime-EPIC-shared-readers-B2,F2,decode,all,6,65536,21094727680,42157998080,63252791296
LLAMA-65B--KVChime-EPIC-shared-readers-B2,F2,decode,all,7,65536,21094727680,42163240960,63258034176
LLAMA-65B--KVChime-EPIC-shared-readers-B2,F2,decode,all,8,65536,21094727680,42168483840,63263277056
LLAMA-65B--KVChime-EPIC-shared-readers-B2,F2,decode,all,9,65536,21094727680,42173726720,63268519936
LLAMA-65B--KVChime-EPIC-shared-readers-B2,F2,decode,all,10,65536,21094727680,42178969600,63273762816
LLAMA-65B--KVChime-EPIC-shared-readers-B2,F2,decode,all,11,65536,21094727680,42184212480,63279005696
LLAMA-65B--KVChime-EPIC-shared-readers-B2,F2,decode,all,12,65536,21094727680,42189455360,63284248576
LLAMA-65B--KVChime-EPIC-shared-readers-B2,F2,decode,all,13,65536,21094727680,42194698240,63289491456
LLAMA-65B--KVChime-EPIC-shared-readers-B2,F2,decode,all,14,65536,21094727680,42199941120,63294734336
LLAMA-65B--KVChime-EPIC-shared-readers-B2,F2,decode,all,15,65536,21094727680,42205184000,63299977216
LLAMA-65B--KVChime-EPIC-shared-readers-B2,F3,prefill,0,0,526581760,21094727680,12320768,21633630208
LLAMA-65B--KVChime-EPIC-shared-readers-B2,F3,prefill,1,0,526581760,21094727680,24641536,21645950976
LLAMA-65B--KVChime-EPIC-shared-readers-B2,F3,prefill,2,0,526581760,21094727680,36962304,21658271744
LLAMA-65B--KVChime-EPIC-shared-readers-B2,F3,prefill,3,0,526581760,21094727680,49283072,21670592512
LLAMA-65B--KVChime-EPIC-shared-readers-B2,F3,prefill,4,0,526581760,21094727680,61603840,21682913280
LLAMA-65B--KVChime-EPIC-shared-readers-B2,F3,prefill,5,0,526581760,21094727680,73924608,21695234048
LLAMA-65B--KVChime-EPIC-shared-readers-B2,F3,prefill,6,0,526581760,21094727680,86245376,21707554816
LLAMA-65B--KVChime-EPIC-shared-readers-B2,F3,prefill,7,0,526581760,21094727680,98566144,21719875584
LLAMA-65B--KVChime-EPIC-shared-readers-B2,F3,prefill,8,0,526581760,21094727680,110886912,21732196352
LLAMA-65B--KVChime-EPIC-shared-readers-B2,F3,prefill,9,0,526581760,21094727680,123207680,21744517120
LLAMA-65B--KVChime-EPIC-shared-readers-B2,F3,prefill,10,0,526581760,21094727680,135528448,21756837888
LLAMA-65B--KVChime-EPIC-shared-readers-B2,F3,prefill,11,0,526581760,21094727680,147849216,21769158656
LLAMA-65B--KVChime-EPIC-shared-readers-B2,F3,prefill,12,0,526581760,21094727680,160169984,21781479424
LLAMA-65B--KVChime-EPIC-shared-readers-B2,F3,prefill,13,0,526581760,21094727680,172490752,21793800192
LLAMA-65B--KVChime-EPIC-shared-readers-B2,F3,prefill,14,0,526581760,21094727680,184811520,21806120960
LLAMA-65B--KVChime-EPIC-shared-readers-B2,F3,prefill,15,0,526581760,21094727680,197132288,21818441728
LLAMA-65B--KVChime-EPIC-shared-readers-B2,F3,prefill,16,0,526581760,21094727680,209453056,21830762496
LLAMA-65B--KVChime-EPIC-shared-readers-B2,F3,prefill,17,0,526581760,21094727680,221773824,21843083264
LLAMA-65B--KVChime-EPIC-shared-readers-B2,F3,prefill,18,0,526581760,21094727680,234094592,21855404032
LLAMA-65B--KVChime-EPIC-shared-readers-B2,F3,prefill,19,0,526581760,21094727680,246415360,21867724800
LLAMA-65B--KVChime-EPIC-shared-readers-B2,F3,prefill,20,0,526581760,21094727680,258736128,21880045568
LLAMA-65B--KVChime-EPIC-shared-readers-B2,F3,prefill,21,0,526581760,21094727680,271056896,21892366336
LLAMA-65B--KVChime-EPIC-shared-readers-B2,F3,prefill,22,0,526581760,21094727680,283377664,21904687104
LLAMA-65B--KVChime-EPIC-shared-readers-B2,F3,prefill,23,0,526581760,21094727680,295698432,21917007872
LLAMA-65B--KVChime-EPIC-shared-readers-B2,F3,prefill,24,0,526581760,21094727680,308019200,21929328640
LLAMA-65B--KVChime-EPIC-shared-readers-B2,F3,prefill,25,0,526581760,21094727680,320339968,21941649408
LLAMA-65B--KVChime-EPIC-shared-readers-B2,F3,prefill,26,0,526581760,21094727680,332660736,21953970176
LLAMA-65B--KVChime-EPIC-shared-readers-B2,F3,prefill,27,0,526581760,21094727680,344981504,21966290944
LLAMA-65B--KVChime-EPIC-shared-readers-B2,F3,prefill,28,0,526581760,21094727680,357302272,21978611712
LLAMA-65B--KVChime-EPIC-shared-readers-B2,F3,prefill,29,0,526581760,21094727680,369623040,21990932480
LLAMA-65B--KVChime-EPIC-shared-readers-B2,F3,prefill,30,0,526581760,21094727680,381943808,22003253248
LLAMA-65B--KVChime-EPIC-shared-readers-B2,F3,prefill,31,0,526581760,21094727680,394264576,22015574016
LLAMA-65B--KVChime-EPIC-shared-readers-B2,F3,prefill,32,0,526581760,21094727680,406585344,22027894784
LLAMA-65B--KVChime-EPIC-shared-readers-B2,F3,prefill,33,0,526581760,21094727680,418906112,22040215552
LLAMA-65B--KVChime-EPIC-shared-readers-B2,F3,prefill,34,0,526581760,21094727680,431226880,22052536320
LLAMA-65B--KVChime-EPIC-shared-readers-B2,F3,prefill,35,0,526581760,21094727680,443547648,22064857088
LLAMA-65B--KVChime-EPIC-shared-readers-B2,F3,prefill,36,0,526581760,21094727680,455868416,22077177856
LLAMA-65B--KVChime-EPIC-shared-readers-B2,F3,prefill,37,0,526581760,21094727680,468189184,22089498624
LLAMA-65B--KVChime-EPIC-shared-readers-B2,F3,prefill,38,0,526581760,21094727680,480509952,22101819392
LLAMA-65B--KVChime-EPIC-shared-readers-B2,F3,prefill,39,0,526581760,21094727680,492830720,22114140160
LLAMA-65B--KVChime-EPIC-shared-readers-B2,F3,prefill,40,0,526581760,21094727680,505151488,22126460928
LLAMA-65B--KVChime-EPIC-shared-readers-B2,F3,prefill,41,0,526581760,21094727680,517472256,22138781696
LLAMA-65B--KVChime-EPIC-shared-readers-B2,F3,prefill,42,0,526581760,21094727680,529793024,22151102464
LLAMA-65B--KVChime-EPIC-shared-readers-B2,F3,prefill,43,0,526581760,21094727680,542113792,22163423232
LLAMA-65B--KVChime-EPIC-shared-readers-B2,F3,prefill,44,0,526581760,21094727680,554434560,22175744000
LLAMA-65B--KVChime-EPIC-shared-readers-B2,F3,prefill,45,0,526581760,21094727680,566755328,22188064768
LLAMA-65B--KVChime-EPIC-shared-readers-B2,F3,prefill,46,0,526581760,21094727680,579076096,22200385536
LLAMA-65B--KVChime-EPIC-shared-readers-B2,F3,prefill,47,0,526581760,21094727680,591396864,22212706304
LLAMA-65B--KVChime-EPIC-shared-readers-B2,F3,prefill,48,0,526581760,21094727680,603717632,22225027072
LLAMA-65B--KVChime-EPIC-shared-readers-B2,F3,prefill,49,0,526581760,21094727680,616038400,22237347840
LLAMA-65B--KVChime-EPIC-shared-readers-B2,F3,prefill,50,0,526581760,21094727680,628359168,22249668608
LLAMA-65B--KVChime-EPIC-shared-readers-B2,F3,prefill,51,0,526581760,21094727680,640679936,22261989376
LLAMA-65B--KVChime-EPIC-shared-readers-B2,F3,prefill,52,0,526581760,21094727680,653000704,22274310144
LLAMA-65B--KVChime-EPIC-shared-readers-B2,F3,prefill,53,0,526581760,21094727680,665321472,22286630912
LLAMA-65B--KVChime-EPIC-shared-readers-B2,F3,prefill,54,0,526581760,21094727680,677642240,22298951680
LLAMA-65B--KVChime-EPIC-shared-readers-B2,F3,prefill,55,0,526581760,21094727680,689963008,22311272448
LLAMA-65B--KVChime-EPIC-shared-readers-B2,F3,prefill,56,0,526581760,21094727680,702283776,22323593216
LLAMA-65B--KVChime-EPIC-shared-readers-B2,F3,prefill,57,0,526581760,21094727680,714604544,22335913984
LLAMA-65B--KVChime-EPIC-shared-readers-B2,F3,prefill,58,0,526581760,21094727680,726925312,22348234752
LLAMA-65B--KVChime-EPIC-shared-readers-B2,F3,prefill,59,0,526581760,21094727680,739246080,22360555520
LLAMA-65B--KVChime-EPIC-shared-readers-B2,F3,prefill,60,0,526581760,21094727680,751566848,22372876288
LLAMA-65B--KVChime-EPIC-shared-readers-B2,F3,prefill,61,0,526581760,21094727680,763887616,22385197056
LLAMA-65B--KVChime-EPIC-shared-readers-B2,F3,prefill,62,0,526581760,21094727680,776208384,22397517824
LLAMA-65B--KVChime-EPIC-shared-readers-B2,F3,prefill,63,0,526581760,21094727680,788529152,22409838592
LLAMA-65B--KVChime-EPIC-shared-readers-B2,F3,prefill,64,0,526581760,21094727680,800849920,22422159360
LLAMA-65B--KVChime-EPIC-shared-readers-B2,F3,prefill,65,0,526581760,21094727680,813170688,22434480128
LLAMA-65B--KVChime-EPIC-shared-readers-B2,F3,prefill,66,0,526581760,21094727680,825491456,22446800896
LLAMA-65B--KVChime-EPIC-shared-readers-B2,F3,prefill,67,0,526581760,21094727680,837812224,22459121664
LLAMA-65B--KVChime-EPIC-shared-readers-B2,F3,prefill,68,0,526581760,21094727680,850132992,22471442432
LLAMA-65B--KVChime-EPIC-shared-readers-B2,F3,prefill,69,0,526581760,21094727680,862453760,22483763200
LLAMA-65B--KVChime-EPIC-shared-readers-B2,F3,prefill,70,0,526581760,21094727680,874774528,22496083968
LLAMA-65B--KVChime-EPIC-shared-readers-B2,F3,prefill,71,0,526581760,21094727680,887095296,22508404736
LLAMA-65B--KVChime-EPIC-shared-readers-B2,F3,prefill,72,0,526581760,21094727680,899416064,22520725504
LLAMA-65B--KVChime-EPIC-shared-readers-B2,F3,prefill,73,0,526581760,21094727680,911736832,22533046272
LLAMA-65B--KVChime-EPIC-shared-readers-B2,F3,prefill,74,0,526581760,21094727680,924057600,22545367040
LLAMA-65B--KVChime-EPIC-shared-readers-B2,F3,prefill,75,0,526581760,21094727680,936378368,22557687808
LLAMA-65B--KVChime-EPIC-shared-readers-B2,F3,prefill,76,0,526581760,21094727680,948699136,22570008576
LLAMA-65B--KVChime-EPIC-shared-readers-B2,F3,prefill,77,0,526581760,21094727680,961019904,22582329344
LLAMA-65B--KVChime-EPIC-shared-readers-B2,F3,prefill,78,0,526581760,21094727680,973340672,22594650112
LLAMA-65B--KVChime-EPIC-shared-readers-B2,F3,prefill,79,0,526581760,21094727680,985661440,22606970880
LLAMA-65B--KVChime-EPIC-shared-readers-B2,F3,decode,all,1,65536,21094727680,990904320,22085697536
LLAMA-65B--KVChime-EPIC-shared-readers-B2,F3,decode,all,2,65536,21094727680,996147200,22090940416
LLAMA-65B--KVChime-EPIC-shared-readers-B2,F3,decode,all,3,65536,21094727680,1001390080,22096183296
LLAMA-65B--KVChime-EPIC-shared-readers-B2,F3,decode,all,4,65536,21094727680,1006632960,22101426176
LLAMA-65B--KVChime-EPIC-shared-readers-B2,F3,decode,all,5,65536,21094727680,1011875840,22106669056
LLAMA-65B--KVChime-EPIC-shared-readers-B2,F3,decode,all,6,65536,21094727680,1017118720,22111911936
LLAMA-65B--KVChime-EPIC-shared-readers-B2,F3,decode,all,7,65536,21094727680,1022361600,22117154816
LLAMA-65B--KVChime-EPIC-shared-readers-B2,F3,decode,all,8,65536,21094727680,1027604480,22122397696
LLAMA-65B--KVChime-EPIC-shared-readers-B2,F3,decode,all,9,65536,21094727680,1032847360,22127640576
LLAMA-65B--KVChime-EPIC-shared-readers-B2,F3,decode,all,10,65536,21094727680,1038090240,22132883456
LLAMA-65B--KVChime-EPIC-shared-readers-B2,F3,decode,all,11,65536,21094727680,1043333120,22138126336
LLAMA-65B--KVChime-EPIC-shared-readers-B2,F3,decode,all,12,65536,21094727680,1048576000,22143369216
LLAMA-65B--KVChime-EPIC-shared-readers-B2,F3,decode,all,13,65536,21094727680,1053818880,22148612096
LLAMA-65B--KVChime-EPIC-shared-readers-B2,F3,decode,all,14,65536,21094727680,1059061760,22153854976
LLAMA-65B--KVChime-EPIC-shared-readers-B2,F3,decode,all,15,65536,21094727680,1064304640,22159097856
LLAMA-65B--KVChime-EPIC-shared-readers-B2,F4,prefill,0,0,526581760,21094727680,12320768,21633630208
LLAMA-65B--KVChime-EPIC-shared-readers-B2,F4,prefill,1,0,526581760,21094727680,24641536,21645950976
LLAMA-65B--KVChime-EPIC-shared-readers-B2,F4,prefill,2,0,526581760,21094727680,36962304,21658271744
LLAMA-65B--KVChime-EPIC-shared-readers-B2,F4,prefill,3,0,526581760,21094727680,49283072,21670592512
LLAMA-65B--KVChime-EPIC-shared-readers-B2,F4,prefill,4,0,526581760,21094727680,61603840,21682913280
LLAMA-65B--KVChime-EPIC-shared-readers-B2,F4,prefill,5,0,526581760,21094727680,73924608,21695234048
LLAMA-65B--KVChime-EPIC-shared-readers-B2,F4,prefill,6,0,526581760,21094727680,86245376,21707554816
LLAMA-65B--KVChime-EPIC-shared-readers-B2,F4,prefill,7,0,526581760,21094727680,98566144,21719875584
LLAMA-65B--KVChime-EPIC-shared-readers-B2,F4,prefill,8,0,526581760,21094727680,110886912,21732196352
LLAMA-65B--KVChime-EPIC-shared-readers-B2,F4,prefill,9,0,526581760,21094727680,123207680,21744517120
LLAMA-65B--KVChime-EPIC-shared-readers-B2,F4,prefill,10,0,526581760,21094727680,135528448,21756837888
LLAMA-65B--KVChime-EPIC-shared-readers-B2,F4,prefill,11,0,526581760,21094727680,147849216,21769158656
LLAMA-65B--KVChime-EPIC-shared-readers-B2,F4,prefill,12,0,526581760,21094727680,160169984,21781479424
LLAMA-65B--KVChime-EPIC-shared-readers-B2,F4,prefill,13,0,526581760,21094727680,172490752,21793800192
LLAMA-65B--KVChime-EPIC-shared-readers-B2,F4,prefill,14,0,526581760,21094727680,184811520,21806120960
LLAMA-65B--KVChime-EPIC-shared-readers-B2,F4,prefill,15,0,526581760,21094727680,197132288,21818441728
LLAMA-65B--KVChime-EPIC-shared-readers-B2,F4,prefill,16,0,526581760,21094727680,209453056,21830762496
LLAMA-65B--KVChime-EPIC-shared-readers-B2,F4,prefill,17,0,526581760,21094727680,221773824,21843083264
LLAMA-65B--KVChime-EPIC-shared-readers-B2,F4,prefill,18,0,526581760,21094727680,234094592,21855404032
LLAMA-65B--KVChime-EPIC-shared-readers-B2,F4,prefill,19,0,526581760,21094727680,246415360,21867724800
LLAMA-65B--KVChime-EPIC-shared-readers-B2,F4,prefill,20,0,526581760,21094727680,258736128,21880045568
LLAMA-65B--KVChime-EPIC-shared-readers-B2,F4,prefill,21,0,526581760,21094727680,271056896,21892366336
LLAMA-65B--KVChime-EPIC-shared-readers-B2,F4,prefill,22,0,526581760,21094727680,283377664,21904687104
LLAMA-65B--KVChime-EPIC-shared-readers-B2,F4,prefill,23,0,526581760,21094727680,295698432,21917007872
LLAMA-65B--KVChime-EPIC-shared-readers-B2,F4,prefill,24,0,526581760,21094727680,308019200,21929328640
LLAMA-65B--KVChime-EPIC-shared-readers-B2,F4,prefill,25,0,526581760,21094727680,320339968,21941649408
LLAMA-65B--KVChime-EPIC-shared-readers-B2,F4,prefill,26,0,526581760,21094727680,332660736,21953970176
LLAMA-65B--KVChime-EPIC-shared-readers-B2,F4,prefill,27,0,526581760,21094727680,344981504,21966290944
LLAMA-65B--KVChime-EPIC-shared-readers-B2,F4,prefill,28,0,526581760,21094727680,357302272,21978611712
LLAMA-65B--KVChime-EPIC-shared-readers-B2,F4,prefill,29,0,526581760,21094727680,369623040,21990932480
LLAMA-65B--KVChime-EPIC-shared-readers-B2,F4,prefill,30,0,526581760,21094727680,381943808,22003253248
LLAMA-65B--KVChime-EPIC-shared-readers-B2,F4,prefill,31,0,526581760,21094727680,394264576,22015574016
LLAMA-65B--KVChime-EPIC-shared-readers-B2,F4,prefill,32,0,526581760,21094727680,406585344,22027894784
LLAMA-65B--KVChime-EPIC-shared-readers-B2,F4,prefill,33,0,526581760,21094727680,418906112,22040215552
LLAMA-65B--KVChime-EPIC-shared-readers-B2,F4,prefill,34,0,526581760,21094727680,431226880,22052536320
LLAMA-65B--KVChime-EPIC-shared-readers-B2,F4,prefill,35,0,526581760,21094727680,443547648,22064857088
LLAMA-65B--KVChime-EPIC-shared-readers-B2,F4,prefill,36,0,526581760,21094727680,455868416,22077177856
LLAMA-65B--KVChime-EPIC-shared-readers-B2,F4,prefill,37,0,526581760,21094727680,468189184,22089498624
LLAMA-65B--KVChime-EPIC-shared-readers-B2,F4,prefill,38,0,526581760,21094727680,480509952,22101819392
LLAMA-65B--KVChime-EPIC-shared-readers-B2,F4,prefill,39,0,526581760,21094727680,492830720,22114140160
LLAMA-65B--KVChime-EPIC-shared-readers-B2,F4,prefill,40,0,526581760,21094727680,505151488,22126460928
LLAMA-65B--KVChime-EPIC-shared-readers-B2,F4,prefill,41,0,526581760,21094727680,517472256,22138781696
LLAMA-65B--KVChime-EPIC-shared-readers-B2,F4,prefill,42,0,526581760,21094727680,529793024,22151102464
LLAMA-65B--KVChime-EPIC-shared-readers-B2,F4,prefill,43,0,526581760,21094727680,542113792,22163423232
LLAMA-65B--KVChime-EPIC-shared-readers-B2,F4,prefill,44,0,526581760,21094727680,554434560,22175744000
LLAMA-65B--KVChime-EPIC-shared-readers-B2,F4,prefill,45,0,526581760,21094727680,566755328,22188064768
LLAMA-65B--KVChime-EPIC-shared-readers-B2,F4,prefill,46,0,526581760,21094727680,579076096,22200385536
LLAMA-65B--KVChime-EPIC-shared-readers-B2,F4,prefill,47,0,526581760,21094727680,591396864,22212706304
LLAMA-65B--KVChime-EPIC-shared-readers-B2,F4,prefill,48,0,526581760,21094727680,603717632,22225027072
LLAMA-65B--KVChime-EPIC-shared-readers-B2,F4,prefill,49,0,526581760,21094727680,616038400,22237347840
LLAMA-65B--KVChime-EPIC-shared-readers-B2,F4,prefill,50,0,526581760,21094727680,628359168,22249668608
LLAMA-65B--KVChime-EPIC-shared-readers-B2,F4,prefill,51,0,526581760,21094727680,640679936,22261989376
LLAMA-65B--KVChime-EPIC-shared-readers-B2,F4,prefill,52,0,526581760,21094727680,653000704,22274310144
LLAMA-65B--KVChime-EPIC-shared-readers-B2,F4,prefill,53,0,526581760,21094727680,665321472,22286630912
LLAMA-65B--KVChime-EPIC-shared-readers-B2,F4,prefill,54,0,526581760,21094727680,677642240,22298951680
LLAMA-65B--KVChime-EPIC-shared-readers-B2,F4,prefill,55,0,526581760,21094727680,689963008,22311272448
LLAMA-65B--KVChime-EPIC-shared-readers-B2,F4,prefill,56,0,526581760,21094727680,702283776,22323593216
LLAMA-65B--KVChime-EPIC-shared-readers-B2,F4,prefill,57,0,526581760,21094727680,714604544,22335913984
LLAMA-65B--KVChime-EPIC-shared-readers-B2,F4,prefill,58,0,526581760,21094727680,726925312,22348234752
LLAMA-65B--KVChime-EPIC-shared-readers-B2,F4,prefill,59,0,526581760,21094727680,739246080,22360555520
LLAMA-65B--KVChime-EPIC-shared-readers-B2,F4,prefill,60,0,526581760,21094727680,751566848,22372876288
LLAMA-65B--KVChime-EPIC-shared-readers-B2,F4,prefill,61,0,526581760,21094727680,763887616,22385197056
LLAMA-65B--KVChime-EPIC-shared-readers-B2,F4,prefill,62,0,526581760,21094727680,776208384,22397517824
LLAMA-65B--KVChime-EPIC-shared-readers-B2,F4,prefill,63,0,526581760,21094727680,788529152,22409838592
LLAMA-65B--KVChime-EPIC-shared-readers-B2,F4,prefill,64,0,526581760,21094727680,800849920,22422159360
LLAMA-65B--KVChime-EPIC-shared-readers-B2,F4,prefill,65,0,526581760,21094727680,813170688,22434480128
LLAMA-65B--KVChime-EPIC-shared-readers-B2,F4,prefill,66,0,526581760,21094727680,825491456,22446800896
LLAMA-65B--KVChime-EPIC-shared-readers-B2,F4,prefill,67,0,526581760,21094727680,837812224,22459121664
LLAMA-65B--KVChime-EPIC-shared-readers-B2,F4,prefill,68,0,526581760,21094727680,850132992,22471442432
LLAMA-65B--KVChime-EPIC-shared-readers-B2,F4,prefill,69,0,526581760,21094727680,862453760,22483763200
LLAMA-65B--KVChime-EPIC-shared-readers-B2,F4,prefill,70,0,526581760,21094727680,874774528,22496083968
LLAMA-65B--KVChime-EPIC-shared-readers-B2,F4,prefill,71,0,526581760,21094727680,887095296,22508404736
LLAMA-65B--KVChime-EPIC-shared-readers-B2,F4,prefill,72,0,526581760,21094727680,899416064,22520725504
LLAMA-65B--KVChime-EPIC-shared-readers-B2,F4,prefill,73,0,526581760,21094727680,911736832,22533046272
LLAMA-65B--KVChime-EPIC-shared-readers-B2,F4,prefill,74,0,526581760,21094727680,924057600,22545367040
LLAMA-65B--KVChime-EPIC-shared-readers-B2,F4,prefill,75,0,526581760,21094727680,936378368,22557687808
LLAMA-65B--KVChime-EPIC-shared-readers-B2,F4,prefill,76,0,526581760,21094727680,948699136,22570008576
LLAMA-65B--KVChime-EPIC-shared-readers-B2,F4,prefill,77,0,526581760,21094727680,961019904,22582329344
LLAMA-65B--KVChime-EPIC-shared-readers-B2,F4,prefill,78,0,526581760,21094727680,973340672,22594650112
LLAMA-65B--KVChime-EPIC-shared-readers-B2,F4,prefill,79,0,526581760,21094727680,985661440,22606970880
LLAMA-65B--KVChime-EPIC-shared-readers-B2,F4,decode,all,1,65536,21094727680,990904320,22085697536
LLAMA-65B--KVChime-EPIC-shared-readers-B2,F4,decode,all,2,65536,21094727680,996147200,22090940416
LLAMA-65B--KVChime-EPIC-shared-readers-B2,F4,decode,all,3,65536,21094727680,1001390080,22096183296
LLAMA-65B--KVChime-EPIC-shared-readers-B2,F4,decode,all,4,65536,21094727680,1006632960,22101426176
LLAMA-65B--KVChime-EPIC-shared-readers-B2,F4,decode,all,5,65536,21094727680,1011875840,22106669056
LLAMA-65B--KVChime-EPIC-shared-readers-B2,F4,decode,all,6,65536,21094727680,1017118720,22111911936
LLAMA-65B--KVChime-EPIC-shared-readers-B2,F4,decode,all,7,65536,21094727680,1022361600,22117154816
LLAMA-65B--KVChime-EPIC-shared-readers-B2,F4,decode,all,8,65536,21094727680,1027604480,22122397696
LLAMA-65B--KVChime-EPIC-shared-readers-B2,F4,decode,all,9,65536,21094727680,1032847360,22127640576
LLAMA-65B--KVChime-EPIC-shared-readers-B2,F4,decode,all,10,65536,21094727680,1038090240,22132883456
LLAMA-65B--KVChime-EPIC-shared-readers-B2,F4,decode,all,11,65536,21094727680,1043333120,22138126336
LLAMA-65B--KVChime-EPIC-shared-readers-B2,F4,decode,all,12,65536,21094727680,1048576000,22143369216
LLAMA-65B--KVChime-EPIC-shared-readers-B2,F4,decode,all,13,65536,21094727680,1053818880,22148612096
LLAMA-65B--KVChime-EPIC-shared-readers-B2,F4,decode,all,14,65536,21094727680,1059061760,22153854976
LLAMA-65B--KVChime-EPIC-shared-readers-B2,F4,decode,all,15,65536,21094727680,1064304640,22159097856
LLAMA-65B--KVChime-EPIC-shared-readers-B4,F0,prefill,0,0,1053163520,0,0,1053163520
LLAMA-65B--KVChime-EPIC-shared-readers-B4,F0,prefill,1,0,2106327040,0,0,2106327040
LLAMA-65B--KVChime-EPIC-shared-readers-B4,F0,prefill,2,0,3159490560,0,0,3159490560
LLAMA-65B--KVChime-EPIC-shared-readers-B4,F0,prefill,3,0,4212654080,0,0,4212654080
LLAMA-65B--KVChime-EPIC-shared-readers-B4,F0,prefill,4,0,5265817600,0,0,5265817600
LLAMA-65B--KVChime-EPIC-shared-readers-B4,F0,prefill,5,0,6318981120,0,0,6318981120
LLAMA-65B--KVChime-EPIC-shared-readers-B4,F0,prefill,6,0,7372144640,0,0,7372144640
LLAMA-65B--KVChime-EPIC-shared-readers-B4,F0,prefill,7,0,8425308160,0,0,8425308160
LLAMA-65B--KVChime-EPIC-shared-readers-B4,F0,prefill,8,0,9478471680,0,0,9478471680
LLAMA-65B--KVChime-EPIC-shared-readers-B4,F0,prefill,9,0,10531635200,0,0,10531635200
LLAMA-65B--KVChime-EPIC-shared-readers-B4,F0,prefill,10,0,11584798720,0,0,11584798720
LLAMA-65B--KVChime-EPIC-shared-readers-B4,F0,prefill,11,0,12637962240,0,0,12637962240
LLAMA-65B--KVChime-EPIC-shared-readers-B4,F0,prefill,12,0,13691125760,0,0,13691125760
LLAMA-65B--KVChime-EPIC-shared-readers-B4,F0,prefill,13,0,14744289280,0,0,14744289280
LLAMA-65B--KVChime-EPIC-shared-readers-B4,F0,prefill,14,0,15797452800,0,0,15797452800
LLAMA-65B--KVChime-EPIC-shared-readers-B4,F0,prefill,15,0,16850616320,0,0,16850616320
LLAMA-65B--KVChime-EPIC-shared-readers-B4,F0,prefill,16,0,17903779840,0,0,17903779840
LLAMA-65B--KVChime-EPIC-shared-readers-B4,F0,prefill,17,0,18956943360,0,0,18956943360
LLAMA-65B--KVChime-EPIC-shared-readers-B4,F0,prefill,18,0,20010106880,0,0,20010106880
LLAMA-65B--KVChime-EPIC-shared-readers-B4,F0,prefill,19,0,21063270400,0,0,21063270400
LLAMA-65B--KVChime-EPIC-shared-readers-B4,F0,prefill,20,0,22116433920,0,0,22116433920
LLAMA-65B--KVChime-EPIC-shared-readers-B4,F0,prefill,21,0,23169597440,0,0,23169597440
LLAMA-65B--KVChime-EPIC-shared-readers-B4,F0,prefill,22,0,24222760960,0,0,24222760960
LLAMA-65B--KVChime-EPIC-shared-readers-B4,F0,prefill,23,0,25275924480,0,0,25275924480
LLAMA-65B--KVChime-EPIC-shared-readers-B4,F0,prefill,24,0,26329088000,0,0,26329088000
LLAMA-65B--KVChime-EPIC-shared-readers-B4,F0,prefill,25,0,27382251520,0,0,27382251520
LLAMA-65B--KVChime-EPIC-shared-readers-B4,F0,prefill,26,0,28435415040,0,0,28435415040
LLAMA-65B--KVChime-EPIC-shared-readers-B4,F0,prefill,27,0,29488578560,0,0,29488578560
LLAMA-65B--KVChime-EPIC-shared-readers-B4,F0,prefill,28,0,30541742080,0,0,30541742080
LLAMA-65B--KVChime-EPIC-shared-readers-B4,F0,prefill,29,0,31594905600,0,0,31594905600
LLAMA-65B--KVChime-EPIC-shared-readers-B4,F0,prefill,30,0,32648069120,0,0,32648069120
LLAMA-65B--KVChime-EPIC-shared-readers-B4,F0,prefill,31,0,33701232640,0,0,33701232640
LLAMA-65B--KVChime-EPIC-shared-readers-B4,F0,prefill,32,0,34754396160,0,0,34754396160
LLAMA-65B--KVChime-EPIC-shared-readers-B4,F0,prefill,33,0,35807559680,0,0,35807559680
LLAMA-65B--KVChime-EPIC-shared-readers-B4,F0,prefill,34,0,36860723200,0,0,36860723200
LLAMA-65B--KVChime-EPIC-shared-readers-B4,F0,prefill,35,0,37913886720,0,0,37913886720
LLAMA-65B--KVChime-EPIC-shared-readers-B4,F0,prefill,36,0,38967050240,0,0,38967050240
LLAMA-65B--KVChime-EPIC-shared-readers-B4,F0,prefill,37,0,40020213760,0,0,40020213760
LLAMA-65B--KVChime-EPIC-shared-readers-B4,F0,prefill,38,0,41073377280,0,0,41073377280
LLAMA-65B--KVChime-EPIC-shared-readers-B4,F0,prefill,39,0,42126540800,0,0,42126540800
LLAMA-65B--KVChime-EPIC-shared-readers-B4,F0,prefill,40,0,43179704320,0,0,43179704320
LLAMA-65B--KVChime-EPIC-shared-readers-B4,F0,prefill,41,0,44232867840,0,0,44232867840
LLAMA-65B--KVChime-EPIC-shared-readers-B4,F0,prefill,42,0,45286031360,0,0,45286031360
LLAMA-65B--KVChime-EPIC-shared-readers-B4,F0,prefill,43,0,46339194880,0,0,46339194880
LLAMA-65B--KVChime-EPIC-shared-readers-B4,F0,prefill,44,0,47392358400,0,0,47392358400
LLAMA-65B--KVChime-EPIC-shared-readers-B4,F0,prefill,45,0,48445521920,0,0,48445521920
LLAMA-65B--KVChime-EPIC-shared-readers-B4,F0,prefill,46,0,49498685440,0,0,49498685440
LLAMA-65B--KVChime-EPIC-shared-readers-B4,F0,prefill,47,0,50551848960,0,0,50551848960
LLAMA-65B--KVChime-EPIC-shared-readers-B4,F0,prefill,48,0,51605012480,0,0,51605012480
LLAMA-65B--KVChime-EPIC-shared-readers-B4,F0,prefill,49,0,52658176000,0,0,52658176000
LLAMA-65B--KVChime-EPIC-shared-readers-B4,F0,prefill,50,0,53711339520,0,0,53711339520
LLAMA-65B--KVChime-EPIC-shared-readers-B4,F0,prefill,51,0,54764503040,0,0,54764503040
LLAMA-65B--KVChime-EPIC-shared-readers-B4,F0,prefill,52,0,55817666560,0,0,55817666560
LLAMA-65B--KVChime-EPIC-shared-readers-B4,F0,prefill,53,0,56870830080,0,0,56870830080
LLAMA-65B--KVChime-EPIC-shared-readers-B4,F0,prefill,54,0,57923993600,0,0,57923993600
LLAMA-65B--KVChime-EPIC-shared-readers-B4,F0,prefill,55,0,58977157120,0,0,58977157120
LLAMA-65B--KVChime-EPIC-shared-readers-B4,F0,prefill,56,0,60030320640,0,0,60030320640
LLAMA-65B--KVChime-EPIC-shared-readers-B4,F0,prefill,57,0,61083484160,0,0,61083484160
LLAMA-65B--KVChime-EPIC-shared-readers-B4,F0,prefill,58,0,62136647680,0,0,62136647680
LLAMA-65B--KVChime-EPIC-shared-readers-B4,F0,prefill,59,0,63189811200,0,0,63189811200
LLAMA-65B--KVChime-EPIC-shared-readers-B4,F0,prefill,60,0,64242974720,0,0,64242974720
LLAMA-65B--KVChime-EPIC-shared-readers-B4,F0,prefill,61,0,65296138240,0,0,65296138240
LLAMA-65B--KVChime-EPIC-shared-readers-B4,F0,prefill,62,0,66349301760,0,0,66349301760
LLAMA-65B--KVChime-EPIC-shared-readers-B4,F0,prefill,63,0,67402465280,0,0,67402465280
LLAMA-65B--KVChime-EPIC-shared-readers-B4,F0,prefill,64,0,68455628800,0,0,68455628800
LLAMA-65B--KVChime-EPIC-shared-readers-B4,F0,prefill,65,0,69508792320,0,0,69508792320
LLAMA-65B--KVChime-EPIC-shared-readers-B4,F0,prefill,66,0,70561955840,0,0,70561955840
LLAMA-65B--KVChime-EPIC-shared-readers-B4,F0,prefill,67,0,71615119360,0,0,71615119360
LLAMA-65B--KVChime-EPIC-shared-readers-B4,F0,prefill,68,0,72668282880,0,0,72668282880
LLAMA-65B--KVChime-EPIC-shared-readers-B4,F0,prefill,69,0,73721446400,0,0,73721446400
LLAMA-65B--KVChime-EPIC-shared-readers-B4,F0,prefill,70,0,74774609920,0,0,74774609920
LLAMA-65B--KVChime-EPIC-shared-readers-B4,F0,prefill,71,0,75827773440,0,0,75827773440
LLAMA-65B--KVChime-EPIC-shared-readers-B4,F0,prefill,72,0,76880936960,0,0,76880936960
LLAMA-65B--KVChime-EPIC-shared-readers-B4,F0,prefill,73,0,77934100480,0,0,77934100480
LLAMA-65B--KVChime-EPIC-shared-readers-B4,F0,prefill,74,0,78987264000,0,0,78987264000
LLAMA-65B--KVChime-EPIC-shared-readers-B4,F0,prefill,75,0,80040427520,0,0,80040427520
LLAMA-65B--KVChime-EPIC-shared-readers-B4,F0,prefill,76,0,81093591040,0,0,81093591040
LLAMA-65B--KVChime-EPIC-shared-readers-B4,F0,prefill,77,0,82146754560,0,0,82146754560
LLAMA-65B--KVChime-EPIC-shared-readers-B4,F0,prefill,78,0,83199918080,0,0,83199918080
LLAMA-65B--KVChime-EPIC-shared-readers-B4,F0,prefill,79,0,84253081600,0,0,84253081600
LLAMA-65B--KVChime-EPIC-shared-readers-B4,F0,decode,all,1,84263567360,0,0,84263567360
LLAMA-65B--KVChime-EPIC-shared-readers-B4,F0,decode,all,2,84274053120,0,0,84274053120
LLAMA-65B--KVChime-EPIC-shared-readers-B4,F0,decode,all,3,84284538880,0,0,84284538880
LLAMA-65B--KVChime-EPIC-shared-readers-B4,F0,decode,all,4,84295024640,0,0,84295024640
LLAMA-65B--KVChime-EPIC-shared-readers-B4,F0,decode,all,5,84305510400,0,0,84305510400
LLAMA-65B--KVChime-EPIC-shared-readers-B4,F0,decode,all,6,84315996160,0,0,84315996160
LLAMA-65B--KVChime-EPIC-shared-readers-B4,F0,decode,all,7,84326481920,0,0,84326481920
LLAMA-65B--KVChime-EPIC-shared-readers-B4,F0,decode,all,8,84336967680,0,0,84336967680
LLAMA-65B--KVChime-EPIC-shared-readers-B4,F0,decode,all,9,84347453440,0,0,84347453440
LLAMA-65B--KVChime-EPIC-shared-readers-B4,F0,decode,all,10,84357939200,0,0,84357939200
LLAMA-65B--KVChime-EPIC-shared-readers-B4,F0,decode,all,11,84368424960,0,0,84368424960
LLAMA-65B--KVChime-EPIC-shared-readers-B4,F0,decode,all,12,84378910720,0,0,84378910720
LLAMA-65B--KVChime-EPIC-shared-readers-B4,F0,decode,all,13,84389396480,0,0,84389396480
LLAMA-65B--KVChime-EPIC-shared-readers-B4,F0,decode,all,14,84399882240,0,0,84399882240
LLAMA-65B--KVChime-EPIC-shared-readers-B4,F0,decode,all,15,84410368000,0,0,84410368000
LLAMA-65B--KVChime-EPIC-shared-readers-B4,F1,prefill,0,0,1053163520,21157642240,0,22210805760
LLAMA-65B--KVChime-EPIC-shared-readers-B4,F1,prefill,1,0,2106327040,21157642240,0,23263969280
LLAMA-65B--KVChime-EPIC-shared-readers-B4,F1,prefill,2,0,3159490560,21157642240,0,24317132800
LLAMA-65B--KVChime-EPIC-shared-readers-B4,F1,prefill,3,0,4212654080,21157642240,0,25370296320
LLAMA-65B--KVChime-EPIC-shared-readers-B4,F1,prefill,4,0,5265817600,21157642240,0,26423459840
LLAMA-65B--KVChime-EPIC-shared-readers-B4,F1,prefill,5,0,6318981120,21157642240,0,27476623360
LLAMA-65B--KVChime-EPIC-shared-readers-B4,F1,prefill,6,0,7372144640,21157642240,0,28529786880
LLAMA-65B--KVChime-EPIC-shared-readers-B4,F1,prefill,7,0,8425308160,21157642240,0,29582950400
LLAMA-65B--KVChime-EPIC-shared-readers-B4,F1,prefill,8,0,9478471680,21157642240,0,30636113920
LLAMA-65B--KVChime-EPIC-shared-readers-B4,F1,prefill,9,0,10531635200,21157642240,0,31689277440
LLAMA-65B--KVChime-EPIC-shared-readers-B4,F1,prefill,10,0,11584798720,21157642240,0,32742440960
LLAMA-65B--KVChime-EPIC-shared-readers-B4,F1,prefill,11,0,12637962240,21157642240,0,33795604480
LLAMA-65B--KVChime-EPIC-shared-readers-B4,F1,prefill,12,0,13691125760,21157642240,0,34848768000
LLAMA-65B--KVChime-EPIC-shared-readers-B4,F1,prefill,13,0,14744289280,21157642240,0,35901931520
LLAMA-65B--KVChime-EPIC-shared-readers-B4,F1,prefill,14,0,15797452800,21157642240,0,36955095040
LLAMA-65B--KVChime-EPIC-shared-readers-B4,F1,prefill,15,0,16850616320,21157642240,0,38008258560
LLAMA-65B--KVChime-EPIC-shared-readers-B4,F1,prefill,16,0,17903779840,21157642240,0,39061422080
LLAMA-65B--KVChime-EPIC-shared-readers-B4,F1,prefill,17,0,18956943360,21157642240,0,40114585600
LLAMA-65B--KVChime-EPIC-shared-readers-B4,F1,prefill,18,0,20010106880,21157642240,0,41167749120
LLAMA-65B--KVChime-EPIC-shared-readers-B4,F1,prefill,19,0,21063270400,21157642240,0,42220912640
LLAMA-65B--KVChime-EPIC-shared-readers-B4,F1,prefill,20,0,22116433920,21157642240,0,43274076160
LLAMA-65B--KVChime-EPIC-shared-readers-B4,F1,prefill,21,0,23169597440,21157642240,0,44327239680
LLAMA-65B--KVChime-EPIC-shared-readers-B4,F1,prefill,22,0,24222760960,21157642240,0,45380403200
LLAMA-65B--KVChime-EPIC-shared-readers-B4,F1,prefill,23,0,25275924480,21157642240,0,46433566720
LLAMA-65B--KVChime-EPIC-shared-readers-B4,F1,prefill,24,0,26329088000,21157642240,0,47486730240
LLAMA-65B--KVChime-EPIC-shared-readers-B4,F1,prefill,25,0,27382251520,21157642240,0,48539893760
LLAMA-65B--KVChime-EPIC-shared-readers-B4,F1,prefill,26,0,28435415040,21157642240,0,49593057280
LLAMA-65B--KVChime-EPIC-shared-readers-B4,F1,prefill,27,0,29488578560,21157642240,0,50646220800
LLAMA-65B--KVChime-EPIC-shared-readers-B4,F1,prefill,28,0,30541742080,21157642240,0,51699384320
LLAMA-65B--KVChime-EPIC-shared-readers-B4,F1,prefill,29,0,31594905600,21157642240,0,52752547840
LLAMA-65B--KVChime-EPIC-shared-readers-B4,F1,prefill,30,0,32648069120,21157642240,0,53805711360
LLAMA-65B--KVChime-EPIC-shared-readers-B4,F1,prefill,31,0,33701232640,21157642240,0,54858874880
LLAMA-65B--KVChime-EPIC-shared-readers-B4,F1,prefill,32,0,34754396160,21157642240,0,55912038400
LLAMA-65B--KVChime-EPIC-shared-readers-B4,F1,prefill,33,0,35807559680,21157642240,0,56965201920
LLAMA-65B--KVChime-EPIC-shared-readers-B4,F1,prefill,34,0,36860723200,21157642240,0,58018365440
LLAMA-65B--KVChime-EPIC-shared-readers-B4,F1,prefill,35,0,37913886720,21157642240,0,59071528960
LLAMA-65B--KVChime-EPIC-shared-readers-B4,F1,prefill,36,0,38967050240,21157642240,0,60124692480
LLAMA-65B--KVChime-EPIC-shared-readers-B4,F1,prefill,37,0,40020213760,21157642240,0,61177856000
LLAMA-65B--KVChime-EPIC-shared-readers-B4,F1,prefill,38,0,41073377280,21157642240,0,62231019520
LLAMA-65B--KVChime-EPIC-shared-readers-B4,F1,prefill,39,0,42126540800,21157642240,0,63284183040
LLAMA-65B--KVChime-EPIC-shared-readers-B4,F1,prefill,40,0,43179704320,21157642240,0,64337346560
LLAMA-65B--KVChime-EPIC-shared-readers-B4,F1,prefill,41,0,44232867840,21157642240,0,65390510080
LLAMA-65B--KVChime-EPIC-shared-readers-B4,F1,prefill,42,0,45286031360,21157642240,0,66443673600
LLAMA-65B--KVChime-EPIC-shared-readers-B4,F1,prefill,43,0,46339194880,21157642240,0,67496837120
LLAMA-65B--KVChime-EPIC-shared-readers-B4,F1,prefill,44,0,47392358400,21157642240,0,68550000640
LLAMA-65B--KVChime-EPIC-shared-readers-B4,F1,prefill,45,0,48445521920,21157642240,0,69603164160
LLAMA-65B--KVChime-EPIC-shared-readers-B4,F1,prefill,46,0,49498685440,21157642240,0,70656327680
LLAMA-65B--KVChime-EPIC-shared-readers-B4,F1,prefill,47,0,50551848960,21157642240,0,71709491200
LLAMA-65B--KVChime-EPIC-shared-readers-B4,F1,prefill,48,0,51605012480,21157642240,0,72762654720
LLAMA-65B--KVChime-EPIC-shared-readers-B4,F1,prefill,49,0,52658176000,21157642240,0,73815818240
LLAMA-65B--KVChime-EPIC-shared-readers-B4,F1,prefill,50,0,53711339520,21157642240,0,74868981760
LLAMA-65B--KVChime-EPIC-shared-readers-B4,F1,prefill,51,0,54764503040,21157642240,0,75922145280
LLAMA-65B--KVChime-EPIC-shared-readers-B4,F1,prefill,52,0,55817666560,21157642240,0,76975308800
LLAMA-65B--KVChime-EPIC-shared-readers-B4,F1,prefill,53,0,56870830080,21157642240,0,78028472320
LLAMA-65B--KVChime-EPIC-shared-readers-B4,F1,prefill,54,0,57923993600,21157642240,0,79081635840
LLAMA-65B--KVChime-EPIC-shared-readers-B4,F1,prefill,55,0,58977157120,21157642240,0,80134799360
LLAMA-65B--KVChime-EPIC-shared-readers-B4,F1,prefill,56,0,60030320640,21157642240,0,81187962880
LLAMA-65B--KVChime-EPIC-shared-readers-B4,F1,prefill,57,0,61083484160,21157642240,0,82241126400
LLAMA-65B--KVChime-EPIC-shared-readers-B4,F1,prefill,58,0,62136647680,21157642240,0,83294289920
LLAMA-65B--KVChime-EPIC-shared-readers-B4,F1,prefill,59,0,63189811200,21157642240,0,84347453440
LLAMA-65B--KVChime-EPIC-shared-readers-B4,F1,prefill,60,0,64242974720,21157642240,0,85400616960
LLAMA-65B--KVChime-EPIC-shared-readers-B4,F1,prefill,61,0,65296138240,21157642240,0,86453780480
LLAMA-65B--KVChime-EPIC-shared-readers-B4,F1,prefill,62,0,66349301760,21157642240,0,87506944000
LLAMA-65B--KVChime-EPIC-shared-readers-B4,F1,prefill,63,0,67402465280,21157642240,0,88560107520
LLAMA-65B--KVChime-EPIC-shared-readers-B4,F1,prefill,64,0,68455628800,21157642240,0,89613271040
LLAMA-65B--KVChime-EPIC-shared-readers-B4,F1,prefill,65,0,69508792320,21157642240,0,90666434560
LLAMA-65B--KVChime-EPIC-shared-readers-B4,F1,prefill,66,0,70561955840,21157642240,0,91719598080
LLAMA-65B--KVChime-EPIC-shared-readers-B4,F1,prefill,67,0,71615119360,21157642240,0,92772761600
LLAMA-65B--KVChime-EPIC-shared-readers-B4,F1,prefill,68,0,72668282880,21157642240,0,93825925120
LLAMA-65B--KVChime-EPIC-shared-readers-B4,F1,prefill,69,0,73721446400,21157642240,0,94879088640
LLAMA-65B--KVChime-EPIC-shared-readers-B4,F1,prefill,70,0,74774609920,21157642240,0,95932252160
LLAMA-65B--KVChime-EPIC-shared-readers-B4,F1,prefill,71,0,75827773440,21157642240,0,96985415680
LLAMA-65B--KVChime-EPIC-shared-readers-B4,F1,prefill,72,0,76880936960,21157642240,0,98038579200
LLAMA-65B--KVChime-EPIC-shared-readers-B4,F1,prefill,73,0,77934100480,21157642240,0,99091742720
LLAMA-65B--KVChime-EPIC-shared-readers-B4,F1,prefill,74,0,78987264000,21157642240,0,100144906240
LLAMA-65B--KVChime-EPIC-shared-readers-B4,F1,prefill,75,0,80040427520,21157642240,0,101198069760
LLAMA-65B--KVChime-EPIC-shared-readers-B4,F1,prefill,76,0,81093591040,21157642240,0,102251233280
LLAMA-65B--KVChime-EPIC-shared-readers-B4,F1,prefill,77,0,82146754560,21157642240,0,103304396800
LLAMA-65B--KVChime-EPIC-shared-readers-B4,F1,prefill,78,0,83199918080,21157642240,0,104357560320
LLAMA-65B--KVChime-EPIC-shared-readers-B4,F1,prefill,79,0,84253081600,21157642240,0,105410723840
LLAMA-65B--KVChime-EPIC-shared-readers-B4,F1,decode,all,1,84263567360,21157642240,0,105421209600
LLAMA-65B--KVChime-EPIC-shared-readers-B4,F1,decode,all,2,84274053120,21157642240,0,105431695360
LLAMA-65B--KVChime-EPIC-shared-readers-B4,F1,decode,all,3,84284538880,21157642240,0,105442181120
LLAMA-65B--KVChime-EPIC-shared-readers-B4,F1,decode,all,4,84295024640,21157642240,0,105452666880
LLAMA-65B--KVChime-EPIC-shared-readers-B4,F1,decode,all,5,84305510400,21157642240,0,105463152640
LLAMA-65B--KVChime-EPIC-shared-readers-B4,F1,decode,all,6,84315996160,21157642240,0,105473638400
LLAMA-65B--KVChime-EPIC-shared-readers-B4,F1,decode,all,7,84326481920,21157642240,0,105484124160
LLAMA-65B--KVChime-EPIC-shared-readers-B4,F1,decode,all,8,84336967680,21157642240,0,105494609920
LLAMA-65B--KVChime-EPIC-shared-readers-B4,F1,decode,all,9,84347453440,21157642240,0,105505095680
LLAMA-65B--KVChime-EPIC-shared-readers-B4,F1,decode,all,10,84357939200,21157642240,0,105515581440
LLAMA-65B--KVChime-EPIC-shared-readers-B4,F1,decode,all,11,84368424960,21157642240,0,105526067200
LLAMA-65B--KVChime-EPIC-shared-readers-B4,F1,decode,all,12,84378910720,21157642240,0,105536552960
LLAMA-65B--KVChime-EPIC-shared-readers-B4,F1,decode,all,13,84389396480,21157642240,0,105547038720
LLAMA-65B--KVChime-EPIC-shared-readers-B4,F1,decode,all,14,84399882240,21157642240,0,105557524480
LLAMA-65B--KVChime-EPIC-shared-readers-B4,F1,decode,all,15,84410368000,21157642240,0,105568010240
LLAMA-65B--KVChime-EPIC-shared-readers-B4,F2,prefill,0,0,1053163520,21157642240,1053163520,23263969280
LLAMA-65B--KVChime-EPIC-shared-readers-B4,F2,prefill,1,0,1053163520,21157642240,2106327040,24317132800
LLAMA-65B--KVChime-EPIC-shared-readers-B4,F2,prefill,2,0,1053163520,21157642240,3159490560,25370296320
LLAMA-65B--KVChime-EPIC-shared-readers-B4,F2,prefill,3,0,1053163520,21157642240,4212654080,26423459840
LLAMA-65B--KVChime-EPIC-shared-readers-B4,F2,prefill,4,0,1053163520,21157642240,5265817600,27476623360
LLAMA-65B--KVChime-EPIC-shared-readers-B4,F2,prefill,5,0,1053163520,21157642240,6318981120,28529786880
LLAMA-65B--KVChime-EPIC-shared-readers-B4,F2,prefill,6,0,1053163520,21157642240,7372144640,29582950400
LLAMA-65B--KVChime-EPIC-shared-readers-B4,F2,prefill,7,0,1053163520,21157642240,8425308160,30636113920
LLAMA-65B--KVChime-EPIC-shared-readers-B4,F2,prefill,8,0,1053163520,21157642240,9478471680,31689277440
LLAMA-65B--KVChime-EPIC-shared-readers-B4,F2,prefill,9,0,1053163520,21157642240,10531635200,32742440960
LLAMA-65B--KVChime-EPIC-shared-readers-B4,F2,prefill,10,0,1053163520,21157642240,11584798720,33795604480
LLAMA-65B--KVChime-EPIC-shared-readers-B4,F2,prefill,11,0,1053163520,21157642240,12637962240,34848768000
LLAMA-65B--KVChime-EPIC-shared-readers-B4,F2,prefill,12,0,1053163520,21157642240,13691125760,35901931520
LLAMA-65B--KVChime-EPIC-shared-readers-B4,F2,prefill,13,0,1053163520,21157642240,14744289280,36955095040
LLAMA-65B--KVChime-EPIC-shared-readers-B4,F2,prefill,14,0,1053163520,21157642240,15797452800,38008258560
LLAMA-65B--KVChime-EPIC-shared-readers-B4,F2,prefill,15,0,1053163520,21157642240,16850616320,39061422080
LLAMA-65B--KVChime-EPIC-shared-readers-B4,F2,prefill,16,0,1053163520,21157642240,17903779840,40114585600
LLAMA-65B--KVChime-EPIC-shared-readers-B4,F2,prefill,17,0,1053163520,21157642240,18956943360,41167749120
LLAMA-65B--KVChime-EPIC-shared-readers-B4,F2,prefill,18,0,1053163520,21157642240,20010106880,42220912640
LLAMA-65B--KVChime-EPIC-shared-readers-B4,F2,prefill,19,0,1053163520,21157642240,21063270400,43274076160
LLAMA-65B--KVChime-EPIC-shared-readers-B4,F2,prefill,20,0,1053163520,21157642240,22116433920,44327239680
LLAMA-65B--KVChime-EPIC-shared-readers-B4,F2,prefill,21,0,1053163520,21157642240,23169597440,45380403200
LLAMA-65B--KVChime-EPIC-shared-readers-B4,F2,prefill,22,0,1053163520,21157642240,24222760960,46433566720
LLAMA-65B--KVChime-EPIC-shared-readers-B4,F2,prefill,23,0,1053163520,21157642240,25275924480,47486730240
LLAMA-65B--KVChime-EPIC-shared-readers-B4,F2,prefill,24,0,1053163520,21157642240,26329088000,48539893760
LLAMA-65B--KVChime-EPIC-shared-readers-B4,F2,prefill,25,0,1053163520,21157642240,27382251520,49593057280
LLAMA-65B--KVChime-EPIC-shared-readers-B4,F2,prefill,26,0,1053163520,21157642240,28435415040,50646220800
LLAMA-65B--KVChime-EPIC-shared-readers-B4,F2,prefill,27,0,1053163520,21157642240,29488578560,51699384320
LLAMA-65B--KVChime-EPIC-shared-readers-B4,F2,prefill,28,0,1053163520,21157642240,30541742080,52752547840
LLAMA-65B--KVChime-EPIC-shared-readers-B4,F2,prefill,29,0,1053163520,21157642240,31594905600,53805711360
LLAMA-65B--KVChime-EPIC-shared-readers-B4,F2,prefill,30,0,1053163520,21157642240,32648069120,54858874880
LLAMA-65B--KVChime-EPIC-shared-readers-B4,F2,prefill,31,0,1053163520,21157642240,33701232640,55912038400
LLAMA-65B--KVChime-EPIC-shared-readers-B4,F2,prefill,32,0,1053163520,21157642240,34754396160,56965201920
LLAMA-65B--KVChime-EPIC-shared-readers-B4,F2,prefill,33,0,1053163520,21157642240,35807559680,58018365440
LLAMA-65B--KVChime-EPIC-shared-readers-B4,F2,prefill,34,0,1053163520,21157642240,36860723200,59071528960
LLAMA-65B--KVChime-EPIC-shared-readers-B4,F2,prefill,35,0,1053163520,21157642240,37913886720,60124692480
LLAMA-65B--KVChime-EPIC-shared-readers-B4,F2,prefill,36,0,1053163520,21157642240,38967050240,61177856000
LLAMA-65B--KVChime-EPIC-shared-readers-B4,F2,prefill,37,0,1053163520,21157642240,40020213760,62231019520
LLAMA-65B--KVChime-EPIC-shared-readers-B4,F2,prefill,38,0,1053163520,21157642240,41073377280,63284183040
LLAMA-65B--KVChime-EPIC-shared-readers-B4,F2,prefill,39,0,1053163520,21157642240,42126540800,64337346560
LLAMA-65B--KVChime-EPIC-shared-readers-B4,F2,prefill,40,0,1053163520,21157642240,43179704320,65390510080
LLAMA-65B--KVChime-EPIC-shared-readers-B4,F2,prefill,41,0,1053163520,21157642240,44232867840,66443673600
LLAMA-65B--KVChime-EPIC-shared-readers-B4,F2,prefill,42,0,1053163520,21157642240,45286031360,67496837120
LLAMA-65B--KVChime-EPIC-shared-readers-B4,F2,prefill,43,0,1053163520,21157642240,46339194880,68550000640
LLAMA-65B--KVChime-EPIC-shared-readers-B4,F2,prefill,44,0,1053163520,21157642240,47392358400,69603164160
LLAMA-65B--KVChime-EPIC-shared-readers-B4,F2,prefill,45,0,1053163520,21157642240,48445521920,70656327680
LLAMA-65B--KVChime-EPIC-shared-readers-B4,F2,prefill,46,0,1053163520,21157642240,49498685440,71709491200
LLAMA-65B--KVChime-EPIC-shared-readers-B4,F2,prefill,47,0,1053163520,21157642240,50551848960,72762654720
LLAMA-65B--KVChime-EPIC-shared-readers-B4,F2,prefill,48,0,1053163520,21157642240,51605012480,73815818240
LLAMA-65B--KVChime-EPIC-shared-readers-B4,F2,prefill,49,0,1053163520,21157642240,52658176000,74868981760
LLAMA-65B--KVChime-EPIC-shared-readers-B4,F2,prefill,50,0,1053163520,21157642240,53711339520,75922145280
LLAMA-65B--KVChime-EPIC-shared-readers-B4,F2,prefill,51,0,1053163520,21157642240,54764503040,76975308800
LLAMA-65B--KVChime-EPIC-shared-readers-B4,F2,prefill,52,0,1053163520,21157642240,55817666560,78028472320
LLAMA-65B--KVChime-EPIC-shared-readers-B4,F2,prefill,53,0,1053163520,21157642240,56870830080,79081635840
LLAMA-65B--KVChime-EPIC-shared-readers-B4,F2,prefill,54,0,1053163520,21157642240,57923993600,80134799360
LLAMA-65B--KVChime-EPIC-shared-readers-B4,F2,prefill,55,0,1053163520,21157642240,58977157120,81187962880
LLAMA-65B--KVChime-EPIC-shared-readers-B4,F2,prefill,56,0,1053163520,21157642240,60030320640,82241126400
LLAMA-65B--KVChime-EPIC-shared-readers-B4,F2,prefill,57,0,1053163520,21157642240,61083484160,83294289920
LLAMA-65B--KVChime-EPIC-shared-readers-B4,F2,prefill,58,0,1053163520,21157642240,62136647680,84347453440
LLAMA-65B--KVChime-EPIC-shared-readers-B4,F2,prefill,59,0,1053163520,21157642240,63189811200,85400616960
LLAMA-65B--KVChime-EPIC-shared-readers-B4,F2,prefill,60,0,1053163520,21157642240,64242974720,86453780480
LLAMA-65B--KVChime-EPIC-shared-readers-B4,F2,prefill,61,0,1053163520,21157642240,65296138240,87506944000
LLAMA-65B--KVChime-EPIC-shared-readers-B4,F2,prefill,62,0,1053163520,21157642240,66349301760,88560107520
LLAMA-65B--KVChime-EPIC-shared-readers-B4,F2,prefill,63,0,1053163520,21157642240,67402465280,89613271040
LLAMA-65B--KVChime-EPIC-shared-readers-B4,F2,prefill,64,0,1053163520,21157642240,68455628800,90666434560
LLAMA-65B--KVChime-EPIC-shared-readers-B4,F2,prefill,65,0,1053163520,21157642240,69508792320,91719598080
LLAMA-65B--KVChime-EPIC-shared-readers-B4,F2,prefill,66,0,1053163520,21157642240,70561955840,92772761600
LLAMA-65B--KVChime-EPIC-shared-readers-B4,F2,prefill,67,0,1053163520,21157642240,71615119360,93825925120
LLAMA-65B--KVChime-EPIC-shared-readers-B4,F2,prefill,68,0,1053163520,21157642240,72668282880,94879088640
LLAMA-65B--KVChime-EPIC-shared-readers-B4,F2,prefill,69,0,1053163520,21157642240,73721446400,95932252160
LLAMA-65B--KVChime-EPIC-shared-readers-B4,F2,prefill,70,0,1053163520,21157642240,74774609920,96985415680
LLAMA-65B--KVChime-EPIC-shared-readers-B4,F2,prefill,71,0,1053163520,21157642240,75827773440,98038579200
LLAMA-65B--KVChime-EPIC-shared-readers-B4,F2,prefill,72,0,1053163520,21157642240,76880936960,99091742720
LLAMA-65B--KVChime-EPIC-shared-readers-B4,F2,prefill,73,0,1053163520,21157642240,77934100480,100144906240
LLAMA-65B--KVChime-EPIC-shared-readers-B4,F2,prefill,74,0,1053163520,21157642240,78987264000,101198069760
LLAMA-65B--KVChime-EPIC-shared-readers-B4,F2,prefill,75,0,1053163520,21157642240,80040427520,102251233280
LLAMA-65B--KVChime-EPIC-shared-readers-B4,F2,prefill,76,0,1053163520,21157642240,81093591040,103304396800
LLAMA-65B--KVChime-EPIC-shared-readers-B4,F2,prefill,77,0,1053163520,21157642240,82146754560,104357560320
LLAMA-65B--KVChime-EPIC-shared-readers-B4,F2,prefill,78,0,1053163520,21157642240,83199918080,105410723840
LLAMA-65B--KVChime-EPIC-shared-readers-B4,F2,prefill,79,0,1053163520,21157642240,84253081600,106463887360
LLAMA-65B--KVChime-EPIC-shared-readers-B4,F2,decode,all,1,131072,21157642240,84263567360,105421340672
LLAMA-65B--KVChime-EPIC-shared-readers-B4,F2,decode,all,2,131072,21157642240,84274053120,105431826432
LLAMA-65B--KVChime-EPIC-shared-readers-B4,F2,decode,all,3,131072,21157642240,84284538880,105442312192
LLAMA-65B--KVChime-EPIC-shared-readers-B4,F2,decode,all,4,131072,21157642240,84295024640,105452797952
LLAMA-65B--KVChime-EPIC-shared-readers-B4,F2,decode,all,5,131072,21157642240,84305510400,105463283712
LLAMA-65B--KVChime-EPIC-shared-readers-B4,F2,decode,all,6,131072,21157642240,84315996160,105473769472
LLAMA-65B--KVChime-EPIC-shared-readers-B4,F2,decode,all,7,131072,21157642240,84326481920,105484255232
LLAMA-65B--KVChime-EPIC-shared-readers-B4,F2,decode,all,8,131072,21157642240,84336967680,105494740992
LLAMA-65B--KVChime-EPIC-shared-readers-B4,F2,decode,all,9,131072,21157642240,84347453440,105505226752
LLAMA-65B--KVChime-EPIC-shared-readers-B4,F2,decode,all,10,131072,21157642240,84357939200,105515712512
LLAMA-65B--KVChime-EPIC-shared-readers-B4,F2,decode,all,11,131072,21157642240,84368424960,105526198272
LLAMA-65B--KVChime-EPIC-shared-readers-B4,F2,decode,all,12,131072,21157642240,84378910720,105536684032
LLAMA-65B--KVChime-EPIC-shared-readers-B4,F2,decode,all,13,131072,21157642240,84389396480,105547169792
LLAMA-65B--KVChime-EPIC-shared-readers-B4,F2,decode,all,14,131072,21157642240,84399882240,105557655552
LLAMA-65B--KVChime-EPIC-shared-readers-B4,F2,decode,all,15,131072,21157642240,84410368000,105568141312
LLAMA-65B--KVChime-EPIC-shared-readers-B4,F3,prefill,0,0,1053163520,21157642240,24641536,22235447296
LLAMA-65B--KVChime-EPIC-shared-readers-B4,F3,prefill,1,0,1053163520,21157642240,49283072,22260088832
LLAMA-65B--KVChime-EPIC-shared-readers-B4,F3,prefill,2,0,1053163520,21157642240,73924608,22284730368
LLAMA-65B--KVChime-EPIC-shared-readers-B4,F3,prefill,3,0,1053163520,21157642240,98566144,22309371904
LLAMA-65B--KVChime-EPIC-shared-readers-B4,F3,prefill,4,0,1053163520,21157642240,123207680,22334013440
LLAMA-65B--KVChime-EPIC-shared-readers-B4,F3,prefill,5,0,1053163520,21157642240,147849216,22358654976
LLAMA-65B--KVChime-EPIC-shared-readers-B4,F3,prefill,6,0,1053163520,21157642240,172490752,22383296512
LLAMA-65B--KVChime-EPIC-shared-readers-B4,F3,prefill,7,0,1053163520,21157642240,197132288,22407938048
LLAMA-65B--KVChime-EPIC-shared-readers-B4,F3,prefill,8,0,1053163520,21157642240,221773824,22432579584
LLAMA-65B--KVChime-EPIC-shared-readers-B4,F3,prefill,9,0,1053163520,21157642240,246415360,22457221120
LLAMA-65B--KVChime-EPIC-shared-readers-B4,F3,prefill,10,0,1053163520,21157642240,271056896,22481862656
LLAMA-65B--KVChime-EPIC-shared-readers-B4,F3,prefill,11,0,1053163520,21157642240,295698432,22506504192
LLAMA-65B--KVChime-EPIC-shared-readers-B4,F3,prefill,12,0,1053163520,21157642240,320339968,22531145728
LLAMA-65B--KVChime-EPIC-shared-readers-B4,F3,prefill,13,0,1053163520,21157642240,344981504,22555787264
LLAMA-65B--KVChime-EPIC-shared-readers-B4,F3,prefill,14,0,1053163520,21157642240,369623040,22580428800
LLAMA-65B--KVChime-EPIC-shared-readers-B4,F3,prefill,15,0,1053163520,21157642240,394264576,22605070336
LLAMA-65B--KVChime-EPIC-shared-readers-B4,F3,prefill,16,0,1053163520,21157642240,418906112,22629711872
LLAMA-65B--KVChime-EPIC-shared-readers-B4,F3,prefill,17,0,1053163520,21157642240,443547648,22654353408
LLAMA-65B--KVChime-EPIC-shared-readers-B4,F3,prefill,18,0,1053163520,21157642240,468189184,22678994944
LLAMA-65B--KVChime-EPIC-shared-readers-B4,F3,prefill,19,0,1053163520,21157642240,492830720,22703636480
LLAMA-65B--KVChime-EPIC-shared-readers-B4,F3,prefill,20,0,1053163520,21157642240,517472256,22728278016
LLAMA-65B--KVChime-EPIC-shared-readers-B4,F3,prefill,21,0,1053163520,21157642240,542113792,22752919552
LLAMA-65B--KVChime-EPIC-shared-readers-B4,F3,prefill,22,0,1053163520,21157642240,566755328,22777561088
LLAMA-65B--KVChime-EPIC-shared-readers-B4,F3,prefill,23,0,1053163520,21157642240,591396864,22802202624
LLAMA-65B--KVChime-EPIC-shared-readers-B4,F3,prefill,24,0,1053163520,21157642240,616038400,22826844160
LLAMA-65B--KVChime-EPIC-shared-readers-B4,F3,prefill,25,0,1053163520,21157642240,640679936,22851485696
LLAMA-65B--KVChime-EPIC-shared-readers-B4,F3,prefill,26,0,1053163520,21157642240,665321472,22876127232
LLAMA-65B--KVChime-EPIC-shared-readers-B4,F3,prefill,27,0,1053163520,21157642240,689963008,22900768768
LLAMA-65B--KVChime-EPIC-shared-readers-B4,F3,prefill,28,0,1053163520,21157642240,714604544,22925410304
LLAMA-65B--KVChime-EPIC-shared-readers-B4,F3,prefill,29,0,1053163520,21157642240,739246080,22950051840
LLAMA-65B--KVChime-EPIC-shared-readers-B4,F3,prefill,30,0,1053163520,21157642240,763887616,22974693376
LLAMA-65B--KVChime-EPIC-shared-readers-B4,F3,prefill,31,0,1053163520,21157642240,788529152,22999334912
LLAMA-65B--KVChime-EPIC-shared-readers-B4,F3,prefill,32,0,1053163520,21157642240,813170688,23023976448
LLAMA-65B--KVChime-EPIC-shared-readers-B4,F3,prefill,33,0,1053163520,21157642240,837812224,23048617984
LLAMA-65B--KVChime-EPIC-shared-readers-B4,F3,prefill,34,0,1053163520,21157642240,862453760,23073259520
LLAMA-65B--KVChime-EPIC-shared-readers-B4,F3,prefill,35,0,1053163520,21157642240,887095296,23097901056
LLAMA-65B--KVChime-EPIC-shared-readers-B4,F3,prefill,36,0,1053163520,21157642240,911736832,23122542592
LLAMA-65B--KVChime-EPIC-shared-readers-B4,F3,prefill,37,0,1053163520,21157642240,936378368,23147184128
LLAMA-65B--KVChime-EPIC-shared-readers-B4,F3,prefill,38,0,1053163520,21157642240,961019904,23171825664
LLAMA-65B--KVChime-EPIC-shared-readers-B4,F3,prefill,39,0,1053163520,21157642240,985661440,23196467200
LLAMA-65B--KVChime-EPIC-shared-readers-B4,F3,prefill,40,0,1053163520,21157642240,1010302976,23221108736
LLAMA-65B--KVChime-EPIC-shared-readers-B4,F3,prefill,41,0,1053163520,21157642240,1034944512,23245750272
LLAMA-65B--KVChime-EPIC-shared-readers-B4,F3,prefill,42,0,1053163520,21157642240,1059586048,23270391808
LLAMA-65B--KVChime-EPIC-shared-readers-B4,F3,prefill,43,0,1053163520,21157642240,1084227584,23295033344
LLAMA-65B--KVChime-EPIC-shared-readers-B4,F3,prefill,44,0,1053163520,21157642240,1108869120,23319674880
LLAMA-65B--KVChime-EPIC-shared-readers-B4,F3,prefill,45,0,1053163520,21157642240,1133510656,23344316416
LLAMA-65B--KVChime-EPIC-shared-readers-B4,F3,prefill,46,0,1053163520,21157642240,1158152192,23368957952
LLAMA-65B--KVChime-EPIC-shared-readers-B4,F3,prefill,47,0,1053163520,21157642240,1182793728,23393599488
LLAMA-65B--KVChime-EPIC-shared-readers-B4,F3,prefill,48,0,1053163520,21157642240,1207435264,23418241024
LLAMA-65B--KVChime-EPIC-shared-readers-B4,F3,prefill,49,0,1053163520,21157642240,1232076800,23442882560
LLAMA-65B--KVChime-EPIC-shared-readers-B4,F3,prefill,50,0,1053163520,21157642240,1256718336,23467524096
LLAMA-65B--KVChime-EPIC-shared-readers-B4,F3,prefill,51,0,1053163520,21157642240,1281359872,23492165632
LLAMA-65B--KVChime-EPIC-shared-readers-B4,F3,prefill,52,0,1053163520,21157642240,1306001408,23516807168
LLAMA-65B--KVChime-EPIC-shared-readers-B4,F3,prefill,53,0,1053163520,21157642240,1330642944,23541448704
LLAMA-65B--KVChime-EPIC-shared-readers-B4,F3,prefill,54,0,1053163520,21157642240,1355284480,23566090240
LLAMA-65B--KVChime-EPIC-shared-readers-B4,F3,prefill,55,0,1053163520,21157642240,1379926016,23590731776
LLAMA-65B--KVChime-EPIC-shared-readers-B4,F3,prefill,56,0,1053163520,21157642240,1404567552,23615373312
LLAMA-65B--KVChime-EPIC-shared-readers-B4,F3,prefill,57,0,1053163520,21157642240,1429209088,23640014848
LLAMA-65B--KVChime-EPIC-shared-readers-B4,F3,prefill,58,0,1053163520,21157642240,1453850624,23664656384
LLAMA-65B--KVChime-EPIC-shared-readers-B4,F3,prefill,59,0,1053163520,21157642240,1478492160,23689297920
LLAMA-65B--KVChime-EPIC-shared-readers-B4,F3,prefill,60,0,1053163520,21157642240,1503133696,23713939456
LLAMA-65B--KVChime-EPIC-shared-readers-B4,F3,prefill,61,0,1053163520,21157642240,1527775232,23738580992
LLAMA-65B--KVChime-EPIC-shared-readers-B4,F3,prefill,62,0,1053163520,21157642240,1552416768,23763222528
LLAMA-65B--KVChime-EPIC-shared-readers-B4,F3,prefill,63,0,1053163520,21157642240,1577058304,23787864064
LLAMA-65B--KVChime-EPIC-shared-readers-B4,F3,prefill,64,0,1053163520,21157642240,1601699840,23812505600
LLAMA-65B--KVChime-EPIC-shared-readers-B4,F3,prefill,65,0,1053163520,21157642240,1626341376,23837147136
LLAMA-65B--KVChime-EPIC-shared-readers-B4,F3,prefill,66,0,1053163520,21157642240,1650982912,23861788672
LLAMA-65B--KVChime-EPIC-shared-readers-B4,F3,prefill,67,0,1053163520,21157642240,1675624448,23886430208
LLAMA-65B--KVChime-EPIC-shared-readers-B4,F3,prefill,68,0,1053163520,21157642240,1700265984,23911071744
LLAMA-65B--KVChime-EPIC-shared-readers-B4,F3,prefill,69,0,1053163520,21157642240,1724907520,23935713280
LLAMA-65B--KVChime-EPIC-shared-readers-B4,F3,prefill,70,0,1053163520,21157642240,1749549056,23960354816
LLAMA-65B--KVChime-EPIC-shared-readers-B4,F3,prefill,71,0,1053163520,21157642240,1774190592,23984996352
LLAMA-65B--KVChime-EPIC-shared-readers-B4,F3,prefill,72,0,1053163520,21157642240,1798832128,24009637888
LLAMA-65B--KVChime-EPIC-shared-readers-B4,F3,prefill,73,0,1053163520,21157642240,1823473664,24034279424
LLAMA-65B--KVChime-EPIC-shared-readers-B4,F3,prefill,74,0,1053163520,21157642240,1848115200,24058920960
LLAMA-65B--KVChime-EPIC-shared-readers-B4,F3,prefill,75,0,1053163520,21157642240,1872756736,24083562496
LLAMA-65B--KVChime-EPIC-shared-readers-B4,F3,prefill,76,0,1053163520,21157642240,1897398272,24108204032
LLAMA-65B--KVChime-EPIC-shared-readers-B4,F3,prefill,77,0,1053163520,21157642240,1922039808,24132845568
LLAMA-65B--KVChime-EPIC-shared-readers-B4,F3,prefill,78,0,1053163520,21157642240,1946681344,24157487104
LLAMA-65B--KVChime-EPIC-shared-readers-B4,F3,prefill,79,0,1053163520,21157642240,1971322880,24182128640
LLAMA-65B--KVChime-EPIC-shared-readers-B4,F3,decode,all,1,131072,21157642240,1981808640,23139581952
LLAMA-65B--KVChime-EPIC-shared-readers-B4,F3,decode,all,2,131072,21157642240,1992294400,23150067712
LLAMA-65B--KVChime-EPIC-shared-readers-B4,F3,decode,all,3,131072,21157642240,2002780160,23160553472
LLAMA-65B--KVChime-EPIC-shared-readers-B4,F3,decode,all,4,131072,21157642240,2013265920,23171039232
LLAMA-65B--KVChime-EPIC-shared-readers-B4,F3,decode,all,5,131072,21157642240,2023751680,23181524992
LLAMA-65B--KVChime-EPIC-shared-readers-B4,F3,decode,all,6,131072,21157642240,2034237440,23192010752
LLAMA-65B--KVChime-EPIC-shared-readers-B4,F3,decode,all,7,131072,21157642240,2044723200,23202496512
LLAMA-65B--KVChime-EPIC-shared-readers-B4,F3,decode,all,8,131072,21157642240,2055208960,23212982272
LLAMA-65B--KVChime-EPIC-shared-readers-B4,F3,decode,all,9,131072,21157642240,2065694720,23223468032
LLAMA-65B--KVChime-EPIC-shared-readers-B4,F3,decode,all,10,131072,21157642240,2076180480,23233953792
LLAMA-65B--KVChime-EPIC-shared-readers-B4,F3,decode,all,11,131072,21157642240,2086666240,23244439552
LLAMA-65B--KVChime-EPIC-shared-readers-B4,F3,decode,all,12,131072,21157642240,2097152000,23254925312
LLAMA-65B--KVChime-EPIC-shared-readers-B4,F3,decode,all,13,131072,21157642240,2107637760,23265411072
LLAMA-65B--KVChime-EPIC-shared-readers-B4,F3,decode,all,14,131072,21157642240,2118123520,23275896832
LLAMA-65B--KVChime-EPIC-shared-readers-B4,F3,decode,all,15,131072,21157642240,2128609280,23286382592
LLAMA-65B--KVChime-EPIC-shared-readers-B4,F4,prefill,0,0,1053163520,21157642240,24641536,22235447296
LLAMA-65B--KVChime-EPIC-shared-readers-B4,F4,prefill,1,0,1053163520,21157642240,49283072,22260088832
LLAMA-65B--KVChime-EPIC-shared-readers-B4,F4,prefill,2,0,1053163520,21157642240,73924608,22284730368
LLAMA-65B--KVChime-EPIC-shared-readers-B4,F4,prefill,3,0,1053163520,21157642240,98566144,22309371904
LLAMA-65B--KVChime-EPIC-shared-readers-B4,F4,prefill,4,0,1053163520,21157642240,123207680,22334013440
LLAMA-65B--KVChime-EPIC-shared-readers-B4,F4,prefill,5,0,1053163520,21157642240,147849216,22358654976
LLAMA-65B--KVChime-EPIC-shared-readers-B4,F4,prefill,6,0,1053163520,21157642240,172490752,22383296512
LLAMA-65B--KVChime-EPIC-shared-readers-B4,F4,prefill,7,0,1053163520,21157642240,197132288,22407938048
LLAMA-65B--KVChime-EPIC-shared-readers-B4,F4,prefill,8,0,1053163520,21157642240,221773824,22432579584
LLAMA-65B--KVChime-EPIC-shared-readers-B4,F4,prefill,9,0,1053163520,21157642240,246415360,22457221120
LLAMA-65B--KVChime-EPIC-shared-readers-B4,F4,prefill,10,0,1053163520,21157642240,271056896,22481862656
LLAMA-65B--KVChime-EPIC-shared-readers-B4,F4,prefill,11,0,1053163520,21157642240,295698432,22506504192
LLAMA-65B--KVChime-EPIC-shared-readers-B4,F4,prefill,12,0,1053163520,21157642240,320339968,22531145728
LLAMA-65B--KVChime-EPIC-shared-readers-B4,F4,prefill,13,0,1053163520,21157642240,344981504,22555787264
LLAMA-65B--KVChime-EPIC-shared-readers-B4,F4,prefill,14,0,1053163520,21157642240,369623040,22580428800
LLAMA-65B--KVChime-EPIC-shared-readers-B4,F4,prefill,15,0,1053163520,21157642240,394264576,22605070336
LLAMA-65B--KVChime-EPIC-shared-readers-B4,F4,prefill,16,0,1053163520,21157642240,418906112,22629711872
LLAMA-65B--KVChime-EPIC-shared-readers-B4,F4,prefill,17,0,1053163520,21157642240,443547648,22654353408
LLAMA-65B--KVChime-EPIC-shared-readers-B4,F4,prefill,18,0,1053163520,21157642240,468189184,22678994944
LLAMA-65B--KVChime-EPIC-shared-readers-B4,F4,prefill,19,0,1053163520,21157642240,492830720,22703636480
LLAMA-65B--KVChime-EPIC-shared-readers-B4,F4,prefill,20,0,1053163520,21157642240,517472256,22728278016
LLAMA-65B--KVChime-EPIC-shared-readers-B4,F4,prefill,21,0,1053163520,21157642240,542113792,22752919552
LLAMA-65B--KVChime-EPIC-shared-readers-B4,F4,prefill,22,0,1053163520,21157642240,566755328,22777561088
LLAMA-65B--KVChime-EPIC-shared-readers-B4,F4,prefill,23,0,1053163520,21157642240,591396864,22802202624
LLAMA-65B--KVChime-EPIC-shared-readers-B4,F4,prefill,24,0,1053163520,21157642240,616038400,22826844160
LLAMA-65B--KVChime-EPIC-shared-readers-B4,F4,prefill,25,0,1053163520,21157642240,640679936,22851485696
LLAMA-65B--KVChime-EPIC-shared-readers-B4,F4,prefill,26,0,1053163520,21157642240,665321472,22876127232
LLAMA-65B--KVChime-EPIC-shared-readers-B4,F4,prefill,27,0,1053163520,21157642240,689963008,22900768768
LLAMA-65B--KVChime-EPIC-shared-readers-B4,F4,prefill,28,0,1053163520,21157642240,714604544,22925410304
LLAMA-65B--KVChime-EPIC-shared-readers-B4,F4,prefill,29,0,1053163520,21157642240,739246080,22950051840
LLAMA-65B--KVChime-EPIC-shared-readers-B4,F4,prefill,30,0,1053163520,21157642240,763887616,22974693376
LLAMA-65B--KVChime-EPIC-shared-readers-B4,F4,prefill,31,0,1053163520,21157642240,788529152,22999334912
LLAMA-65B--KVChime-EPIC-shared-readers-B4,F4,prefill,32,0,1053163520,21157642240,813170688,23023976448
LLAMA-65B--KVChime-EPIC-shared-readers-B4,F4,prefill,33,0,1053163520,21157642240,837812224,23048617984
LLAMA-65B--KVChime-EPIC-shared-readers-B4,F4,prefill,34,0,1053163520,21157642240,862453760,23073259520
LLAMA-65B--KVChime-EPIC-shared-readers-B4,F4,prefill,35,0,1053163520,21157642240,887095296,23097901056
LLAMA-65B--KVChime-EPIC-shared-readers-B4,F4,prefill,36,0,1053163520,21157642240,911736832,23122542592
LLAMA-65B--KVChime-EPIC-shared-readers-B4,F4,prefill,37,0,1053163520,21157642240,936378368,23147184128
LLAMA-65B--KVChime-EPIC-shared-readers-B4,F4,prefill,38,0,1053163520,21157642240,961019904,23171825664
LLAMA-65B--KVChime-EPIC-shared-readers-B4,F4,prefill,39,0,1053163520,21157642240,985661440,23196467200
LLAMA-65B--KVChime-EPIC-shared-readers-B4,F4,prefill,40,0,1053163520,21157642240,1010302976,23221108736
LLAMA-65B--KVChime-EPIC-shared-readers-B4,F4,prefill,41,0,1053163520,21157642240,1034944512,23245750272
LLAMA-65B--KVChime-EPIC-shared-readers-B4,F4,prefill,42,0,1053163520,21157642240,1059586048,23270391808
LLAMA-65B--KVChime-EPIC-shared-readers-B4,F4,prefill,43,0,1053163520,21157642240,1084227584,23295033344
LLAMA-65B--KVChime-EPIC-shared-readers-B4,F4,prefill,44,0,1053163520,21157642240,1108869120,23319674880
LLAMA-65B--KVChime-EPIC-shared-readers-B4,F4,prefill,45,0,1053163520,21157642240,1133510656,23344316416
LLAMA-65B--KVChime-EPIC-shared-readers-B4,F4,prefill,46,0,1053163520,21157642240,1158152192,23368957952
LLAMA-65B--KVChime-EPIC-shared-readers-B4,F4,prefill,47,0,1053163520,21157642240,1182793728,23393599488
LLAMA-65B--KVChime-EPIC-shared-readers-B4,F4,prefill,48,0,1053163520,21157642240,1207435264,23418241024
LLAMA-65B--KVChime-EPIC-shared-readers-B4,F4,prefill,49,0,1053163520,21157642240,1232076800,23442882560
LLAMA-65B--KVChime-EPIC-shared-readers-B4,F4,prefill,50,0,1053163520,21157642240,1256718336,23467524096
LLAMA-65B--KVChime-EPIC-shared-readers-B4,F4,prefill,51,0,1053163520,21157642240,1281359872,23492165632
LLAMA-65B--KVChime-EPIC-shared-readers-B4,F4,prefill,52,0,1053163520,21157642240,1306001408,23516807168
LLAMA-65B--KVChime-EPIC-shared-readers-B4,F4,prefill,53,0,1053163520,21157642240,1330642944,23541448704
LLAMA-65B--KVChime-EPIC-shared-readers-B4,F4,prefill,54,0,1053163520,21157642240,1355284480,23566090240
LLAMA-65B--KVChime-EPIC-shared-readers-B4,F4,prefill,55,0,1053163520,21157642240,1379926016,23590731776
LLAMA-65B--KVChime-EPIC-shared-readers-B4,F4,prefill,56,0,1053163520,21157642240,1404567552,23615373312
LLAMA-65B--KVChime-EPIC-shared-readers-B4,F4,prefill,57,0,1053163520,21157642240,1429209088,23640014848
LLAMA-65B--KVChime-EPIC-shared-readers-B4,F4,prefill,58,0,1053163520,21157642240,1453850624,23664656384
LLAMA-65B--KVChime-EPIC-shared-readers-B4,F4,prefill,59,0,1053163520,21157642240,1478492160,23689297920
LLAMA-65B--KVChime-EPIC-shared-readers-B4,F4,prefill,60,0,1053163520,21157642240,1503133696,23713939456
LLAMA-65B--KVChime-EPIC-shared-readers-B4,F4,prefill,61,0,1053163520,21157642240,1527775232,23738580992
LLAMA-65B--KVChime-EPIC-shared-readers-B4,F4,prefill,62,0,1053163520,21157642240,1552416768,23763222528
LLAMA-65B--KVChime-EPIC-shared-readers-B4,F4,prefill,63,0,1053163520,21157642240,1577058304,23787864064
LLAMA-65B--KVChime-EPIC-shared-readers-B4,F4,prefill,64,0,1053163520,21157642240,1601699840,23812505600
LLAMA-65B--KVChime-EPIC-shared-readers-B4,F4,prefill,65,0,1053163520,21157642240,1626341376,23837147136
LLAMA-65B--KVChime-EPIC-shared-readers-B4,F4,prefill,66,0,1053163520,21157642240,1650982912,23861788672
LLAMA-65B--KVChime-EPIC-shared-readers-B4,F4,prefill,67,0,1053163520,21157642240,1675624448,23886430208
LLAMA-65B--KVChime-EPIC-shared-readers-B4,F4,prefill,68,0,1053163520,21157642240,1700265984,23911071744
LLAMA-65B--KVChime-EPIC-shared-readers-B4,F4,prefill,69,0,1053163520,21157642240,1724907520,23935713280
LLAMA-65B--KVChime-EPIC-shared-readers-B4,F4,prefill,70,0,1053163520,21157642240,1749549056,23960354816
LLAMA-65B--KVChime-EPIC-shared-readers-B4,F4,prefill,71,0,1053163520,21157642240,1774190592,23984996352
LLAMA-65B--KVChime-EPIC-shared-readers-B4,F4,prefill,72,0,1053163520,21157642240,1798832128,24009637888
LLAMA-65B--KVChime-EPIC-shared-readers-B4,F4,prefill,73,0,1053163520,21157642240,1823473664,24034279424
LLAMA-65B--KVChime-EPIC-shared-readers-B4,F4,prefill,74,0,1053163520,21157642240,1848115200,24058920960
LLAMA-65B--KVChime-EPIC-shared-readers-B4,F4,prefill,75,0,1053163520,21157642240,1872756736,24083562496
LLAMA-65B--KVChime-EPIC-shared-readers-B4,F4,prefill,76,0,1053163520,21157642240,1897398272,24108204032
LLAMA-65B--KVChime-EPIC-shared-readers-B4,F4,prefill,77,0,1053163520,21157642240,1922039808,24132845568
LLAMA-65B--KVChime-EPIC-shared-readers-B4,F4,prefill,78,0,1053163520,21157642240,1946681344,24157487104
LLAMA-65B--KVChime-EPIC-shared-readers-B4,F4,prefill,79,0,1053163520,21157642240,1971322880,24182128640
LLAMA-65B--KVChime-EPIC-shared-readers-B4,F4,decode,all,1,131072,21157642240,1981808640,23139581952
LLAMA-65B--KVChime-EPIC-shared-readers-B4,F4,decode,all,2,131072,21157642240,1992294400,23150067712
LLAMA-65B--KVChime-EPIC-shared-readers-B4,F4,decode,all,3,131072,21157642240,2002780160,23160553472
LLAMA-65B--KVChime-EPIC-shared-readers-B4,F4,decode,all,4,131072,21157642240,2013265920,23171039232
LLAMA-65B--KVChime-EPIC-shared-readers-B4,F4,decode,all,5,131072,21157642240,2023751680,23181524992
LLAMA-65B--KVChime-EPIC-shared-readers-B4,F4,decode,all,6,131072,21157642240,2034237440,23192010752
LLAMA-65B--KVChime-EPIC-shared-readers-B4,F4,decode,all,7,131072,21157642240,2044723200,23202496512
LLAMA-65B--KVChime-EPIC-shared-readers-B4,F4,decode,all,8,131072,21157642240,2055208960,23212982272
LLAMA-65B--KVChime-EPIC-shared-readers-B4,F4,decode,all,9,131072,21157642240,2065694720,23223468032
LLAMA-65B--KVChime-EPIC-shared-readers-B4,F4,decode,all,10,131072,21157642240,2076180480,23233953792
LLAMA-65B--KVChime-EPIC-shared-readers-B4,F4,decode,all,11,131072,21157642240,2086666240,23244439552
LLAMA-65B--KVChime-EPIC-shared-readers-B4,F4,decode,all,12,131072,21157642240,2097152000,23254925312
LLAMA-65B--KVChime-EPIC-shared-readers-B4,F4,decode,all,13,131072,21157642240,2107637760,23265411072
LLAMA-65B--KVChime-EPIC-shared-readers-B4,F4,decode,all,14,131072,21157642240,2118123520,23275896832
LLAMA-65B--KVChime-EPIC-shared-readers-B4,F4,decode,all,15,131072,21157642240,2128609280,23286382592
LLAMA3.1-8B--KVChime-CB-3,F0,prefill,0,0,14008320,0,0,14008320
LLAMA3.1-8B--KVChime-CB-3,F0,prefill,1,0,28016640,0,0,28016640
LLAMA3.1-8B--KVChime-CB-3,F0,prefill,2,0,42024960,0,0,42024960
LLAMA3.1-8B--KVChime-CB-3,F0,prefill,3,0,56033280,0,0,56033280
LLAMA3.1-8B--KVChime-CB-3,F0,prefill,4,0,70041600,0,0,70041600
LLAMA3.1-8B--KVChime-CB-3,F0,prefill,5,0,84049920,0,0,84049920
LLAMA3.1-8B--KVChime-CB-3,F0,prefill,6,0,98058240,0,0,98058240
LLAMA3.1-8B--KVChime-CB-3,F0,prefill,7,0,112066560,0,0,112066560
LLAMA3.1-8B--KVChime-CB-3,F0,prefill,8,0,126074880,0,0,126074880
LLAMA3.1-8B--KVChime-CB-3,F0,prefill,9,0,140083200,0,0,140083200
LLAMA3.1-8B--KVChime-CB-3,F0,prefill,10,0,154091520,0,0,154091520
LLAMA3.1-8B--KVChime-CB-3,F0,prefill,11,0,168099840,0,0,168099840
LLAMA3.1-8B--KVChime-CB-3,F0,prefill,12,0,182108160,0,0,182108160
LLAMA3.1-8B--KVChime-CB-3,F0,prefill,13,0,196116480,0,0,196116480
LLAMA3.1-8B--KVChime-CB-3,F0,prefill,14,0,210124800,0,0,210124800
LLAMA3.1-8B--KVChime-CB-3,F0,prefill,15,0,224133120,0,0,224133120
LLAMA3.1-8B--KVChime-CB-3,F0,prefill,16,0,238141440,0,0,238141440
LLAMA3.1-8B--KVChime-CB-3,F0,prefill,17,0,252149760,0,0,252149760
LLAMA3.1-8B--KVChime-CB-3,F0,prefill,18,0,266158080,0,0,266158080
LLAMA3.1-8B--KVChime-CB-3,F0,prefill,19,0,280166400,0,0,280166400
LLAMA3.1-8B--KVChime-CB-3,F0,prefill,20,0,294174720,0,0,294174720
LLAMA3.1-8B--KVChime-CB-3,F0,prefill,21,0,308183040,0,0,308183040
LLAMA3.1-8B--KVChime-CB-3,F0,prefill,22,0,322191360,0,0,322191360
LLAMA3.1-8B--KVChime-CB-3,F0,prefill,23,0,336199680,0,0,336199680
LLAMA3.1-8B--KVChime-CB-3,F0,prefill,24,0,350208000,0,0,350208000
LLAMA3.1-8B--KVChime-CB-3,F0,prefill,25,0,364216320,0,0,364216320
LLAMA3.1-8B--KVChime-CB-3,F0,prefill,26,0,378224640,0,0,378224640
LLAMA3.1-8B--KVChime-CB-3,F0,prefill,27,0,392232960,0,0,392232960
LLAMA3.1-8B--KVChime-CB-3,F0,prefill,28,0,406241280,0,0,406241280
LLAMA3.1-8B--KVChime-CB-3,F0,prefill,29,0,420249600,0,0,420249600
LLAMA3.1-8B--KVChime-CB-3,F0,prefill,30,0,434257920,0,0,434257920
LLAMA3.1-8B--KVChime-CB-3,F0,prefill,31,0,448266240,0,0,448266240
LLAMA3.1-8B--KVChime-CB-3,F0,decode,all,1,448397312,0,0,448397312
LLAMA3.1-8B--KVChime-CB-3,F0,decode,all,2,448528384,0,0,448528384
LLAMA3.1-8B--KVChime-CB-3,F0,decode,all,3,448659456,0,0,448659456
LLAMA3.1-8B--KVChime-CB-3,F0,decode,all,4,448790528,0,0,448790528
LLAMA3.1-8B--KVChime-CB-3,F0,decode,all,5,448921600,0,0,448921600
LLAMA3.1-8B--KVChime-CB-3,F0,decode,all,6,449052672,0,0,449052672
LLAMA3.1-8B--KVChime-CB-3,F0,decode,all,7,449183744,0,0,449183744
LLAMA3.1-8B--KVChime-CB-3,F0,decode,all,8,449314816,0,0,449314816
LLAMA3.1-8B--KVChime-CB-3,F0,decode,all,9,449445888,0,0,449445888
LLAMA3.1-8B--KVChime-CB-3,F1,prefill,0,0,14008320,885391360,0,899399680
LLAMA3.1-8B--KVChime-CB-3,F1,prefill,1,0,28016640,885391360,0,913408000
LLAMA3.1-8B--KVChime-CB-3,F1,prefill,2,0,42024960,885391360,0,927416320
LLAMA3.1-8B--KVChime-CB-3,F1,prefill,3,0,56033280,885391360,0,941424640
LLAMA3.1-8B--KVChime-CB-3,F1,prefill,4,0,70041600,885391360,0,955432960
LLAMA3.1-8B--KVChime-CB-3,F1,prefill,5,0,84049920,885391360,0,969441280
LLAMA3.1-8B--KVChime-CB-3,F1,prefill,6,0,98058240,885391360,0,983449600
LLAMA3.1-8B--KVChime-CB-3,F1,prefill,7,0,112066560,885391360,0,997457920
LLAMA3.1-8B--KVChime-CB-3,F1,prefill,8,0,126074880,885391360,0,1011466240
LLAMA3.1-8B--KVChime-CB-3,F1,prefill,9,0,140083200,885391360,0,1025474560
LLAMA3.1-8B--KVChime-CB-3,F1,prefill,10,0,154091520,885391360,0,1039482880
LLAMA3.1-8B--KVChime-CB-3,F1,prefill,11,0,168099840,885391360,0,1053491200
LLAMA3.1-8B--KVChime-CB-3,F1,prefill,12,0,182108160,885391360,0,1067499520
LLAMA3.1-8B--KVChime-CB-3,F1,prefill,13,0,196116480,885391360,0,1081507840
LLAMA3.1-8B--KVChime-CB-3,F1,prefill,14,0,210124800,885391360,0,1095516160
LLAMA3.1-8B--KVChime-CB-3,F1,prefill,15,0,224133120,885391360,0,1109524480
LLAMA3.1-8B--KVChime-CB-3,F1,prefill,16,0,238141440,885391360,0,1123532800
LLAMA3.1-8B--KVChime-CB-3,F1,prefill,17,0,252149760,885391360,0,1137541120
LLAMA3.1-8B--KVChime-CB-3,F1,prefill,18,0,266158080,885391360,0,1151549440
LLAMA3.1-8B--KVChime-CB-3,F1,prefill,19,0,280166400,885391360,0,1165557760
LLAMA3.1-8B--KVChime-CB-3,F1,prefill,20,0,294174720,885391360,0,1179566080
LLAMA3.1-8B--KVChime-CB-3,F1,prefill,21,0,308183040,885391360,0,1193574400
LLAMA3.1-8B--KVChime-CB-3,F1,prefill,22,0,322191360,885391360,0,1207582720
LLAMA3.1-8B--KVChime-CB-3,F1,prefill,23,0,336199680,885391360,0,1221591040
LLAMA3.1-8B--KVChime-CB-3,F1,prefill,24,0,350208000,885391360,0,1235599360
LLAMA3.1-8B--KVChime-CB-3,F1,prefill,25,0,364216320,885391360,0,1249607680
LLAMA3.1-8B--KVChime-CB-3,F1,prefill,26,0,378224640,885391360,0,1263616000
LLAMA3.1-8B--KVChime-CB-3,F1,prefill,27,0,392232960,885391360,0,1277624320
LLAMA3.1-8B--KVChime-CB-3,F1,prefill,28,0,406241280,885391360,0,1291632640
LLAMA3.1-8B--KVChime-CB-3,F1,prefill,29,0,420249600,885391360,0,1305640960
LLAMA3.1-8B--KVChime-CB-3,F1,prefill,30,0,434257920,885391360,0,1319649280
LLAMA3.1-8B--KVChime-CB-3,F1,prefill,31,0,448266240,885391360,0,1333657600
LLAMA3.1-8B--KVChime-CB-3,F1,decode,all,1,448397312,885391360,0,1333788672
LLAMA3.1-8B--KVChime-CB-3,F1,decode,all,2,448528384,885391360,0,1333919744
LLAMA3.1-8B--KVChime-CB-3,F1,decode,all,3,448659456,885391360,0,1334050816
LLAMA3.1-8B--KVChime-CB-3,F1,decode,all,4,448790528,885391360,0,1334181888
LLAMA3.1-8B--KVChime-CB-3,F1,decode,all,5,448921600,885391360,0,1334312960
LLAMA3.1-8B--KVChime-CB-3,F1,decode,all,6,449052672,885391360,0,1334444032
LLAMA3.1-8B--KVChime-CB-3,F1,decode,all,7,449183744,885391360,0,1334575104
LLAMA3.1-8B--KVChime-CB-3,F1,decode,all,8,449314816,885391360,0,1334706176
LLAMA3.1-8B--KVChime-CB-3,F1,decode,all,9,449445888,885391360,0,1334837248
LLAMA3.1-8B--KVChime-CB-3,F2,prefill,0,0,14008320,885391360,14008320,913408000
LLAMA3.1-8B--KVChime-CB-3,F2,prefill,1,0,14008320,885391360,28016640,927416320
LLAMA3.1-8B--KVChime-CB-3,F2,prefill,2,0,14008320,885391360,42024960,941424640
LLAMA3.1-8B--KVChime-CB-3,F2,prefill,3,0,14008320,885391360,56033280,955432960
LLAMA3.1-8B--KVChime-CB-3,F2,prefill,4,0,14008320,885391360,70041600,969441280
LLAMA3.1-8B--KVChime-CB-3,F2,prefill,5,0,14008320,885391360,84049920,983449600
LLAMA3.1-8B--KVChime-CB-3,F2,prefill,6,0,14008320,885391360,98058240,997457920
LLAMA3.1-8B--KVChime-CB-3,F2,prefill,7,0,14008320,885391360,112066560,1011466240
LLAMA3.1-8B--KVChime-CB-3,F2,prefill,8,0,14008320,885391360,126074880,1025474560
LLAMA3.1-8B--KVChime-CB-3,F2,prefill,9,0,14008320,885391360,140083200,1039482880
LLAMA3.1-8B--KVChime-CB-3,F2,prefill,10,0,14008320,885391360,154091520,1053491200
LLAMA3.1-8B--KVChime-CB-3,F2,prefill,11,0,14008320,885391360,168099840,1067499520
LLAMA3.1-8B--KVChime-CB-3,F2,prefill,12,0,14008320,885391360,182108160,1081507840
LLAMA3.1-8B--KVChime-CB-3,F2,prefill,13,0,14008320,885391360,196116480,1095516160
LLAMA3.1-8B--KVChime-CB-3,F2,prefill,14,0,14008320,885391360,210124800,1109524480
LLAMA3.1-8B--KVChime-CB-3,F2,prefill,15,0,14008320,885391360,224133120,1123532800
LLAMA3.1-8B--KVChime-CB-3,F2,prefill,16,0,14008320,885391360,238141440,1137541120
LLAMA3.1-8B--KVChime-CB-3,F2,prefill,17,0,14008320,885391360,252149760,1151549440
LLAMA3.1-8B--KVChime-CB-3,F2,prefill,18,0,14008320,885391360,266158080,1165557760
LLAMA3.1-8B--KVChime-CB-3,F2,prefill,19,0,14008320,885391360,280166400,1179566080
LLAMA3.1-8B--KVChime-CB-3,F2,prefill,20,0,14008320,885391360,294174720,1193574400
LLAMA3.1-8B--KVChime-CB-3,F2,prefill,21,0,14008320,885391360,308183040,1207582720
LLAMA3.1-8B--KVChime-CB-3,F2,prefill,22,0,14008320,885391360,322191360,1221591040
LLAMA3.1-8B--KVChime-CB-3,F2,prefill,23,0,14008320,885391360,336199680,1235599360
LLAMA3.1-8B--KVChime-CB-3,F2,prefill,24,0,14008320,885391360,350208000,1249607680
LLAMA3.1-8B--KVChime-CB-3,F2,prefill,25,0,14008320,885391360,364216320,1263616000
LLAMA3.1-8B--KVChime-CB-3,F2,prefill,26,0,14008320,885391360,378224640,1277624320
LLAMA3.1-8B--KVChime-CB-3,F2,prefill,27,0,14008320,885391360,392232960,1291632640
LLAMA3.1-8B--KVChime-CB-3,F2,prefill,28,0,14008320,885391360,406241280,1305640960
LLAMA3.1-8B--KVChime-CB-3,F2,prefill,29,0,14008320,885391360,420249600,1319649280
LLAMA3.1-8B--KVChime-CB-3,F2,prefill,30,0,14008320,885391360,434257920,1333657600
LLAMA3.1-8B--KVChime-CB-3,F2,prefill,31,0,14008320,885391360,448266240,1347665920
LLAMA3.1-8B--KVChime-CB-3,F2,decode,all,1,4096,885391360,448397312,1333792768
LLAMA3.1-8B--KVChime-CB-3,F2,decode,all,2,4096,885391360,448528384,1333923840
LLAMA3.1-8B--KVChime-CB-3,F2,decode,all,3,4096,885391360,448659456,1334054912
LLAMA3.1-8B--KVChime-CB-3,F2,decode,all,4,4096,885391360,448790528,1334185984
LLAMA3.1-8B--KVChime-CB-3,F2,decode,all,5,4096,885391360,448921600,1334317056
LLAMA3.1-8B--KVChime-CB-3,F2,decode,all,6,4096,885391360,449052672,1334448128
LLAMA3.1-8B--KVChime-CB-3,F2,decode,all,7,4096,885391360,449183744,1334579200
LLAMA3.1-8B--KVChime-CB-3,F2,decode,all,8,4096,885391360,449314816,1334710272
LLAMA3.1-8B--KVChime-CB-3,F2,decode,all,9,4096,885391360,449445888,1334841344
LLAMA3.1-8B--KVChime-CB-3,F3,prefill,0,0,14008320,885391360,14008320,913408000
LLAMA3.1-8B--KVChime-CB-3,F3,prefill,1,0,14008320,885391360,28016640,927416320
LLAMA3.1-8B--KVChime-CB-3,F3,prefill,2,0,14008320,885391360,30453760,929853440
LLAMA3.1-8B--KVChime-CB-3,F3,prefill,3,0,14008320,885391360,32890880,932290560
LLAMA3.1-8B--KVChime-CB-3,F3,prefill,4,0,14008320,885391360,35328000,934727680
LLAMA3.1-8B--KVChime-CB-3,F3,prefill,5,0,14008320,885391360,37765120,937164800
LLAMA3.1-8B--KVChime-CB-3,F3,prefill,6,0,14008320,885391360,40202240,939601920
LLAMA3.1-8B--KVChime-CB-3,F3,prefill,7,0,14008320,885391360,42639360,942039040
LLAMA3.1-8B--KVChime-CB-3,F3,prefill,8,0,14008320,885391360,45076480,944476160
LLAMA3.1-8B--KVChime-CB-3,F3,prefill,9,0,14008320,885391360,47513600,946913280
LLAMA3.1-8B--KVChime-CB-3,F3,prefill,10,0,14008320,885391360,49950720,949350400
LLAMA3.1-8B--KVChime-CB-3,F3,prefill,11,0,14008320,885391360,52387840,951787520
LLAMA3.1-8B--KVChime-CB-3,F3,prefill,12,0,14008320,885391360,54824960,954224640
LLAMA3.1-8B--KVChime-CB-3,F3,prefill,13,0,14008320,885391360,57262080,956661760
LLAMA3.1-8B--KVChime-CB-3,F3,prefill,14,0,14008320,885391360,59699200,959098880
LLAMA3.1-8B--KVChime-CB-3,F3,prefill,15,0,14008320,885391360,62136320,961536000
LLAMA3.1-8B--KVChime-CB-3,F3,prefill,16,0,14008320,885391360,64573440,963973120
LLAMA3.1-8B--KVChime-CB-3,F3,prefill,17,0,14008320,885391360,67010560,966410240
LLAMA3.1-8B--KVChime-CB-3,F3,prefill,18,0,14008320,885391360,69447680,968847360
LLAMA3.1-8B--KVChime-CB-3,F3,prefill,19,0,14008320,885391360,71884800,971284480
LLAMA3.1-8B--KVChime-CB-3,F3,prefill,20,0,14008320,885391360,74321920,973721600
LLAMA3.1-8B--KVChime-CB-3,F3,prefill,21,0,14008320,885391360,76759040,976158720
LLAMA3.1-8B--KVChime-CB-3,F3,prefill,22,0,14008320,885391360,79196160,978595840
LLAMA3.1-8B--KVChime-CB-3,F3,prefill,23,0,14008320,885391360,81633280,981032960
LLAMA3.1-8B--KVChime-CB-3,F3,prefill,24,0,14008320,885391360,84070400,983470080
LLAMA3.1-8B--KVChime-CB-3,F3,prefill,25,0,14008320,885391360,86507520,985907200
LLAMA3.1-8B--KVChime-CB-3,F3,prefill,26,0,14008320,885391360,88944640,988344320
LLAMA3.1-8B--KVChime-CB-3,F3,prefill,27,0,14008320,885391360,91381760,990781440
LLAMA3.1-8B--KVChime-CB-3,F3,prefill,28,0,14008320,885391360,93818880,993218560
LLAMA3.1-8B--KVChime-CB-3,F3,prefill,29,0,14008320,885391360,96256000,995655680
LLAMA3.1-8B--KVChime-CB-3,F3,prefill,30,0,14008320,885391360,98693120,998092800
LLAMA3.1-8B--KVChime-CB-3,F3,prefill,31,0,14008320,885391360,101130240,1000529920
LLAMA3.1-8B--KVChime-CB-3,F3,decode,all,1,4096,885391360,101261312,986656768
LLAMA3.1-8B--KVChime-CB-3,F3,decode,all,2,4096,885391360,101392384,986787840
LLAMA3.1-8B--KVChime-CB-3,F3,decode,all,3,4096,885391360,101523456,986918912
LLAMA3.1-8B--KVChime-CB-3,F3,decode,all,4,4096,885391360,101654528,987049984
LLAMA3.1-8B--KVChime-CB-3,F3,decode,all,5,4096,885391360,101785600,987181056
LLAMA3.1-8B--KVChime-CB-3,F3,decode,all,6,4096,885391360,101916672,987312128
LLAMA3.1-8B--KVChime-CB-3,F3,decode,all,7,4096,885391360,102047744,987443200
LLAMA3.1-8B--KVChime-CB-3,F3,decode,all,8,4096,885391360,102178816,987574272
LLAMA3.1-8B--KVChime-CB-3,F3,decode,all,9,4096,885391360,102309888,987705344
LLAMA3.1-8B--KVChime-CB-3,F4,prefill,0,0,14008320,885391360,14008320,913408000
LLAMA3.1-8B--KVChime-CB-3,F4,prefill,1,0,14008320,885391360,28016640,927416320
LLAMA3.1-8B--KVChime-CB-3,F4,prefill,2,0,14008320,885391360,30453760,929853440
LLAMA3.1-8B--KVChime-CB-3,F4,prefill,3,0,14008320,885391360,32890880,932290560
LLAMA3.1-8B--KVChime-CB-3,F4,prefill,4,0,14008320,885391360,35328000,934727680
LLAMA3.1-8B--KVChime-CB-3,F4,prefill,5,0,14008320,885391360,37765120,937164800
LLAMA3.1-8B--KVChime-CB-3,F4,prefill,6,0,14008320,885391360,40202240,939601920
LLAMA3.1-8B--KVChime-CB-3,F4,prefill,7,0,14008320,885391360,42639360,942039040
LLAMA3.1-8B--KVChime-CB-3,F4,prefill,8,0,14008320,885391360,45076480,944476160
LLAMA3.1-8B--KVChime-CB-3,F4,prefill,9,0,14008320,885391360,47513600,946913280
LLAMA3.1-8B--KVChime-CB-3,F4,prefill,10,0,14008320,885391360,49950720,949350400
LLAMA3.1-8B--KVChime-CB-3,F4,prefill,11,0,14008320,885391360,52387840,951787520
LLAMA3.1-8B--KVChime-CB-3,F4,prefill,12,0,14008320,885391360,54824960,954224640
LLAMA3.1-8B--KVChime-CB-3,F4,prefill,13,0,14008320,885391360,57262080,956661760
LLAMA3.1-8B--KVChime-CB-3,F4,prefill,14,0,14008320,885391360,59699200,959098880
LLAMA3.1-8B--KVChime-CB-3,F4,prefill,15,0,14008320,885391360,62136320,961536000
LLAMA3.1-8B--KVChime-CB-3,F4,prefill,16,0,14008320,885391360,64573440,963973120
LLAMA3.1-8B--KVChime-CB-3,F4,prefill,17,0,14008320,885391360,67010560,966410240
LLAMA3.1-8B--KVChime-CB-3,F4,prefill,18,0,14008320,885391360,69447680,968847360
LLAMA3.1-8B--KVChime-CB-3,F4,prefill,19,0,14008320,885391360,71884800,971284480
LLAMA3.1-8B--KVChime-CB-3,F4,prefill,20,0,14008320,885391360,74321920,973721600
LLAMA3.1-8B--KVChime-CB-3,F4,prefill,21,0,14008320,885391360,76759040,976158720
LLAMA3.1-8B--KVChime-CB-3,F4,prefill,22,0,14008320,885391360,79196160,978595840
LLAMA3.1-8B--KVChime-CB-3,F4,prefill,23,0,14008320,885391360,81633280,981032960
LLAMA3.1-8B--KVChime-CB-3,F4,prefill,24,0,14008320,885391360,84070400,983470080
LLAMA3.1-8B--KVChime-CB-3,F4,prefill,25,0,14008320,885391360,86507520,985907200
LLAMA3.1-8B--KVChime-CB-3,F4,prefill,26,0,14008320,885391360,88944640,988344320
LLAMA3.1-8B--KVChime-CB-3,F4,prefill,27,0,14008320,885391360,91381760,990781440
LLAMA3.1-8B--KVChime-CB-3,F4,prefill,28,0,14008320,885391360,93818880,993218560
LLAMA3.1-8B--KVChime-CB-3,F4,prefill,29,0,14008320,885391360,96256000,995655680
LLAMA3.1-8B--KVChime-CB-3,F4,prefill,30,0,14008320,885391360,98693120,998092800
LLAMA3.1-8B--KVChime-CB-3,F4,prefill,31,0,14008320,885391360,101130240,1000529920
LLAMA3.1-8B--KVChime-CB-3,F4,decode,all,1,4096,885391360,101261312,986656768
LLAMA3.1-8B--KVChime-CB-3,F4,decode,all,2,4096,885391360,101392384,986787840
LLAMA3.1-8B--KVChime-CB-3,F4,decode,all,3,4096,885391360,101523456,986918912
LLAMA3.1-8B--KVChime-CB-3,F4,decode,all,4,4096,885391360,101654528,987049984
LLAMA3.1-8B--KVChime-CB-3,F4,decode,all,5,4096,885391360,101785600,987181056
LLAMA3.1-8B--KVChime-CB-3,F4,decode,all,6,4096,885391360,101916672,987312128
LLAMA3.1-8B--KVChime-CB-3,F4,decode,all,7,4096,885391360,102047744,987443200
LLAMA3.1-8B--KVChime-CB-3,F4,decode,all,8,4096,885391360,102178816,987574272
LLAMA3.1-8B--KVChime-CB-3,F4,decode,all,9,4096,885391360,102309888,987705344
LLAMA3.1-8B--KVChime-CB-2,F0,prefill,0,0,14163968,0,0,14163968
LLAMA3.1-8B--KVChime-CB-2,F0,prefill,1,0,28327936,0,0,28327936
LLAMA3.1-8B--KVChime-CB-2,F0,prefill,2,0,42491904,0,0,42491904
LLAMA3.1-8B--KVChime-CB-2,F0,prefill,3,0,56655872,0,0,56655872
LLAMA3.1-8B--KVChime-CB-2,F0,prefill,4,0,70819840,0,0,70819840
LLAMA3.1-8B--KVChime-CB-2,F0,prefill,5,0,84983808,0,0,84983808
LLAMA3.1-8B--KVChime-CB-2,F0,prefill,6,0,99147776,0,0,99147776
LLAMA3.1-8B--KVChime-CB-2,F0,prefill,7,0,113311744,0,0,113311744
LLAMA3.1-8B--KVChime-CB-2,F0,prefill,8,0,127475712,0,0,127475712
LLAMA3.1-8B--KVChime-CB-2,F0,prefill,9,0,141639680,0,0,141639680
LLAMA3.1-8B--KVChime-CB-2,F0,prefill,10,0,155803648,0,0,155803648
LLAMA3.1-8B--KVChime-CB-2,F0,prefill,11,0,169967616,0,0,169967616
LLAMA3.1-8B--KVChime-CB-2,F0,prefill,12,0,184131584,0,0,184131584
LLAMA3.1-8B--KVChime-CB-2,F0,prefill,13,0,198295552,0,0,198295552
LLAMA3.1-8B--KVChime-CB-2,F0,prefill,14,0,212459520,0,0,212459520
LLAMA3.1-8B--KVChime-CB-2,F0,prefill,15,0,226623488,0,0,226623488
LLAMA3.1-8B--KVChime-CB-2,F0,prefill,16,0,240787456,0,0,240787456
LLAMA3.1-8B--KVChime-CB-2,F0,prefill,17,0,254951424,0,0,254951424
LLAMA3.1-8B--KVChime-CB-2,F0,prefill,18,0,269115392,0,0,269115392
LLAMA3.1-8B--KVChime-CB-2,F0,prefill,19,0,283279360,0,0,283279360
LLAMA3.1-8B--KVChime-CB-2,F0,prefill,20,0,297443328,0,0,297443328
LLAMA3.1-8B--KVChime-CB-2,F0,prefill,21,0,311607296,0,0,311607296
LLAMA3.1-8B--KVChime-CB-2,F0,prefill,22,0,325771264,0,0,325771264
LLAMA3.1-8B--KVChime-CB-2,F0,prefill,23,0,339935232,0,0,339935232
LLAMA3.1-8B--KVChime-CB-2,F0,prefill,24,0,354099200,0,0,354099200
LLAMA3.1-8B--KVChime-CB-2,F0,prefill,25,0,368263168,0,0,368263168
LLAMA3.1-8B--KVChime-CB-2,F0,prefill,26,0,382427136,0,0,382427136
LLAMA3.1-8B--KVChime-CB-2,F0,prefill,27,0,396591104,0,0,396591104
LLAMA3.1-8B--KVChime-CB-2,F0,prefill,28,0,410755072,0,0,410755072
LLAMA3.1-8B--KVChime-CB-2,F0,prefill,29,0,424919040,0,0,424919040
LLAMA3.1-8B--KVChime-CB-2,F0,prefill,30,0,439083008,0,0,439083008
LLAMA3.1-8B--KVChime-CB-2,F0,prefill,31,0,453246976,0,0,453246976
LLAMA3.1-8B--KVChime-CB-2,F0,decode,all,1,453378048,0,0,453378048
LLAMA3.1-8B--KVChime-CB-2,F0,decode,all,2,453509120,0,0,453509120
LLAMA3.1-8B--KVChime-CB-2,F0,decode,all,3,453640192,0,0,453640192
LLAMA3.1-8B--KVChime-CB-2,F0,decode,all,4,453771264,0,0,453771264
LLAMA3.1-8B--KVChime-CB-2,F0,decode,all,5,453902336,0,0,453902336
LLAMA3.1-8B--KVChime-CB-2,F0,decode,all,6,454033408,0,0,454033408
LLAMA3.1-8B--KVChime-CB-2,F0,decode,all,7,454164480,0,0,454164480
LLAMA3.1-8B--KVChime-CB-2,F0,decode,all,8,454295552,0,0,454295552
LLAMA3.1-8B--KVChime-CB-2,F0,decode,all,9,454426624,0,0,454426624
LLAMA3.1-8B--KVChime-CB-2,F1,prefill,0,0,14163968,885391360,0,899555328
LLAMA3.1-8B--KVChime-CB-2,F1,prefill,1,0,28327936,885391360,0,913719296
LLAMA3.1-8B--KVChime-CB-2,F1,prefill,2,0,42491904,885391360,0,927883264
LLAMA3.1-8B--KVChime-CB-2,F1,prefill,3,0,56655872,885391360,0,942047232
LLAMA3.1-8B--KVChime-CB-2,F1,prefill,4,0,70819840,885391360,0,956211200
LLAMA3.1-8B--KVChime-CB-2,F1,prefill,5,0,84983808,885391360,0,970375168
LLAMA3.1-8B--KVChime-CB-2,F1,prefill,6,0,99147776,885391360,0,984539136
LLAMA3.1-8B--KVChime-CB-2,F1,prefill,7,0,113311744,885391360,0,998703104
LLAMA3.1-8B--KVChime-CB-2,F1,prefill,8,0,127475712,885391360,0,1012867072
LLAMA3.1-8B--KVChime-CB-2,F1,prefill,9,0,141639680,885391360,0,1027031040
LLAMA3.1-8B--KVChime-CB-2,F1,prefill,10,0,155803648,885391360,0,1041195008
LLAMA3.1-8B--KVChime-CB-2,F1,prefill,11,0,169967616,885391360,0,1055358976
LLAMA3.1-8B--KVChime-CB-2,F1,prefill,12,0,184131584,885391360,0,1069522944
LLAMA3.1-8B--KVChime-CB-2,F1,prefill,13,0,198295552,885391360,0,1083686912
LLAMA3.1-8B--KVChime-CB-2,F1,prefill,14,0,212459520,885391360,0,1097850880
LLAMA3.1-8B--KVChime-CB-2,F1,prefill,15,0,226623488,885391360,0,1112014848
LLAMA3.1-8B--KVChime-CB-2,F1,prefill,16,0,240787456,885391360,0,1126178816
LLAMA3.1-8B--KVChime-CB-2,F1,prefill,17,0,254951424,885391360,0,1140342784
LLAMA3.1-8B--KVChime-CB-2,F1,prefill,18,0,269115392,885391360,0,1154506752
LLAMA3.1-8B--KVChime-CB-2,F1,prefill,19,0,283279360,885391360,0,1168670720
LLAMA3.1-8B--KVChime-CB-2,F1,prefill,20,0,297443328,885391360,0,1182834688
LLAMA3.1-8B--KVChime-CB-2,F1,prefill,21,0,311607296,885391360,0,1196998656
LLAMA3.1-8B--KVChime-CB-2,F1,prefill,22,0,325771264,885391360,0,1211162624
LLAMA3.1-8B--KVChime-CB-2,F1,prefill,23,0,339935232,885391360,0,1225326592
LLAMA3.1-8B--KVChime-CB-2,F1,prefill,24,0,354099200,885391360,0,1239490560
LLAMA3.1-8B--KVChime-CB-2,F1,prefill,25,0,368263168,885391360,0,1253654528
LLAMA3.1-8B--KVChime-CB-2,F1,prefill,26,0,382427136,885391360,0,1267818496
LLAMA3.1-8B--KVChime-CB-2,F1,prefill,27,0,396591104,885391360,0,1281982464
LLAMA3.1-8B--KVChime-CB-2,F1,prefill,28,0,410755072,885391360,0,1296146432
LLAMA3.1-8B--KVChime-CB-2,F1,prefill,29,0,424919040,885391360,0,1310310400
LLAMA3.1-8B--KVChime-CB-2,F1,prefill,30,0,439083008,885391360,0,1324474368
LLAMA3.1-8B--KVChime-CB-2,F1,prefill,31,0,453246976,885391360,0,1338638336
LLAMA3.1-8B--KVChime-CB-2,F1,decode,all,1,453378048,885391360,0,1338769408
LLAMA3.1-8B--KVChime-CB-2,F1,decode,all,2,453509120,885391360,0,1338900480
LLAMA3.1-8B--KVChime-CB-2,F1,decode,all,3,453640192,885391360,0,1339031552
LLAMA3.1-8B--KVChime-CB-2,F1,decode,all,4,453771264,885391360,0,1339162624
LLAMA3.1-8B--KVChime-CB-2,F1,decode,all,5,453902336,885391360,0,1339293696
LLAMA3.1-8B--KVChime-CB-2,F1,decode,all,6,454033408,885391360,0,1339424768
LLAMA3.1-8B--KVChime-CB-2,F1,decode,all,7,454164480,885391360,0,1339555840
LLAMA3.1-8B--KVChime-CB-2,F1,decode,all,8,454295552,885391360,0,1339686912
LLAMA3.1-8B--KVChime-CB-2,F1,decode,all,9,454426624,885391360,0,1339817984
LLAMA3.1-8B--KVChime-CB-2,F2,prefill,0,0,14163968,885391360,14163968,913719296
LLAMA3.1-8B--KVChime-CB-2,F2,prefill,1,0,14163968,885391360,28327936,927883264
LLAMA3.1-8B--KVChime-CB-2,F2,prefill,2,0,14163968,885391360,42491904,942047232
LLAMA3.1-8B--KVChime-CB-2,F2,prefill,3,0,14163968,885391360,56655872,956211200
LLAMA3.1-8B--KVChime-CB-2,F2,prefill,4,0,14163968,885391360,70819840,970375168
LLAMA3.1-8B--KVChime-CB-2,F2,prefill,5,0,14163968,885391360,84983808,984539136
LLAMA3.1-8B--KVChime-CB-2,F2,prefill,6,0,14163968,885391360,99147776,998703104
LLAMA3.1-8B--KVChime-CB-2,F2,prefill,7,0,14163968,885391360,113311744,1012867072
LLAMA3.1-8B--KVChime-CB-2,F2,prefill,8,0,14163968,885391360,127475712,1027031040
LLAMA3.1-8B--KVChime-CB-2,F2,prefill,9,0,14163968,885391360,141639680,1041195008
LLAMA3.1-8B--KVChime-CB-2,F2,prefill,10,0,14163968,885391360,155803648,1055358976
LLAMA3.1-8B--KVChime-CB-2,F2,prefill,11,0,14163968,885391360,169967616,1069522944
LLAMA3.1-8B--KVChime-CB-2,F2,prefill,12,0,14163968,885391360,184131584,1083686912
LLAMA3.1-8B--KVChime-CB-2,F2,prefill,13,0,14163968,885391360,198295552,1097850880
LLAMA3.1-8B--KVChime-CB-2,F2,prefill,14,0,14163968,885391360,212459520,1112014848
LLAMA3.1-8B--KVChime-CB-2,F2,prefill,15,0,14163968,885391360,226623488,1126178816
LLAMA3.1-8B--KVChime-CB-2,F2,prefill,16,0,14163968,885391360,240787456,1140342784
LLAMA3.1-8B--KVChime-CB-2,F2,prefill,17,0,14163968,885391360,254951424,1154506752
LLAMA3.1-8B--KVChime-CB-2,F2,prefill,18,0,14163968,885391360,269115392,1168670720
LLAMA3.1-8B--KVChime-CB-2,F2,prefill,19,0,14163968,885391360,283279360,1182834688
LLAMA3.1-8B--KVChime-CB-2,F2,prefill,20,0,14163968,885391360,297443328,1196998656
LLAMA3.1-8B--KVChime-CB-2,F2,prefill,21,0,14163968,885391360,311607296,1211162624
LLAMA3.1-8B--KVChime-CB-2,F2,prefill,22,0,14163968,885391360,325771264,1225326592
LLAMA3.1-8B--KVChime-CB-2,F2,prefill,23,0,14163968,885391360,339935232,1239490560
LLAMA3.1-8B--KVChime-CB-2,F2,prefill,24,0,14163968,885391360,354099200,1253654528
LLAMA3.1-8B--KVChime-CB-2,F2,prefill,25,0,14163968,885391360,368263168,1267818496
LLAMA3.1-8B--KVChime-CB-2,F2,prefill,26,0,14163968,885391360,382427136,1281982464
LLAMA3.1-8B--KVChime-CB-2,F2,prefill,27,0,14163968,885391360,396591104,1296146432
LLAMA3.1-8B--KVChime-CB-2,F2,prefill,28,0,14163968,885391360,410755072,1310310400
LLAMA3.1-8B--KVChime-CB-2,F2,prefill,29,0,14163968,885391360,424919040,1324474368
LLAMA3.1-8B--KVChime-CB-2,F2,prefill,30,0,14163968,885391360,439083008,1338638336
LLAMA3.1-8B--KVChime-CB-2,F2,prefill,31,0,14163968,885391360,453246976,1352802304
LLAMA3.1-8B--KVChime-CB-2,F2,decode,all,1,4096,885391360,453378048,1338773504
LLAMA3.1-8B--KVChime-CB-2,F2,decode,all,2,4096,885391360,453509120,1338904576
LLAMA3.1-8B--KVChime-CB-2,F2,decode,all,3,4096,885391360,453640192,1339035648
LLAMA3.1-8B--KVChime-CB-2,F2,decode,all,4,4096,885391360,453771264,1339166720
LLAMA3.1-8B--KVChime-CB-2,F2,decode,all,5,4096,885391360,453902336,1339297792
LLAMA3.1-8B--KVChime-CB-2,F2,decode,all,6,4096,885391360,454033408,1339428864
LLAMA3.1-8B--KVChime-CB-2,F2,decode,all,7,4096,885391360,454164480,1339559936
LLAMA3.1-8B--KVChime-CB-2,F2,decode,all,8,4096,885391360,454295552,1339691008
LLAMA3.1-8B--KVChime-CB-2,F2,decode,all,9,4096,885391360,454426624,1339822080
LLAMA3.1-8B--KVChime-CB-2,F3,prefill,0,0,14163968,885391360,14163968,913719296
LLAMA3.1-8B--KVChime-CB-2,F3,prefill,1,0,14163968,885391360,28327936,927883264
LLAMA3.1-8B--KVChime-CB-2,F3,prefill,2,0,14163968,885391360,30801920,930357248
LLAMA3.1-8B--KVChime-CB-2,F3,prefill,3,0,14163968,885391360,33275904,932831232
LLAMA3.1-8B--KVChime-CB-2,F3,prefill,4,0,14163968,885391360,35749888,935305216
LLAMA3.1-8B--KVChime-CB-2,F3,prefill,5,0,14163968,885391360,38223872,937779200
LLAMA3.1-8B--KVChime-CB-2,F3,prefill,6,0,14163968,885391360,40697856,940253184
LLAMA3.1-8B--KVChime-CB-2,F3,prefill,7,0,14163968,885391360,43171840,942727168
LLAMA3.1-8B--KVChime-CB-2,F3,prefill,8,0,14163968,885391360,45645824,945201152
LLAMA3.1-8B--KVChime-CB-2,F3,prefill,9,0,14163968,885391360,48119808,947675136
LLAMA3.1-8B--KVChime-CB-2,F3,prefill,10,0,14163968,885391360,50593792,950149120
LLAMA3.1-8B--KVChime-CB-2,F3,prefill,11,0,14163968,885391360,53067776,952623104
LLAMA3.1-8B--KVChime-CB-2,F3,prefill,12,0,14163968,885391360,55541760,955097088
LLAMA3.1-8B--KVChime-CB-2,F3,prefill,13,0,14163968,885391360,58015744,957571072
LLAMA3.1-8B--KVChime-CB-2,F3,prefill,14,0,14163968,885391360,60489728,960045056
LLAMA3.1-8B--KVChime-CB-2,F3,prefill,15,0,14163968,885391360,62963712,962519040
LLAMA3.1-8B--KVChime-CB-2,F3,prefill,16,0,14163968,885391360,65437696,964993024
LLAMA3.1-8B--KVChime-CB-2,F3,prefill,17,0,14163968,885391360,67911680,967467008
LLAMA3.1-8B--KVChime-CB-2,F3,prefill,18,0,14163968,885391360,70385664,969940992
LLAMA3.1-8B--KVChime-CB-2,F3,prefill,19,0,14163968,885391360,72859648,972414976
LLAMA3.1-8B--KVChime-CB-2,F3,prefill,20,0,14163968,885391360,75333632,974888960
LLAMA3.1-8B--KVChime-CB-2,F3,prefill,21,0,14163968,885391360,77807616,977362944
LLAMA3.1-8B--KVChime-CB-2,F3,prefill,22,0,14163968,885391360,80281600,979836928
LLAMA3.1-8B--KVChime-CB-2,F3,prefill,23,0,14163968,885391360,82755584,982310912
LLAMA3.1-8B--KVChime-CB-2,F3,prefill,24,0,14163968,885391360,85229568,984784896
LLAMA3.1-8B--KVChime-CB-2,F3,prefill,25,0,14163968,885391360,87703552,987258880
LLAMA3.1-8B--KVChime-CB-2,F3,prefill,26,0,14163968,885391360,90177536,989732864
LLAMA3.1-8B--KVChime-CB-2,F3,prefill,27,0,14163968,885391360,92651520,992206848
LLAMA3.1-8B--KVChime-CB-2,F3,prefill,28,0,14163968,885391360,95125504,994680832
LLAMA3.1-8B--KVChime-CB-2,F3,prefill,29,0,14163968,885391360,97599488,997154816
LLAMA3.1-8B--KVChime-CB-2,F3,prefill,30,0,14163968,885391360,100073472,999628800
LLAMA3.1-8B--KVChime-CB-2,F3,prefill,31,0,14163968,885391360,102547456,1002102784
LLAMA3.1-8B--KVChime-CB-2,F3,decode,all,1,4096,885391360,102678528,988073984
LLAMA3.1-8B--KVChime-CB-2,F3,decode,all,2,4096,885391360,102809600,988205056
LLAMA3.1-8B--KVChime-CB-2,F3,decode,all,3,4096,885391360,102940672,988336128
LLAMA3.1-8B--KVChime-CB-2,F3,decode,all,4,4096,885391360,103071744,988467200
LLAMA3.1-8B--KVChime-CB-2,F3,decode,all,5,4096,885391360,103202816,988598272
LLAMA3.1-8B--KVChime-CB-2,F3,decode,all,6,4096,885391360,103333888,988729344
LLAMA3.1-8B--KVChime-CB-2,F3,decode,all,7,4096,885391360,103464960,988860416
LLAMA3.1-8B--KVChime-CB-2,F3,decode,all,8,4096,885391360,103596032,988991488
LLAMA3.1-8B--KVChime-CB-2,F3,decode,all,9,4096,885391360,103727104,989122560
LLAMA3.1-8B--KVChime-CB-2,F4,prefill,0,0,14163968,885391360,14163968,913719296
LLAMA3.1-8B--KVChime-CB-2,F4,prefill,1,0,14163968,885391360,28327936,927883264
LLAMA3.1-8B--KVChime-CB-2,F4,prefill,2,0,14163968,885391360,30801920,930357248
LLAMA3.1-8B--KVChime-CB-2,F4,prefill,3,0,14163968,885391360,33275904,932831232
LLAMA3.1-8B--KVChime-CB-2,F4,prefill,4,0,14163968,885391360,35749888,935305216
LLAMA3.1-8B--KVChime-CB-2,F4,prefill,5,0,14163968,885391360,38223872,937779200
LLAMA3.1-8B--KVChime-CB-2,F4,prefill,6,0,14163968,885391360,40697856,940253184
LLAMA3.1-8B--KVChime-CB-2,F4,prefill,7,0,14163968,885391360,43171840,942727168
LLAMA3.1-8B--KVChime-CB-2,F4,prefill,8,0,14163968,885391360,45645824,945201152
LLAMA3.1-8B--KVChime-CB-2,F4,prefill,9,0,14163968,885391360,48119808,947675136
LLAMA3.1-8B--KVChime-CB-2,F4,prefill,10,0,14163968,885391360,50593792,950149120
LLAMA3.1-8B--KVChime-CB-2,F4,prefill,11,0,14163968,885391360,53067776,952623104
LLAMA3.1-8B--KVChime-CB-2,F4,prefill,12,0,14163968,885391360,55541760,955097088
LLAMA3.1-8B--KVChime-CB-2,F4,prefill,13,0,14163968,885391360,58015744,957571072
LLAMA3.1-8B--KVChime-CB-2,F4,prefill,14,0,14163968,885391360,60489728,960045056
LLAMA3.1-8B--KVChime-CB-2,F4,prefill,15,0,14163968,885391360,62963712,962519040
LLAMA3.1-8B--KVChime-CB-2,F4,prefill,16,0,14163968,885391360,65437696,964993024
LLAMA3.1-8B--KVChime-CB-2,F4,prefill,17,0,14163968,885391360,67911680,967467008
LLAMA3.1-8B--KVChime-CB-2,F4,prefill,18,0,14163968,885391360,70385664,969940992
LLAMA3.1-8B--KVChime-CB-2,F4,prefill,19,0,14163968,885391360,72859648,972414976
LLAMA3.1-8B--KVChime-CB-2,F4,prefill,20,0,14163968,885391360,75333632,974888960
LLAMA3.1-8B--KVChime-CB-2,F4,prefill,21,0,14163968,885391360,77807616,977362944
LLAMA3.1-8B--KVChime-CB-2,F4,prefill,22,0,14163968,885391360,80281600,979836928
LLAMA3.1-8B--KVChime-CB-2,F4,prefill,23,0,14163968,885391360,82755584,982310912
LLAMA3.1-8B--KVChime-CB-2,F4,prefill,24,0,14163968,885391360,85229568,984784896
LLAMA3.1-8B--KVChime-CB-2,F4,prefill,25,0,14163968,885391360,87703552,987258880
LLAMA3.1-8B--KVChime-CB-2,F4,prefill,26,0,14163968,885391360,90177536,989732864
LLAMA3.1-8B--KVChime-CB-2,F4,prefill,27,0,14163968,885391360,92651520,992206848
LLAMA3.1-8B--KVChime-CB-2,F4,prefill,28,0,14163968,885391360,95125504,994680832
LLAMA3.1-8B--KVChime-CB-2,F4,prefill,29,0,14163968,885391360,97599488,997154816
LLAMA3.1-8B--KVChime-CB-2,F4,prefill,30,0,14163968,885391360,100073472,999628800
LLAMA3.1-8B--KVChime-CB-2,F4,prefill,31,0,14163968,885391360,102547456,1002102784
LLAMA3.1-8B--KVChime-CB-2,F4,decode,all,1,4096,885391360,102678528,988073984
LLAMA3.1-8B--KVChime-CB-2,F4,decode,all,2,4096,885391360,102809600,988205056
LLAMA3.1-8B--KVChime-CB-2,F4,decode,all,3,4096,885391360,102940672,988336128
LLAMA3.1-8B--KVChime-CB-2,F4,decode,all,4,4096,885391360,103071744,988467200
LLAMA3.1-8B--KVChime-CB-2,F4,decode,all,5,4096,885391360,103202816,988598272
LLAMA3.1-8B--KVChime-CB-2,F4,decode,all,6,4096,885391360,103333888,988729344
LLAMA3.1-8B--KVChime-CB-2,F4,decode,all,7,4096,885391360,103464960,988860416
LLAMA3.1-8B--KVChime-CB-2,F4,decode,all,8,4096,885391360,103596032,988991488
LLAMA3.1-8B--KVChime-CB-2,F4,decode,all,9,4096,885391360,103727104,989122560
LLAMA3.1-8B--KVChime-EPIC-long-4000,F0,prefill,0,0,16498688,0,0,16498688
LLAMA3.1-8B--KVChime-EPIC-long-4000,F0,prefill,1,0,32997376,0,0,32997376
LLAMA3.1-8B--KVChime-EPIC-long-4000,F0,prefill,2,0,49496064,0,0,49496064
LLAMA3.1-8B--KVChime-EPIC-long-4000,F0,prefill,3,0,65994752,0,0,65994752
LLAMA3.1-8B--KVChime-EPIC-long-4000,F0,prefill,4,0,82493440,0,0,82493440
LLAMA3.1-8B--KVChime-EPIC-long-4000,F0,prefill,5,0,98992128,0,0,98992128
LLAMA3.1-8B--KVChime-EPIC-long-4000,F0,prefill,6,0,115490816,0,0,115490816
LLAMA3.1-8B--KVChime-EPIC-long-4000,F0,prefill,7,0,131989504,0,0,131989504
LLAMA3.1-8B--KVChime-EPIC-long-4000,F0,prefill,8,0,148488192,0,0,148488192
LLAMA3.1-8B--KVChime-EPIC-long-4000,F0,prefill,9,0,164986880,0,0,164986880
LLAMA3.1-8B--KVChime-EPIC-long-4000,F0,prefill,10,0,181485568,0,0,181485568
LLAMA3.1-8B--KVChime-EPIC-long-4000,F0,prefill,11,0,197984256,0,0,197984256
LLAMA3.1-8B--KVChime-EPIC-long-4000,F0,prefill,12,0,214482944,0,0,214482944
LLAMA3.1-8B--KVChime-EPIC-long-4000,F0,prefill,13,0,230981632,0,0,230981632
LLAMA3.1-8B--KVChime-EPIC-long-4000,F0,prefill,14,0,247480320,0,0,247480320
LLAMA3.1-8B--KVChime-EPIC-long-4000,F0,prefill,15,0,263979008,0,0,263979008
LLAMA3.1-8B--KVChime-EPIC-long-4000,F0,prefill,16,0,280477696,0,0,280477696
LLAMA3.1-8B--KVChime-EPIC-long-4000,F0,prefill,17,0,296976384,0,0,296976384
LLAMA3.1-8B--KVChime-EPIC-long-4000,F0,prefill,18,0,313475072,0,0,313475072
LLAMA3.1-8B--KVChime-EPIC-long-4000,F0,prefill,19,0,329973760,0,0,329973760
LLAMA3.1-8B--KVChime-EPIC-long-4000,F0,prefill,20,0,346472448,0,0,346472448
LLAMA3.1-8B--KVChime-EPIC-long-4000,F0,prefill,21,0,362971136,0,0,362971136
LLAMA3.1-8B--KVChime-EPIC-long-4000,F0,prefill,22,0,379469824,0,0,379469824
LLAMA3.1-8B--KVChime-EPIC-long-4000,F0,prefill,23,0,395968512,0,0,395968512
LLAMA3.1-8B--KVChime-EPIC-long-4000,F0,prefill,24,0,412467200,0,0,412467200
LLAMA3.1-8B--KVChime-EPIC-long-4000,F0,prefill,25,0,428965888,0,0,428965888
LLAMA3.1-8B--KVChime-EPIC-long-4000,F0,prefill,26,0,445464576,0,0,445464576
LLAMA3.1-8B--KVChime-EPIC-long-4000,F0,prefill,27,0,461963264,0,0,461963264
LLAMA3.1-8B--KVChime-EPIC-long-4000,F0,prefill,28,0,478461952,0,0,478461952
LLAMA3.1-8B--KVChime-EPIC-long-4000,F0,prefill,29,0,494960640,0,0,494960640
LLAMA3.1-8B--KVChime-EPIC-long-4000,F0,prefill,30,0,511459328,0,0,511459328
LLAMA3.1-8B--KVChime-EPIC-long-4000,F0,prefill,31,0,527958016,0,0,527958016
LLAMA3.1-8B--KVChime-EPIC-long-4000,F0,decode,all,1,528089088,0,0,528089088
LLAMA3.1-8B--KVChime-EPIC-long-4000,F0,decode,all,2,528220160,0,0,528220160
LLAMA3.1-8B--KVChime-EPIC-long-4000,F0,decode,all,3,528351232,0,0,528351232
LLAMA3.1-8B--KVChime-EPIC-long-4000,F0,decode,all,4,528482304,0,0,528482304
LLAMA3.1-8B--KVChime-EPIC-long-4000,F0,decode,all,5,528613376,0,0,528613376
LLAMA3.1-8B--KVChime-EPIC-long-4000,F0,decode,all,6,528744448,0,0,528744448
LLAMA3.1-8B--KVChime-EPIC-long-4000,F0,decode,all,7,528875520,0,0,528875520
LLAMA3.1-8B--KVChime-EPIC-long-4000,F0,decode,all,8,529006592,0,0,529006592
LLAMA3.1-8B--KVChime-EPIC-long-4000,F0,decode,all,9,529137664,0,0,529137664
LLAMA3.1-8B--KVChime-EPIC-long-4000,F0,decode,all,10,529268736,0,0,529268736
LLAMA3.1-8B--KVChime-EPIC-long-4000,F0,decode,all,11,529399808,0,0,529399808
LLAMA3.1-8B--KVChime-EPIC-long-4000,F0,decode,all,12,529530880,0,0,529530880
LLAMA3.1-8B--KVChime-EPIC-long-4000,F0,decode,all,13,529661952,0,0,529661952
LLAMA3.1-8B--KVChime-EPIC-long-4000,F0,decode,all,14,529793024,0,0,529793024
LLAMA3.1-8B--KVChime-EPIC-long-4000,F0,decode,all,15,529924096,0,0,529924096
LLAMA3.1-8B--KVChime-EPIC-long-4000,F1,prefill,0,0,16498688,527958016,0,544456704
LLAMA3.1-8B--KVChime-EPIC-long-4000,F1,prefill,1,0,32997376,527958016,0,560955392
LLAMA3.1-8B--KVChime-EPIC-long-4000,F1,prefill,2,0,49496064,527958016,0,577454080
LLAMA3.1-8B--KVChime-EPIC-long-4000,F1,prefill,3,0,65994752,527958016,0,593952768
LLAMA3.1-8B--KVChime-EPIC-long-4000,F1,prefill,4,0,82493440,527958016,0,610451456
LLAMA3.1-8B--KVChime-EPIC-long-4000,F1,prefill,5,0,98992128,527958016,0,626950144
LLAMA3.1-8B--KVChime-EPIC-long-4000,F1,prefill,6,0,115490816,527958016,0,643448832
LLAMA3.1-8B--KVChime-EPIC-long-4000,F1,prefill,7,0,131989504,527958016,0,659947520
LLAMA3.1-8B--KVChime-EPIC-long-4000,F1,prefill,8,0,148488192,527958016,0,676446208
LLAMA3.1-8B--KVChime-EPIC-long-4000,F1,prefill,9,0,164986880,527958016,0,692944896
LLAMA3.1-8B--KVChime-EPIC-long-4000,F1,prefill,10,0,181485568,527958016,0,709443584
LLAMA3.1-8B--KVChime-EPIC-long-4000,F1,prefill,11,0,197984256,527958016,0,725942272
LLAMA3.1-8B--KVChime-EPIC-long-4000,F1,prefill,12,0,214482944,527958016,0,742440960
LLAMA3.1-8B--KVChime-EPIC-long-4000,F1,prefill,13,0,230981632,527958016,0,758939648
LLAMA3.1-8B--KVChime-EPIC-long-4000,F1,prefill,14,0,247480320,527958016,0,775438336
LLAMA3.1-8B--KVChime-EPIC-long-4000,F1,prefill,15,0,263979008,527958016,0,791937024
LLAMA3.1-8B--KVChime-EPIC-long-4000,F1,prefill,16,0,280477696,527958016,0,808435712
LLAMA3.1-8B--KVChime-EPIC-long-4000,F1,prefill,17,0,296976384,527958016,0,824934400
LLAMA3.1-8B--KVChime-EPIC-long-4000,F1,prefill,18,0,313475072,527958016,0,841433088
LLAMA3.1-8B--KVChime-EPIC-long-4000,F1,prefill,19,0,329973760,527958016,0,857931776
LLAMA3.1-8B--KVChime-EPIC-long-4000,F1,prefill,20,0,346472448,527958016,0,874430464
LLAMA3.1-8B--KVChime-EPIC-long-4000,F1,prefill,21,0,362971136,527958016,0,890929152
LLAMA3.1-8B--KVChime-EPIC-long-4000,F1,prefill,22,0,379469824,527958016,0,907427840
LLAMA3.1-8B--KVChime-EPIC-long-4000,F1,prefill,23,0,395968512,527958016,0,923926528
LLAMA3.1-8B--KVChime-EPIC-long-4000,F1,prefill,24,0,412467200,527958016,0,940425216
LLAMA3.1-8B--KVChime-EPIC-long-4000,F1,prefill,25,0,428965888,527958016,0,956923904
LLAMA3.1-8B--KVChime-EPIC-long-4000,F1,prefill,26,0,445464576,527958016,0,973422592
LLAMA3.1-8B--KVChime-EPIC-long-4000,F1,prefill,27,0,461963264,527958016,0,989921280
LLAMA3.1-8B--KVChime-EPIC-long-4000,F1,prefill,28,0,478461952,527958016,0,1006419968
LLAMA3.1-8B--KVChime-EPIC-long-4000,F1,prefill,29,0,494960640,527958016,0,1022918656
LLAMA3.1-8B--KVChime-EPIC-long-4000,F1,prefill,30,0,511459328,527958016,0,1039417344
LLAMA3.1-8B--KVChime-EPIC-long-4000,F1,prefill,31,0,527958016,527958016,0,1055916032
LLAMA3.1-8B--KVChime-EPIC-long-4000,F1,decode,all,1,528089088,527958016,0,1056047104
LLAMA3.1-8B--KVChime-EPIC-long-4000,F1,decode,all,2,528220160,527958016,0,1056178176
LLAMA3.1-8B--KVChime-EPIC-long-4000,F1,decode,all,3,528351232,527958016,0,1056309248
LLAMA3.1-8B--KVChime-EPIC-long-4000,F1,decode,all,4,528482304,527958016,0,1056440320
LLAMA3.1-8B--KVChime-EPIC-long-4000,F1,decode,all,5,528613376,527958016,0,1056571392
LLAMA3.1-8B--KVChime-EPIC-long-4000,F1,decode,all,6,528744448,527958016,0,1056702464
LLAMA3.1-8B--KVChime-EPIC-long-4000,F1,decode,all,7,528875520,527958016,0,1056833536
LLAMA3.1-8B--KVChime-EPIC-long-4000,F1,decode,all,8,529006592,527958016,0,1056964608
LLAMA3.1-8B--KVChime-EPIC-long-4000,F1,decode,all,9,529137664,527958016,0,1057095680
LLAMA3.1-8B--KVChime-EPIC-long-4000,F1,decode,all,10,529268736,527958016,0,1057226752
LLAMA3.1-8B--KVChime-EPIC-long-4000,F1,decode,all,11,529399808,527958016,0,1057357824
LLAMA3.1-8B--KVChime-EPIC-long-4000,F1,decode,all,12,529530880,527958016,0,1057488896
LLAMA3.1-8B--KVChime-EPIC-long-4000,F1,decode,all,13,529661952,527958016,0,1057619968
LLAMA3.1-8B--KVChime-EPIC-long-4000,F1,decode,all,14,529793024,527958016,0,1057751040
LLAMA3.1-8B--KVChime-EPIC-long-4000,F1,decode,all,15,529924096,527958016,0,1057882112
LLAMA3.1-8B--KVChime-EPIC-long-4000,F2,prefill,0,0,16498688,527958016,16498688,560955392
LLAMA3.1-8B--KVChime-EPIC-long-4000,F2,prefill,1,0,16498688,527958016,32997376,577454080
LLAMA3.1-8B--KVChime-EPIC-long-4000,F2,prefill,2,0,16498688,527958016,49496064,593952768
LLAMA3.1-8B--KVChime-EPIC-long-4000,F2,prefill,3,0,16498688,527958016,65994752,610451456
LLAMA3.1-8B--KVChime-EPIC-long-4000,F2,prefill,4,0,16498688,527958016,82493440,626950144
LLAMA3.1-8B--KVChime-EPIC-long-4000,F2,prefill,5,0,16498688,527958016,98992128,643448832
LLAMA3.1-8B--KVChime-EPIC-long-4000,F2,prefill,6,0,16498688,527958016,115490816,659947520
LLAMA3.1-8B--KVChime-EPIC-long-4000,F2,prefill,7,0,16498688,527958016,131989504,676446208
LLAMA3.1-8B--KVChime-EPIC-long-4000,F2,prefill,8,0,16498688,527958016,148488192,692944896
LLAMA3.1-8B--KVChime-EPIC-long-4000,F2,prefill,9,0,16498688,527958016,164986880,709443584
LLAMA3.1-8B--KVChime-EPIC-long-4000,F2,prefill,10,0,16498688,527958016,181485568,725942272
LLAMA3.1-8B--KVChime-EPIC-long-4000,F2,prefill,11,0,16498688,527958016,197984256,742440960
LLAMA3.1-8B--KVChime-EPIC-long-4000,F2,prefill,12,0,16498688,527958016,214482944,758939648
LLAMA3.1-8B--KVChime-EPIC-long-4000,F2,prefill,13,0,16498688,527958016,230981632,775438336
LLAMA3.1-8B--KVChime-EPIC-long-4000,F2,prefill,14,0,16498688,527958016,247480320,791937024
LLAMA3.1-8B--KVChime-EPIC-long-4000,F2,prefill,15,0,16498688,527958016,263979008,808435712
LLAMA3.1-8B--KVChime-EPIC-long-4000,F2,prefill,16,0,16498688,527958016,280477696,824934400
LLAMA3.1-8B--KVChime-EPIC-long-4000,F2,prefill,17,0,16498688,527958016,296976384,841433088
LLAMA3.1-8B--KVChime-EPIC-long-4000,F2,prefill,18,0,16498688,527958016,313475072,857931776
LLAMA3.1-8B--KVChime-EPIC-long-4000,F2,prefill,19,0,16498688,527958016,329973760,874430464
LLAMA3.1-8B--KVChime-EPIC-long-4000,F2,prefill,20,0,16498688,527958016,346472448,890929152
LLAMA3.1-8B--KVChime-EPIC-long-4000,F2,prefill,21,0,16498688,527958016,362971136,907427840
LLAMA3.1-8B--KVChime-EPIC-long-4000,F2,prefill,22,0,16498688,527958016,379469824,923926528
LLAMA3.1-8B--KVChime-EPIC-long-4000,F2,prefill,23,0,16498688,527958016,395968512,940425216
LLAMA3.1-8B--KVChime-EPIC-long-4000,F2,prefill,24,0,16498688,527958016,412467200,956923904
LLAMA3.1-8B--KVChime-EPIC-long-4000,F2,prefill,25,0,16498688,527958016,428965888,973422592
LLAMA3.1-8B--KVChime-EPIC-long-4000,F2,prefill,26,0,16498688,527958016,445464576,989921280
LLAMA3.1-8B--KVChime-EPIC-long-4000,F2,prefill,27,0,16498688,527958016,461963264,1006419968
LLAMA3.1-8B--KVChime-EPIC-long-4000,F2,prefill,28,0,16498688,527958016,478461952,1022918656
LLAMA3.1-8B--KVChime-EPIC-long-4000,F2,prefill,29,0,16498688,527958016,494960640,1039417344
LLAMA3.1-8B--KVChime-EPIC-long-4000,F2,prefill,30,0,16498688,527958016,511459328,1055916032
LLAMA3.1-8B--KVChime-EPIC-long-4000,F2,prefill,31,0,16498688,527958016,527958016,1072414720
LLAMA3.1-8B--KVChime-EPIC-long-4000,F2,decode,all,1,4096,527958016,528089088,1056051200
LLAMA3.1-8B--KVChime-EPIC-long-4000,F2,decode,all,2,4096,527958016,528220160,1056182272
LLAMA3.1-8B--KVChime-EPIC-long-4000,F2,decode,all,3,4096,527958016,528351232,1056313344
LLAMA3.1-8B--KVChime-EPIC-long-4000,F2,decode,all,4,4096,527958016,528482304,1056444416
LLAMA3.1-8B--KVChime-EPIC-long-4000,F2,decode,all,5,4096,527958016,528613376,1056575488
LLAMA3.1-8B--KVChime-EPIC-long-4000,F2,decode,all,6,4096,527958016,528744448,1056706560
LLAMA3.1-8B--KVChime-EPIC-long-4000,F2,decode,all,7,4096,527958016,528875520,1056837632
LLAMA3.1-8B--KVChime-EPIC-long-4000,F2,decode,all,8,4096,527958016,529006592,1056968704
LLAMA3.1-8B--KVChime-EPIC-long-4000,F2,decode,all,9,4096,527958016,529137664,1057099776
LLAMA3.1-8B--KVChime-EPIC-long-4000,F2,decode,all,10,4096,527958016,529268736,1057230848
LLAMA3.1-8B--KVChime-EPIC-long-4000,F2,decode,all,11,4096,527958016,529399808,1057361920
LLAMA3.1-8B--KVChime-EPIC-long-4000,F2,decode,all,12,4096,527958016,529530880,1057492992
LLAMA3.1-8B--KVChime-EPIC-long-4000,F2,decode,all,13,4096,527958016,529661952,1057624064
LLAMA3.1-8B--KVChime-EPIC-long-4000,F2,decode,all,14,4096,527958016,529793024,1057755136
LLAMA3.1-8B--KVChime-EPIC-long-4000,F2,decode,all,15,4096,527958016,529924096,1057886208
LLAMA3.1-8B--KVChime-EPIC-long-4000,F3,prefill,0,0,16498688,527958016,434176,544890880
LLAMA3.1-8B--KVChime-EPIC-long-4000,F3,prefill,1,0,16498688,527958016,868352,545325056
LLAMA3.1-8B--KVChime-EPIC-long-4000,F3,prefill,2,0,16498688,527958016,1302528,545759232
LLAMA3.1-8B--KVChime-EPIC-long-4000,F3,prefill,3,0,16498688,527958016,1736704,546193408
LLAMA3.1-8B--KVChime-EPIC-long-4000,F3,prefill,4,0,16498688,527958016,2170880,546627584
LLAMA3.1-8B--KVChime-EPIC-long-4000,F3,prefill,5,0,16498688,527958016,2605056,547061760
LLAMA3.1-8B--KVChime-EPIC-long-4000,F3,prefill,6,0,16498688,527958016,3039232,547495936
LLAMA3.1-8B--KVChime-EPIC-long-4000,F3,prefill,7,0,16498688,527958016,3473408,547930112
LLAMA3.1-8B--KVChime-EPIC-long-4000,F3,prefill,8,0,16498688,527958016,3907584,548364288
LLAMA3.1-8B--KVChime-EPIC-long-4000,F3,prefill,9,0,16498688,527958016,4341760,548798464
LLAMA3.1-8B--KVChime-EPIC-long-4000,F3,prefill,10,0,16498688,527958016,4775936,549232640
LLAMA3.1-8B--KVChime-EPIC-long-4000,F3,prefill,11,0,16498688,527958016,5210112,549666816
LLAMA3.1-8B--KVChime-EPIC-long-4000,F3,prefill,12,0,16498688,527958016,5644288,550100992
LLAMA3.1-8B--KVChime-EPIC-long-4000,F3,prefill,13,0,16498688,527958016,6078464,550535168
LLAMA3.1-8B--KVChime-EPIC-long-4000,F3,prefill,14,0,16498688,527958016,6512640,550969344
LLAMA3.1-8B--KVChime-EPIC-long-4000,F3,prefill,15,0,16498688,527958016,6946816,551403520
LLAMA3.1-8B--KVChime-EPIC-long-4000,F3,prefill,16,0,16498688,527958016,7380992,551837696
LLAMA3.1-8B--KVChime-EPIC-long-4000,F3,prefill,17,0,16498688,527958016,7815168,552271872
LLAMA3.1-8B--KVChime-EPIC-long-4000,F3,prefill,18,0,16498688,527958016,8249344,552706048
LLAMA3.1-8B--KVChime-EPIC-long-4000,F3,prefill,19,0,16498688,527958016,8683520,553140224
LLAMA3.1-8B--KVChime-EPIC-long-4000,F3,prefill,20,0,16498688,527958016,9117696,553574400
LLAMA3.1-8B--KVChime-EPIC-long-4000,F3,prefill,21,0,16498688,527958016,9551872,554008576
LLAMA3.1-8B--KVChime-EPIC-long-4000,F3,prefill,22,0,16498688,527958016,9986048,554442752
LLAMA3.1-8B--KVChime-EPIC-long-4000,F3,prefill,23,0,16498688,527958016,10420224,554876928
LLAMA3.1-8B--KVChime-EPIC-long-4000,F3,prefill,24,0,16498688,527958016,10854400,555311104
LLAMA3.1-8B--KVChime-EPIC-long-4000,F3,prefill,25,0,16498688,527958016,11288576,555745280
LLAMA3.1-8B--KVChime-EPIC-long-4000,F3,prefill,26,0,16498688,527958016,11722752,556179456
LLAMA3.1-8B--KVChime-EPIC-long-4000,F3,prefill,27,0,16498688,527958016,12156928,556613632
LLAMA3.1-8B--KVChime-EPIC-long-4000,F3,prefill,28,0,16498688,527958016,12591104,557047808
LLAMA3.1-8B--KVChime-EPIC-long-4000,F3,prefill,29,0,16498688,527958016,13025280,557481984
LLAMA3.1-8B--KVChime-EPIC-long-4000,F3,prefill,30,0,16498688,527958016,13459456,557916160
LLAMA3.1-8B--KVChime-EPIC-long-4000,F3,prefill,31,0,16498688,527958016,13893632,558350336
LLAMA3.1-8B--KVChime-EPIC-long-4000,F3,decode,all,1,4096,527958016,14024704,541986816
LLAMA3.1-8B--KVChime-EPIC-long-4000,F3,decode,all,2,4096,527958016,14155776,542117888
LLAMA3.1-8B--KVChime-EPIC-long-4000,F3,decode,all,3,4096,527958016,14286848,542248960
LLAMA3.1-8B--KVChime-EPIC-long-4000,F3,decode,all,4,4096,527958016,14417920,542380032
LLAMA3.1-8B--KVChime-EPIC-long-4000,F3,decode,all,5,4096,527958016,14548992,542511104
LLAMA3.1-8B--KVChime-EPIC-long-4000,F3,decode,all,6,4096,527958016,14680064,542642176
LLAMA3.1-8B--KVChime-EPIC-long-4000,F3,decode,all,7,4096,527958016,14811136,542773248
LLAMA3.1-8B--KVChime-EPIC-long-4000,F3,decode,all,8,4096,527958016,14942208,542904320
LLAMA3.1-8B--KVChime-EPIC-long-4000,F3,decode,all,9,4096,527958016,15073280,543035392
LLAMA3.1-8B--KVChime-EPIC-long-4000,F3,decode,all,10,4096,527958016,15204352,543166464
LLAMA3.1-8B--KVChime-EPIC-long-4000,F3,decode,all,11,4096,527958016,15335424,543297536
LLAMA3.1-8B--KVChime-EPIC-long-4000,F3,decode,all,12,4096,527958016,15466496,543428608
LLAMA3.1-8B--KVChime-EPIC-long-4000,F3,decode,all,13,4096,527958016,15597568,543559680
LLAMA3.1-8B--KVChime-EPIC-long-4000,F3,decode,all,14,4096,527958016,15728640,543690752
LLAMA3.1-8B--KVChime-EPIC-long-4000,F3,decode,all,15,4096,527958016,15859712,543821824
LLAMA3.1-8B--KVChime-EPIC-long-4000,F4,prefill,0,0,16498688,527958016,434176,544890880
LLAMA3.1-8B--KVChime-EPIC-long-4000,F4,prefill,1,0,16498688,527958016,868352,545325056
LLAMA3.1-8B--KVChime-EPIC-long-4000,F4,prefill,2,0,16498688,527958016,1302528,545759232
LLAMA3.1-8B--KVChime-EPIC-long-4000,F4,prefill,3,0,16498688,527958016,1736704,546193408
LLAMA3.1-8B--KVChime-EPIC-long-4000,F4,prefill,4,0,16498688,527958016,2170880,546627584
LLAMA3.1-8B--KVChime-EPIC-long-4000,F4,prefill,5,0,16498688,527958016,2605056,547061760
LLAMA3.1-8B--KVChime-EPIC-long-4000,F4,prefill,6,0,16498688,527958016,3039232,547495936
LLAMA3.1-8B--KVChime-EPIC-long-4000,F4,prefill,7,0,16498688,527958016,3473408,547930112
LLAMA3.1-8B--KVChime-EPIC-long-4000,F4,prefill,8,0,16498688,527958016,3907584,548364288
LLAMA3.1-8B--KVChime-EPIC-long-4000,F4,prefill,9,0,16498688,527958016,4341760,548798464
LLAMA3.1-8B--KVChime-EPIC-long-4000,F4,prefill,10,0,16498688,527958016,4775936,549232640
LLAMA3.1-8B--KVChime-EPIC-long-4000,F4,prefill,11,0,16498688,527958016,5210112,549666816
LLAMA3.1-8B--KVChime-EPIC-long-4000,F4,prefill,12,0,16498688,527958016,5644288,550100992
LLAMA3.1-8B--KVChime-EPIC-long-4000,F4,prefill,13,0,16498688,527958016,6078464,550535168
LLAMA3.1-8B--KVChime-EPIC-long-4000,F4,prefill,14,0,16498688,527958016,6512640,550969344
LLAMA3.1-8B--KVChime-EPIC-long-4000,F4,prefill,15,0,16498688,527958016,6946816,551403520
LLAMA3.1-8B--KVChime-EPIC-long-4000,F4,prefill,16,0,16498688,527958016,7380992,551837696
LLAMA3.1-8B--KVChime-EPIC-long-4000,F4,prefill,17,0,16498688,527958016,7815168,552271872
LLAMA3.1-8B--KVChime-EPIC-long-4000,F4,prefill,18,0,16498688,527958016,8249344,552706048
LLAMA3.1-8B--KVChime-EPIC-long-4000,F4,prefill,19,0,16498688,527958016,8683520,553140224
LLAMA3.1-8B--KVChime-EPIC-long-4000,F4,prefill,20,0,16498688,527958016,9117696,553574400
LLAMA3.1-8B--KVChime-EPIC-long-4000,F4,prefill,21,0,16498688,527958016,9551872,554008576
LLAMA3.1-8B--KVChime-EPIC-long-4000,F4,prefill,22,0,16498688,527958016,9986048,554442752
LLAMA3.1-8B--KVChime-EPIC-long-4000,F4,prefill,23,0,16498688,527958016,10420224,554876928
LLAMA3.1-8B--KVChime-EPIC-long-4000,F4,prefill,24,0,16498688,527958016,10854400,555311104
LLAMA3.1-8B--KVChime-EPIC-long-4000,F4,prefill,25,0,16498688,527958016,11288576,555745280
LLAMA3.1-8B--KVChime-EPIC-long-4000,F4,prefill,26,0,16498688,527958016,11722752,556179456
LLAMA3.1-8B--KVChime-EPIC-long-4000,F4,prefill,27,0,16498688,527958016,12156928,556613632
LLAMA3.1-8B--KVChime-EPIC-long-4000,F4,prefill,28,0,16498688,527958016,12591104,557047808
LLAMA3.1-8B--KVChime-EPIC-long-4000,F4,prefill,29,0,16498688,527958016,13025280,557481984
LLAMA3.1-8B--KVChime-EPIC-long-4000,F4,prefill,30,0,16498688,527958016,13459456,557916160
LLAMA3.1-8B--KVChime-EPIC-long-4000,F4,prefill,31,0,16498688,527958016,13893632,558350336
LLAMA3.1-8B--KVChime-EPIC-long-4000,F4,decode,all,1,4096,527958016,14024704,541986816
LLAMA3.1-8B--KVChime-EPIC-long-4000,F4,decode,all,2,4096,527958016,14155776,542117888
LLAMA3.1-8B--KVChime-EPIC-long-4000,F4,decode,all,3,4096,527958016,14286848,542248960
LLAMA3.1-8B--KVChime-EPIC-long-4000,F4,decode,all,4,4096,527958016,14417920,542380032
LLAMA3.1-8B--KVChime-EPIC-long-4000,F4,decode,all,5,4096,527958016,14548992,542511104
LLAMA3.1-8B--KVChime-EPIC-long-4000,F4,decode,all,6,4096,527958016,14680064,542642176
LLAMA3.1-8B--KVChime-EPIC-long-4000,F4,decode,all,7,4096,527958016,14811136,542773248
LLAMA3.1-8B--KVChime-EPIC-long-4000,F4,decode,all,8,4096,527958016,14942208,542904320
LLAMA3.1-8B--KVChime-EPIC-long-4000,F4,decode,all,9,4096,527958016,15073280,543035392
LLAMA3.1-8B--KVChime-EPIC-long-4000,F4,decode,all,10,4096,527958016,15204352,543166464
LLAMA3.1-8B--KVChime-EPIC-long-4000,F4,decode,all,11,4096,527958016,15335424,543297536
LLAMA3.1-8B--KVChime-EPIC-long-4000,F4,decode,all,12,4096,527958016,15466496,543428608
LLAMA3.1-8B--KVChime-EPIC-long-4000,F4,decode,all,13,4096,527958016,15597568,543559680
LLAMA3.1-8B--KVChime-EPIC-long-4000,F4,decode,all,14,4096,527958016,15728640,543690752
LLAMA3.1-8B--KVChime-EPIC-long-4000,F4,decode,all,15,4096,527958016,15859712,543821824
LLAMA3.1-8B--KVChime-EPIC-long-8000,F0,prefill,0,0,32903168,0,0,32903168
LLAMA3.1-8B--KVChime-EPIC-long-8000,F0,prefill,1,0,65806336,0,0,65806336
LLAMA3.1-8B--KVChime-EPIC-long-8000,F0,prefill,2,0,98709504,0,0,98709504
LLAMA3.1-8B--KVChime-EPIC-long-8000,F0,prefill,3,0,131612672,0,0,131612672
LLAMA3.1-8B--KVChime-EPIC-long-8000,F0,prefill,4,0,164515840,0,0,164515840
LLAMA3.1-8B--KVChime-EPIC-long-8000,F0,prefill,5,0,197419008,0,0,197419008
LLAMA3.1-8B--KVChime-EPIC-long-8000,F0,prefill,6,0,230322176,0,0,230322176
LLAMA3.1-8B--KVChime-EPIC-long-8000,F0,prefill,7,0,263225344,0,0,263225344
LLAMA3.1-8B--KVChime-EPIC-long-8000,F0,prefill,8,0,296128512,0,0,296128512
LLAMA3.1-8B--KVChime-EPIC-long-8000,F0,prefill,9,0,329031680,0,0,329031680
LLAMA3.1-8B--KVChime-EPIC-long-8000,F0,prefill,10,0,361934848,0,0,361934848
LLAMA3.1-8B--KVChime-EPIC-long-8000,F0,prefill,11,0,394838016,0,0,394838016
LLAMA3.1-8B--KVChime-EPIC-long-8000,F0,prefill,12,0,427741184,0,0,427741184
LLAMA3.1-8B--KVChime-EPIC-long-8000,F0,prefill,13,0,460644352,0,0,460644352
LLAMA3.1-8B--KVChime-EPIC-long-8000,F0,prefill,14,0,493547520,0,0,493547520
LLAMA3.1-8B--KVChime-EPIC-long-8000,F0,prefill,15,0,526450688,0,0,526450688
LLAMA3.1-8B--KVChime-EPIC-long-8000,F0,prefill,16,0,559353856,0,0,559353856
LLAMA3.1-8B--KVChime-EPIC-long-8000,F0,prefill,17,0,592257024,0,0,592257024
LLAMA3.1-8B--KVChime-EPIC-long-8000,F0,prefill,18,0,625160192,0,0,625160192
LLAMA3.1-8B--KVChime-EPIC-long-8000,F0,prefill,19,0,658063360,0,0,658063360
LLAMA3.1-8B--KVChime-EPIC-long-8000,F0,prefill,20,0,690966528,0,0,690966528
LLAMA3.1-8B--KVChime-EPIC-long-8000,F0,prefill,21,0,723869696,0,0,723869696
LLAMA3.1-8B--KVChime-EPIC-long-8000,F0,prefill,22,0,756772864,0,0,756772864
LLAMA3.1-8B--KVChime-EPIC-long-8000,F0,prefill,23,0,789676032,0,0,789676032
LLAMA3.1-8B--KVChime-EPIC-long-8000,F0,prefill,24,0,822579200,0,0,822579200
LLAMA3.1-8B--KVChime-EPIC-long-8000,F0,prefill,25,0,855482368,0,0,855482368
LLAMA3.1-8B--KVChime-EPIC-long-8000,F0,prefill,26,0,888385536,0,0,888385536
LLAMA3.1-8B--KVChime-EPIC-long-8000,F0,prefill,27,0,921288704,0,0,921288704
LLAMA3.1-8B--KVChime-EPIC-long-8000,F0,prefill,28,0,954191872,0,0,954191872
LLAMA3.1-8B--KVChime-EPIC-long-8000,F0,prefill,29,0,987095040,0,0,987095040
LLAMA3.1-8B--KVChime-EPIC-long-8000,F0,prefill,30,0,1019998208,0,0,1019998208
LLAMA3.1-8B--KVChime-EPIC-long-8000,F0,prefill,31,0,1052901376,0,0,1052901376
LLAMA3.1-8B--KVChime-EPIC-long-8000,F0,decode,all,1,1053032448,0,0,1053032448
LLAMA3.1-8B--KVChime-EPIC-long-8000,F0,decode,all,2,1053163520,0,0,1053163520
LLAMA3.1-8B--KVChime-EPIC-long-8000,F0,decode,all,3,1053294592,0,0,1053294592
LLAMA3.1-8B--KVChime-EPIC-long-8000,F0,decode,all,4,1053425664,0,0,1053425664
LLAMA3.1-8B--KVChime-EPIC-long-8000,F0,decode,all,5,1053556736,0,0,1053556736
LLAMA3.1-8B--KVChime-EPIC-long-8000,F0,decode,all,6,1053687808,0,0,1053687808
LLAMA3.1-8B--KVChime-EPIC-long-8000,F0,decode,all,7,1053818880,0,0,1053818880
LLAMA3.1-8B--KVChime-EPIC-long-8000,F0,decode,all,8,1053949952,0,0,1053949952
LLAMA3.1-8B--KVChime-EPIC-long-8000,F0,decode,all,9,1054081024,0,0,1054081024
LLAMA3.1-8B--KVChime-EPIC-long-8000,F0,decode,all,10,1054212096,0,0,1054212096
LLAMA3.1-8B--KVChime-EPIC-long-8000,F0,decode,all,11,1054343168,0,0,1054343168
LLAMA3.1-8B--KVChime-EPIC-long-8000,F0,decode,all,12,1054474240,0,0,1054474240
LLAMA3.1-8B--KVChime-EPIC-long-8000,F0,decode,all,13,1054605312,0,0,1054605312
LLAMA3.1-8B--KVChime-EPIC-long-8000,F0,decode,all,14,1054736384,0,0,1054736384
LLAMA3.1-8B--KVChime-EPIC-long-8000,F0,decode,all,15,1054867456,0,0,1054867456
LLAMA3.1-8B--KVChime-EPIC-long-8000,F1,prefill,0,0,32903168,1052901376,0,1085804544
LLAMA3.1-8B--KVChime-EPIC-long-8000,F1,prefill,1,0,65806336,1052901376,0,1118707712
LLAMA3.1-8B--KVChime-EPIC-long-8000,F1,prefill,2,0,98709504,1052901376,0,1151610880
LLAMA3.1-8B--KVChime-EPIC-long-8000,F1,prefill,3,0,131612672,1052901376,0,1184514048
LLAMA3.1-8B--KVChime-EPIC-long-8000,F1,prefill,4,0,164515840,1052901376,0,1217417216
LLAMA3.1-8B--KVChime-EPIC-long-8000,F1,prefill,5,0,197419008,1052901376,0,1250320384
LLAMA3.1-8B--KVChime-EPIC-long-8000,F1,prefill,6,0,230322176,1052901376,0,1283223552
LLAMA3.1-8B--KVChime-EPIC-long-8000,F1,prefill,7,0,263225344,1052901376,0,1316126720
LLAMA3.1-8B--KVChime-EPIC-long-8000,F1,prefill,8,0,296128512,1052901376,0,1349029888
LLAMA3.1-8B--KVChime-EPIC-long-8000,F1,prefill,9,0,329031680,1052901376,0,1381933056
LLAMA3.1-8B--KVChime-EPIC-long-8000,F1,prefill,10,0,361934848,1052901376,0,1414836224
LLAMA3.1-8B--KVChime-EPIC-long-8000,F1,prefill,11,0,394838016,1052901376,0,1447739392
LLAMA3.1-8B--KVChime-EPIC-long-8000,F1,prefill,12,0,427741184,1052901376,0,1480642560
LLAMA3.1-8B--KVChime-EPIC-long-8000,F1,prefill,13,0,460644352,1052901376,0,1513545728
LLAMA3.1-8B--KVChime-EPIC-long-8000,F1,prefill,14,0,493547520,1052901376,0,1546448896
LLAMA3.1-8B--KVChime-EPIC-long-8000,F1,prefill,15,0,526450688,1052901376,0,1579352064
LLAMA3.1-8B--KVChime-EPIC-long-8000,F1,prefill,16,0,559353856,1052901376,0,1612255232
LLAMA3.1-8B--KVChime-EPIC-long-8000,F1,prefill,17,0,592257024,1052901376,0,1645158400
LLAMA3.1-8B--KVChime-EPIC-long-8000,F1,prefill,18,0,625160192,1052901376,0,1678061568
LLAMA3.1-8B--KVChime-EPIC-long-8000,F1,prefill,19,0,658063360,1052901376,0,1710964736
LLAMA3.1-8B--KVChime-EPIC-long-8000,F1,prefill,20,0,690966528,1052901376,0,1743867904
LLAMA3.1-8B--KVChime-EPIC-long-8000,F1,prefill,21,0,723869696,1052901376,0,1776771072
LLAMA3.1-8B--KVChime-EPIC-long-8000,F1,prefill,22,0,756772864,1052901376,0,1809674240
LLAMA3.1-8B--KVChime-EPIC-long-8000,F1,prefill,23,0,789676032,1052901376,0,1842577408
LLAMA3.1-8B--KVChime-EPIC-long-8000,F1,prefill,24,0,822579200,1052901376,0,1875480576
LLAMA3.1-8B--KVChime-EPIC-long-8000,F1,prefill,25,0,855482368,1052901376,0,1908383744
LLAMA3.1-8B--KVChime-EPIC-long-8000,F1,prefill,26,0,888385536,1052901376,0,1941286912
LLAMA3.1-8B--KVChime-EPIC-long-8000,F1,prefill,27,0,921288704,1052901376,0,1974190080
LLAMA3.1-8B--KVChime-EPIC-long-8000,F1,prefill,28,0,954191872,1052901376,0,2007093248
LLAMA3.1-8B--KVChime-EPIC-long-8000,F1,prefill,29,0,987095040,1052901376,0,2039996416
LLAMA3.1-8B--KVChime-EPIC-long-8000,F1,prefill,30,0,1019998208,1052901376,0,2072899584
LLAMA3.1-8B--KVChime-EPIC-long-8000,F1,prefill,31,0,1052901376,1052901376,0,2105802752
LLAMA3.1-8B--KVChime-EPIC-long-8000,F1,decode,all,1,1053032448,1052901376,0,2105933824
LLAMA3.1-8B--KVChime-EPIC-long-8000,F1,decode,all,2,1053163520,1052901376,0,2106064896
LLAMA3.1-8B--KVChime-EPIC-long-8000,F1,decode,all,3,1053294592,1052901376,0,2106195968
LLAMA3.1-8B--KVChime-EPIC-long-8000,F1,decode,all,4,1053425664,1052901376,0,2106327040
LLAMA3.1-8B--KVChime-EPIC-long-8000,F1,decode,all,5,1053556736,1052901376,0,2106458112
LLAMA3.1-8B--KVChime-EPIC-long-8000,F1,decode,all,6,1053687808,1052901376,0,2106589184
LLAMA3.1-8B--KVChime-EPIC-long-8000,F1,decode,all,7,1053818880,1052901376,0,2106720256
LLAMA3.1-8B--KVChime-EPIC-long-8000,F1,decode,all,8,1053949952,1052901376,0,2106851328
LLAMA3.1-8B--KVChime-EPIC-long-8000,F1,decode,all,9,1054081024,1052901376,0,2106982400
LLAMA3.1-8B--KVChime-EPIC-long-8000,F1,decode,all,10,1054212096,1052901376,0,2107113472
LLAMA3.1-8B--KVChime-EPIC-long-8000,F1,decode,all,11,1054343168,1052901376,0,2107244544
LLAMA3.1-8B--KVChime-EPIC-long-8000,F1,decode,all,12,1054474240,1052901376,0,2107375616
LLAMA3.1-8B--KVChime-EPIC-long-8000,F1,decode,all,13,1054605312,1052901376,0,2107506688
LLAMA3.1-8B--KVChime-EPIC-long-8000,F1,decode,all,14,1054736384,1052901376,0,2107637760
LLAMA3.1-8B--KVChime-EPIC-long-8000,F1,decode,all,15,1054867456,1052901376,0,2107768832
LLAMA3.1-8B--KVChime-EPIC-long-8000,F2,prefill,0,0,32903168,1052901376,32903168,1118707712
LLAMA3.1-8B--KVChime-EPIC-long-8000,F2,prefill,1,0,32903168,1052901376,65806336,1151610880
LLAMA3.1-8B--KVChime-EPIC-long-8000,F2,prefill,2,0,32903168,1052901376,98709504,1184514048
LLAMA3.1-8B--KVChime-EPIC-long-8000,F2,prefill,3,0,32903168,1052901376,131612672,1217417216
LLAMA3.1-8B--KVChime-EPIC-long-8000,F2,prefill,4,0,32903168,1052901376,164515840,1250320384
LLAMA3.1-8B--KVChime-EPIC-long-8000,F2,prefill,5,0,32903168,1052901376,197419008,1283223552
LLAMA3.1-8B--KVChime-EPIC-long-8000,F2,prefill,6,0,32903168,1052901376,230322176,1316126720
LLAMA3.1-8B--KVChime-EPIC-long-8000,F2,prefill,7,0,32903168,1052901376,263225344,1349029888
LLAMA3.1-8B--KVChime-EPIC-long-8000,F2,prefill,8,0,32903168,1052901376,296128512,1381933056
LLAMA3.1-8B--KVChime-EPIC-long-8000,F2,prefill,9,0,32903168,1052901376,329031680,1414836224
LLAMA3.1-8B--KVChime-EPIC-long-8000,F2,prefill,10,0,32903168,1052901376,361934848,1447739392
LLAMA3.1-8B--KVChime-EPIC-long-8000,F2,prefill,11,0,32903168,1052901376,394838016,1480642560
LLAMA3.1-8B--KVChime-EPIC-long-8000,F2,prefill,12,0,32903168,1052901376,427741184,1513545728
LLAMA3.1-8B--KVChime-EPIC-long-8000,F2,prefill,13,0,32903168,1052901376,460644352,1546448896
LLAMA3.1-8B--KVChime-EPIC-long-8000,F2,prefill,14,0,32903168,1052901376,493547520,1579352064
LLAMA3.1-8B--KVChime-EPIC-long-8000,F2,prefill,15,0,32903168,1052901376,526450688,1612255232
LLAMA3.1-8B--KVChime-EPIC-long-8000,F2,prefill,16,0,32903168,1052901376,559353856,1645158400
LLAMA3.1-8B--KVChime-EPIC-long-8000,F2,prefill,17,0,32903168,1052901376,592257024,1678061568
LLAMA3.1-8B--KVChime-EPIC-long-8000,F2,prefill,18,0,32903168,1052901376,625160192,1710964736
LLAMA3.1-8B--KVChime-EPIC-long-8000,F2,prefill,19,0,32903168,1052901376,658063360,1743867904
LLAMA3.1-8B--KVChime-EPIC-long-8000,F2,prefill,20,0,32903168,1052901376,690966528,1776771072
LLAMA3.1-8B--KVChime-EPIC-long-8000,F2,prefill,21,0,32903168,1052901376,723869696,1809674240
LLAMA3.1-8B--KVChime-EPIC-long-8000,F2,prefill,22,0,32903168,1052901376,756772864,1842577408
LLAMA3.1-8B--KVChime-EPIC-long-8000,F2,prefill,23,0,32903168,1052901376,789676032,1875480576
LLAMA3.1-8B--KVChime-EPIC-long-8000,F2,prefill,24,0,32903168,1052901376,822579200,1908383744
LLAMA3.1-8B--KVChime-EPIC-long-8000,F2,prefill,25,0,32903168,1052901376,855482368,1941286912
LLAMA3.1-8B--KVChime-EPIC-long-8000,F2,prefill,26,0,32903168,1052901376,888385536,1974190080
LLAMA3.1-8B--KVChime-EPIC-long-8000,F2,prefill,27,0,32903168,1052901376,921288704,2007093248
LLAMA3.1-8B--KVChime-EPIC-long-8000,F2,prefill,28,0,32903168,1052901376,954191872,2039996416
LLAMA3.1-8B--KVChime-EPIC-long-8000,F2,prefill,29,0,32903168,1052901376,987095040,2072899584
LLAMA3.1-8B--KVChime-EPIC-long-8000,F2,prefill,30,0,32903168,1052901376,1019998208,2105802752
LLAMA3.1-8B--KVChime-EPIC-long-8000,F2,prefill,31,0,32903168,1052901376,1052901376,2138705920
LLAMA3.1-8B--KVChime-EPIC-long-8000,F2,decode,all,1,4096,1052901376,1053032448,2105937920
LLAMA3.1-8B--KVChime-EPIC-long-8000,F2,decode,all,2,4096,1052901376,1053163520,2106068992
LLAMA3.1-8B--KVChime-EPIC-long-8000,F2,decode,all,3,4096,1052901376,1053294592,2106200064
LLAMA3.1-8B--KVChime-EPIC-long-8000,F2,decode,all,4,4096,1052901376,1053425664,2106331136
LLAMA3.1-8B--KVChime-EPIC-long-8000,F2,decode,all,5,4096,1052901376,1053556736,2106462208
LLAMA3.1-8B--KVChime-EPIC-long-8000,F2,decode,all,6,4096,1052901376,1053687808,2106593280
LLAMA3.1-8B--KVChime-EPIC-long-8000,F2,decode,all,7,4096,1052901376,1053818880,2106724352
LLAMA3.1-8B--KVChime-EPIC-long-8000,F2,decode,all,8,4096,1052901376,1053949952,2106855424
LLAMA3.1-8B--KVChime-EPIC-long-8000,F2,decode,all,9,4096,1052901376,1054081024,2106986496
LLAMA3.1-8B--KVChime-EPIC-long-8000,F2,decode,all,10,4096,1052901376,1054212096,2107117568
LLAMA3.1-8B--KVChime-EPIC-long-8000,F2,decode,all,11,4096,1052901376,1054343168,2107248640
LLAMA3.1-8B--KVChime-EPIC-long-8000,F2,decode,all,12,4096,1052901376,1054474240,2107379712
LLAMA3.1-8B--KVChime-EPIC-long-8000,F2,decode,all,13,4096,1052901376,1054605312,2107510784
LLAMA3.1-8B--KVChime-EPIC-long-8000,F2,decode,all,14,4096,1052901376,1054736384,2107641856
LLAMA3.1-8B--KVChime-EPIC-long-8000,F2,decode,all,15,4096,1052901376,1054867456,2107772928
LLAMA3.1-8B--KVChime-EPIC-long-8000,F3,prefill,0,0,32903168,1052901376,761856,1086566400
LLAMA3.1-8B--KVChime-EPIC-long-8000,F3,prefill,1,0,32903168,1052901376,1523712,1087328256
LLAMA3.1-8B--KVChime-EPIC-long-8000,F3,prefill,2,0,32903168,1052901376,2285568,1088090112
LLAMA3.1-8B--KVChime-EPIC-long-8000,F3,prefill,3,0,32903168,1052901376,3047424,1088851968
LLAMA3.1-8B--KVChime-EPIC-long-8000,F3,prefill,4,0,32903168,1052901376,3809280,1089613824
LLAMA3.1-8B--KVChime-EPIC-long-8000,F3,prefill,5,0,32903168,1052901376,4571136,1090375680
LLAMA3.1-8B--KVChime-EPIC-long-8000,F3,prefill,6,0,32903168,1052901376,5332992,1091137536
LLAMA3.1-8B--KVChime-EPIC-long-8000,F3,prefill,7,0,32903168,1052901376,6094848,1091899392
LLAMA3.1-8B--KVChime-EPIC-long-8000,F3,prefill,8,0,32903168,1052901376,6856704,1092661248
LLAMA3.1-8B--KVChime-EPIC-long-8000,F3,prefill,9,0,32903168,1052901376,7618560,1093423104
LLAMA3.1-8B--KVChime-EPIC-long-8000,F3,prefill,10,0,32903168,1052901376,8380416,1094184960
LLAMA3.1-8B--KVChime-EPIC-long-8000,F3,prefill,11,0,32903168,1052901376,9142272,1094946816
LLAMA3.1-8B--KVChime-EPIC-long-8000,F3,prefill,12,0,32903168,1052901376,9904128,1095708672
LLAMA3.1-8B--KVChime-EPIC-long-8000,F3,prefill,13,0,32903168,1052901376,10665984,1096470528
LLAMA3.1-8B--KVChime-EPIC-long-8000,F3,prefill,14,0,32903168,1052901376,11427840,1097232384
LLAMA3.1-8B--KVChime-EPIC-long-8000,F3,prefill,15,0,32903168,1052901376,12189696,1097994240
LLAMA3.1-8B--KVChime-EPIC-long-8000,F3,prefill,16,0,32903168,1052901376,12951552,1098756096
LLAMA3.1-8B--KVChime-EPIC-long-8000,F3,prefill,17,0,32903168,1052901376,13713408,1099517952
LLAMA3.1-8B--KVChime-EPIC-long-8000,F3,prefill,18,0,32903168,1052901376,14475264,1100279808
LLAMA3.1-8B--KVChime-EPIC-long-8000,F3,prefill,19,0,32903168,1052901376,15237120,1101041664
LLAMA3.1-8B--KVChime-EPIC-long-8000,F3,prefill,20,0,32903168,1052901376,15998976,1101803520
LLAMA3.1-8B--KVChime-EPIC-long-8000,F3,prefill,21,0,32903168,1052901376,16760832,1102565376
LLAMA3.1-8B--KVChime-EPIC-long-8000,F3,prefill,22,0,32903168,1052901376,17522688,1103327232
LLAMA3.1-8B--KVChime-EPIC-long-8000,F3,prefill,23,0,32903168,1052901376,18284544,1104089088
LLAMA3.1-8B--KVChime-EPIC-long-8000,F3,prefill,24,0,32903168,1052901376,19046400,1104850944
LLAMA3.1-8B--KVChime-EPIC-long-8000,F3,prefill,25,0,32903168,1052901376,19808256,1105612800
LLAMA3.1-8B--KVChime-EPIC-long-8000,F3,prefill,26,0,32903168,1052901376,20570112,1106374656
LLAMA3.1-8B--KVChime-EPIC-long-8000,F3,prefill,27,0,32903168,1052901376,21331968,1107136512
LLAMA3.1-8B--KVChime-EPIC-long-8000,F3,prefill,28,0,32903168,1052901376,22093824,1107898368
LLAMA3.1-8B--KVChime-EPIC-long-8000,F3,prefill,29,0,32903168,1052901376,22855680,1108660224
LLAMA3.1-8B--KVChime-EPIC-long-8000,F3,prefill,30,0,32903168,1052901376,23617536,1109422080
LLAMA3.1-8B--KVChime-EPIC-long-8000,F3,prefill,31,0,32903168,1052901376,24379392,1110183936
LLAMA3.1-8B--KVChime-EPIC-long-8000,F3,decode,all,1,4096,1052901376,24510464,1077415936
LLAMA3.1-8B--KVChime-EPIC-long-8000,F3,decode,all,2,4096,1052901376,24641536,1077547008
LLAMA3.1-8B--KVChime-EPIC-long-8000,F3,decode,all,3,4096,1052901376,24772608,1077678080
LLAMA3.1-8B--KVChime-EPIC-long-8000,F3,decode,all,4,4096,1052901376,24903680,1077809152
LLAMA3.1-8B--KVChime-EPIC-long-8000,F3,decode,all,5,4096,1052901376,25034752,1077940224
LLAMA3.1-8B--KVChime-EPIC-long-8000,F3,decode,all,6,4096,1052901376,25165824,1078071296
LLAMA3.1-8B--KVChime-EPIC-long-8000,F3,decode,all,7,4096,1052901376,25296896,1078202368
LLAMA3.1-8B--KVChime-EPIC-long-8000,F3,decode,all,8,4096,1052901376,25427968,1078333440
LLAMA3.1-8B--KVChime-EPIC-long-8000,F3,decode,all,9,4096,1052901376,25559040,1078464512
LLAMA3.1-8B--KVChime-EPIC-long-8000,F3,decode,all,10,4096,1052901376,25690112,1078595584
LLAMA3.1-8B--KVChime-EPIC-long-8000,F3,decode,all,11,4096,1052901376,25821184,1078726656
LLAMA3.1-8B--KVChime-EPIC-long-8000,F3,decode,all,12,4096,1052901376,25952256,1078857728
LLAMA3.1-8B--KVChime-EPIC-long-8000,F3,decode,all,13,4096,1052901376,26083328,1078988800
LLAMA3.1-8B--KVChime-EPIC-long-8000,F3,decode,all,14,4096,1052901376,26214400,1079119872
LLAMA3.1-8B--KVChime-EPIC-long-8000,F3,decode,all,15,4096,1052901376,26345472,1079250944
LLAMA3.1-8B--KVChime-EPIC-long-8000,F4,prefill,0,0,32903168,1052901376,761856,1086566400
LLAMA3.1-8B--KVChime-EPIC-long-8000,F4,prefill,1,0,32903168,1052901376,1523712,1087328256
LLAMA3.1-8B--KVChime-EPIC-long-8000,F4,prefill,2,0,32903168,1052901376,2285568,1088090112
LLAMA3.1-8B--KVChime-EPIC-long-8000,F4,prefill,3,0,32903168,1052901376,3047424,1088851968
LLAMA3.1-8B--KVChime-EPIC-long-8000,F4,prefill,4,0,32903168,1052901376,3809280,1089613824
LLAMA3.1-8B--KVChime-EPIC-long-8000,F4,prefill,5,0,32903168,1052901376,4571136,1090375680
LLAMA3.1-8B--KVChime-EPIC-long-8000,F4,prefill,6,0,32903168,1052901376,5332992,1091137536
LLAMA3.1-8B--KVChime-EPIC-long-8000,F4,prefill,7,0,32903168,1052901376,6094848,1091899392
LLAMA3.1-8B--KVChime-EPIC-long-8000,F4,prefill,8,0,32903168,1052901376,6856704,1092661248
LLAMA3.1-8B--KVChime-EPIC-long-8000,F4,prefill,9,0,32903168,1052901376,7618560,1093423104
LLAMA3.1-8B--KVChime-EPIC-long-8000,F4,prefill,10,0,32903168,1052901376,8380416,1094184960
LLAMA3.1-8B--KVChime-EPIC-long-8000,F4,prefill,11,0,32903168,1052901376,9142272,1094946816
LLAMA3.1-8B--KVChime-EPIC-long-8000,F4,prefill,12,0,32903168,1052901376,9904128,1095708672
LLAMA3.1-8B--KVChime-EPIC-long-8000,F4,prefill,13,0,32903168,1052901376,10665984,1096470528
LLAMA3.1-8B--KVChime-EPIC-long-8000,F4,prefill,14,0,32903168,1052901376,11427840,1097232384
LLAMA3.1-8B--KVChime-EPIC-long-8000,F4,prefill,15,0,32903168,1052901376,12189696,1097994240
LLAMA3.1-8B--KVChime-EPIC-long-8000,F4,prefill,16,0,32903168,1052901376,12951552,1098756096
LLAMA3.1-8B--KVChime-EPIC-long-8000,F4,prefill,17,0,32903168,1052901376,13713408,1099517952
LLAMA3.1-8B--KVChime-EPIC-long-8000,F4,prefill,18,0,32903168,1052901376,14475264,1100279808
LLAMA3.1-8B--KVChime-EPIC-long-8000,F4,prefill,19,0,32903168,1052901376,15237120,1101041664
LLAMA3.1-8B--KVChime-EPIC-long-8000,F4,prefill,20,0,32903168,1052901376,15998976,1101803520
LLAMA3.1-8B--KVChime-EPIC-long-8000,F4,prefill,21,0,32903168,1052901376,16760832,1102565376
LLAMA3.1-8B--KVChime-EPIC-long-8000,F4,prefill,22,0,32903168,1052901376,17522688,1103327232
LLAMA3.1-8B--KVChime-EPIC-long-8000,F4,prefill,23,0,32903168,1052901376,18284544,1104089088
LLAMA3.1-8B--KVChime-EPIC-long-8000,F4,prefill,24,0,32903168,1052901376,19046400,1104850944
LLAMA3.1-8B--KVChime-EPIC-long-8000,F4,prefill,25,0,32903168,1052901376,19808256,1105612800
LLAMA3.1-8B--KVChime-EPIC-long-8000,F4,prefill,26,0,32903168,1052901376,20570112,1106374656
LLAMA3.1-8B--KVChime-EPIC-long-8000,F4,prefill,27,0,32903168,1052901376,21331968,1107136512
LLAMA3.1-8B--KVChime-EPIC-long-8000,F4,prefill,28,0,32903168,1052901376,22093824,1107898368
LLAMA3.1-8B--KVChime-EPIC-long-8000,F4,prefill,29,0,32903168,1052901376,22855680,1108660224
LLAMA3.1-8B--KVChime-EPIC-long-8000,F4,prefill,30,0,32903168,1052901376,23617536,1109422080
LLAMA3.1-8B--KVChime-EPIC-long-8000,F4,prefill,31,0,32903168,1052901376,24379392,1110183936
LLAMA3.1-8B--KVChime-EPIC-long-8000,F4,decode,all,1,4096,1052901376,24510464,1077415936
LLAMA3.1-8B--KVChime-EPIC-long-8000,F4,decode,all,2,4096,1052901376,24641536,1077547008
LLAMA3.1-8B--KVChime-EPIC-long-8000,F4,decode,all,3,4096,1052901376,24772608,1077678080
LLAMA3.1-8B--KVChime-EPIC-long-8000,F4,decode,all,4,4096,1052901376,24903680,1077809152
LLAMA3.1-8B--KVChime-EPIC-long-8000,F4,decode,all,5,4096,1052901376,25034752,1077940224
LLAMA3.1-8B--KVChime-EPIC-long-8000,F4,decode,all,6,4096,1052901376,25165824,1078071296
LLAMA3.1-8B--KVChime-EPIC-long-8000,F4,decode,all,7,4096,1052901376,25296896,1078202368
LLAMA3.1-8B--KVChime-EPIC-long-8000,F4,decode,all,8,4096,1052901376,25427968,1078333440
LLAMA3.1-8B--KVChime-EPIC-long-8000,F4,decode,all,9,4096,1052901376,25559040,1078464512
LLAMA3.1-8B--KVChime-EPIC-long-8000,F4,decode,all,10,4096,1052901376,25690112,1078595584
LLAMA3.1-8B--KVChime-EPIC-long-8000,F4,decode,all,11,4096,1052901376,25821184,1078726656
LLAMA3.1-8B--KVChime-EPIC-long-8000,F4,decode,all,12,4096,1052901376,25952256,1078857728
LLAMA3.1-8B--KVChime-EPIC-long-8000,F4,decode,all,13,4096,1052901376,26083328,1078988800
LLAMA3.1-8B--KVChime-EPIC-long-8000,F4,decode,all,14,4096,1052901376,26214400,1079119872
LLAMA3.1-8B--KVChime-EPIC-long-8000,F4,decode,all,15,4096,1052901376,26345472,1079250944
LLAMA3.1-8B--KVChime-EPIC-long-16000,F0,prefill,0,0,65720320,0,0,65720320
LLAMA3.1-8B--KVChime-EPIC-long-16000,F0,prefill,1,0,131440640,0,0,131440640
LLAMA3.1-8B--KVChime-EPIC-long-16000,F0,prefill,2,0,197160960,0,0,197160960
LLAMA3.1-8B--KVChime-EPIC-long-16000,F0,prefill,3,0,262881280,0,0,262881280
LLAMA3.1-8B--KVChime-EPIC-long-16000,F0,prefill,4,0,328601600,0,0,328601600
LLAMA3.1-8B--KVChime-EPIC-long-16000,F0,prefill,5,0,394321920,0,0,394321920
LLAMA3.1-8B--KVChime-EPIC-long-16000,F0,prefill,6,0,460042240,0,0,460042240
LLAMA3.1-8B--KVChime-EPIC-long-16000,F0,prefill,7,0,525762560,0,0,525762560
LLAMA3.1-8B--KVChime-EPIC-long-16000,F0,prefill,8,0,591482880,0,0,591482880
LLAMA3.1-8B--KVChime-EPIC-long-16000,F0,prefill,9,0,657203200,0,0,657203200
LLAMA3.1-8B--KVChime-EPIC-long-16000,F0,prefill,10,0,722923520,0,0,722923520
LLAMA3.1-8B--KVChime-EPIC-long-16000,F0,prefill,11,0,788643840,0,0,788643840
LLAMA3.1-8B--KVChime-EPIC-long-16000,F0,prefill,12,0,854364160,0,0,854364160
LLAMA3.1-8B--KVChime-EPIC-long-16000,F0,prefill,13,0,920084480,0,0,920084480
LLAMA3.1-8B--KVChime-EPIC-long-16000,F0,prefill,14,0,985804800,0,0,985804800
LLAMA3.1-8B--KVChime-EPIC-long-16000,F0,prefill,15,0,1051525120,0,0,1051525120
LLAMA3.1-8B--KVChime-EPIC-long-16000,F0,prefill,16,0,1117245440,0,0,1117245440
LLAMA3.1-8B--KVChime-EPIC-long-16000,F0,prefill,17,0,1182965760,0,0,1182965760
LLAMA3.1-8B--KVChime-EPIC-long-16000,F0,prefill,18,0,1248686080,0,0,1248686080
LLAMA3.1-8B--KVChime-EPIC-long-16000,F0,prefill,19,0,1314406400,0,0,1314406400
LLAMA3.1-8B--KVChime-EPIC-long-16000,F0,prefill,20,0,1380126720,0,0,1380126720
LLAMA3.1-8B--KVChime-EPIC-long-16000,F0,prefill,21,0,1445847040,0,0,1445847040
LLAMA3.1-8B--KVChime-EPIC-long-16000,F0,prefill,22,0,1511567360,0,0,1511567360
LLAMA3.1-8B--KVChime-EPIC-long-16000,F0,prefill,23,0,1577287680,0,0,1577287680
LLAMA3.1-8B--KVChime-EPIC-long-16000,F0,prefill,24,0,1643008000,0,0,1643008000
LLAMA3.1-8B--KVChime-EPIC-long-16000,F0,prefill,25,0,1708728320,0,0,1708728320
LLAMA3.1-8B--KVChime-EPIC-long-16000,F0,prefill,26,0,1774448640,0,0,1774448640
LLAMA3.1-8B--KVChime-EPIC-long-16000,F0,prefill,27,0,1840168960,0,0,1840168960
LLAMA3.1-8B--KVChime-EPIC-long-16000,F0,prefill,28,0,1905889280,0,0,1905889280
LLAMA3.1-8B--KVChime-EPIC-long-16000,F0,prefill,29,0,1971609600,0,0,1971609600
LLAMA3.1-8B--KVChime-EPIC-long-16000,F0,prefill,30,0,2037329920,0,0,2037329920
LLAMA3.1-8B--KVChime-EPIC-long-16000,F0,prefill,31,0,2103050240,0,0,2103050240
LLAMA3.1-8B--KVChime-EPIC-long-16000,F0,decode,all,1,2103181312,0,0,2103181312
LLAMA3.1-8B--KVChime-EPIC-long-16000,F0,decode,all,2,2103312384,0,0,2103312384
LLAMA3.1-8B--KVChime-EPIC-long-16000,F0,decode,all,3,2103443456,0,0,2103443456
LLAMA3.1-8B--KVChime-EPIC-long-16000,F0,decode,all,4,2103574528,0,0,2103574528
LLAMA3.1-8B--KVChime-EPIC-long-16000,F0,decode,all,5,2103705600,0,0,2103705600
LLAMA3.1-8B--KVChime-EPIC-long-16000,F0,decode,all,6,2103836672,0,0,2103836672
LLAMA3.1-8B--KVChime-EPIC-long-16000,F0,decode,all,7,2103967744,0,0,2103967744
LLAMA3.1-8B--KVChime-EPIC-long-16000,F0,decode,all,8,2104098816,0,0,2104098816
LLAMA3.1-8B--KVChime-EPIC-long-16000,F0,decode,all,9,2104229888,0,0,2104229888
LLAMA3.1-8B--KVChime-EPIC-long-16000,F0,decode,all,10,2104360960,0,0,2104360960
LLAMA3.1-8B--KVChime-EPIC-long-16000,F0,decode,all,11,2104492032,0,0,2104492032
LLAMA3.1-8B--KVChime-EPIC-long-16000,F0,decode,all,12,2104623104,0,0,2104623104
LLAMA3.1-8B--KVChime-EPIC-long-16000,F0,decode,all,13,2104754176,0,0,2104754176
LLAMA3.1-8B--KVChime-EPIC-long-16000,F0,decode,all,14,2104885248,0,0,2104885248
LLAMA3.1-8B--KVChime-EPIC-long-16000,F0,decode,all,15,2105016320,0,0,2105016320
LLAMA3.1-8B--KVChime-EPIC-long-16000,F1,prefill,0,0,65720320,2103050240,0,2168770560
LLAMA3.1-8B--KVChime-EPIC-long-16000,F1,prefill,1,0,131440640,2103050240,0,2234490880
LLAMA3.1-8B--KVChime-EPIC-long-16000,F1,prefill,2,0,197160960,2103050240,0,2300211200
LLAMA3.1-8B--KVChime-EPIC-long-16000,F1,prefill,3,0,262881280,2103050240,0,2365931520
LLAMA3.1-8B--KVChime-EPIC-long-16000,F1,prefill,4,0,328601600,2103050240,0,2431651840
LLAMA3.1-8B--KVChime-EPIC-long-16000,F1,prefill,5,0,394321920,2103050240,0,2497372160
LLAMA3.1-8B--KVChime-EPIC-long-16000,F1,prefill,6,0,460042240,2103050240,0,2563092480
LLAMA3.1-8B--KVChime-EPIC-long-16000,F1,prefill,7,0,525762560,2103050240,0,2628812800
LLAMA3.1-8B--KVChime-EPIC-long-16000,F1,prefill,8,0,591482880,2103050240,0,2694533120
LLAMA3.1-8B--KVChime-EPIC-long-16000,F1,prefill,9,0,657203200,2103050240,0,2760253440
LLAMA3.1-8B--KVChime-EPIC-long-16000,F1,prefill,10,0,722923520,2103050240,0,2825973760
LLAMA3.1-8B--KVChime-EPIC-long-16000,F1,prefill,11,0,788643840,2103050240,0,2891694080
LLAMA3.1-8B--KVChime-EPIC-long-16000,F1,prefill,12,0,854364160,2103050240,0,2957414400
LLAMA3.1-8B--KVChime-EPIC-long-16000,F1,prefill,13,0,920084480,2103050240,0,3023134720
LLAMA3.1-8B--KVChime-EPIC-long-16000,F1,prefill,14,0,985804800,2103050240,0,3088855040
LLAMA3.1-8B--KVChime-EPIC-long-16000,F1,prefill,15,0,1051525120,2103050240,0,3154575360
LLAMA3.1-8B--KVChime-EPIC-long-16000,F1,prefill,16,0,1117245440,2103050240,0,3220295680
LLAMA3.1-8B--KVChime-EPIC-long-16000,F1,prefill,17,0,1182965760,2103050240,0,3286016000
LLAMA3.1-8B--KVChime-EPIC-long-16000,F1,prefill,18,0,1248686080,2103050240,0,3351736320
LLAMA3.1-8B--KVChime-EPIC-long-16000,F1,prefill,19,0,1314406400,2103050240,0,3417456640
LLAMA3.1-8B--KVChime-EPIC-long-16000,F1,prefill,20,0,1380126720,2103050240,0,3483176960
LLAMA3.1-8B--KVChime-EPIC-long-16000,F1,prefill,21,0,1445847040,2103050240,0,3548897280
LLAMA3.1-8B--KVChime-EPIC-long-16000,F1,prefill,22,0,1511567360,2103050240,0,3614617600
LLAMA3.1-8B--KVChime-EPIC-long-16000,F1,prefill,23,0,1577287680,2103050240,0,3680337920
LLAMA3.1-8B--KVChime-EPIC-long-16000,F1,prefill,24,0,1643008000,2103050240,0,3746058240
LLAMA3.1-8B--KVChime-EPIC-long-16000,F1,prefill,25,0,1708728320,2103050240,0,3811778560
LLAMA3.1-8B--KVChime-EPIC-long-16000,F1,prefill,26,0,1774448640,2103050240,0,3877498880
LLAMA3.1-8B--KVChime-EPIC-long-16000,F1,prefill,27,0,1840168960,2103050240,0,3943219200
LLAMA3.1-8B--KVChime-EPIC-long-16000,F1,prefill,28,0,1905889280,2103050240,0,4008939520
LLAMA3.1-8B--KVChime-EPIC-long-16000,F1,prefill,29,0,1971609600,2103050240,0,4074659840
LLAMA3.1-8B--KVChime-EPIC-long-16000,F1,prefill,30,0,2037329920,2103050240,0,4140380160
LLAMA3.1-8B--KVChime-EPIC-long-16000,F1,prefill,31,0,2103050240,2103050240,0,4206100480
LLAMA3.1-8B--KVChime-EPIC-long-16000,F1,decode,all,1,2103181312,2103050240,0,4206231552
LLAMA3.1-8B--KVChime-EPIC-long-16000,F1,decode,all,2,2103312384,2103050240,0,4206362624
LLAMA3.1-8B--KVChime-EPIC-long-16000,F1,decode,all,3,2103443456,2103050240,0,4206493696
LLAMA3.1-8B--KVChime-EPIC-long-16000,F1,decode,all,4,2103574528,2103050240,0,4206624768
LLAMA3.1-8B--KVChime-EPIC-long-16000,F1,decode,all,5,2103705600,2103050240,0,4206755840
LLAMA3.1-8B--KVChime-EPIC-long-16000,F1,decode,all,6,2103836672,2103050240,0,4206886912
LLAMA3.1-8B--KVChime-EPIC-long-16000,F1,decode,all,7,2103967744,2103050240,0,4207017984
LLAMA3.1-8B--KVChime-EPIC-long-16000,F1,decode,all,8,2104098816,2103050240,0,4207149056
LLAMA3.1-8B--KVChime-EPIC-long-16000,F1,decode,all,9,2104229888,2103050240,0,4207280128
LLAMA3.1-8B--KVChime-EPIC-long-16000,F1,decode,all,10,2104360960,2103050240,0,4207411200
LLAMA3.1-8B--KVChime-EPIC-long-16000,F1,decode,all,11,2104492032,2103050240,0,4207542272
LLAMA3.1-8B--KVChime-EPIC-long-16000,F1,decode,all,12,2104623104,2103050240,0,4207673344
LLAMA3.1-8B--KVChime-EPIC-long-16000,F1,decode,all,13,2104754176,2103050240,0,4207804416
LLAMA3.1-8B--KVChime-EPIC-long-16000,F1,decode,all,14,2104885248,2103050240,0,4207935488
LLAMA3.1-8B--KVChime-EPIC-long-16000,F1,decode,all,15,2105016320,2103050240,0,4208066560
LLAMA3.1-8B--KVChime-EPIC-long-16000,F2,prefill,0,0,65720320,2103050240,65720320,2234490880
LLAMA3.1-8B--KVChime-EPIC-long-16000,F2,prefill,1,0,65720320,2103050240,131440640,2300211200
LLAMA3.1-8B--KVChime-EPIC-long-16000,F2,prefill,2,0,65720320,2103050240,197160960,2365931520
LLAMA3.1-8B--KVChime-EPIC-long-16000,F2,prefill,3,0,65720320,2103050240,262881280,2431651840
LLAMA3.1-8B--KVChime-EPIC-long-16000,F2,prefill,4,0,65720320,2103050240,328601600,2497372160
LLAMA3.1-8B--KVChime-EPIC-long-16000,F2,prefill,5,0,65720320,2103050240,394321920,2563092480
LLAMA3.1-8B--KVChime-EPIC-long-16000,F2,prefill,6,0,65720320,2103050240,460042240,2628812800
LLAMA3.1-8B--KVChime-EPIC-long-16000,F2,prefill,7,0,65720320,2103050240,525762560,2694533120
LLAMA3.1-8B--KVChime-EPIC-long-16000,F2,prefill,8,0,65720320,2103050240,591482880,2760253440
LLAMA3.1-8B--KVChime-EPIC-long-16000,F2,prefill,9,0,65720320,2103050240,657203200,2825973760
LLAMA3.1-8B--KVChime-EPIC-long-16000,F2,prefill,10,0,65720320,2103050240,722923520,2891694080
LLAMA3.1-8B--KVChime-EPIC-long-16000,F2,prefill,11,0,65720320,2103050240,788643840,2957414400
LLAMA3.1-8B--KVChime-EPIC-long-16000,F2,prefill,12,0,65720320,2103050240,854364160,3023134720
LLAMA3.1-8B--KVChime-EPIC-long-16000,F2,prefill,13,0,65720320,2103050240,920084480,3088855040
LLAMA3.1-8B--KVChime-EPIC-long-16000,F2,prefill,14,0,65720320,2103050240,985804800,3154575360
LLAMA3.1-8B--KVChime-EPIC-long-16000,F2,prefill,15,0,65720320,2103050240,1051525120,3220295680
LLAMA3.1-8B--KVChime-EPIC-long-16000,F2,prefill,16,0,65720320,2103050240,1117245440,3286016000
LLAMA3.1-8B--KVChime-EPIC-long-16000,F2,prefill,17,0,65720320,2103050240,1182965760,3351736320
LLAMA3.1-8B--KVChime-EPIC-long-16000,F2,prefill,18,0,65720320,2103050240,1248686080,3417456640
LLAMA3.1-8B--KVChime-EPIC-long-16000,F2,prefill,19,0,65720320,2103050240,1314406400,3483176960
LLAMA3.1-8B--KVChime-EPIC-long-16000,F2,prefill,20,0,65720320,2103050240,1380126720,3548897280
LLAMA3.1-8B--KVChime-EPIC-long-16000,F2,prefill,21,0,65720320,2103050240,1445847040,3614617600
LLAMA3.1-8B--KVChime-EPIC-long-16000,F2,prefill,22,0,65720320,2103050240,1511567360,3680337920
LLAMA3.1-8B--KVChime-EPIC-long-16000,F2,prefill,23,0,65720320,2103050240,1577287680,3746058240
LLAMA3.1-8B--KVChime-EPIC-long-16000,F2,prefill,24,0,65720320,2103050240,1643008000,3811778560
LLAMA3.1-8B--KVChime-EPIC-long-16000,F2,prefill,25,0,65720320,2103050240,1708728320,3877498880
LLAMA3.1-8B--KVChime-EPIC-long-16000,F2,prefill,26,0,65720320,2103050240,1774448640,3943219200
LLAMA3.1-8B--KVChime-EPIC-long-16000,F2,prefill,27,0,65720320,2103050240,1840168960,4008939520
LLAMA3.1-8B--KVChime-EPIC-long-16000,F2,prefill,28,0,65720320,2103050240,1905889280,4074659840
LLAMA3.1-8B--KVChime-EPIC-long-16000,F2,prefill,29,0,65720320,2103050240,1971609600,4140380160
LLAMA3.1-8B--KVChime-EPIC-long-16000,F2,prefill,30,0,65720320,2103050240,2037329920,4206100480
LLAMA3.1-8B--KVChime-EPIC-long-16000,F2,prefill,31,0,65720320,2103050240,2103050240,4271820800
LLAMA3.1-8B--KVChime-EPIC-long-16000,F2,decode,all,1,4096,2103050240,2103181312,4206235648
LLAMA3.1-8B--KVChime-EPIC-long-16000,F2,decode,all,2,4096,2103050240,2103312384,4206366720
LLAMA3.1-8B--KVChime-EPIC-long-16000,F2,decode,all,3,4096,2103050240,2103443456,4206497792
LLAMA3.1-8B--KVChime-EPIC-long-16000,F2,decode,all,4,4096,2103050240,2103574528,4206628864
LLAMA3.1-8B--KVChime-EPIC-long-16000,F2,decode,all,5,4096,2103050240,2103705600,4206759936
LLAMA3.1-8B--KVChime-EPIC-long-16000,F2,decode,all,6,4096,2103050240,2103836672,4206891008
LLAMA3.1-8B--KVChime-EPIC-long-16000,F2,decode,all,7,4096,2103050240,2103967744,4207022080
LLAMA3.1-8B--KVChime-EPIC-long-16000,F2,decode,all,8,4096,2103050240,2104098816,4207153152
LLAMA3.1-8B--KVChime-EPIC-long-16000,F2,decode,all,9,4096,2103050240,2104229888,4207284224
LLAMA3.1-8B--KVChime-EPIC-long-16000,F2,decode,all,10,4096,2103050240,2104360960,4207415296
LLAMA3.1-8B--KVChime-EPIC-long-16000,F2,decode,all,11,4096,2103050240,2104492032,4207546368
LLAMA3.1-8B--KVChime-EPIC-long-16000,F2,decode,all,12,4096,2103050240,2104623104,4207677440
LLAMA3.1-8B--KVChime-EPIC-long-16000,F2,decode,all,13,4096,2103050240,2104754176,4207808512
LLAMA3.1-8B--KVChime-EPIC-long-16000,F2,decode,all,14,4096,2103050240,2104885248,4207939584
LLAMA3.1-8B--KVChime-EPIC-long-16000,F2,decode,all,15,4096,2103050240,2105016320,4208070656
LLAMA3.1-8B--KVChime-EPIC-long-16000,F3,prefill,0,0,65720320,2103050240,1417216,2170187776
LLAMA3.1-8B--KVChime-EPIC-long-16000,F3,prefill,1,0,65720320,2103050240,2834432,2171604992
LLAMA3.1-8B--KVChime-EPIC-long-16000,F3,prefill,2,0,65720320,2103050240,4251648,2173022208
LLAMA3.1-8B--KVChime-EPIC-long-16000,F3,prefill,3,0,65720320,2103050240,5668864,2174439424
LLAMA3.1-8B--KVChime-EPIC-long-16000,F3,prefill,4,0,65720320,2103050240,7086080,2175856640
LLAMA3.1-8B--KVChime-EPIC-long-16000,F3,prefill,5,0,65720320,2103050240,8503296,2177273856
LLAMA3.1-8B--KVChime-EPIC-long-16000,F3,prefill,6,0,65720320,2103050240,9920512,2178691072
LLAMA3.1-8B--KVChime-EPIC-long-16000,F3,prefill,7,0,65720320,2103050240,11337728,2180108288
LLAMA3.1-8B--KVChime-EPIC-long-16000,F3,prefill,8,0,65720320,2103050240,12754944,2181525504
LLAMA3.1-8B--KVChime-EPIC-long-16000,F3,prefill,9,0,65720320,2103050240,14172160,2182942720
LLAMA3.1-8B--KVChime-EPIC-long-16000,F3,prefill,10,0,65720320,2103050240,15589376,2184359936
LLAMA3.1-8B--KVChime-EPIC-long-16000,F3,prefill,11,0,65720320,2103050240,17006592,2185777152
LLAMA3.1-8B--KVChime-EPIC-long-16000,F3,prefill,12,0,65720320,2103050240,18423808,2187194368
LLAMA3.1-8B--KVChime-EPIC-long-16000,F3,prefill,13,0,65720320,2103050240,19841024,2188611584
LLAMA3.1-8B--KVChime-EPIC-long-16000,F3,prefill,14,0,65720320,2103050240,21258240,2190028800
LLAMA3.1-8B--KVChime-EPIC-long-16000,F3,prefill,15,0,65720320,2103050240,22675456,2191446016
LLAMA3.1-8B--KVChime-EPIC-long-16000,F3,prefill,16,0,65720320,2103050240,24092672,2192863232
LLAMA3.1-8B--KVChime-EPIC-long-16000,F3,prefill,17,0,65720320,2103050240,25509888,2194280448
LLAMA3.1-8B--KVChime-EPIC-long-16000,F3,prefill,18,0,65720320,2103050240,26927104,2195697664
LLAMA3.1-8B--KVChime-EPIC-long-16000,F3,prefill,19,0,65720320,2103050240,28344320,2197114880
LLAMA3.1-8B--KVChime-EPIC-long-16000,F3,prefill,20,0,65720320,2103050240,29761536,2198532096
LLAMA3.1-8B--KVChime-EPIC-long-16000,F3,prefill,21,0,65720320,2103050240,31178752,2199949312
LLAMA3.1-8B--KVChime-EPIC-long-16000,F3,prefill,22,0,65720320,2103050240,32595968,2201366528
LLAMA3.1-8B--KVChime-EPIC-long-16000,F3,prefill,23,0,65720320,2103050240,34013184,2202783744
LLAMA3.1-8B--KVChime-EPIC-long-16000,F3,prefill,24,0,65720320,2103050240,35430400,2204200960
LLAMA3.1-8B--KVChime-EPIC-long-16000,F3,prefill,25,0,65720320,2103050240,36847616,2205618176
LLAMA3.1-8B--KVChime-EPIC-long-16000,F3,prefill,26,0,65720320,2103050240,38264832,2207035392
LLAMA3.1-8B--KVChime-EPIC-long-16000,F3,prefill,27,0,65720320,2103050240,39682048,2208452608
LLAMA3.1-8B--KVChime-EPIC-long-16000,F3,prefill,28,0,65720320,2103050240,41099264,2209869824
LLAMA3.1-8B--KVChime-EPIC-long-16000,F3,prefill,29,0,65720320,2103050240,42516480,2211287040
LLAMA3.1-8B--KVChime-EPIC-long-16000,F3,prefill,30,0,65720320,2103050240,43933696,2212704256
LLAMA3.1-8B--KVChime-EPIC-long-16000,F3,prefill,31,0,65720320,2103050240,45350912,2214121472
LLAMA3.1-8B--KVChime-EPIC-long-16000,F3,decode,all,1,4096,2103050240,45481984,2148536320
LLAMA3.1-8B--KVChime-EPIC-long-16000,F3,decode,all,2,4096,2103050240,45613056,2148667392
LLAMA3.1-8B--KVChime-EPIC-long-16000,F3,decode,all,3,4096,2103050240,45744128,2148798464
LLAMA3.1-8B--KVChime-EPIC-long-16000,F3,decode,all,4,4096,2103050240,45875200,2148929536
LLAMA3.1-8B--KVChime-EPIC-long-16000,F3,decode,all,5,4096,2103050240,46006272,2149060608
LLAMA3.1-8B--KVChime-EPIC-long-16000,F3,decode,all,6,4096,2103050240,46137344,2149191680
LLAMA3.1-8B--KVChime-EPIC-long-16000,F3,decode,all,7,4096,2103050240,46268416,2149322752
LLAMA3.1-8B--KVChime-EPIC-long-16000,F3,decode,all,8,4096,2103050240,46399488,2149453824
LLAMA3.1-8B--KVChime-EPIC-long-16000,F3,decode,all,9,4096,2103050240,46530560,2149584896
LLAMA3.1-8B--KVChime-EPIC-long-16000,F3,decode,all,10,4096,2103050240,46661632,2149715968
LLAMA3.1-8B--KVChime-EPIC-long-16000,F3,decode,all,11,4096,2103050240,46792704,2149847040
LLAMA3.1-8B--KVChime-EPIC-long-16000,F3,decode,all,12,4096,2103050240,46923776,2149978112
LLAMA3.1-8B--KVChime-EPIC-long-16000,F3,decode,all,13,4096,2103050240,47054848,2150109184
LLAMA3.1-8B--KVChime-EPIC-long-16000,F3,decode,all,14,4096,2103050240,47185920,2150240256
LLAMA3.1-8B--KVChime-EPIC-long-16000,F3,decode,all,15,4096,2103050240,47316992,2150371328
LLAMA3.1-8B--KVChime-EPIC-long-16000,F4,prefill,0,0,65720320,2103050240,1417216,2170187776
LLAMA3.1-8B--KVChime-EPIC-long-16000,F4,prefill,1,0,65720320,2103050240,2834432,2171604992
LLAMA3.1-8B--KVChime-EPIC-long-16000,F4,prefill,2,0,65720320,2103050240,4251648,2173022208
LLAMA3.1-8B--KVChime-EPIC-long-16000,F4,prefill,3,0,65720320,2103050240,5668864,2174439424
LLAMA3.1-8B--KVChime-EPIC-long-16000,F4,prefill,4,0,65720320,2103050240,7086080,2175856640
LLAMA3.1-8B--KVChime-EPIC-long-16000,F4,prefill,5,0,65720320,2103050240,8503296,2177273856
LLAMA3.1-8B--KVChime-EPIC-long-16000,F4,prefill,6,0,65720320,2103050240,9920512,2178691072
LLAMA3.1-8B--KVChime-EPIC-long-16000,F4,prefill,7,0,65720320,2103050240,11337728,2180108288
LLAMA3.1-8B--KVChime-EPIC-long-16000,F4,prefill,8,0,65720320,2103050240,12754944,2181525504
LLAMA3.1-8B--KVChime-EPIC-long-16000,F4,prefill,9,0,65720320,2103050240,14172160,2182942720
LLAMA3.1-8B--KVChime-EPIC-long-16000,F4,prefill,10,0,65720320,2103050240,15589376,2184359936
LLAMA3.1-8B--KVChime-EPIC-long-16000,F4,prefill,11,0,65720320,2103050240,17006592,2185777152
LLAMA3.1-8B--KVChime-EPIC-long-16000,F4,prefill,12,0,65720320,2103050240,18423808,2187194368
LLAMA3.1-8B--KVChime-EPIC-long-16000,F4,prefill,13,0,65720320,2103050240,19841024,2188611584
LLAMA3.1-8B--KVChime-EPIC-long-16000,F4,prefill,14,0,65720320,2103050240,21258240,2190028800
LLAMA3.1-8B--KVChime-EPIC-long-16000,F4,prefill,15,0,65720320,2103050240,22675456,2191446016
LLAMA3.1-8B--KVChime-EPIC-long-16000,F4,prefill,16,0,65720320,2103050240,24092672,2192863232
LLAMA3.1-8B--KVChime-EPIC-long-16000,F4,prefill,17,0,65720320,2103050240,25509888,2194280448
LLAMA3.1-8B--KVChime-EPIC-long-16000,F4,prefill,18,0,65720320,2103050240,26927104,2195697664
LLAMA3.1-8B--KVChime-EPIC-long-16000,F4,prefill,19,0,65720320,2103050240,28344320,2197114880
LLAMA3.1-8B--KVChime-EPIC-long-16000,F4,prefill,20,0,65720320,2103050240,29761536,2198532096
LLAMA3.1-8B--KVChime-EPIC-long-16000,F4,prefill,21,0,65720320,2103050240,31178752,2199949312
LLAMA3.1-8B--KVChime-EPIC-long-16000,F4,prefill,22,0,65720320,2103050240,32595968,2201366528
LLAMA3.1-8B--KVChime-EPIC-long-16000,F4,prefill,23,0,65720320,2103050240,34013184,2202783744
LLAMA3.1-8B--KVChime-EPIC-long-16000,F4,prefill,24,0,65720320,2103050240,35430400,2204200960
LLAMA3.1-8B--KVChime-EPIC-long-16000,F4,prefill,25,0,65720320,2103050240,36847616,2205618176
LLAMA3.1-8B--KVChime-EPIC-long-16000,F4,prefill,26,0,65720320,2103050240,38264832,2207035392
LLAMA3.1-8B--KVChime-EPIC-long-16000,F4,prefill,27,0,65720320,2103050240,39682048,2208452608
LLAMA3.1-8B--KVChime-EPIC-long-16000,F4,prefill,28,0,65720320,2103050240,41099264,2209869824
LLAMA3.1-8B--KVChime-EPIC-long-16000,F4,prefill,29,0,65720320,2103050240,42516480,2211287040
LLAMA3.1-8B--KVChime-EPIC-long-16000,F4,prefill,30,0,65720320,2103050240,43933696,2212704256
LLAMA3.1-8B--KVChime-EPIC-long-16000,F4,prefill,31,0,65720320,2103050240,45350912,2214121472
LLAMA3.1-8B--KVChime-EPIC-long-16000,F4,decode,all,1,4096,2103050240,45481984,2148536320
LLAMA3.1-8B--KVChime-EPIC-long-16000,F4,decode,all,2,4096,2103050240,45613056,2148667392
LLAMA3.1-8B--KVChime-EPIC-long-16000,F4,decode,all,3,4096,2103050240,45744128,2148798464
LLAMA3.1-8B--KVChime-EPIC-long-16000,F4,decode,all,4,4096,2103050240,45875200,2148929536
LLAMA3.1-8B--KVChime-EPIC-long-16000,F4,decode,all,5,4096,2103050240,46006272,2149060608
LLAMA3.1-8B--KVChime-EPIC-long-16000,F4,decode,all,6,4096,2103050240,46137344,2149191680
LLAMA3.1-8B--KVChime-EPIC-long-16000,F4,decode,all,7,4096,2103050240,46268416,2149322752
LLAMA3.1-8B--KVChime-EPIC-long-16000,F4,decode,all,8,4096,2103050240,46399488,2149453824
LLAMA3.1-8B--KVChime-EPIC-long-16000,F4,decode,all,9,4096,2103050240,46530560,2149584896
LLAMA3.1-8B--KVChime-EPIC-long-16000,F4,decode,all,10,4096,2103050240,46661632,2149715968
LLAMA3.1-8B--KVChime-EPIC-long-16000,F4,decode,all,11,4096,2103050240,46792704,2149847040
LLAMA3.1-8B--KVChime-EPIC-long-16000,F4,decode,all,12,4096,2103050240,46923776,2149978112
LLAMA3.1-8B--KVChime-EPIC-long-16000,F4,decode,all,13,4096,2103050240,47054848,2150109184
LLAMA3.1-8B--KVChime-EPIC-long-16000,F4,decode,all,14,4096,2103050240,47185920,2150240256
LLAMA3.1-8B--KVChime-EPIC-long-16000,F4,decode,all,15,4096,2103050240,47316992,2150371328
LLAMA3.1-8B--KVChime-EPIC-shared-readers-B1,F0,prefill,0,0,32911360,0,0,32911360
LLAMA3.1-8B--KVChime-EPIC-shared-readers-B1,F0,prefill,1,0,65822720,0,0,65822720
LLAMA3.1-8B--KVChime-EPIC-shared-readers-B1,F0,prefill,2,0,98734080,0,0,98734080
LLAMA3.1-8B--KVChime-EPIC-shared-readers-B1,F0,prefill,3,0,131645440,0,0,131645440
LLAMA3.1-8B--KVChime-EPIC-shared-readers-B1,F0,prefill,4,0,164556800,0,0,164556800
LLAMA3.1-8B--KVChime-EPIC-shared-readers-B1,F0,prefill,5,0,197468160,0,0,197468160
LLAMA3.1-8B--KVChime-EPIC-shared-readers-B1,F0,prefill,6,0,230379520,0,0,230379520
LLAMA3.1-8B--KVChime-EPIC-shared-readers-B1,F0,prefill,7,0,263290880,0,0,263290880
LLAMA3.1-8B--KVChime-EPIC-shared-readers-B1,F0,prefill,8,0,296202240,0,0,296202240
LLAMA3.1-8B--KVChime-EPIC-shared-readers-B1,F0,prefill,9,0,329113600,0,0,329113600
LLAMA3.1-8B--KVChime-EPIC-shared-readers-B1,F0,prefill,10,0,362024960,0,0,362024960
LLAMA3.1-8B--KVChime-EPIC-shared-readers-B1,F0,prefill,11,0,394936320,0,0,394936320
LLAMA3.1-8B--KVChime-EPIC-shared-readers-B1,F0,prefill,12,0,427847680,0,0,427847680
LLAMA3.1-8B--KVChime-EPIC-shared-readers-B1,F0,prefill,13,0,460759040,0,0,460759040
LLAMA3.1-8B--KVChime-EPIC-shared-readers-B1,F0,prefill,14,0,493670400,0,0,493670400
LLAMA3.1-8B--KVChime-EPIC-shared-readers-B1,F0,prefill,15,0,526581760,0,0,526581760
LLAMA3.1-8B--KVChime-EPIC-shared-readers-B1,F0,prefill,16,0,559493120,0,0,559493120
LLAMA3.1-8B--KVChime-EPIC-shared-readers-B1,F0,prefill,17,0,592404480,0,0,592404480
LLAMA3.1-8B--KVChime-EPIC-shared-readers-B1,F0,prefill,18,0,625315840,0,0,625315840
LLAMA3.1-8B--KVChime-EPIC-shared-readers-B1,F0,prefill,19,0,658227200,0,0,658227200
LLAMA3.1-8B--KVChime-EPIC-shared-readers-B1,F0,prefill,20,0,691138560,0,0,691138560
LLAMA3.1-8B--KVChime-EPIC-shared-readers-B1,F0,prefill,21,0,724049920,0,0,724049920
LLAMA3.1-8B--KVChime-EPIC-shared-readers-B1,F0,prefill,22,0,756961280,0,0,756961280
LLAMA3.1-8B--KVChime-EPIC-shared-readers-B1,F0,prefill,23,0,789872640,0,0,789872640
LLAMA3.1-8B--KVChime-EPIC-shared-readers-B1,F0,prefill,24,0,822784000,0,0,822784000
LLAMA3.1-8B--KVChime-EPIC-shared-readers-B1,F0,prefill,25,0,855695360,0,0,855695360
LLAMA3.1-8B--KVChime-EPIC-shared-readers-B1,F0,prefill,26,0,888606720,0,0,888606720
LLAMA3.1-8B--KVChime-EPIC-shared-readers-B1,F0,prefill,27,0,921518080,0,0,921518080
LLAMA3.1-8B--KVChime-EPIC-shared-readers-B1,F0,prefill,28,0,954429440,0,0,954429440
LLAMA3.1-8B--KVChime-EPIC-shared-readers-B1,F0,prefill,29,0,987340800,0,0,987340800
LLAMA3.1-8B--KVChime-EPIC-shared-readers-B1,F0,prefill,30,0,1020252160,0,0,1020252160
LLAMA3.1-8B--KVChime-EPIC-shared-readers-B1,F0,prefill,31,0,1053163520,0,0,1053163520
LLAMA3.1-8B--KVChime-EPIC-shared-readers-B1,F0,decode,all,1,1053294592,0,0,1053294592
LLAMA3.1-8B--KVChime-EPIC-shared-readers-B1,F0,decode,all,2,1053425664,0,0,1053425664
LLAMA3.1-8B--KVChime-EPIC-shared-readers-B1,F0,decode,all,3,1053556736,0,0,1053556736
LLAMA3.1-8B--KVChime-EPIC-shared-readers-B1,F0,decode,all,4,1053687808,0,0,1053687808
LLAMA3.1-8B--KVChime-EPIC-shared-readers-B1,F0,decode,all,5,1053818880,0,0,1053818880
LLAMA3.1-8B--KVChime-EPIC-shared-readers-B1,F0,decode,all,6,1053949952,0,0,1053949952
LLAMA3.1-8B--KVChime-EPIC-shared-readers-B1,F0,decode,all,7,1054081024,0,0,1054081024
LLAMA3.1-8B--KVChime-EPIC-shared-readers-B1,F0,decode,all,8,1054212096,0,0,1054212096
LLAMA3.1-8B--KVChime-EPIC-shared-readers-B1,F0,decode,all,9,1054343168,0,0,1054343168
LLAMA3.1-8B--KVChime-EPIC-shared-readers-B1,F0,decode,all,10,1054474240,0,0,1054474240
LLAMA3.1-8B--KVChime-EPIC-shared-readers-B1,F0,decode,all,11,1054605312,0,0,1054605312
LLAMA3.1-8B--KVChime-EPIC-shared-readers-B1,F0,decode,all,12,1054736384,0,0,1054736384
LLAMA3.1-8B--KVChime-EPIC-shared-readers-B1,F0,decode,all,13,1054867456,0,0,1054867456
LLAMA3.1-8B--KVChime-EPIC-shared-readers-B1,F0,decode,all,14,1054998528,0,0,1054998528
LLAMA3.1-8B--KVChime-EPIC-shared-readers-B1,F0,decode,all,15,1055129600,0,0,1055129600
LLAMA3.1-8B--KVChime-EPIC-shared-readers-B1,F1,prefill,0,0,32911360,1053163520,0,1086074880
LLAMA3.1-8B--KVChime-EPIC-shared-readers-B1,F1,prefill,1,0,65822720,1053163520,0,1118986240
LLAMA3.1-8B--KVChime-EPIC-shared-readers-B1,F1,prefill,2,0,98734080,1053163520,0,1151897600
LLAMA3.1-8B--KVChime-EPIC-shared-readers-B1,F1,prefill,3,0,131645440,1053163520,0,1184808960
LLAMA3.1-8B--KVChime-EPIC-shared-readers-B1,F1,prefill,4,0,164556800,1053163520,0,1217720320
LLAMA3.1-8B--KVChime-EPIC-shared-readers-B1,F1,prefill,5,0,197468160,1053163520,0,1250631680
LLAMA3.1-8B--KVChime-EPIC-shared-readers-B1,F1,prefill,6,0,230379520,1053163520,0,1283543040
LLAMA3.1-8B--KVChime-EPIC-shared-readers-B1,F1,prefill,7,0,263290880,1053163520,0,1316454400
LLAMA3.1-8B--KVChime-EPIC-shared-readers-B1,F1,prefill,8,0,296202240,1053163520,0,1349365760
LLAMA3.1-8B--KVChime-EPIC-shared-readers-B1,F1,prefill,9,0,329113600,1053163520,0,1382277120
LLAMA3.1-8B--KVChime-EPIC-shared-readers-B1,F1,prefill,10,0,362024960,1053163520,0,1415188480
LLAMA3.1-8B--KVChime-EPIC-shared-readers-B1,F1,prefill,11,0,394936320,1053163520,0,1448099840
LLAMA3.1-8B--KVChime-EPIC-shared-readers-B1,F1,prefill,12,0,427847680,1053163520,0,1481011200
LLAMA3.1-8B--KVChime-EPIC-shared-readers-B1,F1,prefill,13,0,460759040,1053163520,0,1513922560
LLAMA3.1-8B--KVChime-EPIC-shared-readers-B1,F1,prefill,14,0,493670400,1053163520,0,1546833920
LLAMA3.1-8B--KVChime-EPIC-shared-readers-B1,F1,prefill,15,0,526581760,1053163520,0,1579745280
LLAMA3.1-8B--KVChime-EPIC-shared-readers-B1,F1,prefill,16,0,559493120,1053163520,0,1612656640
LLAMA3.1-8B--KVChime-EPIC-shared-readers-B1,F1,prefill,17,0,592404480,1053163520,0,1645568000
LLAMA3.1-8B--KVChime-EPIC-shared-readers-B1,F1,prefill,18,0,625315840,1053163520,0,1678479360
LLAMA3.1-8B--KVChime-EPIC-shared-readers-B1,F1,prefill,19,0,658227200,1053163520,0,1711390720
LLAMA3.1-8B--KVChime-EPIC-shared-readers-B1,F1,prefill,20,0,691138560,1053163520,0,1744302080
LLAMA3.1-8B--KVChime-EPIC-shared-readers-B1,F1,prefill,21,0,724049920,1053163520,0,1777213440
LLAMA3.1-8B--KVChime-EPIC-shared-readers-B1,F1,prefill,22,0,756961280,1053163520,0,1810124800
LLAMA3.1-8B--KVChime-EPIC-shared-readers-B1,F1,prefill,23,0,789872640,1053163520,0,1843036160
LLAMA3.1-8B--KVChime-EPIC-shared-readers-B1,F1,prefill,24,0,822784000,1053163520,0,1875947520
LLAMA3.1-8B--KVChime-EPIC-shared-readers-B1,F1,prefill,25,0,855695360,1053163520,0,1908858880
LLAMA3.1-8B--KVChime-EPIC-shared-readers-B1,F1,prefill,26,0,888606720,1053163520,0,1941770240
LLAMA3.1-8B--KVChime-EPIC-shared-readers-B1,F1,prefill,27,0,921518080,1053163520,0,1974681600
LLAMA3.1-8B--KVChime-EPIC-shared-readers-B1,F1,prefill,28,0,954429440,1053163520,0,2007592960
LLAMA3.1-8B--KVChime-EPIC-shared-readers-B1,F1,prefill,29,0,987340800,1053163520,0,2040504320
LLAMA3.1-8B--KVChime-EPIC-shared-readers-B1,F1,prefill,30,0,1020252160,1053163520,0,2073415680
LLAMA3.1-8B--KVChime-EPIC-shared-readers-B1,F1,prefill,31,0,1053163520,1053163520,0,2106327040
LLAMA3.1-8B--KVChime-EPIC-shared-readers-B1,F1,decode,all,1,1053294592,1053163520,0,2106458112
LLAMA3.1-8B--KVChime-EPIC-shared-readers-B1,F1,decode,all,2,1053425664,1053163520,0,2106589184
LLAMA3.1-8B--KVChime-EPIC-shared-readers-B1,F1,decode,all,3,1053556736,1053163520,0,2106720256
LLAMA3.1-8B--KVChime-EPIC-shared-readers-B1,F1,decode,all,4,1053687808,1053163520,0,2106851328
LLAMA3.1-8B--KVChime-EPIC-shared-readers-B1,F1,decode,all,5,1053818880,1053163520,0,2106982400
LLAMA3.1-8B--KVChime-EPIC-shared-readers-B1,F1,decode,all,6,1053949952,1053163520,0,2107113472
LLAMA3.1-8B--KVChime-EPIC-shared-readers-B1,F1,decode,all,7,1054081024,1053163520,0,2107244544
LLAMA3.1-8B--KVChime-EPIC-shared-readers-B1,F1,decode,all,8,1054212096,1053163520,0,2107375616
LLAMA3.1-8B--KVChime-EPIC-shared-readers-B1,F1,decode,all,9,1054343168,1053163520,0,2107506688
LLAMA3.1-8B--KVChime-EPIC-shared-readers-B1,F1,decode,all,10,1054474240,1053163520,0,2107637760
LLAMA3.1-8B--KVChime-EPIC-shared-readers-B1,F1,decode,all,11,1054605312,1053163520,0,2107768832
LLAMA3.1-8B--KVChime-EPIC-shared-readers-B1,F1,decode,all,12,1054736384,1053163520,0,2107899904
LLAMA3.1-8B--KVChime-EPIC-shared-readers-B1,F1,decode,all,13,1054867456,1053163520,0,2108030976
LLAMA3.1-8B--KVChime-EPIC-shared-readers-B1,F1,decode,all,14,1054998528,1053163520,0,2108162048
LLAMA3.1-8B--KVChime-EPIC-shared-readers-B1,F1,decode,all,15,1055129600,1053163520,0,2108293120
LLAMA3.1-8B--KVChime-EPIC-shared-readers-B1,F2,prefill,0,0,32911360,1053163520,32911360,1118986240
LLAMA3.1-8B--KVChime-EPIC-shared-readers-B1,F2,prefill,1,0,32911360,1053163520,65822720,1151897600
LLAMA3.1-8B--KVChime-EPIC-shared-readers-B1,F2,prefill,2,0,32911360,1053163520,98734080,1184808960
LLAMA3.1-8B--KVChime-EPIC-shared-readers-B1,F2,prefill,3,0,32911360,1053163520,131645440,1217720320
LLAMA3.1-8B--KVChime-EPIC-shared-readers-B1,F2,prefill,4,0,32911360,1053163520,164556800,1250631680
LLAMA3.1-8B--KVChime-EPIC-shared-readers-B1,F2,prefill,5,0,32911360,1053163520,197468160,1283543040
LLAMA3.1-8B--KVChime-EPIC-shared-readers-B1,F2,prefill,6,0,32911360,1053163520,230379520,1316454400
LLAMA3.1-8B--KVChime-EPIC-shared-readers-B1,F2,prefill,7,0,32911360,1053163520,263290880,1349365760
LLAMA3.1-8B--KVChime-EPIC-shared-readers-B1,F2,prefill,8,0,32911360,1053163520,296202240,1382277120
LLAMA3.1-8B--KVChime-EPIC-shared-readers-B1,F2,prefill,9,0,32911360,1053163520,329113600,1415188480
LLAMA3.1-8B--KVChime-EPIC-shared-readers-B1,F2,prefill,10,0,32911360,1053163520,362024960,1448099840
LLAMA3.1-8B--KVChime-EPIC-shared-readers-B1,F2,prefill,11,0,32911360,1053163520,394936320,1481011200
LLAMA3.1-8B--KVChime-EPIC-shared-readers-B1,F2,prefill,12,0,32911360,1053163520,427847680,1513922560
LLAMA3.1-8B--KVChime-EPIC-shared-readers-B1,F2,prefill,13,0,32911360,1053163520,460759040,1546833920
LLAMA3.1-8B--KVChime-EPIC-shared-readers-B1,F2,prefill,14,0,32911360,1053163520,493670400,1579745280
LLAMA3.1-8B--KVChime-EPIC-shared-readers-B1,F2,prefill,15,0,32911360,1053163520,526581760,1612656640
LLAMA3.1-8B--KVChime-EPIC-shared-readers-B1,F2,prefill,16,0,32911360,1053163520,559493120,1645568000
LLAMA3.1-8B--KVChime-EPIC-shared-readers-B1,F2,prefill,17,0,32911360,1053163520,592404480,1678479360
LLAMA3.1-8B--KVChime-EPIC-shared-readers-B1,F2,prefill,18,0,32911360,1053163520,625315840,1711390720
LLAMA3.1-8B--KVChime-EPIC-shared-readers-B1,F2,prefill,19,0,32911360,1053163520,658227200,1744302080
LLAMA3.1-8B--KVChime-EPIC-shared-readers-B1,F2,prefill,20,0,32911360,1053163520,691138560,1777213440
LLAMA3.1-8B--KVChime-EPIC-shared-readers-B1,F2,prefill,21,0,32911360,1053163520,724049920,1810124800
LLAMA3.1-8B--KVChime-EPIC-shared-readers-B1,F2,prefill,22,0,32911360,1053163520,756961280,1843036160
LLAMA3.1-8B--KVChime-EPIC-shared-readers-B1,F2,prefill,23,0,32911360,1053163520,789872640,1875947520
LLAMA3.1-8B--KVChime-EPIC-shared-readers-B1,F2,prefill,24,0,32911360,1053163520,822784000,1908858880
LLAMA3.1-8B--KVChime-EPIC-shared-readers-B1,F2,prefill,25,0,32911360,1053163520,855695360,1941770240
LLAMA3.1-8B--KVChime-EPIC-shared-readers-B1,F2,prefill,26,0,32911360,1053163520,888606720,1974681600
LLAMA3.1-8B--KVChime-EPIC-shared-readers-B1,F2,prefill,27,0,32911360,1053163520,921518080,2007592960
LLAMA3.1-8B--KVChime-EPIC-shared-readers-B1,F2,prefill,28,0,32911360,1053163520,954429440,2040504320
LLAMA3.1-8B--KVChime-EPIC-shared-readers-B1,F2,prefill,29,0,32911360,1053163520,987340800,2073415680
LLAMA3.1-8B--KVChime-EPIC-shared-readers-B1,F2,prefill,30,0,32911360,1053163520,1020252160,2106327040
LLAMA3.1-8B--KVChime-EPIC-shared-readers-B1,F2,prefill,31,0,32911360,1053163520,1053163520,2139238400
LLAMA3.1-8B--KVChime-EPIC-shared-readers-B1,F2,decode,all,1,4096,1053163520,1053294592,2106462208
LLAMA3.1-8B--KVChime-EPIC-shared-readers-B1,F2,decode,all,2,4096,1053163520,1053425664,2106593280
LLAMA3.1-8B--KVChime-EPIC-shared-readers-B1,F2,decode,all,3,4096,1053163520,1053556736,2106724352
LLAMA3.1-8B--KVChime-EPIC-shared-readers-B1,F2,decode,all,4,4096,1053163520,1053687808,2106855424
LLAMA3.1-8B--KVChime-EPIC-shared-readers-B1,F2,decode,all,5,4096,1053163520,1053818880,2106986496
LLAMA3.1-8B--KVChime-EPIC-shared-readers-B1,F2,decode,all,6,4096,1053163520,1053949952,2107117568
LLAMA3.1-8B--KVChime-EPIC-shared-readers-B1,F2,decode,all,7,4096,1053163520,1054081024,2107248640
LLAMA3.1-8B--KVChime-EPIC-shared-readers-B1,F2,decode,all,8,4096,1053163520,1054212096,2107379712
LLAMA3.1-8B--KVChime-EPIC-shared-readers-B1,F2,decode,all,9,4096,1053163520,1054343168,2107510784
LLAMA3.1-8B--KVChime-EPIC-shared-readers-B1,F2,decode,all,10,4096,1053163520,1054474240,2107641856
LLAMA3.1-8B--KVChime-EPIC-shared-readers-B1,F2,decode,all,11,4096,1053163520,1054605312,2107772928
LLAMA3.1-8B--KVChime-EPIC-shared-readers-B1,F2,decode,all,12,4096,1053163520,1054736384,2107904000
LLAMA3.1-8B--KVChime-EPIC-shared-readers-B1,F2,decode,all,13,4096,1053163520,1054867456,2108035072
LLAMA3.1-8B--KVChime-EPIC-shared-readers-B1,F2,decode,all,14,4096,1053163520,1054998528,2108166144
LLAMA3.1-8B--KVChime-EPIC-shared-readers-B1,F2,decode,all,15,4096,1053163520,1055129600,2108297216
LLAMA3.1-8B--KVChime-EPIC-shared-readers-B1,F3,prefill,0,0,32911360,1053163520,770048,1086844928
LLAMA3.1-8B--KVChime-EPIC-shared-readers-B1,F3,prefill,1,0,32911360,1053163520,1540096,1087614976
LLAMA3.1-8B--KVChime-EPIC-shared-readers-B1,F3,prefill,2,0,32911360,1053163520,2310144,1088385024
LLAMA3.1-8B--KVChime-EPIC-shared-readers-B1,F3,prefill,3,0,32911360,1053163520,3080192,1089155072
LLAMA3.1-8B--KVChime-EPIC-shared-readers-B1,F3,prefill,4,0,32911360,1053163520,3850240,1089925120
LLAMA3.1-8B--KVChime-EPIC-shared-readers-B1,F3,prefill,5,0,32911360,1053163520,4620288,1090695168
LLAMA3.1-8B--KVChime-EPIC-shared-readers-B1,F3,prefill,6,0,32911360,1053163520,5390336,1091465216
LLAMA3.1-8B--KVChime-EPIC-shared-readers-B1,F3,prefill,7,0,32911360,1053163520,6160384,1092235264
LLAMA3.1-8B--KVChime-EPIC-shared-readers-B1,F3,prefill,8,0,32911360,1053163520,6930432,1093005312
LLAMA3.1-8B--KVChime-EPIC-shared-readers-B1,F3,prefill,9,0,32911360,1053163520,7700480,1093775360
LLAMA3.1-8B--KVChime-EPIC-shared-readers-B1,F3,prefill,10,0,32911360,1053163520,8470528,1094545408
LLAMA3.1-8B--KVChime-EPIC-shared-readers-B1,F3,prefill,11,0,32911360,1053163520,9240576,1095315456
LLAMA3.1-8B--KVChime-EPIC-shared-readers-B1,F3,prefill,12,0,32911360,1053163520,10010624,1096085504
LLAMA3.1-8B--KVChime-EPIC-shared-readers-B1,F3,prefill,13,0,32911360,1053163520,10780672,1096855552
LLAMA3.1-8B--KVChime-EPIC-shared-readers-B1,F3,prefill,14,0,32911360,1053163520,11550720,1097625600
LLAMA3.1-8B--KVChime-EPIC-shared-readers-B1,F3,prefill,15,0,32911360,1053163520,12320768,1098395648
LLAMA3.1-8B--KVChime-EPIC-shared-readers-B1,F3,prefill,16,0,32911360,1053163520,13090816,1099165696
LLAMA3.1-8B--KVChime-EPIC-shared-readers-B1,F3,prefill,17,0,32911360,1053163520,13860864,1099935744
LLAMA3.1-8B--KVChime-EPIC-shared-readers-B1,F3,prefill,18,0,32911360,1053163520,14630912,1100705792
LLAMA3.1-8B--KVChime-EPIC-shared-readers-B1,F3,prefill,19,0,32911360,1053163520,15400960,1101475840
LLAMA3.1-8B--KVChime-EPIC-shared-readers-B1,F3,prefill,20,0,32911360,1053163520,16171008,1102245888
LLAMA3.1-8B--KVChime-EPIC-shared-readers-B1,F3,prefill,21,0,32911360,1053163520,16941056,1103015936
LLAMA3.1-8B--KVChime-EPIC-shared-readers-B1,F3,prefill,22,0,32911360,1053163520,17711104,1103785984
LLAMA3.1-8B--KVChime-EPIC-shared-readers-B1,F3,prefill,23,0,32911360,1053163520,18481152,1104556032
LLAMA3.1-8B--KVChime-EPIC-shared-readers-B1,F3,prefill,24,0,32911360,1053163520,19251200,1105326080
LLAMA3.1-8B--KVChime-EPIC-shared-readers-B1,F3,prefill,25,0,32911360,1053163520,20021248,1106096128
LLAMA3.1-8B--KVChime-EPIC-shared-readers-B1,F3,prefill,26,0,32911360,1053163520,20791296,1106866176
LLAMA3.1-8B--KVChime-EPIC-shared-readers-B1,F3,prefill,27,0,32911360,1053163520,21561344,1107636224
LLAMA3.1-8B--KVChime-EPIC-shared-readers-B1,F3,prefill,28,0,32911360,1053163520,22331392,1108406272
LLAMA3.1-8B--KVChime-EPIC-shared-readers-B1,F3,prefill,29,0,32911360,1053163520,23101440,1109176320
LLAMA3.1-8B--KVChime-EPIC-shared-readers-B1,F3,prefill,30,0,32911360,1053163520,23871488,1109946368
LLAMA3.1-8B--KVChime-EPIC-shared-readers-B1,F3,prefill,31,0,32911360,1053163520,24641536,1110716416
LLAMA3.1-8B--KVChime-EPIC-shared-readers-B1,F3,decode,all,1,4096,1053163520,24772608,1077940224
LLAMA3.1-8B--KVChime-EPIC-shared-readers-B1,F3,decode,all,2,4096,1053163520,24903680,1078071296
LLAMA3.1-8B--KVChime-EPIC-shared-readers-B1,F3,decode,all,3,4096,1053163520,25034752,1078202368
LLAMA3.1-8B--KVChime-EPIC-shared-readers-B1,F3,decode,all,4,4096,1053163520,25165824,1078333440
LLAMA3.1-8B--KVChime-EPIC-shared-readers-B1,F3,decode,all,5,4096,1053163520,25296896,1078464512
LLAMA3.1-8B--KVChime-EPIC-shared-readers-B1,F3,decode,all,6,4096,1053163520,25427968,1078595584
LLAMA3.1-8B--KVChime-EPIC-shared-readers-B1,F3,decode,all,7,4096,1053163520,25559040,1078726656
LLAMA3.1-8B--KVChime-EPIC-shared-readers-B1,F3,decode,all,8,4096,1053163520,25690112,1078857728
LLAMA3.1-8B--KVChime-EPIC-shared-readers-B1,F3,decode,all,9,4096,1053163520,25821184,1078988800
LLAMA3.1-8B--KVChime-EPIC-shared-readers-B1,F3,decode,all,10,4096,1053163520,25952256,1079119872
LLAMA3.1-8B--KVChime-EPIC-shared-readers-B1,F3,decode,all,11,4096,1053163520,26083328,1079250944
LLAMA3.1-8B--KVChime-EPIC-shared-readers-B1,F3,decode,all,12,4096,1053163520,26214400,1079382016
LLAMA3.1-8B--KVChime-EPIC-shared-readers-B1,F3,decode,all,13,4096,1053163520,26345472,1079513088
LLAMA3.1-8B--KVChime-EPIC-shared-readers-B1,F3,decode,all,14,4096,1053163520,26476544,1079644160
LLAMA3.1-8B--KVChime-EPIC-shared-readers-B1,F3,decode,all,15,4096,1053163520,26607616,1079775232
LLAMA3.1-8B--KVChime-EPIC-shared-readers-B1,F4,prefill,0,0,32911360,1053163520,770048,1086844928
LLAMA3.1-8B--KVChime-EPIC-shared-readers-B1,F4,prefill,1,0,32911360,1053163520,1540096,1087614976
LLAMA3.1-8B--KVChime-EPIC-shared-readers-B1,F4,prefill,2,0,32911360,1053163520,2310144,1088385024
LLAMA3.1-8B--KVChime-EPIC-shared-readers-B1,F4,prefill,3,0,32911360,1053163520,3080192,1089155072
LLAMA3.1-8B--KVChime-EPIC-shared-readers-B1,F4,prefill,4,0,32911360,1053163520,3850240,1089925120
LLAMA3.1-8B--KVChime-EPIC-shared-readers-B1,F4,prefill,5,0,32911360,1053163520,4620288,1090695168
LLAMA3.1-8B--KVChime-EPIC-shared-readers-B1,F4,prefill,6,0,32911360,1053163520,5390336,1091465216
LLAMA3.1-8B--KVChime-EPIC-shared-readers-B1,F4,prefill,7,0,32911360,1053163520,6160384,1092235264
LLAMA3.1-8B--KVChime-EPIC-shared-readers-B1,F4,prefill,8,0,32911360,1053163520,6930432,1093005312
LLAMA3.1-8B--KVChime-EPIC-shared-readers-B1,F4,prefill,9,0,32911360,1053163520,7700480,1093775360
LLAMA3.1-8B--KVChime-EPIC-shared-readers-B1,F4,prefill,10,0,32911360,1053163520,8470528,1094545408
LLAMA3.1-8B--KVChime-EPIC-shared-readers-B1,F4,prefill,11,0,32911360,1053163520,9240576,1095315456
LLAMA3.1-8B--KVChime-EPIC-shared-readers-B1,F4,prefill,12,0,32911360,1053163520,10010624,1096085504
LLAMA3.1-8B--KVChime-EPIC-shared-readers-B1,F4,prefill,13,0,32911360,1053163520,10780672,1096855552
LLAMA3.1-8B--KVChime-EPIC-shared-readers-B1,F4,prefill,14,0,32911360,1053163520,11550720,1097625600
LLAMA3.1-8B--KVChime-EPIC-shared-readers-B1,F4,prefill,15,0,32911360,1053163520,12320768,1098395648
LLAMA3.1-8B--KVChime-EPIC-shared-readers-B1,F4,prefill,16,0,32911360,1053163520,13090816,1099165696
LLAMA3.1-8B--KVChime-EPIC-shared-readers-B1,F4,prefill,17,0,32911360,1053163520,13860864,1099935744
LLAMA3.1-8B--KVChime-EPIC-shared-readers-B1,F4,prefill,18,0,32911360,1053163520,14630912,1100705792
LLAMA3.1-8B--KVChime-EPIC-shared-readers-B1,F4,prefill,19,0,32911360,1053163520,15400960,1101475840
LLAMA3.1-8B--KVChime-EPIC-shared-readers-B1,F4,prefill,20,0,32911360,1053163520,16171008,1102245888
LLAMA3.1-8B--KVChime-EPIC-shared-readers-B1,F4,prefill,21,0,32911360,1053163520,16941056,1103015936
LLAMA3.1-8B--KVChime-EPIC-shared-readers-B1,F4,prefill,22,0,32911360,1053163520,17711104,1103785984
LLAMA3.1-8B--KVChime-EPIC-shared-readers-B1,F4,prefill,23,0,32911360,1053163520,18481152,1104556032
LLAMA3.1-8B--KVChime-EPIC-shared-readers-B1,F4,prefill,24,0,32911360,1053163520,19251200,1105326080
LLAMA3.1-8B--KVChime-EPIC-shared-readers-B1,F4,prefill,25,0,32911360,1053163520,20021248,1106096128
LLAMA3.1-8B--KVChime-EPIC-shared-readers-B1,F4,prefill,26,0,32911360,1053163520,20791296,1106866176
LLAMA3.1-8B--KVChime-EPIC-shared-readers-B1,F4,prefill,27,0,32911360,1053163520,21561344,1107636224
LLAMA3.1-8B--KVChime-EPIC-shared-readers-B1,F4,prefill,28,0,32911360,1053163520,22331392,1108406272
LLAMA3.1-8B--KVChime-EPIC-shared-readers-B1,F4,prefill,29,0,32911360,1053163520,23101440,1109176320
LLAMA3.1-8B--KVChime-EPIC-shared-readers-B1,F4,prefill,30,0,32911360,1053163520,23871488,1109946368
LLAMA3.1-8B--KVChime-EPIC-shared-readers-B1,F4,prefill,31,0,32911360,1053163520,24641536,1110716416
LLAMA3.1-8B--KVChime-EPIC-shared-readers-B1,F4,decode,all,1,4096,1053163520,24772608,1077940224
LLAMA3.1-8B--KVChime-EPIC-shared-readers-B1,F4,decode,all,2,4096,1053163520,24903680,1078071296
LLAMA3.1-8B--KVChime-EPIC-shared-readers-B1,F4,decode,all,3,4096,1053163520,25034752,1078202368
LLAMA3.1-8B--KVChime-EPIC-shared-readers-B1,F4,decode,all,4,4096,1053163520,25165824,1078333440
LLAMA3.1-8B--KVChime-EPIC-shared-readers-B1,F4,decode,all,5,4096,1053163520,25296896,1078464512
LLAMA3.1-8B--KVChime-EPIC-shared-readers-B1,F4,decode,all,6,4096,1053163520,25427968,1078595584
LLAMA3.1-8B--KVChime-EPIC-shared-readers-B1,F4,decode,all,7,4096,1053163520,25559040,1078726656
LLAMA3.1-8B--KVChime-EPIC-shared-readers-B1,F4,decode,all,8,4096,1053163520,25690112,1078857728
LLAMA3.1-8B--KVChime-EPIC-shared-readers-B1,F4,decode,all,9,4096,1053163520,25821184,1078988800
LLAMA3.1-8B--KVChime-EPIC-shared-readers-B1,F4,decode,all,10,4096,1053163520,25952256,1079119872
LLAMA3.1-8B--KVChime-EPIC-shared-readers-B1,F4,decode,all,11,4096,1053163520,26083328,1079250944
LLAMA3.1-8B--KVChime-EPIC-shared-readers-B1,F4,decode,all,12,4096,1053163520,26214400,1079382016
LLAMA3.1-8B--KVChime-EPIC-shared-readers-B1,F4,decode,all,13,4096,1053163520,26345472,1079513088
LLAMA3.1-8B--KVChime-EPIC-shared-readers-B1,F4,decode,all,14,4096,1053163520,26476544,1079644160
LLAMA3.1-8B--KVChime-EPIC-shared-readers-B1,F4,decode,all,15,4096,1053163520,26607616,1079775232
LLAMA3.1-8B--KVChime-EPIC-shared-readers-B2,F0,prefill,0,0,65822720,0,0,65822720
LLAMA3.1-8B--KVChime-EPIC-shared-readers-B2,F0,prefill,1,0,131645440,0,0,131645440
LLAMA3.1-8B--KVChime-EPIC-shared-readers-B2,F0,prefill,2,0,197468160,0,0,197468160
LLAMA3.1-8B--KVChime-EPIC-shared-readers-B2,F0,prefill,3,0,263290880,0,0,263290880
LLAMA3.1-8B--KVChime-EPIC-shared-readers-B2,F0,prefill,4,0,329113600,0,0,329113600
LLAMA3.1-8B--KVChime-EPIC-shared-readers-B2,F0,prefill,5,0,394936320,0,0,394936320
LLAMA3.1-8B--KVChime-EPIC-shared-readers-B2,F0,prefill,6,0,460759040,0,0,460759040
LLAMA3.1-8B--KVChime-EPIC-shared-readers-B2,F0,prefill,7,0,526581760,0,0,526581760
LLAMA3.1-8B--KVChime-EPIC-shared-readers-B2,F0,prefill,8,0,592404480,0,0,592404480
LLAMA3.1-8B--KVChime-EPIC-shared-readers-B2,F0,prefill,9,0,658227200,0,0,658227200
LLAMA3.1-8B--KVChime-EPIC-shared-readers-B2,F0,prefill,10,0,724049920,0,0,724049920
LLAMA3.1-8B--KVChime-EPIC-shared-readers-B2,F0,prefill,11,0,789872640,0,0,789872640
LLAMA3.1-8B--KVChime-EPIC-shared-readers-B2,F0,prefill,12,0,855695360,0,0,855695360
LLAMA3.1-8B--KVChime-EPIC-shared-readers-B2,F0,prefill,13,0,921518080,0,0,921518080
LLAMA3.1-8B--KVChime-EPIC-shared-readers-B2,F0,prefill,14,0,987340800,0,0,987340800
LLAMA3.1-8B--KVChime-EPIC-shared-readers-B2,F0,prefill,15,0,1053163520,0,0,1053163520
LLAMA3.1-8B--KVChime-EPIC-shared-readers-B2,F0,prefill,16,0,1118986240,0,0,1118986240
LLAMA3.1-8B--KVChime-EPIC-shared-readers-B2,F0,prefill,17,0,1184808960,0,0,1184808960
LLAMA3.1-8B--KVChime-EPIC-shared-readers-B2,F0,prefill,18,0,1250631680,0,0,1250631680
LLAMA3.1-8B--KVChime-EPIC-shared-readers-B2,F0,prefill,19,0,1316454400,0,0,1316454400
LLAMA3.1-8B--KVChime-EPIC-shared-readers-B2,F0,prefill,20,0,1382277120,0,0,1382277120
LLAMA3.1-8B--KVChime-EPIC-shared-readers-B2,F0,prefill,21,0,1448099840,0,0,1448099840
LLAMA3.1-8B--KVChime-EPIC-shared-readers-B2,F0,prefill,22,0,1513922560,0,0,1513922560
LLAMA3.1-8B--KVChime-EPIC-shared-readers-B2,F0,prefill,23,0,1579745280,0,0,1579745280
LLAMA3.1-8B--KVChime-EPIC-shared-readers-B2,F0,prefill,24,0,1645568000,0,0,1645568000
LLAMA3.1-8B--KVChime-EPIC-shared-readers-B2,F0,prefill,25,0,1711390720,0,0,1711390720
LLAMA3.1-8B--KVChime-EPIC-shared-readers-B2,F0,prefill,26,0,1777213440,0,0,1777213440
LLAMA3.1-8B--KVChime-EPIC-shared-readers-B2,F0,prefill,27,0,1843036160,0,0,1843036160
LLAMA3.1-8B--KVChime-EPIC-shared-readers-B2,F0,prefill,28,0,1908858880,0,0,1908858880
LLAMA3.1-8B--KVChime-EPIC-shared-readers-B2,F0,prefill,29,0,1974681600,0,0,1974681600
LLAMA3.1-8B--KVChime-EPIC-shared-readers-B2,F0,prefill,30,0,2040504320,0,0,2040504320
LLAMA3.1-8B--KVChime-EPIC-shared-readers-B2,F0,prefill,31,0,2106327040,0,0,2106327040
LLAMA3.1-8B--KVChime-EPIC-shared-readers-B2,F0,decode,all,1,2106589184,0,0,2106589184
LLAMA3.1-8B--KVChime-EPIC-shared-readers-B2,F0,decode,all,2,2106851328,0,0,2106851328
LLAMA3.1-8B--KVChime-EPIC-shared-readers-B2,F0,decode,all,3,2107113472,0,0,2107113472
LLAMA3.1-8B--KVChime-EPIC-shared-readers-B2,F0,decode,all,4,2107375616,0,0,2107375616
LLAMA3.1-8B--KVChime-EPIC-shared-readers-B2,F0,decode,all,5,2107637760,0,0,2107637760
LLAMA3.1-8B--KVChime-EPIC-shared-readers-B2,F0,decode,all,6,2107899904,0,0,2107899904
LLAMA3.1-8B--KVChime-EPIC-shared-readers-B2,F0,decode,all,7,2108162048,0,0,2108162048
LLAMA3.1-8B--KVChime-EPIC-shared-readers-B2,F0,decode,all,8,2108424192,0,0,2108424192
LLAMA3.1-8B--KVChime-EPIC-shared-readers-B2,F0,decode,all,9,2108686336,0,0,2108686336
LLAMA3.1-8B--KVChime-EPIC-shared-readers-B2,F0,decode,all,10,2108948480,0,0,2108948480
LLAMA3.1-8B--KVChime-EPIC-shared-readers-B2,F0,decode,all,11,2109210624,0,0,2109210624
LLAMA3.1-8B--KVChime-EPIC-shared-readers-B2,F0,decode,all,12,2109472768,0,0,2109472768
LLAMA3.1-8B--KVChime-EPIC-shared-readers-B2,F0,decode,all,13,2109734912,0,0,2109734912
LLAMA3.1-8B--KVChime-EPIC-shared-readers-B2,F0,decode,all,14,2109997056,0,0,2109997056
LLAMA3.1-8B--KVChime-EPIC-shared-readers-B2,F0,decode,all,15,2110259200,0,0,2110259200
LLAMA3.1-8B--KVChime-EPIC-shared-readers-B2,F1,prefill,0,0,65822720,1054736384,0,1120559104
LLAMA3.1-8B--KVChime-EPIC-shared-readers-B2,F1,prefill,1,0,131645440,1054736384,0,1186381824
LLAMA3.1-8B--KVChime-EPIC-shared-readers-B2,F1,prefill,2,0,197468160,1054736384,0,1252204544
LLAMA3.1-8B--KVChime-EPIC-shared-readers-B2,F1,prefill,3,0,263290880,1054736384,0,1318027264
LLAMA3.1-8B--KVChime-EPIC-shared-readers-B2,F1,prefill,4,0,329113600,1054736384,0,1383849984
LLAMA3.1-8B--KVChime-EPIC-shared-readers-B2,F1,prefill,5,0,394936320,1054736384,0,1449672704
LLAMA3.1-8B--KVChime-EPIC-shared-readers-B2,F1,prefill,6,0,460759040,1054736384,0,1515495424
LLAMA3.1-8B--KVChime-EPIC-shared-readers-B2,F1,prefill,7,0,526581760,1054736384,0,1581318144
LLAMA3.1-8B--KVChime-EPIC-shared-readers-B2,F1,prefill,8,0,592404480,1054736384,0,1647140864
LLAMA3.1-8B--KVChime-EPIC-shared-readers-B2,F1,prefill,9,0,658227200,1054736384,0,1712963584
LLAMA3.1-8B--KVChime-EPIC-shared-readers-B2,F1,prefill,10,0,724049920,1054736384,0,1778786304
LLAMA3.1-8B--KVChime-EPIC-shared-readers-B2,F1,prefill,11,0,789872640,1054736384,0,1844609024
LLAMA3.1-8B--KVChime-EPIC-shared-readers-B2,F1,prefill,12,0,855695360,1054736384,0,1910431744
LLAMA3.1-8B--KVChime-EPIC-shared-readers-B2,F1,prefill,13,0,921518080,1054736384,0,1976254464
LLAMA3.1-8B--KVChime-EPIC-shared-readers-B2,F1,prefill,14,0,987340800,1054736384,0,2042077184
LLAMA3.1-8B--KVChime-EPIC-shared-readers-B2,F1,prefill,15,0,1053163520,1054736384,0,2107899904
LLAMA3.1-8B--KVChime-EPIC-shared-readers-B2,F1,prefill,16,0,1118986240,1054736384,0,2173722624
LLAMA3.1-8B--KVChime-EPIC-shared-readers-B2,F1,prefill,17,0,1184808960,1054736384,0,2239545344
LLAMA3.1-8B--KVChime-EPIC-shared-readers-B2,F1,prefill,18,0,1250631680,1054736384,0,2305368064
LLAMA3.1-8B--KVChime-EPIC-shared-readers-B2,F1,prefill,19,0,1316454400,1054736384,0,2371190784
LLAMA3.1-8B--KVChime-EPIC-shared-readers-B2,F1,prefill,20,0,1382277120,1054736384,0,2437013504
LLAMA3.1-8B--KVChime-EPIC-shared-readers-B2,F1,prefill,21,0,1448099840,1054736384,0,2502836224
LLAMA3.1-8B--KVChime-EPIC-shared-readers-B2,F1,prefill,22,0,1513922560,1054736384,0,2568658944
LLAMA3.1-8B--KVChime-EPIC-shared-readers-B2,F1,prefill,23,0,1579745280,1054736384,0,2634481664
LLAMA3.1-8B--KVChime-EPIC-shared-readers-B2,F1,prefill,24,0,1645568000,1054736384,0,2700304384
LLAMA3.1-8B--KVChime-EPIC-shared-readers-B2,F1,prefill,25,0,1711390720,1054736384,0,2766127104
LLAMA3.1-8B--KVChime-EPIC-shared-readers-B2,F1,prefill,26,0,1777213440,1054736384,0,2831949824
LLAMA3.1-8B--KVChime-EPIC-shared-readers-B2,F1,prefill,27,0,1843036160,1054736384,0,2897772544
LLAMA3.1-8B--KVChime-EPIC-shared-readers-B2,F1,prefill,28,0,1908858880,1054736384,0,2963595264
LLAMA3.1-8B--KVChime-EPIC-shared-readers-B2,F1,prefill,29,0,1974681600,1054736384,0,3029417984
LLAMA3.1-8B--KVChime-EPIC-shared-readers-B2,F1,prefill,30,0,2040504320,1054736384,0,3095240704
LLAMA3.1-8B--KVChime-EPIC-shared-readers-B2,F1,prefill,31,0,2106327040,1054736384,0,3161063424
LLAMA3.1-8B--KVChime-EPIC-shared-readers-B2,F1,decode,all,1,2106589184,1054736384,0,3161325568
LLAMA3.1-8B--KVChime-EPIC-shared-readers-B2,F1,decode,all,2,2106851328,1054736384,0,3161587712
LLAMA3.1-8B--KVChime-EPIC-shared-readers-B2,F1,decode,all,3,2107113472,1054736384,0,3161849856
LLAMA3.1-8B--KVChime-EPIC-shared-readers-B2,F1,decode,all,4,2107375616,1054736384,0,3162112000
LLAMA3.1-8B--KVChime-EPIC-shared-readers-B2,F1,decode,all,5,2107637760,1054736384,0,3162374144
LLAMA3.1-8B--KVChime-EPIC-shared-readers-B2,F1,decode,all,6,2107899904,1054736384,0,3162636288
LLAMA3.1-8B--KVChime-EPIC-shared-readers-B2,F1,decode,all,7,2108162048,1054736384,0,3162898432
LLAMA3.1-8B--KVChime-EPIC-shared-readers-B2,F1,decode,all,8,2108424192,1054736384,0,3163160576
LLAMA3.1-8B--KVChime-EPIC-shared-readers-B2,F1,decode,all,9,2108686336,1054736384,0,3163422720
LLAMA3.1-8B--KVChime-EPIC-shared-readers-B2,F1,decode,all,10,2108948480,1054736384,0,3163684864
LLAMA3.1-8B--KVChime-EPIC-shared-readers-B2,F1,decode,all,11,2109210624,1054736384,0,3163947008
LLAMA3.1-8B--KVChime-EPIC-shared-readers-B2,F1,decode,all,12,2109472768,1054736384,0,3164209152
LLAMA3.1-8B--KVChime-EPIC-shared-readers-B2,F1,decode,all,13,2109734912,1054736384,0,3164471296
LLAMA3.1-8B--KVChime-EPIC-shared-readers-B2,F1,decode,all,14,2109997056,1054736384,0,3164733440
LLAMA3.1-8B--KVChime-EPIC-shared-readers-B2,F1,decode,all,15,2110259200,1054736384,0,3164995584
LLAMA3.1-8B--KVChime-EPIC-shared-readers-B2,F2,prefill,0,0,65822720,1054736384,65822720,1186381824
LLAMA3.1-8B--KVChime-EPIC-shared-readers-B2,F2,prefill,1,0,65822720,1054736384,131645440,1252204544
LLAMA3.1-8B--KVChime-EPIC-shared-readers-B2,F2,prefill,2,0,65822720,1054736384,197468160,1318027264
LLAMA3.1-8B--KVChime-EPIC-shared-readers-B2,F2,prefill,3,0,65822720,1054736384,263290880,1383849984
LLAMA3.1-8B--KVChime-EPIC-shared-readers-B2,F2,prefill,4,0,65822720,1054736384,329113600,1449672704
LLAMA3.1-8B--KVChime-EPIC-shared-readers-B2,F2,prefill,5,0,65822720,1054736384,394936320,1515495424
LLAMA3.1-8B--KVChime-EPIC-shared-readers-B2,F2,prefill,6,0,65822720,1054736384,460759040,1581318144
LLAMA3.1-8B--KVChime-EPIC-shared-readers-B2,F2,prefill,7,0,65822720,1054736384,526581760,1647140864
LLAMA3.1-8B--KVChime-EPIC-shared-readers-B2,F2,prefill,8,0,65822720,1054736384,592404480,1712963584
LLAMA3.1-8B--KVChime-EPIC-shared-readers-B2,F2,prefill,9,0,65822720,1054736384,658227200,1778786304
LLAMA3.1-8B--KVChime-EPIC-shared-readers-B2,F2,prefill,10,0,65822720,1054736384,724049920,1844609024
LLAMA3.1-8B--KVChime-EPIC-shared-readers-B2,F2,prefill,11,0,65822720,1054736384,789872640,1910431744
LLAMA3.1-8B--KVChime-EPIC-shared-readers-B2,F2,prefill,12,0,65822720,1054736384,855695360,1976254464
LLAMA3.1-8B--KVChime-EPIC-shared-readers-B2,F2,prefill,13,0,65822720,1054736384,921518080,2042077184
LLAMA3.1-8B--KVChime-EPIC-shared-readers-B2,F2,prefill,14,0,65822720,1054736384,987340800,2107899904
LLAMA3.1-8B--KVChime-EPIC-shared-readers-B2,F2,prefill,15,0,65822720,1054736384,1053163520,2173722624
LLAMA3.1-8B--KVChime-EPIC-shared-readers-B2,F2,prefill,16,0,65822720,1054736384,1118986240,2239545344
LLAMA3.1-8B--KVChime-EPIC-shared-readers-B2,F2,prefill,17,0,65822720,1054736384,1184808960,2305368064
LLAMA3.1-8B--KVChime-EPIC-shared-readers-B2,F2,prefill,18,0,65822720,1054736384,1250631680,2371190784
LLAMA3.1-8B--KVChime-EPIC-shared-readers-B2,F2,prefill,19,0,65822720,1054736384,1316454400,2437013504
LLAMA3.1-8B--KVChime-EPIC-shared-readers-B2,F2,prefill,20,0,65822720,1054736384,1382277120,2502836224
LLAMA3.1-8B--KVChime-EPIC-shared-readers-B2,F2,prefill,21,0,65822720,1054736384,1448099840,2568658944
LLAMA3.1-8B--KVChime-EPIC-shared-readers-B2,F2,prefill,22,0,65822720,1054736384,1513922560,2634481664
LLAMA3.1-8B--KVChime-EPIC-shared-readers-B2,F2,prefill,23,0,65822720,1054736384,1579745280,2700304384
LLAMA3.1-8B--KVChime-EPIC-shared-readers-B2,F2,prefill,24,0,65822720,1054736384,1645568000,2766127104
LLAMA3.1-8B--KVChime-EPIC-shared-readers-B2,F2,prefill,25,0,65822720,1054736384,1711390720,2831949824
LLAMA3.1-8B--KVChime-EPIC-shared-readers-B2,F2,prefill,26,0,65822720,1054736384,1777213440,2897772544
LLAMA3.1-8B--KVChime-EPIC-shared-readers-B2,F2,prefill,27,0,65822720,1054736384,1843036160,2963595264
LLAMA3.1-8B--KVChime-EPIC-shared-readers-B2,F2,prefill,28,0,65822720,1054736384,1908858880,3029417984
LLAMA3.1-8B--KVChime-EPIC-shared-readers-B2,F2,prefill,29,0,65822720,1054736384,1974681600,3095240704
LLAMA3.1-8B--KVChime-EPIC-shared-readers-B2,F2,prefill,30,0,65822720,1054736384,2040504320,3161063424
LLAMA3.1-8B--KVChime-EPIC-shared-readers-B2,F2,prefill,31,0,65822720,1054736384,2106327040,3226886144
LLAMA3.1-8B--KVChime-EPIC-shared-readers-B2,F2,decode,all,1,8192,1054736384,2106589184,3161333760
LLAMA3.1-8B--KVChime-EPIC-shared-readers-B2,F2,decode,all,2,8192,1054736384,2106851328,3161595904
LLAMA3.1-8B--KVChime-EPIC-shared-readers-B2,F2,decode,all,3,8192,1054736384,2107113472,3161858048
LLAMA3.1-8B--KVChime-EPIC-shared-readers-B2,F2,decode,all,4,8192,1054736384,2107375616,3162120192
LLAMA3.1-8B--KVChime-EPIC-shared-readers-B2,F2,decode,all,5,8192,1054736384,2107637760,3162382336
LLAMA3.1-8B--KVChime-EPIC-shared-readers-B2,F2,decode,all,6,8192,1054736384,2107899904,3162644480
LLAMA3.1-8B--KVChime-EPIC-shared-readers-B2,F2,decode,all,7,8192,1054736384,2108162048,3162906624
LLAMA3.1-8B--KVChime-EPIC-shared-readers-B2,F2,decode,all,8,8192,1054736384,2108424192,3163168768
LLAMA3.1-8B--KVChime-EPIC-shared-readers-B2,F2,decode,all,9,8192,1054736384,2108686336,3163430912
LLAMA3.1-8B--KVChime-EPIC-shared-readers-B2,F2,decode,all,10,8192,1054736384,2108948480,3163693056
LLAMA3.1-8B--KVChime-EPIC-shared-readers-B2,F2,decode,all,11,8192,1054736384,2109210624,3163955200
LLAMA3.1-8B--KVChime-EPIC-shared-readers-B2,F2,decode,all,12,8192,1054736384,2109472768,3164217344
LLAMA3.1-8B--KVChime-EPIC-shared-readers-B2,F2,decode,all,13,8192,1054736384,2109734912,3164479488
LLAMA3.1-8B--KVChime-EPIC-shared-readers-B2,F2,decode,all,14,8192,1054736384,2109997056,3164741632
LLAMA3.1-8B--KVChime-EPIC-shared-readers-B2,F2,decode,all,15,8192,1054736384,2110259200,3165003776
LLAMA3.1-8B--KVChime-EPIC-shared-readers-B2,F3,prefill,0,0,65822720,1054736384,1540096,1122099200
LLAMA3.1-8B--KVChime-EPIC-shared-readers-B2,F3,prefill,1,0,65822720,1054736384,3080192,1123639296
LLAMA3.1-8B--KVChime-EPIC-shared-readers-B2,F3,prefill,2,0,65822720,1054736384,4620288,1125179392
LLAMA3.1-8B--KVChime-EPIC-shared-readers-B2,F3,prefill,3,0,65822720,1054736384,6160384,1126719488
LLAMA3.1-8B--KVChime-EPIC-shared-readers-B2,F3,prefill,4,0,65822720,1054736384,7700480,1128259584
LLAMA3.1-8B--KVChime-EPIC-shared-readers-B2,F3,prefill,5,0,65822720,1054736384,9240576,1129799680
LLAMA3.1-8B--KVChime-EPIC-shared-readers-B2,F3,prefill,6,0,65822720,1054736384,10780672,1131339776
LLAMA3.1-8B--KVChime-EPIC-shared-readers-B2,F3,prefill,7,0,65822720,1054736384,12320768,1132879872
LLAMA3.1-8B--KVChime-EPIC-shared-readers-B2,F3,prefill,8,0,65822720,1054736384,13860864,1134419968
LLAMA3.1-8B--KVChime-EPIC-shared-readers-B2,F3,prefill,9,0,65822720,1054736384,15400960,1135960064
LLAMA3.1-8B--KVChime-EPIC-shared-readers-B2,F3,prefill,10,0,65822720,1054736384,16941056,1137500160
LLAMA3.1-8B--KVChime-EPIC-shared-readers-B2,F3,prefill,11,0,65822720,1054736384,18481152,1139040256
LLAMA3.1-8B--KVChime-EPIC-shared-readers-B2,F3,prefill,12,0,65822720,1054736384,20021248,1140580352
LLAMA3.1-8B--KVChime-EPIC-shared-readers-B2,F3,prefill,13,0,65822720,1054736384,21561344,1142120448
LLAMA3.1-8B--KVChime-EPIC-shared-readers-B2,F3,prefill,14,0,65822720,1054736384,23101440,1143660544
LLAMA3.1-8B--KVChime-EPIC-shared-readers-B2,F3,prefill,15,0,65822720,1054736384,24641536,1145200640
LLAMA3.1-8B--KVChime-EPIC-shared-readers-B2,F3,prefill,16,0,65822720,1054736384,26181632,1146740736
LLAMA3.1-8B--KVChime-EPIC-shared-readers-B2,F3,prefill,17,0,65822720,1054736384,27721728,1148280832
LLAMA3.1-8B--KVChime-EPIC-shared-readers-B2,F3,prefill,18,0,65822720,1054736384,29261824,1149820928
LLAMA3.1-8B--KVChime-EPIC-shared-readers-B2,F3,prefill,19,0,65822720,1054736384,30801920,1151361024
LLAMA3.1-8B--KVChime-EPIC-shared-readers-B2,F3,prefill,20,0,65822720,1054736384,32342016,1152901120
LLAMA3.1-8B--KVChime-EPIC-shared-readers-B2,F3,prefill,21,0,65822720,1054736384,33882112,1154441216
LLAMA3.1-8B--KVChime-EPIC-shared-readers-B2,F3,prefill,22,0,65822720,1054736384,35422208,1155981312
LLAMA3.1-8B--KVChime-EPIC-shared-readers-B2,F3,prefill,23,0,65822720,1054736384,36962304,1157521408
LLAMA3.1-8B--KVChime-EPIC-shared-readers-B2,F3,prefill,24,0,65822720,1054736384,38502400,1159061504
LLAMA3.1-8B--KVChime-EPIC-shared-readers-B2,F3,prefill,25,0,65822720,1054736384,40042496,1160601600
LLAMA3.1-8B--KVChime-EPIC-shared-readers-B2,F3,prefill,26,0,65822720,1054736384,41582592,1162141696
LLAMA3.1-8B--KVChime-EPIC-shared-readers-B2,F3,prefill,27,0,65822720,1054736384,43122688,1163681792
LLAMA3.1-8B--KVChime-EPIC-shared-readers-B2,F3,prefill,28,0,65822720,1054736384,44662784,1165221888
LLAMA3.1-8B--KVChime-EPIC-shared-readers-B2,F3,prefill,29,0,65822720,1054736384,46202880,1166761984
LLAMA3.1-8B--KVChime-EPIC-shared-readers-B2,F3,prefill,30,0,65822720,1054736384,47742976,1168302080
LLAMA3.1-8B--KVChime-EPIC-shared-readers-B2,F3,prefill,31,0,65822720,1054736384,49283072,1169842176
LLAMA3.1-8B--KVChime-EPIC-shared-readers-B2,F3,decode,all,1,8192,1054736384,49545216,1104289792
LLAMA3.1-8B--KVChime-EPIC-shared-readers-B2,F3,decode,all,2,8192,1054736384,49807360,1104551936
LLAMA3.1-8B--KVChime-EPIC-shared-readers-B2,F3,decode,all,3,8192,1054736384,50069504,1104814080
LLAMA3.1-8B--KVChime-EPIC-shared-readers-B2,F3,decode,all,4,8192,1054736384,50331648,1105076224
LLAMA3.1-8B--KVChime-EPIC-shared-readers-B2,F3,decode,all,5,8192,1054736384,50593792,1105338368
LLAMA3.1-8B--KVChime-EPIC-shared-readers-B2,F3,decode,all,6,8192,1054736384,50855936,1105600512
LLAMA3.1-8B--KVChime-EPIC-shared-readers-B2,F3,decode,all,7,8192,1054736384,51118080,1105862656
LLAMA3.1-8B--KVChime-EPIC-shared-readers-B2,F3,decode,all,8,8192,1054736384,51380224,1106124800
LLAMA3.1-8B--KVChime-EPIC-shared-readers-B2,F3,decode,all,9,8192,1054736384,51642368,1106386944
LLAMA3.1-8B--KVChime-EPIC-shared-readers-B2,F3,decode,all,10,8192,1054736384,51904512,1106649088
LLAMA3.1-8B--KVChime-EPIC-shared-readers-B2,F3,decode,all,11,8192,1054736384,52166656,1106911232
LLAMA3.1-8B--KVChime-EPIC-shared-readers-B2,F3,decode,all,12,8192,1054736384,52428800,1107173376
LLAMA3.1-8B--KVChime-EPIC-shared-readers-B2,F3,decode,all,13,8192,1054736384,52690944,1107435520
LLAMA3.1-8B--KVChime-EPIC-shared-readers-B2,F3,decode,all,14,8192,1054736384,52953088,1107697664
LLAMA3.1-8B--KVChime-EPIC-shared-readers-B2,F3,decode,all,15,8192,1054736384,53215232,1107959808
LLAMA3.1-8B--KVChime-EPIC-shared-readers-B2,F4,prefill,0,0,65822720,1054736384,1540096,1122099200
LLAMA3.1-8B--KVChime-EPIC-shared-readers-B2,F4,prefill,1,0,65822720,1054736384,3080192,1123639296
LLAMA3.1-8B--KVChime-EPIC-shared-readers-B2,F4,prefill,2,0,65822720,1054736384,4620288,1125179392
LLAMA3.1-8B--KVChime-EPIC-shared-readers-B2,F4,prefill,3,0,65822720,1054736384,6160384,1126719488
LLAMA3.1-8B--KVChime-EPIC-shared-readers-B2,F4,prefill,4,0,65822720,1054736384,7700480,1128259584
LLAMA3.1-8B--KVChime-EPIC-shared-readers-B2,F4,prefill,5,0,65822720,1054736384,9240576,1129799680
LLAMA3.1-8B--KVChime-EPIC-shared-readers-B2,F4,prefill,6,0,65822720,1054736384,10780672,1131339776
LLAMA3.1-8B--KVChime-EPIC-shared-readers-B2,F4,prefill,7,0,65822720,1054736384,12320768,1132879872
LLAMA3.1-8B--KVChime-EPIC-shared-readers-B2,F4,prefill,8,0,65822720,1054736384,13860864,1134419968
LLAMA3.1-8B--KVChime-EPIC-shared-readers-B2,F4,prefill,9,0,65822720,1054736384,15400960,1135960064
LLAMA3.1-8B--KVChime-EPIC-shared-readers-B2,F4,prefill,10,0,65822720,1054736384,16941056,1137500160
LLAMA3.1-8B--KVChime-EPIC-shared-readers-B2,F4,prefill,11,0,65822720,1054736384,18481152,1139040256
LLAMA3.1-8B--KVChime-EPIC-shared-readers-B2,F4,prefill,12,0,65822720,1054736384,20021248,1140580352
LLAMA3.1-8B--KVChime-EPIC-shared-readers-B2,F4,prefill,13,0,65822720,1054736384,21561344,1142120448
LLAMA3.1-8B--KVChime-EPIC-shared-readers-B2,F4,prefill,14,0,65822720,1054736384,23101440,1143660544
LLAMA3.1-8B--KVChime-EPIC-shared-readers-B2,F4,prefill,15,0,65822720,1054736384,24641536,1145200640
LLAMA3.1-8B--KVChime-EPIC-shared-readers-B2,F4,prefill,16,0,65822720,1054736384,26181632,1146740736
LLAMA3.1-8B--KVChime-EPIC-shared-readers-B2,F4,prefill,17,0,65822720,1054736384,27721728,1148280832
LLAMA3.1-8B--KVChime-EPIC-shared-readers-B2,F4,prefill,18,0,65822720,1054736384,29261824,1149820928
LLAMA3.1-8B--KVChime-EPIC-shared-readers-B2,F4,prefill,19,0,65822720,1054736384,30801920,1151361024
LLAMA3.1-8B--KVChime-EPIC-shared-readers-B2,F4,prefill,20,0,65822720,1054736384,32342016,1152901120
LLAMA3.1-8B--KVChime-EPIC-shared-readers-B2,F4,prefill,21,0,65822720,1054736384,33882112,1154441216
LLAMA3.1-8B--KVChime-EPIC-shared-readers-B2,F4,prefill,22,0,65822720,1054736384,35422208,1155981312
LLAMA3.1-8B--KVChime-EPIC-shared-readers-B2,F4,prefill,23,0,65822720,1054736384,36962304,1157521408
LLAMA3.1-8B--KVChime-EPIC-shared-readers-B2,F4,prefill,24,0,65822720,1054736384,38502400,1159061504
LLAMA3.1-8B--KVChime-EPIC-shared-readers-B2,F4,prefill,25,0,65822720,1054736384,40042496,1160601600
LLAMA3.1-8B--KVChime-EPIC-shared-readers-B2,F4,prefill,26,0,65822720,1054736384,41582592,1162141696
LLAMA3.1-8B--KVChime-EPIC-shared-readers-B2,F4,prefill,27,0,65822720,1054736384,43122688,1163681792
LLAMA3.1-8B--KVChime-EPIC-shared-readers-B2,F4,prefill,28,0,65822720,1054736384,44662784,1165221888
LLAMA3.1-8B--KVChime-EPIC-shared-readers-B2,F4,prefill,29,0,65822720,1054736384,46202880,1166761984
LLAMA3.1-8B--KVChime-EPIC-shared-readers-B2,F4,prefill,30,0,65822720,1054736384,47742976,1168302080
LLAMA3.1-8B--KVChime-EPIC-shared-readers-B2,F4,prefill,31,0,65822720,1054736384,49283072,1169842176
LLAMA3.1-8B--KVChime-EPIC-shared-readers-B2,F4,decode,all,1,8192,1054736384,49545216,1104289792
LLAMA3.1-8B--KVChime-EPIC-shared-readers-B2,F4,decode,all,2,8192,1054736384,49807360,1104551936
LLAMA3.1-8B--KVChime-EPIC-shared-readers-B2,F4,decode,all,3,8192,1054736384,50069504,1104814080
LLAMA3.1-8B--KVChime-EPIC-shared-readers-B2,F4,decode,all,4,8192,1054736384,50331648,1105076224
LLAMA3.1-8B--KVChime-EPIC-shared-readers-B2,F4,decode,all,5,8192,1054736384,50593792,1105338368
LLAMA3.1-8B--KVChime-EPIC-shared-readers-B2,F4,decode,all,6,8192,1054736384,50855936,1105600512
LLAMA3.1-8B--KVChime-EPIC-shared-readers-B2,F4,decode,all,7,8192,1054736384,51118080,1105862656
LLAMA3.1-8B--KVChime-EPIC-shared-readers-B2,F4,decode,all,8,8192,1054736384,51380224,1106124800
LLAMA3.1-8B--KVChime-EPIC-shared-readers-B2,F4,decode,all,9,8192,1054736384,51642368,1106386944
LLAMA3.1-8B--KVChime-EPIC-shared-readers-B2,F4,decode,all,10,8192,1054736384,51904512,1106649088
LLAMA3.1-8B--KVChime-EPIC-shared-readers-B2,F4,decode,all,11,8192,1054736384,52166656,1106911232
LLAMA3.1-8B--KVChime-EPIC-shared-readers-B2,F4,decode,all,12,8192,1054736384,52428800,1107173376
LLAMA3.1-8B--KVChime-EPIC-shared-readers-B2,F4,decode,all,13,8192,1054736384,52690944,1107435520
LLAMA3.1-8B--KVChime-EPIC-shared-readers-B2,F4,decode,all,14,8192,1054736384,52953088,1107697664
LLAMA3.1-8B--KVChime-EPIC-shared-readers-B2,F4,decode,all,15,8192,1054736384,53215232,1107959808
LLAMA3.1-8B--KVChime-EPIC-shared-readers-B4,F0,prefill,0,0,131645440,0,0,131645440
LLAMA3.1-8B--KVChime-EPIC-shared-readers-B4,F0,prefill,1,0,263290880,0,0,263290880
LLAMA3.1-8B--KVChime-EPIC-shared-readers-B4,F0,prefill,2,0,394936320,0,0,394936320
LLAMA3.1-8B--KVChime-EPIC-shared-readers-B4,F0,prefill,3,0,526581760,0,0,526581760
LLAMA3.1-8B--KVChime-EPIC-shared-readers-B4,F0,prefill,4,0,658227200,0,0,658227200
LLAMA3.1-8B--KVChime-EPIC-shared-readers-B4,F0,prefill,5,0,789872640,0,0,789872640
LLAMA3.1-8B--KVChime-EPIC-shared-readers-B4,F0,prefill,6,0,921518080,0,0,921518080
LLAMA3.1-8B--KVChime-EPIC-shared-readers-B4,F0,prefill,7,0,1053163520,0,0,1053163520
LLAMA3.1-8B--KVChime-EPIC-shared-readers-B4,F0,prefill,8,0,1184808960,0,0,1184808960
LLAMA3.1-8B--KVChime-EPIC-shared-readers-B4,F0,prefill,9,0,1316454400,0,0,1316454400
LLAMA3.1-8B--KVChime-EPIC-shared-readers-B4,F0,prefill,10,0,1448099840,0,0,1448099840
LLAMA3.1-8B--KVChime-EPIC-shared-readers-B4,F0,prefill,11,0,1579745280,0,0,1579745280
LLAMA3.1-8B--KVChime-EPIC-shared-readers-B4,F0,prefill,12,0,1711390720,0,0,1711390720
LLAMA3.1-8B--KVChime-EPIC-shared-readers-B4,F0,prefill,13,0,1843036160,0,0,1843036160
LLAMA3.1-8B--KVChime-EPIC-shared-readers-B4,F0,prefill,14,0,1974681600,0,0,1974681600
LLAMA3.1-8B--KVChime-EPIC-shared-readers-B4,F0,prefill,15,0,2106327040,0,0,2106327040
LLAMA3.1-8B--KVChime-EPIC-shared-readers-B4,F0,prefill,16,0,2237972480,0,0,2237972480
LLAMA3.1-8B--KVChime-EPIC-shared-readers-B4,F0,prefill,17,0,2369617920,0,0,2369617920
LLAMA3.1-8B--KVChime-EPIC-shared-readers-B4,F0,prefill,18,0,2501263360,0,0,2501263360
LLAMA3.1-8B--KVChime-EPIC-shared-readers-B4,F0,prefill,19,0,2632908800,0,0,2632908800
LLAMA3.1-8B--KVChime-EPIC-shared-readers-B4,F0,prefill,20,0,2764554240,0,0,2764554240
LLAMA3.1-8B--KVChime-EPIC-shared-readers-B4,F0,prefill,21,0,2896199680,0,0,2896199680
LLAMA3.1-8B--KVChime-EPIC-shared-readers-B4,F0,prefill,22,0,3027845120,0,0,3027845120
LLAMA3.1-8B--KVChime-EPIC-shared-readers-B4,F0,prefill,23,0,3159490560,0,0,3159490560
LLAMA3.1-8B--KVChime-EPIC-shared-readers-B4,F0,prefill,24,0,3291136000,0,0,3291136000
LLAMA3.1-8B--KVChime-EPIC-shared-readers-B4,F0,prefill,25,0,3422781440,0,0,3422781440
LLAMA3.1-8B--KVChime-EPIC-shared-readers-B4,F0,prefill,26,0,3554426880,0,0,3554426880
LLAMA3.1-8B--KVChime-EPIC-shared-readers-B4,F0,prefill,27,0,3686072320,0,0,3686072320
LLAMA3.1-8B--KVChime-EPIC-shared-readers-B4,F0,prefill,28,0,3817717760,0,0,3817717760
LLAMA3.1-8B--KVChime-EPIC-shared-readers-B4,F0,prefill,29,0,3949363200,0,0,3949363200
LLAMA3.1-8B--KVChime-EPIC-shared-readers-B4,F0,prefill,30,0,4081008640,0,0,4081008640
LLAMA3.1-8B--KVChime-EPIC-shared-readers-B4,F0,prefill,31,0,4212654080,0,0,4212654080
LLAMA3.1-8B--KVChime-EPIC-shared-readers-B4,F0,decode,all,1,4213178368,0,0,4213178368
LLAMA3.1-8B--KVChime-EPIC-shared-readers-B4,F0,decode,all,2,4213702656,0,0,4213702656
LLAMA3.1-8B--KVChime-EPIC-shared-readers-B4,F0,decode,all,3,4214226944,0,0,4214226944
LLAMA3.1-8B--KVChime-EPIC-shared-readers-B4,F0,decode,all,4,4214751232,0,0,4214751232
LLAMA3.1-8B--KVChime-EPIC-shared-readers-B4,F0,decode,all,5,4215275520,0,0,4215275520
LLAMA3.1-8B--KVChime-EPIC-shared-readers-B4,F0,decode,all,6,4215799808,0,0,4215799808
LLAMA3.1-8B--KVChime-EPIC-shared-readers-B4,F0,decode,all,7,4216324096,0,0,4216324096
LLAMA3.1-8B--KVChime-EPIC-shared-readers-B4,F0,decode,all,8,4216848384,0,0,4216848384
LLAMA3.1-8B--KVChime-EPIC-shared-readers-B4,F0,decode,all,9,4217372672,0,0,4217372672
LLAMA3.1-8B--KVChime-EPIC-shared-readers-B4,F0,decode,all,10,4217896960,0,0,4217896960
LLAMA3.1-8B--KVChime-EPIC-shared-readers-B4,F0,decode,all,11,4218421248,0,0,4218421248
LLAMA3.1-8B--KVChime-EPIC-shared-readers-B4,F0,decode,all,12,4218945536,0,0,4218945536
LLAMA3.1-8B--KVChime-EPIC-shared-readers-B4,F0,decode,all,13,4219469824,0,0,4219469824
LLAMA3.1-8B--KVChime-EPIC-shared-readers-B4,F0,decode,all,14,4219994112,0,0,4219994112
LLAMA3.1-8B--KVChime-EPIC-shared-readers-B4,F0,decode,all,15,4220518400,0,0,4220518400
LLAMA3.1-8B--KVChime-EPIC-shared-readers-B4,F1,prefill,0,0,131645440,1057882112,0,1189527552
LLAMA3.1-8B--KVChime-EPIC-shared-readers-B4,F1,prefill,1,0,263290880,1057882112,0,1321172992
LLAMA3.1-8B--KVChime-EPIC-shared-readers-B4,F1,prefill,2,0,394936320,1057882112,0,1452818432
LLAMA3.1-8B--KVChime-EPIC-shared-readers-B4,F1,prefill,3,0,526581760,1057882112,0,1584463872
LLAMA3.1-8B--KVChime-EPIC-shared-readers-B4,F1,prefill,4,0,658227200,1057882112,0,1716109312
LLAMA3.1-8B--KVChime-EPIC-shared-readers-B4,F1,prefill,5,0,789872640,1057882112,0,1847754752
LLAMA3.1-8B--KVChime-EPIC-shared-readers-B4,F1,prefill,6,0,921518080,1057882112,0,1979400192
LLAMA3.1-8B--KVChime-EPIC-shared-readers-B4,F1,prefill,7,0,1053163520,1057882112,0,2111045632
LLAMA3.1-8B--KVChime-EPIC-shared-readers-B4,F1,prefill,8,0,1184808960,1057882112,0,2242691072
LLAMA3.1-8B--KVChime-EPIC-shared-readers-B4,F1,prefill,9,0,1316454400,1057882112,0,2374336512
LLAMA3.1-8B--KVChime-EPIC-shared-readers-B4,F1,prefill,10,0,1448099840,1057882112,0,2505981952
LLAMA3.1-8B--KVChime-EPIC-shared-readers-B4,F1,prefill,11,0,1579745280,1057882112,0,2637627392
LLAMA3.1-8B--KVChime-EPIC-shared-readers-B4,F1,prefill,12,0,1711390720,1057882112,0,2769272832
LLAMA3.1-8B--KVChime-EPIC-shared-readers-B4,F1,prefill,13,0,1843036160,1057882112,0,2900918272
LLAMA3.1-8B--KVChime-EPIC-shared-readers-B4,F1,prefill,14,0,1974681600,1057882112,0,3032563712
LLAMA3.1-8B--KVChime-EPIC-shared-readers-B4,F1,prefill,15,0,2106327040,1057882112,0,3164209152
LLAMA3.1-8B--KVChime-EPIC-shared-readers-B4,F1,prefill,16,0,2237972480,1057882112,0,3295854592
LLAMA3.1-8B--KVChime-EPIC-shared-readers-B4,F1,prefill,17,0,2369617920,1057882112,0,3427500032
LLAMA3.1-8B--KVChime-EPIC-shared-readers-B4,F1,prefill,18,0,2501263360,1057882112,0,3559145472
LLAMA3.1-8B--KVChime-EPIC-shared-readers-B4,F1,prefill,19,0,2632908800,1057882112,0,3690790912
LLAMA3.1-8B--KVChime-EPIC-shared-readers-B4,F1,prefill,20,0,2764554240,1057882112,0,3822436352
LLAMA3.1-8B--KVChime-EPIC-shared-readers-B4,F1,prefill,21,0,2896199680,1057882112,0,3954081792
LLAMA3.1-8B--KVChime-EPIC-shared-readers-B4,F1,prefill,22,0,3027845120,1057882112,0,4085727232
LLAMA3.1-8B--KVChime-EPIC-shared-readers-B4,F1,prefill,23,0,3159490560,1057882112,0,4217372672
LLAMA3.1-8B--KVChime-EPIC-shared-readers-B4,F1,prefill,24,0,3291136000,1057882112,0,4349018112
LLAMA3.1-8B--KVChime-EPIC-shared-readers-B4,F1,prefill,25,0,3422781440,1057882112,0,4480663552
LLAMA3.1-8B--KVChime-EPIC-shared-readers-B4,F1,prefill,26,0,3554426880,1057882112,0,4612308992
LLAMA3.1-8B--KVChime-EPIC-shared-readers-B4,F1,prefill,27,0,3686072320,1057882112,0,4743954432
LLAMA3.1-8B--KVChime-EPIC-shared-readers-B4,F1,prefill,28,0,3817717760,1057882112,0,4875599872
LLAMA3.1-8B--KVChime-EPIC-shared-readers-B4,F1,prefill,29,0,3949363200,1057882112,0,5007245312
LLAMA3.1-8B--KVChime-EPIC-shared-readers-B4,F1,prefill,30,0,4081008640,1057882112,0,5138890752
LLAMA3.1-8B--KVChime-EPIC-shared-readers-B4,F1,prefill,31,0,4212654080,1057882112,0,5270536192
LLAMA3.1-8B--KVChime-EPIC-shared-readers-B4,F1,decode,all,1,4213178368,1057882112,0,5271060480
LLAMA3.1-8B--KVChime-EPIC-shared-readers-B4,F1,decode,all,2,4213702656,1057882112,0,5271584768
LLAMA3.1-8B--KVChime-EPIC-shared-readers-B4,F1,decode,all,3,4214226944,1057882112,0,5272109056
LLAMA3.1-8B--KVChime-EPIC-shared-readers-B4,F1,decode,all,4,4214751232,1057882112,0,5272633344
LLAMA3.1-8B--KVChime-EPIC-shared-readers-B4,F1,decode,all,5,4215275520,1057882112,0,5273157632
LLAMA3.1-8B--KVChime-EPIC-shared-readers-B4,F1,decode,all,6,4215799808,1057882112,0,5273681920
LLAMA3.1-8B--KVChime-EPIC-shared-readers-B4,F1,decode,all,7,4216324096,1057882112,0,5274206208
LLAMA3.1-8B--KVChime-EPIC-shared-readers-B4,F1,decode,all,8,4216848384,1057882112,0,5274730496
LLAMA3.1-8B--KVChime-EPIC-shared-readers-B4,F1,decode,all,9,4217372672,1057882112,0,5275254784
LLAMA3.1-8B--KVChime-EPIC-shared-readers-B4,F1,decode,all,10,4217896960,1057882112,0,5275779072
LLAMA3.1-8B--KVChime-EPIC-shared-readers-B4,F1,decode,all,11,4218421248,1057882112,0,5276303360
LLAMA3.1-8B--KVChime-EPIC-shared-readers-B4,F1,decode,all,12,4218945536,1057882112,0,5276827648
LLAMA3.1-8B--KVChime-EPIC-shared-readers-B4,F1,decode,all,13,4219469824,1057882112,0,5277351936
LLAMA3.1-8B--KVChime-EPIC-shared-readers-B4,F1,decode,all,14,4219994112,1057882112,0,5277876224
LLAMA3.1-8B--KVChime-EPIC-shared-readers-B4,F1,decode,all,15,4220518400,1057882112,0,5278400512
LLAMA3.1-8B--KVChime-EPIC-shared-readers-B4,F2,prefill,0,0,131645440,1057882112,131645440,1321172992
LLAMA3.1-8B--KVChime-EPIC-shared-readers-B4,F2,prefill,1,0,131645440,1057882112,263290880,1452818432
LLAMA3.1-8B--KVChime-EPIC-shared-readers-B4,F2,prefill,2,0,131645440,1057882112,394936320,1584463872
LLAMA3.1-8B--KVChime-EPIC-shared-readers-B4,F2,prefill,3,0,131645440,1057882112,526581760,1716109312
LLAMA3.1-8B--KVChime-EPIC-shared-readers-B4,F2,prefill,4,0,131645440,1057882112,658227200,1847754752
LLAMA3.1-8B--KVChime-EPIC-shared-readers-B4,F2,prefill,5,0,131645440,1057882112,789872640,1979400192
LLAMA3.1-8B--KVChime-EPIC-shared-readers-B4,F2,prefill,6,0,131645440,1057882112,921518080,2111045632
LLAMA3.1-8B--KVChime-EPIC-shared-readers-B4,F2,prefill,7,0,131645440,1057882112,1053163520,2242691072
LLAMA3.1-8B--KVChime-EPIC-shared-readers-B4,F2,prefill,8,0,131645440,1057882112,1184808960,2374336512
LLAMA3.1-8B--KVChime-EPIC-shared-readers-B4,F2,prefill,9,0,131645440,1057882112,1316454400,2505981952
LLAMA3.1-8B--KVChime-EPIC-shared-readers-B4,F2,prefill,10,0,131645440,1057882112,1448099840,2637627392
LLAMA3.1-8B--KVChime-EPIC-shared-readers-B4,F2,prefill,11,0,131645440,1057882112,1579745280,2769272832
LLAMA3.1-8B--KVChime-EPIC-shared-readers-B4,F2,prefill,12,0,131645440,1057882112,1711390720,2900918272
LLAMA3.1-8B--KVChime-EPIC-shared-readers-B4,F2,prefill,13,0,131645440,1057882112,1843036160,3032563712
LLAMA3.1-8B--KVChime-EPIC-shared-readers-B4,F2,prefill,14,0,131645440,1057882112,1974681600,3164209152
LLAMA3.1-8B--KVChime-EPIC-shared-readers-B4,F2,prefill,15,0,131645440,1057882112,2106327040,3295854592
LLAMA3.1-8B--KVChime-EPIC-shared-readers-B4,F2,prefill,16,0,131645440,1057882112,2237972480,3427500032
LLAMA3.1-8B--KVChime-EPIC-shared-readers-B4,F2,prefill,17,0,131645440,1057882112,2369617920,3559145472
LLAMA3.1-8B--KVChime-EPIC-shared-readers-B4,F2,prefill,18,0,131645440,1057882112,2501263360,3690790912
LLAMA3.1-8B--KVChime-EPIC-shared-readers-B4,F2,prefill,19,0,131645440,1057882112,2632908800,3822436352
LLAMA3.1-8B--KVChime-EPIC-shared-readers-B4,F2,prefill,20,0,131645440,1057882112,2764554240,3954081792
LLAMA3.1-8B--KVChime-EPIC-shared-readers-B4,F2,prefill,21,0,131645440,1057882112,2896199680,4085727232
LLAMA3.1-8B--KVChime-EPIC-shared-readers-B4,F2,prefill,22,0,131645440,1057882112,3027845120,4217372672
LLAMA3.1-8B--KVChime-EPIC-shared-readers-B4,F2,prefill,23,0,131645440,1057882112,3159490560,4349018112
LLAMA3.1-8B--KVChime-EPIC-shared-readers-B4,F2,prefill,24,0,131645440,1057882112,3291136000,4480663552
LLAMA3.1-8B--KVChime-EPIC-shared-readers-B4,F2,prefill,25,0,131645440,1057882112,3422781440,4612308992
LLAMA3.1-8B--KVChime-EPIC-shared-readers-B4,F2,prefill,26,0,131645440,1057882112,3554426880,4743954432
LLAMA3.1-8B--KVChime-EPIC-shared-readers-B4,F2,prefill,27,0,131645440,1057882112,3686072320,4875599872
LLAMA3.1-8B--KVChime-EPIC-shared-readers-B4,F2,prefill,28,0,131645440,1057882112,3817717760,5007245312
LLAMA3.1-8B--KVChime-EPIC-shared-readers-B4,F2,prefill,29,0,131645440,1057882112,3949363200,5138890752
LLAMA3.1-8B--KVChime-EPIC-shared-readers-B4,F2,prefill,30,0,131645440,1057882112,4081008640,5270536192
LLAMA3.1-8B--KVChime-EPIC-shared-readers-B4,F2,prefill,31,0,131645440,1057882112,4212654080,5402181632
LLAMA3.1-8B--KVChime-EPIC-shared-readers-B4,F2,decode,all,1,16384,1057882112,4213178368,5271076864
LLAMA3.1-8B--KVChime-EPIC-shared-readers-B4,F2,decode,all,2,16384,1057882112,4213702656,5271601152
LLAMA3.1-8B--KVChime-EPIC-shared-readers-B4,F2,decode,all,3,16384,1057882112,4214226944,5272125440
LLAMA3.1-8B--KVChime-EPIC-shared-readers-B4,F2,decode,all,4,16384,1057882112,4214751232,5272649728
LLAMA3.1-8B--KVChime-EPIC-shared-readers-B4,F2,decode,all,5,16384,1057882112,4215275520,5273174016
LLAMA3.1-8B--KVChime-EPIC-shared-readers-B4,F2,decode,all,6,16384,1057882112,4215799808,5273698304
LLAMA3.1-8B--KVChime-EPIC-shared-readers-B4,F2,decode,all,7,16384,1057882112,4216324096,5274222592
LLAMA3.1-8B--KVChime-EPIC-shared-readers-B4,F2,decode,all,8,16384,1057882112,4216848384,5274746880
LLAMA3.1-8B--KVChime-EPIC-shared-readers-B4,F2,decode,all,9,16384,1057882112,4217372672,5275271168
LLAMA3.1-8B--KVChime-EPIC-shared-readers-B4,F2,decode,all,10,16384,1057882112,4217896960,5275795456
LLAMA3.1-8B--KVChime-EPIC-shared-readers-B4,F2,decode,all,11,16384,1057882112,4218421248,5276319744
LLAMA3.1-8B--KVChime-EPIC-shared-readers-B4,F2,decode,all,12,16384,1057882112,4218945536,5276844032
LLAMA3.1-8B--KVChime-EPIC-shared-readers-B4,F2,decode,all,13,16384,1057882112,4219469824,5277368320
LLAMA3.1-8B--KVChime-EPIC-shared-readers-B4,F2,decode,all,14,16384,1057882112,4219994112,5277892608
LLAMA3.1-8B--KVChime-EPIC-shared-readers-B4,F2,decode,all,15,16384,1057882112,4220518400,5278416896
LLAMA3.1-8B--KVChime-EPIC-shared-readers-B4,F3,prefill,0,0,131645440,1057882112,3080192,1192607744
LLAMA3.1-8B--KVChime-EPIC-shared-readers-B4,F3,prefill,1,0,131645440,1057882112,6160384,1195687936
LLAMA3.1-8B--KVChime-EPIC-shared-readers-B4,F3,prefill,2,0,131645440,1057882112,9240576,1198768128
LLAMA3.1-8B--KVChime-EPIC-shared-readers-B4,F3,prefill,3,0,131645440,1057882112,12320768,1201848320
LLAMA3.1-8B--KVChime-EPIC-shared-readers-B4,F3,prefill,4,0,131645440,1057882112,15400960,1204928512
LLAMA3.1-8B--KVChime-EPIC-shared-readers-B4,F3,prefill,5,0,131645440,1057882112,18481152,1208008704
LLAMA3.1-8B--KVChime-EPIC-shared-readers-B4,F3,prefill,6,0,131645440,1057882112,21561344,1211088896
LLAMA3.1-8B--KVChime-EPIC-shared-readers-B4,F3,prefill,7,0,131645440,1057882112,24641536,1214169088
LLAMA3.1-8B--KVChime-EPIC-shared-readers-B4,F3,prefill,8,0,131645440,1057882112,27721728,1217249280
LLAMA3.1-8B--KVChime-EPIC-shared-readers-B4,F3,prefill,9,0,131645440,1057882112,30801920,1220329472
LLAMA3.1-8B--KVChime-EPIC-shared-readers-B4,F3,prefill,10,0,131645440,1057882112,33882112,1223409664
LLAMA3.1-8B--KVChime-EPIC-shared-readers-B4,F3,prefill,11,0,131645440,1057882112,36962304,1226489856
LLAMA3.1-8B--KVChime-EPIC-shared-readers-B4,F3,prefill,12,0,131645440,1057882112,40042496,1229570048
LLAMA3.1-8B--KVChime-EPIC-shared-readers-B4,F3,prefill,13,0,131645440,1057882112,43122688,1232650240
LLAMA3.1-8B--KVChime-EPIC-shared-readers-B4,F3,prefill,14,0,131645440,1057882112,46202880,1235730432
LLAMA3.1-8B--KVChime-EPIC-shared-readers-B4,F3,prefill,15,0,131645440,1057882112,49283072,1238810624
LLAMA3.1-8B--KVChime-EPIC-shared-readers-B4,F3,prefill,16,0,131645440,1057882112,52363264,1241890816
LLAMA3.1-8B--KVChime-EPIC-shared-readers-B4,F3,prefill,17,0,131645440,1057882112,55443456,1244971008
LLAMA3.1-8B--KVChime-EPIC-shared-readers-B4,F3,prefill,18,0,131645440,1057882112,58523648,1248051200
LLAMA3.1-8B--KVChime-EPIC-shared-readers-B4,F3,prefill,19,0,131645440,1057882112,61603840,1251131392
LLAMA3.1-8B--KVChime-EPIC-shared-readers-B4,F3,prefill,20,0,131645440,1057882112,64684032,1254211584
LLAMA3.1-8B--KVChime-EPIC-shared-readers-B4,F3,prefill,21,0,131645440,1057882112,67764224,1257291776
LLAMA3.1-8B--KVChime-EPIC-shared-readers-B4,F3,prefill,22,0,131645440,1057882112,70844416,1260371968
LLAMA3.1-8B--KVChime-EPIC-shared-readers-B4,F3,prefill,23,0,131645440,1057882112,73924608,1263452160
LLAMA3.1-8B--KVChime-EPIC-shared-readers-B4,F3,prefill,24,0,131645440,1057882112,77004800,1266532352
LLAMA3.1-8B--KVChime-EPIC-shared-readers-B4,F3,prefill,25,0,131645440,1057882112,80084992,1269612544
LLAMA3.1-8B--KVChime-EPIC-shared-readers-B4,F3,prefill,26,0,131645440,1057882112,83165184,1272692736
LLAMA3.1-8B--KVChime-EPIC-shared-readers-B4,F3,prefill,27,0,131645440,1057882112,86245376,1275772928
LLAMA3.1-8B--KVChime-EPIC-shared-readers-B4,F3,prefill,28,0,131645440,1057882112,89325568,1278853120
LLAMA3.1-8B--KVChime-EPIC-shared-readers-B4,F3,prefill,29,0,131645440,1057882112,92405760,1281933312
LLAMA3.1-8B--KVChime-EPIC-shared-readers-B4,F3,prefill,30,0,131645440,1057882112,95485952,1285013504
LLAMA3.1-8B--KVChime-EPIC-shared-readers-B4,F3,prefill,31,0,131645440,1057882112,98566144,1288093696
LLAMA3.1-8B--KVChime-EPIC-shared-readers-B4,F3,decode,all,1,16384,1057882112,99090432,1156988928
LLAMA3.1-8B--KVChime-EPIC-shared-readers-B4,F3,decode,all,2,16384,1057882112,99614720,1157513216
LLAMA3.1-8B--KVChime-EPIC-shared-readers-B4,F3,decode,all,3,16384,1057882112,100139008,1158037504
LLAMA3.1-8B--KVChime-EPIC-shared-readers-B4,F3,decode,all,4,16384,1057882112,100663296,1158561792
LLAMA3.1-8B--KVChime-EPIC-shared-readers-B4,F3,decode,all,5,16384,1057882112,101187584,1159086080
LLAMA3.1-8B--KVChime-EPIC-shared-readers-B4,F3,decode,all,6,16384,1057882112,101711872,1159610368
LLAMA3.1-8B--KVChime-EPIC-shared-readers-B4,F3,decode,all,7,16384,1057882112,102236160,1160134656
LLAMA3.1-8B--KVChime-EPIC-shared-readers-B4,F3,decode,all,8,16384,1057882112,102760448,1160658944
LLAMA3.1-8B--KVChime-EPIC-shared-readers-B4,F3,decode,all,9,16384,1057882112,103284736,1161183232
LLAMA3.1-8B--KVChime-EPIC-shared-readers-B4,F3,decode,all,10,16384,1057882112,103809024,1161707520
LLAMA3.1-8B--KVChime-EPIC-shared-readers-B4,F3,decode,all,11,16384,1057882112,104333312,1162231808
LLAMA3.1-8B--KVChime-EPIC-shared-readers-B4,F3,decode,all,12,16384,1057882112,104857600,1162756096
LLAMA3.1-8B--KVChime-EPIC-shared-readers-B4,F3,decode,all,13,16384,1057882112,105381888,1163280384
LLAMA3.1-8B--KVChime-EPIC-shared-readers-B4,F3,decode,all,14,16384,1057882112,105906176,1163804672
LLAMA3.1-8B--KVChime-EPIC-shared-readers-B4,F3,decode,all,15,16384,1057882112,106430464,1164328960
LLAMA3.1-8B--KVChime-EPIC-shared-readers-B4,F4,prefill,0,0,131645440,1057882112,3080192,1192607744
LLAMA3.1-8B--KVChime-EPIC-shared-readers-B4,F4,prefill,1,0,131645440,1057882112,6160384,1195687936
LLAMA3.1-8B--KVChime-EPIC-shared-readers-B4,F4,prefill,2,0,131645440,1057882112,9240576,1198768128
LLAMA3.1-8B--KVChime-EPIC-shared-readers-B4,F4,prefill,3,0,131645440,1057882112,12320768,1201848320
LLAMA3.1-8B--KVChime-EPIC-shared-readers-B4,F4,prefill,4,0,131645440,1057882112,15400960,1204928512
LLAMA3.1-8B--KVChime-EPIC-shared-readers-B4,F4,prefill,5,0,131645440,1057882112,18481152,1208008704
LLAMA3.1-8B--KVChime-EPIC-shared-readers-B4,F4,prefill,6,0,131645440,1057882112,21561344,1211088896
LLAMA3.1-8B--KVChime-EPIC-shared-readers-B4,F4,prefill,7,0,131645440,1057882112,24641536,1214169088
LLAMA3.1-8B--KVChime-EPIC-shared-readers-B4,F4,prefill,8,0,131645440,1057882112,27721728,1217249280
LLAMA3.1-8B--KVChime-EPIC-shared-readers-B4,F4,prefill,9,0,131645440,1057882112,30801920,1220329472
LLAMA3.1-8B--KVChime-EPIC-shared-readers-B4,F4,prefill,10,0,131645440,1057882112,33882112,1223409664
LLAMA3.1-8B--KVChime-EPIC-shared-readers-B4,F4,prefill,11,0,131645440,1057882112,36962304,1226489856
LLAMA3.1-8B--KVChime-EPIC-shared-readers-B4,F4,prefill,12,0,131645440,1057882112,40042496,1229570048
LLAMA3.1-8B--KVChime-EPIC-shared-readers-B4,F4,prefill,13,0,131645440,1057882112,43122688,1232650240
LLAMA3.1-8B--KVChime-EPIC-shared-readers-B4,F4,prefill,14,0,131645440,1057882112,46202880,1235730432
LLAMA3.1-8B--KVChime-EPIC-shared-readers-B4,F4,prefill,15,0,131645440,1057882112,49283072,1238810624
LLAMA3.1-8B--KVChime-EPIC-shared-readers-B4,F4,prefill,16,0,131645440,1057882112,52363264,1241890816
LLAMA3.1-8B--KVChime-EPIC-shared-readers-B4,F4,prefill,17,0,131645440,1057882112,55443456,1244971008
LLAMA3.1-8B--KVChime-EPIC-shared-readers-B4,F4,prefill,18,0,131645440,1057882112,58523648,1248051200
LLAMA3.1-8B--KVChime-EPIC-shared-readers-B4,F4,prefill,19,0,131645440,1057882112,61603840,1251131392
LLAMA3.1-8B--KVChime-EPIC-shared-readers-B4,F4,prefill,20,0,131645440,1057882112,64684032,1254211584
LLAMA3.1-8B--KVChime-EPIC-shared-readers-B4,F4,prefill,21,0,131645440,1057882112,67764224,1257291776
LLAMA3.1-8B--KVChime-EPIC-shared-readers-B4,F4,prefill,22,0,131645440,1057882112,70844416,1260371968
LLAMA3.1-8B--KVChime-EPIC-shared-readers-B4,F4,prefill,23,0,131645440,1057882112,73924608,1263452160
LLAMA3.1-8B--KVChime-EPIC-shared-readers-B4,F4,prefill,24,0,131645440,1057882112,77004800,1266532352
LLAMA3.1-8B--KVChime-EPIC-shared-readers-B4,F4,prefill,25,0,131645440,1057882112,80084992,1269612544
LLAMA3.1-8B--KVChime-EPIC-shared-readers-B4,F4,prefill,26,0,131645440,1057882112,83165184,1272692736
LLAMA3.1-8B--KVChime-EPIC-shared-readers-B4,F4,prefill,27,0,131645440,1057882112,86245376,1275772928
LLAMA3.1-8B--KVChime-EPIC-shared-readers-B4,F4,prefill,28,0,131645440,1057882112,89325568,1278853120
LLAMA3.1-8B--KVChime-EPIC-shared-readers-B4,F4,prefill,29,0,131645440,1057882112,92405760,1281933312
LLAMA3.1-8B--KVChime-EPIC-shared-readers-B4,F4,prefill,30,0,131645440,1057882112,95485952,1285013504
LLAMA3.1-8B--KVChime-EPIC-shared-readers-B4,F4,prefill,31,0,131645440,1057882112,98566144,1288093696
LLAMA3.1-8B--KVChime-EPIC-shared-readers-B4,F4,decode,all,1,16384,1057882112,99090432,1156988928
LLAMA3.1-8B--KVChime-EPIC-shared-readers-B4,F4,decode,all,2,16384,1057882112,99614720,1157513216
LLAMA3.1-8B--KVChime-EPIC-shared-readers-B4,F4,decode,all,3,16384,1057882112,100139008,1158037504
LLAMA3.1-8B--KVChime-EPIC-shared-readers-B4,F4,decode,all,4,16384,1057882112,100663296,1158561792
LLAMA3.1-8B--KVChime-EPIC-shared-readers-B4,F4,decode,all,5,16384,1057882112,101187584,1159086080
LLAMA3.1-8B--KVChime-EPIC-shared-readers-B4,F4,decode,all,6,16384,1057882112,101711872,1159610368
LLAMA3.1-8B--KVChime-EPIC-shared-readers-B4,F4,decode,all,7,16384,1057882112,102236160,1160134656
LLAMA3.1-8B--KVChime-EPIC-shared-readers-B4,F4,decode,all,8,16384,1057882112,102760448,1160658944
LLAMA3.1-8B--KVChime-EPIC-shared-readers-B4,F4,decode,all,9,16384,1057882112,103284736,1161183232
LLAMA3.1-8B--KVChime-EPIC-shared-readers-B4,F4,decode,all,10,16384,1057882112,103809024,1161707520
LLAMA3.1-8B--KVChime-EPIC-shared-readers-B4,F4,decode,all,11,16384,1057882112,104333312,1162231808
LLAMA3.1-8B--KVChime-EPIC-shared-readers-B4,F4,decode,all,12,16384,1057882112,104857600,1162756096
LLAMA3.1-8B--KVChime-EPIC-shared-readers-B4,F4,decode,all,13,16384,1057882112,105381888,1163280384
LLAMA3.1-8B--KVChime-EPIC-shared-readers-B4,F4,decode,all,14,16384,1057882112,105906176,1163804672
LLAMA3.1-8B--KVChime-EPIC-shared-readers-B4,F4,decode,all,15,16384,1057882112,106430464,1164328960
