{
  "kind": "supervisor",
  "requests": 16,
  "reuse": {
    "cacheblend_full_recompute_layers": [],
    "cacheblend_partial_recompute_layers": [],
    "cacheblend_partial_rows": {},
    "cacheblend_recompute_ratio": 0.0,
    "cachecraft_alpha": 0.05,
    "epic_prefix_recompute_tokens": 2,
    "fresh_tokens": 16828,
    "policy": "recompute",
    "random_seed": 0,
    "recompute_canonical": false,
    "reusable_segments": [
      {
        "cache_owner": "d0.r0",
        "epic_prefix_rows": [],
        "fingerprint": "9fc62215192ede1d",
        "length": 300,
        "owner_tier": 0,
        "request": "d1.r0",
        "segment_index": 0
      },
      {
        "cache_owner": "d0.r0",
        "epic_prefix_rows": [],
        "fingerprint": "173f77422b3aca6e",
        "length": 256,
        "owner_tier": 0,
        "request": "d1.r0",
        "segment_index": 1
      },
      {
        "cache_owner": "d0.r0",
        "epic_prefix_rows": [],
        "fingerprint": "25cc8cd8a6360c41",
        "length": 256,
        "owner_tier": 0,
        "request": "d1.r0",
        "segment_index": 2
      },
      {
        "cache_owner": "d0.r0",
        "epic_prefix_rows": [],
        "fingerprint": "a24d833ce77269fd",
        "length": 256,
        "owner_tier": 0,
        "request": "d1.r0",
        "segment_index": 3
      },
      {
        "cache_owner": "d0.r0",
        "epic_prefix_rows": [],
        "fingerprint": "71c190096acd6433",
        "length": 256,
        "owner_tier": 0,
        "request": "d1.r0",
        "segment_index": 4
      },
      {
        "cache_owner": "d0.r0",
        "epic_prefix_rows": [],
        "fingerprint": "fef361162327d754",
        "length": 256,
        "owner_tier": 0,
        "request": "d1.r0",
        "segment_index": 5
      },
      {
        "cache_owner": "d0.r0",
        "epic_prefix_rows": [],
        "fingerprint": "276d06962ab722d7",
        "length": 256,
        "owner_tier": 0,
        "request": "d1.r0",
        "segment_index": 6
      },
      {
        "cache_owner": "d0.r0",
        "epic_prefix_rows": [],
        "fingerprint": "7e73ece24bb93834",
        "length": 256,
        "owner_tier": 0,
        "request": "d1.r0",
        "segment_index": 7
      },
      {
        "cache_owner": "d0.r0",
        "epic_prefix_rows": [],
        "fingerprint": "a8850a73c2483934",
        "length": 256,
        "owner_tier": 0,
        "request": "d1.r0",
        "segment_index": 8
      },
      {
        "cache_owner": "d0.r0",
        "epic_prefix_rows": [],
        "fingerprint": "a4093c0243d9f211",
        "length": 256,
        "owner_tier": 0,
        "request": "d1.r0",
        "segment_index": 9
      },
      {
        "cache_owner": "d0.r0",
        "epic_prefix_rows": [],
        "fingerprint": "254bfc97b06ef560",
        "length": 256,
        "owner_tier": 0,
        "request": "d1.r0",
        "segment_index": 10
      },
      {
        "cache_owner": "d0.r0",
        "epic_prefix_rows": [],
        "fingerprint": "a5646ca10d7fc969",
        "length": 100,
        "owner_tier": 0,
        "request": "d1.r0",
        "segment_index": 11
      },
      {
        "cache_owner": "d0.r0",
        "epic_prefix_rows": [],
        "fingerprint": "9fc62215192ede1d",
        "length": 300,
        "owner_tier": 0,
        "request": "d2.r0",
        "segment_index": 0
      },
      {
        "cache_owner": "d0.r0",
        "epic_prefix_rows": [],
        "fingerprint": "173f77422b3aca6e",
        "length": 256,
        "owner_tier": 0,
        "request": "d2.r0",
        "segment_index": 1
      },
      {
        "cache_owner": "d0.r0",
        "epic_prefix_rows": [],
        "fingerprint": "25cc8cd8a6360c41",
        "length": 256,
        "owner_tier": 0,
        "request": "d2.r0",
        "segment_index": 2
      },
      {
        "cache_owner": "d0.r0",
        "epic_prefix_rows": [],
        "fingerprint": "a24d833ce77269fd",
        "length": 256,
        "owner_tier": 0,
        "request": "d2.r0",
        "segment_index": 3
      },
      {
        "cache_owner": "d0.r0",
        "epic_prefix_rows": [],
        "fingerprint": "71c190096acd6433",
        "length": 256,
        "owner_tier": 0,
        "request": "d2.r0",
        "segment_index": 4
      },
      {
        "cache_owner": "d0.r0",
        "epic_prefix_rows": [],
        "fingerprint": "fef361162327d754",
        "length": 256,
        "owner_tier": 0,
        "request": "d2.r0",
        "segment_index": 5
      },
      {
        "cache_owner": "d0.r0",
        "epic_prefix_rows": [],
        "fingerprint": "276d06962ab722d7",
        "length": 256,
        "owner_tier": 0,
        "request": "d2.r0",
        "segment_index": 6
      },
      {
        "cache_owner": "d0.r0",
        "epic_prefix_rows": [],
        "fingerprint": "7e73ece24bb93834",
        "length": 256,
        "owner_tier": 0,
        "request": "d2.r0",
        "segment_index": 7
      },
      {
        "cache_owner": "d0.r0",
        "epic_prefix_rows": [],
        "fingerprint": "a8850a73c2483934",
        "length": 256,
        "owner_tier": 0,
        "request": "d2.r0",
        "segment_index": 8
      },
      {
        "cache_owner": "d0.r0",
        "epic_prefix_rows": [],
        "fingerprint": "a4093c0243d9f211",
        "length": 256,
        "owner_tier": 0,
        "request": "d2.r0",
        "segment_index": 9
      },
      {
        "cache_owner": "d0.r0",
        "epic_prefix_rows": [],
        "fingerprint": "254bfc97b06ef560",
        "length": 256,
        "owner_tier": 0,
        "request": "d2.r0",
        "segment_index": 10
      },
      {
        "cache_owner": "d0.r0",
        "epic_prefix_rows": [],
        "fingerprint": "a5646ca10d7fc969",
        "length": 100,
        "owner_tier": 0,
        "request": "d2.r0",
        "segment_index": 11
      },
      {
        "cache_owner": "d0.r0",
        "epic_prefix_rows": [
          197,
          215
        ],
        "fingerprint": "1164f294d76ad367",
        "length": 256,
        "owner_tier": 0,
        "request": "d0.r1",
        "segment_index": 0
      },
      {
        "cache_owner": "d0.r0",
        "epic_prefix_rows": [
          20,
          132
        ],
        "fingerprint": "173f77422b3aca6e",
        "length": 256,
        "owner_tier": 0,
        "request": "d0.r1",
        "segment_index": 3
      },
      {
        "cache_owner": "d0.r0",
        "epic_prefix_rows": [
          207,
          248
        ],
        "fingerprint": "25cc8cd8a6360c41",
        "length": 256,
        "owner_tier": 0,
        "request": "d0.r1",
        "segment_index": 4
      },
      {
        "cache_owner": "d0.r0",
        "epic_prefix_rows": [
          155,
          244
        ],
        "fingerprint": "a24d833ce77269fd",
        "length": 256,
        "owner_tier": 0,
        "request": "d0.r1",
        "segment_index": 5
      },
      {
        "cache_owner": "d0.r0",
        "epic_prefix_rows": [
          111,
          183
        ],
        "fingerprint": "71c190096acd6433",
        "length": 256,
        "owner_tier": 0,
        "request": "d0.r1",
        "segment_index": 6
      },
      {
        "cache_owner": "d0.r0",
        "epic_prefix_rows": [
          71,
          144
        ],
        "fingerprint": "fef361162327d754",
        "length": 256,
        "owner_tier": 0,
        "request": "d0.r1",
        "segment_index": 7
      },
      {
        "cache_owner": "d0.r0",
        "epic_prefix_rows": [
          48,
          71
        ],
        "fingerprint": "276d06962ab722d7",
        "length": 256,
        "owner_tier": 0,
        "request": "d0.r1",
        "segment_index": 8
      },
      {
        "cache_owner": "d0.r0",
        "epic_prefix_rows": [
          75,
          128
        ],
        "fingerprint": "7e73ece24bb93834",
        "length": 256,
        "owner_tier": 0,
        "request": "d0.r1",
        "segment_index": 9
      },
      {
        "cache_owner": "d0.r0",
        "epic_prefix_rows": [
          50,
          158
        ],
        "fingerprint": "a8850a73c2483934",
        "length": 256,
        "owner_tier": 0,
        "request": "d0.r1",
        "segment_index": 10
      },
      {
        "cache_owner": "d0.r0",
        "epic_prefix_rows": [
          37,
          169
        ],
        "fingerprint": "a4093c0243d9f211",
        "length": 256,
        "owner_tier": 0,
        "request": "d0.r1",
        "segment_index": 11
      },
      {
        "cache_owner": "d0.r0",
        "epic_prefix_rows": [
          51,
          241
        ],
        "fingerprint": "254bfc97b06ef560",
        "length": 256,
        "owner_tier": 0,
        "request": "d0.r1",
        "segment_index": 12
      },
      {
        "cache_owner": "d1.r0",
        "epic_prefix_rows": [
          181,
          222
        ],
        "fingerprint": "3f408cc3000cd6f8",
        "length": 256,
        "owner_tier": 0,
        "request": "d1.r1",
        "segment_index": 0
      },
      {
        "cache_owner": "d0.r1",
        "epic_prefix_rows": [],
        "fingerprint": "7851b41fea28524a",
        "length": 256,
        "owner_tier": 1,
        "request": "d1.r1",
        "segment_index": 2
      },
      {
        "cache_owner": "d0.r0",
        "epic_prefix_rows": [
          104,
          161
        ],
        "fingerprint": "173f77422b3aca6e",
        "length": 256,
        "owner_tier": 0,
        "request": "d1.r1",
        "segment_index": 3
      },
      {
        "cache_owner": "d0.r0",
        "epic_prefix_rows": [
          226,
          244
        ],
        "fingerprint": "25cc8cd8a6360c41",
        "length": 256,
        "owner_tier": 0,
        "request": "d1.r1",
        "segment_index": 4
      },
      {
        "cache_owner": "d0.r0",
        "epic_prefix_rows": [
          31,
          133
        ],
        "fingerprint": "a24d833ce77269fd",
        "length": 256,
        "owner_tier": 0,
        "request": "d1.r1",
        "segment_index": 5
      },
      {
        "cache_owner": "d0.r0",
        "epic_prefix_rows": [
          7,
          47
        ],
        "fingerprint": "71c190096acd6433",
        "length": 256,
        "owner_tier": 0,
        "request": "d1.r1",
        "segment_index": 6
      },
      {
        "cache_owner": "d0.r0",
        "epic_prefix_rows": [
          0,
          204
        ],
        "fingerprint": "fef361162327d754",
        "length": 256,
        "owner_tier": 0,
        "request": "d1.r1",
        "segment_index": 7
      },
      {
        "cache_owner": "d0.r0",
        "epic_prefix_rows": [
          170,
          252
        ],
        "fingerprint": "276d06962ab722d7",
        "length": 256,
        "owner_tier": 0,
        "request": "d1.r1",
        "segment_index": 8
      },
      {
        "cache_owner": "d0.r0",
        "epic_prefix_rows": [
          124,
          166
        ],
        "fingerprint": "7e73ece24bb93834",
        "length": 256,
        "owner_tier": 0,
        "request": "d1.r1",
        "segment_index": 9
      },
      {
        "cache_owner": "d0.r0",
        "epic_prefix_rows": [
          32,
          97
        ],
        "fingerprint": "a8850a73c2483934",
        "length": 256,
        "owner_tier": 0,
        "request": "d1.r1",
        "segment_index": 10
      },
      {
        "cache_owner": "d0.r0",
        "epic_prefix_rows": [
          113,
          122
        ],
        "fingerprint": "a4093c0243d9f211",
        "length": 256,
        "owner_tier": 0,
        "request": "d1.r1",
        "segment_index": 11
      },
      {
        "cache_owner": "d0.r0",
        "epic_prefix_rows": [
          72,
          229
        ],
        "fingerprint": "254bfc97b06ef560",
        "length": 256,
        "owner_tier": 0,
        "request": "d1.r1",
        "segment_index": 12
      },
      {
        "cache_owner": "d0.r1",
        "epic_prefix_rows": [],
        "fingerprint": "6c05d74d66e75323",
        "length": 256,
        "owner_tier": 1,
        "request": "d1.r1",
        "segment_index": 13
      },
      {
        "cache_owner": "d0.r1",
        "epic_prefix_rows": [],
        "fingerprint": "9be32fe2c99887d1",
        "length": 256,
        "owner_tier": 1,
        "request": "d1.r1",
        "segment_index": 14
      },
      {
        "cache_owner": "d0.r1",
        "epic_prefix_rows": [],
        "fingerprint": "3fd8b144566f43ed",
        "length": 256,
        "owner_tier": 1,
        "request": "d1.r1",
        "segment_index": 15
      },
      {
        "cache_owner": "d0.r1",
        "epic_prefix_rows": [],
        "fingerprint": "30f09964a80d8f65",
        "length": 256,
        "owner_tier": 1,
        "request": "d1.r1",
        "segment_index": 16
      },
      {
        "cache_owner": "d0.r1",
        "epic_prefix_rows": [],
        "fingerprint": "74370d13c71ff044",
        "length": 256,
        "owner_tier": 1,
        "request": "d1.r1",
        "segment_index": 17
      },
      {
        "cache_owner": "d0.r1",
        "epic_prefix_rows": [],
        "fingerprint": "b98480609ff92086",
        "length": 256,
        "owner_tier": 1,
        "request": "d1.r1",
        "segment_index": 18
      },
      {
        "cache_owner": "d0.r1",
        "epic_prefix_rows": [],
        "fingerprint": "e27085abc1aa49a7",
        "length": 256,
        "owner_tier": 1,
        "request": "d1.r1",
        "segment_index": 19
      },
      {
        "cache_owner": "d0.r1",
        "epic_prefix_rows": [],
        "fingerprint": "cb30bf30b7b7b133",
        "length": 256,
        "owner_tier": 1,
        "request": "d1.r1",
        "segment_index": 20
      },
      {
        "cache_owner": "d0.r1",
        "epic_prefix_rows": [],
        "fingerprint": "4f6a58a7e21f2e4f",
        "length": 256,
        "owner_tier": 1,
        "request": "d1.r1",
        "segment_index": 21
      },
      {
        "cache_owner": "d0.r1",
        "epic_prefix_rows": [],
        "fingerprint": "2ef42bc347ac5ea9",
        "length": 256,
        "owner_tier": 1,
        "request": "d1.r1",
        "segment_index": 22
      },
      {
        "cache_owner": "d2.r0",
        "epic_prefix_rows": [
          41,
          46
        ],
        "fingerprint": "7851b41fea28524a",
        "length": 256,
        "owner_tier": 0,
        "request": "d2.r1",
        "segment_index": 0
      },
      {
        "cache_owner": "d1.r1",
        "epic_prefix_rows": [],
        "fingerprint": "1164f294d76ad367",
        "length": 256,
        "owner_tier": 1,
        "request": "d2.r1",
        "segment_index": 1
      },
      {
        "cache_owner": "d0.r1",
        "epic_prefix_rows": [
          163,
          250
        ],
        "fingerprint": "3f408cc3000cd6f8",
        "length": 256,
        "owner_tier": 1,
        "request": "d2.r1",
        "segment_index": 2
      },
      {
        "cache_owner": "d0.r0",
        "epic_prefix_rows": [
          55,
          154
        ],
        "fingerprint": "173f77422b3aca6e",
        "length": 256,
        "owner_tier": 0,
        "request": "d2.r1",
        "segment_index": 3
      },
      {
        "cache_owner": "d0.r0",
        "epic_prefix_rows": [
          63,
          149
        ],
        "fingerprint": "25cc8cd8a6360c41",
        "length": 256,
        "owner_tier": 0,
        "request": "d2.r1",
        "segment_index": 4
      },
      {
        "cache_owner": "d0.r0",
        "epic_prefix_rows": [
          104,
          170
        ],
        "fingerprint": "a24d833ce77269fd",
        "length": 256,
        "owner_tier": 0,
        "request": "d2.r1",
        "segment_index": 5
      },
      {
        "cache_owner": "d0.r0",
        "epic_prefix_rows": [
          147,
          227
        ],
        "fingerprint": "71c190096acd6433",
        "length": 256,
        "owner_tier": 0,
        "request": "d2.r1",
        "segment_index": 6
      },
      {
        "cache_owner": "d0.r0",
        "epic_prefix_rows": [
          46,
          197
        ],
        "fingerprint": "fef361162327d754",
        "length": 256,
        "owner_tier": 0,
        "request": "d2.r1",
        "segment_index": 7
      },
      {
        "cache_owner": "d0.r0",
        "epic_prefix_rows": [
          123,
          162
        ],
        "fingerprint": "276d06962ab722d7",
        "length": 256,
        "owner_tier": 0,
        "request": "d2.r1",
        "segment_index": 8
      },
      {
        "cache_owner": "d0.r0",
        "epic_prefix_rows": [
          94,
          148
        ],
        "fingerprint": "7e73ece24bb93834",
        "length": 256,
        "owner_tier": 0,
        "request": "d2.r1",
        "segment_index": 9
      },
      {
        "cache_owner": "d0.r0",
        "epic_prefix_rows": [
          95,
          96
        ],
        "fingerprint": "a8850a73c2483934",
        "length": 256,
        "owner_tier": 0,
        "request": "d2.r1",
        "segment_index": 10
      },
      {
        "cache_owner": "d0.r0",
        "epic_prefix_rows": [
          16,
          133
        ],
        "fingerprint": "a4093c0243d9f211",
        "length": 256,
        "owner_tier": 0,
        "request": "d2.r1",
        "segment_index": 11
      },
      {
        "cache_owner": "d0.r0",
        "epic_prefix_rows": [
          35,
          243
        ],
        "fingerprint": "254bfc97b06ef560",
        "length": 256,
        "owner_tier": 0,
        "request": "d2.r1",
        "segment_index": 12
      },
      {
        "cache_owner": "d0.r1",
        "epic_prefix_rows": [],
        "fingerprint": "6c05d74d66e75323",
        "length": 256,
        "owner_tier": 1,
        "request": "d2.r1",
        "segment_index": 13
      },
      {
        "cache_owner": "d0.r1",
        "epic_prefix_rows": [],
        "fingerprint": "9be32fe2c99887d1",
        "length": 256,
        "owner_tier": 1,
        "request": "d2.r1",
        "segment_index": 14
      },
      {
        "cache_owner": "d0.r1",
        "epic_prefix_rows": [],
        "fingerprint": "3fd8b144566f43ed",
        "length": 256,
        "owner_tier": 1,
        "request": "d2.r1",
        "segment_index": 15
      },
      {
        "cache_owner": "d0.r1",
        "epic_prefix_rows": [],
        "fingerprint": "30f09964a80d8f65",
        "length": 256,
        "owner_tier": 1,
        "request": "d2.r1",
        "segment_index": 16
      },
      {
        "cache_owner": "d0.r1",
        "epic_prefix_rows": [],
        "fingerprint": "74370d13c71ff044",
        "length": 256,
        "owner_tier": 1,
        "request": "d2.r1",
        "segment_index": 17
      },
      {
        "cache_owner": "d0.r1",
        "epic_prefix_rows": [],
        "fingerprint": "b98480609ff92086",
        "length": 256,
        "owner_tier": 1,
        "request": "d2.r1",
        "segment_index": 18
      },
      {
        "cache_owner": "d0.r1",
        "epic_prefix_rows": [],
        "fingerprint": "e27085abc1aa49a7",
        "length": 256,
        "owner_tier": 1,
        "request": "d2.r1",
        "segment_index": 19
      },
      {
        "cache_owner": "d0.r1",
        "epic_prefix_rows": [],
        "fingerprint": "cb30bf30b7b7b133",
        "length": 256,
        "owner_tier": 1,
        "request": "d2.r1",
        "segment_index": 20
      },
      {
        "cache_owner": "d0.r1",
        "epic_prefix_rows": [],
        "fingerprint": "4f6a58a7e21f2e4f",
        "length": 256,
        "owner_tier": 1,
        "request": "d2.r1",
        "segment_index": 21
      },
      {
        "cache_owner": "d0.r1",
        "epic_prefix_rows": [],
        "fingerprint": "2ef42bc347ac5ea9",
        "length": 256,
        "owner_tier": 1,
        "request": "d2.r1",
        "segment_index": 22
      },
      {
        "cache_owner": "d0.r1",
        "epic_prefix_rows": [
          45,
          66
        ],
        "fingerprint": "d2f771c4592a8a35",
        "length": 256,
        "owner_tier": 1,
        "request": "d0.r2",
        "segment_index": 0
      },
      {
        "cache_owner": "d0.r0",
        "epic_prefix_rows": [
          19,
          76
        ],
        "fingerprint": "173f77422b3aca6e",
        "length": 256,
        "owner_tier": 0,
        "request": "d0.r2",
        "segment_index": 3
      },
      {
        "cache_owner": "d0.r0",
        "epic_prefix_rows": [
          41,
          200
        ],
        "fingerprint": "25cc8cd8a6360c41",
        "length": 256,
        "owner_tier": 0,
        "request": "d0.r2",
        "segment_index": 4
      },
      {
        "cache_owner": "d0.r0",
        "epic_prefix_rows": [
          120,
          141
        ],
        "fingerprint": "a24d833ce77269fd",
        "length": 256,
        "owner_tier": 0,
        "request": "d0.r2",
        "segment_index": 5
      },
      {
        "cache_owner": "d0.r0",
        "epic_prefix_rows": [
          110,
          214
        ],
        "fingerprint": "71c190096acd6433",
        "length": 256,
        "owner_tier": 0,
        "request": "d0.r2",
        "segment_index": 6
      },
      {
        "cache_owner": "d0.r0",
        "epic_prefix_rows": [
          140,
          230
        ],
        "fingerprint": "fef361162327d754",
        "length": 256,
        "owner_tier": 0,
        "request": "d0.r2",
        "segment_index": 7
      },
      {
        "cache_owner": "d0.r0",
        "epic_prefix_rows": [
          182,
          252
        ],
        "fingerprint": "276d06962ab722d7",
        "length": 256,
        "owner_tier": 0,
        "request": "d0.r2",
        "segment_index": 8
      },
      {
        "cache_owner": "d0.r0",
        "epic_prefix_rows": [
          42,
          166
        ],
        "fingerprint": "7e73ece24bb93834",
        "length": 256,
        "owner_tier": 0,
        "request": "d0.r2",
        "segment_index": 9
      },
      {
        "cache_owner": "d0.r0",
        "epic_prefix_rows": [
          59,
          249
        ],
        "fingerprint": "a8850a73c2483934",
        "length": 256,
        "owner_tier": 0,
        "request": "d0.r2",
        "segment_index": 10
      },
      {
        "cache_owner": "d0.r0",
        "epic_prefix_rows": [
          97,
          171
        ],
        "fingerprint": "a4093c0243d9f211",
        "length": 256,
        "owner_tier": 0,
        "request": "d0.r2",
        "segment_index": 11
      },
      {
        "cache_owner": "d0.r0",
        "epic_prefix_rows": [
          8,
          124
        ],
        "fingerprint": "254bfc97b06ef560",
        "length": 256,
        "owner_tier": 0,
        "request": "d0.r2",
        "segment_index": 12
      },
      {
        "cache_owner": "d0.r1",
        "epic_prefix_rows": [],
        "fingerprint": "6c05d74d66e75323",
        "length": 256,
        "owner_tier": 1,
        "request": "d0.r2",
        "segment_index": 13
      },
      {
        "cache_owner": "d0.r1",
        "epic_prefix_rows": [],
        "fingerprint": "9be32fe2c99887d1",
        "length": 256,
        "owner_tier": 1,
        "request": "d0.r2",
        "segment_index": 14
      },
      {
        "cache_owner": "d0.r1",
        "epic_prefix_rows": [],
        "fingerprint": "3fd8b144566f43ed",
        "length": 256,
        "owner_tier": 1,
        "request": "d0.r2",
        "segment_index": 15
      },
      {
        "cache_owner": "d0.r1",
        "epic_prefix_rows": [],
        "fingerprint": "30f09964a80d8f65",
        "length": 256,
        "owner_tier": 1,
        "request": "d0.r2",
        "segment_index": 16
      },
      {
        "cache_owner": "d0.r1",
        "epic_prefix_rows": [],
        "fingerprint": "74370d13c71ff044",
        "length": 256,
        "owner_tier": 1,
        "request": "d0.r2",
        "segment_index": 17
      },
      {
        "cache_owner": "d0.r1",
        "epic_prefix_rows": [],
        "fingerprint": "b98480609ff92086",
        "length": 256,
        "owner_tier": 1,
        "request": "d0.r2",
        "segment_index": 18
      },
      {
        "cache_owner": "d0.r1",
        "epic_prefix_rows": [],
        "fingerprint": "e27085abc1aa49a7",
        "length": 256,
        "owner_tier": 1,
        "request": "d0.r2",
        "segment_index": 19
      },
      {
        "cache_owner": "d0.r1",
        "epic_prefix_rows": [],
        "fingerprint": "cb30bf30b7b7b133",
        "length": 256,
        "owner_tier": 1,
        "request": "d0.r2",
        "segment_index": 20
      },
      {
        "cache_owner": "d0.r1",
        "epic_prefix_rows": [],
        "fingerprint": "4f6a58a7e21f2e4f",
        "length": 256,
        "owner_tier": 1,
        "request": "d0.r2",
        "segment_index": 21
      },
      {
        "cache_owner": "d0.r1",
        "epic_prefix_rows": [],
        "fingerprint": "2ef42bc347ac5ea9",
        "length": 256,
        "owner_tier": 1,
        "request": "d0.r2",
        "segment_index": 22
      },
      {
        "cache_owner": "d1.r1",
        "epic_prefix_rows": [
          59,
          138
        ],
        "fingerprint": "056fc0b42a1bd8ec",
        "length": 256,
        "owner_tier": 1,
        "request": "d1.r2",
        "segment_index": 0
      },
      {
        "cache_owner": "d0.r2",
        "epic_prefix_rows": [],
        "fingerprint": "f1fd5efdb8338d7e",
        "length": 256,
        "owner_tier": 2,
        "request": "d1.r2",
        "segment_index": 2
      },
      {
        "cache_owner": "d0.r0",
        "epic_prefix_rows": [
          112,
          190
        ],
        "fingerprint": "173f77422b3aca6e",
        "length": 256,
        "owner_tier": 0,
        "request": "d1.r2",
        "segment_index": 3
      },
      {
        "cache_owner": "d0.r0",
        "epic_prefix_rows": [
          87,
          170
        ],
        "fingerprint": "25cc8cd8a6360c41",
        "length": 256,
        "owner_tier": 0,
        "request": "d1.r2",
        "segment_index": 4
      },
      {
        "cache_owner": "d0.r0",
        "epic_prefix_rows": [
          31,
          218
        ],
        "fingerprint": "a24d833ce77269fd",
        "length": 256,
        "owner_tier": 0,
        "request": "d1.r2",
        "segment_index": 5
      },
      {
        "cache_owner": "d0.r0",
        "epic_prefix_rows": [
          51,
          74
        ],
        "fingerprint": "71c190096acd6433",
        "length": 256,
        "owner_tier": 0,
        "request": "d1.r2",
        "segment_index": 6
      },
      {
        "cache_owner": "d0.r0",
        "epic_prefix_rows": [
          23,
          112
        ],
        "fingerprint": "fef361162327d754",
        "length": 256,
        "owner_tier": 0,
        "request": "d1.r2",
        "segment_index": 7
      },
      {
        "cache_owner": "d0.r0",
        "epic_prefix_rows": [
          13,
          37
        ],
        "fingerprint": "276d06962ab722d7",
        "length": 256,
        "owner_tier": 0,
        "request": "d1.r2",
        "segment_index": 8
      },
      {
        "cache_owner": "d0.r0",
        "epic_prefix_rows": [
          63,
          96
        ],
        "fingerprint": "7e73ece24bb93834",
        "length": 256,
        "owner_tier": 0,
        "request": "d1.r2",
        "segment_index": 9
      },
      {
        "cache_owner": "d0.r0",
        "epic_prefix_rows": [
          61,
          200
        ],
        "fingerprint": "a8850a73c2483934",
        "length": 256,
        "owner_tier": 0,
        "request": "d1.r2",
        "segment_index": 10
      },
      {
        "cache_owner": "d0.r0",
        "epic_prefix_rows": [
          46,
          189
        ],
        "fingerprint": "a4093c0243d9f211",
        "length": 256,
        "owner_tier": 0,
        "request": "d1.r2",
        "segment_index": 11
      },
      {
        "cache_owner": "d0.r0",
        "epic_prefix_rows": [
          18,
          59
        ],
        "fingerprint": "254bfc97b06ef560",
        "length": 256,
        "owner_tier": 0,
        "request": "d1.r2",
        "segment_index": 12
      },
      {
        "cache_owner": "d0.r1",
        "epic_prefix_rows": [],
        "fingerprint": "6c05d74d66e75323",
        "length": 256,
        "owner_tier": 1,
        "request": "d1.r2",
        "segment_index": 13
      },
      {
        "cache_owner": "d0.r1",
        "epic_prefix_rows": [],
        "fingerprint": "9be32fe2c99887d1",
        "length": 256,
        "owner_tier": 1,
        "request": "d1.r2",
        "segment_index": 14
      },
      {
        "cache_owner": "d0.r1",
        "epic_prefix_rows": [],
        "fingerprint": "3fd8b144566f43ed",
        "length": 256,
        "owner_tier": 1,
        "request": "d1.r2",
        "segment_index": 15
      },
      {
        "cache_owner": "d0.r1",
        "epic_prefix_rows": [],
        "fingerprint": "30f09964a80d8f65",
        "length": 256,
        "owner_tier": 1,
        "request": "d1.r2",
        "segment_index": 16
      },
      {
        "cache_owner": "d0.r1",
        "epic_prefix_rows": [],
        "fingerprint": "74370d13c71ff044",
        "length": 256,
        "owner_tier": 1,
        "request": "d1.r2",
        "segment_index": 17
      },
      {
        "cache_owner": "d0.r1",
        "epic_prefix_rows": [],
        "fingerprint": "b98480609ff92086",
        "length": 256,
        "owner_tier": 1,
        "request": "d1.r2",
        "segment_index": 18
      },
      {
        "cache_owner": "d0.r1",
        "epic_prefix_rows": [],
        "fingerprint": "e27085abc1aa49a7",
        "length": 256,
        "owner_tier": 1,
        "request": "d1.r2",
        "segment_index": 19
      },
      {
        "cache_owner": "d0.r1",
        "epic_prefix_rows": [],
        "fingerprint": "cb30bf30b7b7b133",
        "length": 256,
        "owner_tier": 1,
        "request": "d1.r2",
        "segment_index": 20
      },
      {
        "cache_owner": "d0.r1",
        "epic_prefix_rows": [],
        "fingerprint": "4f6a58a7e21f2e4f",
        "length": 256,
        "owner_tier": 1,
        "request": "d1.r2",
        "segment_index": 21
      },
      {
        "cache_owner": "d0.r1",
        "epic_prefix_rows": [],
        "fingerprint": "2ef42bc347ac5ea9",
        "length": 256,
        "owner_tier": 1,
        "request": "d1.r2",
        "segment_index": 22
      },
      {
        "cache_owner": "d0.r2",
        "epic_prefix_rows": [],
        "fingerprint": "56f7715442fdf966",
        "length": 256,
        "owner_tier": 2,
        "request": "d1.r2",
        "segment_index": 23
      },
      {
        "cache_owner": "d0.r2",
        "epic_prefix_rows": [],
        "fingerprint": "69931b25dbad9d62",
        "length": 256,
        "owner_tier": 2,
        "request": "d1.r2",
        "segment_index": 24
      },
      {
        "cache_owner": "d0.r2",
        "epic_prefix_rows": [],
        "fingerprint": "68adf7d53a6d43ad",
        "length": 256,
        "owner_tier": 2,
        "request": "d1.r2",
        "segment_index": 25
      },
      {
        "cache_owner": "d0.r2",
        "epic_prefix_rows": [],
        "fingerprint": "025ec3a8491dfa52",
        "length": 256,
        "owner_tier": 2,
        "request": "d1.r2",
        "segment_index": 26
      },
      {
        "cache_owner": "d0.r2",
        "epic_prefix_rows": [],
        "fingerprint": "5f0fb92071edefba",
        "length": 256,
        "owner_tier": 2,
        "request": "d1.r2",
        "segment_index": 27
      },
      {
        "cache_owner": "d0.r2",
        "epic_prefix_rows": [],
        "fingerprint": "3798fae9eeb921ba",
        "length": 256,
        "owner_tier": 2,
        "request": "d1.r2",
        "segment_index": 28
      },
      {
        "cache_owner": "d0.r2",
        "epic_prefix_rows": [],
        "fingerprint": "05841ec733057ecb",
        "length": 256,
        "owner_tier": 2,
        "request": "d1.r2",
        "segment_index": 29
      },
      {
        "cache_owner": "d0.r2",
        "epic_prefix_rows": [],
        "fingerprint": "53d05282294c6bc4",
        "length": 256,
        "owner_tier": 2,
        "request": "d1.r2",
        "segment_index": 30
      },
      {
        "cache_owner": "d0.r2",
        "epic_prefix_rows": [],
        "fingerprint": "808907b51f157d1b",
        "length": 256,
        "owner_tier": 2,
        "request": "d1.r2",
        "segment_index": 31
      },
      {
        "cache_owner": "d0.r2",
        "epic_prefix_rows": [],
        "fingerprint": "a9736e94ffa61392",
        "length": 256,
        "owner_tier": 2,
        "request": "d1.r2",
        "segment_index": 32
      },
      {
        "cache_owner": "d2.r1",
        "epic_prefix_rows": [
          11,
          99
        ],
        "fingerprint": "f1fd5efdb8338d7e",
        "length": 256,
        "owner_tier": 1,
        "request": "d2.r2",
        "segment_index": 0
      },
      {
        "cache_owner": "d1.r2",
        "epic_prefix_rows": [],
        "fingerprint": "d2f771c4592a8a35",
        "length": 256,
        "owner_tier": 2,
        "request": "d2.r2",
        "segment_index": 1
      },
      {
        "cache_owner": "d0.r2",
        "epic_prefix_rows": [
          63,
          94
        ],
        "fingerprint": "056fc0b42a1bd8ec",
        "length": 256,
        "owner_tier": 2,
        "request": "d2.r2",
        "segment_index": 2
      },
      {
        "cache_owner": "d0.r0",
        "epic_prefix_rows": [
          107,
          245
        ],
        "fingerprint": "173f77422b3aca6e",
        "length": 256,
        "owner_tier": 0,
        "request": "d2.r2",
        "segment_index": 3
      },
      {
        "cache_owner": "d0.r0",
        "epic_prefix_rows": [
          11,
          31
        ],
        "fingerprint": "25cc8cd8a6360c41",
        "length": 256,
        "owner_tier": 0,
        "request": "d2.r2",
        "segment_index": 4
      },
      {
        "cache_owner": "d0.r0",
        "epic_prefix_rows": [
          51,
          217
        ],
        "fingerprint": "a24d833ce77269fd",
        "length": 256,
        "owner_tier": 0,
        "request": "d2.r2",
        "segment_index": 5
      },
      {
        "cache_owner": "d0.r0",
        "epic_prefix_rows": [
          35,
          133
        ],
        "fingerprint": "71c190096acd6433",
        "length": 256,
        "owner_tier": 0,
        "request": "d2.r2",
        "segment_index": 6
      },
      {
        "cache_owner": "d0.r0",
        "epic_prefix_rows": [
          36,
          113
        ],
        "fingerprint": "fef361162327d754",
        "length": 256,
        "owner_tier": 0,
        "request": "d2.r2",
        "segment_index": 7
      },
      {
        "cache_owner": "d0.r0",
        "epic_prefix_rows": [
          154,
          179
        ],
        "fingerprint": "276d06962ab722d7",
        "length": 256,
        "owner_tier": 0,
        "request": "d2.r2",
        "segment_index": 8
      },
      {
        "cache_owner": "d0.r0",
        "epic_prefix_rows": [
          92,
          223
        ],
        "fingerprint": "7e73ece24bb93834",
        "length": 256,
        "owner_tier": 0,
        "request": "d2.r2",
        "segment_index": 9
      },
      {
        "cache_owner": "d0.r0",
        "epic_prefix_rows": [
          31,
          239
        ],
        "fingerprint": "a8850a73c2483934",
        "length": 256,
        "owner_tier": 0,
        "request": "d2.r2",
        "segment_index": 10
      },
      {
        "cache_owner": "d0.r0",
        "epic_prefix_rows": [
          20,
          51
        ],
        "fingerprint": "a4093c0243d9f211",
        "length": 256,
        "owner_tier": 0,
        "request": "d2.r2",
        "segment_index": 11
      },
      {
        "cache_owner": "d0.r0",
        "epic_prefix_rows": [
          102,
          200
        ],
        "fingerprint": "254bfc97b06ef560",
        "length": 256,
        "owner_tier": 0,
        "request": "d2.r2",
        "segment_index": 12
      },
      {
        "cache_owner": "d0.r1",
        "epic_prefix_rows": [],
        "fingerprint": "6c05d74d66e75323",
        "length": 256,
        "owner_tier": 1,
        "request": "d2.r2",
        "segment_index": 13
      },
      {
        "cache_owner": "d0.r1",
        "epic_prefix_rows": [],
        "fingerprint": "9be32fe2c99887d1",
        "length": 256,
        "owner_tier": 1,
        "request": "d2.r2",
        "segment_index": 14
      },
      {
        "cache_owner": "d0.r1",
        "epic_prefix_rows": [],
        "fingerprint": "3fd8b144566f43ed",
        "length": 256,
        "owner_tier": 1,
        "request": "d2.r2",
        "segment_index": 15
      },
      {
        "cache_owner": "d0.r1",
        "epic_prefix_rows": [],
        "fingerprint": "30f09964a80d8f65",
        "length": 256,
        "owner_tier": 1,
        "request": "d2.r2",
        "segment_index": 16
      },
      {
        "cache_owner": "d0.r1",
        "epic_prefix_rows": [],
        "fingerprint": "74370d13c71ff044",
        "length": 256,
        "owner_tier": 1,
        "request": "d2.r2",
        "segment_index": 17
      },
      {
        "cache_owner": "d0.r1",
        "epic_prefix_rows": [],
        "fingerprint": "b98480609ff92086",
        "length": 256,
        "owner_tier": 1,
        "request": "d2.r2",
        "segment_index": 18
      },
      {
        "cache_owner": "d0.r1",
        "epic_prefix_rows": [],
        "fingerprint": "e27085abc1aa49a7",
        "length": 256,
        "owner_tier": 1,
        "request": "d2.r2",
        "segment_index": 19
      },
      {
        "cache_owner": "d0.r1",
        "epic_prefix_rows": [],
        "fingerprint": "cb30bf30b7b7b133",
        "length": 256,
        "owner_tier": 1,
        "request": "d2.r2",
        "segment_index": 20
      },
      {
        "cache_owner": "d0.r1",
        "epic_prefix_rows": [],
        "fingerprint": "4f6a58a7e21f2e4f",
        "length": 256,
        "owner_tier": 1,
        "request": "d2.r2",
        "segment_index": 21
      },
      {
        "cache_owner": "d0.r1",
        "epic_prefix_rows": [],
        "fingerprint": "2ef42bc347ac5ea9",
        "length": 256,
        "owner_tier": 1,
        "request": "d2.r2",
        "segment_index": 22
      },
      {
        "cache_owner": "d0.r2",
        "epic_prefix_rows": [],
        "fingerprint": "56f7715442fdf966",
        "length": 256,
        "owner_tier": 2,
        "request": "d2.r2",
        "segment_index": 23
      },
      {
        "cache_owner": "d0.r2",
        "epic_prefix_rows": [],
        "fingerprint": "69931b25dbad9d62",
        "length": 256,
        "owner_tier": 2,
        "request": "d2.r2",
        "segment_index": 24
      },
      {
        "cache_owner": "d0.r2",
        "epic_prefix_rows": [],
        "fingerprint": "68adf7d53a6d43ad",
        "length": 256,
        "owner_tier": 2,
        "request": "d2.r2",
        "segment_index": 25
      },
      {
        "cache_owner": "d0.r2",
        "epic_prefix_rows": [],
        "fingerprint": "025ec3a8491dfa52",
        "length": 256,
        "owner_tier": 2,
        "request": "d2.r2",
        "segment_index": 26
      },
      {
        "cache_owner": "d0.r2",
        "epic_prefix_rows": [],
        "fingerprint": "5f0fb92071edefba",
        "length": 256,
        "owner_tier": 2,
        "request": "d2.r2",
        "segment_index": 27
      },
      {
        "cache_owner": "d0.r2",
        "epic_prefix_rows": [],
        "fingerprint": "3798fae9eeb921ba",
        "length": 256,
        "owner_tier": 2,
        "request": "d2.r2",
        "segment_index": 28
      },
      {
        "cache_owner": "d0.r2",
        "epic_prefix_rows": [],
        "fingerprint": "05841ec733057ecb",
        "length": 256,
        "owner_tier": 2,
        "request": "d2.r2",
        "segment_index": 29
      },
      {
        "cache_owner": "d0.r2",
        "epic_prefix_rows": [],
        "fingerprint": "53d05282294c6bc4",
        "length": 256,
        "owner_tier": 2,
        "request": "d2.r2",
        "segment_index": 30
      },
      {
        "cache_owner": "d0.r2",
        "epic_prefix_rows": [],
        "fingerprint": "808907b51f157d1b",
        "length": 256,
        "owner_tier": 2,
        "request": "d2.r2",
        "segment_index": 31
      },
      {
        "cache_owner": "d0.r2",
        "epic_prefix_rows": [],
        "fingerprint": "a9736e94ffa61392",
        "length": 256,
        "owner_tier": 2,
        "request": "d2.r2",
        "segment_index": 32
      },
      {
        "cache_owner": "d0.r2",
        "epic_prefix_rows": [
          133,
          183
        ],
        "fingerprint": "98ad5e0e0d1a0991",
        "length": 256,
        "owner_tier": 2,
        "request": "d0.r3",
        "segment_index": 0
      },
      {
        "cache_owner": "d0.r0",
        "epic_prefix_rows": [
          86,
          240
        ],
        "fingerprint": "173f77422b3aca6e",
        "length": 256,
        "owner_tier": 0,
        "request": "d0.r3",
        "segment_index": 3
      },
      {
        "cache_owner": "d0.r0",
        "epic_prefix_rows": [
          29,
          104
        ],
        "fingerprint": "25cc8cd8a6360c41",
        "length": 256,
        "owner_tier": 0,
        "request": "d0.r3",
        "segment_index": 4
      },
      {
        "cache_owner": "d0.r0",
        "epic_prefix_rows": [
          81,
          82
        ],
        "fingerprint": "a24d833ce77269fd",
        "length": 256,
        "owner_tier": 0,
        "request": "d0.r3",
        "segment_index": 5
      },
      {
        "cache_owner": "d0.r0",
        "epic_prefix_rows": [
          128,
          175
        ],
        "fingerprint": "71c190096acd6433",
        "length": 256,
        "owner_tier": 0,
        "request": "d0.r3",
        "segment_index": 6
      },
      {
        "cache_owner": "d0.r0",
        "epic_prefix_rows": [
          60,
          226
        ],
        "fingerprint": "fef361162327d754",
        "length": 256,
        "owner_tier": 0,
        "request": "d0.r3",
        "segment_index": 7
      },
      {
        "cache_owner": "d0.r0",
        "epic_prefix_rows": [
          6,
          89
        ],
        "fingerprint": "276d06962ab722d7",
        "length": 256,
        "owner_tier": 0,
        "request": "d0.r3",
        "segment_index": 8
      },
      {
        "cache_owner": "d0.r0",
        "epic_prefix_rows": [
          209,
          241
        ],
        "fingerprint": "7e73ece24bb93834",
        "length": 256,
        "owner_tier": 0,
        "request": "d0.r3",
        "segment_index": 9
      },
      {
        "cache_owner": "d0.r0",
        "epic_prefix_rows": [
          159,
          182
        ],
        "fingerprint": "a8850a73c2483934",
        "length": 256,
        "owner_tier": 0,
        "request": "d0.r3",
        "segment_index": 10
      },
      {
        "cache_owner": "d0.r0",
        "epic_prefix_rows": [
          128,
          198
        ],
        "fingerprint": "a4093c0243d9f211",
        "length": 256,
        "owner_tier": 0,
        "request": "d0.r3",
        "segment_index": 11
      },
      {
        "cache_owner": "d0.r0",
        "epic_prefix_rows": [
          6,
          78
        ],
        "fingerprint": "254bfc97b06ef560",
        "length": 256,
        "owner_tier": 0,
        "request": "d0.r3",
        "segment_index": 12
      },
      {
        "cache_owner": "d0.r1",
        "epic_prefix_rows": [],
        "fingerprint": "6c05d74d66e75323",
        "length": 256,
        "owner_tier": 1,
        "request": "d0.r3",
        "segment_index": 13
      },
      {
        "cache_owner": "d0.r1",
        "epic_prefix_rows": [],
        "fingerprint": "9be32fe2c99887d1",
        "length": 256,
        "owner_tier": 1,
        "request": "d0.r3",
        "segment_index": 14
      },
      {
        "cache_owner": "d0.r1",
        "epic_prefix_rows": [],
        "fingerprint": "3fd8b144566f43ed",
        "length": 256,
        "owner_tier": 1,
        "request": "d0.r3",
        "segment_index": 15
      },
      {
        "cache_owner": "d0.r1",
        "epic_prefix_rows": [],
        "fingerprint": "30f09964a80d8f65",
        "length": 256,
        "owner_tier": 1,
        "request": "d0.r3",
        "segment_index": 16
      },
      {
        "cache_owner": "d0.r1",
        "epic_prefix_rows": [],
        "fingerprint": "74370d13c71ff044",
        "length": 256,
        "owner_tier": 1,
        "request": "d0.r3",
        "segment_index": 17
      },
      {
        "cache_owner": "d0.r1",
        "epic_prefix_rows": [],
        "fingerprint": "b98480609ff92086",
        "length": 256,
        "owner_tier": 1,
        "request": "d0.r3",
        "segment_index": 18
      },
      {
        "cache_owner": "d0.r1",
        "epic_prefix_rows": [],
        "fingerprint": "e27085abc1aa49a7",
        "length": 256,
        "owner_tier": 1,
        "request": "d0.r3",
        "segment_index": 19
      },
      {
        "cache_owner": "d0.r1",
        "epic_prefix_rows": [],
        "fingerprint": "cb30bf30b7b7b133",
        "length": 256,
        "owner_tier": 1,
        "request": "d0.r3",
        "segment_index": 20
      },
      {
        "cache_owner": "d0.r1",
        "epic_prefix_rows": [],
        "fingerprint": "4f6a58a7e21f2e4f",
        "length": 256,
        "owner_tier": 1,
        "request": "d0.r3",
        "segment_index": 21
      },
      {
        "cache_owner": "d0.r1",
        "epic_prefix_rows": [],
        "fingerprint": "2ef42bc347ac5ea9",
        "length": 256,
        "owner_tier": 1,
        "request": "d0.r3",
        "segment_index": 22
      },
      {
        "cache_owner": "d0.r2",
        "epic_prefix_rows": [],
        "fingerprint": "56f7715442fdf966",
        "length": 256,
        "owner_tier": 2,
        "request": "d0.r3",
        "segment_index": 23
      },
      {
        "cache_owner": "d0.r2",
        "epic_prefix_rows": [],
        "fingerprint": "69931b25dbad9d62",
        "length": 256,
        "owner_tier": 2,
        "request": "d0.r3",
        "segment_index": 24
      },
      {
        "cache_owner": "d0.r2",
        "epic_prefix_rows": [],
        "fingerprint": "68adf7d53a6d43ad",
        "length": 256,
        "owner_tier": 2,
        "request": "d0.r3",
        "segment_index": 25
      },
      {
        "cache_owner": "d0.r2",
        "epic_prefix_rows": [],
        "fingerprint": "025ec3a8491dfa52",
        "length": 256,
        "owner_tier": 2,
        "request": "d0.r3",
        "segment_index": 26
      },
      {
        "cache_owner": "d0.r2",
        "epic_prefix_rows": [],
        "fingerprint": "5f0fb92071edefba",
        "length": 256,
        "owner_tier": 2,
        "request": "d0.r3",
        "segment_index": 27
      },
      {
        "cache_owner": "d0.r2",
        "epic_prefix_rows": [],
        "fingerprint": "3798fae9eeb921ba",
        "length": 256,
        "owner_tier": 2,
        "request": "d0.r3",
        "segment_index": 28
      },
      {
        "cache_owner": "d0.r2",
        "epic_prefix_rows": [],
        "fingerprint": "05841ec733057ecb",
        "length": 256,
        "owner_tier": 2,
        "request": "d0.r3",
        "segment_index": 29
      },
      {
        "cache_owner": "d0.r2",
        "epic_prefix_rows": [],
        "fingerprint": "53d05282294c6bc4",
        "length": 256,
        "owner_tier": 2,
        "request": "d0.r3",
        "segment_index": 30
      },
      {
        "cache_owner": "d0.r2",
        "epic_prefix_rows": [],
        "fingerprint": "808907b51f157d1b",
        "length": 256,
        "owner_tier": 2,
        "request": "d0.r3",
        "segment_index": 31
      },
      {
        "cache_owner": "d0.r2",
        "epic_prefix_rows": [],
        "fingerprint": "a9736e94ffa61392",
        "length": 256,
        "owner_tier": 2,
        "request": "d0.r3",
        "segment_index": 32
      },
      {
        "cache_owner": "d1.r2",
        "epic_prefix_rows": [
          40,
          234
        ],
        "fingerprint": "835f2f6330af4c07",
        "length": 256,
        "owner_tier": 2,
        "request": "d1.r3",
        "segment_index": 0
      },
      {
        "cache_owner": "d0.r3",
        "epic_prefix_rows": [],
        "fingerprint": "3745a4701ee9f11e",
        "length": 256,
        "owner_tier": 3,
        "request": "d1.r3",
        "segment_index": 2
      },
      {
        "cache_owner": "d0.r0",
        "epic_prefix_rows": [
          23,
          171
        ],
        "fingerprint": "173f77422b3aca6e",
        "length": 256,
        "owner_tier": 0,
        "request": "d1.r3",
        "segment_index": 3
      },
      {
        "cache_owner": "d0.r0",
        "epic_prefix_rows": [
          69,
          143
        ],
        "fingerprint": "25cc8cd8a6360c41",
        "length": 256,
        "owner_tier": 0,
        "request": "d1.r3",
        "segment_index": 4
      },
      {
        "cache_owner": "d0.r0",
        "epic_prefix_rows": [
          122,
          246
        ],
        "fingerprint": "a24d833ce77269fd",
        "length": 256,
        "owner_tier": 0,
        "request": "d1.r3",
        "segment_index": 5
      },
      {
        "cache_owner": "d0.r0",
        "epic_prefix_rows": [
          147,
          180
        ],
        "fingerprint": "71c190096acd6433",
        "length": 256,
        "owner_tier": 0,
        "request": "d1.r3",
        "segment_index": 6
      },
      {
        "cache_owner": "d0.r0",
        "epic_prefix_rows": [
          67,
          183
        ],
        "fingerprint": "fef361162327d754",
        "length": 256,
        "owner_tier": 0,
        "request": "d1.r3",
        "segment_index": 7
      },
      {
        "cache_owner": "d0.r0",
        "epic_prefix_rows": [
          158,
          198
        ],
        "fingerprint": "276d06962ab722d7",
        "length": 256,
        "owner_tier": 0,
        "request": "d1.r3",
        "segment_index": 8
      },
      {
        "cache_owner": "d0.r0",
        "epic_prefix_rows": [
          41,
          212
        ],
        "fingerprint": "7e73ece24bb93834",
        "length": 256,
        "owner_tier": 0,
        "request": "d1.r3",
        "segment_index": 9
      },
      {
        "cache_owner": "d0.r0",
        "epic_prefix_rows": [
          0,
          98
        ],
        "fingerprint": "a8850a73c2483934",
        "length": 256,
        "owner_tier": 0,
        "request": "d1.r3",
        "segment_index": 10
      },
      {
        "cache_owner": "d0.r0",
        "epic_prefix_rows": [
          81,
          171
        ],
        "fingerprint": "a4093c0243d9f211",
        "length": 256,
        "owner_tier": 0,
        "request": "d1.r3",
        "segment_index": 11
      },
      {
        "cache_owner": "d0.r0",
        "epic_prefix_rows": [
          114,
          122
        ],
        "fingerprint": "254bfc97b06ef560",
        "length": 256,
        "owner_tier": 0,
        "request": "d1.r3",
        "segment_index": 12
      },
      {
        "cache_owner": "d0.r1",
        "epic_prefix_rows": [],
        "fingerprint": "6c05d74d66e75323",
        "length": 256,
        "owner_tier": 1,
        "request": "d1.r3",
        "segment_index": 13
      },
      {
        "cache_owner": "d0.r1",
        "epic_prefix_rows": [],
        "fingerprint": "9be32fe2c99887d1",
        "length": 256,
        "owner_tier": 1,
        "request": "d1.r3",
        "segment_index": 14
      },
      {
        "cache_owner": "d0.r1",
        "epic_prefix_rows": [],
        "fingerprint": "3fd8b144566f43ed",
        "length": 256,
        "owner_tier": 1,
        "request": "d1.r3",
        "segment_index": 15
      },
      {
        "cache_owner": "d0.r1",
        "epic_prefix_rows": [],
        "fingerprint": "30f09964a80d8f65",
        "length": 256,
        "owner_tier": 1,
        "request": "d1.r3",
        "segment_index": 16
      },
      {
        "cache_owner": "d0.r1",
        "epic_prefix_rows": [],
        "fingerprint": "74370d13c71ff044",
        "length": 256,
        "owner_tier": 1,
        "request": "d1.r3",
        "segment_index": 17
      },
      {
        "cache_owner": "d0.r1",
        "epic_prefix_rows": [],
        "fingerprint": "b98480609ff92086",
        "length": 256,
        "owner_tier": 1,
        "request": "d1.r3",
        "segment_index": 18
      },
      {
        "cache_owner": "d0.r1",
        "epic_prefix_rows": [],
        "fingerprint": "e27085abc1aa49a7",
        "length": 256,
        "owner_tier": 1,
        "request": "d1.r3",
        "segment_index": 19
      },
      {
        "cache_owner": "d0.r1",
        "epic_prefix_rows": [],
        "fingerprint": "cb30bf30b7b7b133",
        "length": 256,
        "owner_tier": 1,
        "request": "d1.r3",
        "segment_index": 20
      },
      {
        "cache_owner": "d0.r1",
        "epic_prefix_rows": [],
        "fingerprint": "4f6a58a7e21f2e4f",
        "length": 256,
        "owner_tier": 1,
        "request": "d1.r3",
        "segment_index": 21
      },
      {
        "cache_owner": "d0.r1",
        "epic_prefix_rows": [],
        "fingerprint": "2ef42bc347ac5ea9",
        "length": 256,
        "owner_tier": 1,
        "request": "d1.r3",
        "segment_index": 22
      },
      {
        "cache_owner": "d0.r2",
        "epic_prefix_rows": [],
        "fingerprint": "56f7715442fdf966",
        "length": 256,
        "owner_tier": 2,
        "request": "d1.r3",
        "segment_index": 23
      },
      {
        "cache_owner": "d0.r2",
        "epic_prefix_rows": [],
        "fingerprint": "69931b25dbad9d62",
        "length": 256,
        "owner_tier": 2,
        "request": "d1.r3",
        "segment_index": 24
      },
      {
        "cache_owner": "d0.r2",
        "epic_prefix_rows": [],
        "fingerprint": "68adf7d53a6d43ad",
        "length": 256,
        "owner_tier": 2,
        "request": "d1.r3",
        "segment_index": 25
      },
      {
        "cache_owner": "d0.r2",
        "epic_prefix_rows": [],
        "fingerprint": "025ec3a8491dfa52",
        "length": 256,
        "owner_tier": 2,
        "request": "d1.r3",
        "segment_index": 26
      },
      {
        "cache_owner": "d0.r2",
        "epic_prefix_rows": [],
        "fingerprint": "5f0fb92071edefba",
        "length": 256,
        "owner_tier": 2,
        "request": "d1.r3",
        "segment_index": 27
      },
      {
        "cache_owner": "d0.r2",
        "epic_prefix_rows": [],
        "fingerprint": "3798fae9eeb921ba",
        "length": 256,
        "owner_tier": 2,
        "request": "d1.r3",
        "segment_index": 28
      },
      {
        "cache_owner": "d0.r2",
        "epic_prefix_rows": [],
        "fingerprint": "05841ec733057ecb",
        "length": 256,
        "owner_tier": 2,
        "request": "d1.r3",
        "segment_index": 29
      },
      {
        "cache_owner": "d0.r2",
        "epic_prefix_rows": [],
        "fingerprint": "53d05282294c6bc4",
        "length": 256,
        "owner_tier": 2,
        "request": "d1.r3",
        "segment_index": 30
      },
      {
        "cache_owner": "d0.r2",
        "epic_prefix_rows": [],
        "fingerprint": "808907b51f157d1b",
        "length": 256,
        "owner_tier": 2,
        "request": "d1.r3",
        "segment_index": 31
      },
      {
        "cache_owner": "d0.r2",
        "epic_prefix_rows": [],
        "fingerprint": "a9736e94ffa61392",
        "length": 256,
        "owner_tier": 2,
        "request": "d1.r3",
        "segment_index": 32
      },
      {
        "cache_owner": "d0.r3",
        "epic_prefix_rows": [],
        "fingerprint": "45ae2eb61fca9159",
        "length": 256,
        "owner_tier": 3,
        "request": "d1.r3",
        "segment_index": 33
      },
      {
        "cache_owner": "d0.r3",
        "epic_prefix_rows": [],
        "fingerprint": "9be82bb1e1d51b15",
        "length": 256,
        "owner_tier": 3,
        "request": "d1.r3",
        "segment_index": 34
      },
      {
        "cache_owner": "d0.r3",
        "epic_prefix_rows": [],
        "fingerprint": "d3796ec8297d8d49",
        "length": 256,
        "owner_tier": 3,
        "request": "d1.r3",
        "segment_index": 35
      },
      {
        "cache_owner": "d0.r3",
        "epic_prefix_rows": [],
        "fingerprint": "e3ffc60c3ad64676",
        "length": 256,
        "owner_tier": 3,
        "request": "d1.r3",
        "segment_index": 36
      },
      {
        "cache_owner": "d0.r3",
        "epic_prefix_rows": [],
        "fingerprint": "55558bd9eec583a5",
        "length": 256,
        "owner_tier": 3,
        "request": "d1.r3",
        "segment_index": 37
      },
      {
        "cache_owner": "d0.r3",
        "epic_prefix_rows": [],
        "fingerprint": "e4cfa02c32aa48d8",
        "length": 256,
        "owner_tier": 3,
        "request": "d1.r3",
        "segment_index": 38
      },
      {
        "cache_owner": "d0.r3",
        "epic_prefix_rows": [],
        "fingerprint": "b0968f7aa0a748da",
        "length": 256,
        "owner_tier": 3,
        "request": "d1.r3",
        "segment_index": 39
      },
      {
        "cache_owner": "d0.r3",
        "epic_prefix_rows": [],
        "fingerprint": "d0decf1f69183f96",
        "length": 256,
        "owner_tier": 3,
        "request": "d1.r3",
        "segment_index": 40
      },
      {
        "cache_owner": "d0.r3",
        "epic_prefix_rows": [],
        "fingerprint": "bacbc23f57604927",
        "length": 256,
        "owner_tier": 3,
        "request": "d1.r3",
        "segment_index": 41
      },
      {
        "cache_owner": "d0.r3",
        "epic_prefix_rows": [],
        "fingerprint": "6378b20604fceaf0",
        "length": 256,
        "owner_tier": 3,
        "request": "d1.r3",
        "segment_index": 42
      },
      {
        "cache_owner": "d2.r2",
        "epic_prefix_rows": [
          193,
          229
        ],
        "fingerprint": "3745a4701ee9f11e",
        "length": 256,
        "owner_tier": 2,
        "request": "d2.r3",
        "segment_index": 0
      },
      {
        "cache_owner": "d1.r3",
        "epic_prefix_rows": [],
        "fingerprint": "98ad5e0e0d1a0991",
        "length": 256,
        "owner_tier": 3,
        "request": "d2.r3",
        "segment_index": 1
      },
      {
        "cache_owner": "d0.r3",
        "epic_prefix_rows": [
          16,
          212
        ],
        "fingerprint": "835f2f6330af4c07",
        "length": 256,
        "owner_tier": 3,
        "request": "d2.r3",
        "segment_index": 2
      },
      {
        "cache_owner": "d0.r0",
        "epic_prefix_rows": [
          205,
          214
        ],
        "fingerprint": "173f77422b3aca6e",
        "length": 256,
        "owner_tier": 0,
        "request": "d2.r3",
        "segment_index": 3
      },
      {
        "cache_owner": "d0.r0",
        "epic_prefix_rows": [
          23,
          84
        ],
        "fingerprint": "25cc8cd8a6360c41",
        "length": 256,
        "owner_tier": 0,
        "request": "d2.r3",
        "segment_index": 4
      },
      {
        "cache_owner": "d0.r0",
        "epic_prefix_rows": [
          32,
          228
        ],
        "fingerprint": "a24d833ce77269fd",
        "length": 256,
        "owner_tier": 0,
        "request": "d2.r3",
        "segment_index": 5
      },
      {
        "cache_owner": "d0.r0",
        "epic_prefix_rows": [
          80,
          132
        ],
        "fingerprint": "71c190096acd6433",
        "length": 256,
        "owner_tier": 0,
        "request": "d2.r3",
        "segment_index": 6
      },
      {
        "cache_owner": "d0.r0",
        "epic_prefix_rows": [
          228,
          249
        ],
        "fingerprint": "fef361162327d754",
        "length": 256,
        "owner_tier": 0,
        "request": "d2.r3",
        "segment_index": 7
      },
      {
        "cache_owner": "d0.r0",
        "epic_prefix_rows": [
          0,
          19
        ],
        "fingerprint": "276d06962ab722d7",
        "length": 256,
        "owner_tier": 0,
        "request": "d2.r3",
        "segment_index": 8
      },
      {
        "cache_owner": "d0.r0",
        "epic_prefix_rows": [
          166,
          253
        ],
        "fingerprint": "7e73ece24bb93834",
        "length": 256,
        "owner_tier": 0,
        "request": "d2.r3",
        "segment_index": 9
      },
      {
        "cache_owner": "d0.r0",
        "epic_prefix_rows": [
          159,
          239
        ],
        "fingerprint": "a8850a73c2483934",
        "length": 256,
        "owner_tier": 0,
        "request": "d2.r3",
        "segment_index": 10
      },
      {
        "cache_owner": "d0.r0",
        "epic_prefix_rows": [
          25,
          212
        ],
        "fingerprint": "a4093c0243d9f211",
        "length": 256,
        "owner_tier": 0,
        "request": "d2.r3",
        "segment_index": 11
      },
      {
        "cache_owner": "d0.r0",
        "epic_prefix_rows": [
          42,
          96
        ],
        "fingerprint": "254bfc97b06ef560",
        "length": 256,
        "owner_tier": 0,
        "request": "d2.r3",
        "segment_index": 12
      },
      {
        "cache_owner": "d0.r1",
        "epic_prefix_rows": [],
        "fingerprint": "6c05d74d66e75323",
        "length": 256,
        "owner_tier": 1,
        "request": "d2.r3",
        "segment_index": 13
      },
      {
        "cache_owner": "d0.r1",
        "epic_prefix_rows": [],
        "fingerprint": "9be32fe2c99887d1",
        "length": 256,
        "owner_tier": 1,
        "request": "d2.r3",
        "segment_index": 14
      },
      {
        "cache_owner": "d0.r1",
        "epic_prefix_rows": [],
        "fingerprint": "3fd8b144566f43ed",
        "length": 256,
        "owner_tier": 1,
        "request": "d2.r3",
        "segment_index": 15
      },
      {
        "cache_owner": "d0.r1",
        "epic_prefix_rows": [],
        "fingerprint": "30f09964a80d8f65",
        "length": 256,
        "owner_tier": 1,
        "request": "d2.r3",
        "segment_index": 16
      },
      {
        "cache_owner": "d0.r1",
        "epic_prefix_rows": [],
        "fingerprint": "74370d13c71ff044",
        "length": 256,
        "owner_tier": 1,
        "request": "d2.r3",
        "segment_index": 17
      },
      {
        "cache_owner": "d0.r1",
        "epic_prefix_rows": [],
        "fingerprint": "b98480609ff92086",
        "length": 256,
        "owner_tier": 1,
        "request": "d2.r3",
        "segment_index": 18
      },
      {
        "cache_owner": "d0.r1",
        "epic_prefix_rows": [],
        "fingerprint": "e27085abc1aa49a7",
        "length": 256,
        "owner_tier": 1,
        "request": "d2.r3",
        "segment_index": 19
      },
      {
        "cache_owner": "d0.r1",
        "epic_prefix_rows": [],
        "fingerprint": "cb30bf30b7b7b133",
        "length": 256,
        "owner_tier": 1,
        "request": "d2.r3",
        "segment_index": 20
      },
      {
        "cache_owner": "d0.r1",
        "epic_prefix_rows": [],
        "fingerprint": "4f6a58a7e21f2e4f",
        "length": 256,
        "owner_tier": 1,
        "request": "d2.r3",
        "segment_index": 21
      },
      {
        "cache_owner": "d0.r1",
        "epic_prefix_rows": [],
        "fingerprint": "2ef42bc347ac5ea9",
        "length": 256,
        "owner_tier": 1,
        "request": "d2.r3",
        "segment_index": 22
      },
      {
        "cache_owner": "d0.r2",
        "epic_prefix_rows": [],
        "fingerprint": "56f7715442fdf966",
        "length": 256,
        "owner_tier": 2,
        "request": "d2.r3",
        "segment_index": 23
      },
      {
        "cache_owner": "d0.r2",
        "epic_prefix_rows": [],
        "fingerprint": "69931b25dbad9d62",
        "length": 256,
        "owner_tier": 2,
        "request": "d2.r3",
        "segment_index": 24
      },
      {
        "cache_owner": "d0.r2",
        "epic_prefix_rows": [],
        "fingerprint": "68adf7d53a6d43ad",
        "length": 256,
        "owner_tier": 2,
        "request": "d2.r3",
        "segment_index": 25
      },
      {
        "cache_owner": "d0.r2",
        "epic_prefix_rows": [],
        "fingerprint": "025ec3a8491dfa52",
        "length": 256,
        "owner_tier": 2,
        "request": "d2.r3",
        "segment_index": 26
      },
      {
        "cache_owner": "d0.r2",
        "epic_prefix_rows": [],
        "fingerprint": "5f0fb92071edefba",
        "length": 256,
        "owner_tier": 2,
        "request": "d2.r3",
        "segment_index": 27
      },
      {
        "cache_owner": "d0.r2",
        "epic_prefix_rows": [],
        "fingerprint": "3798fae9eeb921ba",
        "length": 256,
        "owner_tier": 2,
        "request": "d2.r3",
        "segment_index": 28
      },
      {
        "cache_owner": "d0.r2",
        "epic_prefix_rows": [],
        "fingerprint": "05841ec733057ecb",
        "length": 256,
        "owner_tier": 2,
        "request": "d2.r3",
        "segment_index": 29
      },
      {
        "cache_owner": "d0.r2",
        "epic_prefix_rows": [],
        "fingerprint": "53d05282294c6bc4",
        "length": 256,
        "owner_tier": 2,
        "request": "d2.r3",
        "segment_index": 30
      },
      {
        "cache_owner": "d0.r2",
        "epic_prefix_rows": [],
        "fingerprint": "808907b51f157d1b",
        "length": 256,
        "owner_tier": 2,
        "request": "d2.r3",
        "segment_index": 31
      },
      {
        "cache_owner": "d0.r2",
        "epic_prefix_rows": [],
        "fingerprint": "a9736e94ffa61392",
        "length": 256,
        "owner_tier": 2,
        "request": "d2.r3",
        "segment_index": 32
      },
      {
        "cache_owner": "d0.r3",
        "epic_prefix_rows": [],
        "fingerprint": "45ae2eb61fca9159",
        "length": 256,
        "owner_tier": 3,
        "request": "d2.r3",
        "segment_index": 33
      },
      {
        "cache_owner": "d0.r3",
        "epic_prefix_rows": [],
        "fingerprint": "9be82bb1e1d51b15",
        "length": 256,
        "owner_tier": 3,
        "request": "d2.r3",
        "segment_index": 34
      },
      {
        "cache_owner": "d0.r3",
        "epic_prefix_rows": [],
        "fingerprint": "d3796ec8297d8d49",
        "length": 256,
        "owner_tier": 3,
        "request": "d2.r3",
        "segment_index": 35
      },
      {
        "cache_owner": "d0.r3",
        "epic_prefix_rows": [],
        "fingerprint": "e3ffc60c3ad64676",
        "length": 256,
        "owner_tier": 3,
        "request": "d2.r3",
        "segment_index": 36
      },
      {
        "cache_owner": "d0.r3",
        "epic_prefix_rows": [],
        "fingerprint": "55558bd9eec583a5",
        "length": 256,
        "owner_tier": 3,
        "request": "d2.r3",
        "segment_index": 37
      },
      {
        "cache_owner": "d0.r3",
        "epic_prefix_rows": [],
        "fingerprint": "e4cfa02c32aa48d8",
        "length": 256,
        "owner_tier": 3,
        "request": "d2.r3",
        "segment_index": 38
      },
      {
        "cache_owner": "d0.r3",
        "epic_prefix_rows": [],
        "fingerprint": "b0968f7aa0a748da",
        "length": 256,
        "owner_tier": 3,
        "request": "d2.r3",
        "segment_index": 39
      },
      {
        "cache_owner": "d0.r3",
        "epic_prefix_rows": [],
        "fingerprint": "d0decf1f69183f96",
        "length": 256,
        "owner_tier": 3,
        "request": "d2.r3",
        "segment_index": 40
      },
      {
        "cache_owner": "d0.r3",
        "epic_prefix_rows": [],
        "fingerprint": "bacbc23f57604927",
        "length": 256,
        "owner_tier": 3,
        "request": "d2.r3",
        "segment_index": 41
      },
      {
        "cache_owner": "d0.r3",
        "epic_prefix_rows": [],
        "fingerprint": "6378b20604fceaf0",
        "length": 256,
        "owner_tier": 3,
        "request": "d2.r3",
        "segment_index": 42
      },
      {
        "cache_owner": "d0.r3",
        "epic_prefix_rows": [
          7,
          66
        ],
        "fingerprint": "f2dd829b844ba0ed",
        "length": 256,
        "owner_tier": 3,
        "request": "d0.r4",
        "segment_index": 0
      },
      {
        "cache_owner": "d0.r0",
        "epic_prefix_rows": [
          205,
          213
        ],
        "fingerprint": "173f77422b3aca6e",
        "length": 256,
        "owner_tier": 0,
        "request": "d0.r4",
        "segment_index": 3
      },
      {
        "cache_owner": "d0.r0",
        "epic_prefix_rows": [
          1,
          161
        ],
        "fingerprint": "25cc8cd8a6360c41",
        "length": 256,
        "owner_tier": 0,
        "request": "d0.r4",
        "segment_index": 4
      },
      {
        "cache_owner": "d0.r0",
        "epic_prefix_rows": [
          7,
          109
        ],
        "fingerprint": "a24d833ce77269fd",
        "length": 256,
        "owner_tier": 0,
        "request": "d0.r4",
        "segment_index": 5
      },
      {
        "cache_owner": "d0.r0",
        "epic_prefix_rows": [
          1,
          50
        ],
        "fingerprint": "71c190096acd6433",
        "length": 256,
        "owner_tier": 0,
        "request": "d0.r4",
        "segment_index": 6
      },
      {
        "cache_owner": "d0.r0",
        "epic_prefix_rows": [
          60,
          97
        ],
        "fingerprint": "fef361162327d754",
        "length": 256,
        "owner_tier": 0,
        "request": "d0.r4",
        "segment_index": 7
      },
      {
        "cache_owner": "d0.r0",
        "epic_prefix_rows": [
          101,
          154
        ],
        "fingerprint": "276d06962ab722d7",
        "length": 256,
        "owner_tier": 0,
        "request": "d0.r4",
        "segment_index": 8
      },
      {
        "cache_owner": "d0.r0",
        "epic_prefix_rows": [
          93,
          143
        ],
        "fingerprint": "7e73ece24bb93834",
        "length": 256,
        "owner_tier": 0,
        "request": "d0.r4",
        "segment_index": 9
      },
      {
        "cache_owner": "d0.r0",
        "epic_prefix_rows": [
          51,
          243
        ],
        "fingerprint": "a8850a73c2483934",
        "length": 256,
        "owner_tier": 0,
        "request": "d0.r4",
        "segment_index": 10
      },
      {
        "cache_owner": "d0.r0",
        "epic_prefix_rows": [
          41,
          203
        ],
        "fingerprint": "a4093c0243d9f211",
        "length": 256,
        "owner_tier": 0,
        "request": "d0.r4",
        "segment_index": 11
      },
      {
        "cache_owner": "d0.r0",
        "epic_prefix_rows": [
          11,
          140
        ],
        "fingerprint": "254bfc97b06ef560",
        "length": 256,
        "owner_tier": 0,
        "request": "d0.r4",
        "segment_index": 12
      },
      {
        "cache_owner": "d0.r1",
        "epic_prefix_rows": [],
        "fingerprint": "6c05d74d66e75323",
        "length": 256,
        "owner_tier": 1,
        "request": "d0.r4",
        "segment_index": 13
      },
      {
        "cache_owner": "d0.r1",
        "epic_prefix_rows": [],
        "fingerprint": "9be32fe2c99887d1",
        "length": 256,
        "owner_tier": 1,
        "request": "d0.r4",
        "segment_index": 14
      },
      {
        "cache_owner": "d0.r1",
        "epic_prefix_rows": [],
        "fingerprint": "3fd8b144566f43ed",
        "length": 256,
        "owner_tier": 1,
        "request": "d0.r4",
        "segment_index": 15
      },
      {
        "cache_owner": "d0.r1",
        "epic_prefix_rows": [],
        "fingerprint": "30f09964a80d8f65",
        "length": 256,
        "owner_tier": 1,
        "request": "d0.r4",
        "segment_index": 16
      },
      {
        "cache_owner": "d0.r1",
        "epic_prefix_rows": [],
        "fingerprint": "74370d13c71ff044",
        "length": 256,
        "owner_tier": 1,
        "request": "d0.r4",
        "segment_index": 17
      },
      {
        "cache_owner": "d0.r1",
        "epic_prefix_rows": [],
        "fingerprint": "b98480609ff92086",
        "length": 256,
        "owner_tier": 1,
        "request": "d0.r4",
        "segment_index": 18
      },
      {
        "cache_owner": "d0.r1",
        "epic_prefix_rows": [],
        "fingerprint": "e27085abc1aa49a7",
        "length": 256,
        "owner_tier": 1,
        "request": "d0.r4",
        "segment_index": 19
      },
      {
        "cache_owner": "d0.r1",
        "epic_prefix_rows": [],
        "fingerprint": "cb30bf30b7b7b133",
        "length": 256,
        "owner_tier": 1,
        "request": "d0.r4",
        "segment_index": 20
      },
      {
        "cache_owner": "d0.r1",
        "epic_prefix_rows": [],
        "fingerprint": "4f6a58a7e21f2e4f",
        "length": 256,
        "owner_tier": 1,
        "request": "d0.r4",
        "segment_index": 21
      },
      {
        "cache_owner": "d0.r1",
        "epic_prefix_rows": [],
        "fingerprint": "2ef42bc347ac5ea9",
        "length": 256,
        "owner_tier": 1,
        "request": "d0.r4",
        "segment_index": 22
      },
      {
        "cache_owner": "d0.r2",
        "epic_prefix_rows": [],
        "fingerprint": "56f7715442fdf966",
        "length": 256,
        "owner_tier": 2,
        "request": "d0.r4",
        "segment_index": 23
      },
      {
        "cache_owner": "d0.r2",
        "epic_prefix_rows": [],
        "fingerprint": "69931b25dbad9d62",
        "length": 256,
        "owner_tier": 2,
        "request": "d0.r4",
        "segment_index": 24
      },
      {
        "cache_owner": "d0.r2",
        "epic_prefix_rows": [],
        "fingerprint": "68adf7d53a6d43ad",
        "length": 256,
        "owner_tier": 2,
        "request": "d0.r4",
        "segment_index": 25
      },
      {
        "cache_owner": "d0.r2",
        "epic_prefix_rows": [],
        "fingerprint": "025ec3a8491dfa52",
        "length": 256,
        "owner_tier": 2,
        "request": "d0.r4",
        "segment_index": 26
      },
      {
        "cache_owner": "d0.r2",
        "epic_prefix_rows": [],
        "fingerprint": "5f0fb92071edefba",
        "length": 256,
        "owner_tier": 2,
        "request": "d0.r4",
        "segment_index": 27
      },
      {
        "cache_owner": "d0.r2",
        "epic_prefix_rows": [],
        "fingerprint": "3798fae9eeb921ba",
        "length": 256,
        "owner_tier": 2,
        "request": "d0.r4",
        "segment_index": 28
      },
      {
        "cache_owner": "d0.r2",
        "epic_prefix_rows": [],
        "fingerprint": "05841ec733057ecb",
        "length": 256,
        "owner_tier": 2,
        "request": "d0.r4",
        "segment_index": 29
      },
      {
        "cache_owner": "d0.r2",
        "epic_prefix_rows": [],
        "fingerprint": "53d05282294c6bc4",
        "length": 256,
        "owner_tier": 2,
        "request": "d0.r4",
        "segment_index": 30
      },
      {
        "cache_owner": "d0.r2",
        "epic_prefix_rows": [],
        "fingerprint": "808907b51f157d1b",
        "length": 256,
        "owner_tier": 2,
        "request": "d0.r4",
        "segment_index": 31
      },
      {
        "cache_owner": "d0.r2",
        "epic_prefix_rows": [],
        "fingerprint": "a9736e94ffa61392",
        "length": 256,
        "owner_tier": 2,
        "request": "d0.r4",
        "segment_index": 32
      },
      {
        "cache_owner": "d0.r3",
        "epic_prefix_rows": [],
        "fingerprint": "45ae2eb61fca9159",
        "length": 256,
        "owner_tier": 3,
        "request": "d0.r4",
        "segment_index": 33
      },
      {
        "cache_owner": "d0.r3",
        "epic_prefix_rows": [],
        "fingerprint": "9be82bb1e1d51b15",
        "length": 256,
        "owner_tier": 3,
        "request": "d0.r4",
        "segment_index": 34
      },
      {
        "cache_owner": "d0.r3",
        "epic_prefix_rows": [],
        "fingerprint": "d3796ec8297d8d49",
        "length": 256,
        "owner_tier": 3,
        "request": "d0.r4",
        "segment_index": 35
      },
      {
        "cache_owner": "d0.r3",
        "epic_prefix_rows": [],
        "fingerprint": "e3ffc60c3ad64676",
        "length": 256,
        "owner_tier": 3,
        "request": "d0.r4",
        "segment_index": 36
      },
      {
        "cache_owner": "d0.r3",
        "epic_prefix_rows": [],
        "fingerprint": "55558bd9eec583a5",
        "length": 256,
        "owner_tier": 3,
        "request": "d0.r4",
        "segment_index": 37
      },
      {
        "cache_owner": "d0.r3",
        "epic_prefix_rows": [],
        "fingerprint": "e4cfa02c32aa48d8",
        "length": 256,
        "owner_tier": 3,
        "request": "d0.r4",
        "segment_index": 38
      },
      {
        "cache_owner": "d0.r3",
        "epic_prefix_rows": [],
        "fingerprint": "b0968f7aa0a748da",
        "length": 256,
        "owner_tier": 3,
        "request": "d0.r4",
        "segment_index": 39
      },
      {
        "cache_owner": "d0.r3",
        "epic_prefix_rows": [],
        "fingerprint": "d0decf1f69183f96",
        "length": 256,
        "owner_tier": 3,
        "request": "d0.r4",
        "segment_index": 40
      },
      {
        "cache_owner": "d0.r3",
        "epic_prefix_rows": [],
        "fingerprint": "bacbc23f57604927",
        "length": 256,
        "owner_tier": 3,
        "request": "d0.r4",
        "segment_index": 41
      },
      {
        "cache_owner": "d0.r3",
        "epic_prefix_rows": [],
        "fingerprint": "6378b20604fceaf0",
        "length": 256,
        "owner_tier": 3,
        "request": "d0.r4",
        "segment_index": 42
      },
      {
        "cache_owner": "d1.r3",
        "epic_prefix_rows": [
          59,
          231
        ],
        "fingerprint": "1dfa921d3d2f2857",
        "length": 256,
        "owner_tier": 3,
        "request": "d1.r4",
        "segment_index": 0
      },
      {
        "cache_owner": "d0.r4",
        "epic_prefix_rows": [],
        "fingerprint": "ca02ac4389b731ae",
        "length": 256,
        "owner_tier": 4,
        "request": "d1.r4",
        "segment_index": 2
      },
      {
        "cache_owner": "d0.r0",
        "epic_prefix_rows": [
          68,
          131
        ],
        "fingerprint": "173f77422b3aca6e",
        "length": 256,
        "owner_tier": 0,
        "request": "d1.r4",
        "segment_index": 3
      },
      {
        "cache_owner": "d0.r0",
        "epic_prefix_rows": [
          58,
          177
        ],
        "fingerprint": "25cc8cd8a6360c41",
        "length": 256,
        "owner_tier": 0,
        "request": "d1.r4",
        "segment_index": 4
      },
      {
        "cache_owner": "d0.r0",
        "epic_prefix_rows": [
          79,
          142
        ],
        "fingerprint": "a24d833ce77269fd",
        "length": 256,
        "owner_tier": 0,
        "request": "d1.r4",
        "segment_index": 5
      },
      {
        "cache_owner": "d0.r0",
        "epic_prefix_rows": [
          9,
          21
        ],
        "fingerprint": "71c190096acd6433",
        "length": 256,
        "owner_tier": 0,
        "request": "d1.r4",
        "segment_index": 6
      },
      {
        "cache_owner": "d0.r0",
        "epic_prefix_rows": [
          20,
          105
        ],
        "fingerprint": "fef361162327d754",
        "length": 256,
        "owner_tier": 0,
        "request": "d1.r4",
        "segment_index": 7
      },
      {
        "cache_owner": "d0.r0",
        "epic_prefix_rows": [
          132,
          161
        ],
        "fingerprint": "276d06962ab722d7",
        "length": 256,
        "owner_tier": 0,
        "request": "d1.r4",
        "segment_index": 8
      },
      {
        "cache_owner": "d0.r0",
        "epic_prefix_rows": [
          21,
          187
        ],
        "fingerprint": "7e73ece24bb93834",
        "length": 256,
        "owner_tier": 0,
        "request": "d1.r4",
        "segment_index": 9
      },
      {
        "cache_owner": "d0.r0",
        "epic_prefix_rows": [
          234,
          253
        ],
        "fingerprint": "a8850a73c2483934",
        "length": 256,
        "owner_tier": 0,
        "request": "d1.r4",
        "segment_index": 10
      },
      {
        "cache_owner": "d0.r0",
        "epic_prefix_rows": [
          190,
          222
        ],
        "fingerprint": "a4093c0243d9f211",
        "length": 256,
        "owner_tier": 0,
        "request": "d1.r4",
        "segment_index": 11
      },
      {
        "cache_owner": "d0.r0",
        "epic_prefix_rows": [
          91,
          106
        ],
        "fingerprint": "254bfc97b06ef560",
        "length": 256,
        "owner_tier": 0,
        "request": "d1.r4",
        "segment_index": 12
      },
      {
        "cache_owner": "d0.r1",
        "epic_prefix_rows": [],
        "fingerprint": "6c05d74d66e75323",
        "length": 256,
        "owner_tier": 1,
        "request": "d1.r4",
        "segment_index": 13
      },
      {
        "cache_owner": "d0.r1",
        "epic_prefix_rows": [],
        "fingerprint": "9be32fe2c99887d1",
        "length": 256,
        "owner_tier": 1,
        "request": "d1.r4",
        "segment_index": 14
      },
      {
        "cache_owner": "d0.r1",
        "epic_prefix_rows": [],
        "fingerprint": "3fd8b144566f43ed",
        "length": 256,
        "owner_tier": 1,
        "request": "d1.r4",
        "segment_index": 15
      },
      {
        "cache_owner": "d0.r1",
        "epic_prefix_rows": [],
        "fingerprint": "30f09964a80d8f65",
        "length": 256,
        "owner_tier": 1,
        "request": "d1.r4",
        "segment_index": 16
      },
      {
        "cache_owner": "d0.r1",
        "epic_prefix_rows": [],
        "fingerprint": "74370d13c71ff044",
        "length": 256,
        "owner_tier": 1,
        "request": "d1.r4",
        "segment_index": 17
      },
      {
        "cache_owner": "d0.r1",
        "epic_prefix_rows": [],
        "fingerprint": "b98480609ff92086",
        "length": 256,
        "owner_tier": 1,
        "request": "d1.r4",
        "segment_index": 18
      },
      {
        "cache_owner": "d0.r1",
        "epic_prefix_rows": [],
        "fingerprint": "e27085abc1aa49a7",
        "length": 256,
        "owner_tier": 1,
        "request": "d1.r4",
        "segment_index": 19
      },
      {
        "cache_owner": "d0.r1",
        "epic_prefix_rows": [],
        "fingerprint": "cb30bf30b7b7b133",
        "length": 256,
        "owner_tier": 1,
        "request": "d1.r4",
        "segment_index": 20
      },
      {
        "cache_owner": "d0.r1",
        "epic_prefix_rows": [],
        "fingerprint": "4f6a58a7e21f2e4f",
        "length": 256,
        "owner_tier": 1,
        "request": "d1.r4",
        "segment_index": 21
      },
      {
        "cache_owner": "d0.r1",
        "epic_prefix_rows": [],
        "fingerprint": "2ef42bc347ac5ea9",
        "length": 256,
        "owner_tier": 1,
        "request": "d1.r4",
        "segment_index": 22
      },
      {
        "cache_owner": "d0.r2",
        "epic_prefix_rows": [],
        "fingerprint": "56f7715442fdf966",
        "length": 256,
        "owner_tier": 2,
        "request": "d1.r4",
        "segment_index": 23
      },
      {
        "cache_owner": "d0.r2",
        "epic_prefix_rows": [],
        "fingerprint": "69931b25dbad9d62",
        "length": 256,
        "owner_tier": 2,
        "request": "d1.r4",
        "segment_index": 24
      },
      {
        "cache_owner": "d0.r2",
        "epic_prefix_rows": [],
        "fingerprint": "68adf7d53a6d43ad",
        "length": 256,
        "owner_tier": 2,
        "request": "d1.r4",
        "segment_index": 25
      },
      {
        "cache_owner": "d0.r2",
        "epic_prefix_rows": [],
        "fingerprint": "025ec3a8491dfa52",
        "length": 256,
        "owner_tier": 2,
        "request": "d1.r4",
        "segment_index": 26
      },
      {
        "cache_owner": "d0.r2",
        "epic_prefix_rows": [],
        "fingerprint": "5f0fb92071edefba",
        "length": 256,
        "owner_tier": 2,
        "request": "d1.r4",
        "segment_index": 27
      },
      {
        "cache_owner": "d0.r2",
        "epic_prefix_rows": [],
        "fingerprint": "3798fae9eeb921ba",
        "length": 256,
        "owner_tier": 2,
        "request": "d1.r4",
        "segment_index": 28
      },
      {
        "cache_owner": "d0.r2",
        "epic_prefix_rows": [],
        "fingerprint": "05841ec733057ecb",
        "length": 256,
        "owner_tier": 2,
        "request": "d1.r4",
        "segment_index": 29
      },
      {
        "cache_owner": "d0.r2",
        "epic_prefix_rows": [],
        "fingerprint": "53d05282294c6bc4",
        "length": 256,
        "owner_tier": 2,
        "request": "d1.r4",
        "segment_index": 30
      },
      {
        "cache_owner": "d0.r2",
        "epic_prefix_rows": [],
        "fingerprint": "808907b51f157d1b",
        "length": 256,
        "owner_tier": 2,
        "request": "d1.r4",
        "segment_index": 31
      },
      {
        "cache_owner": "d0.r2",
        "epic_prefix_rows": [],
        "fingerprint": "a9736e94ffa61392",
        "length": 256,
        "owner_tier": 2,
        "request": "d1.r4",
        "segment_index": 32
      },
      {
        "cache_owner": "d0.r3",
        "epic_prefix_rows": [],
        "fingerprint": "45ae2eb61fca9159",
        "length": 256,
        "owner_tier": 3,
        "request": "d1.r4",
        "segment_index": 33
      },
      {
        "cache_owner": "d0.r3",
        "epic_prefix_rows": [],
        "fingerprint": "9be82bb1e1d51b15",
        "length": 256,
        "owner_tier": 3,
        "request": "d1.r4",
        "segment_index": 34
      },
      {
        "cache_owner": "d0.r3",
        "epic_prefix_rows": [],
        "fingerprint": "d3796ec8297d8d49",
        "length": 256,
        "owner_tier": 3,
        "request": "d1.r4",
        "segment_index": 35
      },
      {
        "cache_owner": "d0.r3",
        "epic_prefix_rows": [],
        "fingerprint": "e3ffc60c3ad64676",
        "length": 256,
        "owner_tier": 3,
        "request": "d1.r4",
        "segment_index": 36
      },
      {
        "cache_owner": "d0.r3",
        "epic_prefix_rows": [],
        "fingerprint": "55558bd9eec583a5",
        "length": 256,
        "owner_tier": 3,
        "request": "d1.r4",
        "segment_index": 37
      },
      {
        "cache_owner": "d0.r3",
        "epic_prefix_rows": [],
        "fingerprint": "e4cfa02c32aa48d8",
        "length": 256,
        "owner_tier": 3,
        "request": "d1.r4",
        "segment_index": 38
      },
      {
        "cache_owner": "d0.r3",
        "epic_prefix_rows": [],
        "fingerprint": "b0968f7aa0a748da",
        "length": 256,
        "owner_tier": 3,
        "request": "d1.r4",
        "segment_index": 39
      },
      {
        "cache_owner": "d0.r3",
        "epic_prefix_rows": [],
        "fingerprint": "d0decf1f69183f96",
        "length": 256,
        "owner_tier": 3,
        "request": "d1.r4",
        "segment_index": 40
      },
      {
        "cache_owner": "d0.r3",
        "epic_prefix_rows": [],
        "fingerprint": "bacbc23f57604927",
        "length": 256,
        "owner_tier": 3,
        "request": "d1.r4",
        "segment_index": 41
      },
      {
        "cache_owner": "d0.r3",
        "epic_prefix_rows": [],
        "fingerprint": "6378b20604fceaf0",
        "length": 256,
        "owner_tier": 3,
        "request": "d1.r4",
        "segment_index": 42
      },
      {
        "cache_owner": "d0.r4",
        "epic_prefix_rows": [],
        "fingerprint": "40bc15a1ab7a0516",
        "length": 256,
        "owner_tier": 4,
        "request": "d1.r4",
        "segment_index": 43
      },
      {
        "cache_owner": "d0.r4",
        "epic_prefix_rows": [],
        "fingerprint": "663a1ce24690318b",
        "length": 256,
        "owner_tier": 4,
        "request": "d1.r4",
        "segment_index": 44
      },
      {
        "cache_owner": "d0.r4",
        "epic_prefix_rows": [],
        "fingerprint": "13ae68de86975a74",
        "length": 256,
        "owner_tier": 4,
        "request": "d1.r4",
        "segment_index": 45
      },
      {
        "cache_owner": "d0.r4",
        "epic_prefix_rows": [],
        "fingerprint": "75f8a918c1d4a485",
        "length": 256,
        "owner_tier": 4,
        "request": "d1.r4",
        "segment_index": 46
      },
      {
        "cache_owner": "d0.r4",
        "epic_prefix_rows": [],
        "fingerprint": "be03bd452a0282e0",
        "length": 256,
        "owner_tier": 4,
        "request": "d1.r4",
        "segment_index": 47
      },
      {
        "cache_owner": "d0.r4",
        "epic_prefix_rows": [],
        "fingerprint": "26f764cc81f7edb5",
        "length": 256,
        "owner_tier": 4,
        "request": "d1.r4",
        "segment_index": 48
      },
      {
        "cache_owner": "d0.r4",
        "epic_prefix_rows": [],
        "fingerprint": "eaef666141ce767b",
        "length": 256,
        "owner_tier": 4,
        "request": "d1.r4",
        "segment_index": 49
      },
      {
        "cache_owner": "d0.r4",
        "epic_prefix_rows": [],
        "fingerprint": "abf517b21f1ed6d9",
        "length": 256,
        "owner_tier": 4,
        "request": "d1.r4",
        "segment_index": 50
      },
      {
        "cache_owner": "d0.r4",
        "epic_prefix_rows": [],
        "fingerprint": "d2e62af3e03ca0ba",
        "length": 256,
        "owner_tier": 4,
        "request": "d1.r4",
        "segment_index": 51
      },
      {
        "cache_owner": "d2.r3",
        "epic_prefix_rows": [
          149,
          192
        ],
        "fingerprint": "ca02ac4389b731ae",
        "length": 256,
        "owner_tier": 3,
        "request": "d2.r4",
        "segment_index": 0
      },
      {
        "cache_owner": "d1.r4",
        "epic_prefix_rows": [],
        "fingerprint": "f2dd829b844ba0ed",
        "length": 256,
        "owner_tier": 4,
        "request": "d2.r4",
        "segment_index": 1
      },
      {
        "cache_owner": "d0.r4",
        "epic_prefix_rows": [
          4,
          70
        ],
        "fingerprint": "1dfa921d3d2f2857",
        "length": 256,
        "owner_tier": 4,
        "request": "d2.r4",
        "segment_index": 2
      },
      {
        "cache_owner": "d0.r0",
        "epic_prefix_rows": [
          77,
          138
        ],
        "fingerprint": "173f77422b3aca6e",
        "length": 256,
        "owner_tier": 0,
        "request": "d2.r4",
        "segment_index": 3
      },
      {
        "cache_owner": "d0.r0",
        "epic_prefix_rows": [
          170,
          172
        ],
        "fingerprint": "25cc8cd8a6360c41",
        "length": 256,
        "owner_tier": 0,
        "request": "d2.r4",
        "segment_index": 4
      },
      {
        "cache_owner": "d0.r0",
        "epic_prefix_rows": [
          47,
          188
        ],
        "fingerprint": "a24d833ce77269fd",
        "length": 256,
        "owner_tier": 0,
        "request": "d2.r4",
        "segment_index": 5
      },
      {
        "cache_owner": "d0.r0",
        "epic_prefix_rows": [
          18,
          173
        ],
        "fingerprint": "71c190096acd6433",
        "length": 256,
        "owner_tier": 0,
        "request": "d2.r4",
        "segment_index": 6
      },
      {
        "cache_owner": "d0.r0",
        "epic_prefix_rows": [
          21,
          138
        ],
        "fingerprint": "fef361162327d754",
        "length": 256,
        "owner_tier": 0,
        "request": "d2.r4",
        "segment_index": 7
      },
      {
        "cache_owner": "d0.r0",
        "epic_prefix_rows": [
          76,
          83
        ],
        "fingerprint": "276d06962ab722d7",
        "length": 256,
        "owner_tier": 0,
        "request": "d2.r4",
        "segment_index": 8
      },
      {
        "cache_owner": "d0.r0",
        "epic_prefix_rows": [
          148,
          184
        ],
        "fingerprint": "7e73ece24bb93834",
        "length": 256,
        "owner_tier": 0,
        "request": "d2.r4",
        "segment_index": 9
      },
      {
        "cache_owner": "d0.r0",
        "epic_prefix_rows": [
          66,
          202
        ],
        "fingerprint": "a8850a73c2483934",
        "length": 256,
        "owner_tier": 0,
        "request": "d2.r4",
        "segment_index": 10
      },
      {
        "cache_owner": "d0.r0",
        "epic_prefix_rows": [
          58,
          150
        ],
        "fingerprint": "a4093c0243d9f211",
        "length": 256,
        "owner_tier": 0,
        "request": "d2.r4",
        "segment_index": 11
      },
      {
        "cache_owner": "d0.r0",
        "epic_prefix_rows": [
          122,
          244
        ],
        "fingerprint": "254bfc97b06ef560",
        "length": 256,
        "owner_tier": 0,
        "request": "d2.r4",
        "segment_index": 12
      },
      {
        "cache_owner": "d0.r1",
        "epic_prefix_rows": [],
        "fingerprint": "6c05d74d66e75323",
        "length": 256,
        "owner_tier": 1,
        "request": "d2.r4",
        "segment_index": 13
      },
      {
        "cache_owner": "d0.r1",
        "epic_prefix_rows": [],
        "fingerprint": "9be32fe2c99887d1",
        "length": 256,
        "owner_tier": 1,
        "request": "d2.r4",
        "segment_index": 14
      },
      {
        "cache_owner": "d0.r1",
        "epic_prefix_rows": [],
        "fingerprint": "3fd8b144566f43ed",
        "length": 256,
        "owner_tier": 1,
        "request": "d2.r4",
        "segment_index": 15
      },
      {
        "cache_owner": "d0.r1",
        "epic_prefix_rows": [],
        "fingerprint": "30f09964a80d8f65",
        "length": 256,
        "owner_tier": 1,
        "request": "d2.r4",
        "segment_index": 16
      },
      {
        "cache_owner": "d0.r1",
        "epic_prefix_rows": [],
        "fingerprint": "74370d13c71ff044",
        "length": 256,
        "owner_tier": 1,
        "request": "d2.r4",
        "segment_index": 17
      },
      {
        "cache_owner": "d0.r1",
        "epic_prefix_rows": [],
        "fingerprint": "b98480609ff92086",
        "length": 256,
        "owner_tier": 1,
        "request": "d2.r4",
        "segment_index": 18
      },
      {
        "cache_owner": "d0.r1",
        "epic_prefix_rows": [],
        "fingerprint": "e27085abc1aa49a7",
        "length": 256,
        "owner_tier": 1,
        "request": "d2.r4",
        "segment_index": 19
      },
      {
        "cache_owner": "d0.r1",
        "epic_prefix_rows": [],
        "fingerprint": "cb30bf30b7b7b133",
        "length": 256,
        "owner_tier": 1,
        "request": "d2.r4",
        "segment_index": 20
      },
      {
        "cache_owner": "d0.r1",
        "epic_prefix_rows": [],
        "fingerprint": "4f6a58a7e21f2e4f",
        "length": 256,
        "owner_tier": 1,
        "request": "d2.r4",
        "segment_index": 21
      },
      {
        "cache_owner": "d0.r1",
        "epic_prefix_rows": [],
        "fingerprint": "2ef42bc347ac5ea9",
        "length": 256,
        "owner_tier": 1,
        "request": "d2.r4",
        "segment_index": 22
      },
      {
        "cache_owner": "d0.r2",
        "epic_prefix_rows": [],
        "fingerprint": "56f7715442fdf966",
        "length": 256,
        "owner_tier": 2,
        "request": "d2.r4",
        "segment_index": 23
      },
      {
        "cache_owner": "d0.r2",
        "epic_prefix_rows": [],
        "fingerprint": "69931b25dbad9d62",
        "length": 256,
        "owner_tier": 2,
        "request": "d2.r4",
        "segment_index": 24
      },
      {
        "cache_owner": "d0.r2",
        "epic_prefix_rows": [],
        "fingerprint": "68adf7d53a6d43ad",
        "length": 256,
        "owner_tier": 2,
        "request": "d2.r4",
        "segment_index": 25
      },
      {
        "cache_owner": "d0.r2",
        "epic_prefix_rows": [],
        "fingerprint": "025ec3a8491dfa52",
        "length": 256,
        "owner_tier": 2,
        "request": "d2.r4",
        "segment_index": 26
      },
      {
        "cache_owner": "d0.r2",
        "epic_prefix_rows": [],
        "fingerprint": "5f0fb92071edefba",
        "length": 256,
        "owner_tier": 2,
        "request": "d2.r4",
        "segment_index": 27
      },
      {
        "cache_owner": "d0.r2",
        "epic_prefix_rows": [],
        "fingerprint": "3798fae9eeb921ba",
        "length": 256,
        "owner_tier": 2,
        "request": "d2.r4",
        "segment_index": 28
      },
      {
        "cache_owner": "d0.r2",
        "epic_prefix_rows": [],
        "fingerprint": "05841ec733057ecb",
        "length": 256,
        "owner_tier": 2,
        "request": "d2.r4",
        "segment_index": 29
      },
      {
        "cache_owner": "d0.r2",
        "epic_prefix_rows": [],
        "fingerprint": "53d05282294c6bc4",
        "length": 256,
        "owner_tier": 2,
        "request": "d2.r4",
        "segment_index": 30
      },
      {
        "cache_owner": "d0.r2",
        "epic_prefix_rows": [],
        "fingerprint": "808907b51f157d1b",
        "length": 256,
        "owner_tier": 2,
        "request": "d2.r4",
        "segment_index": 31
      },
      {
        "cache_owner": "d0.r2",
        "epic_prefix_rows": [],
        "fingerprint": "a9736e94ffa61392",
        "length": 256,
        "owner_tier": 2,
        "request": "d2.r4",
        "segment_index": 32
      },
      {
        "cache_owner": "d0.r3",
        "epic_prefix_rows": [],
        "fingerprint": "45ae2eb61fca9159",
        "length": 256,
        "owner_tier": 3,
        "request": "d2.r4",
        "segment_index": 33
      },
      {
        "cache_owner": "d0.r3",
        "epic_prefix_rows": [],
        "fingerprint": "9be82bb1e1d51b15",
        "length": 256,
        "owner_tier": 3,
        "request": "d2.r4",
        "segment_index": 34
      },
      {
        "cache_owner": "d0.r3",
        "epic_prefix_rows": [],
        "fingerprint": "d3796ec8297d8d49",
        "length": 256,
        "owner_tier": 3,
        "request": "d2.r4",
        "segment_index": 35
      },
      {
        "cache_owner": "d0.r3",
        "epic_prefix_rows": [],
        "fingerprint": "e3ffc60c3ad64676",
        "length": 256,
        "owner_tier": 3,
        "request": "d2.r4",
        "segment_index": 36
      },
      {
        "cache_owner": "d0.r3",
        "epic_prefix_rows": [],
        "fingerprint": "55558bd9eec583a5",
        "length": 256,
        "owner_tier": 3,
        "request": "d2.r4",
        "segment_index": 37
      },
      {
        "cache_owner": "d0.r3",
        "epic_prefix_rows": [],
        "fingerprint": "e4cfa02c32aa48d8",
        "length": 256,
        "owner_tier": 3,
        "request": "d2.r4",
        "segment_index": 38
      },
      {
        "cache_owner": "d0.r3",
        "epic_prefix_rows": [],
        "fingerprint": "b0968f7aa0a748da",
        "length": 256,
        "owner_tier": 3,
        "request": "d2.r4",
        "segment_index": 39
      },
      {
        "cache_owner": "d0.r3",
        "epic_prefix_rows": [],
        "fingerprint": "d0decf1f69183f96",
        "length": 256,
        "owner_tier": 3,
        "request": "d2.r4",
        "segment_index": 40
      },
      {
        "cache_owner": "d0.r3",
        "epic_prefix_rows": [],
        "fingerprint": "bacbc23f57604927",
        "length": 256,
        "owner_tier": 3,
        "request": "d2.r4",
        "segment_index": 41
      },
      {
        "cache_owner": "d0.r3",
        "epic_prefix_rows": [],
        "fingerprint": "6378b20604fceaf0",
        "length": 256,
        "owner_tier": 3,
        "request": "d2.r4",
        "segment_index": 42
      },
      {
        "cache_owner": "d0.r4",
        "epic_prefix_rows": [],
        "fingerprint": "40bc15a1ab7a0516",
        "length": 256,
        "owner_tier": 4,
        "request": "d2.r4",
        "segment_index": 43
      },
      {
        "cache_owner": "d0.r4",
        "epic_prefix_rows": [],
        "fingerprint": "663a1ce24690318b",
        "length": 256,
        "owner_tier": 4,
        "request": "d2.r4",
        "segment_index": 44
      },
      {
        "cache_owner": "d0.r4",
        "epic_prefix_rows": [],
        "fingerprint": "13ae68de86975a74",
        "length": 256,
        "owner_tier": 4,
        "request": "d2.r4",
        "segment_index": 45
      },
      {
        "cache_owner": "d0.r4",
        "epic_prefix_rows": [],
        "fingerprint": "75f8a918c1d4a485",
        "length": 256,
        "owner_tier": 4,
        "request": "d2.r4",
        "segment_index": 46
      },
      {
        "cache_owner": "d0.r4",
        "epic_prefix_rows": [],
        "fingerprint": "be03bd452a0282e0",
        "length": 256,
        "owner_tier": 4,
        "request": "d2.r4",
        "segment_index": 47
      },
      {
        "cache_owner": "d0.r4",
        "epic_prefix_rows": [],
        "fingerprint": "26f764cc81f7edb5",
        "length": 256,
        "owner_tier": 4,
        "request": "d2.r4",
        "segment_index": 48
      },
      {
        "cache_owner": "d0.r4",
        "epic_prefix_rows": [],
        "fingerprint": "eaef666141ce767b",
        "length": 256,
        "owner_tier": 4,
        "request": "d2.r4",
        "segment_index": 49
      },
      {
        "cache_owner": "d0.r4",
        "epic_prefix_rows": [],
        "fingerprint": "abf517b21f1ed6d9",
        "length": 256,
        "owner_tier": 4,
        "request": "d2.r4",
        "segment_index": 50
      },
      {
        "cache_owner": "d0.r4",
        "epic_prefix_rows": [],
        "fingerprint": "d2e62af3e03ca0ba",
        "length": 256,
        "owner_tier": 4,
        "request": "d2.r4",
        "segment_index": 51
      },
      {
        "cache_owner": "d0.r4",
        "epic_prefix_rows": [
          24,
          157
        ],
        "fingerprint": "4c71df8773fe94c9",
        "length": 256,
        "owner_tier": 4,
        "request": "judge",
        "segment_index": 0
      },
      {
        "cache_owner": "d0.r0",
        "epic_prefix_rows": [
          22,
          66
        ],
        "fingerprint": "a5646ca10d7fc969",
        "length": 100,
        "owner_tier": 0,
        "request": "judge",
        "segment_index": 2
      }
    ],
    "reused_tokens": 109188
  },
  "tiers": {
    "0": [
      "d0.r0",
      "d1.r0",
      "d2.r0"
    ],
    "1": [
      "d0.r1",
      "d1.r1",
      "d2.r1"
    ],
    "2": [
      "d0.r2",
      "d1.r2",
      "d2.r2"
    ],
    "3": [
      "d0.r3",
      "d1.r3",
      "d2.r3"
    ],
    "4": [
      "d0.r4",
      "d1.r4",
      "d2.r4"
    ],
    "5": [
      "judge"
    ]
  },
  "total_history_tokens": 172224,
  "total_input_tokens": 126016,
  "total_output_tokens": 3968
}/data2/chenyi9/KV-PIM/attacc_drampim_xinyao/experiments/run_dag_ladder.sh: line 51: 2985387 Killed                  python3 main.py --system dgx-attacc --model "$MODEL" --workload "$WL" --reuse "$REUSE" ${EXTRA[@]+"${EXTRA[@]}"} --ablation "$A" --engine dag --workload-report "$OUT/dag_${A}.json" --workload-report-events none --cacheblend-batch-size 8 ${NUM_HBM:+--num-hbm "$NUM_HBM"} ${NO_WARM:+--no-warm} --ramulator-workers "$RAMU_WORKERS"
