{
  "kind": "supervisor",
  "requests": 16,
  "reuse": {
    "cacheblend_full_recompute_layers": [],
    "cacheblend_partial_recompute_layers": [],
    "cacheblend_partial_rows": {},
    "cacheblend_recompute_ratio": 0.0,
    "cachecraft_alpha": 0.05,
    "epic_prefix_recompute_tokens": 32,
    "fresh_tokens": 16828,
    "policy": "recompute",
    "random_seed": 0,
    "recompute_canonical": false,
    "reusable_segments": [
      {
        "cache_owner": "d0.r0",
        "epic_prefix_rows": [],
        "fingerprint": "9fc62215192ede1d",
        "length": 300,
        "owner_tier": 0,
        "request": "d1.r0",
        "segment_index": 0
      },
      {
        "cache_owner": "d0.r0",
        "epic_prefix_rows": [],
        "fingerprint": "173f77422b3aca6e",
        "length": 256,
        "owner_tier": 0,
        "request": "d1.r0",
        "segment_index": 1
      },
      {
        "cache_owner": "d0.r0",
        "epic_prefix_rows": [],
        "fingerprint": "25cc8cd8a6360c41",
        "length": 256,
        "owner_tier": 0,
        "request": "d1.r0",
        "segment_index": 2
      },
      {
        "cache_owner": "d0.r0",
        "epic_prefix_rows": [],
        "fingerprint": "a24d833ce77269fd",
        "length": 256,
        "owner_tier": 0,
        "request": "d1.r0",
        "segment_index": 3
      },
      {
        "cache_owner": "d0.r0",
        "epic_prefix_rows": [],
        "fingerprint": "71c190096acd6433",
        "length": 256,
        "owner_tier": 0,
        "request": "d1.r0",
        "segment_index": 4
      },
      {
        "cache_owner": "d0.r0",
        "epic_prefix_rows": [],
        "fingerprint": "fef361162327d754",
        "length": 256,
        "owner_tier": 0,
        "request": "d1.r0",
        "segment_index": 5
      },
      {
        "cache_owner": "d0.r0",
        "epic_prefix_rows": [],
        "fingerprint": "276d06962ab722d7",
        "length": 256,
        "owner_tier": 0,
        "request": "d1.r0",
        "segment_index": 6
      },
      {
        "cache_owner": "d0.r0",
        "epic_prefix_rows": [],
        "fingerprint": "7e73ece24bb93834",
        "length": 256,
        "owner_tier": 0,
        "request": "d1.r0",
        "segment_index": 7
      },
      {
        "cache_owner": "d0.r0",
        "epic_prefix_rows": [],
        "fingerprint": "a8850a73c2483934",
        "length": 256,
        "owner_tier": 0,
        "request": "d1.r0",
        "segment_index": 8
      },
      {
        "cache_owner": "d0.r0",
        "epic_prefix_rows": [],
        "fingerprint": "a4093c0243d9f211",
        "length": 256,
        "owner_tier": 0,
        "request": "d1.r0",
        "segment_index": 9
      },
      {
        "cache_owner": "d0.r0",
        "epic_prefix_rows": [],
        "fingerprint": "254bfc97b06ef560",
        "length": 256,
        "owner_tier": 0,
        "request": "d1.r0",
        "segment_index": 10
      },
      {
        "cache_owner": "d0.r0",
        "epic_prefix_rows": [],
        "fingerprint": "a5646ca10d7fc969",
        "length": 100,
        "owner_tier": 0,
        "request": "d1.r0",
        "segment_index": 11
      },
      {
        "cache_owner": "d0.r0",
        "epic_prefix_rows": [],
        "fingerprint": "9fc62215192ede1d",
        "length": 300,
        "owner_tier": 0,
        "request": "d2.r0",
        "segment_index": 0
      },
      {
        "cache_owner": "d0.r0",
        "epic_prefix_rows": [],
        "fingerprint": "173f77422b3aca6e",
        "length": 256,
        "owner_tier": 0,
        "request": "d2.r0",
        "segment_index": 1
      },
      {
        "cache_owner": "d0.r0",
        "epic_prefix_rows": [],
        "fingerprint": "25cc8cd8a6360c41",
        "length": 256,
        "owner_tier": 0,
        "request": "d2.r0",
        "segment_index": 2
      },
      {
        "cache_owner": "d0.r0",
        "epic_prefix_rows": [],
        "fingerprint": "a24d833ce77269fd",
        "length": 256,
        "owner_tier": 0,
        "request": "d2.r0",
        "segment_index": 3
      },
      {
        "cache_owner": "d0.r0",
        "epic_prefix_rows": [],
        "fingerprint": "71c190096acd6433",
        "length": 256,
        "owner_tier": 0,
        "request": "d2.r0",
        "segment_index": 4
      },
      {
        "cache_owner": "d0.r0",
        "epic_prefix_rows": [],
        "fingerprint": "fef361162327d754",
        "length": 256,
        "owner_tier": 0,
        "request": "d2.r0",
        "segment_index": 5
      },
      {
        "cache_owner": "d0.r0",
        "epic_prefix_rows": [],
        "fingerprint": "276d06962ab722d7",
        "length": 256,
        "owner_tier": 0,
        "request": "d2.r0",
        "segment_index": 6
      },
      {
        "cache_owner": "d0.r0",
        "epic_prefix_rows": [],
        "fingerprint": "7e73ece24bb93834",
        "length": 256,
        "owner_tier": 0,
        "request": "d2.r0",
        "segment_index": 7
      },
      {
        "cache_owner": "d0.r0",
        "epic_prefix_rows": [],
        "fingerprint": "a8850a73c2483934",
        "length": 256,
        "owner_tier": 0,
        "request": "d2.r0",
        "segment_index": 8
      },
      {
        "cache_owner": "d0.r0",
        "epic_prefix_rows": [],
        "fingerprint": "a4093c0243d9f211",
        "length": 256,
        "owner_tier": 0,
        "request": "d2.r0",
        "segment_index": 9
      },
      {
        "cache_owner": "d0.r0",
        "epic_prefix_rows": [],
        "fingerprint": "254bfc97b06ef560",
        "length": 256,
        "owner_tier": 0,
        "request": "d2.r0",
        "segment_index": 10
      },
      {
        "cache_owner": "d0.r0",
        "epic_prefix_rows": [],
        "fingerprint": "a5646ca10d7fc969",
        "length": 100,
        "owner_tier": 0,
        "request": "d2.r0",
        "segment_index": 11
      },
      {
        "cache_owner": "d0.r0",
        "epic_prefix_rows": [
          10,
          24,
          35,
          55,
          64,
          66,
          72,
          77,
          91,
          103,
          107,
          122,
          124,
          129,
          130,
          136,
          149,
          158,
          180,
          193,
          194,
          197,
          200,
          204,
          207,
          212,
          227,
          228,
          232,
          234,
          235,
          247
        ],
        "fingerprint": "1164f294d76ad367",
        "length": 256,
        "owner_tier": 0,
        "request": "d0.r1",
        "segment_index": 0
      },
      {
        "cache_owner": "d0.r0",
        "epic_prefix_rows": [
          3,
          15,
          18,
          23,
          25,
          52,
          66,
          75,
          79,
          80,
          84,
          90,
          111,
          113,
          120,
          122,
          133,
          140,
          141,
          143,
          156,
          163,
          175,
          184,
          186,
          206,
          215,
          217,
          221,
          230,
          233,
          253
        ],
        "fingerprint": "173f77422b3aca6e",
        "length": 256,
        "owner_tier": 0,
        "request": "d0.r1",
        "segment_index": 3
      },
      {
        "cache_owner": "d0.r0",
        "epic_prefix_rows": [
          0,
          16,
          20,
          23,
          36,
          48,
          56,
          61,
          62,
          81,
          83,
          85,
          114,
          126,
          139,
          145,
          156,
          160,
          171,
          180,
          181,
          186,
          200,
          204,
          205,
          211,
          222,
          224,
          232,
          234,
          245,
          253
        ],
        "fingerprint": "25cc8cd8a6360c41",
        "length": 256,
        "owner_tier": 0,
        "request": "d0.r1",
        "segment_index": 4
      },
      {
        "cache_owner": "d0.r0",
        "epic_prefix_rows": [
          8,
          23,
          27,
          31,
          47,
          48,
          52,
          61,
          73,
          74,
          77,
          81,
          85,
          98,
          113,
          138,
          140,
          141,
          147,
          150,
          152,
          154,
          180,
          204,
          208,
          210,
          228,
          236,
          242,
          248,
          250,
          251
        ],
        "fingerprint": "a24d833ce77269fd",
        "length": 256,
        "owner_tier": 0,
        "request": "d0.r1",
        "segment_index": 5
      },
      {
        "cache_owner": "d0.r0",
        "epic_prefix_rows": [
          9,
          17,
          20,
          22,
          33,
          38,
          55,
          60,
          70,
          100,
          121,
          133,
          134,
          138,
          150,
          173,
          174,
          179,
          180,
          193,
          207,
          211,
          212,
          214,
          215,
          217,
          224,
          229,
          236,
          246,
          251,
          255
        ],
        "fingerprint": "71c190096acd6433",
        "length": 256,
        "owner_tier": 0,
        "request": "d0.r1",
        "segment_index": 6
      },
      {
        "cache_owner": "d0.r0",
        "epic_prefix_rows": [
          4,
          21,
          29,
          43,
          48,
          56,
          62,
          69,
          70,
          83,
          85,
          91,
          95,
          115,
          124,
          126,
          148,
          150,
          156,
          161,
          164,
          169,
          179,
          180,
          187,
          203,
          214,
          216,
          234,
          237,
          241,
          246
        ],
        "fingerprint": "fef361162327d754",
        "length": 256,
        "owner_tier": 0,
        "request": "d0.r1",
        "segment_index": 7
      },
      {
        "cache_owner": "d0.r0",
        "epic_prefix_rows": [
          6,
          11,
          15,
          18,
          23,
          25,
          29,
          30,
          31,
          37,
          48,
          56,
          94,
          100,
          136,
          146,
          147,
          154,
          155,
          162,
          174,
          178,
          200,
          208,
          209,
          212,
          213,
          218,
          232,
          239,
          243,
          255
        ],
        "fingerprint": "276d06962ab722d7",
        "length": 256,
        "owner_tier": 0,
        "request": "d0.r1",
        "segment_index": 8
      },
      {
        "cache_owner": "d0.r0",
        "epic_prefix_rows": [
          5,
          15,
          17,
          18,
          25,
          31,
          46,
          47,
          49,
          53,
          56,
          66,
          77,
          89,
          108,
          111,
          122,
          139,
          155,
          158,
          165,
          173,
          183,
          186,
          204,
          213,
          239,
          242,
          246,
          248,
          253,
          255
        ],
        "fingerprint": "7e73ece24bb93834",
        "length": 256,
        "owner_tier": 0,
        "request": "d0.r1",
        "segment_index": 9
      },
      {
        "cache_owner": "d0.r0",
        "epic_prefix_rows": [
          10,
          14,
          25,
          30,
          40,
          41,
          43,
          51,
          52,
          64,
          66,
          87,
          91,
          100,
          120,
          135,
          145,
          152,
          172,
          173,
          178,
          179,
          187,
          196,
          201,
          214,
          216,
          230,
          231,
          235,
          239,
          253
        ],
        "fingerprint": "a8850a73c2483934",
        "length": 256,
        "owner_tier": 0,
        "request": "d0.r1",
        "segment_index": 10
      },
      {
        "cache_owner": "d0.r0",
        "epic_prefix_rows": [
          3,
          11,
          20,
          34,
          39,
          44,
          64,
          71,
          79,
          85,
          91,
          99,
          104,
          117,
          120,
          130,
          139,
          143,
          145,
          166,
          168,
          170,
          174,
          176,
          189,
          214,
          223,
          226,
          230,
          231,
          234,
          252
        ],
        "fingerprint": "a4093c0243d9f211",
        "length": 256,
        "owner_tier": 0,
        "request": "d0.r1",
        "segment_index": 11
      },
      {
        "cache_owner": "d0.r0",
        "epic_prefix_rows": [
          0,
          20,
          33,
          40,
          49,
          57,
          61,
          73,
          79,
          85,
          90,
          91,
          99,
          106,
          122,
          123,
          151,
          152,
          156,
          158,
          162,
          166,
          172,
          178,
          183,
          191,
          195,
          212,
          218,
          228,
          242,
          244
        ],
        "fingerprint": "254bfc97b06ef560",
        "length": 256,
        "owner_tier": 0,
        "request": "d0.r1",
        "segment_index": 12
      },
      {
        "cache_owner": "d1.r0",
        "epic_prefix_rows": [
          0,
          8,
          11,
          16,
          40,
          42,
          66,
          96,
          102,
          106,
          107,
          114,
          124,
          135,
          143,
          145,
          154,
          169,
          172,
          179,
          181,
          193,
          197,
          223,
          224,
          226,
          229,
          236,
          244,
          249,
          250,
          253
        ],
        "fingerprint": "3f408cc3000cd6f8",
        "length": 256,
        "owner_tier": 0,
        "request": "d1.r1",
        "segment_index": 0
      },
      {
        "cache_owner": "d0.r1",
        "epic_prefix_rows": [],
        "fingerprint": "7851b41fea28524a",
        "length": 256,
        "owner_tier": 1,
        "request": "d1.r1",
        "segment_index": 2
      },
      {
        "cache_owner": "d0.r0",
        "epic_prefix_rows": [
          0,
          3,
          12,
          19,
          21,
          33,
          48,
          54,
          79,
          80,
          83,
          102,
          106,
          119,
          126,
          140,
          162,
          172,
          173,
          183,
          185,
          193,
          207,
          210,
          214,
          224,
          231,
          236,
          244,
          247,
          248,
          251
        ],
        "fingerprint": "173f77422b3aca6e",
        "length": 256,
        "owner_tier": 0,
        "request": "d1.r1",
        "segment_index": 3
      },
      {
        "cache_owner": "d0.r0",
        "epic_prefix_rows": [
          5,
          20,
          25,
          29,
          30,
          34,
          46,
          48,
          50,
          65,
          70,
          71,
          77,
          101,
          115,
          121,
          133,
          155,
          160,
          166,
          167,
          176,
          202,
          204,
          209,
          218,
          220,
          223,
          233,
          236,
          251,
          255
        ],
        "fingerprint": "25cc8cd8a6360c41",
        "length": 256,
        "owner_tier": 0,
        "request": "d1.r1",
        "segment_index": 4
      },
      {
        "cache_owner": "d0.r0",
        "epic_prefix_rows": [
          4,
          10,
          29,
          39,
          52,
          66,
          71,
          80,
          93,
          95,
          111,
          117,
          126,
          142,
          145,
          155,
          163,
          164,
          167,
          174,
          177,
          179,
          182,
          191,
          216,
          217,
          223,
          232,
          240,
          247,
          248,
          250
        ],
        "fingerprint": "a24d833ce77269fd",
        "length": 256,
        "owner_tier": 0,
        "request": "d1.r1",
        "segment_index": 5
      },
      {
        "cache_owner": "d0.r0",
        "epic_prefix_rows": [
          2,
          9,
          10,
          23,
          29,
          33,
          35,
          38,
          41,
          53,
          69,
          74,
          75,
          85,
          86,
          91,
          92,
          94,
          96,
          101,
          122,
          140,
          149,
          150,
          158,
          183,
          199,
          202,
          245,
          247,
          248,
          251
        ],
        "fingerprint": "71c190096acd6433",
        "length": 256,
        "owner_tier": 0,
        "request": "d1.r1",
        "segment_index": 6
      },
      {
        "cache_owner": "d0.r0",
        "epic_prefix_rows": [
          12,
          18,
          25,
          27,
          29,
          31,
          45,
          76,
          77,
          78,
          84,
          86,
          87,
          103,
          106,
          109,
          121,
          122,
          123,
          127,
          133,
          143,
          179,
          186,
          204,
          207,
          213,
          215,
          219,
          232,
          239,
          255
        ],
        "fingerprint": "fef361162327d754",
        "length": 256,
        "owner_tier": 0,
        "request": "d1.r1",
        "segment_index": 7
      },
      {
        "cache_owner": "d0.r0",
        "epic_prefix_rows": [
          2,
          15,
          16,
          19,
          21,
          22,
          25,
          39,
          42,
          50,
          56,
          74,
          77,
          85,
          96,
          98,
          100,
          114,
          125,
          132,
          142,
          144,
          160,
          163,
          175,
          188,
          191,
          201,
          206,
          228,
          235,
          243
        ],
        "fingerprint": "276d06962ab722d7",
        "length": 256,
        "owner_tier": 0,
        "request": "d1.r1",
        "segment_index": 8
      },
      {
        "cache_owner": "d0.r0",
        "epic_prefix_rows": [
          7,
          10,
          16,
          21,
          29,
          30,
          42,
          49,
          51,
          53,
          56,
          65,
          66,
          91,
          94,
          101,
          108,
          110,
          111,
          115,
          127,
          134,
          149,
          164,
          173,
          179,
          192,
          198,
          210,
          218,
          221,
          231
        ],
        "fingerprint": "7e73ece24bb93834",
        "length": 256,
        "owner_tier": 0,
        "request": "d1.r1",
        "segment_index": 9
      },
      {
        "cache_owner": "d0.r0",
        "epic_prefix_rows": [
          26,
          37,
          38,
          50,
          82,
          92,
          96,
          103,
          108,
          110,
          117,
          124,
          126,
          127,
          133,
          139,
          144,
          152,
          159,
          162,
          163,
          171,
          173,
          174,
          211,
          213,
          223,
          224,
          227,
          228,
          252,
          253
        ],
        "fingerprint": "a8850a73c2483934",
        "length": 256,
        "owner_tier": 0,
        "request": "d1.r1",
        "segment_index": 10
      },
      {
        "cache_owner": "d0.r0",
        "epic_prefix_rows": [
          2,
          9,
          16,
          37,
          39,
          56,
          65,
          75,
          81,
          82,
          87,
          97,
          103,
          120,
          134,
          138,
          149,
          154,
          156,
          180,
          183,
          191,
          200,
          204,
          206,
          209,
          215,
          223,
          230,
          238,
          246,
          248
        ],
        "fingerprint": "a4093c0243d9f211",
        "length": 256,
        "owner_tier": 0,
        "request": "d1.r1",
        "segment_index": 11
      },
      {
        "cache_owner": "d0.r0",
        "epic_prefix_rows": [
          3,
          8,
          10,
          16,
          23,
          33,
          38,
          41,
          43,
          57,
          76,
          84,
          95,
          97,
          114,
          117,
          128,
          129,
          132,
          135,
          146,
          167,
          173,
          194,
          204,
          216,
          220,
          222,
          230,
          234,
          251,
          253
        ],
        "fingerprint": "254bfc97b06ef560",
        "length": 256,
        "owner_tier": 0,
        "request": "d1.r1",
        "segment_index": 12
      },
      {
        "cache_owner": "d0.r1",
        "epic_prefix_rows": [],
        "fingerprint": "6c05d74d66e75323",
        "length": 256,
        "owner_tier": 1,
        "request": "d1.r1",
        "segment_index": 13
      },
      {
        "cache_owner": "d0.r1",
        "epic_prefix_rows": [],
        "fingerprint": "9be32fe2c99887d1",
        "length": 256,
        "owner_tier": 1,
        "request": "d1.r1",
        "segment_index": 14
      },
      {
        "cache_owner": "d0.r1",
        "epic_prefix_rows": [],
        "fingerprint": "3fd8b144566f43ed",
        "length": 256,
        "owner_tier": 1,
        "request": "d1.r1",
        "segment_index": 15
      },
      {
        "cache_owner": "d0.r1",
        "epic_prefix_rows": [],
        "fingerprint": "30f09964a80d8f65",
        "length": 256,
        "owner_tier": 1,
        "request": "d1.r1",
        "segment_index": 16
      },
      {
        "cache_owner": "d0.r1",
        "epic_prefix_rows": [],
        "fingerprint": "74370d13c71ff044",
        "length": 256,
        "owner_tier": 1,
        "request": "d1.r1",
        "segment_index": 17
      },
      {
        "cache_owner": "d0.r1",
        "epic_prefix_rows": [],
        "fingerprint": "b98480609ff92086",
        "length": 256,
        "owner_tier": 1,
        "request": "d1.r1",
        "segment_index": 18
      },
      {
        "cache_owner": "d0.r1",
        "epic_prefix_rows": [],
        "fingerprint": "e27085abc1aa49a7",
        "length": 256,
        "owner_tier": 1,
        "request": "d1.r1",
        "segment_index": 19
      },
      {
        "cache_owner": "d0.r1",
        "epic_prefix_rows": [],
        "fingerprint": "cb30bf30b7b7b133",
        "length": 256,
        "owner_tier": 1,
        "request": "d1.r1",
        "segment_index": 20
      },
      {
        "cache_owner": "d0.r1",
        "epic_prefix_rows": [],
        "fingerprint": "4f6a58a7e21f2e4f",
        "length": 256,
        "owner_tier": 1,
        "request": "d1.r1",
        "segment_index": 21
      },
      {
        "cache_owner": "d0.r1",
        "epic_prefix_rows": [],
        "fingerprint": "2ef42bc347ac5ea9",
        "length": 256,
        "owner_tier": 1,
        "request": "d1.r1",
        "segment_index": 22
      },
      {
        "cache_owner": "d2.r0",
        "epic_prefix_rows": [
          0,
          5,
          39,
          46,
          52,
          59,
          65,
          74,
          77,
          99,
          106,
          109,
          123,
          129,
          137,
          145,
          150,
          153,
          155,
          168,
          189,
          191,
          193,
          202,
          204,
          211,
          216,
          217,
          221,
          226,
          230,
          231
        ],
        "fingerprint": "7851b41fea28524a",
        "length": 256,
        "owner_tier": 0,
        "request": "d2.r1",
        "segment_index": 0
      },
      {
        "cache_owner": "d1.r1",
        "epic_prefix_rows": [],
        "fingerprint": "1164f294d76ad367",
        "length": 256,
        "owner_tier": 1,
        "request": "d2.r1",
        "segment_index": 1
      },
      {
        "cache_owner": "d0.r1",
        "epic_prefix_rows": [
          9,
          14,
          15,
          16,
          32,
          36,
          41,
          61,
          67,
          73,
          77,
          85,
          98,
          104,
          106,
          123,
          125,
          126,
          154,
          164,
          170,
          183,
          186,
          197,
          207,
          211,
          212,
          220,
          221,
          239,
          241,
          245
        ],
        "fingerprint": "3f408cc3000cd6f8",
        "length": 256,
        "owner_tier": 1,
        "request": "d2.r1",
        "segment_index": 2
      },
      {
        "cache_owner": "d0.r0",
        "epic_prefix_rows": [
          5,
          8,
          9,
          12,
          25,
          26,
          33,
          38,
          41,
          49,
          82,
          88,
          90,
          98,
          105,
          117,
          119,
          120,
          140,
          153,
          156,
          158,
          161,
          166,
          172,
          178,
          179,
          199,
          200,
          207,
          245,
          252
        ],
        "fingerprint": "173f77422b3aca6e",
        "length": 256,
        "owner_tier": 0,
        "request": "d2.r1",
        "segment_index": 3
      },
      {
        "cache_owner": "d0.r0",
        "epic_prefix_rows": [
          15,
          28,
          31,
          32,
          75,
          86,
          99,
          119,
          132,
          156,
          157,
          159,
          161,
          166,
          174,
          179,
          182,
          190,
          201,
          204,
          207,
          217,
          220,
          223,
          225,
          233,
          238,
          239,
          242,
          243,
          246,
          251
        ],
        "fingerprint": "25cc8cd8a6360c41",
        "length": 256,
        "owner_tier": 0,
        "request": "d2.r1",
        "segment_index": 4
      },
      {
        "cache_owner": "d0.r0",
        "epic_prefix_rows": [
          6,
          9,
          10,
          11,
          19,
          23,
          48,
          55,
          58,
          65,
          91,
          95,
          96,
          100,
          113,
          116,
          124,
          133,
          145,
          146,
          160,
          161,
          170,
          193,
          198,
          200,
          202,
          209,
          224,
          230,
          239,
          241
        ],
        "fingerprint": "a24d833ce77269fd",
        "length": 256,
        "owner_tier": 0,
        "request": "d2.r1",
        "segment_index": 5
      },
      {
        "cache_owner": "d0.r0",
        "epic_prefix_rows": [
          7,
          16,
          21,
          25,
          26,
          29,
          37,
          39,
          78,
          83,
          106,
          108,
          109,
          110,
          114,
          127,
          129,
          144,
          175,
          184,
          187,
          198,
          202,
          215,
          221,
          228,
          234,
          236,
          238,
          239,
          241,
          242
        ],
        "fingerprint": "71c190096acd6433",
        "length": 256,
        "owner_tier": 0,
        "request": "d2.r1",
        "segment_index": 6
      },
      {
        "cache_owner": "d0.r0",
        "epic_prefix_rows": [
          0,
          1,
          2,
          7,
          18,
          20,
          31,
          36,
          45,
          52,
          53,
          59,
          75,
          88,
          89,
          90,
          91,
          93,
          94,
          129,
          152,
          168,
          172,
          176,
          177,
          187,
          191,
          209,
          212,
          228,
          251,
          252
        ],
        "fingerprint": "fef361162327d754",
        "length": 256,
        "owner_tier": 0,
        "request": "d2.r1",
        "segment_index": 7
      },
      {
        "cache_owner": "d0.r0",
        "epic_prefix_rows": [
          7,
          12,
          20,
          26,
          28,
          33,
          36,
          47,
          53,
          59,
          66,
          74,
          75,
          78,
          83,
          85,
          88,
          92,
          116,
          121,
          122,
          136,
          141,
          148,
          151,
          154,
          162,
          181,
          219,
          224,
          238,
          249
        ],
        "fingerprint": "276d06962ab722d7",
        "length": 256,
        "owner_tier": 0,
        "request": "d2.r1",
        "segment_index": 8
      },
      {
        "cache_owner": "d0.r0",
        "epic_prefix_rows": [
          5,
          11,
          18,
          19,
          32,
          33,
          37,
          47,
          57,
          60,
          62,
          74,
          76,
          80,
          95,
          96,
          100,
          106,
          107,
          130,
          140,
          153,
          169,
          179,
          193,
          205,
          220,
          229,
          235,
          239,
          242,
          255
        ],
        "fingerprint": "7e73ece24bb93834",
        "length": 256,
        "owner_tier": 0,
        "request": "d2.r1",
        "segment_index": 9
      },
      {
        "cache_owner": "d0.r0",
        "epic_prefix_rows": [
          2,
          14,
          21,
          23,
          27,
          47,
          52,
          63,
          70,
          72,
          75,
          76,
          82,
          90,
          94,
          95,
          96,
          104,
          106,
          108,
          112,
          113,
          120,
          135,
          151,
          161,
          163,
          186,
          203,
          230,
          242,
          251
        ],
        "fingerprint": "a8850a73c2483934",
        "length": 256,
        "owner_tier": 0,
        "request": "d2.r1",
        "segment_index": 10
      },
      {
        "cache_owner": "d0.r0",
        "epic_prefix_rows": [
          0,
          22,
          36,
          39,
          44,
          47,
          52,
          57,
          63,
          75,
          87,
          90,
          102,
          107,
          110,
          114,
          116,
          118,
          123,
          133,
          142,
          155,
          161,
          163,
          176,
          178,
          179,
          193,
          196,
          203,
          212,
          237
        ],
        "fingerprint": "a4093c0243d9f211",
        "length": 256,
        "owner_tier": 0,
        "request": "d2.r1",
        "segment_index": 11
      },
      {
        "cache_owner": "d0.r0",
        "epic_prefix_rows": [
          1,
          5,
          10,
          23,
          29,
          30,
          39,
          55,
          59,
          69,
          71,
          76,
          77,
          103,
          108,
          118,
          120,
          127,
          139,
          155,
          158,
          161,
          171,
          173,
          180,
          192,
          194,
          195,
          196,
          229,
          245,
          247
        ],
        "fingerprint": "254bfc97b06ef560",
        "length": 256,
        "owner_tier": 0,
        "request": "d2.r1",
        "segment_index": 12
      },
      {
        "cache_owner": "d0.r1",
        "epic_prefix_rows": [],
        "fingerprint": "6c05d74d66e75323",
        "length": 256,
        "owner_tier": 1,
        "request": "d2.r1",
        "segment_index": 13
      },
      {
        "cache_owner": "d0.r1",
        "epic_prefix_rows": [],
        "fingerprint": "9be32fe2c99887d1",
        "length": 256,
        "owner_tier": 1,
        "request": "d2.r1",
        "segment_index": 14
      },
      {
        "cache_owner": "d0.r1",
        "epic_prefix_rows": [],
        "fingerprint": "3fd8b144566f43ed",
        "length": 256,
        "owner_tier": 1,
        "request": "d2.r1",
        "segment_index": 15
      },
      {
        "cache_owner": "d0.r1",
        "epic_prefix_rows": [],
        "fingerprint": "30f09964a80d8f65",
        "length": 256,
        "owner_tier": 1,
        "request": "d2.r1",
        "segment_index": 16
      },
      {
        "cache_owner": "d0.r1",
        "epic_prefix_rows": [],
        "fingerprint": "74370d13c71ff044",
        "length": 256,
        "owner_tier": 1,
        "request": "d2.r1",
        "segment_index": 17
      },
      {
        "cache_owner": "d0.r1",
        "epic_prefix_rows": [],
        "fingerprint": "b98480609ff92086",
        "length": 256,
        "owner_tier": 1,
        "request": "d2.r1",
        "segment_index": 18
      },
      {
        "cache_owner": "d0.r1",
        "epic_prefix_rows": [],
        "fingerprint": "e27085abc1aa49a7",
        "length": 256,
        "owner_tier": 1,
        "request": "d2.r1",
        "segment_index": 19
      },
      {
        "cache_owner": "d0.r1",
        "epic_prefix_rows": [],
        "fingerprint": "cb30bf30b7b7b133",
        "length": 256,
        "owner_tier": 1,
        "request": "d2.r1",
        "segment_index": 20
      },
      {
        "cache_owner": "d0.r1",
        "epic_prefix_rows": [],
        "fingerprint": "4f6a58a7e21f2e4f",
        "length": 256,
        "owner_tier": 1,
        "request": "d2.r1",
        "segment_index": 21
      },
      {
        "cache_owner": "d0.r1",
        "epic_prefix_rows": [],
        "fingerprint": "2ef42bc347ac5ea9",
        "length": 256,
        "owner_tier": 1,
        "request": "d2.r1",
        "segment_index": 22
      },
      {
        "cache_owner": "d0.r1",
        "epic_prefix_rows": [
          0,
          9,
          18,
          21,
          26,
          30,
          50,
          63,
          64,
          65,
          67,
          72,
          78,
          87,
          90,
          101,
          113,
          134,
          135,
          136,
          148,
          152,
          172,
          181,
          191,
          193,
          202,
          220,
          223,
          227,
          232,
          253
        ],
        "fingerprint": "d2f771c4592a8a35",
        "length": 256,
        "owner_tier": 1,
        "request": "d0.r2",
        "segment_index": 0
      },
      {
        "cache_owner": "d0.r0",
        "epic_prefix_rows": [
          17,
          26,
          31,
          34,
          35,
          40,
          53,
          71,
          72,
          74,
          83,
          95,
          103,
          105,
          106,
          113,
          133,
          136,
          139,
          145,
          146,
          160,
          162,
          178,
          189,
          199,
          201,
          220,
          231,
          245,
          249,
          251
        ],
        "fingerprint": "173f77422b3aca6e",
        "length": 256,
        "owner_tier": 0,
        "request": "d0.r2",
        "segment_index": 3
      },
      {
        "cache_owner": "d0.r0",
        "epic_prefix_rows": [
          6,
          13,
          15,
          35,
          36,
          55,
          61,
          76,
          81,
          90,
          97,
          102,
          106,
          113,
          119,
          121,
          122,
          125,
          126,
          128,
          143,
          151,
          159,
          161,
          166,
          171,
          177,
          190,
          235,
          241,
          243,
          247
        ],
        "fingerprint": "25cc8cd8a6360c41",
        "length": 256,
        "owner_tier": 0,
        "request": "d0.r2",
        "segment_index": 4
      },
      {
        "cache_owner": "d0.r0",
        "epic_prefix_rows": [
          0,
          1,
          2,
          10,
          17,
          20,
          29,
          36,
          58,
          69,
          74,
          92,
          100,
          101,
          120,
          134,
          158,
          163,
          171,
          175,
          179,
          181,
          186,
          189,
          192,
          216,
          221,
          223,
          227,
          236,
          243,
          247
        ],
        "fingerprint": "a24d833ce77269fd",
        "length": 256,
        "owner_tier": 0,
        "request": "d0.r2",
        "segment_index": 5
      },
      {
        "cache_owner": "d0.r0",
        "epic_prefix_rows": [
          26,
          33,
          37,
          43,
          47,
          48,
          53,
          80,
          84,
          89,
          98,
          99,
          107,
          109,
          111,
          113,
          114,
          117,
          125,
          134,
          147,
          165,
          175,
          181,
          183,
          202,
          206,
          229,
          238,
          240,
          249,
          252
        ],
        "fingerprint": "71c190096acd6433",
        "length": 256,
        "owner_tier": 0,
        "request": "d0.r2",
        "segment_index": 6
      },
      {
        "cache_owner": "d0.r0",
        "epic_prefix_rows": [
          8,
          12,
          14,
          21,
          22,
          44,
          47,
          50,
          52,
          56,
          59,
          76,
          93,
          99,
          112,
          150,
          156,
          162,
          163,
          173,
          180,
          181,
          186,
          190,
          199,
          203,
          222,
          229,
          231,
          238,
          240,
          241
        ],
        "fingerprint": "fef361162327d754",
        "length": 256,
        "owner_tier": 0,
        "request": "d0.r2",
        "segment_index": 7
      },
      {
        "cache_owner": "d0.r0",
        "epic_prefix_rows": [
          10,
          11,
          13,
          41,
          55,
          65,
          68,
          86,
          89,
          90,
          105,
          110,
          116,
          117,
          121,
          125,
          132,
          140,
          145,
          148,
          161,
          166,
          170,
          178,
          180,
          188,
          197,
          224,
          226,
          238,
          239,
          248
        ],
        "fingerprint": "276d06962ab722d7",
        "length": 256,
        "owner_tier": 0,
        "request": "d0.r2",
        "segment_index": 8
      },
      {
        "cache_owner": "d0.r0",
        "epic_prefix_rows": [
          1,
          7,
          16,
          21,
          26,
          35,
          49,
          56,
          65,
          74,
          81,
          82,
          83,
          86,
          101,
          109,
          116,
          133,
          137,
          142,
          155,
          167,
          174,
          201,
          203,
          226,
          235,
          237,
          240,
          245,
          246,
          255
        ],
        "fingerprint": "7e73ece24bb93834",
        "length": 256,
        "owner_tier": 0,
        "request": "d0.r2",
        "segment_index": 9
      },
      {
        "cache_owner": "d0.r0",
        "epic_prefix_rows": [
          2,
          11,
          18,
          20,
          22,
          48,
          51,
          53,
          61,
          64,
          65,
          77,
          78,
          79,
          88,
          94,
          98,
          117,
          123,
          132,
          134,
          141,
          172,
          182,
          186,
          188,
          214,
          220,
          222,
          223,
          248,
          254
        ],
        "fingerprint": "a8850a73c2483934",
        "length": 256,
        "owner_tier": 0,
        "request": "d0.r2",
        "segment_index": 10
      },
      {
        "cache_owner": "d0.r0",
        "epic_prefix_rows": [
          12,
          19,
          20,
          21,
          25,
          30,
          39,
          54,
          61,
          100,
          105,
          109,
          112,
          117,
          126,
          143,
          156,
          185,
          193,
          195,
          207,
          209,
          211,
          212,
          226,
          234,
          235,
          236,
          246,
          249,
          253,
          255
        ],
        "fingerprint": "a4093c0243d9f211",
        "length": 256,
        "owner_tier": 0,
        "request": "d0.r2",
        "segment_index": 11
      },
      {
        "cache_owner": "d0.r0",
        "epic_prefix_rows": [
          20,
          27,
          32,
          46,
          51,
          56,
          63,
          66,
          71,
          73,
          75,
          81,
          90,
          111,
          113,
          118,
          125,
          131,
          137,
          138,
          142,
          154,
          156,
          162,
          182,
          199,
          201,
          215,
          222,
          230,
          239,
          245
        ],
        "fingerprint": "254bfc97b06ef560",
        "length": 256,
        "owner_tier": 0,
        "request": "d0.r2",
        "segment_index": 12
      },
      {
        "cache_owner": "d0.r1",
        "epic_prefix_rows": [],
        "fingerprint": "6c05d74d66e75323",
        "length": 256,
        "owner_tier": 1,
        "request": "d0.r2",
        "segment_index": 13
      },
      {
        "cache_owner": "d0.r1",
        "epic_prefix_rows": [],
        "fingerprint": "9be32fe2c99887d1",
        "length": 256,
        "owner_tier": 1,
        "request": "d0.r2",
        "segment_index": 14
      },
      {
        "cache_owner": "d0.r1",
        "epic_prefix_rows": [],
        "fingerprint": "3fd8b144566f43ed",
        "length": 256,
        "owner_tier": 1,
        "request": "d0.r2",
        "segment_index": 15
      },
      {
        "cache_owner": "d0.r1",
        "epic_prefix_rows": [],
        "fingerprint": "30f09964a80d8f65",
        "length": 256,
        "owner_tier": 1,
        "request": "d0.r2",
        "segment_index": 16
      },
      {
        "cache_owner": "d0.r1",
        "epic_prefix_rows": [],
        "fingerprint": "74370d13c71ff044",
        "length": 256,
        "owner_tier": 1,
        "request": "d0.r2",
        "segment_index": 17
      },
      {
        "cache_owner": "d0.r1",
        "epic_prefix_rows": [],
        "fingerprint": "b98480609ff92086",
        "length": 256,
        "owner_tier": 1,
        "request": "d0.r2",
        "segment_index": 18
      },
      {
        "cache_owner": "d0.r1",
        "epic_prefix_rows": [],
        "fingerprint": "e27085abc1aa49a7",
        "length": 256,
        "owner_tier": 1,
        "request": "d0.r2",
        "segment_index": 19
      },
      {
        "cache_owner": "d0.r1",
        "epic_prefix_rows": [],
        "fingerprint": "cb30bf30b7b7b133",
        "length": 256,
        "owner_tier": 1,
        "request": "d0.r2",
        "segment_index": 20
      },
      {
        "cache_owner": "d0.r1",
        "epic_prefix_rows": [],
        "fingerprint": "4f6a58a7e21f2e4f",
        "length": 256,
        "owner_tier": 1,
        "request": "d0.r2",
        "segment_index": 21
      },
      {
        "cache_owner": "d0.r1",
        "epic_prefix_rows": [],
        "fingerprint": "2ef42bc347ac5ea9",
        "length": 256,
        "owner_tier": 1,
        "request": "d0.r2",
        "segment_index": 22
      },
      {
        "cache_owner": "d1.r1",
        "epic_prefix_rows": [
          1,
          4,
          12,
          25,
          30,
          31,
          44,
          55,
          59,
          63,
          69,
          72,
          91,
          98,
          106,
          109,
          131,
          137,
          139,
          144,
          157,
          165,
          168,
          182,
          187,
          188,
          189,
          200,
          219,
          225,
          240,
          252
        ],
        "fingerprint": "056fc0b42a1bd8ec",
        "length": 256,
        "owner_tier": 1,
        "request": "d1.r2",
        "segment_index": 0
      },
      {
        "cache_owner": "d0.r2",
        "epic_prefix_rows": [],
        "fingerprint": "f1fd5efdb8338d7e",
        "length": 256,
        "owner_tier": 2,
        "request": "d1.r2",
        "segment_index": 2
      },
      {
        "cache_owner": "d0.r0",
        "epic_prefix_rows": [
          3,
          16,
          35,
          43,
          56,
          59,
          61,
          72,
          73,
          78,
          83,
          93,
          95,
          117,
          122,
          129,
          132,
          139,
          141,
          149,
          160,
          169,
          172,
          180,
          183,
          189,
          207,
          212,
          230,
          233,
          239,
          254
        ],
        "fingerprint": "173f77422b3aca6e",
        "length": 256,
        "owner_tier": 0,
        "request": "d1.r2",
        "segment_index": 3
      },
      {
        "cache_owner": "d0.r0",
        "epic_prefix_rows": [
          12,
          19,
          33,
          34,
          39,
          45,
          52,
          54,
          59,
          60,
          90,
          98,
          101,
          127,
          130,
          145,
          151,
          155,
          178,
          187,
          194,
          195,
          196,
          198,
          200,
          207,
          208,
          224,
          232,
          234,
          249,
          253
        ],
        "fingerprint": "25cc8cd8a6360c41",
        "length": 256,
        "owner_tier": 0,
        "request": "d1.r2",
        "segment_index": 4
      },
      {
        "cache_owner": "d0.r0",
        "epic_prefix_rows": [
          3,
          6,
          20,
          27,
          35,
          41,
          56,
          66,
          79,
          80,
          91,
          116,
          123,
          125,
          126,
          134,
          139,
          142,
          152,
          154,
          157,
          167,
          169,
          180,
          188,
          207,
          213,
          217,
          225,
          230,
          234,
          255
        ],
        "fingerprint": "a24d833ce77269fd",
        "length": 256,
        "owner_tier": 0,
        "request": "d1.r2",
        "segment_index": 5
      },
      {
        "cache_owner": "d0.r0",
        "epic_prefix_rows": [
          4,
          9,
          15,
          41,
          48,
          53,
          57,
          63,
          66,
          74,
          78,
          80,
          81,
          87,
          88,
          91,
          98,
          112,
          146,
          168,
          171,
          180,
          185,
          191,
          201,
          205,
          210,
          220,
          234,
          236,
          241,
          242
        ],
        "fingerprint": "71c190096acd6433",
        "length": 256,
        "owner_tier": 0,
        "request": "d1.r2",
        "segment_index": 6
      },
      {
        "cache_owner": "d0.r0",
        "epic_prefix_rows": [
          3,
          5,
          6,
          11,
          15,
          17,
          29,
          34,
          36,
          38,
          45,
          55,
          57,
          61,
          79,
          83,
          88,
          90,
          91,
          108,
          111,
          114,
          125,
          160,
          161,
          166,
          167,
          169,
          187,
          210,
          228,
          247
        ],
        "fingerprint": "fef361162327d754",
        "length": 256,
        "owner_tier": 0,
        "request": "d1.r2",
        "segment_index": 7
      },
      {
        "cache_owner": "d0.r0",
        "epic_prefix_rows": [
          0,
          2,
          10,
          31,
          35,
          43,
          67,
          97,
          99,
          104,
          118,
          128,
          131,
          136,
          144,
          159,
          168,
          169,
          175,
          180,
          186,
          188,
          191,
          194,
          201,
          205,
          222,
          228,
          244,
          247,
          250,
          252
        ],
        "fingerprint": "276d06962ab722d7",
        "length": 256,
        "owner_tier": 0,
        "request": "d1.r2",
        "segment_index": 8
      },
      {
        "cache_owner": "d0.r0",
        "epic_prefix_rows": [
          5,
          20,
          26,
          38,
          43,
          45,
          60,
          63,
          75,
          84,
          109,
          117,
          143,
          153,
          158,
          160,
          175,
          181,
          183,
          190,
          201,
          206,
          210,
          212,
          214,
          215,
          221,
          229,
          241,
          242,
          244,
          254
        ],
        "fingerprint": "7e73ece24bb93834",
        "length": 256,
        "owner_tier": 0,
        "request": "d1.r2",
        "segment_index": 9
      },
      {
        "cache_owner": "d0.r0",
        "epic_prefix_rows": [
          3,
          6,
          9,
          20,
          22,
          38,
          41,
          60,
          64,
          69,
          74,
          86,
          87,
          91,
          96,
          100,
          103,
          117,
          126,
          127,
          129,
          160,
          171,
          187,
          188,
          192,
          205,
          206,
          227,
          238,
          241,
          251
        ],
        "fingerprint": "a8850a73c2483934",
        "length": 256,
        "owner_tier": 0,
        "request": "d1.r2",
        "segment_index": 10
      },
      {
        "cache_owner": "d0.r0",
        "epic_prefix_rows": [
          5,
          8,
          9,
          13,
          30,
          65,
          67,
          69,
          73,
          88,
          101,
          103,
          116,
          120,
          126,
          135,
          136,
          140,
          141,
          146,
          148,
          159,
          174,
          175,
          179,
          184,
          189,
          197,
          227,
          230,
          239,
          249
        ],
        "fingerprint": "a4093c0243d9f211",
        "length": 256,
        "owner_tier": 0,
        "request": "d1.r2",
        "segment_index": 11
      },
      {
        "cache_owner": "d0.r0",
        "epic_prefix_rows": [
          29,
          39,
          41,
          53,
          62,
          64,
          84,
          87,
          90,
          98,
          132,
          135,
          136,
          144,
          148,
          150,
          172,
          174,
          175,
          184,
          191,
          195,
          206,
          213,
          216,
          222,
          224,
          236,
          240,
          251,
          252,
          254
        ],
        "fingerprint": "254bfc97b06ef560",
        "length": 256,
        "owner_tier": 0,
        "request": "d1.r2",
        "segment_index": 12
      },
      {
        "cache_owner": "d0.r1",
        "epic_prefix_rows": [],
        "fingerprint": "6c05d74d66e75323",
        "length": 256,
        "owner_tier": 1,
        "request": "d1.r2",
        "segment_index": 13
      },
      {
        "cache_owner": "d0.r1",
        "epic_prefix_rows": [],
        "fingerprint": "9be32fe2c99887d1",
        "length": 256,
        "owner_tier": 1,
        "request": "d1.r2",
        "segment_index": 14
      },
      {
        "cache_owner": "d0.r1",
        "epic_prefix_rows": [],
        "fingerprint": "3fd8b144566f43ed",
        "length": 256,
        "owner_tier": 1,
        "request": "d1.r2",
        "segment_index": 15
      },
      {
        "cache_owner": "d0.r1",
        "epic_prefix_rows": [],
        "fingerprint": "30f09964a80d8f65",
        "length": 256,
        "owner_tier": 1,
        "request": "d1.r2",
        "segment_index": 16
      },
      {
        "cache_owner": "d0.r1",
        "epic_prefix_rows": [],
        "fingerprint": "74370d13c71ff044",
        "length": 256,
        "owner_tier": 1,
        "request": "d1.r2",
        "segment_index": 17
      },
      {
        "cache_owner": "d0.r1",
        "epic_prefix_rows": [],
        "fingerprint": "b98480609ff92086",
        "length": 256,
        "owner_tier": 1,
        "request": "d1.r2",
        "segment_index": 18
      },
      {
        "cache_owner": "d0.r1",
        "epic_prefix_rows": [],
        "fingerprint": "e27085abc1aa49a7",
        "length": 256,
        "owner_tier": 1,
        "request": "d1.r2",
        "segment_index": 19
      },
      {
        "cache_owner": "d0.r1",
        "epic_prefix_rows": [],
        "fingerprint": "cb30bf30b7b7b133",
        "length": 256,
        "owner_tier": 1,
        "request": "d1.r2",
        "segment_index": 20
      },
      {
        "cache_owner": "d0.r1",
        "epic_prefix_rows": [],
        "fingerprint": "4f6a58a7e21f2e4f",
        "length": 256,
        "owner_tier": 1,
        "request": "d1.r2",
        "segment_index": 21
      },
      {
        "cache_owner": "d0.r1",
        "epic_prefix_rows": [],
        "fingerprint": "2ef42bc347ac5ea9",
        "length": 256,
        "owner_tier": 1,
        "request": "d1.r2",
        "segment_index": 22
      },
      {
        "cache_owner": "d0.r2",
        "epic_prefix_rows": [],
        "fingerprint": "56f7715442fdf966",
        "length": 256,
        "owner_tier": 2,
        "request": "d1.r2",
        "segment_index": 23
      },
      {
        "cache_owner": "d0.r2",
        "epic_prefix_rows": [],
        "fingerprint": "69931b25dbad9d62",
        "length": 256,
        "owner_tier": 2,
        "request": "d1.r2",
        "segment_index": 24
      },
      {
        "cache_owner": "d0.r2",
        "epic_prefix_rows": [],
        "fingerprint": "68adf7d53a6d43ad",
        "length": 256,
        "owner_tier": 2,
        "request": "d1.r2",
        "segment_index": 25
      },
      {
        "cache_owner": "d0.r2",
        "epic_prefix_rows": [],
        "fingerprint": "025ec3a8491dfa52",
        "length": 256,
        "owner_tier": 2,
        "request": "d1.r2",
        "segment_index": 26
      },
      {
        "cache_owner": "d0.r2",
        "epic_prefix_rows": [],
        "fingerprint": "5f0fb92071edefba",
        "length": 256,
        "owner_tier": 2,
        "request": "d1.r2",
        "segment_index": 27
      },
      {
        "cache_owner": "d0.r2",
        "epic_prefix_rows": [],
        "fingerprint": "3798fae9eeb921ba",
        "length": 256,
        "owner_tier": 2,
        "request": "d1.r2",
        "segment_index": 28
      },
      {
        "cache_owner": "d0.r2",
        "epic_prefix_rows": [],
        "fingerprint": "05841ec733057ecb",
        "length": 256,
        "owner_tier": 2,
        "request": "d1.r2",
        "segment_index": 29
      },
      {
        "cache_owner": "d0.r2",
        "epic_prefix_rows": [],
        "fingerprint": "53d05282294c6bc4",
        "length": 256,
        "owner_tier": 2,
        "request": "d1.r2",
        "segment_index": 30
      },
      {
        "cache_owner": "d0.r2",
        "epic_prefix_rows": [],
        "fingerprint": "808907b51f157d1b",
        "length": 256,
        "owner_tier": 2,
        "request": "d1.r2",
        "segment_index": 31
      },
      {
        "cache_owner": "d0.r2",
        "epic_prefix_rows": [],
        "fingerprint": "a9736e94ffa61392",
        "length": 256,
        "owner_tier": 2,
        "request": "d1.r2",
        "segment_index": 32
      },
      {
        "cache_owner": "d2.r1",
        "epic_prefix_rows": [
          0,
          2,
          4,
          11,
          13,
          32,
          36,
          39,
          43,
          74,
          75,
          82,
          87,
          88,
          92,
          103,
          110,
          113,
          122,
          126,
          144,
          145,
          149,
          153,
          160,
          170,
          184,
          200,
          201,
          208,
          209,
          243
        ],
        "fingerprint": "f1fd5efdb8338d7e",
        "length": 256,
        "owner_tier": 1,
        "request": "d2.r2",
        "segment_index": 0
      },
      {
        "cache_owner": "d1.r2",
        "epic_prefix_rows": [],
        "fingerprint": "d2f771c4592a8a35",
        "length": 256,
        "owner_tier": 2,
        "request": "d2.r2",
        "segment_index": 1
      },
      {
        "cache_owner": "d0.r2",
        "epic_prefix_rows": [
          3,
          16,
          17,
          28,
          40,
          43,
          44,
          48,
          68,
          71,
          72,
          79,
          98,
          108,
          111,
          129,
          131,
          135,
          139,
          140,
          148,
          154,
          156,
          161,
          163,
          168,
          191,
          193,
          203,
          212,
          239,
          243
        ],
        "fingerprint": "056fc0b42a1bd8ec",
        "length": 256,
        "owner_tier": 2,
        "request": "d2.r2",
        "segment_index": 2
      },
      {
        "cache_owner": "d0.r0",
        "epic_prefix_rows": [
          1,
          36,
          39,
          48,
          66,
          71,
          81,
          87,
          92,
          98,
          110,
          118,
          130,
          134,
          137,
          141,
          144,
          169,
          179,
          180,
          183,
          192,
          199,
          200,
          202,
          209,
          216,
          219,
          231,
          240,
          242,
          253
        ],
        "fingerprint": "173f77422b3aca6e",
        "length": 256,
        "owner_tier": 0,
        "request": "d2.r2",
        "segment_index": 3
      },
      {
        "cache_owner": "d0.r0",
        "epic_prefix_rows": [
          4,
          18,
          40,
          47,
          49,
          58,
          61,
          63,
          70,
          90,
          92,
          105,
          127,
          135,
          143,
          146,
          157,
          160,
          161,
          162,
          174,
          179,
          187,
          188,
          194,
          204,
          205,
          230,
          233,
          240,
          244,
          247
        ],
        "fingerprint": "25cc8cd8a6360c41",
        "length": 256,
        "owner_tier": 0,
        "request": "d2.r2",
        "segment_index": 4
      },
      {
        "cache_owner": "d0.r0",
        "epic_prefix_rows": [
          16,
          19,
          25,
          42,
          48,
          60,
          64,
          69,
          83,
          91,
          101,
          109,
          111,
          112,
          114,
          115,
          130,
          146,
          156,
          162,
          180,
          182,
          190,
          193,
          198,
          206,
          207,
          215,
          221,
          225,
          229,
          236
        ],
        "fingerprint": "a24d833ce77269fd",
        "length": 256,
        "owner_tier": 0,
        "request": "d2.r2",
        "segment_index": 5
      },
      {
        "cache_owner": "d0.r0",
        "epic_prefix_rows": [
          2,
          7,
          9,
          32,
          46,
          51,
          64,
          71,
          78,
          83,
          90,
          98,
          99,
          101,
          111,
          119,
          126,
          144,
          145,
          149,
          160,
          162,
          172,
          178,
          181,
          195,
          198,
          210,
          212,
          225,
          236,
          250
        ],
        "fingerprint": "71c190096acd6433",
        "length": 256,
        "owner_tier": 0,
        "request": "d2.r2",
        "segment_index": 6
      },
      {
        "cache_owner": "d0.r0",
        "epic_prefix_rows": [
          1,
          6,
          10,
          11,
          12,
          17,
          20,
          28,
          32,
          34,
          48,
          70,
          80,
          88,
          92,
          100,
          101,
          104,
          120,
          121,
          133,
          138,
          144,
          162,
          171,
          183,
          195,
          215,
          216,
          221,
          234,
          235
        ],
        "fingerprint": "fef361162327d754",
        "length": 256,
        "owner_tier": 0,
        "request": "d2.r2",
        "segment_index": 7
      },
      {
        "cache_owner": "d0.r0",
        "epic_prefix_rows": [
          11,
          15,
          32,
          34,
          37,
          41,
          46,
          72,
          78,
          99,
          103,
          123,
          130,
          133,
          142,
          152,
          161,
          164,
          176,
          178,
          180,
          183,
          185,
          186,
          190,
          195,
          210,
          221,
          228,
          233,
          234,
          236
        ],
        "fingerprint": "276d06962ab722d7",
        "length": 256,
        "owner_tier": 0,
        "request": "d2.r2",
        "segment_index": 8
      },
      {
        "cache_owner": "d0.r0",
        "epic_prefix_rows": [
          9,
          20,
          21,
          39,
          44,
          45,
          51,
          64,
          66,
          67,
          83,
          114,
          116,
          132,
          141,
          143,
          149,
          161,
          176,
          179,
          181,
          193,
          200,
          204,
          208,
          230,
          232,
          233,
          243,
          252,
          253,
          254
        ],
        "fingerprint": "7e73ece24bb93834",
        "length": 256,
        "owner_tier": 0,
        "request": "d2.r2",
        "segment_index": 9
      },
      {
        "cache_owner": "d0.r0",
        "epic_prefix_rows": [
          0,
          14,
          17,
          18,
          21,
          34,
          40,
          49,
          61,
          80,
          85,
          87,
          116,
          117,
          121,
          132,
          133,
          139,
          142,
          156,
          165,
          167,
          181,
          193,
          197,
          202,
          207,
          209,
          210,
          229,
          233,
          242
        ],
        "fingerprint": "a8850a73c2483934",
        "length": 256,
        "owner_tier": 0,
        "request": "d2.r2",
        "segment_index": 10
      },
      {
        "cache_owner": "d0.r0",
        "epic_prefix_rows": [
          4,
          5,
          11,
          15,
          26,
          30,
          32,
          34,
          40,
          46,
          49,
          81,
          85,
          86,
          90,
          92,
          96,
          105,
          109,
          115,
          131,
          145,
          155,
          162,
          165,
          187,
          213,
          215,
          220,
          226,
          236,
          252
        ],
        "fingerprint": "a4093c0243d9f211",
        "length": 256,
        "owner_tier": 0,
        "request": "d2.r2",
        "segment_index": 11
      },
      {
        "cache_owner": "d0.r0",
        "epic_prefix_rows": [
          13,
          19,
          43,
          46,
          65,
          79,
          90,
          91,
          99,
          104,
          105,
          112,
          116,
          144,
          153,
          154,
          158,
          159,
          172,
          182,
          193,
          196,
          203,
          205,
          213,
          217,
          230,
          233,
          235,
          237,
          251,
          254
        ],
        "fingerprint": "254bfc97b06ef560",
        "length": 256,
        "owner_tier": 0,
        "request": "d2.r2",
        "segment_index": 12
      },
      {
        "cache_owner": "d0.r1",
        "epic_prefix_rows": [],
        "fingerprint": "6c05d74d66e75323",
        "length": 256,
        "owner_tier": 1,
        "request": "d2.r2",
        "segment_index": 13
      },
      {
        "cache_owner": "d0.r1",
        "epic_prefix_rows": [],
        "fingerprint": "9be32fe2c99887d1",
        "length": 256,
        "owner_tier": 1,
        "request": "d2.r2",
        "segment_index": 14
      },
      {
        "cache_owner": "d0.r1",
        "epic_prefix_rows": [],
        "fingerprint": "3fd8b144566f43ed",
        "length": 256,
        "owner_tier": 1,
        "request": "d2.r2",
        "segment_index": 15
      },
      {
        "cache_owner": "d0.r1",
        "epic_prefix_rows": [],
        "fingerprint": "30f09964a80d8f65",
        "length": 256,
        "owner_tier": 1,
        "request": "d2.r2",
        "segment_index": 16
      },
      {
        "cache_owner": "d0.r1",
        "epic_prefix_rows": [],
        "fingerprint": "74370d13c71ff044",
        "length": 256,
        "owner_tier": 1,
        "request": "d2.r2",
        "segment_index": 17
      },
      {
        "cache_owner": "d0.r1",
        "epic_prefix_rows": [],
        "fingerprint": "b98480609ff92086",
        "length": 256,
        "owner_tier": 1,
        "request": "d2.r2",
        "segment_index": 18
      },
      {
        "cache_owner": "d0.r1",
        "epic_prefix_rows": [],
        "fingerprint": "e27085abc1aa49a7",
        "length": 256,
        "owner_tier": 1,
        "request": "d2.r2",
        "segment_index": 19
      },
      {
        "cache_owner": "d0.r1",
        "epic_prefix_rows": [],
        "fingerprint": "cb30bf30b7b7b133",
        "length": 256,
        "owner_tier": 1,
        "request": "d2.r2",
        "segment_index": 20
      },
      {
        "cache_owner": "d0.r1",
        "epic_prefix_rows": [],
        "fingerprint": "4f6a58a7e21f2e4f",
        "length": 256,
        "owner_tier": 1,
        "request": "d2.r2",
        "segment_index": 21
      },
      {
        "cache_owner": "d0.r1",
        "epic_prefix_rows": [],
        "fingerprint": "2ef42bc347ac5ea9",
        "length": 256,
        "owner_tier": 1,
        "request": "d2.r2",
        "segment_index": 22
      },
      {
        "cache_owner": "d0.r2",
        "epic_prefix_rows": [],
        "fingerprint": "56f7715442fdf966",
        "length": 256,
        "owner_tier": 2,
        "request": "d2.r2",
        "segment_index": 23
      },
      {
        "cache_owner": "d0.r2",
        "epic_prefix_rows": [],
        "fingerprint": "69931b25dbad9d62",
        "length": 256,
        "owner_tier": 2,
        "request": "d2.r2",
        "segment_index": 24
      },
      {
        "cache_owner": "d0.r2",
        "epic_prefix_rows": [],
        "fingerprint": "68adf7d53a6d43ad",
        "length": 256,
        "owner_tier": 2,
        "request": "d2.r2",
        "segment_index": 25
      },
      {
        "cache_owner": "d0.r2",
        "epic_prefix_rows": [],
        "fingerprint": "025ec3a8491dfa52",
        "length": 256,
        "owner_tier": 2,
        "request": "d2.r2",
        "segment_index": 26
      },
      {
        "cache_owner": "d0.r2",
        "epic_prefix_rows": [],
        "fingerprint": "5f0fb92071edefba",
        "length": 256,
        "owner_tier": 2,
        "request": "d2.r2",
        "segment_index": 27
      },
      {
        "cache_owner": "d0.r2",
        "epic_prefix_rows": [],
        "fingerprint": "3798fae9eeb921ba",
        "length": 256,
        "owner_tier": 2,
        "request": "d2.r2",
        "segment_index": 28
      },
      {
        "cache_owner": "d0.r2",
        "epic_prefix_rows": [],
        "fingerprint": "05841ec733057ecb",
        "length": 256,
        "owner_tier": 2,
        "request": "d2.r2",
        "segment_index": 29
      },
      {
        "cache_owner": "d0.r2",
        "epic_prefix_rows": [],
        "fingerprint": "53d05282294c6bc4",
        "length": 256,
        "owner_tier": 2,
        "request": "d2.r2",
        "segment_index": 30
      },
      {
        "cache_owner": "d0.r2",
        "epic_prefix_rows": [],
        "fingerprint": "808907b51f157d1b",
        "length": 256,
        "owner_tier": 2,
        "request": "d2.r2",
        "segment_index": 31
      },
      {
        "cache_owner": "d0.r2",
        "epic_prefix_rows": [],
        "fingerprint": "a9736e94ffa61392",
        "length": 256,
        "owner_tier": 2,
        "request": "d2.r2",
        "segment_index": 32
      },
      {
        "cache_owner": "d0.r2",
        "epic_prefix_rows": [
          3,
          5,
          6,
          15,
          16,
          20,
          24,
          31,
          45,
          48,
          67,
          82,
          89,
          91,
          99,
          103,
          116,
          121,
          126,
          141,
          157,
          167,
          176,
          177,
          190,
          202,
          205,
          219,
          223,
          229,
          243,
          254
        ],
        "fingerprint": "98ad5e0e0d1a0991",
        "length": 256,
        "owner_tier": 2,
        "request": "d0.r3",
        "segment_index": 0
      },
      {
        "cache_owner": "d0.r0",
        "epic_prefix_rows": [
          0,
          7,
          8,
          9,
          20,
          24,
          25,
          26,
          39,
          40,
          67,
          73,
          85,
          86,
          91,
          96,
          102,
          120,
          132,
          137,
          160,
          165,
          200,
          202,
          206,
          211,
          214,
          219,
          220,
          232,
          236,
          244
        ],
        "fingerprint": "173f77422b3aca6e",
        "length": 256,
        "owner_tier": 0,
        "request": "d0.r3",
        "segment_index": 3
      },
      {
        "cache_owner": "d0.r0",
        "epic_prefix_rows": [
          6,
          11,
          40,
          41,
          43,
          44,
          57,
          60,
          61,
          62,
          72,
          75,
          84,
          90,
          101,
          123,
          159,
          160,
          162,
          163,
          173,
          174,
          199,
          224,
          227,
          234,
          235,
          239,
          241,
          242,
          245,
          254
        ],
        "fingerprint": "25cc8cd8a6360c41",
        "length": 256,
        "owner_tier": 0,
        "request": "d0.r3",
        "segment_index": 4
      },
      {
        "cache_owner": "d0.r0",
        "epic_prefix_rows": [
          0,
          1,
          3,
          4,
          6,
          9,
          12,
          28,
          35,
          38,
          41,
          44,
          82,
          93,
          98,
          99,
          118,
          130,
          144,
          146,
          149,
          156,
          175,
          183,
          197,
          198,
          205,
          210,
          215,
          224,
          238,
          251
        ],
        "fingerprint": "a24d833ce77269fd",
        "length": 256,
        "owner_tier": 0,
        "request": "d0.r3",
        "segment_index": 5
      },
      {
        "cache_owner": "d0.r0",
        "epic_prefix_rows": [
          6,
          18,
          24,
          33,
          35,
          39,
          55,
          63,
          75,
          85,
          89,
          93,
          97,
          102,
          104,
          107,
          110,
          111,
          130,
          136,
          144,
          145,
          168,
          172,
          175,
          182,
          199,
          201,
          233,
          236,
          246,
          251
        ],
        "fingerprint": "71c190096acd6433",
        "length": 256,
        "owner_tier": 0,
        "request": "d0.r3",
        "segment_index": 6
      },
      {
        "cache_owner": "d0.r0",
        "epic_prefix_rows": [
          5,
          10,
          17,
          57,
          60,
          61,
          64,
          70,
          82,
          95,
          97,
          101,
          120,
          121,
          123,
          125,
          134,
          138,
          148,
          154,
          156,
          165,
          199,
          213,
          222,
          224,
          226,
          233,
          234,
          235,
          240,
          250
        ],
        "fingerprint": "fef361162327d754",
        "length": 256,
        "owner_tier": 0,
        "request": "d0.r3",
        "segment_index": 7
      },
      {
        "cache_owner": "d0.r0",
        "epic_prefix_rows": [
          6,
          12,
          26,
          27,
          36,
          40,
          41,
          43,
          87,
          100,
          105,
          107,
          110,
          117,
          118,
          121,
          136,
          151,
          154,
          160,
          182,
          187,
          196,
          200,
          218,
          221,
          222,
          224,
          236,
          245,
          246,
          254
        ],
        "fingerprint": "276d06962ab722d7",
        "length": 256,
        "owner_tier": 0,
        "request": "d0.r3",
        "segment_index": 8
      },
      {
        "cache_owner": "d0.r0",
        "epic_prefix_rows": [
          8,
          10,
          13,
          28,
          36,
          45,
          50,
          65,
          74,
          75,
          83,
          88,
          91,
          94,
          97,
          110,
          121,
          128,
          132,
          141,
          145,
          149,
          160,
          161,
          162,
          174,
          185,
          192,
          195,
          196,
          224,
          238
        ],
        "fingerprint": "7e73ece24bb93834",
        "length": 256,
        "owner_tier": 0,
        "request": "d0.r3",
        "segment_index": 9
      },
      {
        "cache_owner": "d0.r0",
        "epic_prefix_rows": [
          7,
          19,
          28,
          33,
          34,
          35,
          39,
          42,
          43,
          53,
          68,
          88,
          91,
          96,
          101,
          108,
          110,
          118,
          139,
          141,
          147,
          156,
          164,
          174,
          181,
          185,
          186,
          199,
          210,
          236,
          238,
          251
        ],
        "fingerprint": "a8850a73c2483934",
        "length": 256,
        "owner_tier": 0,
        "request": "d0.r3",
        "segment_index": 10
      },
      {
        "cache_owner": "d0.r0",
        "epic_prefix_rows": [
          7,
          30,
          34,
          40,
          58,
          67,
          73,
          84,
          85,
          87,
          91,
          104,
          126,
          128,
          134,
          136,
          159,
          160,
          175,
          183,
          188,
          197,
          203,
          205,
          209,
          214,
          218,
          220,
          225,
          230,
          234,
          255
        ],
        "fingerprint": "a4093c0243d9f211",
        "length": 256,
        "owner_tier": 0,
        "request": "d0.r3",
        "segment_index": 11
      },
      {
        "cache_owner": "d0.r0",
        "epic_prefix_rows": [
          1,
          25,
          27,
          37,
          39,
          60,
          74,
          78,
          88,
          96,
          99,
          104,
          120,
          130,
          132,
          142,
          149,
          152,
          162,
          174,
          180,
          189,
          190,
          208,
          225,
          233,
          234,
          238,
          246,
          248,
          252,
          253
        ],
        "fingerprint": "254bfc97b06ef560",
        "length": 256,
        "owner_tier": 0,
        "request": "d0.r3",
        "segment_index": 12
      },
      {
        "cache_owner": "d0.r1",
        "epic_prefix_rows": [],
        "fingerprint": "6c05d74d66e75323",
        "length": 256,
        "owner_tier": 1,
        "request": "d0.r3",
        "segment_index": 13
      },
      {
        "cache_owner": "d0.r1",
        "epic_prefix_rows": [],
        "fingerprint": "9be32fe2c99887d1",
        "length": 256,
        "owner_tier": 1,
        "request": "d0.r3",
        "segment_index": 14
      },
      {
        "cache_owner": "d0.r1",
        "epic_prefix_rows": [],
        "fingerprint": "3fd8b144566f43ed",
        "length": 256,
        "owner_tier": 1,
        "request": "d0.r3",
        "segment_index": 15
      },
      {
        "cache_owner": "d0.r1",
        "epic_prefix_rows": [],
        "fingerprint": "30f09964a80d8f65",
        "length": 256,
        "owner_tier": 1,
        "request": "d0.r3",
        "segment_index": 16
      },
      {
        "cache_owner": "d0.r1",
        "epic_prefix_rows": [],
        "fingerprint": "74370d13c71ff044",
        "length": 256,
        "owner_tier": 1,
        "request": "d0.r3",
        "segment_index": 17
      },
      {
        "cache_owner": "d0.r1",
        "epic_prefix_rows": [],
        "fingerprint": "b98480609ff92086",
        "length": 256,
        "owner_tier": 1,
        "request": "d0.r3",
        "segment_index": 18
      },
      {
        "cache_owner": "d0.r1",
        "epic_prefix_rows": [],
        "fingerprint": "e27085abc1aa49a7",
        "length": 256,
        "owner_tier": 1,
        "request": "d0.r3",
        "segment_index": 19
      },
      {
        "cache_owner": "d0.r1",
        "epic_prefix_rows": [],
        "fingerprint": "cb30bf30b7b7b133",
        "length": 256,
        "owner_tier": 1,
        "request": "d0.r3",
        "segment_index": 20
      },
      {
        "cache_owner": "d0.r1",
        "epic_prefix_rows": [],
        "fingerprint": "4f6a58a7e21f2e4f",
        "length": 256,
        "owner_tier": 1,
        "request": "d0.r3",
        "segment_index": 21
      },
      {
        "cache_owner": "d0.r1",
        "epic_prefix_rows": [],
        "fingerprint": "2ef42bc347ac5ea9",
        "length": 256,
        "owner_tier": 1,
        "request": "d0.r3",
        "segment_index": 22
      },
      {
        "cache_owner": "d0.r2",
        "epic_prefix_rows": [],
        "fingerprint": "56f7715442fdf966",
        "length": 256,
        "owner_tier": 2,
        "request": "d0.r3",
        "segment_index": 23
      },
      {
        "cache_owner": "d0.r2",
        "epic_prefix_rows": [],
        "fingerprint": "69931b25dbad9d62",
        "length": 256,
        "owner_tier": 2,
        "request": "d0.r3",
        "segment_index": 24
      },
      {
        "cache_owner": "d0.r2",
        "epic_prefix_rows": [],
        "fingerprint": "68adf7d53a6d43ad",
        "length": 256,
        "owner_tier": 2,
        "request": "d0.r3",
        "segment_index": 25
      },
      {
        "cache_owner": "d0.r2",
        "epic_prefix_rows": [],
        "fingerprint": "025ec3a8491dfa52",
        "length": 256,
        "owner_tier": 2,
        "request": "d0.r3",
        "segment_index": 26
      },
      {
        "cache_owner": "d0.r2",
        "epic_prefix_rows": [],
        "fingerprint": "5f0fb92071edefba",
        "length": 256,
        "owner_tier": 2,
        "request": "d0.r3",
        "segment_index": 27
      },
      {
        "cache_owner": "d0.r2",
        "epic_prefix_rows": [],
        "fingerprint": "3798fae9eeb921ba",
        "length": 256,
        "owner_tier": 2,
        "request": "d0.r3",
        "segment_index": 28
      },
      {
        "cache_owner": "d0.r2",
        "epic_prefix_rows": [],
        "fingerprint": "05841ec733057ecb",
        "length": 256,
        "owner_tier": 2,
        "request": "d0.r3",
        "segment_index": 29
      },
      {
        "cache_owner": "d0.r2",
        "epic_prefix_rows": [],
        "fingerprint": "53d05282294c6bc4",
        "length": 256,
        "owner_tier": 2,
        "request": "d0.r3",
        "segment_index": 30
      },
      {
        "cache_owner": "d0.r2",
        "epic_prefix_rows": [],
        "fingerprint": "808907b51f157d1b",
        "length": 256,
        "owner_tier": 2,
        "request": "d0.r3",
        "segment_index": 31
      },
      {
        "cache_owner": "d0.r2",
        "epic_prefix_rows": [],
        "fingerprint": "a9736e94ffa61392",
        "length": 256,
        "owner_tier": 2,
        "request": "d0.r3",
        "segment_index": 32
      },
      {
        "cache_owner": "d1.r2",
        "epic_prefix_rows": [
          2,
          9,
          21,
          27,
          28,
          29,
          43,
          64,
          68,
          81,
          92,
          94,
          96,
          104,
          115,
          123,
          131,
          149,
          152,
          154,
          157,
          164,
          170,
          173,
          176,
          178,
          184,
          187,
          203,
          209,
          228,
          251
        ],
        "fingerprint": "835f2f6330af4c07",
        "length": 256,
        "owner_tier": 2,
        "request": "d1.r3",
        "segment_index": 0
      },
      {
        "cache_owner": "d0.r3",
        "epic_prefix_rows": [],
        "fingerprint": "3745a4701ee9f11e",
        "length": 256,
        "owner_tier": 3,
        "request": "d1.r3",
        "segment_index": 2
      },
      {
        "cache_owner": "d0.r0",
        "epic_prefix_rows": [
          6,
          19,
          40,
          42,
          43,
          53,
          58,
          103,
          104,
          112,
          130,
          132,
          141,
          143,
          155,
          164,
          169,
          175,
          181,
          198,
          199,
          207,
          211,
          217,
          219,
          224,
          226,
          229,
          235,
          236,
          247,
          249
        ],
        "fingerprint": "173f77422b3aca6e",
        "length": 256,
        "owner_tier": 0,
        "request": "d1.r3",
        "segment_index": 3
      },
      {
        "cache_owner": "d0.r0",
        "epic_prefix_rows": [
          5,
          10,
          13,
          22,
          26,
          34,
          43,
          59,
          68,
          85,
          96,
          99,
          103,
          112,
          116,
          122,
          125,
          129,
          135,
          144,
          150,
          158,
          164,
          205,
          213,
          223,
          226,
          234,
          235,
          237,
          244,
          253
        ],
        "fingerprint": "25cc8cd8a6360c41",
        "length": 256,
        "owner_tier": 0,
        "request": "d1.r3",
        "segment_index": 4
      },
      {
        "cache_owner": "d0.r0",
        "epic_prefix_rows": [
          17,
          23,
          28,
          36,
          40,
          46,
          58,
          67,
          75,
          77,
          92,
          93,
          100,
          104,
          116,
          121,
          122,
          123,
          138,
          142,
          144,
          155,
          201,
          207,
          208,
          212,
          218,
          234,
          240,
          242,
          251,
          253
        ],
        "fingerprint": "a24d833ce77269fd",
        "length": 256,
        "owner_tier": 0,
        "request": "d1.r3",
        "segment_index": 5
      },
      {
        "cache_owner": "d0.r0",
        "epic_prefix_rows": [
          1,
          8,
          14,
          24,
          27,
          35,
          48,
          50,
          87,
          88,
          103,
          121,
          125,
          142,
          143,
          150,
          154,
          168,
          170,
          175,
          176,
          179,
          182,
          193,
          199,
          210,
          220,
          221,
          223,
          229,
          246,
          254
        ],
        "fingerprint": "71c190096acd6433",
        "length": 256,
        "owner_tier": 0,
        "request": "d1.r3",
        "segment_index": 6
      },
      {
        "cache_owner": "d0.r0",
        "epic_prefix_rows": [
          2,
          19,
          23,
          37,
          51,
          57,
          58,
          59,
          61,
          70,
          73,
          78,
          79,
          87,
          90,
          94,
          97,
          108,
          126,
          127,
          130,
          146,
          189,
          190,
          194,
          198,
          214,
          220,
          237,
          242,
          248,
          255
        ],
        "fingerprint": "fef361162327d754",
        "length": 256,
        "owner_tier": 0,
        "request": "d1.r3",
        "segment_index": 7
      },
      {
        "cache_owner": "d0.r0",
        "epic_prefix_rows": [
          30,
          33,
          58,
          71,
          72,
          90,
          91,
          95,
          98,
          102,
          110,
          120,
          128,
          156,
          161,
          167,
          168,
          181,
          182,
          196,
          199,
          200,
          212,
          221,
          222,
          225,
          228,
          233,
          243,
          246,
          250,
          251
        ],
        "fingerprint": "276d06962ab722d7",
        "length": 256,
        "owner_tier": 0,
        "request": "d1.r3",
        "segment_index": 8
      },
      {
        "cache_owner": "d0.r0",
        "epic_prefix_rows": [
          28,
          30,
          39,
          47,
          53,
          56,
          58,
          62,
          74,
          79,
          86,
          88,
          98,
          99,
          102,
          114,
          118,
          122,
          124,
          127,
          128,
          131,
          144,
          158,
          172,
          174,
          190,
          212,
          231,
          235,
          237,
          238
        ],
        "fingerprint": "7e73ece24bb93834",
        "length": 256,
        "owner_tier": 0,
        "request": "d1.r3",
        "segment_index": 9
      },
      {
        "cache_owner": "d0.r0",
        "epic_prefix_rows": [
          0,
          7,
          10,
          12,
          23,
          28,
          45,
          46,
          51,
          58,
          59,
          67,
          80,
          81,
          83,
          93,
          100,
          104,
          110,
          119,
          120,
          132,
          147,
          175,
          178,
          185,
          197,
          204,
          210,
          228,
          243,
          250
        ],
        "fingerprint": "a8850a73c2483934",
        "length": 256,
        "owner_tier": 0,
        "request": "d1.r3",
        "segment_index": 10
      },
      {
        "cache_owner": "d0.r0",
        "epic_prefix_rows": [
          0,
          1,
          2,
          17,
          20,
          22,
          29,
          33,
          45,
          50,
          51,
          58,
          59,
          97,
          106,
          119,
          121,
          133,
          136,
          137,
          154,
          155,
          159,
          189,
          210,
          216,
          217,
          229,
          232,
          233,
          239,
          253
        ],
        "fingerprint": "a4093c0243d9f211",
        "length": 256,
        "owner_tier": 0,
        "request": "d1.r3",
        "segment_index": 11
      },
      {
        "cache_owner": "d0.r0",
        "epic_prefix_rows": [
          0,
          6,
          7,
          10,
          23,
          26,
          34,
          36,
          53,
          64,
          68,
          69,
          86,
          88,
          94,
          97,
          111,
          116,
          132,
          149,
          152,
          157,
          164,
          173,
          177,
          180,
          182,
          195,
          211,
          230,
          244,
          249
        ],
        "fingerprint": "254bfc97b06ef560",
        "length": 256,
        "owner_tier": 0,
        "request": "d1.r3",
        "segment_index": 12
      },
      {
        "cache_owner": "d0.r1",
        "epic_prefix_rows": [],
        "fingerprint": "6c05d74d66e75323",
        "length": 256,
        "owner_tier": 1,
        "request": "d1.r3",
        "segment_index": 13
      },
      {
        "cache_owner": "d0.r1",
        "epic_prefix_rows": [],
        "fingerprint": "9be32fe2c99887d1",
        "length": 256,
        "owner_tier": 1,
        "request": "d1.r3",
        "segment_index": 14
      },
      {
        "cache_owner": "d0.r1",
        "epic_prefix_rows": [],
        "fingerprint": "3fd8b144566f43ed",
        "length": 256,
        "owner_tier": 1,
        "request": "d1.r3",
        "segment_index": 15
      },
      {
        "cache_owner": "d0.r1",
        "epic_prefix_rows": [],
        "fingerprint": "30f09964a80d8f65",
        "length": 256,
        "owner_tier": 1,
        "request": "d1.r3",
        "segment_index": 16
      },
      {
        "cache_owner": "d0.r1",
        "epic_prefix_rows": [],
        "fingerprint": "74370d13c71ff044",
        "length": 256,
        "owner_tier": 1,
        "request": "d1.r3",
        "segment_index": 17
      },
      {
        "cache_owner": "d0.r1",
        "epic_prefix_rows": [],
        "fingerprint": "b98480609ff92086",
        "length": 256,
        "owner_tier": 1,
        "request": "d1.r3",
        "segment_index": 18
      },
      {
        "cache_owner": "d0.r1",
        "epic_prefix_rows": [],
        "fingerprint": "e27085abc1aa49a7",
        "length": 256,
        "owner_tier": 1,
        "request": "d1.r3",
        "segment_index": 19
      },
      {
        "cache_owner": "d0.r1",
        "epic_prefix_rows": [],
        "fingerprint": "cb30bf30b7b7b133",
        "length": 256,
        "owner_tier": 1,
        "request": "d1.r3",
        "segment_index": 20
      },
      {
        "cache_owner": "d0.r1",
        "epic_prefix_rows": [],
        "fingerprint": "4f6a58a7e21f2e4f",
        "length": 256,
        "owner_tier": 1,
        "request": "d1.r3",
        "segment_index": 21
      },
      {
        "cache_owner": "d0.r1",
        "epic_prefix_rows": [],
        "fingerprint": "2ef42bc347ac5ea9",
        "length": 256,
        "owner_tier": 1,
        "request": "d1.r3",
        "segment_index": 22
      },
      {
        "cache_owner": "d0.r2",
        "epic_prefix_rows": [],
        "fingerprint": "56f7715442fdf966",
        "length": 256,
        "owner_tier": 2,
        "request": "d1.r3",
        "segment_index": 23
      },
      {
        "cache_owner": "d0.r2",
        "epic_prefix_rows": [],
        "fingerprint": "69931b25dbad9d62",
        "length": 256,
        "owner_tier": 2,
        "request": "d1.r3",
        "segment_index": 24
      },
      {
        "cache_owner": "d0.r2",
        "epic_prefix_rows": [],
        "fingerprint": "68adf7d53a6d43ad",
        "length": 256,
        "owner_tier": 2,
        "request": "d1.r3",
        "segment_index": 25
      },
      {
        "cache_owner": "d0.r2",
        "epic_prefix_rows": [],
        "fingerprint": "025ec3a8491dfa52",
        "length": 256,
        "owner_tier": 2,
        "request": "d1.r3",
        "segment_index": 26
      },
      {
        "cache_owner": "d0.r2",
        "epic_prefix_rows": [],
        "fingerprint": "5f0fb92071edefba",
        "length": 256,
        "owner_tier": 2,
        "request": "d1.r3",
        "segment_index": 27
      },
      {
        "cache_owner": "d0.r2",
        "epic_prefix_rows": [],
        "fingerprint": "3798fae9eeb921ba",
        "length": 256,
        "owner_tier": 2,
        "request": "d1.r3",
        "segment_index": 28
      },
      {
        "cache_owner": "d0.r2",
        "epic_prefix_rows": [],
        "fingerprint": "05841ec733057ecb",
        "length": 256,
        "owner_tier": 2,
        "request": "d1.r3",
        "segment_index": 29
      },
      {
        "cache_owner": "d0.r2",
        "epic_prefix_rows": [],
        "fingerprint": "53d05282294c6bc4",
        "length": 256,
        "owner_tier": 2,
        "request": "d1.r3",
        "segment_index": 30
      },
      {
        "cache_owner": "d0.r2",
        "epic_prefix_rows": [],
        "fingerprint": "808907b51f157d1b",
        "length": 256,
        "owner_tier": 2,
        "request": "d1.r3",
        "segment_index": 31
      },
      {
        "cache_owner": "d0.r2",
        "epic_prefix_rows": [],
        "fingerprint": "a9736e94ffa61392",
        "length": 256,
        "owner_tier": 2,
        "request": "d1.r3",
        "segment_index": 32
      },
      {
        "cache_owner": "d0.r3",
        "epic_prefix_rows": [],
        "fingerprint": "45ae2eb61fca9159",
        "length": 256,
        "owner_tier": 3,
        "request": "d1.r3",
        "segment_index": 33
      },
      {
        "cache_owner": "d0.r3",
        "epic_prefix_rows": [],
        "fingerprint": "9be82bb1e1d51b15",
        "length": 256,
        "owner_tier": 3,
        "request": "d1.r3",
        "segment_index": 34
      },
      {
        "cache_owner": "d0.r3",
        "epic_prefix_rows": [],
        "fingerprint": "d3796ec8297d8d49",
        "length": 256,
        "owner_tier": 3,
        "request": "d1.r3",
        "segment_index": 35
      },
      {
        "cache_owner": "d0.r3",
        "epic_prefix_rows": [],
        "fingerprint": "e3ffc60c3ad64676",
        "length": 256,
        "owner_tier": 3,
        "request": "d1.r3",
        "segment_index": 36
      },
      {
        "cache_owner": "d0.r3",
        "epic_prefix_rows": [],
        "fingerprint": "55558bd9eec583a5",
        "length": 256,
        "owner_tier": 3,
        "request": "d1.r3",
        "segment_index": 37
      },
      {
        "cache_owner": "d0.r3",
        "epic_prefix_rows": [],
        "fingerprint": "e4cfa02c32aa48d8",
        "length": 256,
        "owner_tier": 3,
        "request": "d1.r3",
        "segment_index": 38
      },
      {
        "cache_owner": "d0.r3",
        "epic_prefix_rows": [],
        "fingerprint": "b0968f7aa0a748da",
        "length": 256,
        "owner_tier": 3,
        "request": "d1.r3",
        "segment_index": 39
      },
      {
        "cache_owner": "d0.r3",
        "epic_prefix_rows": [],
        "fingerprint": "d0decf1f69183f96",
        "length": 256,
        "owner_tier": 3,
        "request": "d1.r3",
        "segment_index": 40
      },
      {
        "cache_owner": "d0.r3",
        "epic_prefix_rows": [],
        "fingerprint": "bacbc23f57604927",
        "length": 256,
        "owner_tier": 3,
        "request": "d1.r3",
        "segment_index": 41
      },
      {
        "cache_owner": "d0.r3",
        "epic_prefix_rows": [],
        "fingerprint": "6378b20604fceaf0",
        "length": 256,
        "owner_tier": 3,
        "request": "d1.r3",
        "segment_index": 42
      },
      {
        "cache_owner": "d2.r2",
        "epic_prefix_rows": [
          20,
          27,
          30,
          31,
          32,
          45,
          51,
          53,
          65,
          69,
          81,
          86,
          96,
          97,
          106,
          107,
          114,
          116,
          120,
          121,
          128,
          130,
          140,
          143,
          144,
          146,
          168,
          177,
          228,
          233,
          246,
          249
        ],
        "fingerprint": "3745a4701ee9f11e",
        "length": 256,
        "owner_tier": 2,
        "request": "d2.r3",
        "segment_index": 0
      },
      {
        "cache_owner": "d1.r3",
        "epic_prefix_rows": [],
        "fingerprint": "98ad5e0e0d1a0991",
        "length": 256,
        "owner_tier": 3,
        "request": "d2.r3",
        "segment_index": 1
      },
      {
        "cache_owner": "d0.r3",
        "epic_prefix_rows": [
          1,
          6,
          36,
          57,
          58,
          59,
          61,
          63,
          64,
          72,
          89,
          103,
          105,
          109,
          112,
          114,
          116,
          121,
          122,
          123,
          141,
          171,
          185,
          195,
          198,
          209,
          210,
          220,
          227,
          239,
          242,
          246
        ],
        "fingerprint": "835f2f6330af4c07",
        "length": 256,
        "owner_tier": 3,
        "request": "d2.r3",
        "segment_index": 2
      },
      {
        "cache_owner": "d0.r0",
        "epic_prefix_rows": [
          9,
          15,
          22,
          31,
          38,
          39,
          41,
          48,
          76,
          85,
          87,
          99,
          119,
          124,
          132,
          133,
          153,
          159,
          161,
          167,
          172,
          173,
          175,
          184,
          196,
          206,
          212,
          222,
          237,
          238,
          248,
          251
        ],
        "fingerprint": "173f77422b3aca6e",
        "length": 256,
        "owner_tier": 0,
        "request": "d2.r3",
        "segment_index": 3
      },
      {
        "cache_owner": "d0.r0",
        "epic_prefix_rows": [
          12,
          38,
          42,
          46,
          48,
          49,
          83,
          86,
          96,
          100,
          105,
          111,
          127,
          132,
          133,
          138,
          149,
          152,
          158,
          162,
          174,
          176,
          182,
          185,
          194,
          197,
          201,
          205,
          212,
          217,
          227,
          242
        ],
        "fingerprint": "25cc8cd8a6360c41",
        "length": 256,
        "owner_tier": 0,
        "request": "d2.r3",
        "segment_index": 4
      },
      {
        "cache_owner": "d0.r0",
        "epic_prefix_rows": [
          0,
          8,
          11,
          15,
          27,
          34,
          50,
          54,
          57,
          62,
          81,
          112,
          113,
          124,
          142,
          146,
          153,
          154,
          156,
          169,
          172,
          175,
          187,
          215,
          220,
          223,
          230,
          231,
          237,
          246,
          252,
          253
        ],
        "fingerprint": "a24d833ce77269fd",
        "length": 256,
        "owner_tier": 0,
        "request": "d2.r3",
        "segment_index": 5
      },
      {
        "cache_owner": "d0.r0",
        "epic_prefix_rows": [
          17,
          29,
          37,
          39,
          41,
          49,
          56,
          73,
          81,
          86,
          91,
          95,
          100,
          112,
          119,
          126,
          142,
          162,
          165,
          169,
          174,
          175,
          183,
          192,
          193,
          215,
          216,
          217,
          226,
          236,
          237,
          238
        ],
        "fingerprint": "71c190096acd6433",
        "length": 256,
        "owner_tier": 0,
        "request": "d2.r3",
        "segment_index": 6
      },
      {
        "cache_owner": "d0.r0",
        "epic_prefix_rows": [
          1,
          5,
          11,
          22,
          34,
          53,
          79,
          94,
          97,
          103,
          105,
          125,
          135,
          137,
          138,
          139,
          145,
          149,
          162,
          164,
          171,
          180,
          181,
          202,
          218,
          223,
          228,
          237,
          242,
          245,
          252,
          253
        ],
        "fingerprint": "fef361162327d754",
        "length": 256,
        "owner_tier": 0,
        "request": "d2.r3",
        "segment_index": 7
      },
      {
        "cache_owner": "d0.r0",
        "epic_prefix_rows": [
          3,
          5,
          7,
          20,
          21,
          28,
          33,
          39,
          52,
          61,
          66,
          79,
          92,
          94,
          107,
          119,
          126,
          131,
          150,
          151,
          154,
          157,
          187,
          190,
          192,
          193,
          196,
          206,
          221,
          234,
          245,
          248
        ],
        "fingerprint": "276d06962ab722d7",
        "length": 256,
        "owner_tier": 0,
        "request": "d2.r3",
        "segment_index": 8
      },
      {
        "cache_owner": "d0.r0",
        "epic_prefix_rows": [
          11,
          16,
          22,
          39,
          56,
          58,
          67,
          71,
          80,
          81,
          86,
          97,
          98,
          111,
          122,
          124,
          129,
          134,
          144,
          149,
          151,
          160,
          186,
          190,
          210,
          214,
          224,
          228,
          237,
          239,
          248,
          251
        ],
        "fingerprint": "7e73ece24bb93834",
        "length": 256,
        "owner_tier": 0,
        "request": "d2.r3",
        "segment_index": 9
      },
      {
        "cache_owner": "d0.r0",
        "epic_prefix_rows": [
          7,
          8,
          12,
          29,
          30,
          34,
          36,
          48,
          63,
          67,
          69,
          74,
          88,
          95,
          98,
          110,
          111,
          138,
          155,
          157,
          161,
          163,
          170,
          180,
          190,
          194,
          205,
          211,
          226,
          239,
          246,
          254
        ],
        "fingerprint": "a8850a73c2483934",
        "length": 256,
        "owner_tier": 0,
        "request": "d2.r3",
        "segment_index": 10
      },
      {
        "cache_owner": "d0.r0",
        "epic_prefix_rows": [
          3,
          5,
          17,
          19,
          25,
          26,
          30,
          32,
          35,
          41,
          64,
          66,
          84,
          86,
          88,
          106,
          124,
          126,
          131,
          133,
          141,
          143,
          146,
          150,
          157,
          163,
          194,
          202,
          209,
          220,
          232,
          244
        ],
        "fingerprint": "a4093c0243d9f211",
        "length": 256,
        "owner_tier": 0,
        "request": "d2.r3",
        "segment_index": 11
      },
      {
        "cache_owner": "d0.r0",
        "epic_prefix_rows": [
          17,
          24,
          40,
          45,
          51,
          55,
          57,
          58,
          68,
          88,
          89,
          102,
          112,
          119,
          133,
          140,
          142,
          155,
          169,
          177,
          178,
          181,
          184,
          190,
          200,
          214,
          215,
          218,
          229,
          234,
          239,
          245
        ],
        "fingerprint": "254bfc97b06ef560",
        "length": 256,
        "owner_tier": 0,
        "request": "d2.r3",
        "segment_index": 12
      },
      {
        "cache_owner": "d0.r1",
        "epic_prefix_rows": [],
        "fingerprint": "6c05d74d66e75323",
        "length": 256,
        "owner_tier": 1,
        "request": "d2.r3",
        "segment_index": 13
      },
      {
        "cache_owner": "d0.r1",
        "epic_prefix_rows": [],
        "fingerprint": "9be32fe2c99887d1",
        "length": 256,
        "owner_tier": 1,
        "request": "d2.r3",
        "segment_index": 14
      },
      {
        "cache_owner": "d0.r1",
        "epic_prefix_rows": [],
        "fingerprint": "3fd8b144566f43ed",
        "length": 256,
        "owner_tier": 1,
        "request": "d2.r3",
        "segment_index": 15
      },
      {
        "cache_owner": "d0.r1",
        "epic_prefix_rows": [],
        "fingerprint": "30f09964a80d8f65",
        "length": 256,
        "owner_tier": 1,
        "request": "d2.r3",
        "segment_index": 16
      },
      {
        "cache_owner": "d0.r1",
        "epic_prefix_rows": [],
        "fingerprint": "74370d13c71ff044",
        "length": 256,
        "owner_tier": 1,
        "request": "d2.r3",
        "segment_index": 17
      },
      {
        "cache_owner": "d0.r1",
        "epic_prefix_rows": [],
        "fingerprint": "b98480609ff92086",
        "length": 256,
        "owner_tier": 1,
        "request": "d2.r3",
        "segment_index": 18
      },
      {
        "cache_owner": "d0.r1",
        "epic_prefix_rows": [],
        "fingerprint": "e27085abc1aa49a7",
        "length": 256,
        "owner_tier": 1,
        "request": "d2.r3",
        "segment_index": 19
      },
      {
        "cache_owner": "d0.r1",
        "epic_prefix_rows": [],
        "fingerprint": "cb30bf30b7b7b133",
        "length": 256,
        "owner_tier": 1,
        "request": "d2.r3",
        "segment_index": 20
      },
      {
        "cache_owner": "d0.r1",
        "epic_prefix_rows": [],
        "fingerprint": "4f6a58a7e21f2e4f",
        "length": 256,
        "owner_tier": 1,
        "request": "d2.r3",
        "segment_index": 21
      },
      {
        "cache_owner": "d0.r1",
        "epic_prefix_rows": [],
        "fingerprint": "2ef42bc347ac5ea9",
        "length": 256,
        "owner_tier": 1,
        "request": "d2.r3",
        "segment_index": 22
      },
      {
        "cache_owner": "d0.r2",
        "epic_prefix_rows": [],
        "fingerprint": "56f7715442fdf966",
        "length": 256,
        "owner_tier": 2,
        "request": "d2.r3",
        "segment_index": 23
      },
      {
        "cache_owner": "d0.r2",
        "epic_prefix_rows": [],
        "fingerprint": "69931b25dbad9d62",
        "length": 256,
        "owner_tier": 2,
        "request": "d2.r3",
        "segment_index": 24
      },
      {
        "cache_owner": "d0.r2",
        "epic_prefix_rows": [],
        "fingerprint": "68adf7d53a6d43ad",
        "length": 256,
        "owner_tier": 2,
        "request": "d2.r3",
        "segment_index": 25
      },
      {
        "cache_owner": "d0.r2",
        "epic_prefix_rows": [],
        "fingerprint": "025ec3a8491dfa52",
        "length": 256,
        "owner_tier": 2,
        "request": "d2.r3",
        "segment_index": 26
      },
      {
        "cache_owner": "d0.r2",
        "epic_prefix_rows": [],
        "fingerprint": "5f0fb92071edefba",
        "length": 256,
        "owner_tier": 2,
        "request": "d2.r3",
        "segment_index": 27
      },
      {
        "cache_owner": "d0.r2",
        "epic_prefix_rows": [],
        "fingerprint": "3798fae9eeb921ba",
        "length": 256,
        "owner_tier": 2,
        "request": "d2.r3",
        "segment_index": 28
      },
      {
        "cache_owner": "d0.r2",
        "epic_prefix_rows": [],
        "fingerprint": "05841ec733057ecb",
        "length": 256,
        "owner_tier": 2,
        "request": "d2.r3",
        "segment_index": 29
      },
      {
        "cache_owner": "d0.r2",
        "epic_prefix_rows": [],
        "fingerprint": "53d05282294c6bc4",
        "length": 256,
        "owner_tier": 2,
        "request": "d2.r3",
        "segment_index": 30
      },
      {
        "cache_owner": "d0.r2",
        "epic_prefix_rows": [],
        "fingerprint": "808907b51f157d1b",
        "length": 256,
        "owner_tier": 2,
        "request": "d2.r3",
        "segment_index": 31
      },
      {
        "cache_owner": "d0.r2",
        "epic_prefix_rows": [],
        "fingerprint": "a9736e94ffa61392",
        "length": 256,
        "owner_tier": 2,
        "request": "d2.r3",
        "segment_index": 32
      },
      {
        "cache_owner": "d0.r3",
        "epic_prefix_rows": [],
        "fingerprint": "45ae2eb61fca9159",
        "length": 256,
        "owner_tier": 3,
        "request": "d2.r3",
        "segment_index": 33
      },
      {
        "cache_owner": "d0.r3",
        "epic_prefix_rows": [],
        "fingerprint": "9be82bb1e1d51b15",
        "length": 256,
        "owner_tier": 3,
        "request": "d2.r3",
        "segment_index": 34
      },
      {
        "cache_owner": "d0.r3",
        "epic_prefix_rows": [],
        "fingerprint": "d3796ec8297d8d49",
        "length": 256,
        "owner_tier": 3,
        "request": "d2.r3",
        "segment_index": 35
      },
      {
        "cache_owner": "d0.r3",
        "epic_prefix_rows": [],
        "fingerprint": "e3ffc60c3ad64676",
        "length": 256,
        "owner_tier": 3,
        "request": "d2.r3",
        "segment_index": 36
      },
      {
        "cache_owner": "d0.r3",
        "epic_prefix_rows": [],
        "fingerprint": "55558bd9eec583a5",
        "length": 256,
        "owner_tier": 3,
        "request": "d2.r3",
        "segment_index": 37
      },
      {
        "cache_owner": "d0.r3",
        "epic_prefix_rows": [],
        "fingerprint": "e4cfa02c32aa48d8",
        "length": 256,
        "owner_tier": 3,
        "request": "d2.r3",
        "segment_index": 38
      },
      {
        "cache_owner": "d0.r3",
        "epic_prefix_rows": [],
        "fingerprint": "b0968f7aa0a748da",
        "length": 256,
        "owner_tier": 3,
        "request": "d2.r3",
        "segment_index": 39
      },
      {
        "cache_owner": "d0.r3",
        "epic_prefix_rows": [],
        "fingerprint": "d0decf1f69183f96",
        "length": 256,
        "owner_tier": 3,
        "request": "d2.r3",
        "segment_index": 40
      },
      {
        "cache_owner": "d0.r3",
        "epic_prefix_rows": [],
        "fingerprint": "bacbc23f57604927",
        "length": 256,
        "owner_tier": 3,
        "request": "d2.r3",
        "segment_index": 41
      },
      {
        "cache_owner": "d0.r3",
        "epic_prefix_rows": [],
        "fingerprint": "6378b20604fceaf0",
        "length": 256,
        "owner_tier": 3,
        "request": "d2.r3",
        "segment_index": 42
      },
      {
        "cache_owner": "d0.r3",
        "epic_prefix_rows": [
          0,
          3,
          8,
          21,
          29,
          32,
          42,
          51,
          70,
          74,
          78,
          82,
          83,
          88,
          131,
          141,
          143,
          156,
          160,
          169,
          170,
          180,
          182,
          197,
          198,
          200,
          205,
          209,
          223,
          246,
          251,
          252
        ],
        "fingerprint": "f2dd829b844ba0ed",
        "length": 256,
        "owner_tier": 3,
        "request": "d0.r4",
        "segment_index": 0
      },
      {
        "cache_owner": "d0.r0",
        "epic_prefix_rows": [
          2,
          5,
          8,
          19,
          20,
          22,
          31,
          44,
          61,
          68,
          73,
          75,
          80,
          81,
          82,
          104,
          106,
          111,
          118,
          128,
          136,
          151,
          160,
          163,
          169,
          172,
          178,
          212,
          213,
          216,
          222,
          229
        ],
        "fingerprint": "173f77422b3aca6e",
        "length": 256,
        "owner_tier": 0,
        "request": "d0.r4",
        "segment_index": 3
      },
      {
        "cache_owner": "d0.r0",
        "epic_prefix_rows": [
          12,
          14,
          31,
          35,
          43,
          57,
          63,
          64,
          66,
          71,
          80,
          95,
          99,
          107,
          108,
          114,
          125,
          132,
          136,
          147,
          149,
          152,
          177,
          181,
          200,
          201,
          206,
          217,
          227,
          233,
          249,
          252
        ],
        "fingerprint": "25cc8cd8a6360c41",
        "length": 256,
        "owner_tier": 0,
        "request": "d0.r4",
        "segment_index": 4
      },
      {
        "cache_owner": "d0.r0",
        "epic_prefix_rows": [
          3,
          7,
          20,
          25,
          26,
          31,
          32,
          46,
          59,
          61,
          63,
          68,
          72,
          78,
          92,
          98,
          103,
          105,
          110,
          112,
          120,
          122,
          127,
          134,
          178,
          180,
          192,
          206,
          211,
          228,
          231,
          235
        ],
        "fingerprint": "a24d833ce77269fd",
        "length": 256,
        "owner_tier": 0,
        "request": "d0.r4",
        "segment_index": 5
      },
      {
        "cache_owner": "d0.r0",
        "epic_prefix_rows": [
          6,
          29,
          37,
          38,
          40,
          42,
          46,
          47,
          51,
          56,
          59,
          62,
          63,
          64,
          77,
          91,
          106,
          134,
          139,
          141,
          143,
          180,
          181,
          184,
          194,
          201,
          204,
          210,
          218,
          221,
          226,
          227
        ],
        "fingerprint": "71c190096acd6433",
        "length": 256,
        "owner_tier": 0,
        "request": "d0.r4",
        "segment_index": 6
      },
      {
        "cache_owner": "d0.r0",
        "epic_prefix_rows": [
          5,
          15,
          42,
          43,
          51,
          54,
          63,
          65,
          76,
          97,
          98,
          99,
          105,
          117,
          129,
          134,
          148,
          174,
          181,
          184,
          189,
          190,
          198,
          202,
          203,
          204,
          213,
          216,
          219,
          222,
          225,
          231
        ],
        "fingerprint": "fef361162327d754",
        "length": 256,
        "owner_tier": 0,
        "request": "d0.r4",
        "segment_index": 7
      },
      {
        "cache_owner": "d0.r0",
        "epic_prefix_rows": [
          2,
          19,
          20,
          22,
          26,
          32,
          40,
          62,
          66,
          70,
          88,
          101,
          105,
          115,
          136,
          150,
          169,
          172,
          185,
          189,
          190,
          191,
          195,
          211,
          219,
          228,
          230,
          240,
          242,
          246,
          249,
          252
        ],
        "fingerprint": "276d06962ab722d7",
        "length": 256,
        "owner_tier": 0,
        "request": "d0.r4",
        "segment_index": 8
      },
      {
        "cache_owner": "d0.r0",
        "epic_prefix_rows": [
          3,
          11,
          13,
          17,
          34,
          37,
          63,
          74,
          89,
          91,
          93,
          107,
          114,
          115,
          130,
          153,
          160,
          169,
          170,
          177,
          181,
          194,
          199,
          207,
          212,
          218,
          219,
          225,
          229,
          236,
          249,
          252
        ],
        "fingerprint": "7e73ece24bb93834",
        "length": 256,
        "owner_tier": 0,
        "request": "d0.r4",
        "segment_index": 9
      },
      {
        "cache_owner": "d0.r0",
        "epic_prefix_rows": [
          5,
          34,
          35,
          51,
          64,
          75,
          77,
          84,
          86,
          89,
          97,
          101,
          112,
          121,
          122,
          128,
          152,
          154,
          155,
          163,
          164,
          176,
          179,
          187,
          206,
          207,
          209,
          213,
          218,
          238,
          239,
          243
        ],
        "fingerprint": "a8850a73c2483934",
        "length": 256,
        "owner_tier": 0,
        "request": "d0.r4",
        "segment_index": 10
      },
      {
        "cache_owner": "d0.r0",
        "epic_prefix_rows": [
          35,
          42,
          48,
          55,
          60,
          67,
          76,
          102,
          110,
          128,
          129,
          130,
          131,
          132,
          136,
          144,
          148,
          152,
          165,
          172,
          178,
          193,
          199,
          202,
          206,
          208,
          211,
          214,
          215,
          229,
          230,
          246
        ],
        "fingerprint": "a4093c0243d9f211",
        "length": 256,
        "owner_tier": 0,
        "request": "d0.r4",
        "segment_index": 11
      },
      {
        "cache_owner": "d0.r0",
        "epic_prefix_rows": [
          0,
          4,
          13,
          17,
          26,
          44,
          47,
          49,
          51,
          55,
          65,
          66,
          77,
          87,
          110,
          116,
          117,
          134,
          152,
          158,
          166,
          176,
          186,
          202,
          203,
          211,
          219,
          223,
          232,
          234,
          241,
          243
        ],
        "fingerprint": "254bfc97b06ef560",
        "length": 256,
        "owner_tier": 0,
        "request": "d0.r4",
        "segment_index": 12
      },
      {
        "cache_owner": "d0.r1",
        "epic_prefix_rows": [],
        "fingerprint": "6c05d74d66e75323",
        "length": 256,
        "owner_tier": 1,
        "request": "d0.r4",
        "segment_index": 13
      },
      {
        "cache_owner": "d0.r1",
        "epic_prefix_rows": [],
        "fingerprint": "9be32fe2c99887d1",
        "length": 256,
        "owner_tier": 1,
        "request": "d0.r4",
        "segment_index": 14
      },
      {
        "cache_owner": "d0.r1",
        "epic_prefix_rows": [],
        "fingerprint": "3fd8b144566f43ed",
        "length": 256,
        "owner_tier": 1,
        "request": "d0.r4",
        "segment_index": 15
      },
      {
        "cache_owner": "d0.r1",
        "epic_prefix_rows": [],
        "fingerprint": "30f09964a80d8f65",
        "length": 256,
        "owner_tier": 1,
        "request": "d0.r4",
        "segment_index": 16
      },
      {
        "cache_owner": "d0.r1",
        "epic_prefix_rows": [],
        "fingerprint": "74370d13c71ff044",
        "length": 256,
        "owner_tier": 1,
        "request": "d0.r4",
        "segment_index": 17
      },
      {
        "cache_owner": "d0.r1",
        "epic_prefix_rows": [],
        "fingerprint": "b98480609ff92086",
        "length": 256,
        "owner_tier": 1,
        "request": "d0.r4",
        "segment_index": 18
      },
      {
        "cache_owner": "d0.r1",
        "epic_prefix_rows": [],
        "fingerprint": "e27085abc1aa49a7",
        "length": 256,
        "owner_tier": 1,
        "request": "d0.r4",
        "segment_index": 19
      },
      {
        "cache_owner": "d0.r1",
        "epic_prefix_rows": [],
        "fingerprint": "cb30bf30b7b7b133",
        "length": 256,
        "owner_tier": 1,
        "request": "d0.r4",
        "segment_index": 20
      },
      {
        "cache_owner": "d0.r1",
        "epic_prefix_rows": [],
        "fingerprint": "4f6a58a7e21f2e4f",
        "length": 256,
        "owner_tier": 1,
        "request": "d0.r4",
        "segment_index": 21
      },
      {
        "cache_owner": "d0.r1",
        "epic_prefix_rows": [],
        "fingerprint": "2ef42bc347ac5ea9",
        "length": 256,
        "owner_tier": 1,
        "request": "d0.r4",
        "segment_index": 22
      },
      {
        "cache_owner": "d0.r2",
        "epic_prefix_rows": [],
        "fingerprint": "56f7715442fdf966",
        "length": 256,
        "owner_tier": 2,
        "request": "d0.r4",
        "segment_index": 23
      },
      {
        "cache_owner": "d0.r2",
        "epic_prefix_rows": [],
        "fingerprint": "69931b25dbad9d62",
        "length": 256,
        "owner_tier": 2,
        "request": "d0.r4",
        "segment_index": 24
      },
      {
        "cache_owner": "d0.r2",
        "epic_prefix_rows": [],
        "fingerprint": "68adf7d53a6d43ad",
        "length": 256,
        "owner_tier": 2,
        "request": "d0.r4",
        "segment_index": 25
      },
      {
        "cache_owner": "d0.r2",
        "epic_prefix_rows": [],
        "fingerprint": "025ec3a8491dfa52",
        "length": 256,
        "owner_tier": 2,
        "request": "d0.r4",
        "segment_index": 26
      },
      {
        "cache_owner": "d0.r2",
        "epic_prefix_rows": [],
        "fingerprint": "5f0fb92071edefba",
        "length": 256,
        "owner_tier": 2,
        "request": "d0.r4",
        "segment_index": 27
      },
      {
        "cache_owner": "d0.r2",
        "epic_prefix_rows": [],
        "fingerprint": "3798fae9eeb921ba",
        "length": 256,
        "owner_tier": 2,
        "request": "d0.r4",
        "segment_index": 28
      },
      {
        "cache_owner": "d0.r2",
        "epic_prefix_rows": [],
        "fingerprint": "05841ec733057ecb",
        "length": 256,
        "owner_tier": 2,
        "request": "d0.r4",
        "segment_index": 29
      },
      {
        "cache_owner": "d0.r2",
        "epic_prefix_rows": [],
        "fingerprint": "53d05282294c6bc4",
        "length": 256,
        "owner_tier": 2,
        "request": "d0.r4",
        "segment_index": 30
      },
      {
        "cache_owner": "d0.r2",
        "epic_prefix_rows": [],
        "fingerprint": "808907b51f157d1b",
        "length": 256,
        "owner_tier": 2,
        "request": "d0.r4",
        "segment_index": 31
      },
      {
        "cache_owner": "d0.r2",
        "epic_prefix_rows": [],
        "fingerprint": "a9736e94ffa61392",
        "length": 256,
        "owner_tier": 2,
        "request": "d0.r4",
        "segment_index": 32
      },
      {
        "cache_owner": "d0.r3",
        "epic_prefix_rows": [],
        "fingerprint": "45ae2eb61fca9159",
        "length": 256,
        "owner_tier": 3,
        "request": "d0.r4",
        "segment_index": 33
      },
      {
        "cache_owner": "d0.r3",
        "epic_prefix_rows": [],
        "fingerprint": "9be82bb1e1d51b15",
        "length": 256,
        "owner_tier": 3,
        "request": "d0.r4",
        "segment_index": 34
      },
      {
        "cache_owner": "d0.r3",
        "epic_prefix_rows": [],
        "fingerprint": "d3796ec8297d8d49",
        "length": 256,
        "owner_tier": 3,
        "request": "d0.r4",
        "segment_index": 35
      },
      {
        "cache_owner": "d0.r3",
        "epic_prefix_rows": [],
        "fingerprint": "e3ffc60c3ad64676",
        "length": 256,
        "owner_tier": 3,
        "request": "d0.r4",
        "segment_index": 36
      },
      {
        "cache_owner": "d0.r3",
        "epic_prefix_rows": [],
        "fingerprint": "55558bd9eec583a5",
        "length": 256,
        "owner_tier": 3,
        "request": "d0.r4",
        "segment_index": 37
      },
      {
        "cache_owner": "d0.r3",
        "epic_prefix_rows": [],
        "fingerprint": "e4cfa02c32aa48d8",
        "length": 256,
        "owner_tier": 3,
        "request": "d0.r4",
        "segment_index": 38
      },
      {
        "cache_owner": "d0.r3",
        "epic_prefix_rows": [],
        "fingerprint": "b0968f7aa0a748da",
        "length": 256,
        "owner_tier": 3,
        "request": "d0.r4",
        "segment_index": 39
      },
      {
        "cache_owner": "d0.r3",
        "epic_prefix_rows": [],
        "fingerprint": "d0decf1f69183f96",
        "length": 256,
        "owner_tier": 3,
        "request": "d0.r4",
        "segment_index": 40
      },
      {
        "cache_owner": "d0.r3",
        "epic_prefix_rows": [],
        "fingerprint": "bacbc23f57604927",
        "length": 256,
        "owner_tier": 3,
        "request": "d0.r4",
        "segment_index": 41
      },
      {
        "cache_owner": "d0.r3",
        "epic_prefix_rows": [],
        "fingerprint": "6378b20604fceaf0",
        "length": 256,
        "owner_tier": 3,
        "request": "d0.r4",
        "segment_index": 42
      },
      {
        "cache_owner": "d1.r3",
        "epic_prefix_rows": [
          2,
          4,
          5,
          6,
          22,
          29,
          42,
          60,
          68,
          79,
          90,
          92,
          100,
          110,
          127,
          149,
          155,
          156,
          168,
          172,
          179,
          184,
          189,
          200,
          207,
          210,
          212,
          219,
          222,
          234,
          237,
          239
        ],
        "fingerprint": "1dfa921d3d2f2857",
        "length": 256,
        "owner_tier": 3,
        "request": "d1.r4",
        "segment_index": 0
      },
      {
        "cache_owner": "d0.r4",
        "epic_prefix_rows": [],
        "fingerprint": "ca02ac4389b731ae",
        "length": 256,
        "owner_tier": 4,
        "request": "d1.r4",
        "segment_index": 2
      },
      {
        "cache_owner": "d0.r0",
        "epic_prefix_rows": [
          0,
          3,
          8,
          13,
          38,
          45,
          47,
          50,
          53,
          58,
          69,
          81,
          88,
          90,
          98,
          104,
          111,
          127,
          129,
          136,
          150,
          151,
          152,
          154,
          156,
          160,
          168,
          189,
          203,
          220,
          222,
          235
        ],
        "fingerprint": "173f77422b3aca6e",
        "length": 256,
        "owner_tier": 0,
        "request": "d1.r4",
        "segment_index": 3
      },
      {
        "cache_owner": "d0.r0",
        "epic_prefix_rows": [
          15,
          19,
          21,
          35,
          48,
          69,
          70,
          79,
          80,
          84,
          86,
          107,
          117,
          123,
          124,
          128,
          155,
          158,
          160,
          162,
          165,
          168,
          182,
          191,
          193,
          205,
          211,
          229,
          234,
          237,
          250,
          255
        ],
        "fingerprint": "25cc8cd8a6360c41",
        "length": 256,
        "owner_tier": 0,
        "request": "d1.r4",
        "segment_index": 4
      },
      {
        "cache_owner": "d0.r0",
        "epic_prefix_rows": [
          27,
          28,
          32,
          40,
          47,
          66,
          75,
          81,
          103,
          107,
          114,
          123,
          131,
          143,
          149,
          155,
          168,
          171,
          175,
          182,
          191,
          196,
          197,
          198,
          201,
          208,
          214,
          229,
          232,
          236,
          245,
          247
        ],
        "fingerprint": "a24d833ce77269fd",
        "length": 256,
        "owner_tier": 0,
        "request": "d1.r4",
        "segment_index": 5
      },
      {
        "cache_owner": "d0.r0",
        "epic_prefix_rows": [
          2,
          3,
          6,
          10,
          19,
          28,
          31,
          35,
          51,
          67,
          70,
          80,
          91,
          98,
          104,
          108,
          123,
          130,
          137,
          155,
          161,
          162,
          175,
          195,
          198,
          200,
          205,
          209,
          211,
          226,
          227,
          249
        ],
        "fingerprint": "71c190096acd6433",
        "length": 256,
        "owner_tier": 0,
        "request": "d1.r4",
        "segment_index": 6
      },
      {
        "cache_owner": "d0.r0",
        "epic_prefix_rows": [
          7,
          12,
          14,
          21,
          33,
          53,
          57,
          71,
          76,
          100,
          102,
          103,
          104,
          105,
          139,
          143,
          148,
          153,
          164,
          179,
          180,
          187,
          190,
          191,
          200,
          213,
          214,
          228,
          231,
          234,
          235,
          247
        ],
        "fingerprint": "fef361162327d754",
        "length": 256,
        "owner_tier": 0,
        "request": "d1.r4",
        "segment_index": 7
      },
      {
        "cache_owner": "d0.r0",
        "epic_prefix_rows": [
          2,
          13,
          17,
          22,
          32,
          37,
          43,
          53,
          54,
          64,
          68,
          73,
          103,
          120,
          134,
          138,
          143,
          147,
          150,
          162,
          164,
          175,
          198,
          199,
          212,
          220,
          221,
          224,
          228,
          230,
          241,
          244
        ],
        "fingerprint": "276d06962ab722d7",
        "length": 256,
        "owner_tier": 0,
        "request": "d1.r4",
        "segment_index": 8
      },
      {
        "cache_owner": "d0.r0",
        "epic_prefix_rows": [
          1,
          5,
          16,
          22,
          29,
          34,
          36,
          37,
          39,
          53,
          64,
          72,
          82,
          84,
          85,
          95,
          115,
          120,
          124,
          129,
          148,
          163,
          174,
          189,
          192,
          194,
          197,
          210,
          213,
          214,
          236,
          240
        ],
        "fingerprint": "7e73ece24bb93834",
        "length": 256,
        "owner_tier": 0,
        "request": "d1.r4",
        "segment_index": 9
      },
      {
        "cache_owner": "d0.r0",
        "epic_prefix_rows": [
          8,
          18,
          20,
          29,
          36,
          37,
          39,
          43,
          56,
          80,
          98,
          102,
          103,
          109,
          112,
          122,
          130,
          132,
          138,
          141,
          144,
          164,
          165,
          198,
          212,
          223,
          225,
          232,
          240,
          243,
          251,
          253
        ],
        "fingerprint": "a8850a73c2483934",
        "length": 256,
        "owner_tier": 0,
        "request": "d1.r4",
        "segment_index": 10
      },
      {
        "cache_owner": "d0.r0",
        "epic_prefix_rows": [
          9,
          34,
          59,
          68,
          77,
          81,
          87,
          88,
          90,
          93,
          98,
          102,
          119,
          122,
          128,
          131,
          134,
          144,
          151,
          159,
          170,
          171,
          185,
          186,
          190,
          198,
          200,
          202,
          208,
          222,
          231,
          240
        ],
        "fingerprint": "a4093c0243d9f211",
        "length": 256,
        "owner_tier": 0,
        "request": "d1.r4",
        "segment_index": 11
      },
      {
        "cache_owner": "d0.r0",
        "epic_prefix_rows": [
          0,
          3,
          6,
          10,
          19,
          28,
          46,
          62,
          63,
          68,
          87,
          91,
          93,
          94,
          107,
          111,
          121,
          123,
          124,
          129,
          132,
          139,
          145,
          147,
          158,
          165,
          193,
          196,
          207,
          225,
          239,
          250
        ],
        "fingerprint": "254bfc97b06ef560",
        "length": 256,
        "owner_tier": 0,
        "request": "d1.r4",
        "segment_index": 12
      },
      {
        "cache_owner": "d0.r1",
        "epic_prefix_rows": [],
        "fingerprint": "6c05d74d66e75323",
        "length": 256,
        "owner_tier": 1,
        "request": "d1.r4",
        "segment_index": 13
      },
      {
        "cache_owner": "d0.r1",
        "epic_prefix_rows": [],
        "fingerprint": "9be32fe2c99887d1",
        "length": 256,
        "owner_tier": 1,
        "request": "d1.r4",
        "segment_index": 14
      },
      {
        "cache_owner": "d0.r1",
        "epic_prefix_rows": [],
        "fingerprint": "3fd8b144566f43ed",
        "length": 256,
        "owner_tier": 1,
        "request": "d1.r4",
        "segment_index": 15
      },
      {
        "cache_owner": "d0.r1",
        "epic_prefix_rows": [],
        "fingerprint": "30f09964a80d8f65",
        "length": 256,
        "owner_tier": 1,
        "request": "d1.r4",
        "segment_index": 16
      },
      {
        "cache_owner": "d0.r1",
        "epic_prefix_rows": [],
        "fingerprint": "74370d13c71ff044",
        "length": 256,
        "owner_tier": 1,
        "request": "d1.r4",
        "segment_index": 17
      },
      {
        "cache_owner": "d0.r1",
        "epic_prefix_rows": [],
        "fingerprint": "b98480609ff92086",
        "length": 256,
        "owner_tier": 1,
        "request": "d1.r4",
        "segment_index": 18
      },
      {
        "cache_owner": "d0.r1",
        "epic_prefix_rows": [],
        "fingerprint": "e27085abc1aa49a7",
        "length": 256,
        "owner_tier": 1,
        "request": "d1.r4",
        "segment_index": 19
      },
      {
        "cache_owner": "d0.r1",
        "epic_prefix_rows": [],
        "fingerprint": "cb30bf30b7b7b133",
        "length": 256,
        "owner_tier": 1,
        "request": "d1.r4",
        "segment_index": 20
      },
      {
        "cache_owner": "d0.r1",
        "epic_prefix_rows": [],
        "fingerprint": "4f6a58a7e21f2e4f",
        "length": 256,
        "owner_tier": 1,
        "request": "d1.r4",
        "segment_index": 21
      },
      {
        "cache_owner": "d0.r1",
        "epic_prefix_rows": [],
        "fingerprint": "2ef42bc347ac5ea9",
        "length": 256,
        "owner_tier": 1,
        "request": "d1.r4",
        "segment_index": 22
      },
      {
        "cache_owner": "d0.r2",
        "epic_prefix_rows": [],
        "fingerprint": "56f7715442fdf966",
        "length": 256,
        "owner_tier": 2,
        "request": "d1.r4",
        "segment_index": 23
      },
      {
        "cache_owner": "d0.r2",
        "epic_prefix_rows": [],
        "fingerprint": "69931b25dbad9d62",
        "length": 256,
        "owner_tier": 2,
        "request": "d1.r4",
        "segment_index": 24
      },
      {
        "cache_owner": "d0.r2",
        "epic_prefix_rows": [],
        "fingerprint": "68adf7d53a6d43ad",
        "length": 256,
        "owner_tier": 2,
        "request": "d1.r4",
        "segment_index": 25
      },
      {
        "cache_owner": "d0.r2",
        "epic_prefix_rows": [],
        "fingerprint": "025ec3a8491dfa52",
        "length": 256,
        "owner_tier": 2,
        "request": "d1.r4",
        "segment_index": 26
      },
      {
        "cache_owner": "d0.r2",
        "epic_prefix_rows": [],
        "fingerprint": "5f0fb92071edefba",
        "length": 256,
        "owner_tier": 2,
        "request": "d1.r4",
        "segment_index": 27
      },
      {
        "cache_owner": "d0.r2",
        "epic_prefix_rows": [],
        "fingerprint": "3798fae9eeb921ba",
        "length": 256,
        "owner_tier": 2,
        "request": "d1.r4",
        "segment_index": 28
      },
      {
        "cache_owner": "d0.r2",
        "epic_prefix_rows": [],
        "fingerprint": "05841ec733057ecb",
        "length": 256,
        "owner_tier": 2,
        "request": "d1.r4",
        "segment_index": 29
      },
      {
        "cache_owner": "d0.r2",
        "epic_prefix_rows": [],
        "fingerprint": "53d05282294c6bc4",
        "length": 256,
        "owner_tier": 2,
        "request": "d1.r4",
        "segment_index": 30
      },
      {
        "cache_owner": "d0.r2",
        "epic_prefix_rows": [],
        "fingerprint": "808907b51f157d1b",
        "length": 256,
        "owner_tier": 2,
        "request": "d1.r4",
        "segment_index": 31
      },
      {
        "cache_owner": "d0.r2",
        "epic_prefix_rows": [],
        "fingerprint": "a9736e94ffa61392",
        "length": 256,
        "owner_tier": 2,
        "request": "d1.r4",
        "segment_index": 32
      },
      {
        "cache_owner": "d0.r3",
        "epic_prefix_rows": [],
        "fingerprint": "45ae2eb61fca9159",
        "length": 256,
        "owner_tier": 3,
        "request": "d1.r4",
        "segment_index": 33
      },
      {
        "cache_owner": "d0.r3",
        "epic_prefix_rows": [],
        "fingerprint": "9be82bb1e1d51b15",
        "length": 256,
        "owner_tier": 3,
        "request": "d1.r4",
        "segment_index": 34
      },
      {
        "cache_owner": "d0.r3",
        "epic_prefix_rows": [],
        "fingerprint": "d3796ec8297d8d49",
        "length": 256,
        "owner_tier": 3,
        "request": "d1.r4",
        "segment_index": 35
      },
      {
        "cache_owner": "d0.r3",
        "epic_prefix_rows": [],
        "fingerprint": "e3ffc60c3ad64676",
        "length": 256,
        "owner_tier": 3,
        "request": "d1.r4",
        "segment_index": 36
      },
      {
        "cache_owner": "d0.r3",
        "epic_prefix_rows": [],
        "fingerprint": "55558bd9eec583a5",
        "length": 256,
        "owner_tier": 3,
        "request": "d1.r4",
        "segment_index": 37
      },
      {
        "cache_owner": "d0.r3",
        "epic_prefix_rows": [],
        "fingerprint": "e4cfa02c32aa48d8",
        "length": 256,
        "owner_tier": 3,
        "request": "d1.r4",
        "segment_index": 38
      },
      {
        "cache_owner": "d0.r3",
        "epic_prefix_rows": [],
        "fingerprint": "b0968f7aa0a748da",
        "length": 256,
        "owner_tier": 3,
        "request": "d1.r4",
        "segment_index": 39
      },
      {
        "cache_owner": "d0.r3",
        "epic_prefix_rows": [],
        "fingerprint": "d0decf1f69183f96",
        "length": 256,
        "owner_tier": 3,
        "request": "d1.r4",
        "segment_index": 40
      },
      {
        "cache_owner": "d0.r3",
        "epic_prefix_rows": [],
        "fingerprint": "bacbc23f57604927",
        "length": 256,
        "owner_tier": 3,
        "request": "d1.r4",
        "segment_index": 41
      },
      {
        "cache_owner": "d0.r3",
        "epic_prefix_rows": [],
        "fingerprint": "6378b20604fceaf0",
        "length": 256,
        "owner_tier": 3,
        "request": "d1.r4",
        "segment_index": 42
      },
      {
        "cache_owner": "d0.r4",
        "epic_prefix_rows": [],
        "fingerprint": "40bc15a1ab7a0516",
        "length": 256,
        "owner_tier": 4,
        "request": "d1.r4",
        "segment_index": 43
      },
      {
        "cache_owner": "d0.r4",
        "epic_prefix_rows": [],
        "fingerprint": "663a1ce24690318b",
        "length": 256,
        "owner_tier": 4,
        "request": "d1.r4",
        "segment_index": 44
      },
      {
        "cache_owner": "d0.r4",
        "epic_prefix_rows": [],
        "fingerprint": "13ae68de86975a74",
        "length": 256,
        "owner_tier": 4,
        "request": "d1.r4",
        "segment_index": 45
      },
      {
        "cache_owner": "d0.r4",
        "epic_prefix_rows": [],
        "fingerprint": "75f8a918c1d4a485",
        "length": 256,
        "owner_tier": 4,
        "request": "d1.r4",
        "segment_index": 46
      },
      {
        "cache_owner": "d0.r4",
        "epic_prefix_rows": [],
        "fingerprint": "be03bd452a0282e0",
        "length": 256,
        "owner_tier": 4,
        "request": "d1.r4",
        "segment_index": 47
      },
      {
        "cache_owner": "d0.r4",
        "epic_prefix_rows": [],
        "fingerprint": "26f764cc81f7edb5",
        "length": 256,
        "owner_tier": 4,
        "request": "d1.r4",
        "segment_index": 48
      },
      {
        "cache_owner": "d0.r4",
        "epic_prefix_rows": [],
        "fingerprint": "eaef666141ce767b",
        "length": 256,
        "owner_tier": 4,
        "request": "d1.r4",
        "segment_index": 49
      },
      {
        "cache_owner": "d0.r4",
        "epic_prefix_rows": [],
        "fingerprint": "abf517b21f1ed6d9",
        "length": 256,
        "owner_tier": 4,
        "request": "d1.r4",
        "segment_index": 50
      },
      {
        "cache_owner": "d0.r4",
        "epic_prefix_rows": [],
        "fingerprint": "d2e62af3e03ca0ba",
        "length": 256,
        "owner_tier": 4,
        "request": "d1.r4",
        "segment_index": 51
      },
      {
        "cache_owner": "d2.r3",
        "epic_prefix_rows": [
          11,
          41,
          42,
          54,
          73,
          88,
          98,
          120,
          122,
          123,
          134,
          148,
          167,
          168,
          174,
          175,
          178,
          185,
          189,
          190,
          194,
          200,
          205,
          211,
          213,
          216,
          224,
          227,
          236,
          250,
          252,
          254
        ],
        "fingerprint": "ca02ac4389b731ae",
        "length": 256,
        "owner_tier": 3,
        "request": "d2.r4",
        "segment_index": 0
      },
      {
        "cache_owner": "d1.r4",
        "epic_prefix_rows": [],
        "fingerprint": "f2dd829b844ba0ed",
        "length": 256,
        "owner_tier": 4,
        "request": "d2.r4",
        "segment_index": 1
      },
      {
        "cache_owner": "d0.r4",
        "epic_prefix_rows": [
          13,
          36,
          44,
          54,
          60,
          61,
          65,
          75,
          80,
          83,
          94,
          97,
          100,
          109,
          110,
          113,
          116,
          131,
          145,
          148,
          153,
          156,
          159,
          160,
          171,
          181,
          196,
          211,
          221,
          227,
          238,
          249
        ],
        "fingerprint": "1dfa921d3d2f2857",
        "length": 256,
        "owner_tier": 4,
        "request": "d2.r4",
        "segment_index": 2
      },
      {
        "cache_owner": "d0.r0",
        "epic_prefix_rows": [
          29,
          36,
          37,
          44,
          46,
          52,
          60,
          62,
          63,
          65,
          82,
          86,
          91,
          114,
          116,
          122,
          137,
          140,
          152,
          153,
          154,
          159,
          162,
          177,
          180,
          181,
          190,
          194,
          216,
          228,
          241,
          251
        ],
        "fingerprint": "173f77422b3aca6e",
        "length": 256,
        "owner_tier": 0,
        "request": "d2.r4",
        "segment_index": 3
      },
      {
        "cache_owner": "d0.r0",
        "epic_prefix_rows": [
          5,
          11,
          20,
          41,
          45,
          49,
          50,
          51,
          53,
          64,
          69,
          73,
          75,
          80,
          90,
          99,
          104,
          107,
          117,
          124,
          127,
          128,
          131,
          138,
          142,
          154,
          176,
          187,
          212,
          216,
          231,
          244
        ],
        "fingerprint": "25cc8cd8a6360c41",
        "length": 256,
        "owner_tier": 0,
        "request": "d2.r4",
        "segment_index": 4
      },
      {
        "cache_owner": "d0.r0",
        "epic_prefix_rows": [
          13,
          15,
          29,
          40,
          56,
          68,
          79,
          85,
          95,
          98,
          106,
          112,
          123,
          140,
          143,
          157,
          160,
          172,
          173,
          178,
          179,
          184,
          190,
          195,
          217,
          218,
          221,
          223,
          228,
          230,
          234,
          239
        ],
        "fingerprint": "a24d833ce77269fd",
        "length": 256,
        "owner_tier": 0,
        "request": "d2.r4",
        "segment_index": 5
      },
      {
        "cache_owner": "d0.r0",
        "epic_prefix_rows": [
          4,
          5,
          10,
          20,
          23,
          24,
          45,
          60,
          79,
          84,
          129,
          131,
          144,
          149,
          150,
          152,
          160,
          168,
          185,
          186,
          187,
          201,
          202,
          208,
          209,
          210,
          218,
          222,
          230,
          238,
          249,
          252
        ],
        "fingerprint": "71c190096acd6433",
        "length": 256,
        "owner_tier": 0,
        "request": "d2.r4",
        "segment_index": 6
      },
      {
        "cache_owner": "d0.r0",
        "epic_prefix_rows": [
          32,
          33,
          35,
          37,
          40,
          47,
          50,
          57,
          58,
          66,
          71,
          75,
          77,
          126,
          135,
          147,
          151,
          156,
          157,
          181,
          188,
          197,
          200,
          201,
          221,
          224,
          225,
          228,
          232,
          236,
          237,
          241
        ],
        "fingerprint": "fef361162327d754",
        "length": 256,
        "owner_tier": 0,
        "request": "d2.r4",
        "segment_index": 7
      },
      {
        "cache_owner": "d0.r0",
        "epic_prefix_rows": [
          4,
          20,
          32,
          34,
          46,
          50,
          52,
          69,
          89,
          104,
          122,
          137,
          138,
          150,
          158,
          168,
          169,
          173,
          176,
          179,
          184,
          189,
          193,
          208,
          215,
          218,
          221,
          222,
          229,
          243,
          251,
          253
        ],
        "fingerprint": "276d06962ab722d7",
        "length": 256,
        "owner_tier": 0,
        "request": "d2.r4",
        "segment_index": 8
      },
      {
        "cache_owner": "d0.r0",
        "epic_prefix_rows": [
          0,
          1,
          10,
          32,
          36,
          37,
          44,
          53,
          56,
          59,
          81,
          107,
          113,
          116,
          124,
          128,
          137,
          142,
          147,
          153,
          166,
          170,
          171,
          172,
          188,
          189,
          202,
          210,
          225,
          228,
          234,
          251
        ],
        "fingerprint": "7e73ece24bb93834",
        "length": 256,
        "owner_tier": 0,
        "request": "d2.r4",
        "segment_index": 9
      },
      {
        "cache_owner": "d0.r0",
        "epic_prefix_rows": [
          16,
          24,
          25,
          29,
          35,
          36,
          44,
          48,
          55,
          69,
          72,
          73,
          89,
          90,
          96,
          100,
          108,
          117,
          125,
          132,
          137,
          140,
          141,
          150,
          151,
          166,
          172,
          181,
          183,
          218,
          222,
          232
        ],
        "fingerprint": "a8850a73c2483934",
        "length": 256,
        "owner_tier": 0,
        "request": "d2.r4",
        "segment_index": 10
      },
      {
        "cache_owner": "d0.r0",
        "epic_prefix_rows": [
          13,
          17,
          32,
          38,
          45,
          49,
          67,
          83,
          88,
          96,
          98,
          99,
          112,
          131,
          133,
          137,
          138,
          140,
          145,
          167,
          181,
          182,
          184,
          187,
          188,
          189,
          194,
          197,
          202,
          213,
          220,
          229
        ],
        "fingerprint": "a4093c0243d9f211",
        "length": 256,
        "owner_tier": 0,
        "request": "d2.r4",
        "segment_index": 11
      },
      {
        "cache_owner": "d0.r0",
        "epic_prefix_rows": [
          8,
          17,
          22,
          24,
          31,
          42,
          51,
          52,
          53,
          59,
          61,
          78,
          96,
          100,
          102,
          104,
          106,
          113,
          119,
          129,
          132,
          137,
          147,
          153,
          157,
          167,
          172,
          191,
          194,
          242,
          246,
          255
        ],
        "fingerprint": "254bfc97b06ef560",
        "length": 256,
        "owner_tier": 0,
        "request": "d2.r4",
        "segment_index": 12
      },
      {
        "cache_owner": "d0.r1",
        "epic_prefix_rows": [],
        "fingerprint": "6c05d74d66e75323",
        "length": 256,
        "owner_tier": 1,
        "request": "d2.r4",
        "segment_index": 13
      },
      {
        "cache_owner": "d0.r1",
        "epic_prefix_rows": [],
        "fingerprint": "9be32fe2c99887d1",
        "length": 256,
        "owner_tier": 1,
        "request": "d2.r4",
        "segment_index": 14
      },
      {
        "cache_owner": "d0.r1",
        "epic_prefix_rows": [],
        "fingerprint": "3fd8b144566f43ed",
        "length": 256,
        "owner_tier": 1,
        "request": "d2.r4",
        "segment_index": 15
      },
      {
        "cache_owner": "d0.r1",
        "epic_prefix_rows": [],
        "fingerprint": "30f09964a80d8f65",
        "length": 256,
        "owner_tier": 1,
        "request": "d2.r4",
        "segment_index": 16
      },
      {
        "cache_owner": "d0.r1",
        "epic_prefix_rows": [],
        "fingerprint": "74370d13c71ff044",
        "length": 256,
        "owner_tier": 1,
        "request": "d2.r4",
        "segment_index": 17
      },
      {
        "cache_owner": "d0.r1",
        "epic_prefix_rows": [],
        "fingerprint": "b98480609ff92086",
        "length": 256,
        "owner_tier": 1,
        "request": "d2.r4",
        "segment_index": 18
      },
      {
        "cache_owner": "d0.r1",
        "epic_prefix_rows": [],
        "fingerprint": "e27085abc1aa49a7",
        "length": 256,
        "owner_tier": 1,
        "request": "d2.r4",
        "segment_index": 19
      },
      {
        "cache_owner": "d0.r1",
        "epic_prefix_rows": [],
        "fingerprint": "cb30bf30b7b7b133",
        "length": 256,
        "owner_tier": 1,
        "request": "d2.r4",
        "segment_index": 20
      },
      {
        "cache_owner": "d0.r1",
        "epic_prefix_rows": [],
        "fingerprint": "4f6a58a7e21f2e4f",
        "length": 256,
        "owner_tier": 1,
        "request": "d2.r4",
        "segment_index": 21
      },
      {
        "cache_owner": "d0.r1",
        "epic_prefix_rows": [],
        "fingerprint": "2ef42bc347ac5ea9",
        "length": 256,
        "owner_tier": 1,
        "request": "d2.r4",
        "segment_index": 22
      },
      {
        "cache_owner": "d0.r2",
        "epic_prefix_rows": [],
        "fingerprint": "56f7715442fdf966",
        "length": 256,
        "owner_tier": 2,
        "request": "d2.r4",
        "segment_index": 23
      },
      {
        "cache_owner": "d0.r2",
        "epic_prefix_rows": [],
        "fingerprint": "69931b25dbad9d62",
        "length": 256,
        "owner_tier": 2,
        "request": "d2.r4",
        "segment_index": 24
      },
      {
        "cache_owner": "d0.r2",
        "epic_prefix_rows": [],
        "fingerprint": "68adf7d53a6d43ad",
        "length": 256,
        "owner_tier": 2,
        "request": "d2.r4",
        "segment_index": 25
      },
      {
        "cache_owner": "d0.r2",
        "epic_prefix_rows": [],
        "fingerprint": "025ec3a8491dfa52",
        "length": 256,
        "owner_tier": 2,
        "request": "d2.r4",
        "segment_index": 26
      },
      {
        "cache_owner": "d0.r2",
        "epic_prefix_rows": [],
        "fingerprint": "5f0fb92071edefba",
        "length": 256,
        "owner_tier": 2,
        "request": "d2.r4",
        "segment_index": 27
      },
      {
        "cache_owner": "d0.r2",
        "epic_prefix_rows": [],
        "fingerprint": "3798fae9eeb921ba",
        "length": 256,
        "owner_tier": 2,
        "request": "d2.r4",
        "segment_index": 28
      },
      {
        "cache_owner": "d0.r2",
        "epic_prefix_rows": [],
        "fingerprint": "05841ec733057ecb",
        "length": 256,
        "owner_tier": 2,
        "request": "d2.r4",
        "segment_index": 29
      },
      {
        "cache_owner": "d0.r2",
        "epic_prefix_rows": [],
        "fingerprint": "53d05282294c6bc4",
        "length": 256,
        "owner_tier": 2,
        "request": "d2.r4",
        "segment_index": 30
      },
      {
        "cache_owner": "d0.r2",
        "epic_prefix_rows": [],
        "fingerprint": "808907b51f157d1b",
        "length": 256,
        "owner_tier": 2,
        "request": "d2.r4",
        "segment_index": 31
      },
      {
        "cache_owner": "d0.r2",
        "epic_prefix_rows": [],
        "fingerprint": "a9736e94ffa61392",
        "length": 256,
        "owner_tier": 2,
        "request": "d2.r4",
        "segment_index": 32
      },
      {
        "cache_owner": "d0.r3",
        "epic_prefix_rows": [],
        "fingerprint": "45ae2eb61fca9159",
        "length": 256,
        "owner_tier": 3,
        "request": "d2.r4",
        "segment_index": 33
      },
      {
        "cache_owner": "d0.r3",
        "epic_prefix_rows": [],
        "fingerprint": "9be82bb1e1d51b15",
        "length": 256,
        "owner_tier": 3,
        "request": "d2.r4",
        "segment_index": 34
      },
      {
        "cache_owner": "d0.r3",
        "epic_prefix_rows": [],
        "fingerprint": "d3796ec8297d8d49",
        "length": 256,
        "owner_tier": 3,
        "request": "d2.r4",
        "segment_index": 35
      },
      {
        "cache_owner": "d0.r3",
        "epic_prefix_rows": [],
        "fingerprint": "e3ffc60c3ad64676",
        "length": 256,
        "owner_tier": 3,
        "request": "d2.r4",
        "segment_index": 36
      },
      {
        "cache_owner": "d0.r3",
        "epic_prefix_rows": [],
        "fingerprint": "55558bd9eec583a5",
        "length": 256,
        "owner_tier": 3,
        "request": "d2.r4",
        "segment_index": 37
      },
      {
        "cache_owner": "d0.r3",
        "epic_prefix_rows": [],
        "fingerprint": "e4cfa02c32aa48d8",
        "length": 256,
        "owner_tier": 3,
        "request": "d2.r4",
        "segment_index": 38
      },
      {
        "cache_owner": "d0.r3",
        "epic_prefix_rows": [],
        "fingerprint": "b0968f7aa0a748da",
        "length": 256,
        "owner_tier": 3,
        "request": "d2.r4",
        "segment_index": 39
      },
      {
        "cache_owner": "d0.r3",
        "epic_prefix_rows": [],
        "fingerprint": "d0decf1f69183f96",
        "length": 256,
        "owner_tier": 3,
        "request": "d2.r4",
        "segment_index": 40
      },
      {
        "cache_owner": "d0.r3",
        "epic_prefix_rows": [],
        "fingerprint": "bacbc23f57604927",
        "length": 256,
        "owner_tier": 3,
        "request": "d2.r4",
        "segment_index": 41
      },
      {
        "cache_owner": "d0.r3",
        "epic_prefix_rows": [],
        "fingerprint": "6378b20604fceaf0",
        "length": 256,
        "owner_tier": 3,
        "request": "d2.r4",
        "segment_index": 42
      },
      {
        "cache_owner": "d0.r4",
        "epic_prefix_rows": [],
        "fingerprint": "40bc15a1ab7a0516",
        "length": 256,
        "owner_tier": 4,
        "request": "d2.r4",
        "segment_index": 43
      },
      {
        "cache_owner": "d0.r4",
        "epic_prefix_rows": [],
        "fingerprint": "663a1ce24690318b",
        "length": 256,
        "owner_tier": 4,
        "request": "d2.r4",
        "segment_index": 44
      },
      {
        "cache_owner": "d0.r4",
        "epic_prefix_rows": [],
        "fingerprint": "13ae68de86975a74",
        "length": 256,
        "owner_tier": 4,
        "request": "d2.r4",
        "segment_index": 45
      },
      {
        "cache_owner": "d0.r4",
        "epic_prefix_rows": [],
        "fingerprint": "75f8a918c1d4a485",
        "length": 256,
        "owner_tier": 4,
        "request": "d2.r4",
        "segment_index": 46
      },
      {
        "cache_owner": "d0.r4",
        "epic_prefix_rows": [],
        "fingerprint": "be03bd452a0282e0",
        "length": 256,
        "owner_tier": 4,
        "request": "d2.r4",
        "segment_index": 47
      },
      {
        "cache_owner": "d0.r4",
        "epic_prefix_rows": [],
        "fingerprint": "26f764cc81f7edb5",
        "length": 256,
        "owner_tier": 4,
        "request": "d2.r4",
        "segment_index": 48
      },
      {
        "cache_owner": "d0.r4",
        "epic_prefix_rows": [],
        "fingerprint": "eaef666141ce767b",
        "length": 256,
        "owner_tier": 4,
        "request": "d2.r4",
        "segment_index": 49
      },
      {
        "cache_owner": "d0.r4",
        "epic_prefix_rows": [],
        "fingerprint": "abf517b21f1ed6d9",
        "length": 256,
        "owner_tier": 4,
        "request": "d2.r4",
        "segment_index": 50
      },
      {
        "cache_owner": "d0.r4",
        "epic_prefix_rows": [],
        "fingerprint": "d2e62af3e03ca0ba",
        "length": 256,
        "owner_tier": 4,
        "request": "d2.r4",
        "segment_index": 51
      },
      {
        "cache_owner": "d0.r4",
        "epic_prefix_rows": [
          23,
          25,
          33,
          49,
          50,
          55,
          67,
          101,
          108,
          110,
          120,
          125,
          131,
          133,
          134,
          140,
          147,
          153,
          154,
          158,
          161,
          163,
          164,
          172,
          201,
          204,
          219,
          221,
          236,
          238,
          243,
          249
        ],
        "fingerprint": "4c71df8773fe94c9",
        "length": 256,
        "owner_tier": 4,
        "request": "judge",
        "segment_index": 0
      },
      {
        "cache_owner": "d0.r0",
        "epic_prefix_rows": [
          0,
          3,
          4,
          11,
          15,
          17,
          18,
          25,
          26,
          27,
          29,
          30,
          35,
          37,
          38,
          42,
          44,
          47,
          50,
          56,
          58,
          60,
          63,
          66,
          74,
          77,
          81,
          82,
          87,
          89,
          90,
          98
        ],
        "fingerprint": "a5646ca10d7fc969",
        "length": 100,
        "owner_tier": 0,
        "request": "judge",
        "segment_index": 2
      }
    ],
    "reused_tokens": 109188
  },
  "tiers": {
    "0": [
      "d0.r0",
      "d1.r0",
      "d2.r0"
    ],
    "1": [
      "d0.r1",
      "d1.r1",
      "d2.r1"
    ],
    "2": [
      "d0.r2",
      "d1.r2",
      "d2.r2"
    ],
    "3": [
      "d0.r3",
      "d1.r3",
      "d2.r3"
    ],
    "4": [
      "d0.r4",
      "d1.r4",
      "d2.r4"
    ],
    "5": [
      "judge"
    ]
  },
  "total_history_tokens": 172224,
  "total_input_tokens": 126016,
  "total_output_tokens": 3968
}
dgx-attacc: (A100a x 8), PIM:bank, [Lin, Lout, batch]: [2048, 128, 1]
Wrote ablation report to /data2/chenyi9/KV-PIM/attacc_drampim_xinyao/output/20260829-025941_workload_debate_d3r5k49_LLAMA3-8B_k32/dag_A3.json
REPORT_SUMMARY {"ablation": "A3", "decode_attn": "pim", "energy_nj": 5754423182678.132, "engine": "dag", "event_count": 88695543, "kv_mapping": "naive", "link_bytes": 20408777010, "makespan_s": 56.453146164316344, "pim_prefill_mode": "gpu", "policy": "recompute"}
