{
  "kind": "supervisor",
  "requests": 16,
  "reuse": {
    "cacheblend_full_recompute_layers": [],
    "cacheblend_partial_recompute_layers": [],
    "cacheblend_partial_rows": {},
    "cacheblend_recompute_ratio": 0.0,
    "cachecraft_alpha": 0.05,
    "epic_prefix_recompute_tokens": 32,
    "fresh_tokens": 16828,
    "policy": "recompute",
    "random_seed": 0,
    "recompute_canonical": true,
    "reusable_segments": [
      {
        "cache_owner": "d0.r0",
        "epic_prefix_rows": [],
        "fingerprint": "9fc62215192ede1d",
        "length": 300,
        "owner_tier": 0,
        "request": "d1.r0",
        "segment_index": 0
      },
      {
        "cache_owner": "d0.r0",
        "epic_prefix_rows": [],
        "fingerprint": "173f77422b3aca6e",
        "length": 256,
        "owner_tier": 0,
        "request": "d1.r0",
        "segment_index": 1
      },
      {
        "cache_owner": "d0.r0",
        "epic_prefix_rows": [],
        "fingerprint": "25cc8cd8a6360c41",
        "length": 256,
        "owner_tier": 0,
        "request": "d1.r0",
        "segment_index": 2
      },
      {
        "cache_owner": "d0.r0",
        "epic_prefix_rows": [],
        "fingerprint": "a24d833ce77269fd",
        "length": 256,
        "owner_tier": 0,
        "request": "d1.r0",
        "segment_index": 3
      },
      {
        "cache_owner": "d0.r0",
        "epic_prefix_rows": [],
        "fingerprint": "71c190096acd6433",
        "length": 256,
        "owner_tier": 0,
        "request": "d1.r0",
        "segment_index": 4
      },
      {
        "cache_owner": "d0.r0",
        "epic_prefix_rows": [],
        "fingerprint": "fef361162327d754",
        "length": 256,
        "owner_tier": 0,
        "request": "d1.r0",
        "segment_index": 5
      },
      {
        "cache_owner": "d0.r0",
        "epic_prefix_rows": [],
        "fingerprint": "276d06962ab722d7",
        "length": 256,
        "owner_tier": 0,
        "request": "d1.r0",
        "segment_index": 6
      },
      {
        "cache_owner": "d0.r0",
        "epic_prefix_rows": [],
        "fingerprint": "7e73ece24bb93834",
        "length": 256,
        "owner_tier": 0,
        "request": "d1.r0",
        "segment_index": 7
      },
      {
        "cache_owner": "d0.r0",
        "epic_prefix_rows": [],
        "fingerprint": "a8850a73c2483934",
        "length": 256,
        "owner_tier": 0,
        "request": "d1.r0",
        "segment_index": 8
      },
      {
        "cache_owner": "d0.r0",
        "epic_prefix_rows": [],
        "fingerprint": "a4093c0243d9f211",
        "length": 256,
        "owner_tier": 0,
        "request": "d1.r0",
        "segment_index": 9
      },
      {
        "cache_owner": "d0.r0",
        "epic_prefix_rows": [],
        "fingerprint": "254bfc97b06ef560",
        "length": 256,
        "owner_tier": 0,
        "request": "d1.r0",
        "segment_index": 10
      },
      {
        "cache_owner": "d0.r0",
        "epic_prefix_rows": [],
        "fingerprint": "a5646ca10d7fc969",
        "length": 100,
        "owner_tier": 0,
        "request": "d1.r0",
        "segment_index": 11
      },
      {
        "cache_owner": "d0.r0",
        "epic_prefix_rows": [],
        "fingerprint": "9fc62215192ede1d",
        "length": 300,
        "owner_tier": 0,
        "request": "d2.r0",
        "segment_index": 0
      },
      {
        "cache_owner": "d0.r0",
        "epic_prefix_rows": [],
        "fingerprint": "173f77422b3aca6e",
        "length": 256,
        "owner_tier": 0,
        "request": "d2.r0",
        "segment_index": 1
      },
      {
        "cache_owner": "d0.r0",
        "epic_prefix_rows": [],
        "fingerprint": "25cc8cd8a6360c41",
        "length": 256,
        "owner_tier": 0,
        "request": "d2.r0",
        "segment_index": 2
      },
      {
        "cache_owner": "d0.r0",
        "epic_prefix_rows": [],
        "fingerprint": "a24d833ce77269fd",
        "length": 256,
        "owner_tier": 0,
        "request": "d2.r0",
        "segment_index": 3
      },
      {
        "cache_owner": "d0.r0",
        "epic_prefix_rows": [],
        "fingerprint": "71c190096acd6433",
        "length": 256,
        "owner_tier": 0,
        "request": "d2.r0",
        "segment_index": 4
      },
      {
        "cache_owner": "d0.r0",
        "epic_prefix_rows": [],
        "fingerprint": "fef361162327d754",
        "length": 256,
        "owner_tier": 0,
        "request": "d2.r0",
        "segment_index": 5
      },
      {
        "cache_owner": "d0.r0",
        "epic_prefix_rows": [],
        "fingerprint": "276d06962ab722d7",
        "length": 256,
        "owner_tier": 0,
        "request": "d2.r0",
        "segment_index": 6
      },
      {
        "cache_owner": "d0.r0",
        "epic_prefix_rows": [],
        "fingerprint": "7e73ece24bb93834",
        "length": 256,
        "owner_tier": 0,
        "request": "d2.r0",
        "segment_index": 7
      },
      {
        "cache_owner": "d0.r0",
        "epic_prefix_rows": [],
        "fingerprint": "a8850a73c2483934",
        "length": 256,
        "owner_tier": 0,
        "request": "d2.r0",
        "segment_index": 8
      },
      {
        "cache_owner": "d0.r0",
        "epic_prefix_rows": [],
        "fingerprint": "a4093c0243d9f211",
        "length": 256,
        "owner_tier": 0,
        "request": "d2.r0",
        "segment_index": 9
      },
      {
        "cache_owner": "d0.r0",
        "epic_prefix_rows": [],
        "fingerprint": "254bfc97b06ef560",
        "length": 256,
        "owner_tier": 0,
        "request": "d2.r0",
        "segment_index": 10
      },
      {
        "cache_owner": "d0.r0",
        "epic_prefix_rows": [],
        "fingerprint": "a5646ca10d7fc969",
        "length": 100,
        "owner_tier": 0,
        "request": "d2.r0",
        "segment_index": 11
      },
      {
        "cache_owner": "d0.r0",
        "epic_prefix_rows": [
          0,
          1,
          2,
          3,
          4,
          5,
          6,
          7,
          8,
          9,
          10,
          11,
          12,
          13,
          14,
          15,
          16,
          17,
          18,
          19,
          20,
          21,
          22,
          23,
          24,
          25,
          26,
          27,
          28,
          29,
          30,
          31
        ],
        "fingerprint": "1164f294d76ad367",
        "length": 256,
        "owner_tier": 0,
        "request": "d0.r1",
        "segment_index": 0
      },
      {
        "cache_owner": "d0.r0",
        "epic_prefix_rows": [
          0,
          1,
          2,
          3,
          4,
          5,
          6,
          7,
          8,
          9,
          10,
          11,
          12,
          13,
          14,
          15,
          16,
          17,
          18,
          19,
          20,
          21,
          22,
          23,
          24,
          25,
          26,
          27,
          28,
          29,
          30,
          31
        ],
        "fingerprint": "173f77422b3aca6e",
        "length": 256,
        "owner_tier": 0,
        "request": "d0.r1",
        "segment_index": 3
      },
      {
        "cache_owner": "d0.r0",
        "epic_prefix_rows": [
          0,
          1,
          2,
          3,
          4,
          5,
          6,
          7,
          8,
          9,
          10,
          11,
          12,
          13,
          14,
          15,
          16,
          17,
          18,
          19,
          20,
          21,
          22,
          23,
          24,
          25,
          26,
          27,
          28,
          29,
          30,
          31
        ],
        "fingerprint": "25cc8cd8a6360c41",
        "length": 256,
        "owner_tier": 0,
        "request": "d0.r1",
        "segment_index": 4
      },
      {
        "cache_owner": "d0.r0",
        "epic_prefix_rows": [
          0,
          1,
          2,
          3,
          4,
          5,
          6,
          7,
          8,
          9,
          10,
          11,
          12,
          13,
          14,
          15,
          16,
          17,
          18,
          19,
          20,
          21,
          22,
          23,
          24,
          25,
          26,
          27,
          28,
          29,
          30,
          31
        ],
        "fingerprint": "a24d833ce77269fd",
        "length": 256,
        "owner_tier": 0,
        "request": "d0.r1",
        "segment_index": 5
      },
      {
        "cache_owner": "d0.r0",
        "epic_prefix_rows": [
          0,
          1,
          2,
          3,
          4,
          5,
          6,
          7,
          8,
          9,
          10,
          11,
          12,
          13,
          14,
          15,
          16,
          17,
          18,
          19,
          20,
          21,
          22,
          23,
          24,
          25,
          26,
          27,
          28,
          29,
          30,
          31
        ],
        "fingerprint": "71c190096acd6433",
        "length": 256,
        "owner_tier": 0,
        "request": "d0.r1",
        "segment_index": 6
      },
      {
        "cache_owner": "d0.r0",
        "epic_prefix_rows": [
          0,
          1,
          2,
          3,
          4,
          5,
          6,
          7,
          8,
          9,
          10,
          11,
          12,
          13,
          14,
          15,
          16,
          17,
          18,
          19,
          20,
          21,
          22,
          23,
          24,
          25,
          26,
          27,
          28,
          29,
          30,
          31
        ],
        "fingerprint": "fef361162327d754",
        "length": 256,
        "owner_tier": 0,
        "request": "d0.r1",
        "segment_index": 7
      },
      {
        "cache_owner": "d0.r0",
        "epic_prefix_rows": [
          0,
          1,
          2,
          3,
          4,
          5,
          6,
          7,
          8,
          9,
          10,
          11,
          12,
          13,
          14,
          15,
          16,
          17,
          18,
          19,
          20,
          21,
          22,
          23,
          24,
          25,
          26,
          27,
          28,
          29,
          30,
          31
        ],
        "fingerprint": "276d06962ab722d7",
        "length": 256,
        "owner_tier": 0,
        "request": "d0.r1",
        "segment_index": 8
      },
      {
        "cache_owner": "d0.r0",
        "epic_prefix_rows": [
          0,
          1,
          2,
          3,
          4,
          5,
          6,
          7,
          8,
          9,
          10,
          11,
          12,
          13,
          14,
          15,
          16,
          17,
          18,
          19,
          20,
          21,
          22,
          23,
          24,
          25,
          26,
          27,
          28,
          29,
          30,
          31
        ],
        "fingerprint": "7e73ece24bb93834",
        "length": 256,
        "owner_tier": 0,
        "request": "d0.r1",
        "segment_index": 9
      },
      {
        "cache_owner": "d0.r0",
        "epic_prefix_rows": [
          0,
          1,
          2,
          3,
          4,
          5,
          6,
          7,
          8,
          9,
          10,
          11,
          12,
          13,
          14,
          15,
          16,
          17,
          18,
          19,
          20,
          21,
          22,
          23,
          24,
          25,
          26,
          27,
          28,
          29,
          30,
          31
        ],
        "fingerprint": "a8850a73c2483934",
        "length": 256,
        "owner_tier": 0,
        "request": "d0.r1",
        "segment_index": 10
      },
      {
        "cache_owner": "d0.r0",
        "epic_prefix_rows": [
          0,
          1,
          2,
          3,
          4,
          5,
          6,
          7,
          8,
          9,
          10,
          11,
          12,
          13,
          14,
          15,
          16,
          17,
          18,
          19,
          20,
          21,
          22,
          23,
          24,
          25,
          26,
          27,
          28,
          29,
          30,
          31
        ],
        "fingerprint": "a4093c0243d9f211",
        "length": 256,
        "owner_tier": 0,
        "request": "d0.r1",
        "segment_index": 11
      },
      {
        "cache_owner": "d0.r0",
        "epic_prefix_rows": [
          0,
          1,
          2,
          3,
          4,
          5,
          6,
          7,
          8,
          9,
          10,
          11,
          12,
          13,
          14,
          15,
          16,
          17,
          18,
          19,
          20,
          21,
          22,
          23,
          24,
          25,
          26,
          27,
          28,
          29,
          30,
          31
        ],
        "fingerprint": "254bfc97b06ef560",
        "length": 256,
        "owner_tier": 0,
        "request": "d0.r1",
        "segment_index": 12
      },
      {
        "cache_owner": "d1.r0",
        "epic_prefix_rows": [
          0,
          1,
          2,
          3,
          4,
          5,
          6,
          7,
          8,
          9,
          10,
          11,
          12,
          13,
          14,
          15,
          16,
          17,
          18,
          19,
          20,
          21,
          22,
          23,
          24,
          25,
          26,
          27,
          28,
          29,
          30,
          31
        ],
        "fingerprint": "3f408cc3000cd6f8",
        "length": 256,
        "owner_tier": 0,
        "request": "d1.r1",
        "segment_index": 0
      },
      {
        "cache_owner": "d0.r1",
        "epic_prefix_rows": [],
        "fingerprint": "7851b41fea28524a",
        "length": 256,
        "owner_tier": 1,
        "request": "d1.r1",
        "segment_index": 2
      },
      {
        "cache_owner": "d0.r0",
        "epic_prefix_rows": [
          0,
          1,
          2,
          3,
          4,
          5,
          6,
          7,
          8,
          9,
          10,
          11,
          12,
          13,
          14,
          15,
          16,
          17,
          18,
          19,
          20,
          21,
          22,
          23,
          24,
          25,
          26,
          27,
          28,
          29,
          30,
          31
        ],
        "fingerprint": "173f77422b3aca6e",
        "length": 256,
        "owner_tier": 0,
        "request": "d1.r1",
        "segment_index": 3
      },
      {
        "cache_owner": "d0.r0",
        "epic_prefix_rows": [
          0,
          1,
          2,
          3,
          4,
          5,
          6,
          7,
          8,
          9,
          10,
          11,
          12,
          13,
          14,
          15,
          16,
          17,
          18,
          19,
          20,
          21,
          22,
          23,
          24,
          25,
          26,
          27,
          28,
          29,
          30,
          31
        ],
        "fingerprint": "25cc8cd8a6360c41",
        "length": 256,
        "owner_tier": 0,
        "request": "d1.r1",
        "segment_index": 4
      },
      {
        "cache_owner": "d0.r0",
        "epic_prefix_rows": [
          0,
          1,
          2,
          3,
          4,
          5,
          6,
          7,
          8,
          9,
          10,
          11,
          12,
          13,
          14,
          15,
          16,
          17,
          18,
          19,
          20,
          21,
          22,
          23,
          24,
          25,
          26,
          27,
          28,
          29,
          30,
          31
        ],
        "fingerprint": "a24d833ce77269fd",
        "length": 256,
        "owner_tier": 0,
        "request": "d1.r1",
        "segment_index": 5
      },
      {
        "cache_owner": "d0.r0",
        "epic_prefix_rows": [
          0,
          1,
          2,
          3,
          4,
          5,
          6,
          7,
          8,
          9,
          10,
          11,
          12,
          13,
          14,
          15,
          16,
          17,
          18,
          19,
          20,
          21,
          22,
          23,
          24,
          25,
          26,
          27,
          28,
          29,
          30,
          31
        ],
        "fingerprint": "71c190096acd6433",
        "length": 256,
        "owner_tier": 0,
        "request": "d1.r1",
        "segment_index": 6
      },
      {
        "cache_owner": "d0.r0",
        "epic_prefix_rows": [
          0,
          1,
          2,
          3,
          4,
          5,
          6,
          7,
          8,
          9,
          10,
          11,
          12,
          13,
          14,
          15,
          16,
          17,
          18,
          19,
          20,
          21,
          22,
          23,
          24,
          25,
          26,
          27,
          28,
          29,
          30,
          31
        ],
        "fingerprint": "fef361162327d754",
        "length": 256,
        "owner_tier": 0,
        "request": "d1.r1",
        "segment_index": 7
      },
      {
        "cache_owner": "d0.r0",
        "epic_prefix_rows": [
          0,
          1,
          2,
          3,
          4,
          5,
          6,
          7,
          8,
          9,
          10,
          11,
          12,
          13,
          14,
          15,
          16,
          17,
          18,
          19,
          20,
          21,
          22,
          23,
          24,
          25,
          26,
          27,
          28,
          29,
          30,
          31
        ],
        "fingerprint": "276d06962ab722d7",
        "length": 256,
        "owner_tier": 0,
        "request": "d1.r1",
        "segment_index": 8
      },
      {
        "cache_owner": "d0.r0",
        "epic_prefix_rows": [
          0,
          1,
          2,
          3,
          4,
          5,
          6,
          7,
          8,
          9,
          10,
          11,
          12,
          13,
          14,
          15,
          16,
          17,
          18,
          19,
          20,
          21,
          22,
          23,
          24,
          25,
          26,
          27,
          28,
          29,
          30,
          31
        ],
        "fingerprint": "7e73ece24bb93834",
        "length": 256,
        "owner_tier": 0,
        "request": "d1.r1",
        "segment_index": 9
      },
      {
        "cache_owner": "d0.r0",
        "epic_prefix_rows": [
          0,
          1,
          2,
          3,
          4,
          5,
          6,
          7,
          8,
          9,
          10,
          11,
          12,
          13,
          14,
          15,
          16,
          17,
          18,
          19,
          20,
          21,
          22,
          23,
          24,
          25,
          26,
          27,
          28,
          29,
          30,
          31
        ],
        "fingerprint": "a8850a73c2483934",
        "length": 256,
        "owner_tier": 0,
        "request": "d1.r1",
        "segment_index": 10
      },
      {
        "cache_owner": "d0.r0",
        "epic_prefix_rows": [
          0,
          1,
          2,
          3,
          4,
          5,
          6,
          7,
          8,
          9,
          10,
          11,
          12,
          13,
          14,
          15,
          16,
          17,
          18,
          19,
          20,
          21,
          22,
          23,
          24,
          25,
          26,
          27,
          28,
          29,
          30,
          31
        ],
        "fingerprint": "a4093c0243d9f211",
        "length": 256,
        "owner_tier": 0,
        "request": "d1.r1",
        "segment_index": 11
      },
      {
        "cache_owner": "d0.r0",
        "epic_prefix_rows": [
          0,
          1,
          2,
          3,
          4,
          5,
          6,
          7,
          8,
          9,
          10,
          11,
          12,
          13,
          14,
          15,
          16,
          17,
          18,
          19,
          20,
          21,
          22,
          23,
          24,
          25,
          26,
          27,
          28,
          29,
          30,
          31
        ],
        "fingerprint": "254bfc97b06ef560",
        "length": 256,
        "owner_tier": 0,
        "request": "d1.r1",
        "segment_index": 12
      },
      {
        "cache_owner": "d0.r1",
        "epic_prefix_rows": [],
        "fingerprint": "6c05d74d66e75323",
        "length": 256,
        "owner_tier": 1,
        "request": "d1.r1",
        "segment_index": 13
      },
      {
        "cache_owner": "d0.r1",
        "epic_prefix_rows": [],
        "fingerprint": "9be32fe2c99887d1",
        "length": 256,
        "owner_tier": 1,
        "request": "d1.r1",
        "segment_index": 14
      },
      {
        "cache_owner": "d0.r1",
        "epic_prefix_rows": [],
        "fingerprint": "3fd8b144566f43ed",
        "length": 256,
        "owner_tier": 1,
        "request": "d1.r1",
        "segment_index": 15
      },
      {
        "cache_owner": "d0.r1",
        "epic_prefix_rows": [],
        "fingerprint": "30f09964a80d8f65",
        "length": 256,
        "owner_tier": 1,
        "request": "d1.r1",
        "segment_index": 16
      },
      {
        "cache_owner": "d0.r1",
        "epic_prefix_rows": [],
        "fingerprint": "74370d13c71ff044",
        "length": 256,
        "owner_tier": 1,
        "request": "d1.r1",
        "segment_index": 17
      },
      {
        "cache_owner": "d0.r1",
        "epic_prefix_rows": [],
        "fingerprint": "b98480609ff92086",
        "length": 256,
        "owner_tier": 1,
        "request": "d1.r1",
        "segment_index": 18
      },
      {
        "cache_owner": "d0.r1",
        "epic_prefix_rows": [],
        "fingerprint": "e27085abc1aa49a7",
        "length": 256,
        "owner_tier": 1,
        "request": "d1.r1",
        "segment_index": 19
      },
      {
        "cache_owner": "d0.r1",
        "epic_prefix_rows": [],
        "fingerprint": "cb30bf30b7b7b133",
        "length": 256,
        "owner_tier": 1,
        "request": "d1.r1",
        "segment_index": 20
      },
      {
        "cache_owner": "d0.r1",
        "epic_prefix_rows": [],
        "fingerprint": "4f6a58a7e21f2e4f",
        "length": 256,
        "owner_tier": 1,
        "request": "d1.r1",
        "segment_index": 21
      },
      {
        "cache_owner": "d0.r1",
        "epic_prefix_rows": [],
        "fingerprint": "2ef42bc347ac5ea9",
        "length": 256,
        "owner_tier": 1,
        "request": "d1.r1",
        "segment_index": 22
      },
      {
        "cache_owner": "d2.r0",
        "epic_prefix_rows": [
          0,
          1,
          2,
          3,
          4,
          5,
          6,
          7,
          8,
          9,
          10,
          11,
          12,
          13,
          14,
          15,
          16,
          17,
          18,
          19,
          20,
          21,
          22,
          23,
          24,
          25,
          26,
          27,
          28,
          29,
          30,
          31
        ],
        "fingerprint": "7851b41fea28524a",
        "length": 256,
        "owner_tier": 0,
        "request": "d2.r1",
        "segment_index": 0
      },
      {
        "cache_owner": "d1.r1",
        "epic_prefix_rows": [],
        "fingerprint": "1164f294d76ad367",
        "length": 256,
        "owner_tier": 1,
        "request": "d2.r1",
        "segment_index": 1
      },
      {
        "cache_owner": "d0.r1",
        "epic_prefix_rows": [
          0,
          1,
          2,
          3,
          4,
          5,
          6,
          7,
          8,
          9,
          10,
          11,
          12,
          13,
          14,
          15,
          16,
          17,
          18,
          19,
          20,
          21,
          22,
          23,
          24,
          25,
          26,
          27,
          28,
          29,
          30,
          31
        ],
        "fingerprint": "3f408cc3000cd6f8",
        "length": 256,
        "owner_tier": 1,
        "request": "d2.r1",
        "segment_index": 2
      },
      {
        "cache_owner": "d0.r0",
        "epic_prefix_rows": [
          0,
          1,
          2,
          3,
          4,
          5,
          6,
          7,
          8,
          9,
          10,
          11,
          12,
          13,
          14,
          15,
          16,
          17,
          18,
          19,
          20,
          21,
          22,
          23,
          24,
          25,
          26,
          27,
          28,
          29,
          30,
          31
        ],
        "fingerprint": "173f77422b3aca6e",
        "length": 256,
        "owner_tier": 0,
        "request": "d2.r1",
        "segment_index": 3
      },
      {
        "cache_owner": "d0.r0",
        "epic_prefix_rows": [
          0,
          1,
          2,
          3,
          4,
          5,
          6,
          7,
          8,
          9,
          10,
          11,
          12,
          13,
          14,
          15,
          16,
          17,
          18,
          19,
          20,
          21,
          22,
          23,
          24,
          25,
          26,
          27,
          28,
          29,
          30,
          31
        ],
        "fingerprint": "25cc8cd8a6360c41",
        "length": 256,
        "owner_tier": 0,
        "request": "d2.r1",
        "segment_index": 4
      },
      {
        "cache_owner": "d0.r0",
        "epic_prefix_rows": [
          0,
          1,
          2,
          3,
          4,
          5,
          6,
          7,
          8,
          9,
          10,
          11,
          12,
          13,
          14,
          15,
          16,
          17,
          18,
          19,
          20,
          21,
          22,
          23,
          24,
          25,
          26,
          27,
          28,
          29,
          30,
          31
        ],
        "fingerprint": "a24d833ce77269fd",
        "length": 256,
        "owner_tier": 0,
        "request": "d2.r1",
        "segment_index": 5
      },
      {
        "cache_owner": "d0.r0",
        "epic_prefix_rows": [
          0,
          1,
          2,
          3,
          4,
          5,
          6,
          7,
          8,
          9,
          10,
          11,
          12,
          13,
          14,
          15,
          16,
          17,
          18,
          19,
          20,
          21,
          22,
          23,
          24,
          25,
          26,
          27,
          28,
          29,
          30,
          31
        ],
        "fingerprint": "71c190096acd6433",
        "length": 256,
        "owner_tier": 0,
        "request": "d2.r1",
        "segment_index": 6
      },
      {
        "cache_owner": "d0.r0",
        "epic_prefix_rows": [
          0,
          1,
          2,
          3,
          4,
          5,
          6,
          7,
          8,
          9,
          10,
          11,
          12,
          13,
          14,
          15,
          16,
          17,
          18,
          19,
          20,
          21,
          22,
          23,
          24,
          25,
          26,
          27,
          28,
          29,
          30,
          31
        ],
        "fingerprint": "fef361162327d754",
        "length": 256,
        "owner_tier": 0,
        "request": "d2.r1",
        "segment_index": 7
      },
      {
        "cache_owner": "d0.r0",
        "epic_prefix_rows": [
          0,
          1,
          2,
          3,
          4,
          5,
          6,
          7,
          8,
          9,
          10,
          11,
          12,
          13,
          14,
          15,
          16,
          17,
          18,
          19,
          20,
          21,
          22,
          23,
          24,
          25,
          26,
          27,
          28,
          29,
          30,
          31
        ],
        "fingerprint": "276d06962ab722d7",
        "length": 256,
        "owner_tier": 0,
        "request": "d2.r1",
        "segment_index": 8
      },
      {
        "cache_owner": "d0.r0",
        "epic_prefix_rows": [
          0,
          1,
          2,
          3,
          4,
          5,
          6,
          7,
          8,
          9,
          10,
          11,
          12,
          13,
          14,
          15,
          16,
          17,
          18,
          19,
          20,
          21,
          22,
          23,
          24,
          25,
          26,
          27,
          28,
          29,
          30,
          31
        ],
        "fingerprint": "7e73ece24bb93834",
        "length": 256,
        "owner_tier": 0,
        "request": "d2.r1",
        "segment_index": 9
      },
      {
        "cache_owner": "d0.r0",
        "epic_prefix_rows": [
          0,
          1,
          2,
          3,
          4,
          5,
          6,
          7,
          8,
          9,
          10,
          11,
          12,
          13,
          14,
          15,
          16,
          17,
          18,
          19,
          20,
          21,
          22,
          23,
          24,
          25,
          26,
          27,
          28,
          29,
          30,
          31
        ],
        "fingerprint": "a8850a73c2483934",
        "length": 256,
        "owner_tier": 0,
        "request": "d2.r1",
        "segment_index": 10
      },
      {
        "cache_owner": "d0.r0",
        "epic_prefix_rows": [
          0,
          1,
          2,
          3,
          4,
          5,
          6,
          7,
          8,
          9,
          10,
          11,
          12,
          13,
          14,
          15,
          16,
          17,
          18,
          19,
          20,
          21,
          22,
          23,
          24,
          25,
          26,
          27,
          28,
          29,
          30,
          31
        ],
        "fingerprint": "a4093c0243d9f211",
        "length": 256,
        "owner_tier": 0,
        "request": "d2.r1",
        "segment_index": 11
      },
      {
        "cache_owner": "d0.r0",
        "epic_prefix_rows": [
          0,
          1,
          2,
          3,
          4,
          5,
          6,
          7,
          8,
          9,
          10,
          11,
          12,
          13,
          14,
          15,
          16,
          17,
          18,
          19,
          20,
          21,
          22,
          23,
          24,
          25,
          26,
          27,
          28,
          29,
          30,
          31
        ],
        "fingerprint": "254bfc97b06ef560",
        "length": 256,
        "owner_tier": 0,
        "request": "d2.r1",
        "segment_index": 12
      },
      {
        "cache_owner": "d0.r1",
        "epic_prefix_rows": [],
        "fingerprint": "6c05d74d66e75323",
        "length": 256,
        "owner_tier": 1,
        "request": "d2.r1",
        "segment_index": 13
      },
      {
        "cache_owner": "d0.r1",
        "epic_prefix_rows": [],
        "fingerprint": "9be32fe2c99887d1",
        "length": 256,
        "owner_tier": 1,
        "request": "d2.r1",
        "segment_index": 14
      },
      {
        "cache_owner": "d0.r1",
        "epic_prefix_rows": [],
        "fingerprint": "3fd8b144566f43ed",
        "length": 256,
        "owner_tier": 1,
        "request": "d2.r1",
        "segment_index": 15
      },
      {
        "cache_owner": "d0.r1",
        "epic_prefix_rows": [],
        "fingerprint": "30f09964a80d8f65",
        "length": 256,
        "owner_tier": 1,
        "request": "d2.r1",
        "segment_index": 16
      },
      {
        "cache_owner": "d0.r1",
        "epic_prefix_rows": [],
        "fingerprint": "74370d13c71ff044",
        "length": 256,
        "owner_tier": 1,
        "request": "d2.r1",
        "segment_index": 17
      },
      {
        "cache_owner": "d0.r1",
        "epic_prefix_rows": [],
        "fingerprint": "b98480609ff92086",
        "length": 256,
        "owner_tier": 1,
        "request": "d2.r1",
        "segment_index": 18
      },
      {
        "cache_owner": "d0.r1",
        "epic_prefix_rows": [],
        "fingerprint": "e27085abc1aa49a7",
        "length": 256,
        "owner_tier": 1,
        "request": "d2.r1",
        "segment_index": 19
      },
      {
        "cache_owner": "d0.r1",
        "epic_prefix_rows": [],
        "fingerprint": "cb30bf30b7b7b133",
        "length": 256,
        "owner_tier": 1,
        "request": "d2.r1",
        "segment_index": 20
      },
      {
        "cache_owner": "d0.r1",
        "epic_prefix_rows": [],
        "fingerprint": "4f6a58a7e21f2e4f",
        "length": 256,
        "owner_tier": 1,
        "request": "d2.r1",
        "segment_index": 21
      },
      {
        "cache_owner": "d0.r1",
        "epic_prefix_rows": [],
        "fingerprint": "2ef42bc347ac5ea9",
        "length": 256,
        "owner_tier": 1,
        "request": "d2.r1",
        "segment_index": 22
      },
      {
        "cache_owner": "d0.r1",
        "epic_prefix_rows": [
          0,
          1,
          2,
          3,
          4,
          5,
          6,
          7,
          8,
          9,
          10,
          11,
          12,
          13,
          14,
          15,
          16,
          17,
          18,
          19,
          20,
          21,
          22,
          23,
          24,
          25,
          26,
          27,
          28,
          29,
          30,
          31
        ],
        "fingerprint": "d2f771c4592a8a35",
        "length": 256,
        "owner_tier": 1,
        "request": "d0.r2",
        "segment_index": 0
      },
      {
        "cache_owner": "d0.r0",
        "epic_prefix_rows": [
          0,
          1,
          2,
          3,
          4,
          5,
          6,
          7,
          8,
          9,
          10,
          11,
          12,
          13,
          14,
          15,
          16,
          17,
          18,
          19,
          20,
          21,
          22,
          23,
          24,
          25,
          26,
          27,
          28,
          29,
          30,
          31
        ],
        "fingerprint": "173f77422b3aca6e",
        "length": 256,
        "owner_tier": 0,
        "request": "d0.r2",
        "segment_index": 3
      },
      {
        "cache_owner": "d0.r0",
        "epic_prefix_rows": [
          0,
          1,
          2,
          3,
          4,
          5,
          6,
          7,
          8,
          9,
          10,
          11,
          12,
          13,
          14,
          15,
          16,
          17,
          18,
          19,
          20,
          21,
          22,
          23,
          24,
          25,
          26,
          27,
          28,
          29,
          30,
          31
        ],
        "fingerprint": "25cc8cd8a6360c41",
        "length": 256,
        "owner_tier": 0,
        "request": "d0.r2",
        "segment_index": 4
      },
      {
        "cache_owner": "d0.r0",
        "epic_prefix_rows": [
          0,
          1,
          2,
          3,
          4,
          5,
          6,
          7,
          8,
          9,
          10,
          11,
          12,
          13,
          14,
          15,
          16,
          17,
          18,
          19,
          20,
          21,
          22,
          23,
          24,
          25,
          26,
          27,
          28,
          29,
          30,
          31
        ],
        "fingerprint": "a24d833ce77269fd",
        "length": 256,
        "owner_tier": 0,
        "request": "d0.r2",
        "segment_index": 5
      },
      {
        "cache_owner": "d0.r0",
        "epic_prefix_rows": [
          0,
          1,
          2,
          3,
          4,
          5,
          6,
          7,
          8,
          9,
          10,
          11,
          12,
          13,
          14,
          15,
          16,
          17,
          18,
          19,
          20,
          21,
          22,
          23,
          24,
          25,
          26,
          27,
          28,
          29,
          30,
          31
        ],
        "fingerprint": "71c190096acd6433",
        "length": 256,
        "owner_tier": 0,
        "request": "d0.r2",
        "segment_index": 6
      },
      {
        "cache_owner": "d0.r0",
        "epic_prefix_rows": [
          0,
          1,
          2,
          3,
          4,
          5,
          6,
          7,
          8,
          9,
          10,
          11,
          12,
          13,
          14,
          15,
          16,
          17,
          18,
          19,
          20,
          21,
          22,
          23,
          24,
          25,
          26,
          27,
          28,
          29,
          30,
          31
        ],
        "fingerprint": "fef361162327d754",
        "length": 256,
        "owner_tier": 0,
        "request": "d0.r2",
        "segment_index": 7
      },
      {
        "cache_owner": "d0.r0",
        "epic_prefix_rows": [
          0,
          1,
          2,
          3,
          4,
          5,
          6,
          7,
          8,
          9,
          10,
          11,
          12,
          13,
          14,
          15,
          16,
          17,
          18,
          19,
          20,
          21,
          22,
          23,
          24,
          25,
          26,
          27,
          28,
          29,
          30,
          31
        ],
        "fingerprint": "276d06962ab722d7",
        "length": 256,
        "owner_tier": 0,
        "request": "d0.r2",
        "segment_index": 8
      },
      {
        "cache_owner": "d0.r0",
        "epic_prefix_rows": [
          0,
          1,
          2,
          3,
          4,
          5,
          6,
          7,
          8,
          9,
          10,
          11,
          12,
          13,
          14,
          15,
          16,
          17,
          18,
          19,
          20,
          21,
          22,
          23,
          24,
          25,
          26,
          27,
          28,
          29,
          30,
          31
        ],
        "fingerprint": "7e73ece24bb93834",
        "length": 256,
        "owner_tier": 0,
        "request": "d0.r2",
        "segment_index": 9
      },
      {
        "cache_owner": "d0.r0",
        "epic_prefix_rows": [
          0,
          1,
          2,
          3,
          4,
          5,
          6,
          7,
          8,
          9,
          10,
          11,
          12,
          13,
          14,
          15,
          16,
          17,
          18,
          19,
          20,
          21,
          22,
          23,
          24,
          25,
          26,
          27,
          28,
          29,
          30,
          31
        ],
        "fingerprint": "a8850a73c2483934",
        "length": 256,
        "owner_tier": 0,
        "request": "d0.r2",
        "segment_index": 10
      },
      {
        "cache_owner": "d0.r0",
        "epic_prefix_rows": [
          0,
          1,
          2,
          3,
          4,
          5,
          6,
          7,
          8,
          9,
          10,
          11,
          12,
          13,
          14,
          15,
          16,
          17,
          18,
          19,
          20,
          21,
          22,
          23,
          24,
          25,
          26,
          27,
          28,
          29,
          30,
          31
        ],
        "fingerprint": "a4093c0243d9f211",
        "length": 256,
        "owner_tier": 0,
        "request": "d0.r2",
        "segment_index": 11
      },
      {
        "cache_owner": "d0.r0",
        "epic_prefix_rows": [
          0,
          1,
          2,
          3,
          4,
          5,
          6,
          7,
          8,
          9,
          10,
          11,
          12,
          13,
          14,
          15,
          16,
          17,
          18,
          19,
          20,
          21,
          22,
          23,
          24,
          25,
          26,
          27,
          28,
          29,
          30,
          31
        ],
        "fingerprint": "254bfc97b06ef560",
        "length": 256,
        "owner_tier": 0,
        "request": "d0.r2",
        "segment_index": 12
      },
      {
        "cache_owner": "d0.r1",
        "epic_prefix_rows": [],
        "fingerprint": "6c05d74d66e75323",
        "length": 256,
        "owner_tier": 1,
        "request": "d0.r2",
        "segment_index": 13
      },
      {
        "cache_owner": "d0.r1",
        "epic_prefix_rows": [],
        "fingerprint": "9be32fe2c99887d1",
        "length": 256,
        "owner_tier": 1,
        "request": "d0.r2",
        "segment_index": 14
      },
      {
        "cache_owner": "d0.r1",
        "epic_prefix_rows": [],
        "fingerprint": "3fd8b144566f43ed",
        "length": 256,
        "owner_tier": 1,
        "request": "d0.r2",
        "segment_index": 15
      },
      {
        "cache_owner": "d0.r1",
        "epic_prefix_rows": [],
        "fingerprint": "30f09964a80d8f65",
        "length": 256,
        "owner_tier": 1,
        "request": "d0.r2",
        "segment_index": 16
      },
      {
        "cache_owner": "d0.r1",
        "epic_prefix_rows": [],
        "fingerprint": "74370d13c71ff044",
        "length": 256,
        "owner_tier": 1,
        "request": "d0.r2",
        "segment_index": 17
      },
      {
        "cache_owner": "d0.r1",
        "epic_prefix_rows": [],
        "fingerprint": "b98480609ff92086",
        "length": 256,
        "owner_tier": 1,
        "request": "d0.r2",
        "segment_index": 18
      },
      {
        "cache_owner": "d0.r1",
        "epic_prefix_rows": [],
        "fingerprint": "e27085abc1aa49a7",
        "length": 256,
        "owner_tier": 1,
        "request": "d0.r2",
        "segment_index": 19
      },
      {
        "cache_owner": "d0.r1",
        "epic_prefix_rows": [],
        "fingerprint": "cb30bf30b7b7b133",
        "length": 256,
        "owner_tier": 1,
        "request": "d0.r2",
        "segment_index": 20
      },
      {
        "cache_owner": "d0.r1",
        "epic_prefix_rows": [],
        "fingerprint": "4f6a58a7e21f2e4f",
        "length": 256,
        "owner_tier": 1,
        "request": "d0.r2",
        "segment_index": 21
      },
      {
        "cache_owner": "d0.r1",
        "epic_prefix_rows": [],
        "fingerprint": "2ef42bc347ac5ea9",
        "length": 256,
        "owner_tier": 1,
        "request": "d0.r2",
        "segment_index": 22
      },
      {
        "cache_owner": "d1.r1",
        "epic_prefix_rows": [
          0,
          1,
          2,
          3,
          4,
          5,
          6,
          7,
          8,
          9,
          10,
          11,
          12,
          13,
          14,
          15,
          16,
          17,
          18,
          19,
          20,
          21,
          22,
          23,
          24,
          25,
          26,
          27,
          28,
          29,
          30,
          31
        ],
        "fingerprint": "056fc0b42a1bd8ec",
        "length": 256,
        "owner_tier": 1,
        "request": "d1.r2",
        "segment_index": 0
      },
      {
        "cache_owner": "d0.r2",
        "epic_prefix_rows": [],
        "fingerprint": "f1fd5efdb8338d7e",
        "length": 256,
        "owner_tier": 2,
        "request": "d1.r2",
        "segment_index": 2
      },
      {
        "cache_owner": "d0.r0",
        "epic_prefix_rows": [
          0,
          1,
          2,
          3,
          4,
          5,
          6,
          7,
          8,
          9,
          10,
          11,
          12,
          13,
          14,
          15,
          16,
          17,
          18,
          19,
          20,
          21,
          22,
          23,
          24,
          25,
          26,
          27,
          28,
          29,
          30,
          31
        ],
        "fingerprint": "173f77422b3aca6e",
        "length": 256,
        "owner_tier": 0,
        "request": "d1.r2",
        "segment_index": 3
      },
      {
        "cache_owner": "d0.r0",
        "epic_prefix_rows": [
          0,
          1,
          2,
          3,
          4,
          5,
          6,
          7,
          8,
          9,
          10,
          11,
          12,
          13,
          14,
          15,
          16,
          17,
          18,
          19,
          20,
          21,
          22,
          23,
          24,
          25,
          26,
          27,
          28,
          29,
          30,
          31
        ],
        "fingerprint": "25cc8cd8a6360c41",
        "length": 256,
        "owner_tier": 0,
        "request": "d1.r2",
        "segment_index": 4
      },
      {
        "cache_owner": "d0.r0",
        "epic_prefix_rows": [
          0,
          1,
          2,
          3,
          4,
          5,
          6,
          7,
          8,
          9,
          10,
          11,
          12,
          13,
          14,
          15,
          16,
          17,
          18,
          19,
          20,
          21,
          22,
          23,
          24,
          25,
          26,
          27,
          28,
          29,
          30,
          31
        ],
        "fingerprint": "a24d833ce77269fd",
        "length": 256,
        "owner_tier": 0,
        "request": "d1.r2",
        "segment_index": 5
      },
      {
        "cache_owner": "d0.r0",
        "epic_prefix_rows": [
          0,
          1,
          2,
          3,
          4,
          5,
          6,
          7,
          8,
          9,
          10,
          11,
          12,
          13,
          14,
          15,
          16,
          17,
          18,
          19,
          20,
          21,
          22,
          23,
          24,
          25,
          26,
          27,
          28,
          29,
          30,
          31
        ],
        "fingerprint": "71c190096acd6433",
        "length": 256,
        "owner_tier": 0,
        "request": "d1.r2",
        "segment_index": 6
      },
      {
        "cache_owner": "d0.r0",
        "epic_prefix_rows": [
          0,
          1,
          2,
          3,
          4,
          5,
          6,
          7,
          8,
          9,
          10,
          11,
          12,
          13,
          14,
          15,
          16,
          17,
          18,
          19,
          20,
          21,
          22,
          23,
          24,
          25,
          26,
          27,
          28,
          29,
          30,
          31
        ],
        "fingerprint": "fef361162327d754",
        "length": 256,
        "owner_tier": 0,
        "request": "d1.r2",
        "segment_index": 7
      },
      {
        "cache_owner": "d0.r0",
        "epic_prefix_rows": [
          0,
          1,
          2,
          3,
          4,
          5,
          6,
          7,
          8,
          9,
          10,
          11,
          12,
          13,
          14,
          15,
          16,
          17,
          18,
          19,
          20,
          21,
          22,
          23,
          24,
          25,
          26,
          27,
          28,
          29,
          30,
          31
        ],
        "fingerprint": "276d06962ab722d7",
        "length": 256,
        "owner_tier": 0,
        "request": "d1.r2",
        "segment_index": 8
      },
      {
        "cache_owner": "d0.r0",
        "epic_prefix_rows": [
          0,
          1,
          2,
          3,
          4,
          5,
          6,
          7,
          8,
          9,
          10,
          11,
          12,
          13,
          14,
          15,
          16,
          17,
          18,
          19,
          20,
          21,
          22,
          23,
          24,
          25,
          26,
          27,
          28,
          29,
          30,
          31
        ],
        "fingerprint": "7e73ece24bb93834",
        "length": 256,
        "owner_tier": 0,
        "request": "d1.r2",
        "segment_index": 9
      },
      {
        "cache_owner": "d0.r0",
        "epic_prefix_rows": [
          0,
          1,
          2,
          3,
          4,
          5,
          6,
          7,
          8,
          9,
          10,
          11,
          12,
          13,
          14,
          15,
          16,
          17,
          18,
          19,
          20,
          21,
          22,
          23,
          24,
          25,
          26,
          27,
          28,
          29,
          30,
          31
        ],
        "fingerprint": "a8850a73c2483934",
        "length": 256,
        "owner_tier": 0,
        "request": "d1.r2",
        "segment_index": 10
      },
      {
        "cache_owner": "d0.r0",
        "epic_prefix_rows": [
          0,
          1,
          2,
          3,
          4,
          5,
          6,
          7,
          8,
          9,
          10,
          11,
          12,
          13,
          14,
          15,
          16,
          17,
          18,
          19,
          20,
          21,
          22,
          23,
          24,
          25,
          26,
          27,
          28,
          29,
          30,
          31
        ],
        "fingerprint": "a4093c0243d9f211",
        "length": 256,
        "owner_tier": 0,
        "request": "d1.r2",
        "segment_index": 11
      },
      {
        "cache_owner": "d0.r0",
        "epic_prefix_rows": [
          0,
          1,
          2,
          3,
          4,
          5,
          6,
          7,
          8,
          9,
          10,
          11,
          12,
          13,
          14,
          15,
          16,
          17,
          18,
          19,
          20,
          21,
          22,
          23,
          24,
          25,
          26,
          27,
          28,
          29,
          30,
          31
        ],
        "fingerprint": "254bfc97b06ef560",
        "length": 256,
        "owner_tier": 0,
        "request": "d1.r2",
        "segment_index": 12
      },
      {
        "cache_owner": "d0.r1",
        "epic_prefix_rows": [],
        "fingerprint": "6c05d74d66e75323",
        "length": 256,
        "owner_tier": 1,
        "request": "d1.r2",
        "segment_index": 13
      },
      {
        "cache_owner": "d0.r1",
        "epic_prefix_rows": [],
        "fingerprint": "9be32fe2c99887d1",
        "length": 256,
        "owner_tier": 1,
        "request": "d1.r2",
        "segment_index": 14
      },
      {
        "cache_owner": "d0.r1",
        "epic_prefix_rows": [],
        "fingerprint": "3fd8b144566f43ed",
        "length": 256,
        "owner_tier": 1,
        "request": "d1.r2",
        "segment_index": 15
      },
      {
        "cache_owner": "d0.r1",
        "epic_prefix_rows": [],
        "fingerprint": "30f09964a80d8f65",
        "length": 256,
        "owner_tier": 1,
        "request": "d1.r2",
        "segment_index": 16
      },
      {
        "cache_owner": "d0.r1",
        "epic_prefix_rows": [],
        "fingerprint": "74370d13c71ff044",
        "length": 256,
        "owner_tier": 1,
        "request": "d1.r2",
        "segment_index": 17
      },
      {
        "cache_owner": "d0.r1",
        "epic_prefix_rows": [],
        "fingerprint": "b98480609ff92086",
        "length": 256,
        "owner_tier": 1,
        "request": "d1.r2",
        "segment_index": 18
      },
      {
        "cache_owner": "d0.r1",
        "epic_prefix_rows": [],
        "fingerprint": "e27085abc1aa49a7",
        "length": 256,
        "owner_tier": 1,
        "request": "d1.r2",
        "segment_index": 19
      },
      {
        "cache_owner": "d0.r1",
        "epic_prefix_rows": [],
        "fingerprint": "cb30bf30b7b7b133",
        "length": 256,
        "owner_tier": 1,
        "request": "d1.r2",
        "segment_index": 20
      },
      {
        "cache_owner": "d0.r1",
        "epic_prefix_rows": [],
        "fingerprint": "4f6a58a7e21f2e4f",
        "length": 256,
        "owner_tier": 1,
        "request": "d1.r2",
        "segment_index": 21
      },
      {
        "cache_owner": "d0.r1",
        "epic_prefix_rows": [],
        "fingerprint": "2ef42bc347ac5ea9",
        "length": 256,
        "owner_tier": 1,
        "request": "d1.r2",
        "segment_index": 22
      },
      {
        "cache_owner": "d0.r2",
        "epic_prefix_rows": [],
        "fingerprint": "56f7715442fdf966",
        "length": 256,
        "owner_tier": 2,
        "request": "d1.r2",
        "segment_index": 23
      },
      {
        "cache_owner": "d0.r2",
        "epic_prefix_rows": [],
        "fingerprint": "69931b25dbad9d62",
        "length": 256,
        "owner_tier": 2,
        "request": "d1.r2",
        "segment_index": 24
      },
      {
        "cache_owner": "d0.r2",
        "epic_prefix_rows": [],
        "fingerprint": "68adf7d53a6d43ad",
        "length": 256,
        "owner_tier": 2,
        "request": "d1.r2",
        "segment_index": 25
      },
      {
        "cache_owner": "d0.r2",
        "epic_prefix_rows": [],
        "fingerprint": "025ec3a8491dfa52",
        "length": 256,
        "owner_tier": 2,
        "request": "d1.r2",
        "segment_index": 26
      },
      {
        "cache_owner": "d0.r2",
        "epic_prefix_rows": [],
        "fingerprint": "5f0fb92071edefba",
        "length": 256,
        "owner_tier": 2,
        "request": "d1.r2",
        "segment_index": 27
      },
      {
        "cache_owner": "d0.r2",
        "epic_prefix_rows": [],
        "fingerprint": "3798fae9eeb921ba",
        "length": 256,
        "owner_tier": 2,
        "request": "d1.r2",
        "segment_index": 28
      },
      {
        "cache_owner": "d0.r2",
        "epic_prefix_rows": [],
        "fingerprint": "05841ec733057ecb",
        "length": 256,
        "owner_tier": 2,
        "request": "d1.r2",
        "segment_index": 29
      },
      {
        "cache_owner": "d0.r2",
        "epic_prefix_rows": [],
        "fingerprint": "53d05282294c6bc4",
        "length": 256,
        "owner_tier": 2,
        "request": "d1.r2",
        "segment_index": 30
      },
      {
        "cache_owner": "d0.r2",
        "epic_prefix_rows": [],
        "fingerprint": "808907b51f157d1b",
        "length": 256,
        "owner_tier": 2,
        "request": "d1.r2",
        "segment_index": 31
      },
      {
        "cache_owner": "d0.r2",
        "epic_prefix_rows": [],
        "fingerprint": "a9736e94ffa61392",
        "length": 256,
        "owner_tier": 2,
        "request": "d1.r2",
        "segment_index": 32
      },
      {
        "cache_owner": "d2.r1",
        "epic_prefix_rows": [
          0,
          1,
          2,
          3,
          4,
          5,
          6,
          7,
          8,
          9,
          10,
          11,
          12,
          13,
          14,
          15,
          16,
          17,
          18,
          19,
          20,
          21,
          22,
          23,
          24,
          25,
          26,
          27,
          28,
          29,
          30,
          31
        ],
        "fingerprint": "f1fd5efdb8338d7e",
        "length": 256,
        "owner_tier": 1,
        "request": "d2.r2",
        "segment_index": 0
      },
      {
        "cache_owner": "d1.r2",
        "epic_prefix_rows": [],
        "fingerprint": "d2f771c4592a8a35",
        "length": 256,
        "owner_tier": 2,
        "request": "d2.r2",
        "segment_index": 1
      },
      {
        "cache_owner": "d0.r2",
        "epic_prefix_rows": [
          0,
          1,
          2,
          3,
          4,
          5,
          6,
          7,
          8,
          9,
          10,
          11,
          12,
          13,
          14,
          15,
          16,
          17,
          18,
          19,
          20,
          21,
          22,
          23,
          24,
          25,
          26,
          27,
          28,
          29,
          30,
          31
        ],
        "fingerprint": "056fc0b42a1bd8ec",
        "length": 256,
        "owner_tier": 2,
        "request": "d2.r2",
        "segment_index": 2
      },
      {
        "cache_owner": "d0.r0",
        "epic_prefix_rows": [
          0,
          1,
          2,
          3,
          4,
          5,
          6,
          7,
          8,
          9,
          10,
          11,
          12,
          13,
          14,
          15,
          16,
          17,
          18,
          19,
          20,
          21,
          22,
          23,
          24,
          25,
          26,
          27,
          28,
          29,
          30,
          31
        ],
        "fingerprint": "173f77422b3aca6e",
        "length": 256,
        "owner_tier": 0,
        "request": "d2.r2",
        "segment_index": 3
      },
      {
        "cache_owner": "d0.r0",
        "epic_prefix_rows": [
          0,
          1,
          2,
          3,
          4,
          5,
          6,
          7,
          8,
          9,
          10,
          11,
          12,
          13,
          14,
          15,
          16,
          17,
          18,
          19,
          20,
          21,
          22,
          23,
          24,
          25,
          26,
          27,
          28,
          29,
          30,
          31
        ],
        "fingerprint": "25cc8cd8a6360c41",
        "length": 256,
        "owner_tier": 0,
        "request": "d2.r2",
        "segment_index": 4
      },
      {
        "cache_owner": "d0.r0",
        "epic_prefix_rows": [
          0,
          1,
          2,
          3,
          4,
          5,
          6,
          7,
          8,
          9,
          10,
          11,
          12,
          13,
          14,
          15,
          16,
          17,
          18,
          19,
          20,
          21,
          22,
          23,
          24,
          25,
          26,
          27,
          28,
          29,
          30,
          31
        ],
        "fingerprint": "a24d833ce77269fd",
        "length": 256,
        "owner_tier": 0,
        "request": "d2.r2",
        "segment_index": 5
      },
      {
        "cache_owner": "d0.r0",
        "epic_prefix_rows": [
          0,
          1,
          2,
          3,
          4,
          5,
          6,
          7,
          8,
          9,
          10,
          11,
          12,
          13,
          14,
          15,
          16,
          17,
          18,
          19,
          20,
          21,
          22,
          23,
          24,
          25,
          26,
          27,
          28,
          29,
          30,
          31
        ],
        "fingerprint": "71c190096acd6433",
        "length": 256,
        "owner_tier": 0,
        "request": "d2.r2",
        "segment_index": 6
      },
      {
        "cache_owner": "d0.r0",
        "epic_prefix_rows": [
          0,
          1,
          2,
          3,
          4,
          5,
          6,
          7,
          8,
          9,
          10,
          11,
          12,
          13,
          14,
          15,
          16,
          17,
          18,
          19,
          20,
          21,
          22,
          23,
          24,
          25,
          26,
          27,
          28,
          29,
          30,
          31
        ],
        "fingerprint": "fef361162327d754",
        "length": 256,
        "owner_tier": 0,
        "request": "d2.r2",
        "segment_index": 7
      },
      {
        "cache_owner": "d0.r0",
        "epic_prefix_rows": [
          0,
          1,
          2,
          3,
          4,
          5,
          6,
          7,
          8,
          9,
          10,
          11,
          12,
          13,
          14,
          15,
          16,
          17,
          18,
          19,
          20,
          21,
          22,
          23,
          24,
          25,
          26,
          27,
          28,
          29,
          30,
          31
        ],
        "fingerprint": "276d06962ab722d7",
        "length": 256,
        "owner_tier": 0,
        "request": "d2.r2",
        "segment_index": 8
      },
      {
        "cache_owner": "d0.r0",
        "epic_prefix_rows": [
          0,
          1,
          2,
          3,
          4,
          5,
          6,
          7,
          8,
          9,
          10,
          11,
          12,
          13,
          14,
          15,
          16,
          17,
          18,
          19,
          20,
          21,
          22,
          23,
          24,
          25,
          26,
          27,
          28,
          29,
          30,
          31
        ],
        "fingerprint": "7e73ece24bb93834",
        "length": 256,
        "owner_tier": 0,
        "request": "d2.r2",
        "segment_index": 9
      },
      {
        "cache_owner": "d0.r0",
        "epic_prefix_rows": [
          0,
          1,
          2,
          3,
          4,
          5,
          6,
          7,
          8,
          9,
          10,
          11,
          12,
          13,
          14,
          15,
          16,
          17,
          18,
          19,
          20,
          21,
          22,
          23,
          24,
          25,
          26,
          27,
          28,
          29,
          30,
          31
        ],
        "fingerprint": "a8850a73c2483934",
        "length": 256,
        "owner_tier": 0,
        "request": "d2.r2",
        "segment_index": 10
      },
      {
        "cache_owner": "d0.r0",
        "epic_prefix_rows": [
          0,
          1,
          2,
          3,
          4,
          5,
          6,
          7,
          8,
          9,
          10,
          11,
          12,
          13,
          14,
          15,
          16,
          17,
          18,
          19,
          20,
          21,
          22,
          23,
          24,
          25,
          26,
          27,
          28,
          29,
          30,
          31
        ],
        "fingerprint": "a4093c0243d9f211",
        "length": 256,
        "owner_tier": 0,
        "request": "d2.r2",
        "segment_index": 11
      },
      {
        "cache_owner": "d0.r0",
        "epic_prefix_rows": [
          0,
          1,
          2,
          3,
          4,
          5,
          6,
          7,
          8,
          9,
          10,
          11,
          12,
          13,
          14,
          15,
          16,
          17,
          18,
          19,
          20,
          21,
          22,
          23,
          24,
          25,
          26,
          27,
          28,
          29,
          30,
          31
        ],
        "fingerprint": "254bfc97b06ef560",
        "length": 256,
        "owner_tier": 0,
        "request": "d2.r2",
        "segment_index": 12
      },
      {
        "cache_owner": "d0.r1",
        "epic_prefix_rows": [],
        "fingerprint": "6c05d74d66e75323",
        "length": 256,
        "owner_tier": 1,
        "request": "d2.r2",
        "segment_index": 13
      },
      {
        "cache_owner": "d0.r1",
        "epic_prefix_rows": [],
        "fingerprint": "9be32fe2c99887d1",
        "length": 256,
        "owner_tier": 1,
        "request": "d2.r2",
        "segment_index": 14
      },
      {
        "cache_owner": "d0.r1",
        "epic_prefix_rows": [],
        "fingerprint": "3fd8b144566f43ed",
        "length": 256,
        "owner_tier": 1,
        "request": "d2.r2",
        "segment_index": 15
      },
      {
        "cache_owner": "d0.r1",
        "epic_prefix_rows": [],
        "fingerprint": "30f09964a80d8f65",
        "length": 256,
        "owner_tier": 1,
        "request": "d2.r2",
        "segment_index": 16
      },
      {
        "cache_owner": "d0.r1",
        "epic_prefix_rows": [],
        "fingerprint": "74370d13c71ff044",
        "length": 256,
        "owner_tier": 1,
        "request": "d2.r2",
        "segment_index": 17
      },
      {
        "cache_owner": "d0.r1",
        "epic_prefix_rows": [],
        "fingerprint": "b98480609ff92086",
        "length": 256,
        "owner_tier": 1,
        "request": "d2.r2",
        "segment_index": 18
      },
      {
        "cache_owner": "d0.r1",
        "epic_prefix_rows": [],
        "fingerprint": "e27085abc1aa49a7",
        "length": 256,
        "owner_tier": 1,
        "request": "d2.r2",
        "segment_index": 19
      },
      {
        "cache_owner": "d0.r1",
        "epic_prefix_rows": [],
        "fingerprint": "cb30bf30b7b7b133",
        "length": 256,
        "owner_tier": 1,
        "request": "d2.r2",
        "segment_index": 20
      },
      {
        "cache_owner": "d0.r1",
        "epic_prefix_rows": [],
        "fingerprint": "4f6a58a7e21f2e4f",
        "length": 256,
        "owner_tier": 1,
        "request": "d2.r2",
        "segment_index": 21
      },
      {
        "cache_owner": "d0.r1",
        "epic_prefix_rows": [],
        "fingerprint": "2ef42bc347ac5ea9",
        "length": 256,
        "owner_tier": 1,
        "request": "d2.r2",
        "segment_index": 22
      },
      {
        "cache_owner": "d0.r2",
        "epic_prefix_rows": [],
        "fingerprint": "56f7715442fdf966",
        "length": 256,
        "owner_tier": 2,
        "request": "d2.r2",
        "segment_index": 23
      },
      {
        "cache_owner": "d0.r2",
        "epic_prefix_rows": [],
        "fingerprint": "69931b25dbad9d62",
        "length": 256,
        "owner_tier": 2,
        "request": "d2.r2",
        "segment_index": 24
      },
      {
        "cache_owner": "d0.r2",
        "epic_prefix_rows": [],
        "fingerprint": "68adf7d53a6d43ad",
        "length": 256,
        "owner_tier": 2,
        "request": "d2.r2",
        "segment_index": 25
      },
      {
        "cache_owner": "d0.r2",
        "epic_prefix_rows": [],
        "fingerprint": "025ec3a8491dfa52",
        "length": 256,
        "owner_tier": 2,
        "request": "d2.r2",
        "segment_index": 26
      },
      {
        "cache_owner": "d0.r2",
        "epic_prefix_rows": [],
        "fingerprint": "5f0fb92071edefba",
        "length": 256,
        "owner_tier": 2,
        "request": "d2.r2",
        "segment_index": 27
      },
      {
        "cache_owner": "d0.r2",
        "epic_prefix_rows": [],
        "fingerprint": "3798fae9eeb921ba",
        "length": 256,
        "owner_tier": 2,
        "request": "d2.r2",
        "segment_index": 28
      },
      {
        "cache_owner": "d0.r2",
        "epic_prefix_rows": [],
        "fingerprint": "05841ec733057ecb",
        "length": 256,
        "owner_tier": 2,
        "request": "d2.r2",
        "segment_index": 29
      },
      {
        "cache_owner": "d0.r2",
        "epic_prefix_rows": [],
        "fingerprint": "53d05282294c6bc4",
        "length": 256,
        "owner_tier": 2,
        "request": "d2.r2",
        "segment_index": 30
      },
      {
        "cache_owner": "d0.r2",
        "epic_prefix_rows": [],
        "fingerprint": "808907b51f157d1b",
        "length": 256,
        "owner_tier": 2,
        "request": "d2.r2",
        "segment_index": 31
      },
      {
        "cache_owner": "d0.r2",
        "epic_prefix_rows": [],
        "fingerprint": "a9736e94ffa61392",
        "length": 256,
        "owner_tier": 2,
        "request": "d2.r2",
        "segment_index": 32
      },
      {
        "cache_owner": "d0.r2",
        "epic_prefix_rows": [
          0,
          1,
          2,
          3,
          4,
          5,
          6,
          7,
          8,
          9,
          10,
          11,
          12,
          13,
          14,
          15,
          16,
          17,
          18,
          19,
          20,
          21,
          22,
          23,
          24,
          25,
          26,
          27,
          28,
          29,
          30,
          31
        ],
        "fingerprint": "98ad5e0e0d1a0991",
        "length": 256,
        "owner_tier": 2,
        "request": "d0.r3",
        "segment_index": 0
      },
      {
        "cache_owner": "d0.r0",
        "epic_prefix_rows": [
          0,
          1,
          2,
          3,
          4,
          5,
          6,
          7,
          8,
          9,
          10,
          11,
          12,
          13,
          14,
          15,
          16,
          17,
          18,
          19,
          20,
          21,
          22,
          23,
          24,
          25,
          26,
          27,
          28,
          29,
          30,
          31
        ],
        "fingerprint": "173f77422b3aca6e",
        "length": 256,
        "owner_tier": 0,
        "request": "d0.r3",
        "segment_index": 3
      },
      {
        "cache_owner": "d0.r0",
        "epic_prefix_rows": [
          0,
          1,
          2,
          3,
          4,
          5,
          6,
          7,
          8,
          9,
          10,
          11,
          12,
          13,
          14,
          15,
          16,
          17,
          18,
          19,
          20,
          21,
          22,
          23,
          24,
          25,
          26,
          27,
          28,
          29,
          30,
          31
        ],
        "fingerprint": "25cc8cd8a6360c41",
        "length": 256,
        "owner_tier": 0,
        "request": "d0.r3",
        "segment_index": 4
      },
      {
        "cache_owner": "d0.r0",
        "epic_prefix_rows": [
          0,
          1,
          2,
          3,
          4,
          5,
          6,
          7,
          8,
          9,
          10,
          11,
          12,
          13,
          14,
          15,
          16,
          17,
          18,
          19,
          20,
          21,
          22,
          23,
          24,
          25,
          26,
          27,
          28,
          29,
          30,
          31
        ],
        "fingerprint": "a24d833ce77269fd",
        "length": 256,
        "owner_tier": 0,
        "request": "d0.r3",
        "segment_index": 5
      },
      {
        "cache_owner": "d0.r0",
        "epic_prefix_rows": [
          0,
          1,
          2,
          3,
          4,
          5,
          6,
          7,
          8,
          9,
          10,
          11,
          12,
          13,
          14,
          15,
          16,
          17,
          18,
          19,
          20,
          21,
          22,
          23,
          24,
          25,
          26,
          27,
          28,
          29,
          30,
          31
        ],
        "fingerprint": "71c190096acd6433",
        "length": 256,
        "owner_tier": 0,
        "request": "d0.r3",
        "segment_index": 6
      },
      {
        "cache_owner": "d0.r0",
        "epic_prefix_rows": [
          0,
          1,
          2,
          3,
          4,
          5,
          6,
          7,
          8,
          9,
          10,
          11,
          12,
          13,
          14,
          15,
          16,
          17,
          18,
          19,
          20,
          21,
          22,
          23,
          24,
          25,
          26,
          27,
          28,
          29,
          30,
          31
        ],
        "fingerprint": "fef361162327d754",
        "length": 256,
        "owner_tier": 0,
        "request": "d0.r3",
        "segment_index": 7
      },
      {
        "cache_owner": "d0.r0",
        "epic_prefix_rows": [
          0,
          1,
          2,
          3,
          4,
          5,
          6,
          7,
          8,
          9,
          10,
          11,
          12,
          13,
          14,
          15,
          16,
          17,
          18,
          19,
          20,
          21,
          22,
          23,
          24,
          25,
          26,
          27,
          28,
          29,
          30,
          31
        ],
        "fingerprint": "276d06962ab722d7",
        "length": 256,
        "owner_tier": 0,
        "request": "d0.r3",
        "segment_index": 8
      },
      {
        "cache_owner": "d0.r0",
        "epic_prefix_rows": [
          0,
          1,
          2,
          3,
          4,
          5,
          6,
          7,
          8,
          9,
          10,
          11,
          12,
          13,
          14,
          15,
          16,
          17,
          18,
          19,
          20,
          21,
          22,
          23,
          24,
          25,
          26,
          27,
          28,
          29,
          30,
          31
        ],
        "fingerprint": "7e73ece24bb93834",
        "length": 256,
        "owner_tier": 0,
        "request": "d0.r3",
        "segment_index": 9
      },
      {
        "cache_owner": "d0.r0",
        "epic_prefix_rows": [
          0,
          1,
          2,
          3,
          4,
          5,
          6,
          7,
          8,
          9,
          10,
          11,
          12,
          13,
          14,
          15,
          16,
          17,
          18,
          19,
          20,
          21,
          22,
          23,
          24,
          25,
          26,
          27,
          28,
          29,
          30,
          31
        ],
        "fingerprint": "a8850a73c2483934",
        "length": 256,
        "owner_tier": 0,
        "request": "d0.r3",
        "segment_index": 10
      },
      {
        "cache_owner": "d0.r0",
        "epic_prefix_rows": [
          0,
          1,
          2,
          3,
          4,
          5,
          6,
          7,
          8,
          9,
          10,
          11,
          12,
          13,
          14,
          15,
          16,
          17,
          18,
          19,
          20,
          21,
          22,
          23,
          24,
          25,
          26,
          27,
          28,
          29,
          30,
          31
        ],
        "fingerprint": "a4093c0243d9f211",
        "length": 256,
        "owner_tier": 0,
        "request": "d0.r3",
        "segment_index": 11
      },
      {
        "cache_owner": "d0.r0",
        "epic_prefix_rows": [
          0,
          1,
          2,
          3,
          4,
          5,
          6,
          7,
          8,
          9,
          10,
          11,
          12,
          13,
          14,
          15,
          16,
          17,
          18,
          19,
          20,
          21,
          22,
          23,
          24,
          25,
          26,
          27,
          28,
          29,
          30,
          31
        ],
        "fingerprint": "254bfc97b06ef560",
        "length": 256,
        "owner_tier": 0,
        "request": "d0.r3",
        "segment_index": 12
      },
      {
        "cache_owner": "d0.r1",
        "epic_prefix_rows": [],
        "fingerprint": "6c05d74d66e75323",
        "length": 256,
        "owner_tier": 1,
        "request": "d0.r3",
        "segment_index": 13
      },
      {
        "cache_owner": "d0.r1",
        "epic_prefix_rows": [],
        "fingerprint": "9be32fe2c99887d1",
        "length": 256,
        "owner_tier": 1,
        "request": "d0.r3",
        "segment_index": 14
      },
      {
        "cache_owner": "d0.r1",
        "epic_prefix_rows": [],
        "fingerprint": "3fd8b144566f43ed",
        "length": 256,
        "owner_tier": 1,
        "request": "d0.r3",
        "segment_index": 15
      },
      {
        "cache_owner": "d0.r1",
        "epic_prefix_rows": [],
        "fingerprint": "30f09964a80d8f65",
        "length": 256,
        "owner_tier": 1,
        "request": "d0.r3",
        "segment_index": 16
      },
      {
        "cache_owner": "d0.r1",
        "epic_prefix_rows": [],
        "fingerprint": "74370d13c71ff044",
        "length": 256,
        "owner_tier": 1,
        "request": "d0.r3",
        "segment_index": 17
      },
      {
        "cache_owner": "d0.r1",
        "epic_prefix_rows": [],
        "fingerprint": "b98480609ff92086",
        "length": 256,
        "owner_tier": 1,
        "request": "d0.r3",
        "segment_index": 18
      },
      {
        "cache_owner": "d0.r1",
        "epic_prefix_rows": [],
        "fingerprint": "e27085abc1aa49a7",
        "length": 256,
        "owner_tier": 1,
        "request": "d0.r3",
        "segment_index": 19
      },
      {
        "cache_owner": "d0.r1",
        "epic_prefix_rows": [],
        "fingerprint": "cb30bf30b7b7b133",
        "length": 256,
        "owner_tier": 1,
        "request": "d0.r3",
        "segment_index": 20
      },
      {
        "cache_owner": "d0.r1",
        "epic_prefix_rows": [],
        "fingerprint": "4f6a58a7e21f2e4f",
        "length": 256,
        "owner_tier": 1,
        "request": "d0.r3",
        "segment_index": 21
      },
      {
        "cache_owner": "d0.r1",
        "epic_prefix_rows": [],
        "fingerprint": "2ef42bc347ac5ea9",
        "length": 256,
        "owner_tier": 1,
        "request": "d0.r3",
        "segment_index": 22
      },
      {
        "cache_owner": "d0.r2",
        "epic_prefix_rows": [],
        "fingerprint": "56f7715442fdf966",
        "length": 256,
        "owner_tier": 2,
        "request": "d0.r3",
        "segment_index": 23
      },
      {
        "cache_owner": "d0.r2",
        "epic_prefix_rows": [],
        "fingerprint": "69931b25dbad9d62",
        "length": 256,
        "owner_tier": 2,
        "request": "d0.r3",
        "segment_index": 24
      },
      {
        "cache_owner": "d0.r2",
        "epic_prefix_rows": [],
        "fingerprint": "68adf7d53a6d43ad",
        "length": 256,
        "owner_tier": 2,
        "request": "d0.r3",
        "segment_index": 25
      },
      {
        "cache_owner": "d0.r2",
        "epic_prefix_rows": [],
        "fingerprint": "025ec3a8491dfa52",
        "length": 256,
        "owner_tier": 2,
        "request": "d0.r3",
        "segment_index": 26
      },
      {
        "cache_owner": "d0.r2",
        "epic_prefix_rows": [],
        "fingerprint": "5f0fb92071edefba",
        "length": 256,
        "owner_tier": 2,
        "request": "d0.r3",
        "segment_index": 27
      },
      {
        "cache_owner": "d0.r2",
        "epic_prefix_rows": [],
        "fingerprint": "3798fae9eeb921ba",
        "length": 256,
        "owner_tier": 2,
        "request": "d0.r3",
        "segment_index": 28
      },
      {
        "cache_owner": "d0.r2",
        "epic_prefix_rows": [],
        "fingerprint": "05841ec733057ecb",
        "length": 256,
        "owner_tier": 2,
        "request": "d0.r3",
        "segment_index": 29
      },
      {
        "cache_owner": "d0.r2",
        "epic_prefix_rows": [],
        "fingerprint": "53d05282294c6bc4",
        "length": 256,
        "owner_tier": 2,
        "request": "d0.r3",
        "segment_index": 30
      },
      {
        "cache_owner": "d0.r2",
        "epic_prefix_rows": [],
        "fingerprint": "808907b51f157d1b",
        "length": 256,
        "owner_tier": 2,
        "request": "d0.r3",
        "segment_index": 31
      },
      {
        "cache_owner": "d0.r2",
        "epic_prefix_rows": [],
        "fingerprint": "a9736e94ffa61392",
        "length": 256,
        "owner_tier": 2,
        "request": "d0.r3",
        "segment_index": 32
      },
      {
        "cache_owner": "d1.r2",
        "epic_prefix_rows": [
          0,
          1,
          2,
          3,
          4,
          5,
          6,
          7,
          8,
          9,
          10,
          11,
          12,
          13,
          14,
          15,
          16,
          17,
          18,
          19,
          20,
          21,
          22,
          23,
          24,
          25,
          26,
          27,
          28,
          29,
          30,
          31
        ],
        "fingerprint": "835f2f6330af4c07",
        "length": 256,
        "owner_tier": 2,
        "request": "d1.r3",
        "segment_index": 0
      },
      {
        "cache_owner": "d0.r3",
        "epic_prefix_rows": [],
        "fingerprint": "3745a4701ee9f11e",
        "length": 256,
        "owner_tier": 3,
        "request": "d1.r3",
        "segment_index": 2
      },
      {
        "cache_owner": "d0.r0",
        "epic_prefix_rows": [
          0,
          1,
          2,
          3,
          4,
          5,
          6,
          7,
          8,
          9,
          10,
          11,
          12,
          13,
          14,
          15,
          16,
          17,
          18,
          19,
          20,
          21,
          22,
          23,
          24,
          25,
          26,
          27,
          28,
          29,
          30,
          31
        ],
        "fingerprint": "173f77422b3aca6e",
        "length": 256,
        "owner_tier": 0,
        "request": "d1.r3",
        "segment_index": 3
      },
      {
        "cache_owner": "d0.r0",
        "epic_prefix_rows": [
          0,
          1,
          2,
          3,
          4,
          5,
          6,
          7,
          8,
          9,
          10,
          11,
          12,
          13,
          14,
          15,
          16,
          17,
          18,
          19,
          20,
          21,
          22,
          23,
          24,
          25,
          26,
          27,
          28,
          29,
          30,
          31
        ],
        "fingerprint": "25cc8cd8a6360c41",
        "length": 256,
        "owner_tier": 0,
        "request": "d1.r3",
        "segment_index": 4
      },
      {
        "cache_owner": "d0.r0",
        "epic_prefix_rows": [
          0,
          1,
          2,
          3,
          4,
          5,
          6,
          7,
          8,
          9,
          10,
          11,
          12,
          13,
          14,
          15,
          16,
          17,
          18,
          19,
          20,
          21,
          22,
          23,
          24,
          25,
          26,
          27,
          28,
          29,
          30,
          31
        ],
        "fingerprint": "a24d833ce77269fd",
        "length": 256,
        "owner_tier": 0,
        "request": "d1.r3",
        "segment_index": 5
      },
      {
        "cache_owner": "d0.r0",
        "epic_prefix_rows": [
          0,
          1,
          2,
          3,
          4,
          5,
          6,
          7,
          8,
          9,
          10,
          11,
          12,
          13,
          14,
          15,
          16,
          17,
          18,
          19,
          20,
          21,
          22,
          23,
          24,
          25,
          26,
          27,
          28,
          29,
          30,
          31
        ],
        "fingerprint": "71c190096acd6433",
        "length": 256,
        "owner_tier": 0,
        "request": "d1.r3",
        "segment_index": 6
      },
      {
        "cache_owner": "d0.r0",
        "epic_prefix_rows": [
          0,
          1,
          2,
          3,
          4,
          5,
          6,
          7,
          8,
          9,
          10,
          11,
          12,
          13,
          14,
          15,
          16,
          17,
          18,
          19,
          20,
          21,
          22,
          23,
          24,
          25,
          26,
          27,
          28,
          29,
          30,
          31
        ],
        "fingerprint": "fef361162327d754",
        "length": 256,
        "owner_tier": 0,
        "request": "d1.r3",
        "segment_index": 7
      },
      {
        "cache_owner": "d0.r0",
        "epic_prefix_rows": [
          0,
          1,
          2,
          3,
          4,
          5,
          6,
          7,
          8,
          9,
          10,
          11,
          12,
          13,
          14,
          15,
          16,
          17,
          18,
          19,
          20,
          21,
          22,
          23,
          24,
          25,
          26,
          27,
          28,
          29,
          30,
          31
        ],
        "fingerprint": "276d06962ab722d7",
        "length": 256,
        "owner_tier": 0,
        "request": "d1.r3",
        "segment_index": 8
      },
      {
        "cache_owner": "d0.r0",
        "epic_prefix_rows": [
          0,
          1,
          2,
          3,
          4,
          5,
          6,
          7,
          8,
          9,
          10,
          11,
          12,
          13,
          14,
          15,
          16,
          17,
          18,
          19,
          20,
          21,
          22,
          23,
          24,
          25,
          26,
          27,
          28,
          29,
          30,
          31
        ],
        "fingerprint": "7e73ece24bb93834",
        "length": 256,
        "owner_tier": 0,
        "request": "d1.r3",
        "segment_index": 9
      },
      {
        "cache_owner": "d0.r0",
        "epic_prefix_rows": [
          0,
          1,
          2,
          3,
          4,
          5,
          6,
          7,
          8,
          9,
          10,
          11,
          12,
          13,
          14,
          15,
          16,
          17,
          18,
          19,
          20,
          21,
          22,
          23,
          24,
          25,
          26,
          27,
          28,
          29,
          30,
          31
        ],
        "fingerprint": "a8850a73c2483934",
        "length": 256,
        "owner_tier": 0,
        "request": "d1.r3",
        "segment_index": 10
      },
      {
        "cache_owner": "d0.r0",
        "epic_prefix_rows": [
          0,
          1,
          2,
          3,
          4,
          5,
          6,
          7,
          8,
          9,
          10,
          11,
          12,
          13,
          14,
          15,
          16,
          17,
          18,
          19,
          20,
          21,
          22,
          23,
          24,
          25,
          26,
          27,
          28,
          29,
          30,
          31
        ],
        "fingerprint": "a4093c0243d9f211",
        "length": 256,
        "owner_tier": 0,
        "request": "d1.r3",
        "segment_index": 11
      },
      {
        "cache_owner": "d0.r0",
        "epic_prefix_rows": [
          0,
          1,
          2,
          3,
          4,
          5,
          6,
          7,
          8,
          9,
          10,
          11,
          12,
          13,
          14,
          15,
          16,
          17,
          18,
          19,
          20,
          21,
          22,
          23,
          24,
          25,
          26,
          27,
          28,
          29,
          30,
          31
        ],
        "fingerprint": "254bfc97b06ef560",
        "length": 256,
        "owner_tier": 0,
        "request": "d1.r3",
        "segment_index": 12
      },
      {
        "cache_owner": "d0.r1",
        "epic_prefix_rows": [],
        "fingerprint": "6c05d74d66e75323",
        "length": 256,
        "owner_tier": 1,
        "request": "d1.r3",
        "segment_index": 13
      },
      {
        "cache_owner": "d0.r1",
        "epic_prefix_rows": [],
        "fingerprint": "9be32fe2c99887d1",
        "length": 256,
        "owner_tier": 1,
        "request": "d1.r3",
        "segment_index": 14
      },
      {
        "cache_owner": "d0.r1",
        "epic_prefix_rows": [],
        "fingerprint": "3fd8b144566f43ed",
        "length": 256,
        "owner_tier": 1,
        "request": "d1.r3",
        "segment_index": 15
      },
      {
        "cache_owner": "d0.r1",
        "epic_prefix_rows": [],
        "fingerprint": "30f09964a80d8f65",
        "length": 256,
        "owner_tier": 1,
        "request": "d1.r3",
        "segment_index": 16
      },
      {
        "cache_owner": "d0.r1",
        "epic_prefix_rows": [],
        "fingerprint": "74370d13c71ff044",
        "length": 256,
        "owner_tier": 1,
        "request": "d1.r3",
        "segment_index": 17
      },
      {
        "cache_owner": "d0.r1",
        "epic_prefix_rows": [],
        "fingerprint": "b98480609ff92086",
        "length": 256,
        "owner_tier": 1,
        "request": "d1.r3",
        "segment_index": 18
      },
      {
        "cache_owner": "d0.r1",
        "epic_prefix_rows": [],
        "fingerprint": "e27085abc1aa49a7",
        "length": 256,
        "owner_tier": 1,
        "request": "d1.r3",
        "segment_index": 19
      },
      {
        "cache_owner": "d0.r1",
        "epic_prefix_rows": [],
        "fingerprint": "cb30bf30b7b7b133",
        "length": 256,
        "owner_tier": 1,
        "request": "d1.r3",
        "segment_index": 20
      },
      {
        "cache_owner": "d0.r1",
        "epic_prefix_rows": [],
        "fingerprint": "4f6a58a7e21f2e4f",
        "length": 256,
        "owner_tier": 1,
        "request": "d1.r3",
        "segment_index": 21
      },
      {
        "cache_owner": "d0.r1",
        "epic_prefix_rows": [],
        "fingerprint": "2ef42bc347ac5ea9",
        "length": 256,
        "owner_tier": 1,
        "request": "d1.r3",
        "segment_index": 22
      },
      {
        "cache_owner": "d0.r2",
        "epic_prefix_rows": [],
        "fingerprint": "56f7715442fdf966",
        "length": 256,
        "owner_tier": 2,
        "request": "d1.r3",
        "segment_index": 23
      },
      {
        "cache_owner": "d0.r2",
        "epic_prefix_rows": [],
        "fingerprint": "69931b25dbad9d62",
        "length": 256,
        "owner_tier": 2,
        "request": "d1.r3",
        "segment_index": 24
      },
      {
        "cache_owner": "d0.r2",
        "epic_prefix_rows": [],
        "fingerprint": "68adf7d53a6d43ad",
        "length": 256,
        "owner_tier": 2,
        "request": "d1.r3",
        "segment_index": 25
      },
      {
        "cache_owner": "d0.r2",
        "epic_prefix_rows": [],
        "fingerprint": "025ec3a8491dfa52",
        "length": 256,
        "owner_tier": 2,
        "request": "d1.r3",
        "segment_index": 26
      },
      {
        "cache_owner": "d0.r2",
        "epic_prefix_rows": [],
        "fingerprint": "5f0fb92071edefba",
        "length": 256,
        "owner_tier": 2,
        "request": "d1.r3",
        "segment_index": 27
      },
      {
        "cache_owner": "d0.r2",
        "epic_prefix_rows": [],
        "fingerprint": "3798fae9eeb921ba",
        "length": 256,
        "owner_tier": 2,
        "request": "d1.r3",
        "segment_index": 28
      },
      {
        "cache_owner": "d0.r2",
        "epic_prefix_rows": [],
        "fingerprint": "05841ec733057ecb",
        "length": 256,
        "owner_tier": 2,
        "request": "d1.r3",
        "segment_index": 29
      },
      {
        "cache_owner": "d0.r2",
        "epic_prefix_rows": [],
        "fingerprint": "53d05282294c6bc4",
        "length": 256,
        "owner_tier": 2,
        "request": "d1.r3",
        "segment_index": 30
      },
      {
        "cache_owner": "d0.r2",
        "epic_prefix_rows": [],
        "fingerprint": "808907b51f157d1b",
        "length": 256,
        "owner_tier": 2,
        "request": "d1.r3",
        "segment_index": 31
      },
      {
        "cache_owner": "d0.r2",
        "epic_prefix_rows": [],
        "fingerprint": "a9736e94ffa61392",
        "length": 256,
        "owner_tier": 2,
        "request": "d1.r3",
        "segment_index": 32
      },
      {
        "cache_owner": "d0.r3",
        "epic_prefix_rows": [],
        "fingerprint": "45ae2eb61fca9159",
        "length": 256,
        "owner_tier": 3,
        "request": "d1.r3",
        "segment_index": 33
      },
      {
        "cache_owner": "d0.r3",
        "epic_prefix_rows": [],
        "fingerprint": "9be82bb1e1d51b15",
        "length": 256,
        "owner_tier": 3,
        "request": "d1.r3",
        "segment_index": 34
      },
      {
        "cache_owner": "d0.r3",
        "epic_prefix_rows": [],
        "fingerprint": "d3796ec8297d8d49",
        "length": 256,
        "owner_tier": 3,
        "request": "d1.r3",
        "segment_index": 35
      },
      {
        "cache_owner": "d0.r3",
        "epic_prefix_rows": [],
        "fingerprint": "e3ffc60c3ad64676",
        "length": 256,
        "owner_tier": 3,
        "request": "d1.r3",
        "segment_index": 36
      },
      {
        "cache_owner": "d0.r3",
        "epic_prefix_rows": [],
        "fingerprint": "55558bd9eec583a5",
        "length": 256,
        "owner_tier": 3,
        "request": "d1.r3",
        "segment_index": 37
      },
      {
        "cache_owner": "d0.r3",
        "epic_prefix_rows": [],
        "fingerprint": "e4cfa02c32aa48d8",
        "length": 256,
        "owner_tier": 3,
        "request": "d1.r3",
        "segment_index": 38
      },
      {
        "cache_owner": "d0.r3",
        "epic_prefix_rows": [],
        "fingerprint": "b0968f7aa0a748da",
        "length": 256,
        "owner_tier": 3,
        "request": "d1.r3",
        "segment_index": 39
      },
      {
        "cache_owner": "d0.r3",
        "epic_prefix_rows": [],
        "fingerprint": "d0decf1f69183f96",
        "length": 256,
        "owner_tier": 3,
        "request": "d1.r3",
        "segment_index": 40
      },
      {
        "cache_owner": "d0.r3",
        "epic_prefix_rows": [],
        "fingerprint": "bacbc23f57604927",
        "length": 256,
        "owner_tier": 3,
        "request": "d1.r3",
        "segment_index": 41
      },
      {
        "cache_owner": "d0.r3",
        "epic_prefix_rows": [],
        "fingerprint": "6378b20604fceaf0",
        "length": 256,
        "owner_tier": 3,
        "request": "d1.r3",
        "segment_index": 42
      },
      {
        "cache_owner": "d2.r2",
        "epic_prefix_rows": [
          0,
          1,
          2,
          3,
          4,
          5,
          6,
          7,
          8,
          9,
          10,
          11,
          12,
          13,
          14,
          15,
          16,
          17,
          18,
          19,
          20,
          21,
          22,
          23,
          24,
          25,
          26,
          27,
          28,
          29,
          30,
          31
        ],
        "fingerprint": "3745a4701ee9f11e",
        "length": 256,
        "owner_tier": 2,
        "request": "d2.r3",
        "segment_index": 0
      },
      {
        "cache_owner": "d1.r3",
        "epic_prefix_rows": [],
        "fingerprint": "98ad5e0e0d1a0991",
        "length": 256,
        "owner_tier": 3,
        "request": "d2.r3",
        "segment_index": 1
      },
      {
        "cache_owner": "d0.r3",
        "epic_prefix_rows": [
          0,
          1,
          2,
          3,
          4,
          5,
          6,
          7,
          8,
          9,
          10,
          11,
          12,
          13,
          14,
          15,
          16,
          17,
          18,
          19,
          20,
          21,
          22,
          23,
          24,
          25,
          26,
          27,
          28,
          29,
          30,
          31
        ],
        "fingerprint": "835f2f6330af4c07",
        "length": 256,
        "owner_tier": 3,
        "request": "d2.r3",
        "segment_index": 2
      },
      {
        "cache_owner": "d0.r0",
        "epic_prefix_rows": [
          0,
          1,
          2,
          3,
          4,
          5,
          6,
          7,
          8,
          9,
          10,
          11,
          12,
          13,
          14,
          15,
          16,
          17,
          18,
          19,
          20,
          21,
          22,
          23,
          24,
          25,
          26,
          27,
          28,
          29,
          30,
          31
        ],
        "fingerprint": "173f77422b3aca6e",
        "length": 256,
        "owner_tier": 0,
        "request": "d2.r3",
        "segment_index": 3
      },
      {
        "cache_owner": "d0.r0",
        "epic_prefix_rows": [
          0,
          1,
          2,
          3,
          4,
          5,
          6,
          7,
          8,
          9,
          10,
          11,
          12,
          13,
          14,
          15,
          16,
          17,
          18,
          19,
          20,
          21,
          22,
          23,
          24,
          25,
          26,
          27,
          28,
          29,
          30,
          31
        ],
        "fingerprint": "25cc8cd8a6360c41",
        "length": 256,
        "owner_tier": 0,
        "request": "d2.r3",
        "segment_index": 4
      },
      {
        "cache_owner": "d0.r0",
        "epic_prefix_rows": [
          0,
          1,
          2,
          3,
          4,
          5,
          6,
          7,
          8,
          9,
          10,
          11,
          12,
          13,
          14,
          15,
          16,
          17,
          18,
          19,
          20,
          21,
          22,
          23,
          24,
          25,
          26,
          27,
          28,
          29,
          30,
          31
        ],
        "fingerprint": "a24d833ce77269fd",
        "length": 256,
        "owner_tier": 0,
        "request": "d2.r3",
        "segment_index": 5
      },
      {
        "cache_owner": "d0.r0",
        "epic_prefix_rows": [
          0,
          1,
          2,
          3,
          4,
          5,
          6,
          7,
          8,
          9,
          10,
          11,
          12,
          13,
          14,
          15,
          16,
          17,
          18,
          19,
          20,
          21,
          22,
          23,
          24,
          25,
          26,
          27,
          28,
          29,
          30,
          31
        ],
        "fingerprint": "71c190096acd6433",
        "length": 256,
        "owner_tier": 0,
        "request": "d2.r3",
        "segment_index": 6
      },
      {
        "cache_owner": "d0.r0",
        "epic_prefix_rows": [
          0,
          1,
          2,
          3,
          4,
          5,
          6,
          7,
          8,
          9,
          10,
          11,
          12,
          13,
          14,
          15,
          16,
          17,
          18,
          19,
          20,
          21,
          22,
          23,
          24,
          25,
          26,
          27,
          28,
          29,
          30,
          31
        ],
        "fingerprint": "fef361162327d754",
        "length": 256,
        "owner_tier": 0,
        "request": "d2.r3",
        "segment_index": 7
      },
      {
        "cache_owner": "d0.r0",
        "epic_prefix_rows": [
          0,
          1,
          2,
          3,
          4,
          5,
          6,
          7,
          8,
          9,
          10,
          11,
          12,
          13,
          14,
          15,
          16,
          17,
          18,
          19,
          20,
          21,
          22,
          23,
          24,
          25,
          26,
          27,
          28,
          29,
          30,
          31
        ],
        "fingerprint": "276d06962ab722d7",
        "length": 256,
        "owner_tier": 0,
        "request": "d2.r3",
        "segment_index": 8
      },
      {
        "cache_owner": "d0.r0",
        "epic_prefix_rows": [
          0,
          1,
          2,
          3,
          4,
          5,
          6,
          7,
          8,
          9,
          10,
          11,
          12,
          13,
          14,
          15,
          16,
          17,
          18,
          19,
          20,
          21,
          22,
          23,
          24,
          25,
          26,
          27,
          28,
          29,
          30,
          31
        ],
        "fingerprint": "7e73ece24bb93834",
        "length": 256,
        "owner_tier": 0,
        "request": "d2.r3",
        "segment_index": 9
      },
      {
        "cache_owner": "d0.r0",
        "epic_prefix_rows": [
          0,
          1,
          2,
          3,
          4,
          5,
          6,
          7,
          8,
          9,
          10,
          11,
          12,
          13,
          14,
          15,
          16,
          17,
          18,
          19,
          20,
          21,
          22,
          23,
          24,
          25,
          26,
          27,
          28,
          29,
          30,
          31
        ],
        "fingerprint": "a8850a73c2483934",
        "length": 256,
        "owner_tier": 0,
        "request": "d2.r3",
        "segment_index": 10
      },
      {
        "cache_owner": "d0.r0",
        "epic_prefix_rows": [
          0,
          1,
          2,
          3,
          4,
          5,
          6,
          7,
          8,
          9,
          10,
          11,
          12,
          13,
          14,
          15,
          16,
          17,
          18,
          19,
          20,
          21,
          22,
          23,
          24,
          25,
          26,
          27,
          28,
          29,
          30,
          31
        ],
        "fingerprint": "a4093c0243d9f211",
        "length": 256,
        "owner_tier": 0,
        "request": "d2.r3",
        "segment_index": 11
      },
      {
        "cache_owner": "d0.r0",
        "epic_prefix_rows": [
          0,
          1,
          2,
          3,
          4,
          5,
          6,
          7,
          8,
          9,
          10,
          11,
          12,
          13,
          14,
          15,
          16,
          17,
          18,
          19,
          20,
          21,
          22,
          23,
          24,
          25,
          26,
          27,
          28,
          29,
          30,
          31
        ],
        "fingerprint": "254bfc97b06ef560",
        "length": 256,
        "owner_tier": 0,
        "request": "d2.r3",
        "segment_index": 12
      },
      {
        "cache_owner": "d0.r1",
        "epic_prefix_rows": [],
        "fingerprint": "6c05d74d66e75323",
        "length": 256,
        "owner_tier": 1,
        "request": "d2.r3",
        "segment_index": 13
      },
      {
        "cache_owner": "d0.r1",
        "epic_prefix_rows": [],
        "fingerprint": "9be32fe2c99887d1",
        "length": 256,
        "owner_tier": 1,
        "request": "d2.r3",
        "segment_index": 14
      },
      {
        "cache_owner": "d0.r1",
        "epic_prefix_rows": [],
        "fingerprint": "3fd8b144566f43ed",
        "length": 256,
        "owner_tier": 1,
        "request": "d2.r3",
        "segment_index": 15
      },
      {
        "cache_owner": "d0.r1",
        "epic_prefix_rows": [],
        "fingerprint": "30f09964a80d8f65",
        "length": 256,
        "owner_tier": 1,
        "request": "d2.r3",
        "segment_index": 16
      },
      {
        "cache_owner": "d0.r1",
        "epic_prefix_rows": [],
        "fingerprint": "74370d13c71ff044",
        "length": 256,
        "owner_tier": 1,
        "request": "d2.r3",
        "segment_index": 17
      },
      {
        "cache_owner": "d0.r1",
        "epic_prefix_rows": [],
        "fingerprint": "b98480609ff92086",
        "length": 256,
        "owner_tier": 1,
        "request": "d2.r3",
        "segment_index": 18
      },
      {
        "cache_owner": "d0.r1",
        "epic_prefix_rows": [],
        "fingerprint": "e27085abc1aa49a7",
        "length": 256,
        "owner_tier": 1,
        "request": "d2.r3",
        "segment_index": 19
      },
      {
        "cache_owner": "d0.r1",
        "epic_prefix_rows": [],
        "fingerprint": "cb30bf30b7b7b133",
        "length": 256,
        "owner_tier": 1,
        "request": "d2.r3",
        "segment_index": 20
      },
      {
        "cache_owner": "d0.r1",
        "epic_prefix_rows": [],
        "fingerprint": "4f6a58a7e21f2e4f",
        "length": 256,
        "owner_tier": 1,
        "request": "d2.r3",
        "segment_index": 21
      },
      {
        "cache_owner": "d0.r1",
        "epic_prefix_rows": [],
        "fingerprint": "2ef42bc347ac5ea9",
        "length": 256,
        "owner_tier": 1,
        "request": "d2.r3",
        "segment_index": 22
      },
      {
        "cache_owner": "d0.r2",
        "epic_prefix_rows": [],
        "fingerprint": "56f7715442fdf966",
        "length": 256,
        "owner_tier": 2,
        "request": "d2.r3",
        "segment_index": 23
      },
      {
        "cache_owner": "d0.r2",
        "epic_prefix_rows": [],
        "fingerprint": "69931b25dbad9d62",
        "length": 256,
        "owner_tier": 2,
        "request": "d2.r3",
        "segment_index": 24
      },
      {
        "cache_owner": "d0.r2",
        "epic_prefix_rows": [],
        "fingerprint": "68adf7d53a6d43ad",
        "length": 256,
        "owner_tier": 2,
        "request": "d2.r3",
        "segment_index": 25
      },
      {
        "cache_owner": "d0.r2",
        "epic_prefix_rows": [],
        "fingerprint": "025ec3a8491dfa52",
        "length": 256,
        "owner_tier": 2,
        "request": "d2.r3",
        "segment_index": 26
      },
      {
        "cache_owner": "d0.r2",
        "epic_prefix_rows": [],
        "fingerprint": "5f0fb92071edefba",
        "length": 256,
        "owner_tier": 2,
        "request": "d2.r3",
        "segment_index": 27
      },
      {
        "cache_owner": "d0.r2",
        "epic_prefix_rows": [],
        "fingerprint": "3798fae9eeb921ba",
        "length": 256,
        "owner_tier": 2,
        "request": "d2.r3",
        "segment_index": 28
      },
      {
        "cache_owner": "d0.r2",
        "epic_prefix_rows": [],
        "fingerprint": "05841ec733057ecb",
        "length": 256,
        "owner_tier": 2,
        "request": "d2.r3",
        "segment_index": 29
      },
      {
        "cache_owner": "d0.r2",
        "epic_prefix_rows": [],
        "fingerprint": "53d05282294c6bc4",
        "length": 256,
        "owner_tier": 2,
        "request": "d2.r3",
        "segment_index": 30
      },
      {
        "cache_owner": "d0.r2",
        "epic_prefix_rows": [],
        "fingerprint": "808907b51f157d1b",
        "length": 256,
        "owner_tier": 2,
        "request": "d2.r3",
        "segment_index": 31
      },
      {
        "cache_owner": "d0.r2",
        "epic_prefix_rows": [],
        "fingerprint": "a9736e94ffa61392",
        "length": 256,
        "owner_tier": 2,
        "request": "d2.r3",
        "segment_index": 32
      },
      {
        "cache_owner": "d0.r3",
        "epic_prefix_rows": [],
        "fingerprint": "45ae2eb61fca9159",
        "length": 256,
        "owner_tier": 3,
        "request": "d2.r3",
        "segment_index": 33
      },
      {
        "cache_owner": "d0.r3",
        "epic_prefix_rows": [],
        "fingerprint": "9be82bb1e1d51b15",
        "length": 256,
        "owner_tier": 3,
        "request": "d2.r3",
        "segment_index": 34
      },
      {
        "cache_owner": "d0.r3",
        "epic_prefix_rows": [],
        "fingerprint": "d3796ec8297d8d49",
        "length": 256,
        "owner_tier": 3,
        "request": "d2.r3",
        "segment_index": 35
      },
      {
        "cache_owner": "d0.r3",
        "epic_prefix_rows": [],
        "fingerprint": "e3ffc60c3ad64676",
        "length": 256,
        "owner_tier": 3,
        "request": "d2.r3",
        "segment_index": 36
      },
      {
        "cache_owner": "d0.r3",
        "epic_prefix_rows": [],
        "fingerprint": "55558bd9eec583a5",
        "length": 256,
        "owner_tier": 3,
        "request": "d2.r3",
        "segment_index": 37
      },
      {
        "cache_owner": "d0.r3",
        "epic_prefix_rows": [],
        "fingerprint": "e4cfa02c32aa48d8",
        "length": 256,
        "owner_tier": 3,
        "request": "d2.r3",
        "segment_index": 38
      },
      {
        "cache_owner": "d0.r3",
        "epic_prefix_rows": [],
        "fingerprint": "b0968f7aa0a748da",
        "length": 256,
        "owner_tier": 3,
        "request": "d2.r3",
        "segment_index": 39
      },
      {
        "cache_owner": "d0.r3",
        "epic_prefix_rows": [],
        "fingerprint": "d0decf1f69183f96",
        "length": 256,
        "owner_tier": 3,
        "request": "d2.r3",
        "segment_index": 40
      },
      {
        "cache_owner": "d0.r3",
        "epic_prefix_rows": [],
        "fingerprint": "bacbc23f57604927",
        "length": 256,
        "owner_tier": 3,
        "request": "d2.r3",
        "segment_index": 41
      },
      {
        "cache_owner": "d0.r3",
        "epic_prefix_rows": [],
        "fingerprint": "6378b20604fceaf0",
        "length": 256,
        "owner_tier": 3,
        "request": "d2.r3",
        "segment_index": 42
      },
      {
        "cache_owner": "d0.r3",
        "epic_prefix_rows": [
          0,
          1,
          2,
          3,
          4,
          5,
          6,
          7,
          8,
          9,
          10,
          11,
          12,
          13,
          14,
          15,
          16,
          17,
          18,
          19,
          20,
          21,
          22,
          23,
          24,
          25,
          26,
          27,
          28,
          29,
          30,
          31
        ],
        "fingerprint": "f2dd829b844ba0ed",
        "length": 256,
        "owner_tier": 3,
        "request": "d0.r4",
        "segment_index": 0
      },
      {
        "cache_owner": "d0.r0",
        "epic_prefix_rows": [
          0,
          1,
          2,
          3,
          4,
          5,
          6,
          7,
          8,
          9,
          10,
          11,
          12,
          13,
          14,
          15,
          16,
          17,
          18,
          19,
          20,
          21,
          22,
          23,
          24,
          25,
          26,
          27,
          28,
          29,
          30,
          31
        ],
        "fingerprint": "173f77422b3aca6e",
        "length": 256,
        "owner_tier": 0,
        "request": "d0.r4",
        "segment_index": 3
      },
      {
        "cache_owner": "d0.r0",
        "epic_prefix_rows": [
          0,
          1,
          2,
          3,
          4,
          5,
          6,
          7,
          8,
          9,
          10,
          11,
          12,
          13,
          14,
          15,
          16,
          17,
          18,
          19,
          20,
          21,
          22,
          23,
          24,
          25,
          26,
          27,
          28,
          29,
          30,
          31
        ],
        "fingerprint": "25cc8cd8a6360c41",
        "length": 256,
        "owner_tier": 0,
        "request": "d0.r4",
        "segment_index": 4
      },
      {
        "cache_owner": "d0.r0",
        "epic_prefix_rows": [
          0,
          1,
          2,
          3,
          4,
          5,
          6,
          7,
          8,
          9,
          10,
          11,
          12,
          13,
          14,
          15,
          16,
          17,
          18,
          19,
          20,
          21,
          22,
          23,
          24,
          25,
          26,
          27,
          28,
          29,
          30,
          31
        ],
        "fingerprint": "a24d833ce77269fd",
        "length": 256,
        "owner_tier": 0,
        "request": "d0.r4",
        "segment_index": 5
      },
      {
        "cache_owner": "d0.r0",
        "epic_prefix_rows": [
          0,
          1,
          2,
          3,
          4,
          5,
          6,
          7,
          8,
          9,
          10,
          11,
          12,
          13,
          14,
          15,
          16,
          17,
          18,
          19,
          20,
          21,
          22,
          23,
          24,
          25,
          26,
          27,
          28,
          29,
          30,
          31
        ],
        "fingerprint": "71c190096acd6433",
        "length": 256,
        "owner_tier": 0,
        "request": "d0.r4",
        "segment_index": 6
      },
      {
        "cache_owner": "d0.r0",
        "epic_prefix_rows": [
          0,
          1,
          2,
          3,
          4,
          5,
          6,
          7,
          8,
          9,
          10,
          11,
          12,
          13,
          14,
          15,
          16,
          17,
          18,
          19,
          20,
          21,
          22,
          23,
          24,
          25,
          26,
          27,
          28,
          29,
          30,
          31
        ],
        "fingerprint": "fef361162327d754",
        "length": 256,
        "owner_tier": 0,
        "request": "d0.r4",
        "segment_index": 7
      },
      {
        "cache_owner": "d0.r0",
        "epic_prefix_rows": [
          0,
          1,
          2,
          3,
          4,
          5,
          6,
          7,
          8,
          9,
          10,
          11,
          12,
          13,
          14,
          15,
          16,
          17,
          18,
          19,
          20,
          21,
          22,
          23,
          24,
          25,
          26,
          27,
          28,
          29,
          30,
          31
        ],
        "fingerprint": "276d06962ab722d7",
        "length": 256,
        "owner_tier": 0,
        "request": "d0.r4",
        "segment_index": 8
      },
      {
        "cache_owner": "d0.r0",
        "epic_prefix_rows": [
          0,
          1,
          2,
          3,
          4,
          5,
          6,
          7,
          8,
          9,
          10,
          11,
          12,
          13,
          14,
          15,
          16,
          17,
          18,
          19,
          20,
          21,
          22,
          23,
          24,
          25,
          26,
          27,
          28,
          29,
          30,
          31
        ],
        "fingerprint": "7e73ece24bb93834",
        "length": 256,
        "owner_tier": 0,
        "request": "d0.r4",
        "segment_index": 9
      },
      {
        "cache_owner": "d0.r0",
        "epic_prefix_rows": [
          0,
          1,
          2,
          3,
          4,
          5,
          6,
          7,
          8,
          9,
          10,
          11,
          12,
          13,
          14,
          15,
          16,
          17,
          18,
          19,
          20,
          21,
          22,
          23,
          24,
          25,
          26,
          27,
          28,
          29,
          30,
          31
        ],
        "fingerprint": "a8850a73c2483934",
        "length": 256,
        "owner_tier": 0,
        "request": "d0.r4",
        "segment_index": 10
      },
      {
        "cache_owner": "d0.r0",
        "epic_prefix_rows": [
          0,
          1,
          2,
          3,
          4,
          5,
          6,
          7,
          8,
          9,
          10,
          11,
          12,
          13,
          14,
          15,
          16,
          17,
          18,
          19,
          20,
          21,
          22,
          23,
          24,
          25,
          26,
          27,
          28,
          29,
          30,
          31
        ],
        "fingerprint": "a4093c0243d9f211",
        "length": 256,
        "owner_tier": 0,
        "request": "d0.r4",
        "segment_index": 11
      },
      {
        "cache_owner": "d0.r0",
        "epic_prefix_rows": [
          0,
          1,
          2,
          3,
          4,
          5,
          6,
          7,
          8,
          9,
          10,
          11,
          12,
          13,
          14,
          15,
          16,
          17,
          18,
          19,
          20,
          21,
          22,
          23,
          24,
          25,
          26,
          27,
          28,
          29,
          30,
          31
        ],
        "fingerprint": "254bfc97b06ef560",
        "length": 256,
        "owner_tier": 0,
        "request": "d0.r4",
        "segment_index": 12
      },
      {
        "cache_owner": "d0.r1",
        "epic_prefix_rows": [],
        "fingerprint": "6c05d74d66e75323",
        "length": 256,
        "owner_tier": 1,
        "request": "d0.r4",
        "segment_index": 13
      },
      {
        "cache_owner": "d0.r1",
        "epic_prefix_rows": [],
        "fingerprint": "9be32fe2c99887d1",
        "length": 256,
        "owner_tier": 1,
        "request": "d0.r4",
        "segment_index": 14
      },
      {
        "cache_owner": "d0.r1",
        "epic_prefix_rows": [],
        "fingerprint": "3fd8b144566f43ed",
        "length": 256,
        "owner_tier": 1,
        "request": "d0.r4",
        "segment_index": 15
      },
      {
        "cache_owner": "d0.r1",
        "epic_prefix_rows": [],
        "fingerprint": "30f09964a80d8f65",
        "length": 256,
        "owner_tier": 1,
        "request": "d0.r4",
        "segment_index": 16
      },
      {
        "cache_owner": "d0.r1",
        "epic_prefix_rows": [],
        "fingerprint": "74370d13c71ff044",
        "length": 256,
        "owner_tier": 1,
        "request": "d0.r4",
        "segment_index": 17
      },
      {
        "cache_owner": "d0.r1",
        "epic_prefix_rows": [],
        "fingerprint": "b98480609ff92086",
        "length": 256,
        "owner_tier": 1,
        "request": "d0.r4",
        "segment_index": 18
      },
      {
        "cache_owner": "d0.r1",
        "epic_prefix_rows": [],
        "fingerprint": "e27085abc1aa49a7",
        "length": 256,
        "owner_tier": 1,
        "request": "d0.r4",
        "segment_index": 19
      },
      {
        "cache_owner": "d0.r1",
        "epic_prefix_rows": [],
        "fingerprint": "cb30bf30b7b7b133",
        "length": 256,
        "owner_tier": 1,
        "request": "d0.r4",
        "segment_index": 20
      },
      {
        "cache_owner": "d0.r1",
        "epic_prefix_rows": [],
        "fingerprint": "4f6a58a7e21f2e4f",
        "length": 256,
        "owner_tier": 1,
        "request": "d0.r4",
        "segment_index": 21
      },
      {
        "cache_owner": "d0.r1",
        "epic_prefix_rows": [],
        "fingerprint": "2ef42bc347ac5ea9",
        "length": 256,
        "owner_tier": 1,
        "request": "d0.r4",
        "segment_index": 22
      },
      {
        "cache_owner": "d0.r2",
        "epic_prefix_rows": [],
        "fingerprint": "56f7715442fdf966",
        "length": 256,
        "owner_tier": 2,
        "request": "d0.r4",
        "segment_index": 23
      },
      {
        "cache_owner": "d0.r2",
        "epic_prefix_rows": [],
        "fingerprint": "69931b25dbad9d62",
        "length": 256,
        "owner_tier": 2,
        "request": "d0.r4",
        "segment_index": 24
      },
      {
        "cache_owner": "d0.r2",
        "epic_prefix_rows": [],
        "fingerprint": "68adf7d53a6d43ad",
        "length": 256,
        "owner_tier": 2,
        "request": "d0.r4",
        "segment_index": 25
      },
      {
        "cache_owner": "d0.r2",
        "epic_prefix_rows": [],
        "fingerprint": "025ec3a8491dfa52",
        "length": 256,
        "owner_tier": 2,
        "request": "d0.r4",
        "segment_index": 26
      },
      {
        "cache_owner": "d0.r2",
        "epic_prefix_rows": [],
        "fingerprint": "5f0fb92071edefba",
        "length": 256,
        "owner_tier": 2,
        "request": "d0.r4",
        "segment_index": 27
      },
      {
        "cache_owner": "d0.r2",
        "epic_prefix_rows": [],
        "fingerprint": "3798fae9eeb921ba",
        "length": 256,
        "owner_tier": 2,
        "request": "d0.r4",
        "segment_index": 28
      },
      {
        "cache_owner": "d0.r2",
        "epic_prefix_rows": [],
        "fingerprint": "05841ec733057ecb",
        "length": 256,
        "owner_tier": 2,
        "request": "d0.r4",
        "segment_index": 29
      },
      {
        "cache_owner": "d0.r2",
        "epic_prefix_rows": [],
        "fingerprint": "53d05282294c6bc4",
        "length": 256,
        "owner_tier": 2,
        "request": "d0.r4",
        "segment_index": 30
      },
      {
        "cache_owner": "d0.r2",
        "epic_prefix_rows": [],
        "fingerprint": "808907b51f157d1b",
        "length": 256,
        "owner_tier": 2,
        "request": "d0.r4",
        "segment_index": 31
      },
      {
        "cache_owner": "d0.r2",
        "epic_prefix_rows": [],
        "fingerprint": "a9736e94ffa61392",
        "length": 256,
        "owner_tier": 2,
        "request": "d0.r4",
        "segment_index": 32
      },
      {
        "cache_owner": "d0.r3",
        "epic_prefix_rows": [],
        "fingerprint": "45ae2eb61fca9159",
        "length": 256,
        "owner_tier": 3,
        "request": "d0.r4",
        "segment_index": 33
      },
      {
        "cache_owner": "d0.r3",
        "epic_prefix_rows": [],
        "fingerprint": "9be82bb1e1d51b15",
        "length": 256,
        "owner_tier": 3,
        "request": "d0.r4",
        "segment_index": 34
      },
      {
        "cache_owner": "d0.r3",
        "epic_prefix_rows": [],
        "fingerprint": "d3796ec8297d8d49",
        "length": 256,
        "owner_tier": 3,
        "request": "d0.r4",
        "segment_index": 35
      },
      {
        "cache_owner": "d0.r3",
        "epic_prefix_rows": [],
        "fingerprint": "e3ffc60c3ad64676",
        "length": 256,
        "owner_tier": 3,
        "request": "d0.r4",
        "segment_index": 36
      },
      {
        "cache_owner": "d0.r3",
        "epic_prefix_rows": [],
        "fingerprint": "55558bd9eec583a5",
        "length": 256,
        "owner_tier": 3,
        "request": "d0.r4",
        "segment_index": 37
      },
      {
        "cache_owner": "d0.r3",
        "epic_prefix_rows": [],
        "fingerprint": "e4cfa02c32aa48d8",
        "length": 256,
        "owner_tier": 3,
        "request": "d0.r4",
        "segment_index": 38
      },
      {
        "cache_owner": "d0.r3",
        "epic_prefix_rows": [],
        "fingerprint": "b0968f7aa0a748da",
        "length": 256,
        "owner_tier": 3,
        "request": "d0.r4",
        "segment_index": 39
      },
      {
        "cache_owner": "d0.r3",
        "epic_prefix_rows": [],
        "fingerprint": "d0decf1f69183f96",
        "length": 256,
        "owner_tier": 3,
        "request": "d0.r4",
        "segment_index": 40
      },
      {
        "cache_owner": "d0.r3",
        "epic_prefix_rows": [],
        "fingerprint": "bacbc23f57604927",
        "length": 256,
        "owner_tier": 3,
        "request": "d0.r4",
        "segment_index": 41
      },
      {
        "cache_owner": "d0.r3",
        "epic_prefix_rows": [],
        "fingerprint": "6378b20604fceaf0",
        "length": 256,
        "owner_tier": 3,
        "request": "d0.r4",
        "segment_index": 42
      },
      {
        "cache_owner": "d1.r3",
        "epic_prefix_rows": [
          0,
          1,
          2,
          3,
          4,
          5,
          6,
          7,
          8,
          9,
          10,
          11,
          12,
          13,
          14,
          15,
          16,
          17,
          18,
          19,
          20,
          21,
          22,
          23,
          24,
          25,
          26,
          27,
          28,
          29,
          30,
          31
        ],
        "fingerprint": "1dfa921d3d2f2857",
        "length": 256,
        "owner_tier": 3,
        "request": "d1.r4",
        "segment_index": 0
      },
      {
        "cache_owner": "d0.r4",
        "epic_prefix_rows": [],
        "fingerprint": "ca02ac4389b731ae",
        "length": 256,
        "owner_tier": 4,
        "request": "d1.r4",
        "segment_index": 2
      },
      {
        "cache_owner": "d0.r0",
        "epic_prefix_rows": [
          0,
          1,
          2,
          3,
          4,
          5,
          6,
          7,
          8,
          9,
          10,
          11,
          12,
          13,
          14,
          15,
          16,
          17,
          18,
          19,
          20,
          21,
          22,
          23,
          24,
          25,
          26,
          27,
          28,
          29,
          30,
          31
        ],
        "fingerprint": "173f77422b3aca6e",
        "length": 256,
        "owner_tier": 0,
        "request": "d1.r4",
        "segment_index": 3
      },
      {
        "cache_owner": "d0.r0",
        "epic_prefix_rows": [
          0,
          1,
          2,
          3,
          4,
          5,
          6,
          7,
          8,
          9,
          10,
          11,
          12,
          13,
          14,
          15,
          16,
          17,
          18,
          19,
          20,
          21,
          22,
          23,
          24,
          25,
          26,
          27,
          28,
          29,
          30,
          31
        ],
        "fingerprint": "25cc8cd8a6360c41",
        "length": 256,
        "owner_tier": 0,
        "request": "d1.r4",
        "segment_index": 4
      },
      {
        "cache_owner": "d0.r0",
        "epic_prefix_rows": [
          0,
          1,
          2,
          3,
          4,
          5,
          6,
          7,
          8,
          9,
          10,
          11,
          12,
          13,
          14,
          15,
          16,
          17,
          18,
          19,
          20,
          21,
          22,
          23,
          24,
          25,
          26,
          27,
          28,
          29,
          30,
          31
        ],
        "fingerprint": "a24d833ce77269fd",
        "length": 256,
        "owner_tier": 0,
        "request": "d1.r4",
        "segment_index": 5
      },
      {
        "cache_owner": "d0.r0",
        "epic_prefix_rows": [
          0,
          1,
          2,
          3,
          4,
          5,
          6,
          7,
          8,
          9,
          10,
          11,
          12,
          13,
          14,
          15,
          16,
          17,
          18,
          19,
          20,
          21,
          22,
          23,
          24,
          25,
          26,
          27,
          28,
          29,
          30,
          31
        ],
        "fingerprint": "71c190096acd6433",
        "length": 256,
        "owner_tier": 0,
        "request": "d1.r4",
        "segment_index": 6
      },
      {
        "cache_owner": "d0.r0",
        "epic_prefix_rows": [
          0,
          1,
          2,
          3,
          4,
          5,
          6,
          7,
          8,
          9,
          10,
          11,
          12,
          13,
          14,
          15,
          16,
          17,
          18,
          19,
          20,
          21,
          22,
          23,
          24,
          25,
          26,
          27,
          28,
          29,
          30,
          31
        ],
        "fingerprint": "fef361162327d754",
        "length": 256,
        "owner_tier": 0,
        "request": "d1.r4",
        "segment_index": 7
      },
      {
        "cache_owner": "d0.r0",
        "epic_prefix_rows": [
          0,
          1,
          2,
          3,
          4,
          5,
          6,
          7,
          8,
          9,
          10,
          11,
          12,
          13,
          14,
          15,
          16,
          17,
          18,
          19,
          20,
          21,
          22,
          23,
          24,
          25,
          26,
          27,
          28,
          29,
          30,
          31
        ],
        "fingerprint": "276d06962ab722d7",
        "length": 256,
        "owner_tier": 0,
        "request": "d1.r4",
        "segment_index": 8
      },
      {
        "cache_owner": "d0.r0",
        "epic_prefix_rows": [
          0,
          1,
          2,
          3,
          4,
          5,
          6,
          7,
          8,
          9,
          10,
          11,
          12,
          13,
          14,
          15,
          16,
          17,
          18,
          19,
          20,
          21,
          22,
          23,
          24,
          25,
          26,
          27,
          28,
          29,
          30,
          31
        ],
        "fingerprint": "7e73ece24bb93834",
        "length": 256,
        "owner_tier": 0,
        "request": "d1.r4",
        "segment_index": 9
      },
      {
        "cache_owner": "d0.r0",
        "epic_prefix_rows": [
          0,
          1,
          2,
          3,
          4,
          5,
          6,
          7,
          8,
          9,
          10,
          11,
          12,
          13,
          14,
          15,
          16,
          17,
          18,
          19,
          20,
          21,
          22,
          23,
          24,
          25,
          26,
          27,
          28,
          29,
          30,
          31
        ],
        "fingerprint": "a8850a73c2483934",
        "length": 256,
        "owner_tier": 0,
        "request": "d1.r4",
        "segment_index": 10
      },
      {
        "cache_owner": "d0.r0",
        "epic_prefix_rows": [
          0,
          1,
          2,
          3,
          4,
          5,
          6,
          7,
          8,
          9,
          10,
          11,
          12,
          13,
          14,
          15,
          16,
          17,
          18,
          19,
          20,
          21,
          22,
          23,
          24,
          25,
          26,
          27,
          28,
          29,
          30,
          31
        ],
        "fingerprint": "a4093c0243d9f211",
        "length": 256,
        "owner_tier": 0,
        "request": "d1.r4",
        "segment_index": 11
      },
      {
        "cache_owner": "d0.r0",
        "epic_prefix_rows": [
          0,
          1,
          2,
          3,
          4,
          5,
          6,
          7,
          8,
          9,
          10,
          11,
          12,
          13,
          14,
          15,
          16,
          17,
          18,
          19,
          20,
          21,
          22,
          23,
          24,
          25,
          26,
          27,
          28,
          29,
          30,
          31
        ],
        "fingerprint": "254bfc97b06ef560",
        "length": 256,
        "owner_tier": 0,
        "request": "d1.r4",
        "segment_index": 12
      },
      {
        "cache_owner": "d0.r1",
        "epic_prefix_rows": [],
        "fingerprint": "6c05d74d66e75323",
        "length": 256,
        "owner_tier": 1,
        "request": "d1.r4",
        "segment_index": 13
      },
      {
        "cache_owner": "d0.r1",
        "epic_prefix_rows": [],
        "fingerprint": "9be32fe2c99887d1",
        "length": 256,
        "owner_tier": 1,
        "request": "d1.r4",
        "segment_index": 14
      },
      {
        "cache_owner": "d0.r1",
        "epic_prefix_rows": [],
        "fingerprint": "3fd8b144566f43ed",
        "length": 256,
        "owner_tier": 1,
        "request": "d1.r4",
        "segment_index": 15
      },
      {
        "cache_owner": "d0.r1",
        "epic_prefix_rows": [],
        "fingerprint": "30f09964a80d8f65",
        "length": 256,
        "owner_tier": 1,
        "request": "d1.r4",
        "segment_index": 16
      },
      {
        "cache_owner": "d0.r1",
        "epic_prefix_rows": [],
        "fingerprint": "74370d13c71ff044",
        "length": 256,
        "owner_tier": 1,
        "request": "d1.r4",
        "segment_index": 17
      },
      {
        "cache_owner": "d0.r1",
        "epic_prefix_rows": [],
        "fingerprint": "b98480609ff92086",
        "length": 256,
        "owner_tier": 1,
        "request": "d1.r4",
        "segment_index": 18
      },
      {
        "cache_owner": "d0.r1",
        "epic_prefix_rows": [],
        "fingerprint": "e27085abc1aa49a7",
        "length": 256,
        "owner_tier": 1,
        "request": "d1.r4",
        "segment_index": 19
      },
      {
        "cache_owner": "d0.r1",
        "epic_prefix_rows": [],
        "fingerprint": "cb30bf30b7b7b133",
        "length": 256,
        "owner_tier": 1,
        "request": "d1.r4",
        "segment_index": 20
      },
      {
        "cache_owner": "d0.r1",
        "epic_prefix_rows": [],
        "fingerprint": "4f6a58a7e21f2e4f",
        "length": 256,
        "owner_tier": 1,
        "request": "d1.r4",
        "segment_index": 21
      },
      {
        "cache_owner": "d0.r1",
        "epic_prefix_rows": [],
        "fingerprint": "2ef42bc347ac5ea9",
        "length": 256,
        "owner_tier": 1,
        "request": "d1.r4",
        "segment_index": 22
      },
      {
        "cache_owner": "d0.r2",
        "epic_prefix_rows": [],
        "fingerprint": "56f7715442fdf966",
        "length": 256,
        "owner_tier": 2,
        "request": "d1.r4",
        "segment_index": 23
      },
      {
        "cache_owner": "d0.r2",
        "epic_prefix_rows": [],
        "fingerprint": "69931b25dbad9d62",
        "length": 256,
        "owner_tier": 2,
        "request": "d1.r4",
        "segment_index": 24
      },
      {
        "cache_owner": "d0.r2",
        "epic_prefix_rows": [],
        "fingerprint": "68adf7d53a6d43ad",
        "length": 256,
        "owner_tier": 2,
        "request": "d1.r4",
        "segment_index": 25
      },
      {
        "cache_owner": "d0.r2",
        "epic_prefix_rows": [],
        "fingerprint": "025ec3a8491dfa52",
        "length": 256,
        "owner_tier": 2,
        "request": "d1.r4",
        "segment_index": 26
      },
      {
        "cache_owner": "d0.r2",
        "epic_prefix_rows": [],
        "fingerprint": "5f0fb92071edefba",
        "length": 256,
        "owner_tier": 2,
        "request": "d1.r4",
        "segment_index": 27
      },
      {
        "cache_owner": "d0.r2",
        "epic_prefix_rows": [],
        "fingerprint": "3798fae9eeb921ba",
        "length": 256,
        "owner_tier": 2,
        "request": "d1.r4",
        "segment_index": 28
      },
      {
        "cache_owner": "d0.r2",
        "epic_prefix_rows": [],
        "fingerprint": "05841ec733057ecb",
        "length": 256,
        "owner_tier": 2,
        "request": "d1.r4",
        "segment_index": 29
      },
      {
        "cache_owner": "d0.r2",
        "epic_prefix_rows": [],
        "fingerprint": "53d05282294c6bc4",
        "length": 256,
        "owner_tier": 2,
        "request": "d1.r4",
        "segment_index": 30
      },
      {
        "cache_owner": "d0.r2",
        "epic_prefix_rows": [],
        "fingerprint": "808907b51f157d1b",
        "length": 256,
        "owner_tier": 2,
        "request": "d1.r4",
        "segment_index": 31
      },
      {
        "cache_owner": "d0.r2",
        "epic_prefix_rows": [],
        "fingerprint": "a9736e94ffa61392",
        "length": 256,
        "owner_tier": 2,
        "request": "d1.r4",
        "segment_index": 32
      },
      {
        "cache_owner": "d0.r3",
        "epic_prefix_rows": [],
        "fingerprint": "45ae2eb61fca9159",
        "length": 256,
        "owner_tier": 3,
        "request": "d1.r4",
        "segment_index": 33
      },
      {
        "cache_owner": "d0.r3",
        "epic_prefix_rows": [],
        "fingerprint": "9be82bb1e1d51b15",
        "length": 256,
        "owner_tier": 3,
        "request": "d1.r4",
        "segment_index": 34
      },
      {
        "cache_owner": "d0.r3",
        "epic_prefix_rows": [],
        "fingerprint": "d3796ec8297d8d49",
        "length": 256,
        "owner_tier": 3,
        "request": "d1.r4",
        "segment_index": 35
      },
      {
        "cache_owner": "d0.r3",
        "epic_prefix_rows": [],
        "fingerprint": "e3ffc60c3ad64676",
        "length": 256,
        "owner_tier": 3,
        "request": "d1.r4",
        "segment_index": 36
      },
      {
        "cache_owner": "d0.r3",
        "epic_prefix_rows": [],
        "fingerprint": "55558bd9eec583a5",
        "length": 256,
        "owner_tier": 3,
        "request": "d1.r4",
        "segment_index": 37
      },
      {
        "cache_owner": "d0.r3",
        "epic_prefix_rows": [],
        "fingerprint": "e4cfa02c32aa48d8",
        "length": 256,
        "owner_tier": 3,
        "request": "d1.r4",
        "segment_index": 38
      },
      {
        "cache_owner": "d0.r3",
        "epic_prefix_rows": [],
        "fingerprint": "b0968f7aa0a748da",
        "length": 256,
        "owner_tier": 3,
        "request": "d1.r4",
        "segment_index": 39
      },
      {
        "cache_owner": "d0.r3",
        "epic_prefix_rows": [],
        "fingerprint": "d0decf1f69183f96",
        "length": 256,
        "owner_tier": 3,
        "request": "d1.r4",
        "segment_index": 40
      },
      {
        "cache_owner": "d0.r3",
        "epic_prefix_rows": [],
        "fingerprint": "bacbc23f57604927",
        "length": 256,
        "owner_tier": 3,
        "request": "d1.r4",
        "segment_index": 41
      },
      {
        "cache_owner": "d0.r3",
        "epic_prefix_rows": [],
        "fingerprint": "6378b20604fceaf0",
        "length": 256,
        "owner_tier": 3,
        "request": "d1.r4",
        "segment_index": 42
      },
      {
        "cache_owner": "d0.r4",
        "epic_prefix_rows": [],
        "fingerprint": "40bc15a1ab7a0516",
        "length": 256,
        "owner_tier": 4,
        "request": "d1.r4",
        "segment_index": 43
      },
      {
        "cache_owner": "d0.r4",
        "epic_prefix_rows": [],
        "fingerprint": "663a1ce24690318b",
        "length": 256,
        "owner_tier": 4,
        "request": "d1.r4",
        "segment_index": 44
      },
      {
        "cache_owner": "d0.r4",
        "epic_prefix_rows": [],
        "fingerprint": "13ae68de86975a74",
        "length": 256,
        "owner_tier": 4,
        "request": "d1.r4",
        "segment_index": 45
      },
      {
        "cache_owner": "d0.r4",
        "epic_prefix_rows": [],
        "fingerprint": "75f8a918c1d4a485",
        "length": 256,
        "owner_tier": 4,
        "request": "d1.r4",
        "segment_index": 46
      },
      {
        "cache_owner": "d0.r4",
        "epic_prefix_rows": [],
        "fingerprint": "be03bd452a0282e0",
        "length": 256,
        "owner_tier": 4,
        "request": "d1.r4",
        "segment_index": 47
      },
      {
        "cache_owner": "d0.r4",
        "epic_prefix_rows": [],
        "fingerprint": "26f764cc81f7edb5",
        "length": 256,
        "owner_tier": 4,
        "request": "d1.r4",
        "segment_index": 48
      },
      {
        "cache_owner": "d0.r4",
        "epic_prefix_rows": [],
        "fingerprint": "eaef666141ce767b",
        "length": 256,
        "owner_tier": 4,
        "request": "d1.r4",
        "segment_index": 49
      },
      {
        "cache_owner": "d0.r4",
        "epic_prefix_rows": [],
        "fingerprint": "abf517b21f1ed6d9",
        "length": 256,
        "owner_tier": 4,
        "request": "d1.r4",
        "segment_index": 50
      },
      {
        "cache_owner": "d0.r4",
        "epic_prefix_rows": [],
        "fingerprint": "d2e62af3e03ca0ba",
        "length": 256,
        "owner_tier": 4,
        "request": "d1.r4",
        "segment_index": 51
      },
      {
        "cache_owner": "d2.r3",
        "epic_prefix_rows": [
          0,
          1,
          2,
          3,
          4,
          5,
          6,
          7,
          8,
          9,
          10,
          11,
          12,
          13,
          14,
          15,
          16,
          17,
          18,
          19,
          20,
          21,
          22,
          23,
          24,
          25,
          26,
          27,
          28,
          29,
          30,
          31
        ],
        "fingerprint": "ca02ac4389b731ae",
        "length": 256,
        "owner_tier": 3,
        "request": "d2.r4",
        "segment_index": 0
      },
      {
        "cache_owner": "d1.r4",
        "epic_prefix_rows": [],
        "fingerprint": "f2dd829b844ba0ed",
        "length": 256,
        "owner_tier": 4,
        "request": "d2.r4",
        "segment_index": 1
      },
      {
        "cache_owner": "d0.r4",
        "epic_prefix_rows": [
          0,
          1,
          2,
          3,
          4,
          5,
          6,
          7,
          8,
          9,
          10,
          11,
          12,
          13,
          14,
          15,
          16,
          17,
          18,
          19,
          20,
          21,
          22,
          23,
          24,
          25,
          26,
          27,
          28,
          29,
          30,
          31
        ],
        "fingerprint": "1dfa921d3d2f2857",
        "length": 256,
        "owner_tier": 4,
        "request": "d2.r4",
        "segment_index": 2
      },
      {
        "cache_owner": "d0.r0",
        "epic_prefix_rows": [
          0,
          1,
          2,
          3,
          4,
          5,
          6,
          7,
          8,
          9,
          10,
          11,
          12,
          13,
          14,
          15,
          16,
          17,
          18,
          19,
          20,
          21,
          22,
          23,
          24,
          25,
          26,
          27,
          28,
          29,
          30,
          31
        ],
        "fingerprint": "173f77422b3aca6e",
        "length": 256,
        "owner_tier": 0,
        "request": "d2.r4",
        "segment_index": 3
      },
      {
        "cache_owner": "d0.r0",
        "epic_prefix_rows": [
          0,
          1,
          2,
          3,
          4,
          5,
          6,
          7,
          8,
          9,
          10,
          11,
          12,
          13,
          14,
          15,
          16,
          17,
          18,
          19,
          20,
          21,
          22,
          23,
          24,
          25,
          26,
          27,
          28,
          29,
          30,
          31
        ],
        "fingerprint": "25cc8cd8a6360c41",
        "length": 256,
        "owner_tier": 0,
        "request": "d2.r4",
        "segment_index": 4
      },
      {
        "cache_owner": "d0.r0",
        "epic_prefix_rows": [
          0,
          1,
          2,
          3,
          4,
          5,
          6,
          7,
          8,
          9,
          10,
          11,
          12,
          13,
          14,
          15,
          16,
          17,
          18,
          19,
          20,
          21,
          22,
          23,
          24,
          25,
          26,
          27,
          28,
          29,
          30,
          31
        ],
        "fingerprint": "a24d833ce77269fd",
        "length": 256,
        "owner_tier": 0,
        "request": "d2.r4",
        "segment_index": 5
      },
      {
        "cache_owner": "d0.r0",
        "epic_prefix_rows": [
          0,
          1,
          2,
          3,
          4,
          5,
          6,
          7,
          8,
          9,
          10,
          11,
          12,
          13,
          14,
          15,
          16,
          17,
          18,
          19,
          20,
          21,
          22,
          23,
          24,
          25,
          26,
          27,
          28,
          29,
          30,
          31
        ],
        "fingerprint": "71c190096acd6433",
        "length": 256,
        "owner_tier": 0,
        "request": "d2.r4",
        "segment_index": 6
      },
      {
        "cache_owner": "d0.r0",
        "epic_prefix_rows": [
          0,
          1,
          2,
          3,
          4,
          5,
          6,
          7,
          8,
          9,
          10,
          11,
          12,
          13,
          14,
          15,
          16,
          17,
          18,
          19,
          20,
          21,
          22,
          23,
          24,
          25,
          26,
          27,
          28,
          29,
          30,
          31
        ],
        "fingerprint": "fef361162327d754",
        "length": 256,
        "owner_tier": 0,
        "request": "d2.r4",
        "segment_index": 7
      },
      {
        "cache_owner": "d0.r0",
        "epic_prefix_rows": [
          0,
          1,
          2,
          3,
          4,
          5,
          6,
          7,
          8,
          9,
          10,
          11,
          12,
          13,
          14,
          15,
          16,
          17,
          18,
          19,
          20,
          21,
          22,
          23,
          24,
          25,
          26,
          27,
          28,
          29,
          30,
          31
        ],
        "fingerprint": "276d06962ab722d7",
        "length": 256,
        "owner_tier": 0,
        "request": "d2.r4",
        "segment_index": 8
      },
      {
        "cache_owner": "d0.r0",
        "epic_prefix_rows": [
          0,
          1,
          2,
          3,
          4,
          5,
          6,
          7,
          8,
          9,
          10,
          11,
          12,
          13,
          14,
          15,
          16,
          17,
          18,
          19,
          20,
          21,
          22,
          23,
          24,
          25,
          26,
          27,
          28,
          29,
          30,
          31
        ],
        "fingerprint": "7e73ece24bb93834",
        "length": 256,
        "owner_tier": 0,
        "request": "d2.r4",
        "segment_index": 9
      },
      {
        "cache_owner": "d0.r0",
        "epic_prefix_rows": [
          0,
          1,
          2,
          3,
          4,
          5,
          6,
          7,
          8,
          9,
          10,
          11,
          12,
          13,
          14,
          15,
          16,
          17,
          18,
          19,
          20,
          21,
          22,
          23,
          24,
          25,
          26,
          27,
          28,
          29,
          30,
          31
        ],
        "fingerprint": "a8850a73c2483934",
        "length": 256,
        "owner_tier": 0,
        "request": "d2.r4",
        "segment_index": 10
      },
      {
        "cache_owner": "d0.r0",
        "epic_prefix_rows": [
          0,
          1,
          2,
          3,
          4,
          5,
          6,
          7,
          8,
          9,
          10,
          11,
          12,
          13,
          14,
          15,
          16,
          17,
          18,
          19,
          20,
          21,
          22,
          23,
          24,
          25,
          26,
          27,
          28,
          29,
          30,
          31
        ],
        "fingerprint": "a4093c0243d9f211",
        "length": 256,
        "owner_tier": 0,
        "request": "d2.r4",
        "segment_index": 11
      },
      {
        "cache_owner": "d0.r0",
        "epic_prefix_rows": [
          0,
          1,
          2,
          3,
          4,
          5,
          6,
          7,
          8,
          9,
          10,
          11,
          12,
          13,
          14,
          15,
          16,
          17,
          18,
          19,
          20,
          21,
          22,
          23,
          24,
          25,
          26,
          27,
          28,
          29,
          30,
          31
        ],
        "fingerprint": "254bfc97b06ef560",
        "length": 256,
        "owner_tier": 0,
        "request": "d2.r4",
        "segment_index": 12
      },
      {
        "cache_owner": "d0.r1",
        "epic_prefix_rows": [],
        "fingerprint": "6c05d74d66e75323",
        "length": 256,
        "owner_tier": 1,
        "request": "d2.r4",
        "segment_index": 13
      },
      {
        "cache_owner": "d0.r1",
        "epic_prefix_rows": [],
        "fingerprint": "9be32fe2c99887d1",
        "length": 256,
        "owner_tier": 1,
        "request": "d2.r4",
        "segment_index": 14
      },
      {
        "cache_owner": "d0.r1",
        "epic_prefix_rows": [],
        "fingerprint": "3fd8b144566f43ed",
        "length": 256,
        "owner_tier": 1,
        "request": "d2.r4",
        "segment_index": 15
      },
      {
        "cache_owner": "d0.r1",
        "epic_prefix_rows": [],
        "fingerprint": "30f09964a80d8f65",
        "length": 256,
        "owner_tier": 1,
        "request": "d2.r4",
        "segment_index": 16
      },
      {
        "cache_owner": "d0.r1",
        "epic_prefix_rows": [],
        "fingerprint": "74370d13c71ff044",
        "length": 256,
        "owner_tier": 1,
        "request": "d2.r4",
        "segment_index": 17
      },
      {
        "cache_owner": "d0.r1",
        "epic_prefix_rows": [],
        "fingerprint": "b98480609ff92086",
        "length": 256,
        "owner_tier": 1,
        "request": "d2.r4",
        "segment_index": 18
      },
      {
        "cache_owner": "d0.r1",
        "epic_prefix_rows": [],
        "fingerprint": "e27085abc1aa49a7",
        "length": 256,
        "owner_tier": 1,
        "request": "d2.r4",
        "segment_index": 19
      },
      {
        "cache_owner": "d0.r1",
        "epic_prefix_rows": [],
        "fingerprint": "cb30bf30b7b7b133",
        "length": 256,
        "owner_tier": 1,
        "request": "d2.r4",
        "segment_index": 20
      },
      {
        "cache_owner": "d0.r1",
        "epic_prefix_rows": [],
        "fingerprint": "4f6a58a7e21f2e4f",
        "length": 256,
        "owner_tier": 1,
        "request": "d2.r4",
        "segment_index": 21
      },
      {
        "cache_owner": "d0.r1",
        "epic_prefix_rows": [],
        "fingerprint": "2ef42bc347ac5ea9",
        "length": 256,
        "owner_tier": 1,
        "request": "d2.r4",
        "segment_index": 22
      },
      {
        "cache_owner": "d0.r2",
        "epic_prefix_rows": [],
        "fingerprint": "56f7715442fdf966",
        "length": 256,
        "owner_tier": 2,
        "request": "d2.r4",
        "segment_index": 23
      },
      {
        "cache_owner": "d0.r2",
        "epic_prefix_rows": [],
        "fingerprint": "69931b25dbad9d62",
        "length": 256,
        "owner_tier": 2,
        "request": "d2.r4",
        "segment_index": 24
      },
      {
        "cache_owner": "d0.r2",
        "epic_prefix_rows": [],
        "fingerprint": "68adf7d53a6d43ad",
        "length": 256,
        "owner_tier": 2,
        "request": "d2.r4",
        "segment_index": 25
      },
      {
        "cache_owner": "d0.r2",
        "epic_prefix_rows": [],
        "fingerprint": "025ec3a8491dfa52",
        "length": 256,
        "owner_tier": 2,
        "request": "d2.r4",
        "segment_index": 26
      },
      {
        "cache_owner": "d0.r2",
        "epic_prefix_rows": [],
        "fingerprint": "5f0fb92071edefba",
        "length": 256,
        "owner_tier": 2,
        "request": "d2.r4",
        "segment_index": 27
      },
      {
        "cache_owner": "d0.r2",
        "epic_prefix_rows": [],
        "fingerprint": "3798fae9eeb921ba",
        "length": 256,
        "owner_tier": 2,
        "request": "d2.r4",
        "segment_index": 28
      },
      {
        "cache_owner": "d0.r2",
        "epic_prefix_rows": [],
        "fingerprint": "05841ec733057ecb",
        "length": 256,
        "owner_tier": 2,
        "request": "d2.r4",
        "segment_index": 29
      },
      {
        "cache_owner": "d0.r2",
        "epic_prefix_rows": [],
        "fingerprint": "53d05282294c6bc4",
        "length": 256,
        "owner_tier": 2,
        "request": "d2.r4",
        "segment_index": 30
      },
      {
        "cache_owner": "d0.r2",
        "epic_prefix_rows": [],
        "fingerprint": "808907b51f157d1b",
        "length": 256,
        "owner_tier": 2,
        "request": "d2.r4",
        "segment_index": 31
      },
      {
        "cache_owner": "d0.r2",
        "epic_prefix_rows": [],
        "fingerprint": "a9736e94ffa61392",
        "length": 256,
        "owner_tier": 2,
        "request": "d2.r4",
        "segment_index": 32
      },
      {
        "cache_owner": "d0.r3",
        "epic_prefix_rows": [],
        "fingerprint": "45ae2eb61fca9159",
        "length": 256,
        "owner_tier": 3,
        "request": "d2.r4",
        "segment_index": 33
      },
      {
        "cache_owner": "d0.r3",
        "epic_prefix_rows": [],
        "fingerprint": "9be82bb1e1d51b15",
        "length": 256,
        "owner_tier": 3,
        "request": "d2.r4",
        "segment_index": 34
      },
      {
        "cache_owner": "d0.r3",
        "epic_prefix_rows": [],
        "fingerprint": "d3796ec8297d8d49",
        "length": 256,
        "owner_tier": 3,
        "request": "d2.r4",
        "segment_index": 35
      },
      {
        "cache_owner": "d0.r3",
        "epic_prefix_rows": [],
        "fingerprint": "e3ffc60c3ad64676",
        "length": 256,
        "owner_tier": 3,
        "request": "d2.r4",
        "segment_index": 36
      },
      {
        "cache_owner": "d0.r3",
        "epic_prefix_rows": [],
        "fingerprint": "55558bd9eec583a5",
        "length": 256,
        "owner_tier": 3,
        "request": "d2.r4",
        "segment_index": 37
      },
      {
        "cache_owner": "d0.r3",
        "epic_prefix_rows": [],
        "fingerprint": "e4cfa02c32aa48d8",
        "length": 256,
        "owner_tier": 3,
        "request": "d2.r4",
        "segment_index": 38
      },
      {
        "cache_owner": "d0.r3",
        "epic_prefix_rows": [],
        "fingerprint": "b0968f7aa0a748da",
        "length": 256,
        "owner_tier": 3,
        "request": "d2.r4",
        "segment_index": 39
      },
      {
        "cache_owner": "d0.r3",
        "epic_prefix_rows": [],
        "fingerprint": "d0decf1f69183f96",
        "length": 256,
        "owner_tier": 3,
        "request": "d2.r4",
        "segment_index": 40
      },
      {
        "cache_owner": "d0.r3",
        "epic_prefix_rows": [],
        "fingerprint": "bacbc23f57604927",
        "length": 256,
        "owner_tier": 3,
        "request": "d2.r4",
        "segment_index": 41
      },
      {
        "cache_owner": "d0.r3",
        "epic_prefix_rows": [],
        "fingerprint": "6378b20604fceaf0",
        "length": 256,
        "owner_tier": 3,
        "request": "d2.r4",
        "segment_index": 42
      },
      {
        "cache_owner": "d0.r4",
        "epic_prefix_rows": [],
        "fingerprint": "40bc15a1ab7a0516",
        "length": 256,
        "owner_tier": 4,
        "request": "d2.r4",
        "segment_index": 43
      },
      {
        "cache_owner": "d0.r4",
        "epic_prefix_rows": [],
        "fingerprint": "663a1ce24690318b",
        "length": 256,
        "owner_tier": 4,
        "request": "d2.r4",
        "segment_index": 44
      },
      {
        "cache_owner": "d0.r4",
        "epic_prefix_rows": [],
        "fingerprint": "13ae68de86975a74",
        "length": 256,
        "owner_tier": 4,
        "request": "d2.r4",
        "segment_index": 45
      },
      {
        "cache_owner": "d0.r4",
        "epic_prefix_rows": [],
        "fingerprint": "75f8a918c1d4a485",
        "length": 256,
        "owner_tier": 4,
        "request": "d2.r4",
        "segment_index": 46
      },
      {
        "cache_owner": "d0.r4",
        "epic_prefix_rows": [],
        "fingerprint": "be03bd452a0282e0",
        "length": 256,
        "owner_tier": 4,
        "request": "d2.r4",
        "segment_index": 47
      },
      {
        "cache_owner": "d0.r4",
        "epic_prefix_rows": [],
        "fingerprint": "26f764cc81f7edb5",
        "length": 256,
        "owner_tier": 4,
        "request": "d2.r4",
        "segment_index": 48
      },
      {
        "cache_owner": "d0.r4",
        "epic_prefix_rows": [],
        "fingerprint": "eaef666141ce767b",
        "length": 256,
        "owner_tier": 4,
        "request": "d2.r4",
        "segment_index": 49
      },
      {
        "cache_owner": "d0.r4",
        "epic_prefix_rows": [],
        "fingerprint": "abf517b21f1ed6d9",
        "length": 256,
        "owner_tier": 4,
        "request": "d2.r4",
        "segment_index": 50
      },
      {
        "cache_owner": "d0.r4",
        "epic_prefix_rows": [],
        "fingerprint": "d2e62af3e03ca0ba",
        "length": 256,
        "owner_tier": 4,
        "request": "d2.r4",
        "segment_index": 51
      },
      {
        "cache_owner": "d0.r4",
        "epic_prefix_rows": [
          0,
          1,
          2,
          3,
          4,
          5,
          6,
          7,
          8,
          9,
          10,
          11,
          12,
          13,
          14,
          15,
          16,
          17,
          18,
          19,
          20,
          21,
          22,
          23,
          24,
          25,
          26,
          27,
          28,
          29,
          30,
          31
        ],
        "fingerprint": "4c71df8773fe94c9",
        "length": 256,
        "owner_tier": 4,
        "request": "judge",
        "segment_index": 0
      },
      {
        "cache_owner": "d0.r0",
        "epic_prefix_rows": [
          0,
          1,
          2,
          3,
          4,
          5,
          6,
          7,
          8,
          9,
          10,
          11,
          12,
          13,
          14,
          15,
          16,
          17,
          18,
          19,
          20,
          21,
          22,
          23,
          24,
          25,
          26,
          27,
          28,
          29,
          30,
          31
        ],
        "fingerprint": "a5646ca10d7fc969",
        "length": 100,
        "owner_tier": 0,
        "request": "judge",
        "segment_index": 2
      }
    ],
    "reused_tokens": 109188
  },
  "tiers": {
    "0": [
      "d0.r0",
      "d1.r0",
      "d2.r0"
    ],
    "1": [
      "d0.r1",
      "d1.r1",
      "d2.r1"
    ],
    "2": [
      "d0.r2",
      "d1.r2",
      "d2.r2"
    ],
    "3": [
      "d0.r3",
      "d1.r3",
      "d2.r3"
    ],
    "4": [
      "d0.r4",
      "d1.r4",
      "d2.r4"
    ],
    "5": [
      "judge"
    ]
  },
  "total_history_tokens": 172224,
  "total_input_tokens": 126016,
  "total_output_tokens": 3968
}
dgx-attacc: (A100a x 8), PIM:bank, [Lin, Lout, batch]: [2048, 128, 1]
Wrote ablation report to /data2/chenyi9/KV-PIM/attacc_drampim_xinyao/output/20260829-025941_workload_debate_d3r5k49_LLAMA3-8B_k32/dag_A5.json
REPORT_SUMMARY {"ablation": "A5", "decode_attn": "pim", "energy_nj": 5330160067453.599, "engine": "dag", "event_count": 7814042, "kv_mapping": "master-diff", "link_bytes": 3242670386, "makespan_s": 10.214373450398751, "pim_prefill_mode": "pim", "policy": "recompute"}
