{
  "kind": "supervisor",
  "requests": 20,
  "reuse": {
    "cacheblend_full_recompute_layers": [],
    "cacheblend_partial_recompute_layers": [],
    "cacheblend_partial_rows": {},
    "cacheblend_recompute_ratio": 0.0,
    "cachecraft_alpha": 0.05,
    "epic_prefix_recompute_tokens": 2,
    "fresh_tokens": 15904,
    "policy": "recompute",
    "random_seed": 0,
    "recompute_canonical": false,
    "reusable_segments": [
      {
        "cache_owner": "main.r0",
        "epic_prefix_rows": [
          98,
          107
        ],
        "fingerprint": "44b4023e3d1d63e6",
        "length": 128,
        "owner_tier": 0,
        "request": "w0.r0",
        "segment_index": 0
      },
      {
        "cache_owner": "main.r0",
        "epic_prefix_rows": [
          20,
          132
        ],
        "fingerprint": "20a4bd865a5b229e",
        "length": 256,
        "owner_tier": 0,
        "request": "w0.r0",
        "segment_index": 2
      },
      {
        "cache_owner": "main.r0",
        "epic_prefix_rows": [
          207,
          248
        ],
        "fingerprint": "9ab6734a754c1b9d",
        "length": 256,
        "owner_tier": 0,
        "request": "w0.r0",
        "segment_index": 3
      },
      {
        "cache_owner": "main.r0",
        "epic_prefix_rows": [
          155,
          244
        ],
        "fingerprint": "d08a027d3c65b5e6",
        "length": 256,
        "owner_tier": 0,
        "request": "w0.r0",
        "segment_index": 4
      },
      {
        "cache_owner": "main.r0",
        "epic_prefix_rows": [
          111,
          183
        ],
        "fingerprint": "9ae87ab9d42e4990",
        "length": 256,
        "owner_tier": 0,
        "request": "w0.r0",
        "segment_index": 5
      },
      {
        "cache_owner": "main.r0",
        "epic_prefix_rows": [
          71,
          144
        ],
        "fingerprint": "4507ec10354b9a34",
        "length": 256,
        "owner_tier": 0,
        "request": "w0.r0",
        "segment_index": 6
      },
      {
        "cache_owner": "main.r0",
        "epic_prefix_rows": [
          48,
          71
        ],
        "fingerprint": "3efa0426917061ae",
        "length": 256,
        "owner_tier": 0,
        "request": "w0.r0",
        "segment_index": 7
      },
      {
        "cache_owner": "main.r0",
        "epic_prefix_rows": [
          75,
          128
        ],
        "fingerprint": "e646956386ed6749",
        "length": 256,
        "owner_tier": 0,
        "request": "w0.r0",
        "segment_index": 8
      },
      {
        "cache_owner": "main.r0",
        "epic_prefix_rows": [
          50,
          158
        ],
        "fingerprint": "f6e2ee9cb02b549b",
        "length": 256,
        "owner_tier": 0,
        "request": "w0.r0",
        "segment_index": 9
      },
      {
        "cache_owner": "main.r0",
        "epic_prefix_rows": [
          37,
          169
        ],
        "fingerprint": "859509070aaad92f",
        "length": 256,
        "owner_tier": 0,
        "request": "w0.r0",
        "segment_index": 10
      },
      {
        "cache_owner": "main.r0",
        "epic_prefix_rows": [
          51,
          241
        ],
        "fingerprint": "fcd577b876fb0572",
        "length": 256,
        "owner_tier": 0,
        "request": "w0.r0",
        "segment_index": 11
      },
      {
        "cache_owner": "main.r0",
        "epic_prefix_rows": [
          90,
          111
        ],
        "fingerprint": "44b4023e3d1d63e6",
        "length": 128,
        "owner_tier": 0,
        "request": "w1.r0",
        "segment_index": 0
      },
      {
        "cache_owner": "w0.r0",
        "epic_prefix_rows": [],
        "fingerprint": "c50748f2a87b6838",
        "length": 300,
        "owner_tier": 1,
        "request": "w1.r0",
        "segment_index": 1
      },
      {
        "cache_owner": "main.r0",
        "epic_prefix_rows": [
          104,
          161
        ],
        "fingerprint": "20a4bd865a5b229e",
        "length": 256,
        "owner_tier": 0,
        "request": "w1.r0",
        "segment_index": 2
      },
      {
        "cache_owner": "main.r0",
        "epic_prefix_rows": [
          226,
          244
        ],
        "fingerprint": "9ab6734a754c1b9d",
        "length": 256,
        "owner_tier": 0,
        "request": "w1.r0",
        "segment_index": 3
      },
      {
        "cache_owner": "main.r0",
        "epic_prefix_rows": [
          31,
          133
        ],
        "fingerprint": "d08a027d3c65b5e6",
        "length": 256,
        "owner_tier": 0,
        "request": "w1.r0",
        "segment_index": 4
      },
      {
        "cache_owner": "main.r0",
        "epic_prefix_rows": [
          7,
          47
        ],
        "fingerprint": "9ae87ab9d42e4990",
        "length": 256,
        "owner_tier": 0,
        "request": "w1.r0",
        "segment_index": 5
      },
      {
        "cache_owner": "main.r0",
        "epic_prefix_rows": [
          0,
          204
        ],
        "fingerprint": "4507ec10354b9a34",
        "length": 256,
        "owner_tier": 0,
        "request": "w1.r0",
        "segment_index": 6
      },
      {
        "cache_owner": "main.r0",
        "epic_prefix_rows": [
          170,
          252
        ],
        "fingerprint": "3efa0426917061ae",
        "length": 256,
        "owner_tier": 0,
        "request": "w1.r0",
        "segment_index": 7
      },
      {
        "cache_owner": "main.r0",
        "epic_prefix_rows": [
          124,
          166
        ],
        "fingerprint": "e646956386ed6749",
        "length": 256,
        "owner_tier": 0,
        "request": "w1.r0",
        "segment_index": 8
      },
      {
        "cache_owner": "main.r0",
        "epic_prefix_rows": [
          32,
          97
        ],
        "fingerprint": "f6e2ee9cb02b549b",
        "length": 256,
        "owner_tier": 0,
        "request": "w1.r0",
        "segment_index": 9
      },
      {
        "cache_owner": "main.r0",
        "epic_prefix_rows": [
          113,
          122
        ],
        "fingerprint": "859509070aaad92f",
        "length": 256,
        "owner_tier": 0,
        "request": "w1.r0",
        "segment_index": 10
      },
      {
        "cache_owner": "main.r0",
        "epic_prefix_rows": [
          72,
          229
        ],
        "fingerprint": "fcd577b876fb0572",
        "length": 256,
        "owner_tier": 0,
        "request": "w1.r0",
        "segment_index": 11
      },
      {
        "cache_owner": "main.r0",
        "epic_prefix_rows": [
          20,
          23
        ],
        "fingerprint": "44b4023e3d1d63e6",
        "length": 128,
        "owner_tier": 0,
        "request": "w2.r0",
        "segment_index": 0
      },
      {
        "cache_owner": "w0.r0",
        "epic_prefix_rows": [],
        "fingerprint": "c50748f2a87b6838",
        "length": 300,
        "owner_tier": 1,
        "request": "w2.r0",
        "segment_index": 1
      },
      {
        "cache_owner": "main.r0",
        "epic_prefix_rows": [
          163,
          250
        ],
        "fingerprint": "20a4bd865a5b229e",
        "length": 256,
        "owner_tier": 0,
        "request": "w2.r0",
        "segment_index": 2
      },
      {
        "cache_owner": "main.r0",
        "epic_prefix_rows": [
          55,
          154
        ],
        "fingerprint": "9ab6734a754c1b9d",
        "length": 256,
        "owner_tier": 0,
        "request": "w2.r0",
        "segment_index": 3
      },
      {
        "cache_owner": "main.r0",
        "epic_prefix_rows": [
          63,
          149
        ],
        "fingerprint": "d08a027d3c65b5e6",
        "length": 256,
        "owner_tier": 0,
        "request": "w2.r0",
        "segment_index": 4
      },
      {
        "cache_owner": "main.r0",
        "epic_prefix_rows": [
          104,
          170
        ],
        "fingerprint": "9ae87ab9d42e4990",
        "length": 256,
        "owner_tier": 0,
        "request": "w2.r0",
        "segment_index": 5
      },
      {
        "cache_owner": "main.r0",
        "epic_prefix_rows": [
          147,
          227
        ],
        "fingerprint": "4507ec10354b9a34",
        "length": 256,
        "owner_tier": 0,
        "request": "w2.r0",
        "segment_index": 6
      },
      {
        "cache_owner": "main.r0",
        "epic_prefix_rows": [
          46,
          197
        ],
        "fingerprint": "3efa0426917061ae",
        "length": 256,
        "owner_tier": 0,
        "request": "w2.r0",
        "segment_index": 7
      },
      {
        "cache_owner": "main.r0",
        "epic_prefix_rows": [
          123,
          162
        ],
        "fingerprint": "e646956386ed6749",
        "length": 256,
        "owner_tier": 0,
        "request": "w2.r0",
        "segment_index": 8
      },
      {
        "cache_owner": "main.r0",
        "epic_prefix_rows": [
          94,
          148
        ],
        "fingerprint": "f6e2ee9cb02b549b",
        "length": 256,
        "owner_tier": 0,
        "request": "w2.r0",
        "segment_index": 9
      },
      {
        "cache_owner": "main.r0",
        "epic_prefix_rows": [
          95,
          96
        ],
        "fingerprint": "859509070aaad92f",
        "length": 256,
        "owner_tier": 0,
        "request": "w2.r0",
        "segment_index": 10
      },
      {
        "cache_owner": "main.r0",
        "epic_prefix_rows": [
          16,
          133
        ],
        "fingerprint": "fcd577b876fb0572",
        "length": 256,
        "owner_tier": 0,
        "request": "w2.r0",
        "segment_index": 11
      },
      {
        "cache_owner": "main.r0",
        "epic_prefix_rows": [
          17,
          121
        ],
        "fingerprint": "44b4023e3d1d63e6",
        "length": 128,
        "owner_tier": 0,
        "request": "main.r1",
        "segment_index": 0
      },
      {
        "cache_owner": "main.r0",
        "epic_prefix_rows": [
          45,
          66
        ],
        "fingerprint": "20a4bd865a5b229e",
        "length": 256,
        "owner_tier": 0,
        "request": "main.r1",
        "segment_index": 4
      },
      {
        "cache_owner": "main.r0",
        "epic_prefix_rows": [
          19,
          76
        ],
        "fingerprint": "9ab6734a754c1b9d",
        "length": 256,
        "owner_tier": 0,
        "request": "main.r1",
        "segment_index": 5
      },
      {
        "cache_owner": "main.r0",
        "epic_prefix_rows": [
          41,
          200
        ],
        "fingerprint": "d08a027d3c65b5e6",
        "length": 256,
        "owner_tier": 0,
        "request": "main.r1",
        "segment_index": 6
      },
      {
        "cache_owner": "main.r0",
        "epic_prefix_rows": [
          120,
          141
        ],
        "fingerprint": "9ae87ab9d42e4990",
        "length": 256,
        "owner_tier": 0,
        "request": "main.r1",
        "segment_index": 7
      },
      {
        "cache_owner": "main.r0",
        "epic_prefix_rows": [
          110,
          214
        ],
        "fingerprint": "4507ec10354b9a34",
        "length": 256,
        "owner_tier": 0,
        "request": "main.r1",
        "segment_index": 8
      },
      {
        "cache_owner": "main.r0",
        "epic_prefix_rows": [
          140,
          230
        ],
        "fingerprint": "3efa0426917061ae",
        "length": 256,
        "owner_tier": 0,
        "request": "main.r1",
        "segment_index": 9
      },
      {
        "cache_owner": "main.r0",
        "epic_prefix_rows": [
          182,
          252
        ],
        "fingerprint": "e646956386ed6749",
        "length": 256,
        "owner_tier": 0,
        "request": "main.r1",
        "segment_index": 10
      },
      {
        "cache_owner": "main.r0",
        "epic_prefix_rows": [
          42,
          166
        ],
        "fingerprint": "f6e2ee9cb02b549b",
        "length": 256,
        "owner_tier": 0,
        "request": "main.r1",
        "segment_index": 11
      },
      {
        "cache_owner": "main.r0",
        "epic_prefix_rows": [
          59,
          249
        ],
        "fingerprint": "859509070aaad92f",
        "length": 256,
        "owner_tier": 0,
        "request": "main.r1",
        "segment_index": 12
      },
      {
        "cache_owner": "main.r0",
        "epic_prefix_rows": [
          97,
          171
        ],
        "fingerprint": "fcd577b876fb0572",
        "length": 256,
        "owner_tier": 0,
        "request": "main.r1",
        "segment_index": 13
      },
      {
        "cache_owner": "main.r1",
        "epic_prefix_rows": [
          4,
          62
        ],
        "fingerprint": "5d0a73473392c761",
        "length": 128,
        "owner_tier": 2,
        "request": "w0.r1",
        "segment_index": 0
      },
      {
        "cache_owner": "w0.r0",
        "epic_prefix_rows": [],
        "fingerprint": "c50748f2a87b6838",
        "length": 300,
        "owner_tier": 1,
        "request": "w0.r1",
        "segment_index": 1
      },
      {
        "cache_owner": "main.r0",
        "epic_prefix_rows": [
          59,
          138
        ],
        "fingerprint": "20a4bd865a5b229e",
        "length": 256,
        "owner_tier": 0,
        "request": "w0.r1",
        "segment_index": 2
      },
      {
        "cache_owner": "main.r0",
        "epic_prefix_rows": [
          112,
          190
        ],
        "fingerprint": "9ab6734a754c1b9d",
        "length": 256,
        "owner_tier": 0,
        "request": "w0.r1",
        "segment_index": 3
      },
      {
        "cache_owner": "main.r0",
        "epic_prefix_rows": [
          87,
          170
        ],
        "fingerprint": "d08a027d3c65b5e6",
        "length": 256,
        "owner_tier": 0,
        "request": "w0.r1",
        "segment_index": 4
      },
      {
        "cache_owner": "main.r0",
        "epic_prefix_rows": [
          31,
          218
        ],
        "fingerprint": "9ae87ab9d42e4990",
        "length": 256,
        "owner_tier": 0,
        "request": "w0.r1",
        "segment_index": 5
      },
      {
        "cache_owner": "main.r0",
        "epic_prefix_rows": [
          51,
          74
        ],
        "fingerprint": "4507ec10354b9a34",
        "length": 256,
        "owner_tier": 0,
        "request": "w0.r1",
        "segment_index": 6
      },
      {
        "cache_owner": "main.r0",
        "epic_prefix_rows": [
          23,
          112
        ],
        "fingerprint": "3efa0426917061ae",
        "length": 256,
        "owner_tier": 0,
        "request": "w0.r1",
        "segment_index": 7
      },
      {
        "cache_owner": "main.r0",
        "epic_prefix_rows": [
          13,
          37
        ],
        "fingerprint": "e646956386ed6749",
        "length": 256,
        "owner_tier": 0,
        "request": "w0.r1",
        "segment_index": 8
      },
      {
        "cache_owner": "main.r0",
        "epic_prefix_rows": [
          63,
          96
        ],
        "fingerprint": "f6e2ee9cb02b549b",
        "length": 256,
        "owner_tier": 0,
        "request": "w0.r1",
        "segment_index": 9
      },
      {
        "cache_owner": "main.r0",
        "epic_prefix_rows": [
          61,
          200
        ],
        "fingerprint": "859509070aaad92f",
        "length": 256,
        "owner_tier": 0,
        "request": "w0.r1",
        "segment_index": 10
      },
      {
        "cache_owner": "main.r0",
        "epic_prefix_rows": [
          46,
          189
        ],
        "fingerprint": "fcd577b876fb0572",
        "length": 256,
        "owner_tier": 0,
        "request": "w0.r1",
        "segment_index": 11
      },
      {
        "cache_owner": "main.r1",
        "epic_prefix_rows": [
          18,
          59
        ],
        "fingerprint": "b7b36c9cc0ffca1f",
        "length": 256,
        "owner_tier": 2,
        "request": "w0.r1",
        "segment_index": 12
      },
      {
        "cache_owner": "main.r1",
        "epic_prefix_rows": [
          11,
          99
        ],
        "fingerprint": "2ca95e1f99b62895",
        "length": 256,
        "owner_tier": 2,
        "request": "w0.r1",
        "segment_index": 13
      },
      {
        "cache_owner": "main.r1",
        "epic_prefix_rows": [
          63,
          94
        ],
        "fingerprint": "61981006a3087531",
        "length": 256,
        "owner_tier": 2,
        "request": "w0.r1",
        "segment_index": 14
      },
      {
        "cache_owner": "main.r1",
        "epic_prefix_rows": [
          107,
          245
        ],
        "fingerprint": "0676dfd47068e0df",
        "length": 256,
        "owner_tier": 2,
        "request": "w0.r1",
        "segment_index": 15
      },
      {
        "cache_owner": "main.r1",
        "epic_prefix_rows": [
          11,
          31
        ],
        "fingerprint": "7392f0dd8e833d02",
        "length": 256,
        "owner_tier": 2,
        "request": "w0.r1",
        "segment_index": 16
      },
      {
        "cache_owner": "main.r1",
        "epic_prefix_rows": [
          51,
          217
        ],
        "fingerprint": "2d9f547fcb304b0f",
        "length": 256,
        "owner_tier": 2,
        "request": "w0.r1",
        "segment_index": 17
      },
      {
        "cache_owner": "main.r1",
        "epic_prefix_rows": [
          35,
          133
        ],
        "fingerprint": "2524834b679c9169",
        "length": 256,
        "owner_tier": 2,
        "request": "w0.r1",
        "segment_index": 18
      },
      {
        "cache_owner": "main.r1",
        "epic_prefix_rows": [
          36,
          113
        ],
        "fingerprint": "5a8181f7e7879299",
        "length": 256,
        "owner_tier": 2,
        "request": "w0.r1",
        "segment_index": 19
      },
      {
        "cache_owner": "main.r1",
        "epic_prefix_rows": [
          154,
          179
        ],
        "fingerprint": "c4de161da65ad6d0",
        "length": 256,
        "owner_tier": 2,
        "request": "w0.r1",
        "segment_index": 20
      },
      {
        "cache_owner": "main.r1",
        "epic_prefix_rows": [
          46,
          111
        ],
        "fingerprint": "5d0a73473392c761",
        "length": 128,
        "owner_tier": 2,
        "request": "w1.r1",
        "segment_index": 0
      },
      {
        "cache_owner": "w0.r0",
        "epic_prefix_rows": [],
        "fingerprint": "c50748f2a87b6838",
        "length": 300,
        "owner_tier": 1,
        "request": "w1.r1",
        "segment_index": 1
      },
      {
        "cache_owner": "main.r0",
        "epic_prefix_rows": [
          31,
          239
        ],
        "fingerprint": "20a4bd865a5b229e",
        "length": 256,
        "owner_tier": 0,
        "request": "w1.r1",
        "segment_index": 2
      },
      {
        "cache_owner": "main.r0",
        "epic_prefix_rows": [
          20,
          51
        ],
        "fingerprint": "9ab6734a754c1b9d",
        "length": 256,
        "owner_tier": 0,
        "request": "w1.r1",
        "segment_index": 3
      },
      {
        "cache_owner": "main.r0",
        "epic_prefix_rows": [
          102,
          200
        ],
        "fingerprint": "d08a027d3c65b5e6",
        "length": 256,
        "owner_tier": 0,
        "request": "w1.r1",
        "segment_index": 4
      },
      {
        "cache_owner": "main.r0",
        "epic_prefix_rows": [
          133,
          183
        ],
        "fingerprint": "9ae87ab9d42e4990",
        "length": 256,
        "owner_tier": 0,
        "request": "w1.r1",
        "segment_index": 5
      },
      {
        "cache_owner": "main.r0",
        "epic_prefix_rows": [
          86,
          240
        ],
        "fingerprint": "4507ec10354b9a34",
        "length": 256,
        "owner_tier": 0,
        "request": "w1.r1",
        "segment_index": 6
      },
      {
        "cache_owner": "main.r0",
        "epic_prefix_rows": [
          29,
          104
        ],
        "fingerprint": "3efa0426917061ae",
        "length": 256,
        "owner_tier": 0,
        "request": "w1.r1",
        "segment_index": 7
      },
      {
        "cache_owner": "main.r0",
        "epic_prefix_rows": [
          81,
          82
        ],
        "fingerprint": "e646956386ed6749",
        "length": 256,
        "owner_tier": 0,
        "request": "w1.r1",
        "segment_index": 8
      },
      {
        "cache_owner": "main.r0",
        "epic_prefix_rows": [
          128,
          175
        ],
        "fingerprint": "f6e2ee9cb02b549b",
        "length": 256,
        "owner_tier": 0,
        "request": "w1.r1",
        "segment_index": 9
      },
      {
        "cache_owner": "main.r0",
        "epic_prefix_rows": [
          60,
          226
        ],
        "fingerprint": "859509070aaad92f",
        "length": 256,
        "owner_tier": 0,
        "request": "w1.r1",
        "segment_index": 10
      },
      {
        "cache_owner": "main.r0",
        "epic_prefix_rows": [
          6,
          89
        ],
        "fingerprint": "fcd577b876fb0572",
        "length": 256,
        "owner_tier": 0,
        "request": "w1.r1",
        "segment_index": 11
      },
      {
        "cache_owner": "main.r1",
        "epic_prefix_rows": [
          209,
          241
        ],
        "fingerprint": "b7b36c9cc0ffca1f",
        "length": 256,
        "owner_tier": 2,
        "request": "w1.r1",
        "segment_index": 12
      },
      {
        "cache_owner": "main.r1",
        "epic_prefix_rows": [
          159,
          182
        ],
        "fingerprint": "2ca95e1f99b62895",
        "length": 256,
        "owner_tier": 2,
        "request": "w1.r1",
        "segment_index": 13
      },
      {
        "cache_owner": "main.r1",
        "epic_prefix_rows": [
          128,
          198
        ],
        "fingerprint": "61981006a3087531",
        "length": 256,
        "owner_tier": 2,
        "request": "w1.r1",
        "segment_index": 14
      },
      {
        "cache_owner": "main.r1",
        "epic_prefix_rows": [
          6,
          78
        ],
        "fingerprint": "0676dfd47068e0df",
        "length": 256,
        "owner_tier": 2,
        "request": "w1.r1",
        "segment_index": 15
      },
      {
        "cache_owner": "main.r1",
        "epic_prefix_rows": [
          40,
          234
        ],
        "fingerprint": "7392f0dd8e833d02",
        "length": 256,
        "owner_tier": 2,
        "request": "w1.r1",
        "segment_index": 16
      },
      {
        "cache_owner": "main.r1",
        "epic_prefix_rows": [
          23,
          171
        ],
        "fingerprint": "2d9f547fcb304b0f",
        "length": 256,
        "owner_tier": 2,
        "request": "w1.r1",
        "segment_index": 17
      },
      {
        "cache_owner": "main.r1",
        "epic_prefix_rows": [
          69,
          143
        ],
        "fingerprint": "2524834b679c9169",
        "length": 256,
        "owner_tier": 2,
        "request": "w1.r1",
        "segment_index": 18
      },
      {
        "cache_owner": "main.r1",
        "epic_prefix_rows": [
          122,
          246
        ],
        "fingerprint": "5a8181f7e7879299",
        "length": 256,
        "owner_tier": 2,
        "request": "w1.r1",
        "segment_index": 19
      },
      {
        "cache_owner": "main.r1",
        "epic_prefix_rows": [
          147,
          180
        ],
        "fingerprint": "c4de161da65ad6d0",
        "length": 256,
        "owner_tier": 2,
        "request": "w1.r1",
        "segment_index": 20
      },
      {
        "cache_owner": "main.r1",
        "epic_prefix_rows": [
          33,
          91
        ],
        "fingerprint": "5d0a73473392c761",
        "length": 128,
        "owner_tier": 2,
        "request": "w2.r1",
        "segment_index": 0
      },
      {
        "cache_owner": "w0.r0",
        "epic_prefix_rows": [],
        "fingerprint": "c50748f2a87b6838",
        "length": 300,
        "owner_tier": 1,
        "request": "w2.r1",
        "segment_index": 1
      },
      {
        "cache_owner": "main.r0",
        "epic_prefix_rows": [
          158,
          198
        ],
        "fingerprint": "20a4bd865a5b229e",
        "length": 256,
        "owner_tier": 0,
        "request": "w2.r1",
        "segment_index": 2
      },
      {
        "cache_owner": "main.r0",
        "epic_prefix_rows": [
          41,
          212
        ],
        "fingerprint": "9ab6734a754c1b9d",
        "length": 256,
        "owner_tier": 0,
        "request": "w2.r1",
        "segment_index": 3
      },
      {
        "cache_owner": "main.r0",
        "epic_prefix_rows": [
          0,
          98
        ],
        "fingerprint": "d08a027d3c65b5e6",
        "length": 256,
        "owner_tier": 0,
        "request": "w2.r1",
        "segment_index": 4
      },
      {
        "cache_owner": "main.r0",
        "epic_prefix_rows": [
          81,
          171
        ],
        "fingerprint": "9ae87ab9d42e4990",
        "length": 256,
        "owner_tier": 0,
        "request": "w2.r1",
        "segment_index": 5
      },
      {
        "cache_owner": "main.r0",
        "epic_prefix_rows": [
          114,
          122
        ],
        "fingerprint": "4507ec10354b9a34",
        "length": 256,
        "owner_tier": 0,
        "request": "w2.r1",
        "segment_index": 6
      },
      {
        "cache_owner": "main.r0",
        "epic_prefix_rows": [
          193,
          229
        ],
        "fingerprint": "3efa0426917061ae",
        "length": 256,
        "owner_tier": 0,
        "request": "w2.r1",
        "segment_index": 7
      },
      {
        "cache_owner": "main.r0",
        "epic_prefix_rows": [
          16,
          212
        ],
        "fingerprint": "e646956386ed6749",
        "length": 256,
        "owner_tier": 0,
        "request": "w2.r1",
        "segment_index": 8
      },
      {
        "cache_owner": "main.r0",
        "epic_prefix_rows": [
          205,
          214
        ],
        "fingerprint": "f6e2ee9cb02b549b",
        "length": 256,
        "owner_tier": 0,
        "request": "w2.r1",
        "segment_index": 9
      },
      {
        "cache_owner": "main.r0",
        "epic_prefix_rows": [
          23,
          84
        ],
        "fingerprint": "859509070aaad92f",
        "length": 256,
        "owner_tier": 0,
        "request": "w2.r1",
        "segment_index": 10
      },
      {
        "cache_owner": "main.r0",
        "epic_prefix_rows": [
          32,
          228
        ],
        "fingerprint": "fcd577b876fb0572",
        "length": 256,
        "owner_tier": 0,
        "request": "w2.r1",
        "segment_index": 11
      },
      {
        "cache_owner": "main.r1",
        "epic_prefix_rows": [
          80,
          132
        ],
        "fingerprint": "b7b36c9cc0ffca1f",
        "length": 256,
        "owner_tier": 2,
        "request": "w2.r1",
        "segment_index": 12
      },
      {
        "cache_owner": "main.r1",
        "epic_prefix_rows": [
          228,
          249
        ],
        "fingerprint": "2ca95e1f99b62895",
        "length": 256,
        "owner_tier": 2,
        "request": "w2.r1",
        "segment_index": 13
      },
      {
        "cache_owner": "main.r1",
        "epic_prefix_rows": [
          0,
          19
        ],
        "fingerprint": "61981006a3087531",
        "length": 256,
        "owner_tier": 2,
        "request": "w2.r1",
        "segment_index": 14
      },
      {
        "cache_owner": "main.r1",
        "epic_prefix_rows": [
          166,
          253
        ],
        "fingerprint": "0676dfd47068e0df",
        "length": 256,
        "owner_tier": 2,
        "request": "w2.r1",
        "segment_index": 15
      },
      {
        "cache_owner": "main.r1",
        "epic_prefix_rows": [
          159,
          239
        ],
        "fingerprint": "7392f0dd8e833d02",
        "length": 256,
        "owner_tier": 2,
        "request": "w2.r1",
        "segment_index": 16
      },
      {
        "cache_owner": "main.r1",
        "epic_prefix_rows": [
          25,
          212
        ],
        "fingerprint": "2d9f547fcb304b0f",
        "length": 256,
        "owner_tier": 2,
        "request": "w2.r1",
        "segment_index": 17
      },
      {
        "cache_owner": "main.r1",
        "epic_prefix_rows": [
          42,
          96
        ],
        "fingerprint": "2524834b679c9169",
        "length": 256,
        "owner_tier": 2,
        "request": "w2.r1",
        "segment_index": 18
      },
      {
        "cache_owner": "main.r1",
        "epic_prefix_rows": [
          7,
          66
        ],
        "fingerprint": "5a8181f7e7879299",
        "length": 256,
        "owner_tier": 2,
        "request": "w2.r1",
        "segment_index": 19
      },
      {
        "cache_owner": "main.r1",
        "epic_prefix_rows": [
          205,
          213
        ],
        "fingerprint": "c4de161da65ad6d0",
        "length": 256,
        "owner_tier": 2,
        "request": "w2.r1",
        "segment_index": 20
      },
      {
        "cache_owner": "main.r1",
        "epic_prefix_rows": [
          0,
          80
        ],
        "fingerprint": "5d0a73473392c761",
        "length": 128,
        "owner_tier": 2,
        "request": "main.r2",
        "segment_index": 0
      },
      {
        "cache_owner": "main.r0",
        "epic_prefix_rows": [
          7,
          109
        ],
        "fingerprint": "20a4bd865a5b229e",
        "length": 256,
        "owner_tier": 0,
        "request": "main.r2",
        "segment_index": 4
      },
      {
        "cache_owner": "main.r0",
        "epic_prefix_rows": [
          1,
          50
        ],
        "fingerprint": "9ab6734a754c1b9d",
        "length": 256,
        "owner_tier": 0,
        "request": "main.r2",
        "segment_index": 5
      },
      {
        "cache_owner": "main.r0",
        "epic_prefix_rows": [
          60,
          97
        ],
        "fingerprint": "d08a027d3c65b5e6",
        "length": 256,
        "owner_tier": 0,
        "request": "main.r2",
        "segment_index": 6
      },
      {
        "cache_owner": "main.r0",
        "epic_prefix_rows": [
          101,
          154
        ],
        "fingerprint": "9ae87ab9d42e4990",
        "length": 256,
        "owner_tier": 0,
        "request": "main.r2",
        "segment_index": 7
      },
      {
        "cache_owner": "main.r0",
        "epic_prefix_rows": [
          93,
          143
        ],
        "fingerprint": "4507ec10354b9a34",
        "length": 256,
        "owner_tier": 0,
        "request": "main.r2",
        "segment_index": 8
      },
      {
        "cache_owner": "main.r0",
        "epic_prefix_rows": [
          51,
          243
        ],
        "fingerprint": "3efa0426917061ae",
        "length": 256,
        "owner_tier": 0,
        "request": "main.r2",
        "segment_index": 9
      },
      {
        "cache_owner": "main.r0",
        "epic_prefix_rows": [
          41,
          203
        ],
        "fingerprint": "e646956386ed6749",
        "length": 256,
        "owner_tier": 0,
        "request": "main.r2",
        "segment_index": 10
      },
      {
        "cache_owner": "main.r0",
        "epic_prefix_rows": [
          11,
          140
        ],
        "fingerprint": "f6e2ee9cb02b549b",
        "length": 256,
        "owner_tier": 0,
        "request": "main.r2",
        "segment_index": 11
      },
      {
        "cache_owner": "main.r0",
        "epic_prefix_rows": [
          59,
          231
        ],
        "fingerprint": "859509070aaad92f",
        "length": 256,
        "owner_tier": 0,
        "request": "main.r2",
        "segment_index": 12
      },
      {
        "cache_owner": "main.r0",
        "epic_prefix_rows": [
          68,
          131
        ],
        "fingerprint": "fcd577b876fb0572",
        "length": 256,
        "owner_tier": 0,
        "request": "main.r2",
        "segment_index": 13
      },
      {
        "cache_owner": "main.r1",
        "epic_prefix_rows": [],
        "fingerprint": "b7b36c9cc0ffca1f",
        "length": 256,
        "owner_tier": 2,
        "request": "main.r2",
        "segment_index": 14
      },
      {
        "cache_owner": "main.r1",
        "epic_prefix_rows": [],
        "fingerprint": "2ca95e1f99b62895",
        "length": 256,
        "owner_tier": 2,
        "request": "main.r2",
        "segment_index": 15
      },
      {
        "cache_owner": "main.r1",
        "epic_prefix_rows": [],
        "fingerprint": "61981006a3087531",
        "length": 256,
        "owner_tier": 2,
        "request": "main.r2",
        "segment_index": 16
      },
      {
        "cache_owner": "main.r1",
        "epic_prefix_rows": [],
        "fingerprint": "0676dfd47068e0df",
        "length": 256,
        "owner_tier": 2,
        "request": "main.r2",
        "segment_index": 17
      },
      {
        "cache_owner": "main.r1",
        "epic_prefix_rows": [],
        "fingerprint": "7392f0dd8e833d02",
        "length": 256,
        "owner_tier": 2,
        "request": "main.r2",
        "segment_index": 18
      },
      {
        "cache_owner": "main.r1",
        "epic_prefix_rows": [],
        "fingerprint": "2d9f547fcb304b0f",
        "length": 256,
        "owner_tier": 2,
        "request": "main.r2",
        "segment_index": 19
      },
      {
        "cache_owner": "main.r1",
        "epic_prefix_rows": [],
        "fingerprint": "2524834b679c9169",
        "length": 256,
        "owner_tier": 2,
        "request": "main.r2",
        "segment_index": 20
      },
      {
        "cache_owner": "main.r1",
        "epic_prefix_rows": [],
        "fingerprint": "5a8181f7e7879299",
        "length": 256,
        "owner_tier": 2,
        "request": "main.r2",
        "segment_index": 21
      },
      {
        "cache_owner": "main.r1",
        "epic_prefix_rows": [],
        "fingerprint": "c4de161da65ad6d0",
        "length": 256,
        "owner_tier": 2,
        "request": "main.r2",
        "segment_index": 22
      },
      {
        "cache_owner": "main.r2",
        "epic_prefix_rows": [
          29,
          88
        ],
        "fingerprint": "d9dc33189ee79049",
        "length": 128,
        "owner_tier": 4,
        "request": "w0.r2",
        "segment_index": 0
      },
      {
        "cache_owner": "w0.r0",
        "epic_prefix_rows": [],
        "fingerprint": "c50748f2a87b6838",
        "length": 300,
        "owner_tier": 1,
        "request": "w0.r2",
        "segment_index": 1
      },
      {
        "cache_owner": "main.r0",
        "epic_prefix_rows": [
          79,
          142
        ],
        "fingerprint": "20a4bd865a5b229e",
        "length": 256,
        "owner_tier": 0,
        "request": "w0.r2",
        "segment_index": 2
      },
      {
        "cache_owner": "main.r0",
        "epic_prefix_rows": [
          9,
          21
        ],
        "fingerprint": "9ab6734a754c1b9d",
        "length": 256,
        "owner_tier": 0,
        "request": "w0.r2",
        "segment_index": 3
      },
      {
        "cache_owner": "main.r0",
        "epic_prefix_rows": [
          20,
          105
        ],
        "fingerprint": "d08a027d3c65b5e6",
        "length": 256,
        "owner_tier": 0,
        "request": "w0.r2",
        "segment_index": 4
      },
      {
        "cache_owner": "main.r0",
        "epic_prefix_rows": [
          132,
          161
        ],
        "fingerprint": "9ae87ab9d42e4990",
        "length": 256,
        "owner_tier": 0,
        "request": "w0.r2",
        "segment_index": 5
      },
      {
        "cache_owner": "main.r0",
        "epic_prefix_rows": [
          21,
          187
        ],
        "fingerprint": "4507ec10354b9a34",
        "length": 256,
        "owner_tier": 0,
        "request": "w0.r2",
        "segment_index": 6
      },
      {
        "cache_owner": "main.r0",
        "epic_prefix_rows": [
          234,
          253
        ],
        "fingerprint": "3efa0426917061ae",
        "length": 256,
        "owner_tier": 0,
        "request": "w0.r2",
        "segment_index": 7
      },
      {
        "cache_owner": "main.r0",
        "epic_prefix_rows": [
          190,
          222
        ],
        "fingerprint": "e646956386ed6749",
        "length": 256,
        "owner_tier": 0,
        "request": "w0.r2",
        "segment_index": 8
      },
      {
        "cache_owner": "main.r0",
        "epic_prefix_rows": [
          91,
          106
        ],
        "fingerprint": "f6e2ee9cb02b549b",
        "length": 256,
        "owner_tier": 0,
        "request": "w0.r2",
        "segment_index": 9
      },
      {
        "cache_owner": "main.r0",
        "epic_prefix_rows": [
          149,
          192
        ],
        "fingerprint": "859509070aaad92f",
        "length": 256,
        "owner_tier": 0,
        "request": "w0.r2",
        "segment_index": 10
      },
      {
        "cache_owner": "main.r0",
        "epic_prefix_rows": [
          4,
          70
        ],
        "fingerprint": "fcd577b876fb0572",
        "length": 256,
        "owner_tier": 0,
        "request": "w0.r2",
        "segment_index": 11
      },
      {
        "cache_owner": "main.r1",
        "epic_prefix_rows": [
          77,
          138
        ],
        "fingerprint": "b7b36c9cc0ffca1f",
        "length": 256,
        "owner_tier": 2,
        "request": "w0.r2",
        "segment_index": 12
      },
      {
        "cache_owner": "main.r1",
        "epic_prefix_rows": [
          170,
          172
        ],
        "fingerprint": "2ca95e1f99b62895",
        "length": 256,
        "owner_tier": 2,
        "request": "w0.r2",
        "segment_index": 13
      },
      {
        "cache_owner": "main.r1",
        "epic_prefix_rows": [
          47,
          188
        ],
        "fingerprint": "61981006a3087531",
        "length": 256,
        "owner_tier": 2,
        "request": "w0.r2",
        "segment_index": 14
      },
      {
        "cache_owner": "main.r1",
        "epic_prefix_rows": [
          18,
          173
        ],
        "fingerprint": "0676dfd47068e0df",
        "length": 256,
        "owner_tier": 2,
        "request": "w0.r2",
        "segment_index": 15
      },
      {
        "cache_owner": "main.r1",
        "epic_prefix_rows": [
          21,
          138
        ],
        "fingerprint": "7392f0dd8e833d02",
        "length": 256,
        "owner_tier": 2,
        "request": "w0.r2",
        "segment_index": 16
      },
      {
        "cache_owner": "main.r1",
        "epic_prefix_rows": [
          76,
          83
        ],
        "fingerprint": "2d9f547fcb304b0f",
        "length": 256,
        "owner_tier": 2,
        "request": "w0.r2",
        "segment_index": 17
      },
      {
        "cache_owner": "main.r1",
        "epic_prefix_rows": [
          148,
          184
        ],
        "fingerprint": "2524834b679c9169",
        "length": 256,
        "owner_tier": 2,
        "request": "w0.r2",
        "segment_index": 18
      },
      {
        "cache_owner": "main.r1",
        "epic_prefix_rows": [
          66,
          202
        ],
        "fingerprint": "5a8181f7e7879299",
        "length": 256,
        "owner_tier": 2,
        "request": "w0.r2",
        "segment_index": 19
      },
      {
        "cache_owner": "main.r1",
        "epic_prefix_rows": [
          58,
          150
        ],
        "fingerprint": "c4de161da65ad6d0",
        "length": 256,
        "owner_tier": 2,
        "request": "w0.r2",
        "segment_index": 20
      },
      {
        "cache_owner": "main.r2",
        "epic_prefix_rows": [
          122,
          244
        ],
        "fingerprint": "43c1199691fc3316",
        "length": 256,
        "owner_tier": 4,
        "request": "w0.r2",
        "segment_index": 21
      },
      {
        "cache_owner": "main.r2",
        "epic_prefix_rows": [
          24,
          157
        ],
        "fingerprint": "e0c1b33b1977de85",
        "length": 256,
        "owner_tier": 4,
        "request": "w0.r2",
        "segment_index": 22
      },
      {
        "cache_owner": "main.r2",
        "epic_prefix_rows": [
          36,
          91
        ],
        "fingerprint": "3597c2ab929b2fa2",
        "length": 256,
        "owner_tier": 4,
        "request": "w0.r2",
        "segment_index": 23
      },
      {
        "cache_owner": "main.r2",
        "epic_prefix_rows": [
          154,
          206
        ],
        "fingerprint": "ebb6ffbea2fb7f17",
        "length": 256,
        "owner_tier": 4,
        "request": "w0.r2",
        "segment_index": 24
      },
      {
        "cache_owner": "main.r2",
        "epic_prefix_rows": [
          153,
          168
        ],
        "fingerprint": "13069208a9b6ae52",
        "length": 256,
        "owner_tier": 4,
        "request": "w0.r2",
        "segment_index": 25
      },
      {
        "cache_owner": "main.r2",
        "epic_prefix_rows": [
          55,
          212
        ],
        "fingerprint": "96c6eb32a8099b39",
        "length": 256,
        "owner_tier": 4,
        "request": "w0.r2",
        "segment_index": 26
      },
      {
        "cache_owner": "main.r2",
        "epic_prefix_rows": [
          50,
          246
        ],
        "fingerprint": "07f759914ec5d44c",
        "length": 256,
        "owner_tier": 4,
        "request": "w0.r2",
        "segment_index": 27
      },
      {
        "cache_owner": "main.r2",
        "epic_prefix_rows": [
          172,
          242
        ],
        "fingerprint": "66dba080f71780ec",
        "length": 256,
        "owner_tier": 4,
        "request": "w0.r2",
        "segment_index": 28
      },
      {
        "cache_owner": "main.r2",
        "epic_prefix_rows": [
          63,
          175
        ],
        "fingerprint": "f5cbe9c563f8d865",
        "length": 256,
        "owner_tier": 4,
        "request": "w0.r2",
        "segment_index": 29
      },
      {
        "cache_owner": "main.r2",
        "epic_prefix_rows": [
          59,
          245
        ],
        "fingerprint": "2bd3429ac7619aa9",
        "length": 256,
        "owner_tier": 4,
        "request": "w0.r2",
        "segment_index": 30
      },
      {
        "cache_owner": "main.r2",
        "epic_prefix_rows": [
          109,
          127
        ],
        "fingerprint": "d9dc33189ee79049",
        "length": 128,
        "owner_tier": 4,
        "request": "w1.r2",
        "segment_index": 0
      },
      {
        "cache_owner": "w0.r0",
        "epic_prefix_rows": [],
        "fingerprint": "c50748f2a87b6838",
        "length": 300,
        "owner_tier": 1,
        "request": "w1.r2",
        "segment_index": 1
      },
      {
        "cache_owner": "main.r0",
        "epic_prefix_rows": [
          19,
          154
        ],
        "fingerprint": "20a4bd865a5b229e",
        "length": 256,
        "owner_tier": 0,
        "request": "w1.r2",
        "segment_index": 2
      },
      {
        "cache_owner": "main.r0",
        "epic_prefix_rows": [
          79,
          171
        ],
        "fingerprint": "9ab6734a754c1b9d",
        "length": 256,
        "owner_tier": 0,
        "request": "w1.r2",
        "segment_index": 3
      },
      {
        "cache_owner": "main.r0",
        "epic_prefix_rows": [
          85,
          192
        ],
        "fingerprint": "d08a027d3c65b5e6",
        "length": 256,
        "owner_tier": 0,
        "request": "w1.r2",
        "segment_index": 4
      },
      {
        "cache_owner": "main.r0",
        "epic_prefix_rows": [
          33,
          44
        ],
        "fingerprint": "9ae87ab9d42e4990",
        "length": 256,
        "owner_tier": 0,
        "request": "w1.r2",
        "segment_index": 5
      },
      {
        "cache_owner": "main.r0",
        "epic_prefix_rows": [
          43,
          101
        ],
        "fingerprint": "4507ec10354b9a34",
        "length": 256,
        "owner_tier": 0,
        "request": "w1.r2",
        "segment_index": 6
      },
      {
        "cache_owner": "main.r0",
        "epic_prefix_rows": [
          31,
          113
        ],
        "fingerprint": "3efa0426917061ae",
        "length": 256,
        "owner_tier": 0,
        "request": "w1.r2",
        "segment_index": 7
      },
      {
        "cache_owner": "main.r0",
        "epic_prefix_rows": [
          4,
          197
        ],
        "fingerprint": "e646956386ed6749",
        "length": 256,
        "owner_tier": 0,
        "request": "w1.r2",
        "segment_index": 8
      },
      {
        "cache_owner": "main.r0",
        "epic_prefix_rows": [
          50,
          201
        ],
        "fingerprint": "f6e2ee9cb02b549b",
        "length": 256,
        "owner_tier": 0,
        "request": "w1.r2",
        "segment_index": 9
      },
      {
        "cache_owner": "main.r0",
        "epic_prefix_rows": [
          148,
          229
        ],
        "fingerprint": "859509070aaad92f",
        "length": 256,
        "owner_tier": 0,
        "request": "w1.r2",
        "segment_index": 10
      },
      {
        "cache_owner": "main.r0",
        "epic_prefix_rows": [
          111,
          250
        ],
        "fingerprint": "fcd577b876fb0572",
        "length": 256,
        "owner_tier": 0,
        "request": "w1.r2",
        "segment_index": 11
      },
      {
        "cache_owner": "main.r1",
        "epic_prefix_rows": [
          42,
          216
        ],
        "fingerprint": "b7b36c9cc0ffca1f",
        "length": 256,
        "owner_tier": 2,
        "request": "w1.r2",
        "segment_index": 12
      },
      {
        "cache_owner": "main.r1",
        "epic_prefix_rows": [
          112,
          188
        ],
        "fingerprint": "2ca95e1f99b62895",
        "length": 256,
        "owner_tier": 2,
        "request": "w1.r2",
        "segment_index": 13
      },
      {
        "cache_owner": "main.r1",
        "epic_prefix_rows": [
          85,
          133
        ],
        "fingerprint": "61981006a3087531",
        "length": 256,
        "owner_tier": 2,
        "request": "w1.r2",
        "segment_index": 14
      },
      {
        "cache_owner": "main.r1",
        "epic_prefix_rows": [
          98,
          220
        ],
        "fingerprint": "0676dfd47068e0df",
        "length": 256,
        "owner_tier": 2,
        "request": "w1.r2",
        "segment_index": 15
      },
      {
        "cache_owner": "main.r1",
        "epic_prefix_rows": [
          58,
          183
        ],
        "fingerprint": "7392f0dd8e833d02",
        "length": 256,
        "owner_tier": 2,
        "request": "w1.r2",
        "segment_index": 16
      },
      {
        "cache_owner": "main.r1",
        "epic_prefix_rows": [
          14,
          32
        ],
        "fingerprint": "2d9f547fcb304b0f",
        "length": 256,
        "owner_tier": 2,
        "request": "w1.r2",
        "segment_index": 17
      },
      {
        "cache_owner": "main.r1",
        "epic_prefix_rows": [
          103,
          231
        ],
        "fingerprint": "2524834b679c9169",
        "length": 256,
        "owner_tier": 2,
        "request": "w1.r2",
        "segment_index": 18
      },
      {
        "cache_owner": "main.r1",
        "epic_prefix_rows": [
          60,
          254
        ],
        "fingerprint": "5a8181f7e7879299",
        "length": 256,
        "owner_tier": 2,
        "request": "w1.r2",
        "segment_index": 19
      },
      {
        "cache_owner": "main.r1",
        "epic_prefix_rows": [
          131,
          203
        ],
        "fingerprint": "c4de161da65ad6d0",
        "length": 256,
        "owner_tier": 2,
        "request": "w1.r2",
        "segment_index": 20
      },
      {
        "cache_owner": "main.r2",
        "epic_prefix_rows": [
          21,
          106
        ],
        "fingerprint": "43c1199691fc3316",
        "length": 256,
        "owner_tier": 4,
        "request": "w1.r2",
        "segment_index": 21
      },
      {
        "cache_owner": "main.r2",
        "epic_prefix_rows": [
          74,
          110
        ],
        "fingerprint": "e0c1b33b1977de85",
        "length": 256,
        "owner_tier": 4,
        "request": "w1.r2",
        "segment_index": 22
      },
      {
        "cache_owner": "main.r2",
        "epic_prefix_rows": [
          53,
          101
        ],
        "fingerprint": "3597c2ab929b2fa2",
        "length": 256,
        "owner_tier": 4,
        "request": "w1.r2",
        "segment_index": 23
      },
      {
        "cache_owner": "main.r2",
        "epic_prefix_rows": [
          193,
          234
        ],
        "fingerprint": "ebb6ffbea2fb7f17",
        "length": 256,
        "owner_tier": 4,
        "request": "w1.r2",
        "segment_index": 24
      },
      {
        "cache_owner": "main.r2",
        "epic_prefix_rows": [
          77,
          185
        ],
        "fingerprint": "13069208a9b6ae52",
        "length": 256,
        "owner_tier": 4,
        "request": "w1.r2",
        "segment_index": 25
      },
      {
        "cache_owner": "main.r2",
        "epic_prefix_rows": [
          53,
          249
        ],
        "fingerprint": "96c6eb32a8099b39",
        "length": 256,
        "owner_tier": 4,
        "request": "w1.r2",
        "segment_index": 26
      },
      {
        "cache_owner": "main.r2",
        "epic_prefix_rows": [
          75,
          207
        ],
        "fingerprint": "07f759914ec5d44c",
        "length": 256,
        "owner_tier": 4,
        "request": "w1.r2",
        "segment_index": 27
      },
      {
        "cache_owner": "main.r2",
        "epic_prefix_rows": [
          216,
          253
        ],
        "fingerprint": "66dba080f71780ec",
        "length": 256,
        "owner_tier": 4,
        "request": "w1.r2",
        "segment_index": 28
      },
      {
        "cache_owner": "main.r2",
        "epic_prefix_rows": [
          165,
          255
        ],
        "fingerprint": "f5cbe9c563f8d865",
        "length": 256,
        "owner_tier": 4,
        "request": "w1.r2",
        "segment_index": 29
      },
      {
        "cache_owner": "main.r2",
        "epic_prefix_rows": [
          103,
          255
        ],
        "fingerprint": "2bd3429ac7619aa9",
        "length": 256,
        "owner_tier": 4,
        "request": "w1.r2",
        "segment_index": 30
      },
      {
        "cache_owner": "main.r2",
        "epic_prefix_rows": [
          2,
          56
        ],
        "fingerprint": "d9dc33189ee79049",
        "length": 128,
        "owner_tier": 4,
        "request": "w2.r2",
        "segment_index": 0
      },
      {
        "cache_owner": "w0.r0",
        "epic_prefix_rows": [],
        "fingerprint": "c50748f2a87b6838",
        "length": 300,
        "owner_tier": 1,
        "request": "w2.r2",
        "segment_index": 1
      },
      {
        "cache_owner": "main.r0",
        "epic_prefix_rows": [
          162,
          174
        ],
        "fingerprint": "20a4bd865a5b229e",
        "length": 256,
        "owner_tier": 0,
        "request": "w2.r2",
        "segment_index": 2
      },
      {
        "cache_owner": "main.r0",
        "epic_prefix_rows": [
          18,
          164
        ],
        "fingerprint": "9ab6734a754c1b9d",
        "length": 256,
        "owner_tier": 0,
        "request": "w2.r2",
        "segment_index": 3
      },
      {
        "cache_owner": "main.r0",
        "epic_prefix_rows": [
          75,
          131
        ],
        "fingerprint": "d08a027d3c65b5e6",
        "length": 256,
        "owner_tier": 0,
        "request": "w2.r2",
        "segment_index": 4
      },
      {
        "cache_owner": "main.r0",
        "epic_prefix_rows": [
          79,
          194
        ],
        "fingerprint": "9ae87ab9d42e4990",
        "length": 256,
        "owner_tier": 0,
        "request": "w2.r2",
        "segment_index": 5
      },
      {
        "cache_owner": "main.r0",
        "epic_prefix_rows": [
          150,
          240
        ],
        "fingerprint": "4507ec10354b9a34",
        "length": 256,
        "owner_tier": 0,
        "request": "w2.r2",
        "segment_index": 6
      },
      {
        "cache_owner": "main.r0",
        "epic_prefix_rows": [
          33,
          43
        ],
        "fingerprint": "3efa0426917061ae",
        "length": 256,
        "owner_tier": 0,
        "request": "w2.r2",
        "segment_index": 7
      },
      {
        "cache_owner": "main.r0",
        "epic_prefix_rows": [
          20,
          33
        ],
        "fingerprint": "e646956386ed6749",
        "length": 256,
        "owner_tier": 0,
        "request": "w2.r2",
        "segment_index": 8
      },
      {
        "cache_owner": "main.r0",
        "epic_prefix_rows": [
          66,
          115
        ],
        "fingerprint": "f6e2ee9cb02b549b",
        "length": 256,
        "owner_tier": 0,
        "request": "w2.r2",
        "segment_index": 9
      },
      {
        "cache_owner": "main.r0",
        "epic_prefix_rows": [
          20,
          153
        ],
        "fingerprint": "859509070aaad92f",
        "length": 256,
        "owner_tier": 0,
        "request": "w2.r2",
        "segment_index": 10
      },
      {
        "cache_owner": "main.r0",
        "epic_prefix_rows": [
          7,
          229
        ],
        "fingerprint": "fcd577b876fb0572",
        "length": 256,
        "owner_tier": 0,
        "request": "w2.r2",
        "segment_index": 11
      },
      {
        "cache_owner": "main.r1",
        "epic_prefix_rows": [
          82,
          169
        ],
        "fingerprint": "b7b36c9cc0ffca1f",
        "length": 256,
        "owner_tier": 2,
        "request": "w2.r2",
        "segment_index": 12
      },
      {
        "cache_owner": "main.r1",
        "epic_prefix_rows": [
          76,
          235
        ],
        "fingerprint": "2ca95e1f99b62895",
        "length": 256,
        "owner_tier": 2,
        "request": "w2.r2",
        "segment_index": 13
      },
      {
        "cache_owner": "main.r1",
        "epic_prefix_rows": [
          190,
          195
        ],
        "fingerprint": "61981006a3087531",
        "length": 256,
        "owner_tier": 2,
        "request": "w2.r2",
        "segment_index": 14
      },
      {
        "cache_owner": "main.r1",
        "epic_prefix_rows": [
          17,
          46
        ],
        "fingerprint": "0676dfd47068e0df",
        "length": 256,
        "owner_tier": 2,
        "request": "w2.r2",
        "segment_index": 15
      },
      {
        "cache_owner": "main.r1",
        "epic_prefix_rows": [
          39,
          218
        ],
        "fingerprint": "7392f0dd8e833d02",
        "length": 256,
        "owner_tier": 2,
        "request": "w2.r2",
        "segment_index": 16
      },
      {
        "cache_owner": "main.r1",
        "epic_prefix_rows": [
          105,
          148
        ],
        "fingerprint": "2d9f547fcb304b0f",
        "length": 256,
        "owner_tier": 2,
        "request": "w2.r2",
        "segment_index": 17
      },
      {
        "cache_owner": "main.r1",
        "epic_prefix_rows": [
          213,
          246
        ],
        "fingerprint": "2524834b679c9169",
        "length": 256,
        "owner_tier": 2,
        "request": "w2.r2",
        "segment_index": 18
      },
      {
        "cache_owner": "main.r1",
        "epic_prefix_rows": [
          119,
          198
        ],
        "fingerprint": "5a8181f7e7879299",
        "length": 256,
        "owner_tier": 2,
        "request": "w2.r2",
        "segment_index": 19
      },
      {
        "cache_owner": "main.r1",
        "epic_prefix_rows": [
          0,
          10
        ],
        "fingerprint": "c4de161da65ad6d0",
        "length": 256,
        "owner_tier": 2,
        "request": "w2.r2",
        "segment_index": 20
      },
      {
        "cache_owner": "main.r2",
        "epic_prefix_rows": [
          93,
          154
        ],
        "fingerprint": "43c1199691fc3316",
        "length": 256,
        "owner_tier": 4,
        "request": "w2.r2",
        "segment_index": 21
      },
      {
        "cache_owner": "main.r2",
        "epic_prefix_rows": [
          130,
          170
        ],
        "fingerprint": "e0c1b33b1977de85",
        "length": 256,
        "owner_tier": 4,
        "request": "w2.r2",
        "segment_index": 22
      },
      {
        "cache_owner": "main.r2",
        "epic_prefix_rows": [
          33,
          252
        ],
        "fingerprint": "3597c2ab929b2fa2",
        "length": 256,
        "owner_tier": 4,
        "request": "w2.r2",
        "segment_index": 23
      },
      {
        "cache_owner": "main.r2",
        "epic_prefix_rows": [
          134,
          155
        ],
        "fingerprint": "ebb6ffbea2fb7f17",
        "length": 256,
        "owner_tier": 4,
        "request": "w2.r2",
        "segment_index": 24
      },
      {
        "cache_owner": "main.r2",
        "epic_prefix_rows": [
          196,
          208
        ],
        "fingerprint": "13069208a9b6ae52",
        "length": 256,
        "owner_tier": 4,
        "request": "w2.r2",
        "segment_index": 25
      },
      {
        "cache_owner": "main.r2",
        "epic_prefix_rows": [
          31,
          196
        ],
        "fingerprint": "96c6eb32a8099b39",
        "length": 256,
        "owner_tier": 4,
        "request": "w2.r2",
        "segment_index": 26
      },
      {
        "cache_owner": "main.r2",
        "epic_prefix_rows": [
          65,
          83
        ],
        "fingerprint": "07f759914ec5d44c",
        "length": 256,
        "owner_tier": 4,
        "request": "w2.r2",
        "segment_index": 27
      },
      {
        "cache_owner": "main.r2",
        "epic_prefix_rows": [
          122,
          146
        ],
        "fingerprint": "66dba080f71780ec",
        "length": 256,
        "owner_tier": 4,
        "request": "w2.r2",
        "segment_index": 28
      },
      {
        "cache_owner": "main.r2",
        "epic_prefix_rows": [
          28,
          171
        ],
        "fingerprint": "f5cbe9c563f8d865",
        "length": 256,
        "owner_tier": 4,
        "request": "w2.r2",
        "segment_index": 29
      },
      {
        "cache_owner": "main.r2",
        "epic_prefix_rows": [
          18,
          246
        ],
        "fingerprint": "2bd3429ac7619aa9",
        "length": 256,
        "owner_tier": 4,
        "request": "w2.r2",
        "segment_index": 30
      },
      {
        "cache_owner": "main.r2",
        "epic_prefix_rows": [
          36,
          106
        ],
        "fingerprint": "d9dc33189ee79049",
        "length": 128,
        "owner_tier": 4,
        "request": "main.r3",
        "segment_index": 0
      },
      {
        "cache_owner": "main.r0",
        "epic_prefix_rows": [
          41,
          251
        ],
        "fingerprint": "20a4bd865a5b229e",
        "length": 256,
        "owner_tier": 0,
        "request": "main.r3",
        "segment_index": 4
      },
      {
        "cache_owner": "main.r0",
        "epic_prefix_rows": [
          77,
          180
        ],
        "fingerprint": "9ab6734a754c1b9d",
        "length": 256,
        "owner_tier": 0,
        "request": "main.r3",
        "segment_index": 5
      },
      {
        "cache_owner": "main.r0",
        "epic_prefix_rows": [
          18,
          210
        ],
        "fingerprint": "d08a027d3c65b5e6",
        "length": 256,
        "owner_tier": 0,
        "request": "main.r3",
        "segment_index": 6
      },
      {
        "cache_owner": "main.r0",
        "epic_prefix_rows": [
          197,
          238
        ],
        "fingerprint": "9ae87ab9d42e4990",
        "length": 256,
        "owner_tier": 0,
        "request": "main.r3",
        "segment_index": 7
      },
      {
        "cache_owner": "main.r0",
        "epic_prefix_rows": [
          24,
          234
        ],
        "fingerprint": "4507ec10354b9a34",
        "length": 256,
        "owner_tier": 0,
        "request": "main.r3",
        "segment_index": 8
      },
      {
        "cache_owner": "main.r0",
        "epic_prefix_rows": [
          51,
          241
        ],
        "fingerprint": "3efa0426917061ae",
        "length": 256,
        "owner_tier": 0,
        "request": "main.r3",
        "segment_index": 9
      },
      {
        "cache_owner": "main.r0",
        "epic_prefix_rows": [
          10,
          77
        ],
        "fingerprint": "e646956386ed6749",
        "length": 256,
        "owner_tier": 0,
        "request": "main.r3",
        "segment_index": 10
      },
      {
        "cache_owner": "main.r0",
        "epic_prefix_rows": [
          16,
          67
        ],
        "fingerprint": "f6e2ee9cb02b549b",
        "length": 256,
        "owner_tier": 0,
        "request": "main.r3",
        "segment_index": 11
      },
      {
        "cache_owner": "main.r0",
        "epic_prefix_rows": [
          53,
          165
        ],
        "fingerprint": "859509070aaad92f",
        "length": 256,
        "owner_tier": 0,
        "request": "main.r3",
        "segment_index": 12
      },
      {
        "cache_owner": "main.r0",
        "epic_prefix_rows": [
          99,
          177
        ],
        "fingerprint": "fcd577b876fb0572",
        "length": 256,
        "owner_tier": 0,
        "request": "main.r3",
        "segment_index": 13
      },
      {
        "cache_owner": "main.r1",
        "epic_prefix_rows": [],
        "fingerprint": "b7b36c9cc0ffca1f",
        "length": 256,
        "owner_tier": 2,
        "request": "main.r3",
        "segment_index": 14
      },
      {
        "cache_owner": "main.r1",
        "epic_prefix_rows": [],
        "fingerprint": "2ca95e1f99b62895",
        "length": 256,
        "owner_tier": 2,
        "request": "main.r3",
        "segment_index": 15
      },
      {
        "cache_owner": "main.r1",
        "epic_prefix_rows": [],
        "fingerprint": "61981006a3087531",
        "length": 256,
        "owner_tier": 2,
        "request": "main.r3",
        "segment_index": 16
      },
      {
        "cache_owner": "main.r1",
        "epic_prefix_rows": [],
        "fingerprint": "0676dfd47068e0df",
        "length": 256,
        "owner_tier": 2,
        "request": "main.r3",
        "segment_index": 17
      },
      {
        "cache_owner": "main.r1",
        "epic_prefix_rows": [],
        "fingerprint": "7392f0dd8e833d02",
        "length": 256,
        "owner_tier": 2,
        "request": "main.r3",
        "segment_index": 18
      },
      {
        "cache_owner": "main.r1",
        "epic_prefix_rows": [],
        "fingerprint": "2d9f547fcb304b0f",
        "length": 256,
        "owner_tier": 2,
        "request": "main.r3",
        "segment_index": 19
      },
      {
        "cache_owner": "main.r1",
        "epic_prefix_rows": [],
        "fingerprint": "2524834b679c9169",
        "length": 256,
        "owner_tier": 2,
        "request": "main.r3",
        "segment_index": 20
      },
      {
        "cache_owner": "main.r1",
        "epic_prefix_rows": [],
        "fingerprint": "5a8181f7e7879299",
        "length": 256,
        "owner_tier": 2,
        "request": "main.r3",
        "segment_index": 21
      },
      {
        "cache_owner": "main.r1",
        "epic_prefix_rows": [],
        "fingerprint": "c4de161da65ad6d0",
        "length": 256,
        "owner_tier": 2,
        "request": "main.r3",
        "segment_index": 22
      },
      {
        "cache_owner": "main.r2",
        "epic_prefix_rows": [],
        "fingerprint": "43c1199691fc3316",
        "length": 256,
        "owner_tier": 4,
        "request": "main.r3",
        "segment_index": 23
      },
      {
        "cache_owner": "main.r2",
        "epic_prefix_rows": [],
        "fingerprint": "e0c1b33b1977de85",
        "length": 256,
        "owner_tier": 4,
        "request": "main.r3",
        "segment_index": 24
      },
      {
        "cache_owner": "main.r2",
        "epic_prefix_rows": [],
        "fingerprint": "3597c2ab929b2fa2",
        "length": 256,
        "owner_tier": 4,
        "request": "main.r3",
        "segment_index": 25
      },
      {
        "cache_owner": "main.r2",
        "epic_prefix_rows": [],
        "fingerprint": "ebb6ffbea2fb7f17",
        "length": 256,
        "owner_tier": 4,
        "request": "main.r3",
        "segment_index": 26
      },
      {
        "cache_owner": "main.r2",
        "epic_prefix_rows": [],
        "fingerprint": "13069208a9b6ae52",
        "length": 256,
        "owner_tier": 4,
        "request": "main.r3",
        "segment_index": 27
      },
      {
        "cache_owner": "main.r2",
        "epic_prefix_rows": [],
        "fingerprint": "96c6eb32a8099b39",
        "length": 256,
        "owner_tier": 4,
        "request": "main.r3",
        "segment_index": 28
      },
      {
        "cache_owner": "main.r2",
        "epic_prefix_rows": [],
        "fingerprint": "07f759914ec5d44c",
        "length": 256,
        "owner_tier": 4,
        "request": "main.r3",
        "segment_index": 29
      },
      {
        "cache_owner": "main.r2",
        "epic_prefix_rows": [],
        "fingerprint": "66dba080f71780ec",
        "length": 256,
        "owner_tier": 4,
        "request": "main.r3",
        "segment_index": 30
      },
      {
        "cache_owner": "main.r2",
        "epic_prefix_rows": [],
        "fingerprint": "f5cbe9c563f8d865",
        "length": 256,
        "owner_tier": 4,
        "request": "main.r3",
        "segment_index": 31
      },
      {
        "cache_owner": "main.r2",
        "epic_prefix_rows": [],
        "fingerprint": "2bd3429ac7619aa9",
        "length": 256,
        "owner_tier": 4,
        "request": "main.r3",
        "segment_index": 32
      },
      {
        "cache_owner": "main.r3",
        "epic_prefix_rows": [
          98,
          125
        ],
        "fingerprint": "ce4ad42a86f61c1d",
        "length": 128,
        "owner_tier": 6,
        "request": "w0.r3",
        "segment_index": 0
      },
      {
        "cache_owner": "w0.r0",
        "epic_prefix_rows": [],
        "fingerprint": "c50748f2a87b6838",
        "length": 300,
        "owner_tier": 1,
        "request": "w0.r3",
        "segment_index": 1
      },
      {
        "cache_owner": "main.r0",
        "epic_prefix_rows": [
          30,
          56
        ],
        "fingerprint": "20a4bd865a5b229e",
        "length": 256,
        "owner_tier": 0,
        "request": "w0.r3",
        "segment_index": 2
      },
      {
        "cache_owner": "main.r0",
        "epic_prefix_rows": [
          172,
          239
        ],
        "fingerprint": "9ab6734a754c1b9d",
        "length": 256,
        "owner_tier": 0,
        "request": "w0.r3",
        "segment_index": 3
      },
      {
        "cache_owner": "main.r0",
        "epic_prefix_rows": [
          63,
          151
        ],
        "fingerprint": "d08a027d3c65b5e6",
        "length": 256,
        "owner_tier": 0,
        "request": "w0.r3",
        "segment_index": 4
      },
      {
        "cache_owner": "main.r0",
        "epic_prefix_rows": [
          65,
          198
        ],
        "fingerprint": "9ae87ab9d42e4990",
        "length": 256,
        "owner_tier": 0,
        "request": "w0.r3",
        "segment_index": 5
      },
      {
        "cache_owner": "main.r0",
        "epic_prefix_rows": [
          62,
          150
        ],
        "fingerprint": "4507ec10354b9a34",
        "length": 256,
        "owner_tier": 0,
        "request": "w0.r3",
        "segment_index": 6
      },
      {
        "cache_owner": "main.r0",
        "epic_prefix_rows": [
          19,
          96
        ],
        "fingerprint": "3efa0426917061ae",
        "length": 256,
        "owner_tier": 0,
        "request": "w0.r3",
        "segment_index": 7
      },
      {
        "cache_owner": "main.r0",
        "epic_prefix_rows": [
          200,
          227
        ],
        "fingerprint": "e646956386ed6749",
        "length": 256,
        "owner_tier": 0,
        "request": "w0.r3",
        "segment_index": 8
      },
      {
        "cache_owner": "main.r0",
        "epic_prefix_rows": [
          97,
          190
        ],
        "fingerprint": "f6e2ee9cb02b549b",
        "length": 256,
        "owner_tier": 0,
        "request": "w0.r3",
        "segment_index": 9
      },
      {
        "cache_owner": "main.r0",
        "epic_prefix_rows": [
          182,
          233
        ],
        "fingerprint": "859509070aaad92f",
        "length": 256,
        "owner_tier": 0,
        "request": "w0.r3",
        "segment_index": 10
      },
      {
        "cache_owner": "main.r0",
        "epic_prefix_rows": [
          22,
          38
        ],
        "fingerprint": "fcd577b876fb0572",
        "length": 256,
        "owner_tier": 0,
        "request": "w0.r3",
        "segment_index": 11
      },
      {
        "cache_owner": "main.r1",
        "epic_prefix_rows": [
          20,
          248
        ],
        "fingerprint": "b7b36c9cc0ffca1f",
        "length": 256,
        "owner_tier": 2,
        "request": "w0.r3",
        "segment_index": 12
      },
      {
        "cache_owner": "main.r1",
        "epic_prefix_rows": [
          13,
          130
        ],
        "fingerprint": "2ca95e1f99b62895",
        "length": 256,
        "owner_tier": 2,
        "request": "w0.r3",
        "segment_index": 13
      },
      {
        "cache_owner": "main.r1",
        "epic_prefix_rows": [
          110,
          117
        ],
        "fingerprint": "61981006a3087531",
        "length": 256,
        "owner_tier": 2,
        "request": "w0.r3",
        "segment_index": 14
      },
      {
        "cache_owner": "main.r1",
        "epic_prefix_rows": [
          47,
          215
        ],
        "fingerprint": "0676dfd47068e0df",
        "length": 256,
        "owner_tier": 2,
        "request": "w0.r3",
        "segment_index": 15
      },
      {
        "cache_owner": "main.r1",
        "epic_prefix_rows": [
          58,
          156
        ],
        "fingerprint": "7392f0dd8e833d02",
        "length": 256,
        "owner_tier": 2,
        "request": "w0.r3",
        "segment_index": 16
      },
      {
        "cache_owner": "main.r1",
        "epic_prefix_rows": [
          74,
          218
        ],
        "fingerprint": "2d9f547fcb304b0f",
        "length": 256,
        "owner_tier": 2,
        "request": "w0.r3",
        "segment_index": 17
      },
      {
        "cache_owner": "main.r1",
        "epic_prefix_rows": [
          43,
          216
        ],
        "fingerprint": "2524834b679c9169",
        "length": 256,
        "owner_tier": 2,
        "request": "w0.r3",
        "segment_index": 18
      },
      {
        "cache_owner": "main.r1",
        "epic_prefix_rows": [
          53,
          212
        ],
        "fingerprint": "5a8181f7e7879299",
        "length": 256,
        "owner_tier": 2,
        "request": "w0.r3",
        "segment_index": 19
      },
      {
        "cache_owner": "main.r1",
        "epic_prefix_rows": [
          32,
          50
        ],
        "fingerprint": "c4de161da65ad6d0",
        "length": 256,
        "owner_tier": 2,
        "request": "w0.r3",
        "segment_index": 20
      },
      {
        "cache_owner": "main.r2",
        "epic_prefix_rows": [
          79,
          212
        ],
        "fingerprint": "43c1199691fc3316",
        "length": 256,
        "owner_tier": 4,
        "request": "w0.r3",
        "segment_index": 21
      },
      {
        "cache_owner": "main.r2",
        "epic_prefix_rows": [
          15,
          228
        ],
        "fingerprint": "e0c1b33b1977de85",
        "length": 256,
        "owner_tier": 4,
        "request": "w0.r3",
        "segment_index": 22
      },
      {
        "cache_owner": "main.r2",
        "epic_prefix_rows": [
          213,
          220
        ],
        "fingerprint": "3597c2ab929b2fa2",
        "length": 256,
        "owner_tier": 4,
        "request": "w0.r3",
        "segment_index": 23
      },
      {
        "cache_owner": "main.r2",
        "epic_prefix_rows": [
          15,
          254
        ],
        "fingerprint": "ebb6ffbea2fb7f17",
        "length": 256,
        "owner_tier": 4,
        "request": "w0.r3",
        "segment_index": 24
      },
      {
        "cache_owner": "main.r2",
        "epic_prefix_rows": [
          129,
          166
        ],
        "fingerprint": "13069208a9b6ae52",
        "length": 256,
        "owner_tier": 4,
        "request": "w0.r3",
        "segment_index": 25
      },
      {
        "cache_owner": "main.r2",
        "epic_prefix_rows": [
          40,
          180
        ],
        "fingerprint": "96c6eb32a8099b39",
        "length": 256,
        "owner_tier": 4,
        "request": "w0.r3",
        "segment_index": 26
      },
      {
        "cache_owner": "main.r2",
        "epic_prefix_rows": [
          36,
          62
        ],
        "fingerprint": "07f759914ec5d44c",
        "length": 256,
        "owner_tier": 4,
        "request": "w0.r3",
        "segment_index": 27
      },
      {
        "cache_owner": "main.r2",
        "epic_prefix_rows": [
          15,
          183
        ],
        "fingerprint": "66dba080f71780ec",
        "length": 256,
        "owner_tier": 4,
        "request": "w0.r3",
        "segment_index": 28
      },
      {
        "cache_owner": "main.r2",
        "epic_prefix_rows": [
          176,
          178
        ],
        "fingerprint": "f5cbe9c563f8d865",
        "length": 256,
        "owner_tier": 4,
        "request": "w0.r3",
        "segment_index": 29
      },
      {
        "cache_owner": "main.r2",
        "epic_prefix_rows": [
          5,
          91
        ],
        "fingerprint": "2bd3429ac7619aa9",
        "length": 256,
        "owner_tier": 4,
        "request": "w0.r3",
        "segment_index": 30
      },
      {
        "cache_owner": "main.r3",
        "epic_prefix_rows": [
          118,
          187
        ],
        "fingerprint": "7e497667b297c845",
        "length": 256,
        "owner_tier": 6,
        "request": "w0.r3",
        "segment_index": 31
      },
      {
        "cache_owner": "main.r3",
        "epic_prefix_rows": [
          36,
          73
        ],
        "fingerprint": "37b4718978e1500a",
        "length": 256,
        "owner_tier": 6,
        "request": "w0.r3",
        "segment_index": 32
      },
      {
        "cache_owner": "main.r3",
        "epic_prefix_rows": [
          1,
          106
        ],
        "fingerprint": "a03f8799509acc24",
        "length": 256,
        "owner_tier": 6,
        "request": "w0.r3",
        "segment_index": 33
      },
      {
        "cache_owner": "main.r3",
        "epic_prefix_rows": [
          63,
          104
        ],
        "fingerprint": "810508acd012e8a7",
        "length": 256,
        "owner_tier": 6,
        "request": "w0.r3",
        "segment_index": 34
      },
      {
        "cache_owner": "main.r3",
        "epic_prefix_rows": [
          3,
          150
        ],
        "fingerprint": "b03fe1ff7b59999e",
        "length": 256,
        "owner_tier": 6,
        "request": "w0.r3",
        "segment_index": 35
      },
      {
        "cache_owner": "main.r3",
        "epic_prefix_rows": [
          12,
          188
        ],
        "fingerprint": "40596d9bc8f60e23",
        "length": 256,
        "owner_tier": 6,
        "request": "w0.r3",
        "segment_index": 36
      },
      {
        "cache_owner": "main.r3",
        "epic_prefix_rows": [
          72,
          119
        ],
        "fingerprint": "a4cee309986b1e06",
        "length": 256,
        "owner_tier": 6,
        "request": "w0.r3",
        "segment_index": 37
      },
      {
        "cache_owner": "main.r3",
        "epic_prefix_rows": [
          95,
          232
        ],
        "fingerprint": "8b3f6b908f9ada23",
        "length": 256,
        "owner_tier": 6,
        "request": "w0.r3",
        "segment_index": 38
      },
      {
        "cache_owner": "main.r3",
        "epic_prefix_rows": [
          57,
          244
        ],
        "fingerprint": "081e2fb018d14722",
        "length": 256,
        "owner_tier": 6,
        "request": "w0.r3",
        "segment_index": 39
      },
      {
        "cache_owner": "main.r3",
        "epic_prefix_rows": [
          66,
          88
        ],
        "fingerprint": "ce4ad42a86f61c1d",
        "length": 128,
        "owner_tier": 6,
        "request": "w1.r3",
        "segment_index": 0
      },
      {
        "cache_owner": "w0.r0",
        "epic_prefix_rows": [],
        "fingerprint": "c50748f2a87b6838",
        "length": 300,
        "owner_tier": 1,
        "request": "w1.r3",
        "segment_index": 1
      },
      {
        "cache_owner": "main.r0",
        "epic_prefix_rows": [
          14,
          66
        ],
        "fingerprint": "20a4bd865a5b229e",
        "length": 256,
        "owner_tier": 0,
        "request": "w1.r3",
        "segment_index": 2
      },
      {
        "cache_owner": "main.r0",
        "epic_prefix_rows": [
          106,
          185
        ],
        "fingerprint": "9ab6734a754c1b9d",
        "length": 256,
        "owner_tier": 0,
        "request": "w1.r3",
        "segment_index": 3
      },
      {
        "cache_owner": "main.r0",
        "epic_prefix_rows": [
          171,
          242
        ],
        "fingerprint": "d08a027d3c65b5e6",
        "length": 256,
        "owner_tier": 0,
        "request": "w1.r3",
        "segment_index": 4
      },
      {
        "cache_owner": "main.r0",
        "epic_prefix_rows": [
          149,
          151
        ],
        "fingerprint": "9ae87ab9d42e4990",
        "length": 256,
        "owner_tier": 0,
        "request": "w1.r3",
        "segment_index": 5
      },
      {
        "cache_owner": "main.r0",
        "epic_prefix_rows": [
          94,
          167
        ],
        "fingerprint": "4507ec10354b9a34",
        "length": 256,
        "owner_tier": 0,
        "request": "w1.r3",
        "segment_index": 6
      },
      {
        "cache_owner": "main.r0",
        "epic_prefix_rows": [
          41,
          52
        ],
        "fingerprint": "3efa0426917061ae",
        "length": 256,
        "owner_tier": 0,
        "request": "w1.r3",
        "segment_index": 7
      },
      {
        "cache_owner": "main.r0",
        "epic_prefix_rows": [
          80,
          157
        ],
        "fingerprint": "e646956386ed6749",
        "length": 256,
        "owner_tier": 0,
        "request": "w1.r3",
        "segment_index": 8
      },
      {
        "cache_owner": "main.r0",
        "epic_prefix_rows": [
          75,
          192
        ],
        "fingerprint": "f6e2ee9cb02b549b",
        "length": 256,
        "owner_tier": 0,
        "request": "w1.r3",
        "segment_index": 9
      },
      {
        "cache_owner": "main.r0",
        "epic_prefix_rows": [
          64,
          114
        ],
        "fingerprint": "859509070aaad92f",
        "length": 256,
        "owner_tier": 0,
        "request": "w1.r3",
        "segment_index": 10
      },
      {
        "cache_owner": "main.r0",
        "epic_prefix_rows": [
          124,
          161
        ],
        "fingerprint": "fcd577b876fb0572",
        "length": 256,
        "owner_tier": 0,
        "request": "w1.r3",
        "segment_index": 11
      },
      {
        "cache_owner": "main.r1",
        "epic_prefix_rows": [
          94,
          121
        ],
        "fingerprint": "b7b36c9cc0ffca1f",
        "length": 256,
        "owner_tier": 2,
        "request": "w1.r3",
        "segment_index": 12
      },
      {
        "cache_owner": "main.r1",
        "epic_prefix_rows": [
          149,
          190
        ],
        "fingerprint": "2ca95e1f99b62895",
        "length": 256,
        "owner_tier": 2,
        "request": "w1.r3",
        "segment_index": 13
      },
      {
        "cache_owner": "main.r1",
        "epic_prefix_rows": [
          23,
          214
        ],
        "fingerprint": "61981006a3087531",
        "length": 256,
        "owner_tier": 2,
        "request": "w1.r3",
        "segment_index": 14
      },
      {
        "cache_owner": "main.r1",
        "epic_prefix_rows": [
          10,
          67
        ],
        "fingerprint": "0676dfd47068e0df",
        "length": 256,
        "owner_tier": 2,
        "request": "w1.r3",
        "segment_index": 15
      },
      {
        "cache_owner": "main.r1",
        "epic_prefix_rows": [
          39,
          201
        ],
        "fingerprint": "7392f0dd8e833d02",
        "length": 256,
        "owner_tier": 2,
        "request": "w1.r3",
        "segment_index": 16
      },
      {
        "cache_owner": "main.r1",
        "epic_prefix_rows": [
          37,
          67
        ],
        "fingerprint": "2d9f547fcb304b0f",
        "length": 256,
        "owner_tier": 2,
        "request": "w1.r3",
        "segment_index": 17
      },
      {
        "cache_owner": "main.r1",
        "epic_prefix_rows": [
          153,
          215
        ],
        "fingerprint": "2524834b679c9169",
        "length": 256,
        "owner_tier": 2,
        "request": "w1.r3",
        "segment_index": 18
      },
      {
        "cache_owner": "main.r1",
        "epic_prefix_rows": [
          72,
          213
        ],
        "fingerprint": "5a8181f7e7879299",
        "length": 256,
        "owner_tier": 2,
        "request": "w1.r3",
        "segment_index": 19
      },
      {
        "cache_owner": "main.r1",
        "epic_prefix_rows": [
          152,
          216
        ],
        "fingerprint": "c4de161da65ad6d0",
        "length": 256,
        "owner_tier": 2,
        "request": "w1.r3",
        "segment_index": 20
      },
      {
        "cache_owner": "main.r2",
        "epic_prefix_rows": [
          43,
          181
        ],
        "fingerprint": "43c1199691fc3316",
        "length": 256,
        "owner_tier": 4,
        "request": "w1.r3",
        "segment_index": 21
      },
      {
        "cache_owner": "main.r2",
        "epic_prefix_rows": [
          127,
          227
        ],
        "fingerprint": "e0c1b33b1977de85",
        "length": 256,
        "owner_tier": 4,
        "request": "w1.r3",
        "segment_index": 22
      },
      {
        "cache_owner": "main.r2",
        "epic_prefix_rows": [
          29,
          189
        ],
        "fingerprint": "3597c2ab929b2fa2",
        "length": 256,
        "owner_tier": 4,
        "request": "w1.r3",
        "segment_index": 23
      },
      {
        "cache_owner": "main.r2",
        "epic_prefix_rows": [
          192,
          209
        ],
        "fingerprint": "ebb6ffbea2fb7f17",
        "length": 256,
        "owner_tier": 4,
        "request": "w1.r3",
        "segment_index": 24
      },
      {
        "cache_owner": "main.r2",
        "epic_prefix_rows": [
          4,
          213
        ],
        "fingerprint": "13069208a9b6ae52",
        "length": 256,
        "owner_tier": 4,
        "request": "w1.r3",
        "segment_index": 25
      },
      {
        "cache_owner": "main.r2",
        "epic_prefix_rows": [
          164,
          225
        ],
        "fingerprint": "96c6eb32a8099b39",
        "length": 256,
        "owner_tier": 4,
        "request": "w1.r3",
        "segment_index": 26
      },
      {
        "cache_owner": "main.r2",
        "epic_prefix_rows": [
          104,
          190
        ],
        "fingerprint": "07f759914ec5d44c",
        "length": 256,
        "owner_tier": 4,
        "request": "w1.r3",
        "segment_index": 27
      },
      {
        "cache_owner": "main.r2",
        "epic_prefix_rows": [
          150,
          241
        ],
        "fingerprint": "66dba080f71780ec",
        "length": 256,
        "owner_tier": 4,
        "request": "w1.r3",
        "segment_index": 28
      },
      {
        "cache_owner": "main.r2",
        "epic_prefix_rows": [
          46,
          94
        ],
        "fingerprint": "f5cbe9c563f8d865",
        "length": 256,
        "owner_tier": 4,
        "request": "w1.r3",
        "segment_index": 29
      },
      {
        "cache_owner": "main.r2",
        "epic_prefix_rows": [
          55,
          141
        ],
        "fingerprint": "2bd3429ac7619aa9",
        "length": 256,
        "owner_tier": 4,
        "request": "w1.r3",
        "segment_index": 30
      },
      {
        "cache_owner": "main.r3",
        "epic_prefix_rows": [
          57,
          78
        ],
        "fingerprint": "7e497667b297c845",
        "length": 256,
        "owner_tier": 6,
        "request": "w1.r3",
        "segment_index": 31
      },
      {
        "cache_owner": "main.r3",
        "epic_prefix_rows": [
          204,
          228
        ],
        "fingerprint": "37b4718978e1500a",
        "length": 256,
        "owner_tier": 6,
        "request": "w1.r3",
        "segment_index": 32
      },
      {
        "cache_owner": "main.r3",
        "epic_prefix_rows": [
          94,
          215
        ],
        "fingerprint": "a03f8799509acc24",
        "length": 256,
        "owner_tier": 6,
        "request": "w1.r3",
        "segment_index": 33
      },
      {
        "cache_owner": "main.r3",
        "epic_prefix_rows": [
          89,
          221
        ],
        "fingerprint": "810508acd012e8a7",
        "length": 256,
        "owner_tier": 6,
        "request": "w1.r3",
        "segment_index": 34
      },
      {
        "cache_owner": "main.r3",
        "epic_prefix_rows": [
          126,
          232
        ],
        "fingerprint": "b03fe1ff7b59999e",
        "length": 256,
        "owner_tier": 6,
        "request": "w1.r3",
        "segment_index": 35
      },
      {
        "cache_owner": "main.r3",
        "epic_prefix_rows": [
          72,
          174
        ],
        "fingerprint": "40596d9bc8f60e23",
        "length": 256,
        "owner_tier": 6,
        "request": "w1.r3",
        "segment_index": 36
      },
      {
        "cache_owner": "main.r3",
        "epic_prefix_rows": [
          181,
          236
        ],
        "fingerprint": "a4cee309986b1e06",
        "length": 256,
        "owner_tier": 6,
        "request": "w1.r3",
        "segment_index": 37
      },
      {
        "cache_owner": "main.r3",
        "epic_prefix_rows": [
          44,
          247
        ],
        "fingerprint": "8b3f6b908f9ada23",
        "length": 256,
        "owner_tier": 6,
        "request": "w1.r3",
        "segment_index": 38
      },
      {
        "cache_owner": "main.r3",
        "epic_prefix_rows": [
          104,
          150
        ],
        "fingerprint": "081e2fb018d14722",
        "length": 256,
        "owner_tier": 6,
        "request": "w1.r3",
        "segment_index": 39
      },
      {
        "cache_owner": "main.r3",
        "epic_prefix_rows": [
          0,
          114
        ],
        "fingerprint": "ce4ad42a86f61c1d",
        "length": 128,
        "owner_tier": 6,
        "request": "w2.r3",
        "segment_index": 0
      },
      {
        "cache_owner": "w0.r0",
        "epic_prefix_rows": [],
        "fingerprint": "c50748f2a87b6838",
        "length": 300,
        "owner_tier": 1,
        "request": "w2.r3",
        "segment_index": 1
      },
      {
        "cache_owner": "main.r0",
        "epic_prefix_rows": [
          3,
          236
        ],
        "fingerprint": "20a4bd865a5b229e",
        "length": 256,
        "owner_tier": 0,
        "request": "w2.r3",
        "segment_index": 2
      },
      {
        "cache_owner": "main.r0",
        "epic_prefix_rows": [
          111,
          152
        ],
        "fingerprint": "9ab6734a754c1b9d",
        "length": 256,
        "owner_tier": 0,
        "request": "w2.r3",
        "segment_index": 3
      },
      {
        "cache_owner": "main.r0",
        "epic_prefix_rows": [
          58,
          154
        ],
        "fingerprint": "d08a027d3c65b5e6",
        "length": 256,
        "owner_tier": 0,
        "request": "w2.r3",
        "segment_index": 4
      },
      {
        "cache_owner": "main.r0",
        "epic_prefix_rows": [
          79,
          217
        ],
        "fingerprint": "9ae87ab9d42e4990",
        "length": 256,
        "owner_tier": 0,
        "request": "w2.r3",
        "segment_index": 5
      },
      {
        "cache_owner": "main.r0",
        "epic_prefix_rows": [
          47,
          241
        ],
        "fingerprint": "4507ec10354b9a34",
        "length": 256,
        "owner_tier": 0,
        "request": "w2.r3",
        "segment_index": 6
      },
      {
        "cache_owner": "main.r0",
        "epic_prefix_rows": [
          118,
          254
        ],
        "fingerprint": "3efa0426917061ae",
        "length": 256,
        "owner_tier": 0,
        "request": "w2.r3",
        "segment_index": 7
      },
      {
        "cache_owner": "main.r0",
        "epic_prefix_rows": [
          143,
          207
        ],
        "fingerprint": "e646956386ed6749",
        "length": 256,
        "owner_tier": 0,
        "request": "w2.r3",
        "segment_index": 8
      },
      {
        "cache_owner": "main.r0",
        "epic_prefix_rows": [
          11,
          61
        ],
        "fingerprint": "f6e2ee9cb02b549b",
        "length": 256,
        "owner_tier": 0,
        "request": "w2.r3",
        "segment_index": 9
      },
      {
        "cache_owner": "main.r0",
        "epic_prefix_rows": [
          20,
          138
        ],
        "fingerprint": "859509070aaad92f",
        "length": 256,
        "owner_tier": 0,
        "request": "w2.r3",
        "segment_index": 10
      },
      {
        "cache_owner": "main.r0",
        "epic_prefix_rows": [
          0,
          131
        ],
        "fingerprint": "fcd577b876fb0572",
        "length": 256,
        "owner_tier": 0,
        "request": "w2.r3",
        "segment_index": 11
      },
      {
        "cache_owner": "main.r1",
        "epic_prefix_rows": [
          202,
          203
        ],
        "fingerprint": "b7b36c9cc0ffca1f",
        "length": 256,
        "owner_tier": 2,
        "request": "w2.r3",
        "segment_index": 12
      },
      {
        "cache_owner": "main.r1",
        "epic_prefix_rows": [
          52,
          227
        ],
        "fingerprint": "2ca95e1f99b62895",
        "length": 256,
        "owner_tier": 2,
        "request": "w2.r3",
        "segment_index": 13
      },
      {
        "cache_owner": "main.r1",
        "epic_prefix_rows": [
          129,
          181
        ],
        "fingerprint": "61981006a3087531",
        "length": 256,
        "owner_tier": 2,
        "request": "w2.r3",
        "segment_index": 14
      },
      {
        "cache_owner": "main.r1",
        "epic_prefix_rows": [
          100,
          145
        ],
        "fingerprint": "0676dfd47068e0df",
        "length": 256,
        "owner_tier": 2,
        "request": "w2.r3",
        "segment_index": 15
      },
      {
        "cache_owner": "main.r1",
        "epic_prefix_rows": [
          18,
          43
        ],
        "fingerprint": "7392f0dd8e833d02",
        "length": 256,
        "owner_tier": 2,
        "request": "w2.r3",
        "segment_index": 16
      },
      {
        "cache_owner": "main.r1",
        "epic_prefix_rows": [
          36,
          134
        ],
        "fingerprint": "2d9f547fcb304b0f",
        "length": 256,
        "owner_tier": 2,
        "request": "w2.r3",
        "segment_index": 17
      },
      {
        "cache_owner": "main.r1",
        "epic_prefix_rows": [
          156,
          174
        ],
        "fingerprint": "2524834b679c9169",
        "length": 256,
        "owner_tier": 2,
        "request": "w2.r3",
        "segment_index": 18
      },
      {
        "cache_owner": "main.r1",
        "epic_prefix_rows": [
          60,
          127
        ],
        "fingerprint": "5a8181f7e7879299",
        "length": 256,
        "owner_tier": 2,
        "request": "w2.r3",
        "segment_index": 19
      },
      {
        "cache_owner": "main.r1",
        "epic_prefix_rows": [
          34,
          83
        ],
        "fingerprint": "c4de161da65ad6d0",
        "length": 256,
        "owner_tier": 2,
        "request": "w2.r3",
        "segment_index": 20
      },
      {
        "cache_owner": "main.r2",
        "epic_prefix_rows": [
          148,
          212
        ],
        "fingerprint": "43c1199691fc3316",
        "length": 256,
        "owner_tier": 4,
        "request": "w2.r3",
        "segment_index": 21
      },
      {
        "cache_owner": "main.r2",
        "epic_prefix_rows": [
          68,
          144
        ],
        "fingerprint": "e0c1b33b1977de85",
        "length": 256,
        "owner_tier": 4,
        "request": "w2.r3",
        "segment_index": 22
      },
      {
        "cache_owner": "main.r2",
        "epic_prefix_rows": [
          53,
          107
        ],
        "fingerprint": "3597c2ab929b2fa2",
        "length": 256,
        "owner_tier": 4,
        "request": "w2.r3",
        "segment_index": 23
      },
      {
        "cache_owner": "main.r2",
        "epic_prefix_rows": [
          206,
          210
        ],
        "fingerprint": "ebb6ffbea2fb7f17",
        "length": 256,
        "owner_tier": 4,
        "request": "w2.r3",
        "segment_index": 24
      },
      {
        "cache_owner": "main.r2",
        "epic_prefix_rows": [
          142,
          149
        ],
        "fingerprint": "13069208a9b6ae52",
        "length": 256,
        "owner_tier": 4,
        "request": "w2.r3",
        "segment_index": 25
      },
      {
        "cache_owner": "main.r2",
        "epic_prefix_rows": [
          190,
          226
        ],
        "fingerprint": "96c6eb32a8099b39",
        "length": 256,
        "owner_tier": 4,
        "request": "w2.r3",
        "segment_index": 26
      },
      {
        "cache_owner": "main.r2",
        "epic_prefix_rows": [
          70,
          80
        ],
        "fingerprint": "07f759914ec5d44c",
        "length": 256,
        "owner_tier": 4,
        "request": "w2.r3",
        "segment_index": 27
      },
      {
        "cache_owner": "main.r2",
        "epic_prefix_rows": [
          61,
          63
        ],
        "fingerprint": "66dba080f71780ec",
        "length": 256,
        "owner_tier": 4,
        "request": "w2.r3",
        "segment_index": 28
      },
      {
        "cache_owner": "main.r2",
        "epic_prefix_rows": [
          195,
          205
        ],
        "fingerprint": "f5cbe9c563f8d865",
        "length": 256,
        "owner_tier": 4,
        "request": "w2.r3",
        "segment_index": 29
      },
      {
        "cache_owner": "main.r2",
        "epic_prefix_rows": [
          71,
          239
        ],
        "fingerprint": "2bd3429ac7619aa9",
        "length": 256,
        "owner_tier": 4,
        "request": "w2.r3",
        "segment_index": 30
      },
      {
        "cache_owner": "main.r3",
        "epic_prefix_rows": [
          153,
          181
        ],
        "fingerprint": "7e497667b297c845",
        "length": 256,
        "owner_tier": 6,
        "request": "w2.r3",
        "segment_index": 31
      },
      {
        "cache_owner": "main.r3",
        "epic_prefix_rows": [
          212,
          242
        ],
        "fingerprint": "37b4718978e1500a",
        "length": 256,
        "owner_tier": 6,
        "request": "w2.r3",
        "segment_index": 32
      },
      {
        "cache_owner": "main.r3",
        "epic_prefix_rows": [
          111,
          244
        ],
        "fingerprint": "a03f8799509acc24",
        "length": 256,
        "owner_tier": 6,
        "request": "w2.r3",
        "segment_index": 33
      },
      {
        "cache_owner": "main.r3",
        "epic_prefix_rows": [
          162,
          250
        ],
        "fingerprint": "810508acd012e8a7",
        "length": 256,
        "owner_tier": 6,
        "request": "w2.r3",
        "segment_index": 34
      },
      {
        "cache_owner": "main.r3",
        "epic_prefix_rows": [
          30,
          252
        ],
        "fingerprint": "b03fe1ff7b59999e",
        "length": 256,
        "owner_tier": 6,
        "request": "w2.r3",
        "segment_index": 35
      },
      {
        "cache_owner": "main.r3",
        "epic_prefix_rows": [
          153,
          227
        ],
        "fingerprint": "40596d9bc8f60e23",
        "length": 256,
        "owner_tier": 6,
        "request": "w2.r3",
        "segment_index": 36
      },
      {
        "cache_owner": "main.r3",
        "epic_prefix_rows": [
          73,
          253
        ],
        "fingerprint": "a4cee309986b1e06",
        "length": 256,
        "owner_tier": 6,
        "request": "w2.r3",
        "segment_index": 37
      },
      {
        "cache_owner": "main.r3",
        "epic_prefix_rows": [
          26,
          110
        ],
        "fingerprint": "8b3f6b908f9ada23",
        "length": 256,
        "owner_tier": 6,
        "request": "w2.r3",
        "segment_index": 38
      },
      {
        "cache_owner": "main.r3",
        "epic_prefix_rows": [
          13,
          181
        ],
        "fingerprint": "081e2fb018d14722",
        "length": 256,
        "owner_tier": 6,
        "request": "w2.r3",
        "segment_index": 39
      },
      {
        "cache_owner": "main.r3",
        "epic_prefix_rows": [
          100,
          120
        ],
        "fingerprint": "ce4ad42a86f61c1d",
        "length": 128,
        "owner_tier": 6,
        "request": "main.r4",
        "segment_index": 0
      },
      {
        "cache_owner": "main.r0",
        "epic_prefix_rows": [
          5,
          34
        ],
        "fingerprint": "20a4bd865a5b229e",
        "length": 256,
        "owner_tier": 0,
        "request": "main.r4",
        "segment_index": 4
      },
      {
        "cache_owner": "main.r0",
        "epic_prefix_rows": [
          41,
          202
        ],
        "fingerprint": "9ab6734a754c1b9d",
        "length": 256,
        "owner_tier": 0,
        "request": "main.r4",
        "segment_index": 5
      },
      {
        "cache_owner": "main.r0",
        "epic_prefix_rows": [
          3,
          184
        ],
        "fingerprint": "d08a027d3c65b5e6",
        "length": 256,
        "owner_tier": 0,
        "request": "main.r4",
        "segment_index": 6
      },
      {
        "cache_owner": "main.r0",
        "epic_prefix_rows": [
          21,
          59
        ],
        "fingerprint": "9ae87ab9d42e4990",
        "length": 256,
        "owner_tier": 0,
        "request": "main.r4",
        "segment_index": 7
      },
      {
        "cache_owner": "main.r0",
        "epic_prefix_rows": [
          1,
          138
        ],
        "fingerprint": "4507ec10354b9a34",
        "length": 256,
        "owner_tier": 0,
        "request": "main.r4",
        "segment_index": 8
      },
      {
        "cache_owner": "main.r0",
        "epic_prefix_rows": [
          116,
          149
        ],
        "fingerprint": "3efa0426917061ae",
        "length": 256,
        "owner_tier": 0,
        "request": "main.r4",
        "segment_index": 9
      },
      {
        "cache_owner": "main.r0",
        "epic_prefix_rows": [
          72,
          147
        ],
        "fingerprint": "e646956386ed6749",
        "length": 256,
        "owner_tier": 0,
        "request": "main.r4",
        "segment_index": 10
      },
      {
        "cache_owner": "main.r0",
        "epic_prefix_rows": [
          53,
          97
        ],
        "fingerprint": "f6e2ee9cb02b549b",
        "length": 256,
        "owner_tier": 0,
        "request": "main.r4",
        "segment_index": 11
      },
      {
        "cache_owner": "main.r0",
        "epic_prefix_rows": [
          222,
          235
        ],
        "fingerprint": "859509070aaad92f",
        "length": 256,
        "owner_tier": 0,
        "request": "main.r4",
        "segment_index": 12
      },
      {
        "cache_owner": "main.r0",
        "epic_prefix_rows": [
          169,
          196
        ],
        "fingerprint": "fcd577b876fb0572",
        "length": 256,
        "owner_tier": 0,
        "request": "main.r4",
        "segment_index": 13
      },
      {
        "cache_owner": "main.r1",
        "epic_prefix_rows": [],
        "fingerprint": "b7b36c9cc0ffca1f",
        "length": 256,
        "owner_tier": 2,
        "request": "main.r4",
        "segment_index": 14
      },
      {
        "cache_owner": "main.r1",
        "epic_prefix_rows": [],
        "fingerprint": "2ca95e1f99b62895",
        "length": 256,
        "owner_tier": 2,
        "request": "main.r4",
        "segment_index": 15
      },
      {
        "cache_owner": "main.r1",
        "epic_prefix_rows": [],
        "fingerprint": "61981006a3087531",
        "length": 256,
        "owner_tier": 2,
        "request": "main.r4",
        "segment_index": 16
      },
      {
        "cache_owner": "main.r1",
        "epic_prefix_rows": [],
        "fingerprint": "0676dfd47068e0df",
        "length": 256,
        "owner_tier": 2,
        "request": "main.r4",
        "segment_index": 17
      },
      {
        "cache_owner": "main.r1",
        "epic_prefix_rows": [],
        "fingerprint": "7392f0dd8e833d02",
        "length": 256,
        "owner_tier": 2,
        "request": "main.r4",
        "segment_index": 18
      },
      {
        "cache_owner": "main.r1",
        "epic_prefix_rows": [],
        "fingerprint": "2d9f547fcb304b0f",
        "length": 256,
        "owner_tier": 2,
        "request": "main.r4",
        "segment_index": 19
      },
      {
        "cache_owner": "main.r1",
        "epic_prefix_rows": [],
        "fingerprint": "2524834b679c9169",
        "length": 256,
        "owner_tier": 2,
        "request": "main.r4",
        "segment_index": 20
      },
      {
        "cache_owner": "main.r1",
        "epic_prefix_rows": [],
        "fingerprint": "5a8181f7e7879299",
        "length": 256,
        "owner_tier": 2,
        "request": "main.r4",
        "segment_index": 21
      },
      {
        "cache_owner": "main.r1",
        "epic_prefix_rows": [],
        "fingerprint": "c4de161da65ad6d0",
        "length": 256,
        "owner_tier": 2,
        "request": "main.r4",
        "segment_index": 22
      },
      {
        "cache_owner": "main.r2",
        "epic_prefix_rows": [],
        "fingerprint": "43c1199691fc3316",
        "length": 256,
        "owner_tier": 4,
        "request": "main.r4",
        "segment_index": 23
      },
      {
        "cache_owner": "main.r2",
        "epic_prefix_rows": [],
        "fingerprint": "e0c1b33b1977de85",
        "length": 256,
        "owner_tier": 4,
        "request": "main.r4",
        "segment_index": 24
      },
      {
        "cache_owner": "main.r2",
        "epic_prefix_rows": [],
        "fingerprint": "3597c2ab929b2fa2",
        "length": 256,
        "owner_tier": 4,
        "request": "main.r4",
        "segment_index": 25
      },
      {
        "cache_owner": "main.r2",
        "epic_prefix_rows": [],
        "fingerprint": "ebb6ffbea2fb7f17",
        "length": 256,
        "owner_tier": 4,
        "request": "main.r4",
        "segment_index": 26
      },
      {
        "cache_owner": "main.r2",
        "epic_prefix_rows": [],
        "fingerprint": "13069208a9b6ae52",
        "length": 256,
        "owner_tier": 4,
        "request": "main.r4",
        "segment_index": 27
      },
      {
        "cache_owner": "main.r2",
        "epic_prefix_rows": [],
        "fingerprint": "96c6eb32a8099b39",
        "length": 256,
        "owner_tier": 4,
        "request": "main.r4",
        "segment_index": 28
      },
      {
        "cache_owner": "main.r2",
        "epic_prefix_rows": [],
        "fingerprint": "07f759914ec5d44c",
        "length": 256,
        "owner_tier": 4,
        "request": "main.r4",
        "segment_index": 29
      },
      {
        "cache_owner": "main.r2",
        "epic_prefix_rows": [],
        "fingerprint": "66dba080f71780ec",
        "length": 256,
        "owner_tier": 4,
        "request": "main.r4",
        "segment_index": 30
      },
      {
        "cache_owner": "main.r2",
        "epic_prefix_rows": [],
        "fingerprint": "f5cbe9c563f8d865",
        "length": 256,
        "owner_tier": 4,
        "request": "main.r4",
        "segment_index": 31
      },
      {
        "cache_owner": "main.r2",
        "epic_prefix_rows": [],
        "fingerprint": "2bd3429ac7619aa9",
        "length": 256,
        "owner_tier": 4,
        "request": "main.r4",
        "segment_index": 32
      },
      {
        "cache_owner": "main.r3",
        "epic_prefix_rows": [],
        "fingerprint": "7e497667b297c845",
        "length": 256,
        "owner_tier": 6,
        "request": "main.r4",
        "segment_index": 33
      },
      {
        "cache_owner": "main.r3",
        "epic_prefix_rows": [],
        "fingerprint": "37b4718978e1500a",
        "length": 256,
        "owner_tier": 6,
        "request": "main.r4",
        "segment_index": 34
      },
      {
        "cache_owner": "main.r3",
        "epic_prefix_rows": [],
        "fingerprint": "a03f8799509acc24",
        "length": 256,
        "owner_tier": 6,
        "request": "main.r4",
        "segment_index": 35
      },
      {
        "cache_owner": "main.r3",
        "epic_prefix_rows": [],
        "fingerprint": "810508acd012e8a7",
        "length": 256,
        "owner_tier": 6,
        "request": "main.r4",
        "segment_index": 36
      },
      {
        "cache_owner": "main.r3",
        "epic_prefix_rows": [],
        "fingerprint": "b03fe1ff7b59999e",
        "length": 256,
        "owner_tier": 6,
        "request": "main.r4",
        "segment_index": 37
      },
      {
        "cache_owner": "main.r3",
        "epic_prefix_rows": [],
        "fingerprint": "40596d9bc8f60e23",
        "length": 256,
        "owner_tier": 6,
        "request": "main.r4",
        "segment_index": 38
      },
      {
        "cache_owner": "main.r3",
        "epic_prefix_rows": [],
        "fingerprint": "a4cee309986b1e06",
        "length": 256,
        "owner_tier": 6,
        "request": "main.r4",
        "segment_index": 39
      },
      {
        "cache_owner": "main.r3",
        "epic_prefix_rows": [],
        "fingerprint": "8b3f6b908f9ada23",
        "length": 256,
        "owner_tier": 6,
        "request": "main.r4",
        "segment_index": 40
      },
      {
        "cache_owner": "main.r3",
        "epic_prefix_rows": [],
        "fingerprint": "081e2fb018d14722",
        "length": 256,
        "owner_tier": 6,
        "request": "main.r4",
        "segment_index": 41
      },
      {
        "cache_owner": "main.r4",
        "epic_prefix_rows": [
          43,
          84
        ],
        "fingerprint": "43fff286665785fb",
        "length": 128,
        "owner_tier": 8,
        "request": "w0.r4",
        "segment_index": 0
      },
      {
        "cache_owner": "w0.r0",
        "epic_prefix_rows": [],
        "fingerprint": "c50748f2a87b6838",
        "length": 300,
        "owner_tier": 1,
        "request": "w0.r4",
        "segment_index": 1
      },
      {
        "cache_owner": "main.r0",
        "epic_prefix_rows": [
          215,
          222
        ],
        "fingerprint": "20a4bd865a5b229e",
        "length": 256,
        "owner_tier": 0,
        "request": "w0.r4",
        "segment_index": 2
      },
      {
        "cache_owner": "main.r0",
        "epic_prefix_rows": [
          75,
          229
        ],
        "fingerprint": "9ab6734a754c1b9d",
        "length": 256,
        "owner_tier": 0,
        "request": "w0.r4",
        "segment_index": 3
      },
      {
        "cache_owner": "main.r0",
        "epic_prefix_rows": [
          75,
          161
        ],
        "fingerprint": "d08a027d3c65b5e6",
        "length": 256,
        "owner_tier": 0,
        "request": "w0.r4",
        "segment_index": 4
      },
      {
        "cache_owner": "main.r0",
        "epic_prefix_rows": [
          66,
          106
        ],
        "fingerprint": "9ae87ab9d42e4990",
        "length": 256,
        "owner_tier": 0,
        "request": "w0.r4",
        "segment_index": 5
      },
      {
        "cache_owner": "main.r0",
        "epic_prefix_rows": [
          95,
          227
        ],
        "fingerprint": "4507ec10354b9a34",
        "length": 256,
        "owner_tier": 0,
        "request": "w0.r4",
        "segment_index": 6
      },
      {
        "cache_owner": "main.r0",
        "epic_prefix_rows": [
          178,
          199
        ],
        "fingerprint": "3efa0426917061ae",
        "length": 256,
        "owner_tier": 0,
        "request": "w0.r4",
        "segment_index": 7
      },
      {
        "cache_owner": "main.r0",
        "epic_prefix_rows": [
          218,
          251
        ],
        "fingerprint": "e646956386ed6749",
        "length": 256,
        "owner_tier": 0,
        "request": "w0.r4",
        "segment_index": 8
      },
      {
        "cache_owner": "main.r0",
        "epic_prefix_rows": [
          112,
          199
        ],
        "fingerprint": "f6e2ee9cb02b549b",
        "length": 256,
        "owner_tier": 0,
        "request": "w0.r4",
        "segment_index": 9
      },
      {
        "cache_owner": "main.r0",
        "epic_prefix_rows": [
          100,
          224
        ],
        "fingerprint": "859509070aaad92f",
        "length": 256,
        "owner_tier": 0,
        "request": "w0.r4",
        "segment_index": 10
      },
      {
        "cache_owner": "main.r0",
        "epic_prefix_rows": [
          25,
          104
        ],
        "fingerprint": "fcd577b876fb0572",
        "length": 256,
        "owner_tier": 0,
        "request": "w0.r4",
        "segment_index": 11
      },
      {
        "cache_owner": "main.r1",
        "epic_prefix_rows": [
          17,
          198
        ],
        "fingerprint": "b7b36c9cc0ffca1f",
        "length": 256,
        "owner_tier": 2,
        "request": "w0.r4",
        "segment_index": 12
      },
      {
        "cache_owner": "main.r1",
        "epic_prefix_rows": [
          43,
          119
        ],
        "fingerprint": "2ca95e1f99b62895",
        "length": 256,
        "owner_tier": 2,
        "request": "w0.r4",
        "segment_index": 13
      },
      {
        "cache_owner": "main.r1",
        "epic_prefix_rows": [
          95,
          186
        ],
        "fingerprint": "61981006a3087531",
        "length": 256,
        "owner_tier": 2,
        "request": "w0.r4",
        "segment_index": 14
      },
      {
        "cache_owner": "main.r1",
        "epic_prefix_rows": [
          29,
          88
        ],
        "fingerprint": "0676dfd47068e0df",
        "length": 256,
        "owner_tier": 2,
        "request": "w0.r4",
        "segment_index": 15
      },
      {
        "cache_owner": "main.r1",
        "epic_prefix_rows": [
          119,
          152
        ],
        "fingerprint": "7392f0dd8e833d02",
        "length": 256,
        "owner_tier": 2,
        "request": "w0.r4",
        "segment_index": 16
      },
      {
        "cache_owner": "main.r1",
        "epic_prefix_rows": [
          44,
          145
        ],
        "fingerprint": "2d9f547fcb304b0f",
        "length": 256,
        "owner_tier": 2,
        "request": "w0.r4",
        "segment_index": 17
      },
      {
        "cache_owner": "main.r1",
        "epic_prefix_rows": [
          180,
          210
        ],
        "fingerprint": "2524834b679c9169",
        "length": 256,
        "owner_tier": 2,
        "request": "w0.r4",
        "segment_index": 18
      },
      {
        "cache_owner": "main.r1",
        "epic_prefix_rows": [
          27,
          234
        ],
        "fingerprint": "5a8181f7e7879299",
        "length": 256,
        "owner_tier": 2,
        "request": "w0.r4",
        "segment_index": 19
      },
      {
        "cache_owner": "main.r1",
        "epic_prefix_rows": [
          220,
          232
        ],
        "fingerprint": "c4de161da65ad6d0",
        "length": 256,
        "owner_tier": 2,
        "request": "w0.r4",
        "segment_index": 20
      },
      {
        "cache_owner": "main.r2",
        "epic_prefix_rows": [
          130,
          250
        ],
        "fingerprint": "43c1199691fc3316",
        "length": 256,
        "owner_tier": 4,
        "request": "w0.r4",
        "segment_index": 21
      },
      {
        "cache_owner": "main.r2",
        "epic_prefix_rows": [
          110,
          243
        ],
        "fingerprint": "e0c1b33b1977de85",
        "length": 256,
        "owner_tier": 4,
        "request": "w0.r4",
        "segment_index": 22
      },
      {
        "cache_owner": "main.r2",
        "epic_prefix_rows": [
          136,
          172
        ],
        "fingerprint": "3597c2ab929b2fa2",
        "length": 256,
        "owner_tier": 4,
        "request": "w0.r4",
        "segment_index": 23
      },
      {
        "cache_owner": "main.r2",
        "epic_prefix_rows": [
          21,
          22
        ],
        "fingerprint": "ebb6ffbea2fb7f17",
        "length": 256,
        "owner_tier": 4,
        "request": "w0.r4",
        "segment_index": 24
      },
      {
        "cache_owner": "main.r2",
        "epic_prefix_rows": [
          26,
          83
        ],
        "fingerprint": "13069208a9b6ae52",
        "length": 256,
        "owner_tier": 4,
        "request": "w0.r4",
        "segment_index": 25
      },
      {
        "cache_owner": "main.r2",
        "epic_prefix_rows": [
          1,
          179
        ],
        "fingerprint": "96c6eb32a8099b39",
        "length": 256,
        "owner_tier": 4,
        "request": "w0.r4",
        "segment_index": 26
      },
      {
        "cache_owner": "main.r2",
        "epic_prefix_rows": [
          3,
          148
        ],
        "fingerprint": "07f759914ec5d44c",
        "length": 256,
        "owner_tier": 4,
        "request": "w0.r4",
        "segment_index": 27
      },
      {
        "cache_owner": "main.r2",
        "epic_prefix_rows": [
          32,
          71
        ],
        "fingerprint": "66dba080f71780ec",
        "length": 256,
        "owner_tier": 4,
        "request": "w0.r4",
        "segment_index": 28
      },
      {
        "cache_owner": "main.r2",
        "epic_prefix_rows": [
          113,
          219
        ],
        "fingerprint": "f5cbe9c563f8d865",
        "length": 256,
        "owner_tier": 4,
        "request": "w0.r4",
        "segment_index": 29
      },
      {
        "cache_owner": "main.r2",
        "epic_prefix_rows": [
          113,
          203
        ],
        "fingerprint": "2bd3429ac7619aa9",
        "length": 256,
        "owner_tier": 4,
        "request": "w0.r4",
        "segment_index": 30
      },
      {
        "cache_owner": "main.r3",
        "epic_prefix_rows": [
          98,
          232
        ],
        "fingerprint": "7e497667b297c845",
        "length": 256,
        "owner_tier": 6,
        "request": "w0.r4",
        "segment_index": 31
      },
      {
        "cache_owner": "main.r3",
        "epic_prefix_rows": [
          52,
          173
        ],
        "fingerprint": "37b4718978e1500a",
        "length": 256,
        "owner_tier": 6,
        "request": "w0.r4",
        "segment_index": 32
      },
      {
        "cache_owner": "main.r3",
        "epic_prefix_rows": [
          43,
          163
        ],
        "fingerprint": "a03f8799509acc24",
        "length": 256,
        "owner_tier": 6,
        "request": "w0.r4",
        "segment_index": 33
      },
      {
        "cache_owner": "main.r3",
        "epic_prefix_rows": [
          165,
          233
        ],
        "fingerprint": "810508acd012e8a7",
        "length": 256,
        "owner_tier": 6,
        "request": "w0.r4",
        "segment_index": 34
      },
      {
        "cache_owner": "main.r3",
        "epic_prefix_rows": [
          130,
          166
        ],
        "fingerprint": "b03fe1ff7b59999e",
        "length": 256,
        "owner_tier": 6,
        "request": "w0.r4",
        "segment_index": 35
      },
      {
        "cache_owner": "main.r3",
        "epic_prefix_rows": [
          14,
          22
        ],
        "fingerprint": "40596d9bc8f60e23",
        "length": 256,
        "owner_tier": 6,
        "request": "w0.r4",
        "segment_index": 36
      },
      {
        "cache_owner": "main.r3",
        "epic_prefix_rows": [
          97,
          188
        ],
        "fingerprint": "a4cee309986b1e06",
        "length": 256,
        "owner_tier": 6,
        "request": "w0.r4",
        "segment_index": 37
      },
      {
        "cache_owner": "main.r3",
        "epic_prefix_rows": [
          41,
          107
        ],
        "fingerprint": "8b3f6b908f9ada23",
        "length": 256,
        "owner_tier": 6,
        "request": "w0.r4",
        "segment_index": 38
      },
      {
        "cache_owner": "main.r3",
        "epic_prefix_rows": [
          96,
          177
        ],
        "fingerprint": "081e2fb018d14722",
        "length": 256,
        "owner_tier": 6,
        "request": "w0.r4",
        "segment_index": 39
      },
      {
        "cache_owner": "main.r4",
        "epic_prefix_rows": [
          103,
          128
        ],
        "fingerprint": "2e2e4ec7bea151a3",
        "length": 256,
        "owner_tier": 8,
        "request": "w0.r4",
        "segment_index": 40
      },
      {
        "cache_owner": "main.r4",
        "epic_prefix_rows": [
          154,
          159
        ],
        "fingerprint": "d6322cc683bef95e",
        "length": 256,
        "owner_tier": 8,
        "request": "w0.r4",
        "segment_index": 41
      },
      {
        "cache_owner": "main.r4",
        "epic_prefix_rows": [
          130,
          196
        ],
        "fingerprint": "e4842b8c181ae3d5",
        "length": 256,
        "owner_tier": 8,
        "request": "w0.r4",
        "segment_index": 42
      },
      {
        "cache_owner": "main.r4",
        "epic_prefix_rows": [
          176,
          246
        ],
        "fingerprint": "5e174838e9cbf6a1",
        "length": 256,
        "owner_tier": 8,
        "request": "w0.r4",
        "segment_index": 43
      },
      {
        "cache_owner": "main.r4",
        "epic_prefix_rows": [
          22,
          122
        ],
        "fingerprint": "10c96afa4bbc66d5",
        "length": 256,
        "owner_tier": 8,
        "request": "w0.r4",
        "segment_index": 44
      },
      {
        "cache_owner": "main.r4",
        "epic_prefix_rows": [
          37,
          156
        ],
        "fingerprint": "1ea14890787fda60",
        "length": 256,
        "owner_tier": 8,
        "request": "w0.r4",
        "segment_index": 45
      },
      {
        "cache_owner": "main.r4",
        "epic_prefix_rows": [
          4,
          235
        ],
        "fingerprint": "11496dd68804155f",
        "length": 256,
        "owner_tier": 8,
        "request": "w0.r4",
        "segment_index": 46
      },
      {
        "cache_owner": "main.r4",
        "epic_prefix_rows": [
          224,
          253
        ],
        "fingerprint": "1693bfd182384371",
        "length": 256,
        "owner_tier": 8,
        "request": "w0.r4",
        "segment_index": 47
      },
      {
        "cache_owner": "main.r4",
        "epic_prefix_rows": [
          24,
          211
        ],
        "fingerprint": "d42e4e61fbbbf1c3",
        "length": 256,
        "owner_tier": 8,
        "request": "w0.r4",
        "segment_index": 48
      },
      {
        "cache_owner": "main.r4",
        "epic_prefix_rows": [
          117,
          126
        ],
        "fingerprint": "43fff286665785fb",
        "length": 128,
        "owner_tier": 8,
        "request": "w1.r4",
        "segment_index": 0
      },
      {
        "cache_owner": "w0.r0",
        "epic_prefix_rows": [],
        "fingerprint": "c50748f2a87b6838",
        "length": 300,
        "owner_tier": 1,
        "request": "w1.r4",
        "segment_index": 1
      },
      {
        "cache_owner": "main.r0",
        "epic_prefix_rows": [
          60,
          225
        ],
        "fingerprint": "20a4bd865a5b229e",
        "length": 256,
        "owner_tier": 0,
        "request": "w1.r4",
        "segment_index": 2
      },
      {
        "cache_owner": "main.r0",
        "epic_prefix_rows": [
          41,
          43
        ],
        "fingerprint": "9ab6734a754c1b9d",
        "length": 256,
        "owner_tier": 0,
        "request": "w1.r4",
        "segment_index": 3
      },
      {
        "cache_owner": "main.r0",
        "epic_prefix_rows": [
          50,
          123
        ],
        "fingerprint": "d08a027d3c65b5e6",
        "length": 256,
        "owner_tier": 0,
        "request": "w1.r4",
        "segment_index": 4
      },
      {
        "cache_owner": "main.r0",
        "epic_prefix_rows": [
          78,
          211
        ],
        "fingerprint": "9ae87ab9d42e4990",
        "length": 256,
        "owner_tier": 0,
        "request": "w1.r4",
        "segment_index": 5
      },
      {
        "cache_owner": "main.r0",
        "epic_prefix_rows": [
          109,
          225
        ],
        "fingerprint": "4507ec10354b9a34",
        "length": 256,
        "owner_tier": 0,
        "request": "w1.r4",
        "segment_index": 6
      },
      {
        "cache_owner": "main.r0",
        "epic_prefix_rows": [
          39,
          218
        ],
        "fingerprint": "3efa0426917061ae",
        "length": 256,
        "owner_tier": 0,
        "request": "w1.r4",
        "segment_index": 7
      },
      {
        "cache_owner": "main.r0",
        "epic_prefix_rows": [
          20,
          201
        ],
        "fingerprint": "e646956386ed6749",
        "length": 256,
        "owner_tier": 0,
        "request": "w1.r4",
        "segment_index": 8
      },
      {
        "cache_owner": "main.r0",
        "epic_prefix_rows": [
          92,
          127
        ],
        "fingerprint": "f6e2ee9cb02b549b",
        "length": 256,
        "owner_tier": 0,
        "request": "w1.r4",
        "segment_index": 9
      },
      {
        "cache_owner": "main.r0",
        "epic_prefix_rows": [
          112,
          250
        ],
        "fingerprint": "859509070aaad92f",
        "length": 256,
        "owner_tier": 0,
        "request": "w1.r4",
        "segment_index": 10
      },
      {
        "cache_owner": "main.r0",
        "epic_prefix_rows": [
          65,
          142
        ],
        "fingerprint": "fcd577b876fb0572",
        "length": 256,
        "owner_tier": 0,
        "request": "w1.r4",
        "segment_index": 11
      },
      {
        "cache_owner": "main.r1",
        "epic_prefix_rows": [
          163,
          180
        ],
        "fingerprint": "b7b36c9cc0ffca1f",
        "length": 256,
        "owner_tier": 2,
        "request": "w1.r4",
        "segment_index": 12
      },
      {
        "cache_owner": "main.r1",
        "epic_prefix_rows": [
          54,
          222
        ],
        "fingerprint": "2ca95e1f99b62895",
        "length": 256,
        "owner_tier": 2,
        "request": "w1.r4",
        "segment_index": 13
      },
      {
        "cache_owner": "main.r1",
        "epic_prefix_rows": [
          103,
          146
        ],
        "fingerprint": "61981006a3087531",
        "length": 256,
        "owner_tier": 2,
        "request": "w1.r4",
        "segment_index": 14
      },
      {
        "cache_owner": "main.r1",
        "epic_prefix_rows": [
          151,
          226
        ],
        "fingerprint": "0676dfd47068e0df",
        "length": 256,
        "owner_tier": 2,
        "request": "w1.r4",
        "segment_index": 15
      },
      {
        "cache_owner": "main.r1",
        "epic_prefix_rows": [
          133,
          236
        ],
        "fingerprint": "7392f0dd8e833d02",
        "length": 256,
        "owner_tier": 2,
        "request": "w1.r4",
        "segment_index": 16
      },
      {
        "cache_owner": "main.r1",
        "epic_prefix_rows": [
          118,
          139
        ],
        "fingerprint": "2d9f547fcb304b0f",
        "length": 256,
        "owner_tier": 2,
        "request": "w1.r4",
        "segment_index": 17
      },
      {
        "cache_owner": "main.r1",
        "epic_prefix_rows": [
          8,
          60
        ],
        "fingerprint": "2524834b679c9169",
        "length": 256,
        "owner_tier": 2,
        "request": "w1.r4",
        "segment_index": 18
      },
      {
        "cache_owner": "main.r1",
        "epic_prefix_rows": [
          50,
          88
        ],
        "fingerprint": "5a8181f7e7879299",
        "length": 256,
        "owner_tier": 2,
        "request": "w1.r4",
        "segment_index": 19
      },
      {
        "cache_owner": "main.r1",
        "epic_prefix_rows": [
          127,
          212
        ],
        "fingerprint": "c4de161da65ad6d0",
        "length": 256,
        "owner_tier": 2,
        "request": "w1.r4",
        "segment_index": 20
      },
      {
        "cache_owner": "main.r2",
        "epic_prefix_rows": [
          111,
          145
        ],
        "fingerprint": "43c1199691fc3316",
        "length": 256,
        "owner_tier": 4,
        "request": "w1.r4",
        "segment_index": 21
      },
      {
        "cache_owner": "main.r2",
        "epic_prefix_rows": [
          3,
          219
        ],
        "fingerprint": "e0c1b33b1977de85",
        "length": 256,
        "owner_tier": 4,
        "request": "w1.r4",
        "segment_index": 22
      },
      {
        "cache_owner": "main.r2",
        "epic_prefix_rows": [
          25,
          62
        ],
        "fingerprint": "3597c2ab929b2fa2",
        "length": 256,
        "owner_tier": 4,
        "request": "w1.r4",
        "segment_index": 23
      },
      {
        "cache_owner": "main.r2",
        "epic_prefix_rows": [
          139,
          196
        ],
        "fingerprint": "ebb6ffbea2fb7f17",
        "length": 256,
        "owner_tier": 4,
        "request": "w1.r4",
        "segment_index": 24
      },
      {
        "cache_owner": "main.r2",
        "epic_prefix_rows": [
          60,
          183
        ],
        "fingerprint": "13069208a9b6ae52",
        "length": 256,
        "owner_tier": 4,
        "request": "w1.r4",
        "segment_index": 25
      },
      {
        "cache_owner": "main.r2",
        "epic_prefix_rows": [
          117,
          144
        ],
        "fingerprint": "96c6eb32a8099b39",
        "length": 256,
        "owner_tier": 4,
        "request": "w1.r4",
        "segment_index": 26
      },
      {
        "cache_owner": "main.r2",
        "epic_prefix_rows": [
          113,
          122
        ],
        "fingerprint": "07f759914ec5d44c",
        "length": 256,
        "owner_tier": 4,
        "request": "w1.r4",
        "segment_index": 27
      },
      {
        "cache_owner": "main.r2",
        "epic_prefix_rows": [
          33,
          157
        ],
        "fingerprint": "66dba080f71780ec",
        "length": 256,
        "owner_tier": 4,
        "request": "w1.r4",
        "segment_index": 28
      },
      {
        "cache_owner": "main.r2",
        "epic_prefix_rows": [
          119,
          167
        ],
        "fingerprint": "f5cbe9c563f8d865",
        "length": 256,
        "owner_tier": 4,
        "request": "w1.r4",
        "segment_index": 29
      },
      {
        "cache_owner": "main.r2",
        "epic_prefix_rows": [
          191,
          245
        ],
        "fingerprint": "2bd3429ac7619aa9",
        "length": 256,
        "owner_tier": 4,
        "request": "w1.r4",
        "segment_index": 30
      },
      {
        "cache_owner": "main.r3",
        "epic_prefix_rows": [
          87,
          146
        ],
        "fingerprint": "7e497667b297c845",
        "length": 256,
        "owner_tier": 6,
        "request": "w1.r4",
        "segment_index": 31
      },
      {
        "cache_owner": "main.r3",
        "epic_prefix_rows": [
          7,
          70
        ],
        "fingerprint": "37b4718978e1500a",
        "length": 256,
        "owner_tier": 6,
        "request": "w1.r4",
        "segment_index": 32
      },
      {
        "cache_owner": "main.r3",
        "epic_prefix_rows": [
          167,
          187
        ],
        "fingerprint": "a03f8799509acc24",
        "length": 256,
        "owner_tier": 6,
        "request": "w1.r4",
        "segment_index": 33
      },
      {
        "cache_owner": "main.r3",
        "epic_prefix_rows": [
          12,
          66
        ],
        "fingerprint": "810508acd012e8a7",
        "length": 256,
        "owner_tier": 6,
        "request": "w1.r4",
        "segment_index": 34
      },
      {
        "cache_owner": "main.r3",
        "epic_prefix_rows": [
          79,
          202
        ],
        "fingerprint": "b03fe1ff7b59999e",
        "length": 256,
        "owner_tier": 6,
        "request": "w1.r4",
        "segment_index": 35
      },
      {
        "cache_owner": "main.r3",
        "epic_prefix_rows": [
          39,
          90
        ],
        "fingerprint": "40596d9bc8f60e23",
        "length": 256,
        "owner_tier": 6,
        "request": "w1.r4",
        "segment_index": 36
      },
      {
        "cache_owner": "main.r3",
        "epic_prefix_rows": [
          69,
          105
        ],
        "fingerprint": "a4cee309986b1e06",
        "length": 256,
        "owner_tier": 6,
        "request": "w1.r4",
        "segment_index": 37
      },
      {
        "cache_owner": "main.r3",
        "epic_prefix_rows": [
          109,
          254
        ],
        "fingerprint": "8b3f6b908f9ada23",
        "length": 256,
        "owner_tier": 6,
        "request": "w1.r4",
        "segment_index": 38
      },
      {
        "cache_owner": "main.r3",
        "epic_prefix_rows": [
          67,
          120
        ],
        "fingerprint": "081e2fb018d14722",
        "length": 256,
        "owner_tier": 6,
        "request": "w1.r4",
        "segment_index": 39
      },
      {
        "cache_owner": "main.r4",
        "epic_prefix_rows": [
          119,
          196
        ],
        "fingerprint": "2e2e4ec7bea151a3",
        "length": 256,
        "owner_tier": 8,
        "request": "w1.r4",
        "segment_index": 40
      },
      {
        "cache_owner": "main.r4",
        "epic_prefix_rows": [
          67,
          180
        ],
        "fingerprint": "d6322cc683bef95e",
        "length": 256,
        "owner_tier": 8,
        "request": "w1.r4",
        "segment_index": 41
      },
      {
        "cache_owner": "main.r4",
        "epic_prefix_rows": [
          55,
          255
        ],
        "fingerprint": "e4842b8c181ae3d5",
        "length": 256,
        "owner_tier": 8,
        "request": "w1.r4",
        "segment_index": 42
      },
      {
        "cache_owner": "main.r4",
        "epic_prefix_rows": [
          13,
          183
        ],
        "fingerprint": "5e174838e9cbf6a1",
        "length": 256,
        "owner_tier": 8,
        "request": "w1.r4",
        "segment_index": 43
      },
      {
        "cache_owner": "main.r4",
        "epic_prefix_rows": [
          233,
          250
        ],
        "fingerprint": "10c96afa4bbc66d5",
        "length": 256,
        "owner_tier": 8,
        "request": "w1.r4",
        "segment_index": 44
      },
      {
        "cache_owner": "main.r4",
        "epic_prefix_rows": [
          6,
          158
        ],
        "fingerprint": "1ea14890787fda60",
        "length": 256,
        "owner_tier": 8,
        "request": "w1.r4",
        "segment_index": 45
      },
      {
        "cache_owner": "main.r4",
        "epic_prefix_rows": [
          83,
          112
        ],
        "fingerprint": "11496dd68804155f",
        "length": 256,
        "owner_tier": 8,
        "request": "w1.r4",
        "segment_index": 46
      },
      {
        "cache_owner": "main.r4",
        "epic_prefix_rows": [
          246,
          253
        ],
        "fingerprint": "1693bfd182384371",
        "length": 256,
        "owner_tier": 8,
        "request": "w1.r4",
        "segment_index": 47
      },
      {
        "cache_owner": "main.r4",
        "epic_prefix_rows": [
          40,
          160
        ],
        "fingerprint": "d42e4e61fbbbf1c3",
        "length": 256,
        "owner_tier": 8,
        "request": "w1.r4",
        "segment_index": 48
      },
      {
        "cache_owner": "main.r4",
        "epic_prefix_rows": [
          35,
          66
        ],
        "fingerprint": "43fff286665785fb",
        "length": 128,
        "owner_tier": 8,
        "request": "w2.r4",
        "segment_index": 0
      },
      {
        "cache_owner": "w0.r0",
        "epic_prefix_rows": [],
        "fingerprint": "c50748f2a87b6838",
        "length": 300,
        "owner_tier": 1,
        "request": "w2.r4",
        "segment_index": 1
      },
      {
        "cache_owner": "main.r0",
        "epic_prefix_rows": [
          97,
          205
        ],
        "fingerprint": "20a4bd865a5b229e",
        "length": 256,
        "owner_tier": 0,
        "request": "w2.r4",
        "segment_index": 2
      },
      {
        "cache_owner": "main.r0",
        "epic_prefix_rows": [
          149,
          162
        ],
        "fingerprint": "9ab6734a754c1b9d",
        "length": 256,
        "owner_tier": 0,
        "request": "w2.r4",
        "segment_index": 3
      },
      {
        "cache_owner": "main.r0",
        "epic_prefix_rows": [
          30,
          196
        ],
        "fingerprint": "d08a027d3c65b5e6",
        "length": 256,
        "owner_tier": 0,
        "request": "w2.r4",
        "segment_index": 4
      },
      {
        "cache_owner": "main.r0",
        "epic_prefix_rows": [
          19,
          106
        ],
        "fingerprint": "9ae87ab9d42e4990",
        "length": 256,
        "owner_tier": 0,
        "request": "w2.r4",
        "segment_index": 5
      },
      {
        "cache_owner": "main.r0",
        "epic_prefix_rows": [
          127,
          161
        ],
        "fingerprint": "4507ec10354b9a34",
        "length": 256,
        "owner_tier": 0,
        "request": "w2.r4",
        "segment_index": 6
      },
      {
        "cache_owner": "main.r0",
        "epic_prefix_rows": [
          175,
          225
        ],
        "fingerprint": "3efa0426917061ae",
        "length": 256,
        "owner_tier": 0,
        "request": "w2.r4",
        "segment_index": 7
      },
      {
        "cache_owner": "main.r0",
        "epic_prefix_rows": [
          115,
          133
        ],
        "fingerprint": "e646956386ed6749",
        "length": 256,
        "owner_tier": 0,
        "request": "w2.r4",
        "segment_index": 8
      },
      {
        "cache_owner": "main.r0",
        "epic_prefix_rows": [
          83,
          176
        ],
        "fingerprint": "f6e2ee9cb02b549b",
        "length": 256,
        "owner_tier": 0,
        "request": "w2.r4",
        "segment_index": 9
      },
      {
        "cache_owner": "main.r0",
        "epic_prefix_rows": [
          8,
          156
        ],
        "fingerprint": "859509070aaad92f",
        "length": 256,
        "owner_tier": 0,
        "request": "w2.r4",
        "segment_index": 10
      },
      {
        "cache_owner": "main.r0",
        "epic_prefix_rows": [
          29,
          182
        ],
        "fingerprint": "fcd577b876fb0572",
        "length": 256,
        "owner_tier": 0,
        "request": "w2.r4",
        "segment_index": 11
      },
      {
        "cache_owner": "main.r1",
        "epic_prefix_rows": [
          77,
          180
        ],
        "fingerprint": "b7b36c9cc0ffca1f",
        "length": 256,
        "owner_tier": 2,
        "request": "w2.r4",
        "segment_index": 12
      },
      {
        "cache_owner": "main.r1",
        "epic_prefix_rows": [
          11,
          251
        ],
        "fingerprint": "2ca95e1f99b62895",
        "length": 256,
        "owner_tier": 2,
        "request": "w2.r4",
        "segment_index": 13
      },
      {
        "cache_owner": "main.r1",
        "epic_prefix_rows": [
          12,
          31
        ],
        "fingerprint": "61981006a3087531",
        "length": 256,
        "owner_tier": 2,
        "request": "w2.r4",
        "segment_index": 14
      },
      {
        "cache_owner": "main.r1",
        "epic_prefix_rows": [
          23,
          123
        ],
        "fingerprint": "0676dfd47068e0df",
        "length": 256,
        "owner_tier": 2,
        "request": "w2.r4",
        "segment_index": 15
      },
      {
        "cache_owner": "main.r1",
        "epic_prefix_rows": [
          6,
          115
        ],
        "fingerprint": "7392f0dd8e833d02",
        "length": 256,
        "owner_tier": 2,
        "request": "w2.r4",
        "segment_index": 16
      },
      {
        "cache_owner": "main.r1",
        "epic_prefix_rows": [
          34,
          167
        ],
        "fingerprint": "2d9f547fcb304b0f",
        "length": 256,
        "owner_tier": 2,
        "request": "w2.r4",
        "segment_index": 17
      },
      {
        "cache_owner": "main.r1",
        "epic_prefix_rows": [
          31,
          176
        ],
        "fingerprint": "2524834b679c9169",
        "length": 256,
        "owner_tier": 2,
        "request": "w2.r4",
        "segment_index": 18
      },
      {
        "cache_owner": "main.r1",
        "epic_prefix_rows": [
          69,
          216
        ],
        "fingerprint": "5a8181f7e7879299",
        "length": 256,
        "owner_tier": 2,
        "request": "w2.r4",
        "segment_index": 19
      },
      {
        "cache_owner": "main.r1",
        "epic_prefix_rows": [
          110,
          229
        ],
        "fingerprint": "c4de161da65ad6d0",
        "length": 256,
        "owner_tier": 2,
        "request": "w2.r4",
        "segment_index": 20
      },
      {
        "cache_owner": "main.r2",
        "epic_prefix_rows": [
          72,
          222
        ],
        "fingerprint": "43c1199691fc3316",
        "length": 256,
        "owner_tier": 4,
        "request": "w2.r4",
        "segment_index": 21
      },
      {
        "cache_owner": "main.r2",
        "epic_prefix_rows": [
          159,
          183
        ],
        "fingerprint": "e0c1b33b1977de85",
        "length": 256,
        "owner_tier": 4,
        "request": "w2.r4",
        "segment_index": 22
      },
      {
        "cache_owner": "main.r2",
        "epic_prefix_rows": [
          90,
          168
        ],
        "fingerprint": "3597c2ab929b2fa2",
        "length": 256,
        "owner_tier": 4,
        "request": "w2.r4",
        "segment_index": 23
      },
      {
        "cache_owner": "main.r2",
        "epic_prefix_rows": [
          195,
          209
        ],
        "fingerprint": "ebb6ffbea2fb7f17",
        "length": 256,
        "owner_tier": 4,
        "request": "w2.r4",
        "segment_index": 24
      },
      {
        "cache_owner": "main.r2",
        "epic_prefix_rows": [
          4,
          209
        ],
        "fingerprint": "13069208a9b6ae52",
        "length": 256,
        "owner_tier": 4,
        "request": "w2.r4",
        "segment_index": 25
      },
      {
        "cache_owner": "main.r2",
        "epic_prefix_rows": [
          135,
          236
        ],
        "fingerprint": "96c6eb32a8099b39",
        "length": 256,
        "owner_tier": 4,
        "request": "w2.r4",
        "segment_index": 26
      },
      {
        "cache_owner": "main.r2",
        "epic_prefix_rows": [
          21,
          62
        ],
        "fingerprint": "07f759914ec5d44c",
        "length": 256,
        "owner_tier": 4,
        "request": "w2.r4",
        "segment_index": 27
      },
      {
        "cache_owner": "main.r2",
        "epic_prefix_rows": [
          199,
          209
        ],
        "fingerprint": "66dba080f71780ec",
        "length": 256,
        "owner_tier": 4,
        "request": "w2.r4",
        "segment_index": 28
      },
      {
        "cache_owner": "main.r2",
        "epic_prefix_rows": [
          1,
          87
        ],
        "fingerprint": "f5cbe9c563f8d865",
        "length": 256,
        "owner_tier": 4,
        "request": "w2.r4",
        "segment_index": 29
      },
      {
        "cache_owner": "main.r2",
        "epic_prefix_rows": [
          70,
          75
        ],
        "fingerprint": "2bd3429ac7619aa9",
        "length": 256,
        "owner_tier": 4,
        "request": "w2.r4",
        "segment_index": 30
      },
      {
        "cache_owner": "main.r3",
        "epic_prefix_rows": [
          40,
          168
        ],
        "fingerprint": "7e497667b297c845",
        "length": 256,
        "owner_tier": 6,
        "request": "w2.r4",
        "segment_index": 31
      },
      {
        "cache_owner": "main.r3",
        "epic_prefix_rows": [
          90,
          121
        ],
        "fingerprint": "37b4718978e1500a",
        "length": 256,
        "owner_tier": 6,
        "request": "w2.r4",
        "segment_index": 32
      },
      {
        "cache_owner": "main.r3",
        "epic_prefix_rows": [
          11,
          126
        ],
        "fingerprint": "a03f8799509acc24",
        "length": 256,
        "owner_tier": 6,
        "request": "w2.r4",
        "segment_index": 33
      },
      {
        "cache_owner": "main.r3",
        "epic_prefix_rows": [
          40,
          86
        ],
        "fingerprint": "810508acd012e8a7",
        "length": 256,
        "owner_tier": 6,
        "request": "w2.r4",
        "segment_index": 34
      },
      {
        "cache_owner": "main.r3",
        "epic_prefix_rows": [
          53,
          218
        ],
        "fingerprint": "b03fe1ff7b59999e",
        "length": 256,
        "owner_tier": 6,
        "request": "w2.r4",
        "segment_index": 35
      },
      {
        "cache_owner": "main.r3",
        "epic_prefix_rows": [
          76,
          234
        ],
        "fingerprint": "40596d9bc8f60e23",
        "length": 256,
        "owner_tier": 6,
        "request": "w2.r4",
        "segment_index": 36
      },
      {
        "cache_owner": "main.r3",
        "epic_prefix_rows": [
          20,
          129
        ],
        "fingerprint": "a4cee309986b1e06",
        "length": 256,
        "owner_tier": 6,
        "request": "w2.r4",
        "segment_index": 37
      },
      {
        "cache_owner": "main.r3",
        "epic_prefix_rows": [
          174,
          192
        ],
        "fingerprint": "8b3f6b908f9ada23",
        "length": 256,
        "owner_tier": 6,
        "request": "w2.r4",
        "segment_index": 38
      },
      {
        "cache_owner": "main.r3",
        "epic_prefix_rows": [
          13,
          18
        ],
        "fingerprint": "081e2fb018d14722",
        "length": 256,
        "owner_tier": 6,
        "request": "w2.r4",
        "segment_index": 39
      },
      {
        "cache_owner": "main.r4",
        "epic_prefix_rows": [
          45,
          254
        ],
        "fingerprint": "2e2e4ec7bea151a3",
        "length": 256,
        "owner_tier": 8,
        "request": "w2.r4",
        "segment_index": 40
      },
      {
        "cache_owner": "main.r4",
        "epic_prefix_rows": [
          149,
          183
        ],
        "fingerprint": "d6322cc683bef95e",
        "length": 256,
        "owner_tier": 8,
        "request": "w2.r4",
        "segment_index": 41
      },
      {
        "cache_owner": "main.r4",
        "epic_prefix_rows": [
          77,
          234
        ],
        "fingerprint": "e4842b8c181ae3d5",
        "length": 256,
        "owner_tier": 8,
        "request": "w2.r4",
        "segment_index": 42
      },
      {
        "cache_owner": "main.r4",
        "epic_prefix_rows": [
          120,
          182
        ],
        "fingerprint": "5e174838e9cbf6a1",
        "length": 256,
        "owner_tier": 8,
        "request": "w2.r4",
        "segment_index": 43
      },
      {
        "cache_owner": "main.r4",
        "epic_prefix_rows": [
          83,
          207
        ],
        "fingerprint": "10c96afa4bbc66d5",
        "length": 256,
        "owner_tier": 8,
        "request": "w2.r4",
        "segment_index": 44
      },
      {
        "cache_owner": "main.r4",
        "epic_prefix_rows": [
          138,
          172
        ],
        "fingerprint": "1ea14890787fda60",
        "length": 256,
        "owner_tier": 8,
        "request": "w2.r4",
        "segment_index": 45
      },
      {
        "cache_owner": "main.r4",
        "epic_prefix_rows": [
          201,
          252
        ],
        "fingerprint": "11496dd68804155f",
        "length": 256,
        "owner_tier": 8,
        "request": "w2.r4",
        "segment_index": 46
      },
      {
        "cache_owner": "main.r4",
        "epic_prefix_rows": [
          7,
          159
        ],
        "fingerprint": "1693bfd182384371",
        "length": 256,
        "owner_tier": 8,
        "request": "w2.r4",
        "segment_index": 47
      },
      {
        "cache_owner": "main.r4",
        "epic_prefix_rows": [
          147,
          240
        ],
        "fingerprint": "d42e4e61fbbbf1c3",
        "length": 256,
        "owner_tier": 8,
        "request": "w2.r4",
        "segment_index": 48
      }
    ],
    "reused_tokens": 141032
  },
  "tiers": {
    "0": [
      "main.r0"
    ],
    "1": [
      "w0.r0",
      "w1.r0",
      "w2.r0"
    ],
    "2": [
      "main.r1"
    ],
    "3": [
      "w0.r1",
      "w1.r1",
      "w2.r1"
    ],
    "4": [
      "main.r2"
    ],
    "5": [
      "w0.r2",
      "w1.r2",
      "w2.r2"
    ],
    "6": [
      "main.r3"
    ],
    "7": [
      "w0.r3",
      "w1.r3",
      "w2.r3"
    ],
    "8": [
      "main.r4"
    ],
    "9": [
      "w0.r4",
      "w1.r4",
      "w2.r4"
    ]
  },
  "total_history_tokens": 217848,
  "total_input_tokens": 156936,
  "total_output_tokens": 4480
}[warm] collected 241664 Acc ops -> 143808 unique shapes (single build 4690s); simulating with up to 12 workers
[warm] cache ready after 15404s total; repriced 33963258 events, finalizing once

dgx-attacc: (A100a x 8), PIM:bank, [Lin, Lout, batch]: [2048, 128, 1]
Wrote ablation report to /data2/chenyi9/KV-PIM/attacc_drampim_xinyao/output/20260827-230515_workload_star_repair_r5w3k47_LLAMA3-8B_k2/dag_A3.json
REPORT_SUMMARY {"ablation": "A3", "decode_attn": "pim", "energy_nj": 5006087360112.735, "engine": "dag", "event_count": 36319072, "kv_mapping": "naive", "link_bytes": 25751014186, "makespan_s": 38.13008898326295, "pim_prefill_mode": "gpu", "policy": "recompute"}
