model,config,k,workload,agents,rung,makespan_s,energy_nj,link_bytes,event_count,policy,kv_mapping,decode_attn,pim_prefill_mode,energy_gpu_nj,energy_pim_nj,energy_link_nj,energy_die_nj,energy_tlb_nj,gpu_time_s_unoverlapped,pim_time_s_unoverlapped,pim_pool_time_s_unoverlapped,die_time_s_unoverlapped,prefill_rows_gpu,prefill_rows_pim,prefill_requests_gpu,prefill_requests_pim,requests,tiers,history_rows,cacheblend_batch_size,gemv_buffer_bytes,pim_sweep_query_capacity,pim_pe_freq_ghz,pim_batch_command,engine,workload_kind_reported,overlap_passed,overlap_events_checked
GPT-13B,C-hi,8,wl_C64.json,32,A1,138.39207757854058,197077139047160.7,495373516800.0,8702720.0,no-reuse-physical,private,pim,gpu,7986916006761.722,189079919159804.6,10303769149.61351,104191.75424062418,,40.409050870720066,78.52887803727677,17.798332497956025,0.0045710968973859106,23777280.0,0.0,32,0,32,2,4096.0,8.0,512.0,8.0,0.666,replicate,dag,supervisor,True,8702720.0
GPT-13B,C-hi,8,wl_C64.json,32,A2,349.7082197557013,7232099164755.376,63439896576000.0,35288.0,recompute,none,gpu,gpu,5912549315975.232,,1319549848780.854,,,138.2418978357068,,0.0,0.0,1216320.0,0.0,32,0,32,2,4096.0,,,,,,dag,supervisor,,
GPT-13B,C-hi,8,wl_C64.json,32,A3,37.3830400906651,24395796602151.02,256388341792.0,4597032.0,recompute,naive,pim,gpu,1686343166860.4258,22704120466073.805,5332877509.21301,40376.812607963686,51464.40939996362,16.215731976529497,5.5612622646827586e-05,17.737632814985236,0.0017714100715785716,1216320.0,0.0,32,0,32,2,4096.0,8.0,512.0,8.0,0.666,replicate,dag,supervisor,True,4597032.0
GPT-13B,C-hi,8,wl_C64.json,32,A3a,34.87147223751039,24637471880861.477,256388341792.0,4597032.0,recompute,naive-mask,pim,gpu,1686343166860.4258,22945795795633.004,5332877509.21301,40376.812607963686,498.06060000090065,16.215731976529497,5.5612622646827586e-05,17.774382402263296,0.0017714100715785716,1216320.0,0.0,32,0,32,2,4096.0,8.0,512.0,8.0,0.666,replicate,dag,supervisor,True,4597032.0
GPT-13B,C-hi,8,wl_C64.json,32,A3b,36.760680799507035,24407837344891.55,256388341792.0,7483432.0,recompute,naive,pim,gpu,1686343166860.4258,22716161086907.984,5332877509.21301,162377.29900880222,51464.40939996362,16.215731976529497,5.5612622646827586e-05,17.10992112466605,0.007123811026259243,1216320.0,0.0,32,0,32,2,4096.0,8.0,512.0,8.0,0.666,replicate,dag,supervisor,True,7483432.0
GPT-13B,C-hi,8,wl_C64.json,32,A4,34.29179231255214,24648083187961.97,256388341792.0,7209512.0,recompute,master-diff,pim,gpu,1686343166860.4258,22956406995740.02,5332877509.21301,147893.84300892477,203.47130000013365,16.215731976529497,5.5612622646827586e-05,17.204714957351275,0.006488393365211832,1216320.0,0.0,32,0,32,2,4096.0,8.0,512.0,8.0,0.666,replicate,dag,supervisor,True,7209512.0
GPT-13B,C-hi,8,wl_C64.json,32,A4b,34.24508369477527,24648940847659.832,256388341792.0,7414312.0,recompute,master-diff,pim,gpu,1686343166860.4258,22957264646767.105,5332877509.21301,156583.9166087554,203.47130000013365,16.215731976529497,5.5612622646827586e-05,17.157625088521154,0.006869643961821937,1216320.0,0.0,32,0,32,2,4096.0,8.0,512.0,8.0,0.666,replicate,dag,supervisor,True,7414312.0
GPT-13B,C-hi,8,wl_C64.json,32,A5,24.45853004909816,11880230256119.078,26502799392.0,9677232.0,recompute,master-diff,pim,pim,1475440723846.1394,10404237952199.39,551258227.3531661,321596.6116633102,267.35770000016583,11.787729011340213,5.5612622646827586e-05,12.554925798186272,0.014109074988337546,666240.0,550080.0,1,31,32,2,4096.0,8.0,512.0,8.0,1.3004,mq,dag,supervisor,True,9677232.0
GPT-13B,C-hi,8,wl_C64.json,32,A6,24.45853004909816,11880230256119.078,26502799392.0,9677232.0,recompute,master-diff,pim,dynamic,1475440723846.1394,10404237952199.39,551258227.3531661,321596.6116633102,267.35770000016583,11.787729011340213,5.5612622646827586e-05,12.554925798186272,0.014109074988337546,666240.0,550080.0,1,31,32,2,4096.0,8.0,512.0,8.0,1.3004,mq,dag,supervisor,True,9677232.0
GPT-13B,C-lo,8,wl_C16.json,32,A1,34.48691787638211,32477361810099.312,173250969600.0,8702720.0,no-reuse-physical,private,pim,gpu,3335157397265.509,29138600688523.43,3603620167.6585884,104191.75424062418,,17.760168983860368,9.957853258042348,6.1868213044623515,0.0045710968973859106,8048640.0,0.0,32,0,32,2,4096.0,8.0,512.0,8.0,0.666,replicate,dag,supervisor,True,8702720.0
GPT-13B,C-lo,8,wl_C16.json,32,A2,124.04036065588237,3079311460538.666,22047149260800.0,35288.0,recompute,none,gpu,gpu,2620730755913.7046,,458580704624.5935,,,50.54986311988785,,0.0,0.0,479040.0,0.0,32,0,32,2,4096.0,,,,,,dag,supervisor,,
GPT-13B,C-lo,8,wl_C16.json,32,A3,15.610280546662048,9171315840795.432,94068752416.0,4597032.0,recompute,naive,pim,gpu,1162099519351.8782,8007259635295.79,1956630050.309352,40375.97702396369,15500.40299999691,8.25071841311138,5.5612622646827586e-05,6.269152489861287,0.0017713734128673548,479040.0,0.0,32,0,32,2,4096.0,8.0,512.0,8.0,0.666,replicate,dag,supervisor,True,4597032.0
GPT-13B,C-lo,8,wl_C16.json,32,A3a,14.768342346780168,9230919189336.318,94068752416.0,4597032.0,recompute,naive-mask,pim,gpu,1162099519351.8782,8066862998867.394,1956630050.309352,40375.97702396369,496.78060000091676,8.25071841311138,5.5612622646827586e-05,6.177395409917825,0.0017713734128673548,479040.0,0.0,32,0,32,2,4096.0,8.0,512.0,8.0,0.666,replicate,dag,supervisor,True,4597032.0
GPT-13B,C-lo,8,wl_C16.json,32,A3b,15.430424528132884,9183356582468.691,94068752416.0,7483432.0,recompute,naive,pim,gpu,1162099519351.8782,8019300255053.972,1956630050.309352,162376.46342480226,15500.40299999691,8.25071841311138,5.5612622646827586e-05,6.083944068707447,0.007123774367548022,479040.0,0.0,32,0,32,2,4096.0,8.0,512.0,8.0,0.666,replicate,dag,supervisor,True,7483432.0
GPT-13B,C-lo,8,wl_C16.json,32,A4,14.562162373232015,9241530497712.2,94068752416.0,7209512.0,recompute,master-diff,pim,gpu,1162099519351.8782,8077474200095.075,1956630050.309352,147893.0074249248,199.04240000011265,8.25071841311138,5.5612622646827586e-05,5.9813853620608475,0.006488356706500613,479040.0,0.0,32,0,32,2,4096.0,8.0,512.0,8.0,0.666,replicate,dag,supervisor,True,7209512.0
GPT-13B,C-lo,8,wl_C16.json,32,A4b,14.579584171470692,9242388157754.592,94068752416.0,7414312.0,recompute,master-diff,pim,gpu,1162099519351.8782,8078331851483.088,1956630050.309352,156583.0810247554,199.04240000011265,8.25071841311138,5.5612622646827586e-05,5.998425909885593,0.006869607303110718,479040.0,0.0,32,0,32,2,4096.0,8.0,512.0,8.0,0.666,replicate,dag,supervisor,True,7414312.0
GPT-13B,C-lo,8,wl_C16.json,32,A5,11.514194469051814,5027564773544.124,16436445216.0,8663472.0,recompute,master-diff,pim,pim,1113255009524.6904,3913967637736.7676,341878060.49249077,247796.99718963387,224.06100000012884,7.232064668242482,5.5612622646827586e-05,4.20521164607098,0.01087134095487256,174720.0,304320.0,1,31,32,2,4096.0,8.0,512.0,8.0,1.3004,mq,dag,supervisor,True,8663472.0
GPT-13B,C-lo,8,wl_C16.json,32,A6,11.514194469051814,5027564773544.124,16436445216.0,8663472.0,recompute,master-diff,pim,dynamic,1113255009524.6904,3913967637736.7676,341878060.49249077,247796.99718963387,224.06100000012884,7.232064668242482,5.5612622646827586e-05,4.20521164607098,0.01087134095487256,174720.0,304320.0,1,31,32,2,4096.0,8.0,512.0,8.0,1.3004,mq,dag,supervisor,True,8663472.0
GPT-13B,D-hi,8,wl_D4.json,64,A1,139.64191894793035,168562376164776.72,611581952000.0,17405440.0,no-reuse-physical,private,pim,gpu,10509337690501.275,158040317356785.88,12720904601.87105,208383.50848515195,,55.020201928341,60.16120665963982,22.41276166050642,0.00914219379500683,29040640.0,0.0,64,0,64,4,24576.0,8.0,512.0,8.0,0.666,replicate,dag,supervisor,True,17405440.0
GPT-13B,D-hi,8,wl_D4.json,64,A2,440.7739887571546,9614041005932.06,79881777971200.0,70616.0,recompute,none,gpu,gpu,7952500024133.322,,1661540981800.8423,,,174.50139551981755,,0.0,0.0,1478080.0,0.0,64,0,64,4,24576.0,,,,,,dag,supervisor,,
GPT-13B,D-hi,8,wl_D4.json,64,A3,49.282145730324814,31666302157921.047,330106544224.0,9203816.0,recompute,naive,pim,gpu,2667365460268.6416,28992070318331.496,6866216119.855197,80753.3477750509,82677.15679987843,21.23769020596151,0.00011122524529179585,22.806588501534492,0.0035428079712819054,1478080.0,0.0,64,0,64,4,24576.0,8.0,512.0,8.0,0.666,replicate,dag,supervisor,True,9203816.0
GPT-13B,D-hi,8,wl_D4.json,64,A3a,45.36089383739243,32016805438232.203,330106544224.0,9203816.0,recompute,naive-mask,pim,gpu,2667365460268.6416,29342573679748.027,6866216119.855197,80753.3477750509,1367.8448000065496,21.23769020596151,0.00011122524529179585,22.95080220923458,0.0035428079712819054,1478080.0,0.0,64,0,64,4,24576.0,8.0,512.0,8.0,0.666,replicate,dag,supervisor,True,9203816.0
GPT-13B,D-hi,8,wl_D4.json,64,A3b,48.14313364444821,31694352553786.418,330106544224.0,17251176.0,recompute,naive,pim,gpu,2667365460268.6416,29020120430422.34,6866216119.855197,364968.5413869237,82677.15679987843,21.23769020596151,0.00011122524529179585,21.65510734426656,0.016011886730491292,1478080.0,0.0,64,0,64,4,24576.0,8.0,512.0,8.0,0.666,replicate,dag,supervisor,True,17251176.0
GPT-13B,D-hi,8,wl_D4.json,64,A4,44.28259638648617,32041711076682.58,330106544224.0,16530536.0,recompute,master-diff,pim,gpu,2667365460268.6416,29367479067331.11,6866216119.855197,333104.9381825757,532.849600002695,21.23769020596151,0.00011122524529179585,21.90318335213781,0.014613967876211383,1478080.0,0.0,64,0,64,4,24576.0,8.0,512.0,8.0,0.666,replicate,dag,supervisor,True,16530536.0
GPT-13B,D-hi,8,wl_D4.json,64,A4b,44.4229916771596,32043712282139.285,330106544224.0,17103976.0,recompute,master-diff,pim,gpu,2667365460268.6416,29369480252688.613,6866216119.855197,353381.7765897604,532.849600002695,21.23769020596151,0.00011122524529179585,22.04268905750164,0.0155035526017851,1478080.0,0.0,64,0,64,4,24576.0,8.0,512.0,8.0,0.666,replicate,dag,supervisor,True,17103976.0
GPT-13B,D-hi,8,wl_D4.json,64,A5,34.38176565102123,18741406115261.438,43633942624.0,21793216.0,recompute,master-diff,pim,pim,2397644236243.6255,16342853596779.484,907586006.5962886,695396.2303360826,658.7031000050299,15.71055481186749,0.00011122524529179585,18.462209580920042,0.03050839842470871,338560.0,1139520.0,1,63,64,4,24576.0,8.0,512.0,8.0,1.3004,mq,dag,supervisor,True,21793216.0
GPT-13B,D-hi,8,wl_D4.json,64,A6,34.38176565102123,18741406115261.438,43633942624.0,21793216.0,recompute,master-diff,pim,dynamic,2397644236243.6255,16342853596779.484,907586006.5962886,695396.2303360826,658.7031000050299,15.71055481186749,0.00011122524529179585,18.462209580920042,0.03050839842470871,338560.0,1139520.0,1,63,64,4,24576.0,8.0,512.0,8.0,1.3004,mq,dag,supervisor,True,21793216.0
GPT-13B,D-lo,8,wl_D1.json,16,A1,23.392380071214436,24367157645358.176,115146752000.0,4351360.0,no-reuse-physical,private,pim,gpu,2079820602650.871,22284941937935.12,2395052441.5307093,52095.87712012935,,11.021092730252343,7.9241427005838725,4.061036584827501,0.0022855484486762234,5416960.0,0.0,16,0,16,1,0.0,8.0,512.0,8.0,0.666,replicate,dag,supervisor,True,4351360.0
GPT-13B,D-lo,8,wl_D1.json,16,A2,80.85760113292208,1895148471890.6829,14472970240000.0,17624.0,recompute,none,gpu,gpu,1594110690898.7522,,301037780991.97614,,,32.614366999591596,,0.0,0.0,348160.0,0.0,16,0,16,1,0.0,,,,,,dag,supervisor,,
GPT-13B,D-lo,8,wl_D1.json,16,A3,8.917605916483495,5802130652607.298,59726233600.0,2293640.0,recompute,naive,pim,gpu,628762749609.9059,5172125577005.441,1242305658.9278014,20187.709439970782,65.47199999999361,4.7642021468525115,2.7806311323341487e-05,3.950129243569841,0.0008856744630120427,348160.0,0.0,16,0,16,1,0.0,8.0,512.0,8.0,0.666,replicate,dag,supervisor,True,2293640.0
GPT-13B,D-lo,8,wl_D1.json,16,A3a,8.917605916483495,5802130652607.298,59726233600.0,2293640.0,recompute,naive-mask,pim,gpu,628762749609.9059,5172125577005.441,1242305658.9278014,20187.709439970782,65.47199999999361,4.7642021468525115,2.7806311323341487e-05,3.950129243569841,0.0008856744630120427,348160.0,0.0,16,0,16,1,0.0,8.0,512.0,8.0,0.666,replicate,dag,supervisor,True,2293640.0
GPT-13B,D-lo,8,wl_D1.json,16,A3b,8.771343485684527,5806166568127.251,59726233600.0,2599560.0,recompute,naive,pim,gpu,628762749609.9059,5176161451647.272,1242305658.9278014,61080.84223980898,65.47199999999361,4.7642021468525115,2.7806311323341487e-05,3.8020727507832244,0.002679736515483591,348160.0,0.0,16,0,16,1,0.0,8.0,512.0,8.0,0.666,replicate,dag,supervisor,True,2599560.0
GPT-13B,D-lo,8,wl_D1.json,16,A4,8.846852789409345,5805594794819.019,59726233600.0,2549000.0,recompute,master-diff,pim,gpu,628762749609.9059,5175589684146.71,1242305658.9278014,55287.45984005061,22.165199999965505,4.7642021468525115,2.7806311323341487e-05,3.8800015614622927,0.002425569451052626,348160.0,0.0,16,0,16,1,0.0,8.0,512.0,8.0,0.666,replicate,dag,supervisor,True,2549000.0
GPT-13B,D-lo,8,wl_D1.json,16,A4b,8.80458324186206,5805880681456.628,59726233600.0,2569480.0,recompute,master-diff,pim,gpu,628762749609.9059,5175875567896.99,1242305658.9278014,58184.15103999598,22.165199999965505,4.7642021468525115,2.7806311323341487e-05,3.837604930428536,0.002552652983278006,348160.0,0.0,16,0,16,1,0.0,8.0,512.0,8.0,0.666,replicate,dag,supervisor,True,2569480.0
GPT-13B,D-lo,8,wl_D1.json,16,A5,5.696915210830747,1473940289479.0273,7870873600.0,2605480.0,recompute,master-diff,pim,pim,624137539049.4017,849638975353.2681,163714170.88060445,60897.187839994906,22.558199999964618,4.640816687917627,2.7806311323341487e-05,1.0260348819878338,0.002671679236261006,338560.0,9600.0,1,15,16,1,0.0,8.0,512.0,8.0,1.3004,mq,dag,supervisor,True,2605480.0
GPT-13B,D-lo,8,wl_D1.json,16,A6,5.696915210830747,1473940289479.0273,7870873600.0,2605480.0,recompute,master-diff,pim,dynamic,624137539049.4017,849638975353.2681,163714170.88060445,60897.187839994906,22.558199999964618,4.640816687917627,2.7806311323341487e-05,1.0260348819878338,0.002671679236261006,338560.0,9600.0,1,15,16,1,0.0,8.0,512.0,8.0,1.3004,mq,dag,supervisor,True,2605480.0
GPT-13B,N-hi,8,wl_N64.json,128,A2,1236.2047411898563,25149216805246.824,226164421427200.0,141272.0,recompute,none,gpu,gpu,20444996839567.5,,4704219965687.0625,,,482.3233364320615,,0.0,0.0,2376000.0,0.0,128,0,128,2,16384.0,,,,,,dag,supervisor,,
GPT-13B,N-lo,8,wl_N4.json,8,A1,13.948185698098118,13527422476412.965,60089958400.0,2298560.0,no-reuse-physical,private,pim,gpu,1286400652662.034,12239771926483.42,1249871134.734156,26047.938559958813,,7.145529809280547,4.449741719328207,2.151471534077225,0.0011427742243420478,2831360.0,0.0,8,0,8,2,1024.0,8.0,512.0,8.0,0.666,replicate,dag,supervisor,True,2298560.0
GPT-13B,N-lo,8,wl_N4.json,8,A2,45.3148924343482,1308842067804.597,7667659571200.0,9048.0,recompute,none,gpu,gpu,1149354748723.6143,,159487319080.95224,,,19.75602719701554,,0.0,0.0,427200.0,0.0,8,0,8,2,1024.0,,,,,,dag,supervisor,,
GPT-13B,N-lo,8,wl_N4.json,8,A3,7.418252661272427,3439020121380.4517,31970103816.0,1302768.0,recompute,naive,pim,gpu,633449771267.1819,2804905358135.2485,664978159.3747325,10094.011663974325,3703.791999999031,4.9542775275554645,1.390315566161197e-05,2.1717617737265043,0.0004428441169467272,427200.0,0.0,8,0,8,2,1024.0,8.0,512.0,8.0,0.666,replicate,dag,supervisor,True,1302768.0
GPT-13B,N-lo,8,wl_N4.json,8,A3a,7.2446199444873765,3447916142203.4556,31970103816.0,1302768.0,recompute,naive-mask,pim,gpu,633449771267.1819,2813801382544.4185,664978159.3747325,10094.011663974325,117.74399999996092,4.9542775275554645,1.390315566161197e-05,2.177431456918277,0.0004428441169467272,427200.0,0.0,8,0,8,2,1024.0,8.0,512.0,8.0,0.666,replicate,dag,supervisor,True,1302768.0
GPT-13B,N-lo,8,wl_N4.json,8,A3b,7.378983378023689,3442030306892.563,31970103816.0,2167728.0,recompute,naive,pim,gpu,633449771267.1819,2807915513126.561,664978159.3747325,40594.13326394386,3703.791999999031,4.9542775275554645,1.390315566161197e-05,2.131154390397394,0.00178094435560427,427200.0,0.0,8,0,8,2,1024.0,8.0,512.0,8.0,0.666,replicate,dag,supervisor,True,2167728.0
GPT-13B,N-lo,8,wl_N4.json,8,A4,7.191494455389417,3450434401607.4253,31970103816.0,2001648.0,recompute,master-diff,pim,gpu,633449771267.1819,2816319616469.9565,664978159.3747325,35609.787664012554,31.147199999967302,4.9542775275554645,1.390315566161197e-05,2.1275163807073545,0.001562271324577211,427200.0,0.0,8,0,8,2,1024.0,8.0,512.0,8.0,0.666,replicate,dag,supervisor,True,2001648.0
GPT-13B,N-lo,8,wl_N4.json,8,A4b,7.2015114410171766,3450577344924.7773,31970103816.0,2022128.0,recompute,master-diff,pim,gpu,633449771267.1819,2816462558344.035,664978159.3747325,37058.133263926,31.147199999967302,4.9542775275554645,1.390315566161197e-05,2.1374698245436243,0.0016258130906875558,427200.0,0.0,8,0,8,2,1024.0,8.0,512.0,8.0,0.666,replicate,dag,supervisor,True,2022128.0
GPT-13B,N-lo,8,wl_N4.json,8,A5,6.113671016630672,2015412451104.918,7385911816.0,2386408.0,recompute,master-diff,pim,pim,617376861128.8873,1397881899376.2314,153626965.772972,63641.71598380146,37.88899999998195,4.6225646518296815,1.390315566161197e-05,1.4617862185913724,0.002792087076358693,338560.0,88640.0,1,7,8,2,1024.0,8.0,512.0,8.0,1.3004,mq,dag,supervisor,True,2386408.0
GPT-13B,N-lo,8,wl_N4.json,8,A6,6.113671016630672,2015412451104.918,7385911816.0,2386408.0,recompute,master-diff,pim,dynamic,617376861128.8873,1397881899376.2314,153626965.772972,63641.71598380146,37.88899999998195,4.6225646518296815,1.390315566161197e-05,1.4617862185913724,0.002792087076358693,338560.0,88640.0,1,7,8,2,1024.0,8.0,512.0,8.0,1.3004,mq,dag,supervisor,True,2386408.0
GPT-13B,baseline,8,wl_baseline_alltoall_N16_C32_D2.json,32,A1,61.732651855971476,71540571108984.23,280625152000.0,8702720.0,no-reuse-physical,private,pim,gpu,4889659631947.446,66645074370515.125,5837003161.539519,104191.75424062418,,25.687462462756542,25.047876094044973,10.05732503556206,0.0045710968973859106,13291520.0,0.0,32,0,32,2,4096.0,8.0,512.0,8.0,0.666,replicate,dag,supervisor,True,8702720.0
GPT-13B,baseline,8,wl_baseline_alltoall_N16_C32_D2.json,32,A2,198.52977144018766,4428908771442.866,35844731699200.0,35288.0,recompute,none,gpu,gpu,3683338352098.9224,,745570419343.4127,,,79.04733244286032,,0.0,0.0,724800.0,0.0,32,0,32,2,4096.0,,,,,,dag,supervisor,,
GPT-13B,baseline,8,wl_baseline_alltoall_N16_C32_D2.json,32,A3,22.188774333226643,14266046873125.805,148175282208.0,4597032.0,recompute,naive,pim,gpu,1306538397885.869,12956426361145.7,3082045869.904839,40376.25555196369,27637.260199993623,10.219384808693349,5.5612622646827586e-05,10.0917819087502,0.00177138563243776,724800.0,0.0,32,0,32,2,4096.0,8.0,512.0,8.0,0.666,replicate,dag,supervisor,True,4597032.0
GPT-13B,baseline,8,wl_baseline_alltoall_N16_C32_D2.json,32,A3a,20.90174543323849,14386736243835.93,148175282208.0,4597032.0,recompute,naive-mask,pim,gpu,1306538397885.869,13077115759058.512,3082045869.904839,40376.25555196369,497.21540000090624,10.219384808693349,5.5612622646827586e-05,10.161755248943594,0.00177138563243776,724800.0,0.0,32,0,32,2,4096.0,8.0,512.0,8.0,0.666,replicate,dag,supervisor,True,4597032.0
GPT-13B,baseline,8,wl_baseline_alltoall_N16_C32_D2.json,32,A3b,21.731182336501313,14278087615058.207,148175282208.0,7483432.0,recompute,naive,pim,gpu,1306538397885.869,12968466980948.355,3082045869.904839,162376.74195280223,27637.260199993623,10.219384808693349,5.5612622646827586e-05,9.628837510647502,0.007123786587118426,724800.0,0.0,32,0,32,2,4096.0,8.0,512.0,8.0,0.666,replicate,dag,supervisor,True,7483432.0
GPT-13B,baseline,8,wl_baseline_alltoall_N16_C32_D2.json,32,A4,20.500154919771976,14397347551560.652,148175282208.0,7209512.0,recompute,master-diff,pim,gpu,1306538397885.869,13087726959610.719,3082045869.904839,147893.2859529248,200.3993000001259,10.219384808693349,5.5612622646827586e-05,9.770288556324319,0.006488368926071017,724800.0,0.0,32,0,32,2,4096.0,8.0,512.0,8.0,0.666,replicate,dag,supervisor,True,7209512.0
GPT-13B,baseline,8,wl_baseline_alltoall_N16_C32_D2.json,32,A4b,20.51877365155217,14398205211257.426,148175282208.0,7414312.0,recompute,master-diff,pim,gpu,1306538397885.869,13088584610728.22,3082045869.904839,156583.3595527554,200.3993000001259,10.219384808693349,5.5612622646827586e-05,9.788526037265205,0.006869619522681122,724800.0,0.0,32,0,32,2,4096.0,8.0,512.0,8.0,0.666,replicate,dag,supervisor,True,7414312.0
GPT-13B,baseline,8,wl_baseline_alltoall_N16_C32_D2.json,32,A5,15.052264982830694,7033016519469.469,19791896608.0,9001392.0,recompute,master-diff,pim,pim,1215306438113.7646,5817298137222.677,411671449.4459931,272396.8686803959,236.1405000001862,8.330729395890183,5.5612622646827586e-05,6.6317493745474705,0.011950585632759383,338560.0,386240.0,1,31,32,2,4096.0,8.0,512.0,8.0,1.3004,mq,dag,supervisor,True,9001392.0
GPT-13B,baseline,8,wl_baseline_alltoall_N16_C32_D2.json,32,A6,15.052264982830694,7033016519469.469,19791896608.0,9001392.0,recompute,master-diff,pim,dynamic,1215306438113.7646,5817298137222.677,411671449.4459931,272396.8686803959,236.1405000001862,8.330729395890183,5.5612622646827586e-05,6.6317493745474705,0.011950585632759383,338560.0,386240.0,1,31,32,2,4096.0,8.0,512.0,8.0,1.3004,mq,dag,supervisor,True,9001392.0
GPT-13B,broadcast,8,wl_broadcast.json,17,A1,26.57514896605693,26742025526178.055,122343424000.0,4730840.0,no-reuse-physical,private,pim,gpu,2392697462420.1377,24346783265398.094,2544743219.1306543,55351.86944016028,,13.013613680619649,8.715490862763632,4.435804612986902,0.0024283952267179954,5755520.0,0.0,17,0,17,2,4096.0,8.0,512.0,8.0,0.666,replicate,dag,supervisor,True,4730840.0
GPT-13B,broadcast,8,wl_broadcast.json,17,A2,89.41042749887991,2227209661050.3555,15808705331200.0,18952.0,recompute,none,gpu,gpu,1898388590161.495,,328821070888.9343,,,36.71474306155012,,0.0,0.0,353920.0,0.0,17,0,17,2,4096.0,,,,,,dag,supervisor,,
GPT-13B,broadcast,8,wl_broadcast.json,17,A3,11.051274684312386,6674240922647.558,65163280928.0,2531112.0,recompute,naive,pim,gpu,844826132394.08,5828059372207.874,1355396243.3503232,20909.67251197067,784.8318999994137,6.303554410056542,2.9544205781059368e-05,4.490320850360589,0.000917348400959774,353920.0,0.0,17,0,17,2,4096.0,8.0,512.0,8.0,0.666,replicate,dag,supervisor,True,2531112.0
GPT-13B,broadcast,8,wl_broadcast.json,17,A3a,10.994639957973835,6645180575500.747,65163280928.0,2531112.0,recompute,naive-mask,pim,gpu,844826132394.08,5798999025753.46,1355396243.3503232,20909.67251197067,115.16149999982987,6.303554410056542,2.9544205781059368e-05,4.46716964395891,0.000917348400959774,353920.0,0.0,17,0,17,2,4096.0,8.0,512.0,8.0,0.666,replicate,dag,supervisor,True,2531112.0
GPT-13B,broadcast,8,wl_broadcast.json,17,A3b,10.876760374898112,6679779976726.299,65163280928.0,3698472.0,recompute,naive,pim,gpu,844826132394.08,5833598370141.238,1355396243.3503232,77033.06451192884,784.8318999994137,6.303554410056542,2.9544205781059368e-05,4.313344297647303,0.003379591837692778,353920.0,0.0,17,0,17,2,4096.0,8.0,512.0,8.0,0.666,replicate,dag,supervisor,True,3698472.0
GPT-13B,broadcast,8,wl_broadcast.json,17,A4,10.894522146240137,6649716792692.189,65163280928.0,3400272.0,recompute,master-diff,pim,gpu,844826132394.08,5803535197072.214,1355396243.3503232,66872.01491199287,39.9102999999392,6.303554410056542,2.9544205781059368e-05,4.368797934078936,0.0029338066348307155,353920.0,0.0,17,0,17,2,4096.0,8.0,512.0,8.0,0.666,replicate,dag,supervisor,True,3400272.0
GPT-13B,broadcast,8,wl_broadcast.json,17,A4b,10.852032179220863,6650020547237.272,65163280928.0,3430992.0,recompute,master-diff,pim,gpu,844826132394.08,5803838948552.861,1355396243.3503232,69949.74931183571,39.9102999999392,6.303554410056542,2.9544205781059368e-05,4.3261729408040095,0.0030688328878019223,353920.0,0.0,17,0,17,2,4096.0,8.0,512.0,8.0,0.666,replicate,dag,supervisor,True,3430992.0
GPT-13B,broadcast,8,wl_broadcast.json,17,A5,7.7374261063694885,2343878697165.574,8251818528.0,3491792.0,recompute,master-diff,pim,pim,838907352330.3691,1504799632401.4692,171637825.38286883,74562.17299190159,40.716999999938,6.154330511363461,2.9544205781059368e-05,1.5502529502427314,0.003271188973716731,338560.0,15360.0,1,16,17,2,4096.0,8.0,512.0,8.0,1.3004,mq,dag,supervisor,True,3491792.0
GPT-13B,broadcast,8,wl_broadcast.json,17,A6,7.7374261063694885,2343878697165.574,8251818528.0,3491792.0,recompute,master-diff,pim,dynamic,838907352330.3691,1504799632401.4692,171637825.38286883,74562.17299190159,40.716999999938,6.154330511363461,2.9544205781059368e-05,1.5502529502427314,0.003271188973716731,338560.0,15360.0,1,16,17,2,4096.0,8.0,512.0,8.0,1.3004,mq,dag,supervisor,True,3491792.0
GPT-13B,k-hi,32,wl_baseline_alltoall_N16_C32_D2.json,32,A1,61.732651855971476,71540571108984.23,280625152000.0,8702720.0,no-reuse-physical,private,pim,gpu,4889659631947.446,66645074370515.125,5837003161.539519,104191.75424062418,,25.687462462756542,25.047876094044973,10.05732503556206,0.0045710968973859106,13291520.0,0.0,32,0,32,2,4096.0,8.0,512.0,8.0,0.666,replicate,dag,supervisor,True,8702720.0
GPT-13B,k-hi,32,wl_baseline_alltoall_N16_C32_D2.json,32,A2,202.21418190122884,4736190533257.155,35844731699200.0,35288.0,recompute,none,gpu,gpu,3990620113913.453,,745570419343.4127,,,82.7317429038979,,0.0,0.0,1332480.0,0.0,32,0,32,2,4096.0,,,,,,dag,supervisor,,
GPT-13B,k-hi,32,wl_baseline_alltoall_N16_C32_D2.json,32,A3,26.934454861398045,14495404886071.012,151286603808.0,4597032.0,recompute,naive,pim,gpu,1613820159703.167,12878437880468.754,3146761359.1848545,40376.25555196369,43994.918000016245,13.903795269734587,5.5612622646827586e-05,10.3247980137615,0.00177138563243776,1332480.0,0.0,32,0,32,2,4096.0,8.0,512.0,8.0,0.666,replicate,dag,supervisor,True,4597032.0
GPT-13B,k-hi,32,wl_baseline_alltoall_N16_C32_D2.json,32,A3a,25.012315264642204,15215982819931.863,151286603808.0,4597032.0,recompute,naive-mask,pim,gpu,1613820159703.167,13599015857892.623,3146761359.1848545,40376.25555196369,497.44600000091015,13.903795269734587,5.5612622646827586e-05,10.577532016852214,0.00177138563243776,1332480.0,0.0,32,0,32,2,4096.0,8.0,512.0,8.0,0.666,replicate,dag,supervisor,True,4597032.0
GPT-13B,k-hi,32,wl_baseline_alltoall_N16_C32_D2.json,32,A3b,26.415606662029962,14507445627358.998,151286603808.0,7483432.0,recompute,naive,pim,gpu,1613820159703.167,12890478499939.918,3146761359.1848545,162376.74195280223,43994.918000016245,13.903795269734587,5.5612622646827586e-05,9.80059741334159,0.007123786587118426,1332480.0,0.0,32,0,32,2,4096.0,8.0,512.0,8.0,0.666,replicate,dag,supervisor,True,7483432.0
GPT-13B,k-hi,32,wl_baseline_alltoall_N16_C32_D2.json,32,A4,24.63564972349263,15226594127727.229,151286603808.0,7209512.0,recompute,master-diff,pim,gpu,1613820159703.167,13609627058477.654,3146761359.1848545,147893.2859529248,200.86010000013079,13.903795269734587,5.5612622646827586e-05,10.210978786325564,0.006488368926071017,1332480.0,0.0,32,0,32,2,4096.0,8.0,512.0,8.0,0.666,replicate,dag,supervisor,True,7209512.0
GPT-13B,k-hi,32,wl_baseline_alltoall_N16_C32_D2.json,32,A4b,24.65426845574947,15227451787394.816,151286603808.0,7414312.0,recompute,master-diff,pim,gpu,1613820159703.167,13610484709579.889,3146761359.1848545,156583.3595527554,200.86010000013079,13.903795269734587,5.5612622646827586e-05,10.22921626725453,0.006869619522681122,1332480.0,0.0,32,0,32,2,4096.0,8.0,512.0,8.0,0.666,replicate,dag,supervisor,True,7414312.0
GPT-13B,k-hi,32,wl_baseline_alltoall_N16_C32_D2.json,32,A5,22.034884174084112,11916175339888.916,32237183008.0,11508072.0,recompute,master-diff,pim,pim,1390879444828.4292,10524624906474.926,670533406.5757487,454875.8805414691,310.5731000004968,9.167011018890019,5.5612622646827586e-05,12.72487530951806,0.019956298281479136,338560.0,993920.0,1,31,32,2,4096.0,8.0,512.0,8.0,1.3004,mq,dag,supervisor,True,11508072.0
GPT-13B,k-hi,32,wl_baseline_alltoall_N16_C32_D2.json,32,A6,22.034884174084112,11916175339888.916,32237183008.0,11508072.0,recompute,master-diff,pim,dynamic,1390879444828.4292,10524624906474.926,670533406.5757487,454875.8805414691,310.5731000004968,9.167011018890019,5.5612622646827586e-05,12.72487530951806,0.019956298281479136,338560.0,993920.0,1,31,32,2,4096.0,8.0,512.0,8.0,1.3004,mq,dag,supervisor,True,11508072.0
GPT-13B,k-lo,2,wl_baseline_alltoall_N16_C32_D2.json,32,A1,61.732651855971476,71540571108984.23,280625152000.0,8702720.0,no-reuse-physical,private,pim,gpu,4889659631947.446,66645074370515.125,5837003161.539519,104191.75424062418,,25.687462462756542,25.047876094044973,10.05732503556206,0.0045710968973859106,13291520.0,0.0,32,0,32,2,4096.0,8.0,512.0,8.0,0.666,replicate,dag,supervisor,True,8702720.0
GPT-13B,k-lo,2,wl_baseline_alltoall_N16_C32_D2.json,32,A2,197.661893201183,4352156389011.0493,35844731699200.0,35288.0,recompute,none,gpu,gpu,3606585969667.1167,,745570419343.4176,,,78.17945420385426,,0.0,0.0,572880.0,0.0,32,0,32,2,4096.0,,,,,,dag,supervisor,,
GPT-13B,k-lo,2,wl_baseline_alltoall_N16_C32_D2.json,32,A3,20.393720734873074,14210851152458.562,147397451808.0,4597032.0,recompute,naive,pim,gpu,1229786015453.2808,12977999220290.637,3065866997.5848374,40376.25555196369,9204.057299996542,9.351506569680913,5.5612622646827586e-05,10.08885946277927,0.00177138563243776,572880.0,0.0,32,0,32,2,4096.0,8.0,512.0,8.0,0.666,replicate,dag,supervisor,True,4597032.0
GPT-13B,k-lo,2,wl_baseline_alltoall_N16_C32_D2.json,32,A3a,19.806408109017493,14158142199157.205,147397451808.0,4597032.0,recompute,naive-mask,pim,gpu,1229786015453.2808,12925290275721.793,3065866997.5848374,40376.25555196369,497.01090000090903,9.351506569680913,5.5612622646827586e-05,9.936899156789407,0.00177138563243776,572880.0,0.0,32,0,32,2,4096.0,8.0,512.0,8.0,0.666,replicate,dag,supervisor,True,4597032.0
GPT-13B,k-lo,2,wl_baseline_alltoall_N16_C32_D2.json,32,A3b,20.03216564129539,14222891893823.16,147397451808.0,7483432.0,recompute,naive,pim,gpu,1229786015453.2808,12990039839714.783,3065866997.5848374,162376.74195280223,9204.057299996542,9.351506569680913,5.5612622646827586e-05,9.721951967605435,0.007123786587118426,572880.0,0.0,32,0,32,2,4096.0,8.0,512.0,8.0,0.666,replicate,dag,supervisor,True,7483432.0
GPT-13B,k-lo,2,wl_baseline_alltoall_N16_C32_D2.json,32,A4,19.50853175585121,14168753507018.38,147397451808.0,7209512.0,recompute,master-diff,pim,gpu,1229786015453.2808,12935901476346.361,3065866997.5848374,147893.2859529248,200.27130000012335,9.351506569680913,5.5612622646827586e-05,9.649142799429821,0.006488368926071017,572880.0,0.0,32,0,32,2,4096.0,8.0,512.0,8.0,0.666,replicate,dag,supervisor,True,7209512.0
GPT-13B,k-lo,2,wl_baseline_alltoall_N16_C32_D2.json,32,A4b,19.52715048751105,14169611166723.504,147397451808.0,7414312.0,recompute,master-diff,pim,gpu,1229786015453.2808,12936759127468.771,3065866997.5848374,156583.3595527554,200.27130000012335,9.351506569680913,5.5612622646827586e-05,9.667380280375593,0.006869619522681122,572880.0,0.0,32,0,32,2,4096.0,8.0,512.0,8.0,0.666,replicate,dag,supervisor,True,7414312.0
GPT-13B,k-lo,2,wl_baseline_alltoall_N16_C32_D2.json,32,A5,13.37080930700183,5876602860329.562,16680575008.0,8379312.0,recompute,master-diff,pim,pim,1171299745781.7512,4704955931522.318,346955960.16598964,226777.115715829,217.8466000001579,8.08502566828071,5.5612622646827586e-05,5.209284621599479,0.00994915747031515,338560.0,234320.0,1,31,32,2,4096.0,8.0,512.0,8.0,1.3004,mq,dag,supervisor,True,8379312.0
GPT-13B,k-lo,2,wl_baseline_alltoall_N16_C32_D2.json,32,A6,13.37080930700183,5876602860329.562,16680575008.0,8379312.0,recompute,master-diff,pim,dynamic,1171299745781.7512,4704955931522.318,346955960.16598964,226777.115715829,217.8466000001579,8.08502566828071,5.5612622646827586e-05,5.209284621599479,0.00994915747031515,338560.0,234320.0,1,31,32,2,4096.0,8.0,512.0,8.0,1.3004,mq,dag,supervisor,True,8379312.0
GPT-13B,pipeline,8,wl_pipeline_D4.json,4,A1,11.214326496266922,7072680572803.79,28786688000.0,1517920.0,no-reuse-physical,private,pim,gpu,1251507439099.3582,5820574357550.807,598763110.4003551,13023.969279984114,,7.97008380146441,2.0870990692532736,1.0606166118400935,0.0005713871121718107,1354240.0,0.0,4,0,4,4,1536.0,8.0,512.0,8.0,0.666,replicate,dag,supervisor,True,1517920.0
GPT-13B,pipeline,8,wl_pipeline_D4.json,4,A2,27.447324021614957,1331916935230.6702,3779932979200.0,5272.0,recompute,none,gpu,gpu,1253294329263.299,,78622605967.3592,,,14.84754742428203,,0.0,0.0,341440.0,0.0,4,0,4,4,1536.0,,,,,,dag,supervisor,,
GPT-13B,pipeline,8,wl_pipeline_D4.json,4,A3,8.736972080029085,2371985017218.336,15563164774.0,1070086.0,recompute,naive,pim,gpu,994153269697.4973,1377508029106.4277,323713827.29910046,4506.690956003637,92.16000000015327,7.500277676198945,6.951577830809833e-06,1.1800045189512223,0.00019771738365160173,341440.0,0.0,4,0,4,4,1536.0,8.0,512.0,8.0,0.666,replicate,dag,supervisor,True,1070086.0
GPT-13B,pipeline,8,wl_pipeline_D4.json,4,A3a,8.736509096352023,2372874619637.2993,15563164774.0,1070086.0,recompute,naive-mask,pim,gpu,994153269697.4973,1378397631547.5974,323713827.29910046,4506.690956003637,68.60800000011965,7.500277676198945,6.951577830809833e-06,1.1807191352712576,0.00019771738365160173,341440.0,0.0,4,0,4,4,1536.0,8.0,512.0,8.0,0.666,replicate,dag,supervisor,True,1070086.0
GPT-13B,pipeline,8,wl_pipeline_D4.json,4,A3b,8.64121238851522,2372985620507.726,15563164774.0,1643526.0,recompute,naive,pim,gpu,994153269697.4973,1378508622261.2234,323713827.29910046,14645.110155981329,92.16000000015327,7.500277676198945,6.951577830809833e-06,1.0838000351132446,0.000642509746421039,341440.0,0.0,4,0,4,4,1536.0,8.0,512.0,8.0,0.666,replicate,dag,supervisor,True,1643526.0
GPT-13B,pipeline,8,wl_pipeline_D4.json,4,A4,8.638304936534922,2373678675807.315,15563164774.0,1528486.0,recompute,master-diff,pim,gpu,994153269697.4973,1379201679626.4353,323713827.29910046,12653.634955992144,20.428799999992297,7.500277676198945,6.951577830809833e-06,1.0845665131178526,0.0005551398180201017,341440.0,0.0,4,0,4,4,1536.0,8.0,512.0,8.0,0.666,replicate,dag,supervisor,True,1528486.0
GPT-13B,pipeline,8,wl_pipeline_D4.json,4,A4b,8.637423258481856,2373750147458.339,15563164774.0,1569446.0,recompute,master-diff,pim,gpu,994153269697.4973,1379273150560.0283,323713827.29910046,13377.807755977057,20.428799999992297,7.500277676198945,6.951577830809833e-06,1.083653064157725,0.0005869107010742242,341440.0,0.0,4,0,4,4,1536.0,8.0,512.0,8.0,0.666,replicate,dag,supervisor,True,1569446.0
GPT-13B,pipeline,8,wl_pipeline_D4.json,4,A5,8.588669366130341,2385166302173.8423,4577692774.0,1580846.0,recompute,master-diff,pim,pim,993010984721.7809,1392060087203.0093,95216009.6995561,14242.63719597606,20.641199999991688,7.471478420155052,6.951577830809833e-06,1.1002681060829482,0.0006248524671840514,338560.0,2880.0,1,3,4,4,1536.0,8.0,512.0,8.0,1.3004,mq,dag,supervisor,True,1580846.0
GPT-13B,pipeline,8,wl_pipeline_D4.json,4,A6,8.588669366130341,2385166302173.8423,4577692774.0,1580846.0,recompute,master-diff,pim,dynamic,993010984721.7809,1392060087203.0093,95216009.6995561,14242.63719597606,20.641199999991688,7.471478420155052,6.951577830809833e-06,1.1002681060829482,0.0006248524671840514,338560.0,2880.0,1,3,4,4,1536.0,8.0,512.0,8.0,1.3004,mq,dag,supervisor,True,1580846.0
GPT-13B,private,8,wl_private.json,32,A1,61.732651855971476,71540571108984.23,280625152000.0,8702720.0,no-reuse-physical,private,pim,gpu,4889659631947.446,66645074370515.125,5837003161.539519,104191.75424062418,,25.687462462756542,25.047876094044973,10.05732503556206,0.0045710968973859106,13291520.0,0.0,32,0,32,2,4096.0,8.0,512.0,8.0,0.666,replicate,dag,supervisor,True,8702720.0
GPT-13B,private,8,wl_private.json,32,A2,252.11954795558526,9212411265711.102,35844731699200.0,35288.0,recompute,none,gpu,gpu,8466840846368.509,,745570419343.4176,,,132.6371089582587,,0.0,0.0,10719040.0,0.0,32,0,32,2,4096.0,,,,,,dag,supervisor,,
GPT-13B,private,8,wl_private.json,32,A3,75.68484098935153,19025408287655.88,199345791008.0,4595392.0,recompute,naive,pim,gpu,6090040892143.084,12931220958626.475,4146392452.944793,40376.25555196369,3750.5527999974506,63.80916132431137,5.5612622646827586e-05,11.021839053973872,0.00177138563243776,10719040.0,0.0,32,0,32,2,4096.0,8.0,512.0,8.0,0.666,replicate,dag,supervisor,True,4595392.0
GPT-13B,private,8,wl_private.json,32,A3a,75.53449036581117,19019477601506.902,199345791008.0,4595392.0,recompute,naive-mask,pim,gpu,6090040892143.084,12925290275701.701,4146392452.944793,40376.25555196369,671.3848000001825,63.80916132431137,5.5612622646827586e-05,11.025446832819634,0.00177138563243776,10719040.0,0.0,32,0,32,2,4096.0,8.0,512.0,8.0,0.666,replicate,dag,supervisor,True,4595392.0
GPT-13B,private,8,wl_private.json,32,A3b,74.84163968078111,19037129641548.734,199345791008.0,9449152.0,recompute,naive,pim,gpu,6090040892143.084,12942942193135.549,4146392452.944793,159140.59475270545,3750.5527999974506,63.80916132431137,5.5612622646827586e-05,10.173427315237232,0.006981810453497733,10719040.0,0.0,32,0,32,2,4096.0,8.0,512.0,8.0,0.666,replicate,dag,supervisor,True,9449152.0
GPT-13B,private,8,wl_private.json,32,A4,74.65208358313609,19030055408003.594,199345791008.0,8910632.0,recompute,master-diff,pim,gpu,6090040892143.084,12935867975085.602,4146392452.944793,147553.82995296986,210.0983000002625,63.80916132431137,5.5612622646827586e-05,10.161402273951856,0.00647347632463927,10719040.0,0.0,32,0,32,2,4096.0,8.0,512.0,8.0,0.666,replicate,dag,supervisor,True,8910632.0
GPT-13B,private,8,wl_private.json,32,A4b,74.64496824985324,19030913068121.31,199345791008.0,9258792.0,recompute,master-diff,pim,gpu,6090040892143.084,12936725626346.53,4146392452.944793,156243.90355272303,210.0983000002625,63.80916132431137,5.5612622646827586e-05,10.153905692569065,0.006854726921249648,10719040.0,0.0,32,0,32,2,4096.0,8.0,512.0,8.0,0.666,replicate,dag,supervisor,True,9258792.0
GPT-13B,private,8,wl_private.json,32,A5,104.52461558153477,69357091768641.945,224473931808.0,51457712.0,recompute,master-diff,pim,pim,4170376519966.9043,65182043025392.79,4669057781.545732,3186307.0171419433,1241.004700006188,22.68437730440648,5.5612622646827586e-05,80.89009644709485,0.13978954696612464,338560.0,10380480.0,1,31,32,2,4096.0,8.0,512.0,8.0,1.3004,mq,dag,supervisor,True,51457712.0
GPT-13B,reduce,8,wl_reduce.json,17,A1,27.08708439592129,27497988944990.94,125489152000.0,4730840.0,no-reuse-physical,private,pim,gpu,2438323614094.4224,25057055100884.137,2610174361.5263605,55351.86944016028,,13.241443493247255,8.989110720725108,4.435804612984891,0.0024283952267179954,5909120.0,0.0,17,0,17,2,256.0,8.0,512.0,8.0,0.666,replicate,dag,supervisor,True,4730840.0
GPT-13B,reduce,8,wl_reduce.json,17,A2,90.38919601857846,2308584963786.2983,15808705331200.0,18952.0,recompute,none,gpu,gpu,1979763892897.4043,,328821070888.9326,,,37.6935115812484,,0.0,0.0,512960.0,0.0,17,0,17,2,256.0,,,,,,dag,supervisor,,
GPT-13B,reduce,8,wl_reduce.json,17,A3,11.886489420878153,6583977388222.74,65977550338.0,2572002.0,recompute,naive,pim,gpu,926203196737.8453,5656401836520.676,1372333047.0811882,21449.49357197034,376.73839999997284,7.282322929777429,2.9544205781059368e-05,4.364433827782405,0.0009410314111031427,512960.0,0.0,17,0,17,2,256.0,8.0,512.0,8.0,0.666,replicate,dag,supervisor,True,2572002.0
GPT-13B,reduce,8,wl_reduce.json,17,A3a,11.888073142233354,6593763014810.787,65977550338.0,2572002.0,recompute,naive-mask,pim,gpu,926203196737.8453,5666187463368.723,1372333047.0811882,21449.49357197034,116.69359999992393,7.282322929777429,2.9544205781059368e-05,4.379019789139496,0.0009410314111031427,512960.0,0.0,17,0,17,2,256.0,8.0,512.0,8.0,0.666,replicate,dag,supervisor,True,2572002.0
GPT-13B,reduce,8,wl_reduce.json,17,A3b,11.708350508372094,6588299190353.24,65977550338.0,3041762.0,recompute,naive,pim,gpu,926203196737.8453,5660723594883.054,1372333047.0811882,65239.317571796666,376.73839999997284,7.282322929777429,2.9544205781059368e-05,4.184373769724476,0.002862176995790046,512960.0,0.0,17,0,17,2,256.0,8.0,512.0,8.0,0.666,replicate,dag,supervisor,True,3041762.0
GPT-13B,reduce,8,wl_reduce.json,17,A4,11.776450151896094,6597423704093.439,65977550338.0,2938842.0,recompute,master-diff,pim,gpu,926203196737.8453,5669848115638.819,1372333047.0811882,58540.71917203269,28.564999999952587,7.282322929777429,2.9544205781059368e-05,4.27017596372045,0.002568296327540256,512960.0,0.0,17,0,17,2,256.0,8.0,512.0,8.0,0.666,replicate,dag,supervisor,True,2938842.0
GPT-13B,reduce,8,wl_reduce.json,17,A4b,11.733960184815487,6597727458622.221,65977550338.0,2969562.0,recompute,master-diff,pim,gpu,926203196737.8453,5670151867100.271,1372333047.0811882,61618.453572023885,28.564999999952587,7.282322929777429,2.9544205781059368e-05,4.2275509704638665,0.0027033225805311776,512960.0,0.0,17,0,17,2,256.0,8.0,512.0,8.0,0.666,replicate,dag,supervisor,True,2969562.0
GPT-13B,reduce,8,wl_reduce.json,17,A5,9.235672475490402,3256258724387.5996,11508942338.0,3685202.0,recompute,master-diff,pim,pim,885444515180.8666,2370574709382.5874,239386000.63094148,113818.95277178308,38.02199999999702,6.386538128245745,2.9544205781059368e-05,2.803847100864583,0.004993461005378496,338560.0,174400.0,1,16,17,2,256.0,8.0,512.0,8.0,1.3004,mq,dag,supervisor,True,3685202.0
GPT-13B,reduce,8,wl_reduce.json,17,A6,9.235672475490402,3256258724387.5996,11508942338.0,3685202.0,recompute,master-diff,pim,dynamic,885444515180.8666,2370574709382.5874,239386000.63094148,113818.95277178308,38.02199999999702,6.386538128245745,2.9544205781059368e-05,2.803847100864583,0.004993461005378496,338560.0,174400.0,1,16,17,2,256.0,8.0,512.0,8.0,1.3004,mq,dag,supervisor,True,3685202.0
GPT-13B,supervisor,8,wl_supervisor_D4.json,34,A1,54.9001553485873,56286338316940.54,247832576000.0,9461680.0,no-reuse-physical,private,pim,gpu,4831021076508.555,51450162214901.69,5154917580.735192,110703.73888068604,,26.25505717383042,18.572104265354408,9.242028528218121,0.004856790453487218,11664640.0,0.0,34,0,34,4,16896.0,8.0,512.0,8.0,0.666,replicate,dag,supervisor,True,9461680.0
GPT-13B,supervisor,8,wl_supervisor_D4.json,34,A2,185.23506087734143,4504801582869.17,32937882419200.0,37944.0,recompute,none,gpu,gpu,3819693628549.1772,,685107954319.3936,,,75.44211948003012,,0.0,0.0,534080.0,0.0,34,0,34,4,16896.0,,,,,,dag,supervisor,,
GPT-13B,supervisor,8,wl_supervisor_D4.json,34,A3,22.119370426915197,13769804501798.312,136308361794.0,5103906.0,recompute,naive,pim,gpu,1634876326959.6172,12132092916355.324,2835213925.296723,42359.74163596315,2006.0630999980112,12.187952752084723,5.908841156226335e-05,9.374835819840683,0.0018584050626258457,534080.0,0.0,34,0,34,4,16896.0,8.0,512.0,8.0,0.666,replicate,dag,supervisor,True,5103906.0
GPT-13B,supervisor,8,wl_supervisor_D4.json,34,A3a,21.994462793477272,13719690229107.22,136308361794.0,5103906.0,recompute,naive-mask,pim,gpu,1634876326959.6172,12081978645426.574,2835213925.296723,42359.74163596315,300.1047000001084,12.187952752084723,5.908841156226335e-05,9.33522610629312,0.0018584050626258457,534080.0,0.0,34,0,34,4,16896.0,8.0,512.0,8.0,0.666,replicate,dag,supervisor,True,5103906.0
GPT-13B,supervisor,8,wl_supervisor_D4.json,34,A3b,21.748439862601284,13782068591642.533,136308361794.0,8118306.0,recompute,naive,pim,gpu,1634876326959.6172,12144356882261.84,2835213925.296723,166623.2680379674,2006.0630999980112,12.187952752084723,5.908841156226335e-05,8.998453568007811,0.007310090026880938,534080.0,0.0,34,0,34,4,16896.0,8.0,512.0,8.0,0.666,replicate,dag,supervisor,True,8118306.0
GPT-13B,supervisor,8,wl_supervisor_D4.json,34,A4,21.768674210949335,13729888341199.9,136308361794.0,7486786.0,recompute,master-diff,pim,gpu,1634876326959.6172,12092176654725.486,2835213925.296723,145690.14803732367,90.08530000058265,12.187952752084723,5.908841156226335e-05,9.115405184368823,0.006391712938591071,534080.0,0.0,34,0,34,4,16896.0,8.0,512.0,8.0,0.666,replicate,dag,supervisor,True,7486786.0
GPT-13B,supervisor,8,wl_supervisor_D4.json,34,A4b,21.68369427707355,13730495850319.193,136308361794.0,7548226.0,recompute,master-diff,pim,gpu,1634876326959.6172,12092784157702.77,2835213925.296723,151845.61683670018,90.08530000058265,12.187952752084723,5.908841156226335e-05,9.030155197799157,0.006661765444575405,534080.0,0.0,34,0,34,4,16896.0,8.0,512.0,8.0,0.666,replicate,dag,supervisor,True,7548226.0
GPT-13B,supervisor,8,wl_supervisor_D4.json,34,A5,16.071439101087858,6130851960107.289,16411888194.0,8349466.0,recompute,master-diff,pim,pim,1585827354851.982,4544683027337.977,341367274.4346072,210557.92660188515,106.86080000102214,11.092618173718208,5.908841156226335e-05,4.9094749151953465,0.009237589788358473,338560.0,195520.0,1,33,34,4,16896.0,8.0,512.0,8.0,1.3004,mq,dag,supervisor,True,8349466.0
GPT-13B,supervisor,8,wl_supervisor_D4.json,34,A6,16.071439101087858,6130851960107.289,16411888194.0,8349466.0,recompute,master-diff,pim,dynamic,1585827354851.982,4544683027337.977,341367274.4346072,210557.92660188515,106.86080000102214,11.092618173718208,5.908841156226335e-05,4.9094749151953465,0.009237589788358473,338560.0,195520.0,1,33,34,4,16896.0,8.0,512.0,8.0,1.3004,mq,dag,supervisor,True,8349466.0
GPT-175B,C-hi,8,wl_C64.json,32,A2,653.0500327608348,52126451898279.42,91353451069440.0,60320.0,recompute,none,gpu,gpu,44525844769297.16,,7600607128976.402,,,348.5385291959922,,0.0,0.0,2919168.0,0.0,32,0,32,2,4096.0,,,,,,dag,supervisor,,
GPT-175B,C-hi,8,wl_C64.json,32,A3,84.40681704992907,150806897912852.16,369199194144.0,10148096.0,recompute,naive,pim,gpu,20178248783152.26,130597931585059.92,30717372953.93071,41461.23678579437,123515.62189973948,55.67573113368957,2.0020544152973957e-05,21.324166071616094,0.0004547464725659149,2919168.0,0.0,32,0,32,2,4096.0,8.0,512.0,8.0,0.666,replicate,dag,supervisor,True,10148096.0
GPT-175B,C-hi,8,wl_C64.json,32,A3a,78.3349472767312,152197057473415.78,369199194144.0,10148096.0,recompute,naive-mask,pim,gpu,20178248783152.26,131988091269556.44,30717372953.93071,41461.23678579437,1196.2363000034231,55.67573113368957,2.0020544152973957e-05,21.3682655760683,0.0004547464725659149,2919168.0,0.0,32,0,32,2,4096.0,8.0,512.0,8.0,0.666,replicate,dag,supervisor,True,10148096.0
GPT-175B,C-hi,8,wl_C64.json,32,A3b,83.21158312100154,150955293200976.0,369199194144.0,17543936.0,recompute,naive,pim,gpu,20178248783152.26,130746326683730.66,30717372953.93071,229411.23486398158,123515.62189973948,55.67573113368957,2.0020544152973957e-05,20.126870722425785,0.002516180362742644,2919168.0,0.0,32,0,32,2,4096.0,8.0,512.0,8.0,0.666,replicate,dag,supervisor,True,17543936.0
GPT-175B,C-hi,8,wl_C64.json,32,A4,77.5426618385978,152322592051043.53,369199194144.0,15435008.0,recompute,master-diff,pim,gpu,20178248783152.26,132113625678127.67,30717372953.93071,200456.99588706795,488.177300001857,55.67573113368957,2.0020544152973957e-05,20.609639235613532,0.0021986105297916287,2919168.0,0.0,32,0,32,2,4096.0,8.0,512.0,8.0,0.666,replicate,dag,supervisor,True,15435008.0
GPT-175B,C-hi,8,wl_C64.json,32,A4b,77.5426618385978,152322592051043.53,369199194144.0,15435008.0,recompute,master-diff,pim,gpu,20178248783152.26,132113625678127.67,30717372953.93071,200456.99588706795,488.177300001857,55.67573113368957,2.0020544152973957e-05,20.609639235613532,0.0021986105297916287,2919168.0,0.0,32,0,32,2,4096.0,8.0,512.0,8.0,0.666,replicate,dag,supervisor,True,15435008.0
GPT-175B,C-hi,8,wl_C64.json,32,A5,60.10149543351901,78521262923868.36,38164013088.0,20866016.0,recompute,master-diff,pim,pim,18958921595361.76,59559165642358.875,3175245889.1132407,438075.27676892275,640.8994000030988,45.04852401724627,2.0020544152973957e-05,14.888888228475102,0.004804805699536423,1598976.0,1320192.0,1,31,32,2,4096.0,8.0,512.0,8.0,1.3004,mq,dag,supervisor,True,20866016.0
GPT-175B,C-hi,8,wl_C64.json,32,A6,60.10149543351901,78521262923868.36,38164013088.0,20866016.0,recompute,master-diff,pim,dynamic,18958921595361.76,59559165642358.875,3175245889.1132407,438075.27676892275,640.8994000030988,45.04852401724627,2.0020544152973957e-05,14.888888228475102,0.004804805699536423,1598976.0,1320192.0,1,31,32,2,4096.0,8.0,512.0,8.0,1.3004,mq,dag,supervisor,True,20866016.0
GPT-175B,C-lo,8,wl_C16.json,32,A1,95.04134472702573,194177534664703.53,249481396224.0,20886528.0,no-reuse-physical,private,pim,gpu,45949119736657.47,148207657911855.62,20756852166.613026,150036.12610665223,,74.25488332189936,12.610312331884264,7.342898843455509,0.0016455948830218677,19316736.0,0.0,32,0,32,2,4096.0,8.0,512.0,8.0,0.666,replicate,dag,supervisor,True,20886528.0
GPT-175B,C-lo,8,wl_C16.json,32,A2,242.25000839571933,26437653354807.86,31747894935552.0,60320.0,recompute,none,gpu,gpu,23796228496172.617,,2641424858637.808,,,136.42369194389994,,0.0,0.0,1149696.0,0.0,32,0,32,2,4096.0,,,,,,dag,supervisor,,
GPT-175B,C-lo,8,wl_C16.json,32,A3,44.754169025283474,61463858906865.7,135458996256.0,10148096.0,recompute,naive,pim,gpu,15393508110851.244,46059080528570.05,11270188488.899952,41457.8944497946,37201.125399960656,34.90574464754035,2.0020544152973957e-05,7.536363384814347,0.0004547098138546942,1149696.0,0.0,32,0,32,2,4096.0,8.0,512.0,8.0,0.666,replicate,dag,supervisor,True,10148096.0
GPT-175B,C-lo,8,wl_C16.json,32,A3a,42.84362404894835,61806708069627.26,135458996256.0,10148096.0,recompute,naive-mask,pim,gpu,15393508110851.244,46401929727441.11,11270188488.899952,41457.8944497946,1192.3958000031027,34.90574464754035,2.0020544152973957e-05,7.426254888901807,0.0004547098138546942,1149696.0,0.0,32,0,32,2,4096.0,8.0,512.0,8.0,0.666,replicate,dag,supervisor,True,10148096.0
GPT-175B,C-lo,8,wl_C16.json,32,A3b,44.68472050171058,61607860874320.766,135458996256.0,17019392.0,recompute,naive,pim,gpu,15393508110851.244,46203082314145.555,11270188488.899952,223843.52977649562,37201.125399960656,34.90574464754035,2.0020544152973957e-05,7.46491444964136,0.002455113823320498,1149696.0,0.0,32,0,32,2,4096.0,8.0,512.0,8.0,0.666,replicate,dag,supervisor,True,17019392.0
GPT-175B,C-lo,8,wl_C16.json,32,A4,42.88406821765384,61932242638975.85,135458996256.0,15435008.0,recompute,master-diff,pim,gpu,15393508110851.244,46527464138525.34,11270188488.899952,200453.6535510684,478.60340000176467,34.90574464754035,2.0020544152973957e-05,7.500644807090247,0.002198573871080411,1149696.0,0.0,32,0,32,2,4096.0,8.0,512.0,8.0,0.666,replicate,dag,supervisor,True,15435008.0
GPT-175B,C-lo,8,wl_C16.json,32,A4b,42.88406821765384,61932242638975.85,135458996256.0,15435008.0,recompute,master-diff,pim,gpu,15393508110851.244,46527464138525.34,11270188488.899952,200453.6535510684,478.60340000176467,34.90574464754035,2.0020544152973957e-05,7.500644807090247,0.002198573871080411,1149696.0,0.0,32,0,32,2,4096.0,8.0,512.0,8.0,0.666,replicate,dag,supervisor,True,15435008.0
GPT-175B,C-lo,8,wl_C16.json,32,A5,38.10862974787967,37626734868296.09,23668473888.0,18432992.0,recompute,master-diff,pim,pim,15111153897201.99,22513611426823.797,1969217027.4751165,331801.69282763713,539.1541000020763,32.460975659862484,2.0020544152973957e-05,5.5381422395580895,0.0036391979856157243,419328.0,730368.0,1,31,32,2,4096.0,8.0,512.0,8.0,1.3004,mq,dag,supervisor,True,18432992.0
GPT-175B,C-lo,8,wl_C16.json,32,A6,38.10862974787967,37626734868296.09,23668473888.0,18432992.0,recompute,master-diff,pim,dynamic,15111153897201.99,22513611426823.797,1969217027.4751165,331801.69282763713,539.1541000020763,32.460975659862484,2.0020544152973957e-05,5.5381422395580895,0.0036391979856157243,419328.0,730368.0,1,31,32,2,4096.0,8.0,512.0,8.0,1.3004,mq,dag,supervisor,True,18432992.0
GPT-175B,D-hi,8,wl_D4.json,64,A2,833.4141980868001,74012608149322.34,115029760278528.0,120736.0,recompute,none,gpu,gpu,64442132094121.33,,9570476055172.117,,,449.981663824823,,0.0,0.0,3547392.0,0.0,64,0,64,4,24576.0,,,,,,dag,supervisor,,
GPT-175B,D-hi,8,wl_D4.json,64,A3,121.07228102471076,200802898340180.12,475353391200.0,20319552.0,recompute,naive,pim,gpu,33996097567890.465,166767251080367.72,39549402150.51482,82921.36381595003,198424.52129940872,82.14877107076497,4.0041088304882915e-05,27.416823064764102,0.0009094807731944537,3547392.0,0.0,64,0,64,4,24576.0,8.0,512.0,8.0,0.666,replicate,dag,supervisor,True,20319552.0
GPT-175B,D-hi,8,wl_D4.json,64,A3b,120.63630261131267,201148896780206.3,475353391200.0,40986432.0,recompute,naive,pim,gpu,33996097567890.465,167113249045919.34,39549402150.51482,521145.48159653856,198424.52129940872,82.14877107076497,4.0041088304882915e-05,26.97603827536259,0.0057159189596365095,3547392.0,0.0,64,0,64,4,24576.0,8.0,512.0,8.0,0.666,replicate,dag,supervisor,True,40986432.0
GPT-175B,D-hi,8,wl_D4.json,64,A5,91.73938939436856,126232818784969.92,62832844896.0,47237856.0,recompute,master-diff,pim,pim,32436705607859.695,93790884514610.66,5227692695.439721,947639.7547093251,1581.817700011029,68.88364612510527,4.0041088304882915e-05,22.556775850910512,0.010393704315160925,812544.0,2734848.0,1,63,64,4,24576.0,8.0,512.0,8.0,1.3004,mq,dag,supervisor,True,47237856.0
GPT-175B,D-hi,8,wl_D4.json,64,A6,91.73938939436856,126232818784969.92,62832844896.0,47237856.0,recompute,master-diff,pim,dynamic,32436705607859.695,93790884514610.66,5227692695.439721,947639.7547093251,1581.817700011029,68.88364612510527,4.0041088304882915e-05,22.556775850910512,0.010393704315160925,812544.0,2734848.0,1,63,64,4,24576.0,8.0,512.0,8.0,1.3004,mq,dag,supervisor,True,47237856.0
GPT-175B,D-lo,8,wl_D1.json,16,A1,60.54222634299159,140931690725285.9,165811322880.0,10443264.0,no-reuse-physical,private,pim,gpu,28687284991352.477,112230610148366.38,13795502063.816187,75018.06305259939,,45.225001738913356,9.960606361476149,4.803091021759483,0.0008227974415274001,13000704.0,0.0,16,0,16,1,0.0,8.0,512.0,8.0,0.666,replicate,dag,supervisor,True,10443264.0
GPT-175B,D-lo,8,wl_D1.json,16,A2,155.55895948814853,15526955778804.426,20841077145600.0,30112.0,recompute,none,gpu,gpu,13792978160289.535,,1733977618513.783,,,86.08870233614562,,0.0,0.0,835584.0,0.0,16,0,16,1,0.0,,,,,,dag,supervisor,,
GPT-175B,D-lo,8,wl_D1.json,16,A3,24.292095581006524,37989530069922.945,86005776384.0,5062368.0,recompute,naive,pim,gpu,8231447583870.502,29750926784695.195,7155680594.97432,20727.83093748563,157.69600000141375,19.248306689606373,1.0010272076385734e-05,4.748980815477106,0.00022734266348276228,835584.0,0.0,16,0,16,1,0.0,8.0,512.0,8.0,0.666,replicate,dag,supervisor,True,5062368.0
GPT-175B,D-lo,8,wl_D1.json,16,A3a,24.292095581006524,37989530069922.945,86005776384.0,5062368.0,recompute,naive-mask,pim,gpu,8231447583870.502,29750926784695.195,7155680594.97432,20727.83093748563,157.69600000141375,19.248306689606373,1.0010272076385734e-05,4.748980815477106,0.00022734266348276228,835584.0,0.0,16,0,16,1,0.0,8.0,512.0,8.0,0.666,replicate,dag,supervisor,True,5062368.0
GPT-175B,D-lo,8,wl_D1.json,16,A3b,24.346024018634882,38039123818712.27,86005776384.0,5822688.0,recompute,naive,pim,gpu,8231447583870.502,29800520470237.96,7155680594.97432,83540.76917829431,157.69600000141375,19.248306689606373,1.0010272076385734e-05,4.802220321948848,0.0009162744057237315,835584.0,0.0,16,0,16,1,0.0,8.0,512.0,8.0,0.666,replicate,dag,supervisor,True,5822688.0
GPT-175B,D-lo,8,wl_D1.json,16,A4,24.260698202829026,38035830433089.89,86005776384.0,5750496.0,recompute,master-diff,pim,gpu,8231447583870.502,29797227089256.594,7155680594.97432,79369.53384954814,53.10930000042724,19.248306689606373,1.0010272076385734e-05,4.72216959099991,0.0008705243341237882,835584.0,0.0,16,0,16,1,0.0,8.0,512.0,8.0,0.666,replicate,dag,supervisor,True,5750496.0
GPT-175B,D-lo,8,wl_D1.json,16,A4b,24.260698202829026,38035830433089.89,86005776384.0,5750496.0,recompute,master-diff,pim,gpu,8231447583870.502,29797227089256.594,7155680594.97432,79369.53384954814,53.10930000042724,19.248306689606373,1.0010272076385734e-05,4.72216959099991,0.0008705243341237882,835584.0,0.0,16,0,16,1,0.0,8.0,512.0,8.0,0.666,replicate,dag,supervisor,True,5750496.0
GPT-175B,D-lo,8,wl_D1.json,16,A5,20.348083939853154,13082941400364.701,11334057984.0,5836896.0,recompute,master-diff,pim,pim,8204774021129.965,4877224302536.353,942993624.2393031,83276.30684186074,54.04530000044877,18.95218158816398,1.0010272076385734e-05,1.3544965080439555,0.0009133737851971458,812544.0,23040.0,1,15,16,1,0.0,8.0,512.0,8.0,1.3004,mq,dag,supervisor,True,5836896.0
GPT-175B,D-lo,8,wl_D1.json,16,A6,20.348083939853154,13082941400364.701,11334057984.0,5836896.0,recompute,master-diff,pim,dynamic,8204774021129.965,4877224302536.353,942993624.2393031,83276.30684186074,54.04530000044877,18.95218158816398,1.0010272076385734e-05,1.3544965080439555,0.0009133737851971458,812544.0,23040.0,1,15,16,1,0.0,8.0,512.0,8.0,1.3004,mq,dag,supervisor,True,5836896.0
GPT-175B,N-hi,8,wl_N64.json,128,A2,2304.8106477074693,180768022198454.75,325676766855168.0,241568.0,recompute,none,gpu,gpu,153671715196134.7,,27096307002341.99,,,1219.2214248570012,,0.0,0.0,5702400.0,0.0,128,0,128,2,16384.0,,,,,,dag,supervisor,,
GPT-175B,N-lo,8,wl_N4.json,8,A1,38.7546145152925,79273155157451.02,86529540096.0,5516544.0,no-reuse-physical,private,pim,gpu,17754440271709.168,61511515589938.625,7199257735.993559,37509.031526264305,,30.38369567495952,5.53538623901331,2.546689400898146,0.00041139872076283374,6795264.0,0.0,8,0,8,2,1024.0,8.0,512.0,8.0,0.666,replicate,dag,supervisor,True,5516544.0
GPT-175B,N-lo,8,wl_N4.json,8,A2,92.17764786256816,12119705200357.836,11041429782528.0,15264.0,recompute,none,gpu,gpu,11201058242451.225,,918646957906.3436,,,55.37288192080537,,0.0,0.0,1025280.0,0.0,8,0,8,2,1024.0,,,,,,dag,supervisor,,
GPT-175B,N-lo,8,wl_N4.json,8,A3,23.057511980080545,24366696682404.938,46036947464.0,2880872.0,recompute,naive,pim,gpu,8228582666052.56,16134283722827.309,3830274029.058175,10364.543244823511,8889.203199999654,19.84868271401161,5.005136038178939e-06,2.6107939306697894,0.00011367821718455615,1025280.0,0.0,8,0,8,2,1024.0,8.0,512.0,8.0,0.666,replicate,dag,supervisor,True,2880872.0
GPT-175B,N-lo,8,wl_N4.json,8,A3a,22.633989840083995,24417868195894.344,46036947464.0,2880872.0,recompute,naive-mask,pim,gpu,8228582666052.56,16185455245047.078,3830274029.058175,10364.543244823511,282.68800000015256,19.84868271401161,5.005136038178939e-06,2.617597550496796,0.00011367821718455615,1025280.0,0.0,8,0,8,2,1024.0,8.0,512.0,8.0,0.666,replicate,dag,supervisor,True,2880872.0
GPT-175B,N-lo,8,wl_N4.json,8,A3b,22.959283762097712,24399534046650.113,46036947464.0,4589672.0,recompute,naive,pim,gpu,8228582666052.56,16167121046634.076,3830274029.058175,51954.6923643933,8889.203199999654,19.84868271401161,5.005136038178939e-06,2.512109550998115,0.0005698385990452668,1025280.0,0.0,8,0,8,2,1024.0,8.0,512.0,8.0,0.666,replicate,dag,supervisor,True,4589672.0
GPT-175B,N-lo,8,wl_N4.json,8,A4,22.50146250093863,24445958454376.195,46036947464.0,4153448.0,recompute,master-diff,pim,gpu,8228582666052.56,16213545468755.164,3830274029.058175,45942.24769250168,74.78400000002401,19.84868271401161,5.005136038178939e-06,2.4950751948685648,0.000503894159905471,1025280.0,0.0,8,0,8,2,1024.0,8.0,512.0,8.0,0.666,replicate,dag,supervisor,True,4153448.0
GPT-175B,N-lo,8,wl_N4.json,8,A4b,22.50146250093863,24445958454376.195,46036947464.0,4153448.0,recompute,master-diff,pim,gpu,8228582666052.56,16213545468755.164,3830274029.058175,45942.24769250168,74.78400000002401,19.84868271401161,5.005136038178939e-06,2.4950751948685648,0.000503894159905471,1025280.0,0.0,8,0,8,2,1024.0,8.0,512.0,8.0,0.666,replicate,dag,supervisor,True,4153448.0
GPT-175B,N-lo,8,wl_N4.json,8,A5,20.95809176011461,16167713721123.713,10635710984.0,5027720.0,recompute,master-diff,pim,pim,8135668651577.858,8031160094274.068,884891153.8572133,84222.60681013549,90.97730000000426,19.052571812271243,5.005136038178939e-06,1.8645899539511732,0.0009237527947416018,812544.0,212736.0,1,7,8,2,1024.0,8.0,512.0,8.0,1.3004,mq,dag,supervisor,True,5027720.0
GPT-175B,N-lo,8,wl_N4.json,8,A6,20.95809176011461,16167713721123.713,10635710984.0,5027720.0,recompute,master-diff,pim,dynamic,8135668651577.858,8031160094274.068,884891153.8572133,84222.60681013549,90.97730000000426,19.052571812271243,5.005136038178939e-06,1.8645899539511732,0.0009237527947416018,812544.0,212736.0,1,7,8,2,1024.0,8.0,512.0,8.0,1.3004,mq,dag,supervisor,True,5027720.0
GPT-175B,baseline,8,wl_baseline_alltoall_N16_C32_D2.json,32,A1,148.51094928767228,399783755353510.94,404100218880.0,20886528.0,no-reuse-physical,private,pim,gpu,67498540691168.48,332251593386950.06,33621138211.971924,150036.12610665223,,104.31984404991634,30.9139745553643,11.92848428474385,0.0016455948830218677,31899648.0,0.0,32,0,32,2,4096.0,8.0,512.0,8.0,0.666,replicate,dag,supervisor,True,20886528.0
GPT-175B,baseline,8,wl_baseline_alltoall_N16_C32_D2.json,32,A2,377.3705625694912,34796303809101.953,51616413646848.0,60320.0,recompute,none,gpu,gpu,30501818193689.21,,4294485615417.974,,,205.31585041336362,,0.0,0.0,1739520.0,0.0,32,0,32,2,4096.0,,,,,,dag,supervisor,,
GPT-175B,baseline,8,wl_baseline_alltoall_N16_C32_D2.json,32,A3,56.289040554880884,91354781441572.25,213372395552.0,10148096.0,recompute,naive,pim,gpu,16809496387181.504,74527532360607.33,17752583310.70256,41459.008561794566,66329.75220005782,40.12877609121871,2.0020544152973957e-05,12.132060786356837,0.00045472203342510097,1739520.0,0.0,32,0,32,2,4096.0,8.0,512.0,8.0,0.666,replicate,dag,supervisor,True,10148096.0
GPT-175B,baseline,8,wl_baseline_alltoall_N16_C32_D2.json,32,A3a,53.116202163727415,92049008361148.62,213372395552.0,10148096.0,recompute,naive-mask,pim,gpu,16809496387181.504,75221759345293.66,17752583310.70256,41459.008561794566,1193.624200003332,40.12877609121871,2.0020544152973957e-05,12.216028794572534,0.00045472203342510097,1739520.0,0.0,32,0,32,2,4096.0,8.0,512.0,8.0,0.666,replicate,dag,supervisor,True,10148096.0
GPT-175B,baseline,8,wl_baseline_alltoall_N16_C32_D2.json,32,A3b,56.20751196773291,91503176728882.83,213372395552.0,17543936.0,recompute,naive,pim,gpu,16809496387181.504,74675927461660.52,17752583310.70256,229409.00663998185,66329.75220005782,40.12877609121871,2.0020544152973957e-05,12.048470756224212,0.002516155923601833,1739520.0,0.0,32,0,32,2,4096.0,8.0,512.0,8.0,0.666,replicate,dag,supervisor,True,17543936.0
GPT-175B,baseline,8,wl_baseline_alltoall_N16_C32_D2.json,32,A4,52.62635208524005,92174542928285.61,213372395552.0,15435008.0,recompute,master-diff,pim,gpu,16809496387181.504,75347293754572.1,17752583310.70256,200454.76766306834,480.75360000176914,40.12877609121871,2.0020544152973957e-05,11.760078375289593,0.002198586090650817,1739520.0,0.0,32,0,32,2,4096.0,8.0,512.0,8.0,0.666,replicate,dag,supervisor,True,15435008.0
GPT-175B,baseline,8,wl_baseline_alltoall_N16_C32_D2.json,32,A4b,52.62635208524005,92174542928285.61,213372395552.0,15435008.0,recompute,master-diff,pim,gpu,16809496387181.504,75347293754572.1,17752583310.70256,200454.76766306834,480.75360000176914,40.12877609121871,2.0020544152973957e-05,11.760078375289593,0.002198586090650817,1739520.0,0.0,32,0,32,2,4096.0,8.0,512.0,8.0,0.666,replicate,dag,supervisor,True,15435008.0
GPT-175B,baseline,8,wl_baseline_alltoall_N16_C32_D2.json,32,A5,43.94214487888611,49666935764729.17,28500320288.0,19244000.0,recompute,master-diff,pim,pim,16282084550170.195,33382479622582.91,2371226648.028201,367226.2208085754,566.7909000022395,35.59600310051918,2.0020544152973957e-05,8.218753398048403,0.00402773389021634,812544.0,926976.0,1,31,32,2,4096.0,8.0,512.0,8.0,1.3004,mq,dag,supervisor,True,19244000.0
GPT-175B,baseline,8,wl_baseline_alltoall_N16_C32_D2.json,32,A6,43.94214487888611,49666935764729.17,28500320288.0,19244000.0,recompute,master-diff,pim,dynamic,16282084550170.195,33382479622582.91,2371226648.028201,367226.2208085754,566.7909000022395,35.59600310051918,2.0020544152973957e-05,8.218753398048403,0.00402773389021634,812544.0,926976.0,1,31,32,2,4096.0,8.0,512.0,8.0,1.3004,mq,dag,supervisor,True,19244000.0
GPT-175B,broadcast,8,wl_broadcast.json,17,A1,70.98846480329257,155640446335036.6,176174530560.0,11354016.0,no-reuse-physical,private,pim,gpu,33015557856889.016,122610230662131.52,14657720942.79,79706.6919936585,,54.08160321797378,11.070310830634162,5.2484281003761915,0.000874222281622971,13813248.0,0.0,17,0,17,2,4096.0,8.0,512.0,8.0,0.666,replicate,dag,supervisor,True,11354016.0
GPT-175B,broadcast,8,wl_broadcast.json,17,A2,175.15883621854374,19171987454678.75,22764535676928.0,32224.0,recompute,none,gpu,gpu,17277978086358.787,,1894009368320.2449,,,99.27705062878834,,0.0,0.0,849408.0,0.0,17,0,17,2,4096.0,,,,,,dag,supervisor,,
GPT-175B,broadcast,8,wl_broadcast.json,17,A3,32.09543725578406,44740056960115.44,93835117088.0,5607680.0,recompute,naive,pim,gpu,11208280167809.666,33523969686615.668,7807081741.546277,21508.22896625935,1883.5967000074597,26.290197865129585,1.0635914081172498e-05,5.398029291956358,0.00023590206205056802,849408.0,0.0,17,0,17,2,4096.0,8.0,512.0,8.0,0.666,replicate,dag,supervisor,True,5607680.0
GPT-175B,broadcast,8,wl_broadcast.json,17,A3a,31.987293568614522,44572896652090.03,93835117088.0,5607680.0,recompute,naive-mask,pim,gpu,11208280167809.666,33356809381023.668,7807081741.546277,21508.22896625935,276.3519000030134,26.290197865129585,1.0635914081172498e-05,5.370247844250538,0.00023590206205056802,849408.0,0.0,17,0,17,2,4096.0,8.0,512.0,8.0,0.666,replicate,dag,supervisor,True,5607680.0
GPT-175B,broadcast,8,wl_broadcast.json,17,A3b,32.11042021609233,44799955400288.08,93835117088.0,7598336.0,recompute,naive,pim,gpu,11208280167809.666,33583868051357.793,7807081741.546277,97372.57149604808,1883.5967000074597,26.290197865129585,1.0635914081172498e-05,5.4121801714377185,0.0010679814892452786,849408.0,0.0,17,0,17,2,4096.0,8.0,512.0,8.0,0.666,replicate,dag,supervisor,True,7598336.0
GPT-175B,broadcast,8,wl_broadcast.json,17,A4,31.913039274961207,44628665496724.7,93835117088.0,7424864.0,recompute,master-diff,pim,gpu,11208280167809.666,33412578154837.387,7807081741.546277,92142.23344652285,95.69170000086416,26.290197865129585,1.0635914081172498e-05,5.304251847174777,0.0010106151885349707,849408.0,0.0,17,0,17,2,4096.0,8.0,512.0,8.0,0.666,replicate,dag,supervisor,True,7424864.0
GPT-175B,broadcast,8,wl_broadcast.json,17,A4b,31.913039274961207,44628665496724.7,93835117088.0,7424864.0,recompute,master-diff,pim,gpu,11208280167809.666,33412578154837.387,7807081741.546277,92142.23344652285,95.69170000086416,26.290197865129585,1.0635914081172498e-05,5.304251847174777,0.0010106151885349707,849408.0,0.0,17,0,17,2,4096.0,8.0,512.0,8.0,0.666,replicate,dag,supervisor,True,7424864.0
GPT-175B,broadcast,8,wl_broadcast.json,17,A5,27.96176047512683,19823739538320.906,11882611232.0,7570784.0,recompute,master-diff,pim,pim,11174134669266.908,8648616137343.007,988633254.4702601,98784.12354601036,97.61140000091844,25.9320605082752,1.0635914081172498e-05,1.984116590164048,0.0010834633794629225,812544.0,36864.0,1,16,17,2,4096.0,8.0,512.0,8.0,1.3004,mq,dag,supervisor,True,7570784.0
GPT-175B,broadcast,8,wl_broadcast.json,17,A6,27.96176047512683,19823739538320.906,11882611232.0,7570784.0,recompute,master-diff,pim,dynamic,11174134669266.908,8648616137343.007,988633254.4702601,98784.12354601036,97.61140000091844,25.9320605082752,1.0635914081172498e-05,1.984116590164048,0.0010834633794629225,812544.0,36864.0,1,16,17,2,4096.0,8.0,512.0,8.0,1.3004,mq,dag,supervisor,True,7570784.0
GPT-175B,k-hi,32,wl_baseline_alltoall_N16_C32_D2.json,32,A1,148.51094928767228,399783755353510.94,404100218880.0,20886528.0,no-reuse-physical,private,pim,gpu,67498540691168.48,332251593386950.06,33621138211.971924,150036.12610665223,,104.31984404991634,30.9139745553643,11.92848428474385,0.0016455948830218677,31899648.0,0.0,32,0,32,2,4096.0,8.0,512.0,8.0,0.666,replicate,dag,supervisor,True,20886528.0
GPT-175B,k-hi,32,wl_baseline_alltoall_N16_C32_D2.json,32,A2,387.66068453947645,38006703930540.49,51616413646848.0,60320.0,recompute,none,gpu,gpu,33712218315124.97,,4294485615417.9976,,,215.60597238335836,,0.0,0.0,3197952.0,0.0,32,0,32,2,4096.0,,,,,,dag,supervisor,,
GPT-175B,k-hi,32,wl_baseline_alltoall_N16_C32_D2.json,32,A3,68.83664613831877,94116950686505.58,217852698656.0,10148096.0,recompute,naive,pim,gpu,20019896508543.367,74078928683165.95,18125344528.955334,41459.008561794566,105588.35110018928,50.418898061198725,2.0020544152973957e-05,12.411680112378887,0.00045472203342510097,3197952.0,0.0,32,0,32,2,4096.0,8.0,512.0,8.0,0.666,replicate,dag,supervisor,True,10148096.0
GPT-175B,k-hi,32,wl_baseline_alltoall_N16_C32_D2.json,32,A3a,63.92020854419156,98261843875301.1,217852698656.0,10148096.0,recompute,naive-mask,pim,gpu,20019896508543.367,78223821976583.92,18125344528.955334,41459.008561794566,1193.983100003283,50.418898061198725,2.0020544152973957e-05,12.714960916014896,0.00045472203342510097,3197952.0,0.0,32,0,32,2,4096.0,8.0,512.0,8.0,0.666,replicate,dag,supervisor,True,10148096.0
GPT-175B,k-hi,32,wl_baseline_alltoall_N16_C32_D2.json,32,A3b,68.41584563167157,94263699277876.3,217852698656.0,17519360.0,recompute,naive,pim,gpu,20019896508543.367,74225677090993.81,18125344528.955334,227323.38897473708,105588.35110018928,50.418898061198725,2.0020544152973957e-05,11.988841046300925,0.0024932808877799776,3197952.0,0.0,32,0,32,2,4096.0,8.0,512.0,8.0,0.666,replicate,dag,supervisor,True,17519360.0
GPT-175B,k-hi,32,wl_baseline_alltoall_N16_C32_D2.json,32,A4,63.432246265960366,98387378443580.67,217852698656.0,15435008.0,recompute,master-diff,pim,gpu,20019896508543.367,78349356387882.4,18125344528.955334,200454.76766306834,481.9056000017015,50.418898061198725,2.0020544152973957e-05,12.260858643299782,0.002198586090650817,3197952.0,0.0,32,0,32,2,4096.0,8.0,512.0,8.0,0.666,replicate,dag,supervisor,True,15435008.0
GPT-175B,k-hi,32,wl_baseline_alltoall_N16_C32_D2.json,32,A4b,63.432246265960366,98387378443580.67,217852698656.0,15435008.0,recompute,master-diff,pim,gpu,20019896508543.367,78349356387882.4,18125344528.955334,200454.76766306834,481.9056000017015,50.418898061198725,2.0020544152973957e-05,12.260858643299782,0.002198586090650817,3197952.0,0.0,32,0,32,2,4096.0,8.0,512.0,8.0,0.666,replicate,dag,supervisor,True,15435008.0
GPT-175B,k-hi,32,wl_baseline_alltoall_N16_C32_D2.json,32,A5,54.730645794668256,79071665837643.19,46421532704.0,25260032.0,recompute,master-diff,pim,pim,18730803521408.133,60336999410776.12,3862271521.143691,629995.9978984529,746.2350000015499,39.050615859202374,2.0020544152973957e-05,15.48104992146424,0.006909790444414897,812544.0,2385408.0,1,31,32,2,4096.0,8.0,512.0,8.0,1.3004,mq,dag,supervisor,True,25260032.0
GPT-175B,k-hi,32,wl_baseline_alltoall_N16_C32_D2.json,32,A6,54.730645794668256,79071665837643.19,46421532704.0,25260032.0,recompute,master-diff,pim,dynamic,18730803521408.133,60336999410776.12,3862271521.143691,629995.9978984529,746.2350000015499,39.050615859202374,2.0020544152973957e-05,15.48104992146424,0.006909790444414897,812544.0,2385408.0,1,31,32,2,4096.0,8.0,512.0,8.0,1.3004,mq,dag,supervisor,True,25260032.0
GPT-175B,k-lo,2,wl_baseline_alltoall_N16_C32_D2.json,32,A1,148.51094928767228,399783755353510.94,404100218880.0,20886528.0,no-reuse-physical,private,pim,gpu,67498540691168.48,332251593386950.06,33621138211.971924,150036.12610665223,,104.31984404991634,30.9139745553643,11.92848428474385,0.0016455948830218677,31899648.0,0.0,32,0,32,2,4096.0,8.0,512.0,8.0,0.666,replicate,dag,supervisor,True,20886528.0
GPT-175B,k-lo,2,wl_baseline_alltoall_N16_C32_D2.json,32,A2,374.97706230611414,33999507829609.92,51616413646848.0,60320.0,recompute,none,gpu,gpu,29705022214196.023,,4294485615417.9976,,,202.9223501499948,,0.0,0.0,1374912.0,0.0,32,0,32,2,4096.0,,,,,,dag,supervisor,,
GPT-175B,k-lo,2,wl_baseline_alltoall_N16_C32_D2.json,32,A3,51.67631898540858,90681983170157.17,212252319776.0,10148096.0,recompute,naive,pim,gpu,16012700407688.129,74651623302523.23,17659393006.10262,41459.008561794566,22090.136500038894,37.735275827843694,2.0020544152973957e-05,12.12855385117149,0.00045472203342510097,1374912.0,0.0,32,0,32,2,4096.0,8.0,512.0,8.0,0.666,replicate,dag,supervisor,True,10148096.0
GPT-175B,k-lo,2,wl_baseline_alltoall_N16_C32_D2.json,32,A3a,50.449120538373236,90378791880179.97,212252319776.0,10148096.0,recompute,naive-mask,pim,gpu,16012700407688.129,74348432034460.31,17659393006.10262,41459.008561794566,1193.214900003216,37.735275827843694,2.0020544152973957e-05,11.946201483988261,0.00045472203342510097,1374912.0,0.0,32,0,32,2,4096.0,8.0,512.0,8.0,0.666,replicate,dag,supervisor,True,10148096.0
GPT-175B,k-lo,2,wl_baseline_alltoall_N16_C32_D2.json,32,A3b,51.4315602504044,90820187942034.47,212252319776.0,16327232.0,recompute,naive,pim,gpu,16012700407688.129,74789827900520.55,17659393006.10262,216502.21060672004,22090.136500038894,37.735275827843694,2.0020544152973957e-05,11.8818752360587,0.0023745943006577386,1374912.0,0.0,32,0,32,2,4096.0,8.0,512.0,8.0,0.666,replicate,dag,supervisor,True,16327232.0
GPT-175B,k-lo,2,wl_baseline_alltoall_N16_C32_D2.json,32,A4,50.08773159230121,90504326447601.92,212252319776.0,15435008.0,recompute,master-diff,pim,gpu,16012700407688.129,74473966443578.97,17659393006.10262,200454.76766306834,480.4720000017735,37.735275827843694,2.0020544152973957e-05,11.618705812094346,0.002198586090650817,1374912.0,0.0,32,0,32,2,4096.0,8.0,512.0,8.0,0.666,replicate,dag,supervisor,True,15435008.0
GPT-175B,k-lo,2,wl_baseline_alltoall_N16_C32_D2.json,32,A4b,50.08773159230121,90504326447601.92,212252319776.0,15435008.0,recompute,master-diff,pim,gpu,16012700407688.129,74473966443578.97,17659393006.10262,200454.76766306834,480.4720000017735,37.735275827843694,2.0020544152973957e-05,11.618705812094346,0.002198586090650817,1374912.0,0.0,32,0,32,2,4096.0,8.0,512.0,8.0,0.666,replicate,dag,supervisor,True,15435008.0
GPT-175B,k-lo,2,wl_baseline_alltoall_N16_C32_D2.json,32,A5,41.31001770181718,42687693974008.81,24020017184.0,17751008.0,recompute,master-diff,pim,pim,15674663425847.623,27011031784556.625,1998465429.6922336,301533.7765340505,522.7426000019615,34.69572166450178,2.0020544152973957e-05,6.504764930392414,0.003307219751703767,812544.0,562368.0,1,31,32,2,4096.0,8.0,512.0,8.0,1.3004,mq,dag,supervisor,True,17751008.0
GPT-175B,k-lo,2,wl_baseline_alltoall_N16_C32_D2.json,32,A6,41.31001770181718,42687693974008.81,24020017184.0,17751008.0,recompute,master-diff,pim,dynamic,15674663425847.623,27011031784556.625,1998465429.6922336,301533.7765340505,522.7426000019615,34.69572166450178,2.0020544152973957e-05,6.504764930392414,0.003307219751703767,812544.0,562368.0,1,31,32,2,4096.0,8.0,512.0,8.0,1.3004,mq,dag,supervisor,True,17751008.0
GPT-175B,pipeline,8,wl_pipeline_D4.json,4,A1,39.44481493497807,46621235417682.11,41452830720.0,3643008.0,no-reuse-physical,private,pim,gpu,17313091462179.92,29304695062005.81,3448875515.927719,18754.515763191142,,35.42640591621548,2.624825502268766,1.2552017141696206,0.00020569936038104846,3250176.0,0.0,4,0,4,4,1536.0,8.0,512.0,8.0,0.666,replicate,dag,supervisor,True,3643008.0
GPT-175B,pipeline,8,wl_pipeline_D4.json,4,A2,67.88463507923758,15360266379803.086,5443103490048.0,8352.0,recompute,none,gpu,gpu,14907400169430.922,,452866210371.9992,,,49.74095677907789,,0.0,0.0,819456.0,0.0,4,0,4,4,1536.0,,,,,,dag,supervisor,,
GPT-175B,pipeline,8,wl_pipeline_D4.json,4,A3,33.61168091463917,21339555559186.727,22410955878.0,2396166.0,recompute,naive,pim,gpu,13414035310466.027,7923655652416.741,1864591529.0484421,4664.99578561668,222.05439999984566,32.10750938341941,2.5025680190933215e-06,1.4183119562652153,5.1165631861378665e-05,819456.0,0.0,4,0,4,4,1536.0,8.0,512.0,8.0,0.666,replicate,dag,supervisor,True,2396166.0
GPT-175B,pipeline,8,wl_pipeline_D4.json,4,A3a,33.60971221424721,21344672711328.676,22410955878.0,2396166.0,recompute,naive-mask,pim,gpu,13414035310466.027,7928772804630.98,1864591529.0484421,4664.99578561668,165.52960000009364,32.10750938341941,2.5025680190933215e-06,1.4191694958490937,5.1165631861378665e-05,819456.0,0.0,4,0,4,4,1536.0,8.0,512.0,8.0,0.666,replicate,dag,supervisor,True,2396166.0
GPT-175B,pipeline,8,wl_pipeline_D4.json,4,A3b,33.478868876310976,21351905753131.164,22410955878.0,3870726.0,recompute,naive,pim,gpu,13414035310466.027,7936005830942.456,1864591529.0484421,20307.128265591546,222.05439999984566,32.10750938341941,2.5025680190933215e-06,1.2853283556235402,0.00022272840035713872,819456.0,0.0,4,0,4,4,1536.0,8.0,512.0,8.0,0.666,replicate,dag,supervisor,True,3870726.0
GPT-175B,pipeline,8,wl_pipeline_D4.json,4,A4,33.46894987449659,21356199558840.555,22410955878.0,3766662.0,recompute,master-diff,pim,gpu,13414035310466.027,7940299637910.051,1864591529.0484421,19264.31943357793,49.100700000076564,32.10750938341941,2.5025680190933215e-06,1.2840684760214827,0.00021129088245715094,819456.0,0.0,4,0,4,4,1536.0,8.0,512.0,8.0,0.666,replicate,dag,supervisor,True,3766662.0
GPT-175B,pipeline,8,wl_pipeline_D4.json,4,A4b,33.46894987449659,21356199558840.555,22410955878.0,3766662.0,recompute,master-diff,pim,gpu,13414035310466.027,7940299637910.051,1864591529.0484421,19264.31943357793,49.100700000076564,32.10750938341941,2.5025680190933215e-06,1.2840684760214827,0.00021129088245715094,819456.0,0.0,4,0,4,4,1536.0,8.0,512.0,8.0,0.666,replicate,dag,supervisor,True,3766662.0
GPT-175B,pipeline,8,wl_pipeline_D4.json,4,A5,33.36911331550981,21421645256260.34,6591876198.0,3794022.0,recompute,master-diff,pim,pim,13407445456963.744,8013651335010.069,548444099.6704388,20509.67382716924,49.61100000007778,32.03839116891004,2.5025680190933215e-06,1.3060412231070053,0.00022494991825653863,812544.0,6912.0,1,3,4,4,1536.0,8.0,512.0,8.0,1.3004,mq,dag,supervisor,True,3794022.0
GPT-175B,pipeline,8,wl_pipeline_D4.json,4,A6,33.36911331550981,21421645256260.34,6591876198.0,3794022.0,recompute,master-diff,pim,dynamic,13407445456963.744,8013651335010.069,548444099.6704388,20509.67382716924,49.61100000007778,32.03839116891004,2.5025680190933215e-06,1.3060412231070053,0.00022494991825653863,812544.0,6912.0,1,3,4,4,1536.0,8.0,512.0,8.0,1.3004,mq,dag,supervisor,True,3794022.0
GPT-175B,private,8,wl_private.json,32,A1,148.51094928767228,399783755353510.94,404100218880.0,20886528.0,no-reuse-physical,private,pim,gpu,67498540691168.48,332251593386950.06,33621138211.971924,150036.12610665223,,104.31984404991634,30.9139745553643,11.92848428474385,0.0016455948830218677,31899648.0,0.0,32,0,32,2,4096.0,8.0,512.0,8.0,0.666,replicate,dag,supervisor,True,20886528.0
GPT-175B,private,8,wl_private.json,32,A2,527.9880311568742,86258060750199.6,51616413646848.0,60320.0,recompute,none,gpu,gpu,81963575134770.28,,4294485615417.9736,,,355.93331900068995,,0.0,0.0,25725696.0,0.0,32,0,32,2,4096.0,,,,,,dag,supervisor,,
GPT-175B,private,8,wl_private.json,32,A3,205.40176921906706,142677682984728.88,287057928224.0,10144160.0,recompute,naive,pim,gpu,68271253328501.73,74382546382021.55,23883219629.386593,41459.008561794566,9001.213499995634,190.74624467761328,2.0020544152973957e-05,13.24812936063231,0.00045472203342510097,25725696.0,0.0,32,0,32,2,4096.0,8.0,512.0,8.0,0.666,replicate,dag,supervisor,True,10144160.0
GPT-175B,private,8,wl_private.json,32,A3a,205.03659839722496,142643568629539.53,287057928224.0,10144160.0,recompute,naive-mask,pim,gpu,68271253328501.73,74348432034204.12,23883219629.386593,41459.008561794566,1611.2103000172588,190.74624467761328,2.0020544152973957e-05,13.252458695251725,0.00045472203342510097,25725696.0,0.0,32,0,32,2,4096.0,8.0,512.0,8.0,0.666,replicate,dag,supervisor,True,10144160.0
GPT-175B,private,8,wl_private.json,32,A3b,204.2450392644783,142797891507636.44,287057928224.0,22260128.0,recompute,naive,pim,gpu,68271253328501.73,74502754766912.27,23883219629.386593,193709.09803393675,9001.213499995634,190.74624467761328,2.0020544152973957e-05,12.089729516584093,0.002124599646754855,25725696.0,0.0,32,0,32,2,4096.0,8.0,512.0,8.0,0.666,replicate,dag,supervisor,True,22260128.0
GPT-175B,private,8,wl_private.json,32,A4,203.78473338764042,142762130461887.0,287057928224.0,21827840.0,recompute,master-diff,pim,gpu,68271253328501.73,74466993728161.64,23883219629.386593,191623.4803672834,504.2918999991491,190.74624467761328,2.0020544152973957e-05,12.054292584086005,0.0021017246109511444,25725696.0,0.0,32,0,32,2,4096.0,8.0,512.0,8.0,0.666,replicate,dag,supervisor,True,21827840.0
GPT-175B,private,8,wl_private.json,32,A4b,203.78473338764042,142762130461887.0,287057928224.0,21827840.0,recompute,master-diff,pim,gpu,68271253328501.73,74466993728161.64,23883219629.386593,191623.4803672834,504.2918999991491,190.74624467761328,2.0020544152973957e-05,12.054292584086005,0.0021017246109511444,25725696.0,0.0,32,0,32,2,4096.0,8.0,512.0,8.0,0.666,replicate,dag,supervisor,True,21827840.0
GPT-175B,reduce,8,wl_reduce.json,17,A1,72.05919102153536,159641649847804.9,180704378880.0,11354016.0,no-reuse-physical,private,pim,gpu,33648306026094.977,125978309124508.38,15034604323.028894,79706.6919936585,,54.948468254104505,11.259072503343514,5.248428100554291,0.000874222281622971,14181888.0,0.0,17,0,17,2,256.0,8.0,512.0,8.0,0.666,replicate,dag,supervisor,True,11354016.0
GPT-175B,reduce,8,wl_reduce.json,17,A2,177.85121016007415,20017520543694.94,22764535676928.0,32224.0,recompute,none,gpu,gpu,18123511175373.77,,1894009368320.235,,,101.96942457031226,,0.0,0.0,1231104.0,0.0,17,0,17,2,256.0,,,,,,dag,supervisor,,
GPT-175B,reduce,8,wl_reduce.json,17,A3,34.59163902275034,44598293210502.6,95007671810.0,5681282.0,recompute,naive,pim,gpu,12053823403677.441,32536565145426.445,7904638294.406563,22023.529539042425,903.1584000016226,28.982571806726376,1.0635914081172498e-05,5.246964864820834,0.0002415538741029244,1231104.0,0.0,17,0,17,2,256.0,8.0,512.0,8.0,0.666,replicate,dag,supervisor,True,5681282.0
GPT-175B,reduce,8,wl_reduce.json,17,A3a,34.57793449638304,44654581884068.6,95007671810.0,5681282.0,recompute,naive-mask,pim,gpu,12053823403677.441,32592853819764.07,7904638294.406563,22023.529539042425,279.00480000135815,28.982571806726376,1.0635914081172498e-05,5.264468018449387,0.0002415538741029244,1231104.0,0.0,17,0,17,2,256.0,8.0,512.0,8.0,0.666,replicate,dag,supervisor,True,5681282.0
GPT-175B,reduce,8,wl_reduce.json,17,A3b,34.602824376978774,44651180342977.17,95007671810.0,6834818.0,recompute,naive,pim,gpu,12053823403677.441,32589452211769.21,7904638294.406563,89007.703108138,903.1584000016226,28.982571806726376,1.0635914081172498e-05,5.257415537946084,0.000976235687941688,1231104.0,0.0,17,0,17,2,256.0,8.0,512.0,8.0,0.666,replicate,dag,supervisor,True,6834818.0
GPT-175B,reduce,8,wl_reduce.json,17,A4,34.48942533740846,44703763958542.94,95007671810.0,6710690.0,recompute,master-diff,pim,gpu,12053823403677.441,32642035832541.22,7904638294.406563,84315.06336354595,68.69950000059526,28.982571806726376,1.0635914081172498e-05,5.185790912113148,0.0009247668573926865,1231104.0,0.0,17,0,17,2,256.0,8.0,512.0,8.0,0.666,replicate,dag,supervisor,True,6710690.0
GPT-175B,reduce,8,wl_reduce.json,17,A4b,34.48942533740846,44703763958542.94,95007671810.0,6710690.0,recompute,master-diff,pim,gpu,12053823403677.441,32642035832541.22,7904638294.406563,84315.06336354595,68.69950000059526,28.982571806726376,1.0635914081172498e-05,5.185790912113148,0.0009247668573926865,1231104.0,0.0,17,0,17,2,256.0,8.0,512.0,8.0,0.666,replicate,dag,supervisor,True,6710690.0
GPT-175B,reduce,8,wl_reduce.json,17,A5,30.392460945498346,25419560972438.363,16572876290.0,8428226.0,recompute,master-diff,pim,pim,11818196961003.82,13599984989458.164,1378863307.2992954,159483.78221044052,91.47680000057444,26.832688283051667,1.0635914081172498e-05,3.498196047019644,0.0017492166902903874,812544.0,418560.0,1,16,17,2,256.0,8.0,512.0,8.0,1.3004,mq,dag,supervisor,True,8428226.0
GPT-175B,reduce,8,wl_reduce.json,17,A6,30.392460945498346,25419560972438.363,16572876290.0,8428226.0,recompute,master-diff,pim,dynamic,11818196961003.82,13599984989458.164,1378863307.2992954,159483.78221044052,91.47680000057444,26.832688283051667,1.0635914081172498e-05,3.498196047019644,0.0017492166902903874,812544.0,418560.0,1,16,17,2,256.0,8.0,512.0,8.0,1.3004,mq,dag,supervisor,True,8428226.0
GPT-175B,supervisor,8,wl_supervisor_D4.json,34,A1,144.46590073300365,325492434572615.1,356878909440.0,22708032.0,no-reuse-physical,private,pim,gpu,66663863883929.0,258798878059289.5,29692325266.56549,159413.38398733994,,109.03007147172437,23.303125093716243,10.941359365436261,0.0017484445632076802,27995136.0,0.0,34,0,34,4,16896.0,8.0,512.0,8.0,0.666,replicate,dag,supervisor,True,22708032.0
GPT-175B,supervisor,8,wl_supervisor_D4.json,34,A2,361.10248096628527,38216123616806.86,47430550683648.0,64544.0,recompute,none,gpu,gpu,34269901799931.73,,3946221816879.654,,,203.00064535424985,,0.0,0.0,1281792.0,0.0,34,0,34,4,16896.0,,,,,,dag,supervisor,,
GPT-175B,supervisor,8,wl_supervisor_D4.json,34,A3,63.3560301992815,91485667898272.61,196284025410.0,11290818.0,recompute,naive,pim,gpu,21683512659126.332,69785824356752.81,16330830914.124489,43534.06071198183,4813.942300018838,51.19064520708521,2.1271828162547484e-05,11.269909032387712,0.00047748118676794527,1281792.0,0.0,34,0,34,4,16896.0,8.0,512.0,8.0,0.666,replicate,dag,supervisor,True,11290818.0
GPT-175B,supervisor,8,wl_supervisor_D4.json,34,A3a,63.10378430530342,91197401652155.31,196284025410.0,11290818.0,recompute,naive-mask,pim,gpu,21683512659126.332,69497558115541.94,16330830914.124489,43534.06071198183,719.6574999974675,51.19064520708521,2.1271828162547484e-05,11.22237737610683,0.00047748118676794527,1281792.0,0.0,34,0,34,4,16896.0,8.0,512.0,8.0,0.666,replicate,dag,supervisor,True,11290818.0
GPT-175B,supervisor,8,wl_supervisor_D4.json,34,A3b,63.359176040817694,91612295975304.36,196284025410.0,16087746.0,recompute,naive,pim,gpu,21683512659126.332,69912452274722.85,16330830914.124489,203914.80029426952,4813.942300018838,51.19064520708521,2.1271828162547484e-05,11.27129581567764,0.0022365356974702374,1281792.0,0.0,34,0,34,4,16896.0,8.0,512.0,8.0,0.666,replicate,dag,supervisor,True,16087746.0
GPT-175B,supervisor,8,wl_supervisor_D4.json,34,A4,62.91954712853532,91315526106966.38,196284025410.0,15710274.0,recompute,master-diff,pim,gpu,21683512659126.332,69615682421315.516,16330830914.124489,193144.5403294832,216.21500000400823,51.19064520708521,2.1271828162547484e-05,11.061671397720454,0.0021184075829261866,1281792.0,0.0,34,0,34,4,16896.0,8.0,512.0,8.0,0.666,replicate,dag,supervisor,True,15710274.0
GPT-175B,supervisor,8,wl_supervisor_D4.json,34,A4b,62.91954712853532,91315526106966.38,196284025410.0,15710274.0,recompute,master-diff,pim,gpu,21683512659126.332,69615682421315.516,16330830914.124489,193144.5403294832,216.21500000400823,51.19064520708521,2.1271828162547484e-05,11.061671397720454,0.0021184075829261866,1281792.0,0.0,34,0,34,4,16896.0,8.0,512.0,8.0,0.666,replicate,dag,supervisor,True,15710274.0
GPT-175B,supervisor,8,wl_supervisor_D4.json,34,A5,54.79039297735767,47500614333924.08,23633103426.0,17633250.0,recompute,master-diff,pim,pim,21400039914337.117,26098607869595.54,1966274205.0248115,277690.2663818299,256.48830000361585,48.5618422188497,2.1271828162547484e-05,6.133882346953107,0.0030457043466129946,812544.0,469248.0,1,33,34,4,16896.0,8.0,512.0,8.0,1.3004,mq,dag,supervisor,True,17633250.0
GPT-175B,supervisor,8,wl_supervisor_D4.json,34,A6,54.79039297735767,47500614333924.08,23633103426.0,17633250.0,recompute,master-diff,pim,dynamic,21400039914337.117,26098607869595.54,1966274205.0248115,277690.2663818299,256.48830000361585,48.5618422188497,2.1271828162547484e-05,6.133882346953107,0.0030457043466129946,812544.0,469248.0,1,33,34,4,16896.0,8.0,512.0,8.0,1.3004,mq,dag,supervisor,True,17633250.0
LLAMA-33B,C-hi,8,wl_C64.json,32,A1,333.39444031634537,463717496430014.4,965978357760.0,12625920.0,no-reuse-physical,private,pim,gpu,20083517979412.84,443613885923207.5,20092349842.05191,191876.8250854912,,99.23370925361915,188.2987617044143,42.63362355700497,0.008418013174210872,35665920.0,0.0,32,0,32,2,4096.0,8.0,512.0,8.0,0.666,replicate,dag,supervisor,True,12625920.0
LLAMA-33B,C-hi,8,wl_C64.json,32,A2,627.0150966551969,14829023099998.21,123707798323200.0,46148.0,recompute,none,gpu,gpu,12255900894872.379,,2573122205122.375,,,214.65576891125727,,0.0,0.0,1824480.0,0.0,32,0,32,2,4096.0,,,,,,dag,supervisor,,
LLAMA-33B,C-hi,8,wl_C64.json,32,A3,77.03274458484039,50001557469707.78,499957227552.0,7511852.0,recompute,naive,pim,gpu,4015343658017.009,45975814521343.305,10399110333.021994,101327.65190243277,77197.03659987172,31.616520122592807,0.00010844461416154819,39.88529465043955,0.004445443102628392,1824480.0,0.0,32,0,32,2,4096.0,8.0,512.0,8.0,0.666,replicate,dag,supervisor,True,7511852.0
LLAMA-33B,C-hi,8,wl_C64.json,32,A3a,73.29295435830136,50490949934696.71,499957227552.0,7511852.0,recompute,naive-mask,pim,gpu,4015343658017.009,46465207062939.81,10399110333.021994,101327.65190243277,747.5005999991857,31.616520122592807,0.00010844461416154819,39.96798122142077,0.004445443102628392,1824480.0,0.0,32,0,32,2,4096.0,8.0,512.0,8.0,0.666,replicate,dag,supervisor,True,7511852.0
LLAMA-33B,C-hi,8,wl_C64.json,32,A3b,76.15982784256855,50015519463586.445,499957227552.0,11241452.0,recompute,naive,pim,gpu,4015343658017.009,45989776312793.4,10399110333.021994,305668.28294347925,77197.03659987172,31.616520122592807,0.00010844461416154819,39.003413082434804,0.013410267923367592,1824480.0,0.0,32,0,32,2,4096.0,8.0,512.0,8.0,0.666,replicate,dag,supervisor,True,11241452.0
LLAMA-33B,C-hi,8,wl_C64.json,32,A4,72.54932907045574,50505297880404.07,499957227552.0,11444972.0,recompute,master-diff,pim,gpu,4015343658017.009,46479554799708.516,10399110333.021994,311316.83078447153,304.79710000050414,31.616520122592807,0.00010844461416154819,39.23727847182568,0.013658080811225236,1824480.0,0.0,32,0,32,2,4096.0,8.0,512.0,8.0,0.666,replicate,dag,supervisor,True,11444972.0
LLAMA-33B,C-hi,8,wl_C64.json,32,A4b,72.54932907045571,50505297880404.07,499957227552.0,11444972.0,recompute,master-diff,pim,gpu,4015343658017.009,46479554799708.516,10399110333.021994,311316.83078447153,304.79710000050414,31.616520122592807,0.00010844461416154819,39.23727847182568,0.013658080811225236,1824480.0,0.0,32,0,32,2,4096.0,8.0,512.0,8.0,0.666,replicate,dag,supervisor,True,11444972.0
LLAMA-33B,C-hi,8,wl_C64.json,32,A5,54.39020819187669,24655037973395.35,51680419872.0,14839352.0,recompute,master-diff,pim,pim,3604614649930.542,21049347736197.62,1074952733.365493,633091.5861179904,399.75430000087,24.97451567480731,0.00010844461416154819,29.1955533016174,0.027774971312250613,999360.0,825120.0,1,31,32,2,4096.0,8.0,512.0,8.0,1.3004,mq,dag,supervisor,True,14839352.0
LLAMA-33B,C-hi,8,wl_C64.json,32,A6,54.39020819187669,24655037973395.35,51680419872.0,14839352.0,recompute,master-diff,pim,dynamic,3604614649930.542,21049347736197.62,1074952733.365493,633091.5861179904,399.75430000087,24.97451567480731,0.00010844461416154819,29.1955533016174,0.027774971312250613,999360.0,825120.0,1,31,32,2,4096.0,8.0,512.0,8.0,1.3004,mq,dag,supervisor,True,14839352.0
LLAMA-33B,C-lo,8,wl_C16.json,32,A1,81.80140910651063,74595324412250.77,337839390720.0,12625920.0,no-reuse-physical,private,pim,gpu,8363571775200.433,66224725378288.73,7027059326.915827,191876.8250854912,,43.58714818064857,23.06071116555802,14.019000423031422,0.008418013174210872,12072960.0,0.0,32,0,32,2,4096.0,8.0,512.0,8.0,0.666,replicate,dag,supervisor,True,12625920.0
LLAMA-33B,C-lo,8,wl_C16.json,32,A2,225.40921662333,6609608231010.771,42991941058560.0,46148.0,recompute,none,gpu,gpu,5715375856992.81,,894232374017.9607,,,82.10274642816319,,0.0,0.0,718560.0,0.0,32,0,32,2,4096.0,,,,,,dag,supervisor,,
LLAMA-33B,C-lo,8,wl_C16.json,32,A3,34.52979254618462,19089668150236.43,183434051616.0,7511852.0,recompute,naive,pim,gpu,2871162656148.3877,16214689941092.51,3815428273.4359813,101326.81631843279,23250.642699984433,18.65402936810111,0.00010844461416154819,14.097230353795952,0.004445406443917166,718560.0,0.0,32,0,32,2,4096.0,8.0,512.0,8.0,0.666,replicate,dag,supervisor,True,7511852.0
LLAMA-33B,C-lo,8,wl_C16.json,32,A3a,33.19806679593993,19210364939082.09,183434051616.0,7511852.0,recompute,naive-mask,pim,gpu,2871162656148.3877,16335386752576.502,3815428273.4359813,101326.81631843279,745.1962999991188,18.65402936810111,0.00010844461416154819,13.890776924112792,0.004445406443917166,718560.0,0.0,32,0,32,2,4096.0,8.0,512.0,8.0,0.666,replicate,dag,supervisor,True,7511852.0
LLAMA-33B,C-lo,8,wl_C16.json,32,A3b,33.840190943978165,19103630148839.71,183434051616.0,11241452.0,recompute,naive,pim,gpu,2871162656148.3877,16228651735072.434,3815428273.4359813,305667.44735947903,23250.642699984433,18.65402936810111,0.00010844461416154819,13.39866392687191,0.013410231264656387,718560.0,0.0,32,0,32,2,4096.0,8.0,512.0,8.0,0.666,replicate,dag,supervisor,True,11241452.0
LLAMA-33B,C-lo,8,wl_C16.json,32,A4,32.857749634916594,19224712885108.848,183434051616.0,11444972.0,recompute,master-diff,pim,gpu,2871162656148.3877,16349734488759.049,3815428273.4359813,311315.99520047137,299.0373000004571,18.65402936810111,0.00010844461416154819,13.563555080007864,0.01365804415251403,718560.0,0.0,32,0,32,2,4096.0,8.0,512.0,8.0,0.666,replicate,dag,supervisor,True,11444972.0
LLAMA-33B,C-lo,8,wl_C16.json,32,A4b,32.85774963491659,19224712885108.848,183434051616.0,11444972.0,recompute,master-diff,pim,gpu,2871162656148.3877,16349734488759.049,3815428273.4359813,311315.99520047137,299.0373000004571,18.65402936810111,0.00010844461416154819,13.563555080007864,0.01365804415251403,718560.0,0.0,32,0,32,2,4096.0,8.0,512.0,8.0,0.666,replicate,dag,supervisor,True,11444972.0
LLAMA-33B,C-lo,8,wl_C16.json,32,A5,26.731068574494156,10687883890250.676,32051052576.0,13318712.0,recompute,master-diff,pim,pim,2776034202267.333,7911182536211.415,666661893.6020515,489183.1317133231,336.7836000006564,17.12604875085535,0.00010844461416154819,9.459773937125954,0.021461424773131163,262080.0,456480.0,1,31,32,2,4096.0,8.0,512.0,8.0,1.3004,mq,dag,supervisor,True,13318712.0
LLAMA-33B,C-lo,8,wl_C16.json,32,A6,26.731068574494156,10687883890250.676,32051052576.0,13318712.0,recompute,master-diff,pim,dynamic,2776034202267.333,7911182536211.415,666661893.6020515,489183.1317133231,336.7836000006564,17.12604875085535,0.00010844461416154819,9.459773937125954,0.021461424773131163,262080.0,456480.0,1,31,32,2,4096.0,8.0,512.0,8.0,1.3004,mq,dag,supervisor,True,13318712.0
LLAMA-33B,D-hi,8,wl_D4.json,64,A2,794.0255243242792,20043997438912.926,155769467043840.0,92356.0,recompute,none,gpu,gpu,16803992524397.232,,3240004914511.5493,,,274.7939675114904,,0.0,0.0,2217120.0,0.0,64,0,64,4,24576.0,,,,,,dag,supervisor,,
LLAMA-33B,D-hi,8,wl_D4.json,64,A3,104.5382429798447,65220703083227.516,643707691104.0,15038316.0,recompute,naive,pim,gpu,6498408965276.452,58708904667948.73,13389119974.609661,202655.02636609046,124015.64549988919,44.89840954070524,0.00021688922831765268,51.28425109212232,0.008890874033432689,2217120.0,0.0,64,0,64,4,24576.0,8.0,512.0,8.0,0.666,replicate,dag,supervisor,True,15038316.0
LLAMA-33B,D-hi,8,wl_D4.json,64,A3a,98.7645247840256,65930472271493.4,643707691104.0,15038316.0,recompute,naive-mask,pim,gpu,6498408965276.452,59418673978768.58,13389119974.609661,202655.02636609046,2051.6647000294106,44.89840954070524,0.00021688922831765268,51.60873193310046,0.008890874033432689,2217120.0,0.0,64,0,64,4,24576.0,8.0,512.0,8.0,0.666,replicate,dag,supervisor,True,15038316.0
LLAMA-33B,D-hi,8,wl_D4.json,64,A3b,102.22588643502307,65253190624097.09,643707691104.0,25403436.0,recompute,naive,pim,gpu,6498408965276.452,58741391735384.62,13389119974.609661,678125.9537610414,124015.64549988919,44.89840954070524,0.00021688922831765268,48.95103470867621,0.029750717468949472,2217120.0,0.0,64,0,64,4,24576.0,8.0,512.0,8.0,0.666,replicate,dag,supervisor,True,25403436.0
LLAMA-33B,D-hi,8,wl_D4.json,64,A4,96.94384617831564,65964117643023.75,643707691104.0,26042796.0,recompute,master-diff,pim,gpu,6498408965276.452,59452318861670.65,13389119974.609661,695071.5972609167,799.4921000068999,44.89840954070524,0.00021688922831765268,49.82905869216262,0.030494156133287303,2217120.0,0.0,64,0,64,4,24576.0,8.0,512.0,8.0,0.666,replicate,dag,supervisor,True,26042796.0
LLAMA-33B,D-hi,8,wl_D4.json,64,A4b,96.94384617831564,65964117643023.75,643707691104.0,26042796.0,recompute,master-diff,pim,gpu,6498408965276.452,59452318861670.65,13389119974.609661,695071.5972609167,799.4921000068999,44.89840954070524,0.00021688922831765268,49.82905869216262,0.030494156133287303,2217120.0,0.0,64,0,64,4,24576.0,8.0,512.0,8.0,0.666,replicate,dag,supervisor,True,26042796.0
LLAMA-33B,D-hi,8,wl_D4.json,64,A5,78.62992215031815,39026873996262.586,85086117984.0,33076656.0,recompute,master-diff,pim,pim,5973131997488.049,33051970846398.098,1769791254.0358384,1361999.7821677648,988.7824000051895,36.607706449571744,0.00021688922831765268,41.62918569292429,0.059753605487848915,507840.0,1709280.0,1,63,64,4,24576.0,8.0,512.0,8.0,1.3004,mq,dag,supervisor,True,33076656.0
LLAMA-33B,D-hi,8,wl_D4.json,64,A6,78.62992215031815,39026873996262.586,85086117984.0,33076656.0,recompute,master-diff,pim,dynamic,5973131997488.049,33051970846398.098,1769791254.0358384,1361999.7821677648,988.7824000051895,36.607706449571744,0.00021688922831765268,41.62918569292429,0.059753605487848915,507840.0,1709280.0,1,63,64,4,24576.0,8.0,512.0,8.0,1.3004,mq,dag,supervisor,True,33076656.0
LLAMA-33B,D-lo,8,wl_D1.json,16,A1,55.12347450560327,56160215688516.75,224536166400.0,6312960.0,no-reuse-physical,private,pim,gpu,5229377242664.792,50926167997024.23,4670352261.207286,95938.41254422258,,26.67344233389137,18.510710721780317,9.186658559742172,0.0042090065871072104,8125440.0,0.0,16,0,16,1,0.0,8.0,512.0,8.0,0.666,replicate,dag,supervisor,True,6312960.0
LLAMA-33B,D-lo,8,wl_D1.json,16,A2,146.3003676022744,4017042334470.845,28222291968000.0,23044.0,recompute,none,gpu,gpu,3430018661536.5337,,587023672934.3601,,,52.22606104229235,,0.0,0.0,522240.0,0.0,16,0,16,1,0.0,,,,,,dag,supervisor,,
LLAMA-33B,D-lo,8,wl_D1.json,16,A3,19.72850399593255,12023692059888.506,116466155520.0,3748620.0,recompute,naive,pim,gpu,1547722180070.3923,10473547333061.234,2422496034.669004,50663.12908808059,98.36160000050141,10.450813763240573,5.4222307080583764e-05,8.882274720976843,0.002222690978521347,522240.0,0.0,16,0,16,1,0.0,8.0,512.0,8.0,0.666,replicate,dag,supervisor,True,3748620.0
LLAMA-33B,D-lo,8,wl_D1.json,16,A3a,19.72850399593255,12023692059888.506,116466155520.0,3748620.0,recompute,naive-mask,pim,gpu,1547722180070.3923,10473547333061.234,2422496034.669004,50663.12908808059,98.36160000050141,10.450813763240573,5.4222307080583764e-05,8.882274720976843,0.002222690978521347,522240.0,0.0,16,0,16,1,0.0,8.0,512.0,8.0,0.666,replicate,dag,supervisor,True,3748620.0
LLAMA-33B,D-lo,8,wl_D1.json,16,A3b,19.414269315676552,12028391287226.047,116466155520.0,4160460.0,recompute,naive,pim,gpu,1547722180070.3923,10478246491550.562,2422496034.669004,119438.61196756829,98.36160000050141,10.450813763240573,5.4222307080583764e-05,8.56502272508968,0.005240006491664099,522240.0,0.0,16,0,16,1,0.0,8.0,512.0,8.0,0.666,replicate,dag,supervisor,True,4160460.0
LLAMA-33B,D-lo,8,wl_D1.json,16,A4,19.400715668576474,12028391287165.496,116466155520.0,4146060.0,recompute,master-diff,pim,gpu,1547722180070.3923,10478246491550.562,2422496034.669004,119438.61196756829,33.22219999997071,10.450813763240573,5.4222307080583764e-05,8.554726048007176,0.005240006491664099,522240.0,0.0,16,0,16,1,0.0,8.0,512.0,8.0,0.666,replicate,dag,supervisor,True,4146060.0
LLAMA-33B,D-lo,8,wl_D1.json,16,A4b,19.400715668576474,12028391287165.496,116466155520.0,4146060.0,recompute,master-diff,pim,gpu,1547722180070.3923,10478246491550.562,2422496034.669004,119438.61196756829,33.22219999997071,10.450813763240573,5.4222307080583764e-05,8.554726048007176,0.005240006491664099,522240.0,0.0,16,0,16,1,0.0,8.0,512.0,8.0,0.666,replicate,dag,supervisor,True,4146060.0
LLAMA-33B,D-lo,8,wl_D1.json,16,A5,12.686052383863233,3256479960497.738,15348203520.0,4200060.0,recompute,master-diff,pim,pim,1538706810482.7039,1717453782674.5354,319242633.2154946,124729.03372751127,33.8101999999843,10.265735574832703,5.4222307080583764e-05,2.361939290485757,0.005472107684988761,507840.0,14400.0,1,15,16,1,0.0,8.0,512.0,8.0,1.3004,mq,dag,supervisor,True,4200060.0
LLAMA-33B,D-lo,8,wl_D1.json,16,A6,12.686052383863233,3256479960497.738,15348203520.0,4200060.0,recompute,master-diff,pim,dynamic,1538706810482.7039,1717453782674.5354,319242633.2154946,124729.03372751127,33.8101999999843,10.265735574832703,5.4222307080583764e-05,2.361939290485757,0.005472107684988761,507840.0,14400.0,1,15,16,1,0.0,8.0,512.0,8.0,1.3004,mq,dag,supervisor,True,4200060.0
LLAMA-33B,N-hi,8,wl_N64.json,128,A2,2219.20048784648,51533847686345.375,441020621783040.0,184772.0,recompute,none,gpu,gpu,42360618753270.44,,9173228933087.48,,,749.1317485692373,,0.0,0.0,3564000.0,0.0,128,0,128,2,16384.0,,,,,,dag,supervisor,,
LLAMA-33B,N-lo,8,wl_N4.json,8,A1,33.19017507314118,31314443727518.77,117175418880.0,3356160.0,no-reuse-physical,private,pim,gpu,3234209787501.745,28077796643123.547,2437248712.6597695,47969.20627212755,,17.413960096202153,10.518051670386008,4.8654740735243225,0.0021045032935553833,4247040.0,0.0,8,0,8,2,1024.0,8.0,512.0,8.0,0.666,replicate,dag,supervisor,True,3356160.0
LLAMA-33B,N-lo,8,wl_N4.json,8,A2,82.91858263070226,2873346204439.591,14951936163840.0,11748.0,recompute,none,gpu,gpu,2562345932231.759,,311000272207.8749,,,33.078795417903095,,0.0,0.0,640800.0,0.0,8,0,8,2,1024.0,,,,,,dag,supervisor,,
LLAMA-33B,N-lo,8,wl_N4.json,8,A3,16.24644367195289,7237658762483.071,62341698056.0,2138948.0,recompute,naive,pim,gpu,1556432348013.6658,5679929676290.215,1296707319.5645466,25331.721487903767,5555.790399998944,10.876170913745128,2.711115354015386e-05,4.883539114530883,0.0011113523747073846,640800.0,0.0,8,0,8,2,1024.0,8.0,512.0,8.0,0.666,replicate,dag,supervisor,True,2138948.0
LLAMA-33B,N-lo,8,wl_N4.json,8,A3a,15.990246859251066,7255673206454.7295,62341698056.0,2138948.0,recompute,naive-mask,pim,gpu,1556432348013.6658,5697944125664.3,1296707319.5645466,25331.721487903767,176.71840000003976,10.876170913745128,2.711115354015386e-05,4.896295901699436,0.0011113523747073846,640800.0,0.0,8,0,8,2,1024.0,8.0,512.0,8.0,0.666,replicate,dag,supervisor,True,2138948.0
LLAMA-33B,N-lo,8,wl_N4.json,8,A3b,16.010549878878006,7241149261735.92,62341698056.0,3255668.0,recompute,naive,pim,gpu,1556432348013.6658,5683420124329.656,1296707319.5645466,76416.87924810633,5555.790399998944,10.876170913745128,2.711115354015386e-05,4.64540411487641,0.003352558579945597,640800.0,0.0,8,0,8,2,1024.0,8.0,512.0,8.0,0.666,replicate,dag,supervisor,True,3255668.0
LLAMA-33B,N-lo,8,wl_N4.json,8,A4,15.736834852070432,7259260192781.952,62341698056.0,3306548.0,recompute,master-diff,pim,gpu,1556432348013.6658,5701531059586.083,1296707319.5645466,77829.01620805153,46.73359999999049,10.876170913745128,2.711115354015386e-05,4.647079975141638,0.003414511801892863,640800.0,0.0,8,0,8,2,1024.0,8.0,512.0,8.0,0.666,replicate,dag,supervisor,True,3306548.0
LLAMA-33B,N-lo,8,wl_N4.json,8,A4b,15.736834852070432,7259260192781.949,62341698056.0,3306548.0,recompute,master-diff,pim,gpu,1556432348013.6658,5701531059586.083,1296707319.5645466,77829.01620805153,46.73359999999049,10.876170913745128,2.711115354015386e-05,4.647079975141639,0.003414511801892863,640800.0,0.0,8,0,8,2,1024.0,8.0,512.0,8.0,0.666,replicate,dag,supervisor,True,3306548.0
LLAMA-33B,N-lo,8,wl_N4.json,8,A5,13.756702817841969,4352668990711.17,14402523656.0,3852968.0,recompute,master-diff,pim,pim,1525129319972.137,2827239968574.2207,299572492.0445491,129667.00251210738,56.856800000035705,10.378601600150299,2.711115354015386e-05,3.3215341081187404,0.005688746074020239,507840.0,132960.0,1,7,8,2,1024.0,8.0,512.0,8.0,1.3004,mq,dag,supervisor,True,3852968.0
LLAMA-33B,N-lo,8,wl_N4.json,8,A6,13.756702817841969,4352668990711.17,14402523656.0,3852968.0,recompute,master-diff,pim,dynamic,1525129319972.137,2827239968574.2207,299572492.0445491,129667.00251210738,56.856800000035705,10.378601600150299,2.711115354015386e-05,3.3215341081187404,0.005688746074020239,507840.0,132960.0,1,7,8,2,1024.0,8.0,512.0,8.0,1.3004,mq,dag,supervisor,True,3852968.0
LLAMA-33B,baseline,8,wl_baseline_alltoall_N16_C32_D2.json,32,A1,146.0693253190892,165989577978437.3,547219046400.0,12625920.0,no-reuse-physical,private,pim,gpu,12286771372168.879,153691424265178.97,11382156165.059887,191876.8250854912,,62.03006504392769,59.47914492647162,22.72763381949847,0.008418013174210872,19937280.0,0.0,32,0,32,2,4096.0,8.0,512.0,8.0,0.666,replicate,dag,supervisor,True,12625920.0
LLAMA-33B,baseline,8,wl_baseline_alltoall_N16_C32_D2.json,32,A2,358.112053148236,9282919595072.836,69897226813440.0,46148.0,recompute,none,gpu,gpu,7829057277352.791,,1453862317719.4238,,,125.12129710348441,,0.0,0.0,1087200.0,0.0,32,0,32,2,4096.0,,,,,,dag,supervisor,,
LLAMA-33B,baseline,8,wl_baseline_alltoall_N16_C32_D2.json,32,A3,47.612672937521815,29437282851731.293,288941776928.0,7511852.0,recompute,naive,pim,gpu,3194526359207.941,26236746360101.516,6009988960.0426,101327.09484643278,41455.92860001107,21.87937565225155,0.00010844461416154819,22.692807734784388,0.004445418663487574,1087200.0,0.0,32,0,32,2,4096.0,8.0,512.0,8.0,0.666,replicate,dag,supervisor,True,7511852.0
LLAMA-33B,baseline,8,wl_baseline_alltoall_N16_C32_D2.json,32,A3a,45.7346083129087,29681678841372.05,288941776928.0,7511852.0,recompute,naive-mask,pim,gpu,3194526359207.941,26481142390412.79,6009988960.0426,101327.09484643278,745.8357999991568,21.87937565225155,0.00010844461416154819,22.85024775015943,0.004445418663487574,1087200.0,0.0,32,0,32,2,4096.0,8.0,512.0,8.0,0.666,replicate,dag,supervisor,True,7511852.0
LLAMA-33B,baseline,8,wl_baseline_alltoall_N16_C32_D2.json,32,A3b,46.676468349809475,29451244850926.758,288941776928.0,11241452.0,recompute,naive,pim,gpu,3194526359207.941,26250708154930.26,6009988960.0426,305667.725887479,41455.92860001107,21.87937565225155,0.00010844461416154819,21.747638323446584,0.013410243484226784,1087200.0,0.0,32,0,32,2,4096.0,8.0,512.0,8.0,0.666,replicate,dag,supervisor,True,11241452.0
LLAMA-33B,baseline,8,wl_baseline_alltoall_N16_C32_D2.json,32,A4,44.9119722941183,29696026788113.258,288941776928.0,11444972.0,recompute,master-diff,pim,gpu,3194526359207.941,26495490127648.836,6009988960.0426,311316.2737284713,300.4198000004591,21.87937565225155,0.00010844461416154819,22.04066989057577,0.013658056372084428,1087200.0,0.0,32,0,32,2,4096.0,8.0,512.0,8.0,0.666,replicate,dag,supervisor,True,11444972.0
LLAMA-33B,baseline,8,wl_baseline_alltoall_N16_C32_D2.json,32,A4b,44.9119722941183,29696026788113.258,288941776928.0,11444972.0,recompute,master-diff,pim,gpu,3194526359207.941,26495490127648.836,6009988960.0426,311316.2737284713,300.4198000004591,21.87937565225155,0.00010844461416154819,22.04066989057577,0.013658056372084428,1087200.0,0.0,32,0,32,2,4096.0,8.0,512.0,8.0,0.666,replicate,dag,supervisor,True,11444972.0
LLAMA-33B,baseline,8,wl_baseline_alltoall_N16_C32_D2.json,32,A5,34.32996308427396,14781534571091.62,38594175008.0,13825592.0,recompute,master-diff,pim,pim,3016848539461.944,11763882734774.436,802758840.1946788,537152.6165148787,354.0669000007073,19.046392533162695,0.00010844461416154819,15.113545576786072,0.023565940286359985,507840.0,579360.0,1,31,32,2,4096.0,8.0,512.0,8.0,1.3004,mq,dag,supervisor,True,13825592.0
LLAMA-33B,baseline,8,wl_baseline_alltoall_N16_C32_D2.json,32,A6,34.32996308427396,14781534571091.62,38594175008.0,13825592.0,recompute,master-diff,pim,dynamic,3016848539461.944,11763882734774.436,802758840.1946788,537152.6165148787,354.0669000007073,19.046392533162695,0.00010844461416154819,15.113545576786072,0.023565940286359985,507840.0,579360.0,1,31,32,2,4096.0,8.0,512.0,8.0,1.3004,mq,dag,supervisor,True,13825592.0
LLAMA-33B,broadcast,8,wl_broadcast.json,17,A1,62.57072339650282,61722083841738.664,238569676800.0,6882240.0,no-reuse-physical,private,pim,gpu,6020853556348.432,55696267933584.89,4962249277.527247,101934.56332819353,,31.424104820912827,20.31394473962182,10.032969513359667,0.004472069498801189,8633280.0,0.0,17,0,17,2,4096.0,8.0,512.0,8.0,0.666,replicate,dag,supervisor,True,6882240.0
LLAMA-33B,broadcast,8,wl_broadcast.json,17,A2,162.42472147416368,4790686881821.793,30826975395840.0,24712.0,recompute,none,gpu,gpu,4149485793588.589,,641201088233.4263,,,59.66813682137732,,0.0,0.0,530880.0,0.0,17,0,17,2,4096.0,,,,,,dag,supervisor,,
LLAMA-33B,broadcast,8,wl_broadcast.json,17,A3,24.63331648570918,13899632782548.24,127068381728.0,4135592.0,recompute,naive,pim,gpu,2095177066772.992,11801812639760.082,2643022339.7953234,52423.444544111015,1176.9919000006712,14.051353844293242,5.761120127314404e-05,10.097194243503004,0.0022999194749396437,530880.0,0.0,17,0,17,2,4096.0,8.0,512.0,8.0,0.666,replicate,dag,supervisor,True,4135592.0
LLAMA-33B,broadcast,8,wl_broadcast.json,17,A3a,24.531000351657216,13840785579958.13,127068381728.0,4135592.0,recompute,naive-mask,pim,gpu,2095177066772.992,11742965438243.832,2643022339.7953234,52423.444544111015,172.4735000007585,14.051353844293242,5.761120127314404e-05,10.045104029261452,0.0022999194749396437,530880.0,0.0,17,0,17,2,4096.0,8.0,512.0,8.0,0.666,replicate,dag,supervisor,True,4135592.0
LLAMA-33B,broadcast,8,wl_broadcast.json,17,A3b,24.258909598165364,13907158782536.873,127068381728.0,6347432.0,recompute,naive,pim,gpu,2095177066772.992,11809338529645.984,2643022339.7953234,162570.1274230668,1176.9919000006712,14.051353844293242,5.761120127314404e-05,9.717955002991275,0.007132270787623338,530880.0,0.0,17,0,17,2,4096.0,8.0,512.0,8.0,0.666,replicate,dag,supervisor,True,6347432.0
LLAMA-33B,broadcast,8,wl_broadcast.json,17,A4,24.143735491190796,13847318063607.896,127068381728.0,5699492.0,recompute,master-diff,pim,gpu,2095177066772.992,11749497826282.805,2643022339.7953234,148029.52966322104,59.877899999907356,14.051353844293242,5.761120127314404e-05,9.659274521110232,0.006494346205261942,530880.0,0.0,17,0,17,2,4096.0,8.0,512.0,8.0,0.666,replicate,dag,supervisor,True,5699492.0
LLAMA-33B,broadcast,8,wl_broadcast.json,17,A4b,24.143735491190796,13847318063607.895,127068381728.0,5699492.0,recompute,master-diff,pim,gpu,2095177066772.992,11749497826282.805,2643022339.7953234,148029.52966322104,59.877899999907356,14.051353844293242,5.761120127314404e-05,9.659274521110236,0.006494346205261942,530880.0,0.0,17,0,17,2,4096.0,8.0,512.0,8.0,0.666,replicate,dag,supervisor,True,5699492.0
LLAMA-33B,broadcast,8,wl_broadcast.json,17,A5,17.44351432743793,5127636881196.503,16091030048.0,5790692.0,recompute,master-diff,pim,pim,2083641694715.9585,3043660336042.7744,334693424.99782515,157023.75583908384,61.08689999990405,13.827517996246256,5.761120127314404e-05,3.552358667100206,0.006888940572809564,507840.0,23040.0,1,16,17,2,4096.0,8.0,512.0,8.0,1.3004,mq,dag,supervisor,True,5790692.0
LLAMA-33B,broadcast,8,wl_broadcast.json,17,A6,17.44351432743793,5127636881196.503,16091030048.0,5790692.0,recompute,master-diff,pim,dynamic,2083641694715.9585,3043660336042.7744,334693424.99782515,157023.75583908384,61.08689999990405,13.827517996246256,5.761120127314404e-05,3.552358667100206,0.006888940572809564,507840.0,23040.0,1,16,17,2,4096.0,8.0,512.0,8.0,1.3004,mq,dag,supervisor,True,5790692.0
LLAMA-33B,k-hi,32,wl_baseline_alltoall_N16_C32_D2.json,32,A1,146.0693253190892,165989577978437.3,547219046400.0,12625920.0,no-reuse-physical,private,pim,gpu,12286771372168.879,153691424265178.97,11382156165.059887,191876.8250854912,,62.03006504392769,59.47914492647162,22.72763381949847,0.008418013174210872,19937280.0,0.0,32,0,32,2,4096.0,8.0,512.0,8.0,0.666,replicate,dag,supervisor,True,12625920.0
LLAMA-33B,k-hi,32,wl_baseline_alltoall_N16_C32_D2.json,32,A2,364.5931810057798,9982199293466.77,69897226813440.0,46148.0,recompute,none,gpu,gpu,8528336975745.991,,1453862317719.4165,,,131.60242496101,,0.0,0.0,1998720.0,0.0,32,0,32,2,4096.0,,,,,,dag,supervisor,,
LLAMA-33B,k-hi,32,wl_baseline_alltoall_N16_C32_D2.json,32,A3,55.865157368054525,29978762096210.875,295008854048.0,7511852.0,recompute,naive,pim,gpu,3893806057597.7896,26078819686573.4,6136184164.138817,101327.09484643278,65992.86350003668,28.3605035097208,0.00010844461416154819,23.21709397086614,0.004445418663487574,1998720.0,0.0,32,0,32,2,4096.0,8.0,512.0,8.0,0.666,replicate,dag,supervisor,True,7511852.0
LLAMA-33B,k-hi,32,wl_baseline_alltoall_N16_C32_D2.json,32,A3a,53.17148055488166,31437932435327.766,295008854048.0,7511852.0,recompute,naive-mask,pim,gpu,3893806057597.7896,27537990090486.617,6136184164.138817,101327.09484643278,746.2970999991547,28.3605035097208,0.00010844461416154819,23.785745478088735,0.004445418663487574,1998720.0,0.0,32,0,32,2,4096.0,8.0,512.0,8.0,0.666,replicate,dag,supervisor,True,7511852.0
LLAMA-33B,k-hi,32,wl_baseline_alltoall_N16_C32_D2.json,32,A3b,54.53971130535399,29992724096297.465,295008854048.0,11241452.0,recompute,naive,pim,gpu,3893806057597.7896,26092781480709.9,6136184164.138817,305667.725887479,65992.86350003668,28.3605035097208,0.00010844461416154819,21.882683091156085,0.013410243484226784,1998720.0,0.0,32,0,32,2,4096.0,8.0,512.0,8.0,0.666,replicate,dag,supervisor,True,11241452.0
LLAMA-33B,k-hi,32,wl_baseline_alltoall_N16_C32_D2.json,32,A4,52.432789781284875,31452280381617.18,295008854048.0,11444972.0,recompute,master-diff,pim,gpu,3893806057597.7896,27552337827615.594,6136184164.138817,311316.2737284713,301.1366000004582,28.3605035097208,0.00010844461416154819,23.060100084403317,0.013658056372084428,1998720.0,0.0,32,0,32,2,4096.0,8.0,512.0,8.0,0.666,replicate,dag,supervisor,True,11444972.0
LLAMA-33B,k-hi,32,wl_baseline_alltoall_N16_C32_D2.json,32,A4b,52.432789781284875,31452280381617.18,295008854048.0,11444972.0,recompute,master-diff,pim,gpu,3893806057597.7896,27552337827615.594,6136184164.138817,311316.2737284713,301.1366000004582,28.3605035097208,0.00010844461416154819,23.060100084403317,0.013658056372084428,1998720.0,0.0,32,0,32,2,4096.0,8.0,512.0,8.0,0.666,replicate,dag,supervisor,True,11444972.0
LLAMA-33B,k-hi,32,wl_baseline_alltoall_N16_C32_D2.json,32,A5,50.519917835397194,24745727770490.3,62862483488.0,17585612.0,recompute,master-diff,pim,pim,3459652265491.2983,21284767070769.28,1307539656.520075,892986.6896407848,465.940000001431,21.255327133542433,0.00010844461416154819,28.992466551529603,0.03917707994988787,507840.0,1490880.0,1,31,32,2,4096.0,8.0,512.0,8.0,1.3004,mq,dag,supervisor,True,17585612.0
LLAMA-33B,k-hi,32,wl_baseline_alltoall_N16_C32_D2.json,32,A6,50.519917835397194,24745727770490.3,62862483488.0,17585612.0,recompute,master-diff,pim,dynamic,3459652265491.2983,21284767070769.28,1307539656.520075,892986.6896407848,465.940000001431,21.255327133542433,0.00010844461416154819,28.992466551529603,0.03917707994988787,507840.0,1490880.0,1,31,32,2,4096.0,8.0,512.0,8.0,1.3004,mq,dag,supervisor,True,17585612.0
LLAMA-33B,k-lo,2,wl_baseline_alltoall_N16_C32_D2.json,32,A1,146.0693253190892,165989577978437.3,547219046400.0,12625920.0,no-reuse-physical,private,pim,gpu,12286771372168.879,153691424265178.97,11382156165.059887,191876.8250854912,,62.03006504392769,59.47914492647162,22.72763381949847,0.008418013174210872,19937280.0,0.0,32,0,32,2,4096.0,8.0,512.0,8.0,0.666,replicate,dag,supervisor,True,12625920.0
LLAMA-33B,k-lo,2,wl_baseline_alltoall_N16_C32_D2.json,32,A2,356.6452380548991,9108728424136.164,69897226813440.0,46148.0,recompute,none,gpu,gpu,7654866106416.473,,1453862317719.4092,,,123.65448201016925,,0.0,0.0,859320.0,0.0,32,0,32,2,4096.0,,,,,,dag,supervisor,,
LLAMA-33B,k-lo,2,wl_baseline_alltoall_N16_C32_D2.json,32,A3,44.751739428172804,29306745143892.07,287425007648.0,7511852.0,recompute,naive,pim,gpu,3020335188274.947,26280431399756.066,5978440159.018803,101327.09484643278,13806.188299991247,20.41256055898439,0.00010844461416154819,22.68623223070099,0.004445418663487574,859320.0,0.0,32,0,32,2,4096.0,8.0,512.0,8.0,0.666,replicate,dag,supervisor,True,7511852.0
LLAMA-33B,k-lo,2,wl_baseline_alltoall_N16_C32_D2.json,32,A3a,43.756799619293574,29200009517795.355,287425007648.0,7511852.0,recompute,naive-mask,pim,gpu,3020335188274.947,26173695786582.81,5978440159.018803,101327.09484643278,745.6058999991386,20.41256055898439,0.00010844461416154819,22.344321542867416,0.004445418663487574,859320.0,0.0,32,0,32,2,4096.0,8.0,512.0,8.0,0.666,replicate,dag,supervisor,True,7511852.0
LLAMA-33B,k-lo,2,wl_baseline_alltoall_N16_C32_D2.json,32,A3b,43.93115429789037,29320707142726.547,287425007648.0,11241452.0,recompute,naive,pim,gpu,3020335188274.947,26294393194055.758,5978440159.018803,305667.725887479,13806.188299991247,20.41256055898439,0.00010844461416154819,21.856682279979392,0.013410243484226784,859320.0,0.0,32,0,32,2,4096.0,8.0,512.0,8.0,0.666,replicate,dag,supervisor,True,11241452.0
LLAMA-33B,k-lo,2,wl_baseline_alltoall_N16_C32_D2.json,32,A4,43.16765877580611,29214357464671.42,287425007648.0,11444972.0,recompute,master-diff,pim,gpu,3020335188274.947,26188043524018.07,5978440159.018803,311316.2737284713,300.24060000045864,20.41256055898439,0.00010844461416154819,21.768236324346482,0.013658056372084428,859320.0,0.0,32,0,32,2,4096.0,8.0,512.0,8.0,0.666,replicate,dag,supervisor,True,11444972.0
LLAMA-33B,k-lo,2,wl_baseline_alltoall_N16_C32_D2.json,32,A4b,43.16765877580611,29214357464671.42,287425007648.0,11444972.0,recompute,master-diff,pim,gpu,3020335188274.947,26188043524018.07,5978440159.018803,311316.2737284713,300.24060000045864,20.41256055898439,0.00010844461416154819,21.768236324346482,0.013658056372084428,859320.0,0.0,32,0,32,2,4096.0,8.0,512.0,8.0,0.666,replicate,dag,supervisor,True,11444972.0
LLAMA-33B,k-lo,2,wl_baseline_alltoall_N16_C32_D2.json,32,A5,30.56519365512073,12421352313389.037,32527097888.0,12892472.0,recompute,master-diff,pim,pim,2906422439200.3545,9514252861742.36,676563636.093361,448194.09824021097,326.60000000058596,18.51283920695969,0.00010844461416154819,11.907829194877694,0.019663155369702447,507840.0,351480.0,1,31,32,2,4096.0,8.0,512.0,8.0,1.3004,mq,dag,supervisor,True,12892472.0
LLAMA-33B,k-lo,2,wl_baseline_alltoall_N16_C32_D2.json,32,A6,30.56519365512073,12421352313389.037,32527097888.0,12892472.0,recompute,master-diff,pim,dynamic,2906422439200.3545,9514252861742.36,676563636.093361,448194.09824021097,326.60000000058596,18.51283920695969,0.00010844461416154819,11.907829194877694,0.019663155369702447,507840.0,351480.0,1,31,32,2,4096.0,8.0,512.0,8.0,1.3004,mq,dag,supervisor,True,12892472.0
LLAMA-33B,pipeline,8,wl_pipeline_D4.json,4,A1,26.515085609436067,16500516580745.977,56134041600.0,2277120.0,no-reuse-physical,private,pim,gpu,3165905254642.1343,13333443714051.47,1167588065.2816873,23984.603135960417,,19.002649948023752,4.925551000512687,2.3987189376040106,0.0010522516467794678,2031360.0,0.0,4,0,4,4,1536.0,8.0,512.0,8.0,0.666,replicate,dag,supervisor,True,2277120.0
LLAMA-33B,pipeline,8,wl_pipeline_D4.json,4,A2,52.5182231087903,3152441633374.489,7370869309440.0,6612.0,recompute,none,gpu,gpu,2999127551738.147,,153314081636.35635,,,27.948658743990407,,0.0,0.0,512160.0,0.0,4,0,4,4,1536.0,,,,,,dag,supervisor,,
LLAMA-33B,pipeline,8,wl_pipeline_D4.json,4,A3,19.68991942498726,5283969164225.623,30348168294.0,1774326.0,recompute,naive,pim,gpu,2493885964796.917,2789451946164.407,631241900.5168949,11259.1845240206,138.5728000001001,16.927754121783973,1.3555576770107841e-05,2.653568584184811,0.0004939625387817195,512160.0,0.0,4,0,4,4,1536.0,8.0,512.0,8.0,0.666,replicate,dag,supervisor,True,1774326.0
LLAMA-33B,pipeline,8,wl_pipeline_D4.json,4,A3a,19.689760911724935,5285770609136.697,30348168294.0,1774326.0,recompute,naive-mask,pim,gpu,2493885964796.917,2791253391108.412,631241900.5168949,11259.1845240206,103.24480000011434,16.927754121783973,1.3555576770107841e-05,2.6551764709048826,0.0004939625387817195,512160.0,0.0,4,0,4,4,1536.0,8.0,512.0,8.0,0.666,replicate,dag,supervisor,True,1774326.0
LLAMA-33B,pipeline,8,wl_pipeline_D4.json,4,A3b,19.48653433614242,5285127010391.419,30348168294.0,2511606.0,recompute,naive,pim,gpu,2493885964796.917,2790609775427.406,631241900.5168949,28204.828043993388,138.5728000001001,16.927754121783973,1.3555576770107841e-05,2.449440056510228,0.001237401202269578,512160.0,0.0,4,0,4,4,1536.0,8.0,512.0,8.0,0.666,replicate,dag,supervisor,True,2511606.0
LLAMA-33B,pipeline,8,wl_pipeline_D4.json,4,A4,19.480525042012587,5286783724457.268,30348168294.0,2415846.0,recompute,master-diff,pim,gpu,2493885964796.917,2792266491712.169,631241900.5168949,26086.622603947977,30.796799999963213,16.927754121783973,1.3555576770107841e-05,2.4489124922394314,0.001144471369334113,512160.0,0.0,4,0,4,4,1536.0,8.0,512.0,8.0,0.666,replicate,dag,supervisor,True,2415846.0
LLAMA-33B,pipeline,8,wl_pipeline_D4.json,4,A4b,19.480525042012587,5286783724457.267,30348168294.0,2415846.0,recompute,master-diff,pim,gpu,2493885964796.917,2792266491712.169,631241900.5168949,26086.622603947977,30.796799999963213,16.927754121783973,1.3555576770107841e-05,2.4489124922394314,0.001144471369334113,512160.0,0.0,4,0,4,4,1536.0,8.0,512.0,8.0,0.666,replicate,dag,supervisor,True,2415846.0
LLAMA-33B,pipeline,8,wl_pipeline_D4.json,4,A5,19.405434023483206,5309952449778.044,8926497894.0,2432946.0,recompute,master-diff,pim,pim,2491659715192.9844,2818107035694.5674,185671156.19506624,27773.04001193332,31.116899999962307,16.88455523771801,1.3555576770107841e-05,2.488335934326801,0.001218457813248846,507840.0,4320.0,1,3,4,4,1536.0,8.0,512.0,8.0,1.3004,mq,dag,supervisor,True,2432946.0
LLAMA-33B,pipeline,8,wl_pipeline_D4.json,4,A6,19.405434023483206,5309952449778.044,8926497894.0,2432946.0,recompute,master-diff,pim,dynamic,2491659715192.9844,2818107035694.5674,185671156.19506624,27773.04001193332,31.116899999962307,16.88455523771801,1.3555576770107841e-05,2.488335934326801,0.001218457813248846,507840.0,4320.0,1,3,4,4,1536.0,8.0,512.0,8.0,1.3004,mq,dag,supervisor,True,2432946.0
LLAMA-33B,private,8,wl_private.json,32,A1,146.0693253190892,165989577978437.3,547219046400.0,12625920.0,no-reuse-physical,private,pim,gpu,12286771372168.879,153691424265178.97,11382156165.059887,191876.8250854912,,62.03006504392769,59.47914492647162,22.72763381949847,0.008418013174210872,19937280.0,0.0,32,0,32,2,4096.0,8.0,512.0,8.0,0.666,replicate,dag,supervisor,True,12625920.0
LLAMA-33B,private,8,wl_private.json,32,A2,452.42328490112584,20266502897778.918,69897226813440.0,46148.0,recompute,none,gpu,gpu,18812640580059.598,,1453862317719.4165,,,219.43252885639146,,0.0,0.0,16078560.0,0.0,32,0,32,2,4096.0,,,,,,dag,supervisor,,
LLAMA-33B,private,8,wl_private.json,32,A3,142.5576353157387,40371900655566.01,388724269088.0,7509392.0,recompute,naive,pim,gpu,14178109662156.33,26185705420459.598,8085464796.970738,101327.09484643278,5625.803499995994,116.1906074058061,0.00010844461416154819,24.785436311769832,0.004445418663487574,16078560.0,0.0,32,0,32,2,4096.0,8.0,512.0,8.0,0.666,replicate,dag,supervisor,True,7509392.0
LLAMA-33B,private,8,wl_private.json,32,A3a,142.33481521680588,40359891017970.65,388724269088.0,7509392.0,recompute,naive-mask,pim,gpu,14178109662156.33,26173695787413.055,8085464796.970738,101327.09484643278,1007.0514999958095,116.1906074058061,0.00010844461416154819,24.79355381467674,0.004445418663487574,16078560.0,0.0,32,0,32,2,4096.0,8.0,512.0,8.0,0.666,replicate,dag,supervisor,True,7509392.0
LLAMA-33B,private,8,wl_private.json,32,A3b,140.7584087748496,40385794810093.305,388724269088.0,13776272.0,recompute,naive,pim,gpu,14178109662156.33,26199599373755.895,8085464796.970738,304674.81708738185,5625.803499995994,116.1906074058061,0.00010844461416154819,22.977288517680048,0.013366682625047917,16078560.0,0.0,32,0,32,2,4096.0,8.0,512.0,8.0,0.666,replicate,dag,supervisor,True,13776272.0
LLAMA-33B,private,8,wl_private.json,32,A4,140.44825676509632,40374171121303.195,388724269088.0,13982252.0,recompute,master-diff,pim,gpu,14178109662156.33,26187975683699.504,8085464796.970738,310323.3649284135,315.28810000001926,116.1906074058061,0.00010844461416154819,22.932414456622315,0.013614495512905458,16078560.0,0.0,32,0,32,2,4096.0,8.0,512.0,8.0,0.666,replicate,dag,supervisor,True,13982252.0
LLAMA-33B,private,8,wl_private.json,32,A4b,140.44825676509632,40374171121303.195,388724269088.0,13982252.0,recompute,master-diff,pim,gpu,14178109662156.33,26187975683699.504,8085464796.970738,310323.3649284135,315.28810000001926,116.1906074058061,0.00010844461416154819,22.93241445662231,0.013614495512905458,16078560.0,0.0,32,0,32,2,4096.0,8.0,512.0,8.0,0.666,replicate,dag,supervisor,True,13982252.0
LLAMA-33B,private,8,wl_private.json,32,A5,241.01165836138136,142243945082951.28,437724143648.0,77280632.0,recompute,master-diff,pim,pim,10439905947079.244,131794928249446.81,9104662187.731441,6218946.436950965,1862.1973999891118,54.50343137556651,0.00010844461416154819,184.68309100363612,0.2728373945692102,507840.0,15570720.0,1,31,32,2,4096.0,8.0,512.0,8.0,1.3004,mq,dag,supervisor,True,77280632.0
LLAMA-33B,private,8,wl_private.json,32,A6,241.01165836138136,142243945082951.28,437724143648.0,77280632.0,recompute,master-diff,pim,dynamic,10439905947079.244,131794928249446.81,9104662187.731441,6218946.436950965,1862.1973999891118,54.50343137556651,0.00010844461416154819,184.68309100363612,0.2728373945692102,507840.0,15570720.0,1,31,32,2,4096.0,8.0,512.0,8.0,1.3004,mq,dag,supervisor,True,77280632.0
LLAMA-33B,reduce,8,wl_reduce.json,17,A1,63.884293581753106,63482949882708.78,244703846400.0,6882240.0,no-reuse-physical,private,pim,gpu,6135104611742.663,57342755328357.04,5089840005.212699,101934.56332819353,,31.96680359441181,21.064368921161787,10.032969513278639,0.004472069498801189,8863680.0,0.0,17,0,17,2,256.0,8.0,512.0,8.0,0.666,replicate,dag,supervisor,True,6882240.0
LLAMA-33B,reduce,8,wl_reduce.json,17,A2,164.12987516904883,4974755346894.32,30826975395840.0,24712.0,recompute,none,gpu,gpu,4333554258660.9463,,641201088233.4247,,,61.37329051627003,,0.0,0.0,769440.0,0.0,17,0,17,2,256.0,,,,,,dag,supervisor,,
LLAMA-33B,reduce,8,wl_reduce.json,17,A3,26.029960976763807,13736131200593.469,128656221698.0,4212302.0,recompute,naive,pim,gpu,2279248966983.8867,11454206129813.422,2676049411.162225,53829.626948135505,564.6340000005479,15.756507539084422,5.761120127314404e-05,9.813948442773059,0.0023616114588285047,769440.0,0.0,17,0,17,2,256.0,8.0,512.0,8.0,0.666,replicate,dag,supervisor,True,4212302.0
LLAMA-33B,reduce,8,wl_reduce.json,17,A3a,26.043274749790257,13755947094591.594,128656221698.0,4212302.0,recompute,naive-mask,pim,gpu,2279248966983.8867,11474022024201.547,2676049411.162225,53829.626948135505,174.54120000038944,15.756507539084422,5.761120127314404e-05,9.846766855828994,0.0023616114588285047,769440.0,0.0,17,0,17,2,256.0,8.0,512.0,8.0,0.666,replicate,dag,supervisor,True,4212302.0
LLAMA-33B,reduce,8,wl_reduce.json,17,A3b,25.647033489937197,13741192254841.008,128656221698.0,4854542.0,recompute,naive,pim,gpu,2279248966983.8867,11459267109902.75,2676049411.162225,127900.62342751068,564.6340000005479,15.756507539084422,5.761120127314404e-05,9.427771315157425,0.005611251554316713,769440.0,0.0,17,0,17,2,256.0,8.0,512.0,8.0,0.666,replicate,dag,supervisor,True,4854542.0
LLAMA-33B,reduce,8,wl_reduce.json,17,A4,25.627898815575833,13760887539690.691,128656221698.0,4761602.0,recompute,master-diff,pim,gpu,2279248966983.8867,11478962397060.875,2676049411.162225,126135.45222739918,42.89880000011095,15.756507539084422,5.761120127314404e-05,9.434800842423925,0.005533810026872668,769440.0,0.0,17,0,17,2,256.0,8.0,512.0,8.0,0.666,replicate,dag,supervisor,True,4761602.0
LLAMA-33B,reduce,8,wl_reduce.json,17,A4b,25.627898815575833,13760887539690.691,128656221698.0,4761602.0,recompute,master-diff,pim,gpu,2279248966983.8867,11478962397060.875,2676049411.162225,126135.45222739918,42.89880000011095,15.756507539084422,5.761120127314404e-05,9.434800842423925,0.005533810026872668,769440.0,0.0,17,0,17,2,256.0,8.0,512.0,8.0,0.666,replicate,dag,supervisor,True,4761602.0
LLAMA-33B,reduce,8,wl_reduce.json,17,A5,20.87274979359512,6994386739586.754,22442436098.0,5835062.0,recompute,master-diff,pim,pim,2199869901649.804,4794049807277.001,466802670.83786,227926.4256635139,57.13880000013659,14.412830336781354,5.761120127314404e-05,6.372197205131328,0.00999957995525898,507840.0,261600.0,1,16,17,2,256.0,8.0,512.0,8.0,1.3004,mq,dag,supervisor,True,5835062.0
LLAMA-33B,reduce,8,wl_reduce.json,17,A6,20.87274979359512,6994386739586.754,22442436098.0,5835062.0,recompute,master-diff,pim,dynamic,2199869901649.804,4794049807277.001,466802670.83786,227926.4256635139,57.13880000013659,14.412830336781354,5.761120127314404e-05,6.372197205131328,0.00999957995525898,507840.0,261600.0,1,16,17,2,256.0,8.0,512.0,8.0,1.3004,mq,dag,supervisor,True,5835062.0
LLAMA-33B,supervisor,8,wl_supervisor_D4.json,34,A1,129.65368577617284,130098151369809.11,483273523200.0,13764480.0,no-reuse-physical,private,pim,gpu,12155958168231.066,117932140910442.95,10052089282.506086,203869.12665298607,,63.39090841553702,43.743539017163585,20.899382457711226,0.008944138997598829,17496960.0,0.0,34,0,34,4,16896.0,8.0,512.0,8.0,0.666,replicate,dag,supervisor,True,13764480.0
LLAMA-33B,supervisor,8,wl_supervisor_D4.json,34,A2,336.21809094295054,9649896017906.35,64228870717440.0,49484.0,recompute,none,gpu,gpu,8313935506983.094,,1335960510922.5122,,,122.12185521816343,,0.0,0.0,801120.0,0.0,34,0,34,4,16896.0,,,,,,dag,supervisor,,
LLAMA-33B,supervisor,8,wl_supervisor_D4.json,34,A3,49.362672474841744,28626758729008.164,265801271874.0,8349066.0,recompute,naive,pim,gpu,4053757567681.3447,24567472384762.887,5528666454.910471,106253.64704217036,3009.4403000134616,27.240605126308818,0.00011522240254666874,21.08081431458436,0.004661556184386501,801120.0,0.0,34,0,34,4,16896.0,8.0,512.0,8.0,0.666,replicate,dag,supervisor,True,8349066.0
LLAMA-33B,supervisor,8,wl_supervisor_D4.json,34,A3a,49.14560438144965,28525277327805.29,265801271874.0,8349066.0,recompute,naive-mask,pim,gpu,4053757567681.3447,24465990986222.88,5528666454.910471,106253.64704217036,450.51550000619227,27.240605126308818,0.00011522240254666874,20.99169245956541,0.004661556184386501,801120.0,0.0,34,0,34,4,16896.0,8.0,512.0,8.0,0.666,replicate,dag,supervisor,True,8349066.0
LLAMA-33B,supervisor,8,wl_supervisor_D4.json,34,A3b,48.56488899555329,28643909324684.53,265801271874.0,14109066.0,recompute,naive,pim,gpu,4053757567681.3447,24584622729642.875,5528666454.910471,357260.99168666,3009.4403000134616,27.240605126308818,0.00011522240254666874,20.272018642291314,0.01567374138681421,801120.0,0.0,34,0,34,4,16896.0,8.0,512.0,8.0,0.666,replicate,dag,supervisor,True,14109066.0
LLAMA-33B,supervisor,8,wl_supervisor_D4.json,34,A4,48.316729998922995,28540609743767.035,265801271874.0,12919866.0,recompute,master-diff,pim,gpu,4053757567681.3447,24481323177501.785,5528666454.910471,330651.03584454855,135.0383000015805,27.240605126308818,0.00011522240254666874,20.1687471789579,0.014506310360882011,801120.0,0.0,34,0,34,4,16896.0,8.0,512.0,8.0,0.666,replicate,dag,supervisor,True,12919866.0
LLAMA-33B,supervisor,8,wl_supervisor_D4.json,34,A4b,48.316729998922995,28540609743767.03,265801271874.0,12919866.0,recompute,master-diff,pim,gpu,4053757567681.3447,24481323177501.797,5528666454.910471,330651.03584454855,135.0383000015805,27.240605126308818,0.00011522240254666874,20.168747178957904,0.014506310360882011,801120.0,0.0,34,0,34,4,16896.0,8.0,512.0,8.0,0.666,replicate,dag,supervisor,True,12919866.0
LLAMA-33B,supervisor,8,wl_supervisor_D4.json,34,A5,36.85556468224505,13151637389435.623,32003148354.0,14121726.0,recompute,master-diff,pim,pim,3958223478178.238,9192747800259.791,665665485.7841301,445140.03987688676,160.17070000163918,25.597603258726483,0.00011522240254666874,11.123631331689237,0.019529167830839304,507840.0,293280.0,1,33,34,4,16896.0,8.0,512.0,8.0,1.3004,mq,dag,supervisor,True,14121726.0
LLAMA-33B,supervisor,8,wl_supervisor_D4.json,34,A6,36.85556468224505,13151637389435.623,32003148354.0,14121726.0,recompute,master-diff,pim,dynamic,3958223478178.238,9192747800259.791,665665485.7841301,445140.03987688676,160.17070000163918,25.597603258726483,0.00011522240254666874,11.123631331689237,0.019529167830839304,507840.0,293280.0,1,33,34,4,16896.0,8.0,512.0,8.0,1.3004,mq,dag,supervisor,True,14121726.0
LLAMA-65B,C-hi,8,wl_C64.json,32,A1,169.52285539004177,775730070729500.8,396298813440.0,17489920.0,no-reuse-physical,private,pim,gpu,41814145454219.69,733882953101596.6,32972061279.26518,83353.40339085179,,71.1576583049567,79.36187584509818,17.681411032021803,0.0009142193794700246,47554560.0,0.0,32,0,32,2,4096.0,8.0,512.0,8.0,0.666,replicate,dag,supervisor,True,17489920.0
LLAMA-65B,C-hi,8,wl_C64.json,32,A2,448.57105333583894,25738331527511.938,50751917260800.0,55728.0,recompute,none,gpu,gpu,21515772011410.83,,4222559516098.974,,,279.39799579989955,,0.0,0.0,2432640.0,0.0,32,0,32,2,4096.0,,,,,,dag,supervisor,,
LLAMA-65B,C-hi,8,wl_C64.json,32,A3,58.94622355916048,80557609351427.62,205110681632.0,8541232.0,recompute,naive,pim,gpu,7986101625349.068,72554442393701.77,17065208712.52585,23036.498176394853,102929.10049979958,35.34566408174425,1.1122524529196102e-05,17.770138392921627,0.00025266410501673147,2432640.0,0.0,32,0,32,2,4096.0,8.0,512.0,8.0,0.666,replicate,dag,supervisor,True,8541232.0
LLAMA-65B,C-hi,8,wl_C64.json,32,A3a,53.8863331478247,81329920184121.39,205110681632.0,8541232.0,recompute,naive-mask,pim,gpu,7986101625349.068,73326753329962.89,17065208712.52585,23036.498176394853,996.3004999972991,35.34566408174425,1.1122524529196102e-05,17.806887980196816,0.00025266410501673147,2432640.0,0.0,32,0,32,2,4096.0,8.0,512.0,8.0,0.666,replicate,dag,supervisor,True,8541232.0
LLAMA-65B,C-hi,8,wl_C64.json,32,A3b,57.94962268684222,80640051191169.62,205110681632.0,14704432.0,recompute,naive,pim,gpu,7986101625349.068,72636884125486.78,17065208712.52585,127453.16377420617,102929.10049979958,35.34566408174425,1.1122524529196102e-05,16.772392269132798,0.0013979051551152512,2432640.0,0.0,32,0,32,2,4096.0,8.0,512.0,8.0,0.666,replicate,dag,supervisor,True,14704432.0
LLAMA-65B,C-hi,8,wl_C64.json,32,A4,53.22564545164547,81399661609255.92,205110681632.0,12946992.0,recompute,master-diff,pim,gpu,7986101625349.068,73396494663885.11,17065208712.52585,111367.47545428977,406.9426000011775,35.34566408174425,1.1122524529196102e-05,17.174699361400965,0.0012214774701564412,2432640.0,0.0,32,0,32,2,4096.0,8.0,512.0,8.0,0.666,replicate,dag,supervisor,True,12946992.0
LLAMA-65B,C-hi,8,wl_C64.json,32,A4b,53.22564545164547,81399661609255.92,205110681632.0,12946992.0,recompute,master-diff,pim,gpu,7986101625349.068,73396494663885.11,17065208712.52585,111367.47545428977,406.9426000011775,35.34566408174425,1.1122524529196102e-05,17.174699361400965,0.0012214774701564412,2432640.0,0.0,32,0,32,2,4096.0,8.0,512.0,8.0,0.666,replicate,dag,supervisor,True,12946992.0
LLAMA-65B,C-hi,8,wl_C64.json,32,A5,38.99715318998648,40395743871126.734,21202247712.0,17472832.0,recompute,master-diff,pim,pim,7305552412619.352,33088427191881.734,1764027009.6005812,243377.63148443584,534.6705000022463,26.48965815118709,1.1122524529196102e-05,12.407406857236133,0.00266936367539694,1332480.0,1100160.0,1,31,32,2,4096.0,8.0,512.0,8.0,1.3004,mq,dag,supervisor,True,17472832.0
LLAMA-65B,C-hi,8,wl_C64.json,32,A6,38.99715318998648,40395743871126.734,21202247712.0,17472832.0,recompute,master-diff,pim,dynamic,7305552412619.352,33088427191881.734,1764027009.6005812,243377.63148443584,534.6705000022463,26.48965815118709,1.1122524529196102e-05,12.407406857236133,0.00266936367539694,1332480.0,1100160.0,1,31,32,2,4096.0,8.0,512.0,8.0,1.3004,mq,dag,supervisor,True,17472832.0
LLAMA-65B,C-lo,8,wl_C16.json,32,A1,52.154883402039275,128066876709099.66,138600775680.0,17489920.0,no-reuse-physical,private,pim,gpu,17370085715932.639,110685259325808.81,11531584537.164501,83353.40339085179,,35.06549629412418,10.507387919393906,6.119082370030875,0.0009142193794700246,16097280.0,0.0,32,0,32,2,4096.0,8.0,512.0,8.0,0.666,replicate,dag,supervisor,True,17489920.0
LLAMA-65B,C-lo,8,wl_C16.json,32,A2,163.19257856160846,11986104393105.498,17637719408640.0,55728.0,recompute,none,gpu,gpu,10518646138306.258,,1467458254798.884,,,104.40018053279103,,0.0,0.0,958080.0,0.0,32,0,32,2,4096.0,,,,,,dag,supervisor,,
LLAMA-65B,C-lo,8,wl_C16.json,32,A3,27.8833556680799,31444422280245.26,75255005216.0,8541232.0,recompute,naive,pim,gpu,5849770602947.035,25588390405657.113,6261216434.179173,23033.155840394338,31000.95919997116,19.8018911192494,1.1122524529196102e-05,6.280302820699904,0.0002526274463055117,958080.0,0.0,32,0,32,2,4096.0,8.0,512.0,8.0,0.666,replicate,dag,supervisor,True,8541232.0
LLAMA-65B,C-lo,8,wl_C16.json,32,A3a,26.29123506790784,31634894027711.2,75255005216.0,8541232.0,recompute,naive-mask,pim,gpu,5849770602947.035,25778862182498.47,6261216434.179173,23033.155840394338,993.6887999970616,19.8018911192494,1.1122524529196102e-05,6.1885457407567115,0.0002526274463055117,958080.0,0.0,32,0,32,2,4096.0,8.0,512.0,8.0,0.666,replicate,dag,supervisor,True,8541232.0
LLAMA-65B,C-lo,8,wl_C16.json,32,A3b,27.824926231108915,31524423379553.53,75255005216.0,14267312.0,recompute,naive,pim,gpu,5849770602947.035,25668391403121.246,6261216434.179173,124358.50879803053,31000.95919997116,19.8018911192494,1.1122524529196102e-05,6.220762041388006,0.0013639630071473098,958080.0,0.0,32,0,32,2,4096.0,8.0,512.0,8.0,0.666,replicate,dag,supervisor,True,14267312.0
LLAMA-65B,C-lo,8,wl_C16.json,32,A4,26.324462665280148,31704635458987.805,75255005216.0,12946992.0,recompute,master-diff,pim,gpu,5849770602947.035,25848603526301.703,6261216434.179173,111364.13311829006,399.0324000010778,19.8018911192494,1.1122524529196102e-05,6.250537339275498,0.001221440811445229,958080.0,0.0,32,0,32,2,4096.0,8.0,512.0,8.0,0.666,replicate,dag,supervisor,True,12946992.0
LLAMA-65B,C-lo,8,wl_C16.json,32,A4b,26.324462665280148,31704635458987.805,75255005216.0,12946992.0,recompute,master-diff,pim,gpu,5849770602947.035,25848603526301.703,6261216434.179173,111364.13311829006,399.0324000010778,19.8018911192494,1.1122524529196102e-05,6.250537339275498,0.001221440811445229,958080.0,0.0,32,0,32,2,4096.0,8.0,512.0,8.0,0.666,replicate,dag,supervisor,True,12946992.0
LLAMA-65B,C-lo,8,wl_C16.json,32,A5,22.44804337876904,18200862695660.11,13149159456.0,15445312.0,recompute,master-diff,pim,pim,5692205875186.908,12507562624695.023,1094010066.7062752,184335.26604472188,449.555400001328,17.764583629553194,1.1122524529196102e-05,4.61511853294516,0.002021787541657604,349440.0,608640.0,1,31,32,2,4096.0,8.0,512.0,8.0,1.3004,mq,dag,supervisor,True,15445312.0
LLAMA-65B,C-lo,8,wl_C16.json,32,A6,22.44804337876904,18200862695660.11,13149159456.0,15445312.0,recompute,master-diff,pim,dynamic,5692205875186.908,12507562624695.023,1094010066.7062752,184335.26604472188,449.555400001328,17.764583629553194,1.1122524529196102e-05,4.61511853294516,0.002021787541657604,349440.0,608640.0,1,31,32,2,4096.0,8.0,512.0,8.0,1.3004,mq,dag,supervisor,True,15445312.0
LLAMA-65B,D-hi,8,wl_D4.json,64,A2,568.2111241735349,35377346578560.984,63905422376960.0,111536.0,recompute,none,gpu,gpu,30060415436791.957,,5316931141762.449,,,355.1930495838729,,0.0,0.0,2956160.0,0.0,64,0,64,4,24576.0,,,,,,dag,supervisor,,
LLAMA-65B,D-hi,8,wl_D4.json,64,A3,80.66150227994993,105813900545192.0,264085250144.0,17101936.0,recompute,naive,pim,gpu,13143410534794.416,92648517916832.7,21971892813.62307,46071.88659480536,165353.98079965808,48.66563895667671,2.224504905906585e-05,22.847352553944315,0.0005053160382176327,2956160.0,0.0,64,0,64,4,24576.0,8.0,512.0,8.0,0.666,replicate,dag,supervisor,True,17101936.0
LLAMA-65B,D-hi,8,wl_D4.json,64,A3a,72.67478222853616,106933988140124.97,264085250144.0,17101936.0,recompute,naive-mask,pim,gpu,13143410534794.416,93768605677686.25,21971892813.62307,46071.88659480536,2735.3056000000192,48.66563895667671,2.224504905906585e-05,22.991566261641736,0.0005053160382176327,2956160.0,0.0,64,0,64,4,24576.0,8.0,512.0,8.0,0.666,replicate,dag,supervisor,True,17101936.0
LLAMA-65B,D-hi,8,wl_D4.json,64,A3b,80.29685184576725,106006121890533.55,264085250144.0,34324336.0,recompute,naive,pim,gpu,13143410534794.416,92840739010476.84,21971892813.62307,289529.7297787937,165353.98079965808,48.66563895667671,2.224504905906585e-05,22.480031894022005,0.003175559475036085,2956160.0,0.0,64,0,64,4,24576.0,8.0,512.0,8.0,0.666,replicate,dag,supervisor,True,34324336.0
LLAMA-65B,D-hi,8,wl_D4.json,64,A4,71.48354425347814,107097256570782.45,264085250144.0,30155376.0,recompute,master-diff,pim,gpu,13143410534794.416,93931873892242.88,21971892813.62307,252859.42961998738,1066.0579000083108,48.66563895667671,2.224504905906585e-05,21.881522631428776,0.0027733599522152615,2956160.0,0.0,64,0,64,4,24576.0,8.0,512.0,8.0,0.666,replicate,dag,supervisor,True,30155376.0
LLAMA-65B,D-hi,8,wl_D4.json,64,A4b,71.48354425347814,107097256570782.45,264085250144.0,30155376.0,recompute,master-diff,pim,gpu,13143410534794.416,93931873892242.88,21971892813.62307,252859.42961998738,1066.0579000083108,48.66563895667671,2.224504905906585e-05,21.881522631428776,0.0027733599522152615,2956160.0,0.0,64,0,64,4,24576.0,8.0,512.0,8.0,0.666,replicate,dag,supervisor,True,30155376.0
LLAMA-65B,D-hi,8,wl_D4.json,64,A5,56.596769566559374,64382009443382.375,34907168864.0,39533856.0,recompute,master-diff,pim,pim,12273055480922.975,52106049173632.85,2904276449.4882526,526470.9926189447,1318.687500007525,37.611368168158116,2.224504905906585e-05,18.79731320867493,0.0057743291167983045,677120.0,2279040.0,1,63,64,4,24576.0,8.0,512.0,8.0,1.3004,mq,dag,supervisor,True,39533856.0
LLAMA-65B,D-hi,8,wl_D4.json,64,A6,56.596769566559374,64382009443382.375,34907168864.0,39533856.0,recompute,master-diff,pim,dynamic,12273055480922.975,52106049173632.85,2904276449.4882526,526470.9926189447,1318.687500007525,37.611368168158116,2.224504905906585e-05,18.79731320867493,0.0057743291167983045,677120.0,2279040.0,1,63,64,4,24576.0,8.0,512.0,8.0,1.3004,mq,dag,supervisor,True,39533856.0
LLAMA-65B,D-lo,8,wl_D1.json,16,A1,33.34482230284424,96005162510323.38,92117401600.0,8744960.0,no-reuse-physical,private,pim,gpu,10869224021805.71,85128274281420.45,7664167813.335093,41676.701695952026,,20.733096282154793,8.301635057043482,4.0025758517743775,0.0004571096897422485,10833920.0,0.0,16,0,16,1,0.0,8.0,512.0,8.0,0.666,replicate,dag,supervisor,True,8744960.0
LLAMA-65B,D-lo,8,wl_D1.json,16,A2,105.385228527157,7194903910197.505,11578376192000.0,27824.0,recompute,none,gpu,gpu,6231583011023.647,,963320899174.3374,,,66.79064122048379,,0.0,0.0,696320.0,0.0,16,0,16,1,0.0,,,,,,dag,supervisor,,
LLAMA-65B,D-lo,8,wl_D1.json,16,A3,15.213752227398496,19673337739681.83,47780986880.0,4260880.0,recompute,naive,pim,gpu,3141061555689.793,16528300793584.088,3975378108.475292,11515.461631944569,131.0976000010073,11.090311515022142,5.5612622646099035e-06,3.957484012914746,0.0001263014797121467,696320.0,0.0,16,0,16,1,0.0,8.0,512.0,8.0,0.666,replicate,dag,supervisor,True,4260880.0
LLAMA-65B,D-lo,8,wl_D1.json,16,A3a,15.213752227398496,19673337739681.83,47780986880.0,4260880.0,recompute,naive-mask,pim,gpu,3141061555689.793,16528300793584.088,3975378108.475292,11515.461631944569,131.0976000010073,11.090311515022142,5.5612622646099035e-06,3.957484012914746,0.0001263014797121467,696320.0,0.0,16,0,16,1,0.0,8.0,512.0,8.0,0.666,replicate,dag,supervisor,True,4260880.0
LLAMA-65B,D-lo,8,wl_D1.json,16,A3b,15.25850122231981,19700889822168.707,47780986880.0,4894480.0,recompute,naive,pim,gpu,3141061555689.793,16555852841305.213,3975378108.475292,46411.53843229948,131.0976000010073,11.090311515022142,5.5612622646099035e-06,4.001850268327289,0.0005090413365226535,696320.0,0.0,16,0,16,1,0.0,8.0,512.0,8.0,0.666,replicate,dag,supervisor,True,4894480.0
LLAMA-65B,D-lo,8,wl_D1.json,16,A4,15.187427218389093,19699060163903.72,47780986880.0,4834320.0,recompute,master-diff,pim,gpu,3141061555689.793,16554023185163.12,3975378108.475292,44094.185472214434,44.30470000022532,11.090311515022142,5.5612622646099035e-06,3.93514132585473,0.00048362463007941685,696320.0,0.0,16,0,16,1,0.0,8.0,512.0,8.0,0.666,replicate,dag,supervisor,True,4834320.0
LLAMA-65B,D-lo,8,wl_D1.json,16,A4b,15.187427218389093,19699060163903.72,47780986880.0,4834320.0,recompute,master-diff,pim,gpu,3141061555689.793,16554023185163.12,3975378108.475292,44094.185472214434,44.30470000022532,11.090311515022142,5.5612622646099035e-06,3.93514132585473,0.00048362463007941685,696320.0,0.0,16,0,16,1,0.0,8.0,512.0,8.0,0.666,replicate,dag,supervisor,True,4834320.0
LLAMA-65B,D-lo,8,wl_D1.json,16,A5,11.99604405978841,5836313955859.786,6296698880.0,4906320.0,recompute,master-diff,pim,pim,3126220444506.7583,2709569579872.372,523885346.797988,46264.6149122328,45.087700000243345,10.843540597147603,5.5612622646099035e-06,1.128747090037231,0.0005074298806765954,677120.0,19200.0,1,15,16,1,0.0,8.0,512.0,8.0,1.3004,mq,dag,supervisor,True,4906320.0
LLAMA-65B,D-lo,8,wl_D1.json,16,A6,11.99604405978841,5836313955859.786,6296698880.0,4906320.0,recompute,master-diff,pim,dynamic,3126220444506.7583,2709569579872.372,523885346.797988,46264.6149122328,45.087700000243345,10.843540597147603,5.5612622646099035e-06,1.128747090037231,0.0005074298806765954,677120.0,19200.0,1,15,16,1,0.0,8.0,512.0,8.0,1.3004,mq,dag,supervisor,True,4906320.0
LLAMA-65B,N-hi,8,wl_N64.json,128,A2,1580.6750111898468,89338449288345.22,180931537141760.0,223152.0,recompute,none,gpu,gpu,74284945398178.53,,15053503890197.705,,,977.569887383551,,0.0,0.0,4752000.0,0.0,128,0,128,2,16384.0,,,,,,dag,supervisor,,
LLAMA-65B,N-lo,8,wl_N4.json,8,A1,21.455575291904243,53502472295697.71,48071966720.0,4638720.0,no-reuse-physical,private,pim,gpu,6686721683613.724,46811751003765.88,3999587631.1140103,20838.35084799251,,14.558876926356879,4.613988754613858,2.1222411673960955,0.00022855484487008444,5662720.0,0.0,8,0,8,2,1024.0,8.0,512.0,8.0,0.666,replicate,dag,supervisor,True,4638720.0
LLAMA-65B,N-lo,8,wl_N4.json,8,A2,61.547204104649865,5306904950234.384,6134127656960.0,14128.0,recompute,none,gpu,gpu,4796545529175.418,,510359421059.08984,,,41.10011191478445,,0.0,0.0,854400.0,0.0,8,0,8,2,1024.0,,,,,,dag,supervisor,,
LLAMA-65B,N-lo,8,wl_N4.json,8,A3,14.127978056398454,12110194182937.588,25576083976.0,2442328.0,recompute,naive,pim,gpu,3144570968509.7954,8963495271027.176,2127930186.7937357,5758.358592046948,7407.686399999362,11.49661257589737,2.7806311323168043e-06,2.175661608889184,6.315762529818762e-05,854400.0,0.0,8,0,8,2,1024.0,8.0,512.0,8.0,0.666,replicate,dag,supervisor,True,2442328.0
LLAMA-65B,N-lo,8,wl_N4.json,8,A3a,13.775042939621379,12138622799211.23,25576083976.0,2442328.0,recompute,naive-mask,pim,gpu,3144570968509.7954,8991923894448.076,2127930186.7937357,5758.358592046948,235.59040000014878,11.49661257589737,2.7806311323168043e-06,2.1813312920809307,6.315762529818762e-05,854400.0,0.0,8,0,8,2,1024.0,8.0,512.0,8.0,0.666,replicate,dag,supervisor,True,2442328.0
LLAMA-65B,N-lo,8,wl_N4.json,8,A3b,14.045994495417542,12128437163646.254,25576083976.0,3866328.0,recompute,naive,pim,gpu,3144570968509.7954,8981738228705.87,2127930186.7937357,28863.996992052766,7407.686399999362,11.49661257589737,2.7806311323168043e-06,2.093424625870715,0.0003165800596671965,854400.0,0.0,8,0,8,2,1024.0,8.0,512.0,8.0,0.666,replicate,dag,supervisor,True,3866328.0
LLAMA-65B,N-lo,8,wl_N4.json,8,A4,13.664492962948627,12154228498584.389,25576083976.0,3502808.0,recompute,master-diff,pim,gpu,3144570968509.7954,9007529574394.229,2127930186.7937357,25523.749952159917,62.29440000002479,11.49661257589737,2.7806311323168043e-06,2.079229329071983,0.00027994426014456904,854400.0,0.0,8,0,8,2,1024.0,8.0,512.0,8.0,0.666,replicate,dag,supervisor,True,3502808.0
LLAMA-65B,N-lo,8,wl_N4.json,8,A4b,13.664492962948627,12154228498584.389,25576083976.0,3502808.0,recompute,master-diff,pim,gpu,3144570968509.7954,9007529574394.229,2127930186.7937357,25523.749952159917,62.29440000002479,11.49661257589737,2.7806311323168043e-06,2.079229329071983,0.00027994426014456904,854400.0,0.0,8,0,8,2,1024.0,8.0,512.0,8.0,0.666,replicate,dag,supervisor,True,3502808.0
LLAMA-65B,N-lo,8,wl_N4.json,8,A5,12.411012278568775,7554967993623.407,5908730376.0,4231368.0,recompute,master-diff,pim,pim,3092720090969.3174,4461756249592.834,491606367.274986,46790.616128648864,75.77490000004552,10.83318682444939,2.7806311323168043e-06,1.5538249616255575,0.0005131990572828006,677120.0,177280.0,1,7,8,2,1024.0,8.0,512.0,8.0,1.3004,mq,dag,supervisor,True,4231368.0
LLAMA-65B,N-lo,8,wl_N4.json,8,A6,12.411012278568775,7554967993623.407,5908730376.0,4231368.0,recompute,master-diff,pim,dynamic,3092720090969.3174,4461756249592.834,491606367.274986,46790.616128648864,75.77490000004552,10.83318682444939,2.7806311323168043e-06,1.5538249616255575,0.0005131990572828006,677120.0,177280.0,1,7,8,2,1024.0,8.0,512.0,8.0,1.3004,mq,dag,supervisor,True,4231368.0
LLAMA-65B,baseline,8,wl_baseline_alltoall_N16_C32_D2.json,32,A1,83.4741775708521,281609818660986.75,224500121600.0,17489920.0,no-reuse-physical,private,pim,gpu,25529861205124.816,256061278956976.62,18678410117.864075,83353.40339085179,,47.021418357312236,25.76310770522151,9.940403570142854,0.0009142193794700246,26583040.0,0.0,32,0,32,2,4096.0,8.0,512.0,8.0,0.666,replicate,dag,supervisor,True,17489920.0
LLAMA-65B,baseline,8,wl_baseline_alltoall_N16_C32_D2.json,32,A2,256.78530707921846,16463530197013.703,28675785359360.0,55728.0,recompute,none,gpu,gpu,14077704855113.639,,2385825341898.949,,,161.19935588132705,,0.0,0.0,1449600.0,0.0,32,0,32,2,4096.0,,,,,,dag,supervisor,,
LLAMA-65B,baseline,8,wl_baseline_alltoall_N16_C32_D2.json,32,A3,36.812654348703425,47883569893702.86,118540230688.0,8541232.0,recompute,naive,pim,gpu,6469502413899.477,41404204853568.56,9862547193.828981,23034.26995239449,55274.90430003674,23.54346061295012,1.1122524529196102e-05,10.11005065528693,0.00025263966587591797,1449600.0,0.0,32,0,32,2,4096.0,8.0,512.0,8.0,0.666,replicate,dag,supervisor,True,8541232.0
LLAMA-65B,baseline,8,wl_baseline_alltoall_N16_C32_D2.json,32,A3a,34.168623208811844,48269251496458.17,118540230688.0,8541232.0,recompute,naive-mask,pim,gpu,6469502413899.477,41789886511185.664,9862547193.828981,23034.26995239449,994.8146999972473,23.54346061295012,1.1122524529196102e-05,10.18002399548054,0.00025263966587591797,1449600.0,0.0,32,0,32,2,4096.0,8.0,512.0,8.0,0.666,replicate,dag,supervisor,True,8541232.0
LLAMA-65B,baseline,8,wl_baseline_alltoall_N16_C32_D2.json,32,A3b,36.74414123901229,47966011722549.68,118540230688.0,14704432.0,recompute,naive,pim,gpu,6469502413899.477,41486646580281.31,9862547193.828981,127450.93555020627,55274.90430003674,23.54346061295012,1.1122524529196102e-05,10.040392296720952,0.0013978807159744403,1449600.0,0.0,32,0,32,2,4096.0,8.0,512.0,8.0,0.666,replicate,dag,supervisor,True,14704432.0
LLAMA-65B,baseline,8,wl_baseline_alltoall_N16_C32_D2.json,32,A4,33.759921025395045,48338992922196.586,118540230688.0,12946992.0,recompute,master-diff,pim,gpu,6469502413899.477,41859627852005.875,9862547193.828981,111365.24723028993,400.56830000110506,23.54346061295012,1.1122524529196102e-05,9.800065312697765,0.0012214530310156325,1449600.0,0.0,32,0,32,2,4096.0,8.0,512.0,8.0,0.666,replicate,dag,supervisor,True,12946992.0
LLAMA-65B,baseline,8,wl_baseline_alltoall_N16_C32_D2.json,32,A4b,33.759921025395045,48338992922196.586,118540230688.0,12946992.0,recompute,master-diff,pim,gpu,6469502413899.477,41859627852005.875,9862547193.828981,111365.24723028993,400.56830000110506,23.54346061295012,1.1122524529196102e-05,9.800065312697765,0.0012214530310156325,1449600.0,0.0,32,0,32,2,4096.0,8.0,512.0,8.0,0.666,replicate,dag,supervisor,True,12946992.0
LLAMA-65B,baseline,8,wl_baseline_alltoall_N16_C32_D2.json,32,A5,26.693755771801086,24722306117183.24,15833522208.0,16121152.0,recompute,master-diff,pim,pim,6175165456710.454,18545823104813.395,1317349047.668714,204016.05452462655,472.3527000014712,19.76614978743131,1.1122524529196102e-05,6.848961164995083,0.0022376462529040504,677120.0,772480.0,1,31,32,2,4096.0,8.0,512.0,8.0,1.3004,mq,dag,supervisor,True,16121152.0
LLAMA-65B,baseline,8,wl_baseline_alltoall_N16_C32_D2.json,32,A6,26.693755771801086,24722306117183.24,15833522208.0,16121152.0,recompute,master-diff,pim,dynamic,6175165456710.454,18545823104813.395,1317349047.668714,204016.05452462655,472.3527000014712,19.76614978743131,1.1122524529196102e-05,6.848961164995083,0.0022376462529040504,677120.0,772480.0,1,31,32,2,4096.0,8.0,512.0,8.0,1.3004,mq,dag,supervisor,True,16121152.0
LLAMA-65B,broadcast,8,wl_broadcast.json,17,A1,39.342124492179344,105498794466482.77,97874739200.0,9524480.0,no-reuse-physical,private,pim,gpu,12483694749567.32,93006956496446.67,8143178301.653877,44281.495551946966,,25.415135299570522,9.226564294885804,4.373690083935503,0.00048567904535126906,11511040.0,0.0,17,0,17,2,4096.0,8.0,512.0,8.0,0.666,replicate,dag,supervisor,True,9524480.0
LLAMA-65B,broadcast,8,wl_broadcast.json,17,A2,118.01828142710818,8670414615387.721,12646964264960.0,29792.0,recompute,none,gpu,gpu,7618187188544.004,,1052227426844.5977,,,75.8617338772311,,0.0,0.0,707840.0,0.0,17,0,17,2,4096.0,,,,,,dag,supervisor,,
LLAMA-65B,broadcast,8,wl_broadcast.json,17,A3,19.790096850571373,22874088397874.945,52130628128.0,4735872.0,recompute,naive,pim,gpu,4245314621423.2515,18624436493616.0,4337268260.331866,11950.039295922516,1569.5359000044414,15.039356574336166,5.908841156146541e-06,4.4983577432802875,0.00013106792362644067,707840.0,0.0,17,0,17,2,4096.0,8.0,512.0,8.0,0.666,replicate,dag,supervisor,True,4735872.0
LLAMA-65B,broadcast,8,wl_broadcast.json,17,A3a,19.699977324358873,22781221559727.88,52130628128.0,4735872.0,recompute,naive-mask,pim,gpu,4245314621423.2515,18531569657169.375,4337268260.331866,11950.039295922516,230.16950000200805,15.039356574336166,5.908841156146541e-06,4.475206536878336,0.00013106792362644067,707840.0,0.0,17,0,17,2,4096.0,8.0,512.0,8.0,0.666,replicate,dag,supervisor,True,4735872.0
LLAMA-65B,broadcast,8,wl_broadcast.json,17,A3b,19.802351516513575,22907365309724.863,52130628128.0,6394752.0,recompute,naive,pim,gpu,4245314621423.2515,18657713363621.586,4337268260.331866,54096.896256474785,1569.5359000044414,15.039356574336166,5.908841156146541e-06,4.5101501429110025,0.0005933342720786539,707840.0,0.0,17,0,17,2,4096.0,8.0,512.0,8.0,0.666,replicate,dag,supervisor,True,6394752.0
LLAMA-65B,broadcast,8,wl_broadcast.json,17,A4,19.63789102670319,22812204251654.465,52130628128.0,6250192.0,recompute,master-diff,pim,gpu,4245314621423.2515,18562552309889.42,4337268260.331866,51191.15289643579,79.76890000037908,15.039356574336166,5.908841156146541e-06,4.420209872680977,0.000561464105020929,707840.0,0.0,17,0,17,2,4096.0,8.0,512.0,8.0,0.666,replicate,dag,supervisor,True,6250192.0
LLAMA-65B,broadcast,8,wl_broadcast.json,17,A4b,19.63789102670319,22812204251654.465,52130628128.0,6250192.0,recompute,master-diff,pim,gpu,4245314621423.2515,18562552309889.42,4337268260.331866,51191.15289643579,79.76890000037908,15.039356574336166,5.908841156146541e-06,4.420209872680977,0.000561464105020929,707840.0,0.0,17,0,17,2,4096.0,8.0,512.0,8.0,0.666,replicate,dag,supervisor,True,6250192.0
LLAMA-65B,broadcast,8,wl_broadcast.json,17,A5,16.421020564091453,9031644439278.281,6601458208.0,6371792.0,recompute,master-diff,pim,pim,4226307868501.615,4804787274695.801,549241322.8861243,54881.09184047231,81.37180000042424,14.740908776944034,5.908841156146541e-06,1.6534304918029363,0.0006019353222045651,677120.0,30720.0,1,16,17,2,4096.0,8.0,512.0,8.0,1.3004,mq,dag,supervisor,True,6371792.0
LLAMA-65B,broadcast,8,wl_broadcast.json,17,A6,16.421020564091453,9031644439278.281,6601458208.0,6371792.0,recompute,master-diff,pim,dynamic,4226307868501.615,4804787274695.801,549241322.8861243,54881.09184047231,81.37180000042424,14.740908776944034,5.908841156146541e-06,1.6534304918029363,0.0006019353222045651,677120.0,30720.0,1,16,17,2,4096.0,8.0,512.0,8.0,1.3004,mq,dag,supervisor,True,6371792.0
LLAMA-65B,k-hi,32,wl_baseline_alltoall_N16_C32_D2.json,32,A1,83.4741775708521,281609818660986.75,224500121600.0,17489920.0,no-reuse-physical,private,pim,gpu,25529861205124.816,256061278956976.62,18678410117.864075,83353.40339085179,,47.021418357312236,25.76310770522151,9.940403570142854,0.0009142193794700246,26583040.0,0.0,32,0,32,2,4096.0,8.0,512.0,8.0,0.666,replicate,dag,supervisor,True,17489920.0
LLAMA-65B,k-hi,32,wl_baseline_alltoall_N16_C32_D2.json,32,A2,263.8759644376246,17815124168908.133,28675785359360.0,55728.0,recompute,none,gpu,gpu,15429298827007.898,,2385825341898.949,,,168.2900132397373,,0.0,0.0,2664960.0,0.0,32,0,32,2,4096.0,,,,,,dag,supervisor,,
LLAMA-65B,k-hi,32,wl_baseline_alltoall_N16_C32_D2.json,32,A3,45.78040965468046,48986146722459.48,121029287968.0,8541232.0,recompute,naive,pim,gpu,7821096385805.7705,41154980588279.516,10069636759.52501,23034.26995239449,87990.60400011892,30.63411797135507,1.1122524529196102e-05,10.34306676030096,0.00025263966587591797,2664960.0,0.0,32,0,32,2,4096.0,8.0,512.0,8.0,0.666,replicate,dag,supervisor,True,8541232.0
LLAMA-65B,k-hi,32,wl_baseline_alltoall_N16_C32_D2.json,32,A3a,41.68337341784289,51288865131893.12,121029287968.0,8541232.0,recompute,naive-mask,pim,gpu,7821096385805.7705,43457699084949.695,10069636759.52501,23034.26995239449,995.1991999972337,30.63411797135507,1.1122524529196102e-05,10.595800763390887,0.00025263966587591797,2664960.0,0.0,32,0,32,2,4096.0,8.0,512.0,8.0,0.666,replicate,dag,supervisor,True,8541232.0
LLAMA-65B,k-hi,32,wl_baseline_alltoall_N16_C32_D2.json,32,A3b,45.429176302545144,49067673734576.06,121029287968.0,14683952.0,recompute,naive,pim,gpu,7821096385805.7705,41236507491940.45,10069636759.52501,126292.25906953818,87990.60400011892,30.63411797135507,1.1122524529196102e-05,9.990700870925073,0.0013851723627522192,2664960.0,0.0,32,0,32,2,4096.0,8.0,512.0,8.0,0.666,replicate,dag,supervisor,True,14683952.0
LLAMA-65B,k-hi,32,wl_baseline_alltoall_N16_C32_D2.json,32,A4,41.276239491990836,51358606555735.45,121029287968.0,12946992.0,recompute,master-diff,pim,gpu,7821096385805.7705,43527440425117.65,10069636759.52501,111365.24723028993,401.51550000106,30.63411797135507,1.1122524529196102e-05,10.217382202770827,0.0012214530310156325,2664960.0,0.0,32,0,32,2,4096.0,8.0,512.0,8.0,0.666,replicate,dag,supervisor,True,12946992.0
LLAMA-65B,k-hi,32,wl_baseline_alltoall_N16_C32_D2.json,32,A4b,41.276239491990836,51358606555735.45,121029287968.0,12946992.0,recompute,master-diff,pim,gpu,7821096385805.7705,43527440425117.65,10069636759.52501,111365.24723028993,401.51550000106,30.63411797135507,1.1122524529196102e-05,10.217382202770827,0.0012214530310156325,2664960.0,0.0,32,0,32,2,4096.0,8.0,512.0,8.0,0.666,replicate,dag,supervisor,True,12946992.0
LLAMA-65B,k-hi,32,wl_baseline_alltoall_N16_C32_D2.json,32,A5,34.18233969997615,40624196301767.2,25789751328.0,21134512.0,recompute,master-diff,pim,pim,7101493011329.616,33520557236900.613,2145707310.4526944,349999.2639863825,621.9907000017439,21.160549469733017,1.1122524529196102e-05,12.900874934215018,0.003838788782999568,677120.0,1987840.0,1,31,32,2,4096.0,8.0,512.0,8.0,1.3004,mq,dag,supervisor,True,21134512.0
LLAMA-65B,k-hi,32,wl_baseline_alltoall_N16_C32_D2.json,32,A6,34.18233969997615,40624196301767.2,25789751328.0,21134512.0,recompute,master-diff,pim,dynamic,7101493011329.616,33520557236900.613,2145707310.4526944,349999.2639863825,621.9907000017439,21.160549469733017,1.1122524529196102e-05,12.900874934215018,0.003838788782999568,677120.0,1987840.0,1,31,32,2,4096.0,8.0,512.0,8.0,1.3004,mq,dag,supervisor,True,21134512.0
LLAMA-65B,k-lo,2,wl_baseline_alltoall_N16_C32_D2.json,32,A1,83.4741775708521,281609818660986.75,224500121600.0,17489920.0,no-reuse-physical,private,pim,gpu,25529861205124.816,256061278956976.62,18678410117.864075,83353.40339085179,,47.021418357312236,25.76310770522151,9.940403570142854,0.0009142193794700246,26583040.0,0.0,32,0,32,2,4096.0,8.0,512.0,8.0,0.666,replicate,dag,supervisor,True,17489920.0
LLAMA-65B,k-lo,2,wl_baseline_alltoall_N16_C32_D2.json,32,A2,255.17916727002768,16116295326361.027,28675785359360.0,55728.0,recompute,none,gpu,gpu,13730469984461.057,,2385825341898.949,,,159.5932160721344,,0.0,0.0,1145760.0,0.0,32,0,32,2,4096.0,,,,,,dag,supervisor,,
LLAMA-65B,k-lo,2,wl_baseline_alltoall_N16_C32_D2.json,32,A3,33.35819374383831,47605222626499.555,117917966368.0,8541232.0,recompute,naive,pim,gpu,6122267543235.816,41473144265697.02,9810774802.404285,23034.26995239449,18408.421600006684,21.93732080378149,1.1122524529196102e-05,10.107128209319725,0.00025263966587591797,1145760.0,0.0,32,0,32,2,4096.0,8.0,512.0,8.0,0.666,replicate,dag,supervisor,True,8541232.0
LLAMA-65B,k-lo,2,wl_baseline_alltoall_N16_C32_D2.json,32,A3a,32.33552879799817,47436783014037.305,117917966368.0,8541232.0,recompute,naive-mask,pim,gpu,6122267543235.816,41304704671670.7,9810774802.404285,23034.26995239449,994.3287999971232,21.93732080378149,1.1122524529196102e-05,9.955167903329732,0.00025263966587591797,1145760.0,0.0,32,0,32,2,4096.0,8.0,512.0,8.0,0.666,replicate,dag,supervisor,True,8541232.0
LLAMA-65B,k-lo,2,wl_baseline_alltoall_N16_C32_D2.json,32,A3b,33.15369483541606,47682003053642.49,117917966368.0,13690512.0,recompute,naive,pim,gpu,6122267543235.816,41549924599532.9,9810774802.404285,120280.49330891484,18408.421600006684,21.93732080378149,1.1122524529196102e-05,9.901562696752167,0.0013192353699251955,1145760.0,0.0,32,0,32,2,4096.0,8.0,512.0,8.0,0.666,replicate,dag,supervisor,True,13690512.0
LLAMA-65B,k-lo,2,wl_baseline_alltoall_N16_C32_D2.json,32,A4,32.03388501334367,47506524439017.28,117917966368.0,12946992.0,recompute,master-diff,pim,gpu,6122267543235.816,41374446012186.54,9810774802.404285,111365.24723028993,400.33790000110264,21.93732080378149,1.1122524529196102e-05,9.68225484343292,0.0012214530310156325,1145760.0,0.0,32,0,32,2,4096.0,8.0,512.0,8.0,0.666,replicate,dag,supervisor,True,12946992.0
LLAMA-65B,k-lo,2,wl_baseline_alltoall_N16_C32_D2.json,32,A4b,32.03388501334367,47506524439017.28,117917966368.0,12946992.0,recompute,master-diff,pim,gpu,6122267543235.816,41374446012186.54,9810774802.404285,111365.24723028993,400.33790000110264,21.93732080378149,1.1122524529196102e-05,9.68225484343292,0.0012214530310156325,1145760.0,0.0,32,0,32,2,4096.0,8.0,512.0,8.0,0.666,replicate,dag,supervisor,True,12946992.0
LLAMA-65B,k-lo,2,wl_baseline_alltoall_N16_C32_D2.json,32,A5,24.893107698639923,20940906456045.9,13344464928.0,14876992.0,recompute,master-diff,pim,pim,5933666394614.007,15006129632495.732,1110259481.9727316,167520.25215680333,435.6243000012743,19.40435900103782,1.1122524529196102e-05,5.420637442029612,0.001837360620429669,677120.0,468640.0,1,31,32,2,4096.0,8.0,512.0,8.0,1.3004,mq,dag,supervisor,True,14876992.0
LLAMA-65B,k-lo,2,wl_baseline_alltoall_N16_C32_D2.json,32,A6,24.893107698639923,20940906456045.9,13344464928.0,14876992.0,recompute,master-diff,pim,dynamic,5933666394614.007,15006129632495.732,1110259481.9727316,167520.25215680333,435.6243000012743,19.40435900103782,1.1122524529196102e-05,5.420637442029612,0.001837360620429669,677120.0,468640.0,1,31,32,2,4096.0,8.0,512.0,8.0,1.3004,mq,dag,supervisor,True,14876992.0
LLAMA-65B,pipeline,8,wl_pipeline_D4.json,4,A1,22.039942317152445,28688734811994.8,23029350400.0,3118080.0,no-reuse-physical,private,pim,gpu,6457882911148.525,22228935848329.504,1916041953.2752638,10419.175424012756,,18.728156069894336,2.188906039885396,1.0460014284608337,0.0001142774224341538,2708480.0,0.0,4,0,4,4,1536.0,8.0,512.0,8.0,0.666,replicate,dag,supervisor,True,3118080.0
LLAMA-65B,pipeline,8,wl_pipeline_D4.json,4,A2,43.13371830885852,6100694510545.419,3023946383360.0,7792.0,recompute,none,gpu,gpu,5849102171449.972,,251592339095.55746,,,33.05389703099186,,0.0,0.0,682880.0,0.0,4,0,4,4,1536.0,,,,,,dag,supervisor,,
LLAMA-65B,pipeline,8,wl_pipeline_D4.json,4,A3,19.59204839773301,9422029267182.945,12450532454.0,2079046.0,recompute,naive,pim,gpu,5018960335987.879,4402033044184.387,1035884300.1686969,2591.856176000201,184.65279999988448,18.359357534814073,1.3903155661638037e-06,1.1819266302214606,2.8427455250731258e-05,682880.0,0.0,4,0,4,4,1536.0,8.0,512.0,8.0,0.666,replicate,dag,supervisor,True,2079046.0
LLAMA-65B,pipeline,8,wl_pipeline_D4.json,4,A3a,19.5904078140729,9424872129508.385,12450532454.0,2079046.0,recompute,naive-mask,pim,gpu,5018960335987.879,4404875906525.79,1035884300.1686969,2591.856176000201,137.54880000010746,18.359357534814073,1.3903155661638037e-06,1.1826412465414962,2.8427455250731258e-05,682880.0,0.0,4,0,4,4,1536.0,8.0,512.0,8.0,0.666,replicate,dag,supervisor,True,2079046.0
LLAMA-65B,pipeline,8,wl_pipeline_D4.json,4,A3b,19.481324043315364,9428890486189.443,12450532454.0,3307846.0,recompute,naive,pim,gpu,5018960335987.879,4408894254439.558,1035884300.1686969,11281.92977600561,184.65279999988448,18.359357534814073,1.3903155661638037e-06,1.0711069630058099,0.0001237401044152397,682880.0,0.0,4,0,4,4,1536.0,8.0,512.0,8.0,0.666,replicate,dag,supervisor,True,3307846.0
LLAMA-65B,pipeline,8,wl_pipeline_D4.json,4,A4,19.47307930463734,9431275933789.879,12450532454.0,3221126.0,recompute,master-diff,pim,gpu,5018960335987.879,4411279702781.267,1035884300.1686969,10702.591536014703,40.88310000002312,18.359357534814073,1.3903155661638037e-06,1.070057063341371,0.00011738592780398027,682880.0,0.0,4,0,4,4,1536.0,8.0,512.0,8.0,0.666,replicate,dag,supervisor,True,3221126.0
LLAMA-65B,pipeline,8,wl_pipeline_D4.json,4,A4b,19.47307930463734,9431275933789.879,12450532454.0,3221126.0,recompute,master-diff,pim,gpu,5018960335987.879,4411279702781.267,1035884300.1686969,10702.591536014703,40.88310000002312,18.359357534814073,1.3903155661638037e-06,1.070057063341371,0.00011738592780398027,682880.0,0.0,4,0,4,4,1536.0,8.0,512.0,8.0,0.666,replicate,dag,supervisor,True,3221126.0
LLAMA-65B,pipeline,8,wl_pipeline_D4.json,4,A5,19.40452566647695,9467625893961.97,3662154854.0,3243926.0,recompute,master-diff,pim,pim,5015292159013.34,4452029032249.652,304691283.8492959,11394.455088010065,41.30820000002617,18.30175902272649,1.3903155661638037e-06,1.0883676859126397,0.0001249742810259963,677120.0,5760.0,1,3,4,4,1536.0,8.0,512.0,8.0,1.3004,mq,dag,supervisor,True,3243926.0
LLAMA-65B,pipeline,8,wl_pipeline_D4.json,4,A6,19.40452566647695,9467625893961.97,3662154854.0,3243926.0,recompute,master-diff,pim,dynamic,5015292159013.34,4452029032249.652,304691283.8492959,11394.455088010065,41.30820000002617,18.30175902272649,1.3903155661638037e-06,1.0883676859126397,0.0001249742810259963,677120.0,5760.0,1,3,4,4,1536.0,8.0,512.0,8.0,1.3004,mq,dag,supervisor,True,3243926.0
LLAMA-65B,private,8,wl_private.json,32,A1,83.4741775708521,281609818660986.75,224500121600.0,17489920.0,no-reuse-physical,private,pim,gpu,25529861205124.816,256061278956976.62,18678410117.864075,83353.40339085179,,47.021418357312236,25.76310770522151,9.940403570142854,0.0009142193794700246,26583040.0,0.0,32,0,32,2,4096.0,8.0,512.0,8.0,0.666,replicate,dag,supervisor,True,17489920.0
LLAMA-65B,private,8,wl_private.json,32,A2,358.92501599380614,37871979973180.48,28675785359360.0,55728.0,recompute,none,gpu,gpu,35486154631277.234,,2385825341898.9297,,,263.3390647959809,,0.0,0.0,21438080.0,0.0,32,0,32,2,4096.0,,,,,,dag,supervisor,,
LLAMA-65B,private,8,wl_private.json,32,A3,137.63017106116249,69214877763607.61,159476637728.0,8537952.0,recompute,naive,pim,gpu,27877952190135.09,41323657087153.88,13268456259.713085,23034.26995239449,7500.823699995224,125.68316952837732,1.1122524529196102e-05,11.040107800513857,0.00025263966587591797,21438080.0,0.0,32,0,32,2,4096.0,8.0,512.0,8.0,0.666,replicate,dag,supervisor,True,8537952.0
LLAMA-65B,private,8,wl_private.json,32,A3a,137.32586204111757,69195925341275.61,159476637728.0,8537952.0,recompute,naive-mask,pim,gpu,27877952190135.09,41304704671263.98,13268456259.713085,23034.26995239449,1342.48770000496,125.68316952837732,1.1122524529196102e-05,11.043715579359668,0.00025263966587591797,21438080.0,0.0,32,0,32,2,4096.0,8.0,512.0,8.0,0.666,replicate,dag,supervisor,True,8537952.0
LLAMA-65B,private,8,wl_private.json,32,A3b,136.66576559201815,69281660307447.95,159476637728.0,18634592.0,recompute,naive,pim,gpu,27877952190135.09,41390439532715.516,13268456259.713085,107617.65298938393,7500.823699995224,125.68316952837732,1.1122524529196102e-05,10.074774596454873,0.0011803494510612374,21438080.0,0.0,32,0,32,2,4096.0,8.0,512.0,8.0,0.666,replicate,dag,supervisor,True,18634592.0
LLAMA-65B,private,8,wl_private.json,32,A4,136.28219842335938,69261793053401.4,159476637728.0,18274352.0,recompute,master-diff,pim,gpu,27877952190135.09,41370572288946.59,13268456259.713085,106458.97651032063,420.3499999995028,125.68316952837732,1.1122524529196102e-05,10.045243819369158,0.0011676410978509978,21438080.0,0.0,32,0,32,2,4096.0,8.0,512.0,8.0,0.666,replicate,dag,supervisor,True,18274352.0
LLAMA-65B,private,8,wl_private.json,32,A4b,136.28219842335938,69261793053401.4,159476637728.0,18274352.0,recompute,master-diff,pim,gpu,27877952190135.09,41370572288946.59,13268456259.713085,106458.97651032063,420.3499999995028,125.68316952837732,1.1122524529196102e-05,10.045243819369158,0.0011676410978509978,21438080.0,0.0,32,0,32,2,4096.0,8.0,512.0,8.0,0.666,replicate,dag,supervisor,True,18274352.0
LLAMA-65B,private,8,wl_private.json,32,A5,128.29985405319903,229356042582118.28,179579150368.0,102672192.0,recompute,master-diff,pim,pim,21680180218387.867,207660918863762.12,14940985311.360909,2530509.4670814173,2480.818599988908,43.43360148866795,1.1122524529196102e-05,84.11584880510914,0.027754605109429283,677120.0,20760960.0,1,31,32,2,4096.0,8.0,512.0,8.0,1.3004,mq,dag,supervisor,True,102672192.0
LLAMA-65B,reduce,8,wl_reduce.json,17,A1,39.85494529519368,108537662618778.98,100391321600.0,9524480.0,no-reuse-physical,private,pim,gpu,12720658072203.367,95808651946446.06,8352557957.348536,44281.495551946966,,25.762336911667308,9.383794885256398,4.373690084103384,0.000485679045351269,11818240.0,0.0,17,0,17,2,256.0,8.0,512.0,8.0,0.666,replicate,dag,supervisor,True,9524480.0
LLAMA-65B,reduce,8,wl_reduce.json,17,A2,119.89571555345128,9025678555173.594,12646964264960.0,29792.0,recompute,none,gpu,gpu,7973451128329.578,,1052227426844.6016,,,77.73916800357739,,0.0,0.0,1025920.0,0.0,17,0,17,2,256.0,,,,,,dag,supervisor,,
LLAMA-65B,reduce,8,wl_reduce.json,17,A3,21.502984783534462,22680854092919.64,52782040578.0,4797202.0,recompute,naive,pim,gpu,4600584198380.564,18075878415142.215,4391465776.162356,12235.387151908148,752.8624000011439,16.916790700639755,5.908841156146541e-06,4.37247072070163,0.00013419761634734506,1025920.0,0.0,17,0,17,2,256.0,8.0,512.0,8.0,0.666,replicate,dag,supervisor,True,4797202.0
LLAMA-65B,reduce,8,wl_reduce.json,17,A3a,21.49156498485368,22712125578256.453,52782040578.0,4797202.0,recompute,naive-mask,pim,gpu,4600584198380.564,18107149900906.06,4391465776.162356,12235.387151908148,232.7472000008597,16.916790700639755,5.908841156146541e-06,4.387056682058726,0.00013419761634734506,1025920.0,0.0,17,0,17,2,256.0,8.0,512.0,8.0,0.666,replicate,dag,supervisor,True,4797202.0
LLAMA-65B,reduce,8,wl_reduce.json,17,A3b,21.51210183443541,22710235833486.527,52782040578.0,5758482.0,recompute,naive,pim,gpu,4600584198380.564,18105260118971.33,4391465776.162356,49448.81691233552,752.8624000011439,16.916790700639755,5.908841156146541e-06,4.381179614991653,0.000542354179601256,1025920.0,0.0,17,0,17,2,256.0,8.0,512.0,8.0,0.666,replicate,dag,supervisor,True,5758482.0
LLAMA-65B,reduce,8,wl_reduce.json,17,A4,21.41760455739127,22739448953441.883,52782040578.0,5655042.0,recompute,master-diff,pim,gpu,4600584198380.564,18134473241608.965,4391465776.162356,46841.79483223676,57.23250000040707,16.916790700639755,5.908841156146541e-06,4.321492426776286,0.0005137603848524183,1025920.0,0.0,17,0,17,2,256.0,8.0,512.0,8.0,0.666,replicate,dag,supervisor,True,5655042.0
LLAMA-65B,reduce,8,wl_reduce.json,17,A4b,21.41760455739127,22739448953441.883,52782040578.0,5655042.0,recompute,master-diff,pim,gpu,4600584198380.564,18134473241608.965,4391465776.162356,46841.79483223676,57.23250000040707,16.916790700639755,5.908841156146541e-06,4.321492426776286,0.0005137603848524183,1025920.0,0.0,17,0,17,2,256.0,8.0,512.0,8.0,0.666,replicate,dag,supervisor,True,5655042.0
LLAMA-65B,reduce,8,wl_reduce.json,17,A5,18.07586288172621,12025399982095.115,9207154178.0,7086322.0,recompute,master-diff,pim,pim,4469085871272.028,7555547986772.584,766035227.5904083,88602.19419176532,76.20400000034968,15.12522109757162,5.908841156146541e-06,2.9151633725474655,0.0009717880698215867,677120.0,348800.0,1,16,17,2,256.0,8.0,512.0,8.0,1.3004,mq,dag,supervisor,True,7086322.0
LLAMA-65B,reduce,8,wl_reduce.json,17,A6,18.07586288172621,12025399982095.115,9207154178.0,7086322.0,recompute,master-diff,pim,dynamic,4469085871272.028,7555547986772.584,766035227.5904083,88602.19419176532,76.20400000034968,15.12522109757162,5.908841156146541e-06,2.9151633725474655,0.0009717880698215867,677120.0,348800.0,1,16,17,2,256.0,8.0,512.0,8.0,1.3004,mq,dag,supervisor,True,7086322.0
LLAMA-65B,supervisor,8,wl_supervisor_D4.json,34,A1,80.37804944290441,221790797921177.38,198266060800.0,19048960.0,no-reuse-physical,private,pim,gpu,25204352822138.816,196569949268282.1,16495736259.336779,88562.99110254364,,51.17747221162858,19.420919554442232,9.11779947006098,0.0009713580906858452,23329280.0,0.0,34,0,34,4,16896.0,8.0,512.0,8.0,0.666,replicate,dag,supervisor,True,19048960.0
LLAMA-65B,supervisor,8,wl_supervisor_D4.json,34,A2,243.6763280891673,17395163643503.951,26350305935360.0,59664.0,recompute,none,gpu,gpu,15202818189681.39,,2192345453822.2158,,,155.84197497136125,,0.0,0.0,1068160.0,0.0,34,0,34,4,16896.0,,,,,,dag,supervisor,,
LLAMA-65B,supervisor,8,wl_supervisor_D4.json,34,A3,39.289598388524944,46988094639788.78,109046696514.0,9534626.0,recompute,naive,pim,gpu,8209100970192.329,38769920954875.69,9072685150.587976,24187.72865651514,4011.998300028609,29.333641515490086,1.1817682312269377e-05,9.391590860306415,0.0002652907905790447,1068160.0,0.0,34,0,34,4,16896.0,8.0,512.0,8.0,0.666,replicate,dag,supervisor,True,9534626.0
LLAMA-65B,supervisor,8,wl_supervisor_D4.json,34,A3a,39.079394116175614,46827946723472.25,109046696514.0,9534626.0,recompute,naive-mask,pim,gpu,8209100970192.329,38609773043048.23,9072685150.587976,24187.72865651514,600.1071000033314,29.333641515490086,1.1817682312269377e-05,9.351981146758579,0.0002652907905790447,1068160.0,0.0,34,0,34,4,16896.0,8.0,512.0,8.0,0.666,replicate,dag,supervisor,True,9534626.0
LLAMA-65B,supervisor,8,wl_supervisor_D4.json,34,A3b,39.291731297657876,47058443571546.01,109046696514.0,13532066.0,recompute,naive,pim,gpu,8209100970192.329,38840269799409.33,9072685150.587976,113288.13953199828,4011.998300028609,29.333641515490086,1.1817682312269377e-05,9.392746513110938,0.001242543296538558,1068160.0,0.0,34,0,34,4,16896.0,8.0,512.0,8.0,0.666,replicate,dag,supervisor,True,13532066.0
LLAMA-65B,supervisor,8,wl_supervisor_D4.json,34,A4,38.92538599105086,46893571420221.67,109046696514.0,13217506.0,recompute,master-diff,pim,gpu,8209100970192.329,38675397658832.445,9072685150.587976,107304.66177339126,180.1450000028979,29.333641515490086,1.1817682312269377e-05,9.218059498135709,0.0011769165662166713,1068160.0,0.0,34,0,34,4,16896.0,8.0,512.0,8.0,0.666,replicate,dag,supervisor,True,13217506.0
LLAMA-65B,supervisor,8,wl_supervisor_D4.json,34,A4b,38.92538599105086,46893571420221.67,109046696514.0,13217506.0,recompute,master-diff,pim,gpu,8209100970192.329,38675397658832.445,9072685150.587976,107304.66177339126,180.1450000028979,29.333641515490086,1.1817682312269377e-05,9.218059498135709,0.0011769165662166713,1068160.0,0.0,34,0,34,4,16896.0,8.0,512.0,8.0,0.666,replicate,dag,supervisor,True,13217506.0
LLAMA-65B,supervisor,8,wl_supervisor_D4.json,34,A5,32.31069473014716,22551275858298.188,13129517634.0,14819986.0,recompute,master-diff,pim,pim,8050955927633.2295,14499227397938.533,1092375867.1093533,154274.50958166845,213.6957000029302,27.142972358731846,1.1817682312269377e-05,5.111568622474754,0.0016920814348889074,677120.0,391040.0,1,33,34,4,16896.0,8.0,512.0,8.0,1.3004,mq,dag,supervisor,True,14819986.0
LLAMA-65B,supervisor,8,wl_supervisor_D4.json,34,A6,32.31069473014716,22551275858298.188,13129517634.0,14819986.0,recompute,master-diff,pim,dynamic,8050955927633.2295,14499227397938.533,1092375867.1093533,154274.50958166845,213.6957000029302,27.142972358731846,1.1817682312269377e-05,5.111568622474754,0.0016920814348889074,677120.0,391040.0,1,33,34,4,16896.0,8.0,512.0,8.0,1.3004,mq,dag,supervisor,True,14819986.0
LLAMA-7B,C-hi,8,wl_C64.json,32,A1,795.1068078749464,114805478784123.94,634078101504.0,6995968.0,no-reuse-physical,private,pim,gpu,4080895909207.233,110717988326319.0,6594412255.790195,133365.44542707287,,38.619804876201954,500.28330094446613,254.03159838571338,0.05851004028603574,19021824.0,0.0,32,0,32,2,4096.0,8.0,512.0,8.0,0.666,replicate,dag,supervisor,True,6995968.0
LLAMA-7B,C-hi,8,wl_C64.json,32,A2,382.774014388551,4456411067989.038,81203067617280.0,32736.0,recompute,none,gpu,gpu,3611899164769.259,,844511903219.8129,,,112.09712233100575,,0.0,0.0,973056.0,0.0,32,0,32,2,4096.0,,,,,,dag,supervisor,,
LLAMA-7B,C-hi,8,wl_C64.json,32,A3,245.8069540086961,3864214018846.4175,328177066016.0,7840192.0,recompute,naive,pim,gpu,907417764773.4937,2953382912091.8374,3413041486.6213326,259315.50075547,41171.5582000073,14.476189643704227,0.0007118415698789303,228.06378424931296,0.11376680329385086,973056.0,0.0,32,0,32,2,4096.0,8.0,512.0,8.0,0.666,replicate,dag,supervisor,True,7840192.0
LLAMA-7B,C-hi,8,wl_C64.json,32,A3a,243.15793713109758,3895652477386.006,328177066016.0,7840192.0,recompute,naive-mask,pim,gpu,907417764773.4937,2984821411407.6494,3413041486.6213326,259315.50075547,398.48940000034946,14.476189643704227,0.0007118415698789303,227.45342081132372,0.11376680329385086,973056.0,0.0,32,0,32,2,4096.0,8.0,512.0,8.0,0.666,replicate,dag,supervisor,True,7840192.0
LLAMA-7B,C-hi,8,wl_C64.json,32,A3b,245.8069540086961,3864214018846.4175,328177066016.0,7840192.0,recompute,naive,pim,gpu,907417764773.4937,2953382912091.8374,3413041486.6213326,259315.50075547,41171.5582000073,14.476189643704227,0.0007118415698789303,228.06378424931296,0.11376680329385086,973056.0,0.0,32,0,32,2,4096.0,8.0,512.0,8.0,0.666,replicate,dag,supervisor,True,7840192.0
LLAMA-7B,C-hi,8,wl_C64.json,32,A4,242.92202618508543,3895645604953.881,328177066016.0,7653824.0,recompute,master-diff,pim,gpu,907417764773.4937,2984814550384.7227,3413041486.6213326,248192.20655065938,162.44410000005854,14.476189643704227,0.0007118415698789303,227.23419214466037,0.10888679565640605,973056.0,0.0,32,0,32,2,4096.0,8.0,512.0,8.0,0.666,replicate,dag,supervisor,True,7653824.0
LLAMA-7B,C-hi,8,wl_C64.json,32,A4b,243.28486310030706,3895645605182.521,328177066016.0,7653824.0,recompute,master-diff,pim,gpu,907417764773.4937,2984814550473.091,3413041486.6213326,248192.20655065938,162.44410000005854,14.476189643704227,0.0007118415698789303,227.59702905560837,0.10888679565640605,973056.0,0.0,32,0,32,2,4096.0,8.0,512.0,8.0,0.666,replicate,dag,supervisor,True,7653824.0
LLAMA-7B,C-hi,8,wl_C64.json,32,A5,187.5403826683573,2239244384484.879,33923571744.0,9464160.0,recompute,master-diff,pim,pim,772723270999.5579,1466167848745.1245,352805146.13147825,459408.4561897369,212.9421000001018,10.933787271550832,0.0007118415698789303,176.28060636251288,0.20155151279647338,532992.0,440064.0,1,31,32,2,4096.0,8.0,512.0,8.0,1.3004,mq,dag,supervisor,True,9464160.0
LLAMA-7B,C-hi,8,wl_C64.json,32,A6,187.5403826683573,2239244384484.879,33923571744.0,9464160.0,recompute,master-diff,pim,dynamic,772723270999.5579,1466167848745.1245,352805146.13147825,459408.4561897369,212.9421000001018,10.933787271550832,0.0007118415698789303,176.28060636251288,0.20155151279647338,532992.0,440064.0,1,31,32,2,4096.0,8.0,512.0,8.0,1.3004,mq,dag,supervisor,True,9464160.0
LLAMA-7B,C-lo,8,wl_C16.json,32,A1,168.58656984972356,16314961493083.69,221761241088.0,6995968.0,no-reuse-physical,private,pim,gpu,1698541534385.033,14614113508429.53,2306316907.354538,133365.44542707287,,17.450834571092624,63.03638408659199,87.30163702098457,0.05851004028603574,6438912.0,0.0,32,0,32,2,4096.0,8.0,512.0,8.0,0.666,replicate,dag,supervisor,True,6995968.0
LLAMA-7B,C-lo,8,wl_C16.json,32,A2,135.84779556594185,1826782476224.5427,28220351053824.0,32736.0,recompute,none,gpu,gpu,1533290825264.668,,293491650959.81726,,,41.77995871984916,,0.0,0.0,383232.0,0.0,32,0,32,2,4096.0,,,,,,dag,supervisor,,
LLAMA-7B,C-lo,8,wl_C16.json,32,A3,89.7610878727098,1642590169816.5615,120407998496.0,7840192.0,recompute,naive,pim,gpu,599829612781.651,1041508042065.853,1252243184.3664708,259315.41719707008,12400.28139999818,7.940642954449302,0.0007118415698789303,80.68459224419286,0.11376676663513968,383232.0,0.0,32,0,32,2,4096.0,8.0,512.0,8.0,0.666,replicate,dag,supervisor,True,7840192.0
LLAMA-7B,C-lo,8,wl_C16.json,32,A3a,88.91552312545406,1650343701712.196,120407998496.0,7840192.0,recompute,naive-mask,pim,gpu,599829612781.651,1049261586102.2151,1252243184.3664708,259315.41719707008,397.38860000036175,7.940642954449302,0.0007118415698789303,80.43917213546595,0.11376676663513968,383232.0,0.0,32,0,32,2,4096.0,8.0,512.0,8.0,0.666,replicate,dag,supervisor,True,7840192.0
LLAMA-7B,C-lo,8,wl_C16.json,32,A3b,89.7610878727098,1642590169816.5615,120407998496.0,7840192.0,recompute,naive,pim,gpu,599829612781.651,1041508042065.853,1252243184.3664708,259315.41719707008,12400.28139999818,7.940642954449302,0.0007118415698789303,80.68459224419286,0.11376676663513968,383232.0,0.0,32,0,32,2,4096.0,8.0,512.0,8.0,0.666,replicate,dag,supervisor,True,7840192.0
LLAMA-7B,C-lo,8,wl_C16.json,32,A4,88.90783537965234,1650336829225.2393,120407998496.0,7653824.0,recompute,master-diff,pim,gpu,599829612781.651,1049254724910.0536,1252243184.3664708,248192.12299225945,159.24400000006372,7.940642954449302,0.0007118415698789303,80.4482716279186,0.10888675899769487,383232.0,0.0,32,0,32,2,4096.0,8.0,512.0,8.0,0.666,replicate,dag,supervisor,True,7653824.0
LLAMA-7B,C-lo,8,wl_C16.json,32,A4b,89.18643337364448,1650336829153.4058,120407998496.0,7653824.0,recompute,master-diff,pim,gpu,599829612781.651,1049254724906.4452,1252243184.3664708,248192.12299225945,159.24400000006372,7.940642954449302,0.0007118415698789303,80.7268696225547,0.10888675899769487,383232.0,0.0,32,0,32,2,4096.0,8.0,512.0,8.0,0.666,replicate,dag,supervisor,True,7653824.0
LLAMA-7B,C-lo,8,wl_C16.json,32,A5,64.95404169246179,1104308811137.1597,21038645280.0,8653152.0,recompute,master-diff,pim,pim,568632241308.4609,535457402916.4633,218801910.9078219,364945.93566749804,179.25120000006143,7.125719958555458,0.0007118415698789303,57.58840956227513,0.1601089497405143,139776.0,243456.0,1,31,32,2,4096.0,8.0,512.0,8.0,1.3004,mq,dag,supervisor,True,8653152.0
LLAMA-7B,C-lo,8,wl_C16.json,32,A6,64.95404169246179,1104308811137.1597,21038645280.0,8653152.0,recompute,master-diff,pim,dynamic,568632241308.4609,535457402916.4633,218801910.9078219,364945.93566749804,179.25120000006143,7.125719958555458,0.0007118415698789303,57.58840956227513,0.1601089497405143,139776.0,243456.0,1,31,32,2,4096.0,8.0,512.0,8.0,1.3004,mq,dag,supervisor,True,8653152.0
LLAMA-7B,D-hi,8,wl_D4.json,64,A1,760.4525279486252,92624609798390.86,782824898560.0,13991936.0,no-reuse-physical,private,pim,gpu,5363905794769.54,87252562354197.53,8141378945.29032,266730.8908537514,,52.387971976175685,387.7254148429469,317.612704628562,0.11702008057533539,23232512.0,0.0,64,0,64,4,24576.0,8.0,512.0,8.0,0.666,replicate,dag,supervisor,True,13991936.0
LLAMA-7B,D-hi,8,wl_D4.json,64,A2,483.09950629858014,5845159468877.303,102248675803136.0,65504.0,recompute,none,gpu,gpu,4781773240526.349,,1063386228352.8365,,,142.2705869549495,,0.0,0.0,1182464.0,0.0,64,0,64,4,24576.0,,,,,,dag,supervisor,,
LLAMA-7B,D-hi,8,wl_D4.json,64,A3,318.7191787127627,5175140955646.828,422536355936.0,15688192.0,recompute,naive,pim,gpu,1399515834526.449,3771230158220.1484,4394378101.891122,518630.973758255,66141.643499975,19.659622703781924,0.0014236831397423223,294.11506201666555,0.22753359441748983,1182464.0,0.0,64,0,64,4,24576.0,8.0,512.0,8.0,0.666,replicate,dag,supervisor,True,15688192.0
LLAMA-7B,D-hi,8,wl_D4.json,64,A3a,315.4245067778896,5220736357683.471,422536355936.0,15688192.0,recompute,naive-mask,pim,gpu,1399515834526.449,3816825625276.26,4394378101.891122,518630.973758255,1094.1682999977695,19.659622703781924,0.0014236831397423223,294.07276383334016,0.22753359441748983,1182464.0,0.0,64,0,64,4,24576.0,8.0,512.0,8.0,0.666,replicate,dag,supervisor,True,15688192.0
LLAMA-7B,D-hi,8,wl_D4.json,64,A3b,318.7191787127627,5175140955646.828,422536355936.0,15688192.0,recompute,naive,pim,gpu,1399515834526.449,3771230158220.1484,4394378101.891122,518630.973758255,66141.643499975,19.659622703781924,0.0014236831397423223,294.11506201666555,0.22753359441748983,1182464.0,0.0,64,0,64,4,24576.0,8.0,512.0,8.0,0.666,replicate,dag,supervisor,True,15688192.0
LLAMA-7B,D-hi,8,wl_D4.json,64,A4,315.2237173172509,5220724903633.757,422536355936.0,15439360.0,recompute,master-diff,pim,gpu,1399515834526.449,3816814190311.881,4394378101.891122,500092.1500746482,426.3258000017051,19.659622703781924,0.0014236831397423223,293.9134998786087,0.2194002483575868,1182464.0,0.0,64,0,64,4,24576.0,8.0,512.0,8.0,0.666,replicate,dag,supervisor,True,15439360.0
LLAMA-7B,D-hi,8,wl_D4.json,64,A4b,315.83906343376964,5220724904231.982,422536355936.0,15439360.0,recompute,master-diff,pim,gpu,1399515834526.449,3816814190370.082,4394378101.891122,500092.1500746482,426.3258000017051,19.659622703781924,0.0014236831397423223,294.5288459829687,0.2194002483575868,1182464.0,0.0,64,0,64,4,24576.0,8.0,512.0,8.0,0.666,replicate,dag,supervisor,True,15439360.0
LLAMA-7B,D-hi,8,wl_D4.json,64,A5,270.6095063139867,3489759720866.6514,55851425888.0,19190752.0,recompute,master-diff,pim,pim,1227256607992.8904,2261921319328.1357,580854829.2226955,937870.6508882194,527.1867000022077,15.237914388654355,0.0014236831397423223,254.74617520580034,0.4114622748922372,270848.0,911616.0,1,63,64,4,24576.0,8.0,512.0,8.0,1.3004,mq,dag,supervisor,True,19190752.0
LLAMA-7B,D-hi,8,wl_D4.json,64,A6,270.6095063139867,3489759720866.6514,55851425888.0,19190752.0,recompute,master-diff,pim,dynamic,1227256607992.8904,2261921319328.1357,580854829.2226955,937870.6508882194,527.1867000022077,15.237914388654355,0.0014236831397423223,254.74617520580034,0.4114622748922372,270848.0,911616.0,1,63,64,4,24576.0,8.0,512.0,8.0,1.3004,mq,dag,supervisor,True,19190752.0
LLAMA-7B,D-lo,8,wl_D1.json,16,A1,119.60112974114459,12724176753506.645,147387842560.0,3497984.0,no-reuse-physical,private,pim,gpu,1060549058794.9325,11662094794439.389,1532833562.6358078,66682.72271360242,,10.703748905571494,51.12597845360905,57.25085454092692,0.02925502014308085,4333568.0,0.0,16,0,16,1,0.0,8.0,512.0,8.0,0.666,replicate,dag,supervisor,True,3497984.0
LLAMA-7B,D-lo,8,wl_D1.json,16,A2,88.54363177641629,1136556254911.5833,18525401907200.0,16352.0,recompute,none,gpu,gpu,943892075076.6459,,192664179834.89624,,,26.7922920857433,,0.0,0.0,278528.0,0.0,16,0,16,1,0.0,,,,,,dag,supervisor,,
LLAMA-7B,D-lo,8,wl_D1.json,16,A3,55.566974489000316,999695564494.5654,76449579008.0,3916192.0,recompute,naive,pim,gpu,326139794811.2184,672760564371.5494,795075621.6794235,129657.68069188383,52.37759999997217,4.512160203557065,0.0003559207849383083,50.740124182814114,0.05688337107349988,278528.0,0.0,16,0,16,1,0.0,8.0,512.0,8.0,0.666,replicate,dag,supervisor,True,3916192.0
LLAMA-7B,D-lo,8,wl_D1.json,16,A3a,55.566974489000316,999695564494.5654,76449579008.0,3916192.0,recompute,naive-mask,pim,gpu,326139794811.2184,672760564371.5494,795075621.6794235,129657.68069188383,52.37759999997217,4.512160203557065,0.0003559207849383083,50.740124182814114,0.05688337107349988,278528.0,0.0,16,0,16,1,0.0,8.0,512.0,8.0,0.666,replicate,dag,supervisor,True,3916192.0
LLAMA-7B,D-lo,8,wl_D1.json,16,A3b,55.566974489000316,999695564494.5654,76449579008.0,3916192.0,recompute,naive,pim,gpu,326139794811.2184,672760564371.5494,795075621.6794235,129657.68069188383,52.37759999997217,4.512160203557065,0.0003559207849383083,50.740124182814114,0.05688337107349988,278528.0,0.0,16,0,16,1,0.0,8.0,512.0,8.0,0.666,replicate,dag,supervisor,True,3916192.0
LLAMA-7B,D-lo,8,wl_D1.json,16,A4,55.56478791078355,999690982910.6508,76449579008.0,3761056.0,recompute,master-diff,pim,gpu,326139794811.2184,672755990234.475,795075621.6794235,122242.15121958853,17.737299999975814,4.512160203557065,0.0003559207849383083,50.74292295814366,0.05363003264880432,278528.0,0.0,16,0,16,1,0.0,8.0,512.0,8.0,0.666,replicate,dag,supervisor,True,3761056.0
LLAMA-7B,D-lo,8,wl_D1.json,16,A4b,55.522000701430635,999690982914.9944,76449579008.0,3761056.0,recompute,master-diff,pim,gpu,326139794811.2184,672755990237.112,795075621.6794235,122242.15121958853,17.737299999975814,4.512160203557065,0.0003559207849383083,50.70013574883593,0.05363003264880432,278528.0,0.0,16,0,16,1,0.0,8.0,512.0,8.0,0.666,replicate,dag,supervisor,True,3761056.0
LLAMA-7B,D-lo,8,wl_D1.json,16,A5,18.76159292471786,442877310549.15546,10074718208.0,3789856.0,recompute,master-diff,pim,pim,323181681922.0018,119590725848.68115,104777069.36201872,125714.83832362063,18.052299999975098,4.413451836408519,0.0003559207849383083,14.258146589777088,0.055153568686970404,270848.0,7680.0,1,15,16,1,0.0,8.0,512.0,8.0,1.3004,mq,dag,supervisor,True,3789856.0
LLAMA-7B,D-lo,8,wl_D1.json,16,A6,18.76159292471786,442877310549.15546,10074718208.0,3789856.0,recompute,master-diff,pim,dynamic,323181681922.0018,119590725848.68115,104777069.36201872,125714.83832362063,18.052299999975098,4.413451836408519,0.0003559207849383083,14.258146589777088,0.055153568686970404,270848.0,7680.0,1,15,16,1,0.0,8.0,512.0,8.0,1.3004,mq,dag,supervisor,True,3789856.0
LLAMA-7B,N-hi,8,wl_N64.json,128,A2,1356.2515680696613,15501911086053.338,289490459426816.0,131040.0,recompute,none,gpu,gpu,12491210308011.56,,3010700778039.2847,,,391.283369980593,,0.0,0.0,1900800.0,0.0,128,0,128,2,16384.0,,,,,,dag,supervisor,,
LLAMA-7B,N-hi,8,wl_N64.json,128,A5,743.516281951823,8254646108766.593,100931928192.0,37318848.0,recompute,master-diff,pim,pim,2341762683643.103,5911831955649.96,1049692053.1696403,1774984.5217420761,845.6790000003529,29.0594191564951,0.002847366279519376,713.2965711443542,0.7787205713874966,270848.0,1629952.0,1,127,128,2,16384.0,8.0,512.0,8.0,1.3004,mq,dag,supervisor,True,37318848.0
LLAMA-7B,N-hi,8,wl_N64.json,128,A6,743.516281951823,8254646108766.593,100931928192.0,37318848.0,recompute,master-diff,pim,dynamic,2341762683643.103,5911831955649.96,1049692053.1696403,1774984.5217420761,845.6790000003529,29.0594191564951,0.002847366279519376,713.2965711443542,0.7787205713874966,270848.0,1629952.0,1,127,128,2,16384.0,8.0,512.0,8.0,1.3004,mq,dag,supervisor,True,37318848.0
LLAMA-7B,N-lo,8,wl_N4.json,8,A1,65.77662831295692,7121097402265.396,76915146752.0,1855488.0,no-reuse-physical,private,pim,gpu,657635226670.9999,6462662224707.452,799917526.2189045,33341.36135686722,,6.838321851185464,28.343496928713876,30.323798198267227,0.014627510071595646,2265088.0,0.0,8,0,8,2,1024.0,8.0,512.0,8.0,0.666,replicate,dag,supervisor,True,1855488.0
LLAMA-7B,N-lo,8,wl_N4.json,8,A2,49.125029861260835,763374338796.4506,9814604251136.0,8416.0,recompute,none,gpu,gpu,661302454584.6075,,102071884211.8135,,,16.409682357472978,,0.0,0.0,341760.0,0.0,8,0,8,2,1024.0,,,,,,dag,supervisor,,
LLAMA-7B,N-lo,8,wl_N4.json,8,A3,33.181776306229004,696451668339.9994,40921731592.0,2205736.0,recompute,naive,pim,gpu,331177200651.38055,364848813918.11237,425586008.5549111,64828.85603995796,2963.0335999998165,4.568282621899579,0.00017796039246865784,28.300316579479162,0.028441692422355492,341760.0,0.0,8,0,8,2,1024.0,8.0,512.0,8.0,0.666,replicate,dag,supervisor,True,2205736.0
LLAMA-7B,N-lo,8,wl_N4.json,8,A3a,33.07302339934689,697608910866.6272,40921731592.0,2205736.0,recompute,naive-mask,pim,gpu,331177200651.38055,366006059289.601,425586008.5549111,64828.85603995796,94.19519999999054,4.568282621899579,0.00017796039246865784,28.335005592440353,0.028441692422355492,341760.0,0.0,8,0,8,2,1024.0,8.0,512.0,8.0,0.666,replicate,dag,supervisor,True,2205736.0
LLAMA-7B,N-lo,8,wl_N4.json,8,A3b,33.181776306229004,696451668339.9994,40921731592.0,2205736.0,recompute,naive,pim,gpu,331177200651.38055,364848813918.11237,425586008.5549111,64828.85603995796,2963.0335999998165,4.568282621899579,0.00017796039246865784,28.300316579479162,0.028441692422355492,341760.0,0.0,8,0,8,2,1024.0,8.0,512.0,8.0,0.666,replicate,dag,supervisor,True,2205736.0
LLAMA-7B,N-lo,8,wl_N4.json,8,A4,33.14024198473461,697607192718.7943,40921731592.0,2150952.0,recompute,master-diff,pim,gpu,331177200651.38055,366004343997.573,425586008.5549111,62048.03248793141,24.927999999984905,4.568282621899579,0.00017796039246865784,28.406907539896327,0.027221690513063772,341760.0,0.0,8,0,8,2,1024.0,8.0,512.0,8.0,0.666,replicate,dag,supervisor,True,2150952.0
LLAMA-7B,N-lo,8,wl_N4.json,8,A4b,33.09853319590159,697607192715.9822,40921731592.0,2150952.0,recompute,master-diff,pim,gpu,331177200651.38055,366004343999.3568,425586008.5549111,62048.03248793141,24.927999999984905,4.568282621899579,0.00017796039246865784,28.365198751290233,0.027221690513063772,341760.0,0.0,8,0,8,2,1024.0,8.0,512.0,8.0,0.666,replicate,dag,supervisor,True,2150952.0
LLAMA-7B,N-lo,8,wl_N4.json,8,A5,24.9139552937048,511966033178.31287,9453965832.0,2442376.0,recompute,master-diff,pim,pim,320911416417.93445,190956199406.42676,98321244.65237752,96075.01836983078,30.333499999972787,4.302912321316603,0.00017796039246865784,20.535685120502496,0.04214999752968252,270848.0,70912.0,1,7,8,2,1024.0,8.0,512.0,8.0,1.3004,mq,dag,supervisor,True,2442376.0
LLAMA-7B,N-lo,8,wl_N4.json,8,A6,24.9139552937048,511966033178.31287,9453965832.0,2442376.0,recompute,master-diff,pim,dynamic,320911416417.93445,190956199406.42676,98321244.65237752,96075.01836983078,30.333499999972787,4.302912321316603,0.00017796039246865784,20.535685120502496,0.04214999752968252,270848.0,70912.0,1,7,8,2,1024.0,8.0,512.0,8.0,1.3004,mq,dag,supervisor,True,2442376.0
LLAMA-7B,baseline,8,wl_baseline_alltoall_N16_C32_D2.json,32,A1,329.1008001692076,38854823971361.36,359200194560.0,6995968.0,no-reuse-physical,private,pim,gpu,2495001304124.8438,36356086851097.53,3735682023.4788604,133365.44542707287,,24.598489928871,161.07172004389338,142.1747461143942,0.05851004028603574,10633216.0,0.0,32,0,32,2,4096.0,8.0,512.0,8.0,0.666,replicate,dag,supervisor,True,6995968.0
LLAMA-7B,baseline,8,wl_baseline_alltoall_N16_C32_D2.json,32,A2,217.53241037463525,2681003620262.351,45881256574976.0,32736.0,recompute,none,gpu,gpu,2203838551882.427,,477165068379.8258,,,64.59488845803473,,0.0,0.0,579840.0,0.0,32,0,32,2,4096.0,,,,,,dag,supervisor,,
LLAMA-7B,baseline,8,wl_baseline_alltoall_N16_C32_D2.json,32,A3,141.6345481195492,2370113173950.205,189664354336.0,7840192.0,recompute,naive,pim,gpu,682808710569.4406,1685331672603.9324,1972509285.1024587,259315.44504987006,22109.69549999174,9.532530350722185,0.0007118415698789303,130.24983985227945,0.11376677885471004,579840.0,0.0,32,0,32,2,4096.0,8.0,512.0,8.0,0.666,replicate,dag,supervisor,True,7840192.0
LLAMA-7B,baseline,8,wl_baseline_alltoall_N16_C32_D2.json,32,A3a,140.59689217793135,2385813114443.927,189664354336.0,7840192.0,recompute,naive-mask,pim,gpu,682808710569.4406,1701031634986.9963,1972509285.1024587,259315.44504987006,397.64430000035355,9.532530350722185,0.0007118415698789303,130.29778647119625,0.11376677885471004,579840.0,0.0,32,0,32,2,4096.0,8.0,512.0,8.0,0.666,replicate,dag,supervisor,True,7840192.0
LLAMA-7B,baseline,8,wl_baseline_alltoall_N16_C32_D2.json,32,A3b,141.6345481195492,2370113173950.205,189664354336.0,7840192.0,recompute,naive,pim,gpu,682808710569.4406,1685331672603.9324,1972509285.1024587,259315.44504987006,22109.69549999174,9.532530350722185,0.0007118415698789303,130.24983985227945,0.11376677885471004,579840.0,0.0,32,0,32,2,4096.0,8.0,512.0,8.0,0.666,replicate,dag,supervisor,True,7840192.0
LLAMA-7B,baseline,8,wl_baseline_alltoall_N16_C32_D2.json,32,A4,140.23406302348576,2385806242023.6055,189664354336.0,7653824.0,recompute,master-diff,pim,gpu,682808710569.4406,1701024773809.7615,1972509285.1024587,248192.15084505943,160.47310000007087,9.532530350722185,0.0007118415698789303,129.9516958909233,0.10888677121726523,579840.0,0.0,32,0,32,2,4096.0,8.0,512.0,8.0,0.666,replicate,dag,supervisor,True,7653824.0
LLAMA-7B,baseline,8,wl_baseline_alltoall_N16_C32_D2.json,32,A4b,140.54332770415022,2385806241992.2925,189664354336.0,7653824.0,recompute,master-diff,pim,gpu,682808710569.4406,1701024773752.6511,1972509285.1024587,248192.15084505943,160.47310000007087,9.532530350722185,0.0007118415698789303,130.26096056812656,0.10888677121726523,579840.0,0.0,32,0,32,2,4096.0,8.0,512.0,8.0,0.666,replicate,dag,supervisor,True,7653824.0
LLAMA-7B,baseline,8,wl_baseline_alltoall_N16_C32_D2.json,32,A5,100.09714057095755,1432276724605.8528,25333620768.0,8923488.0,recompute,master-diff,pim,pim,624539990612.2676,807472867775.5082,263469655.98224542,396433.4425068422,189.26990000009872,8.021606020480755,0.0007118415698789303,91.8069906732994,0.173923137426535,270848.0,308992.0,1,31,32,2,4096.0,8.0,512.0,8.0,1.3004,mq,dag,supervisor,True,8923488.0
LLAMA-7B,baseline,8,wl_baseline_alltoall_N16_C32_D2.json,32,A6,100.09714057095755,1432276724605.8528,25333620768.0,8923488.0,recompute,master-diff,pim,dynamic,624539990612.2676,807472867775.5082,263469655.98224542,396433.4425068422,189.26990000009872,8.021606020480755,0.0007118415698789303,91.8069906732994,0.173923137426535,270848.0,308992.0,1,31,32,2,4096.0,8.0,512.0,8.0,1.3004,mq,dag,supervisor,True,8923488.0
LLAMA-7B,broadcast,8,wl_broadcast.json,17,A1,131.8998503382266,13966065737330.26,156599582720.0,3809792.0,no-reuse-physical,private,pim,gpu,1220993001410.4065,12743444029386.453,1628635660.299687,70850.39288319432,,12.569754074421489,55.65899154480428,63.11802264995494,0.03108345890201553,4604416.0,0.0,17,0,17,2,4096.0,8.0,512.0,8.0,0.666,replicate,dag,supervisor,True,3809792.0
LLAMA-7B,broadcast,8,wl_broadcast.json,17,A2,97.70296217973038,1322291006075.123,20235142823936.0,17600.0,recompute,none,gpu,gpu,1111845520706.1196,,210445485368.95422,,,30.252486099937936,,0.0,0.0,283136.0,0.0,17,0,17,2,4096.0,,,,,,dag,supervisor,,
LLAMA-7B,broadcast,8,wl_broadcast.json,17,A3,64.0036402729786,1196593856073.9817,83408994848.0,4229088.0,recompute,naive,pim,gpu,437639182845.747,758087085228.7375,867453546.415431,133825.4084166907,627.9678999995514,5.92353517876039,0.00037816583399709715,57.71158671576459,0.05871183508301856,283136.0,0.0,17,0,17,2,4096.0,8.0,512.0,8.0,0.666,replicate,dag,supervisor,True,4229088.0
LLAMA-7B,broadcast,8,wl_broadcast.json,17,A3a,63.68051826959491,1192813520631.4468,83408994848.0,4229088.0,recompute,naive-mask,pim,gpu,437639182845.747,754306750320.7375,867453546.415431,133825.4084166907,92.23669999988468,5.92353517876039,0.00037816583399709715,57.41525127214309,0.05871183508301856,283136.0,0.0,17,0,17,2,4096.0,8.0,512.0,8.0,0.666,replicate,dag,supervisor,True,4229088.0
LLAMA-7B,broadcast,8,wl_broadcast.json,17,A3b,64.0036402729786,1196593856073.9817,83408994848.0,4229088.0,recompute,naive,pim,gpu,437639182845.747,758087085228.7375,867453546.415431,133825.4084166907,627.9678999995514,5.92353517876039,0.00037816583399709715,57.71158671576459,0.05871183508301856,283136.0,0.0,17,0,17,2,4096.0,8.0,512.0,8.0,0.666,replicate,dag,supervisor,True,4229088.0
LLAMA-7B,broadcast,8,wl_broadcast.json,17,A4,63.81333073991801,1192811086557.7632,83408994848.0,4196352.0,recompute,master-diff,pim,gpu,437639182845.747,754304320293.7246,867453546.415431,129885.9083845392,31.79519999995235,5.92353517876039,0.00037816583399709715,57.552814152738016,0.05698349904512577,283136.0,0.0,17,0,17,2,4096.0,8.0,512.0,8.0,0.666,replicate,dag,supervisor,True,4196352.0
LLAMA-7B,broadcast,8,wl_broadcast.json,17,A4b,63.792870050061715,1192811086546.3403,83408994848.0,4196352.0,recompute,master-diff,pim,gpu,437639182845.747,754304320293.2577,867453546.415431,129885.9083845392,31.79519999995235,5.92353517876039,0.00037816583399709715,57.53235346277408,0.05698349904512577,283136.0,0.0,17,0,17,2,4096.0,8.0,512.0,8.0,0.666,replicate,dag,supervisor,True,4196352.0
LLAMA-7B,broadcast,8,wl_broadcast.json,17,A5,27.490053854201474,639000609064.2449,10562322976.0,4244992.0,recompute,master-diff,pim,pim,433854496440.8408,205036128636.04605,109848158.94905075,135789.8106950676,32.43149999995118,5.8041560598048685,0.00037816583399709715,21.589116653658152,0.05957365694487276,270848.0,12288.0,1,16,17,2,4096.0,8.0,512.0,8.0,1.3004,mq,dag,supervisor,True,4244992.0
LLAMA-7B,broadcast,8,wl_broadcast.json,17,A6,27.490053854201474,639000609064.2449,10562322976.0,4244992.0,recompute,master-diff,pim,dynamic,433854496440.8408,205036128636.04605,109848158.94905075,135789.8106950676,32.43149999995118,5.8041560598048685,0.00037816583399709715,21.589116653658152,0.05957365694487276,270848.0,12288.0,1,16,17,2,4096.0,8.0,512.0,8.0,1.3004,mq,dag,supervisor,True,4244992.0
LLAMA-7B,k-hi,32,wl_baseline_alltoall_N16_C32_D2.json,32,A1,329.1008001692076,38854823971361.36,359200194560.0,6995968.0,no-reuse-physical,private,pim,gpu,2495001304124.8438,36356086851097.53,3735682023.4788604,133365.44542707287,,24.598489928871,161.07172004389338,142.1747461143942,0.05851004028603574,10633216.0,0.0,32,0,32,2,4096.0,8.0,512.0,8.0,0.666,replicate,dag,supervisor,True,6995968.0
LLAMA-7B,k-hi,32,wl_baseline_alltoall_N16_C32_D2.json,32,A2,220.6633147096108,2855055304616.091,45881256574976.0,32736.0,recompute,none,gpu,gpu,2377890236236.233,,477165068379.82385,,,67.72579279300525,,0.0,0.0,1065984.0,0.0,32,0,32,2,4096.0,,,,,,dag,supervisor,,
LLAMA-7B,k-hi,32,wl_baseline_alltoall_N16_C32_D2.json,32,A3,148.09729353295407,2534061104842.802,193646845984.0,7840192.0,recompute,naive,pim,gpu,856860394921.8158,1675186488153.5242,2013927198.2416825,259315.44504987006,35195.980500010686,12.663434685700063,0.0007118415698789303,132.9140917098712,0.11376677885471004,1065984.0,0.0,32,0,32,2,4096.0,8.0,512.0,8.0,0.666,replicate,dag,supervisor,True,7840192.0
LLAMA-7B,k-hi,32,wl_baseline_alltoall_N16_C32_D2.json,32,A3a,149.39551407748613,2627797946009.7427,193646845984.0,7840192.0,recompute,naive-mask,pim,gpu,856860394921.8158,1768923364296.8909,2013927198.2416825,259315.44504987006,398.0029000003584,12.663434685700063,0.0007118415698789303,135.95221113570105,0.11376677885471004,1065984.0,0.0,32,0,32,2,4096.0,8.0,512.0,8.0,0.666,replicate,dag,supervisor,True,7840192.0
LLAMA-7B,k-hi,32,wl_baseline_alltoall_N16_C32_D2.json,32,A3b,148.09729353295407,2534061104842.802,193646845984.0,7840192.0,recompute,naive,pim,gpu,856860394921.8158,1675186488153.5242,2013927198.2416825,259315.44504987006,35195.980500010686,12.663434685700063,0.0007118415698789303,132.9140917098712,0.11376677885471004,1065984.0,0.0,32,0,32,2,4096.0,8.0,512.0,8.0,0.666,replicate,dag,supervisor,True,7840192.0
LLAMA-7B,k-hi,32,wl_baseline_alltoall_N16_C32_D2.json,32,A4,149.35159904434022,2627791073426.6875,193646845984.0,7653824.0,recompute,master-diff,pim,gpu,856860394921.8158,1768916502965.8716,2013927198.2416825,248192.15084505943,160.85710000007205,12.663434685700063,0.0007118415698789303,135.92503340535376,0.10888677121726523,1065984.0,0.0,32,0,32,2,4096.0,8.0,512.0,8.0,0.666,replicate,dag,supervisor,True,7653824.0
LLAMA-7B,k-hi,32,wl_baseline_alltoall_N16_C32_D2.json,32,A4b,149.66086372816812,2627791073466.368,193646845984.0,7653824.0,recompute,master-diff,pim,gpu,856860394921.8158,1768916502907.0098,2013927198.2416825,248192.15084505943,160.85710000007205,12.663434685700063,0.0007118415698789303,136.23429808466105,0.10888677121726523,1065984.0,0.0,32,0,32,2,4096.0,8.0,512.0,8.0,0.666,replicate,dag,supervisor,True,7653824.0
LLAMA-7B,k-hi,32,wl_baseline_alltoall_N16_C32_D2.json,32,A5,184.11595178897556,2191533152520.5388,41263587360.0,10928832.0,recompute,master-diff,pim,pim,714487991748.335,1476615389243.009,429141308.5390374,630006.5776673146,249.2651000001878,8.874007285022177,0.0007118415698789303,174.81482785221988,0.2763962593324475,270848.0,795136.0,1,31,32,2,4096.0,8.0,512.0,8.0,1.3004,mq,dag,supervisor,True,10928832.0
LLAMA-7B,k-hi,32,wl_baseline_alltoall_N16_C32_D2.json,32,A6,184.11595178897556,2191533152520.5388,41263587360.0,10928832.0,recompute,master-diff,pim,dynamic,714487991748.335,1476615389243.009,429141308.5390374,630006.5776673146,249.2651000001878,8.874007285022177,0.0007118415698789303,174.81482785221988,0.2763962593324475,270848.0,795136.0,1,31,32,2,4096.0,8.0,512.0,8.0,1.3004,mq,dag,supervisor,True,10928832.0
LLAMA-7B,k-lo,2,wl_baseline_alltoall_N16_C32_D2.json,32,A1,329.1008001692076,38854823971361.36,359200194560.0,6995968.0,no-reuse-physical,private,pim,gpu,2495001304124.8438,36356086851097.53,3735682023.4788604,133365.44542707287,,24.598489928871,161.07172004389338,142.1747461143942,0.05851004028603574,10633216.0,0.0,32,0,32,2,4096.0,8.0,512.0,8.0,0.666,replicate,dag,supervisor,True,6995968.0
LLAMA-7B,k-lo,2,wl_baseline_alltoall_N16_C32_D2.json,32,A2,216.83575622122513,2637564515177.437,45881256574976.0,32736.0,recompute,none,gpu,gpu,2160399446797.5042,,477165068379.8268,,,63.89823430462563,,0.0,0.0,458304.0,0.0,32,0,32,2,4096.0,,,,,,dag,supervisor,,
LLAMA-7B,k-lo,2,wl_baseline_alltoall_N16_C32_D2.json,32,A3,139.36089657136853,2329470019480.037,188668731424.0,7840192.0,recompute,naive,pim,gpu,639369605485.0243,1688137992638.5884,1962154806.8176765,259315.44504987006,7363.19979999818,8.835876197309156,0.0007118415698789303,129.41348598728024,0.11376677885471004,458304.0,0.0,32,0,32,2,4096.0,8.0,512.0,8.0,0.666,replicate,dag,supervisor,True,7840192.0
LLAMA-7B,k-lo,2,wl_baseline_alltoall_N16_C32_D2.json,32,A3a,137.8568109781802,2322613333729.5815,188668731424.0,7840192.0,recompute,naive-mask,pim,gpu,639369605485.0243,1681281313727.9697,1962154806.8176765,259315.44504987006,397.5422000003583,8.835876197309156,0.0007118415698789303,128.25768327542588,0.11376677885471004,458304.0,0.0,32,0,32,2,4096.0,8.0,512.0,8.0,0.666,replicate,dag,supervisor,True,7840192.0
LLAMA-7B,k-lo,2,wl_baseline_alltoall_N16_C32_D2.json,32,A3b,139.36089657136853,2329470019480.037,188668731424.0,7840192.0,recompute,naive,pim,gpu,639369605485.0243,1688137992638.5884,1962154806.8176765,259315.44504987006,7363.19979999818,8.835876197309156,0.0007118415698789303,129.41348598728024,0.11376677885471004,458304.0,0.0,32,0,32,2,4096.0,8.0,512.0,8.0,0.666,replicate,dag,supervisor,True,7840192.0
LLAMA-7B,k-lo,2,wl_baseline_alltoall_N16_C32_D2.json,32,A4,137.8407884815321,2322606461248.896,188668731424.0,7653824.0,recompute,master-diff,pim,gpu,639369605485.0243,1681274452599.9211,1962154806.8176765,248192.15084505943,160.3963000000688,8.835876197309156,0.0007118415698789303,128.25839808514345,0.10888677121726523,458304.0,0.0,32,0,32,2,4096.0,8.0,512.0,8.0,0.666,replicate,dag,supervisor,True,7653824.0
LLAMA-7B,k-lo,2,wl_baseline_alltoall_N16_C32_D2.json,32,A4b,138.1500531612893,2322606461199.1357,188668731424.0,7653824.0,recompute,master-diff,pim,gpu,639369605485.0243,1681274452543.364,1962154806.8176765,248192.15084505943,160.3963000000688,8.835876197309156,0.0007118415698789303,128.5676627618311,0.10888677121726523,458304.0,0.0,32,0,32,2,4096.0,8.0,512.0,8.0,0.666,replicate,dag,supervisor,True,7653824.0
LLAMA-7B,k-lo,2,wl_baseline_alltoall_N16_C32_D2.json,32,A5,80.40866889695151,1251815551832.7312,21351129120.0,8425824.0,recompute,master-diff,pim,pim,602010647179.5863,649582514819.8275,222051742.84304553,338040.1587228733,174.5594000000772,7.822691476190363,0.0007118415698789303,72.35706232218845,0.14830485694724885,270848.0,187456.0,1,31,32,2,4096.0,8.0,512.0,8.0,1.3004,mq,dag,supervisor,True,8425824.0
LLAMA-7B,k-lo,2,wl_baseline_alltoall_N16_C32_D2.json,32,A6,80.40866889695151,1251815551832.7312,21351129120.0,8425824.0,recompute,master-diff,pim,dynamic,602010647179.5863,649582514819.8275,222051742.84304553,338040.1587228733,174.5594000000772,7.822691476190363,0.0007118415698789303,72.35706232218845,0.14830485694724885,270848.0,187456.0,1,31,32,2,4096.0,8.0,512.0,8.0,1.3004,mq,dag,supervisor,True,8425824.0
LLAMA-7B,pipeline,8,wl_pipeline_D4.json,4,A1,35.96102771374058,3689782398482.7534,36846960640.0,1247232.0,no-reuse-physical,private,pim,gpu,641775770445.0221,3047623402976.8267,383208390.6551809,16670.680678384495,,7.464020675390623,13.329118932578217,15.037751148456342,0.00731375503580008,1083392.0,0.0,4,0,4,4,1536.0,8.0,512.0,8.0,0.666,replicate,dag,supervisor,True,1247232.0
LLAMA-7B,pipeline,8,wl_pipeline_D4.json,4,A2,28.85404846588591,732029832201.5182,4838314213376.0,4960.0,recompute,none,gpu,gpu,681711364382.3948,,50318467819.110016,,,12.726334421299741,,0.0,0.0,273152.0,0.0,4,0,4,4,1536.0,,,,,,dag,supervisor,,
LLAMA-7B,pipeline,8,wl_pipeline_D4.json,4,A4,22.300328671907845,695403318763.3354,19920850022.0,1288454.0,recompute,master-diff,pim,gpu,515905608501.1885,179290516290.0027,207176840.2282212,17123.46658678752,16.230400000004114,6.848518622828578,8.898019623439049e-05,15.37699431416558,0.007512401106805764,273152.0,0.0,4,0,4,4,1536.0,8.0,512.0,8.0,0.666,replicate,dag,supervisor,True,1288454.0
LLAMA-7B,pipeline,8,wl_pipeline_D4.json,4,A4b,22.226057691843273,695403318771.1056,19920850022.0,1288454.0,recompute,master-diff,pim,gpu,515905608501.1885,179290516287.96518,207176840.2282212,17123.46658678752,16.230400000004114,6.848518622828578,8.898019623439049e-05,15.302723334392308,0.007512401106805764,273152.0,0.0,4,0,4,4,1536.0,8.0,512.0,8.0,0.666,replicate,dag,supervisor,True,1288454.0
LLAMA-7B,pipeline,8,wl_pipeline_D4.json,4,A5,22.390579868284966,696358067456.2303,5859445862.0,1297574.0,recompute,master-diff,pim,pim,515175189369.3438,181121921601.04105,60938236.964833125,18230.44826999713,16.399300000003663,6.825479217993552,8.898019623439049e-05,15.536662163256755,0.007998055713011487,270848.0,2304.0,1,3,4,4,1536.0,8.0,512.0,8.0,1.3004,mq,dag,supervisor,True,1297574.0
LLAMA-7B,pipeline,8,wl_pipeline_D4.json,4,A6,22.390579868284966,696358067456.2303,5859445862.0,1297574.0,recompute,master-diff,pim,dynamic,515175189369.3438,181121921601.04105,60938236.964833125,18230.44826999713,16.399300000003663,6.825479217993552,8.898019623439049e-05,15.536662163256755,0.007998055713011487,270848.0,2304.0,1,3,4,4,1536.0,8.0,512.0,8.0,1.3004,mq,dag,supervisor,True,1297574.0
LLAMA-7B,private,8,wl_private.json,32,A1,329.1008001692076,38854823971361.36,359200194560.0,6995968.0,no-reuse-physical,private,pim,gpu,2495001304124.8438,36356086851097.53,3735682023.4788604,133365.44542707287,,24.598489928871,161.07172004389338,142.1747461143942,0.05851004028603574,10633216.0,0.0,32,0,32,2,4096.0,8.0,512.0,8.0,0.666,replicate,dag,supervisor,True,6995968.0
LLAMA-7B,private,8,wl_private.json,32,A2,262.6815649116464,5353576824306.056,45881256574976.0,32736.0,recompute,none,gpu,gpu,4876411755927.515,,477165068379.8258,,,109.74404299505568,,0.0,0.0,8575232.0,0.0,32,0,32,2,4096.0,,,,,,dag,supervisor,,
LLAMA-7B,private,8,wl_private.json,32,A3,198.178935214518,5040088678986.843,255162605600.0,7838880.0,recompute,naive,pim,gpu,3355381914625.7676,1682052810803.2078,2653691098.2949667,259315.44504987006,3000.191299998617,54.681684887759644,0.0007118415698789303,142.3822201251932,0.11376677885471004,8575232.0,0.0,32,0,32,2,4096.0,8.0,512.0,8.0,0.666,replicate,dag,supervisor,True,7838880.0
LLAMA-7B,private,8,wl_private.json,32,A3a,197.6544730313551,5039317179258.513,255162605600.0,7838880.0,recompute,naive-mask,pim,gpu,3355381914625.7676,1681281313915.2078,2653691098.2949667,259315.44504987006,536.856900001442,54.681684887759644,0.0007118415698789303,141.9809246711849,0.11376677885471004,8575232.0,0.0,32,0,32,2,4096.0,8.0,512.0,8.0,0.666,replicate,dag,supervisor,True,7838880.0
LLAMA-7B,private,8,wl_private.json,32,A3b,198.178935214518,5040088678986.843,255162605600.0,7838880.0,recompute,naive,pim,gpu,3355381914625.7676,1682052810803.2078,2653691098.2949667,259315.44504987006,3000.191299998617,54.681684887759644,0.0007118415698789303,142.3822201251932,0.11376677885471004,8575232.0,0.0,32,0,32,2,4096.0,8.0,512.0,8.0,0.666,replicate,dag,supervisor,True,7838880.0
LLAMA-7B,private,8,wl_private.json,32,A4,197.9023007830938,5039310306973.349,255162605600.0,7653824.0,recompute,master-diff,pim,gpu,3355381914625.7676,1681274452735.02,2653691098.2949667,248192.15084505943,168.06340000013256,54.681684887759644,0.0007118415698789303,142.2520720728787,0.10888677121726523,8575232.0,0.0,32,0,32,2,4096.0,8.0,512.0,8.0,0.666,replicate,dag,supervisor,True,7653824.0
LLAMA-7B,private,8,wl_private.json,32,A4b,198.5053944250137,5039310307233.018,255162605600.0,7653824.0,recompute,master-diff,pim,gpu,3355381914625.7676,1681274452571.2117,2653691098.2949667,248192.15084505943,168.06340000013256,54.681684887759644,0.0007118415698789303,142.85516573235356,0.10888677121726523,8575232.0,0.0,32,0,32,2,4096.0,8.0,512.0,8.0,0.666,replicate,dag,supervisor,True,7653824.0
LLAMA-7B,private,8,wl_private.json,32,A5,1136.57879459068,11328843807978.342,287326625824.0,41412960.0,recompute,master-diff,pim,pim,2129539015462.1218,9196312466925.02,2988196908.6245637,4126672.9379270645,993.7471000056952,21.78185767186708,0.0007118415698789303,1111.978329946487,1.8104524680842033,270848.0,8304384.0,1,31,32,2,4096.0,8.0,512.0,8.0,1.3004,mq,dag,supervisor,True,41412960.0
LLAMA-7B,private,8,wl_private.json,32,A6,1136.57879459068,11328843807978.342,287326625824.0,41412960.0,recompute,master-diff,pim,dynamic,2129539015462.1218,9196312466925.02,2988196908.6245637,4126672.9379270645,993.7471000056952,21.78185767186708,0.0007118415698789303,1111.978329946487,1.8104524680842033,270848.0,8304384.0,1,31,32,2,4096.0,8.0,512.0,8.0,1.3004,mq,dag,supervisor,True,41412960.0
LLAMA-7B,reduce,8,wl_reduce.json,17,A1,133.88963116572148,14451484655258.248,160626114560.0,3809792.0,no-reuse-physical,private,pim,gpu,1244361950561.0557,13205452122200.242,1670511591.4365509,70850.39288319432,,12.769191081808337,57.99533846625866,62.55859776507128,0.03108345890201553,4727296.0,0.0,17,0,17,2,256.0,8.0,512.0,8.0,0.666,replicate,dag,supervisor,True,3809792.0
LLAMA-7B,reduce,8,wl_reduce.json,17,A2,98.52436624383026,1368059197369.9387,20235142823936.0,17600.0,recompute,none,gpu,gpu,1157613712000.933,,210445485368.95435,,,31.073890164036797,,0.0,0.0,410368.0,0.0,17,0,17,2,256.0,,,,,,dag,supervisor,,
LLAMA-7B,reduce,8,wl_reduce.json,17,A3,63.239692437765925,1220041469125.2664,84451264002.0,4376482.0,recompute,naive,pim,gpu,483408501569.2008,735754536357.1744,878293145.616785,137761.29096427746,301.1807999999129,6.744939242858485,0.00037816583399709715,56.137373190902125,0.060438584059723056,410368.0,0.0,17,0,17,2,256.0,8.0,512.0,8.0,0.666,replicate,dag,supervisor,True,4376482.0
LLAMA-7B,reduce,8,wl_reduce.json,17,A3a,63.33093194250579,1221314438835.3538,84451264002.0,4376482.0,recompute,naive-mask,pim,gpu,483408501569.2008,737027506276.1119,878293145.616785,137761.29096427746,93.12959999993956,6.744939242858485,0.00037816583399709715,56.23901525563049,0.060438584059723056,410368.0,0.0,17,0,17,2,256.0,8.0,512.0,8.0,0.666,replicate,dag,supervisor,True,4376482.0
LLAMA-7B,reduce,8,wl_reduce.json,17,A3b,63.239692437765925,1220041469125.2664,84451264002.0,4376482.0,recompute,naive,pim,gpu,483408501569.2008,735754536357.1744,878293145.616785,137761.29096427746,301.1807999999129,6.744939242858485,0.00037816583399709715,56.137373190902125,0.060438584059723056,410368.0,0.0,17,0,17,2,256.0,8.0,512.0,8.0,0.666,replicate,dag,supervisor,True,4376482.0
LLAMA-7B,reduce,8,wl_reduce.json,17,A4,63.353597539298235,1221307566441.5562,84451264002.0,4089346.0,recompute,master-diff,pim,gpu,483408501569.2008,737020645074.9789,878293145.616785,126637.99675602425,22.75459999996568,6.744939242858485,0.00037816583399709715,56.27007961023123,0.055558576422642524,410368.0,0.0,17,0,17,2,256.0,8.0,512.0,8.0,0.666,replicate,dag,supervisor,True,4089346.0
LLAMA-7B,reduce,8,wl_reduce.json,17,A4b,63.366558646519046,1221307566438.3623,84451264002.0,4089346.0,recompute,master-diff,pim,gpu,483408501569.2008,737020645080.4402,878293145.616785,126637.99675602425,22.75459999996568,6.744939242858485,0.00037816583399709715,56.28304071749723,0.055558576422642524,410368.0,0.0,17,0,17,2,256.0,8.0,512.0,8.0,0.666,replicate,dag,supervisor,True,4089346.0
LLAMA-7B,reduce,8,wl_reduce.json,17,A5,44.875226199519865,788807805715.0198,14731445762.0,4661858.0,recompute,master-diff,pim,pim,457376472679.3182,331277932536.15344,153207035.92338306,193454.63573191172,30.202699999948347,6.028311401632499,0.00037816583399709715,38.71104932954764,0.08487234826122858,270848.0,139520.0,1,16,17,2,256.0,8.0,512.0,8.0,1.3004,mq,dag,supervisor,True,4661858.0
LLAMA-7B,reduce,8,wl_reduce.json,17,A6,44.875226199519865,788807805715.0198,14731445762.0,4661858.0,recompute,master-diff,pim,dynamic,457376472679.3182,331277932536.15344,153207035.92338306,193454.63573191172,30.202699999948347,6.028311401632499,0.00037816583399709715,38.71104932954764,0.08487234826122858,270848.0,139520.0,1,16,17,2,256.0,8.0,512.0,8.0,1.3004,mq,dag,supervisor,True,4661858.0
LLAMA-7B,supervisor,8,wl_supervisor_D4.json,34,A1,275.9685786838763,29505571716223.5,317225697280.0,7619584.0,no-reuse-physical,private,pim,gpu,2465354951979.291,27036917475669.277,3299147251.767422,141700.78576625668,,25.338945156061058,118.28223011763319,131.22781747063564,0.062166917803905104,9331712.0,0.0,34,0,34,4,16896.0,8.0,512.0,8.0,0.666,replicate,dag,supervisor,True,7619584.0
LLAMA-7B,supervisor,8,wl_supervisor_D4.json,34,A2,202.59633787843796,2683597590137.559,42160489496576.0,35232.0,recompute,none,gpu,gpu,2245128499373.065,,438469090764.48,,,62.0613728898261,,0.0,0.0,427264.0,0.0,34,0,34,4,16896.0,,,,,,dag,supervisor,,
LLAMA-7B,supervisor,8,wl_supervisor_D4.json,34,A3,132.87995936591898,2426865319137.7896,174474693186.0,8606210.0,recompute,naive,pim,gpu,846960519067.3549,1578089989950.2063,1814536809.1422594,271586.7569347513,1605.0910999989808,11.458039507516245,0.0007563316679965081,120.64017621408343,0.1191504443947767,427264.0,0.0,34,0,34,4,16896.0,8.0,512.0,8.0,0.666,replicate,dag,supervisor,True,8606210.0
LLAMA-7B,supervisor,8,wl_supervisor_D4.json,34,A3a,132.16312606211156,2420346168786.172,174474693186.0,8606210.0,recompute,naive-mask,pim,gpu,846960519067.3549,1571570840990.9094,1814536809.1422594,271586.7569347513,240.329499998736,11.458039507516245,0.0007563316679965081,119.99158098953043,0.1191504443947767,427264.0,0.0,34,0,34,4,16896.0,8.0,512.0,8.0,0.666,replicate,dag,supervisor,True,8606210.0
LLAMA-7B,supervisor,8,wl_supervisor_D4.json,34,A3b,132.87995936591898,2426865319137.7896,174474693186.0,8606210.0,recompute,naive,pim,gpu,846960519067.3549,1578089989950.2063,1814536809.1422594,271586.7569347513,1605.0910999989808,11.458039507516245,0.0007563316679965081,120.64017621408343,0.1191504443947767,427264.0,0.0,34,0,34,4,16896.0,8.0,512.0,8.0,0.666,replicate,dag,supervisor,True,8606210.0
LLAMA-7B,supervisor,8,wl_supervisor_D4.json,34,A4,132.49412113810817,2420339152760.419,174474693186.0,8417410.0,recompute,master-diff,pim,gpu,846960519067.3549,1571563836629.734,1814536809.1422594,260231.72743457954,71.96080000012729,11.458039507516245,0.0007563316679965081,120.33597617411479,0.11416876993166454,427264.0,0.0,34,0,34,4,16896.0,8.0,512.0,8.0,0.666,replicate,dag,supervisor,True,8417410.0
LLAMA-7B,supervisor,8,wl_supervisor_D4.json,34,A4b,132.39468087594176,2420339152628.477,174474693186.0,8417410.0,recompute,master-diff,pim,gpu,846960519067.3549,1571563836596.0217,1814536809.1422594,260231.72743457954,71.96080000012729,11.458039507516245,0.0007563316679965081,120.2365359117253,0.11416876993166454,427264.0,0.0,34,0,34,4,16896.0,8.0,512.0,8.0,0.666,replicate,dag,supervisor,True,8417410.0
LLAMA-7B,supervisor,8,wl_supervisor_D4.json,34,A5,78.46779101999346,1439659498385.5413,21007206978.0,9058402.0,recompute,master-diff,pim,pim,815628593508.4089,623812094573.1837,218474952.56582654,335383.48392051784,85.3446000004951,10.5817718448093,0.0007563316679965081,67.66383227357234,0.14713932153278464,270848.0,156416.0,1,33,34,4,16896.0,8.0,512.0,8.0,1.3004,mq,dag,supervisor,True,9058402.0
LLAMA-7B,supervisor,8,wl_supervisor_D4.json,34,A6,78.46779101999346,1439659498385.5413,21007206978.0,9058402.0,recompute,master-diff,pim,dynamic,815628593508.4089,623812094573.1837,218474952.56582654,335383.48392051784,85.3446000004951,10.5817718448093,0.0007563316679965081,67.66383227357234,0.14713932153278464,270848.0,156416.0,1,33,34,4,16896.0,8.0,512.0,8.0,1.3004,mq,dag,supervisor,True,9058402.0
LLAMA3-8B,C-hi,8,wl_C64.json,32,A1,1270.6213729704898,217009301720690.94,634078101504.0,6995968.0,no-reuse-physical,private,pim,gpu,4935436080405.705,212067271093783.84,6594412255.790195,133365.44542707287,,45.82107077296751,1000.3615357813919,222.26666280730365,0.05851004028603574,19021824.0,0.0,32,0,32,2,4096.0,8.0,512.0,8.0,0.666,replicate,dag,supervisor,True,6995968.0
LLAMA3-8B,C-hi,8,wl_C64.json,32,A2,180.82623748923646,3971337344792.9277,20300766904320.0,32736.0,recompute,none,gpu,gpu,3760209368987.7544,,211127975804.95322,,,113.15701447483569,,0.0,0.0,973056.0,0.0,32,0,32,2,4096.0,,,,,,dag,supervisor,,
LLAMA3-8B,C-hi,8,wl_C64.json,32,A3,242.1024479516066,3973213314485.8813,328177066016.0,6365632.0,recompute,naive,pim,gpu,1055727968989.5348,2914072107246.3145,3413041486.6213326,140667.0292037463,56160.30699996855,15.536081787525447,0.0007118415698789303,222.602002024146,0.06171338849575266,973056.0,0.0,32,0,32,2,4096.0,8.0,512.0,8.0,0.666,replicate,dag,supervisor,True,6365632.0
LLAMA3-8B,C-hi,8,wl_C64.json,32,A3a,241.61946070872068,4004231710690.151,328177066016.0,6365632.0,recompute,naive-mask,pim,gpu,1055727968989.5348,2945090558995.133,3413041486.6213326,140667.0292037463,597.8622000007315,15.536081787525447,0.0007118415698789303,224.89713702230722,0.06171338849575266,973056.0,0.0,32,0,32,2,4096.0,8.0,512.0,8.0,0.666,replicate,dag,supervisor,True,6365632.0
LLAMA3-8B,C-hi,8,wl_C64.json,32,A3b,240.70215096989782,3973437251864.58,328177066016.0,8524224.0,recompute,naive,pim,gpu,1055727968989.5348,2914295954067.7676,3413041486.6213326,231391.39758764984,56160.30699996855,15.536081787525447,0.0007118415698789303,221.16190248446827,0.10151595078781916,973056.0,0.0,32,0,32,2,4096.0,8.0,512.0,8.0,0.666,replicate,dag,supervisor,True,8524224.0
LLAMA3-8B,C-hi,8,wl_C64.json,32,A4,241.5757053566792,4004240862374.8994,328177066016.0,6474176.0,recompute,master-diff,pim,gpu,1055727968989.5348,2945099707347.235,3413041486.6213326,144374.79393992183,232.02490000034027,15.536081787525447,0.0007118415698789303,224.8700468691265,0.06334005770855347,973056.0,0.0,32,0,32,2,4096.0,8.0,512.0,8.0,0.666,replicate,dag,supervisor,True,6474176.0
LLAMA3-8B,C-hi,8,wl_C64.json,32,A4b,240.57665563715176,4004436807849.042,328177066016.0,8362944.0,recompute,master-diff,pim,gpu,1055727968989.5348,2945295573389.9717,3413041486.6213326,223758.61627845262,232.02490000034027,15.536081787525447,0.0007118415698789303,223.83616990730957,0.09816729971352398,973056.0,0.0,32,0,32,2,4096.0,8.0,512.0,8.0,0.666,replicate,dag,supervisor,True,8362944.0
LLAMA3-8B,C-hi,8,wl_C64.json,32,A5,183.58474760979922,2273390439207.737,33923571744.0,12975808.0,recompute,master-diff,pim,pim,921033475215.3931,1352003723436.38,352805146.13147825,434974.8659186737,434.01690000129963,11.99367941537259,0.0007118415698789303,171.2647449135518,0.1908320168537669,532992.0,440064.0,1,31,32,2,4096.0,8.0,512.0,8.0,1.3004,mq,dag,supervisor,True,12975808.0
LLAMA3-8B,C-hi,8,wl_C64.json,32,A6,86.99823999665087,1687376178783.7573,197377695776.0,8437824.0,recompute,master-diff,pim,dynamic,1049910595708.056,635412627706.4363,2052728036.079902,227231.30338257088,233.6553000003534,15.34198141588397,0.0007118415698789303,70.88624747946406,0.09969083575171424,965376.0,7680.0,17,15,32,2,4096.0,8.0,512.0,8.0,1.3004,mq,dag,supervisor,True,8437824.0
LLAMA3-8B,C-lo,8,wl_C16.json,32,A1,222.28230957747405,29478599911167.39,221761241088.0,6995968.0,no-reuse-physical,private,pim,gpu,2058756750340.8723,27417536710754.207,2306316907.354538,133365.44542707287,,20.22012439971074,124.76458838595333,76.49988258152521,0.05851004028603574,6438912.0,0.0,32,0,32,2,4096.0,8.0,512.0,8.0,0.666,replicate,dag,supervisor,True,6995968.0
LLAMA3-8B,C-lo,8,wl_C16.json,32,A2,66.13935256791483,1731699929737.796,7055087763456.0,32736.0,recompute,none,gpu,gpu,1658327016998.1558,,73372912739.95432,,,42.62239335639234,,0.0,0.0,383232.0,0.0,32,0,32,2,4096.0,,,,,,dag,supervisor,,
LLAMA3-8B,C-lo,8,wl_C16.json,32,A3,87.86033924858407,1753859502745.5708,120407998496.0,6365632.0,recompute,naive,pim,gpu,724865804512.6469,1027741297537.9036,1252243184.3664708,140666.94564534636,16826.41900000274,8.783077590987254,0.0007118415698789303,77.77215551684553,0.061713351837041484,383232.0,0.0,32,0,32,2,4096.0,8.0,512.0,8.0,0.666,replicate,dag,supervisor,True,6365632.0
LLAMA3-8B,C-lo,8,wl_C16.json,32,A3a,87.28346269702105,1761509435959.8064,120407998496.0,6365632.0,recompute,naive-mask,pim,gpu,724865804512.6469,1035391246974.7301,1252243184.3664708,140666.94564534636,593.9966000007573,8.783077590987254,0.0007118415698789303,78.00690008560692,0.061713351837041484,383232.0,0.0,32,0,32,2,4096.0,8.0,512.0,8.0,0.666,replicate,dag,supervisor,True,6365632.0
LLAMA3-8B,C-lo,8,wl_C16.json,32,A3b,86.5360290259756,1754083440295.0647,120407998496.0,8524224.0,recompute,naive,pim,gpu,724865804512.6469,1027965144553.3652,1252243184.3664708,231391.31402924992,16826.41900000274,8.783077590987254,0.0007118415698789303,76.40804273320015,0.10151591412910799,383232.0,0.0,32,0,32,2,4096.0,8.0,512.0,8.0,0.666,replicate,dag,supervisor,True,8524224.0
LLAMA3-8B,C-lo,8,wl_C16.json,32,A4,87.3951761900698,1761518587584.2249,120407998496.0,6474176.0,recompute,master-diff,pim,gpu,724865804512.6469,1035400395260.2473,1252243184.3664708,144374.7103815219,220.8376000002773,8.783077590987254,0.0007118415698789303,78.13564485821442,0.0633400210498423,383232.0,0.0,32,0,32,2,4096.0,8.0,512.0,8.0,0.666,replicate,dag,supervisor,True,6474176.0
LLAMA3-8B,C-lo,8,wl_C16.json,32,A4b,86.67502448391697,1761714532979.1316,120407998496.0,8362944.0,recompute,master-diff,pim,gpu,724865804512.6469,1035596261300.8949,1252243184.3664708,223758.5327200527,220.8376000002773,8.783077590987254,0.0007118415698789303,77.38066590876478,0.0981672630548128,383232.0,0.0,32,0,32,2,4096.0,8.0,512.0,8.0,0.666,replicate,dag,supervisor,True,8362944.0
LLAMA3-8B,C-lo,8,wl_C16.json,32,A5,62.62065689434407,1198997913169.6255,21038645280.0,10911424.0,recompute,master-diff,pim,pim,693668433039.7041,505110337508.69464,218801910.9078219,340512.3453986548,300.86640000040995,7.968154595090168,0.0007118415698789303,54.41722886514172,0.1493894537967492,139776.0,243456.0,1,31,32,2,4096.0,8.0,512.0,8.0,1.3004,mq,dag,supervisor,True,10911424.0
LLAMA3-8B,C-lo,8,wl_C16.json,32,A6,40.87581800986187,1068296084357.067,86245392416.0,8437824.0,recompute,master-diff,pim,dynamic,723337321819.5635,344061583070.78906,896952081.1222267,227231.21982417096,222.36000000028943,8.732065226084725,0.0007118415698789303,31.74474750172177,0.09969079909300306,375552.0,7680.0,17,15,32,2,4096.0,8.0,512.0,8.0,1.3004,mq,dag,supervisor,True,8437824.0
LLAMA3-8B,D-hi,8,wl_D4.json,64,A2,229.37607117152083,5313077707423.729,25562168950784.0,65504.0,recompute,none,gpu,gpu,5047231150336.14,,265846557088.20914,,,144.16884133554407,,0.0,0.0,1182464.0,0.0,64,0,64,4,24576.0,,,,,,dag,supervisor,,
LLAMA3-8B,D-hi,8,wl_D4.json,64,A3,310.88955286449595,5390509368401.959,422536355936.0,12739072.0,recompute,naive,pim,gpu,1664973744334.3066,3721140874836.435,4394378101.891122,281334.0306620079,89931.5954999037,21.557877084420642,0.0014236831397423223,283.30179102433266,0.12342676482482189,1182464.0,0.0,64,0,64,4,24576.0,8.0,512.0,8.0,0.666,replicate,dag,supervisor,True,12739072.0
LLAMA3-8B,D-hi,8,wl_D4.json,64,A3a,309.45447224173705,5435495549596.218,422536355936.0,12739072.0,recompute,naive-mask,pim,gpu,1664973744334.3066,3766127144480.7983,4394378101.891122,281334.0306620079,1530.3923000125803,21.557877084420642,0.0014236831397423223,286.286770568575,0.12342676482482189,1182464.0,0.0,64,0,64,4,24576.0,8.0,512.0,8.0,0.666,replicate,dag,supervisor,True,12739072.0
LLAMA3-8B,D-hi,8,wl_D4.json,64,A3b,309.1600703636208,5391026169599.49,422536355936.0,18043392.0,recompute,naive,pim,gpu,1664973744334.3066,3721657466275.097,4394378101.891122,490706.8705912562,89931.5954999037,21.557877084420642,0.0014236831397423223,281.480452545654,0.21528274191145813,1182464.0,0.0,64,0,64,4,24576.0,8.0,512.0,8.0,0.666,replicate,dag,supervisor,True,18043392.0
LLAMA3-8B,D-hi,8,wl_D4.json,64,A4,309.28817323530075,5435523004844.59,422536355936.0,13080064.0,recompute,master-diff,pim,gpu,1664973744334.3066,3766154589487.4683,4394378101.891122,292457.3248710547,576.6234000035806,21.557877084420642,0.0014236831397423223,286.1632800011414,0.12830677245962005,1182464.0,0.0,64,0,64,4,24576.0,8.0,512.0,8.0,0.666,replicate,dag,supervisor,True,13080064.0
LLAMA3-8B,D-hi,8,wl_D4.json,64,A4b,306.46128881939,5435975206300.8545,422536355936.0,17721344.0,recompute,master-diff,pim,gpu,1664973744334.3066,3766606607188.913,4394378101.891122,475658.5598046618,576.6234000035806,21.557877084420642,0.0014236831397423223,283.2560215999297,0.20868075241435188,1182464.0,0.0,64,0,64,4,24576.0,8.0,512.0,8.0,0.666,replicate,dag,supervisor,True,17721344.0
LLAMA3-8B,D-hi,8,wl_D4.json,64,A6,134.85921052442623,2846744371817.2505,356161495136.0,17796224.0,recompute,master-diff,pim,dynamic,1662015631445.0405,1181024181250.9512,3704079549.511237,479131.2469084644,578.2298000036199,21.459168717271776,0.0014236831397423223,111.9722973491189,0.21020428845259229,1174784.0,7680.0,49,15,64,4,24576.0,8.0,512.0,8.0,1.3004,mq,dag,supervisor,True,17796224.0
LLAMA3-8B,D-lo,8,wl_D1.json,16,A1,163.70131370928658,23297681017646.457,147387842560.0,3497984.0,no-reuse-physical,private,pim,gpu,1284523706500.9607,22011624411281.188,1532833562.6358078,66682.72271360242,,12.49482019012947,101.10168714584664,49.584258523001594,0.02925502014308085,4333568.0,0.0,16,0,16,1,0.0,8.0,512.0,8.0,0.666,replicate,dag,supervisor,True,3497984.0
LLAMA3-8B,D-lo,8,wl_D1.json,16,A2,42.68006531467846,1058101650784.2716,4631350476800.0,16352.0,recompute,none,gpu,gpu,1009935605825.5388,,48166044958.72406,,,27.24223039200968,,0.0,0.0,278528.0,0.0,16,0,16,1,0.0,,,,,,dag,supervisor,,
LLAMA3-8B,D-lo,8,wl_D1.json,16,A3,55.72005909843562,1056824745535.8938,76449579008.0,3178912.0,recompute,naive,pim,gpu,392183325560.38605,663846273874.5199,795075621.6794235,70333.4449151748,131.02080000034695,4.962098509819027,0.0003559207849383083,50.46536503383657,0.030856663675200534,278528.0,0.0,16,0,16,1,0.0,8.0,512.0,8.0,0.666,replicate,dag,supervisor,True,3178912.0
LLAMA3-8B,D-lo,8,wl_D1.json,16,A3a,55.72005909843562,1056824745535.8938,76449579008.0,3178912.0,recompute,naive-mask,pim,gpu,392183325560.38605,663846273874.5199,795075621.6794235,70333.4449151748,131.02080000034695,4.962098509819027,0.0003559207849383083,50.46536503383657,0.030856663675200534,278528.0,0.0,16,0,16,1,0.0,8.0,512.0,8.0,0.666,replicate,dag,supervisor,True,3178912.0
LLAMA3-8B,D-lo,8,wl_D1.json,16,A3b,55.39333268033583,1056902251429.7725,76449579008.0,3764640.0,recompute,naive,pim,gpu,392183325560.38605,663923748375.5299,795075621.6794235,101733.57752365287,131.02080000034695,4.962098509819027,0.0003559207849383083,50.124862760611805,0.044632518567859984,278528.0,0.0,16,0,16,1,0.0,8.0,512.0,8.0,0.666,replicate,dag,supervisor,True,3764640.0
LLAMA3-8B,D-lo,8,wl_D1.json,16,A4,55.70946400214129,1056824745434.7377,76449579008.0,3171232.0,recompute,master-diff,pim,gpu,392183325560.38605,663846273874.5199,795075621.6794235,70333.4449151748,28.950099999952748,4.962098509819027,0.0003559207849383083,50.459873472725846,0.030856663675200534,278528.0,0.0,16,0,16,1,0.0,8.0,512.0,8.0,0.666,replicate,dag,supervisor,True,3171232.0
LLAMA3-8B,D-lo,8,wl_D1.json,16,A4b,55.37943045245177,1056892563109.7325,76449579008.0,3683744.0,recompute,master-diff,pim,gpu,392183325560.38605,663914064073.6337,795075621.6794235,97808.5609477518,28.950099999952748,4.962098509819027,0.0003559207849383083,50.11778604990523,0.04291053670609875,278528.0,0.0,16,0,16,1,0.0,8.0,512.0,8.0,0.666,replicate,dag,supervisor,True,3683744.0
LLAMA3-8B,D-lo,8,wl_D1.json,16,A5,19.048416431468958,499559217046.158,10074718208.0,3758624.0,recompute,master-diff,pim,pim,389225212671.1604,110229126009.79578,104777069.36201872,101281.24805181746,30.210099999949847,4.8633901426705615,0.0003559207849383083,14.105143396314565,0.0444340727442639,270848.0,7680.0,1,15,16,1,0.0,8.0,512.0,8.0,1.3004,mq,dag,supervisor,True,3758624.0
LLAMA3-8B,D-lo,8,wl_D1.json,16,A6,19.048416431468958,499559217046.158,10074718208.0,3758624.0,recompute,master-diff,pim,dynamic,389225212671.1604,110229126009.79578,104777069.36201872,101281.24805181746,30.210099999949847,4.8633901426705615,0.0003559207849383083,14.105143396314565,0.0444340727442639,270848.0,7680.0,1,15,16,1,0.0,8.0,512.0,8.0,1.3004,mq,dag,supervisor,True,3758624.0
LLAMA3-8B,N-hi,8,wl_N64.json,128,A2,636.1232997939993,13758634454520.828,72372614856704.0,131040.0,recompute,none,gpu,gpu,13005959260016.52,,752675194509.8212,,,394.8812502716789,,0.0,0.0,1900800.0,0.0,128,0,128,2,16384.0,,,,,,dag,supervisor,,
LLAMA3-8B,N-lo,8,wl_N4.json,8,A1,91.43296735402701,13008065399504.69,76915146752.0,1855488.0,no-reuse-physical,private,pim,gpu,794248825853.7435,12213016622722.545,799917526.2189045,33341.36135686722,,8.13527389710837,56.474991883017964,26.551690244031743,0.014627510071595646,2265088.0,0.0,8,0,8,2,1024.0,8.0,512.0,8.0,0.666,replicate,dag,supervisor,True,1855488.0
LLAMA3-8B,N-lo,8,wl_N4.json,8,A2,25.21128024562849,748395094843.0714,2453651062784.0,8416.0,recompute,none,gpu,gpu,722877123790.113,,25517971052.953377,,,17.03244336968093,,0.0,0.0,341760.0,0.0,8,0,8,2,1024.0,,,,,,dag,supervisor,,
LLAMA3-8B,N-lo,8,wl_N4.json,8,A3,32.82675385040439,753188801045.5616,40921731592.0,1697832.0,recompute,naive,pim,gpu,392751869856.6157,360011306351.7342,425586008.5549111,35166.73815210089,3679.014399998727,5.1910436341094215,0.00017796039246865784,27.29974742546124,0.015428338723155433,341760.0,0.0,8,0,8,2,1024.0,8.0,512.0,8.0,0.666,replicate,dag,supervisor,True,1697832.0
LLAMA3-8B,N-lo,8,wl_N4.json,8,A3a,32.74952899565318,754330580999.1399,40921731592.0,1697832.0,recompute,naive-mask,pim,gpu,392751869856.6157,361153089849.53406,425586008.5549111,35166.73815210089,120.40959999995475,5.1910436341094215,0.00017796039246865784,27.400452810743325,0.015428338723155433,341760.0,0.0,8,0,8,2,1024.0,8.0,512.0,8.0,0.666,replicate,dag,supervisor,True,1697832.0
LLAMA3-8B,N-lo,8,wl_N4.json,8,A3b,32.569119067539695,753244785471.8107,40921731592.0,2237480.0,recompute,naive,pim,gpu,392751869856.6157,360067268095.8662,425586008.5549111,57847.83024799414,3679.014399998727,5.1910436341094215,0.00017796039246865784,27.032162001917868,0.025378979295882946,341760.0,0.0,8,0,8,2,1024.0,8.0,512.0,8.0,0.666,replicate,dag,supervisor,True,2237480.0
LLAMA3-8B,N-lo,8,wl_N4.json,8,A4,32.65767680640471,754332868889.7667,40921731592.0,1724968.0,recompute,master-diff,pim,gpu,392751869856.6157,361155376918.0185,425586008.5549111,36093.67933603668,30.175999999966955,5.1910436341094215,0.00017796039246865784,27.3127056340345,0.015835006026289563,341760.0,0.0,8,0,8,2,1024.0,8.0,512.0,8.0,0.666,replicate,dag,supervisor,True,1724968.0
LLAMA3-8B,N-lo,8,wl_N4.json,8,A4b,32.53229856246033,754381855281.9963,40921731592.0,2197160.0,recompute,master-diff,pim,gpu,392751869856.6157,361204343444.68884,425586008.5549111,55939.6349199342,30.175999999966955,5.1910436341094215,0.00017796039246865784,27.17862057952425,0.024541816527413697,341760.0,0.0,8,0,8,2,1024.0,8.0,512.0,8.0,0.666,replicate,dag,supervisor,True,2197160.0
LLAMA3-8B,N-lo,8,wl_N4.json,8,A5,21.607261879373226,523800432735.48486,9453965832.0,2940072.0,recompute,master-diff,pim,pim,382486085623.18097,141215935851.72812,98321244.65237752,89966.62080174008,51.79800000007104,4.925673333526845,0.00017796039246865784,16.607837342155523,0.03947012354403331,270848.0,70912.0,1,7,8,2,1024.0,8.0,512.0,8.0,1.3004,mq,dag,supervisor,True,2940072.0
LLAMA3-8B,N-lo,8,wl_N4.json,8,A6,14.501269655173248,479516763067.6244,27646759432.0,2212136.0,recompute,master-diff,pim,dynamic,392160247278.7718,87068932832.3211,287526298.0918887,56634.17234073159,30.474399999965716,5.171301960679729,0.00017796039246865784,9.211263625607401,0.024846523735049225,340224.0,1536.0,5,3,8,2,1024.0,8.0,512.0,8.0,1.3004,mq,dag,supervisor,True,2212136.0
LLAMA3-8B,baseline,8,wl_baseline_alltoall_N16_C32_D2.json,32,A1,475.6383764188702,72032647114914.88,359200194560.0,6995968.0,no-reuse-physical,private,pim,gpu,3017831591160.9727,69011079721249.26,3735682023.4788604,133365.44542707287,,28.846955957068662,321.0410633033591,124.49451312039379,0.05851004028603574,10633216.0,0.0,32,0,32,2,4096.0,8.0,512.0,8.0,0.666,replicate,dag,supervisor,True,6995968.0
LLAMA3-8B,baseline,8,wl_baseline_alltoall_N16_C32_D2.json,32,A2,103.7619792682093,2455644809413.0225,11470314143744.0,32736.0,recompute,none,gpu,gpu,2336353542318.3003,,119291267094.95645,,,65.52759878907756,,0.0,0.0,579840.0,0.0,32,0,32,2,4096.0,,,,,,dag,supervisor,,
LLAMA3-8B,baseline,8,wl_baseline_alltoall_N16_C32_D2.json,32,A3,139.0885467146569,2480259348699.2256,189664354336.0,6365632.0,recompute,naive,pim,gpu,815323701002.035,1662962967596.9258,1972509285.1024587,140666.97349814634,30107.109900023817,10.465240681759171,0.0007118415698789303,126.42331081244079,0.061713364056611895,579840.0,0.0,32,0,32,2,4096.0,8.0,512.0,8.0,0.666,replicate,dag,supervisor,True,6365632.0
LLAMA3-8B,baseline,8,wl_baseline_alltoall_N16_C32_D2.json,32,A3a,138.66581048112437,2495749515379.9297,189664354336.0,6365632.0,recompute,naive-mask,pim,gpu,815323701002.035,1678453163805.8801,1972509285.1024587,140666.97349814634,594.8667000007682,10.465240681759171,0.0007118415698789303,127.47618674041377,0.061713364056611895,579840.0,0.0,32,0,32,2,4096.0,8.0,512.0,8.0,0.666,replicate,dag,supervisor,True,6365632.0
LLAMA3-8B,baseline,8,wl_baseline_alltoall_N16_C32_D2.json,32,A3b,138.5627700312775,2480483286238.367,189664354336.0,8524224.0,recompute,naive,pim,gpu,815323701002.035,1663186814573.517,1972509285.1024587,231391.3418820499,30107.109900023817,10.465240681759171,0.0007118415698789303,125.8577315708193,0.10151592634867834,579840.0,0.0,32,0,32,2,4096.0,8.0,512.0,8.0,0.666,replicate,dag,supervisor,True,8524224.0
LLAMA3-8B,baseline,8,wl_baseline_alltoall_N16_C32_D2.json,32,A4,138.83900705501122,2495758667048.973,189664354336.0,6474176.0,recompute,master-diff,pim,gpu,815323701002.035,1678462312125.5308,1972509285.1024587,144374.73823432188,224.83150000029664,10.465240681759171,0.0007118415698789303,127.66625840478314,0.0633400332694127,579840.0,0.0,32,0,32,2,4096.0,8.0,512.0,8.0,0.666,replicate,dag,supervisor,True,6474176.0
LLAMA3-8B,baseline,8,wl_baseline_alltoall_N16_C32_D2.json,32,A4b,137.78331089918893,2495954612395.817,189664354336.0,8362944.0,recompute,master-diff,pim,gpu,815323701002.035,1678658178107.665,1972509285.1024587,223758.56057285267,224.83150000029664,10.465240681759171,0.0007118415698789303,126.57573500787585,0.09816727527438315,579840.0,0.0,32,0,32,2,4096.0,8.0,512.0,8.0,0.666,replicate,dag,supervisor,True,8362944.0
LLAMA3-8B,baseline,8,wl_baseline_alltoall_N16_C32_D2.json,32,A5,97.05125945024749,1510613483900.8586,25333620768.0,11599552.0,recompute,master-diff,pim,pim,757054981045.3167,753294660942.323,263469655.98224542,371999.85223724146,340.01870000045477,8.954316351518543,0.0007118415698789303,87.83158127409249,0.1632036414827699,270848.0,308992.0,1,31,32,2,4096.0,8.0,512.0,8.0,1.3004,mq,dag,supervisor,True,11599552.0
LLAMA3-8B,baseline,8,wl_baseline_alltoall_N16_C32_D2.json,32,A6,56.36195426029589,1261322103629.6697,123289493536.0,8437824.0,recompute,master-diff,pim,dynamic,812365588112.8701,447674077416.20355,1282210732.7850597,227231.24767697093,226.4499000003077,10.366532314610286,0.0007118415698789303,45.47273181855687,0.09969081131257342,572160.0,7680.0,17,15,32,2,4096.0,8.0,512.0,8.0,1.3004,mq,dag,supervisor,True,8437824.0
LLAMA3-8B,broadcast,8,wl_broadcast.json,17,A1,180.7974826536553,25534233435265.805,156599582720.0,3809792.0,no-reuse-physical,private,pim,gpu,1478324341193.864,24054280387946.66,1628635660.299687,70850.39288319432,,14.699242118201084,111.10241728660434,54.442741170212905,0.03108345890201553,4604416.0,0.0,17,0,17,2,4096.0,8.0,512.0,8.0,0.666,replicate,dag,supervisor,True,3809792.0
LLAMA3-8B,broadcast,8,wl_broadcast.json,17,A2,47.823012735573414,1253435548236.452,5058785705984.0,17600.0,recompute,none,gpu,gpu,1200824176894.2825,,52611371342.238556,,,30.960393715624853,,0.0,0.0,283136.0,0.0,17,0,17,2,4096.0,,,,,,dag,supervisor,,
LLAMA3-8B,broadcast,8,wl_broadcast.json,17,A3,63.7204208003857,1275520456200.6643,83408994848.0,3426272.0,recompute,naive,pim,gpu,526617839034.1454,748035090075.426,867453546.415431,72647.29027199335,901.7598999989352,6.631442794442133,0.00037816583399709715,56.73361006872411,0.03187179307852681,283136.0,0.0,17,0,17,2,4096.0,8.0,512.0,8.0,0.666,replicate,dag,supervisor,True,3426272.0
LLAMA3-8B,broadcast,8,wl_broadcast.json,17,A3a,63.35703552660401,1271790629373.05,83408994848.0,3426272.0,recompute,naive-mask,pim,gpu,526617839034.1454,744305263975.426,867453546.415431,72647.29027199335,171.9551000002757,6.631442794442133,0.00037816583399709715,56.40671503472523,0.03187179307852681,283136.0,0.0,17,0,17,2,4096.0,8.0,512.0,8.0,0.666,replicate,dag,supervisor,True,3426272.0
LLAMA3-8B,broadcast,8,wl_broadcast.json,17,A3b,63.35747209263739,1275671464029.11,83408994848.0,5064672.0,recompute,naive,pim,gpu,526617839034.1454,748186036714.2645,867453546.415431,133825.4084166907,901.7598999989352,6.631442794442133,0.00037816583399709715,56.34382131879172,0.05871183508301856,283136.0,0.0,17,0,17,2,4096.0,8.0,512.0,8.0,0.666,replicate,dag,supervisor,True,5064672.0
LLAMA3-8B,broadcast,8,wl_broadcast.json,17,A4,63.43335174121033,1271799781249.4297,83408994848.0,3549184.0,recompute,master-diff,pim,gpu,526617839034.1454,744314412269.6719,867453546.415431,76355.0550080748,42.54719999994045,6.631442794442133,0.00037816583399709715,56.48787497502885,0.03349846229094971,283136.0,0.0,17,0,17,2,4096.0,8.0,512.0,8.0,0.666,replicate,dag,supervisor,True,3549184.0
LLAMA3-8B,broadcast,8,wl_broadcast.json,17,A4b,63.164950855089685,1271931913102.451,83408994848.0,4982784.0,recompute,master-diff,pim,gpu,526617839034.1454,744446490572.6943,867453546.415431,129885.9083845392,42.54719999994045,6.631442794442133,0.00037816583399709715,56.19598905206327,0.05698349904512577,283136.0,0.0,17,0,17,2,4096.0,8.0,512.0,8.0,0.666,replicate,dag,supervisor,True,4982784.0
LLAMA3-8B,broadcast,8,wl_broadcast.json,17,A5,25.23353013446556,686346671519.6366,10562322976.0,5109760.0,recompute,master-diff,pim,pim,522833152629.2456,163403534909.6108,109848158.94905075,135789.8106950676,45.09239999993714,6.512063675486612,0.00037816583399709715,18.624052273528296,0.05957365694487276,270848.0,12288.0,1,16,17,2,4096.0,8.0,512.0,8.0,1.3004,mq,dag,supervisor,True,5109760.0
LLAMA3-8B,broadcast,8,wl_broadcast.json,17,A6,25.23353013446556,686346671519.6366,10562322976.0,5109760.0,recompute,master-diff,pim,dynamic,522833152629.2456,163403534909.6108,109848158.94905075,135789.8106950676,45.09239999993714,6.512063675486612,0.00037816583399709715,18.624052273528296,0.05957365694487276,270848.0,12288.0,1,16,17,2,4096.0,8.0,512.0,8.0,1.3004,mq,dag,supervisor,True,5109760.0
LLAMA3-8B,k-hi,32,wl_baseline_alltoall_N16_C32_D2.json,32,A1,475.6383764188702,72032647114914.88,359200194560.0,6995968.0,no-reuse-physical,private,pim,gpu,3017831591160.9727,69011079721249.26,3735682023.4788604,133365.44542707287,,28.846955957068662,321.0410633033591,124.49451312039379,0.05851004028603574,10633216.0,0.0,32,0,32,2,4096.0,8.0,512.0,8.0,0.666,replicate,dag,supervisor,True,6995968.0
LLAMA3-8B,k-hi,32,wl_baseline_alltoall_N16_C32_D2.json,32,A2,107.04221218077838,2648575704600.3013,11470314143744.0,32736.0,recompute,none,gpu,gpu,2529284437505.4507,,119291267094.95596,,,68.80783170164813,,0.0,0.0,1065984.0,0.0,32,0,32,2,4096.0,,,,,,dag,supervisor,,
LLAMA3-8B,k-hi,32,wl_baseline_alltoall_N16_C32_D2.json,32,A3,143.16981633012708,2663222041767.6646,193646845984.0,6365632.0,recompute,naive,pim,gpu,1008254596188.6223,1652953332282.2864,2013927198.2416825,140666.97349814634,45461.52930002467,13.745473594333292,0.0007118415698789303,126.44335157273629,0.061713364056611895,1065984.0,0.0,32,0,32,2,4096.0,8.0,512.0,8.0,0.666,replicate,dag,supervisor,True,6365632.0
LLAMA3-8B,k-hi,32,wl_baseline_alltoall_N16_C32_D2.json,32,A3a,147.3377332147451,2755706460542.8,193646845984.0,6365632.0,recompute,naive-mask,pim,gpu,1008254596188.6223,1745437795860.4573,2013927198.2416825,140666.97349814634,594.9181000007661,13.745473594333292,0.0007118415698789303,132.8545990186694,0.061713364056611895,1065984.0,0.0,32,0,32,2,4096.0,8.0,512.0,8.0,0.666,replicate,dag,supervisor,True,6365632.0
LLAMA3-8B,k-hi,32,wl_baseline_alltoall_N16_C32_D2.json,32,A3b,141.3622423856685,2663445979606.1895,193646845984.0,8524224.0,recompute,naive,pim,gpu,1008254596188.6223,1653177179199.2996,2013927198.2416825,231391.3418820499,45461.52930002467,13.745473594333292,0.0007118415698789303,124.5959750710568,0.10151592634867834,1065984.0,0.0,32,0,32,2,4096.0,8.0,512.0,8.0,0.666,replicate,dag,supervisor,True,8524224.0
LLAMA3-8B,k-hi,32,wl_baseline_alltoall_N16_C32_D2.json,32,A4,147.37716617287995,2755715612168.237,193646845984.0,6474176.0,recompute,master-diff,pim,gpu,1008254596188.6223,1745446944204.0881,2013927198.2416825,144374.73823432188,225.215500000302,13.745473594333292,0.0007118415698789303,132.91089043920354,0.0633400332694127,1065984.0,0.0,32,0,32,2,4096.0,8.0,512.0,8.0,0.666,replicate,dag,supervisor,True,6474176.0
LLAMA3-8B,k-hi,32,wl_baseline_alltoall_N16_C32_D2.json,32,A4b,146.32147001693144,2755911557546.453,193646845984.0,8362944.0,recompute,master-diff,pim,gpu,1008254596188.6223,1745642810182.812,2013927198.2416825,223758.56057285267,225.215500000302,13.745473594333292,0.0007118415698789303,131.82036704112525,0.09816727527438315,1065984.0,0.0,32,0,32,2,4096.0,8.0,512.0,8.0,0.666,replicate,dag,supervisor,True,8362944.0
LLAMA3-8B,k-hi,32,wl_baseline_alltoall_N16_C32_D2.json,32,A5,179.31473728976692,2231956605728.034,41263587360.0,16704064.0,recompute,master-diff,pim,pim,865882193014.178,1365644665055.632,429141308.5390374,605572.9873947713,578.8474999991142,9.956046193659672,0.0007118415698789303,168.925814820767,0.2656767633904467,270848.0,795136.0,1,31,32,2,4096.0,8.0,512.0,8.0,1.3004,mq,dag,supervisor,True,16704064.0
LLAMA3-8B,k-hi,32,wl_baseline_alltoall_N16_C32_D2.json,32,A6,64.90011337874566,1521279048802.636,127271985184.0,8437824.0,recompute,master-diff,pim,dynamic,1005296483299.3958,514658709491.1186,1323628645.924269,227231.24767697093,226.83390000031315,13.646765227184806,0.0007118415698789303,50.71736385188262,0.09969081131257342,1058304.0,7680.0,17,15,32,2,4096.0,8.0,512.0,8.0,1.3004,mq,dag,supervisor,True,8437824.0
LLAMA3-8B,k-lo,2,wl_baseline_alltoall_N16_C32_D2.json,32,A1,475.6383764188702,72032647114914.88,359200194560.0,6995968.0,no-reuse-physical,private,pim,gpu,3017831591160.9727,69011079721249.26,3735682023.4788604,133365.44542707287,,28.846955957068662,321.0410633033591,124.49451312039379,0.05851004028603574,10633216.0,0.0,32,0,32,2,4096.0,8.0,512.0,8.0,0.666,replicate,dag,supervisor,True,6995968.0
LLAMA3-8B,k-lo,2,wl_baseline_alltoall_N16_C32_D2.json,32,A2,103.00604624616022,2407694559994.9116,11470314143744.0,32736.0,recompute,none,gpu,gpu,2288403292900.2314,,119291267094.9567,,,64.77166576703105,,0.0,0.0,458304.0,0.0,32,0,32,2,4096.0,,,,,,dag,supervisor,,
LLAMA3-8B,k-lo,2,wl_baseline_alltoall_N16_C32_D2.json,32,A3,137.57931435347945,2435067549843.4775,188668731424.0,6365632.0,recompute,naive,pim,gpu,767373451584.9124,1665731792666.4612,1962154806.8176765,140666.97349814634,10116.018999996462,9.709307659708601,0.0007118415698789303,126.67288476354103,0.061713364056611895,458304.0,0.0,32,0,32,2,4096.0,8.0,512.0,8.0,0.666,replicate,dag,supervisor,True,6365632.0
LLAMA3-8B,k-lo,2,wl_baseline_alltoall_N16_C32_D2.json,32,A3a,136.47347856727376,2428302473094.473,188668731424.0,6365632.0,recompute,naive-mask,pim,gpu,767373451584.9124,1658966725404.3948,1962154806.8176765,140666.97349814634,594.4574000007701,9.709307659708601,0.0007118415698789303,126.04312705590354,0.061713364056611895,458304.0,0.0,32,0,32,2,4096.0,8.0,512.0,8.0,0.666,replicate,dag,supervisor,True,6365632.0
LLAMA3-8B,k-lo,2,wl_baseline_alltoall_N16_C32_D2.json,32,A3b,136.21245866823975,2435291487417.3257,188668731424.0,8524224.0,recompute,naive,pim,gpu,767373451584.9124,1665955639533.437,1962154806.8176765,231391.3418820499,10116.018999996462,9.709307659708601,0.0007118415698789303,125.26622651351921,0.10151592634867834,458304.0,0.0,32,0,32,2,4096.0,8.0,512.0,8.0,0.666,replicate,dag,supervisor,True,8524224.0
LLAMA3-8B,k-lo,2,wl_baseline_alltoall_N16_C32_D2.json,32,A4,136.5799788313396,2428311624725.5635,188668731424.0,6474176.0,recompute,master-diff,pim,gpu,767373451584.9124,1658975873699.4473,1962154806.8176765,144374.73823432188,224.75470000029424,9.709307659708601,0.0007118415698789303,126.16648578574085,0.0633400332694127,458304.0,0.0,32,0,32,2,4096.0,8.0,512.0,8.0,0.666,replicate,dag,supervisor,True,6474176.0
LLAMA3-8B,k-lo,2,wl_baseline_alltoall_N16_C32_D2.json,32,A4b,135.52428267552784,2428507570063.7744,188668731424.0,8362944.0,recompute,master-diff,pim,gpu,767373451584.9124,1659171739682.6597,1962154806.8176765,223758.56057285267,224.75470000029424,9.709307659708601,0.0007118415698789303,125.07596238879452,0.09816727527438315,458304.0,0.0,32,0,32,2,4096.0,8.0,512.0,8.0,0.666,replicate,dag,supervisor,True,8362944.0
LLAMA3-8B,k-lo,2,wl_baseline_alltoall_N16_C32_D2.json,32,A5,77.69932757589298,1337262380146.0242,21351129120.0,10323424.0,recompute,master-diff,pim,pim,730014493279.7627,607025521345.7899,222051742.84304553,313606.5684540301,280.60350000038693,8.696122938589532,0.0007118415698789303,68.7797068243859,0.13758536100348373,270848.0,187456.0,1,31,32,2,4096.0,8.0,512.0,8.0,1.3004,mq,dag,supervisor,True,10323424.0
LLAMA3-8B,k-lo,2,wl_baseline_alltoall_N16_C32_D2.json,32,A6,54.10292603551982,1193875061315.6812,122293870624.0,8437824.0,recompute,master-diff,pim,dynamic,764415338695.7474,428187638997.4868,1271856254.5002637,227231.24767697093,226.37310000030521,9.610599292559714,0.0007118415698789303,43.972959199073735,0.09969081131257342,450624.0,7680.0,17,15,32,2,4096.0,8.0,512.0,8.0,1.3004,mq,dag,supervisor,True,8437824.0
LLAMA3-8B,pipeline,8,wl_pipeline_D4.json,4,A1,48.54678185535021,6527897678319.315,36846960640.0,1247232.0,no-reuse-physical,private,pim,gpu,775202538757.5295,5752311914495.998,383208390.6551809,16670.680678384495,,8.817687712290882,26.543092621622666,13.05586456367699,0.00731375503580008,1083392.0,0.0,4,0,4,4,1536.0,8.0,512.0,8.0,0.666,replicate,dag,supervisor,True,1247232.0
LLAMA3-8B,pipeline,8,wl_pipeline_D4.json,4,A2,17.845383639068455,796151621475.3752,1209578553344.0,4960.0,recompute,none,gpu,gpu,783572004520.5941,,12579616954.777504,,,13.813455127921543,,0.0,0.0,273152.0,0.0,4,0,4,4,1536.0,,,,,,dag,supervisor,,
LLAMA3-8B,pipeline,8,wl_pipeline_D4.json,4,A3,21.680724548939462,794777489372.1011,19920850022.0,1233030.0,recompute,naive,pim,gpu,617766248640.2991,176804048320.82562,207176840.2282212,15501.319514782332,73.72800000009026,7.935639329463787,8.898019623439049e-05,13.668106272596068,0.00680073332637593,273152.0,0.0,4,0,4,4,1536.0,8.0,512.0,8.0,0.666,replicate,dag,supervisor,True,1233030.0
LLAMA3-8B,pipeline,8,wl_pipeline_D4.json,4,A3a,21.688712219990954,794891667703.2719,19920850022.0,1233030.0,recompute,naive-mask,pim,gpu,617766248640.2991,176918226670.98358,207176840.2282212,15501.319514782332,54.88640000008442,7.935639329463787,8.898019623439049e-05,13.677036023634587,0.00680073332637593,273152.0,0.0,4,0,4,4,1536.0,8.0,512.0,8.0,0.666,replicate,dag,supervisor,True,1233030.0
LLAMA3-8B,pipeline,8,wl_pipeline_D4.json,4,A3b,21.34418078011621,794795793353.022,19920850022.0,1495174.0,recompute,naive,pim,gpu,617766248640.2991,176822344879.8597,207176840.2282212,22916.848986838726,73.72800000009026,7.935639329463787,8.898019623439049e-05,13.328309165414643,0.010054071751198063,273152.0,0.0,4,0,4,4,1536.0,8.0,512.0,8.0,0.666,replicate,dag,supervisor,True,1495174.0
LLAMA3-8B,pipeline,8,wl_pipeline_D4.json,4,A4,21.676217604280755,794879655679.1162,19920850022.0,1059078.0,recompute,master-diff,pim,gpu,617766248640.2991,176906219553.11343,207176840.2282212,10634.8782987968,16.230400000004114,7.935639329463787,8.898019623439049e-05,13.668609211219493,0.004665729985084582,273152.0,0.0,4,0,4,4,1536.0,8.0,512.0,8.0,0.666,replicate,dag,supervisor,True,1059078.0
LLAMA3-8B,pipeline,8,wl_pipeline_D4.json,4,A4b,21.50231150788972,794895671669.1497,19920850022.0,1288454.0,recompute,master-diff,pim,gpu,617766248640.2991,176922229043.52148,207176840.2282212,17123.46658678752,16.230400000004114,7.935639329463787,8.898019623439049e-05,13.491856443772493,0.007512401106805764,273152.0,0.0,4,0,4,4,1536.0,8.0,512.0,8.0,0.666,replicate,dag,supervisor,True,1288454.0
LLAMA3-8B,pipeline,8,wl_pipeline_D4.json,4,A5,13.058242674681736,666660335094.3656,5859445862.0,1312262.0,recompute,master-diff,pim,pim,617035829508.4456,49563549103.328026,60938236.964833125,18230.44826999713,16.906000000002315,7.912599924628707,8.898019623439049e-05,5.117178927949304,0.007998055713011487,270848.0,2304.0,1,3,4,4,1536.0,8.0,512.0,8.0,1.3004,mq,dag,supervisor,True,1312262.0
LLAMA3-8B,pipeline,8,wl_pipeline_D4.json,4,A6,13.058242674681736,666660335094.3656,5859445862.0,1312262.0,recompute,master-diff,pim,dynamic,617035829508.4456,49563549103.328026,60938236.964833125,18230.44826999713,16.906000000002315,7.912599924628707,8.898019623439049e-05,5.117178927949304,0.007998055713011487,270848.0,2304.0,1,3,4,4,1536.0,8.0,512.0,8.0,1.3004,mq,dag,supervisor,True,1312262.0
LLAMA3-8B,private,8,wl_private.json,32,A1,475.6383764188702,72032647114914.88,359200194560.0,6995968.0,no-reuse-physical,private,pim,gpu,3017831591160.9727,69011079721249.26,3735682023.4788604,133365.44542707287,,28.846955957068662,321.0410633033591,124.49451312039379,0.05851004028603574,10633216.0,0.0,32,0,32,2,4096.0,8.0,512.0,8.0,0.666,replicate,dag,supervisor,True,6995968.0
LLAMA3-8B,private,8,wl_private.json,32,A2,151.61960578562625,5438854782058.463,11470314143744.0,32736.0,recompute,none,gpu,gpu,5319563514964.881,,119291267094.95645,,,113.38522530648046,,0.0,0.0,8575232.0,0.0,32,0,32,2,4096.0,,,,,,dag,supervisor,,
LLAMA3-8B,private,8,wl_private.json,32,A3,187.12779406957245,5460915423832.213,255162605600.0,6364320.0,recompute,naive,pim,gpu,3798533673657.6587,1659727914357.3884,2653691098.2949667,140666.97349814634,3793.996099997993,58.32286719923216,0.0007118415698789303,127.70225983979756,0.061713364056611895,8575232.0,0.0,32,0,32,2,4096.0,8.0,512.0,8.0,0.666,replicate,dag,supervisor,True,6364320.0
LLAMA3-8B,private,8,wl_private.json,32,A3a,186.89622357022913,5460154231600.047,255162605600.0,6364320.0,recompute,naive-mask,pim,gpu,3798533673657.6587,1658966725343.3455,2653691098.2949667,140666.97349814634,581.0937000022279,58.32286719923216,0.0007118415698789303,127.6313344664227,0.061713364056611895,8575232.0,0.0,32,0,32,2,4096.0,8.0,512.0,8.0,0.666,replicate,dag,supervisor,True,6364320.0
LLAMA3-8B,private,8,wl_private.json,32,A3b,184.69249225199795,5461135071050.344,255162605600.0,8985760.0,recompute,naive,pim,gpu,3798533673657.6587,1659947473125.653,2653691098.2949667,229653.32716210495,3793.996099997993,58.32286719923216,0.0007118415698789303,125.22791796989429,0.10075342515537522,8575232.0,0.0,32,0,32,2,4096.0,8.0,512.0,8.0,0.666,replicate,dag,supervisor,True,8985760.0
LLAMA3-8B,private,8,wl_private.json,32,A4,186.90111614596407,5460163383259.598,255162605600.0,6474176.0,recompute,master-diff,pim,gpu,3798533673657.6587,1658975873638.0105,2653691098.2949667,144374.73823432188,207.46180000000857,58.32286719923216,0.0007118415698789303,127.65328197133809,0.0633400332694127,8575232.0,0.0,32,0,32,2,4096.0,8.0,512.0,8.0,0.666,replicate,dag,supervisor,True,6474176.0
LLAMA3-8B,private,8,wl_private.json,32,A4b,184.5026356486643,5460355574427.037,255162605600.0,8767936.0,recompute,master-diff,pim,gpu,3798533673657.6587,1659167987598.086,2653691098.2949667,222237.7976928694,207.46180000000857,58.32286719923216,0.0007118415698789303,125.22064140595783,0.09750008673022656,8575232.0,0.0,32,0,32,2,4096.0,8.0,512.0,8.0,0.666,replicate,dag,supervisor,True,8767936.0
LLAMA3-8B,private,8,wl_private.json,32,A5,1114.5853499782938,11038815651961.033,287326625824.0,93990080.0,recompute,master-diff,pim,pim,2572690774498.163,8463132576264.159,2988196908.6245637,4100718.584765073,3510.19659998122,25.423039983338988,0.0007118415698789303,1086.2292672307603,1.7990657835869073,270848.0,8304384.0,1,31,32,2,4096.0,8.0,512.0,8.0,1.3004,mq,dag,supervisor,True,93990080.0
LLAMA3-8B,private,8,wl_private.json,32,A6,174.6557314640902,5307963262617.581,255162605600.0,8767936.0,recompute,master-diff,pim,dynamic,3798533673657.6587,1506775676005.1213,2653691098.2949667,222237.7976928694,207.46180000000857,58.32286719923216,0.0007118415698789303,115.37373720673426,0.09750008673022656,8575232.0,0.0,32,0,32,2,4096.0,8.0,512.0,8.0,1.3004,mq,dag,supervisor,True,8767936.0
LLAMA3-8B,reduce,8,wl_reduce.json,17,A1,184.61013365521725,26457021412265.934,160626114560.0,3809792.0,no-reuse-physical,private,pim,gpu,1506373352324.203,24948977477997.04,1670511591.4365509,70850.39288319432,,14.940324341756135,114.83715601545458,54.26614943603589,0.03108345890201553,4727296.0,0.0,17,0,17,2,256.0,8.0,512.0,8.0,0.666,replicate,dag,supervisor,True,3809792.0
LLAMA3-8B,reduce,8,wl_reduce.json,17,A2,48.68176706511133,1304128903999.6362,5058785705984.0,17600.0,recompute,none,gpu,gpu,1251517532657.421,,52611371342.23859,,,31.819148045162482,,0.0,0.0,410368.0,0.0,17,0,17,2,256.0,,,,,,dag,supervisor,,
LLAMA3-8B,reduce,8,wl_reduce.json,17,A3,63.096372887426654,1304193933146.9294,84451264002.0,3508130.0,recompute,naive,pim,gpu,577312322226.4459,726003242640.8636,878293145.616785,74729.29045161052,381.0528000003263,7.4901971239872704,0.00037816583399709715,55.27245553646292,0.03278520744903875,410368.0,0.0,17,0,17,2,256.0,8.0,512.0,8.0,0.666,replicate,dag,supervisor,True,3508130.0
LLAMA3-8B,reduce,8,wl_reduce.json,17,A3a,63.19739377666334,1305449894788.9917,84451264002.0,3508130.0,recompute,naive-mask,pim,gpu,577312322226.4459,727259204498.6449,878293145.616785,74729.29045161052,173.00160000028288,7.4901971239872704,0.00037816583399709715,55.383878985688106,0.03278520744903875,410368.0,0.0,17,0,17,2,256.0,8.0,512.0,8.0,0.666,replicate,dag,supervisor,True,3508130.0
LLAMA3-8B,reduce,8,wl_reduce.json,17,A3b,62.72069365848948,1304280591036.808,84451264002.0,4224930.0,recompute,naive,pim,gpu,577312322226.4459,726089865429.8737,878293145.616785,109837.18779614492,381.0528000003263,7.4901971239872704,0.00037816583399709715,54.88137378320438,0.04818773155408316,410368.0,0.0,17,0,17,2,256.0,8.0,512.0,8.0,0.666,replicate,dag,supervisor,True,4224930.0
LLAMA3-8B,reduce,8,wl_reduce.json,17,A4,63.189977727438894,1305445890654.274,84451264002.0,3442178.0,recompute,master-diff,pim,gpu,577312322226.4459,727255202124.6449,878293145.616785,73107.14337965293,38.26820000003241,7.4901971239872704,0.00037816583399709715,55.38391127450977,0.032073539668616764,410368.0,0.0,17,0,17,2,256.0,8.0,512.0,8.0,0.666,replicate,dag,supervisor,True,3442178.0
LLAMA3-8B,reduce,8,wl_reduce.json,17,A4b,62.79833426442758,1305517712323.2688,84451264002.0,4012034.0,recompute,master-diff,pim,gpu,577312322226.4459,727326994695.7587,878293145.616785,102204.40648418752,38.26820000003241,7.4901971239872704,0.00037816583399709715,54.9795022706081,0.044839080479936955,410368.0,0.0,17,0,17,2,256.0,8.0,512.0,8.0,0.666,replicate,dag,supervisor,True,4012034.0
LLAMA3-8B,reduce,8,wl_reduce.json,17,A5,41.427101898371056,813398388738.9425,14731445762.0,5471106.0,recompute,master-diff,pim,pim,551280293336.2579,261964719303.3076,153207035.92338306,169021.0454608486,68.06060000001726,6.773569282761366,0.00037816583399709715,34.52649374886365,0.07415285231781635,270848.0,139520.0,1,16,17,2,256.0,8.0,512.0,8.0,1.3004,mq,dag,supervisor,True,5471106.0
LLAMA3-8B,reduce,8,wl_reduce.json,17,A6,23.492505649608486,702776361394.0123,18076403202.0,4086914.0,recompute,master-diff,pim,dynamic,574354209337.1865,128234051763.08435,187994593.29938295,105677.09358825318,39.83860000005719,7.391488756838805,0.00037816583399709715,15.992029503142112,0.046362616518102105,402688.0,7680.0,2,15,17,2,256.0,8.0,512.0,8.0,1.3004,mq,dag,supervisor,True,4086914.0
LLAMA3-8B,supervisor,8,wl_supervisor_D4.json,34,A1,381.30795220436744,54045485991281.195,317225697280.0,7619584.0,no-reuse-physical,private,pim,gpu,2984697693517.979,51057489008728.17,3299147251.767422,141700.78576625668,,29.63956645985309,236.45154312782216,114.09725671492019,0.062166917803905104,9331712.0,0.0,34,0,34,4,16896.0,8.0,512.0,8.0,0.666,replicate,dag,supervisor,True,7619584.0
LLAMA3-8B,supervisor,8,wl_supervisor_D4.json,34,A2,98.56783218396258,2527206682269.856,10540122374144.0,35232.0,recompute,none,gpu,gpu,2417589409579.0747,,109617272691.12,,,63.43409093683455,,0.0,0.0,427264.0,0.0,34,0,34,4,16896.0,,,,,,dag,supervisor,,
LLAMA3-8B,supervisor,8,wl_supervisor_D4.json,34,A3,131.6996459745433,2578397191480.2617,174474693186.0,6935042.0,recompute,naive,pim,gpu,1019421429271.8906,1557161075879.4885,1814536809.1422594,147376.63827940062,2189.769499999903,12.830757554515417,0.0007563316679965081,118.11240427225718,0.06465702577811976,427264.0,0.0,34,0,34,4,16896.0,8.0,512.0,8.0,0.666,replicate,dag,supervisor,True,6935042.0
LLAMA3-8B,supervisor,8,wl_supervisor_D4.json,34,A3a,131.14468950756316,2571965142632.6255,174474693186.0,6935042.0,recompute,naive-mask,pim,gpu,1019421429271.8906,1550729028829.4885,1814536809.1422594,147376.63827940062,404.8351000033713,12.830757554515417,0.0007563316679965081,117.64669452592304,0.06465702577811976,427264.0,0.0,34,0,34,4,16896.0,8.0,512.0,8.0,0.666,replicate,dag,supervisor,True,6935042.0
LLAMA3-8B,supervisor,8,wl_supervisor_D4.json,34,A3b,130.83053302575064,2578703783159.0845,174474693186.0,10277378.0,recompute,naive,pim,gpu,1019421429271.8906,1557467543311.203,1814536809.1422594,271586.7569347513,2189.769499999903,12.830757554515417,0.0007563316679965081,117.1887979044516,0.1191504443947767,427264.0,0.0,34,0,34,4,16896.0,8.0,512.0,8.0,0.666,replicate,dag,supervisor,True,10277378.0
LLAMA3-8B,supervisor,8,wl_supervisor_D4.json,34,A4,131.33423753826784,2571979442356.6367,174474693186.0,7123074.0,recompute,master-diff,pim,gpu,1019421429271.8906,1550743323044.0107,1814536809.1422594,153170.02067970004,102.98800000052192,12.830757554515417,0.0007563316679965081,117.84879324197337,0.06719869642284433,427264.0,0.0,34,0,34,4,16896.0,8.0,512.0,8.0,0.666,replicate,dag,supervisor,True,7123074.0
LLAMA3-8B,supervisor,8,wl_supervisor_D4.json,34,A4b,130.4594273516742,2572243706025.7266,174474693186.0,9990274.0,recompute,master-diff,pim,gpu,1019421429271.8906,1551007479638.076,1814536809.1422594,260231.72743457954,102.98800000052192,12.830757554515417,0.0007563316679965081,116.92701298045277,0.11416876993166454,427264.0,0.0,34,0,34,4,16896.0,8.0,512.0,8.0,0.666,replicate,dag,supervisor,True,9990274.0
LLAMA3-8B,supervisor,8,wl_supervisor_D4.json,34,A5,71.88215860230194,1498587081912.555,21007206978.0,11628418.0,recompute,master-diff,pim,pim,988089503713.3259,510278767662.98505,218474952.56582654,335383.48392051784,156.52320000102827,11.954489891816758,0.0007563316679965081,59.701922879227425,0.14713932153278467,270848.0,156416.0,1,33,34,4,16896.0,8.0,512.0,8.0,1.3004,mq,dag,supervisor,True,11628418.0
LLAMA3-8B,supervisor,8,wl_supervisor_D4.json,34,A6,53.63157570019002,1385864336500.254,24486382146.0,10244226.0,recompute,master-diff,pim,dynamic,1011630211334.9282,373979194594.6537,254658374.3130268,272039.5320545803,109.34920000061706,12.58500390294265,0.0007563316679965081,40.83937764515812,0.11934908573127913,402688.0,24576.0,2,32,34,4,16896.0,8.0,512.0,8.0,1.3004,mq,dag,supervisor,True,10244226.0
