model,config,k,rung,tier,start_s,end_s,duration_s,requests
GPT-13B,C-hi,8,A1,0,0.0,57.595471347535295,57.595471347535295,16
GPT-13B,C-hi,8,A1,1,57.595471347535295,138.39207757854058,80.79660623100528,16
GPT-13B,C-hi,8,A2,0,0.0,156.96345198164602,156.96345198164602,16
GPT-13B,C-hi,8,A2,1,156.96345198164602,349.7082197557013,192.74476777405528,16
GPT-13B,C-hi,8,A3,0,0.0,16.199699510281125,16.199699510281125,16
GPT-13B,C-hi,8,A3,1,16.199699510281125,37.3830400906651,21.183340580383973,16
GPT-13B,C-hi,8,A3a,0,0.0,16.199699510281125,16.199699510281125,16
GPT-13B,C-hi,8,A3a,1,16.199699510281125,34.87147223751039,18.671772727229264,16
GPT-13B,C-hi,8,A3b,0,0.0,16.068682227872113,16.068682227872113,16
GPT-13B,C-hi,8,A3b,1,16.068682227872113,36.760680799507035,20.691998571634922,16
GPT-13B,C-hi,8,A4,0,0.0,15.967606379112699,15.967606379112699,16
GPT-13B,C-hi,8,A4,1,15.967606379112699,34.29179231255214,18.32418593343944,16
GPT-13B,C-hi,8,A4b,0,0.0,15.968867399116974,15.968867399116974,16
GPT-13B,C-hi,8,A4b,1,15.968867399116974,34.24508369477527,18.276216295658294,16
GPT-13B,C-hi,8,A5,0,0.0,9.895639148403706,9.895639148403706,16
GPT-13B,C-hi,8,A5,1,9.895639148403706,24.45853004909816,14.562890900694455,16
GPT-13B,C-hi,8,A6,0,0.0,9.895639148403706,9.895639148403706,16
GPT-13B,C-hi,8,A6,1,9.895639148403706,24.45853004909816,14.562890900694455,16
GPT-13B,C-lo,8,A1,0,0.0,11.636069463279368,11.636069463279368,16
GPT-13B,C-lo,8,A1,1,11.636069463279368,34.48691787638211,22.85084841310274,16
GPT-13B,C-lo,8,A2,0,0.0,43.54524083273608,43.54524083273608,16
GPT-13B,C-lo,8,A2,1,43.54524083273608,124.04036065588237,80.4951198231463,16
GPT-13B,C-lo,8,A3,0,0.0,5.939995740568676,5.939995740568676,16
GPT-13B,C-lo,8,A3,1,5.939995740568676,15.610280546662048,9.670284806093372,16
GPT-13B,C-lo,8,A3a,0,0.0,5.939995740568676,5.939995740568676,16
GPT-13B,C-lo,8,A3a,1,5.939995740568676,14.768342346780168,8.828346606211491,16
GPT-13B,C-lo,8,A3b,0,0.0,5.96958798373211,5.96958798373211,16
GPT-13B,C-lo,8,A3b,1,5.96958798373211,15.430424528132884,9.460836544400774,16
GPT-13B,C-lo,8,A4,0,0.0,5.911281162965304,5.911281162965304,16
GPT-13B,C-lo,8,A4,1,5.911281162965304,14.562162373232015,8.65088121026671,16
GPT-13B,C-lo,8,A4b,0,0.0,5.937898266328976,5.937898266328976,16
GPT-13B,C-lo,8,A4b,1,5.937898266328976,14.579584171470692,8.641685905141717,16
GPT-13B,C-lo,8,A5,0,0.0,4.3493158003642325,4.3493158003642325,16
GPT-13B,C-lo,8,A5,1,4.3493158003642325,11.514194469051814,7.164878668687582,16
GPT-13B,C-lo,8,A6,0,0.0,4.3493158003642325,4.3493158003642325,16
GPT-13B,C-lo,8,A6,1,4.3493158003642325,11.514194469051814,7.164878668687582,16
GPT-13B,D-hi,8,A1,0,0.0,23.38968786219644,23.38968786219644,16
GPT-13B,D-hi,8,A1,1,23.38968786219644,61.72785809453155,38.33817023233511,16
GPT-13B,D-hi,8,A1,2,61.72785809453155,100.47995365498448,38.752095560452936,16
GPT-13B,D-hi,8,A1,3,100.47995365498448,139.64191894793035,39.161965292945865,16
GPT-13B,D-hi,8,A2,0,0.0,80.85760113292208,80.85760113292208,16
GPT-13B,D-hi,8,A2,1,80.85760113292208,198.52977144018766,117.67217030726557,16
GPT-13B,D-hi,8,A2,2,198.52977144018766,318.5019006482685,119.97212920808082,16
GPT-13B,D-hi,8,A2,3,318.5019006482685,440.7739887571546,122.27208810888612,16
GPT-13B,D-hi,8,A3,0,0.0,8.91762639648283,8.91762639648283,16
GPT-13B,D-hi,8,A3,1,8.91762639648283,22.188801208222756,13.271174811739925,16
GPT-13B,D-hi,8,A3,2,22.188801208222756,35.654543984662276,13.46574277643952,16
GPT-13B,D-hi,8,A3,3,35.654543984662276,49.282145730324814,13.627601745662538,16
GPT-13B,D-hi,8,A3a,0,0.0,8.91762639648283,8.91762639648283,16
GPT-13B,D-hi,8,A3a,1,8.91762639648283,20.90177486823854,11.98414847175571,16
GPT-13B,D-hi,8,A3a,2,20.90177486823854,33.04895796024467,12.14718309200613,16
GPT-13B,D-hi,8,A3a,3,33.04895796024467,45.36089383739243,12.31193587714776,16
GPT-13B,D-hi,8,A3b,0,0.0,8.771363965683813,8.771363965683813,16
GPT-13B,D-hi,8,A3b,1,8.771363965683813,21.731209211497536,12.959845245813723,16
GPT-13B,D-hi,8,A3b,2,21.731209211497536,34.86329804296319,13.132088831465651,16
GPT-13B,D-hi,8,A3b,3,34.86329804296319,48.14313364444821,13.279835601485026,16
GPT-13B,D-hi,8,A4,0,0.0,8.847505969383384,8.847505969383384,16
GPT-13B,D-hi,8,A4,1,8.847505969383384,20.500974199809836,11.653468230426451,16
GPT-13B,D-hi,8,A4,2,20.500974199809836,32.312673358669905,11.811699158860069,16
GPT-13B,D-hi,8,A4,3,32.312673358669905,44.28259638648617,11.969923027816264,16
GPT-13B,D-hi,8,A4b,0,0.0,8.80523642183576,8.80523642183576,16
GPT-13B,D-hi,8,A4b,1,8.80523642183576,20.51959293159004,11.71435650975428,16
GPT-13B,D-hi,8,A4b,2,20.51959293159004,32.39218037037587,11.872587438785828,16
GPT-13B,D-hi,8,A4b,3,32.39218037037587,44.4229916771596,12.030811306783733,16
GPT-13B,D-hi,8,A5,0,0.0,5.69757369080832,5.69757369080832,16
GPT-13B,D-hi,8,A5,1,5.69757369080832,15.053386087828706,9.355812397020387,16
GPT-13B,D-hi,8,A5,2,15.053386087828706,24.61492019646777,9.561534108639066,16
GPT-13B,D-hi,8,A5,3,24.61492019646777,34.38176565102123,9.766845454553462,16
GPT-13B,D-hi,8,A6,0,0.0,5.69757369080832,5.69757369080832,16
GPT-13B,D-hi,8,A6,1,5.69757369080832,15.053386087828706,9.355812397020387,16
GPT-13B,D-hi,8,A6,2,15.053386087828706,24.61492019646777,9.561534108639066,16
GPT-13B,D-hi,8,A6,3,24.61492019646777,34.38176565102123,9.766845454553462,16
GPT-13B,D-lo,8,A1,0,0.0,23.392380071214436,23.392380071214436,16
GPT-13B,D-lo,8,A2,0,0.0,80.85760113292208,80.85760113292208,16
GPT-13B,D-lo,8,A3,0,0.0,8.917605916483495,8.917605916483495,16
GPT-13B,D-lo,8,A3a,0,0.0,8.917605916483495,8.917605916483495,16
GPT-13B,D-lo,8,A3b,0,0.0,8.771343485684527,8.771343485684527,16
GPT-13B,D-lo,8,A4,0,0.0,8.846852789409345,8.846852789409345,16
GPT-13B,D-lo,8,A4b,0,0.0,8.80458324186206,8.80458324186206,16
GPT-13B,D-lo,8,A5,0,0.0,5.696915210830747,5.696915210830747,16
GPT-13B,D-lo,8,A6,0,0.0,5.696915210830747,5.696915210830747,16
GPT-13B,N-hi,8,A2,0,0.0,318.77722764744607,318.77722764744607,64
GPT-13B,N-hi,8,A2,1,318.77722764744607,1236.2047411898563,917.4275135424102,64
GPT-13B,N-lo,8,A1,0,0.0,6.57970343461076,6.57970343461076,4
GPT-13B,N-lo,8,A1,1,6.57970343461076,13.948185698098118,7.368482263487358,4
GPT-13B,N-lo,8,A2,0,0.0,22.108954461055657,22.108954461055657,4
GPT-13B,N-lo,8,A2,1,22.108954461055657,45.3148924343482,23.205937973292546,4
GPT-13B,N-lo,8,A3,0,0.0,4.058738591282624,4.058738591282624,4
GPT-13B,N-lo,8,A3,1,4.058738591282624,7.418252661272427,3.359514069989803,4
GPT-13B,N-lo,8,A3a,0,0.0,4.058738591282624,4.058738591282624,4
GPT-13B,N-lo,8,A3a,1,4.058738591282624,7.2446199444873765,3.1858813532047527,4
GPT-13B,N-lo,8,A3b,0,0.0,4.047875547436044,4.047875547436044,4
GPT-13B,N-lo,8,A3b,1,4.047875547436044,7.378983378023689,3.3311078305876443,4
GPT-13B,N-lo,8,A4,0,0.0,4.0353863689689895,4.0353863689689895,4
GPT-13B,N-lo,8,A4,1,4.0353863689689895,7.191494455389417,3.156108086420428,4
GPT-13B,N-lo,8,A4b,0,0.0,4.04039486177968,4.04039486177968,4
GPT-13B,N-lo,8,A4b,1,4.04039486177968,7.2015114410171766,3.161116579237497,4
GPT-13B,N-lo,8,A5,0,0.0,3.369790887462092,3.369790887462092,4
GPT-13B,N-lo,8,A5,1,3.369790887462092,6.113671016630672,2.74388012916858,4
GPT-13B,N-lo,8,A6,0,0.0,3.369790887462092,3.369790887462092,4
GPT-13B,N-lo,8,A6,1,3.369790887462092,6.113671016630672,2.74388012916858,4
GPT-13B,baseline,8,A1,0,0.0,23.390383491906423,23.390383491906423,16
GPT-13B,baseline,8,A1,1,23.390383491906423,61.732651855971476,38.34226836406505,16
GPT-13B,baseline,8,A2,0,0.0,80.85760113292208,80.85760113292208,16
GPT-13B,baseline,8,A2,1,80.85760113292208,198.52977144018766,117.67217030726557,16
GPT-13B,baseline,8,A3,0,0.0,8.917616156483293,8.917616156483293,16
GPT-13B,baseline,8,A3,1,8.917616156483293,22.188774333226643,13.27115817674335,16
GPT-13B,baseline,8,A3a,0,0.0,8.917616156483293,8.917616156483293,16
GPT-13B,baseline,8,A3a,1,8.917616156483293,20.90174543323849,11.984129276755196,16
GPT-13B,baseline,8,A3b,0,0.0,8.771353725684303,8.771353725684303,16
GPT-13B,baseline,8,A3b,1,8.771353725684303,21.731182336501313,12.95982861081701,16
GPT-13B,baseline,8,A4,0,0.0,8.847511079383152,8.847511079383152,16
GPT-13B,baseline,8,A4,1,8.847511079383152,20.500154919771976,11.652643840388825,16
GPT-13B,baseline,8,A4b,0,0.0,8.805241531835525,8.805241531835525,16
GPT-13B,baseline,8,A4b,1,8.805241531835525,20.51877365155217,11.713532119716644,16
GPT-13B,baseline,8,A5,0,0.0,5.6975789508081105,5.6975789508081105,16
GPT-13B,baseline,8,A5,1,5.6975789508081105,15.052264982830694,9.354686032022585,16
GPT-13B,baseline,8,A6,0,0.0,5.6975789508081105,5.6975789508081105,16
GPT-13B,baseline,8,A6,1,5.6975789508081105,15.052264982830694,9.354686032022585,16
GPT-13B,broadcast,8,A1,0,0.0,2.7657206630856437,2.7657206630856437,1
GPT-13B,broadcast,8,A1,1,2.7657206630856437,26.57514896605693,23.809428302971284,16
GPT-13B,broadcast,8,A2,0,0.0,7.811332876761604,7.811332876761604,1
GPT-13B,broadcast,8,A2,1,7.811332876761604,89.41042749887991,81.59909462211832,16
GPT-13B,broadcast,8,A3,0,0.0,3.2532911186289266,3.2532911186289266,1
GPT-13B,broadcast,8,A3,1,3.2532911186289266,11.051274684312386,7.7979835656834595,16
GPT-13B,broadcast,8,A3a,0,0.0,3.2532911186289266,3.2532911186289266,1
GPT-13B,broadcast,8,A3a,1,3.2532911186289266,10.994639957973835,7.741348839344909,16
GPT-13B,broadcast,8,A3b,0,0.0,3.2294442139863704,3.2294442139863704,1
GPT-13B,broadcast,8,A3b,1,3.2294442139863704,10.876760374898112,7.647316160911741,16
GPT-13B,broadcast,8,A4,0,0.0,3.228741789807274,3.228741789807274,1
GPT-13B,broadcast,8,A4,1,3.228741789807274,10.894522146240137,7.665780356432863,16
GPT-13B,broadcast,8,A4b,0,0.0,3.2285213702895197,3.2285213702895197,1
GPT-13B,broadcast,8,A4b,1,3.2285213702895197,10.852032179220863,7.623510808931344,16
GPT-13B,broadcast,8,A5,0,0.0,3.2285213702895197,3.2285213702895197,1
GPT-13B,broadcast,8,A5,1,3.2285213702895197,7.7374261063694885,4.508904736079969,16
GPT-13B,broadcast,8,A6,0,0.0,3.2285213702895197,3.2285213702895197,1
GPT-13B,broadcast,8,A6,1,3.2285213702895197,7.7374261063694885,4.508904736079969,16
GPT-13B,k-hi,32,A1,0,0.0,23.390383491906423,23.390383491906423,16
GPT-13B,k-hi,32,A1,1,23.390383491906423,61.732651855971476,38.34226836406505,16
GPT-13B,k-hi,32,A2,0,0.0,80.85760113292208,80.85760113292208,16
GPT-13B,k-hi,32,A2,1,80.85760113292208,202.21418190122884,121.35658076830676,16
GPT-13B,k-hi,32,A3,0,0.0,8.917608476483379,8.917608476483379,16
GPT-13B,k-hi,32,A3,1,8.917608476483379,26.934454861398045,18.016846384914665,16
GPT-13B,k-hi,32,A3a,0,0.0,8.917608476483379,8.917608476483379,16
GPT-13B,k-hi,32,A3a,1,8.917608476483379,25.012315264642204,16.094706788158824,16
GPT-13B,k-hi,32,A3b,0,0.0,8.771346045684405,8.771346045684405,16
GPT-13B,k-hi,32,A3b,1,8.771346045684405,26.415606662029962,17.644260616345555,16
GPT-13B,k-hi,32,A4,0,0.0,8.847511079383152,8.847511079383152,16
GPT-13B,k-hi,32,A4,1,8.847511079383152,24.63564972349263,15.788138644109479,16
GPT-13B,k-hi,32,A4b,0,0.0,8.805241531835525,8.805241531835525,16
GPT-13B,k-hi,32,A4b,1,8.805241531835525,24.65426845574947,15.849026923913945,16
GPT-13B,k-hi,32,A5,0,0.0,5.6975789508081105,5.6975789508081105,16
GPT-13B,k-hi,32,A5,1,5.6975789508081105,22.034884174084112,16.337305223276,16
GPT-13B,k-hi,32,A6,0,0.0,5.6975789508081105,5.6975789508081105,16
GPT-13B,k-hi,32,A6,1,5.6975789508081105,22.034884174084112,16.337305223276,16
GPT-13B,k-lo,2,A1,0,0.0,23.390383491906423,23.390383491906423,16
GPT-13B,k-lo,2,A1,1,23.390383491906423,61.732651855971476,38.34226836406505,16
GPT-13B,k-lo,2,A2,0,0.0,80.85760113292208,80.85760113292208,16
GPT-13B,k-lo,2,A2,1,80.85760113292208,197.661893201183,116.80429206826092,16
GPT-13B,k-lo,2,A3,0,0.0,8.917611036483263,8.917611036483263,16
GPT-13B,k-lo,2,A3,1,8.917611036483263,20.393720734873074,11.476109698389811,16
GPT-13B,k-lo,2,A3a,0,0.0,8.917611036483263,8.917611036483263,16
GPT-13B,k-lo,2,A3a,1,8.917611036483263,19.806408109017493,10.88879707253423,16
GPT-13B,k-lo,2,A3b,0,0.0,8.771348605684283,8.771348605684283,16
GPT-13B,k-lo,2,A3b,1,8.771348605684283,20.03216564129539,11.260817035611106,16
GPT-13B,k-lo,2,A4,0,0.0,8.847511079383152,8.847511079383152,16
GPT-13B,k-lo,2,A4,1,8.847511079383152,19.50853175585121,10.661020676468057,16
GPT-13B,k-lo,2,A4b,0,0.0,8.805241531835525,8.805241531835525,16
GPT-13B,k-lo,2,A4b,1,8.805241531835525,19.52715048751105,10.721908955675525,16
GPT-13B,k-lo,2,A5,0,0.0,5.6975789508081105,5.6975789508081105,16
GPT-13B,k-lo,2,A5,1,5.6975789508081105,13.37080930700183,7.673230356193719,16
GPT-13B,k-lo,2,A6,0,0.0,5.6975789508081105,5.6975789508081105,16
GPT-13B,k-lo,2,A6,1,5.6975789508081105,13.37080930700183,7.673230356193719,16
GPT-13B,pipeline,8,A1,0,0.0,2.766064816731635,2.766064816731635,1
GPT-13B,pipeline,8,A1,1,2.766064816731635,5.558047326612695,2.7919825098810604,1
GPT-13B,pipeline,8,A1,2,5.558047326612695,8.372564572480812,2.8145172458681165,1
GPT-13B,pipeline,8,A1,3,8.372564572480812,11.214326496266922,2.8417619237861107,1
GPT-13B,pipeline,8,A2,0,0.0,7.811332876761604,7.811332876761604,1
GPT-13B,pipeline,8,A2,1,7.811332876761604,14.214891320266425,6.403558443504821,1
GPT-13B,pipeline,8,A2,2,14.214891320266425,20.760221701884188,6.545330381617763,1
GPT-13B,pipeline,8,A2,3,20.760221701884188,27.447324021614957,6.687102319730769,1
GPT-13B,pipeline,8,A3,0,0.0,3.2532821636288842,3.2532821636288842,1
GPT-13B,pipeline,8,A3,1,3.2532821636288842,5.072936608178146,1.8196544445492622,1
GPT-13B,pipeline,8,A3,2,5.072936608178146,6.900850313651218,1.8279137054730716,1
GPT-13B,pipeline,8,A3,3,6.900850313651218,8.736972080029085,1.8361217663778673,1
GPT-13B,pipeline,8,A3a,0,0.0,3.2532821636288842,3.2532821636288842,1
GPT-13B,pipeline,8,A3a,1,3.2532821636288842,5.072765213618966,1.8194830499900814,1
GPT-13B,pipeline,8,A3a,2,5.072765213618966,6.900507524534682,1.827742310915716,1
GPT-13B,pipeline,8,A3a,3,6.900507524534682,8.736509096352023,1.8360015718173415,1
GPT-13B,pipeline,8,A3b,0,0.0,3.229435258986328,3.229435258986328,1
GPT-13B,pipeline,8,A3b,1,3.229435258986328,5.025181771067886,1.7957465120815579,1
GPT-13B,pipeline,8,A3b,2,5.025181771067886,6.829124547594489,1.8039427765266032,1
GPT-13B,pipeline,8,A3b,3,6.829124547594489,8.64121238851522,1.8120878409207304,1
GPT-13B,pipeline,8,A4,0,0.0,3.2287430698072663,3.2287430698072663,1
GPT-13B,pipeline,8,A4,1,3.2287430698072663,5.023661310553934,1.794918240746668,1
GPT-13B,pipeline,8,A4,2,5.023661310553934,6.826916439464142,1.803255128910208,1
GPT-13B,pipeline,8,A4,3,6.826916439464142,8.638304936534922,1.81138849707078,1
GPT-13B,pipeline,8,A4b,0,0.0,3.228522650289512,3.228522650289512,1
GPT-13B,pipeline,8,A4b,1,3.228522650289512,5.0232204715356685,1.7946978212461566,1
GPT-13B,pipeline,8,A4b,2,5.0232204715356685,6.826255180938661,1.8030347094029926,1
GPT-13B,pipeline,8,A4b,3,6.826255180938661,8.637423258481856,1.8111680775431953,1
GPT-13B,pipeline,8,A5,0,0.0,3.228522650289512,3.228522650289512,1
GPT-13B,pipeline,8,A5,1,3.228522650289512,5.007453828761168,1.7789311784716562,1
GPT-13B,pipeline,8,A5,2,5.007453828761168,6.794238035713622,1.7867842069524542,1
GPT-13B,pipeline,8,A5,3,6.794238035713622,8.588669366130341,1.7944313304167192,1
GPT-13B,pipeline,8,A6,0,0.0,3.228522650289512,3.228522650289512,1
GPT-13B,pipeline,8,A6,1,3.228522650289512,5.007453828761168,1.7789311784716562,1
GPT-13B,pipeline,8,A6,2,5.007453828761168,6.794238035713622,1.7867842069524542,1
GPT-13B,pipeline,8,A6,3,6.794238035713622,8.588669366130341,1.7944313304167192,1
GPT-13B,private,8,A1,0,0.0,23.390383491906423,23.390383491906423,16
GPT-13B,private,8,A1,1,23.390383491906423,61.732651855971476,38.34226836406505,16
GPT-13B,private,8,A2,0,0.0,103.29219089900754,103.29219089900754,16
GPT-13B,private,8,A2,1,103.29219089900754,252.11954795558526,148.82735705657774,16
GPT-13B,private,8,A3,0,0.0,31.94342173697582,31.94342173697582,16
GPT-13B,private,8,A3,1,31.94342173697582,75.68484098935153,43.74141925237571,16
GPT-13B,private,8,A3a,0,0.0,31.94342173697582,31.94342173697582,16
GPT-13B,private,8,A3a,1,31.94342173697582,75.53449036581117,43.591068628835345,16
GPT-13B,private,8,A3b,0,0.0,31.56287920559184,31.56287920559184,16
GPT-13B,private,8,A3b,1,31.56287920559184,74.84163968078111,43.27876047518927,16
GPT-13B,private,8,A4,0,0.0,31.551755541826275,31.551755541826275,16
GPT-13B,private,8,A4,1,31.551755541826275,74.65208358313609,43.100328041309815,16
GPT-13B,private,8,A4b,0,0.0,31.548228828127172,31.548228828127172,16
GPT-13B,private,8,A4b,1,31.548228828127172,74.64496824985324,43.09673942172606,16
GPT-13B,private,8,A5,0,0.0,42.34280514661553,42.34280514661553,16
GPT-13B,private,8,A5,1,42.34280514661553,104.52461558153477,62.18181043491924,16
GPT-13B,reduce,8,A1,0,0.0,23.39138666317242,23.39138666317242,16
GPT-13B,reduce,8,A1,1,23.39138666317242,27.08708439592129,3.6956977327488723,1
GPT-13B,reduce,8,A2,0,0.0,80.85760113292208,80.85760113292208,16
GPT-13B,reduce,8,A2,1,80.85760113292208,90.38919601857846,9.531594885656375,1
GPT-13B,reduce,8,A3,0,0.0,8.91764175648347,8.91764175648347,16
GPT-13B,reduce,8,A3,1,8.91764175648347,11.886489420878153,2.9688476643946835,1
GPT-13B,reduce,8,A3a,0,0.0,8.91764175648347,8.91764175648347,16
GPT-13B,reduce,8,A3a,1,8.91764175648347,11.888073142233354,2.970431385749885,1
GPT-13B,reduce,8,A3b,0,0.0,8.771379325684498,8.771379325684498,16
GPT-13B,reduce,8,A3b,1,8.771379325684498,11.708350508372094,2.9369711826875964,1
GPT-13B,reduce,8,A4,0,0.0,8.846948784409301,8.846948784409301,16
GPT-13B,reduce,8,A4,1,8.846948784409301,11.776450151896094,2.929501367486793,1
GPT-13B,reduce,8,A4b,0,0.0,8.804679236862128,8.804679236862128,16
GPT-13B,reduce,8,A4b,1,8.804679236862128,11.733960184815487,2.929280947953359,1
GPT-13B,reduce,8,A5,0,0.0,5.6970163558323295,5.6970163558323295,16
GPT-13B,reduce,8,A5,1,5.6970163558323295,9.235672475490402,3.5386561196580724,1
GPT-13B,reduce,8,A6,0,0.0,5.6970163558323295,5.6970163558323295,16
GPT-13B,reduce,8,A6,1,5.6970163558323295,9.235672475490402,3.5386561196580724,1
GPT-13B,supervisor,8,A1,0,0.0,2.765693000617646,2.765693000617646,1
GPT-13B,supervisor,8,A1,1,2.765693000617646,26.575337721720913,23.80964472110327,16
GPT-13B,supervisor,8,A1,2,26.575337721720913,30.29662562893044,3.7212879072095255,1
GPT-13B,supervisor,8,A1,3,30.29662562893044,54.9001553485873,24.60352971965686,16
GPT-13B,supervisor,8,A2,0,0.0,7.811332876761604,7.811332876761604,1
GPT-13B,supervisor,8,A2,1,7.811332876761604,89.41042749887991,81.59909462211832,16
GPT-13B,supervisor,8,A2,2,89.41042749887991,99.0992642356173,9.688836736737386,1
GPT-13B,supervisor,8,A2,3,99.0992642356173,185.23506087734143,86.13579664172413,16
GPT-13B,supervisor,8,A3,0,0.0,3.2532936786288476,3.2532936786288476,1
GPT-13B,supervisor,8,A3,1,3.2532936786288476,11.051279804312257,7.797986125683409,16
GPT-13B,supervisor,8,A3,2,11.051279804312257,14.05067329771536,2.999393493403103,1
GPT-13B,supervisor,8,A3,3,14.05067329771536,22.119370426915197,8.068697129199837,16
GPT-13B,supervisor,8,A3a,0,0.0,3.2532936786288476,3.2532936786288476,1
GPT-13B,supervisor,8,A3a,1,3.2532936786288476,10.9946450779737,7.741351399344853,16
GPT-13B,supervisor,8,A3a,2,10.9946450779737,13.989092691464846,2.994447613491145,1
GPT-13B,supervisor,8,A3a,3,13.989092691464846,21.994462793477272,8.005370102012426,16
GPT-13B,supervisor,8,A3b,0,0.0,3.2294467739862918,3.2294467739862918,1
GPT-13B,supervisor,8,A3b,1,3.2294467739862918,10.876765494897974,7.647318720911683,16
GPT-13B,supervisor,8,A3b,2,10.876765494897974,13.837502695003272,2.9607372001052976,1
GPT-13B,supervisor,8,A3b,3,13.837502695003272,21.748439862601284,7.9109371675980125,16
GPT-13B,supervisor,8,A4,0,0.0,3.2287392298072897,3.2287392298072897,1
GPT-13B,supervisor,8,A4,1,3.2287392298072897,10.894564371237532,7.6658251414302425,16
GPT-13B,supervisor,8,A4,2,10.894564371237532,13.847867404863038,2.953303033625506,1
GPT-13B,supervisor,8,A4,3,13.847867404863038,21.768674210949335,7.920806806086297,16
GPT-13B,supervisor,8,A4b,0,0.0,3.2285188102895352,3.2285188102895352,1
GPT-13B,supervisor,8,A4b,1,3.2285188102895352,10.852074404218305,7.62355559392877,16
GPT-13B,supervisor,8,A4b,2,10.852074404218305,13.805157018310377,2.9530826140920716,1
GPT-13B,supervisor,8,A4b,3,13.805157018310377,21.68369427707355,7.878537258763172,16
GPT-13B,supervisor,8,A5,0,0.0,3.2285188102895352,3.2285188102895352,1
GPT-13B,supervisor,8,A5,1,3.2285188102895352,7.7374681813718915,4.508949371082356,16
GPT-13B,supervisor,8,A5,2,7.7374681813718915,11.323029797242667,3.585561615870775,1
GPT-13B,supervisor,8,A5,3,11.323029797242667,16.071439101087858,4.748409303845191,16
GPT-13B,supervisor,8,A6,0,0.0,3.2285188102895352,3.2285188102895352,1
GPT-13B,supervisor,8,A6,1,3.2285188102895352,7.7374681813718915,4.508949371082356,16
GPT-13B,supervisor,8,A6,2,7.7374681813718915,11.323029797242667,3.585561615870775,1
GPT-13B,supervisor,8,A6,3,11.323029797242667,16.071439101087858,4.748409303845191,16
GPT-175B,C-hi,8,A2,0,0.0,294.76145281222034,294.76145281222034,16
GPT-175B,C-hi,8,A2,1,294.76145281222034,653.0500327608348,358.2885799486145,16
GPT-175B,C-hi,8,A3,0,0.0,37.8281288471326,37.8281288471326,16
GPT-175B,C-hi,8,A3,1,37.8281288471326,84.40681704992907,46.57868820279648,16
GPT-175B,C-hi,8,A3a,0,0.0,37.8281288471326,37.8281288471326,16
GPT-175B,C-hi,8,A3a,1,37.8281288471326,78.3349472767312,40.5068184295986,16
GPT-175B,C-hi,8,A3b,0,0.0,37.42791566063194,37.42791566063194,16
GPT-175B,C-hi,8,A3b,1,37.42791566063194,83.21158312100154,45.7836674603696,16
GPT-175B,C-hi,8,A4,0,0.0,37.49354043028544,37.49354043028544,16
GPT-175B,C-hi,8,A4,1,37.49354043028544,77.5426618385978,40.04912140831235,16
GPT-175B,C-hi,8,A4b,0,0.0,37.49354043028544,37.49354043028544,16
GPT-175B,C-hi,8,A4b,1,37.49354043028544,77.5426618385978,40.04912140831235,16
GPT-175B,C-hi,8,A5,0,0.0,29.798571609046682,29.798571609046682,16
GPT-175B,C-hi,8,A5,1,29.798571609046682,60.10149543351901,30.30292382447233,16
GPT-175B,C-hi,8,A6,0,0.0,29.798571609046682,29.798571609046682,16
GPT-175B,C-hi,8,A6,1,29.798571609046682,60.10149543351901,30.30292382447233,16
GPT-175B,C-lo,8,A1,0,0.0,35.64118263276378,35.64118263276378,16
GPT-175B,C-lo,8,A1,1,35.64118263276378,95.04134472702573,59.40016209426195,16
GPT-175B,C-lo,8,A2,0,0.0,87.72506183318411,87.72506183318411,16
GPT-175B,C-lo,8,A2,1,87.72506183318411,242.25000839571933,154.5249465625352,16
GPT-175B,C-lo,8,A3,0,0.0,19.114490969261936,19.114490969261936,16
GPT-175B,C-lo,8,A3,1,19.114490969261936,44.754169025283474,25.639678056021538,16
GPT-175B,C-lo,8,A3a,0,0.0,19.114490969261936,19.114490969261936,16
GPT-175B,C-lo,8,A3a,1,19.114490969261936,42.84362404894835,23.729133079686413,16
GPT-175B,C-lo,8,A3b,0,0.0,19.176923931854184,19.176923931854184,16
GPT-175B,C-lo,8,A3b,1,19.176923931854184,44.68472050171058,25.507796569856396,16
GPT-175B,C-lo,8,A4,0,0.0,19.165169523856473,19.165169523856473,16
GPT-175B,C-lo,8,A4,1,19.165169523856473,42.88406821765384,23.718898693797367,16
GPT-175B,C-lo,8,A4b,0,0.0,19.165169523856473,19.165169523856473,16
GPT-175B,C-lo,8,A4b,1,19.165169523856473,42.88406821765384,23.718898693797367,16
GPT-175B,C-lo,8,A5,0,0.0,17.242196689722352,17.242196689722352,16
GPT-175B,C-lo,8,A5,1,17.242196689722352,38.10862974787967,20.866433058157316,16
GPT-175B,C-lo,8,A6,0,0.0,17.242196689722352,17.242196689722352,16
GPT-175B,C-lo,8,A6,1,17.242196689722352,38.10862974787967,20.866433058157316,16
GPT-175B,D-hi,8,A2,0,0.0,155.55895948814853,155.55895948814853,16
GPT-175B,D-hi,8,A2,1,155.55895948814853,377.3705625694912,221.81160308134267,16
GPT-175B,D-hi,8,A2,2,377.3705625694912,603.3223087690305,225.95174619953934,16
GPT-175B,D-hi,8,A2,3,603.3223087690305,833.4141980868001,230.09188931776953,16
GPT-175B,D-hi,8,A3,0,0.0,24.29210582100847,24.29210582100847,16
GPT-175B,D-hi,8,A3,1,24.29210582100847,56.28905977487416,31.99695395386569,16
GPT-175B,D-hi,8,A3,2,56.28905977487416,88.56943803314189,32.28037825826773,16
GPT-175B,D-hi,8,A3,3,88.56943803314189,121.07228102471076,32.50284299156887,16
GPT-175B,D-hi,8,A3b,0,0.0,24.34603425863683,24.34603425863683,16
GPT-175B,D-hi,8,A3b,1,24.34603425863683,56.20753118772614,31.86149692908931,16
GPT-175B,D-hi,8,A3b,2,56.20753118772614,88.32124786186876,32.113716674142616,16
GPT-175B,D-hi,8,A3b,3,88.32124786186876,120.63630261131267,32.31505474944392,16
GPT-175B,D-hi,8,A5,0,0.0,20.349672804898805,20.349672804898805,16
GPT-175B,D-hi,8,A5,1,20.349672804898805,43.94484819840203,23.595175393503222,16
GPT-175B,D-hi,8,A5,2,43.94484819840203,67.74176193958802,23.79691374118599,16
GPT-175B,D-hi,8,A5,3,67.74176193958802,91.73938939436856,23.99762745478054,16
GPT-175B,D-hi,8,A6,0,0.0,20.349672804898805,20.349672804898805,16
GPT-175B,D-hi,8,A6,1,20.349672804898805,43.94484819840203,23.595175393503222,16
GPT-175B,D-hi,8,A6,2,43.94484819840203,67.74176193958802,23.79691374118599,16
GPT-175B,D-hi,8,A6,3,67.74176193958802,91.73938939436856,23.99762745478054,16
GPT-175B,D-lo,8,A1,0,0.0,60.54222634299159,60.54222634299159,16
GPT-175B,D-lo,8,A2,0,0.0,155.55895948814853,155.55895948814853,16
GPT-175B,D-lo,8,A3,0,0.0,24.292095581006524,24.292095581006524,16
GPT-175B,D-lo,8,A3a,0,0.0,24.292095581006524,24.292095581006524,16
GPT-175B,D-lo,8,A3b,0,0.0,24.346024018634882,24.346024018634882,16
GPT-175B,D-lo,8,A4,0,0.0,24.260698202829026,24.260698202829026,16
GPT-175B,D-lo,8,A4b,0,0.0,24.260698202829026,24.260698202829026,16
GPT-175B,D-lo,8,A5,0,0.0,20.348083939853154,20.348083939853154,16
GPT-175B,D-lo,8,A6,0,0.0,20.348083939853154,20.348083939853154,16
GPT-175B,N-hi,8,A2,0,0.0,608.8761819005312,608.8761819005312,64
GPT-175B,N-hi,8,A2,1,608.8761819005312,2304.8106477074693,1695.934465806938,64
GPT-175B,N-lo,8,A1,0,0.0,18.645300039951803,18.645300039951803,4
GPT-175B,N-lo,8,A1,1,18.645300039951803,38.7546145152925,20.1093144753407,4
GPT-175B,N-lo,8,A2,0,0.0,45.74070422856742,45.74070422856742,4
GPT-175B,N-lo,8,A2,1,45.74070422856742,92.17764786256816,46.43694363400075,4
GPT-175B,N-lo,8,A3,0,0.0,12.756206907550451,12.756206907550451,4
GPT-175B,N-lo,8,A3,1,12.756206907550451,23.057511980080545,10.301305072530093,4
GPT-175B,N-lo,8,A3a,0,0.0,12.756206907550451,12.756206907550451,4
GPT-175B,N-lo,8,A3a,1,12.756206907550451,22.633989840083995,9.877782932533544,4
GPT-175B,N-lo,8,A3b,0,0.0,12.705914530422998,12.705914530422998,4
GPT-175B,N-lo,8,A3b,1,12.705914530422998,22.959283762097712,10.253369231674714,4
GPT-175B,N-lo,8,A4,0,0.0,12.69630138695285,12.69630138695285,4
GPT-175B,N-lo,8,A4,1,12.69630138695285,22.50146250093863,9.805161113985779,4
GPT-175B,N-lo,8,A4b,0,0.0,12.69630138695285,12.69630138695285,4
GPT-175B,N-lo,8,A4b,1,12.69630138695285,22.50146250093863,9.805161113985779,4
GPT-175B,N-lo,8,A5,0,0.0,11.913009317486017,11.913009317486017,4
GPT-175B,N-lo,8,A5,1,11.913009317486017,20.95809176011461,9.045082442628592,4
GPT-175B,N-lo,8,A6,0,0.0,11.913009317486017,11.913009317486017,4
GPT-175B,N-lo,8,A6,1,11.913009317486017,20.95809176011461,9.045082442628592,4
GPT-175B,baseline,8,A1,0,0.0,60.541996907227514,60.541996907227514,16
GPT-175B,baseline,8,A1,1,60.541996907227514,148.51094928767228,87.96895238044476,16
GPT-175B,baseline,8,A2,0,0.0,155.55895948814853,155.55895948814853,16
GPT-175B,baseline,8,A2,1,155.55895948814853,377.3705625694912,221.81160308134267,16
GPT-175B,baseline,8,A3,0,0.0,24.292098141008097,24.292098141008097,16
GPT-175B,baseline,8,A3,1,24.292098141008097,56.289040554880884,31.996942413872787,16
GPT-175B,baseline,8,A3a,0,0.0,24.292098141008097,24.292098141008097,16
GPT-175B,baseline,8,A3a,1,24.292098141008097,53.116202163727415,28.824104022719318,16
GPT-175B,baseline,8,A3b,0,0.0,24.346026578636458,24.346026578636458,16
GPT-175B,baseline,8,A3b,1,24.346026578636458,56.20751196773291,31.861485389096455,16
GPT-175B,baseline,8,A4,0,0.0,24.262283997897455,24.262283997897455,16
GPT-175B,baseline,8,A4,1,24.262283997897455,52.62635208524005,28.364068087342595,16
GPT-175B,baseline,8,A4b,0,0.0,24.262283997897455,24.262283997897455,16
GPT-175B,baseline,8,A4b,1,24.262283997897455,52.62635208524005,28.364068087342595,16
GPT-175B,baseline,8,A5,0,0.0,20.3496833248993,20.3496833248993,16
GPT-175B,baseline,8,A5,1,20.3496833248993,43.94214487888611,23.592461553986812,16
GPT-175B,baseline,8,A6,0,0.0,20.3496833248993,20.3496833248993,16
GPT-175B,baseline,8,A6,1,20.3496833248993,43.94214487888611,23.592461553986812,16
GPT-175B,broadcast,8,A1,0,0.0,9.813935745187253,9.813935745187253,1
GPT-175B,broadcast,8,A1,1,9.813935745187253,70.98846480329257,61.17452905810532,16
GPT-175B,broadcast,8,A2,0,0.0,19.927156054409576,19.927156054409576,1
GPT-175B,broadcast,8,A2,1,19.927156054409576,175.15883621854374,155.23168016413416,16
GPT-175B,broadcast,8,A3,0,0.0,11.537116294427873,11.537116294427873,1
GPT-175B,broadcast,8,A3,1,11.537116294427873,32.09543725578406,20.558320961356188,16
GPT-175B,broadcast,8,A3a,0,0.0,11.537116294427873,11.537116294427873,1
GPT-175B,broadcast,8,A3a,1,11.537116294427873,31.987293568614522,20.45017727418665,16
GPT-175B,broadcast,8,A3b,0,0.0,11.504024906900172,11.504024906900172,1
GPT-175B,broadcast,8,A3b,1,11.504024906900172,32.11042021609233,20.60639530919216,16
GPT-175B,broadcast,8,A4,0,0.0,11.50182653421507,11.50182653421507,1
GPT-175B,broadcast,8,A4,1,11.50182653421507,31.913039274961207,20.411212740746137,16
GPT-175B,broadcast,8,A4b,0,0.0,11.50182653421507,11.50182653421507,1
GPT-175B,broadcast,8,A4b,1,11.50182653421507,31.913039274961207,20.411212740746137,16
GPT-175B,broadcast,8,A5,0,0.0,11.50182653421507,11.50182653421507,1
GPT-175B,broadcast,8,A5,1,11.50182653421507,27.96176047512683,16.45993394091176,16
GPT-175B,broadcast,8,A6,0,0.0,11.50182653421507,11.50182653421507,1
GPT-175B,broadcast,8,A6,1,11.50182653421507,27.96176047512683,16.45993394091176,16
GPT-175B,k-hi,32,A1,0,0.0,60.541996907227514,60.541996907227514,16
GPT-175B,k-hi,32,A1,1,60.541996907227514,148.51094928767228,87.96895238044476,16
GPT-175B,k-hi,32,A2,0,0.0,155.55895948814853,155.55895948814853,16
GPT-175B,k-hi,32,A2,1,155.55895948814853,387.66068453947645,232.10172505132792,16
GPT-175B,k-hi,32,A3,0,0.0,24.292077661006793,24.292077661006793,16
GPT-175B,k-hi,32,A3,1,24.292077661006793,68.83664613831877,44.54456847731198,16
GPT-175B,k-hi,32,A3a,0,0.0,24.292077661006793,24.292077661006793,16
GPT-175B,k-hi,32,A3a,1,24.292077661006793,63.92020854419156,39.62813088318477,16
GPT-175B,k-hi,32,A3b,0,0.0,24.346006098635154,24.346006098635154,16
GPT-175B,k-hi,32,A3b,1,24.346006098635154,68.41584563167157,44.069839533036415,16
GPT-175B,k-hi,32,A4,0,0.0,24.262283997897455,24.262283997897455,16
GPT-175B,k-hi,32,A4,1,24.262283997897455,63.432246265960366,39.16996226806291,16
GPT-175B,k-hi,32,A4b,0,0.0,24.262283997897455,24.262283997897455,16
GPT-175B,k-hi,32,A4b,1,24.262283997897455,63.432246265960366,39.16996226806291,16
GPT-175B,k-hi,32,A5,0,0.0,20.3496833248993,20.3496833248993,16
GPT-175B,k-hi,32,A5,1,20.3496833248993,54.730645794668256,34.38096246976896,16
GPT-175B,k-hi,32,A6,0,0.0,20.3496833248993,20.3496833248993,16
GPT-175B,k-hi,32,A6,1,20.3496833248993,54.730645794668256,34.38096246976896,16
GPT-175B,k-lo,2,A1,0,0.0,60.541996907227514,60.541996907227514,16
GPT-175B,k-lo,2,A1,1,60.541996907227514,148.51094928767228,87.96895238044476,16
GPT-175B,k-lo,2,A2,0,0.0,155.55895948814853,155.55895948814853,16
GPT-175B,k-lo,2,A2,1,155.55895948814853,374.97706230611414,219.4181028179656,16
GPT-175B,k-lo,2,A3,0,0.0,24.292085341007297,24.292085341007297,16
GPT-175B,k-lo,2,A3,1,24.292085341007297,51.67631898540858,27.38423364440128,16
GPT-175B,k-lo,2,A3a,0,0.0,24.292085341007297,24.292085341007297,16
GPT-175B,k-lo,2,A3a,1,24.292085341007297,50.449120538373236,26.15703519736594,16
GPT-175B,k-lo,2,A3b,0,0.0,24.346013778635662,24.346013778635662,16
GPT-175B,k-lo,2,A3b,1,24.346013778635662,51.4315602504044,27.08554647176874,16
GPT-175B,k-lo,2,A4,0,0.0,24.262283997897455,24.262283997897455,16
GPT-175B,k-lo,2,A4,1,24.262283997897455,50.08773159230121,25.825447594403755,16
GPT-175B,k-lo,2,A4b,0,0.0,24.262283997897455,24.262283997897455,16
GPT-175B,k-lo,2,A4b,1,24.262283997897455,50.08773159230121,25.825447594403755,16
GPT-175B,k-lo,2,A5,0,0.0,20.3496833248993,20.3496833248993,16
GPT-175B,k-lo,2,A5,1,20.3496833248993,41.31001770181718,20.96033437691788,16
GPT-175B,k-lo,2,A6,0,0.0,20.3496833248993,20.3496833248993,16
GPT-175B,k-lo,2,A6,1,20.3496833248993,41.31001770181718,20.96033437691788,16
GPT-175B,pipeline,8,A1,0,0.0,9.81417168976726,9.81417168976726,1
GPT-175B,pipeline,8,A1,1,9.81417168976726,19.667614151641214,9.853442461873954,1
GPT-175B,pipeline,8,A1,2,19.667614151641214,29.54426850918888,9.876654357547665,1
GPT-175B,pipeline,8,A1,3,29.54426850918888,39.44481493497807,9.90054642578919,1
GPT-175B,pipeline,8,A2,0,0.0,19.927156054409576,19.927156054409576,1
GPT-175B,pipeline,8,A2,1,19.927156054409576,35.65896463478708,15.731808580377507,1
GPT-175B,pipeline,8,A2,2,35.65896463478708,51.64479097639648,15.985826341609396,1
GPT-175B,pipeline,8,A2,3,51.64479097639648,67.88463507923758,16.239844102841104,1
GPT-175B,pipeline,8,A3,0,0.0,11.537106059427936,11.537106059427936,1
GPT-175B,pipeline,8,A3,1,11.537106059427936,18.884999898135113,7.3478938387071775,1
GPT-175B,pipeline,8,A3,2,18.884999898135113,26.243232049863376,7.358232151728263,1
GPT-175B,pipeline,8,A3,3,26.243232049863376,33.61168091463917,7.368448864775797,1
GPT-175B,pipeline,8,A3a,0,0.0,11.537106059427936,11.537106059427936,1
GPT-175B,pipeline,8,A3a,1,11.537106059427936,18.884302704667537,7.347196645239601,1
GPT-175B,pipeline,8,A3a,2,18.884302704667537,26.241837662928596,7.357534958261059,1
GPT-175B,pipeline,8,A3a,3,26.241837662928596,33.60971221424721,7.367874551318614,1
GPT-175B,pipeline,8,A3b,0,0.0,11.504014671900233,11.504014671900233,1
GPT-175B,pipeline,8,A3b,1,11.504014671900233,18.8187438895893,7.314729217689067,1
GPT-175B,pipeline,8,A3b,2,18.8187438895893,26.14373582421415,7.324991934624851,1
GPT-175B,pipeline,8,A3b,3,26.14373582421415,33.478868876310976,7.335133052096825,1
GPT-175B,pipeline,8,A4,0,0.0,11.501829094214843,11.501829094214843,1
GPT-175B,pipeline,8,A4,1,11.501829094214843,18.81376460859921,7.311935514384368,1
GPT-175B,pipeline,8,A4,2,18.81376460859921,26.136300336899907,7.322535728300696,1
GPT-175B,pipeline,8,A4,3,26.136300336899907,33.46894987449659,7.33264953759668,1
GPT-175B,pipeline,8,A4b,0,0.0,11.501829094214843,11.501829094214843,1
GPT-175B,pipeline,8,A4b,1,11.501829094214843,18.81376460859921,7.311935514384368,1
GPT-175B,pipeline,8,A4b,2,18.81376460859921,26.136300336899907,7.322535728300696,1
GPT-175B,pipeline,8,A4b,3,26.136300336899907,33.46894987449659,7.33264953759668,1
GPT-175B,pipeline,8,A5,0,0.0,11.501829094214843,11.501829094214843,1
GPT-175B,pipeline,8,A5,1,11.501829094214843,18.781485256783466,7.279656162568623,1
GPT-175B,pipeline,8,A5,2,18.781485256783466,26.070744037090996,7.289258780307531,1
GPT-175B,pipeline,8,A5,3,26.070744037090996,33.36911331550981,7.298369278418811,1
GPT-175B,pipeline,8,A6,0,0.0,11.501829094214843,11.501829094214843,1
GPT-175B,pipeline,8,A6,1,11.501829094214843,18.781485256783466,7.279656162568623,1
GPT-175B,pipeline,8,A6,2,18.781485256783466,26.070744037090996,7.289258780307531,1
GPT-175B,pipeline,8,A6,3,26.070744037090996,33.36911331550981,7.298369278418811,1
GPT-175B,private,8,A1,0,0.0,60.541996907227514,60.541996907227514,16
GPT-175B,private,8,A1,1,60.541996907227514,148.51094928767228,87.96895238044476,16
GPT-175B,private,8,A2,0,0.0,220.21921704188964,220.21921704188964,16
GPT-175B,private,8,A2,1,220.21921704188964,527.9880311568742,307.76881411498454,16
GPT-175B,private,8,A3,0,0.0,89.69399159282484,89.69399159282484,16
GPT-175B,private,8,A3,1,89.69399159282484,205.40176921906706,115.70777762624222,16
GPT-175B,private,8,A3a,0,0.0,89.69399159282484,89.69399159282484,16
GPT-175B,private,8,A3a,1,89.69399159282484,205.03659839722496,115.34260680440012,16
GPT-175B,private,8,A3b,0,0.0,89.16573889331058,89.16573889331058,16
GPT-175B,private,8,A3b,1,89.16573889331058,204.2450392644783,115.07930037116772,16
GPT-175B,private,8,A4,0,0.0,89.13080931075874,89.13080931075874,16
GPT-175B,private,8,A4,1,89.13080931075874,203.78473338764042,114.65392407688168,16
GPT-175B,private,8,A4b,0,0.0,89.13080931075874,89.13080931075874,16
GPT-175B,private,8,A4b,1,89.13080931075874,203.78473338764042,114.65392407688168,16
GPT-175B,reduce,8,A1,0,0.0,60.54233699286352,60.54233699286352,16
GPT-175B,reduce,8,A1,1,60.54233699286352,72.05919102153536,11.516854028671837,1
GPT-175B,reduce,8,A2,0,0.0,155.55895948814853,155.55895948814853,16
GPT-175B,reduce,8,A2,1,155.55895948814853,177.85121016007415,22.292250671925615,1
GPT-175B,reduce,8,A3,0,0.0,24.292116061006404,24.292116061006404,16
GPT-175B,reduce,8,A3,1,24.292116061006404,34.59163902275034,10.29952296174394,1
GPT-175B,reduce,8,A3a,0,0.0,24.292116061006404,24.292116061006404,16
GPT-175B,reduce,8,A3a,1,24.292116061006404,34.57793449638304,10.285818435376633,1
GPT-175B,reduce,8,A3b,0,0.0,24.346044498634758,24.346044498634758,16
GPT-175B,reduce,8,A3b,1,24.346044498634758,34.602824376978774,10.256779878344016,1
GPT-175B,reduce,8,A4,0,0.0,24.260940117820006,24.260940117820006,16
GPT-175B,reduce,8,A4,1,24.260940117820006,34.48942533740846,10.228485219588457,1
GPT-175B,reduce,8,A4b,0,0.0,24.260940117820006,24.260940117820006,16
GPT-175B,reduce,8,A4b,1,24.260940117820006,34.48942533740846,10.228485219588457,1
GPT-175B,reduce,8,A5,0,0.0,20.348338994836748,20.348338994836748,16
GPT-175B,reduce,8,A5,1,20.348338994836748,30.392460945498346,10.044121950661598,1
GPT-175B,reduce,8,A6,0,0.0,20.348338994836748,20.348338994836748,16
GPT-175B,reduce,8,A6,1,20.348338994836748,30.392460945498346,10.044121950661598,1
GPT-175B,supervisor,8,A1,0,0.0,9.814213183469262,9.814213183469262,1
GPT-175B,supervisor,8,A1,1,9.814213183469262,70.98860555643859,61.17439237296932,16
GPT-175B,supervisor,8,A1,2,70.98860555643859,82.53775382475364,11.54914826831505,1
GPT-175B,supervisor,8,A1,3,82.53775382475364,144.46590073300365,61.928146908250014,16
GPT-175B,supervisor,8,A2,0,0.0,19.927156054409576,19.927156054409576,1
GPT-175B,supervisor,8,A2,1,19.927156054409576,175.15883621854374,155.23168016413416,16
GPT-175B,supervisor,8,A2,2,175.15883621854374,197.7422324428287,22.583396224284968,1
GPT-175B,supervisor,8,A2,3,197.7422324428287,361.10248096628527,163.36024852345656,16
GPT-175B,supervisor,8,A3,0,0.0,11.537116294427873,11.537116294427873,1
GPT-175B,supervisor,8,A3,1,11.537116294427873,32.09543469578624,20.558318401358363,16
GPT-175B,supervisor,8,A3,2,32.09543469578624,42.4507297003261,10.355295004539862,1
GPT-175B,supervisor,8,A3,3,42.4507297003261,63.3560301992815,20.9053004989554,16
GPT-175B,supervisor,8,A3a,0,0.0,11.537116294427873,11.537116294427873,1
GPT-175B,supervisor,8,A3a,1,11.537116294427873,31.987291008616126,20.45017471418825,16
GPT-175B,supervisor,8,A3a,2,31.987291008616126,42.32098631712928,10.333695308513157,1
GPT-175B,supervisor,8,A3a,3,42.32098631712928,63.10378430530342,20.78279798817414,16
GPT-175B,supervisor,8,A3b,0,0.0,11.50402490690017,11.50402490690017,1
GPT-175B,supervisor,8,A3b,1,11.50402490690017,32.1104176560945,20.606392749194328,16
GPT-175B,supervisor,8,A3b,2,32.1104176560945,42.41483380237762,10.304416146283124,1
GPT-175B,supervisor,8,A3b,3,42.41483380237762,63.359176040817694,20.944342238440072,16
GPT-175B,supervisor,8,A4,0,0.0,11.501820134215647,11.501820134215647,1
GPT-175B,supervisor,8,A4,1,11.501820134215647,31.913145524964786,20.41132539074914,16
GPT-175B,supervisor,8,A4,2,31.913145524964786,42.18934718971462,10.27620166474983,1
GPT-175B,supervisor,8,A4,3,42.18934718971462,62.91954712853532,20.730199938820704,16
GPT-175B,supervisor,8,A4b,0,0.0,11.501820134215647,11.501820134215647,1
GPT-175B,supervisor,8,A4b,1,11.501820134215647,31.913145524964786,20.41132539074914,16
GPT-175B,supervisor,8,A4b,2,31.913145524964786,42.18934718971462,10.27620166474983,1
GPT-175B,supervisor,8,A4b,3,42.18934718971462,62.91954712853532,20.730199938820704,16
GPT-175B,supervisor,8,A5,0,0.0,11.501820134215647,11.501820134215647,1
GPT-175B,supervisor,8,A5,1,11.501820134215647,27.96186723512793,16.460047100912284,16
GPT-175B,supervisor,8,A5,2,27.96186723512793,38.043485667858334,10.081618432730405,1
GPT-175B,supervisor,8,A5,3,38.043485667858334,54.79039297735767,16.746907309499335,16
GPT-175B,supervisor,8,A6,0,0.0,11.501820134215647,11.501820134215647,1
GPT-175B,supervisor,8,A6,1,11.501820134215647,27.96186723512793,16.460047100912284,16
GPT-175B,supervisor,8,A6,2,27.96186723512793,38.043485667858334,10.081618432730405,1
GPT-175B,supervisor,8,A6,3,38.043485667858334,54.79039297735767,16.746907309499335,16
LLAMA-33B,C-hi,8,A1,0,0.0,140.23342849239282,140.23342849239282,16
LLAMA-33B,C-hi,8,A1,1,140.23342849239282,333.39444031634537,193.16101182395255,16
LLAMA-33B,C-hi,8,A2,0,0.0,281.6252853675229,281.6252853675229,16
LLAMA-33B,C-hi,8,A2,1,281.6252853675229,627.0150966551969,345.389811287674,16
LLAMA-33B,C-hi,8,A3,0,0.0,33.995639688097484,33.995639688097484,16
LLAMA-33B,C-hi,8,A3,1,33.995639688097484,77.03274458484039,43.0371048967429,16
LLAMA-33B,C-hi,8,A3a,0,0.0,33.995639688097484,33.995639688097484,16
LLAMA-33B,C-hi,8,A3a,1,33.995639688097484,73.29295435830136,39.297314670203875,16
LLAMA-33B,C-hi,8,A3b,0,0.0,33.97070059320962,33.97070059320962,16
LLAMA-33B,C-hi,8,A3b,1,33.97070059320962,76.15982784256855,42.189127249358926,16
LLAMA-33B,C-hi,8,A4,0,0.0,33.94813659914424,33.94813659914424,16
LLAMA-33B,C-hi,8,A4,1,33.94813659914424,72.54932907045574,38.6011924713115,16
LLAMA-33B,C-hi,8,A4b,0,0.0,33.94813659914424,33.94813659914424,16
LLAMA-33B,C-hi,8,A4b,1,33.94813659914424,72.54932907045571,38.60119247131147,16
LLAMA-33B,C-hi,8,A5,0,0.0,20.1004444836727,20.1004444836727,16
LLAMA-33B,C-hi,8,A5,1,20.1004444836727,54.39020819187669,34.28976370820399,16
LLAMA-33B,C-hi,8,A6,0,0.0,20.1004444836727,20.1004444836727,16
LLAMA-33B,C-hi,8,A6,1,20.1004444836727,54.39020819187669,34.28976370820399,16
LLAMA-33B,C-lo,8,A1,0,0.0,27.59730045969932,27.59730045969932,16
LLAMA-33B,C-lo,8,A1,1,27.59730045969932,81.80140910651063,54.204108646811314,16
LLAMA-33B,C-lo,8,A2,0,0.0,79.77268528560869,79.77268528560869,16
LLAMA-33B,C-lo,8,A2,1,79.77268528560869,225.40921662333,145.6365313377213,16
LLAMA-33B,C-lo,8,A3,0,0.0,13.60888978283972,13.60888978283972,16
LLAMA-33B,C-lo,8,A3,1,13.60888978283972,34.52979254618462,20.920902763344905,16
LLAMA-33B,C-lo,8,A3a,0,0.0,13.60888978283972,13.60888978283972,16
LLAMA-33B,C-lo,8,A3a,1,13.60888978283972,33.19806679593993,19.589177013100212,16
LLAMA-33B,C-lo,8,A3b,0,0.0,13.424278234660656,13.424278234660656,16
LLAMA-33B,C-lo,8,A3b,1,13.424278234660656,33.840190943978165,20.41591270931751,16
LLAMA-33B,C-lo,8,A4,0,0.0,13.416674438565154,13.416674438565154,16
LLAMA-33B,C-lo,8,A4,1,13.416674438565154,32.857749634916594,19.44107519635144,16
LLAMA-33B,C-lo,8,A4b,0,0.0,13.416674438565154,13.416674438565154,16
LLAMA-33B,C-lo,8,A4b,1,13.416674438565154,32.85774963491659,19.441075196351434,16
LLAMA-33B,C-lo,8,A5,0,0.0,10.028423924366496,10.028423924366496,16
LLAMA-33B,C-lo,8,A5,1,10.028423924366496,26.731068574494156,16.70264465012766,16
LLAMA-33B,C-lo,8,A6,0,0.0,10.028423924366496,10.028423924366496,16
LLAMA-33B,C-lo,8,A6,1,10.028423924366496,26.731068574494156,16.70264465012766,16
LLAMA-33B,D-hi,8,A2,0,0.0,146.3003676022744,146.3003676022744,16
LLAMA-33B,D-hi,8,A2,1,146.3003676022744,358.112053148236,211.81168554596158,16
LLAMA-33B,D-hi,8,A2,2,358.112053148236,574.020438722211,215.908385573975,16
LLAMA-33B,D-hi,8,A2,3,574.020438722211,794.0255243242792,220.00508560206822,16
LLAMA-33B,D-hi,8,A3,0,0.0,19.728524475933398,19.728524475933398,16
LLAMA-33B,D-hi,8,A3,1,19.728524475933398,47.61270366751838,27.884179191584984,16
LLAMA-33B,D-hi,8,A3,2,47.61270366751838,75.90261132887336,28.28990766135498,16
LLAMA-33B,D-hi,8,A3,3,75.90261132887336,104.5382429798447,28.635631650971334,16
LLAMA-33B,D-hi,8,A3a,0,0.0,19.728524475933398,19.728524475933398,16
LLAMA-33B,D-hi,8,A3a,1,19.728524475933398,45.73464544290721,26.00612096697381,16
LLAMA-33B,D-hi,8,A3a,2,45.73464544290721,72.07865205671499,26.344006613807778,16
LLAMA-33B,D-hi,8,A3a,3,72.07865205671499,98.7645247840256,26.68587272731061,16
LLAMA-33B,D-hi,8,A3b,0,0.0,19.414289795677394,19.414289795677394,16
LLAMA-33B,D-hi,8,A3b,1,19.414289795677394,46.67649907980604,27.262209284128648,16
LLAMA-33B,D-hi,8,A3b,2,46.67649907980604,74.29420698305266,27.617707903246618,16
LLAMA-33B,D-hi,8,A3b,3,74.29420698305266,102.22588643502307,27.93167945197041,16
LLAMA-33B,D-hi,8,A4,0,0.0,19.401700558596048,19.401700558596048,16
LLAMA-33B,D-hi,8,A4,1,19.401700558596048,44.91321465390072,25.51151409530467,16
LLAMA-33B,D-hi,8,A4,2,44.91321465390072,70.76060475611688,25.84739010221616,16
LLAMA-33B,D-hi,8,A4,3,70.76060475611688,96.94384617831564,26.183241422198762,16
LLAMA-33B,D-hi,8,A4b,0,0.0,19.401700558596048,19.401700558596048,16
LLAMA-33B,D-hi,8,A4b,1,19.401700558596048,44.91321465390072,25.51151409530467,16
LLAMA-33B,D-hi,8,A4b,2,44.91321465390072,70.76060475611688,25.84739010221616,16
LLAMA-33B,D-hi,8,A4b,3,70.76060475611688,96.94384617831564,26.183241422198762,16
LLAMA-33B,D-hi,8,A5,0,0.0,12.687045523852225,12.687045523852225,16
LLAMA-33B,D-hi,8,A5,1,12.687045523852225,34.331665764298926,21.6446202404467,16
LLAMA-33B,D-hi,8,A5,2,34.331665764298926,56.31284150194147,21.981175737642545,16
LLAMA-33B,D-hi,8,A5,3,56.31284150194147,78.62992215031815,22.31708064837668,16
LLAMA-33B,D-hi,8,A6,0,0.0,12.687045523852225,12.687045523852225,16
LLAMA-33B,D-hi,8,A6,1,12.687045523852225,34.331665764298926,21.6446202404467,16
LLAMA-33B,D-hi,8,A6,2,34.331665764298926,56.31284150194147,21.981175737642545,16
LLAMA-33B,D-hi,8,A6,3,56.31284150194147,78.62992215031815,22.31708064837668,16
LLAMA-33B,D-lo,8,A1,0,0.0,55.12347450560327,55.12347450560327,16
LLAMA-33B,D-lo,8,A2,0,0.0,146.3003676022744,146.3003676022744,16
LLAMA-33B,D-lo,8,A3,0,0.0,19.72850399593255,19.72850399593255,16
LLAMA-33B,D-lo,8,A3a,0,0.0,19.72850399593255,19.72850399593255,16
LLAMA-33B,D-lo,8,A3b,0,0.0,19.414269315676552,19.414269315676552,16
LLAMA-33B,D-lo,8,A4,0,0.0,19.400715668576474,19.400715668576474,16
LLAMA-33B,D-lo,8,A4b,0,0.0,19.400715668576474,19.400715668576474,16
LLAMA-33B,D-lo,8,A5,0,0.0,12.686052383863233,12.686052383863233,16
LLAMA-33B,D-lo,8,A6,0,0.0,12.686052383863233,12.686052383863233,16
LLAMA-33B,N-hi,8,A2,0,0.0,576.854246543526,576.854246543526,64
LLAMA-33B,N-hi,8,A2,1,576.854246543526,2219.20048784648,1642.346241302954,64
LLAMA-33B,N-lo,8,A1,0,0.0,15.610736365088169,15.610736365088169,4
LLAMA-33B,N-lo,8,A1,1,15.610736365088169,33.19017507314118,17.579438708053008,4
LLAMA-33B,N-lo,8,A2,0,0.0,40.49317389672384,40.49317389672384,4
LLAMA-33B,N-lo,8,A2,1,40.49317389672384,82.91858263070226,42.42540873397842,4
LLAMA-33B,N-lo,8,A3,0,0.0,8.759419206890449,8.759419206890449,4
LLAMA-33B,N-lo,8,A3,1,8.759419206890449,16.24644367195289,7.48702446506244,4
LLAMA-33B,N-lo,8,A3a,0,0.0,8.759419206890449,8.759419206890449,4
LLAMA-33B,N-lo,8,A3a,1,8.759419206890449,15.990246859251066,7.230827652360617,4
LLAMA-33B,N-lo,8,A3b,0,0.0,8.647196792764115,8.647196792764115,4
LLAMA-33B,N-lo,8,A3b,1,8.647196792764115,16.010549878878006,7.363353086113891,4
LLAMA-33B,N-lo,8,A4,0,0.0,8.643486583500897,8.643486583500897,4
LLAMA-33B,N-lo,8,A4,1,8.643486583500897,15.736834852070432,7.093348268569535,4
LLAMA-33B,N-lo,8,A4b,0,0.0,8.643486583500897,8.643486583500897,4
LLAMA-33B,N-lo,8,A4b,1,8.643486583500897,15.736834852070432,7.093348268569535,4
LLAMA-33B,N-lo,8,A5,0,0.0,7.2261546487717885,7.2261546487717885,4
LLAMA-33B,N-lo,8,A5,1,7.2261546487717885,13.756702817841969,6.5305481690701805,4
LLAMA-33B,N-lo,8,A6,0,0.0,7.2261546487717885,7.2261546487717885,4
LLAMA-33B,N-lo,8,A6,1,7.2261546487717885,13.756702817841969,6.5305481690701805,4
LLAMA-33B,baseline,8,A1,0,0.0,55.12414979526322,55.12414979526322,16
LLAMA-33B,baseline,8,A1,1,55.12414979526322,146.0693253190892,90.94517552382597,16
LLAMA-33B,baseline,8,A2,0,0.0,146.3003676022744,146.3003676022744,16
LLAMA-33B,baseline,8,A2,1,146.3003676022744,358.112053148236,211.81168554596158,16
LLAMA-33B,baseline,8,A3,0,0.0,19.728511675932825,19.728511675932825,16
LLAMA-33B,baseline,8,A3,1,19.728511675932825,47.612672937521815,27.88416126158899,16
LLAMA-33B,baseline,8,A3a,0,0.0,19.728511675932825,19.728511675932825,16
LLAMA-33B,baseline,8,A3a,1,19.728511675932825,45.7346083129087,26.006096636975872,16
LLAMA-33B,baseline,8,A3b,0,0.0,19.414276995676822,19.414276995676822,16
LLAMA-33B,baseline,8,A3b,1,19.414276995676822,46.676468349809475,27.262191354132653,16
LLAMA-33B,baseline,8,A4,0,0.0,19.401703108596138,19.401703108596138,16
LLAMA-33B,baseline,8,A4,1,19.401703108596138,44.9119722941183,25.510269185522162,16
LLAMA-33B,baseline,8,A4b,0,0.0,19.401703108596138,19.401703108596138,16
LLAMA-33B,baseline,8,A4b,1,19.401703108596138,44.9119722941183,25.510269185522162,16
LLAMA-33B,baseline,8,A5,0,0.0,12.687048073852228,12.687048073852228,16
LLAMA-33B,baseline,8,A5,1,12.687048073852228,34.32996308427396,21.642915010421735,16
LLAMA-33B,baseline,8,A6,0,0.0,12.687048073852228,12.687048073852228,16
LLAMA-33B,baseline,8,A6,1,12.687048073852228,34.32996308427396,21.642915010421735,16
LLAMA-33B,broadcast,8,A1,0,0.0,6.528978813031025,6.528978813031025,1
LLAMA-33B,broadcast,8,A1,1,6.528978813031025,62.57072339650282,56.0417445834718,16
LLAMA-33B,broadcast,8,A2,0,0.0,14.835721336613961,14.835721336613961,1
LLAMA-33B,broadcast,8,A2,1,14.835721336613961,162.42472147416368,147.5890001375497,16
LLAMA-33B,broadcast,8,A3,0,0.0,6.855768167538056,6.855768167538056,1
LLAMA-33B,broadcast,8,A3,1,6.855768167538056,24.63331648570918,17.777548318171124,16
LLAMA-33B,broadcast,8,A3a,0,0.0,6.855768167538056,6.855768167538056,1
LLAMA-33B,broadcast,8,A3a,1,6.855768167538056,24.531000351657216,17.67523218411916,16
LLAMA-33B,broadcast,8,A3b,0,0.0,6.805131186292791,6.805131186292791,1
LLAMA-33B,broadcast,8,A3b,1,6.805131186292791,24.258909598165364,17.453778411872573,16
LLAMA-33B,broadcast,8,A4,0,0.0,6.803421408971292,6.803421408971292,1
LLAMA-33B,broadcast,8,A4,1,6.803421408971292,24.143735491190796,17.340314082219503,16
LLAMA-33B,broadcast,8,A4b,0,0.0,6.803421408971292,6.803421408971292,1
LLAMA-33B,broadcast,8,A4b,1,6.803421408971292,24.143735491190796,17.340314082219503,16
LLAMA-33B,broadcast,8,A5,0,0.0,6.803421408971292,6.803421408971292,1
LLAMA-33B,broadcast,8,A5,1,6.803421408971292,17.44351432743793,10.640092918466639,16
LLAMA-33B,broadcast,8,A6,0,0.0,6.803421408971292,6.803421408971292,1
LLAMA-33B,broadcast,8,A6,1,6.803421408971292,17.44351432743793,10.640092918466639,16
LLAMA-33B,k-hi,32,A1,0,0.0,55.12414979526322,55.12414979526322,16
LLAMA-33B,k-hi,32,A1,1,55.12414979526322,146.0693253190892,90.94517552382597,16
LLAMA-33B,k-hi,32,A2,0,0.0,146.3003676022744,146.3003676022744,16
LLAMA-33B,k-hi,32,A2,1,146.3003676022744,364.5931810057798,218.2928134035054,16
LLAMA-33B,k-hi,32,A3,0,0.0,19.728503995932552,19.728503995932552,16
LLAMA-33B,k-hi,32,A3,1,19.728503995932552,55.865157368054525,36.13665337212197,16
LLAMA-33B,k-hi,32,A3a,0,0.0,19.728503995932552,19.728503995932552,16
LLAMA-33B,k-hi,32,A3a,1,19.728503995932552,53.17148055488166,33.44297655894911,16
LLAMA-33B,k-hi,32,A3b,0,0.0,19.414269315676552,19.414269315676552,16
LLAMA-33B,k-hi,32,A3b,1,19.414269315676552,54.53971130535399,35.12544198967744,16
LLAMA-33B,k-hi,32,A4,0,0.0,19.401703108596138,19.401703108596138,16
LLAMA-33B,k-hi,32,A4,1,19.401703108596138,52.432789781284875,33.03108667268874,16
LLAMA-33B,k-hi,32,A4b,0,0.0,19.401703108596138,19.401703108596138,16
LLAMA-33B,k-hi,32,A4b,1,19.401703108596138,52.432789781284875,33.03108667268874,16
LLAMA-33B,k-hi,32,A5,0,0.0,12.687048073852228,12.687048073852228,16
LLAMA-33B,k-hi,32,A5,1,12.687048073852228,50.519917835397194,37.83286976154497,16
LLAMA-33B,k-hi,32,A6,0,0.0,12.687048073852228,12.687048073852228,16
LLAMA-33B,k-hi,32,A6,1,12.687048073852228,50.519917835397194,37.83286976154497,16
LLAMA-33B,k-lo,2,A1,0,0.0,55.12414979526322,55.12414979526322,16
LLAMA-33B,k-lo,2,A1,1,55.12414979526322,146.0693253190892,90.94517552382597,16
LLAMA-33B,k-lo,2,A2,0,0.0,146.3003676022744,146.3003676022744,16
LLAMA-33B,k-lo,2,A2,1,146.3003676022744,356.6452380548991,210.3448704526247,16
LLAMA-33B,k-lo,2,A3,0,0.0,19.728506555932643,19.728506555932643,16
LLAMA-33B,k-lo,2,A3,1,19.728506555932643,44.751739428172804,25.02323287224016,16
LLAMA-33B,k-lo,2,A3a,0,0.0,19.728506555932643,19.728506555932643,16
LLAMA-33B,k-lo,2,A3a,1,19.728506555932643,43.756799619293574,24.02829306336093,16
LLAMA-33B,k-lo,2,A3b,0,0.0,19.414271875676643,19.414271875676643,16
LLAMA-33B,k-lo,2,A3b,1,19.414271875676643,43.93115429789037,24.51688242221373,16
LLAMA-33B,k-lo,2,A4,0,0.0,19.401703108596138,19.401703108596138,16
LLAMA-33B,k-lo,2,A4,1,19.401703108596138,43.16765877580611,23.765955667209973,16
LLAMA-33B,k-lo,2,A4b,0,0.0,19.401703108596138,19.401703108596138,16
LLAMA-33B,k-lo,2,A4b,1,19.401703108596138,43.16765877580611,23.765955667209973,16
LLAMA-33B,k-lo,2,A5,0,0.0,12.687048073852228,12.687048073852228,16
LLAMA-33B,k-lo,2,A5,1,12.687048073852228,30.56519365512073,17.8781455812685,16
LLAMA-33B,k-lo,2,A6,0,0.0,12.687048073852228,12.687048073852228,16
LLAMA-33B,k-lo,2,A6,1,12.687048073852228,30.56519365512073,17.8781455812685,16
LLAMA-33B,pipeline,8,A1,0,0.0,6.529574369695008,6.529574369695008,1
LLAMA-33B,pipeline,8,A1,1,6.529574369695008,13.116487226621096,6.586912856926088,1
LLAMA-33B,pipeline,8,A1,2,13.116487226621096,19.792248562240072,6.675761335618976,1
LLAMA-33B,pipeline,8,A1,3,19.792248562240072,26.515085609436067,6.722837047195995,1
LLAMA-33B,pipeline,8,A2,0,0.0,14.835721336613961,14.835721336613961,1
LLAMA-33B,pipeline,8,A2,1,14.835721336613961,27.14347474870326,12.307753412089298,1
LLAMA-33B,pipeline,8,A2,2,27.14347474870326,39.7043086727623,12.560833924059043,1
LLAMA-33B,pipeline,8,A2,3,39.7043086727623,52.5182231087903,12.813914436028,1
LLAMA-33B,pipeline,8,A3,0,0.0,6.855764332537966,6.855764332537966,1
LLAMA-33B,pipeline,8,A3,1,6.855764332537966,11.115578521696522,4.259814189158556,1
LLAMA-33B,pipeline,8,A3,2,11.115578521696522,15.393655819182214,4.278077297485693,1
LLAMA-33B,pipeline,8,A3,3,15.393655819182214,19.68991942498726,4.296263605805045,1
LLAMA-33B,pipeline,8,A3a,0,0.0,6.855764332537966,6.855764332537966,1
LLAMA-33B,pipeline,8,A3a,1,6.855764332537966,11.115500083940606,4.259735751402641,1
LLAMA-33B,pipeline,8,A3a,2,11.115500083940606,15.393498943670382,4.277998859729776,1
LLAMA-33B,pipeline,8,A3a,3,15.393498943670382,19.689760911724935,4.296261968054553,1
LLAMA-33B,pipeline,8,A3b,0,0.0,6.805127351292701,6.805127351292701,1
LLAMA-33B,pipeline,8,A3b,1,6.805127351292701,11.014167246657934,4.209039895365232,1
LLAMA-33B,pipeline,8,A3b,2,11.014167246657934,15.241328508333906,4.227161261675972,1
LLAMA-33B,pipeline,8,A3b,3,15.241328508333906,19.48653433614242,4.245205827808514,1
LLAMA-33B,pipeline,8,A4,0,0.0,6.803423968971431,6.803423968971431,1
LLAMA-33B,pipeline,8,A4,1,6.803423968971431,11.010894851512719,4.207470882541288,1
LLAMA-33B,pipeline,8,A4,2,11.010894851512719,15.23669675595935,4.225801904446632,1
LLAMA-33B,pipeline,8,A4,3,15.23669675595935,19.480525042012587,4.243828286053237,1
LLAMA-33B,pipeline,8,A4b,0,0.0,6.803423968971431,6.803423968971431,1
LLAMA-33B,pipeline,8,A4b,1,6.803423968971431,11.010894851512719,4.207470882541288,1
LLAMA-33B,pipeline,8,A4b,2,11.010894851512719,15.23669675595935,4.225801904446632,1
LLAMA-33B,pipeline,8,A4b,3,15.23669675595935,19.480525042012587,4.243828286053237,1
LLAMA-33B,pipeline,8,A5,0,0.0,6.803423968971431,6.803423968971431,1
LLAMA-33B,pipeline,8,A5,1,6.803423968971431,10.986643593716021,4.1832196247445905,1
LLAMA-33B,pipeline,8,A5,2,10.986643593716021,15.187416348651231,4.20077275493521,1
LLAMA-33B,pipeline,8,A5,3,15.187416348651231,19.405434023483206,4.218017674831975,1
LLAMA-33B,pipeline,8,A6,0,0.0,6.803423968971431,6.803423968971431,1
LLAMA-33B,pipeline,8,A6,1,6.803423968971431,10.986643593716021,4.1832196247445905,1
LLAMA-33B,pipeline,8,A6,2,10.986643593716021,15.187416348651231,4.20077275493521,1
LLAMA-33B,pipeline,8,A6,3,15.187416348651231,19.405434023483206,4.218017674831975,1
LLAMA-33B,private,8,A1,0,0.0,55.12414979526322,55.12414979526322,16
LLAMA-33B,private,8,A1,1,55.12414979526322,146.0693253190892,90.94517552382597,16
LLAMA-33B,private,8,A2,0,0.0,186.8257032242973,186.8257032242973,16
LLAMA-33B,private,8,A2,1,186.8257032242973,452.42328490112584,265.59758167682855,16
LLAMA-33B,private,8,A3,0,0.0,61.55140651422025,61.55140651422025,16
LLAMA-33B,private,8,A3,1,61.55140651422025,142.5576353157387,81.00622880151846,16
LLAMA-33B,private,8,A3a,0,0.0,61.55140651422025,61.55140651422025,16
LLAMA-33B,private,8,A3a,1,61.55140651422025,142.33481521680588,80.78340870258563,16
LLAMA-33B,private,8,A3b,0,0.0,60.7434826813961,60.7434826813961,16
LLAMA-33B,private,8,A3b,1,60.7434826813961,140.7584087748496,80.01492609345351,16
LLAMA-33B,private,8,A4,0,0.0,60.716211909401835,60.716211909401835,16
LLAMA-33B,private,8,A4,1,60.716211909401835,140.44825676509632,79.73204485569448,16
LLAMA-33B,private,8,A4b,0,0.0,60.716211909401835,60.716211909401835,16
LLAMA-33B,private,8,A4b,1,60.716211909401835,140.44825676509632,79.73204485569448,16
LLAMA-33B,private,8,A5,0,0.0,99.10231185836052,99.10231185836052,16
LLAMA-33B,private,8,A5,1,99.10231185836052,241.01165836138136,141.90934650302086,16
LLAMA-33B,private,8,A6,0,0.0,99.10231185836052,99.10231185836052,16
LLAMA-33B,private,8,A6,1,99.10231185836052,241.01165836138136,141.90934650302086,16
LLAMA-33B,reduce,8,A1,0,0.0,55.1253726390692,55.1253726390692,16
LLAMA-33B,reduce,8,A1,1,55.1253726390692,63.884293581753106,8.758920942683908,1
LLAMA-33B,reduce,8,A2,0,0.0,146.3003676022744,146.3003676022744,16
LLAMA-33B,reduce,8,A2,1,146.3003676022744,164.12987516904883,17.829507566774424,1
LLAMA-33B,reduce,8,A3,0,0.0,19.728532155932076,19.728532155932076,16
LLAMA-33B,reduce,8,A3,1,19.728532155932076,26.029960976763807,6.301428820831731,1
LLAMA-33B,reduce,8,A3a,0,0.0,19.728532155932076,19.728532155932076,16
LLAMA-33B,reduce,8,A3a,1,19.728532155932076,26.043274749790257,6.314742593858181,1
LLAMA-33B,reduce,8,A3b,0,0.0,19.414297475676104,19.414297475676104,16
LLAMA-33B,reduce,8,A3b,1,19.414297475676104,25.647033489937197,6.232736014261093,1
LLAMA-33B,reduce,8,A4,0,0.0,19.400862863566587,19.400862863566587,16
LLAMA-33B,reduce,8,A4,1,19.400862863566587,25.627898815575833,6.2270359520092455,1
LLAMA-33B,reduce,8,A4b,0,0.0,19.400862863566587,19.400862863566587,16
LLAMA-33B,reduce,8,A4b,1,19.400862863566587,25.627898815575833,6.2270359520092455,1
LLAMA-33B,reduce,8,A5,0,0.0,12.686207528852123,12.686207528852123,16
LLAMA-33B,reduce,8,A5,1,12.686207528852123,20.87274979359512,8.186542264742997,1
LLAMA-33B,reduce,8,A6,0,0.0,12.686207528852123,12.686207528852123,16
LLAMA-33B,reduce,8,A6,1,12.686207528852123,20.87274979359512,8.186542264742997,1
LLAMA-33B,supervisor,8,A1,0,0.0,6.529075631669019,6.529075631669019,1
LLAMA-33B,supervisor,8,A1,1,6.529075631669019,62.569627474608794,56.04055184293978,16
LLAMA-33B,supervisor,8,A1,2,62.569627474608794,71.43761463364152,8.867987159032722,1
LLAMA-33B,supervisor,8,A1,3,71.43761463364152,129.65368577617284,58.21607114253132,16
LLAMA-33B,supervisor,8,A2,0,0.0,14.835721336613961,14.835721336613961,1
LLAMA-33B,supervisor,8,A2,1,14.835721336613961,162.42472147416368,147.5890001375497,16
LLAMA-33B,supervisor,8,A2,2,162.42472147416368,180.53051442236253,18.105792948198854,1
LLAMA-33B,supervisor,8,A2,3,180.53051442236253,336.21809094295054,155.687576520588,16
LLAMA-33B,supervisor,8,A3,0,0.0,6.855779687537872,6.855779687537872,1
LLAMA-33B,supervisor,8,A3,1,6.855779687537872,24.633345925710472,17.7775662381726,16
LLAMA-33B,supervisor,8,A3,2,24.633345925710472,30.991512998302834,6.358167072592362,1
LLAMA-33B,supervisor,8,A3,3,30.991512998302834,49.362672474841744,18.37115947653891,16
LLAMA-33B,supervisor,8,A3a,0,0.0,6.855779687537872,6.855779687537872,1
LLAMA-33B,supervisor,8,A3a,1,6.855779687537872,24.531029791659396,17.675250104121524,16
LLAMA-33B,supervisor,8,A3a,2,24.531029791659396,30.887861914475806,6.35683212281641,1
LLAMA-33B,supervisor,8,A3a,3,30.887861914475806,49.14560438144965,18.257742466973845,16
LLAMA-33B,supervisor,8,A3b,0,0.0,6.8051427062926075,6.8051427062926075,1
LLAMA-33B,supervisor,8,A3b,1,6.8051427062926075,24.25893903816662,17.453796331874013,16
LLAMA-33B,supervisor,8,A3b,2,24.25893903816662,30.533158728186606,6.2742196900199865,1
LLAMA-33B,supervisor,8,A3b,3,30.533158728186606,48.56488899555329,18.031730267366683,16
LLAMA-33B,supervisor,8,A4,0,0.0,6.803416288971013,6.803416288971013,1
LLAMA-33B,supervisor,8,A4,1,6.803416288971013,24.143796926185846,17.340380637214835,16
LLAMA-33B,supervisor,8,A4,2,24.143796926185846,30.412361064379404,6.2685641381935575,1
LLAMA-33B,supervisor,8,A4,3,30.412361064379404,48.316729998922995,17.90436893454359,16
LLAMA-33B,supervisor,8,A4b,0,0.0,6.803416288971013,6.803416288971013,1
LLAMA-33B,supervisor,8,A4b,1,6.803416288971013,24.143796926185846,17.340380637214835,16
LLAMA-33B,supervisor,8,A4b,2,24.143796926185846,30.412361064379404,6.2685641381935575,1
LLAMA-33B,supervisor,8,A4b,3,30.412361064379404,48.316729998922995,17.90436893454359,16
LLAMA-33B,supervisor,8,A5,0,0.0,6.803416288971013,6.803416288971013,1
LLAMA-33B,supervisor,8,A5,1,6.803416288971013,17.44357547742647,10.640159188455458,16
LLAMA-33B,supervisor,8,A5,2,17.44357547742647,25.676366612956873,8.232791135530402,1
LLAMA-33B,supervisor,8,A5,3,25.676366612956873,36.85556468224505,11.17919806928818,16
LLAMA-33B,supervisor,8,A6,0,0.0,6.803416288971013,6.803416288971013,1
LLAMA-33B,supervisor,8,A6,1,6.803416288971013,17.44357547742647,10.640159188455458,16
LLAMA-33B,supervisor,8,A6,2,17.44357547742647,25.676366612956873,8.232791135530402,1
LLAMA-33B,supervisor,8,A6,3,25.676366612956873,36.85556468224505,11.17919806928818,16
LLAMA-65B,C-hi,8,A1,0,0.0,72.22489211028869,72.22489211028869,16
LLAMA-65B,C-hi,8,A1,1,72.22489211028869,169.52285539004177,97.29796327975308,16
LLAMA-65B,C-hi,8,A2,0,0.0,202.23494543788607,202.23494543788607,16
LLAMA-65B,C-hi,8,A2,1,202.23494543788607,448.57105333583894,246.33610789795287,16
LLAMA-65B,C-hi,8,A3,0,0.0,25.666614592117163,25.666614592117163,16
LLAMA-65B,C-hi,8,A3,1,25.666614592117163,58.94622355916048,33.279608967043316,16
LLAMA-65B,C-hi,8,A3a,0,0.0,25.666614592117163,25.666614592117163,16
LLAMA-65B,C-hi,8,A3a,1,25.666614592117163,53.8863331478247,28.219718555707537,16
LLAMA-65B,C-hi,8,A3b,0,0.0,25.33291223430962,25.33291223430962,16
LLAMA-65B,C-hi,8,A3b,1,25.33291223430962,57.94962268684222,32.6167104525326,16
LLAMA-65B,C-hi,8,A4,0,0.0,25.387634007290075,25.387634007290075,16
LLAMA-65B,C-hi,8,A4,1,25.387634007290075,53.22564545164547,27.838011444355395,16
LLAMA-65B,C-hi,8,A4b,0,0.0,25.387634007290075,25.387634007290075,16
LLAMA-65B,C-hi,8,A4b,1,25.387634007290075,53.22564545164547,27.838011444355395,16
LLAMA-65B,C-hi,8,A5,0,0.0,19.111397831287302,19.111397831287302,16
LLAMA-65B,C-hi,8,A5,1,19.111397831287302,38.99715318998648,19.885755358699175,16
LLAMA-65B,C-hi,8,A6,0,0.0,19.111397831287302,19.111397831287302,16
LLAMA-65B,C-hi,8,A6,1,19.111397831287302,38.99715318998648,19.885755358699175,16
LLAMA-65B,C-lo,8,A1,0,0.0,19.095828983247667,19.095828983247667,16
LLAMA-65B,C-lo,8,A1,1,19.095828983247667,52.154883402039275,33.059054418791604,16
LLAMA-65B,C-lo,8,A2,0,0.0,58.45734828324758,58.45734828324758,16
LLAMA-65B,C-lo,8,A2,1,58.45734828324758,163.19257856160846,104.73523027836087,16
LLAMA-65B,C-lo,8,A3,0,0.0,11.336868408309078,11.336868408309078,16
LLAMA-65B,C-lo,8,A3,1,11.336868408309078,27.8833556680799,16.54648725977082,16
LLAMA-65B,C-lo,8,A3a,0,0.0,11.336868408309078,11.336868408309078,16
LLAMA-65B,C-lo,8,A3a,1,11.336868408309078,26.29123506790784,14.954366659598763,16
LLAMA-65B,C-lo,8,A3b,0,0.0,11.388704507419178,11.388704507419178,16
LLAMA-65B,C-lo,8,A3b,1,11.388704507419178,27.824926231108915,16.436221723689737,16
LLAMA-65B,C-lo,8,A4,0,0.0,11.3789233665624,11.3789233665624,16
LLAMA-65B,C-lo,8,A4,1,11.3789233665624,26.324462665280148,14.945539298717748,16
LLAMA-65B,C-lo,8,A4b,0,0.0,11.3789233665624,11.3789233665624,16
LLAMA-65B,C-lo,8,A4b,1,11.3789233665624,26.324462665280148,14.945539298717748,16
LLAMA-65B,C-lo,8,A5,0,0.0,9.81202019987295,9.81202019987295,16
LLAMA-65B,C-lo,8,A5,1,9.81202019987295,22.44804337876904,12.636023178896089,16
LLAMA-65B,C-lo,8,A6,0,0.0,9.81202019987295,9.81202019987295,16
LLAMA-65B,C-lo,8,A6,1,9.81202019987295,22.44804337876904,12.636023178896089,16
LLAMA-65B,D-hi,8,A2,0,0.0,105.385228527157,105.385228527157,16
LLAMA-65B,D-hi,8,A2,1,105.385228527157,256.78530707921846,151.40007855206147,16
LLAMA-65B,D-hi,8,A2,2,256.78530707921846,411.0606056279663,154.27529854874786,16
LLAMA-65B,D-hi,8,A2,3,411.0606056279663,568.2111241735349,157.15051854556862,16
LLAMA-65B,D-hi,8,A3,0,0.0,15.213777827399111,15.213777827399111,16
LLAMA-65B,D-hi,8,A3,1,15.213777827399111,36.8126684436998,21.598890616300686,16
LLAMA-65B,D-hi,8,A3,2,36.8126684436998,58.645510528223596,21.832842084523797,16
LLAMA-65B,D-hi,8,A3,3,58.645510528223596,80.66150227994993,22.015991751726332,16
LLAMA-65B,D-hi,8,A3a,0,0.0,15.213777827399111,15.213777827399111,16
LLAMA-65B,D-hi,8,A3a,1,15.213777827399111,34.16864370381332,18.95486587641421,16
LLAMA-65B,D-hi,8,A3a,2,34.16864370381332,53.321780505131834,19.15313680131851,16
LLAMA-65B,D-hi,8,A3a,3,53.321780505131834,72.67478222853616,19.353001723404326,16
LLAMA-65B,D-hi,8,A3b,0,0.0,15.25852682232043,15.25852682232043,16
LLAMA-65B,D-hi,8,A3b,1,15.25852682232043,36.74415533400864,21.48562851168821,16
LLAMA-65B,D-hi,8,A3b,2,36.74415533400864,58.43773154992609,21.693576215917453,16
LLAMA-65B,D-hi,8,A3b,3,58.43773154992609,80.29685184576725,21.85912029584116,16
LLAMA-65B,D-hi,8,A4,0,0.0,15.188739983389134,15.188739983389134,16
LLAMA-65B,D-hi,8,A4,1,15.188739983389134,33.76157879044318,18.572838807054048,16
LLAMA-65B,D-hi,8,A4,2,33.76157879044318,52.5265203963809,18.76494160593772,16
LLAMA-65B,D-hi,8,A4,3,52.5265203963809,71.48354425347814,18.95702385709724,16
LLAMA-65B,D-hi,8,A4b,0,0.0,15.188739983389134,15.188739983389134,16
LLAMA-65B,D-hi,8,A4b,1,15.188739983389134,33.76157879044318,18.572838807054048,16
LLAMA-65B,D-hi,8,A4b,2,33.76157879044318,52.5265203963809,18.76494160593772,16
LLAMA-65B,D-hi,8,A4b,3,52.5265203963809,71.48354425347814,18.95702385709724,16
LLAMA-65B,D-hi,8,A5,0,0.0,11.997367874768349,11.997367874768349,16
LLAMA-65B,D-hi,8,A5,1,11.997367874768349,26.69601965193576,14.698651777167411,16
LLAMA-65B,D-hi,8,A5,2,26.69601965193576,41.5627695541312,14.86674990219544,16
LLAMA-65B,D-hi,8,A5,3,41.5627695541312,56.596769566559374,15.034000012428173,16
LLAMA-65B,D-hi,8,A6,0,0.0,11.997367874768349,11.997367874768349,16
LLAMA-65B,D-hi,8,A6,1,11.997367874768349,26.69601965193576,14.698651777167411,16
LLAMA-65B,D-hi,8,A6,2,26.69601965193576,41.5627695541312,14.86674990219544,16
LLAMA-65B,D-hi,8,A6,3,41.5627695541312,56.596769566559374,15.034000012428173,16
LLAMA-65B,D-lo,8,A1,0,0.0,33.34482230284424,33.34482230284424,16
LLAMA-65B,D-lo,8,A2,0,0.0,105.385228527157,105.385228527157,16
LLAMA-65B,D-lo,8,A3,0,0.0,15.213752227398496,15.213752227398496,16
LLAMA-65B,D-lo,8,A3a,0,0.0,15.213752227398496,15.213752227398496,16
LLAMA-65B,D-lo,8,A3b,0,0.0,15.25850122231981,15.25850122231981,16
LLAMA-65B,D-lo,8,A4,0,0.0,15.187427218389093,15.187427218389093,16
LLAMA-65B,D-lo,8,A4b,0,0.0,15.187427218389093,15.187427218389093,16
LLAMA-65B,D-lo,8,A5,0,0.0,11.99604405978841,11.99604405978841,16
LLAMA-65B,D-lo,8,A6,0,0.0,11.99604405978841,11.99604405978841,16
LLAMA-65B,N-hi,8,A2,0,0.0,412.8087596199,412.8087596199,64
LLAMA-65B,N-hi,8,A2,1,412.8087596199,1580.6750111898468,1167.8662515699468,64
LLAMA-65B,N-lo,8,A1,0,0.0,10.27026426414208,10.27026426414208,4
LLAMA-65B,N-lo,8,A1,1,10.27026426414208,21.455575291904243,11.185311027762163,4
LLAMA-65B,N-lo,8,A2,0,0.0,30.464228753728857,30.464228753728857,4
LLAMA-65B,N-lo,8,A2,1,30.464228753728857,61.547204104649865,31.082975350921007,4
LLAMA-65B,N-lo,8,A3,0,0.0,7.781549542153017,7.781549542153017,4
LLAMA-65B,N-lo,8,A3,1,7.781549542153017,14.127978056398454,6.346428514245438,4
LLAMA-65B,N-lo,8,A3a,0,0.0,7.781549542153017,7.781549542153017,4
LLAMA-65B,N-lo,8,A3a,1,7.781549542153017,13.775042939621379,5.993493397468362,4
LLAMA-65B,N-lo,8,A3b,0,0.0,7.739591385567183,7.739591385567183,4
LLAMA-65B,N-lo,8,A3b,1,7.739591385567183,14.045994495417542,6.306403109850359,4
LLAMA-65B,N-lo,8,A4,0,0.0,7.731582756412239,7.731582756412239,4
LLAMA-65B,N-lo,8,A4,1,7.731582756412239,13.664492962948627,5.932910206536388,4
LLAMA-65B,N-lo,8,A4b,0,0.0,7.731582756412239,7.731582756412239,4
LLAMA-65B,N-lo,8,A4b,1,7.731582756412239,13.664492962948627,5.932910206536388,4
LLAMA-65B,N-lo,8,A5,0,0.0,7.092665070572417,7.092665070572417,4
LLAMA-65B,N-lo,8,A5,1,7.092665070572417,12.411012278568775,5.318347207996358,4
LLAMA-65B,N-lo,8,A6,0,0.0,7.092665070572417,7.092665070572417,4
LLAMA-65B,N-lo,8,A6,1,7.092665070572417,12.411012278568775,5.318347207996358,4
LLAMA-65B,baseline,8,A1,0,0.0,33.34423406859751,33.34423406859751,16
LLAMA-65B,baseline,8,A1,1,33.34423406859751,83.4741775708521,50.1299435022546,16
LLAMA-65B,baseline,8,A2,0,0.0,105.385228527157,105.385228527157,16
LLAMA-65B,baseline,8,A2,1,105.385228527157,256.78530707921846,151.40007855206147,16
LLAMA-65B,baseline,8,A3,0,0.0,15.213772707399174,15.213772707399174,16
LLAMA-65B,baseline,8,A3,1,15.213772707399174,36.812654348703425,21.598881641304253,16
LLAMA-65B,baseline,8,A3a,0,0.0,15.213772707399174,15.213772707399174,16
LLAMA-65B,baseline,8,A3a,1,15.213772707399174,34.168623208811844,18.954850501412672,16
LLAMA-65B,baseline,8,A3b,0,0.0,15.258521702320495,15.258521702320495,16
LLAMA-65B,baseline,8,A3b,1,15.258521702320495,36.74414123901229,21.4856195366918,16
LLAMA-65B,baseline,8,A4,0,0.0,15.188746368389245,15.188746368389245,16
LLAMA-65B,baseline,8,A4,1,15.188746368389245,33.759921025395045,18.5711746570058,16
LLAMA-65B,baseline,8,A4b,0,0.0,15.188746368389245,15.188746368389245,16
LLAMA-65B,baseline,8,A4b,1,15.188746368389245,33.759921025395045,18.5711746570058,16
LLAMA-65B,baseline,8,A5,0,0.0,11.99737440976831,11.99737440976831,16
LLAMA-65B,baseline,8,A5,1,11.99737440976831,26.693755771801086,14.696381362032776,16
LLAMA-65B,baseline,8,A6,0,0.0,11.99737440976831,11.99737440976831,16
LLAMA-65B,baseline,8,A6,1,11.99737440976831,26.693755771801086,14.696381362032776,16
LLAMA-65B,broadcast,8,A1,0,0.0,5.470163023810337,5.470163023810337,1
LLAMA-65B,broadcast,8,A1,1,5.470163023810337,39.342124492179344,33.87196146836901,16
LLAMA-65B,broadcast,8,A2,0,0.0,12.701420310268334,12.701420310268334,1
LLAMA-65B,broadcast,8,A2,1,12.701420310268334,118.01828142710818,105.31686111683985,16
LLAMA-65B,broadcast,8,A3,0,0.0,6.910822954921127,6.910822954921127,1
LLAMA-65B,broadcast,8,A3,1,6.910822954921127,19.790096850571373,12.879273895650247,16
LLAMA-65B,broadcast,8,A3a,0,0.0,6.910822954921127,6.910822954921127,1
LLAMA-65B,broadcast,8,A3a,1,6.910822954921127,19.699977324358873,12.789154369437746,16
LLAMA-65B,broadcast,8,A3b,0,0.0,6.88323488446186,6.88323488446186,1
LLAMA-65B,broadcast,8,A3b,1,6.88323488446186,19.802351516513575,12.919116632051715,16
LLAMA-65B,broadcast,8,A4,0,0.0,6.8814060489819155,6.8814060489819155,1
LLAMA-65B,broadcast,8,A4,1,6.8814060489819155,19.63789102670319,12.756484977721275,16
LLAMA-65B,broadcast,8,A4b,0,0.0,6.8814060489819155,6.8814060489819155,1
LLAMA-65B,broadcast,8,A4b,1,6.8814060489819155,19.63789102670319,12.756484977721275,16
LLAMA-65B,broadcast,8,A5,0,0.0,6.8814060489819155,6.8814060489819155,1
LLAMA-65B,broadcast,8,A5,1,6.8814060489819155,16.421020564091453,9.539614515109538,16
LLAMA-65B,broadcast,8,A6,0,0.0,6.8814060489819155,6.8814060489819155,1
LLAMA-65B,broadcast,8,A6,1,6.8814060489819155,16.421020564091453,9.539614515109538,16
LLAMA-65B,k-hi,32,A1,0,0.0,33.34423406859751,33.34423406859751,16
LLAMA-65B,k-hi,32,A1,1,33.34423406859751,83.4741775708521,50.1299435022546,16
LLAMA-65B,k-hi,32,A2,0,0.0,105.385228527157,105.385228527157,16
LLAMA-65B,k-hi,32,A2,1,105.385228527157,263.8759644376246,158.4907359104676,16
LLAMA-65B,k-hi,32,A3,0,0.0,15.213754787398544,15.213754787398544,16
LLAMA-65B,k-hi,32,A3,1,15.213754787398544,45.78040965468046,30.56665486728192,16
LLAMA-65B,k-hi,32,A3a,0,0.0,15.213754787398544,15.213754787398544,16
LLAMA-65B,k-hi,32,A3a,1,15.213754787398544,41.68337341784289,26.469618630444344,16
LLAMA-65B,k-hi,32,A3b,0,0.0,15.25850378231986,15.25850378231986,16
LLAMA-65B,k-hi,32,A3b,1,15.25850378231986,45.429176302545144,30.170672520225285,16
LLAMA-65B,k-hi,32,A4,0,0.0,15.188746368389245,15.188746368389245,16
LLAMA-65B,k-hi,32,A4,1,15.188746368389245,41.276239491990836,26.08749312360159,16
LLAMA-65B,k-hi,32,A4b,0,0.0,15.188746368389245,15.188746368389245,16
LLAMA-65B,k-hi,32,A4b,1,15.188746368389245,41.276239491990836,26.08749312360159,16
LLAMA-65B,k-hi,32,A5,0,0.0,11.99737440976831,11.99737440976831,16
LLAMA-65B,k-hi,32,A5,1,11.99737440976831,34.18233969997615,22.184965290207835,16
LLAMA-65B,k-hi,32,A6,0,0.0,11.99737440976831,11.99737440976831,16
LLAMA-65B,k-hi,32,A6,1,11.99737440976831,34.18233969997615,22.184965290207835,16
LLAMA-65B,k-lo,2,A1,0,0.0,33.34423406859751,33.34423406859751,16
LLAMA-65B,k-lo,2,A1,1,33.34423406859751,83.4741775708521,50.1299435022546,16
LLAMA-65B,k-lo,2,A2,0,0.0,105.385228527157,105.385228527157,16
LLAMA-65B,k-lo,2,A2,1,105.385228527157,255.17916727002768,149.7939387428707,16
LLAMA-65B,k-lo,2,A3,0,0.0,15.213762467398833,15.213762467398833,16
LLAMA-65B,k-lo,2,A3,1,15.213762467398833,33.35819374383831,18.144431276439473,16
LLAMA-65B,k-lo,2,A3a,0,0.0,15.213762467398833,15.213762467398833,16
LLAMA-65B,k-lo,2,A3a,1,15.213762467398833,32.33552879799817,17.12176633059934,16
LLAMA-65B,k-lo,2,A3b,0,0.0,15.258511462320154,15.258511462320154,16
LLAMA-65B,k-lo,2,A3b,1,15.258511462320154,33.15369483541606,17.895183373095907,16
LLAMA-65B,k-lo,2,A4,0,0.0,15.188746368389245,15.188746368389245,16
LLAMA-65B,k-lo,2,A4,1,15.188746368389245,32.03388501334367,16.845138644954424,16
LLAMA-65B,k-lo,2,A4b,0,0.0,15.188746368389245,15.188746368389245,16
LLAMA-65B,k-lo,2,A4b,1,15.188746368389245,32.03388501334367,16.845138644954424,16
LLAMA-65B,k-lo,2,A5,0,0.0,11.99737440976831,11.99737440976831,16
LLAMA-65B,k-lo,2,A5,1,11.99737440976831,24.893107698639923,12.895733288871613,16
LLAMA-65B,k-lo,2,A6,0,0.0,11.99737440976831,11.99737440976831,16
LLAMA-65B,k-lo,2,A6,1,11.99737440976831,24.893107698639923,12.895733288871613,16
LLAMA-65B,pipeline,8,A1,0,0.0,5.470726036394322,5.470726036394322,1
LLAMA-65B,pipeline,8,A1,1,5.470726036394322,10.973989231946744,5.503263195552422,1
LLAMA-65B,pipeline,8,A1,2,10.973989231946744,16.497021730366992,5.523032498420248,1
LLAMA-65B,pipeline,8,A1,3,16.497021730366992,22.039942317152445,5.542920586785453,1
LLAMA-65B,pipeline,8,A2,0,0.0,12.701420310268334,12.701420310268334,1
LLAMA-65B,pipeline,8,A2,1,12.701420310268334,22.669769379705958,9.968349069437624,1
LLAMA-65B,pipeline,8,A2,2,22.669769379705958,32.813868712569615,10.144099332863657,1
LLAMA-65B,pipeline,8,A2,3,32.813868712569615,43.13371830885852,10.319849596288904,1
LLAMA-65B,pipeline,8,A3,0,0.0,6.910812719921155,6.910812719921155,1
LLAMA-65B,pipeline,8,A3,1,6.910812719921155,11.12944889516392,4.218636175242765,1
LLAMA-65B,pipeline,8,A3,2,11.12944889516392,15.356561587772084,4.227112692608165,1
LLAMA-65B,pipeline,8,A3,3,15.356561587772084,19.59204839773301,4.235486809960925,1
LLAMA-65B,pipeline,8,A3a,0,0.0,6.910812719921155,6.910812719921155,1
LLAMA-65B,pipeline,8,A3a,1,6.910812719921155,11.128867900609052,4.218055180687897,1
LLAMA-65B,pipeline,8,A3a,2,11.128867900609052,15.35539959866235,4.226531698053298,1
LLAMA-65B,pipeline,8,A3a,3,15.35539959866235,19.5904078140729,4.23500821541055,1
LLAMA-65B,pipeline,8,A3b,0,0.0,6.883224649461888,6.883224649461888,1
LLAMA-65B,pipeline,8,A3b,1,6.883224649461888,11.07421172657362,4.190987077111733,1
LLAMA-65B,pipeline,8,A3b,2,11.07421172657362,15.273612324643668,4.1994005980700475,1
LLAMA-65B,pipeline,8,A3b,3,15.273612324643668,19.481324043315364,4.207711718671696,1
LLAMA-65B,pipeline,8,A4,0,0.0,6.881407328981987,6.881407328981987,1
LLAMA-65B,pipeline,8,A4,1,6.881407328981987,11.0700726608949,4.188665331912913,1
LLAMA-65B,pipeline,8,A4,2,11.0700726608949,15.267431481226478,4.197358820331578,1
LLAMA-65B,pipeline,8,A4,3,15.267431481226478,19.47307930463734,4.205647823410864,1
LLAMA-65B,pipeline,8,A4b,0,0.0,6.881407328981987,6.881407328981987,1
LLAMA-65B,pipeline,8,A4b,1,6.881407328981987,11.0700726608949,4.188665331912913,1
LLAMA-65B,pipeline,8,A4b,2,11.0700726608949,15.267431481226478,4.197358820331578,1
LLAMA-65B,pipeline,8,A4b,3,15.267431481226478,19.47307930463734,4.205647823410864,1
LLAMA-65B,pipeline,8,A5,0,0.0,6.881407328981987,6.881407328981987,1
LLAMA-65B,pipeline,8,A5,1,6.881407328981987,11.047914555685459,4.166507226703472,1
LLAMA-65B,pipeline,8,A5,2,11.047914555685459,15.222423748295418,4.174509192609959,1
LLAMA-65B,pipeline,8,A5,3,15.222423748295418,19.40452566647695,4.182101918181532,1
LLAMA-65B,pipeline,8,A6,0,0.0,6.881407328981987,6.881407328981987,1
LLAMA-65B,pipeline,8,A6,1,6.881407328981987,11.047914555685459,4.166507226703472,1
LLAMA-65B,pipeline,8,A6,2,11.047914555685459,15.222423748295418,4.174509192609959,1
LLAMA-65B,pipeline,8,A6,3,15.222423748295418,19.40452566647695,4.182101918181532,1
LLAMA-65B,private,8,A1,0,0.0,33.34423406859751,33.34423406859751,16
LLAMA-65B,private,8,A1,1,33.34423406859751,83.4741775708521,50.1299435022546,16
LLAMA-65B,private,8,A2,0,0.0,147.8864076048064,147.8864076048064,16
LLAMA-65B,private,8,A2,1,147.8864076048064,358.92501599380614,211.03860838899973,16
LLAMA-65B,private,8,A3,0,0.0,58.299418521025814,58.299418521025814,16
LLAMA-65B,private,8,A3,1,58.299418521025814,137.63017106116249,79.33075254013667,16
LLAMA-65B,private,8,A3a,0,0.0,58.299418521025814,58.299418521025814,16
LLAMA-65B,private,8,A3a,1,58.299418521025814,137.32586204111757,79.02644352009176,16
LLAMA-65B,private,8,A3b,0,0.0,57.85901734964443,57.85901734964443,16
LLAMA-65B,private,8,A3b,1,57.85901734964443,136.66576559201815,78.80674824237371,16
LLAMA-65B,private,8,A4,0,0.0,57.82993252384716,57.82993252384716,16
LLAMA-65B,private,8,A4,1,57.82993252384716,136.28219842335938,78.45226589951221,16
LLAMA-65B,private,8,A4b,0,0.0,57.82993252384716,57.82993252384716,16
LLAMA-65B,private,8,A4b,1,57.82993252384716,136.28219842335938,78.45226589951221,16
LLAMA-65B,private,8,A5,0,0.0,55.905789764453374,55.905789764453374,16
LLAMA-65B,private,8,A5,1,55.905789764453374,128.29985405319903,72.39406428874565,16
LLAMA-65B,reduce,8,A1,0,0.0,33.344523710909876,33.344523710909876,16
LLAMA-65B,reduce,8,A1,1,33.344523710909876,39.85494529519368,6.5104215842838045,1
LLAMA-65B,reduce,8,A2,0,0.0,105.385228527157,105.385228527157,16
LLAMA-65B,reduce,8,A2,1,105.385228527157,119.89571555345128,14.510487026294285,1
LLAMA-65B,reduce,8,A3,0,0.0,15.213793187398272,15.213793187398272,16
LLAMA-65B,reduce,8,A3,1,15.213793187398272,21.502984783534462,6.28919159613619,1
LLAMA-65B,reduce,8,A3a,0,0.0,15.213793187398272,15.213793187398272,16
LLAMA-65B,reduce,8,A3a,1,15.213793187398272,21.49156498485368,6.27777179745541,1
LLAMA-65B,reduce,8,A3b,0,0.0,15.258542182319585,15.258542182319585,16
LLAMA-65B,reduce,8,A3b,1,15.258542182319585,21.51210183443541,6.253559652115824,1
LLAMA-65B,reduce,8,A4,0,0.0,15.187625613369093,15.187625613369093,16
LLAMA-65B,reduce,8,A4,1,15.187625613369093,21.41760455739127,6.229978944022179,1
LLAMA-65B,reduce,8,A4b,0,0.0,15.187625613369093,15.187625613369093,16
LLAMA-65B,reduce,8,A4b,1,15.187625613369093,21.41760455739127,6.229978944022179,1
LLAMA-65B,reduce,8,A5,0,0.0,11.996253204775197,11.996253204775197,16
LLAMA-65B,reduce,8,A5,1,11.996253204775197,18.07586288172621,6.079609676951012,1
LLAMA-65B,reduce,8,A6,0,0.0,11.996253204775197,11.996253204775197,16
LLAMA-65B,reduce,8,A6,1,11.996253204775197,18.07586288172621,6.079609676951012,1
LLAMA-65B,supervisor,8,A1,0,0.0,5.4704485981123305,5.4704485981123305,1
LLAMA-65B,supervisor,8,A1,1,5.4704485981123305,39.34209927051734,33.87165067240501,16
LLAMA-65B,supervisor,8,A1,2,39.34209927051734,45.87924525973256,6.537145989215226,1
LLAMA-65B,supervisor,8,A1,3,45.87924525973256,80.37804944290441,34.49880418317185,16
LLAMA-65B,supervisor,8,A2,0,0.0,12.701420310268334,12.701420310268334,1
LLAMA-65B,supervisor,8,A2,1,12.701420310268334,118.01828142710818,105.31686111683985,16
LLAMA-65B,supervisor,8,A2,2,118.01828142710818,132.73545854276503,14.717177115656852,1
LLAMA-65B,supervisor,8,A2,3,132.73545854276503,243.6763280891673,110.94086954640227,16
LLAMA-65B,supervisor,8,A3,0,0.0,6.910829354920973,6.910829354920973,1
LLAMA-65B,supervisor,8,A3,1,6.910829354920973,19.79011093057238,12.879281575651405,16
LLAMA-65B,supervisor,8,A3,2,19.79011093057238,26.125639205059393,6.3355282744870145,1
LLAMA-65B,supervisor,8,A3,3,26.125639205059393,39.289598388524944,13.16395918346555,16
LLAMA-65B,supervisor,8,A3a,0,0.0,6.910829354920973,6.910829354920973,1
LLAMA-65B,supervisor,8,A3a,1,6.910829354920973,19.699991404360482,12.789162049439508,16
LLAMA-65B,supervisor,8,A3a,2,19.699991404360482,26.01752035896158,6.317528954601098,1
LLAMA-65B,supervisor,8,A3a,3,26.01752035896158,39.079394116175614,13.061873757214034,16
LLAMA-65B,supervisor,8,A3b,0,0.0,6.8832412844617075,6.8832412844617075,1
LLAMA-65B,supervisor,8,A3b,1,6.8832412844617075,19.802365596514576,12.919124312052869,16
LLAMA-65B,supervisor,8,A3b,2,19.802365596514576,26.095482115354155,6.293116518839579,1
LLAMA-65B,supervisor,8,A3b,3,26.095482115354155,39.291731297657876,13.19624918230372,16
LLAMA-65B,supervisor,8,A4,0,0.0,6.881400928981629,6.881400928981629,1
LLAMA-65B,supervisor,8,A4,1,6.881400928981629,19.63797678669108,12.756575857709452,16
LLAMA-65B,supervisor,8,A4,2,19.63797678669108,25.907580049884764,6.269603263193684,1
LLAMA-65B,supervisor,8,A4,3,25.907580049884764,38.92538599105086,13.017805941166095,16
LLAMA-65B,supervisor,8,A4b,0,0.0,6.881400928981629,6.881400928981629,1
LLAMA-65B,supervisor,8,A4b,1,6.881400928981629,19.63797678669108,12.756575857709452,16
LLAMA-65B,supervisor,8,A4b,2,19.63797678669108,25.907580049884764,6.269603263193684,1
LLAMA-65B,supervisor,8,A4b,3,25.907580049884764,38.92538599105086,13.017805941166095,16
LLAMA-65B,supervisor,8,A5,0,0.0,6.881400928981629,6.881400928981629,1
LLAMA-65B,supervisor,8,A5,1,6.881400928981629,16.421106549073148,9.53970562009152,16
LLAMA-65B,supervisor,8,A5,2,16.421106549073148,22.53196372016493,6.110857171091784,1
LLAMA-65B,supervisor,8,A5,3,22.53196372016493,32.31069473014716,9.77873100998223,16
LLAMA-65B,supervisor,8,A6,0,0.0,6.881400928981629,6.881400928981629,1
LLAMA-65B,supervisor,8,A6,1,6.881400928981629,16.421106549073148,9.53970562009152,16
LLAMA-65B,supervisor,8,A6,2,16.421106549073148,22.53196372016493,6.110857171091784,1
LLAMA-65B,supervisor,8,A6,3,22.53196372016493,32.31069473014716,9.77873100998223,16
LLAMA-7B,C-hi,8,A1,0,0.0,328.96130849807105,328.96130849807105,16
LLAMA-7B,C-hi,8,A1,1,328.96130849807105,795.1068078749464,466.14549937687536,16
LLAMA-7B,C-hi,8,A2,0,0.0,171.5687072074311,171.5687072074311,16
LLAMA-7B,C-hi,8,A2,1,171.5687072074311,382.774014388551,211.2053071811199,16
LLAMA-7B,C-hi,8,A3,0,0.0,106.33114431865165,106.33114431865165,16
LLAMA-7B,C-hi,8,A3,1,106.33114431865165,245.8069540086961,139.47580969004446,16
LLAMA-7B,C-hi,8,A3a,0,0.0,106.33114431865165,106.33114431865165,16
LLAMA-7B,C-hi,8,A3a,1,106.33114431865165,243.15793713109758,136.82679281244594,16
LLAMA-7B,C-hi,8,A3b,0,0.0,106.33114431865165,106.33114431865165,16
LLAMA-7B,C-hi,8,A3b,1,106.33114431865165,245.8069540086961,139.47580969004446,16
LLAMA-7B,C-hi,8,A4,0,0.0,106.32958191890442,106.32958191890442,16
LLAMA-7B,C-hi,8,A4,1,106.32958191890442,242.92202618508543,136.59244426618102,16
LLAMA-7B,C-hi,8,A4b,0,0.0,106.28535839094711,106.28535839094711,16
LLAMA-7B,C-hi,8,A4b,1,106.28535839094711,243.28486310030706,136.99950470935994,16
LLAMA-7B,C-hi,8,A5,0,0.0,33.71006027622875,33.71006027622875,16
LLAMA-7B,C-hi,8,A5,1,33.71006027622875,187.5403826683573,153.83032239212855,16
LLAMA-7B,C-hi,8,A6,0,0.0,33.71006027622875,33.71006027622875,16
LLAMA-7B,C-hi,8,A6,1,33.71006027622875,187.5403826683573,153.83032239212855,16
LLAMA-7B,C-lo,8,A1,0,0.0,50.9627638685907,50.9627638685907,16
LLAMA-7B,C-lo,8,A1,1,50.9627638685907,168.58656984972356,117.62380598113286,16
LLAMA-7B,C-lo,8,A2,0,0.0,47.625062737040174,47.625062737040174,16
LLAMA-7B,C-lo,8,A2,1,47.625062737040174,135.84779556594185,88.22273282890168,16
LLAMA-7B,C-lo,8,A3,0,0.0,30.679787211448243,30.679787211448243,16
LLAMA-7B,C-lo,8,A3,1,30.679787211448243,89.7610878727098,59.08130066126155,16
LLAMA-7B,C-lo,8,A3a,0,0.0,30.679787211448243,30.679787211448243,16
LLAMA-7B,C-lo,8,A3a,1,30.679787211448243,88.91552312545406,58.235735914005815,16
LLAMA-7B,C-lo,8,A3b,0,0.0,30.679787211448243,30.679787211448243,16
LLAMA-7B,C-lo,8,A3b,1,30.679787211448243,89.7610878727098,59.08130066126155,16
LLAMA-7B,C-lo,8,A4,0,0.0,30.68076714094445,30.68076714094445,16
LLAMA-7B,C-lo,8,A4,1,30.68076714094445,88.90783537965234,58.227068238707886,16
LLAMA-7B,C-lo,8,A4b,0,0.0,30.666429142114062,30.666429142114062,16
LLAMA-7B,C-lo,8,A4b,1,30.666429142114062,89.18643337364448,58.520004231530415,16
LLAMA-7B,C-lo,8,A5,0,0.0,11.789345414301271,11.789345414301271,16
LLAMA-7B,C-lo,8,A5,1,11.789345414301271,64.95404169246179,53.16469627816051,16
LLAMA-7B,C-lo,8,A6,0,0.0,11.789345414301271,11.789345414301271,16
LLAMA-7B,C-lo,8,A6,1,11.789345414301271,64.95404169246179,53.16469627816051,16
LLAMA-7B,D-hi,8,A1,0,0.0,119.59939920968999,119.59939920968999,16
LLAMA-7B,D-hi,8,A1,1,119.59939920968999,329.10124150138483,209.50184229169486,16
LLAMA-7B,D-hi,8,A1,2,329.10124150138483,542.5227922357365,213.42155073435163,16
LLAMA-7B,D-hi,8,A1,3,542.5227922357365,760.4525279486252,217.92973571288871,16
LLAMA-7B,D-hi,8,A2,0,0.0,88.54363177641629,88.54363177641629,16
LLAMA-7B,D-hi,8,A2,1,88.54363177641629,217.53241037463525,128.98877859821897,16
LLAMA-7B,D-hi,8,A2,2,217.53241037463525,349.05103521534187,131.51862484070662,16
LLAMA-7B,D-hi,8,A2,3,349.05103521534187,483.09950629858014,134.04847108323827,16
LLAMA-7B,D-hi,8,A3,0,0.0,55.566989849004536,55.566989849004536,16
LLAMA-7B,D-hi,8,A3,1,55.566989849004536,141.6345749945594,86.06758514555486,16
LLAMA-7B,D-hi,8,A3,2,141.6345749945594,229.337735405479,87.70316041091962,16
LLAMA-7B,D-hi,8,A3,3,229.337735405479,318.7191787127627,89.38144330728369,16
LLAMA-7B,D-hi,8,A3a,0,0.0,55.566989849004536,55.566989849004536,16
LLAMA-7B,D-hi,8,A3a,1,55.566989849004536,140.59692161293393,85.0299317639294,16
LLAMA-7B,D-hi,8,A3a,2,140.59692161293393,227.21214594311593,86.615224330182,16
LLAMA-7B,D-hi,8,A3a,3,227.21214594311593,315.4245067778896,88.21236083477365,16
LLAMA-7B,D-hi,8,A3b,0,0.0,55.566989849004536,55.566989849004536,16
LLAMA-7B,D-hi,8,A3b,1,55.566989849004536,141.6345749945594,86.06758514555486,16
LLAMA-7B,D-hi,8,A3b,2,141.6345749945594,229.337735405479,87.70316041091962,16
LLAMA-7B,D-hi,8,A3b,3,229.337735405479,318.7191787127627,89.38144330728369,16
LLAMA-7B,D-hi,8,A4,0,0.0,55.56531224594248,55.56531224594248,16
LLAMA-7B,D-hi,8,A4,1,55.56531224594248,140.23471230332015,84.66940005737767,16
LLAMA-7B,D-hi,8,A4,2,140.23471230332015,226.7364121336402,86.50169983032004,16
LLAMA-7B,D-hi,8,A4,3,226.7364121336402,315.2237173172509,88.48730518361069,16
LLAMA-7B,D-hi,8,A4b,0,0.0,55.52252503658937,55.52252503658937,16
LLAMA-7B,D-hi,8,A4b,1,55.52252503658937,140.54397698398483,85.02145194739546,16
LLAMA-7B,D-hi,8,A4b,2,140.54397698398483,227.3994697940361,86.85549281005126,16
LLAMA-7B,D-hi,8,A4b,3,227.3994697940361,315.83906343376964,88.43959363973354,16
LLAMA-7B,D-hi,8,A5,0,0.0,18.76212158972598,18.76212158972598,16
LLAMA-7B,D-hi,8,A5,1,18.76212158972598,100.0980251357996,81.33590354607362,16
LLAMA-7B,D-hi,8,A5,2,100.0980251357996,184.09219230571267,83.99416716991307,16
LLAMA-7B,D-hi,8,A5,3,184.09219230571267,270.6095063139867,86.51731400827401,16
LLAMA-7B,D-hi,8,A6,0,0.0,18.76212158972598,18.76212158972598,16
LLAMA-7B,D-hi,8,A6,1,18.76212158972598,100.0980251357996,81.33590354607362,16
LLAMA-7B,D-hi,8,A6,2,100.0980251357996,184.09219230571267,83.99416716991307,16
LLAMA-7B,D-hi,8,A6,3,184.09219230571267,270.6095063139867,86.51731400827401,16
LLAMA-7B,D-lo,8,A1,0,0.0,119.60112974114459,119.60112974114459,16
LLAMA-7B,D-lo,8,A2,0,0.0,88.54363177641629,88.54363177641629,16
LLAMA-7B,D-lo,8,A3,0,0.0,55.566974489000316,55.566974489000316,16
LLAMA-7B,D-lo,8,A3a,0,0.0,55.566974489000316,55.566974489000316,16
LLAMA-7B,D-lo,8,A3b,0,0.0,55.566974489000316,55.566974489000316,16
LLAMA-7B,D-lo,8,A4,0,0.0,55.56478791078355,55.56478791078355,16
LLAMA-7B,D-lo,8,A4b,0,0.0,55.522000701430635,55.522000701430635,16
LLAMA-7B,D-lo,8,A5,0,0.0,18.76159292471786,18.76159292471786,16
LLAMA-7B,D-lo,8,A6,0,0.0,18.76159292471786,18.76159292471786,16
LLAMA-7B,N-hi,8,A2,0,0.0,350.21477035108603,350.21477035108603,64
LLAMA-7B,N-hi,8,A2,1,350.21477035108603,1356.2515680696613,1006.0367977185753,64
LLAMA-7B,N-hi,8,A5,0,0.0,71.40788315535875,71.40788315535875,64
LLAMA-7B,N-hi,8,A5,1,71.40788315535875,743.516281951823,672.1083987964643,64
LLAMA-7B,N-hi,8,A6,0,0.0,71.40788315535875,71.40788315535875,64
LLAMA-7B,N-hi,8,A6,1,71.40788315535875,743.516281951823,672.1083987964643,64
LLAMA-7B,N-lo,8,A1,0,0.0,30.58583759225924,30.58583759225924,4
LLAMA-7B,N-lo,8,A1,1,30.58583759225924,65.77662831295692,35.19079072069768,4
LLAMA-7B,N-lo,8,A2,0,0.0,23.8117753412599,23.8117753412599,4
LLAMA-7B,N-lo,8,A2,1,23.8117753412599,49.125029861260835,25.313254520000935,4
LLAMA-7B,N-lo,8,A3,0,0.0,15.767268162858215,15.767268162858215,4
LLAMA-7B,N-lo,8,A3,1,15.767268162858215,33.181776306229004,17.41450814337079,4
LLAMA-7B,N-lo,8,A3a,0,0.0,15.767268162858215,15.767268162858215,4
LLAMA-7B,N-lo,8,A3a,1,15.767268162858215,33.07302339934689,17.30575523648867,4
LLAMA-7B,N-lo,8,A3b,0,0.0,15.767268162858215,15.767268162858215,4
LLAMA-7B,N-lo,8,A3b,1,15.767268162858215,33.181776306229004,17.41450814337079,4
LLAMA-7B,N-lo,8,A4,0,0.0,15.766971478586532,15.766971478586532,4
LLAMA-7B,N-lo,8,A4,1,15.766971478586532,33.14024198473461,17.373270506148074,4
LLAMA-7B,N-lo,8,A4b,0,0.0,15.739379020355052,15.739379020355052,4
LLAMA-7B,N-lo,8,A4b,1,15.739379020355052,33.09853319590159,17.359154175546536,4
LLAMA-7B,N-lo,8,A5,0,0.0,7.869497217632621,7.869497217632621,4
LLAMA-7B,N-lo,8,A5,1,7.869497217632621,24.9139552937048,17.04445807607218,4
LLAMA-7B,N-lo,8,A6,0,0.0,7.869497217632621,7.869497217632621,4
LLAMA-7B,N-lo,8,A6,1,7.869497217632621,24.9139552937048,17.04445807607218,4
LLAMA-7B,baseline,8,A1,0,0.0,119.59722282433943,119.59722282433943,16
LLAMA-7B,baseline,8,A1,1,119.59722282433943,329.1008001692076,209.50357734486818,16
LLAMA-7B,baseline,8,A2,0,0.0,88.54363177641629,88.54363177641629,16
LLAMA-7B,baseline,8,A2,1,88.54363177641629,217.53241037463525,128.98877859821897,16
LLAMA-7B,baseline,8,A3,0,0.0,55.566979609002246,55.566979609002246,16
LLAMA-7B,baseline,8,A3,1,55.566979609002246,141.6345481195492,86.06756851054696,16
LLAMA-7B,baseline,8,A3a,0,0.0,55.566979609002246,55.566979609002246,16
LLAMA-7B,baseline,8,A3a,1,55.566979609002246,140.59689217793135,85.0299125689291,16
LLAMA-7B,baseline,8,A3b,0,0.0,55.566979609002246,55.566979609002246,16
LLAMA-7B,baseline,8,A3b,1,55.566979609002246,141.6345481195492,86.06756851054696,16
LLAMA-7B,baseline,8,A4,0,0.0,55.56531608094392,55.56531608094392,16
LLAMA-7B,baseline,8,A4,1,55.56531608094392,140.23406302348576,84.66874694254184,16
LLAMA-7B,baseline,8,A4b,0,0.0,55.5225288715908,55.5225288715908,16
LLAMA-7B,baseline,8,A4b,1,55.5225288715908,140.54332770415022,85.02079883255942,16
LLAMA-7B,baseline,8,A5,0,0.0,18.762125574726088,18.762125574726088,16
LLAMA-7B,baseline,8,A5,1,18.762125574726088,100.09714057095755,81.33501499623146,16
LLAMA-7B,baseline,8,A6,0,0.0,18.762125574726088,18.762125574726088,16
LLAMA-7B,baseline,8,A6,1,18.762125574726088,100.09714057095755,81.33501499623146,16
LLAMA-7B,broadcast,8,A1,0,0.0,8.672275802114122,8.672275802114122,1
LLAMA-7B,broadcast,8,A1,1,8.672275802114122,131.8998503382266,123.22757453611248,16
LLAMA-7B,broadcast,8,A2,0,0.0,7.968351733965723,7.968351733965723,1
LLAMA-7B,broadcast,8,A2,1,7.968351733965723,97.70296217973038,89.73461044576466,16
LLAMA-7B,broadcast,8,A3,0,0.0,6.238374874675033,6.238374874675033,1
LLAMA-7B,broadcast,8,A3,1,6.238374874675033,64.0036402729786,57.76526539830357,16
LLAMA-7B,broadcast,8,A3a,0,0.0,6.238374874675033,6.238374874675033,1
LLAMA-7B,broadcast,8,A3a,1,6.238374874675033,63.68051826959491,57.44214339491988,16
LLAMA-7B,broadcast,8,A3b,0,0.0,6.238374874675033,6.238374874675033,1
LLAMA-7B,broadcast,8,A3b,1,6.238374874675033,64.0036402729786,57.76526539830357,16
LLAMA-7B,broadcast,8,A4,0,0.0,6.243101459369696,6.243101459369696,1
LLAMA-7B,broadcast,8,A4,1,6.243101459369696,63.81333073991801,57.57022928054831,16
LLAMA-7B,broadcast,8,A4b,0,0.0,6.265427977865877,6.265427977865877,1
LLAMA-7B,broadcast,8,A4b,1,6.265427977865877,63.792870050061715,57.52744207219584,16
LLAMA-7B,broadcast,8,A5,0,0.0,6.265427977865877,6.265427977865877,1
LLAMA-7B,broadcast,8,A5,1,6.265427977865877,27.490053854201474,21.224625876335597,16
LLAMA-7B,broadcast,8,A6,0,0.0,6.265427977865877,6.265427977865877,1
LLAMA-7B,broadcast,8,A6,1,6.265427977865877,27.490053854201474,21.224625876335597,16
LLAMA-7B,k-hi,32,A1,0,0.0,119.59722282433943,119.59722282433943,16
LLAMA-7B,k-hi,32,A1,1,119.59722282433943,329.1008001692076,209.50357734486818,16
LLAMA-7B,k-hi,32,A2,0,0.0,88.54363177641629,88.54363177641629,16
LLAMA-7B,k-hi,32,A2,1,88.54363177641629,220.6633147096108,132.1196829331945,16
LLAMA-7B,k-hi,32,A3,0,0.0,55.56697704900128,55.56697704900128,16
LLAMA-7B,k-hi,32,A3,1,55.56697704900128,148.09729353295407,92.53031648395279,16
LLAMA-7B,k-hi,32,A3a,0,0.0,55.56697704900128,55.56697704900128,16
LLAMA-7B,k-hi,32,A3a,1,55.56697704900128,149.39551407748613,93.82853702848485,16
LLAMA-7B,k-hi,32,A3b,0,0.0,55.56697704900128,55.56697704900128,16
LLAMA-7B,k-hi,32,A3b,1,55.56697704900128,148.09729353295407,92.53031648395279,16
LLAMA-7B,k-hi,32,A4,0,0.0,55.56531608094392,55.56531608094392,16
LLAMA-7B,k-hi,32,A4,1,55.56531608094392,149.35159904434022,93.7862829633963,16
LLAMA-7B,k-hi,32,A4b,0,0.0,55.5225288715908,55.5225288715908,16
LLAMA-7B,k-hi,32,A4b,1,55.5225288715908,149.66086372816812,94.13833485657733,16
LLAMA-7B,k-hi,32,A5,0,0.0,18.762125574726088,18.762125574726088,16
LLAMA-7B,k-hi,32,A5,1,18.762125574726088,184.11595178897556,165.35382621424947,16
LLAMA-7B,k-hi,32,A6,0,0.0,18.762125574726088,18.762125574726088,16
LLAMA-7B,k-hi,32,A6,1,18.762125574726088,184.11595178897556,165.35382621424947,16
LLAMA-7B,k-lo,2,A1,0,0.0,119.59722282433943,119.59722282433943,16
LLAMA-7B,k-lo,2,A1,1,119.59722282433943,329.1008001692076,209.50357734486818,16
LLAMA-7B,k-lo,2,A2,0,0.0,88.54363177641629,88.54363177641629,16
LLAMA-7B,k-lo,2,A2,1,88.54363177641629,216.83575622122513,128.29212444480885,16
LLAMA-7B,k-lo,2,A3,0,0.0,55.56697704900128,55.56697704900128,16
LLAMA-7B,k-lo,2,A3,1,55.56697704900128,139.36089657136853,83.79391952236725,16
LLAMA-7B,k-lo,2,A3a,0,0.0,55.56697704900128,55.56697704900128,16
LLAMA-7B,k-lo,2,A3a,1,55.56697704900128,137.8568109781802,82.28983392917891,16
LLAMA-7B,k-lo,2,A3b,0,0.0,55.56697704900128,55.56697704900128,16
LLAMA-7B,k-lo,2,A3b,1,55.56697704900128,139.36089657136853,83.79391952236725,16
LLAMA-7B,k-lo,2,A4,0,0.0,55.56531608094392,55.56531608094392,16
LLAMA-7B,k-lo,2,A4,1,55.56531608094392,137.8407884815321,82.27547240058817,16
LLAMA-7B,k-lo,2,A4b,0,0.0,55.5225288715908,55.5225288715908,16
LLAMA-7B,k-lo,2,A4b,1,55.5225288715908,138.1500531612893,82.6275242896985,16
LLAMA-7B,k-lo,2,A5,0,0.0,18.762125574726088,18.762125574726088,16
LLAMA-7B,k-lo,2,A5,1,18.762125574726088,80.40866889695151,61.646543322225426,16
LLAMA-7B,k-lo,2,A6,0,0.0,18.762125574726088,18.762125574726088,16
LLAMA-7B,k-lo,2,A6,1,18.762125574726088,80.40866889695151,61.646543322225426,16
LLAMA-7B,pipeline,8,A1,0,0.0,8.672355535110123,8.672355535110123,1
LLAMA-7B,pipeline,8,A1,1,8.672355535110123,17.571202930071728,8.898847394961605,1
LLAMA-7B,pipeline,8,A1,2,17.571202930071728,26.66806381708175,9.096860887010024,1
LLAMA-7B,pipeline,8,A1,3,26.66806381708175,35.96102771374058,9.292963896658826,1
LLAMA-7B,pipeline,8,A2,0,0.0,7.968351733965723,7.968351733965723,1
LLAMA-7B,pipeline,8,A2,1,7.968351733965723,14.773715648995768,6.805363915030045,1
LLAMA-7B,pipeline,8,A2,2,14.773715648995768,21.735614559635817,6.961898910640048,1
LLAMA-7B,pipeline,8,A2,3,21.735614559635817,28.85404846588591,7.118433906250093,1
LLAMA-7B,pipeline,8,A4,0,0.0,6.243104019369783,6.243104019369783,1
LLAMA-7B,pipeline,8,A4,1,6.243104019369783,11.4930760074572,5.249971988087417,1
LLAMA-7B,pipeline,8,A4,2,11.4930760074572,16.847617106805963,5.354541099348763,1
LLAMA-7B,pipeline,8,A4,3,16.847617106805963,22.300328671907845,5.4527115651018825,1
LLAMA-7B,pipeline,8,A4b,0,0.0,6.2654305378659645,6.2654305378659645,1
LLAMA-7B,pipeline,8,A4b,1,6.2654305378659645,11.495213162986385,5.2297826251204205,1
LLAMA-7B,pipeline,8,A4b,2,11.495213162986385,16.795480038652673,5.3002668756662885,1
LLAMA-7B,pipeline,8,A4b,3,16.795480038652673,22.226057691843273,5.4305776531906,1
LLAMA-7B,pipeline,8,A5,0,0.0,6.2654305378659645,6.2654305378659645,1
LLAMA-7B,pipeline,8,A5,1,6.2654305378659645,11.54857523687204,5.283144699006075,1
LLAMA-7B,pipeline,8,A5,2,11.54857523687204,16.903755082299078,5.355179845427038,1
LLAMA-7B,pipeline,8,A5,3,16.903755082299078,22.390579868284966,5.486824785985888,1
LLAMA-7B,pipeline,8,A6,0,0.0,6.2654305378659645,6.2654305378659645,1
LLAMA-7B,pipeline,8,A6,1,6.2654305378659645,11.54857523687204,5.283144699006075,1
LLAMA-7B,pipeline,8,A6,2,11.54857523687204,16.903755082299078,5.355179845427038,1
LLAMA-7B,pipeline,8,A6,3,16.903755082299078,22.390579868284966,5.486824785985888,1
LLAMA-7B,private,8,A1,0,0.0,119.59722282433943,119.59722282433943,16
LLAMA-7B,private,8,A1,1,119.59722282433943,329.1008001692076,209.50357734486818,16
LLAMA-7B,private,8,A2,0,0.0,107.6387431221066,107.6387431221066,16
LLAMA-7B,private,8,A2,1,107.6387431221066,262.6815649116464,155.04282178953977,16
LLAMA-7B,private,8,A3,0,0.0,81.1599865744467,81.1599865744467,16
LLAMA-7B,private,8,A3,1,81.1599865744467,198.178935214518,117.01894864007129,16
LLAMA-7B,private,8,A3a,0,0.0,81.1599865744467,81.1599865744467,16
LLAMA-7B,private,8,A3a,1,81.1599865744467,197.6544730313551,116.4944864569084,16
LLAMA-7B,private,8,A3b,0,0.0,81.1599865744467,81.1599865744467,16
LLAMA-7B,private,8,A3b,1,81.1599865744467,198.178935214518,117.01894864007129,16
LLAMA-7B,private,8,A4,0,0.0,81.21584627864657,81.21584627864657,16
LLAMA-7B,private,8,A4,1,81.21584627864657,197.9023007830938,116.68645450444724,16
LLAMA-7B,private,8,A4b,0,0.0,81.6328195820575,81.6328195820575,16
LLAMA-7B,private,8,A4b,1,81.6328195820575,198.5053944250137,116.8725748429562,16
LLAMA-7B,private,8,A5,0,0.0,435.75037103875894,435.75037103875894,16
LLAMA-7B,private,8,A5,1,435.75037103875894,1136.57879459068,700.8284235519211,16
LLAMA-7B,private,8,A6,0,0.0,435.75037103875894,435.75037103875894,16
LLAMA-7B,private,8,A6,1,435.75037103875894,1136.57879459068,700.8284235519211,16
LLAMA-7B,reduce,8,A1,0,0.0,119.60127374869862,119.60127374869862,16
LLAMA-7B,reduce,8,A1,1,119.60127374869862,133.88963116572148,14.288357417022866,1
LLAMA-7B,reduce,8,A2,0,0.0,88.54363177641629,88.54363177641629,16
LLAMA-7B,reduce,8,A2,1,88.54363177641629,98.52436624383026,9.980734467413967,1
LLAMA-7B,reduce,8,A3,0,0.0,55.566994969000994,55.566994969000994,16
LLAMA-7B,reduce,8,A3,1,55.566994969000994,63.239692437765925,7.67269746876493,1
LLAMA-7B,reduce,8,A3a,0,0.0,55.566994969000994,55.566994969000994,16
LLAMA-7B,reduce,8,A3a,1,55.566994969000994,63.33093194250579,7.763936973504798,1
LLAMA-7B,reduce,8,A3b,0,0.0,55.566994969000994,55.566994969000994,16
LLAMA-7B,reduce,8,A3b,1,55.566994969000994,63.239692437765925,7.67269746876493,1
LLAMA-7B,reduce,8,A4,0,0.0,55.56486214077261,55.56486214077261,16
LLAMA-7B,reduce,8,A4,1,55.56486214077261,63.353597539298235,7.788735398525624,1
LLAMA-7B,reduce,8,A4b,0,0.0,55.522074931419695,55.522074931419695,16
LLAMA-7B,reduce,8,A4b,1,55.522074931419695,63.366558646519046,7.844483715099351,1
LLAMA-7B,reduce,8,A5,0,0.0,18.761671034712595,18.761671034712595,16
LLAMA-7B,reduce,8,A5,1,18.761671034712595,44.875226199519865,26.11355516480727,1
LLAMA-7B,reduce,8,A6,0,0.0,18.761671034712595,18.761671034712595,16
LLAMA-7B,reduce,8,A6,1,18.761671034712595,44.875226199519865,26.11355516480727,1
LLAMA-7B,supervisor,8,A1,0,0.0,8.67209355526612,8.67209355526612,1
LLAMA-7B,supervisor,8,A1,1,8.67209355526612,131.89898385209656,123.22689029683045,16
LLAMA-7B,supervisor,8,A1,2,131.89898385209656,146.43272857425183,14.533744722155262,1
LLAMA-7B,supervisor,8,A1,3,146.43272857425183,275.9685786838763,129.53585010962445,16
LLAMA-7B,supervisor,8,A2,0,0.0,7.968351733965723,7.968351733965723,1
LLAMA-7B,supervisor,8,A2,1,7.968351733965723,97.70296217973038,89.73461044576466,16
LLAMA-7B,supervisor,8,A2,2,97.70296217973038,107.8526075731294,10.149645393399027,1
LLAMA-7B,supervisor,8,A2,3,107.8526075731294,202.59633787843796,94.74373030530856,16
LLAMA-7B,supervisor,8,A3,0,0.0,6.238377434674979,6.238377434674979,1
LLAMA-7B,supervisor,8,A3,1,6.238377434674979,64.00364539297799,57.765267958303006,16
LLAMA-7B,supervisor,8,A3,2,64.00364539297799,71.78799783241709,7.784352439439104,1
LLAMA-7B,supervisor,8,A3,3,71.78799783241709,132.87995936591898,61.09196153350189,16
LLAMA-7B,supervisor,8,A3a,0,0.0,6.238377434674979,6.238377434674979,1
LLAMA-7B,supervisor,8,A3a,1,6.238377434674979,63.68052338959456,57.44214595491958,16
LLAMA-7B,supervisor,8,A3a,2,63.68052338959456,71.56013046099726,7.879607071402695,1
LLAMA-7B,supervisor,8,A3a,3,71.56013046099726,132.16312606211156,60.6029956011143,16
LLAMA-7B,supervisor,8,A3b,0,0.0,6.238377434674979,6.238377434674979,1
LLAMA-7B,supervisor,8,A3b,1,6.238377434674979,64.00364539297799,57.765267958303006,16
LLAMA-7B,supervisor,8,A3b,2,64.00364539297799,71.78799783241709,7.784352439439104,1
LLAMA-7B,supervisor,8,A3b,3,71.78799783241709,132.87995936591898,61.09196153350189,16
LLAMA-7B,supervisor,8,A4,0,0.0,6.243101459369696,6.243101459369696,1
LLAMA-7B,supervisor,8,A4,1,6.243101459369696,63.813369124907304,57.57026766553761,16
LLAMA-7B,supervisor,8,A4,2,63.813369124907304,71.71768580353468,7.904316678627374,1
LLAMA-7B,supervisor,8,A4,3,71.71768580353468,132.49412113810817,60.77643533457349,16
LLAMA-7B,supervisor,8,A4b,0,0.0,6.265427977865877,6.265427977865877,1
LLAMA-7B,supervisor,8,A4b,1,6.265427977865877,63.792908435051004,57.52748045718513,16
LLAMA-7B,supervisor,8,A4b,2,63.792908435051004,71.74932861714554,7.956420182094533,1
LLAMA-7B,supervisor,8,A4b,3,71.74932861714554,132.39468087594176,60.64535225879622,16
LLAMA-7B,supervisor,8,A5,0,0.0,6.265427977865877,6.265427977865877,1
LLAMA-7B,supervisor,8,A5,1,6.265427977865877,27.490092434199628,21.224664456333752,16
LLAMA-7B,supervisor,8,A5,2,27.490092434199628,54.07909391913319,26.589001484933565,1
LLAMA-7B,supervisor,8,A5,3,54.07909391913319,78.46779101999346,24.388697100860263,16
LLAMA-7B,supervisor,8,A6,0,0.0,6.265427977865877,6.265427977865877,1
LLAMA-7B,supervisor,8,A6,1,6.265427977865877,27.490092434199628,21.224664456333752,16
LLAMA-7B,supervisor,8,A6,2,27.490092434199628,54.07909391913319,26.589001484933565,1
LLAMA-7B,supervisor,8,A6,3,54.07909391913319,78.46779101999346,24.388697100860263,16
LLAMA3-8B,C-hi,8,A1,0,0.0,514.5571879414769,514.5571879414769,16
LLAMA3-8B,C-hi,8,A1,1,514.5571879414769,1270.6213729704898,756.064185029013,16
LLAMA3-8B,C-hi,8,A2,0,0.0,81.6447902310951,81.6447902310951,16
LLAMA3-8B,C-hi,8,A2,1,81.6447902310951,180.82623748923646,99.18144725814136,16
LLAMA3-8B,C-hi,8,A3,0,0.0,106.48690753394935,106.48690753394935,16
LLAMA3-8B,C-hi,8,A3,1,106.48690753394935,242.1024479516066,135.61554041765726,16
LLAMA3-8B,C-hi,8,A3a,0,0.0,106.48690753394935,106.48690753394935,16
LLAMA3-8B,C-hi,8,A3a,1,106.48690753394935,241.61946070872068,135.13255317477132,16
LLAMA3-8B,C-hi,8,A3b,0,0.0,106.15856840482954,106.15856840482954,16
LLAMA3-8B,C-hi,8,A3b,1,106.15856840482954,240.70215096989782,134.54358256506828,16
LLAMA3-8B,C-hi,8,A4,0,0.0,106.47169063902628,106.47169063902628,16
LLAMA3-8B,C-hi,8,A4,1,106.47169063902628,241.5757053566792,135.10401471765294,16
LLAMA3-8B,C-hi,8,A4b,0,0.0,106.4270059457932,106.4270059457932,16
LLAMA3-8B,C-hi,8,A4b,1,106.4270059457932,240.57665563715176,134.14964969135855,16
LLAMA3-8B,C-hi,8,A5,0,0.0,34.143380656269194,34.143380656269194,16
LLAMA3-8B,C-hi,8,A5,1,34.143380656269194,183.58474760979922,149.44136695353004,16
LLAMA3-8B,C-hi,8,A6,0,0.0,34.143380656269194,34.143380656269194,16
LLAMA3-8B,C-hi,8,A6,1,34.143380656269194,86.99823999665087,52.85485934038167,16
LLAMA3-8B,C-lo,8,A1,0,0.0,61.77992052426457,61.77992052426457,16
LLAMA3-8B,C-lo,8,A1,1,61.77992052426457,222.28230957747405,160.50238905320947,16
LLAMA3-8B,C-lo,8,A2,0,0.0,23.790016684328737,23.790016684328737,16
LLAMA3-8B,C-lo,8,A2,1,23.790016684328737,66.13935256791483,42.34933588358609,16
LLAMA3-8B,C-lo,8,A3,0,0.0,30.785260330785526,30.785260330785526,16
LLAMA3-8B,C-lo,8,A3,1,30.785260330785526,87.86033924858407,57.07507891779854,16
LLAMA3-8B,C-lo,8,A3a,0,0.0,30.785260330785526,30.785260330785526,16
LLAMA3-8B,C-lo,8,A3a,1,30.785260330785526,87.28346269702105,56.498202366235525,16
LLAMA3-8B,C-lo,8,A3b,0,0.0,30.463372041264897,30.463372041264897,16
LLAMA3-8B,C-lo,8,A3b,1,30.463372041264897,86.5360290259756,56.0726569847107,16
LLAMA3-8B,C-lo,8,A4,0,0.0,30.77801606158226,30.77801606158226,16
LLAMA3-8B,C-lo,8,A4,1,30.77801606158226,87.3951761900698,56.61716012848754,16
LLAMA3-8B,C-lo,8,A4b,0,0.0,30.249316812121595,30.249316812121595,16
LLAMA3-8B,C-lo,8,A4b,1,30.249316812121595,86.67502448391697,56.42570767179538,16
LLAMA3-8B,C-lo,8,A5,0,0.0,11.842088589266064,11.842088589266064,16
LLAMA3-8B,C-lo,8,A5,1,11.842088589266064,62.62065689434407,50.77856830507801,16
LLAMA3-8B,C-lo,8,A6,0,0.0,11.842088589266064,11.842088589266064,16
LLAMA3-8B,C-lo,8,A6,1,11.842088589266064,40.87581800986187,29.033729420595805,16
LLAMA3-8B,D-hi,8,A2,0,0.0,42.68006531467846,42.68006531467846,16
LLAMA3-8B,D-hi,8,A2,1,42.68006531467846,103.7619792682093,61.081913953530844,16
LLAMA3-8B,D-hi,8,A2,2,103.7619792682093,165.99398122048984,62.23200195228054,16
LLAMA3-8B,D-hi,8,A2,3,165.99398122048984,229.37607117152083,63.38208995103099,16
LLAMA3-8B,D-hi,8,A3,0,0.0,55.720120538452555,55.720120538452555,16
LLAMA3-8B,D-hi,8,A3,1,55.720120538452555,139.08863502967992,83.36851449122736,16
LLAMA3-8B,D-hi,8,A3,2,139.08863502967992,224.24011957849345,85.15148454881353,16
LLAMA3-8B,D-hi,8,A3,3,224.24011957849345,310.88955286449595,86.6494332860025,16
LLAMA3-8B,D-hi,8,A3a,0,0.0,55.720120538452555,55.720120538452555,16
LLAMA3-8B,D-hi,8,A3a,1,55.720120538452555,138.66590135614925,82.94578081769669,16
LLAMA3-8B,D-hi,8,A3a,2,138.66590135614925,223.34798986936104,84.6820885132118,16
LLAMA3-8B,D-hi,8,A3a,3,223.34798986936104,309.45447224173705,86.10648237237601,16
LLAMA3-8B,D-hi,8,A3b,0,0.0,55.39339412035266,55.39339412035266,16
LLAMA3-8B,D-hi,8,A3b,1,55.39339412035266,138.56285834630012,83.16946422594745,16
LLAMA3-8B,D-hi,8,A3b,2,138.56285834630012,223.18653289186898,84.62367454556886,16
LLAMA3-8B,D-hi,8,A3b,3,223.18653289186898,309.1600703636208,85.9735374717518,16
LLAMA3-8B,D-hi,8,A4,0,0.0,55.71022641727374,55.71022641727374,16
LLAMA3-8B,D-hi,8,A4,1,55.71022641727374,138.83964097484198,83.12941455756825,16
LLAMA3-8B,D-hi,8,A4,2,138.83964097484198,223.32971803658535,84.49007706174336,16
LLAMA3-8B,D-hi,8,A4,3,223.32971803658535,309.28817323530075,85.9584551987154,16
LLAMA3-8B,D-hi,8,A4b,0,0.0,55.38019286758339,55.38019286758339,16
LLAMA3-8B,D-hi,8,A4b,1,55.38019286758339,137.7839448190196,82.40375195143622,16
LLAMA3-8B,D-hi,8,A4b,2,137.7839448190196,221.36637346103447,83.58242864201486,16
LLAMA3-8B,D-hi,8,A4b,3,221.36637346103447,306.46128881939,85.09491535835554,16
LLAMA3-8B,D-hi,8,A6,0,0.0,19.049196166462867,19.049196166462867,16
LLAMA3-8B,D-hi,8,A6,1,19.049196166462867,56.36258758015782,37.31339141369496,16
LLAMA3-8B,D-hi,8,A6,2,56.36258758015782,94.8546556936047,38.49206811344688,16
LLAMA3-8B,D-hi,8,A6,3,94.8546556936047,134.85921052442623,40.00455483082153,16
LLAMA3-8B,D-lo,8,A1,0,0.0,163.70131370928658,163.70131370928658,16
LLAMA3-8B,D-lo,8,A2,0,0.0,42.68006531467846,42.68006531467846,16
LLAMA3-8B,D-lo,8,A3,0,0.0,55.72005909843562,55.72005909843562,16
LLAMA3-8B,D-lo,8,A3a,0,0.0,55.72005909843562,55.72005909843562,16
LLAMA3-8B,D-lo,8,A3b,0,0.0,55.39333268033583,55.39333268033583,16
LLAMA3-8B,D-lo,8,A4,0,0.0,55.70946400214129,55.70946400214129,16
LLAMA3-8B,D-lo,8,A4b,0,0.0,55.37943045245177,55.37943045245177,16
LLAMA3-8B,D-lo,8,A5,0,0.0,19.048416431468958,19.048416431468958,16
LLAMA3-8B,D-lo,8,A6,0,0.0,19.048416431468958,19.048416431468958,16
LLAMA3-8B,N-hi,8,A2,0,0.0,166.49227790857165,166.49227790857165,64
LLAMA3-8B,N-hi,8,A2,1,166.49227790857165,636.1232997939993,469.6310218854277,64
LLAMA3-8B,N-lo,8,A1,0,0.0,41.77283577848916,41.77283577848916,4
LLAMA3-8B,N-lo,8,A1,1,41.77283577848916,91.43296735402701,49.660131575537854,4
LLAMA3-8B,N-lo,8,A2,0,0.0,12.575295508567152,12.575295508567152,4
LLAMA3-8B,N-lo,8,A2,1,12.575295508567152,25.21128024562849,12.635984737061339,4
LLAMA3-8B,N-lo,8,A3,0,0.0,15.775279509386262,15.775279509386262,4
LLAMA3-8B,N-lo,8,A3,1,15.775279509386262,32.82675385040439,17.051474341018125,4
LLAMA3-8B,N-lo,8,A3a,0,0.0,15.775279509386262,15.775279509386262,4
LLAMA3-8B,N-lo,8,A3a,1,15.775279509386262,32.74952899565318,16.974249486266917,4
LLAMA3-8B,N-lo,8,A3b,0,0.0,15.693597904647623,15.693597904647623,4
LLAMA3-8B,N-lo,8,A3b,1,15.693597904647623,32.569119067539695,16.87552116289207,4
LLAMA3-8B,N-lo,8,A4,0,0.0,15.772777979106616,15.772777979106616,4
LLAMA3-8B,N-lo,8,A4,1,15.772777979106616,32.65767680640471,16.884898827298095,4
LLAMA3-8B,N-lo,8,A4b,0,0.0,15.690269591659227,15.690269591659227,4
LLAMA3-8B,N-lo,8,A4b,1,15.690269591659227,32.53229856246033,16.842028970801106,4
LLAMA3-8B,N-lo,8,A5,0,0.0,6.587530206228845,6.587530206228845,4
LLAMA3-8B,N-lo,8,A5,1,6.587530206228845,21.607261879373226,15.019731673144381,4
LLAMA3-8B,N-lo,8,A6,0,0.0,6.587530206228845,6.587530206228845,4
LLAMA3-8B,N-lo,8,A6,1,6.587530206228845,14.501269655173248,7.913739448944403,4
LLAMA3-8B,baseline,8,A1,0,0.0,163.68031301445092,163.68031301445092,16
LLAMA3-8B,baseline,8,A1,1,163.68031301445092,475.6383764188702,311.9580634044193,16
LLAMA3-8B,baseline,8,A2,0,0.0,42.68006531467846,42.68006531467846,16
LLAMA3-8B,baseline,8,A2,1,42.68006531467846,103.7619792682093,61.081913953530844,16
LLAMA3-8B,baseline,8,A3,0,0.0,55.72007957844336,55.72007957844336,16
LLAMA3-8B,baseline,8,A3,1,55.72007957844336,139.0885467146569,83.36846713621354,16
LLAMA3-8B,baseline,8,A3a,0,0.0,55.72007957844336,55.72007957844336,16
LLAMA3-8B,baseline,8,A3a,1,55.72007957844336,138.66581048112437,82.945730902681,16
LLAMA3-8B,baseline,8,A3b,0,0.0,55.393353160343516,55.393353160343516,16
LLAMA3-8B,baseline,8,A3b,1,55.393353160343516,138.5627700312775,83.16941687093399,16
LLAMA3-8B,baseline,8,A4,0,0.0,55.71023793227808,55.71023793227808,16
LLAMA3-8B,baseline,8,A4,1,55.71023793227808,138.83900705501122,83.12876912273313,16
LLAMA3-8B,baseline,8,A4b,0,0.0,55.38020438258772,55.38020438258772,16
LLAMA3-8B,baseline,8,A4b,1,55.38020438258772,137.78331089918893,82.40310651660121,16
LLAMA3-8B,baseline,8,A5,0,0.0,19.04920828146322,19.04920828146322,16
LLAMA3-8B,baseline,8,A5,1,19.04920828146322,97.05125945024749,78.00205116878426,16
LLAMA3-8B,baseline,8,A6,0,0.0,19.04920828146322,19.04920828146322,16
LLAMA3-8B,baseline,8,A6,1,19.04920828146322,56.36195426029589,37.312745978832666,16
LLAMA3-8B,broadcast,8,A1,0,0.0,11.655348680277333,11.655348680277333,1
LLAMA3-8B,broadcast,8,A1,1,11.655348680277333,180.7974826536553,169.14213397337795,16
LLAMA3-8B,broadcast,8,A2,0,0.0,5.412174445188248,5.412174445188248,1
LLAMA3-8B,broadcast,8,A2,1,5.412174445188248,47.823012735573414,42.410838290385165,16
LLAMA3-8B,broadcast,8,A3,0,0.0,6.1979297294524205,6.1979297294524205,1
LLAMA3-8B,broadcast,8,A3,1,6.1979297294524205,63.7204208003857,57.522491070933285,16
LLAMA3-8B,broadcast,8,A3a,0,0.0,6.1979297294524205,6.1979297294524205,1
LLAMA3-8B,broadcast,8,A3a,1,6.1979297294524205,63.35703552660401,57.15910579715159,16
LLAMA3-8B,broadcast,8,A3b,0,0.0,6.097629382635969,6.097629382635969,1
LLAMA3-8B,broadcast,8,A3b,1,6.097629382635969,63.35747209263739,57.25984271000142,16
LLAMA3-8B,broadcast,8,A4,0,0.0,6.197010511881448,6.197010511881448,1
LLAMA3-8B,broadcast,8,A4,1,6.197010511881448,63.43335174121033,57.236341229328886,16
LLAMA3-8B,broadcast,8,A4b,0,0.0,6.137001841226324,6.137001841226324,1
LLAMA3-8B,broadcast,8,A4b,1,6.137001841226324,63.164950855089685,57.02794901386336,16
LLAMA3-8B,broadcast,8,A5,0,0.0,4.091050986060476,4.091050986060476,1
LLAMA3-8B,broadcast,8,A5,1,4.091050986060476,25.23353013446556,21.142479148405084,16
LLAMA3-8B,broadcast,8,A6,0,0.0,4.091050986060476,4.091050986060476,1
LLAMA3-8B,broadcast,8,A6,1,4.091050986060476,25.23353013446556,21.142479148405084,16
LLAMA3-8B,k-hi,32,A1,0,0.0,163.68031301445092,163.68031301445092,16
LLAMA3-8B,k-hi,32,A1,1,163.68031301445092,475.6383764188702,311.9580634044193,16
LLAMA3-8B,k-hi,32,A2,0,0.0,42.68006531467846,42.68006531467846,16
LLAMA3-8B,k-hi,32,A2,1,42.68006531467846,107.04221218077838,64.36214686609992,16
LLAMA3-8B,k-hi,32,A3,0,0.0,55.72006933843951,55.72006933843951,16
LLAMA3-8B,k-hi,32,A3,1,55.72006933843951,143.16981633012708,87.44974699168756,16
LLAMA3-8B,k-hi,32,A3a,0,0.0,55.72006933843951,55.72006933843951,16
LLAMA3-8B,k-hi,32,A3a,1,55.72006933843951,147.3377332147451,91.61766387630558,16
LLAMA3-8B,k-hi,32,A3b,0,0.0,55.393342920339684,55.393342920339684,16
LLAMA3-8B,k-hi,32,A3b,1,55.393342920339684,141.3622423856685,85.96889946532883,16
LLAMA3-8B,k-hi,32,A4,0,0.0,55.71023793227808,55.71023793227808,16
LLAMA3-8B,k-hi,32,A4,1,55.71023793227808,147.37716617287995,91.66692824060186,16
LLAMA3-8B,k-hi,32,A4b,0,0.0,55.38020438258772,55.38020438258772,16
LLAMA3-8B,k-hi,32,A4b,1,55.38020438258772,146.32147001693144,90.94126563434372,16
LLAMA3-8B,k-hi,32,A5,0,0.0,19.04920828146322,19.04920828146322,16
LLAMA3-8B,k-hi,32,A5,1,19.04920828146322,179.31473728976692,160.2655290083037,16
LLAMA3-8B,k-hi,32,A6,0,0.0,19.04920828146322,19.04920828146322,16
LLAMA3-8B,k-hi,32,A6,1,19.04920828146322,64.90011337874566,45.850905097282435,16
LLAMA3-8B,k-lo,2,A1,0,0.0,163.68031301445092,163.68031301445092,16
LLAMA3-8B,k-lo,2,A1,1,163.68031301445092,475.6383764188702,311.9580634044193,16
LLAMA3-8B,k-lo,2,A2,0,0.0,42.68006531467846,42.68006531467846,16
LLAMA3-8B,k-lo,2,A2,1,42.68006531467846,103.00604624616022,60.325980931481766,16
LLAMA3-8B,k-lo,2,A3,0,0.0,55.72006933843948,55.72006933843948,16
LLAMA3-8B,k-lo,2,A3,1,55.72006933843948,137.57931435347945,81.85924501503996,16
LLAMA3-8B,k-lo,2,A3a,0,0.0,55.72006933843948,55.72006933843948,16
LLAMA3-8B,k-lo,2,A3a,1,55.72006933843948,136.47347856727376,80.75340922883427,16
LLAMA3-8B,k-lo,2,A3b,0,0.0,55.393342920339684,55.393342920339684,16
LLAMA3-8B,k-lo,2,A3b,1,55.393342920339684,136.21245866823975,80.81911574790007,16
LLAMA3-8B,k-lo,2,A4,0,0.0,55.71023793227808,55.71023793227808,16
LLAMA3-8B,k-lo,2,A4,1,55.71023793227808,136.5799788313396,80.8697408990615,16
LLAMA3-8B,k-lo,2,A4b,0,0.0,55.38020438258772,55.38020438258772,16
LLAMA3-8B,k-lo,2,A4b,1,55.38020438258772,135.52428267552784,80.14407829294012,16
LLAMA3-8B,k-lo,2,A5,0,0.0,19.04920828146322,19.04920828146322,16
LLAMA3-8B,k-lo,2,A5,1,19.04920828146322,77.69932757589298,58.65011929442976,16
LLAMA3-8B,k-lo,2,A6,0,0.0,19.04920828146322,19.04920828146322,16
LLAMA3-8B,k-lo,2,A6,1,19.04920828146322,54.10292603551982,35.053717754056606,16
LLAMA3-8B,pipeline,8,A1,0,0.0,11.656321748269336,11.656321748269336,1
LLAMA3-8B,pipeline,8,A1,1,11.656321748269336,23.65401808725565,11.997696338986314,1
LLAMA3-8B,pipeline,8,A1,2,23.65401808725565,35.92222102877727,12.268202941521622,1
LLAMA3-8B,pipeline,8,A1,3,35.92222102877727,48.54678185535021,12.624560826572939,1
LLAMA3-8B,pipeline,8,A2,0,0.0,5.412174445188248,5.412174445188248,1
LLAMA3-8B,pipeline,8,A2,1,5.412174445188248,9.486277404444566,4.074102959256318,1
LLAMA3-8B,pipeline,8,A2,2,9.486277404444566,13.630680469071345,4.144403064626779,1
LLAMA3-8B,pipeline,8,A2,3,13.630680469071345,17.845383639068455,4.21470316999711,1
LLAMA3-8B,pipeline,8,A3,0,0.0,6.197920774452473,6.197920774452473,1
LLAMA3-8B,pipeline,8,A3,1,6.197920774452473,11.24957047953194,5.051649705079467,1
LLAMA3-8B,pipeline,8,A3,2,11.24957047953194,16.431079069328526,5.181508589796586,1
LLAMA3-8B,pipeline,8,A3,3,16.431079069328526,21.680724548939462,5.249645479610937,1
LLAMA3-8B,pipeline,8,A3a,0,0.0,6.197920774452473,6.197920774452473,1
LLAMA3-8B,pipeline,8,A3a,1,6.197920774452473,11.253334420910504,5.055413646458031,1
LLAMA3-8B,pipeline,8,A3a,2,11.253334420910504,16.436606813842022,5.183272392931519,1
LLAMA3-8B,pipeline,8,A3a,3,16.436606813842022,21.688712219990954,5.252105406148932,1
LLAMA3-8B,pipeline,8,A3b,0,0.0,6.097620427636018,6.097620427636018,1
LLAMA3-8B,pipeline,8,A3b,1,6.097620427636018,11.069177088036808,4.97155666040079,1
LLAMA3-8B,pipeline,8,A3b,2,11.069177088036808,16.151377525545147,5.082200437508339,1
LLAMA3-8B,pipeline,8,A3b,3,16.151377525545147,21.34418078011621,5.192803254571064,1
LLAMA3-8B,pipeline,8,A4,0,0.0,6.197013071881535,6.197013071881535,1
LLAMA3-8B,pipeline,8,A4,1,6.197013071881535,11.248506101644674,5.051493029763139,1
LLAMA3-8B,pipeline,8,A4,2,11.248506101644674,16.42797037688588,5.179464275241207,1
LLAMA3-8B,pipeline,8,A4,3,16.42797037688588,21.676217604280755,5.248247227394874,1
LLAMA3-8B,pipeline,8,A4b,0,0.0,6.1370044012264096,6.1370044012264096,1
LLAMA3-8B,pipeline,8,A4b,1,6.1370044012264096,11.14804975795447,5.01104535672806,1
LLAMA3-8B,pipeline,8,A4b,2,11.14804975795447,16.270017347138605,5.121967589184136,1
LLAMA3-8B,pipeline,8,A4b,3,16.270017347138605,21.50231150788972,5.232294160751113,1
LLAMA3-8B,pipeline,8,A5,0,0.0,4.0910535460604684,4.0910535460604684,1
LLAMA3-8B,pipeline,8,A5,1,4.0910535460604684,7.032449161625872,2.941395615565404,1
LLAMA3-8B,pipeline,8,A5,2,7.032449161625872,10.01746800798715,2.9850188463612772,1
LLAMA3-8B,pipeline,8,A5,3,10.01746800798715,13.058242674681736,3.0407746666945865,1
LLAMA3-8B,pipeline,8,A6,0,0.0,4.0910535460604684,4.0910535460604684,1
LLAMA3-8B,pipeline,8,A6,1,4.0910535460604684,7.032449161625872,2.941395615565404,1
LLAMA3-8B,pipeline,8,A6,2,7.032449161625872,10.01746800798715,2.9850188463612772,1
LLAMA3-8B,pipeline,8,A6,3,10.01746800798715,13.058242674681736,3.0407746666945865,1
LLAMA3-8B,private,8,A1,0,0.0,163.68031301445092,163.68031301445092,16
LLAMA3-8B,private,8,A1,1,163.68031301445092,475.6383764188702,311.9580634044193,16
LLAMA3-8B,private,8,A2,0,0.0,63.06843258073698,63.06843258073698,16
LLAMA3-8B,private,8,A2,1,63.06843258073698,151.61960578562625,88.55117320488927,16
LLAMA3-8B,private,8,A3,0,0.0,76.73023483156783,76.73023483156783,16
LLAMA3-8B,private,8,A3,1,76.73023483156783,187.12779406957245,110.39755923800462,16
LLAMA3-8B,private,8,A3a,0,0.0,76.73023483156783,76.73023483156783,16
LLAMA3-8B,private,8,A3a,1,76.73023483156783,186.89622357022913,110.1659887386613,16
LLAMA3-8B,private,8,A3b,0,0.0,75.77882247412674,75.77882247412674,16
LLAMA3-8B,private,8,A3b,1,75.77882247412674,184.69249225199795,108.9136697778712,16
LLAMA3-8B,private,8,A4,0,0.0,76.71569239017303,76.71569239017303,16
LLAMA3-8B,private,8,A4,1,76.71569239017303,186.90111614596407,110.18542375579104,16
LLAMA3-8B,private,8,A4b,0,0.0,75.73485931606436,75.73485931606436,16
LLAMA3-8B,private,8,A4b,1,75.73485931606436,184.5026356486643,108.76777633259994,16
LLAMA3-8B,private,8,A5,0,0.0,431.7635027825235,431.7635027825235,16
LLAMA3-8B,private,8,A5,1,431.7635027825235,1114.5853499782938,682.8218471957703,16
LLAMA3-8B,private,8,A6,0,0.0,74.7011122790394,74.7011122790394,16
LLAMA3-8B,private,8,A6,1,74.7011122790394,174.6557314640902,99.95461918505079,16
LLAMA3-8B,reduce,8,A1,0,0.0,163.70016815767013,163.70016815767013,16
LLAMA3-8B,reduce,8,A1,1,163.70016815767013,184.61013365521725,20.90996549754712,1
LLAMA3-8B,reduce,8,A2,0,0.0,42.68006531467846,42.68006531467846,16
LLAMA3-8B,reduce,8,A2,1,42.68006531467846,48.68176706511133,6.001701750432872,1
LLAMA3-8B,reduce,8,A3,0,0.0,55.72014101843836,55.72014101843836,16
LLAMA3-8B,reduce,8,A3,1,55.72014101843836,63.096372887426654,7.376231868988292,1
LLAMA3-8B,reduce,8,A3a,0,0.0,55.72014101843836,55.72014101843836,16
LLAMA3-8B,reduce,8,A3a,1,55.72014101843836,63.19739377666334,7.477252758224978,1
LLAMA3-8B,reduce,8,A3b,0,0.0,55.39341460033855,55.39341460033855,16
LLAMA3-8B,reduce,8,A3b,1,55.39341460033855,62.72069365848948,7.327279058150928,1
LLAMA3-8B,reduce,8,A4,0,0.0,55.70975327209436,55.70975327209436,16
LLAMA3-8B,reduce,8,A4,1,55.70975327209436,63.189977727438894,7.480224455344533,1
LLAMA3-8B,reduce,8,A4b,0,0.0,55.37971972240522,55.37971972240522,16
LLAMA3-8B,reduce,8,A4b,1,55.37971972240522,62.79833426442758,7.418614542022361,1
LLAMA3-8B,reduce,8,A5,0,0.0,19.048721221448258,19.048721221448258,16
LLAMA3-8B,reduce,8,A5,1,19.048721221448258,41.427101898371056,22.3783806769228,1
LLAMA3-8B,reduce,8,A6,0,0.0,19.048721221448258,19.048721221448258,16
LLAMA3-8B,reduce,8,A6,1,19.048721221448258,23.492505649608486,4.443784428160228,1
LLAMA3-8B,supervisor,8,A1,0,0.0,11.654980932173332,11.654980932173332,1
LLAMA3-8B,supervisor,8,A1,1,11.654980932173332,180.79720928338324,169.1422283512099,16
LLAMA3-8B,supervisor,8,A1,2,180.79720928338324,202.12340493357948,21.32619565019624,1
LLAMA3-8B,supervisor,8,A1,3,202.12340493357948,381.30795220436744,179.18454727078796,16
LLAMA3-8B,supervisor,8,A2,0,0.0,5.412174445188248,5.412174445188248,1
LLAMA3-8B,supervisor,8,A2,1,5.412174445188248,47.823012735573414,42.410838290385165,16
LLAMA3-8B,supervisor,8,A2,2,47.823012735573414,53.90739052175106,6.084377786177647,1
LLAMA3-8B,supervisor,8,A2,3,53.90739052175106,98.56783218396258,44.66044166221152,16
LLAMA3-8B,supervisor,8,A3,0,0.0,6.197932289452366,6.197932289452366,1
LLAMA3-8B,supervisor,8,A3,1,6.197932289452366,63.72043360038348,57.52250131093111,16
LLAMA3-8B,supervisor,8,A3,2,63.72043360038348,71.21847980373414,7.498046203350661,1
LLAMA3-8B,supervisor,8,A3,3,71.21847980373414,131.6996459745433,60.48116617080916,16
LLAMA3-8B,supervisor,8,A3a,0,0.0,6.197932289452366,6.197932289452366,1
LLAMA3-8B,supervisor,8,A3a,1,6.197932289452366,63.35704832660278,57.15911603715041,16
LLAMA3-8B,supervisor,8,A3a,2,63.35704832660278,70.93399566891001,7.5769473423072355,1
LLAMA3-8B,supervisor,8,A3a,3,70.93399566891001,131.14468950756316,60.21069383865314,16
LLAMA3-8B,supervisor,8,A3b,0,0.0,6.097631942635913,6.097631942635913,1
LLAMA3-8B,supervisor,8,A3b,1,6.097631942635913,63.35748489263516,57.25985294999925,16
LLAMA3-8B,supervisor,8,A3b,2,63.35748489263516,70.80786813865448,7.450383246019321,1
LLAMA3-8B,supervisor,8,A3b,3,70.80786813865448,130.83053302575064,60.022664887096155,16
LLAMA3-8B,supervisor,8,A4,0,0.0,6.197010511881447,6.197010511881447,1
LLAMA3-8B,supervisor,8,A4,1,6.197010511881447,63.4333824462025,57.236371934321056,16
LLAMA3-8B,supervisor,8,A4,2,63.4333824462025,71.01336917496131,7.579986728758811,1
LLAMA3-8B,supervisor,8,A4,3,71.01336917496131,131.33423753826784,60.32086836330653,16
LLAMA3-8B,supervisor,8,A4b,0,0.0,6.137001841226324,6.137001841226324,1
LLAMA3-8B,supervisor,8,A4b,1,6.137001841226324,63.16498156008186,57.02797971885554,16
LLAMA3-8B,supervisor,8,A4b,2,63.16498156008186,70.68104045055289,7.516058890471022,1
LLAMA3-8B,supervisor,8,A4b,3,70.68104045055289,130.4594273516742,59.77838690112132,16
LLAMA3-8B,supervisor,8,A5,0,0.0,4.091050986060476,4.091050986060476,1
LLAMA3-8B,supervisor,8,A5,1,4.091050986060476,25.23356161946392,21.142510633403443,16
LLAMA3-8B,supervisor,8,A5,2,25.23356161946392,47.964769606130766,22.731207986666845,1
LLAMA3-8B,supervisor,8,A5,3,47.964769606130766,71.88215860230194,23.917388996171177,16
LLAMA3-8B,supervisor,8,A6,0,0.0,4.091050986060476,4.091050986060476,1
LLAMA3-8B,supervisor,8,A6,1,4.091050986060476,25.23356161946392,21.142510633403443,16
LLAMA3-8B,supervisor,8,A6,2,25.23356161946392,29.714186698452636,4.480625078988716,1
LLAMA3-8B,supervisor,8,A6,3,29.714186698452636,53.63157570019002,23.917389001737384,16
