profile,cycles,scan_us,nCCDAB,mac_commands,represented_column_MACs,dram_read_bytes_per_attacc,memory_energy_pJ_per_attacc,query_movement_commands,softmax_commands,trace_sha256,path,first_private_k_us,logical_tokens,object_tokens,scan_kind
scan-N1024-H8-Q8,3371,2.592299,8,2048,16384,20971520,94768332.80000001,5632,64,9a51a8e06ffb32656c508cfbd2281108fcf155d9f5a9d12fe5c8430de52d76d6,/data2/chenyi9/KV-PIM/attacc-fugue/output/KVChime-multi-model-TP4-20260907/kvchime/Fugue-asplos-raw/profiles/scan-N1024-H8-Q8,,,,
scan-N4096-H8-Q8,13670,10.512229999999999,8,8192,65536,83886080,376979456.0,17920,64,fa6b508ac124533b6a4131b7f52669b56c290c06609852edd932ba34cd006136,/data2/chenyi9/KV-PIM/attacc-fugue/output/KVChime-multi-model-TP4-20260907/kvchime/Fugue-asplos-raw/profiles/scan-N4096-H8-Q8,,,,
scan-N1024-H4-Q8,3371,2.592299,8,1024,8192,10485760,47384166.400000006,2816,32,fd2c4371ff4fa5fe35f70170c7d285232f6350a78774222123d16e3167a88004,/data2/chenyi9/KV-PIM/attacc-fugue/output/KVChime-multi-model-TP4-20260907/kvchime/Fugue-asplos-raw/profiles/scan-N1024-H4-Q8,,,,
scan-N4096-H4-Q8,13672,10.513768,8,4096,32768,41943040,188489728.0,8960,32,4c534dbd954f84d416009b18a15df7a0940a2979ac83f0713feb0114999878b2,/data2/chenyi9/KV-PIM/attacc-fugue/output/KVChime-multi-model-TP4-20260907/kvchime/Fugue-asplos-raw/profiles/scan-N4096-H4-Q8,,,,
scan-N1024-H7-Q8,3371,2.592299,8,1792,14336,18350080,82922291.20000002,4928,56,ea3b79ab1d23d8f5bcc8fd706fd75a649d934bd1594ad241a6a32a13c8c16016,/data2/chenyi9/KV-PIM/attacc-fugue/output/KVChime-multi-model-TP4-20260907/kvchime/Fugue-asplos-raw/profiles/scan-N1024-H7-Q8,,,,
scan-N4096-H7-Q8,13683,10.522227,8,7168,57344,73400320,329857024.00000006,15680,56,422de3c72c568673715ff558322f364734e17388832293bb7dfaf36db921c287,/data2/chenyi9/KV-PIM/attacc-fugue/output/KVChime-multi-model-TP4-20260907/kvchime/Fugue-asplos-raw/profiles/scan-N4096-H7-Q8,,,,
scan-N1024-H2-Q8,3361,2.584609,8,512,4096,5242880,23692083.200000003,1408,16,56ca74c73288259a6a3a83d212465f8865ba566ea00c3886b0a49a118a63853c,/data2/chenyi9/KV-PIM/attacc-fugue/output/KVChime-multi-model-TP4-20260907/kvchime/Fugue-asplos-raw/profiles/scan-N1024-H2-Q8,,,,
scan-N4096-H2-Q8,13602,10.459938,8,2048,16384,20971520,94244864.0,4480,16,839f689611239c8531d385a48537de6821d50ed5ade9e57c2e9207e4c1414945,/data2/chenyi9/KV-PIM/attacc-fugue/output/KVChime-multi-model-TP4-20260907/kvchime/Fugue-asplos-raw/profiles/scan-N4096-H2-Q8,,,,
shared-1ac802d10fb2b9634bf2,11668,8.972692,8,5992,47936,61358080,276085555.20000005,13888,56,0e0ab98ce70d3f14c71956d6284573ec4f09976731e9924871bf988873e19776,/data2/chenyi9/KV-PIM/attacc-fugue/output/KVChime-multi-model-TP4-20260907/kvchime/Fugue-asplos-raw/profiles/shared-1ac802d10fb2b9634bf2,0.195326,27360,3420,shared_MQ
shared-06e45491dc2a49c72445,8691,6.6833789999999995,7,5992,23968,61358080,273030553.6,6944,28,d8c2da041ab54bbd8e6c1c3b74db03e149af39a0939e69bceea99b5c48f81f34,/data2/chenyi9/KV-PIM/attacc-fugue/output/KVChime-multi-model-TP4-20260907/kvchime/Fugue-asplos-raw/profiles/shared-06e45491dc2a49c72445,0.09689400000000001,13680,3420,shared_MQ
shared-4e20f9df6fe027d30100,8340,6.41346,7,5992,17976,61358080,272266803.20000005,5208,21,976fec3e5c07944c4ff0dd83c47fa48070d4592855245bfb8beaf39f4bbfd263,/data2/chenyi9/KV-PIM/attacc-fugue/output/KVChime-multi-model-TP4-20260907/kvchime/Fugue-asplos-raw/profiles/shared-4e20f9df6fe027d30100,0.072286,10260,3420,shared_MQ
shared-406646592c9910f19140,16167,12.432423,8,7028,56224,71966720,328391884.8,26432,56,f547ec826d0d156cf7a6211bcef574ff6cdf5beeaff950939de1446e5431207a,/data2/chenyi9/KV-PIM/attacc-fugue/output/KVChime-multi-model-TP4-20260907/kvchime/Fugue-asplos-raw/profiles/shared-406646592c9910f19140,5.169218,27360,3957,shared_MQ
shared-e9aa54de2afac603a0da,11028,8.480532,7,7028,21084,71966720,321055436.8,9912,21,d36166b85714755140ca1b7efa24c9080deff1f06fa7c3698046e8c2aa3e1853,/data2/chenyi9/KV-PIM/attacc-fugue/output/KVChime-multi-model-TP4-20260907/kvchime/Fugue-asplos-raw/profiles/shared-e9aa54de2afac603a0da,3.288244,10260,3957,shared_MQ
scan-N3421-H7-Q1,6888,5.2968720000000005,6,5992,5992,61358080,270739302.40000004,1736,7,ef2d79e404d68febf861a0cc9327acb357e32f93d0dda3cb7b17b1ebfa21da31,/data2/chenyi9/KV-PIM/attacc-fugue/output/KVChime-multi-model-TP4-20260907/kvchime/Fugue-asplos-raw/profiles/scan-N3421-H7-Q1,,,,
shared-b1d0ec75ea31594fcb19,6888,5.2968720000000005,6,5992,5992,61358080,270739302.40000004,1736,7,02793b765db8dd6c5e792f955831bc94f8887edf79e07bc0e2d7b03a3d8020f4,/data2/chenyi9/KV-PIM/attacc-fugue/output/KVChime-multi-model-TP4-20260907/kvchime/Fugue-asplos-raw/profiles/shared-b1d0ec75ea31594fcb19,0.02307,3421,3421,shared_single_query
shared-06e214be7079585765c3,8083,6.215827,6,7028,7028,71966720,318120857.6,3304,7,5870dbd195b82c5d0fb3a02d6ee0d699b00cf244dcb4ad6763c1473461c23efb,/data2/chenyi9/KV-PIM/attacc-fugue/output/KVChime-multi-model-TP4-20260907/kvchime/Fugue-asplos-raw/profiles/shared-06e214be7079585765c3,2.482332,3421,3958,shared_single_query
scan-N3422-H7-Q1,6888,5.2968720000000005,6,5992,5992,61358080,270739302.40000004,1736,7,ef2d79e404d68febf861a0cc9327acb357e32f93d0dda3cb7b17b1ebfa21da31,/data2/chenyi9/KV-PIM/attacc-fugue/output/KVChime-multi-model-TP4-20260907/kvchime/Fugue-asplos-raw/profiles/scan-N3422-H7-Q1,,,,
shared-6dfebe30c79efe6e6081,6888,5.2968720000000005,6,5992,5992,61358080,270739302.40000004,1736,7,02793b765db8dd6c5e792f955831bc94f8887edf79e07bc0e2d7b03a3d8020f4,/data2/chenyi9/KV-PIM/attacc-fugue/output/KVChime-multi-model-TP4-20260907/kvchime/Fugue-asplos-raw/profiles/shared-6dfebe30c79efe6e6081,0.02307,3422,3422,shared_single_query
shared-fe87c56985518a7cdf48,8083,6.215827,6,7028,7028,71966720,318120857.6,3304,7,5870dbd195b82c5d0fb3a02d6ee0d699b00cf244dcb4ad6763c1473461c23efb,/data2/chenyi9/KV-PIM/attacc-fugue/output/KVChime-multi-model-TP4-20260907/kvchime/Fugue-asplos-raw/profiles/shared-fe87c56985518a7cdf48,2.482332,3422,3959,shared_single_query
scan-N3423-H7-Q1,6888,5.2968720000000005,6,5992,5992,61358080,270739302.40000004,1736,7,ef2d79e404d68febf861a0cc9327acb357e32f93d0dda3cb7b17b1ebfa21da31,/data2/chenyi9/KV-PIM/attacc-fugue/output/KVChime-multi-model-TP4-20260907/kvchime/Fugue-asplos-raw/profiles/scan-N3423-H7-Q1,,,,
shared-bffb3b199cd40b40e008,6888,5.2968720000000005,6,5992,5992,61358080,270739302.40000004,1736,7,02793b765db8dd6c5e792f955831bc94f8887edf79e07bc0e2d7b03a3d8020f4,/data2/chenyi9/KV-PIM/attacc-fugue/output/KVChime-multi-model-TP4-20260907/kvchime/Fugue-asplos-raw/profiles/shared-bffb3b199cd40b40e008,0.02307,3423,3423,shared_single_query
shared-c54739ee6979a9a99637,8083,6.215827,6,7028,7028,71966720,318120857.6,3304,7,5870dbd195b82c5d0fb3a02d6ee0d699b00cf244dcb4ad6763c1473461c23efb,/data2/chenyi9/KV-PIM/attacc-fugue/output/KVChime-multi-model-TP4-20260907/kvchime/Fugue-asplos-raw/profiles/shared-c54739ee6979a9a99637,2.482332,3423,3960,shared_single_query
scan-N3424-H7-Q1,6888,5.2968720000000005,6,5992,5992,61358080,270739302.40000004,1736,7,ef2d79e404d68febf861a0cc9327acb357e32f93d0dda3cb7b17b1ebfa21da31,/data2/chenyi9/KV-PIM/attacc-fugue/output/KVChime-multi-model-TP4-20260907/kvchime/Fugue-asplos-raw/profiles/scan-N3424-H7-Q1,,,,
shared-eec876374bf9d16167b0,6888,5.2968720000000005,6,5992,5992,61358080,270739302.40000004,1736,7,02793b765db8dd6c5e792f955831bc94f8887edf79e07bc0e2d7b03a3d8020f4,/data2/chenyi9/KV-PIM/attacc-fugue/output/KVChime-multi-model-TP4-20260907/kvchime/Fugue-asplos-raw/profiles/shared-eec876374bf9d16167b0,0.02307,3424,3424,shared_single_query
shared-a4fc8701d8f583817b30,8083,6.215827,6,7028,7028,71966720,318120857.6,3304,7,5870dbd195b82c5d0fb3a02d6ee0d699b00cf244dcb4ad6763c1473461c23efb,/data2/chenyi9/KV-PIM/attacc-fugue/output/KVChime-multi-model-TP4-20260907/kvchime/Fugue-asplos-raw/profiles/shared-a4fc8701d8f583817b30,2.482332,3424,3961,shared_single_query
scan-N3425-H7-Q1,6912,5.315328,6,6020,6020,61644800,272000870.40000004,1736,7,9cf054aae4fd680e5eade0b4ba7e191cdf080aaa1dd9c1a74c97fd3e72b81dba,/data2/chenyi9/KV-PIM/attacc-fugue/output/KVChime-multi-model-TP4-20260907/kvchime/Fugue-asplos-raw/profiles/scan-N3425-H7-Q1,,,,
shared-58dd2cdaaaa4f25e3332,6912,5.315328,6,6020,6020,61644800,272000870.40000004,1736,7,b61c35eb232de161733138a3b8dfaf574b316482331d836502e5860403150a40,/data2/chenyi9/KV-PIM/attacc-fugue/output/KVChime-multi-model-TP4-20260907/kvchime/Fugue-asplos-raw/profiles/shared-58dd2cdaaaa4f25e3332,0.02307,3425,3425,shared_single_query
shared-dbc766ff2bd18b3872fa,8083,6.215827,6,7028,7028,71966720,318120857.6,3304,7,5870dbd195b82c5d0fb3a02d6ee0d699b00cf244dcb4ad6763c1473461c23efb,/data2/chenyi9/KV-PIM/attacc-fugue/output/KVChime-multi-model-TP4-20260907/kvchime/Fugue-asplos-raw/profiles/shared-dbc766ff2bd18b3872fa,2.482332,3425,3962,shared_single_query
scan-N3426-H7-Q1,6912,5.315328,6,6020,6020,61644800,272000870.40000004,1736,7,9cf054aae4fd680e5eade0b4ba7e191cdf080aaa1dd9c1a74c97fd3e72b81dba,/data2/chenyi9/KV-PIM/attacc-fugue/output/KVChime-multi-model-TP4-20260907/kvchime/Fugue-asplos-raw/profiles/scan-N3426-H7-Q1,,,,
shared-035d42802bdd6968331a,6912,5.315328,6,6020,6020,61644800,272000870.40000004,1736,7,b61c35eb232de161733138a3b8dfaf574b316482331d836502e5860403150a40,/data2/chenyi9/KV-PIM/attacc-fugue/output/KVChime-multi-model-TP4-20260907/kvchime/Fugue-asplos-raw/profiles/shared-035d42802bdd6968331a,0.02307,3426,3426,shared_single_query
shared-eb62450d90ec115918c1,8083,6.215827,6,7028,7028,71966720,318120857.6,3304,7,5870dbd195b82c5d0fb3a02d6ee0d699b00cf244dcb4ad6763c1473461c23efb,/data2/chenyi9/KV-PIM/attacc-fugue/output/KVChime-multi-model-TP4-20260907/kvchime/Fugue-asplos-raw/profiles/shared-eb62450d90ec115918c1,2.482332,3426,3963,shared_single_query
scan-N3427-H7-Q1,6912,5.315328,6,6020,6020,61644800,272000870.40000004,1736,7,9cf054aae4fd680e5eade0b4ba7e191cdf080aaa1dd9c1a74c97fd3e72b81dba,/data2/chenyi9/KV-PIM/attacc-fugue/output/KVChime-multi-model-TP4-20260907/kvchime/Fugue-asplos-raw/profiles/scan-N3427-H7-Q1,,,,
shared-a7868931f01624967590,6912,5.315328,6,6020,6020,61644800,272000870.40000004,1736,7,b61c35eb232de161733138a3b8dfaf574b316482331d836502e5860403150a40,/data2/chenyi9/KV-PIM/attacc-fugue/output/KVChime-multi-model-TP4-20260907/kvchime/Fugue-asplos-raw/profiles/shared-a7868931f01624967590,0.02307,3427,3427,shared_single_query
shared-4f3f6a59870fba040745,8083,6.215827,6,7028,7028,71966720,318120857.6,3304,7,5870dbd195b82c5d0fb3a02d6ee0d699b00cf244dcb4ad6763c1473461c23efb,/data2/chenyi9/KV-PIM/attacc-fugue/output/KVChime-multi-model-TP4-20260907/kvchime/Fugue-asplos-raw/profiles/shared-4f3f6a59870fba040745,2.482332,3427,3964,shared_single_query
scan-N3428-H7-Q1,6912,5.315328,6,6020,6020,61644800,272000870.40000004,1736,7,9cf054aae4fd680e5eade0b4ba7e191cdf080aaa1dd9c1a74c97fd3e72b81dba,/data2/chenyi9/KV-PIM/attacc-fugue/output/KVChime-multi-model-TP4-20260907/kvchime/Fugue-asplos-raw/profiles/scan-N3428-H7-Q1,,,,
shared-135971e1bfaa8d2f856c,6912,5.315328,6,6020,6020,61644800,272000870.40000004,1736,7,b61c35eb232de161733138a3b8dfaf574b316482331d836502e5860403150a40,/data2/chenyi9/KV-PIM/attacc-fugue/output/KVChime-multi-model-TP4-20260907/kvchime/Fugue-asplos-raw/profiles/shared-135971e1bfaa8d2f856c,0.02307,3428,3428,shared_single_query
shared-747957ff07b1155681c8,8083,6.215827,6,7028,7028,71966720,318120857.6,3304,7,5870dbd195b82c5d0fb3a02d6ee0d699b00cf244dcb4ad6763c1473461c23efb,/data2/chenyi9/KV-PIM/attacc-fugue/output/KVChime-multi-model-TP4-20260907/kvchime/Fugue-asplos-raw/profiles/shared-747957ff07b1155681c8,2.482332,3428,3965,shared_single_query
scan-N3429-H7-Q1,6912,5.315328,6,6020,6020,61644800,272000870.40000004,1736,7,9cf054aae4fd680e5eade0b4ba7e191cdf080aaa1dd9c1a74c97fd3e72b81dba,/data2/chenyi9/KV-PIM/attacc-fugue/output/KVChime-multi-model-TP4-20260907/kvchime/Fugue-asplos-raw/profiles/scan-N3429-H7-Q1,,,,
shared-42600f531f70e7b4b1b0,6912,5.315328,6,6020,6020,61644800,272000870.40000004,1736,7,b61c35eb232de161733138a3b8dfaf574b316482331d836502e5860403150a40,/data2/chenyi9/KV-PIM/attacc-fugue/output/KVChime-multi-model-TP4-20260907/kvchime/Fugue-asplos-raw/profiles/shared-42600f531f70e7b4b1b0,0.02307,3429,3429,shared_single_query
shared-9095d72d4dd74bf36c7d,8083,6.215827,6,7028,7028,71966720,318120857.6,3304,7,5870dbd195b82c5d0fb3a02d6ee0d699b00cf244dcb4ad6763c1473461c23efb,/data2/chenyi9/KV-PIM/attacc-fugue/output/KVChime-multi-model-TP4-20260907/kvchime/Fugue-asplos-raw/profiles/shared-9095d72d4dd74bf36c7d,2.482332,3429,3966,shared_single_query
shared-4a58c7d364ae51238d64,11764,9.046516,8,6076,48608,62218240,279870259.20000005,13888,56,8634b0b1f95cd404d541b3b7d4ef08f4d0b9329944ce7a8b001508ba936ed285,/data2/chenyi9/KV-PIM/attacc-fugue/output/KVChime-multi-model-TP4-20260907/kvchime/Fugue-asplos-raw/profiles/shared-4a58c7d364ae51238d64,0.195326,27664,3458,shared_MQ
shared-27203ff80e57df50ce73,8089,6.220441,7,6076,12152,62218240,275287756.8,3472,14,c97030c0a24e40a8d9fc10b6b68ec9ea68236c9b12867c1febd9e5876027a755,/data2/chenyi9/KV-PIM/attacc-fugue/output/KVChime-multi-model-TP4-20260907/kvchime/Fugue-asplos-raw/profiles/shared-27203ff80e57df50ce73,0.047678000000000005,6916,3458,shared_MQ
shared-446ae61aea8c3139ba79,8775,6.747975,7,6076,24304,62218240,276815257.6,6944,28,dc7c5a855c2313c8b6b80ea2546cbb88417878d81bb741b7b3c8750afc8fb4ef,/data2/chenyi9/KV-PIM/attacc-fugue/output/KVChime-multi-model-TP4-20260907/kvchime/Fugue-asplos-raw/profiles/shared-446ae61aea8c3139ba79,0.09689400000000001,13832,3458,shared_MQ
shared-399e46e2566e18ad85ee,16495,12.684655000000001,8,7112,56896,72826880,332176588.8,26432,56,2c51762555230d94d43a039ddc2db3ab4b420d23fcb290af74bcaac46734b432,/data2/chenyi9/KV-PIM/attacc-fugue/output/KVChime-multi-model-TP4-20260907/kvchime/Fugue-asplos-raw/profiles/shared-399e46e2566e18ad85ee,5.3337840000000005,27664,4001,shared_MQ
shared-c0d73456f588c62682e4,11891,9.144179,7,7112,28448,72826880,326307430.40000004,13216,28,aba90ac0a87e7800acb2fc8f8e990a2ee25e1f01c4e694fc818e6f6c197400fe,/data2/chenyi9/KV-PIM/attacc-fugue/output/KVChime-multi-model-TP4-20260907/kvchime/Fugue-asplos-raw/profiles/shared-c0d73456f588c62682e4,3.566622,13832,4001,shared_MQ
scan-N3459-H7-Q1,6960,5.35224,6,6076,6076,62218240,274524006.4,1736,7,40c1966d5f0b321a0a1da94cec38a8e8323848ee27e142af9c20080f957b6be6,/data2/chenyi9/KV-PIM/attacc-fugue/output/KVChime-multi-model-TP4-20260907/kvchime/Fugue-asplos-raw/profiles/scan-N3459-H7-Q1,,,,
shared-963d689c342ed0ae5d15,6960,5.35224,6,6076,6076,62218240,274524006.4,1736,7,f8499b646676d26516c5645a2f92db1a99849464dced9ac0ec6389f4c844a0dd,/data2/chenyi9/KV-PIM/attacc-fugue/output/KVChime-multi-model-TP4-20260907/kvchime/Fugue-asplos-raw/profiles/shared-963d689c342ed0ae5d15,0.02307,3459,3459,shared_single_query
shared-bbfc553d874c898ccb2e,8155,6.271195,6,7112,7112,72826880,321905561.6,3304,7,a881c067419f78af8e681bbc3c19a71eff623b90075687da1b4a861e6fa8ae8e,/data2/chenyi9/KV-PIM/attacc-fugue/output/KVChime-multi-model-TP4-20260907/kvchime/Fugue-asplos-raw/profiles/shared-bbfc553d874c898ccb2e,2.5100160000000002,3459,4002,shared_single_query
scan-N3460-H7-Q1,6960,5.35224,6,6076,6076,62218240,274524006.4,1736,7,40c1966d5f0b321a0a1da94cec38a8e8323848ee27e142af9c20080f957b6be6,/data2/chenyi9/KV-PIM/attacc-fugue/output/KVChime-multi-model-TP4-20260907/kvchime/Fugue-asplos-raw/profiles/scan-N3460-H7-Q1,,,,
shared-792a7e7397fe1940a02a,6960,5.35224,6,6076,6076,62218240,274524006.4,1736,7,f8499b646676d26516c5645a2f92db1a99849464dced9ac0ec6389f4c844a0dd,/data2/chenyi9/KV-PIM/attacc-fugue/output/KVChime-multi-model-TP4-20260907/kvchime/Fugue-asplos-raw/profiles/shared-792a7e7397fe1940a02a,0.02307,3460,3460,shared_single_query
shared-676855d1b6b969611b24,8155,6.271195,6,7112,7112,72826880,321905561.6,3304,7,a881c067419f78af8e681bbc3c19a71eff623b90075687da1b4a861e6fa8ae8e,/data2/chenyi9/KV-PIM/attacc-fugue/output/KVChime-multi-model-TP4-20260907/kvchime/Fugue-asplos-raw/profiles/shared-676855d1b6b969611b24,2.5100160000000002,3460,4003,shared_single_query
scan-N3461-H7-Q1,6960,5.35224,6,6076,6076,62218240,274524006.4,1736,7,40c1966d5f0b321a0a1da94cec38a8e8323848ee27e142af9c20080f957b6be6,/data2/chenyi9/KV-PIM/attacc-fugue/output/KVChime-multi-model-TP4-20260907/kvchime/Fugue-asplos-raw/profiles/scan-N3461-H7-Q1,,,,
shared-fde20bd57f9eb17ddbc8,6960,5.35224,6,6076,6076,62218240,274524006.4,1736,7,f8499b646676d26516c5645a2f92db1a99849464dced9ac0ec6389f4c844a0dd,/data2/chenyi9/KV-PIM/attacc-fugue/output/KVChime-multi-model-TP4-20260907/kvchime/Fugue-asplos-raw/profiles/shared-fde20bd57f9eb17ddbc8,0.02307,3461,3461,shared_single_query
shared-e41eb369aea07eb359e3,8155,6.271195,6,7112,7112,72826880,321905561.6,3304,7,a881c067419f78af8e681bbc3c19a71eff623b90075687da1b4a861e6fa8ae8e,/data2/chenyi9/KV-PIM/attacc-fugue/output/KVChime-multi-model-TP4-20260907/kvchime/Fugue-asplos-raw/profiles/shared-e41eb369aea07eb359e3,2.5100160000000002,3461,4004,shared_single_query
scan-N3462-H7-Q1,6960,5.35224,6,6076,6076,62218240,274524006.4,1736,7,40c1966d5f0b321a0a1da94cec38a8e8323848ee27e142af9c20080f957b6be6,/data2/chenyi9/KV-PIM/attacc-fugue/output/KVChime-multi-model-TP4-20260907/kvchime/Fugue-asplos-raw/profiles/scan-N3462-H7-Q1,,,,
shared-a7a99f1981b321ae7d88,6960,5.35224,6,6076,6076,62218240,274524006.4,1736,7,f8499b646676d26516c5645a2f92db1a99849464dced9ac0ec6389f4c844a0dd,/data2/chenyi9/KV-PIM/attacc-fugue/output/KVChime-multi-model-TP4-20260907/kvchime/Fugue-asplos-raw/profiles/shared-a7a99f1981b321ae7d88,0.02307,3462,3462,shared_single_query
shared-c3aeb14fa2a9bbe414a6,8155,6.271195,6,7112,7112,72826880,321905561.6,3304,7,a881c067419f78af8e681bbc3c19a71eff623b90075687da1b4a861e6fa8ae8e,/data2/chenyi9/KV-PIM/attacc-fugue/output/KVChime-multi-model-TP4-20260907/kvchime/Fugue-asplos-raw/profiles/shared-c3aeb14fa2a9bbe414a6,2.5100160000000002,3462,4005,shared_single_query
scan-N3463-H7-Q1,6960,5.35224,6,6076,6076,62218240,274524006.4,1736,7,40c1966d5f0b321a0a1da94cec38a8e8323848ee27e142af9c20080f957b6be6,/data2/chenyi9/KV-PIM/attacc-fugue/output/KVChime-multi-model-TP4-20260907/kvchime/Fugue-asplos-raw/profiles/scan-N3463-H7-Q1,,,,
shared-25faf3bd94ffccd98780,6960,5.35224,6,6076,6076,62218240,274524006.4,1736,7,f8499b646676d26516c5645a2f92db1a99849464dced9ac0ec6389f4c844a0dd,/data2/chenyi9/KV-PIM/attacc-fugue/output/KVChime-multi-model-TP4-20260907/kvchime/Fugue-asplos-raw/profiles/shared-25faf3bd94ffccd98780,0.02307,3463,3463,shared_single_query
shared-622d65671d329313f189,8179,6.289651,6,7140,7140,73113600,323167129.6,3304,7,2d54caa7482a0d67ae2ff2fe2f2cb59bf6876b066dd0792eb440432186d489e6,/data2/chenyi9/KV-PIM/attacc-fugue/output/KVChime-multi-model-TP4-20260907/kvchime/Fugue-asplos-raw/profiles/shared-622d65671d329313f189,2.5100160000000002,3463,4006,shared_single_query
scan-N3464-H7-Q1,6960,5.35224,6,6076,6076,62218240,274524006.4,1736,7,40c1966d5f0b321a0a1da94cec38a8e8323848ee27e142af9c20080f957b6be6,/data2/chenyi9/KV-PIM/attacc-fugue/output/KVChime-multi-model-TP4-20260907/kvchime/Fugue-asplos-raw/profiles/scan-N3464-H7-Q1,,,,
shared-283359a232fe41df79cd,6960,5.35224,6,6076,6076,62218240,274524006.4,1736,7,f8499b646676d26516c5645a2f92db1a99849464dced9ac0ec6389f4c844a0dd,/data2/chenyi9/KV-PIM/attacc-fugue/output/KVChime-multi-model-TP4-20260907/kvchime/Fugue-asplos-raw/profiles/shared-283359a232fe41df79cd,0.02307,3464,3464,shared_single_query
shared-45affb47e35606fc13ac,8179,6.289651,6,7140,7140,73113600,323167129.6,3304,7,2d54caa7482a0d67ae2ff2fe2f2cb59bf6876b066dd0792eb440432186d489e6,/data2/chenyi9/KV-PIM/attacc-fugue/output/KVChime-multi-model-TP4-20260907/kvchime/Fugue-asplos-raw/profiles/shared-45affb47e35606fc13ac,2.5100160000000002,3464,4007,shared_single_query
scan-N3465-H7-Q1,6960,5.35224,6,6076,6076,62218240,274524006.4,1736,7,40c1966d5f0b321a0a1da94cec38a8e8323848ee27e142af9c20080f957b6be6,/data2/chenyi9/KV-PIM/attacc-fugue/output/KVChime-multi-model-TP4-20260907/kvchime/Fugue-asplos-raw/profiles/scan-N3465-H7-Q1,,,,
shared-715c0ca0fb8512664d2a,6960,5.35224,6,6076,6076,62218240,274524006.4,1736,7,f8499b646676d26516c5645a2f92db1a99849464dced9ac0ec6389f4c844a0dd,/data2/chenyi9/KV-PIM/attacc-fugue/output/KVChime-multi-model-TP4-20260907/kvchime/Fugue-asplos-raw/profiles/shared-715c0ca0fb8512664d2a,0.02307,3465,3465,shared_single_query
shared-3d4d1699f7d2a3108a3a,8179,6.289651,6,7140,7140,73113600,323167129.6,3304,7,2d54caa7482a0d67ae2ff2fe2f2cb59bf6876b066dd0792eb440432186d489e6,/data2/chenyi9/KV-PIM/attacc-fugue/output/KVChime-multi-model-TP4-20260907/kvchime/Fugue-asplos-raw/profiles/shared-3d4d1699f7d2a3108a3a,2.5100160000000002,3465,4008,shared_single_query
scan-N3466-H7-Q1,6960,5.35224,6,6076,6076,62218240,274524006.4,1736,7,40c1966d5f0b321a0a1da94cec38a8e8323848ee27e142af9c20080f957b6be6,/data2/chenyi9/KV-PIM/attacc-fugue/output/KVChime-multi-model-TP4-20260907/kvchime/Fugue-asplos-raw/profiles/scan-N3466-H7-Q1,,,,
shared-6f74be68b09cb3c45e17,6960,5.35224,6,6076,6076,62218240,274524006.4,1736,7,f8499b646676d26516c5645a2f92db1a99849464dced9ac0ec6389f4c844a0dd,/data2/chenyi9/KV-PIM/attacc-fugue/output/KVChime-multi-model-TP4-20260907/kvchime/Fugue-asplos-raw/profiles/shared-6f74be68b09cb3c45e17,0.02307,3466,3466,shared_single_query
shared-7e14c475e3957525b181,8179,6.289651,6,7140,7140,73113600,323167129.6,3304,7,2d54caa7482a0d67ae2ff2fe2f2cb59bf6876b066dd0792eb440432186d489e6,/data2/chenyi9/KV-PIM/attacc-fugue/output/KVChime-multi-model-TP4-20260907/kvchime/Fugue-asplos-raw/profiles/shared-7e14c475e3957525b181,2.5100160000000002,3466,4009,shared_single_query
scan-N3467-H7-Q1,6960,5.35224,6,6076,6076,62218240,274524006.4,1736,7,40c1966d5f0b321a0a1da94cec38a8e8323848ee27e142af9c20080f957b6be6,/data2/chenyi9/KV-PIM/attacc-fugue/output/KVChime-multi-model-TP4-20260907/kvchime/Fugue-asplos-raw/profiles/scan-N3467-H7-Q1,,,,
shared-144c029e13b1cf19d34c,6960,5.35224,6,6076,6076,62218240,274524006.4,1736,7,f8499b646676d26516c5645a2f92db1a99849464dced9ac0ec6389f4c844a0dd,/data2/chenyi9/KV-PIM/attacc-fugue/output/KVChime-multi-model-TP4-20260907/kvchime/Fugue-asplos-raw/profiles/shared-144c029e13b1cf19d34c,0.02307,3467,3467,shared_single_query
shared-ffcc5317d3f2120ea1fd,8179,6.289651,6,7140,7140,73113600,323167129.6,3304,7,2d54caa7482a0d67ae2ff2fe2f2cb59bf6876b066dd0792eb440432186d489e6,/data2/chenyi9/KV-PIM/attacc-fugue/output/KVChime-multi-model-TP4-20260907/kvchime/Fugue-asplos-raw/profiles/shared-ffcc5317d3f2120ea1fd,2.5100160000000002,3467,4010,shared_single_query
shared-4766a6d07559ad5cacf5,18454,14.191126,8,7336,58688,75120640,344451072.0,31360,56,4125b1370c18ebe888e726a4c319b11cc21aa23216f0ba0e74a311e18348428e,/data2/chenyi9/KV-PIM/attacc-fugue/output/KVChime-multi-model-TP4-20260907/kvchime/Fugue-asplos-raw/profiles/shared-4766a6d07559ad5cacf5,6.393466,32224,4124,shared_MQ
shared-bf0aa9350da3addabeca,11053,8.499756999999999,7,7336,14672,75120640,334010880.0,7840,14,e276becfa5922c5ac6c491c4e8f7517fc35858a943ca2ce7a57c44f06a49a7ba,/data2/chenyi9/KV-PIM/attacc-fugue/output/KVChime-multi-model-TP4-20260907/kvchime/Fugue-asplos-raw/profiles/shared-bf0aa9350da3addabeca,3.711194,8056,4124,shared_MQ
scan-N4029-H7-Q1,7992,6.145848,6,7056,7056,72253440,318777088.0,1960,7,c29b89a1547ef2de6895e278f0fa8af871e31ca8270c333fb6444afe6e07f941,/data2/chenyi9/KV-PIM/attacc-fugue/output/KVChime-multi-model-TP4-20260907/kvchime/Fugue-asplos-raw/profiles/scan-N4029-H7-Q1,,,,
shared-da665dbca68c592988a1,8821,6.783349,6,7336,7336,75120640,332270848.0,3920,7,45dc2b13292b8bdb5e4257ed7f8e7a01c55fa6b3fc0ab3bb446b5e74f99b0b0a,/data2/chenyi9/KV-PIM/attacc-fugue/output/KVChime-multi-model-TP4-20260907/kvchime/Fugue-asplos-raw/profiles/shared-da665dbca68c592988a1,3.1006080000000003,4029,4125,shared_single_query
scan-N4030-H7-Q1,7992,6.145848,6,7056,7056,72253440,318777088.0,1960,7,c29b89a1547ef2de6895e278f0fa8af871e31ca8270c333fb6444afe6e07f941,/data2/chenyi9/KV-PIM/attacc-fugue/output/KVChime-multi-model-TP4-20260907/kvchime/Fugue-asplos-raw/profiles/scan-N4030-H7-Q1,,,,
shared-d4cf36d8bbeb594dc3ab,8821,6.783349,6,7336,7336,75120640,332270848.0,3920,7,45dc2b13292b8bdb5e4257ed7f8e7a01c55fa6b3fc0ab3bb446b5e74f99b0b0a,/data2/chenyi9/KV-PIM/attacc-fugue/output/KVChime-multi-model-TP4-20260907/kvchime/Fugue-asplos-raw/profiles/shared-d4cf36d8bbeb594dc3ab,3.1006080000000003,4030,4126,shared_single_query
scan-N4031-H7-Q1,7992,6.145848,6,7056,7056,72253440,318777088.0,1960,7,c29b89a1547ef2de6895e278f0fa8af871e31ca8270c333fb6444afe6e07f941,/data2/chenyi9/KV-PIM/attacc-fugue/output/KVChime-multi-model-TP4-20260907/kvchime/Fugue-asplos-raw/profiles/scan-N4031-H7-Q1,,,,
shared-5147ea25311f2646deff,8821,6.783349,6,7336,7336,75120640,332270848.0,3920,7,45dc2b13292b8bdb5e4257ed7f8e7a01c55fa6b3fc0ab3bb446b5e74f99b0b0a,/data2/chenyi9/KV-PIM/attacc-fugue/output/KVChime-multi-model-TP4-20260907/kvchime/Fugue-asplos-raw/profiles/shared-5147ea25311f2646deff,3.1006080000000003,4031,4127,shared_single_query
scan-N4032-H7-Q1,7992,6.145848,6,7056,7056,72253440,318777088.0,1960,7,c29b89a1547ef2de6895e278f0fa8af871e31ca8270c333fb6444afe6e07f941,/data2/chenyi9/KV-PIM/attacc-fugue/output/KVChime-multi-model-TP4-20260907/kvchime/Fugue-asplos-raw/profiles/scan-N4032-H7-Q1,,,,
shared-c6fe8c41be246709dee3,8821,6.783349,6,7336,7336,75120640,332270848.0,3920,7,45dc2b13292b8bdb5e4257ed7f8e7a01c55fa6b3fc0ab3bb446b5e74f99b0b0a,/data2/chenyi9/KV-PIM/attacc-fugue/output/KVChime-multi-model-TP4-20260907/kvchime/Fugue-asplos-raw/profiles/shared-c6fe8c41be246709dee3,3.1006080000000003,4032,4128,shared_single_query
scan-N4033-H7-Q1,8030,6.17507,6,7084,7084,72540160,320038656.0,1960,7,65bf40cd69ff9c8c0d74f992cadc0722a66ab503224515c063c843e1687848e1,/data2/chenyi9/KV-PIM/attacc-fugue/output/KVChime-multi-model-TP4-20260907/kvchime/Fugue-asplos-raw/profiles/scan-N4033-H7-Q1,,,,
shared-7ab808742a45a17eca22,8821,6.783349,6,7336,7336,75120640,332270848.0,3920,7,45dc2b13292b8bdb5e4257ed7f8e7a01c55fa6b3fc0ab3bb446b5e74f99b0b0a,/data2/chenyi9/KV-PIM/attacc-fugue/output/KVChime-multi-model-TP4-20260907/kvchime/Fugue-asplos-raw/profiles/shared-7ab808742a45a17eca22,3.1006080000000003,4033,4129,shared_single_query
scan-N4034-H7-Q1,8030,6.17507,6,7084,7084,72540160,320038656.0,1960,7,65bf40cd69ff9c8c0d74f992cadc0722a66ab503224515c063c843e1687848e1,/data2/chenyi9/KV-PIM/attacc-fugue/output/KVChime-multi-model-TP4-20260907/kvchime/Fugue-asplos-raw/profiles/scan-N4034-H7-Q1,,,,
shared-61dab2669fb030d4feb9,8821,6.783349,6,7336,7336,75120640,332270848.0,3920,7,45dc2b13292b8bdb5e4257ed7f8e7a01c55fa6b3fc0ab3bb446b5e74f99b0b0a,/data2/chenyi9/KV-PIM/attacc-fugue/output/KVChime-multi-model-TP4-20260907/kvchime/Fugue-asplos-raw/profiles/shared-61dab2669fb030d4feb9,3.1006080000000003,4034,4130,shared_single_query
scan-N4035-H7-Q1,8030,6.17507,6,7084,7084,72540160,320038656.0,1960,7,65bf40cd69ff9c8c0d74f992cadc0722a66ab503224515c063c843e1687848e1,/data2/chenyi9/KV-PIM/attacc-fugue/output/KVChime-multi-model-TP4-20260907/kvchime/Fugue-asplos-raw/profiles/scan-N4035-H7-Q1,,,,
shared-05114215cebb0e590bc5,8845,6.801805,6,7364,7364,75407360,333532416.0,3920,7,8dda9041b13b94782ac53e8abf82a35ac93774ce22cb3ed976ce66d9b2617bdb,/data2/chenyi9/KV-PIM/attacc-fugue/output/KVChime-multi-model-TP4-20260907/kvchime/Fugue-asplos-raw/profiles/shared-05114215cebb0e590bc5,3.1006080000000003,4035,4131,shared_single_query
scan-N4036-H7-Q1,8030,6.17507,6,7084,7084,72540160,320038656.0,1960,7,65bf40cd69ff9c8c0d74f992cadc0722a66ab503224515c063c843e1687848e1,/data2/chenyi9/KV-PIM/attacc-fugue/output/KVChime-multi-model-TP4-20260907/kvchime/Fugue-asplos-raw/profiles/scan-N4036-H7-Q1,,,,
shared-a37e3f8c9d08075dfe5e,8845,6.801805,6,7364,7364,75407360,333532416.0,3920,7,8dda9041b13b94782ac53e8abf82a35ac93774ce22cb3ed976ce66d9b2617bdb,/data2/chenyi9/KV-PIM/attacc-fugue/output/KVChime-multi-model-TP4-20260907/kvchime/Fugue-asplos-raw/profiles/shared-a37e3f8c9d08075dfe5e,3.1006080000000003,4036,4132,shared_single_query
scan-N4037-H7-Q1,8030,6.17507,6,7084,7084,72540160,320038656.0,1960,7,65bf40cd69ff9c8c0d74f992cadc0722a66ab503224515c063c843e1687848e1,/data2/chenyi9/KV-PIM/attacc-fugue/output/KVChime-multi-model-TP4-20260907/kvchime/Fugue-asplos-raw/profiles/scan-N4037-H7-Q1,,,,
shared-884fff61084e487f91d5,8845,6.801805,6,7364,7364,75407360,333532416.0,3920,7,8dda9041b13b94782ac53e8abf82a35ac93774ce22cb3ed976ce66d9b2617bdb,/data2/chenyi9/KV-PIM/attacc-fugue/output/KVChime-multi-model-TP4-20260907/kvchime/Fugue-asplos-raw/profiles/shared-884fff61084e487f91d5,3.1006080000000003,4037,4133,shared_single_query
scan-N4038-H7-Q1,8030,6.17507,6,7084,7084,72540160,320038656.0,1960,7,65bf40cd69ff9c8c0d74f992cadc0722a66ab503224515c063c843e1687848e1,/data2/chenyi9/KV-PIM/attacc-fugue/output/KVChime-multi-model-TP4-20260907/kvchime/Fugue-asplos-raw/profiles/scan-N4038-H7-Q1,,,,
shared-67b73be5a7f43c68632d,8845,6.801805,6,7364,7364,75407360,333532416.0,3920,7,8dda9041b13b94782ac53e8abf82a35ac93774ce22cb3ed976ce66d9b2617bdb,/data2/chenyi9/KV-PIM/attacc-fugue/output/KVChime-multi-model-TP4-20260907/kvchime/Fugue-asplos-raw/profiles/shared-67b73be5a7f43c68632d,3.1006080000000003,4038,4134,shared_single_query
scan-N4039-H7-Q1,8030,6.17507,6,7084,7084,72540160,320038656.0,1960,7,65bf40cd69ff9c8c0d74f992cadc0722a66ab503224515c063c843e1687848e1,/data2/chenyi9/KV-PIM/attacc-fugue/output/KVChime-multi-model-TP4-20260907/kvchime/Fugue-asplos-raw/profiles/scan-N4039-H7-Q1,,,,
shared-41627684694527abbaf2,8845,6.801805,6,7364,7364,75407360,333532416.0,3920,7,8dda9041b13b94782ac53e8abf82a35ac93774ce22cb3ed976ce66d9b2617bdb,/data2/chenyi9/KV-PIM/attacc-fugue/output/KVChime-multi-model-TP4-20260907/kvchime/Fugue-asplos-raw/profiles/shared-41627684694527abbaf2,3.1006080000000003,4039,4135,shared_single_query
scan-N4040-H7-Q1,8030,6.17507,6,7084,7084,72540160,320038656.0,1960,7,65bf40cd69ff9c8c0d74f992cadc0722a66ab503224515c063c843e1687848e1,/data2/chenyi9/KV-PIM/attacc-fugue/output/KVChime-multi-model-TP4-20260907/kvchime/Fugue-asplos-raw/profiles/scan-N4040-H7-Q1,,,,
shared-8f81535bfc97125ea391,8845,6.801805,6,7364,7364,75407360,333532416.0,3920,7,8dda9041b13b94782ac53e8abf82a35ac93774ce22cb3ed976ce66d9b2617bdb,/data2/chenyi9/KV-PIM/attacc-fugue/output/KVChime-multi-model-TP4-20260907/kvchime/Fugue-asplos-raw/profiles/shared-8f81535bfc97125ea391,3.1006080000000003,4040,4136,shared_single_query
scan-N4041-H7-Q1,8030,6.17507,6,7084,7084,72540160,320038656.0,1960,7,65bf40cd69ff9c8c0d74f992cadc0722a66ab503224515c063c843e1687848e1,/data2/chenyi9/KV-PIM/attacc-fugue/output/KVChime-multi-model-TP4-20260907/kvchime/Fugue-asplos-raw/profiles/scan-N4041-H7-Q1,,,,
shared-8c59aa93a7d9b700cfe2,8845,6.801805,6,7364,7364,75407360,333532416.0,3920,7,8dda9041b13b94782ac53e8abf82a35ac93774ce22cb3ed976ce66d9b2617bdb,/data2/chenyi9/KV-PIM/attacc-fugue/output/KVChime-multi-model-TP4-20260907/kvchime/Fugue-asplos-raw/profiles/shared-8c59aa93a7d9b700cfe2,3.1006080000000003,4041,4137,shared_single_query
scan-N4042-H7-Q1,8030,6.17507,6,7084,7084,72540160,320038656.0,1960,7,65bf40cd69ff9c8c0d74f992cadc0722a66ab503224515c063c843e1687848e1,/data2/chenyi9/KV-PIM/attacc-fugue/output/KVChime-multi-model-TP4-20260907/kvchime/Fugue-asplos-raw/profiles/scan-N4042-H7-Q1,,,,
shared-89e132d95648b226503c,8845,6.801805,6,7364,7364,75407360,333532416.0,3920,7,8dda9041b13b94782ac53e8abf82a35ac93774ce22cb3ed976ce66d9b2617bdb,/data2/chenyi9/KV-PIM/attacc-fugue/output/KVChime-multi-model-TP4-20260907/kvchime/Fugue-asplos-raw/profiles/shared-89e132d95648b226503c,3.1006080000000003,4042,4138,shared_single_query
scan-N4043-H7-Q1,8030,6.17507,6,7084,7084,72540160,320038656.0,1960,7,65bf40cd69ff9c8c0d74f992cadc0722a66ab503224515c063c843e1687848e1,/data2/chenyi9/KV-PIM/attacc-fugue/output/KVChime-multi-model-TP4-20260907/kvchime/Fugue-asplos-raw/profiles/scan-N4043-H7-Q1,,,,
shared-87016071ebd8fc2ba6a1,8845,6.801805,6,7364,7364,75407360,333532416.0,3920,7,8dda9041b13b94782ac53e8abf82a35ac93774ce22cb3ed976ce66d9b2617bdb,/data2/chenyi9/KV-PIM/attacc-fugue/output/KVChime-multi-model-TP4-20260907/kvchime/Fugue-asplos-raw/profiles/shared-87016071ebd8fc2ba6a1,3.1006080000000003,4043,4139,shared_single_query
shared-5445bba96fd39e538075,34051,26.185219,8,14532,116256,148807680,679583744.0,56000,56,a60c8205c71ea4a93e81568111d24ffaf7ee5104d1edb9546653199d0f3288b0,/data2/chenyi9/KV-PIM/attacc-fugue/output/KVChime-multi-model-TP4-20260907/kvchime/Fugue-asplos-raw/profiles/shared-5445bba96fd39e538075,12.647743,64264,8209,shared_MQ
shared-4fd265dd2ce2c9c15906,21495,16.529654999999998,7,14532,29064,148807680,660961280.0,14000,14,a9e43eacafc4028fe79faacc9660d39a662891c76019871ba1c708bc9f571e23,/data2/chenyi9/KV-PIM/attacc-fugue/output/KVChime-multi-model-TP4-20260907/kvchime/Fugue-asplos-raw/profiles/shared-4fd265dd2ce2c9c15906,7.545428,16066,8209,shared_MQ
scan-N8034-H7-Q1,16428,12.633132,6,14084,14084,144220160,636216268.8000001,3752,7,ec1a9fcfd4ec641cc372e3ce92d2bbbeb19918848dd9356dc57b919209565f37,/data2/chenyi9/KV-PIM/attacc-fugue/output/KVChime-multi-model-TP4-20260907/kvchime/Fugue-asplos-raw/profiles/scan-N8034-H7-Q1,,,,
shared-1a2d4b7c704b2af3e6f6,17652,13.574388,6,14532,14532,148807680,657857536.0,7000,7,404d84950d1cbde5b64a210ad7bfc2b1116cad8bb596b6790e02e0685824caaa,/data2/chenyi9/KV-PIM/attacc-fugue/output/KVChime-multi-model-TP4-20260907/kvchime/Fugue-asplos-raw/profiles/shared-1a2d4b7c704b2af3e6f6,6.424226000000001,8034,8210,shared_single_query
scan-N8035-H7-Q1,16428,12.633132,6,14084,14084,144220160,636216268.8000001,3752,7,ec1a9fcfd4ec641cc372e3ce92d2bbbeb19918848dd9356dc57b919209565f37,/data2/chenyi9/KV-PIM/attacc-fugue/output/KVChime-multi-model-TP4-20260907/kvchime/Fugue-asplos-raw/profiles/scan-N8035-H7-Q1,,,,
shared-bfa5827bf80b302f786a,17652,13.574388,6,14532,14532,148807680,657857536.0,7000,7,404d84950d1cbde5b64a210ad7bfc2b1116cad8bb596b6790e02e0685824caaa,/data2/chenyi9/KV-PIM/attacc-fugue/output/KVChime-multi-model-TP4-20260907/kvchime/Fugue-asplos-raw/profiles/shared-bfa5827bf80b302f786a,6.424226000000001,8035,8211,shared_single_query
scan-N8036-H7-Q1,16428,12.633132,6,14084,14084,144220160,636216268.8000001,3752,7,ec1a9fcfd4ec641cc372e3ce92d2bbbeb19918848dd9356dc57b919209565f37,/data2/chenyi9/KV-PIM/attacc-fugue/output/KVChime-multi-model-TP4-20260907/kvchime/Fugue-asplos-raw/profiles/scan-N8036-H7-Q1,,,,
shared-78a571be96cdf0245ebb,17652,13.574388,6,14532,14532,148807680,657857536.0,7000,7,404d84950d1cbde5b64a210ad7bfc2b1116cad8bb596b6790e02e0685824caaa,/data2/chenyi9/KV-PIM/attacc-fugue/output/KVChime-multi-model-TP4-20260907/kvchime/Fugue-asplos-raw/profiles/shared-78a571be96cdf0245ebb,6.424226000000001,8036,8212,shared_single_query
scan-N8037-H7-Q1,16428,12.633132,6,14084,14084,144220160,636216268.8000001,3752,7,ec1a9fcfd4ec641cc372e3ce92d2bbbeb19918848dd9356dc57b919209565f37,/data2/chenyi9/KV-PIM/attacc-fugue/output/KVChime-multi-model-TP4-20260907/kvchime/Fugue-asplos-raw/profiles/scan-N8037-H7-Q1,,,,
shared-f892231f106fb5d20638,17652,13.574388,6,14532,14532,148807680,657857536.0,7000,7,404d84950d1cbde5b64a210ad7bfc2b1116cad8bb596b6790e02e0685824caaa,/data2/chenyi9/KV-PIM/attacc-fugue/output/KVChime-multi-model-TP4-20260907/kvchime/Fugue-asplos-raw/profiles/shared-f892231f106fb5d20638,6.424226000000001,8037,8213,shared_single_query
scan-N8038-H7-Q1,16428,12.633132,6,14084,14084,144220160,636216268.8000001,3752,7,ec1a9fcfd4ec641cc372e3ce92d2bbbeb19918848dd9356dc57b919209565f37,/data2/chenyi9/KV-PIM/attacc-fugue/output/KVChime-multi-model-TP4-20260907/kvchime/Fugue-asplos-raw/profiles/scan-N8038-H7-Q1,,,,
shared-68f65f7ae92ce42a5c78,17652,13.574388,6,14532,14532,148807680,657857536.0,7000,7,404d84950d1cbde5b64a210ad7bfc2b1116cad8bb596b6790e02e0685824caaa,/data2/chenyi9/KV-PIM/attacc-fugue/output/KVChime-multi-model-TP4-20260907/kvchime/Fugue-asplos-raw/profiles/shared-68f65f7ae92ce42a5c78,6.424226000000001,8038,8214,shared_single_query
scan-N8039-H7-Q1,16428,12.633132,6,14084,14084,144220160,636216268.8000001,3752,7,ec1a9fcfd4ec641cc372e3ce92d2bbbeb19918848dd9356dc57b919209565f37,/data2/chenyi9/KV-PIM/attacc-fugue/output/KVChime-multi-model-TP4-20260907/kvchime/Fugue-asplos-raw/profiles/scan-N8039-H7-Q1,,,,
shared-4499a81d96be7897812c,17652,13.574388,6,14532,14532,148807680,657857536.0,7000,7,404d84950d1cbde5b64a210ad7bfc2b1116cad8bb596b6790e02e0685824caaa,/data2/chenyi9/KV-PIM/attacc-fugue/output/KVChime-multi-model-TP4-20260907/kvchime/Fugue-asplos-raw/profiles/shared-4499a81d96be7897812c,6.424226000000001,8039,8215,shared_single_query
scan-N8040-H7-Q1,16428,12.633132,6,14084,14084,144220160,636216268.8000001,3752,7,ec1a9fcfd4ec641cc372e3ce92d2bbbeb19918848dd9356dc57b919209565f37,/data2/chenyi9/KV-PIM/attacc-fugue/output/KVChime-multi-model-TP4-20260907/kvchime/Fugue-asplos-raw/profiles/scan-N8040-H7-Q1,,,,
shared-39331fa7aa68743798c8,17712,13.620528,6,14560,14560,149094400,659119104.0,7000,7,c967078290bac44db8ce86bcc12d91f928560e1316fc9a8f6139be0a72998f50,/data2/chenyi9/KV-PIM/attacc-fugue/output/KVChime-multi-model-TP4-20260907/kvchime/Fugue-asplos-raw/profiles/shared-39331fa7aa68743798c8,6.424226000000001,8040,8216,shared_single_query
scan-N8041-H7-Q1,16428,12.633132,6,14084,14084,144220160,636216268.8000001,3752,7,ec1a9fcfd4ec641cc372e3ce92d2bbbeb19918848dd9356dc57b919209565f37,/data2/chenyi9/KV-PIM/attacc-fugue/output/KVChime-multi-model-TP4-20260907/kvchime/Fugue-asplos-raw/profiles/scan-N8041-H7-Q1,,,,
shared-caf989192c7ae64b5309,17712,13.620528,6,14560,14560,149094400,659119104.0,7000,7,c967078290bac44db8ce86bcc12d91f928560e1316fc9a8f6139be0a72998f50,/data2/chenyi9/KV-PIM/attacc-fugue/output/KVChime-multi-model-TP4-20260907/kvchime/Fugue-asplos-raw/profiles/shared-caf989192c7ae64b5309,6.424226000000001,8041,8217,shared_single_query
scan-N8042-H7-Q1,16428,12.633132,6,14084,14084,144220160,636216268.8000001,3752,7,ec1a9fcfd4ec641cc372e3ce92d2bbbeb19918848dd9356dc57b919209565f37,/data2/chenyi9/KV-PIM/attacc-fugue/output/KVChime-multi-model-TP4-20260907/kvchime/Fugue-asplos-raw/profiles/scan-N8042-H7-Q1,,,,
shared-24ae85d5dc03c85f6405,17712,13.620528,6,14560,14560,149094400,659119104.0,7000,7,c967078290bac44db8ce86bcc12d91f928560e1316fc9a8f6139be0a72998f50,/data2/chenyi9/KV-PIM/attacc-fugue/output/KVChime-multi-model-TP4-20260907/kvchime/Fugue-asplos-raw/profiles/shared-24ae85d5dc03c85f6405,6.424226000000001,8042,8218,shared_single_query
scan-N8043-H7-Q1,16428,12.633132,6,14084,14084,144220160,636216268.8000001,3752,7,ec1a9fcfd4ec641cc372e3ce92d2bbbeb19918848dd9356dc57b919209565f37,/data2/chenyi9/KV-PIM/attacc-fugue/output/KVChime-multi-model-TP4-20260907/kvchime/Fugue-asplos-raw/profiles/scan-N8043-H7-Q1,,,,
shared-4ea4ed5c338e8ac9a612,17712,13.620528,6,14560,14560,149094400,659119104.0,7000,7,c967078290bac44db8ce86bcc12d91f928560e1316fc9a8f6139be0a72998f50,/data2/chenyi9/KV-PIM/attacc-fugue/output/KVChime-multi-model-TP4-20260907/kvchime/Fugue-asplos-raw/profiles/shared-4ea4ed5c338e8ac9a612,6.424226000000001,8043,8219,shared_single_query
scan-N8044-H7-Q1,16428,12.633132,6,14084,14084,144220160,636216268.8000001,3752,7,ec1a9fcfd4ec641cc372e3ce92d2bbbeb19918848dd9356dc57b919209565f37,/data2/chenyi9/KV-PIM/attacc-fugue/output/KVChime-multi-model-TP4-20260907/kvchime/Fugue-asplos-raw/profiles/scan-N8044-H7-Q1,,,,
shared-db6de3d340d563bb9a8b,17712,13.620528,6,14560,14560,149094400,659119104.0,7000,7,c967078290bac44db8ce86bcc12d91f928560e1316fc9a8f6139be0a72998f50,/data2/chenyi9/KV-PIM/attacc-fugue/output/KVChime-multi-model-TP4-20260907/kvchime/Fugue-asplos-raw/profiles/shared-db6de3d340d563bb9a8b,6.424226000000001,8044,8220,shared_single_query
scan-N8045-H7-Q1,16428,12.633132,6,14084,14084,144220160,636216268.8000001,3752,7,ec1a9fcfd4ec641cc372e3ce92d2bbbeb19918848dd9356dc57b919209565f37,/data2/chenyi9/KV-PIM/attacc-fugue/output/KVChime-multi-model-TP4-20260907/kvchime/Fugue-asplos-raw/profiles/scan-N8045-H7-Q1,,,,
shared-231f774b48d713f173f6,17712,13.620528,6,14560,14560,149094400,659119104.0,7000,7,c967078290bac44db8ce86bcc12d91f928560e1316fc9a8f6139be0a72998f50,/data2/chenyi9/KV-PIM/attacc-fugue/output/KVChime-multi-model-TP4-20260907/kvchime/Fugue-asplos-raw/profiles/shared-231f774b48d713f173f6,6.424226000000001,8045,8221,shared_single_query
scan-N8046-H7-Q1,16428,12.633132,6,14084,14084,144220160,636216268.8000001,3752,7,ec1a9fcfd4ec641cc372e3ce92d2bbbeb19918848dd9356dc57b919209565f37,/data2/chenyi9/KV-PIM/attacc-fugue/output/KVChime-multi-model-TP4-20260907/kvchime/Fugue-asplos-raw/profiles/scan-N8046-H7-Q1,,,,
shared-ff4e04ce8f7fe659550c,17712,13.620528,6,14560,14560,149094400,659119104.0,7000,7,c967078290bac44db8ce86bcc12d91f928560e1316fc9a8f6139be0a72998f50,/data2/chenyi9/KV-PIM/attacc-fugue/output/KVChime-multi-model-TP4-20260907/kvchime/Fugue-asplos-raw/profiles/shared-ff4e04ce8f7fe659550c,6.424226000000001,8046,8222,shared_single_query
scan-N8047-H7-Q1,16428,12.633132,6,14084,14084,144220160,636216268.8000001,3752,7,ec1a9fcfd4ec641cc372e3ce92d2bbbeb19918848dd9356dc57b919209565f37,/data2/chenyi9/KV-PIM/attacc-fugue/output/KVChime-multi-model-TP4-20260907/kvchime/Fugue-asplos-raw/profiles/scan-N8047-H7-Q1,,,,
shared-ec453434b27a100bb44d,17712,13.620528,6,14560,14560,149094400,659119104.0,7000,7,c967078290bac44db8ce86bcc12d91f928560e1316fc9a8f6139be0a72998f50,/data2/chenyi9/KV-PIM/attacc-fugue/output/KVChime-multi-model-TP4-20260907/kvchime/Fugue-asplos-raw/profiles/shared-ec453434b27a100bb44d,6.424226000000001,8047,8223,shared_single_query
scan-N8048-H7-Q1,16428,12.633132,6,14084,14084,144220160,636216268.8000001,3752,7,ec1a9fcfd4ec641cc372e3ce92d2bbbeb19918848dd9356dc57b919209565f37,/data2/chenyi9/KV-PIM/attacc-fugue/output/KVChime-multi-model-TP4-20260907/kvchime/Fugue-asplos-raw/profiles/scan-N8048-H7-Q1,,,,
shared-fc6ce7709f74cc8c818e,17712,13.620528,6,14560,14560,149094400,659119104.0,7000,7,c967078290bac44db8ce86bcc12d91f928560e1316fc9a8f6139be0a72998f50,/data2/chenyi9/KV-PIM/attacc-fugue/output/KVChime-multi-model-TP4-20260907/kvchime/Fugue-asplos-raw/profiles/shared-fc6ce7709f74cc8c818e,6.424226000000001,8048,8224,shared_single_query
shared-196c10e0ddf8cb2fc9a4,66690,51.28461,8,28924,231392,296181760,1350634700.8000002,107072,56,c14824f4505de2ac86bcf6e813b0d813d81d2a09875334c8f8645e22ab123ab1,/data2/chenyi9/KV-PIM/attacc-fugue/output/KVChime-multi-model-TP4-20260907/kvchime/Fugue-asplos-raw/profiles/shared-196c10e0ddf8cb2fc9a4,23.759024,128360,16381,shared_MQ
shared-9855945bec338d05ae70,42476,32.664044000000004,7,28924,57848,296181760,1315058483.2,26768,14,66dc398a7a6ae1a5fa1e976f37d032719a27ccd7aa0a4caf912a1e9426cdb534,/data2/chenyi9/KV-PIM/attacc-fugue/output/KVChime-multi-model-TP4-20260907/kvchime/Fugue-asplos-raw/profiles/shared-9855945bec338d05ae70,15.243887,32090,16381,shared_MQ
scan-N16046-H7-Q1,32838,25.252422000000003,6,28084,28084,287580160,1268522393.6,7224,7,25d3fb0480a6ad857296d560e4fc5500617e5f0132509a135e72b3f07a64a490,/data2/chenyi9/KV-PIM/attacc-fugue/output/KVChime-multi-model-TP4-20260907/kvchime/Fugue-asplos-raw/profiles/scan-N16046-H7-Q1,,,,
shared-e916b7615c8c0ecd1934,35153,27.032657,6,28924,28924,296181760,1309129113.6,13384,7,b11ecbc0e454942ecee30affb1372c9d4e1be1a44a8ae11daac513ab46ad8239,/data2/chenyi9/KV-PIM/attacc-fugue/output/KVChime-multi-model-TP4-20260907/kvchime/Fugue-asplos-raw/profiles/shared-e916b7615c8c0ecd1934,13.092994000000001,16046,16382,shared_single_query
scan-N16047-H7-Q1,32838,25.252422000000003,6,28084,28084,287580160,1268522393.6,7224,7,25d3fb0480a6ad857296d560e4fc5500617e5f0132509a135e72b3f07a64a490,/data2/chenyi9/KV-PIM/attacc-fugue/output/KVChime-multi-model-TP4-20260907/kvchime/Fugue-asplos-raw/profiles/scan-N16047-H7-Q1,,,,
shared-07b602a7fc0aa556b13b,35153,27.032657,6,28924,28924,296181760,1309129113.6,13384,7,b11ecbc0e454942ecee30affb1372c9d4e1be1a44a8ae11daac513ab46ad8239,/data2/chenyi9/KV-PIM/attacc-fugue/output/KVChime-multi-model-TP4-20260907/kvchime/Fugue-asplos-raw/profiles/shared-07b602a7fc0aa556b13b,13.092994000000001,16047,16383,shared_single_query
scan-N16048-H7-Q1,32838,25.252422000000003,6,28084,28084,287580160,1268522393.6,7224,7,25d3fb0480a6ad857296d560e4fc5500617e5f0132509a135e72b3f07a64a490,/data2/chenyi9/KV-PIM/attacc-fugue/output/KVChime-multi-model-TP4-20260907/kvchime/Fugue-asplos-raw/profiles/scan-N16048-H7-Q1,,,,
shared-b5a988221d4380ea6904,35153,27.032657,6,28924,28924,296181760,1309129113.6,13384,7,b11ecbc0e454942ecee30affb1372c9d4e1be1a44a8ae11daac513ab46ad8239,/data2/chenyi9/KV-PIM/attacc-fugue/output/KVChime-multi-model-TP4-20260907/kvchime/Fugue-asplos-raw/profiles/shared-b5a988221d4380ea6904,13.092994000000001,16048,16384,shared_single_query
scan-N16049-H7-Q1,32862,25.270878,6,28112,28112,287866880,1269783961.6,7224,7,5e9c43eb51d7ef03ae90c36262fa50b7f2418d0aea5dddcabcf4ddee6afe8016,/data2/chenyi9/KV-PIM/attacc-fugue/output/KVChime-multi-model-TP4-20260907/kvchime/Fugue-asplos-raw/profiles/scan-N16049-H7-Q1,,,,
shared-2dfdc52f2683345c6592,35153,27.032657,6,28924,28924,296181760,1309129113.6,13384,7,b11ecbc0e454942ecee30affb1372c9d4e1be1a44a8ae11daac513ab46ad8239,/data2/chenyi9/KV-PIM/attacc-fugue/output/KVChime-multi-model-TP4-20260907/kvchime/Fugue-asplos-raw/profiles/shared-2dfdc52f2683345c6592,13.092994000000001,16049,16385,shared_single_query
scan-N16050-H7-Q1,32862,25.270878,6,28112,28112,287866880,1269783961.6,7224,7,5e9c43eb51d7ef03ae90c36262fa50b7f2418d0aea5dddcabcf4ddee6afe8016,/data2/chenyi9/KV-PIM/attacc-fugue/output/KVChime-multi-model-TP4-20260907/kvchime/Fugue-asplos-raw/profiles/scan-N16050-H7-Q1,,,,
shared-3b2f238149dff304f5b8,35153,27.032657,6,28924,28924,296181760,1309129113.6,13384,7,b11ecbc0e454942ecee30affb1372c9d4e1be1a44a8ae11daac513ab46ad8239,/data2/chenyi9/KV-PIM/attacc-fugue/output/KVChime-multi-model-TP4-20260907/kvchime/Fugue-asplos-raw/profiles/shared-3b2f238149dff304f5b8,13.092994000000001,16050,16386,shared_single_query
scan-N16051-H7-Q1,32862,25.270878,6,28112,28112,287866880,1269783961.6,7224,7,5e9c43eb51d7ef03ae90c36262fa50b7f2418d0aea5dddcabcf4ddee6afe8016,/data2/chenyi9/KV-PIM/attacc-fugue/output/KVChime-multi-model-TP4-20260907/kvchime/Fugue-asplos-raw/profiles/scan-N16051-H7-Q1,,,,
shared-72273a252b728419272b,35153,27.032657,6,28924,28924,296181760,1309129113.6,13384,7,b11ecbc0e454942ecee30affb1372c9d4e1be1a44a8ae11daac513ab46ad8239,/data2/chenyi9/KV-PIM/attacc-fugue/output/KVChime-multi-model-TP4-20260907/kvchime/Fugue-asplos-raw/profiles/shared-72273a252b728419272b,13.092994000000001,16051,16387,shared_single_query
scan-N16052-H7-Q1,32862,25.270878,6,28112,28112,287866880,1269783961.6,7224,7,5e9c43eb51d7ef03ae90c36262fa50b7f2418d0aea5dddcabcf4ddee6afe8016,/data2/chenyi9/KV-PIM/attacc-fugue/output/KVChime-multi-model-TP4-20260907/kvchime/Fugue-asplos-raw/profiles/scan-N16052-H7-Q1,,,,
shared-15caeeead8c926f0cf1a,35177,27.051113,6,28952,28952,296468480,1310390681.6000001,13384,7,bb88df1f64369b1cd68bad382af1194d4f7f0b6ae041ae0e57974ab2a83f21a8,/data2/chenyi9/KV-PIM/attacc-fugue/output/KVChime-multi-model-TP4-20260907/kvchime/Fugue-asplos-raw/profiles/shared-15caeeead8c926f0cf1a,13.092994000000001,16052,16388,shared_single_query
scan-N16053-H7-Q1,32862,25.270878,6,28112,28112,287866880,1269783961.6,7224,7,5e9c43eb51d7ef03ae90c36262fa50b7f2418d0aea5dddcabcf4ddee6afe8016,/data2/chenyi9/KV-PIM/attacc-fugue/output/KVChime-multi-model-TP4-20260907/kvchime/Fugue-asplos-raw/profiles/scan-N16053-H7-Q1,,,,
shared-8e271a0652007821b5d5,35177,27.051113,6,28952,28952,296468480,1310390681.6000001,13384,7,bb88df1f64369b1cd68bad382af1194d4f7f0b6ae041ae0e57974ab2a83f21a8,/data2/chenyi9/KV-PIM/attacc-fugue/output/KVChime-multi-model-TP4-20260907/kvchime/Fugue-asplos-raw/profiles/shared-8e271a0652007821b5d5,13.092994000000001,16053,16389,shared_single_query
scan-N16054-H7-Q1,32862,25.270878,6,28112,28112,287866880,1269783961.6,7224,7,5e9c43eb51d7ef03ae90c36262fa50b7f2418d0aea5dddcabcf4ddee6afe8016,/data2/chenyi9/KV-PIM/attacc-fugue/output/KVChime-multi-model-TP4-20260907/kvchime/Fugue-asplos-raw/profiles/scan-N16054-H7-Q1,,,,
shared-04fea2bb2c030a2797c6,35177,27.051113,6,28952,28952,296468480,1310390681.6000001,13384,7,bb88df1f64369b1cd68bad382af1194d4f7f0b6ae041ae0e57974ab2a83f21a8,/data2/chenyi9/KV-PIM/attacc-fugue/output/KVChime-multi-model-TP4-20260907/kvchime/Fugue-asplos-raw/profiles/shared-04fea2bb2c030a2797c6,13.092994000000001,16054,16390,shared_single_query
scan-N16055-H7-Q1,32862,25.270878,6,28112,28112,287866880,1269783961.6,7224,7,5e9c43eb51d7ef03ae90c36262fa50b7f2418d0aea5dddcabcf4ddee6afe8016,/data2/chenyi9/KV-PIM/attacc-fugue/output/KVChime-multi-model-TP4-20260907/kvchime/Fugue-asplos-raw/profiles/scan-N16055-H7-Q1,,,,
shared-7facc627852a51e4c917,35177,27.051113,6,28952,28952,296468480,1310390681.6000001,13384,7,bb88df1f64369b1cd68bad382af1194d4f7f0b6ae041ae0e57974ab2a83f21a8,/data2/chenyi9/KV-PIM/attacc-fugue/output/KVChime-multi-model-TP4-20260907/kvchime/Fugue-asplos-raw/profiles/shared-7facc627852a51e4c917,13.092994000000001,16055,16391,shared_single_query
scan-N16056-H7-Q1,32862,25.270878,6,28112,28112,287866880,1269783961.6,7224,7,5e9c43eb51d7ef03ae90c36262fa50b7f2418d0aea5dddcabcf4ddee6afe8016,/data2/chenyi9/KV-PIM/attacc-fugue/output/KVChime-multi-model-TP4-20260907/kvchime/Fugue-asplos-raw/profiles/scan-N16056-H7-Q1,,,,
shared-6c9d9eac0cb768fe36da,35177,27.051113,6,28952,28952,296468480,1310390681.6000001,13384,7,bb88df1f64369b1cd68bad382af1194d4f7f0b6ae041ae0e57974ab2a83f21a8,/data2/chenyi9/KV-PIM/attacc-fugue/output/KVChime-multi-model-TP4-20260907/kvchime/Fugue-asplos-raw/profiles/shared-6c9d9eac0cb768fe36da,13.092994000000001,16056,16392,shared_single_query
scan-N16057-H7-Q1,32862,25.270878,6,28112,28112,287866880,1269783961.6,7224,7,5e9c43eb51d7ef03ae90c36262fa50b7f2418d0aea5dddcabcf4ddee6afe8016,/data2/chenyi9/KV-PIM/attacc-fugue/output/KVChime-multi-model-TP4-20260907/kvchime/Fugue-asplos-raw/profiles/scan-N16057-H7-Q1,,,,
shared-e3c0356a6167b8ef5082,35177,27.051113,6,28952,28952,296468480,1310390681.6000001,13384,7,bb88df1f64369b1cd68bad382af1194d4f7f0b6ae041ae0e57974ab2a83f21a8,/data2/chenyi9/KV-PIM/attacc-fugue/output/KVChime-multi-model-TP4-20260907/kvchime/Fugue-asplos-raw/profiles/shared-e3c0356a6167b8ef5082,13.092994000000001,16057,16393,shared_single_query
scan-N16058-H7-Q1,32862,25.270878,6,28112,28112,287866880,1269783961.6,7224,7,5e9c43eb51d7ef03ae90c36262fa50b7f2418d0aea5dddcabcf4ddee6afe8016,/data2/chenyi9/KV-PIM/attacc-fugue/output/KVChime-multi-model-TP4-20260907/kvchime/Fugue-asplos-raw/profiles/scan-N16058-H7-Q1,,,,
shared-fdb866f201b3e227f901,35177,27.051113,6,28952,28952,296468480,1310390681.6000001,13384,7,bb88df1f64369b1cd68bad382af1194d4f7f0b6ae041ae0e57974ab2a83f21a8,/data2/chenyi9/KV-PIM/attacc-fugue/output/KVChime-multi-model-TP4-20260907/kvchime/Fugue-asplos-raw/profiles/shared-fdb866f201b3e227f901,13.092994000000001,16058,16394,shared_single_query
scan-N16059-H7-Q1,32862,25.270878,6,28112,28112,287866880,1269783961.6,7224,7,5e9c43eb51d7ef03ae90c36262fa50b7f2418d0aea5dddcabcf4ddee6afe8016,/data2/chenyi9/KV-PIM/attacc-fugue/output/KVChime-multi-model-TP4-20260907/kvchime/Fugue-asplos-raw/profiles/scan-N16059-H7-Q1,,,,
shared-0f1b6e8368d0ff569f5e,35177,27.051113,6,28952,28952,296468480,1310390681.6000001,13384,7,bb88df1f64369b1cd68bad382af1194d4f7f0b6ae041ae0e57974ab2a83f21a8,/data2/chenyi9/KV-PIM/attacc-fugue/output/KVChime-multi-model-TP4-20260907/kvchime/Fugue-asplos-raw/profiles/shared-0f1b6e8368d0ff569f5e,13.092994000000001,16059,16395,shared_single_query
scan-N16060-H7-Q1,32862,25.270878,6,28112,28112,287866880,1269783961.6,7224,7,5e9c43eb51d7ef03ae90c36262fa50b7f2418d0aea5dddcabcf4ddee6afe8016,/data2/chenyi9/KV-PIM/attacc-fugue/output/KVChime-multi-model-TP4-20260907/kvchime/Fugue-asplos-raw/profiles/scan-N16060-H7-Q1,,,,
shared-5e333b6d7c997d367a53,35177,27.051113,6,28952,28952,296468480,1310390681.6000001,13384,7,bb88df1f64369b1cd68bad382af1194d4f7f0b6ae041ae0e57974ab2a83f21a8,/data2/chenyi9/KV-PIM/attacc-fugue/output/KVChime-multi-model-TP4-20260907/kvchime/Fugue-asplos-raw/profiles/shared-5e333b6d7c997d367a53,13.092994000000001,16060,16396,shared_single_query
shared-581672d5a350bb3a4bc8,34051,26.185219,8,14532,116256,148807680,679583744.0,56000,56,a60c8205c71ea4a93e81568111d24ffaf7ee5104d1edb9546653199d0f3288b0,/data2/chenyi9/KV-PIM/attacc-fugue/output/KVChime-multi-model-TP4-20260907/kvchime/Fugue-asplos-raw/profiles/shared-581672d5a350bb3a4bc8,12.647743,64280,8211,shared_MQ
shared-0c228945163bef5295ec,24534,18.866646,7,14532,58128,148807680,667168768.0,28000,28,722fd7d9a340f713a6c5e59ab7e4bdc332d04aaf0ab6c469949b1693b985568c,/data2/chenyi9/KV-PIM/attacc-fugue/output/KVChime-multi-model-TP4-20260907/kvchime/Fugue-asplos-raw/profiles/shared-0c228945163bef5295ec,8.930397000000001,32140,8211,shared_MQ
scan-N8049-H7-Q1,16452,12.651588,6,14112,14112,144506880,637477836.8,3752,7,d57d6699ff063efa71d3b617f38a75a8e68fdda36b32843b2c3fb87d660c5062,/data2/chenyi9/KV-PIM/attacc-fugue/output/KVChime-multi-model-TP4-20260907/kvchime/Fugue-asplos-raw/profiles/scan-N8049-H7-Q1,,,,
shared-62860360c2a01719fe35,17712,13.620528,6,14560,14560,149094400,659119104.0,7000,7,c967078290bac44db8ce86bcc12d91f928560e1316fc9a8f6139be0a72998f50,/data2/chenyi9/KV-PIM/attacc-fugue/output/KVChime-multi-model-TP4-20260907/kvchime/Fugue-asplos-raw/profiles/shared-62860360c2a01719fe35,6.424226000000001,8049,8225,shared_single_query
scan-N8050-H7-Q1,16452,12.651588,6,14112,14112,144506880,637477836.8,3752,7,d57d6699ff063efa71d3b617f38a75a8e68fdda36b32843b2c3fb87d660c5062,/data2/chenyi9/KV-PIM/attacc-fugue/output/KVChime-multi-model-TP4-20260907/kvchime/Fugue-asplos-raw/profiles/scan-N8050-H7-Q1,,,,
shared-5b4f3c501551567d15e2,17712,13.620528,6,14560,14560,149094400,659119104.0,7000,7,c967078290bac44db8ce86bcc12d91f928560e1316fc9a8f6139be0a72998f50,/data2/chenyi9/KV-PIM/attacc-fugue/output/KVChime-multi-model-TP4-20260907/kvchime/Fugue-asplos-raw/profiles/shared-5b4f3c501551567d15e2,6.424226000000001,8050,8226,shared_single_query
shared-15d5fb849376a96ab0c2,34051,26.185219,8,14532,116256,148807680,679583744.0,56000,56,a60c8205c71ea4a93e81568111d24ffaf7ee5104d1edb9546653199d0f3288b0,/data2/chenyi9/KV-PIM/attacc-fugue/output/KVChime-multi-model-TP4-20260907/kvchime/Fugue-asplos-raw/profiles/shared-15d5fb849376a96ab0c2,12.647743,64280,8399,shared_MQ
shared-39c79c417843fd31041e,24534,18.866646,7,14532,58128,148807680,667168768.0,28000,28,722fd7d9a340f713a6c5e59ab7e4bdc332d04aaf0ab6c469949b1693b985568c,/data2/chenyi9/KV-PIM/attacc-fugue/output/KVChime-multi-model-TP4-20260907/kvchime/Fugue-asplos-raw/profiles/shared-39c79c417843fd31041e,8.930397000000001,32140,8399,shared_MQ
shared-cdd70a0b953a21dc1979,34051,26.185219,8,14532,116256,148807680,679583744.0,56000,56,5a786d2fbe60d170263e420f4dbe11e1c62b2112686297b00c7281a6db075a67,/data2/chenyi9/KV-PIM/attacc-fugue/output/KVChime-multi-model-TP4-20260907/kvchime/Fugue-asplos-raw/profiles/shared-cdd70a0b953a21dc1979,12.647743,64280,8399,shared_MQ
shared-d54ef0680332d2ce272c,24534,18.866646,7,14532,58128,148807680,667168768.0,28000,28,d77e24c34a3a67bd3eca35bd6c12e7c9d05628ff413ad8a3c35086b009e9ec7b,/data2/chenyi9/KV-PIM/attacc-fugue/output/KVChime-multi-model-TP4-20260907/kvchime/Fugue-asplos-raw/profiles/shared-d54ef0680332d2ce272c,8.930397000000001,32140,8399,shared_MQ
scan-N8036-H13-Q1,16428,12.633132,6,26156,26156,267837440,1181544499.2,6968,13,9aca0790506d0a2b337ee98002fecc61f467a4b45e31355b8a44b790c2ba8740,/data2/chenyi9/KV-PIM/attacc-fugue/output/KVChime-multi-model-TP4-20260907/kvchime/Fugue-asplos-raw/profiles/scan-N8036-H13-Q1,,,,
shared-f9ae5ca5d5e8989e530d,35399,27.221831,6,29064,29064,297615360,1315715072.0,14000,14,c06ef232006ee36d1de1098437975240c76cf357aece01f6619dfc22f1d5bbd0,/data2/chenyi9/KV-PIM/attacc-fugue/output/KVChime-multi-model-TP4-20260907/kvchime/Fugue-asplos-raw/profiles/shared-f9ae5ca5d5e8989e530d,6.424226000000001,16072,8401,shared_single_query
shared-a2c08872fac5d708157d,21734,16.713446,7,14868,29064,152248320,676100096.0000001,14000,14,a7d005a96d173701f5e0bd281a24ca0fbf39a355a60e9e53aedae8c9e2eb1842,/data2/chenyi9/KV-PIM/attacc-fugue/output/KVChime-multi-model-TP4-20260907/kvchime/Fugue-asplos-raw/profiles/shared-a2c08872fac5d708157d,7.5208200000000005,16072,8401,shared_MQ
scan-N8037-H13-Q1,16428,12.633132,6,26156,26156,267837440,1181544499.2,6968,13,9aca0790506d0a2b337ee98002fecc61f467a4b45e31355b8a44b790c2ba8740,/data2/chenyi9/KV-PIM/attacc-fugue/output/KVChime-multi-model-TP4-20260907/kvchime/Fugue-asplos-raw/profiles/scan-N8037-H13-Q1,,,,
shared-1669532d0521eabc3e4a,35399,27.221831,6,29064,29064,297615360,1315715072.0,14000,14,c06ef232006ee36d1de1098437975240c76cf357aece01f6619dfc22f1d5bbd0,/data2/chenyi9/KV-PIM/attacc-fugue/output/KVChime-multi-model-TP4-20260907/kvchime/Fugue-asplos-raw/profiles/shared-1669532d0521eabc3e4a,6.424226000000001,16074,8403,shared_single_query
shared-e9eedc0bb6651b57c4a6,21734,16.713446,7,14868,29064,152248320,676100096.0000001,14000,14,a7d005a96d173701f5e0bd281a24ca0fbf39a355a60e9e53aedae8c9e2eb1842,/data2/chenyi9/KV-PIM/attacc-fugue/output/KVChime-multi-model-TP4-20260907/kvchime/Fugue-asplos-raw/profiles/shared-e9eedc0bb6651b57c4a6,7.5208200000000005,16074,8403,shared_MQ
scan-N8038-H13-Q1,16428,12.633132,6,26156,26156,267837440,1181544499.2,6968,13,9aca0790506d0a2b337ee98002fecc61f467a4b45e31355b8a44b790c2ba8740,/data2/chenyi9/KV-PIM/attacc-fugue/output/KVChime-multi-model-TP4-20260907/kvchime/Fugue-asplos-raw/profiles/scan-N8038-H13-Q1,,,,
shared-6fa6856f6b05f3b2eed8,35399,27.221831,6,29064,29064,297615360,1315715072.0,14000,14,c06ef232006ee36d1de1098437975240c76cf357aece01f6619dfc22f1d5bbd0,/data2/chenyi9/KV-PIM/attacc-fugue/output/KVChime-multi-model-TP4-20260907/kvchime/Fugue-asplos-raw/profiles/shared-6fa6856f6b05f3b2eed8,6.424226000000001,16076,8405,shared_single_query
shared-32beb78056ce02d766cf,21734,16.713446,7,14868,29064,152248320,676100096.0000001,14000,14,a7d005a96d173701f5e0bd281a24ca0fbf39a355a60e9e53aedae8c9e2eb1842,/data2/chenyi9/KV-PIM/attacc-fugue/output/KVChime-multi-model-TP4-20260907/kvchime/Fugue-asplos-raw/profiles/shared-32beb78056ce02d766cf,7.5208200000000005,16076,8405,shared_MQ
scan-N8039-H13-Q1,16428,12.633132,6,26156,26156,267837440,1181544499.2,6968,13,9aca0790506d0a2b337ee98002fecc61f467a4b45e31355b8a44b790c2ba8740,/data2/chenyi9/KV-PIM/attacc-fugue/output/KVChime-multi-model-TP4-20260907/kvchime/Fugue-asplos-raw/profiles/scan-N8039-H13-Q1,,,,
shared-2584f9f78bca94b0b8fa,35399,27.221831,6,29064,29064,297615360,1315715072.0,14000,14,c06ef232006ee36d1de1098437975240c76cf357aece01f6619dfc22f1d5bbd0,/data2/chenyi9/KV-PIM/attacc-fugue/output/KVChime-multi-model-TP4-20260907/kvchime/Fugue-asplos-raw/profiles/shared-2584f9f78bca94b0b8fa,6.424226000000001,16078,8407,shared_single_query
shared-15216c57e2a7227b424f,21734,16.713446,7,14868,29064,152248320,676100096.0000001,14000,14,a7d005a96d173701f5e0bd281a24ca0fbf39a355a60e9e53aedae8c9e2eb1842,/data2/chenyi9/KV-PIM/attacc-fugue/output/KVChime-multi-model-TP4-20260907/kvchime/Fugue-asplos-raw/profiles/shared-15216c57e2a7227b424f,7.5208200000000005,16078,8407,shared_MQ
scan-N8040-H13-Q1,16428,12.633132,6,26156,26156,267837440,1181544499.2,6968,13,9aca0790506d0a2b337ee98002fecc61f467a4b45e31355b8a44b790c2ba8740,/data2/chenyi9/KV-PIM/attacc-fugue/output/KVChime-multi-model-TP4-20260907/kvchime/Fugue-asplos-raw/profiles/scan-N8040-H13-Q1,,,,
shared-ea87763ff1362792f07e,35447,27.258743000000003,6,29120,29120,298188800,1318238208.0,14000,14,9d22842c02e51a89a5f6806a4a38ec1984785317aa4d30332290371abe73fcaf,/data2/chenyi9/KV-PIM/attacc-fugue/output/KVChime-multi-model-TP4-20260907/kvchime/Fugue-asplos-raw/profiles/shared-ea87763ff1362792f07e,6.424226000000001,16080,8409,shared_single_query
shared-6a571ab4e7a533b9371b,21790,16.756510000000002,7,14924,29120,152821760,678623232.0,14000,14,39f52252deffd1d59042123bc010ab7f9e432a55a3295dd3b25f750e586a90c7,/data2/chenyi9/KV-PIM/attacc-fugue/output/KVChime-multi-model-TP4-20260907/kvchime/Fugue-asplos-raw/profiles/shared-6a571ab4e7a533b9371b,7.5208200000000005,16080,8409,shared_MQ
scan-N8041-H13-Q1,16428,12.633132,6,26156,26156,267837440,1181544499.2,6968,13,9aca0790506d0a2b337ee98002fecc61f467a4b45e31355b8a44b790c2ba8740,/data2/chenyi9/KV-PIM/attacc-fugue/output/KVChime-multi-model-TP4-20260907/kvchime/Fugue-asplos-raw/profiles/scan-N8041-H13-Q1,,,,
shared-5582220b02caf2f8bdb2,35447,27.258743000000003,6,29120,29120,298188800,1318238208.0,14000,14,9d22842c02e51a89a5f6806a4a38ec1984785317aa4d30332290371abe73fcaf,/data2/chenyi9/KV-PIM/attacc-fugue/output/KVChime-multi-model-TP4-20260907/kvchime/Fugue-asplos-raw/profiles/shared-5582220b02caf2f8bdb2,6.424226000000001,16082,8411,shared_single_query
shared-4db2a1022284fedb987a,21790,16.756510000000002,7,14924,29120,152821760,678623232.0,14000,14,39f52252deffd1d59042123bc010ab7f9e432a55a3295dd3b25f750e586a90c7,/data2/chenyi9/KV-PIM/attacc-fugue/output/KVChime-multi-model-TP4-20260907/kvchime/Fugue-asplos-raw/profiles/shared-4db2a1022284fedb987a,7.5208200000000005,16082,8411,shared_MQ
scan-N8042-H13-Q1,16428,12.633132,6,26156,26156,267837440,1181544499.2,6968,13,9aca0790506d0a2b337ee98002fecc61f467a4b45e31355b8a44b790c2ba8740,/data2/chenyi9/KV-PIM/attacc-fugue/output/KVChime-multi-model-TP4-20260907/kvchime/Fugue-asplos-raw/profiles/scan-N8042-H13-Q1,,,,
shared-11fef7c8e4ee85b14454,35447,27.258743000000003,6,29120,29120,298188800,1318238208.0,14000,14,9d22842c02e51a89a5f6806a4a38ec1984785317aa4d30332290371abe73fcaf,/data2/chenyi9/KV-PIM/attacc-fugue/output/KVChime-multi-model-TP4-20260907/kvchime/Fugue-asplos-raw/profiles/shared-11fef7c8e4ee85b14454,6.424226000000001,16084,8413,shared_single_query
shared-8d3a0f49fd89596e5133,21790,16.756510000000002,7,14924,29120,152821760,678623232.0,14000,14,39f52252deffd1d59042123bc010ab7f9e432a55a3295dd3b25f750e586a90c7,/data2/chenyi9/KV-PIM/attacc-fugue/output/KVChime-multi-model-TP4-20260907/kvchime/Fugue-asplos-raw/profiles/shared-8d3a0f49fd89596e5133,7.5208200000000005,16084,8413,shared_MQ
scan-N8043-H13-Q1,16428,12.633132,6,26156,26156,267837440,1181544499.2,6968,13,9aca0790506d0a2b337ee98002fecc61f467a4b45e31355b8a44b790c2ba8740,/data2/chenyi9/KV-PIM/attacc-fugue/output/KVChime-multi-model-TP4-20260907/kvchime/Fugue-asplos-raw/profiles/scan-N8043-H13-Q1,,,,
shared-dbbb02f56e1672357127,35447,27.258743000000003,6,29120,29120,298188800,1318238208.0,14000,14,9d22842c02e51a89a5f6806a4a38ec1984785317aa4d30332290371abe73fcaf,/data2/chenyi9/KV-PIM/attacc-fugue/output/KVChime-multi-model-TP4-20260907/kvchime/Fugue-asplos-raw/profiles/shared-dbbb02f56e1672357127,6.424226000000001,16086,8415,shared_single_query
shared-1df835759f5c9995a0b9,21790,16.756510000000002,7,14924,29120,152821760,678623232.0,14000,14,39f52252deffd1d59042123bc010ab7f9e432a55a3295dd3b25f750e586a90c7,/data2/chenyi9/KV-PIM/attacc-fugue/output/KVChime-multi-model-TP4-20260907/kvchime/Fugue-asplos-raw/profiles/shared-1df835759f5c9995a0b9,7.5208200000000005,16086,8415,shared_MQ
scan-N8044-H13-Q1,16428,12.633132,6,26156,26156,267837440,1181544499.2,6968,13,9aca0790506d0a2b337ee98002fecc61f467a4b45e31355b8a44b790c2ba8740,/data2/chenyi9/KV-PIM/attacc-fugue/output/KVChime-multi-model-TP4-20260907/kvchime/Fugue-asplos-raw/profiles/scan-N8044-H13-Q1,,,,
shared-379d5e4bc920672bc8d2,35447,27.258743000000003,6,29120,29120,298188800,1318238208.0,14000,14,9d22842c02e51a89a5f6806a4a38ec1984785317aa4d30332290371abe73fcaf,/data2/chenyi9/KV-PIM/attacc-fugue/output/KVChime-multi-model-TP4-20260907/kvchime/Fugue-asplos-raw/profiles/shared-379d5e4bc920672bc8d2,6.424226000000001,16088,8417,shared_single_query
shared-1ecdcb1e0ffc90a8cc4a,21790,16.756510000000002,7,14924,29120,152821760,678623232.0,14000,14,39f52252deffd1d59042123bc010ab7f9e432a55a3295dd3b25f750e586a90c7,/data2/chenyi9/KV-PIM/attacc-fugue/output/KVChime-multi-model-TP4-20260907/kvchime/Fugue-asplos-raw/profiles/shared-1ecdcb1e0ffc90a8cc4a,7.5208200000000005,16088,8417,shared_MQ
scan-N8045-H13-Q1,16428,12.633132,6,26156,26156,267837440,1181544499.2,6968,13,9aca0790506d0a2b337ee98002fecc61f467a4b45e31355b8a44b790c2ba8740,/data2/chenyi9/KV-PIM/attacc-fugue/output/KVChime-multi-model-TP4-20260907/kvchime/Fugue-asplos-raw/profiles/scan-N8045-H13-Q1,,,,
shared-8ab840679b8388ad1865,35447,27.258743000000003,6,29120,29120,298188800,1318238208.0,14000,14,9d22842c02e51a89a5f6806a4a38ec1984785317aa4d30332290371abe73fcaf,/data2/chenyi9/KV-PIM/attacc-fugue/output/KVChime-multi-model-TP4-20260907/kvchime/Fugue-asplos-raw/profiles/shared-8ab840679b8388ad1865,6.424226000000001,16090,8419,shared_single_query
shared-5931b84b3a0880dce8e5,21790,16.756510000000002,7,14924,29120,152821760,678623232.0,14000,14,39f52252deffd1d59042123bc010ab7f9e432a55a3295dd3b25f750e586a90c7,/data2/chenyi9/KV-PIM/attacc-fugue/output/KVChime-multi-model-TP4-20260907/kvchime/Fugue-asplos-raw/profiles/shared-5931b84b3a0880dce8e5,7.5208200000000005,16090,8419,shared_MQ
scan-N8046-H13-Q1,16428,12.633132,6,26156,26156,267837440,1181544499.2,6968,13,9aca0790506d0a2b337ee98002fecc61f467a4b45e31355b8a44b790c2ba8740,/data2/chenyi9/KV-PIM/attacc-fugue/output/KVChime-multi-model-TP4-20260907/kvchime/Fugue-asplos-raw/profiles/scan-N8046-H13-Q1,,,,
shared-154455803ab23dc7aedb,35447,27.258743000000003,6,29120,29120,298188800,1318238208.0,14000,14,9d22842c02e51a89a5f6806a4a38ec1984785317aa4d30332290371abe73fcaf,/data2/chenyi9/KV-PIM/attacc-fugue/output/KVChime-multi-model-TP4-20260907/kvchime/Fugue-asplos-raw/profiles/shared-154455803ab23dc7aedb,6.424226000000001,16092,8421,shared_single_query
shared-8fe0b5f5522d0dbba340,21790,16.756510000000002,7,14924,29120,152821760,678623232.0,14000,14,39f52252deffd1d59042123bc010ab7f9e432a55a3295dd3b25f750e586a90c7,/data2/chenyi9/KV-PIM/attacc-fugue/output/KVChime-multi-model-TP4-20260907/kvchime/Fugue-asplos-raw/profiles/shared-8fe0b5f5522d0dbba340,7.5208200000000005,16092,8421,shared_MQ
scan-N8047-H13-Q1,16428,12.633132,6,26156,26156,267837440,1181544499.2,6968,13,9aca0790506d0a2b337ee98002fecc61f467a4b45e31355b8a44b790c2ba8740,/data2/chenyi9/KV-PIM/attacc-fugue/output/KVChime-multi-model-TP4-20260907/kvchime/Fugue-asplos-raw/profiles/scan-N8047-H13-Q1,,,,
shared-fc9c32fff9f454dbc930,35447,27.258743000000003,6,29120,29120,298188800,1318238208.0,14000,14,9d22842c02e51a89a5f6806a4a38ec1984785317aa4d30332290371abe73fcaf,/data2/chenyi9/KV-PIM/attacc-fugue/output/KVChime-multi-model-TP4-20260907/kvchime/Fugue-asplos-raw/profiles/shared-fc9c32fff9f454dbc930,6.424226000000001,16094,8423,shared_single_query
shared-5db25d0136c404fc9dd7,21790,16.756510000000002,7,14924,29120,152821760,678623232.0,14000,14,39f52252deffd1d59042123bc010ab7f9e432a55a3295dd3b25f750e586a90c7,/data2/chenyi9/KV-PIM/attacc-fugue/output/KVChime-multi-model-TP4-20260907/kvchime/Fugue-asplos-raw/profiles/shared-5db25d0136c404fc9dd7,7.5208200000000005,16094,8423,shared_MQ
scan-N8048-H13-Q1,16428,12.633132,6,26156,26156,267837440,1181544499.2,6968,13,9aca0790506d0a2b337ee98002fecc61f467a4b45e31355b8a44b790c2ba8740,/data2/chenyi9/KV-PIM/attacc-fugue/output/KVChime-multi-model-TP4-20260907/kvchime/Fugue-asplos-raw/profiles/scan-N8048-H13-Q1,,,,
shared-e221fc2aae96045280db,35447,27.258743000000003,6,29120,29120,298188800,1318238208.0,14000,14,9d22842c02e51a89a5f6806a4a38ec1984785317aa4d30332290371abe73fcaf,/data2/chenyi9/KV-PIM/attacc-fugue/output/KVChime-multi-model-TP4-20260907/kvchime/Fugue-asplos-raw/profiles/shared-e221fc2aae96045280db,6.424226000000001,16096,8425,shared_single_query
shared-b847547f1654aa591b91,21790,16.756510000000002,7,14924,29120,152821760,678623232.0,14000,14,39f52252deffd1d59042123bc010ab7f9e432a55a3295dd3b25f750e586a90c7,/data2/chenyi9/KV-PIM/attacc-fugue/output/KVChime-multi-model-TP4-20260907/kvchime/Fugue-asplos-raw/profiles/shared-b847547f1654aa591b91,7.5208200000000005,16096,8425,shared_MQ
scan-N8049-H13-Q1,16452,12.651588,6,26208,26208,268369920,1183887411.2,6968,13,25412fb0e3aef0cf77a15da04ff05efd77b25be483c03ce675e5d42bd27b4d5b,/data2/chenyi9/KV-PIM/attacc-fugue/output/KVChime-multi-model-TP4-20260907/kvchime/Fugue-asplos-raw/profiles/scan-N8049-H13-Q1,,,,
shared-3457aa4151fb75e9720b,35447,27.258743000000003,6,29120,29120,298188800,1318238208.0,14000,14,9d22842c02e51a89a5f6806a4a38ec1984785317aa4d30332290371abe73fcaf,/data2/chenyi9/KV-PIM/attacc-fugue/output/KVChime-multi-model-TP4-20260907/kvchime/Fugue-asplos-raw/profiles/shared-3457aa4151fb75e9720b,6.424226000000001,16098,8427,shared_single_query
shared-d19400c1c522ef3010e9,21790,16.756510000000002,7,14924,29120,152821760,678623232.0,14000,14,39f52252deffd1d59042123bc010ab7f9e432a55a3295dd3b25f750e586a90c7,/data2/chenyi9/KV-PIM/attacc-fugue/output/KVChime-multi-model-TP4-20260907/kvchime/Fugue-asplos-raw/profiles/shared-d19400c1c522ef3010e9,7.5208200000000005,16098,8427,shared_MQ
scan-N8050-H13-Q1,16452,12.651588,6,26208,26208,268369920,1183887411.2,6968,13,25412fb0e3aef0cf77a15da04ff05efd77b25be483c03ce675e5d42bd27b4d5b,/data2/chenyi9/KV-PIM/attacc-fugue/output/KVChime-multi-model-TP4-20260907/kvchime/Fugue-asplos-raw/profiles/scan-N8050-H13-Q1,,,,
shared-a7b6300d0d8fc8b7e404,35447,27.258743000000003,6,29120,29120,298188800,1318238208.0,14000,14,9d22842c02e51a89a5f6806a4a38ec1984785317aa4d30332290371abe73fcaf,/data2/chenyi9/KV-PIM/attacc-fugue/output/KVChime-multi-model-TP4-20260907/kvchime/Fugue-asplos-raw/profiles/shared-a7b6300d0d8fc8b7e404,6.424226000000001,16100,8429,shared_single_query
shared-da2c6e976254d9b11671,21790,16.756510000000002,7,14924,29120,152821760,678623232.0,14000,14,39f52252deffd1d59042123bc010ab7f9e432a55a3295dd3b25f750e586a90c7,/data2/chenyi9/KV-PIM/attacc-fugue/output/KVChime-multi-model-TP4-20260907/kvchime/Fugue-asplos-raw/profiles/shared-da2c6e976254d9b11671,7.5208200000000005,16100,8429,shared_MQ
shared-debe598fb5280f4147f7,34051,26.185219,8,14532,116256,148807680,679583744.0,56000,56,a60c8205c71ea4a93e81568111d24ffaf7ee5104d1edb9546653199d0f3288b0,/data2/chenyi9/KV-PIM/attacc-fugue/output/KVChime-multi-model-TP4-20260907/kvchime/Fugue-asplos-raw/profiles/shared-debe598fb5280f4147f7,12.647743,64280,8775,shared_MQ
shared-dd14ca1f84d6f96d6c7e,24534,18.866646,7,14532,58128,148807680,667168768.0,28000,28,722fd7d9a340f713a6c5e59ab7e4bdc332d04aaf0ab6c469949b1693b985568c,/data2/chenyi9/KV-PIM/attacc-fugue/output/KVChime-multi-model-TP4-20260907/kvchime/Fugue-asplos-raw/profiles/shared-dd14ca1f84d6f96d6c7e,8.930397000000001,32140,8775,shared_MQ
shared-54b774b53d88386a95a4,34051,26.185219,8,14532,116256,148807680,679583744.0,56000,56,5a786d2fbe60d170263e420f4dbe11e1c62b2112686297b00c7281a6db075a67,/data2/chenyi9/KV-PIM/attacc-fugue/output/KVChime-multi-model-TP4-20260907/kvchime/Fugue-asplos-raw/profiles/shared-54b774b53d88386a95a4,12.647743,64280,8775,shared_MQ
shared-6f88899b5363c16aea93,24534,18.866646,7,14532,58128,148807680,667168768.0,28000,28,d77e24c34a3a67bd3eca35bd6c12e7c9d05628ff413ad8a3c35086b009e9ec7b,/data2/chenyi9/KV-PIM/attacc-fugue/output/KVChime-multi-model-TP4-20260907/kvchime/Fugue-asplos-raw/profiles/shared-6f88899b5363c16aea93,8.930397000000001,32140,8775,shared_MQ
shared-6c725c984b806ab87665,34051,26.185219,8,14532,116256,148807680,679583744.0,56000,56,d2eefa261d80be9ffaed97cb658962237b18b21080d85aee33a3b2e7ec254f06,/data2/chenyi9/KV-PIM/attacc-fugue/output/KVChime-multi-model-TP4-20260907/kvchime/Fugue-asplos-raw/profiles/shared-6c725c984b806ab87665,12.647743,64280,8775,shared_MQ
shared-3a04cd8a58cded6fb48a,24534,18.866646,7,14532,58128,148807680,667168768.0,28000,28,cd0db7539fc0cf0cee93934bf12c88117f7123437001982e54ef05955b247a93,/data2/chenyi9/KV-PIM/attacc-fugue/output/KVChime-multi-model-TP4-20260907/kvchime/Fugue-asplos-raw/profiles/shared-3a04cd8a58cded6fb48a,8.930397000000001,32140,8775,shared_MQ
shared-1f53a8bd69c90b315a8c,34051,26.185219,8,14532,116256,148807680,679583744.0,56000,56,f947721558aee71f1b7f52c8de5d0613b7b7a6c9c048d580cea624ed35fbbc6f,/data2/chenyi9/KV-PIM/attacc-fugue/output/KVChime-multi-model-TP4-20260907/kvchime/Fugue-asplos-raw/profiles/shared-1f53a8bd69c90b315a8c,12.647743,64280,8775,shared_MQ
shared-b9725a803a5f0f21004b,24534,18.866646,7,14532,58128,148807680,667168768.0,28000,28,e3bf7f7663731c912a66c96d36b589fc444d983a99496c307bd9d60c537b7391,/data2/chenyi9/KV-PIM/attacc-fugue/output/KVChime-multi-model-TP4-20260907/kvchime/Fugue-asplos-raw/profiles/shared-b9725a803a5f0f21004b,8.930397000000001,32140,8775,shared_MQ
scan-N8036-H26-Q1,32435,24.942515,6,58364,58364,597647360,2635802214.4,14016,26,6c50d1f205c23d39fb2828b6f9213f7c23b2b6d52c030ba76f731b3d1eef3dea,/data2/chenyi9/KV-PIM/attacc-fugue/output/KVChime-multi-model-TP4-20260907/kvchime/Fugue-asplos-raw/profiles/scan-N8036-H26-Q1,,,,
shared-78d7a160df483d590c50,71676,55.118844,6,58128,58128,595230720,2631430144.0,28000,28,660df2b19ad724c95717a79e6870fc661b20c5dc85a202f8c27e237ffea4b320,/data2/chenyi9/KV-PIM/attacc-fugue/output/KVChime-multi-model-TP4-20260907/kvchime/Fugue-asplos-raw/profiles/shared-78d7a160df483d590c50,6.424226000000001,32144,8779,shared_single_query
shared-5906d1a8fb6fbe2e6411,26174,20.127806,7,15540,58128,159129600,712585216.0,28000,28,d04dd7d5effaaf83a74ac6821c8a262cb4dc626ac8679f4b5f3edffa88ca1214,/data2/chenyi9/KV-PIM/attacc-fugue/output/KVChime-multi-model-TP4-20260907/kvchime/Fugue-asplos-raw/profiles/shared-5906d1a8fb6fbe2e6411,8.856573000000001,32144,8779,shared_MQ
scan-N8037-H26-Q1,32435,24.942515,6,58364,58364,597647360,2635802214.4,14016,26,8badbc2a0d0c9e191404bc8b64a8fc00635119e19c4d6649b5432985bf503b1c,/data2/chenyi9/KV-PIM/attacc-fugue/output/KVChime-multi-model-TP4-20260907/kvchime/Fugue-asplos-raw/profiles/scan-N8037-H26-Q1,,,,
shared-db40bd6a2295a9a20858,71676,55.118844,6,58128,58128,595230720,2631430144.0,28000,28,660df2b19ad724c95717a79e6870fc661b20c5dc85a202f8c27e237ffea4b320,/data2/chenyi9/KV-PIM/attacc-fugue/output/KVChime-multi-model-TP4-20260907/kvchime/Fugue-asplos-raw/profiles/shared-db40bd6a2295a9a20858,6.424226000000001,32148,8783,shared_single_query
shared-808d63a75e0663669069,26174,20.127806,7,15540,58128,159129600,712585216.0,28000,28,d04dd7d5effaaf83a74ac6821c8a262cb4dc626ac8679f4b5f3edffa88ca1214,/data2/chenyi9/KV-PIM/attacc-fugue/output/KVChime-multi-model-TP4-20260907/kvchime/Fugue-asplos-raw/profiles/shared-808d63a75e0663669069,8.856573000000001,32148,8783,shared_MQ
scan-N8038-H26-Q1,32435,24.942515,6,58364,58364,597647360,2635802214.4,14016,26,ff8b44f6eff20d870d5c9dfa06af70586a6e07e4fa4afad5ba4a1982b6510a96,/data2/chenyi9/KV-PIM/attacc-fugue/output/KVChime-multi-model-TP4-20260907/kvchime/Fugue-asplos-raw/profiles/scan-N8038-H26-Q1,,,,
shared-ae441f2fe7a5e4c9acb8,71676,55.118844,6,58128,58128,595230720,2631430144.0,28000,28,660df2b19ad724c95717a79e6870fc661b20c5dc85a202f8c27e237ffea4b320,/data2/chenyi9/KV-PIM/attacc-fugue/output/KVChime-multi-model-TP4-20260907/kvchime/Fugue-asplos-raw/profiles/shared-ae441f2fe7a5e4c9acb8,6.424226000000001,32152,8787,shared_single_query
shared-b85af4e43dbb380b8d68,26174,20.127806,7,15540,58128,159129600,712585216.0,28000,28,d04dd7d5effaaf83a74ac6821c8a262cb4dc626ac8679f4b5f3edffa88ca1214,/data2/chenyi9/KV-PIM/attacc-fugue/output/KVChime-multi-model-TP4-20260907/kvchime/Fugue-asplos-raw/profiles/shared-b85af4e43dbb380b8d68,8.856573000000001,32152,8787,shared_MQ
scan-N8039-H26-Q1,32435,24.942515,6,58364,58364,597647360,2635802214.4,14016,26,760715b8c6755cdbac6f515304d0e5107cd26d3b6d0f585552d3d09f0afab745,/data2/chenyi9/KV-PIM/attacc-fugue/output/KVChime-multi-model-TP4-20260907/kvchime/Fugue-asplos-raw/profiles/scan-N8039-H26-Q1,,,,
shared-cedc6f053a6565496195,71676,55.118844,6,58128,58128,595230720,2631430144.0,28000,28,660df2b19ad724c95717a79e6870fc661b20c5dc85a202f8c27e237ffea4b320,/data2/chenyi9/KV-PIM/attacc-fugue/output/KVChime-multi-model-TP4-20260907/kvchime/Fugue-asplos-raw/profiles/shared-cedc6f053a6565496195,6.424226000000001,32156,8791,shared_single_query
shared-79401a4e10246f3f3599,26174,20.127806,7,15540,58128,159129600,712585216.0,28000,28,d04dd7d5effaaf83a74ac6821c8a262cb4dc626ac8679f4b5f3edffa88ca1214,/data2/chenyi9/KV-PIM/attacc-fugue/output/KVChime-multi-model-TP4-20260907/kvchime/Fugue-asplos-raw/profiles/shared-79401a4e10246f3f3599,8.856573000000001,32156,8791,shared_MQ
scan-N8040-H26-Q1,32435,24.942515,6,58364,58364,597647360,2635802214.4,14016,26,751ace7fc0680aa098a5c195950a0c9359746aaca224039e19631de6c7adcb5b,/data2/chenyi9/KV-PIM/attacc-fugue/output/KVChime-multi-model-TP4-20260907/kvchime/Fugue-asplos-raw/profiles/scan-N8040-H26-Q1,,,,
shared-ca8379f99fd902be863c,71758,55.181902,6,58240,58240,596377600,2636476416.0,28000,28,84cf30afb6d6a8842ac0bc54ca732e4ed44c220d6f552de980f75c10a8cfcbdf,/data2/chenyi9/KV-PIM/attacc-fugue/output/KVChime-multi-model-TP4-20260907/kvchime/Fugue-asplos-raw/profiles/shared-ca8379f99fd902be863c,6.424226000000001,32160,8795,shared_single_query
shared-e6e19e6fac33cc15b350,26272,20.203168,7,15652,58240,160276480,717631488.0,28000,28,c3fa41425078ed1a9780dba450225ff9e77667b2d09bdc57ed6ed1216d4e9323,/data2/chenyi9/KV-PIM/attacc-fugue/output/KVChime-multi-model-TP4-20260907/kvchime/Fugue-asplos-raw/profiles/shared-e6e19e6fac33cc15b350,8.856573000000001,32160,8795,shared_MQ
scan-N8041-H26-Q1,32435,24.942515,6,58364,58364,597647360,2635802214.4,14016,26,31a1b7c72718a443a21b5d8078462514e306101620218761fd124d49bf8241dc,/data2/chenyi9/KV-PIM/attacc-fugue/output/KVChime-multi-model-TP4-20260907/kvchime/Fugue-asplos-raw/profiles/scan-N8041-H26-Q1,,,,
shared-253de7812a0eb4eb1e76,71758,55.181902,6,58240,58240,596377600,2636476416.0,28000,28,84cf30afb6d6a8842ac0bc54ca732e4ed44c220d6f552de980f75c10a8cfcbdf,/data2/chenyi9/KV-PIM/attacc-fugue/output/KVChime-multi-model-TP4-20260907/kvchime/Fugue-asplos-raw/profiles/shared-253de7812a0eb4eb1e76,6.424226000000001,32164,8799,shared_single_query
shared-923875ee77608ca6f93e,26272,20.203168,7,15652,58240,160276480,717631488.0,28000,28,c3fa41425078ed1a9780dba450225ff9e77667b2d09bdc57ed6ed1216d4e9323,/data2/chenyi9/KV-PIM/attacc-fugue/output/KVChime-multi-model-TP4-20260907/kvchime/Fugue-asplos-raw/profiles/shared-923875ee77608ca6f93e,8.856573000000001,32164,8799,shared_MQ
scan-N8042-H26-Q1,32435,24.942515,6,58364,58364,597647360,2635802214.4,14016,26,75e922ff36fe8a29f0de08959914a373092ac9e38d68954df158befb90416083,/data2/chenyi9/KV-PIM/attacc-fugue/output/KVChime-multi-model-TP4-20260907/kvchime/Fugue-asplos-raw/profiles/scan-N8042-H26-Q1,,,,
shared-b83d48a5c1e96c5fbe01,71758,55.181902,6,58240,58240,596377600,2636476416.0,28000,28,84cf30afb6d6a8842ac0bc54ca732e4ed44c220d6f552de980f75c10a8cfcbdf,/data2/chenyi9/KV-PIM/attacc-fugue/output/KVChime-multi-model-TP4-20260907/kvchime/Fugue-asplos-raw/profiles/shared-b83d48a5c1e96c5fbe01,6.424226000000001,32168,8803,shared_single_query
shared-02677ff187b8199d6011,26272,20.203168,7,15652,58240,160276480,717631488.0,28000,28,c3fa41425078ed1a9780dba450225ff9e77667b2d09bdc57ed6ed1216d4e9323,/data2/chenyi9/KV-PIM/attacc-fugue/output/KVChime-multi-model-TP4-20260907/kvchime/Fugue-asplos-raw/profiles/shared-02677ff187b8199d6011,8.856573000000001,32168,8803,shared_MQ
scan-N8043-H26-Q1,32435,24.942515,6,58364,58364,597647360,2635802214.4,14016,26,4e3d699370e7e8621ad4a0103dacc5b24e843dec1326b7735ce4bab727632750,/data2/chenyi9/KV-PIM/attacc-fugue/output/KVChime-multi-model-TP4-20260907/kvchime/Fugue-asplos-raw/profiles/scan-N8043-H26-Q1,,,,
shared-93dfab3687c519d65e4f,71758,55.181902,6,58240,58240,596377600,2636476416.0,28000,28,84cf30afb6d6a8842ac0bc54ca732e4ed44c220d6f552de980f75c10a8cfcbdf,/data2/chenyi9/KV-PIM/attacc-fugue/output/KVChime-multi-model-TP4-20260907/kvchime/Fugue-asplos-raw/profiles/shared-93dfab3687c519d65e4f,6.424226000000001,32172,8807,shared_single_query
shared-979bd1c5a7cb84fb2e47,26272,20.203168,7,15652,58240,160276480,717631488.0,28000,28,c3fa41425078ed1a9780dba450225ff9e77667b2d09bdc57ed6ed1216d4e9323,/data2/chenyi9/KV-PIM/attacc-fugue/output/KVChime-multi-model-TP4-20260907/kvchime/Fugue-asplos-raw/profiles/shared-979bd1c5a7cb84fb2e47,8.856573000000001,32172,8807,shared_MQ
scan-N8044-H26-Q1,32435,24.942515,6,58364,58364,597647360,2635802214.4,14016,26,35fb4ced75a1bd187befbc412e1a49d16eba75d7cb597c05fd7c49189f6fdcba,/data2/chenyi9/KV-PIM/attacc-fugue/output/KVChime-multi-model-TP4-20260907/kvchime/Fugue-asplos-raw/profiles/scan-N8044-H26-Q1,,,,
shared-cd891f8b4e6f98030423,71758,55.181902,6,58240,58240,596377600,2636476416.0,28000,28,84cf30afb6d6a8842ac0bc54ca732e4ed44c220d6f552de980f75c10a8cfcbdf,/data2/chenyi9/KV-PIM/attacc-fugue/output/KVChime-multi-model-TP4-20260907/kvchime/Fugue-asplos-raw/profiles/shared-cd891f8b4e6f98030423,6.424226000000001,32176,8811,shared_single_query
shared-67b35668385218a861af,26272,20.203168,7,15652,58240,160276480,717631488.0,28000,28,c3fa41425078ed1a9780dba450225ff9e77667b2d09bdc57ed6ed1216d4e9323,/data2/chenyi9/KV-PIM/attacc-fugue/output/KVChime-multi-model-TP4-20260907/kvchime/Fugue-asplos-raw/profiles/shared-67b35668385218a861af,8.856573000000001,32176,8811,shared_MQ
scan-N8045-H26-Q1,32435,24.942515,6,58364,58364,597647360,2635802214.4,14016,26,fa1a35009c249c27d3db3a4f62583680bc308387f52e952c9d0714b5fcf023a3,/data2/chenyi9/KV-PIM/attacc-fugue/output/KVChime-multi-model-TP4-20260907/kvchime/Fugue-asplos-raw/profiles/scan-N8045-H26-Q1,,,,
shared-d1636b93369b16aa2e64,71758,55.181902,6,58240,58240,596377600,2636476416.0,28000,28,84cf30afb6d6a8842ac0bc54ca732e4ed44c220d6f552de980f75c10a8cfcbdf,/data2/chenyi9/KV-PIM/attacc-fugue/output/KVChime-multi-model-TP4-20260907/kvchime/Fugue-asplos-raw/profiles/shared-d1636b93369b16aa2e64,6.424226000000001,32180,8815,shared_single_query
shared-2c538a06fba026506dfa,26272,20.203168,7,15652,58240,160276480,717631488.0,28000,28,c3fa41425078ed1a9780dba450225ff9e77667b2d09bdc57ed6ed1216d4e9323,/data2/chenyi9/KV-PIM/attacc-fugue/output/KVChime-multi-model-TP4-20260907/kvchime/Fugue-asplos-raw/profiles/shared-2c538a06fba026506dfa,8.856573000000001,32180,8815,shared_MQ
scan-N8046-H26-Q1,32435,24.942515,6,58364,58364,597647360,2635802214.4,14016,26,db838bd4e9190242f630e2b3d1d43b8bf3a24527bccd44fd7276e959421bf2bb,/data2/chenyi9/KV-PIM/attacc-fugue/output/KVChime-multi-model-TP4-20260907/kvchime/Fugue-asplos-raw/profiles/scan-N8046-H26-Q1,,,,
shared-5224cc4b2c55ef5b3d59,71758,55.181902,6,58240,58240,596377600,2636476416.0,28000,28,84cf30afb6d6a8842ac0bc54ca732e4ed44c220d6f552de980f75c10a8cfcbdf,/data2/chenyi9/KV-PIM/attacc-fugue/output/KVChime-multi-model-TP4-20260907/kvchime/Fugue-asplos-raw/profiles/shared-5224cc4b2c55ef5b3d59,6.424226000000001,32184,8819,shared_single_query
shared-e511f297f87e4229384d,26272,20.203168,7,15652,58240,160276480,717631488.0,28000,28,c3fa41425078ed1a9780dba450225ff9e77667b2d09bdc57ed6ed1216d4e9323,/data2/chenyi9/KV-PIM/attacc-fugue/output/KVChime-multi-model-TP4-20260907/kvchime/Fugue-asplos-raw/profiles/shared-e511f297f87e4229384d,8.856573000000001,32184,8819,shared_MQ
scan-N8047-H26-Q1,32435,24.942515,6,58364,58364,597647360,2635802214.4,14016,26,8e9af66e5d0bd1a8b110a6890b253523b6ed2d3a3f11931b4ae3cae912c02c4f,/data2/chenyi9/KV-PIM/attacc-fugue/output/KVChime-multi-model-TP4-20260907/kvchime/Fugue-asplos-raw/profiles/scan-N8047-H26-Q1,,,,
shared-e06acc9848c2d3186fa5,71758,55.181902,6,58240,58240,596377600,2636476416.0,28000,28,84cf30afb6d6a8842ac0bc54ca732e4ed44c220d6f552de980f75c10a8cfcbdf,/data2/chenyi9/KV-PIM/attacc-fugue/output/KVChime-multi-model-TP4-20260907/kvchime/Fugue-asplos-raw/profiles/shared-e06acc9848c2d3186fa5,6.424226000000001,32188,8823,shared_single_query
shared-e6216b6de72c402fe109,26272,20.203168,7,15652,58240,160276480,717631488.0,28000,28,c3fa41425078ed1a9780dba450225ff9e77667b2d09bdc57ed6ed1216d4e9323,/data2/chenyi9/KV-PIM/attacc-fugue/output/KVChime-multi-model-TP4-20260907/kvchime/Fugue-asplos-raw/profiles/shared-e6216b6de72c402fe109,8.856573000000001,32188,8823,shared_MQ
scan-N8048-H26-Q1,32435,24.942515,6,58364,58364,597647360,2635802214.4,14016,26,aee4a89c4f17d8cbe0def07cc3533df6ca6f6933a330aa429455bda3be5302cb,/data2/chenyi9/KV-PIM/attacc-fugue/output/KVChime-multi-model-TP4-20260907/kvchime/Fugue-asplos-raw/profiles/scan-N8048-H26-Q1,,,,
shared-d41d2a3e32420968f9d5,71758,55.181902,6,58240,58240,596377600,2636476416.0,28000,28,84cf30afb6d6a8842ac0bc54ca732e4ed44c220d6f552de980f75c10a8cfcbdf,/data2/chenyi9/KV-PIM/attacc-fugue/output/KVChime-multi-model-TP4-20260907/kvchime/Fugue-asplos-raw/profiles/shared-d41d2a3e32420968f9d5,6.424226000000001,32192,8827,shared_single_query
shared-bd229213be0a8dff5d07,26272,20.203168,7,15652,58240,160276480,717631488.0,28000,28,c3fa41425078ed1a9780dba450225ff9e77667b2d09bdc57ed6ed1216d4e9323,/data2/chenyi9/KV-PIM/attacc-fugue/output/KVChime-multi-model-TP4-20260907/kvchime/Fugue-asplos-raw/profiles/shared-bd229213be0a8dff5d07,8.856573000000001,32192,8827,shared_MQ
scan-N8049-H26-Q1,32483,24.979427,6,58480,58480,598835200,2641028710.4,14016,26,c16282405e35b10a52a281a4d2ebf3be392f8918933b615a6d73bc6c1858a04f,/data2/chenyi9/KV-PIM/attacc-fugue/output/KVChime-multi-model-TP4-20260907/kvchime/Fugue-asplos-raw/profiles/scan-N8049-H26-Q1,,,,
shared-b68163c33f90f575e50e,71758,55.181902,6,58240,58240,596377600,2636476416.0,28000,28,84cf30afb6d6a8842ac0bc54ca732e4ed44c220d6f552de980f75c10a8cfcbdf,/data2/chenyi9/KV-PIM/attacc-fugue/output/KVChime-multi-model-TP4-20260907/kvchime/Fugue-asplos-raw/profiles/shared-b68163c33f90f575e50e,6.424226000000001,32196,8831,shared_single_query
shared-bbc676f615b3aca16a7d,26272,20.203168,7,15652,58240,160276480,717631488.0,28000,28,c3fa41425078ed1a9780dba450225ff9e77667b2d09bdc57ed6ed1216d4e9323,/data2/chenyi9/KV-PIM/attacc-fugue/output/KVChime-multi-model-TP4-20260907/kvchime/Fugue-asplos-raw/profiles/shared-bbc676f615b3aca16a7d,8.856573000000001,32196,8831,shared_MQ
scan-N8050-H26-Q1,32483,24.979427,6,58480,58480,598835200,2641028710.4,14016,26,4c8e000790bfa7e706802e350baa897266f1de16cf8ff381e7e149ee563db2db,/data2/chenyi9/KV-PIM/attacc-fugue/output/KVChime-multi-model-TP4-20260907/kvchime/Fugue-asplos-raw/profiles/scan-N8050-H26-Q1,,,,
shared-fe5ba474251d074e81c5,71758,55.181902,6,58240,58240,596377600,2636476416.0,28000,28,84cf30afb6d6a8842ac0bc54ca732e4ed44c220d6f552de980f75c10a8cfcbdf,/data2/chenyi9/KV-PIM/attacc-fugue/output/KVChime-multi-model-TP4-20260907/kvchime/Fugue-asplos-raw/profiles/shared-fe5ba474251d074e81c5,6.424226000000001,32200,8835,shared_single_query
shared-fb59ef178ec046cab424,26272,20.203168,7,15652,58240,160276480,717631488.0,28000,28,c3fa41425078ed1a9780dba450225ff9e77667b2d09bdc57ed6ed1216d4e9323,/data2/chenyi9/KV-PIM/attacc-fugue/output/KVChime-multi-model-TP4-20260907/kvchime/Fugue-asplos-raw/profiles/shared-fb59ef178ec046cab424,8.856573000000001,32200,8835,shared_MQ
shared-b85177c1e0f7047cba00,11674,8.977306,8,6848,54784,70123520,315526348.8,15872,64,ddc1728e816dd97ffc5d1e16225d6e91a39268f5e9f02a2bf0a6a00ef5266852,/data2/chenyi9/KV-PIM/attacc-fugue/output/KVChime-multi-model-TP4-20260907/kvchime/Fugue-asplos-raw/profiles/shared-b85177c1e0f7047cba00,0.195326,27360,3420,shared_MQ
shared-6545c5f6f77a0aae25aa,8691,6.6833789999999995,7,6848,27392,70123520,312034918.4,7936,32,d83129536703acb3aba4df5809b9a31f4782592672b01b1154d325ff2d76344c,/data2/chenyi9/KV-PIM/attacc-fugue/output/KVChime-multi-model-TP4-20260907/kvchime/Fugue-asplos-raw/profiles/shared-6545c5f6f77a0aae25aa,0.09689400000000001,13680,3420,shared_MQ
shared-36bcf04b255c0a453a1a,8340,6.41346,7,6848,20544,70123520,311162060.8,5952,24,a757a2daae0e973d9919b783c15074c7db03523a63fec0e86257dd13ea1dd9fe,/data2/chenyi9/KV-PIM/attacc-fugue/output/KVChime-multi-model-TP4-20260907/kvchime/Fugue-asplos-raw/profiles/shared-36bcf04b255c0a453a1a,0.072286,10260,3420,shared_MQ
shared-da1449f28cb828cb0909,16167,12.432423,8,8032,64256,82247680,375305011.20000005,30208,64,8cc7e226b7b437ff3f00359bb47872f54cc500ade62e2bbee96804fa6aa7ebef,/data2/chenyi9/KV-PIM/attacc-fugue/output/KVChime-multi-model-TP4-20260907/kvchime/Fugue-asplos-raw/profiles/shared-da1449f28cb828cb0909,5.169218,27360,3957,shared_MQ
shared-767fc8e5b6edb97a613a,11028,8.480532,7,8032,24096,82247680,366920499.20000005,11328,24,38002b5d5a4ab4b25ca4eed175938f899dfc6779c98c64051cf4e81a7c32b5a3,/data2/chenyi9/KV-PIM/attacc-fugue/output/KVChime-multi-model-TP4-20260907/kvchime/Fugue-asplos-raw/profiles/shared-767fc8e5b6edb97a613a,3.288244,10260,3957,shared_MQ
scan-N3421-H8-Q1,6888,5.2968720000000005,6,6848,6848,70123520,309416345.6,1984,8,6d211647567434ce62732e61afb359b32bd45843ab852722e782b376e748db79,/data2/chenyi9/KV-PIM/attacc-fugue/output/KVChime-multi-model-TP4-20260907/kvchime/Fugue-asplos-raw/profiles/scan-N3421-H8-Q1,,,,
shared-8a27d1b37393af0a6cbd,6888,5.2968720000000005,6,6848,6848,70123520,309416345.6,1984,8,ae6e03c7b1208ca80fb71203a369d749b1bac438c36f72fbdac020c2f15d3ffc,/data2/chenyi9/KV-PIM/attacc-fugue/output/KVChime-multi-model-TP4-20260907/kvchime/Fugue-asplos-raw/profiles/shared-8a27d1b37393af0a6cbd,0.02307,3421,3421,shared_single_query
shared-b63dd635619051d57b53,8083,6.215827,6,8032,8032,82247680,363566694.40000004,3776,8,1cc25b30efec131d732776ead0178bef1c3ce9c2c5752dbb7e7aa1f313c125b5,/data2/chenyi9/KV-PIM/attacc-fugue/output/KVChime-multi-model-TP4-20260907/kvchime/Fugue-asplos-raw/profiles/shared-b63dd635619051d57b53,2.482332,3421,3958,shared_single_query
scan-N3422-H8-Q1,6888,5.2968720000000005,6,6848,6848,70123520,309416345.6,1984,8,6d211647567434ce62732e61afb359b32bd45843ab852722e782b376e748db79,/data2/chenyi9/KV-PIM/attacc-fugue/output/KVChime-multi-model-TP4-20260907/kvchime/Fugue-asplos-raw/profiles/scan-N3422-H8-Q1,,,,
shared-882387b9d78e4252f362,6888,5.2968720000000005,6,6848,6848,70123520,309416345.6,1984,8,ae6e03c7b1208ca80fb71203a369d749b1bac438c36f72fbdac020c2f15d3ffc,/data2/chenyi9/KV-PIM/attacc-fugue/output/KVChime-multi-model-TP4-20260907/kvchime/Fugue-asplos-raw/profiles/shared-882387b9d78e4252f362,0.02307,3422,3422,shared_single_query
shared-e195a1c453193997217c,8083,6.215827,6,8032,8032,82247680,363566694.40000004,3776,8,1cc25b30efec131d732776ead0178bef1c3ce9c2c5752dbb7e7aa1f313c125b5,/data2/chenyi9/KV-PIM/attacc-fugue/output/KVChime-multi-model-TP4-20260907/kvchime/Fugue-asplos-raw/profiles/shared-e195a1c453193997217c,2.482332,3422,3959,shared_single_query
scan-N3423-H8-Q1,6888,5.2968720000000005,6,6848,6848,70123520,309416345.6,1984,8,6d211647567434ce62732e61afb359b32bd45843ab852722e782b376e748db79,/data2/chenyi9/KV-PIM/attacc-fugue/output/KVChime-multi-model-TP4-20260907/kvchime/Fugue-asplos-raw/profiles/scan-N3423-H8-Q1,,,,
shared-8981436091d978d1c356,6888,5.2968720000000005,6,6848,6848,70123520,309416345.6,1984,8,ae6e03c7b1208ca80fb71203a369d749b1bac438c36f72fbdac020c2f15d3ffc,/data2/chenyi9/KV-PIM/attacc-fugue/output/KVChime-multi-model-TP4-20260907/kvchime/Fugue-asplos-raw/profiles/shared-8981436091d978d1c356,0.02307,3423,3423,shared_single_query
shared-c1e4e9760ec1f1c3e65a,8083,6.215827,6,8032,8032,82247680,363566694.40000004,3776,8,1cc25b30efec131d732776ead0178bef1c3ce9c2c5752dbb7e7aa1f313c125b5,/data2/chenyi9/KV-PIM/attacc-fugue/output/KVChime-multi-model-TP4-20260907/kvchime/Fugue-asplos-raw/profiles/shared-c1e4e9760ec1f1c3e65a,2.482332,3423,3960,shared_single_query
scan-N3424-H8-Q1,6888,5.2968720000000005,6,6848,6848,70123520,309416345.6,1984,8,6d211647567434ce62732e61afb359b32bd45843ab852722e782b376e748db79,/data2/chenyi9/KV-PIM/attacc-fugue/output/KVChime-multi-model-TP4-20260907/kvchime/Fugue-asplos-raw/profiles/scan-N3424-H8-Q1,,,,
shared-779b3b14ed5bfdcf9d69,6888,5.2968720000000005,6,6848,6848,70123520,309416345.6,1984,8,ae6e03c7b1208ca80fb71203a369d749b1bac438c36f72fbdac020c2f15d3ffc,/data2/chenyi9/KV-PIM/attacc-fugue/output/KVChime-multi-model-TP4-20260907/kvchime/Fugue-asplos-raw/profiles/shared-779b3b14ed5bfdcf9d69,0.02307,3424,3424,shared_single_query
shared-149f2ed6175b01a6c021,8083,6.215827,6,8032,8032,82247680,363566694.40000004,3776,8,1cc25b30efec131d732776ead0178bef1c3ce9c2c5752dbb7e7aa1f313c125b5,/data2/chenyi9/KV-PIM/attacc-fugue/output/KVChime-multi-model-TP4-20260907/kvchime/Fugue-asplos-raw/profiles/shared-149f2ed6175b01a6c021,2.482332,3424,3961,shared_single_query
scan-N3425-H8-Q1,6912,5.315328,6,6880,6880,70451200,310858137.6,1984,8,dad68af3949f8e728d30ec2010c4a36d118962389e89434b65e49f805278b2bd,/data2/chenyi9/KV-PIM/attacc-fugue/output/KVChime-multi-model-TP4-20260907/kvchime/Fugue-asplos-raw/profiles/scan-N3425-H8-Q1,,,,
shared-025ade766034113fea22,6912,5.315328,6,6880,6880,70451200,310858137.6,1984,8,d250b4e9eeae706e4804b229ff7053c50f8d6aeaa2e7f22711bcb2bdc9859596,/data2/chenyi9/KV-PIM/attacc-fugue/output/KVChime-multi-model-TP4-20260907/kvchime/Fugue-asplos-raw/profiles/shared-025ade766034113fea22,0.02307,3425,3425,shared_single_query
shared-68467d1f78ced90eab32,8083,6.215827,6,8032,8032,82247680,363566694.40000004,3776,8,1cc25b30efec131d732776ead0178bef1c3ce9c2c5752dbb7e7aa1f313c125b5,/data2/chenyi9/KV-PIM/attacc-fugue/output/KVChime-multi-model-TP4-20260907/kvchime/Fugue-asplos-raw/profiles/shared-68467d1f78ced90eab32,2.482332,3425,3962,shared_single_query
scan-N3426-H8-Q1,6912,5.315328,6,6880,6880,70451200,310858137.6,1984,8,dad68af3949f8e728d30ec2010c4a36d118962389e89434b65e49f805278b2bd,/data2/chenyi9/KV-PIM/attacc-fugue/output/KVChime-multi-model-TP4-20260907/kvchime/Fugue-asplos-raw/profiles/scan-N3426-H8-Q1,,,,
shared-d57fe6ecf07a3112ef6f,6912,5.315328,6,6880,6880,70451200,310858137.6,1984,8,d250b4e9eeae706e4804b229ff7053c50f8d6aeaa2e7f22711bcb2bdc9859596,/data2/chenyi9/KV-PIM/attacc-fugue/output/KVChime-multi-model-TP4-20260907/kvchime/Fugue-asplos-raw/profiles/shared-d57fe6ecf07a3112ef6f,0.02307,3426,3426,shared_single_query
shared-ed6ec7a8f40ec767fb3a,8083,6.215827,6,8032,8032,82247680,363566694.40000004,3776,8,1cc25b30efec131d732776ead0178bef1c3ce9c2c5752dbb7e7aa1f313c125b5,/data2/chenyi9/KV-PIM/attacc-fugue/output/KVChime-multi-model-TP4-20260907/kvchime/Fugue-asplos-raw/profiles/shared-ed6ec7a8f40ec767fb3a,2.482332,3426,3963,shared_single_query
scan-N3427-H8-Q1,6912,5.315328,6,6880,6880,70451200,310858137.6,1984,8,dad68af3949f8e728d30ec2010c4a36d118962389e89434b65e49f805278b2bd,/data2/chenyi9/KV-PIM/attacc-fugue/output/KVChime-multi-model-TP4-20260907/kvchime/Fugue-asplos-raw/profiles/scan-N3427-H8-Q1,,,,
shared-937e95d38956b5059726,6912,5.315328,6,6880,6880,70451200,310858137.6,1984,8,d250b4e9eeae706e4804b229ff7053c50f8d6aeaa2e7f22711bcb2bdc9859596,/data2/chenyi9/KV-PIM/attacc-fugue/output/KVChime-multi-model-TP4-20260907/kvchime/Fugue-asplos-raw/profiles/shared-937e95d38956b5059726,0.02307,3427,3427,shared_single_query
shared-c6b30e29649bbfcaf566,8083,6.215827,6,8032,8032,82247680,363566694.40000004,3776,8,1cc25b30efec131d732776ead0178bef1c3ce9c2c5752dbb7e7aa1f313c125b5,/data2/chenyi9/KV-PIM/attacc-fugue/output/KVChime-multi-model-TP4-20260907/kvchime/Fugue-asplos-raw/profiles/shared-c6b30e29649bbfcaf566,2.482332,3427,3964,shared_single_query
scan-N3428-H8-Q1,6912,5.315328,6,6880,6880,70451200,310858137.6,1984,8,dad68af3949f8e728d30ec2010c4a36d118962389e89434b65e49f805278b2bd,/data2/chenyi9/KV-PIM/attacc-fugue/output/KVChime-multi-model-TP4-20260907/kvchime/Fugue-asplos-raw/profiles/scan-N3428-H8-Q1,,,,
shared-0d4875701283f955163c,6912,5.315328,6,6880,6880,70451200,310858137.6,1984,8,d250b4e9eeae706e4804b229ff7053c50f8d6aeaa2e7f22711bcb2bdc9859596,/data2/chenyi9/KV-PIM/attacc-fugue/output/KVChime-multi-model-TP4-20260907/kvchime/Fugue-asplos-raw/profiles/shared-0d4875701283f955163c,0.02307,3428,3428,shared_single_query
shared-6981a2b215308f880bde,8083,6.215827,6,8032,8032,82247680,363566694.40000004,3776,8,1cc25b30efec131d732776ead0178bef1c3ce9c2c5752dbb7e7aa1f313c125b5,/data2/chenyi9/KV-PIM/attacc-fugue/output/KVChime-multi-model-TP4-20260907/kvchime/Fugue-asplos-raw/profiles/shared-6981a2b215308f880bde,2.482332,3428,3965,shared_single_query
scan-N3429-H8-Q1,6912,5.315328,6,6880,6880,70451200,310858137.6,1984,8,dad68af3949f8e728d30ec2010c4a36d118962389e89434b65e49f805278b2bd,/data2/chenyi9/KV-PIM/attacc-fugue/output/KVChime-multi-model-TP4-20260907/kvchime/Fugue-asplos-raw/profiles/scan-N3429-H8-Q1,,,,
shared-837173389c493da921a7,6912,5.315328,6,6880,6880,70451200,310858137.6,1984,8,d250b4e9eeae706e4804b229ff7053c50f8d6aeaa2e7f22711bcb2bdc9859596,/data2/chenyi9/KV-PIM/attacc-fugue/output/KVChime-multi-model-TP4-20260907/kvchime/Fugue-asplos-raw/profiles/shared-837173389c493da921a7,0.02307,3429,3429,shared_single_query
shared-31c874bc5f42c25e7f4e,8083,6.215827,6,8032,8032,82247680,363566694.40000004,3776,8,1cc25b30efec131d732776ead0178bef1c3ce9c2c5752dbb7e7aa1f313c125b5,/data2/chenyi9/KV-PIM/attacc-fugue/output/KVChime-multi-model-TP4-20260907/kvchime/Fugue-asplos-raw/profiles/shared-31c874bc5f42c25e7f4e,2.482332,3429,3966,shared_single_query
shared-fee4f587c7e1c12c81ce,11770,9.05113,8,6944,55552,71106560,319851724.8000001,15872,64,095d5b25953059ae34370497106edeb1f3524c9d881203def4b2910382b22b7c,/data2/chenyi9/KV-PIM/attacc-fugue/output/KVChime-multi-model-TP4-20260907/kvchime/Fugue-asplos-raw/profiles/shared-fee4f587c7e1c12c81ce,0.195326,27664,3458,shared_MQ
shared-e1594b5f48b7534e60a7,8089,6.220441,7,6944,13888,71106560,314614579.20000005,3968,16,4651f3f382e2424aecc2cf60796628767ee342b0a931e0fdf61ad526c6012587,/data2/chenyi9/KV-PIM/attacc-fugue/output/KVChime-multi-model-TP4-20260907/kvchime/Fugue-asplos-raw/profiles/shared-e1594b5f48b7534e60a7,0.047678000000000005,6916,3458,shared_MQ
shared-bb3e10fc1b79040145ff,8775,6.747975,7,6944,27776,71106560,316360294.40000004,7936,32,be45d8ff1b4bb2f3acbc761be59052002010d37a1777c1a37964e3f94a050ccc,/data2/chenyi9/KV-PIM/attacc-fugue/output/KVChime-multi-model-TP4-20260907/kvchime/Fugue-asplos-raw/profiles/shared-bb3e10fc1b79040145ff,0.09689400000000001,13832,3458,shared_MQ
shared-184c4b2ae7775d7ab6e1,16495,12.684655000000001,8,8128,65024,83230720,379630387.20000005,30208,64,79851b48c45f3a68ed8e70b560ff4548b48be039636eacd98fcadd6e7cdecda8,/data2/chenyi9/KV-PIM/attacc-fugue/output/KVChime-multi-model-TP4-20260907/kvchime/Fugue-asplos-raw/profiles/shared-184c4b2ae7775d7ab6e1,5.3337840000000005,27664,4001,shared_MQ
shared-3d3c2d960f503107bece,11891,9.144179,7,8128,32512,83230720,372922777.6,15104,32,858dedcddec4c3c458719f5589e84c7b106ac3ba1cfa88a871a7ba56fd8a3e31,/data2/chenyi9/KV-PIM/attacc-fugue/output/KVChime-multi-model-TP4-20260907/kvchime/Fugue-asplos-raw/profiles/shared-3d3c2d960f503107bece,3.566622,13832,4001,shared_MQ
scan-N3459-H8-Q1,6960,5.35224,6,6944,6944,71106560,313741721.6,1984,8,4d214375d67c436453561123ee1aed73be6197d95ac39fba1c920cb020dbb02a,/data2/chenyi9/KV-PIM/attacc-fugue/output/KVChime-multi-model-TP4-20260907/kvchime/Fugue-asplos-raw/profiles/scan-N3459-H8-Q1,,,,
shared-9a5f9c2a258a8c98c199,6960,5.35224,6,6944,6944,71106560,313741721.6,1984,8,9dc6e39837e1ce6307db3b9be825534f10321357f2a7f45c28b4e156b9664d21,/data2/chenyi9/KV-PIM/attacc-fugue/output/KVChime-multi-model-TP4-20260907/kvchime/Fugue-asplos-raw/profiles/shared-9a5f9c2a258a8c98c199,0.02307,3459,3459,shared_single_query
shared-3dbc374bf16edfb85ac7,8155,6.271195,6,8128,8128,83230720,367892070.4000001,3776,8,c0cf6302bfd7e1552f65c7f0c16491c867695ba70a6f7316f5f3bc1ec74cf938,/data2/chenyi9/KV-PIM/attacc-fugue/output/KVChime-multi-model-TP4-20260907/kvchime/Fugue-asplos-raw/profiles/shared-3dbc374bf16edfb85ac7,2.5100160000000002,3459,4002,shared_single_query
scan-N3460-H8-Q1,6960,5.35224,6,6944,6944,71106560,313741721.6,1984,8,4d214375d67c436453561123ee1aed73be6197d95ac39fba1c920cb020dbb02a,/data2/chenyi9/KV-PIM/attacc-fugue/output/KVChime-multi-model-TP4-20260907/kvchime/Fugue-asplos-raw/profiles/scan-N3460-H8-Q1,,,,
shared-2eb9cc59cdfed707973c,6960,5.35224,6,6944,6944,71106560,313741721.6,1984,8,9dc6e39837e1ce6307db3b9be825534f10321357f2a7f45c28b4e156b9664d21,/data2/chenyi9/KV-PIM/attacc-fugue/output/KVChime-multi-model-TP4-20260907/kvchime/Fugue-asplos-raw/profiles/shared-2eb9cc59cdfed707973c,0.02307,3460,3460,shared_single_query
shared-b57cb646a2b223ab2b4b,8155,6.271195,6,8128,8128,83230720,367892070.4000001,3776,8,c0cf6302bfd7e1552f65c7f0c16491c867695ba70a6f7316f5f3bc1ec74cf938,/data2/chenyi9/KV-PIM/attacc-fugue/output/KVChime-multi-model-TP4-20260907/kvchime/Fugue-asplos-raw/profiles/shared-b57cb646a2b223ab2b4b,2.5100160000000002,3460,4003,shared_single_query
scan-N3461-H8-Q1,6960,5.35224,6,6944,6944,71106560,313741721.6,1984,8,4d214375d67c436453561123ee1aed73be6197d95ac39fba1c920cb020dbb02a,/data2/chenyi9/KV-PIM/attacc-fugue/output/KVChime-multi-model-TP4-20260907/kvchime/Fugue-asplos-raw/profiles/scan-N3461-H8-Q1,,,,
shared-66ace6d28d02401a0cb9,6960,5.35224,6,6944,6944,71106560,313741721.6,1984,8,9dc6e39837e1ce6307db3b9be825534f10321357f2a7f45c28b4e156b9664d21,/data2/chenyi9/KV-PIM/attacc-fugue/output/KVChime-multi-model-TP4-20260907/kvchime/Fugue-asplos-raw/profiles/shared-66ace6d28d02401a0cb9,0.02307,3461,3461,shared_single_query
shared-f6050e376ec6c81ca203,8155,6.271195,6,8128,8128,83230720,367892070.4000001,3776,8,c0cf6302bfd7e1552f65c7f0c16491c867695ba70a6f7316f5f3bc1ec74cf938,/data2/chenyi9/KV-PIM/attacc-fugue/output/KVChime-multi-model-TP4-20260907/kvchime/Fugue-asplos-raw/profiles/shared-f6050e376ec6c81ca203,2.5100160000000002,3461,4004,shared_single_query
scan-N3462-H8-Q1,6960,5.35224,6,6944,6944,71106560,313741721.6,1984,8,4d214375d67c436453561123ee1aed73be6197d95ac39fba1c920cb020dbb02a,/data2/chenyi9/KV-PIM/attacc-fugue/output/KVChime-multi-model-TP4-20260907/kvchime/Fugue-asplos-raw/profiles/scan-N3462-H8-Q1,,,,
shared-6911ae1c90298dc5b567,6960,5.35224,6,6944,6944,71106560,313741721.6,1984,8,9dc6e39837e1ce6307db3b9be825534f10321357f2a7f45c28b4e156b9664d21,/data2/chenyi9/KV-PIM/attacc-fugue/output/KVChime-multi-model-TP4-20260907/kvchime/Fugue-asplos-raw/profiles/shared-6911ae1c90298dc5b567,0.02307,3462,3462,shared_single_query
shared-dd6e2c3ca0ffd5accd0a,8155,6.271195,6,8128,8128,83230720,367892070.4000001,3776,8,c0cf6302bfd7e1552f65c7f0c16491c867695ba70a6f7316f5f3bc1ec74cf938,/data2/chenyi9/KV-PIM/attacc-fugue/output/KVChime-multi-model-TP4-20260907/kvchime/Fugue-asplos-raw/profiles/shared-dd6e2c3ca0ffd5accd0a,2.5100160000000002,3462,4005,shared_single_query
scan-N3463-H8-Q1,6960,5.35224,6,6944,6944,71106560,313741721.6,1984,8,4d214375d67c436453561123ee1aed73be6197d95ac39fba1c920cb020dbb02a,/data2/chenyi9/KV-PIM/attacc-fugue/output/KVChime-multi-model-TP4-20260907/kvchime/Fugue-asplos-raw/profiles/scan-N3463-H8-Q1,,,,
shared-3bd0ed25bc1aa517ad71,6960,5.35224,6,6944,6944,71106560,313741721.6,1984,8,9dc6e39837e1ce6307db3b9be825534f10321357f2a7f45c28b4e156b9664d21,/data2/chenyi9/KV-PIM/attacc-fugue/output/KVChime-multi-model-TP4-20260907/kvchime/Fugue-asplos-raw/profiles/shared-3bd0ed25bc1aa517ad71,0.02307,3463,3463,shared_single_query
shared-a403755c7f541d1f7770,8179,6.289651,6,8160,8160,83558400,369333862.40000004,3776,8,d11c9d35b699ae447fa36bab6f0f4c5ebafd76fe633035c59dcec6ac878cb595,/data2/chenyi9/KV-PIM/attacc-fugue/output/KVChime-multi-model-TP4-20260907/kvchime/Fugue-asplos-raw/profiles/shared-a403755c7f541d1f7770,2.5100160000000002,3463,4006,shared_single_query
scan-N3464-H8-Q1,6960,5.35224,6,6944,6944,71106560,313741721.6,1984,8,4d214375d67c436453561123ee1aed73be6197d95ac39fba1c920cb020dbb02a,/data2/chenyi9/KV-PIM/attacc-fugue/output/KVChime-multi-model-TP4-20260907/kvchime/Fugue-asplos-raw/profiles/scan-N3464-H8-Q1,,,,
shared-03d784df0e8a5e8746b2,6960,5.35224,6,6944,6944,71106560,313741721.6,1984,8,9dc6e39837e1ce6307db3b9be825534f10321357f2a7f45c28b4e156b9664d21,/data2/chenyi9/KV-PIM/attacc-fugue/output/KVChime-multi-model-TP4-20260907/kvchime/Fugue-asplos-raw/profiles/shared-03d784df0e8a5e8746b2,0.02307,3464,3464,shared_single_query
shared-c064c5584ee9ed60e693,8179,6.289651,6,8160,8160,83558400,369333862.40000004,3776,8,d11c9d35b699ae447fa36bab6f0f4c5ebafd76fe633035c59dcec6ac878cb595,/data2/chenyi9/KV-PIM/attacc-fugue/output/KVChime-multi-model-TP4-20260907/kvchime/Fugue-asplos-raw/profiles/shared-c064c5584ee9ed60e693,2.5100160000000002,3464,4007,shared_single_query
scan-N3465-H8-Q1,6960,5.35224,6,6944,6944,71106560,313741721.6,1984,8,4d214375d67c436453561123ee1aed73be6197d95ac39fba1c920cb020dbb02a,/data2/chenyi9/KV-PIM/attacc-fugue/output/KVChime-multi-model-TP4-20260907/kvchime/Fugue-asplos-raw/profiles/scan-N3465-H8-Q1,,,,
shared-517a648af90f9776aa43,6960,5.35224,6,6944,6944,71106560,313741721.6,1984,8,9dc6e39837e1ce6307db3b9be825534f10321357f2a7f45c28b4e156b9664d21,/data2/chenyi9/KV-PIM/attacc-fugue/output/KVChime-multi-model-TP4-20260907/kvchime/Fugue-asplos-raw/profiles/shared-517a648af90f9776aa43,0.02307,3465,3465,shared_single_query
shared-bcfbf8d3e52b1d7bfe85,8179,6.289651,6,8160,8160,83558400,369333862.40000004,3776,8,d11c9d35b699ae447fa36bab6f0f4c5ebafd76fe633035c59dcec6ac878cb595,/data2/chenyi9/KV-PIM/attacc-fugue/output/KVChime-multi-model-TP4-20260907/kvchime/Fugue-asplos-raw/profiles/shared-bcfbf8d3e52b1d7bfe85,2.5100160000000002,3465,4008,shared_single_query
scan-N3466-H8-Q1,6960,5.35224,6,6944,6944,71106560,313741721.6,1984,8,4d214375d67c436453561123ee1aed73be6197d95ac39fba1c920cb020dbb02a,/data2/chenyi9/KV-PIM/attacc-fugue/output/KVChime-multi-model-TP4-20260907/kvchime/Fugue-asplos-raw/profiles/scan-N3466-H8-Q1,,,,
shared-3e0d392a86cc8706ebc5,6960,5.35224,6,6944,6944,71106560,313741721.6,1984,8,9dc6e39837e1ce6307db3b9be825534f10321357f2a7f45c28b4e156b9664d21,/data2/chenyi9/KV-PIM/attacc-fugue/output/KVChime-multi-model-TP4-20260907/kvchime/Fugue-asplos-raw/profiles/shared-3e0d392a86cc8706ebc5,0.02307,3466,3466,shared_single_query
shared-9f1945fa20ac10daa3a1,8179,6.289651,6,8160,8160,83558400,369333862.40000004,3776,8,d11c9d35b699ae447fa36bab6f0f4c5ebafd76fe633035c59dcec6ac878cb595,/data2/chenyi9/KV-PIM/attacc-fugue/output/KVChime-multi-model-TP4-20260907/kvchime/Fugue-asplos-raw/profiles/shared-9f1945fa20ac10daa3a1,2.5100160000000002,3466,4009,shared_single_query
scan-N3467-H8-Q1,6960,5.35224,6,6944,6944,71106560,313741721.6,1984,8,4d214375d67c436453561123ee1aed73be6197d95ac39fba1c920cb020dbb02a,/data2/chenyi9/KV-PIM/attacc-fugue/output/KVChime-multi-model-TP4-20260907/kvchime/Fugue-asplos-raw/profiles/scan-N3467-H8-Q1,,,,
shared-dd467adef57f3b6d0851,6960,5.35224,6,6944,6944,71106560,313741721.6,1984,8,9dc6e39837e1ce6307db3b9be825534f10321357f2a7f45c28b4e156b9664d21,/data2/chenyi9/KV-PIM/attacc-fugue/output/KVChime-multi-model-TP4-20260907/kvchime/Fugue-asplos-raw/profiles/shared-dd467adef57f3b6d0851,0.02307,3467,3467,shared_single_query
shared-5bab5dde3bc58799bc35,8179,6.289651,6,8160,8160,83558400,369333862.40000004,3776,8,d11c9d35b699ae447fa36bab6f0f4c5ebafd76fe633035c59dcec6ac878cb595,/data2/chenyi9/KV-PIM/attacc-fugue/output/KVChime-multi-model-TP4-20260907/kvchime/Fugue-asplos-raw/profiles/shared-5bab5dde3bc58799bc35,2.5100160000000002,3467,4010,shared_single_query
shared-6cedd821cb6a0a86a53f,18465,14.199585,8,8384,67072,85852160,393658368.00000006,35840,64,7647a5d35a7c2f3606be42258b315ecbffe48692f8f1683c6d11abe54356a924,/data2/chenyi9/KV-PIM/attacc-fugue/output/KVChime-multi-model-TP4-20260907/kvchime/Fugue-asplos-raw/profiles/shared-6cedd821cb6a0a86a53f,6.393466,32224,4124,shared_MQ
shared-1a9f5956483042c6708c,11053,8.499756999999999,7,8384,16768,85852160,381726720.00000006,8960,16,149727d7d1fa279984f4fbe43a5fea6ecb7135acaca03b14afafe4b38735a832,/data2/chenyi9/KV-PIM/attacc-fugue/output/KVChime-multi-model-TP4-20260907/kvchime/Fugue-asplos-raw/profiles/shared-1a9f5956483042c6708c,3.711194,8056,4124,shared_MQ
scan-N4029-H8-Q1,7992,6.145848,6,8064,8064,82575360,364316672.0,2240,8,71e333e34f2f11110c036c1d16766de234002d777c1890ba6242e293ffec6f1b,/data2/chenyi9/KV-PIM/attacc-fugue/output/KVChime-multi-model-TP4-20260907/kvchime/Fugue-asplos-raw/profiles/scan-N4029-H8-Q1,,,,
shared-16fc51d751a615983444,8821,6.783349,6,8384,8384,85852160,379738112.0,4480,8,d16465d71ba2c7249b4bdebb36d129ef7f97b7e419d754020b971fa60f18a919,/data2/chenyi9/KV-PIM/attacc-fugue/output/KVChime-multi-model-TP4-20260907/kvchime/Fugue-asplos-raw/profiles/shared-16fc51d751a615983444,3.1006080000000003,4029,4125,shared_single_query
scan-N4030-H8-Q1,7992,6.145848,6,8064,8064,82575360,364316672.0,2240,8,71e333e34f2f11110c036c1d16766de234002d777c1890ba6242e293ffec6f1b,/data2/chenyi9/KV-PIM/attacc-fugue/output/KVChime-multi-model-TP4-20260907/kvchime/Fugue-asplos-raw/profiles/scan-N4030-H8-Q1,,,,
shared-3b6e981941ef5d87d656,8821,6.783349,6,8384,8384,85852160,379738112.0,4480,8,d16465d71ba2c7249b4bdebb36d129ef7f97b7e419d754020b971fa60f18a919,/data2/chenyi9/KV-PIM/attacc-fugue/output/KVChime-multi-model-TP4-20260907/kvchime/Fugue-asplos-raw/profiles/shared-3b6e981941ef5d87d656,3.1006080000000003,4030,4126,shared_single_query
scan-N4031-H8-Q1,7992,6.145848,6,8064,8064,82575360,364316672.0,2240,8,71e333e34f2f11110c036c1d16766de234002d777c1890ba6242e293ffec6f1b,/data2/chenyi9/KV-PIM/attacc-fugue/output/KVChime-multi-model-TP4-20260907/kvchime/Fugue-asplos-raw/profiles/scan-N4031-H8-Q1,,,,
shared-9361eedb78e1b5398420,8821,6.783349,6,8384,8384,85852160,379738112.0,4480,8,d16465d71ba2c7249b4bdebb36d129ef7f97b7e419d754020b971fa60f18a919,/data2/chenyi9/KV-PIM/attacc-fugue/output/KVChime-multi-model-TP4-20260907/kvchime/Fugue-asplos-raw/profiles/shared-9361eedb78e1b5398420,3.1006080000000003,4031,4127,shared_single_query
scan-N4032-H8-Q1,7992,6.145848,6,8064,8064,82575360,364316672.0,2240,8,71e333e34f2f11110c036c1d16766de234002d777c1890ba6242e293ffec6f1b,/data2/chenyi9/KV-PIM/attacc-fugue/output/KVChime-multi-model-TP4-20260907/kvchime/Fugue-asplos-raw/profiles/scan-N4032-H8-Q1,,,,
shared-e106b614b5e212eb6b92,8821,6.783349,6,8384,8384,85852160,379738112.0,4480,8,d16465d71ba2c7249b4bdebb36d129ef7f97b7e419d754020b971fa60f18a919,/data2/chenyi9/KV-PIM/attacc-fugue/output/KVChime-multi-model-TP4-20260907/kvchime/Fugue-asplos-raw/profiles/shared-e106b614b5e212eb6b92,3.1006080000000003,4032,4128,shared_single_query
scan-N4033-H8-Q1,8030,6.17507,6,8096,8096,82903040,365758464.0,2240,8,a5334d9737b874acb19cb6cec6ca92113465842fe9f869bb9534b542047c229c,/data2/chenyi9/KV-PIM/attacc-fugue/output/KVChime-multi-model-TP4-20260907/kvchime/Fugue-asplos-raw/profiles/scan-N4033-H8-Q1,,,,
shared-71ed4820e52c26749e0c,8821,6.783349,6,8384,8384,85852160,379738112.0,4480,8,d16465d71ba2c7249b4bdebb36d129ef7f97b7e419d754020b971fa60f18a919,/data2/chenyi9/KV-PIM/attacc-fugue/output/KVChime-multi-model-TP4-20260907/kvchime/Fugue-asplos-raw/profiles/shared-71ed4820e52c26749e0c,3.1006080000000003,4033,4129,shared_single_query
scan-N4034-H8-Q1,8030,6.17507,6,8096,8096,82903040,365758464.0,2240,8,a5334d9737b874acb19cb6cec6ca92113465842fe9f869bb9534b542047c229c,/data2/chenyi9/KV-PIM/attacc-fugue/output/KVChime-multi-model-TP4-20260907/kvchime/Fugue-asplos-raw/profiles/scan-N4034-H8-Q1,,,,
shared-fc87fd71b34108de8fc3,8821,6.783349,6,8384,8384,85852160,379738112.0,4480,8,d16465d71ba2c7249b4bdebb36d129ef7f97b7e419d754020b971fa60f18a919,/data2/chenyi9/KV-PIM/attacc-fugue/output/KVChime-multi-model-TP4-20260907/kvchime/Fugue-asplos-raw/profiles/shared-fc87fd71b34108de8fc3,3.1006080000000003,4034,4130,shared_single_query
scan-N4035-H8-Q1,8030,6.17507,6,8096,8096,82903040,365758464.0,2240,8,a5334d9737b874acb19cb6cec6ca92113465842fe9f869bb9534b542047c229c,/data2/chenyi9/KV-PIM/attacc-fugue/output/KVChime-multi-model-TP4-20260907/kvchime/Fugue-asplos-raw/profiles/scan-N4035-H8-Q1,,,,
shared-0cd193c20223e5c8dc29,8845,6.801805,6,8416,8416,86179840,381179904.0,4480,8,80ca2d8265c2fd78961793b04517c1ff1f8081aaf14e0d591501c1215eadcbaa,/data2/chenyi9/KV-PIM/attacc-fugue/output/KVChime-multi-model-TP4-20260907/kvchime/Fugue-asplos-raw/profiles/shared-0cd193c20223e5c8dc29,3.1006080000000003,4035,4131,shared_single_query
scan-N4036-H8-Q1,8030,6.17507,6,8096,8096,82903040,365758464.0,2240,8,a5334d9737b874acb19cb6cec6ca92113465842fe9f869bb9534b542047c229c,/data2/chenyi9/KV-PIM/attacc-fugue/output/KVChime-multi-model-TP4-20260907/kvchime/Fugue-asplos-raw/profiles/scan-N4036-H8-Q1,,,,
shared-ca7142a6961f55fd1666,8845,6.801805,6,8416,8416,86179840,381179904.0,4480,8,80ca2d8265c2fd78961793b04517c1ff1f8081aaf14e0d591501c1215eadcbaa,/data2/chenyi9/KV-PIM/attacc-fugue/output/KVChime-multi-model-TP4-20260907/kvchime/Fugue-asplos-raw/profiles/shared-ca7142a6961f55fd1666,3.1006080000000003,4036,4132,shared_single_query
scan-N4037-H8-Q1,8030,6.17507,6,8096,8096,82903040,365758464.0,2240,8,a5334d9737b874acb19cb6cec6ca92113465842fe9f869bb9534b542047c229c,/data2/chenyi9/KV-PIM/attacc-fugue/output/KVChime-multi-model-TP4-20260907/kvchime/Fugue-asplos-raw/profiles/scan-N4037-H8-Q1,,,,
shared-8045c1517a6058814f3e,8845,6.801805,6,8416,8416,86179840,381179904.0,4480,8,80ca2d8265c2fd78961793b04517c1ff1f8081aaf14e0d591501c1215eadcbaa,/data2/chenyi9/KV-PIM/attacc-fugue/output/KVChime-multi-model-TP4-20260907/kvchime/Fugue-asplos-raw/profiles/shared-8045c1517a6058814f3e,3.1006080000000003,4037,4133,shared_single_query
scan-N4038-H8-Q1,8030,6.17507,6,8096,8096,82903040,365758464.0,2240,8,a5334d9737b874acb19cb6cec6ca92113465842fe9f869bb9534b542047c229c,/data2/chenyi9/KV-PIM/attacc-fugue/output/KVChime-multi-model-TP4-20260907/kvchime/Fugue-asplos-raw/profiles/scan-N4038-H8-Q1,,,,
shared-49cb53de6522f7c80cfe,8845,6.801805,6,8416,8416,86179840,381179904.0,4480,8,80ca2d8265c2fd78961793b04517c1ff1f8081aaf14e0d591501c1215eadcbaa,/data2/chenyi9/KV-PIM/attacc-fugue/output/KVChime-multi-model-TP4-20260907/kvchime/Fugue-asplos-raw/profiles/shared-49cb53de6522f7c80cfe,3.1006080000000003,4038,4134,shared_single_query
scan-N4039-H8-Q1,8030,6.17507,6,8096,8096,82903040,365758464.0,2240,8,a5334d9737b874acb19cb6cec6ca92113465842fe9f869bb9534b542047c229c,/data2/chenyi9/KV-PIM/attacc-fugue/output/KVChime-multi-model-TP4-20260907/kvchime/Fugue-asplos-raw/profiles/scan-N4039-H8-Q1,,,,
shared-aa3947cca77cbeeae49a,8845,6.801805,6,8416,8416,86179840,381179904.0,4480,8,80ca2d8265c2fd78961793b04517c1ff1f8081aaf14e0d591501c1215eadcbaa,/data2/chenyi9/KV-PIM/attacc-fugue/output/KVChime-multi-model-TP4-20260907/kvchime/Fugue-asplos-raw/profiles/shared-aa3947cca77cbeeae49a,3.1006080000000003,4039,4135,shared_single_query
scan-N4040-H8-Q1,8030,6.17507,6,8096,8096,82903040,365758464.0,2240,8,a5334d9737b874acb19cb6cec6ca92113465842fe9f869bb9534b542047c229c,/data2/chenyi9/KV-PIM/attacc-fugue/output/KVChime-multi-model-TP4-20260907/kvchime/Fugue-asplos-raw/profiles/scan-N4040-H8-Q1,,,,
shared-37f199c23d77b6d6567b,8845,6.801805,6,8416,8416,86179840,381179904.0,4480,8,80ca2d8265c2fd78961793b04517c1ff1f8081aaf14e0d591501c1215eadcbaa,/data2/chenyi9/KV-PIM/attacc-fugue/output/KVChime-multi-model-TP4-20260907/kvchime/Fugue-asplos-raw/profiles/shared-37f199c23d77b6d6567b,3.1006080000000003,4040,4136,shared_single_query
scan-N4041-H8-Q1,8030,6.17507,6,8096,8096,82903040,365758464.0,2240,8,a5334d9737b874acb19cb6cec6ca92113465842fe9f869bb9534b542047c229c,/data2/chenyi9/KV-PIM/attacc-fugue/output/KVChime-multi-model-TP4-20260907/kvchime/Fugue-asplos-raw/profiles/scan-N4041-H8-Q1,,,,
shared-c48fccdd8d16fd13ff1e,8845,6.801805,6,8416,8416,86179840,381179904.0,4480,8,80ca2d8265c2fd78961793b04517c1ff1f8081aaf14e0d591501c1215eadcbaa,/data2/chenyi9/KV-PIM/attacc-fugue/output/KVChime-multi-model-TP4-20260907/kvchime/Fugue-asplos-raw/profiles/shared-c48fccdd8d16fd13ff1e,3.1006080000000003,4041,4137,shared_single_query
scan-N4042-H8-Q1,8030,6.17507,6,8096,8096,82903040,365758464.0,2240,8,a5334d9737b874acb19cb6cec6ca92113465842fe9f869bb9534b542047c229c,/data2/chenyi9/KV-PIM/attacc-fugue/output/KVChime-multi-model-TP4-20260907/kvchime/Fugue-asplos-raw/profiles/scan-N4042-H8-Q1,,,,
shared-a52d7638be13fab26cba,8845,6.801805,6,8416,8416,86179840,381179904.0,4480,8,80ca2d8265c2fd78961793b04517c1ff1f8081aaf14e0d591501c1215eadcbaa,/data2/chenyi9/KV-PIM/attacc-fugue/output/KVChime-multi-model-TP4-20260907/kvchime/Fugue-asplos-raw/profiles/shared-a52d7638be13fab26cba,3.1006080000000003,4042,4138,shared_single_query
scan-N4043-H8-Q1,8030,6.17507,6,8096,8096,82903040,365758464.0,2240,8,a5334d9737b874acb19cb6cec6ca92113465842fe9f869bb9534b542047c229c,/data2/chenyi9/KV-PIM/attacc-fugue/output/KVChime-multi-model-TP4-20260907/kvchime/Fugue-asplos-raw/profiles/scan-N4043-H8-Q1,,,,
shared-87da6e5fa8c32cf07f0d,8845,6.801805,6,8416,8416,86179840,381179904.0,4480,8,80ca2d8265c2fd78961793b04517c1ff1f8081aaf14e0d591501c1215eadcbaa,/data2/chenyi9/KV-PIM/attacc-fugue/output/KVChime-multi-model-TP4-20260907/kvchime/Fugue-asplos-raw/profiles/shared-87da6e5fa8c32cf07f0d,3.1006080000000003,4043,4139,shared_single_query
shared-52033ae43586bbe918c4,34055,26.188295000000004,8,16608,132864,170065920,776667136.0000001,64000,64,0114dd8655567aa18b95fab4875d15c66d95b7962adb7a4b9b7b07e3b3b5de68,/data2/chenyi9/KV-PIM/attacc-fugue/output/KVChime-multi-model-TP4-20260907/kvchime/Fugue-asplos-raw/profiles/shared-52033ae43586bbe918c4,12.647743,64264,8209,shared_MQ
shared-0c461f81e761d04add72,21495,16.529654999999998,7,16608,33216,170065920,755384320.0000001,16000,16,bfdd19fc9f966b3d30d9063e1e0050890addd8ca8d52c4ffa6ec0bd62d1aefe8,/data2/chenyi9/KV-PIM/attacc-fugue/output/KVChime-multi-model-TP4-20260907/kvchime/Fugue-asplos-raw/profiles/shared-0c461f81e761d04add72,7.545428,16066,8209,shared_MQ
scan-N8034-H8-Q1,16428,12.633132,6,16096,16096,164823040,727104307.2000002,4288,8,a6226eba08e2dde1bfbfcc9cd267a658a14fdcc8bc53a409375c4b4e892c79de,/data2/chenyi9/KV-PIM/attacc-fugue/output/KVChime-multi-model-TP4-20260907/kvchime/Fugue-asplos-raw/profiles/scan-N8034-H8-Q1,,,,
shared-1ddde344e33e5253dda2,17652,13.574388,6,16608,16608,170065920,751837184.0,8000,8,470a1f27f085c5e9407dfc0a77f6427598ad21faa9b6511b3b56736333ec4962,/data2/chenyi9/KV-PIM/attacc-fugue/output/KVChime-multi-model-TP4-20260907/kvchime/Fugue-asplos-raw/profiles/shared-1ddde344e33e5253dda2,6.424226000000001,8034,8210,shared_single_query
scan-N8035-H8-Q1,16428,12.633132,6,16096,16096,164823040,727104307.2000002,4288,8,a6226eba08e2dde1bfbfcc9cd267a658a14fdcc8bc53a409375c4b4e892c79de,/data2/chenyi9/KV-PIM/attacc-fugue/output/KVChime-multi-model-TP4-20260907/kvchime/Fugue-asplos-raw/profiles/scan-N8035-H8-Q1,,,,
shared-3c25c32b67a600d4bd65,17652,13.574388,6,16608,16608,170065920,751837184.0,8000,8,470a1f27f085c5e9407dfc0a77f6427598ad21faa9b6511b3b56736333ec4962,/data2/chenyi9/KV-PIM/attacc-fugue/output/KVChime-multi-model-TP4-20260907/kvchime/Fugue-asplos-raw/profiles/shared-3c25c32b67a600d4bd65,6.424226000000001,8035,8211,shared_single_query
scan-N8036-H8-Q1,16428,12.633132,6,16096,16096,164823040,727104307.2000002,4288,8,a6226eba08e2dde1bfbfcc9cd267a658a14fdcc8bc53a409375c4b4e892c79de,/data2/chenyi9/KV-PIM/attacc-fugue/output/KVChime-multi-model-TP4-20260907/kvchime/Fugue-asplos-raw/profiles/scan-N8036-H8-Q1,,,,
shared-c53d187a7a1b00ce17bc,17652,13.574388,6,16608,16608,170065920,751837184.0,8000,8,470a1f27f085c5e9407dfc0a77f6427598ad21faa9b6511b3b56736333ec4962,/data2/chenyi9/KV-PIM/attacc-fugue/output/KVChime-multi-model-TP4-20260907/kvchime/Fugue-asplos-raw/profiles/shared-c53d187a7a1b00ce17bc,6.424226000000001,8036,8212,shared_single_query
scan-N8037-H8-Q1,16428,12.633132,6,16096,16096,164823040,727104307.2000002,4288,8,a6226eba08e2dde1bfbfcc9cd267a658a14fdcc8bc53a409375c4b4e892c79de,/data2/chenyi9/KV-PIM/attacc-fugue/output/KVChime-multi-model-TP4-20260907/kvchime/Fugue-asplos-raw/profiles/scan-N8037-H8-Q1,,,,
shared-0080eb748b6f730acf82,17652,13.574388,6,16608,16608,170065920,751837184.0,8000,8,470a1f27f085c5e9407dfc0a77f6427598ad21faa9b6511b3b56736333ec4962,/data2/chenyi9/KV-PIM/attacc-fugue/output/KVChime-multi-model-TP4-20260907/kvchime/Fugue-asplos-raw/profiles/shared-0080eb748b6f730acf82,6.424226000000001,8037,8213,shared_single_query
scan-N8038-H8-Q1,16428,12.633132,6,16096,16096,164823040,727104307.2000002,4288,8,a6226eba08e2dde1bfbfcc9cd267a658a14fdcc8bc53a409375c4b4e892c79de,/data2/chenyi9/KV-PIM/attacc-fugue/output/KVChime-multi-model-TP4-20260907/kvchime/Fugue-asplos-raw/profiles/scan-N8038-H8-Q1,,,,
shared-afee4a11b0208ef09b2d,17652,13.574388,6,16608,16608,170065920,751837184.0,8000,8,470a1f27f085c5e9407dfc0a77f6427598ad21faa9b6511b3b56736333ec4962,/data2/chenyi9/KV-PIM/attacc-fugue/output/KVChime-multi-model-TP4-20260907/kvchime/Fugue-asplos-raw/profiles/shared-afee4a11b0208ef09b2d,6.424226000000001,8038,8214,shared_single_query
scan-N8039-H8-Q1,16428,12.633132,6,16096,16096,164823040,727104307.2000002,4288,8,a6226eba08e2dde1bfbfcc9cd267a658a14fdcc8bc53a409375c4b4e892c79de,/data2/chenyi9/KV-PIM/attacc-fugue/output/KVChime-multi-model-TP4-20260907/kvchime/Fugue-asplos-raw/profiles/scan-N8039-H8-Q1,,,,
shared-81b7b3030f8d2e1cd122,17652,13.574388,6,16608,16608,170065920,751837184.0,8000,8,470a1f27f085c5e9407dfc0a77f6427598ad21faa9b6511b3b56736333ec4962,/data2/chenyi9/KV-PIM/attacc-fugue/output/KVChime-multi-model-TP4-20260907/kvchime/Fugue-asplos-raw/profiles/shared-81b7b3030f8d2e1cd122,6.424226000000001,8039,8215,shared_single_query
scan-N8040-H8-Q1,16428,12.633132,6,16096,16096,164823040,727104307.2000002,4288,8,a6226eba08e2dde1bfbfcc9cd267a658a14fdcc8bc53a409375c4b4e892c79de,/data2/chenyi9/KV-PIM/attacc-fugue/output/KVChime-multi-model-TP4-20260907/kvchime/Fugue-asplos-raw/profiles/scan-N8040-H8-Q1,,,,
shared-817cd41256257ace60fd,17712,13.620528,6,16640,16640,170393600,753278976.0,8000,8,ec1826daab49385a5b03b72d4ac9d17106efcc559240d78b4c4acf4604a3d15c,/data2/chenyi9/KV-PIM/attacc-fugue/output/KVChime-multi-model-TP4-20260907/kvchime/Fugue-asplos-raw/profiles/shared-817cd41256257ace60fd,6.424226000000001,8040,8216,shared_single_query
scan-N8041-H8-Q1,16428,12.633132,6,16096,16096,164823040,727104307.2000002,4288,8,a6226eba08e2dde1bfbfcc9cd267a658a14fdcc8bc53a409375c4b4e892c79de,/data2/chenyi9/KV-PIM/attacc-fugue/output/KVChime-multi-model-TP4-20260907/kvchime/Fugue-asplos-raw/profiles/scan-N8041-H8-Q1,,,,
shared-6f49dd3c1d532c05c1d0,17712,13.620528,6,16640,16640,170393600,753278976.0,8000,8,ec1826daab49385a5b03b72d4ac9d17106efcc559240d78b4c4acf4604a3d15c,/data2/chenyi9/KV-PIM/attacc-fugue/output/KVChime-multi-model-TP4-20260907/kvchime/Fugue-asplos-raw/profiles/shared-6f49dd3c1d532c05c1d0,6.424226000000001,8041,8217,shared_single_query
scan-N8042-H8-Q1,16428,12.633132,6,16096,16096,164823040,727104307.2000002,4288,8,a6226eba08e2dde1bfbfcc9cd267a658a14fdcc8bc53a409375c4b4e892c79de,/data2/chenyi9/KV-PIM/attacc-fugue/output/KVChime-multi-model-TP4-20260907/kvchime/Fugue-asplos-raw/profiles/scan-N8042-H8-Q1,,,,
shared-e9e0c0586afd37c822e0,17712,13.620528,6,16640,16640,170393600,753278976.0,8000,8,ec1826daab49385a5b03b72d4ac9d17106efcc559240d78b4c4acf4604a3d15c,/data2/chenyi9/KV-PIM/attacc-fugue/output/KVChime-multi-model-TP4-20260907/kvchime/Fugue-asplos-raw/profiles/shared-e9e0c0586afd37c822e0,6.424226000000001,8042,8218,shared_single_query
scan-N8043-H8-Q1,16428,12.633132,6,16096,16096,164823040,727104307.2000002,4288,8,a6226eba08e2dde1bfbfcc9cd267a658a14fdcc8bc53a409375c4b4e892c79de,/data2/chenyi9/KV-PIM/attacc-fugue/output/KVChime-multi-model-TP4-20260907/kvchime/Fugue-asplos-raw/profiles/scan-N8043-H8-Q1,,,,
shared-691915bc149d261b0465,17712,13.620528,6,16640,16640,170393600,753278976.0,8000,8,ec1826daab49385a5b03b72d4ac9d17106efcc559240d78b4c4acf4604a3d15c,/data2/chenyi9/KV-PIM/attacc-fugue/output/KVChime-multi-model-TP4-20260907/kvchime/Fugue-asplos-raw/profiles/shared-691915bc149d261b0465,6.424226000000001,8043,8219,shared_single_query
scan-N8044-H8-Q1,16428,12.633132,6,16096,16096,164823040,727104307.2000002,4288,8,a6226eba08e2dde1bfbfcc9cd267a658a14fdcc8bc53a409375c4b4e892c79de,/data2/chenyi9/KV-PIM/attacc-fugue/output/KVChime-multi-model-TP4-20260907/kvchime/Fugue-asplos-raw/profiles/scan-N8044-H8-Q1,,,,
shared-e288a9a67beca051ff08,17712,13.620528,6,16640,16640,170393600,753278976.0,8000,8,ec1826daab49385a5b03b72d4ac9d17106efcc559240d78b4c4acf4604a3d15c,/data2/chenyi9/KV-PIM/attacc-fugue/output/KVChime-multi-model-TP4-20260907/kvchime/Fugue-asplos-raw/profiles/shared-e288a9a67beca051ff08,6.424226000000001,8044,8220,shared_single_query
scan-N8045-H8-Q1,16428,12.633132,6,16096,16096,164823040,727104307.2000002,4288,8,a6226eba08e2dde1bfbfcc9cd267a658a14fdcc8bc53a409375c4b4e892c79de,/data2/chenyi9/KV-PIM/attacc-fugue/output/KVChime-multi-model-TP4-20260907/kvchime/Fugue-asplos-raw/profiles/scan-N8045-H8-Q1,,,,
shared-dc300a3664be6653267c,17712,13.620528,6,16640,16640,170393600,753278976.0,8000,8,ec1826daab49385a5b03b72d4ac9d17106efcc559240d78b4c4acf4604a3d15c,/data2/chenyi9/KV-PIM/attacc-fugue/output/KVChime-multi-model-TP4-20260907/kvchime/Fugue-asplos-raw/profiles/shared-dc300a3664be6653267c,6.424226000000001,8045,8221,shared_single_query
scan-N8046-H8-Q1,16428,12.633132,6,16096,16096,164823040,727104307.2000002,4288,8,a6226eba08e2dde1bfbfcc9cd267a658a14fdcc8bc53a409375c4b4e892c79de,/data2/chenyi9/KV-PIM/attacc-fugue/output/KVChime-multi-model-TP4-20260907/kvchime/Fugue-asplos-raw/profiles/scan-N8046-H8-Q1,,,,
shared-5b200503d26a3e20a06c,17712,13.620528,6,16640,16640,170393600,753278976.0,8000,8,ec1826daab49385a5b03b72d4ac9d17106efcc559240d78b4c4acf4604a3d15c,/data2/chenyi9/KV-PIM/attacc-fugue/output/KVChime-multi-model-TP4-20260907/kvchime/Fugue-asplos-raw/profiles/shared-5b200503d26a3e20a06c,6.424226000000001,8046,8222,shared_single_query
scan-N8047-H8-Q1,16428,12.633132,6,16096,16096,164823040,727104307.2000002,4288,8,a6226eba08e2dde1bfbfcc9cd267a658a14fdcc8bc53a409375c4b4e892c79de,/data2/chenyi9/KV-PIM/attacc-fugue/output/KVChime-multi-model-TP4-20260907/kvchime/Fugue-asplos-raw/profiles/scan-N8047-H8-Q1,,,,
shared-7ba78dee316dacb49d3f,17712,13.620528,6,16640,16640,170393600,753278976.0,8000,8,ec1826daab49385a5b03b72d4ac9d17106efcc559240d78b4c4acf4604a3d15c,/data2/chenyi9/KV-PIM/attacc-fugue/output/KVChime-multi-model-TP4-20260907/kvchime/Fugue-asplos-raw/profiles/shared-7ba78dee316dacb49d3f,6.424226000000001,8047,8223,shared_single_query
scan-N8048-H8-Q1,16428,12.633132,6,16096,16096,164823040,727104307.2000002,4288,8,a6226eba08e2dde1bfbfcc9cd267a658a14fdcc8bc53a409375c4b4e892c79de,/data2/chenyi9/KV-PIM/attacc-fugue/output/KVChime-multi-model-TP4-20260907/kvchime/Fugue-asplos-raw/profiles/scan-N8048-H8-Q1,,,,
shared-f438fc71da887d108ce6,17712,13.620528,6,16640,16640,170393600,753278976.0,8000,8,ec1826daab49385a5b03b72d4ac9d17106efcc559240d78b4c4acf4604a3d15c,/data2/chenyi9/KV-PIM/attacc-fugue/output/KVChime-multi-model-TP4-20260907/kvchime/Fugue-asplos-raw/profiles/shared-f438fc71da887d108ce6,6.424226000000001,8048,8224,shared_single_query
shared-266de6f1c871d9557003,66693,51.286917,8,33056,264448,338493440,1543582515.2,122368,64,ea9d5c3835bbde7eec1df239134563cb487298ddfa1238cbd9b925bf0d68e47e,/data2/chenyi9/KV-PIM/attacc-fugue/output/KVChime-multi-model-TP4-20260907/kvchime/Fugue-asplos-raw/profiles/shared-266de6f1c871d9557003,23.759024,128360,16381,shared_MQ
shared-e568ad82ef7e398ef8c7,42476,32.664044000000004,7,33056,66112,338493440,1502923980.8000002,30592,16,98021f8f5ab92027419faea9c9dad3c0a7c83455a9a8118c74306e652bc15221,/data2/chenyi9/KV-PIM/attacc-fugue/output/KVChime-multi-model-TP4-20260907/kvchime/Fugue-asplos-raw/profiles/shared-e568ad82ef7e398ef8c7,15.243887,32090,16381,shared_MQ
scan-N16046-H8-Q1,32838,25.252422000000003,6,32096,32096,328663040,1449739878.4000003,8256,8,5f8383c7f2c887061717380c59a52298eb5c7f30217635132ea236ddcdd9bc9b,/data2/chenyi9/KV-PIM/attacc-fugue/output/KVChime-multi-model-TP4-20260907/kvchime/Fugue-asplos-raw/profiles/scan-N16046-H8-Q1,,,,
shared-01ca4e24ca7190989c16,35153,27.032657,6,33056,33056,338493440,1496147558.4000003,15296,8,729deaf0871eec92f43426e4309863a0cd41110e1a52bc5ceede50684a4a76d8,/data2/chenyi9/KV-PIM/attacc-fugue/output/KVChime-multi-model-TP4-20260907/kvchime/Fugue-asplos-raw/profiles/shared-01ca4e24ca7190989c16,13.092994000000001,16046,16382,shared_single_query
scan-N16047-H8-Q1,32838,25.252422000000003,6,32096,32096,328663040,1449739878.4000003,8256,8,5f8383c7f2c887061717380c59a52298eb5c7f30217635132ea236ddcdd9bc9b,/data2/chenyi9/KV-PIM/attacc-fugue/output/KVChime-multi-model-TP4-20260907/kvchime/Fugue-asplos-raw/profiles/scan-N16047-H8-Q1,,,,
shared-1f4ca1b5126eedbe7448,35153,27.032657,6,33056,33056,338493440,1496147558.4000003,15296,8,729deaf0871eec92f43426e4309863a0cd41110e1a52bc5ceede50684a4a76d8,/data2/chenyi9/KV-PIM/attacc-fugue/output/KVChime-multi-model-TP4-20260907/kvchime/Fugue-asplos-raw/profiles/shared-1f4ca1b5126eedbe7448,13.092994000000001,16047,16383,shared_single_query
scan-N16048-H8-Q1,32838,25.252422000000003,6,32096,32096,328663040,1449739878.4000003,8256,8,5f8383c7f2c887061717380c59a52298eb5c7f30217635132ea236ddcdd9bc9b,/data2/chenyi9/KV-PIM/attacc-fugue/output/KVChime-multi-model-TP4-20260907/kvchime/Fugue-asplos-raw/profiles/scan-N16048-H8-Q1,,,,
shared-f3ba12e5cb03f06a457d,35153,27.032657,6,33056,33056,338493440,1496147558.4000003,15296,8,729deaf0871eec92f43426e4309863a0cd41110e1a52bc5ceede50684a4a76d8,/data2/chenyi9/KV-PIM/attacc-fugue/output/KVChime-multi-model-TP4-20260907/kvchime/Fugue-asplos-raw/profiles/shared-f3ba12e5cb03f06a457d,13.092994000000001,16048,16384,shared_single_query
scan-N16049-H8-Q1,32862,25.270878,6,32128,32128,328990720,1451181670.4,8256,8,924ce99e15c8ff54b3ab5e244945773d18514abf7a09d7cb96a915041b74888f,/data2/chenyi9/KV-PIM/attacc-fugue/output/KVChime-multi-model-TP4-20260907/kvchime/Fugue-asplos-raw/profiles/scan-N16049-H8-Q1,,,,
shared-5e865ba2c4aeb3a1a92a,35153,27.032657,6,33056,33056,338493440,1496147558.4000003,15296,8,729deaf0871eec92f43426e4309863a0cd41110e1a52bc5ceede50684a4a76d8,/data2/chenyi9/KV-PIM/attacc-fugue/output/KVChime-multi-model-TP4-20260907/kvchime/Fugue-asplos-raw/profiles/shared-5e865ba2c4aeb3a1a92a,13.092994000000001,16049,16385,shared_single_query
scan-N16050-H8-Q1,32862,25.270878,6,32128,32128,328990720,1451181670.4,8256,8,924ce99e15c8ff54b3ab5e244945773d18514abf7a09d7cb96a915041b74888f,/data2/chenyi9/KV-PIM/attacc-fugue/output/KVChime-multi-model-TP4-20260907/kvchime/Fugue-asplos-raw/profiles/scan-N16050-H8-Q1,,,,
shared-686bdbbb544a45c2f6a3,35153,27.032657,6,33056,33056,338493440,1496147558.4000003,15296,8,729deaf0871eec92f43426e4309863a0cd41110e1a52bc5ceede50684a4a76d8,/data2/chenyi9/KV-PIM/attacc-fugue/output/KVChime-multi-model-TP4-20260907/kvchime/Fugue-asplos-raw/profiles/shared-686bdbbb544a45c2f6a3,13.092994000000001,16050,16386,shared_single_query
scan-N16051-H8-Q1,32862,25.270878,6,32128,32128,328990720,1451181670.4,8256,8,924ce99e15c8ff54b3ab5e244945773d18514abf7a09d7cb96a915041b74888f,/data2/chenyi9/KV-PIM/attacc-fugue/output/KVChime-multi-model-TP4-20260907/kvchime/Fugue-asplos-raw/profiles/scan-N16051-H8-Q1,,,,
shared-71000ff077070245ec9a,35153,27.032657,6,33056,33056,338493440,1496147558.4000003,15296,8,729deaf0871eec92f43426e4309863a0cd41110e1a52bc5ceede50684a4a76d8,/data2/chenyi9/KV-PIM/attacc-fugue/output/KVChime-multi-model-TP4-20260907/kvchime/Fugue-asplos-raw/profiles/shared-71000ff077070245ec9a,13.092994000000001,16051,16387,shared_single_query
scan-N16052-H8-Q1,32862,25.270878,6,32128,32128,328990720,1451181670.4,8256,8,924ce99e15c8ff54b3ab5e244945773d18514abf7a09d7cb96a915041b74888f,/data2/chenyi9/KV-PIM/attacc-fugue/output/KVChime-multi-model-TP4-20260907/kvchime/Fugue-asplos-raw/profiles/scan-N16052-H8-Q1,,,,
shared-83540fc0fa02e6fba082,35177,27.051113,6,33088,33088,338821120,1497589350.4,15296,8,7b6a152ef9c874c308d4956e176f9b73d7fdca06610286ae2d2db378bb2bb788,/data2/chenyi9/KV-PIM/attacc-fugue/output/KVChime-multi-model-TP4-20260907/kvchime/Fugue-asplos-raw/profiles/shared-83540fc0fa02e6fba082,13.092994000000001,16052,16388,shared_single_query
scan-N16053-H8-Q1,32862,25.270878,6,32128,32128,328990720,1451181670.4,8256,8,924ce99e15c8ff54b3ab5e244945773d18514abf7a09d7cb96a915041b74888f,/data2/chenyi9/KV-PIM/attacc-fugue/output/KVChime-multi-model-TP4-20260907/kvchime/Fugue-asplos-raw/profiles/scan-N16053-H8-Q1,,,,
shared-f7dda77dd27f79865589,35177,27.051113,6,33088,33088,338821120,1497589350.4,15296,8,7b6a152ef9c874c308d4956e176f9b73d7fdca06610286ae2d2db378bb2bb788,/data2/chenyi9/KV-PIM/attacc-fugue/output/KVChime-multi-model-TP4-20260907/kvchime/Fugue-asplos-raw/profiles/shared-f7dda77dd27f79865589,13.092994000000001,16053,16389,shared_single_query
scan-N16054-H8-Q1,32862,25.270878,6,32128,32128,328990720,1451181670.4,8256,8,924ce99e15c8ff54b3ab5e244945773d18514abf7a09d7cb96a915041b74888f,/data2/chenyi9/KV-PIM/attacc-fugue/output/KVChime-multi-model-TP4-20260907/kvchime/Fugue-asplos-raw/profiles/scan-N16054-H8-Q1,,,,
shared-a29ecfcf9edeacea745e,35177,27.051113,6,33088,33088,338821120,1497589350.4,15296,8,7b6a152ef9c874c308d4956e176f9b73d7fdca06610286ae2d2db378bb2bb788,/data2/chenyi9/KV-PIM/attacc-fugue/output/KVChime-multi-model-TP4-20260907/kvchime/Fugue-asplos-raw/profiles/shared-a29ecfcf9edeacea745e,13.092994000000001,16054,16390,shared_single_query
scan-N16055-H8-Q1,32862,25.270878,6,32128,32128,328990720,1451181670.4,8256,8,924ce99e15c8ff54b3ab5e244945773d18514abf7a09d7cb96a915041b74888f,/data2/chenyi9/KV-PIM/attacc-fugue/output/KVChime-multi-model-TP4-20260907/kvchime/Fugue-asplos-raw/profiles/scan-N16055-H8-Q1,,,,
shared-570456fc7f802991c180,35177,27.051113,6,33088,33088,338821120,1497589350.4,15296,8,7b6a152ef9c874c308d4956e176f9b73d7fdca06610286ae2d2db378bb2bb788,/data2/chenyi9/KV-PIM/attacc-fugue/output/KVChime-multi-model-TP4-20260907/kvchime/Fugue-asplos-raw/profiles/shared-570456fc7f802991c180,13.092994000000001,16055,16391,shared_single_query
scan-N16056-H8-Q1,32862,25.270878,6,32128,32128,328990720,1451181670.4,8256,8,924ce99e15c8ff54b3ab5e244945773d18514abf7a09d7cb96a915041b74888f,/data2/chenyi9/KV-PIM/attacc-fugue/output/KVChime-multi-model-TP4-20260907/kvchime/Fugue-asplos-raw/profiles/scan-N16056-H8-Q1,,,,
shared-f1bcb35dd16b16379217,35177,27.051113,6,33088,33088,338821120,1497589350.4,15296,8,7b6a152ef9c874c308d4956e176f9b73d7fdca06610286ae2d2db378bb2bb788,/data2/chenyi9/KV-PIM/attacc-fugue/output/KVChime-multi-model-TP4-20260907/kvchime/Fugue-asplos-raw/profiles/shared-f1bcb35dd16b16379217,13.092994000000001,16056,16392,shared_single_query
scan-N16057-H8-Q1,32862,25.270878,6,32128,32128,328990720,1451181670.4,8256,8,924ce99e15c8ff54b3ab5e244945773d18514abf7a09d7cb96a915041b74888f,/data2/chenyi9/KV-PIM/attacc-fugue/output/KVChime-multi-model-TP4-20260907/kvchime/Fugue-asplos-raw/profiles/scan-N16057-H8-Q1,,,,
shared-c1faee7d47a9d267229e,35177,27.051113,6,33088,33088,338821120,1497589350.4,15296,8,7b6a152ef9c874c308d4956e176f9b73d7fdca06610286ae2d2db378bb2bb788,/data2/chenyi9/KV-PIM/attacc-fugue/output/KVChime-multi-model-TP4-20260907/kvchime/Fugue-asplos-raw/profiles/shared-c1faee7d47a9d267229e,13.092994000000001,16057,16393,shared_single_query
scan-N16058-H8-Q1,32862,25.270878,6,32128,32128,328990720,1451181670.4,8256,8,924ce99e15c8ff54b3ab5e244945773d18514abf7a09d7cb96a915041b74888f,/data2/chenyi9/KV-PIM/attacc-fugue/output/KVChime-multi-model-TP4-20260907/kvchime/Fugue-asplos-raw/profiles/scan-N16058-H8-Q1,,,,
shared-518490712101650697c4,35177,27.051113,6,33088,33088,338821120,1497589350.4,15296,8,7b6a152ef9c874c308d4956e176f9b73d7fdca06610286ae2d2db378bb2bb788,/data2/chenyi9/KV-PIM/attacc-fugue/output/KVChime-multi-model-TP4-20260907/kvchime/Fugue-asplos-raw/profiles/shared-518490712101650697c4,13.092994000000001,16058,16394,shared_single_query
scan-N16059-H8-Q1,32862,25.270878,6,32128,32128,328990720,1451181670.4,8256,8,924ce99e15c8ff54b3ab5e244945773d18514abf7a09d7cb96a915041b74888f,/data2/chenyi9/KV-PIM/attacc-fugue/output/KVChime-multi-model-TP4-20260907/kvchime/Fugue-asplos-raw/profiles/scan-N16059-H8-Q1,,,,
shared-eafc9547b01c598ae9c7,35177,27.051113,6,33088,33088,338821120,1497589350.4,15296,8,7b6a152ef9c874c308d4956e176f9b73d7fdca06610286ae2d2db378bb2bb788,/data2/chenyi9/KV-PIM/attacc-fugue/output/KVChime-multi-model-TP4-20260907/kvchime/Fugue-asplos-raw/profiles/shared-eafc9547b01c598ae9c7,13.092994000000001,16059,16395,shared_single_query
scan-N16060-H8-Q1,32862,25.270878,6,32128,32128,328990720,1451181670.4,8256,8,924ce99e15c8ff54b3ab5e244945773d18514abf7a09d7cb96a915041b74888f,/data2/chenyi9/KV-PIM/attacc-fugue/output/KVChime-multi-model-TP4-20260907/kvchime/Fugue-asplos-raw/profiles/scan-N16060-H8-Q1,,,,
shared-2cceb98eff203a0fd48d,35177,27.051113,6,33088,33088,338821120,1497589350.4,15296,8,7b6a152ef9c874c308d4956e176f9b73d7fdca06610286ae2d2db378bb2bb788,/data2/chenyi9/KV-PIM/attacc-fugue/output/KVChime-multi-model-TP4-20260907/kvchime/Fugue-asplos-raw/profiles/shared-2cceb98eff203a0fd48d,13.092994000000001,16060,16396,shared_single_query
shared-d9e8bbc1e2ce0726bce0,34055,26.188295000000004,8,16608,132864,170065920,776667136.0000001,64000,64,0114dd8655567aa18b95fab4875d15c66d95b7962adb7a4b9b7b07e3b3b5de68,/data2/chenyi9/KV-PIM/attacc-fugue/output/KVChime-multi-model-TP4-20260907/kvchime/Fugue-asplos-raw/profiles/shared-d9e8bbc1e2ce0726bce0,12.647743,64280,8211,shared_MQ
shared-25b82ab6a41976789c95,24534,18.866646,7,16608,66432,170065920,762478592.0000002,32000,32,d1b32f7920884392cb7691574b79d841e257047b536adaf9dc2a094a47337838,/data2/chenyi9/KV-PIM/attacc-fugue/output/KVChime-multi-model-TP4-20260907/kvchime/Fugue-asplos-raw/profiles/shared-25b82ab6a41976789c95,8.930397000000001,32140,8211,shared_MQ
scan-N8049-H8-Q1,16452,12.651588,6,16128,16128,165150720,728546099.2000002,4288,8,6b706f7f328041e60b0c64cd0467a26199566f8e3685fe88426cccaba6370bca,/data2/chenyi9/KV-PIM/attacc-fugue/output/KVChime-multi-model-TP4-20260907/kvchime/Fugue-asplos-raw/profiles/scan-N8049-H8-Q1,,,,
shared-0a996f49e58bb66e0546,17712,13.620528,6,16640,16640,170393600,753278976.0,8000,8,ec1826daab49385a5b03b72d4ac9d17106efcc559240d78b4c4acf4604a3d15c,/data2/chenyi9/KV-PIM/attacc-fugue/output/KVChime-multi-model-TP4-20260907/kvchime/Fugue-asplos-raw/profiles/shared-0a996f49e58bb66e0546,6.424226000000001,8049,8225,shared_single_query
scan-N8050-H8-Q1,16452,12.651588,6,16128,16128,165150720,728546099.2000002,4288,8,6b706f7f328041e60b0c64cd0467a26199566f8e3685fe88426cccaba6370bca,/data2/chenyi9/KV-PIM/attacc-fugue/output/KVChime-multi-model-TP4-20260907/kvchime/Fugue-asplos-raw/profiles/scan-N8050-H8-Q1,,,,
shared-8f585eb00a2398906b2b,17712,13.620528,6,16640,16640,170393600,753278976.0,8000,8,ec1826daab49385a5b03b72d4ac9d17106efcc559240d78b4c4acf4604a3d15c,/data2/chenyi9/KV-PIM/attacc-fugue/output/KVChime-multi-model-TP4-20260907/kvchime/Fugue-asplos-raw/profiles/shared-8f585eb00a2398906b2b,6.424226000000001,8050,8226,shared_single_query
shared-35dd4a406eeee0012a47,34055,26.188295000000004,8,16608,132864,170065920,776667136.0000001,64000,64,0114dd8655567aa18b95fab4875d15c66d95b7962adb7a4b9b7b07e3b3b5de68,/data2/chenyi9/KV-PIM/attacc-fugue/output/KVChime-multi-model-TP4-20260907/kvchime/Fugue-asplos-raw/profiles/shared-35dd4a406eeee0012a47,12.647743,64280,8399,shared_MQ
shared-55c9e009ff4d7eb64cb1,24534,18.866646,7,16608,66432,170065920,762478592.0000002,32000,32,d1b32f7920884392cb7691574b79d841e257047b536adaf9dc2a094a47337838,/data2/chenyi9/KV-PIM/attacc-fugue/output/KVChime-multi-model-TP4-20260907/kvchime/Fugue-asplos-raw/profiles/shared-55c9e009ff4d7eb64cb1,8.930397000000001,32140,8399,shared_MQ
shared-10b4844eb93e8a7a92c4,34055,26.188295000000004,8,16608,132864,170065920,776667136.0000001,64000,64,5e2c12bd84ef4e084775f68e411a4db1eb308787f3ab61383f407eece88f6a75,/data2/chenyi9/KV-PIM/attacc-fugue/output/KVChime-multi-model-TP4-20260907/kvchime/Fugue-asplos-raw/profiles/shared-10b4844eb93e8a7a92c4,12.647743,64280,8399,shared_MQ
shared-c7b6b4b5b0fac928240a,24534,18.866646,7,16608,66432,170065920,762478592.0000002,32000,32,17897cd821c6c003c69859afec21717d12bf08f4bf7c6ab1e42206affaab1041,/data2/chenyi9/KV-PIM/attacc-fugue/output/KVChime-multi-model-TP4-20260907/kvchime/Fugue-asplos-raw/profiles/shared-c7b6b4b5b0fac928240a,8.930397000000001,32140,8399,shared_MQ
scan-N8036-H16-Q1,16428,12.633132,6,32192,32192,329646080,1454208614.4000003,8576,16,678e9e35081345f67182f4b6378f89eae2b41d4c1fae349a9ea2f0ae5f7e743d,/data2/chenyi9/KV-PIM/attacc-fugue/output/KVChime-multi-model-TP4-20260907/kvchime/Fugue-asplos-raw/profiles/scan-N8036-H16-Q1,,,,
shared-34850bc49ae5e3ea277b,35399,27.221831,6,33216,33216,340131840,1503674368.0,16000,16,2b83d9dd3b3b7580f074451754ebeca581ad9dd267d83719227cbc8d955e564e,/data2/chenyi9/KV-PIM/attacc-fugue/output/KVChime-multi-model-TP4-20260907/kvchime/Fugue-asplos-raw/profiles/shared-34850bc49ae5e3ea277b,6.424226000000001,16072,8401,shared_single_query
shared-3c59cc2ce7f73fdb37f2,21734,16.713446,7,16992,33216,173998080,772685824.0,16000,16,e7ff14b18e3cab02783a902b514e3aeac50d6823d6d681d0231442688682e7c7,/data2/chenyi9/KV-PIM/attacc-fugue/output/KVChime-multi-model-TP4-20260907/kvchime/Fugue-asplos-raw/profiles/shared-3c59cc2ce7f73fdb37f2,7.5208200000000005,16072,8401,shared_MQ
scan-N8037-H16-Q1,16428,12.633132,6,32192,32192,329646080,1454208614.4000003,8576,16,678e9e35081345f67182f4b6378f89eae2b41d4c1fae349a9ea2f0ae5f7e743d,/data2/chenyi9/KV-PIM/attacc-fugue/output/KVChime-multi-model-TP4-20260907/kvchime/Fugue-asplos-raw/profiles/scan-N8037-H16-Q1,,,,
shared-efd7b76ee38e0614351e,35399,27.221831,6,33216,33216,340131840,1503674368.0,16000,16,2b83d9dd3b3b7580f074451754ebeca581ad9dd267d83719227cbc8d955e564e,/data2/chenyi9/KV-PIM/attacc-fugue/output/KVChime-multi-model-TP4-20260907/kvchime/Fugue-asplos-raw/profiles/shared-efd7b76ee38e0614351e,6.424226000000001,16074,8403,shared_single_query
shared-643080f92c7df1367291,21734,16.713446,7,16992,33216,173998080,772685824.0,16000,16,e7ff14b18e3cab02783a902b514e3aeac50d6823d6d681d0231442688682e7c7,/data2/chenyi9/KV-PIM/attacc-fugue/output/KVChime-multi-model-TP4-20260907/kvchime/Fugue-asplos-raw/profiles/shared-643080f92c7df1367291,7.5208200000000005,16074,8403,shared_MQ
scan-N8038-H16-Q1,16428,12.633132,6,32192,32192,329646080,1454208614.4000003,8576,16,678e9e35081345f67182f4b6378f89eae2b41d4c1fae349a9ea2f0ae5f7e743d,/data2/chenyi9/KV-PIM/attacc-fugue/output/KVChime-multi-model-TP4-20260907/kvchime/Fugue-asplos-raw/profiles/scan-N8038-H16-Q1,,,,
shared-1d072a0759bc1b184362,35399,27.221831,6,33216,33216,340131840,1503674368.0,16000,16,2b83d9dd3b3b7580f074451754ebeca581ad9dd267d83719227cbc8d955e564e,/data2/chenyi9/KV-PIM/attacc-fugue/output/KVChime-multi-model-TP4-20260907/kvchime/Fugue-asplos-raw/profiles/shared-1d072a0759bc1b184362,6.424226000000001,16076,8405,shared_single_query
shared-c2bea1b38b4f5ad2854a,21734,16.713446,7,16992,33216,173998080,772685824.0,16000,16,e7ff14b18e3cab02783a902b514e3aeac50d6823d6d681d0231442688682e7c7,/data2/chenyi9/KV-PIM/attacc-fugue/output/KVChime-multi-model-TP4-20260907/kvchime/Fugue-asplos-raw/profiles/shared-c2bea1b38b4f5ad2854a,7.5208200000000005,16076,8405,shared_MQ
scan-N8039-H16-Q1,16428,12.633132,6,32192,32192,329646080,1454208614.4000003,8576,16,678e9e35081345f67182f4b6378f89eae2b41d4c1fae349a9ea2f0ae5f7e743d,/data2/chenyi9/KV-PIM/attacc-fugue/output/KVChime-multi-model-TP4-20260907/kvchime/Fugue-asplos-raw/profiles/scan-N8039-H16-Q1,,,,
shared-65362d9c826f226e754f,35399,27.221831,6,33216,33216,340131840,1503674368.0,16000,16,2b83d9dd3b3b7580f074451754ebeca581ad9dd267d83719227cbc8d955e564e,/data2/chenyi9/KV-PIM/attacc-fugue/output/KVChime-multi-model-TP4-20260907/kvchime/Fugue-asplos-raw/profiles/shared-65362d9c826f226e754f,6.424226000000001,16078,8407,shared_single_query
shared-ed0a5a6960adb2db22eb,21734,16.713446,7,16992,33216,173998080,772685824.0,16000,16,e7ff14b18e3cab02783a902b514e3aeac50d6823d6d681d0231442688682e7c7,/data2/chenyi9/KV-PIM/attacc-fugue/output/KVChime-multi-model-TP4-20260907/kvchime/Fugue-asplos-raw/profiles/shared-ed0a5a6960adb2db22eb,7.5208200000000005,16078,8407,shared_MQ
scan-N8040-H16-Q1,16428,12.633132,6,32192,32192,329646080,1454208614.4000003,8576,16,678e9e35081345f67182f4b6378f89eae2b41d4c1fae349a9ea2f0ae5f7e743d,/data2/chenyi9/KV-PIM/attacc-fugue/output/KVChime-multi-model-TP4-20260907/kvchime/Fugue-asplos-raw/profiles/scan-N8040-H16-Q1,,,,
shared-2f7adc0c55126b73178a,35447,27.258743000000003,6,33280,33280,340787200,1506557952.0,16000,16,fac422a507cae4e0039330f652aecc9d661446c205efb8d3f510719acc1fcff0,/data2/chenyi9/KV-PIM/attacc-fugue/output/KVChime-multi-model-TP4-20260907/kvchime/Fugue-asplos-raw/profiles/shared-2f7adc0c55126b73178a,6.424226000000001,16080,8409,shared_single_query
shared-d74ace9969e5bb30a094,21790,16.756510000000002,7,17056,33280,174653440,775569408.0000001,16000,16,70ac119919ba0d3542582dadb0f883838e0bc66b4dbe39c18c642f3e8fe17fb0,/data2/chenyi9/KV-PIM/attacc-fugue/output/KVChime-multi-model-TP4-20260907/kvchime/Fugue-asplos-raw/profiles/shared-d74ace9969e5bb30a094,7.5208200000000005,16080,8409,shared_MQ
scan-N8041-H16-Q1,16428,12.633132,6,32192,32192,329646080,1454208614.4000003,8576,16,678e9e35081345f67182f4b6378f89eae2b41d4c1fae349a9ea2f0ae5f7e743d,/data2/chenyi9/KV-PIM/attacc-fugue/output/KVChime-multi-model-TP4-20260907/kvchime/Fugue-asplos-raw/profiles/scan-N8041-H16-Q1,,,,
shared-13d479c54be0b5a07d38,35447,27.258743000000003,6,33280,33280,340787200,1506557952.0,16000,16,fac422a507cae4e0039330f652aecc9d661446c205efb8d3f510719acc1fcff0,/data2/chenyi9/KV-PIM/attacc-fugue/output/KVChime-multi-model-TP4-20260907/kvchime/Fugue-asplos-raw/profiles/shared-13d479c54be0b5a07d38,6.424226000000001,16082,8411,shared_single_query
shared-877f0f5da1a46e720417,21790,16.756510000000002,7,17056,33280,174653440,775569408.0000001,16000,16,70ac119919ba0d3542582dadb0f883838e0bc66b4dbe39c18c642f3e8fe17fb0,/data2/chenyi9/KV-PIM/attacc-fugue/output/KVChime-multi-model-TP4-20260907/kvchime/Fugue-asplos-raw/profiles/shared-877f0f5da1a46e720417,7.5208200000000005,16082,8411,shared_MQ
scan-N8042-H16-Q1,16428,12.633132,6,32192,32192,329646080,1454208614.4000003,8576,16,678e9e35081345f67182f4b6378f89eae2b41d4c1fae349a9ea2f0ae5f7e743d,/data2/chenyi9/KV-PIM/attacc-fugue/output/KVChime-multi-model-TP4-20260907/kvchime/Fugue-asplos-raw/profiles/scan-N8042-H16-Q1,,,,
shared-f4f045ea656967de4dfa,35447,27.258743000000003,6,33280,33280,340787200,1506557952.0,16000,16,fac422a507cae4e0039330f652aecc9d661446c205efb8d3f510719acc1fcff0,/data2/chenyi9/KV-PIM/attacc-fugue/output/KVChime-multi-model-TP4-20260907/kvchime/Fugue-asplos-raw/profiles/shared-f4f045ea656967de4dfa,6.424226000000001,16084,8413,shared_single_query
shared-a484a261370f2d497541,21790,16.756510000000002,7,17056,33280,174653440,775569408.0000001,16000,16,70ac119919ba0d3542582dadb0f883838e0bc66b4dbe39c18c642f3e8fe17fb0,/data2/chenyi9/KV-PIM/attacc-fugue/output/KVChime-multi-model-TP4-20260907/kvchime/Fugue-asplos-raw/profiles/shared-a484a261370f2d497541,7.5208200000000005,16084,8413,shared_MQ
scan-N8043-H16-Q1,16428,12.633132,6,32192,32192,329646080,1454208614.4000003,8576,16,678e9e35081345f67182f4b6378f89eae2b41d4c1fae349a9ea2f0ae5f7e743d,/data2/chenyi9/KV-PIM/attacc-fugue/output/KVChime-multi-model-TP4-20260907/kvchime/Fugue-asplos-raw/profiles/scan-N8043-H16-Q1,,,,
shared-5dcd327c186d8f20fa79,35447,27.258743000000003,6,33280,33280,340787200,1506557952.0,16000,16,fac422a507cae4e0039330f652aecc9d661446c205efb8d3f510719acc1fcff0,/data2/chenyi9/KV-PIM/attacc-fugue/output/KVChime-multi-model-TP4-20260907/kvchime/Fugue-asplos-raw/profiles/shared-5dcd327c186d8f20fa79,6.424226000000001,16086,8415,shared_single_query
shared-55c445eb67518ac6781d,21790,16.756510000000002,7,17056,33280,174653440,775569408.0000001,16000,16,70ac119919ba0d3542582dadb0f883838e0bc66b4dbe39c18c642f3e8fe17fb0,/data2/chenyi9/KV-PIM/attacc-fugue/output/KVChime-multi-model-TP4-20260907/kvchime/Fugue-asplos-raw/profiles/shared-55c445eb67518ac6781d,7.5208200000000005,16086,8415,shared_MQ
scan-N8044-H16-Q1,16428,12.633132,6,32192,32192,329646080,1454208614.4000003,8576,16,678e9e35081345f67182f4b6378f89eae2b41d4c1fae349a9ea2f0ae5f7e743d,/data2/chenyi9/KV-PIM/attacc-fugue/output/KVChime-multi-model-TP4-20260907/kvchime/Fugue-asplos-raw/profiles/scan-N8044-H16-Q1,,,,
shared-f9744a568f1f45e86af0,35447,27.258743000000003,6,33280,33280,340787200,1506557952.0,16000,16,fac422a507cae4e0039330f652aecc9d661446c205efb8d3f510719acc1fcff0,/data2/chenyi9/KV-PIM/attacc-fugue/output/KVChime-multi-model-TP4-20260907/kvchime/Fugue-asplos-raw/profiles/shared-f9744a568f1f45e86af0,6.424226000000001,16088,8417,shared_single_query
shared-3857058ab847e373bd51,21790,16.756510000000002,7,17056,33280,174653440,775569408.0000001,16000,16,70ac119919ba0d3542582dadb0f883838e0bc66b4dbe39c18c642f3e8fe17fb0,/data2/chenyi9/KV-PIM/attacc-fugue/output/KVChime-multi-model-TP4-20260907/kvchime/Fugue-asplos-raw/profiles/shared-3857058ab847e373bd51,7.5208200000000005,16088,8417,shared_MQ
scan-N8045-H16-Q1,16428,12.633132,6,32192,32192,329646080,1454208614.4000003,8576,16,678e9e35081345f67182f4b6378f89eae2b41d4c1fae349a9ea2f0ae5f7e743d,/data2/chenyi9/KV-PIM/attacc-fugue/output/KVChime-multi-model-TP4-20260907/kvchime/Fugue-asplos-raw/profiles/scan-N8045-H16-Q1,,,,
shared-a1b0f46abb26e9d39cb5,35447,27.258743000000003,6,33280,33280,340787200,1506557952.0,16000,16,fac422a507cae4e0039330f652aecc9d661446c205efb8d3f510719acc1fcff0,/data2/chenyi9/KV-PIM/attacc-fugue/output/KVChime-multi-model-TP4-20260907/kvchime/Fugue-asplos-raw/profiles/shared-a1b0f46abb26e9d39cb5,6.424226000000001,16090,8419,shared_single_query
shared-09c58f75f90e9af98e03,21790,16.756510000000002,7,17056,33280,174653440,775569408.0000001,16000,16,70ac119919ba0d3542582dadb0f883838e0bc66b4dbe39c18c642f3e8fe17fb0,/data2/chenyi9/KV-PIM/attacc-fugue/output/KVChime-multi-model-TP4-20260907/kvchime/Fugue-asplos-raw/profiles/shared-09c58f75f90e9af98e03,7.5208200000000005,16090,8419,shared_MQ
scan-N8046-H16-Q1,16428,12.633132,6,32192,32192,329646080,1454208614.4000003,8576,16,678e9e35081345f67182f4b6378f89eae2b41d4c1fae349a9ea2f0ae5f7e743d,/data2/chenyi9/KV-PIM/attacc-fugue/output/KVChime-multi-model-TP4-20260907/kvchime/Fugue-asplos-raw/profiles/scan-N8046-H16-Q1,,,,
shared-e2353360020ae81ae2cd,35447,27.258743000000003,6,33280,33280,340787200,1506557952.0,16000,16,fac422a507cae4e0039330f652aecc9d661446c205efb8d3f510719acc1fcff0,/data2/chenyi9/KV-PIM/attacc-fugue/output/KVChime-multi-model-TP4-20260907/kvchime/Fugue-asplos-raw/profiles/shared-e2353360020ae81ae2cd,6.424226000000001,16092,8421,shared_single_query
shared-38d79348af5b0ff0b4e6,21790,16.756510000000002,7,17056,33280,174653440,775569408.0000001,16000,16,70ac119919ba0d3542582dadb0f883838e0bc66b4dbe39c18c642f3e8fe17fb0,/data2/chenyi9/KV-PIM/attacc-fugue/output/KVChime-multi-model-TP4-20260907/kvchime/Fugue-asplos-raw/profiles/shared-38d79348af5b0ff0b4e6,7.5208200000000005,16092,8421,shared_MQ
scan-N8047-H16-Q1,16428,12.633132,6,32192,32192,329646080,1454208614.4000003,8576,16,678e9e35081345f67182f4b6378f89eae2b41d4c1fae349a9ea2f0ae5f7e743d,/data2/chenyi9/KV-PIM/attacc-fugue/output/KVChime-multi-model-TP4-20260907/kvchime/Fugue-asplos-raw/profiles/scan-N8047-H16-Q1,,,,
shared-b94e25f07d5d83555a81,35447,27.258743000000003,6,33280,33280,340787200,1506557952.0,16000,16,fac422a507cae4e0039330f652aecc9d661446c205efb8d3f510719acc1fcff0,/data2/chenyi9/KV-PIM/attacc-fugue/output/KVChime-multi-model-TP4-20260907/kvchime/Fugue-asplos-raw/profiles/shared-b94e25f07d5d83555a81,6.424226000000001,16094,8423,shared_single_query
shared-54bf8a13b90599832a1b,21790,16.756510000000002,7,17056,33280,174653440,775569408.0000001,16000,16,70ac119919ba0d3542582dadb0f883838e0bc66b4dbe39c18c642f3e8fe17fb0,/data2/chenyi9/KV-PIM/attacc-fugue/output/KVChime-multi-model-TP4-20260907/kvchime/Fugue-asplos-raw/profiles/shared-54bf8a13b90599832a1b,7.5208200000000005,16094,8423,shared_MQ
scan-N8048-H16-Q1,16428,12.633132,6,32192,32192,329646080,1454208614.4000003,8576,16,678e9e35081345f67182f4b6378f89eae2b41d4c1fae349a9ea2f0ae5f7e743d,/data2/chenyi9/KV-PIM/attacc-fugue/output/KVChime-multi-model-TP4-20260907/kvchime/Fugue-asplos-raw/profiles/scan-N8048-H16-Q1,,,,
shared-372367d79b3c3d67f785,35447,27.258743000000003,6,33280,33280,340787200,1506557952.0,16000,16,fac422a507cae4e0039330f652aecc9d661446c205efb8d3f510719acc1fcff0,/data2/chenyi9/KV-PIM/attacc-fugue/output/KVChime-multi-model-TP4-20260907/kvchime/Fugue-asplos-raw/profiles/shared-372367d79b3c3d67f785,6.424226000000001,16096,8425,shared_single_query
shared-bc0337be199653c5bafc,21790,16.756510000000002,7,17056,33280,174653440,775569408.0000001,16000,16,70ac119919ba0d3542582dadb0f883838e0bc66b4dbe39c18c642f3e8fe17fb0,/data2/chenyi9/KV-PIM/attacc-fugue/output/KVChime-multi-model-TP4-20260907/kvchime/Fugue-asplos-raw/profiles/shared-bc0337be199653c5bafc,7.5208200000000005,16096,8425,shared_MQ
scan-N8049-H16-Q1,16452,12.651588,6,32256,32256,330301440,1457092198.4000003,8576,16,be2eaf2c25bbddd23d93a7b7303ff06a41de71eea32c5c3d3d2d1eae1de30a67,/data2/chenyi9/KV-PIM/attacc-fugue/output/KVChime-multi-model-TP4-20260907/kvchime/Fugue-asplos-raw/profiles/scan-N8049-H16-Q1,,,,
shared-01c5d42b0c1141f5ddf5,35447,27.258743000000003,6,33280,33280,340787200,1506557952.0,16000,16,fac422a507cae4e0039330f652aecc9d661446c205efb8d3f510719acc1fcff0,/data2/chenyi9/KV-PIM/attacc-fugue/output/KVChime-multi-model-TP4-20260907/kvchime/Fugue-asplos-raw/profiles/shared-01c5d42b0c1141f5ddf5,6.424226000000001,16098,8427,shared_single_query
shared-02ab5e85c42f959e89be,21790,16.756510000000002,7,17056,33280,174653440,775569408.0000001,16000,16,70ac119919ba0d3542582dadb0f883838e0bc66b4dbe39c18c642f3e8fe17fb0,/data2/chenyi9/KV-PIM/attacc-fugue/output/KVChime-multi-model-TP4-20260907/kvchime/Fugue-asplos-raw/profiles/shared-02ab5e85c42f959e89be,7.5208200000000005,16098,8427,shared_MQ
scan-N8050-H16-Q1,16452,12.651588,6,32256,32256,330301440,1457092198.4000003,8576,16,be2eaf2c25bbddd23d93a7b7303ff06a41de71eea32c5c3d3d2d1eae1de30a67,/data2/chenyi9/KV-PIM/attacc-fugue/output/KVChime-multi-model-TP4-20260907/kvchime/Fugue-asplos-raw/profiles/scan-N8050-H16-Q1,,,,
shared-abaf579068f90aa92701,35447,27.258743000000003,6,33280,33280,340787200,1506557952.0,16000,16,fac422a507cae4e0039330f652aecc9d661446c205efb8d3f510719acc1fcff0,/data2/chenyi9/KV-PIM/attacc-fugue/output/KVChime-multi-model-TP4-20260907/kvchime/Fugue-asplos-raw/profiles/shared-abaf579068f90aa92701,6.424226000000001,16100,8429,shared_single_query
shared-61b86d211311d1213b86,21790,16.756510000000002,7,17056,33280,174653440,775569408.0000001,16000,16,70ac119919ba0d3542582dadb0f883838e0bc66b4dbe39c18c642f3e8fe17fb0,/data2/chenyi9/KV-PIM/attacc-fugue/output/KVChime-multi-model-TP4-20260907/kvchime/Fugue-asplos-raw/profiles/shared-61b86d211311d1213b86,7.5208200000000005,16100,8429,shared_MQ
shared-7d3ef1cf259e79e51072,34055,26.188295000000004,8,16608,132864,170065920,776667136.0000001,64000,64,0114dd8655567aa18b95fab4875d15c66d95b7962adb7a4b9b7b07e3b3b5de68,/data2/chenyi9/KV-PIM/attacc-fugue/output/KVChime-multi-model-TP4-20260907/kvchime/Fugue-asplos-raw/profiles/shared-7d3ef1cf259e79e51072,12.647743,64280,8775,shared_MQ
shared-b18bc7502538cf7ad3d7,24534,18.866646,7,16608,66432,170065920,762478592.0000002,32000,32,d1b32f7920884392cb7691574b79d841e257047b536adaf9dc2a094a47337838,/data2/chenyi9/KV-PIM/attacc-fugue/output/KVChime-multi-model-TP4-20260907/kvchime/Fugue-asplos-raw/profiles/shared-b18bc7502538cf7ad3d7,8.930397000000001,32140,8775,shared_MQ
shared-632a39f7b2216943cb39,34055,26.188295000000004,8,16608,132864,170065920,776667136.0000001,64000,64,5e2c12bd84ef4e084775f68e411a4db1eb308787f3ab61383f407eece88f6a75,/data2/chenyi9/KV-PIM/attacc-fugue/output/KVChime-multi-model-TP4-20260907/kvchime/Fugue-asplos-raw/profiles/shared-632a39f7b2216943cb39,12.647743,64280,8775,shared_MQ
shared-a16f9606ffd0d44102d9,24534,18.866646,7,16608,66432,170065920,762478592.0000002,32000,32,17897cd821c6c003c69859afec21717d12bf08f4bf7c6ab1e42206affaab1041,/data2/chenyi9/KV-PIM/attacc-fugue/output/KVChime-multi-model-TP4-20260907/kvchime/Fugue-asplos-raw/profiles/shared-a16f9606ffd0d44102d9,8.930397000000001,32140,8775,shared_MQ
shared-31f03877cc4ae3c4c3dd,34055,26.188295000000004,8,16608,132864,170065920,776667136.0000001,64000,64,96ff42b733cc26b0bc0d992b1c7a41ef60753cc0d614633bd1423a6908d3621d,/data2/chenyi9/KV-PIM/attacc-fugue/output/KVChime-multi-model-TP4-20260907/kvchime/Fugue-asplos-raw/profiles/shared-31f03877cc4ae3c4c3dd,12.647743,64280,8775,shared_MQ
shared-7e4b7bf7abcfc57f4d3b,24534,18.866646,7,16608,66432,170065920,762478592.0000002,32000,32,6cb5499650f055fa6b89b91d12792f97f14a87c10d06066157f0a13f924c36c9,/data2/chenyi9/KV-PIM/attacc-fugue/output/KVChime-multi-model-TP4-20260907/kvchime/Fugue-asplos-raw/profiles/shared-7e4b7bf7abcfc57f4d3b,8.930397000000001,32140,8775,shared_MQ
shared-d7d035fad2882015011d,34055,26.188295000000004,8,16608,132864,170065920,776667136.0000001,64000,64,dc2abaaccacae135c3fb1d8743bbf849760dc30acc78d7d56bd5e8faa401b5d5,/data2/chenyi9/KV-PIM/attacc-fugue/output/KVChime-multi-model-TP4-20260907/kvchime/Fugue-asplos-raw/profiles/shared-d7d035fad2882015011d,12.647743,64280,8775,shared_MQ
shared-6e996bf343c63e7817b1,24534,18.866646,7,16608,66432,170065920,762478592.0000002,32000,32,8538f320268b1d82dfd067650279fea576707deabc0759a859ab916287f12a1e,/data2/chenyi9/KV-PIM/attacc-fugue/output/KVChime-multi-model-TP4-20260907/kvchime/Fugue-asplos-raw/profiles/shared-6e996bf343c63e7817b1,8.930397000000001,32140,8775,shared_MQ
scan-N8036-H32-Q1,32435,24.942515,6,64400,64400,659456000,2909138124.8,17152,32,ee64479ff3ed0af60ae21305d69600cf7000c34bfa034785a3de648079de1c1a,/data2/chenyi9/KV-PIM/attacc-fugue/output/KVChime-multi-model-TP4-20260907/kvchime/Fugue-asplos-raw/profiles/scan-N8036-H32-Q1,,,,
shared-3476063d9ae6fd1ee65b,71676,55.118844,6,66432,66432,680263680,3007348736.0,32000,32,05b601b37a35cca9010a80077cbc31863c8ec018b20af8720e67d1c113d5baed,/data2/chenyi9/KV-PIM/attacc-fugue/output/KVChime-multi-model-TP4-20260907/kvchime/Fugue-asplos-raw/profiles/shared-3476063d9ae6fd1ee65b,6.424226000000001,32144,8779,shared_single_query
shared-fbad4a68ab9f9fb240f3,26174,20.127806,7,17760,66432,181862400,814383104.0,32000,32,91d2afc11e833c515b624980bf19969fd6e061a0f51fc3595fb7562b78bd25d2,/data2/chenyi9/KV-PIM/attacc-fugue/output/KVChime-multi-model-TP4-20260907/kvchime/Fugue-asplos-raw/profiles/shared-fbad4a68ab9f9fb240f3,8.856573000000001,32144,8779,shared_MQ
scan-N8037-H32-Q1,32435,24.942515,6,64400,64400,659456000,2909138124.8,17152,32,8853a6041ce4ce1537849ac9ea4a20b2b2b2f0a7c3ed3c0efb9bc2fd855a8f7e,/data2/chenyi9/KV-PIM/attacc-fugue/output/KVChime-multi-model-TP4-20260907/kvchime/Fugue-asplos-raw/profiles/scan-N8037-H32-Q1,,,,
shared-90aa4e64207747e10e3b,71676,55.118844,6,66432,66432,680263680,3007348736.0,32000,32,05b601b37a35cca9010a80077cbc31863c8ec018b20af8720e67d1c113d5baed,/data2/chenyi9/KV-PIM/attacc-fugue/output/KVChime-multi-model-TP4-20260907/kvchime/Fugue-asplos-raw/profiles/shared-90aa4e64207747e10e3b,6.424226000000001,32148,8783,shared_single_query
shared-b1035858cd575df61f64,26174,20.127806,7,17760,66432,181862400,814383104.0,32000,32,91d2afc11e833c515b624980bf19969fd6e061a0f51fc3595fb7562b78bd25d2,/data2/chenyi9/KV-PIM/attacc-fugue/output/KVChime-multi-model-TP4-20260907/kvchime/Fugue-asplos-raw/profiles/shared-b1035858cd575df61f64,8.856573000000001,32148,8783,shared_MQ
scan-N8038-H32-Q1,32435,24.942515,6,64400,64400,659456000,2909138124.8,17152,32,33f2b798f19afc3453627e68fd245c25e8d1c52e167317ca31f4bb6d130f0e94,/data2/chenyi9/KV-PIM/attacc-fugue/output/KVChime-multi-model-TP4-20260907/kvchime/Fugue-asplos-raw/profiles/scan-N8038-H32-Q1,,,,
shared-327ab58ac96b4731e4c0,71676,55.118844,6,66432,66432,680263680,3007348736.0,32000,32,05b601b37a35cca9010a80077cbc31863c8ec018b20af8720e67d1c113d5baed,/data2/chenyi9/KV-PIM/attacc-fugue/output/KVChime-multi-model-TP4-20260907/kvchime/Fugue-asplos-raw/profiles/shared-327ab58ac96b4731e4c0,6.424226000000001,32152,8787,shared_single_query
shared-5a927f2f4e842e98d907,26174,20.127806,7,17760,66432,181862400,814383104.0,32000,32,91d2afc11e833c515b624980bf19969fd6e061a0f51fc3595fb7562b78bd25d2,/data2/chenyi9/KV-PIM/attacc-fugue/output/KVChime-multi-model-TP4-20260907/kvchime/Fugue-asplos-raw/profiles/shared-5a927f2f4e842e98d907,8.856573000000001,32152,8787,shared_MQ
scan-N8039-H32-Q1,32435,24.942515,6,64400,64400,659456000,2909138124.8,17152,32,7c0904a83d306dc4ef6245b9379e3345b5eb06cff04d3298f1f11a447e9d9db0,/data2/chenyi9/KV-PIM/attacc-fugue/output/KVChime-multi-model-TP4-20260907/kvchime/Fugue-asplos-raw/profiles/scan-N8039-H32-Q1,,,,
shared-4c20e5055d7733b956c1,71676,55.118844,6,66432,66432,680263680,3007348736.0,32000,32,05b601b37a35cca9010a80077cbc31863c8ec018b20af8720e67d1c113d5baed,/data2/chenyi9/KV-PIM/attacc-fugue/output/KVChime-multi-model-TP4-20260907/kvchime/Fugue-asplos-raw/profiles/shared-4c20e5055d7733b956c1,6.424226000000001,32156,8791,shared_single_query
shared-60a91e8a7c657d008642,26174,20.127806,7,17760,66432,181862400,814383104.0,32000,32,91d2afc11e833c515b624980bf19969fd6e061a0f51fc3595fb7562b78bd25d2,/data2/chenyi9/KV-PIM/attacc-fugue/output/KVChime-multi-model-TP4-20260907/kvchime/Fugue-asplos-raw/profiles/shared-60a91e8a7c657d008642,8.856573000000001,32156,8791,shared_MQ
scan-N8040-H32-Q1,32435,24.942515,6,64400,64400,659456000,2909138124.8,17152,32,e955f85020271b64b38129ffd2f27faf61fc80f7acf6970d4f1132ad9ca809c3,/data2/chenyi9/KV-PIM/attacc-fugue/output/KVChime-multi-model-TP4-20260907/kvchime/Fugue-asplos-raw/profiles/scan-N8040-H32-Q1,,,,
shared-2ed2236994c9b08b6692,71758,55.181902,6,66560,66560,681574400,3013115904.0,32000,32,4dad2e4bb4f3ce556f1480e838322c7bc21c50024d3f55f793a1fd918cf3450b,/data2/chenyi9/KV-PIM/attacc-fugue/output/KVChime-multi-model-TP4-20260907/kvchime/Fugue-asplos-raw/profiles/shared-2ed2236994c9b08b6692,6.424226000000001,32160,8795,shared_single_query
shared-a5d198f8548e0381cd72,26272,20.203168,7,17888,66560,183173120,820150272.0000002,32000,32,2d2127da89379c69fcc45d8aa19ffe9b3ccbbfb37ca66998ea441dac0d2e0bea,/data2/chenyi9/KV-PIM/attacc-fugue/output/KVChime-multi-model-TP4-20260907/kvchime/Fugue-asplos-raw/profiles/shared-a5d198f8548e0381cd72,8.856573000000001,32160,8795,shared_MQ
scan-N8041-H32-Q1,32435,24.942515,6,64400,64400,659456000,2909138124.8,17152,32,bbcfa14aedcadf996f4c73e04960a95417245204cebac2aa9bfb380923c0af38,/data2/chenyi9/KV-PIM/attacc-fugue/output/KVChime-multi-model-TP4-20260907/kvchime/Fugue-asplos-raw/profiles/scan-N8041-H32-Q1,,,,
shared-8af95d9ba5b9fadc0d2e,71758,55.181902,6,66560,66560,681574400,3013115904.0,32000,32,4dad2e4bb4f3ce556f1480e838322c7bc21c50024d3f55f793a1fd918cf3450b,/data2/chenyi9/KV-PIM/attacc-fugue/output/KVChime-multi-model-TP4-20260907/kvchime/Fugue-asplos-raw/profiles/shared-8af95d9ba5b9fadc0d2e,6.424226000000001,32164,8799,shared_single_query
shared-65d6c520545509189d61,26272,20.203168,7,17888,66560,183173120,820150272.0000002,32000,32,2d2127da89379c69fcc45d8aa19ffe9b3ccbbfb37ca66998ea441dac0d2e0bea,/data2/chenyi9/KV-PIM/attacc-fugue/output/KVChime-multi-model-TP4-20260907/kvchime/Fugue-asplos-raw/profiles/shared-65d6c520545509189d61,8.856573000000001,32164,8799,shared_MQ
scan-N8042-H32-Q1,32435,24.942515,6,64400,64400,659456000,2909138124.8,17152,32,3703076e942378060606a847af780fefc01e6bc543a5c59b6322dd561147730c,/data2/chenyi9/KV-PIM/attacc-fugue/output/KVChime-multi-model-TP4-20260907/kvchime/Fugue-asplos-raw/profiles/scan-N8042-H32-Q1,,,,
shared-336d6b2e0a86afe319e7,71758,55.181902,6,66560,66560,681574400,3013115904.0,32000,32,4dad2e4bb4f3ce556f1480e838322c7bc21c50024d3f55f793a1fd918cf3450b,/data2/chenyi9/KV-PIM/attacc-fugue/output/KVChime-multi-model-TP4-20260907/kvchime/Fugue-asplos-raw/profiles/shared-336d6b2e0a86afe319e7,6.424226000000001,32168,8803,shared_single_query
shared-ccb89c5baab73d6d5b79,26272,20.203168,7,17888,66560,183173120,820150272.0000002,32000,32,2d2127da89379c69fcc45d8aa19ffe9b3ccbbfb37ca66998ea441dac0d2e0bea,/data2/chenyi9/KV-PIM/attacc-fugue/output/KVChime-multi-model-TP4-20260907/kvchime/Fugue-asplos-raw/profiles/shared-ccb89c5baab73d6d5b79,8.856573000000001,32168,8803,shared_MQ
scan-N8043-H32-Q1,32435,24.942515,6,64400,64400,659456000,2909138124.8,17152,32,a9cd7850480754fc8096eee51a2e6443693f6b5f79ee308af611e7811b5b135d,/data2/chenyi9/KV-PIM/attacc-fugue/output/KVChime-multi-model-TP4-20260907/kvchime/Fugue-asplos-raw/profiles/scan-N8043-H32-Q1,,,,
shared-84631ee267dd36337db6,71758,55.181902,6,66560,66560,681574400,3013115904.0,32000,32,4dad2e4bb4f3ce556f1480e838322c7bc21c50024d3f55f793a1fd918cf3450b,/data2/chenyi9/KV-PIM/attacc-fugue/output/KVChime-multi-model-TP4-20260907/kvchime/Fugue-asplos-raw/profiles/shared-84631ee267dd36337db6,6.424226000000001,32172,8807,shared_single_query
shared-684e5666e5ce6fed1063,26272,20.203168,7,17888,66560,183173120,820150272.0000002,32000,32,2d2127da89379c69fcc45d8aa19ffe9b3ccbbfb37ca66998ea441dac0d2e0bea,/data2/chenyi9/KV-PIM/attacc-fugue/output/KVChime-multi-model-TP4-20260907/kvchime/Fugue-asplos-raw/profiles/shared-684e5666e5ce6fed1063,8.856573000000001,32172,8807,shared_MQ
scan-N8044-H32-Q1,32435,24.942515,6,64400,64400,659456000,2909138124.8,17152,32,48189ed290f7df4f85166e02f1c26e2c8ce9a16d09040b3f7c8cdb0034155314,/data2/chenyi9/KV-PIM/attacc-fugue/output/KVChime-multi-model-TP4-20260907/kvchime/Fugue-asplos-raw/profiles/scan-N8044-H32-Q1,,,,
shared-7ba92d5a345e6f24893b,71758,55.181902,6,66560,66560,681574400,3013115904.0,32000,32,4dad2e4bb4f3ce556f1480e838322c7bc21c50024d3f55f793a1fd918cf3450b,/data2/chenyi9/KV-PIM/attacc-fugue/output/KVChime-multi-model-TP4-20260907/kvchime/Fugue-asplos-raw/profiles/shared-7ba92d5a345e6f24893b,6.424226000000001,32176,8811,shared_single_query
shared-881352403fb5cc21df1b,26272,20.203168,7,17888,66560,183173120,820150272.0000002,32000,32,2d2127da89379c69fcc45d8aa19ffe9b3ccbbfb37ca66998ea441dac0d2e0bea,/data2/chenyi9/KV-PIM/attacc-fugue/output/KVChime-multi-model-TP4-20260907/kvchime/Fugue-asplos-raw/profiles/shared-881352403fb5cc21df1b,8.856573000000001,32176,8811,shared_MQ
scan-N8045-H32-Q1,32435,24.942515,6,64400,64400,659456000,2909138124.8,17152,32,bdb1cb4567cc0736058b6ae2c1daaa3682005c4c8c2cd06c0da970df3d84abfa,/data2/chenyi9/KV-PIM/attacc-fugue/output/KVChime-multi-model-TP4-20260907/kvchime/Fugue-asplos-raw/profiles/scan-N8045-H32-Q1,,,,
shared-679e413ff55ceaa5744a,71758,55.181902,6,66560,66560,681574400,3013115904.0,32000,32,4dad2e4bb4f3ce556f1480e838322c7bc21c50024d3f55f793a1fd918cf3450b,/data2/chenyi9/KV-PIM/attacc-fugue/output/KVChime-multi-model-TP4-20260907/kvchime/Fugue-asplos-raw/profiles/shared-679e413ff55ceaa5744a,6.424226000000001,32180,8815,shared_single_query
shared-158a18742b770cebe7e1,26272,20.203168,7,17888,66560,183173120,820150272.0000002,32000,32,2d2127da89379c69fcc45d8aa19ffe9b3ccbbfb37ca66998ea441dac0d2e0bea,/data2/chenyi9/KV-PIM/attacc-fugue/output/KVChime-multi-model-TP4-20260907/kvchime/Fugue-asplos-raw/profiles/shared-158a18742b770cebe7e1,8.856573000000001,32180,8815,shared_MQ
scan-N8046-H32-Q1,32435,24.942515,6,64400,64400,659456000,2909138124.8,17152,32,645df34b79c18ab2465d99f5d511d6922da6afcb0913a714ad60a3ef014b6c84,/data2/chenyi9/KV-PIM/attacc-fugue/output/KVChime-multi-model-TP4-20260907/kvchime/Fugue-asplos-raw/profiles/scan-N8046-H32-Q1,,,,
shared-b3f01bf6d22dda6ca67c,71758,55.181902,6,66560,66560,681574400,3013115904.0,32000,32,4dad2e4bb4f3ce556f1480e838322c7bc21c50024d3f55f793a1fd918cf3450b,/data2/chenyi9/KV-PIM/attacc-fugue/output/KVChime-multi-model-TP4-20260907/kvchime/Fugue-asplos-raw/profiles/shared-b3f01bf6d22dda6ca67c,6.424226000000001,32184,8819,shared_single_query
shared-c754df5a67c26faef465,26272,20.203168,7,17888,66560,183173120,820150272.0000002,32000,32,2d2127da89379c69fcc45d8aa19ffe9b3ccbbfb37ca66998ea441dac0d2e0bea,/data2/chenyi9/KV-PIM/attacc-fugue/output/KVChime-multi-model-TP4-20260907/kvchime/Fugue-asplos-raw/profiles/shared-c754df5a67c26faef465,8.856573000000001,32184,8819,shared_MQ
scan-N8047-H32-Q1,32435,24.942515,6,64400,64400,659456000,2909138124.8,17152,32,84e6467e88460d767d3a63001b333b8d8a9be67ffd9c27880fa622daeeab52b3,/data2/chenyi9/KV-PIM/attacc-fugue/output/KVChime-multi-model-TP4-20260907/kvchime/Fugue-asplos-raw/profiles/scan-N8047-H32-Q1,,,,
shared-39c91de53ad2247b0193,71758,55.181902,6,66560,66560,681574400,3013115904.0,32000,32,4dad2e4bb4f3ce556f1480e838322c7bc21c50024d3f55f793a1fd918cf3450b,/data2/chenyi9/KV-PIM/attacc-fugue/output/KVChime-multi-model-TP4-20260907/kvchime/Fugue-asplos-raw/profiles/shared-39c91de53ad2247b0193,6.424226000000001,32188,8823,shared_single_query
shared-cd6c4fed1e3b6c7cc46d,26272,20.203168,7,17888,66560,183173120,820150272.0000002,32000,32,2d2127da89379c69fcc45d8aa19ffe9b3ccbbfb37ca66998ea441dac0d2e0bea,/data2/chenyi9/KV-PIM/attacc-fugue/output/KVChime-multi-model-TP4-20260907/kvchime/Fugue-asplos-raw/profiles/shared-cd6c4fed1e3b6c7cc46d,8.856573000000001,32188,8823,shared_MQ
scan-N8048-H32-Q1,32435,24.942515,6,64400,64400,659456000,2909138124.8,17152,32,1b9825d990f32c722efdeac58ffb6cbd73fb8396384af51177066ce95bd205fc,/data2/chenyi9/KV-PIM/attacc-fugue/output/KVChime-multi-model-TP4-20260907/kvchime/Fugue-asplos-raw/profiles/scan-N8048-H32-Q1,,,,
shared-0d38644dd6608734351d,71758,55.181902,6,66560,66560,681574400,3013115904.0,32000,32,4dad2e4bb4f3ce556f1480e838322c7bc21c50024d3f55f793a1fd918cf3450b,/data2/chenyi9/KV-PIM/attacc-fugue/output/KVChime-multi-model-TP4-20260907/kvchime/Fugue-asplos-raw/profiles/shared-0d38644dd6608734351d,6.424226000000001,32192,8827,shared_single_query
shared-7709fe40c29081c066de,26272,20.203168,7,17888,66560,183173120,820150272.0000002,32000,32,2d2127da89379c69fcc45d8aa19ffe9b3ccbbfb37ca66998ea441dac0d2e0bea,/data2/chenyi9/KV-PIM/attacc-fugue/output/KVChime-multi-model-TP4-20260907/kvchime/Fugue-asplos-raw/profiles/shared-7709fe40c29081c066de,8.856573000000001,32192,8827,shared_MQ
scan-N8049-H32-Q1,32483,24.979427,6,64528,64528,660766720,2914905292.8,17152,32,e205c9e1d10d340949a748d6e4a65904c459c44dbd660670a050e45a72c0d8c9,/data2/chenyi9/KV-PIM/attacc-fugue/output/KVChime-multi-model-TP4-20260907/kvchime/Fugue-asplos-raw/profiles/scan-N8049-H32-Q1,,,,
shared-f50cdf25ecfe0a741912,71758,55.181902,6,66560,66560,681574400,3013115904.0,32000,32,4dad2e4bb4f3ce556f1480e838322c7bc21c50024d3f55f793a1fd918cf3450b,/data2/chenyi9/KV-PIM/attacc-fugue/output/KVChime-multi-model-TP4-20260907/kvchime/Fugue-asplos-raw/profiles/shared-f50cdf25ecfe0a741912,6.424226000000001,32196,8831,shared_single_query
shared-a43a53aec5fd4d4bba75,26272,20.203168,7,17888,66560,183173120,820150272.0000002,32000,32,2d2127da89379c69fcc45d8aa19ffe9b3ccbbfb37ca66998ea441dac0d2e0bea,/data2/chenyi9/KV-PIM/attacc-fugue/output/KVChime-multi-model-TP4-20260907/kvchime/Fugue-asplos-raw/profiles/shared-a43a53aec5fd4d4bba75,8.856573000000001,32196,8831,shared_MQ
scan-N8050-H32-Q1,32483,24.979427,6,64528,64528,660766720,2914905292.8,17152,32,ff5c56d1adae35e59d7763aa1b57b783d4cb4cc9115c3b7de2498aec4e628023,/data2/chenyi9/KV-PIM/attacc-fugue/output/KVChime-multi-model-TP4-20260907/kvchime/Fugue-asplos-raw/profiles/scan-N8050-H32-Q1,,,,
shared-2230d2754b18ee8d95e9,71758,55.181902,6,66560,66560,681574400,3013115904.0,32000,32,4dad2e4bb4f3ce556f1480e838322c7bc21c50024d3f55f793a1fd918cf3450b,/data2/chenyi9/KV-PIM/attacc-fugue/output/KVChime-multi-model-TP4-20260907/kvchime/Fugue-asplos-raw/profiles/shared-2230d2754b18ee8d95e9,6.424226000000001,32200,8835,shared_single_query
shared-67dd5c444afe60dd7a73,26272,20.203168,7,17888,66560,183173120,820150272.0000002,32000,32,2d2127da89379c69fcc45d8aa19ffe9b3ccbbfb37ca66998ea441dac0d2e0bea,/data2/chenyi9/KV-PIM/attacc-fugue/output/KVChime-multi-model-TP4-20260907/kvchime/Fugue-asplos-raw/profiles/shared-67dd5c444afe60dd7a73,8.856573000000001,32200,8835,shared_MQ
shared-c1c9120ddc9f29d8753b,11636,8.948084000000001,8,3424,27392,35061760,157763174.4,7936,32,7c6f02725a90f5a3dd99c515148fbc98b2b79ae60b96579bdc846e0929dcb413,/data2/chenyi9/KV-PIM/attacc-fugue/output/KVChime-multi-model-TP4-20260907/kvchime/Fugue-asplos-raw/profiles/shared-c1c9120ddc9f29d8753b,0.195326,27360,3420,shared_MQ
shared-89a84c800d5b4065ed68,8688,6.681072,7,3424,13696,35061760,156017459.2,3968,16,a40e812ad26559666352df0d1bb9e05a37a28539e8d7c8024a78625cb76883c7,/data2/chenyi9/KV-PIM/attacc-fugue/output/KVChime-multi-model-TP4-20260907/kvchime/Fugue-asplos-raw/profiles/shared-89a84c800d5b4065ed68,0.09689400000000001,13680,3420,shared_MQ
shared-c11526e637b6ae8fe55d,8340,6.41346,7,3424,10272,35061760,155581030.4,2976,12,838d1e58be2ea5e1df8d6a9e0bcfe91c86a148d7f64d3c4447b16402c3cb1714,/data2/chenyi9/KV-PIM/attacc-fugue/output/KVChime-multi-model-TP4-20260907/kvchime/Fugue-asplos-raw/profiles/shared-c11526e637b6ae8fe55d,0.072286,10260,3420,shared_MQ
shared-10df7efbcd1ec2dbcbc8,16163,12.429347,8,4016,32128,41123840,187652505.60000002,15104,32,81c2be7459f68801d4fab265d370aa45597699642955fd477657e14b437d9c54,/data2/chenyi9/KV-PIM/attacc-fugue/output/KVChime-multi-model-TP4-20260907/kvchime/Fugue-asplos-raw/profiles/shared-10df7efbcd1ec2dbcbc8,5.169218,27360,3957,shared_MQ
shared-a52483a06ac445f67310,11028,8.480532,7,4016,12048,41123840,183460249.60000002,5664,12,ddd005aa509dd59a96fe62ebda9ea5000a969f2b76f38d2857372938aeb45107,/data2/chenyi9/KV-PIM/attacc-fugue/output/KVChime-multi-model-TP4-20260907/kvchime/Fugue-asplos-raw/profiles/shared-a52483a06ac445f67310,3.288244,10260,3957,shared_MQ
scan-N3421-H4-Q1,6888,5.2968720000000005,6,3424,3424,35061760,154708172.8,992,4,a1f1fbad9531b375ae36ebf402f2621ea71433c9e0bb32b9ba4e870cd8a7be87,/data2/chenyi9/KV-PIM/attacc-fugue/output/KVChime-multi-model-TP4-20260907/kvchime/Fugue-asplos-raw/profiles/scan-N3421-H4-Q1,,,,
shared-db6374f9d3dc09851403,6888,5.2968720000000005,6,3424,3424,35061760,154708172.8,992,4,9f5cf2f086f87d550005cc593fe57d4c8a9ddf1da7b6a4863ba63d24d704ec83,/data2/chenyi9/KV-PIM/attacc-fugue/output/KVChime-multi-model-TP4-20260907/kvchime/Fugue-asplos-raw/profiles/shared-db6374f9d3dc09851403,0.02307,3421,3421,shared_single_query
shared-c409f80e25f1e1316a94,8083,6.215827,6,4016,4016,41123840,181783347.20000002,1888,4,dd7d7e64764ec311331500396459734707e75b0037003b6d4dbdc0a8811f5b05,/data2/chenyi9/KV-PIM/attacc-fugue/output/KVChime-multi-model-TP4-20260907/kvchime/Fugue-asplos-raw/profiles/shared-c409f80e25f1e1316a94,2.482332,3421,3958,shared_single_query
scan-N3422-H4-Q1,6888,5.2968720000000005,6,3424,3424,35061760,154708172.8,992,4,a1f1fbad9531b375ae36ebf402f2621ea71433c9e0bb32b9ba4e870cd8a7be87,/data2/chenyi9/KV-PIM/attacc-fugue/output/KVChime-multi-model-TP4-20260907/kvchime/Fugue-asplos-raw/profiles/scan-N3422-H4-Q1,,,,
shared-cdfc6a635a3235825dab,6888,5.2968720000000005,6,3424,3424,35061760,154708172.8,992,4,9f5cf2f086f87d550005cc593fe57d4c8a9ddf1da7b6a4863ba63d24d704ec83,/data2/chenyi9/KV-PIM/attacc-fugue/output/KVChime-multi-model-TP4-20260907/kvchime/Fugue-asplos-raw/profiles/shared-cdfc6a635a3235825dab,0.02307,3422,3422,shared_single_query
shared-0160598729e50dccab60,8083,6.215827,6,4016,4016,41123840,181783347.20000002,1888,4,dd7d7e64764ec311331500396459734707e75b0037003b6d4dbdc0a8811f5b05,/data2/chenyi9/KV-PIM/attacc-fugue/output/KVChime-multi-model-TP4-20260907/kvchime/Fugue-asplos-raw/profiles/shared-0160598729e50dccab60,2.482332,3422,3959,shared_single_query
scan-N3423-H4-Q1,6888,5.2968720000000005,6,3424,3424,35061760,154708172.8,992,4,a1f1fbad9531b375ae36ebf402f2621ea71433c9e0bb32b9ba4e870cd8a7be87,/data2/chenyi9/KV-PIM/attacc-fugue/output/KVChime-multi-model-TP4-20260907/kvchime/Fugue-asplos-raw/profiles/scan-N3423-H4-Q1,,,,
shared-3a4cbeaa28c2f101048f,6888,5.2968720000000005,6,3424,3424,35061760,154708172.8,992,4,9f5cf2f086f87d550005cc593fe57d4c8a9ddf1da7b6a4863ba63d24d704ec83,/data2/chenyi9/KV-PIM/attacc-fugue/output/KVChime-multi-model-TP4-20260907/kvchime/Fugue-asplos-raw/profiles/shared-3a4cbeaa28c2f101048f,0.02307,3423,3423,shared_single_query
shared-5bcb7a1edd8300685b8f,8083,6.215827,6,4016,4016,41123840,181783347.20000002,1888,4,dd7d7e64764ec311331500396459734707e75b0037003b6d4dbdc0a8811f5b05,/data2/chenyi9/KV-PIM/attacc-fugue/output/KVChime-multi-model-TP4-20260907/kvchime/Fugue-asplos-raw/profiles/shared-5bcb7a1edd8300685b8f,2.482332,3423,3960,shared_single_query
scan-N3424-H4-Q1,6888,5.2968720000000005,6,3424,3424,35061760,154708172.8,992,4,a1f1fbad9531b375ae36ebf402f2621ea71433c9e0bb32b9ba4e870cd8a7be87,/data2/chenyi9/KV-PIM/attacc-fugue/output/KVChime-multi-model-TP4-20260907/kvchime/Fugue-asplos-raw/profiles/scan-N3424-H4-Q1,,,,
shared-9b89dac1a417e4e8532f,6888,5.2968720000000005,6,3424,3424,35061760,154708172.8,992,4,9f5cf2f086f87d550005cc593fe57d4c8a9ddf1da7b6a4863ba63d24d704ec83,/data2/chenyi9/KV-PIM/attacc-fugue/output/KVChime-multi-model-TP4-20260907/kvchime/Fugue-asplos-raw/profiles/shared-9b89dac1a417e4e8532f,0.02307,3424,3424,shared_single_query
shared-2ba9ce438e1b97a98685,8083,6.215827,6,4016,4016,41123840,181783347.20000002,1888,4,dd7d7e64764ec311331500396459734707e75b0037003b6d4dbdc0a8811f5b05,/data2/chenyi9/KV-PIM/attacc-fugue/output/KVChime-multi-model-TP4-20260907/kvchime/Fugue-asplos-raw/profiles/shared-2ba9ce438e1b97a98685,2.482332,3424,3961,shared_single_query
scan-N3425-H4-Q1,6912,5.315328,6,3440,3440,35225600,155429068.8,992,4,1966c9e46e4780abf78da0b08e6f30684bb7ef15dd78a9bb1c846d2461c6ae01,/data2/chenyi9/KV-PIM/attacc-fugue/output/KVChime-multi-model-TP4-20260907/kvchime/Fugue-asplos-raw/profiles/scan-N3425-H4-Q1,,,,
shared-07402461a44c3f6d97b2,6912,5.315328,6,3440,3440,35225600,155429068.8,992,4,0920cd68973364ddddbce44f0ae517e77a3af3d56a1d9c2cc3b5cba5eb940d29,/data2/chenyi9/KV-PIM/attacc-fugue/output/KVChime-multi-model-TP4-20260907/kvchime/Fugue-asplos-raw/profiles/shared-07402461a44c3f6d97b2,0.02307,3425,3425,shared_single_query
shared-27b0483158de1c26ac0a,8083,6.215827,6,4016,4016,41123840,181783347.20000002,1888,4,dd7d7e64764ec311331500396459734707e75b0037003b6d4dbdc0a8811f5b05,/data2/chenyi9/KV-PIM/attacc-fugue/output/KVChime-multi-model-TP4-20260907/kvchime/Fugue-asplos-raw/profiles/shared-27b0483158de1c26ac0a,2.482332,3425,3962,shared_single_query
scan-N3426-H4-Q1,6912,5.315328,6,3440,3440,35225600,155429068.8,992,4,1966c9e46e4780abf78da0b08e6f30684bb7ef15dd78a9bb1c846d2461c6ae01,/data2/chenyi9/KV-PIM/attacc-fugue/output/KVChime-multi-model-TP4-20260907/kvchime/Fugue-asplos-raw/profiles/scan-N3426-H4-Q1,,,,
shared-0f8cb7b2fbde1a6b3bb4,6912,5.315328,6,3440,3440,35225600,155429068.8,992,4,0920cd68973364ddddbce44f0ae517e77a3af3d56a1d9c2cc3b5cba5eb940d29,/data2/chenyi9/KV-PIM/attacc-fugue/output/KVChime-multi-model-TP4-20260907/kvchime/Fugue-asplos-raw/profiles/shared-0f8cb7b2fbde1a6b3bb4,0.02307,3426,3426,shared_single_query
shared-9ca20d111aba8491dd0a,8083,6.215827,6,4016,4016,41123840,181783347.20000002,1888,4,dd7d7e64764ec311331500396459734707e75b0037003b6d4dbdc0a8811f5b05,/data2/chenyi9/KV-PIM/attacc-fugue/output/KVChime-multi-model-TP4-20260907/kvchime/Fugue-asplos-raw/profiles/shared-9ca20d111aba8491dd0a,2.482332,3426,3963,shared_single_query
scan-N3427-H4-Q1,6912,5.315328,6,3440,3440,35225600,155429068.8,992,4,1966c9e46e4780abf78da0b08e6f30684bb7ef15dd78a9bb1c846d2461c6ae01,/data2/chenyi9/KV-PIM/attacc-fugue/output/KVChime-multi-model-TP4-20260907/kvchime/Fugue-asplos-raw/profiles/scan-N3427-H4-Q1,,,,
shared-92d43bb4231eab3e86cb,6912,5.315328,6,3440,3440,35225600,155429068.8,992,4,0920cd68973364ddddbce44f0ae517e77a3af3d56a1d9c2cc3b5cba5eb940d29,/data2/chenyi9/KV-PIM/attacc-fugue/output/KVChime-multi-model-TP4-20260907/kvchime/Fugue-asplos-raw/profiles/shared-92d43bb4231eab3e86cb,0.02307,3427,3427,shared_single_query
shared-a1e5d7ee40c0a18fe148,8083,6.215827,6,4016,4016,41123840,181783347.20000002,1888,4,dd7d7e64764ec311331500396459734707e75b0037003b6d4dbdc0a8811f5b05,/data2/chenyi9/KV-PIM/attacc-fugue/output/KVChime-multi-model-TP4-20260907/kvchime/Fugue-asplos-raw/profiles/shared-a1e5d7ee40c0a18fe148,2.482332,3427,3964,shared_single_query
scan-N3428-H4-Q1,6912,5.315328,6,3440,3440,35225600,155429068.8,992,4,1966c9e46e4780abf78da0b08e6f30684bb7ef15dd78a9bb1c846d2461c6ae01,/data2/chenyi9/KV-PIM/attacc-fugue/output/KVChime-multi-model-TP4-20260907/kvchime/Fugue-asplos-raw/profiles/scan-N3428-H4-Q1,,,,
shared-d9cfcee09e6506232b25,6912,5.315328,6,3440,3440,35225600,155429068.8,992,4,0920cd68973364ddddbce44f0ae517e77a3af3d56a1d9c2cc3b5cba5eb940d29,/data2/chenyi9/KV-PIM/attacc-fugue/output/KVChime-multi-model-TP4-20260907/kvchime/Fugue-asplos-raw/profiles/shared-d9cfcee09e6506232b25,0.02307,3428,3428,shared_single_query
shared-779a1971e402c58ad6da,8083,6.215827,6,4016,4016,41123840,181783347.20000002,1888,4,dd7d7e64764ec311331500396459734707e75b0037003b6d4dbdc0a8811f5b05,/data2/chenyi9/KV-PIM/attacc-fugue/output/KVChime-multi-model-TP4-20260907/kvchime/Fugue-asplos-raw/profiles/shared-779a1971e402c58ad6da,2.482332,3428,3965,shared_single_query
scan-N3429-H4-Q1,6912,5.315328,6,3440,3440,35225600,155429068.8,992,4,1966c9e46e4780abf78da0b08e6f30684bb7ef15dd78a9bb1c846d2461c6ae01,/data2/chenyi9/KV-PIM/attacc-fugue/output/KVChime-multi-model-TP4-20260907/kvchime/Fugue-asplos-raw/profiles/scan-N3429-H4-Q1,,,,
shared-3b09c885cb9663b5d00c,6912,5.315328,6,3440,3440,35225600,155429068.8,992,4,0920cd68973364ddddbce44f0ae517e77a3af3d56a1d9c2cc3b5cba5eb940d29,/data2/chenyi9/KV-PIM/attacc-fugue/output/KVChime-multi-model-TP4-20260907/kvchime/Fugue-asplos-raw/profiles/shared-3b09c885cb9663b5d00c,0.02307,3429,3429,shared_single_query
shared-8a58a87aa3576b723b76,8083,6.215827,6,4016,4016,41123840,181783347.20000002,1888,4,dd7d7e64764ec311331500396459734707e75b0037003b6d4dbdc0a8811f5b05,/data2/chenyi9/KV-PIM/attacc-fugue/output/KVChime-multi-model-TP4-20260907/kvchime/Fugue-asplos-raw/profiles/shared-8a58a87aa3576b723b76,2.482332,3429,3966,shared_single_query
shared-6ee213b0244316b93f8e,11732,9.021908,8,3472,27776,35553280,159925862.40000004,7936,32,88c70230cb45056380761776538af314ada5d26fd32c27486a8e5b6ffa6b41f5,/data2/chenyi9/KV-PIM/attacc-fugue/output/KVChime-multi-model-TP4-20260907/kvchime/Fugue-asplos-raw/profiles/shared-6ee213b0244316b93f8e,0.195326,27664,3458,shared_MQ
shared-1a1a90bf6f1d1471d34a,8089,6.220441,7,3472,6944,35553280,157307289.60000002,1984,8,611c919c60f9047fce25de97defd206b43dbb5da43f4c0bf3deff84d8d4bcfec,/data2/chenyi9/KV-PIM/attacc-fugue/output/KVChime-multi-model-TP4-20260907/kvchime/Fugue-asplos-raw/profiles/shared-1a1a90bf6f1d1471d34a,0.047678000000000005,6916,3458,shared_MQ
shared-df50ca2ed15bbf7ac9fb,8772,6.745668,7,3472,13888,35553280,158180147.20000002,3968,16,e0acd8933a6330834d59762f886788a34889b6605c8965f1a70a54ab7199de82,/data2/chenyi9/KV-PIM/attacc-fugue/output/KVChime-multi-model-TP4-20260907/kvchime/Fugue-asplos-raw/profiles/shared-df50ca2ed15bbf7ac9fb,0.09689400000000001,13832,3458,shared_MQ
shared-a6695e4d21531ba832c5,16495,12.684655000000001,8,4064,32512,41615360,189815193.60000002,15104,32,b881f9fe832ae11002a34b7186671c8cac3b4ed0e46aa02048a9dc051a1e4044,/data2/chenyi9/KV-PIM/attacc-fugue/output/KVChime-multi-model-TP4-20260907/kvchime/Fugue-asplos-raw/profiles/shared-a6695e4d21531ba832c5,5.3337840000000005,27664,4001,shared_MQ
shared-ee1477c9b1c9301f7ea3,11891,9.144179,7,4064,16256,41615360,186461388.8,7552,16,f94a5531545ebbeb5e559892a39985ed7ce73ea84855d41a81b66c7ad9492fd5,/data2/chenyi9/KV-PIM/attacc-fugue/output/KVChime-multi-model-TP4-20260907/kvchime/Fugue-asplos-raw/profiles/shared-ee1477c9b1c9301f7ea3,3.566622,13832,4001,shared_MQ
scan-N3459-H4-Q1,6960,5.35224,6,3472,3472,35553280,156870860.8,992,4,9f167ac997f88e75df054c00608a069df7531dc20a3f6d2a2b9bc9f22abffe72,/data2/chenyi9/KV-PIM/attacc-fugue/output/KVChime-multi-model-TP4-20260907/kvchime/Fugue-asplos-raw/profiles/scan-N3459-H4-Q1,,,,
shared-84ac31e6da902795efb0,6960,5.35224,6,3472,3472,35553280,156870860.8,992,4,1b6a9e40a7a5be96515e5c10615b7e431f3806fb3477e24121db69938dd31d50,/data2/chenyi9/KV-PIM/attacc-fugue/output/KVChime-multi-model-TP4-20260907/kvchime/Fugue-asplos-raw/profiles/shared-84ac31e6da902795efb0,0.02307,3459,3459,shared_single_query
shared-677ebf142a333078fa50,8155,6.271195,6,4064,4064,41615360,183946035.20000005,1888,4,fb521ce7283126bba3bfa8644063fb1e49dc0015c2a4498dd7b3b394a6764123,/data2/chenyi9/KV-PIM/attacc-fugue/output/KVChime-multi-model-TP4-20260907/kvchime/Fugue-asplos-raw/profiles/shared-677ebf142a333078fa50,2.5100160000000002,3459,4002,shared_single_query
scan-N3460-H4-Q1,6960,5.35224,6,3472,3472,35553280,156870860.8,992,4,9f167ac997f88e75df054c00608a069df7531dc20a3f6d2a2b9bc9f22abffe72,/data2/chenyi9/KV-PIM/attacc-fugue/output/KVChime-multi-model-TP4-20260907/kvchime/Fugue-asplos-raw/profiles/scan-N3460-H4-Q1,,,,
shared-6b128ba0dea51352ed62,6960,5.35224,6,3472,3472,35553280,156870860.8,992,4,1b6a9e40a7a5be96515e5c10615b7e431f3806fb3477e24121db69938dd31d50,/data2/chenyi9/KV-PIM/attacc-fugue/output/KVChime-multi-model-TP4-20260907/kvchime/Fugue-asplos-raw/profiles/shared-6b128ba0dea51352ed62,0.02307,3460,3460,shared_single_query
shared-bb9aa33ce786788b7e4a,8155,6.271195,6,4064,4064,41615360,183946035.20000005,1888,4,fb521ce7283126bba3bfa8644063fb1e49dc0015c2a4498dd7b3b394a6764123,/data2/chenyi9/KV-PIM/attacc-fugue/output/KVChime-multi-model-TP4-20260907/kvchime/Fugue-asplos-raw/profiles/shared-bb9aa33ce786788b7e4a,2.5100160000000002,3460,4003,shared_single_query
scan-N3461-H4-Q1,6960,5.35224,6,3472,3472,35553280,156870860.8,992,4,9f167ac997f88e75df054c00608a069df7531dc20a3f6d2a2b9bc9f22abffe72,/data2/chenyi9/KV-PIM/attacc-fugue/output/KVChime-multi-model-TP4-20260907/kvchime/Fugue-asplos-raw/profiles/scan-N3461-H4-Q1,,,,
shared-40b2014cc947a97fcfcb,6960,5.35224,6,3472,3472,35553280,156870860.8,992,4,1b6a9e40a7a5be96515e5c10615b7e431f3806fb3477e24121db69938dd31d50,/data2/chenyi9/KV-PIM/attacc-fugue/output/KVChime-multi-model-TP4-20260907/kvchime/Fugue-asplos-raw/profiles/shared-40b2014cc947a97fcfcb,0.02307,3461,3461,shared_single_query
shared-e273685f197f1f19077b,8155,6.271195,6,4064,4064,41615360,183946035.20000005,1888,4,fb521ce7283126bba3bfa8644063fb1e49dc0015c2a4498dd7b3b394a6764123,/data2/chenyi9/KV-PIM/attacc-fugue/output/KVChime-multi-model-TP4-20260907/kvchime/Fugue-asplos-raw/profiles/shared-e273685f197f1f19077b,2.5100160000000002,3461,4004,shared_single_query
scan-N3462-H4-Q1,6960,5.35224,6,3472,3472,35553280,156870860.8,992,4,9f167ac997f88e75df054c00608a069df7531dc20a3f6d2a2b9bc9f22abffe72,/data2/chenyi9/KV-PIM/attacc-fugue/output/KVChime-multi-model-TP4-20260907/kvchime/Fugue-asplos-raw/profiles/scan-N3462-H4-Q1,,,,
shared-7c79b8979c471e418cea,6960,5.35224,6,3472,3472,35553280,156870860.8,992,4,1b6a9e40a7a5be96515e5c10615b7e431f3806fb3477e24121db69938dd31d50,/data2/chenyi9/KV-PIM/attacc-fugue/output/KVChime-multi-model-TP4-20260907/kvchime/Fugue-asplos-raw/profiles/shared-7c79b8979c471e418cea,0.02307,3462,3462,shared_single_query
shared-962f61e6b857239e7127,8155,6.271195,6,4064,4064,41615360,183946035.20000005,1888,4,fb521ce7283126bba3bfa8644063fb1e49dc0015c2a4498dd7b3b394a6764123,/data2/chenyi9/KV-PIM/attacc-fugue/output/KVChime-multi-model-TP4-20260907/kvchime/Fugue-asplos-raw/profiles/shared-962f61e6b857239e7127,2.5100160000000002,3462,4005,shared_single_query
scan-N3463-H4-Q1,6960,5.35224,6,3472,3472,35553280,156870860.8,992,4,9f167ac997f88e75df054c00608a069df7531dc20a3f6d2a2b9bc9f22abffe72,/data2/chenyi9/KV-PIM/attacc-fugue/output/KVChime-multi-model-TP4-20260907/kvchime/Fugue-asplos-raw/profiles/scan-N3463-H4-Q1,,,,
shared-9ebbd3ab30f4a6f2b10a,6960,5.35224,6,3472,3472,35553280,156870860.8,992,4,1b6a9e40a7a5be96515e5c10615b7e431f3806fb3477e24121db69938dd31d50,/data2/chenyi9/KV-PIM/attacc-fugue/output/KVChime-multi-model-TP4-20260907/kvchime/Fugue-asplos-raw/profiles/shared-9ebbd3ab30f4a6f2b10a,0.02307,3463,3463,shared_single_query
shared-b5038b4ec0240047e216,8179,6.289651,6,4080,4080,41779200,184666931.20000002,1888,4,d547a84d725be98b8f17eee3252b0c30482e8e8b5acfca683a734dcbc485cbfe,/data2/chenyi9/KV-PIM/attacc-fugue/output/KVChime-multi-model-TP4-20260907/kvchime/Fugue-asplos-raw/profiles/shared-b5038b4ec0240047e216,2.5100160000000002,3463,4006,shared_single_query
scan-N3464-H4-Q1,6960,5.35224,6,3472,3472,35553280,156870860.8,992,4,9f167ac997f88e75df054c00608a069df7531dc20a3f6d2a2b9bc9f22abffe72,/data2/chenyi9/KV-PIM/attacc-fugue/output/KVChime-multi-model-TP4-20260907/kvchime/Fugue-asplos-raw/profiles/scan-N3464-H4-Q1,,,,
shared-d3ae428fddf47fab97f9,6960,5.35224,6,3472,3472,35553280,156870860.8,992,4,1b6a9e40a7a5be96515e5c10615b7e431f3806fb3477e24121db69938dd31d50,/data2/chenyi9/KV-PIM/attacc-fugue/output/KVChime-multi-model-TP4-20260907/kvchime/Fugue-asplos-raw/profiles/shared-d3ae428fddf47fab97f9,0.02307,3464,3464,shared_single_query
shared-361bbd1dbe2a440975d6,8179,6.289651,6,4080,4080,41779200,184666931.20000002,1888,4,d547a84d725be98b8f17eee3252b0c30482e8e8b5acfca683a734dcbc485cbfe,/data2/chenyi9/KV-PIM/attacc-fugue/output/KVChime-multi-model-TP4-20260907/kvchime/Fugue-asplos-raw/profiles/shared-361bbd1dbe2a440975d6,2.5100160000000002,3464,4007,shared_single_query
scan-N3465-H4-Q1,6960,5.35224,6,3472,3472,35553280,156870860.8,992,4,9f167ac997f88e75df054c00608a069df7531dc20a3f6d2a2b9bc9f22abffe72,/data2/chenyi9/KV-PIM/attacc-fugue/output/KVChime-multi-model-TP4-20260907/kvchime/Fugue-asplos-raw/profiles/scan-N3465-H4-Q1,,,,
shared-d8564f71fa4384ea4d1f,6960,5.35224,6,3472,3472,35553280,156870860.8,992,4,1b6a9e40a7a5be96515e5c10615b7e431f3806fb3477e24121db69938dd31d50,/data2/chenyi9/KV-PIM/attacc-fugue/output/KVChime-multi-model-TP4-20260907/kvchime/Fugue-asplos-raw/profiles/shared-d8564f71fa4384ea4d1f,0.02307,3465,3465,shared_single_query
shared-17aaadd529c93034657c,8179,6.289651,6,4080,4080,41779200,184666931.20000002,1888,4,d547a84d725be98b8f17eee3252b0c30482e8e8b5acfca683a734dcbc485cbfe,/data2/chenyi9/KV-PIM/attacc-fugue/output/KVChime-multi-model-TP4-20260907/kvchime/Fugue-asplos-raw/profiles/shared-17aaadd529c93034657c,2.5100160000000002,3465,4008,shared_single_query
scan-N3466-H4-Q1,6960,5.35224,6,3472,3472,35553280,156870860.8,992,4,9f167ac997f88e75df054c00608a069df7531dc20a3f6d2a2b9bc9f22abffe72,/data2/chenyi9/KV-PIM/attacc-fugue/output/KVChime-multi-model-TP4-20260907/kvchime/Fugue-asplos-raw/profiles/scan-N3466-H4-Q1,,,,
shared-a2c88e0b95b7eb6bac2e,6960,5.35224,6,3472,3472,35553280,156870860.8,992,4,1b6a9e40a7a5be96515e5c10615b7e431f3806fb3477e24121db69938dd31d50,/data2/chenyi9/KV-PIM/attacc-fugue/output/KVChime-multi-model-TP4-20260907/kvchime/Fugue-asplos-raw/profiles/shared-a2c88e0b95b7eb6bac2e,0.02307,3466,3466,shared_single_query
shared-11864691ed9bae01a339,8179,6.289651,6,4080,4080,41779200,184666931.20000002,1888,4,d547a84d725be98b8f17eee3252b0c30482e8e8b5acfca683a734dcbc485cbfe,/data2/chenyi9/KV-PIM/attacc-fugue/output/KVChime-multi-model-TP4-20260907/kvchime/Fugue-asplos-raw/profiles/shared-11864691ed9bae01a339,2.5100160000000002,3466,4009,shared_single_query
scan-N3467-H4-Q1,6960,5.35224,6,3472,3472,35553280,156870860.8,992,4,9f167ac997f88e75df054c00608a069df7531dc20a3f6d2a2b9bc9f22abffe72,/data2/chenyi9/KV-PIM/attacc-fugue/output/KVChime-multi-model-TP4-20260907/kvchime/Fugue-asplos-raw/profiles/scan-N3467-H4-Q1,,,,
shared-ae1f8a1af1affd22ec0d,6960,5.35224,6,3472,3472,35553280,156870860.8,992,4,1b6a9e40a7a5be96515e5c10615b7e431f3806fb3477e24121db69938dd31d50,/data2/chenyi9/KV-PIM/attacc-fugue/output/KVChime-multi-model-TP4-20260907/kvchime/Fugue-asplos-raw/profiles/shared-ae1f8a1af1affd22ec0d,0.02307,3467,3467,shared_single_query
shared-96d7669bb70d35dd03c0,8179,6.289651,6,4080,4080,41779200,184666931.20000002,1888,4,d547a84d725be98b8f17eee3252b0c30482e8e8b5acfca683a734dcbc485cbfe,/data2/chenyi9/KV-PIM/attacc-fugue/output/KVChime-multi-model-TP4-20260907/kvchime/Fugue-asplos-raw/profiles/shared-96d7669bb70d35dd03c0,2.5100160000000002,3467,4010,shared_single_query
shared-c5882c3b0396a4d91a6c,18399,14.148831,8,4192,33536,42926080,196829184.00000003,17920,32,78fe1568957d071fce2cb13510bb9d40eebea4fb01810f31151b370f358948ab,/data2/chenyi9/KV-PIM/attacc-fugue/output/KVChime-multi-model-TP4-20260907/kvchime/Fugue-asplos-raw/profiles/shared-c5882c3b0396a4d91a6c,6.393466,32224,4124,shared_MQ
shared-d01c490aeb551849f90f,11053,8.499756999999999,7,4192,8384,42926080,190863360.00000003,4480,8,1e72f3ecd46ff8cae9335db75c9f6d74dae0fe50491326c4f3b9f336b63832cf,/data2/chenyi9/KV-PIM/attacc-fugue/output/KVChime-multi-model-TP4-20260907/kvchime/Fugue-asplos-raw/profiles/shared-d01c490aeb551849f90f,3.711194,8056,4124,shared_MQ
scan-N4029-H4-Q1,7992,6.145848,6,4032,4032,41287680,182158336.0,1120,4,733b94b7d90d6b353953f016f69b1827a18b8876d8600a32af7f0a66fad274a8,/data2/chenyi9/KV-PIM/attacc-fugue/output/KVChime-multi-model-TP4-20260907/kvchime/Fugue-asplos-raw/profiles/scan-N4029-H4-Q1,,,,
shared-b10ea2c44333bfd626e0,8821,6.783349,6,4192,4192,42926080,189869056.0,2240,4,9b973f2c2ed6e10a3668a5d09491f2d631cd96b147baeb84d3dbff77010ce4a8,/data2/chenyi9/KV-PIM/attacc-fugue/output/KVChime-multi-model-TP4-20260907/kvchime/Fugue-asplos-raw/profiles/shared-b10ea2c44333bfd626e0,3.1006080000000003,4029,4125,shared_single_query
scan-N4030-H4-Q1,7992,6.145848,6,4032,4032,41287680,182158336.0,1120,4,733b94b7d90d6b353953f016f69b1827a18b8876d8600a32af7f0a66fad274a8,/data2/chenyi9/KV-PIM/attacc-fugue/output/KVChime-multi-model-TP4-20260907/kvchime/Fugue-asplos-raw/profiles/scan-N4030-H4-Q1,,,,
shared-2548d6d488b1d89b7cf9,8821,6.783349,6,4192,4192,42926080,189869056.0,2240,4,9b973f2c2ed6e10a3668a5d09491f2d631cd96b147baeb84d3dbff77010ce4a8,/data2/chenyi9/KV-PIM/attacc-fugue/output/KVChime-multi-model-TP4-20260907/kvchime/Fugue-asplos-raw/profiles/shared-2548d6d488b1d89b7cf9,3.1006080000000003,4030,4126,shared_single_query
scan-N4031-H4-Q1,7992,6.145848,6,4032,4032,41287680,182158336.0,1120,4,733b94b7d90d6b353953f016f69b1827a18b8876d8600a32af7f0a66fad274a8,/data2/chenyi9/KV-PIM/attacc-fugue/output/KVChime-multi-model-TP4-20260907/kvchime/Fugue-asplos-raw/profiles/scan-N4031-H4-Q1,,,,
shared-350045636b7a81d9610a,8821,6.783349,6,4192,4192,42926080,189869056.0,2240,4,9b973f2c2ed6e10a3668a5d09491f2d631cd96b147baeb84d3dbff77010ce4a8,/data2/chenyi9/KV-PIM/attacc-fugue/output/KVChime-multi-model-TP4-20260907/kvchime/Fugue-asplos-raw/profiles/shared-350045636b7a81d9610a,3.1006080000000003,4031,4127,shared_single_query
scan-N4032-H4-Q1,7992,6.145848,6,4032,4032,41287680,182158336.0,1120,4,733b94b7d90d6b353953f016f69b1827a18b8876d8600a32af7f0a66fad274a8,/data2/chenyi9/KV-PIM/attacc-fugue/output/KVChime-multi-model-TP4-20260907/kvchime/Fugue-asplos-raw/profiles/scan-N4032-H4-Q1,,,,
shared-5b0cef92fb48cc055b83,8821,6.783349,6,4192,4192,42926080,189869056.0,2240,4,9b973f2c2ed6e10a3668a5d09491f2d631cd96b147baeb84d3dbff77010ce4a8,/data2/chenyi9/KV-PIM/attacc-fugue/output/KVChime-multi-model-TP4-20260907/kvchime/Fugue-asplos-raw/profiles/shared-5b0cef92fb48cc055b83,3.1006080000000003,4032,4128,shared_single_query
scan-N4033-H4-Q1,8030,6.17507,6,4048,4048,41451520,182879232.0,1120,4,e86c2986badcd77f1c91435e21924cf616bcab52dec84dad86a21c3dc93670fc,/data2/chenyi9/KV-PIM/attacc-fugue/output/KVChime-multi-model-TP4-20260907/kvchime/Fugue-asplos-raw/profiles/scan-N4033-H4-Q1,,,,
shared-63b8ef55bd520412f4e7,8821,6.783349,6,4192,4192,42926080,189869056.0,2240,4,9b973f2c2ed6e10a3668a5d09491f2d631cd96b147baeb84d3dbff77010ce4a8,/data2/chenyi9/KV-PIM/attacc-fugue/output/KVChime-multi-model-TP4-20260907/kvchime/Fugue-asplos-raw/profiles/shared-63b8ef55bd520412f4e7,3.1006080000000003,4033,4129,shared_single_query
scan-N4034-H4-Q1,8030,6.17507,6,4048,4048,41451520,182879232.0,1120,4,e86c2986badcd77f1c91435e21924cf616bcab52dec84dad86a21c3dc93670fc,/data2/chenyi9/KV-PIM/attacc-fugue/output/KVChime-multi-model-TP4-20260907/kvchime/Fugue-asplos-raw/profiles/scan-N4034-H4-Q1,,,,
shared-f9175ad66e13907d5b0b,8821,6.783349,6,4192,4192,42926080,189869056.0,2240,4,9b973f2c2ed6e10a3668a5d09491f2d631cd96b147baeb84d3dbff77010ce4a8,/data2/chenyi9/KV-PIM/attacc-fugue/output/KVChime-multi-model-TP4-20260907/kvchime/Fugue-asplos-raw/profiles/shared-f9175ad66e13907d5b0b,3.1006080000000003,4034,4130,shared_single_query
scan-N4035-H4-Q1,8030,6.17507,6,4048,4048,41451520,182879232.0,1120,4,e86c2986badcd77f1c91435e21924cf616bcab52dec84dad86a21c3dc93670fc,/data2/chenyi9/KV-PIM/attacc-fugue/output/KVChime-multi-model-TP4-20260907/kvchime/Fugue-asplos-raw/profiles/scan-N4035-H4-Q1,,,,
shared-f717960ad8957959e69e,8845,6.801805,6,4208,4208,43089920,190589952.0,2240,4,6350b0a2f6906546e9285a5a4a939ead2a77eeacf7438a87469a851c176076a4,/data2/chenyi9/KV-PIM/attacc-fugue/output/KVChime-multi-model-TP4-20260907/kvchime/Fugue-asplos-raw/profiles/shared-f717960ad8957959e69e,3.1006080000000003,4035,4131,shared_single_query
scan-N4036-H4-Q1,8030,6.17507,6,4048,4048,41451520,182879232.0,1120,4,e86c2986badcd77f1c91435e21924cf616bcab52dec84dad86a21c3dc93670fc,/data2/chenyi9/KV-PIM/attacc-fugue/output/KVChime-multi-model-TP4-20260907/kvchime/Fugue-asplos-raw/profiles/scan-N4036-H4-Q1,,,,
shared-9c07263e5c7f606cb6f3,8845,6.801805,6,4208,4208,43089920,190589952.0,2240,4,6350b0a2f6906546e9285a5a4a939ead2a77eeacf7438a87469a851c176076a4,/data2/chenyi9/KV-PIM/attacc-fugue/output/KVChime-multi-model-TP4-20260907/kvchime/Fugue-asplos-raw/profiles/shared-9c07263e5c7f606cb6f3,3.1006080000000003,4036,4132,shared_single_query
scan-N4037-H4-Q1,8030,6.17507,6,4048,4048,41451520,182879232.0,1120,4,e86c2986badcd77f1c91435e21924cf616bcab52dec84dad86a21c3dc93670fc,/data2/chenyi9/KV-PIM/attacc-fugue/output/KVChime-multi-model-TP4-20260907/kvchime/Fugue-asplos-raw/profiles/scan-N4037-H4-Q1,,,,
shared-cace45873e756df8b7ae,8845,6.801805,6,4208,4208,43089920,190589952.0,2240,4,6350b0a2f6906546e9285a5a4a939ead2a77eeacf7438a87469a851c176076a4,/data2/chenyi9/KV-PIM/attacc-fugue/output/KVChime-multi-model-TP4-20260907/kvchime/Fugue-asplos-raw/profiles/shared-cace45873e756df8b7ae,3.1006080000000003,4037,4133,shared_single_query
scan-N4038-H4-Q1,8030,6.17507,6,4048,4048,41451520,182879232.0,1120,4,e86c2986badcd77f1c91435e21924cf616bcab52dec84dad86a21c3dc93670fc,/data2/chenyi9/KV-PIM/attacc-fugue/output/KVChime-multi-model-TP4-20260907/kvchime/Fugue-asplos-raw/profiles/scan-N4038-H4-Q1,,,,
shared-9f829c8a1eae9e7f5f3e,8845,6.801805,6,4208,4208,43089920,190589952.0,2240,4,6350b0a2f6906546e9285a5a4a939ead2a77eeacf7438a87469a851c176076a4,/data2/chenyi9/KV-PIM/attacc-fugue/output/KVChime-multi-model-TP4-20260907/kvchime/Fugue-asplos-raw/profiles/shared-9f829c8a1eae9e7f5f3e,3.1006080000000003,4038,4134,shared_single_query
scan-N4039-H4-Q1,8030,6.17507,6,4048,4048,41451520,182879232.0,1120,4,e86c2986badcd77f1c91435e21924cf616bcab52dec84dad86a21c3dc93670fc,/data2/chenyi9/KV-PIM/attacc-fugue/output/KVChime-multi-model-TP4-20260907/kvchime/Fugue-asplos-raw/profiles/scan-N4039-H4-Q1,,,,
shared-aaebb7c0850dfed51be8,8845,6.801805,6,4208,4208,43089920,190589952.0,2240,4,6350b0a2f6906546e9285a5a4a939ead2a77eeacf7438a87469a851c176076a4,/data2/chenyi9/KV-PIM/attacc-fugue/output/KVChime-multi-model-TP4-20260907/kvchime/Fugue-asplos-raw/profiles/shared-aaebb7c0850dfed51be8,3.1006080000000003,4039,4135,shared_single_query
scan-N4040-H4-Q1,8030,6.17507,6,4048,4048,41451520,182879232.0,1120,4,e86c2986badcd77f1c91435e21924cf616bcab52dec84dad86a21c3dc93670fc,/data2/chenyi9/KV-PIM/attacc-fugue/output/KVChime-multi-model-TP4-20260907/kvchime/Fugue-asplos-raw/profiles/scan-N4040-H4-Q1,,,,
shared-53524c1614130db49bbc,8845,6.801805,6,4208,4208,43089920,190589952.0,2240,4,6350b0a2f6906546e9285a5a4a939ead2a77eeacf7438a87469a851c176076a4,/data2/chenyi9/KV-PIM/attacc-fugue/output/KVChime-multi-model-TP4-20260907/kvchime/Fugue-asplos-raw/profiles/shared-53524c1614130db49bbc,3.1006080000000003,4040,4136,shared_single_query
scan-N4041-H4-Q1,8030,6.17507,6,4048,4048,41451520,182879232.0,1120,4,e86c2986badcd77f1c91435e21924cf616bcab52dec84dad86a21c3dc93670fc,/data2/chenyi9/KV-PIM/attacc-fugue/output/KVChime-multi-model-TP4-20260907/kvchime/Fugue-asplos-raw/profiles/scan-N4041-H4-Q1,,,,
shared-d4cfa382b9fcb8ecf511,8845,6.801805,6,4208,4208,43089920,190589952.0,2240,4,6350b0a2f6906546e9285a5a4a939ead2a77eeacf7438a87469a851c176076a4,/data2/chenyi9/KV-PIM/attacc-fugue/output/KVChime-multi-model-TP4-20260907/kvchime/Fugue-asplos-raw/profiles/shared-d4cfa382b9fcb8ecf511,3.1006080000000003,4041,4137,shared_single_query
scan-N4042-H4-Q1,8030,6.17507,6,4048,4048,41451520,182879232.0,1120,4,e86c2986badcd77f1c91435e21924cf616bcab52dec84dad86a21c3dc93670fc,/data2/chenyi9/KV-PIM/attacc-fugue/output/KVChime-multi-model-TP4-20260907/kvchime/Fugue-asplos-raw/profiles/scan-N4042-H4-Q1,,,,
shared-ce6d386a10bb9b65f9d7,8845,6.801805,6,4208,4208,43089920,190589952.0,2240,4,6350b0a2f6906546e9285a5a4a939ead2a77eeacf7438a87469a851c176076a4,/data2/chenyi9/KV-PIM/attacc-fugue/output/KVChime-multi-model-TP4-20260907/kvchime/Fugue-asplos-raw/profiles/shared-ce6d386a10bb9b65f9d7,3.1006080000000003,4042,4138,shared_single_query
scan-N4043-H4-Q1,8030,6.17507,6,4048,4048,41451520,182879232.0,1120,4,e86c2986badcd77f1c91435e21924cf616bcab52dec84dad86a21c3dc93670fc,/data2/chenyi9/KV-PIM/attacc-fugue/output/KVChime-multi-model-TP4-20260907/kvchime/Fugue-asplos-raw/profiles/scan-N4043-H4-Q1,,,,
shared-86ca1103d929d09d2bc2,8845,6.801805,6,4208,4208,43089920,190589952.0,2240,4,6350b0a2f6906546e9285a5a4a939ead2a77eeacf7438a87469a851c176076a4,/data2/chenyi9/KV-PIM/attacc-fugue/output/KVChime-multi-model-TP4-20260907/kvchime/Fugue-asplos-raw/profiles/shared-86ca1103d929d09d2bc2,3.1006080000000003,4043,4139,shared_single_query
shared-43d4a187fbe02e1b4d21,34020,26.16138,8,8304,66432,85032960,388333568.00000006,32000,32,7e88f19fd6917a7f1f7be8e5dc165d08f9480e06aa73b7c30598aace14798bf4,/data2/chenyi9/KV-PIM/attacc-fugue/output/KVChime-multi-model-TP4-20260907/kvchime/Fugue-asplos-raw/profiles/shared-43d4a187fbe02e1b4d21,12.647743,64264,8209,shared_MQ
shared-c258d91939242753dae2,21495,16.529654999999998,7,8304,16608,85032960,377692160.00000006,8000,8,b9b841d7deebcba58009cb41dbc0dee7b078b9f480558e1d5661e166ddd05e44,/data2/chenyi9/KV-PIM/attacc-fugue/output/KVChime-multi-model-TP4-20260907/kvchime/Fugue-asplos-raw/profiles/shared-c258d91939242753dae2,7.545428,16066,8209,shared_MQ
scan-N8034-H4-Q1,16428,12.633132,6,8048,8048,82411520,363552153.6000001,2144,4,4b530c955c338f2dc6539d6ef8e15f6f2cc4fed2965dab58e54f128887d9ab97,/data2/chenyi9/KV-PIM/attacc-fugue/output/KVChime-multi-model-TP4-20260907/kvchime/Fugue-asplos-raw/profiles/scan-N8034-H4-Q1,,,,
shared-d8a56552abd089a5dbb5,17652,13.574388,6,8304,8304,85032960,375918592.0,4000,4,2663d326873eb1c798ff074b9398b31f3520b578ff8fac5cb00a2242038d4339,/data2/chenyi9/KV-PIM/attacc-fugue/output/KVChime-multi-model-TP4-20260907/kvchime/Fugue-asplos-raw/profiles/shared-d8a56552abd089a5dbb5,6.424226000000001,8034,8210,shared_single_query
scan-N8035-H4-Q1,16428,12.633132,6,8048,8048,82411520,363552153.6000001,2144,4,4b530c955c338f2dc6539d6ef8e15f6f2cc4fed2965dab58e54f128887d9ab97,/data2/chenyi9/KV-PIM/attacc-fugue/output/KVChime-multi-model-TP4-20260907/kvchime/Fugue-asplos-raw/profiles/scan-N8035-H4-Q1,,,,
shared-aad3849856ba1aadc829,17652,13.574388,6,8304,8304,85032960,375918592.0,4000,4,2663d326873eb1c798ff074b9398b31f3520b578ff8fac5cb00a2242038d4339,/data2/chenyi9/KV-PIM/attacc-fugue/output/KVChime-multi-model-TP4-20260907/kvchime/Fugue-asplos-raw/profiles/shared-aad3849856ba1aadc829,6.424226000000001,8035,8211,shared_single_query
scan-N8036-H4-Q1,16428,12.633132,6,8048,8048,82411520,363552153.6000001,2144,4,4b530c955c338f2dc6539d6ef8e15f6f2cc4fed2965dab58e54f128887d9ab97,/data2/chenyi9/KV-PIM/attacc-fugue/output/KVChime-multi-model-TP4-20260907/kvchime/Fugue-asplos-raw/profiles/scan-N8036-H4-Q1,,,,
shared-4b158978d288fa63c2cf,17652,13.574388,6,8304,8304,85032960,375918592.0,4000,4,2663d326873eb1c798ff074b9398b31f3520b578ff8fac5cb00a2242038d4339,/data2/chenyi9/KV-PIM/attacc-fugue/output/KVChime-multi-model-TP4-20260907/kvchime/Fugue-asplos-raw/profiles/shared-4b158978d288fa63c2cf,6.424226000000001,8036,8212,shared_single_query
scan-N8037-H4-Q1,16428,12.633132,6,8048,8048,82411520,363552153.6000001,2144,4,4b530c955c338f2dc6539d6ef8e15f6f2cc4fed2965dab58e54f128887d9ab97,/data2/chenyi9/KV-PIM/attacc-fugue/output/KVChime-multi-model-TP4-20260907/kvchime/Fugue-asplos-raw/profiles/scan-N8037-H4-Q1,,,,
shared-186e08111eeeb3ee8fc2,17652,13.574388,6,8304,8304,85032960,375918592.0,4000,4,2663d326873eb1c798ff074b9398b31f3520b578ff8fac5cb00a2242038d4339,/data2/chenyi9/KV-PIM/attacc-fugue/output/KVChime-multi-model-TP4-20260907/kvchime/Fugue-asplos-raw/profiles/shared-186e08111eeeb3ee8fc2,6.424226000000001,8037,8213,shared_single_query
scan-N8038-H4-Q1,16428,12.633132,6,8048,8048,82411520,363552153.6000001,2144,4,4b530c955c338f2dc6539d6ef8e15f6f2cc4fed2965dab58e54f128887d9ab97,/data2/chenyi9/KV-PIM/attacc-fugue/output/KVChime-multi-model-TP4-20260907/kvchime/Fugue-asplos-raw/profiles/scan-N8038-H4-Q1,,,,
shared-2498af1a45260da7fc4a,17652,13.574388,6,8304,8304,85032960,375918592.0,4000,4,2663d326873eb1c798ff074b9398b31f3520b578ff8fac5cb00a2242038d4339,/data2/chenyi9/KV-PIM/attacc-fugue/output/KVChime-multi-model-TP4-20260907/kvchime/Fugue-asplos-raw/profiles/shared-2498af1a45260da7fc4a,6.424226000000001,8038,8214,shared_single_query
scan-N8039-H4-Q1,16428,12.633132,6,8048,8048,82411520,363552153.6000001,2144,4,4b530c955c338f2dc6539d6ef8e15f6f2cc4fed2965dab58e54f128887d9ab97,/data2/chenyi9/KV-PIM/attacc-fugue/output/KVChime-multi-model-TP4-20260907/kvchime/Fugue-asplos-raw/profiles/scan-N8039-H4-Q1,,,,
shared-9d9622eddaea6e055251,17652,13.574388,6,8304,8304,85032960,375918592.0,4000,4,2663d326873eb1c798ff074b9398b31f3520b578ff8fac5cb00a2242038d4339,/data2/chenyi9/KV-PIM/attacc-fugue/output/KVChime-multi-model-TP4-20260907/kvchime/Fugue-asplos-raw/profiles/shared-9d9622eddaea6e055251,6.424226000000001,8039,8215,shared_single_query
scan-N8040-H4-Q1,16428,12.633132,6,8048,8048,82411520,363552153.6000001,2144,4,4b530c955c338f2dc6539d6ef8e15f6f2cc4fed2965dab58e54f128887d9ab97,/data2/chenyi9/KV-PIM/attacc-fugue/output/KVChime-multi-model-TP4-20260907/kvchime/Fugue-asplos-raw/profiles/scan-N8040-H4-Q1,,,,
shared-5ac3dd872a2c8ef313f4,17712,13.620528,6,8320,8320,85196800,376639488.0,4000,4,9ae026afadff30370f7bc763ec7c0ca80470a128ab2f7bd2e595b24261d23d44,/data2/chenyi9/KV-PIM/attacc-fugue/output/KVChime-multi-model-TP4-20260907/kvchime/Fugue-asplos-raw/profiles/shared-5ac3dd872a2c8ef313f4,6.424226000000001,8040,8216,shared_single_query
scan-N8041-H4-Q1,16428,12.633132,6,8048,8048,82411520,363552153.6000001,2144,4,4b530c955c338f2dc6539d6ef8e15f6f2cc4fed2965dab58e54f128887d9ab97,/data2/chenyi9/KV-PIM/attacc-fugue/output/KVChime-multi-model-TP4-20260907/kvchime/Fugue-asplos-raw/profiles/scan-N8041-H4-Q1,,,,
shared-97c51a2f33c448524fc3,17712,13.620528,6,8320,8320,85196800,376639488.0,4000,4,9ae026afadff30370f7bc763ec7c0ca80470a128ab2f7bd2e595b24261d23d44,/data2/chenyi9/KV-PIM/attacc-fugue/output/KVChime-multi-model-TP4-20260907/kvchime/Fugue-asplos-raw/profiles/shared-97c51a2f33c448524fc3,6.424226000000001,8041,8217,shared_single_query
scan-N8042-H4-Q1,16428,12.633132,6,8048,8048,82411520,363552153.6000001,2144,4,4b530c955c338f2dc6539d6ef8e15f6f2cc4fed2965dab58e54f128887d9ab97,/data2/chenyi9/KV-PIM/attacc-fugue/output/KVChime-multi-model-TP4-20260907/kvchime/Fugue-asplos-raw/profiles/scan-N8042-H4-Q1,,,,
shared-092097f57774d86d5963,17712,13.620528,6,8320,8320,85196800,376639488.0,4000,4,9ae026afadff30370f7bc763ec7c0ca80470a128ab2f7bd2e595b24261d23d44,/data2/chenyi9/KV-PIM/attacc-fugue/output/KVChime-multi-model-TP4-20260907/kvchime/Fugue-asplos-raw/profiles/shared-092097f57774d86d5963,6.424226000000001,8042,8218,shared_single_query
scan-N8043-H4-Q1,16428,12.633132,6,8048,8048,82411520,363552153.6000001,2144,4,4b530c955c338f2dc6539d6ef8e15f6f2cc4fed2965dab58e54f128887d9ab97,/data2/chenyi9/KV-PIM/attacc-fugue/output/KVChime-multi-model-TP4-20260907/kvchime/Fugue-asplos-raw/profiles/scan-N8043-H4-Q1,,,,
shared-ee546037a4a571bcce7b,17712,13.620528,6,8320,8320,85196800,376639488.0,4000,4,9ae026afadff30370f7bc763ec7c0ca80470a128ab2f7bd2e595b24261d23d44,/data2/chenyi9/KV-PIM/attacc-fugue/output/KVChime-multi-model-TP4-20260907/kvchime/Fugue-asplos-raw/profiles/shared-ee546037a4a571bcce7b,6.424226000000001,8043,8219,shared_single_query
scan-N8044-H4-Q1,16428,12.633132,6,8048,8048,82411520,363552153.6000001,2144,4,4b530c955c338f2dc6539d6ef8e15f6f2cc4fed2965dab58e54f128887d9ab97,/data2/chenyi9/KV-PIM/attacc-fugue/output/KVChime-multi-model-TP4-20260907/kvchime/Fugue-asplos-raw/profiles/scan-N8044-H4-Q1,,,,
shared-1ef1a111987c534c9237,17712,13.620528,6,8320,8320,85196800,376639488.0,4000,4,9ae026afadff30370f7bc763ec7c0ca80470a128ab2f7bd2e595b24261d23d44,/data2/chenyi9/KV-PIM/attacc-fugue/output/KVChime-multi-model-TP4-20260907/kvchime/Fugue-asplos-raw/profiles/shared-1ef1a111987c534c9237,6.424226000000001,8044,8220,shared_single_query
scan-N8045-H4-Q1,16428,12.633132,6,8048,8048,82411520,363552153.6000001,2144,4,4b530c955c338f2dc6539d6ef8e15f6f2cc4fed2965dab58e54f128887d9ab97,/data2/chenyi9/KV-PIM/attacc-fugue/output/KVChime-multi-model-TP4-20260907/kvchime/Fugue-asplos-raw/profiles/scan-N8045-H4-Q1,,,,
shared-5a26260c0ddcc7ee13e9,17712,13.620528,6,8320,8320,85196800,376639488.0,4000,4,9ae026afadff30370f7bc763ec7c0ca80470a128ab2f7bd2e595b24261d23d44,/data2/chenyi9/KV-PIM/attacc-fugue/output/KVChime-multi-model-TP4-20260907/kvchime/Fugue-asplos-raw/profiles/shared-5a26260c0ddcc7ee13e9,6.424226000000001,8045,8221,shared_single_query
scan-N8046-H4-Q1,16428,12.633132,6,8048,8048,82411520,363552153.6000001,2144,4,4b530c955c338f2dc6539d6ef8e15f6f2cc4fed2965dab58e54f128887d9ab97,/data2/chenyi9/KV-PIM/attacc-fugue/output/KVChime-multi-model-TP4-20260907/kvchime/Fugue-asplos-raw/profiles/scan-N8046-H4-Q1,,,,
shared-140cf96b038225854cf1,17712,13.620528,6,8320,8320,85196800,376639488.0,4000,4,9ae026afadff30370f7bc763ec7c0ca80470a128ab2f7bd2e595b24261d23d44,/data2/chenyi9/KV-PIM/attacc-fugue/output/KVChime-multi-model-TP4-20260907/kvchime/Fugue-asplos-raw/profiles/shared-140cf96b038225854cf1,6.424226000000001,8046,8222,shared_single_query
scan-N8047-H4-Q1,16428,12.633132,6,8048,8048,82411520,363552153.6000001,2144,4,4b530c955c338f2dc6539d6ef8e15f6f2cc4fed2965dab58e54f128887d9ab97,/data2/chenyi9/KV-PIM/attacc-fugue/output/KVChime-multi-model-TP4-20260907/kvchime/Fugue-asplos-raw/profiles/scan-N8047-H4-Q1,,,,
shared-2c6cec1ff4592307e055,17712,13.620528,6,8320,8320,85196800,376639488.0,4000,4,9ae026afadff30370f7bc763ec7c0ca80470a128ab2f7bd2e595b24261d23d44,/data2/chenyi9/KV-PIM/attacc-fugue/output/KVChime-multi-model-TP4-20260907/kvchime/Fugue-asplos-raw/profiles/shared-2c6cec1ff4592307e055,6.424226000000001,8047,8223,shared_single_query
scan-N8048-H4-Q1,16428,12.633132,6,8048,8048,82411520,363552153.6000001,2144,4,4b530c955c338f2dc6539d6ef8e15f6f2cc4fed2965dab58e54f128887d9ab97,/data2/chenyi9/KV-PIM/attacc-fugue/output/KVChime-multi-model-TP4-20260907/kvchime/Fugue-asplos-raw/profiles/scan-N8048-H4-Q1,,,,
shared-39fc8eb5a0f7911071cc,17712,13.620528,6,8320,8320,85196800,376639488.0,4000,4,9ae026afadff30370f7bc763ec7c0ca80470a128ab2f7bd2e595b24261d23d44,/data2/chenyi9/KV-PIM/attacc-fugue/output/KVChime-multi-model-TP4-20260907/kvchime/Fugue-asplos-raw/profiles/shared-39fc8eb5a0f7911071cc,6.424226000000001,8048,8224,shared_single_query
shared-7722ba968f0803a73cf2,66682,51.278458,8,16528,132224,169246720,771791257.6,61184,32,69b3b620d8e46e51a20ba7fada04729c859ecb77bf665fd1b3d026d5dfae4c5b,/data2/chenyi9/KV-PIM/attacc-fugue/output/KVChime-multi-model-TP4-20260907/kvchime/Fugue-asplos-raw/profiles/shared-7722ba968f0803a73cf2,23.759024,128360,16381,shared_MQ
shared-76a78ffaa5d7e9083fa1,42476,32.664044000000004,7,16528,33056,169246720,751461990.4000001,15296,8,a5753a4407151b962a4dae61070a36863bb880fb2da862e172c4f0cc7766dfd2,/data2/chenyi9/KV-PIM/attacc-fugue/output/KVChime-multi-model-TP4-20260907/kvchime/Fugue-asplos-raw/profiles/shared-76a78ffaa5d7e9083fa1,15.243887,32090,16381,shared_MQ
scan-N16046-H4-Q1,32838,25.252422000000003,6,16048,16048,164331520,724869939.2000002,4128,4,d72a3b917a315c611b71f364526541cdd1667cc80e57a5c041bd4530a5729a33,/data2/chenyi9/KV-PIM/attacc-fugue/output/KVChime-multi-model-TP4-20260907/kvchime/Fugue-asplos-raw/profiles/scan-N16046-H4-Q1,,,,
shared-99f687adc4e74d4334a8,35153,27.032657,6,16528,16528,169246720,748073779.2000002,7648,4,c0a7d64cd98a17ad57fcfa13ffa26800679df7bd15f0aa96c6c6143d71f392de,/data2/chenyi9/KV-PIM/attacc-fugue/output/KVChime-multi-model-TP4-20260907/kvchime/Fugue-asplos-raw/profiles/shared-99f687adc4e74d4334a8,13.092994000000001,16046,16382,shared_single_query
scan-N16047-H4-Q1,32838,25.252422000000003,6,16048,16048,164331520,724869939.2000002,4128,4,d72a3b917a315c611b71f364526541cdd1667cc80e57a5c041bd4530a5729a33,/data2/chenyi9/KV-PIM/attacc-fugue/output/KVChime-multi-model-TP4-20260907/kvchime/Fugue-asplos-raw/profiles/scan-N16047-H4-Q1,,,,
shared-2dd4696e80ca9f7d813a,35153,27.032657,6,16528,16528,169246720,748073779.2000002,7648,4,c0a7d64cd98a17ad57fcfa13ffa26800679df7bd15f0aa96c6c6143d71f392de,/data2/chenyi9/KV-PIM/attacc-fugue/output/KVChime-multi-model-TP4-20260907/kvchime/Fugue-asplos-raw/profiles/shared-2dd4696e80ca9f7d813a,13.092994000000001,16047,16383,shared_single_query
scan-N16048-H4-Q1,32838,25.252422000000003,6,16048,16048,164331520,724869939.2000002,4128,4,d72a3b917a315c611b71f364526541cdd1667cc80e57a5c041bd4530a5729a33,/data2/chenyi9/KV-PIM/attacc-fugue/output/KVChime-multi-model-TP4-20260907/kvchime/Fugue-asplos-raw/profiles/scan-N16048-H4-Q1,,,,
shared-cbb07d385e56e9d01ea9,35153,27.032657,6,16528,16528,169246720,748073779.2000002,7648,4,c0a7d64cd98a17ad57fcfa13ffa26800679df7bd15f0aa96c6c6143d71f392de,/data2/chenyi9/KV-PIM/attacc-fugue/output/KVChime-multi-model-TP4-20260907/kvchime/Fugue-asplos-raw/profiles/shared-cbb07d385e56e9d01ea9,13.092994000000001,16048,16384,shared_single_query
scan-N16049-H4-Q1,32862,25.270878,6,16064,16064,164495360,725590835.2,4128,4,55b25010d576532502ab3890d06f48556b8c8e74caadb024fa3e54ca07a3800c,/data2/chenyi9/KV-PIM/attacc-fugue/output/KVChime-multi-model-TP4-20260907/kvchime/Fugue-asplos-raw/profiles/scan-N16049-H4-Q1,,,,
shared-8c1443c7c3a465608764,35153,27.032657,6,16528,16528,169246720,748073779.2000002,7648,4,c0a7d64cd98a17ad57fcfa13ffa26800679df7bd15f0aa96c6c6143d71f392de,/data2/chenyi9/KV-PIM/attacc-fugue/output/KVChime-multi-model-TP4-20260907/kvchime/Fugue-asplos-raw/profiles/shared-8c1443c7c3a465608764,13.092994000000001,16049,16385,shared_single_query
scan-N16050-H4-Q1,32862,25.270878,6,16064,16064,164495360,725590835.2,4128,4,55b25010d576532502ab3890d06f48556b8c8e74caadb024fa3e54ca07a3800c,/data2/chenyi9/KV-PIM/attacc-fugue/output/KVChime-multi-model-TP4-20260907/kvchime/Fugue-asplos-raw/profiles/scan-N16050-H4-Q1,,,,
shared-c814295df20a2d0441bb,35153,27.032657,6,16528,16528,169246720,748073779.2000002,7648,4,c0a7d64cd98a17ad57fcfa13ffa26800679df7bd15f0aa96c6c6143d71f392de,/data2/chenyi9/KV-PIM/attacc-fugue/output/KVChime-multi-model-TP4-20260907/kvchime/Fugue-asplos-raw/profiles/shared-c814295df20a2d0441bb,13.092994000000001,16050,16386,shared_single_query
scan-N16051-H4-Q1,32862,25.270878,6,16064,16064,164495360,725590835.2,4128,4,55b25010d576532502ab3890d06f48556b8c8e74caadb024fa3e54ca07a3800c,/data2/chenyi9/KV-PIM/attacc-fugue/output/KVChime-multi-model-TP4-20260907/kvchime/Fugue-asplos-raw/profiles/scan-N16051-H4-Q1,,,,
shared-f4a862ccd47ad0f04dc2,35153,27.032657,6,16528,16528,169246720,748073779.2000002,7648,4,c0a7d64cd98a17ad57fcfa13ffa26800679df7bd15f0aa96c6c6143d71f392de,/data2/chenyi9/KV-PIM/attacc-fugue/output/KVChime-multi-model-TP4-20260907/kvchime/Fugue-asplos-raw/profiles/shared-f4a862ccd47ad0f04dc2,13.092994000000001,16051,16387,shared_single_query
scan-N16052-H4-Q1,32862,25.270878,6,16064,16064,164495360,725590835.2,4128,4,55b25010d576532502ab3890d06f48556b8c8e74caadb024fa3e54ca07a3800c,/data2/chenyi9/KV-PIM/attacc-fugue/output/KVChime-multi-model-TP4-20260907/kvchime/Fugue-asplos-raw/profiles/scan-N16052-H4-Q1,,,,
shared-c7cb6eb22ca014033f0e,35177,27.051113,6,16544,16544,169410560,748794675.2,7648,4,dad4fbe8f3652d7815f763301a7f9e833c741eba3eddaf13b044f72a0b85d383,/data2/chenyi9/KV-PIM/attacc-fugue/output/KVChime-multi-model-TP4-20260907/kvchime/Fugue-asplos-raw/profiles/shared-c7cb6eb22ca014033f0e,13.092994000000001,16052,16388,shared_single_query
scan-N16053-H4-Q1,32862,25.270878,6,16064,16064,164495360,725590835.2,4128,4,55b25010d576532502ab3890d06f48556b8c8e74caadb024fa3e54ca07a3800c,/data2/chenyi9/KV-PIM/attacc-fugue/output/KVChime-multi-model-TP4-20260907/kvchime/Fugue-asplos-raw/profiles/scan-N16053-H4-Q1,,,,
shared-ab89aa7a967f0d6fd9fa,35177,27.051113,6,16544,16544,169410560,748794675.2,7648,4,dad4fbe8f3652d7815f763301a7f9e833c741eba3eddaf13b044f72a0b85d383,/data2/chenyi9/KV-PIM/attacc-fugue/output/KVChime-multi-model-TP4-20260907/kvchime/Fugue-asplos-raw/profiles/shared-ab89aa7a967f0d6fd9fa,13.092994000000001,16053,16389,shared_single_query
scan-N16054-H4-Q1,32862,25.270878,6,16064,16064,164495360,725590835.2,4128,4,55b25010d576532502ab3890d06f48556b8c8e74caadb024fa3e54ca07a3800c,/data2/chenyi9/KV-PIM/attacc-fugue/output/KVChime-multi-model-TP4-20260907/kvchime/Fugue-asplos-raw/profiles/scan-N16054-H4-Q1,,,,
shared-ed20016e59fd3c67a62f,35177,27.051113,6,16544,16544,169410560,748794675.2,7648,4,dad4fbe8f3652d7815f763301a7f9e833c741eba3eddaf13b044f72a0b85d383,/data2/chenyi9/KV-PIM/attacc-fugue/output/KVChime-multi-model-TP4-20260907/kvchime/Fugue-asplos-raw/profiles/shared-ed20016e59fd3c67a62f,13.092994000000001,16054,16390,shared_single_query
scan-N16055-H4-Q1,32862,25.270878,6,16064,16064,164495360,725590835.2,4128,4,55b25010d576532502ab3890d06f48556b8c8e74caadb024fa3e54ca07a3800c,/data2/chenyi9/KV-PIM/attacc-fugue/output/KVChime-multi-model-TP4-20260907/kvchime/Fugue-asplos-raw/profiles/scan-N16055-H4-Q1,,,,
shared-80932f3cae309381d54d,35177,27.051113,6,16544,16544,169410560,748794675.2,7648,4,dad4fbe8f3652d7815f763301a7f9e833c741eba3eddaf13b044f72a0b85d383,/data2/chenyi9/KV-PIM/attacc-fugue/output/KVChime-multi-model-TP4-20260907/kvchime/Fugue-asplos-raw/profiles/shared-80932f3cae309381d54d,13.092994000000001,16055,16391,shared_single_query
scan-N16056-H4-Q1,32862,25.270878,6,16064,16064,164495360,725590835.2,4128,4,55b25010d576532502ab3890d06f48556b8c8e74caadb024fa3e54ca07a3800c,/data2/chenyi9/KV-PIM/attacc-fugue/output/KVChime-multi-model-TP4-20260907/kvchime/Fugue-asplos-raw/profiles/scan-N16056-H4-Q1,,,,
shared-229d6f07645c3aac2acc,35177,27.051113,6,16544,16544,169410560,748794675.2,7648,4,dad4fbe8f3652d7815f763301a7f9e833c741eba3eddaf13b044f72a0b85d383,/data2/chenyi9/KV-PIM/attacc-fugue/output/KVChime-multi-model-TP4-20260907/kvchime/Fugue-asplos-raw/profiles/shared-229d6f07645c3aac2acc,13.092994000000001,16056,16392,shared_single_query
scan-N16057-H4-Q1,32862,25.270878,6,16064,16064,164495360,725590835.2,4128,4,55b25010d576532502ab3890d06f48556b8c8e74caadb024fa3e54ca07a3800c,/data2/chenyi9/KV-PIM/attacc-fugue/output/KVChime-multi-model-TP4-20260907/kvchime/Fugue-asplos-raw/profiles/scan-N16057-H4-Q1,,,,
shared-3c21154cfa7dbacda866,35177,27.051113,6,16544,16544,169410560,748794675.2,7648,4,dad4fbe8f3652d7815f763301a7f9e833c741eba3eddaf13b044f72a0b85d383,/data2/chenyi9/KV-PIM/attacc-fugue/output/KVChime-multi-model-TP4-20260907/kvchime/Fugue-asplos-raw/profiles/shared-3c21154cfa7dbacda866,13.092994000000001,16057,16393,shared_single_query
scan-N16058-H4-Q1,32862,25.270878,6,16064,16064,164495360,725590835.2,4128,4,55b25010d576532502ab3890d06f48556b8c8e74caadb024fa3e54ca07a3800c,/data2/chenyi9/KV-PIM/attacc-fugue/output/KVChime-multi-model-TP4-20260907/kvchime/Fugue-asplos-raw/profiles/scan-N16058-H4-Q1,,,,
shared-1729cd61c7ae4ca27ef0,35177,27.051113,6,16544,16544,169410560,748794675.2,7648,4,dad4fbe8f3652d7815f763301a7f9e833c741eba3eddaf13b044f72a0b85d383,/data2/chenyi9/KV-PIM/attacc-fugue/output/KVChime-multi-model-TP4-20260907/kvchime/Fugue-asplos-raw/profiles/shared-1729cd61c7ae4ca27ef0,13.092994000000001,16058,16394,shared_single_query
scan-N16059-H4-Q1,32862,25.270878,6,16064,16064,164495360,725590835.2,4128,4,55b25010d576532502ab3890d06f48556b8c8e74caadb024fa3e54ca07a3800c,/data2/chenyi9/KV-PIM/attacc-fugue/output/KVChime-multi-model-TP4-20260907/kvchime/Fugue-asplos-raw/profiles/scan-N16059-H4-Q1,,,,
shared-8c2045a0dfa790f239b3,35177,27.051113,6,16544,16544,169410560,748794675.2,7648,4,dad4fbe8f3652d7815f763301a7f9e833c741eba3eddaf13b044f72a0b85d383,/data2/chenyi9/KV-PIM/attacc-fugue/output/KVChime-multi-model-TP4-20260907/kvchime/Fugue-asplos-raw/profiles/shared-8c2045a0dfa790f239b3,13.092994000000001,16059,16395,shared_single_query
scan-N16060-H4-Q1,32862,25.270878,6,16064,16064,164495360,725590835.2,4128,4,55b25010d576532502ab3890d06f48556b8c8e74caadb024fa3e54ca07a3800c,/data2/chenyi9/KV-PIM/attacc-fugue/output/KVChime-multi-model-TP4-20260907/kvchime/Fugue-asplos-raw/profiles/scan-N16060-H4-Q1,,,,
shared-8d693465b3c3ed7ac11f,35177,27.051113,6,16544,16544,169410560,748794675.2,7648,4,dad4fbe8f3652d7815f763301a7f9e833c741eba3eddaf13b044f72a0b85d383,/data2/chenyi9/KV-PIM/attacc-fugue/output/KVChime-multi-model-TP4-20260907/kvchime/Fugue-asplos-raw/profiles/shared-8d693465b3c3ed7ac11f,13.092994000000001,16060,16396,shared_single_query
shared-d4cd004210892630b384,34020,26.16138,8,8304,66432,85032960,388333568.00000006,32000,32,7e88f19fd6917a7f1f7be8e5dc165d08f9480e06aa73b7c30598aace14798bf4,/data2/chenyi9/KV-PIM/attacc-fugue/output/KVChime-multi-model-TP4-20260907/kvchime/Fugue-asplos-raw/profiles/shared-d4cd004210892630b384,12.647743,64280,8211,shared_MQ
shared-15d9e7e66c47f680ff0d,24534,18.866646,7,8304,33216,85032960,381239296.0000001,16000,16,7d6db107653b4d9b73d83a913bc36ab559c2807ed81b09ba86a088853215f3a8,/data2/chenyi9/KV-PIM/attacc-fugue/output/KVChime-multi-model-TP4-20260907/kvchime/Fugue-asplos-raw/profiles/shared-15d9e7e66c47f680ff0d,8.930397000000001,32140,8211,shared_MQ
scan-N8049-H4-Q1,16452,12.651588,6,8064,8064,82575360,364273049.6000001,2144,4,ed5d52f90dc646bfef0f2e9b942014f9b81984957b98e3d105a6955705384f95,/data2/chenyi9/KV-PIM/attacc-fugue/output/KVChime-multi-model-TP4-20260907/kvchime/Fugue-asplos-raw/profiles/scan-N8049-H4-Q1,,,,
shared-dd4986e5a9cf5e4c8885,17712,13.620528,6,8320,8320,85196800,376639488.0,4000,4,9ae026afadff30370f7bc763ec7c0ca80470a128ab2f7bd2e595b24261d23d44,/data2/chenyi9/KV-PIM/attacc-fugue/output/KVChime-multi-model-TP4-20260907/kvchime/Fugue-asplos-raw/profiles/shared-dd4986e5a9cf5e4c8885,6.424226000000001,8049,8225,shared_single_query
scan-N8050-H4-Q1,16452,12.651588,6,8064,8064,82575360,364273049.6000001,2144,4,ed5d52f90dc646bfef0f2e9b942014f9b81984957b98e3d105a6955705384f95,/data2/chenyi9/KV-PIM/attacc-fugue/output/KVChime-multi-model-TP4-20260907/kvchime/Fugue-asplos-raw/profiles/scan-N8050-H4-Q1,,,,
shared-6b71140cf6a8b33cd648,17712,13.620528,6,8320,8320,85196800,376639488.0,4000,4,9ae026afadff30370f7bc763ec7c0ca80470a128ab2f7bd2e595b24261d23d44,/data2/chenyi9/KV-PIM/attacc-fugue/output/KVChime-multi-model-TP4-20260907/kvchime/Fugue-asplos-raw/profiles/shared-6b71140cf6a8b33cd648,6.424226000000001,8050,8226,shared_single_query
shared-a93ecd1c607dc3821608,34020,26.16138,8,8304,66432,85032960,388333568.00000006,32000,32,7e88f19fd6917a7f1f7be8e5dc165d08f9480e06aa73b7c30598aace14798bf4,/data2/chenyi9/KV-PIM/attacc-fugue/output/KVChime-multi-model-TP4-20260907/kvchime/Fugue-asplos-raw/profiles/shared-a93ecd1c607dc3821608,12.647743,64280,8399,shared_MQ
shared-2d5849970aae66343de8,24534,18.866646,7,8304,33216,85032960,381239296.0000001,16000,16,7d6db107653b4d9b73d83a913bc36ab559c2807ed81b09ba86a088853215f3a8,/data2/chenyi9/KV-PIM/attacc-fugue/output/KVChime-multi-model-TP4-20260907/kvchime/Fugue-asplos-raw/profiles/shared-2d5849970aae66343de8,8.930397000000001,32140,8399,shared_MQ
shared-4da97d6aef62ac11bed1,34020,26.16138,8,8304,66432,85032960,388333568.00000006,32000,32,001ccc0bfd1000fc9ecb5a4ef06712ea9c8ccd92a7eabd724e9629b9046c8d5c,/data2/chenyi9/KV-PIM/attacc-fugue/output/KVChime-multi-model-TP4-20260907/kvchime/Fugue-asplos-raw/profiles/shared-4da97d6aef62ac11bed1,12.647743,64280,8399,shared_MQ
shared-dfec29d5fcfc95db1121,24534,18.866646,7,8304,33216,85032960,381239296.0000001,16000,16,9ad85201d673381bccbff5cc5fdb86cb242c82406c0e115b9be3bd4264c7b291,/data2/chenyi9/KV-PIM/attacc-fugue/output/KVChime-multi-model-TP4-20260907/kvchime/Fugue-asplos-raw/profiles/shared-dfec29d5fcfc95db1121,8.930397000000001,32140,8399,shared_MQ
shared-e733ac3daa7acc8098bd,35399,27.221831,6,16608,16608,170065920,751837184.0,8000,8,76ca6b70d73a47668d2fa20d6f81ce6e6846c07b5c40bccdcfd62df3d71b66bf,/data2/chenyi9/KV-PIM/attacc-fugue/output/KVChime-multi-model-TP4-20260907/kvchime/Fugue-asplos-raw/profiles/shared-e733ac3daa7acc8098bd,6.424226000000001,16072,8401,shared_single_query
shared-e5c1e803adc60c9755cf,21734,16.713446,7,8496,16608,86999040,386342912.0,8000,8,2522eac985ba0f1ad8514bdffd5402ca97a0f327f02fd966d6d103159cf6c72f,/data2/chenyi9/KV-PIM/attacc-fugue/output/KVChime-multi-model-TP4-20260907/kvchime/Fugue-asplos-raw/profiles/shared-e5c1e803adc60c9755cf,7.5208200000000005,16072,8401,shared_MQ
shared-31f63187622a84a81ff5,35399,27.221831,6,16608,16608,170065920,751837184.0,8000,8,76ca6b70d73a47668d2fa20d6f81ce6e6846c07b5c40bccdcfd62df3d71b66bf,/data2/chenyi9/KV-PIM/attacc-fugue/output/KVChime-multi-model-TP4-20260907/kvchime/Fugue-asplos-raw/profiles/shared-31f63187622a84a81ff5,6.424226000000001,16074,8403,shared_single_query
shared-fb772ec866dc576a6d27,21734,16.713446,7,8496,16608,86999040,386342912.0,8000,8,2522eac985ba0f1ad8514bdffd5402ca97a0f327f02fd966d6d103159cf6c72f,/data2/chenyi9/KV-PIM/attacc-fugue/output/KVChime-multi-model-TP4-20260907/kvchime/Fugue-asplos-raw/profiles/shared-fb772ec866dc576a6d27,7.5208200000000005,16074,8403,shared_MQ
shared-0f5193ff8cd8e2e20850,35399,27.221831,6,16608,16608,170065920,751837184.0,8000,8,76ca6b70d73a47668d2fa20d6f81ce6e6846c07b5c40bccdcfd62df3d71b66bf,/data2/chenyi9/KV-PIM/attacc-fugue/output/KVChime-multi-model-TP4-20260907/kvchime/Fugue-asplos-raw/profiles/shared-0f5193ff8cd8e2e20850,6.424226000000001,16076,8405,shared_single_query
shared-a298f4d4835f50285c15,21734,16.713446,7,8496,16608,86999040,386342912.0,8000,8,2522eac985ba0f1ad8514bdffd5402ca97a0f327f02fd966d6d103159cf6c72f,/data2/chenyi9/KV-PIM/attacc-fugue/output/KVChime-multi-model-TP4-20260907/kvchime/Fugue-asplos-raw/profiles/shared-a298f4d4835f50285c15,7.5208200000000005,16076,8405,shared_MQ
shared-cf0c605c70b7fd965df7,35399,27.221831,6,16608,16608,170065920,751837184.0,8000,8,76ca6b70d73a47668d2fa20d6f81ce6e6846c07b5c40bccdcfd62df3d71b66bf,/data2/chenyi9/KV-PIM/attacc-fugue/output/KVChime-multi-model-TP4-20260907/kvchime/Fugue-asplos-raw/profiles/shared-cf0c605c70b7fd965df7,6.424226000000001,16078,8407,shared_single_query
shared-8b41e4809431f38432c9,21734,16.713446,7,8496,16608,86999040,386342912.0,8000,8,2522eac985ba0f1ad8514bdffd5402ca97a0f327f02fd966d6d103159cf6c72f,/data2/chenyi9/KV-PIM/attacc-fugue/output/KVChime-multi-model-TP4-20260907/kvchime/Fugue-asplos-raw/profiles/shared-8b41e4809431f38432c9,7.5208200000000005,16078,8407,shared_MQ
shared-facd60f20c9b4932bdd6,35447,27.258743000000003,6,16640,16640,170393600,753278976.0,8000,8,40f4a4404b3b0b95f4974f58b266e60c18374810e92b2dc7f07d3abad4574f81,/data2/chenyi9/KV-PIM/attacc-fugue/output/KVChime-multi-model-TP4-20260907/kvchime/Fugue-asplos-raw/profiles/shared-facd60f20c9b4932bdd6,6.424226000000001,16080,8409,shared_single_query
shared-bd7bb1ef4a817e9d298d,21790,16.756510000000002,7,8528,16640,87326720,387784704.00000006,8000,8,5977c9a3c82f3a55e5b8b3515c7702e16f709523ac32c15aaf47fade1a86f862,/data2/chenyi9/KV-PIM/attacc-fugue/output/KVChime-multi-model-TP4-20260907/kvchime/Fugue-asplos-raw/profiles/shared-bd7bb1ef4a817e9d298d,7.5208200000000005,16080,8409,shared_MQ
shared-10c588e9e7c6245be8b5,35447,27.258743000000003,6,16640,16640,170393600,753278976.0,8000,8,40f4a4404b3b0b95f4974f58b266e60c18374810e92b2dc7f07d3abad4574f81,/data2/chenyi9/KV-PIM/attacc-fugue/output/KVChime-multi-model-TP4-20260907/kvchime/Fugue-asplos-raw/profiles/shared-10c588e9e7c6245be8b5,6.424226000000001,16082,8411,shared_single_query
shared-6f7971e5a5d7c8976db2,21790,16.756510000000002,7,8528,16640,87326720,387784704.00000006,8000,8,5977c9a3c82f3a55e5b8b3515c7702e16f709523ac32c15aaf47fade1a86f862,/data2/chenyi9/KV-PIM/attacc-fugue/output/KVChime-multi-model-TP4-20260907/kvchime/Fugue-asplos-raw/profiles/shared-6f7971e5a5d7c8976db2,7.5208200000000005,16082,8411,shared_MQ
shared-6949a5afed8242ad66f4,35447,27.258743000000003,6,16640,16640,170393600,753278976.0,8000,8,40f4a4404b3b0b95f4974f58b266e60c18374810e92b2dc7f07d3abad4574f81,/data2/chenyi9/KV-PIM/attacc-fugue/output/KVChime-multi-model-TP4-20260907/kvchime/Fugue-asplos-raw/profiles/shared-6949a5afed8242ad66f4,6.424226000000001,16084,8413,shared_single_query
shared-96fb6b9818cacb040a97,21790,16.756510000000002,7,8528,16640,87326720,387784704.00000006,8000,8,5977c9a3c82f3a55e5b8b3515c7702e16f709523ac32c15aaf47fade1a86f862,/data2/chenyi9/KV-PIM/attacc-fugue/output/KVChime-multi-model-TP4-20260907/kvchime/Fugue-asplos-raw/profiles/shared-96fb6b9818cacb040a97,7.5208200000000005,16084,8413,shared_MQ
shared-bd30e2a794bb302a4fb1,35447,27.258743000000003,6,16640,16640,170393600,753278976.0,8000,8,40f4a4404b3b0b95f4974f58b266e60c18374810e92b2dc7f07d3abad4574f81,/data2/chenyi9/KV-PIM/attacc-fugue/output/KVChime-multi-model-TP4-20260907/kvchime/Fugue-asplos-raw/profiles/shared-bd30e2a794bb302a4fb1,6.424226000000001,16086,8415,shared_single_query
shared-fcf0f5a75c0ace00c6ae,21790,16.756510000000002,7,8528,16640,87326720,387784704.00000006,8000,8,5977c9a3c82f3a55e5b8b3515c7702e16f709523ac32c15aaf47fade1a86f862,/data2/chenyi9/KV-PIM/attacc-fugue/output/KVChime-multi-model-TP4-20260907/kvchime/Fugue-asplos-raw/profiles/shared-fcf0f5a75c0ace00c6ae,7.5208200000000005,16086,8415,shared_MQ
shared-e1525390d477ca805d2f,35447,27.258743000000003,6,16640,16640,170393600,753278976.0,8000,8,40f4a4404b3b0b95f4974f58b266e60c18374810e92b2dc7f07d3abad4574f81,/data2/chenyi9/KV-PIM/attacc-fugue/output/KVChime-multi-model-TP4-20260907/kvchime/Fugue-asplos-raw/profiles/shared-e1525390d477ca805d2f,6.424226000000001,16088,8417,shared_single_query
shared-aa21f2d1ce7b13d1082d,21790,16.756510000000002,7,8528,16640,87326720,387784704.00000006,8000,8,5977c9a3c82f3a55e5b8b3515c7702e16f709523ac32c15aaf47fade1a86f862,/data2/chenyi9/KV-PIM/attacc-fugue/output/KVChime-multi-model-TP4-20260907/kvchime/Fugue-asplos-raw/profiles/shared-aa21f2d1ce7b13d1082d,7.5208200000000005,16088,8417,shared_MQ
shared-a0a0ecba16bf3600ad43,35447,27.258743000000003,6,16640,16640,170393600,753278976.0,8000,8,40f4a4404b3b0b95f4974f58b266e60c18374810e92b2dc7f07d3abad4574f81,/data2/chenyi9/KV-PIM/attacc-fugue/output/KVChime-multi-model-TP4-20260907/kvchime/Fugue-asplos-raw/profiles/shared-a0a0ecba16bf3600ad43,6.424226000000001,16090,8419,shared_single_query
shared-6f28ed0e1e6420cd3539,21790,16.756510000000002,7,8528,16640,87326720,387784704.00000006,8000,8,5977c9a3c82f3a55e5b8b3515c7702e16f709523ac32c15aaf47fade1a86f862,/data2/chenyi9/KV-PIM/attacc-fugue/output/KVChime-multi-model-TP4-20260907/kvchime/Fugue-asplos-raw/profiles/shared-6f28ed0e1e6420cd3539,7.5208200000000005,16090,8419,shared_MQ
shared-33e42d8c40dcecb394d0,35447,27.258743000000003,6,16640,16640,170393600,753278976.0,8000,8,40f4a4404b3b0b95f4974f58b266e60c18374810e92b2dc7f07d3abad4574f81,/data2/chenyi9/KV-PIM/attacc-fugue/output/KVChime-multi-model-TP4-20260907/kvchime/Fugue-asplos-raw/profiles/shared-33e42d8c40dcecb394d0,6.424226000000001,16092,8421,shared_single_query
shared-abca4eeb9f8f5ddd2c2d,21790,16.756510000000002,7,8528,16640,87326720,387784704.00000006,8000,8,5977c9a3c82f3a55e5b8b3515c7702e16f709523ac32c15aaf47fade1a86f862,/data2/chenyi9/KV-PIM/attacc-fugue/output/KVChime-multi-model-TP4-20260907/kvchime/Fugue-asplos-raw/profiles/shared-abca4eeb9f8f5ddd2c2d,7.5208200000000005,16092,8421,shared_MQ
shared-f5768edcb3263f74c705,35447,27.258743000000003,6,16640,16640,170393600,753278976.0,8000,8,40f4a4404b3b0b95f4974f58b266e60c18374810e92b2dc7f07d3abad4574f81,/data2/chenyi9/KV-PIM/attacc-fugue/output/KVChime-multi-model-TP4-20260907/kvchime/Fugue-asplos-raw/profiles/shared-f5768edcb3263f74c705,6.424226000000001,16094,8423,shared_single_query
shared-a00bd0ddbb5ce54f7d6a,21790,16.756510000000002,7,8528,16640,87326720,387784704.00000006,8000,8,5977c9a3c82f3a55e5b8b3515c7702e16f709523ac32c15aaf47fade1a86f862,/data2/chenyi9/KV-PIM/attacc-fugue/output/KVChime-multi-model-TP4-20260907/kvchime/Fugue-asplos-raw/profiles/shared-a00bd0ddbb5ce54f7d6a,7.5208200000000005,16094,8423,shared_MQ
shared-1f764dd91887c1919f4c,35447,27.258743000000003,6,16640,16640,170393600,753278976.0,8000,8,40f4a4404b3b0b95f4974f58b266e60c18374810e92b2dc7f07d3abad4574f81,/data2/chenyi9/KV-PIM/attacc-fugue/output/KVChime-multi-model-TP4-20260907/kvchime/Fugue-asplos-raw/profiles/shared-1f764dd91887c1919f4c,6.424226000000001,16096,8425,shared_single_query
shared-fdf471519c3564a95fd9,21790,16.756510000000002,7,8528,16640,87326720,387784704.00000006,8000,8,5977c9a3c82f3a55e5b8b3515c7702e16f709523ac32c15aaf47fade1a86f862,/data2/chenyi9/KV-PIM/attacc-fugue/output/KVChime-multi-model-TP4-20260907/kvchime/Fugue-asplos-raw/profiles/shared-fdf471519c3564a95fd9,7.5208200000000005,16096,8425,shared_MQ
shared-89c93ad56f3fa03820dc,35447,27.258743000000003,6,16640,16640,170393600,753278976.0,8000,8,40f4a4404b3b0b95f4974f58b266e60c18374810e92b2dc7f07d3abad4574f81,/data2/chenyi9/KV-PIM/attacc-fugue/output/KVChime-multi-model-TP4-20260907/kvchime/Fugue-asplos-raw/profiles/shared-89c93ad56f3fa03820dc,6.424226000000001,16098,8427,shared_single_query
shared-5f28c6be9734c2d4d038,21790,16.756510000000002,7,8528,16640,87326720,387784704.00000006,8000,8,5977c9a3c82f3a55e5b8b3515c7702e16f709523ac32c15aaf47fade1a86f862,/data2/chenyi9/KV-PIM/attacc-fugue/output/KVChime-multi-model-TP4-20260907/kvchime/Fugue-asplos-raw/profiles/shared-5f28c6be9734c2d4d038,7.5208200000000005,16098,8427,shared_MQ
shared-0cafcc7460a8638297a8,35447,27.258743000000003,6,16640,16640,170393600,753278976.0,8000,8,40f4a4404b3b0b95f4974f58b266e60c18374810e92b2dc7f07d3abad4574f81,/data2/chenyi9/KV-PIM/attacc-fugue/output/KVChime-multi-model-TP4-20260907/kvchime/Fugue-asplos-raw/profiles/shared-0cafcc7460a8638297a8,6.424226000000001,16100,8429,shared_single_query
shared-43fb51e83e631d81cb20,21790,16.756510000000002,7,8528,16640,87326720,387784704.00000006,8000,8,5977c9a3c82f3a55e5b8b3515c7702e16f709523ac32c15aaf47fade1a86f862,/data2/chenyi9/KV-PIM/attacc-fugue/output/KVChime-multi-model-TP4-20260907/kvchime/Fugue-asplos-raw/profiles/shared-43fb51e83e631d81cb20,7.5208200000000005,16100,8429,shared_MQ
shared-d45b0dab01b44d4f769b,34020,26.16138,8,8304,66432,85032960,388333568.00000006,32000,32,7e88f19fd6917a7f1f7be8e5dc165d08f9480e06aa73b7c30598aace14798bf4,/data2/chenyi9/KV-PIM/attacc-fugue/output/KVChime-multi-model-TP4-20260907/kvchime/Fugue-asplos-raw/profiles/shared-d45b0dab01b44d4f769b,12.647743,64280,8775,shared_MQ
shared-1a249e09055f6d15a54e,24534,18.866646,7,8304,33216,85032960,381239296.0000001,16000,16,7d6db107653b4d9b73d83a913bc36ab559c2807ed81b09ba86a088853215f3a8,/data2/chenyi9/KV-PIM/attacc-fugue/output/KVChime-multi-model-TP4-20260907/kvchime/Fugue-asplos-raw/profiles/shared-1a249e09055f6d15a54e,8.930397000000001,32140,8775,shared_MQ
shared-9aa9ea81af1528cce903,34020,26.16138,8,8304,66432,85032960,388333568.00000006,32000,32,001ccc0bfd1000fc9ecb5a4ef06712ea9c8ccd92a7eabd724e9629b9046c8d5c,/data2/chenyi9/KV-PIM/attacc-fugue/output/KVChime-multi-model-TP4-20260907/kvchime/Fugue-asplos-raw/profiles/shared-9aa9ea81af1528cce903,12.647743,64280,8775,shared_MQ
shared-85c62c02f93e534ed4b8,24534,18.866646,7,8304,33216,85032960,381239296.0000001,16000,16,9ad85201d673381bccbff5cc5fdb86cb242c82406c0e115b9be3bd4264c7b291,/data2/chenyi9/KV-PIM/attacc-fugue/output/KVChime-multi-model-TP4-20260907/kvchime/Fugue-asplos-raw/profiles/shared-85c62c02f93e534ed4b8,8.930397000000001,32140,8775,shared_MQ
shared-13a58d59c9d9237df5d7,34020,26.16138,8,8304,66432,85032960,388333568.00000006,32000,32,8a8b245254edb2ff01bb58d52f0760b57ae2700a951d3e7f4c968f1b04649c49,/data2/chenyi9/KV-PIM/attacc-fugue/output/KVChime-multi-model-TP4-20260907/kvchime/Fugue-asplos-raw/profiles/shared-13a58d59c9d9237df5d7,12.647743,64280,8775,shared_MQ
shared-5616c65ffd24567c3ac9,24534,18.866646,7,8304,33216,85032960,381239296.0000001,16000,16,a96d11f68ea5b1b17955512db65d0a95894d2e7c4708c7c9ecf355b8a3c03673,/data2/chenyi9/KV-PIM/attacc-fugue/output/KVChime-multi-model-TP4-20260907/kvchime/Fugue-asplos-raw/profiles/shared-5616c65ffd24567c3ac9,8.930397000000001,32140,8775,shared_MQ
shared-cb061f042c71af7a890c,34020,26.16138,8,8304,66432,85032960,388333568.00000006,32000,32,528644c735a29d16fa2a2f03bd36f4fbd2b362a944985137c91b36ddb4139723,/data2/chenyi9/KV-PIM/attacc-fugue/output/KVChime-multi-model-TP4-20260907/kvchime/Fugue-asplos-raw/profiles/shared-cb061f042c71af7a890c,12.647743,64280,8775,shared_MQ
shared-1bbc96603b3a77c74804,24534,18.866646,7,8304,33216,85032960,381239296.0000001,16000,16,2f84c4259eb5af68b4630feadac24b051d0b3ccbd22dbfce9144e4a5a8922769,/data2/chenyi9/KV-PIM/attacc-fugue/output/KVChime-multi-model-TP4-20260907/kvchime/Fugue-asplos-raw/profiles/shared-1bbc96603b3a77c74804,8.930397000000001,32140,8775,shared_MQ
shared-10d03846894e05182711,71676,55.118844,6,33216,33216,340131840,1503674368.0,16000,16,b7d8732bb8c97aec5fac5e78b32693e8c88952e12977404b6186feec935496b3,/data2/chenyi9/KV-PIM/attacc-fugue/output/KVChime-multi-model-TP4-20260907/kvchime/Fugue-asplos-raw/profiles/shared-10d03846894e05182711,6.424226000000001,32144,8779,shared_single_query
shared-4ae6d81304ae7ecbd0f9,26174,20.127806,7,8880,33216,90931200,407191552.0,16000,16,1dcae4a016b54ec53eb6e18546fe3814de989b11e273e769983d8166e8698a49,/data2/chenyi9/KV-PIM/attacc-fugue/output/KVChime-multi-model-TP4-20260907/kvchime/Fugue-asplos-raw/profiles/shared-4ae6d81304ae7ecbd0f9,8.856573000000001,32144,8779,shared_MQ
shared-c6899778880b26a5750a,71676,55.118844,6,33216,33216,340131840,1503674368.0,16000,16,b7d8732bb8c97aec5fac5e78b32693e8c88952e12977404b6186feec935496b3,/data2/chenyi9/KV-PIM/attacc-fugue/output/KVChime-multi-model-TP4-20260907/kvchime/Fugue-asplos-raw/profiles/shared-c6899778880b26a5750a,6.424226000000001,32148,8783,shared_single_query
shared-51beabdc72299287406b,26174,20.127806,7,8880,33216,90931200,407191552.0,16000,16,1dcae4a016b54ec53eb6e18546fe3814de989b11e273e769983d8166e8698a49,/data2/chenyi9/KV-PIM/attacc-fugue/output/KVChime-multi-model-TP4-20260907/kvchime/Fugue-asplos-raw/profiles/shared-51beabdc72299287406b,8.856573000000001,32148,8783,shared_MQ
shared-fe3af35ca82ab2a71cb6,71676,55.118844,6,33216,33216,340131840,1503674368.0,16000,16,b7d8732bb8c97aec5fac5e78b32693e8c88952e12977404b6186feec935496b3,/data2/chenyi9/KV-PIM/attacc-fugue/output/KVChime-multi-model-TP4-20260907/kvchime/Fugue-asplos-raw/profiles/shared-fe3af35ca82ab2a71cb6,6.424226000000001,32152,8787,shared_single_query
shared-ab1f5e9438380462a32a,26174,20.127806,7,8880,33216,90931200,407191552.0,16000,16,1dcae4a016b54ec53eb6e18546fe3814de989b11e273e769983d8166e8698a49,/data2/chenyi9/KV-PIM/attacc-fugue/output/KVChime-multi-model-TP4-20260907/kvchime/Fugue-asplos-raw/profiles/shared-ab1f5e9438380462a32a,8.856573000000001,32152,8787,shared_MQ
shared-3dffbf8674d8d14fa6bc,71676,55.118844,6,33216,33216,340131840,1503674368.0,16000,16,b7d8732bb8c97aec5fac5e78b32693e8c88952e12977404b6186feec935496b3,/data2/chenyi9/KV-PIM/attacc-fugue/output/KVChime-multi-model-TP4-20260907/kvchime/Fugue-asplos-raw/profiles/shared-3dffbf8674d8d14fa6bc,6.424226000000001,32156,8791,shared_single_query
shared-c900bd3634b35ea607b0,26174,20.127806,7,8880,33216,90931200,407191552.0,16000,16,1dcae4a016b54ec53eb6e18546fe3814de989b11e273e769983d8166e8698a49,/data2/chenyi9/KV-PIM/attacc-fugue/output/KVChime-multi-model-TP4-20260907/kvchime/Fugue-asplos-raw/profiles/shared-c900bd3634b35ea607b0,8.856573000000001,32156,8791,shared_MQ
shared-a0d1797991321a8e7b54,71758,55.181902,6,33280,33280,340787200,1506557952.0,16000,16,0edb6ecf542c367d48ec2d0833a72fa63b994b9fdc1a13d933b465ed31183c9d,/data2/chenyi9/KV-PIM/attacc-fugue/output/KVChime-multi-model-TP4-20260907/kvchime/Fugue-asplos-raw/profiles/shared-a0d1797991321a8e7b54,6.424226000000001,32160,8795,shared_single_query
shared-73142a3084cfeecffce2,26272,20.203168,7,8944,33280,91586560,410075136.0000001,16000,16,abe8c1666c9bb322f328c147e6b7ff0197e3a4b64a815404ea437b251e499cb8,/data2/chenyi9/KV-PIM/attacc-fugue/output/KVChime-multi-model-TP4-20260907/kvchime/Fugue-asplos-raw/profiles/shared-73142a3084cfeecffce2,8.856573000000001,32160,8795,shared_MQ
shared-c1f4c24694d147ae0204,71758,55.181902,6,33280,33280,340787200,1506557952.0,16000,16,0edb6ecf542c367d48ec2d0833a72fa63b994b9fdc1a13d933b465ed31183c9d,/data2/chenyi9/KV-PIM/attacc-fugue/output/KVChime-multi-model-TP4-20260907/kvchime/Fugue-asplos-raw/profiles/shared-c1f4c24694d147ae0204,6.424226000000001,32164,8799,shared_single_query
shared-51f511b62e71d86cea58,26272,20.203168,7,8944,33280,91586560,410075136.0000001,16000,16,abe8c1666c9bb322f328c147e6b7ff0197e3a4b64a815404ea437b251e499cb8,/data2/chenyi9/KV-PIM/attacc-fugue/output/KVChime-multi-model-TP4-20260907/kvchime/Fugue-asplos-raw/profiles/shared-51f511b62e71d86cea58,8.856573000000001,32164,8799,shared_MQ
shared-52a9365b70ebc71a77e4,71758,55.181902,6,33280,33280,340787200,1506557952.0,16000,16,0edb6ecf542c367d48ec2d0833a72fa63b994b9fdc1a13d933b465ed31183c9d,/data2/chenyi9/KV-PIM/attacc-fugue/output/KVChime-multi-model-TP4-20260907/kvchime/Fugue-asplos-raw/profiles/shared-52a9365b70ebc71a77e4,6.424226000000001,32168,8803,shared_single_query
shared-2e841a67cc8b692cd2cd,26272,20.203168,7,8944,33280,91586560,410075136.0000001,16000,16,abe8c1666c9bb322f328c147e6b7ff0197e3a4b64a815404ea437b251e499cb8,/data2/chenyi9/KV-PIM/attacc-fugue/output/KVChime-multi-model-TP4-20260907/kvchime/Fugue-asplos-raw/profiles/shared-2e841a67cc8b692cd2cd,8.856573000000001,32168,8803,shared_MQ
shared-0114052d163c79cf5a99,71758,55.181902,6,33280,33280,340787200,1506557952.0,16000,16,0edb6ecf542c367d48ec2d0833a72fa63b994b9fdc1a13d933b465ed31183c9d,/data2/chenyi9/KV-PIM/attacc-fugue/output/KVChime-multi-model-TP4-20260907/kvchime/Fugue-asplos-raw/profiles/shared-0114052d163c79cf5a99,6.424226000000001,32172,8807,shared_single_query
shared-8e128ba9dfe17381d4af,26272,20.203168,7,8944,33280,91586560,410075136.0000001,16000,16,abe8c1666c9bb322f328c147e6b7ff0197e3a4b64a815404ea437b251e499cb8,/data2/chenyi9/KV-PIM/attacc-fugue/output/KVChime-multi-model-TP4-20260907/kvchime/Fugue-asplos-raw/profiles/shared-8e128ba9dfe17381d4af,8.856573000000001,32172,8807,shared_MQ
shared-611fbd915f12ca0e6406,71758,55.181902,6,33280,33280,340787200,1506557952.0,16000,16,0edb6ecf542c367d48ec2d0833a72fa63b994b9fdc1a13d933b465ed31183c9d,/data2/chenyi9/KV-PIM/attacc-fugue/output/KVChime-multi-model-TP4-20260907/kvchime/Fugue-asplos-raw/profiles/shared-611fbd915f12ca0e6406,6.424226000000001,32176,8811,shared_single_query
shared-eaf32fc30ed303a669a1,26272,20.203168,7,8944,33280,91586560,410075136.0000001,16000,16,abe8c1666c9bb322f328c147e6b7ff0197e3a4b64a815404ea437b251e499cb8,/data2/chenyi9/KV-PIM/attacc-fugue/output/KVChime-multi-model-TP4-20260907/kvchime/Fugue-asplos-raw/profiles/shared-eaf32fc30ed303a669a1,8.856573000000001,32176,8811,shared_MQ
shared-baf8dacf43c273debba9,71758,55.181902,6,33280,33280,340787200,1506557952.0,16000,16,0edb6ecf542c367d48ec2d0833a72fa63b994b9fdc1a13d933b465ed31183c9d,/data2/chenyi9/KV-PIM/attacc-fugue/output/KVChime-multi-model-TP4-20260907/kvchime/Fugue-asplos-raw/profiles/shared-baf8dacf43c273debba9,6.424226000000001,32180,8815,shared_single_query
shared-e65651a7ac11aade241a,26272,20.203168,7,8944,33280,91586560,410075136.0000001,16000,16,abe8c1666c9bb322f328c147e6b7ff0197e3a4b64a815404ea437b251e499cb8,/data2/chenyi9/KV-PIM/attacc-fugue/output/KVChime-multi-model-TP4-20260907/kvchime/Fugue-asplos-raw/profiles/shared-e65651a7ac11aade241a,8.856573000000001,32180,8815,shared_MQ
shared-31384acfb3e7d52e0b4d,71758,55.181902,6,33280,33280,340787200,1506557952.0,16000,16,0edb6ecf542c367d48ec2d0833a72fa63b994b9fdc1a13d933b465ed31183c9d,/data2/chenyi9/KV-PIM/attacc-fugue/output/KVChime-multi-model-TP4-20260907/kvchime/Fugue-asplos-raw/profiles/shared-31384acfb3e7d52e0b4d,6.424226000000001,32184,8819,shared_single_query
shared-c6993da3df14248fdf4a,26272,20.203168,7,8944,33280,91586560,410075136.0000001,16000,16,abe8c1666c9bb322f328c147e6b7ff0197e3a4b64a815404ea437b251e499cb8,/data2/chenyi9/KV-PIM/attacc-fugue/output/KVChime-multi-model-TP4-20260907/kvchime/Fugue-asplos-raw/profiles/shared-c6993da3df14248fdf4a,8.856573000000001,32184,8819,shared_MQ
shared-c874fab4d4f5578c01c8,71758,55.181902,6,33280,33280,340787200,1506557952.0,16000,16,0edb6ecf542c367d48ec2d0833a72fa63b994b9fdc1a13d933b465ed31183c9d,/data2/chenyi9/KV-PIM/attacc-fugue/output/KVChime-multi-model-TP4-20260907/kvchime/Fugue-asplos-raw/profiles/shared-c874fab4d4f5578c01c8,6.424226000000001,32188,8823,shared_single_query
shared-c44aab78be10466268c5,26272,20.203168,7,8944,33280,91586560,410075136.0000001,16000,16,abe8c1666c9bb322f328c147e6b7ff0197e3a4b64a815404ea437b251e499cb8,/data2/chenyi9/KV-PIM/attacc-fugue/output/KVChime-multi-model-TP4-20260907/kvchime/Fugue-asplos-raw/profiles/shared-c44aab78be10466268c5,8.856573000000001,32188,8823,shared_MQ
shared-089d6b55343c51fbfd0f,71758,55.181902,6,33280,33280,340787200,1506557952.0,16000,16,0edb6ecf542c367d48ec2d0833a72fa63b994b9fdc1a13d933b465ed31183c9d,/data2/chenyi9/KV-PIM/attacc-fugue/output/KVChime-multi-model-TP4-20260907/kvchime/Fugue-asplos-raw/profiles/shared-089d6b55343c51fbfd0f,6.424226000000001,32192,8827,shared_single_query
shared-180e793b45afa7087285,26272,20.203168,7,8944,33280,91586560,410075136.0000001,16000,16,abe8c1666c9bb322f328c147e6b7ff0197e3a4b64a815404ea437b251e499cb8,/data2/chenyi9/KV-PIM/attacc-fugue/output/KVChime-multi-model-TP4-20260907/kvchime/Fugue-asplos-raw/profiles/shared-180e793b45afa7087285,8.856573000000001,32192,8827,shared_MQ
shared-769cc1775a7bab108608,71758,55.181902,6,33280,33280,340787200,1506557952.0,16000,16,0edb6ecf542c367d48ec2d0833a72fa63b994b9fdc1a13d933b465ed31183c9d,/data2/chenyi9/KV-PIM/attacc-fugue/output/KVChime-multi-model-TP4-20260907/kvchime/Fugue-asplos-raw/profiles/shared-769cc1775a7bab108608,6.424226000000001,32196,8831,shared_single_query
shared-5dcd67789858ba1398ff,26272,20.203168,7,8944,33280,91586560,410075136.0000001,16000,16,abe8c1666c9bb322f328c147e6b7ff0197e3a4b64a815404ea437b251e499cb8,/data2/chenyi9/KV-PIM/attacc-fugue/output/KVChime-multi-model-TP4-20260907/kvchime/Fugue-asplos-raw/profiles/shared-5dcd67789858ba1398ff,8.856573000000001,32196,8831,shared_MQ
shared-b592021c4f7b5e878d30,71758,55.181902,6,33280,33280,340787200,1506557952.0,16000,16,0edb6ecf542c367d48ec2d0833a72fa63b994b9fdc1a13d933b465ed31183c9d,/data2/chenyi9/KV-PIM/attacc-fugue/output/KVChime-multi-model-TP4-20260907/kvchime/Fugue-asplos-raw/profiles/shared-b592021c4f7b5e878d30,6.424226000000001,32200,8835,shared_single_query
shared-30c8d5bd7f68eb251b1d,26272,20.203168,7,8944,33280,91586560,410075136.0000001,16000,16,abe8c1666c9bb322f328c147e6b7ff0197e3a4b64a815404ea437b251e499cb8,/data2/chenyi9/KV-PIM/attacc-fugue/output/KVChime-multi-model-TP4-20260907/kvchime/Fugue-asplos-raw/profiles/shared-30c8d5bd7f68eb251b1d,8.856573000000001,32200,8835,shared_MQ
shared-891ab0d7aed59ef09e2a,11568,8.895792,8,1712,13696,17530880,78881587.2,3968,16,44cd03583b609c7a5566cdbd3c446023cd5c08cd107751c0e65659e24a1d3073,/data2/chenyi9/KV-PIM/attacc-fugue/output/KVChime-multi-model-TP4-20260907/kvchime/Fugue-asplos-raw/profiles/shared-891ab0d7aed59ef09e2a,0.195326,27360,3420,shared_MQ
shared-7da64bb0b14b1cb1f9e4,8682,6.676458,7,1712,6848,17530880,78008729.6,1984,8,68030df727cba1883678774768653dfd93b40f2f10bd1820e9c06b295871428b,/data2/chenyi9/KV-PIM/attacc-fugue/output/KVChime-multi-model-TP4-20260907/kvchime/Fugue-asplos-raw/profiles/shared-7da64bb0b14b1cb1f9e4,0.09689400000000001,13680,3420,shared_MQ
shared-908d382f8b1574d1e433,16159,12.426271,8,2008,16064,20561920,93826252.80000001,7552,16,814afb078641e6a7c750598603bfaadba5afdc9b109a2e0935e525a48e6da10a,/data2/chenyi9/KV-PIM/attacc-fugue/output/KVChime-multi-model-TP4-20260907/kvchime/Fugue-asplos-raw/profiles/shared-908d382f8b1574d1e433,5.169218,27360,3957,shared_MQ
shared-d62f995d4fd0a6df4bea,11797,9.071893,7,2008,8032,20561920,92149350.4,3776,8,af9d580431cc958ebb37bc87f3f4b0789024a97690d54e3d7f265e502269bd63,/data2/chenyi9/KV-PIM/attacc-fugue/output/KVChime-multi-model-TP4-20260907/kvchime/Fugue-asplos-raw/profiles/shared-d62f995d4fd0a6df4bea,3.5343240000000002,13680,3957,shared_MQ
scan-N3421-H2-Q1,6888,5.2968720000000005,6,1712,1712,17530880,77354086.4,496,2,5fbaed9dace525145ead14ef2d8a56e0e9e23926ddc6faf7d58b3997cd2efc2d,/data2/chenyi9/KV-PIM/attacc-fugue/output/KVChime-multi-model-TP4-20260907/kvchime/Fugue-asplos-raw/profiles/scan-N3421-H2-Q1,,,,
shared-84833ee0497a91b208a9,28000,21.532,6,6848,6848,70123520,309416345.6,1984,8,e572df64fb5152cc8c7b232b91c50b69ad31c53e5c5c4cd8ca5571df380b2348,/data2/chenyi9/KV-PIM/attacc-fugue/output/KVChime-multi-model-TP4-20260907/kvchime/Fugue-asplos-raw/profiles/shared-84833ee0497a91b208a9,0.02307,13684,3421,shared_single_query
shared-532eb6f56d75b86f97d8,8682,6.676458,7,1712,6848,17530880,78008729.6,1984,8,68030df727cba1883678774768653dfd93b40f2f10bd1820e9c06b295871428b,/data2/chenyi9/KV-PIM/attacc-fugue/output/KVChime-multi-model-TP4-20260907/kvchime/Fugue-asplos-raw/profiles/shared-532eb6f56d75b86f97d8,0.09689400000000001,13684,3421,shared_MQ
shared-d8ae5bcc6b7d5d81a43c,33320,25.62308,6,8032,8032,82247680,363566694.40000004,3776,8,6ae6e6dc8ddb74ef99b06232a976143655bc54faebf58534cb5b92741a5b1299,/data2/chenyi9/KV-PIM/attacc-fugue/output/KVChime-multi-model-TP4-20260907/kvchime/Fugue-asplos-raw/profiles/shared-d8ae5bcc6b7d5d81a43c,2.482332,13684,3958,shared_single_query
shared-f46dc361a5b9f1b9e672,11797,9.071893,7,2008,8032,20561920,92149350.4,3776,8,af9d580431cc958ebb37bc87f3f4b0789024a97690d54e3d7f265e502269bd63,/data2/chenyi9/KV-PIM/attacc-fugue/output/KVChime-multi-model-TP4-20260907/kvchime/Fugue-asplos-raw/profiles/shared-f46dc361a5b9f1b9e672,3.5343240000000002,13684,3958,shared_MQ
scan-N3422-H2-Q1,6888,5.2968720000000005,6,1712,1712,17530880,77354086.4,496,2,5fbaed9dace525145ead14ef2d8a56e0e9e23926ddc6faf7d58b3997cd2efc2d,/data2/chenyi9/KV-PIM/attacc-fugue/output/KVChime-multi-model-TP4-20260907/kvchime/Fugue-asplos-raw/profiles/scan-N3422-H2-Q1,,,,
shared-e7b2bcddc1401246de29,28000,21.532,6,6848,6848,70123520,309416345.6,1984,8,e572df64fb5152cc8c7b232b91c50b69ad31c53e5c5c4cd8ca5571df380b2348,/data2/chenyi9/KV-PIM/attacc-fugue/output/KVChime-multi-model-TP4-20260907/kvchime/Fugue-asplos-raw/profiles/shared-e7b2bcddc1401246de29,0.02307,13688,3422,shared_single_query
shared-2a6c86dbb144c5f8a1b9,8682,6.676458,7,1712,6848,17530880,78008729.6,1984,8,68030df727cba1883678774768653dfd93b40f2f10bd1820e9c06b295871428b,/data2/chenyi9/KV-PIM/attacc-fugue/output/KVChime-multi-model-TP4-20260907/kvchime/Fugue-asplos-raw/profiles/shared-2a6c86dbb144c5f8a1b9,0.09689400000000001,13688,3422,shared_MQ
shared-a9211b98b4b7d59eda90,33320,25.62308,6,8032,8032,82247680,363566694.40000004,3776,8,6ae6e6dc8ddb74ef99b06232a976143655bc54faebf58534cb5b92741a5b1299,/data2/chenyi9/KV-PIM/attacc-fugue/output/KVChime-multi-model-TP4-20260907/kvchime/Fugue-asplos-raw/profiles/shared-a9211b98b4b7d59eda90,2.482332,13688,3959,shared_single_query
shared-11a092ea78b1648424d4,11797,9.071893,7,2008,8032,20561920,92149350.4,3776,8,af9d580431cc958ebb37bc87f3f4b0789024a97690d54e3d7f265e502269bd63,/data2/chenyi9/KV-PIM/attacc-fugue/output/KVChime-multi-model-TP4-20260907/kvchime/Fugue-asplos-raw/profiles/shared-11a092ea78b1648424d4,3.5343240000000002,13688,3959,shared_MQ
scan-N3423-H2-Q1,6888,5.2968720000000005,6,1712,1712,17530880,77354086.4,496,2,5fbaed9dace525145ead14ef2d8a56e0e9e23926ddc6faf7d58b3997cd2efc2d,/data2/chenyi9/KV-PIM/attacc-fugue/output/KVChime-multi-model-TP4-20260907/kvchime/Fugue-asplos-raw/profiles/scan-N3423-H2-Q1,,,,
shared-41a527e33c05bc9b8ffa,28000,21.532,6,6848,6848,70123520,309416345.6,1984,8,e572df64fb5152cc8c7b232b91c50b69ad31c53e5c5c4cd8ca5571df380b2348,/data2/chenyi9/KV-PIM/attacc-fugue/output/KVChime-multi-model-TP4-20260907/kvchime/Fugue-asplos-raw/profiles/shared-41a527e33c05bc9b8ffa,0.02307,13692,3423,shared_single_query
shared-069c0bdf5bb64ae95de5,8682,6.676458,7,1712,6848,17530880,78008729.6,1984,8,68030df727cba1883678774768653dfd93b40f2f10bd1820e9c06b295871428b,/data2/chenyi9/KV-PIM/attacc-fugue/output/KVChime-multi-model-TP4-20260907/kvchime/Fugue-asplos-raw/profiles/shared-069c0bdf5bb64ae95de5,0.09689400000000001,13692,3423,shared_MQ
shared-c925ebfc4a3598ba3608,33320,25.62308,6,8032,8032,82247680,363566694.40000004,3776,8,6ae6e6dc8ddb74ef99b06232a976143655bc54faebf58534cb5b92741a5b1299,/data2/chenyi9/KV-PIM/attacc-fugue/output/KVChime-multi-model-TP4-20260907/kvchime/Fugue-asplos-raw/profiles/shared-c925ebfc4a3598ba3608,2.482332,13692,3960,shared_single_query
shared-539780a4b44a652a623f,11797,9.071893,7,2008,8032,20561920,92149350.4,3776,8,af9d580431cc958ebb37bc87f3f4b0789024a97690d54e3d7f265e502269bd63,/data2/chenyi9/KV-PIM/attacc-fugue/output/KVChime-multi-model-TP4-20260907/kvchime/Fugue-asplos-raw/profiles/shared-539780a4b44a652a623f,3.5343240000000002,13692,3960,shared_MQ
scan-N3424-H2-Q1,6888,5.2968720000000005,6,1712,1712,17530880,77354086.4,496,2,5fbaed9dace525145ead14ef2d8a56e0e9e23926ddc6faf7d58b3997cd2efc2d,/data2/chenyi9/KV-PIM/attacc-fugue/output/KVChime-multi-model-TP4-20260907/kvchime/Fugue-asplos-raw/profiles/scan-N3424-H2-Q1,,,,
shared-1e91430678aa24497b47,28000,21.532,6,6848,6848,70123520,309416345.6,1984,8,e572df64fb5152cc8c7b232b91c50b69ad31c53e5c5c4cd8ca5571df380b2348,/data2/chenyi9/KV-PIM/attacc-fugue/output/KVChime-multi-model-TP4-20260907/kvchime/Fugue-asplos-raw/profiles/shared-1e91430678aa24497b47,0.02307,13696,3424,shared_single_query
shared-cab5bf7007cf402e5cdc,8682,6.676458,7,1712,6848,17530880,78008729.6,1984,8,68030df727cba1883678774768653dfd93b40f2f10bd1820e9c06b295871428b,/data2/chenyi9/KV-PIM/attacc-fugue/output/KVChime-multi-model-TP4-20260907/kvchime/Fugue-asplos-raw/profiles/shared-cab5bf7007cf402e5cdc,0.09689400000000001,13696,3424,shared_MQ
shared-41694cbf3e5d51fbf2ac,33320,25.62308,6,8032,8032,82247680,363566694.40000004,3776,8,6ae6e6dc8ddb74ef99b06232a976143655bc54faebf58534cb5b92741a5b1299,/data2/chenyi9/KV-PIM/attacc-fugue/output/KVChime-multi-model-TP4-20260907/kvchime/Fugue-asplos-raw/profiles/shared-41694cbf3e5d51fbf2ac,2.482332,13696,3961,shared_single_query
shared-580f41c462f7f2dd1d63,11797,9.071893,7,2008,8032,20561920,92149350.4,3776,8,af9d580431cc958ebb37bc87f3f4b0789024a97690d54e3d7f265e502269bd63,/data2/chenyi9/KV-PIM/attacc-fugue/output/KVChime-multi-model-TP4-20260907/kvchime/Fugue-asplos-raw/profiles/shared-580f41c462f7f2dd1d63,3.5343240000000002,13696,3961,shared_MQ
scan-N3425-H2-Q1,6912,5.315328,6,1720,1720,17612800,77714534.4,496,2,1240ef5eeb12d96f9be3801d144314a3f4233c682359e29ad537fb13caeb4375,/data2/chenyi9/KV-PIM/attacc-fugue/output/KVChime-multi-model-TP4-20260907/kvchime/Fugue-asplos-raw/profiles/scan-N3425-H2-Q1,,,,
shared-3c95fff6f32be21a211e,28089,21.600441,6,6880,6880,70451200,310858137.6,1984,8,7186eb5de66044ca392e7f831e8cfe25f9cf9274ebbe55e740f16c7dd7418828,/data2/chenyi9/KV-PIM/attacc-fugue/output/KVChime-multi-model-TP4-20260907/kvchime/Fugue-asplos-raw/profiles/shared-3c95fff6f32be21a211e,0.02307,13700,3425,shared_single_query
shared-a576ec132325821ff775,8710,6.69799,7,1720,6880,17612800,78369177.60000001,1984,8,a307dc7187732a269a2d5d19d42cbfa9f9c8d2be042ac7b76ae583985bed98eb,/data2/chenyi9/KV-PIM/attacc-fugue/output/KVChime-multi-model-TP4-20260907/kvchime/Fugue-asplos-raw/profiles/shared-a576ec132325821ff775,0.09689400000000001,13700,3425,shared_MQ
shared-684a1620e547e80312f4,33320,25.62308,6,8032,8032,82247680,363566694.40000004,3776,8,6ae6e6dc8ddb74ef99b06232a976143655bc54faebf58534cb5b92741a5b1299,/data2/chenyi9/KV-PIM/attacc-fugue/output/KVChime-multi-model-TP4-20260907/kvchime/Fugue-asplos-raw/profiles/shared-684a1620e547e80312f4,2.482332,13700,3962,shared_single_query
shared-d7563cedf4375912d4b1,11797,9.071893,7,2008,8032,20561920,92149350.4,3776,8,af9d580431cc958ebb37bc87f3f4b0789024a97690d54e3d7f265e502269bd63,/data2/chenyi9/KV-PIM/attacc-fugue/output/KVChime-multi-model-TP4-20260907/kvchime/Fugue-asplos-raw/profiles/shared-d7563cedf4375912d4b1,3.5343240000000002,13700,3962,shared_MQ
scan-N3426-H2-Q1,6912,5.315328,6,1720,1720,17612800,77714534.4,496,2,1240ef5eeb12d96f9be3801d144314a3f4233c682359e29ad537fb13caeb4375,/data2/chenyi9/KV-PIM/attacc-fugue/output/KVChime-multi-model-TP4-20260907/kvchime/Fugue-asplos-raw/profiles/scan-N3426-H2-Q1,,,,
shared-007dbba3e12b5adf7295,28089,21.600441,6,6880,6880,70451200,310858137.6,1984,8,7186eb5de66044ca392e7f831e8cfe25f9cf9274ebbe55e740f16c7dd7418828,/data2/chenyi9/KV-PIM/attacc-fugue/output/KVChime-multi-model-TP4-20260907/kvchime/Fugue-asplos-raw/profiles/shared-007dbba3e12b5adf7295,0.02307,13704,3426,shared_single_query
shared-74a6aa4d5affd66778a2,8710,6.69799,7,1720,6880,17612800,78369177.60000001,1984,8,a307dc7187732a269a2d5d19d42cbfa9f9c8d2be042ac7b76ae583985bed98eb,/data2/chenyi9/KV-PIM/attacc-fugue/output/KVChime-multi-model-TP4-20260907/kvchime/Fugue-asplos-raw/profiles/shared-74a6aa4d5affd66778a2,0.09689400000000001,13704,3426,shared_MQ
shared-a9dea6a8dd69acbd3637,33320,25.62308,6,8032,8032,82247680,363566694.40000004,3776,8,6ae6e6dc8ddb74ef99b06232a976143655bc54faebf58534cb5b92741a5b1299,/data2/chenyi9/KV-PIM/attacc-fugue/output/KVChime-multi-model-TP4-20260907/kvchime/Fugue-asplos-raw/profiles/shared-a9dea6a8dd69acbd3637,2.482332,13704,3963,shared_single_query
shared-9ad2f8fbfd994a8850c9,11797,9.071893,7,2008,8032,20561920,92149350.4,3776,8,af9d580431cc958ebb37bc87f3f4b0789024a97690d54e3d7f265e502269bd63,/data2/chenyi9/KV-PIM/attacc-fugue/output/KVChime-multi-model-TP4-20260907/kvchime/Fugue-asplos-raw/profiles/shared-9ad2f8fbfd994a8850c9,3.5343240000000002,13704,3963,shared_MQ
scan-N3427-H2-Q1,6912,5.315328,6,1720,1720,17612800,77714534.4,496,2,1240ef5eeb12d96f9be3801d144314a3f4233c682359e29ad537fb13caeb4375,/data2/chenyi9/KV-PIM/attacc-fugue/output/KVChime-multi-model-TP4-20260907/kvchime/Fugue-asplos-raw/profiles/scan-N3427-H2-Q1,,,,
shared-c2a8a92d79aca365b610,28089,21.600441,6,6880,6880,70451200,310858137.6,1984,8,7186eb5de66044ca392e7f831e8cfe25f9cf9274ebbe55e740f16c7dd7418828,/data2/chenyi9/KV-PIM/attacc-fugue/output/KVChime-multi-model-TP4-20260907/kvchime/Fugue-asplos-raw/profiles/shared-c2a8a92d79aca365b610,0.02307,13708,3427,shared_single_query
shared-c79f96254e66919dc81d,8710,6.69799,7,1720,6880,17612800,78369177.60000001,1984,8,a307dc7187732a269a2d5d19d42cbfa9f9c8d2be042ac7b76ae583985bed98eb,/data2/chenyi9/KV-PIM/attacc-fugue/output/KVChime-multi-model-TP4-20260907/kvchime/Fugue-asplos-raw/profiles/shared-c79f96254e66919dc81d,0.09689400000000001,13708,3427,shared_MQ
shared-f37fc05bb228390de802,33320,25.62308,6,8032,8032,82247680,363566694.40000004,3776,8,6ae6e6dc8ddb74ef99b06232a976143655bc54faebf58534cb5b92741a5b1299,/data2/chenyi9/KV-PIM/attacc-fugue/output/KVChime-multi-model-TP4-20260907/kvchime/Fugue-asplos-raw/profiles/shared-f37fc05bb228390de802,2.482332,13708,3964,shared_single_query
shared-95fe6d3ec17503c2fe91,11797,9.071893,7,2008,8032,20561920,92149350.4,3776,8,af9d580431cc958ebb37bc87f3f4b0789024a97690d54e3d7f265e502269bd63,/data2/chenyi9/KV-PIM/attacc-fugue/output/KVChime-multi-model-TP4-20260907/kvchime/Fugue-asplos-raw/profiles/shared-95fe6d3ec17503c2fe91,3.5343240000000002,13708,3964,shared_MQ
scan-N3428-H2-Q1,6912,5.315328,6,1720,1720,17612800,77714534.4,496,2,1240ef5eeb12d96f9be3801d144314a3f4233c682359e29ad537fb13caeb4375,/data2/chenyi9/KV-PIM/attacc-fugue/output/KVChime-multi-model-TP4-20260907/kvchime/Fugue-asplos-raw/profiles/scan-N3428-H2-Q1,,,,
shared-96c633f11d4747504bf4,28089,21.600441,6,6880,6880,70451200,310858137.6,1984,8,7186eb5de66044ca392e7f831e8cfe25f9cf9274ebbe55e740f16c7dd7418828,/data2/chenyi9/KV-PIM/attacc-fugue/output/KVChime-multi-model-TP4-20260907/kvchime/Fugue-asplos-raw/profiles/shared-96c633f11d4747504bf4,0.02307,13712,3428,shared_single_query
shared-9bfc4da587d55b679732,8710,6.69799,7,1720,6880,17612800,78369177.60000001,1984,8,a307dc7187732a269a2d5d19d42cbfa9f9c8d2be042ac7b76ae583985bed98eb,/data2/chenyi9/KV-PIM/attacc-fugue/output/KVChime-multi-model-TP4-20260907/kvchime/Fugue-asplos-raw/profiles/shared-9bfc4da587d55b679732,0.09689400000000001,13712,3428,shared_MQ
shared-c6d05a7b2675d5045551,33320,25.62308,6,8032,8032,82247680,363566694.40000004,3776,8,6ae6e6dc8ddb74ef99b06232a976143655bc54faebf58534cb5b92741a5b1299,/data2/chenyi9/KV-PIM/attacc-fugue/output/KVChime-multi-model-TP4-20260907/kvchime/Fugue-asplos-raw/profiles/shared-c6d05a7b2675d5045551,2.482332,13712,3965,shared_single_query
shared-d5c97824e0e6948b73e1,11797,9.071893,7,2008,8032,20561920,92149350.4,3776,8,af9d580431cc958ebb37bc87f3f4b0789024a97690d54e3d7f265e502269bd63,/data2/chenyi9/KV-PIM/attacc-fugue/output/KVChime-multi-model-TP4-20260907/kvchime/Fugue-asplos-raw/profiles/shared-d5c97824e0e6948b73e1,3.5343240000000002,13712,3965,shared_MQ
scan-N3429-H2-Q1,6912,5.315328,6,1720,1720,17612800,77714534.4,496,2,1240ef5eeb12d96f9be3801d144314a3f4233c682359e29ad537fb13caeb4375,/data2/chenyi9/KV-PIM/attacc-fugue/output/KVChime-multi-model-TP4-20260907/kvchime/Fugue-asplos-raw/profiles/scan-N3429-H2-Q1,,,,
shared-aa8c26b9e7ee14f863a6,28089,21.600441,6,6880,6880,70451200,310858137.6,1984,8,7186eb5de66044ca392e7f831e8cfe25f9cf9274ebbe55e740f16c7dd7418828,/data2/chenyi9/KV-PIM/attacc-fugue/output/KVChime-multi-model-TP4-20260907/kvchime/Fugue-asplos-raw/profiles/shared-aa8c26b9e7ee14f863a6,0.02307,13716,3429,shared_single_query
shared-0e2a8e08baeba69a18df,8710,6.69799,7,1720,6880,17612800,78369177.60000001,1984,8,a307dc7187732a269a2d5d19d42cbfa9f9c8d2be042ac7b76ae583985bed98eb,/data2/chenyi9/KV-PIM/attacc-fugue/output/KVChime-multi-model-TP4-20260907/kvchime/Fugue-asplos-raw/profiles/shared-0e2a8e08baeba69a18df,0.09689400000000001,13716,3429,shared_MQ
shared-bf1e057e2041eb9fd553,33320,25.62308,6,8032,8032,82247680,363566694.40000004,3776,8,6ae6e6dc8ddb74ef99b06232a976143655bc54faebf58534cb5b92741a5b1299,/data2/chenyi9/KV-PIM/attacc-fugue/output/KVChime-multi-model-TP4-20260907/kvchime/Fugue-asplos-raw/profiles/shared-bf1e057e2041eb9fd553,2.482332,13716,3966,shared_single_query
shared-ad200892800f84b1f884,11797,9.071893,7,2008,8032,20561920,92149350.4,3776,8,af9d580431cc958ebb37bc87f3f4b0789024a97690d54e3d7f265e502269bd63,/data2/chenyi9/KV-PIM/attacc-fugue/output/KVChime-multi-model-TP4-20260907/kvchime/Fugue-asplos-raw/profiles/shared-ad200892800f84b1f884,3.5343240000000002,13716,3966,shared_MQ
shared-07a087ff64ac43f4a46b,11664,8.969616,8,1736,13888,17776640,79962931.20000002,3968,16,122e41fde01c446e914dfd41c7cb75bfbce31a2996668627ac0ce4b7a96c4514,/data2/chenyi9/KV-PIM/attacc-fugue/output/KVChime-multi-model-TP4-20260907/kvchime/Fugue-asplos-raw/profiles/shared-07a087ff64ac43f4a46b,0.195326,27664,3458,shared_MQ
shared-c55d9a92739e0a6036ea,16495,12.684655000000001,8,2032,16256,20807680,94907596.80000001,7552,16,4bdda68fec0e13c3ebbb8635c3584d2c2d2bd50402b46a1cadbe4f020e9555ac,/data2/chenyi9/KV-PIM/attacc-fugue/output/KVChime-multi-model-TP4-20260907/kvchime/Fugue-asplos-raw/profiles/shared-c55d9a92739e0a6036ea,5.3337840000000005,27664,4001,shared_MQ
scan-N3459-H2-Q1,6960,5.35224,6,1736,1736,17776640,78435430.4,496,2,d5f76365319ceb509e37d09dfcf8dbab40300424fd0121697ccf239c2ffe8a8d,/data2/chenyi9/KV-PIM/attacc-fugue/output/KVChime-multi-model-TP4-20260907/kvchime/Fugue-asplos-raw/profiles/scan-N3459-H2-Q1,,,,
shared-0065c92fb8d28a4251f9,28281,21.748089,6,6944,6944,71106560,313741721.6,1984,8,3e64f41194fadfd1bb1dcbbe9f48372c36d87473176f8c04b711242f5c2bb8ff,/data2/chenyi9/KV-PIM/attacc-fugue/output/KVChime-multi-model-TP4-20260907/kvchime/Fugue-asplos-raw/profiles/shared-0065c92fb8d28a4251f9,0.02307,13836,3459,shared_single_query
shared-e24982d492e06227554b,8766,6.741054,7,1736,6944,17776640,79090073.60000001,1984,8,5284e20bfe7ef9b9f39472922fc239ce0b82e1a6acc03e7b6fbf93b29b1900cc,/data2/chenyi9/KV-PIM/attacc-fugue/output/KVChime-multi-model-TP4-20260907/kvchime/Fugue-asplos-raw/profiles/shared-e24982d492e06227554b,0.09689400000000001,13836,3459,shared_MQ
shared-df3cf1e7fe7430b4320d,33604,25.841476,6,8128,8128,83230720,367892070.4000001,3776,8,ad02132b35fd8fbec088cdc7e06ed7b22cdeec9657c7f17ffbf271d25ae3faa9,/data2/chenyi9/KV-PIM/attacc-fugue/output/KVChime-multi-model-TP4-20260907/kvchime/Fugue-asplos-raw/profiles/shared-df3cf1e7fe7430b4320d,2.5100160000000002,13836,4002,shared_single_query
shared-da379fae21a5b7a5cb13,11881,9.136489,7,2032,8128,20807680,93230694.4,3776,8,34ba5ceb21e1619e52dc77248096cc05a08148880b86a759c72c3727fdc5cfd1,/data2/chenyi9/KV-PIM/attacc-fugue/output/KVChime-multi-model-TP4-20260907/kvchime/Fugue-asplos-raw/profiles/shared-da379fae21a5b7a5cb13,3.566622,13836,4002,shared_MQ
scan-N3460-H2-Q1,6960,5.35224,6,1736,1736,17776640,78435430.4,496,2,d5f76365319ceb509e37d09dfcf8dbab40300424fd0121697ccf239c2ffe8a8d,/data2/chenyi9/KV-PIM/attacc-fugue/output/KVChime-multi-model-TP4-20260907/kvchime/Fugue-asplos-raw/profiles/scan-N3460-H2-Q1,,,,
shared-f9eeb7c0418bde6eea08,28281,21.748089,6,6944,6944,71106560,313741721.6,1984,8,3e64f41194fadfd1bb1dcbbe9f48372c36d87473176f8c04b711242f5c2bb8ff,/data2/chenyi9/KV-PIM/attacc-fugue/output/KVChime-multi-model-TP4-20260907/kvchime/Fugue-asplos-raw/profiles/shared-f9eeb7c0418bde6eea08,0.02307,13840,3460,shared_single_query
shared-69d6d4bb36d641dac514,8766,6.741054,7,1736,6944,17776640,79090073.60000001,1984,8,5284e20bfe7ef9b9f39472922fc239ce0b82e1a6acc03e7b6fbf93b29b1900cc,/data2/chenyi9/KV-PIM/attacc-fugue/output/KVChime-multi-model-TP4-20260907/kvchime/Fugue-asplos-raw/profiles/shared-69d6d4bb36d641dac514,0.09689400000000001,13840,3460,shared_MQ
shared-cd30c3d773cd072cf00d,33604,25.841476,6,8128,8128,83230720,367892070.4000001,3776,8,ad02132b35fd8fbec088cdc7e06ed7b22cdeec9657c7f17ffbf271d25ae3faa9,/data2/chenyi9/KV-PIM/attacc-fugue/output/KVChime-multi-model-TP4-20260907/kvchime/Fugue-asplos-raw/profiles/shared-cd30c3d773cd072cf00d,2.5100160000000002,13840,4003,shared_single_query
shared-f2446f821cfffb538337,11881,9.136489,7,2032,8128,20807680,93230694.4,3776,8,34ba5ceb21e1619e52dc77248096cc05a08148880b86a759c72c3727fdc5cfd1,/data2/chenyi9/KV-PIM/attacc-fugue/output/KVChime-multi-model-TP4-20260907/kvchime/Fugue-asplos-raw/profiles/shared-f2446f821cfffb538337,3.566622,13840,4003,shared_MQ
scan-N3461-H2-Q1,6960,5.35224,6,1736,1736,17776640,78435430.4,496,2,d5f76365319ceb509e37d09dfcf8dbab40300424fd0121697ccf239c2ffe8a8d,/data2/chenyi9/KV-PIM/attacc-fugue/output/KVChime-multi-model-TP4-20260907/kvchime/Fugue-asplos-raw/profiles/scan-N3461-H2-Q1,,,,
shared-fe0f23b2cefadf47f305,28281,21.748089,6,6944,6944,71106560,313741721.6,1984,8,3e64f41194fadfd1bb1dcbbe9f48372c36d87473176f8c04b711242f5c2bb8ff,/data2/chenyi9/KV-PIM/attacc-fugue/output/KVChime-multi-model-TP4-20260907/kvchime/Fugue-asplos-raw/profiles/shared-fe0f23b2cefadf47f305,0.02307,13844,3461,shared_single_query
shared-d8d5b8e8b5c20703cb3c,8766,6.741054,7,1736,6944,17776640,79090073.60000001,1984,8,5284e20bfe7ef9b9f39472922fc239ce0b82e1a6acc03e7b6fbf93b29b1900cc,/data2/chenyi9/KV-PIM/attacc-fugue/output/KVChime-multi-model-TP4-20260907/kvchime/Fugue-asplos-raw/profiles/shared-d8d5b8e8b5c20703cb3c,0.09689400000000001,13844,3461,shared_MQ
shared-0218b476bba27de2a1aa,33604,25.841476,6,8128,8128,83230720,367892070.4000001,3776,8,ad02132b35fd8fbec088cdc7e06ed7b22cdeec9657c7f17ffbf271d25ae3faa9,/data2/chenyi9/KV-PIM/attacc-fugue/output/KVChime-multi-model-TP4-20260907/kvchime/Fugue-asplos-raw/profiles/shared-0218b476bba27de2a1aa,2.5100160000000002,13844,4004,shared_single_query
shared-38e5082bdf4dda56b01e,11881,9.136489,7,2032,8128,20807680,93230694.4,3776,8,34ba5ceb21e1619e52dc77248096cc05a08148880b86a759c72c3727fdc5cfd1,/data2/chenyi9/KV-PIM/attacc-fugue/output/KVChime-multi-model-TP4-20260907/kvchime/Fugue-asplos-raw/profiles/shared-38e5082bdf4dda56b01e,3.566622,13844,4004,shared_MQ
scan-N3462-H2-Q1,6960,5.35224,6,1736,1736,17776640,78435430.4,496,2,d5f76365319ceb509e37d09dfcf8dbab40300424fd0121697ccf239c2ffe8a8d,/data2/chenyi9/KV-PIM/attacc-fugue/output/KVChime-multi-model-TP4-20260907/kvchime/Fugue-asplos-raw/profiles/scan-N3462-H2-Q1,,,,
shared-7c242ad3005aa1f7f57a,28281,21.748089,6,6944,6944,71106560,313741721.6,1984,8,3e64f41194fadfd1bb1dcbbe9f48372c36d87473176f8c04b711242f5c2bb8ff,/data2/chenyi9/KV-PIM/attacc-fugue/output/KVChime-multi-model-TP4-20260907/kvchime/Fugue-asplos-raw/profiles/shared-7c242ad3005aa1f7f57a,0.02307,13848,3462,shared_single_query
shared-1b36ec952141839ca2b8,8766,6.741054,7,1736,6944,17776640,79090073.60000001,1984,8,5284e20bfe7ef9b9f39472922fc239ce0b82e1a6acc03e7b6fbf93b29b1900cc,/data2/chenyi9/KV-PIM/attacc-fugue/output/KVChime-multi-model-TP4-20260907/kvchime/Fugue-asplos-raw/profiles/shared-1b36ec952141839ca2b8,0.09689400000000001,13848,3462,shared_MQ
shared-55ea67df0d25d17ef6f6,33604,25.841476,6,8128,8128,83230720,367892070.4000001,3776,8,ad02132b35fd8fbec088cdc7e06ed7b22cdeec9657c7f17ffbf271d25ae3faa9,/data2/chenyi9/KV-PIM/attacc-fugue/output/KVChime-multi-model-TP4-20260907/kvchime/Fugue-asplos-raw/profiles/shared-55ea67df0d25d17ef6f6,2.5100160000000002,13848,4005,shared_single_query
shared-5dabb8a3a52cf2920010,11881,9.136489,7,2032,8128,20807680,93230694.4,3776,8,34ba5ceb21e1619e52dc77248096cc05a08148880b86a759c72c3727fdc5cfd1,/data2/chenyi9/KV-PIM/attacc-fugue/output/KVChime-multi-model-TP4-20260907/kvchime/Fugue-asplos-raw/profiles/shared-5dabb8a3a52cf2920010,3.566622,13848,4005,shared_MQ
scan-N3463-H2-Q1,6960,5.35224,6,1736,1736,17776640,78435430.4,496,2,d5f76365319ceb509e37d09dfcf8dbab40300424fd0121697ccf239c2ffe8a8d,/data2/chenyi9/KV-PIM/attacc-fugue/output/KVChime-multi-model-TP4-20260907/kvchime/Fugue-asplos-raw/profiles/scan-N3463-H2-Q1,,,,
shared-f86f33d3ec2320355a2b,28281,21.748089,6,6944,6944,71106560,313741721.6,1984,8,3e64f41194fadfd1bb1dcbbe9f48372c36d87473176f8c04b711242f5c2bb8ff,/data2/chenyi9/KV-PIM/attacc-fugue/output/KVChime-multi-model-TP4-20260907/kvchime/Fugue-asplos-raw/profiles/shared-f86f33d3ec2320355a2b,0.02307,13852,3463,shared_single_query
shared-1ccda429cd3263189968,8766,6.741054,7,1736,6944,17776640,79090073.60000001,1984,8,5284e20bfe7ef9b9f39472922fc239ce0b82e1a6acc03e7b6fbf93b29b1900cc,/data2/chenyi9/KV-PIM/attacc-fugue/output/KVChime-multi-model-TP4-20260907/kvchime/Fugue-asplos-raw/profiles/shared-1ccda429cd3263189968,0.09689400000000001,13852,3463,shared_MQ
shared-319d3ad112f7996b651f,33697,25.912993000000004,6,8160,8160,83558400,369333862.40000004,3776,8,15a4205decb5323f5b4d14a2f0b979f035a2ddeec4bfbea70d82b67d1f2cea18,/data2/chenyi9/KV-PIM/attacc-fugue/output/KVChime-multi-model-TP4-20260907/kvchime/Fugue-asplos-raw/profiles/shared-319d3ad112f7996b651f,2.5100160000000002,13852,4006,shared_single_query
shared-413f9698bab1f2000460,11909,9.158021000000002,7,2040,8160,20889600,93591142.4,3776,8,f04c74d91b5f1aea0a37cbb95286e366042eb702c2c01eacf7175a95de19e87b,/data2/chenyi9/KV-PIM/attacc-fugue/output/KVChime-multi-model-TP4-20260907/kvchime/Fugue-asplos-raw/profiles/shared-413f9698bab1f2000460,3.566622,13852,4006,shared_MQ
scan-N3464-H2-Q1,6960,5.35224,6,1736,1736,17776640,78435430.4,496,2,d5f76365319ceb509e37d09dfcf8dbab40300424fd0121697ccf239c2ffe8a8d,/data2/chenyi9/KV-PIM/attacc-fugue/output/KVChime-multi-model-TP4-20260907/kvchime/Fugue-asplos-raw/profiles/scan-N3464-H2-Q1,,,,
shared-4c0100b2e61dd47e1572,28281,21.748089,6,6944,6944,71106560,313741721.6,1984,8,3e64f41194fadfd1bb1dcbbe9f48372c36d87473176f8c04b711242f5c2bb8ff,/data2/chenyi9/KV-PIM/attacc-fugue/output/KVChime-multi-model-TP4-20260907/kvchime/Fugue-asplos-raw/profiles/shared-4c0100b2e61dd47e1572,0.02307,13856,3464,shared_single_query
shared-e495f7858914c3141cf8,8766,6.741054,7,1736,6944,17776640,79090073.60000001,1984,8,5284e20bfe7ef9b9f39472922fc239ce0b82e1a6acc03e7b6fbf93b29b1900cc,/data2/chenyi9/KV-PIM/attacc-fugue/output/KVChime-multi-model-TP4-20260907/kvchime/Fugue-asplos-raw/profiles/shared-e495f7858914c3141cf8,0.09689400000000001,13856,3464,shared_MQ
shared-9d37fda455e187ae97ae,33697,25.912993000000004,6,8160,8160,83558400,369333862.40000004,3776,8,15a4205decb5323f5b4d14a2f0b979f035a2ddeec4bfbea70d82b67d1f2cea18,/data2/chenyi9/KV-PIM/attacc-fugue/output/KVChime-multi-model-TP4-20260907/kvchime/Fugue-asplos-raw/profiles/shared-9d37fda455e187ae97ae,2.5100160000000002,13856,4007,shared_single_query
shared-c84c74dbab8506da807c,11909,9.158021000000002,7,2040,8160,20889600,93591142.4,3776,8,f04c74d91b5f1aea0a37cbb95286e366042eb702c2c01eacf7175a95de19e87b,/data2/chenyi9/KV-PIM/attacc-fugue/output/KVChime-multi-model-TP4-20260907/kvchime/Fugue-asplos-raw/profiles/shared-c84c74dbab8506da807c,3.566622,13856,4007,shared_MQ
scan-N3465-H2-Q1,6960,5.35224,6,1736,1736,17776640,78435430.4,496,2,d5f76365319ceb509e37d09dfcf8dbab40300424fd0121697ccf239c2ffe8a8d,/data2/chenyi9/KV-PIM/attacc-fugue/output/KVChime-multi-model-TP4-20260907/kvchime/Fugue-asplos-raw/profiles/scan-N3465-H2-Q1,,,,
shared-87e7ed4e66bb96ec8d7d,28281,21.748089,6,6944,6944,71106560,313741721.6,1984,8,3e64f41194fadfd1bb1dcbbe9f48372c36d87473176f8c04b711242f5c2bb8ff,/data2/chenyi9/KV-PIM/attacc-fugue/output/KVChime-multi-model-TP4-20260907/kvchime/Fugue-asplos-raw/profiles/shared-87e7ed4e66bb96ec8d7d,0.02307,13860,3465,shared_single_query
shared-8106e92cf4147a1a2865,8766,6.741054,7,1736,6944,17776640,79090073.60000001,1984,8,5284e20bfe7ef9b9f39472922fc239ce0b82e1a6acc03e7b6fbf93b29b1900cc,/data2/chenyi9/KV-PIM/attacc-fugue/output/KVChime-multi-model-TP4-20260907/kvchime/Fugue-asplos-raw/profiles/shared-8106e92cf4147a1a2865,0.09689400000000001,13860,3465,shared_MQ
shared-07baa7b2f49d76895a6f,33697,25.912993000000004,6,8160,8160,83558400,369333862.40000004,3776,8,15a4205decb5323f5b4d14a2f0b979f035a2ddeec4bfbea70d82b67d1f2cea18,/data2/chenyi9/KV-PIM/attacc-fugue/output/KVChime-multi-model-TP4-20260907/kvchime/Fugue-asplos-raw/profiles/shared-07baa7b2f49d76895a6f,2.5100160000000002,13860,4008,shared_single_query
shared-72d0116c1194f624fd94,11909,9.158021000000002,7,2040,8160,20889600,93591142.4,3776,8,f04c74d91b5f1aea0a37cbb95286e366042eb702c2c01eacf7175a95de19e87b,/data2/chenyi9/KV-PIM/attacc-fugue/output/KVChime-multi-model-TP4-20260907/kvchime/Fugue-asplos-raw/profiles/shared-72d0116c1194f624fd94,3.566622,13860,4008,shared_MQ
scan-N3466-H2-Q1,6960,5.35224,6,1736,1736,17776640,78435430.4,496,2,d5f76365319ceb509e37d09dfcf8dbab40300424fd0121697ccf239c2ffe8a8d,/data2/chenyi9/KV-PIM/attacc-fugue/output/KVChime-multi-model-TP4-20260907/kvchime/Fugue-asplos-raw/profiles/scan-N3466-H2-Q1,,,,
shared-33ad7aefa0dee609ecbb,28281,21.748089,6,6944,6944,71106560,313741721.6,1984,8,3e64f41194fadfd1bb1dcbbe9f48372c36d87473176f8c04b711242f5c2bb8ff,/data2/chenyi9/KV-PIM/attacc-fugue/output/KVChime-multi-model-TP4-20260907/kvchime/Fugue-asplos-raw/profiles/shared-33ad7aefa0dee609ecbb,0.02307,13864,3466,shared_single_query
shared-b0a272fcb47ec244d7df,8766,6.741054,7,1736,6944,17776640,79090073.60000001,1984,8,5284e20bfe7ef9b9f39472922fc239ce0b82e1a6acc03e7b6fbf93b29b1900cc,/data2/chenyi9/KV-PIM/attacc-fugue/output/KVChime-multi-model-TP4-20260907/kvchime/Fugue-asplos-raw/profiles/shared-b0a272fcb47ec244d7df,0.09689400000000001,13864,3466,shared_MQ
shared-14a743df339ab91a5e5d,33697,25.912993000000004,6,8160,8160,83558400,369333862.40000004,3776,8,15a4205decb5323f5b4d14a2f0b979f035a2ddeec4bfbea70d82b67d1f2cea18,/data2/chenyi9/KV-PIM/attacc-fugue/output/KVChime-multi-model-TP4-20260907/kvchime/Fugue-asplos-raw/profiles/shared-14a743df339ab91a5e5d,2.5100160000000002,13864,4009,shared_single_query
shared-d04995eedfa499a1dfe6,11909,9.158021000000002,7,2040,8160,20889600,93591142.4,3776,8,f04c74d91b5f1aea0a37cbb95286e366042eb702c2c01eacf7175a95de19e87b,/data2/chenyi9/KV-PIM/attacc-fugue/output/KVChime-multi-model-TP4-20260907/kvchime/Fugue-asplos-raw/profiles/shared-d04995eedfa499a1dfe6,3.566622,13864,4009,shared_MQ
scan-N3467-H2-Q1,6960,5.35224,6,1736,1736,17776640,78435430.4,496,2,d5f76365319ceb509e37d09dfcf8dbab40300424fd0121697ccf239c2ffe8a8d,/data2/chenyi9/KV-PIM/attacc-fugue/output/KVChime-multi-model-TP4-20260907/kvchime/Fugue-asplos-raw/profiles/scan-N3467-H2-Q1,,,,
shared-6883e5ea15feb5f5037d,28281,21.748089,6,6944,6944,71106560,313741721.6,1984,8,3e64f41194fadfd1bb1dcbbe9f48372c36d87473176f8c04b711242f5c2bb8ff,/data2/chenyi9/KV-PIM/attacc-fugue/output/KVChime-multi-model-TP4-20260907/kvchime/Fugue-asplos-raw/profiles/shared-6883e5ea15feb5f5037d,0.02307,13868,3467,shared_single_query
shared-722e13ed0333e3858a37,8766,6.741054,7,1736,6944,17776640,79090073.60000001,1984,8,5284e20bfe7ef9b9f39472922fc239ce0b82e1a6acc03e7b6fbf93b29b1900cc,/data2/chenyi9/KV-PIM/attacc-fugue/output/KVChime-multi-model-TP4-20260907/kvchime/Fugue-asplos-raw/profiles/shared-722e13ed0333e3858a37,0.09689400000000001,13868,3467,shared_MQ
shared-83a45a12286f474b4b09,33697,25.912993000000004,6,8160,8160,83558400,369333862.40000004,3776,8,15a4205decb5323f5b4d14a2f0b979f035a2ddeec4bfbea70d82b67d1f2cea18,/data2/chenyi9/KV-PIM/attacc-fugue/output/KVChime-multi-model-TP4-20260907/kvchime/Fugue-asplos-raw/profiles/shared-83a45a12286f474b4b09,2.5100160000000002,13868,4010,shared_single_query
shared-490cf8d9eb57d685aa32,11909,9.158021000000002,7,2040,8160,20889600,93591142.4,3776,8,f04c74d91b5f1aea0a37cbb95286e366042eb702c2c01eacf7175a95de19e87b,/data2/chenyi9/KV-PIM/attacc-fugue/output/KVChime-multi-model-TP4-20260907/kvchime/Fugue-asplos-raw/profiles/shared-490cf8d9eb57d685aa32,3.566622,13868,4010,shared_MQ
shared-69516cf435bbf8c952e2,18396,14.146524,8,2096,16768,21463040,98414592.00000001,8960,16,67ae2023f3a0c6aaf1b828fe444f21d34b43ab96362f7337afcf4ae3435c69ed,/data2/chenyi9/KV-PIM/attacc-fugue/output/KVChime-multi-model-TP4-20260907/kvchime/Fugue-asplos-raw/profiles/shared-69516cf435bbf8c952e2,6.387314,32224,4124,shared_MQ
scan-N4029-H2-Q1,7992,6.145848,6,2016,2016,20643840,91079168.0,560,2,101dde720732ce40bf48ffba21b9d9ea0397e42310c3718f8a9135f9e83b97f4,/data2/chenyi9/KV-PIM/attacc-fugue/output/KVChime-multi-model-TP4-20260907/kvchime/Fugue-asplos-raw/profiles/scan-N4029-H2-Q1,,,,
shared-5c3121f4bd8288ebb981,36603,28.147707,6,8384,8384,85852160,379738112.0,4480,8,7d9bef3f3c31b792adfe73799cdd6cafcb2c80832dd248685f469768eaab7481,/data2/chenyi9/KV-PIM/attacc-fugue/output/KVChime-multi-model-TP4-20260907/kvchime/Fugue-asplos-raw/profiles/shared-5c3121f4bd8288ebb981,3.1006080000000003,16116,4125,shared_single_query
shared-9d4ce148cad9738c4bd5,12832,9.867808,7,2096,8384,21463040,96425984.00000003,4480,8,b58f4aa1e4ea17f9f7912e2bc8d90a90bc28993525f1716bce4ff7ad2614ce04,/data2/chenyi9/KV-PIM/attacc-fugue/output/KVChime-multi-model-TP4-20260907/kvchime/Fugue-asplos-raw/profiles/shared-9d4ce148cad9738c4bd5,4.66014,16116,4125,shared_MQ
scan-N4030-H2-Q1,7992,6.145848,6,2016,2016,20643840,91079168.0,560,2,101dde720732ce40bf48ffba21b9d9ea0397e42310c3718f8a9135f9e83b97f4,/data2/chenyi9/KV-PIM/attacc-fugue/output/KVChime-multi-model-TP4-20260907/kvchime/Fugue-asplos-raw/profiles/scan-N4030-H2-Q1,,,,
shared-8f68684e9de99ff89f54,36603,28.147707,6,8384,8384,85852160,379738112.0,4480,8,7d9bef3f3c31b792adfe73799cdd6cafcb2c80832dd248685f469768eaab7481,/data2/chenyi9/KV-PIM/attacc-fugue/output/KVChime-multi-model-TP4-20260907/kvchime/Fugue-asplos-raw/profiles/shared-8f68684e9de99ff89f54,3.1006080000000003,16120,4126,shared_single_query
shared-ad97974815e88f56bf28,12832,9.867808,7,2096,8384,21463040,96425984.00000003,4480,8,b58f4aa1e4ea17f9f7912e2bc8d90a90bc28993525f1716bce4ff7ad2614ce04,/data2/chenyi9/KV-PIM/attacc-fugue/output/KVChime-multi-model-TP4-20260907/kvchime/Fugue-asplos-raw/profiles/shared-ad97974815e88f56bf28,4.66014,16120,4126,shared_MQ
scan-N4031-H2-Q1,7992,6.145848,6,2016,2016,20643840,91079168.0,560,2,101dde720732ce40bf48ffba21b9d9ea0397e42310c3718f8a9135f9e83b97f4,/data2/chenyi9/KV-PIM/attacc-fugue/output/KVChime-multi-model-TP4-20260907/kvchime/Fugue-asplos-raw/profiles/scan-N4031-H2-Q1,,,,
shared-87949d2aa62804fd94fd,36603,28.147707,6,8384,8384,85852160,379738112.0,4480,8,7d9bef3f3c31b792adfe73799cdd6cafcb2c80832dd248685f469768eaab7481,/data2/chenyi9/KV-PIM/attacc-fugue/output/KVChime-multi-model-TP4-20260907/kvchime/Fugue-asplos-raw/profiles/shared-87949d2aa62804fd94fd,3.1006080000000003,16124,4127,shared_single_query
shared-e71779b7cec74ab113ae,12832,9.867808,7,2096,8384,21463040,96425984.00000003,4480,8,b58f4aa1e4ea17f9f7912e2bc8d90a90bc28993525f1716bce4ff7ad2614ce04,/data2/chenyi9/KV-PIM/attacc-fugue/output/KVChime-multi-model-TP4-20260907/kvchime/Fugue-asplos-raw/profiles/shared-e71779b7cec74ab113ae,4.66014,16124,4127,shared_MQ
scan-N4032-H2-Q1,7992,6.145848,6,2016,2016,20643840,91079168.0,560,2,101dde720732ce40bf48ffba21b9d9ea0397e42310c3718f8a9135f9e83b97f4,/data2/chenyi9/KV-PIM/attacc-fugue/output/KVChime-multi-model-TP4-20260907/kvchime/Fugue-asplos-raw/profiles/scan-N4032-H2-Q1,,,,
shared-818a88d6b8c6ed5a7c20,36603,28.147707,6,8384,8384,85852160,379738112.0,4480,8,7d9bef3f3c31b792adfe73799cdd6cafcb2c80832dd248685f469768eaab7481,/data2/chenyi9/KV-PIM/attacc-fugue/output/KVChime-multi-model-TP4-20260907/kvchime/Fugue-asplos-raw/profiles/shared-818a88d6b8c6ed5a7c20,3.1006080000000003,16128,4128,shared_single_query
shared-35761ca30c4c83688361,12832,9.867808,7,2096,8384,21463040,96425984.00000003,4480,8,b58f4aa1e4ea17f9f7912e2bc8d90a90bc28993525f1716bce4ff7ad2614ce04,/data2/chenyi9/KV-PIM/attacc-fugue/output/KVChime-multi-model-TP4-20260907/kvchime/Fugue-asplos-raw/profiles/shared-35761ca30c4c83688361,4.66014,16128,4128,shared_MQ
scan-N4033-H2-Q1,8030,6.17507,6,2024,2024,20725760,91439616.0,560,2,b9d9c999b66ce6dfe9eac1a9e0dfb4b745b9ed019cbf63084c0d4b6c371eb77c,/data2/chenyi9/KV-PIM/attacc-fugue/output/KVChime-multi-model-TP4-20260907/kvchime/Fugue-asplos-raw/profiles/scan-N4033-H2-Q1,,,,
shared-ceab4fce3edd4f79f089,36603,28.147707,6,8384,8384,85852160,379738112.0,4480,8,7d9bef3f3c31b792adfe73799cdd6cafcb2c80832dd248685f469768eaab7481,/data2/chenyi9/KV-PIM/attacc-fugue/output/KVChime-multi-model-TP4-20260907/kvchime/Fugue-asplos-raw/profiles/shared-ceab4fce3edd4f79f089,3.1006080000000003,16132,4129,shared_single_query
shared-e7a9a5fb509cb7902b87,12832,9.867808,7,2096,8384,21463040,96425984.00000003,4480,8,b58f4aa1e4ea17f9f7912e2bc8d90a90bc28993525f1716bce4ff7ad2614ce04,/data2/chenyi9/KV-PIM/attacc-fugue/output/KVChime-multi-model-TP4-20260907/kvchime/Fugue-asplos-raw/profiles/shared-e7a9a5fb509cb7902b87,4.66014,16132,4129,shared_MQ
scan-N4034-H2-Q1,8030,6.17507,6,2024,2024,20725760,91439616.0,560,2,b9d9c999b66ce6dfe9eac1a9e0dfb4b745b9ed019cbf63084c0d4b6c371eb77c,/data2/chenyi9/KV-PIM/attacc-fugue/output/KVChime-multi-model-TP4-20260907/kvchime/Fugue-asplos-raw/profiles/scan-N4034-H2-Q1,,,,
shared-dd83a25e6e62411be7b1,36603,28.147707,6,8384,8384,85852160,379738112.0,4480,8,7d9bef3f3c31b792adfe73799cdd6cafcb2c80832dd248685f469768eaab7481,/data2/chenyi9/KV-PIM/attacc-fugue/output/KVChime-multi-model-TP4-20260907/kvchime/Fugue-asplos-raw/profiles/shared-dd83a25e6e62411be7b1,3.1006080000000003,16136,4130,shared_single_query
shared-b4430b230b5ce40cf7de,12832,9.867808,7,2096,8384,21463040,96425984.00000003,4480,8,b58f4aa1e4ea17f9f7912e2bc8d90a90bc28993525f1716bce4ff7ad2614ce04,/data2/chenyi9/KV-PIM/attacc-fugue/output/KVChime-multi-model-TP4-20260907/kvchime/Fugue-asplos-raw/profiles/shared-b4430b230b5ce40cf7de,4.66014,16136,4130,shared_MQ
scan-N4035-H2-Q1,8030,6.17507,6,2024,2024,20725760,91439616.0,560,2,b9d9c999b66ce6dfe9eac1a9e0dfb4b745b9ed019cbf63084c0d4b6c371eb77c,/data2/chenyi9/KV-PIM/attacc-fugue/output/KVChime-multi-model-TP4-20260907/kvchime/Fugue-asplos-raw/profiles/scan-N4035-H2-Q1,,,,
shared-f0f3c332daae7ba69743,36702,28.223838,6,8416,8416,86179840,381179904.0,4480,8,d236233a7ef726f234393a354100d8bdd494bff3a30fd3dce0ba30abf22282b3,/data2/chenyi9/KV-PIM/attacc-fugue/output/KVChime-multi-model-TP4-20260907/kvchime/Fugue-asplos-raw/profiles/shared-f0f3c332daae7ba69743,3.1006080000000003,16140,4131,shared_single_query
shared-9f3f769ea8e10cc264ca,12840,9.87396,7,2104,8416,21544960,96786432.00000001,4480,8,a147b61608540a0f069957ed3321a1fc4aa516ebdeefa9195047da4aec637984,/data2/chenyi9/KV-PIM/attacc-fugue/output/KVChime-multi-model-TP4-20260907/kvchime/Fugue-asplos-raw/profiles/shared-9f3f769ea8e10cc264ca,4.66014,16140,4131,shared_MQ
scan-N4036-H2-Q1,8030,6.17507,6,2024,2024,20725760,91439616.0,560,2,b9d9c999b66ce6dfe9eac1a9e0dfb4b745b9ed019cbf63084c0d4b6c371eb77c,/data2/chenyi9/KV-PIM/attacc-fugue/output/KVChime-multi-model-TP4-20260907/kvchime/Fugue-asplos-raw/profiles/scan-N4036-H2-Q1,,,,
shared-5160038e02ad3d708772,36702,28.223838,6,8416,8416,86179840,381179904.0,4480,8,d236233a7ef726f234393a354100d8bdd494bff3a30fd3dce0ba30abf22282b3,/data2/chenyi9/KV-PIM/attacc-fugue/output/KVChime-multi-model-TP4-20260907/kvchime/Fugue-asplos-raw/profiles/shared-5160038e02ad3d708772,3.1006080000000003,16144,4132,shared_single_query
shared-798556630716908c86c7,12840,9.87396,7,2104,8416,21544960,96786432.00000001,4480,8,a147b61608540a0f069957ed3321a1fc4aa516ebdeefa9195047da4aec637984,/data2/chenyi9/KV-PIM/attacc-fugue/output/KVChime-multi-model-TP4-20260907/kvchime/Fugue-asplos-raw/profiles/shared-798556630716908c86c7,4.66014,16144,4132,shared_MQ
scan-N4037-H2-Q1,8030,6.17507,6,2024,2024,20725760,91439616.0,560,2,b9d9c999b66ce6dfe9eac1a9e0dfb4b745b9ed019cbf63084c0d4b6c371eb77c,/data2/chenyi9/KV-PIM/attacc-fugue/output/KVChime-multi-model-TP4-20260907/kvchime/Fugue-asplos-raw/profiles/scan-N4037-H2-Q1,,,,
shared-ed17b6642d35775e19ad,36702,28.223838,6,8416,8416,86179840,381179904.0,4480,8,d236233a7ef726f234393a354100d8bdd494bff3a30fd3dce0ba30abf22282b3,/data2/chenyi9/KV-PIM/attacc-fugue/output/KVChime-multi-model-TP4-20260907/kvchime/Fugue-asplos-raw/profiles/shared-ed17b6642d35775e19ad,3.1006080000000003,16148,4133,shared_single_query
shared-06a2601cf12bfd8826f5,12840,9.87396,7,2104,8416,21544960,96786432.00000001,4480,8,a147b61608540a0f069957ed3321a1fc4aa516ebdeefa9195047da4aec637984,/data2/chenyi9/KV-PIM/attacc-fugue/output/KVChime-multi-model-TP4-20260907/kvchime/Fugue-asplos-raw/profiles/shared-06a2601cf12bfd8826f5,4.66014,16148,4133,shared_MQ
scan-N4038-H2-Q1,8030,6.17507,6,2024,2024,20725760,91439616.0,560,2,b9d9c999b66ce6dfe9eac1a9e0dfb4b745b9ed019cbf63084c0d4b6c371eb77c,/data2/chenyi9/KV-PIM/attacc-fugue/output/KVChime-multi-model-TP4-20260907/kvchime/Fugue-asplos-raw/profiles/scan-N4038-H2-Q1,,,,
shared-e318b073d800be16d63b,36702,28.223838,6,8416,8416,86179840,381179904.0,4480,8,d236233a7ef726f234393a354100d8bdd494bff3a30fd3dce0ba30abf22282b3,/data2/chenyi9/KV-PIM/attacc-fugue/output/KVChime-multi-model-TP4-20260907/kvchime/Fugue-asplos-raw/profiles/shared-e318b073d800be16d63b,3.1006080000000003,16152,4134,shared_single_query
shared-7f57963d544e128dede8,12840,9.87396,7,2104,8416,21544960,96786432.00000001,4480,8,a147b61608540a0f069957ed3321a1fc4aa516ebdeefa9195047da4aec637984,/data2/chenyi9/KV-PIM/attacc-fugue/output/KVChime-multi-model-TP4-20260907/kvchime/Fugue-asplos-raw/profiles/shared-7f57963d544e128dede8,4.66014,16152,4134,shared_MQ
scan-N4039-H2-Q1,8030,6.17507,6,2024,2024,20725760,91439616.0,560,2,b9d9c999b66ce6dfe9eac1a9e0dfb4b745b9ed019cbf63084c0d4b6c371eb77c,/data2/chenyi9/KV-PIM/attacc-fugue/output/KVChime-multi-model-TP4-20260907/kvchime/Fugue-asplos-raw/profiles/scan-N4039-H2-Q1,,,,
shared-a726b0b45eb5272205f3,36702,28.223838,6,8416,8416,86179840,381179904.0,4480,8,d236233a7ef726f234393a354100d8bdd494bff3a30fd3dce0ba30abf22282b3,/data2/chenyi9/KV-PIM/attacc-fugue/output/KVChime-multi-model-TP4-20260907/kvchime/Fugue-asplos-raw/profiles/shared-a726b0b45eb5272205f3,3.1006080000000003,16156,4135,shared_single_query
shared-191292153064a6c7c83a,12840,9.87396,7,2104,8416,21544960,96786432.00000001,4480,8,a147b61608540a0f069957ed3321a1fc4aa516ebdeefa9195047da4aec637984,/data2/chenyi9/KV-PIM/attacc-fugue/output/KVChime-multi-model-TP4-20260907/kvchime/Fugue-asplos-raw/profiles/shared-191292153064a6c7c83a,4.66014,16156,4135,shared_MQ
scan-N4040-H2-Q1,8030,6.17507,6,2024,2024,20725760,91439616.0,560,2,b9d9c999b66ce6dfe9eac1a9e0dfb4b745b9ed019cbf63084c0d4b6c371eb77c,/data2/chenyi9/KV-PIM/attacc-fugue/output/KVChime-multi-model-TP4-20260907/kvchime/Fugue-asplos-raw/profiles/scan-N4040-H2-Q1,,,,
shared-6692acd02b4b2a578a8b,36702,28.223838,6,8416,8416,86179840,381179904.0,4480,8,d236233a7ef726f234393a354100d8bdd494bff3a30fd3dce0ba30abf22282b3,/data2/chenyi9/KV-PIM/attacc-fugue/output/KVChime-multi-model-TP4-20260907/kvchime/Fugue-asplos-raw/profiles/shared-6692acd02b4b2a578a8b,3.1006080000000003,16160,4136,shared_single_query
shared-09cd45d948084d68ed82,12840,9.87396,7,2104,8416,21544960,96786432.00000001,4480,8,a147b61608540a0f069957ed3321a1fc4aa516ebdeefa9195047da4aec637984,/data2/chenyi9/KV-PIM/attacc-fugue/output/KVChime-multi-model-TP4-20260907/kvchime/Fugue-asplos-raw/profiles/shared-09cd45d948084d68ed82,4.66014,16160,4136,shared_MQ
scan-N4041-H2-Q1,8030,6.17507,6,2024,2024,20725760,91439616.0,560,2,b9d9c999b66ce6dfe9eac1a9e0dfb4b745b9ed019cbf63084c0d4b6c371eb77c,/data2/chenyi9/KV-PIM/attacc-fugue/output/KVChime-multi-model-TP4-20260907/kvchime/Fugue-asplos-raw/profiles/scan-N4041-H2-Q1,,,,
shared-75099ae7fe62d98f905a,36702,28.223838,6,8416,8416,86179840,381179904.0,4480,8,d236233a7ef726f234393a354100d8bdd494bff3a30fd3dce0ba30abf22282b3,/data2/chenyi9/KV-PIM/attacc-fugue/output/KVChime-multi-model-TP4-20260907/kvchime/Fugue-asplos-raw/profiles/shared-75099ae7fe62d98f905a,3.1006080000000003,16164,4137,shared_single_query
shared-2c5527e90e0e1a83c778,12840,9.87396,7,2104,8416,21544960,96786432.00000001,4480,8,a147b61608540a0f069957ed3321a1fc4aa516ebdeefa9195047da4aec637984,/data2/chenyi9/KV-PIM/attacc-fugue/output/KVChime-multi-model-TP4-20260907/kvchime/Fugue-asplos-raw/profiles/shared-2c5527e90e0e1a83c778,4.66014,16164,4137,shared_MQ
scan-N4042-H2-Q1,8030,6.17507,6,2024,2024,20725760,91439616.0,560,2,b9d9c999b66ce6dfe9eac1a9e0dfb4b745b9ed019cbf63084c0d4b6c371eb77c,/data2/chenyi9/KV-PIM/attacc-fugue/output/KVChime-multi-model-TP4-20260907/kvchime/Fugue-asplos-raw/profiles/scan-N4042-H2-Q1,,,,
shared-44bbb41cb11da65e599d,36702,28.223838,6,8416,8416,86179840,381179904.0,4480,8,d236233a7ef726f234393a354100d8bdd494bff3a30fd3dce0ba30abf22282b3,/data2/chenyi9/KV-PIM/attacc-fugue/output/KVChime-multi-model-TP4-20260907/kvchime/Fugue-asplos-raw/profiles/shared-44bbb41cb11da65e599d,3.1006080000000003,16168,4138,shared_single_query
shared-8fbf9b1e3bc40537960d,12840,9.87396,7,2104,8416,21544960,96786432.00000001,4480,8,a147b61608540a0f069957ed3321a1fc4aa516ebdeefa9195047da4aec637984,/data2/chenyi9/KV-PIM/attacc-fugue/output/KVChime-multi-model-TP4-20260907/kvchime/Fugue-asplos-raw/profiles/shared-8fbf9b1e3bc40537960d,4.66014,16168,4138,shared_MQ
scan-N4043-H2-Q1,8030,6.17507,6,2024,2024,20725760,91439616.0,560,2,b9d9c999b66ce6dfe9eac1a9e0dfb4b745b9ed019cbf63084c0d4b6c371eb77c,/data2/chenyi9/KV-PIM/attacc-fugue/output/KVChime-multi-model-TP4-20260907/kvchime/Fugue-asplos-raw/profiles/scan-N4043-H2-Q1,,,,
shared-38871e99a28e5c128423,36702,28.223838,6,8416,8416,86179840,381179904.0,4480,8,d236233a7ef726f234393a354100d8bdd494bff3a30fd3dce0ba30abf22282b3,/data2/chenyi9/KV-PIM/attacc-fugue/output/KVChime-multi-model-TP4-20260907/kvchime/Fugue-asplos-raw/profiles/shared-38871e99a28e5c128423,3.1006080000000003,16172,4139,shared_single_query
shared-b09864c913ced02e118b,12840,9.87396,7,2104,8416,21544960,96786432.00000001,4480,8,a147b61608540a0f069957ed3321a1fc4aa516ebdeefa9195047da4aec637984,/data2/chenyi9/KV-PIM/attacc-fugue/output/KVChime-multi-model-TP4-20260907/kvchime/Fugue-asplos-raw/profiles/shared-b09864c913ced02e118b,4.66014,16172,4139,shared_MQ
shared-184738e4f54840a3f60e,33960,26.11524,8,4152,33216,42516480,194166784.00000003,16000,16,2a1ef48c7f5e98f6871d8a0c1b01769627b2f05a280b7b872abd492475d2494d,/data2/chenyi9/KV-PIM/attacc-fugue/output/KVChime-multi-model-TP4-20260907/kvchime/Fugue-asplos-raw/profiles/shared-184738e4f54840a3f60e,12.647743,64264,8209,shared_MQ
scan-N8034-H2-Q1,16428,12.633132,6,4024,4024,41205760,181776076.80000004,1072,2,aa2d3d39486a56c3f7bfd01bb5288b7d3fefa8ae1666bb443b7ca31bb57595ba,/data2/chenyi9/KV-PIM/attacc-fugue/output/KVChime-multi-model-TP4-20260907/kvchime/Fugue-asplos-raw/profiles/scan-N8034-H2-Q1,,,,
shared-f64e61cd828b6ec3925c,71676,55.118844,6,16608,16608,170065920,751837184.0,8000,8,4c2cecaf22fd39af59f6f22ada8e7f8a72a0fc66b70d29e38c42cb58a5908e0d,/data2/chenyi9/KV-PIM/attacc-fugue/output/KVChime-multi-model-TP4-20260907/kvchime/Fugue-asplos-raw/profiles/shared-f64e61cd828b6ec3925c,6.424226000000001,32136,8210,shared_single_query
shared-be2c342788011d82f8ab,24534,18.866646,7,4152,16608,42516480,190619648.00000006,8000,8,23de4214ffd718a0644e6755b3cb425cdf41ae837dbc02f4d6fac32f410508d5,/data2/chenyi9/KV-PIM/attacc-fugue/output/KVChime-multi-model-TP4-20260907/kvchime/Fugue-asplos-raw/profiles/shared-be2c342788011d82f8ab,8.900406,32136,8210,shared_MQ
scan-N8035-H2-Q1,16428,12.633132,6,4024,4024,41205760,181776076.80000004,1072,2,aa2d3d39486a56c3f7bfd01bb5288b7d3fefa8ae1666bb443b7ca31bb57595ba,/data2/chenyi9/KV-PIM/attacc-fugue/output/KVChime-multi-model-TP4-20260907/kvchime/Fugue-asplos-raw/profiles/scan-N8035-H2-Q1,,,,
shared-24a084708e7670da4d9e,71676,55.118844,6,16608,16608,170065920,751837184.0,8000,8,4c2cecaf22fd39af59f6f22ada8e7f8a72a0fc66b70d29e38c42cb58a5908e0d,/data2/chenyi9/KV-PIM/attacc-fugue/output/KVChime-multi-model-TP4-20260907/kvchime/Fugue-asplos-raw/profiles/shared-24a084708e7670da4d9e,6.424226000000001,32140,8211,shared_single_query
shared-2dfdf9068026ffab0a0d,24534,18.866646,7,4152,16608,42516480,190619648.00000006,8000,8,23de4214ffd718a0644e6755b3cb425cdf41ae837dbc02f4d6fac32f410508d5,/data2/chenyi9/KV-PIM/attacc-fugue/output/KVChime-multi-model-TP4-20260907/kvchime/Fugue-asplos-raw/profiles/shared-2dfdf9068026ffab0a0d,8.900406,32140,8211,shared_MQ
scan-N8036-H2-Q1,16428,12.633132,6,4024,4024,41205760,181776076.80000004,1072,2,aa2d3d39486a56c3f7bfd01bb5288b7d3fefa8ae1666bb443b7ca31bb57595ba,/data2/chenyi9/KV-PIM/attacc-fugue/output/KVChime-multi-model-TP4-20260907/kvchime/Fugue-asplos-raw/profiles/scan-N8036-H2-Q1,,,,
shared-fa4069e85a6d6bacb056,71676,55.118844,6,16608,16608,170065920,751837184.0,8000,8,4c2cecaf22fd39af59f6f22ada8e7f8a72a0fc66b70d29e38c42cb58a5908e0d,/data2/chenyi9/KV-PIM/attacc-fugue/output/KVChime-multi-model-TP4-20260907/kvchime/Fugue-asplos-raw/profiles/shared-fa4069e85a6d6bacb056,6.424226000000001,32144,8212,shared_single_query
shared-81d8528537b3c923f328,24534,18.866646,7,4152,16608,42516480,190619648.00000006,8000,8,23de4214ffd718a0644e6755b3cb425cdf41ae837dbc02f4d6fac32f410508d5,/data2/chenyi9/KV-PIM/attacc-fugue/output/KVChime-multi-model-TP4-20260907/kvchime/Fugue-asplos-raw/profiles/shared-81d8528537b3c923f328,8.900406,32144,8212,shared_MQ
scan-N8037-H2-Q1,16428,12.633132,6,4024,4024,41205760,181776076.80000004,1072,2,aa2d3d39486a56c3f7bfd01bb5288b7d3fefa8ae1666bb443b7ca31bb57595ba,/data2/chenyi9/KV-PIM/attacc-fugue/output/KVChime-multi-model-TP4-20260907/kvchime/Fugue-asplos-raw/profiles/scan-N8037-H2-Q1,,,,
shared-ba322e4bebd96e737033,71676,55.118844,6,16608,16608,170065920,751837184.0,8000,8,4c2cecaf22fd39af59f6f22ada8e7f8a72a0fc66b70d29e38c42cb58a5908e0d,/data2/chenyi9/KV-PIM/attacc-fugue/output/KVChime-multi-model-TP4-20260907/kvchime/Fugue-asplos-raw/profiles/shared-ba322e4bebd96e737033,6.424226000000001,32148,8213,shared_single_query
shared-a7917c43c9f28928f486,24534,18.866646,7,4152,16608,42516480,190619648.00000006,8000,8,23de4214ffd718a0644e6755b3cb425cdf41ae837dbc02f4d6fac32f410508d5,/data2/chenyi9/KV-PIM/attacc-fugue/output/KVChime-multi-model-TP4-20260907/kvchime/Fugue-asplos-raw/profiles/shared-a7917c43c9f28928f486,8.900406,32148,8213,shared_MQ
scan-N8038-H2-Q1,16428,12.633132,6,4024,4024,41205760,181776076.80000004,1072,2,aa2d3d39486a56c3f7bfd01bb5288b7d3fefa8ae1666bb443b7ca31bb57595ba,/data2/chenyi9/KV-PIM/attacc-fugue/output/KVChime-multi-model-TP4-20260907/kvchime/Fugue-asplos-raw/profiles/scan-N8038-H2-Q1,,,,
shared-2ecc3056e722ee55cf8b,71676,55.118844,6,16608,16608,170065920,751837184.0,8000,8,4c2cecaf22fd39af59f6f22ada8e7f8a72a0fc66b70d29e38c42cb58a5908e0d,/data2/chenyi9/KV-PIM/attacc-fugue/output/KVChime-multi-model-TP4-20260907/kvchime/Fugue-asplos-raw/profiles/shared-2ecc3056e722ee55cf8b,6.424226000000001,32152,8214,shared_single_query
shared-dc835d43d319aed70155,24534,18.866646,7,4152,16608,42516480,190619648.00000006,8000,8,23de4214ffd718a0644e6755b3cb425cdf41ae837dbc02f4d6fac32f410508d5,/data2/chenyi9/KV-PIM/attacc-fugue/output/KVChime-multi-model-TP4-20260907/kvchime/Fugue-asplos-raw/profiles/shared-dc835d43d319aed70155,8.900406,32152,8214,shared_MQ
scan-N8039-H2-Q1,16428,12.633132,6,4024,4024,41205760,181776076.80000004,1072,2,aa2d3d39486a56c3f7bfd01bb5288b7d3fefa8ae1666bb443b7ca31bb57595ba,/data2/chenyi9/KV-PIM/attacc-fugue/output/KVChime-multi-model-TP4-20260907/kvchime/Fugue-asplos-raw/profiles/scan-N8039-H2-Q1,,,,
shared-0d7ca34182df982799b6,71676,55.118844,6,16608,16608,170065920,751837184.0,8000,8,4c2cecaf22fd39af59f6f22ada8e7f8a72a0fc66b70d29e38c42cb58a5908e0d,/data2/chenyi9/KV-PIM/attacc-fugue/output/KVChime-multi-model-TP4-20260907/kvchime/Fugue-asplos-raw/profiles/shared-0d7ca34182df982799b6,6.424226000000001,32156,8215,shared_single_query
shared-fdf05f2e86dc2460d9ea,24534,18.866646,7,4152,16608,42516480,190619648.00000006,8000,8,23de4214ffd718a0644e6755b3cb425cdf41ae837dbc02f4d6fac32f410508d5,/data2/chenyi9/KV-PIM/attacc-fugue/output/KVChime-multi-model-TP4-20260907/kvchime/Fugue-asplos-raw/profiles/shared-fdf05f2e86dc2460d9ea,8.900406,32156,8215,shared_MQ
scan-N8040-H2-Q1,16428,12.633132,6,4024,4024,41205760,181776076.80000004,1072,2,aa2d3d39486a56c3f7bfd01bb5288b7d3fefa8ae1666bb443b7ca31bb57595ba,/data2/chenyi9/KV-PIM/attacc-fugue/output/KVChime-multi-model-TP4-20260907/kvchime/Fugue-asplos-raw/profiles/scan-N8040-H2-Q1,,,,
shared-cfe0589507b47c820fca,71758,55.181902,6,16640,16640,170393600,753278976.0,8000,8,e98fb86cbd3ae4e311e8e18af4db8e8d160e0f0d87aee7979c54762f1ea21ace,/data2/chenyi9/KV-PIM/attacc-fugue/output/KVChime-multi-model-TP4-20260907/kvchime/Fugue-asplos-raw/profiles/shared-cfe0589507b47c820fca,6.424226000000001,32160,8216,shared_single_query
shared-558590ea9ff83d8d56c0,24548,18.877412,7,4160,16640,42598400,190980096.0,8000,8,0d1697f50174049f959ad8ad686147f5a51c0ee822451db6940f251eadc48f48,/data2/chenyi9/KV-PIM/attacc-fugue/output/KVChime-multi-model-TP4-20260907/kvchime/Fugue-asplos-raw/profiles/shared-558590ea9ff83d8d56c0,8.900406,32160,8216,shared_MQ
scan-N8041-H2-Q1,16428,12.633132,6,4024,4024,41205760,181776076.80000004,1072,2,aa2d3d39486a56c3f7bfd01bb5288b7d3fefa8ae1666bb443b7ca31bb57595ba,/data2/chenyi9/KV-PIM/attacc-fugue/output/KVChime-multi-model-TP4-20260907/kvchime/Fugue-asplos-raw/profiles/scan-N8041-H2-Q1,,,,
shared-bd97da1720a868ec2af4,71758,55.181902,6,16640,16640,170393600,753278976.0,8000,8,e98fb86cbd3ae4e311e8e18af4db8e8d160e0f0d87aee7979c54762f1ea21ace,/data2/chenyi9/KV-PIM/attacc-fugue/output/KVChime-multi-model-TP4-20260907/kvchime/Fugue-asplos-raw/profiles/shared-bd97da1720a868ec2af4,6.424226000000001,32164,8217,shared_single_query
shared-9ed0d8acf8dc38de332b,24548,18.877412,7,4160,16640,42598400,190980096.0,8000,8,0d1697f50174049f959ad8ad686147f5a51c0ee822451db6940f251eadc48f48,/data2/chenyi9/KV-PIM/attacc-fugue/output/KVChime-multi-model-TP4-20260907/kvchime/Fugue-asplos-raw/profiles/shared-9ed0d8acf8dc38de332b,8.900406,32164,8217,shared_MQ
scan-N8042-H2-Q1,16428,12.633132,6,4024,4024,41205760,181776076.80000004,1072,2,aa2d3d39486a56c3f7bfd01bb5288b7d3fefa8ae1666bb443b7ca31bb57595ba,/data2/chenyi9/KV-PIM/attacc-fugue/output/KVChime-multi-model-TP4-20260907/kvchime/Fugue-asplos-raw/profiles/scan-N8042-H2-Q1,,,,
shared-b194d36449f78df48ecf,71758,55.181902,6,16640,16640,170393600,753278976.0,8000,8,e98fb86cbd3ae4e311e8e18af4db8e8d160e0f0d87aee7979c54762f1ea21ace,/data2/chenyi9/KV-PIM/attacc-fugue/output/KVChime-multi-model-TP4-20260907/kvchime/Fugue-asplos-raw/profiles/shared-b194d36449f78df48ecf,6.424226000000001,32168,8218,shared_single_query
shared-c325d2bcff573989f70a,24548,18.877412,7,4160,16640,42598400,190980096.0,8000,8,0d1697f50174049f959ad8ad686147f5a51c0ee822451db6940f251eadc48f48,/data2/chenyi9/KV-PIM/attacc-fugue/output/KVChime-multi-model-TP4-20260907/kvchime/Fugue-asplos-raw/profiles/shared-c325d2bcff573989f70a,8.900406,32168,8218,shared_MQ
scan-N8043-H2-Q1,16428,12.633132,6,4024,4024,41205760,181776076.80000004,1072,2,aa2d3d39486a56c3f7bfd01bb5288b7d3fefa8ae1666bb443b7ca31bb57595ba,/data2/chenyi9/KV-PIM/attacc-fugue/output/KVChime-multi-model-TP4-20260907/kvchime/Fugue-asplos-raw/profiles/scan-N8043-H2-Q1,,,,
shared-319c0d10179198fad62f,71758,55.181902,6,16640,16640,170393600,753278976.0,8000,8,e98fb86cbd3ae4e311e8e18af4db8e8d160e0f0d87aee7979c54762f1ea21ace,/data2/chenyi9/KV-PIM/attacc-fugue/output/KVChime-multi-model-TP4-20260907/kvchime/Fugue-asplos-raw/profiles/shared-319c0d10179198fad62f,6.424226000000001,32172,8219,shared_single_query
shared-9108c81fa5dcbb505d90,24548,18.877412,7,4160,16640,42598400,190980096.0,8000,8,0d1697f50174049f959ad8ad686147f5a51c0ee822451db6940f251eadc48f48,/data2/chenyi9/KV-PIM/attacc-fugue/output/KVChime-multi-model-TP4-20260907/kvchime/Fugue-asplos-raw/profiles/shared-9108c81fa5dcbb505d90,8.900406,32172,8219,shared_MQ
scan-N8044-H2-Q1,16428,12.633132,6,4024,4024,41205760,181776076.80000004,1072,2,aa2d3d39486a56c3f7bfd01bb5288b7d3fefa8ae1666bb443b7ca31bb57595ba,/data2/chenyi9/KV-PIM/attacc-fugue/output/KVChime-multi-model-TP4-20260907/kvchime/Fugue-asplos-raw/profiles/scan-N8044-H2-Q1,,,,
shared-9b81deadd26ab75ebaa0,71758,55.181902,6,16640,16640,170393600,753278976.0,8000,8,e98fb86cbd3ae4e311e8e18af4db8e8d160e0f0d87aee7979c54762f1ea21ace,/data2/chenyi9/KV-PIM/attacc-fugue/output/KVChime-multi-model-TP4-20260907/kvchime/Fugue-asplos-raw/profiles/shared-9b81deadd26ab75ebaa0,6.424226000000001,32176,8220,shared_single_query
shared-6b33ed3be6f34817f0bc,24548,18.877412,7,4160,16640,42598400,190980096.0,8000,8,0d1697f50174049f959ad8ad686147f5a51c0ee822451db6940f251eadc48f48,/data2/chenyi9/KV-PIM/attacc-fugue/output/KVChime-multi-model-TP4-20260907/kvchime/Fugue-asplos-raw/profiles/shared-6b33ed3be6f34817f0bc,8.900406,32176,8220,shared_MQ
scan-N8045-H2-Q1,16428,12.633132,6,4024,4024,41205760,181776076.80000004,1072,2,aa2d3d39486a56c3f7bfd01bb5288b7d3fefa8ae1666bb443b7ca31bb57595ba,/data2/chenyi9/KV-PIM/attacc-fugue/output/KVChime-multi-model-TP4-20260907/kvchime/Fugue-asplos-raw/profiles/scan-N8045-H2-Q1,,,,
shared-659cc2b62de8d517c597,71758,55.181902,6,16640,16640,170393600,753278976.0,8000,8,e98fb86cbd3ae4e311e8e18af4db8e8d160e0f0d87aee7979c54762f1ea21ace,/data2/chenyi9/KV-PIM/attacc-fugue/output/KVChime-multi-model-TP4-20260907/kvchime/Fugue-asplos-raw/profiles/shared-659cc2b62de8d517c597,6.424226000000001,32180,8221,shared_single_query
shared-2ab9ab3dc73367506553,24548,18.877412,7,4160,16640,42598400,190980096.0,8000,8,0d1697f50174049f959ad8ad686147f5a51c0ee822451db6940f251eadc48f48,/data2/chenyi9/KV-PIM/attacc-fugue/output/KVChime-multi-model-TP4-20260907/kvchime/Fugue-asplos-raw/profiles/shared-2ab9ab3dc73367506553,8.900406,32180,8221,shared_MQ
scan-N8046-H2-Q1,16428,12.633132,6,4024,4024,41205760,181776076.80000004,1072,2,aa2d3d39486a56c3f7bfd01bb5288b7d3fefa8ae1666bb443b7ca31bb57595ba,/data2/chenyi9/KV-PIM/attacc-fugue/output/KVChime-multi-model-TP4-20260907/kvchime/Fugue-asplos-raw/profiles/scan-N8046-H2-Q1,,,,
shared-0346792a2a8d9cf95dfd,71758,55.181902,6,16640,16640,170393600,753278976.0,8000,8,e98fb86cbd3ae4e311e8e18af4db8e8d160e0f0d87aee7979c54762f1ea21ace,/data2/chenyi9/KV-PIM/attacc-fugue/output/KVChime-multi-model-TP4-20260907/kvchime/Fugue-asplos-raw/profiles/shared-0346792a2a8d9cf95dfd,6.424226000000001,32184,8222,shared_single_query
shared-f62f6136a6d4e8358324,24548,18.877412,7,4160,16640,42598400,190980096.0,8000,8,0d1697f50174049f959ad8ad686147f5a51c0ee822451db6940f251eadc48f48,/data2/chenyi9/KV-PIM/attacc-fugue/output/KVChime-multi-model-TP4-20260907/kvchime/Fugue-asplos-raw/profiles/shared-f62f6136a6d4e8358324,8.900406,32184,8222,shared_MQ
scan-N8047-H2-Q1,16428,12.633132,6,4024,4024,41205760,181776076.80000004,1072,2,aa2d3d39486a56c3f7bfd01bb5288b7d3fefa8ae1666bb443b7ca31bb57595ba,/data2/chenyi9/KV-PIM/attacc-fugue/output/KVChime-multi-model-TP4-20260907/kvchime/Fugue-asplos-raw/profiles/scan-N8047-H2-Q1,,,,
shared-3cd9f884740aaae000bb,71758,55.181902,6,16640,16640,170393600,753278976.0,8000,8,e98fb86cbd3ae4e311e8e18af4db8e8d160e0f0d87aee7979c54762f1ea21ace,/data2/chenyi9/KV-PIM/attacc-fugue/output/KVChime-multi-model-TP4-20260907/kvchime/Fugue-asplos-raw/profiles/shared-3cd9f884740aaae000bb,6.424226000000001,32188,8223,shared_single_query
shared-a9dc3044554092f7a84a,24548,18.877412,7,4160,16640,42598400,190980096.0,8000,8,0d1697f50174049f959ad8ad686147f5a51c0ee822451db6940f251eadc48f48,/data2/chenyi9/KV-PIM/attacc-fugue/output/KVChime-multi-model-TP4-20260907/kvchime/Fugue-asplos-raw/profiles/shared-a9dc3044554092f7a84a,8.900406,32188,8223,shared_MQ
scan-N8048-H2-Q1,16428,12.633132,6,4024,4024,41205760,181776076.80000004,1072,2,aa2d3d39486a56c3f7bfd01bb5288b7d3fefa8ae1666bb443b7ca31bb57595ba,/data2/chenyi9/KV-PIM/attacc-fugue/output/KVChime-multi-model-TP4-20260907/kvchime/Fugue-asplos-raw/profiles/scan-N8048-H2-Q1,,,,
shared-50cd876c3ab9414490c1,71758,55.181902,6,16640,16640,170393600,753278976.0,8000,8,e98fb86cbd3ae4e311e8e18af4db8e8d160e0f0d87aee7979c54762f1ea21ace,/data2/chenyi9/KV-PIM/attacc-fugue/output/KVChime-multi-model-TP4-20260907/kvchime/Fugue-asplos-raw/profiles/shared-50cd876c3ab9414490c1,6.424226000000001,32192,8224,shared_single_query
shared-320991a80894803e1ccf,24548,18.877412,7,4160,16640,42598400,190980096.0,8000,8,0d1697f50174049f959ad8ad686147f5a51c0ee822451db6940f251eadc48f48,/data2/chenyi9/KV-PIM/attacc-fugue/output/KVChime-multi-model-TP4-20260907/kvchime/Fugue-asplos-raw/profiles/shared-320991a80894803e1ccf,8.900406,32192,8224,shared_MQ
shared-9ca24d3ad8aacc618bc7,66672,51.270768000000004,8,8264,66112,84623360,385895628.8,30592,16,f72531c4914ba084383eded77f7074c06a1ddf51b32880cc288c40de43437743,/data2/chenyi9/KV-PIM/attacc-fugue/output/KVChime-multi-model-TP4-20260907/kvchime/Fugue-asplos-raw/profiles/shared-9ca24d3ad8aacc618bc7,23.759024,128360,16381,shared_MQ
scan-N16046-H2-Q1,32838,25.252422000000003,6,8024,8024,82165760,362434969.6000001,2064,2,8ba25e13f90b6240152d2f1fbf16e5c6139d3526c5fa3a71eb46414ce9e1a0eb,/data2/chenyi9/KV-PIM/attacc-fugue/output/KVChime-multi-model-TP4-20260907/kvchime/Fugue-asplos-raw/profiles/scan-N16046-H2-Q1,,,,
shared-987273e3a4b027ee2e91,141948,109.158012,6,33056,33056,338493440,1496147558.4000003,15296,8,325fc9db445c1d868563805e3aeb174d371e803e613049fc53e2be105676d1ce,/data2/chenyi9/KV-PIM/attacc-fugue/output/KVChime-multi-model-TP4-20260907/kvchime/Fugue-asplos-raw/profiles/shared-987273e3a4b027ee2e91,13.092994000000001,64184,16382,shared_single_query
shared-0af4275ccd5c56749d46,48515,37.308035000000004,7,8264,33056,84623360,379119206.4000001,15296,8,82002656b3ebbb615c449ca4b466b64bde8ea0e26738407f90b0f7743dcaae81,/data2/chenyi9/KV-PIM/attacc-fugue/output/KVChime-multi-model-TP4-20260907/kvchime/Fugue-asplos-raw/profiles/shared-0af4275ccd5c56749d46,17.423233,64184,16382,shared_MQ
scan-N16047-H2-Q1,32838,25.252422000000003,6,8024,8024,82165760,362434969.6000001,2064,2,8ba25e13f90b6240152d2f1fbf16e5c6139d3526c5fa3a71eb46414ce9e1a0eb,/data2/chenyi9/KV-PIM/attacc-fugue/output/KVChime-multi-model-TP4-20260907/kvchime/Fugue-asplos-raw/profiles/scan-N16047-H2-Q1,,,,
shared-fb0044f5732b18d546d2,141948,109.158012,6,33056,33056,338493440,1496147558.4000003,15296,8,325fc9db445c1d868563805e3aeb174d371e803e613049fc53e2be105676d1ce,/data2/chenyi9/KV-PIM/attacc-fugue/output/KVChime-multi-model-TP4-20260907/kvchime/Fugue-asplos-raw/profiles/shared-fb0044f5732b18d546d2,13.092994000000001,64188,16383,shared_single_query
shared-397a37b1e3170d456876,48515,37.308035000000004,7,8264,33056,84623360,379119206.4000001,15296,8,82002656b3ebbb615c449ca4b466b64bde8ea0e26738407f90b0f7743dcaae81,/data2/chenyi9/KV-PIM/attacc-fugue/output/KVChime-multi-model-TP4-20260907/kvchime/Fugue-asplos-raw/profiles/shared-397a37b1e3170d456876,17.423233,64188,16383,shared_MQ
scan-N16048-H2-Q1,32838,25.252422000000003,6,8024,8024,82165760,362434969.6000001,2064,2,8ba25e13f90b6240152d2f1fbf16e5c6139d3526c5fa3a71eb46414ce9e1a0eb,/data2/chenyi9/KV-PIM/attacc-fugue/output/KVChime-multi-model-TP4-20260907/kvchime/Fugue-asplos-raw/profiles/scan-N16048-H2-Q1,,,,
shared-124ba5dcc5630f2681b4,141948,109.158012,6,33056,33056,338493440,1496147558.4000003,15296,8,325fc9db445c1d868563805e3aeb174d371e803e613049fc53e2be105676d1ce,/data2/chenyi9/KV-PIM/attacc-fugue/output/KVChime-multi-model-TP4-20260907/kvchime/Fugue-asplos-raw/profiles/shared-124ba5dcc5630f2681b4,13.092994000000001,64192,16384,shared_single_query
shared-a5309d3357f9ec93ba08,48515,37.308035000000004,7,8264,33056,84623360,379119206.4000001,15296,8,82002656b3ebbb615c449ca4b466b64bde8ea0e26738407f90b0f7743dcaae81,/data2/chenyi9/KV-PIM/attacc-fugue/output/KVChime-multi-model-TP4-20260907/kvchime/Fugue-asplos-raw/profiles/shared-a5309d3357f9ec93ba08,17.423233,64192,16384,shared_MQ
scan-N16049-H2-Q1,32862,25.270878,6,8032,8032,82247680,362795417.6,2064,2,5bf8fc24fa402572595fb0ed29a0d7a19b98de76774fc1cd7e5ff4cb00613f9b,/data2/chenyi9/KV-PIM/attacc-fugue/output/KVChime-multi-model-TP4-20260907/kvchime/Fugue-asplos-raw/profiles/scan-N16049-H2-Q1,,,,
shared-80db29a5dd39e3e6b8d9,141948,109.158012,6,33056,33056,338493440,1496147558.4000003,15296,8,325fc9db445c1d868563805e3aeb174d371e803e613049fc53e2be105676d1ce,/data2/chenyi9/KV-PIM/attacc-fugue/output/KVChime-multi-model-TP4-20260907/kvchime/Fugue-asplos-raw/profiles/shared-80db29a5dd39e3e6b8d9,13.092994000000001,64196,16385,shared_single_query
shared-fb047dfe9a3f38435dbe,48515,37.308035000000004,7,8264,33056,84623360,379119206.4000001,15296,8,82002656b3ebbb615c449ca4b466b64bde8ea0e26738407f90b0f7743dcaae81,/data2/chenyi9/KV-PIM/attacc-fugue/output/KVChime-multi-model-TP4-20260907/kvchime/Fugue-asplos-raw/profiles/shared-fb047dfe9a3f38435dbe,17.423233,64196,16385,shared_MQ
scan-N16050-H2-Q1,32862,25.270878,6,8032,8032,82247680,362795417.6,2064,2,5bf8fc24fa402572595fb0ed29a0d7a19b98de76774fc1cd7e5ff4cb00613f9b,/data2/chenyi9/KV-PIM/attacc-fugue/output/KVChime-multi-model-TP4-20260907/kvchime/Fugue-asplos-raw/profiles/scan-N16050-H2-Q1,,,,
shared-6ab3ac59f109e35de0f5,141948,109.158012,6,33056,33056,338493440,1496147558.4000003,15296,8,325fc9db445c1d868563805e3aeb174d371e803e613049fc53e2be105676d1ce,/data2/chenyi9/KV-PIM/attacc-fugue/output/KVChime-multi-model-TP4-20260907/kvchime/Fugue-asplos-raw/profiles/shared-6ab3ac59f109e35de0f5,13.092994000000001,64200,16386,shared_single_query
shared-46a3563750a11cb1e1b4,48515,37.308035000000004,7,8264,33056,84623360,379119206.4000001,15296,8,82002656b3ebbb615c449ca4b466b64bde8ea0e26738407f90b0f7743dcaae81,/data2/chenyi9/KV-PIM/attacc-fugue/output/KVChime-multi-model-TP4-20260907/kvchime/Fugue-asplos-raw/profiles/shared-46a3563750a11cb1e1b4,17.423233,64200,16386,shared_MQ
scan-N16051-H2-Q1,32862,25.270878,6,8032,8032,82247680,362795417.6,2064,2,5bf8fc24fa402572595fb0ed29a0d7a19b98de76774fc1cd7e5ff4cb00613f9b,/data2/chenyi9/KV-PIM/attacc-fugue/output/KVChime-multi-model-TP4-20260907/kvchime/Fugue-asplos-raw/profiles/scan-N16051-H2-Q1,,,,
shared-45274bb03bbf4b5b1fa6,141948,109.158012,6,33056,33056,338493440,1496147558.4000003,15296,8,325fc9db445c1d868563805e3aeb174d371e803e613049fc53e2be105676d1ce,/data2/chenyi9/KV-PIM/attacc-fugue/output/KVChime-multi-model-TP4-20260907/kvchime/Fugue-asplos-raw/profiles/shared-45274bb03bbf4b5b1fa6,13.092994000000001,64204,16387,shared_single_query
shared-ee397848e709f5abb942,48515,37.308035000000004,7,8264,33056,84623360,379119206.4000001,15296,8,82002656b3ebbb615c449ca4b466b64bde8ea0e26738407f90b0f7743dcaae81,/data2/chenyi9/KV-PIM/attacc-fugue/output/KVChime-multi-model-TP4-20260907/kvchime/Fugue-asplos-raw/profiles/shared-ee397848e709f5abb942,17.423233,64204,16387,shared_MQ
scan-N16052-H2-Q1,32862,25.270878,6,8032,8032,82247680,362795417.6,2064,2,5bf8fc24fa402572595fb0ed29a0d7a19b98de76774fc1cd7e5ff4cb00613f9b,/data2/chenyi9/KV-PIM/attacc-fugue/output/KVChime-multi-model-TP4-20260907/kvchime/Fugue-asplos-raw/profiles/scan-N16052-H2-Q1,,,,
shared-dd23a269616d8bf84c52,142034,109.224146,6,33088,33088,338821120,1497589350.4,15296,8,7eb910cf5cfa893929cfdc385e26b10632f28cf864c40a732204ce7a6d656f00,/data2/chenyi9/KV-PIM/attacc-fugue/output/KVChime-multi-model-TP4-20260907/kvchime/Fugue-asplos-raw/profiles/shared-dd23a269616d8bf84c52,13.092994000000001,64208,16388,shared_single_query
shared-23676daf66f8f85c7e68,48529,37.318801,7,8272,33088,84705280,379479654.40000004,15296,8,92edbe4ab675fea287edebfb796f088e80827b4bc24c5f0ba51f46f0deed0803,/data2/chenyi9/KV-PIM/attacc-fugue/output/KVChime-multi-model-TP4-20260907/kvchime/Fugue-asplos-raw/profiles/shared-23676daf66f8f85c7e68,17.423233,64208,16388,shared_MQ
scan-N16053-H2-Q1,32862,25.270878,6,8032,8032,82247680,362795417.6,2064,2,5bf8fc24fa402572595fb0ed29a0d7a19b98de76774fc1cd7e5ff4cb00613f9b,/data2/chenyi9/KV-PIM/attacc-fugue/output/KVChime-multi-model-TP4-20260907/kvchime/Fugue-asplos-raw/profiles/scan-N16053-H2-Q1,,,,
shared-37cc83c4a9a175e8a24e,142034,109.224146,6,33088,33088,338821120,1497589350.4,15296,8,7eb910cf5cfa893929cfdc385e26b10632f28cf864c40a732204ce7a6d656f00,/data2/chenyi9/KV-PIM/attacc-fugue/output/KVChime-multi-model-TP4-20260907/kvchime/Fugue-asplos-raw/profiles/shared-37cc83c4a9a175e8a24e,13.092994000000001,64212,16389,shared_single_query
shared-a42eec9ca23996dd0a4d,48529,37.318801,7,8272,33088,84705280,379479654.40000004,15296,8,92edbe4ab675fea287edebfb796f088e80827b4bc24c5f0ba51f46f0deed0803,/data2/chenyi9/KV-PIM/attacc-fugue/output/KVChime-multi-model-TP4-20260907/kvchime/Fugue-asplos-raw/profiles/shared-a42eec9ca23996dd0a4d,17.423233,64212,16389,shared_MQ
scan-N16054-H2-Q1,32862,25.270878,6,8032,8032,82247680,362795417.6,2064,2,5bf8fc24fa402572595fb0ed29a0d7a19b98de76774fc1cd7e5ff4cb00613f9b,/data2/chenyi9/KV-PIM/attacc-fugue/output/KVChime-multi-model-TP4-20260907/kvchime/Fugue-asplos-raw/profiles/scan-N16054-H2-Q1,,,,
shared-5280930ddd01b39232ef,142034,109.224146,6,33088,33088,338821120,1497589350.4,15296,8,7eb910cf5cfa893929cfdc385e26b10632f28cf864c40a732204ce7a6d656f00,/data2/chenyi9/KV-PIM/attacc-fugue/output/KVChime-multi-model-TP4-20260907/kvchime/Fugue-asplos-raw/profiles/shared-5280930ddd01b39232ef,13.092994000000001,64216,16390,shared_single_query
shared-4e38cc4eec9cee46fd89,48529,37.318801,7,8272,33088,84705280,379479654.40000004,15296,8,92edbe4ab675fea287edebfb796f088e80827b4bc24c5f0ba51f46f0deed0803,/data2/chenyi9/KV-PIM/attacc-fugue/output/KVChime-multi-model-TP4-20260907/kvchime/Fugue-asplos-raw/profiles/shared-4e38cc4eec9cee46fd89,17.423233,64216,16390,shared_MQ
scan-N16055-H2-Q1,32862,25.270878,6,8032,8032,82247680,362795417.6,2064,2,5bf8fc24fa402572595fb0ed29a0d7a19b98de76774fc1cd7e5ff4cb00613f9b,/data2/chenyi9/KV-PIM/attacc-fugue/output/KVChime-multi-model-TP4-20260907/kvchime/Fugue-asplos-raw/profiles/scan-N16055-H2-Q1,,,,
shared-bd18c98ec5837647b68d,142034,109.224146,6,33088,33088,338821120,1497589350.4,15296,8,7eb910cf5cfa893929cfdc385e26b10632f28cf864c40a732204ce7a6d656f00,/data2/chenyi9/KV-PIM/attacc-fugue/output/KVChime-multi-model-TP4-20260907/kvchime/Fugue-asplos-raw/profiles/shared-bd18c98ec5837647b68d,13.092994000000001,64220,16391,shared_single_query
shared-029c18a435387aa44f03,48529,37.318801,7,8272,33088,84705280,379479654.40000004,15296,8,92edbe4ab675fea287edebfb796f088e80827b4bc24c5f0ba51f46f0deed0803,/data2/chenyi9/KV-PIM/attacc-fugue/output/KVChime-multi-model-TP4-20260907/kvchime/Fugue-asplos-raw/profiles/shared-029c18a435387aa44f03,17.423233,64220,16391,shared_MQ
scan-N16056-H2-Q1,32862,25.270878,6,8032,8032,82247680,362795417.6,2064,2,5bf8fc24fa402572595fb0ed29a0d7a19b98de76774fc1cd7e5ff4cb00613f9b,/data2/chenyi9/KV-PIM/attacc-fugue/output/KVChime-multi-model-TP4-20260907/kvchime/Fugue-asplos-raw/profiles/scan-N16056-H2-Q1,,,,
shared-670c1bbeecbb08d6aeb7,142034,109.224146,6,33088,33088,338821120,1497589350.4,15296,8,7eb910cf5cfa893929cfdc385e26b10632f28cf864c40a732204ce7a6d656f00,/data2/chenyi9/KV-PIM/attacc-fugue/output/KVChime-multi-model-TP4-20260907/kvchime/Fugue-asplos-raw/profiles/shared-670c1bbeecbb08d6aeb7,13.092994000000001,64224,16392,shared_single_query
shared-8b943405ea6e977d061f,48529,37.318801,7,8272,33088,84705280,379479654.40000004,15296,8,92edbe4ab675fea287edebfb796f088e80827b4bc24c5f0ba51f46f0deed0803,/data2/chenyi9/KV-PIM/attacc-fugue/output/KVChime-multi-model-TP4-20260907/kvchime/Fugue-asplos-raw/profiles/shared-8b943405ea6e977d061f,17.423233,64224,16392,shared_MQ
scan-N16057-H2-Q1,32862,25.270878,6,8032,8032,82247680,362795417.6,2064,2,5bf8fc24fa402572595fb0ed29a0d7a19b98de76774fc1cd7e5ff4cb00613f9b,/data2/chenyi9/KV-PIM/attacc-fugue/output/KVChime-multi-model-TP4-20260907/kvchime/Fugue-asplos-raw/profiles/scan-N16057-H2-Q1,,,,
shared-2c6f9bb156f5f8347367,142034,109.224146,6,33088,33088,338821120,1497589350.4,15296,8,7eb910cf5cfa893929cfdc385e26b10632f28cf864c40a732204ce7a6d656f00,/data2/chenyi9/KV-PIM/attacc-fugue/output/KVChime-multi-model-TP4-20260907/kvchime/Fugue-asplos-raw/profiles/shared-2c6f9bb156f5f8347367,13.092994000000001,64228,16393,shared_single_query
shared-bc0dfb7a8d199642a165,48529,37.318801,7,8272,33088,84705280,379479654.40000004,15296,8,92edbe4ab675fea287edebfb796f088e80827b4bc24c5f0ba51f46f0deed0803,/data2/chenyi9/KV-PIM/attacc-fugue/output/KVChime-multi-model-TP4-20260907/kvchime/Fugue-asplos-raw/profiles/shared-bc0dfb7a8d199642a165,17.423233,64228,16393,shared_MQ
scan-N16058-H2-Q1,32862,25.270878,6,8032,8032,82247680,362795417.6,2064,2,5bf8fc24fa402572595fb0ed29a0d7a19b98de76774fc1cd7e5ff4cb00613f9b,/data2/chenyi9/KV-PIM/attacc-fugue/output/KVChime-multi-model-TP4-20260907/kvchime/Fugue-asplos-raw/profiles/scan-N16058-H2-Q1,,,,
shared-23a81b8601d01ce9b2e1,142034,109.224146,6,33088,33088,338821120,1497589350.4,15296,8,7eb910cf5cfa893929cfdc385e26b10632f28cf864c40a732204ce7a6d656f00,/data2/chenyi9/KV-PIM/attacc-fugue/output/KVChime-multi-model-TP4-20260907/kvchime/Fugue-asplos-raw/profiles/shared-23a81b8601d01ce9b2e1,13.092994000000001,64232,16394,shared_single_query
shared-f9247a91b5d3e0bfd6e8,48529,37.318801,7,8272,33088,84705280,379479654.40000004,15296,8,92edbe4ab675fea287edebfb796f088e80827b4bc24c5f0ba51f46f0deed0803,/data2/chenyi9/KV-PIM/attacc-fugue/output/KVChime-multi-model-TP4-20260907/kvchime/Fugue-asplos-raw/profiles/shared-f9247a91b5d3e0bfd6e8,17.423233,64232,16394,shared_MQ
scan-N16059-H2-Q1,32862,25.270878,6,8032,8032,82247680,362795417.6,2064,2,5bf8fc24fa402572595fb0ed29a0d7a19b98de76774fc1cd7e5ff4cb00613f9b,/data2/chenyi9/KV-PIM/attacc-fugue/output/KVChime-multi-model-TP4-20260907/kvchime/Fugue-asplos-raw/profiles/scan-N16059-H2-Q1,,,,
shared-b413752a0340a0ea3b97,142034,109.224146,6,33088,33088,338821120,1497589350.4,15296,8,7eb910cf5cfa893929cfdc385e26b10632f28cf864c40a732204ce7a6d656f00,/data2/chenyi9/KV-PIM/attacc-fugue/output/KVChime-multi-model-TP4-20260907/kvchime/Fugue-asplos-raw/profiles/shared-b413752a0340a0ea3b97,13.092994000000001,64236,16395,shared_single_query
shared-7d1aef288ce42a5b1633,48529,37.318801,7,8272,33088,84705280,379479654.40000004,15296,8,92edbe4ab675fea287edebfb796f088e80827b4bc24c5f0ba51f46f0deed0803,/data2/chenyi9/KV-PIM/attacc-fugue/output/KVChime-multi-model-TP4-20260907/kvchime/Fugue-asplos-raw/profiles/shared-7d1aef288ce42a5b1633,17.423233,64236,16395,shared_MQ
scan-N16060-H2-Q1,32862,25.270878,6,8032,8032,82247680,362795417.6,2064,2,5bf8fc24fa402572595fb0ed29a0d7a19b98de76774fc1cd7e5ff4cb00613f9b,/data2/chenyi9/KV-PIM/attacc-fugue/output/KVChime-multi-model-TP4-20260907/kvchime/Fugue-asplos-raw/profiles/scan-N16060-H2-Q1,,,,
shared-040b5c61f7ded8fe1461,142034,109.224146,6,33088,33088,338821120,1497589350.4,15296,8,7eb910cf5cfa893929cfdc385e26b10632f28cf864c40a732204ce7a6d656f00,/data2/chenyi9/KV-PIM/attacc-fugue/output/KVChime-multi-model-TP4-20260907/kvchime/Fugue-asplos-raw/profiles/shared-040b5c61f7ded8fe1461,13.092994000000001,64240,16396,shared_single_query
shared-2a7eb1ee32551c122a99,48529,37.318801,7,8272,33088,84705280,379479654.40000004,15296,8,92edbe4ab675fea287edebfb796f088e80827b4bc24c5f0ba51f46f0deed0803,/data2/chenyi9/KV-PIM/attacc-fugue/output/KVChime-multi-model-TP4-20260907/kvchime/Fugue-asplos-raw/profiles/shared-2a7eb1ee32551c122a99,17.423233,64240,16396,shared_MQ
shared-884c85a0bc0b40f19872,33960,26.11524,8,4152,33216,42516480,194166784.00000003,16000,16,2a1ef48c7f5e98f6871d8a0c1b01769627b2f05a280b7b872abd492475d2494d,/data2/chenyi9/KV-PIM/attacc-fugue/output/KVChime-multi-model-TP4-20260907/kvchime/Fugue-asplos-raw/profiles/shared-884c85a0bc0b40f19872,12.647743,64280,8211,shared_MQ
scan-N8049-H2-Q1,16452,12.651588,6,4032,4032,41287680,182136524.80000004,1072,2,b4e3ebf53228b218aa458eb72822a14cb5276aa1fb14ce2cb07546f18bdb3718,/data2/chenyi9/KV-PIM/attacc-fugue/output/KVChime-multi-model-TP4-20260907/kvchime/Fugue-asplos-raw/profiles/scan-N8049-H2-Q1,,,,
shared-141774bc67abd6462898,71758,55.181902,6,16640,16640,170393600,753278976.0,8000,8,e98fb86cbd3ae4e311e8e18af4db8e8d160e0f0d87aee7979c54762f1ea21ace,/data2/chenyi9/KV-PIM/attacc-fugue/output/KVChime-multi-model-TP4-20260907/kvchime/Fugue-asplos-raw/profiles/shared-141774bc67abd6462898,6.424226000000001,32196,8225,shared_single_query
shared-2d53ec9c638ebb1efd93,24548,18.877412,7,4160,16640,42598400,190980096.0,8000,8,0d1697f50174049f959ad8ad686147f5a51c0ee822451db6940f251eadc48f48,/data2/chenyi9/KV-PIM/attacc-fugue/output/KVChime-multi-model-TP4-20260907/kvchime/Fugue-asplos-raw/profiles/shared-2d53ec9c638ebb1efd93,8.900406,32196,8225,shared_MQ
scan-N8050-H2-Q1,16452,12.651588,6,4032,4032,41287680,182136524.80000004,1072,2,b4e3ebf53228b218aa458eb72822a14cb5276aa1fb14ce2cb07546f18bdb3718,/data2/chenyi9/KV-PIM/attacc-fugue/output/KVChime-multi-model-TP4-20260907/kvchime/Fugue-asplos-raw/profiles/scan-N8050-H2-Q1,,,,
shared-03a6be0cc67da32e624f,71758,55.181902,6,16640,16640,170393600,753278976.0,8000,8,e98fb86cbd3ae4e311e8e18af4db8e8d160e0f0d87aee7979c54762f1ea21ace,/data2/chenyi9/KV-PIM/attacc-fugue/output/KVChime-multi-model-TP4-20260907/kvchime/Fugue-asplos-raw/profiles/shared-03a6be0cc67da32e624f,6.424226000000001,32200,8226,shared_single_query
shared-9e157dd0802fbf71ceef,24548,18.877412,7,4160,16640,42598400,190980096.0,8000,8,0d1697f50174049f959ad8ad686147f5a51c0ee822451db6940f251eadc48f48,/data2/chenyi9/KV-PIM/attacc-fugue/output/KVChime-multi-model-TP4-20260907/kvchime/Fugue-asplos-raw/profiles/shared-9e157dd0802fbf71ceef,8.900406,32200,8226,shared_MQ
shared-b3ddfe548fbcac85fa61,33960,26.11524,8,4152,33216,42516480,194166784.00000003,16000,16,2a1ef48c7f5e98f6871d8a0c1b01769627b2f05a280b7b872abd492475d2494d,/data2/chenyi9/KV-PIM/attacc-fugue/output/KVChime-multi-model-TP4-20260907/kvchime/Fugue-asplos-raw/profiles/shared-b3ddfe548fbcac85fa61,12.647743,64280,8399,shared_MQ
shared-eea12743ce02dcba2edb,33960,26.11524,8,4152,33216,42516480,194166784.00000003,16000,16,90efaa6c7f4e413327f5b24d6163270e42286bec6022d961b026c05914d744e6,/data2/chenyi9/KV-PIM/attacc-fugue/output/KVChime-multi-model-TP4-20260907/kvchime/Fugue-asplos-raw/profiles/shared-eea12743ce02dcba2edb,12.647743,64280,8399,shared_MQ
shared-6a4d443b05e7894c5206,143410,110.28229,6,33216,33216,340131840,1503674368.0,16000,16,d3ecca514fef6e3b329957d513a6248fab5ceb59838743c40dc2a1fe825ab82b,/data2/chenyi9/KV-PIM/attacc-fugue/output/KVChime-multi-model-TP4-20260907/kvchime/Fugue-asplos-raw/profiles/shared-6a4d443b05e7894c5206,6.424226000000001,64288,8401,shared_single_query
shared-04fd8a2108a4601068cf,34140,26.25366,8,4248,33216,43499520,198492160.0,16000,16,002bc7a9d185907372aeb212e546cc7e1169acc8b4df07a9a60ba19a8fd0abfe,/data2/chenyi9/KV-PIM/attacc-fugue/output/KVChime-multi-model-TP4-20260907/kvchime/Fugue-asplos-raw/profiles/shared-04fd8a2108a4601068cf,12.549311,64288,8401,shared_MQ
shared-63dce7e01e6bbc150430,143410,110.28229,6,33216,33216,340131840,1503674368.0,16000,16,d3ecca514fef6e3b329957d513a6248fab5ceb59838743c40dc2a1fe825ab82b,/data2/chenyi9/KV-PIM/attacc-fugue/output/KVChime-multi-model-TP4-20260907/kvchime/Fugue-asplos-raw/profiles/shared-63dce7e01e6bbc150430,6.424226000000001,64296,8403,shared_single_query
shared-5f989d4e629a70ef588f,34140,26.25366,8,4248,33216,43499520,198492160.0,16000,16,002bc7a9d185907372aeb212e546cc7e1169acc8b4df07a9a60ba19a8fd0abfe,/data2/chenyi9/KV-PIM/attacc-fugue/output/KVChime-multi-model-TP4-20260907/kvchime/Fugue-asplos-raw/profiles/shared-5f989d4e629a70ef588f,12.549311,64296,8403,shared_MQ
shared-a362c29eab243955b7d2,143410,110.28229,6,33216,33216,340131840,1503674368.0,16000,16,d3ecca514fef6e3b329957d513a6248fab5ceb59838743c40dc2a1fe825ab82b,/data2/chenyi9/KV-PIM/attacc-fugue/output/KVChime-multi-model-TP4-20260907/kvchime/Fugue-asplos-raw/profiles/shared-a362c29eab243955b7d2,6.424226000000001,64304,8405,shared_single_query
shared-fd41387efbdc87fde028,34140,26.25366,8,4248,33216,43499520,198492160.0,16000,16,002bc7a9d185907372aeb212e546cc7e1169acc8b4df07a9a60ba19a8fd0abfe,/data2/chenyi9/KV-PIM/attacc-fugue/output/KVChime-multi-model-TP4-20260907/kvchime/Fugue-asplos-raw/profiles/shared-fd41387efbdc87fde028,12.549311,64304,8405,shared_MQ
shared-e928044ac169f0a1d4fc,143410,110.28229,6,33216,33216,340131840,1503674368.0,16000,16,d3ecca514fef6e3b329957d513a6248fab5ceb59838743c40dc2a1fe825ab82b,/data2/chenyi9/KV-PIM/attacc-fugue/output/KVChime-multi-model-TP4-20260907/kvchime/Fugue-asplos-raw/profiles/shared-e928044ac169f0a1d4fc,6.424226000000001,64312,8407,shared_single_query
shared-28cd77810274a80d77f3,34140,26.25366,8,4248,33216,43499520,198492160.0,16000,16,002bc7a9d185907372aeb212e546cc7e1169acc8b4df07a9a60ba19a8fd0abfe,/data2/chenyi9/KV-PIM/attacc-fugue/output/KVChime-multi-model-TP4-20260907/kvchime/Fugue-asplos-raw/profiles/shared-28cd77810274a80d77f3,12.549311,64312,8407,shared_MQ
shared-8958fe5217ba4b749172,143530,110.37457,6,33280,33280,340787200,1506557952.0,16000,16,8e30d0a0a0030abda857baba1c0d48b6d9a4ac567ffadbbb6dd2d4b0dda1dd22,/data2/chenyi9/KV-PIM/attacc-fugue/output/KVChime-multi-model-TP4-20260907/kvchime/Fugue-asplos-raw/profiles/shared-8958fe5217ba4b749172,6.424226000000001,64320,8409,shared_single_query
shared-1a2f03d8149dc3936a88,34172,26.278268,8,4264,33280,43663360,199213056.0,16000,16,19681253969c2248a65547d1e2e593e1493dbe19b7513bd5ffd96a19eb95a98d,/data2/chenyi9/KV-PIM/attacc-fugue/output/KVChime-multi-model-TP4-20260907/kvchime/Fugue-asplos-raw/profiles/shared-1a2f03d8149dc3936a88,12.549311,64320,8409,shared_MQ
shared-ff428b0aa066ce0fd439,143530,110.37457,6,33280,33280,340787200,1506557952.0,16000,16,8e30d0a0a0030abda857baba1c0d48b6d9a4ac567ffadbbb6dd2d4b0dda1dd22,/data2/chenyi9/KV-PIM/attacc-fugue/output/KVChime-multi-model-TP4-20260907/kvchime/Fugue-asplos-raw/profiles/shared-ff428b0aa066ce0fd439,6.424226000000001,64328,8411,shared_single_query
shared-398a9955e01f8c12acd6,34172,26.278268,8,4264,33280,43663360,199213056.0,16000,16,19681253969c2248a65547d1e2e593e1493dbe19b7513bd5ffd96a19eb95a98d,/data2/chenyi9/KV-PIM/attacc-fugue/output/KVChime-multi-model-TP4-20260907/kvchime/Fugue-asplos-raw/profiles/shared-398a9955e01f8c12acd6,12.549311,64328,8411,shared_MQ
shared-b36089c00c57a972de55,143530,110.37457,6,33280,33280,340787200,1506557952.0,16000,16,8e30d0a0a0030abda857baba1c0d48b6d9a4ac567ffadbbb6dd2d4b0dda1dd22,/data2/chenyi9/KV-PIM/attacc-fugue/output/KVChime-multi-model-TP4-20260907/kvchime/Fugue-asplos-raw/profiles/shared-b36089c00c57a972de55,6.424226000000001,64336,8413,shared_single_query
shared-82f1b18bc862544bf808,34172,26.278268,8,4264,33280,43663360,199213056.0,16000,16,19681253969c2248a65547d1e2e593e1493dbe19b7513bd5ffd96a19eb95a98d,/data2/chenyi9/KV-PIM/attacc-fugue/output/KVChime-multi-model-TP4-20260907/kvchime/Fugue-asplos-raw/profiles/shared-82f1b18bc862544bf808,12.549311,64336,8413,shared_MQ
shared-bf607d7905099d216941,143530,110.37457,6,33280,33280,340787200,1506557952.0,16000,16,8e30d0a0a0030abda857baba1c0d48b6d9a4ac567ffadbbb6dd2d4b0dda1dd22,/data2/chenyi9/KV-PIM/attacc-fugue/output/KVChime-multi-model-TP4-20260907/kvchime/Fugue-asplos-raw/profiles/shared-bf607d7905099d216941,6.424226000000001,64344,8415,shared_single_query
shared-b1ac786a62b39f5acdd6,34172,26.278268,8,4264,33280,43663360,199213056.0,16000,16,19681253969c2248a65547d1e2e593e1493dbe19b7513bd5ffd96a19eb95a98d,/data2/chenyi9/KV-PIM/attacc-fugue/output/KVChime-multi-model-TP4-20260907/kvchime/Fugue-asplos-raw/profiles/shared-b1ac786a62b39f5acdd6,12.549311,64344,8415,shared_MQ
shared-9256c3cbcaee8268eb63,143530,110.37457,6,33280,33280,340787200,1506557952.0,16000,16,8e30d0a0a0030abda857baba1c0d48b6d9a4ac567ffadbbb6dd2d4b0dda1dd22,/data2/chenyi9/KV-PIM/attacc-fugue/output/KVChime-multi-model-TP4-20260907/kvchime/Fugue-asplos-raw/profiles/shared-9256c3cbcaee8268eb63,6.424226000000001,64352,8417,shared_single_query
shared-9c299823ad3a8c393a49,34172,26.278268,8,4264,33280,43663360,199213056.0,16000,16,19681253969c2248a65547d1e2e593e1493dbe19b7513bd5ffd96a19eb95a98d,/data2/chenyi9/KV-PIM/attacc-fugue/output/KVChime-multi-model-TP4-20260907/kvchime/Fugue-asplos-raw/profiles/shared-9c299823ad3a8c393a49,12.549311,64352,8417,shared_MQ
shared-be0456ff571955a04a74,143530,110.37457,6,33280,33280,340787200,1506557952.0,16000,16,8e30d0a0a0030abda857baba1c0d48b6d9a4ac567ffadbbb6dd2d4b0dda1dd22,/data2/chenyi9/KV-PIM/attacc-fugue/output/KVChime-multi-model-TP4-20260907/kvchime/Fugue-asplos-raw/profiles/shared-be0456ff571955a04a74,6.424226000000001,64360,8419,shared_single_query
shared-bf1461e33209e2b71447,34172,26.278268,8,4264,33280,43663360,199213056.0,16000,16,19681253969c2248a65547d1e2e593e1493dbe19b7513bd5ffd96a19eb95a98d,/data2/chenyi9/KV-PIM/attacc-fugue/output/KVChime-multi-model-TP4-20260907/kvchime/Fugue-asplos-raw/profiles/shared-bf1461e33209e2b71447,12.549311,64360,8419,shared_MQ
shared-2dd26aca9db4fcd3b547,143530,110.37457,6,33280,33280,340787200,1506557952.0,16000,16,8e30d0a0a0030abda857baba1c0d48b6d9a4ac567ffadbbb6dd2d4b0dda1dd22,/data2/chenyi9/KV-PIM/attacc-fugue/output/KVChime-multi-model-TP4-20260907/kvchime/Fugue-asplos-raw/profiles/shared-2dd26aca9db4fcd3b547,6.424226000000001,64368,8421,shared_single_query
shared-a9896da5f1e1ff39f671,34172,26.278268,8,4264,33280,43663360,199213056.0,16000,16,19681253969c2248a65547d1e2e593e1493dbe19b7513bd5ffd96a19eb95a98d,/data2/chenyi9/KV-PIM/attacc-fugue/output/KVChime-multi-model-TP4-20260907/kvchime/Fugue-asplos-raw/profiles/shared-a9896da5f1e1ff39f671,12.549311,64368,8421,shared_MQ
shared-637ec21b02f805d852f6,143530,110.37457,6,33280,33280,340787200,1506557952.0,16000,16,8e30d0a0a0030abda857baba1c0d48b6d9a4ac567ffadbbb6dd2d4b0dda1dd22,/data2/chenyi9/KV-PIM/attacc-fugue/output/KVChime-multi-model-TP4-20260907/kvchime/Fugue-asplos-raw/profiles/shared-637ec21b02f805d852f6,6.424226000000001,64376,8423,shared_single_query
shared-7c4c6b7c5c104bfdc1ae,34172,26.278268,8,4264,33280,43663360,199213056.0,16000,16,19681253969c2248a65547d1e2e593e1493dbe19b7513bd5ffd96a19eb95a98d,/data2/chenyi9/KV-PIM/attacc-fugue/output/KVChime-multi-model-TP4-20260907/kvchime/Fugue-asplos-raw/profiles/shared-7c4c6b7c5c104bfdc1ae,12.549311,64376,8423,shared_MQ
shared-2374c9b4fce57bbc8d7c,143530,110.37457,6,33280,33280,340787200,1506557952.0,16000,16,8e30d0a0a0030abda857baba1c0d48b6d9a4ac567ffadbbb6dd2d4b0dda1dd22,/data2/chenyi9/KV-PIM/attacc-fugue/output/KVChime-multi-model-TP4-20260907/kvchime/Fugue-asplos-raw/profiles/shared-2374c9b4fce57bbc8d7c,6.424226000000001,64384,8425,shared_single_query
shared-076db499f0df8b0eea1e,34172,26.278268,8,4264,33280,43663360,199213056.0,16000,16,19681253969c2248a65547d1e2e593e1493dbe19b7513bd5ffd96a19eb95a98d,/data2/chenyi9/KV-PIM/attacc-fugue/output/KVChime-multi-model-TP4-20260907/kvchime/Fugue-asplos-raw/profiles/shared-076db499f0df8b0eea1e,12.549311,64384,8425,shared_MQ
shared-66cf89492c92f72f8998,143530,110.37457,6,33280,33280,340787200,1506557952.0,16000,16,8e30d0a0a0030abda857baba1c0d48b6d9a4ac567ffadbbb6dd2d4b0dda1dd22,/data2/chenyi9/KV-PIM/attacc-fugue/output/KVChime-multi-model-TP4-20260907/kvchime/Fugue-asplos-raw/profiles/shared-66cf89492c92f72f8998,6.424226000000001,64392,8427,shared_single_query
shared-fe2e00338b03acaada29,34172,26.278268,8,4264,33280,43663360,199213056.0,16000,16,19681253969c2248a65547d1e2e593e1493dbe19b7513bd5ffd96a19eb95a98d,/data2/chenyi9/KV-PIM/attacc-fugue/output/KVChime-multi-model-TP4-20260907/kvchime/Fugue-asplos-raw/profiles/shared-fe2e00338b03acaada29,12.549311,64392,8427,shared_MQ
shared-8270ea75120732bb1607,143530,110.37457,6,33280,33280,340787200,1506557952.0,16000,16,8e30d0a0a0030abda857baba1c0d48b6d9a4ac567ffadbbb6dd2d4b0dda1dd22,/data2/chenyi9/KV-PIM/attacc-fugue/output/KVChime-multi-model-TP4-20260907/kvchime/Fugue-asplos-raw/profiles/shared-8270ea75120732bb1607,6.424226000000001,64400,8429,shared_single_query
shared-3f374ad9ed8de10ac4c4,34172,26.278268,8,4264,33280,43663360,199213056.0,16000,16,19681253969c2248a65547d1e2e593e1493dbe19b7513bd5ffd96a19eb95a98d,/data2/chenyi9/KV-PIM/attacc-fugue/output/KVChime-multi-model-TP4-20260907/kvchime/Fugue-asplos-raw/profiles/shared-3f374ad9ed8de10ac4c4,12.549311,64400,8429,shared_MQ
shared-ab4211c925760a990132,33960,26.11524,8,4152,33216,42516480,194166784.00000003,16000,16,2a1ef48c7f5e98f6871d8a0c1b01769627b2f05a280b7b872abd492475d2494d,/data2/chenyi9/KV-PIM/attacc-fugue/output/KVChime-multi-model-TP4-20260907/kvchime/Fugue-asplos-raw/profiles/shared-ab4211c925760a990132,12.647743,64280,8775,shared_MQ
shared-f9320698a38f5e10be20,33960,26.11524,8,4152,33216,42516480,194166784.00000003,16000,16,90efaa6c7f4e413327f5b24d6163270e42286bec6022d961b026c05914d744e6,/data2/chenyi9/KV-PIM/attacc-fugue/output/KVChime-multi-model-TP4-20260907/kvchime/Fugue-asplos-raw/profiles/shared-f9320698a38f5e10be20,12.647743,64280,8775,shared_MQ
shared-e173ada547292d626af9,33960,26.11524,8,4152,33216,42516480,194166784.00000003,16000,16,93aad66f4b31cca055208d3634b1a097c877b18555e59e42c5297c42bac0e643,/data2/chenyi9/KV-PIM/attacc-fugue/output/KVChime-multi-model-TP4-20260907/kvchime/Fugue-asplos-raw/profiles/shared-e173ada547292d626af9,12.647743,64280,8775,shared_MQ
shared-0edc4c5581fa1b0642a4,33960,26.11524,8,4152,33216,42516480,194166784.00000003,16000,16,618719b6738ec2d9685dad5456ee054e99bb3f5ffa106143785fee33b4274d26,/data2/chenyi9/KV-PIM/attacc-fugue/output/KVChime-multi-model-TP4-20260907/kvchime/Fugue-asplos-raw/profiles/shared-0edc4c5581fa1b0642a4,12.647743,64280,8775,shared_MQ
shared-e73fd1d73bb06986ee8d,286762,220.519978,6,66432,66432,680263680,3007348736.0,32000,32,6ced7a32dc7a4c96e03ba8b5a11b39b5ea4252009c2db4ae1ab02000eed2bf3f,/data2/chenyi9/KV-PIM/attacc-fugue/output/KVChime-multi-model-TP4-20260907/kvchime/Fugue-asplos-raw/profiles/shared-e73fd1d73bb06986ee8d,6.424226000000001,128576,8779,shared_single_query
shared-a6c1e98541c091dca0ad,70255,54.026095,8,8496,66432,86999040,396984320.0,32000,32,f4bda8ae2956ea15019516462d9eab5a07f8b2349198307e28c2b9418a4cad9e,/data2/chenyi9/KV-PIM/attacc-fugue/output/KVChime-multi-model-TP4-20260907/kvchime/Fugue-asplos-raw/profiles/shared-a6c1e98541c091dca0ad,24.718736,128576,8779,shared_MQ
shared-4f42c622e98f5e5660f7,286762,220.519978,6,66432,66432,680263680,3007348736.0,32000,32,6ced7a32dc7a4c96e03ba8b5a11b39b5ea4252009c2db4ae1ab02000eed2bf3f,/data2/chenyi9/KV-PIM/attacc-fugue/output/KVChime-multi-model-TP4-20260907/kvchime/Fugue-asplos-raw/profiles/shared-4f42c622e98f5e5660f7,6.424226000000001,128592,8783,shared_single_query
shared-0c372d51136110211bc9,70255,54.026095,8,8496,66432,86999040,396984320.0,32000,32,f4bda8ae2956ea15019516462d9eab5a07f8b2349198307e28c2b9418a4cad9e,/data2/chenyi9/KV-PIM/attacc-fugue/output/KVChime-multi-model-TP4-20260907/kvchime/Fugue-asplos-raw/profiles/shared-0c372d51136110211bc9,24.718736,128592,8783,shared_MQ
shared-6ea225033a483687110e,286762,220.519978,6,66432,66432,680263680,3007348736.0,32000,32,6ced7a32dc7a4c96e03ba8b5a11b39b5ea4252009c2db4ae1ab02000eed2bf3f,/data2/chenyi9/KV-PIM/attacc-fugue/output/KVChime-multi-model-TP4-20260907/kvchime/Fugue-asplos-raw/profiles/shared-6ea225033a483687110e,6.424226000000001,128608,8787,shared_single_query
shared-4cc9462720ba9b0017fb,70255,54.026095,8,8496,66432,86999040,396984320.0,32000,32,f4bda8ae2956ea15019516462d9eab5a07f8b2349198307e28c2b9418a4cad9e,/data2/chenyi9/KV-PIM/attacc-fugue/output/KVChime-multi-model-TP4-20260907/kvchime/Fugue-asplos-raw/profiles/shared-4cc9462720ba9b0017fb,24.718736,128608,8787,shared_MQ
shared-0a15e48f0f8e8d23b0c5,286762,220.519978,6,66432,66432,680263680,3007348736.0,32000,32,6ced7a32dc7a4c96e03ba8b5a11b39b5ea4252009c2db4ae1ab02000eed2bf3f,/data2/chenyi9/KV-PIM/attacc-fugue/output/KVChime-multi-model-TP4-20260907/kvchime/Fugue-asplos-raw/profiles/shared-0a15e48f0f8e8d23b0c5,6.424226000000001,128624,8791,shared_single_query
shared-9721e62e6a4db5a5ec92,70255,54.026095,8,8496,66432,86999040,396984320.0,32000,32,f4bda8ae2956ea15019516462d9eab5a07f8b2349198307e28c2b9418a4cad9e,/data2/chenyi9/KV-PIM/attacc-fugue/output/KVChime-multi-model-TP4-20260907/kvchime/Fugue-asplos-raw/profiles/shared-9721e62e6a4db5a5ec92,24.718736,128624,8791,shared_MQ
shared-01a2ec64b31cb667a5de,287046,220.73837400000002,6,66560,66560,681574400,3013115904.0,32000,32,a1d6c7342e4ccbe313d450f9d4b4dff48a5d15c6576e22f9326d16c27b1fbbc2,/data2/chenyi9/KV-PIM/attacc-fugue/output/KVChime-multi-model-TP4-20260907/kvchime/Fugue-asplos-raw/profiles/shared-01a2ec64b31cb667a5de,6.424226000000001,128640,8795,shared_single_query
shared-a63f9ae18a27b5dbf099,70319,54.075311,8,8528,66560,87326720,398426112.0,32000,32,fc26649975a6dd62079d9dc5e59e7e60d28f9aa759ce98bf4f21ed15af9cce88,/data2/chenyi9/KV-PIM/attacc-fugue/output/KVChime-multi-model-TP4-20260907/kvchime/Fugue-asplos-raw/profiles/shared-a63f9ae18a27b5dbf099,24.718736,128640,8795,shared_MQ
shared-c6c5f4f064fadc900e2b,287046,220.73837400000002,6,66560,66560,681574400,3013115904.0,32000,32,a1d6c7342e4ccbe313d450f9d4b4dff48a5d15c6576e22f9326d16c27b1fbbc2,/data2/chenyi9/KV-PIM/attacc-fugue/output/KVChime-multi-model-TP4-20260907/kvchime/Fugue-asplos-raw/profiles/shared-c6c5f4f064fadc900e2b,6.424226000000001,128656,8799,shared_single_query
shared-c5e1f2a06b3808d8342a,70319,54.075311,8,8528,66560,87326720,398426112.0,32000,32,fc26649975a6dd62079d9dc5e59e7e60d28f9aa759ce98bf4f21ed15af9cce88,/data2/chenyi9/KV-PIM/attacc-fugue/output/KVChime-multi-model-TP4-20260907/kvchime/Fugue-asplos-raw/profiles/shared-c5e1f2a06b3808d8342a,24.718736,128656,8799,shared_MQ
shared-a8e39beedcf321a0c590,287046,220.73837400000002,6,66560,66560,681574400,3013115904.0,32000,32,a1d6c7342e4ccbe313d450f9d4b4dff48a5d15c6576e22f9326d16c27b1fbbc2,/data2/chenyi9/KV-PIM/attacc-fugue/output/KVChime-multi-model-TP4-20260907/kvchime/Fugue-asplos-raw/profiles/shared-a8e39beedcf321a0c590,6.424226000000001,128672,8803,shared_single_query
shared-54eb3d6a99605cb0bcde,70319,54.075311,8,8528,66560,87326720,398426112.0,32000,32,fc26649975a6dd62079d9dc5e59e7e60d28f9aa759ce98bf4f21ed15af9cce88,/data2/chenyi9/KV-PIM/attacc-fugue/output/KVChime-multi-model-TP4-20260907/kvchime/Fugue-asplos-raw/profiles/shared-54eb3d6a99605cb0bcde,24.718736,128672,8803,shared_MQ
shared-3ec9868a1ddc44266027,287046,220.73837400000002,6,66560,66560,681574400,3013115904.0,32000,32,a1d6c7342e4ccbe313d450f9d4b4dff48a5d15c6576e22f9326d16c27b1fbbc2,/data2/chenyi9/KV-PIM/attacc-fugue/output/KVChime-multi-model-TP4-20260907/kvchime/Fugue-asplos-raw/profiles/shared-3ec9868a1ddc44266027,6.424226000000001,128688,8807,shared_single_query
shared-83bcab8c59c1c23a69e7,70319,54.075311,8,8528,66560,87326720,398426112.0,32000,32,fc26649975a6dd62079d9dc5e59e7e60d28f9aa759ce98bf4f21ed15af9cce88,/data2/chenyi9/KV-PIM/attacc-fugue/output/KVChime-multi-model-TP4-20260907/kvchime/Fugue-asplos-raw/profiles/shared-83bcab8c59c1c23a69e7,24.718736,128688,8807,shared_MQ
shared-1dfbdf803198507463cb,287046,220.73837400000002,6,66560,66560,681574400,3013115904.0,32000,32,a1d6c7342e4ccbe313d450f9d4b4dff48a5d15c6576e22f9326d16c27b1fbbc2,/data2/chenyi9/KV-PIM/attacc-fugue/output/KVChime-multi-model-TP4-20260907/kvchime/Fugue-asplos-raw/profiles/shared-1dfbdf803198507463cb,6.424226000000001,128704,8811,shared_single_query
shared-5a0d6c33fa0fee7323fc,70319,54.075311,8,8528,66560,87326720,398426112.0,32000,32,fc26649975a6dd62079d9dc5e59e7e60d28f9aa759ce98bf4f21ed15af9cce88,/data2/chenyi9/KV-PIM/attacc-fugue/output/KVChime-multi-model-TP4-20260907/kvchime/Fugue-asplos-raw/profiles/shared-5a0d6c33fa0fee7323fc,24.718736,128704,8811,shared_MQ
shared-b96045c0e7208ed5d7e8,287046,220.73837400000002,6,66560,66560,681574400,3013115904.0,32000,32,a1d6c7342e4ccbe313d450f9d4b4dff48a5d15c6576e22f9326d16c27b1fbbc2,/data2/chenyi9/KV-PIM/attacc-fugue/output/KVChime-multi-model-TP4-20260907/kvchime/Fugue-asplos-raw/profiles/shared-b96045c0e7208ed5d7e8,6.424226000000001,128720,8815,shared_single_query
shared-86a4215e38c39e28b520,70319,54.075311,8,8528,66560,87326720,398426112.0,32000,32,fc26649975a6dd62079d9dc5e59e7e60d28f9aa759ce98bf4f21ed15af9cce88,/data2/chenyi9/KV-PIM/attacc-fugue/output/KVChime-multi-model-TP4-20260907/kvchime/Fugue-asplos-raw/profiles/shared-86a4215e38c39e28b520,24.718736,128720,8815,shared_MQ
shared-6d2b5cc23ca42dffb2a0,287046,220.73837400000002,6,66560,66560,681574400,3013115904.0,32000,32,a1d6c7342e4ccbe313d450f9d4b4dff48a5d15c6576e22f9326d16c27b1fbbc2,/data2/chenyi9/KV-PIM/attacc-fugue/output/KVChime-multi-model-TP4-20260907/kvchime/Fugue-asplos-raw/profiles/shared-6d2b5cc23ca42dffb2a0,6.424226000000001,128736,8819,shared_single_query
shared-322442f09670834825e0,70319,54.075311,8,8528,66560,87326720,398426112.0,32000,32,fc26649975a6dd62079d9dc5e59e7e60d28f9aa759ce98bf4f21ed15af9cce88,/data2/chenyi9/KV-PIM/attacc-fugue/output/KVChime-multi-model-TP4-20260907/kvchime/Fugue-asplos-raw/profiles/shared-322442f09670834825e0,24.718736,128736,8819,shared_MQ
shared-ba4886d07bb43d7c68bc,287046,220.73837400000002,6,66560,66560,681574400,3013115904.0,32000,32,a1d6c7342e4ccbe313d450f9d4b4dff48a5d15c6576e22f9326d16c27b1fbbc2,/data2/chenyi9/KV-PIM/attacc-fugue/output/KVChime-multi-model-TP4-20260907/kvchime/Fugue-asplos-raw/profiles/shared-ba4886d07bb43d7c68bc,6.424226000000001,128752,8823,shared_single_query
shared-77d3ae9dc254ee460fee,70319,54.075311,8,8528,66560,87326720,398426112.0,32000,32,fc26649975a6dd62079d9dc5e59e7e60d28f9aa759ce98bf4f21ed15af9cce88,/data2/chenyi9/KV-PIM/attacc-fugue/output/KVChime-multi-model-TP4-20260907/kvchime/Fugue-asplos-raw/profiles/shared-77d3ae9dc254ee460fee,24.718736,128752,8823,shared_MQ
shared-82789c21840771af279c,287046,220.73837400000002,6,66560,66560,681574400,3013115904.0,32000,32,a1d6c7342e4ccbe313d450f9d4b4dff48a5d15c6576e22f9326d16c27b1fbbc2,/data2/chenyi9/KV-PIM/attacc-fugue/output/KVChime-multi-model-TP4-20260907/kvchime/Fugue-asplos-raw/profiles/shared-82789c21840771af279c,6.424226000000001,128768,8827,shared_single_query
shared-cfe37f24e441c6bfed74,70319,54.075311,8,8528,66560,87326720,398426112.0,32000,32,fc26649975a6dd62079d9dc5e59e7e60d28f9aa759ce98bf4f21ed15af9cce88,/data2/chenyi9/KV-PIM/attacc-fugue/output/KVChime-multi-model-TP4-20260907/kvchime/Fugue-asplos-raw/profiles/shared-cfe37f24e441c6bfed74,24.718736,128768,8827,shared_MQ
shared-2afff4c56a95d541eeba,287046,220.73837400000002,6,66560,66560,681574400,3013115904.0,32000,32,a1d6c7342e4ccbe313d450f9d4b4dff48a5d15c6576e22f9326d16c27b1fbbc2,/data2/chenyi9/KV-PIM/attacc-fugue/output/KVChime-multi-model-TP4-20260907/kvchime/Fugue-asplos-raw/profiles/shared-2afff4c56a95d541eeba,6.424226000000001,128784,8831,shared_single_query
shared-340f11ec9be030f436db,70319,54.075311,8,8528,66560,87326720,398426112.0,32000,32,fc26649975a6dd62079d9dc5e59e7e60d28f9aa759ce98bf4f21ed15af9cce88,/data2/chenyi9/KV-PIM/attacc-fugue/output/KVChime-multi-model-TP4-20260907/kvchime/Fugue-asplos-raw/profiles/shared-340f11ec9be030f436db,24.718736,128784,8831,shared_MQ
shared-87631b4aa51ba08f8e60,287046,220.73837400000002,6,66560,66560,681574400,3013115904.0,32000,32,a1d6c7342e4ccbe313d450f9d4b4dff48a5d15c6576e22f9326d16c27b1fbbc2,/data2/chenyi9/KV-PIM/attacc-fugue/output/KVChime-multi-model-TP4-20260907/kvchime/Fugue-asplos-raw/profiles/shared-87631b4aa51ba08f8e60,6.424226000000001,128800,8835,shared_single_query
shared-367846b921a7e6d02e07,70319,54.075311,8,8528,66560,87326720,398426112.0,32000,32,fc26649975a6dd62079d9dc5e59e7e60d28f9aa759ce98bf4f21ed15af9cce88,/data2/chenyi9/KV-PIM/attacc-fugue/output/KVChime-multi-model-TP4-20260907/kvchime/Fugue-asplos-raw/profiles/shared-367846b921a7e6d02e07,24.718736,128800,8835,shared_MQ
shared-939defdd0d1d303593db,18089,13.910441,6,16768,16768,171704320,759476224.0,8960,16,7edde0c64cb19dc44d8873104ccfca59c8f93a47b872ebbab9bba07a4e6b7d33,/data2/chenyi9/KV-PIM/attacc-fugue/output/KVChime-multi-model-TP4-20260907/kvchime/Fugue-asplos-raw/profiles/shared-939defdd0d1d303593db,3.1006080000000003,8058,4232,shared_single_query
shared-73d9d216c96af93e8576,11192,8.606648000000002,7,8608,16768,88145920,391819264.00000006,8960,16,5fe863b728d7b9cec285f58ff00bfaa7c0e933d79d8f97958550f72771c41e65,/data2/chenyi9/KV-PIM/attacc-fugue/output/KVChime-multi-model-TP4-20260907/kvchime/Fugue-asplos-raw/profiles/shared-73d9d216c96af93e8576,3.686586,8058,4232,shared_MQ
shared-69bae33a204ef596b9cf,36603,28.147707,6,33536,33536,343408640,1518952448.0,17920,32,0e172fd449088bea9b75f8c11ed79b3686f28953b77afadb1769726a50478241,/data2/chenyi9/KV-PIM/attacc-fugue/output/KVChime-multi-model-TP4-20260907/kvchime/Fugue-asplos-raw/profiles/shared-69bae33a204ef596b9cf,3.1006080000000003,16116,4446,shared_single_query
shared-0ef31ed7584464460e28,13512,10.390728000000001,7,9056,33536,92733440,415981568.00000006,17920,32,038ce1d6a9e319ffb631b6a2074e6fce71a0bd2a2db54f869041e981f9e4881d,/data2/chenyi9/KV-PIM/attacc-fugue/output/KVChime-multi-model-TP4-20260907/kvchime/Fugue-asplos-raw/profiles/shared-0ef31ed7584464460e28,4.618614000000001,16116,4446,shared_MQ
shared-7e83ff9cd3cf78f75b36,73240,56.32156,6,67072,67072,686817280,3037904896.0,35840,64,1a9b83939f86d0aebc72a0cdeeaeada762110e8228cf8b60a1e1bb2bf4e9a197,/data2/chenyi9/KV-PIM/attacc-fugue/output/KVChime-multi-model-TP4-20260907/kvchime/Fugue-asplos-raw/profiles/shared-7e83ff9cd3cf78f75b36,3.1006080000000003,32232,4874,shared_single_query
shared-e3e3e8f9870c1f8222c4,19541,15.027029,8,9952,67072,101908480,464306176.0,35840,64,0ded6a880fcc5c1c958264afc872de8d91154b8459dc9f64ad4925b67341ea13,/data2/chenyi9/KV-PIM/attacc-fugue/output/KVChime-multi-model-TP4-20260907/kvchime/Fugue-asplos-raw/profiles/shared-e3e3e8f9870c1f8222c4,6.22121,32232,4874,shared_MQ
shared-819e44e1b03025a788b8,36603,28.147707,6,33536,33536,343408640,1518952448.0,17920,32,1531bb3d1819d32a71f60b15f9937e2885e90976e6cd9c926870521fe5487818,/data2/chenyi9/KV-PIM/attacc-fugue/output/KVChime-multi-model-TP4-20260907/kvchime/Fugue-asplos-raw/profiles/shared-819e44e1b03025a788b8,3.1006080000000003,16116,16500,shared_single_query
shared-a84cefa247a7e27f6b77,36635,28.172315,6,33536,33536,343408640,1518952448.0,17920,32,87f78627375c8c25dde6a773c16fb516f16ddcc0d1e53a2fd89307b59268b336,/data2/chenyi9/KV-PIM/attacc-fugue/output/KVChime-multi-model-TP4-20260907/kvchime/Fugue-asplos-raw/profiles/shared-a84cefa247a7e27f6b77,13.374448000000001,16116,16500,shared_MQ
shared-1f6ba13a87f39a2f103b,36603,28.147707,6,33536,33536,343408640,1518952448.0,17920,32,2282bbfd27b29348d136614c22cead2e9f81189bf12727df5516e6c2f6a404e5,/data2/chenyi9/KV-PIM/attacc-fugue/output/KVChime-multi-model-TP4-20260907/kvchime/Fugue-asplos-raw/profiles/shared-1f6ba13a87f39a2f103b,3.1006080000000003,16116,9174,shared_single_query
shared-12f8dfabac33877b739d,24125,18.552125,7,18560,33536,190054400,844193792.0,17920,32,0d82d1f0d2c4334424e90bdf92a32b4d18e781a626acafcc634563bb1dcb060e,/data2/chenyi9/KV-PIM/attacc-fugue/output/KVChime-multi-model-TP4-20260907/kvchime/Fugue-asplos-raw/profiles/shared-12f8dfabac33877b739d,8.694314,16116,9174,shared_MQ
shared-378d2578ad9d52054a3d,18089,13.910441,6,8384,8384,85852160,379738112.0,4480,8,facdc92a7f9f59d0e13edf490e3072a305ea28f4a5a9336253459533985a53e6,/data2/chenyi9/KV-PIM/attacc-fugue/output/KVChime-multi-model-TP4-20260907/kvchime/Fugue-asplos-raw/profiles/shared-378d2578ad9d52054a3d,3.1006080000000003,8058,4232,shared_single_query
shared-0bdff6dd5ea00265ded0,11192,8.606648000000002,7,4304,8384,44072960,195909632.00000003,4480,8,0e4f1add46f91068819eea859789b1fea2b4ec2c1e1ba83df5714b6efd87ca44,/data2/chenyi9/KV-PIM/attacc-fugue/output/KVChime-multi-model-TP4-20260907/kvchime/Fugue-asplos-raw/profiles/shared-0bdff6dd5ea00265ded0,3.686586,8058,4232,shared_MQ
shared-3360663d7070acb98b9f,36603,28.147707,6,16768,16768,171704320,759476224.0,8960,16,7e8e8c262242c81a48b15f29ce27417fff28270ee00f3658ea9bd054197ee701,/data2/chenyi9/KV-PIM/attacc-fugue/output/KVChime-multi-model-TP4-20260907/kvchime/Fugue-asplos-raw/profiles/shared-3360663d7070acb98b9f,3.1006080000000003,16116,4446,shared_single_query
shared-f30f6a282551a90f1bbc,13512,10.390728000000001,7,4528,16768,46366720,207990784.00000003,8960,16,2e05ea0338fac870d97fa858ad0c84234da7d303d41205b962b8fdfc4ab92d1b,/data2/chenyi9/KV-PIM/attacc-fugue/output/KVChime-multi-model-TP4-20260907/kvchime/Fugue-asplos-raw/profiles/shared-f30f6a282551a90f1bbc,4.618614000000001,16116,4446,shared_MQ
shared-d78224f7e3e9d55d9fb9,73240,56.32156,6,33536,33536,343408640,1518952448.0,17920,32,2a66060f693d84b023237fca51a30d5b2022a99564405c532499bcde4c2e1182,/data2/chenyi9/KV-PIM/attacc-fugue/output/KVChime-multi-model-TP4-20260907/kvchime/Fugue-asplos-raw/profiles/shared-d78224f7e3e9d55d9fb9,3.1006080000000003,32232,4874,shared_single_query
shared-a8ef56350d59f1aba3cc,19518,15.009342,8,4976,33536,50954240,232153088.0,17920,32,4ce917f09d2da6894674a5e251fe1e3b58538f56f500b032addbf6ff781b919a,/data2/chenyi9/KV-PIM/attacc-fugue/output/KVChime-multi-model-TP4-20260907/kvchime/Fugue-asplos-raw/profiles/shared-a8ef56350d59f1aba3cc,6.22121,32232,4874,shared_MQ
shared-120f3bfddd613bdca907,36603,28.147707,6,16768,16768,171704320,759476224.0,8960,16,754e6c5440d54e61eaeab2181a615524d2ae7ed101c93f93b0c7b5da57dcd274,/data2/chenyi9/KV-PIM/attacc-fugue/output/KVChime-multi-model-TP4-20260907/kvchime/Fugue-asplos-raw/profiles/shared-120f3bfddd613bdca907,3.1006080000000003,16116,16500,shared_single_query
shared-0dd80dfd48fd31b94bca,36635,28.172315,6,16768,16768,171704320,759476224.0,8960,16,7f7ff430eb70a331ef5a8896767a3a8a6282f8ef0b86fd4eb606c8740242487a,/data2/chenyi9/KV-PIM/attacc-fugue/output/KVChime-multi-model-TP4-20260907/kvchime/Fugue-asplos-raw/profiles/shared-0dd80dfd48fd31b94bca,13.374448000000001,16116,16500,shared_MQ
shared-005ac00249b7cd332d42,36603,28.147707,6,16768,16768,171704320,759476224.0,8960,16,cc6a7077265d55ae65c5817db48b629a852d88fe659de1f64c2131ed77e65b6d,/data2/chenyi9/KV-PIM/attacc-fugue/output/KVChime-multi-model-TP4-20260907/kvchime/Fugue-asplos-raw/profiles/shared-005ac00249b7cd332d42,3.1006080000000003,16116,9174,shared_single_query
shared-18ef57a928bd70a809e0,24125,18.552125,7,9280,16768,95027200,422096896.0,8960,16,954844d0f16acfb41a425742ebc3833c5999572dd564e885c0d43b0baf0846ab,/data2/chenyi9/KV-PIM/attacc-fugue/output/KVChime-multi-model-TP4-20260907/kvchime/Fugue-asplos-raw/profiles/shared-18ef57a928bd70a809e0,8.694314,16116,9174,shared_MQ
shared-9652f575c1ec328d0d23,18089,13.910441,6,14672,14672,150241280,664541696.0,7840,14,2f352728bc93012c4080ff37921f1469ada262f069c5bc2e6f932daf6aa35b79,/data2/chenyi9/KV-PIM/attacc-fugue/output/KVChime-multi-model-TP4-20260907/kvchime/Fugue-asplos-raw/profiles/shared-9652f575c1ec328d0d23,3.1006080000000003,8058,4232,shared_single_query
shared-3dee31c27c4d064e70e3,11192,8.606648000000002,7,7532,14672,77127680,342841856.0,7840,14,eba2c49b36b357abd7c676b26cc44ed194aabfc41b249711a11f9b804285a656,/data2/chenyi9/KV-PIM/attacc-fugue/output/KVChime-multi-model-TP4-20260907/kvchime/Fugue-asplos-raw/profiles/shared-3dee31c27c4d064e70e3,3.686586,8058,4232,shared_MQ
shared-89b1f9f971741e7b2f34,36603,28.147707,6,29344,29344,300482560,1329083392.0,15680,28,f0405a859dbf082a26d8dde2970ef9943d61e00e8c6fa60c80755a157b80f141,/data2/chenyi9/KV-PIM/attacc-fugue/output/KVChime-multi-model-TP4-20260907/kvchime/Fugue-asplos-raw/profiles/shared-89b1f9f971741e7b2f34,3.1006080000000003,16116,4446,shared_single_query
shared-973753564846d8d99504,13512,10.390728000000001,7,7924,29344,81141760,363983872.0,15680,28,2f1e9774b0d83b556161b36bb31ae3bd8e3ab0a121f39dfb1bae9cd19e2a4ca1,/data2/chenyi9/KV-PIM/attacc-fugue/output/KVChime-multi-model-TP4-20260907/kvchime/Fugue-asplos-raw/profiles/shared-973753564846d8d99504,4.618614000000001,16116,4446,shared_MQ
shared-bc02c06b018dbac1792e,73240,56.32156,6,58688,58688,600965120,2658166784.0,31360,56,9dc04b006199a639bab1a01dada35cb37544f7ad2add0984945d535932c0e42a,/data2/chenyi9/KV-PIM/attacc-fugue/output/KVChime-multi-model-TP4-20260907/kvchime/Fugue-asplos-raw/profiles/shared-bc02c06b018dbac1792e,3.1006080000000003,32232,4874,shared_single_query
shared-28e2c52270d6144ffe00,19537,15.023952999999999,8,8708,58688,89169920,406267904.00000006,31360,56,5804048f28d3d0b81b730f7b7a328af59a97eaea8d45facf79f4cd334b8a6d48,/data2/chenyi9/KV-PIM/attacc-fugue/output/KVChime-multi-model-TP4-20260907/kvchime/Fugue-asplos-raw/profiles/shared-28e2c52270d6144ffe00,6.22121,32232,4874,shared_MQ
shared-4d6e3000ca83b2ff00b3,36603,28.147707,6,29344,29344,300482560,1329083392.0,15680,28,7a5ddcfd132a7cde7ba2d9dcc22cd2337916f769cda8676da591c894ceb2b74b,/data2/chenyi9/KV-PIM/attacc-fugue/output/KVChime-multi-model-TP4-20260907/kvchime/Fugue-asplos-raw/profiles/shared-4d6e3000ca83b2ff00b3,3.1006080000000003,16116,16500,shared_single_query
shared-61e25d10362925c2d331,36635,28.172315,6,29344,29344,300482560,1329083392.0,15680,28,ed538c8257446c1f85d80389d382763dd98d4f8cdb78c19d18d492ca4b2a6efa,/data2/chenyi9/KV-PIM/attacc-fugue/output/KVChime-multi-model-TP4-20260907/kvchime/Fugue-asplos-raw/profiles/shared-61e25d10362925c2d331,13.374448000000001,16116,16500,shared_MQ
shared-637fe5ea2016de81350c,36603,28.147707,6,29344,29344,300482560,1329083392.0,15680,28,e7cef9dcb5fe92e384c9c63c4f239cae7ee692a41069a95466fed41e0b55b448,/data2/chenyi9/KV-PIM/attacc-fugue/output/KVChime-multi-model-TP4-20260907/kvchime/Fugue-asplos-raw/profiles/shared-637fe5ea2016de81350c,3.1006080000000003,16116,9174,shared_single_query
shared-adfa4b7dc425b22cf60b,24125,18.552125,7,16240,29344,166297600,738669568.0,15680,28,dc2f16cf837a5f6a1910ede560dbef0324a07a6af559dd6ab7d246dafa8699d0,/data2/chenyi9/KV-PIM/attacc-fugue/output/KVChime-multi-model-TP4-20260907/kvchime/Fugue-asplos-raw/profiles/shared-adfa4b7dc425b22cf60b,8.694314,16116,9174,shared_MQ
shared-a0b88f7619bd6cfbb7d3,73240,56.32156,6,16768,16768,171704320,759476224.0,8960,16,b6e1088f0d329745472164dc81aab2b32d7759f70034f09e6d9648ed5fd6981d,/data2/chenyi9/KV-PIM/attacc-fugue/output/KVChime-multi-model-TP4-20260907/kvchime/Fugue-asplos-raw/profiles/shared-a0b88f7619bd6cfbb7d3,3.1006080000000003,32232,4232,shared_single_query
shared-c02e575351bcb3daf734,18456,14.192664,8,2152,16768,22036480,100937728.0,8960,16,251b52d5619e5829ab6e28d31f35f653b72d1bd06fb0843d682caf01410b6720,/data2/chenyi9/KV-PIM/attacc-fugue/output/KVChime-multi-model-TP4-20260907/kvchime/Fugue-asplos-raw/profiles/shared-c02e575351bcb3daf734,6.288882,32232,4232,shared_MQ
shared-0ec2083e7c8b2bcc8c53,146538,112.68772200000001,6,33536,33536,343408640,1518952448.0,17920,32,2c38725c66a3ba4b616f361955a6615b62286846fbfc911d758aa6256cd82220,/data2/chenyi9/KV-PIM/attacc-fugue/output/KVChime-multi-model-TP4-20260907/kvchime/Fugue-asplos-raw/profiles/shared-0ec2083e7c8b2bcc8c53,3.1006080000000003,64464,4446,shared_single_query
shared-63ca4849c949993b0bb7,37254,28.648326,8,4304,33536,44072960,201875456.0,17920,32,20f48bd41abaedfb690b2466bc23889cbc8f906ef13865fbe8aa04e7a0bf554a,/data2/chenyi9/KV-PIM/attacc-fugue/output/KVChime-multi-model-TP4-20260907/kvchime/Fugue-asplos-raw/profiles/shared-63ca4849c949993b0bb7,12.663892,64464,4446,shared_MQ
shared-23b90abd399587ad44c2,293224,225.48925599999998,6,67072,67072,686817280,3037904896.0,35840,64,1dfaad27eb435e14b8eb511f08dca6ad6a54e9ebce30386fb982375915d9cb78,/data2/chenyi9/KV-PIM/attacc-fugue/output/KVChime-multi-model-TP4-20260907/kvchime/Fugue-asplos-raw/profiles/shared-23b90abd399587ad44c2,3.1006080000000003,128928,4874,shared_single_query
shared-8360ff238760785fd963,74473,57.269737,8,8608,67072,88145920,403750912.0,35840,64,eb7a8230f4b0b15ba56978fc85a5cf9fe024bf15dc67c9c44a6d5719408a874a,/data2/chenyi9/KV-PIM/attacc-fugue/output/KVChime-multi-model-TP4-20260907/kvchime/Fugue-asplos-raw/profiles/shared-8360ff238760785fd963,25.424678,128928,4874,shared_MQ
shared-bde8a8c1884cc1e65d47,146538,112.68772200000001,6,33536,33536,343408640,1518952448.0,17920,32,f8744faf72b880d977abc89234bea352a8ee7487cb1b4006e2ea4962164fb556,/data2/chenyi9/KV-PIM/attacc-fugue/output/KVChime-multi-model-TP4-20260907/kvchime/Fugue-asplos-raw/profiles/shared-bde8a8c1884cc1e65d47,3.1006080000000003,64464,16500,shared_single_query
shared-1640a7be2afd7b4a702a,52075,40.045675,7,8384,33536,85852160,385703936.0000001,17920,32,42d2fed4e09e13319707782f58f5587b0ce665dd744e03f8547681a49d209515,/data2/chenyi9/KV-PIM/attacc-fugue/output/KVChime-multi-model-TP4-20260907/kvchime/Fugue-asplos-raw/profiles/shared-1640a7be2afd7b4a702a,18.26375,64464,16500,shared_MQ
shared-b35def38f0cb212416f2,146538,112.68772200000001,6,33536,33536,343408640,1518952448.0,17920,32,9beb306505a34494f24507391edc8e3806917eae7de368c47fa8b5ec353317f9,/data2/chenyi9/KV-PIM/attacc-fugue/output/KVChime-multi-model-TP4-20260907/kvchime/Fugue-asplos-raw/profiles/shared-b35def38f0cb212416f2,3.1006080000000003,64464,9174,shared_single_query
shared-95e2dba58d9b42c5c23e,44183,33.976727,8,5888,33536,60293120,273244160.0,17920,32,a2e172010a0044c47afa53a9248f96913dc58208aa26dcc9a2fe59590b2d9ee7,/data2/chenyi9/KV-PIM/attacc-fugue/output/KVChime-multi-model-TP4-20260907/kvchime/Fugue-asplos-raw/profiles/shared-95e2dba58d9b42c5c23e,15.387690000000001,64464,9174,shared_MQ
shared-a1848e700f57c4a8497a,781,0.600589,8,32,256,327680,2588672.0,2560,64,5b28c6ba63caa073bd2f4073a79cd762062f568ea35f1adcb1efbc5aeaa64c75,/data2/chenyi9/KV-PIM/attacc-fugue/output/KVChime-multi-model-TP4-20260907/kvchime/Fugue-asplos-raw/profiles/shared-a1848e700f57c4a8497a,0.195326,64,8,shared_MQ
shared-7229662915defe8f1f71,805,0.619045,8,64,512,655360,4030464.0,2560,64,ce57ba0a714be8c7167f51c427c46a12f888a24f99ced8514bf2151c2b070f17,/data2/chenyi9/KV-PIM/attacc-fugue/output/KVChime-multi-model-TP4-20260907/kvchime/Fugue-asplos-raw/profiles/shared-7229662915defe8f1f71,0.195326,256,32,shared_MQ
shared-4bac7811c86b7c724ac8,853,0.655957,8,128,1024,1310720,6914048.0,2560,64,092e7779ae0f937913f967de9b2520c7d9089c9869053453bb5c54d0df73375e,/data2/chenyi9/KV-PIM/attacc-fugue/output/KVChime-multi-model-TP4-20260907/kvchime/Fugue-asplos-raw/profiles/shared-4bac7811c86b7c724ac8,0.195326,512,64,shared_MQ
shared-ac726e296212fa53538e,949,0.729781,8,256,2048,2621440,12681216.0,2560,64,f1700740b85722ce732ef741dfc7264eeadb65ab59be6c0b602827bccc83a443,/data2/chenyi9/KV-PIM/attacc-fugue/output/KVChime-multi-model-TP4-20260907/kvchime/Fugue-asplos-raw/profiles/shared-ac726e296212fa53538e,0.195326,1024,128,shared_MQ
shared-7c73beebb35c0348a851,1171,0.900499,8,512,4096,5242880,24215552.0,2560,64,e03285a692f0c6e9501ea5b0e03f7d877a004704a90689d31304b144641232f8,/data2/chenyi9/KV-PIM/attacc-fugue/output/KVChime-multi-model-TP4-20260907/kvchime/Fugue-asplos-raw/profiles/shared-7c73beebb35c0348a851,0.195326,2048,256,shared_MQ
shared-ab597f7418930a8b3fc2,1917,1.474173,8,1024,8192,10485760,47733145.60000001,3584,64,ce31a4b82d95ef9a5c0f7417091f179a75eb448b4c6a49d9d3124646ef986086,/data2/chenyi9/KV-PIM/attacc-fugue/output/KVChime-multi-model-TP4-20260907/kvchime/Fugue-asplos-raw/profiles/shared-ab597f7418930a8b3fc2,0.195326,4096,512,shared_MQ
shared-5b93cb9090a21bf64b7f,2633,2.024777,8,1536,12288,15728640,71250739.2,4608,64,dacc34d071f10ff64331597b37802ee67c4b751a9b9bddc24ab7d42073ab28db,/data2/chenyi9/KV-PIM/attacc-fugue/output/KVChime-multi-model-TP4-20260907/kvchime/Fugue-asplos-raw/profiles/shared-5b93cb9090a21bf64b7f,0.195326,6144,768,shared_MQ
shared-968cced42089f1096842,3375,2.595375,8,2048,16384,20971520,94768332.80000001,5632,64,f12bbf619b4218f1554a6df00e71394b24fab6564391616b029f27b8a683b3fb,/data2/chenyi9/KV-PIM/attacc-fugue/output/KVChime-multi-model-TP4-20260907/kvchime/Fugue-asplos-raw/profiles/shared-968cced42089f1096842,0.195326,8192,1024,shared_MQ
shared-e23c449ee48176366db2,4149,3.1905810000000003,8,2080,16640,21299200,97357004.80000001,8192,64,3868bc800abaacb2c982c35596e9c97b46bbe81e6a4ce069c8119f51bb7d3924,/data2/chenyi9/KV-PIM/attacc-fugue/output/KVChime-multi-model-TP4-20260907/kvchime/Fugue-asplos-raw/profiles/shared-e23c449ee48176366db2,1.381124,8256,1032,shared_MQ
shared-7b848777819fbd50ef74,4173,3.2090370000000004,8,2112,16896,21626880,98798796.80000001,8192,64,93d8d6053c7ff2327f6792eb28a5c55c3e76ca55f534b6d0e7fe43c7ce344349,/data2/chenyi9/KV-PIM/attacc-fugue/output/KVChime-multi-model-TP4-20260907/kvchime/Fugue-asplos-raw/profiles/shared-7b848777819fbd50ef74,1.381124,8448,1056,shared_MQ
shared-c6a29e3b49b6042c2e36,4221,3.245949,8,2176,17408,22282240,101682380.80000001,8192,64,3976c9271058fa8e467a620322142099aa3cecc32deef108b3d0f8674690302f,/data2/chenyi9/KV-PIM/attacc-fugue/output/KVChime-multi-model-TP4-20260907/kvchime/Fugue-asplos-raw/profiles/shared-c6a29e3b49b6042c2e36,1.381124,8704,1088,shared_MQ
shared-ca5fc21c4275043d054e,4317,3.319773,8,2304,18432,23592960,107449548.80000001,8192,64,bdf27fba71c6431ac470924260de2d37364432ae528b05ce6fdb16e0f8143c96,/data2/chenyi9/KV-PIM/attacc-fugue/output/KVChime-multi-model-TP4-20260907/kvchime/Fugue-asplos-raw/profiles/shared-ca5fc21c4275043d054e,1.381124,9216,1152,shared_MQ
shared-ae11da742b846d62d6ad,4539,3.490491,8,2560,20480,26214400,118983884.80000001,8192,64,0e0e2034b94d774c64aa6e348c9800a9d20d66b15f29f01708097f0d6850532d,/data2/chenyi9/KV-PIM/attacc-fugue/output/KVChime-multi-model-TP4-20260907/kvchime/Fugue-asplos-raw/profiles/shared-ae11da742b846d62d6ad,1.381124,10240,1280,shared_MQ
shared-db172e1fdcfff32f85ec,5731,4.407139,8,3072,24576,31457280,142501478.4,9216,64,6cd37102c026098f7d63b55afdce840b1c319447dbd9c69eb31779765cd7ceac,/data2/chenyi9/KV-PIM/attacc-fugue/output/KVChime-multi-model-TP4-20260907/kvchime/Fugue-asplos-raw/profiles/shared-db172e1fdcfff32f85ec,1.381124,12288,1536,shared_MQ
shared-c2ee3eca1fd6b047caf3,6477,4.980813,8,3584,28672,36700160,166019072.00000003,10240,64,d3f6d73679212626f5e97d53323ac1c55c394ae4fcde499c9f6d61f3cd4ba968,/data2/chenyi9/KV-PIM/attacc-fugue/output/KVChime-multi-model-TP4-20260907/kvchime/Fugue-asplos-raw/profiles/shared-c2ee3eca1fd6b047caf3,1.381124,14336,1792,shared_MQ
shared-1e4b5ea34a1a65e0fbd9,6833,5.254577,8,4096,32768,41943040,189536665.60000002,11264,64,eddcd0378392e967ecfcac2d630ec32ff6ae9831573c01248b6558cb70a49193,/data2/chenyi9/KV-PIM/attacc-fugue/output/KVChime-multi-model-TP4-20260907/kvchime/Fugue-asplos-raw/profiles/shared-1e4b5ea34a1a65e0fbd9,1.381124,16384,2048,shared_MQ
shared-241ec055523f6edc6243,14710,11.31199,8,8224,65792,84213760,379568128.00000006,20480,64,4cacaf9cf73c3445c611e950d7c79193e3f7cd503acc26bac2368bc62ca1c9cc,/data2/chenyi9/KV-PIM/attacc-fugue/output/KVChime-multi-model-TP4-20260907/kvchime/Fugue-asplos-raw/profiles/shared-241ec055523f6edc6243,4.264874,32832,4104,shared_MQ
shared-9b745ecbe181baa31471,14730,11.32737,8,8256,66048,84541440,381009920.0,20480,64,f2eddcd26dc5179b9663d7e84bc424ae62dda8037c295a0aad6ae3c4c01fd3ab,/data2/chenyi9/KV-PIM/attacc-fugue/output/KVChime-multi-model-TP4-20260907/kvchime/Fugue-asplos-raw/profiles/shared-9b745ecbe181baa31471,4.264874,33024,4128,shared_MQ
shared-fa38763a9aae30a6b68d,14778,11.364282000000001,8,8320,66560,85196800,383893504.0,20480,64,5fc72905a7050f3fb7e1865f10978bc2f47b6742865a8e8f952a7599c4bebbba,/data2/chenyi9/KV-PIM/attacc-fugue/output/KVChime-multi-model-TP4-20260907/kvchime/Fugue-asplos-raw/profiles/shared-fa38763a9aae30a6b68d,4.264874,33280,4160,shared_MQ
shared-da5b52d35a26d87975f2,14874,11.438106,8,8448,67584,86507520,389660672.0,20480,64,3208950ab310c681277ff73ce89965f48fe07b0742b718caecfb2f228535d6e1,/data2/chenyi9/KV-PIM/attacc-fugue/output/KVChime-multi-model-TP4-20260907/kvchime/Fugue-asplos-raw/profiles/shared-da5b52d35a26d87975f2,4.264874,33792,4224,shared_MQ
shared-281424368e732340d0d5,15096,11.608824,8,8704,69632,89128960,401195008.00000006,20480,64,ca2a0a7325ce28cac8c7e35f82370bb35225f26b489d2b69d267e5c6531e6467,/data2/chenyi9/KV-PIM/attacc-fugue/output/KVChime-multi-model-TP4-20260907/kvchime/Fugue-asplos-raw/profiles/shared-281424368e732340d0d5,4.264874,34816,4352,shared_MQ
shared-40bde2f872a322e5cf13,16288,12.525472,8,9216,73728,94371840,424712601.6,21504,64,ac07a1698ae338be10da1b83ee81e634da766effb49dbc4fb3be7f9e7fbb4c68,/data2/chenyi9/KV-PIM/attacc-fugue/output/KVChime-multi-model-TP4-20260907/kvchime/Fugue-asplos-raw/profiles/shared-40bde2f872a322e5cf13,4.264874,36864,4608,shared_MQ
shared-6f6faaf4a6ab0cca9703,16679,12.826151,8,9728,77824,99614720,448230195.20000005,22528,64,ba82354fe355043044b8b1ebb9ef831893a44a865ed609cf8918d560fed32e4c,/data2/chenyi9/KV-PIM/attacc-fugue/output/KVChime-multi-model-TP4-20260907/kvchime/Fugue-asplos-raw/profiles/shared-6f6faaf4a6ab0cca9703,4.264874,38912,4864,shared_MQ
shared-0070417285b1c66d95f3,17702,13.612838,8,10240,81920,104857600,471747788.8,23552,64,030c5d69b854087a5815953ecfbea075571d1388742938be4ec0372547d6e2a5,/data2/chenyi9/KV-PIM/attacc-fugue/output/KVChime-multi-model-TP4-20260907/kvchime/Fugue-asplos-raw/profiles/shared-0070417285b1c66d95f3,4.264874,40960,5120,shared_MQ
shared-dc18405193a3f51bf25f,781,0.600589,8,16,128,163840,1294336.0,1280,32,54f049170c8e4dd509440988028cae468204e819a01d73a5c42e4154b0d1cfdb,/data2/chenyi9/KV-PIM/attacc-fugue/output/KVChime-multi-model-TP4-20260907/kvchime/Fugue-asplos-raw/profiles/shared-dc18405193a3f51bf25f,0.195326,64,8,shared_MQ
shared-29a869854f2ee27f116b,805,0.619045,8,32,256,327680,2015232.0,1280,32,399fa387b84e7c1f9ad8ca7ff186809d6a188654bf911df73538a42fe05c2723,/data2/chenyi9/KV-PIM/attacc-fugue/output/KVChime-multi-model-TP4-20260907/kvchime/Fugue-asplos-raw/profiles/shared-29a869854f2ee27f116b,0.195326,256,32,shared_MQ
shared-07a983d81469753cc18a,853,0.655957,8,64,512,655360,3457024.0,1280,32,d37f617ef3cff565b919ed592fb212e8297a00dceb0a3b3f4b13a00eac7c1a66,/data2/chenyi9/KV-PIM/attacc-fugue/output/KVChime-multi-model-TP4-20260907/kvchime/Fugue-asplos-raw/profiles/shared-07a983d81469753cc18a,0.195326,512,64,shared_MQ
shared-d2b4de27e7f9748690ea,949,0.729781,8,128,1024,1310720,6340608.0,1280,32,8d9c5d860ef057dac636acd9d12a4b9421d42250a61d6dfc6c6e8fc1ae606d6b,/data2/chenyi9/KV-PIM/attacc-fugue/output/KVChime-multi-model-TP4-20260907/kvchime/Fugue-asplos-raw/profiles/shared-d2b4de27e7f9748690ea,0.195326,1024,128,shared_MQ
shared-417d259a62d6f5ac216b,1171,0.900499,8,256,2048,2621440,12107776.0,1280,32,37904f8bbfc5173fcbbaa27b95b446811565588e736201f923032b4f24f52e26,/data2/chenyi9/KV-PIM/attacc-fugue/output/KVChime-multi-model-TP4-20260907/kvchime/Fugue-asplos-raw/profiles/shared-417d259a62d6f5ac216b,0.195326,2048,256,shared_MQ
shared-203f1ebfd9bf20808dbc,1917,1.474173,8,512,4096,5242880,23866572.800000004,1792,32,595a2eaa155437e0af117fa712fd237329c1ef4cfabbf1892cdb07b2a1808c83,/data2/chenyi9/KV-PIM/attacc-fugue/output/KVChime-multi-model-TP4-20260907/kvchime/Fugue-asplos-raw/profiles/shared-203f1ebfd9bf20808dbc,0.195326,4096,512,shared_MQ
shared-51382343335ff41a087c,2633,2.024777,8,768,6144,7864320,35625369.6,2304,32,f72e4a16f73d2e35c84c44dbfcd9393be3d9960caf79c1ccb726c8683e08c50e,/data2/chenyi9/KV-PIM/attacc-fugue/output/KVChime-multi-model-TP4-20260907/kvchime/Fugue-asplos-raw/profiles/shared-51382343335ff41a087c,0.195326,6144,768,shared_MQ
shared-b2475341bba870c07a40,3372,2.593068,8,1024,8192,10485760,47384166.400000006,2816,32,4bc9a9c6d5ae898b72ce841dd50a5188248b1d5359cb534bb5cede6d78509aea,/data2/chenyi9/KV-PIM/attacc-fugue/output/KVChime-multi-model-TP4-20260907/kvchime/Fugue-asplos-raw/profiles/shared-b2475341bba870c07a40,0.195326,8192,1024,shared_MQ
shared-7fca96f1a0179b3b186a,4146,3.188274,8,1040,8320,10649600,48678502.400000006,4096,32,fdb0339d2e5bc690f3b135935d5359c3468fdb1ff677378bc99251db71c04f47,/data2/chenyi9/KV-PIM/attacc-fugue/output/KVChime-multi-model-TP4-20260907/kvchime/Fugue-asplos-raw/profiles/shared-7fca96f1a0179b3b186a,1.381124,8256,1032,shared_MQ
shared-fd8b60bb80ae602cc91e,4170,3.20673,8,1056,8448,10813440,49399398.400000006,4096,32,cc8fa10f957cb4b8d8eb95a451010db9b0a11a6f8b62eee1c1f593ca056fd9ff,/data2/chenyi9/KV-PIM/attacc-fugue/output/KVChime-multi-model-TP4-20260907/kvchime/Fugue-asplos-raw/profiles/shared-fd8b60bb80ae602cc91e,1.381124,8448,1056,shared_MQ
shared-b97a69fda558124be40e,4218,3.2436420000000004,8,1088,8704,11141120,50841190.400000006,4096,32,a165a772f493dc0b6b88cc714bb1240e24917e1f0f17960ff0412d4dc790f72e,/data2/chenyi9/KV-PIM/attacc-fugue/output/KVChime-multi-model-TP4-20260907/kvchime/Fugue-asplos-raw/profiles/shared-b97a69fda558124be40e,1.381124,8704,1088,shared_MQ
shared-a6025ab818e352debbca,4314,3.317466,8,1152,9216,11796480,53724774.400000006,4096,32,cb495ea310156a8bc81e55905ae3515f9001904c15039ecb77e5ae2b482e3877,/data2/chenyi9/KV-PIM/attacc-fugue/output/KVChime-multi-model-TP4-20260907/kvchime/Fugue-asplos-raw/profiles/shared-a6025ab818e352debbca,1.381124,9216,1152,shared_MQ
shared-741f9c20b94f49617da4,4536,3.4881840000000004,8,1280,10240,13107200,59491942.400000006,4096,32,9e7e4a8a1030b1c58869e3f34c7226f2168043e419de994f0804e38ea1718e9b,/data2/chenyi9/KV-PIM/attacc-fugue/output/KVChime-multi-model-TP4-20260907/kvchime/Fugue-asplos-raw/profiles/shared-741f9c20b94f49617da4,1.381124,10240,1280,shared_MQ
shared-ac77a223170f43a97b85,5724,4.401756000000001,8,1536,12288,15728640,71250739.2,4608,32,a0390c10195142dd7055523dbe38ed099ad9f5a8173048243c1e571d7d1f4390,/data2/chenyi9/KV-PIM/attacc-fugue/output/KVChime-multi-model-TP4-20260907/kvchime/Fugue-asplos-raw/profiles/shared-ac77a223170f43a97b85,1.381124,12288,1536,shared_MQ
shared-4cb7b2bb554fb4e07a2a,6474,4.978506,8,1792,14336,18350080,83009536.00000001,5120,32,913e18556ab1f4a5d19b265a44f723eaf970ed6f0661ee88e1009a6c77faad2e,/data2/chenyi9/KV-PIM/attacc-fugue/output/KVChime-multi-model-TP4-20260907/kvchime/Fugue-asplos-raw/profiles/shared-4cb7b2bb554fb4e07a2a,1.381124,14336,1792,shared_MQ
shared-95c46c35ce58e024f996,6833,5.254577,8,2048,16384,20971520,94768332.80000001,5632,32,cdf050ec6aa3751ed070fe0e5bbf4b2becd67f0b7b988e4bafe94455eb4df94c,/data2/chenyi9/KV-PIM/attacc-fugue/output/KVChime-multi-model-TP4-20260907/kvchime/Fugue-asplos-raw/profiles/shared-95c46c35ce58e024f996,1.381124,16384,2048,shared_MQ
shared-51b0e1b4bbfa9e06c6f8,14640,11.25816,8,4112,32896,42106880,189784064.00000003,10240,32,3f1614ff764dcd51ca64067240da8fa16cefbc5d43a8e55f4ffd486810990724,/data2/chenyi9/KV-PIM/attacc-fugue/output/KVChime-multi-model-TP4-20260907/kvchime/Fugue-asplos-raw/profiles/shared-51b0e1b4bbfa9e06c6f8,4.264874,32832,4104,shared_MQ
shared-0f5e582ceeab42269cde,14650,11.26585,8,4128,33024,42270720,190504960.0,10240,32,40dcc036084fab196e5ede285fd6e3f3a1adc5781f98738813d74ae410b2852c,/data2/chenyi9/KV-PIM/attacc-fugue/output/KVChime-multi-model-TP4-20260907/kvchime/Fugue-asplos-raw/profiles/shared-0f5e582ceeab42269cde,4.264874,33024,4128,shared_MQ
shared-ee468dc2b5558c991219,14736,11.331984,8,4160,33280,42598400,191946752.0,10240,32,068d5d70e057f89518c24389ffebcc5981f791c6b33017f2c23cc29ba8b63e98,/data2/chenyi9/KV-PIM/attacc-fugue/output/KVChime-multi-model-TP4-20260907/kvchime/Fugue-asplos-raw/profiles/shared-ee468dc2b5558c991219,4.264874,33280,4160,shared_MQ
shared-50901dd00a70592e4ff0,14832,11.405808,8,4224,33792,43253760,194830336.0,10240,32,a4156fbc6d6d2a71298dd13cb78800ddc27fcda54f4fa38d2149c660d4d98d7c,/data2/chenyi9/KV-PIM/attacc-fugue/output/KVChime-multi-model-TP4-20260907/kvchime/Fugue-asplos-raw/profiles/shared-50901dd00a70592e4ff0,4.264874,33792,4224,shared_MQ
shared-8902367a8359ce349746,15054,11.576526,8,4352,34816,44564480,200597504.00000003,10240,32,6ec4e831b9028180fda9f9a75b68e2299af9990bad5b9c56f350d269c7345569,/data2/chenyi9/KV-PIM/attacc-fugue/output/KVChime-multi-model-TP4-20260907/kvchime/Fugue-asplos-raw/profiles/shared-8902367a8359ce349746,4.264874,34816,4352,shared_MQ
shared-afc11380fd6e7aa62e89,16272,12.513168,8,4608,36864,47185920,212356300.8,10752,32,db7cf779653e87ac59457c96037107c8dfe4fe340712a9b6f8c9ab4f185f277a,/data2/chenyi9/KV-PIM/attacc-fugue/output/KVChime-multi-model-TP4-20260907/kvchime/Fugue-asplos-raw/profiles/shared-afc11380fd6e7aa62e89,4.264874,36864,4608,shared_MQ
shared-a83f000a8cf87c0b91a2,16679,12.826151,8,4864,38912,49807360,224115097.60000002,11264,32,ec135d24b4d25fbb0efbf9cf3d5ab1d3acfc24928d9211a6d8caacf629ef7598,/data2/chenyi9/KV-PIM/attacc-fugue/output/KVChime-multi-model-TP4-20260907/kvchime/Fugue-asplos-raw/profiles/shared-a83f000a8cf87c0b91a2,4.264874,38912,4864,shared_MQ
shared-758c42a8ff675f3d6317,17690,13.60361,8,5120,40960,52428800,235873894.4,11776,32,3b662706d2b120795bd3bb43787335319d0b0ad0ee97a183fb2e952d8646f74c,/data2/chenyi9/KV-PIM/attacc-fugue/output/KVChime-multi-model-TP4-20260907/kvchime/Fugue-asplos-raw/profiles/shared-758c42a8ff675f3d6317,4.264874,40960,5120,shared_MQ
shared-61c5880e2aaa795830b6,781,0.600589,8,28,224,286720,2265088.0,2240,56,77f0b136d16123351d998c36144177ca7b4143c944574004ea370ae74b3cc191,/data2/chenyi9/KV-PIM/attacc-fugue/output/KVChime-multi-model-TP4-20260907/kvchime/Fugue-asplos-raw/profiles/shared-61c5880e2aaa795830b6,0.195326,64,8,shared_MQ
shared-4fc89d41179efdd1df43,805,0.619045,8,56,448,573440,3526656.0000000005,2240,56,81d455544468b3f1ed3b55cf01728725db104295a47b9ccdf74544ca8d93e7d4,/data2/chenyi9/KV-PIM/attacc-fugue/output/KVChime-multi-model-TP4-20260907/kvchime/Fugue-asplos-raw/profiles/shared-4fc89d41179efdd1df43,0.195326,256,32,shared_MQ
shared-8b461655f6f582e1325d,853,0.655957,8,112,896,1146880,6049792.000000001,2240,56,822f23fd15cbe28d10be963983c62cd6407d34741771bf292f5e4baa9ff6a5d4,/data2/chenyi9/KV-PIM/attacc-fugue/output/KVChime-multi-model-TP4-20260907/kvchime/Fugue-asplos-raw/profiles/shared-8b461655f6f582e1325d,0.195326,512,64,shared_MQ
shared-093b9c038e6906b5a3e5,949,0.729781,8,224,1792,2293760,11096064.000000002,2240,56,77105f712c194ab0a73996aed2e56a4fa5855cd736fb895f43c65efbd9b14579,/data2/chenyi9/KV-PIM/attacc-fugue/output/KVChime-multi-model-TP4-20260907/kvchime/Fugue-asplos-raw/profiles/shared-093b9c038e6906b5a3e5,0.195326,1024,128,shared_MQ
shared-ba18fbf446c1aed227c4,1171,0.900499,8,448,3584,4587520,21188608.000000004,2240,56,28db8a1d394d44966af8687bbb0a1e5213800d7ac79f52bacef7a8bfdcd083e2,/data2/chenyi9/KV-PIM/attacc-fugue/output/KVChime-multi-model-TP4-20260907/kvchime/Fugue-asplos-raw/profiles/shared-ba18fbf446c1aed227c4,0.195326,2048,256,shared_MQ
shared-341be06bb47e4f85f506,1917,1.474173,8,896,7168,9175040,41766502.400000006,3136,56,a979649f965c4c90b70e175ef56edcd50666dc459fe9d1e765e3d0df22a04cc9,/data2/chenyi9/KV-PIM/attacc-fugue/output/KVChime-multi-model-TP4-20260907/kvchime/Fugue-asplos-raw/profiles/shared-341be06bb47e4f85f506,0.195326,4096,512,shared_MQ
shared-c79dc7c1249021d5b1e3,2633,2.024777,8,1344,10752,13762560,62344396.800000004,4032,56,e40c015ab5fe5b3412f92b61bdc4c752030e2225cf4fcca6fba7813f65f10942,/data2/chenyi9/KV-PIM/attacc-fugue/output/KVChime-multi-model-TP4-20260907/kvchime/Fugue-asplos-raw/profiles/shared-c79dc7c1249021d5b1e3,0.195326,6144,768,shared_MQ
shared-ff840ea250feee8163b8,3375,2.595375,8,1792,14336,18350080,82922291.20000002,4928,56,c599475f0ae55b3f5300a473b8af4c48bfbb3c4bed2d511be416afe50b068a75,/data2/chenyi9/KV-PIM/attacc-fugue/output/KVChime-multi-model-TP4-20260907/kvchime/Fugue-asplos-raw/profiles/shared-ff840ea250feee8163b8,0.195326,8192,1024,shared_MQ
shared-bd01f0e92bb959078b82,4149,3.1905810000000003,8,1820,14560,18636800,85187379.20000002,7168,56,dd740353df72dc947497bfc6c6d2f256e3069e3774c6438afba0bd0d3cbda13b,/data2/chenyi9/KV-PIM/attacc-fugue/output/KVChime-multi-model-TP4-20260907/kvchime/Fugue-asplos-raw/profiles/shared-bd01f0e92bb959078b82,1.381124,8256,1032,shared_MQ
shared-b040d3c89d7da5d2d19d,4173,3.2090370000000004,8,1848,14784,18923520,86448947.2,7168,56,6545ee285dd9738baac8a0e583669dd0bb4d5673c78348d72f14ee301f3b60aa,/data2/chenyi9/KV-PIM/attacc-fugue/output/KVChime-multi-model-TP4-20260907/kvchime/Fugue-asplos-raw/profiles/shared-b040d3c89d7da5d2d19d,1.381124,8448,1056,shared_MQ
shared-06a0e0ce91e70370607d,4221,3.245949,8,1904,15232,19496960,88972083.2,7168,56,501b1170c4a282575eb1317bbedfc2d2c2938260fe4708266507e7409e455cde,/data2/chenyi9/KV-PIM/attacc-fugue/output/KVChime-multi-model-TP4-20260907/kvchime/Fugue-asplos-raw/profiles/shared-06a0e0ce91e70370607d,1.381124,8704,1088,shared_MQ
shared-72f38f838694e8cfd1c2,4317,3.319773,8,2016,16128,20643840,94018355.20000002,7168,56,aac3537d1b52b0fe014d62c569957cfa9f409e44e8d46a069e132e2b1aa8b4c3,/data2/chenyi9/KV-PIM/attacc-fugue/output/KVChime-multi-model-TP4-20260907/kvchime/Fugue-asplos-raw/profiles/shared-72f38f838694e8cfd1c2,1.381124,9216,1152,shared_MQ
shared-a38aeddc51183b9a470b,4539,3.490491,8,2240,17920,22937600,104110899.2,7168,56,eeb7931dd4aee1e7944aca69ca3b3b5bf38503f4f206f59f748784f91a734a5d,/data2/chenyi9/KV-PIM/attacc-fugue/output/KVChime-multi-model-TP4-20260907/kvchime/Fugue-asplos-raw/profiles/shared-a38aeddc51183b9a470b,1.381124,10240,1280,shared_MQ
shared-e08abf529e7fc5992ce1,5731,4.407139,8,2688,21504,27525120,124688793.60000001,8064,56,d6e4b89d835cea7e14f44efd4404edf4065d997e9aba33c275a39c2f435e07c3,/data2/chenyi9/KV-PIM/attacc-fugue/output/KVChime-multi-model-TP4-20260907/kvchime/Fugue-asplos-raw/profiles/shared-e08abf529e7fc5992ce1,1.381124,12288,1536,shared_MQ
shared-e3c6a0b1fa561f875d39,6477,4.980813,8,3136,25088,32112640,145266688.0,8960,56,144171947896008c07670fe587c306ae81cb6aea96e9525a4beb1d41a747d527,/data2/chenyi9/KV-PIM/attacc-fugue/output/KVChime-multi-model-TP4-20260907/kvchime/Fugue-asplos-raw/profiles/shared-e3c6a0b1fa561f875d39,1.381124,14336,1792,shared_MQ
shared-4053f9c652fc1d03b3f9,6833,5.254577,8,3584,28672,36700160,165844582.40000004,9856,56,df13dd8e644efdf1d07fb06a546aca7ecfd2221a57079044d976a4a2dc3d150b,/data2/chenyi9/KV-PIM/attacc-fugue/output/KVChime-multi-model-TP4-20260907/kvchime/Fugue-asplos-raw/profiles/shared-4053f9c652fc1d03b3f9,1.381124,16384,2048,shared_MQ
shared-cbdb33a2c526e9128e0e,14710,11.31199,8,7196,57568,73687040,332122112.0,17920,56,194d237bca79c90b2f5eaf05281f51ed1b2f1d6c1d9e77756132c67253ab2e82,/data2/chenyi9/KV-PIM/attacc-fugue/output/KVChime-multi-model-TP4-20260907/kvchime/Fugue-asplos-raw/profiles/shared-cbdb33a2c526e9128e0e,4.264874,32832,4104,shared_MQ
shared-ef0c634dced3dd6c5c9b,14724,11.322756,8,7224,57792,73973760,333383680.00000006,17920,56,0cb53a15f076de2100b01df42750d9998ce84a007cab59bf91001b78da98f014,/data2/chenyi9/KV-PIM/attacc-fugue/output/KVChime-multi-model-TP4-20260907/kvchime/Fugue-asplos-raw/profiles/shared-ef0c634dced3dd6c5c9b,4.264874,33024,4128,shared_MQ
shared-e1771eca97bc5c068afe,14772,11.359668,8,7280,58240,74547200,335906816.0,17920,56,58e542c829ad839a861951dc843de6a4dde5a90943b5d4e8bcce1edeedad4853,/data2/chenyi9/KV-PIM/attacc-fugue/output/KVChime-multi-model-TP4-20260907/kvchime/Fugue-asplos-raw/profiles/shared-e1771eca97bc5c068afe,4.264874,33280,4160,shared_MQ
shared-92d0991d578dea4b4b55,14868,11.433492,8,7392,59136,75694080,340953088.00000006,17920,56,7f54182c497b999146a25bd714f4722121f71c33910bde8727b1bf65d26e08a1,/data2/chenyi9/KV-PIM/attacc-fugue/output/KVChime-multi-model-TP4-20260907/kvchime/Fugue-asplos-raw/profiles/shared-92d0991d578dea4b4b55,4.264874,33792,4224,shared_MQ
shared-220b5b6acb9a86f5d09f,15090,11.60421,8,7616,60928,77987840,351045632.0,17920,56,be7ae3328eb14ef43f69509f899fd40af2244210b44be6ed0472f731eb73ef9d,/data2/chenyi9/KV-PIM/attacc-fugue/output/KVChime-multi-model-TP4-20260907/kvchime/Fugue-asplos-raw/profiles/shared-220b5b6acb9a86f5d09f,4.264874,34816,4352,shared_MQ
shared-a76028b4fd9e73e4f1d1,16291,12.527779,8,8064,64512,82575360,371623526.4000001,18816,56,28eb8034551e97d0a3f2395c37fad0e28e39b1f8e60d18b77167c2bad3d8a8a6,/data2/chenyi9/KV-PIM/attacc-fugue/output/KVChime-multi-model-TP4-20260907/kvchime/Fugue-asplos-raw/profiles/shared-a76028b4fd9e73e4f1d1,4.264874,36864,4608,shared_MQ
shared-561d0acccbcf7e05b0ab,16679,12.826151,8,8512,68096,87162880,392201420.8000001,19712,56,65fe35991c4f64e4434a4a5c8b06efbc07506062e3d43ff441c6075a39cad7c0,/data2/chenyi9/KV-PIM/attacc-fugue/output/KVChime-multi-model-TP4-20260907/kvchime/Fugue-asplos-raw/profiles/shared-561d0acccbcf7e05b0ab,4.264874,38912,4864,shared_MQ
shared-138761f34b21eed2db6e,17702,13.612838,8,8960,71680,91750400,412779315.20000005,20608,56,4f00bdab2547e6bef482214096c39ef1dc138c821f1d79cb08170c8577990498,/data2/chenyi9/KV-PIM/attacc-fugue/output/KVChime-multi-model-TP4-20260907/kvchime/Fugue-asplos-raw/profiles/shared-138761f34b21eed2db6e,4.264874,40960,5120,shared_MQ
shared-e74e1322565feadedfc1,781,0.600589,8,8,64,81920,647168.0,640,16,95ff6edf740fb6dd2bc1807602061a9bc8b5116ef82b9a67141b7696ca84890c,/data2/chenyi9/KV-PIM/attacc-fugue/output/KVChime-multi-model-TP4-20260907/kvchime/Fugue-asplos-raw/profiles/shared-e74e1322565feadedfc1,0.195326,64,8,shared_MQ
shared-04d7ed0b19ca9b149ce2,805,0.619045,8,16,128,163840,1007616.0,640,16,3799b3b7ef6b9f3a8925f792448a445b5aafa8983aee75a4177e4f455b308912,/data2/chenyi9/KV-PIM/attacc-fugue/output/KVChime-multi-model-TP4-20260907/kvchime/Fugue-asplos-raw/profiles/shared-04d7ed0b19ca9b149ce2,0.195326,256,32,shared_MQ
shared-5de46955c785d023e6b0,853,0.655957,8,32,256,327680,1728512.0,640,16,8e56492ce8e7e1b39da98b39b4b3a3a9e2f82068d922ccb1324e0bcaf923a898,/data2/chenyi9/KV-PIM/attacc-fugue/output/KVChime-multi-model-TP4-20260907/kvchime/Fugue-asplos-raw/profiles/shared-5de46955c785d023e6b0,0.195326,512,64,shared_MQ
shared-3f766b2680870e06014f,949,0.729781,8,64,512,655360,3170304.0,640,16,576b18565bb7ec3e93ddeb7df230c25a960a7767746933fd12d715387fba3a31,/data2/chenyi9/KV-PIM/attacc-fugue/output/KVChime-multi-model-TP4-20260907/kvchime/Fugue-asplos-raw/profiles/shared-3f766b2680870e06014f,0.195326,1024,128,shared_MQ
shared-7469c298b45bf87d7804,1171,0.900499,8,128,1024,1310720,6053888.0,640,16,eb9a38c16825cd2125a7524f86d64b211fe3a318ece4d5ac27c3a4edb011a638,/data2/chenyi9/KV-PIM/attacc-fugue/output/KVChime-multi-model-TP4-20260907/kvchime/Fugue-asplos-raw/profiles/shared-7469c298b45bf87d7804,0.195326,2048,256,shared_MQ
shared-24d1edbfe55a44eeeccd,1913,1.4710969999999999,8,256,2048,2621440,11933286.400000002,896,16,4a75087ade8e0bec6bd48637e2965d387724c7d276b851b67053c931f8892125,/data2/chenyi9/KV-PIM/attacc-fugue/output/KVChime-multi-model-TP4-20260907/kvchime/Fugue-asplos-raw/profiles/shared-24d1edbfe55a44eeeccd,0.195326,4096,512,shared_MQ
shared-54150c6f5782e449f9a8,2625,2.018625,8,384,3072,3932160,17812684.8,1152,16,a751e5a15442dc9689c073fe4db340cd411015d7be380b4f1b904a24b77fa556,/data2/chenyi9/KV-PIM/attacc-fugue/output/KVChime-multi-model-TP4-20260907/kvchime/Fugue-asplos-raw/profiles/shared-54150c6f5782e449f9a8,0.195326,6144,768,shared_MQ
shared-1963dbead56e3264134e,3364,2.586916,8,512,4096,5242880,23692083.200000003,1408,16,d8786f3e2243a6ac1f11659e440013c86f9ffcd85da1736dbb493968cfeb5e77,/data2/chenyi9/KV-PIM/attacc-fugue/output/KVChime-multi-model-TP4-20260907/kvchime/Fugue-asplos-raw/profiles/shared-1963dbead56e3264134e,0.195326,8192,1024,shared_MQ
shared-22fc4f01970d0f700cd1,4138,3.1821219999999997,8,520,4160,5324800,24339251.200000003,2048,16,9c71e639ffbd6b457e974347ae1059524950639c58ff69ee65b1ccf23dab6433,/data2/chenyi9/KV-PIM/attacc-fugue/output/KVChime-multi-model-TP4-20260907/kvchime/Fugue-asplos-raw/profiles/shared-22fc4f01970d0f700cd1,1.381124,8256,1032,shared_MQ
shared-8157e0d932e456b26167,4162,3.200578,8,528,4224,5406720,24699699.200000003,2048,16,2ad639f41ff665215eafd8966b19befeb986cfeda24363a17827420bea693831,/data2/chenyi9/KV-PIM/attacc-fugue/output/KVChime-multi-model-TP4-20260907/kvchime/Fugue-asplos-raw/profiles/shared-8157e0d932e456b26167,1.381124,8448,1056,shared_MQ
shared-442c0ef9299a44b4a38c,4210,3.23749,8,544,4352,5570560,25420595.200000003,2048,16,c153f0be74547e6946e988b772843fd1112d56b1df5d6cb553314650577d61a3,/data2/chenyi9/KV-PIM/attacc-fugue/output/KVChime-multi-model-TP4-20260907/kvchime/Fugue-asplos-raw/profiles/shared-442c0ef9299a44b4a38c,1.381124,8704,1088,shared_MQ
shared-371200ad2ee618af6d28,4306,3.311314,8,576,4608,5898240,26862387.200000003,2048,16,8b6dfa0e363db7f0a8aa265b8445f13e1e5478955dd7c8dcc4cbf2d700e58506,/data2/chenyi9/KV-PIM/attacc-fugue/output/KVChime-multi-model-TP4-20260907/kvchime/Fugue-asplos-raw/profiles/shared-371200ad2ee618af6d28,1.381124,9216,1152,shared_MQ
shared-f8936024dd21b694903c,4528,3.4820320000000002,8,640,5120,6553600,29745971.200000003,2048,16,2dfa5ce9b76077340139960fa3938c5ecdf0db3309957031c221edbd1eaf949d,/data2/chenyi9/KV-PIM/attacc-fugue/output/KVChime-multi-model-TP4-20260907/kvchime/Fugue-asplos-raw/profiles/shared-f8936024dd21b694903c,1.381124,10240,1280,shared_MQ
shared-8dfeceb1ed677fa093e6,5698,4.381762,8,768,6144,7864320,35625369.6,2304,16,77070f05cc3873fc3b62210cc5a260fa232bdfb5ee07564f6294744556661e89,/data2/chenyi9/KV-PIM/attacc-fugue/output/KVChime-multi-model-TP4-20260907/kvchime/Fugue-asplos-raw/profiles/shared-8dfeceb1ed677fa093e6,1.381124,12288,1536,shared_MQ
shared-e12eb7fa7d7a5818fb44,6450,4.96005,8,896,7168,9175040,41504768.00000001,2560,16,62dddcefb96df63d87b0e2253aa44f03a0b63cd1908d452bd8ec796b611095cb,/data2/chenyi9/KV-PIM/attacc-fugue/output/KVChime-multi-model-TP4-20260907/kvchime/Fugue-asplos-raw/profiles/shared-e12eb7fa7d7a5818fb44,1.381124,14336,1792,shared_MQ
shared-4c7c587eed4ad6d0875d,6829,5.251501,8,1024,8192,10485760,47384166.400000006,2816,16,0a659632ce57545fc60736bdb916174b43ad673dcf697d0ee8e3728ef0b1307f,/data2/chenyi9/KV-PIM/attacc-fugue/output/KVChime-multi-model-TP4-20260907/kvchime/Fugue-asplos-raw/profiles/shared-4c7c587eed4ad6d0875d,1.381124,16384,2048,shared_MQ
shared-c6fbd70eba81443ae207,14600,11.2274,8,2056,16448,21053440,94892032.00000001,5120,16,dd3d858d10e27a968d8565ea3d361b919f0a583969ffc5b895a232aac500e906,/data2/chenyi9/KV-PIM/attacc-fugue/output/KVChime-multi-model-TP4-20260907/kvchime/Fugue-asplos-raw/profiles/shared-c6fbd70eba81443ae207,4.264874,32832,4104,shared_MQ
shared-d79750fa7b45095c17d8,14624,11.245856,8,2064,16512,21135360,95252480.0,5120,16,73aee7715de56937cf53a296cfef8aa7c36b27e44b5413c7f7f583f86de36a97,/data2/chenyi9/KV-PIM/attacc-fugue/output/KVChime-multi-model-TP4-20260907/kvchime/Fugue-asplos-raw/profiles/shared-d79750fa7b45095c17d8,4.264874,33024,4128,shared_MQ
shared-4e72b79fa04d034f73de,14672,11.282768,8,2080,16640,21299200,95973376.0,5120,16,45b4df47ac66d08e863c38bc0cdfccd10c2100115e67e4b888c9f4c604c784c3,/data2/chenyi9/KV-PIM/attacc-fugue/output/KVChime-multi-model-TP4-20260907/kvchime/Fugue-asplos-raw/profiles/shared-4e72b79fa04d034f73de,4.264874,33280,4160,shared_MQ
shared-aa36431ec2640343ade9,14764,11.353515999999999,8,2112,16896,21626880,97415168.0,5120,16,6b23f9be24a70bbe8aeb0b1f6a15a64fae66515536fe260c734675a9cf81dad9,/data2/chenyi9/KV-PIM/attacc-fugue/output/KVChime-multi-model-TP4-20260907/kvchime/Fugue-asplos-raw/profiles/shared-aa36431ec2640343ade9,4.264874,33792,4224,shared_MQ
shared-f32f12b6cf1ffa77620b,14990,11.52731,8,2176,17408,22282240,100298752.00000001,5120,16,6ccbdcc56f831eac038e6be6815bb85068f79e1d16395d229f7fc62e95ea4577,/data2/chenyi9/KV-PIM/attacc-fugue/output/KVChime-multi-model-TP4-20260907/kvchime/Fugue-asplos-raw/profiles/shared-f32f12b6cf1ffa77620b,4.264874,34816,4352,shared_MQ
shared-971457d57a81a64fc9c5,16184,12.445496,8,2304,18432,23592960,106178150.4,5376,16,2ee92380802711d19c1dd1e0e58354ea0d1d74ea3f9a5c3fb504079b6dd0f194,/data2/chenyi9/KV-PIM/attacc-fugue/output/KVChime-multi-model-TP4-20260907/kvchime/Fugue-asplos-raw/profiles/shared-971457d57a81a64fc9c5,4.264874,36864,4608,shared_MQ
shared-f73f5a0fed4df7475942,16675,12.823075000000001,8,2432,19456,24903680,112057548.80000001,5632,16,0307121ff3620f105f05a1ff0bc5301c923f66bcb03c4a2f83cea1987736257b,/data2/chenyi9/KV-PIM/attacc-fugue/output/KVChime-multi-model-TP4-20260907/kvchime/Fugue-asplos-raw/profiles/shared-f73f5a0fed4df7475942,4.264874,38912,4864,shared_MQ
shared-8f21945ba4bb9c65f073,17606,13.539014000000002,8,2560,20480,26214400,117936947.2,5888,16,3a58114acfdd12b566dca1a16d8fd48e1bde1aa168fc1314013d4cedc6af2e9f,/data2/chenyi9/KV-PIM/attacc-fugue/output/KVChime-multi-model-TP4-20260907/kvchime/Fugue-asplos-raw/profiles/shared-8f21945ba4bb9c65f073,4.264874,40960,5120,shared_MQ
